protein_id	source_proteome	C286	C287	C288	C289	C294	C298	clade01	clade02	clade03	clade04	clade05	clade06	clade07	clade08
EHM034692|EHA02331_bin.15_gene_0_3	C287	1	1	1	1	1	1	1	1	1	1	0	1	1	1
EHM034692|EHA02331_bin.15_gene_0_4	C287	1	1	1	1	1	1	1	1	1	1	1	1	1	1
EHM034692|EHA02331_bin.15_gene_0_5	C287	1	1	1	1	1	1	0	1	0	0	0	0	0	0
EHM034692|EHA02331_bin.15_gene_0_6	C287	1	1	1	1	1	1	0	0	0	0	0	0	0	0
EHM034692|EHA02331_bin.15_gene_0_7	C287	1	1	1	1	1	1	1	1	1	1	1	1	1	1
EHM034692|EHA02331_bin.15_gene_0_8	C287	1	1	1	1	0	1	1	1	1	1	0	1	1	1
EHM034692|EHA02331_bin.15_gene_0_9	C287	1	1	1	1	1	1	1	1	1	1	0	1	1	1
EHM034692|EHA02331_bin.15_gene_0_10	C287	1	1	1	1	1	1	1	1	1	1	1	1	1	1
EHM034692|EHA02331_bin.15_gene_0_11	C287	1	1	1	1	1	1	1	1	1	1	1	1	1	1
EHM034692|EHA02331_bin.15_gene_1_1	C287	1	1	1	1	0	1	0	0	0	0	1	1	1	0
EHM034692|EHA02331_bin.15_gene_2_1	C287	1	1	1	1	1	0	1	0	0	0	1	0	1	0
EHM034692|EHA02331_bin.15_gene_2_4	C287	1	1	1	1	0	1	1	1	0	0	1	1	0	0
EHM034692|EHA02331_bin.15_gene_2_5	C287	1	1	1	1	1	1	1	1	1	1	1	1	1	1
EHM034692|EHA02331_bin.15_gene_3_2	C287	1	1	0	1	0	0	0	0	0	0	0	0	0	0
EHM034692|EHA02331_bin.15_gene_4_3	C287	1	1	1	1	0	0	0	0	0	0	0	0	0	0
EHM034692|EHA02331_bin.15_gene_5_1	C287	1	1	1	1	1	1	1	1	1	1	0	1	1	1
EHM034692|EHA02331_bin.15_gene_5_2	C287	1	1	1	1	1	0	1	1	1	1	0	1	1	1
EHM034692|EHA02331_bin.15_gene_6_2	C287	1	1	0	0	0	0	1	0	0	0	0	0	0	0
EHM034692|EHA02331_bin.15_gene_7_5	C287	1	1	1	1	1	1	0	0	0	0	0	0	0	0
EHM034692|EHA02331_bin.15_gene_7_7	C287	1	1	1	1	1	1	0	1	1	1	1	1	1	1
EHM034692|EHA02331_bin.15_gene_7_8	C287	1	1	1	1	1	1	0	1	1	1	1	1	1	1
EHM034692|EHA02331_bin.15_gene_7_9	C287	1	1	1	1	1	1	1	1	1	1	1	1	1	1
EHM034692|EHA02331_bin.15_gene_8_1	C287	1	1	0	0	0	0	0	0	0	0	0	0	0	0
EHM034692|EHA02331_bin.15_gene_9_7	C287	1	1	1	1	0	0	1	1	1	0	1	1	1	0
EHM034692|EHA02331_bin.15_gene_9_8	C287	1	1	1	1	1	1	1	1	1	1	0	1	1	1
EHM034692|EHA02331_bin.15_gene_9_9	C287	1	1	1	1	1	1	1	1	1	1	1	1	1	1
EHM034692|EHA02331_bin.15_gene_10_1	C287	1	1	1	1	1	0	1	1	0	0	0	0	0	0
EHM034692|EHA02331_bin.15_gene_10_8	C287	1	1	1	1	1	1	1	0	0	0	1	1	1	0
EHM034692|EHA02331_bin.15_gene_11_2	C287	1	1	1	1	0	1	1	1	0	0	0	1	1	0
EHM034692|EHA02331_bin.15_gene_11_4	C287	1	1	1	1	1	1	1	1	1	1	1	0	0	1
EHM034692|EHA02331_bin.15_gene_12_3	C287	1	1	1	1	1	1	1	1	1	1	1	0	1	1
EHM034692|EHA02331_bin.15_gene_13_2	C287	1	1	1	1	0	1	1	0	0	1	0	0	1	1
EHM034692|EHA02331_bin.15_gene_13_3	C287	1	1	1	1	1	1	1	1	1	1	1	1	1	1
EHM034692|EHA02331_bin.15_gene_13_6	C287	1	1	1	1	0	1	0	1	0	1	1	0	1	1
EHM034692|EHA02331_bin.15_gene_13_7	C287	1	1	1	1	1	1	1	1	1	1	1	0	1	1
EHM034692|EHA02331_bin.15_gene_13_8	C287	1	1	1	1	1	1	1	1	0	0	1	1	0	0
EHM034692|EHA02331_bin.15_gene_13_9	C287	1	1	1	1	0	0	1	0	0	0	1	1	0	0
EHM034692|EHA02331_bin.15_gene_13_10	C287	1	1	1	1	1	1	1	1	0	0	0	1	0	0
EHM034692|EHA02331_bin.15_gene_13_12	C287	1	1	1	1	0	0	0	0	0	0	0	0	0	0
EHM034692|EHA02331_bin.15_gene_13_13	C287	1	1	1	1	1	1	0	0	0	0	1	1	0	0
EHM034692|EHA02331_bin.15_gene_13_14	C287	1	1	1	1	1	1	0	1	0	0	1	1	0	0
EHM034692|EHA02331_bin.15_gene_13_15	C287	1	1	0	1	0	1	1	1	0	0	0	1	1	1
EHM034692|EHA02331_bin.15_gene_15_2	C287	1	1	1	1	1	1	1	1	1	1	1	1	1	1
EHM034692|EHA02331_bin.15_gene_15_3	C287	1	1	1	1	1	1	1	1	1	1	1	1	0	1
EHM034692|EHA02331_bin.15_gene_15_4	C287	1	1	1	1	1	1	1	1	1	1	1	1	0	1
EHM034692|EHA02331_bin.15_gene_15_7	C287	1	1	1	1	1	1	1	1	1	1	1	1	1	1
EHM034692|EHA02331_bin.15_gene_15_8	C287	1	1	1	1	1	1	1	1	1	1	1	1	1	1
EHM034692|EHA02331_bin.15_gene_15_9	C287	1	1	1	1	1	1	1	1	1	1	1	1	1	1
EHM034692|EHA02331_bin.15_gene_15_10	C287	1	1	1	1	1	1	1	1	1	1	1	1	1	1
EHM034692|EHA02331_bin.15_gene_15_11	C287	1	1	1	1	1	1	1	1	1	1	1	1	0	1
EHM034692|EHA02331_bin.15_gene_16_2	C287	1	1	1	1	1	1	0	0	0	0	0	1	0	0
EHM034692|EHA02331_bin.15_gene_17_1	C287	1	1	1	1	1	1	1	1	0	0	0	1	0	0
EHM034692|EHA02331_bin.15_gene_17_3	C287	1	1	1	1	1	1	0	1	1	1	0	1	1	0
EHM034692|EHA02331_bin.15_gene_17_4	C287	1	1	1	1	1	1	1	1	1	1	1	1	1	1
EHM034692|EHA02331_bin.15_gene_18_1	C287	1	1	1	1	1	1	1	1	1	1	1	0	1	1
EHM034692|EHA02331_bin.15_gene_18_2	C287	1	1	1	1	1	1	1	1	1	1	1	1	1	1
EHM034692|EHA02331_bin.15_gene_18_3	C287	1	1	1	1	1	1	1	1	1	1	1	0	1	1
EHM034692|EHA02331_bin.15_gene_18_4	C287	1	1	1	1	1	1	1	1	1	0	1	0	1	1
EHM034692|EHA02331_bin.15_gene_18_5	C287	1	1	1	1	1	1	1	1	1	1	1	0	1	1
EHM034692|EHA02331_bin.15_gene_18_6	C287	1	1	1	1	1	1	1	1	1	1	1	0	1	1
EHM034692|EHA02331_bin.15_gene_18_7	C287	1	1	1	1	1	1	1	1	1	1	1	0	1	1
EHM034692|EHA02331_bin.15_gene_18_8	C287	1	1	1	1	1	1	0	1	0	0	1	0	0	0
EHM034692|EHA02331_bin.15_gene_18_10	C287	1	1	0	1	1	1	1	1	1	0	1	0	1	1
EHM034692|EHA02331_bin.15_gene_19_1	C287	1	1	1	1	1	1	1	0	0	1	1	1	0	0
EHM034692|EHA02331_bin.15_gene_19_2	C287	1	1	1	1	1	1	1	0	1	0	1	1	1	1
EHM034692|EHA02331_bin.15_gene_20_3	C287	1	1	0	0	0	0	0	0	1	0	0	0	0	0
EHM034692|EHA02331_bin.15_gene_21_1	C287	1	1	1	1	0	1	0	0	0	0	0	0	0	0
EHM034692|EHA02331_bin.15_gene_21_2	C287	1	1	1	1	1	1	0	1	1	0	1	1	0	0
EHM034692|EHA02331_bin.15_gene_21_3	C287	1	1	1	1	1	1	1	1	0	1	1	0	1	0
EHM034692|EHA02331_bin.15_gene_21_4	C287	1	1	1	1	1	1	1	1	1	1	1	1	1	1
EHM034692|EHA02331_bin.15_gene_21_5	C287	1	1	1	1	1	1	1	1	1	0	1	1	1	1
EHM034692|EHA02331_bin.15_gene_21_6	C287	1	1	1	1	1	1	1	1	1	1	0	1	1	1
EHM034692|EHA02331_bin.15_gene_21_7	C287	1	1	1	1	1	1	0	1	1	1	1	0	1	1
EHM034692|EHA02331_bin.15_gene_21_8	C287	1	1	1	1	1	1	0	1	1	1	1	1	1	1
EHM034692|EHA02331_bin.15_gene_22_2	C287	1	1	1	1	1	0	1	0	0	0	1	0	0	0
EHM034692|EHA02331_bin.15_gene_22_3	C287	1	1	1	1	1	1	0	0	0	0	1	1	0	0
EHM034692|EHA02331_bin.15_gene_22_4	C287	1	1	1	1	1	1	1	0	0	0	0	1	0	0
EHM034692|EHA02331_bin.15_gene_23_1	C287	1	1	1	1	1	1	0	1	1	1	0	1	1	1
EHM034692|EHA02331_bin.15_gene_23_2	C287	1	1	1	1	1	1	0	1	1	1	0	1	1	1
EHM034692|EHA02331_bin.15_gene_23_3	C287	1	1	1	1	1	1	0	1	1	1	0	1	1	1
EHM034692|EHA02331_bin.15_gene_23_5	C287	1	1	1	1	1	1	0	1	1	1	1	1	1	1
EHM034692|EHA02331_bin.15_gene_23_6	C287	1	1	1	1	1	1	1	1	1	1	0	1	1	1
EHM034692|EHA02331_bin.15_gene_23_7	C287	1	1	1	0	1	1	1	1	1	1	0	1	1	1
EHM034692|EHA02331_bin.15_gene_23_8	C287	1	1	1	0	1	1	1	1	1	1	0	0	1	1
EHM034692|EHA02331_bin.15_gene_23_9	C287	1	1	1	0	1	1	1	1	1	1	0	0	1	1
EHM034692|EHA02331_bin.15_gene_23_10	C287	1	1	1	0	1	1	1	1	1	1	1	0	1	1
EHM034692|EHA02331_bin.15_gene_24_1	C287	1	1	1	1	1	1	0	1	1	1	0	0	1	1
EHM034692|EHA02331_bin.15_gene_24_3	C287	1	1	1	1	0	1	0	0	0	0	0	0	0	0
EHM034692|EHA02331_bin.15_gene_24_5	C287	1	1	1	1	1	1	1	1	1	1	1	1	1	1
EHM034692|EHA02331_bin.15_gene_24_6	C287	1	1	1	1	1	1	1	0	1	1	1	1	1	1
EHM034692|EHA02331_bin.15_gene_24_7	C287	1	1	1	1	0	1	0	0	1	0	0	0	0	0
EHM034692|EHA02331_bin.15_gene_24_11	C287	1	1	1	1	1	1	1	1	1	1	1	1	1	1
EHM034692|EHA02331_bin.15_gene_24_12	C287	1	1	1	1	1	1	1	1	1	1	1	1	1	1
EHM034692|EHA02331_bin.15_gene_24_13	C287	1	1	1	1	1	1	1	1	1	0	1	1	1	1
EHM034692|EHA02331_bin.15_gene_24_14	C287	1	1	1	1	1	1	1	1	1	1	0	1	0	1
EHM034692|EHA02331_bin.15_gene_24_15	C287	1	1	1	1	1	1	1	1	1	1	1	1	1	1
EHM034692|EHA02331_bin.15_gene_24_16	C287	1	1	1	1	1	1	1	1	1	1	1	1	1	1
EHM034692|EHA02331_bin.15_gene_24_17	C287	1	1	1	1	1	1	1	1	1	1	1	1	1	1
EHM034692|EHA02331_bin.15_gene_24_18	C287	1	1	1	0	1	1	0	1	1	1	1	1	1	1
EHM034692|EHA02331_bin.15_gene_24_23	C287	1	1	0	0	0	0	0	0	0	0	0	1	0	0
EHM034692|EHA02331_bin.15_gene_25_1	C287	1	1	1	1	0	1	0	1	1	1	1	1	1	1
EHM034692|EHA02331_bin.15_gene_25_2	C287	1	1	1	1	0	1	0	1	0	0	1	1	0	0
EHM034692|EHA02331_bin.15_gene_25_5	C287	1	1	1	1	1	1	1	1	1	0	1	1	1	0
EHM034692|EHA02331_bin.15_gene_25_12	C287	1	1	1	1	1	1	1	1	0	0	1	1	1	0
EHM034692|EHA02331_bin.15_gene_25_14	C287	1	1	1	1	1	1	1	1	1	1	1	1	1	1
EHM034692|EHA02331_bin.15_gene_25_15	C287	1	1	1	1	1	1	1	1	1	1	0	1	1	1
EHM034692|EHA02331_bin.15_gene_25_16	C287	1	1	1	1	1	1	1	1	1	1	0	1	1	1
EHM034692|EHA02331_bin.15_gene_25_17	C287	1	1	1	1	1	1	1	1	0	1	0	1	1	1
EHM034692|EHA02331_bin.15_gene_25_18	C287	1	1	1	1	1	1	1	1	1	0	0	1	1	1
EHM034692|EHA02331_bin.15_gene_25_19	C287	1	1	1	1	1	1	1	1	1	0	0	1	1	1
EHM034692|EHA02331_bin.15_gene_25_20	C287	1	1	1	1	1	1	1	1	1	0	0	1	0	1
EHM034692|EHA02331_bin.15_gene_25_21	C287	1	1	1	1	1	1	1	1	1	0	0	1	0	1
EHM034692|EHA02331_bin.15_gene_25_22	C287	1	1	1	1	1	1	1	1	1	0	0	1	0	1
EHM034692|EHA02331_bin.15_gene_25_23	C287	1	1	1	1	1	1	1	1	1	0	1	1	0	1
EHM034692|EHA02331_bin.15_gene_25_24	C287	1	1	1	1	1	1	0	1	1	0	1	1	1	1
EHM034692|EHA02331_bin.15_gene_25_26	C287	1	1	1	1	1	1	0	1	1	0	0	1	1	1
EHM034692|EHA02331_bin.15_gene_25_27	C287	1	1	1	1	1	1	0	1	1	1	0	1	1	1
EHM034692|EHA02331_bin.15_gene_25_28	C287	1	1	1	1	1	1	0	1	1	1	0	1	1	1
EHM034692|EHA02331_bin.15_gene_25_29	C287	1	1	1	1	1	1	0	1	1	1	0	1	1	1
EHM034692|EHA02331_bin.15_gene_25_30	C287	1	1	1	1	1	1	0	1	1	1	0	1	1	1
EHM034692|EHA02331_bin.15_gene_25_31	C287	1	1	1	1	0	1	0	1	1	0	0	1	1	1
EHM034692|EHA02331_bin.15_gene_25_32	C287	1	1	1	1	1	1	0	1	1	0	0	1	1	1
EHM034692|EHA02331_bin.15_gene_25_33	C287	1	1	1	1	1	1	0	1	1	0	0	1	1	1
EHM034692|EHA02331_bin.15_gene_25_34	C287	1	1	1	1	1	1	0	1	1	0	0	1	1	1
EHM034692|EHA02331_bin.15_gene_25_35	C287	1	1	1	1	1	1	0	1	1	0	0	1	1	1
EHM034692|EHA02331_bin.15_gene_25_36	C287	1	1	1	1	1	1	0	1	1	0	0	1	1	1
EHM034692|EHA02331_bin.15_gene_25_37	C287	1	1	1	1	1	1	0	1	1	0	0	1	1	1
EHM034692|EHA02331_bin.15_gene_26_4	C287	1	1	1	1	1	1	1	1	1	1	1	1	1	1
EHM034692|EHA02331_bin.15_gene_26_5	C287	1	1	1	1	1	1	1	1	1	0	1	1	1	1
EHM034692|EHA02331_bin.15_gene_27_6	C287	1	1	0	0	0	0	0	0	0	0	0	0	0	0
EHM034692|EHA02331_bin.15_gene_29_1	C287	1	1	1	1	1	1	1	1	1	1	0	1	1	1
EHM034692|EHA02331_bin.15_gene_29_2	C287	1	1	1	1	1	1	1	1	1	1	1	1	1	1
EHM034692|EHA02331_bin.15_gene_29_5	C287	1	1	1	1	1	1	1	1	1	1	1	0	1	1
EHM034692|EHA02331_bin.15_gene_29_6	C287	1	1	1	1	1	1	1	1	1	1	0	0	1	1
EHM034692|EHA02331_bin.15_gene_29_7	C287	1	1	1	1	1	1	1	1	1	1	0	1	1	1
EHM034692|EHA02331_bin.15_gene_30_2	C287	1	1	1	1	1	1	0	1	1	1	1	0	1	1
EHM034692|EHA02331_bin.15_gene_32_1	C287	1	1	0	0	0	0	0	0	0	0	0	0	0	0
EHM034692|EHA02331_bin.15_gene_32_2	C287	1	1	1	1	1	1	0	1	1	1	1	1	1	1
EHM034692|EHA02331_bin.15_gene_32_5	C287	1	1	1	1	1	1	1	1	1	1	1	1	1	1
EHM034692|EHA02331_bin.15_gene_32_6	C287	1	1	1	1	1	1	1	1	1	1	1	1	1	1
EHM034692|EHA02331_bin.15_gene_33_3	C287	1	1	1	1	1	1	1	1	1	1	1	1	1	1
EHM034692|EHA02331_bin.15_gene_33_4	C287	1	1	1	1	1	1	1	1	1	1	1	1	1	1
EHM034692|EHA02331_bin.15_gene_33_5	C287	1	1	1	1	1	1	0	1	0	0	1	1	0	0
EHM034692|EHA02331_bin.15_gene_33_6	C287	1	1	0	1	1	1	1	1	1	1	1	1	1	1
EHM034692|EHA02331_bin.15_gene_33_7	C287	1	1	1	1	1	1	1	1	1	1	1	1	1	1
EHM034692|EHA02331_bin.15_gene_33_8	C287	1	1	1	1	1	1	1	1	1	1	1	1	1	1
EHM034692|EHA02331_bin.15_gene_34_4	C287	1	1	1	1	0	0	0	0	1	0	0	0	0	0
EHM034692|EHA02331_bin.15_gene_34_7	C287	1	1	1	1	1	1	0	1	0	0	0	0	1	1
EHM034692|EHA02331_bin.15_gene_35_1	C287	1	1	1	1	0	1	0	0	0	0	0	0	0	0
EHM034692|EHA02331_bin.15_gene_35_2	C287	1	1	1	1	1	1	1	1	1	1	1	1	1	1
EHM034692|EHA02331_bin.15_gene_35_3	C287	1	1	1	1	1	1	1	1	1	1	1	1	1	1
EHM034692|EHA02331_bin.15_gene_35_4	C287	1	1	1	1	1	1	0	0	0	0	1	1	0	0
EHM034692|EHA02331_bin.15_gene_36_1	C287	1	1	1	1	0	0	0	0	0	0	0	0	1	0
EHM034692|EHA02331_bin.15_gene_36_2	C287	1	1	1	1	1	0	0	0	0	0	0	0	0	0
EHM034692|EHA02331_bin.15_gene_37_1	C287	1	1	1	1	1	1	1	1	1	1	1	1	1	1
EHM034692|EHA02331_bin.15_gene_37_2	C287	1	1	1	1	0	0	0	0	0	0	0	0	0	0
EHM034692|EHA02331_bin.15_gene_37_3	C287	1	1	1	1	1	0	1	1	1	1	1	1	1	1
EHM034692|EHA02331_bin.15_gene_37_4	C287	1	1	1	1	1	0	0	0	0	0	0	0	0	1
EHM034692|EHA02331_bin.15_gene_38_2	C287	1	1	0	0	0	0	0	0	0	0	0	0	0	0
EHM034692|EHA02331_bin.15_gene_38_3	C287	1	1	0	0	0	0	0	0	0	0	0	0	0	0
EHM034692|EHA02331_bin.15_gene_40_1	C287	1	1	1	1	1	0	0	0	0	0	0	0	0	0
EHM034692|EHA02331_bin.15_gene_40_2	C287	1	1	1	1	1	1	1	1	1	1	1	1	1	1
EHM034692|EHA02331_bin.15_gene_40_3	C287	1	1	1	1	1	1	1	1	1	1	1	1	1	1
EHM034692|EHA02331_bin.15_gene_41_4	C287	1	1	1	1	1	1	0	1	1	1	1	0	1	1
EHM034692|EHA02331_bin.15_gene_42_1	C287	1	1	1	1	0	0	0	0	0	0	1	1	0	0
EHM034692|EHA02331_bin.15_gene_42_2	C287	1	1	1	1	1	1	1	0	0	0	1	1	1	0
EHM034692|EHA02331_bin.15_gene_44_1	C287	1	1	1	1	1	1	1	1	1	1	1	1	1	1
EHM034692|EHA02331_bin.15_gene_44_2	C287	1	1	1	1	1	1	1	1	0	0	1	0	0	0
EHM034692|EHA02331_bin.15_gene_44_3	C287	1	1	1	1	1	1	1	1	1	1	1	1	1	0
EHM034692|EHA02331_bin.15_gene_44_4	C287	1	1	1	1	1	0	0	1	1	1	1	1	0	1
EHM034692|EHA02331_bin.15_gene_44_5	C287	1	1	1	1	1	1	1	1	1	1	1	1	1	1
EHM034692|EHA02331_bin.15_gene_45_1	C287	1	1	1	1	1	1	0	1	0	0	1	0	0	0
EHM034692|EHA02331_bin.15_gene_45_2	C287	1	1	1	1	1	1	1	1	0	0	1	0	1	0
EHM034692|EHA02331_bin.15_gene_45_3	C287	1	1	1	1	1	1	1	1	1	1	1	0	1	1
EHM034692|EHA02331_bin.15_gene_45_4	C287	1	1	1	1	1	1	1	1	0	0	1	0	0	0
EHM034692|EHA02331_bin.15_gene_45_5	C287	1	1	1	1	0	1	1	0	0	0	0	0	0	0
EHM034692|EHA02331_bin.15_gene_46_2	C287	1	1	1	1	1	1	1	1	1	1	0	1	1	1
EHM034692|EHA02331_bin.15_gene_47_1	C287	1	1	1	1	1	1	1	1	1	1	1	1	1	1
EHM034692|EHA02331_bin.15_gene_47_2	C287	1	1	1	1	1	1	1	1	1	1	1	0	1	1
EHM034692|EHA02331_bin.15_gene_47_3	C287	1	1	1	1	1	1	0	1	1	1	1	1	1	1
EHM034692|EHA02331_bin.15_gene_47_4	C287	1	1	1	1	1	1	1	1	1	1	1	1	1	1
EHM034692|EHA02331_bin.15_gene_47_5	C287	1	1	1	1	1	1	1	1	0	0	1	1	0	0
EHM034692|EHA02331_bin.15_gene_47_6	C287	1	1	1	1	1	1	1	1	1	1	1	1	1	1
EHM034692|EHA02331_bin.15_gene_47_7	C287	1	1	1	1	1	1	1	1	1	1	1	1	1	1
EHM034692|EHA02331_bin.15_gene_47_13	C287	1	1	1	1	1	1	1	1	0	0	1	1	0	0
EHM034692|EHA02331_bin.15_gene_47_14	C287	1	1	1	1	1	1	1	1	1	1	1	1	1	1
EHM034692|EHA02331_bin.15_gene_47_15	C287	1	1	1	1	1	1	1	1	1	1	1	1	0	1
EHM034692|EHA02331_bin.15_gene_47_16	C287	1	1	1	1	0	0	0	0	0	0	0	0	0	0
EHM034692|EHA02331_bin.15_gene_47_17	C287	1	1	1	1	1	1	1	1	1	1	1	1	1	1
EHM034692|EHA02331_bin.15_gene_47_18	C287	1	1	1	1	1	0	0	1	1	1	0	1	1	1
EHM034692|EHA02331_bin.15_gene_48_1	C287	1	1	1	1	0	1	0	0	0	0	0	0	0	0
EHM034692|EHA02331_bin.15_gene_49_1	C287	1	1	1	1	1	1	1	1	1	1	1	1	1	1
EHM034692|EHA02331_bin.15_gene_49_2	C287	1	1	1	1	1	1	1	1	1	1	1	1	1	1
EHM034692|EHA02331_bin.15_gene_49_3	C287	1	1	1	1	1	1	1	1	1	1	1	1	1	1
EHM034692|EHA02331_bin.15_gene_49_6	C287	1	1	1	1	0	1	0	0	0	0	0	1	0	0
EHM034692|EHA02331_bin.15_gene_49_8	C287	1	1	1	1	1	1	1	0	0	0	1	1	0	0
EHM034692|EHA02331_bin.15_gene_49_9	C287	1	1	1	1	1	1	0	1	1	1	1	1	1	1
EHM034692|EHA02331_bin.15_gene_49_10	C287	1	1	1	1	1	1	1	1	0	0	1	1	0	0
EHM034692|EHA02331_bin.15_gene_49_11	C287	1	1	1	1	1	1	1	1	1	1	1	1	1	1
EHM034692|EHA02331_bin.15_gene_49_13	C287	1	1	1	1	1	1	1	1	1	1	0	1	1	1
EHM034692|EHA02331_bin.15_gene_50_1	C287	1	1	1	1	1	1	0	1	0	0	0	1	0	0
EHM034692|EHA02331_bin.15_gene_50_2	C287	1	1	1	1	1	1	1	1	1	1	0	1	1	1
EHM034692|EHA02331_bin.15_gene_50_3	C287	1	1	1	1	0	1	0	0	0	0	0	1	0	0
EHM034692|EHA02331_bin.15_gene_50_4	C287	1	1	1	1	0	1	1	0	0	1	1	1	0	1
EHM034692|EHA02331_bin.15_gene_50_5	C287	1	1	1	1	1	1	1	1	1	1	0	0	0	1
EHM034692|EHA02331_bin.15_gene_51_1	C287	1	1	1	1	0	1	1	1	1	1	1	0	0	1
EHM034692|EHA02331_bin.15_gene_51_2	C287	1	1	1	1	0	1	0	1	0	1	0	0	0	0
EHM034692|EHA02331_bin.15_gene_51_3	C287	1	1	1	1	0	0	1	0	1	1	0	0	0	1
EHM034692|EHA02331_bin.15_gene_52_1	C287	1	1	1	1	1	1	1	1	0	0	1	1	0	0
EHM034692|EHA02331_bin.15_gene_52_2	C287	1	1	1	1	0	1	0	0	0	0	0	0	0	0
EHM034692|EHA02331_bin.15_gene_52_4	C287	1	1	1	1	1	1	1	1	1	1	0	1	1	1
EHM034692|EHA02331_bin.15_gene_53_2	C287	1	1	1	1	1	1	1	1	0	0	1	1	0	0
EHM034692|EHA02331_bin.15_gene_53_3	C287	1	1	1	1	1	1	1	1	1	1	0	1	1	1
EHM034692|EHA02331_bin.15_gene_53_6	C287	1	1	1	1	0	1	1	0	0	0	1	1	0	0
EHM034692|EHA02331_bin.15_gene_53_7	C287	1	1	1	1	1	1	0	1	0	0	0	1	0	0
EHM034692|EHA02331_bin.15_gene_53_8	C287	1	1	1	1	1	1	0	0	1	1	0	0	1	0
EHM034692|EHA02331_bin.15_gene_53_9	C287	1	1	1	1	1	1	0	0	0	0	0	0	0	0
EHM034692|EHA02331_bin.15_gene_53_10	C287	1	1	1	1	1	1	1	1	1	1	1	0	1	1
EHM034692|EHA02331_bin.15_gene_53_11	C287	1	1	1	1	1	1	1	1	0	0	1	1	0	0
EHM034692|EHA02331_bin.15_gene_53_12	C287	1	1	1	1	1	1	1	1	1	0	1	1	1	1
EHM034692|EHA02331_bin.15_gene_53_13	C287	1	1	1	1	1	1	0	1	1	1	1	1	1	1
EHM034692|EHA02331_bin.15_gene_53_14	C287	1	1	1	1	1	1	1	0	1	0	1	1	1	1
EHM034692|EHA02331_bin.15_gene_53_15	C287	1	1	1	1	1	1	1	1	1	1	0	1	1	1
EHM034692|EHA02331_bin.15_gene_53_17	C287	1	1	1	1	1	1	1	1	1	1	1	1	1	1
EHM034692|EHA02331_bin.15_gene_54_1	C287	1	1	1	1	0	1	0	0	0	0	0	1	0	1
EHM034692|EHA02331_bin.15_gene_54_2	C287	1	1	1	1	1	1	0	1	0	0	0	0	0	0
EHM034692|EHA02331_bin.15_gene_55_1	C287	1	1	1	1	1	1	1	1	1	1	1	1	1	1
EHM034692|EHA02331_bin.15_gene_55_2	C287	1	1	1	1	1	0	0	0	0	0	0	0	0	0
EHM034692|EHA02331_bin.15_gene_55_3	C287	1	1	1	1	1	1	0	0	0	0	0	0	0	0
EHM034692|EHA02331_bin.15_gene_55_4	C287	1	1	1	1	1	1	1	1	0	0	1	1	0	0
EHM034692|EHA02331_bin.15_gene_55_5	C287	1	1	1	1	0	1	1	1	1	1	1	1	0	0
EHM034692|EHA02331_bin.15_gene_55_6	C287	1	1	1	1	1	1	0	0	0	1	0	1	1	1
EHM034692|EHA02331_bin.15_gene_55_7	C287	1	1	1	1	1	1	0	1	1	1	1	1	1	1
EHM034692|EHA02331_bin.15_gene_55_8	C287	1	1	1	1	1	1	0	0	0	0	0	1	0	0
EHM034692|EHA02331_bin.15_gene_55_9	C287	1	1	1	1	1	1	1	1	0	0	1	1	0	0
EHM034692|EHA02331_bin.15_gene_55_10	C287	1	1	1	1	1	1	1	1	1	1	0	1	1	1
EHM034692|EHA02331_bin.15_gene_55_11	C287	1	1	1	1	1	1	1	1	0	1	0	1	1	1
EHM034692|EHA02331_bin.15_gene_55_12	C287	1	1	1	1	1	1	1	1	1	1	0	1	1	1
EHM034692|EHA02331_bin.15_gene_55_13	C287	1	1	1	1	1	1	1	1	1	1	0	1	1	1
EHM034692|EHA02331_bin.15_gene_55_15	C287	1	1	1	1	1	1	1	1	1	0	1	1	1	1
EHM034692|EHA02331_bin.15_gene_55_16	C287	1	1	1	1	0	0	0	0	0	0	0	0	0	0
EHM034692|EHA02331_bin.15_gene_55_17	C287	1	1	1	1	1	1	0	0	0	0	1	1	0	0
EHM034692|EHA02331_bin.15_gene_55_19	C287	1	1	1	1	1	1	1	1	1	1	1	1	1	1
EHM034692|EHA02331_bin.15_gene_55_28	C287	1	1	1	1	1	1	1	1	1	0	1	1	0	1
EHM034692|EHA02331_bin.15_gene_55_29	C287	1	1	1	1	1	1	1	1	1	1	1	1	0	0
EHM034692|EHA02331_bin.15_gene_55_30	C287	1	1	1	1	1	1	1	1	1	1	1	1	1	1
EHM034692|EHA02331_bin.15_gene_55_31	C287	1	1	1	1	1	1	1	1	1	1	1	1	1	1
EHM034692|EHA02331_bin.15_gene_55_33	C287	1	1	1	1	1	0	0	0	0	0	0	0	0	0
EHM034692|EHA02331_bin.15_gene_55_37	C287	1	1	1	1	1	1	0	1	1	1	1	1	1	1
EHM034692|EHA02331_bin.15_gene_55_38	C287	1	1	1	1	1	1	0	1	1	1	1	1	1	1
EHM034692|EHA02331_bin.15_gene_55_39	C287	1	1	1	1	1	1	0	1	1	1	1	1	1	1
EHM034692|EHA02331_bin.15_gene_55_43	C287	1	1	1	1	0	1	1	1	1	1	1	0	0	1
EHM034692|EHA02331_bin.15_gene_56_3	C287	1	1	0	0	1	0	0	1	1	0	0	1	0	1
EHM034692|EHA02331_bin.15_gene_57_1	C287	1	1	1	1	1	1	1	1	0	0	1	1	0	0
EHM034692|EHA02331_bin.15_gene_57_2	C287	1	1	1	1	1	1	0	1	1	1	1	1	1	1
EHM034692|EHA02331_bin.15_gene_57_3	C287	1	1	1	1	1	1	1	1	1	0	1	1	1	1
EHM034692|EHA02331_bin.15_gene_58_2	C287	1	1	1	0	0	0	0	1	1	1	0	1	0	1
EHM034692|EHA02331_bin.15_gene_58_3	C287	1	1	1	1	1	1	1	1	1	1	0	1	0	1
EHM034692|EHA02331_bin.15_gene_58_4	C287	1	1	1	1	0	1	0	0	0	0	0	0	0	0
EHM034692|EHA02331_bin.15_gene_58_7	C287	1	1	1	1	1	1	0	0	0	0	1	0	0	0
EHM034692|EHA02331_bin.15_gene_58_9	C287	1	1	1	1	1	1	1	1	1	1	1	0	1	1
EHM034692|EHA02331_bin.15_gene_58_10	C287	1	1	1	1	1	1	0	1	1	1	1	0	1	1
EHM034692|EHA02331_bin.15_gene_59_2	C287	1	1	1	1	1	0	0	0	0	0	1	1	0	1
EHM034692|EHA02331_bin.15_gene_59_3	C287	1	1	1	1	1	0	1	1	0	0	1	1	0	0
EHM034692|EHA02331_bin.15_gene_59_4	C287	1	1	1	1	1	0	1	1	1	1	0	1	1	1
EHM034692|EHA02331_bin.15_gene_59_5	C287	1	1	1	1	1	1	0	1	1	1	0	1	1	1
EHM034692|EHA02331_bin.15_gene_59_7	C287	1	1	1	1	1	1	1	1	1	1	1	1	0	1
EHM034692|EHA02331_bin.15_gene_59_9	C287	1	1	1	1	1	1	1	1	1	1	1	1	1	1
EHM034692|EHA02331_bin.15_gene_59_10	C287	1	1	1	1	0	1	0	1	1	1	1	1	0	1
EHM034692|EHA02331_bin.15_gene_59_12	C287	1	1	1	1	0	0	0	0	0	0	0	0	0	0
EHM034692|EHA02331_bin.15_gene_59_18	C287	1	1	1	1	1	1	0	1	1	1	1	1	1	1
EHM034692|EHA02331_bin.15_gene_59_19	C287	1	1	1	1	1	1	1	1	1	1	1	1	1	1
EHM034692|EHA02331_bin.15_gene_59_20	C287	1	1	1	1	1	1	1	1	1	1	1	1	1	1
EHM034692|EHA02331_bin.15_gene_59_22	C287	1	1	1	1	1	1	1	1	1	1	0	1	1	1
EHM034692|EHA02331_bin.15_gene_59_24	C287	1	1	1	1	0	0	0	1	1	1	1	0	1	1
EHM034692|EHA02331_bin.15_gene_59_25	C287	1	1	1	1	1	1	1	1	1	1	1	1	1	1
EHM034692|EHA02331_bin.15_gene_59_26	C287	1	1	1	1	1	1	1	1	0	0	1	1	1	0
EHM034692|EHA02331_bin.15_gene_59_28	C287	1	1	1	1	1	1	1	1	1	1	1	1	1	1
EHM034692|EHA02331_bin.15_gene_59_29	C287	1	1	1	1	1	1	1	1	1	1	1	0	1	1
EHM034692|EHA02331_bin.15_gene_59_31	C287	1	1	1	1	1	1	1	1	1	1	1	1	1	1
EHM034692|EHA02331_bin.15_gene_59_34	C287	1	1	1	1	1	1	1	0	1	0	1	1	0	0
EHM034692|EHA02331_bin.15_gene_59_35	C287	1	1	1	1	0	0	0	1	0	0	1	1	0	0
EHM034692|EHA02331_bin.15_gene_59_36	C287	1	1	1	1	1	1	1	0	0	1	1	1	0	1
EHM034692|EHA02331_bin.15_gene_59_37	C287	1	1	1	1	1	1	1	0	0	1	1	1	0	0
EHM034692|EHA02331_bin.15_gene_59_38	C287	1	1	1	1	1	1	1	0	1	0	1	0	0	1
EHM034692|EHA02331_bin.15_gene_59_39	C287	1	1	1	1	0	1	0	1	0	0	1	0	0	0
EHM034692|EHA02331_bin.15_gene_59_40	C287	1	1	1	1	1	1	1	1	1	1	1	0	1	1
EHM034692|EHA02331_bin.15_gene_59_41	C287	1	1	1	1	1	1	1	1	1	1	1	1	0	1
EHM034692|EHA02331_bin.15_gene_60_3	C287	1	1	1	1	1	1	1	1	1	1	1	1	1	1
EHM034692|EHA02331_bin.15_gene_60_4	C287	1	1	1	1	1	1	1	1	1	1	1	1	0	1
EHM034692|EHA02331_bin.15_gene_60_5	C287	1	1	1	1	1	1	1	1	1	1	1	1	0	1
EHM034692|EHA02331_bin.15_gene_60_6	C287	1	1	1	1	1	1	1	1	1	1	1	1	0	0
EHM034692|EHA02331_bin.15_gene_60_8	C287	1	1	1	1	0	1	0	0	0	0	1	0	0	0
EHM034692|EHA02331_bin.15_gene_60_11	C287	1	1	1	1	0	0	0	0	0	0	0	0	0	0
EHM034692|EHA02331_bin.15_gene_60_12	C287	1	1	1	1	0	1	1	1	1	1	1	1	1	1
EHM034692|EHA02331_bin.15_gene_60_13	C287	1	1	1	1	1	1	1	1	1	1	1	1	1	1
EHM034692|EHA02331_bin.15_gene_60_14	C287	1	1	1	1	1	1	1	1	1	1	1	1	1	1
EHM034692|EHA02331_bin.15_gene_60_15	C287	1	1	1	1	1	1	1	1	1	1	1	1	0	1
EHM034692|EHA02331_bin.15_gene_60_18	C287	1	1	1	1	1	1	1	1	1	1	1	1	1	1
EHM034692|EHA02331_bin.15_gene_60_20	C287	1	1	1	1	1	1	1	1	1	1	1	1	1	1
EHM034692|EHA02331_bin.15_gene_60_21	C287	1	1	1	1	1	1	1	1	0	0	0	1	1	1
EHM034692|EHA02331_bin.15_gene_60_22	C287	1	1	1	1	1	1	1	1	1	1	0	1	1	1
EHM034692|EHA02331_bin.15_gene_60_23	C287	1	1	1	1	0	0	0	1	0	0	0	0	0	0
EHM034692|EHA02331_bin.15_gene_60_24	C287	1	1	1	1	1	1	1	1	1	1	1	1	1	1
EHM034692|EHA02331_bin.15_gene_61_4	C287	1	1	1	1	1	1	1	1	1	1	1	0	1	1
EHM034692|EHA02331_bin.15_gene_62_1	C287	1	1	1	1	1	1	1	1	0	1	1	1	0	1
EHM034692|EHA02331_bin.15_gene_62_2	C287	1	1	1	1	1	1	1	1	1	1	1	1	1	1
EHM034692|EHA02331_bin.15_gene_62_3	C287	1	1	1	1	1	1	1	1	1	1	1	1	1	1
EHM034692|EHA02331_bin.15_gene_62_4	C287	1	1	1	1	1	1	1	1	0	0	1	1	0	1
EHM034692|EHA02331_bin.15_gene_62_9	C287	1	1	1	1	1	0	1	1	0	0	0	1	0	0
EHM034692|EHA02331_bin.15_gene_62_12	C287	1	1	1	1	0	1	0	0	0	0	0	0	0	0
EHM034692|EHA02331_bin.15_gene_62_13	C287	1	1	1	1	1	1	1	1	1	1	1	1	0	0
EHM034692|EHA02331_bin.15_gene_62_14	C287	1	1	1	1	1	1	1	1	1	0	1	1	0	0
EHM034692|EHA02331_bin.15_gene_62_15	C287	1	1	1	1	1	1	1	1	1	1	1	0	1	1
EHM034692|EHA02331_bin.15_gene_62_21	C287	1	1	1	1	1	1	1	1	1	1	1	1	1	1
EHM034692|EHA02331_bin.15_gene_62_22	C287	1	1	1	1	1	1	1	1	1	1	1	1	1	1
EHM034692|EHA02331_bin.15_gene_62_23	C287	1	1	1	1	1	1	1	1	1	1	1	1	1	1
EHM034692|EHA02331_bin.15_gene_62_24	C287	1	1	1	1	1	1	1	1	1	1	1	1	1	1
EHM034692|EHA02331_bin.15_gene_62_26	C287	1	1	1	1	0	1	0	0	0	0	0	0	0	0
EHM034692|EHA02331_bin.15_gene_62_33	C287	1	1	1	1	1	1	1	1	1	1	1	1	1	1
EHM034692|EHA02331_bin.15_gene_62_34	C287	1	1	1	1	1	1	1	1	1	1	1	1	1	0
EHM034692|EHA02331_bin.15_gene_62_35	C287	1	1	1	1	1	1	1	1	1	1	1	1	1	1
EHM034692|EHA02331_bin.15_gene_62_36	C287	1	1	1	1	0	0	0	0	0	0	0	0	0	0
EHM034692|EHA02331_bin.15_gene_62_37	C287	1	1	1	1	1	0	0	0	0	0	0	0	0	0
EHM034692|EHA02331_bin.15_gene_62_40	C287	1	1	1	1	1	1	1	1	1	1	1	1	1	1
EHM034692|EHA02331_bin.15_gene_62_41	C287	1	1	1	1	1	1	1	1	1	1	1	1	1	1
EHM034692|EHA02331_bin.15_gene_62_44	C287	1	1	1	1	1	1	1	1	1	1	1	1	1	0
EHM034692|EHA02331_bin.15_gene_62_46	C287	1	1	1	1	1	1	0	0	0	0	0	1	0	0
EHM034692|EHA02331_bin.15_gene_62_49	C287	1	1	0	1	1	1	1	1	0	0	1	1	0	0
EHM034692|EHA02331_bin.15_gene_62_50	C287	1	1	0	0	0	1	1	0	0	0	0	0	0	0
EHM034692|EHA02331_bin.15_gene_62_51	C287	1	1	0	1	0	0	0	0	0	0	0	0	0	0
EHM034692|EHA02331_bin.15_gene_62_52	C287	1	1	1	1	1	1	0	0	0	0	0	0	0	0
EHM034692|EHA02331_bin.15_gene_62_53	C287	1	1	1	1	1	1	1	1	1	1	1	1	1	1
EHM034692|EHA02331_bin.15_gene_62_54	C287	1	1	1	1	1	1	1	1	1	0	1	1	1	1
EHM034692|EHA02331_bin.15_gene_62_56	C287	1	1	1	1	1	1	1	1	1	1	1	1	1	1
EHM034692|EHA02331_bin.15_gene_62_57	C287	1	1	1	1	1	1	0	1	1	1	1	1	1	1
EHM034692|EHA02331_bin.15_gene_62_62	C287	1	1	1	1	1	1	0	1	1	1	0	0	1	1
EHM034692|EHA02331_bin.15_gene_62_63	C287	1	1	1	1	1	1	0	1	1	1	0	0	1	1
EHM034692|EHA02331_bin.15_gene_62_65	C287	1	1	1	1	1	1	1	1	0	1	1	1	1	1
EHM034692|EHA02331_bin.15_gene_62_66	C287	1	1	1	1	1	1	1	1	1	1	1	1	1	1
EHM034692|EHA02331_bin.15_gene_62_67	C287	1	1	1	1	1	1	1	1	1	1	1	1	1	1
EHM034692|EHA02331_bin.15_gene_63_2	C287	1	1	1	1	0	0	0	0	0	1	0	0	0	0
EHM034692|EHA02331_bin.15_gene_63_3	C287	1	1	1	1	1	1	0	1	0	1	1	1	0	1
EHM034692|EHA02331_bin.15_gene_63_4	C287	1	1	1	1	1	1	1	1	1	1	0	1	0	1
EHM034692|EHA02331_bin.15_gene_63_5	C287	1	1	1	1	1	1	1	1	1	1	1	1	1	1
EHM034692|EHA02331_bin.15_gene_63_6	C287	1	1	1	1	1	1	1	1	1	1	1	1	1	1
EHM034692|EHA02331_bin.15_gene_63_7	C287	1	1	1	1	1	0	1	1	0	0	1	1	0	0
EHM034692|EHA02331_bin.15_gene_64_1	C287	1	1	1	1	0	0	0	0	0	0	0	0	1	1
EHM034692|EHA02331_bin.15_gene_64_2	C287	1	1	1	1	1	1	1	0	0	0	0	1	1	1
EHM034692|EHA02331_bin.15_gene_64_5	C287	1	1	1	1	1	0	1	1	1	1	1	1	1	1
EHM034692|EHA02331_bin.15_gene_66_1	C287	1	1	1	1	1	1	1	1	1	1	1	1	0	1
EHM034692|EHA02331_bin.15_gene_67_1	C287	1	1	1	1	1	1	1	0	1	1	1	1	0	1
EHM034692|EHA02331_bin.15_gene_67_2	C287	1	1	1	1	1	0	0	0	0	0	0	0	0	0
EHM034692|EHA02331_bin.15_gene_67_3	C287	1	1	1	1	1	1	0	1	0	0	1	1	0	1
EHM034692|EHA02331_bin.15_gene_67_4	C287	1	1	1	1	1	1	1	1	0	0	1	1	0	0
EHM034692|EHA02331_bin.15_gene_67_5	C287	1	1	1	1	1	1	1	1	1	1	1	1	1	1
EHM034692|EHA02331_bin.15_gene_68_1	C287	1	1	1	1	1	1	1	1	1	1	1	1	1	1
EHM034692|EHA02331_bin.15_gene_68_2	C287	1	1	1	1	1	1	0	1	0	0	1	1	0	0
EHM034692|EHA02331_bin.15_gene_68_3	C287	1	1	1	1	1	1	0	1	1	1	0	1	1	1
EHM034692|EHA02331_bin.15_gene_69_1	C287	1	1	1	1	1	1	0	0	0	0	0	0	0	0
EHM034692|EHA02331_bin.15_gene_69_2	C287	1	1	1	1	1	1	1	1	1	1	1	1	1	1
EHM034692|EHA02331_bin.15_gene_70_3	C287	1	1	1	1	1	1	0	1	1	1	1	0	1	1
EHM034692|EHA02331_bin.15_gene_70_4	C287	1	1	1	1	1	1	0	1	1	1	1	1	1	1
EHM034692|EHA02331_bin.15_gene_70_6	C287	1	1	1	1	1	1	0	1	1	0	1	0	1	1
EHM034692|EHA02331_bin.15_gene_70_7	C287	1	1	1	1	1	1	1	1	1	1	1	1	1	1
EHM034692|EHA02331_bin.15_gene_70_8	C287	1	1	1	1	1	1	1	1	1	1	0	1	1	1
EHM034692|EHA02331_bin.15_gene_71_1	C287	1	1	1	1	1	1	1	1	1	1	1	0	1	1
EHM034692|EHA02331_bin.15_gene_71_3	C287	1	1	1	1	1	1	0	0	0	0	0	0	0	0
EHM034692|EHA02331_bin.15_gene_71_5	C287	1	1	1	1	1	1	0	1	1	1	1	0	0	1
EHM034692|EHA02331_bin.15_gene_71_6	C287	1	1	1	1	1	1	0	1	1	1	1	0	0	1
EHM034692|EHA02331_bin.15_gene_71_7	C287	1	1	1	1	0	0	0	0	0	0	0	0	0	0
EHM034692|EHA02331_bin.15_gene_71_8	C287	1	1	1	1	1	0	0	0	0	0	0	0	0	0
EHM034692|EHA02331_bin.15_gene_71_9	C287	1	1	1	1	0	1	0	0	0	0	0	0	0	0
EHM034692|EHA02331_bin.15_gene_71_10	C287	1	1	0	0	1	0	0	0	0	0	0	0	0	0
EHM034692|EHA02331_bin.15_gene_71_12	C287	1	1	1	1	1	1	1	1	1	1	1	0	0	1
EHM034692|EHA02331_bin.15_gene_72_7	C287	1	1	0	0	0	0	0	1	0	0	0	0	0	0
EHM034692|EHA02331_bin.15_gene_73_3	C287	1	1	1	1	0	1	0	0	0	0	0	0	1	1
EHM034692|EHA02331_bin.15_gene_73_4	C287	1	1	1	1	1	1	1	1	1	1	0	1	1	1
EHM034692|EHA02331_bin.15_gene_73_5	C287	1	1	1	1	1	0	0	0	0	0	1	1	0	0
EHM034692|EHA02331_bin.15_gene_73_6	C287	1	1	1	1	1	1	0	0	0	0	0	0	0	0
EHM034692|EHA02331_bin.15_gene_73_7	C287	1	1	1	1	1	1	1	1	1	1	1	0	1	1
EHM034692|EHA02331_bin.15_gene_73_8	C287	1	1	1	1	1	1	0	0	0	0	0	0	1	0
EHM034692|EHA02331_bin.15_gene_73_9	C287	1	1	1	1	1	1	1	1	0	1	0	0	0	0
EHM034692|EHA02331_bin.15_gene_74_3	C287	1	1	1	1	1	1	1	1	1	1	1	1	1	1
EHM034692|EHA02331_bin.15_gene_74_4	C287	1	1	1	1	1	1	1	1	1	1	0	1	1	1
EHM034692|EHA02331_bin.15_gene_76_2	C287	1	1	1	1	1	1	0	1	1	1	1	1	1	1
EHM034692|EHA02331_bin.15_gene_76_3	C287	1	1	1	1	1	1	0	1	1	1	1	1	1	1
EHM034692|EHA02331_bin.15_gene_77_1	C287	1	1	1	1	0	0	0	0	0	0	0	0	0	0
EHM034692|EHA02331_bin.15_gene_77_3	C287	1	1	1	1	1	1	0	0	0	1	0	1	0	0
EHM034692|EHA02331_bin.15_gene_78_4	C287	1	1	1	1	1	0	1	1	1	1	0	1	1	1
EHM034692|EHA02331_bin.15_gene_81_2	C287	1	1	1	1	1	1	0	1	1	1	0	1	0	1
EHM034692|EHA02331_bin.15_gene_82_2	C287	1	1	1	1	1	1	1	1	1	1	1	1	0	1
EHM034692|EHA02331_bin.15_gene_82_3	C287	1	1	1	1	1	1	0	1	1	1	1	1	1	1
EHM034692|EHA02331_bin.15_gene_84_2	C287	1	1	1	1	1	1	1	0	0	1	1	1	0	1
EHM034692|EHA02331_bin.15_gene_85_1	C287	1	1	1	0	1	0	0	0	0	0	0	0	0	0
EHM034692|EHA02331_bin.15_gene_86_1	C287	1	1	1	1	1	1	1	1	1	1	1	1	1	1
EHM034692|EHA02331_bin.15_gene_87_2	C287	1	1	1	1	1	0	0	0	0	0	0	0	0	0
EHM034692|EHA02331_bin.15_gene_87_3	C287	1	1	1	1	1	1	1	1	0	0	1	1	0	0
EHM034692|EHA02331_bin.15_gene_87_4	C287	1	1	1	1	1	1	1	1	0	0	0	1	0	0
EHM034692|EHA02331_bin.15_gene_87_5	C287	1	1	1	1	1	1	1	1	0	0	1	0	0	0
EHM034692|EHA02331_bin.15_gene_87_6	C287	1	1	1	1	1	1	1	1	0	1	1	1	0	1
EHM034692|EHA02331_bin.15_gene_87_7	C287	1	1	1	1	1	1	1	1	1	1	1	1	1	1
EHM034692|EHA02331_bin.15_gene_87_12	C287	1	1	1	1	0	1	0	1	0	0	0	0	0	0
EHM034692|EHA02331_bin.15_gene_87_13	C287	1	1	1	1	1	0	0	0	0	0	0	0	0	0
EHM034692|EHA02331_bin.15_gene_87_14	C287	1	1	1	1	1	0	1	0	0	0	1	1	0	0
EHM034692|EHA02331_bin.15_gene_87_18	C287	1	1	1	1	0	1	0	0	0	0	1	0	0	0
EHM034692|EHA02331_bin.15_gene_87_19	C287	1	1	1	1	1	1	1	0	0	0	0	0	0	0
EHM034692|EHA02331_bin.15_gene_87_20	C287	1	1	1	1	1	1	1	1	1	1	1	1	1	1
EHM034692|EHA02331_bin.15_gene_87_23	C287	1	1	1	1	1	1	0	0	0	0	0	0	0	0
EHM034692|EHA02331_bin.15_gene_87_25	C287	1	1	1	1	1	1	1	0	0	0	0	1	0	0
EHM034692|EHA02331_bin.15_gene_87_26	C287	1	1	1	1	1	1	1	1	1	1	1	1	1	1
EHM034692|EHA02331_bin.15_gene_87_28	C287	1	1	1	1	1	1	1	1	1	0	1	1	0	1
EHM034692|EHA02331_bin.15_gene_87_30	C287	1	1	1	1	1	1	1	1	1	1	1	1	1	1
EHM034692|EHA02331_bin.15_gene_87_31	C287	1	1	1	1	1	1	0	0	0	0	0	0	0	0
EHM034692|EHA02331_bin.15_gene_87_32	C287	1	1	1	1	1	1	1	1	1	1	0	0	1	1
EHM034692|EHA02331_bin.15_gene_87_33	C287	1	1	1	1	1	1	0	0	0	0	0	1	0	0
EHM034692|EHA02331_bin.15_gene_87_34	C287	1	1	1	1	1	1	1	1	1	1	1	1	1	1
EHM034692|EHA02331_bin.15_gene_87_36	C287	1	1	1	1	1	1	1	1	1	1	1	1	1	1
EHM034692|EHA02331_bin.15_gene_87_37	C287	1	1	1	1	1	1	1	1	1	1	1	0	1	1
EHM034692|EHA02331_bin.15_gene_87_38	C287	1	1	1	1	1	1	1	1	1	1	1	0	1	1
EHM034692|EHA02331_bin.15_gene_87_39	C287	1	1	1	1	1	1	1	1	1	1	1	0	1	1
EHM034692|EHA02331_bin.15_gene_87_40	C287	1	1	1	1	1	1	1	1	1	1	1	0	1	1
EHM034692|EHA02331_bin.15_gene_87_41	C287	1	1	1	1	1	1	1	1	1	1	1	0	1	1
EHM034692|EHA02331_bin.15_gene_87_42	C287	1	1	1	1	1	1	1	1	1	1	1	0	1	1
EHM034692|EHA02331_bin.15_gene_87_43	C287	1	1	1	1	1	1	1	1	1	1	0	0	1	1
EHM034692|EHA02331_bin.15_gene_87_44	C287	1	1	1	1	1	1	1	1	1	1	0	0	1	1
EHM034692|EHA02331_bin.15_gene_87_45	C287	1	1	1	1	1	1	1	1	1	1	0	0	1	1
EHM034692|EHA02331_bin.15_gene_87_46	C287	1	1	1	1	1	1	1	1	1	1	0	0	1	1
EHM034692|EHA02331_bin.15_gene_87_48	C287	1	1	1	1	1	1	1	1	1	1	1	1	1	1
EHM034692|EHA02331_bin.15_gene_87_49	C287	1	1	1	1	0	1	1	0	1	1	0	0	1	1
EHM034692|EHA02331_bin.15_gene_87_50	C287	1	1	1	1	1	1	1	1	1	0	1	1	0	1
EHM034692|EHA02331_bin.15_gene_87_51	C287	1	1	1	1	1	1	1	1	1	1	1	0	1	1
EHM034692|EHA02331_bin.15_gene_87_52	C287	1	1	1	1	0	0	0	0	1	1	1	1	1	1
EHM034692|EHA02331_bin.15_gene_89_1	C287	1	1	1	1	0	1	0	0	0	0	0	1	0	0
EHM034692|EHA02331_bin.15_gene_89_6	C287	1	1	1	1	1	1	1	1	1	1	0	1	1	1
EHM034692|EHA02331_bin.15_gene_89_7	C287	1	1	1	1	1	0	0	1	0	0	0	0	0	0
EHM034692|EHA02331_bin.15_gene_89_8	C287	1	1	1	1	1	1	1	1	1	1	1	1	1	1
EHM034692|EHA02331_bin.15_gene_89_9	C287	1	1	1	1	1	1	1	1	1	1	0	1	1	1
EHM034692|EHA02331_bin.15_gene_89_10	C287	1	1	1	1	1	1	1	1	1	1	1	1	1	1
EHM034692|EHA02331_bin.15_gene_89_11	C287	1	1	1	1	1	1	0	1	1	1	1	1	1	1
EHM034692|EHA02331_bin.15_gene_89_12	C287	1	1	1	1	1	1	1	1	1	1	1	1	1	1
EHM034692|EHA02331_bin.15_gene_89_13	C287	1	1	1	1	1	1	1	1	1	1	1	1	1	1
EHM034692|EHA02331_bin.15_gene_89_14	C287	1	1	1	1	0	0	0	0	0	0	0	0	0	0
EHM034692|EHA02331_bin.15_gene_89_15	C287	1	1	1	1	1	1	1	1	1	0	0	1	1	1
EHM034692|EHA02331_bin.15_gene_89_16	C287	1	1	1	1	1	0	0	0	0	0	0	0	0	0
EHM034692|EHA02331_bin.15_gene_89_17	C287	1	1	1	0	1	1	0	0	0	0	1	1	0	0
EHM034692|EHA02331_bin.15_gene_90_1	C287	1	1	1	1	0	0	0	1	0	0	1	1	0	0
EHM034692|EHA02331_bin.15_gene_90_2	C287	1	1	1	1	1	1	1	1	1	1	1	1	1	1
EHM034692|EHA02331_bin.15_gene_90_3	C287	1	1	1	1	1	1	1	1	1	1	1	1	1	1
EHM034692|EHA02331_bin.15_gene_90_5	C287	1	1	1	1	1	1	1	1	0	0	1	1	0	0
EHM034692|EHA02331_bin.15_gene_90_6	C287	1	1	1	1	1	1	1	1	1	1	1	1	1	1
EHM034692|EHA02331_bin.15_gene_90_7	C287	1	1	1	1	1	1	1	0	0	0	1	1	0	0
EHM034692|EHA02331_bin.15_gene_90_8	C287	1	1	1	1	1	1	1	0	0	0	1	0	0	0
EHM034692|EHA02331_bin.15_gene_91_4	C287	1	1	1	1	0	1	1	1	1	1	1	1	1	1
EHM034692|EHA02331_bin.15_gene_92_1	C287	1	1	1	1	1	1	1	1	1	0	1	1	1	1
EHM034692|EHA02331_bin.15_gene_92_2	C287	1	1	1	1	1	1	1	1	1	1	1	1	1	1
EHM034692|EHA02331_bin.15_gene_92_3	C287	1	1	1	1	1	1	0	1	0	0	1	1	0	0
EHM034692|EHA02331_bin.15_gene_92_4	C287	1	1	1	1	1	1	1	1	1	1	1	1	0	0
EHM034692|EHA02331_bin.15_gene_93_1	C287	1	1	1	1	1	1	1	1	0	0	1	1	0	0
EHM034692|EHA02331_bin.15_gene_93_2	C287	1	1	1	1	1	1	1	0	1	0	0	0	0	0
EHM034692|EHA02331_bin.15_gene_93_3	C287	1	1	1	1	1	1	1	1	1	1	1	1	1	1
EHM034692|EHA02331_bin.15_gene_94_1	C287	1	1	1	1	1	1	1	1	1	1	1	1	0	1
EHM034692|EHA02331_bin.15_gene_94_2	C287	1	1	1	1	1	1	1	1	1	0	0	1	0	0
EHM034692|EHA02331_bin.15_gene_94_3	C287	1	1	1	1	1	1	0	0	1	1	0	1	0	0
EHM034692|EHA02331_bin.15_gene_94_4	C287	1	1	1	1	1	1	1	1	1	1	1	1	1	1
EHM034692|EHA02331_bin.15_gene_95_3	C287	1	1	1	0	0	1	0	0	0	0	0	0	0	1
EHM034692|EHA02331_bin.15_gene_96_2	C287	1	1	1	1	0	1	0	0	0	0	1	0	0	0
EHM034692|EHA02331_bin.15_gene_96_3	C287	1	1	1	1	0	1	0	0	0	0	1	0	0	0
EHM034692|EHA02331_bin.15_gene_98_1	C287	1	1	1	1	1	1	1	1	1	0	0	1	1	1
EHM034692|EHA02331_bin.15_gene_98_2	C287	1	1	1	1	1	1	0	1	1	1	1	1	1	1
EHM034692|EHA02331_bin.15_gene_98_3	C287	1	1	1	1	1	1	0	0	1	1	0	0	0	0
EHM034692|EHA02331_bin.15_gene_98_5	C287	1	1	1	1	1	1	1	1	1	1	1	1	1	1
EHM034692|EHA02331_bin.15_gene_98_6	C287	1	1	1	1	0	1	1	0	1	1	1	1	1	1
EHM034692|EHA02331_bin.15_gene_98_7	C287	1	1	1	1	1	1	0	0	0	0	0	0	0	0
EHM034692|EHA02331_bin.15_gene_98_9	C287	1	1	0	0	0	0	0	0	0	0	0	0	0	0
EHM034692|EHA02331_bin.15_gene_98_10	C287	1	1	0	0	0	0	0	0	0	0	0	0	0	0
EHM034692|EHA02331_bin.15_gene_98_12	C287	1	1	1	1	1	1	0	0	0	0	0	0	0	0
EHM034692|EHA02331_bin.15_gene_98_13	C287	1	1	1	1	1	1	0	0	0	0	0	0	0	0
EHM034692|EHA02331_bin.15_gene_98_14	C287	1	1	1	1	1	1	0	0	0	0	1	0	0	0
EHM034692|EHA02331_bin.15_gene_98_15	C287	1	1	1	1	1	1	0	0	0	0	1	0	0	0
EHM034692|EHA02331_bin.15_gene_98_16	C287	1	1	1	1	1	1	0	0	0	0	1	0	0	0
EHM034692|EHA02331_bin.15_gene_98_17	C287	1	1	1	1	1	1	0	0	0	0	1	0	0	0
EHM034692|EHA02331_bin.15_gene_98_18	C287	1	1	1	1	1	1	0	0	0	0	1	0	0	0
EHM034692|EHA02331_bin.15_gene_98_19	C287	1	1	1	1	1	1	1	1	1	1	1	0	1	1
EHM034692|EHA02331_bin.15_gene_98_20	C287	1	1	1	1	1	1	0	0	0	0	1	0	0	0
EHM034692|EHA02331_bin.15_gene_98_21	C287	1	1	1	1	1	1	0	0	0	0	1	0	0	0
EHM034692|EHA02331_bin.15_gene_98_25	C287	1	1	1	1	0	0	1	0	0	0	0	0	0	0
EHM034692|EHA02331_bin.15_gene_98_28	C287	1	1	1	1	0	1	1	0	0	0	0	0	0	0
EHM034692|EHA02331_bin.15_gene_98_29	C287	1	1	1	1	1	1	0	1	1	1	1	1	1	1
EHM034692|EHA02331_bin.15_gene_99_2	C287	1	1	1	1	1	1	0	1	1	1	1	1	1	1
EHM034692|EHA02331_bin.15_gene_99_3	C287	1	1	1	1	1	1	1	1	1	1	1	1	1	1
EHM034692|EHA02331_bin.15_gene_99_4	C287	1	1	1	1	1	1	1	1	1	1	1	1	1	1
EHM034692|EHA02331_bin.15_gene_99_5	C287	1	1	1	1	1	0	1	0	0	0	0	0	0	0
EHM034692|EHA02331_bin.15_gene_99_6	C287	1	1	1	1	1	1	1	1	1	1	1	1	1	1
EHM034692|EHA02331_bin.15_gene_99_7	C287	1	1	1	1	1	1	1	1	1	1	0	1	1	1
EHM034692|EHA02331_bin.15_gene_100_3	C287	1	1	1	1	1	1	1	1	1	1	0	1	1	1
EHM034692|EHA02331_bin.15_gene_100_4	C287	1	1	1	1	1	0	1	1	1	1	1	1	1	1
EHM034692|EHA02331_bin.15_gene_102_6	C287	1	1	1	1	1	1	0	0	0	0	0	0	0	0
EHM034692|EHA02331_bin.15_gene_103_1	C287	1	1	1	1	0	0	0	0	1	1	1	1	1	1
EHM034692|EHA02331_bin.15_gene_103_2	C287	1	1	1	1	0	1	0	1	0	0	0	0	0	0
EHM034692|EHA02331_bin.15_gene_103_4	C287	1	1	1	1	1	1	1	1	0	1	1	1	1	1
EHM034692|EHA02331_bin.15_gene_103_6	C287	1	1	1	1	1	1	0	0	0	0	1	0	0	0
EHM034692|EHA02331_bin.15_gene_103_7	C287	1	1	1	1	1	1	0	1	1	1	1	1	1	1
EHM034692|EHA02331_bin.15_gene_103_8	C287	1	1	1	1	1	1	0	0	0	0	0	0	0	0
EHM034692|EHA02331_bin.15_gene_103_9	C287	1	1	1	1	1	1	1	1	0	0	1	1	1	1
EHM034692|EHA02331_bin.15_gene_103_10	C287	1	1	1	1	1	1	1	1	1	0	1	1	1	1
EHM034692|EHA02331_bin.15_gene_103_11	C287	1	1	1	1	0	1	1	0	0	0	0	0	0	1
EHM034692|EHA02331_bin.15_gene_103_13	C287	1	1	1	1	1	1	1	1	1	1	1	1	1	1
EHM034692|EHA02331_bin.15_gene_104_1	C287	1	1	1	1	1	1	1	1	1	1	1	1	1	1
EHM034692|EHA02331_bin.15_gene_104_2	C287	1	1	1	1	1	1	1	1	1	1	0	1	1	1
EHM034692|EHA02331_bin.15_gene_104_3	C287	1	1	1	1	1	1	1	1	1	1	0	1	0	1
EHM034692|EHA02331_bin.15_gene_105_2	C287	1	1	0	1	0	1	0	0	0	1	1	0	1	0
EHM034692|EHA02331_bin.15_gene_105_5	C287	1	1	1	1	1	1	1	1	1	1	1	1	1	1
EHM034692|EHA02331_bin.15_gene_105_6	C287	1	1	1	1	1	1	1	1	0	0	0	0	0	0
EHM034692|EHA02331_bin.15_gene_105_7	C287	1	1	1	1	0	1	1	1	1	1	1	1	1	1
EHM034692|EHA02331_bin.15_gene_105_8	C287	1	1	1	1	1	1	1	1	1	1	1	1	1	1
EHM034692|EHA02331_bin.15_gene_105_9	C287	1	1	1	1	1	1	0	1	1	1	0	1	1	1
EHM034692|EHA02331_bin.15_gene_106_1	C287	1	1	0	0	0	0	0	0	1	0	0	1	0	1
EHM034692|EHA02331_bin.15_gene_106_8	C287	1	1	1	1	1	0	0	0	0	0	0	0	0	0
EHM034692|EHA02331_bin.15_gene_106_9	C287	1	1	1	1	1	1	1	1	1	1	0	0	1	1
EHM034692|EHA02331_bin.15_gene_106_10	C287	1	1	1	1	1	1	1	0	1	1	0	0	1	1
EHM034692|EHA02331_bin.15_gene_106_11	C287	1	1	1	1	1	1	1	0	0	0	0	0	0	0
EHM034692|EHA02331_bin.15_gene_107_2	C287	1	1	1	1	1	1	1	0	0	0	1	1	0	0
EHM034692|EHA02331_bin.15_gene_107_3	C287	1	1	1	1	0	1	1	0	0	0	0	1	1	1
EHM034692|EHA02331_bin.15_gene_107_5	C287	1	1	1	1	1	1	0	0	0	0	0	0	1	1
EHM034692|EHA02331_bin.15_gene_107_6	C287	1	1	1	1	1	1	0	1	1	0	1	1	1	1
EHM034692|EHA02331_bin.15_gene_107_7	C287	1	1	1	1	1	1	0	0	0	0	0	0	0	0
EHM034692|EHA02331_bin.15_gene_108_1	C287	1	1	1	1	1	1	1	1	1	0	0	1	1	1
EHM034692|EHA02331_bin.15_gene_108_2	C287	1	1	1	1	1	1	1	1	1	0	0	1	1	1
EHM034692|EHA02331_bin.15_gene_108_3	C287	1	1	1	1	1	1	1	1	1	1	0	1	1	1
EHM034692|EHA02331_bin.15_gene_108_4	C287	1	1	1	1	1	1	0	0	0	0	0	0	0	0
EHM034692|EHA02331_bin.15_gene_108_6	C287	1	1	1	1	1	1	0	1	1	1	1	1	0	1
EHM034692|EHA02331_bin.15_gene_108_7	C287	1	1	1	1	1	1	0	1	1	1	1	1	0	1
EHM034692|EHA02331_bin.15_gene_108_8	C287	1	1	1	1	0	0	0	1	1	1	0	0	0	1
EHM034692|EHA02331_bin.15_gene_108_12	C287	1	1	1	1	1	1	0	1	1	1	1	1	1	1
EHM034692|EHA02331_bin.15_gene_108_13	C287	1	1	1	1	1	1	1	1	1	1	1	1	1	1
EHM034692|EHA02331_bin.15_gene_108_15	C287	1	1	1	1	1	1	1	1	1	1	1	1	1	1
EHM034692|EHA02331_bin.15_gene_109_1	C287	1	1	1	1	1	1	0	0	0	0	0	0	0	0
EHM034692|EHA02331_bin.15_gene_109_2	C287	1	1	1	1	1	1	1	1	1	1	1	1	1	1
EHM034692|EHA02331_bin.15_gene_109_3	C287	1	1	1	1	1	1	1	1	1	1	1	1	1	1
EHM034692|EHA02331_bin.15_gene_110_2	C287	1	1	0	1	0	0	0	0	1	1	0	0	0	0
EHM034692|EHA02331_bin.15_gene_111_1	C287	1	1	1	1	1	1	1	1	1	0	1	1	1	1
EHM034692|EHA02331_bin.15_gene_111_2	C287	1	1	1	1	1	1	1	0	0	0	1	1	0	0
EHM034692|EHA02331_bin.15_gene_111_3	C287	1	1	1	1	1	1	1	1	1	1	1	1	1	1
EHM034692|EHA02331_bin.15_gene_112_1	C287	1	1	1	1	1	1	1	1	1	1	1	1	1	1
EHM034692|EHA02331_bin.15_gene_112_2	C287	1	1	1	1	1	1	1	1	1	1	1	1	1	1
EHM034692|EHA02331_bin.15_gene_113_1	C287	1	1	0	1	0	1	0	0	0	0	0	0	0	0
EHM034692|EHA02331_bin.15_gene_113_3	C287	1	1	1	1	0	1	1	1	1	1	1	1	1	1
EHM034692|EHA02331_bin.15_gene_113_4	C287	1	1	1	1	1	1	0	1	1	0	0	1	0	1
EHM034692|EHA02331_bin.15_gene_113_5	C287	1	1	1	1	1	1	0	0	0	0	0	0	0	0
EHM034692|EHA02331_bin.15_gene_113_6	C287	1	1	1	1	1	1	0	0	0	0	0	0	0	0
EHM034692|EHA02331_bin.15_gene_114_3	C287	1	1	1	1	1	1	1	1	0	0	1	1	1	0
EHM034692|EHA02331_bin.15_gene_114_4	C287	1	1	1	1	1	1	1	1	1	1	1	1	1	1
EHM034692|EHA02331_bin.15_gene_114_5	C287	1	1	1	1	1	1	1	1	1	1	0	1	1	1
EHM034692|EHA02331_bin.15_gene_114_6	C287	1	1	1	1	1	1	0	1	1	0	0	0	0	1
EHM034692|EHA02331_bin.15_gene_114_7	C287	1	1	1	1	1	1	1	0	0	0	0	1	0	0
EHM034692|EHA02331_bin.15_gene_114_8	C287	1	1	1	1	1	1	1	1	1	1	0	1	1	1
EHM034692|EHA02331_bin.15_gene_115_3	C287	1	1	1	1	1	1	1	1	1	1	1	1	1	1
EHM034692|EHA02331_bin.15_gene_115_4	C287	1	1	1	1	1	1	0	0	0	0	0	1	0	0
EHM034692|EHA02331_bin.15_gene_116_1	C287	1	1	1	1	1	1	1	1	1	1	0	1	1	1
EHM034692|EHA02331_bin.15_gene_116_2	C287	1	1	1	1	1	0	1	0	1	1	1	1	0	1
EHM034692|EHA02331_bin.15_gene_118_5	C287	1	1	1	1	1	0	1	1	1	1	0	0	0	1
EHM034692|EHA02331_bin.15_gene_118_6	C287	1	1	1	1	1	1	1	1	1	1	0	1	0	1
EHM034692|EHA02331_bin.15_gene_118_7	C287	1	1	1	1	1	1	1	1	1	1	1	1	1	1
EHM034692|EHA02331_bin.15_gene_118_8	C287	1	1	1	1	0	1	0	1	1	1	1	1	1	1
EHM034692|EHA02331_bin.15_gene_118_9	C287	1	1	1	1	1	0	1	1	0	0	1	1	0	0
EHM034692|EHA02331_bin.15_gene_120_1	C287	1	1	1	1	1	1	0	1	1	1	0	1	1	1
EHM034692|EHA02331_bin.15_gene_120_2	C287	1	1	1	1	1	1	1	1	1	1	0	0	1	1
EHM034692|EHA02331_bin.15_gene_120_3	C287	1	1	1	1	1	1	0	0	0	0	1	0	0	0
EHM034692|EHA02331_bin.15_gene_120_5	C287	1	1	1	1	1	1	1	1	1	1	1	1	1	1
EHM034692|EHA02331_bin.15_gene_122_1	C287	1	1	1	1	1	1	1	1	1	0	0	1	1	1
EHM034692|EHA02331_bin.15_gene_122_3	C287	1	1	1	1	1	1	1	1	1	1	1	1	1	1
EHM034692|EHA02331_bin.15_gene_123_1	C287	1	1	1	1	1	1	0	1	0	0	0	0	0	1
EHM034692|EHA02331_bin.15_gene_123_2	C287	1	1	1	1	1	1	1	1	1	1	1	0	1	1
EHM034692|EHA02331_bin.15_gene_123_4	C287	1	1	1	1	1	1	0	1	1	1	1	1	1	1
EHM034692|EHA02331_bin.15_gene_123_5	C287	1	1	1	1	1	0	0	0	0	0	0	0	0	0
EHM034692|EHA02331_bin.15_gene_124_2	C287	1	1	1	1	1	1	1	1	0	0	0	1	0	0
EHM034692|EHA02331_bin.15_gene_124_3	C287	1	1	1	1	1	1	1	1	1	1	1	1	1	1
EHM034692|EHA02331_bin.15_gene_124_4	C287	1	1	1	1	1	1	1	1	1	1	1	1	1	1
EHM034692|EHA02331_bin.15_gene_124_7	C287	1	1	1	1	1	1	1	0	0	0	1	0	0	0
EHM034692|EHA02331_bin.15_gene_125_1	C287	1	1	0	0	0	1	0	1	0	0	0	0	0	1
EHM034692|EHA02331_bin.15_gene_125_2	C287	1	1	0	0	0	1	0	1	0	0	0	1	0	0
EHM034692|EHA02331_bin.15_gene_125_3	C287	1	1	0	0	0	0	0	0	0	0	0	0	0	0
EHM034692|EHA02331_bin.15_gene_126_3	C287	1	1	1	1	1	1	1	1	1	1	0	0	1	1
EHM034692|EHA02331_bin.15_gene_126_5	C287	1	1	1	1	1	1	1	1	1	1	1	1	1	1
EHM034692|EHA02331_bin.15_gene_127_1	C287	1	1	1	1	0	0	0	1	0	0	0	0	0	0
EHM034692|EHA02331_bin.15_gene_127_3	C287	1	1	1	1	1	0	1	1	1	0	0	1	0	1
EHM034692|EHA02331_bin.15_gene_127_4	C287	1	1	1	1	1	1	1	1	1	1	0	1	1	1
EHM034692|EHA02331_bin.15_gene_127_5	C287	1	1	1	1	1	1	1	1	1	1	1	1	1	1
EHM034692|EHA02331_bin.15_gene_127_6	C287	1	1	1	1	1	1	1	1	1	1	1	0	1	1
EHM034692|EHA02331_bin.15_gene_127_7	C287	1	1	1	1	1	1	1	1	1	1	1	1	1	1
EHM034692|EHA02331_bin.15_gene_127_12	C287	1	1	1	1	1	0	1	0	0	0	0	1	0	0
EHM034692|EHA02331_bin.15_gene_127_14	C287	1	1	1	1	1	1	0	1	0	0	0	1	1	0
EHM034692|EHA02331_bin.15_gene_127_17	C287	1	1	1	1	1	1	0	1	1	1	1	1	1	1
EHM034692|EHA02331_bin.15_gene_127_18	C287	1	1	1	1	1	1	1	1	1	1	1	1	1	1
EHM034692|EHA02331_bin.15_gene_127_19	C287	1	1	1	1	1	1	1	1	1	1	1	1	1	1
EHM034692|EHA02331_bin.15_gene_127_21	C287	1	1	1	1	0	1	0	0	0	0	0	1	0	1
EHM034692|EHA02331_bin.15_gene_127_22	C287	1	1	1	1	1	1	0	0	0	0	0	1	0	0
EHM034692|EHA02331_bin.15_gene_127_23	C287	1	1	1	1	1	1	1	1	1	1	1	1	1	1
EHM034692|EHA02331_bin.15_gene_127_26	C287	1	1	1	1	1	1	1	1	1	1	1	1	1	1
EHM034692|EHA02331_bin.15_gene_127_28	C287	1	1	1	1	1	1	0	0	0	0	1	0	0	0
EHM034692|EHA02331_bin.15_gene_127_30	C287	1	1	1	1	1	1	0	1	1	1	1	1	1	1
EHM034692|EHA02331_bin.15_gene_127_31	C287	1	1	1	1	1	1	0	0	1	1	0	0	1	0
EHM034692|EHA02331_bin.15_gene_127_32	C287	1	1	1	1	1	1	0	0	0	1	0	1	0	0
EHM034692|EHA02331_bin.15_gene_127_35	C287	1	1	1	1	1	1	0	0	0	0	0	1	0	1
EHM034692|EHA02331_bin.15_gene_128_2	C287	1	1	1	1	1	1	0	1	1	1	0	1	1	1
EHM034692|EHA02331_bin.15_gene_128_3	C287	1	1	1	1	1	1	0	1	1	1	1	1	1	1
EHM034692|EHA02331_bin.15_gene_128_4	C287	1	1	1	1	1	1	0	1	1	1	1	1	1	1
EHM034692|EHA02331_bin.15_gene_128_5	C287	1	1	1	1	1	1	1	1	1	1	1	1	1	1
EHM034692|EHA02331_bin.15_gene_128_6	C287	1	1	1	1	1	1	1	1	1	1	1	1	1	1
EHM034692|EHA02331_bin.15_gene_129_2	C287	1	1	1	1	0	1	1	0	0	0	0	0	1	0
EHM034692|EHA02331_bin.15_gene_129_3	C287	1	1	1	1	1	1	1	0	0	0	0	0	1	0
EHM034692|EHA02331_bin.15_gene_130_1	C287	1	1	1	1	0	1	1	1	1	1	1	1	1	1
EHM034692|EHA02331_bin.15_gene_130_2	C287	1	1	1	1	0	1	1	1	1	1	1	1	1	1
EHM034692|EHA02331_bin.15_gene_130_4	C287	1	1	1	1	1	1	1	1	0	0	1	1	0	0
EHM034692|EHA02331_bin.15_gene_131_2	C287	1	1	1	1	1	1	1	1	1	1	0	1	1	1
EHM034692|EHA02331_bin.15_gene_131_3	C287	1	1	1	1	1	1	1	1	1	1	1	1	1	1
EHM034692|EHA02331_bin.15_gene_131_4	C287	1	1	1	1	1	1	0	0	1	0	0	0	0	0
EHM034692|EHA02331_bin.15_gene_131_5	C287	1	1	1	1	1	1	1	1	1	1	1	1	1	1
EHM034692|EHA02331_bin.15_gene_133_2	C287	1	1	1	1	1	1	1	1	1	1	0	0	0	1
EHM034692|EHA02331_bin.15_gene_133_5	C287	1	1	1	1	1	1	1	1	0	1	1	0	0	0
EHM034692|EHA02331_bin.15_gene_133_6	C287	1	1	1	1	0	0	0	0	0	0	0	0	0	0
EHM034692|EHA02331_bin.15_gene_133_13	C287	1	1	1	1	1	1	1	1	0	0	1	1	0	1
EHM034692|EHA02331_bin.15_gene_134_1	C287	1	1	1	1	1	1	1	1	1	1	1	1	1	1
EHM034692|EHA02331_bin.15_gene_134_2	C287	1	1	1	1	0	1	0	0	0	0	0	0	0	0
EHM034692|EHA02331_bin.15_gene_134_3	C287	1	1	1	1	1	1	1	1	1	1	1	1	1	1
EHM034692|EHA02331_bin.15_gene_134_4	C287	1	1	1	1	1	1	1	1	1	0	0	0	0	0
EHM034692|EHA02331_bin.15_gene_135_1	C287	1	1	1	1	0	1	0	0	0	0	0	0	0	0
EHM034692|EHA02331_bin.15_gene_135_2	C287	1	1	1	1	1	1	1	1	0	1	0	0	1	1
EHM034692|EHA02331_bin.15_gene_135_3	C287	1	1	1	1	1	1	1	1	1	1	0	1	1	1
EHM034692|EHA02331_bin.15_gene_135_4	C287	1	1	1	1	1	1	0	0	0	0	0	1	0	0
EHM034692|EHA02331_bin.15_gene_135_5	C287	1	1	1	1	1	1	1	1	1	1	0	1	1	1
EHM034692|EHA02331_bin.15_gene_135_6	C287	1	1	1	1	1	1	0	1	1	1	1	1	1	1
EHM034692|EHA02331_bin.15_gene_135_8	C287	1	1	1	1	1	1	1	0	0	1	1	0	0	0
EHM034692|EHA02331_bin.15_gene_135_9	C287	1	1	1	1	1	1	1	0	1	0	1	0	0	1
EHM034692|EHA02331_bin.15_gene_135_10	C287	1	1	1	1	1	1	1	1	1	1	0	1	0	1
EHM034692|EHA02331_bin.15_gene_136_2	C287	1	1	1	1	1	1	1	0	1	1	0	0	0	1
EHM034692|EHA02331_bin.15_gene_136_3	C287	1	1	1	1	1	1	1	1	1	1	1	1	1	1
EHM034692|EHA02331_bin.15_gene_136_4	C287	1	1	1	1	1	1	1	1	1	1	1	1	1	1
EHM034692|EHA02331_bin.15_gene_136_5	C287	1	1	1	1	1	1	1	1	1	1	1	1	1	1
EHM034692|EHA02331_bin.15_gene_136_7	C287	1	1	1	1	1	1	1	1	1	1	0	1	1	1
EHM034692|EHA02331_bin.15_gene_136_8	C287	1	1	1	1	1	1	0	1	1	0	1	1	0	1
EHM034692|EHA02331_bin.15_gene_136_9	C287	1	1	1	1	1	1	1	1	1	1	1	1	1	1
EHM034692|EHA02331_bin.15_gene_136_10	C287	1	1	1	1	1	1	1	1	0	0	0	0	0	0
EHM034692|EHA02331_bin.15_gene_136_12	C287	1	1	1	1	1	1	1	1	1	1	1	1	1	1
EHM034692|EHA02331_bin.15_gene_136_13	C287	1	1	1	1	1	1	1	1	1	1	1	1	1	1
EHM034692|EHA02331_bin.15_gene_136_14	C287	1	1	1	1	1	1	0	0	0	0	0	0	0	0
EHM034692|EHA02331_bin.15_gene_136_17	C287	1	1	1	1	1	1	1	1	1	1	1	1	1	1
EHM034692|EHA02331_bin.15_gene_136_18	C287	1	1	1	1	1	1	1	1	1	1	1	1	1	1
EHM034692|EHA02331_bin.15_gene_136_19	C287	1	1	1	1	1	1	0	1	1	1	1	1	1	1
EHM034692|EHA02331_bin.15_gene_137_7	C287	1	1	1	1	0	1	0	0	0	0	0	1	0	0
EHM034692|EHA02331_bin.15_gene_137_8	C287	1	1	1	1	1	1	1	1	1	1	1	1	1	1
EHM034692|EHA02331_bin.15_gene_137_9	C287	1	1	1	1	1	1	1	1	0	0	1	1	1	0
EHM034692|EHA02331_bin.15_gene_137_10	C287	1	1	1	1	1	1	0	1	0	0	1	1	0	0
EHM034692|EHA02331_bin.15_gene_137_11	C287	1	1	1	1	1	1	1	1	1	1	1	1	1	1
EHM034692|EHA02331_bin.15_gene_137_17	C287	1	1	1	0	1	1	1	1	1	1	0	1	1	1
EHM034692|EHA02331_bin.15_gene_137_18	C287	1	1	1	1	0	1	0	0	0	0	1	1	0	0
EHM034692|EHA02331_bin.15_gene_138_1	C287	1	1	1	1	1	1	0	1	0	0	1	1	0	0
EHM034692|EHA02331_bin.15_gene_140_1	C287	1	1	1	0	1	1	0	0	0	0	0	0	0	0
EHM034692|EHA02331_bin.15_gene_140_2	C287	1	1	1	1	1	1	0	1	1	1	0	1	1	1
EHM034692|EHA02331_bin.15_gene_140_3	C287	1	1	1	1	1	1	1	1	1	1	1	1	1	1
EHM034692|EHA02331_bin.15_gene_140_4	C287	1	1	1	1	1	1	1	1	0	0	1	1	0	1
EHM034692|EHA02331_bin.15_gene_140_5	C287	1	1	1	1	0	1	1	1	0	0	1	1	0	0
EHM034692|EHA02331_bin.15_gene_140_7	C287	1	1	1	1	1	1	1	1	0	1	1	1	1	0
EHM034692|EHA02331_bin.15_gene_140_10	C287	1	1	1	1	1	1	1	1	1	1	0	1	1	1
EHM034692|EHA02331_bin.15_gene_140_11	C287	1	1	1	1	1	1	1	1	1	0	0	1	1	1
EHM034692|EHA02331_bin.15_gene_140_12	C287	1	1	1	1	1	1	1	1	1	0	0	1	1	1
EHM034692|EHA02331_bin.15_gene_140_13	C287	1	1	1	1	1	1	1	0	0	0	1	1	0	0
EHM034692|EHA02331_bin.15_gene_140_14	C287	1	1	1	1	1	1	1	1	1	1	1	1	1	1
EHM034692|EHA02331_bin.15_gene_140_15	C287	1	1	1	1	1	1	1	1	1	1	1	1	1	1
EHM034692|EHA02331_bin.15_gene_140_16	C287	1	1	1	1	1	1	1	1	1	1	1	1	1	1
EHM034692|EHA02331_bin.15_gene_140_17	C287	1	1	1	1	1	1	0	0	1	1	0	0	1	1
EHM034692|EHA02331_bin.15_gene_140_18	C287	1	1	1	1	1	1	1	1	1	1	1	1	1	1
EHM034692|EHA02331_bin.15_gene_140_20	C287	1	1	1	1	1	1	1	0	1	0	1	1	1	1
EHM034692|EHA02331_bin.15_gene_141_2	C287	1	1	1	1	1	1	0	1	1	1	1	1	1	1
EHM034692|EHA02331_bin.15_gene_141_3	C287	1	1	1	1	1	1	1	1	1	1	1	1	1	0
EHM034692|EHA02331_bin.15_gene_141_4	C287	1	1	1	1	0	1	0	0	0	0	1	1	0	1
EHM034692|EHA02331_bin.15_gene_142_1	C287	1	1	1	1	1	1	1	1	1	1	1	0	1	1
EHM034692|EHA02331_bin.15_gene_142_2	C287	1	1	1	1	1	0	1	0	0	0	1	1	0	0
EHM034692|EHA02331_bin.15_gene_142_3	C287	1	1	1	1	1	1	0	0	0	0	0	0	0	0
EHM034692|EHA02331_bin.15_gene_142_5	C287	1	1	1	1	1	1	0	1	1	0	1	1	1	1
EHM034692|EHA02331_bin.15_gene_142_7	C287	1	1	1	1	1	0	0	0	0	0	0	1	0	0
EHM034692|EHA02331_bin.15_gene_142_8	C287	1	1	1	1	1	0	0	0	0	0	0	1	0	0
EHM034692|EHA02331_bin.15_gene_142_10	C287	1	1	1	1	1	1	1	1	1	1	1	1	1	1
EHM034692|EHA02331_bin.15_gene_142_14	C287	1	1	0	1	1	1	1	0	0	0	0	0	0	0
EHM034692|EHA02331_bin.15_gene_142_15	C287	1	1	1	1	1	1	0	0	0	1	1	0	0	1
EHM034692|EHA02331_bin.15_gene_142_16	C287	1	1	1	1	1	1	1	1	0	0	1	1	0	1
EHM034692|EHA02331_bin.15_gene_142_17	C287	1	1	1	1	1	1	1	1	1	1	1	1	1	1
EHM034692|EHA02331_bin.15_gene_142_18	C287	1	1	1	1	1	1	1	1	1	1	0	0	1	1
EHM034692|EHA02331_bin.15_gene_142_19	C287	1	1	1	1	1	1	0	0	0	0	0	0	0	0
EHM034692|EHA02331_bin.15_gene_142_20	C287	1	1	1	1	1	1	0	0	1	1	1	1	1	1
EHM034692|EHA02331_bin.15_gene_142_21	C287	1	1	1	1	1	1	0	1	1	1	0	1	1	1
EHM034692|EHA02331_bin.15_gene_142_22	C287	1	1	1	1	1	1	0	1	1	1	1	1	1	1
EHM034692|EHA02331_bin.15_gene_143_3	C287	1	1	1	1	1	1	1	0	0	0	0	1	1	0
EHM034692|EHA02331_bin.15_gene_143_4	C287	1	1	1	1	1	1	0	1	1	1	0	1	1	1
EHM034692|EHA02331_bin.15_gene_144_4	C287	1	1	1	1	0	0	0	1	0	0	0	0	0	0
EHM034692|EHA02331_bin.15_gene_144_5	C287	1	1	1	1	0	1	0	0	0	0	1	0	0	0
EHM034692|EHA02331_bin.15_gene_146_1	C287	1	1	1	1	1	1	1	1	0	0	0	1	1	1
EHM034692|EHA02331_bin.15_gene_147_5	C287	1	1	1	1	1	1	1	1	1	1	1	1	1	1
EHM034692|EHA02331_bin.15_gene_147_6	C287	1	1	1	1	1	1	1	1	1	1	1	1	1	1
EHM034692|EHA02331_bin.15_gene_147_7	C287	1	1	1	1	1	1	1	1	1	1	1	1	1	1
EHM034692|EHA02331_bin.15_gene_149_3	C287	1	1	1	1	1	1	0	1	0	0	1	1	0	0
EHM034692|EHA02331_bin.15_gene_149_4	C287	1	1	1	1	1	1	0	0	0	0	1	1	0	0
EHM034692|EHA02331_bin.15_gene_149_5	C287	1	1	1	1	1	1	1	1	1	1	1	1	1	1
EHM034692|EHA02331_bin.15_gene_149_6	C287	1	1	1	1	1	1	1	1	1	1	1	1	1	1
EHM034692|EHA02331_bin.15_gene_149_7	C287	1	1	1	1	0	1	0	0	0	0	0	0	0	0
EHM034692|EHA02331_bin.15_gene_149_10	C287	1	1	1	1	1	1	1	1	1	0	0	1	1	1
EHM034692|EHA02331_bin.15_gene_150_2	C287	1	1	1	1	1	1	1	1	1	1	1	1	1	1
EHM034692|EHA02331_bin.15_gene_150_3	C287	1	1	1	1	1	1	1	1	1	0	1	1	1	1
EHM034692|EHA02331_bin.15_gene_150_4	C287	1	1	1	1	1	0	0	1	1	1	0	1	1	1
EHM034692|EHA02331_bin.15_gene_150_5	C287	1	1	1	1	1	1	0	1	1	1	1	1	1	1
EHM034692|EHA02331_bin.15_gene_150_6	C287	1	1	1	1	0	1	0	0	0	0	0	0	0	0
EHM034692|EHA02331_bin.15_gene_150_7	C287	1	1	1	1	0	0	0	0	0	0	0	0	0	0
EHM034692|EHA02331_bin.15_gene_152_2	C287	1	1	1	1	1	1	1	1	1	1	1	1	1	1
EHM034692|EHA02331_bin.15_gene_153_1	C287	1	1	0	0	0	0	0	0	0	0	0	0	0	0
EHM034692|EHA02331_bin.15_gene_153_4	C287	1	1	0	0	0	0	0	0	0	0	0	0	1	0
EHM034692|EHA02331_bin.15_gene_154_2	C287	1	1	1	1	1	1	1	1	1	1	1	1	1	1
EHM034692|EHA02331_bin.15_gene_154_3	C287	1	1	1	1	1	1	0	1	0	0	1	1	0	0
EHM034692|EHA02331_bin.15_gene_154_4	C287	1	1	1	1	1	1	1	1	1	1	1	1	1	1
EHM034692|EHA02331_bin.15_gene_154_6	C287	1	1	1	1	1	1	0	0	1	1	1	1	1	1
EHM034692|EHA02331_bin.15_gene_154_7	C287	1	1	1	1	1	1	1	1	1	1	1	1	1	1
EHM034692|EHA02331_bin.15_gene_154_8	C287	1	1	1	1	1	1	0	1	0	0	0	0	0	0
EHM034692|EHA02331_bin.15_gene_155_1	C287	1	1	1	1	1	1	1	0	0	0	1	1	0	0
EHM034692|EHA02331_bin.15_gene_155_2	C287	1	1	1	1	0	0	0	0	0	0	0	0	0	0
EHM034692|EHA02331_bin.15_gene_155_3	C287	1	1	1	1	0	1	0	1	0	0	1	1	0	0
EHM034692|EHA02331_bin.15_gene_155_4	C287	1	1	1	1	1	1	0	1	0	0	1	1	0	0
EHM034692|EHA02331_bin.15_gene_155_6	C287	1	1	1	1	1	1	1	1	1	1	0	1	1	1
EHM034692|EHA02331_bin.15_gene_155_7	C287	1	1	1	1	1	1	1	1	1	1	1	1	1	1
EHM034692|EHA02331_bin.15_gene_156_3	C287	1	1	1	1	1	1	1	1	1	0	1	0	1	1
EHM034692|EHA02331_bin.15_gene_156_4	C287	1	1	1	1	0	0	0	0	0	0	0	0	0	0
EHM034692|EHA02331_bin.15_gene_156_5	C287	1	1	1	1	1	1	0	1	1	1	1	1	1	1
EHM034692|EHA02331_bin.15_gene_156_6	C287	1	1	1	1	1	1	0	1	1	1	1	1	1	1
EHM034692|EHA02331_bin.15_gene_156_7	C287	1	1	1	1	1	1	1	1	1	1	1	1	1	1
EHM034692|EHA02331_bin.15_gene_156_8	C287	1	1	1	1	1	1	1	1	1	1	1	1	1	1
EHM034692|EHA02331_bin.15_gene_156_9	C287	1	1	1	1	1	1	1	1	1	1	1	1	1	1
EHM034692|EHA02331_bin.15_gene_156_10	C287	1	1	1	1	0	1	0	0	0	0	0	0	0	0
EHM034692|EHA02331_bin.15_gene_156_11	C287	1	1	1	1	1	1	0	1	1	1	0	1	1	1
EHM034692|EHA02331_bin.15_gene_157_1	C287	1	1	1	1	1	1	0	1	1	1	1	1	1	1
EHM034692|EHA02331_bin.15_gene_157_2	C287	1	1	1	1	1	1	0	1	1	1	1	1	1	1
EHM034692|EHA02331_bin.15_gene_157_7	C287	1	1	0	0	0	0	0	0	0	0	0	0	0	0
EHM034692|EHA02331_bin.15_gene_157_10	C287	1	1	1	1	1	1	0	1	1	0	1	1	0	0
EHM034692|EHA02331_bin.15_gene_159_2	C287	1	1	1	1	1	1	1	1	0	0	1	1	0	0
EHM034692|EHA02331_bin.15_gene_159_3	C287	1	1	1	1	1	1	1	1	0	1	1	1	0	1
EHM034692|EHA02331_bin.15_gene_159_4	C287	1	1	1	1	1	1	1	1	1	0	0	1	1	0
EHM034692|EHA02331_bin.15_gene_159_5	C287	1	1	1	1	1	1	1	1	1	1	1	0	1	1
EHM034692|EHA02331_bin.15_gene_159_6	C287	1	1	1	1	1	1	1	1	1	1	1	0	1	1
EHM034692|EHA02331_bin.15_gene_159_7	C287	1	1	1	1	1	1	0	1	1	1	1	1	1	1
EHM034692|EHA02331_bin.15_gene_159_9	C287	1	1	1	1	1	1	1	1	1	1	1	1	1	0
EHM034692|EHA02331_bin.15_gene_159_10	C287	1	1	1	1	1	1	1	1	0	0	1	1	0	0
EHM034692|EHA02331_bin.15_gene_159_12	C287	1	1	0	0	0	0	0	0	0	0	0	0	0	0
EHM034692|EHA02331_bin.15_gene_160_3	C287	1	1	1	1	1	1	1	1	1	1	0	1	1	1
EHM034692|EHA02331_bin.15_gene_160_4	C287	1	1	1	1	0	1	0	1	0	0	0	1	0	0
EHM034692|EHA02331_bin.15_gene_160_5	C287	1	1	1	1	1	1	0	1	0	0	0	0	0	0
EHM034692|EHA02331_bin.15_gene_161_1	C287	1	1	1	1	1	1	1	0	0	0	1	1	1	0
EHM034692|EHA02331_bin.15_gene_161_2	C287	1	1	1	1	1	1	1	0	0	0	1	1	1	0
EHM034692|EHA02331_bin.15_gene_161_3	C287	1	1	1	1	1	1	1	1	1	1	0	1	1	1
EHM034692|EHA02331_bin.15_gene_161_4	C287	1	1	1	1	1	1	1	1	1	1	0	1	1	1
EHM034692|EHA02331_bin.15_gene_161_5	C287	1	1	1	1	1	1	1	1	1	1	0	1	1	1
EHM034692|EHA02331_bin.15_gene_161_6	C287	1	1	1	1	1	1	1	1	1	1	1	1	1	1
EHM034692|EHA02331_bin.15_gene_161_8	C287	1	1	1	1	1	1	1	1	1	1	1	0	1	1
EHM034692|EHA02331_bin.15_gene_161_10	C287	1	1	1	1	1	1	1	1	1	1	1	1	1	1
EHM034692|EHA02331_bin.15_gene_162_1	C287	1	1	1	1	1	1	1	1	1	1	0	1	1	1
EHM034692|EHA02331_bin.15_gene_162_2	C287	1	1	1	1	1	1	1	1	1	1	1	1	1	1
EHM034692|EHA02331_bin.15_gene_163_1	C287	1	1	1	1	1	1	0	0	0	0	0	1	0	0
EHM034692|EHA02331_bin.15_gene_163_2	C287	1	1	1	1	0	1	1	0	0	0	0	1	0	0
EHM034692|EHA02331_bin.15_gene_163_6	C287	1	1	1	1	1	1	1	1	1	1	1	1	1	1
EHM034692|EHA02331_bin.15_gene_165_1	C287	1	1	1	1	1	1	1	1	0	0	1	1	0	0
EHM034692|EHA02331_bin.15_gene_166_2	C287	1	1	1	1	1	0	0	0	0	0	0	0	0	0
EHM034692|EHA02331_bin.15_gene_166_3	C287	1	1	1	1	1	1	0	0	1	0	0	0	1	1
EHM034692|EHA02331_bin.15_gene_166_4	C287	1	1	1	1	0	1	0	0	0	0	0	0	0	0
EHM034692|EHA02331_bin.15_gene_166_5	C287	1	1	1	1	1	1	0	0	0	0	0	0	0	0
EHM034692|EHA02331_bin.15_gene_166_6	C287	1	1	1	1	0	1	1	0	0	0	1	1	0	0
EHM034692|EHA02331_bin.15_gene_166_10	C287	1	1	1	1	1	1	1	1	0	0	1	1	0	0
EHM034692|EHA02331_bin.15_gene_166_11	C287	1	1	1	1	1	1	0	1	0	0	1	1	0	0
EHM034692|EHA02331_bin.15_gene_166_12	C287	1	1	1	1	1	1	0	1	0	0	1	1	0	0
EHM034692|EHA02331_bin.15_gene_166_13	C287	1	1	1	1	1	1	0	1	0	0	1	1	0	0
EHM034692|EHA02331_bin.15_gene_166_14	C287	1	1	1	1	1	1	1	1	1	1	1	1	1	1
EHM034692|EHA02331_bin.15_gene_166_15	C287	1	1	1	1	1	1	0	1	1	1	1	1	1	1
EHM034692|EHA02331_bin.15_gene_167_6	C287	1	1	1	1	1	1	0	1	1	1	0	0	0	1
EHM034692|EHA02331_bin.15_gene_167_7	C287	1	1	1	1	1	1	1	1	1	1	1	1	1	1
EHM034692|EHA02331_bin.15_gene_167_9	C287	1	1	1	1	1	1	0	0	0	0	0	0	0	0
EHM034692|EHA02331_bin.15_gene_167_12	C287	1	1	1	1	1	1	1	1	0	0	1	1	0	0
EHM034692|EHA02331_bin.15_gene_168_2	C287	1	1	1	1	1	1	0	0	1	0	1	1	0	1
EHM034692|EHA02331_bin.15_gene_168_8	C287	1	1	1	1	1	1	0	1	0	0	1	1	0	1
EHM034692|EHA02331_bin.15_gene_168_9	C287	1	1	1	1	0	0	0	0	0	0	0	0	0	0
EHM034692|EHA02331_bin.15_gene_168_10	C287	1	1	1	1	1	1	1	1	1	1	1	1	1	1
EHM034692|EHA02331_bin.15_gene_169_2	C287	1	1	1	1	1	1	1	0	0	0	1	1	1	0
EHM034692|EHA02331_bin.15_gene_169_3	C287	1	1	1	1	1	1	1	0	1	0	1	1	1	1
EHM034692|EHA02331_bin.15_gene_169_4	C287	1	1	1	1	1	1	1	1	1	1	1	1	1	1
EHM034692|EHA02331_bin.15_gene_169_5	C287	1	1	1	1	1	1	0	1	1	1	0	1	0	1
EHM034692|EHA02331_bin.15_gene_169_6	C287	1	1	1	1	0	1	1	1	1	1	0	0	1	1
EHM034692|EHA02331_bin.15_gene_169_7	C287	1	1	1	1	0	1	1	0	1	1	0	0	0	0
EHM034692|EHA02331_bin.15_gene_169_8	C287	1	1	1	1	1	1	1	0	0	0	1	1	1	1
EHM034692|EHA02331_bin.15_gene_169_9	C287	1	1	1	1	1	1	1	1	1	1	1	1	1	1
EHM034692|EHA02331_bin.15_gene_169_10	C287	1	1	1	1	1	0	0	0	0	0	0	0	0	0
EHM034692|EHA02331_bin.15_gene_169_11	C287	1	1	1	1	1	1	1	1	1	1	1	1	1	1
EHM034692|EHA02331_bin.15_gene_169_12	C287	1	1	1	1	1	1	0	1	1	1	0	1	1	1
EHM034692|EHA02331_bin.15_gene_169_23	C287	1	1	1	1	1	1	1	0	0	0	1	0	0	1
EHM034692|EHA02331_bin.15_gene_169_24	C287	1	1	1	1	1	1	1	1	1	1	1	1	1	1
EHM034692|EHA02331_bin.15_gene_169_25	C287	1	1	1	1	1	1	0	1	0	0	1	1	0	0
EHM034692|EHA02331_bin.15_gene_169_26	C287	1	1	1	1	1	1	0	1	1	1	1	1	1	1
EHM034692|EHA02331_bin.15_gene_169_28	C287	1	1	1	1	1	1	1	0	1	0	1	1	1	1
EHM034692|EHA02331_bin.15_gene_169_30	C287	1	1	1	1	1	1	0	0	0	0	0	1	0	0
EHM034692|EHA02331_bin.15_gene_169_31	C287	1	1	1	1	1	1	1	1	1	1	1	1	1	1
EHM034692|EHA02331_bin.15_gene_169_32	C287	1	1	1	1	0	0	1	1	1	1	1	1	1	1
EHM034692|EHA02331_bin.15_gene_169_33	C287	1	1	1	1	1	0	0	1	0	1	1	1	0	1
EHM034692|EHA02331_bin.15_gene_169_35	C287	1	1	1	1	1	1	0	1	1	1	0	1	1	1
EHM034692|EHA02331_bin.15_gene_169_36	C287	1	1	1	1	0	1	0	0	0	0	0	0	0	0
EHM034692|EHA02331_bin.15_gene_169_37	C287	1	1	1	1	1	1	0	0	0	0	1	0	0	0
EHM034692|EHA02331_bin.15_gene_169_38	C287	1	1	1	1	1	0	0	1	0	0	0	1	0	0
EHM034692|EHA02331_bin.15_gene_169_39	C287	1	1	1	1	1	1	1	1	0	0	0	1	0	0
EHM034692|EHA02331_bin.15_gene_169_40	C287	1	1	1	1	1	1	1	1	0	1	0	1	1	1
EHM034692|EHA02331_bin.15_gene_169_41	C287	1	1	1	1	1	1	1	1	1	1	1	1	1	1
EHM034692|EHA02331_bin.15_gene_169_42	C287	1	1	1	1	1	1	1	1	1	1	1	1	1	1
EHM034692|EHA02331_bin.15_gene_169_43	C287	1	1	0	1	1	1	1	1	1	1	1	1	1	1
EHM034692|EHA02331_bin.15_gene_169_45	C287	1	1	1	1	1	1	1	0	1	1	1	1	1	1
EHM034692|EHA02331_bin.15_gene_169_47	C287	1	1	1	1	1	1	0	1	1	1	0	1	1	1
EHM034692|EHA02331_bin.15_gene_170_2	C287	1	1	1	1	1	1	1	1	1	1	1	1	1	0
EHM034692|EHA02331_bin.15_gene_170_3	C287	1	1	1	1	1	1	0	1	0	0	1	1	0	0
EHM034692|EHA02331_bin.15_gene_170_4	C287	1	1	1	1	1	1	1	1	1	1	1	1	1	1
EHM034692|EHA02331_bin.15_gene_170_5	C287	1	1	1	1	1	1	0	1	1	1	1	1	1	1
EHM034692|EHA02331_bin.15_gene_170_6	C287	1	1	1	1	1	1	1	0	0	0	1	1	1	1
EHM034692|EHA02331_bin.15_gene_170_7	C287	1	1	1	1	1	1	1	1	0	0	0	1	0	0
EHM034692|EHA02331_bin.15_gene_170_8	C287	1	1	0	1	0	0	0	0	0	0	0	1	0	0
EHM034692|EHA02331_bin.15_gene_171_1	C287	1	1	1	1	1	1	1	1	1	1	0	1	1	1
EHM034692|EHA02331_bin.15_gene_171_2	C287	1	1	1	1	1	1	0	1	1	1	1	1	1	1
EHM034692|EHA02331_bin.15_gene_171_3	C287	1	1	1	1	1	1	1	1	1	1	1	1	1	1
EHM034692|EHA02331_bin.15_gene_171_4	C287	1	1	1	1	1	1	0	0	0	0	0	0	0	0
EHM034692|EHA02331_bin.15_gene_172_4	C287	1	1	1	1	1	1	1	1	1	1	1	1	1	1
EHM034692|EHA02331_bin.15_gene_172_5	C287	1	1	1	1	1	1	1	1	1	0	1	1	1	0
EHM034692|EHA02331_bin.15_gene_172_6	C287	1	1	1	1	1	1	1	1	1	1	1	1	1	1
EHM034692|EHA02331_bin.15_gene_172_7	C287	1	1	1	1	1	1	1	0	0	0	1	1	0	1
EHM034692|EHA02331_bin.15_gene_172_8	C287	1	1	0	0	0	0	0	0	0	0	0	0	0	0
EHM034692|EHA02331_bin.15_gene_172_10	C287	1	1	1	1	1	1	1	1	0	0	0	0	0	0
EHM034692|EHA02331_bin.15_gene_172_11	C287	1	1	1	1	1	1	1	1	1	1	1	1	1	1
EHM034692|EHA02331_bin.15_gene_172_12	C287	1	1	1	1	1	1	1	1	1	0	0	1	1	1
EHM034692|EHA02331_bin.15_gene_172_13	C287	1	1	1	1	1	1	0	0	0	1	0	0	0	1
EHM034692|EHA02331_bin.15_gene_172_14	C287	1	1	1	1	0	0	0	0	0	0	0	0	0	0
EHM034692|EHA02331_bin.15_gene_172_15	C287	1	1	1	1	1	1	1	1	0	1	1	1	0	0
EHM034692|EHA02331_bin.15_gene_172_16	C287	1	1	1	1	1	1	1	1	1	1	1	1	1	1
EHM034692|EHA02331_bin.15_gene_172_17	C287	1	1	1	1	1	1	0	1	0	0	0	0	0	0
EHM034692|EHA02331_bin.15_gene_172_18	C287	1	1	1	1	1	1	1	1	1	1	1	1	1	1
EHM034692|EHA02331_bin.15_gene_172_20	C287	1	1	1	1	1	1	1	1	1	1	0	1	0	1
EHM034692|EHA02331_bin.15_gene_172_22	C287	1	1	0	1	0	1	0	1	0	0	0	0	0	1
EHM034692|EHA02331_bin.15_gene_172_23	C287	1	1	0	0	0	1	0	1	0	0	0	0	0	1
EHM034692|EHA02331_bin.15_gene_172_24	C287	1	1	1	1	1	1	1	1	1	1	0	0	1	1
EHM034692|EHA02331_bin.15_gene_173_2	C287	1	1	1	1	0	0	0	0	0	0	1	0	0	0
EHM034692|EHA02331_bin.15_gene_173_3	C287	1	1	1	1	0	0	0	0	0	0	0	0	0	0
EHM034692|EHA02331_bin.15_gene_173_5	C287	1	1	1	1	1	1	1	1	1	1	1	1	0	1
EHM034692|EHA02331_bin.15_gene_173_6	C287	1	1	1	1	1	1	0	0	1	1	0	0	0	1
EHM034692|EHA02331_bin.15_gene_173_7	C287	1	1	1	1	0	1	0	0	0	0	0	0	0	0
EHM034692|EHA02331_bin.15_gene_174_1	C287	1	1	1	1	1	1	1	1	1	1	1	1	1	1
EHM034692|EHA02331_bin.15_gene_174_4	C287	1	1	1	1	1	1	1	1	1	1	1	1	1	1
EHM034692|EHA02331_bin.15_gene_174_7	C287	1	1	1	1	1	1	0	1	1	1	1	1	1	1
EHM034692|EHA02331_bin.15_gene_174_8	C287	1	1	1	1	1	1	0	1	1	1	1	1	1	1
EHM034692|EHA02331_bin.15_gene_175_1	C287	1	1	1	1	0	1	0	0	1	1	0	0	1	1
EHM034692|EHA02331_bin.15_gene_175_2	C287	1	1	1	1	1	1	0	1	0	0	0	0	0	0
EHM034692|EHA02331_bin.15_gene_175_4	C287	1	1	1	1	1	1	1	1	1	1	0	1	0	1
EHM034692|EHA02331_bin.15_gene_176_2	C287	1	1	1	1	1	1	0	0	0	0	0	1	0	0
EHM034692|EHA02331_bin.15_gene_176_3	C287	1	1	1	1	1	1	1	1	1	1	0	1	1	1
EHM034692|EHA02331_bin.15_gene_176_4	C287	1	1	1	1	0	1	0	0	0	0	0	1	1	0
EHM034692|EHA02331_bin.15_gene_177_1	C287	1	1	1	1	1	1	1	1	1	1	1	1	1	1
EHM034692|EHA02331_bin.15_gene_177_3	C287	1	1	1	1	1	1	1	1	1	1	1	1	0	1
EHM034692|EHA02331_bin.15_gene_177_4	C287	1	1	1	1	1	1	1	1	0	0	1	1	0	0
EHM034692|EHA02331_bin.15_gene_177_5	C287	1	1	1	1	1	1	1	1	0	0	1	1	0	0
EHM034692|EHA02331_bin.15_gene_177_6	C287	1	1	1	1	0	0	1	0	0	0	1	0	0	0
EHM034692|EHA02331_bin.15_gene_177_7	C287	1	1	0	0	0	0	0	0	1	1	0	0	0	0
EHM034692|EHA02331_bin.15_gene_178_5	C287	1	1	1	1	1	1	0	0	0	0	1	0	0	0
EHM034692|EHA02331_bin.15_gene_178_6	C287	1	1	1	1	1	1	1	0	0	0	1	1	1	1
EHM034692|EHA02331_bin.15_gene_178_7	C287	1	1	1	1	0	0	0	0	0	0	0	0	0	0
EHM034692|EHA02331_bin.15_gene_178_8	C287	1	1	1	1	0	0	1	0	0	0	0	0	0	0
EHM034692|EHA02331_bin.15_gene_179_3	C287	1	1	1	1	1	1	1	1	1	1	1	1	1	1
EHM034692|EHA02331_bin.15_gene_179_4	C287	1	1	1	1	1	1	1	1	1	1	0	1	0	1
EHM034692|EHA02331_bin.15_gene_179_5	C287	1	1	1	1	1	1	0	1	0	0	0	1	0	1
EHM034692|EHA02331_bin.15_gene_179_6	C287	1	1	1	1	1	1	0	1	1	1	1	1	1	1
EHM034692|EHA02331_bin.15_gene_180_1	C287	1	1	1	1	0	1	1	1	1	1	1	1	1	1
EHM034692|EHA02331_bin.15_gene_180_2	C287	1	1	1	1	1	1	0	1	1	1	1	1	1	1
EHM034692|EHA02331_bin.15_gene_180_3	C287	1	1	1	1	1	1	0	1	1	1	1	1	1	1
EHM034692|EHA02331_bin.15_gene_180_4	C287	1	1	1	1	1	1	0	1	1	1	1	1	1	1
EHM034692|EHA02331_bin.15_gene_181_1	C287	1	1	1	0	0	0	0	0	0	0	0	0	0	0
EHM034692|EHA02331_bin.15_gene_181_2	C287	1	1	1	0	0	0	0	0	0	0	0	0	0	0
EHM034692|EHA02331_bin.15_gene_181_3	C287	1	1	1	0	0	0	0	0	0	0	0	0	0	0
EHM034692|EHA02331_bin.15_gene_182_7	C287	1	1	0	0	0	0	0	0	0	0	0	0	0	0
EHM034692|EHA02331_bin.15_gene_183_3	C287	1	1	1	1	0	1	0	1	0	0	0	0	0	0
EHM034692|EHA02331_bin.15_gene_183_8	C287	1	1	1	1	1	1	1	1	1	1	1	0	1	1
EHM034692|EHA02331_bin.15_gene_185_1	C287	1	1	1	1	1	0	1	1	1	1	0	1	1	1
EHM034692|EHA02331_bin.15_gene_185_4	C287	1	1	1	1	1	0	1	1	1	1	0	1	1	1
EHM034692|EHA02331_bin.15_gene_185_5	C287	1	1	1	1	1	1	1	0	0	0	1	0	1	1
EHM034692|EHA02331_bin.15_gene_185_6	C287	1	1	1	1	1	1	1	1	1	1	1	1	1	1
EHM034692|EHA02331_bin.15_gene_185_7	C287	1	1	1	1	1	1	1	1	1	1	1	1	1	1
EHM034692|EHA02331_bin.15_gene_185_8	C287	1	1	1	1	0	1	1	1	0	0	1	1	0	0
EHM034692|EHA02331_bin.15_gene_185_10	C287	1	1	1	1	1	1	1	1	0	0	1	1	0	0
EHM034692|EHA02331_bin.15_gene_185_11	C287	1	1	1	1	1	1	1	1	0	0	0	1	0	0
EHM034692|EHA02331_bin.15_gene_185_13	C287	1	1	1	1	1	1	1	1	1	1	1	1	1	1
EHM034692|EHA02331_bin.15_gene_186_1	C287	1	1	1	1	0	0	0	0	0	0	0	0	0	0
EHM034692|EHA02331_bin.15_gene_186_2	C287	1	1	1	1	0	0	1	0	0	0	0	0	0	0
EHM034692|EHA02331_bin.15_gene_186_3	C287	1	1	1	1	1	1	1	1	1	1	1	1	1	1
EHM034692|EHA02331_bin.15_gene_186_4	C287	1	1	1	1	1	1	1	1	1	1	1	1	1	1
EHM034692|EHA02331_bin.15_gene_186_5	C287	1	1	1	1	1	1	1	1	1	1	1	1	1	1
EHM034692|EHA02331_bin.15_gene_186_6	C287	1	1	1	1	1	1	1	1	1	1	1	1	0	1
EHM034692|EHA02331_bin.15_gene_186_8	C287	1	1	1	1	1	1	1	1	1	1	1	1	1	1
EHM034692|EHA02331_bin.15_gene_186_9	C287	1	1	1	1	1	1	0	1	1	1	0	1	1	1
EHM034692|EHA02331_bin.15_gene_186_10	C287	1	1	1	1	1	1	0	1	0	0	0	0	1	0
EHM034692|EHA02331_bin.15_gene_186_11	C287	1	1	1	1	1	1	1	1	1	1	0	1	1	1
EHM034692|EHA02331_bin.15_gene_186_12	C287	1	1	1	1	0	1	1	1	1	1	0	1	1	1
EHM034692|EHA02331_bin.15_gene_187_1	C287	1	1	1	1	1	1	0	1	1	1	1	1	1	1
EHM034692|EHA02331_bin.15_gene_187_2	C287	1	1	1	1	1	1	1	1	1	1	0	1	1	1
EHM034692|EHA02331_bin.15_gene_187_5	C287	1	1	0	1	1	0	0	0	0	0	1	1	1	1
EHM034692|EHA02331_bin.15_gene_187_7	C287	1	1	1	1	1	1	0	1	1	0	1	1	1	1
EHM034692|EHA02331_bin.15_gene_188_2	C287	1	1	1	1	1	1	1	1	1	1	0	1	1	1
EHM034692|EHA02331_bin.15_gene_188_4	C287	1	1	1	1	1	1	1	1	1	1	1	1	1	1
EHM034692|EHA02331_bin.15_gene_188_5	C287	1	1	1	1	0	0	0	1	0	0	0	1	0	0
EHM034692|EHA02331_bin.15_gene_188_6	C287	1	1	1	1	1	0	1	0	0	0	1	1	0	0
EHM034692|EHA02331_bin.15_gene_188_8	C287	1	1	1	1	1	1	1	1	1	1	0	0	1	1
EHM034692|EHA02331_bin.15_gene_188_9	C287	1	1	1	1	1	0	1	1	1	1	0	0	0	1
EHM034692|EHA02331_bin.15_gene_189_1	C287	1	1	1	1	0	1	1	1	1	0	0	1	1	1
EHM034692|EHA02331_bin.15_gene_189_2	C287	1	1	1	1	0	1	0	1	1	1	0	1	1	1
EHM034692|EHA02331_bin.15_gene_191_1	C287	1	1	1	1	1	1	1	1	1	0	0	1	1	1
EHM034692|EHA02331_bin.15_gene_191_2	C287	1	1	1	1	1	1	1	1	1	1	1	1	0	1
EHM034692|EHA02331_bin.15_gene_191_3	C287	1	1	1	1	0	0	0	1	0	0	1	1	0	0
EHM034692|EHA02331_bin.15_gene_191_4	C287	1	1	1	1	1	1	1	1	1	0	1	1	1	1
EHM034692|EHA02331_bin.15_gene_191_5	C287	1	1	1	1	1	1	0	0	0	0	1	1	0	0
EHM034692|EHA02331_bin.15_gene_191_6	C287	1	1	1	1	1	1	1	1	0	0	1	1	0	1
EHM034692|EHA02331_bin.15_gene_191_7	C287	1	1	1	1	1	1	1	1	1	0	0	1	1	1
EHM034692|EHA02331_bin.15_gene_191_8	C287	1	1	1	1	1	1	1	1	1	1	1	1	1	1
EHM034692|EHA02331_bin.15_gene_191_9	C287	1	1	1	1	1	1	1	1	1	1	1	1	1	1
EHM034692|EHA02331_bin.15_gene_191_10	C287	1	1	1	1	1	1	0	1	1	1	1	1	1	1
EHM034692|EHA02331_bin.15_gene_191_12	C287	1	1	1	1	0	1	0	0	1	1	0	0	1	1
EHM034692|EHA02331_bin.15_gene_192_1	C287	1	1	1	1	0	0	0	0	0	0	0	0	0	0
EHM034692|EHA02331_bin.15_gene_192_2	C287	1	1	1	1	1	1	1	1	1	1	1	1	1	1
EHM034692|EHA02331_bin.15_gene_192_3	C287	1	1	1	1	1	1	1	1	1	0	1	1	1	1
EHM034692|EHA02331_bin.15_gene_192_4	C287	1	1	1	1	1	1	1	1	1	0	1	1	1	1
EHM034692|EHA02331_bin.15_gene_193_1	C287	1	1	1	1	1	1	1	1	1	1	1	1	1	1
EHM034692|EHA02331_bin.15_gene_193_2	C287	1	1	1	1	1	1	1	1	0	1	1	1	1	1
EHM034692|EHA02331_bin.15_gene_194_1	C287	1	1	1	1	0	1	0	0	0	0	0	0	0	0
EHM034692|EHA02331_bin.15_gene_194_2	C287	1	1	1	1	1	1	0	1	1	1	1	1	1	1
EHM034692|EHA02331_bin.15_gene_194_3	C287	1	1	1	1	1	1	0	1	1	1	1	1	1	1
EHM034692|EHA02331_bin.15_gene_194_5	C287	1	1	1	1	1	1	0	1	1	1	0	0	1	0
EHM034692|EHA02331_bin.15_gene_194_6	C287	1	1	1	1	1	1	1	1	1	1	1	1	1	0
EHM034692|EHA02331_bin.15_gene_194_7	C287	1	1	1	1	1	1	1	1	1	1	0	1	1	1
EHM034692|EHA02331_bin.15_gene_194_8	C287	1	1	1	1	1	1	1	1	1	1	1	1	1	1
EHM034692|EHA02331_bin.15_gene_194_10	C287	1	1	1	1	1	1	0	1	1	1	0	1	1	1
EHM034692|EHA02331_bin.15_gene_194_11	C287	1	1	1	1	1	1	1	1	1	1	1	1	1	1
EHM034692|EHA02331_bin.15_gene_194_13	C287	1	1	1	1	0	0	0	0	0	0	0	0	0	0
EHM034692|EHA02331_bin.15_gene_194_14	C287	1	1	1	1	1	1	0	0	0	0	0	0	0	0
EHM034692|EHA02331_bin.15_gene_194_15	C287	1	1	1	1	0	0	0	0	0	0	0	0	0	0
EHM034692|EHA02331_bin.15_gene_194_18	C287	1	1	1	1	1	0	0	1	0	0	1	1	0	1
EHM034692|EHA02331_bin.15_gene_195_1	C287	1	1	1	1	1	1	1	0	0	0	1	1	0	0
EHM034692|EHA02331_bin.15_gene_196_2	C287	1	1	1	1	1	1	0	0	0	0	0	1	0	0
EHM034692|EHA02331_bin.15_gene_197_2	C287	1	1	1	1	1	1	1	1	1	0	1	0	0	1
EHM034692|EHA02331_bin.15_gene_197_8	C287	1	1	1	1	1	1	0	1	1	1	0	1	1	1
EHM034692|EHA02331_bin.15_gene_197_11	C287	1	1	1	1	1	1	1	0	0	0	1	1	1	1
EHM034692|EHA02331_bin.15_gene_197_12	C287	1	1	1	1	1	1	1	1	0	1	1	1	1	0
EHM034692|EHA02331_bin.15_gene_197_13	C287	1	1	1	1	1	0	1	1	1	1	1	1	1	1
EHM034692|EHA02331_bin.15_gene_198_2	C287	1	1	0	0	0	0	1	0	0	0	0	0	1	0
EHM034692|EHA02331_bin.15_gene_198_3	C287	1	1	0	0	0	1	1	0	0	0	0	0	0	0
EHM034692|EHA02331_bin.15_gene_198_4	C287	1	1	0	0	0	0	0	0	0	0	0	0	0	0
EHM034692|EHA02331_bin.15_gene_199_1	C287	1	1	1	1	1	1	1	1	1	1	1	1	1	1
EHM034692|EHA02331_bin.15_gene_199_2	C287	1	1	1	1	1	1	1	1	1	1	1	1	1	1
EHM034692|EHA02331_bin.15_gene_199_4	C287	1	1	1	1	1	0	1	0	0	0	1	1	0	0
EHM034692|EHA02331_bin.15_gene_199_6	C287	1	1	1	1	0	1	0	1	0	0	1	1	0	0
EHM034692|EHA02331_bin.15_gene_199_12	C287	1	1	1	1	1	1	0	1	1	1	0	0	0	1
EHM034692|EHA02331_bin.15_gene_199_13	C287	1	1	1	1	1	1	1	1	1	1	1	1	0	0
EHM034692|EHA02331_bin.15_gene_199_14	C287	1	1	1	1	1	1	1	1	0	1	0	1	1	1
EHM034692|EHA02331_bin.15_gene_199_15	C287	1	1	1	1	1	1	1	1	1	1	1	1	1	1
EHM034692|EHA02331_bin.15_gene_199_17	C287	1	1	1	1	0	0	0	0	0	0	0	0	0	0
EHM034692|EHA02331_bin.15_gene_199_29	C287	1	1	1	1	0	1	0	0	0	0	0	0	0	0
EHM034692|EHA02331_bin.15_gene_199_31	C287	1	1	1	1	1	0	1	1	0	1	1	1	0	0
EHM034692|EHA02331_bin.15_gene_199_33	C287	1	1	1	1	1	1	0	1	1	1	1	1	1	1
EHM034692|EHA02331_bin.15_gene_200_2	C287	1	1	1	1	1	1	1	1	1	1	1	1	1	1
EHM034692|EHA02331_bin.15_gene_200_3	C287	1	1	1	1	1	1	1	1	1	1	1	1	1	1
EHM034692|EHA02331_bin.15_gene_200_4	C287	1	1	1	1	1	1	1	1	1	1	1	1	1	1
EHM034692|EHA02331_bin.15_gene_201_1	C287	1	1	1	1	1	0	1	0	1	0	0	0	0	0
EHM034692|EHA02331_bin.15_gene_201_3	C287	1	1	1	1	1	1	0	1	1	1	1	1	1	1
EHM034692|EHA02331_bin.15_gene_201_4	C287	1	1	1	1	1	1	0	1	1	1	1	1	1	1
EHM034692|EHA02331_bin.15_gene_201_5	C287	1	1	1	1	1	1	1	1	1	1	1	1	0	1
EHM034692|EHA02331_bin.15_gene_201_6	C287	1	1	1	1	1	1	1	1	1	1	1	1	1	1
EHM034692|EHA02331_bin.15_gene_201_7	C287	1	1	1	1	1	1	1	1	1	1	0	1	1	1
EHM034692|EHA02331_bin.15_gene_201_10	C287	1	1	1	1	0	1	0	0	0	0	0	0	0	0
EHM034692|EHA02331_bin.15_gene_201_11	C287	1	1	1	1	1	1	0	1	1	1	0	1	1	1
EHM034692|EHA02331_bin.15_gene_202_4	C287	1	1	0	0	0	1	1	1	1	0	0	1	1	1
EHM034692|EHA02331_bin.15_gene_203_2	C287	1	1	0	0	0	0	0	0	0	0	0	0	0	0
EHM034692|EHA02331_bin.15_gene_203_5	C287	1	1	1	1	1	1	1	1	1	1	1	1	1	1
EHM034692|EHA02331_bin.15_gene_203_6	C287	1	1	1	1	1	1	1	1	1	1	1	1	1	1
EHM034692|EHA02331_bin.15_gene_203_7	C287	1	1	1	1	1	1	0	0	0	0	1	0	0	0
EHM034692|EHA02331_bin.15_gene_203_8	C287	1	1	1	1	1	1	1	1	1	1	1	1	1	1
EHM034692|EHA02331_bin.15_gene_204_4	C287	1	1	1	1	1	1	0	0	0	0	1	0	1	0
EHM034692|EHA02331_bin.15_gene_205_2	C287	1	1	1	1	1	1	1	1	1	1	0	1	1	1
EHM034692|EHA02331_bin.15_gene_205_3	C287	1	1	1	1	1	1	1	1	1	1	1	1	1	1
EHM034692|EHA02331_bin.15_gene_205_4	C287	1	1	1	1	0	1	0	0	0	0	1	0	0	0
EHM034692|EHA02331_bin.15_gene_205_6	C287	1	1	1	1	1	1	0	1	1	0	0	0	0	1
EHM034692|EHA02331_bin.15_gene_206_1	C287	1	1	0	0	0	0	0	0	0	0	0	0	0	1
EHM034692|EHA02331_bin.15_gene_206_6	C287	1	1	1	1	1	1	1	1	1	1	1	1	1	1
EHM034692|EHA02331_bin.15_gene_206_8	C287	1	1	0	0	1	1	0	0	0	0	0	0	0	0
EHM034692|EHA02331_bin.15_gene_206_9	C287	1	1	1	1	1	1	0	1	1	1	1	1	1	1
EHM034692|EHA02331_bin.15_gene_206_10	C287	1	1	1	1	1	1	0	1	0	1	1	0	1	0
EHM034692|EHA02331_bin.15_gene_206_12	C287	1	1	1	1	1	1	1	1	0	1	1	1	0	0
EHM034692|EHA02331_bin.15_gene_206_13	C287	1	1	1	1	1	1	0	0	1	0	0	0	1	1
EHM034692|EHA02331_bin.15_gene_206_18	C287	1	1	1	1	1	1	0	0	0	0	0	0	0	0
EHM034692|EHA02331_bin.15_gene_206_19	C287	1	1	1	1	0	1	1	1	0	0	1	1	0	0
EHM034692|EHA02331_bin.15_gene_206_20	C287	1	1	1	1	1	1	1	1	1	1	1	1	1	1
EHM034692|EHA02331_bin.15_gene_206_21	C287	1	1	1	1	1	1	1	1	1	1	0	0	1	1
EHM034692|EHA02331_bin.15_gene_206_22	C287	1	1	1	1	1	1	1	0	0	0	1	1	0	0
EHM034692|EHA02331_bin.15_gene_206_23	C287	1	1	1	1	1	1	1	0	0	0	1	1	0	0
EHM034692|EHA02331_bin.15_gene_207_1	C287	1	1	1	1	1	1	1	1	1	1	1	1	1	1
EHM034692|EHA02331_bin.15_gene_207_2	C287	1	1	1	1	1	1	1	0	0	0	0	0	0	0
EHM034692|EHA02331_bin.15_gene_207_3	C287	1	1	1	1	1	1	1	1	1	1	1	1	0	0
EHM034692|EHA02331_bin.15_gene_207_5	C287	1	1	1	0	1	1	1	1	1	1	1	1	1	1
EHM034692|EHA02331_bin.15_gene_207_6	C287	1	1	1	0	1	1	1	1	1	1	1	1	1	1
EHM034692|EHA02331_bin.15_gene_207_7	C287	1	1	1	1	0	1	1	1	1	1	0	1	1	1
EHM034692|EHA02331_bin.15_gene_207_8	C287	1	1	1	1	1	1	1	1	1	1	1	1	1	1
EHM034692|EHA02331_bin.15_gene_207_9	C287	1	1	1	1	1	1	1	1	1	1	1	1	1	0
EHM034692|EHA02331_bin.15_gene_207_10	C287	1	1	1	1	1	1	1	1	1	1	1	1	1	1
EHM034692|EHA02331_bin.15_gene_208_2	C287	1	1	1	1	0	0	0	0	0	0	0	0	0	0
EHM034692|EHA02331_bin.15_gene_208_3	C287	1	1	1	1	0	0	0	0	0	0	1	1	0	0
EHM034692|EHA02331_bin.15_gene_208_4	C287	1	1	1	1	0	1	0	0	0	0	0	0	0	0
EHM034692|EHA02331_bin.15_gene_208_5	C287	1	1	1	1	0	0	1	1	1	1	0	0	0	0
EHM034692|EHA02331_bin.15_gene_208_6	C287	1	1	1	1	1	1	1	1	1	1	1	1	0	0
EHM034692|EHA02331_bin.15_gene_208_7	C287	1	1	1	1	1	1	1	0	0	0	0	0	0	0
EHM034692|EHA02331_bin.15_gene_208_11	C287	1	1	1	1	1	1	1	0	0	0	0	0	0	0
EHM034692|EHA02331_bin.15_gene_209_1	C287	1	1	1	1	1	1	1	1	1	0	1	0	0	0
EHM034692|EHA02331_bin.15_gene_209_2	C287	1	1	1	1	1	1	1	1	1	1	0	1	1	1
EHM034692|EHA02331_bin.15_gene_209_3	C287	1	1	1	1	1	1	1	1	1	1	1	1	1	1
EHM034692|EHA02331_bin.15_gene_210_1	C287	1	1	1	1	1	1	1	1	1	1	1	1	1	1
EHM034692|EHA02331_bin.15_gene_210_6	C287	1	1	1	1	1	1	1	1	1	0	0	1	1	1
EHM034692|EHA02331_bin.15_gene_210_7	C287	1	1	1	1	1	1	1	1	1	1	0	1	1	1
EHM034692|EHA02331_bin.15_gene_210_8	C287	1	1	0	1	0	0	0	0	0	1	1	1	0	0
EHM034692|EHA02331_bin.15_gene_210_9	C287	1	1	1	1	1	1	0	1	1	1	1	1	1	1
EHM034692|EHA02331_bin.15_gene_210_10	C287	1	1	1	1	1	1	0	1	1	1	1	1	1	1
EHM034692|EHA02331_bin.15_gene_210_11	C287	1	1	1	1	1	1	1	1	1	1	0	1	1	1
EHM034692|EHA02331_bin.15_gene_210_12	C287	1	1	1	1	1	1	1	1	1	1	1	1	1	1
EHM034692|EHA02331_bin.15_gene_211_1	C287	1	1	1	1	1	1	1	1	1	1	1	1	1	1
EHM034692|EHA02331_bin.15_gene_211_4	C287	1	1	1	1	1	1	0	0	0	0	0	1	1	1
EHM034692|EHA02331_bin.15_gene_211_5	C287	1	1	1	1	1	1	1	1	1	1	1	1	1	1
EHM034692|EHA02331_bin.15_gene_211_7	C287	1	1	1	1	1	1	0	0	0	0	0	0	0	0
EHM034692|EHA02331_bin.15_gene_211_8	C287	1	1	1	1	0	0	0	0	0	0	0	1	0	0
EHM034692|EHA02331_bin.15_gene_212_1	C287	1	1	1	1	1	1	0	1	1	1	1	1	1	1
EHM034692|EHA02331_bin.15_gene_212_2	C287	1	1	1	1	1	1	1	1	1	1	1	1	1	1
EHM034692|EHA02331_bin.15_gene_212_3	C287	1	1	1	1	1	1	1	1	1	1	1	1	1	1
EHM034692|EHA02331_bin.15_gene_212_4	C287	1	1	1	1	0	1	0	0	0	0	0	0	0	0
EHM034692|EHA02331_bin.15_gene_212_5	C287	1	1	1	1	0	1	1	1	1	1	0	1	1	1
EHM034692|EHA02331_bin.15_gene_212_6	C287	1	1	1	1	0	0	0	0	0	0	0	0	0	0
EHM034692|EHA02331_bin.15_gene_213_1	C287	1	1	1	1	1	1	1	1	1	0	1	1	1	1
EHM034692|EHA02331_bin.15_gene_213_3	C287	1	1	1	1	1	1	1	1	1	1	1	1	1	1
EHM034692|EHA02331_bin.15_gene_213_4	C287	1	1	1	1	1	1	1	1	0	0	1	1	0	0
EHM034692|EHA02331_bin.15_gene_213_6	C287	1	1	1	1	0	0	1	0	0	0	0	0	0	0
EHM034692|EHA02331_bin.15_gene_213_8	C287	1	1	1	1	0	1	1	0	0	0	0	0	0	0
EHM034692|EHA02331_bin.15_gene_213_9	C287	1	1	1	1	0	1	1	0	1	0	0	0	1	0
EHM034692|EHA02331_bin.15_gene_214_2	C287	1	1	1	1	1	1	0	0	0	0	0	0	0	0
EHM034692|EHA02331_bin.15_gene_214_3	C287	1	1	1	1	1	1	1	1	1	1	1	1	1	1
EHM034692|EHA02331_bin.15_gene_214_4	C287	1	1	1	1	1	1	0	0	0	0	0	1	0	0
EHM034692|EHA02331_bin.15_gene_214_5	C287	1	1	1	1	1	1	1	0	1	1	0	1	0	1
EHM034692|EHA02331_bin.15_gene_214_6	C287	1	1	1	1	1	1	1	1	1	1	1	1	1	1
EHM034692|EHA02331_bin.15_gene_214_9	C287	1	1	1	1	1	0	1	1	1	1	0	1	1	1
EHM034692|EHA02331_bin.15_gene_214_12	C287	1	1	1	1	1	1	1	1	1	1	0	1	1	1
EHM034692|EHA02331_bin.15_gene_214_13	C287	1	1	1	1	1	1	1	1	1	1	0	1	1	1
EHM034692|EHA02331_bin.15_gene_214_14	C287	1	1	1	1	1	0	0	0	0	0	0	0	0	0
EHM034692|EHA02331_bin.15_gene_214_15	C287	1	1	1	1	1	1	1	1	0	0	1	1	1	1
EHM034692|EHA02331_bin.15_gene_214_16	C287	1	1	1	1	1	1	1	0	0	0	1	1	0	1
EHM034692|EHA02331_bin.15_gene_214_17	C287	1	1	1	1	1	1	1	0	1	1	1	1	1	1
EHM034692|EHA02331_bin.15_gene_214_18	C287	1	1	1	1	1	1	1	1	1	1	1	1	1	1
EHM034692|EHA02331_bin.15_gene_214_19	C287	1	1	1	1	1	1	0	1	1	1	1	1	1	1
EHM034692|EHA02331_bin.15_gene_214_20	C287	1	1	1	1	1	1	0	1	1	1	1	1	1	1
EHM034692|EHA02331_bin.15_gene_214_21	C287	1	1	1	1	1	1	1	0	1	0	1	0	0	0
EHM034692|EHA02331_bin.15_gene_214_24	C287	1	1	1	1	1	1	1	1	1	0	1	1	1	0
EHM034692|EHA02331_bin.15_gene_214_25	C287	1	1	1	1	1	1	1	1	0	0	1	0	0	0
EHM034692|EHA02331_bin.15_gene_215_2	C287	1	1	1	1	1	1	1	1	1	1	0	1	1	1
EHM034692|EHA02331_bin.15_gene_215_3	C287	1	1	1	1	1	1	1	1	1	1	1	1	1	1
EHM034692|EHA02331_bin.15_gene_215_6	C287	1	1	1	1	1	1	1	1	1	1	1	1	1	1
EHM034692|EHA02331_bin.15_gene_215_7	C287	1	1	1	1	0	1	0	0	0	0	0	0	0	0
EHM034692|EHA02331_bin.15_gene_215_12	C287	1	1	1	1	1	1	1	1	1	0	1	1	1	0
EHM034692|EHA02331_bin.15_gene_215_13	C287	1	1	1	1	1	1	1	1	1	1	0	1	1	1
EHM034692|EHA02331_bin.15_gene_215_14	C287	1	1	1	1	0	0	0	0	0	0	0	0	0	0
EHM034692|EHA02331_bin.15_gene_215_15	C287	1	1	1	1	1	1	1	1	1	1	0	1	1	1
EHM034692|EHA02331_bin.15_gene_215_16	C287	1	1	1	1	1	1	1	1	1	1	0	1	1	1
EHM034692|EHA02331_bin.15_gene_215_17	C287	1	1	1	1	1	1	1	1	1	1	0	1	1	1
EHM034692|EHA02331_bin.15_gene_215_18	C287	1	1	1	1	1	1	1	1	1	1	0	1	1	1
EHM034692|EHA02331_bin.15_gene_215_19	C287	1	1	1	1	1	1	1	1	1	1	0	1	1	1
EHM034692|EHA02331_bin.15_gene_217_2	C287	1	1	1	1	1	1	1	1	1	1	1	0	1	1
EHM034692|EHA02331_bin.15_gene_217_3	C287	1	1	1	1	1	1	1	1	1	1	1	1	1	1
EHM034692|EHA02331_bin.15_gene_217_4	C287	1	1	1	1	1	1	1	1	1	1	0	1	1	1
EHM034692|EHA02331_bin.15_gene_217_5	C287	1	1	1	1	0	1	0	1	0	1	0	0	0	0
EHM034692|EHA02331_bin.15_gene_217_6	C287	1	1	1	1	1	1	1	1	1	1	1	1	1	1
EHM034692|EHA02331_bin.15_gene_218_6	C287	1	1	1	1	1	1	1	1	1	1	1	1	1	1
EHM034692|EHA02331_bin.15_gene_218_7	C287	1	1	0	1	0	1	0	0	0	0	0	0	0	0
EHM034692|EHA02331_bin.15_gene_219_1	C287	1	1	1	1	0	1	0	0	0	0	0	0	0	0
EHM034692|EHA02331_bin.15_gene_219_2	C287	1	1	1	1	0	1	0	0	0	0	0	0	0	0
EHM034692|EHA02331_bin.15_gene_219_3	C287	1	1	1	1	0	1	0	0	0	0	0	0	0	0
EHM034692|EHA02331_bin.15_gene_219_4	C287	1	1	1	1	0	0	0	0	0	0	0	0	0	0
EHM034692|EHA02331_bin.15_gene_219_5	C287	1	1	1	1	1	1	0	0	0	0	0	0	1	0
EHM034692|EHA02331_bin.15_gene_219_6	C287	1	1	1	1	1	1	0	1	1	1	1	1	1	1
EHM034692|EHA02331_bin.15_gene_220_1	C287	1	1	1	1	0	0	0	0	0	0	0	0	0	0
EHM034692|EHA02331_bin.15_gene_220_2	C287	1	1	1	1	1	1	1	0	0	0	0	0	0	0
EHM034692|EHA02331_bin.15_gene_220_3	C287	1	1	1	1	1	1	0	1	1	1	1	1	1	1
EHM034692|EHA02331_bin.15_gene_220_4	C287	1	1	1	1	1	1	0	0	0	1	0	0	1	0
EHM034692|EHA02331_bin.15_gene_220_7	C287	1	1	1	1	1	1	1	1	1	1	0	1	1	1
EHM034692|EHA02331_bin.15_gene_220_8	C287	1	1	1	1	1	1	1	1	1	1	1	1	1	1
EHM034692|EHA02331_bin.15_gene_220_9	C287	1	1	1	1	1	1	0	1	1	1	1	1	1	1
EHM034692|EHA02331_bin.15_gene_220_10	C287	1	1	1	1	1	1	0	1	1	0	1	1	1	1
EHM034692|EHA02331_bin.15_gene_220_11	C287	1	1	1	1	1	1	0	1	0	0	0	0	0	0
EHM034692|EHA02331_bin.15_gene_220_12	C287	1	1	1	1	1	1	0	1	0	0	0	1	0	0
EHM034692|EHA02331_bin.15_gene_220_13	C287	1	1	1	1	1	1	1	1	1	1	0	1	1	1
EHM034692|EHA02331_bin.15_gene_220_14	C287	1	1	1	1	1	1	1	1	1	1	0	1	1	1
EHM034692|EHA02331_bin.15_gene_221_1	C287	1	1	1	1	1	1	1	1	1	0	1	1	1	1
EHM034692|EHA02331_bin.15_gene_221_2	C287	1	1	0	1	1	1	1	1	1	1	1	1	1	1
EHM034692|EHA02331_bin.15_gene_221_4	C287	1	1	1	1	1	1	1	1	1	1	0	1	1	1
EHM034692|EHA02331_bin.15_gene_221_6	C287	1	1	1	1	1	1	1	1	1	1	1	1	1	1
EHM034692|EHA02331_bin.15_gene_221_7	C287	1	1	1	1	1	1	1	0	1	1	1	1	1	1
EHM034692|EHA02331_bin.15_gene_221_8	C287	1	1	1	1	1	1	1	1	1	1	1	1	1	1
EHM034692|EHA02331_bin.15_gene_221_9	C287	1	1	1	1	1	1	1	1	1	0	0	0	0	0
EHM034692|EHA02331_bin.15_gene_221_11	C287	1	1	1	1	1	1	1	1	1	1	0	1	1	1
EHM034692|EHA02331_bin.15_gene_221_12	C287	1	1	1	1	1	1	0	0	0	0	0	0	0	0
EHM034692|EHA02331_bin.15_gene_222_1	C287	1	1	1	1	1	1	0	0	1	1	0	0	1	1
EHM034692|EHA02331_bin.15_gene_222_3	C287	1	1	1	1	1	1	1	1	1	1	1	1	1	1
EHM034692|EHA02331_bin.15_gene_222_4	C287	1	1	1	1	1	1	0	0	1	0	0	0	0	0
EHM034692|EHA02331_bin.15_gene_222_5	C287	1	1	1	1	1	1	0	1	1	0	1	1	1	0
EHM034692|EHA02331_bin.15_gene_222_6	C287	1	1	1	1	1	1	1	1	1	1	1	1	1	1
EHM034692|EHA02331_bin.15_gene_222_8	C287	1	1	1	1	1	1	1	1	1	1	1	1	1	1
EHM034692|EHA02331_bin.15_gene_223_4	C287	1	1	0	1	1	1	0	0	0	1	1	1	1	1
EHM034692|EHA02331_bin.15_gene_224_2	C287	1	1	1	1	1	1	1	1	1	0	1	1	1	1
EHM034692|EHA02331_bin.15_gene_225_1	C287	1	1	1	1	1	1	1	1	1	1	0	1	0	1
EHM034692|EHA02331_bin.15_gene_225_2	C287	1	1	1	1	1	1	0	1	0	0	0	1	0	0
EHM034692|EHA02331_bin.15_gene_225_4	C287	1	1	1	1	0	1	1	1	0	0	0	1	0	0
EHM034692|EHA02331_bin.15_gene_225_5	C287	1	1	1	1	1	1	1	1	1	1	1	1	1	1
EHM034692|EHA02331_bin.15_gene_225_6	C287	1	1	1	1	1	1	0	1	1	1	1	1	1	1
EHM034692|EHA02331_bin.15_gene_225_7	C287	1	1	1	1	1	1	1	0	0	0	1	1	0	0
EHM034692|EHA02331_bin.15_gene_227_5	C287	1	1	1	0	0	0	1	0	1	0	0	0	1	1
EHM034692|EHA02331_bin.15_gene_227_6	C287	1	1	1	0	0	0	1	0	1	0	0	0	1	1
EHM034692|EHA02331_bin.15_gene_227_8	C287	1	1	0	1	1	0	1	0	0	0	1	0	0	0
EHM034692|EHA02331_bin.15_gene_227_9	C287	1	1	0	1	1	0	0	0	1	0	1	0	0	0
EHM034692|EHA02331_bin.15_gene_227_11	C287	1	1	0	1	1	0	0	0	0	0	1	0	0	0
EHM034692|EHA02331_bin.15_gene_227_12	C287	1	1	1	1	1	1	0	1	1	1	0	1	0	1
EHM034692|EHA02331_bin.15_gene_228_1	C287	1	1	1	1	1	1	1	1	1	1	1	0	1	1
EHM034692|EHA02331_bin.15_gene_228_2	C287	1	1	1	1	1	1	0	1	0	0	1	1	0	0
EHM034692|EHA02331_bin.15_gene_228_3	C287	1	1	1	1	1	1	1	1	1	1	1	1	1	1
EHM034692|EHA02331_bin.15_gene_229_6	C287	1	1	1	1	0	0	0	0	0	0	0	0	0	0
EHM034692|EHA02331_bin.15_gene_230_1	C287	1	1	1	1	1	1	1	1	1	1	1	0	1	1
EHM034692|EHA02331_bin.15_gene_230_3	C287	1	1	1	1	0	0	1	1	1	1	1	0	1	1
EHM034692|EHA02331_bin.15_gene_231_6	C287	1	1	1	1	1	0	0	0	0	0	0	0	1	0
EHM034692|EHA02331_bin.15_gene_232_1	C287	1	1	1	1	1	1	1	1	1	1	0	1	1	1
EHM034692|EHA02331_bin.15_gene_232_2	C287	1	1	1	1	1	1	0	0	0	0	1	0	0	0
EHM034692|EHA02331_bin.15_gene_232_3	C287	1	1	1	1	1	1	1	1	1	1	1	1	1	1
EHM034692|EHA02331_bin.15_gene_232_4	C287	1	1	1	1	1	0	0	0	0	0	0	0	0	0
EHM034692|EHA02331_bin.15_gene_232_5	C287	1	1	1	1	1	1	1	1	0	0	0	1	0	0
EHM034692|EHA02331_bin.15_gene_232_6	C287	1	1	1	1	1	1	1	1	1	1	0	1	1	1
EHM034692|EHA02331_bin.15_gene_232_7	C287	1	1	1	1	1	1	1	1	1	1	0	0	0	1
EHM034692|EHA02331_bin.15_gene_232_10	C287	1	1	1	1	1	1	0	1	1	1	1	1	1	1
EHM034692|EHA02331_bin.15_gene_232_11	C287	1	1	1	1	1	1	0	1	1	1	1	1	1	1
EHM034692|EHA02331_bin.15_gene_232_13	C287	1	1	1	1	1	1	1	1	1	1	1	1	1	1
EHM034692|EHA02331_bin.15_gene_232_14	C287	1	1	1	1	1	1	1	1	1	1	0	1	1	1
EHM034692|EHA02331_bin.15_gene_232_15	C287	1	1	1	1	1	1	1	1	1	1	0	1	1	1
EHM034692|EHA02331_bin.15_gene_232_16	C287	1	1	1	1	1	1	1	1	1	1	1	1	1	1
EHM034692|EHA02331_bin.15_gene_232_17	C287	1	1	1	1	1	1	0	1	1	1	1	1	1	1
EHM034692|EHA02331_bin.15_gene_232_23	C287	1	1	1	1	0	0	0	0	0	0	0	0	0	0
EHM034692|EHA02331_bin.15_gene_232_26	C287	1	1	1	1	0	1	0	0	0	0	0	0	0	0
EHM034692|EHA02331_bin.15_gene_232_27	C287	1	1	1	0	0	0	0	0	0	0	0	0	0	0
EHM034692|EHA02331_bin.15_gene_232_34	C287	1	1	1	1	0	1	0	0	0	0	0	0	0	0
EHM034692|EHA02331_bin.15_gene_233_2	C287	1	1	1	1	1	1	0	1	1	0	0	1	0	0
EHM034692|EHA02331_bin.15_gene_233_5	C287	1	1	1	1	1	1	1	1	1	1	0	1	1	1
EHM034692|EHA02331_bin.15_gene_234_3	C287	1	1	1	1	1	1	1	1	1	1	1	1	1	0
EHM034692|EHA02331_bin.15_gene_234_4	C287	1	1	1	1	1	1	0	1	0	0	1	1	0	0
EHM034692|EHA02331_bin.15_gene_235_3	C287	1	1	1	1	1	1	0	1	1	0	1	0	0	0
EHM034692|EHA02331_bin.15_gene_235_9	C287	1	1	1	1	1	1	1	1	1	1	1	1	1	1
EHM034692|EHA02331_bin.15_gene_235_10	C287	1	1	1	1	1	1	1	1	1	1	1	1	1	1
EHM034692|EHA02331_bin.15_gene_236_1	C287	1	1	1	1	1	1	1	1	1	1	0	1	1	1
EHM034692|EHA02331_bin.15_gene_236_2	C287	1	1	1	1	1	1	0	0	0	0	0	0	0	0
EHM034692|EHA02331_bin.15_gene_237_2	C287	1	1	0	0	0	0	1	0	0	0	0	0	0	0
EHM034692|EHA02331_bin.15_gene_237_4	C287	1	1	0	0	0	1	0	0	0	0	0	0	0	0
EHM034692|EHA02331_bin.15_gene_238_1	C287	1	1	1	1	1	1	1	1	1	1	1	1	1	1
EHM034692|EHA02331_bin.15_gene_238_2	C287	1	1	1	1	1	1	0	1	1	1	1	1	1	1
EHM034692|EHA02331_bin.15_gene_238_3	C287	1	1	1	1	1	1	0	1	0	1	1	1	1	1
EHM034692|EHA02331_bin.15_gene_238_4	C287	1	1	1	1	1	1	1	1	1	1	0	1	1	1
EHM034692|EHA02331_bin.15_gene_238_5	C287	1	1	1	1	1	1	1	1	1	1	0	1	1	1
EHM034692|EHA02331_bin.15_gene_238_8	C287	1	1	1	1	1	1	1	1	1	1	1	1	1	1
EHM034692|EHA02331_bin.15_gene_238_10	C287	1	1	1	1	1	1	0	1	1	1	1	1	0	1
EHM034692|EHA02331_bin.15_gene_238_11	C287	1	1	1	1	1	1	0	1	0	0	0	1	0	0
EHM034692|EHA02331_bin.15_gene_238_12	C287	1	1	1	1	1	1	1	1	0	0	0	1	0	0
EHM034692|EHA02331_bin.15_gene_239_2	C287	1	1	1	1	1	1	1	1	1	1	0	1	1	1
EHM034692|EHA02331_bin.15_gene_239_4	C287	1	1	1	1	1	1	1	1	1	1	1	1	1	1
EHM034692|EHA02331_bin.15_gene_239_5	C287	1	1	0	1	0	1	0	1	1	1	1	1	1	1
EHM034692|EHA02331_bin.15_gene_239_6	C287	1	1	1	1	1	0	1	0	0	0	0	0	0	1
EHM034692|EHA02331_bin.15_gene_239_7	C287	1	1	1	1	1	1	1	0	0	0	0	0	0	1
EHM034692|EHA02331_bin.15_gene_239_8	C287	1	1	1	1	1	1	1	0	1	0	1	1	1	1
EHM034692|EHA02331_bin.15_gene_239_9	C287	1	1	1	1	1	1	1	1	1	1	1	1	1	1
EHM034692|EHA02331_bin.15_gene_240_1	C287	1	1	1	1	1	1	1	1	1	1	1	1	1	1
EHM034692|EHA02331_bin.15_gene_240_2	C287	1	1	1	1	1	1	0	1	1	1	1	1	1	1
EHM034692|EHA02331_bin.15_gene_240_3	C287	1	1	1	1	1	1	0	1	0	1	1	1	1	1
EHM034692|EHA02331_bin.15_gene_240_4	C287	1	1	1	1	1	1	0	1	1	1	1	1	1	1
EHM034692|EHA02331_bin.15_gene_240_5	C287	1	1	1	1	1	1	1	1	1	1	1	0	1	1
EHM034692|EHA02331_bin.15_gene_241_1	C287	1	1	1	1	1	1	0	1	1	1	0	1	1	1
EHM034692|EHA02331_bin.15_gene_241_2	C287	1	1	1	1	1	1	0	1	1	1	1	1	1	1
EHM034692|EHA02331_bin.15_gene_241_3	C287	1	1	1	1	1	1	0	1	1	0	0	1	1	1
EHM034692|EHA02331_bin.15_gene_241_4	C287	1	1	1	1	1	1	1	1	1	1	1	1	1	1
EHM034692|EHA02331_bin.15_gene_241_7	C287	1	1	1	1	0	1	0	0	0	0	0	0	0	0
EHM034692|EHA02331_bin.15_gene_241_8	C287	1	1	1	1	1	1	0	1	1	1	1	1	0	1
EHM034692|EHA02331_bin.15_gene_241_14	C287	1	1	1	1	1	1	1	1	1	1	0	1	1	1
EHM034692|EHA02331_bin.15_gene_241_15	C287	1	1	1	1	1	1	1	1	0	1	1	1	1	0
EHM034692|EHA02331_bin.15_gene_241_16	C287	1	1	1	1	1	1	0	0	0	0	0	0	1	0
EHM034692|EHA02331_bin.15_gene_241_17	C287	1	1	1	1	1	1	1	1	1	1	1	1	1	1
EHM034692|EHA02331_bin.15_gene_241_18	C287	1	1	1	1	1	1	0	0	0	0	0	0	0	0
EHM034692|EHA02331_bin.15_gene_242_1	C287	1	1	1	1	1	1	1	1	1	1	1	1	1	1
EHM034692|EHA02331_bin.15_gene_242_2	C287	1	1	1	1	0	1	1	1	1	1	1	0	1	1
EHM034692|EHA02331_bin.15_gene_243_2	C287	1	1	1	1	0	0	1	0	0	0	0	1	1	0
EHM034692|EHA02331_bin.15_gene_243_3	C287	1	1	1	1	1	1	1	1	1	1	1	1	1	1
EHM034692|EHA02331_bin.15_gene_244_4	C287	1	1	1	1	1	1	1	1	1	1	1	1	1	1
EHM034692|EHA02331_bin.15_gene_244_5	C287	1	1	1	1	1	1	0	0	0	0	0	1	0	1
EHM034692|EHA02331_bin.15_gene_244_6	C287	1	1	1	1	1	1	0	1	1	1	1	1	1	1
EHM034692|EHA02331_bin.15_gene_244_7	C287	1	1	1	1	1	1	1	1	1	1	1	1	1	1
EHM034692|EHA02331_bin.15_gene_244_8	C287	1	1	1	1	0	1	0	0	0	0	0	0	0	0
EHM034692|EHA02331_bin.15_gene_244_9	C287	1	1	1	1	1	1	0	1	1	1	1	1	1	1
EHM034692|EHA02331_bin.15_gene_244_10	C287	1	1	1	1	1	1	0	0	1	1	0	0	0	1
EHM034692|EHA02331_bin.15_gene_244_12	C287	1	1	1	1	1	0	1	1	0	1	0	0	0	0
EHM034692|EHA02331_bin.15_gene_244_13	C287	1	1	1	1	1	1	0	1	0	0	1	1	0	0
EHM034692|EHA02331_bin.15_gene_244_14	C287	1	1	1	1	1	1	1	1	1	1	1	1	1	1
EHM034692|EHA02331_bin.15_gene_244_15	C287	1	1	1	1	1	1	1	1	1	1	1	1	1	1
EHM034692|EHA02331_bin.15_gene_245_4	C287	1	1	1	1	1	1	0	1	1	1	1	1	1	1
EHM034692|EHA02331_bin.15_gene_245_6	C287	1	1	1	1	1	1	0	0	1	1	1	1	1	1
EHM034692|EHA02331_bin.15_gene_245_8	C287	1	1	1	1	1	1	1	0	0	0	1	1	0	0
EHM034692|EHA02331_bin.15_gene_245_11	C287	1	1	1	1	0	1	0	0	0	0	1	0	0	0
EHM034692|EHA02331_bin.15_gene_245_20	C287	1	1	1	1	1	1	1	1	1	1	1	1	0	1
EHM034692|EHA02331_bin.15_gene_245_21	C287	1	1	1	1	1	1	1	1	1	1	1	1	0	1
EHM034692|EHA02331_bin.15_gene_245_22	C287	1	1	1	1	1	1	1	0	0	0	1	1	0	1
EHM034692|EHA02331_bin.15_gene_245_23	C287	1	1	1	1	1	1	1	1	1	0	1	1	0	0
EHM034692|EHA02331_bin.15_gene_245_25	C287	1	1	1	1	1	1	0	1	0	0	1	1	0	0
EHM034692|EHA02331_bin.15_gene_245_26	C287	1	1	1	1	1	1	1	1	1	1	1	1	1	1
EHM034692|EHA02331_bin.15_gene_245_27	C287	1	1	1	1	1	1	1	1	1	0	0	1	1	1
EHM034692|EHA02331_bin.15_gene_245_28	C287	1	1	1	1	1	1	1	1	1	0	0	1	1	1
EHM034692|EHA02331_bin.15_gene_245_29	C287	1	1	1	1	0	1	1	1	1	0	0	1	1	1
EHM034692|EHA02331_bin.15_gene_245_30	C287	1	1	1	1	1	1	1	1	1	0	0	0	1	1
EHM034692|EHA02331_bin.15_gene_245_31	C287	1	1	1	1	1	1	1	1	1	0	0	0	1	1
EHM034692|EHA02331_bin.15_gene_245_32	C287	1	1	1	1	1	1	1	1	1	0	0	0	1	1
EHM034692|EHA02331_bin.15_gene_245_33	C287	1	1	1	1	1	1	1	1	1	0	0	0	1	1
EHM034692|EHA02331_bin.15_gene_245_34	C287	1	1	1	1	1	1	1	1	1	1	0	0	1	1
EHM034692|EHA02331_bin.15_gene_245_35	C287	1	1	1	1	1	1	1	1	1	1	0	0	1	1
EHM034692|EHA02331_bin.15_gene_245_37	C287	1	1	1	1	0	1	0	0	0	0	0	0	0	0
EHM034692|EHA02331_bin.15_gene_245_39	C287	1	1	1	1	1	0	0	0	1	1	0	1	0	1
EHM034692|EHA02331_bin.15_gene_246_1	C287	1	1	0	0	0	1	0	0	0	0	0	0	0	0
EHM034692|EHA02331_bin.15_gene_246_2	C287	1	1	1	1	0	1	0	0	0	0	0	0	0	0
EHM034692|EHA02331_bin.15_gene_247_1	C287	1	1	1	1	0	0	0	0	0	1	0	0	0	0
EHM034692|EHA02331_bin.15_gene_248_1	C287	1	1	1	1	1	1	1	1	1	1	1	1	1	1
EHM034692|EHA02331_bin.15_gene_248_2	C287	1	1	1	1	1	1	1	1	1	1	0	1	0	1
EHM034692|EHA02331_bin.15_gene_248_3	C287	1	1	1	1	1	1	1	1	1	1	1	1	1	1
EHM034692|EHA02331_bin.15_gene_248_4	C287	1	1	1	1	1	1	0	0	0	0	0	0	0	0
EHM034692|EHA02331_bin.15_gene_248_5	C287	1	1	1	1	1	1	1	1	1	0	1	1	1	1
EHM034692|EHA02331_bin.15_gene_248_6	C287	1	1	1	1	1	1	1	1	1	1	1	1	1	1
EHM034692|EHA02331_bin.15_gene_248_7	C287	1	1	1	1	1	1	1	1	1	1	1	1	1	1
EHM034692|EHA02331_bin.15_gene_248_9	C287	1	1	1	1	1	1	1	1	1	0	0	1	1	1
EHM034692|EHA02331_bin.15_gene_248_10	C287	1	1	1	1	1	0	0	1	0	0	0	0	0	0
EHM034692|EHA02331_bin.15_gene_248_11	C287	1	1	1	1	1	1	1	1	1	1	1	1	1	1
EHM034692|EHA02331_bin.15_gene_248_12	C287	1	1	1	1	1	1	1	1	1	1	1	1	1	1
EHM034692|EHA02331_bin.15_gene_248_13	C287	1	1	1	1	1	1	1	1	1	1	1	1	1	1
EHM034692|EHA02331_bin.15_gene_248_14	C287	1	1	1	1	1	1	1	1	1	1	1	1	1	1
EHM034692|EHA02331_bin.15_gene_248_15	C287	1	1	1	1	1	1	1	1	0	0	1	1	0	0
EHM034692|EHA02331_bin.15_gene_248_16	C287	1	1	1	1	1	1	1	1	1	1	1	1	1	1
EHM034692|EHA02331_bin.15_gene_248_17	C287	1	1	1	1	1	1	1	1	1	1	0	1	1	1
EHM034692|EHA02331_bin.15_gene_248_19	C287	1	1	1	1	1	1	1	0	0	0	1	0	0	0
EHM034692|EHA02331_bin.15_gene_248_22	C287	1	1	1	1	1	1	1	1	1	1	1	1	1	1
EHM034692|EHA02331_bin.15_gene_248_23	C287	1	1	1	1	1	1	1	1	0	0	1	1	0	0
EHM034692|EHA02331_bin.15_gene_248_28	C287	1	1	1	1	0	0	0	0	0	0	0	0	0	0
EHM034692|EHA02331_bin.15_gene_249_1	C287	1	1	1	1	1	1	0	0	0	0	0	1	0	1
EHM034692|EHA02331_bin.15_gene_249_2	C287	1	1	1	1	1	1	0	0	0	0	1	0	0	0
EHM034692|EHA02331_bin.15_gene_250_3	C287	1	1	1	1	1	1	0	0	0	0	1	1	0	0
EHM034692|EHA02331_bin.15_gene_251_1	C287	1	1	1	1	1	1	1	1	1	1	1	0	1	1
EHM034692|EHA02331_bin.15_gene_251_2	C287	1	1	1	1	1	0	0	0	0	0	0	0	0	0
EHM034692|EHA02331_bin.15_gene_251_3	C287	1	1	1	1	1	0	0	0	0	0	0	0	0	0
EHM034692|EHA02331_bin.15_gene_252_3	C287	1	1	1	1	1	1	0	0	0	0	0	0	0	0
EHM034692|EHA02331_bin.15_gene_252_4	C287	1	1	1	1	1	1	1	1	1	1	1	1	1	0
EHM034692|EHA02331_bin.15_gene_253_4	C287	1	1	1	1	1	1	1	1	0	0	1	1	0	0
EHM034692|EHA02331_bin.15_gene_255_1	C287	1	1	1	1	1	1	1	1	1	1	1	1	1	1
EHM034692|EHA02331_bin.15_gene_255_3	C287	1	1	1	1	1	1	1	1	1	1	0	1	1	0
EHM034692|EHA02331_bin.15_gene_255_4	C287	1	1	1	1	1	1	1	1	1	1	1	1	1	1
EHM034692|EHA02331_bin.15_gene_255_5	C287	1	1	1	1	1	1	0	1	1	1	1	1	1	1
EHM034692|EHA02331_bin.15_gene_255_6	C287	1	1	1	1	1	1	0	1	0	0	0	0	0	0
EHM034692|EHA02331_bin.15_gene_255_7	C287	1	1	1	1	1	1	0	0	0	0	0	0	0	0
EHM034692|EHA02331_bin.15_gene_255_8	C287	1	1	1	1	1	1	1	1	1	1	1	1	1	1
EHM034692|EHA02331_bin.15_gene_255_9	C287	1	1	1	1	1	1	1	1	0	0	1	1	0	0
EHM034692|EHA02331_bin.15_gene_255_10	C287	1	1	1	1	1	1	1	1	1	1	1	1	1	1
EHM034692|EHA02331_bin.15_gene_255_11	C287	1	1	1	1	1	1	0	1	0	0	1	1	0	0
EHM034692|EHA02331_bin.15_gene_255_12	C287	1	1	1	1	1	1	1	1	1	1	1	1	1	1
EHM034692|EHA02331_bin.15_gene_255_13	C287	1	1	1	1	1	1	1	1	1	1	1	1	1	1
EHM034692|EHA02331_bin.15_gene_255_15	C287	1	1	1	1	1	1	1	1	1	1	1	1	1	1
EHM034692|EHA02331_bin.15_gene_255_16	C287	1	1	1	1	1	1	1	1	1	1	1	1	1	1
EHM034692|EHA02331_bin.15_gene_255_17	C287	1	1	1	1	1	1	1	1	1	1	1	1	1	1
EHM034692|EHA02331_bin.15_gene_256_3	C287	1	1	1	1	1	1	1	1	1	1	0	1	1	1
EHM034692|EHA02331_bin.15_gene_256_4	C287	1	1	1	1	1	1	1	1	1	1	1	0	1	1
EHM034692|EHA02331_bin.15_gene_257_1	C287	1	1	1	1	0	0	0	0	0	0	0	0	0	0
EHM034692|EHA02331_bin.15_gene_257_2	C287	1	1	1	1	1	1	0	1	1	1	1	1	1	1
EHM034692|EHA02331_bin.15_gene_257_3	C287	1	1	1	1	1	1	0	1	1	1	1	1	1	1
EHM034692|EHA02331_bin.15_gene_257_4	C287	1	1	1	1	1	1	1	1	0	0	0	1	1	0
EHM034692|EHA02331_bin.15_gene_257_5	C287	1	1	1	1	1	1	1	1	1	1	1	1	1	1
EHM034692|EHA02331_bin.15_gene_257_6	C287	1	1	1	1	1	1	1	1	1	1	1	1	1	1
EHM034692|EHA02331_bin.15_gene_257_7	C287	1	1	1	1	1	1	0	1	1	1	1	1	1	1
EHM034692|EHA02331_bin.15_gene_257_8	C287	1	1	1	1	1	1	1	1	1	1	0	1	1	1
EHM034692|EHA02331_bin.15_gene_257_9	C287	1	1	1	1	1	1	1	1	1	1	1	1	1	1
EHM034692|EHA02331_bin.15_gene_257_11	C287	1	1	1	1	1	1	1	1	1	1	0	1	1	1
EHM034692|EHA02331_bin.15_gene_257_12	C287	1	1	1	1	1	1	0	1	1	1	1	1	1	1
EHM034692|EHA02331_bin.15_gene_257_13	C287	1	1	1	1	0	1	1	1	0	0	1	1	0	0
EHM034692|EHA02331_bin.15_gene_257_15	C287	1	1	1	0	1	1	1	1	0	0	1	1	1	0
EHM034692|EHA02331_bin.15_gene_257_16	C287	1	1	1	1	1	1	0	1	1	1	1	1	1	1
EHM034692|EHA02331_bin.15_gene_257_17	C287	1	1	1	1	0	0	0	0	0	0	0	0	0	0
EHM034692|EHA02331_bin.15_gene_257_20	C287	1	1	1	1	0	1	0	0	1	1	1	1	0	0
EHM034692|EHA02331_bin.15_gene_258_2	C287	1	1	1	1	1	0	1	0	0	0	0	1	0	0
EHM034692|EHA02331_bin.15_gene_258_3	C287	1	1	1	1	0	1	0	0	0	0	0	0	0	0
EHM034692|EHA02331_bin.15_gene_258_4	C287	1	1	1	1	0	1	1	1	0	0	1	1	0	0
EHM034692|EHA02331_bin.15_gene_258_7	C287	1	1	1	1	0	1	0	0	1	0	0	0	1	0
EHM034692|EHA02331_bin.15_gene_259_3	C287	1	1	0	1	1	1	1	0	1	0	0	1	0	1
EHM034692|EHA02331_bin.15_gene_259_4	C287	1	1	1	1	1	1	0	1	1	1	1	1	1	1
EHM034692|EHA02331_bin.15_gene_259_5	C287	1	1	1	1	1	1	1	1	1	1	1	1	1	1
EHM034692|EHA02331_bin.15_gene_259_6	C287	1	1	1	1	1	1	1	1	1	1	1	1	1	1
EHM034692|EHA02331_bin.15_gene_259_8	C287	1	1	1	1	0	1	0	0	0	0	0	0	0	0
EHM034692|EHA02331_bin.15_gene_259_9	C287	1	1	1	1	1	1	0	1	1	0	1	0	1	1
EHM034692|EHA02331_bin.15_gene_259_10	C287	1	1	1	1	1	1	0	1	1	1	1	1	1	1
EHM034692|EHA02331_bin.15_gene_259_11	C287	1	1	1	1	1	1	0	1	0	0	1	1	1	0
EHM034692|EHA02331_bin.15_gene_260_3	C287	1	1	1	1	0	1	0	1	0	1	1	1	1	1
EHM034692|EHA02331_bin.15_gene_260_4	C287	1	1	1	1	1	1	1	1	1	1	1	1	1	1
EHM034692|EHA02331_bin.15_gene_260_6	C287	1	1	1	1	1	1	1	1	1	1	1	1	1	1
EHM034692|EHA02331_bin.15_gene_260_9	C287	1	1	1	1	1	1	1	1	1	1	0	1	1	1
EHM034692|EHA02331_bin.15_gene_260_11	C287	1	1	1	1	1	0	0	0	0	0	0	0	1	0
EHM034692|EHA02331_bin.15_gene_261_2	C287	1	1	1	1	0	1	0	0	0	0	0	0	0	0
EHM034692|EHA02331_bin.15_gene_261_3	C287	1	1	1	1	0	1	0	0	0	0	0	0	0	0
EHM034692|EHA02331_bin.15_gene_261_4	C287	1	1	1	1	0	1	0	0	0	0	0	0	0	0
EHM034692|EHA02331_bin.15_gene_261_5	C287	1	1	1	1	0	1	0	0	0	0	0	0	0	0
EHM034692|EHA02331_bin.15_gene_261_7	C287	1	1	1	1	1	1	1	1	1	1	1	1	1	1
EHM034692|EHA02331_bin.15_gene_261_8	C287	1	1	1	1	1	1	1	1	1	1	1	1	1	1
EHM034692|EHA02331_bin.15_gene_261_9	C287	1	1	1	1	1	1	0	1	1	0	1	0	0	0
EHM034692|EHA02331_bin.15_gene_261_10	C287	1	1	1	1	1	1	0	1	1	1	0	1	1	1
EHM034692|EHA02331_bin.15_gene_261_11	C287	1	1	1	1	1	1	0	1	0	0	1	1	0	0
EHM034692|EHA02331_bin.15_gene_261_12	C287	1	1	1	1	0	0	1	0	0	0	1	0	0	0
EHM034692|EHA02331_bin.15_gene_262_1	C287	1	1	1	1	1	0	1	0	0	0	0	0	0	0
EHM034692|EHA02331_bin.15_gene_262_2	C287	1	1	1	1	1	1	1	1	1	1	1	1	1	1
EHM034692|EHA02331_bin.15_gene_262_4	C287	1	1	1	1	1	1	1	1	1	1	1	1	1	1
EHM034692|EHA02331_bin.15_gene_263_1	C287	1	1	1	1	1	1	1	1	1	1	0	1	1	1
EHM034692|EHA02331_bin.15_gene_263_2	C287	1	1	1	1	1	1	1	0	0	0	1	1	0	0
EHM034692|EHA02331_bin.15_gene_263_3	C287	1	1	1	1	0	1	0	0	0	0	1	0	0	0
EHM034692|EHA02331_bin.15_gene_264_4	C287	1	1	0	0	1	1	1	0	1	1	1	0	0	1
EHM034692|EHA02331_bin.15_gene_265_1	C287	1	1	1	1	1	1	1	0	0	0	1	1	0	0
EHM034692|EHA02331_bin.15_gene_265_2	C287	1	1	1	1	1	1	1	0	0	1	1	1	0	0
EHM034692|EHA02331_bin.15_gene_265_3	C287	1	1	1	1	1	1	1	1	1	1	0	1	0	1
EHM034692|EHA02331_bin.15_gene_265_4	C287	1	1	1	1	1	1	1	0	0	0	0	0	0	0
EHM034692|EHA02331_bin.15_gene_265_6	C287	1	1	1	1	1	1	1	0	1	1	1	0	1	1
EHM034692|EHA02331_bin.15_gene_266_1	C287	1	1	1	1	1	1	0	0	0	0	0	0	0	0
EHM034692|EHA02331_bin.15_gene_266_2	C287	1	1	1	1	1	1	0	1	1	1	1	1	0	1
EHM034692|EHA02331_bin.15_gene_266_3	C287	1	1	1	1	1	1	1	1	1	1	1	1	1	1
EHM034692|EHA02331_bin.15_gene_266_4	C287	1	1	1	1	1	1	1	0	0	0	1	1	1	1
EHM034692|EHA02331_bin.15_gene_266_5	C287	1	1	1	1	1	1	1	1	1	1	1	1	1	1
EHM034692|EHA02331_bin.15_gene_266_6	C287	1	1	1	1	1	1	1	1	1	1	1	1	1	1
EHM034692|EHA02331_bin.15_gene_266_7	C287	1	1	1	1	1	1	1	1	0	0	1	1	1	0
EHM034692|EHA02331_bin.15_gene_266_8	C287	1	1	1	1	1	1	1	1	1	1	1	1	1	1
EHM034692|EHA02331_bin.15_gene_266_9	C287	1	1	1	1	1	1	1	1	1	1	1	1	1	1
EHM034692|EHA02331_bin.15_gene_266_10	C287	1	1	1	1	1	1	1	1	1	1	1	1	1	1
EHM034692|EHA02331_bin.15_gene_266_12	C287	1	1	1	0	1	1	1	1	1	1	0	1	1	1
EHM034692|EHA02331_bin.15_gene_266_20	C287	1	1	1	1	0	1	1	1	1	0	1	1	1	1
EHM034692|EHA02331_bin.15_gene_267_1	C287	1	1	1	1	0	1	0	0	0	0	1	1	0	0
EHM034692|EHA02331_bin.15_gene_267_2	C287	1	1	1	1	1	1	1	0	0	0	1	1	0	0
EHM034692|EHA02331_bin.15_gene_267_3	C287	1	1	1	1	1	0	0	0	0	0	0	1	1	0
EHM034692|EHA02331_bin.15_gene_267_7	C287	1	1	1	1	1	1	1	1	1	1	1	1	1	1
EHM034692|EHA02331_bin.15_gene_268_2	C287	1	1	1	1	0	1	0	0	0	0	0	0	0	0
EHM034692|EHA02331_bin.15_gene_268_3	C287	1	1	1	1	1	1	0	1	0	0	1	0	0	0
EHM034692|EHA02331_bin.15_gene_268_4	C287	1	1	1	1	1	1	1	1	0	0	0	1	0	0
EHM034692|EHA02331_bin.15_gene_268_5	C287	1	1	1	1	1	1	1	1	1	1	1	1	1	1
EHM034692|EHA02331_bin.15_gene_268_10	C287	1	1	1	1	1	1	1	1	1	1	1	0	1	1
EHM034692|EHA02331_bin.15_gene_268_12	C287	1	1	1	1	1	1	1	1	1	1	0	0	0	1
EHM034692|EHA02331_bin.15_gene_268_13	C287	1	1	1	1	1	1	1	1	1	1	1	1	1	1
EHM034692|EHA02331_bin.15_gene_268_14	C287	1	1	1	1	1	1	1	1	1	1	1	1	1	1
EHM034692|EHA02331_bin.15_gene_268_15	C287	1	1	1	1	1	1	0	1	1	1	1	1	1	1
EHM034692|EHA02331_bin.15_gene_268_18	C287	1	1	0	1	1	1	1	0	1	1	1	1	1	1
EHM034692|EHA02331_bin.15_gene_269_1	C287	1	1	0	0	0	0	0	0	0	0	0	0	0	0
EHM034692|EHA02331_bin.15_gene_270_3	C287	1	1	1	1	1	1	1	1	0	0	1	0	1	0
EHM034692|EHA02331_bin.15_gene_270_5	C287	1	1	1	1	0	0	0	0	0	0	0	0	0	0
EHM034692|EHA02331_bin.15_gene_270_10	C287	1	1	1	1	1	1	0	1	1	1	1	1	1	1
EHM034692|EHA02331_bin.15_gene_270_11	C287	1	1	1	1	1	1	0	1	1	1	1	1	1	1
EHM034692|EHA02331_bin.15_gene_271_1	C287	1	1	1	1	1	1	1	1	1	0	1	1	1	1
EHM034692|EHA02331_bin.15_gene_272_4	C287	1	1	1	1	1	1	1	1	0	1	1	1	1	1
EHM034692|EHA02331_bin.15_gene_272_5	C287	1	1	1	1	1	1	1	1	1	1	1	1	1	1
EHM034692|EHA02331_bin.15_gene_272_6	C287	1	1	1	1	0	0	0	1	1	1	0	0	1	1
EHM034692|EHA02331_bin.15_gene_273_4	C287	1	1	1	1	1	1	1	1	1	1	1	1	1	1
EHM034692|EHA02331_bin.15_gene_273_5	C287	1	1	1	1	1	1	1	1	1	1	1	1	1	1
EHM034692|EHA02331_bin.15_gene_273_6	C287	1	1	1	1	1	1	1	1	1	1	1	1	1	1
EHM034692|EHA02331_bin.15_gene_274_8	C287	1	1	1	1	1	1	1	1	1	1	0	0	1	1
EHM034692|EHA02331_bin.15_gene_274_9	C287	1	1	1	1	1	1	1	1	1	1	1	1	0	0
EHM034692|EHA02331_bin.15_gene_274_10	C287	1	1	1	1	1	1	1	1	1	1	1	1	1	1
EHM034692|EHA02331_bin.15_gene_274_11	C287	1	1	1	1	1	1	1	1	1	1	1	1	1	1
EHM034692|EHA02331_bin.15_gene_275_7	C287	1	1	0	0	0	0	0	0	0	0	0	0	0	0
EHM034692|EHA02331_bin.15_gene_275_8	C287	1	1	0	0	0	0	0	0	0	0	0	0	0	0
EHM034692|EHA02331_bin.15_gene_275_9	C287	1	1	0	0	0	0	0	0	0	0	0	0	0	0
EHM034692|EHA02331_bin.15_gene_275_10	C287	1	1	0	0	0	0	0	0	0	0	0	0	0	0
EHM034692|EHA02331_bin.15_gene_275_11	C287	1	1	0	0	0	0	0	0	0	0	0	0	0	0
EHM034692|EHA02331_bin.15_gene_275_12	C287	1	1	0	0	0	0	0	0	0	0	0	0	0	0
EHM034692|EHA02331_bin.15_gene_275_13	C287	1	1	0	0	0	0	0	0	0	0	0	0	0	0
EHM034692|EHA02331_bin.15_gene_275_14	C287	1	1	0	0	0	0	0	0	0	0	0	0	0	0
EHM034692|EHA02331_bin.15_gene_275_16	C287	1	1	0	0	0	0	0	0	0	0	0	0	0	0
EHM034692|EHA02331_bin.15_gene_275_18	C287	1	1	0	0	0	0	1	0	0	0	0	0	0	1
EHM034692|EHA02331_bin.15_gene_275_19	C287	1	1	0	0	0	0	0	0	0	0	1	0	0	0
EHM034692|EHA02331_bin.15_gene_275_20	C287	1	1	0	0	0	0	0	0	0	0	1	0	0	0
EHM034692|EHA02331_bin.15_gene_276_2	C287	1	1	1	1	1	1	1	1	1	1	0	1	1	1
EHM034692|EHA02331_bin.15_gene_276_3	C287	1	1	1	1	0	1	0	0	0	0	1	0	0	0
EHM034692|EHA02331_bin.15_gene_276_4	C287	1	1	1	1	1	1	1	1	1	1	1	0	0	1
EHM034692|EHA02331_bin.15_gene_276_6	C287	1	1	1	1	1	1	1	1	1	1	1	1	1	1
EHM034692|EHA02331_bin.15_gene_276_7	C287	1	1	1	1	1	1	1	1	0	1	1	1	1	1
EHM034692|EHA02331_bin.15_gene_276_8	C287	1	1	1	1	1	1	0	1	1	1	1	1	1	1
EHM034692|EHA02331_bin.15_gene_276_10	C287	1	1	1	1	1	1	1	1	1	1	1	1	1	1
EHM034692|EHA02331_bin.15_gene_277_2	C287	1	1	1	0	1	1	1	1	1	1	0	1	1	1
EHM034692|EHA02331_bin.15_gene_277_3	C287	1	1	1	0	1	0	1	1	1	1	1	1	1	1
EHM034692|EHA02331_bin.15_gene_277_4	C287	1	1	1	0	1	1	1	1	1	1	0	1	0	0
EHM034692|EHA02331_bin.15_gene_277_6	C287	1	1	1	1	1	1	0	1	1	1	0	1	1	1
EHM034692|EHA02331_bin.15_gene_277_7	C287	1	1	1	1	1	1	1	1	1	1	1	1	1	1
EHM034692|EHA02331_bin.15_gene_277_8	C287	1	1	1	1	1	1	1	1	1	1	1	1	1	1
EHM034692|EHA02331_bin.15_gene_277_9	C287	1	1	1	1	1	1	1	1	1	1	0	1	1	1
EHM034692|EHA02331_bin.15_gene_278_3	C287	1	1	1	1	1	1	1	1	1	0	1	1	0	0
EHM034692|EHA02331_bin.15_gene_278_5	C287	1	1	1	1	1	1	1	1	0	0	1	1	0	0
EHM034692|EHA02331_bin.15_gene_278_6	C287	1	1	1	1	1	1	0	0	0	0	0	0	0	0
EHM034692|EHA02331_bin.15_gene_278_7	C287	1	1	1	1	1	1	0	0	0	0	0	0	0	0
EHM034692|EHA02331_bin.15_gene_278_14	C287	1	1	1	1	1	1	1	1	0	0	1	1	0	0
EHM034692|EHA02331_bin.15_gene_279_1	C287	1	1	1	1	1	1	1	1	1	1	1	0	1	1
EHM034692|EHA02331_bin.15_gene_279_2	C287	1	1	1	1	0	1	0	0	0	0	0	0	0	0
EHM034692|EHA02331_bin.15_gene_280_1	C287	1	1	1	1	1	1	1	1	1	1	1	1	1	1
EHM034692|EHA02331_bin.15_gene_281_1	C287	1	1	1	1	1	1	1	1	0	1	1	1	0	0
EHM034692|EHA02331_bin.15_gene_281_2	C287	1	1	1	1	1	1	0	1	1	1	1	1	1	1
EHM034692|EHA02331_bin.15_gene_281_3	C287	1	1	1	1	1	1	0	1	0	0	1	1	1	1
EHM034692|EHA02331_bin.15_gene_281_6	C287	1	1	1	1	1	1	1	1	1	1	1	1	1	1
EHM034692|EHA02331_bin.15_gene_281_7	C287	1	1	1	1	0	1	0	1	1	1	1	1	1	1
EHM034692|EHA02331_bin.15_gene_281_9	C287	1	1	1	1	0	0	0	0	0	0	0	1	0	0
EHM034692|EHA02331_bin.15_gene_281_10	C287	1	1	1	1	1	1	1	1	1	1	1	0	1	1
EHM034692|EHA02331_bin.15_gene_281_11	C287	1	1	1	1	1	1	1	1	1	1	1	1	1	1
EHM034692|EHA02331_bin.15_gene_281_12	C287	1	1	1	1	1	1	1	1	1	1	1	1	1	1
EHM034692|EHA02331_bin.15_gene_281_13	C287	1	1	1	1	1	1	1	1	1	1	1	1	1	1
EHM034692|EHA02331_bin.15_gene_282_2	C287	1	1	1	1	1	1	0	1	1	1	0	1	1	1
EHM034692|EHA02331_bin.15_gene_282_3	C287	1	1	1	0	1	1	0	1	1	1	1	1	1	1
EHM034692|EHA02331_bin.15_gene_282_4	C287	1	1	1	1	1	1	1	1	1	1	0	0	1	1
EHM034692|EHA02331_bin.15_gene_282_5	C287	1	1	1	1	0	1	1	0	0	0	0	0	0	1
EHM034692|EHA02331_bin.15_gene_282_9	C287	1	1	1	1	1	1	0	0	0	1	1	1	0	0
EHM034692|EHA02331_bin.15_gene_283_2	C287	1	1	1	1	1	1	0	0	0	0	0	1	1	0
EHM034692|EHA02331_bin.15_gene_283_4	C287	1	1	0	0	0	0	0	0	0	0	0	0	0	0
EHM034692|EHA02331_bin.15_gene_284_1	C287	1	1	1	1	1	1	1	1	1	1	1	1	1	1
EHM034692|EHA02331_bin.15_gene_284_2	C287	1	1	1	1	1	0	0	1	0	1	1	1	0	1
EHM034692|EHA02331_bin.15_gene_284_4	C287	1	1	1	1	0	0	0	0	0	0	0	0	0	0
EHM034692|EHA02331_bin.15_gene_284_9	C287	1	1	1	1	1	1	1	1	1	1	1	1	1	1
EHM034692|EHA02331_bin.15_gene_284_10	C287	1	1	1	1	1	1	1	1	1	1	1	1	1	1
EHM034692|EHA02331_bin.15_gene_284_12	C287	1	1	1	1	1	0	0	0	0	0	0	0	0	0
EHM034692|EHA02331_bin.15_gene_284_13	C287	1	1	1	1	1	1	0	0	0	0	0	0	0	0
EHM034692|EHA02331_bin.15_gene_284_14	C287	1	1	1	1	1	1	1	1	1	1	1	1	1	1
EHM034692|EHA02331_bin.15_gene_284_15	C287	1	1	1	1	1	1	1	1	1	1	1	1	1	1
EHM034692|EHA02331_bin.15_gene_284_16	C287	1	1	1	1	1	1	0	1	1	1	1	1	1	1
EHM034692|EHA02331_bin.15_gene_284_17	C287	1	1	1	1	1	1	1	1	0	0	1	1	0	0
EHM034692|EHA02331_bin.15_gene_285_2	C287	1	1	1	1	1	1	1	1	1	1	1	1	1	1
EHM034692|EHA02331_bin.15_gene_285_3	C287	1	1	1	1	1	1	1	1	1	1	1	0	1	1
EHM034692|EHA02331_bin.15_gene_285_4	C287	1	1	1	1	1	1	1	1	1	1	1	0	1	1
EHM034692|EHA02331_bin.15_gene_285_5	C287	1	1	1	1	1	1	1	1	1	1	1	1	1	1
EHM034692|EHA02331_bin.15_gene_285_6	C287	1	1	1	1	1	1	1	1	1	1	1	1	1	1
EHM034692|EHA02331_bin.15_gene_285_7	C287	1	1	1	1	1	1	1	1	1	1	1	1	1	1
EHM034692|EHA02331_bin.15_gene_285_8	C287	1	1	1	1	1	1	1	1	1	1	1	1	1	1
EHM034692|EHA02331_bin.15_gene_286_1	C287	1	1	1	1	1	1	1	1	1	1	1	1	1	1
EHM034692|EHA02331_bin.15_gene_286_2	C287	1	1	1	1	1	1	1	1	1	1	1	1	1	1
EHM034692|EHA02331_bin.15_gene_286_3	C287	1	1	1	1	1	1	0	0	0	0	0	0	0	0
EHM034692|EHA02331_bin.15_gene_286_4	C287	1	1	1	1	1	1	1	1	1	1	1	1	1	1
EHM034692|EHA02331_bin.15_gene_286_5	C287	1	1	1	1	1	1	1	1	1	1	1	1	1	1
EHM034692|EHA02331_bin.15_gene_286_6	C287	1	1	1	1	1	1	1	1	1	1	1	0	1	1
EHM034692|EHA02331_bin.15_gene_286_7	C287	1	1	1	1	1	1	1	1	1	1	0	1	1	1
EHM034692|EHA02331_bin.15_gene_287_1	C287	1	1	1	1	1	1	1	1	1	1	0	1	1	1
EHM034692|EHA02331_bin.15_gene_287_2	C287	1	1	1	1	1	1	1	1	1	1	1	1	1	1
EHM034692|EHA02331_bin.15_gene_287_3	C287	1	1	1	1	0	0	0	0	0	0	0	0	0	0
EHM034692|EHA02331_bin.15_gene_288_1	C287	1	1	1	1	1	1	0	1	1	1	0	0	1	1
EHM034692|EHA02331_bin.15_gene_288_2	C287	1	1	1	0	0	1	0	0	0	0	1	0	0	0
EHM034692|EHA02331_bin.15_gene_288_3	C287	1	1	1	0	0	1	0	0	0	0	0	0	0	0
EHM034692|EHA02331_bin.15_gene_288_4	C287	1	1	1	0	1	1	1	0	1	1	0	0	0	1
EHM034692|EHA02331_bin.15_gene_288_5	C287	1	1	1	1	1	1	0	0	0	0	0	0	0	0
EHM034692|EHA02331_bin.15_gene_288_6	C287	1	1	1	1	0	0	0	0	0	0	0	0	0	0
EHM034692|EHA02331_bin.15_gene_290_1	C287	1	1	1	1	1	1	1	1	1	1	1	0	1	0
EHM034692|EHA02331_bin.15_gene_290_2	C287	1	1	1	1	1	1	1	0	1	1	1	1	0	1
EHM034692|EHA02331_bin.15_gene_291_1	C287	1	1	1	1	1	1	1	1	1	1	1	1	0	0
EHM034692|EHA02331_bin.15_gene_291_2	C287	1	1	1	1	1	1	0	0	0	0	1	1	0	0
EHM034692|EHA02331_bin.15_gene_291_4	C287	1	1	1	1	1	1	1	1	1	1	1	1	1	0
EHM034692|EHA02331_bin.15_gene_291_5	C287	1	1	1	1	1	1	0	1	1	1	1	1	1	1
EHM034692|EHA02331_bin.15_gene_291_6	C287	1	1	1	1	1	1	0	1	1	1	1	1	1	1
EHM034692|EHA02331_bin.15_gene_292_4	C287	1	1	1	1	1	1	1	1	0	1	1	1	0	0
EHM034692|EHA02331_bin.15_gene_295_1	C287	1	1	1	1	1	1	0	1	1	1	0	0	1	1
EHM034692|EHA02331_bin.15_gene_295_2	C287	1	1	1	1	1	1	1	1	1	1	0	0	1	1
EHM034692|EHA02331_bin.15_gene_296_1	C287	1	1	1	1	1	1	1	1	0	1	1	1	0	0
EHM034692|EHA02331_bin.15_gene_296_3	C287	1	1	1	1	1	1	1	1	1	1	1	1	1	1
EHM034692|EHA02331_bin.15_gene_296_4	C287	1	1	1	1	1	1	1	1	1	1	0	1	1	1
EHM034692|EHA02331_bin.15_gene_296_6	C287	1	1	1	1	1	1	1	1	1	1	1	1	1	1
EHM034692|EHA02331_bin.15_gene_296_8	C287	1	1	1	1	1	1	1	1	1	1	1	1	1	1
EHM034692|EHA02331_bin.15_gene_296_9	C287	1	1	1	1	1	1	1	1	1	1	1	1	1	0
EHM034692|EHA02331_bin.15_gene_296_13	C287	1	1	1	0	0	1	0	0	0	0	0	0	0	0
EHM034692|EHA02331_bin.15_gene_296_14	C287	1	1	1	0	0	1	0	0	0	0	0	0	0	0
EHM034692|EHA02331_bin.15_gene_297_2	C287	1	1	0	1	0	0	0	0	0	0	0	0	0	1
EHM034692|EHA02331_bin.15_gene_297_3	C287	1	1	1	1	1	1	1	1	0	0	1	1	0	0
EHM034692|EHA02331_bin.15_gene_297_4	C287	1	1	1	1	1	1	1	1	1	1	1	1	1	1
EHM034692|EHA02331_bin.15_gene_297_5	C287	1	1	1	1	1	1	1	1	1	1	1	1	1	1
EHM034692|EHA02331_bin.15_gene_297_7	C287	1	1	1	1	1	1	1	1	1	1	1	1	1	1
EHM034692|EHA02331_bin.15_gene_297_8	C287	1	1	1	1	1	1	1	1	1	1	1	1	1	1
EHM034692|EHA02331_bin.15_gene_297_9	C287	1	1	1	1	1	1	1	1	1	1	1	1	1	1
EHM034692|EHA02331_bin.15_gene_297_10	C287	1	1	1	1	1	1	1	1	1	1	1	1	1	1
EHM034692|EHA02331_bin.15_gene_297_11	C287	1	1	1	1	1	1	1	1	1	1	1	1	1	1
EHM034692|EHA02331_bin.15_gene_297_12	C287	1	1	1	1	1	1	1	1	1	1	1	1	1	1
EHM034692|EHA02331_bin.15_gene_300_1	C287	1	1	1	1	1	1	1	1	1	1	1	1	1	1
EHM034692|EHA02331_bin.15_gene_300_3	C287	1	1	1	1	1	1	1	1	0	0	1	1	0	0
EHM034692|EHA02331_bin.15_gene_300_4	C287	1	1	1	1	1	1	1	1	0	0	0	0	0	0
EHM034692|EHA02331_bin.15_gene_300_6	C287	1	1	1	1	1	1	0	1	1	1	1	1	1	1
EHM034692|EHA02331_bin.15_gene_300_7	C287	1	1	1	1	1	1	0	1	1	1	1	1	1	1
EHM034692|EHA02331_bin.15_gene_300_8	C287	1	1	1	1	1	1	1	1	1	1	1	1	1	1
EHM034692|EHA02331_bin.15_gene_300_9	C287	1	1	1	0	1	1	1	1	1	1	1	1	1	1
EHM034692|EHA02331_bin.15_gene_300_10	C287	1	1	1	1	1	1	1	1	1	1	1	1	1	0
EHM034692|EHA02331_bin.15_gene_300_12	C287	1	1	1	1	1	1	1	1	1	1	0	1	1	1
EHM034692|EHA02331_bin.15_gene_300_13	C287	1	1	1	1	1	1	1	1	1	1	1	1	1	1
EHM034692|EHA02331_bin.15_gene_300_14	C287	1	1	1	1	1	1	1	1	1	1	1	1	1	1
EHM034692|EHA02331_bin.15_gene_300_15	C287	1	1	1	1	1	1	1	1	1	1	1	1	1	1
EHM034692|EHA02331_bin.15_gene_300_16	C287	1	1	1	1	1	1	1	0	0	0	1	1	0	0
EHM034692|EHA02331_bin.15_gene_300_17	C287	1	1	1	1	1	1	1	1	1	1	1	1	1	1
EHM034692|EHA02331_bin.15_gene_300_18	C287	1	1	1	1	1	1	1	1	1	1	1	1	1	1
EHM034692|EHA02331_bin.15_gene_300_19	C287	1	1	1	1	1	1	0	1	1	1	1	1	1	1
EHM034692|EHA02331_bin.15_gene_300_20	C287	1	1	1	1	1	1	0	1	1	1	1	1	1	1
EHM034692|EHA02331_bin.15_gene_300_21	C287	1	1	1	1	1	1	1	1	1	1	1	1	0	1
EHM034692|EHA02331_bin.15_gene_300_22	C287	1	1	1	1	1	1	0	1	1	1	1	1	1	1
EHM034692|EHA02331_bin.15_gene_300_23	C287	1	1	1	1	1	1	0	0	0	0	1	0	1	0
EHM034692|EHA02331_bin.15_gene_301_2	C287	1	1	1	1	1	1	1	1	1	1	1	1	1	1
EHM034692|EHA02331_bin.15_gene_301_3	C287	1	1	1	1	1	0	0	0	0	0	0	1	0	0
EHM034692|EHA02331_bin.15_gene_301_4	C287	1	1	1	1	0	0	1	0	1	0	0	0	0	1
EHM034692|EHA02331_bin.15_gene_301_5	C287	1	1	1	1	1	1	0	1	1	0	0	0	0	1
EHM034692|EHA02331_bin.15_gene_301_6	C287	1	1	1	1	1	1	1	1	1	1	1	1	1	1
EHM034692|EHA02331_bin.15_gene_301_7	C287	1	1	1	1	0	1	1	1	1	1	1	1	1	1
EHM034692|EHA02331_bin.15_gene_301_8	C287	1	1	1	1	0	1	1	1	1	1	1	1	1	1
EHM034692|EHA02331_bin.15_gene_301_9	C287	1	1	1	1	1	1	1	1	0	0	1	1	0	0
EHM034692|EHA02331_bin.15_gene_301_10	C287	1	1	1	1	1	1	1	1	0	0	1	1	0	0
EHM034692|EHA02331_bin.15_gene_301_11	C287	1	1	1	1	1	1	0	1	1	0	1	1	1	1
EHM034692|EHA02331_bin.15_gene_301_12	C287	1	1	1	1	1	1	1	1	1	1	1	1	1	1
EHM034692|EHA02331_bin.15_gene_302_1	C287	1	1	1	1	1	1	1	1	1	1	1	1	1	1
EHM034692|EHA02331_bin.15_gene_302_2	C287	1	1	1	1	0	1	1	1	1	0	0	1	0	1
EHM034692|EHA02331_bin.15_gene_303_1	C287	1	1	1	1	1	1	1	1	1	1	0	1	1	1
EHM034692|EHA02331_bin.15_gene_303_2	C287	1	1	1	1	1	1	1	1	1	1	1	1	1	1
EHM034692|EHA02331_bin.15_gene_303_3	C287	1	1	1	1	1	1	1	1	1	1	1	1	1	1
EHM034692|EHA02331_bin.15_gene_303_4	C287	1	1	1	1	1	1	1	1	1	1	1	1	1	1
EHM034692|EHA02331_bin.15_gene_303_5	C287	1	1	1	1	1	1	1	1	1	1	1	0	1	1
EHM034692|EHA02331_bin.15_gene_303_7	C287	1	1	1	1	1	1	1	1	1	1	1	1	1	0
EHM034692|EHA02331_bin.15_gene_304_1	C287	1	1	1	1	1	0	1	0	0	0	0	0	0	0
EHM034692|EHA02331_bin.15_gene_304_7	C287	1	1	1	1	1	1	1	1	1	1	1	1	1	1
EHM034692|EHA02331_bin.15_gene_304_10	C287	1	1	1	1	1	1	1	1	0	0	1	1	0	0
EHM034692|EHA02331_bin.15_gene_304_11	C287	1	1	1	1	1	1	0	1	1	1	1	1	0	1
EHM034692|EHA02331_bin.15_gene_304_12	C287	1	1	1	1	1	1	0	1	1	1	1	1	1	1
EHM034692|EHA02331_bin.15_gene_304_13	C287	1	1	1	1	1	1	0	1	1	1	1	1	1	1
EHM034692|EHA02331_bin.15_gene_304_14	C287	1	1	1	1	1	1	0	1	0	0	0	1	0	0
EHM034674|EHA02355_bin.24_gene_1_4	C289	1	1	1	1	1	1	0	0	0	0	0	0	0	0
EHM034674|EHA02355_bin.24_gene_1_6	C289	1	1	1	1	1	1	1	1	1	1	1	1	1	1
EHM034674|EHA02355_bin.24_gene_1_7	C289	1	1	1	1	1	1	0	1	1	1	0	0	0	1
EHM034674|EHA02355_bin.24_gene_1_15	C289	1	1	1	1	1	1	1	0	0	0	1	1	0	0
EHM034674|EHA02355_bin.24_gene_1_20	C289	1	1	1	1	1	0	1	1	1	1	1	1	1	1
EHM034674|EHA02355_bin.24_gene_1_21	C289	1	1	1	1	0	0	0	0	0	0	0	0	0	0
EHM034674|EHA02355_bin.24_gene_1_22	C289	1	1	1	1	1	1	1	1	1	1	1	1	1	1
EHM034674|EHA02355_bin.24_gene_1_23	C289	1	1	1	1	1	1	1	1	1	1	0	0	1	1
EHM034674|EHA02355_bin.24_gene_2_1	C289	1	1	1	1	1	1	1	1	1	1	0	0	1	1
EHM034674|EHA02355_bin.24_gene_2_3	C289	1	1	0	1	1	0	1	0	0	0	0	1	1	1
EHM034674|EHA02355_bin.24_gene_3_1	C289	1	1	1	1	1	1	1	1	1	1	1	1	1	1
EHM034674|EHA02355_bin.24_gene_3_4	C289	1	1	1	1	0	1	0	0	0	0	0	0	0	0
EHM034674|EHA02355_bin.24_gene_3_6	C289	1	1	1	1	0	0	0	1	1	1	0	0	1	1
EHM034674|EHA02355_bin.24_gene_3_7	C289	1	1	1	1	1	1	1	1	1	1	1	1	1	1
EHM034674|EHA02355_bin.24_gene_3_8	C289	1	1	1	1	1	1	1	1	0	1	1	1	1	1
EHM034674|EHA02355_bin.24_gene_4_2	C289	1	1	1	1	0	1	0	1	0	0	0	0	0	1
EHM034674|EHA02355_bin.24_gene_6_2	C289	1	1	1	1	1	1	1	1	1	1	1	1	1	1
EHM034674|EHA02355_bin.24_gene_6_3	C289	1	1	1	1	1	1	1	0	0	0	1	0	1	1
EHM034674|EHA02355_bin.24_gene_6_4	C289	1	1	1	1	1	0	1	1	1	1	0	1	1	1
EHM034674|EHA02355_bin.24_gene_6_7	C289	1	1	1	1	1	0	1	1	1	1	0	1	1	1
EHM034674|EHA02355_bin.24_gene_7_3	C289	1	1	1	1	0	0	0	1	1	1	0	0	0	1
EHM034674|EHA02355_bin.24_gene_7_4	C289	1	1	1	1	1	1	0	1	1	1	1	1	0	1
EHM034674|EHA02355_bin.24_gene_7_5	C289	1	1	1	1	1	1	0	1	1	1	1	1	0	1
EHM034674|EHA02355_bin.24_gene_8_2	C289	1	1	1	1	1	1	1	1	1	0	1	1	1	1
EHM034674|EHA02355_bin.24_gene_8_3	C289	1	1	1	1	1	1	1	1	1	0	1	1	1	1
EHM034674|EHA02355_bin.24_gene_8_4	C289	1	1	1	1	1	1	1	1	1	1	1	1	1	1
EHM034674|EHA02355_bin.24_gene_8_5	C289	1	1	1	1	0	0	0	0	0	0	0	0	1	1
EHM034674|EHA02355_bin.24_gene_8_6	C289	1	1	1	1	1	1	1	0	0	0	0	1	1	1
EHM034674|EHA02355_bin.24_gene_10_1	C289	1	1	1	1	1	1	0	0	1	1	1	1	0	1
EHM034674|EHA02355_bin.24_gene_10_3	C289	1	1	1	1	1	1	1	1	1	1	1	1	1	1
EHM034674|EHA02355_bin.24_gene_10_6	C289	1	1	1	1	1	1	1	1	1	1	0	1	1	1
EHM034674|EHA02355_bin.24_gene_10_7	C289	1	1	1	1	1	1	1	1	1	1	0	1	1	1
EHM034674|EHA02355_bin.24_gene_10_8	C289	1	1	1	1	1	1	0	1	0	1	1	1	1	1
EHM034674|EHA02355_bin.24_gene_10_9	C289	1	1	1	1	1	1	1	1	1	1	1	1	1	1
EHM034674|EHA02355_bin.24_gene_10_10	C289	1	1	1	1	1	1	1	1	1	1	1	1	1	1
EHM034674|EHA02355_bin.24_gene_11_1	C289	1	1	1	1	1	1	0	1	1	1	1	1	1	1
EHM034674|EHA02355_bin.24_gene_11_2	C289	1	1	1	1	1	1	0	1	1	1	1	1	1	1
EHM034674|EHA02355_bin.24_gene_11_3	C289	1	1	1	1	1	1	1	1	0	0	0	1	1	0
EHM034674|EHA02355_bin.24_gene_11_4	C289	1	1	1	1	1	1	1	1	1	1	1	1	1	1
EHM034674|EHA02355_bin.24_gene_11_5	C289	1	0	0	1	0	0	0	0	0	0	0	1	0	0
EHM034674|EHA02355_bin.24_gene_12_1	C289	1	1	1	1	1	1	1	1	1	1	1	1	1	0
EHM034674|EHA02355_bin.24_gene_12_2	C289	1	1	1	1	1	1	0	0	0	0	0	0	0	0
EHM034674|EHA02355_bin.24_gene_13_1	C289	1	1	1	1	1	1	0	0	0	0	0	0	0	0
EHM034674|EHA02355_bin.24_gene_14_1	C289	1	1	1	1	1	1	0	0	0	0	1	0	0	0
EHM034674|EHA02355_bin.24_gene_15_2	C289	1	1	1	1	1	1	1	1	1	1	1	1	1	1
EHM034674|EHA02355_bin.24_gene_15_3	C289	1	1	1	1	1	1	1	1	1	1	1	0	1	1
EHM034674|EHA02355_bin.24_gene_16_1	C289	1	1	1	1	1	1	1	0	1	1	1	0	1	0
EHM034674|EHA02355_bin.24_gene_16_2	C289	1	1	1	1	1	1	1	1	1	1	1	1	1	1
EHM034674|EHA02355_bin.24_gene_16_3	C289	1	1	1	1	0	1	0	1	1	1	1	1	1	1
EHM034674|EHA02355_bin.24_gene_18_6	C289	1	1	1	1	0	0	0	0	0	0	0	0	0	0
EHM034674|EHA02355_bin.24_gene_19_1	C289	1	1	1	1	1	1	0	0	0	0	1	0	0	0
EHM034674|EHA02355_bin.24_gene_19_2	C289	1	1	1	1	1	1	1	1	1	1	1	1	1	1
EHM034674|EHA02355_bin.24_gene_19_3	C289	1	1	1	1	1	1	1	1	1	1	1	1	1	1
EHM034674|EHA02355_bin.24_gene_20_1	C289	1	1	1	1	0	0	0	0	1	0	0	0	0	1
EHM034674|EHA02355_bin.24_gene_20_3	C289	1	1	1	1	0	0	0	0	0	0	0	0	0	1
EHM034674|EHA02355_bin.24_gene_20_4	C289	1	1	1	1	1	1	1	1	1	1	1	1	1	1
EHM034674|EHA02355_bin.24_gene_20_6	C289	1	1	1	1	1	1	1	1	1	1	1	1	1	1
EHM034674|EHA02355_bin.24_gene_21_1	C289	1	1	1	1	1	1	1	1	1	1	1	1	0	0
EHM034674|EHA02355_bin.24_gene_22_2	C289	1	1	1	1	1	1	1	1	1	1	1	1	1	1
EHM034674|EHA02355_bin.24_gene_22_3	C289	1	1	1	1	1	1	1	1	1	1	0	1	1	1
EHM034674|EHA02355_bin.24_gene_22_4	C289	1	0	1	1	1	1	1	1	1	1	1	1	1	1
EHM034674|EHA02355_bin.24_gene_22_5	C289	1	1	1	1	1	1	1	1	1	0	1	1	1	1
EHM034674|EHA02355_bin.24_gene_23_2	C289	1	1	1	1	0	1	0	0	0	0	0	0	0	0
EHM034674|EHA02355_bin.24_gene_23_3	C289	1	1	1	1	1	1	0	0	0	0	0	0	0	0
EHM034674|EHA02355_bin.24_gene_23_4	C289	1	1	1	1	0	0	0	0	0	0	0	0	0	0
EHM034674|EHA02355_bin.24_gene_23_6	C289	1	1	1	1	1	1	1	1	1	1	1	1	1	1
EHM034674|EHA02355_bin.24_gene_23_7	C289	1	1	1	1	1	1	0	1	1	1	0	1	1	1
EHM034674|EHA02355_bin.24_gene_24_1	C289	1	1	1	1	1	1	0	1	1	0	1	1	0	0
EHM034674|EHA02355_bin.24_gene_24_2	C289	1	1	1	1	0	1	0	1	0	0	0	1	0	0
EHM034674|EHA02355_bin.24_gene_24_3	C289	1	1	1	1	1	1	1	1	1	1	0	1	1	1
EHM034674|EHA02355_bin.24_gene_25_1	C289	1	1	1	1	0	1	0	0	0	0	0	0	1	1
EHM034674|EHA02355_bin.24_gene_25_2	C289	1	1	1	1	0	1	0	0	0	0	0	0	1	1
EHM034674|EHA02355_bin.24_gene_25_7	C289	1	1	1	1	1	1	1	1	0	0	1	1	0	0
EHM034674|EHA02355_bin.24_gene_25_8	C289	1	1	1	1	1	1	1	1	1	1	1	1	1	0
EHM034674|EHA02355_bin.24_gene_25_9	C289	1	1	1	1	1	1	0	1	1	1	1	1	1	1
EHM034674|EHA02355_bin.24_gene_25_10	C289	1	1	1	1	1	1	1	1	1	1	1	0	1	1
EHM034674|EHA02355_bin.24_gene_25_11	C289	1	1	1	1	1	1	1	1	1	1	1	0	1	1
EHM034674|EHA02355_bin.24_gene_25_12	C289	1	1	1	1	1	1	1	1	1	0	0	1	1	0
EHM034674|EHA02355_bin.24_gene_25_13	C289	1	1	1	1	1	1	1	1	1	1	1	1	1	1
EHM034674|EHA02355_bin.24_gene_25_14	C289	1	1	1	1	1	1	1	1	0	0	1	1	0	0
EHM034674|EHA02355_bin.24_gene_26_1	C289	1	1	1	1	0	1	0	0	1	1	0	0	0	0
EHM034674|EHA02355_bin.24_gene_27_2	C289	1	1	1	1	1	1	0	0	0	0	1	0	0	0
EHM034674|EHA02355_bin.24_gene_27_3	C289	1	1	1	1	1	1	0	0	0	0	1	0	0	0
EHM034674|EHA02355_bin.24_gene_28_1	C289	1	1	1	1	1	1	1	1	1	1	0	0	1	1
EHM034674|EHA02355_bin.24_gene_28_3	C289	1	1	1	1	1	1	1	1	1	1	1	1	1	1
EHM034674|EHA02355_bin.24_gene_28_4	C289	1	1	1	1	0	1	1	0	1	1	0	0	1	1
EHM034674|EHA02355_bin.24_gene_29_1	C289	1	1	1	1	1	0	0	0	0	0	0	0	0	0
EHM034674|EHA02355_bin.24_gene_29_2	C289	1	1	1	1	1	0	1	1	1	1	1	1	1	1
EHM034674|EHA02355_bin.24_gene_30_2	C289	1	1	1	1	0	1	0	0	0	0	1	0	0	0
EHM034674|EHA02355_bin.24_gene_30_3	C289	1	0	1	1	1	1	1	0	1	1	1	0	1	1
EHM034674|EHA02355_bin.24_gene_31_1	C289	1	1	1	1	1	1	0	1	1	1	1	1	1	1
EHM034674|EHA02355_bin.24_gene_31_2	C289	1	1	1	1	1	1	0	1	0	1	1	1	1	1
EHM034674|EHA02355_bin.24_gene_31_3	C289	1	1	1	1	1	1	0	1	1	1	1	1	1	1
EHM034674|EHA02355_bin.24_gene_31_4	C289	1	1	1	1	1	1	1	1	1	1	1	0	1	1
EHM034674|EHA02355_bin.24_gene_31_5	C289	1	1	1	1	1	1	1	0	0	0	0	0	0	0
EHM034674|EHA02355_bin.24_gene_31_6	C289	1	1	1	1	1	1	0	1	1	1	1	1	1	1
EHM034674|EHA02355_bin.24_gene_31_7	C289	1	1	1	1	1	1	0	0	0	1	0	0	1	0
EHM034674|EHA02355_bin.24_gene_31_9	C289	1	1	1	1	1	1	1	1	1	1	0	1	1	1
EHM034674|EHA02355_bin.24_gene_31_10	C289	1	1	1	1	1	1	1	1	1	1	1	1	1	1
EHM034674|EHA02355_bin.24_gene_32_2	C289	1	1	1	1	0	1	0	0	0	0	0	1	0	0
EHM034674|EHA02355_bin.24_gene_33_3	C289	1	1	1	1	1	1	1	0	0	0	1	1	1	0
EHM034674|EHA02355_bin.24_gene_33_13	C289	1	1	1	1	1	1	1	1	1	1	1	1	1	1
EHM034674|EHA02355_bin.24_gene_33_14	C289	1	1	1	1	1	0	1	1	1	0	0	1	0	1
EHM034674|EHA02355_bin.24_gene_33_15	C289	1	1	1	1	1	1	1	1	1	1	0	1	1	1
EHM034674|EHA02355_bin.24_gene_33_16	C289	1	1	1	1	1	1	1	1	1	1	1	1	1	1
EHM034674|EHA02355_bin.24_gene_33_17	C289	1	1	1	1	1	1	1	1	1	1	1	0	1	1
EHM034674|EHA02355_bin.24_gene_33_18	C289	1	1	1	1	1	1	0	1	1	0	1	1	1	1
EHM034674|EHA02355_bin.24_gene_33_21	C289	1	1	1	1	1	0	1	0	0	0	0	1	0	0
EHM034674|EHA02355_bin.24_gene_33_23	C289	1	1	1	1	1	1	0	1	0	0	0	0	0	0
EHM034674|EHA02355_bin.24_gene_33_26	C289	1	1	1	1	1	1	0	1	1	1	1	1	1	1
EHM034674|EHA02355_bin.24_gene_33_27	C289	1	0	0	1	1	1	0	0	1	0	1	1	0	1
EHM034674|EHA02355_bin.24_gene_33_28	C289	1	1	1	1	1	1	1	1	1	1	1	1	1	1
EHM034674|EHA02355_bin.24_gene_33_29	C289	1	1	1	1	1	1	1	1	1	1	1	1	1	1
EHM034674|EHA02355_bin.24_gene_33_31	C289	1	1	1	1	0	1	0	0	0	0	0	1	0	1
EHM034674|EHA02355_bin.24_gene_33_32	C289	1	1	1	1	1	1	0	0	0	0	0	1	0	0
EHM034674|EHA02355_bin.24_gene_33_33	C289	1	1	1	1	1	1	1	1	1	1	1	1	1	1
EHM034674|EHA02355_bin.24_gene_34_1	C289	1	1	1	1	0	1	0	0	0	0	0	0	0	0
EHM034674|EHA02355_bin.24_gene_34_5	C289	1	1	1	1	1	1	0	1	1	1	1	1	1	1
EHM034674|EHA02355_bin.24_gene_34_6	C289	1	1	1	1	1	1	1	1	1	1	1	1	1	1
EHM034674|EHA02355_bin.24_gene_35_1	C289	1	1	1	1	1	1	0	0	0	0	0	0	0	0
EHM034674|EHA02355_bin.24_gene_35_2	C289	1	1	1	1	0	0	0	0	0	0	0	0	0	0
EHM034674|EHA02355_bin.24_gene_35_3	C289	1	1	1	1	1	1	1	1	1	1	0	1	1	1
EHM034674|EHA02355_bin.24_gene_35_4	C289	1	1	1	1	0	1	1	0	0	0	0	1	0	0
EHM034674|EHA02355_bin.24_gene_35_6	C289	1	1	1	1	1	1	1	1	1	1	1	1	1	1
EHM034674|EHA02355_bin.24_gene_35_8	C289	1	1	1	1	1	1	1	1	1	1	1	1	1	1
EHM034674|EHA02355_bin.24_gene_35_9	C289	1	1	1	1	1	1	1	1	1	1	1	1	1	1
EHM034674|EHA02355_bin.24_gene_36_2	C289	1	1	1	1	0	0	0	0	0	1	0	0	0	0
EHM034674|EHA02355_bin.24_gene_36_3	C289	1	1	1	1	0	1	0	1	0	0	0	0	0	0
EHM034674|EHA02355_bin.24_gene_36_4	C289	1	1	1	1	1	0	0	0	0	0	0	0	0	0
EHM034674|EHA02355_bin.24_gene_36_5	C289	1	1	1	1	1	0	1	0	0	0	1	1	0	0
EHM034674|EHA02355_bin.24_gene_37_2	C289	1	1	1	1	1	1	1	1	1	1	1	1	1	1
EHM034674|EHA02355_bin.24_gene_37_3	C289	1	1	1	1	1	1	1	1	1	1	1	1	1	1
EHM034674|EHA02355_bin.24_gene_37_4	C289	1	1	1	1	1	1	0	1	1	1	1	1	1	1
EHM034674|EHA02355_bin.24_gene_38_1	C289	1	0	1	1	1	1	1	1	1	1	0	1	1	1
EHM034674|EHA02355_bin.24_gene_38_2	C289	1	1	1	1	0	1	1	1	1	1	1	1	1	1
EHM034674|EHA02355_bin.24_gene_39_4	C289	1	1	1	1	1	1	0	1	1	1	1	1	1	1
EHM034674|EHA02355_bin.24_gene_39_5	C289	1	1	1	1	1	1	0	1	1	1	1	1	1	1
EHM034674|EHA02355_bin.24_gene_39_6	C289	1	1	1	1	1	1	1	1	1	1	0	1	0	1
EHM034674|EHA02355_bin.24_gene_39_7	C289	1	1	1	1	1	1	1	1	1	1	0	1	1	1
EHM034674|EHA02355_bin.24_gene_39_8	C289	1	1	1	1	1	1	1	1	1	1	1	1	1	1
EHM034674|EHA02355_bin.24_gene_39_9	C289	1	1	1	1	1	1	1	1	1	1	1	1	1	1
EHM034674|EHA02355_bin.24_gene_39_10	C289	1	1	1	1	1	0	0	0	0	0	0	1	0	0
EHM034674|EHA02355_bin.24_gene_39_11	C289	1	1	1	1	0	0	1	0	1	0	0	0	0	1
EHM034674|EHA02355_bin.24_gene_39_12	C289	1	1	1	1	1	1	0	1	1	0	0	0	0	1
EHM034674|EHA02355_bin.24_gene_39_13	C289	1	1	1	1	1	1	1	1	1	1	1	1	1	1
EHM034674|EHA02355_bin.24_gene_39_17	C289	1	1	1	1	0	1	1	1	1	1	1	1	1	1
EHM034674|EHA02355_bin.24_gene_39_18	C289	1	1	1	1	0	1	1	1	1	1	1	1	1	1
EHM034674|EHA02355_bin.24_gene_39_19	C289	1	1	1	1	1	1	1	1	0	0	1	1	0	0
EHM034674|EHA02355_bin.24_gene_39_20	C289	1	1	1	1	1	1	1	1	0	0	1	1	0	0
EHM034674|EHA02355_bin.24_gene_39_21	C289	1	1	1	1	1	1	0	1	1	0	1	1	1	1
EHM034674|EHA02355_bin.24_gene_39_23	C289	1	1	1	1	1	1	1	1	1	1	1	1	1	1
EHM034674|EHA02355_bin.24_gene_39_24	C289	1	1	1	1	1	1	1	0	1	1	1	1	0	1
EHM034674|EHA02355_bin.24_gene_39_25	C289	1	1	1	1	1	0	0	0	0	0	0	0	0	0
EHM034674|EHA02355_bin.24_gene_39_26	C289	1	1	1	1	1	1	0	1	0	0	1	1	0	1
EHM034674|EHA02355_bin.24_gene_39_27	C289	1	1	1	1	1	1	1	1	0	0	1	1	0	0
EHM034674|EHA02355_bin.24_gene_39_28	C289	1	1	1	1	1	1	1	1	1	1	1	1	1	1
EHM034674|EHA02355_bin.24_gene_39_29	C289	1	1	1	1	1	1	1	0	1	1	1	1	1	1
EHM034674|EHA02355_bin.24_gene_39_30	C289	1	1	1	1	1	1	1	0	0	0	0	0	0	1
EHM034674|EHA02355_bin.24_gene_39_31	C289	1	1	1	1	1	0	1	0	0	0	0	0	0	1
EHM034674|EHA02355_bin.24_gene_39_32	C289	1	1	0	1	0	1	0	1	1	1	1	1	1	1
EHM034674|EHA02355_bin.24_gene_39_33	C289	1	1	1	1	1	1	1	1	1	1	1	1	1	1
EHM034674|EHA02355_bin.24_gene_40_7	C289	1	1	1	1	1	1	1	0	0	0	1	0	0	0
EHM034674|EHA02355_bin.24_gene_40_8	C289	1	0	1	1	1	1	1	0	0	0	1	0	1	0
EHM034674|EHA02355_bin.24_gene_41_1	C289	1	1	0	1	1	1	1	0	1	0	0	1	0	1
EHM034674|EHA02355_bin.24_gene_41_2	C289	1	1	1	1	1	1	0	1	1	1	1	1	1	1
EHM034674|EHA02355_bin.24_gene_41_3	C289	1	1	1	1	1	1	1	1	1	1	1	1	1	1
EHM034674|EHA02355_bin.24_gene_41_4	C289	1	1	1	1	1	1	1	1	1	1	1	1	1	1
EHM034674|EHA02355_bin.24_gene_41_5	C289	1	1	1	1	0	1	0	0	0	0	0	0	0	0
EHM034674|EHA02355_bin.24_gene_41_6	C289	1	1	1	1	1	1	0	1	1	0	1	0	1	1
EHM034674|EHA02355_bin.24_gene_41_7	C289	1	1	1	1	1	1	0	1	1	1	1	1	1	1
EHM034674|EHA02355_bin.24_gene_41_8	C289	1	1	1	1	1	1	0	1	0	0	1	1	1	0
EHM034674|EHA02355_bin.24_gene_42_2	C289	1	1	1	1	0	0	0	0	0	0	0	1	0	0
EHM034674|EHA02355_bin.24_gene_42_3	C289	1	1	1	1	1	1	1	1	1	1	1	0	1	1
EHM034674|EHA02355_bin.24_gene_43_1	C289	1	1	1	1	1	1	1	1	1	1	1	1	1	1
EHM034674|EHA02355_bin.24_gene_43_2	C289	1	1	1	1	1	1	1	1	1	1	1	1	1	1
EHM034674|EHA02355_bin.24_gene_43_3	C289	1	1	1	1	1	1	1	1	1	1	1	1	1	1
EHM034674|EHA02355_bin.24_gene_43_4	C289	1	1	1	1	1	1	1	1	1	1	0	1	1	1
EHM034674|EHA02355_bin.24_gene_43_5	C289	1	1	1	1	1	1	0	0	0	0	0	0	0	0
EHM034674|EHA02355_bin.24_gene_44_1	C289	1	1	1	1	1	1	1	1	1	1	0	0	1	1
EHM034674|EHA02355_bin.24_gene_44_2	C289	1	1	1	1	1	1	1	1	1	1	1	0	1	1
EHM034674|EHA02355_bin.24_gene_44_5	C289	1	1	1	1	1	1	1	1	1	1	1	1	1	1
EHM034674|EHA02355_bin.24_gene_44_6	C289	1	1	1	1	1	1	1	1	1	1	0	1	1	1
EHM034674|EHA02355_bin.24_gene_45_1	C289	1	1	1	1	1	0	0	0	0	0	0	0	0	0
EHM034674|EHA02355_bin.24_gene_45_2	C289	1	1	1	1	1	0	0	0	0	0	0	0	0	0
EHM034674|EHA02355_bin.24_gene_45_3	C289	1	1	1	1	1	1	1	1	1	1	1	0	1	1
EHM034674|EHA02355_bin.24_gene_45_4	C289	1	1	1	1	0	1	0	0	0	0	0	0	0	0
EHM034674|EHA02355_bin.24_gene_45_5	C289	1	1	1	1	1	1	1	1	1	1	1	0	1	1
EHM034674|EHA02355_bin.24_gene_46_1	C289	1	0	1	1	0	1	0	0	0	0	0	0	0	0
EHM034674|EHA02355_bin.24_gene_47_3	C289	1	1	1	1	1	1	0	1	1	1	1	1	1	1
EHM034674|EHA02355_bin.24_gene_47_4	C289	1	1	1	1	1	1	0	1	1	1	1	1	1	1
EHM034674|EHA02355_bin.24_gene_47_5	C289	1	1	1	1	1	1	0	1	1	1	1	1	1	1
EHM034674|EHA02355_bin.24_gene_48_3	C289	1	1	1	1	1	1	1	1	1	1	0	1	1	1
EHM034674|EHA02355_bin.24_gene_48_4	C289	1	1	1	1	1	1	1	1	1	1	1	0	1	1
EHM034674|EHA02355_bin.24_gene_48_9	C289	1	1	1	1	0	0	0	1	1	1	0	0	0	0
EHM034674|EHA02355_bin.24_gene_48_10	C289	1	1	1	1	1	0	0	0	0	0	0	1	1	0
EHM034674|EHA02355_bin.24_gene_48_11	C289	1	1	1	1	1	1	1	1	1	1	1	1	1	1
EHM034674|EHA02355_bin.24_gene_49_2	C289	1	1	1	1	1	1	0	1	1	1	0	1	1	1
EHM034674|EHA02355_bin.24_gene_49_3	C289	1	1	1	1	1	1	0	1	1	1	1	1	1	1
EHM034674|EHA02355_bin.24_gene_51_1	C289	1	1	1	1	1	1	0	1	0	0	1	1	0	0
EHM034674|EHA02355_bin.24_gene_51_2	C289	1	1	1	1	1	1	1	1	1	1	1	1	1	1
EHM034674|EHA02355_bin.24_gene_51_3	C289	1	1	1	1	1	1	1	1	1	1	1	1	1	1
EHM034674|EHA02355_bin.24_gene_51_4	C289	1	1	1	1	1	0	0	0	0	0	0	0	1	0
EHM034674|EHA02355_bin.24_gene_53_1	C289	1	0	1	1	1	1	1	1	1	1	0	1	1	1
EHM034674|EHA02355_bin.24_gene_53_2	C289	1	0	1	1	1	1	1	0	0	0	1	1	0	0
EHM034674|EHA02355_bin.24_gene_53_3	C289	1	1	1	1	1	1	1	0	0	0	0	1	0	0
EHM034674|EHA02355_bin.24_gene_54_2	C289	1	1	1	1	0	1	1	1	1	1	1	0	0	0
EHM034674|EHA02355_bin.24_gene_55_1	C289	1	1	1	1	1	1	1	0	0	0	1	1	1	0
EHM034674|EHA02355_bin.24_gene_55_2	C289	1	1	1	1	1	1	1	1	1	1	0	1	1	1
EHM034674|EHA02355_bin.24_gene_55_3	C289	1	1	1	1	1	1	1	1	1	1	0	1	1	1
EHM034674|EHA02355_bin.24_gene_55_4	C289	1	1	1	1	1	1	1	1	1	1	0	1	1	1
EHM034674|EHA02355_bin.24_gene_55_5	C289	1	1	1	1	1	1	1	1	1	1	1	1	1	1
EHM034674|EHA02355_bin.24_gene_55_7	C289	1	1	1	1	0	1	1	1	1	1	0	0	1	1
EHM034674|EHA02355_bin.24_gene_55_8	C289	1	1	1	1	1	1	1	1	1	1	1	1	1	1
EHM034674|EHA02355_bin.24_gene_56_5	C289	1	1	1	1	1	1	1	1	1	1	1	1	0	1
EHM034674|EHA02355_bin.24_gene_57_1	C289	1	1	0	1	0	0	0	0	0	1	1	1	0	0
EHM034674|EHA02355_bin.24_gene_57_2	C289	1	1	1	1	1	1	0	1	1	1	1	1	1	1
EHM034674|EHA02355_bin.24_gene_57_3	C289	1	1	1	1	1	1	0	1	1	1	1	1	1	1
EHM034674|EHA02355_bin.24_gene_57_4	C289	1	1	1	1	1	1	1	1	1	1	0	1	1	1
EHM034674|EHA02355_bin.24_gene_58_1	C289	1	1	1	1	1	1	0	1	1	1	1	1	1	1
EHM034674|EHA02355_bin.24_gene_58_3	C289	1	1	1	1	1	1	0	0	0	0	0	1	0	0
EHM034674|EHA02355_bin.24_gene_58_8	C289	1	1	1	1	1	1	1	1	1	1	1	1	1	1
EHM034674|EHA02355_bin.24_gene_58_9	C289	1	1	1	1	1	0	0	0	0	0	0	0	0	0
EHM034674|EHA02355_bin.24_gene_58_10	C289	1	1	1	1	1	1	0	0	0	0	0	0	0	0
EHM034674|EHA02355_bin.24_gene_58_11	C289	1	1	1	1	1	1	1	1	0	0	1	1	0	0
EHM034674|EHA02355_bin.24_gene_58_12	C289	1	1	1	1	0	1	1	1	1	1	1	1	0	0
EHM034674|EHA02355_bin.24_gene_58_13	C289	1	1	1	1	1	1	0	0	0	1	0	1	1	1
EHM034674|EHA02355_bin.24_gene_58_14	C289	1	1	1	1	1	1	0	1	1	1	1	1	1	1
EHM034674|EHA02355_bin.24_gene_58_15	C289	1	1	1	1	1	1	0	0	0	0	0	1	0	0
EHM034674|EHA02355_bin.24_gene_58_16	C289	1	1	1	1	1	1	1	0	0	0	1	1	0	0
EHM034674|EHA02355_bin.24_gene_58_17	C289	1	1	1	1	1	1	1	1	1	1	0	1	1	1
EHM034674|EHA02355_bin.24_gene_58_18	C289	1	1	1	1	1	1	1	1	0	1	0	1	1	1
EHM034674|EHA02355_bin.24_gene_58_19	C289	1	1	1	1	1	1	1	1	1	1	0	1	1	1
EHM034674|EHA02355_bin.24_gene_58_20	C289	1	1	1	1	1	1	1	1	1	1	0	1	1	1
EHM034674|EHA02355_bin.24_gene_58_22	C289	1	1	1	1	1	1	1	1	1	0	1	1	1	1
EHM034674|EHA02355_bin.24_gene_58_23	C289	1	1	1	1	1	0	0	0	0	0	0	0	0	0
EHM034674|EHA02355_bin.24_gene_58_24	C289	1	1	1	1	1	1	0	0	0	0	1	1	0	0
EHM034674|EHA02355_bin.24_gene_58_26	C289	1	1	1	1	1	1	1	1	1	1	1	1	1	1
EHM034674|EHA02355_bin.24_gene_60_1	C289	1	1	1	1	1	1	0	0	1	0	1	0	1	0
EHM034674|EHA02355_bin.24_gene_62_1	C289	1	1	1	1	1	0	0	0	0	0	0	0	0	0
EHM034674|EHA02355_bin.24_gene_62_2	C289	1	1	1	1	1	1	0	1	1	1	1	1	1	1
EHM034674|EHA02355_bin.24_gene_62_3	C289	1	1	1	1	1	1	0	1	1	0	1	1	1	1
EHM034674|EHA02355_bin.24_gene_62_4	C289	1	1	1	1	1	1	0	1	0	0	0	0	0	0
EHM034674|EHA02355_bin.24_gene_62_5	C289	1	1	1	1	1	1	0	1	0	0	0	1	0	0
EHM034674|EHA02355_bin.24_gene_62_6	C289	1	1	1	1	1	1	1	1	1	1	0	1	1	1
EHM034674|EHA02355_bin.24_gene_63_1	C289	1	1	1	1	0	1	0	1	0	1	0	0	0	0
EHM034674|EHA02355_bin.24_gene_63_2	C289	1	1	1	1	0	1	0	0	0	0	1	0	0	0
EHM034674|EHA02355_bin.24_gene_64_1	C289	1	1	1	1	1	1	1	1	1	1	1	1	1	1
EHM034674|EHA02355_bin.24_gene_64_2	C289	1	1	1	1	1	1	1	1	1	1	1	1	1	1
EHM034674|EHA02355_bin.24_gene_64_3	C289	1	1	1	1	1	1	1	1	1	1	1	1	1	1
EHM034674|EHA02355_bin.24_gene_65_1	C289	1	1	1	1	1	1	1	1	1	1	1	0	1	1
EHM034674|EHA02355_bin.24_gene_65_2	C289	1	1	1	1	1	1	1	1	1	1	1	0	1	1
EHM034674|EHA02355_bin.24_gene_65_3	C289	1	1	1	1	1	1	1	1	1	1	1	1	1	1
EHM034674|EHA02355_bin.24_gene_65_4	C289	1	1	1	1	1	1	1	1	1	1	1	1	1	1
EHM034674|EHA02355_bin.24_gene_65_5	C289	1	1	1	1	1	1	1	1	1	1	1	1	1	1
EHM034674|EHA02355_bin.24_gene_65_7	C289	1	1	1	1	1	1	1	1	1	1	1	1	1	1
EHM034674|EHA02355_bin.24_gene_65_8	C289	1	0	1	1	1	1	1	1	0	0	1	0	0	0
EHM034674|EHA02355_bin.24_gene_65_9	C289	1	0	1	1	1	0	0	0	0	0	0	0	0	0
EHM034674|EHA02355_bin.24_gene_65_10	C289	1	0	1	1	1	1	0	0	0	1	0	0	0	0
EHM034674|EHA02355_bin.24_gene_65_11	C289	1	1	1	1	1	1	1	1	1	1	1	0	1	1
EHM034674|EHA02355_bin.24_gene_65_12	C289	1	1	1	1	1	1	1	1	1	1	1	1	1	1
EHM034674|EHA02355_bin.24_gene_65_13	C289	1	1	1	1	1	1	1	1	1	1	1	0	1	1
EHM034674|EHA02355_bin.24_gene_65_14	C289	1	1	1	1	1	1	1	1	1	0	1	0	1	1
EHM034674|EHA02355_bin.24_gene_65_15	C289	1	1	1	1	1	1	1	1	1	1	1	0	1	1
EHM034674|EHA02355_bin.24_gene_65_16	C289	1	1	1	1	1	1	1	1	1	1	1	0	1	1
EHM034674|EHA02355_bin.24_gene_65_17	C289	1	1	1	1	1	1	1	1	1	1	1	0	1	1
EHM034674|EHA02355_bin.24_gene_65_18	C289	1	1	1	1	1	1	0	1	0	0	1	0	0	0
EHM034674|EHA02355_bin.24_gene_65_20	C289	1	1	0	1	1	1	1	1	1	0	1	0	1	1
EHM034674|EHA02355_bin.24_gene_65_23	C289	1	1	1	1	1	1	1	1	0	0	1	1	0	0
EHM034674|EHA02355_bin.24_gene_65_24	C289	1	1	1	1	1	0	0	0	0	0	0	0	0	0
EHM034674|EHA02355_bin.24_gene_66_3	C289	1	1	1	1	1	1	1	1	1	1	0	1	1	1
EHM034674|EHA02355_bin.24_gene_66_4	C289	1	1	1	1	1	1	1	1	1	1	1	1	1	1
EHM034674|EHA02355_bin.24_gene_66_7	C289	1	1	1	1	1	1	1	1	1	1	1	1	1	1
EHM034674|EHA02355_bin.24_gene_66_8	C289	1	1	1	1	0	1	0	0	0	0	0	0	0	0
EHM034674|EHA02355_bin.24_gene_66_10	C289	1	1	1	1	1	1	1	1	1	0	1	1	1	0
EHM034674|EHA02355_bin.24_gene_66_11	C289	1	1	1	1	1	1	1	1	1	1	0	1	1	1
EHM034674|EHA02355_bin.24_gene_67_2	C289	1	1	1	1	1	0	1	1	0	0	1	1	0	1
EHM034674|EHA02355_bin.24_gene_68_1	C289	1	1	1	1	1	1	1	1	0	0	0	1	0	0
EHM034674|EHA02355_bin.24_gene_68_2	C289	1	1	1	1	1	1	1	0	0	0	0	1	0	0
EHM034674|EHA02355_bin.24_gene_68_3	C289	1	1	1	1	1	1	1	0	1	0	0	1	0	0
EHM034674|EHA02355_bin.24_gene_68_4	C289	1	1	1	1	1	1	1	1	1	1	0	1	1	1
EHM034674|EHA02355_bin.24_gene_68_5	C289	1	1	1	1	1	1	1	1	1	1	1	1	1	1
EHM034674|EHA02355_bin.24_gene_68_6	C289	1	1	1	1	1	1	1	1	0	0	1	1	1	0
EHM034674|EHA02355_bin.24_gene_68_9	C289	1	1	1	1	1	1	1	1	0	0	1	1	0	0
EHM034674|EHA02355_bin.24_gene_68_10	C289	1	1	1	1	1	1	1	1	1	1	0	1	1	1
EHM034674|EHA02355_bin.24_gene_68_12	C289	1	1	1	1	0	1	1	0	0	0	1	1	0	0
EHM034674|EHA02355_bin.24_gene_68_13	C289	1	1	1	1	1	1	0	1	0	0	0	1	0	0
EHM034674|EHA02355_bin.24_gene_68_14	C289	1	1	1	1	1	1	0	0	1	1	0	0	1	0
EHM034674|EHA02355_bin.24_gene_68_15	C289	1	1	1	1	1	1	0	0	0	0	0	0	0	0
EHM034674|EHA02355_bin.24_gene_68_16	C289	1	1	1	1	1	1	1	1	1	1	1	0	1	1
EHM034674|EHA02355_bin.24_gene_68_17	C289	1	1	1	1	1	1	1	1	0	0	1	1	0	0
EHM034674|EHA02355_bin.24_gene_68_18	C289	1	1	1	1	1	1	1	1	1	0	1	1	1	1
EHM034674|EHA02355_bin.24_gene_68_19	C289	1	1	1	1	1	1	0	1	1	1	1	1	1	1
EHM034674|EHA02355_bin.24_gene_68_20	C289	1	1	1	1	1	0	1	0	1	0	0	1	1	1
EHM034674|EHA02355_bin.24_gene_68_21	C289	1	1	1	1	1	1	1	1	1	1	0	1	1	1
EHM034674|EHA02355_bin.24_gene_69_1	C289	1	1	1	1	1	1	1	1	1	0	1	1	1	1
EHM034674|EHA02355_bin.24_gene_69_2	C289	1	1	1	1	1	1	1	1	1	1	1	1	0	1
EHM034674|EHA02355_bin.24_gene_70_1	C289	1	1	1	1	1	1	1	1	1	1	1	1	1	1
EHM034674|EHA02355_bin.24_gene_70_2	C289	1	1	1	1	1	1	1	1	1	1	1	1	1	1
EHM034674|EHA02355_bin.24_gene_70_3	C289	1	1	1	1	1	1	1	1	1	1	1	1	1	1
EHM034674|EHA02355_bin.24_gene_70_4	C289	1	1	1	1	1	1	1	1	1	1	0	1	0	1
EHM034674|EHA02355_bin.24_gene_70_5	C289	1	1	1	1	1	1	1	1	1	0	1	1	1	1
EHM034674|EHA02355_bin.24_gene_70_6	C289	1	1	1	1	1	1	1	1	1	1	1	1	1	1
EHM034674|EHA02355_bin.24_gene_70_7	C289	1	1	1	1	1	1	1	1	1	1	1	1	1	1
EHM034674|EHA02355_bin.24_gene_71_1	C289	1	1	1	1	1	1	0	0	0	0	1	0	0	0
EHM034674|EHA02355_bin.24_gene_71_2	C289	1	1	1	1	1	1	1	0	0	0	0	0	0	0
EHM034674|EHA02355_bin.24_gene_71_3	C289	1	1	1	1	1	1	1	1	1	1	1	1	1	1
EHM034674|EHA02355_bin.24_gene_72_1	C289	1	1	0	1	0	1	0	1	0	0	0	0	0	1
EHM034674|EHA02355_bin.24_gene_72_3	C289	1	1	1	1	1	1	1	1	1	1	0	1	0	1
EHM034674|EHA02355_bin.24_gene_72_4	C289	1	1	1	1	1	1	1	1	1	1	1	1	1	1
EHM034674|EHA02355_bin.24_gene_72_5	C289	1	1	1	1	1	1	0	1	0	0	0	0	0	0
EHM034674|EHA02355_bin.24_gene_72_6	C289	1	1	1	1	1	1	1	1	1	1	1	1	1	1
EHM034674|EHA02355_bin.24_gene_72_7	C289	1	1	1	1	1	1	1	1	0	1	1	1	0	0
EHM034674|EHA02355_bin.24_gene_72_8	C289	1	1	1	1	0	0	0	0	0	0	0	0	0	0
EHM034674|EHA02355_bin.24_gene_72_9	C289	1	1	1	1	1	0	0	0	0	0	0	0	0	1
EHM034674|EHA02355_bin.24_gene_72_11	C289	1	1	1	1	1	1	1	1	1	0	0	1	1	1
EHM034674|EHA02355_bin.24_gene_72_13	C289	1	1	1	1	1	1	1	1	1	1	1	1	1	1
EHM034674|EHA02355_bin.24_gene_72_15	C289	1	1	1	1	1	1	1	1	0	0	0	0	0	0
EHM034674|EHA02355_bin.24_gene_72_16	C289	1	1	1	1	1	1	1	0	0	0	1	1	0	1
EHM034674|EHA02355_bin.24_gene_72_17	C289	1	1	1	1	1	1	1	1	1	1	1	1	1	1
EHM034674|EHA02355_bin.24_gene_72_18	C289	1	1	1	1	1	1	1	1	1	0	1	1	1	0
EHM034674|EHA02355_bin.24_gene_72_19	C289	1	1	1	1	1	1	1	1	1	1	1	1	1	1
EHM034674|EHA02355_bin.24_gene_74_1	C289	1	0	1	1	1	1	1	1	0	0	1	1	0	0
EHM034674|EHA02355_bin.24_gene_74_2	C289	1	1	1	1	1	1	1	1	1	1	1	1	1	1
EHM034674|EHA02355_bin.24_gene_74_3	C289	1	1	1	1	1	1	1	1	1	1	1	1	1	1
EHM034674|EHA02355_bin.24_gene_74_4	C289	1	1	1	1	1	1	1	1	1	1	1	1	1	1
EHM034674|EHA02355_bin.24_gene_74_5	C289	1	1	1	1	1	1	1	1	1	1	1	1	1	1
EHM034674|EHA02355_bin.24_gene_74_6	C289	1	1	1	1	1	1	1	1	1	1	1	1	1	1
EHM034674|EHA02355_bin.24_gene_74_7	C289	1	1	1	1	1	1	1	1	1	1	1	1	1	1
EHM034674|EHA02355_bin.24_gene_74_9	C289	1	1	1	1	1	1	1	1	1	1	1	1	1	1
EHM034674|EHA02355_bin.24_gene_74_10	C289	1	1	1	1	1	1	1	1	1	1	1	1	1	1
EHM034674|EHA02355_bin.24_gene_75_4	C289	1	1	1	1	1	1	0	1	1	1	1	1	1	1
EHM034674|EHA02355_bin.24_gene_75_5	C289	1	1	1	1	1	1	1	1	1	1	1	1	1	1
EHM034674|EHA02355_bin.24_gene_75_6	C289	1	1	1	1	1	1	1	1	1	1	1	1	1	1
EHM034674|EHA02355_bin.24_gene_75_7	C289	1	1	1	1	1	1	1	1	0	0	0	0	0	1
EHM034674|EHA02355_bin.24_gene_75_9	C289	1	1	1	1	1	1	1	1	1	1	1	0	1	1
EHM034674|EHA02355_bin.24_gene_76_1	C289	1	1	1	1	1	1	1	1	1	0	0	0	1	0
EHM034674|EHA02355_bin.24_gene_77_4	C289	1	1	1	1	1	1	1	1	1	1	1	1	1	1
EHM034674|EHA02355_bin.24_gene_77_5	C289	1	1	1	1	1	1	0	0	0	0	0	1	0	0
EHM034674|EHA02355_bin.24_gene_77_6	C289	1	1	1	1	1	1	1	0	0	0	1	1	0	0
EHM034674|EHA02355_bin.24_gene_77_7	C289	1	1	1	1	1	1	1	0	0	0	1	1	0	0
EHM034674|EHA02355_bin.24_gene_78_1	C289	1	1	1	1	1	1	0	1	0	0	0	0	0	0
EHM034674|EHA02355_bin.24_gene_78_2	C289	1	1	1	1	0	1	0	0	1	1	0	0	1	1
EHM034674|EHA02355_bin.24_gene_78_4	C289	1	1	1	1	1	1	0	1	1	1	1	1	1	1
EHM034674|EHA02355_bin.24_gene_78_5	C289	1	1	1	1	1	1	1	1	1	1	1	1	1	1
EHM034674|EHA02355_bin.24_gene_78_6	C289	1	1	1	1	1	1	1	1	1	1	1	1	1	1
EHM034674|EHA02355_bin.24_gene_78_7	C289	1	1	1	1	1	1	1	1	1	1	1	1	1	1
EHM034674|EHA02355_bin.24_gene_78_8	C289	1	1	1	1	1	1	1	1	0	0	1	1	0	1
EHM034674|EHA02355_bin.24_gene_78_9	C289	1	1	1	1	1	1	0	0	0	0	1	1	0	0
EHM034674|EHA02355_bin.24_gene_78_10	C289	1	1	1	1	1	1	1	1	1	0	1	1	1	1
EHM034674|EHA02355_bin.24_gene_78_11	C289	1	1	1	1	0	0	0	0	0	0	0	0	0	0
EHM034674|EHA02355_bin.24_gene_78_12	C289	1	1	1	1	1	1	1	1	1	1	1	1	0	1
EHM034674|EHA02355_bin.24_gene_78_13	C289	1	1	1	1	1	1	1	1	1	0	1	1	1	1
EHM034674|EHA02355_bin.24_gene_79_3	C289	1	1	1	1	1	1	1	1	1	1	1	1	1	1
EHM034674|EHA02355_bin.24_gene_79_4	C289	1	1	1	1	1	1	1	1	1	1	0	1	1	1
EHM034674|EHA02355_bin.24_gene_79_6	C289	1	1	1	1	1	1	0	1	0	0	1	1	0	0
EHM034674|EHA02355_bin.24_gene_79_7	C289	1	1	1	1	0	1	1	1	0	0	1	1	0	0
EHM034674|EHA02355_bin.24_gene_80_1	C289	1	0	1	1	1	0	0	1	1	1	1	1	1	1
EHM034674|EHA02355_bin.24_gene_80_4	C289	1	1	1	1	1	1	0	1	1	0	1	1	0	0
EHM034674|EHA02355_bin.24_gene_80_6	C289	1	1	1	1	1	1	0	1	1	1	0	1	0	1
EHM034674|EHA02355_bin.24_gene_81_1	C289	1	1	1	1	0	1	0	1	0	0	1	1	0	0
EHM034674|EHA02355_bin.24_gene_81_2	C289	1	1	1	1	1	1	0	1	0	0	1	1	0	0
EHM034674|EHA02355_bin.24_gene_81_3	C289	1	1	1	1	1	1	0	1	0	0	1	1	0	0
EHM034674|EHA02355_bin.24_gene_81_4	C289	1	1	1	1	1	1	1	1	1	1	1	1	1	1
EHM034674|EHA02355_bin.24_gene_81_5	C289	1	1	1	1	1	1	0	1	1	1	1	1	1	1
EHM034674|EHA02355_bin.24_gene_83_2	C289	1	1	1	1	1	1	1	1	0	0	1	1	0	0
EHM034674|EHA02355_bin.24_gene_83_3	C289	1	1	1	1	1	1	1	1	1	0	0	1	1	1
EHM034674|EHA02355_bin.24_gene_83_4	C289	1	1	1	1	1	1	0	1	1	1	1	1	1	1
EHM034674|EHA02355_bin.24_gene_83_5	C289	1	1	1	1	1	1	1	1	1	1	1	1	1	1
EHM034674|EHA02355_bin.24_gene_83_6	C289	1	1	1	1	1	1	0	0	0	0	0	0	0	0
EHM034674|EHA02355_bin.24_gene_84_4	C289	1	1	1	1	1	1	1	1	1	1	0	1	1	1
EHM034674|EHA02355_bin.24_gene_85_1	C289	1	1	1	1	1	1	1	1	1	1	1	1	1	1
EHM034674|EHA02355_bin.24_gene_85_2	C289	1	1	1	1	1	1	1	1	1	1	1	1	1	1
EHM034674|EHA02355_bin.24_gene_85_3	C289	1	1	1	1	1	1	1	1	1	1	1	1	1	1
EHM034674|EHA02355_bin.24_gene_86_1	C289	1	1	1	1	1	1	1	1	1	1	1	1	1	1
EHM034674|EHA02355_bin.24_gene_86_2	C289	1	1	1	1	1	1	1	1	1	1	0	1	1	1
EHM034674|EHA02355_bin.24_gene_86_3	C289	1	1	1	1	1	1	1	1	1	1	1	1	1	0
EHM034674|EHA02355_bin.24_gene_86_4	C289	1	1	1	1	1	1	0	1	1	1	0	0	1	0
EHM034674|EHA02355_bin.24_gene_86_5	C289	1	1	1	1	1	1	0	1	1	1	1	1	1	1
EHM034674|EHA02355_bin.24_gene_86_6	C289	1	1	1	1	1	1	0	1	1	1	1	1	1	1
EHM034674|EHA02355_bin.24_gene_86_7	C289	1	1	1	1	1	1	0	1	1	1	1	1	1	1
EHM034674|EHA02355_bin.24_gene_86_8	C289	1	1	1	1	0	1	0	0	0	0	0	0	0	0
EHM034674|EHA02355_bin.24_gene_88_1	C289	1	1	1	1	0	1	1	1	0	0	1	1	0	0
EHM034674|EHA02355_bin.24_gene_88_2	C289	1	1	1	1	1	0	0	1	1	1	1	1	1	1
EHM034674|EHA02355_bin.24_gene_89_3	C289	1	1	0	1	0	0	0	0	0	0	0	0	0	0
EHM034674|EHA02355_bin.24_gene_90_2	C289	1	1	1	1	1	1	1	1	1	1	0	1	1	1
EHM034674|EHA02355_bin.24_gene_90_3	C289	1	1	1	1	1	1	1	1	1	1	1	1	1	1
EHM034674|EHA02355_bin.24_gene_91_1	C289	1	1	1	1	1	1	1	1	0	0	1	1	0	0
EHM034674|EHA02355_bin.24_gene_91_2	C289	1	1	1	1	1	1	1	1	0	0	1	1	0	0
EHM034674|EHA02355_bin.24_gene_91_3	C289	1	1	1	1	1	1	1	1	1	1	1	1	0	1
EHM034674|EHA02355_bin.24_gene_92_2	C289	1	1	1	1	1	1	1	1	0	1	1	1	1	0
EHM034674|EHA02355_bin.24_gene_92_3	C289	1	1	1	1	1	1	1	1	1	1	0	1	1	1
EHM034674|EHA02355_bin.24_gene_92_6	C289	1	1	1	1	1	1	0	1	1	1	1	1	0	1
EHM034674|EHA02355_bin.24_gene_92_7	C289	1	1	1	1	0	1	0	0	0	0	0	0	0	0
EHM034674|EHA02355_bin.24_gene_92_10	C289	1	1	1	1	1	1	1	1	1	1	1	1	1	1
EHM034674|EHA02355_bin.24_gene_92_11	C289	1	1	1	1	1	1	0	1	1	0	0	1	1	1
EHM034674|EHA02355_bin.24_gene_92_12	C289	1	1	1	1	1	1	0	1	1	1	1	1	1	1
EHM034674|EHA02355_bin.24_gene_92_13	C289	1	1	1	1	1	1	0	1	1	1	0	1	1	1
EHM034674|EHA02355_bin.24_gene_92_14	C289	1	1	1	1	1	1	1	1	1	1	1	1	1	1
EHM034674|EHA02355_bin.24_gene_92_15	C289	1	1	1	1	1	1	0	1	1	1	1	1	1	1
EHM034674|EHA02355_bin.24_gene_92_16	C289	1	1	1	1	1	1	0	1	1	1	1	1	1	1
EHM034674|EHA02355_bin.24_gene_92_17	C289	1	1	1	1	0	1	1	1	1	1	1	1	1	1
EHM034674|EHA02355_bin.24_gene_93_1	C289	1	1	1	1	1	1	1	1	1	1	1	1	1	1
EHM034674|EHA02355_bin.24_gene_94_1	C289	1	1	1	1	1	1	1	1	1	1	1	1	1	1
EHM034674|EHA02355_bin.24_gene_94_7	C289	1	1	1	1	1	1	1	1	1	1	1	1	1	1
EHM034674|EHA02355_bin.24_gene_95_2	C289	1	0	1	1	0	1	1	0	0	0	0	0	1	0
EHM034674|EHA02355_bin.24_gene_95_3	C289	1	1	1	1	1	1	1	0	0	0	0	0	1	1
EHM034674|EHA02355_bin.24_gene_95_4	C289	1	1	1	1	0	1	1	0	0	0	0	0	1	0
EHM034674|EHA02355_bin.24_gene_95_5	C289	1	1	1	1	0	1	1	0	0	0	0	0	1	0
EHM034674|EHA02355_bin.24_gene_96_2	C289	1	1	1	1	1	1	1	1	1	1	1	1	1	1
EHM034674|EHA02355_bin.24_gene_96_3	C289	1	1	1	1	1	1	0	1	0	0	1	1	0	0
EHM034674|EHA02355_bin.24_gene_96_4	C289	1	1	1	1	1	1	0	1	1	1	0	1	1	1
EHM034674|EHA02355_bin.24_gene_96_8	C289	1	0	1	1	1	1	1	1	1	1	0	1	1	1
EHM034674|EHA02355_bin.24_gene_96_14	C289	1	0	1	1	1	1	0	1	1	0	1	1	1	1
EHM034674|EHA02355_bin.24_gene_96_15	C289	1	0	0	1	1	1	0	0	1	0	1	0	0	1
EHM034674|EHA02355_bin.24_gene_96_16	C289	1	0	1	1	1	1	0	1	1	0	0	0	1	1
EHM034674|EHA02355_bin.24_gene_96_22	C289	1	1	1	1	1	1	1	1	1	1	1	1	1	1
EHM034674|EHA02355_bin.24_gene_96_23	C289	1	1	1	1	0	1	1	0	0	0	0	0	0	1
EHM034674|EHA02355_bin.24_gene_96_24	C289	1	1	1	1	1	1	1	1	1	0	1	1	1	1
EHM034674|EHA02355_bin.24_gene_96_25	C289	1	1	1	1	1	1	1	1	0	0	1	1	1	1
EHM034674|EHA02355_bin.24_gene_96_26	C289	1	1	1	1	1	1	0	0	0	0	0	0	0	0
EHM034674|EHA02355_bin.24_gene_96_27	C289	1	1	1	1	1	1	0	1	1	1	1	1	1	1
EHM034674|EHA02355_bin.24_gene_96_28	C289	1	1	1	1	1	1	0	0	0	0	1	0	0	0
EHM034674|EHA02355_bin.24_gene_96_30	C289	1	1	1	1	1	1	1	1	0	1	1	1	1	1
EHM034674|EHA02355_bin.24_gene_96_32	C289	1	1	1	1	0	1	0	1	0	0	0	0	0	0
EHM034674|EHA02355_bin.24_gene_96_33	C289	1	1	1	1	0	0	0	0	1	1	1	1	1	1
EHM034674|EHA02355_bin.24_gene_96_34	C289	1	1	1	1	1	1	1	1	1	1	1	0	1	1
EHM034674|EHA02355_bin.24_gene_96_35	C289	1	1	1	1	0	1	1	0	1	0	1	1	0	1
EHM034674|EHA02355_bin.24_gene_97_1	C289	1	1	1	1	1	1	1	1	0	0	0	0	0	0
EHM034674|EHA02355_bin.24_gene_98_1	C289	1	1	1	1	1	1	0	0	0	0	0	0	0	1
EHM034674|EHA02355_bin.24_gene_98_3	C289	1	1	1	1	1	1	1	0	0	0	0	1	0	0
EHM034674|EHA02355_bin.24_gene_98_4	C289	1	1	1	1	1	1	1	1	1	1	1	1	1	1
EHM034674|EHA02355_bin.24_gene_98_6	C289	1	1	1	1	1	1	1	1	1	0	1	1	0	1
EHM034674|EHA02355_bin.24_gene_98_8	C289	1	1	1	1	1	1	1	1	1	1	1	1	1	1
EHM034674|EHA02355_bin.24_gene_98_9	C289	1	1	1	1	1	1	1	1	1	1	0	0	1	1
EHM034674|EHA02355_bin.24_gene_99_1	C289	1	1	1	1	1	1	1	1	1	1	1	0	1	1
EHM034674|EHA02355_bin.24_gene_99_2	C289	1	1	1	1	0	0	1	1	1	1	1	0	1	1
EHM034674|EHA02355_bin.24_gene_99_5	C289	1	1	1	1	0	0	0	1	0	0	0	0	0	0
EHM034674|EHA02355_bin.24_gene_99_6	C289	1	1	1	1	0	0	0	0	0	0	1	0	0	0
EHM034674|EHA02355_bin.24_gene_100_1	C289	1	1	1	1	0	0	0	0	0	0	0	0	0	0
EHM034674|EHA02355_bin.24_gene_100_2	C289	1	1	1	1	0	1	0	0	0	0	0	0	0	0
EHM034674|EHA02355_bin.24_gene_100_3	C289	1	1	1	1	1	1	0	1	1	1	1	1	1	1
EHM034674|EHA02355_bin.24_gene_100_4	C289	1	1	1	1	1	0	0	1	1	1	0	1	1	1
EHM034674|EHA02355_bin.24_gene_100_5	C289	1	1	1	1	1	1	1	1	1	0	1	1	1	1
EHM034674|EHA02355_bin.24_gene_100_6	C289	1	1	1	1	1	1	1	1	1	1	1	1	1	1
EHM034674|EHA02355_bin.24_gene_100_8	C289	1	1	1	1	1	0	0	0	0	0	0	0	1	0
EHM034674|EHA02355_bin.24_gene_100_9	C289	1	1	1	1	1	1	0	0	0	0	0	1	0	0
EHM034674|EHA02355_bin.24_gene_101_1	C289	1	1	1	1	1	1	0	1	1	0	1	1	1	1
EHM034674|EHA02355_bin.24_gene_101_2	C289	1	1	1	1	1	1	1	1	1	1	1	1	1	1
EHM034674|EHA02355_bin.24_gene_101_3	C289	1	1	1	1	1	1	0	1	0	0	1	1	0	1
EHM034674|EHA02355_bin.24_gene_101_4	C289	1	1	1	1	1	1	1	1	1	1	1	1	1	0
EHM034674|EHA02355_bin.24_gene_101_5	C289	1	1	1	1	1	1	0	1	1	1	0	1	1	1
EHM034674|EHA02355_bin.24_gene_102_1	C289	1	0	0	1	0	0	0	0	0	0	0	0	0	0
EHM034674|EHA02355_bin.24_gene_102_5	C289	1	1	1	1	1	1	1	1	1	1	1	1	1	1
EHM034674|EHA02355_bin.24_gene_102_6	C289	1	1	1	1	1	1	1	1	1	1	1	1	1	1
EHM034674|EHA02355_bin.24_gene_104_1	C289	1	1	1	1	0	1	1	1	1	1	0	1	1	1
EHM034674|EHA02355_bin.24_gene_104_2	C289	1	1	1	1	1	1	1	1	1	1	0	1	1	1
EHM034674|EHA02355_bin.24_gene_104_3	C289	1	1	1	1	1	1	0	1	0	0	0	0	1	0
EHM034674|EHA02355_bin.24_gene_105_2	C289	1	1	1	1	1	1	1	0	1	1	1	1	1	1
EHM034674|EHA02355_bin.24_gene_105_4	C289	1	1	1	1	1	1	0	1	1	1	1	1	1	1
EHM034674|EHA02355_bin.24_gene_105_5	C289	1	1	1	1	1	1	0	1	1	1	1	1	1	1
EHM034674|EHA02355_bin.24_gene_106_3	C289	1	1	1	1	1	1	1	0	0	0	1	1	0	0
EHM034674|EHA02355_bin.24_gene_106_4	C289	1	1	1	1	1	1	1	0	0	0	1	1	0	0
EHM034674|EHA02355_bin.24_gene_107_2	C289	1	1	1	1	1	1	1	1	1	1	1	1	1	1
EHM034674|EHA02355_bin.24_gene_107_3	C289	1	1	1	1	1	1	1	1	1	1	1	1	1	0
EHM034674|EHA02355_bin.24_gene_107_5	C289	1	1	1	1	1	1	1	0	0	0	1	0	0	0
EHM034674|EHA02355_bin.24_gene_107_6	C289	1	1	1	1	1	1	0	1	1	1	0	1	1	1
EHM034674|EHA02355_bin.24_gene_108_1	C289	1	1	1	1	1	1	0	0	0	0	0	1	0	0
EHM034674|EHA02355_bin.24_gene_108_2	C289	1	1	1	1	1	1	1	1	1	1	1	1	1	1
EHM034674|EHA02355_bin.24_gene_108_3	C289	1	1	1	1	0	0	1	1	1	1	1	1	1	1
EHM034674|EHA02355_bin.24_gene_109_1	C289	1	1	1	1	1	1	1	1	1	1	1	1	1	1
EHM034674|EHA02355_bin.24_gene_109_2	C289	1	1	1	1	1	1	1	1	1	1	1	0	1	1
EHM034674|EHA02355_bin.24_gene_109_5	C289	1	1	1	1	1	0	1	1	1	1	1	0	1	1
EHM034674|EHA02355_bin.24_gene_109_7	C289	1	1	1	1	1	1	1	1	1	0	1	1	1	1
EHM034674|EHA02355_bin.24_gene_109_8	C289	1	1	1	1	1	1	0	1	1	1	1	1	1	1
EHM034674|EHA02355_bin.24_gene_109_9	C289	1	1	1	1	1	1	1	1	0	0	1	1	0	0
EHM034674|EHA02355_bin.24_gene_110_2	C289	1	1	1	1	1	1	1	1	1	1	1	1	1	1
EHM034674|EHA02355_bin.24_gene_110_3	C289	1	1	1	1	0	1	0	1	0	1	1	1	0	1
EHM034674|EHA02355_bin.24_gene_111_1	C289	1	1	1	1	1	0	0	1	0	0	1	0	0	0
EHM034674|EHA02355_bin.24_gene_111_2	C289	1	1	1	1	1	1	1	1	1	0	1	1	1	0
EHM034674|EHA02355_bin.24_gene_111_4	C289	1	1	1	1	1	1	1	1	1	0	1	0	0	0
EHM034674|EHA02355_bin.24_gene_112_1	C289	1	1	1	1	0	1	1	1	0	0	1	1	0	0
EHM034674|EHA02355_bin.24_gene_112_3	C289	1	1	1	1	1	1	1	1	1	1	1	1	1	1
EHM034674|EHA02355_bin.24_gene_112_6	C289	1	1	1	1	1	1	1	1	1	1	0	1	1	1
EHM034674|EHA02355_bin.24_gene_112_7	C289	1	1	1	1	1	1	1	1	1	0	0	1	1	1
EHM034674|EHA02355_bin.24_gene_112_8	C289	1	1	1	1	1	1	1	1	1	0	0	1	1	1
EHM034674|EHA02355_bin.24_gene_113_3	C289	1	1	1	1	1	1	1	1	1	0	0	1	1	1
EHM034674|EHA02355_bin.24_gene_113_4	C289	1	1	1	1	1	1	1	1	1	0	0	1	1	1
EHM034674|EHA02355_bin.24_gene_113_5	C289	1	1	1	1	1	1	1	1	1	1	0	1	1	1
EHM034674|EHA02355_bin.24_gene_113_6	C289	1	1	1	1	1	1	0	0	0	1	0	1	1	1
EHM034674|EHA02355_bin.24_gene_113_7	C289	1	1	1	1	1	1	0	1	1	1	1	1	0	1
EHM034674|EHA02355_bin.24_gene_114_2	C289	1	1	1	1	0	1	0	0	0	0	0	0	0	0
EHM034674|EHA02355_bin.24_gene_114_3	C289	1	1	1	1	0	1	0	0	0	0	0	0	0	0
EHM034674|EHA02355_bin.24_gene_114_4	C289	1	1	1	1	0	1	0	0	0	0	0	0	0	0
EHM034674|EHA02355_bin.24_gene_114_5	C289	1	1	1	1	0	1	0	0	0	0	0	0	0	0
EHM034674|EHA02355_bin.24_gene_114_6	C289	1	1	1	1	0	1	0	0	0	0	0	0	0	0
EHM034674|EHA02355_bin.24_gene_114_7	C289	1	1	1	1	0	1	0	0	0	0	0	0	0	0
EHM034674|EHA02355_bin.24_gene_115_6	C289	1	1	1	1	1	1	0	1	1	1	0	1	0	1
EHM034674|EHA02355_bin.24_gene_115_7	C289	1	1	0	1	1	0	0	0	0	0	1	0	0	0
EHM034674|EHA02355_bin.24_gene_115_9	C289	1	1	0	1	1	0	0	0	1	0	1	0	0	0
EHM034674|EHA02355_bin.24_gene_115_10	C289	1	1	0	1	1	0	1	0	0	0	1	0	0	0
EHM034674|EHA02355_bin.24_gene_115_11	C289	1	0	1	1	0	0	1	0	1	1	0	0	1	1
EHM034674|EHA02355_bin.24_gene_116_2	C289	1	1	1	1	1	1	0	0	0	0	0	0	0	0
EHM034674|EHA02355_bin.24_gene_116_3	C289	1	1	1	1	0	1	0	0	0	0	0	0	0	0
EHM034674|EHA02355_bin.24_gene_116_4	C289	1	1	1	1	1	1	0	1	0	0	1	0	0	0
EHM034674|EHA02355_bin.24_gene_116_5	C289	1	1	1	1	1	1	1	1	0	0	0	1	0	0
EHM034674|EHA02355_bin.24_gene_116_6	C289	1	1	1	1	1	1	1	1	1	1	1	1	1	1
EHM034674|EHA02355_bin.24_gene_116_7	C289	1	1	1	1	1	0	0	0	0	0	0	0	1	1
EHM034674|EHA02355_bin.24_gene_117_2	C289	1	1	1	1	0	1	0	0	0	0	0	0	0	0
EHM034674|EHA02355_bin.24_gene_117_3	C289	1	1	1	1	1	1	1	1	1	1	1	1	1	1
EHM034674|EHA02355_bin.24_gene_117_4	C289	1	1	1	1	1	1	1	1	1	0	1	1	1	1
EHM034674|EHA02355_bin.24_gene_117_6	C289	1	1	1	1	1	1	1	1	1	1	1	1	1	1
EHM034674|EHA02355_bin.24_gene_118_1	C289	1	1	1	1	1	1	1	1	1	1	1	1	1	1
EHM034674|EHA02355_bin.24_gene_118_2	C289	1	1	1	1	1	1	1	1	1	1	1	1	1	1
EHM034674|EHA02355_bin.24_gene_119_4	C289	1	1	1	1	1	1	1	1	1	1	1	1	1	1
EHM034674|EHA02355_bin.24_gene_119_5	C289	1	1	1	1	1	1	1	0	1	1	1	1	1	1
EHM034674|EHA02355_bin.24_gene_119_7	C289	1	1	1	1	1	0	1	1	0	0	0	0	0	0
EHM034674|EHA02355_bin.24_gene_119_8	C289	1	1	1	1	1	1	1	1	1	1	1	1	1	1
EHM034674|EHA02355_bin.24_gene_119_9	C289	1	1	1	1	1	1	1	1	1	1	1	1	1	1
EHM034674|EHA02355_bin.24_gene_119_10	C289	1	1	1	1	1	1	1	1	1	1	0	1	0	1
EHM034674|EHA02355_bin.24_gene_119_11	C289	1	1	1	1	1	1	0	1	0	1	1	1	0	1
EHM034674|EHA02355_bin.24_gene_119_12	C289	1	1	1	1	0	0	0	0	0	1	0	0	0	0
EHM034674|EHA02355_bin.24_gene_119_14	C289	1	1	1	1	1	1	1	1	1	1	1	1	1	1
EHM034674|EHA02355_bin.24_gene_119_15	C289	1	1	1	1	1	1	1	1	0	0	0	1	0	0
EHM034674|EHA02355_bin.24_gene_119_16	C289	1	1	1	1	1	1	0	1	0	0	0	1	0	0
EHM034674|EHA02355_bin.24_gene_121_1	C289	1	1	1	1	1	1	0	1	1	0	1	1	1	1
EHM034674|EHA02355_bin.24_gene_121_2	C289	1	1	1	1	1	1	0	0	0	0	0	0	1	1
EHM034674|EHA02355_bin.24_gene_121_4	C289	1	1	1	1	0	1	1	0	0	0	0	1	1	1
EHM034674|EHA02355_bin.24_gene_121_5	C289	1	1	1	1	1	1	1	0	0	0	1	1	0	0
EHM034674|EHA02355_bin.24_gene_122_6	C289	1	1	1	1	1	1	1	0	0	0	1	1	0	0
EHM034674|EHA02355_bin.24_gene_122_7	C289	1	1	0	1	0	1	0	1	0	0	1	1	0	0
EHM034674|EHA02355_bin.24_gene_123_1	C289	1	1	1	1	1	1	1	1	1	1	0	0	1	1
EHM034674|EHA02355_bin.24_gene_123_2	C289	1	1	1	1	0	1	0	0	0	0	0	0	0	1
EHM034674|EHA02355_bin.24_gene_123_6	C289	1	1	1	1	1	1	1	1	0	1	1	1	1	1
EHM034674|EHA02355_bin.24_gene_123_7	C289	1	1	1	1	1	1	1	1	1	1	1	1	1	1
EHM034674|EHA02355_bin.24_gene_123_8	C289	1	1	1	1	1	1	0	0	0	0	0	0	0	0
EHM034674|EHA02355_bin.24_gene_124_2	C289	1	1	1	1	0	1	0	0	0	0	0	1	0	0
EHM034674|EHA02355_bin.24_gene_124_5	C289	1	1	1	1	1	1	1	1	1	1	1	1	1	1
EHM034674|EHA02355_bin.24_gene_125_2	C289	1	1	1	1	1	1	1	0	0	0	1	1	1	0
EHM034674|EHA02355_bin.24_gene_125_3	C289	1	1	1	1	1	1	1	0	0	0	1	1	1	0
EHM034674|EHA02355_bin.24_gene_125_4	C289	1	1	1	1	1	1	1	0	0	0	1	1	1	0
EHM034674|EHA02355_bin.24_gene_126_2	C289	1	1	1	1	1	1	1	1	0	1	1	1	1	1
EHM034674|EHA02355_bin.24_gene_126_3	C289	1	1	1	1	1	1	1	1	1	1	1	1	1	1
EHM034674|EHA02355_bin.24_gene_126_4	C289	1	1	1	1	1	1	0	1	1	1	1	1	1	1
EHM034674|EHA02355_bin.24_gene_126_5	C289	1	1	1	1	1	1	0	1	1	1	1	1	1	1
EHM034674|EHA02355_bin.24_gene_127_1	C289	1	1	1	1	1	1	0	1	1	1	1	1	1	1
EHM034674|EHA02355_bin.24_gene_127_2	C289	1	1	1	1	1	1	1	0	0	0	1	1	1	1
EHM034674|EHA02355_bin.24_gene_128_1	C289	1	1	1	1	1	1	1	1	1	1	1	1	1	1
EHM034674|EHA02355_bin.24_gene_128_4	C289	1	1	1	1	1	1	1	1	1	1	1	1	1	1
EHM034674|EHA02355_bin.24_gene_128_8	C289	1	1	1	1	1	1	0	1	1	1	1	1	1	1
EHM034674|EHA02355_bin.24_gene_128_9	C289	1	1	1	1	1	1	0	1	1	1	1	1	1	1
EHM034674|EHA02355_bin.24_gene_128_10	C289	1	1	1	1	1	1	0	1	1	1	0	1	1	1
EHM034674|EHA02355_bin.24_gene_128_11	C289	1	1	1	1	1	1	0	0	1	1	1	1	1	1
EHM034674|EHA02355_bin.24_gene_128_12	C289	1	1	1	1	1	1	0	0	0	0	0	0	0	0
EHM034674|EHA02355_bin.24_gene_128_13	C289	1	1	1	1	1	1	1	1	1	1	0	0	1	1
EHM034674|EHA02355_bin.24_gene_128_14	C289	1	1	1	1	1	1	1	1	1	1	1	1	1	1
EHM034674|EHA02355_bin.24_gene_128_15	C289	1	1	1	1	1	1	1	1	0	0	1	1	0	1
EHM034674|EHA02355_bin.24_gene_128_16	C289	1	1	1	1	1	1	0	0	0	1	1	0	0	1
EHM034674|EHA02355_bin.24_gene_128_17	C289	1	1	0	1	1	1	1	0	0	0	0	0	0	0
EHM034674|EHA02355_bin.24_gene_128_18	C289	1	0	0	1	0	1	0	0	0	0	0	0	0	0
EHM034674|EHA02355_bin.24_gene_128_19	C289	1	1	1	1	1	1	1	1	1	1	1	1	1	1
EHM034674|EHA02355_bin.24_gene_128_21	C289	1	1	1	1	1	0	0	0	0	0	0	1	0	0
EHM034674|EHA02355_bin.24_gene_128_22	C289	1	1	1	1	1	0	0	0	0	0	0	1	0	0
EHM034674|EHA02355_bin.24_gene_129_1	C289	1	1	1	1	1	1	0	1	0	0	0	1	0	0
EHM034674|EHA02355_bin.24_gene_129_4	C289	1	1	1	1	0	1	1	1	0	0	1	1	0	0
EHM034674|EHA02355_bin.24_gene_129_5	C289	1	1	1	1	1	1	1	1	1	1	1	1	1	1
EHM034674|EHA02355_bin.24_gene_129_7	C289	1	0	1	1	1	1	1	1	0	0	0	1	0	0
EHM034674|EHA02355_bin.24_gene_129_8	C289	1	1	1	1	1	1	1	1	1	1	0	1	1	1
EHM034674|EHA02355_bin.24_gene_130_3	C289	1	1	1	1	1	1	1	1	0	0	1	1	0	0
EHM034674|EHA02355_bin.24_gene_130_4	C289	1	1	1	1	1	1	0	1	0	0	1	1	0	0
EHM034674|EHA02355_bin.24_gene_131_4	C289	1	1	1	1	1	1	1	0	0	0	0	0	0	0
EHM034674|EHA02355_bin.24_gene_131_5	C289	1	1	1	1	1	1	0	1	1	0	1	1	1	1
EHM034674|EHA02355_bin.24_gene_131_7	C289	1	1	0	1	0	0	0	0	0	0	1	1	0	0
EHM034674|EHA02355_bin.24_gene_131_10	C289	1	1	1	1	1	1	1	1	1	1	0	1	1	1
EHM034674|EHA02355_bin.24_gene_131_11	C289	1	1	1	1	1	1	0	1	1	1	1	1	1	1
EHM034674|EHA02355_bin.24_gene_131_12	C289	1	1	1	1	1	0	0	0	0	0	0	0	0	0
EHM034674|EHA02355_bin.24_gene_131_13	C289	1	1	1	1	1	1	0	0	1	0	0	0	0	0
EHM034674|EHA02355_bin.24_gene_131_14	C289	1	1	1	1	0	1	0	0	0	0	0	0	0	0
EHM034674|EHA02355_bin.24_gene_131_15	C289	1	1	1	1	1	1	0	0	0	0	0	0	0	0
EHM034674|EHA02355_bin.24_gene_131_16	C289	1	1	1	1	0	1	1	0	0	0	1	1	0	0
EHM034674|EHA02355_bin.24_gene_133_5	C289	1	1	1	1	1	1	1	1	1	1	1	1	1	1
EHM034674|EHA02355_bin.24_gene_134_2	C289	1	1	1	1	1	1	0	1	1	1	1	1	1	1
EHM034674|EHA02355_bin.24_gene_134_3	C289	1	1	1	1	1	1	1	1	1	1	1	1	1	1
EHM034674|EHA02355_bin.24_gene_134_4	C289	1	1	1	1	1	1	1	1	1	1	1	1	1	1
EHM034674|EHA02355_bin.24_gene_134_7	C289	1	1	1	1	1	1	1	1	1	1	0	1	1	1
EHM034674|EHA02355_bin.24_gene_134_9	C289	1	1	1	1	0	0	0	0	0	0	0	0	0	0
EHM034674|EHA02355_bin.24_gene_137_1	C289	1	1	1	1	1	1	1	1	1	1	1	1	1	1
EHM034674|EHA02355_bin.24_gene_137_2	C289	1	1	1	1	1	1	1	0	1	1	1	1	1	1
EHM034674|EHA02355_bin.24_gene_137_3	C289	1	1	1	1	0	1	0	0	1	0	0	0	0	0
EHM034674|EHA02355_bin.24_gene_138_2	C289	1	0	0	1	0	1	0	0	0	0	0	0	0	0
EHM034674|EHA02355_bin.24_gene_139_2	C289	1	1	1	1	1	1	1	1	1	1	1	1	1	1
EHM034674|EHA02355_bin.24_gene_139_3	C289	1	1	1	1	1	1	1	1	1	0	0	0	0	0
EHM034674|EHA02355_bin.24_gene_139_5	C289	1	1	1	1	1	1	1	1	1	1	0	1	0	1
EHM034674|EHA02355_bin.24_gene_139_6	C289	1	1	1	1	1	1	0	0	0	0	0	0	0	0
EHM034674|EHA02355_bin.24_gene_139_7	C289	1	1	1	1	1	1	1	1	1	1	1	1	1	1
EHM034674|EHA02355_bin.24_gene_139_8	C289	1	1	1	1	1	1	1	1	0	0	1	0	0	0
EHM034674|EHA02355_bin.24_gene_139_9	C289	1	1	1	1	1	1	1	1	1	0	1	1	1	0
EHM034674|EHA02355_bin.24_gene_139_10	C289	1	1	1	1	1	0	0	1	1	1	1	1	0	1
EHM034674|EHA02355_bin.24_gene_139_11	C289	1	1	1	1	1	1	1	1	1	1	1	1	1	1
EHM034674|EHA02355_bin.24_gene_139_12	C289	1	1	1	1	1	1	0	0	0	0	0	0	0	0
EHM034674|EHA02355_bin.24_gene_139_13	C289	1	1	1	1	1	1	1	1	1	1	1	1	1	1
EHM034674|EHA02355_bin.24_gene_139_14	C289	1	1	1	1	1	1	1	1	1	1	1	1	1	1
EHM034674|EHA02355_bin.24_gene_139_17	C289	1	1	1	1	1	1	1	1	1	1	1	1	1	0
EHM034674|EHA02355_bin.24_gene_139_18	C289	1	1	1	1	1	1	0	1	0	0	1	1	0	0
EHM034674|EHA02355_bin.24_gene_139_19	C289	1	1	1	1	1	1	0	1	1	1	0	1	1	1
EHM034674|EHA02355_bin.24_gene_139_20	C289	1	1	1	1	1	1	0	1	1	1	0	1	1	1
EHM034674|EHA02355_bin.24_gene_139_21	C289	1	1	1	1	1	1	0	1	1	1	0	1	1	1
EHM034674|EHA02355_bin.24_gene_139_23	C289	1	1	1	1	1	1	0	1	1	1	1	1	1	1
EHM034674|EHA02355_bin.24_gene_139_24	C289	1	1	1	1	1	1	1	1	1	1	0	1	1	1
EHM034674|EHA02355_bin.24_gene_140_2	C289	1	1	1	1	1	1	0	0	0	0	0	0	0	0
EHM034674|EHA02355_bin.24_gene_140_3	C289	1	1	1	1	1	1	0	0	0	0	0	0	0	0
EHM034674|EHA02355_bin.24_gene_140_4	C289	1	1	1	1	1	1	0	0	0	0	1	1	0	0
EHM034674|EHA02355_bin.24_gene_140_7	C289	1	1	1	1	1	1	0	0	0	0	0	0	0	0
EHM034674|EHA02355_bin.24_gene_140_8	C289	1	1	1	1	0	1	1	0	1	1	1	1	1	1
EHM034674|EHA02355_bin.24_gene_140_9	C289	1	1	1	1	1	1	1	1	1	1	1	1	1	1
EHM034674|EHA02355_bin.24_gene_140_11	C289	1	1	1	1	1	1	0	0	1	1	0	0	0	0
EHM034674|EHA02355_bin.24_gene_140_12	C289	1	1	1	1	1	1	0	1	1	1	1	1	1	1
EHM034674|EHA02355_bin.24_gene_140_13	C289	1	1	1	1	1	1	1	1	1	0	0	1	1	1
EHM034674|EHA02355_bin.24_gene_142_1	C289	1	1	1	1	1	0	0	1	1	1	1	1	1	1
EHM034674|EHA02355_bin.24_gene_142_2	C289	1	1	1	1	1	1	0	1	0	0	1	1	1	1
EHM034674|EHA02355_bin.24_gene_142_4	C289	1	1	1	1	1	1	0	0	0	0	1	0	0	0
EHM034674|EHA02355_bin.24_gene_143_1	C289	1	1	1	1	1	1	1	0	0	0	0	1	0	0
EHM034674|EHA02355_bin.24_gene_143_2	C289	1	1	1	1	1	1	1	0	0	0	0	0	0	0
EHM034674|EHA02355_bin.24_gene_143_3	C289	1	1	1	1	1	1	1	0	1	1	0	0	1	1
EHM034674|EHA02355_bin.24_gene_144_2	C289	1	1	0	1	0	0	0	0	0	0	0	0	0	0
EHM034674|EHA02355_bin.24_gene_144_3	C289	1	0	0	1	0	1	1	0	0	0	0	0	0	0
EHM034674|EHA02355_bin.24_gene_144_4	C289	1	0	0	1	0	0	0	0	0	0	0	0	0	0
EHM034674|EHA02355_bin.24_gene_144_5	C289	1	1	1	1	1	1	0	0	0	0	0	0	1	0
EHM034674|EHA02355_bin.24_gene_144_8	C289	1	1	1	1	1	1	1	1	1	1	0	1	1	1
EHM034674|EHA02355_bin.24_gene_145_1	C289	1	0	0	1	1	0	0	0	0	0	0	0	0	0
EHM034674|EHA02355_bin.24_gene_146_1	C289	1	1	1	1	0	1	0	0	0	0	1	1	0	0
EHM034674|EHA02355_bin.24_gene_146_3	C289	1	0	1	1	1	0	0	1	0	0	1	1	1	1
EHM034674|EHA02355_bin.24_gene_147_20	C289	1	0	1	1	0	1	0	0	0	0	0	0	0	0
EHM034674|EHA02355_bin.24_gene_148_4	C289	1	1	1	1	1	1	1	1	0	0	1	1	0	0
EHM034674|EHA02355_bin.24_gene_148_6	C289	1	1	1	1	1	1	0	1	1	1	1	1	1	1
EHM034674|EHA02355_bin.24_gene_148_7	C289	1	1	1	1	1	1	1	1	1	1	1	1	1	1
EHM034674|EHA02355_bin.24_gene_148_8	C289	1	1	1	1	1	0	0	1	0	1	1	1	0	1
EHM034674|EHA02355_bin.24_gene_148_10	C289	1	1	1	1	0	0	0	0	0	0	0	0	0	0
EHM034674|EHA02355_bin.24_gene_149_1	C289	1	1	1	1	1	1	1	1	1	1	1	1	0	0
EHM034674|EHA02355_bin.24_gene_149_2	C289	1	1	1	1	1	1	1	1	1	1	1	1	0	1
EHM034674|EHA02355_bin.24_gene_149_3	C289	1	1	1	1	1	1	1	1	1	1	1	1	0	1
EHM034674|EHA02355_bin.24_gene_149_4	C289	1	1	1	1	1	1	1	1	1	1	1	1	1	1
EHM034674|EHA02355_bin.24_gene_151_1	C289	1	0	1	1	0	0	0	0	0	0	0	1	1	0
EHM034674|EHA02355_bin.24_gene_152_2	C289	1	1	1	1	1	1	1	1	0	0	1	1	0	0
EHM034674|EHA02355_bin.24_gene_152_3	C289	1	1	1	1	1	1	1	0	1	0	0	0	0	0
EHM034674|EHA02355_bin.24_gene_152_4	C289	1	1	1	1	1	1	1	1	1	1	1	1	1	1
EHM034674|EHA02355_bin.24_gene_152_5	C289	1	1	1	1	1	1	1	1	1	1	0	1	1	1
EHM034674|EHA02355_bin.24_gene_152_6	C289	1	1	1	1	1	1	1	1	1	1	1	1	1	1
EHM034674|EHA02355_bin.24_gene_153_1	C289	1	1	1	1	1	1	1	1	1	0	1	1	0	1
EHM034674|EHA02355_bin.24_gene_153_2	C289	1	1	1	1	1	1	1	1	1	1	1	1	0	0
EHM034674|EHA02355_bin.24_gene_153_3	C289	1	1	1	1	1	1	1	1	1	1	1	1	1	1
EHM034674|EHA02355_bin.24_gene_153_4	C289	1	1	1	1	1	1	1	1	1	1	1	1	1	1
EHM034674|EHA02355_bin.24_gene_153_5	C289	1	0	1	1	1	1	1	0	0	0	0	0	1	0
EHM034674|EHA02355_bin.24_gene_153_6	C289	1	1	1	1	1	0	0	0	0	0	0	0	0	0
EHM034674|EHA02355_bin.24_gene_154_2	C289	1	1	1	1	0	1	1	1	0	0	1	1	0	0
EHM034674|EHA02355_bin.24_gene_154_3	C289	1	1	1	1	1	1	0	0	0	0	0	0	0	0
EHM034674|EHA02355_bin.24_gene_154_8	C289	1	1	1	1	1	1	0	0	1	0	0	0	1	1
EHM034674|EHA02355_bin.24_gene_154_9	C289	1	1	1	1	1	1	1	1	0	1	1	1	0	0
EHM034674|EHA02355_bin.24_gene_154_11	C289	1	1	1	1	1	1	0	0	0	0	1	0	0	0
EHM034674|EHA02355_bin.24_gene_154_12	C289	1	1	1	1	1	1	0	1	1	1	1	1	1	1
EHM034674|EHA02355_bin.24_gene_154_13	C289	1	1	1	1	1	1	0	0	0	0	0	0	0	0
EHM034674|EHA02355_bin.24_gene_154_14	C289	1	1	1	1	1	1	1	1	1	1	1	1	1	1
EHM034674|EHA02355_bin.24_gene_156_2	C289	1	1	1	1	1	1	1	1	0	0	1	1	0	0
EHM034674|EHA02355_bin.24_gene_156_3	C289	1	1	0	1	0	0	0	0	0	0	0	0	0	1
EHM034674|EHA02355_bin.24_gene_156_4	C289	1	1	1	1	1	0	0	1	0	0	1	1	0	0
EHM034674|EHA02355_bin.24_gene_156_5	C289	1	0	1	1	1	1	1	1	1	1	0	1	1	1
EHM034674|EHA02355_bin.24_gene_156_6	C289	1	1	1	1	1	1	1	1	0	0	1	1	0	0
EHM034674|EHA02355_bin.24_gene_156_7	C289	1	1	1	1	0	1	0	0	0	0	0	0	0	0
EHM034674|EHA02355_bin.24_gene_158_4	C289	1	1	1	1	1	1	1	1	1	1	1	1	1	1
EHM034674|EHA02355_bin.24_gene_158_5	C289	1	1	1	1	1	1	0	1	1	1	0	1	1	1
EHM034674|EHA02355_bin.24_gene_158_6	C289	1	1	1	1	0	1	0	0	0	0	0	0	0	0
EHM034674|EHA02355_bin.24_gene_158_7	C289	1	1	1	1	1	1	0	0	0	0	1	0	0	0
EHM034674|EHA02355_bin.24_gene_158_8	C289	1	1	1	1	1	0	0	0	1	1	1	0	0	1
EHM034674|EHA02355_bin.24_gene_158_9	C289	1	1	1	1	1	1	1	1	0	0	0	1	0	0
EHM034674|EHA02355_bin.24_gene_158_10	C289	1	1	1	1	1	1	1	1	0	1	0	1	1	1
EHM034674|EHA02355_bin.24_gene_158_11	C289	1	1	1	1	1	1	1	1	1	1	1	1	1	1
EHM034674|EHA02355_bin.24_gene_158_12	C289	1	1	1	1	1	1	1	1	1	1	1	1	1	1
EHM034674|EHA02355_bin.24_gene_158_13	C289	1	1	0	1	1	1	1	1	1	1	1	1	1	1
EHM034674|EHA02355_bin.24_gene_158_14	C289	1	1	1	1	1	1	1	1	0	0	1	1	0	0
EHM034674|EHA02355_bin.24_gene_158_15	C289	1	1	1	1	1	1	1	0	1	1	1	1	1	1
EHM034674|EHA02355_bin.24_gene_158_18	C289	1	1	1	1	1	1	0	1	0	0	0	0	0	0
EHM034674|EHA02355_bin.24_gene_159_1	C289	1	1	1	1	1	1	0	1	1	0	1	1	0	1
EHM034674|EHA02355_bin.24_gene_159_2	C289	1	1	1	1	0	1	1	0	1	1	0	0	1	1
EHM034674|EHA02355_bin.24_gene_159_3	C289	1	1	1	1	0	1	1	0	1	1	0	0	1	1
EHM034674|EHA02355_bin.24_gene_160_2	C289	1	1	1	1	1	1	1	1	1	1	0	1	1	0
EHM034674|EHA02355_bin.24_gene_160_4	C289	1	1	1	1	1	1	1	1	1	1	1	1	1	1
EHM034674|EHA02355_bin.24_gene_160_5	C289	1	1	1	1	1	1	1	1	0	1	1	1	0	0
EHM034674|EHA02355_bin.24_gene_160_6	C289	1	1	1	1	1	1	0	1	1	1	1	1	1	1
EHM034674|EHA02355_bin.24_gene_161_2	C289	1	1	1	1	1	1	0	1	1	1	0	1	1	1
EHM034674|EHA02355_bin.24_gene_161_4	C289	1	1	1	1	1	0	0	0	0	0	0	0	0	0
EHM034674|EHA02355_bin.24_gene_161_5	C289	1	1	1	1	1	1	1	1	1	1	1	1	1	1
EHM034674|EHA02355_bin.24_gene_161_6	C289	1	1	1	1	1	1	1	0	0	0	1	1	1	1
EHM034674|EHA02355_bin.24_gene_161_9	C289	1	1	1	1	0	1	1	0	1	1	0	0	0	0
EHM034674|EHA02355_bin.24_gene_161_10	C289	1	1	1	1	0	1	1	1	1	1	0	0	1	1
EHM034674|EHA02355_bin.24_gene_161_11	C289	1	1	1	1	1	1	0	1	1	1	0	1	0	1
EHM034674|EHA02355_bin.24_gene_161_12	C289	1	1	1	1	1	1	1	1	1	1	1	1	1	1
EHM034674|EHA02355_bin.24_gene_161_13	C289	1	1	1	1	1	1	1	0	1	0	1	1	1	1
EHM034674|EHA02355_bin.24_gene_161_14	C289	1	1	1	1	1	1	1	0	0	0	1	1	1	0
EHM034674|EHA02355_bin.24_gene_162_2	C289	1	1	1	1	1	1	1	1	1	1	1	1	1	1
EHM034674|EHA02355_bin.24_gene_162_3	C289	1	1	1	1	1	1	1	1	0	1	1	1	1	1
EHM034674|EHA02355_bin.24_gene_162_4	C289	1	1	1	1	1	1	1	1	0	0	1	0	0	0
EHM034674|EHA02355_bin.24_gene_163_1	C289	1	1	1	1	0	0	0	0	0	0	0	0	0	0
EHM034674|EHA02355_bin.24_gene_163_2	C289	1	1	1	1	1	1	1	1	1	1	0	1	1	1
EHM034674|EHA02355_bin.24_gene_163_3	C289	1	1	1	1	1	1	1	1	1	1	0	1	1	1
EHM034674|EHA02355_bin.24_gene_163_4	C289	1	1	1	1	1	1	1	1	1	1	0	1	1	1
EHM034674|EHA02355_bin.24_gene_163_5	C289	1	1	1	1	1	1	1	1	1	1	0	1	1	1
EHM034674|EHA02355_bin.24_gene_163_6	C289	1	1	1	1	1	1	1	1	1	1	1	1	1	1
EHM034674|EHA02355_bin.24_gene_163_7	C289	1	1	1	1	0	0	0	1	0	1	1	1	0	0
EHM034674|EHA02355_bin.24_gene_163_8	C289	1	1	1	1	1	1	1	1	1	1	1	1	1	1
EHM034674|EHA02355_bin.24_gene_163_9	C289	1	1	1	1	1	1	1	1	1	1	1	1	1	1
EHM034674|EHA02355_bin.24_gene_164_2	C289	1	1	1	1	1	1	0	0	0	0	0	0	0	0
EHM034674|EHA02355_bin.24_gene_165_2	C289	1	1	1	1	1	1	1	1	1	1	0	1	1	1
EHM034674|EHA02355_bin.24_gene_165_3	C289	1	1	1	1	1	0	0	1	0	0	0	0	0	0
EHM034674|EHA02355_bin.24_gene_165_4	C289	1	1	1	1	1	1	1	1	1	1	1	1	1	1
EHM034674|EHA02355_bin.24_gene_166_8	C289	1	1	1	1	1	1	1	1	1	1	1	1	1	1
EHM034674|EHA02355_bin.24_gene_166_9	C289	1	1	1	1	1	1	1	1	1	1	1	1	1	1
EHM034674|EHA02355_bin.24_gene_166_10	C289	1	1	1	1	1	1	1	1	1	1	1	1	1	1
EHM034674|EHA02355_bin.24_gene_166_11	C289	1	1	1	1	1	1	0	1	0	0	0	1	0	0
EHM034674|EHA02355_bin.24_gene_166_12	C289	1	1	1	1	1	1	0	1	1	1	1	1	1	1
EHM034674|EHA02355_bin.24_gene_166_13	C289	1	1	1	1	1	1	0	1	1	1	1	1	1	1
EHM034674|EHA02355_bin.24_gene_166_14	C289	1	1	1	1	1	1	0	1	1	1	1	1	0	1
EHM034674|EHA02355_bin.24_gene_166_15	C289	1	1	1	1	1	1	1	1	0	0	1	1	0	0
EHM034674|EHA02355_bin.24_gene_167_2	C289	1	1	1	1	1	1	0	1	1	1	1	1	1	1
EHM034674|EHA02355_bin.24_gene_167_3	C289	1	1	1	1	1	1	1	1	1	1	1	1	1	1
EHM034674|EHA02355_bin.24_gene_167_4	C289	1	1	1	1	1	1	1	1	1	1	1	1	1	1
EHM034674|EHA02355_bin.24_gene_167_5	C289	1	1	1	1	1	0	1	0	0	0	0	0	0	0
EHM034674|EHA02355_bin.24_gene_167_6	C289	1	1	1	1	1	1	1	1	1	1	1	1	1	1
EHM034674|EHA02355_bin.24_gene_167_7	C289	1	1	1	1	1	1	1	1	1	1	0	1	1	1
EHM034674|EHA02355_bin.24_gene_168_1	C289	1	1	1	1	1	1	1	1	0	0	1	1	0	0
EHM034674|EHA02355_bin.24_gene_168_3	C289	1	1	1	1	1	1	0	1	1	1	0	1	1	0
EHM034674|EHA02355_bin.24_gene_168_4	C289	1	1	1	1	1	1	1	1	1	1	1	1	1	1
EHM034674|EHA02355_bin.24_gene_168_7	C289	1	1	1	1	1	1	0	0	0	0	1	0	0	0
EHM034674|EHA02355_bin.24_gene_169_1	C289	1	1	1	1	1	1	0	0	0	1	0	0	0	0
EHM034674|EHA02355_bin.24_gene_169_3	C289	1	0	1	1	1	1	0	1	1	1	1	1	1	1
EHM034674|EHA02355_bin.24_gene_169_4	C289	1	1	1	1	1	1	1	1	1	1	1	1	1	1
EHM034674|EHA02355_bin.24_gene_169_5	C289	1	1	1	1	1	1	1	1	1	1	0	1	1	1
EHM034674|EHA02355_bin.24_gene_169_6	C289	1	1	1	1	1	1	1	1	1	1	0	1	1	1
EHM034674|EHA02355_bin.24_gene_169_7	C289	1	1	1	1	1	1	1	1	1	1	1	1	1	1
EHM034674|EHA02355_bin.24_gene_170_1	C289	1	1	1	1	1	0	1	1	0	0	0	0	0	0
EHM034674|EHA02355_bin.24_gene_170_2	C289	1	1	1	1	1	1	0	1	0	0	1	1	0	0
EHM034674|EHA02355_bin.24_gene_170_3	C289	1	1	1	1	1	1	1	1	1	1	1	1	1	1
EHM034674|EHA02355_bin.24_gene_170_4	C289	1	1	1	1	1	1	1	1	1	1	1	1	1	1
EHM034674|EHA02355_bin.24_gene_171_1	C289	1	1	1	1	1	1	1	1	1	1	1	1	1	1
EHM034674|EHA02355_bin.24_gene_171_3	C289	1	1	1	1	1	1	1	1	1	0	1	1	1	1
EHM034674|EHA02355_bin.24_gene_171_4	C289	1	1	1	1	1	1	1	1	1	1	1	1	1	1
EHM034674|EHA02355_bin.24_gene_171_5	C289	1	1	1	1	1	1	0	1	0	0	1	1	0	0
EHM034674|EHA02355_bin.24_gene_171_6	C289	1	1	1	1	1	1	1	1	1	1	1	1	0	0
EHM034674|EHA02355_bin.24_gene_171_7	C289	1	1	1	1	1	1	0	0	0	0	1	1	0	0
EHM034674|EHA02355_bin.24_gene_172_1	C289	1	1	1	1	1	0	0	1	0	1	0	0	0	0
EHM034674|EHA02355_bin.24_gene_172_3	C289	1	1	1	1	1	1	0	1	1	1	0	0	0	1
EHM034674|EHA02355_bin.24_gene_173_1	C289	1	1	1	1	1	1	1	1	1	1	1	1	1	1
EHM034674|EHA02355_bin.24_gene_173_2	C289	1	1	1	1	1	1	1	1	1	1	0	1	1	1
EHM034674|EHA02355_bin.24_gene_173_3	C289	1	1	1	1	1	1	1	1	1	1	1	1	1	1
EHM034674|EHA02355_bin.24_gene_173_4	C289	1	1	1	1	1	1	0	1	1	1	1	1	0	1
EHM034674|EHA02355_bin.24_gene_173_5	C289	1	1	1	1	1	1	1	1	1	1	1	1	1	1
EHM034674|EHA02355_bin.24_gene_173_6	C289	1	1	1	1	1	1	1	1	1	1	1	1	1	1
EHM034674|EHA02355_bin.24_gene_173_7	C289	1	1	1	1	0	0	0	0	0	0	0	0	0	0
EHM034674|EHA02355_bin.24_gene_173_8	C289	1	1	1	1	1	1	1	1	1	0	0	1	1	1
EHM034674|EHA02355_bin.24_gene_173_9	C289	1	1	1	1	1	0	0	0	0	0	0	0	0	0
EHM034674|EHA02355_bin.24_gene_174_1	C289	1	1	1	1	1	1	0	1	1	1	0	1	1	1
EHM034674|EHA02355_bin.24_gene_174_3	C289	1	1	1	1	1	1	1	1	1	1	1	1	1	1
EHM034674|EHA02355_bin.24_gene_174_5	C289	1	1	1	1	1	1	1	1	1	1	1	1	0	1
EHM034674|EHA02355_bin.24_gene_174_6	C289	1	1	1	1	1	1	1	1	1	0	0	1	0	0
EHM034674|EHA02355_bin.24_gene_175_3	C289	1	1	1	1	1	1	0	0	0	0	0	0	0	0
EHM034674|EHA02355_bin.24_gene_175_4	C289	1	1	1	1	1	1	1	1	1	1	1	1	1	1
EHM034674|EHA02355_bin.24_gene_175_5	C289	1	1	1	1	1	1	0	0	0	0	0	0	1	0
EHM034674|EHA02355_bin.24_gene_176_7	C289	1	1	1	1	0	1	0	0	0	0	0	1	0	0
EHM034674|EHA02355_bin.24_gene_176_8	C289	1	1	1	1	1	1	1	1	1	1	1	1	1	1
EHM034674|EHA02355_bin.24_gene_176_9	C289	1	1	1	1	1	1	1	1	0	0	1	1	1	0
EHM034674|EHA02355_bin.24_gene_176_10	C289	1	1	1	1	1	1	0	1	0	0	1	1	0	0
EHM034674|EHA02355_bin.24_gene_176_11	C289	1	1	1	1	1	1	1	1	1	1	1	1	1	1
EHM034674|EHA02355_bin.24_gene_177_2	C289	1	1	1	1	1	1	1	0	1	1	1	1	0	1
EHM034674|EHA02355_bin.24_gene_177_3	C289	1	1	1	1	1	1	1	1	1	1	1	1	1	0
EHM034674|EHA02355_bin.24_gene_177_4	C289	1	1	1	1	1	1	1	1	1	1	0	1	1	1
EHM034674|EHA02355_bin.24_gene_177_5	C289	1	1	1	1	1	1	1	1	1	1	1	1	1	1
EHM034674|EHA02355_bin.24_gene_177_6	C289	1	1	1	1	1	0	1	0	1	1	1	1	1	1
EHM034674|EHA02355_bin.24_gene_177_8	C289	1	1	1	1	0	1	0	0	1	0	0	0	1	0
EHM034674|EHA02355_bin.24_gene_177_9	C289	1	1	1	1	0	1	0	0	0	0	0	0	0	0
EHM034674|EHA02355_bin.24_gene_177_10	C289	1	1	1	1	0	1	1	1	0	0	1	1	0	1
EHM034674|EHA02355_bin.24_gene_177_11	C289	1	1	1	1	0	1	1	0	0	0	0	0	0	0
EHM034674|EHA02355_bin.24_gene_177_12	C289	1	1	1	1	1	0	1	0	0	0	0	1	0	0
EHM034674|EHA02355_bin.24_gene_177_17	C289	1	1	1	1	0	1	0	0	0	0	0	0	0	0
EHM034674|EHA02355_bin.24_gene_177_18	C289	1	1	1	1	0	1	0	0	0	0	0	0	0	0
EHM034674|EHA02355_bin.24_gene_177_19	C289	1	1	1	1	0	1	0	0	0	0	1	0	0	0
EHM034674|EHA02355_bin.24_gene_177_20	C289	1	1	1	1	0	1	0	0	0	0	1	0	0	0
EHM034674|EHA02355_bin.24_gene_177_21	C289	1	1	1	1	1	1	1	0	0	0	1	0	1	0
EHM034674|EHA02355_bin.24_gene_177_25	C289	1	1	1	1	0	1	1	0	0	0	1	1	0	0
EHM034674|EHA02355_bin.24_gene_178_1	C289	1	1	1	1	1	1	1	1	1	1	0	1	1	0
EHM034674|EHA02355_bin.24_gene_178_3	C289	1	1	1	1	1	1	1	1	1	0	0	1	1	1
EHM034674|EHA02355_bin.24_gene_178_4	C289	1	1	1	1	1	1	1	1	1	1	1	1	1	1
EHM034674|EHA02355_bin.24_gene_178_5	C289	1	1	1	1	1	1	1	1	1	1	1	1	1	1
EHM034674|EHA02355_bin.24_gene_178_6	C289	1	1	1	1	1	1	1	1	1	1	1	1	1	1
EHM034674|EHA02355_bin.24_gene_178_7	C289	1	1	1	1	1	1	1	0	0	0	0	0	0	0
EHM034674|EHA02355_bin.24_gene_178_8	C289	1	1	1	1	1	1	1	1	1	1	1	1	1	1
EHM034674|EHA02355_bin.24_gene_178_9	C289	1	1	1	1	1	1	1	1	1	1	1	1	1	1
EHM034674|EHA02355_bin.24_gene_178_10	C289	1	1	1	1	1	1	0	1	1	1	1	1	1	1
EHM034674|EHA02355_bin.24_gene_178_11	C289	1	1	1	1	1	1	0	1	1	1	1	1	1	1
EHM034674|EHA02355_bin.24_gene_178_12	C289	1	1	1	1	1	1	1	1	1	1	1	1	0	1
EHM034674|EHA02355_bin.24_gene_178_13	C289	1	1	1	1	1	1	0	1	1	1	1	1	1	1
EHM034674|EHA02355_bin.24_gene_178_14	C289	1	1	1	1	1	1	0	1	1	1	1	1	1	1
EHM034674|EHA02355_bin.24_gene_178_15	C289	1	1	1	1	1	1	1	1	1	1	1	1	1	1
EHM034674|EHA02355_bin.24_gene_178_18	C289	1	1	1	1	1	1	1	1	1	0	0	1	1	1
EHM034674|EHA02355_bin.24_gene_178_19	C289	1	1	1	1	1	1	1	1	1	1	0	1	1	1
EHM034674|EHA02355_bin.24_gene_179_2	C289	1	1	1	1	1	1	0	0	0	0	0	1	0	1
EHM034674|EHA02355_bin.24_gene_179_3	C289	1	1	1	1	1	1	1	1	1	1	1	1	1	1
EHM034674|EHA02355_bin.24_gene_179_4	C289	1	1	1	1	1	1	1	0	1	1	0	0	0	0
EHM034674|EHA02355_bin.24_gene_180_1	C289	1	1	1	1	1	1	0	1	1	1	1	1	1	1
EHM034674|EHA02355_bin.24_gene_180_2	C289	1	1	1	1	0	1	1	1	0	0	1	1	0	0
EHM034674|EHA02355_bin.24_gene_181_2	C289	1	1	1	1	1	1	0	0	0	1	0	1	0	0
EHM034674|EHA02355_bin.24_gene_181_3	C289	1	1	1	1	1	1	0	0	1	1	0	0	0	0
EHM034674|EHA02355_bin.24_gene_181_4	C289	1	1	1	1	1	1	0	1	1	1	1	1	1	1
EHM034674|EHA02355_bin.24_gene_181_6	C289	1	1	1	1	0	1	0	0	0	0	1	1	0	1
EHM034674|EHA02355_bin.24_gene_181_7	C289	1	1	1	1	1	1	1	1	1	1	1	1	1	1
EHM034674|EHA02355_bin.24_gene_182_2	C289	1	1	1	1	0	1	0	1	1	1	1	1	1	1
EHM034674|EHA02355_bin.24_gene_182_3	C289	1	1	1	1	0	1	0	1	0	0	1	1	0	0
EHM034674|EHA02355_bin.24_gene_183_1	C289	1	0	1	1	0	1	1	0	0	0	0	1	0	1
EHM034674|EHA02355_bin.24_gene_183_2	C289	1	0	1	1	0	1	0	0	0	0	0	0	0	0
EHM034674|EHA02355_bin.24_gene_183_3	C289	1	0	1	1	0	1	0	0	0	0	0	1	0	1
EHM034674|EHA02355_bin.24_gene_183_5	C289	1	1	1	1	0	1	0	0	0	0	0	0	0	0
EHM034674|EHA02355_bin.24_gene_183_6	C289	1	1	1	1	1	1	1	1	1	1	1	1	1	1
EHM034674|EHA02355_bin.24_gene_183_7	C289	1	1	1	1	1	1	1	1	1	1	1	1	1	1
EHM034674|EHA02355_bin.24_gene_183_8	C289	1	1	1	1	1	1	0	0	0	0	0	0	0	0
EHM034674|EHA02355_bin.24_gene_184_2	C289	1	1	1	1	1	1	1	0	0	0	0	0	0	0
EHM034674|EHA02355_bin.24_gene_185_2	C289	1	1	1	1	1	1	1	1	1	1	1	1	1	1
EHM034674|EHA02355_bin.24_gene_185_3	C289	1	1	1	1	1	1	1	1	1	1	1	0	1	1
EHM034674|EHA02355_bin.24_gene_186_1	C289	1	1	1	1	0	1	0	0	0	0	0	0	0	0
EHM034674|EHA02355_bin.24_gene_188_2	C289	1	1	1	1	1	1	1	1	1	1	1	1	1	1
EHM034674|EHA02355_bin.24_gene_188_3	C289	1	1	1	1	0	0	0	0	0	0	0	0	0	0
EHM034674|EHA02355_bin.24_gene_189_2	C289	1	1	1	1	0	0	0	0	0	0	0	0	0	0
EHM034674|EHA02355_bin.24_gene_189_6	C289	1	1	1	1	1	1	0	1	1	1	1	1	1	1
EHM034674|EHA02355_bin.24_gene_189_7	C289	1	1	1	1	1	1	0	1	1	1	1	1	1	1
EHM034674|EHA02355_bin.24_gene_191_1	C289	1	1	1	1	0	1	0	0	0	0	0	0	0	0
EHM034674|EHA02355_bin.24_gene_191_5	C289	1	1	1	1	1	1	1	1	0	1	1	1	0	0
EHM034674|EHA02355_bin.24_gene_191_7	C289	1	1	1	1	1	1	1	1	1	1	1	1	1	1
EHM034674|EHA02355_bin.24_gene_191_9	C289	1	1	1	1	1	1	1	1	1	1	0	1	1	1
EHM034674|EHA02355_bin.24_gene_192_3	C289	1	1	1	1	1	1	1	1	0	0	1	1	0	0
EHM034674|EHA02355_bin.24_gene_192_4	C289	1	1	1	1	1	1	1	1	0	0	0	1	0	0
EHM034674|EHA02355_bin.24_gene_193_1	C289	1	0	1	1	1	1	1	1	0	0	0	0	0	0
EHM034674|EHA02355_bin.24_gene_193_2	C289	1	1	1	1	1	1	0	1	1	1	1	1	1	1
EHM034674|EHA02355_bin.24_gene_193_3	C289	1	1	1	1	1	1	0	0	0	0	0	0	1	0
EHM034674|EHA02355_bin.24_gene_193_4	C289	1	1	1	1	0	0	0	0	0	0	0	0	0	0
EHM034674|EHA02355_bin.24_gene_193_5	C289	1	1	1	1	0	1	0	0	0	0	0	0	0	0
EHM034674|EHA02355_bin.24_gene_194_1	C289	1	1	1	1	1	1	0	1	1	1	0	0	1	1
EHM034674|EHA02355_bin.24_gene_194_2	C289	1	1	1	1	0	1	0	0	0	0	0	0	0	0
EHM034674|EHA02355_bin.24_gene_194_3	C289	1	1	1	1	1	1	1	1	1	1	1	1	1	1
EHM034674|EHA02355_bin.24_gene_194_4	C289	1	1	1	1	1	1	1	1	1	1	1	1	1	1
EHM034674|EHA02355_bin.24_gene_194_5	C289	1	1	1	1	0	0	1	1	0	0	0	0	1	1
EHM034674|EHA02355_bin.24_gene_194_6	C289	1	1	1	1	1	1	0	0	0	0	0	0	0	0
EHM034674|EHA02355_bin.24_gene_194_7	C289	1	1	1	1	1	1	1	1	1	1	1	1	1	1
EHM034674|EHA02355_bin.24_gene_194_8	C289	1	1	1	1	1	1	0	0	0	0	0	1	0	0
EHM034674|EHA02355_bin.24_gene_194_9	C289	1	1	1	1	1	1	1	0	1	1	0	1	0	1
EHM034674|EHA02355_bin.24_gene_194_10	C289	1	1	1	1	1	1	1	1	1	1	1	1	1	1
EHM034674|EHA02355_bin.24_gene_195_1	C289	1	0	1	1	0	1	1	0	0	0	0	1	0	1
EHM034674|EHA02355_bin.24_gene_195_2	C289	1	0	0	1	0	1	0	0	0	0	0	1	0	0
EHM034674|EHA02355_bin.24_gene_195_4	C289	1	1	1	1	1	1	1	1	1	1	1	1	1	1
EHM034674|EHA02355_bin.24_gene_196_1	C289	1	1	1	1	1	1	1	1	1	1	1	1	1	1
EHM034674|EHA02355_bin.24_gene_196_3	C289	1	1	1	1	1	1	1	1	1	1	1	1	1	1
EHM034674|EHA02355_bin.24_gene_197_1	C289	1	1	1	1	0	1	1	1	1	0	0	1	0	0
EHM034674|EHA02355_bin.24_gene_197_2	C289	1	1	1	1	1	1	1	1	1	1	0	0	1	1
EHM034674|EHA02355_bin.24_gene_197_4	C289	1	1	1	1	1	0	1	0	0	0	1	1	0	0
EHM034674|EHA02355_bin.24_gene_197_5	C289	1	1	0	1	0	1	0	0	0	1	1	0	1	0
EHM034674|EHA02355_bin.24_gene_197_7	C289	1	1	1	1	1	1	1	1	1	1	1	1	1	1
EHM034674|EHA02355_bin.24_gene_198_1	C289	1	1	1	1	0	0	1	0	0	0	0	1	1	0
EHM034674|EHA02355_bin.24_gene_198_2	C289	1	1	1	1	1	1	1	1	1	1	1	0	1	1
EHM034674|EHA02355_bin.24_gene_199_1	C289	1	1	1	1	0	1	0	0	0	0	1	0	0	0
EHM034674|EHA02355_bin.24_gene_199_2	C289	1	0	1	1	0	0	0	0	0	0	0	0	0	0
EHM034674|EHA02355_bin.24_gene_199_4	C289	1	1	1	1	0	1	1	1	1	1	1	1	1	1
EHM034674|EHA02355_bin.24_gene_199_5	C289	1	1	1	1	0	1	1	0	0	0	0	0	0	0
EHM034674|EHA02355_bin.24_gene_199_6	C289	1	1	1	1	1	0	1	0	0	0	0	0	0	0
EHM034674|EHA02355_bin.24_gene_199_8	C289	1	1	1	1	1	1	1	1	0	0	1	1	0	0
EHM034674|EHA02355_bin.24_gene_199_9	C289	1	1	1	1	1	1	1	1	1	1	1	1	1	1
EHM034674|EHA02355_bin.24_gene_200_1	C289	1	1	1	1	0	1	1	1	1	1	0	0	0	0
EHM034674|EHA02355_bin.24_gene_200_2	C289	1	1	1	1	1	1	1	1	1	1	1	1	1	1
EHM034674|EHA02355_bin.24_gene_200_3	C289	1	1	1	1	1	1	1	1	1	1	0	1	1	1
EHM034674|EHA02355_bin.24_gene_200_4	C289	1	1	1	1	1	0	1	1	1	1	0	1	1	1
EHM034674|EHA02355_bin.24_gene_201_1	C289	1	1	1	1	1	1	1	1	0	0	1	1	0	0
EHM034674|EHA02355_bin.24_gene_201_3	C289	1	1	1	1	1	1	1	1	1	1	1	1	1	1
EHM034674|EHA02355_bin.24_gene_202_1	C289	1	1	1	1	1	1	0	1	1	1	1	1	1	1
EHM034674|EHA02355_bin.24_gene_202_2	C289	1	1	1	1	0	1	0	0	0	0	0	0	0	0
EHM034674|EHA02355_bin.24_gene_202_3	C289	1	1	1	1	1	1	1	1	1	1	1	1	1	0
EHM034674|EHA02355_bin.24_gene_202_4	C289	1	1	1	1	1	1	0	1	1	1	1	1	1	1
EHM034674|EHA02355_bin.24_gene_202_5	C289	1	1	1	1	0	0	0	0	0	0	0	0	0	0
EHM034674|EHA02355_bin.24_gene_203_1	C289	1	1	1	1	1	1	1	1	1	1	1	0	0	1
EHM034674|EHA02355_bin.24_gene_204_1	C289	1	1	1	1	0	1	0	0	0	0	0	1	0	0
EHM034674|EHA02355_bin.24_gene_204_12	C289	1	1	1	1	0	1	1	1	1	1	1	1	1	1
EHM034674|EHA02355_bin.24_gene_206_1	C289	1	1	1	1	1	1	1	1	0	1	1	1	0	0
EHM034674|EHA02355_bin.24_gene_206_2	C289	1	1	1	1	1	1	1	1	1	1	1	1	1	1
EHM034674|EHA02355_bin.24_gene_206_3	C289	1	1	1	1	1	1	1	1	1	1	1	1	1	1
EHM034674|EHA02355_bin.24_gene_206_4	C289	1	1	1	1	1	1	1	1	1	1	1	1	1	1
EHM034674|EHA02355_bin.24_gene_206_5	C289	1	1	1	1	1	1	1	1	1	1	1	0	1	1
EHM034674|EHA02355_bin.24_gene_206_6	C289	1	1	1	1	1	1	0	1	1	1	1	1	1	1
EHM034674|EHA02355_bin.24_gene_206_7	C289	1	1	1	1	1	1	1	1	1	1	1	1	1	1
EHM034674|EHA02355_bin.24_gene_206_8	C289	1	1	1	1	1	1	0	1	0	1	1	1	0	0
EHM034674|EHA02355_bin.24_gene_206_9	C289	1	1	1	1	1	1	1	1	1	1	1	1	1	1
EHM034674|EHA02355_bin.24_gene_206_10	C289	1	1	1	1	1	1	1	1	1	1	1	1	1	1
EHM034674|EHA02355_bin.24_gene_206_12	C289	1	1	1	1	1	1	1	1	0	0	1	1	0	0
EHM034674|EHA02355_bin.24_gene_206_13	C289	1	1	1	1	1	1	1	1	1	1	1	1	1	1
EHM034674|EHA02355_bin.24_gene_206_14	C289	1	1	1	1	1	1	1	1	1	1	1	1	0	1
EHM034674|EHA02355_bin.24_gene_206_15	C289	1	0	1	1	0	0	0	0	0	0	0	0	0	0
EHM034674|EHA02355_bin.24_gene_206_16	C289	1	1	1	1	0	0	0	0	0	0	0	0	0	0
EHM034674|EHA02355_bin.24_gene_206_17	C289	1	1	1	1	1	1	1	1	1	1	1	1	1	1
EHM034674|EHA02355_bin.24_gene_206_18	C289	1	1	1	1	1	0	0	1	1	1	0	1	1	1
EHM034674|EHA02355_bin.24_gene_207_1	C289	1	1	1	1	0	1	0	0	0	0	0	0	0	0
EHM034674|EHA02355_bin.24_gene_208_1	C289	1	1	1	1	1	1	1	1	1	1	1	1	1	1
EHM034674|EHA02355_bin.24_gene_208_2	C289	1	1	1	1	1	1	1	1	1	1	0	0	1	1
EHM034674|EHA02355_bin.24_gene_208_3	C289	1	1	1	1	1	1	1	0	0	0	1	1	0	0
EHM034674|EHA02355_bin.24_gene_209_2	C289	1	1	1	1	1	1	0	1	1	1	1	1	1	1
EHM034674|EHA02355_bin.24_gene_209_3	C289	1	1	1	1	1	1	1	0	0	0	1	1	0	0
EHM034674|EHA02355_bin.24_gene_209_7	C289	1	1	1	1	1	1	1	1	1	1	1	1	1	1
EHM034674|EHA02355_bin.24_gene_209_8	C289	1	1	1	1	1	1	1	1	1	1	1	1	1	1
EHM034674|EHA02355_bin.24_gene_209_9	C289	1	1	1	1	1	1	1	1	1	1	1	1	1	1
EHM034674|EHA02355_bin.24_gene_209_10	C289	1	1	1	1	1	1	1	1	1	1	1	1	1	1
EHM034674|EHA02355_bin.24_gene_209_11	C289	1	1	1	1	1	1	1	1	1	1	1	1	1	1
EHM034674|EHA02355_bin.24_gene_209_12	C289	1	1	1	1	1	1	1	1	0	0	1	1	0	1
EHM034674|EHA02355_bin.24_gene_209_17	C289	1	1	1	1	1	0	1	1	0	0	0	1	0	0
EHM034674|EHA02355_bin.24_gene_209_20	C289	1	1	1	1	0	1	0	0	0	0	0	0	0	0
EHM034674|EHA02355_bin.24_gene_210_1	C289	1	1	1	1	1	1	1	1	1	1	1	1	1	1
EHM034674|EHA02355_bin.24_gene_211_1	C289	1	1	1	1	1	1	1	1	1	1	1	1	1	1
EHM034674|EHA02355_bin.24_gene_211_2	C289	1	1	1	1	1	1	1	1	1	1	1	1	1	1
EHM034674|EHA02355_bin.24_gene_211_3	C289	1	1	1	1	1	1	1	1	1	1	1	1	1	1
EHM034674|EHA02355_bin.24_gene_211_4	C289	1	1	1	1	1	1	1	1	1	1	1	1	1	1
EHM034674|EHA02355_bin.24_gene_211_5	C289	1	1	1	1	1	1	1	1	0	0	1	1	0	0
EHM034674|EHA02355_bin.24_gene_211_6	C289	1	1	1	1	1	1	1	1	1	1	1	1	1	1
EHM034674|EHA02355_bin.24_gene_211_7	C289	1	1	1	1	1	1	1	1	1	1	0	1	1	1
EHM034674|EHA02355_bin.24_gene_211_8	C289	1	1	1	1	1	1	1	0	0	0	1	0	0	0
EHM034674|EHA02355_bin.24_gene_212_2	C289	1	1	1	1	1	1	1	1	1	1	1	1	1	1
EHM034674|EHA02355_bin.24_gene_213_1	C289	1	1	1	1	1	1	1	1	1	1	1	1	1	1
EHM034674|EHA02355_bin.24_gene_213_3	C289	1	1	1	1	1	1	1	1	1	0	1	1	1	1
EHM034674|EHA02355_bin.24_gene_213_4	C289	1	0	1	1	1	1	1	1	1	1	0	0	1	0
EHM034674|EHA02355_bin.24_gene_213_5	C289	1	0	1	1	1	1	1	1	1	1	0	1	1	1
EHM034674|EHA02355_bin.24_gene_214_3	C289	1	1	1	1	1	1	0	1	0	0	1	1	0	0
EHM034674|EHA02355_bin.24_gene_214_4	C289	1	1	1	1	1	1	0	0	0	0	1	1	0	0
EHM034674|EHA02355_bin.24_gene_214_5	C289	1	1	1	1	1	1	1	1	1	1	1	1	1	1
EHM034674|EHA02355_bin.24_gene_214_6	C289	1	1	1	1	1	1	1	1	1	1	1	1	1	1
EHM034674|EHA02355_bin.24_gene_214_7	C289	1	1	1	1	0	1	0	0	0	0	0	0	0	0
EHM034674|EHA02355_bin.24_gene_214_10	C289	1	1	1	1	1	1	1	1	1	0	0	1	1	1
EHM034674|EHA02355_bin.24_gene_215_2	C289	1	1	1	1	1	1	1	1	1	1	1	1	1	1
EHM034674|EHA02355_bin.24_gene_215_3	C289	1	1	1	1	1	1	0	0	0	0	0	0	0	0
EHM034674|EHA02355_bin.24_gene_216_2	C289	1	1	1	1	1	1	1	1	1	1	1	1	1	1
EHM034674|EHA02355_bin.24_gene_216_3	C289	1	1	1	1	1	1	1	1	1	1	0	1	1	1
EHM034674|EHA02355_bin.24_gene_217_1	C289	1	1	1	1	1	1	1	1	1	1	1	1	1	1
EHM034674|EHA02355_bin.24_gene_217_2	C289	1	1	1	1	1	1	0	0	0	0	0	0	0	0
EHM034674|EHA02355_bin.24_gene_217_3	C289	1	1	1	1	1	1	1	1	1	1	1	1	1	1
EHM034674|EHA02355_bin.24_gene_217_4	C289	1	1	1	1	1	1	1	1	1	1	1	1	1	1
EHM034674|EHA02355_bin.24_gene_218_1	C289	1	1	1	1	1	1	1	1	1	1	1	1	1	1
EHM034674|EHA02355_bin.24_gene_218_2	C289	1	1	1	1	1	1	1	1	1	1	1	1	1	1
EHM034674|EHA02355_bin.24_gene_218_3	C289	1	1	1	1	1	1	1	1	1	1	1	1	1	1
EHM034674|EHA02355_bin.24_gene_218_4	C289	1	1	1	1	1	1	1	1	1	1	1	1	0	1
EHM034674|EHA02355_bin.24_gene_218_5	C289	1	1	1	1	1	1	1	1	1	1	1	1	0	1
EHM034674|EHA02355_bin.24_gene_218_6	C289	1	1	1	1	1	1	1	1	1	1	1	1	1	1
EHM034674|EHA02355_bin.24_gene_219_2	C289	1	1	1	1	0	1	1	1	0	0	1	1	0	0
EHM034674|EHA02355_bin.24_gene_219_3	C289	1	1	1	1	1	1	1	1	1	1	1	1	1	1
EHM034674|EHA02355_bin.24_gene_219_4	C289	1	1	1	1	1	1	1	1	1	1	0	1	1	1
EHM034674|EHA02355_bin.24_gene_219_6	C289	1	1	1	1	1	1	1	1	1	1	1	1	1	1
EHM034674|EHA02355_bin.24_gene_219_7	C289	1	1	1	1	1	1	1	1	1	1	0	1	1	1
EHM034674|EHA02355_bin.24_gene_219_8	C289	1	1	1	1	1	1	0	1	1	1	1	1	1	1
EHM034674|EHA02355_bin.24_gene_219_9	C289	1	1	1	1	1	1	1	1	1	1	1	1	1	1
EHM034674|EHA02355_bin.24_gene_220_1	C289	1	1	1	1	0	1	0	0	0	0	0	0	0	0
EHM034674|EHA02355_bin.24_gene_222_1	C289	1	1	1	1	0	1	1	0	0	1	0	0	0	0
EHM034674|EHA02355_bin.24_gene_222_2	C289	1	1	1	1	1	0	0	0	0	0	0	0	0	0
EHM034674|EHA02355_bin.24_gene_222_3	C289	1	1	1	1	0	0	0	0	0	0	0	0	0	0
EHM034674|EHA02355_bin.24_gene_222_4	C289	1	1	1	1	1	1	0	1	1	1	1	0	0	0
EHM034674|EHA02355_bin.24_gene_222_5	C289	1	1	1	1	1	1	0	1	1	1	1	0	0	1
EHM034674|EHA02355_bin.24_gene_222_7	C289	1	1	1	1	1	1	0	0	0	0	0	0	0	0
EHM034674|EHA02355_bin.24_gene_222_8	C289	1	1	1	1	1	1	1	1	1	1	1	0	1	1
EHM034674|EHA02355_bin.24_gene_222_9	C289	1	1	1	1	1	1	1	1	1	1	1	0	1	1
EHM034674|EHA02355_bin.24_gene_222_10	C289	1	1	1	1	1	0	1	0	0	0	1	1	0	0
EHM034674|EHA02355_bin.24_gene_222_11	C289	1	1	1	1	1	1	0	0	0	0	0	0	0	0
EHM034674|EHA02355_bin.24_gene_222_12	C289	1	1	1	1	1	0	0	1	0	0	1	1	0	0
EHM034674|EHA02355_bin.24_gene_222_13	C289	1	1	1	1	1	1	0	1	1	0	1	1	1	1
EHM034674|EHA02355_bin.24_gene_223_4	C289	1	1	1	1	1	1	1	1	1	0	1	1	1	1
EHM034674|EHA02355_bin.24_gene_223_5	C289	1	1	1	1	1	1	1	1	1	1	0	1	1	1
EHM034674|EHA02355_bin.24_gene_223_6	C289	1	1	1	1	1	1	1	1	1	1	1	1	1	1
EHM034674|EHA02355_bin.24_gene_223_7	C289	1	1	1	1	0	1	0	0	0	0	1	0	0	0
EHM034674|EHA02355_bin.24_gene_223_9	C289	1	1	1	1	1	1	0	0	0	0	0	0	0	0
EHM034674|EHA02355_bin.24_gene_225_1	C289	1	1	1	1	1	1	1	1	1	1	0	1	1	1
EHM034674|EHA02355_bin.24_gene_225_2	C289	1	1	1	1	1	1	0	1	1	1	1	0	1	1
EHM034674|EHA02355_bin.24_gene_225_3	C289	1	1	1	1	1	1	1	1	1	1	1	0	1	1
EHM034674|EHA02355_bin.24_gene_227_1	C289	1	1	1	1	1	1	0	0	1	0	0	0	0	0
EHM034674|EHA02355_bin.24_gene_227_2	C289	1	1	1	1	1	1	1	1	1	1	1	1	1	1
EHM034674|EHA02355_bin.24_gene_227_3	C289	1	1	1	1	0	0	0	0	0	0	0	0	0	0
EHM034674|EHA02355_bin.24_gene_228_1	C289	1	1	1	1	0	0	0	0	0	0	0	1	0	1
EHM034674|EHA02355_bin.24_gene_229_1	C289	1	1	1	1	0	1	1	1	1	1	0	1	1	1
EHM034674|EHA02355_bin.24_gene_229_2	C289	1	1	1	1	1	1	1	1	1	1	1	1	1	1
EHM034674|EHA02355_bin.24_gene_229_3	C289	1	1	1	1	1	1	1	1	1	1	1	1	1	0
EHM034674|EHA02355_bin.24_gene_229_4	C289	1	1	1	1	1	1	1	1	0	0	0	1	1	0
EHM034674|EHA02355_bin.24_gene_229_5	C289	1	1	1	1	1	1	0	1	1	1	1	1	1	1
EHM034674|EHA02355_bin.24_gene_229_6	C289	1	1	1	1	1	1	0	1	1	1	1	0	1	1
EHM034674|EHA02355_bin.24_gene_229_7	C289	1	1	1	1	1	1	1	1	1	1	0	1	1	1
EHM034674|EHA02355_bin.24_gene_229_8	C289	1	1	1	1	1	1	1	1	1	0	1	1	1	1
EHM034674|EHA02355_bin.24_gene_229_9	C289	1	1	1	1	1	1	1	1	1	1	1	1	1	1
EHM034674|EHA02355_bin.24_gene_229_10	C289	1	1	1	1	1	1	1	0	0	1	1	0	0	0
EHM034674|EHA02355_bin.24_gene_229_11	C289	1	1	1	1	1	1	0	1	1	0	1	1	0	0
EHM034674|EHA02355_bin.24_gene_229_12	C289	1	1	1	1	1	1	1	1	0	0	1	1	0	0
EHM034674|EHA02355_bin.24_gene_229_13	C289	1	0	1	1	1	1	1	1	1	1	1	1	1	1
EHM034674|EHA02355_bin.24_gene_230_2	C289	1	1	1	1	1	1	1	1	1	1	1	1	1	1
EHM034674|EHA02355_bin.24_gene_230_3	C289	1	1	1	1	1	1	0	1	1	0	1	0	0	0
EHM034674|EHA02355_bin.24_gene_230_4	C289	1	1	1	1	1	1	0	1	1	1	0	1	1	1
EHM034674|EHA02355_bin.24_gene_230_5	C289	1	1	1	1	1	1	0	1	0	0	1	1	0	0
EHM034674|EHA02355_bin.24_gene_230_6	C289	1	1	1	1	0	1	1	0	0	0	1	0	0	0
EHM034674|EHA02355_bin.24_gene_230_8	C289	1	1	1	1	1	1	0	1	1	1	0	1	1	1
EHM034674|EHA02355_bin.24_gene_231_3	C289	1	1	1	1	1	1	1	1	1	1	1	1	1	1
EHM034674|EHA02355_bin.24_gene_231_4	C289	1	1	1	1	1	1	0	1	0	0	1	1	0	0
EHM034674|EHA02355_bin.24_gene_231_5	C289	1	1	1	1	1	1	1	1	1	1	1	0	1	1
EHM034674|EHA02355_bin.24_gene_232_2	C289	1	1	1	1	1	1	1	1	0	0	1	1	0	0
EHM034674|EHA02355_bin.24_gene_232_3	C289	1	1	1	1	1	1	1	1	0	0	0	0	0	0
EHM034674|EHA02355_bin.24_gene_232_4	C289	1	0	1	1	1	1	1	1	1	1	0	1	1	1
EHM034674|EHA02355_bin.24_gene_232_5	C289	1	1	1	1	1	1	0	1	1	1	1	1	1	1
EHM034674|EHA02355_bin.24_gene_232_6	C289	1	1	1	1	1	1	0	1	1	1	1	1	1	1
EHM034674|EHA02355_bin.24_gene_232_8	C289	1	1	1	1	1	1	1	1	1	1	1	1	1	1
EHM034674|EHA02355_bin.24_gene_233_1	C289	1	1	1	1	1	1	1	1	1	1	0	1	1	1
EHM034674|EHA02355_bin.24_gene_233_2	C289	1	1	1	1	0	1	1	1	1	1	0	1	1	1
EHM034674|EHA02355_bin.24_gene_233_3	C289	1	1	1	1	1	1	1	1	1	1	1	1	1	1
EHM034674|EHA02355_bin.24_gene_233_4	C289	1	1	1	1	1	1	0	0	0	0	0	0	0	0
EHM034674|EHA02355_bin.24_gene_233_6	C289	1	1	1	1	1	1	1	1	1	1	1	1	1	1
EHM034674|EHA02355_bin.24_gene_233_7	C289	1	1	1	1	1	1	1	1	1	1	0	1	1	1
EHM034674|EHA02355_bin.24_gene_234_1	C289	1	1	1	1	0	0	0	0	0	0	0	0	0	0
EHM034674|EHA02355_bin.24_gene_234_2	C289	1	1	1	1	0	0	1	0	0	0	0	0	0	0
EHM034674|EHA02355_bin.24_gene_234_3	C289	1	1	1	1	0	0	0	0	0	0	0	0	0	0
EHM034674|EHA02355_bin.24_gene_234_4	C289	1	1	1	1	1	1	1	0	0	0	1	1	0	1
EHM034674|EHA02355_bin.24_gene_236_2	C289	1	1	1	1	1	1	1	1	0	1	1	0	0	0
EHM034674|EHA02355_bin.24_gene_236_3	C289	1	1	1	1	0	1	0	0	0	0	0	0	0	0
EHM034674|EHA02355_bin.24_gene_237_1	C289	1	1	1	1	1	1	1	1	1	1	1	1	1	1
EHM034674|EHA02355_bin.24_gene_237_2	C289	1	1	1	1	0	1	0	0	0	0	1	1	0	1
EHM034674|EHA02355_bin.24_gene_238_2	C289	1	1	1	1	1	1	1	1	1	1	0	1	1	1
EHM034674|EHA02355_bin.24_gene_239_2	C289	1	1	1	1	1	1	1	1	1	1	1	1	1	1
EHM034674|EHA02355_bin.24_gene_240_1	C289	1	1	0	1	0	1	0	0	0	0	1	1	1	0
EHM034674|EHA02355_bin.24_gene_241_3	C289	1	1	1	1	1	1	0	0	0	0	1	0	0	0
EHM034674|EHA02355_bin.24_gene_241_7	C289	1	1	1	1	1	1	1	1	1	1	0	1	0	1
EHM034674|EHA02355_bin.24_gene_241_9	C289	1	1	1	1	1	1	1	1	1	1	1	1	1	1
EHM034674|EHA02355_bin.24_gene_241_10	C289	1	1	1	1	1	1	1	1	1	1	1	1	1	1
EHM034674|EHA02355_bin.24_gene_242_1	C289	1	1	1	1	1	1	1	1	1	1	0	1	0	0
EHM034674|EHA02355_bin.24_gene_242_2	C289	1	1	1	1	0	0	1	1	0	0	0	0	0	0
EHM034674|EHA02355_bin.24_gene_242_3	C289	1	1	1	1	0	1	0	0	0	0	0	0	0	0
EHM034674|EHA02355_bin.24_gene_242_4	C289	1	1	1	1	0	0	0	0	0	0	1	1	0	0
EHM034674|EHA02355_bin.24_gene_244_1	C289	1	0	1	1	1	1	1	1	0	0	0	0	0	0
EHM034674|EHA02355_bin.24_gene_245_1	C289	1	1	1	1	1	1	0	1	1	1	1	1	1	1
EHM034674|EHA02355_bin.24_gene_245_2	C289	1	1	0	1	1	0	1	1	1	1	1	1	1	1
EHM034674|EHA02355_bin.24_gene_245_3	C289	1	1	1	1	1	1	0	1	0	0	1	1	0	0
EHM034674|EHA02355_bin.24_gene_246_1	C289	1	1	1	1	1	1	1	1	1	1	1	1	1	1
EHM034674|EHA02355_bin.24_gene_246_2	C289	1	1	1	1	1	1	0	1	1	1	1	1	1	1
EHM034674|EHA02355_bin.24_gene_246_5	C289	1	1	1	1	1	1	0	1	1	1	0	0	1	1
EHM034674|EHA02355_bin.24_gene_246_6	C289	1	1	1	1	1	1	0	1	1	1	0	0	1	1
EHM034674|EHA02355_bin.24_gene_246_9	C289	1	1	1	1	1	1	1	1	0	1	1	1	1	1
EHM034674|EHA02355_bin.24_gene_246_10	C289	1	1	1	1	1	1	1	1	1	1	1	1	1	1
EHM034674|EHA02355_bin.24_gene_246_11	C289	1	1	1	1	1	1	1	1	1	1	1	1	1	1
EHM034674|EHA02355_bin.24_gene_246_12	C289	1	1	1	1	1	1	0	1	1	1	1	1	1	1
EHM034674|EHA02355_bin.24_gene_247_1	C289	1	1	1	1	1	0	0	1	0	0	0	0	0	0
EHM034674|EHA02355_bin.24_gene_247_2	C289	1	1	1	1	1	1	1	1	1	0	0	1	1	1
EHM034674|EHA02355_bin.24_gene_247_4	C289	1	1	1	1	1	1	1	1	1	1	1	1	1	1
EHM034674|EHA02355_bin.24_gene_247_5	C289	1	1	1	1	1	1	1	1	1	1	1	1	1	1
EHM034674|EHA02355_bin.24_gene_247_6	C289	1	1	1	1	1	1	1	1	1	0	1	1	1	1
EHM034674|EHA02355_bin.24_gene_247_7	C289	1	1	1	1	1	1	0	0	0	0	0	0	0	0
EHM034674|EHA02355_bin.24_gene_248_1	C289	1	1	1	1	1	1	1	1	1	1	1	1	1	1
EHM034674|EHA02355_bin.24_gene_249_1	C289	1	1	1	1	1	1	1	1	1	1	0	0	1	1
EHM034674|EHA02355_bin.24_gene_250_1	C289	1	1	1	1	1	1	1	1	1	1	1	1	1	1
EHM034674|EHA02355_bin.24_gene_250_2	C289	1	1	1	1	0	1	1	1	0	0	0	0	0	1
EHM034674|EHA02355_bin.24_gene_250_3	C289	1	1	1	1	0	0	0	0	0	0	0	0	0	0
EHM034674|EHA02355_bin.24_gene_251_1	C289	1	0	1	1	1	1	0	0	0	0	0	0	0	0
EHM034674|EHA02355_bin.24_gene_251_2	C289	1	1	1	1	1	1	1	1	1	1	1	1	1	1
EHM034674|EHA02355_bin.24_gene_251_3	C289	1	1	1	1	1	1	0	0	0	0	0	0	0	0
EHM034674|EHA02355_bin.24_gene_251_4	C289	1	1	1	1	1	0	0	0	0	0	0	0	0	0
EHM034674|EHA02355_bin.24_gene_251_6	C289	1	1	1	1	1	1	1	1	1	1	1	1	1	1
EHM034674|EHA02355_bin.24_gene_251_7	C289	1	1	1	1	1	1	1	1	1	1	1	1	1	1
EHM034674|EHA02355_bin.24_gene_253_4	C289	1	1	1	1	1	1	1	1	1	1	1	1	1	1
EHM034674|EHA02355_bin.24_gene_253_5	C289	1	1	1	1	1	1	1	1	1	1	0	1	0	1
EHM034674|EHA02355_bin.24_gene_253_6	C289	1	1	1	1	1	1	0	1	0	0	0	1	0	1
EHM034674|EHA02355_bin.24_gene_253_7	C289	1	1	1	1	1	1	0	1	1	1	1	1	1	1
EHM034674|EHA02355_bin.24_gene_253_11	C289	1	1	1	1	1	1	0	1	1	1	1	1	1	1
EHM034674|EHA02355_bin.24_gene_253_13	C289	1	1	1	1	1	1	0	0	1	1	1	1	1	1
EHM034674|EHA02355_bin.24_gene_253_14	C289	1	1	1	1	1	1	1	0	0	0	1	1	0	0
EHM034674|EHA02355_bin.24_gene_253_17	C289	1	1	1	1	0	1	0	0	0	0	1	0	0	0
EHM034674|EHA02355_bin.24_gene_253_24	C289	1	1	1	1	1	1	1	1	1	1	1	1	0	1
EHM034674|EHA02355_bin.24_gene_253_25	C289	1	1	1	1	1	1	1	1	1	1	1	1	0	1
EHM034674|EHA02355_bin.24_gene_253_26	C289	1	1	1	1	1	1	1	0	0	0	1	1	0	1
EHM034674|EHA02355_bin.24_gene_253_27	C289	1	1	1	1	1	1	1	1	1	0	1	1	0	0
EHM034674|EHA02355_bin.24_gene_253_29	C289	1	1	1	1	1	1	0	1	0	0	1	1	0	0
EHM034674|EHA02355_bin.24_gene_253_30	C289	1	1	1	1	1	1	1	1	1	1	1	1	1	1
EHM034674|EHA02355_bin.24_gene_253_31	C289	1	1	1	1	1	1	1	1	1	0	0	1	1	1
EHM034674|EHA02355_bin.24_gene_253_32	C289	1	1	1	1	1	1	1	1	1	0	0	1	1	1
EHM034674|EHA02355_bin.24_gene_253_33	C289	1	1	1	1	0	1	1	1	1	0	0	1	1	1
EHM034674|EHA02355_bin.24_gene_253_34	C289	1	1	1	1	1	1	1	1	1	0	0	0	1	1
EHM034674|EHA02355_bin.24_gene_253_35	C289	1	1	1	1	1	1	1	1	1	0	0	0	1	1
EHM034674|EHA02355_bin.24_gene_253_36	C289	1	1	1	1	1	1	1	1	1	0	0	0	1	1
EHM034674|EHA02355_bin.24_gene_255_2	C289	1	1	1	1	1	1	1	1	1	1	1	1	1	1
EHM034674|EHA02355_bin.24_gene_255_3	C289	1	1	1	1	0	1	1	1	0	0	0	1	0	0
EHM034674|EHA02355_bin.24_gene_255_4	C289	1	1	1	1	1	1	0	1	0	0	0	1	0	0
EHM034674|EHA02355_bin.24_gene_255_5	C289	1	1	1	1	1	1	1	1	1	1	0	1	1	1
EHM034674|EHA02355_bin.24_gene_255_6	C289	1	1	1	1	1	1	1	1	1	1	1	1	1	1
EHM034674|EHA02355_bin.24_gene_255_8	C289	1	1	1	1	1	1	1	0	0	0	0	1	0	0
EHM034674|EHA02355_bin.24_gene_255_9	C289	1	1	1	1	1	1	1	1	0	0	1	0	0	0
EHM034674|EHA02355_bin.24_gene_255_10	C289	1	1	1	1	1	1	1	1	1	1	1	0	1	1
EHM034674|EHA02355_bin.24_gene_255_11	C289	1	1	1	1	1	1	1	1	0	0	1	0	1	0
EHM034674|EHA02355_bin.24_gene_255_12	C289	1	1	1	1	1	1	1	1	0	0	1	0	0	0
EHM034674|EHA02355_bin.24_gene_256_1	C289	1	1	1	1	1	1	1	1	0	0	0	1	0	0
EHM034674|EHA02355_bin.24_gene_256_2	C289	1	1	1	1	1	1	1	1	0	0	1	0	0	0
EHM034674|EHA02355_bin.24_gene_257_1	C289	1	1	1	1	1	1	1	0	0	0	1	1	0	0
EHM034674|EHA02355_bin.24_gene_257_2	C289	1	1	1	1	1	1	1	1	1	1	1	1	1	1
EHM034674|EHA02355_bin.24_gene_257_3	C289	1	1	1	1	1	1	1	1	1	1	1	1	1	1
EHM034674|EHA02355_bin.24_gene_257_4	C289	1	1	1	1	1	1	1	1	1	1	1	1	1	1
EHM034674|EHA02355_bin.24_gene_257_5	C289	1	1	1	1	1	1	0	0	1	1	0	0	1	1
EHM034674|EHA02355_bin.24_gene_257_6	C289	1	1	1	1	1	1	1	1	1	1	1	1	1	1
EHM034674|EHA02355_bin.24_gene_257_7	C289	1	1	1	1	1	1	1	0	1	0	1	1	1	1
EHM034674|EHA02355_bin.24_gene_257_9	C289	1	1	1	1	1	1	1	1	1	1	1	1	1	1
EHM034674|EHA02355_bin.24_gene_257_10	C289	1	1	1	1	1	1	1	1	1	1	0	1	1	1
EHM034674|EHA02355_bin.24_gene_257_11	C289	1	1	1	1	0	0	1	1	1	0	1	1	0	0
EHM034674|EHA02355_bin.24_gene_257_13	C289	1	1	1	1	1	0	1	1	1	1	1	1	1	1
EHM034674|EHA02355_bin.24_gene_258_1	C289	1	1	1	1	1	1	0	0	0	0	1	1	0	0
EHM034674|EHA02355_bin.24_gene_258_2	C289	1	1	1	1	1	1	1	1	1	1	1	1	1	0
EHM034674|EHA02355_bin.24_gene_258_3	C289	1	1	1	1	1	1	0	1	1	1	1	1	1	1
EHM034674|EHA02355_bin.24_gene_258_4	C289	1	1	1	1	1	1	0	1	1	1	1	1	1	1
EHM034674|EHA02355_bin.24_gene_258_5	C289	1	1	1	1	1	1	0	1	1	1	1	1	1	1
EHM034674|EHA02355_bin.24_gene_259_4	C289	1	1	1	1	0	1	0	0	0	0	1	1	0	0
EHM034674|EHA02355_bin.24_gene_261_3	C289	1	1	1	1	1	1	1	1	1	1	1	1	1	1
EHM034674|EHA02355_bin.24_gene_261_4	C289	1	1	1	1	1	1	0	0	1	1	1	1	1	1
EHM034674|EHA02355_bin.24_gene_261_6	C289	1	1	1	1	1	1	1	1	1	1	1	1	1	1
EHM034674|EHA02355_bin.24_gene_261_7	C289	1	1	1	1	1	1	0	1	0	0	1	1	0	0
EHM034674|EHA02355_bin.24_gene_261_8	C289	1	1	1	1	1	1	1	1	1	1	1	1	1	1
EHM034674|EHA02355_bin.24_gene_261_9	C289	1	1	1	1	1	1	1	1	1	1	1	1	1	1
EHM034674|EHA02355_bin.24_gene_262_1	C289	1	1	1	1	1	1	1	1	0	0	1	1	0	0
EHM034674|EHA02355_bin.24_gene_262_6	C289	1	1	1	1	1	1	0	0	0	0	0	0	0	0
EHM034674|EHA02355_bin.24_gene_262_7	C289	1	1	1	1	1	1	1	1	1	1	0	0	1	1
EHM034674|EHA02355_bin.24_gene_262_11	C289	1	1	1	1	1	1	1	1	1	0	1	1	0	0
EHM034674|EHA02355_bin.24_gene_262_14	C289	1	1	1	1	0	1	1	1	0	0	0	1	1	0
EHM034674|EHA02355_bin.24_gene_262_15	C289	1	1	1	1	1	1	1	1	1	1	1	1	1	1
EHM034674|EHA02355_bin.24_gene_263_1	C289	1	1	1	1	0	1	1	1	1	1	1	1	1	1
EHM034674|EHA02355_bin.24_gene_263_2	C289	1	1	1	1	0	1	0	0	0	1	1	1	0	0
EHM034674|EHA02355_bin.24_gene_263_3	C289	1	1	1	1	1	1	1	1	1	1	1	1	1	1
EHM034674|EHA02355_bin.24_gene_263_5	C289	1	1	1	1	1	1	1	1	1	1	1	1	1	1
EHM034674|EHA02355_bin.24_gene_263_6	C289	1	1	1	1	1	0	1	0	0	0	0	0	0	0
EHM034674|EHA02355_bin.24_gene_265_1	C289	1	1	1	1	1	1	0	0	0	0	1	0	0	0
EHM034674|EHA02355_bin.24_gene_265_2	C289	1	1	1	1	1	1	0	0	0	0	1	0	0	0
EHM034674|EHA02355_bin.24_gene_265_3	C289	1	1	1	1	1	1	0	0	0	0	1	0	0	0
EHM034674|EHA02355_bin.24_gene_266_2	C289	1	1	1	1	1	1	1	1	1	1	1	1	1	1
EHM034674|EHA02355_bin.24_gene_266_3	C289	1	1	1	1	1	1	1	1	1	1	1	1	1	1
EHM034674|EHA02355_bin.24_gene_266_4	C289	1	1	1	1	1	1	1	1	1	1	1	1	1	1
EHM034674|EHA02355_bin.24_gene_266_5	C289	1	1	1	1	1	1	0	1	1	1	0	1	1	1
EHM034674|EHA02355_bin.24_gene_267_1	C289	1	1	1	1	1	1	0	0	0	0	0	0	0	0
EHM034674|EHA02355_bin.24_gene_267_3	C289	1	1	1	1	1	0	0	1	0	0	1	1	0	1
EHM034674|EHA02355_bin.24_gene_270_1	C289	1	1	1	1	1	1	1	1	1	1	0	1	1	1
EHM034674|EHA02355_bin.24_gene_270_2	C289	1	1	1	1	1	1	1	1	1	1	1	1	1	1
EHM034674|EHA02355_bin.24_gene_270_3	C289	1	1	1	1	1	1	1	1	1	1	1	1	1	1
EHM034674|EHA02355_bin.24_gene_270_4	C289	1	1	1	1	1	1	1	1	1	1	1	1	1	1
EHM034674|EHA02355_bin.24_gene_270_5	C289	1	1	1	1	1	1	1	1	1	1	1	0	1	1
EHM034674|EHA02355_bin.24_gene_271_1	C289	1	1	1	1	1	1	0	1	1	1	1	1	1	1
EHM034674|EHA02355_bin.24_gene_271_2	C289	1	1	1	1	1	1	1	1	1	1	1	1	1	1
EHM034674|EHA02355_bin.24_gene_271_3	C289	1	1	1	1	1	1	1	1	1	1	1	1	1	1
EHM034674|EHA02355_bin.24_gene_271_4	C289	1	1	1	1	1	1	0	1	1	1	1	1	1	1
EHM034674|EHA02355_bin.24_gene_271_5	C289	1	1	1	1	1	1	0	1	1	1	1	1	1	1
EHM034674|EHA02355_bin.24_gene_271_6	C289	1	1	1	1	0	0	0	0	0	0	0	0	0	0
EHM034674|EHA02355_bin.24_gene_271_7	C289	1	1	1	1	1	1	1	1	1	0	1	0	1	1
EHM034674|EHA02355_bin.24_gene_271_9	C289	1	1	1	1	1	1	0	0	0	0	1	1	0	0
EHM034674|EHA02355_bin.24_gene_271_10	C289	1	1	1	1	1	1	0	0	0	0	0	0	0	0
EHM034674|EHA02355_bin.24_gene_271_12	C289	1	1	1	1	1	1	1	1	1	1	1	1	1	1
EHM034674|EHA02355_bin.24_gene_271_13	C289	1	1	1	1	1	1	0	0	0	0	0	1	1	1
EHM034674|EHA02355_bin.24_gene_274_3	C289	1	1	1	1	0	0	0	1	0	0	0	0	0	0
EHM034674|EHA02355_bin.24_gene_275_5	C289	1	0	0	1	0	0	0	0	0	0	0	0	0	0
EHM034674|EHA02355_bin.24_gene_275_6	C289	1	1	0	1	0	0	0	0	1	1	0	0	0	0
EHM034674|EHA02355_bin.24_gene_275_7	C289	1	1	1	1	1	1	1	1	1	1	1	0	1	1
EHM034674|EHA02355_bin.24_gene_275_8	C289	1	1	1	1	1	1	1	1	1	1	1	1	1	1
EHM034674|EHA02355_bin.24_gene_275_9	C289	1	1	1	1	1	1	1	1	1	1	0	1	1	1
EHM034674|EHA02355_bin.24_gene_275_10	C289	1	1	1	1	1	1	1	0	0	0	1	1	0	0
EHM034674|EHA02355_bin.24_gene_275_11	C289	1	1	1	1	0	0	0	0	0	0	0	0	0	0
EHM034674|EHA02355_bin.24_gene_276_2	C289	1	1	1	1	1	1	1	1	1	1	1	1	1	1
EHM034674|EHA02355_bin.24_gene_276_3	C289	1	1	1	1	1	1	1	1	1	1	1	1	1	1
EHM034674|EHA02355_bin.24_gene_276_4	C289	1	1	1	1	1	1	0	1	0	0	0	0	0	0
EHM034674|EHA02355_bin.24_gene_277_1	C289	1	1	1	1	1	1	1	1	1	1	0	1	0	0
EHM034674|EHA02355_bin.24_gene_277_2	C289	1	1	1	1	1	1	1	1	1	1	0	1	1	1
EHM034674|EHA02355_bin.24_gene_277_3	C289	1	1	1	1	1	1	0	1	1	1	1	1	1	1
EHM034674|EHA02355_bin.24_gene_278_1	C289	1	1	1	1	1	1	0	1	1	1	0	1	1	1
EHM034674|EHA02355_bin.24_gene_278_2	C289	1	1	1	1	1	1	1	0	0	0	0	1	1	0
EHM034674|EHA02355_bin.24_gene_279_1	C289	1	1	1	1	1	1	1	1	0	0	0	1	0	0
EHM034674|EHA02355_bin.24_gene_279_2	C289	1	1	1	1	0	0	1	0	0	0	1	1	0	0
EHM034674|EHA02355_bin.24_gene_279_3	C289	1	1	1	1	1	1	1	1	0	0	1	1	0	0
EHM034674|EHA02355_bin.24_gene_279_4	C289	1	1	1	1	1	1	1	1	1	1	1	0	1	1
EHM034674|EHA02355_bin.24_gene_279_5	C289	1	1	1	1	0	1	0	1	0	1	1	0	1	1
EHM034674|EHA02355_bin.24_gene_280_2	C289	1	1	1	1	1	1	0	1	1	1	0	1	1	1
EHM034674|EHA02355_bin.24_gene_280_3	C289	1	1	1	1	1	1	1	1	1	1	0	0	1	1
EHM034674|EHA02355_bin.24_gene_280_4	C289	1	1	1	1	1	1	0	0	0	0	1	0	0	0
EHM034674|EHA02355_bin.24_gene_281_2	C289	1	1	1	1	0	1	1	1	1	1	1	1	1	1
EHM034674|EHA02355_bin.24_gene_281_3	C289	1	1	1	1	0	1	1	1	1	1	1	1	1	1
EHM034674|EHA02355_bin.24_gene_281_4	C289	1	1	1	1	0	1	1	1	1	1	0	1	0	1
EHM034674|EHA02355_bin.24_gene_282_2	C289	1	1	1	1	1	0	1	1	1	1	0	1	1	1
EHM034674|EHA02355_bin.24_gene_282_3	C289	1	1	1	1	1	1	1	1	1	1	0	1	1	1
EHM034674|EHA02355_bin.24_gene_282_4	C289	1	1	1	1	1	1	1	1	1	1	0	1	1	1
EHM034674|EHA02355_bin.24_gene_282_5	C289	1	1	1	1	1	0	0	0	0	0	0	0	0	0
EHM034674|EHA02355_bin.24_gene_282_6	C289	1	1	1	1	1	1	1	1	0	0	1	1	1	1
EHM034674|EHA02355_bin.24_gene_282_7	C289	1	1	1	1	1	1	1	0	0	0	1	1	0	1
EHM034674|EHA02355_bin.24_gene_282_8	C289	1	1	1	1	1	1	1	0	1	1	1	1	1	1
EHM034674|EHA02355_bin.24_gene_283_1	C289	1	1	1	1	1	1	0	1	0	0	0	1	0	0
EHM034674|EHA02355_bin.24_gene_283_2	C289	1	1	1	1	1	1	1	1	1	1	0	1	1	1
EHM034674|EHA02355_bin.24_gene_283_3	C289	1	1	1	1	0	1	0	0	0	0	0	1	0	0
EHM034674|EHA02355_bin.24_gene_284_1	C289	1	1	1	1	0	1	1	1	1	1	1	0	1	1
EHM034674|EHA02355_bin.24_gene_284_2	C289	1	1	1	1	1	1	0	1	1	0	0	1	0	1
EHM034674|EHA02355_bin.24_gene_284_3	C289	1	1	1	1	1	1	0	0	0	0	0	0	0	0
EHM034674|EHA02355_bin.24_gene_285_2	C289	1	1	1	1	1	1	0	1	1	1	1	1	1	1
EHM034674|EHA02355_bin.24_gene_285_3	C289	1	1	1	1	1	1	1	1	0	0	1	1	0	0
EHM034674|EHA02355_bin.24_gene_286_5	C289	1	1	1	1	1	1	0	1	1	0	1	0	1	1
EHM034674|EHA02355_bin.24_gene_286_6	C289	1	1	1	1	1	1	0	1	1	1	1	0	1	1
EHM034674|EHA02355_bin.24_gene_286_10	C289	1	1	1	1	0	0	1	0	0	0	1	0	0	0
EHM034674|EHA02355_bin.24_gene_286_11	C289	1	1	1	1	0	0	1	0	0	0	0	0	0	0
EHM034674|EHA02355_bin.24_gene_287_4	C289	1	1	1	1	1	1	1	0	0	0	1	1	0	0
EHM034674|EHA02355_bin.24_gene_289_3	C289	1	1	1	1	1	1	0	1	1	0	0	1	0	0
EHM034674|EHA02355_bin.24_gene_289_5	C289	1	1	1	1	1	1	1	1	1	1	0	1	1	1
EHM034674|EHA02355_bin.24_gene_289_6	C289	1	1	1	1	1	1	1	1	1	1	1	1	1	1
EHM034674|EHA02355_bin.24_gene_289_7	C289	1	1	1	1	1	1	0	0	0	0	0	0	0	0
EHM034674|EHA02355_bin.24_gene_290_1	C289	1	1	1	1	1	1	0	0	0	0	1	0	0	0
EHM034674|EHA02355_bin.24_gene_290_2	C289	1	1	1	1	1	1	1	1	1	1	1	1	1	1
EHM034674|EHA02355_bin.24_gene_290_3	C289	1	1	1	1	1	1	1	0	0	0	1	1	0	0
EHM034674|EHA02355_bin.24_gene_290_4	C289	1	1	1	1	1	1	1	1	1	1	1	1	1	1
EHM034674|EHA02355_bin.24_gene_291_2	C289	1	1	1	1	1	0	0	0	0	0	0	0	1	0
EHM034674|EHA02355_bin.24_gene_292_1	C289	1	1	1	1	1	1	1	1	1	1	0	0	1	1
EHM034674|EHA02355_bin.24_gene_292_2	C289	1	1	1	1	1	1	1	1	1	1	0	0	1	1
EHM034674|EHA02355_bin.24_gene_293_1	C289	1	1	1	1	1	1	1	0	0	1	1	0	1	1
EHM034674|EHA02355_bin.24_gene_293_3	C289	1	1	1	1	1	1	1	1	0	1	1	1	1	1
EHM034674|EHA02355_bin.24_gene_294_1	C289	1	1	1	1	1	0	1	0	1	0	0	0	0	0
EHM034674|EHA02355_bin.24_gene_294_2	C289	1	1	1	1	1	1	0	0	0	0	1	1	1	1
EHM034674|EHA02355_bin.24_gene_294_3	C289	1	1	1	1	0	1	0	0	0	0	0	0	0	0
EHM034674|EHA02355_bin.24_gene_295_2	C289	1	1	1	1	1	1	1	1	1	0	1	0	0	1
EHM034674|EHA02355_bin.24_gene_295_7	C289	1	1	1	1	1	1	0	1	1	1	0	1	1	1
EHM034674|EHA02355_bin.24_gene_295_8	C289	1	1	1	1	1	1	1	0	0	0	1	1	1	1
EHM034674|EHA02355_bin.24_gene_295_9	C289	1	1	1	1	1	1	1	1	0	1	1	1	1	0
EHM034674|EHA02355_bin.24_gene_295_10	C289	1	1	1	1	1	0	1	1	1	1	1	1	1	1
EHM034674|EHA02355_bin.24_gene_295_11	C289	1	1	1	1	1	1	1	1	1	1	0	1	1	1
EHM034674|EHA02355_bin.24_gene_296_1	C289	1	1	1	1	0	0	1	1	1	1	0	0	0	1
EHM034674|EHA02355_bin.24_gene_296_2	C289	1	1	1	1	0	1	0	1	0	1	0	0	0	1
EHM034674|EHA02355_bin.24_gene_296_3	C289	1	1	1	1	0	1	1	1	1	1	1	0	0	1
EHM034674|EHA02355_bin.24_gene_296_4	C289	1	1	1	1	1	1	1	1	1	1	0	1	0	1
EHM034674|EHA02355_bin.24_gene_296_5	C289	1	1	1	1	1	1	1	0	0	0	1	1	0	1
EHM034674|EHA02355_bin.24_gene_296_7	C289	1	1	1	1	1	1	1	0	0	1	1	0	0	0
EHM034674|EHA02355_bin.24_gene_296_9	C289	1	1	1	1	1	1	0	1	1	1	1	1	1	1
EHM034674|EHA02355_bin.24_gene_296_10	C289	1	1	1	1	1	1	1	1	1	1	0	1	1	0
EHM034674|EHA02355_bin.24_gene_296_11	C289	1	1	1	1	1	1	0	0	0	0	0	1	0	0
EHM034674|EHA02355_bin.24_gene_296_12	C289	1	1	1	1	1	1	1	1	1	1	0	1	1	1
EHM034674|EHA02355_bin.24_gene_296_13	C289	1	1	1	1	1	1	1	1	0	1	0	0	1	1
EHM034674|EHA02355_bin.24_gene_296_14	C289	1	1	1	1	0	1	0	0	0	0	0	0	0	0
EHM034674|EHA02355_bin.24_gene_296_15	C289	1	1	1	1	1	1	0	0	0	0	1	0	0	0
EHM034674|EHA02355_bin.24_gene_297_2	C289	1	1	1	1	1	1	1	1	1	1	1	1	1	1
EHM034674|EHA02355_bin.24_gene_298_1	C289	1	1	1	1	1	1	1	1	1	1	1	1	1	1
EHM034674|EHA02355_bin.24_gene_298_2	C289	1	1	1	1	1	1	1	1	1	1	1	1	1	1
EHM034674|EHA02355_bin.24_gene_298_3	C289	1	1	1	1	1	1	1	1	1	1	1	1	0	1
EHM034674|EHA02355_bin.24_gene_300_1	C289	1	1	1	1	1	1	0	1	1	1	1	1	1	1
EHM034674|EHA02355_bin.24_gene_300_2	C289	1	1	1	1	1	1	1	1	1	1	1	1	1	1
EHM034674|EHA02355_bin.24_gene_300_3	C289	1	1	1	1	1	1	1	1	1	1	1	1	1	1
EHM034674|EHA02355_bin.24_gene_301_1	C289	1	1	1	1	0	0	0	1	0	0	1	1	0	0
EHM034674|EHA02355_bin.24_gene_301_2	C289	1	1	1	1	1	1	1	0	1	0	1	1	1	0
EHM034674|EHA02355_bin.24_gene_301_5	C289	1	1	1	1	1	1	1	1	1	1	1	1	1	1
EHM034674|EHA02355_bin.24_gene_301_7	C289	1	1	1	1	1	1	1	1	1	1	1	0	1	1
EHM034674|EHA02355_bin.24_gene_303_1	C289	1	1	1	1	1	1	0	1	0	0	0	1	0	0
EHM034674|EHA02355_bin.24_gene_303_2	C289	1	1	1	1	1	1	0	0	0	0	1	1	0	0
EHM034674|EHA02355_bin.24_gene_303_3	C289	1	1	1	1	0	0	0	0	0	0	0	0	0	0
EHM034674|EHA02355_bin.24_gene_303_4	C289	1	1	1	1	1	1	0	0	0	0	0	0	0	0
EHM034674|EHA02355_bin.24_gene_303_5	C289	1	1	1	1	1	1	1	1	0	0	0	1	0	0
EHM034674|EHA02355_bin.24_gene_304_1	C289	1	1	1	1	1	1	0	1	1	1	1	0	1	1
EHM034674|EHA02355_bin.24_gene_306_1	C289	1	1	1	1	1	1	1	1	1	1	0	0	1	1
EHM034674|EHA02355_bin.24_gene_306_2	C289	1	1	1	1	1	0	0	0	0	0	0	0	0	0
EHM034674|EHA02355_bin.24_gene_308_1	C289	1	1	1	1	1	1	1	1	1	1	0	0	1	1
EHM034674|EHA02355_bin.24_gene_308_3	C289	1	1	1	1	1	0	1	0	0	0	1	1	0	0
EHM034674|EHA02355_bin.24_gene_308_4	C289	1	1	1	1	0	0	0	1	0	0	0	1	0	0
EHM034674|EHA02355_bin.24_gene_308_5	C289	1	1	1	1	1	1	1	1	1	1	1	1	1	1
EHM034674|EHA02355_bin.24_gene_308_6	C289	1	0	1	1	1	1	0	1	1	0	0	1	0	1
EHM034674|EHA02355_bin.24_gene_308_9	C289	1	0	1	1	1	0	0	1	0	0	0	0	0	1
EHM034674|EHA02355_bin.24_gene_308_11	C289	1	1	1	1	1	1	1	1	1	1	0	0	0	1
EHM034674|EHA02355_bin.24_gene_308_14	C289	1	1	1	1	1	1	1	1	0	1	1	0	0	0
EHM034674|EHA02355_bin.24_gene_308_15	C289	1	1	1	1	0	0	0	0	0	0	0	0	0	0
EHM034674|EHA02355_bin.24_gene_308_23	C289	1	1	1	1	1	1	1	1	0	0	1	1	0	1
EHM034674|EHA02355_bin.24_gene_308_25	C289	1	1	1	1	1	1	0	1	1	1	0	1	1	1
EHM034674|EHA02355_bin.24_gene_309_3	C289	1	1	1	1	1	1	0	0	0	0	0	0	0	0
EHM034674|EHA02355_bin.24_gene_309_5	C289	1	1	1	1	1	0	0	0	1	1	0	1	0	1
EHM034674|EHA02355_bin.24_gene_310_1	C289	1	1	1	1	1	0	1	1	1	1	0	0	0	1
EHM034674|EHA02355_bin.24_gene_310_2	C289	1	1	1	1	1	1	1	1	1	1	1	1	0	1
EHM034674|EHA02355_bin.24_gene_310_3	C289	1	1	1	1	1	1	1	1	1	1	1	1	1	1
EHM034674|EHA02355_bin.24_gene_310_4	C289	1	1	1	1	0	1	0	1	1	1	1	1	1	1
EHM034674|EHA02355_bin.24_gene_310_5	C289	1	1	1	1	1	0	1	1	0	0	1	1	0	0
EHM034674|EHA02355_bin.24_gene_311_3	C289	1	1	1	1	1	1	1	1	1	1	1	1	1	1
EHM034674|EHA02355_bin.24_gene_311_9	C289	1	1	1	1	1	0	1	0	1	1	0	0	0	1
EHM034674|EHA02355_bin.24_gene_312_1	C289	1	1	1	1	1	1	1	1	1	1	1	1	1	1
EHM034674|EHA02355_bin.24_gene_312_2	C289	1	1	1	1	1	1	1	1	1	1	1	1	1	1
EHM034674|EHA02355_bin.24_gene_312_3	C289	1	1	1	1	1	1	1	1	1	1	1	1	1	1
EHM034674|EHA02355_bin.24_gene_312_4	C289	1	1	1	1	1	1	1	1	1	1	1	1	1	1
EHM034674|EHA02355_bin.24_gene_312_7	C289	1	1	1	1	0	1	0	0	0	0	0	0	0	0
EHM034674|EHA02355_bin.24_gene_312_12	C289	1	1	1	1	1	1	1	1	1	1	1	1	1	1
EHM034674|EHA02355_bin.24_gene_312_13	C289	1	1	1	1	1	1	1	1	1	1	1	1	1	0
EHM034674|EHA02355_bin.24_gene_312_14	C289	1	1	1	1	1	1	1	1	1	1	1	1	1	1
EHM034674|EHA02355_bin.24_gene_312_15	C289	1	1	1	1	0	0	0	0	0	0	0	0	0	0
EHM034674|EHA02355_bin.24_gene_312_16	C289	1	1	1	1	1	0	0	0	0	0	0	0	0	0
EHM034674|EHA02355_bin.24_gene_312_19	C289	1	1	1	1	1	1	1	1	1	1	1	1	1	1
EHM034674|EHA02355_bin.24_gene_312_20	C289	1	1	1	1	1	1	1	1	1	1	1	1	1	1
EHM034674|EHA02355_bin.24_gene_312_22	C289	1	1	1	1	1	1	1	1	1	1	1	1	0	0
EHM034674|EHA02355_bin.24_gene_312_24	C289	1	1	1	1	1	1	1	1	0	0	1	1	0	1
EHM034674|EHA02355_bin.24_gene_312_26	C289	1	1	0	1	0	1	0	0	0	0	0	0	0	0
EHM034674|EHA02355_bin.24_gene_313_2	C289	1	0	1	1	1	1	1	1	0	0	0	1	0	0
EHM034674|EHA02355_bin.24_gene_313_3	C289	1	0	1	1	1	1	1	1	1	1	0	1	1	1
EHM034674|EHA02355_bin.24_gene_313_4	C289	1	0	1	1	1	1	1	1	0	0	0	1	0	0
EHM034674|EHA02355_bin.24_gene_313_5	C289	1	0	1	1	1	1	1	1	1	1	1	1	1	1
EHM034674|EHA02355_bin.24_gene_314_1	C289	1	1	1	1	1	1	1	1	1	1	0	1	1	1
EHM034674|EHA02355_bin.24_gene_314_2	C289	1	1	1	1	1	1	1	1	1	1	1	1	1	1
EHM034674|EHA02355_bin.24_gene_314_3	C289	1	1	1	1	1	1	1	0	0	0	0	0	0	0
EHM034674|EHA02355_bin.24_gene_315_1	C289	1	1	1	1	1	1	1	1	1	1	1	1	1	1
EHM034674|EHA02355_bin.24_gene_315_2	C289	1	1	1	1	1	1	1	1	0	0	0	1	0	0
EHM034674|EHA02355_bin.24_gene_315_4	C289	1	1	1	1	1	1	0	1	1	1	1	1	1	1
EHM034674|EHA02355_bin.24_gene_315_7	C289	1	1	1	1	1	1	1	1	1	1	0	1	1	1
EHM034674|EHA02355_bin.24_gene_315_8	C289	1	1	1	1	1	1	1	1	1	1	0	1	1	1
EHM034674|EHA02355_bin.24_gene_315_9	C289	1	1	1	1	1	0	1	0	1	1	1	1	0	1
EHM034674|EHA02355_bin.24_gene_315_13	C289	1	1	1	1	1	1	1	0	1	1	1	0	1	1
EHM034674|EHA02355_bin.24_gene_316_4	C289	1	1	1	1	1	1	1	1	1	1	1	1	1	1
EHM034674|EHA02355_bin.24_gene_316_5	C289	1	1	1	1	1	1	1	1	0	0	1	1	0	0
EHM034674|EHA02355_bin.24_gene_317_1	C289	1	1	1	1	0	0	0	0	0	0	1	1	0	0
EHM034674|EHA02355_bin.24_gene_317_2	C289	1	1	1	1	1	0	1	0	0	0	1	0	0	0
EHM034674|EHA02355_bin.24_gene_317_3	C289	1	1	1	1	1	1	0	0	0	0	1	1	0	0
EHM034674|EHA02355_bin.24_gene_318_3	C289	1	1	1	1	1	1	1	1	1	1	1	0	1	1
EHM034674|EHA02355_bin.24_gene_318_4	C289	1	1	1	1	1	1	1	1	1	0	1	1	0	0
EHM034674|EHA02355_bin.24_gene_318_5	C289	1	1	1	1	1	1	1	0	0	0	1	1	1	1
EHM034674|EHA02355_bin.24_gene_318_6	C289	1	1	1	1	0	1	0	0	0	0	0	0	0	0
EHM034674|EHA02355_bin.24_gene_319_1	C289	1	1	1	1	1	1	1	1	1	1	1	1	1	1
EHM034674|EHA02355_bin.24_gene_320_1	C289	1	1	0	1	0	0	0	0	0	0	0	0	0	0
EHM034674|EHA02355_bin.24_gene_320_2	C289	1	1	0	1	0	1	0	0	0	0	1	0	0	0
EHM034674|EHA02355_bin.24_gene_320_3	C289	1	0	0	1	0	1	0	0	0	0	0	0	0	0
EHM034674|EHA02355_bin.24_gene_320_4	C289	1	1	1	1	0	1	0	0	1	1	1	1	0	0
EHM034674|EHA02355_bin.24_gene_320_6	C289	1	1	1	1	0	0	0	0	0	0	0	0	0	0
EHM034674|EHA02355_bin.24_gene_321_2	C289	1	1	1	1	1	1	0	1	1	0	0	0	0	1
EHM034674|EHA02355_bin.24_gene_321_3	C289	1	1	1	1	1	1	0	0	1	0	1	1	0	1
EHM034674|EHA02355_bin.24_gene_321_4	C289	1	1	1	1	1	1	0	1	1	1	1	1	1	1
EHM034674|EHA02355_bin.24_gene_321_5	C289	1	1	1	1	1	1	1	1	1	1	1	1	1	1
EHM034674|EHA02355_bin.24_gene_321_6	C289	1	1	1	1	1	1	1	1	1	1	1	1	1	1
EHM034674|EHA02355_bin.24_gene_321_7	C289	1	1	1	1	0	1	0	0	0	0	0	0	0	0
EHM034674|EHA02355_bin.24_gene_321_8	C289	1	1	1	1	0	1	1	1	1	1	0	1	1	1
EHM034674|EHA02355_bin.24_gene_321_9	C289	1	1	1	1	0	1	1	1	1	0	0	1	1	1
EHM034674|EHA02355_bin.24_gene_321_11	C289	1	1	1	1	0	1	0	1	1	1	0	1	1	1
EHM034674|EHA02355_bin.24_gene_323_2	C289	1	1	1	1	1	1	0	0	0	0	1	0	0	0
EHM034674|EHA02355_bin.24_gene_323_3	C289	1	1	1	1	1	1	0	0	0	0	1	0	0	0
EHM034674|EHA02355_bin.24_gene_323_5	C289	1	1	1	1	0	0	1	0	0	0	0	0	0	0
EHM034674|EHA02355_bin.24_gene_323_8	C289	1	1	1	1	0	1	1	0	0	0	0	0	0	0
EHM034674|EHA02355_bin.24_gene_323_9	C289	1	1	1	1	1	1	0	1	1	1	1	1	1	1
EHM034674|EHA02355_bin.24_gene_323_10	C289	1	1	1	1	1	1	1	1	1	1	0	0	1	1
EHM034674|EHA02355_bin.24_gene_323_11	C289	1	1	1	1	1	1	0	1	1	1	0	0	1	0
EHM034674|EHA02355_bin.24_gene_325_1	C289	1	1	1	1	1	1	1	0	0	0	1	0	0	0
EHM034674|EHA02355_bin.24_gene_325_2	C289	1	1	1	1	1	1	1	0	0	0	1	1	0	0
EHM034674|EHA02355_bin.24_gene_325_3	C289	1	1	1	1	1	1	1	1	1	1	1	1	1	1
EHM034674|EHA02355_bin.24_gene_325_4	C289	1	1	1	1	1	1	1	1	0	0	1	1	0	0
EHM034674|EHA02355_bin.24_gene_326_1	C289	1	1	1	1	1	1	1	0	0	0	0	0	0	0
EHM034674|EHA02355_bin.24_gene_326_2	C289	1	1	1	1	1	1	0	0	0	0	0	0	0	0
EHM034674|EHA02355_bin.24_gene_326_3	C289	1	1	1	1	1	1	1	1	1	1	1	1	1	1
EHM034674|EHA02355_bin.24_gene_326_4	C289	1	1	1	1	1	1	1	1	0	0	1	1	0	0
EHM034674|EHA02355_bin.24_gene_326_5	C289	1	1	1	1	1	1	1	1	1	1	1	1	1	1
EHM034674|EHA02355_bin.24_gene_326_6	C289	1	1	1	1	1	1	0	1	0	0	1	1	0	0
EHM034674|EHA02355_bin.24_gene_326_7	C289	1	1	1	1	1	1	1	1	1	1	1	1	1	1
EHM034674|EHA02355_bin.24_gene_326_8	C289	1	1	1	1	1	1	1	1	1	1	1	1	1	1
EHM034674|EHA02355_bin.24_gene_327_1	C289	1	1	1	1	0	1	0	0	0	0	0	0	0	0
EHM034674|EHA02355_bin.24_gene_327_2	C289	1	1	1	1	0	1	0	0	0	0	0	0	1	0
EHM034674|EHA02355_bin.24_gene_330_2	C289	1	1	1	1	1	1	1	1	1	1	0	1	0	1
EHM034674|EHA02355_bin.24_gene_331_2	C289	1	1	1	1	1	1	1	0	0	0	1	1	0	0
EHM034674|EHA02355_bin.24_gene_332_1	C289	1	1	1	1	1	1	0	1	1	1	1	1	1	0
EHM034674|EHA02355_bin.24_gene_332_2	C289	1	1	1	1	1	1	1	1	0	1	1	1	1	1
EHM034674|EHA02355_bin.24_gene_332_3	C289	1	1	1	1	1	0	1	1	0	0	0	0	0	0
EHM034674|EHA02355_bin.24_gene_333_1	C289	1	1	1	1	1	1	1	1	0	0	0	1	1	0
EHM034674|EHA02355_bin.24_gene_334_2	C289	1	1	1	1	1	1	0	1	1	1	1	1	1	1
EHM034674|EHA02355_bin.24_gene_334_3	C289	1	1	1	1	1	1	0	1	1	1	1	1	1	1
EHM034674|EHA02355_bin.24_gene_334_4	C289	1	1	1	1	1	1	1	1	1	1	1	1	1	1
EHM034674|EHA02355_bin.24_gene_334_5	C289	1	1	1	1	1	1	1	0	1	1	1	1	1	1
EHM034674|EHA02355_bin.24_gene_335_1	C289	1	1	1	1	1	1	1	1	1	1	1	1	1	1
EHM034674|EHA02355_bin.24_gene_335_2	C289	1	1	1	1	1	1	1	1	1	1	1	1	1	1
EHM034674|EHA02355_bin.24_gene_336_1	C289	1	1	1	1	1	1	1	1	1	1	0	0	1	1
EHM034674|EHA02355_bin.24_gene_336_2	C289	1	1	1	1	1	1	1	1	1	1	0	0	1	1
EHM034674|EHA02355_bin.24_gene_336_3	C289	1	1	1	1	1	1	1	1	1	1	0	0	1	1
EHM034674|EHA02355_bin.24_gene_336_4	C289	1	1	1	1	1	1	1	1	1	1	1	0	1	1
EHM034674|EHA02355_bin.24_gene_336_5	C289	1	1	1	1	1	1	1	1	1	1	1	0	1	1
EHM034674|EHA02355_bin.24_gene_336_6	C289	1	1	1	1	1	1	1	1	1	1	1	0	1	1
EHM034674|EHA02355_bin.24_gene_336_7	C289	1	1	1	1	1	1	1	1	1	1	1	0	1	1
EHM034674|EHA02355_bin.24_gene_336_8	C289	1	1	1	1	1	1	1	1	1	1	1	0	1	1
EHM034674|EHA02355_bin.24_gene_336_9	C289	1	1	1	1	1	1	1	1	1	1	1	0	1	1
EHM034674|EHA02355_bin.24_gene_336_10	C289	1	1	1	1	1	1	1	1	1	1	1	1	1	1
EHM034674|EHA02355_bin.24_gene_336_11	C289	1	1	1	1	1	1	1	1	1	1	1	1	1	1
EHM034674|EHA02355_bin.24_gene_336_12	C289	1	1	1	1	1	1	0	0	0	0	0	1	0	0
EHM034674|EHA02355_bin.24_gene_336_13	C289	1	1	1	1	1	1	1	1	1	1	0	0	1	1
EHM034674|EHA02355_bin.24_gene_338_1	C289	1	1	1	1	0	1	1	1	1	1	0	1	1	1
EHM034674|EHA02355_bin.24_gene_338_2	C289	1	1	1	1	0	0	0	0	0	0	0	0	0	0
EHM034674|EHA02355_bin.24_gene_339_1	C289	1	1	1	1	1	1	1	1	1	1	0	0	1	1
EHM034674|EHA02355_bin.24_gene_339_6	C289	1	0	1	1	1	1	1	0	0	0	0	0	0	0
EHM034674|EHA02355_bin.24_gene_339_7	C289	1	0	1	1	1	1	1	1	1	1	1	0	0	0
EHM034674|EHA02355_bin.24_gene_341_1	C289	1	1	1	1	1	1	1	1	1	0	0	0	1	1
EHM034674|EHA02355_bin.24_gene_341_2	C289	1	1	1	1	1	1	1	1	1	1	0	0	1	1
EHM034674|EHA02355_bin.24_gene_342_3	C289	1	1	1	1	1	1	0	0	0	0	0	0	0	0
EHM034674|EHA02355_bin.24_gene_343_1	C289	1	1	1	1	1	1	0	0	0	0	1	0	0	0
EHM034674|EHA02355_bin.24_gene_344_4	C289	1	1	1	1	0	0	0	0	0	0	0	0	0	0
EHM034674|EHA02355_bin.24_gene_344_6	C289	1	1	1	1	1	1	1	1	1	1	1	1	1	1
EHM034674|EHA02355_bin.24_gene_344_7	C289	1	1	1	1	1	1	1	1	0	1	0	1	1	1
EHM034674|EHA02355_bin.24_gene_344_9	C289	1	1	1	1	1	1	1	1	1	1	1	1	0	0
EHM034674|EHA02355_bin.24_gene_344_15	C289	1	1	1	1	1	0	1	0	0	0	1	1	0	0
EHM034674|EHA02355_bin.24_gene_344_17	C289	1	1	1	1	1	1	1	1	1	1	1	1	1	1
EHM034674|EHA02355_bin.24_gene_345_2	C289	1	1	1	1	1	1	0	1	1	1	1	1	1	1
EHM034674|EHA02355_bin.24_gene_345_3	C289	1	1	1	1	1	1	0	1	1	1	1	1	1	1
EHM034674|EHA02355_bin.24_gene_345_4	C289	1	1	1	1	1	1	1	1	1	1	1	1	0	1
EHM034674|EHA02355_bin.24_gene_345_5	C289	1	1	1	1	1	1	1	1	1	1	1	1	1	1
EHM034674|EHA02355_bin.24_gene_345_6	C289	1	1	1	1	1	1	1	1	1	1	0	1	1	1
EHM034674|EHA02355_bin.24_gene_345_9	C289	1	1	1	1	0	1	0	0	0	0	0	0	0	0
EHM034674|EHA02355_bin.24_gene_345_10	C289	1	1	1	1	1	1	0	1	1	1	0	1	1	1
EHM034674|EHA02355_bin.24_gene_345_11	C289	1	1	1	1	1	1	0	1	1	0	0	1	1	1
EHM034674|EHA02355_bin.24_gene_345_12	C289	1	1	1	1	1	1	0	1	1	0	0	1	1	1
EHM034674|EHA02355_bin.24_gene_345_13	C289	1	1	1	1	1	1	0	1	1	0	0	1	1	1
EHM034674|EHA02355_bin.24_gene_345_14	C289	1	1	1	1	1	1	0	1	1	0	0	1	1	1
EHM034674|EHA02355_bin.24_gene_345_15	C289	1	1	1	1	1	1	0	1	1	0	0	1	1	1
EHM034674|EHA02355_bin.24_gene_345_16	C289	1	1	1	1	1	1	0	1	1	0	0	1	1	1
EHM034674|EHA02355_bin.24_gene_345_17	C289	1	1	1	1	0	1	0	1	1	0	0	1	1	1
EHM034674|EHA02355_bin.24_gene_345_18	C289	1	1	1	1	1	1	0	1	1	1	0	1	1	1
EHM034674|EHA02355_bin.24_gene_345_19	C289	1	1	1	1	1	1	0	1	1	1	0	1	1	1
EHM034674|EHA02355_bin.24_gene_345_20	C289	1	1	1	1	1	1	0	1	1	1	0	1	1	1
EHM034674|EHA02355_bin.24_gene_345_21	C289	1	1	1	1	1	1	0	1	1	1	0	1	1	1
EHM034674|EHA02355_bin.24_gene_345_22	C289	1	1	1	1	1	1	0	1	1	0	0	1	1	1
EHM034674|EHA02355_bin.24_gene_345_24	C289	1	1	1	1	1	1	0	1	1	0	1	1	1	1
EHM034674|EHA02355_bin.24_gene_345_25	C289	1	1	1	1	1	1	1	1	1	0	1	1	0	1
EHM034674|EHA02355_bin.24_gene_345_26	C289	1	1	1	1	1	1	1	1	1	0	0	1	0	1
EHM034674|EHA02355_bin.24_gene_345_27	C289	1	1	1	1	1	1	1	1	1	0	0	1	0	1
EHM034674|EHA02355_bin.24_gene_345_28	C289	1	1	1	1	1	1	1	1	1	0	0	1	0	1
EHM034674|EHA02355_bin.24_gene_345_29	C289	1	1	1	1	1	1	1	1	1	0	0	1	1	1
EHM034674|EHA02355_bin.24_gene_345_30	C289	1	1	1	1	1	1	1	1	1	0	0	1	1	1
EHM034674|EHA02355_bin.24_gene_345_31	C289	1	1	1	1	1	1	1	1	0	1	0	1	1	1
EHM034674|EHA02355_bin.24_gene_345_32	C289	1	1	1	1	1	1	1	1	1	1	0	1	1	1
EHM034674|EHA02355_bin.24_gene_345_33	C289	1	1	1	1	1	1	1	1	1	1	0	1	1	1
EHM034674|EHA02355_bin.24_gene_345_34	C289	1	1	1	1	1	1	1	1	1	1	1	1	1	1
EHM034674|EHA02355_bin.24_gene_346_1	C289	1	1	1	1	1	1	1	1	1	1	1	0	1	1
EHM034674|EHA02355_bin.24_gene_346_3	C289	1	1	1	1	1	1	1	1	1	1	1	1	1	0
EHM034674|EHA02355_bin.24_gene_346_4	C289	1	1	1	1	1	1	1	1	1	1	1	1	0	1
EHM034674|EHA02355_bin.24_gene_347_1	C289	1	1	1	1	1	1	1	1	1	1	1	0	1	1
EHM034674|EHA02355_bin.24_gene_347_3	C289	1	1	1	1	1	1	1	1	1	1	0	1	1	1
EHM034674|EHA02355_bin.24_gene_347_4	C289	1	1	1	1	1	1	0	0	0	0	1	0	0	0
EHM034674|EHA02355_bin.24_gene_347_5	C289	1	1	1	1	1	1	1	1	1	1	1	1	1	1
EHM034674|EHA02355_bin.24_gene_347_6	C289	1	1	1	1	1	0	0	0	0	0	0	0	0	0
EHM034674|EHA02355_bin.24_gene_347_7	C289	1	1	1	1	1	1	1	1	0	0	0	1	0	0
EHM034674|EHA02355_bin.24_gene_347_8	C289	1	1	1	1	1	1	1	1	1	1	0	1	1	1
EHM034674|EHA02355_bin.24_gene_349_1	C289	1	1	1	1	1	1	1	1	1	1	0	1	1	1
EHM034674|EHA02355_bin.24_gene_349_3	C289	1	1	1	1	1	1	0	1	1	1	0	1	1	1
EHM034674|EHA02355_bin.24_gene_349_4	C289	1	1	1	1	1	1	1	1	1	1	1	1	1	1
EHM034674|EHA02355_bin.24_gene_350_3	C289	1	1	1	1	1	1	0	1	1	0	1	0	0	1
EHM034674|EHA02355_bin.24_gene_350_5	C289	1	1	1	1	1	1	0	1	1	1	1	1	1	1
EHM034674|EHA02355_bin.24_gene_350_6	C289	1	1	1	1	1	1	0	1	1	1	1	0	1	1
EHM034674|EHA02355_bin.24_gene_351_1	C289	1	1	1	1	1	1	1	1	1	1	1	1	1	1
EHM034674|EHA02355_bin.24_gene_351_2	C289	1	1	1	1	1	1	1	1	1	1	1	1	0	1
EHM034674|EHA02355_bin.24_gene_351_3	C289	1	1	1	1	1	1	1	1	1	1	1	1	1	1
EHM034674|EHA02355_bin.24_gene_351_4	C289	1	1	1	1	1	1	0	1	1	1	0	1	1	1
EHM034674|EHA02355_bin.24_gene_352_2	C289	1	1	1	1	1	1	1	1	1	1	1	1	1	1
EHM034674|EHA02355_bin.24_gene_352_3	C289	1	1	1	1	1	1	0	1	1	0	0	0	0	1
EHM034674|EHA02355_bin.24_gene_352_4	C289	1	1	1	1	1	1	0	1	1	0	1	1	1	0
EHM034674|EHA02355_bin.24_gene_352_5	C289	1	1	1	1	1	1	1	1	1	1	1	1	1	1
EHM034674|EHA02355_bin.24_gene_352_7	C289	1	1	1	1	1	1	1	1	1	1	1	1	1	1
EHM034674|EHA02355_bin.24_gene_353_5	C289	1	1	1	1	0	1	0	1	1	1	1	1	0	1
EHM034674|EHA02355_bin.24_gene_353_6	C289	1	1	1	1	1	1	1	1	1	1	1	1	1	1
EHM034674|EHA02355_bin.24_gene_353_8	C289	1	1	1	1	1	1	1	1	1	1	1	1	0	1
EHM034674|EHA02355_bin.24_gene_353_10	C289	1	1	1	1	1	1	0	1	1	1	0	1	1	1
EHM034674|EHA02355_bin.24_gene_353_11	C289	1	1	1	1	1	0	1	1	1	1	0	1	1	1
EHM034674|EHA02355_bin.24_gene_353_12	C289	1	1	1	1	1	0	1	1	0	0	1	1	0	0
EHM034674|EHA02355_bin.24_gene_353_13	C289	1	1	1	1	1	0	0	0	0	0	1	1	0	1
EHM034674|EHA02355_bin.24_gene_354_1	C289	1	1	1	1	0	1	0	0	0	0	1	1	0	0
EHM034674|EHA02355_bin.24_gene_355_3	C289	1	0	0	1	0	0	0	0	0	0	0	0	0	0
EHM034674|EHA02355_bin.24_gene_355_4	C289	1	0	0	1	0	0	0	1	1	0	0	0	0	1
EHM034674|EHA02355_bin.24_gene_355_10	C289	1	1	1	1	1	0	0	0	0	0	0	0	0	0
EHM034674|EHA02355_bin.24_gene_355_11	C289	1	1	1	1	1	1	0	1	1	1	1	1	1	1
EHM034674|EHA02355_bin.24_gene_355_13	C289	1	1	1	1	1	1	1	1	1	1	1	0	1	1
EHM034674|EHA02355_bin.24_gene_355_14	C289	1	1	1	1	1	1	0	1	0	0	0	0	0	1
EHM034674|EHA02355_bin.24_gene_355_15	C289	1	1	1	1	1	1	0	1	0	0	1	1	0	0
EHM034674|EHA02355_bin.24_gene_358_2	C289	1	1	1	1	1	1	0	1	1	1	1	1	1	1
EHM034674|EHA02355_bin.24_gene_358_3	C289	1	1	1	1	1	1	1	1	1	1	1	1	1	1
EHM034674|EHA02355_bin.24_gene_358_5	C289	1	1	1	1	1	1	1	1	1	1	1	1	1	1
EHM034674|EHA02355_bin.24_gene_358_7	C289	1	0	1	1	1	0	0	0	0	0	0	0	0	0
EHM034674|EHA02355_bin.24_gene_358_8	C289	1	1	1	1	1	1	1	1	0	0	1	1	0	1
EHM034674|EHA02355_bin.24_gene_358_9	C289	1	1	1	1	1	1	0	1	1	1	1	1	0	1
EHM034674|EHA02355_bin.24_gene_358_10	C289	1	1	1	1	1	1	1	1	1	1	1	1	1	1
EHM034674|EHA02355_bin.24_gene_358_11	C289	1	1	1	1	1	1	1	0	0	0	1	1	1	1
EHM034674|EHA02355_bin.24_gene_358_12	C289	1	1	1	1	1	1	1	1	1	1	1	1	1	1
EHM034674|EHA02355_bin.24_gene_358_13	C289	1	1	1	1	1	1	1	1	1	1	1	1	1	1
EHM034674|EHA02355_bin.24_gene_358_14	C289	1	1	1	1	1	1	1	1	0	0	1	1	1	0
EHM034674|EHA02355_bin.24_gene_358_15	C289	1	1	1	1	1	1	1	1	1	1	1	1	1	1
EHM034674|EHA02355_bin.24_gene_358_16	C289	1	1	1	1	1	1	1	1	1	1	1	1	1	1
EHM034674|EHA02355_bin.24_gene_358_17	C289	1	1	1	1	1	1	1	1	1	1	1	1	1	1
EHM034674|EHA02355_bin.24_gene_359_1	C289	1	1	1	1	1	1	0	1	0	0	1	1	0	1
EHM034674|EHA02355_bin.24_gene_359_2	C289	1	1	1	1	0	0	0	0	0	0	0	0	0	0
EHM034674|EHA02355_bin.24_gene_359_3	C289	1	1	1	1	1	1	1	1	1	1	1	1	1	1
EHM034674|EHA02355_bin.24_gene_359_4	C289	1	1	1	1	0	1	1	1	1	0	0	1	0	1
EHM034674|EHA02355_bin.24_gene_359_11	C289	1	1	1	1	1	1	0	1	1	1	0	1	1	1
EHM034674|EHA02355_bin.24_gene_360_1	C289	1	1	1	1	1	1	1	0	1	0	1	1	1	1
EHM034674|EHA02355_bin.24_gene_360_3	C289	1	1	1	1	1	1	0	1	1	1	1	1	1	1
EHM034674|EHA02355_bin.24_gene_360_4	C289	1	1	1	1	1	1	0	1	0	0	1	1	0	0
EHM034674|EHA02355_bin.24_gene_360_5	C289	1	1	1	1	1	1	1	1	1	1	1	1	1	1
EHM034674|EHA02355_bin.24_gene_360_6	C289	1	1	1	1	1	1	0	0	0	0	1	0	0	1
EHM034674|EHA02355_bin.24_gene_361_1	C289	1	1	1	1	1	0	0	1	0	0	1	1	0	1
EHM034674|EHA02355_bin.24_gene_361_2	C289	1	1	1	1	0	1	0	0	0	0	0	1	0	0
EHM034674|EHA02355_bin.24_gene_361_3	C289	1	1	1	1	1	1	1	1	1	1	1	1	0	1
EHM034674|EHA02355_bin.24_gene_361_4	C289	1	1	1	1	1	1	0	1	1	1	1	1	1	1
EHM034674|EHA02355_bin.24_gene_361_8	C289	1	1	1	1	1	1	1	1	1	1	1	1	1	1
EHM034674|EHA02355_bin.24_gene_362_3	C289	1	1	1	1	1	1	1	0	1	0	0	0	0	0
EHM034674|EHA02355_bin.24_gene_362_4	C289	1	1	1	1	1	1	1	1	1	1	0	1	0	1
EHM034674|EHA02355_bin.24_gene_363_1	C289	1	1	1	1	1	0	0	0	0	0	0	0	0	0
EHM034674|EHA02355_bin.24_gene_363_2	C289	1	1	1	1	1	1	1	1	1	1	1	1	1	1
EHM034674|EHA02355_bin.24_gene_364_1	C289	1	1	1	1	0	1	1	1	1	1	1	1	1	0
EHM034674|EHA02355_bin.24_gene_364_2	C289	1	1	1	1	1	1	1	1	1	1	1	1	1	1
EHM034674|EHA02355_bin.24_gene_364_3	C289	1	1	1	1	1	1	1	1	1	1	1	1	1	1
EHM034674|EHA02355_bin.24_gene_364_4	C289	1	1	1	1	1	1	1	1	1	1	1	1	0	1
EHM034674|EHA02355_bin.24_gene_365_2	C289	1	1	1	1	1	1	0	0	1	0	0	0	1	1
EHM034674|EHA02355_bin.24_gene_365_3	C289	1	1	1	1	1	1	1	1	1	1	1	1	0	1
EHM034674|EHA02355_bin.24_gene_365_4	C289	1	1	1	1	0	1	0	0	0	0	0	0	0	0
EHM034674|EHA02355_bin.24_gene_365_6	C289	1	1	1	1	1	1	1	1	1	1	0	1	1	1
EHM034674|EHA02355_bin.24_gene_365_8	C289	1	1	1	1	1	1	1	1	1	1	1	1	1	1
EHM034674|EHA02355_bin.24_gene_365_9	C289	1	1	1	1	1	1	1	1	0	0	1	1	0	0
EHM034674|EHA02355_bin.24_gene_366_1	C289	1	1	1	1	1	1	1	0	0	0	0	0	0	0
EHM034674|EHA02355_bin.24_gene_366_2	C289	1	1	1	1	1	1	1	1	0	0	1	1	0	0
EHM034674|EHA02355_bin.24_gene_367_1	C289	1	1	1	1	1	1	1	1	1	1	1	1	1	1
EHM034674|EHA02355_bin.24_gene_367_3	C289	1	1	1	1	1	1	1	1	1	1	1	0	0	1
EHM034674|EHA02355_bin.24_gene_367_4	C289	1	1	1	1	0	1	0	0	0	0	1	0	0	0
EHM034674|EHA02355_bin.24_gene_367_5	C289	1	1	1	1	1	1	1	1	1	1	0	1	1	1
EHM034674|EHA02355_bin.24_gene_367_6	C289	1	1	1	1	1	1	1	1	1	1	1	1	1	1
EHM034674|EHA02355_bin.24_gene_367_7	C289	1	1	1	1	1	1	1	1	1	1	1	1	1	1
EHM034674|EHA02355_bin.24_gene_368_1	C289	1	1	1	1	1	1	1	1	1	1	1	1	1	1
EHM034674|EHA02355_bin.24_gene_368_2	C289	1	1	1	1	0	1	1	0	0	1	0	0	1	1
EHM034674|EHA02355_bin.24_gene_369_2	C289	1	1	1	1	0	0	0	0	0	0	0	0	0	0
EHM034674|EHA02355_bin.24_gene_369_5	C289	1	0	0	1	0	1	0	0	0	0	0	0	0	0
EHM034674|EHA02355_bin.24_gene_370_5	C289	1	1	1	1	1	1	1	1	0	1	0	0	0	0
EHM034674|EHA02355_bin.24_gene_370_6	C289	1	1	1	1	1	1	0	0	0	0	0	0	1	0
EHM034674|EHA02355_bin.24_gene_370_7	C289	1	1	1	1	1	1	1	1	1	1	1	0	1	1
EHM034674|EHA02355_bin.24_gene_370_8	C289	1	1	1	1	1	1	0	0	0	0	0	0	0	0
EHM034674|EHA02355_bin.24_gene_370_9	C289	1	1	1	1	1	0	0	0	0	0	1	1	0	0
EHM034674|EHA02355_bin.24_gene_371_1	C289	1	1	1	1	1	1	1	1	1	1	1	1	1	1
EHM034674|EHA02355_bin.24_gene_371_2	C289	1	1	1	1	0	1	0	0	0	0	0	0	0	0
EHM034674|EHA02355_bin.24_gene_371_3	C289	1	1	1	1	1	1	1	1	1	1	1	1	1	1
EHM034674|EHA02355_bin.24_gene_371_4	C289	1	1	1	1	1	1	1	1	1	1	1	1	1	1
EHM034674|EHA02355_bin.24_gene_371_5	C289	1	1	1	1	0	0	0	1	0	0	0	0	0	0
EHM034674|EHA02355_bin.24_gene_371_6	C289	1	1	1	1	1	1	1	1	1	1	0	1	1	1
EHM034674|EHA02355_bin.24_gene_371_7	C289	1	1	1	1	1	1	1	1	0	0	0	1	1	1
EHM034674|EHA02355_bin.24_gene_371_8	C289	1	1	1	1	1	1	1	1	1	1	1	1	1	1
EHM034674|EHA02355_bin.24_gene_373_2	C289	1	1	1	1	0	1	0	1	1	1	1	0	0	0
EHM034674|EHA02355_bin.24_gene_373_3	C289	1	1	1	1	1	1	1	0	1	0	1	0	0	1
EHM034674|EHA02355_bin.24_gene_373_4	C289	1	1	1	1	1	1	1	0	0	1	1	1	0	0
EHM034674|EHA02355_bin.24_gene_373_5	C289	1	1	1	1	1	1	1	0	0	1	1	1	0	1
EHM034674|EHA02355_bin.24_gene_373_6	C289	1	1	1	1	0	0	0	1	0	0	0	1	0	0
EHM034674|EHA02355_bin.24_gene_374_3	C289	1	1	1	1	1	1	1	1	0	0	0	0	0	0
EHM034674|EHA02355_bin.24_gene_374_4	C289	1	1	1	1	1	1	1	1	1	1	1	1	1	1
EHM034674|EHA02355_bin.24_gene_374_5	C289	1	1	1	1	1	1	0	1	1	0	1	1	0	0
EHM034674|EHA02355_bin.24_gene_374_6	C289	1	1	1	1	1	1	1	1	1	1	0	1	1	1
EHM034674|EHA02355_bin.24_gene_374_7	C289	1	1	1	1	1	1	1	1	1	1	1	1	1	1
EHM034674|EHA02355_bin.24_gene_374_8	C289	1	1	1	1	1	1	1	1	1	1	1	1	1	1
EHM034674|EHA02355_bin.24_gene_374_9	C289	1	1	1	1	1	1	1	1	1	1	1	1	1	1
EHM034674|EHA02355_bin.24_gene_374_10	C289	1	1	1	1	1	1	1	0	1	1	0	0	0	1
EHM034674|EHA02355_bin.24_gene_374_11	C289	1	1	1	1	0	0	0	0	0	0	0	0	0	0
EHM034674|EHA02355_bin.24_gene_374_12	C289	1	1	1	1	1	1	0	1	1	1	1	1	1	1
EHM034674|EHA02355_bin.24_gene_374_14	C289	1	0	1	1	1	1	1	0	0	0	0	0	0	0
EHM034674|EHA02355_bin.24_gene_376_1	C289	1	1	0	1	0	1	0	1	0	0	0	0	0	0
EHM034674|EHA02355_bin.24_gene_377_1	C289	1	1	1	1	1	1	1	0	0	1	0	1	0	0
EHM034674|EHA02355_bin.24_gene_377_2	C289	1	1	1	1	1	1	1	1	1	1	0	1	0	1
EHM034674|EHA02355_bin.24_gene_377_3	C289	1	1	1	1	1	1	1	0	0	0	0	0	0	0
EHM034674|EHA02355_bin.24_gene_378_3	C289	1	1	1	1	1	1	1	1	1	1	1	1	1	1
EHM034674|EHA02355_bin.24_gene_379_1	C289	1	1	1	1	1	1	1	0	1	1	1	1	1	1
EHM034674|EHA02355_bin.24_gene_379_2	C289	1	1	1	1	1	1	1	0	0	0	1	0	0	0
EHM034674|EHA02355_bin.24_gene_379_3	C289	1	1	1	1	1	1	1	1	1	1	1	1	1	1
EHM034674|EHA02355_bin.24_gene_379_5	C289	1	1	1	1	1	1	1	1	1	1	0	1	1	1
EHM034674|EHA02355_bin.24_gene_379_7	C289	1	1	0	1	1	1	1	1	1	1	1	1	1	1
EHM034674|EHA02355_bin.24_gene_379_8	C289	1	1	0	1	1	1	1	1	1	1	1	1	1	1
EHM034674|EHA02355_bin.24_gene_379_9	C289	1	1	1	1	1	1	1	1	1	0	1	1	1	1
EHM034674|EHA02355_bin.24_gene_379_10	C289	1	0	1	1	1	1	1	1	1	0	1	1	1	1
EHM034674|EHA02355_bin.24_gene_379_11	C289	1	1	1	1	1	1	1	1	1	0	1	1	1	1
EHM034674|EHA02355_bin.24_gene_380_1	C289	1	1	1	1	1	1	1	1	1	1	1	1	1	1
EHM034674|EHA02355_bin.24_gene_380_2	C289	1	1	1	1	1	1	1	1	1	1	1	1	1	1
EHM034674|EHA02355_bin.24_gene_380_3	C289	1	1	1	1	1	1	1	1	1	1	1	1	1	1
EHM034674|EHA02355_bin.24_gene_382_2	C289	1	1	1	1	1	1	0	0	0	0	0	0	0	0
UHM1210.23070_R.bin.101|k141_1275766_2	C294	1	1	1	1	1	1	0	0	0	0	0	0	0	0
UHM1210.23070_R.bin.101|k141_1275766_3	C294	1	1	1	1	1	1	1	1	1	1	1	1	0	0
UHM1210.23070_R.bin.101|k141_1275766_4	C294	1	1	1	1	1	1	0	1	0	0	1	1	0	0
UHM1210.23070_R.bin.101|k141_1275766_5	C294	1	1	1	1	1	1	0	1	1	1	1	1	1	1
UHM1210.23070_R.bin.101|k141_1275766_6	C294	1	1	1	1	1	1	0	1	1	0	1	0	1	0
UHM1210.23070_R.bin.101|k141_1275766_7	C294	1	1	1	1	1	1	1	1	1	0	1	1	1	1
UHM1210.23070_R.bin.101|k141_1275766_22	C294	1	1	1	1	1	1	1	1	1	1	1	1	1	1
UHM1210.23070_R.bin.101|k141_1275766_24	C294	1	1	1	1	1	1	1	1	1	1	1	1	1	1
UHM1210.23070_R.bin.101|k141_1275766_27	C294	1	0	0	0	1	1	1	1	0	0	0	0	1	0
UHM1210.23070_R.bin.101|k141_1275766_28	C294	1	1	1	1	1	1	1	1	1	1	1	1	1	1
UHM1210.23070_R.bin.101|k141_1275766_29	C294	1	1	1	1	1	1	1	1	1	1	1	1	1	1
UHM1210.23070_R.bin.101|k141_1275766_30	C294	1	0	0	0	1	0	0	0	0	0	0	0	1	0
UHM1210.23070_R.bin.101|k141_1275766_32	C294	1	1	1	1	1	1	1	1	1	1	1	1	1	1
UHM1210.23070_R.bin.101|k141_1275766_33	C294	1	1	1	1	1	1	1	1	1	1	1	1	0	1
UHM1210.23070_R.bin.101|k141_1275766_34	C294	1	1	1	1	1	1	1	1	1	1	1	1	0	1
UHM1210.23070_R.bin.101|k141_1275766_36	C294	1	1	1	1	1	0	0	1	0	1	1	1	0	0
UHM1210.23070_R.bin.101|k141_1275766_37	C294	1	1	1	1	1	1	0	1	1	1	0	1	1	1
UHM1210.23070_R.bin.101|k141_1275766_38	C294	1	1	1	1	1	1	0	1	1	0	1	0	0	0
UHM1210.23070_R.bin.101|k141_1275766_39	C294	1	1	1	1	1	1	1	1	1	1	1	1	1	1
UHM1210.23070_R.bin.101|k141_1275766_40	C294	1	1	1	0	1	1	1	1	1	1	1	1	1	1
UHM1210.23070_R.bin.101|k141_1275766_41	C294	1	1	0	1	1	0	1	1	1	1	1	1	1	1
UHM1210.23070_R.bin.101|k141_1275766_43	C294	1	1	1	1	1	1	1	1	1	1	0	1	1	1
UHM1210.23070_R.bin.101|k141_1275766_45	C294	1	1	1	1	1	1	0	0	0	0	0	0	0	0
UHM1210.23070_R.bin.101|k141_1275766_47	C294	1	1	1	1	1	1	0	1	0	0	1	0	0	0
UHM1210.23070_R.bin.101|k141_1275766_48	C294	1	1	1	1	1	1	1	0	0	0	0	0	0	0
UHM1210.23070_R.bin.101|k141_1275766_49	C294	1	1	1	1	1	1	1	1	1	1	1	1	1	1
UHM1210.23070_R.bin.101|k141_1275766_50	C294	1	1	1	1	1	1	1	1	1	1	1	1	1	1
UHM1210.23070_R.bin.101|k141_1275766_52	C294	1	1	1	1	1	1	1	0	0	0	1	1	0	0
UHM1210.23070_R.bin.101|k141_1275766_54	C294	1	1	1	1	1	1	1	0	0	0	1	1	1	0
UHM1210.23070_R.bin.101|k141_1275766_55	C294	1	1	1	1	1	1	1	0	0	0	1	1	0	0
UHM1210.23070_R.bin.101|k141_1275766_56	C294	1	1	1	1	1	1	1	0	0	0	1	1	1	0
UHM1210.23070_R.bin.101|k141_1275766_57	C294	1	1	1	1	1	1	1	0	0	0	1	1	1	0
UHM1210.23070_R.bin.101|k141_1275766_58	C294	1	1	1	1	1	1	1	0	1	0	1	1	1	1
UHM1210.23070_R.bin.101|k141_1275766_59	C294	1	1	1	1	1	1	0	1	1	1	0	1	1	1
UHM1210.23070_R.bin.101|k141_1275766_60	C294	1	1	1	1	1	1	0	1	1	1	1	1	1	1
UHM1210.23070_R.bin.101|k141_1275766_61	C294	1	1	1	1	1	1	0	1	1	1	0	1	1	1
UHM1210.23070_R.bin.101|k141_1275766_62	C294	1	1	1	1	1	1	1	1	1	1	1	1	1	1
UHM1210.23070_R.bin.101|k141_1275766_63	C294	1	1	1	1	1	1	0	0	0	0	0	1	0	0
UHM1210.23070_R.bin.101|k141_1275766_65	C294	1	1	1	1	1	1	1	1	1	1	1	1	1	1
UHM1210.23070_R.bin.101|k141_1275766_66	C294	1	1	1	1	1	1	1	1	1	1	1	1	1	1
UHM1210.23070_R.bin.101|k141_1275766_67	C294	1	1	1	1	1	1	1	1	1	1	1	1	1	1
UHM1210.23070_R.bin.101|k141_1275766_68	C294	1	1	1	1	1	1	1	1	0	1	1	1	1	1
UHM1210.23070_R.bin.101|k141_1275766_69	C294	1	1	1	1	1	1	0	1	0	0	1	1	0	0
UHM1210.23070_R.bin.101|k141_1275766_70	C294	1	1	1	1	1	1	1	1	1	1	1	1	1	0
UHM1210.23070_R.bin.101|k141_1275766_71	C294	1	1	1	1	1	1	1	1	1	1	1	0	1	1
UHM1210.23070_R.bin.101|k141_1275766_72	C294	1	1	1	1	1	1	1	1	1	0	1	0	1	1
UHM1210.23070_R.bin.101|k141_1275766_73	C294	1	1	1	1	1	1	1	1	1	1	1	0	1	1
UHM1210.23070_R.bin.101|k141_1275766_74	C294	1	1	1	1	1	1	1	1	1	1	1	0	1	1
UHM1210.23070_R.bin.101|k141_1275766_75	C294	1	1	1	1	1	1	1	1	1	1	1	0	1	1
UHM1210.23070_R.bin.101|k141_1275766_76	C294	1	0	0	0	1	0	1	0	0	0	0	0	1	0
UHM1210.23070_R.bin.101|k141_1275766_77	C294	1	1	1	1	1	1	1	1	1	1	1	1	1	1
UHM1210.23070_R.bin.101|k141_1275766_81	C294	1	1	1	1	1	1	1	1	1	1	1	1	1	1
UHM1210.23070_R.bin.101|k141_1275766_82	C294	1	1	1	1	1	1	1	1	1	1	1	1	1	1
UHM1210.23070_R.bin.101|k141_1275766_83	C294	1	1	1	1	1	1	0	1	0	0	1	1	0	0
UHM1210.23070_R.bin.101|k141_1275766_87	C294	1	1	1	1	1	1	0	0	0	0	0	0	0	0
UHM1210.23070_R.bin.101|k141_1275766_88	C294	1	1	1	1	1	0	0	0	0	0	1	0	0	0
UHM1210.23070_R.bin.101|k141_1275766_89	C294	1	1	1	1	1	0	0	0	0	0	0	0	0	0
UHM1210.23070_R.bin.101|k141_1275766_90	C294	1	1	1	1	1	0	0	0	0	0	0	0	0	0
UHM1210.23070_R.bin.101|k141_1275766_91	C294	1	1	1	1	1	1	1	1	1	1	1	0	1	1
UHM1210.23070_R.bin.101|k141_1275766_92	C294	1	1	1	1	1	1	1	1	0	0	0	1	0	0
UHM1210.23070_R.bin.101|k141_1275766_93	C294	1	1	1	1	1	1	1	1	0	0	1	1	0	0
UHM1210.23070_R.bin.101|k141_1275766_95	C294	1	0	0	0	1	0	0	0	0	0	0	0	0	0
UHM1210.23070_R.bin.101|k141_1275766_96	C294	1	1	1	1	1	1	1	1	1	1	1	1	1	1
UHM1210.23070_R.bin.101|k141_1275766_98	C294	1	1	1	1	1	1	0	1	1	1	0	0	1	1
UHM1210.23070_R.bin.101|k141_1275766_99	C294	1	1	1	0	1	0	0	0	0	1	0	0	0	0
UHM1210.23070_R.bin.101|k141_1275766_103	C294	1	0	1	0	1	0	1	1	1	1	1	1	1	1
UHM1210.23070_R.bin.101|k141_1275766_104	C294	1	1	1	1	1	1	1	1	1	0	1	1	0	1
UHM1210.23070_R.bin.101|k141_1275766_105	C294	1	1	1	1	1	1	1	1	1	1	1	1	1	1
UHM1210.23070_R.bin.101|k141_1275766_107	C294	1	1	1	1	1	1	0	1	1	1	0	1	1	1
UHM1210.23070_R.bin.101|k141_1275766_109	C294	1	1	1	1	1	1	1	1	1	1	1	1	1	1
UHM1210.23070_R.bin.101|k141_1275766_110	C294	1	1	1	1	1	1	0	1	1	1	1	1	1	1
UHM1210.23070_R.bin.101|k141_1275766_111	C294	1	1	1	1	1	1	0	1	1	1	1	1	1	0
UHM1210.23070_R.bin.101|k141_1275766_112	C294	1	1	1	1	1	1	1	1	1	1	0	1	1	1
UHM1210.23070_R.bin.101|k141_1275766_113	C294	1	1	1	1	1	1	1	1	1	1	0	1	1	1
UHM1210.23070_R.bin.101|k141_1318991_2	C294	1	1	1	1	1	1	0	1	1	1	0	1	1	1
UHM1210.23070_R.bin.101|k141_1318991_3	C294	1	1	1	1	1	1	1	1	1	1	1	1	1	1
UHM1210.23070_R.bin.101|k141_1318991_4	C294	1	1	1	1	1	1	1	1	1	1	0	1	1	1
UHM1210.23070_R.bin.101|k141_1318991_5	C294	1	1	1	1	1	1	0	0	1	1	0	1	1	0
UHM1210.23070_R.bin.101|k141_1318991_16	C294	1	1	1	1	1	1	1	1	1	1	1	1	1	1
UHM1210.23070_R.bin.101|k141_1318991_17	C294	1	1	1	1	1	1	1	1	1	1	0	1	1	1
UHM1210.23070_R.bin.101|k141_1318991_18	C294	1	0	1	1	1	1	1	1	1	0	1	1	1	1
UHM1210.23070_R.bin.101|k141_1318991_19	C294	1	1	1	1	1	1	1	1	1	0	0	0	0	0
UHM1210.23070_R.bin.101|k141_1318991_20	C294	1	1	1	1	1	1	1	1	1	1	1	0	1	1
UHM1210.23070_R.bin.101|k141_1318991_21	C294	1	0	1	0	1	1	1	1	1	1	1	0	1	1
UHM1210.23070_R.bin.101|k141_1318991_22	C294	1	1	1	1	1	1	1	1	1	1	1	1	1	1
UHM1210.23070_R.bin.101|k141_1318991_23	C294	1	1	1	1	1	1	1	1	1	1	1	1	1	1
UHM1210.23070_R.bin.101|k141_1318991_24	C294	1	1	1	1	1	1	1	1	1	1	1	1	1	1
UHM1210.23070_R.bin.101|k141_1318991_25	C294	1	1	1	1	1	1	1	1	0	1	0	1	1	1
UHM1210.23070_R.bin.101|k141_1318991_27	C294	1	1	1	1	1	1	0	0	0	0	1	0	0	0
UHM1210.23070_R.bin.101|k141_1318991_28	C294	1	1	1	1	1	1	0	1	0	0	1	1	0	0
UHM1210.23070_R.bin.101|k141_1318991_29	C294	1	1	1	1	1	1	1	0	1	1	0	1	0	1
UHM1210.23070_R.bin.101|k141_1318991_30	C294	1	1	1	1	1	1	1	1	1	1	1	1	1	1
UHM1210.23070_R.bin.101|k141_1318991_32	C294	1	0	1	0	1	0	0	0	1	0	0	1	0	1
UHM1210.23070_R.bin.101|k141_1318991_33	C294	1	1	1	1	1	1	1	1	1	1	1	0	1	1
UHM1210.23070_R.bin.101|k141_1318991_34	C294	1	1	1	1	1	1	1	1	1	1	1	1	1	1
UHM1210.23070_R.bin.101|k141_1318991_35	C294	1	1	1	1	1	1	1	1	1	1	1	1	1	1
UHM1210.23070_R.bin.101|k141_1318991_36	C294	1	1	1	1	1	1	1	1	1	1	1	1	1	1
UHM1210.23070_R.bin.101|k141_1318991_37	C294	1	1	1	1	1	1	1	1	1	1	0	1	1	1
UHM1210.23070_R.bin.101|k141_1318991_38	C294	1	1	1	1	1	1	1	1	1	1	0	1	1	1
UHM1210.23070_R.bin.101|k141_1318991_39	C294	1	1	1	1	1	1	0	1	1	1	1	1	1	1
UHM1210.23070_R.bin.101|k141_1318991_40	C294	1	1	1	1	1	1	1	1	1	0	1	1	1	1
UHM1210.23070_R.bin.101|k141_1318991_41	C294	1	1	1	1	1	1	1	1	1	0	0	1	1	1
UHM1210.23070_R.bin.101|k141_1318991_42	C294	1	1	1	1	1	1	1	0	0	1	1	0	0	0
UHM1210.23070_R.bin.101|k141_1318991_43	C294	1	1	1	1	1	1	1	1	1	1	1	1	1	1
UHM1210.23070_R.bin.101|k141_1318991_44	C294	1	1	1	1	1	1	1	1	1	1	1	1	1	1
UHM1210.23070_R.bin.101|k141_1318991_45	C294	1	1	1	1	1	1	1	1	1	1	1	1	1	1
UHM1210.23070_R.bin.101|k141_1318991_46	C294	1	1	1	1	1	1	0	1	0	0	0	1	0	0
UHM1210.23070_R.bin.101|k141_1318991_47	C294	1	1	1	1	1	1	1	1	1	1	0	1	1	1
UHM1210.23070_R.bin.101|k141_1318991_48	C294	1	0	0	0	1	0	0	1	1	1	0	0	0	1
UHM1210.23070_R.bin.101|k141_1318991_49	C294	1	0	0	0	1	0	0	1	1	1	1	1	0	1
UHM1210.23070_R.bin.101|k141_1318991_50	C294	1	0	0	0	1	0	0	1	0	0	0	0	0	0
UHM1210.23070_R.bin.101|k141_1318991_52	C294	1	1	1	1	1	1	0	1	1	1	0	0	1	0
UHM1210.23070_R.bin.101|k141_1318991_53	C294	1	1	1	1	1	1	1	1	1	1	1	1	1	0
UHM1210.23070_R.bin.101|k141_1318991_54	C294	1	1	1	1	1	1	1	1	1	1	0	1	1	1
UHM1210.23070_R.bin.101|k141_1318991_55	C294	1	1	1	1	1	1	1	1	1	1	1	1	1	1
UHM1210.23070_R.bin.101|k141_1318991_58	C294	1	1	1	1	1	1	1	1	0	0	1	1	0	0
UHM1210.23070_R.bin.101|k141_1318991_59	C294	1	1	1	1	1	1	0	1	0	0	0	1	0	0
UHM1210.23070_R.bin.101|k141_1318991_60	C294	1	1	1	1	1	1	1	1	1	0	1	0	0	0
UHM1210.23070_R.bin.101|k141_1318991_61	C294	1	1	1	1	1	1	1	1	0	0	1	1	0	0
UHM1210.23070_R.bin.101|k141_1318991_62	C294	1	1	1	1	1	1	1	1	1	1	1	0	1	1
UHM1210.23070_R.bin.101|k141_1318991_64	C294	1	1	1	1	1	1	0	0	0	0	0	0	0	0
UHM1210.23070_R.bin.101|k141_1318991_65	C294	1	1	1	1	1	1	1	1	1	1	0	0	0	1
UHM1210.23070_R.bin.101|k141_1318991_66	C294	1	1	1	1	1	1	1	1	1	1	1	1	1	1
UHM1210.23070_R.bin.101|k141_1318991_67	C294	1	1	1	1	1	1	1	1	1	1	1	1	1	1
UHM1210.23070_R.bin.101|k141_1318991_68	C294	1	1	1	1	1	1	0	1	1	1	1	1	1	1
UHM1210.23070_R.bin.101|k141_1318991_72	C294	1	1	1	1	1	1	1	1	1	1	0	1	1	1
UHM1210.23070_R.bin.101|k141_1318991_74	C294	1	1	1	1	1	1	1	1	1	1	0	1	1	1
UHM1210.23070_R.bin.101|k141_1318991_75	C294	1	1	1	1	1	1	0	1	1	1	1	1	1	1
UHM1210.23070_R.bin.101|k141_1318991_76	C294	1	1	1	1	1	1	0	1	1	1	1	1	1	1
UHM1210.23070_R.bin.101|k141_1318991_77	C294	1	1	1	1	1	1	1	1	1	1	0	1	1	1
UHM1210.23070_R.bin.101|k141_1318991_78	C294	1	1	1	1	1	1	1	1	1	1	0	1	1	1
UHM1210.23070_R.bin.101|k141_1318991_79	C294	1	0	0	0	1	0	0	0	0	0	1	1	1	1
UHM1210.23070_R.bin.101|k141_1318991_80	C294	1	1	1	1	1	1	0	1	1	1	1	0	1	1
UHM1210.23070_R.bin.101|k141_1318991_81	C294	1	1	1	1	1	1	1	1	1	1	1	0	1	1
UHM1210.23070_R.bin.101|k141_1318991_82	C294	1	1	1	1	1	1	0	1	1	1	1	0	1	1
UHM1210.23070_R.bin.101|k141_1318991_83	C294	1	1	1	1	1	1	1	1	1	1	0	1	1	1
UHM1210.23070_R.bin.101|k141_1318991_84	C294	1	1	1	1	1	1	1	1	1	1	0	1	1	1
UHM1210.23070_R.bin.101|k141_1318991_85	C294	1	1	1	1	1	1	0	1	1	1	1	1	1	1
UHM1210.23070_R.bin.101|k141_1318991_86	C294	1	1	1	1	1	0	0	0	0	0	0	0	0	0
UHM1210.23070_R.bin.101|k141_1318991_87	C294	1	1	1	1	1	1	1	1	1	1	0	1	1	1
UHM1210.23070_R.bin.101|k141_1318991_88	C294	1	1	1	1	1	1	0	0	0	0	0	0	0	0
UHM1210.23070_R.bin.101|k141_1318991_89	C294	1	1	1	1	1	1	1	1	1	1	1	1	1	1
UHM1210.23070_R.bin.101|k141_1318991_90	C294	1	0	0	0	1	1	0	0	1	1	1	1	0	1
UHM1210.23070_R.bin.101|k141_1318991_91	C294	1	1	1	1	1	1	0	1	1	1	1	1	1	1
UHM1210.23070_R.bin.101|k141_1318991_92	C294	1	1	1	1	1	1	0	1	1	1	1	1	1	1
UHM1210.23070_R.bin.101|k141_1318991_93	C294	1	1	1	1	1	1	1	1	1	1	1	1	1	1
UHM1210.23070_R.bin.101|k141_1318991_94	C294	1	1	1	1	1	1	0	1	1	1	1	1	1	1
UHM1210.23070_R.bin.101|k141_1318991_95	C294	1	1	1	1	1	1	0	1	1	1	1	1	1	1
UHM1210.23070_R.bin.101|k141_1318991_99	C294	1	1	1	1	1	1	1	1	1	1	1	1	1	1
UHM1210.23070_R.bin.101|k141_1318991_100	C294	1	1	1	1	1	1	0	1	1	1	1	1	1	1
UHM1210.23070_R.bin.101|k141_1318991_101	C294	1	1	1	1	1	1	1	1	1	1	1	0	1	1
UHM1210.23070_R.bin.101|k141_1318991_102	C294	1	1	1	1	1	1	1	1	1	1	1	0	1	1
UHM1210.23070_R.bin.101|k141_1318991_103	C294	1	1	1	1	1	1	1	0	0	0	1	0	1	1
UHM1210.23070_R.bin.101|k141_1318991_105	C294	1	1	1	1	1	1	1	1	1	1	1	1	1	1
UHM1210.23070_R.bin.101|k141_1318991_106	C294	1	1	0	1	1	0	1	0	1	1	1	1	0	1
UHM1210.23070_R.bin.101|k141_1318991_107	C294	1	1	1	1	1	1	0	0	0	0	0	1	0	0
UHM1210.23070_R.bin.101|k141_1318991_109	C294	1	1	1	1	1	1	1	1	0	1	0	1	0	1
UHM1210.23070_R.bin.101|k141_1318991_110	C294	1	1	1	1	1	1	1	1	1	1	0	1	1	1
UHM1210.23070_R.bin.101|k141_1318991_111	C294	1	1	1	1	1	1	1	1	1	0	0	1	1	1
UHM1210.23070_R.bin.101|k141_1318991_112	C294	1	1	1	1	1	1	1	1	1	0	0	1	1	1
UHM1210.23070_R.bin.101|k141_1318991_115	C294	1	1	1	1	1	1	1	1	0	0	1	1	0	0
UHM1210.23070_R.bin.101|k141_1318991_116	C294	1	1	1	1	1	1	1	1	0	0	1	1	0	0
UHM1210.23070_R.bin.101|k141_1318991_117	C294	1	1	1	1	1	1	0	1	0	0	1	0	0	1
UHM1210.23070_R.bin.101|k141_1318991_119	C294	1	1	1	0	1	1	1	1	1	1	0	1	1	1
UHM1210.23070_R.bin.101|k141_1318991_120	C294	1	1	1	1	1	1	0	1	1	1	1	1	1	1
UHM1210.23070_R.bin.101|k141_1318991_121	C294	1	1	1	1	1	1	0	0	0	0	0	0	1	1
UHM1210.23070_R.bin.101|k141_1318991_122	C294	1	1	1	1	1	0	0	0	0	0	0	0	0	0
UHM1210.23070_R.bin.101|k141_1318991_123	C294	1	1	1	1	1	1	1	1	0	1	1	1	1	1
UHM1210.23070_R.bin.101|k141_1318991_124	C294	1	1	1	1	1	1	0	1	1	1	1	1	1	1
UHM1210.23070_R.bin.101|k141_1318991_125	C294	1	1	1	1	1	1	1	1	1	1	1	1	0	1
UHM1210.23070_R.bin.101|k141_1318991_126	C294	1	1	1	1	1	1	1	1	1	1	1	1	1	1
UHM1210.23070_R.bin.101|k141_1318991_129	C294	1	0	1	0	1	1	1	0	0	0	0	0	0	0
UHM1210.23070_R.bin.101|k141_1318991_130	C294	1	1	1	1	1	1	1	1	1	1	1	1	1	1
UHM1210.23070_R.bin.101|k141_1318991_131	C294	1	1	1	0	1	1	1	1	1	1	1	1	1	1
UHM1210.23070_R.bin.101|k141_1318991_132	C294	1	1	1	0	1	1	1	1	1	1	1	1	1	1
UHM1210.23070_R.bin.101|k141_1318991_133	C294	1	1	1	1	1	1	1	1	1	1	1	1	1	1
UHM1210.23070_R.bin.101|k141_1318991_134	C294	1	1	1	1	1	1	1	1	1	1	1	1	1	1
UHM1210.23070_R.bin.101|k141_1318991_135	C294	1	1	1	1	1	1	0	1	1	1	1	1	1	1
UHM1210.23070_R.bin.101|k141_1318991_136	C294	1	1	1	1	1	1	0	1	0	0	0	1	0	0
UHM1210.23070_R.bin.101|k141_1318991_137	C294	1	1	1	1	1	1	0	1	1	1	1	1	1	1
UHM1210.23070_R.bin.101|k141_1318991_139	C294	1	0	0	0	1	0	0	0	0	0	1	0	0	0
UHM1210.23070_R.bin.101|k141_1318991_142	C294	1	0	0	0	1	0	0	1	0	0	0	0	0	0
UHM1210.23070_R.bin.101|k141_1318991_143	C294	1	0	0	0	1	0	0	1	1	1	0	0	0	1
UHM1210.23070_R.bin.101|k141_1318991_144	C294	1	1	1	1	1	1	0	0	0	0	0	0	0	0
UHM1210.23070_R.bin.101|k141_1318991_145	C294	1	0	0	0	1	0	0	1	1	1	1	1	0	1
UHM1210.23070_R.bin.101|k141_1318991_146	C294	1	1	1	1	1	1	1	1	1	1	0	1	1	1
UHM1210.23070_R.bin.101|k141_1318991_148	C294	1	1	1	1	1	1	1	1	1	1	1	1	1	1
UHM1210.23070_R.bin.101|k141_1318991_149	C294	1	1	1	1	1	1	0	0	1	1	1	1	1	1
UHM1210.23070_R.bin.101|k141_1318991_152	C294	1	1	1	1	1	1	0	1	1	0	0	0	0	1
UHM1210.23070_R.bin.101|k141_1318991_153	C294	1	1	1	1	1	1	1	1	1	1	1	1	1	1
UHM1210.23070_R.bin.101|k141_1318991_156	C294	1	1	1	1	1	1	1	1	1	1	1	1	0	0
UHM1210.23070_R.bin.101|k141_1318991_157	C294	1	1	1	1	1	0	0	0	0	0	0	0	1	0
UHM1210.23070_R.bin.101|k141_1193549_1	C294	1	1	1	1	1	1	1	1	1	1	1	1	1	1
UHM1210.23070_R.bin.101|k141_1193549_3	C294	1	1	1	1	1	1	1	1	1	1	1	1	1	1
UHM1210.23070_R.bin.101|k141_1193549_4	C294	1	0	0	0	1	1	0	0	1	1	0	0	0	1
UHM1210.23070_R.bin.101|k141_1193549_5	C294	1	0	0	0	1	1	0	0	1	1	0	0	0	0
UHM1210.23070_R.bin.101|k141_1193549_6	C294	1	1	1	1	1	1	1	1	1	1	0	1	1	1
UHM1210.23070_R.bin.101|k141_1193549_7	C294	1	1	1	1	1	1	1	1	1	1	1	1	1	1
UHM1210.23070_R.bin.101|k141_1193549_8	C294	1	1	1	1	1	1	1	1	1	1	1	1	1	1
UHM1210.23070_R.bin.101|k141_1193549_12	C294	1	0	0	0	1	0	1	0	0	0	1	1	0	0
UHM1210.23070_R.bin.101|k141_1193549_15	C294	1	1	1	1	1	0	1	0	0	0	0	1	0	0
UHM1210.23070_R.bin.101|k141_1193549_17	C294	1	1	1	1	1	1	0	1	1	1	1	1	1	1
UHM1210.23070_R.bin.101|k141_1193549_18	C294	1	1	1	1	1	1	0	0	0	0	1	1	0	0
UHM1210.23070_R.bin.101|k141_1193549_19	C294	1	1	1	1	1	0	0	0	0	0	0	0	0	0
UHM1210.23070_R.bin.101|k141_1193549_20	C294	1	1	1	1	1	1	0	0	0	0	0	0	0	0
UHM1210.23070_R.bin.101|k141_1193549_21	C294	1	0	0	0	1	0	0	0	0	0	0	0	0	0
UHM1210.23070_R.bin.101|k141_1193549_22	C294	1	1	1	1	1	1	0	0	0	0	0	0	0	0
UHM1210.23070_R.bin.101|k141_1193549_31	C294	1	1	1	1	1	0	0	1	0	0	1	1	0	1
UHM1210.23070_R.bin.101|k141_1193549_33	C294	1	1	1	1	1	1	0	1	1	1	1	1	1	1
UHM1210.23070_R.bin.101|k141_1193549_34	C294	1	1	1	1	1	1	1	1	1	0	1	1	0	0
UHM1210.23070_R.bin.101|k141_1193549_35	C294	1	1	1	1	1	1	1	1	1	1	1	1	0	1
UHM1210.23070_R.bin.101|k141_1193549_36	C294	1	0	1	1	1	0	0	0	0	0	0	0	0	1
UHM1210.23070_R.bin.101|k141_1193549_37	C294	1	1	1	1	1	1	1	1	1	1	1	0	1	1
UHM1210.23070_R.bin.101|k141_1193549_38	C294	1	1	1	1	1	1	1	1	1	1	1	0	1	1
UHM1210.23070_R.bin.101|k141_1193549_39	C294	1	1	1	1	1	0	0	0	0	0	0	0	0	0
UHM1210.23070_R.bin.101|k141_1193549_40	C294	1	0	0	0	1	0	0	0	0	0	0	0	0	0
UHM1210.23070_R.bin.101|k141_1193549_41	C294	1	1	1	1	1	1	1	1	1	1	1	0	0	1
UHM1210.23070_R.bin.101|k141_1193549_42	C294	1	1	1	1	1	1	0	1	0	0	0	0	0	0
UHM1210.23070_R.bin.101|k141_1193549_43	C294	1	1	1	1	1	0	0	0	0	0	0	0	0	0
UHM1210.23070_R.bin.101|k141_1193549_44	C294	1	1	0	0	1	1	0	0	0	0	0	0	0	0
UHM1210.23070_R.bin.101|k141_1193549_46	C294	1	1	1	1	1	1	1	1	1	1	1	0	0	1
UHM1210.23070_R.bin.101|k141_44701_2	C294	1	1	1	1	1	1	1	1	1	1	0	1	1	1
UHM1210.23070_R.bin.101|k141_44701_3	C294	1	1	1	0	1	1	1	1	1	1	0	1	1	1
UHM1210.23070_R.bin.101|k141_44701_6	C294	1	1	1	1	1	1	1	1	1	1	1	1	1	1
UHM1210.23070_R.bin.101|k141_44701_8	C294	1	1	1	1	1	1	1	1	0	1	1	1	0	0
UHM1210.23070_R.bin.101|k141_44701_9	C294	1	0	1	1	1	1	1	1	1	1	0	1	1	1
UHM1210.23070_R.bin.101|k141_44701_10	C294	1	1	1	1	1	1	1	1	1	1	0	1	1	1
UHM1210.23070_R.bin.101|k141_44701_11	C294	1	1	1	1	1	1	1	1	1	1	1	1	1	1
UHM1210.23070_R.bin.101|k141_44701_12	C294	1	1	1	1	1	1	1	1	0	0	1	1	0	0
UHM1210.23070_R.bin.101|k141_44701_14	C294	1	1	1	1	1	1	0	1	1	1	0	1	1	1
UHM1210.23070_R.bin.101|k141_44701_15	C294	1	1	1	1	1	1	1	1	1	1	1	1	1	1
UHM1210.23070_R.bin.101|k141_44701_16	C294	1	1	1	1	1	1	1	1	1	1	0	1	0	1
UHM1210.23070_R.bin.101|k141_44701_17	C294	1	1	1	1	1	1	1	1	1	1	1	1	1	1
UHM1210.23070_R.bin.101|k141_44701_18	C294	1	1	1	1	1	1	0	1	1	1	1	1	1	1
UHM1210.23070_R.bin.101|k141_44701_19	C294	1	1	1	1	1	1	0	1	0	0	1	1	1	1
UHM1210.23070_R.bin.101|k141_44701_20	C294	1	1	1	1	1	1	0	1	1	1	1	1	1	1
UHM1210.23070_R.bin.101|k141_44701_21	C294	1	1	1	1	1	1	1	1	1	1	1	0	0	0
UHM1210.23070_R.bin.101|k141_44701_23	C294	1	1	1	1	1	0	0	0	0	0	0	0	0	0
UHM1210.23070_R.bin.101|k141_44701_24	C294	1	1	1	1	1	1	0	1	1	1	1	1	1	1
UHM1210.23070_R.bin.101|k141_44701_25	C294	1	1	1	1	1	1	0	0	0	1	1	0	1	0
UHM1210.23070_R.bin.101|k141_44701_26	C294	1	1	1	1	1	1	0	0	0	0	0	0	0	0
UHM1210.23070_R.bin.101|k141_44701_27	C294	1	1	1	1	1	1	0	1	1	0	1	1	1	1
UHM1210.23070_R.bin.101|k141_44701_28	C294	1	1	1	1	1	1	0	1	1	0	1	1	1	0
UHM1210.23070_R.bin.101|k141_44701_29	C294	1	1	1	1	1	1	1	1	1	1	1	1	1	1
UHM1210.23070_R.bin.101|k141_44701_30	C294	1	1	1	1	1	1	1	1	1	1	0	1	1	1
UHM1210.23070_R.bin.101|k141_44701_31	C294	1	1	1	1	1	1	1	1	1	1	0	1	0	1
UHM1210.23070_R.bin.101|k141_44701_32	C294	1	1	1	1	1	0	1	0	1	0	0	0	0	0
UHM1210.23070_R.bin.101|k141_44701_43	C294	1	1	1	1	1	1	1	1	1	0	1	1	1	1
UHM1210.23070_R.bin.101|k141_44701_44	C294	1	1	1	1	1	1	0	0	0	0	0	1	1	1
UHM1210.23070_R.bin.101|k141_44701_45	C294	1	1	1	1	1	1	1	1	1	1	1	1	1	1
UHM1210.23070_R.bin.101|k141_44701_47	C294	1	1	1	1	1	1	1	0	0	0	1	1	0	0
UHM1210.23070_R.bin.101|k141_44701_48	C294	1	1	1	1	1	0	1	1	1	0	0	1	0	1
UHM1210.23070_R.bin.101|k141_44701_50	C294	1	1	1	1	1	1	1	1	1	1	1	1	1	1
UHM1210.23070_R.bin.101|k141_44701_51	C294	1	1	1	1	1	1	1	1	0	0	1	0	0	0
UHM1210.23070_R.bin.101|k141_44701_52	C294	1	0	0	0	1	0	0	0	0	0	0	0	0	0
UHM1210.23070_R.bin.101|k141_44701_53	C294	1	1	1	1	1	1	1	1	1	1	1	1	1	1
UHM1210.23070_R.bin.101|k141_44701_54	C294	1	1	1	1	1	1	1	1	1	1	0	1	1	1
UHM1210.23070_R.bin.101|k141_44701_55	C294	1	1	1	1	1	1	0	1	1	1	1	1	1	1
UHM1210.23070_R.bin.101|k141_44701_57	C294	1	0	1	0	1	1	0	0	0	0	0	0	0	1
UHM1210.23070_R.bin.101|k141_44701_59	C294	1	1	1	1	1	1	1	1	1	1	1	1	1	1
UHM1210.23070_R.bin.101|k141_44701_60	C294	1	1	1	1	1	1	0	1	1	1	1	1	1	1
UHM1210.23070_R.bin.101|k141_44701_61	C294	1	1	1	1	1	1	0	1	1	1	1	1	1	1
UHM1210.23070_R.bin.101|k141_44701_62	C294	1	1	1	1	1	1	0	1	1	1	1	1	1	1
UHM1210.23070_R.bin.101|k141_44701_65	C294	1	1	1	1	1	0	0	0	0	0	0	0	0	0
UHM1210.23070_R.bin.101|k141_44701_66	C294	1	1	1	1	1	1	1	1	1	1	1	1	1	1
UHM1210.23070_R.bin.101|k141_44701_67	C294	1	1	1	1	1	1	1	1	1	1	1	1	1	1
UHM1210.23070_R.bin.101|k141_44701_69	C294	1	1	1	0	1	1	1	1	0	0	0	1	0	0
UHM1210.23070_R.bin.101|k141_1066781_6	C294	1	1	1	0	1	0	0	1	0	0	1	1	0	0
UHM1210.23070_R.bin.101|k141_1066781_7	C294	1	1	1	1	1	1	1	1	1	1	1	1	1	1
UHM1210.23070_R.bin.101|k141_1066781_8	C294	1	1	1	1	1	1	1	1	1	1	1	1	1	1
UHM1210.23070_R.bin.101|k141_1066781_9	C294	1	1	1	1	1	1	1	1	1	1	1	1	1	1
UHM1210.23070_R.bin.101|k141_1066781_11	C294	1	1	1	1	1	1	1	1	0	1	1	1	0	1
UHM1210.23070_R.bin.101|k141_1066781_12	C294	1	1	1	1	1	1	1	1	1	1	1	1	1	1
UHM1210.23070_R.bin.101|k141_1066781_13	C294	1	1	1	1	1	1	1	1	1	1	1	1	1	1
UHM1210.23070_R.bin.101|k141_1066781_14	C294	1	1	1	1	1	1	0	0	0	0	0	0	0	0
UHM1210.23070_R.bin.101|k141_1066781_15	C294	1	1	1	1	1	1	0	1	1	1	1	1	1	1
UHM1210.23070_R.bin.101|k141_1066781_17	C294	1	1	1	1	1	1	1	1	1	1	1	0	1	1
UHM1210.23070_R.bin.101|k141_1066781_18	C294	1	1	1	1	1	1	1	1	0	0	1	1	0	0
UHM1210.23070_R.bin.101|k141_1066781_19	C294	1	1	1	1	1	1	1	1	1	1	0	0	1	1
UHM1210.23070_R.bin.101|k141_1066781_21	C294	1	1	1	1	1	0	0	0	0	0	0	0	0	0
UHM1210.23070_R.bin.101|k141_1066781_22	C294	1	1	1	1	1	1	1	1	1	0	1	1	0	0
UHM1210.23070_R.bin.101|k141_1066781_25	C294	1	1	1	1	1	1	0	0	0	0	0	0	0	0
UHM1210.23070_R.bin.101|k141_1066781_26	C294	1	1	1	1	1	1	0	1	0	0	1	1	1	0
UHM1210.23070_R.bin.101|k141_1066781_27	C294	1	1	1	1	1	1	0	1	1	0	1	1	1	1
UHM1210.23070_R.bin.101|k141_1066781_28	C294	1	1	1	1	1	1	0	1	1	1	1	1	1	1
UHM1210.23070_R.bin.101|k141_1066781_29	C294	1	1	1	1	1	1	0	1	1	1	0	0	1	1
UHM1210.23070_R.bin.101|k141_1066781_30	C294	1	1	1	1	1	1	1	1	0	0	0	0	0	0
UHM1210.23070_R.bin.101|k141_1066781_32	C294	1	1	1	1	1	1	1	1	1	1	0	1	1	1
UHM1210.23070_R.bin.101|k141_1066781_33	C294	1	1	1	1	1	1	1	1	1	1	1	1	1	1
UHM1210.23070_R.bin.101|k141_1066781_34	C294	1	1	1	1	1	1	1	1	0	0	1	1	0	0
UHM1210.23070_R.bin.101|k141_1066781_35	C294	1	0	1	1	1	1	0	1	1	0	0	0	1	1
UHM1210.23070_R.bin.101|k141_1066781_36	C294	1	1	1	1	1	1	1	0	0	1	0	1	1	0
UHM1210.23070_R.bin.101|k141_1066781_37	C294	1	1	1	1	1	1	1	1	1	1	0	1	1	1
UHM1210.23070_R.bin.101|k141_1066781_38	C294	1	1	1	1	1	1	1	1	1	1	1	1	1	1
UHM1210.23070_R.bin.101|k141_1066781_39	C294	1	1	1	1	1	0	0	0	0	0	0	0	0	0
UHM1210.23070_R.bin.101|k141_1066781_40	C294	1	1	1	1	1	1	1	1	1	1	1	1	1	1
UHM1210.23070_R.bin.101|k141_1066781_41	C294	1	1	1	1	1	1	1	1	1	1	1	1	1	1
UHM1210.23070_R.bin.101|k141_1066781_42	C294	1	0	1	1	1	1	1	1	1	1	1	1	1	1
UHM1210.23070_R.bin.101|k141_1066781_45	C294	1	1	1	1	1	1	0	1	0	0	1	1	0	0
UHM1210.23070_R.bin.101|k141_1066781_46	C294	1	1	1	1	1	1	0	1	0	0	1	1	0	0
UHM1210.23070_R.bin.101|k141_1066781_47	C294	1	1	1	1	1	1	0	1	0	0	1	1	0	0
UHM1210.23070_R.bin.101|k141_1066781_48	C294	1	0	0	0	1	0	0	0	0	0	1	1	0	0
UHM1210.23070_R.bin.101|k141_1066781_49	C294	1	1	1	1	1	1	1	1	1	1	1	1	1	1
UHM1210.23070_R.bin.101|k141_1066781_50	C294	1	1	1	1	1	1	1	1	1	1	1	1	1	1
UHM1210.23070_R.bin.101|k141_1066781_51	C294	1	1	1	1	1	1	1	1	1	1	1	1	0	1
UHM1210.23070_R.bin.101|k141_1066781_52	C294	1	1	1	1	1	1	1	1	0	0	1	1	0	1
UHM1210.23070_R.bin.101|k141_1066781_53	C294	1	1	1	1	1	1	1	1	1	1	1	1	1	1
UHM1210.23070_R.bin.101|k141_1066781_54	C294	1	1	1	1	1	1	1	1	1	1	1	1	1	1
UHM1210.23070_R.bin.101|k141_1066781_56	C294	1	1	1	1	1	1	0	1	1	1	0	1	1	1
UHM1210.23070_R.bin.101|k141_1066781_58	C294	1	1	1	1	1	1	1	1	1	1	1	1	1	1
UHM1210.23070_R.bin.101|k141_1066781_59	C294	1	1	1	1	1	1	1	1	0	0	1	1	0	0
UHM1210.23070_R.bin.101|k141_1066781_60	C294	1	1	1	1	1	1	1	1	1	1	1	1	1	1
UHM1210.23070_R.bin.101|k141_1066781_61	C294	1	1	1	1	1	1	0	1	0	0	1	1	0	0
UHM1210.23070_R.bin.101|k141_1066781_62	C294	1	1	1	1	1	1	1	1	1	1	0	0	1	1
UHM1210.23070_R.bin.101|k141_1066781_63	C294	1	1	1	1	1	1	1	1	1	1	1	1	1	1
UHM1210.23070_R.bin.101|k141_1066781_64	C294	1	1	1	1	1	1	1	1	1	1	1	1	1	1
UHM1210.23070_R.bin.101|k141_1066781_65	C294	1	1	1	1	1	1	1	1	1	1	1	0	1	1
UHM1210.23070_R.bin.101|k141_1066781_67	C294	1	0	1	0	1	1	0	1	1	1	0	1	1	1
UHM1210.23070_R.bin.101|k141_1066781_72	C294	1	1	1	1	1	1	1	1	1	1	0	1	1	1
UHM1210.23070_R.bin.101|k141_1066781_73	C294	1	1	1	1	1	1	0	0	0	0	0	0	0	0
UHM1210.23070_R.bin.101|k141_1066781_74	C294	1	1	1	1	1	1	1	1	1	1	1	1	1	1
UHM1210.23070_R.bin.101|k141_1066781_75	C294	1	1	1	1	1	1	1	1	1	1	1	1	1	1
UHM1210.23070_R.bin.101|k141_1066781_76	C294	1	1	1	1	1	1	0	1	0	0	1	1	0	0
UHM1210.23070_R.bin.101|k141_1066781_77	C294	1	1	1	1	1	1	1	1	1	1	1	1	1	1
UHM1210.23070_R.bin.101|k141_1066781_78	C294	1	1	1	1	1	1	1	1	1	1	1	1	1	1
UHM1210.23070_R.bin.101|k141_1066781_79	C294	1	1	0	1	1	1	1	0	0	0	0	0	0	0
UHM1210.23070_R.bin.101|k141_1066781_89	C294	1	1	1	1	1	1	0	0	0	1	0	1	0	1
UHM1210.23070_R.bin.101|k141_1066781_90	C294	1	1	1	1	1	1	0	0	0	0	1	0	0	0
UHM1210.23070_R.bin.101|k141_1066781_91	C294	1	1	1	1	1	1	1	1	1	1	1	1	1	1
UHM1210.23070_R.bin.101|k141_1066781_92	C294	1	1	1	1	1	1	1	1	1	1	0	0	1	1
UHM1210.23070_R.bin.101|k141_1066781_93	C294	1	1	1	1	1	0	1	0	0	0	1	1	0	0
UHM1210.23070_R.bin.101|k141_1066781_95	C294	1	1	1	1	1	1	0	0	0	0	0	0	0	0
UHM1210.23070_R.bin.101|k141_1066781_97	C294	1	1	1	1	1	1	1	1	1	1	1	1	1	1
UHM1210.23070_R.bin.101|k141_1066781_98	C294	1	1	1	1	1	1	1	1	1	1	1	1	1	1
UHM1210.23070_R.bin.101|k141_1066781_99	C294	1	1	1	1	1	1	0	1	0	0	1	1	0	0
UHM1210.23070_R.bin.101|k141_1066781_100	C294	1	1	1	1	1	1	1	1	1	1	1	1	1	1
UHM1210.23070_R.bin.101|k141_1066781_101	C294	1	1	1	1	1	1	0	1	0	0	0	1	1	1
UHM1210.23070_R.bin.101|k141_1066781_102	C294	1	0	1	1	1	1	0	1	0	0	0	0	0	0
UHM1210.23070_R.bin.101|k141_1066781_103	C294	1	1	1	1	1	1	0	1	1	1	1	1	1	1
UHM1210.23070_R.bin.101|k141_1066781_104	C294	1	1	1	0	1	1	0	1	1	1	1	1	1	1
UHM1210.23070_R.bin.101|k141_1066781_105	C294	1	1	1	1	1	1	0	1	1	1	0	1	1	1
UHM1210.23070_R.bin.101|k141_1066781_108	C294	1	1	1	1	1	1	0	1	1	1	0	1	1	1
UHM1210.23070_R.bin.101|k141_1066781_109	C294	1	1	1	1	1	1	0	1	1	1	0	1	1	1
UHM1210.23070_R.bin.101|k141_1066781_110	C294	1	1	1	1	1	1	0	1	1	1	0	1	1	1
UHM1210.23070_R.bin.101|k141_1066781_112	C294	1	1	1	1	1	1	1	1	1	1	0	1	1	1
UHM1210.23070_R.bin.101|k141_1066781_114	C294	1	1	1	1	1	0	1	0	0	0	1	1	0	0
UHM1210.23070_R.bin.101|k141_1066781_115	C294	1	1	1	1	1	1	1	1	1	1	0	0	1	1
UHM1210.23070_R.bin.101|k141_1066781_116	C294	1	1	1	1	1	1	0	1	0	1	0	1	0	0
UHM1210.23070_R.bin.101|k141_1066781_119	C294	1	1	1	1	1	1	1	1	1	1	0	1	1	1
UHM1210.23070_R.bin.101|k141_1066781_121	C294	1	1	1	1	1	1	1	1	1	0	1	1	1	1
UHM1210.23070_R.bin.101|k141_1066781_122	C294	1	1	1	1	1	1	0	1	1	1	1	1	1	1
UHM1210.23070_R.bin.101|k141_1066781_123	C294	1	1	1	1	1	1	0	1	1	1	1	1	1	1
UHM1210.23070_R.bin.101|k141_1066781_124	C294	1	1	1	1	1	1	1	1	1	1	1	1	0	1
UHM1210.23070_R.bin.101|k141_1066781_125	C294	1	1	1	1	1	1	1	1	1	1	0	1	1	1
UHM1210.23070_R.bin.101|k141_1066781_126	C294	1	1	1	1	1	0	1	0	1	0	1	0	0	0
UHM1210.23070_R.bin.101|k141_1066781_127	C294	1	1	1	1	1	1	0	1	1	1	1	0	1	1
UHM1210.23070_R.bin.101|k141_1066781_128	C294	1	1	1	1	1	1	0	1	1	1	1	0	1	1
UHM1210.23070_R.bin.101|k141_1066781_130	C294	1	1	1	1	1	1	0	1	1	0	1	0	0	0
UHM1210.23070_R.bin.101|k141_3913_4	C294	1	1	1	1	1	1	0	1	1	0	0	1	1	1
UHM1210.23070_R.bin.101|k141_3913_5	C294	1	1	1	1	1	1	0	1	1	1	1	1	1	1
UHM1210.23070_R.bin.101|k141_3913_6	C294	1	1	1	1	1	1	0	1	1	1	0	1	1	1
UHM1210.23070_R.bin.101|k141_3913_7	C294	1	1	1	1	1	1	0	1	1	1	1	1	1	1
UHM1210.23070_R.bin.101|k141_3913_8	C294	1	1	1	1	1	1	0	1	1	1	1	1	1	1
UHM1210.23070_R.bin.101|k141_3913_9	C294	1	1	1	1	1	1	0	1	1	1	1	1	1	1
UHM1210.23070_R.bin.101|k141_727215_2	C294	1	1	1	1	1	1	1	1	1	1	0	1	0	1
UHM1210.23070_R.bin.101|k141_727215_4	C294	1	1	1	1	1	1	1	1	1	1	0	1	1	1
UHM1210.23070_R.bin.101|k141_727215_6	C294	1	0	1	1	1	1	0	1	0	1	0	1	1	1
UHM1210.23070_R.bin.101|k141_727215_7	C294	1	1	1	1	1	1	0	1	1	1	1	1	0	1
UHM1210.23070_R.bin.101|k141_727215_8	C294	1	1	1	1	1	1	0	1	1	1	1	1	1	1
UHM1210.23070_R.bin.101|k141_727215_9	C294	1	1	1	1	1	1	1	1	1	1	1	1	1	1
UHM1210.23070_R.bin.101|k141_727215_10	C294	1	1	1	0	1	1	1	1	1	1	1	1	1	1
UHM1210.23070_R.bin.101|k141_727215_11	C294	1	1	1	1	1	1	1	1	1	1	0	1	1	0
UHM1210.23070_R.bin.101|k141_727215_14	C294	1	1	1	1	1	1	1	1	1	1	1	1	1	1
UHM1210.23070_R.bin.101|k141_727215_15	C294	1	1	1	1	1	1	1	1	1	1	1	1	1	1
UHM1210.23070_R.bin.101|k141_727215_17	C294	1	1	1	1	1	0	1	1	0	0	1	1	0	0
UHM1210.23070_R.bin.101|k141_727215_18	C294	1	1	1	1	1	1	1	1	1	1	1	1	1	1
UHM1210.23070_R.bin.101|k141_727215_19	C294	1	1	1	1	1	1	1	1	1	1	1	1	1	1
UHM1210.23070_R.bin.101|k141_727215_20	C294	1	1	1	1	1	1	0	1	1	1	1	1	1	1
UHM1210.23070_R.bin.101|k141_727215_21	C294	1	1	1	1	1	0	1	0	0	0	1	1	0	0
UHM1210.23070_R.bin.101|k141_727215_23	C294	1	1	1	1	1	1	1	0	0	0	1	1	0	0
UHM1210.23070_R.bin.101|k141_727215_24	C294	1	1	1	1	1	1	0	1	0	0	1	1	0	0
UHM1210.23070_R.bin.101|k141_727215_25	C294	1	1	1	1	1	1	0	1	1	1	0	1	1	1
UHM1210.23070_R.bin.101|k141_727215_26	C294	1	0	1	1	1	1	1	1	1	1	0	1	1	1
UHM1210.23070_R.bin.101|k141_727215_27	C294	1	0	0	0	1	0	0	0	0	0	1	1	0	1
UHM1210.23070_R.bin.101|k141_727215_28	C294	1	1	1	1	1	1	1	1	1	1	1	1	1	1
UHM1210.23070_R.bin.101|k141_727215_29	C294	1	1	1	1	1	1	1	1	1	1	1	1	1	1
UHM1210.23070_R.bin.101|k141_727215_31	C294	1	1	1	1	1	1	1	1	1	1	0	1	1	1
UHM1210.23070_R.bin.101|k141_727215_32	C294	1	1	1	1	1	1	1	0	0	0	0	1	1	0
UHM1210.23070_R.bin.101|k141_727215_33	C294	1	1	1	1	1	1	0	1	1	1	0	1	1	1
UHM1210.23070_R.bin.101|k141_727215_35	C294	1	1	1	1	1	1	1	1	1	1	1	1	1	1
UHM1210.23070_R.bin.101|k141_727215_36	C294	1	1	1	1	1	1	1	1	1	1	1	1	1	1
UHM1210.23070_R.bin.101|k141_727215_37	C294	1	1	1	1	1	1	0	0	0	0	1	0	0	0
UHM1210.23070_R.bin.101|k141_727215_38	C294	1	1	1	1	1	1	1	1	1	1	1	1	1	1
UHM1210.23070_R.bin.101|k141_727215_39	C294	1	1	1	1	1	1	0	0	0	0	0	1	0	0
UHM1210.23070_R.bin.101|k141_727215_40	C294	1	1	1	1	1	1	1	1	1	1	1	1	1	1
UHM1210.23070_R.bin.101|k141_727215_42	C294	1	1	1	1	1	1	1	1	1	1	1	1	1	1
UHM1210.23070_R.bin.101|k141_727215_43	C294	1	1	1	1	1	1	0	0	1	0	1	1	0	1
UHM1210.23070_R.bin.101|k141_727215_45	C294	1	1	1	1	1	1	0	1	0	0	0	0	0	1
UHM1210.23070_R.bin.101|k141_727215_46	C294	1	1	1	1	1	0	1	1	0	1	1	1	1	1
UHM1210.23070_R.bin.101|k141_727215_47	C294	1	1	1	1	1	1	1	1	1	1	1	1	1	1
UHM1210.23070_R.bin.101|k141_727215_48	C294	1	1	1	1	1	1	1	1	1	1	1	1	1	1
UHM1210.23070_R.bin.101|k141_46831_1	C294	1	1	1	1	1	1	1	0	0	0	1	1	0	0
UHM1210.23070_R.bin.101|k141_46831_2	C294	1	1	1	1	1	1	1	1	1	1	1	1	1	1
UHM1210.23070_R.bin.101|k141_46831_3	C294	1	1	1	1	1	1	0	0	0	0	0	1	0	0
UHM1210.23070_R.bin.101|k141_46831_4	C294	1	1	1	1	1	1	1	0	0	0	1	1	0	0
UHM1210.23070_R.bin.101|k141_46831_5	C294	1	1	1	1	1	1	1	0	0	1	1	1	0	0
UHM1210.23070_R.bin.101|k141_46831_6	C294	1	1	1	1	1	1	1	1	0	1	0	1	0	1
UHM1210.23070_R.bin.101|k141_46831_7	C294	1	1	1	1	1	1	1	0	0	0	0	1	0	0
UHM1210.23070_R.bin.101|k141_983138_6	C294	1	1	1	1	1	0	1	1	1	1	0	0	0	1
UHM1210.23070_R.bin.101|k141_983138_7	C294	1	1	1	1	1	0	1	0	1	0	0	1	1	1
UHM1210.23070_R.bin.101|k141_983138_9	C294	1	1	1	1	1	1	1	0	0	0	1	1	0	0
UHM1210.23070_R.bin.101|k141_983138_10	C294	1	1	1	1	1	1	1	1	1	1	0	1	1	0
UHM1210.23070_R.bin.101|k141_983138_13	C294	1	1	1	1	1	0	1	1	1	0	0	1	0	1
UHM1210.23070_R.bin.101|k141_983138_20	C294	1	1	1	1	1	1	1	1	1	1	1	1	1	1
UHM1210.23070_R.bin.101|k141_983138_25	C294	1	1	1	1	1	1	1	1	1	0	1	1	1	1
UHM1210.23070_R.bin.101|k141_983138_26	C294	1	1	1	1	1	1	1	1	1	1	1	1	0	1
UHM1210.23070_R.bin.101|k141_983138_28	C294	1	1	1	1	1	1	1	1	1	0	1	1	1	1
UHM1210.23070_R.bin.101|k141_983138_29	C294	1	1	1	1	1	1	0	0	0	0	1	0	0	0
UHM1210.23070_R.bin.101|k141_983138_30	C294	1	1	1	1	1	1	1	0	0	0	1	1	0	0
UHM1210.23070_R.bin.101|k141_983138_31	C294	1	1	1	1	1	1	1	1	1	0	0	1	1	1
UHM1210.23070_R.bin.101|k141_983138_32	C294	1	1	1	1	1	1	1	1	1	1	1	1	1	1
UHM1210.23070_R.bin.101|k141_983138_33	C294	1	1	1	1	1	0	0	0	0	0	0	0	0	0
UHM1210.23070_R.bin.101|k141_983138_34	C294	1	1	1	1	1	1	0	0	0	0	0	0	0	0
UHM1210.23070_R.bin.101|k141_983138_35	C294	1	1	1	1	1	1	1	1	0	0	1	1	0	0
UHM1210.23070_R.bin.101|k141_983138_37	C294	1	1	1	1	1	1	1	1	1	1	1	1	1	1
UHM1210.23070_R.bin.101|k141_983138_38	C294	1	1	1	1	1	1	1	1	0	1	1	1	1	1
UHM1210.23070_R.bin.101|k141_983138_39	C294	1	1	1	1	1	1	1	1	1	1	1	1	1	1
UHM1210.23070_R.bin.101|k141_983138_40	C294	1	1	1	1	1	1	0	1	1	1	1	1	1	1
UHM1210.23070_R.bin.101|k141_983138_41	C294	1	1	1	1	1	1	0	1	1	1	1	1	1	1
UHM1210.23070_R.bin.101|k141_983138_43	C294	1	1	1	1	1	1	1	1	1	1	1	0	1	1
UHM1210.23070_R.bin.101|k141_983138_44	C294	1	1	1	1	1	1	1	1	1	1	0	1	1	1
UHM1210.23070_R.bin.101|k141_983138_45	C294	1	1	1	1	1	1	1	1	1	1	0	1	1	1
UHM1210.23070_R.bin.101|k141_983138_46	C294	1	1	1	1	1	1	1	1	1	1	0	1	1	1
UHM1210.23070_R.bin.101|k141_983138_47	C294	1	1	1	1	1	1	1	1	1	1	1	1	1	1
UHM1210.23070_R.bin.101|k141_983138_48	C294	1	1	1	1	1	1	1	1	1	1	1	1	1	1
UHM1210.23070_R.bin.101|k141_983138_49	C294	1	1	1	1	1	1	1	1	1	1	0	1	0	1
UHM1210.23070_R.bin.101|k141_983138_52	C294	1	1	1	1	1	0	0	0	1	1	1	1	0	1
UHM1210.23070_R.bin.101|k141_983138_53	C294	1	1	1	1	1	1	1	0	0	0	1	1	0	1
UHM1210.23070_R.bin.101|k141_983138_54	C294	1	1	1	1	1	1	0	1	0	0	0	0	0	0
UHM1210.23070_R.bin.101|k141_983138_55	C294	1	1	1	1	1	1	0	1	1	1	0	1	1	1
UHM1210.23070_R.bin.101|k141_983138_56	C294	1	1	1	1	1	1	1	1	1	1	1	1	1	1
UHM1210.23070_R.bin.101|k141_983138_57	C294	1	1	1	1	1	1	1	1	1	1	1	1	1	1
UHM1210.23070_R.bin.101|k141_983138_58	C294	1	1	1	1	1	1	1	1	1	1	1	1	1	1
UHM1210.23070_R.bin.101|k141_983138_59	C294	1	1	1	1	1	0	0	1	0	0	0	0	0	0
UHM1210.23070_R.bin.101|k141_770993_1	C294	1	1	1	1	1	1	1	1	1	0	1	1	1	0
UHM1210.23070_R.bin.101|k141_770993_18	C294	1	1	0	1	1	1	1	1	1	0	1	0	1	1
UHM1210.23070_R.bin.101|k141_770993_20	C294	1	0	0	0	1	1	1	1	1	1	1	1	1	1
UHM1210.23070_R.bin.101|k141_770993_27	C294	1	0	0	0	1	0	1	0	0	0	0	0	0	0
UHM1210.23070_R.bin.101|k141_770993_29	C294	1	1	1	1	1	1	1	1	1	1	1	1	1	1
UHM1210.23070_R.bin.101|k141_770993_30	C294	1	1	1	1	1	1	1	1	1	1	1	0	1	1
UHM1210.23070_R.bin.101|k141_770993_31	C294	1	1	1	1	1	1	1	1	1	1	0	0	1	1
UHM1210.23070_R.bin.101|k141_770993_32	C294	1	1	1	1	1	1	1	1	1	1	1	1	1	1
UHM1210.23070_R.bin.101|k141_770993_33	C294	1	1	1	1	1	1	1	1	1	1	1	0	1	1
UHM1210.23070_R.bin.101|k141_770993_34	C294	1	1	1	1	1	1	1	1	1	1	1	1	1	1
UHM1210.23070_R.bin.101|k141_770993_35	C294	1	0	1	1	1	1	1	1	1	1	1	0	1	1
UHM1210.23070_R.bin.101|k141_770993_36	C294	1	0	1	1	1	1	0	0	0	0	1	0	0	0
UHM1210.23070_R.bin.101|k141_770993_37	C294	1	0	1	1	1	1	0	0	0	0	0	0	0	0
UHM1210.23070_R.bin.101|k141_770993_38	C294	1	0	1	1	1	0	0	0	0	1	0	0	0	0
UHM1210.23070_R.bin.101|k141_770993_40	C294	1	1	1	1	1	1	1	1	1	1	1	1	1	1
UHM1210.23070_R.bin.101|k141_770993_42	C294	1	1	1	1	1	1	1	1	1	0	1	1	0	0
UHM1210.23070_R.bin.101|k141_770993_43	C294	1	1	1	1	1	1	1	1	1	1	0	1	1	1
UHM1210.23070_R.bin.101|k141_770993_44	C294	1	0	0	0	1	0	0	0	0	0	0	0	0	0
UHM1210.23070_R.bin.101|k141_770993_45	C294	1	1	1	1	1	1	1	1	1	1	0	1	1	1
UHM1210.23070_R.bin.101|k141_770993_46	C294	1	1	1	1	1	1	1	1	1	1	0	1	1	1
UHM1210.23070_R.bin.101|k141_770993_47	C294	1	1	1	1	1	1	1	1	1	1	0	1	1	1
UHM1210.23070_R.bin.101|k141_770993_48	C294	1	1	1	1	1	1	1	1	1	1	0	1	1	1
UHM1210.23070_R.bin.101|k141_770993_49	C294	1	1	1	1	1	1	1	1	1	1	1	1	1	1
UHM1210.23070_R.bin.101|k141_770993_50	C294	1	0	0	0	1	0	1	0	0	0	0	0	0	0
UHM1210.23070_R.bin.101|k141_770993_51	C294	1	1	1	1	1	1	1	1	1	1	1	1	1	1
UHM1210.23070_R.bin.101|k141_770993_52	C294	1	1	1	1	1	1	1	1	1	1	1	1	1	1
UHM1210.23070_R.bin.101|k141_770993_53	C294	1	1	1	1	1	1	1	1	1	1	1	1	1	1
UHM1210.23070_R.bin.101|k141_770993_56	C294	1	1	1	1	1	1	0	0	0	0	0	0	0	0
UHM1210.23070_R.bin.101|k141_770993_61	C294	1	1	1	1	1	1	1	1	1	1	0	1	1	1
UHM1210.23070_R.bin.101|k141_770993_62	C294	1	1	1	1	1	1	1	1	1	1	1	1	1	1
UHM1210.23070_R.bin.101|k141_770993_64	C294	1	1	1	1	1	0	1	1	0	0	1	1	0	0
UHM1210.23070_R.bin.101|k141_770993_65	C294	1	1	1	1	1	1	1	1	1	1	1	1	1	1
UHM1210.23070_R.bin.101|k141_770993_67	C294	1	1	1	1	1	1	1	1	0	0	1	1	0	0
UHM1210.23070_R.bin.101|k141_770993_69	C294	1	1	1	1	1	1	1	1	1	1	1	1	0	1
UHM1210.23070_R.bin.101|k141_770993_70	C294	1	1	1	1	1	1	1	1	1	1	1	1	1	1
UHM1210.23070_R.bin.101|k141_770993_71	C294	1	1	1	1	1	1	1	1	1	1	1	1	1	1
UHM1210.23070_R.bin.101|k141_770993_72	C294	1	1	1	1	1	0	0	1	1	1	0	1	1	1
UHM1210.23070_R.bin.101|k141_770993_74	C294	1	1	1	1	1	1	0	1	1	0	1	1	1	1
UHM1210.23070_R.bin.101|k141_770993_75	C294	1	1	1	1	1	1	1	1	0	0	1	1	0	0
UHM1210.23070_R.bin.101|k141_770993_76	C294	1	0	1	1	1	1	1	1	1	1	0	1	1	1
UHM1210.23070_R.bin.101|k141_770993_77	C294	1	1	1	0	1	1	1	1	0	0	1	1	1	0
UHM1210.23070_R.bin.101|k141_770993_78	C294	1	1	1	0	1	1	0	1	1	1	1	1	1	1
UHM1210.23070_R.bin.101|k141_770993_80	C294	1	1	1	1	1	1	1	1	0	1	1	1	1	1
UHM1210.23070_R.bin.101|k141_770993_81	C294	1	1	1	1	1	1	0	1	0	0	1	1	0	0
UHM1210.23070_R.bin.101|k141_770993_82	C294	1	1	1	1	1	1	1	1	1	1	1	1	1	1
UHM1210.23070_R.bin.101|k141_770993_83	C294	1	1	1	1	1	1	1	1	0	1	1	1	0	0
UHM1210.23070_R.bin.101|k141_770993_84	C294	1	1	1	1	1	1	1	1	1	1	1	1	1	1
UHM1210.23070_R.bin.101|k141_770993_85	C294	1	0	0	1	1	1	0	1	0	0	0	0	0	0
UHM1210.23070_R.bin.101|k141_770993_87	C294	1	1	1	1	1	1	1	1	1	1	1	1	1	1
UHM1210.23070_R.bin.101|k141_770993_88	C294	1	1	1	1	1	1	1	1	1	1	1	1	1	1
UHM1210.23070_R.bin.101|k141_770993_89	C294	1	1	1	1	1	1	0	1	1	1	1	1	1	1
UHM1210.23070_R.bin.101|k141_770993_90	C294	1	1	1	1	1	0	0	0	1	0	0	0	0	0
UHM1210.23070_R.bin.101|k141_770993_91	C294	1	1	1	1	1	0	1	1	0	0	1	1	0	0
UHM1210.23070_R.bin.101|k141_770993_92	C294	1	0	0	0	1	0	0	1	1	1	1	1	0	1
UHM1210.23070_R.bin.101|k141_770993_93	C294	1	1	1	1	1	0	1	1	1	1	1	1	1	1
UHM1210.23070_R.bin.101|k141_770993_94	C294	1	1	1	1	1	1	0	1	1	1	0	1	1	1
UHM1210.23070_R.bin.101|k141_770993_96	C294	1	1	1	1	1	1	1	0	0	0	1	1	0	0
UHM1210.23070_R.bin.101|k141_770993_97	C294	1	1	1	1	1	1	1	1	0	0	1	1	0	0
UHM1210.23070_R.bin.101|k141_770993_99	C294	1	1	1	1	1	1	1	1	0	0	1	1	0	0
UHM1210.23070_R.bin.101|k141_770993_100	C294	1	1	1	1	1	1	1	1	1	1	1	1	1	1
UHM1210.23070_R.bin.101|k141_770993_112	C294	1	1	1	1	1	1	1	1	1	1	1	1	1	1
UHM1210.23070_R.bin.101|k141_770993_113	C294	1	1	1	1	1	1	0	1	0	0	1	1	0	0
UHM1210.23070_R.bin.101|k141_770993_114	C294	1	1	1	1	1	1	1	1	1	1	1	1	1	1
UHM1210.23070_R.bin.101|k141_770993_115	C294	1	1	1	1	1	1	1	1	1	1	1	1	1	1
UHM1210.23070_R.bin.101|k141_770993_116	C294	1	0	1	1	1	1	1	1	1	0	1	1	1	1
UHM1210.23070_R.bin.101|k141_770993_117	C294	1	1	1	1	1	1	1	1	1	0	1	1	1	1
UHM1210.23070_R.bin.101|k141_770993_120	C294	1	1	1	1	1	1	1	1	1	1	1	1	0	1
UHM1210.23070_R.bin.101|k141_770993_121	C294	1	1	1	1	1	1	1	1	1	1	1	1	1	1
UHM1210.23070_R.bin.101|k141_770993_122	C294	1	1	1	1	1	1	1	1	0	0	1	1	0	0
UHM1210.23070_R.bin.101|k141_770993_123	C294	1	1	1	1	1	1	0	0	0	0	0	1	0	0
UHM1210.23070_R.bin.101|k141_770993_124	C294	1	1	1	1	1	1	0	1	1	0	0	0	0	1
UHM1210.23070_R.bin.101|k141_770993_125	C294	1	1	1	1	1	1	1	1	1	1	0	1	1	1
UHM1210.23070_R.bin.101|k141_770993_126	C294	1	1	1	1	1	1	1	1	1	1	1	1	1	1
UHM1210.23070_R.bin.101|k141_770993_128	C294	1	1	1	1	1	1	0	0	1	1	1	1	1	1
UHM1210.23070_R.bin.101|k141_770993_129	C294	1	0	0	0	1	1	0	0	0	0	1	1	1	1
UHM1210.23070_R.bin.101|k141_1028068_1	C294	1	0	0	0	1	1	0	0	1	0	1	1	0	0
UHM1210.23070_R.bin.101|k141_1028068_3	C294	1	1	1	1	1	1	1	0	0	0	0	0	0	1
UHM1210.23070_R.bin.101|k141_1028068_4	C294	1	1	1	1	1	1	1	1	1	1	1	1	1	1
UHM1210.23070_R.bin.101|k141_1028068_5	C294	1	0	0	0	1	1	1	1	1	1	1	0	1	1
UHM1210.23070_R.bin.101|k141_1028068_7	C294	1	1	1	1	1	1	1	1	1	1	0	0	1	1
UHM1210.23070_R.bin.101|k141_1028068_8	C294	1	1	1	1	1	1	1	1	1	0	1	1	0	0
UHM1210.23070_R.bin.101|k141_1028068_9	C294	1	1	1	1	1	1	1	1	1	1	0	0	1	1
UHM1210.23070_R.bin.101|k141_1028068_10	C294	1	1	1	1	1	1	1	1	0	1	0	0	1	1
UHM1210.23070_R.bin.101|k141_1028068_11	C294	1	1	1	1	1	1	1	1	1	1	0	1	1	1
UHM1210.23070_R.bin.101|k141_1028068_13	C294	1	1	1	1	1	1	1	1	1	1	1	1	1	1
UHM1210.23070_R.bin.101|k141_1028068_14	C294	1	1	1	1	1	1	0	1	0	0	0	0	0	0
UHM1210.23070_R.bin.101|k141_1028068_17	C294	1	1	1	1	1	1	1	1	1	1	1	1	1	1
UHM1210.23070_R.bin.101|k141_1028068_18	C294	1	1	1	1	1	1	1	1	1	1	1	1	1	1
UHM1210.23070_R.bin.101|k141_1028068_19	C294	1	1	1	1	1	1	1	1	1	1	1	1	1	1
UHM1210.23070_R.bin.101|k141_1028068_20	C294	1	1	1	1	1	1	1	1	1	1	1	1	1	1
UHM1210.23070_R.bin.101|k141_1028068_21	C294	1	0	0	0	1	0	0	1	1	1	1	1	0	1
UHM1210.23070_R.bin.101|k141_1028068_22	C294	1	1	1	1	1	1	1	1	1	1	1	1	1	1
UHM1210.23070_R.bin.101|k141_1028068_23	C294	1	1	1	1	1	1	1	1	1	1	1	1	1	1
UHM1210.23070_R.bin.101|k141_218859_2	C294	1	1	1	1	1	1	1	1	1	1	1	1	1	1
UHM1210.23070_R.bin.101|k141_218859_3	C294	1	1	1	1	1	1	1	1	1	1	1	1	1	1
UHM1210.23070_R.bin.101|k141_218859_4	C294	1	1	1	1	1	1	1	1	1	1	0	1	1	1
UHM1210.23070_R.bin.101|k141_218859_5	C294	1	1	1	1	1	1	0	0	1	1	1	1	0	1
UHM1210.23070_R.bin.101|k141_218859_6	C294	1	1	1	1	1	1	0	1	1	1	0	1	1	1
UHM1210.23070_R.bin.101|k141_218859_7	C294	1	1	1	1	1	1	1	1	1	1	1	1	1	1
UHM1210.23070_R.bin.101|k141_218859_10	C294	1	1	1	1	1	1	1	1	1	1	1	1	1	1
UHM1210.23070_R.bin.101|k141_218859_11	C294	1	1	1	1	1	1	1	1	1	1	0	1	1	1
UHM1210.23070_R.bin.101|k141_218859_12	C294	1	0	0	0	1	0	0	1	0	0	0	0	0	0
UHM1210.23070_R.bin.101|k141_218859_14	C294	1	1	1	1	1	1	1	1	1	1	1	1	1	1
UHM1210.23070_R.bin.101|k141_218859_15	C294	1	1	1	1	1	0	1	1	0	0	0	0	1	0
UHM1210.23070_R.bin.101|k141_218859_16	C294	1	1	1	1	1	1	1	1	0	0	1	1	0	0
UHM1210.23070_R.bin.101|k141_218859_23	C294	1	1	1	1	1	1	0	1	0	0	0	0	1	1
UHM1210.23070_R.bin.101|k141_218859_24	C294	1	1	1	1	1	1	1	1	1	1	1	1	1	1
UHM1210.23070_R.bin.101|k141_218859_25	C294	1	1	1	1	1	1	1	0	0	1	1	0	0	0
UHM1210.23070_R.bin.101|k141_218859_26	C294	1	1	1	1	1	1	1	0	0	0	1	0	0	0
UHM1210.23070_R.bin.101|k141_218859_27	C294	1	1	0	1	1	1	1	1	1	1	1	1	1	1
UHM1210.23070_R.bin.101|k141_218859_28	C294	1	1	1	1	1	1	0	1	0	1	1	1	0	1
UHM1210.23070_R.bin.101|k141_604287_7	C294	1	1	1	1	1	1	1	1	1	1	1	1	1	1
UHM1210.23070_R.bin.101|k141_604287_8	C294	1	1	1	1	1	1	1	1	1	1	1	1	1	1
UHM1210.23070_R.bin.101|k141_604287_9	C294	1	1	1	1	1	1	1	1	1	1	1	1	1	0
UHM1210.23070_R.bin.101|k141_604287_12	C294	1	1	1	1	1	1	1	1	1	0	1	1	1	1
UHM1210.23070_R.bin.101|k141_604287_14	C294	1	1	1	1	1	1	1	1	1	1	1	1	1	1
UHM1210.23070_R.bin.101|k141_604287_15	C294	1	1	1	1	1	0	1	0	0	0	1	1	0	0
UHM1210.23070_R.bin.101|k141_604287_17	C294	1	1	1	1	1	0	1	0	0	0	1	1	0	0
UHM1210.23070_R.bin.101|k141_604287_18	C294	1	1	1	1	1	0	1	0	0	0	1	1	0	0
UHM1210.23070_R.bin.101|k141_604287_19	C294	1	1	1	1	1	1	1	1	0	0	1	1	0	0
UHM1210.23070_R.bin.101|k141_604287_20	C294	1	1	1	1	1	1	1	1	1	1	1	1	1	1
UHM1210.23070_R.bin.101|k141_604287_21	C294	1	1	1	1	1	1	1	0	0	0	0	0	0	0
UHM1210.23070_R.bin.101|k141_604287_22	C294	1	1	1	1	1	1	1	1	1	1	1	1	1	1
UHM1210.23070_R.bin.101|k141_604287_23	C294	1	1	1	1	1	1	0	0	0	0	0	0	0	0
UHM1210.23070_R.bin.101|k141_604287_25	C294	1	1	1	1	1	1	0	1	0	0	1	0	0	0
UHM1210.23070_R.bin.101|k141_1070989_3	C294	1	1	1	1	1	1	1	1	1	0	1	1	0	0
UHM1210.23070_R.bin.101|k141_1070989_4	C294	1	1	1	1	1	1	0	1	0	0	1	1	0	1
UHM1210.23070_R.bin.101|k141_1070989_5	C294	1	1	1	1	1	1	1	1	1	1	1	1	1	1
UHM1210.23070_R.bin.101|k141_1070989_6	C294	1	1	1	1	1	1	1	1	1	1	0	1	1	1
UHM1210.23070_R.bin.101|k141_1070989_7	C294	1	1	1	1	1	1	1	1	0	0	1	1	1	0
UHM1210.23070_R.bin.101|k141_1070989_8	C294	1	1	1	1	1	1	1	1	1	1	1	1	1	1
UHM1210.23070_R.bin.101|k141_1070989_9	C294	1	1	1	1	1	1	1	1	1	1	1	1	1	1
UHM1210.23070_R.bin.101|k141_1070989_10	C294	1	1	0	1	1	1	0	1	0	1	1	1	1	1
UHM1210.23070_R.bin.101|k141_1070989_11	C294	1	1	1	1	1	1	1	1	0	0	0	0	0	0
UHM1210.23070_R.bin.101|k141_1070989_12	C294	1	1	1	1	1	1	1	0	1	1	1	1	1	1
UHM1210.23070_R.bin.101|k141_1242731_3	C294	1	1	1	1	1	1	0	1	1	1	1	1	1	1
UHM1210.23070_R.bin.101|k141_1242731_4	C294	1	1	1	1	1	1	1	1	0	0	1	1	0	0
UHM1210.23070_R.bin.101|k141_1242731_5	C294	1	1	1	1	1	1	1	1	1	1	1	1	1	1
UHM1210.23070_R.bin.101|k141_1242731_7	C294	1	1	1	1	1	1	1	1	1	1	1	1	1	1
UHM1210.23070_R.bin.101|k141_1242731_9	C294	1	0	1	1	1	0	0	0	0	0	0	0	0	0
UHM1210.23070_R.bin.101|k141_1242731_10	C294	1	1	1	1	1	1	0	1	0	0	1	1	0	1
UHM1210.23070_R.bin.101|k141_1242731_11	C294	1	1	1	1	1	1	1	1	1	0	1	1	0	1
UHM1210.23070_R.bin.101|k141_1242731_12	C294	1	1	1	1	1	1	1	1	1	1	1	1	1	1
UHM1210.23070_R.bin.101|k141_1242731_13	C294	1	1	1	1	1	1	1	0	0	0	1	1	1	1
UHM1210.23070_R.bin.101|k141_1242731_14	C294	1	1	1	1	1	1	1	1	1	1	1	1	1	1
UHM1210.23070_R.bin.101|k141_1242731_15	C294	1	1	1	1	1	1	1	1	1	1	1	1	1	1
UHM1210.23070_R.bin.101|k141_1242731_16	C294	1	1	1	1	1	1	1	1	1	1	1	1	1	1
UHM1210.23070_R.bin.101|k141_1242731_17	C294	1	1	1	1	1	1	1	1	1	1	1	1	1	1
UHM1210.23070_R.bin.101|k141_1242731_18	C294	1	1	1	1	1	1	1	1	1	1	1	1	1	1
UHM1210.23070_R.bin.101|k141_1242731_19	C294	1	1	1	1	1	1	1	1	1	1	1	1	1	1
UHM1210.23070_R.bin.101|k141_1242731_20	C294	1	0	1	1	1	0	1	0	0	0	0	0	0	0
UHM1210.23070_R.bin.101|k141_1242731_23	C294	1	1	1	1	1	1	1	1	1	1	1	1	1	1
UHM1210.23070_R.bin.101|k141_1242731_24	C294	1	1	1	1	1	1	1	1	1	1	1	1	1	1
UHM1210.23070_R.bin.101|k141_1242731_25	C294	1	1	1	1	1	1	1	1	1	1	1	1	1	1
UHM1210.23070_R.bin.101|k141_1242731_26	C294	1	1	1	1	1	1	1	1	1	1	1	1	1	1
UHM1210.23070_R.bin.101|k141_1242731_27	C294	1	1	1	1	1	1	1	1	1	1	1	1	1	1
UHM1210.23070_R.bin.101|k141_1242731_28	C294	1	1	1	1	1	1	0	1	1	1	1	1	1	1
UHM1210.23070_R.bin.101|k141_1242731_29	C294	1	1	1	1	1	1	0	1	1	1	1	1	1	1
UHM1210.23070_R.bin.101|k141_1242731_30	C294	1	1	1	1	1	1	1	1	1	0	0	0	0	0
UHM1210.23070_R.bin.101|k141_1242731_32	C294	1	1	1	1	1	1	1	1	1	1	1	1	1	1
UHM1210.23070_R.bin.101|k141_1242731_33	C294	1	1	1	1	1	1	0	0	1	1	1	1	0	1
UHM1210.23070_R.bin.101|k141_1242731_34	C294	1	0	0	0	1	0	0	1	1	1	1	1	0	1
UHM1210.23070_R.bin.101|k141_1242731_35	C294	1	1	1	1	1	1	1	1	1	1	1	1	1	1
UHM1210.23070_R.bin.101|k141_1242731_36	C294	1	1	1	1	1	1	0	1	1	1	1	1	1	1
UHM1210.23070_R.bin.101|k141_1242731_37	C294	1	1	1	1	1	1	1	1	1	1	0	0	1	1
UHM1210.23070_R.bin.101|k141_1242731_41	C294	1	0	0	0	1	0	0	1	0	0	1	1	0	1
UHM1210.23070_R.bin.101|k141_1242731_44	C294	1	1	1	1	1	1	1	1	1	1	1	1	1	1
UHM1210.23070_R.bin.101|k141_1242731_45	C294	1	1	1	1	1	1	1	1	1	1	1	1	1	1
UHM1210.23070_R.bin.101|k141_1242731_46	C294	1	1	1	1	1	1	1	1	1	1	1	1	1	1
UHM1210.23070_R.bin.101|k141_1242731_47	C294	1	1	1	1	1	1	0	1	1	1	1	1	1	0
UHM1210.23070_R.bin.101|k141_1283829_3	C294	1	1	1	1	1	1	0	1	1	0	1	1	0	0
UHM1210.23070_R.bin.101|k141_1283829_5	C294	1	1	1	1	1	1	1	1	1	1	0	1	1	1
UHM1210.23070_R.bin.101|k141_1283829_6	C294	1	1	1	1	1	1	1	1	1	0	0	1	1	1
UHM1210.23070_R.bin.101|k141_1283829_7	C294	1	1	1	1	1	1	1	1	1	0	0	1	1	1
UHM1210.23070_R.bin.101|k141_692359_2	C294	1	1	1	1	1	1	1	1	0	0	1	1	0	0
UHM1210.23070_R.bin.101|k141_692359_3	C294	1	1	1	1	1	1	1	1	1	1	1	1	1	1
UHM1210.23070_R.bin.101|k141_692359_4	C294	1	1	1	1	1	1	1	1	1	1	1	1	1	1
UHM1210.23070_R.bin.101|k141_692359_15	C294	1	1	1	1	1	1	0	1	1	1	1	1	1	1
UHM1210.23070_R.bin.101|k141_692359_16	C294	1	1	1	1	1	1	1	1	1	1	1	1	1	1
UHM1210.23070_R.bin.101|k141_692359_17	C294	1	1	1	1	1	1	1	1	1	1	1	1	1	1
UHM1210.23070_R.bin.101|k141_692359_18	C294	1	1	1	1	1	1	0	0	0	0	0	0	0	0
UHM1210.23070_R.bin.101|k141_692359_19	C294	1	1	1	1	1	0	0	0	0	0	0	0	0	0
UHM1210.23070_R.bin.101|k141_692359_21	C294	1	1	1	1	1	1	1	1	1	1	1	1	1	1
UHM1210.23070_R.bin.101|k141_692359_22	C294	1	1	1	1	1	1	1	1	1	1	1	1	1	1
UHM1210.23070_R.bin.101|k141_692359_24	C294	1	1	1	1	1	1	1	1	1	1	1	1	1	1
UHM1210.23070_R.bin.101|k141_692359_25	C294	1	0	0	0	1	0	0	0	0	0	0	0	0	0
UHM1210.23070_R.bin.101|k141_692359_26	C294	1	1	1	1	1	1	1	1	1	1	1	1	1	1
UHM1210.23070_R.bin.101|k141_692359_27	C294	1	1	1	1	1	1	1	0	1	1	0	1	0	0
UHM1210.23070_R.bin.101|k141_692359_28	C294	1	1	1	1	1	1	1	1	1	1	1	1	1	1
UHM1210.23070_R.bin.101|k141_692359_29	C294	1	1	1	1	1	1	1	1	1	1	1	1	1	1
UHM1210.23070_R.bin.101|k141_692359_30	C294	1	1	1	1	1	1	1	1	1	1	1	1	1	0
UHM1210.23070_R.bin.101|k141_692359_31	C294	1	1	1	1	1	1	0	0	1	1	1	1	0	0
UHM1210.23070_R.bin.101|k141_692359_34	C294	1	1	1	1	1	1	1	1	1	1	1	1	1	1
UHM1210.23070_R.bin.101|k141_692359_36	C294	1	0	0	0	1	0	0	1	1	1	1	1	0	1
UHM1210.23070_R.bin.101|k141_692359_37	C294	1	1	1	1	1	1	1	1	1	1	1	1	1	1
UHM1210.23070_R.bin.101|k141_692359_38	C294	1	1	1	1	1	1	1	1	1	1	1	1	1	1
UHM1210.23070_R.bin.101|k141_692359_39	C294	1	1	1	1	1	1	1	1	1	1	0	1	1	1
UHM1210.23070_R.bin.101|k141_692359_41	C294	1	1	1	1	1	1	1	1	1	1	1	1	1	1
UHM1210.23070_R.bin.101|k141_692359_42	C294	1	0	1	1	1	1	0	0	0	0	0	1	0	0
UHM1210.23070_R.bin.101|k141_692359_44	C294	1	0	0	0	1	1	0	1	0	0	0	1	0	1
UHM1210.23070_R.bin.101|k141_692359_45	C294	1	0	0	0	1	0	0	0	1	1	0	1	0	0
UHM1210.23070_R.bin.101|k141_692359_46	C294	1	1	1	1	1	1	1	1	1	1	0	1	1	1
UHM1210.23070_R.bin.101|k141_692359_49	C294	1	1	1	1	1	1	1	1	1	1	1	1	1	1
UHM1210.23070_R.bin.101|k141_692359_50	C294	1	1	1	1	1	1	0	1	1	1	1	1	1	1
UHM1210.23070_R.bin.101|k141_692359_52	C294	1	1	1	1	1	1	1	1	1	1	1	1	1	1
UHM1210.23070_R.bin.101|k141_692359_53	C294	1	1	1	1	1	1	1	1	1	1	1	1	1	1
UHM1210.23070_R.bin.101|k141_692359_55	C294	1	1	1	1	1	1	0	0	0	0	0	0	0	0
UHM1210.23070_R.bin.101|k141_692359_56	C294	1	1	1	1	1	1	1	1	1	0	1	1	1	1
UHM1210.23070_R.bin.101|k141_692359_58	C294	1	1	1	1	1	1	1	1	1	0	1	1	1	1
UHM1210.23070_R.bin.101|k141_692359_59	C294	1	1	1	1	1	1	0	0	0	0	0	0	0	0
UHM1210.23070_R.bin.101|k141_692359_60	C294	1	1	1	1	1	1	1	1	1	1	0	1	1	1
UHM1210.23070_R.bin.101|k141_692359_61	C294	1	1	1	1	1	1	1	1	1	1	1	1	1	1
UHM1210.23070_R.bin.101|k141_692359_62	C294	1	1	1	1	1	1	0	1	1	1	1	1	1	0
UHM1210.23070_R.bin.101|k141_692359_63	C294	1	1	1	1	1	1	1	1	1	1	1	1	1	1
UHM1210.23070_R.bin.101|k141_692359_64	C294	1	1	1	1	1	1	1	1	1	1	0	1	1	1
UHM1210.23070_R.bin.101|k141_692359_65	C294	1	1	1	1	1	1	1	1	1	1	1	1	1	1
UHM1210.23070_R.bin.101|k141_609199_7	C294	1	0	0	0	1	0	0	0	0	0	1	0	0	0
UHM1210.23070_R.bin.101|k141_609199_8	C294	1	0	0	0	1	0	0	1	1	0	0	0	1	1
UHM1210.23070_R.bin.101|k141_609199_9	C294	1	1	1	1	1	1	0	0	0	0	0	1	0	1
UHM1210.23070_R.bin.101|k141_609199_11	C294	1	1	1	1	1	1	1	1	1	1	0	1	1	1
UHM1210.23070_R.bin.101|k141_609199_12	C294	1	1	1	1	1	1	1	1	1	1	0	0	1	1
UHM1210.23070_R.bin.101|k141_609199_13	C294	1	0	0	0	1	0	0	1	1	1	0	0	0	1
UHM1210.23070_R.bin.101|k141_609199_14	C294	1	1	1	1	1	1	1	1	1	1	1	0	1	1
UHM1210.23070_R.bin.101|k141_609199_15	C294	1	1	1	1	1	1	0	1	1	1	0	1	1	1
UHM1210.23070_R.bin.101|k141_609199_17	C294	1	1	1	1	1	1	1	0	0	1	1	1	0	1
UHM1210.23070_R.bin.101|k141_609199_18	C294	1	1	1	1	1	1	1	1	1	1	1	1	1	1
UHM1210.23070_R.bin.101|k141_609199_19	C294	1	1	1	1	1	1	1	1	1	1	0	0	1	1
UHM1210.23070_R.bin.101|k141_609199_21	C294	1	1	1	1	1	1	1	1	1	1	1	1	1	1
UHM1210.23070_R.bin.101|k141_609199_22	C294	1	1	1	1	1	1	1	1	1	1	1	1	1	1
UHM1210.23070_R.bin.101|k141_609199_23	C294	1	1	1	1	1	1	1	1	1	1	0	1	1	1
UHM1210.23070_R.bin.101|k141_609199_24	C294	1	1	1	1	1	1	1	1	1	1	1	1	1	1
UHM1210.23070_R.bin.101|k141_609199_25	C294	1	1	1	1	1	1	1	1	1	1	1	1	1	1
UHM1210.23070_R.bin.101|k141_609199_26	C294	1	1	1	1	1	1	1	1	1	1	1	1	1	1
UHM1210.23070_R.bin.101|k141_609199_30	C294	1	1	1	1	1	1	1	1	1	0	0	1	1	1
UHM1210.23070_R.bin.101|k141_609199_32	C294	1	0	0	0	1	1	1	0	0	0	1	0	0	0
UHM1210.23070_R.bin.101|k141_609199_33	C294	1	1	1	1	1	1	1	1	1	1	0	1	1	1
UHM1210.23070_R.bin.101|k141_609199_34	C294	1	1	1	1	1	1	1	1	1	1	1	1	1	1
UHM1210.23070_R.bin.101|k141_609199_35	C294	1	1	1	1	1	1	1	1	1	1	1	1	1	1
UHM1210.23070_R.bin.101|k141_609199_36	C294	1	0	0	0	1	0	0	0	0	0	0	0	0	0
UHM1210.23070_R.bin.101|k141_609199_37	C294	1	1	1	1	1	1	1	1	1	1	1	0	1	1
UHM1210.23070_R.bin.101|k141_609199_39	C294	1	1	1	1	1	0	0	1	0	0	1	0	0	0
UHM1210.23070_R.bin.101|k141_609199_40	C294	1	1	0	1	1	0	1	0	0	0	1	0	0	0
UHM1210.23070_R.bin.101|k141_609199_41	C294	1	1	0	1	1	1	1	0	1	0	1	0	0	0
UHM1210.23070_R.bin.101|k141_609199_42	C294	1	1	0	1	1	0	1	0	0	0	1	0	0	0
UHM1210.23070_R.bin.101|k141_609199_46	C294	1	1	1	1	1	1	0	0	0	0	0	0	0	1
UHM1210.23070_R.bin.101|k141_609199_54	C294	1	0	0	0	1	0	0	0	0	0	1	0	0	0
UHM1210.23070_R.bin.101|k141_13322_3	C294	1	1	1	1	1	0	0	1	1	1	1	1	0	1
UHM1210.23070_R.bin.101|k141_13322_4	C294	1	1	1	1	1	1	1	1	1	1	1	1	1	1
UHM1210.23070_R.bin.101|k141_13322_5	C294	1	1	1	1	1	1	0	1	0	0	0	1	0	0
UHM1210.23070_R.bin.101|k141_13322_6	C294	1	1	1	1	1	0	0	0	0	0	1	1	0	1
UHM1210.23070_R.bin.101|k141_13322_11	C294	1	1	1	1	1	1	1	1	1	1	1	1	1	1
UHM1210.23070_R.bin.101|k141_13322_12	C294	1	1	1	1	1	1	1	1	1	1	1	1	1	1
UHM1210.23070_R.bin.101|k141_13322_13	C294	1	1	1	1	1	1	0	1	0	0	0	1	0	0
UHM1210.23070_R.bin.101|k141_13322_14	C294	1	1	1	1	1	1	1	1	1	1	0	1	1	1
UHM1210.23070_R.bin.101|k141_13322_15	C294	1	0	0	0	1	0	0	1	1	1	0	1	0	1
UHM1210.23070_R.bin.101|k141_13322_16	C294	1	0	0	0	1	0	0	1	1	1	0	1	0	1
UHM1210.23070_R.bin.101|k141_13322_17	C294	1	1	1	1	1	0	1	1	1	1	0	1	1	1
UHM1210.23070_R.bin.101|k141_13322_20	C294	1	1	1	1	1	0	1	1	1	1	0	1	1	1
UHM1210.23070_R.bin.101|k141_13322_21	C294	1	1	1	1	1	1	1	1	1	1	0	1	1	1
UHM1210.23070_R.bin.101|k141_13322_23	C294	1	1	1	1	1	1	1	1	1	1	1	0	1	1
UHM1210.23070_R.bin.101|k141_13322_24	C294	1	1	1	1	1	1	1	1	0	0	1	1	0	0
UHM1210.23070_R.bin.101|k141_13322_25	C294	1	1	1	1	1	1	1	1	1	1	1	1	1	1
UHM1210.23070_R.bin.101|k141_13322_26	C294	1	1	1	1	1	1	1	1	1	1	0	1	1	1
UHM1210.23070_R.bin.101|k141_13322_27	C294	1	1	1	1	1	1	1	0	0	0	0	1	0	0
UHM1210.23070_R.bin.101|k141_13322_28	C294	1	1	1	1	1	1	1	0	1	0	0	1	1	1
UHM1210.23070_R.bin.101|k141_13322_29	C294	1	1	1	1	1	1	1	1	1	1	0	1	1	1
UHM1210.23070_R.bin.101|k141_13322_31	C294	1	1	1	1	1	1	1	1	0	0	0	0	0	0
UHM1210.23070_R.bin.101|k141_13322_32	C294	1	1	1	1	1	1	1	1	1	1	1	1	1	1
UHM1210.23070_R.bin.101|k141_13322_33	C294	1	1	1	1	1	0	0	1	0	0	1	1	0	0
UHM1210.23070_R.bin.101|k141_13322_34	C294	1	1	1	1	1	1	0	0	0	0	1	0	0	0
UHM1210.23070_R.bin.101|k141_13322_36	C294	1	1	1	1	1	1	0	1	1	1	1	1	0	1
UHM1210.23070_R.bin.101|k141_567750_14	C294	1	0	0	0	1	1	0	1	0	0	0	1	0	0
UHM1210.23070_R.bin.101|k141_567750_16	C294	1	1	1	1	1	1	0	0	0	0	0	0	1	1
UHM1210.23070_R.bin.101|k141_567750_17	C294	1	1	1	1	1	1	0	1	1	0	1	1	0	1
UHM1210.23070_R.bin.101|k141_567750_18	C294	1	1	1	0	1	0	0	0	0	0	0	0	0	0
UHM1210.23070_R.bin.101|k141_14093_3	C294	1	1	1	1	1	1	0	1	1	1	1	1	1	1
UHM1210.23070_R.bin.101|k141_14093_6	C294	1	1	1	1	1	1	1	1	1	1	1	1	1	1
UHM1210.23070_R.bin.101|k141_14093_7	C294	1	1	1	1	1	1	0	1	1	1	1	1	1	1
UHM1210.23070_R.bin.101|k141_14093_9	C294	1	1	1	1	1	1	1	1	1	0	1	0	1	1
UHM1210.23070_R.bin.101|k141_14093_11	C294	1	1	1	1	1	1	1	1	1	1	1	1	1	0
UHM1210.23070_R.bin.101|k141_14093_12	C294	1	1	1	1	1	1	1	1	1	1	1	1	1	1
UHM1210.23070_R.bin.101|k141_14093_14	C294	1	1	1	1	1	1	0	1	1	0	0	0	1	0
UHM1210.23070_R.bin.101|k141_14093_15	C294	1	0	0	0	1	1	1	1	0	1	0	0	0	1
UHM1210.23070_R.bin.101|k141_14093_16	C294	1	1	1	1	1	1	1	1	1	1	0	0	1	1
UHM1210.23070_R.bin.101|k141_14093_17	C294	1	0	1	1	1	1	1	1	0	0	0	1	0	0
UHM1210.23070_R.bin.101|k141_14093_18	C294	1	1	1	1	1	1	1	1	1	0	1	1	1	1
UHM1210.23070_R.bin.101|k141_14093_19	C294	1	0	1	1	1	1	0	0	0	0	0	1	0	0
UHM1210.23070_R.bin.101|k141_14093_21	C294	1	0	1	1	1	1	1	1	1	1	0	1	1	1
UHM1210.23070_R.bin.101|k141_14093_22	C294	1	1	1	1	1	1	0	1	1	1	1	1	1	1
UHM1210.23070_R.bin.101|k141_14093_28	C294	1	1	1	1	1	1	1	1	1	1	0	0	1	1
UHM1210.23070_R.bin.101|k141_14093_31	C294	1	0	0	0	1	1	1	1	1	1	0	0	1	1
UHM1210.23070_R.bin.101|k141_14093_33	C294	1	1	0	1	1	0	0	0	0	0	1	1	1	1
UHM1210.23070_R.bin.101|k141_14093_34	C294	1	1	1	1	1	1	1	1	1	1	1	1	1	1
UHM1210.23070_R.bin.101|k141_14093_35	C294	1	1	1	1	1	1	0	1	1	1	1	1	1	1
UHM1210.23070_R.bin.101|k141_14093_37	C294	1	1	1	1	1	1	0	1	1	1	1	0	1	1
UHM1210.23070_R.bin.101|k141_14093_38	C294	1	1	1	1	1	1	0	1	0	0	1	0	0	0
UHM1210.23070_R.bin.101|k141_14093_40	C294	1	0	0	0	1	1	1	1	1	1	0	0	1	1
UHM1210.23070_R.bin.101|k141_14093_41	C294	1	1	1	1	1	1	1	1	1	1	1	1	1	1
UHM1210.23070_R.bin.101|k141_14093_46	C294	1	1	1	1	1	1	1	1	1	1	0	0	1	1
UHM1210.23070_R.bin.101|k141_14093_47	C294	1	1	1	1	1	1	1	1	1	1	0	0	1	1
UHM1210.23070_R.bin.101|k141_14093_48	C294	1	1	1	1	1	1	1	1	1	1	0	0	1	1
UHM1210.23070_R.bin.101|k141_14093_49	C294	1	1	1	1	1	1	1	1	1	1	0	0	1	1
UHM1210.23070_R.bin.101|k141_14093_50	C294	1	1	1	1	1	1	1	1	1	1	1	0	1	1
UHM1210.23070_R.bin.101|k141_14093_51	C294	1	1	1	1	1	1	1	1	1	1	1	0	1	1
UHM1210.23070_R.bin.101|k141_14093_52	C294	1	1	1	1	1	1	1	1	1	1	1	0	1	1
UHM1210.23070_R.bin.101|k141_14093_53	C294	1	1	1	1	1	1	1	1	1	1	1	0	1	1
UHM1210.23070_R.bin.101|k141_14093_54	C294	1	1	1	1	1	1	1	1	1	1	1	0	1	1
UHM1210.23070_R.bin.101|k141_14093_55	C294	1	1	1	1	1	1	1	1	0	1	1	0	1	1
UHM1210.23070_R.bin.101|k141_14093_56	C294	1	1	1	1	1	1	1	1	1	1	1	1	1	1
UHM1210.23070_R.bin.101|k141_14093_57	C294	1	1	1	1	1	1	1	0	0	0	0	1	0	1
UHM1210.23070_R.bin.101|k141_1120062_3	C294	1	1	1	1	1	1	1	1	1	1	1	1	1	1
UHM1210.23070_R.bin.101|k141_1120062_4	C294	1	1	1	1	1	1	1	1	1	1	0	1	1	1
UHM1210.23070_R.bin.101|k141_993103_2	C294	1	1	1	0	1	1	1	0	0	0	0	0	0	0
UHM1210.23070_R.bin.101|k141_993103_4	C294	1	1	1	1	1	1	1	1	1	1	1	1	1	1
UHM1210.23070_R.bin.101|k141_993103_5	C294	1	1	1	1	1	1	1	1	1	1	1	1	1	1
UHM1210.23070_R.bin.101|k141_993103_6	C294	1	1	1	1	1	1	1	1	1	1	1	1	1	1
UHM1210.23070_R.bin.101|k141_993103_7	C294	1	1	1	1	1	1	1	1	1	1	1	0	1	1
UHM1210.23070_R.bin.101|k141_993103_8	C294	1	1	1	1	1	1	1	1	1	1	0	1	1	1
UHM1210.23070_R.bin.101|k141_993103_9	C294	1	1	1	1	1	0	1	0	0	0	1	1	0	0
UHM1210.23070_R.bin.101|k141_993103_10	C294	1	1	1	1	1	1	1	1	0	0	1	1	1	1
UHM1210.23070_R.bin.101|k141_993103_11	C294	1	1	1	1	1	1	1	0	0	0	1	1	0	1
UHM1210.23070_R.bin.101|k141_993103_12	C294	1	1	1	1	1	1	1	0	1	1	1	1	1	1
UHM1210.23070_R.bin.101|k141_993103_13	C294	1	1	1	1	1	1	1	1	1	1	1	1	1	1
UHM1210.23070_R.bin.101|k141_993103_31	C294	1	0	1	1	1	1	0	1	1	0	1	0	1	0
UHM1210.23070_R.bin.101|k141_993103_34	C294	1	0	1	0	1	0	0	0	1	0	0	0	0	0
UHM1210.23070_R.bin.101|k141_993103_38	C294	1	0	1	1	1	1	0	1	0	0	1	1	0	0
UHM1210.23070_R.bin.101|k141_993103_43	C294	1	1	1	1	1	1	0	1	0	0	0	1	0	0
UHM1210.23070_R.bin.101|k141_993103_44	C294	1	1	1	1	1	1	1	1	1	1	0	1	1	1
UHM1210.23070_R.bin.101|k141_993103_45	C294	1	1	1	1	1	1	1	1	1	1	1	1	1	1
UHM1210.23070_R.bin.101|k141_993103_46	C294	1	1	1	1	1	1	0	0	0	0	0	0	0	0
UHM1210.23070_R.bin.101|k141_993103_47	C294	1	1	1	1	1	1	1	1	0	0	1	0	0	0
UHM1210.23070_R.bin.101|k141_993103_48	C294	1	1	1	1	1	1	1	1	1	1	1	0	1	1
UHM1210.23070_R.bin.101|k141_993103_49	C294	1	1	1	1	1	1	0	0	0	0	0	0	1	0
UHM1210.23070_R.bin.101|k141_993103_50	C294	1	1	1	1	1	1	1	1	1	1	1	0	1	1
UHM1210.23070_R.bin.101|k141_993103_51	C294	1	1	1	0	1	1	1	1	1	1	0	0	1	1
UHM1210.23070_R.bin.101|k141_993103_52	C294	1	1	1	0	1	1	1	1	1	1	0	0	1	1
UHM1210.23070_R.bin.101|k141_993103_54	C294	1	1	1	1	1	1	1	1	1	1	1	0	1	1
UHM1210.23070_R.bin.101|k141_993103_55	C294	1	1	1	1	1	1	1	1	1	1	1	1	1	1
UHM1210.23070_R.bin.101|k141_993103_56	C294	1	1	1	1	1	1	1	1	1	1	0	1	1	1
UHM1210.23070_R.bin.101|k141_993103_57	C294	1	1	1	1	1	1	1	1	1	0	1	1	0	1
UHM1210.23070_R.bin.101|k141_993103_60	C294	1	1	1	1	1	1	0	1	1	1	1	1	1	1
UHM1210.23070_R.bin.101|k141_993103_61	C294	1	1	1	1	1	1	1	1	1	0	0	1	1	1
UHM1210.23070_R.bin.101|k141_993103_63	C294	1	1	1	1	1	1	0	1	1	1	1	1	1	1
UHM1210.23070_R.bin.101|k141_993103_64	C294	1	1	1	1	1	1	1	1	1	1	1	1	0	1
UHM1210.23070_R.bin.101|k141_993103_65	C294	1	1	1	1	1	1	1	1	1	1	1	0	1	1
UHM1210.23070_R.bin.101|k141_993103_66	C294	1	1	1	1	1	1	0	0	0	0	0	0	0	0
UHM1210.23070_R.bin.101|k141_993103_67	C294	1	1	1	1	1	1	1	1	1	1	1	1	1	0
UHM1210.23070_R.bin.101|k141_993103_68	C294	1	0	0	1	1	1	0	0	0	0	0	0	0	0
UHM1210.23070_R.bin.101|k141_993103_69	C294	1	1	1	1	1	0	1	1	1	0	1	1	0	0
UHM1210.23070_R.bin.101|k141_993103_70	C294	1	1	1	1	1	1	1	1	1	1	1	1	1	1
UHM1210.23070_R.bin.101|k141_993103_71	C294	1	0	0	0	1	0	0	0	0	1	1	0	0	0
UHM1210.23070_R.bin.101|k141_993103_74	C294	1	1	1	1	1	1	0	1	1	1	1	1	1	1
UHM1210.23070_R.bin.101|k141_993103_75	C294	1	1	1	1	1	1	1	1	1	1	1	1	1	1
UHM1210.23070_R.bin.101|k141_993103_76	C294	1	1	1	1	1	1	1	0	1	0	0	1	0	0
UHM1210.23070_R.bin.101|k141_993103_77	C294	1	1	1	1	1	1	1	1	1	1	1	1	1	1
UHM1210.23070_R.bin.101|k141_488529_1	C294	1	1	1	1	1	0	1	1	1	1	1	1	1	1
UHM1210.23070_R.bin.101|k141_488529_2	C294	1	1	1	1	1	1	1	1	1	1	0	1	1	1
UHM1210.23070_R.bin.101|k141_488529_4	C294	1	1	1	1	1	1	1	1	1	1	1	1	1	1
UHM1210.23070_R.bin.101|k141_488529_5	C294	1	1	1	1	1	1	1	1	1	1	1	0	1	1
UHM1210.23070_R.bin.101|k141_488529_6	C294	1	1	1	1	1	1	1	1	1	1	1	1	1	1
UHM1210.23070_R.bin.101|k141_102944_3	C294	1	1	1	1	1	1	1	1	1	1	1	1	1	1
UHM1210.23070_R.bin.101|k141_102944_4	C294	1	1	1	1	1	0	0	1	1	1	0	1	1	1
UHM1210.23070_R.bin.101|k141_102944_6	C294	1	1	1	1	1	1	1	0	0	0	0	1	0	0
UHM1210.23070_R.bin.101|k141_102944_7	C294	1	1	1	0	1	1	0	0	0	0	1	1	0	0
UHM1210.23070_R.bin.101|k141_102944_8	C294	1	1	1	1	1	1	0	0	0	0	1	1	0	0
UHM1210.23070_R.bin.101|k141_102944_9	C294	1	1	1	1	1	1	1	1	1	1	1	1	1	1
UHM1210.23070_R.bin.101|k141_102944_10	C294	1	1	1	1	1	1	1	1	1	1	0	1	1	1
UHM1210.23070_R.bin.101|k141_102944_11	C294	1	1	1	1	1	1	0	1	1	1	0	1	1	1
UHM1210.23070_R.bin.101|k141_102944_13	C294	1	1	1	1	1	1	1	1	0	1	1	1	0	1
UHM1210.23070_R.bin.101|k141_102944_14	C294	1	1	1	1	1	1	1	0	0	0	1	1	0	1
UHM1210.23070_R.bin.101|k141_102944_16	C294	1	1	1	1	1	1	1	1	1	1	1	1	1	1
UHM1210.23070_R.bin.101|k141_400269_2	C294	1	1	1	1	1	1	0	1	1	1	1	1	1	1
UHM1210.23070_R.bin.101|k141_400269_3	C294	1	1	1	1	1	1	0	1	1	1	1	1	1	1
UHM1210.23070_R.bin.101|k141_400269_5	C294	1	1	1	1	1	1	0	1	1	1	0	1	1	1
UHM1210.23070_R.bin.101|k141_400269_6	C294	1	0	1	1	1	1	0	0	0	1	0	0	0	1
UHM1210.23070_R.bin.101|k141_400269_14	C294	1	1	1	1	1	1	1	1	1	1	1	1	1	1
UHM1210.23070_R.bin.101|k141_400269_15	C294	1	0	0	0	1	0	0	1	0	0	0	0	0	0
UHM1210.23070_R.bin.101|k141_400269_16	C294	1	1	1	1	1	0	1	1	1	1	1	1	1	1
UHM1210.23070_R.bin.101|k141_400269_18	C294	1	1	1	1	1	1	0	1	0	0	1	1	0	0
UHM1210.23070_R.bin.101|k141_400269_19	C294	1	1	1	1	1	1	1	1	1	1	1	0	1	1
UHM1210.23070_R.bin.101|k141_359210_4	C294	1	1	1	1	1	1	1	1	1	1	0	1	1	1
UHM1210.23070_R.bin.101|k141_319668_6	C294	1	1	1	1	1	1	1	1	1	1	0	1	1	1
UHM1210.23070_R.bin.101|k141_319668_7	C294	1	1	1	1	1	1	1	1	1	1	1	1	1	1
UHM1210.23070_R.bin.101|k141_319668_9	C294	1	1	1	1	1	1	1	0	1	0	1	1	1	1
UHM1210.23070_R.bin.101|k141_319668_10	C294	1	1	1	1	1	1	1	1	1	1	1	1	1	1
UHM1210.23070_R.bin.101|k141_319668_11	C294	1	1	1	1	1	1	1	1	0	0	0	0	0	0
UHM1210.23070_R.bin.101|k141_319668_12	C294	1	1	1	1	1	1	0	0	1	1	1	1	1	0
UHM1210.23070_R.bin.101|k141_319668_13	C294	1	1	1	1	1	1	0	1	1	1	1	1	1	1
UHM1210.23070_R.bin.101|k141_319668_14	C294	1	1	1	1	1	1	0	1	1	1	1	1	1	1
UHM1210.23070_R.bin.101|k141_319668_16	C294	1	1	1	1	1	1	1	1	1	1	1	1	1	0
UHM1210.23070_R.bin.101|k141_319668_17	C294	1	1	1	1	1	1	1	1	1	1	1	1	1	1
UHM1210.23070_R.bin.101|k141_319668_18	C294	1	1	1	1	1	1	1	1	1	1	1	1	1	1
UHM1210.23070_R.bin.101|k141_829398_1	C294	1	1	1	1	1	1	0	0	0	0	0	0	0	0
UHM1210.23070_R.bin.101|k141_829398_4	C294	1	1	1	1	1	1	1	1	1	0	1	1	1	1
UHM1210.23070_R.bin.101|k141_829398_5	C294	1	1	1	1	1	1	1	1	1	1	1	1	1	1
UHM1210.23070_R.bin.101|k141_829398_6	C294	1	1	1	1	1	1	0	1	0	0	1	1	0	0
UHM1210.23070_R.bin.101|k141_829398_7	C294	1	1	1	1	1	1	0	1	1	1	0	0	1	1
UHM1210.23070_R.bin.101|k141_829398_9	C294	1	1	1	1	1	1	1	1	1	1	1	1	1	1
UHM1210.23070_R.bin.101|k141_829398_14	C294	1	1	1	1	1	1	1	1	1	1	1	1	1	1
UHM1210.23070_R.bin.101|k141_829398_15	C294	1	0	1	1	1	0	1	1	0	0	1	1	0	0
UHM1210.23070_R.bin.101|k141_829398_17	C294	1	1	1	1	1	1	1	1	1	1	1	1	1	1
UHM1210.23070_R.bin.101|k141_829398_18	C294	1	1	1	1	1	1	1	1	1	1	1	0	1	0
UHM1210.23070_R.bin.101|k141_829398_19	C294	1	1	1	1	1	1	1	1	1	1	1	1	1	1
UHM1210.23070_R.bin.101|k141_829398_20	C294	1	1	1	1	1	1	1	1	1	1	1	1	1	1
UHM1210.23070_R.bin.101|k141_829398_21	C294	1	1	1	1	1	1	0	0	0	0	1	1	0	0
UHM1210.23070_R.bin.101|k141_829398_22	C294	1	1	1	1	1	1	1	1	1	1	1	1	1	1
UHM1210.23070_R.bin.101|k141_829398_23	C294	1	1	1	1	1	1	1	1	1	1	1	1	1	1
UHM1210.23070_R.bin.101|k141_829398_24	C294	1	0	0	0	1	0	0	0	0	0	1	0	0	0
UHM1210.23070_R.bin.101|k141_829398_26	C294	1	1	1	1	1	1	1	1	0	0	1	0	0	0
UHM1210.23070_R.bin.101|k141_829398_27	C294	1	1	1	1	1	1	1	1	1	1	1	1	1	1
UHM1210.23070_R.bin.101|k141_829398_28	C294	1	1	1	1	1	1	1	1	1	1	1	1	1	1
UHM1210.23070_R.bin.101|k141_829398_30	C294	1	1	1	1	1	1	1	1	1	1	1	1	1	1
UHM1210.23070_R.bin.101|k141_829398_31	C294	1	1	1	1	1	1	0	0	0	0	1	1	0	0
UHM1210.23070_R.bin.101|k141_829398_32	C294	1	1	1	1	1	1	1	1	1	1	0	0	1	1
UHM1210.23070_R.bin.101|k141_829398_33	C294	1	0	0	0	1	1	1	1	0	0	0	0	0	0
UHM1210.23070_R.bin.101|k141_830199_2	C294	1	1	1	1	1	1	1	1	0	1	1	0	1	1
UHM1210.23070_R.bin.101|k141_830199_3	C294	1	1	1	1	1	1	0	0	0	0	0	0	0	0
UHM1210.23070_R.bin.101|k141_830199_8	C294	1	1	1	1	1	1	1	1	1	1	1	1	1	1
UHM1210.23070_R.bin.101|k141_830199_9	C294	1	1	1	1	1	1	1	1	0	1	1	1	1	1
UHM1210.23070_R.bin.101|k141_830199_10	C294	1	1	1	1	1	1	0	0	0	1	0	1	0	1
UHM1210.23070_R.bin.101|k141_830199_11	C294	1	1	1	1	1	1	1	1	1	1	0	0	1	1
UHM1210.23070_R.bin.101|k141_830199_12	C294	1	1	1	1	1	1	1	1	1	1	0	0	1	1
UHM1210.23070_R.bin.101|k141_830199_13	C294	1	1	1	1	1	1	1	1	1	0	0	0	1	1
UHM1210.23070_R.bin.101|k141_830199_14	C294	1	1	1	1	1	1	1	1	1	0	0	0	1	1
UHM1210.23070_R.bin.101|k141_830199_15	C294	1	1	1	1	1	1	1	1	1	0	0	0	1	1
UHM1210.23070_R.bin.101|k141_830199_16	C294	1	1	1	1	1	1	1	1	1	0	0	0	1	1
UHM1210.23070_R.bin.101|k141_830199_18	C294	1	1	1	1	1	1	1	1	1	0	0	1	1	1
UHM1210.23070_R.bin.101|k141_830199_19	C294	1	1	1	1	1	1	1	1	1	0	0	1	1	1
UHM1210.23070_R.bin.101|k141_830199_20	C294	1	1	1	1	1	1	1	1	1	1	1	1	1	1
UHM1210.23070_R.bin.101|k141_830199_21	C294	1	1	1	1	1	1	0	0	0	0	0	0	0	0
UHM1210.23070_R.bin.101|k141_830199_22	C294	1	1	1	1	1	1	1	1	1	1	1	1	1	1
UHM1210.23070_R.bin.101|k141_830199_23	C294	1	1	1	1	1	1	1	1	1	1	1	1	0	0
UHM1210.23070_R.bin.101|k141_830199_24	C294	1	1	1	1	1	1	1	1	1	1	1	1	0	1
UHM1210.23070_R.bin.101|k141_790691_2	C294	1	1	1	1	1	1	1	1	1	1	1	1	1	1
UHM1210.23070_R.bin.101|k141_790691_3	C294	1	1	1	1	1	1	0	1	1	1	1	1	1	1
UHM1210.23070_R.bin.101|k141_790691_4	C294	1	1	1	1	1	1	0	1	1	1	1	1	1	1
UHM1210.23070_R.bin.101|k141_790691_5	C294	1	1	1	1	1	1	0	1	1	1	1	1	1	1
UHM1210.23070_R.bin.101|k141_790691_6	C294	1	1	1	1	1	1	0	1	0	0	0	1	0	0
UHM1210.23070_R.bin.101|k141_790691_7	C294	1	1	1	1	1	1	1	1	1	1	0	1	1	1
UHM1210.23070_R.bin.101|k141_790691_8	C294	1	1	1	1	1	1	1	1	1	0	0	1	1	1
UHM1210.23070_R.bin.101|k141_790691_10	C294	1	1	1	1	1	1	0	1	1	1	1	1	1	1
UHM1210.23070_R.bin.101|k141_790691_11	C294	1	1	1	1	1	1	0	1	1	1	1	1	1	1
UHM1210.23070_R.bin.101|k141_790691_12	C294	1	1	1	1	1	1	1	0	0	0	0	0	1	0
UHM1210.23070_R.bin.101|k141_790691_13	C294	1	1	1	1	1	1	1	1	1	1	1	1	1	1
UHM1210.23070_R.bin.101|k141_790691_14	C294	1	1	1	1	1	1	1	1	1	1	0	1	1	1
UHM1210.23070_R.bin.101|k141_790691_15	C294	1	1	1	1	1	1	1	1	0	0	0	1	0	0
UHM1210.23070_R.bin.101|k141_790691_16	C294	1	1	1	1	1	1	1	0	0	0	0	1	0	0
UHM1210.23070_R.bin.101|k141_790691_17	C294	1	1	1	1	1	1	1	1	1	1	1	1	1	1
UHM1210.23070_R.bin.101|k141_790691_18	C294	1	1	1	1	1	1	0	0	0	0	1	0	0	0
UHM1210.23070_R.bin.101|k141_790691_19	C294	1	1	1	1	1	1	1	1	1	1	0	1	1	1
UHM1210.23070_R.bin.101|k141_790691_21	C294	1	1	1	1	1	1	1	1	1	1	1	0	1	1
UHM1210.23070_R.bin.101|k141_790691_22	C294	1	1	1	1	1	1	1	1	1	1	1	1	1	1
UHM1210.23070_R.bin.101|k141_790691_23	C294	1	1	1	1	1	1	1	1	1	1	1	1	1	1
UHM1210.23070_R.bin.101|k141_790691_24	C294	1	1	1	1	1	0	0	0	0	0	0	0	0	0
UHM1210.23070_R.bin.101|k141_790691_25	C294	1	1	1	1	1	1	1	1	1	1	1	1	1	1
UHM1210.23070_R.bin.101|k141_790691_26	C294	1	1	1	1	1	1	1	1	1	1	1	1	1	1
UHM1210.23070_R.bin.101|k141_790691_27	C294	1	1	1	1	1	1	1	1	1	1	1	0	1	1
UHM1210.23070_R.bin.101|k141_790691_28	C294	1	1	1	1	1	1	1	1	1	1	0	1	0	1
UHM1210.23070_R.bin.101|k141_790691_29	C294	1	1	1	1	1	1	1	1	1	1	1	1	1	1
UHM1210.23070_R.bin.101|k141_790691_30	C294	1	1	1	1	1	1	1	1	1	1	1	1	1	1
UHM1210.23070_R.bin.101|k141_790691_32	C294	1	1	1	1	1	1	0	1	1	1	1	1	1	1
UHM1210.23070_R.bin.101|k141_790691_33	C294	1	1	1	1	1	1	1	1	1	1	1	1	1	1
UHM1210.23070_R.bin.101|k141_790691_34	C294	1	1	1	1	1	1	1	0	1	0	0	0	0	0
UHM1210.23070_R.bin.101|k141_790691_35	C294	1	1	1	1	1	1	1	1	1	1	0	0	1	1
UHM1210.23070_R.bin.101|k141_790691_36	C294	1	1	1	1	1	1	1	1	1	1	1	1	1	1
UHM1210.23070_R.bin.101|k141_790691_37	C294	1	1	1	1	1	1	0	1	1	0	1	1	1	1
UHM1210.23070_R.bin.101|k141_790691_46	C294	1	1	1	1	1	1	1	1	1	1	1	1	1	1
UHM1210.23070_R.bin.101|k141_790691_47	C294	1	1	1	1	1	1	0	1	0	0	1	1	0	0
UHM1210.23070_R.bin.101|k141_1004358_1	C294	1	1	1	1	1	1	0	1	1	1	0	1	0	0
UHM1210.23070_R.bin.101|k141_1004358_3	C294	1	1	1	1	1	1	0	1	1	1	1	1	1	1
UHM1210.23070_R.bin.101|k141_1004358_4	C294	1	1	1	1	1	0	1	0	0	0	0	1	0	0
UHM1210.23070_R.bin.101|k141_1004358_5	C294	1	1	1	1	1	1	0	0	0	0	1	1	0	0
UHM1210.23070_R.bin.101|k141_450912_1	C294	1	0	0	0	1	0	0	0	0	0	0	1	0	0
UHM1210.23070_R.bin.101|k141_450912_2	C294	1	1	1	1	1	1	0	1	0	0	1	1	0	1
UHM1210.23070_R.bin.101|k141_450912_3	C294	1	1	1	1	1	0	1	1	1	1	1	1	1	1
UHM1210.23070_R.bin.101|k141_450912_4	C294	1	1	1	1	1	0	1	1	0	0	0	1	0	0
UHM1210.23070_R.bin.101|k141_450912_7	C294	1	1	1	1	1	1	1	0	0	0	1	1	0	0
UHM1210.23070_R.bin.101|k141_450912_8	C294	1	1	1	1	1	1	1	0	0	0	1	1	0	0
UHM1210.23070_R.bin.101|k141_450912_14	C294	1	1	1	1	1	1	1	1	1	1	1	1	1	1
UHM1210.23070_R.bin.101|k141_450912_15	C294	1	1	1	1	1	1	1	1	1	1	1	1	1	1
UHM1210.23070_R.bin.101|k141_450912_19	C294	1	1	1	1	1	0	1	1	1	1	0	1	1	1
UHM1210.23070_R.bin.101|k141_450912_21	C294	1	0	0	0	1	1	0	0	0	0	0	0	0	0
UHM1210.23070_R.bin.101|k141_450912_23	C294	1	1	1	1	1	1	1	1	1	1	1	1	1	1
UHM1210.23070_R.bin.101|k141_450912_24	C294	1	1	1	1	1	1	1	1	1	1	0	1	1	1
UHM1210.23070_R.bin.101|k141_450912_25	C294	1	1	1	1	1	1	1	1	1	1	1	1	1	1
UHM1210.23070_R.bin.101|k141_450912_26	C294	1	1	1	1	1	1	0	1	1	1	1	1	1	1
UHM1210.23070_R.bin.101|k141_450912_27	C294	1	1	1	1	1	1	0	1	1	1	1	1	1	1
UHM1210.23070_R.bin.101|k141_450912_28	C294	1	1	1	1	1	1	1	1	1	1	1	1	1	1
UHM1210.23070_R.bin.101|k141_450912_29	C294	1	1	1	1	1	1	1	1	1	1	1	1	1	1
UHM1210.23070_R.bin.101|k141_450912_30	C294	1	1	1	1	1	1	0	0	0	0	1	1	0	0
UHM1210.23070_R.bin.101|k141_450912_32	C294	1	1	1	1	1	1	0	1	1	1	1	1	1	1
UHM1210.23070_R.bin.101|k141_450912_33	C294	1	1	1	1	1	1	1	1	1	1	1	1	1	1
UHM1210.23070_R.bin.101|k141_450912_35	C294	1	1	1	1	1	1	1	1	1	0	1	1	1	1
UHM1210.23070_R.bin.101|k141_1343831_3	C294	1	1	1	1	1	1	1	1	1	1	1	1	1	1
UHM1210.23070_R.bin.101|k141_1343831_4	C294	1	0	1	1	1	1	0	1	1	0	1	1	1	1
UHM1210.23070_R.bin.101|k141_1343831_5	C294	1	1	1	1	1	1	1	1	1	1	1	1	0	1
UHM1210.23070_R.bin.101|k141_1343831_7	C294	1	1	1	1	1	1	1	1	1	1	1	1	1	1
UHM1210.23070_R.bin.101|k141_1343831_8	C294	1	1	1	1	1	1	1	1	1	0	1	1	1	0
UHM1210.23070_R.bin.101|k141_1343831_9	C294	1	1	1	1	1	1	1	1	1	1	1	1	1	1
UHM1210.23070_R.bin.101|k141_1343831_10	C294	1	1	1	1	1	1	1	1	0	0	1	1	0	0
UHM1210.23070_R.bin.101|k141_1343831_11	C294	1	1	1	1	1	1	1	1	1	1	1	1	1	0
UHM1210.23070_R.bin.101|k141_1343831_12	C294	1	1	1	1	1	1	1	1	1	1	1	1	1	1
UHM1210.23070_R.bin.101|k141_1343831_13	C294	1	1	1	1	1	1	1	1	1	1	1	1	1	1
UHM1210.23070_R.bin.101|k141_1343831_14	C294	1	0	0	0	1	0	0	0	0	0	0	0	0	0
UHM1210.23070_R.bin.101|k141_1343831_21	C294	1	1	1	1	1	1	0	0	0	0	0	0	0	0
UHM1210.23070_R.bin.101|k141_1343831_24	C294	1	0	1	1	1	1	1	0	0	0	0	0	0	0
UHM1210.23070_R.bin.101|k141_1343831_25	C294	1	0	1	1	1	1	1	1	1	1	1	0	0	0
UHM1210.23070_R.bin.101|k141_1343831_26	C294	1	1	1	1	1	1	1	0	0	0	1	0	0	0
UHM1210.23070_R.bin.101|k141_1343831_28	C294	1	1	1	1	1	1	1	1	1	0	1	0	0	1
UHM1210.23070_R.bin.101|k141_1343831_30	C294	1	1	1	1	1	1	1	1	1	1	0	1	1	1
UHM1210.23070_R.bin.101|k141_1343831_31	C294	1	1	1	1	1	1	0	1	1	0	0	0	0	1
UHM1210.23070_R.bin.101|k141_1343831_32	C294	1	1	1	1	1	1	1	1	0	1	0	0	0	0
UHM1210.23070_R.bin.101|k141_1343831_33	C294	1	1	1	1	1	1	1	1	1	1	1	1	1	1
UHM1210.23070_R.bin.101|k141_1343831_34	C294	1	1	1	1	1	1	1	1	1	1	1	1	1	1
UHM1210.23070_R.bin.101|k141_1343831_35	C294	1	1	1	1	1	1	0	0	0	0	0	0	0	0
UHM1210.23070_R.bin.101|k141_1343831_36	C294	1	1	1	1	1	1	1	1	1	1	1	1	1	1
UHM1210.23070_R.bin.101|k141_1343831_38	C294	1	0	0	0	1	0	0	0	0	0	0	0	0	0
UHM1210.23070_R.bin.101|k141_284463_1	C294	1	1	1	1	1	1	1	1	1	1	1	1	1	1
UHM1210.23070_R.bin.101|k141_284463_4	C294	1	1	1	1	1	1	1	1	1	0	0	1	0	0
UHM1210.23070_R.bin.101|k141_284463_5	C294	1	1	1	1	1	1	1	1	1	1	1	1	1	1
UHM1210.23070_R.bin.101|k141_284463_6	C294	1	1	1	1	1	1	1	1	1	1	1	1	0	1
UHM1210.23070_R.bin.101|k141_284463_7	C294	1	1	1	1	1	1	1	1	1	1	1	1	0	1
UHM1210.23070_R.bin.101|k141_284463_8	C294	1	1	1	1	1	1	1	0	1	0	1	1	0	0
UHM1210.23070_R.bin.101|k141_284463_9	C294	1	1	1	1	1	1	1	1	1	1	1	0	0	1
UHM1210.23070_R.bin.101|k141_284463_11	C294	1	0	0	0	1	0	0	1	0	0	1	1	0	0
UHM1210.23070_R.bin.101|k141_284463_13	C294	1	1	1	1	1	1	1	1	0	0	0	1	0	0
UHM1210.23070_R.bin.101|k141_284463_14	C294	1	1	1	1	1	1	1	1	1	1	1	1	1	1
UHM1210.23070_R.bin.101|k141_284463_15	C294	1	1	1	1	1	1	1	1	1	1	1	1	1	1
UHM1210.23070_R.bin.101|k141_284463_16	C294	1	1	1	1	1	1	1	1	1	1	1	1	1	1
UHM1210.23070_R.bin.101|k141_284463_17	C294	1	0	1	1	1	1	1	1	1	1	1	0	1	1
UHM1210.23070_R.bin.101|k141_284463_20	C294	1	1	1	1	1	1	1	1	0	0	1	1	0	0
UHM1210.23070_R.bin.101|k141_284463_21	C294	1	1	1	1	1	1	1	1	1	1	1	1	1	1
UHM1210.23070_R.bin.101|k141_284463_22	C294	1	1	1	1	1	1	1	1	1	1	1	1	1	1
UHM1210.23070_R.bin.101|k141_284463_23	C294	1	1	1	1	1	1	1	1	1	1	1	1	1	1
UHM1210.23070_R.bin.101|k141_284463_24	C294	1	1	1	1	1	1	1	1	1	1	1	1	1	1
UHM1210.23070_R.bin.101|k141_284463_25	C294	1	1	1	1	1	1	1	1	0	1	1	1	1	1
UHM1210.23070_R.bin.101|k141_284463_26	C294	1	1	1	1	1	1	1	1	1	1	1	1	1	1
UHM1210.23070_R.bin.101|k141_284463_27	C294	1	1	1	1	1	1	1	1	1	1	1	1	1	1
UHM1210.23070_R.bin.101|k141_284463_28	C294	1	1	1	1	1	1	1	1	1	1	1	1	1	1
UHM1210.23070_R.bin.101|k141_284463_30	C294	1	0	0	0	1	0	0	0	1	1	1	1	1	1
UHM1210.23070_R.bin.101|k141_284463_31	C294	1	1	0	0	1	0	0	1	1	1	1	1	1	1
UHM1210.23070_R.bin.101|k141_284463_32	C294	1	1	1	1	1	1	1	1	1	1	1	1	1	1
UHM1210.23070_R.bin.101|k141_284463_33	C294	1	1	1	1	1	1	1	1	1	1	1	1	1	1
UHM1210.23070_R.bin.101|k141_284463_34	C294	1	1	1	1	1	1	0	1	1	1	1	1	1	1
UHM1210.23070_R.bin.101|k141_284463_36	C294	1	0	1	0	1	0	0	0	1	0	0	0	0	0
UHM1210.23070_R.bin.101|k141_284463_37	C294	1	1	1	1	1	1	1	1	1	1	1	1	1	1
UHM1210.23070_R.bin.101|k141_284463_39	C294	1	1	1	1	1	1	1	1	1	0	0	1	1	1
UHM1210.23070_R.bin.101|k141_284463_40	C294	1	0	1	1	1	1	1	1	1	1	1	1	1	1
UHM1210.23070_R.bin.101|k141_284463_41	C294	1	0	1	1	1	1	0	0	0	0	0	0	0	0
UHM1210.23070_R.bin.101|k141_284463_42	C294	1	1	1	1	1	1	0	1	0	0	0	1	0	0
UHM1210.23070_R.bin.101|k141_284463_43	C294	1	1	1	1	1	1	1	1	0	0	0	1	0	0
UHM1210.23070_R.bin.101|k141_284463_44	C294	1	1	1	1	1	1	1	1	1	1	1	1	1	1
UHM1210.23070_R.bin.101|k141_284463_45	C294	1	1	1	1	1	1	1	1	1	1	1	1	1	1
UHM1210.23070_R.bin.101|k141_284463_46	C294	1	1	1	1	1	1	1	1	1	1	1	1	1	1
UHM1210.23070_R.bin.101|k141_284463_48	C294	1	1	1	1	1	0	0	1	0	0	0	0	0	0
UHM1210.23070_R.bin.101|k141_284463_49	C294	1	1	1	1	1	1	0	0	0	0	1	1	0	0
UHM1210.23070_R.bin.101|k141_284463_50	C294	1	1	1	1	1	1	1	1	1	1	1	1	1	1
UHM1210.23070_R.bin.101|k141_284463_51	C294	1	0	1	1	1	1	0	0	0	0	0	0	0	0
UHM1210.23070_R.bin.101|k141_284463_52	C294	1	1	1	1	1	1	0	0	0	0	0	0	0	1
UHM1210.23070_R.bin.101|k141_284463_53	C294	1	1	1	1	1	1	1	1	1	1	1	0	1	1
UHM1210.23070_R.bin.101|k141_284463_54	C294	1	1	1	1	1	0	0	0	0	0	1	1	0	0
UHM1210.23070_R.bin.101|k141_284463_56	C294	1	1	1	1	1	1	1	1	0	0	0	1	0	0
UHM1210.23070_R.bin.101|k141_284463_57	C294	1	1	1	1	1	1	0	1	0	0	0	0	0	0
UHM1210.23070_R.bin.101|k141_284463_58	C294	1	1	1	1	1	1	0	1	1	1	1	1	1	1
UHM1210.23070_R.bin.101|k141_284463_59	C294	1	1	1	1	1	1	1	1	1	1	0	1	1	1
UHM1210.23070_R.bin.101|k141_284463_67	C294	1	1	1	1	1	1	1	1	1	1	1	1	1	1
UHM1210.23070_R.bin.101|k141_284463_68	C294	1	1	1	1	1	1	0	1	0	0	1	1	1	1
UHM1210.23070_R.bin.101|k141_284463_69	C294	1	1	1	1	1	1	1	1	1	1	0	1	1	1
UHM1210.23070_R.bin.101|k141_284463_70	C294	1	1	1	1	1	1	1	1	1	1	1	1	1	1
UHM1210.23070_R.bin.101|k141_284463_71	C294	1	1	1	1	1	1	1	1	1	1	0	1	1	1
UHM1210.23070_R.bin.101|k141_284463_72	C294	1	0	1	1	1	1	0	0	0	0	0	0	0	0
UHM1210.23070_R.bin.101|k141_284463_73	C294	1	1	1	1	1	1	1	1	1	1	1	1	1	1
UHM1210.23070_R.bin.101|k141_284463_74	C294	1	1	1	1	1	0	0	1	0	0	0	0	0	0
UHM1210.23070_R.bin.101|k141_284463_75	C294	1	1	1	1	1	1	1	1	1	1	0	1	1	1
UHM1210.23070_R.bin.101|k141_284463_77	C294	1	1	1	1	1	1	0	1	1	1	0	1	1	1
UHM1210.23070_R.bin.101|k141_284463_78	C294	1	1	1	0	1	1	1	1	1	1	0	1	1	0
UHM1210.23070_R.bin.101|k141_284463_79	C294	1	1	1	1	1	0	1	1	1	1	1	1	1	1
UHM1210.23070_R.bin.101|k141_284463_80	C294	1	1	1	0	1	1	1	1	1	1	0	1	1	1
UHM1210.23070_R.bin.101|k141_284463_81	C294	1	1	1	1	1	1	1	1	0	0	1	1	0	0
UHM1210.23070_R.bin.101|k141_284463_82	C294	1	1	1	1	1	1	1	1	1	1	1	1	1	1
UHM1210.23070_R.bin.101|k141_284463_83	C294	1	1	1	1	1	1	1	1	1	1	1	1	1	1
UHM1210.23070_R.bin.101|k141_1135903_4	C294	1	0	0	0	1	0	0	0	0	0	0	0	0	0
UHM1210.23070_R.bin.101|k141_1135903_5	C294	1	1	1	1	1	1	1	1	1	1	1	1	1	1
UHM1210.23070_R.bin.101|k141_1135903_6	C294	1	1	1	1	1	0	0	0	1	1	0	1	0	1
UHM1210.23070_R.bin.101|k141_1135903_7	C294	1	1	1	1	1	1	1	1	1	1	1	1	1	1
UHM1210.23070_R.bin.101|k141_1135903_8	C294	1	1	1	1	1	1	1	1	1	1	1	1	1	1
UHM1210.23070_R.bin.101|k141_1135903_9	C294	1	1	1	1	1	1	1	1	1	1	1	1	1	1
UHM1210.23070_R.bin.101|k141_1135903_10	C294	1	1	1	1	1	1	1	1	1	1	1	1	1	1
UHM1210.23070_R.bin.101|k141_1135903_12	C294	1	1	1	1	1	1	0	1	1	1	1	1	1	1
UHM1210.23070_R.bin.101|k141_1135903_13	C294	1	1	1	1	1	1	0	1	1	1	1	1	1	1
UHM1210.23070_R.bin.101|k141_1135903_14	C294	1	0	0	0	1	0	0	0	0	0	0	1	0	1
UHM1210.23070_R.bin.101|k141_1135903_15	C294	1	1	1	1	1	1	1	1	1	1	1	1	1	1
UHM1210.23070_R.bin.101|k141_1135903_16	C294	1	1	1	1	1	1	1	1	1	1	1	1	1	1
UHM1210.23070_R.bin.101|k141_1135903_17	C294	1	1	1	1	1	1	1	0	0	0	1	0	0	0
UHM1210.23070_R.bin.101|k141_1135903_18	C294	1	1	1	1	1	1	1	1	1	1	1	1	1	1
UHM1210.23070_R.bin.101|k141_1135903_19	C294	1	1	1	1	1	1	0	0	0	0	0	1	0	0
UHM1210.23070_R.bin.101|k141_1135903_20	C294	1	1	1	1	1	1	1	1	1	1	0	1	1	1
UHM1210.23070_R.bin.101|k141_1135903_21	C294	1	0	1	1	1	1	1	1	1	1	1	1	1	1
UHM1210.23070_R.bin.101|k141_1135903_22	C294	1	0	1	1	1	1	1	1	0	0	1	1	0	0
UHM1210.23070_R.bin.101|k141_1135903_23	C294	1	1	1	1	1	1	0	1	1	0	1	1	0	0
UHM1210.23070_R.bin.101|k141_1135903_24	C294	1	1	1	1	1	1	0	0	0	1	0	0	0	0
UHM1210.23070_R.bin.101|k141_1135903_25	C294	1	1	1	1	1	1	1	1	1	1	1	1	1	1
UHM1210.23070_R.bin.101|k141_1135903_28	C294	1	1	1	1	1	1	1	1	1	1	1	1	1	1
UHM1210.23070_R.bin.101|k141_1135903_29	C294	1	1	1	1	1	1	1	1	0	0	1	1	0	0
UHM1210.23070_R.bin.101|k141_1135903_30	C294	1	1	1	1	1	1	0	1	0	0	1	1	0	0
UHM1210.23070_R.bin.101|k141_1135903_31	C294	1	1	1	1	1	0	0	0	0	0	0	0	0	0
UHM1210.23070_R.bin.101|k141_1135903_32	C294	1	1	1	1	1	1	1	0	1	1	1	1	0	1
UHM1210.23070_R.bin.101|k141_1135903_33	C294	1	1	1	1	1	1	1	1	1	1	1	1	1	1
UHM1210.23070_R.bin.101|k141_1135903_34	C294	1	1	1	1	1	0	0	1	0	0	1	1	0	0
UHM1210.23070_R.bin.101|k141_1135903_35	C294	1	1	0	1	1	1	0	1	1	0	0	1	0	1
UHM1210.23070_R.bin.101|k141_1135903_36	C294	1	1	1	1	1	0	0	0	1	0	0	1	0	0
UHM1210.23070_R.bin.101|k141_1135903_37	C294	1	0	0	0	1	0	0	1	0	1	0	0	0	0
UHM1210.23070_R.bin.101|k141_1135903_38	C294	1	1	1	1	1	1	0	0	0	0	1	0	0	0
UHM1210.23070_R.bin.101|k141_1135903_39	C294	1	1	1	1	1	1	0	0	0	0	1	0	0	0
UHM1210.23070_R.bin.101|k141_1135903_40	C294	1	1	1	1	1	1	1	1	1	1	1	0	1	1
UHM1210.23070_R.bin.101|k141_1135903_41	C294	1	1	1	1	1	1	0	0	0	0	1	0	0	0
UHM1210.23070_R.bin.101|k141_1135903_42	C294	1	1	1	1	1	1	0	0	0	0	1	0	0	0
UHM1210.23070_R.bin.101|k141_1135903_43	C294	1	1	1	1	1	1	0	0	0	0	1	0	0	0
UHM1210.23070_R.bin.101|k141_1135903_44	C294	1	1	1	1	1	1	0	0	0	0	1	0	0	0
UHM1210.23070_R.bin.101|k141_1135903_45	C294	1	1	1	0	1	1	0	0	0	0	1	0	0	0
UHM1210.23070_R.bin.101|k141_1135903_46	C294	1	1	1	1	1	1	0	0	0	0	0	0	0	0
UHM1210.23070_R.bin.101|k141_1135903_47	C294	1	1	1	1	1	1	0	0	0	0	0	0	0	0
UHM1210.23070_R.bin.101|k141_1135903_50	C294	1	1	1	1	1	1	1	0	1	1	1	1	1	1
UHM1210.23070_R.bin.101|k141_754643_2	C294	1	1	1	1	1	1	1	1	1	1	1	1	0	0
UHM1210.23070_R.bin.101|k141_754643_3	C294	1	1	1	1	1	1	0	0	0	0	0	0	0	0
UHM1210.23070_R.bin.101|k141_754643_7	C294	1	1	1	1	1	1	0	0	0	0	0	0	0	0
UHM1210.23070_R.bin.101|k141_754643_9	C294	1	1	1	1	1	1	0	0	0	0	0	0	0	0
UHM1210.23070_R.bin.101|k141_968682_3	C294	1	1	1	1	1	1	1	1	1	1	1	1	1	1
UHM1210.23070_R.bin.101|k141_968682_4	C294	1	1	1	1	1	1	0	0	0	1	0	0	0	0
UHM1210.23070_R.bin.101|k141_968682_5	C294	1	1	1	1	1	1	0	1	1	1	1	1	1	1
UHM1210.23070_R.bin.101|k141_968682_6	C294	1	1	1	1	1	1	0	1	1	1	0	1	1	1
UHM1210.23070_R.bin.101|k141_968682_7	C294	1	1	1	1	1	1	1	1	1	1	1	1	1	1
UHM1210.23070_R.bin.101|k141_968682_8	C294	1	1	1	1	1	1	1	1	0	0	1	1	0	0
UHM1210.23070_R.bin.101|k141_968682_10	C294	1	1	1	1	1	1	1	1	1	1	1	1	1	1
UHM1210.23070_R.bin.101|k141_968682_12	C294	1	1	1	1	1	1	0	0	0	0	0	0	0	0
UHM1210.23070_R.bin.101|k141_968682_13	C294	1	1	1	1	1	1	0	1	0	0	1	1	0	0
UHM1210.23070_R.bin.101|k141_1142038_3	C294	1	1	1	1	1	1	1	1	1	1	1	1	1	1
UHM1210.23070_R.bin.101|k141_1142038_6	C294	1	1	1	0	1	1	1	1	1	1	1	1	1	1
UHM1210.23070_R.bin.101|k141_1142038_7	C294	1	1	1	1	1	1	1	1	1	1	1	1	1	1
UHM1210.23070_R.bin.101|k141_1142038_8	C294	1	1	1	1	1	1	1	1	1	1	1	1	1	1
UHM1210.23070_R.bin.101|k141_1142038_9	C294	1	1	1	1	1	1	1	1	1	1	1	1	1	1
UHM1210.23070_R.bin.101|k141_1142038_10	C294	1	1	1	1	1	1	0	1	0	0	0	1	0	0
UHM1210.23070_R.bin.101|k141_1142038_12	C294	1	0	0	1	1	0	0	0	0	1	0	1	0	0
UHM1210.23070_R.bin.101|k141_1142038_13	C294	1	0	0	0	1	0	0	1	0	0	1	1	0	0
UHM1210.23070_R.bin.101|k141_1142038_14	C294	1	1	1	1	1	1	1	1	1	1	0	0	1	1
UHM1210.23070_R.bin.101|k141_1142038_15	C294	1	1	1	1	1	1	0	0	0	0	0	0	0	0
UHM1210.23070_R.bin.101|k141_1142038_16	C294	1	1	1	1	1	1	0	0	0	1	0	0	0	0
UHM1210.23070_R.bin.101|k141_1142038_17	C294	1	1	1	1	1	1	0	1	1	1	1	1	1	1
UHM1210.23070_R.bin.101|k141_1142038_19	C294	1	1	1	1	1	1	0	0	0	1	1	1	1	0
UHM1210.23070_R.bin.101|k141_1142038_20	C294	1	1	1	1	1	1	1	1	0	0	1	1	0	0
UHM1210.23070_R.bin.101|k141_1142038_21	C294	1	1	1	1	1	1	0	1	1	1	1	1	1	1
UHM1210.23070_R.bin.101|k141_1142038_22	C294	1	0	0	0	1	1	0	0	0	0	1	1	0	0
UHM1210.23070_R.bin.101|k141_1142038_23	C294	1	1	1	1	1	1	1	1	0	0	1	1	0	0
UHM1210.23070_R.bin.101|k141_1142038_24	C294	1	1	1	1	1	1	1	1	1	1	1	1	1	1
UHM1210.23070_R.bin.101|k141_1142038_25	C294	1	1	1	1	1	1	1	1	1	0	1	1	1	1
UHM1210.23070_R.bin.101|k141_1142038_26	C294	1	0	1	1	1	1	1	1	1	1	0	0	1	1
UHM1210.23070_R.bin.101|k141_1142038_27	C294	1	0	1	1	1	1	1	1	1	1	0	1	1	1
UHM1210.23070_R.bin.101|k141_1142038_29	C294	1	1	1	1	1	1	0	0	0	0	0	0	0	0
UHM1210.23070_R.bin.101|k141_1142038_30	C294	1	1	1	1	1	1	1	1	1	0	1	1	1	1
UHM1210.23070_R.bin.101|k141_1142038_31	C294	1	1	1	1	1	1	1	1	1	1	1	1	1	1
UHM1210.23070_R.bin.101|k141_1142038_32	C294	1	1	1	1	1	1	0	0	0	0	0	0	0	0
UHM1210.23070_R.bin.101|k141_1142038_33	C294	1	1	1	1	1	1	0	1	1	1	1	1	1	1
UHM1210.23070_R.bin.101|k141_1142038_34	C294	1	1	1	1	1	1	0	1	0	0	0	1	1	0
UHM1210.23070_R.bin.101|k141_1142038_35	C294	1	1	1	1	1	1	0	1	1	1	1	1	1	1
UHM1210.23070_R.bin.101|k141_1142038_36	C294	1	1	1	1	1	1	0	1	1	1	1	1	1	1
UHM1210.23070_R.bin.101|k141_1142038_37	C294	1	1	1	1	1	1	0	1	1	1	1	1	1	1
UHM1210.23070_R.bin.101|k141_1014015_7	C294	1	1	1	1	1	1	1	1	1	1	1	1	1	1
UHM1210.23070_R.bin.101|k141_1014015_8	C294	1	1	1	1	1	1	1	1	1	1	1	1	1	1
UHM1210.23070_R.bin.101|k141_1014015_9	C294	1	1	1	1	1	1	1	1	1	1	1	1	1	1
UHM1210.23070_R.bin.101|k141_1014015_10	C294	1	1	1	1	1	1	1	1	1	1	1	1	1	1
UHM1210.23070_R.bin.101|k141_1014015_11	C294	1	1	1	1	1	1	1	1	1	1	1	1	0	1
UHM1210.23070_R.bin.101|k141_1014015_12	C294	1	1	1	1	1	1	1	1	1	1	0	0	1	1
UHM1210.23070_R.bin.101|k141_1014015_19	C294	1	1	1	1	1	1	1	1	0	0	1	1	0	0
UHM1210.23070_R.bin.101|k141_1014015_20	C294	1	1	1	1	1	1	1	1	1	1	1	1	1	1
UHM1210.23070_R.bin.101|k141_1014015_21	C294	1	1	1	1	1	1	1	1	0	0	0	1	0	0
UHM1210.23070_R.bin.101|k141_1014015_23	C294	1	1	1	1	1	1	1	1	1	1	1	1	1	1
UHM1210.23070_R.bin.101|k141_1014015_28	C294	1	1	1	1	1	1	1	1	1	1	0	1	1	1
UHM1210.23070_R.bin.101|k141_1014015_29	C294	1	1	1	1	1	1	1	1	1	1	0	1	1	1
UHM1210.23070_R.bin.101|k141_1014015_30	C294	1	1	1	1	1	1	1	1	1	1	0	1	1	1
UHM1210.23070_R.bin.101|k141_1014015_31	C294	1	1	1	1	1	1	1	1	1	1	1	1	1	1
UHM1210.23070_R.bin.101|k141_1014015_32	C294	1	1	1	1	1	1	1	1	1	1	1	1	1	1
UHM1210.23070_R.bin.101|k141_1014015_33	C294	1	1	1	1	1	1	1	1	1	1	1	1	1	1
UHM1210.23070_R.bin.101|k141_1014015_34	C294	1	1	1	1	1	1	1	1	1	1	1	1	1	1
UHM1210.23070_R.bin.101|k141_1014015_35	C294	1	1	1	1	1	1	0	1	1	1	0	1	0	1
UHM1210.23070_R.bin.101|k141_1014015_36	C294	1	1	1	1	1	0	0	0	0	0	0	0	0	0
UHM1210.23070_R.bin.101|k141_1014015_37	C294	1	1	1	0	1	1	0	0	0	0	1	1	0	0
UHM1210.23070_R.bin.101|k141_1014015_38	C294	1	1	1	1	1	1	1	1	1	1	1	1	1	1
UHM1210.23070_R.bin.101|k141_1014015_39	C294	1	1	1	1	1	1	1	1	0	1	0	1	1	0
UHM1210.23070_R.bin.101|k141_1014015_40	C294	1	1	1	1	1	1	0	1	0	0	1	1	0	0
UHM1210.23070_R.bin.101|k141_1014015_41	C294	1	1	1	1	1	1	1	1	1	1	1	1	1	1
UHM1210.23070_R.bin.101|k141_35550_3	C294	1	1	1	1	1	1	0	1	1	0	0	1	1	0
UHM1210.23070_R.bin.101|k141_35550_6	C294	1	1	1	1	1	1	1	1	1	1	1	1	1	1
UHM1210.23070_R.bin.101|k141_35550_7	C294	1	0	0	0	1	1	0	0	0	0	0	0	0	0
UHM1210.23070_R.bin.101|k141_35550_9	C294	1	1	1	1	1	0	0	0	0	0	0	0	0	0
UHM1210.23070_R.bin.101|k141_35550_10	C294	1	1	1	1	1	0	0	0	0	0	1	1	0	0
UHM1210.23070_R.bin.101|k141_35550_11	C294	1	1	1	1	1	1	0	1	1	1	1	1	1	1
UHM1210.23070_R.bin.101|k141_35550_13	C294	1	1	1	1	1	1	0	0	0	0	0	0	0	0
UHM1210.23070_R.bin.101|k141_35550_14	C294	1	0	0	0	1	0	0	0	0	0	0	0	0	0
UHM1210.23070_R.bin.101|k141_35550_15	C294	1	1	1	1	1	1	1	1	0	0	1	1	0	0
UHM1210.23070_R.bin.101|k141_35550_18	C294	1	1	1	1	1	1	0	1	1	1	0	1	1	1
UHM1210.23070_R.bin.101|k141_35550_19	C294	1	1	1	1	1	1	1	1	1	1	0	1	1	1
UHM1210.23070_R.bin.101|k141_35550_20	C294	1	1	1	1	1	1	1	1	1	1	1	1	1	1
UHM1210.23070_R.bin.101|k141_35550_21	C294	1	1	1	1	1	1	1	1	1	1	1	1	1	1
UHM1210.23070_R.bin.101|k141_35550_22	C294	1	1	1	1	1	1	1	1	1	1	0	1	1	1
UHM1210.23070_R.bin.101|k141_35550_25	C294	1	1	1	1	1	1	0	0	0	0	0	0	0	0
UHM1210.23070_R.bin.101|k141_35550_26	C294	1	0	0	0	1	1	0	1	1	1	1	1	1	1
UHM1210.23070_R.bin.101|k141_35550_27	C294	1	1	1	1	1	0	1	1	1	1	1	1	1	1
UHM1210.23070_R.bin.101|k141_35550_28	C294	1	1	1	1	1	1	1	1	1	1	1	1	1	1
UHM1210.23070_R.bin.101|k141_35550_29	C294	1	0	0	0	1	0	0	0	0	0	0	0	1	0
UHM1210.23070_R.bin.101|k141_35550_33	C294	1	0	1	0	1	0	1	1	1	1	1	1	1	1
UHM1210.23070_R.bin.101|k141_35550_36	C294	1	1	1	1	1	1	1	0	0	1	1	1	0	0
UHM1210.23070_R.bin.101|k141_35550_38	C294	1	1	1	1	1	1	1	1	1	1	1	1	0	0
UHM1210.23070_R.bin.101|k141_35550_39	C294	1	1	1	1	1	1	0	0	0	0	1	1	0	0
UHM1210.23070_R.bin.101|k141_35550_42	C294	1	1	1	1	1	1	1	0	0	0	1	0	0	0
UHM1210.23070_R.bin.101|k141_35550_43	C294	1	1	1	1	1	1	1	1	1	0	1	1	0	0
UHM1210.23070_R.bin.101|k141_35550_44	C294	1	1	1	1	1	1	1	1	0	1	1	1	0	0
UHM1210.23070_R.bin.101|k141_35550_45	C294	1	1	1	1	1	1	1	1	1	1	1	1	1	1
UHM1210.23070_R.bin.101|k141_35550_46	C294	1	1	1	1	1	1	1	1	1	1	1	1	1	1
UHM1210.23070_R.bin.101|k141_35550_47	C294	1	1	1	1	1	1	0	1	0	0	1	1	0	0
UHM1210.23070_R.bin.101|k141_35550_48	C294	1	1	1	1	1	1	0	1	0	0	1	1	0	0
UHM1210.23070_R.bin.101|k141_35550_49	C294	1	0	1	0	1	1	0	0	0	0	0	0	0	1
UHM1210.23070_R.bin.101|k141_35550_50	C294	1	1	1	1	1	1	1	1	1	1	1	1	1	1
UHM1210.23070_R.bin.101|k141_35550_51	C294	1	1	1	1	1	1	0	1	1	1	1	1	1	1
UHM1210.23070_R.bin.101|k141_35550_52	C294	1	1	1	1	1	1	1	1	1	1	1	1	1	1
UHM1210.23070_R.bin.101|k141_35550_53	C294	1	1	1	1	1	1	0	1	1	1	0	1	1	1
UHM1210.23070_R.bin.101|k141_35550_54	C294	1	1	1	1	1	1	0	1	1	0	0	1	1	1
UHM1210.23070_R.bin.101|k141_35550_55	C294	1	1	1	1	1	1	0	1	1	0	0	1	1	1
UHM1210.23070_R.bin.101|k141_35550_56	C294	1	1	1	1	1	1	0	1	1	0	0	1	1	1
UHM1210.23070_R.bin.101|k141_35550_57	C294	1	1	1	1	1	1	0	1	1	0	0	1	1	1
UHM1210.23070_R.bin.101|k141_35550_58	C294	1	1	1	1	1	1	0	1	1	0	0	1	1	1
UHM1210.23070_R.bin.101|k141_35550_59	C294	1	1	1	1	1	1	0	1	0	0	0	1	1	1
UHM1210.23070_R.bin.101|k141_35550_61	C294	1	1	1	1	1	1	0	1	1	1	0	1	1	1
UHM1210.23070_R.bin.101|k141_35550_62	C294	1	1	1	1	1	1	0	1	1	1	0	1	1	1
UHM1210.23070_R.bin.101|k141_35550_63	C294	1	1	1	1	1	1	0	1	1	1	0	1	1	1
UHM1210.23070_R.bin.101|k141_35550_64	C294	1	1	1	1	1	1	0	1	1	1	0	1	1	1
UHM1210.23070_R.bin.101|k141_35550_65	C294	1	1	1	1	1	1	0	1	1	0	0	1	1	1
UHM1210.23070_R.bin.101|k141_35550_66	C294	1	0	1	0	1	1	0	1	1	0	0	1	1	1
UHM1210.23070_R.bin.101|k141_35550_67	C294	1	0	1	0	1	1	0	1	1	0	1	1	1	1
UHM1210.23070_R.bin.101|k141_35550_68	C294	1	1	1	1	1	1	0	1	1	0	1	1	1	1
UHM1210.23070_R.bin.101|k141_35550_69	C294	1	1	1	1	1	1	1	1	1	0	1	1	0	1
UHM1210.23070_R.bin.101|k141_35550_70	C294	1	1	1	1	1	1	1	1	1	0	0	1	0	1
UHM1210.23070_R.bin.101|k141_35550_71	C294	1	1	1	1	1	1	1	1	1	0	0	1	0	1
UHM1210.23070_R.bin.101|k141_35550_72	C294	1	1	1	1	1	1	1	1	1	0	0	1	0	1
UHM1210.23070_R.bin.101|k141_35550_73	C294	1	1	1	1	1	1	1	1	1	0	0	1	1	1
UHM1210.23070_R.bin.101|k141_35550_74	C294	1	1	1	1	1	1	1	1	1	0	0	1	1	1
UHM1210.23070_R.bin.101|k141_35550_75	C294	1	1	1	1	1	1	1	1	0	1	0	1	1	1
UHM1210.23070_R.bin.101|k141_35550_76	C294	1	1	1	1	1	1	1	1	1	1	0	1	1	1
UHM1210.23070_R.bin.101|k141_35550_77	C294	1	1	1	1	1	1	1	1	1	1	0	1	1	1
UHM1210.23070_R.bin.101|k141_35550_78	C294	1	1	1	1	1	1	1	1	1	1	1	1	1	1
UHM1210.23070_R.bin.101|k141_35550_80	C294	1	1	1	1	1	1	1	1	1	0	1	1	1	1
UHM1210.23070_R.bin.101|k141_35550_81	C294	1	1	1	1	1	1	1	1	0	1	1	1	1	1
UHM1210.23070_R.bin.101|k141_35550_82	C294	1	1	1	1	1	1	0	0	0	0	0	0	0	0
UHM1210.23070_R.bin.101|k141_35550_84	C294	1	1	1	1	1	1	1	1	1	1	1	1	0	0
UHM1210.23070_R.bin.101|k141_35550_85	C294	1	1	1	1	1	1	1	0	0	0	0	0	0	0
UHM1210.23070_R.bin.101|k141_35550_86	C294	1	1	1	1	1	1	1	1	1	1	1	1	1	1
UHM1210.23070_R.bin.101|k141_35550_87	C294	1	1	1	1	1	1	1	1	0	1	1	1	0	0
UHM1210.23070_R.bin.101|k141_35550_88	C294	1	1	1	1	1	1	1	1	1	1	1	1	1	1
UHM1210.23070_R.bin.101|k141_35550_89	C294	1	0	1	1	1	1	1	0	0	0	0	0	1	0
UHM1210.23070_R.bin.101|k141_35550_90	C294	1	1	1	1	1	1	1	0	0	0	1	1	1	0
UHM1210.23070_R.bin.101|k141_35550_91	C294	1	1	1	1	1	1	0	1	1	1	1	1	1	1
UHM1210.23070_R.bin.101|k141_35550_92	C294	1	0	0	1	1	1	0	0	1	0	1	1	0	1
UHM1210.23070_R.bin.101|k141_35550_93	C294	1	1	1	1	1	1	1	1	1	1	1	1	1	1
UHM1210.23070_R.bin.101|k141_35550_94	C294	1	1	1	1	1	1	1	1	1	1	1	1	1	1
UHM1210.23070_R.bin.101|k141_35550_96	C294	1	1	1	1	1	1	0	1	1	1	1	1	1	1
UHM1210.23070_R.bin.101|k141_35550_97	C294	1	1	1	1	1	1	0	1	0	0	1	1	0	0
UHM1210.23070_R.bin.101|k141_35550_98	C294	1	1	1	1	1	1	1	1	1	1	1	1	1	1
UHM1210.23070_R.bin.101|k141_35550_99	C294	1	1	1	1	1	1	1	0	1	1	0	0	1	1
UHM1210.23070_R.bin.101|k141_35550_100	C294	1	1	1	1	1	0	0	0	0	0	0	0	0	0
UHM1210.23070_R.bin.101|k141_35550_101	C294	1	1	1	1	1	1	1	1	1	1	1	1	1	1
UHM1210.23070_R.bin.101|k141_35550_103	C294	1	1	1	1	1	1	0	0	0	0	1	0	0	0
UHM1210.23070_R.bin.101|k141_35550_106	C294	1	1	1	1	1	1	1	1	1	1	1	1	1	1
UHM1210.23070_R.bin.101|k141_35550_107	C294	1	1	1	1	1	1	1	1	1	1	1	1	1	1
UHM1210.23070_R.bin.101|k141_35550_108	C294	1	1	1	1	1	1	1	1	1	1	1	1	1	1
UHM1210.23070_R.bin.101|k141_35550_109	C294	1	0	0	0	1	0	0	0	0	0	0	0	0	0
UHM1210.23070_R.bin.101|k141_35550_110	C294	1	1	1	1	1	0	0	0	0	0	0	1	0	0
UHM1210.23070_R.bin.101|k141_35550_111	C294	1	1	1	1	1	0	0	0	0	0	0	1	0	0
UHM1210.23070_R.bin.101|k141_35550_112	C294	1	1	1	1	1	1	1	0	1	0	1	1	1	1
UHM1210.23070_R.bin.101|k141_35550_113	C294	1	1	1	1	1	1	1	0	0	0	0	0	0	0
UHM1210.23070_R.bin.101|k141_35550_114	C294	1	1	1	1	1	1	1	0	1	1	0	0	1	1
UHM1210.23070_R.bin.101|k141_35550_116	C294	1	0	0	0	1	0	0	0	0	1	1	1	1	1
UHM1210.23070_R.bin.101|k141_35550_117	C294	1	1	1	1	1	1	1	1	0	1	1	1	0	1
UHM1210.23070_R.bin.101|k141_35550_121	C294	1	1	1	1	1	1	1	0	0	0	0	0	0	1
UHM1210.23070_R.bin.101|k141_35550_122	C294	1	1	1	1	1	1	0	0	1	0	0	0	0	1
UHM1210.23070_R.bin.101|k141_35550_123	C294	1	0	0	0	1	0	0	1	0	0	0	1	0	0
UHM1210.23070_R.bin.101|k141_35550_126	C294	1	1	1	1	1	1	1	1	1	1	1	1	1	1
UHM1210.23070_R.bin.101|k141_35550_129	C294	1	1	1	1	1	1	1	1	1	1	0	1	1	1
UHM1210.23070_R.bin.101|k141_35550_130	C294	1	1	1	1	1	1	1	1	1	1	0	1	1	1
UHM1210.23070_R.bin.101|k141_35550_131	C294	1	1	1	1	1	1	1	1	1	1	0	1	1	1
UHM1210.23070_R.bin.101|k141_35550_132	C294	1	1	1	1	1	1	1	1	1	1	0	1	1	1
UHM1210.23070_R.bin.101|k141_35550_133	C294	1	1	1	1	1	1	1	0	0	0	1	1	0	0
UHM1210.23070_R.bin.101|k141_35550_134	C294	1	1	1	1	1	1	0	0	0	0	0	0	0	0
UHM1210.23070_R.bin.101|k141_35550_135	C294	1	1	1	1	1	1	0	1	1	1	1	1	1	1
UHM1210.23070_R.bin.101|k141_35550_136	C294	1	1	1	1	1	1	0	1	1	1	1	1	1	1
UHM1210.23070_R.bin.101|k141_35550_137	C294	1	1	1	1	1	1	1	1	1	1	1	1	1	1
UHM1210.23070_R.bin.101|k141_1228138_3	C294	1	1	1	1	1	1	1	1	0	0	1	0	0	0
UHM1210.23070_R.bin.101|k141_1228138_4	C294	1	1	1	1	1	1	1	1	1	1	0	1	1	1
UHM1210.23070_R.bin.101|k141_1228138_5	C294	1	1	1	1	1	1	1	1	1	1	1	1	1	1
UHM1210.23070_R.bin.101|k141_1228138_6	C294	1	1	1	1	1	1	1	1	1	1	1	1	1	1
UHM1210.23070_R.bin.101|k141_1228138_8	C294	1	1	1	1	1	1	0	1	1	1	0	0	1	1
UHM1210.23070_R.bin.101|k141_1228138_9	C294	1	1	1	1	1	1	1	0	1	0	1	1	1	1
UHM1210.23070_R.bin.101|k141_1228138_10	C294	1	1	1	1	1	1	0	1	1	1	1	1	1	1
UHM1210.23070_R.bin.101|k141_1228138_11	C294	1	1	1	1	1	1	0	1	1	1	1	1	1	1
UHM1210.23070_R.bin.101|k141_1228138_15	C294	1	1	1	1	1	1	0	1	1	1	1	1	1	1
UHM1210.23070_R.bin.101|k141_1228138_16	C294	1	1	1	1	1	1	1	1	1	1	1	1	1	1
UHM1210.23070_R.bin.101|k141_1228138_17	C294	1	1	1	1	1	1	1	1	1	1	0	1	1	1
UHM1210.23070_R.bin.101|k141_1228138_18	C294	1	1	1	1	1	1	1	1	1	1	0	1	1	1
UHM1210.23070_R.bin.101|k141_1228138_19	C294	1	1	1	1	1	1	1	1	1	1	0	1	1	1
UHM1210.23070_R.bin.101|k141_1228138_20	C294	1	1	1	1	1	1	1	1	1	1	0	1	1	1
UHM1210.23070_R.bin.101|k141_1228138_21	C294	1	1	1	1	1	1	1	1	1	1	1	1	1	1
UHM1210.23070_R.bin.101|k141_1228138_24	C294	1	1	1	1	1	1	1	1	1	1	1	1	1	0
UHM1210.23070_R.bin.101|k141_1228138_27	C294	1	1	1	1	1	1	0	0	0	0	0	1	0	0
UHM1210.23070_R.bin.101|k141_971217_1	C294	1	1	1	1	1	1	0	1	1	1	1	1	0	1
UHM1210.23070_R.bin.101|k141_971217_2	C294	1	1	1	1	1	1	1	1	1	1	1	1	1	1
UHM1210.23070_R.bin.101|k141_971217_3	C294	1	1	1	1	1	1	0	1	1	1	1	1	1	1
UHM1210.23070_R.bin.101|k141_971217_4	C294	1	0	0	0	1	0	0	1	0	0	1	0	0	0
UHM1210.23070_R.bin.101|k141_971217_5	C294	1	1	1	1	1	1	1	1	1	1	1	1	1	1
UHM1210.23070_R.bin.101|k141_971217_6	C294	1	1	1	1	1	1	0	1	1	0	0	0	0	1
UHM1210.23070_R.bin.101|k141_971217_7	C294	1	1	1	1	1	1	0	0	0	0	0	0	0	0
UHM1210.23070_R.bin.101|k141_971217_8	C294	1	1	1	1	1	0	0	0	0	0	0	1	0	1
UHM1210.23070_R.bin.101|k141_1015956_1	C294	1	0	1	1	1	0	0	1	0	0	0	0	0	1
UHM1210.23070_R.bin.101|k141_1015956_8	C294	1	1	1	1	1	1	1	1	0	1	1	1	0	0
UHM1210.23070_R.bin.101|k141_1015956_9	C294	1	1	1	1	1	1	0	0	0	0	0	0	0	0
UHM1210.23070_R.bin.101|k141_1015956_10	C294	1	1	1	1	1	1	1	0	0	0	0	1	0	0
UHM1210.23070_R.bin.101|k141_1015956_11	C294	1	1	1	1	1	1	1	1	1	1	0	1	1	1
UHM1210.23070_R.bin.101|k141_1015956_12	C294	1	1	1	1	1	1	0	1	1	1	1	1	0	1
UHM1210.23070_R.bin.101|k141_1015956_13	C294	1	1	1	1	1	0	0	1	1	1	1	1	1	1
UHM1210.23070_R.bin.101|k141_1015956_14	C294	1	1	1	1	1	1	1	1	1	1	1	1	0	1
UHM1210.23070_R.bin.101|k141_1015956_15	C294	1	1	1	1	1	1	1	1	1	1	1	1	1	1
UHM1210.23070_R.bin.101|k141_1015956_16	C294	1	1	1	1	1	1	0	1	1	1	1	1	1	1
UHM1210.23070_R.bin.101|k141_1015956_17	C294	1	1	1	1	1	1	0	1	1	1	1	1	1	1
UHM1210.23070_R.bin.101|k141_1015956_19	C294	1	1	1	1	1	1	0	0	1	1	1	1	1	1
UHM1210.23070_R.bin.101|k141_1015956_20	C294	1	1	1	1	1	1	0	1	1	1	1	1	1	1
UHM1210.23070_R.bin.101|k141_1015956_21	C294	1	1	1	1	1	1	0	1	1	1	0	1	1	1
UHM1210.23070_R.bin.101|k141_1015956_22	C294	1	1	1	1	1	1	0	0	1	1	1	1	1	1
UHM1210.23070_R.bin.101|k141_1015956_26	C294	1	0	0	0	1	0	0	1	1	1	1	1	0	1
UHM1210.23070_R.bin.101|k141_1015956_27	C294	1	0	0	0	1	0	0	1	1	1	1	1	0	0
UHM1210.23070_R.bin.101|k141_1015956_28	C294	1	1	1	1	1	1	1	1	1	1	1	1	1	0
UHM1210.23070_R.bin.101|k141_1015956_30	C294	1	1	0	1	1	0	1	0	0	0	0	1	0	0
UHM1210.23070_R.bin.101|k141_1015956_31	C294	1	1	1	1	1	1	1	1	0	1	1	1	0	0
UHM1210.23070_R.bin.101|k141_1015956_33	C294	1	1	1	1	1	1	0	1	1	1	1	1	0	1
UHM1210.23070_R.bin.101|k141_1015956_34	C294	1	1	1	1	1	1	1	1	1	0	1	1	1	1
UHM1210.23070_R.bin.101|k141_1015956_35	C294	1	1	1	1	1	1	1	1	1	0	1	1	1	1
UHM1210.23070_R.bin.101|k141_1015956_36	C294	1	1	1	1	1	1	1	1	1	1	1	1	1	1
UHM1210.23070_R.bin.101|k141_1015956_37	C294	1	1	0	1	1	0	0	0	0	0	0	0	0	0
UHM1210.23070_R.bin.101|k141_1015956_41	C294	1	1	1	1	1	1	1	0	0	0	1	1	1	1
UHM1210.23070_R.bin.101|k141_1015956_42	C294	1	1	1	1	1	1	1	0	0	0	1	1	1	1
UHM1210.23070_R.bin.101|k141_1015956_43	C294	1	1	1	1	1	1	1	0	0	0	1	1	1	1
UHM1210.23070_R.bin.101|k141_1015956_44	C294	1	1	1	1	1	1	1	0	0	0	1	1	0	1
UHM1210.23070_R.bin.101|k141_1015956_45	C294	1	1	1	1	1	1	0	1	1	1	0	1	1	1
UHM1210.23070_R.bin.101|k141_1015956_46	C294	1	1	1	1	1	1	1	1	1	1	1	0	1	1
UHM1210.23070_R.bin.101|k141_1015956_47	C294	1	0	1	1	1	1	0	1	1	0	0	1	1	1
UHM1210.23070_R.bin.101|k141_1015956_48	C294	1	0	0	0	1	1	0	1	1	0	0	0	0	0
UHM1210.23070_R.bin.101|k141_1015956_49	C294	1	0	1	1	1	1	0	1	1	1	0	1	1	1
UHM1210.23070_R.bin.101|k141_1015956_51	C294	1	0	0	0	1	0	0	0	0	1	0	0	0	1
UHM1210.23070_R.bin.101|k141_1015956_52	C294	1	0	1	1	1	1	0	0	1	0	0	0	1	1
UHM1210.23070_R.bin.101|k141_1015956_53	C294	1	0	1	1	1	1	0	1	1	0	0	0	1	1
UHM1210.23070_R.bin.101|k141_1015956_54	C294	1	0	1	1	1	1	0	0	0	0	1	0	0	1
UHM1210.23070_R.bin.101|k141_1015956_55	C294	1	1	1	1	1	1	1	1	0	0	1	1	0	0
UHM1210.23070_R.bin.101|k141_1015956_56	C294	1	1	1	1	1	1	0	0	0	0	1	0	0	0
UHM1210.23070_R.bin.101|k141_1015956_57	C294	1	1	1	1	1	1	1	0	0	0	1	1	1	1
UHM1210.23070_R.bin.101|k141_802077_1	C294	1	1	1	0	1	0	0	0	0	0	0	0	0	0
UHM1073.23039_R.bin.125|k141_222743_1	C288	1	1	1	1	0	1	1	1	1	1	0	1	0	1
UHM1073.23039_R.bin.125|k141_222743_2	C288	1	1	1	1	1	1	1	0	0	0	1	1	0	0
UHM1073.23039_R.bin.125|k141_222743_3	C288	1	1	1	1	1	1	1	0	0	0	1	1	0	0
UHM1073.23039_R.bin.125|k141_222743_4	C288	1	1	1	1	1	1	1	1	1	1	0	0	1	1
UHM1073.23039_R.bin.125|k141_222743_5	C288	1	1	1	1	1	1	1	1	0	1	1	1	1	1
UHM1073.23039_R.bin.125|k141_222743_6	C288	1	1	1	0	0	0	0	0	0	0	0	0	0	0
UHM1073.23039_R.bin.125|k141_222743_7	C288	1	1	1	1	0	0	0	0	0	0	0	0	0	0
UHM1073.23039_R.bin.125|k141_405036_4	C288	1	1	1	1	1	1	0	0	0	0	0	0	0	0
UHM1073.23039_R.bin.125|k141_405036_5	C288	1	1	1	1	1	1	1	1	1	1	1	1	1	1
UHM1073.23039_R.bin.125|k141_405036_6	C288	1	1	1	1	1	1	0	0	0	0	0	0	1	0
UHM1073.23039_R.bin.125|k141_405036_7	C288	1	1	1	1	1	1	1	1	0	1	1	1	1	0
UHM1073.23039_R.bin.125|k141_405036_8	C288	1	1	1	1	1	1	1	1	1	1	0	1	1	1
UHM1073.23039_R.bin.125|k141_405036_11	C288	1	1	1	1	1	1	0	1	1	1	1	1	0	1
UHM1073.23039_R.bin.125|k141_405036_12	C288	1	1	1	1	0	1	0	0	0	0	0	0	0	0
UHM1073.23039_R.bin.125|k141_405036_15	C288	1	1	1	1	1	1	1	1	1	1	1	1	1	1
UHM1073.23039_R.bin.125|k141_405036_16	C288	1	1	1	1	1	1	0	1	1	0	0	1	1	1
UHM1073.23039_R.bin.125|k141_405036_17	C288	1	1	1	1	1	1	0	1	1	1	1	1	1	1
UHM1073.23039_R.bin.125|k141_405036_18	C288	1	1	1	1	1	1	0	1	1	1	0	1	1	1
UHM1073.23039_R.bin.125|k141_405036_19	C288	1	1	1	1	1	1	0	1	1	1	1	1	1	1
UHM1073.23039_R.bin.125|k141_405036_20	C288	1	1	1	1	1	1	0	1	1	1	1	1	1	1
UHM1073.23039_R.bin.125|k141_405036_21	C288	1	1	1	1	1	1	0	1	1	1	1	1	0	1
UHM1073.23039_R.bin.125|k141_405036_22	C288	1	1	1	1	0	1	1	1	1	1	1	1	1	1
UHM1073.23039_R.bin.125|k141_405036_24	C288	1	1	1	1	1	0	1	0	0	0	1	0	0	0
UHM1073.23039_R.bin.125|k141_405036_25	C288	1	1	1	1	1	0	0	0	1	1	0	1	0	1
UHM1073.23039_R.bin.125|k141_405036_30	C288	1	1	1	1	1	1	1	1	1	1	1	1	1	1
UHM1073.23039_R.bin.125|k141_405036_31	C288	1	1	1	1	1	1	1	1	1	1	1	1	1	1
UHM1073.23039_R.bin.125|k141_405036_32	C288	1	1	1	1	1	1	1	1	1	1	0	1	1	1
UHM1073.23039_R.bin.125|k141_405036_33	C288	1	1	1	1	0	1	0	0	0	0	1	0	0	0
UHM1073.23039_R.bin.125|k141_405036_34	C288	1	1	1	1	1	1	1	1	1	1	1	0	0	1
UHM1073.23039_R.bin.125|k141_405036_37	C288	1	1	1	1	1	1	1	1	1	1	1	1	1	1
UHM1073.23039_R.bin.125|k141_405036_38	C288	1	1	1	1	1	1	1	1	0	1	1	1	1	1
UHM1073.23039_R.bin.125|k141_405036_39	C288	1	1	1	1	1	1	0	1	1	1	1	1	1	1
UHM1073.23039_R.bin.125|k141_405036_42	C288	1	1	1	1	1	1	1	1	1	1	1	1	0	1
UHM1073.23039_R.bin.125|k141_405036_43	C288	1	1	1	1	1	1	1	1	1	0	0	1	0	0
UHM1073.23039_R.bin.125|k141_405036_45	C288	1	1	1	1	1	1	0	1	1	1	0	1	0	0
UHM1073.23039_R.bin.125|k141_405036_46	C288	1	1	1	1	1	1	1	1	1	1	1	1	1	1
UHM1073.23039_R.bin.125|k141_405036_49	C288	1	0	1	0	1	0	0	0	0	0	1	0	0	0
UHM1073.23039_R.bin.125|k141_405036_50	C288	1	1	1	1	1	1	0	0	0	0	1	0	0	0
UHM1073.23039_R.bin.125|k141_405036_51	C288	1	1	1	1	1	1	0	0	0	1	0	1	0	0
UHM1073.23039_R.bin.125|k141_405036_52	C288	1	1	1	1	1	1	0	0	1	1	0	0	1	0
UHM1073.23039_R.bin.125|k141_405036_53	C288	1	1	1	1	1	1	0	1	1	1	1	1	1	1
UHM1073.23039_R.bin.125|k141_405036_55	C288	1	1	1	1	1	1	1	0	0	0	1	0	0	0
UHM1073.23039_R.bin.125|k141_405036_57	C288	1	1	1	1	1	1	1	1	1	1	1	1	1	1
UHM1073.23039_R.bin.125|k141_405036_59	C288	1	1	1	1	1	1	1	1	1	1	1	1	1	1
UHM1073.23039_R.bin.125|k141_405036_60	C288	1	1	1	1	1	1	0	0	0	0	0	1	0	0
UHM1073.23039_R.bin.125|k141_405036_61	C288	1	1	1	1	0	1	0	0	0	0	0	0	0	0
UHM1073.23039_R.bin.125|k141_405036_63	C288	1	1	1	1	1	1	1	1	1	1	1	1	1	1
UHM1073.23039_R.bin.125|k141_405036_64	C288	1	1	1	1	1	1	1	1	1	1	1	1	1	1
UHM1073.23039_R.bin.125|k141_405036_65	C288	1	1	1	1	1	1	0	1	1	1	1	1	1	1
UHM1073.23039_R.bin.125|k141_405036_68	C288	1	1	1	1	1	1	0	1	0	0	0	0	0	0
UHM1073.23039_R.bin.125|k141_405036_70	C288	1	1	1	1	1	0	1	0	0	0	0	1	0	0
UHM1073.23039_R.bin.125|k141_405036_73	C288	1	1	1	1	1	1	0	1	1	1	1	1	1	1
UHM1073.23039_R.bin.125|k141_405036_74	C288	1	1	1	1	1	1	1	1	1	1	1	0	1	1
UHM1073.23039_R.bin.125|k141_405036_75	C288	1	1	1	1	1	1	1	1	1	1	1	1	1	1
UHM1073.23039_R.bin.125|k141_405036_76	C288	1	1	1	1	1	1	1	1	1	1	0	1	1	1
UHM1073.23039_R.bin.125|k141_405036_77	C288	1	1	1	1	1	0	1	1	1	0	0	1	0	1
UHM1073.23039_R.bin.125|k141_405036_78	C288	1	1	1	1	0	0	0	0	0	0	0	0	0	0
UHM1073.23039_R.bin.125|k141_405036_79	C288	1	0	1	0	0	0	0	0	0	0	0	0	0	0
UHM1073.23039_R.bin.125|k141_405036_80	C288	1	1	1	1	1	0	1	1	0	0	0	0	0	0
UHM1073.23039_R.bin.125|k141_405036_82	C288	1	0	1	0	0	0	0	0	0	0	0	0	0	0
UHM1073.23039_R.bin.125|k141_223244_1	C288	1	1	1	1	1	1	0	0	0	0	0	1	0	0
UHM1073.23039_R.bin.125|k141_223244_3	C288	1	0	1	1	1	1	0	1	1	1	1	1	1	1
UHM1073.23039_R.bin.125|k141_223244_14	C288	1	1	1	1	0	1	0	0	0	1	0	1	0	1
UHM1073.23039_R.bin.125|k141_223244_15	C288	1	1	1	1	1	1	1	1	1	1	1	1	1	1
UHM1073.23039_R.bin.125|k141_223244_16	C288	1	1	1	1	1	1	1	1	1	1	0	1	1	1
UHM1073.23039_R.bin.125|k141_223244_17	C288	1	1	1	1	1	1	0	1	0	0	0	1	0	0
UHM1073.23039_R.bin.125|k141_223244_18	C288	1	1	1	1	1	1	0	1	0	0	0	0	0	0
UHM1073.23039_R.bin.125|k141_223244_19	C288	1	1	1	1	1	1	0	1	1	0	1	1	1	1
UHM1073.23039_R.bin.125|k141_223244_20	C288	1	1	1	1	1	1	0	1	1	1	1	1	1	1
UHM1073.23039_R.bin.125|k141_223244_21	C288	1	1	1	1	1	1	1	1	1	1	1	1	1	1
UHM1073.23039_R.bin.125|k141_223244_22	C288	1	1	1	1	1	1	1	1	1	1	0	1	1	1
UHM1073.23039_R.bin.125|k141_223244_24	C288	1	1	1	1	1	1	0	0	0	1	0	0	1	0
UHM1073.23039_R.bin.125|k141_223244_25	C288	1	1	1	1	1	1	0	1	1	1	1	1	1	1
UHM1073.23039_R.bin.125|k141_223244_26	C288	1	1	1	1	1	1	0	0	0	0	0	0	0	0
UHM1073.23039_R.bin.125|k141_223244_27	C288	1	1	1	1	1	1	1	1	1	1	1	0	1	1
UHM1073.23039_R.bin.125|k141_223244_28	C288	1	1	1	1	1	1	0	1	1	1	1	1	1	1
UHM1073.23039_R.bin.125|k141_223244_29	C288	1	1	1	1	1	1	0	1	0	1	1	1	1	1
UHM1073.23039_R.bin.125|k141_223244_30	C288	1	1	1	1	1	1	0	1	1	1	1	1	1	1
UHM1073.23039_R.bin.125|k141_223244_31	C288	1	1	1	1	1	1	1	1	1	1	1	1	1	1
UHM1073.23039_R.bin.125|k141_223244_33	C288	1	1	1	1	1	1	1	1	1	1	0	1	1	1
UHM1073.23039_R.bin.125|k141_223244_34	C288	1	1	1	1	1	0	1	1	1	1	1	1	1	1
UHM1073.23039_R.bin.125|k141_223244_35	C288	1	1	1	1	1	1	1	0	0	1	1	1	0	1
UHM1073.23039_R.bin.125|k141_223244_36	C288	1	1	1	1	1	1	1	0	0	0	1	1	1	1
UHM1073.23039_R.bin.125|k141_223244_37	C288	1	1	1	1	1	1	0	1	1	1	0	1	1	1
UHM1073.23039_R.bin.125|k141_223244_44	C288	1	1	1	1	1	1	1	1	1	0	1	0	0	1
UHM1073.23039_R.bin.125|k141_223244_45	C288	1	1	1	1	1	1	1	1	0	0	1	0	0	0
UHM1073.23039_R.bin.125|k141_223244_46	C288	1	1	1	1	1	1	1	1	1	1	1	1	1	1
UHM1073.23039_R.bin.125|k141_223244_47	C288	1	1	1	1	0	0	0	0	0	0	0	0	0	0
UHM1073.23039_R.bin.125|k141_223244_48	C288	1	1	1	1	1	1	0	1	1	1	1	1	1	1
UHM1073.23039_R.bin.125|k141_223244_49	C288	1	1	1	1	1	1	0	1	1	1	1	1	1	1
UHM1073.23039_R.bin.125|k141_223244_50	C288	1	1	1	1	1	1	1	1	0	0	0	1	1	0
UHM1073.23039_R.bin.125|k141_223244_51	C288	1	1	1	1	1	1	1	1	1	1	1	1	1	1
UHM1073.23039_R.bin.125|k141_223244_52	C288	1	1	1	1	1	1	1	1	1	1	1	1	1	1
UHM1073.23039_R.bin.125|k141_223244_53	C288	1	1	1	1	1	1	0	1	1	1	1	1	1	1
UHM1073.23039_R.bin.125|k141_223244_54	C288	1	1	1	1	1	1	1	1	1	1	0	1	1	1
UHM1073.23039_R.bin.125|k141_223244_55	C288	1	1	1	1	1	1	1	1	1	1	1	1	1	1
UHM1073.23039_R.bin.125|k141_223244_57	C288	1	1	1	1	1	1	1	1	1	1	0	1	1	1
UHM1073.23039_R.bin.125|k141_223244_58	C288	1	1	1	1	1	1	0	1	1	1	1	1	1	1
UHM1073.23039_R.bin.125|k141_223244_59	C288	1	1	1	1	0	1	1	1	0	0	1	1	0	0
UHM1073.23039_R.bin.125|k141_223244_61	C288	1	1	1	0	1	1	1	1	0	0	1	1	1	0
UHM1073.23039_R.bin.125|k141_223244_62	C288	1	1	1	1	1	1	0	1	1	1	1	1	1	1
UHM1073.23039_R.bin.125|k141_223244_63	C288	1	1	1	1	0	0	0	0	0	0	0	0	0	0
UHM1073.23039_R.bin.125|k141_223244_65	C288	1	1	1	1	0	1	0	0	1	1	1	1	0	0
UHM1073.23039_R.bin.125|k141_223244_66	C288	1	1	1	1	1	1	0	0	0	0	0	0	1	0
UHM1073.23039_R.bin.125|k141_223244_68	C288	1	1	1	1	1	1	1	1	1	1	0	1	1	1
UHM1073.23039_R.bin.125|k141_223244_71	C288	1	1	1	1	1	1	0	1	1	1	1	1	1	1
UHM1073.23039_R.bin.125|k141_223244_72	C288	1	1	1	1	1	1	1	1	1	1	1	1	1	1
UHM1073.23039_R.bin.125|k141_223244_73	C288	1	1	1	1	1	1	1	1	1	1	1	1	1	1
UHM1073.23039_R.bin.125|k141_223244_74	C288	1	1	1	1	1	1	1	1	1	1	0	0	0	1
UHM1073.23039_R.bin.125|k141_223244_75	C288	1	1	1	1	1	1	0	0	0	0	0	0	0	0
UHM1073.23039_R.bin.125|k141_223244_76	C288	1	1	1	1	1	1	1	1	1	1	1	0	1	1
UHM1073.23039_R.bin.125|k141_223244_81	C288	1	1	1	1	1	1	1	1	1	1	1	1	1	1
UHM1073.23039_R.bin.125|k141_223244_82	C288	1	1	1	1	1	1	1	1	0	0	0	1	0	0
UHM1073.23039_R.bin.125|k141_223244_83	C288	1	1	1	1	1	1	0	1	0	0	1	0	0	1
UHM1073.23039_R.bin.125|k141_223244_84	C288	1	1	1	1	0	1	0	0	0	0	0	0	0	0
UHM1073.23039_R.bin.125|k141_223244_85	C288	1	1	1	1	1	1	0	0	1	1	1	0	0	1
UHM1073.23039_R.bin.125|k141_223244_86	C288	1	1	1	1	1	1	1	1	1	1	1	1	0	1
UHM1073.23039_R.bin.125|k141_223244_87	C288	1	1	1	1	1	1	1	1	0	0	1	1	0	0
UHM1073.23039_R.bin.125|k141_223244_88	C288	1	1	1	1	1	1	1	1	0	0	1	1	0	0
UHM1073.23039_R.bin.125|k141_223244_92	C288	1	1	1	1	1	1	0	1	1	1	1	1	1	1
UHM1073.23039_R.bin.125|k141_223244_93	C288	1	1	1	1	1	1	1	1	1	1	1	1	1	1
UHM1073.23039_R.bin.125|k141_223244_94	C288	1	1	1	1	1	1	1	1	1	1	1	1	1	1
UHM1073.23039_R.bin.125|k141_223244_95	C288	1	1	1	1	0	1	0	0	0	0	0	0	0	0
UHM1073.23039_R.bin.125|k141_223244_96	C288	1	1	1	1	1	1	0	1	1	0	1	0	1	1
UHM1073.23039_R.bin.125|k141_223244_98	C288	1	1	1	1	1	1	0	1	1	1	1	1	1	1
UHM1073.23039_R.bin.125|k141_223244_99	C288	1	1	1	1	1	1	0	1	0	0	1	1	1	0
UHM1073.23039_R.bin.125|k141_223244_102	C288	1	1	1	1	1	1	1	1	1	1	1	1	0	0
UHM1073.23039_R.bin.125|k141_223244_103	C288	1	1	1	1	1	1	1	0	0	0	0	0	0	0
UHM1073.23039_R.bin.125|k141_223244_104	C288	1	1	1	1	1	1	1	1	1	1	1	1	1	1
UHM1073.23039_R.bin.125|k141_223244_111	C288	1	1	1	1	1	1	1	1	1	1	1	1	1	1
UHM1073.23039_R.bin.125|k141_223244_112	C288	1	1	1	1	1	1	0	1	1	1	0	1	1	1
UHM1073.23039_R.bin.125|k141_223244_114	C288	1	1	1	1	1	1	1	1	0	0	1	1	0	0
UHM1073.23039_R.bin.125|k141_223244_115	C288	1	1	1	1	1	1	1	1	1	0	1	1	1	1
UHM1073.23039_R.bin.125|k141_223244_117	C288	1	1	1	1	1	1	1	0	1	0	1	0	0	0
UHM1073.23039_R.bin.125|k141_223244_118	C288	1	1	1	1	1	1	0	1	1	1	1	1	1	1
UHM1073.23039_R.bin.125|k141_223244_119	C288	1	1	1	1	1	1	0	1	1	1	1	1	1	1
UHM1073.23039_R.bin.125|k141_223244_120	C288	1	1	1	1	1	1	1	1	1	1	1	1	1	1
UHM1073.23039_R.bin.125|k141_223244_121	C288	1	1	1	1	1	1	1	0	1	1	1	1	1	1
UHM1073.23039_R.bin.125|k141_223244_122	C288	1	1	1	1	1	1	1	1	0	0	1	1	0	1
UHM1073.23039_R.bin.125|k141_223244_123	C288	1	1	1	1	1	1	1	1	0	0	1	1	1	1
UHM1073.23039_R.bin.125|k141_223244_124	C288	1	1	1	1	1	0	0	0	0	0	0	0	0	0
UHM1073.23039_R.bin.125|k141_223244_125	C288	1	1	1	1	1	1	1	1	1	1	0	1	1	1
UHM1073.23039_R.bin.125|k141_223244_126	C288	1	1	1	1	1	1	1	1	1	1	0	1	1	1
UHM1073.23039_R.bin.125|k141_223244_127	C288	1	1	1	1	1	1	1	0	0	0	0	1	1	1
UHM1073.23039_R.bin.125|k141_223244_128	C288	1	1	1	1	0	0	0	0	0	0	0	0	1	1
UHM1073.23039_R.bin.125|k141_223244_129	C288	1	1	1	1	1	1	1	1	1	1	1	1	1	1
UHM1073.23039_R.bin.125|k141_223244_130	C288	1	1	1	1	1	1	1	1	1	0	1	1	1	1
UHM1073.23039_R.bin.125|k141_223244_131	C288	1	1	1	1	1	1	1	1	1	0	1	1	1	1
UHM1073.23039_R.bin.125|k141_223244_132	C288	1	1	1	1	0	0	0	0	0	0	0	0	0	0
UHM1073.23039_R.bin.125|k141_223244_133	C288	1	1	1	1	0	1	0	0	0	0	0	0	0	0
UHM1073.23039_R.bin.125|k141_223244_134	C288	1	1	1	1	1	1	0	1	1	1	1	1	1	1
UHM1073.23039_R.bin.125|k141_223244_135	C288	1	1	1	1	1	0	0	1	1	1	0	1	1	1
UHM1073.23039_R.bin.125|k141_223244_136	C288	1	1	1	1	1	1	1	1	1	1	1	1	1	1
UHM1073.23039_R.bin.125|k141_223244_137	C288	1	1	1	1	1	1	1	1	1	1	1	1	1	1
UHM1073.23039_R.bin.125|k141_223244_140	C288	1	1	1	1	1	0	0	0	0	0	0	0	1	0
UHM1073.23039_R.bin.125|k141_223244_141	C288	1	1	1	1	1	1	0	0	0	0	0	1	0	0
UHM1073.23039_R.bin.125|k141_42250_4	C288	1	1	1	1	1	1	1	1	1	1	0	1	1	1
UHM1073.23039_R.bin.125|k141_42250_6	C288	1	1	1	1	1	1	1	1	1	1	1	1	1	1
UHM1073.23039_R.bin.125|k141_42250_7	C288	1	1	1	1	1	1	0	1	0	0	1	1	0	0
UHM1073.23039_R.bin.125|k141_42250_8	C288	1	1	1	1	1	1	0	1	1	1	1	1	1	1
UHM1073.23039_R.bin.125|k141_42250_9	C288	1	1	1	1	1	1	1	0	0	0	1	1	0	0
UHM1073.23039_R.bin.125|k141_42250_11	C288	1	1	1	1	1	1	1	0	0	0	0	0	0	0
UHM1073.23039_R.bin.125|k141_42250_13	C288	1	1	1	1	1	1	1	1	1	1	1	1	1	1
UHM1073.23039_R.bin.125|k141_42250_14	C288	1	1	1	1	1	1	1	1	1	1	1	1	1	1
UHM1073.23039_R.bin.125|k141_42250_15	C288	1	1	1	1	1	1	1	1	1	1	1	1	1	1
UHM1073.23039_R.bin.125|k141_42250_16	C288	1	1	1	1	1	1	1	1	1	1	1	1	1	1
UHM1073.23039_R.bin.125|k141_42250_17	C288	1	1	1	1	1	1	1	1	1	1	1	1	1	1
UHM1073.23039_R.bin.125|k141_42250_18	C288	1	1	1	1	1	1	1	1	0	0	1	1	0	1
UHM1073.23039_R.bin.125|k141_42250_22	C288	1	1	1	1	1	1	1	1	1	1	1	1	0	1
UHM1073.23039_R.bin.125|k141_42250_23	C288	1	1	1	1	1	1	1	1	1	1	1	1	0	0
UHM1073.23039_R.bin.125|k141_42250_24	C288	1	1	1	1	1	1	1	1	1	1	1	1	1	1
UHM1073.23039_R.bin.125|k141_42250_25	C288	1	1	1	1	1	1	1	1	1	1	1	1	1	1
UHM1073.23039_R.bin.125|k141_42250_26	C288	1	0	1	1	1	1	1	0	0	0	0	0	1	0
UHM1073.23039_R.bin.125|k141_42250_27	C288	1	1	1	1	1	0	0	0	0	0	0	0	0	0
UHM1073.23039_R.bin.125|k141_42250_28	C288	1	1	1	1	1	1	0	1	1	1	1	1	1	1
UHM1073.23039_R.bin.125|k141_42250_29	C288	1	1	1	1	1	1	0	1	1	1	1	1	1	1
UHM1073.23039_R.bin.125|k141_42250_30	C288	1	1	1	1	1	1	0	1	1	1	1	1	1	1
UHM1073.23039_R.bin.125|k141_42250_32	C288	1	1	1	0	1	1	1	0	0	0	0	0	0	0
UHM1073.23039_R.bin.125|k141_528162_2	C288	1	1	1	1	1	1	1	1	0	1	1	1	1	1
UHM1073.23039_R.bin.125|k141_528162_3	C288	1	1	1	1	1	1	1	1	1	1	1	1	1	1
UHM1073.23039_R.bin.125|k141_528162_4	C288	1	1	1	1	1	1	0	1	1	1	1	1	1	1
UHM1073.23039_R.bin.125|k141_528162_5	C288	1	1	1	1	1	1	0	1	1	1	1	1	1	1
UHM1073.23039_R.bin.125|k141_528162_6	C288	1	1	1	1	0	1	0	0	0	0	0	1	0	0
UHM1073.23039_R.bin.125|k141_528162_8	C288	1	1	1	1	0	1	0	0	1	0	0	0	1	1
UHM1073.23039_R.bin.125|k141_528162_9	C288	1	1	1	1	0	1	1	0	0	0	0	0	0	0
UHM1073.23039_R.bin.125|k141_610428_1	C288	1	1	1	1	1	1	1	1	0	0	1	0	1	0
UHM1073.23039_R.bin.125|k141_610428_5	C288	1	1	1	1	1	1	1	1	1	0	1	0	1	1
UHM1073.23039_R.bin.125|k141_610428_6	C288	1	1	1	1	0	0	0	0	0	0	0	0	0	0
UHM1073.23039_R.bin.125|k141_610428_7	C288	1	1	1	1	1	1	0	1	1	1	1	1	1	1
UHM1073.23039_R.bin.125|k141_610428_8	C288	1	1	1	1	1	1	0	1	1	1	1	1	1	1
UHM1073.23039_R.bin.125|k141_610428_9	C288	1	1	1	1	1	1	1	1	1	1	1	1	1	1
UHM1073.23039_R.bin.125|k141_610428_10	C288	1	1	1	1	1	1	1	1	1	1	1	1	1	1
UHM1073.23039_R.bin.125|k141_610428_11	C288	1	1	1	1	1	1	1	1	1	1	1	1	1	1
UHM1073.23039_R.bin.125|k141_610428_12	C288	1	1	1	1	0	1	0	0	0	0	0	0	0	0
UHM1073.23039_R.bin.125|k141_610428_13	C288	1	1	1	1	1	1	0	1	1	1	0	1	1	1
UHM1073.23039_R.bin.125|k141_610428_14	C288	1	1	1	1	1	1	1	1	1	1	1	1	1	0
UHM1073.23039_R.bin.125|k141_610428_15	C288	1	1	1	1	1	1	0	1	0	0	1	1	0	1
UHM1073.23039_R.bin.125|k141_610428_16	C288	1	1	1	1	1	1	1	1	1	1	1	1	1	1
UHM1073.23039_R.bin.125|k141_610428_17	C288	1	1	1	1	1	1	0	1	1	1	1	1	1	1
UHM1073.23039_R.bin.125|k141_610428_18	C288	1	1	1	1	1	1	1	0	0	0	1	1	1	1
UHM1073.23039_R.bin.125|k141_610428_19	C288	1	1	1	1	1	1	0	1	0	0	0	1	0	0
UHM1073.23039_R.bin.125|k141_610428_24	C288	1	1	1	1	1	1	1	1	1	1	0	0	0	1
UHM1073.23039_R.bin.125|k141_610428_25	C288	1	1	1	1	0	1	1	0	0	1	1	1	0	1
UHM1073.23039_R.bin.125|k141_610428_26	C288	1	1	1	1	0	1	0	0	0	0	0	1	0	0
UHM1073.23039_R.bin.125|k141_610428_27	C288	1	1	1	1	1	1	1	1	1	1	0	1	1	1
UHM1073.23039_R.bin.125|k141_610428_28	C288	1	1	1	1	1	1	0	1	0	0	0	1	0	0
UHM1073.23039_R.bin.125|k141_610428_29	C288	1	1	1	1	1	1	1	1	1	1	1	1	1	1
UHM1073.23039_R.bin.125|k141_610428_30	C288	1	1	1	1	1	1	1	1	1	1	1	1	1	1
UHM1073.23039_R.bin.125|k141_610428_31	C288	1	1	1	1	1	1	1	1	1	1	1	1	1	1
UHM1073.23039_R.bin.125|k141_490033_1	C288	1	1	1	1	1	1	1	1	1	1	1	1	1	1
UHM1073.23039_R.bin.125|k141_490033_3	C288	1	1	1	1	1	1	0	0	0	0	1	0	0	0
UHM1073.23039_R.bin.125|k141_490033_4	C288	1	1	1	1	1	1	1	1	1	1	0	0	1	1
UHM1073.23039_R.bin.125|k141_490033_5	C288	1	1	1	1	1	1	0	1	1	1	0	1	1	1
UHM1073.23039_R.bin.125|k141_490033_6	C288	1	1	1	1	1	1	0	0	0	0	0	0	0	0
UHM1073.23039_R.bin.125|k141_490033_7	C288	1	1	1	1	1	1	1	1	1	1	0	1	1	0
UHM1073.23039_R.bin.125|k141_490033_8	C288	1	1	1	1	1	1	1	1	1	1	1	1	1	1
UHM1073.23039_R.bin.125|k141_490033_9	C288	1	1	1	1	1	1	1	1	1	1	1	1	1	1
UHM1073.23039_R.bin.125|k141_490033_10	C288	1	1	1	1	1	1	1	1	1	1	1	1	1	1
UHM1073.23039_R.bin.125|k141_490033_11	C288	1	1	1	1	1	1	1	1	1	1	1	0	1	1
UHM1073.23039_R.bin.125|k141_490033_12	C288	1	1	1	1	0	0	0	0	0	0	0	1	0	0
UHM1073.23039_R.bin.125|k141_490033_14	C288	1	1	1	1	0	1	0	1	1	1	1	1	1	1
UHM1073.23039_R.bin.125|k141_490033_15	C288	1	1	1	1	1	1	1	1	1	1	1	1	1	1
UHM1073.23039_R.bin.125|k141_490033_16	C288	1	1	1	1	1	1	0	1	0	0	1	1	1	1
UHM1073.23039_R.bin.125|k141_490033_17	C288	1	1	1	1	1	1	0	1	1	1	1	1	1	1
UHM1073.23039_R.bin.125|k141_490033_18	C288	1	1	1	1	1	1	1	1	0	1	1	1	0	0
UHM1073.23039_R.bin.125|k141_490033_19	C288	1	1	1	1	1	1	1	1	1	1	1	1	1	1
UHM1073.23039_R.bin.125|k141_490033_21	C288	1	1	1	1	1	1	1	1	1	1	0	1	1	0
UHM1073.23039_R.bin.125|k141_490033_22	C288	1	1	1	1	1	1	1	1	1	1	1	1	1	1
UHM1073.23039_R.bin.125|k141_490033_24	C288	1	1	1	1	1	1	0	1	1	1	1	1	1	1
UHM1073.23039_R.bin.125|k141_490033_25	C288	1	1	1	1	1	1	1	1	0	0	0	0	0	0
UHM1073.23039_R.bin.125|k141_490033_26	C288	1	1	1	1	1	1	0	0	0	0	0	0	0	0
UHM1073.23039_R.bin.125|k141_490033_27	C288	1	1	1	1	1	1	1	1	1	1	1	1	1	1
UHM1073.23039_R.bin.125|k141_490033_28	C288	1	1	1	1	1	1	1	1	0	0	1	1	0	0
UHM1073.23039_R.bin.125|k141_490033_29	C288	1	1	1	1	1	1	1	1	1	1	1	1	1	1
UHM1073.23039_R.bin.125|k141_490033_30	C288	1	1	1	1	1	1	0	1	0	0	1	1	0	0
UHM1073.23039_R.bin.125|k141_490033_31	C288	1	1	1	1	1	1	1	1	1	1	1	1	1	1
UHM1073.23039_R.bin.125|k141_490033_32	C288	1	1	1	1	1	1	1	1	1	1	1	1	1	1
UHM1073.23039_R.bin.125|k141_490033_33	C288	1	1	1	1	1	1	1	1	1	1	1	1	1	1
UHM1073.23039_R.bin.125|k141_490033_34	C288	1	1	1	1	1	1	1	1	1	1	1	1	1	1
UHM1073.23039_R.bin.125|k141_490033_35	C288	1	1	1	1	1	1	1	1	1	1	1	1	1	1
UHM1073.23039_R.bin.125|k141_490033_39	C288	1	1	1	1	1	1	1	1	1	1	1	1	0	1
UHM1073.23039_R.bin.125|k141_490033_40	C288	1	0	1	0	1	1	1	1	1	1	1	0	1	1
UHM1073.23039_R.bin.125|k141_490033_41	C288	1	1	1	1	1	1	1	1	1	1	1	0	1	1
UHM1073.23039_R.bin.125|k141_490033_42	C288	1	1	1	1	0	1	0	0	0	0	0	0	0	0
UHM1073.23039_R.bin.125|k141_490033_43	C288	1	1	1	1	1	1	1	1	1	1	1	0	1	1
UHM1073.23039_R.bin.125|k141_490033_44	C288	1	1	1	1	1	0	0	0	0	0	0	0	0	0
UHM1073.23039_R.bin.125|k141_490033_45	C288	1	1	1	1	1	0	0	0	0	0	0	0	0	0
UHM1073.23039_R.bin.125|k141_490033_48	C288	1	1	1	1	1	1	1	1	1	1	1	1	1	1
UHM1073.23039_R.bin.125|k141_490033_49	C288	1	1	1	1	1	1	1	1	1	1	1	1	1	1
UHM1073.23039_R.bin.125|k141_490033_52	C288	1	1	1	1	1	1	0	1	0	0	1	1	0	0
UHM1073.23039_R.bin.125|k141_490033_53	C288	1	1	1	1	1	1	1	1	1	1	1	1	1	1
UHM1073.23039_R.bin.125|k141_490033_54	C288	1	1	1	1	1	1	1	1	1	1	1	1	1	1
UHM1073.23039_R.bin.125|k141_490033_56	C288	1	1	1	1	1	1	1	1	1	1	1	1	1	1
UHM1073.23039_R.bin.125|k141_490033_58	C288	1	1	1	1	1	1	0	1	0	1	0	0	1	0
UHM1073.23039_R.bin.125|k141_490033_60	C288	1	1	1	1	0	1	1	0	0	0	0	1	0	0
UHM1073.23039_R.bin.125|k141_490033_61	C288	1	1	1	1	1	1	1	1	1	1	0	1	1	1
UHM1073.23039_R.bin.125|k141_490033_62	C288	1	1	1	1	0	0	0	0	0	0	0	0	0	0
UHM1073.23039_R.bin.125|k141_490033_63	C288	1	1	1	1	1	1	0	0	0	0	0	0	0	0
UHM1073.23039_R.bin.125|k141_490033_64	C288	1	1	1	0	1	1	1	0	1	1	0	0	0	1
UHM1073.23039_R.bin.125|k141_490033_65	C288	1	1	1	0	0	1	0	0	0	0	0	0	0	0
UHM1073.23039_R.bin.125|k141_490033_66	C288	1	1	1	0	0	1	0	0	0	0	1	0	0	0
UHM1073.23039_R.bin.125|k141_490033_67	C288	1	1	1	1	1	1	0	1	1	1	0	0	1	1
UHM1073.23039_R.bin.125|k141_490033_68	C288	1	1	1	1	1	1	1	1	1	1	1	1	1	1
UHM1073.23039_R.bin.125|k141_490033_69	C288	1	1	1	1	1	1	1	1	1	1	1	1	1	1
UHM1073.23039_R.bin.125|k141_490033_70	C288	1	1	1	1	1	1	1	1	1	1	1	1	1	1
UHM1073.23039_R.bin.125|k141_490033_76	C288	1	1	1	1	1	1	1	1	1	1	1	1	1	1
UHM1073.23039_R.bin.125|k141_490033_77	C288	1	1	1	1	1	1	0	0	0	0	0	0	0	0
UHM1073.23039_R.bin.125|k141_490033_78	C288	1	1	1	1	1	1	0	1	1	1	1	1	1	1
UHM1073.23039_R.bin.125|k141_490033_79	C288	1	1	1	1	1	1	1	1	1	1	1	1	1	1
UHM1073.23039_R.bin.125|k141_490033_80	C288	1	1	1	1	0	1	0	0	0	0	0	0	0	0
UHM1073.23039_R.bin.125|k141_490033_82	C288	1	1	1	1	1	1	0	1	1	1	1	1	1	1
UHM1073.23039_R.bin.125|k141_490033_83	C288	1	1	1	1	1	1	0	1	1	1	0	0	0	1
UHM1073.23039_R.bin.125|k141_490033_85	C288	1	1	1	1	1	0	1	1	0	1	0	0	0	0
UHM1073.23039_R.bin.125|k141_490033_86	C288	1	1	1	1	1	1	0	1	0	0	1	1	0	0
UHM1073.23039_R.bin.125|k141_490033_87	C288	1	1	1	1	1	1	1	1	1	1	1	1	1	1
UHM1073.23039_R.bin.125|k141_490033_88	C288	1	1	1	1	1	1	1	1	1	1	1	1	1	1
UHM1073.23039_R.bin.125|k141_490033_89	C288	1	0	1	1	1	1	1	1	1	0	1	1	1	1
UHM1073.23039_R.bin.125|k141_490033_90	C288	1	1	1	1	1	1	1	1	1	0	1	1	1	1
UHM1073.23039_R.bin.125|k141_490033_92	C288	1	1	1	1	1	1	1	1	1	1	0	1	1	1
UHM1073.23039_R.bin.125|k141_490033_95	C288	1	1	1	1	1	1	1	1	1	1	1	1	1	1
UHM1073.23039_R.bin.125|k141_490033_96	C288	1	1	1	1	1	1	1	0	0	1	1	1	1	1
UHM1073.23039_R.bin.125|k141_490033_97	C288	1	1	1	1	1	1	1	1	1	1	1	1	1	1
UHM1073.23039_R.bin.125|k141_490033_98	C288	1	1	1	1	1	1	1	1	1	0	0	0	0	0
UHM1073.23039_R.bin.125|k141_490033_100	C288	1	1	1	1	1	1	1	1	1	1	0	1	0	1
UHM1073.23039_R.bin.125|k141_490033_101	C288	1	1	1	1	1	1	0	0	0	0	0	0	0	0
UHM1073.23039_R.bin.125|k141_490033_102	C288	1	1	1	1	1	1	1	1	1	1	1	1	1	1
UHM1073.23039_R.bin.125|k141_490033_103	C288	1	1	1	1	1	1	1	1	0	0	1	0	0	0
UHM1073.23039_R.bin.125|k141_490033_104	C288	1	1	1	1	1	1	1	1	1	1	1	1	1	0
UHM1073.23039_R.bin.125|k141_490033_105	C288	1	1	1	1	1	0	0	1	1	1	1	1	0	1
UHM1073.23039_R.bin.125|k141_490033_106	C288	1	1	1	1	1	1	1	1	1	1	1	1	1	1
UHM1073.23039_R.bin.125|k141_490033_108	C288	1	1	1	1	1	1	0	0	0	0	0	0	0	0
UHM1073.23039_R.bin.125|k141_490033_109	C288	1	1	1	1	1	1	1	1	1	1	1	1	1	1
UHM1073.23039_R.bin.125|k141_490033_110	C288	1	1	1	1	1	1	1	1	1	1	1	1	1	1
UHM1073.23039_R.bin.125|k141_490033_113	C288	1	1	1	1	1	1	1	1	1	1	1	1	1	0
UHM1073.23039_R.bin.125|k141_490033_114	C288	1	1	1	1	1	1	0	1	0	0	1	1	0	0
UHM1073.23039_R.bin.125|k141_490033_115	C288	1	1	1	1	1	1	0	1	1	1	0	1	1	1
UHM1073.23039_R.bin.125|k141_490033_116	C288	1	1	1	1	1	1	0	1	1	1	0	1	1	1
UHM1073.23039_R.bin.125|k141_490033_117	C288	1	1	1	1	1	1	0	1	1	1	0	1	1	1
UHM1073.23039_R.bin.125|k141_490033_119	C288	1	1	1	1	1	1	0	1	1	1	1	1	1	1
UHM1073.23039_R.bin.125|k141_490033_120	C288	1	1	1	1	1	1	1	1	1	1	0	1	1	1
UHM1073.23039_R.bin.125|k141_490033_121	C288	1	1	1	0	1	1	1	1	1	1	0	1	1	1
UHM1073.23039_R.bin.125|k141_490033_122	C288	1	1	1	0	1	1	1	1	1	1	0	0	1	1
UHM1073.23039_R.bin.125|k141_490033_123	C288	1	1	1	0	1	1	1	1	1	1	0	0	1	1
UHM1073.23039_R.bin.125|k141_490033_124	C288	1	1	1	1	1	1	1	1	1	1	1	0	1	1
UHM1073.23039_R.bin.125|k141_490033_125	C288	1	1	1	1	1	1	1	1	0	0	1	0	1	0
UHM1073.23039_R.bin.125|k141_490033_126	C288	1	1	1	1	1	1	1	1	1	1	1	0	1	1
UHM1073.23039_R.bin.125|k141_490033_127	C288	1	1	1	1	1	1	1	1	0	0	1	0	0	0
UHM1073.23039_R.bin.125|k141_490033_128	C288	1	1	1	1	1	1	1	0	0	0	0	0	0	0
UHM1073.23039_R.bin.125|k141_490033_129	C288	1	1	1	1	1	1	1	1	1	1	1	1	1	1
UHM1073.23039_R.bin.125|k141_490033_130	C288	1	1	1	1	1	1	1	1	1	1	0	1	1	1
UHM1073.23039_R.bin.125|k141_490033_131	C288	1	1	1	1	1	1	0	1	0	0	0	1	0	0
UHM1073.23039_R.bin.125|k141_490033_132	C288	1	1	1	1	1	1	1	0	0	0	0	1	0	0
UHM1073.23039_R.bin.125|k141_490033_133	C288	1	1	1	1	1	1	1	1	1	1	1	1	1	1
UHM1073.23039_R.bin.125|k141_490033_134	C288	1	1	1	1	1	1	0	1	1	1	1	1	1	1
UHM1073.23039_R.bin.125|k141_490033_138	C288	1	1	1	1	1	1	1	1	0	0	1	1	0	0
UHM1073.23039_R.bin.125|k141_490033_145	C288	1	1	1	1	1	1	1	1	1	1	1	1	1	1
UHM1073.23039_R.bin.125|k141_490033_146	C288	1	1	1	1	1	1	0	0	1	0	0	0	0	0
UHM1073.23039_R.bin.125|k141_490033_147	C288	1	1	1	1	1	1	1	1	1	1	1	1	1	1
UHM1073.23039_R.bin.125|k141_490033_148	C288	1	1	1	1	1	1	1	1	1	1	0	1	1	1
UHM1073.23039_R.bin.125|k141_490033_149	C288	1	1	1	1	1	1	0	1	1	1	1	1	1	1
UHM1073.23039_R.bin.125|k141_490033_150	C288	1	1	1	1	1	1	1	1	1	1	1	1	1	1
UHM1073.23039_R.bin.125|k141_490033_151	C288	1	1	1	1	1	1	0	1	0	0	1	1	0	0
UHM1073.23039_R.bin.125|k141_490033_152	C288	1	1	1	1	1	1	0	1	0	0	1	1	0	0
UHM1073.23039_R.bin.125|k141_490033_153	C288	1	1	1	1	1	1	0	1	0	0	1	1	0	0
UHM1073.23039_R.bin.125|k141_490033_154	C288	1	1	1	1	1	1	1	1	0	0	1	1	0	0
UHM1073.23039_R.bin.125|k141_490033_158	C288	1	1	1	1	0	1	1	0	0	0	1	1	0	0
UHM1073.23039_R.bin.125|k141_490033_159	C288	1	1	1	1	1	1	0	0	0	0	0	0	0	0
UHM1073.23039_R.bin.125|k141_490033_160	C288	1	1	1	1	0	1	0	0	0	0	0	0	0	0
UHM1073.23039_R.bin.125|k141_490033_161	C288	1	1	1	1	1	1	0	0	1	0	0	0	1	1
UHM1073.23039_R.bin.125|k141_490033_162	C288	1	1	1	1	1	0	0	0	0	0	0	0	0	0
UHM1073.23039_R.bin.125|k141_490033_163	C288	1	1	1	1	1	1	0	1	1	1	1	1	1	1
UHM1073.23039_R.bin.125|k141_490033_164	C288	1	1	1	1	1	1	1	1	1	1	0	1	1	1
UHM1073.23039_R.bin.125|k141_490033_166	C288	1	1	1	1	1	1	0	1	1	0	1	1	1	1
UHM1073.23039_R.bin.125|k141_490033_167	C288	1	1	1	1	1	1	1	0	0	0	0	0	0	0
UHM1073.23039_R.bin.125|k141_490033_171	C288	1	1	1	1	1	1	1	0	0	0	0	0	0	0
UHM1073.23039_R.bin.125|k141_490033_172	C288	1	1	1	1	1	1	1	1	1	1	1	1	0	0
UHM1073.23039_R.bin.125|k141_490033_173	C288	1	1	1	1	0	0	1	1	0	0	0	0	0	0
UHM1073.23039_R.bin.125|k141_490033_174	C288	1	1	1	1	0	1	0	0	0	0	0	0	0	0
UHM1073.23039_R.bin.125|k141_490033_175	C288	1	1	1	1	0	0	0	0	0	0	1	1	0	0
UHM1073.23039_R.bin.125|k141_490033_176	C288	1	1	1	1	0	0	0	0	0	0	0	0	0	0
UHM1073.23039_R.bin.125|k141_490033_177	C288	1	1	1	1	0	0	1	0	0	0	0	0	0	0
UHM1073.23039_R.bin.125|k141_490033_178	C288	1	1	1	1	0	0	0	0	0	0	0	0	0	0
UHM1073.23039_R.bin.125|k141_490033_179	C288	1	1	1	1	1	1	1	0	0	0	1	1	1	1
UHM1073.23039_R.bin.125|k141_490033_180	C288	1	1	1	1	1	1	0	0	0	0	1	0	0	0
UHM1073.23039_R.bin.125|k141_327978_4	C288	1	1	1	1	1	1	0	1	1	1	1	1	1	1
UHM1073.23039_R.bin.125|k141_327978_5	C288	1	1	1	1	1	1	1	1	1	1	1	1	1	1
UHM1073.23039_R.bin.125|k141_327978_6	C288	1	1	1	1	1	1	1	1	1	1	0	1	1	1
UHM1073.23039_R.bin.125|k141_327978_7	C288	1	1	1	1	1	1	1	1	1	1	0	1	1	1
UHM1073.23039_R.bin.125|k141_327978_8	C288	1	1	1	1	1	1	1	1	1	1	1	1	0	1
UHM1073.23039_R.bin.125|k141_327978_9	C288	1	0	1	1	1	1	0	1	1	1	1	1	1	1
UHM1073.23039_R.bin.125|k141_327978_11	C288	1	1	1	1	1	1	0	1	1	1	1	1	1	1
UHM1073.23039_R.bin.125|k141_327978_12	C288	1	1	1	1	1	1	0	1	1	1	1	1	1	1
UHM1073.23039_R.bin.125|k141_327978_15	C288	1	1	1	1	1	1	1	1	1	1	0	0	0	1
UHM1073.23039_R.bin.125|k141_327978_16	C288	1	1	1	1	1	1	1	1	1	1	0	1	1	1
UHM1073.23039_R.bin.125|k141_327978_17	C288	1	1	1	1	1	1	1	1	0	0	0	1	0	0
UHM1073.23039_R.bin.125|k141_327978_18	C288	1	1	1	1	1	0	0	0	0	0	0	0	0	0
UHM1073.23039_R.bin.125|k141_327978_19	C288	1	1	1	1	1	1	1	1	1	1	1	1	1	1
UHM1073.23039_R.bin.125|k141_327978_20	C288	1	1	1	1	1	1	0	0	0	0	1	0	0	0
UHM1073.23039_R.bin.125|k141_327978_21	C288	1	1	1	1	1	1	1	1	1	1	0	1	1	1
UHM1073.23039_R.bin.125|k141_327978_23	C288	1	1	1	1	1	1	1	1	1	1	1	0	1	1
UHM1073.23039_R.bin.125|k141_327978_24	C288	1	1	1	1	1	1	1	1	1	1	1	1	1	1
UHM1073.23039_R.bin.125|k141_327978_25	C288	1	1	1	1	1	1	1	1	1	1	1	1	1	1
UHM1073.23039_R.bin.125|k141_327978_26	C288	1	1	1	1	1	1	0	0	0	0	0	0	0	0
UHM1073.23039_R.bin.125|k141_327978_27	C288	1	1	1	1	1	1	1	1	1	1	1	1	1	1
UHM1073.23039_R.bin.125|k141_327978_28	C288	1	1	1	1	1	1	1	1	1	1	1	1	1	1
UHM1073.23039_R.bin.125|k141_327978_29	C288	1	1	1	1	1	1	1	1	1	1	1	0	1	1
UHM1073.23039_R.bin.125|k141_327978_35	C288	1	1	1	1	1	1	1	1	1	0	1	1	1	1
UHM1073.23039_R.bin.125|k141_327978_36	C288	1	1	1	1	1	1	0	1	1	1	1	1	1	1
UHM1073.23039_R.bin.125|k141_327978_37	C288	1	1	1	1	1	1	1	1	1	0	1	1	1	0
UHM1073.23039_R.bin.125|k141_327978_38	C288	1	1	1	1	1	1	1	0	0	0	1	1	0	0
UHM1073.23039_R.bin.125|k141_327978_39	C288	1	1	1	1	1	1	1	1	1	1	1	1	1	1
UHM1073.23039_R.bin.125|k141_327978_40	C288	1	1	1	1	1	1	1	1	0	0	1	1	0	0
UHM1073.23039_R.bin.125|k141_327978_42	C288	1	1	1	1	1	1	1	1	1	1	1	1	1	1
UHM1073.23039_R.bin.125|k141_327978_43	C288	1	1	1	1	1	1	1	1	1	1	1	1	1	1
UHM1073.23039_R.bin.125|k141_327978_44	C288	1	1	1	1	0	0	0	1	0	1	1	1	0	0
UHM1073.23039_R.bin.125|k141_327978_45	C288	1	1	1	1	1	1	1	1	1	1	1	1	1	1
UHM1073.23039_R.bin.125|k141_327978_46	C288	1	1	1	1	1	1	1	1	1	1	0	1	1	1
UHM1073.23039_R.bin.125|k141_327978_47	C288	1	1	1	1	1	1	1	1	1	1	0	1	1	1
UHM1073.23039_R.bin.125|k141_327978_48	C288	1	1	1	1	1	1	1	1	1	1	0	1	1	1
UHM1073.23039_R.bin.125|k141_327978_49	C288	1	1	1	1	1	1	1	1	1	1	0	1	1	1
UHM1073.23039_R.bin.125|k141_327978_50	C288	1	1	1	1	0	0	0	0	0	0	0	0	0	0
UHM1073.23039_R.bin.125|k141_327978_51	C288	1	1	1	1	1	1	1	1	1	1	0	1	1	1
UHM1073.23039_R.bin.125|k141_327978_52	C288	1	1	1	1	1	1	1	1	1	0	1	1	1	0
UHM1073.23039_R.bin.125|k141_327978_55	C288	1	1	1	1	0	1	0	0	0	0	0	0	0	0
UHM1073.23039_R.bin.125|k141_327978_56	C288	1	1	1	1	1	1	1	1	1	1	1	1	1	1
UHM1073.23039_R.bin.125|k141_327978_58	C288	1	1	1	1	1	1	1	1	1	1	1	1	1	1
UHM1073.23039_R.bin.125|k141_327978_59	C288	1	1	1	1	1	1	1	1	1	1	0	1	1	1
UHM1073.23039_R.bin.125|k141_327978_62	C288	1	1	1	1	1	1	1	1	1	1	1	0	1	1
UHM1073.23039_R.bin.125|k141_327978_63	C288	1	1	1	1	1	1	1	1	1	1	1	1	0	1
UHM1073.23039_R.bin.125|k141_327978_64	C288	1	1	1	1	1	1	1	1	1	1	1	1	1	0
UHM1073.23039_R.bin.125|k141_327978_66	C288	1	1	1	1	1	1	1	1	1	1	1	0	1	1
UHM1073.23039_R.bin.125|k141_327978_67	C288	1	1	1	1	1	1	1	1	1	1	1	1	1	1
UHM1073.23039_R.bin.125|k141_327978_68	C288	1	1	1	1	1	1	1	1	1	1	1	1	1	1
UHM1073.23039_R.bin.125|k141_327978_69	C288	1	1	1	1	1	1	1	1	1	1	1	1	1	1
UHM1073.23039_R.bin.125|k141_327978_70	C288	1	1	1	1	1	1	1	1	1	1	0	1	1	1
UHM1073.23039_R.bin.125|k141_327978_71	C288	1	1	1	1	1	1	1	1	1	1	0	1	1	1
UHM1073.23039_R.bin.125|k141_327978_73	C288	1	1	1	1	1	1	1	1	1	1	1	1	1	1
UHM1073.23039_R.bin.125|k141_327978_75	C288	1	1	1	1	1	1	1	0	0	0	0	0	0	1
UHM1073.23039_R.bin.125|k141_327978_76	C288	1	1	1	1	1	1	1	0	1	0	1	1	1	1
UHM1073.23039_R.bin.125|k141_327978_77	C288	1	1	1	1	1	1	1	1	1	1	1	1	1	1
UHM1073.23039_R.bin.125|k141_327978_78	C288	1	1	1	1	1	1	1	1	0	0	1	1	0	0
UHM1073.23039_R.bin.125|k141_327978_79	C288	1	1	1	1	1	1	0	1	0	0	1	1	0	1
UHM1073.23039_R.bin.125|k141_327978_80	C288	1	1	1	1	1	0	0	0	0	0	0	0	0	0
UHM1073.23039_R.bin.125|k141_327978_81	C288	1	1	1	1	1	1	1	0	1	1	1	1	0	1
UHM1073.23039_R.bin.125|k141_327978_83	C288	1	1	1	1	1	1	1	1	1	1	1	1	1	1
UHM1073.23039_R.bin.125|k141_327978_85	C288	1	1	1	1	1	1	0	1	1	0	1	1	1	1
UHM1073.23039_R.bin.125|k141_327978_86	C288	1	1	1	1	1	1	1	1	0	0	1	1	0	0
UHM1073.23039_R.bin.125|k141_327978_87	C288	1	1	1	1	1	1	1	1	0	0	1	1	0	0
UHM1073.23039_R.bin.125|k141_327978_88	C288	1	1	1	1	0	1	1	1	1	1	1	1	1	1
UHM1073.23039_R.bin.125|k141_327978_89	C288	1	1	1	1	0	1	1	1	1	1	1	1	1	1
UHM1073.23039_R.bin.125|k141_327978_91	C288	1	1	1	1	1	1	1	1	1	1	1	1	1	1
UHM1073.23039_R.bin.125|k141_327978_92	C288	1	1	1	1	1	1	0	1	1	0	0	0	0	1
UHM1073.23039_R.bin.125|k141_327978_93	C288	1	1	1	1	0	0	1	0	1	0	0	0	0	1
UHM1073.23039_R.bin.125|k141_327978_94	C288	1	1	1	1	1	0	0	0	0	1	0	1	0	0
UHM1073.23039_R.bin.125|k141_327978_95	C288	1	1	1	1	1	1	1	1	1	1	1	1	1	1
UHM1073.23039_R.bin.125|k141_327978_96	C288	1	1	1	1	1	1	1	1	1	1	1	1	1	1
UHM1073.23039_R.bin.125|k141_327978_97	C288	1	1	1	1	1	1	1	1	1	1	0	1	1	1
UHM1073.23039_R.bin.125|k141_327978_98	C288	1	1	1	1	1	1	1	1	1	1	0	1	0	1
UHM1073.23039_R.bin.125|k141_327978_99	C288	1	1	1	1	1	1	0	1	1	1	1	1	1	1
UHM1073.23039_R.bin.125|k141_327978_100	C288	1	1	1	1	1	1	0	1	1	1	1	1	1	1
UHM1073.23039_R.bin.125|k141_327978_104	C288	1	1	1	1	1	1	0	1	1	0	1	1	0	0
UHM1073.23039_R.bin.125|k141_327978_105	C288	1	1	1	1	0	1	0	0	0	0	0	0	0	0
UHM1073.23039_R.bin.125|k141_327978_106	C288	1	1	1	1	1	1	1	1	1	1	0	1	1	1
UHM1073.23039_R.bin.125|k141_327978_109	C288	1	1	1	0	1	1	0	0	0	0	1	1	0	0
UHM1073.23039_R.bin.125|k141_327978_110	C288	1	1	1	1	1	0	0	0	0	0	0	0	0	0
UHM1073.23039_R.bin.125|k141_327978_111	C288	1	1	1	1	1	1	1	1	1	0	0	1	1	1
UHM1073.23039_R.bin.125|k141_327978_112	C288	1	1	1	1	0	0	0	1	0	0	0	0	0	0
UHM1073.23039_R.bin.125|k141_327978_113	C288	1	1	1	1	1	1	1	1	1	1	1	1	1	1
UHM1073.23039_R.bin.125|k141_327978_114	C288	1	1	1	1	1	1	1	1	1	1	1	1	1	1
UHM1073.23039_R.bin.125|k141_327978_115	C288	1	1	1	1	1	1	0	1	1	1	1	1	1	1
UHM1073.23039_R.bin.125|k141_327978_116	C288	1	1	1	1	1	1	1	1	1	1	1	1	1	1
UHM1073.23039_R.bin.125|k141_327978_117	C288	1	1	1	1	1	1	1	1	1	1	0	1	1	1
UHM1073.23039_R.bin.125|k141_327978_118	C288	1	1	1	1	1	1	1	1	1	1	1	1	1	1
UHM1073.23039_R.bin.125|k141_327978_119	C288	1	1	1	1	1	0	0	1	0	0	0	0	0	0
UHM1073.23039_R.bin.125|k141_327978_120	C288	1	1	1	1	1	1	1	1	1	1	0	1	1	1
UHM1073.23039_R.bin.125|k141_327978_122	C288	1	1	1	1	1	1	1	0	0	0	0	1	1	0
UHM1073.23039_R.bin.125|k141_327978_123	C288	1	1	1	1	1	1	0	1	1	1	0	1	1	1
UHM1073.23039_R.bin.125|k141_327978_128	C288	1	1	1	1	0	1	1	1	1	0	0	1	0	1
UHM1073.23039_R.bin.125|k141_327978_129	C288	1	1	1	1	1	1	1	1	1	1	1	1	1	1
UHM1073.23039_R.bin.125|k141_327978_130	C288	1	1	1	1	0	0	0	0	0	0	0	0	0	0
UHM1073.23039_R.bin.125|k141_327978_131	C288	1	1	1	1	0	0	1	0	0	0	1	0	0	0
UHM1073.23039_R.bin.125|k141_327978_133	C288	1	0	1	0	0	0	1	0	0	0	1	1	0	0
UHM1073.23039_R.bin.125|k141_327978_136	C288	1	1	1	1	1	1	0	0	1	0	1	1	0	1
UHM1073.23039_R.bin.125|k141_327978_137	C288	1	1	1	1	1	1	0	1	1	1	1	1	1	1
UHM1073.23039_R.bin.125|k141_327978_138	C288	1	1	1	1	1	1	1	1	1	1	1	1	1	1
UHM1073.23039_R.bin.125|k141_327978_139	C288	1	1	1	1	1	1	1	1	1	1	1	1	1	1
UHM1073.23039_R.bin.125|k141_327978_140	C288	1	1	1	1	0	1	0	0	0	0	0	0	0	0
UHM1073.23039_R.bin.125|k141_327978_141	C288	1	1	1	1	0	1	1	1	1	1	0	1	1	1
UHM1073.23039_R.bin.125|k141_327978_142	C288	1	1	1	1	0	1	1	1	1	0	0	1	1	1
UHM1073.23039_R.bin.125|k141_327978_143	C288	1	1	1	1	0	1	0	1	1	1	0	1	1	1
UHM1073.23039_R.bin.125|k141_327978_144	C288	1	1	1	1	1	1	1	1	1	1	0	1	1	1
UHM1073.23039_R.bin.125|k141_327978_145	C288	1	1	1	1	1	1	1	1	1	1	1	0	1	1
UHM1073.23039_R.bin.125|k141_327978_150	C288	1	1	1	1	0	0	0	0	0	0	0	0	0	0
UHM1073.23039_R.bin.125|k141_248016_4	C288	1	1	1	1	1	1	1	1	1	1	1	0	1	1
UHM1073.23039_R.bin.125|k141_248016_5	C288	1	1	1	1	1	1	0	1	0	0	1	1	0	0
UHM1073.23039_R.bin.125|k141_248016_6	C288	1	1	1	1	1	1	1	1	1	1	1	1	1	1
UHM1073.23039_R.bin.125|k141_248016_8	C288	1	1	1	1	1	1	0	0	0	0	0	1	0	0
UHM1073.23039_R.bin.125|k141_248016_9	C288	1	1	1	1	0	1	0	0	0	0	0	0	0	0
UHM1073.23039_R.bin.125|k141_248022_1	C288	1	1	1	1	1	1	1	1	0	0	1	1	0	0
UHM1073.23039_R.bin.125|k141_248022_2	C288	1	1	1	1	1	1	1	1	1	0	0	1	1	1
UHM1073.23039_R.bin.125|k141_248022_3	C288	1	1	1	1	1	1	0	1	1	1	1	1	1	1
UHM1073.23039_R.bin.125|k141_248022_4	C288	1	1	1	1	1	1	1	1	1	1	1	1	1	1
UHM1073.23039_R.bin.125|k141_248022_5	C288	1	1	1	1	1	1	0	0	0	0	0	1	0	0
UHM1073.23039_R.bin.125|k141_248022_6	C288	1	1	1	1	1	1	1	1	1	0	0	1	0	1
UHM1073.23039_R.bin.125|k141_227938_1	C288	1	1	1	1	0	1	0	0	1	0	0	0	0	1
UHM1073.23039_R.bin.125|k141_227938_3	C288	1	1	1	1	0	0	0	0	0	0	0	1	1	0
UHM1073.23039_R.bin.125|k141_227938_4	C288	1	1	1	1	1	1	1	1	1	1	1	1	1	1
UHM1073.23039_R.bin.125|k141_227938_7	C288	1	1	1	1	0	1	1	1	1	1	1	1	1	1
UHM1073.23039_R.bin.125|k141_227938_8	C288	1	1	1	1	0	1	1	1	1	1	1	1	1	1
UHM1073.23039_R.bin.125|k141_227938_9	C288	1	1	1	1	1	1	1	1	1	1	0	1	0	1
UHM1073.23039_R.bin.125|k141_227938_11	C288	1	1	1	1	1	1	0	1	0	0	0	0	0	0
UHM1073.23039_R.bin.125|k141_227938_12	C288	1	1	1	1	0	1	0	0	1	1	0	0	1	1
UHM1073.23039_R.bin.125|k141_227938_14	C288	1	1	1	1	1	1	0	1	1	1	1	1	1	1
UHM1073.23039_R.bin.125|k141_227938_15	C288	1	1	1	1	1	1	1	1	1	1	1	1	1	1
UHM1073.23039_R.bin.125|k141_227938_16	C288	1	1	1	1	1	1	1	1	1	1	1	1	1	1
UHM1073.23039_R.bin.125|k141_227938_18	C288	1	1	1	1	1	1	1	1	1	0	0	1	1	1
UHM1073.23039_R.bin.125|k141_227938_19	C288	1	1	1	1	1	1	1	1	0	0	1	1	0	1
UHM1073.23039_R.bin.125|k141_227938_20	C288	1	1	1	1	1	1	0	0	0	0	1	1	0	0
UHM1073.23039_R.bin.125|k141_227938_21	C288	1	1	1	1	1	1	1	1	1	0	1	1	1	1
UHM1073.23039_R.bin.125|k141_227938_22	C288	1	1	1	1	0	0	0	1	0	0	1	1	0	0
UHM1073.23039_R.bin.125|k141_227938_23	C288	1	1	1	1	1	1	1	1	1	1	1	1	0	1
UHM1073.23039_R.bin.125|k141_227938_24	C288	1	1	1	1	1	1	1	1	1	0	1	1	1	1
UHM1073.23039_R.bin.125|k141_227938_26	C288	1	1	1	1	1	1	0	0	0	0	1	1	0	0
UHM1073.23039_R.bin.125|k141_227938_27	C288	1	1	1	1	0	1	0	0	0	0	1	0	0	0
UHM1073.23039_R.bin.125|k141_227938_28	C288	1	1	1	1	0	1	0	0	0	0	1	0	0	0
UHM1073.23039_R.bin.125|k141_227938_29	C288	1	1	1	1	0	1	0	0	0	0	0	0	0	0
UHM1073.23039_R.bin.125|k141_227938_30	C288	1	1	1	1	0	1	0	0	0	0	0	0	0	0
UHM1073.23039_R.bin.125|k141_227938_35	C288	1	1	1	1	1	0	1	0	0	0	0	1	0	0
UHM1073.23039_R.bin.125|k141_227938_36	C288	1	1	1	1	0	1	1	0	0	0	0	0	0	0
UHM1073.23039_R.bin.125|k141_227938_37	C288	1	1	1	1	1	1	1	1	0	0	1	1	0	0
UHM1073.23039_R.bin.125|k141_227938_38	C288	1	1	1	1	0	1	0	0	1	0	0	0	1	0
UHM1073.23039_R.bin.125|k141_227938_41	C288	1	1	1	1	1	1	1	1	1	1	1	1	1	1
UHM1073.23039_R.bin.125|k141_227938_42	C288	1	1	1	1	1	1	1	1	1	1	0	1	1	1
UHM1073.23039_R.bin.125|k141_227938_43	C288	1	1	1	1	1	1	1	1	1	1	1	1	0	0
UHM1073.23039_R.bin.125|k141_227938_44	C288	1	1	1	1	1	1	1	0	1	1	1	1	0	1
UHM1073.23039_R.bin.125|k141_227938_46	C288	1	1	1	1	1	1	1	1	1	1	1	1	1	1
UHM1073.23039_R.bin.125|k141_227938_47	C288	1	1	1	1	1	1	1	1	1	1	1	1	0	1
UHM1073.23039_R.bin.125|k141_227938_48	C288	1	1	1	1	1	1	1	1	1	1	1	1	0	1
UHM1073.23039_R.bin.125|k141_227938_51	C288	1	1	1	1	1	1	1	1	1	1	1	1	1	1
UHM1073.23039_R.bin.125|k141_227938_52	C288	1	1	1	1	1	1	1	1	1	1	1	1	1	1
UHM1073.23039_R.bin.125|k141_227938_53	C288	1	1	1	1	1	1	1	1	1	1	1	1	1	1
UHM1073.23039_R.bin.125|k141_227938_54	C288	1	1	1	1	1	1	1	1	1	1	1	1	1	1
UHM1073.23039_R.bin.125|k141_227938_55	C288	1	1	1	1	1	1	1	1	1	1	1	1	0	1
UHM1073.23039_R.bin.125|k141_228062_1	C288	1	1	1	1	1	1	0	0	1	1	1	0	0	0
UHM1073.23039_R.bin.125|k141_228062_2	C288	1	1	1	1	1	1	1	1	0	0	1	1	0	0
UHM1073.23039_R.bin.125|k141_228062_3	C288	1	1	1	1	1	1	1	1	1	1	1	1	1	1
UHM1073.23039_R.bin.125|k141_228062_4	C288	1	1	1	1	1	1	1	1	1	1	0	1	1	0
UHM1073.23039_R.bin.125|k141_228062_5	C288	1	1	1	1	1	1	1	1	1	1	1	0	1	1
UHM1073.23039_R.bin.125|k141_228062_6	C288	1	1	1	1	1	1	1	1	1	1	1	0	1	1
UHM1073.23039_R.bin.125|k141_228062_7	C288	1	1	1	1	1	1	0	1	1	1	1	1	1	1
UHM1073.23039_R.bin.125|k141_228062_9	C288	1	1	1	1	1	1	1	1	1	1	1	1	1	0
UHM1073.23039_R.bin.125|k141_228062_10	C288	1	1	1	1	1	1	1	1	0	0	1	1	0	0
UHM1073.23039_R.bin.125|k141_228062_15	C288	1	1	1	1	0	1	0	0	0	0	0	0	1	1
UHM1073.23039_R.bin.125|k141_228062_16	C288	1	1	1	1	1	0	0	0	0	0	1	1	0	0
UHM1073.23039_R.bin.125|k141_228062_17	C288	1	1	1	1	1	1	0	0	0	0	0	0	0	0
UHM1073.23039_R.bin.125|k141_228062_18	C288	1	1	1	1	1	1	1	1	1	1	1	0	1	1
UHM1073.23039_R.bin.125|k141_228062_19	C288	1	1	1	1	1	1	0	0	0	0	0	0	1	0
UHM1073.23039_R.bin.125|k141_228062_20	C288	1	1	1	1	1	1	1	1	0	1	0	0	0	0
UHM1073.23039_R.bin.125|k141_228062_22	C288	1	1	1	1	1	0	0	0	0	0	1	1	0	1
UHM1073.23039_R.bin.125|k141_228062_23	C288	1	1	1	1	1	0	1	1	0	0	1	1	0	0
UHM1073.23039_R.bin.125|k141_228062_24	C288	1	1	1	1	1	0	1	1	1	1	0	1	1	1
UHM1073.23039_R.bin.125|k141_228062_25	C288	1	1	1	1	1	1	0	1	1	1	0	1	1	1
UHM1073.23039_R.bin.125|k141_228062_27	C288	1	1	1	1	1	1	1	1	1	1	1	1	0	1
UHM1073.23039_R.bin.125|k141_228062_29	C288	1	1	1	1	1	1	1	1	1	1	1	1	1	1
UHM1073.23039_R.bin.125|k141_228062_30	C288	1	1	1	1	0	1	0	1	1	1	1	1	0	1
UHM1073.23039_R.bin.125|k141_228062_32	C288	1	1	1	1	0	0	0	0	0	0	0	0	0	0
UHM1073.23039_R.bin.125|k141_228062_37	C288	1	1	1	1	1	1	0	1	1	1	1	1	1	1
UHM1073.23039_R.bin.125|k141_228062_38	C288	1	1	1	1	1	1	1	1	1	1	1	1	1	1
UHM1073.23039_R.bin.125|k141_228062_39	C288	1	1	1	1	1	1	1	1	1	1	1	1	1	1
UHM1073.23039_R.bin.125|k141_228062_41	C288	1	1	1	1	1	1	1	1	1	1	0	1	1	1
UHM1073.23039_R.bin.125|k141_228062_43	C288	1	1	1	1	0	0	0	0	1	0	0	0	0	1
UHM1073.23039_R.bin.125|k141_228062_44	C288	1	1	1	1	1	0	1	1	1	1	1	1	1	1
UHM1073.23039_R.bin.125|k141_228062_45	C288	1	1	1	1	1	1	1	1	0	0	1	1	1	0
UHM1073.23039_R.bin.125|k141_228062_47	C288	1	1	1	1	1	1	1	1	1	1	1	1	1	1
UHM1073.23039_R.bin.125|k141_228062_48	C288	1	1	1	1	1	1	1	1	1	1	1	0	1	1
UHM1073.23039_R.bin.125|k141_228062_50	C288	1	1	1	1	1	1	1	1	1	1	1	1	1	1
UHM1073.23039_R.bin.125|k141_228062_53	C288	1	1	1	1	1	1	1	0	1	0	1	1	1	0
UHM1073.23039_R.bin.125|k141_228062_54	C288	1	1	1	1	0	0	0	1	0	0	1	1	0	0
UHM1073.23039_R.bin.125|k141_228062_55	C288	1	1	1	1	0	1	0	0	0	1	1	0	0	0
UHM1073.23039_R.bin.125|k141_228062_57	C288	1	1	1	1	1	1	1	0	0	0	1	0	0	0
UHM1073.23039_R.bin.125|k141_228062_58	C288	1	1	1	1	1	1	1	1	0	0	1	0	0	1
UHM1073.23039_R.bin.125|k141_228062_62	C288	1	1	1	1	0	1	0	0	0	0	0	1	0	0
UHM1073.23039_R.bin.125|k141_228062_71	C288	1	1	1	1	1	1	1	1	1	1	1	1	1	1
UHM1073.23039_R.bin.125|k141_228062_72	C288	1	1	1	1	1	1	1	1	1	1	0	1	1	1
UHM1073.23039_R.bin.125|k141_228062_73	C288	1	1	1	1	1	1	1	1	1	1	1	1	1	1
UHM1073.23039_R.bin.125|k141_228062_74	C288	1	1	1	1	1	1	1	0	1	0	0	0	0	0
UHM1073.23039_R.bin.125|k141_228062_75	C288	1	1	1	1	1	1	1	1	0	0	1	1	0	0
UHM1073.23039_R.bin.125|k141_228062_76	C288	1	1	1	1	0	1	0	0	0	0	0	0	0	0
UHM1073.23039_R.bin.125|k141_228062_77	C288	1	1	1	1	1	1	1	1	1	1	0	0	1	1
UHM1073.23039_R.bin.125|k141_228062_78	C288	1	1	1	1	1	1	1	1	1	1	0	1	1	1
UHM1073.23039_R.bin.125|k141_228062_79	C288	1	1	1	1	1	1	0	0	0	0	0	1	0	0
UHM1073.23039_R.bin.125|k141_228062_80	C288	1	1	1	1	1	1	1	1	1	1	0	1	1	0
UHM1073.23039_R.bin.125|k141_228062_81	C288	1	1	1	1	1	1	0	1	1	1	1	1	1	1
UHM1073.23039_R.bin.125|k141_228062_83	C288	1	1	1	1	1	1	1	0	0	0	1	0	0	0
UHM1073.23039_R.bin.125|k141_228062_84	C288	1	1	1	1	1	1	1	0	0	0	1	0	0	1
UHM1073.23039_R.bin.125|k141_228062_85	C288	1	1	1	1	1	1	1	1	1	1	0	1	0	1
UHM1073.23039_R.bin.125|k141_228062_86	C288	1	1	1	1	0	1	1	1	1	1	1	0	0	1
UHM1073.23039_R.bin.125|k141_228062_87	C288	1	1	1	1	0	1	0	1	0	1	0	0	0	1
UHM1073.23039_R.bin.125|k141_228062_88	C288	1	1	1	1	0	0	1	1	1	1	0	0	0	1
UHM1073.23039_R.bin.125|k141_228062_89	C288	1	1	1	1	1	1	1	1	1	1	1	0	0	1
UHM1073.23039_R.bin.125|k141_228062_90	C288	1	1	1	1	0	1	1	0	0	1	0	0	0	0
UHM1073.23039_R.bin.125|k141_228062_91	C288	1	1	1	1	1	0	0	0	0	0	0	0	0	0
UHM1073.23039_R.bin.125|k141_228062_92	C288	1	1	1	1	0	0	0	0	0	0	0	0	0	0
UHM1073.23039_R.bin.125|k141_228062_94	C288	1	1	1	1	1	1	0	1	1	1	1	0	0	1
UHM1073.23039_R.bin.125|k141_228062_95	C288	1	1	1	1	1	1	0	1	1	1	1	0	0	1
UHM1073.23039_R.bin.125|k141_228062_97	C288	1	1	1	1	1	1	0	0	0	0	0	0	0	0
UHM1073.23039_R.bin.125|k141_228062_98	C288	1	1	1	1	1	1	1	1	1	1	1	0	1	1
UHM1073.23039_R.bin.125|k141_228062_99	C288	1	1	1	1	1	1	1	1	1	1	1	0	1	1
UHM1073.23039_R.bin.125|k141_228062_100	C288	1	1	1	1	1	0	1	0	0	0	1	1	0	0
UHM1073.23039_R.bin.125|k141_228062_101	C288	1	1	1	1	1	1	0	0	0	0	0	0	0	0
UHM1073.23039_R.bin.125|k141_228062_102	C288	1	1	1	1	1	0	0	1	0	0	1	1	0	0
UHM1073.23039_R.bin.125|k141_228062_103	C288	1	1	1	1	1	1	0	1	1	0	1	1	1	1
UHM1073.23039_R.bin.125|k141_228062_105	C288	1	1	1	1	1	0	0	0	0	0	0	1	0	0
UHM1073.23039_R.bin.125|k141_228062_106	C288	1	1	1	1	1	0	0	0	0	0	0	1	0	0
UHM1073.23039_R.bin.125|k141_228062_107	C288	1	1	1	1	1	1	1	1	1	1	1	1	1	1
UHM1073.23039_R.bin.125|k141_228062_110	C288	1	1	1	1	1	1	1	1	0	0	1	1	0	1
UHM1073.23039_R.bin.125|k141_228062_111	C288	1	1	1	1	1	1	1	1	1	1	1	1	1	1
UHM1073.23039_R.bin.125|k141_228062_112	C288	1	1	1	1	1	1	1	1	1	1	0	0	1	1
UHM1073.23039_R.bin.125|k141_228062_113	C288	1	1	1	1	1	1	0	0	0	0	0	0	0	0
UHM1073.23039_R.bin.125|k141_228062_114	C288	1	1	1	1	1	1	0	0	1	1	1	1	1	1
UHM1073.23039_R.bin.125|k141_228062_115	C288	1	1	1	1	1	1	0	1	1	1	0	1	1	1
UHM1073.23039_R.bin.125|k141_228062_116	C288	1	1	1	1	1	1	0	1	1	1	1	1	1	1
UHM1073.23039_R.bin.125|k141_228062_117	C288	1	1	1	1	1	1	0	1	1	1	1	1	1	1
UHM1073.23039_R.bin.125|k141_228062_120	C288	1	1	1	1	1	1	1	1	1	1	1	1	1	1
UHM1073.23039_R.bin.125|k141_228062_124	C288	1	1	1	1	1	1	1	1	1	1	1	1	1	1
UHM1073.23039_R.bin.125|k141_471956_2	C288	1	1	1	1	1	1	0	1	1	1	1	1	1	1
UHM1073.23039_R.bin.125|k141_471956_3	C288	1	1	1	1	1	1	0	0	0	0	0	0	0	0
UHM1073.23039_R.bin.125|k141_471956_4	C288	1	1	1	1	1	1	1	1	0	0	1	1	1	1
UHM1073.23039_R.bin.125|k141_471956_5	C288	1	1	1	1	1	1	1	1	1	0	1	1	1	1
UHM1073.23039_R.bin.125|k141_471956_6	C288	1	1	1	1	0	1	1	0	0	0	0	0	0	1
UHM1073.23039_R.bin.125|k141_471956_8	C288	1	1	1	1	1	1	1	1	1	1	1	1	1	1
UHM1073.23039_R.bin.125|k141_471956_9	C288	1	0	1	1	1	1	0	1	0	0	0	0	1	0
UHM1073.23039_R.bin.125|k141_471956_14	C288	1	0	1	1	1	1	1	1	1	1	0	1	1	1
UHM1073.23039_R.bin.125|k141_471956_16	C288	1	1	1	1	1	1	0	1	1	1	0	1	1	1
UHM1073.23039_R.bin.125|k141_471956_17	C288	1	1	1	1	1	1	0	1	0	0	1	1	0	0
UHM1073.23039_R.bin.125|k141_471956_18	C288	1	1	1	1	1	1	1	1	1	1	1	1	1	1
UHM1073.23039_R.bin.125|k141_471956_22	C288	1	1	1	1	1	0	0	0	0	0	0	0	1	0
UHM1073.23039_R.bin.125|k141_471956_24	C288	1	1	1	1	1	1	1	1	1	1	0	1	1	1
UHM1073.23039_R.bin.125|k141_471956_25	C288	1	1	1	1	1	1	1	1	1	1	1	1	1	1
UHM1073.23039_R.bin.125|k141_471956_27	C288	1	1	1	1	1	1	1	1	1	1	1	1	1	1
UHM1073.23039_R.bin.125|k141_392367_1	C288	1	1	1	1	1	1	0	0	0	0	0	0	1	0
UHM1073.23039_R.bin.125|k141_392367_2	C288	1	1	1	0	1	1	1	1	1	1	0	1	1	1
UHM1073.23039_R.bin.125|k141_392367_3	C288	1	1	1	0	1	0	1	1	1	1	1	1	1	1
UHM1073.23039_R.bin.125|k141_392367_4	C288	1	1	1	0	1	1	1	1	1	1	0	1	1	0
UHM1073.23039_R.bin.125|k141_392367_5	C288	1	1	1	1	1	1	0	1	1	1	0	1	1	1
UHM1073.23039_R.bin.125|k141_392367_6	C288	1	1	1	1	1	1	1	1	1	1	1	1	1	1
UHM1073.23039_R.bin.125|k141_392367_7	C288	1	1	1	1	1	1	1	1	1	1	1	1	1	1
UHM1073.23039_R.bin.125|k141_392367_8	C288	1	1	1	1	1	1	1	1	1	1	1	1	1	1
UHM1073.23039_R.bin.125|k141_392367_10	C288	1	1	1	1	1	1	0	1	1	1	0	0	1	1
UHM1073.23039_R.bin.125|k141_392367_12	C288	1	1	1	1	1	1	1	1	1	1	0	0	1	1
UHM1073.23039_R.bin.125|k141_392367_13	C288	1	1	1	1	1	1	0	1	1	1	1	1	1	1
UHM1073.23039_R.bin.125|k141_392367_14	C288	1	1	1	1	0	1	1	0	0	0	0	0	0	0
UHM1073.23039_R.bin.125|k141_392367_17	C288	1	1	1	1	0	0	1	0	0	0	0	0	0	0
UHM1073.23039_R.bin.125|k141_392367_21	C288	1	1	1	1	1	1	0	0	0	0	1	0	0	0
UHM1073.23039_R.bin.125|k141_392367_22	C288	1	1	1	1	1	1	0	0	0	0	1	0	0	0
UHM1073.23039_R.bin.125|k141_392367_23	C288	1	1	1	1	1	1	1	1	1	1	1	0	1	1
UHM1073.23039_R.bin.125|k141_392367_24	C288	1	1	1	1	1	1	0	0	0	0	1	0	0	0
UHM1073.23039_R.bin.125|k141_392367_25	C288	1	1	1	1	1	1	0	0	0	0	1	0	0	0
UHM1073.23039_R.bin.125|k141_392367_26	C288	1	1	1	1	1	1	0	0	0	0	1	0	0	0
UHM1073.23039_R.bin.125|k141_392367_27	C288	1	1	1	1	1	1	0	0	0	0	1	0	0	0
UHM1073.23039_R.bin.125|k141_392367_28	C288	1	1	1	1	1	1	0	0	0	0	1	0	0	0
UHM1073.23039_R.bin.125|k141_392367_29	C288	1	1	1	1	1	1	0	0	0	0	0	0	0	0
UHM1073.23039_R.bin.125|k141_392367_30	C288	1	1	1	1	1	1	0	0	0	0	0	0	0	0
UHM1073.23039_R.bin.125|k141_392367_34	C288	1	1	1	1	1	1	0	0	0	0	0	0	0	0
UHM1073.23039_R.bin.125|k141_392367_35	C288	1	1	1	1	0	1	1	0	1	1	1	1	1	1
UHM1073.23039_R.bin.125|k141_392367_36	C288	1	1	1	1	1	1	1	1	1	1	1	1	1	1
UHM1073.23039_R.bin.125|k141_392367_37	C288	1	1	1	1	1	1	0	0	1	1	0	0	0	0
UHM1073.23039_R.bin.125|k141_392367_38	C288	1	1	1	1	1	1	0	1	1	1	1	1	1	1
UHM1073.23039_R.bin.125|k141_392367_39	C288	1	1	1	1	1	1	1	1	1	0	0	1	1	1
UHM1073.23039_R.bin.125|k141_27918_1	C288	1	1	1	1	1	0	1	0	1	0	0	0	0	0
UHM1073.23039_R.bin.125|k141_27918_3	C288	1	1	1	1	1	1	0	1	1	1	1	1	1	1
UHM1073.23039_R.bin.125|k141_27918_4	C288	1	1	1	1	1	1	0	1	1	1	1	1	1	1
UHM1073.23039_R.bin.125|k141_27918_5	C288	1	1	1	1	1	1	1	1	1	1	0	0	0	1
UHM1073.23039_R.bin.125|k141_27918_6	C288	1	1	1	1	1	1	1	1	1	1	1	1	1	1
UHM1073.23039_R.bin.125|k141_27918_7	C288	1	1	1	1	1	1	1	1	1	1	0	1	1	1
UHM1073.23039_R.bin.125|k141_27918_10	C288	1	1	1	1	0	1	0	0	0	0	0	0	0	0
UHM1073.23039_R.bin.125|k141_27918_11	C288	1	1	1	1	1	1	0	1	1	1	0	1	1	1
UHM1073.23039_R.bin.125|k141_27918_12	C288	1	1	1	1	1	1	0	1	1	0	0	1	1	1
UHM1073.23039_R.bin.125|k141_27918_13	C288	1	1	1	1	1	1	0	1	1	0	0	1	1	1
UHM1073.23039_R.bin.125|k141_27918_14	C288	1	1	1	1	1	1	0	1	1	0	0	1	1	1
UHM1073.23039_R.bin.125|k141_27918_15	C288	1	1	1	1	1	1	0	1	1	0	0	1	1	1
UHM1073.23039_R.bin.125|k141_27918_16	C288	1	1	1	1	1	1	0	1	1	0	0	1	1	1
UHM1073.23039_R.bin.125|k141_27918_17	C288	1	1	1	1	1	1	0	1	1	0	0	1	1	1
UHM1073.23039_R.bin.125|k141_27918_18	C288	1	1	1	1	0	1	0	1	1	0	0	1	1	1
UHM1073.23039_R.bin.125|k141_27918_19	C288	1	1	1	1	1	1	0	1	1	1	0	1	1	1
UHM1073.23039_R.bin.125|k141_27918_20	C288	1	1	1	1	1	1	0	1	1	1	0	1	1	1
UHM1073.23039_R.bin.125|k141_27918_21	C288	1	1	1	1	1	1	0	1	1	1	0	1	1	1
UHM1073.23039_R.bin.125|k141_27918_22	C288	1	1	1	1	1	1	0	1	1	1	0	1	1	1
UHM1073.23039_R.bin.125|k141_27918_23	C288	1	1	1	1	1	1	0	1	1	0	0	1	1	1
UHM1073.23039_R.bin.125|k141_27918_24	C288	1	0	1	0	1	1	0	1	1	0	0	1	1	1
UHM1073.23039_R.bin.125|k141_27918_25	C288	1	0	1	0	1	1	0	1	1	0	1	1	1	1
UHM1073.23039_R.bin.125|k141_27918_26	C288	1	1	1	1	1	1	0	1	1	0	1	1	1	1
UHM1073.23039_R.bin.125|k141_27918_27	C288	1	1	1	1	1	1	1	1	1	0	1	1	0	1
UHM1073.23039_R.bin.125|k141_27918_28	C288	1	1	1	1	1	1	1	1	1	0	0	1	0	1
UHM1073.23039_R.bin.125|k141_27918_29	C288	1	1	1	1	1	1	1	1	1	0	0	1	0	1
UHM1073.23039_R.bin.125|k141_27918_30	C288	1	1	1	1	1	1	1	1	1	0	0	1	0	1
UHM1073.23039_R.bin.125|k141_27918_31	C288	1	1	1	1	1	1	1	1	1	0	0	1	1	1
UHM1073.23039_R.bin.125|k141_27918_32	C288	1	1	1	1	1	1	1	1	1	0	0	1	1	1
UHM1073.23039_R.bin.125|k141_27918_33	C288	1	1	1	1	1	1	1	1	0	1	0	1	1	1
UHM1073.23039_R.bin.125|k141_27918_34	C288	1	1	1	1	1	1	1	1	1	1	0	1	1	1
UHM1073.23039_R.bin.125|k141_27918_35	C288	1	1	1	1	1	1	1	1	1	1	0	1	1	1
UHM1073.23039_R.bin.125|k141_27918_36	C288	1	1	1	1	1	1	1	1	1	1	1	1	1	1
UHM1073.23039_R.bin.125|k141_27918_43	C288	1	1	1	1	1	1	1	1	1	0	1	1	1	0
UHM1073.23039_R.bin.125|k141_27918_46	C288	1	1	1	1	0	1	0	1	0	0	1	1	0	0
UHM1073.23039_R.bin.125|k141_27918_47	C288	1	1	1	1	0	1	0	1	1	1	1	1	1	1
UHM1073.23039_R.bin.125|k141_27918_48	C288	1	1	1	1	0	1	1	1	1	1	1	0	1	1
UHM1073.23039_R.bin.125|k141_27918_53	C288	1	1	1	1	1	1	1	1	1	1	1	1	1	1
UHM1073.23039_R.bin.125|k141_27918_54	C288	1	1	1	1	1	1	1	1	1	1	0	0	1	1
UHM1073.23039_R.bin.125|k141_27918_69	C288	1	0	1	1	1	0	0	1	1	1	1	1	1	1
UHM1073.23039_R.bin.125|k141_311314_12	C288	1	1	1	1	1	1	0	0	0	0	1	1	1	1
UHM1073.23039_R.bin.125|k141_311317_2	C288	1	0	1	1	0	0	0	0	0	0	0	0	0	0
UHM1073.23039_R.bin.125|k141_311317_3	C288	1	0	1	1	0	0	0	0	0	0	1	1	0	0
UHM1073.23039_R.bin.125|k141_311317_5	C288	1	1	1	1	1	1	1	1	1	1	1	0	1	1
UHM1073.23039_R.bin.125|k141_311317_6	C288	1	1	1	1	1	1	1	1	1	1	1	1	1	1
UHM1073.23039_R.bin.125|k141_311317_7	C288	1	1	1	1	1	1	1	1	1	1	0	1	1	1
UHM1073.23039_R.bin.125|k141_311317_8	C288	1	1	1	0	0	1	0	1	0	1	0	0	0	0
UHM1073.23039_R.bin.125|k141_311317_9	C288	1	1	1	1	1	1	1	1	1	1	1	1	1	1
UHM1073.23039_R.bin.125|k141_311317_10	C288	1	1	1	1	1	1	1	1	1	1	1	0	1	1
UHM1073.23039_R.bin.125|k141_311317_13	C288	1	1	1	1	0	1	0	1	0	0	0	0	0	1
UHM1073.23039_R.bin.125|k141_311317_15	C288	1	1	1	1	1	1	1	1	0	0	0	1	1	1
UHM1073.23039_R.bin.125|k141_311317_16	C288	1	1	1	1	1	1	0	0	0	0	0	0	0	0
UHM1073.23039_R.bin.125|k141_311317_17	C288	1	1	1	1	1	1	1	1	1	1	1	1	1	1
UHM1073.23039_R.bin.125|k141_311317_18	C288	1	1	1	1	1	1	1	1	1	1	1	1	1	1
UHM1073.23039_R.bin.125|k141_311317_19	C288	1	1	1	1	0	1	0	0	0	0	0	0	0	0
UHM1073.23039_R.bin.125|k141_311317_21	C288	1	0	1	1	0	1	0	0	0	0	0	1	0	1
UHM1073.23039_R.bin.125|k141_311317_22	C288	1	0	1	1	0	1	0	0	0	0	0	0	0	0
UHM1073.23039_R.bin.125|k141_311317_23	C288	1	0	1	1	0	1	1	0	0	0	0	1	0	1
UHM1073.23039_R.bin.125|k141_311317_29	C288	1	1	1	1	1	1	0	1	1	1	1	0	1	1
UHM1073.23039_R.bin.125|k141_311317_30	C288	1	1	1	1	1	1	0	1	1	1	1	0	1	1
UHM1073.23039_R.bin.125|k141_311317_32	C288	1	1	1	1	1	1	0	1	1	0	1	0	1	1
UHM1073.23039_R.bin.125|k141_311317_33	C288	1	1	1	1	1	1	1	1	1	1	1	1	1	1
UHM1073.23039_R.bin.125|k141_311317_34	C288	1	1	1	1	1	1	1	1	1	1	0	1	1	1
UHM1073.23039_R.bin.125|k141_311317_35	C288	1	0	1	1	1	1	1	1	1	1	1	1	1	1
UHM1073.23039_R.bin.125|k141_311317_36	C288	1	1	1	1	1	1	1	1	1	1	1	1	1	1
UHM1073.23039_R.bin.125|k141_311317_37	C288	1	1	1	1	1	1	1	1	1	1	1	1	1	1
UHM1073.23039_R.bin.125|k141_311317_38	C288	1	1	1	1	1	0	0	0	0	0	0	1	0	0
UHM1073.23039_R.bin.125|k141_311317_39	C288	1	1	1	1	1	1	0	0	0	0	0	0	0	0
UHM1073.23039_R.bin.125|k141_311317_40	C288	1	1	1	1	1	1	0	1	1	0	0	1	0	1
UHM1073.23039_R.bin.125|k141_311317_41	C288	1	1	1	1	0	1	1	1	1	1	1	1	1	1
UHM1073.23039_R.bin.125|k141_311317_42	C288	1	1	1	1	1	1	1	1	1	1	1	1	1	1
UHM1073.23039_R.bin.125|k141_311317_44	C288	1	1	1	1	1	1	1	1	1	1	1	1	1	1
UHM1073.23039_R.bin.125|k141_311317_45	C288	1	1	1	1	1	0	1	0	0	0	0	0	0	0
UHM1073.23039_R.bin.125|k141_311317_49	C288	1	1	1	0	1	1	1	1	0	1	1	1	0	1
UHM1073.23039_R.bin.125|k141_311317_52	C288	1	0	1	0	1	1	0	0	0	0	0	0	0	0
UHM1073.23039_R.bin.125|k141_311317_53	C288	1	1	1	1	1	0	0	0	0	0	0	0	0	0
UHM1073.23039_R.bin.125|k141_311317_54	C288	1	1	1	1	1	1	0	1	1	1	1	1	1	1
UHM1073.23039_R.bin.125|k141_311317_56	C288	1	1	1	1	1	1	1	1	1	1	1	0	1	1
UHM1073.23039_R.bin.125|k141_311317_57	C288	1	1	1	1	1	1	0	1	0	0	0	0	0	1
UHM1073.23039_R.bin.125|k141_311317_58	C288	1	1	1	1	1	1	0	1	0	0	1	1	0	0
UHM1073.23039_R.bin.125|k141_311317_60	C288	1	1	1	1	1	1	1	1	1	1	1	1	1	1
UHM1073.23039_R.bin.125|k141_311317_62	C288	1	1	1	1	1	1	1	1	1	1	0	1	1	1
UHM1073.23039_R.bin.125|k141_311317_63	C288	1	1	1	1	1	0	1	0	1	0	0	1	1	1
UHM1073.23039_R.bin.125|k141_311317_64	C288	1	1	1	1	1	1	0	1	1	1	1	1	1	1
UHM1073.23039_R.bin.125|k141_311317_65	C288	1	1	1	1	1	1	1	1	1	0	1	1	1	1
UHM1073.23039_R.bin.125|k141_311317_66	C288	1	1	1	1	1	1	1	1	0	0	1	1	0	0
UHM1073.23039_R.bin.125|k141_311317_67	C288	1	1	1	1	1	1	1	1	1	1	1	0	1	1
UHM1073.23039_R.bin.125|k141_311317_68	C288	1	1	1	1	1	1	0	0	0	0	0	0	0	0
UHM1073.23039_R.bin.125|k141_311317_69	C288	1	1	1	1	1	1	0	0	1	1	0	0	1	0
UHM1073.23039_R.bin.125|k141_311317_70	C288	1	1	1	1	1	1	0	1	0	0	0	1	0	0
UHM1073.23039_R.bin.125|k141_311317_71	C288	1	1	1	1	0	1	1	0	0	0	1	1	0	0
UHM1073.23039_R.bin.125|k141_311317_73	C288	1	1	1	1	1	1	1	1	1	1	0	1	1	1
UHM1073.23039_R.bin.125|k141_311317_74	C288	1	1	1	1	1	1	1	1	0	0	1	1	0	0
UHM1073.23039_R.bin.125|k141_311317_77	C288	1	1	1	1	1	1	1	1	0	0	1	1	1	0
UHM1073.23039_R.bin.125|k141_311317_78	C288	1	1	1	1	1	1	1	1	1	1	1	1	1	1
UHM1073.23039_R.bin.125|k141_311317_79	C288	1	1	1	1	1	1	1	1	1	1	0	1	1	1
UHM1073.23039_R.bin.125|k141_311317_80	C288	1	1	1	1	1	1	0	1	1	0	0	1	0	1
UHM1073.23039_R.bin.125|k141_311317_81	C288	1	1	1	1	1	1	1	0	0	0	0	1	0	0
UHM1073.23039_R.bin.125|k141_311317_82	C288	1	1	1	1	1	1	1	1	1	1	0	1	1	1
UHM1073.23039_R.bin.125|k141_311317_88	C288	1	1	1	1	1	1	1	1	1	1	1	1	1	1
UHM1073.23039_R.bin.125|k141_311317_89	C288	1	1	1	1	1	1	1	0	1	1	1	1	1	0
UHM1073.23039_R.bin.125|k141_311317_91	C288	1	1	1	1	1	0	1	1	0	0	1	1	0	0
UHM1073.23039_R.bin.125|k141_311317_92	C288	1	1	1	1	1	1	1	1	1	1	1	1	1	1
UHM1073.23039_R.bin.125|k141_311317_93	C288	1	1	1	1	1	1	1	1	1	1	1	1	1	1
UHM1073.23039_R.bin.125|k141_311317_94	C288	1	1	1	1	1	1	1	1	1	1	0	1	0	1
UHM1073.23039_R.bin.125|k141_311317_95	C288	1	1	1	1	1	1	0	1	0	1	1	1	0	1
UHM1073.23039_R.bin.125|k141_311317_96	C288	1	1	1	1	0	0	0	0	0	1	0	0	0	0
UHM1073.23039_R.bin.125|k141_311317_98	C288	1	1	1	1	1	1	1	1	1	1	1	1	1	1
UHM1073.23039_R.bin.125|k141_311317_102	C288	1	1	1	1	1	1	1	1	0	0	0	1	0	0
UHM1073.23039_R.bin.125|k141_311317_103	C288	1	1	1	1	1	1	0	1	0	0	0	1	0	0
UHM1073.23039_R.bin.125|k141_311317_104	C288	1	1	1	1	1	1	0	1	1	1	1	1	0	1
UHM1073.23039_R.bin.125|k141_311317_106	C288	1	1	1	1	1	1	1	1	1	1	1	1	1	1
UHM1073.23039_R.bin.125|k141_311317_109	C288	1	1	1	1	1	1	1	1	1	1	0	1	1	1
UHM1073.23039_R.bin.125|k141_311317_110	C288	1	1	1	1	1	1	1	1	1	1	0	1	1	1
UHM1073.23039_R.bin.125|k141_311317_111	C288	1	1	1	1	1	1	0	1	0	1	1	1	1	1
UHM1073.23039_R.bin.125|k141_311317_112	C288	1	1	1	1	1	1	0	1	1	1	1	1	1	1
UHM1073.23039_R.bin.125|k141_311317_113	C288	1	1	1	1	1	1	1	1	1	1	1	1	1	1
UHM1073.23039_R.bin.125|k141_311317_114	C288	1	1	1	1	1	1	1	1	1	1	1	1	1	1
UHM1073.23039_R.bin.125|k141_311317_115	C288	1	1	1	1	1	1	1	1	1	1	0	1	1	1
UHM1073.23039_R.bin.125|k141_311317_116	C288	1	1	1	1	1	0	1	1	1	1	0	1	1	1
UHM1073.23039_R.bin.125|k141_311317_119	C288	1	1	1	1	1	0	1	1	1	1	0	1	1	1
UHM1073.23039_R.bin.125|k141_311317_120	C288	1	1	1	1	1	1	1	0	0	0	1	0	1	1
UHM1073.23039_R.bin.125|k141_311317_121	C288	1	1	1	1	1	1	1	1	1	1	1	1	1	1
UHM1073.23039_R.bin.125|k141_311317_122	C288	1	1	1	1	1	1	1	1	1	1	1	1	1	1
UHM1073.23039_R.bin.125|k141_311317_123	C288	1	1	1	1	0	1	1	1	0	0	1	1	0	0
UHM1073.23039_R.bin.125|k141_311317_125	C288	1	1	1	1	1	1	1	1	0	0	1	1	0	0
UHM1073.23039_R.bin.125|k141_311317_126	C288	1	1	1	1	1	1	1	1	0	0	0	1	0	0
UHM1073.23039_R.bin.125|k141_311317_127	C288	1	1	1	1	1	1	0	0	0	0	0	0	0	0
UHM1073.23039_R.bin.125|k141_311317_128	C288	1	1	1	1	1	1	1	1	1	1	1	1	1	1
UHM1073.23039_R.bin.125|k141_311317_129	C288	1	1	1	1	1	1	0	0	0	1	1	1	1	1
UHM1073.23039_R.bin.125|k141_311317_134	C288	1	1	1	1	0	1	0	0	0	0	0	0	0	1
UHM1073.23039_R.bin.125|k141_311317_135	C288	1	1	1	1	1	1	1	1	1	1	0	0	1	1
UHM1073.23039_R.bin.125|k141_311317_136	C288	1	1	1	0	1	1	0	1	1	1	1	1	1	1
UHM1073.23039_R.bin.125|k141_311317_137	C288	1	1	1	1	1	1	0	1	1	1	0	1	1	1
UHM1073.23039_R.bin.125|k141_311317_139	C288	1	1	1	1	0	0	1	0	0	0	1	0	0	0
UHM1073.23039_R.bin.125|k141_311317_140	C288	1	1	1	1	1	1	0	1	0	0	1	1	0	0
UHM1073.23039_R.bin.125|k141_311317_141	C288	1	1	1	1	1	1	0	1	1	1	0	1	1	1
UHM1073.23039_R.bin.125|k141_311317_142	C288	1	1	1	1	1	1	0	1	1	0	1	0	0	0
UHM1073.23039_R.bin.125|k141_311317_143	C288	1	1	1	1	1	1	1	1	1	1	1	1	1	1
UHM1073.23039_R.bin.125|k141_311317_144	C288	1	1	1	1	1	1	1	1	1	1	1	1	1	1
UHM1073.23039_R.bin.125|k141_311317_145	C288	1	1	1	1	0	1	0	0	0	0	0	0	0	0
UHM1073.23039_R.bin.125|k141_311317_146	C288	1	1	1	1	0	1	0	0	0	0	0	0	0	0
UHM1073.23039_R.bin.125|k141_311317_147	C288	1	1	1	1	0	1	0	0	0	0	0	0	0	0
UHM1073.23039_R.bin.125|k141_311317_148	C288	1	1	1	1	0	1	0	0	0	0	0	0	0	0
UHM1073.23039_R.bin.125|k141_311317_149	C288	1	1	1	1	0	1	0	0	0	0	0	0	0	0
UHM1073.23039_R.bin.125|k141_311317_150	C288	1	1	1	1	0	1	0	0	0	0	0	0	0	0
UHM1073.23039_R.bin.125|k141_311317_151	C288	1	1	1	1	0	1	0	0	0	0	0	0	0	0
UHM1073.23039_R.bin.125|k141_311317_152	C288	1	1	1	1	0	0	0	0	0	0	0	0	0	0
UHM1073.23039_R.bin.125|k141_311317_153	C288	1	1	1	1	1	1	0	0	0	0	0	0	1	0
UHM1073.23039_R.bin.125|k141_311317_154	C288	1	1	1	1	1	1	0	1	1	1	1	1	1	1
UHM1073.23039_R.bin.125|k141_311317_155	C288	1	0	1	1	1	1	1	1	0	0	0	0	0	0
UHM1073.23039_R.bin.125|k141_594944_6	C288	1	1	1	1	1	1	1	1	0	1	1	1	1	1
UHM1073.23039_R.bin.125|k141_594944_8	C288	1	1	1	1	1	1	1	1	1	0	0	1	1	1
UHM1073.23039_R.bin.125|k141_594944_9	C288	1	1	1	1	1	1	1	1	1	0	0	1	1	1
UHM1073.23039_R.bin.125|k141_594944_10	C288	1	1	1	1	1	1	1	1	1	1	0	1	1	1
UHM1073.23039_R.bin.125|k141_594944_11	C288	1	1	1	1	1	1	0	0	0	1	0	1	1	1
UHM1073.23039_R.bin.125|k141_594944_12	C288	1	1	1	1	1	1	0	1	1	1	1	1	0	1
UHM1073.23039_R.bin.125|k141_594944_13	C288	1	1	1	1	0	0	0	0	1	1	1	0	0	1
UHM1073.23039_R.bin.125|k141_594944_14	C288	1	1	1	1	0	0	0	1	1	1	0	0	0	1
UHM1073.23039_R.bin.125|k141_594944_17	C288	1	1	1	1	1	1	0	1	1	1	1	1	1	1
UHM1073.23039_R.bin.125|k141_594944_18	C288	1	1	1	1	1	1	1	1	1	1	1	1	1	1
UHM1073.23039_R.bin.125|k141_594944_20	C288	1	1	1	1	1	1	1	1	1	1	1	1	1	1
UHM1073.23039_R.bin.125|k141_594944_21	C288	1	0	1	1	1	0	0	0	0	0	0	0	0	0
UHM1073.23039_R.bin.125|k141_594944_22	C288	1	1	1	1	1	1	1	1	0	0	1	1	0	1
UHM1073.23039_R.bin.125|k141_594944_23	C288	1	1	1	1	1	1	0	1	1	1	1	1	0	1
UHM1073.23039_R.bin.125|k141_594944_24	C288	1	1	1	1	1	1	1	1	1	1	1	1	1	1
UHM1073.23039_R.bin.125|k141_594944_25	C288	1	1	1	1	1	1	1	0	0	0	1	1	1	1
UHM1073.23039_R.bin.125|k141_594944_26	C288	1	1	1	1	1	1	1	1	1	1	1	1	1	1
UHM1073.23039_R.bin.125|k141_594944_27	C288	1	1	1	1	1	1	1	1	1	1	1	1	1	1
UHM1073.23039_R.bin.125|k141_594944_28	C288	1	1	1	1	1	1	1	1	0	0	1	1	1	0
UHM1073.23039_R.bin.125|k141_594944_29	C288	1	1	1	1	1	1	1	1	1	1	1	1	1	1
UHM1073.23039_R.bin.125|k141_594944_30	C288	1	1	1	1	1	1	1	1	1	1	1	1	1	1
UHM1073.23039_R.bin.125|k141_594944_31	C288	1	1	1	1	1	1	1	1	1	1	1	1	1	1
UHM1073.23039_R.bin.125|k141_594944_33	C288	1	1	1	0	1	1	1	1	1	1	0	1	1	1
UHM1073.23039_R.bin.125|k141_594944_39	C288	1	1	1	1	0	1	0	0	1	0	0	1	0	0
UHM1073.23039_R.bin.125|k141_594944_47	C288	1	1	1	1	0	1	1	1	1	1	1	1	1	1
UHM1073.23039_R.bin.125|k141_594944_48	C288	1	0	1	1	1	1	1	1	1	1	0	1	1	1
UHM1073.23039_R.bin.125|k141_594944_49	C288	1	0	1	1	1	1	1	1	1	1	0	0	1	0
UHM1073.23039_R.bin.125|k141_594944_50	C288	1	1	1	1	1	1	1	1	1	0	1	1	1	1
UHM1073.23039_R.bin.125|k141_594944_52	C288	1	1	1	1	1	1	1	1	1	1	1	1	1	1
UHM1073.23039_R.bin.125|k141_594944_53	C288	1	1	1	1	1	1	1	1	0	0	1	1	0	0
UHM1073.23039_R.bin.125|k141_594944_55	C288	1	1	1	1	1	0	1	0	0	0	0	0	0	0
UHM1073.23039_R.bin.125|k141_515361_2	C288	1	1	1	1	1	1	1	1	0	1	0	0	0	0
UHM1073.23039_R.bin.125|k141_515361_4	C288	1	1	1	1	1	1	1	1	1	1	1	1	1	1
UHM1073.23039_R.bin.125|k141_515361_6	C288	1	1	1	1	1	1	1	1	1	1	0	1	1	1
UHM1073.23039_R.bin.125|k141_515361_7	C288	1	1	1	1	1	1	1	1	1	1	1	1	1	1
UHM1073.23039_R.bin.125|k141_515361_8	C288	1	1	1	1	1	1	1	1	1	1	1	1	1	1
UHM1073.23039_R.bin.125|k141_515361_9	C288	1	1	1	1	1	1	1	1	1	1	1	1	1	0
UHM1073.23039_R.bin.125|k141_515361_12	C288	1	1	1	1	0	0	0	0	0	0	0	0	0	0
UHM1073.23039_R.bin.125|k141_515361_14	C288	1	1	1	1	1	1	1	1	1	1	1	1	0	1
UHM1073.23039_R.bin.125|k141_515361_15	C288	1	1	1	1	1	1	0	0	1	1	0	0	0	1
UHM1073.23039_R.bin.125|k141_515361_16	C288	1	1	1	1	0	1	0	0	0	0	0	0	0	0
UHM1073.23039_R.bin.125|k141_515361_17	C288	1	0	1	0	1	0	1	0	0	0	1	1	0	0
UHM1073.23039_R.bin.125|k141_515361_22	C288	1	1	1	1	1	1	1	1	1	1	1	1	1	1
UHM1073.23039_R.bin.125|k141_515361_24	C288	1	1	1	1	1	1	0	0	0	0	1	1	0	0
UHM1073.23039_R.bin.125|k141_515361_25	C288	1	1	1	1	1	0	0	0	0	0	0	0	0	0
UHM1073.23039_R.bin.125|k141_515361_26	C288	1	1	1	1	1	1	1	1	1	0	1	1	1	1
UHM1073.23039_R.bin.125|k141_515361_28	C288	1	1	1	1	1	1	1	1	1	1	0	1	1	1
UHM1073.23039_R.bin.125|k141_515361_29	C288	1	1	1	1	1	1	1	1	1	1	0	1	1	1
UHM1073.23039_R.bin.125|k141_515361_30	C288	1	1	1	1	1	1	1	1	0	1	0	1	1	1
UHM1073.23039_R.bin.125|k141_515361_31	C288	1	1	1	1	1	1	1	1	1	1	0	1	1	1
UHM1073.23039_R.bin.125|k141_515361_32	C288	1	1	1	1	1	1	1	1	0	0	1	1	0	0
UHM1073.23039_R.bin.125|k141_515361_33	C288	1	1	1	1	1	1	0	0	0	0	0	1	0	0
UHM1073.23039_R.bin.125|k141_515361_34	C288	1	1	1	1	1	1	0	1	1	1	1	1	1	1
UHM1073.23039_R.bin.125|k141_515361_35	C288	1	1	1	1	1	1	0	0	0	1	0	1	1	1
UHM1073.23039_R.bin.125|k141_515361_36	C288	1	1	1	1	0	1	1	1	1	1	1	1	0	0
UHM1073.23039_R.bin.125|k141_515361_37	C288	1	1	1	1	1	1	1	1	0	0	1	1	0	0
UHM1073.23039_R.bin.125|k141_515361_38	C288	1	1	1	1	1	1	0	0	0	0	0	0	0	0
UHM1073.23039_R.bin.125|k141_515361_39	C288	1	1	1	1	1	0	0	0	0	0	0	0	0	0
UHM1073.23039_R.bin.125|k141_515361_40	C288	1	1	1	1	1	1	1	1	1	1	1	1	1	1
UHM1073.23039_R.bin.125|k141_515361_45	C288	1	1	1	1	1	1	0	0	0	0	0	1	0	0
UHM1073.23039_R.bin.125|k141_515361_48	C288	1	1	1	1	1	1	0	1	1	1	1	1	1	1
UHM1073.23039_R.bin.125|k141_515361_49	C288	1	1	1	1	1	1	0	1	1	1	1	1	1	1
UHM1073.23039_R.bin.125|k141_515361_50	C288	1	1	1	1	1	1	1	1	1	1	1	1	1	1
UHM1073.23039_R.bin.125|k141_515361_51	C288	1	1	1	1	1	1	1	1	1	1	1	1	1	1
UHM1073.23039_R.bin.125|k141_515361_52	C288	1	1	1	1	1	1	1	1	0	1	1	1	1	1
UHM1073.23039_R.bin.125|k141_515361_54	C288	1	1	1	1	1	1	0	1	1	1	0	0	1	1
UHM1073.23039_R.bin.125|k141_515361_55	C288	1	1	1	1	1	1	0	1	1	1	0	0	1	1
UHM1073.23039_R.bin.125|k141_515361_58	C288	1	1	1	1	1	1	0	1	1	1	1	1	1	1
UHM1073.23039_R.bin.125|k141_515361_59	C288	1	1	1	1	1	1	1	1	1	1	1	1	1	1
UHM1073.23039_R.bin.125|k141_515361_61	C288	1	1	1	1	1	1	1	1	1	0	1	1	1	1
UHM1073.23039_R.bin.125|k141_515361_62	C288	1	1	1	1	1	1	1	1	1	1	1	1	1	1
UHM1073.23039_R.bin.125|k141_515361_66	C288	1	1	1	1	1	1	0	0	0	0	0	1	0	0
UHM1073.23039_R.bin.125|k141_515361_68	C288	1	1	1	1	1	1	1	1	1	1	1	1	0	0
UHM1073.23039_R.bin.125|k141_515361_71	C288	1	1	1	1	1	1	1	1	1	1	1	1	1	1
UHM1073.23039_R.bin.125|k141_515361_72	C288	1	1	1	1	1	1	1	1	1	1	1	1	1	1
UHM1073.23039_R.bin.125|k141_515361_74	C288	1	1	1	1	1	1	0	0	0	0	0	0	0	0
UHM1073.23039_R.bin.125|k141_515361_75	C288	1	1	1	1	0	0	0	0	0	0	0	0	0	0
UHM1073.23039_R.bin.125|k141_515361_76	C288	1	1	1	1	1	1	1	1	1	1	1	1	1	1
UHM1073.23039_R.bin.125|k141_515361_77	C288	1	1	1	1	1	1	1	1	1	1	1	1	1	0
UHM1073.23039_R.bin.125|k141_515361_78	C288	1	1	1	1	1	1	1	1	1	1	1	1	1	1
UHM1073.23039_R.bin.125|k141_515361_83	C288	1	1	1	1	0	1	0	0	0	0	0	0	0	0
UHM1073.23039_R.bin.125|k141_515361_85	C288	1	1	1	1	1	1	1	1	1	1	1	1	1	1
UHM1073.23039_R.bin.125|k141_515361_86	C288	1	1	1	1	1	1	1	1	1	1	1	1	1	1
UHM1073.23039_R.bin.125|k141_515361_87	C288	1	1	1	1	1	1	1	1	1	1	1	1	1	1
UHM1073.23039_R.bin.125|k141_515361_88	C288	1	1	1	1	1	1	1	1	1	1	1	1	1	1
UHM1073.23039_R.bin.125|k141_515361_91	C288	1	1	1	1	1	1	1	1	1	1	1	0	1	1
UHM1073.23039_R.bin.125|k141_515361_92	C288	1	1	1	1	1	1	1	1	1	0	1	1	0	0
UHM1073.23039_R.bin.125|k141_515361_93	C288	1	1	1	1	1	1	1	0	0	0	0	0	1	0
UHM1073.23039_R.bin.125|k141_515361_94	C288	1	1	1	1	0	1	0	0	0	0	0	0	0	0
UHM1073.23039_R.bin.125|k141_515361_97	C288	1	1	1	1	1	0	1	1	0	0	0	1	0	0
UHM1073.23039_R.bin.125|k141_515361_102	C288	1	1	1	1	1	1	1	0	0	0	1	1	1	0
UHM1073.23039_R.bin.125|k141_515361_106	C288	1	1	1	1	1	1	1	1	1	0	1	1	0	1
UHM1073.23039_R.bin.125|k141_515361_112	C288	1	1	1	1	0	1	1	0	1	1	1	1	1	1
UHM1073.23039_R.bin.125|k141_515361_114	C288	1	1	1	1	0	0	0	0	0	0	0	0	0	0
UHM1073.23039_R.bin.125|k141_515361_115	C288	1	1	1	1	1	1	1	1	0	1	1	0	0	0
UHM1073.23039_R.bin.125|k141_515361_116	C288	1	1	1	1	1	1	0	1	1	1	0	1	1	1
UHM1073.23039_R.bin.125|k141_515361_119	C288	1	1	1	1	1	1	1	0	1	1	1	1	1	1
UHM1073.23039_R.bin.125|k141_515361_122	C288	1	1	1	1	1	1	1	1	1	1	1	1	1	1
UHM1073.23039_R.bin.125|k141_515361_123	C288	1	1	1	1	1	1	1	1	1	1	1	1	1	1
UHM1073.23039_R.bin.125|k141_515361_124	C288	1	1	1	1	1	1	1	1	0	1	0	1	0	1
UHM1073.23039_R.bin.125|k141_515361_125	C288	1	1	1	1	1	1	1	1	0	0	0	1	0	0
UHM1073.23039_R.bin.125|k141_515361_126	C288	1	1	1	1	1	0	0	0	0	0	0	0	0	0
UHM1073.23039_R.bin.125|k141_515361_127	C288	1	1	1	1	1	1	0	0	0	0	1	0	0	0
UHM1073.23039_R.bin.125|k141_515361_128	C288	1	1	1	1	0	1	0	0	0	0	0	0	0	0
UHM1073.23039_R.bin.125|k141_515361_129	C288	1	1	1	1	1	1	0	1	1	1	0	1	1	1
UHM1073.23039_R.bin.125|k141_515361_131	C288	1	1	1	1	1	0	1	1	0	1	1	1	0	1
UHM1073.23039_R.bin.125|k141_515361_132	C288	1	1	1	1	0	0	1	1	1	1	1	1	1	1
UHM1073.23039_R.bin.125|k141_515361_133	C288	1	1	1	1	1	1	1	1	1	1	1	1	1	1
UHM1073.23039_R.bin.125|k141_515361_135	C288	1	1	1	1	1	1	0	0	0	0	0	1	0	0
UHM1073.23039_R.bin.125|k141_515361_137	C288	1	1	1	1	1	1	1	0	1	0	1	1	1	1
UHM1073.23039_R.bin.125|k141_515361_139	C288	1	1	1	1	1	1	0	1	1	1	1	1	1	1
UHM1073.23039_R.bin.125|k141_515361_141	C288	1	1	1	1	1	1	0	1	0	0	1	1	0	0
UHM1073.23039_R.bin.125|k141_515361_142	C288	1	1	1	1	1	1	1	1	1	1	1	1	1	1
UHM1073.23039_R.bin.125|k141_516198_2	C288	1	1	1	1	1	1	1	1	1	1	0	0	1	1
UHM1073.23039_R.bin.125|k141_516198_3	C288	1	1	1	1	1	1	1	1	1	1	0	0	1	1
UHM1073.23039_R.bin.125|k141_516198_4	C288	1	1	1	1	1	1	1	1	1	0	0	0	1	1
UHM1073.23039_R.bin.125|k141_516198_5	C288	1	1	1	1	1	1	1	1	1	0	0	0	1	1
UHM1073.23039_R.bin.125|k141_516198_6	C288	1	1	1	1	1	1	1	1	1	0	0	0	1	1
UHM1073.23039_R.bin.125|k141_516198_7	C288	1	1	1	1	1	1	1	1	1	0	0	0	1	1
UHM1073.23039_R.bin.125|k141_516198_8	C288	1	1	1	1	0	1	1	1	1	0	0	1	1	1
UHM1073.23039_R.bin.125|k141_516198_9	C288	1	1	1	1	1	1	1	1	1	0	0	1	1	1
UHM1073.23039_R.bin.125|k141_516198_10	C288	1	1	1	1	1	1	1	1	1	0	0	1	1	1
UHM1073.23039_R.bin.125|k141_516198_11	C288	1	1	1	1	1	1	1	1	1	1	1	1	1	1
UHM1073.23039_R.bin.125|k141_516198_12	C288	1	1	1	1	1	1	0	1	0	0	0	0	0	0
UHM1073.23039_R.bin.125|k141_516198_13	C288	1	1	1	1	1	1	1	1	1	0	1	1	0	0
UHM1073.23039_R.bin.125|k141_516198_14	C288	1	1	1	1	1	1	1	0	0	0	1	1	0	1
UHM1073.23039_R.bin.125|k141_516198_15	C288	1	1	1	1	1	1	1	1	1	1	1	1	0	1
UHM1073.23039_R.bin.125|k141_516198_16	C288	1	1	1	1	1	1	1	1	1	1	1	1	0	1
UHM1073.23039_R.bin.125|k141_516198_21	C288	1	1	1	1	0	1	0	0	0	0	1	0	0	0
UHM1073.23039_R.bin.125|k141_516198_24	C288	1	1	1	1	1	1	1	0	0	0	1	1	0	0
UHM1073.23039_R.bin.125|k141_516198_26	C288	1	1	1	1	1	1	0	0	1	1	1	1	1	1
UHM1073.23039_R.bin.125|k141_516198_28	C288	1	1	1	1	1	1	0	1	1	1	1	1	1	1
UHM1073.23039_R.bin.125|k141_516198_32	C288	1	1	1	1	1	1	0	1	1	1	1	1	1	1
UHM1073.23039_R.bin.125|k141_516198_33	C288	1	1	1	1	1	1	0	1	0	0	0	1	0	1
UHM1073.23039_R.bin.125|k141_516198_34	C288	1	1	1	1	1	1	1	1	1	1	0	1	0	1
UHM1073.23039_R.bin.125|k141_516198_35	C288	1	1	1	1	1	1	1	1	1	1	1	1	1	1
UHM1073.23039_R.bin.125|k141_516198_39	C288	1	1	1	1	1	1	1	1	1	1	1	0	1	1
UHM1073.23039_R.bin.125|k141_516198_40	C288	1	1	1	1	0	1	1	1	0	0	0	1	1	0
UHM1073.23039_R.bin.125|k141_516198_43	C288	1	1	1	1	1	1	1	1	1	0	1	1	0	0
UHM1073.23039_R.bin.125|k141_516198_44	C288	1	1	1	1	1	1	1	1	0	0	1	1	0	0
UHM1073.23039_R.bin.125|k141_516198_45	C288	1	1	1	1	1	1	0	0	0	0	0	0	0	0
UHM1073.23039_R.bin.125|k141_516198_46	C288	1	1	1	1	1	1	0	0	0	0	0	0	0	0
UHM1073.23039_R.bin.125|k141_516198_50	C288	1	1	1	1	1	1	1	1	0	0	1	1	0	0
UHM1073.23039_R.bin.125|k141_516198_51	C288	1	1	1	1	1	0	0	1	0	0	1	0	0	0
UHM1073.23039_R.bin.125|k141_516198_53	C288	1	1	1	1	1	1	0	1	0	0	1	1	0	0
UHM1073.23039_R.bin.125|k141_516198_54	C288	1	1	1	1	1	1	0	0	0	0	1	1	0	0
UHM1073.23039_R.bin.125|k141_516198_55	C288	1	1	1	1	1	1	1	1	1	1	1	1	1	1
UHM1073.23039_R.bin.125|k141_516198_56	C288	1	1	1	1	1	1	1	1	1	1	1	1	1	1
UHM1073.23039_R.bin.125|k141_516198_57	C288	1	1	1	1	0	1	0	0	0	0	0	0	0	0
UHM1073.23039_R.bin.125|k141_537654_1	C288	1	0	1	1	1	1	1	1	1	1	0	1	1	1
UHM1073.23039_R.bin.125|k141_537654_2	C288	1	0	1	1	1	1	1	0	0	0	1	1	0	0
UHM1073.23039_R.bin.125|k141_537654_3	C288	1	1	1	1	1	1	1	1	1	1	0	1	1	1
UHM1073.23039_R.bin.125|k141_537654_4	C288	1	1	1	1	1	1	1	0	0	0	1	1	0	0
UHM1073.23039_R.bin.125|k141_537654_5	C288	1	1	1	1	0	1	0	0	0	0	1	0	0	0
UHM1073.23039_R.bin.125|k141_537654_6	C288	1	0	1	1	1	1	1	1	1	1	1	1	1	1
UHM1073.23039_R.bin.125|k141_537654_7	C288	1	1	1	1	1	1	1	1	0	0	1	1	0	0
UHM1073.23039_R.bin.125|k141_537654_8	C288	1	1	1	1	1	1	0	1	1	0	1	1	0	0
UHM1073.23039_R.bin.125|k141_537654_9	C288	1	1	1	1	1	1	1	0	0	1	1	0	0	0
UHM1073.23039_R.bin.125|k141_537654_10	C288	1	1	1	1	1	1	1	1	1	1	1	1	1	1
UHM1073.23039_R.bin.125|k141_537654_11	C288	1	1	1	1	1	1	1	1	1	0	1	1	1	1
UHM1073.23039_R.bin.125|k141_537654_12	C288	1	1	1	1	1	1	1	1	1	1	0	1	1	1
UHM1073.23039_R.bin.125|k141_537654_13	C288	1	1	1	1	1	1	0	1	1	1	1	0	1	1
UHM1073.23039_R.bin.125|k141_537654_14	C288	1	1	1	1	1	1	0	1	1	1	1	1	1	1
UHM1073.23039_R.bin.125|k141_537654_15	C288	1	1	1	1	1	1	1	0	0	1	1	1	1	1
UHM1073.23039_R.bin.125|k141_537654_16	C288	1	1	1	1	1	1	1	1	1	1	1	1	1	0
UHM1073.23039_R.bin.125|k141_537654_17	C288	1	1	1	1	1	1	1	1	1	1	1	1	1	1
UHM1073.23039_R.bin.125|k141_537654_18	C288	1	1	1	1	0	1	1	1	1	1	0	1	1	1
UHM1073.23039_R.bin.125|k141_537654_19	C288	1	1	1	0	1	1	1	1	1	1	1	1	1	1
UHM1073.23039_R.bin.125|k141_537654_20	C288	1	1	1	0	1	1	1	1	1	1	1	1	1	1
UHM1073.23039_R.bin.125|k141_333189_1	C288	1	1	1	1	1	1	0	0	0	1	0	1	0	0
UHM1073.23039_R.bin.125|k141_333189_2	C288	1	1	1	1	1	1	0	0	0	0	1	0	0	0
UHM1073.23039_R.bin.125|k141_333189_4	C288	1	1	1	1	0	1	0	0	0	0	0	0	0	0
UHM1073.23039_R.bin.125|k141_333189_5	C288	1	1	1	1	1	1	0	1	1	1	1	1	1	1
UHM1073.23039_R.bin.125|k141_333189_6	C288	1	1	1	1	1	1	0	1	1	1	1	1	1	1
UHM1073.23039_R.bin.125|k141_333189_7	C288	1	1	1	1	1	1	0	1	1	1	0	0	1	0
UHM1073.23039_R.bin.125|k141_333189_8	C288	1	1	1	1	1	1	1	1	1	1	1	1	1	0
UHM1073.23039_R.bin.125|k141_333189_9	C288	1	1	1	1	1	1	1	1	1	1	0	1	1	1
UHM1073.23039_R.bin.125|k141_333189_11	C288	1	1	1	1	1	1	1	1	1	1	1	1	1	1
UHM1073.23039_R.bin.125|k141_333189_13	C288	1	1	1	1	1	1	0	1	1	1	0	1	1	1
UHM1073.23039_R.bin.125|k141_333189_14	C288	1	1	1	1	1	1	0	1	1	1	1	1	1	1
UHM1073.23039_R.bin.125|k141_333189_16	C288	1	1	1	1	0	0	0	0	0	0	0	0	0	0
UHM1073.23039_R.bin.125|k141_333189_17	C288	1	1	1	1	1	1	0	0	0	0	0	0	0	0
UHM1073.23039_R.bin.125|k141_333189_18	C288	1	1	1	1	0	1	0	0	0	0	0	0	0	0
UHM1073.23039_R.bin.125|k141_333189_21	C288	1	1	1	1	1	0	0	1	0	0	1	1	0	1
UHM1073.23039_R.bin.125|k141_333189_23	C288	1	1	1	1	1	1	1	1	1	1	1	1	1	1
UHM1073.23039_R.bin.125|k141_333189_24	C288	1	1	1	1	1	1	0	0	0	0	0	1	0	0
UHM1073.23039_R.bin.125|k141_333189_25	C288	1	1	1	1	1	1	1	0	0	0	1	1	0	0
UHM1073.23039_R.bin.125|k141_333189_26	C288	1	1	1	1	1	1	1	0	0	1	1	1	0	0
UHM1073.23039_R.bin.125|k141_333189_27	C288	1	1	1	1	1	1	1	1	1	1	0	1	0	1
UHM1073.23039_R.bin.125|k141_333189_28	C288	1	1	1	1	1	1	1	0	0	0	0	0	0	0
UHM1073.23039_R.bin.125|k141_333189_37	C288	1	1	1	1	1	1	1	1	1	1	1	1	0	1
UHM1073.23039_R.bin.125|k141_333189_38	C288	1	1	1	1	1	1	0	1	1	1	1	1	1	1
UHM1073.23039_R.bin.125|k141_333189_41	C288	1	1	1	1	0	0	0	0	0	0	0	0	0	0
UHM1073.23039_R.bin.125|k141_333189_42	C288	1	1	1	1	1	1	0	0	1	1	0	1	1	1
UHM1073.23039_R.bin.125|k141_333189_43	C288	1	1	1	1	1	1	1	1	1	1	1	1	1	1
UHM1073.23039_R.bin.125|k141_333189_44	C288	1	1	1	1	1	1	1	1	1	1	1	1	1	1
UHM1073.23039_R.bin.125|k141_333189_45	C288	1	1	1	1	1	1	1	1	1	1	1	1	1	1
UHM1073.23039_R.bin.125|k141_333189_50	C288	1	1	1	1	1	0	0	0	0	0	0	1	1	0
UHM1073.23039_R.bin.125|k141_333189_51	C288	1	1	1	1	1	1	1	0	0	0	1	1	0	0
UHM1073.23039_R.bin.125|k141_333189_52	C288	1	1	1	1	1	1	0	1	0	0	1	1	0	0
UHM1073.23039_R.bin.125|k141_333189_53	C288	1	1	1	1	1	1	1	1	0	1	1	1	0	0
UHM1073.23039_R.bin.125|k141_333189_64	C288	1	1	1	1	0	1	0	0	0	0	0	1	0	0
UHM1073.23039_R.bin.125|k141_333189_65	C288	1	1	1	1	1	1	1	1	1	1	1	1	1	1
UHM1073.23039_R.bin.125|k141_333189_66	C288	1	1	1	1	1	1	1	1	0	0	1	1	1	0
UHM1073.23039_R.bin.125|k141_333189_67	C288	1	1	1	1	1	1	0	1	0	0	1	1	0	0
UHM1073.23039_R.bin.125|k141_333189_68	C288	1	1	1	1	1	1	1	1	1	1	1	1	1	1
UHM1073.23039_R.bin.125|k141_333189_84	C288	1	1	1	0	1	1	1	1	1	1	0	1	1	1
UHM1073.23039_R.bin.125|k141_333189_85	C288	1	1	1	1	1	1	0	0	0	0	1	1	0	0
UHM1073.23039_R.bin.125|k141_333189_86	C288	1	1	1	1	1	0	1	0	0	0	1	0	0	0
UHM1073.23039_R.bin.125|k141_333189_87	C288	1	1	1	1	1	1	0	0	0	0	1	1	0	0
UHM1073.23039_R.bin.125|k141_333189_88	C288	1	1	1	1	1	1	1	0	0	0	0	1	0	0
UHM1073.23039_R.bin.125|k141_333189_89	C288	1	1	1	1	1	1	1	0	0	0	0	0	0	0
UHM1073.23039_R.bin.125|k141_333189_90	C288	1	1	1	1	1	1	1	0	1	1	0	0	1	1
UHM1073.23039_R.bin.125|k141_333189_91	C288	1	1	1	1	1	1	1	1	1	1	0	0	1	1
UHM1073.23039_R.bin.125|k141_333189_92	C288	1	1	1	1	1	1	0	1	0	0	0	0	0	0
UHM1073.23039_R.bin.125|k141_333189_95	C288	1	0	1	0	0	1	0	0	0	0	0	0	0	0
UHM1073.23039_R.bin.125|k141_333189_105	C288	1	1	1	1	1	1	1	0	0	0	1	0	0	0
UHM1073.23039_R.bin.125|k141_333189_106	C288	1	0	1	1	1	1	1	1	1	1	1	0	0	0
UHM1073.23039_R.bin.125|k141_333189_107	C288	1	0	1	1	1	1	1	0	0	0	0	0	0	0
UHM1073.23039_R.bin.125|k141_215138_3	C288	1	1	1	1	1	1	1	1	0	0	1	0	0	0
UHM1073.23039_R.bin.125|k141_215138_5	C288	1	1	1	1	0	0	0	0	0	0	0	0	0	0
UHM1073.23039_R.bin.125|k141_293949_2	C288	1	1	1	1	1	0	0	1	1	1	0	1	1	1
UHM1073.23039_R.bin.125|k141_293949_3	C288	1	1	1	1	1	1	1	1	1	1	1	1	1	1
UHM1073.23039_R.bin.125|k141_293949_4	C288	1	1	1	1	0	0	0	0	0	0	0	0	0	0
UHM1073.23039_R.bin.125|k141_293949_5	C288	1	0	1	1	0	0	0	0	0	0	0	0	0	0
UHM1073.23039_R.bin.125|k141_293949_6	C288	1	1	1	1	1	1	1	1	1	1	1	1	0	1
UHM1073.23039_R.bin.125|k141_293949_7	C288	1	1	1	1	1	1	1	1	1	1	1	1	1	1
UHM1073.23039_R.bin.125|k141_293949_8	C288	1	1	1	1	1	1	1	1	0	0	1	1	0	0
UHM1073.23039_R.bin.125|k141_293949_9	C288	1	1	1	1	0	1	0	0	1	0	1	0	0	0
UHM1073.23039_R.bin.125|k141_293949_12	C288	1	1	1	1	1	1	1	1	1	1	0	1	1	1
UHM1073.23039_R.bin.125|k141_293949_13	C288	1	1	1	1	1	1	1	1	1	1	0	0	1	1
UHM1073.23039_R.bin.125|k141_293949_14	C288	1	1	1	1	1	1	1	1	1	1	1	0	1	1
UHM1073.23039_R.bin.125|k141_293949_16	C288	1	1	1	1	1	1	1	1	1	1	1	1	1	1
UHM1073.23039_R.bin.125|k141_293949_17	C288	1	1	1	1	1	1	1	1	1	1	0	1	1	1
UHM1073.23039_R.bin.125|k141_293949_19	C288	1	1	1	1	1	1	1	1	1	1	0	1	0	1
UHM1073.23039_R.bin.125|k141_293949_21	C288	1	1	1	1	1	1	1	1	1	1	1	1	1	1
UHM1073.23039_R.bin.125|k141_293949_22	C288	1	1	1	1	1	1	0	1	0	0	0	0	0	0
UHM1073.23039_R.bin.125|k141_293949_23	C288	1	1	1	1	1	1	1	1	1	1	1	1	1	1
UHM1073.23039_R.bin.125|k141_293949_24	C288	1	1	1	1	1	1	1	1	0	1	1	1	0	0
UHM1073.23039_R.bin.125|k141_293949_25	C288	1	1	1	1	0	0	0	0	0	0	0	0	0	0
UHM1073.23039_R.bin.125|k141_293949_26	C288	1	1	1	1	1	0	0	0	1	0	0	0	0	0
UHM1073.23039_R.bin.125|k141_293949_27	C288	1	1	1	1	1	1	1	1	1	0	0	1	1	1
UHM1073.23039_R.bin.125|k141_293949_28	C288	1	1	1	1	1	1	1	1	1	1	1	1	1	1
UHM1073.23039_R.bin.125|k141_293949_30	C288	1	1	1	1	1	1	1	0	0	0	0	0	0	0
UHM1073.23039_R.bin.125|k141_293949_33	C288	1	1	1	1	1	1	1	1	1	1	1	1	1	1
UHM1073.23039_R.bin.125|k141_293949_34	C288	1	1	1	1	1	1	0	0	1	0	0	0	0	0
UHM1073.23039_R.bin.125|k141_293949_35	C288	1	1	1	1	1	1	0	1	1	0	1	1	1	0
UHM1073.23039_R.bin.125|k141_293949_36	C288	1	1	1	1	1	1	1	1	1	1	1	1	1	1
UHM1073.23039_R.bin.125|k141_293949_38	C288	1	1	1	1	1	1	1	1	1	1	1	1	1	1
UHM1073.23039_R.bin.125|k141_293949_39	C288	1	1	1	1	1	1	1	0	0	0	1	1	0	0
UHM1073.23039_R.bin.125|k141_293949_40	C288	1	1	1	1	1	1	1	1	1	1	1	1	1	1
UHM1073.23039_R.bin.125|k141_293949_41	C288	1	1	1	1	1	1	0	0	0	0	1	0	0	0
UHM1073.23039_R.bin.125|k141_293949_42	C288	1	1	1	1	1	1	1	1	1	1	1	1	1	1
UHM1073.23039_R.bin.125|k141_293949_43	C288	1	1	1	1	1	1	1	1	1	1	1	1	1	1
UHM1073.23039_R.bin.125|k141_293949_44	C288	1	1	1	1	1	1	0	0	0	0	0	1	0	1
UHM1073.23039_R.bin.125|k141_293949_47	C288	1	1	1	1	1	1	1	1	1	1	1	1	1	1
UHM1073.23039_R.bin.125|k141_293949_48	C288	1	1	1	1	0	1	0	0	0	0	0	0	0	0
UHM1073.23039_R.bin.125|k141_293949_49	C288	1	1	1	1	1	1	0	0	0	0	1	0	0	0
UHM1073.23039_R.bin.125|k141_293949_50	C288	1	1	1	1	1	1	0	1	1	1	1	1	1	1
UHM1073.23039_R.bin.125|k141_293949_51	C288	1	1	1	1	1	1	0	1	0	1	1	0	1	0
UHM1073.23039_R.bin.125|k141_293949_53	C288	1	1	1	1	1	1	1	1	0	1	1	1	0	0
UHM1073.23039_R.bin.125|k141_293949_54	C288	1	1	1	1	1	1	0	0	1	0	0	0	1	1
UHM1073.23039_R.bin.125|k141_293949_56	C288	1	1	1	1	1	0	0	0	0	0	0	0	0	0
UHM1073.23039_R.bin.125|k141_293949_57	C288	1	1	1	1	0	1	1	1	0	0	1	1	0	0
UHM1073.23039_R.bin.125|k141_293949_58	C288	1	1	1	1	0	1	0	0	0	0	0	0	0	0
UHM1073.23039_R.bin.125|k141_293949_65	C288	1	1	1	1	1	1	1	1	1	1	1	1	1	1
UHM1073.23039_R.bin.125|k141_293949_66	C288	1	1	1	1	1	1	1	1	1	1	1	1	1	1
UHM1073.23039_R.bin.125|k141_293949_67	C288	1	1	1	1	1	1	1	1	0	0	1	1	0	0
UHM1073.23039_R.bin.125|k141_293949_68	C288	1	1	1	1	1	1	1	1	1	1	1	1	1	1
UHM1073.23039_R.bin.125|k141_293949_69	C288	1	1	1	1	1	1	0	1	1	1	1	1	1	1
UHM1073.23039_R.bin.125|k141_293949_70	C288	1	1	1	1	1	1	1	1	1	1	1	0	1	1
UHM1073.23039_R.bin.125|k141_293949_71	C288	1	1	1	1	1	1	1	1	1	1	1	1	1	1
UHM1073.23039_R.bin.125|k141_293949_72	C288	1	1	1	1	1	1	1	1	1	1	1	1	1	1
UHM1073.23039_R.bin.125|k141_293949_73	C288	1	1	1	1	1	1	1	1	1	1	1	1	1	1
UHM1073.23039_R.bin.125|k141_293949_74	C288	1	1	1	1	1	1	1	1	0	1	1	1	0	0
UHM1073.23039_R.bin.125|k141_293949_75	C288	1	1	1	1	1	1	1	1	1	1	0	0	1	1
UHM1073.23039_R.bin.125|k141_293949_77	C288	1	1	1	1	1	1	1	0	0	0	1	1	0	1
UHM1073.23039_R.bin.125|k141_293949_78	C288	1	1	1	1	1	1	1	1	1	1	1	1	1	1
UHM1073.23039_R.bin.125|k141_293949_79	C288	1	1	1	1	1	1	1	1	1	0	1	1	1	0
UHM1073.23039_R.bin.125|k141_293949_80	C288	1	1	1	1	1	1	1	1	1	1	1	1	1	1
UHM1073.23039_R.bin.125|k141_293949_86	C288	1	1	1	1	1	1	0	1	1	1	1	1	1	1
UHM1073.23039_R.bin.125|k141_293949_87	C288	1	1	1	1	1	1	0	1	1	1	1	1	1	1
UHM1073.23039_R.bin.125|k141_293949_88	C288	1	1	1	1	1	1	1	1	1	0	1	0	1	1
UHM1073.23039_R.bin.125|k141_215613_2	C288	1	1	1	1	1	1	1	1	0	0	1	0	1	1
UHM1073.23039_R.bin.125|k141_215613_4	C288	1	1	1	1	1	0	0	0	0	0	0	0	0	0
UHM1073.23039_R.bin.125|k141_215613_5	C288	1	1	1	1	1	1	1	1	1	1	1	0	1	1
UHM1073.23039_R.bin.125|k141_215613_6	C288	1	1	1	1	0	0	0	0	1	1	1	1	1	1
UHM1073.23039_R.bin.125|k141_215613_7	C288	1	1	1	1	0	1	0	1	0	0	0	0	0	0
UHM1073.23039_R.bin.125|k141_215613_9	C288	1	1	1	1	1	1	1	1	0	1	1	1	1	1
UHM1073.23039_R.bin.125|k141_475898_5	C288	1	1	1	1	1	1	1	1	1	1	0	0	1	1
UHM1073.23039_R.bin.125|k141_475898_7	C288	1	1	1	1	1	1	1	1	1	1	1	1	1	1
UHM1073.23039_R.bin.125|k141_475898_9	C288	1	1	1	1	1	1	1	1	0	0	1	1	0	0
UHM1073.23039_R.bin.125|k141_475898_11	C288	1	1	1	1	1	1	1	1	1	1	1	1	1	1
UHM1073.23039_R.bin.125|k141_475898_12	C288	1	1	1	1	1	1	1	1	1	1	1	0	1	1
UHM1073.23039_R.bin.125|k141_475898_13	C288	1	1	1	1	1	1	1	1	1	1	1	0	1	1
UHM1073.23039_R.bin.125|k141_475898_14	C288	1	1	1	1	1	1	1	1	1	1	1	1	1	1
UHM1073.23039_R.bin.125|k141_475898_15	C288	1	1	1	1	1	1	1	1	1	1	1	1	1	1
UHM1073.23039_R.bin.125|k141_475898_16	C288	1	1	1	1	1	1	1	1	1	1	1	1	1	1
UHM1073.23039_R.bin.125|k141_475898_21	C288	1	1	1	1	1	1	1	1	1	1	1	0	1	1
UHM1073.23039_R.bin.125|k141_475898_22	C288	1	0	1	1	1	1	1	1	0	0	1	0	0	0
UHM1073.23039_R.bin.125|k141_475898_23	C288	1	0	1	1	1	0	0	0	0	0	0	0	0	0
UHM1073.23039_R.bin.125|k141_475898_24	C288	1	0	1	1	1	1	0	0	0	1	0	0	0	0
UHM1073.23039_R.bin.125|k141_475898_25	C288	1	1	1	1	1	1	1	1	1	1	1	0	1	1
UHM1073.23039_R.bin.125|k141_475898_26	C288	1	1	1	1	1	1	1	1	1	1	1	1	1	1
UHM1073.23039_R.bin.125|k141_475898_27	C288	1	1	1	1	1	1	1	1	1	1	1	0	1	1
UHM1073.23039_R.bin.125|k141_475898_28	C288	1	1	1	1	1	1	1	1	1	0	1	0	1	1
UHM1073.23039_R.bin.125|k141_475898_29	C288	1	1	1	1	1	1	1	1	1	1	1	0	1	1
UHM1073.23039_R.bin.125|k141_475898_30	C288	1	1	1	1	1	1	1	1	1	1	1	0	1	1
UHM1073.23039_R.bin.125|k141_475898_31	C288	1	1	1	1	1	1	1	1	1	1	1	0	1	1
UHM1073.23039_R.bin.125|k141_475898_32	C288	1	1	1	1	1	1	0	1	0	0	1	0	0	0
UHM1073.23039_R.bin.125|k141_475898_46	C288	1	1	1	1	1	0	0	0	0	0	0	0	0	0
UHM1073.23039_R.bin.125|k141_475898_47	C288	1	1	1	1	1	1	1	1	0	0	1	1	0	0
UHM1073.23039_R.bin.125|k141_475898_48	C288	1	1	1	1	1	1	1	1	0	0	0	1	0	0
UHM1073.23039_R.bin.125|k141_475898_49	C288	1	1	1	1	1	1	1	1	0	0	1	0	0	0
UHM1073.23039_R.bin.125|k141_475898_50	C288	1	1	1	1	1	1	1	1	0	1	1	1	0	1
UHM1073.23039_R.bin.125|k141_475898_51	C288	1	1	1	1	1	1	1	1	1	1	1	1	1	1
UHM1073.23039_R.bin.125|k141_475898_55	C288	1	1	1	1	0	0	0	0	0	1	0	0	0	0
UHM1073.23039_R.bin.125|k141_475898_56	C288	1	1	1	1	0	1	0	1	0	0	0	0	0	0
UHM1073.23039_R.bin.125|k141_475898_57	C288	1	1	1	1	1	0	0	0	0	0	0	0	0	0
UHM1073.23039_R.bin.125|k141_475898_58	C288	1	1	1	1	1	0	1	0	0	0	1	1	0	0
UHM1073.23039_R.bin.125|k141_475898_62	C288	1	1	1	1	0	1	0	0	0	0	1	0	0	0
UHM1073.23039_R.bin.125|k141_475898_63	C288	1	1	1	1	1	1	1	0	0	0	0	0	0	0
UHM1073.23039_R.bin.125|k141_475898_64	C288	1	1	1	1	1	1	1	1	1	1	1	1	1	1
UHM1073.23039_R.bin.125|k141_475898_67	C288	1	1	1	1	1	1	0	0	0	0	0	0	0	1
UHM1073.23039_R.bin.125|k141_475898_69	C288	1	1	1	1	1	1	1	0	0	0	0	1	0	0
UHM1073.23039_R.bin.125|k141_475898_70	C288	1	1	1	1	1	1	1	1	1	1	1	1	1	1
UHM1073.23039_R.bin.125|k141_475898_71	C288	1	1	1	1	1	1	1	1	1	0	1	1	0	1
UHM1073.23039_R.bin.125|k141_475898_73	C288	1	1	1	1	1	1	1	1	1	1	1	1	1	1
UHM1073.23039_R.bin.125|k141_475898_76	C288	1	1	1	1	1	1	1	1	1	1	0	0	1	1
UHM1073.23039_R.bin.125|k141_475898_77	C288	1	1	1	1	0	1	0	0	0	0	0	1	0	0
UHM1073.23039_R.bin.125|k141_475898_78	C288	1	1	1	1	1	1	1	1	1	1	1	1	1	1
UHM1073.23039_R.bin.125|k141_475898_80	C288	1	1	1	1	1	1	1	1	1	1	1	1	1	1
UHM1073.23039_R.bin.125|k141_475898_81	C288	1	1	1	1	1	1	1	1	1	1	1	0	1	1
UHM1073.23039_R.bin.125|k141_475898_82	C288	1	1	1	1	1	1	1	1	1	1	1	0	1	1
UHM1073.23039_R.bin.125|k141_475898_83	C288	1	1	1	1	1	1	1	1	1	1	1	0	1	1
UHM1073.23039_R.bin.125|k141_475898_84	C288	1	1	1	1	1	1	1	1	1	1	1	0	1	1
UHM1073.23039_R.bin.125|k141_475898_85	C288	1	1	1	1	1	1	1	1	1	1	1	0	1	1
UHM1073.23039_R.bin.125|k141_475898_86	C288	1	1	1	1	1	1	1	1	1	1	1	0	1	1
UHM1073.23039_R.bin.125|k141_475898_87	C288	1	1	1	1	1	1	1	1	1	1	0	0	1	1
UHM1073.23039_R.bin.125|k141_475898_88	C288	1	1	1	1	1	1	1	1	1	1	0	0	1	1
UHM1073.23039_R.bin.125|k141_475898_89	C288	1	1	1	1	1	1	1	1	1	1	0	0	1	1
UHM1073.23039_R.bin.125|k141_475898_90	C288	1	1	1	1	1	1	1	1	1	1	0	0	1	1
UHM1073.23039_R.bin.125|k141_475898_92	C288	1	1	1	1	1	1	1	1	1	1	1	1	1	1
UHM1073.23039_R.bin.125|k141_475898_93	C288	1	1	1	1	0	1	1	0	1	1	0	0	1	1
UHM1073.23039_R.bin.125|k141_475898_94	C288	1	1	1	1	0	1	1	0	1	0	1	1	0	1
UHM1073.23039_R.bin.125|k141_334212_1	C288	1	1	1	1	0	0	0	0	1	0	0	0	1	1
UHM1073.23039_R.bin.125|k141_334212_4	C288	1	1	1	1	1	1	1	1	0	1	1	1	1	1
UHM1073.23039_R.bin.125|k141_334212_5	C288	1	1	1	1	1	1	1	1	1	1	1	1	1	1
UHM1073.23039_R.bin.125|k141_334212_6	C288	1	1	1	1	0	0	0	1	1	1	0	0	1	1
UHM1073.23039_R.bin.125|k141_334212_8	C288	1	1	1	1	0	1	0	0	0	0	0	0	0	0
UHM1073.23039_R.bin.125|k141_334212_10	C288	1	1	1	1	1	1	1	1	1	1	1	1	1	1
UHM1073.23039_R.bin.125|k141_334212_11	C288	1	1	1	1	1	1	1	0	1	1	1	1	1	1
UHM1073.23039_R.bin.125|k141_334212_12	C288	1	1	1	1	0	1	0	0	1	0	0	0	0	0
UHM1073.23039_R.bin.125|k141_334212_16	C288	1	1	1	1	1	1	1	1	1	1	1	1	1	1
UHM1073.23039_R.bin.125|k141_334212_17	C288	1	1	1	1	1	1	1	1	1	1	1	1	1	1
UHM1073.23039_R.bin.125|k141_334212_18	C288	1	1	1	1	1	1	1	1	1	0	1	1	1	1
UHM1073.23039_R.bin.125|k141_334212_19	C288	1	1	1	1	1	1	1	1	1	1	0	1	0	1
UHM1073.23039_R.bin.125|k141_334212_20	C288	1	1	1	1	1	1	1	1	1	1	1	1	1	1
UHM1073.23039_R.bin.125|k141_334212_21	C288	1	1	1	1	1	1	1	1	1	1	1	1	1	1
UHM1073.23039_R.bin.125|k141_334212_22	C288	1	1	1	1	1	1	1	1	1	1	1	1	1	1
UHM1073.23039_R.bin.125|k141_334212_23	C288	1	1	1	0	1	1	0	1	1	1	1	1	1	1
UHM1073.23039_R.bin.125|k141_334212_24	C288	1	1	1	0	1	0	0	0	0	0	0	0	0	0
UHM1073.23039_R.bin.125|k141_334212_29	C288	1	1	1	1	1	1	0	1	1	0	0	0	0	1
UHM1073.23039_R.bin.125|k141_334212_30	C288	1	1	1	1	0	1	0	0	0	0	0	1	0	0
UHM1073.23039_R.bin.125|k141_334212_31	C288	1	1	1	1	1	1	1	1	1	1	1	1	1	1
UHM1073.23039_R.bin.125|k141_334212_32	C288	1	1	1	1	1	1	1	1	1	1	0	1	1	1
UHM1073.23039_R.bin.125|k141_334212_33	C288	1	1	1	1	1	1	1	1	1	0	1	1	1	1
UHM1073.23039_R.bin.125|k141_114434_6	C288	1	1	1	1	1	1	0	1	1	1	0	1	0	1
UHM1073.23039_R.bin.125|k141_114434_7	C288	1	0	1	1	0	0	1	0	1	1	0	0	1	1
UHM1073.23039_R.bin.125|k141_114434_9	C288	1	1	1	0	0	0	1	0	1	0	0	0	1	1
UHM1073.23039_R.bin.125|k141_114434_10	C288	1	1	1	0	0	0	1	0	1	0	0	0	1	1
UHM1073.23039_R.bin.125|k141_114434_12	C288	1	1	1	1	1	0	1	1	1	1	1	1	1	1
UHM1073.23039_R.bin.125|k141_114434_13	C288	1	1	1	1	1	0	1	1	1	1	0	1	1	1
UHM1073.23039_R.bin.125|k141_114434_14	C288	1	1	1	1	1	1	1	1	1	1	1	1	1	1
UHM1073.23039_R.bin.125|k141_114434_15	C288	1	1	1	1	1	1	1	0	1	1	0	1	0	1
UHM1073.23039_R.bin.125|k141_114434_16	C288	1	1	1	1	1	1	0	0	0	0	0	0	0	0
UHM1073.23039_R.bin.125|k141_114434_17	C288	1	1	1	1	1	1	1	1	1	0	1	1	1	1
UHM1073.23039_R.bin.125|k141_114434_18	C288	1	1	1	1	1	1	0	0	0	0	0	0	0	0
UHM1073.23039_R.bin.125|k141_114434_19	C288	1	1	1	1	0	0	1	0	1	1	0	1	1	0
UHM1073.23039_R.bin.125|k141_32380_2	C288	1	1	1	1	1	1	1	1	1	1	1	0	1	1
UHM1073.23039_R.bin.125|k141_32380_9	C288	1	1	1	1	1	1	1	1	1	1	1	1	1	1
UHM1073.23039_R.bin.125|k141_32380_10	C288	1	1	1	1	1	1	1	1	1	1	1	1	1	1
UHM1073.23039_R.bin.125|k141_32380_11	C288	1	1	1	1	1	1	1	1	1	1	1	1	1	1
UHM1073.23039_R.bin.125|k141_32380_12	C288	1	1	1	1	1	1	0	1	0	0	0	1	0	0
UHM1073.23039_R.bin.125|k141_32380_13	C288	1	1	1	1	1	1	0	1	1	1	1	1	1	1
UHM1073.23039_R.bin.125|k141_32380_14	C288	1	1	1	1	1	1	0	1	1	1	1	1	1	1
UHM1073.23039_R.bin.125|k141_32380_15	C288	1	1	1	1	1	1	0	1	1	1	1	1	0	1
UHM1073.23039_R.bin.125|k141_32380_16	C288	1	1	1	1	1	1	1	1	0	0	1	1	0	0
UHM1073.23039_R.bin.125|k141_32380_19	C288	1	1	1	1	1	1	1	1	1	1	1	1	1	1
UHM1073.23039_R.bin.125|k141_32380_25	C288	1	1	1	1	1	0	1	1	1	1	0	0	0	1
UHM1073.23039_R.bin.125|k141_32380_27	C288	1	1	1	1	1	1	1	1	1	1	1	1	1	1
UHM1073.23039_R.bin.125|k141_32380_28	C288	1	1	1	1	0	1	0	1	1	1	1	1	1	1
UHM1073.23039_R.bin.125|k141_32380_29	C288	1	1	1	1	1	0	1	1	0	0	1	1	0	0
UHM1073.23039_R.bin.125|k141_32380_30	C288	1	1	1	1	1	1	0	1	0	0	0	0	0	0
UHM1073.23039_R.bin.125|k141_32380_35	C288	1	1	1	1	1	1	0	1	1	1	1	0	1	1
UHM1073.23039_R.bin.125|k141_32380_36	C288	1	1	1	1	1	1	0	1	1	1	1	0	1	1
UHM1073.23039_R.bin.125|k141_32380_38	C288	1	1	1	1	0	0	1	0	0	0	1	0	0	0
UHM1073.23039_R.bin.125|k141_32380_39	C288	1	1	1	1	0	0	1	0	0	0	1	0	0	0
UHM1073.23039_R.bin.125|k141_32380_40	C288	1	1	1	1	1	1	1	1	1	1	1	1	1	1
UHM1073.23039_R.bin.125|k141_32380_41	C288	1	1	1	1	1	1	1	1	1	1	1	1	1	1
UHM1073.23039_R.bin.125|k141_32380_42	C288	1	1	1	1	1	1	1	1	1	1	1	1	1	1
UHM1073.23039_R.bin.125|k141_32380_43	C288	1	1	1	1	1	1	1	1	1	1	1	1	0	1
UHM1073.23039_R.bin.125|k141_32380_44	C288	1	1	1	1	1	1	1	1	1	1	1	1	1	1
UHM1073.23039_R.bin.125|k141_32380_45	C288	1	1	1	1	1	1	0	1	1	1	0	1	1	1
UHM1073.23039_R.bin.125|k141_32380_46	C288	1	1	1	1	1	1	0	1	0	0	0	0	1	0
UHM1073.23039_R.bin.125|k141_32380_47	C288	1	1	1	1	1	1	1	1	1	1	0	1	1	1
UHM1073.23039_R.bin.125|k141_32380_48	C288	1	1	1	1	1	1	1	1	1	1	0	1	1	1
UHM1073.23039_R.bin.125|k141_32380_51	C288	1	1	1	1	1	1	0	1	1	0	0	1	0	0
UHM1073.23039_R.bin.125|k141_32380_53	C288	1	1	1	1	1	1	1	1	0	1	1	1	1	1
UHM1073.23039_R.bin.125|k141_32380_54	C288	1	1	1	1	1	1	1	1	1	1	0	1	0	1
UHM1073.23039_R.bin.125|k141_32380_55	C288	1	1	1	1	1	1	1	1	1	1	1	1	1	1
UHM1073.23039_R.bin.125|k141_32380_56	C288	1	1	1	1	1	1	0	0	0	0	0	0	0	0
UHM1073.23039_R.bin.125|k141_32380_57	C288	1	1	1	1	1	1	1	1	1	0	1	1	1	1
UHM1073.23039_R.bin.125|k141_32380_58	C288	1	1	1	1	1	1	1	1	1	1	1	1	1	1
UHM1073.23039_R.bin.125|k141_32380_59	C288	1	1	1	1	1	1	1	1	1	1	1	1	1	1
UHM1073.23039_R.bin.125|k141_32380_61	C288	1	1	1	1	1	1	1	1	1	0	0	1	1	1
UHM1073.23039_R.bin.125|k141_32380_62	C288	1	1	1	1	1	0	0	1	0	0	0	0	0	0
UHM1073.23039_R.bin.125|k141_32380_63	C288	1	1	1	1	1	1	1	1	1	1	1	1	1	1
UHM1073.23039_R.bin.125|k141_32380_64	C288	1	1	1	1	1	1	1	1	1	1	1	1	1	1
UHM1073.23039_R.bin.125|k141_32380_65	C288	1	1	1	1	1	1	1	1	1	1	1	1	1	1
UHM1073.23039_R.bin.125|k141_32380_66	C288	1	1	1	1	1	1	1	1	1	1	1	1	1	1
UHM1073.23039_R.bin.125|k141_32380_67	C288	1	1	1	1	1	1	1	1	0	0	1	1	0	0
UHM1073.23039_R.bin.125|k141_32380_68	C288	1	1	1	1	1	1	1	1	1	1	1	1	1	1
UHM1073.23039_R.bin.125|k141_32380_69	C288	1	1	1	1	1	1	1	1	1	1	0	1	1	1
UHM1073.23039_R.bin.125|k141_32380_70	C288	1	1	1	1	1	1	1	0	0	0	1	0	0	0
UHM1073.23039_R.bin.125|k141_32380_71	C288	1	1	1	1	1	1	1	1	1	1	1	1	1	1
UHM1073.23039_R.bin.125|k141_32380_72	C288	1	1	1	1	1	1	1	1	0	0	1	1	0	0
UHM1073.23039_R.bin.125|k141_32380_77	C288	1	1	1	1	0	0	0	1	0	0	0	0	0	0
UHM1073.23039_R.bin.125|k141_32380_78	C288	1	1	1	1	0	0	0	0	0	0	0	0	0	0
UHM1073.23039_R.bin.125|k141_32380_79	C288	1	1	1	1	1	1	0	0	1	1	1	0	1	0
UHM1073.23039_R.bin.125|k141_32380_83	C288	1	1	1	1	1	0	1	0	1	1	1	1	0	1
UHM1073.23039_R.bin.125|k141_32380_84	C288	1	1	1	1	1	1	1	1	1	1	0	1	1	1
UHM1073.23039_R.bin.125|k141_32380_85	C288	1	0	1	1	1	1	0	1	1	1	0	1	1	1
UHM1073.23039_R.bin.125|k141_32380_87	C288	1	1	1	1	1	1	0	1	1	1	1	1	1	1
UHM1073.23039_R.bin.125|k141_32380_89	C288	1	1	1	1	1	1	1	1	0	0	0	1	0	0
UHM1073.23039_R.bin.125|k141_32380_90	C288	1	1	1	1	1	1	1	1	1	1	1	1	1	1
UHM1073.23039_R.bin.125|k141_32380_91	C288	1	1	1	1	1	1	1	1	1	1	1	1	1	1
UHM1073.23039_R.bin.125|k141_32380_93	C288	1	1	1	1	1	1	1	0	0	0	1	1	0	0
UHM1073.23039_R.bin.125|k141_32380_96	C288	1	1	1	1	1	1	1	1	0	1	1	1	0	1
UHM1073.23039_R.bin.125|k141_32380_100	C288	1	1	1	1	1	1	1	1	1	1	1	1	1	1
UHM1073.23039_R.bin.125|k141_32380_101	C288	1	1	1	1	0	1	0	0	0	0	0	0	0	0
UHM1073.23039_R.bin.125|k141_32380_102	C288	1	1	1	1	1	1	1	1	1	1	1	1	1	1
UHM1073.23039_R.bin.125|k141_32380_103	C288	1	1	1	1	1	1	1	1	1	1	1	1	1	1
UHM1073.23039_R.bin.125|k141_32380_104	C288	1	1	1	1	0	0	0	1	1	1	0	0	0	1
UHM1073.23039_R.bin.125|k141_32380_105	C288	1	1	1	1	1	1	1	1	1	1	0	1	1	1
UHM1073.23039_R.bin.125|k141_32380_106	C288	1	1	1	1	1	1	1	1	0	0	0	1	1	1
UHM1073.23039_R.bin.125|k141_32380_107	C288	1	1	1	1	1	1	1	1	1	1	1	1	1	1
UHM1073.23039_R.bin.125|k141_32380_109	C288	1	1	1	1	1	1	1	1	1	1	1	1	1	1
UHM1073.23039_R.bin.125|k141_32380_112	C288	1	1	1	1	1	1	1	1	1	1	1	1	0	1
UHM1073.23039_R.bin.125|k141_32380_113	C288	1	1	1	1	1	1	1	1	1	1	1	1	1	1
UHM1073.23039_R.bin.125|k141_32380_114	C288	1	1	1	1	1	1	1	1	1	1	1	1	1	1
UHM1073.23039_R.bin.125|k141_32380_115	C288	1	1	1	1	0	1	1	1	1	1	1	1	1	1
UHM1073.23039_R.bin.125|k141_32380_116	C288	1	1	1	1	0	0	0	0	0	0	0	0	0	0
UHM1073.23039_R.bin.125|k141_32380_118	C288	1	1	1	1	1	1	1	1	1	1	1	1	0	0
UHM1073.23039_R.bin.125|k141_32380_119	C288	1	1	1	1	1	1	1	1	1	1	1	1	0	1
UHM1073.23039_R.bin.125|k141_32380_120	C288	1	1	1	1	1	1	1	1	1	1	1	1	0	1
UHM1073.23039_R.bin.125|k141_32380_121	C288	1	1	1	1	1	1	1	1	1	1	1	1	1	1
UHM1073.23039_R.bin.125|k141_32380_124	C288	1	1	1	1	1	1	1	0	0	0	1	1	1	0
UHM1073.23039_R.bin.125|k141_32380_125	C288	1	1	1	1	1	1	1	0	0	0	1	1	1	0
UHM1073.23039_R.bin.125|k141_32380_126	C288	1	1	1	1	1	1	1	0	0	0	1	1	1	0
UHM1073.23039_R.bin.125|k141_32380_127	C288	1	1	1	1	1	1	1	1	1	1	0	1	1	1
UHM1073.23039_R.bin.125|k141_32380_128	C288	1	1	1	1	1	1	1	1	1	1	0	1	1	1
UHM1073.23039_R.bin.125|k141_32380_129	C288	1	1	1	1	1	1	1	1	1	1	0	1	1	1
UHM1073.23039_R.bin.125|k141_32380_130	C288	1	1	1	1	1	1	1	1	1	1	1	1	1	1
UHM1073.23039_R.bin.125|k141_32380_132	C288	1	1	1	1	0	1	1	1	1	1	1	0	1	1
UHM1073.23039_R.bin.125|k141_32380_134	C288	1	1	1	1	1	1	1	1	1	1	1	1	1	1
UHM1073.23039_R.bin.125|k141_32380_140	C288	1	1	1	1	1	1	0	0	0	0	1	0	0	0
UHM1073.23039_R.bin.125|k141_32380_144	C288	1	1	1	1	1	1	1	1	1	1	1	1	1	1
UHM1073.23039_R.bin.125|k141_32380_145	C288	1	1	1	1	1	1	1	1	1	1	1	1	1	1
UHM1073.23039_R.bin.125|k141_32380_146	C288	1	1	1	1	1	1	1	1	1	1	1	1	1	1
UHM1073.23039_R.bin.125|k141_32380_147	C288	1	1	1	1	1	0	1	0	0	0	0	0	0	0
UHM1073.23039_R.bin.125|k141_32380_148	C288	1	1	1	1	1	1	1	1	1	1	1	1	1	1
UHM1073.23039_R.bin.125|k141_32380_149	C288	1	1	1	1	1	1	1	1	1	1	0	1	1	1
UHM1073.23039_R.bin.125|k141_519366_3	C288	1	1	1	1	0	1	0	0	0	0	1	0	0	0
UHM1073.23039_R.bin.125|k141_519366_4	C288	1	1	1	1	0	0	0	1	0	0	0	0	0	0
UHM1073.23039_R.bin.125|k141_519366_8	C288	1	1	1	1	0	0	1	1	1	1	1	0	1	1
UHM1073.23039_R.bin.125|k141_519366_10	C288	1	1	1	1	1	1	1	1	1	1	1	0	1	1
UHM1073.23039_R.bin.125|k141_519366_11	C288	1	1	1	1	1	1	1	0	0	0	1	1	1	0
UHM1073.23039_R.bin.125|k141_519366_12	C288	1	1	1	1	1	1	1	0	1	0	1	1	1	1
UHM1073.23039_R.bin.125|k141_519366_13	C288	1	1	1	1	1	1	1	1	1	1	1	1	1	1
UHM1073.23039_R.bin.125|k141_519366_14	C288	1	1	1	1	1	1	0	1	1	1	0	0	0	1
UHM1073.23039_R.bin.125|k141_519366_15	C288	1	1	1	1	0	1	1	1	1	1	0	0	1	1
UHM1073.23039_R.bin.125|k141_519366_16	C288	1	1	1	1	0	1	1	0	1	1	0	0	1	1
UHM1073.23039_R.bin.125|k141_519366_17	C288	1	1	1	1	1	1	1	0	0	0	1	1	1	1
UHM1073.23039_R.bin.125|k141_519366_18	C288	1	1	1	1	1	1	1	1	1	1	1	1	1	1
UHM1073.23039_R.bin.125|k141_519366_19	C288	1	1	1	1	1	0	0	0	0	0	0	0	0	0
UHM1073.23039_R.bin.125|k141_519366_21	C288	1	1	1	1	1	1	0	1	1	1	0	1	1	1
UHM1073.23039_R.bin.125|k141_519366_27	C288	1	1	1	1	1	1	1	0	0	0	1	0	0	1
UHM1073.23039_R.bin.125|k141_197029_1	C288	1	1	1	1	1	1	0	1	0	0	1	0	1	1
UHM1073.23039_R.bin.125|k141_197029_5	C288	1	1	1	1	1	1	1	1	1	1	1	1	1	1
UHM1073.23039_R.bin.125|k141_197029_6	C288	1	1	1	1	1	1	1	1	0	0	0	0	0	0
UHM1073.23039_R.bin.125|k141_197029_7	C288	1	1	1	1	0	1	1	1	1	1	1	1	1	1
UHM1073.23039_R.bin.125|k141_197029_8	C288	1	1	1	1	1	1	1	1	1	1	1	1	1	1
UHM1073.23039_R.bin.125|k141_197029_9	C288	1	1	1	1	1	1	0	1	1	1	0	1	1	1
UHM1073.23039_R.bin.125|k141_197029_10	C288	1	1	1	1	1	1	1	1	1	1	0	1	1	1
UHM1073.23039_R.bin.125|k141_197029_12	C288	1	1	1	1	0	1	0	0	0	0	0	0	0	0
UHM1073.23039_R.bin.125|k141_197029_13	C288	1	1	1	1	1	1	1	1	0	0	1	1	0	0
UHM1073.23039_R.bin.125|k141_197029_14	C288	1	0	1	1	1	1	1	1	1	1	0	1	1	1
UHM1073.23039_R.bin.125|k141_197029_15	C288	1	1	1	1	1	0	0	1	0	0	1	1	0	0
UHM1073.23039_R.bin.125|k141_197029_17	C288	1	1	1	1	1	1	1	1	0	0	1	1	0	0
UHM1073.23039_R.bin.125|k141_197029_18	C288	1	1	1	1	1	1	1	1	1	1	1	1	1	1
UHM1073.23039_R.bin.125|k141_197029_19	C288	1	1	1	1	1	1	1	1	1	1	1	1	1	1
UHM1073.23039_R.bin.125|k141_197029_21	C288	1	1	1	1	1	1	1	1	1	1	1	1	1	1
UHM1073.23039_R.bin.125|k141_197029_22	C288	1	1	1	1	1	1	1	1	1	1	1	1	1	1
UHM1073.23039_R.bin.125|k141_197029_23	C288	1	1	1	1	1	1	1	1	1	1	1	1	1	1
UHM1073.23039_R.bin.125|k141_197029_24	C288	1	1	1	1	1	1	1	1	1	1	1	1	1	1
UHM1073.23039_R.bin.125|k141_197029_25	C288	1	1	1	1	1	1	1	1	1	1	1	1	1	1
UHM1073.23039_R.bin.125|k141_197029_26	C288	1	1	1	1	1	1	1	1	1	1	1	1	1	1
UHM1073.23039_R.bin.125|k141_197029_27	C288	1	0	1	1	1	1	1	1	0	0	1	1	0	0
UHM1073.23039_R.bin.125|k141_197029_29	C288	1	0	1	0	0	0	0	0	0	0	0	0	0	0
UHM1073.23039_R.bin.125|k141_197029_36	C288	1	0	1	0	0	0	0	0	0	0	0	0	0	0
UHM1073.23039_R.bin.125|k141_197029_37	C288	1	0	1	0	0	0	0	0	0	0	0	0	0	0
UHM1073.23039_R.bin.125|k141_197029_47	C288	1	0	1	0	0	0	0	0	0	0	0	0	0	0
UHM1073.23039_R.bin.125|k141_197029_53	C288	1	0	1	0	0	0	0	0	0	0	0	0	0	0
UHM1073.23039_R.bin.125|k141_197029_59	C288	1	0	1	0	0	0	0	0	0	1	0	0	0	0
UHM1073.23039_R.bin.125|k141_197029_63	C288	1	0	1	0	0	0	0	0	0	0	0	0	0	0
UHM1073.23039_R.bin.125|k141_197029_71	C288	1	0	1	1	0	1	1	0	0	0	0	0	1	0
UHM1073.23039_R.bin.125|k141_197029_72	C288	1	1	1	1	1	1	1	0	0	0	0	0	1	1
UHM1073.23039_R.bin.125|k141_197029_73	C288	1	1	1	1	0	1	1	0	0	0	0	0	1	0
UHM1073.23039_R.bin.125|k141_197029_78	C288	1	1	1	1	1	1	0	0	0	0	0	0	0	0
UHM1073.23039_R.bin.125|k141_197029_79	C288	1	1	1	1	1	1	1	1	1	1	1	1	1	1
UHM1073.23039_R.bin.125|k141_197029_80	C288	1	1	1	1	1	1	1	1	1	1	1	1	1	1
UHM1073.23039_R.bin.125|k141_197029_81	C288	1	1	1	1	0	0	0	0	0	0	1	0	0	1
UHM1073.23039_R.bin.125|k141_624127_3	C288	1	1	1	0	0	1	0	0	0	0	0	0	0	0
UHM1073.23039_R.bin.125|k141_624127_4	C288	1	1	1	0	0	1	0	0	0	0	0	0	0	0
UHM1073.23039_R.bin.125|k141_624127_10	C288	1	1	1	1	0	0	0	0	0	0	1	0	0	0
UHM1073.23039_R.bin.125|k141_624127_15	C288	1	1	1	1	1	1	1	0	0	0	1	1	0	0
UHM1073.23039_R.bin.125|k141_624127_16	C288	1	1	1	1	0	1	0	0	0	0	0	0	1	1
UHM1073.23039_R.bin.125|k141_624127_18	C288	1	1	1	1	1	1	0	0	0	0	0	0	1	1
UHM1073.23039_R.bin.125|k141_624127_19	C288	1	1	1	1	1	1	0	1	1	0	1	1	1	1
UHM1073.23039_R.bin.125|k141_624127_20	C288	1	1	1	1	1	1	0	0	0	0	0	0	0	0
UHM1073.23039_R.bin.125|k141_624127_22	C288	1	1	1	1	1	1	1	0	0	0	1	1	0	0
UHM1073.23039_R.bin.125|k141_624127_23	C288	1	1	1	1	0	0	0	0	0	0	0	0	0	0
UHM1073.23039_R.bin.125|k141_624127_24	C288	1	1	1	1	0	1	1	1	0	1	1	1	0	0
UHM1073.23039_R.bin.125|k141_624127_25	C288	1	1	1	1	1	1	0	1	0	0	1	1	0	0
UHM1073.23039_R.bin.125|k141_624127_27	C288	1	1	1	1	1	1	1	1	1	1	0	1	1	1
UHM1073.23039_R.bin.125|k141_624127_28	C288	1	1	1	1	1	1	1	1	1	1	1	1	1	1
UHM1073.23039_R.bin.125|k141_624127_31	C288	1	1	1	1	1	1	1	1	1	1	1	1	1	1
UHM1073.23039_R.bin.125|k141_624127_32	C288	1	1	1	1	1	1	1	1	1	1	1	1	1	1
UHM1073.23039_R.bin.125|k141_624127_33	C288	1	1	1	1	1	1	0	1	1	1	1	1	1	1
UHM1073.23039_R.bin.125|k141_624127_34	C288	1	1	1	1	1	1	0	1	1	1	1	1	1	1
UHM1073.23039_R.bin.125|k141_624127_35	C288	1	1	1	1	1	1	0	1	1	1	0	1	1	1
UHM1073.23039_R.bin.125|k141_624127_37	C288	1	1	1	1	1	1	1	1	1	1	0	1	1	1
UHM1073.23039_R.bin.125|k141_624127_38	C288	1	1	1	1	1	1	1	1	1	1	1	1	1	1
UHM1073.23039_R.bin.125|k141_624127_40	C288	1	1	1	1	1	1	0	0	0	0	0	0	0	0
UHM1073.23039_R.bin.125|k141_624127_41	C288	1	1	1	1	1	1	1	1	1	1	1	1	1	1
UHM1073.23039_R.bin.125|k141_624127_42	C288	1	1	1	1	0	1	1	1	1	1	0	1	1	1
UHM1073.23039_R.bin.125|k141_624127_43	C288	1	1	1	1	1	1	1	1	1	1	0	1	1	1
UHM1073.23039_R.bin.125|k141_624127_44	C288	1	1	1	1	1	1	1	1	1	1	1	1	1	1
UHM1073.23039_R.bin.125|k141_624127_45	C288	1	1	1	1	1	1	1	1	1	1	1	1	1	1
UHM1073.23039_R.bin.125|k141_624127_46	C288	1	1	1	1	1	1	0	1	0	0	1	1	0	0
UHM1073.23039_R.bin.125|k141_624127_47	C288	1	1	1	1	1	1	0	0	0	0	1	1	0	0
UHM1073.23039_R.bin.125|k141_624127_48	C288	1	1	1	1	0	0	0	0	0	0	0	0	0	0
UHM1073.23039_R.bin.125|k141_624127_49	C288	1	1	1	1	1	1	0	0	0	0	0	0	0	0
UHM1073.23039_R.bin.125|k141_624127_50	C288	1	1	1	1	1	1	1	1	0	0	0	1	0	0
UHM1073.23039_R.bin.125|k141_624127_51	C288	1	1	1	1	0	0	1	0	0	0	1	1	0	0
UHM1073.23039_R.bin.125|k141_624127_52	C288	1	1	1	1	1	1	1	1	0	0	1	1	0	0
UHM1073.23039_R.bin.125|k141_624127_53	C288	1	1	1	1	1	1	1	1	1	1	1	0	1	1
UHM1073.23039_R.bin.125|k141_624127_54	C288	1	1	1	1	0	1	0	1	0	1	1	0	1	1
UHM1073.23039_R.bin.125|k141_624127_56	C288	1	1	1	1	1	1	1	1	1	1	1	1	1	1
UHM1073.23039_R.bin.125|k141_624127_57	C288	1	1	1	1	0	1	1	0	0	0	0	0	1	0
UHM1073.23039_R.bin.125|k141_624127_59	C288	1	1	1	1	1	1	0	0	0	0	0	0	0	0
UHM1073.23039_R.bin.125|k141_624127_60	C288	1	1	1	1	1	1	1	1	1	1	1	1	1	0
UHM1073.23039_R.bin.125|k141_624127_64	C288	1	1	1	1	1	1	1	1	1	1	1	1	1	1
UHM1073.23039_R.bin.125|k141_624127_65	C288	1	1	1	1	1	1	0	0	0	0	0	1	1	1
UHM1073.23039_R.bin.125|k141_624127_66	C288	1	1	1	1	1	1	1	1	1	1	1	1	1	1
UHM1073.23039_R.bin.125|k141_624127_68	C288	1	1	1	1	1	1	0	0	0	0	1	1	0	0
UHM1073.23039_R.bin.125|k141_624127_69	C288	1	1	1	1	1	1	0	0	0	0	1	1	0	0
UHM1073.23039_R.bin.125|k141_624127_70	C288	1	1	1	1	0	0	1	1	1	1	1	1	1	1
UHM1073.23039_R.bin.125|k141_58351_11	C288	1	0	1	0	0	1	0	0	0	0	0	0	0	0
UHM1073.23039_R.bin.125|k141_58351_21	C288	1	1	1	1	0	1	1	1	1	1	0	0	0	1
UHM1073.23039_R.bin.125|k141_58351_22	C288	1	0	1	1	1	1	0	1	1	0	1	1	1	1
UHM1073.23039_R.bin.125|k141_58351_23	C288	1	0	1	1	1	1	0	1	1	0	0	1	1	1
UHM1073.23039_R.bin.125|k141_58351_24	C288	1	0	1	1	1	1	0	0	0	0	0	0	0	1
UHM1073.23039_R.bin.125|k141_58351_25	C288	1	0	1	1	1	1	0	1	1	0	1	1	1	1
UHM1073.23039_R.bin.125|k141_58351_26	C288	1	1	1	1	1	1	1	1	1	0	1	1	1	1
UHM1073.23039_R.bin.125|k141_58351_27	C288	1	1	1	1	0	0	0	1	0	1	0	1	0	0
UHM1073.23039_R.bin.125|k141_58351_28	C288	1	1	1	1	1	0	1	0	0	0	1	1	0	0
UHM1073.23039_R.bin.125|k141_58351_30	C288	1	1	1	1	1	1	1	1	1	1	0	0	1	1
UHM1073.23039_R.bin.125|k141_58351_31	C288	1	1	1	1	1	1	1	1	1	1	1	1	1	1
UHM1073.23039_R.bin.125|k141_58351_32	C288	1	1	1	1	0	0	0	0	0	0	0	0	0	0
UHM1073.23039_R.bin.125|k141_58351_33	C288	1	1	1	1	1	0	1	1	1	1	1	1	1	1
UHM1073.23039_R.bin.125|k141_58351_40	C288	1	1	1	1	1	1	0	1	1	1	0	0	0	1
UHM1073.23039_R.bin.125|k141_58351_41	C288	1	1	1	1	1	1	1	1	1	1	1	1	1	1
UHM1073.23039_R.bin.125|k141_58351_43	C288	1	1	1	1	1	1	0	0	0	0	0	0	0	0
UHM1073.23039_R.bin.125|k141_58351_44	C288	1	1	1	1	1	1	1	1	0	0	1	1	0	0
UHM1073.23039_R.bin.125|k141_58351_45	C288	1	1	1	1	1	1	1	1	1	1	1	1	1	1
UHM1073.23039_R.bin.125|k141_58351_46	C288	1	1	1	1	1	1	1	1	1	1	1	1	1	1
UHM1073.23039_R.bin.125|k141_58351_49	C288	1	0	1	0	1	0	1	1	1	1	1	1	0	1
UHM1073.23039_R.bin.125|k141_58351_50	C288	1	1	1	1	1	0	1	0	0	0	1	1	0	0
UHM1073.23039_R.bin.125|k141_58351_53	C288	1	1	1	1	1	1	1	1	1	1	0	1	0	0
UHM1073.23039_R.bin.125|k141_58351_54	C288	1	1	1	1	1	1	1	0	1	1	1	1	1	1
UHM1073.23039_R.bin.125|k141_58351_55	C288	1	1	1	1	1	1	1	1	0	1	0	1	1	1
UHM1073.23039_R.bin.125|k141_58351_56	C288	1	1	1	1	1	1	1	1	1	1	1	1	1	1
UHM1073.23039_R.bin.125|k141_58351_63	C288	1	1	1	1	1	1	0	1	0	0	1	0	0	1
UHM1073.23039_R.bin.125|k141_58351_66	C288	1	1	1	1	1	1	1	1	0	0	1	1	0	0
UHM1073.23039_R.bin.125|k141_58351_67	C288	1	1	1	1	0	1	1	0	1	1	1	1	0	1
UHM1073.23039_R.bin.125|k141_58351_68	C288	1	1	1	1	1	1	0	1	1	1	1	1	1	1
UHM1073.23039_R.bin.125|k141_58351_69	C288	1	1	1	1	1	1	1	1	1	1	1	1	1	1
UHM1073.23039_R.bin.125|k141_58351_70	C288	1	1	1	1	1	0	0	1	0	0	1	1	0	1
UHM1073.23039_R.bin.125|k141_58351_73	C288	1	1	1	1	1	1	1	1	1	1	1	1	1	1
UHM1073.23039_R.bin.125|k141_58351_74	C288	1	1	1	1	1	1	1	1	1	1	1	1	1	1
UHM1073.23039_R.bin.125|k141_58351_76	C288	1	1	1	1	1	0	0	0	0	0	0	0	0	0
UHM1073.23039_R.bin.125|k141_58351_77	C288	1	1	1	1	1	1	0	0	0	0	0	0	0	0
UHM1073.23039_R.bin.125|k141_58351_78	C288	1	1	1	1	1	1	1	1	1	1	1	1	1	1
UHM1073.23039_R.bin.125|k141_58351_79	C288	1	1	1	1	1	1	1	1	1	1	1	1	1	1
UHM1073.23039_R.bin.125|k141_58351_80	C288	1	1	1	1	1	1	0	1	1	1	1	1	1	1
UHM1073.23039_R.bin.125|k141_58351_81	C288	1	1	1	1	1	1	1	1	0	0	1	1	0	0
UHM1073.23039_R.bin.125|k141_200691_1	C288	1	1	1	0	1	1	0	0	0	0	0	0	0	0
UHM1073.23039_R.bin.125|k141_200691_2	C288	1	1	1	1	1	1	1	1	1	1	0	0	1	1
UHM1073.23039_R.bin.125|k141_200691_3	C288	1	1	1	1	1	1	1	1	1	1	1	1	1	1
UHM1073.23039_R.bin.125|k141_200691_4	C288	1	1	1	1	0	1	1	1	0	0	1	1	0	0
UHM1073.23039_R.bin.125|k141_200691_6	C288	1	1	1	1	1	1	1	1	1	1	1	1	1	1
UHM1073.23039_R.bin.125|k141_200691_7	C288	1	1	1	1	1	1	1	1	1	1	0	1	1	1
UHM1073.23039_R.bin.125|k141_200691_8	C288	1	1	1	1	1	1	1	1	1	0	0	1	1	1
UHM1073.23039_R.bin.125|k141_200691_9	C288	1	1	1	1	1	1	1	1	1	0	0	1	1	1
UHM1073.23039_R.bin.125|k141_200691_11	C288	1	1	1	1	1	1	1	0	0	0	0	1	0	0
UHM1073.23039_R.bin.125|k141_200691_12	C288	1	1	1	1	1	1	1	1	1	1	1	1	1	1
UHM1073.23039_R.bin.125|k141_200691_13	C288	1	1	1	1	1	1	1	1	1	1	1	1	1	1
UHM1073.23039_R.bin.125|k141_200691_14	C288	1	1	1	1	1	1	1	1	1	1	1	1	1	1
UHM1073.23039_R.bin.125|k141_200691_15	C288	1	1	1	1	0	1	0	0	1	1	0	0	1	1
UHM1073.23039_R.bin.125|k141_200691_16	C288	1	1	1	1	1	1	1	1	1	1	1	1	1	1
UHM1073.23039_R.bin.125|k141_200691_19	C288	1	1	1	1	1	1	1	0	1	0	1	1	1	1
UHM1073.23039_R.bin.125|k141_200691_21	C288	1	1	1	1	1	1	1	1	1	1	1	1	1	1
UHM1073.23039_R.bin.125|k141_200691_22	C288	1	1	1	1	1	1	1	1	1	1	0	1	1	1
UHM1073.23039_R.bin.125|k141_200691_23	C288	1	1	1	1	0	0	1	1	1	0	1	1	0	0
UHM1073.23039_R.bin.125|k141_200691_31	C288	1	1	1	1	1	1	0	0	0	1	0	1	0	1
UHM1073.23039_R.bin.125|k141_200691_32	C288	1	0	1	1	1	1	1	0	0	0	0	0	0	0
UHM1073.23039_R.bin.125|k141_200691_35	C288	1	0	1	0	0	0	0	0	0	0	0	1	0	1
UHM1073.23039_R.bin.125|k141_200691_38	C288	1	0	1	0	1	0	0	1	1	0	0	0	0	0
UHM1073.23039_R.bin.125|k141_200691_49	C288	1	0	1	0	1	0	0	1	1	0	0	1	0	1
UHM1073.23039_R.bin.125|k141_200691_50	C288	1	0	1	1	1	1	1	1	1	1	1	1	1	1
UHM1073.23039_R.bin.125|k141_200691_51	C288	1	0	1	1	1	1	1	1	0	0	0	1	0	0
UHM1073.23039_R.bin.125|k141_200691_52	C288	1	0	1	1	1	1	1	1	1	1	0	1	1	1
UHM1073.23039_R.bin.125|k141_200691_53	C288	1	0	1	1	1	1	1	1	0	0	0	1	0	0
UHM1073.23039_R.bin.125|k141_200691_54	C288	1	1	1	1	1	1	1	1	1	1	0	1	1	1
UHM1073.23039_R.bin.125|k141_200691_55	C288	1	0	1	1	1	1	1	1	0	0	0	1	0	0
UHM1073.23039_R.bin.125|k141_200691_57	C288	1	1	1	1	1	1	1	1	1	1	1	1	1	1
UHM1073.23039_R.bin.125|k141_200691_58	C288	1	1	1	1	0	1	1	1	0	0	1	1	0	0
UHM1073.23039_R.bin.125|k141_200691_59	C288	1	1	1	1	1	1	0	0	0	0	0	1	0	0
UHM1073.23039_R.bin.125|k141_200691_60	C288	1	1	1	1	1	1	1	1	1	1	1	1	1	1
UHM1073.23039_R.bin.125|k141_200691_61	C288	1	1	1	1	1	1	0	0	1	1	1	1	1	1
UHM1073.23039_R.bin.125|k141_200691_63	C288	1	1	1	1	1	1	1	1	1	1	1	1	1	1
UHM1073.23039_R.bin.125|k141_200691_64	C288	1	1	1	1	1	1	1	1	1	1	1	1	1	1
UHM1073.23039_R.bin.125|k141_200691_65	C288	1	1	1	1	1	1	1	1	1	1	1	1	1	1
UHM1073.23039_R.bin.125|k141_200691_66	C288	1	1	1	1	1	1	1	1	1	1	1	1	1	1
UHM1073.23039_R.bin.125|k141_200691_69	C288	1	1	1	1	1	1	0	0	0	0	0	1	1	0
UHM1073.23039_R.bin.125|k141_200691_73	C288	1	1	1	1	1	1	1	1	0	0	1	1	0	0
UHM1073.23039_R.bin.125|k141_200691_74	C288	1	1	1	1	1	1	1	1	0	0	0	0	0	0
UHM1073.23039_R.bin.125|k141_200691_75	C288	1	0	1	1	1	1	1	1	1	1	0	1	1	1
UHM1073.23039_R.bin.125|k141_200691_76	C288	1	1	1	1	1	1	0	1	1	1	1	1	1	1
UHM1073.23039_R.bin.125|k141_200691_77	C288	1	1	1	1	1	1	0	1	1	1	1	1	1	1
UHM1073.23039_R.bin.125|k141_200691_79	C288	1	1	1	1	1	1	1	1	1	1	1	1	1	1
UHM1073.23039_R.bin.125|k141_200691_80	C288	1	1	1	0	1	1	1	1	1	1	1	1	1	1
UHM1073.23039_R.bin.125|k141_200691_81	C288	1	1	1	1	1	1	1	1	1	1	0	1	1	0
UHM1073.23039_R.bin.125|k141_200691_83	C288	1	1	1	1	1	1	1	1	1	0	0	1	1	1
UHM1073.23039_R.bin.125|k141_200691_84	C288	1	1	1	1	1	1	1	1	1	1	1	1	1	1
UHM1073.23039_R.bin.125|k141_200691_85	C288	1	1	1	1	1	1	1	1	1	1	1	1	1	1
UHM1073.23039_R.bin.125|k141_200691_86	C288	1	1	1	1	1	1	1	1	1	1	1	1	1	1
UHM1073.23039_R.bin.125|k141_200691_87	C288	1	1	1	1	1	1	1	0	0	0	0	0	0	0
UHM1073.23039_R.bin.125|k141_200691_88	C288	1	1	1	1	1	1	1	1	1	1	1	1	1	1
UHM1073.23039_R.bin.125|k141_200691_89	C288	1	1	1	1	1	1	1	1	1	1	1	1	1	1
UHM1073.23039_R.bin.125|k141_200691_90	C288	1	1	1	1	1	1	0	1	1	1	1	1	1	1
UHM1073.23039_R.bin.125|k141_200691_91	C288	1	1	1	1	1	1	0	1	1	1	1	1	1	1
UHM1073.23039_R.bin.125|k141_200691_92	C288	1	1	1	1	1	1	1	1	1	1	1	1	0	1
UHM1073.23039_R.bin.125|k141_200691_93	C288	1	1	1	1	1	1	0	1	1	1	1	1	1	1
UHM1073.23039_R.bin.125|k141_200691_94	C288	1	1	1	1	1	1	0	1	1	1	1	1	1	1
UHM1073.23039_R.bin.125|k141_200691_100	C288	1	1	1	1	1	1	1	1	1	0	0	1	1	1
UHM1073.23039_R.bin.125|k141_200691_101	C288	1	1	1	1	1	1	1	1	1	1	0	1	1	1
UHM1073.23039_R.bin.125|k141_200691_103	C288	1	1	1	1	1	1	0	1	1	1	1	1	1	1
UHM1073.23039_R.bin.125|k141_200691_104	C288	1	1	1	1	1	1	0	1	1	1	1	1	1	1
UHM1073.23039_R.bin.125|k141_200691_105	C288	1	1	1	1	1	1	1	1	1	1	0	1	1	1
UHM1073.23039_R.bin.125|k141_200691_106	C288	1	1	1	1	1	1	1	1	1	1	0	1	1	1
UHM1073.23039_R.bin.125|k141_200691_107	C288	1	1	1	1	1	1	0	1	1	1	1	0	1	1
UHM1073.23039_R.bin.125|k141_200691_108	C288	1	1	1	1	1	1	1	1	1	1	1	0	1	1
UHM1073.23039_R.bin.125|k141_200691_110	C288	1	1	1	1	1	1	0	0	0	0	1	0	0	0
UHM1073.23039_R.bin.125|k141_200691_114	C288	1	1	1	1	1	1	1	1	1	1	0	1	0	1
UHM1073.23039_R.bin.125|k141_200691_115	C288	1	1	1	0	0	0	0	1	1	1	0	1	0	1
UHM1073.23039_R.bin.125|k141_200691_116	C288	1	1	1	1	1	1	1	1	1	1	1	1	1	1
UHM1073.23039_R.bin.125|k141_200691_117	C288	1	1	1	1	1	1	1	1	1	1	1	1	1	1
UHM1073.23039_R.bin.125|k141_200691_121	C288	1	1	1	1	1	1	0	1	1	1	1	1	1	1
UHM1073.23039_R.bin.125|k141_200691_122	C288	1	1	1	1	0	0	0	0	0	0	0	0	0	0
UHM1073.23039_R.bin.125|k141_200691_123	C288	1	1	1	1	1	1	1	0	1	1	0	0	0	1
UHM1073.23039_R.bin.125|k141_200691_124	C288	1	1	1	1	1	1	1	1	1	1	1	1	1	1
UHM1073.23039_R.bin.125|k141_200691_125	C288	1	1	1	1	1	1	1	1	1	1	1	1	1	1
UHM1073.23039_R.bin.125|k141_200691_126	C288	1	1	1	1	1	1	1	1	1	1	1	1	1	1
UHM1073.23039_R.bin.125|k141_200691_127	C288	1	1	1	1	1	1	1	1	1	1	0	1	1	1
UHM1073.23039_R.bin.125|k141_200691_128	C288	1	1	1	1	1	1	0	1	1	0	1	1	0	0
UHM1073.23039_R.bin.125|k141_200691_129	C288	1	1	1	1	1	1	1	1	1	1	1	1	1	1
UHM1073.23039_R.bin.125|k141_200691_130	C288	1	1	1	1	1	1	1	1	0	0	0	1	0	0
UHM1073.23039_R.bin.125|k141_200691_132	C288	1	1	1	1	1	1	1	1	1	1	1	1	1	1
UHM1073.23039_R.bin.125|k141_200691_133	C288	1	1	1	1	1	1	1	1	1	1	1	1	1	1
UHM1073.23039_R.bin.125|k141_200691_134	C288	1	1	1	1	1	1	0	0	0	0	0	0	0	0
UHM1073.23039_R.bin.125|k141_200691_136	C288	1	1	1	1	1	1	1	1	1	1	1	1	1	1
UHM1073.23039_R.bin.125|k141_200691_137	C288	1	1	1	1	1	1	1	1	1	1	1	1	1	1
UHM1073.23039_R.bin.125|k141_200691_138	C288	1	1	1	1	1	1	0	1	1	1	1	1	1	1
UHM1073.23039_R.bin.125|k141_200691_139	C288	1	1	1	1	1	1	0	1	1	1	1	1	1	1
UHM1073.23039_R.bin.125|k141_200691_140	C288	1	1	1	1	1	1	0	1	1	1	1	1	1	1
UHM1073.23039_R.bin.125|k141_200691_141	C288	1	1	1	1	1	1	1	1	1	1	1	1	1	0
UHM1073.23039_R.bin.125|k141_200691_142	C288	1	1	1	1	1	1	0	0	0	0	1	1	0	0
UHM1073.23039_R.bin.125|k141_200691_143	C288	1	1	1	1	1	1	1	1	1	1	1	1	0	0
UHM1073.23039_R.bin.125|k141_200691_144	C288	1	1	1	1	1	1	0	1	0	0	1	1	0	0
UHM1073.23039_R.bin.125|k141_200691_145	C288	1	1	1	1	1	1	1	1	1	1	1	1	1	1
UHM1073.23039_R.bin.125|k141_200691_146	C288	1	1	1	1	1	1	1	1	1	0	1	1	1	1
UHM1073.23039_R.bin.125|k141_200691_147	C288	1	1	1	1	1	1	1	1	1	1	1	1	1	1
STP248.12601_R.bin.118|k141_250692_10	C298	1	1	1	1	1	1	0	1	1	1	0	1	1	1
STP248.12601_R.bin.118|k141_250692_11	C298	1	1	1	1	1	1	0	1	1	1	0	1	1	1
STP248.12601_R.bin.118|k141_250692_12	C298	1	1	1	1	1	1	0	1	1	1	0	1	1	1
STP248.12601_R.bin.118|k141_250692_13	C298	1	1	1	1	1	1	0	1	1	1	1	1	1	1
STP248.12601_R.bin.118|k141_250692_14	C298	1	1	1	1	1	1	1	1	1	1	0	1	1	1
STP248.12601_R.bin.118|k141_250692_15	C298	1	1	1	1	1	1	1	1	1	1	1	1	1	1
STP248.12601_R.bin.118|k141_250692_16	C298	1	1	1	1	1	1	1	1	1	1	1	1	1	0
STP248.12601_R.bin.118|k141_624970_1	C298	1	1	1	1	1	1	1	1	1	1	1	1	1	1
STP248.12601_R.bin.118|k141_624970_5	C298	1	1	1	1	1	1	1	1	1	1	1	1	1	1
STP248.12601_R.bin.118|k141_624970_6	C298	1	1	1	1	1	1	1	1	1	1	1	1	1	1
STP248.12601_R.bin.118|k141_624970_7	C298	1	1	1	1	1	1	1	1	0	0	1	1	0	0
STP248.12601_R.bin.118|k141_624970_8	C298	1	1	1	1	0	1	0	1	0	1	0	1	1	0
STP248.12601_R.bin.118|k141_624970_9	C298	1	1	1	1	1	1	1	1	1	1	1	1	1	1
STP248.12601_R.bin.118|k141_624970_12	C298	1	1	1	1	1	1	1	1	1	1	1	1	1	1
STP248.12601_R.bin.118|k141_624970_14	C298	1	1	1	1	0	1	1	0	1	0	1	1	1	1
STP248.12601_R.bin.118|k141_624970_15	C298	1	1	1	1	1	1	1	1	1	1	1	1	1	1
STP248.12601_R.bin.118|k141_624970_17	C298	1	1	1	1	1	1	1	1	1	1	1	0	1	1
STP248.12601_R.bin.118|k141_624970_18	C298	1	1	1	1	1	1	1	1	1	1	1	1	1	1
STP248.12601_R.bin.118|k141_624970_21	C298	1	1	1	1	0	1	1	1	1	1	0	1	1	1
STP248.12601_R.bin.118|k141_624970_22	C298	1	1	1	1	0	1	0	0	0	0	0	0	0	0
STP248.12601_R.bin.118|k141_624970_23	C298	1	0	0	0	0	1	0	1	0	0	1	1	0	0
STP248.12601_R.bin.118|k141_624970_27	C298	1	1	1	1	1	1	1	1	1	1	1	1	1	1
STP248.12601_R.bin.118|k141_624970_28	C298	1	1	1	1	1	1	1	1	1	1	1	1	1	1
STP248.12601_R.bin.118|k141_624970_29	C298	1	1	1	1	1	1	1	1	1	1	1	1	1	1
STP248.12601_R.bin.118|k141_624970_30	C298	1	1	1	1	1	1	1	1	1	1	1	1	1	1
STP248.12601_R.bin.118|k141_624970_31	C298	1	1	1	1	1	1	0	1	1	1	1	1	1	1
STP248.12601_R.bin.118|k141_624970_32	C298	1	1	1	1	1	1	0	1	1	1	1	1	1	1
STP248.12601_R.bin.118|k141_624970_33	C298	1	1	1	1	1	1	1	1	1	1	1	1	1	1
STP248.12601_R.bin.118|k141_624970_34	C298	1	1	1	1	1	1	1	1	0	1	1	1	1	1
STP248.12601_R.bin.118|k141_624970_35	C298	1	1	0	1	0	1	1	0	0	1	1	0	1	0
STP248.12601_R.bin.118|k141_624970_36	C298	1	1	1	1	1	1	1	0	0	0	1	1	0	1
STP248.12601_R.bin.118|k141_624970_39	C298	1	0	0	0	0	1	0	0	0	0	0	0	0	0
STP248.12601_R.bin.118|k141_624970_40	C298	1	1	1	1	1	1	1	1	1	1	1	1	1	1
STP248.12601_R.bin.118|k141_624970_41	C298	1	1	1	1	1	1	1	1	1	1	1	1	1	1
STP248.12601_R.bin.118|k141_624970_42	C298	1	1	1	1	1	1	1	1	1	1	1	1	1	1
STP248.12601_R.bin.118|k141_624970_43	C298	1	1	1	1	1	1	0	1	0	0	0	1	1	0
STP248.12601_R.bin.118|k141_624970_44	C298	1	1	1	1	1	1	1	1	1	1	0	1	1	1
STP248.12601_R.bin.118|k141_624970_45	C298	1	1	1	1	1	1	1	0	0	0	0	0	1	0
STP248.12601_R.bin.118|k141_624970_46	C298	1	1	1	1	0	1	1	0	0	0	1	1	0	0
STP248.12601_R.bin.118|k141_624970_47	C298	1	1	1	1	0	1	1	0	0	1	1	1	0	1
STP248.12601_R.bin.118|k141_624970_48	C298	1	1	1	1	1	1	0	1	1	0	0	1	0	0
STP248.12601_R.bin.118|k141_500071_1	C298	1	1	1	1	1	1	1	0	0	1	0	1	0	0
STP248.12601_R.bin.118|k141_500071_2	C298	1	1	1	1	1	1	0	1	1	1	1	1	1	1
STP248.12601_R.bin.118|k141_500071_3	C298	1	1	1	1	1	1	0	1	0	0	0	0	1	0
STP248.12601_R.bin.118|k141_500071_4	C298	1	1	1	1	0	1	0	0	0	0	0	0	0	0
STP248.12601_R.bin.118|k141_500071_5	C298	1	1	1	1	1	1	0	0	0	0	1	1	0	0
STP248.12601_R.bin.118|k141_500071_7	C298	1	0	0	0	0	1	0	1	1	1	0	0	0	0
STP248.12601_R.bin.118|k141_500071_8	C298	1	1	1	1	1	1	1	1	1	0	1	1	1	0
STP248.12601_R.bin.118|k141_500071_9	C298	1	1	1	1	1	1	1	1	1	1	0	1	1	1
STP248.12601_R.bin.118|k141_500071_10	C298	1	0	0	0	0	1	0	0	0	0	0	0	0	0
STP248.12601_R.bin.118|k141_500071_11	C298	1	1	1	1	1	1	1	1	1	1	0	1	1	1
STP248.12601_R.bin.118|k141_500071_12	C298	1	1	1	1	1	1	1	1	1	1	0	1	1	1
STP248.12601_R.bin.118|k141_500071_13	C298	1	1	1	1	1	1	1	1	1	1	0	1	1	1
STP248.12601_R.bin.118|k141_500071_14	C298	1	1	1	1	1	1	1	1	1	1	0	1	1	1
STP248.12601_R.bin.118|k141_500071_15	C298	1	1	1	1	1	1	1	1	1	1	1	1	1	1
STP248.12601_R.bin.118|k141_500071_16	C298	1	0	0	0	0	1	1	0	1	1	1	1	1	0
STP248.12601_R.bin.118|k141_500071_17	C298	1	1	1	1	1	1	1	1	1	1	1	1	1	1
STP248.12601_R.bin.118|k141_500071_18	C298	1	1	1	1	1	1	1	1	1	1	1	1	1	1
STP248.12601_R.bin.118|k141_500071_19	C298	1	1	1	1	1	1	1	1	1	1	1	1	1	1
STP248.12601_R.bin.118|k141_500071_20	C298	1	1	1	1	1	1	1	1	1	1	1	1	1	1
STP248.12601_R.bin.118|k141_500071_21	C298	1	1	1	1	1	1	1	0	0	0	1	1	0	0
STP248.12601_R.bin.118|k141_500071_22	C298	1	1	1	1	1	1	1	1	1	0	1	1	0	1
STP248.12601_R.bin.118|k141_500071_24	C298	1	1	1	1	0	1	0	0	0	0	0	1	0	1
STP248.12601_R.bin.118|k141_129934_1	C298	1	1	1	1	1	1	0	1	0	1	1	1	0	0
STP248.12601_R.bin.118|k141_129934_4	C298	1	1	1	1	1	1	1	1	1	1	1	1	1	1
STP248.12601_R.bin.118|k141_129934_5	C298	1	1	1	1	0	1	0	1	0	0	1	1	0	0
STP248.12601_R.bin.118|k141_129934_6	C298	1	1	1	1	1	1	1	1	1	1	1	1	1	1
STP248.12601_R.bin.118|k141_129934_7	C298	1	1	1	1	1	1	1	1	1	1	1	1	1	1
STP248.12601_R.bin.118|k141_129934_16	C298	1	1	1	1	1	1	1	1	1	1	0	1	1	1
STP248.12601_R.bin.118|k141_129934_17	C298	1	1	1	1	1	1	1	0	0	0	1	1	0	1
STP248.12601_R.bin.118|k141_129934_18	C298	1	1	1	1	1	1	1	0	0	0	1	1	0	1
STP248.12601_R.bin.118|k141_129934_20	C298	1	1	1	1	0	1	0	0	0	0	0	0	0	0
STP248.12601_R.bin.118|k141_129934_22	C298	1	1	1	1	1	1	0	1	1	1	0	0	1	1
STP248.12601_R.bin.118|k141_129934_23	C298	1	1	1	0	0	1	0	0	0	0	1	1	0	0
STP248.12601_R.bin.118|k141_129934_24	C298	1	1	1	0	0	1	0	0	0	0	0	0	0	0
STP248.12601_R.bin.118|k141_129934_25	C298	1	1	1	0	0	1	0	1	1	1	0	0	1	1
STP248.12601_R.bin.118|k141_129934_26	C298	1	1	1	1	1	1	0	0	1	0	0	0	0	0
STP248.12601_R.bin.118|k141_129934_27	C298	1	1	1	1	1	1	0	1	1	1	1	1	1	1
STP248.12601_R.bin.118|k141_129934_28	C298	1	1	1	1	1	1	0	1	1	1	1	1	1	1
STP248.12601_R.bin.118|k141_129934_29	C298	1	1	1	1	1	1	1	1	1	1	1	1	1	1
STP248.12601_R.bin.118|k141_129934_30	C298	1	1	1	1	1	1	1	0	1	1	1	1	1	1
STP248.12601_R.bin.118|k141_129934_31	C298	1	1	1	1	1	1	0	0	0	0	0	0	0	0
STP248.12601_R.bin.118|k141_129934_32	C298	1	1	1	1	1	1	1	1	0	0	1	1	0	0
STP248.12601_R.bin.118|k141_129934_34	C298	1	1	1	1	1	1	1	1	1	1	0	1	1	1
STP248.12601_R.bin.118|k141_129934_35	C298	1	1	1	1	1	1	1	1	1	1	0	0	1	1
STP248.12601_R.bin.118|k141_129934_36	C298	1	1	1	1	1	1	1	1	1	0	1	1	0	0
STP248.12601_R.bin.118|k141_129934_50	C298	1	1	1	1	0	1	1	0	0	0	0	0	0	0
STP248.12601_R.bin.118|k141_129934_51	C298	1	1	1	1	1	1	0	1	1	0	1	1	1	1
STP248.12601_R.bin.118|k141_129934_54	C298	1	1	1	1	1	1	0	1	1	1	1	1	1	1
STP248.12601_R.bin.118|k141_129934_59	C298	1	1	1	1	1	1	1	1	1	1	1	1	1	1
STP248.12601_R.bin.118|k141_129934_60	C298	1	1	1	1	1	1	0	1	1	1	0	0	0	0
STP248.12601_R.bin.118|k141_129934_61	C298	1	1	1	1	1	1	1	1	1	1	1	1	1	1
STP248.12601_R.bin.118|k141_129934_62	C298	1	1	1	1	1	1	0	1	1	1	1	1	1	1
STP248.12601_R.bin.118|k141_129934_63	C298	1	1	1	1	1	1	0	1	1	1	1	1	1	1
STP248.12601_R.bin.118|k141_129934_64	C298	1	1	1	1	0	1	1	1	1	0	0	1	1	1
STP248.12601_R.bin.118|k141_129934_65	C298	1	1	1	1	1	1	1	1	1	1	1	1	1	1
STP248.12601_R.bin.118|k141_129934_67	C298	1	1	0	0	0	1	0	0	0	0	0	0	0	0
STP248.12601_R.bin.118|k141_129934_72	C298	1	0	1	0	0	1	0	0	1	0	0	0	0	0
STP248.12601_R.bin.118|k141_129934_74	C298	1	0	1	0	0	1	0	0	0	0	0	0	0	0
STP248.12601_R.bin.118|k141_129934_75	C298	1	1	1	1	1	1	1	0	0	0	0	1	0	1
STP248.12601_R.bin.118|k141_129934_84	C298	1	1	1	1	1	1	0	1	1	1	1	1	1	1
STP248.12601_R.bin.118|k141_129934_96	C298	1	1	1	1	1	1	1	1	1	1	1	1	1	0
STP248.12601_R.bin.118|k141_129934_97	C298	1	0	0	0	1	1	0	1	0	0	0	0	0	0
STP248.12601_R.bin.118|k141_129934_98	C298	1	1	1	1	1	1	1	0	0	0	0	1	0	0
STP248.12601_R.bin.118|k141_129934_99	C298	1	1	1	1	1	1	1	1	1	1	1	1	1	1
STP248.12601_R.bin.118|k141_129934_100	C298	1	1	1	1	0	1	0	0	0	0	0	0	0	0
STP248.12601_R.bin.118|k141_129934_101	C298	1	1	1	1	1	1	1	1	1	1	1	0	0	1
STP248.12601_R.bin.118|k141_129934_102	C298	1	1	1	1	1	1	1	1	1	1	1	1	1	1
STP248.12601_R.bin.118|k141_129934_103	C298	1	1	1	1	1	1	1	1	1	1	1	1	1	1
STP248.12601_R.bin.118|k141_129934_107	C298	1	1	1	1	1	1	0	0	0	0	0	0	0	0
STP248.12601_R.bin.118|k141_129934_110	C298	1	1	1	1	1	1	0	0	0	0	0	0	0	0
STP248.12601_R.bin.118|k141_129934_111	C298	1	1	1	1	1	1	1	1	1	1	1	1	0	0
STP248.12601_R.bin.118|k141_129934_112	C298	1	1	1	1	1	1	0	1	1	0	1	1	1	1
STP248.12601_R.bin.118|k141_129934_113	C298	1	1	1	1	1	1	0	1	1	1	1	1	1	1
STP248.12601_R.bin.118|k141_129934_114	C298	1	1	1	1	1	1	1	1	1	1	1	1	1	1
STP248.12601_R.bin.118|k141_129934_115	C298	1	1	1	1	1	1	0	0	0	0	0	0	0	0
STP248.12601_R.bin.118|k141_129934_117	C298	1	1	1	1	1	1	1	1	0	1	1	0	0	1
STP248.12601_R.bin.118|k141_129934_121	C298	1	1	1	1	1	1	0	1	1	1	0	0	1	1
STP248.12601_R.bin.118|k141_129934_122	C298	1	1	1	1	1	1	0	1	1	0	0	0	1	1
STP248.12601_R.bin.118|k141_129934_123	C298	1	0	0	0	0	1	0	0	0	0	0	0	0	0
STP248.12601_R.bin.118|k141_131151_1	C298	1	1	1	1	0	1	0	0	0	0	0	1	0	1
STP248.12601_R.bin.118|k141_505779_1	C298	1	1	0	0	0	1	0	0	0	0	0	0	0	0
STP248.12601_R.bin.118|k141_505779_8	C298	1	1	1	1	0	1	0	1	1	0	0	0	0	0
STP248.12601_R.bin.118|k141_505779_10	C298	1	1	1	1	1	1	0	0	0	0	1	1	0	0
STP248.12601_R.bin.118|k141_505779_13	C298	1	1	1	1	1	1	1	1	1	1	0	1	1	1
STP248.12601_R.bin.118|k141_505779_14	C298	1	1	1	1	1	1	1	1	1	1	1	1	1	1
STP248.12601_R.bin.118|k141_505779_15	C298	1	0	1	1	1	1	1	1	1	1	0	1	1	1
STP248.12601_R.bin.118|k141_505779_16	C298	1	0	1	0	1	1	0	0	1	0	0	0	1	1
STP248.12601_R.bin.118|k141_505779_20	C298	1	1	1	1	1	1	0	0	0	0	0	1	1	1
STP248.12601_R.bin.118|k141_505779_21	C298	1	0	0	0	0	1	0	0	0	0	0	0	0	1
STP248.12601_R.bin.118|k141_505779_23	C298	1	1	1	1	1	1	1	0	0	0	1	1	0	0
STP248.12601_R.bin.118|k141_505779_24	C298	1	1	1	1	1	1	1	1	0	0	1	1	0	0
STP248.12601_R.bin.118|k141_505779_26	C298	1	1	0	1	1	1	1	1	1	0	1	0	1	1
STP248.12601_R.bin.118|k141_505779_27	C298	1	1	1	1	1	1	1	1	1	1	0	1	1	1
STP248.12601_R.bin.118|k141_505779_31	C298	1	1	1	1	1	1	1	1	1	1	1	1	1	1
STP248.12601_R.bin.118|k141_505779_32	C298	1	1	1	1	1	1	1	0	0	1	1	1	0	1
STP248.12601_R.bin.118|k141_505779_34	C298	1	1	1	1	1	1	1	1	1	1	1	1	1	1
STP248.12601_R.bin.118|k141_505779_35	C298	1	1	1	1	1	1	1	1	1	1	0	0	1	1
STP248.12601_R.bin.118|k141_505779_36	C298	1	1	1	1	1	1	1	1	1	1	0	0	1	1
STP248.12601_R.bin.118|k141_505779_37	C298	1	1	1	1	1	1	1	1	1	0	0	0	1	1
STP248.12601_R.bin.118|k141_505779_38	C298	1	1	1	1	1	1	1	1	1	0	0	0	1	1
STP248.12601_R.bin.118|k141_505779_39	C298	1	1	1	1	1	1	1	1	1	0	0	0	1	1
STP248.12601_R.bin.118|k141_505779_40	C298	1	1	1	1	1	1	1	1	1	0	0	0	1	1
STP248.12601_R.bin.118|k141_505779_41	C298	1	1	1	1	1	1	1	1	1	0	0	1	1	1
STP248.12601_R.bin.118|k141_505779_42	C298	1	1	1	1	1	1	1	1	1	0	0	1	1	1
STP248.12601_R.bin.118|k141_505779_43	C298	1	1	1	1	1	1	1	1	1	0	0	1	1	1
STP248.12601_R.bin.118|k141_505779_45	C298	1	1	1	1	1	1	1	1	1	1	1	1	1	1
STP248.12601_R.bin.118|k141_505779_46	C298	1	1	1	1	1	1	1	0	0	0	0	0	0	0
STP248.12601_R.bin.118|k141_505779_47	C298	1	1	1	1	1	1	1	1	1	1	1	1	1	1
STP248.12601_R.bin.118|k141_505779_49	C298	1	1	1	1	1	1	1	1	1	1	1	1	1	1
STP248.12601_R.bin.118|k141_505779_50	C298	1	1	1	1	1	1	1	1	1	1	1	1	1	1
STP248.12601_R.bin.118|k141_505779_51	C298	1	1	1	1	1	1	1	1	1	0	1	1	0	0
STP248.12601_R.bin.118|k141_505779_52	C298	1	1	1	1	1	1	1	1	1	1	0	0	1	1
STP248.12601_R.bin.118|k141_505779_54	C298	1	1	1	1	1	1	0	1	0	0	0	0	0	0
STP248.12601_R.bin.118|k141_505779_56	C298	1	1	1	1	1	1	1	1	1	1	0	1	1	1
STP248.12601_R.bin.118|k141_505779_58	C298	1	1	1	1	1	1	1	1	1	1	1	1	1	1
STP248.12601_R.bin.118|k141_505779_59	C298	1	1	1	1	1	1	1	0	0	0	1	1	1	0
STP248.12601_R.bin.118|k141_505779_61	C298	1	1	1	1	1	1	0	0	1	1	1	1	1	1
STP248.12601_R.bin.118|k141_505779_63	C298	1	0	0	0	1	1	1	0	0	0	1	0	0	0
STP248.12601_R.bin.118|k141_505779_64	C298	1	1	1	1	1	1	0	1	1	0	0	0	0	1
STP248.12601_R.bin.118|k141_505779_65	C298	1	0	0	0	1	1	0	0	0	0	0	0	0	0
STP248.12601_R.bin.118|k141_505779_67	C298	1	1	1	1	1	1	1	0	0	0	1	1	0	0
STP248.12601_R.bin.118|k141_505779_68	C298	1	1	1	1	0	1	0	0	0	0	0	0	0	0
STP248.12601_R.bin.118|k141_505779_69	C298	1	1	1	1	0	1	1	1	1	1	0	1	1	1
STP248.12601_R.bin.118|k141_505779_70	C298	1	1	1	1	0	1	1	1	0	1	0	1	0	0
STP248.12601_R.bin.118|k141_505779_71	C298	1	1	1	1	1	1	0	0	0	0	0	1	0	0
STP248.12601_R.bin.118|k141_505779_81	C298	1	1	1	1	0	1	1	0	0	0	1	1	0	0
STP248.12601_R.bin.118|k141_505779_82	C298	1	1	1	1	1	1	1	1	1	1	0	1	1	1
STP248.12601_R.bin.118|k141_505779_83	C298	1	1	1	1	1	1	1	1	1	1	1	1	1	1
STP248.12601_R.bin.118|k141_505779_84	C298	1	1	1	1	1	1	0	1	1	1	0	1	1	1
STP248.12601_R.bin.118|k141_505779_85	C298	1	1	1	1	1	1	0	1	1	1	1	1	1	1
STP248.12601_R.bin.118|k141_505779_86	C298	1	1	1	1	1	1	0	1	1	1	1	1	1	1
STP248.12601_R.bin.118|k141_505779_87	C298	1	1	1	1	1	1	1	0	0	0	1	1	0	0
STP248.12601_R.bin.118|k141_505779_88	C298	1	1	1	1	1	1	1	0	0	0	1	1	0	0
STP248.12601_R.bin.118|k141_879507_5	C298	1	1	1	1	1	1	1	1	1	1	1	0	1	1
STP248.12601_R.bin.118|k141_879507_6	C298	1	1	1	1	1	1	1	1	1	1	1	1	1	1
STP248.12601_R.bin.118|k141_879507_7	C298	1	1	1	1	1	1	1	1	1	1	1	1	1	1
STP248.12601_R.bin.118|k141_879507_8	C298	1	1	1	1	0	1	0	0	0	0	0	0	0	0
STP248.12601_R.bin.118|k141_879507_11	C298	1	1	1	1	1	1	0	0	1	0	0	0	0	0
STP248.12601_R.bin.118|k141_879507_13	C298	1	1	1	1	1	1	0	0	0	0	0	0	0	0
STP248.12601_R.bin.118|k141_879507_14	C298	1	1	1	1	0	1	0	0	0	0	0	0	0	0
STP248.12601_R.bin.118|k141_879507_15	C298	1	1	1	1	1	1	1	1	0	1	1	1	0	0
STP248.12601_R.bin.118|k141_879507_17	C298	1	1	1	1	1	1	0	1	1	1	0	1	1	0
STP248.12601_R.bin.118|k141_879507_18	C298	1	1	1	1	1	1	0	0	0	0	0	0	1	0
STP248.12601_R.bin.118|k141_879507_19	C298	1	1	1	1	1	1	0	1	1	1	1	1	1	1
STP248.12601_R.bin.118|k141_879507_20	C298	1	1	1	1	1	1	0	1	1	1	1	1	1	1
STP248.12601_R.bin.118|k141_879507_22	C298	1	1	1	1	1	1	1	1	1	1	1	1	1	1
STP248.12601_R.bin.118|k141_879507_24	C298	1	1	1	1	1	1	1	1	1	1	1	1	1	1
STP248.12601_R.bin.118|k141_879507_25	C298	1	1	1	1	0	1	1	1	1	0	0	1	0	1
STP248.12601_R.bin.118|k141_642822_5	C298	1	0	0	0	0	1	0	0	0	0	0	0	0	0
STP248.12601_R.bin.118|k141_642822_6	C298	1	1	1	1	0	1	0	0	0	0	0	0	0	0
STP248.12601_R.bin.118|k141_642822_8	C298	1	1	1	1	1	1	1	0	1	0	1	1	1	1
STP248.12601_R.bin.118|k141_642822_9	C298	1	1	1	1	0	1	1	1	0	0	1	1	0	0
STP248.12601_R.bin.118|k141_642822_10	C298	1	1	1	1	1	1	0	1	1	1	1	1	0	1
STP248.12601_R.bin.118|k141_642822_11	C298	1	1	1	1	1	1	0	1	1	1	1	1	1	1
STP248.12601_R.bin.118|k141_642822_14	C298	1	1	1	1	1	1	1	1	1	1	1	1	1	1
STP248.12601_R.bin.118|k141_642822_15	C298	1	0	0	0	0	1	0	1	0	0	0	0	0	0
STP248.12601_R.bin.118|k141_642822_19	C298	1	1	1	1	1	1	0	0	0	0	1	0	0	0
STP248.12601_R.bin.118|k141_642822_20	C298	1	1	0	1	1	1	0	1	0	0	1	1	1	1
STP248.12601_R.bin.118|k141_642822_22	C298	1	1	1	0	1	1	0	0	0	0	0	0	0	0
STP248.12601_R.bin.118|k141_893227_2	C298	1	1	1	1	1	1	1	1	1	1	1	1	1	1
STP248.12601_R.bin.118|k141_893227_3	C298	1	1	1	1	1	1	0	1	0	1	1	0	0	0
STP248.12601_R.bin.118|k141_893227_4	C298	1	1	1	1	1	1	0	1	1	1	0	1	1	1
STP248.12601_R.bin.118|k141_520429_1	C298	1	1	1	1	0	1	1	0	0	0	0	1	0	0
STP248.12601_R.bin.118|k141_520429_2	C298	1	1	1	1	1	1	1	0	0	0	1	1	0	0
STP248.12601_R.bin.118|k141_520429_3	C298	1	1	1	0	1	1	1	0	0	0	1	1	0	0
STP248.12601_R.bin.118|k141_520429_4	C298	1	1	1	1	1	1	1	0	0	0	0	1	0	0
STP248.12601_R.bin.118|k141_520429_5	C298	1	1	1	1	1	1	1	0	0	0	0	0	0	0
STP248.12601_R.bin.118|k141_520429_6	C298	1	1	1	1	1	1	1	0	1	1	0	0	1	1
STP248.12601_R.bin.118|k141_520429_7	C298	1	1	1	1	1	1	1	1	1	1	0	0	1	1
STP248.12601_R.bin.118|k141_520429_8	C298	1	1	1	1	1	1	0	1	1	0	0	0	0	1
STP248.12601_R.bin.118|k141_520429_9	C298	1	1	1	1	1	1	1	1	1	1	1	1	1	1
STP248.12601_R.bin.118|k141_520429_10	C298	1	1	1	1	1	1	1	1	1	1	1	1	1	1
STP248.12601_R.bin.118|k141_520429_12	C298	1	1	1	1	1	1	1	1	1	1	1	1	1	1
STP248.12601_R.bin.118|k141_520429_13	C298	1	1	1	1	1	1	0	0	0	0	0	1	1	0
STP248.12601_R.bin.118|k141_520429_14	C298	1	1	1	1	1	1	1	1	0	0	1	1	0	0
STP248.12601_R.bin.118|k141_520429_16	C298	1	0	0	0	0	1	0	0	0	0	0	0	0	0
STP248.12601_R.bin.118|k141_520429_17	C298	1	1	1	1	1	1	1	1	1	1	0	1	1	1
STP248.12601_R.bin.118|k141_520429_20	C298	1	1	1	1	1	1	1	1	1	1	1	1	1	1
STP248.12601_R.bin.118|k141_520429_21	C298	1	1	1	1	1	1	0	1	0	0	1	1	0	0
STP248.12601_R.bin.118|k141_520429_22	C298	1	1	1	1	1	1	1	1	0	0	1	1	0	0
STP248.12601_R.bin.118|k141_520429_26	C298	1	1	1	1	0	1	1	0	0	0	0	0	1	0
STP248.12601_R.bin.118|k141_520429_29	C298	1	1	1	1	1	1	1	1	1	1	1	1	0	0
STP248.12601_R.bin.118|k141_520429_30	C298	1	1	1	1	1	1	0	0	0	0	1	1	0	0
STP248.12601_R.bin.118|k141_520429_31	C298	1	0	1	1	1	1	1	1	1	1	0	1	1	1
STP248.12601_R.bin.118|k141_520429_32	C298	1	1	1	1	1	1	0	0	0	0	1	1	0	0
STP248.12601_R.bin.118|k141_520429_37	C298	1	1	1	1	0	1	0	0	0	0	0	0	0	0
STP248.12601_R.bin.118|k141_520429_51	C298	1	1	1	1	1	1	1	1	1	1	1	1	1	1
STP248.12601_R.bin.118|k141_520429_52	C298	1	1	1	1	1	1	1	1	1	1	1	1	1	1
STP248.12601_R.bin.118|k141_520429_55	C298	1	1	1	1	1	1	1	1	1	1	0	0	1	1
STP248.12601_R.bin.118|k141_520429_57	C298	1	1	1	1	0	1	1	1	1	1	1	1	1	1
STP248.12601_R.bin.118|k141_520429_58	C298	1	1	1	1	1	1	1	1	1	1	1	1	1	1
STP248.12601_R.bin.118|k141_520429_59	C298	1	1	1	1	1	1	0	1	1	1	0	1	1	1
STP248.12601_R.bin.118|k141_520429_60	C298	1	1	1	1	0	1	1	1	1	0	1	0	0	0
STP248.12601_R.bin.118|k141_520429_62	C298	1	1	1	1	1	1	1	0	0	0	0	1	1	0
STP248.12601_R.bin.118|k141_520429_63	C298	1	1	1	1	1	1	0	1	1	1	0	1	1	1
STP248.12601_R.bin.118|k141_520429_64	C298	1	1	1	1	0	1	0	1	1	1	1	1	0	1
STP248.12601_R.bin.118|k141_520429_65	C298	1	1	1	1	1	1	1	0	0	0	1	1	0	0
STP248.12601_R.bin.118|k141_520429_66	C298	1	1	1	1	1	1	0	1	0	1	0	0	1	1
STP248.12601_R.bin.118|k141_520429_68	C298	1	1	1	1	1	1	0	0	0	0	1	0	1	1
STP248.12601_R.bin.118|k141_520429_69	C298	1	1	1	1	1	1	0	1	1	0	1	1	1	1
STP248.12601_R.bin.118|k141_520429_70	C298	1	1	1	1	1	1	1	1	1	1	1	1	1	1
STP248.12601_R.bin.118|k141_769723_9	C298	1	1	1	1	1	1	0	1	1	1	1	1	1	1
STP248.12601_R.bin.118|k141_769723_12	C298	1	1	1	1	1	1	1	1	1	1	0	1	1	1
STP248.12601_R.bin.118|k141_769723_13	C298	1	1	1	1	1	1	1	1	1	1	0	0	1	1
STP248.12601_R.bin.118|k141_769723_16	C298	1	1	1	1	1	1	1	1	0	0	1	1	0	0
STP248.12601_R.bin.118|k141_769723_17	C298	1	1	1	1	1	1	1	1	0	0	1	1	0	0
STP248.12601_R.bin.118|k141_769723_18	C298	1	1	1	1	1	1	1	1	1	1	0	1	1	1
STP248.12601_R.bin.118|k141_769723_19	C298	1	1	1	1	1	1	0	0	0	0	0	0	0	0
STP248.12601_R.bin.118|k141_769723_20	C298	1	1	1	1	1	1	1	0	0	1	1	1	0	0
STP248.12601_R.bin.118|k141_769723_21	C298	1	1	1	1	1	1	0	1	0	0	0	0	0	0
STP248.12601_R.bin.118|k141_769723_39	C298	1	1	1	1	1	1	1	1	1	1	1	1	1	1
STP248.12601_R.bin.118|k141_769723_41	C298	1	0	0	0	0	1	0	0	1	0	0	0	0	1
STP248.12601_R.bin.118|k141_769723_43	C298	1	0	0	0	0	1	0	0	0	0	0	0	0	0
STP248.12601_R.bin.118|k141_769723_46	C298	1	0	0	0	0	1	1	1	0	0	0	0	0	1
STP248.12601_R.bin.118|k141_769723_47	C298	1	1	1	1	1	1	1	1	1	1	1	1	1	1
STP248.12601_R.bin.118|k141_769723_48	C298	1	1	1	1	1	1	0	0	0	0	1	1	0	0
STP248.12601_R.bin.118|k141_769723_49	C298	1	1	1	1	1	1	1	1	1	1	1	1	1	1
STP248.12601_R.bin.118|k141_769723_50	C298	1	1	1	1	1	1	1	1	1	1	1	1	1	1
STP248.12601_R.bin.118|k141_769723_51	C298	1	1	1	1	1	1	1	1	1	1	1	1	1	1
STP248.12601_R.bin.118|k141_769723_52	C298	1	1	1	1	1	1	1	1	1	1	1	1	1	1
STP248.12601_R.bin.118|k141_769723_53	C298	1	1	1	1	1	1	0	0	0	0	0	0	0	0
STP248.12601_R.bin.118|k141_769723_54	C298	1	1	1	1	1	1	1	1	1	1	1	1	1	1
STP248.12601_R.bin.118|k141_769723_55	C298	1	1	1	1	1	1	1	1	1	1	1	1	1	1
STP248.12601_R.bin.118|k141_769723_57	C298	1	1	1	1	1	1	0	0	0	0	0	0	0	0
STP248.12601_R.bin.118|k141_769723_58	C298	1	1	1	1	0	1	0	0	0	0	0	0	0	0
STP248.12601_R.bin.118|k141_769723_62	C298	1	1	1	1	1	1	0	1	1	1	1	1	1	1
STP248.12601_R.bin.118|k141_769723_68	C298	1	1	1	1	1	1	1	1	1	1	1	1	1	1
STP248.12601_R.bin.118|k141_769723_69	C298	1	1	1	1	1	1	0	1	1	1	1	1	1	1
STP248.12601_R.bin.118|k141_769723_71	C298	1	1	1	1	1	1	0	1	1	1	0	1	1	1
STP248.12601_R.bin.118|k141_769723_72	C298	1	1	1	1	1	1	1	1	1	1	1	1	1	1
STP248.12601_R.bin.118|k141_769723_73	C298	1	1	1	1	1	1	0	0	0	0	0	0	0	0
STP248.12601_R.bin.118|k141_769723_80	C298	1	1	1	1	1	1	1	1	1	1	1	1	1	1
STP248.12601_R.bin.118|k141_769723_81	C298	1	1	1	1	1	1	1	1	1	1	1	1	1	1
STP248.12601_R.bin.118|k141_769723_82	C298	1	1	1	1	1	1	1	1	1	1	1	1	1	1
STP248.12601_R.bin.118|k141_769723_83	C298	1	1	1	1	1	1	1	1	1	1	1	1	1	1
STP248.12601_R.bin.118|k141_769723_84	C298	1	1	1	1	1	1	0	0	1	0	0	1	1	0
STP248.12601_R.bin.118|k141_769723_85	C298	1	1	1	1	1	1	1	1	1	1	1	1	1	1
STP248.12601_R.bin.118|k141_769723_89	C298	1	0	0	0	0	1	0	0	0	0	0	0	0	0
STP248.12601_R.bin.118|k141_769723_90	C298	1	1	1	1	1	1	0	1	1	1	1	1	1	1
STP248.12601_R.bin.118|k141_769723_93	C298	1	1	1	1	1	1	1	1	0	1	1	1	0	0
STP248.12601_R.bin.118|k141_769723_94	C298	1	1	1	1	1	1	1	1	1	1	1	1	1	1
STP248.12601_R.bin.118|k141_769723_95	C298	1	1	1	1	1	1	0	1	0	0	1	1	0	0
STP248.12601_R.bin.118|k141_769723_96	C298	1	1	1	1	1	1	1	1	1	1	1	1	1	1
STP248.12601_R.bin.118|k141_769723_101	C298	1	1	1	1	1	1	1	1	1	1	1	1	1	1
STP248.12601_R.bin.118|k141_769723_102	C298	1	1	1	1	1	1	1	1	1	1	0	1	1	1
STP248.12601_R.bin.118|k141_769723_103	C298	1	1	1	1	1	1	1	1	1	1	0	1	1	1
STP248.12601_R.bin.118|k141_769723_104	C298	1	1	1	1	1	1	1	0	0	0	1	1	0	0
STP248.12601_R.bin.118|k141_769723_105	C298	1	1	1	1	0	1	0	0	0	0	0	0	0	0
STP248.12601_R.bin.118|k141_771786_1	C298	1	0	0	1	0	1	0	0	0	0	0	0	0	0
STP248.12601_R.bin.118|k141_771786_3	C298	1	1	1	1	1	1	1	1	1	1	0	1	0	1
STP248.12601_R.bin.118|k141_771786_7	C298	1	1	1	1	1	1	1	1	0	0	1	0	0	0
STP248.12601_R.bin.118|k141_771786_8	C298	1	1	1	1	1	1	1	0	1	1	1	1	1	1
STP248.12601_R.bin.118|k141_771786_10	C298	1	1	1	1	1	1	0	1	1	1	0	1	1	1
STP248.12601_R.bin.118|k141_771786_11	C298	1	1	1	1	1	1	0	1	1	1	1	1	1	1
STP248.12601_R.bin.118|k141_771786_12	C298	1	1	1	1	1	1	0	1	1	1	1	1	1	1
STP248.12601_R.bin.118|k141_771786_15	C298	1	1	1	1	1	1	1	1	1	1	1	0	0	1
STP248.12601_R.bin.118|k141_771786_16	C298	1	1	1	1	1	1	0	1	1	1	1	0	0	1
STP248.12601_R.bin.118|k141_771786_17	C298	1	0	0	0	0	1	0	0	0	0	0	0	0	0
STP248.12601_R.bin.118|k141_771786_18	C298	1	1	1	1	0	1	1	0	1	1	0	0	0	0
STP248.12601_R.bin.118|k141_771786_19	C298	1	0	0	0	1	1	0	0	0	0	0	0	0	0
STP248.12601_R.bin.118|k141_771786_21	C298	1	1	1	1	1	1	1	1	1	1	1	0	0	1
STP248.12601_R.bin.118|k141_771786_22	C298	1	1	1	1	0	1	0	1	1	1	0	0	0	1
STP248.12601_R.bin.118|k141_771786_23	C298	1	1	1	1	0	1	1	1	1	1	1	0	0	1
STP248.12601_R.bin.118|k141_771786_24	C298	1	1	1	1	0	1	0	0	0	0	0	0	0	0
STP248.12601_R.bin.118|k141_771786_29	C298	1	1	1	1	1	1	0	1	1	1	1	1	1	1
STP248.12601_R.bin.118|k141_771786_31	C298	1	1	1	1	1	1	0	1	1	1	1	1	1	1
STP248.12601_R.bin.118|k141_771786_32	C298	1	1	1	1	1	1	0	1	1	1	1	1	1	1
STP248.12601_R.bin.118|k141_771786_33	C298	1	1	1	1	1	1	0	1	1	1	1	1	1	1
STP248.12601_R.bin.118|k141_771786_34	C298	1	1	1	1	1	1	1	1	1	0	0	1	1	1
STP248.12601_R.bin.118|k141_771786_39	C298	1	1	1	1	1	1	0	0	0	0	0	0	0	0
STP248.12601_R.bin.118|k141_771786_40	C298	1	1	1	1	1	1	0	0	1	1	1	1	1	1
STP248.12601_R.bin.118|k141_771786_41	C298	1	1	1	1	1	1	0	1	1	1	1	1	1	1
STP248.12601_R.bin.118|k141_771786_44	C298	1	1	1	1	1	1	1	1	1	1	0	1	0	1
STP248.12601_R.bin.118|k141_649852_2	C298	1	1	1	1	0	1	1	0	0	0	1	1	0	0
STP248.12601_R.bin.118|k141_649852_3	C298	1	1	1	1	0	1	1	0	0	0	1	1	0	0
STP248.12601_R.bin.118|k141_649852_4	C298	1	1	1	1	1	1	1	1	1	1	1	1	1	1
STP248.12601_R.bin.118|k141_649852_5	C298	1	1	1	1	0	1	0	1	1	0	0	0	0	0
STP248.12601_R.bin.118|k141_649852_6	C298	1	1	1	1	1	1	1	1	1	1	0	0	1	1
STP248.12601_R.bin.118|k141_649852_7	C298	1	1	1	1	1	1	0	1	1	1	1	0	1	1
STP248.12601_R.bin.118|k141_649852_8	C298	1	1	1	1	1	1	0	1	1	1	1	1	1	1
STP248.12601_R.bin.118|k141_649852_9	C298	1	1	1	1	0	1	0	0	0	0	0	0	0	0
STP248.12601_R.bin.118|k141_649852_10	C298	1	1	1	1	1	1	0	0	0	0	0	1	0	0
STP248.12601_R.bin.118|k141_649852_11	C298	1	1	1	1	1	1	1	1	1	1	1	1	1	1
STP248.12601_R.bin.118|k141_649852_12	C298	1	1	1	1	1	1	0	1	1	1	1	1	1	1
STP248.12601_R.bin.118|k141_649852_13	C298	1	1	1	1	1	1	1	1	1	1	1	1	1	1
STP248.12601_R.bin.118|k141_649852_14	C298	1	1	1	1	0	1	1	1	1	1	0	1	1	1
STP248.12601_R.bin.118|k141_772933_2	C298	1	1	1	1	1	1	0	1	1	1	1	1	1	1
STP248.12601_R.bin.118|k141_772933_3	C298	1	1	1	1	0	1	0	0	0	0	0	0	0	0
STP248.12601_R.bin.118|k141_772933_4	C298	1	1	1	1	1	1	1	1	1	1	1	0	1	1
STP248.12601_R.bin.118|k141_772933_5	C298	1	1	1	1	1	1	1	1	1	1	1	1	1	1
STP248.12601_R.bin.118|k141_772933_6	C298	1	1	1	1	1	1	1	1	1	1	0	1	0	1
STP248.12601_R.bin.118|k141_772933_7	C298	1	1	1	1	1	1	0	1	0	0	0	1	0	1
STP248.12601_R.bin.118|k141_772933_10	C298	1	1	1	1	1	1	1	1	1	1	1	1	1	1
STP248.12601_R.bin.118|k141_772933_11	C298	1	0	0	0	1	1	0	0	0	0	0	0	0	0
STP248.12601_R.bin.118|k141_772933_12	C298	1	1	1	1	1	1	0	0	0	0	1	1	0	0
STP248.12601_R.bin.118|k141_772933_13	C298	1	1	1	1	1	1	1	1	1	1	1	1	1	1
STP248.12601_R.bin.118|k141_772933_14	C298	1	1	1	1	1	1	1	1	1	1	1	1	1	1
STP248.12601_R.bin.118|k141_772933_16	C298	1	1	1	1	1	1	1	0	1	1	1	1	1	1
STP248.12601_R.bin.118|k141_772933_22	C298	1	1	1	1	1	1	0	0	0	0	0	0	0	0
STP248.12601_R.bin.118|k141_772933_24	C298	1	1	1	1	1	1	1	1	1	1	1	1	1	1
STP248.12601_R.bin.118|k141_772933_25	C298	1	1	1	1	1	1	1	1	1	1	1	1	1	1
STP248.12601_R.bin.118|k141_772933_26	C298	1	1	1	1	1	1	1	1	1	1	1	1	1	1
STP248.12601_R.bin.118|k141_772933_27	C298	1	1	1	1	1	1	1	1	1	1	1	1	1	1
STP248.12601_R.bin.118|k141_772933_28	C298	1	1	1	1	1	1	1	1	1	1	1	1	1	1
STP248.12601_R.bin.118|k141_772933_29	C298	1	1	1	1	1	1	1	1	1	1	1	1	1	1
STP248.12601_R.bin.118|k141_772933_31	C298	1	1	1	1	1	1	1	1	1	1	1	1	1	1
STP248.12601_R.bin.118|k141_772933_33	C298	1	1	1	1	1	1	1	1	1	1	1	0	1	1
STP248.12601_R.bin.118|k141_772933_34	C298	1	0	1	0	1	1	1	1	1	1	1	0	1	1
STP248.12601_R.bin.118|k141_772933_35	C298	1	1	1	1	1	1	1	1	0	0	1	1	0	0
STP248.12601_R.bin.118|k141_772933_36	C298	1	1	1	1	1	1	1	1	0	0	1	1	0	0
STP248.12601_R.bin.118|k141_772933_40	C298	1	1	1	1	1	1	1	1	1	0	1	1	0	1
STP248.12601_R.bin.118|k141_772933_41	C298	1	1	1	1	1	1	1	1	1	1	1	1	1	1
STP248.12601_R.bin.118|k141_772933_43	C298	1	1	1	1	1	1	0	1	1	1	1	1	1	1
STP248.12601_R.bin.118|k141_772933_44	C298	1	1	1	1	1	1	0	1	0	0	1	1	1	0
STP248.12601_R.bin.118|k141_772933_45	C298	1	1	1	1	1	1	1	1	1	1	1	1	1	1
STP248.12601_R.bin.118|k141_772933_46	C298	1	1	1	1	1	1	1	1	1	1	1	1	1	1
STP248.12601_R.bin.118|k141_772933_47	C298	1	1	1	1	1	1	1	1	1	1	1	1	1	1
STP248.12601_R.bin.118|k141_772933_48	C298	1	1	1	1	1	1	1	1	1	0	1	1	1	1
STP248.12601_R.bin.118|k141_772933_49	C298	1	1	1	1	1	1	1	1	1	1	1	1	1	1
STP248.12601_R.bin.118|k141_772933_50	C298	1	1	1	1	1	1	1	1	1	1	1	1	1	1
STP248.12601_R.bin.118|k141_772933_51	C298	1	1	1	0	1	1	1	1	1	1	1	1	1	1
STP248.12601_R.bin.118|k141_772933_52	C298	1	1	1	1	1	1	1	1	1	1	1	1	1	1
STP248.12601_R.bin.118|k141_772933_53	C298	1	1	1	1	1	1	0	1	1	0	1	0	0	0
STP248.12601_R.bin.118|k141_772933_54	C298	1	1	1	1	1	1	0	1	1	1	0	1	1	1
STP248.12601_R.bin.118|k141_772933_55	C298	1	1	1	1	0	1	0	1	0	0	1	1	0	0
STP248.12601_R.bin.118|k141_772933_58	C298	1	1	1	1	1	1	1	1	1	1	1	1	1	1
STP248.12601_R.bin.118|k141_772933_59	C298	1	1	1	1	1	1	1	1	1	1	1	1	1	1
STP248.12601_R.bin.118|k141_772933_60	C298	1	1	1	1	1	1	1	1	1	1	1	1	1	1
STP248.12601_R.bin.118|k141_772933_61	C298	1	1	1	1	1	1	1	0	1	0	1	1	1	1
STP248.12601_R.bin.118|k141_772933_63	C298	1	0	0	0	0	1	0	0	0	0	0	0	0	0
STP248.12601_R.bin.118|k141_772933_64	C298	1	1	1	1	1	1	0	1	1	1	1	1	1	1
STP248.12601_R.bin.118|k141_772933_65	C298	1	1	1	1	0	1	1	0	0	0	0	1	0	0
STP248.12601_R.bin.118|k141_772933_66	C298	1	1	1	1	1	1	1	1	1	1	0	1	1	1
STP248.12601_R.bin.118|k141_772933_69	C298	1	1	1	1	1	1	1	1	1	1	1	1	1	1
STP248.12601_R.bin.118|k141_772933_70	C298	1	1	1	1	1	1	1	1	1	1	0	1	1	1
STP248.12601_R.bin.118|k141_772933_71	C298	1	1	1	1	1	1	1	0	0	0	0	0	0	0
STP248.12601_R.bin.118|k141_777848_1	C298	1	1	0	1	0	1	0	0	0	0	0	0	0	0
STP248.12601_R.bin.118|k141_777848_2	C298	1	1	0	1	1	1	0	0	0	1	0	0	1	1
STP248.12601_R.bin.118|k141_777848_3	C298	1	1	1	1	0	1	0	0	0	0	0	0	0	1
STP248.12601_R.bin.118|k141_777848_4	C298	1	0	1	1	1	1	1	0	0	0	0	1	0	0
STP248.12601_R.bin.118|k141_777848_5	C298	1	0	1	1	1	1	1	1	1	1	0	1	1	1
STP248.12601_R.bin.118|k141_777848_6	C298	1	1	1	1	0	1	0	0	0	0	1	1	0	0
STP248.12601_R.bin.118|k141_904984_1	C298	1	1	1	0	0	1	0	0	0	0	0	0	0	0
STP248.12601_R.bin.118|k141_904984_3	C298	1	1	1	1	1	1	1	1	1	0	1	1	1	1
STP248.12601_R.bin.118|k141_904984_6	C298	1	1	1	1	1	1	1	0	0	0	1	1	1	1
STP248.12601_R.bin.118|k141_904984_7	C298	1	1	1	1	1	1	1	0	0	0	1	0	1	1
STP248.12601_R.bin.118|k141_904984_9	C298	1	1	1	1	1	1	1	1	1	1	1	1	1	1
STP248.12601_R.bin.118|k141_904984_10	C298	1	1	1	1	1	1	1	1	0	0	0	0	0	0
STP248.12601_R.bin.118|k141_904984_12	C298	1	1	1	1	1	1	1	1	1	1	1	1	1	1
STP248.12601_R.bin.118|k141_904984_14	C298	1	1	1	1	1	1	1	1	1	0	1	1	1	0
STP248.12601_R.bin.118|k141_904984_16	C298	1	1	1	1	0	1	1	1	1	1	0	0	1	1
STP248.12601_R.bin.118|k141_904984_17	C298	1	1	1	1	0	1	1	0	0	0	0	0	0	0
STP248.12601_R.bin.118|k141_904984_19	C298	1	0	0	0	1	1	1	0	0	0	0	0	0	0
STP248.12601_R.bin.118|k141_904984_21	C298	1	1	1	1	1	1	1	1	0	0	0	0	0	1
STP248.12601_R.bin.118|k141_904984_22	C298	1	1	1	1	1	1	1	1	1	1	1	1	1	1
STP248.12601_R.bin.118|k141_904984_23	C298	1	1	1	1	1	1	0	1	1	1	1	1	1	1
STP248.12601_R.bin.118|k141_904984_24	C298	1	1	1	1	1	1	0	1	1	1	1	1	1	1
STP248.12601_R.bin.118|k141_904984_26	C298	1	1	1	1	1	1	1	1	1	1	1	1	1	1
STP248.12601_R.bin.118|k141_904984_30	C298	1	1	1	1	1	1	0	0	0	0	0	0	0	0
STP248.12601_R.bin.118|k141_904984_31	C298	1	1	1	1	1	1	0	1	1	1	1	1	1	1
STP248.12601_R.bin.118|k141_904984_34	C298	1	1	1	1	1	1	1	1	1	0	1	1	1	1
STP248.12601_R.bin.118|k141_904984_35	C298	1	1	1	1	1	1	0	1	1	1	1	1	1	1
STP248.12601_R.bin.118|k141_904984_37	C298	1	1	1	1	1	1	1	1	1	1	1	1	1	1
STP248.12601_R.bin.118|k141_904984_38	C298	1	1	1	1	1	1	1	1	1	1	1	1	1	1
STP248.12601_R.bin.118|k141_904984_39	C298	1	1	1	1	1	1	0	1	0	0	1	1	0	0
STP248.12601_R.bin.118|k141_904984_40	C298	1	1	1	1	1	1	1	1	1	1	1	1	1	1
STP248.12601_R.bin.118|k141_904984_41	C298	1	1	1	1	1	1	1	1	0	0	1	1	0	0
STP248.12601_R.bin.118|k141_904984_42	C298	1	1	1	1	1	1	1	1	1	1	1	1	1	1
STP248.12601_R.bin.118|k141_904984_43	C298	1	1	1	1	1	1	1	1	1	0	0	0	0	0
STP248.12601_R.bin.118|k141_904984_44	C298	1	1	1	1	1	1	1	1	1	1	1	1	1	1
STP248.12601_R.bin.118|k141_904984_60	C298	1	1	1	1	1	1	1	1	1	0	1	1	0	0
STP248.12601_R.bin.118|k141_904984_62	C298	1	1	1	1	1	1	1	1	1	1	1	1	1	1
STP248.12601_R.bin.118|k141_904984_63	C298	1	1	1	1	1	1	0	1	1	1	0	1	1	1
STP248.12601_R.bin.118|k141_904984_64	C298	1	1	1	1	1	1	0	1	1	0	0	1	1	1
STP248.12601_R.bin.118|k141_904984_65	C298	1	1	1	1	1	1	0	1	1	0	0	1	1	1
STP248.12601_R.bin.118|k141_904984_66	C298	1	1	1	1	1	1	0	1	1	0	0	1	1	1
STP248.12601_R.bin.118|k141_904984_67	C298	1	1	1	1	1	1	0	1	1	0	0	1	1	1
STP248.12601_R.bin.118|k141_904984_68	C298	1	1	1	1	1	1	0	1	1	0	0	1	1	1
STP248.12601_R.bin.118|k141_904984_69	C298	1	1	1	1	1	1	0	1	0	0	0	1	1	1
STP248.12601_R.bin.118|k141_904984_70	C298	1	1	1	1	0	1	0	1	1	0	0	1	1	1
STP248.12601_R.bin.118|k141_904984_71	C298	1	1	1	1	1	1	0	1	1	1	0	1	1	1
STP248.12601_R.bin.118|k141_904984_72	C298	1	1	1	1	1	1	0	1	1	1	0	1	1	1
STP248.12601_R.bin.118|k141_904984_73	C298	1	1	1	1	1	1	0	1	1	1	0	1	1	1
STP248.12601_R.bin.118|k141_904984_74	C298	1	1	1	1	1	1	0	1	1	1	0	1	1	1
STP248.12601_R.bin.118|k141_904984_75	C298	1	1	1	1	1	1	0	1	1	0	0	1	1	1
STP248.12601_R.bin.118|k141_904984_76	C298	1	0	1	0	1	1	0	1	1	0	0	1	1	1
STP248.12601_R.bin.118|k141_904984_77	C298	1	0	1	0	1	1	0	1	1	0	1	1	1	1
STP248.12601_R.bin.118|k141_904984_78	C298	1	1	1	1	1	1	0	1	1	0	1	1	1	1
STP248.12601_R.bin.118|k141_904984_79	C298	1	1	1	1	1	1	1	1	1	0	1	1	0	1
STP248.12601_R.bin.118|k141_904984_80	C298	1	1	1	1	1	1	1	1	1	0	0	1	0	1
STP248.12601_R.bin.118|k141_904984_81	C298	1	1	1	1	1	1	1	1	1	0	0	1	0	1
STP248.12601_R.bin.118|k141_904984_82	C298	1	1	1	1	1	1	1	1	1	0	0	1	0	1
STP248.12601_R.bin.118|k141_904984_83	C298	1	1	1	1	1	1	1	1	1	0	0	1	1	1
STP248.12601_R.bin.118|k141_904984_84	C298	1	1	1	1	1	1	1	1	1	0	0	1	1	1
STP248.12601_R.bin.118|k141_904984_85	C298	1	1	1	1	1	1	1	1	0	1	0	1	1	1
STP248.12601_R.bin.118|k141_904984_86	C298	1	1	1	1	1	1	1	1	1	1	0	1	1	1
STP248.12601_R.bin.118|k141_904984_87	C298	1	1	1	1	1	1	1	1	1	1	0	1	1	1
STP248.12601_R.bin.118|k141_904984_88	C298	1	1	1	1	1	1	1	1	1	1	1	1	1	1
STP248.12601_R.bin.118|k141_904984_92	C298	1	0	1	1	1	1	1	0	0	0	0	0	0	0
STP248.12601_R.bin.118|k141_904984_93	C298	1	1	1	1	1	1	1	0	1	0	1	1	1	1
STP248.12601_R.bin.118|k141_904984_94	C298	1	1	1	1	1	1	1	0	0	0	1	0	0	0
STP248.12601_R.bin.118|k141_904984_95	C298	1	1	1	1	1	1	1	1	0	0	1	1	1	0
STP248.12601_R.bin.118|k141_904984_96	C298	1	1	1	1	1	1	1	0	0	1	1	0	0	0
STP248.12601_R.bin.118|k141_904984_97	C298	1	1	1	1	1	1	1	1	1	1	1	1	1	1
STP248.12601_R.bin.118|k141_904984_98	C298	1	1	1	1	1	1	1	1	1	1	1	0	1	1
STP248.12601_R.bin.118|k141_904984_99	C298	1	1	1	1	1	1	1	1	1	1	1	1	1	1
STP248.12601_R.bin.118|k141_904984_100	C298	1	1	1	1	1	1	0	0	0	0	0	0	0	0
STP248.12601_R.bin.118|k141_904984_101	C298	1	1	1	1	1	1	0	1	1	1	1	1	1	1
STP248.12601_R.bin.118|k141_534540_3	C298	1	1	1	0	1	1	1	1	1	1	0	1	1	1
STP248.12601_R.bin.118|k141_786323_2	C298	1	1	1	1	1	1	1	1	1	1	1	1	1	1
STP248.12601_R.bin.118|k141_786323_7	C298	1	1	1	1	1	1	1	1	1	1	1	1	1	1
STP248.12601_R.bin.118|k141_786323_8	C298	1	1	1	1	1	1	1	1	0	0	1	1	0	0
STP248.12601_R.bin.118|k141_786323_9	C298	1	0	0	0	0	1	0	0	0	0	0	0	1	1
STP248.12601_R.bin.118|k141_786323_11	C298	1	1	1	1	1	1	0	1	1	1	0	1	0	1
STP248.12601_R.bin.118|k141_786323_12	C298	1	1	1	1	1	1	1	1	1	1	1	1	1	1
STP248.12601_R.bin.118|k141_786323_13	C298	1	1	1	1	1	1	1	1	1	1	0	1	1	1
STP248.12601_R.bin.118|k141_786323_14	C298	1	1	1	1	0	1	1	0	0	0	0	1	0	0
STP248.12601_R.bin.118|k141_786323_15	C298	1	1	1	1	1	1	1	1	1	1	1	1	1	1
STP248.12601_R.bin.118|k141_786323_16	C298	1	1	1	1	1	1	1	1	1	1	1	0	1	1
STP248.12601_R.bin.118|k141_786323_17	C298	1	1	1	1	1	1	0	1	0	1	0	1	1	1
STP248.12601_R.bin.118|k141_786323_18	C298	1	1	1	1	1	1	1	1	1	1	1	1	1	1
STP248.12601_R.bin.118|k141_786323_19	C298	1	1	1	1	1	1	0	1	0	0	1	1	0	0
STP248.12601_R.bin.118|k141_786323_20	C298	1	1	1	1	1	1	1	1	1	1	1	0	1	1
STP248.12601_R.bin.118|k141_786323_21	C298	1	1	1	1	1	1	1	1	1	1	1	1	1	1
STP248.12601_R.bin.118|k141_786323_22	C298	1	1	1	1	1	1	1	1	1	1	0	1	1	1
STP248.12601_R.bin.118|k141_786323_23	C298	1	1	1	1	0	1	1	0	1	0	1	1	0	1
STP248.12601_R.bin.118|k141_786323_24	C298	1	1	1	1	0	1	1	0	1	1	0	0	1	1
STP248.12601_R.bin.118|k141_786323_25	C298	1	1	1	1	1	1	1	1	1	1	1	1	1	1
STP248.12601_R.bin.118|k141_786323_26	C298	1	1	1	1	1	1	1	1	1	1	0	1	1	1
STP248.12601_R.bin.118|k141_786323_27	C298	1	1	1	1	1	1	1	1	1	1	1	1	1	1
STP248.12601_R.bin.118|k141_786323_30	C298	1	1	1	1	1	1	0	0	0	0	0	0	0	0
STP248.12601_R.bin.118|k141_786323_31	C298	1	1	1	1	1	1	1	1	1	1	1	1	1	1
STP248.12601_R.bin.118|k141_786323_32	C298	1	1	1	1	1	1	1	1	1	1	1	1	1	1
STP248.12601_R.bin.118|k141_786323_33	C298	1	1	1	1	1	1	0	1	1	1	1	1	1	1
STP248.12601_R.bin.118|k141_786323_35	C298	1	1	1	1	1	1	1	1	1	1	1	1	1	1
STP248.12601_R.bin.118|k141_786323_36	C298	1	1	1	1	1	1	1	1	1	1	1	1	1	1
STP248.12601_R.bin.118|k141_786323_39	C298	1	1	1	1	1	1	1	1	1	1	1	1	1	1
STP248.12601_R.bin.118|k141_786323_40	C298	1	1	1	1	1	1	1	1	1	1	1	1	1	1
STP248.12601_R.bin.118|k141_786323_41	C298	1	1	1	1	1	1	1	1	1	1	1	1	1	1
STP248.12601_R.bin.118|k141_786323_43	C298	1	1	1	1	1	1	1	0	1	1	1	1	1	1
STP248.12601_R.bin.118|k141_540405_2	C298	1	1	1	1	1	1	1	1	1	0	1	0	0	1
STP248.12601_R.bin.118|k141_540405_3	C298	1	1	1	1	1	1	0	1	1	1	1	1	1	1
STP248.12601_R.bin.118|k141_540405_4	C298	1	1	1	1	1	1	0	1	1	1	1	1	1	1
STP248.12601_R.bin.118|k141_540405_5	C298	1	1	1	1	1	1	1	1	1	1	1	1	1	1
STP248.12601_R.bin.118|k141_540405_6	C298	1	1	1	1	1	1	0	1	1	1	0	1	0	1
STP248.12601_R.bin.118|k141_540405_8	C298	1	1	1	1	1	1	0	1	1	0	1	1	0	0
STP248.12601_R.bin.118|k141_540405_9	C298	1	1	1	1	0	1	0	1	0	0	1	0	0	0
STP248.12601_R.bin.118|k141_540405_10	C298	1	1	1	1	0	1	1	1	0	0	1	0	0	0
STP248.12601_R.bin.118|k141_540405_11	C298	1	1	1	0	1	1	1	1	1	1	0	1	1	1
STP248.12601_R.bin.118|k141_540405_12	C298	1	1	1	1	1	1	0	1	1	1	1	0	0	1
STP248.12601_R.bin.118|k141_540405_13	C298	1	1	1	1	1	1	0	0	0	0	1	0	0	0
STP248.12601_R.bin.118|k141_540405_14	C298	1	1	1	1	1	1	1	0	0	1	1	1	1	0
STP248.12601_R.bin.118|k141_540405_16	C298	1	1	1	1	0	1	0	1	0	0	0	0	0	0
STP248.12601_R.bin.118|k141_540405_17	C298	1	1	1	1	1	1	0	1	1	1	1	1	1	1
STP248.12601_R.bin.118|k141_540405_19	C298	1	1	1	1	0	1	0	1	0	0	1	1	0	0
STP248.12601_R.bin.118|k141_540405_20	C298	1	1	1	1	0	1	0	1	0	0	1	1	0	0
STP248.12601_R.bin.118|k141_540405_22	C298	1	1	1	1	1	1	1	1	1	1	0	1	1	1
STP248.12601_R.bin.118|k141_540405_23	C298	1	1	1	1	1	1	1	1	1	1	1	1	1	1
STP248.12601_R.bin.118|k141_540405_24	C298	1	1	1	1	1	1	1	1	1	1	1	1	1	1
STP248.12601_R.bin.118|k141_540405_25	C298	1	1	1	1	1	1	0	1	1	1	1	1	1	1
STP248.12601_R.bin.118|k141_540405_26	C298	1	1	1	1	1	1	0	1	0	0	1	1	0	0
STP248.12601_R.bin.118|k141_540405_27	C298	1	1	1	1	1	1	0	1	1	1	0	1	1	1
STP248.12601_R.bin.118|k141_540405_28	C298	1	1	1	1	1	1	0	0	1	1	0	0	1	1
STP248.12601_R.bin.118|k141_540405_29	C298	1	1	1	1	1	1	1	1	1	1	1	1	1	1
STP248.12601_R.bin.118|k141_540405_30	C298	1	1	1	1	1	1	1	1	1	1	1	1	1	1
STP248.12601_R.bin.118|k141_540405_31	C298	1	1	1	1	1	1	1	1	1	1	1	1	1	1
STP248.12601_R.bin.118|k141_540405_36	C298	1	1	1	1	1	1	0	0	0	0	1	0	0	0
STP248.12601_R.bin.118|k141_540405_37	C298	1	1	1	1	1	1	1	1	1	1	1	1	1	1
STP248.12601_R.bin.118|k141_540405_38	C298	1	1	1	1	1	1	1	1	1	1	0	1	1	1
STP248.12601_R.bin.118|k141_540405_39	C298	1	1	1	1	1	1	0	1	0	0	0	1	0	0
STP248.12601_R.bin.118|k141_540405_40	C298	1	1	1	1	0	1	0	0	0	0	0	0	0	0
STP248.12601_R.bin.118|k141_540405_41	C298	1	1	1	1	1	1	1	1	1	1	1	1	1	1
STP248.12601_R.bin.118|k141_540405_42	C298	1	1	1	1	1	1	1	1	1	1	1	1	1	1
STP248.12601_R.bin.118|k141_540405_43	C298	1	1	1	1	1	1	1	1	1	1	0	1	1	1
STP248.12601_R.bin.118|k141_540405_44	C298	1	1	1	1	1	1	0	0	0	0	1	1	0	0
STP248.12601_R.bin.118|k141_540405_45	C298	1	0	0	0	0	1	0	0	0	0	1	1	0	0
STP248.12601_R.bin.118|k141_540405_46	C298	1	1	1	1	1	1	1	1	1	1	1	1	1	1
STP248.12601_R.bin.118|k141_540405_47	C298	1	1	1	1	1	1	1	1	1	1	1	1	1	1
STP248.12601_R.bin.118|k141_540405_48	C298	1	1	1	1	0	1	0	0	0	0	0	0	0	0
STP248.12601_R.bin.118|k141_540405_50	C298	1	1	1	1	0	1	0	0	0	0	0	0	0	0
STP248.12601_R.bin.118|k141_540405_51	C298	1	1	1	1	0	1	0	0	0	0	0	0	0	0
STP248.12601_R.bin.118|k141_540405_52	C298	1	1	1	1	0	1	0	0	0	0	0	0	0	0
STP248.12601_R.bin.118|k141_540405_53	C298	1	1	1	1	0	1	0	0	0	0	0	0	0	0
STP248.12601_R.bin.118|k141_540405_54	C298	1	1	1	1	0	1	0	0	0	0	0	0	0	0
STP248.12601_R.bin.118|k141_540405_57	C298	1	1	1	1	1	1	0	0	0	0	0	0	0	0
STP248.12601_R.bin.118|k141_540405_59	C298	1	1	1	1	1	1	1	1	1	1	1	1	1	1
STP248.12601_R.bin.118|k141_540405_62	C298	1	1	1	1	1	1	1	1	0	0	1	1	0	0
STP248.12601_R.bin.118|k141_540405_63	C298	1	1	1	1	0	1	0	0	0	0	0	0	0	0
STP248.12601_R.bin.118|k141_540405_64	C298	1	1	1	1	1	1	1	1	1	1	1	1	1	1
STP248.12601_R.bin.118|k141_540405_65	C298	1	1	1	1	1	1	1	1	1	1	1	1	1	1
STP248.12601_R.bin.118|k141_540405_66	C298	1	1	1	1	1	1	1	1	1	1	1	1	1	1
STP248.12601_R.bin.118|k141_540405_67	C298	1	1	1	1	1	1	1	1	0	0	1	0	0	0
STP248.12601_R.bin.118|k141_540405_68	C298	1	1	1	1	1	1	1	1	1	1	1	0	1	1
STP248.12601_R.bin.118|k141_540405_70	C298	1	1	1	1	1	1	1	1	1	1	1	0	1	1
STP248.12601_R.bin.118|k141_540405_71	C298	1	1	1	0	1	1	1	1	1	1	0	0	1	1
STP248.12601_R.bin.118|k141_540405_72	C298	1	1	1	0	1	1	1	1	1	1	0	0	1	1
STP248.12601_R.bin.118|k141_540405_73	C298	1	1	1	1	1	1	1	1	1	1	0	1	1	1
STP248.12601_R.bin.118|k141_540405_74	C298	1	1	1	1	1	1	1	1	1	1	1	1	1	1
STP248.12601_R.bin.118|k141_540405_75	C298	1	1	1	1	1	1	1	1	1	1	1	1	1	1
STP248.12601_R.bin.118|k141_540405_76	C298	1	1	1	1	1	1	1	1	1	1	1	1	1	1
STP248.12601_R.bin.118|k141_540405_77	C298	1	1	1	1	1	1	1	1	1	1	1	1	1	1
STP248.12601_R.bin.118|k141_540405_79	C298	1	1	1	1	0	1	0	0	0	0	0	0	0	0
STP248.12601_R.bin.118|k141_540405_80	C298	1	1	1	1	0	1	0	0	0	0	1	0	0	0
STP248.12601_R.bin.118|k141_540405_81	C298	1	1	0	1	0	1	1	1	1	1	1	1	1	1
STP248.12601_R.bin.118|k141_540405_82	C298	1	1	1	1	1	1	1	1	1	1	1	1	1	1
STP248.12601_R.bin.118|k141_540405_83	C298	1	1	1	1	1	1	1	1	1	1	1	1	0	1
STP248.12601_R.bin.118|k141_540405_84	C298	1	1	1	1	1	1	0	1	1	1	1	1	1	1
STP248.12601_R.bin.118|k141_540405_85	C298	1	1	1	1	1	1	0	1	1	1	1	1	1	1
STP248.12601_R.bin.118|k141_540405_87	C298	1	1	1	1	1	1	1	0	0	0	1	1	1	1
STP248.12601_R.bin.118|k141_540405_90	C298	1	1	1	1	1	1	0	0	0	0	0	0	0	0
STP248.12601_R.bin.118|k141_540405_91	C298	1	1	1	1	1	1	1	1	1	1	1	1	1	1
STP248.12601_R.bin.118|k141_540405_92	C298	1	0	1	1	1	1	0	0	0	0	0	1	1	0
STP248.12601_R.bin.118|k141_540405_94	C298	1	1	1	1	1	1	1	1	0	0	1	1	1	1
STP248.12601_R.bin.118|k141_540405_95	C298	1	1	1	1	1	1	1	0	0	0	0	1	1	1
STP248.12601_R.bin.118|k141_540405_96	C298	1	1	1	1	1	1	1	1	1	1	1	1	1	1
STP248.12601_R.bin.118|k141_540405_97	C298	1	1	1	1	0	1	1	1	1	1	1	1	1	1
STP248.12601_R.bin.118|k141_540405_98	C298	1	1	1	1	1	1	1	1	1	1	1	1	1	1
STP248.12601_R.bin.118|k141_540405_99	C298	1	1	1	1	1	1	1	1	1	1	1	1	1	1
STP248.12601_R.bin.118|k141_540405_100	C298	1	1	1	1	1	1	1	1	0	0	1	1	0	0
STP248.12601_R.bin.118|k141_540405_102	C298	1	1	1	1	1	1	1	1	1	1	1	0	1	1
STP248.12601_R.bin.118|k141_540405_103	C298	1	1	1	1	1	1	1	1	1	1	1	1	1	1
STP248.12601_R.bin.118|k141_540405_106	C298	1	1	1	1	1	1	1	1	0	0	1	1	0	0
STP248.12601_R.bin.118|k141_540405_107	C298	1	1	1	1	1	1	1	1	1	1	1	0	1	1
STP248.12601_R.bin.118|k141_540405_109	C298	1	0	1	1	1	1	1	1	1	1	0	1	1	1
STP248.12601_R.bin.118|k141_540405_110	C298	1	0	1	1	1	1	1	1	1	1	0	0	1	1
STP248.12601_R.bin.118|k141_540405_111	C298	1	1	1	1	1	1	1	1	1	0	1	1	1	1
STP248.12601_R.bin.118|k141_540405_112	C298	1	1	1	1	1	1	1	1	1	1	1	1	1	1
STP248.12601_R.bin.118|k141_540405_113	C298	1	1	1	1	1	1	0	1	0	0	1	1	0	0
STP248.12601_R.bin.118|k141_540405_117	C298	1	1	1	1	1	1	1	1	1	1	1	1	1	1
STP248.12601_R.bin.118|k141_540405_119	C298	1	1	1	1	1	1	1	1	1	1	0	1	1	1
STP248.12601_R.bin.118|k141_540405_121	C298	1	1	1	1	0	1	0	0	0	0	0	0	0	0
STP248.12601_R.bin.118|k141_540405_123	C298	1	1	1	1	1	1	1	1	1	1	1	0	1	1
STP248.12601_R.bin.118|k141_540405_124	C298	1	1	1	1	0	1	1	1	0	0	1	1	0	0
STP248.12601_R.bin.118|k141_540405_125	C298	1	0	0	0	0	1	0	1	0	0	1	1	0	0
STP248.12601_R.bin.118|k141_540405_126	C298	1	1	1	1	1	1	1	1	0	0	0	1	0	0
STP248.12601_R.bin.118|k141_540405_127	C298	1	1	1	1	1	1	1	0	0	0	0	0	0	0
STP248.12601_R.bin.118|k141_540405_128	C298	1	1	1	1	1	1	0	1	0	0	1	0	0	0
STP248.12601_R.bin.118|k141_540405_129	C298	1	1	1	1	1	1	0	1	0	0	1	1	0	0
STP248.12601_R.bin.118|k141_540405_130	C298	1	1	1	1	1	1	1	0	1	1	0	1	0	1
STP248.12601_R.bin.118|k141_540405_131	C298	1	1	1	1	1	1	0	1	1	1	0	1	1	1
STP248.12601_R.bin.118|k141_540405_132	C298	1	1	1	1	0	1	0	0	0	0	0	0	0	0
STP248.12601_R.bin.118|k141_540405_133	C298	1	1	1	1	1	1	1	1	1	1	1	1	1	1
STP248.12601_R.bin.118|k141_540405_134	C298	1	1	1	1	1	1	1	1	1	1	1	1	1	1
STP248.12601_R.bin.118|k141_540405_136	C298	1	1	1	1	0	1	1	1	1	0	1	1	1	0
STP248.12601_R.bin.118|k141_540405_137	C298	1	1	1	1	1	1	1	1	1	1	1	1	1	1
STP248.12601_R.bin.118|k141_540405_138	C298	1	1	1	1	0	1	1	1	1	1	1	1	0	0
STP248.12601_R.bin.118|k141_540405_139	C298	1	1	1	1	1	1	1	1	1	0	1	1	1	1
STP248.12601_R.bin.118|k141_540405_140	C298	1	1	1	1	1	1	1	1	1	0	1	1	1	1
STP248.12601_R.bin.118|k141_540405_141	C298	1	1	1	1	1	1	0	0	0	0	0	0	0	0
STP248.12601_R.bin.118|k141_540405_142	C298	1	1	1	1	1	1	1	1	1	1	1	1	1	1
STP248.12601_R.bin.118|k141_540405_143	C298	1	1	1	1	1	1	1	1	1	1	1	1	1	1
STP248.12601_R.bin.118|k141_540405_144	C298	1	1	1	1	1	1	1	1	1	1	1	1	1	1
STP248.12601_R.bin.118|k141_540405_145	C298	1	1	1	1	1	1	1	1	0	0	1	0	0	0
STP248.12601_R.bin.118|k141_540405_146	C298	1	1	1	1	1	1	0	1	1	1	1	1	1	1
STP248.12601_R.bin.118|k141_540405_147	C298	1	1	1	1	1	1	1	1	1	1	0	1	1	1
STP248.12601_R.bin.118|k141_540405_148	C298	1	1	1	1	1	1	1	1	1	1	1	1	1	1
STP248.12601_R.bin.118|k141_540405_149	C298	1	1	1	1	0	1	0	0	0	0	0	0	1	0
STP248.12601_R.bin.118|k141_540405_150	C298	1	1	1	1	1	1	1	1	1	1	1	1	1	1
STP248.12601_R.bin.118|k141_540405_151	C298	1	1	1	1	1	1	1	1	1	0	1	1	1	1
STP248.12601_R.bin.118|k141_540405_152	C298	1	0	1	1	1	1	1	1	1	0	1	1	1	1
STP248.12601_R.bin.118|k141_540405_153	C298	1	1	1	1	1	1	1	1	1	1	1	1	1	1
STP248.12601_R.bin.118|k141_540405_154	C298	1	1	1	1	1	1	1	1	1	1	1	1	1	1
STP248.12601_R.bin.118|k141_540405_155	C298	1	1	1	1	1	1	0	0	0	0	0	1	0	1
STP248.12601_R.bin.118|k141_540405_156	C298	1	1	1	1	1	1	1	1	1	1	1	1	1	1
STP248.12601_R.bin.118|k141_540405_157	C298	1	1	1	1	1	1	1	1	1	1	1	1	1	1
STP248.12601_R.bin.118|k141_540405_158	C298	1	1	1	1	1	1	1	1	1	1	1	0	1	1
STP248.12601_R.bin.118|k141_540405_163	C298	1	1	1	1	1	1	1	1	1	1	1	1	1	1
STP248.12601_R.bin.118|k141_540405_164	C298	1	1	1	1	1	1	1	1	1	1	1	1	1	1
STP248.12601_R.bin.118|k141_540405_165	C298	1	1	1	0	1	1	1	1	1	1	1	1	1	0
STP248.12601_R.bin.118|k141_540405_168	C298	1	1	1	1	1	1	1	0	1	1	1	1	0	1
STP248.12601_R.bin.118|k141_540405_169	C298	1	1	1	1	1	1	1	1	1	1	1	0	1	1
STP248.12601_R.bin.118|k141_540405_170	C298	1	1	1	1	1	1	1	1	1	1	1	1	1	1
STP248.12601_R.bin.118|k141_540405_171	C298	1	1	1	1	1	1	1	1	1	1	1	1	1	1
STP248.12601_R.bin.118|k141_540405_173	C298	1	1	1	1	1	1	0	0	0	0	0	0	0	0
STP248.12601_R.bin.118|k141_540405_174	C298	1	1	1	1	1	1	1	1	1	1	0	1	0	1
STP248.12601_R.bin.118|k141_540405_175	C298	1	1	1	1	1	1	1	0	0	1	1	1	0	0
STP248.12601_R.bin.118|k141_540405_176	C298	1	1	1	1	1	1	1	0	0	0	1	1	0	0
STP248.12601_R.bin.118|k141_540405_177	C298	1	1	1	1	1	1	0	0	0	0	0	1	0	0
STP248.12601_R.bin.118|k141_540405_178	C298	1	1	1	1	1	1	1	1	1	1	1	1	1	1
STP248.12601_R.bin.118|k141_540405_179	C298	1	0	0	0	1	1	1	0	0	0	0	1	0	0
STP248.12601_R.bin.118|k141_540405_181	C298	1	1	1	1	1	1	1	0	0	0	1	1	0	0
STP248.12601_R.bin.118|k141_540405_182	C298	1	1	1	1	1	1	1	1	0	1	1	1	0	0
STP248.12601_R.bin.118|k141_540405_185	C298	1	1	1	1	1	1	1	1	1	1	1	1	1	1
STP248.12601_R.bin.118|k141_540405_186	C298	1	1	1	1	0	1	0	0	0	0	0	0	0	0
STP248.12601_R.bin.118|k141_540405_187	C298	1	1	1	1	1	1	0	1	1	1	1	1	1	1
STP248.12601_R.bin.118|k141_540405_188	C298	1	1	1	1	1	1	1	1	1	1	1	1	0	0
STP248.12601_R.bin.118|k141_540405_189	C298	1	1	1	1	1	1	1	1	1	1	1	1	1	1
STP248.12601_R.bin.118|k141_540405_190	C298	1	1	1	1	1	1	1	1	1	1	1	1	1	1
STP248.12601_R.bin.118|k141_540405_191	C298	1	1	1	1	1	1	1	1	1	1	1	1	1	1
STP248.12601_R.bin.118|k141_540405_192	C298	1	1	1	1	1	1	1	1	1	1	1	1	0	1
STP248.12601_R.bin.118|k141_540405_193	C298	1	1	1	1	1	1	1	1	1	1	0	1	1	1
STP248.12601_R.bin.118|k141_540405_194	C298	1	1	1	1	1	1	1	1	1	1	1	1	1	1
STP248.12601_R.bin.118|k141_666362_20	C298	1	1	1	1	1	1	1	1	1	1	0	1	0	1
STP248.12601_R.bin.118|k141_666362_21	C298	1	1	1	1	1	1	0	1	1	1	0	1	1	1
STP248.12601_R.bin.118|k141_666362_22	C298	1	1	1	1	1	1	0	1	1	1	1	1	1	1
STP248.12601_R.bin.118|k141_666362_23	C298	1	0	0	0	0	1	0	0	0	0	0	0	0	0
STP248.12601_R.bin.118|k141_666362_24	C298	1	1	1	1	1	1	0	0	0	0	0	0	0	0
STP248.12601_R.bin.118|k141_666362_25	C298	1	1	1	1	1	1	1	1	0	0	1	1	0	0
STP248.12601_R.bin.118|k141_666362_27	C298	1	1	1	1	0	1	0	0	0	0	0	1	0	0
STP248.12601_R.bin.118|k141_666362_28	C298	1	1	1	1	1	1	1	1	1	1	0	1	1	1
STP248.12601_R.bin.118|k141_417709_2	C298	1	1	1	1	1	1	1	1	1	1	1	1	1	1
STP248.12601_R.bin.118|k141_417709_4	C298	1	1	1	1	1	1	1	1	1	0	0	1	1	1
STP248.12601_R.bin.118|k141_417709_5	C298	1	0	0	0	1	1	1	0	0	0	0	0	0	0
STP248.12601_R.bin.118|k141_417709_6	C298	1	1	1	1	1	1	0	1	1	1	1	1	1	1
STP248.12601_R.bin.118|k141_417709_7	C298	1	0	1	1	1	1	0	1	0	0	0	0	0	0
STP248.12601_R.bin.118|k141_417709_10	C298	1	1	1	1	1	1	0	1	1	1	1	1	1	1
STP248.12601_R.bin.118|k141_417709_11	C298	1	1	1	1	1	1	1	1	1	1	1	1	1	1
STP248.12601_R.bin.118|k141_417709_12	C298	1	1	1	1	1	1	1	1	1	0	1	1	1	1
STP248.12601_R.bin.118|k141_417709_13	C298	1	1	1	1	1	1	1	1	1	1	1	1	1	1
STP248.12601_R.bin.118|k141_417709_14	C298	1	1	1	1	1	1	1	1	1	1	0	1	1	1
STP248.12601_R.bin.118|k141_417709_15	C298	1	1	1	0	0	1	1	1	1	1	0	0	1	1
STP248.12601_R.bin.118|k141_417709_16	C298	1	1	1	1	1	1	1	1	1	1	0	1	1	1
STP248.12601_R.bin.118|k141_417709_17	C298	1	1	1	1	1	1	1	1	1	0	0	1	1	1
STP248.12601_R.bin.118|k141_417709_23	C298	1	1	1	1	1	1	1	1	1	1	1	1	1	1
STP248.12601_R.bin.118|k141_417709_24	C298	1	0	0	0	1	1	0	0	0	0	0	0	0	0
STP248.12601_R.bin.118|k141_417709_28	C298	1	1	1	1	1	1	1	1	1	1	1	1	1	1
STP248.12601_R.bin.118|k141_417709_29	C298	1	1	1	1	1	1	1	1	1	1	1	1	1	1
STP248.12601_R.bin.118|k141_417709_31	C298	1	1	0	0	0	1	0	1	0	0	0	0	0	1
STP248.12601_R.bin.118|k141_417709_32	C298	1	1	0	1	0	1	0	1	0	0	0	0	0	1
STP248.12601_R.bin.118|k141_417709_35	C298	1	1	1	1	1	1	0	1	1	1	1	1	1	1
STP248.12601_R.bin.118|k141_417709_36	C298	1	1	1	1	1	1	1	1	1	1	1	1	1	1
STP248.12601_R.bin.118|k141_417709_38	C298	1	0	1	1	1	1	0	1	0	1	1	1	0	0
STP248.12601_R.bin.118|k141_417709_40	C298	1	1	1	1	1	1	1	1	0	0	1	0	0	1
STP248.12601_R.bin.118|k141_417709_41	C298	1	1	1	1	1	1	1	0	1	0	1	0	1	0
STP248.12601_R.bin.118|k141_417709_42	C298	1	1	1	1	1	1	1	1	1	1	1	1	1	1
STP248.12601_R.bin.118|k141_417709_43	C298	1	1	1	1	1	1	1	1	1	1	1	1	1	1
STP248.12601_R.bin.118|k141_417709_44	C298	1	1	1	1	1	1	1	1	1	1	1	1	1	1
STP248.12601_R.bin.118|k141_417709_45	C298	1	1	1	1	1	1	1	1	1	1	1	1	1	1
STP248.12601_R.bin.118|k141_417709_46	C298	1	1	1	1	1	1	0	1	1	1	1	1	1	1
STP248.12601_R.bin.118|k141_417709_47	C298	1	1	1	1	1	1	0	1	1	1	1	1	1	1
STP248.12601_R.bin.118|k141_417709_48	C298	1	1	1	1	1	1	1	1	1	1	1	1	1	1
STP248.12601_R.bin.118|k141_417709_49	C298	1	1	1	1	1	1	0	0	0	0	0	0	0	0
STP248.12601_R.bin.118|k141_417709_50	C298	1	1	1	1	1	1	1	1	1	1	1	1	1	1
STP248.12601_R.bin.118|k141_417709_51	C298	1	1	1	1	1	1	1	1	1	1	1	1	1	1
STP248.12601_R.bin.118|k141_417709_52	C298	1	1	1	1	1	1	0	1	1	1	1	1	1	1
STP248.12601_R.bin.118|k141_417709_53	C298	1	1	1	1	1	1	1	1	1	1	1	1	1	1
STP248.12601_R.bin.118|k141_417709_54	C298	1	1	1	1	1	1	1	1	1	1	1	1	1	1
STP248.12601_R.bin.118|k141_417709_56	C298	1	1	1	1	1	1	1	1	1	1	1	1	1	1
STP248.12601_R.bin.118|k141_417709_57	C298	1	1	1	1	1	1	1	1	1	1	1	1	1	1
STP248.12601_R.bin.118|k141_417709_60	C298	1	1	1	1	1	1	1	1	1	1	1	1	1	1
STP248.12601_R.bin.118|k141_417709_63	C298	1	1	1	1	0	1	1	1	1	1	1	1	1	1
STP248.12601_R.bin.118|k141_417709_64	C298	1	1	1	1	0	1	0	1	0	1	0	0	0	0
STP248.12601_R.bin.118|k141_417709_66	C298	1	1	1	1	1	1	1	1	0	0	1	1	0	0
STP248.12601_R.bin.118|k141_417709_68	C298	1	1	1	0	1	1	0	0	0	0	0	0	0	0
STP248.12601_R.bin.118|k141_417709_73	C298	1	1	1	1	0	1	0	0	0	0	0	0	1	1
STP248.12601_R.bin.118|k141_417709_74	C298	1	1	1	1	1	1	1	1	1	1	1	1	1	1
STP248.12601_R.bin.118|k141_417709_75	C298	1	1	1	1	1	1	0	0	1	1	1	1	1	1
STP248.12601_R.bin.118|k141_417709_78	C298	1	1	1	1	1	1	1	1	1	1	1	0	1	1
STP248.12601_R.bin.118|k141_417709_79	C298	1	1	1	1	1	1	1	1	1	1	1	0	1	1
STP248.12601_R.bin.118|k141_417709_81	C298	1	1	1	1	1	1	1	1	1	1	1	1	1	1
STP248.12601_R.bin.118|k141_417709_82	C298	1	1	1	1	1	1	1	1	1	1	1	1	1	1
STP248.12601_R.bin.118|k141_417709_83	C298	1	1	1	1	1	1	1	1	1	1	1	1	1	1
STP248.12601_R.bin.118|k141_417709_84	C298	1	1	1	1	0	1	0	1	1	1	1	1	1	1
STP248.12601_R.bin.118|k141_417709_86	C298	1	1	1	1	1	1	1	1	1	1	1	0	1	1
STP248.12601_R.bin.118|k141_417709_87	C298	1	1	1	1	1	1	1	1	0	0	1	1	0	0
STP248.12601_R.bin.118|k141_417709_88	C298	1	1	1	1	1	1	1	1	0	0	1	1	0	0
STP248.12601_R.bin.118|k141_417709_90	C298	1	1	1	1	1	1	1	1	1	1	1	1	1	1
STP248.12601_R.bin.118|k141_417709_93	C298	1	1	1	1	1	1	1	1	1	1	1	1	1	0
STP248.12601_R.bin.118|k141_417709_94	C298	1	1	1	1	1	1	1	0	1	0	1	1	1	1
STP248.12601_R.bin.118|k141_417709_97	C298	1	1	1	1	1	1	1	1	1	1	1	1	1	1
STP248.12601_R.bin.118|k141_417709_99	C298	1	1	1	1	1	1	1	1	1	1	1	1	1	1
STP248.12601_R.bin.118|k141_417709_100	C298	1	1	1	1	1	1	0	0	0	1	0	0	0	0
STP248.12601_R.bin.118|k141_417709_101	C298	1	1	1	1	1	1	1	1	0	0	1	1	0	0
STP248.12601_R.bin.118|k141_417709_102	C298	1	1	1	1	1	1	1	1	0	0	1	1	0	0
STP248.12601_R.bin.118|k141_417709_103	C298	1	1	1	1	1	1	0	1	1	1	1	1	1	1
STP248.12601_R.bin.118|k141_417709_104	C298	1	1	1	1	1	1	0	1	1	1	1	1	1	1
STP248.12601_R.bin.118|k141_417709_105	C298	1	1	1	1	1	1	0	1	1	1	1	1	1	1
STP248.12601_R.bin.118|k141_417709_107	C298	1	1	1	1	1	1	1	1	1	1	1	1	1	1
STP248.12601_R.bin.118|k141_417709_108	C298	1	1	1	1	1	1	1	1	1	1	1	1	1	1
STP248.12601_R.bin.118|k141_417709_109	C298	1	1	1	1	1	1	1	1	1	1	1	1	1	1
STP248.12601_R.bin.118|k141_417709_110	C298	1	1	1	1	1	1	1	1	1	1	1	1	1	1
STP248.12601_R.bin.118|k141_417709_111	C298	1	1	1	1	1	1	1	1	1	0	1	1	0	0
STP248.12601_R.bin.118|k141_417709_114	C298	1	1	1	1	1	1	0	1	1	1	1	1	0	1
STP248.12601_R.bin.118|k141_417709_115	C298	1	1	1	1	1	1	1	1	1	1	1	1	1	1
STP248.12601_R.bin.118|k141_417709_116	C298	1	1	1	1	1	1	1	1	1	1	0	1	1	1
STP248.12601_R.bin.118|k141_417709_118	C298	1	1	1	1	0	1	0	0	0	0	0	0	0	0
STP248.12601_R.bin.118|k141_417709_119	C298	1	1	1	1	1	1	1	1	1	1	1	1	1	1
STP248.12601_R.bin.118|k141_417709_122	C298	1	1	1	1	1	1	0	1	0	0	1	1	0	0
STP248.12601_R.bin.118|k141_417709_123	C298	1	1	1	1	1	1	0	0	0	0	0	0	0	0
STP248.12601_R.bin.118|k141_417709_124	C298	1	1	1	1	1	1	1	1	1	1	1	1	1	1
STP248.12601_R.bin.118|k141_417709_126	C298	1	1	1	1	1	1	0	0	0	0	1	1	0	1
STP248.12601_R.bin.118|k141_417709_127	C298	1	1	1	1	1	1	0	1	1	1	1	1	1	1
STP248.12601_R.bin.118|k141_417709_128	C298	1	1	1	1	1	1	0	0	0	1	0	0	0	0
STP248.12601_R.bin.118|k141_417709_129	C298	1	1	1	1	1	1	0	0	0	1	0	1	0	0
STP248.12601_R.bin.118|k141_417709_130	C298	1	1	1	1	1	1	0	1	1	1	1	1	1	1
STP248.12601_R.bin.118|k141_417709_131	C298	1	1	1	0	1	1	1	1	1	1	0	1	1	1
STP248.12601_R.bin.118|k141_417709_133	C298	1	1	1	1	1	1	1	1	1	0	0	1	1	1
STP248.12601_R.bin.118|k141_417709_134	C298	1	1	1	1	1	1	1	1	0	0	1	1	0	0
STP248.12601_R.bin.118|k141_417709_135	C298	1	1	1	1	1	1	0	0	0	0	0	1	0	0
STP248.12601_R.bin.118|k141_417709_136	C298	1	1	1	1	1	1	1	1	1	0	1	1	1	1
STP248.12601_R.bin.118|k141_417709_137	C298	1	0	0	0	1	1	0	1	0	0	1	1	0	0
STP248.12601_R.bin.118|k141_417709_138	C298	1	1	1	1	1	1	1	1	1	1	1	1	1	1
STP248.12601_R.bin.118|k141_417709_139	C298	1	1	1	1	1	1	1	1	1	0	1	1	1	1
STP248.12601_R.bin.118|k141_417709_140	C298	1	0	0	0	0	1	0	1	0	0	1	0	0	0
STP248.12601_R.bin.118|k141_417709_141	C298	1	1	1	1	0	1	1	0	1	0	1	0	1	0
STP248.12601_R.bin.118|k141_417709_142	C298	1	1	1	1	1	1	1	1	0	1	1	1	0	1
STP248.12601_R.bin.118|k141_417709_145	C298	1	1	1	1	1	1	1	1	0	0	1	0	1	0
STP248.12601_R.bin.118|k141_417709_146	C298	1	1	1	1	1	1	1	1	1	1	1	1	1	1
STP248.12601_R.bin.118|k141_417709_147	C298	1	1	1	1	1	1	1	1	1	1	1	1	1	1
STP248.12601_R.bin.118|k141_417709_148	C298	1	1	1	1	1	1	1	1	1	1	1	1	1	1
STP248.12601_R.bin.118|k141_923502_1	C298	1	1	1	1	1	1	1	1	1	1	1	1	1	1
STP248.12601_R.bin.118|k141_923502_2	C298	1	1	1	1	1	1	1	1	1	1	1	1	1	1
STP248.12601_R.bin.118|k141_923502_3	C298	1	1	1	1	1	1	1	1	1	1	1	1	1	1
STP248.12601_R.bin.118|k141_923502_4	C298	1	1	1	1	1	1	1	1	1	1	0	1	1	1
STP248.12601_R.bin.118|k141_923502_5	C298	1	1	1	1	1	1	1	1	1	1	1	1	1	1
STP248.12601_R.bin.118|k141_923502_6	C298	1	1	1	1	1	1	1	1	0	0	1	0	0	0
STP248.12601_R.bin.118|k141_923502_7	C298	1	1	1	1	0	1	0	0	0	0	0	0	0	0
STP248.12601_R.bin.118|k141_923502_8	C298	1	1	1	1	1	1	0	0	1	1	0	0	0	1
STP248.12601_R.bin.118|k141_923502_12	C298	1	1	1	1	1	1	1	1	1	1	1	1	1	1
STP248.12601_R.bin.118|k141_923502_13	C298	1	1	1	1	1	1	1	1	1	1	0	1	1	1
STP248.12601_R.bin.118|k141_923502_14	C298	1	0	1	1	1	1	1	1	1	1	1	1	1	1
STP248.12601_R.bin.118|k141_923502_15	C298	1	1	1	1	1	1	1	1	1	0	1	1	0	0
STP248.12601_R.bin.118|k141_923502_16	C298	1	1	1	1	1	1	0	1	1	1	1	1	1	1
STP248.12601_R.bin.118|k141_923502_17	C298	1	1	1	1	1	1	1	0	0	0	1	1	1	0
STP248.12601_R.bin.118|k141_923502_18	C298	1	1	1	1	1	1	1	0	0	0	1	1	1	0
STP248.12601_R.bin.118|k141_923502_19	C298	1	1	1	1	1	1	1	0	0	0	1	1	1	0
STP248.12601_R.bin.118|k141_923502_20	C298	1	1	1	1	1	1	1	1	0	0	0	0	0	0
STP248.12601_R.bin.118|k141_923502_21	C298	1	1	1	1	1	1	1	0	0	0	0	1	0	0
STP248.12601_R.bin.118|k141_923502_23	C298	1	1	1	1	1	1	1	1	1	1	1	1	1	0
STP248.12601_R.bin.118|k141_923502_24	C298	1	1	1	1	1	1	1	1	1	1	0	0	1	1
STP248.12601_R.bin.118|k141_923502_25	C298	1	1	1	1	1	1	1	0	0	1	1	1	0	0
STP248.12601_R.bin.118|k141_923502_26	C298	1	1	1	1	1	1	0	1	1	0	1	1	1	1
STP248.12601_R.bin.118|k141_923502_27	C298	1	1	1	1	1	1	0	1	1	0	1	1	1	0
STP248.12601_R.bin.118|k141_923502_28	C298	1	1	1	1	1	1	1	1	1	1	1	1	1	1
STP248.12601_R.bin.118|k141_923502_29	C298	1	1	1	1	1	1	1	1	1	1	0	1	1	1
STP248.12601_R.bin.118|k141_923502_30	C298	1	1	1	1	1	1	1	1	1	1	1	1	1	1
STP248.12601_R.bin.118|k141_923502_32	C298	1	1	1	1	1	1	1	1	1	1	1	1	1	0
STP248.12601_R.bin.118|k141_923502_33	C298	1	1	1	1	1	1	1	1	1	1	1	1	1	1
STP248.12601_R.bin.118|k141_923502_35	C298	1	1	1	1	1	1	1	1	1	1	1	1	1	1
STP248.12601_R.bin.118|k141_923502_36	C298	1	1	1	1	1	1	1	1	1	1	1	1	0	1
STP248.12601_R.bin.118|k141_923502_37	C298	1	1	1	1	1	1	1	1	1	1	1	1	0	1
STP248.12601_R.bin.118|k141_923502_39	C298	1	0	0	0	1	1	0	1	1	0	0	0	1	1
STP248.12601_R.bin.118|k141_923502_46	C298	1	0	0	0	0	1	0	1	1	0	0	0	1	0
STP248.12601_R.bin.118|k141_923502_47	C298	1	1	1	1	0	1	0	1	0	0	1	0	1	0
STP248.12601_R.bin.118|k141_923502_49	C298	1	1	1	1	1	1	1	1	1	1	1	1	0	1
STP248.12601_R.bin.118|k141_923502_50	C298	1	1	1	1	1	1	0	1	1	1	1	1	1	1
STP248.12601_R.bin.118|k141_923502_51	C298	1	1	1	1	1	1	0	1	0	0	1	1	0	0
STP248.12601_R.bin.118|k141_923502_52	C298	1	1	1	1	1	1	1	1	1	1	0	1	1	1
STP248.12601_R.bin.118|k141_923502_53	C298	1	1	1	1	1	1	1	1	1	0	0	1	1	1
STP248.12601_R.bin.118|k141_923502_54	C298	1	1	1	1	1	1	1	1	1	0	0	1	1	1
STP248.12601_R.bin.118|k141_923502_55	C298	1	1	1	1	1	1	0	0	0	0	0	0	0	0
STP248.12601_R.bin.118|k141_923502_56	C298	1	1	1	1	1	1	1	1	1	1	1	1	1	1
STP248.12601_R.bin.118|k141_923502_57	C298	1	1	1	1	1	1	1	1	1	1	1	1	1	1
STP248.12601_R.bin.118|k141_923502_58	C298	1	1	1	1	1	1	0	1	1	0	1	1	1	1
STP248.12601_R.bin.118|k141_923502_59	C298	1	1	1	1	1	1	0	1	1	1	1	1	1	1
STP248.12601_R.bin.118|k141_923502_60	C298	1	0	0	0	0	1	0	0	0	0	0	0	0	0
STP248.12601_R.bin.118|k141_923502_63	C298	1	1	1	1	0	1	1	0	0	0	0	0	0	0
STP248.12601_R.bin.118|k141_923502_65	C298	1	1	1	1	0	1	0	0	0	0	0	0	0	0
STP248.12601_R.bin.118|k141_923502_67	C298	1	1	1	1	1	1	1	1	1	1	1	1	1	1
STP248.12601_R.bin.118|k141_923502_68	C298	1	1	1	1	1	1	1	1	0	0	1	1	0	0
STP248.12601_R.bin.118|k141_923502_69	C298	1	1	1	1	1	1	1	1	0	0	1	1	0	0
STP248.12601_R.bin.118|k141_556585_3	C298	1	1	1	1	1	1	0	1	1	0	0	1	1	1
STP248.12601_R.bin.118|k141_556585_6	C298	1	1	1	1	1	1	0	0	0	0	0	0	0	0
STP248.12601_R.bin.118|k141_556585_8	C298	1	0	0	0	0	1	0	0	1	0	1	0	0	0
STP248.12601_R.bin.118|k141_556585_12	C298	1	1	1	1	1	1	1	1	1	1	1	1	1	1
STP248.12601_R.bin.118|k141_556585_13	C298	1	1	1	1	1	1	1	1	0	0	1	1	0	0
STP248.12601_R.bin.118|k141_556585_14	C298	1	1	1	1	1	1	1	1	1	1	1	1	1	1
STP248.12601_R.bin.118|k141_556585_15	C298	1	1	1	1	1	1	1	1	1	1	1	1	0	1
STP248.12601_R.bin.118|k141_556585_20	C298	1	0	0	0	0	1	0	0	0	0	0	0	0	0
STP248.12601_R.bin.118|k141_556585_22	C298	1	1	1	1	1	1	1	1	1	1	1	1	0	1
STP248.12601_R.bin.118|k141_556585_23	C298	1	1	1	1	1	1	1	1	1	1	1	1	1	1
STP248.12601_R.bin.118|k141_556585_26	C298	1	1	1	1	1	1	0	0	1	1	0	0	0	1
STP248.12601_R.bin.118|k141_556585_27	C298	1	1	1	1	1	1	1	1	1	1	1	1	1	1
STP248.12601_R.bin.118|k141_556585_28	C298	1	1	1	1	1	1	0	0	1	1	1	0	1	1
STP248.12601_R.bin.118|k141_556585_29	C298	1	1	1	1	1	1	1	1	1	1	1	1	1	1
STP248.12601_R.bin.118|k141_556585_30	C298	1	1	1	1	1	1	0	1	0	0	1	1	0	0
STP248.12601_R.bin.118|k141_556585_32	C298	1	1	1	1	0	1	1	1	1	1	1	1	1	1
STP248.12601_R.bin.118|k141_556585_34	C298	1	1	1	1	0	1	1	1	0	0	0	0	0	0
STP248.12601_R.bin.118|k141_556585_40	C298	1	1	1	1	0	1	1	1	1	1	1	1	1	1
STP248.12601_R.bin.118|k141_556585_41	C298	1	1	1	1	0	1	1	1	1	1	1	1	1	1
STP248.12601_R.bin.118|k141_556585_42	C298	1	0	1	0	1	1	1	0	0	0	0	0	0	0
STP248.12601_R.bin.118|k141_556585_44	C298	1	1	1	1	1	1	1	1	1	1	0	1	1	1
STP248.12601_R.bin.118|k141_556585_45	C298	1	1	1	1	1	1	1	0	0	0	0	0	0	1
STP248.12601_R.bin.118|k141_556585_46	C298	1	0	0	0	0	1	1	0	0	0	0	0	0	0
STP248.12601_R.bin.118|k141_556585_47	C298	1	1	1	1	0	1	0	0	0	0	0	1	0	1
STP248.12601_R.bin.118|k141_556585_51	C298	1	0	0	0	1	1	0	1	0	0	0	0	0	0
STP248.12601_R.bin.118|k141_556585_53	C298	1	1	1	1	1	1	0	0	0	0	1	1	0	0
STP248.12601_R.bin.118|k141_556585_58	C298	1	1	1	1	1	1	1	1	1	1	1	1	1	1
STP248.12601_R.bin.118|k141_556585_59	C298	1	1	1	1	1	1	1	1	0	1	1	1	0	1
STP248.12601_R.bin.118|k141_556585_62	C298	1	1	1	1	1	1	1	1	0	0	1	1	0	0
STP248.12601_R.bin.118|k141_556585_63	C298	1	1	1	1	1	1	1	1	1	1	1	1	1	1
STP248.12601_R.bin.118|k141_556585_64	C298	1	1	1	1	1	1	1	1	1	1	1	1	1	1
STP248.12601_R.bin.118|k141_556585_65	C298	1	1	1	1	1	1	0	1	0	0	0	0	0	1
STP248.12601_R.bin.118|k141_557158_6	C298	1	1	1	1	1	1	1	1	0	0	0	1	0	0
STP248.12601_R.bin.118|k141_557158_7	C298	1	1	1	1	1	1	0	1	0	0	0	1	0	0
STP248.12601_R.bin.118|k141_557158_10	C298	1	1	1	1	1	1	1	1	0	0	1	1	0	0
STP248.12601_R.bin.118|k141_557158_12	C298	1	1	1	1	1	1	1	1	0	0	1	1	0	0
STP248.12601_R.bin.118|k141_557158_15	C298	1	1	1	1	1	1	1	1	1	1	1	1	1	1
STP248.12601_R.bin.118|k141_557158_16	C298	1	1	1	1	1	1	1	1	1	0	1	1	1	0
STP248.12601_R.bin.118|k141_557158_20	C298	1	0	1	1	0	1	1	0	0	0	0	0	1	0
STP248.12601_R.bin.118|k141_557158_21	C298	1	1	1	1	1	1	1	0	0	1	0	0	1	0
STP248.12601_R.bin.118|k141_557158_22	C298	1	1	1	1	0	1	1	0	0	0	0	0	1	0
STP248.12601_R.bin.118|k141_557158_23	C298	1	1	0	1	0	1	1	0	0	0	1	0	1	0
STP248.12601_R.bin.118|k141_557158_27	C298	1	1	1	1	1	1	1	1	0	1	1	1	0	1
STP248.12601_R.bin.118|k141_557158_31	C298	1	1	1	1	1	1	1	1	1	1	1	1	1	1
STP248.12601_R.bin.118|k141_557158_32	C298	1	0	0	0	0	1	0	0	1	1	0	1	1	1
STP248.12601_R.bin.118|k141_557158_42	C298	1	1	1	1	1	1	1	1	1	1	0	1	1	1
STP248.12601_R.bin.118|k141_557158_43	C298	1	1	1	1	1	1	1	1	1	1	0	1	1	1
STP248.12601_R.bin.118|k141_557158_44	C298	1	1	1	1	1	1	1	1	1	1	0	0	1	1
STP248.12601_R.bin.118|k141_557158_45	C298	1	1	1	1	1	1	1	1	0	0	1	0	0	1
STP248.12601_R.bin.118|k141_557158_46	C298	1	1	1	1	1	1	0	0	0	0	0	0	0	0
STP248.12601_R.bin.118|k141_557158_51	C298	1	1	1	1	1	1	1	1	1	1	1	1	1	1
STP248.12601_R.bin.118|k141_557158_53	C298	1	1	1	1	1	1	1	1	1	1	1	1	1	1
STP248.12601_R.bin.118|k141_557158_56	C298	1	1	1	1	0	1	1	1	1	1	1	1	1	1
STP248.12601_R.bin.118|k141_557158_57	C298	1	1	1	1	1	1	1	1	1	1	1	1	1	1
STP248.12601_R.bin.118|k141_557158_63	C298	1	1	1	1	1	1	1	1	1	0	1	1	1	1
STP248.12601_R.bin.118|k141_557158_64	C298	1	1	1	1	1	1	1	1	1	0	1	1	1	0
STP248.12601_R.bin.118|k141_557158_65	C298	1	1	1	1	1	1	1	1	1	1	0	0	0	1
STP248.12601_R.bin.118|k141_557158_68	C298	1	1	1	1	1	1	0	1	1	1	1	1	1	1
STP248.12601_R.bin.118|k141_557158_69	C298	1	1	1	1	1	1	1	1	1	1	1	1	1	0
STP248.12601_R.bin.118|k141_557158_70	C298	1	1	1	1	1	1	1	1	0	1	0	1	1	0
STP248.12601_R.bin.118|k141_435317_4	C298	1	1	1	1	1	1	0	1	1	1	0	1	1	1
STP248.12601_R.bin.118|k141_435317_5	C298	1	1	1	1	1	1	0	1	1	1	1	1	1	1
STP248.12601_R.bin.118|k141_435317_6	C298	1	1	1	1	1	1	1	1	1	1	1	1	1	1
STP248.12601_R.bin.118|k141_435317_7	C298	1	1	1	1	1	1	1	1	1	1	1	1	1	1
STP248.12601_R.bin.118|k141_435317_8	C298	1	0	0	0	0	1	1	0	0	0	0	0	0	1
STP248.12601_R.bin.118|k141_435317_9	C298	1	1	1	1	1	1	0	0	0	0	0	0	0	0
STP248.12601_R.bin.118|k141_435317_10	C298	1	1	1	1	0	1	1	0	0	0	0	0	0	0
STP248.12601_R.bin.118|k141_435317_11	C298	1	1	1	1	1	1	1	1	1	1	1	1	1	1
STP248.12601_R.bin.118|k141_435317_12	C298	1	1	1	1	1	1	1	1	1	1	1	1	1	1
STP248.12601_R.bin.118|k141_435317_13	C298	1	1	1	1	1	1	0	1	1	1	1	1	1	1
STP248.12601_R.bin.118|k141_435317_14	C298	1	1	1	1	1	1	0	1	1	0	1	1	0	0
STP248.12601_R.bin.118|k141_435317_15	C298	1	1	1	1	1	1	1	1	1	1	1	1	1	1
STP248.12601_R.bin.118|k141_435317_17	C298	1	1	1	1	1	1	1	1	1	1	1	1	1	1
STP248.12601_R.bin.118|k141_435317_18	C298	1	1	1	1	1	1	0	1	1	1	1	0	1	0
STP248.12601_R.bin.118|k141_435317_19	C298	1	1	1	1	1	1	0	1	1	1	1	0	1	1
STP248.12601_R.bin.118|k141_435317_20	C298	1	1	1	1	1	1	1	1	1	1	1	1	1	1
STP248.12601_R.bin.118|k141_435317_21	C298	1	1	1	1	1	1	1	1	1	1	0	1	1	1
STP248.12601_R.bin.118|k141_435317_22	C298	1	1	1	1	1	1	1	1	1	1	1	1	1	1
STP248.12601_R.bin.118|k141_435317_23	C298	1	1	1	1	1	1	1	1	1	1	1	1	1	1
STP248.12601_R.bin.118|k141_435317_24	C298	1	1	1	1	1	1	1	1	0	0	1	1	0	0
STP248.12601_R.bin.118|k141_435317_25	C298	1	1	1	1	1	1	1	1	1	1	1	1	1	1
STP248.12601_R.bin.118|k141_435317_26	C298	1	1	1	1	1	1	0	0	0	0	0	0	0	0
STP248.12601_R.bin.118|k141_435317_27	C298	1	0	0	0	1	1	1	1	1	1	0	0	1	1
STP248.12601_R.bin.118|k141_435317_31	C298	1	1	1	1	1	1	1	1	1	1	1	0	1	1
STP248.12601_R.bin.118|k141_435317_32	C298	1	1	1	1	1	1	1	1	1	1	0	0	1	1
STP248.12601_R.bin.118|k141_435317_33	C298	1	1	1	1	1	1	1	1	1	1	1	1	1	1
STP248.12601_R.bin.118|k141_435317_34	C298	1	1	1	1	1	1	1	1	1	1	1	0	1	1
STP248.12601_R.bin.118|k141_435317_35	C298	1	1	1	1	1	1	1	1	1	1	1	1	1	1
STP248.12601_R.bin.118|k141_435317_36	C298	1	1	1	1	1	1	0	1	0	0	0	1	0	0
STP248.12601_R.bin.118|k141_563334_8	C298	1	1	1	1	1	1	1	0	1	1	1	1	1	1
STP248.12601_R.bin.118|k141_563334_10	C298	1	1	1	1	1	1	0	0	0	1	0	1	1	1
STP248.12601_R.bin.118|k141_563334_11	C298	1	1	1	1	1	1	0	1	0	1	1	1	0	1
STP248.12601_R.bin.118|k141_563334_13	C298	1	1	1	1	1	1	1	1	0	0	1	1	0	0
STP248.12601_R.bin.118|k141_563334_14	C298	1	1	1	1	1	1	1	1	1	1	1	1	1	1
STP248.12601_R.bin.118|k141_563334_15	C298	1	1	1	1	1	1	1	1	1	1	0	1	1	1
STP248.12601_R.bin.118|k141_563334_16	C298	1	1	1	1	1	1	1	1	1	1	1	1	1	1
STP248.12601_R.bin.118|k141_563334_17	C298	1	1	1	1	1	1	1	1	0	0	1	1	0	0
STP248.12601_R.bin.118|k141_563334_18	C298	1	1	1	1	1	1	1	1	1	1	0	0	1	1
STP248.12601_R.bin.118|k141_563334_19	C298	1	0	0	0	1	1	0	1	0	0	0	0	0	0
STP248.12601_R.bin.118|k141_563334_20	C298	1	1	1	1	1	1	0	1	1	1	0	0	1	0
STP248.12601_R.bin.118|k141_563334_22	C298	1	1	1	1	1	1	1	1	1	1	1	1	1	1
STP248.12601_R.bin.118|k141_563334_23	C298	1	1	1	1	1	1	1	1	1	1	1	1	1	1
STP248.12601_R.bin.118|k141_563334_24	C298	1	1	1	1	1	1	1	1	1	0	1	1	1	1
STP248.12601_R.bin.118|k141_563334_25	C298	1	1	1	1	1	1	1	1	1	0	1	1	1	1
STP248.12601_R.bin.118|k141_563334_26	C298	1	1	1	1	1	1	1	1	1	1	1	1	1	1
STP248.12601_R.bin.118|k141_563334_28	C298	1	1	1	1	1	1	1	1	1	1	1	1	1	1
STP248.12601_R.bin.118|k141_563334_29	C298	1	1	1	1	0	1	1	1	0	0	1	1	0	0
STP248.12601_R.bin.118|k141_563334_30	C298	1	1	1	1	0	1	0	0	0	0	0	0	0	0
STP248.12601_R.bin.118|k141_563334_37	C298	1	1	0	0	0	1	0	0	0	0	0	0	0	0
STP248.12601_R.bin.118|k141_563334_38	C298	1	0	0	0	0	1	0	0	0	0	0	0	0	0
STP248.12601_R.bin.118|k141_563334_42	C298	1	1	1	0	0	1	0	0	0	0	0	0	0	0
STP248.12601_R.bin.118|k141_936336_4	C298	1	1	1	1	1	1	1	1	1	1	1	0	1	1
STP248.12601_R.bin.118|k141_936336_5	C298	1	1	1	1	1	1	1	1	1	1	0	0	1	1
STP248.12601_R.bin.118|k141_936336_6	C298	1	1	1	1	1	1	1	1	1	1	0	1	1	1
STP248.12601_R.bin.118|k141_936336_12	C298	1	1	1	1	1	1	1	1	1	1	1	1	1	1
STP248.12601_R.bin.118|k141_196542_3	C298	1	1	1	1	1	1	1	1	1	1	1	1	1	1
STP248.12601_R.bin.118|k141_196542_6	C298	1	1	1	1	1	1	1	1	1	0	1	1	1	1
STP248.12601_R.bin.118|k141_196542_7	C298	1	0	0	0	0	1	0	0	0	1	0	0	0	0
STP248.12601_R.bin.118|k141_196542_8	C298	1	0	1	1	0	1	0	0	0	0	0	0	0	0
STP248.12601_R.bin.118|k141_196542_9	C298	1	1	1	1	1	1	1	0	0	1	0	0	0	1
STP248.12601_R.bin.118|k141_196542_10	C298	1	1	1	1	1	1	1	1	1	1	0	0	1	1
STP248.12601_R.bin.118|k141_196542_11	C298	1	1	1	1	0	1	0	0	0	0	0	1	0	0
STP248.12601_R.bin.118|k141_196542_12	C298	1	1	1	1	1	1	1	1	1	1	1	1	1	1
STP248.12601_R.bin.118|k141_196542_17	C298	1	1	1	1	0	1	0	0	0	0	0	1	0	0
STP248.12601_R.bin.118|k141_196542_18	C298	1	1	1	1	1	1	1	1	1	1	1	1	1	1
STP248.12601_R.bin.118|k141_196542_19	C298	1	1	1	1	1	1	0	0	0	0	0	0	1	0
STP248.12601_R.bin.118|k141_196542_20	C298	1	1	1	1	1	1	1	1	1	1	0	1	1	1
STP248.12601_R.bin.118|k141_196542_21	C298	1	1	1	1	1	1	1	1	1	1	1	1	1	1
STP248.12601_R.bin.118|k141_196542_23	C298	1	1	1	1	1	1	0	1	1	1	1	1	1	1
STP248.12601_R.bin.118|k141_196542_24	C298	1	1	1	1	1	1	0	1	1	1	1	1	1	1
STP248.12601_R.bin.118|k141_196542_25	C298	1	1	1	1	1	1	1	1	1	1	1	1	0	1
STP248.12601_R.bin.118|k141_196542_26	C298	1	1	1	1	1	1	0	1	1	1	1	1	1	1
STP248.12601_R.bin.118|k141_196542_27	C298	1	1	1	1	1	1	0	1	1	1	1	1	1	1
STP248.12601_R.bin.118|k141_196542_29	C298	1	1	1	1	1	1	1	1	1	1	1	1	1	1
STP248.12601_R.bin.118|k141_196542_30	C298	1	1	1	1	1	1	0	0	0	0	0	1	0	0
STP248.12601_R.bin.118|k141_196542_31	C298	1	1	1	1	1	1	1	1	1	1	1	1	1	1
STP248.12601_R.bin.118|k141_196542_32	C298	1	1	1	1	1	1	1	1	1	1	1	1	1	1
STP248.12601_R.bin.118|k141_196542_33	C298	1	1	1	1	1	1	1	1	1	1	1	1	1	1
STP248.12601_R.bin.118|k141_196542_34	C298	1	1	1	1	1	1	0	0	0	0	1	1	0	0
STP248.12601_R.bin.118|k141_196542_35	C298	1	1	1	1	1	1	1	1	1	1	0	0	1	1
STP248.12601_R.bin.118|k141_196542_36	C298	1	1	1	1	1	1	1	1	1	1	0	0	1	1
STP248.12601_R.bin.118|k141_196542_37	C298	1	1	1	1	1	1	1	1	1	1	0	0	1	1
STP248.12601_R.bin.118|k141_196542_38	C298	1	1	1	1	1	1	1	1	1	1	0	0	1	1
STP248.12601_R.bin.118|k141_196542_39	C298	1	1	1	1	1	1	1	1	1	1	1	0	1	1
STP248.12601_R.bin.118|k141_196542_40	C298	1	1	1	1	1	1	1	1	1	1	1	0	1	1
STP248.12601_R.bin.118|k141_196542_41	C298	1	1	1	1	1	1	1	1	1	1	1	0	1	1
STP248.12601_R.bin.118|k141_196542_42	C298	1	1	1	1	1	1	1	1	1	1	1	0	1	1
STP248.12601_R.bin.118|k141_196542_43	C298	1	1	1	1	1	1	1	1	1	1	1	0	1	1
STP248.12601_R.bin.118|k141_196542_44	C298	1	1	1	1	1	1	1	1	1	1	1	0	1	1
STP248.12601_R.bin.118|k141_196542_45	C298	1	1	1	1	1	1	1	1	1	1	1	1	1	1
STP248.12601_R.bin.118|k141_70658_1	C298	1	1	1	1	1	1	1	1	0	0	1	0	1	1
STP248.12601_R.bin.118|k141_70658_3	C298	1	1	1	1	1	1	0	1	0	0	1	1	0	0
STP248.12601_R.bin.118|k141_70658_4	C298	1	1	1	1	1	1	1	1	1	1	1	1	1	1
STP248.12601_R.bin.118|k141_70658_5	C298	1	1	1	1	1	1	1	1	1	1	1	1	1	1
STP248.12601_R.bin.118|k141_70658_6	C298	1	1	1	1	1	1	1	1	1	1	1	0	1	0
STP248.12601_R.bin.118|k141_70658_8	C298	1	1	1	1	1	1	1	1	1	1	0	1	1	1
STP248.12601_R.bin.118|k141_70658_9	C298	1	1	1	1	1	1	1	1	1	1	1	1	1	1
STP248.12601_R.bin.118|k141_70658_10	C298	1	1	1	1	1	1	0	1	1	0	0	1	0	1
STP248.12601_R.bin.118|k141_70658_11	C298	1	1	1	1	1	1	0	0	0	0	0	0	0	0
STP248.12601_R.bin.118|k141_70658_12	C298	1	1	0	0	0	1	0	0	1	1	1	1	1	1
STP248.12601_R.bin.118|k141_580373_4	C298	1	1	1	1	1	1	1	1	1	1	1	1	1	1
STP248.12601_R.bin.118|k141_580373_7	C298	1	1	1	1	1	1	0	0	0	0	1	1	0	0
STP248.12601_R.bin.118|k141_580373_8	C298	1	1	1	1	1	1	1	1	1	1	1	1	1	1
STP248.12601_R.bin.118|k141_580373_9	C298	1	1	1	0	1	1	1	1	1	1	1	1	1	1
STP248.12601_R.bin.118|k141_580373_10	C298	1	1	1	0	1	1	0	1	1	1	1	1	1	1
STP248.12601_R.bin.118|k141_580373_11	C298	1	1	1	1	1	1	0	1	1	1	0	1	1	1
STP248.12601_R.bin.118|k141_580373_12	C298	1	1	1	1	1	1	0	1	1	1	0	1	0	1
STP248.12601_R.bin.118|k141_580373_13	C298	1	1	1	1	1	1	1	1	1	1	1	1	1	1
STP248.12601_R.bin.118|k141_580373_14	C298	1	1	1	1	1	1	1	1	1	1	1	1	1	1
STP248.12601_R.bin.118|k141_580373_15	C298	1	0	0	0	0	1	0	0	1	1	0	0	1	1
STP248.12601_R.bin.118|k141_580373_16	C298	1	1	1	1	1	1	1	1	1	1	1	1	1	1
STP248.12601_R.bin.118|k141_580373_17	C298	1	1	1	1	1	1	1	1	1	1	0	1	1	1
STP248.12601_R.bin.118|k141_580373_18	C298	1	1	1	1	1	1	1	1	1	1	1	1	1	1
STP248.12601_R.bin.118|k141_580373_19	C298	1	0	1	0	1	1	0	0	0	1	0	0	0	0
STP248.12601_R.bin.118|k141_580373_21	C298	1	0	1	1	1	1	0	1	1	0	1	1	1	1
STP248.12601_R.bin.118|k141_580373_22	C298	1	0	1	1	1	1	0	1	1	0	0	1	1	1
STP248.12601_R.bin.118|k141_76108_1	C298	1	1	0	0	0	1	0	1	0	0	0	1	0	1
STP248.12601_R.bin.118|k141_76108_2	C298	1	1	0	0	0	1	0	1	0	0	0	1	0	1
STP248.12601_R.bin.118|k141_76108_3	C298	1	0	0	0	0	1	0	1	0	0	0	1	0	1
STP248.12601_R.bin.118|k141_76108_4	C298	1	1	1	1	1	1	1	0	1	1	1	1	0	1
STP248.12601_R.bin.118|k141_76108_6	C298	1	1	1	1	1	1	0	1	0	0	1	1	0	0
STP248.12601_R.bin.118|k141_76108_7	C298	1	0	1	1	1	1	1	1	1	0	1	1	1	1
STP248.12601_R.bin.118|k141_76108_10	C298	1	1	1	1	1	1	1	1	1	1	0	1	1	1
STP248.12601_R.bin.118|k141_76108_13	C298	1	1	1	1	0	1	1	1	0	0	1	1	0	0
STP248.12601_R.bin.118|k141_76108_14	C298	1	1	1	1	1	1	1	1	1	1	1	1	1	1
STP248.12601_R.bin.118|k141_76108_15	C298	1	1	1	1	1	1	1	1	1	1	0	1	1	1
STP248.12601_R.bin.118|k141_76108_16	C298	1	1	1	1	1	1	1	0	0	0	1	1	1	1
STP248.12601_R.bin.118|k141_76108_17	C298	1	1	1	1	1	1	1	1	1	1	1	1	1	1
STP248.12601_R.bin.118|k141_76108_18	C298	1	0	0	0	1	1	1	0	0	0	0	0	0	0
STP248.12601_R.bin.118|k141_76108_19	C298	1	1	1	1	1	1	1	1	0	1	0	1	0	0
STP248.12601_R.bin.118|k141_76108_21	C298	1	1	1	1	1	1	1	1	1	1	0	1	1	1
STP248.12601_R.bin.118|k141_76108_23	C298	1	1	1	1	0	1	0	0	0	0	0	0	0	0
STP248.12601_R.bin.118|k141_76108_24	C298	1	1	1	1	1	1	0	1	0	1	0	1	1	1
STP248.12601_R.bin.118|k141_76108_25	C298	1	1	1	1	1	1	1	1	1	1	0	0	1	1
STP248.12601_R.bin.118|k141_76108_26	C298	1	1	1	0	1	1	1	1	1	1	0	1	1	1
STP248.12601_R.bin.118|k141_76108_29	C298	1	1	1	1	1	1	0	1	1	1	0	1	1	1
STP248.12601_R.bin.118|k141_76108_30	C298	1	1	1	1	1	1	1	1	1	1	1	1	1	1
STP248.12601_R.bin.118|k141_76108_31	C298	1	0	0	0	0	1	0	0	0	0	0	0	0	0
STP248.12601_R.bin.118|k141_76108_32	C298	1	1	1	1	1	1	0	0	0	0	0	0	0	0
STP248.12601_R.bin.118|k141_76108_33	C298	1	1	1	1	1	1	0	1	0	1	0	1	1	0
STP248.12601_R.bin.118|k141_588353_5	C298	1	1	1	1	1	1	0	1	1	1	1	1	1	1
STP248.12601_R.bin.118|k141_588353_6	C298	1	1	1	1	1	1	1	1	1	1	0	1	1	1
STP248.12601_R.bin.118|k141_588353_9	C298	1	1	1	1	1	1	1	1	1	1	1	0	1	1
STP248.12601_R.bin.118|k141_588353_11	C298	1	1	1	1	1	1	1	1	1	1	1	1	1	1
STP248.12601_R.bin.118|k141_588353_13	C298	1	1	0	1	1	1	1	0	0	0	0	0	0	0
STP248.12601_R.bin.118|k141_588353_15	C298	1	1	1	1	1	1	0	1	1	1	0	1	1	1
STP248.12601_R.bin.118|k141_588353_16	C298	1	1	1	1	1	1	0	1	1	1	1	1	1	1
STP248.12601_R.bin.118|k141_588353_17	C298	1	1	1	1	1	1	1	0	0	0	1	1	1	1
STP248.12601_R.bin.118|k141_588353_18	C298	1	1	1	1	0	1	0	0	0	0	0	1	0	0
STP248.12601_R.bin.118|k141_588353_21	C298	1	1	1	1	1	1	1	0	0	0	1	0	0	0
STP248.12601_R.bin.118|k141_588353_23	C298	1	1	1	1	1	1	1	1	1	1	0	1	1	1
STP248.12601_R.bin.118|k141_588353_24	C298	1	1	1	1	1	1	0	0	1	1	0	1	1	1
STP248.12601_R.bin.118|k141_588353_25	C298	1	1	1	1	1	1	0	1	0	0	0	0	0	0
STP248.12601_R.bin.118|k141_588353_26	C298	1	1	1	1	1	1	1	1	1	1	1	1	1	1
STP248.12601_R.bin.118|k141_588353_27	C298	1	1	1	1	1	1	1	1	1	1	1	1	1	1
STP248.12601_R.bin.118|k141_588353_28	C298	1	1	1	1	1	1	1	1	1	1	1	1	1	1
STP248.12601_R.bin.118|k141_588353_29	C298	1	1	1	1	1	1	1	1	1	1	0	1	1	1
STP248.12601_R.bin.118|k141_588353_30	C298	1	1	1	1	1	1	1	1	1	1	1	1	1	1
STP248.12601_R.bin.118|k141_588353_31	C298	1	1	1	1	1	1	1	1	1	1	1	1	1	1
STP248.12601_R.bin.118|k141_588353_34	C298	1	1	1	1	1	1	1	1	1	1	0	1	1	1
STP248.12601_R.bin.118|k141_588353_35	C298	1	1	1	1	1	1	1	1	0	0	0	1	1	0
STP248.12601_R.bin.118|k141_588353_36	C298	1	1	1	1	1	1	1	1	1	0	1	1	1	1
STP248.12601_R.bin.118|k141_588353_37	C298	1	1	1	1	1	1	1	1	1	1	1	1	1	1
STP248.12601_R.bin.118|k141_588353_38	C298	1	1	1	1	1	1	1	1	1	1	1	1	1	1
STP248.12601_R.bin.118|k141_588353_39	C298	1	1	1	1	1	1	0	1	1	1	1	1	1	1
STP248.12601_R.bin.118|k141_588353_40	C298	1	1	1	1	1	1	1	1	1	1	1	1	1	1
STP248.12601_R.bin.118|k141_588353_41	C298	1	1	1	1	1	1	0	1	0	0	1	1	0	0
STP248.12601_R.bin.118|k141_588353_42	C298	1	1	1	1	1	1	1	1	1	1	1	1	1	1
STP248.12601_R.bin.118|k141_588353_43	C298	1	1	1	1	1	1	1	1	1	1	1	1	1	1
STP248.12601_R.bin.118|k141_588353_45	C298	1	0	0	1	0	1	0	0	0	0	0	1	0	0
STP248.12601_R.bin.118|k141_588353_46	C298	1	0	1	1	0	1	1	0	0	0	0	1	0	1
STP248.12601_R.bin.118|k141_588353_47	C298	1	0	1	1	0	1	0	0	0	0	0	0	0	0
STP248.12601_R.bin.118|k141_588353_48	C298	1	0	1	1	0	1	0	0	0	0	0	1	0	0
STP248.12601_R.bin.118|k141_588353_50	C298	1	1	1	1	1	1	1	1	1	1	1	1	1	1
STP248.12601_R.bin.118|k141_588353_51	C298	1	1	1	1	1	1	0	1	1	1	1	1	1	1
STP248.12601_R.bin.118|k141_588353_52	C298	1	1	1	0	1	1	0	1	1	1	1	1	1	1
STP248.12601_R.bin.118|k141_588353_53	C298	1	1	1	1	1	1	1	1	1	1	0	1	1	1
STP248.12601_R.bin.118|k141_588353_54	C298	1	1	1	1	1	1	1	1	1	1	1	1	1	1
STP248.12601_R.bin.118|k141_588353_58	C298	1	1	1	1	1	1	0	0	0	0	0	0	0	0
STP248.12601_R.bin.118|k141_588353_60	C298	1	1	1	1	1	1	1	1	1	1	1	1	1	1
STP248.12601_R.bin.118|k141_588353_65	C298	1	1	1	1	1	1	1	1	1	1	1	1	1	1
STP248.12601_R.bin.118|k141_588353_66	C298	1	1	1	1	1	1	1	1	1	1	1	1	1	1
STP248.12601_R.bin.118|k141_588353_67	C298	1	1	0	1	1	1	1	1	1	1	1	1	1	1
STP248.12601_R.bin.118|k141_588353_68	C298	1	1	1	1	1	1	1	1	1	1	1	1	1	1
STP248.12601_R.bin.118|k141_588353_69	C298	1	1	1	1	1	1	0	1	1	1	0	1	1	1
STP248.12601_R.bin.118|k141_588353_73	C298	1	1	1	1	1	1	1	1	1	1	0	1	1	1
STP248.12601_R.bin.118|k141_588353_74	C298	1	1	1	1	1	1	1	1	1	0	0	1	1	1
STP248.12601_R.bin.118|k141_588353_75	C298	1	1	1	1	1	1	1	1	1	0	0	1	1	1
STP248.12601_R.bin.118|k141_588353_76	C298	1	1	1	1	1	1	1	1	1	1	1	1	1	0
STP248.12601_R.bin.118|k141_588353_77	C298	1	1	1	1	0	1	0	0	0	0	0	0	0	0
STP248.12601_R.bin.118|k141_588353_78	C298	1	1	1	1	1	1	0	0	0	0	0	0	0	0
STP248.12601_R.bin.118|k141_588353_80	C298	1	1	1	1	1	1	0	0	0	0	0	0	0	0
STP248.12601_R.bin.118|k141_588353_81	C298	1	1	1	1	1	1	0	0	0	0	1	0	0	0
STP248.12601_R.bin.118|k141_588353_82	C298	1	1	1	1	0	1	0	0	0	0	0	0	0	0
STP248.12601_R.bin.118|k141_588353_85	C298	1	1	1	1	1	1	1	1	1	1	0	1	1	1
STP248.12601_R.bin.118|k141_588353_86	C298	1	1	1	1	1	1	0	0	0	0	0	0	0	0
STP248.12601_R.bin.118|k141_588353_88	C298	1	1	1	1	1	1	1	1	1	1	0	0	1	1
STP248.12601_R.bin.118|k141_588353_89	C298	1	1	1	1	1	1	1	1	1	1	0	1	1	1
STP248.12601_R.bin.118|k141_588353_90	C298	1	1	1	1	0	1	1	1	1	1	1	1	1	1
STP248.12601_R.bin.118|k141_588353_91	C298	1	1	1	1	1	1	1	1	1	1	1	1	1	1
STP248.12601_R.bin.118|k141_588353_92	C298	1	1	1	1	1	1	1	1	1	1	1	1	1	1
STP248.12601_R.bin.118|k141_588353_93	C298	1	1	1	1	1	1	1	1	1	1	1	1	0	1
STP248.12601_R.bin.118|k141_588353_94	C298	1	0	0	0	0	1	0	0	0	0	0	0	0	0
STP248.12601_R.bin.118|k141_588353_95	C298	1	1	1	1	1	1	1	1	1	1	1	0	1	1
STP248.12601_R.bin.118|k141_588353_96	C298	1	1	1	1	1	1	1	1	1	1	1	0	1	1
STP248.12601_R.bin.118|k141_588353_97	C298	1	1	1	1	1	1	0	1	1	0	1	1	1	1
STP248.12601_R.bin.118|k141_588353_98	C298	1	1	1	1	0	1	0	0	0	0	1	0	0	0
STP248.12601_R.bin.118|k141_588353_99	C298	1	1	1	1	0	1	0	0	0	0	0	0	0	0
STP248.12601_R.bin.118|k141_588353_105	C298	1	1	1	1	1	1	0	0	0	1	0	0	0	1
STP248.12601_R.bin.118|k141_588353_106	C298	1	1	1	1	1	1	0	1	1	1	0	1	1	1
STP248.12601_R.bin.118|k141_588353_111	C298	1	1	1	1	1	1	0	1	1	1	1	1	1	1
STP248.12601_R.bin.118|k141_589226_6	C298	1	1	1	1	0	1	0	0	0	0	1	0	0	0
STP248.12601_R.bin.118|k141_589226_10	C298	1	1	1	1	1	1	0	1	1	1	1	1	1	1
STP248.12601_R.bin.118|k141_589226_11	C298	1	1	1	1	1	1	0	1	1	1	1	1	1	1
STP248.12601_R.bin.118|k141_589226_14	C298	1	1	1	1	1	1	1	1	1	1	1	1	1	1
STP248.12601_R.bin.118|k141_589226_15	C298	1	1	0	1	0	1	1	1	0	0	1	1	0	0
STP248.12601_R.bin.118|k141_589226_16	C298	1	1	1	1	1	1	1	1	1	1	0	1	1	1
STP248.12601_R.bin.118|k141_589226_17	C298	1	1	1	1	1	1	1	1	1	1	0	1	1	1
STP248.12601_R.bin.118|k141_589226_18	C298	1	1	1	1	1	1	1	1	1	1	0	1	1	1
STP248.12601_R.bin.118|k141_589226_19	C298	1	1	1	1	1	1	1	1	1	1	1	0	1	1
STP248.12601_R.bin.118|k141_589226_20	C298	1	1	1	1	1	1	1	1	1	1	0	1	1	1
STP248.12601_R.bin.118|k141_589226_21	C298	1	1	1	1	1	1	1	1	0	1	0	1	0	1
STP248.12601_R.bin.118|k141_589226_22	C298	1	1	1	1	1	1	1	1	1	1	0	1	1	1
STP248.12601_R.bin.118|k141_589226_23	C298	1	1	1	1	1	1	1	1	1	1	1	1	1	1
STP248.12601_R.bin.118|k141_589226_24	C298	1	1	1	1	1	1	1	1	1	1	0	1	1	1
STP248.12601_R.bin.118|k141_589226_25	C298	1	1	1	1	1	1	0	1	0	0	1	1	0	0
STP248.12601_R.bin.118|k141_589226_26	C298	1	1	1	1	1	1	0	0	0	0	0	0	0	0
STP248.12601_R.bin.118|k141_589226_27	C298	1	1	1	1	1	1	1	0	1	1	1	0	0	0
STP248.12601_R.bin.118|k141_589226_28	C298	1	1	1	1	1	1	0	0	0	0	1	1	0	0
STP248.12601_R.bin.118|k141_589226_29	C298	1	1	1	1	1	1	1	1	1	1	1	1	1	1
STP248.12601_R.bin.118|k141_589226_39	C298	1	1	1	1	1	1	0	1	1	1	0	1	0	1
STP248.12601_R.bin.118|k141_589226_46	C298	1	0	0	0	1	1	0	1	1	0	0	0	0	0
STP248.12601_R.bin.118|k141_589226_47	C298	1	0	0	0	1	1	0	1	1	0	0	0	0	0
STP248.12601_R.bin.118|k141_589226_52	C298	1	0	0	1	0	1	0	0	0	0	0	0	0	0
STP248.12601_R.bin.118|k141_589226_60	C298	1	0	0	0	1	1	0	0	1	1	0	0	0	0
STP248.12601_R.bin.118|k141_589226_61	C298	1	0	0	0	1	1	0	0	0	1	0	0	0	1
STP248.12601_R.bin.118|k141_589226_62	C298	1	1	1	1	1	1	1	0	1	0	0	1	0	0
STP248.12601_R.bin.118|k141_589226_64	C298	1	1	1	1	1	1	0	1	1	1	1	1	1	1
STP248.12601_R.bin.118|k141_589226_65	C298	1	1	1	1	1	1	1	1	1	1	1	1	1	1
STP248.12601_R.bin.118|k141_589226_66	C298	1	0	1	1	1	1	0	1	0	0	1	1	0	0
STP248.12601_R.bin.118|k141_589226_68	C298	1	1	1	1	1	1	1	1	1	1	1	1	1	1
STP248.12601_R.bin.118|k141_589226_69	C298	1	1	1	1	0	1	0	0	0	0	0	1	0	0
STP248.12601_R.bin.118|k141_589226_70	C298	1	1	1	1	1	1	1	1	1	1	0	1	1	1
STP248.12601_R.bin.118|k141_589226_72	C298	1	0	0	0	0	1	1	0	0	0	0	0	0	0
STP248.12601_R.bin.118|k141_589226_74	C298	1	1	1	1	1	1	1	1	1	1	1	1	1	1
STP248.12601_R.bin.118|k141_589226_75	C298	1	1	1	1	1	1	0	1	0	0	1	1	0	0
STP248.12601_R.bin.118|k141_589226_76	C298	1	1	1	1	1	1	1	1	0	0	1	1	1	0
STP248.12601_R.bin.118|k141_589226_77	C298	1	1	1	1	1	1	1	1	1	1	0	1	1	1
STP248.12601_R.bin.118|k141_589226_78	C298	1	1	1	1	1	1	1	1	1	1	0	1	1	1
STP248.12601_R.bin.118|k141_589226_79	C298	1	0	1	0	1	1	0	1	0	0	0	0	0	0
STP248.12601_R.bin.118|k141_589226_80	C298	1	1	1	1	1	1	0	1	1	1	0	0	1	1
STP248.12601_R.bin.118|k141_589226_81	C298	1	1	1	1	1	1	1	1	0	0	1	1	1	1
STP248.12601_R.bin.118|k141_589226_82	C298	1	1	1	1	1	1	0	0	0	0	1	0	0	0
STP248.12601_R.bin.118|k141_589226_83	C298	1	1	1	1	1	1	1	1	1	1	1	1	1	1
STP248.12601_R.bin.118|k141_589226_84	C298	1	1	1	1	1	1	0	1	0	0	1	1	0	0
STP248.12601_R.bin.118|k141_589226_85	C298	1	1	1	1	1	1	1	1	1	0	1	1	0	1
STP248.12601_R.bin.118|k141_589226_87	C298	1	1	1	1	1	1	1	0	1	1	1	1	1	1
STP248.12601_R.bin.118|k141_589226_88	C298	1	1	1	1	1	1	1	1	1	1	1	1	1	1
STP248.12601_R.bin.118|k141_589226_89	C298	1	1	1	1	1	1	0	1	0	1	1	1	1	0
STP248.12601_R.bin.118|k141_589226_91	C298	1	1	1	1	1	1	1	1	1	1	1	1	1	1
STP248.12601_R.bin.118|k141_589226_92	C298	1	1	1	1	1	1	1	1	1	1	1	1	1	1
STP248.12601_R.bin.118|k141_589226_94	C298	1	1	1	1	1	1	1	1	1	1	0	0	1	1
STP248.12601_R.bin.118|k141_589226_95	C298	1	1	1	1	1	1	1	1	1	1	0	1	1	1
STP248.12601_R.bin.118|k141_589226_96	C298	1	1	1	1	1	1	1	1	1	1	0	1	1	1
STP248.12601_R.bin.118|k141_589226_100	C298	1	1	1	1	1	1	1	1	1	1	0	1	0	0
STP248.12601_R.bin.118|k141_589226_103	C298	1	1	1	1	1	1	1	1	1	0	1	1	1	1
STP248.12601_R.bin.118|k141_589226_110	C298	1	0	0	1	0	1	1	0	0	0	0	0	0	0
STP248.12601_R.bin.118|k141_589226_111	C298	1	0	0	1	0	1	0	0	0	0	0	0	0	0
STP248.12601_R.bin.118|k141_589226_115	C298	1	1	1	1	1	1	0	1	1	1	0	1	1	1
STP248.12601_R.bin.118|k141_589226_116	C298	1	1	1	1	1	1	1	1	1	1	1	1	0	1
STP248.12601_R.bin.118|k141_589226_117	C298	1	1	1	1	1	1	1	1	1	1	1	1	0	1
STP248.12601_R.bin.118|k141_589226_118	C298	1	1	1	1	1	1	1	1	0	0	1	1	0	0
STP248.12601_R.bin.118|k141_589226_119	C298	1	1	1	1	1	1	1	1	1	1	1	1	0	1
STP248.12601_R.bin.118|k141_589226_120	C298	1	1	1	1	1	1	1	1	1	1	1	0	1	1
STP248.12601_R.bin.118|k141_589226_121	C298	1	1	1	1	1	1	0	1	1	1	1	1	1	1
STP248.12601_R.bin.118|k141_589226_123	C298	1	1	1	1	1	1	0	1	1	0	0	0	0	1
STP248.12601_R.bin.118|k141_589226_124	C298	1	1	1	1	0	1	0	0	0	0	0	0	1	0
STP248.12601_R.bin.118|k141_958820_1	C298	1	1	1	1	1	1	0	1	1	1	1	1	1	1
STP248.12601_R.bin.118|k141_958820_2	C298	1	1	1	1	1	1	1	1	1	1	0	1	1	1
STP248.12601_R.bin.118|k141_958820_3	C298	1	1	1	1	1	1	1	1	1	1	1	1	1	1
STP248.12601_R.bin.118|k141_958820_4	C298	1	0	1	1	1	1	1	1	1	1	1	1	1	1
STP248.12601_R.bin.118|k141_958820_8	C298	1	1	1	1	1	1	1	1	1	1	1	1	1	1
STP248.12601_R.bin.118|k141_958820_9	C298	1	1	1	1	1	1	1	1	1	1	1	1	1	1
STP248.12601_R.bin.118|k141_958820_10	C298	1	0	0	0	0	1	0	1	0	0	0	1	0	0
STP248.12601_R.bin.118|k141_958820_15	C298	1	1	1	1	1	1	1	1	1	1	1	0	1	1
STP248.12601_R.bin.118|k141_958820_16	C298	1	1	1	1	1	1	0	1	1	1	1	0	1	1
STP248.12601_R.bin.118|k141_958820_19	C298	1	1	1	1	1	1	1	1	1	1	0	1	1	1
STP248.12601_R.bin.118|k141_958820_20	C298	1	1	1	1	1	1	0	0	0	0	0	0	0	0
STP248.12601_R.bin.118|k141_958820_21	C298	1	1	1	1	1	1	1	1	1	1	1	1	1	1
STP248.12601_R.bin.118|k141_958820_22	C298	1	1	1	1	1	1	1	1	0	0	1	1	0	1
STP248.12601_R.bin.118|k141_958820_23	C298	1	1	1	1	1	1	1	1	1	1	1	1	1	1
STP248.12601_R.bin.118|k141_958820_24	C298	1	1	1	1	1	1	1	1	1	1	1	1	1	1
STP248.12601_R.bin.118|k141_958820_25	C298	1	1	1	1	1	1	1	1	1	1	1	1	1	1
STP248.12601_R.bin.118|k141_958820_32	C298	1	1	1	1	1	1	1	1	1	1	1	1	1	1
STP248.12601_R.bin.118|k141_958820_33	C298	1	1	1	1	1	1	0	1	1	1	1	1	1	1
STP248.12601_R.bin.118|k141_958820_36	C298	1	1	1	1	1	1	1	1	1	1	0	1	1	1
STP248.12601_R.bin.118|k141_958820_37	C298	1	1	1	1	0	1	1	0	0	0	0	0	0	0
STP248.12601_R.bin.118|k141_958820_40	C298	1	1	1	1	1	1	1	1	1	1	0	1	1	0
STP248.12601_R.bin.118|k141_958820_41	C298	1	1	1	1	1	1	1	1	0	0	1	1	0	0
STP248.12601_R.bin.118|k141_958820_42	C298	1	1	1	1	1	1	1	1	0	0	1	0	0	0
STP248.12601_R.bin.118|k141_958820_43	C298	1	1	1	1	1	1	1	1	0	0	0	1	0	0
STP248.12601_R.bin.118|k141_958820_44	C298	1	1	1	1	1	1	1	1	0	0	1	1	0	0
STP248.12601_R.bin.118|k141_958820_46	C298	1	1	1	1	1	1	0	1	1	1	1	0	1	1
STP248.12601_R.bin.118|k141_958820_47	C298	1	1	1	1	1	1	0	1	1	1	1	0	1	1
STP248.12601_R.bin.118|k141_958820_49	C298	1	1	1	1	1	1	0	1	0	1	1	0	1	1
STP248.12601_R.bin.118|k141_958820_50	C298	1	1	1	1	0	1	0	1	0	0	1	1	0	0
STP248.12601_R.bin.118|k141_958820_51	C298	1	1	1	1	0	1	0	1	1	1	1	1	1	1
STP248.12601_R.bin.118|k141_958820_52	C298	1	1	1	1	0	1	1	1	1	1	1	0	1	1
STP248.12601_R.bin.118|k141_958820_53	C298	1	1	1	1	0	1	0	0	0	0	0	0	0	0
STP248.12601_R.bin.118|k141_958820_54	C298	1	1	1	1	1	1	1	1	1	1	0	1	0	1
STP248.12601_R.bin.118|k141_958820_55	C298	1	1	1	1	1	1	1	1	1	1	1	1	1	1
STP248.12601_R.bin.118|k141_958820_56	C298	1	1	1	1	1	1	1	1	1	1	1	1	1	1
STP248.12601_R.bin.118|k141_958820_57	C298	1	1	1	1	1	1	1	1	1	1	0	1	1	1
STP248.12601_R.bin.118|k141_958820_58	C298	1	1	1	1	1	1	1	1	1	1	1	1	1	0
STP248.12601_R.bin.118|k141_958820_59	C298	1	1	1	1	1	1	0	1	1	1	0	0	1	0
STP248.12601_R.bin.118|k141_958820_60	C298	1	1	1	1	1	1	1	1	1	1	1	1	1	1
STP248.12601_R.bin.118|k141_958820_61	C298	1	1	1	1	1	1	0	1	1	1	1	1	1	1
STP248.12601_R.bin.118|k141_958820_62	C298	1	1	1	1	1	1	1	0	1	1	1	1	1	0
STP248.12601_R.bin.118|k141_958820_63	C298	1	1	1	1	1	1	1	1	1	1	1	1	1	1
STP248.12601_R.bin.118|k141_958820_64	C298	1	1	1	1	1	1	0	1	1	0	1	1	1	1
STP248.12601_R.bin.118|k141_958820_65	C298	1	1	1	1	1	1	1	1	1	1	1	1	1	1
STP248.12601_R.bin.118|k141_958820_66	C298	1	0	1	1	0	1	0	1	0	0	0	1	0	0
STP248.12601_R.bin.118|k141_958820_68	C298	1	1	1	1	0	1	1	0	0	0	0	0	0	0
STP248.12601_R.bin.118|k141_958820_69	C298	1	0	0	0	0	1	1	1	1	1	0	0	1	1
STP248.12601_R.bin.118|k141_958820_71	C298	1	1	1	1	1	1	1	1	1	1	1	0	1	1
STP248.12601_R.bin.118|k141_958820_72	C298	1	1	1	1	1	1	1	1	1	0	1	0	1	1
STP248.12601_R.bin.118|k141_958820_73	C298	1	1	1	1	1	1	1	1	1	1	1	0	1	1
STP248.12601_R.bin.118|k141_958820_74	C298	1	1	1	1	1	1	1	1	1	0	1	0	1	1
STP248.12601_R.bin.118|k141_958820_75	C298	1	1	1	1	1	1	1	1	1	1	1	0	1	1
STP248.12601_R.bin.118|k141_958820_76	C298	1	1	1	1	1	1	1	1	0	0	1	1	0	0
STP248.12601_R.bin.118|k141_958820_77	C298	1	1	1	1	1	1	1	1	0	1	1	1	0	0
STP248.12601_R.bin.118|k141_958820_78	C298	1	1	1	1	1	1	1	1	1	1	0	1	1	1
STP248.12601_R.bin.118|k141_958820_79	C298	1	1	1	1	1	1	0	0	0	0	0	0	0	0
STP248.12601_R.bin.118|k141_465240_2	C298	1	1	1	1	1	1	0	0	0	0	0	0	0	0
STP248.12601_R.bin.118|k141_465240_3	C298	1	1	1	1	1	1	1	1	1	1	0	1	0	1
STP248.12601_R.bin.118|k141_465240_4	C298	1	1	1	0	1	1	1	1	0	0	1	1	1	0
STP248.12601_R.bin.118|k141_465240_5	C298	1	1	1	1	1	1	1	1	1	1	0	1	1	1
STP248.12601_R.bin.118|k141_465240_6	C298	1	1	1	1	1	1	1	1	1	1	0	1	1	1
STP248.12601_R.bin.118|k141_465240_7	C298	1	1	1	1	1	1	1	1	1	1	1	1	1	1
STP248.12601_R.bin.118|k141_465240_8	C298	1	1	1	1	1	1	0	0	0	0	0	0	0	0
STP248.12601_R.bin.118|k141_465240_9	C298	1	1	1	1	0	1	0	0	0	0	0	0	0	0
STP248.12601_R.bin.118|k141_465240_10	C298	1	1	1	1	1	1	1	1	1	1	1	1	1	1
STP248.12601_R.bin.118|k141_465240_11	C298	1	1	1	1	1	1	0	0	0	0	0	0	0	0
STP248.12601_R.bin.118|k141_465240_12	C298	1	1	1	1	1	1	1	1	1	1	1	1	1	1
STP248.12601_R.bin.118|k141_465240_13	C298	1	1	1	1	1	1	1	1	1	1	1	1	1	1
STP248.12601_R.bin.118|k141_465240_14	C298	1	0	0	1	1	1	0	0	1	0	1	1	0	1
STP248.12601_R.bin.118|k141_465240_15	C298	1	1	1	1	1	1	1	1	1	1	1	1	1	1
STP248.12601_R.bin.118|k141_465240_16	C298	1	1	1	1	1	1	0	1	0	0	0	0	0	0
STP248.12601_R.bin.118|k141_465240_17	C298	1	1	1	1	1	1	1	1	1	1	1	1	1	1
STP248.12601_R.bin.118|k141_465240_18	C298	1	1	1	1	1	1	1	1	1	1	1	1	1	1
STP248.12601_R.bin.118|k141_465240_19	C298	1	1	1	1	1	1	1	1	1	1	1	1	1	1
STP248.12601_R.bin.118|k141_465240_20	C298	1	1	1	1	1	1	1	1	1	1	1	1	1	1
STP248.12601_R.bin.118|k141_465240_21	C298	1	1	1	1	1	1	1	1	1	1	1	1	1	1
STP248.12601_R.bin.118|k141_465240_23	C298	1	1	1	1	1	1	1	1	1	1	0	0	1	1
STP248.12601_R.bin.118|k141_465240_24	C298	1	1	1	1	0	1	0	0	0	0	0	1	0	0
STP248.12601_R.bin.118|k141_465240_25	C298	1	1	1	1	1	1	1	1	1	1	0	1	1	1
STP248.12601_R.bin.118|k141_465240_26	C298	1	1	1	1	0	1	0	0	1	1	0	0	1	1
STP248.12601_R.bin.118|k141_465240_27	C298	1	1	1	1	1	1	1	1	1	1	1	1	0	1
STP248.12601_R.bin.118|k141_465240_28	C298	1	1	1	1	1	1	0	1	1	1	1	1	0	1
STP248.12601_R.bin.118|k141_465240_29	C298	1	1	1	1	1	1	0	1	1	1	1	1	1	1
STP248.12601_R.bin.118|k141_465240_30	C298	1	1	1	1	1	1	0	1	1	1	1	1	1	1
STP248.12601_R.bin.118|k141_465240_31	C298	1	1	1	1	1	1	0	1	1	1	0	1	1	1
STP248.12601_R.bin.118|k141_465240_32	C298	1	1	1	1	1	1	0	1	1	1	1	1	1	1
STP248.12601_R.bin.118|k141_465240_33	C298	1	1	1	1	1	1	0	1	1	1	0	1	1	1
STP248.12601_R.bin.118|k141_465240_34	C298	1	1	1	1	1	1	0	1	0	1	0	1	0	0
STP248.12601_R.bin.118|k141_465240_35	C298	1	1	1	1	1	1	0	1	1	1	1	1	0	1
STP248.12601_R.bin.118|k141_465240_36	C298	1	1	1	1	1	1	0	0	0	0	0	0	0	0
STP248.12601_R.bin.118|k141_465240_38	C298	1	1	0	0	0	1	0	0	1	1	0	0	0	0
STP248.12601_R.bin.118|k141_465240_44	C298	1	0	0	0	0	1	0	0	0	0	0	0	0	1
STP248.12601_R.bin.118|k141_465240_48	C298	1	1	1	0	0	1	0	0	0	0	0	0	0	0
STP248.12601_R.bin.118|k141_465240_56	C298	1	1	0	0	0	1	1	1	1	1	1	0	0	1
STP248.12601_R.bin.118|k141_465240_79	C298	1	1	1	1	1	1	1	1	1	1	1	1	0	0
STP248.12601_R.bin.118|k141_465240_80	C298	1	1	1	1	1	1	1	1	1	1	1	1	1	1
STP248.12601_R.bin.118|k141_465240_81	C298	1	1	1	1	1	1	1	1	1	1	1	1	1	1
STP248.12601_R.bin.118|k141_465240_82	C298	1	0	1	1	1	1	1	0	0	0	0	1	0	0
STP248.12601_R.bin.118|k141_465240_83	C298	1	0	1	1	1	1	1	1	1	1	1	1	1	1
STP248.12601_R.bin.118|k141_465240_84	C298	1	0	1	1	1	1	0	1	0	0	1	1	0	0
STP248.12601_R.bin.118|k141_465240_85	C298	1	0	1	1	1	1	1	1	1	1	0	1	1	1
STP248.12601_R.bin.118|k141_465240_92	C298	1	0	1	1	1	1	1	1	0	0	1	1	0	0
STP248.12601_R.bin.118|k141_465240_93	C298	1	1	1	1	1	1	1	1	1	1	1	1	1	1
STP248.12601_R.bin.118|k141_465240_94	C298	1	0	1	1	1	1	1	1	0	0	0	1	0	0
STP248.12601_R.bin.118|k141_465240_95	C298	1	1	1	1	1	1	1	0	0	1	1	1	0	0
STP248.12601_R.bin.118|k141_465240_96	C298	1	1	1	1	1	1	0	1	1	0	1	0	0	0
STP248.12601_R.bin.118|k141_465240_106	C298	1	1	0	0	0	1	0	0	0	0	0	0	0	0
STP248.12601_R.bin.118|k141_465240_107	C298	1	1	1	1	1	1	1	1	1	1	0	1	1	1
STP248.12601_R.bin.118|k141_465240_110	C298	1	1	1	1	1	1	0	0	0	0	0	0	0	0
STP248.12601_R.bin.118|k141_465240_111	C298	1	1	1	1	1	1	1	1	1	1	0	1	1	1
STP248.12601_R.bin.118|k141_221452_1	C298	1	0	1	1	0	1	0	0	0	0	0	0	0	0
STP248.12601_R.bin.118|k141_221452_2	C298	1	1	1	1	1	1	1	1	1	1	1	0	1	1
STP248.12601_R.bin.118|k141_221452_3	C298	1	1	1	1	1	1	1	1	1	1	1	1	1	1
STP248.12601_R.bin.118|k141_221452_4	C298	1	1	1	1	1	1	1	1	1	1	1	1	1	1
STP248.12601_R.bin.118|k141_221452_5	C298	1	1	1	1	1	1	1	1	1	1	1	1	1	1
STP248.12601_R.bin.118|k141_221452_6	C298	1	1	1	1	1	1	1	1	1	1	1	1	1	1
STP248.12601_R.bin.118|k141_221452_7	C298	1	1	1	0	1	1	1	1	1	1	1	1	1	1
STP248.12601_R.bin.118|k141_221452_11	C298	1	1	1	0	1	1	1	1	1	1	1	1	1	1
STP248.12601_R.bin.118|k141_221452_12	C298	1	1	1	1	1	1	0	1	1	1	1	1	1	1
STP248.12601_R.bin.118|k141_221452_13	C298	1	1	1	1	1	1	1	1	1	0	0	1	1	1
STP248.12601_R.bin.118|k141_221452_16	C298	1	1	1	1	1	1	1	1	1	1	1	1	1	1
STP248.12601_R.bin.118|k141_221452_17	C298	1	1	1	1	1	1	1	1	1	1	1	1	1	1
STP248.12601_R.bin.118|k141_221452_18	C298	1	1	1	1	1	1	1	1	1	1	1	1	1	1
STP248.12601_R.bin.118|k141_221452_19	C298	1	1	1	1	1	1	1	1	1	1	1	1	1	1
STP248.12601_R.bin.118|k141_221452_20	C298	1	1	1	1	1	1	1	1	1	1	1	1	0	1
STP248.12601_R.bin.118|k141_221452_21	C298	1	1	1	1	1	1	1	1	1	1	1	1	1	1
STP248.12601_R.bin.118|k141_221452_22	C298	1	1	1	1	0	1	1	0	0	0	0	0	0	0
STP248.12601_R.bin.118|k141_221452_24	C298	1	1	1	1	0	1	0	0	0	1	0	0	0	1
STP248.12601_R.bin.118|k141_961788_4	C298	1	1	1	1	1	1	1	1	1	1	1	1	1	1
STP248.12601_R.bin.118|k141_961788_7	C298	1	1	1	1	1	1	1	1	1	0	1	0	1	1
STP248.12601_R.bin.118|k141_961788_8	C298	1	1	1	1	1	1	1	1	0	0	1	1	0	0
STP248.12601_R.bin.118|k141_961788_9	C298	1	1	0	1	1	1	1	1	1	1	1	1	1	1
STP248.12601_R.bin.118|k141_961788_10	C298	1	1	1	1	1	1	1	1	1	1	1	1	1	1
STP248.12601_R.bin.118|k141_961788_11	C298	1	1	1	1	1	1	1	1	1	1	1	1	1	1
STP248.12601_R.bin.118|k141_961788_12	C298	1	1	1	1	0	1	1	1	0	0	0	1	0	1
STP248.12601_R.bin.118|k141_961788_13	C298	1	1	1	1	1	1	1	1	0	0	0	1	1	0
STP248.12601_R.bin.118|k141_962093_2	C298	1	1	1	1	1	1	1	1	1	1	1	1	1	1
STP248.12601_R.bin.118|k141_962093_3	C298	1	1	1	1	1	1	1	1	1	0	0	1	1	1
STP248.12601_R.bin.118|k141_962093_4	C298	1	1	1	1	0	1	0	0	0	0	0	0	0	0
STP248.12601_R.bin.118|k141_962093_8	C298	1	1	1	1	1	1	0	0	1	1	1	1	1	1
STP248.12601_R.bin.118|k141_962093_9	C298	1	1	1	1	0	1	0	1	1	1	1	1	1	1
STP248.12601_R.bin.118|k141_962093_11	C298	1	1	1	0	1	1	0	0	0	0	0	0	0	0
STP248.12601_R.bin.118|k141_962093_13	C298	1	1	1	1	1	1	1	1	1	1	1	1	1	1
STP248.12601_R.bin.118|k141_962093_14	C298	1	1	1	1	1	1	1	1	0	0	0	1	0	0
STP248.12601_R.bin.118|k141_962093_17	C298	1	1	1	1	1	1	1	1	1	1	1	1	0	1
STP248.12601_R.bin.118|k141_962093_19	C298	1	1	1	1	1	1	1	1	1	1	1	1	1	1
STP248.12601_R.bin.118|k141_962093_20	C298	1	1	1	1	1	1	1	1	1	0	1	1	1	1
STP248.12601_R.bin.118|k141_962093_22	C298	1	0	0	0	0	1	0	0	0	0	0	1	0	0
STP248.12601_R.bin.118|k141_962093_23	C298	1	0	0	0	0	1	0	0	0	0	0	0	0	0
STP248.12601_R.bin.118|k141_962093_25	C298	1	0	0	1	0	1	0	0	0	0	0	0	0	0
STP248.12601_R.bin.118|k141_962093_26	C298	1	0	0	1	0	1	0	0	0	0	0	0	0	0
STP248.12601_R.bin.118|k141_962093_27	C298	1	1	1	1	1	1	0	0	0	0	1	0	0	0
STP248.12601_R.bin.118|k141_962093_28	C298	1	1	1	1	1	1	0	0	0	0	1	0	1	0
STP248.12601_R.bin.118|k141_962093_29	C298	1	1	1	1	1	1	0	0	0	0	1	0	0	0
STP248.12601_R.bin.118|k141_962093_30	C298	1	1	1	1	1	1	0	0	0	0	1	0	0	0
STP248.12601_R.bin.118|k141_962093_31	C298	1	1	1	1	1	1	0	0	0	0	1	0	0	0
STP248.12601_R.bin.118|k141_962093_32	C298	1	1	1	1	1	1	0	0	0	0	1	0	0	0
STP248.12601_R.bin.118|k141_962093_33	C298	1	1	1	0	1	1	0	0	0	0	1	0	0	0
STP248.12601_R.bin.118|k141_962093_34	C298	1	1	1	1	1	1	0	0	0	0	0	0	0	0
STP248.12601_R.bin.118|k141_962093_35	C298	1	1	1	1	1	1	0	0	0	0	0	0	0	0
STP248.12601_R.bin.118|k141_962093_37	C298	1	1	1	1	1	1	0	0	0	0	1	0	0	0
STP248.12601_R.bin.118|k141_962093_38	C298	1	1	1	1	1	1	0	1	0	0	1	1	0	0
STP248.12601_R.bin.118|k141_962093_39	C298	1	1	1	1	1	1	0	1	0	0	1	1	0	0
STP248.12601_R.bin.118|k141_962093_40	C298	1	1	1	1	1	1	0	1	0	0	1	1	0	0
STP248.12601_R.bin.118|k141_962093_41	C298	1	1	1	1	1	1	0	1	0	0	1	1	0	0
STP248.12601_R.bin.118|k141_962093_43	C298	1	1	1	1	1	1	1	0	0	0	0	0	0	0
STP248.12601_R.bin.118|k141_962093_49	C298	1	1	1	1	1	1	0	1	0	0	1	1	0	0
STP248.12601_R.bin.118|k141_962093_50	C298	1	1	1	1	1	1	0	1	1	1	1	1	1	1
STP248.12601_R.bin.118|k141_962093_51	C298	1	1	0	1	1	1	1	0	1	0	1	1	1	1
STP248.12601_R.bin.118|k141_962093_52	C298	1	1	0	1	1	1	1	1	1	1	1	1	1	1
STP248.12601_R.bin.118|k141_962093_53	C298	1	1	1	1	1	1	0	0	0	0	0	0	0	0
STP248.12601_R.bin.118|k141_483842_1	C298	1	1	1	1	1	1	1	1	1	0	0	0	1	0
STP248.12601_R.bin.118|k141_483842_16	C298	1	1	1	1	0	1	0	0	0	0	0	0	0	0
STP248.12601_R.bin.118|k141_483842_18	C298	1	1	1	1	1	1	1	0	0	0	1	1	1	1
STP248.12601_R.bin.118|k141_483842_20	C298	1	1	1	1	1	1	1	1	1	1	1	1	1	1
STP248.12601_R.bin.118|k141_483842_21	C298	1	0	1	1	1	1	1	1	1	1	0	1	1	1
STP248.12601_R.bin.118|k141_483842_22	C298	1	1	1	1	1	1	1	1	1	1	0	1	1	1
STP248.12601_R.bin.118|k141_483842_23	C298	1	1	1	1	1	1	1	1	1	1	0	1	1	1
STP248.12601_R.bin.118|k141_483842_30	C298	1	1	1	1	1	1	1	1	1	1	1	1	1	1
STP248.12601_R.bin.118|k141_483842_31	C298	1	1	1	1	1	1	1	1	1	1	1	1	1	1
STP248.12601_R.bin.118|k141_483842_32	C298	1	1	1	1	1	1	1	1	1	1	1	1	1	1
STP248.12601_R.bin.118|k141_483842_33	C298	1	1	1	1	1	1	1	1	1	1	1	1	1	1
STP248.12601_R.bin.118|k141_483842_34	C298	1	1	1	1	0	1	0	0	0	0	0	0	0	0
STP248.12601_R.bin.118|k141_483842_35	C298	1	1	1	1	1	1	1	1	1	1	1	1	1	1
STP248.12601_R.bin.118|k141_483842_36	C298	1	1	1	1	1	1	1	1	1	1	1	1	1	1
STP248.12601_R.bin.118|k141_745868_3	C298	1	1	1	1	1	1	1	1	1	1	1	1	1	0
STP248.12601_R.bin.118|k141_745868_4	C298	1	1	1	1	1	1	0	1	0	0	1	1	0	0
STP248.12601_R.bin.118|k141_745868_5	C298	1	1	1	1	1	1	1	1	1	1	1	1	1	1
STP248.12601_R.bin.118|k141_745868_6	C298	1	1	1	1	1	1	0	1	1	1	0	1	1	1
STP248.12601_R.bin.118|k141_745868_7	C298	1	1	1	1	1	1	1	1	1	1	0	1	1	1
STP248.12601_R.bin.118|k141_745868_8	C298	1	1	1	1	1	1	0	0	0	0	1	0	0	0
STP248.12601_R.bin.118|k141_745868_9	C298	1	1	1	1	1	1	1	0	0	0	0	1	0	0
STP248.12601_R.bin.118|k141_745868_10	C298	1	1	1	1	1	1	1	1	0	0	1	1	0	0
STP248.12601_R.bin.118|k141_745868_11	C298	1	1	1	1	1	1	1	1	0	0	0	1	0	0
STP248.12601_R.bin.118|k141_745868_12	C298	1	0	1	1	1	1	0	0	0	0	0	0	0	0
STP248.12601_R.bin.118|k141_745868_14	C298	1	1	1	1	1	1	1	1	1	1	1	1	1	1
STP248.12601_R.bin.118|k141_745868_15	C298	1	0	0	0	1	1	1	1	1	1	0	0	1	1
STP248.12601_R.bin.118|k141_745868_16	C298	1	1	1	1	1	1	1	1	1	1	0	1	1	1
STP248.12601_R.bin.118|k141_745868_17	C298	1	1	1	1	1	1	1	0	0	0	0	1	0	0
STP248.12601_R.bin.118|k141_745868_18	C298	1	1	1	1	1	1	0	1	1	1	0	1	1	0
STP248.12601_R.bin.118|k141_745868_19	C298	1	1	1	1	1	1	1	1	1	1	0	1	1	1
STP248.12601_R.bin.118|k141_745868_20	C298	1	1	1	1	1	1	1	1	1	1	1	1	1	1
STP248.12601_R.bin.118|k141_745868_21	C298	1	1	1	1	0	1	1	1	0	0	1	1	1	0
STP248.12601_R.bin.118|k141_745868_22	C298	1	1	1	1	1	1	1	1	1	1	0	1	1	1
STP248.12601_R.bin.118|k141_745868_24	C298	1	1	1	1	1	1	1	1	1	1	1	0	1	1
STP248.12601_R.bin.118|k141_745868_25	C298	1	1	1	1	0	1	0	0	0	0	0	0	0	0
STP248.12601_R.bin.118|k141_745868_26	C298	1	1	1	1	1	1	1	1	1	1	1	1	1	1
STP248.12601_R.bin.118|k141_745868_27	C298	1	1	1	1	1	1	1	0	0	0	0	1	0	1
STP248.12601_R.bin.118|k141_745868_29	C298	1	1	1	1	1	1	0	0	0	0	0	0	0	0
STP248.12601_R.bin.118|k141_745868_31	C298	1	1	1	1	0	1	0	1	0	1	1	0	1	1
STP248.12601_R.bin.118|k141_745868_32	C298	1	1	1	1	1	1	0	1	1	1	1	1	1	1
STP248.12601_R.bin.118|k141_745868_35	C298	1	1	1	1	1	1	1	1	1	1	0	1	1	1
STP248.12601_R.bin.118|k141_745868_36	C298	1	1	1	1	1	1	1	1	1	1	1	1	1	1
STP248.12601_R.bin.118|k141_745868_37	C298	1	1	1	1	1	1	1	1	0	1	1	1	0	0
STP248.12601_R.bin.118|k141_745868_42	C298	1	1	1	1	1	1	1	1	1	1	1	1	0	0
STP248.12601_R.bin.118|k141_745868_43	C298	1	0	1	1	1	1	1	1	1	1	1	0	1	1
STP248.12601_R.bin.118|k141_745868_44	C298	1	0	1	1	1	1	1	1	0	0	1	0	0	0
STP248.12601_R.bin.118|k141_745868_47	C298	1	1	1	1	1	1	1	1	1	1	0	1	1	1
STP248.12601_R.bin.118|k141_745868_49	C298	1	1	1	1	1	1	1	1	1	1	0	1	1	1
STP248.12601_R.bin.118|k141_745868_50	C298	1	1	1	1	1	1	1	1	1	1	0	1	1	1
STP248.12601_R.bin.118|k141_745868_51	C298	1	1	1	1	1	1	0	1	1	1	1	1	1	1
STP248.12601_R.bin.118|k141_745868_52	C298	1	1	1	1	1	1	0	1	1	1	1	1	1	1
STP248.12601_R.bin.118|k141_745868_55	C298	1	1	1	1	1	1	1	1	1	1	1	1	1	1
STP248.12601_R.bin.118|k141_745868_56	C298	1	1	1	1	1	1	1	1	1	1	0	1	1	1
STP248.12601_R.bin.118|k141_745868_60	C298	1	1	1	1	1	1	0	0	0	1	0	1	1	1
STP248.12601_R.bin.118|k141_745868_61	C298	1	1	1	1	1	1	0	0	1	1	0	0	1	0
STP248.12601_R.bin.118|k141_745868_62	C298	1	1	1	1	1	1	0	1	1	1	1	1	1	1
STP248.12601_R.bin.118|k141_745868_63	C298	1	1	1	1	0	1	1	0	0	1	0	0	0	0
STP248.12601_R.bin.118|k141_745868_64	C298	1	1	1	1	1	1	1	1	1	1	1	0	1	1
STP248.12601_R.bin.118|k141_745868_65	C298	1	1	1	1	1	1	0	1	1	1	1	1	1	1
STP248.12601_R.bin.118|k141_745868_66	C298	1	1	1	1	1	1	0	1	0	0	1	1	1	1
STP248.12601_R.bin.118|k141_745868_67	C298	1	1	1	1	1	1	0	1	1	1	1	1	1	1
STP248.12601_R.bin.118|k141_745868_68	C298	1	1	1	1	1	1	1	1	0	0	1	1	0	0
STP248.12601_R.bin.118|k141_745868_69	C298	1	1	1	1	1	1	1	1	1	1	1	1	1	1
STP248.12601_R.bin.118|k141_745868_70	C298	1	1	1	0	0	1	0	1	0	1	1	0	1	1
STP248.12601_R.bin.118|k141_745868_71	C298	1	1	1	1	1	1	1	1	1	1	1	1	1	1
STP248.12601_R.bin.118|k141_745868_72	C298	1	1	1	1	1	1	1	1	1	1	1	1	1	1
STP248.12601_R.bin.118|k141_745868_73	C298	1	1	1	1	1	1	1	1	1	1	1	1	1	1
STP248.12601_R.bin.118|k141_745868_74	C298	1	1	1	1	1	1	1	1	1	0	0	0	1	1
STP248.12601_R.bin.118|k141_745868_75	C298	1	1	1	1	1	1	1	1	1	1	1	1	1	1
STP248.12601_R.bin.118|k141_745868_76	C298	1	1	1	1	1	1	1	1	1	1	1	1	1	1
STP248.12601_R.bin.118|k141_745868_77	C298	1	1	1	1	1	1	1	1	1	1	1	1	1	1
STP248.12601_R.bin.118|k141_745868_80	C298	1	1	1	1	1	1	1	1	1	1	1	1	1	1
STP248.12601_R.bin.118|k141_745868_81	C298	1	1	1	1	1	1	1	1	1	1	1	1	0	1
STP248.12601_R.bin.118|k141_745868_82	C298	1	1	1	1	1	1	1	0	1	0	1	1	1	1
STP248.12601_R.bin.118|k141_745868_83	C298	1	1	1	1	1	1	1	0	0	0	1	1	1	0
STP248.12601_R.bin.118|k141_990272_1	C298	1	1	1	1	0	1	0	1	0	0	0	0	1	0
STP248.12601_R.bin.118|k141_990272_6	C298	1	0	1	1	1	1	0	1	1	1	1	1	1	1
STP248.12601_R.bin.118|k141_990272_7	C298	1	1	1	1	1	1	1	1	1	0	1	1	1	1
STP248.12601_R.bin.118|k141_990272_8	C298	1	1	1	1	1	1	1	1	1	1	1	1	1	1
STP248.12601_R.bin.118|k141_990272_9	C298	1	1	1	1	1	1	0	1	0	0	1	1	0	0
STP248.12601_R.bin.118|k141_990272_13	C298	1	1	1	1	0	1	0	0	0	0	0	1	0	0
STP248.12601_R.bin.118|k141_990272_14	C298	1	0	1	1	0	1	0	0	0	0	0	0	0	0
UHM1210.23070_R.bin.101|k141_1275766_18	C294	0	1	1	1	1	0	0	0	0	0	0	0	0	0
UHM1210.23070_R.bin.101|k141_1275766_21	C294	0	1	1	1	1	1	1	1	1	1	1	1	1	1
UHM1210.23070_R.bin.101|k141_1275766_31	C294	0	1	1	1	1	0	1	1	0	0	1	1	1	0
UHM1210.23070_R.bin.101|k141_1275766_44	C294	0	1	1	1	1	1	1	1	1	1	1	1	1	1
UHM1210.23070_R.bin.101|k141_1275766_53	C294	0	1	1	1	1	0	0	0	0	0	0	0	0	0
UHM1210.23070_R.bin.101|k141_1275766_84	C294	0	1	1	1	1	1	1	1	1	1	1	0	1	1
UHM1210.23070_R.bin.101|k141_1275766_97	C294	0	1	1	1	1	0	0	0	0	0	0	0	0	0
UHM1210.23070_R.bin.101|k141_1275766_106	C294	0	1	1	1	1	0	0	0	0	0	0	0	0	0
UHM1210.23070_R.bin.101|k141_1275766_108	C294	0	1	1	0	1	0	0	0	0	0	0	0	0	0
UHM1210.23070_R.bin.101|k141_1318991_57	C294	0	1	1	1	1	1	0	0	0	0	0	0	0	0
UHM1210.23070_R.bin.101|k141_1318991_69	C294	0	1	1	1	1	1	0	1	0	0	1	1	0	1
UHM1210.23070_R.bin.101|k141_1318991_73	C294	0	1	1	1	1	0	0	1	0	0	0	1	0	0
UHM1210.23070_R.bin.101|k141_1318991_96	C294	0	1	1	1	1	1	0	0	0	0	0	0	0	0
UHM1210.23070_R.bin.101|k141_1318991_97	C294	0	1	1	0	1	0	0	0	0	0	0	0	0	0
UHM1210.23070_R.bin.101|k141_1318991_104	C294	0	1	1	1	1	1	0	0	0	0	0	0	0	0
UHM1210.23070_R.bin.101|k141_1318991_114	C294	0	1	1	1	1	1	1	1	1	1	0	1	1	1
UHM1210.23070_R.bin.101|k141_1318991_150	C294	0	1	1	1	1	1	1	1	1	1	1	1	1	1
UHM1210.23070_R.bin.101|k141_1318991_151	C294	0	1	1	1	1	1	1	0	0	1	1	0	0	0
UHM1210.23070_R.bin.101|k141_1318991_154	C294	0	1	1	1	1	0	0	1	1	1	1	1	1	1
UHM1210.23070_R.bin.101|k141_1193549_9	C294	0	1	1	1	1	0	1	1	1	1	1	1	1	1
UHM1210.23070_R.bin.101|k141_1193549_11	C294	0	1	0	1	1	0	0	0	0	0	0	0	0	0
UHM1210.23070_R.bin.101|k141_1193549_13	C294	0	1	1	1	1	1	0	0	0	0	0	0	0	0
UHM1210.23070_R.bin.101|k141_1193549_14	C294	0	1	0	1	1	1	1	0	1	0	1	1	1	1
UHM1210.23070_R.bin.101|k141_1193549_23	C294	0	1	1	1	1	1	1	1	1	1	1	1	1	1
UHM1210.23070_R.bin.101|k141_1193549_24	C294	0	1	1	1	1	1	1	1	1	1	1	1	1	1
UHM1210.23070_R.bin.101|k141_1193549_26	C294	0	1	1	1	1	0	0	0	0	0	0	1	0	0
UHM1210.23070_R.bin.101|k141_1193549_27	C294	0	1	1	0	1	0	0	0	0	0	0	0	0	0
UHM1210.23070_R.bin.101|k141_1193549_32	C294	0	1	1	1	1	0	1	1	0	0	0	0	0	0
UHM1210.23070_R.bin.101|k141_44701_4	C294	0	1	1	1	1	1	0	1	1	1	1	1	1	1
UHM1210.23070_R.bin.101|k141_44701_13	C294	0	1	1	1	1	0	0	0	0	0	0	0	0	0
UHM1210.23070_R.bin.101|k141_44701_35	C294	0	1	1	1	1	0	0	0	0	0	0	0	0	0
UHM1210.23070_R.bin.101|k141_44701_39	C294	0	1	1	1	1	0	0	0	0	0	1	0	0	0
UHM1210.23070_R.bin.101|k141_44701_40	C294	0	1	1	1	1	0	1	0	0	0	0	0	0	0
UHM1210.23070_R.bin.101|k141_44701_41	C294	0	1	1	1	1	0	1	0	1	0	1	0	1	1
UHM1210.23070_R.bin.101|k141_44701_42	C294	0	1	1	1	1	0	1	0	0	0	1	0	0	0
UHM1210.23070_R.bin.101|k141_44701_46	C294	0	1	1	1	1	0	0	0	1	1	0	0	1	1
UHM1210.23070_R.bin.101|k141_1066781_5	C294	0	1	1	1	1	0	0	0	0	0	0	1	0	0
UHM1210.23070_R.bin.101|k141_1066781_10	C294	0	1	1	1	1	1	1	0	1	0	1	1	0	1
UHM1210.23070_R.bin.101|k141_1066781_43	C294	0	1	0	0	1	0	0	0	0	0	0	0	1	0
UHM1210.23070_R.bin.101|k141_1066781_71	C294	0	1	1	1	1	1	0	1	0	0	1	0	0	0
UHM1210.23070_R.bin.101|k141_1066781_80	C294	0	1	1	1	1	0	1	1	1	1	1	1	1	1
UHM1210.23070_R.bin.101|k141_1066781_94	C294	0	1	1	1	1	0	1	0	0	0	1	0	0	0
UHM1210.23070_R.bin.101|k141_1066781_106	C294	0	1	1	1	1	0	0	0	1	0	0	1	1	1
UHM1210.23070_R.bin.101|k141_1066781_111	C294	0	1	1	1	1	0	0	0	0	0	0	0	0	0
UHM1210.23070_R.bin.101|k141_1066781_117	C294	0	1	0	0	1	0	0	0	0	0	0	0	0	0
UHM1210.23070_R.bin.101|k141_1066781_118	C294	0	1	0	0	1	0	0	0	0	0	0	0	0	0
UHM1210.23070_R.bin.101|k141_3913_2	C294	0	1	1	1	1	0	0	0	0	0	1	0	0	0
UHM1210.23070_R.bin.101|k141_727215_3	C294	0	1	1	1	1	1	1	1	1	1	0	1	1	1
UHM1210.23070_R.bin.101|k141_727215_12	C294	0	1	1	1	1	1	1	1	1	1	0	1	1	1
UHM1210.23070_R.bin.101|k141_727215_16	C294	0	1	1	1	1	0	0	0	0	0	0	1	0	0
UHM1210.23070_R.bin.101|k141_727215_34	C294	0	1	0	0	1	1	0	0	0	0	0	0	0	0
UHM1210.23070_R.bin.101|k141_727215_41	C294	0	1	1	1	1	1	1	0	1	1	1	1	1	1
UHM1210.23070_R.bin.101|k141_983138_8	C294	0	1	1	1	1	0	0	1	0	0	0	0	0	0
UHM1210.23070_R.bin.101|k141_983138_12	C294	0	1	1	1	1	1	0	0	0	0	0	0	0	0
UHM1210.23070_R.bin.101|k141_983138_15	C294	0	1	0	0	1	1	0	0	0	0	0	0	0	1
UHM1210.23070_R.bin.101|k141_983138_16	C294	0	1	0	0	1	1	0	1	0	0	0	0	0	1
UHM1210.23070_R.bin.101|k141_983138_17	C294	0	1	1	1	1	1	0	0	1	0	0	0	0	1
UHM1210.23070_R.bin.101|k141_983138_18	C294	0	1	1	1	1	1	0	0	1	0	0	0	0	1
UHM1210.23070_R.bin.101|k141_983138_21	C294	0	1	1	1	1	1	1	1	1	1	0	1	1	1
UHM1210.23070_R.bin.101|k141_983138_23	C294	0	1	1	0	1	0	0	0	0	0	0	0	0	0
UHM1210.23070_R.bin.101|k141_983138_24	C294	0	1	0	1	1	0	0	0	0	0	0	0	0	0
UHM1210.23070_R.bin.101|k141_983138_36	C294	0	1	1	1	1	1	0	0	0	0	0	0	0	0
UHM1210.23070_R.bin.101|k141_983138_50	C294	0	1	1	1	1	0	0	0	0	0	0	0	0	0
UHM1210.23070_R.bin.101|k141_983138_51	C294	0	1	1	1	1	0	0	0	0	0	0	0	0	0
UHM1210.23070_R.bin.101|k141_770993_11	C294	0	1	1	1	1	0	0	1	0	0	0	0	0	1
UHM1210.23070_R.bin.101|k141_770993_12	C294	0	1	1	1	1	0	1	1	0	1	0	0	0	1
UHM1210.23070_R.bin.101|k141_770993_41	C294	0	1	1	1	1	1	1	1	1	1	0	1	1	1
UHM1210.23070_R.bin.101|k141_770993_127	C294	0	1	1	1	1	1	1	1	1	1	1	1	1	1
UHM1210.23070_R.bin.101|k141_218859_9	C294	0	1	1	1	1	1	1	1	1	1	0	1	1	1
UHM1210.23070_R.bin.101|k141_218859_29	C294	0	1	1	1	1	1	0	1	0	0	0	0	0	0
UHM1210.23070_R.bin.101|k141_604287_10	C294	0	1	1	1	1	0	1	0	1	0	1	0	0	1
UHM1210.23070_R.bin.101|k141_604287_11	C294	0	1	1	1	1	0	1	0	1	0	1	0	0	1
UHM1210.23070_R.bin.101|k141_604287_13	C294	0	1	1	1	1	0	1	1	1	1	1	1	1	1
UHM1210.23070_R.bin.101|k141_604287_24	C294	0	1	1	1	1	0	0	0	0	0	0	0	0	0
UHM1210.23070_R.bin.101|k141_1242731_38	C294	0	1	1	1	1	0	1	1	1	1	1	1	1	1
UHM1210.23070_R.bin.101|k141_1283829_1	C294	0	1	1	0	1	1	0	0	0	0	1	0	0	0
UHM1210.23070_R.bin.101|k141_692359_1	C294	0	1	1	1	1	1	0	0	0	1	0	1	0	0
UHM1210.23070_R.bin.101|k141_692359_10	C294	0	1	0	0	1	0	0	0	0	0	0	0	0	0
UHM1210.23070_R.bin.101|k141_692359_11	C294	0	1	1	1	1	1	0	0	0	0	0	0	0	0
UHM1210.23070_R.bin.101|k141_692359_23	C294	0	1	1	1	1	0	0	0	0	0	0	0	0	0
UHM1210.23070_R.bin.101|k141_692359_40	C294	0	1	1	1	1	0	1	1	1	1	0	0	1	1
UHM1210.23070_R.bin.101|k141_692359_43	C294	0	1	1	1	1	1	1	1	1	1	0	1	0	1
UHM1210.23070_R.bin.101|k141_692359_51	C294	0	1	1	1	1	1	0	0	1	0	1	1	0	0
UHM1210.23070_R.bin.101|k141_609199_1	C294	0	1	1	1	1	1	0	0	0	0	0	1	0	0
UHM1210.23070_R.bin.101|k141_609199_3	C294	0	1	0	1	1	0	0	0	0	0	0	0	0	0
UHM1210.23070_R.bin.101|k141_609199_4	C294	0	1	1	1	1	1	1	0	0	0	0	0	1	0
UHM1210.23070_R.bin.101|k141_609199_10	C294	0	1	0	1	1	0	0	0	1	1	0	0	1	0
UHM1210.23070_R.bin.101|k141_609199_27	C294	0	1	1	1	1	1	0	0	0	0	0	0	0	0
UHM1210.23070_R.bin.101|k141_609199_28	C294	0	1	1	1	1	0	0	0	0	0	0	0	0	0
UHM1210.23070_R.bin.101|k141_609199_29	C294	0	1	1	1	1	0	0	0	0	0	0	0	0	0
UHM1210.23070_R.bin.101|k141_609199_44	C294	0	1	0	1	1	0	1	0	1	1	0	0	1	1
UHM1210.23070_R.bin.101|k141_609199_48	C294	0	1	1	1	1	1	1	0	0	0	0	0	0	0
UHM1210.23070_R.bin.101|k141_13322_8	C294	0	1	1	1	1	0	0	1	0	0	0	0	0	0
UHM1210.23070_R.bin.101|k141_13322_9	C294	0	1	1	0	1	0	0	1	0	0	0	0	0	0
UHM1210.23070_R.bin.101|k141_13322_18	C294	0	1	1	1	1	0	1	1	1	1	0	1	1	1
UHM1210.23070_R.bin.101|k141_13322_19	C294	0	1	1	1	1	0	1	1	1	1	0	1	1	1
UHM1210.23070_R.bin.101|k141_13322_22	C294	0	1	1	1	1	1	0	0	1	1	0	0	0	1
UHM1210.23070_R.bin.101|k141_13322_37	C294	0	1	1	1	1	1	0	1	0	0	0	1	0	0
UHM1210.23070_R.bin.101|k141_13322_38	C294	0	1	1	1	1	1	0	1	0	0	0	1	0	0
UHM1210.23070_R.bin.101|k141_13322_39	C294	0	1	1	1	1	0	0	0	0	0	0	1	0	0
UHM1210.23070_R.bin.101|k141_567750_1	C294	0	1	1	1	1	0	0	0	0	0	0	1	0	0
UHM1210.23070_R.bin.101|k141_567750_3	C294	0	1	1	1	1	0	0	1	0	0	1	1	0	0
UHM1210.23070_R.bin.101|k141_567750_4	C294	0	1	1	1	1	0	0	1	0	0	1	1	0	0
UHM1210.23070_R.bin.101|k141_567750_5	C294	0	1	1	1	1	0	0	1	0	0	0	1	0	0
UHM1210.23070_R.bin.101|k141_567750_6	C294	0	1	1	1	1	0	0	1	0	0	0	1	0	0
UHM1210.23070_R.bin.101|k141_567750_7	C294	0	1	1	1	1	0	0	1	0	0	0	1	0	0
UHM1210.23070_R.bin.101|k141_567750_9	C294	0	1	1	1	1	0	0	1	0	0	0	1	0	0
UHM1210.23070_R.bin.101|k141_567750_10	C294	0	1	1	1	1	0	0	1	0	0	0	1	0	0
UHM1210.23070_R.bin.101|k141_567750_11	C294	0	1	1	1	1	0	0	1	0	0	0	1	0	0
UHM1210.23070_R.bin.101|k141_567750_12	C294	0	1	1	1	1	0	0	1	0	0	1	1	0	0
UHM1210.23070_R.bin.101|k141_14093_1	C294	0	1	1	1	1	1	0	0	0	0	1	1	0	0
UHM1210.23070_R.bin.101|k141_14093_5	C294	0	1	1	1	1	0	0	0	0	0	0	0	0	0
UHM1210.23070_R.bin.101|k141_14093_20	C294	0	1	1	1	1	0	0	1	0	0	1	1	0	0
UHM1210.23070_R.bin.101|k141_14093_23	C294	0	1	1	1	1	1	0	1	0	0	0	1	0	0
UHM1210.23070_R.bin.101|k141_14093_24	C294	0	1	1	1	1	1	0	0	0	0	0	0	0	0
UHM1210.23070_R.bin.101|k141_14093_25	C294	0	1	1	1	1	1	0	0	0	0	0	0	0	0
UHM1210.23070_R.bin.101|k141_14093_27	C294	0	1	0	1	1	0	1	1	0	1	0	0	0	1
UHM1210.23070_R.bin.101|k141_14093_29	C294	0	1	1	1	1	0	1	0	0	0	0	0	0	0
UHM1210.23070_R.bin.101|k141_14093_30	C294	0	1	0	1	1	1	1	1	0	0	0	1	0	0
UHM1210.23070_R.bin.101|k141_14093_32	C294	0	1	0	1	1	0	0	0	0	0	1	1	1	1
UHM1210.23070_R.bin.101|k141_14093_42	C294	0	1	1	1	1	0	0	0	0	0	1	1	0	0
UHM1210.23070_R.bin.101|k141_14093_43	C294	0	1	0	0	1	0	0	0	0	0	0	0	0	1
UHM1210.23070_R.bin.101|k141_14093_44	C294	0	1	0	0	1	0	0	0	0	0	0	0	0	0
UHM1210.23070_R.bin.101|k141_99163_1	C294	0	1	1	1	1	0	0	0	0	0	0	0	0	0
UHM1210.23070_R.bin.101|k141_99163_2	C294	0	1	1	1	1	1	0	0	0	0	1	0	0	0
UHM1210.23070_R.bin.101|k141_993103_14	C294	0	1	1	1	1	0	0	1	1	1	0	0	1	1
UHM1210.23070_R.bin.101|k141_993103_16	C294	0	1	1	1	1	1	0	0	1	0	0	0	0	0
UHM1210.23070_R.bin.101|k141_993103_17	C294	0	1	1	1	1	1	0	0	1	0	1	0	0	0
UHM1210.23070_R.bin.101|k141_993103_18	C294	0	1	1	1	1	1	0	0	1	0	1	0	0	0
UHM1210.23070_R.bin.101|k141_993103_19	C294	0	1	1	1	1	1	0	0	1	0	0	0	0	0
UHM1210.23070_R.bin.101|k141_993103_39	C294	0	1	1	1	1	1	1	0	1	0	1	1	0	0
UHM1210.23070_R.bin.101|k141_993103_53	C294	0	1	1	1	1	1	0	0	0	0	0	1	0	0
UHM1210.23070_R.bin.101|k141_993103_58	C294	0	1	1	1	1	0	1	1	1	1	1	1	1	1
UHM1210.23070_R.bin.101|k141_993103_72	C294	0	1	1	1	1	1	0	0	0	0	0	0	0	0
UHM1210.23070_R.bin.101|k141_993103_78	C294	0	1	1	1	1	0	0	1	1	0	0	1	0	0
UHM1210.23070_R.bin.101|k141_488529_3	C294	0	1	1	1	1	1	1	1	1	1	1	1	1	1
UHM1210.23070_R.bin.101|k141_102944_1	C294	0	1	1	1	1	1	0	0	0	0	0	0	0	0
UHM1210.23070_R.bin.101|k141_102944_2	C294	0	1	1	0	1	1	0	0	0	0	0	0	0	0
UHM1210.23070_R.bin.101|k141_102944_12	C294	0	1	1	1	1	1	0	0	0	0	0	0	0	0
UHM1210.23070_R.bin.101|k141_102944_17	C294	0	1	1	1	1	1	0	0	0	0	0	0	0	0
UHM1210.23070_R.bin.101|k141_400269_8	C294	0	1	1	1	1	1	1	1	0	0	1	1	0	0
UHM1210.23070_R.bin.101|k141_400269_11	C294	0	1	1	1	1	0	0	0	0	0	0	0	0	0
UHM1210.23070_R.bin.101|k141_400269_12	C294	0	1	1	1	1	0	0	0	0	0	0	0	0	0
UHM1210.23070_R.bin.101|k141_400269_13	C294	0	1	1	1	1	1	0	1	0	0	0	0	0	0
UHM1210.23070_R.bin.101|k141_359210_1	C294	0	1	1	1	1	1	1	1	1	0	0	1	0	1
UHM1210.23070_R.bin.101|k141_359210_3	C294	0	1	1	1	1	0	0	0	0	0	0	0	0	0
UHM1210.23070_R.bin.101|k141_319668_5	C294	0	1	0	1	1	1	0	0	0	0	1	1	0	0
UHM1210.23070_R.bin.101|k141_319668_8	C294	0	1	1	1	1	1	1	1	1	1	1	1	1	1
UHM1210.23070_R.bin.101|k141_319668_15	C294	0	1	1	1	1	1	1	1	1	1	1	1	0	1
UHM1210.23070_R.bin.101|k141_829398_2	C294	0	1	0	1	1	0	1	0	0	1	0	0	0	1
UHM1210.23070_R.bin.101|k141_829398_8	C294	0	1	1	1	1	1	1	1	1	1	0	1	1	1
UHM1210.23070_R.bin.101|k141_829398_11	C294	0	1	1	1	1	0	0	1	0	0	0	1	0	0
UHM1210.23070_R.bin.101|k141_829398_12	C294	0	1	1	1	1	0	0	0	0	0	0	0	0	0
UHM1210.23070_R.bin.101|k141_829398_13	C294	0	1	1	1	1	1	1	1	1	1	0	1	1	1
UHM1210.23070_R.bin.101|k141_830199_4	C294	0	1	1	1	1	0	0	0	1	1	0	0	1	0
UHM1210.23070_R.bin.101|k141_830199_6	C294	0	1	1	1	1	0	0	0	0	0	0	1	0	0
UHM1210.23070_R.bin.101|k141_790691_31	C294	0	1	1	1	1	0	0	0	0	0	0	0	0	0
UHM1210.23070_R.bin.101|k141_790691_38	C294	0	1	0	0	1	0	0	0	0	0	0	0	0	0
UHM1210.23070_R.bin.101|k141_450912_5	C294	0	1	1	1	1	1	1	1	1	1	0	1	1	1
UHM1210.23070_R.bin.101|k141_450912_6	C294	0	1	1	1	1	1	1	1	1	1	0	1	1	1
UHM1210.23070_R.bin.101|k141_450912_9	C294	0	1	0	0	1	1	1	0	0	1	0	1	0	0
UHM1210.23070_R.bin.101|k141_450912_10	C294	0	1	1	0	1	0	0	0	0	0	1	0	0	0
UHM1210.23070_R.bin.101|k141_450912_11	C294	0	1	1	0	1	0	0	0	0	0	0	0	0	0
UHM1210.23070_R.bin.101|k141_450912_13	C294	0	1	1	1	1	0	1	0	0	0	1	1	0	0
UHM1210.23070_R.bin.101|k141_450912_31	C294	0	1	1	1	1	0	0	1	0	0	1	1	0	1
UHM1210.23070_R.bin.101|k141_1343831_2	C294	0	1	0	1	1	0	0	1	0	1	1	1	1	1
UHM1210.23070_R.bin.101|k141_284463_2	C294	0	1	1	1	1	1	0	0	1	0	0	1	0	0
UHM1210.23070_R.bin.101|k141_284463_12	C294	0	1	1	1	1	1	0	0	0	0	0	0	0	0
UHM1210.23070_R.bin.101|k141_284463_29	C294	0	1	1	1	1	0	0	0	1	0	0	0	0	0
UHM1210.23070_R.bin.101|k141_284463_35	C294	0	1	1	1	1	0	0	0	0	0	1	0	0	0
UHM1210.23070_R.bin.101|k141_284463_38	C294	0	1	1	1	1	1	0	0	0	0	0	0	0	0
UHM1210.23070_R.bin.101|k141_284463_47	C294	0	1	1	1	1	0	0	0	0	0	0	0	0	0
UHM1210.23070_R.bin.101|k141_284463_61	C294	0	1	0	0	1	0	0	0	0	0	0	0	0	0
UHM1210.23070_R.bin.101|k141_1135903_11	C294	0	1	1	1	1	1	0	1	0	0	1	1	1	1
UHM1210.23070_R.bin.101|k141_1135903_26	C294	0	1	1	1	1	0	0	0	0	0	0	0	0	0
UHM1210.23070_R.bin.101|k141_1135903_27	C294	0	1	1	1	1	0	0	1	1	1	1	0	1	1
UHM1210.23070_R.bin.101|k141_1135903_48	C294	0	1	1	1	1	1	0	0	0	0	1	1	0	0
UHM1210.23070_R.bin.101|k141_754643_8	C294	0	1	1	1	1	1	1	0	1	1	0	0	0	0
UHM1210.23070_R.bin.101|k141_968682_2	C294	0	1	1	1	1	1	0	0	0	0	0	0	0	0
UHM1210.23070_R.bin.101|k141_968682_9	C294	0	1	1	0	1	0	1	0	0	0	0	1	0	0
UHM1210.23070_R.bin.101|k141_968682_14	C294	0	1	0	1	1	1	1	0	0	0	0	0	0	0
UHM1210.23070_R.bin.101|k141_1142038_2	C294	0	1	1	1	1	0	0	0	0	0	0	0	0	1
UHM1210.23070_R.bin.101|k141_1142038_18	C294	0	1	1	1	1	1	0	1	1	1	1	1	1	1
UHM1210.23070_R.bin.101|k141_1142038_28	C294	0	1	1	1	1	1	1	1	1	1	1	1	1	1
UHM1210.23070_R.bin.101|k141_1014015_6	C294	0	1	1	1	1	1	1	1	1	1	1	1	1	1
UHM1210.23070_R.bin.101|k141_1014015_16	C294	0	1	1	1	1	1	1	0	0	1	0	0	0	0
UHM1210.23070_R.bin.101|k141_1014015_17	C294	0	1	1	1	1	1	1	0	0	0	1	1	0	0
UHM1210.23070_R.bin.101|k141_1014015_22	C294	0	1	1	1	1	1	1	0	0	0	0	0	0	0
UHM1210.23070_R.bin.101|k141_1014015_25	C294	0	1	1	1	1	0	0	0	0	0	0	0	1	0
UHM1210.23070_R.bin.101|k141_1014015_27	C294	0	1	1	1	1	1	0	1	1	1	1	1	1	1
UHM1210.23070_R.bin.101|k141_35550_1	C294	0	1	1	1	1	0	0	0	0	0	0	0	0	0
UHM1210.23070_R.bin.101|k141_35550_4	C294	0	1	1	0	1	1	0	0	0	0	0	0	0	0
UHM1210.23070_R.bin.101|k141_35550_8	C294	0	1	1	1	1	1	0	0	0	0	0	1	0	1
UHM1210.23070_R.bin.101|k141_35550_83	C294	0	1	1	1	1	1	0	1	1	1	1	1	1	1
UHM1210.23070_R.bin.101|k141_35550_104	C294	0	1	1	0	1	1	0	0	0	1	0	0	0	1
UHM1210.23070_R.bin.101|k141_35550_105	C294	0	1	1	0	1	1	0	0	0	1	0	0	1	1
UHM1210.23070_R.bin.101|k141_35550_119	C294	0	1	1	1	1	0	0	1	1	1	1	0	0	1
UHM1210.23070_R.bin.101|k141_35550_120	C294	0	1	1	1	1	0	1	0	0	0	0	0	0	1
UHM1210.23070_R.bin.101|k141_35550_125	C294	0	1	1	1	1	1	0	0	0	0	0	0	0	0
UHM1210.23070_R.bin.101|k141_35550_127	C294	0	1	0	0	1	0	0	0	0	0	0	0	0	0
UHM1210.23070_R.bin.101|k141_35550_128	C294	0	1	1	1	1	0	1	0	0	0	0	1	0	0
UHM1210.23070_R.bin.101|k141_1228138_1	C294	0	1	0	0	1	0	0	0	0	0	0	0	0	0
UHM1210.23070_R.bin.101|k141_1228138_7	C294	0	1	1	1	1	1	0	1	1	1	0	0	1	1
UHM1210.23070_R.bin.101|k141_1228138_23	C294	0	1	0	0	1	0	1	0	0	0	0	0	0	0
UHM1210.23070_R.bin.101|k141_1228138_26	C294	0	1	1	1	1	1	0	0	0	0	0	1	0	0
UHM1210.23070_R.bin.101|k141_1228138_28	C294	0	1	1	1	1	1	0	0	0	0	0	1	0	0
UHM1210.23070_R.bin.101|k141_971217_9	C294	0	1	1	1	1	0	0	0	0	0	0	1	0	0
UHM1210.23070_R.bin.101|k141_1015956_3	C294	0	1	0	0	1	0	1	0	0	0	0	0	0	0
UHM1210.23070_R.bin.101|k141_1015956_23	C294	0	1	1	1	1	1	0	0	0	0	0	0	0	0
UHM1210.23070_R.bin.101|k141_1015956_24	C294	0	1	1	1	1	1	0	0	0	1	0	0	0	0
UHM1210.23070_R.bin.101|k141_1015956_32	C294	0	1	1	1	1	1	0	0	0	0	0	0	0	0
UHM1210.23070_R.bin.101|k141_1015956_38	C294	0	1	0	1	1	0	0	0	0	0	0	0	0	0
STP248.12601_R.bin.118|k141_250692_3	C298	0	1	1	1	1	1	0	1	0	0	0	0	1	0
STP248.12601_R.bin.118|k141_250692_5	C298	0	1	1	1	1	1	0	1	0	0	1	0	1	0
STP248.12601_R.bin.118|k141_250692_7	C298	0	1	0	1	0	1	1	1	0	0	0	0	0	0
STP248.12601_R.bin.118|k141_250692_17	C298	0	1	1	0	0	1	0	0	0	0	0	1	0	0
STP248.12601_R.bin.118|k141_250692_19	C298	0	1	0	1	0	1	0	0	0	0	0	0	0	0
STP248.12601_R.bin.118|k141_624970_2	C298	0	1	1	1	0	1	0	0	0	0	0	0	0	0
STP248.12601_R.bin.118|k141_624970_3	C298	0	1	1	1	1	1	0	0	0	0	1	0	0	0
STP248.12601_R.bin.118|k141_624970_11	C298	0	1	1	1	0	1	0	0	0	0	0	0	0	0
STP248.12601_R.bin.118|k141_624970_25	C298	0	1	1	0	1	1	0	0	1	0	0	1	0	1
STP248.12601_R.bin.118|k141_624970_26	C298	0	1	1	1	1	1	0	0	1	0	0	0	0	1
STP248.12601_R.bin.118|k141_624970_37	C298	0	1	1	1	0	1	1	0	0	0	1	1	0	0
STP248.12601_R.bin.118|k141_624970_38	C298	0	1	1	1	0	1	0	0	0	1	0	0	0	0
STP248.12601_R.bin.118|k141_500071_6	C298	0	1	1	1	0	1	0	0	0	0	0	0	0	0
STP248.12601_R.bin.118|k141_129934_3	C298	0	1	1	1	1	1	1	1	1	1	0	1	1	1
STP248.12601_R.bin.118|k141_129934_8	C298	0	1	1	1	0	1	0	0	0	0	1	0	0	0
STP248.12601_R.bin.118|k141_129934_19	C298	0	1	1	1	1	1	1	0	0	0	1	0	0	0
STP248.12601_R.bin.118|k141_129934_39	C298	0	1	0	0	1	1	1	0	0	0	0	0	0	0
STP248.12601_R.bin.118|k141_129934_40	C298	0	1	1	1	0	1	0	0	0	0	0	0	0	0
STP248.12601_R.bin.118|k141_129934_41	C298	0	1	0	1	0	1	0	0	0	0	0	0	0	0
STP248.12601_R.bin.118|k141_129934_42	C298	0	1	0	0	0	1	0	0	0	0	1	0	0	1
STP248.12601_R.bin.118|k141_129934_43	C298	0	1	0	1	0	1	0	0	0	0	0	0	0	0
STP248.12601_R.bin.118|k141_129934_46	C298	0	1	1	1	0	1	1	0	0	0	1	0	0	0
STP248.12601_R.bin.118|k141_129934_49	C298	0	1	1	1	0	1	0	1	0	0	1	1	0	1
STP248.12601_R.bin.118|k141_129934_57	C298	0	1	1	1	0	1	0	0	0	0	0	0	0	0
STP248.12601_R.bin.118|k141_129934_66	C298	0	1	1	1	0	1	0	0	0	0	0	0	0	0
STP248.12601_R.bin.118|k141_129934_80	C298	0	1	1	1	0	1	0	0	0	0	0	0	0	0
STP248.12601_R.bin.118|k141_129934_81	C298	0	1	1	1	0	1	0	0	0	0	0	0	0	0
STP248.12601_R.bin.118|k141_129934_82	C298	0	1	1	1	1	1	0	0	0	0	0	0	0	0
STP248.12601_R.bin.118|k141_129934_83	C298	0	1	1	1	0	1	0	0	0	0	0	0	0	0
STP248.12601_R.bin.118|k141_129934_86	C298	0	1	1	1	1	1	0	0	0	0	0	1	0	0
STP248.12601_R.bin.118|k141_129934_87	C298	0	1	1	1	1	1	0	0	0	0	0	1	0	0
STP248.12601_R.bin.118|k141_129934_88	C298	0	1	1	1	1	1	0	0	0	0	0	1	0	0
STP248.12601_R.bin.118|k141_129934_89	C298	0	1	1	1	1	1	0	0	0	0	0	1	0	0
STP248.12601_R.bin.118|k141_129934_90	C298	0	1	1	1	1	1	1	0	0	0	1	1	0	0
STP248.12601_R.bin.118|k141_129934_91	C298	0	1	1	1	1	1	0	0	0	0	0	0	0	0
STP248.12601_R.bin.118|k141_129934_92	C298	0	1	1	1	1	1	0	0	0	0	0	0	0	0
STP248.12601_R.bin.118|k141_505779_2	C298	0	1	1	1	0	1	0	0	0	0	0	0	0	0
STP248.12601_R.bin.118|k141_505779_3	C298	0	1	1	1	1	1	1	0	0	0	1	1	0	1
STP248.12601_R.bin.118|k141_505779_6	C298	0	1	1	1	0	1	0	0	0	0	0	0	0	0
STP248.12601_R.bin.118|k141_505779_11	C298	0	1	1	0	1	1	0	0	0	1	0	0	0	1
STP248.12601_R.bin.118|k141_505779_12	C298	0	1	1	0	1	1	0	0	0	1	0	0	1	1
STP248.12601_R.bin.118|k141_505779_28	C298	0	1	1	1	1	1	1	1	1	1	1	1	1	1
STP248.12601_R.bin.118|k141_505779_53	C298	0	1	1	1	1	1	1	1	1	1	0	1	1	1
STP248.12601_R.bin.118|k141_505779_60	C298	0	1	1	1	1	1	0	0	0	1	0	0	0	0
STP248.12601_R.bin.118|k141_505779_74	C298	0	1	1	1	0	1	0	0	1	1	0	1	0	0
STP248.12601_R.bin.118|k141_505779_91	C298	0	1	1	1	0	1	1	0	0	0	1	0	0	0
STP248.12601_R.bin.118|k141_879507_2	C298	0	1	1	1	1	1	1	1	1	0	1	1	0	0
STP248.12601_R.bin.118|k141_879507_12	C298	0	1	1	1	0	1	0	0	0	0	0	0	0	0
STP248.12601_R.bin.118|k141_879507_16	C298	0	1	1	1	1	1	0	1	1	1	1	1	1	0
STP248.12601_R.bin.118|k141_642822_2	C298	0	1	1	1	0	1	0	0	0	0	0	0	0	0
STP248.12601_R.bin.118|k141_642822_12	C298	0	1	1	0	0	1	0	0	0	0	0	0	0	0
STP248.12601_R.bin.118|k141_642822_16	C298	0	1	1	1	0	1	0	0	0	0	0	0	0	0
STP248.12601_R.bin.118|k141_642822_18	C298	0	1	1	1	0	1	0	0	0	0	0	0	0	0
STP248.12601_R.bin.118|k141_642822_21	C298	0	1	1	1	1	1	1	0	0	0	1	0	0	0
STP248.12601_R.bin.118|k141_893227_17	C298	0	1	1	1	1	1	0	1	1	0	0	0	1	0
STP248.12601_R.bin.118|k141_520429_11	C298	0	1	1	1	1	1	1	0	1	1	1	1	1	1
STP248.12601_R.bin.118|k141_520429_15	C298	0	1	1	1	0	1	0	0	0	0	0	0	0	0
STP248.12601_R.bin.118|k141_520429_19	C298	0	1	0	1	0	1	0	0	0	0	0	0	0	0
STP248.12601_R.bin.118|k141_520429_25	C298	0	1	1	1	1	1	1	1	0	0	1	1	0	0
STP248.12601_R.bin.118|k141_520429_27	C298	0	1	1	0	0	1	0	0	0	0	0	0	0	0
STP248.12601_R.bin.118|k141_520429_28	C298	0	1	1	1	0	1	0	0	0	0	0	0	0	0
STP248.12601_R.bin.118|k141_520429_34	C298	0	1	1	1	0	1	0	0	0	0	0	0	0	0
STP248.12601_R.bin.118|k141_520429_35	C298	0	1	1	1	0	1	0	0	0	0	0	0	0	0
STP248.12601_R.bin.118|k141_520429_36	C298	0	1	1	1	1	1	0	0	0	0	0	0	0	0
STP248.12601_R.bin.118|k141_520429_38	C298	0	1	1	1	0	1	0	1	0	0	1	0	0	0
STP248.12601_R.bin.118|k141_520429_48	C298	0	1	1	1	0	1	0	0	0	0	0	0	0	0
STP248.12601_R.bin.118|k141_520429_50	C298	0	1	0	0	0	1	0	0	0	0	0	1	0	0
STP248.12601_R.bin.118|k141_520429_53	C298	0	1	0	1	0	1	0	0	0	0	0	0	0	0
STP248.12601_R.bin.118|k141_520429_54	C298	0	1	0	1	0	1	0	0	0	0	0	0	0	0
STP248.12601_R.bin.118|k141_769723_1	C298	0	1	1	1	1	1	1	1	1	0	1	1	1	0
STP248.12601_R.bin.118|k141_769723_5	C298	0	1	1	1	1	1	0	1	1	0	0	0	0	0
STP248.12601_R.bin.118|k141_769723_6	C298	0	1	1	1	1	1	1	1	1	0	0	1	1	0
STP248.12601_R.bin.118|k141_769723_14	C298	0	1	1	0	0	1	0	0	0	0	1	0	0	0
STP248.12601_R.bin.118|k141_769723_22	C298	0	1	1	1	1	1	0	0	0	0	0	0	0	0
STP248.12601_R.bin.118|k141_769723_24	C298	0	1	0	1	0	1	0	0	0	0	0	0	0	0
STP248.12601_R.bin.118|k141_769723_29	C298	0	1	1	1	0	1	0	0	0	0	0	0	0	0
STP248.12601_R.bin.118|k141_769723_30	C298	0	1	1	1	0	1	0	0	0	0	0	0	0	0
STP248.12601_R.bin.118|k141_769723_56	C298	0	1	1	1	1	1	1	1	0	1	0	1	1	0
STP248.12601_R.bin.118|k141_769723_60	C298	0	1	1	1	1	1	1	0	1	0	0	0	0	0
STP248.12601_R.bin.118|k141_769723_79	C298	0	1	1	1	0	1	0	0	0	0	0	0	0	0
STP248.12601_R.bin.118|k141_769723_86	C298	0	1	1	0	0	1	0	0	0	0	0	0	0	0
STP248.12601_R.bin.118|k141_769723_88	C298	0	1	1	0	0	1	0	0	0	0	0	0	0	0
STP248.12601_R.bin.118|k141_769723_92	C298	0	1	1	1	0	1	0	0	0	0	1	0	0	0
STP248.12601_R.bin.118|k141_769723_98	C298	0	1	1	0	0	1	0	0	0	0	0	0	0	0
STP248.12601_R.bin.118|k141_771786_5	C298	0	1	1	1	0	1	0	1	1	1	1	1	1	1
STP248.12601_R.bin.118|k141_771786_6	C298	0	1	1	1	0	1	0	0	0	0	0	1	0	0
STP248.12601_R.bin.118|k141_771786_9	C298	0	1	1	1	1	1	1	0	0	0	1	0	0	1
STP248.12601_R.bin.118|k141_771786_30	C298	0	1	1	1	1	1	0	1	1	1	1	1	1	1
STP248.12601_R.bin.118|k141_771786_35	C298	0	1	1	1	0	1	0	0	1	1	0	0	1	1
STP248.12601_R.bin.118|k141_771786_36	C298	0	1	1	1	1	1	0	1	1	1	1	1	1	0
STP248.12601_R.bin.118|k141_771786_37	C298	0	1	1	1	0	1	1	1	1	1	1	1	0	1
STP248.12601_R.bin.118|k141_649852_15	C298	0	1	1	1	1	1	0	0	0	0	0	1	0	0
STP248.12601_R.bin.118|k141_649852_16	C298	0	1	1	1	0	1	0	0	0	0	0	0	0	0
STP248.12601_R.bin.118|k141_649852_17	C298	0	1	1	1	0	1	0	0	0	0	0	0	0	0
STP248.12601_R.bin.118|k141_649852_18	C298	0	1	1	1	0	1	0	0	0	0	0	0	0	0
STP248.12601_R.bin.118|k141_772933_8	C298	0	1	0	1	0	1	0	0	0	0	0	0	0	0
STP248.12601_R.bin.118|k141_772933_19	C298	0	1	1	1	0	1	0	0	1	1	0	1	0	1
STP248.12601_R.bin.118|k141_772933_20	C298	0	1	1	1	0	1	0	0	0	0	0	0	0	0
STP248.12601_R.bin.118|k141_772933_23	C298	0	1	1	1	0	1	0	0	0	0	0	1	0	0
STP248.12601_R.bin.118|k141_772933_30	C298	0	1	1	1	0	1	0	0	0	0	0	0	0	0
STP248.12601_R.bin.118|k141_772933_37	C298	0	1	1	1	0	1	0	0	0	0	0	0	0	0
STP248.12601_R.bin.118|k141_772933_38	C298	0	1	0	0	1	1	0	0	0	1	0	1	0	0
STP248.12601_R.bin.118|k141_772933_39	C298	0	1	1	0	0	1	0	0	0	0	0	0	0	0
STP248.12601_R.bin.118|k141_772933_68	C298	0	1	1	1	1	1	0	0	0	0	0	0	0	0
STP248.12601_R.bin.118|k141_904984_4	C298	0	1	1	1	0	1	0	0	0	0	0	0	0	0
STP248.12601_R.bin.118|k141_904984_11	C298	0	1	1	1	1	1	0	0	0	0	0	0	0	0
STP248.12601_R.bin.118|k141_904984_13	C298	0	1	1	1	1	1	0	1	1	1	1	1	1	1
STP248.12601_R.bin.118|k141_904984_20	C298	0	1	1	1	1	1	0	0	0	0	0	0	0	0
STP248.12601_R.bin.118|k141_904984_25	C298	0	1	1	1	1	1	1	1	0	0	1	1	1	1
STP248.12601_R.bin.118|k141_904984_29	C298	0	1	1	1	0	1	0	0	0	0	0	0	0	0
STP248.12601_R.bin.118|k141_904984_32	C298	0	1	1	1	1	1	1	0	0	0	1	0	0	0
STP248.12601_R.bin.118|k141_904984_61	C298	0	1	1	1	0	1	0	0	0	0	0	0	0	0
STP248.12601_R.bin.118|k141_534540_5	C298	0	1	1	1	0	1	0	0	0	0	0	0	0	0
STP248.12601_R.bin.118|k141_786323_5	C298	0	1	1	1	0	1	0	1	0	0	0	0	0	0
STP248.12601_R.bin.118|k141_786323_34	C298	0	1	1	1	0	1	0	0	0	0	0	0	0	0
STP248.12601_R.bin.118|k141_786323_38	C298	0	1	1	1	0	1	0	0	0	0	0	0	0	0
STP248.12601_R.bin.118|k141_786323_42	C298	0	1	1	1	0	1	1	0	1	1	1	1	1	1
STP248.12601_R.bin.118|k141_786323_44	C298	0	1	1	1	0	1	1	0	1	1	1	1	1	1
STP248.12601_R.bin.118|k141_540405_1	C298	0	1	1	1	1	1	0	0	0	0	0	1	0	1
STP248.12601_R.bin.118|k141_540405_7	C298	0	1	1	1	1	1	1	1	1	1	1	1	1	1
STP248.12601_R.bin.118|k141_540405_18	C298	0	1	1	1	1	1	1	1	1	1	0	1	1	1
STP248.12601_R.bin.118|k141_540405_32	C298	0	1	1	1	1	1	1	0	0	0	1	1	0	0
STP248.12601_R.bin.118|k141_540405_33	C298	0	1	1	1	1	1	1	0	0	0	0	0	0	0
STP248.12601_R.bin.118|k141_540405_49	C298	0	1	1	1	0	1	0	0	0	0	0	0	0	0
STP248.12601_R.bin.118|k141_540405_55	C298	0	1	1	1	0	1	0	0	0	0	0	0	0	0
STP248.12601_R.bin.118|k141_540405_58	C298	0	1	1	1	1	1	1	1	1	1	1	1	1	1
STP248.12601_R.bin.118|k141_540405_69	C298	0	1	1	1	1	1	1	0	0	0	1	0	0	0
STP248.12601_R.bin.118|k141_540405_78	C298	0	1	1	1	0	1	1	0	0	0	0	0	0	0
STP248.12601_R.bin.118|k141_540405_86	C298	0	1	1	1	1	1	0	0	0	0	0	0	0	0
STP248.12601_R.bin.118|k141_540405_88	C298	0	1	1	1	0	1	0	0	0	0	0	0	0	0
STP248.12601_R.bin.118|k141_540405_89	C298	0	1	1	1	1	1	0	1	1	1	1	1	1	1
STP248.12601_R.bin.118|k141_540405_93	C298	0	1	1	1	1	1	0	0	0	0	0	0	0	0
STP248.12601_R.bin.118|k141_540405_104	C298	0	1	1	1	0	1	0	0	0	0	0	0	0	1
STP248.12601_R.bin.118|k141_540405_105	C298	0	1	1	1	0	1	0	0	0	0	0	0	0	0
STP248.12601_R.bin.118|k141_540405_108	C298	0	1	0	1	0	1	0	0	0	0	0	0	0	0
STP248.12601_R.bin.118|k141_540405_116	C298	0	1	1	1	0	1	0	0	0	0	0	0	0	0
STP248.12601_R.bin.118|k141_540405_120	C298	0	1	0	0	0	1	0	0	0	0	0	0	0	0
STP248.12601_R.bin.118|k141_540405_122	C298	0	1	1	1	1	1	0	0	0	0	1	0	0	0
STP248.12601_R.bin.118|k141_40355_8	C298	0	1	1	1	0	1	0	0	0	1	0	1	0	0
STP248.12601_R.bin.118|k141_666362_1	C298	0	1	1	0	0	1	0	0	0	0	0	0	0	0
STP248.12601_R.bin.118|k141_666362_10	C298	0	1	1	0	0	1	0	0	0	0	0	1	0	0
STP248.12601_R.bin.118|k141_666362_11	C298	0	1	1	1	0	1	0	0	0	0	0	0	0	0
STP248.12601_R.bin.118|k141_666362_13	C298	0	1	1	1	0	1	0	0	0	0	0	0	0	0
STP248.12601_R.bin.118|k141_666362_14	C298	0	1	0	0	0	1	0	0	0	0	0	0	0	0
STP248.12601_R.bin.118|k141_666362_15	C298	0	1	1	1	0	1	0	0	0	0	0	0	0	0
STP248.12601_R.bin.118|k141_666362_16	C298	0	1	1	1	1	1	1	1	0	1	1	0	1	1
STP248.12601_R.bin.118|k141_666362_19	C298	0	1	1	1	0	1	0	0	0	0	0	0	0	0
STP248.12601_R.bin.118|k141_417709_3	C298	0	1	0	1	0	1	0	1	0	1	0	0	1	1
STP248.12601_R.bin.118|k141_417709_22	C298	0	1	1	1	0	1	0	0	0	0	0	0	0	0
STP248.12601_R.bin.118|k141_417709_26	C298	0	1	0	0	0	1	0	0	0	1	0	0	0	1
STP248.12601_R.bin.118|k141_417709_30	C298	0	1	1	1	1	1	1	1	1	1	0	1	1	1
STP248.12601_R.bin.118|k141_417709_34	C298	0	1	1	1	0	1	0	0	0	0	0	0	0	0
STP248.12601_R.bin.118|k141_417709_61	C298	0	1	1	1	1	1	1	0	0	0	1	0	0	0
STP248.12601_R.bin.118|k141_417709_65	C298	0	1	0	1	0	1	0	0	0	0	0	0	0	0
STP248.12601_R.bin.118|k141_417709_69	C298	0	1	1	1	0	1	0	0	0	0	0	0	1	1
STP248.12601_R.bin.118|k141_417709_70	C298	0	1	1	1	0	1	0	0	0	0	0	0	1	1
STP248.12601_R.bin.118|k141_417709_71	C298	0	1	1	1	1	1	1	1	1	1	1	0	1	1
STP248.12601_R.bin.118|k141_417709_72	C298	0	1	1	1	0	1	0	0	1	0	0	0	1	1
STP248.12601_R.bin.118|k141_417709_76	C298	0	1	1	1	0	1	0	0	0	0	0	0	0	0
STP248.12601_R.bin.118|k141_417709_77	C298	0	1	0	0	1	1	0	0	0	0	1	1	0	0
STP248.12601_R.bin.118|k141_417709_89	C298	0	1	1	1	1	1	1	1	1	1	1	1	1	1
STP248.12601_R.bin.118|k141_417709_96	C298	0	1	1	1	0	1	0	0	0	0	1	0	0	0
STP248.12601_R.bin.118|k141_417709_106	C298	0	1	1	1	0	1	1	0	0	1	0	0	1	0
STP248.12601_R.bin.118|k141_417709_143	C298	0	1	1	1	1	1	1	1	1	1	1	1	0	1
STP248.12601_R.bin.118|k141_417709_144	C298	0	1	0	0	0	1	0	0	0	0	0	0	0	0
STP248.12601_R.bin.118|k141_417709_155	C298	0	1	1	1	0	1	1	1	1	0	1	1	0	0
STP248.12601_R.bin.118|k141_417709_163	C298	0	1	1	1	1	1	1	1	1	0	0	0	1	0
STP248.12601_R.bin.118|k141_923502_9	C298	0	1	1	1	1	1	0	1	0	0	0	1	0	0
STP248.12601_R.bin.118|k141_923502_10	C298	0	1	1	1	1	1	0	1	0	0	0	1	0	0
STP248.12601_R.bin.118|k141_923502_11	C298	0	1	1	1	1	1	0	1	0	1	0	1	0	1
STP248.12601_R.bin.118|k141_556585_5	C298	0	1	1	1	0	1	0	0	0	0	0	0	0	0
STP248.12601_R.bin.118|k141_556585_9	C298	0	1	0	0	1	1	0	0	0	0	0	1	0	0
STP248.12601_R.bin.118|k141_556585_11	C298	0	1	0	1	0	1	0	0	0	0	0	0	0	1
STP248.12601_R.bin.118|k141_556585_35	C298	0	1	1	1	0	1	0	0	0	0	0	0	0	0
STP248.12601_R.bin.118|k141_556585_36	C298	0	1	1	1	0	1	0	0	0	0	0	0	0	0
STP248.12601_R.bin.118|k141_556585_37	C298	0	1	1	1	0	1	0	0	0	0	0	0	0	0
STP248.12601_R.bin.118|k141_556585_38	C298	0	1	1	1	0	1	0	0	0	0	0	0	0	0
STP248.12601_R.bin.118|k141_556585_39	C298	0	1	1	1	0	1	0	0	0	0	0	0	0	0
STP248.12601_R.bin.118|k141_556585_43	C298	0	1	1	1	1	1	1	1	1	1	1	1	1	1
STP248.12601_R.bin.118|k141_556585_49	C298	0	1	1	1	0	1	0	0	0	0	0	0	0	0
STP248.12601_R.bin.118|k141_556585_55	C298	0	1	1	1	0	1	0	0	0	0	0	0	0	0
STP248.12601_R.bin.118|k141_556585_61	C298	0	1	1	1	1	1	1	1	1	1	0	1	1	1
STP248.12601_R.bin.118|k141_557158_2	C298	0	1	1	0	1	1	0	0	0	0	0	0	0	0
STP248.12601_R.bin.118|k141_557158_3	C298	0	1	1	1	1	1	0	0	0	0	0	1	0	0
STP248.12601_R.bin.118|k141_557158_5	C298	0	1	1	0	0	1	0	0	0	0	0	0	0	0
STP248.12601_R.bin.118|k141_557158_9	C298	0	1	1	1	0	1	0	0	0	0	0	0	0	0
STP248.12601_R.bin.118|k141_557158_11	C298	0	1	0	0	0	1	1	0	0	0	0	0	0	0
STP248.12601_R.bin.118|k141_557158_26	C298	0	1	1	1	1	1	1	0	0	0	0	0	1	0
STP248.12601_R.bin.118|k141_557158_38	C298	0	1	1	1	1	1	0	0	0	0	0	0	0	0
STP248.12601_R.bin.118|k141_557158_47	C298	0	1	1	0	1	1	1	0	0	0	0	0	0	0
STP248.12601_R.bin.118|k141_557158_52	C298	0	1	1	1	0	1	1	1	0	0	1	1	0	0
STP248.12601_R.bin.118|k141_557158_66	C298	0	1	1	1	0	1	0	0	0	0	0	0	0	0
STP248.12601_R.bin.118|k141_435317_16	C298	0	1	1	0	0	1	0	0	0	0	0	0	0	0
STP248.12601_R.bin.118|k141_563334_1	C298	0	1	1	0	1	1	0	1	0	0	0	0	0	0
STP248.12601_R.bin.118|k141_563334_2	C298	0	1	1	0	0	1	0	0	0	0	0	0	0	0
STP248.12601_R.bin.118|k141_563334_3	C298	0	1	1	0	0	1	0	0	0	0	0	0	0	0
STP248.12601_R.bin.118|k141_563334_4	C298	0	1	1	0	0	1	0	0	0	0	0	0	0	0
STP248.12601_R.bin.118|k141_563334_5	C298	0	1	1	0	0	1	0	0	0	0	0	0	0	0
STP248.12601_R.bin.118|k141_563334_6	C298	0	1	1	0	0	1	0	0	0	0	0	0	0	0
STP248.12601_R.bin.118|k141_563334_9	C298	0	1	0	0	1	1	1	0	1	0	0	0	1	1
STP248.12601_R.bin.118|k141_563334_39	C298	0	1	0	1	0	1	0	0	0	0	0	0	0	0
STP248.12601_R.bin.118|k141_563334_41	C298	0	1	0	1	0	1	0	0	0	0	0	0	0	0
STP248.12601_R.bin.118|k141_563334_43	C298	0	1	0	1	0	1	0	0	0	0	0	0	0	0
STP248.12601_R.bin.118|k141_563334_46	C298	0	1	0	0	0	1	0	0	0	0	0	0	0	0
STP248.12601_R.bin.118|k141_563334_47	C298	0	1	1	0	0	1	0	0	0	0	0	0	0	0
STP248.12601_R.bin.118|k141_563334_48	C298	0	1	0	1	0	1	0	0	0	0	0	0	0	0
STP248.12601_R.bin.118|k141_563334_49	C298	0	1	1	1	0	1	0	0	0	0	0	0	0	0
STP248.12601_R.bin.118|k141_563334_50	C298	0	1	1	0	0	1	0	0	0	0	0	0	0	0
STP248.12601_R.bin.118|k141_563334_53	C298	0	1	1	1	0	1	0	0	0	0	0	0	0	0
STP248.12601_R.bin.118|k141_936336_2	C298	0	1	1	1	0	1	0	0	0	0	0	0	0	0
STP248.12601_R.bin.118|k141_196542_5	C298	0	1	1	1	1	1	1	1	1	1	1	1	1	1
STP248.12601_R.bin.118|k141_196542_22	C298	0	1	1	1	1	1	1	1	1	1	0	1	1	1
STP248.12601_R.bin.118|k141_196542_28	C298	0	1	1	1	1	1	0	1	1	1	1	1	0	1
STP248.12601_R.bin.118|k141_196542_54	C298	0	1	1	1	0	1	0	1	1	0	1	0	0	1
STP248.12601_R.bin.118|k141_70658_13	C298	0	1	0	0	0	1	1	0	1	1	0	1	1	1
STP248.12601_R.bin.118|k141_580373_24	C298	0	1	1	0	0	1	0	0	0	0	0	0	0	0
STP248.12601_R.bin.118|k141_76108_9	C298	0	1	1	1	0	1	0	0	0	0	0	0	0	0
STP248.12601_R.bin.118|k141_76108_12	C298	0	1	1	0	0	1	0	0	0	0	0	0	0	0
STP248.12601_R.bin.118|k141_76108_20	C298	0	1	1	1	1	1	1	1	0	1	1	1	0	1
STP248.12601_R.bin.118|k141_76108_22	C298	0	1	1	1	0	1	0	0	0	0	0	1	0	0
STP248.12601_R.bin.118|k141_584438_1	C298	0	1	0	1	0	1	0	0	0	0	0	0	0	0
STP248.12601_R.bin.118|k141_588353_7	C298	0	1	1	0	0	1	0	0	0	0	0	1	0	0
STP248.12601_R.bin.118|k141_588353_14	C298	0	1	1	1	1	1	0	0	1	0	1	1	0	0
STP248.12601_R.bin.118|k141_588353_19	C298	0	1	1	1	0	1	0	0	0	0	0	0	0	0
STP248.12601_R.bin.118|k141_588353_20	C298	0	1	1	1	0	1	0	1	0	0	0	0	0	0
STP248.12601_R.bin.118|k141_588353_32	C298	0	1	1	1	1	1	1	1	1	1	1	1	1	1
STP248.12601_R.bin.118|k141_588353_61	C298	0	1	1	1	1	1	0	0	0	0	0	0	0	0
STP248.12601_R.bin.118|k141_588353_70	C298	0	1	0	1	0	1	0	0	0	0	1	0	0	0
STP248.12601_R.bin.118|k141_588353_71	C298	0	1	0	0	0	1	0	0	0	0	0	0	0	0
STP248.12601_R.bin.118|k141_588353_84	C298	0	1	1	1	1	1	0	1	0	0	0	0	0	0
STP248.12601_R.bin.118|k141_588353_87	C298	0	1	1	0	1	1	1	1	1	1	1	1	0	0
STP248.12601_R.bin.118|k141_588353_100	C298	0	1	1	0	0	1	0	0	0	0	0	0	0	0
STP248.12601_R.bin.118|k141_588353_101	C298	0	1	1	1	1	1	0	1	1	1	1	1	1	1
STP248.12601_R.bin.118|k141_588353_102	C298	0	1	1	1	0	1	0	0	1	1	0	0	1	1
STP248.12601_R.bin.118|k141_588353_104	C298	0	1	1	1	1	1	1	1	1	1	0	1	1	1
STP248.12601_R.bin.118|k141_588353_107	C298	0	1	1	1	1	1	1	1	0	0	1	0	0	1
STP248.12601_R.bin.118|k141_588353_108	C298	0	1	1	1	1	1	0	0	1	0	1	0	0	0
STP248.12601_R.bin.118|k141_588353_109	C298	0	1	1	1	1	1	0	0	1	0	1	0	0	0
STP248.12601_R.bin.118|k141_588353_110	C298	0	1	1	1	1	1	0	0	0	0	0	0	0	0
STP248.12601_R.bin.118|k141_589226_7	C298	0	1	0	0	0	1	0	0	0	0	0	0	0	0
STP248.12601_R.bin.118|k141_589226_9	C298	0	1	1	1	1	1	1	1	1	1	1	1	1	1
STP248.12601_R.bin.118|k141_589226_12	C298	0	1	0	0	1	1	0	0	0	0	0	0	0	1
STP248.12601_R.bin.118|k141_589226_13	C298	0	1	0	0	1	1	0	1	0	0	0	0	0	1
STP248.12601_R.bin.118|k141_589226_30	C298	0	1	1	1	1	1	0	0	0	0	1	0	1	1
STP248.12601_R.bin.118|k141_589226_50	C298	0	1	0	0	0	1	0	0	0	0	0	0	0	0
STP248.12601_R.bin.118|k141_589226_55	C298	0	1	1	1	1	1	1	1	1	0	1	1	0	0
STP248.12601_R.bin.118|k141_589226_58	C298	0	1	1	1	0	1	0	0	0	0	0	0	0	0
STP248.12601_R.bin.118|k141_589226_86	C298	0	1	1	1	0	1	0	0	0	0	0	0	0	0
STP248.12601_R.bin.118|k141_589226_97	C298	0	1	1	1	0	1	1	1	1	0	0	0	1	1
STP248.12601_R.bin.118|k141_589226_101	C298	0	1	1	1	1	1	0	1	0	1	1	0	0	0
STP248.12601_R.bin.118|k141_589226_102	C298	0	1	0	1	0	1	0	0	0	0	0	0	0	0
STP248.12601_R.bin.118|k141_589226_108	C298	0	1	1	0	1	1	0	0	0	0	1	0	0	0
STP248.12601_R.bin.118|k141_589226_113	C298	0	1	1	1	0	1	0	0	0	0	1	0	0	0
STP248.12601_R.bin.118|k141_958820_11	C298	0	1	1	1	0	1	0	0	0	0	0	0	0	0
STP248.12601_R.bin.118|k141_958820_17	C298	0	1	1	1	1	1	1	1	1	1	1	1	1	1
STP248.12601_R.bin.118|k141_958820_18	C298	0	1	1	1	1	1	1	1	1	1	1	1	1	1
STP248.12601_R.bin.118|k141_958820_39	C298	0	1	1	1	1	1	1	1	1	1	0	1	1	1
STP248.12601_R.bin.118|k141_958820_67	C298	0	1	1	1	1	1	1	0	0	1	0	0	0	0
STP248.12601_R.bin.118|k141_958820_81	C298	0	1	1	1	0	1	0	0	1	0	0	0	0	1
STP248.12601_R.bin.118|k141_958820_82	C298	0	1	0	0	0	1	1	0	0	0	0	0	0	0
STP248.12601_R.bin.118|k141_465240_22	C298	0	1	1	1	0	1	0	0	0	0	0	0	0	0
STP248.12601_R.bin.118|k141_465240_39	C298	0	1	0	0	0	1	0	1	1	0	0	1	1	1
STP248.12601_R.bin.118|k141_465240_78	C298	0	1	0	0	0	1	1	0	1	0	0	0	0	1
STP248.12601_R.bin.118|k141_465240_89	C298	0	1	1	1	1	1	1	1	0	1	1	1	0	0
STP248.12601_R.bin.118|k141_465240_90	C298	0	1	1	1	0	1	0	0	0	0	0	0	0	0
STP248.12601_R.bin.118|k141_465240_91	C298	0	1	0	1	0	1	0	0	0	0	0	0	0	0
STP248.12601_R.bin.118|k141_465240_97	C298	0	1	1	1	0	1	0	0	0	1	1	1	0	0
STP248.12601_R.bin.118|k141_465240_98	C298	0	1	1	1	1	1	0	0	0	1	0	0	0	0
STP248.12601_R.bin.118|k141_465240_99	C298	0	1	0	1	0	1	0	0	0	0	0	0	0	0
STP248.12601_R.bin.118|k141_465240_103	C298	0	1	0	0	0	1	0	0	0	0	0	0	0	0
STP248.12601_R.bin.118|k141_465240_104	C298	0	1	1	1	0	1	0	0	0	0	0	0	0	0
STP248.12601_R.bin.118|k141_465240_112	C298	0	1	0	1	0	1	0	0	0	0	0	0	0	0
STP248.12601_R.bin.118|k141_465240_113	C298	0	1	0	1	0	1	0	0	0	0	0	0	0	0
STP248.12601_R.bin.118|k141_221452_8	C298	0	1	1	1	0	1	0	0	0	0	0	0	0	0
STP248.12601_R.bin.118|k141_221452_9	C298	0	1	1	1	0	1	0	0	0	0	0	0	0	0
STP248.12601_R.bin.118|k141_221452_14	C298	0	1	1	1	0	1	0	0	0	0	0	0	0	0
STP248.12601_R.bin.118|k141_221452_15	C298	0	1	1	1	1	1	1	1	1	0	0	1	0	1
STP248.12601_R.bin.118|k141_961788_1	C298	0	1	0	1	0	1	0	1	1	0	0	1	1	0
STP248.12601_R.bin.118|k141_961788_5	C298	0	1	1	1	0	1	0	0	0	0	0	0	0	0
STP248.12601_R.bin.118|k141_962093_7	C298	0	1	1	1	1	1	1	0	0	0	1	0	0	0
STP248.12601_R.bin.118|k141_962093_18	C298	0	1	1	0	0	1	0	0	0	0	0	0	0	0
STP248.12601_R.bin.118|k141_962093_21	C298	0	1	1	1	1	1	0	0	0	0	0	0	0	0
STP248.12601_R.bin.118|k141_962093_36	C298	0	1	1	1	1	1	0	0	0	0	1	1	0	0
STP248.12601_R.bin.118|k141_962093_45	C298	0	1	0	0	0	1	0	0	0	0	0	0	0	1
STP248.12601_R.bin.118|k141_962093_46	C298	0	1	0	0	0	1	0	0	0	0	0	0	1	1
STP248.12601_R.bin.118|k141_483842_6	C298	0	1	1	1	1	1	0	1	1	0	0	1	0	0
STP248.12601_R.bin.118|k141_483842_11	C298	0	1	1	1	0	1	0	0	0	0	1	1	0	0
STP248.12601_R.bin.118|k141_483842_19	C298	0	1	1	1	0	1	0	0	0	0	0	0	0	0
STP248.12601_R.bin.118|k141_483842_25	C298	0	1	1	1	0	1	0	0	0	0	0	0	0	0
STP248.12601_R.bin.118|k141_483842_37	C298	0	1	1	1	1	1	0	0	0	0	0	0	0	0
STP248.12601_R.bin.118|k141_483842_40	C298	0	1	1	0	0	1	0	0	0	0	0	0	0	0
STP248.12601_R.bin.118|k141_745868_13	C298	0	1	1	1	0	1	0	0	0	0	0	0	0	0
STP248.12601_R.bin.118|k141_745868_23	C298	0	1	1	1	0	1	0	0	0	0	0	0	0	0
STP248.12601_R.bin.118|k141_745868_34	C298	0	1	1	1	1	1	1	1	1	1	1	0	1	1
STP248.12601_R.bin.118|k141_745868_41	C298	0	1	0	0	0	1	0	0	0	0	1	0	0	0
STP248.12601_R.bin.118|k141_745868_85	C298	0	1	1	1	1	1	0	0	0	0	1	0	0	0
STP248.12601_R.bin.118|k141_990272_10	C298	0	1	1	1	0	1	0	1	1	1	0	0	0	1
STP248.12601_R.bin.118|k141_990272_12	C298	0	1	1	1	0	1	1	1	0	0	0	0	0	0
EHM034720|EHA02359_bin.2_gene_0_1	C286	1	1	1	1	1	0	0	0	0	0	0	0	0	0
EHM034720|EHA02359_bin.2_gene_0_2	C286	1	1	1	1	1	0	1	0	0	0	1	0	0	0
EHM034720|EHA02359_bin.2_gene_0_4	C286	1	1	1	1	1	1	1	1	1	1	0	1	1	1
EHM034720|EHA02359_bin.2_gene_0_5	C286	1	1	1	1	1	1	1	1	1	1	0	1	1	1
EHM034720|EHA02359_bin.2_gene_0_6	C286	1	1	1	1	1	1	0	1	0	1	1	1	1	0
EHM034720|EHA02359_bin.2_gene_0_7	C286	1	1	1	1	1	1	0	1	1	1	1	1	1	1
EHM034720|EHA02359_bin.2_gene_0_8	C286	1	1	1	1	1	1	0	1	1	1	1	1	1	1
EHM034720|EHA02359_bin.2_gene_0_9	C286	1	1	1	1	1	1	0	1	1	1	1	1	1	1
EHM034720|EHA02359_bin.2_gene_0_10	C286	1	1	1	1	1	1	1	1	1	1	1	0	1	1
EHM034720|EHA02359_bin.2_gene_0_11	C286	1	1	1	1	1	1	1	1	1	1	1	1	1	1
EHM034720|EHA02359_bin.2_gene_0_12	C286	1	1	1	1	0	1	0	1	1	0	0	1	1	0
EHM034720|EHA02359_bin.2_gene_0_14	C286	1	1	1	1	1	0	1	1	1	1	0	1	1	1
EHM034720|EHA02359_bin.2_gene_1_1	C286	1	1	1	1	1	1	1	1	1	1	1	1	1	1
EHM034720|EHA02359_bin.2_gene_1_2	C286	1	1	1	1	1	1	0	0	1	1	1	1	1	1
EHM034720|EHA02359_bin.2_gene_2_1	C286	1	1	1	1	1	1	1	1	1	1	1	0	0	1
EHM034720|EHA02359_bin.2_gene_2_2	C286	1	1	1	1	0	1	0	0	0	0	0	0	0	0
EHM034720|EHA02359_bin.2_gene_2_3	C286	1	1	1	1	1	1	1	1	1	1	1	1	1	1
EHM034720|EHA02359_bin.2_gene_2_4	C286	1	1	1	1	1	1	1	1	1	1	1	1	1	1
EHM034720|EHA02359_bin.2_gene_2_5	C286	1	1	1	1	1	1	1	1	1	1	1	1	1	1
EHM034720|EHA02359_bin.2_gene_2_6	C286	1	1	1	1	1	0	0	0	0	0	0	0	0	0
EHM034720|EHA02359_bin.2_gene_3_2	C286	1	1	1	1	1	1	1	1	1	1	0	1	1	1
EHM034720|EHA02359_bin.2_gene_3_3	C286	1	1	1	1	1	1	1	1	1	1	1	1	1	1
EHM034720|EHA02359_bin.2_gene_3_4	C286	1	1	1	1	1	1	0	1	1	1	1	1	1	1
EHM034720|EHA02359_bin.2_gene_3_5	C286	1	1	1	1	1	1	0	1	1	0	1	1	0	1
EHM034720|EHA02359_bin.2_gene_3_6	C286	1	1	1	1	1	1	0	0	0	0	0	0	0	0
EHM034720|EHA02359_bin.2_gene_3_7	C286	1	1	1	1	1	1	1	1	1	1	1	1	1	1
EHM034720|EHA02359_bin.2_gene_3_8	C286	1	1	1	1	1	1	0	0	0	0	1	1	0	0
EHM034720|EHA02359_bin.2_gene_3_9	C286	1	1	1	1	1	1	1	0	1	0	0	0	1	1
EHM034720|EHA02359_bin.2_gene_3_10	C286	1	1	1	1	1	1	1	1	1	1	1	1	1	1
EHM034720|EHA02359_bin.2_gene_4_2	C286	1	1	1	1	1	1	1	1	1	1	1	1	1	1
EHM034720|EHA02359_bin.2_gene_4_3	C286	1	1	0	1	0	0	0	0	0	0	0	1	0	0
EHM034720|EHA02359_bin.2_gene_4_5	C286	1	1	1	1	1	1	1	1	1	1	1	1	1	1
EHM034720|EHA02359_bin.2_gene_4_6	C286	1	1	1	1	1	1	0	1	1	1	1	1	1	1
EHM034720|EHA02359_bin.2_gene_4_7	C286	1	1	1	1	1	1	0	1	1	1	1	1	1	1
EHM034720|EHA02359_bin.2_gene_4_8	C286	1	1	1	1	1	1	0	0	0	0	0	0	0	0
EHM034720|EHA02359_bin.2_gene_4_11	C286	1	1	1	1	1	1	1	1	1	0	1	1	1	1
EHM034720|EHA02359_bin.2_gene_4_12	C286	1	1	1	1	1	1	1	1	1	1	1	1	1	1
EHM034720|EHA02359_bin.2_gene_4_13	C286	1	1	1	1	1	1	0	1	1	1	1	1	1	1
EHM034720|EHA02359_bin.2_gene_4_14	C286	1	1	1	1	1	1	1	0	0	0	1	1	1	0
EHM034720|EHA02359_bin.2_gene_4_15	C286	1	1	1	1	1	1	1	1	1	0	1	1	0	1
EHM034720|EHA02359_bin.2_gene_4_17	C286	1	1	1	1	1	1	1	1	1	1	1	1	1	1
EHM034720|EHA02359_bin.2_gene_4_18	C286	1	1	1	1	1	1	1	1	1	1	1	1	1	1
EHM034720|EHA02359_bin.2_gene_4_19	C286	1	1	1	1	1	1	0	1	1	1	1	1	1	1
EHM034720|EHA02359_bin.2_gene_4_20	C286	1	1	1	1	1	1	0	0	0	0	0	0	0	0
EHM034720|EHA02359_bin.2_gene_6_2	C286	1	1	1	1	1	1	1	1	1	1	1	1	1	1
EHM034720|EHA02359_bin.2_gene_7_2	C286	1	1	0	1	1	0	0	0	1	1	1	1	0	1
EHM034720|EHA02359_bin.2_gene_7_3	C286	1	1	1	0	0	0	0	0	0	0	0	0	1	0
EHM034720|EHA02359_bin.2_gene_7_5	C286	1	1	1	1	1	1	1	1	1	1	1	0	1	1
EHM034720|EHA02359_bin.2_gene_7_7	C286	1	1	1	1	1	1	0	1	1	1	1	1	1	1
EHM034720|EHA02359_bin.2_gene_7_8	C286	1	1	1	1	1	0	0	0	0	0	0	0	0	0
EHM034720|EHA02359_bin.2_gene_7_9	C286	1	1	1	1	1	1	1	0	1	1	1	1	1	1
EHM034720|EHA02359_bin.2_gene_7_10	C286	1	1	1	1	1	1	0	1	1	1	1	0	1	1
EHM034720|EHA02359_bin.2_gene_7_11	C286	1	1	1	1	1	1	1	1	1	1	0	1	1	1
EHM034720|EHA02359_bin.2_gene_7_12	C286	1	1	1	1	1	1	0	1	1	1	1	1	1	1
EHM034720|EHA02359_bin.2_gene_7_13	C286	1	1	1	1	1	1	1	1	1	1	0	1	1	1
EHM034720|EHA02359_bin.2_gene_7_14	C286	1	1	1	1	0	1	1	1	0	0	1	1	0	0
EHM034720|EHA02359_bin.2_gene_7_15	C286	1	1	1	1	1	0	1	0	0	0	1	1	0	0
EHM034720|EHA02359_bin.2_gene_7_16	C286	1	1	1	1	1	0	1	0	0	0	1	1	0	0
EHM034720|EHA02359_bin.2_gene_7_17	C286	1	1	1	1	1	1	1	1	1	1	0	1	1	1
EHM034720|EHA02359_bin.2_gene_7_18	C286	1	1	1	1	1	1	0	1	1	1	1	1	1	1
EHM034720|EHA02359_bin.2_gene_7_19	C286	1	1	1	1	1	1	1	1	1	1	0	1	1	1
EHM034720|EHA02359_bin.2_gene_7_20	C286	1	1	1	1	1	1	0	0	0	0	0	0	0	0
EHM034720|EHA02359_bin.2_gene_7_21	C286	1	1	1	1	1	1	1	1	0	0	1	1	0	1
EHM034720|EHA02359_bin.2_gene_7_22	C286	1	1	1	1	1	1	1	1	1	0	1	1	1	1
EHM034720|EHA02359_bin.2_gene_7_23	C286	1	1	1	1	0	1	1	0	0	0	0	0	0	0
EHM034720|EHA02359_bin.2_gene_7_25	C286	1	1	1	1	0	0	0	0	0	1	0	0	0	0
EHM034720|EHA02359_bin.2_gene_7_26	C286	1	1	1	1	1	1	1	1	1	1	1	1	1	1
EHM034720|EHA02359_bin.2_gene_10_1	C286	1	1	1	1	1	1	1	1	1	1	1	1	1	1
EHM034720|EHA02359_bin.2_gene_10_2	C286	1	1	1	1	1	0	0	0	0	0	0	0	0	0
EHM034720|EHA02359_bin.2_gene_10_3	C286	1	1	1	1	1	1	1	1	1	1	1	1	1	1
EHM034720|EHA02359_bin.2_gene_10_4	C286	1	1	1	1	1	1	1	1	1	1	1	1	1	1
EHM034720|EHA02359_bin.2_gene_10_5	C286	1	1	1	1	0	0	1	1	1	1	1	1	1	1
EHM034720|EHA02359_bin.2_gene_10_6	C286	1	1	1	1	1	1	1	1	1	1	1	1	1	1
EHM034720|EHA02359_bin.2_gene_10_8	C286	1	1	1	1	1	1	1	1	1	1	1	1	1	1
EHM034720|EHA02359_bin.2_gene_10_9	C286	1	1	1	1	1	1	1	1	1	1	1	1	1	1
EHM034720|EHA02359_bin.2_gene_10_10	C286	1	1	1	1	1	1	1	1	1	1	0	1	1	1
EHM034720|EHA02359_bin.2_gene_10_11	C286	1	1	1	1	1	1	1	1	0	0	0	1	0	0
EHM034720|EHA02359_bin.2_gene_10_12	C286	1	1	1	1	1	1	1	1	1	1	0	1	1	1
EHM034720|EHA02359_bin.2_gene_10_14	C286	1	1	1	1	1	0	1	1	1	1	0	1	1	1
EHM034720|EHA02359_bin.2_gene_10_15	C286	1	1	1	1	1	1	0	1	1	1	0	1	1	1
EHM034720|EHA02359_bin.2_gene_10_16	C286	1	1	1	1	1	1	1	1	1	1	1	1	1	1
EHM034720|EHA02359_bin.2_gene_10_17	C286	1	1	1	1	1	1	0	1	0	0	0	1	1	0
EHM034720|EHA02359_bin.2_gene_10_21	C286	1	1	1	1	0	1	1	1	1	1	1	1	1	1
EHM034720|EHA02359_bin.2_gene_10_22	C286	1	1	1	1	0	1	1	1	1	1	1	1	1	1
EHM034720|EHA02359_bin.2_gene_10_23	C286	1	1	1	1	1	1	1	1	0	0	1	1	0	0
EHM034720|EHA02359_bin.2_gene_10_24	C286	1	1	1	1	1	0	1	1	1	1	1	1	1	1
EHM034720|EHA02359_bin.2_gene_10_25	C286	1	1	1	1	1	1	1	1	0	0	1	1	0	0
EHM034720|EHA02359_bin.2_gene_10_26	C286	1	1	1	1	1	1	1	1	1	1	1	1	0	1
EHM034720|EHA02359_bin.2_gene_10_27	C286	1	1	1	1	1	1	1	1	1	1	1	1	1	1
EHM034720|EHA02359_bin.2_gene_10_28	C286	1	1	1	1	1	1	1	1	1	1	1	1	1	1
EHM034720|EHA02359_bin.2_gene_10_29	C286	1	1	1	1	1	1	1	1	1	1	0	0	1	1
EHM034720|EHA02359_bin.2_gene_11_3	C286	1	1	1	1	1	1	1	1	1	1	1	1	1	1
EHM034720|EHA02359_bin.2_gene_11_4	C286	1	1	1	1	1	1	1	1	1	1	1	1	1	1
EHM034720|EHA02359_bin.2_gene_11_5	C286	1	1	1	1	1	1	0	1	1	1	1	1	1	1
EHM034720|EHA02359_bin.2_gene_12_1	C286	1	1	1	1	0	0	0	0	0	0	0	0	0	0
EHM034720|EHA02359_bin.2_gene_12_2	C286	1	1	1	1	1	1	1	1	1	1	1	1	1	0
EHM034720|EHA02359_bin.2_gene_12_3	C286	1	1	1	1	1	1	1	1	1	1	0	1	1	1
EHM034720|EHA02359_bin.2_gene_12_4	C286	1	1	1	1	1	1	1	1	1	1	0	1	1	1
EHM034720|EHA02359_bin.2_gene_12_5	C286	1	1	1	1	1	1	1	1	1	1	0	1	1	1
EHM034720|EHA02359_bin.2_gene_12_6	C286	1	1	1	1	1	1	1	1	1	1	1	1	1	1
EHM034720|EHA02359_bin.2_gene_12_8	C286	1	1	1	1	1	1	0	0	0	0	0	0	0	0
EHM034720|EHA02359_bin.2_gene_12_9	C286	1	1	1	1	1	1	0	1	0	0	1	1	0	0
EHM034720|EHA02359_bin.2_gene_12_10	C286	1	1	1	1	1	1	1	1	1	1	1	1	1	1
EHM034720|EHA02359_bin.2_gene_12_11	C286	1	1	1	1	1	1	1	1	1	1	1	1	1	1
EHM034720|EHA02359_bin.2_gene_13_1	C286	1	1	0	0	0	0	0	0	0	0	0	0	0	0
EHM034720|EHA02359_bin.2_gene_13_2	C286	1	1	1	1	1	0	1	1	1	1	0	0	0	1
EHM034720|EHA02359_bin.2_gene_13_4	C286	1	1	1	1	1	1	0	1	0	0	0	1	0	0
EHM034720|EHA02359_bin.2_gene_13_5	C286	1	1	1	1	1	1	1	1	1	1	0	1	1	1
EHM034720|EHA02359_bin.2_gene_13_6	C286	1	1	1	1	1	1	1	1	1	1	1	1	1	1
EHM034720|EHA02359_bin.2_gene_13_7	C286	1	1	1	1	1	1	1	1	1	1	0	0	1	1
EHM034720|EHA02359_bin.2_gene_14_6	C286	1	1	1	1	1	1	1	1	1	0	1	1	1	1
EHM034720|EHA02359_bin.2_gene_15_4	C286	1	1	1	1	1	0	1	1	0	0	0	0	0	0
EHM034720|EHA02359_bin.2_gene_16_2	C286	1	1	1	1	1	1	1	0	1	1	1	1	1	1
EHM034720|EHA02359_bin.2_gene_16_3	C286	1	1	1	1	1	1	0	1	0	1	0	1	0	1
EHM034720|EHA02359_bin.2_gene_16_4	C286	1	1	1	0	1	1	1	1	0	0	1	1	0	0
EHM034720|EHA02359_bin.2_gene_16_5	C286	1	1	1	1	1	1	1	1	1	1	0	1	1	1
EHM034720|EHA02359_bin.2_gene_16_6	C286	1	1	1	1	1	1	1	1	1	1	1	1	1	1
EHM034720|EHA02359_bin.2_gene_16_7	C286	1	1	1	1	1	1	1	1	1	1	1	1	1	1
EHM034720|EHA02359_bin.2_gene_16_8	C286	1	1	1	1	1	1	1	1	1	1	1	1	1	1
EHM034720|EHA02359_bin.2_gene_17_1	C286	1	1	1	0	0	1	0	0	0	0	0	1	0	0
EHM034720|EHA02359_bin.2_gene_17_3	C286	1	1	1	1	1	1	1	1	1	1	1	1	1	1
EHM034720|EHA02359_bin.2_gene_17_4	C286	1	1	1	1	0	0	0	0	0	0	0	0	0	0
EHM034720|EHA02359_bin.2_gene_18_1	C286	1	1	1	1	1	1	1	1	1	1	1	1	1	1
EHM034720|EHA02359_bin.2_gene_18_2	C286	1	1	1	1	1	1	1	1	1	1	0	1	1	1
EHM034720|EHA02359_bin.2_gene_18_3	C286	1	1	1	1	1	1	0	0	0	0	0	0	0	0
EHM034720|EHA02359_bin.2_gene_18_4	C286	1	1	1	1	1	1	1	1	1	1	0	0	0	1
EHM034720|EHA02359_bin.2_gene_18_5	C286	1	1	1	1	0	1	1	1	1	1	0	1	1	1
EHM034720|EHA02359_bin.2_gene_19_1	C286	1	1	0	1	1	0	1	1	0	0	1	0	0	0
EHM034720|EHA02359_bin.2_gene_20_1	C286	1	1	1	1	1	1	1	1	0	0	1	1	0	0
EHM034720|EHA02359_bin.2_gene_20_3	C286	1	1	1	1	1	1	1	0	0	0	0	1	1	0
EHM034720|EHA02359_bin.2_gene_20_4	C286	1	1	1	1	1	1	0	1	1	1	0	1	1	1
EHM034720|EHA02359_bin.2_gene_20_5	C286	1	1	1	1	1	1	1	1	0	1	1	1	1	1
EHM034720|EHA02359_bin.2_gene_20_6	C286	1	1	1	1	1	1	0	1	1	1	1	1	1	1
EHM034720|EHA02359_bin.2_gene_20_7	C286	1	1	1	1	1	1	1	1	1	1	1	1	1	1
EHM034720|EHA02359_bin.2_gene_20_8	C286	1	1	1	1	1	1	1	1	1	0	0	1	0	0
EHM034720|EHA02359_bin.2_gene_20_9	C286	1	1	1	1	0	1	0	0	0	1	0	0	0	0
EHM034720|EHA02359_bin.2_gene_20_10	C286	1	1	1	1	1	1	1	1	0	0	0	1	0	0
EHM034720|EHA02359_bin.2_gene_20_12	C286	1	1	1	1	1	0	0	1	1	1	0	1	1	1
EHM034720|EHA02359_bin.2_gene_21_2	C286	1	1	1	1	1	1	1	1	0	0	1	1	0	0
EHM034720|EHA02359_bin.2_gene_21_3	C286	1	1	1	1	1	1	1	1	0	0	1	1	0	0
EHM034720|EHA02359_bin.2_gene_21_4	C286	1	1	1	1	1	1	1	1	1	1	1	1	1	1
EHM034720|EHA02359_bin.2_gene_21_5	C286	1	1	1	1	1	1	0	1	1	1	0	0	1	1
EHM034720|EHA02359_bin.2_gene_21_6	C286	1	1	1	1	1	1	1	1	1	1	1	1	0	1
EHM034720|EHA02359_bin.2_gene_23_2	C286	1	1	1	1	1	1	1	1	1	1	1	1	1	1
EHM034720|EHA02359_bin.2_gene_24_1	C286	1	1	1	0	1	1	1	1	0	0	1	1	0	1
EHM034720|EHA02359_bin.2_gene_24_3	C286	1	1	1	1	1	0	1	1	0	1	1	1	1	0
EHM034720|EHA02359_bin.2_gene_24_4	C286	1	1	1	1	1	1	1	1	1	1	1	1	1	1
EHM034720|EHA02359_bin.2_gene_24_5	C286	1	1	1	1	1	1	1	1	1	1	0	1	1	1
EHM034720|EHA02359_bin.2_gene_24_6	C286	1	1	1	1	1	1	0	1	0	0	1	1	0	0
EHM034720|EHA02359_bin.2_gene_24_7	C286	1	1	1	1	1	0	0	1	0	0	1	1	0	1
EHM034720|EHA02359_bin.2_gene_24_9	C286	1	1	1	1	1	1	1	1	1	1	0	0	1	1
EHM034720|EHA02359_bin.2_gene_25_1	C286	1	1	1	1	1	1	1	1	1	1	1	1	1	1
EHM034720|EHA02359_bin.2_gene_25_2	C286	1	1	1	1	1	1	1	1	1	1	0	1	1	1
EHM034720|EHA02359_bin.2_gene_25_3	C286	1	1	1	1	1	1	1	1	1	1	0	1	1	1
EHM034720|EHA02359_bin.2_gene_25_4	C286	1	1	1	1	1	1	0	1	1	1	1	1	0	1
EHM034720|EHA02359_bin.2_gene_25_5	C286	1	1	1	0	1	1	0	1	0	1	1	1	1	1
EHM034720|EHA02359_bin.2_gene_25_6	C286	1	1	1	1	1	1	1	1	1	1	1	1	1	1
EHM034720|EHA02359_bin.2_gene_25_7	C286	1	1	1	1	1	1	1	1	1	1	1	1	1	1
EHM034720|EHA02359_bin.2_gene_25_8	C286	1	1	1	1	1	1	1	1	1	1	1	1	1	1
EHM034720|EHA02359_bin.2_gene_25_9	C286	1	1	1	1	0	1	0	1	1	0	1	1	0	0
EHM034720|EHA02359_bin.2_gene_25_10	C286	1	1	1	1	1	1	1	1	1	1	1	0	0	1
EHM034720|EHA02359_bin.2_gene_25_11	C286	1	1	1	1	1	1	1	1	1	1	1	1	1	1
EHM034720|EHA02359_bin.2_gene_25_12	C286	1	1	1	1	1	1	1	1	1	1	1	1	1	1
EHM034720|EHA02359_bin.2_gene_25_13	C286	1	1	1	1	1	1	1	1	1	1	0	0	1	1
EHM034720|EHA02359_bin.2_gene_25_14	C286	1	1	1	1	1	1	1	1	1	1	0	0	1	1
EHM034720|EHA02359_bin.2_gene_25_15	C286	1	1	1	1	1	1	1	1	1	1	0	0	1	1
EHM034720|EHA02359_bin.2_gene_25_16	C286	1	1	1	1	1	1	1	1	1	1	0	0	1	1
EHM034720|EHA02359_bin.2_gene_25_17	C286	1	1	1	1	1	1	1	1	1	1	1	0	1	1
EHM034720|EHA02359_bin.2_gene_25_18	C286	1	1	1	1	1	1	1	1	1	1	1	0	1	1
EHM034720|EHA02359_bin.2_gene_26_1	C286	1	1	1	1	1	1	0	0	0	1	1	1	0	1
EHM034720|EHA02359_bin.2_gene_27_2	C286	1	1	1	1	1	1	0	1	1	1	1	1	1	1
EHM034720|EHA02359_bin.2_gene_28_1	C286	1	1	1	1	1	1	0	0	0	0	1	0	0	0
EHM034720|EHA02359_bin.2_gene_28_2	C286	1	1	1	1	1	1	0	0	0	0	1	0	0	0
EHM034720|EHA02359_bin.2_gene_28_3	C286	1	1	1	1	1	1	0	0	0	0	1	0	0	0
EHM034720|EHA02359_bin.2_gene_29_1	C286	1	1	1	1	1	1	1	1	1	1	1	1	1	1
EHM034720|EHA02359_bin.2_gene_29_3	C286	1	1	1	1	1	1	1	1	1	1	1	0	1	1
EHM034720|EHA02359_bin.2_gene_29_4	C286	1	1	1	1	1	1	1	1	1	1	1	0	1	1
EHM034720|EHA02359_bin.2_gene_29_5	C286	1	1	1	1	1	1	1	0	0	0	1	1	0	0
EHM034720|EHA02359_bin.2_gene_29_8	C286	1	1	1	1	1	1	1	1	1	1	1	1	1	1
EHM034720|EHA02359_bin.2_gene_29_10	C286	1	1	1	1	0	1	0	1	1	1	1	1	1	1
EHM034720|EHA02359_bin.2_gene_29_11	C286	1	1	1	1	1	0	0	0	0	0	1	0	0	0
EHM034720|EHA02359_bin.2_gene_29_23	C286	1	1	1	1	0	0	0	0	0	0	0	0	0	0
EHM034720|EHA02359_bin.2_gene_30_1	C286	1	1	1	1	1	1	1	0	0	0	1	1	0	0
EHM034720|EHA02359_bin.2_gene_30_2	C286	1	1	1	1	1	1	0	0	0	0	0	1	0	0
EHM034720|EHA02359_bin.2_gene_30_3	C286	1	1	1	1	1	1	1	1	1	1	1	1	1	1
EHM034720|EHA02359_bin.2_gene_30_5	C286	1	1	1	1	1	1	1	1	1	1	1	1	0	1
EHM034720|EHA02359_bin.2_gene_30_6	C286	1	1	1	1	1	1	1	1	1	1	1	1	1	1
EHM034720|EHA02359_bin.2_gene_30_7	C286	1	1	1	0	1	1	1	1	1	1	1	1	1	1
EHM034720|EHA02359_bin.2_gene_30_8	C286	1	1	1	1	1	1	1	1	1	1	0	1	1	1
EHM034720|EHA02359_bin.2_gene_30_9	C286	1	1	1	1	1	1	0	1	1	1	1	1	1	1
EHM034720|EHA02359_bin.2_gene_30_10	C286	1	1	1	1	1	1	0	1	0	0	1	1	0	0
EHM034720|EHA02359_bin.2_gene_31_1	C286	1	1	1	1	1	1	0	1	0	0	0	0	0	0
EHM034720|EHA02359_bin.2_gene_31_2	C286	1	1	1	1	1	1	1	1	1	0	1	1	1	1
EHM034720|EHA02359_bin.2_gene_31_3	C286	1	1	1	1	1	1	1	1	1	1	1	1	1	1
EHM034720|EHA02359_bin.2_gene_32_1	C286	1	1	1	1	1	1	1	1	1	1	1	1	0	1
EHM034720|EHA02359_bin.2_gene_32_2	C286	1	1	1	1	1	0	0	0	0	0	0	0	0	0
EHM034720|EHA02359_bin.2_gene_32_3	C286	1	1	1	0	1	1	0	1	1	1	1	1	1	1
EHM034720|EHA02359_bin.2_gene_32_4	C286	1	1	1	1	1	1	0	1	1	1	1	1	1	1
EHM034720|EHA02359_bin.2_gene_32_5	C286	1	1	1	1	1	1	1	1	1	1	1	1	1	1
EHM034720|EHA02359_bin.2_gene_32_6	C286	1	1	1	1	1	1	0	0	0	0	1	1	0	0
EHM034720|EHA02359_bin.2_gene_32_7	C286	1	1	1	1	1	1	0	0	0	0	1	1	0	1
EHM034720|EHA02359_bin.2_gene_32_8	C286	1	1	0	1	1	1	1	0	0	0	0	0	0	0
EHM034720|EHA02359_bin.2_gene_32_9	C286	1	1	1	1	1	1	1	1	1	1	1	1	1	1
EHM034720|EHA02359_bin.2_gene_32_10	C286	1	1	1	1	1	1	1	1	1	1	0	1	1	1
EHM034720|EHA02359_bin.2_gene_32_11	C286	1	1	1	1	0	1	0	0	1	1	0	0	1	1
EHM034720|EHA02359_bin.2_gene_32_12	C286	1	1	1	1	1	1	1	1	0	0	1	1	0	0
EHM034720|EHA02359_bin.2_gene_32_13	C286	1	1	1	1	1	1	1	1	1	1	1	0	1	1
EHM034720|EHA02359_bin.2_gene_32_14	C286	1	1	1	1	0	1	0	0	0	1	0	1	0	0
EHM034720|EHA02359_bin.2_gene_32_16	C286	1	1	1	1	1	1	0	1	1	1	1	1	1	1
EHM034720|EHA02359_bin.2_gene_32_17	C286	1	1	1	1	1	1	0	1	1	1	1	1	1	1
EHM034720|EHA02359_bin.2_gene_32_18	C286	1	1	1	1	1	1	0	1	1	1	0	1	1	1
EHM034720|EHA02359_bin.2_gene_32_19	C286	1	1	1	1	1	1	0	0	1	0	0	0	0	1
EHM034720|EHA02359_bin.2_gene_32_20	C286	1	1	1	1	1	1	0	1	1	0	1	1	0	0
EHM034720|EHA02359_bin.2_gene_32_21	C286	1	1	0	1	1	0	1	0	0	0	1	0	0	0
EHM034720|EHA02359_bin.2_gene_33_1	C286	1	1	1	1	1	1	1	1	1	1	1	0	1	1
EHM034720|EHA02359_bin.2_gene_33_2	C286	1	1	1	1	1	0	0	0	0	0	0	0	0	0
EHM034720|EHA02359_bin.2_gene_33_3	C286	1	1	1	1	1	0	0	0	0	0	0	0	0	0
EHM034720|EHA02359_bin.2_gene_33_4	C286	1	1	1	1	1	1	0	0	1	1	1	1	1	0
EHM034720|EHA02359_bin.2_gene_33_5	C286	1	1	1	0	1	1	1	1	1	1	0	1	1	1
EHM034720|EHA02359_bin.2_gene_36_4	C286	1	1	1	1	1	1	1	1	1	1	1	1	1	1
EHM034720|EHA02359_bin.2_gene_36_5	C286	1	1	1	1	1	1	0	1	1	1	0	0	1	1
EHM034720|EHA02359_bin.2_gene_36_6	C286	1	1	1	1	0	1	0	1	1	1	0	0	1	1
EHM034720|EHA02359_bin.2_gene_36_7	C286	1	1	0	0	0	1	0	1	0	0	0	0	0	1
EHM034720|EHA02359_bin.2_gene_36_8	C286	1	1	0	1	0	1	0	1	0	0	0	0	0	1
EHM034720|EHA02359_bin.2_gene_36_10	C286	1	1	1	1	1	1	0	1	0	0	0	0	0	0
EHM034720|EHA02359_bin.2_gene_37_1	C286	1	1	1	1	1	1	1	1	0	0	1	1	0	0
EHM034720|EHA02359_bin.2_gene_38_1	C286	1	1	1	1	1	0	0	0	0	0	0	1	0	0
EHM034720|EHA02359_bin.2_gene_38_3	C286	1	1	0	1	0	1	0	1	0	0	0	0	1	0
EHM034720|EHA02359_bin.2_gene_39_1	C286	1	1	0	0	0	0	0	1	0	1	0	0	0	0
EHM034720|EHA02359_bin.2_gene_40_3	C286	1	1	1	1	0	1	1	1	0	0	0	0	0	0
EHM034720|EHA02359_bin.2_gene_41_1	C286	1	1	1	1	0	1	0	0	0	0	0	0	0	0
EHM034720|EHA02359_bin.2_gene_42_1	C286	1	1	0	1	1	0	0	0	1	0	1	1	0	0
EHM034720|EHA02359_bin.2_gene_42_3	C286	1	1	0	1	1	0	0	0	0	0	1	0	0	0
EHM034720|EHA02359_bin.2_gene_43_1	C286	1	1	1	1	1	1	0	1	1	1	1	1	1	1
EHM034720|EHA02359_bin.2_gene_43_2	C286	1	1	1	1	1	1	0	1	1	1	1	1	0	1
EHM034720|EHA02359_bin.2_gene_43_3	C286	1	1	1	1	1	1	1	1	1	1	1	1	1	1
EHM034720|EHA02359_bin.2_gene_43_4	C286	1	1	1	1	1	1	1	1	1	1	1	1	1	1
EHM034720|EHA02359_bin.2_gene_44_1	C286	1	1	1	1	1	1	1	1	1	1	1	1	1	1
EHM034720|EHA02359_bin.2_gene_44_2	C286	1	1	1	1	1	1	1	1	1	1	1	1	1	1
EHM034720|EHA02359_bin.2_gene_44_4	C286	1	1	1	1	1	1	1	1	1	1	1	1	1	1
EHM034720|EHA02359_bin.2_gene_45_2	C286	1	1	1	1	1	1	1	0	0	0	1	1	1	1
EHM034720|EHA02359_bin.2_gene_45_3	C286	1	1	1	1	1	1	1	0	0	0	1	0	1	1
EHM034720|EHA02359_bin.2_gene_45_4	C286	1	1	1	0	1	1	1	1	1	1	0	1	1	1
EHM034720|EHA02359_bin.2_gene_45_6	C286	1	1	1	1	1	1	1	1	1	1	1	1	1	1
EHM034720|EHA02359_bin.2_gene_46_1	C286	1	1	1	1	1	1	0	0	0	0	0	0	0	0
EHM034720|EHA02359_bin.2_gene_46_4	C286	1	1	1	1	1	1	1	1	1	1	1	1	1	1
EHM034720|EHA02359_bin.2_gene_46_5	C286	1	1	1	1	0	1	0	0	0	0	0	0	0	0
EHM034720|EHA02359_bin.2_gene_46_6	C286	1	1	1	1	1	1	1	1	1	1	1	1	1	1
EHM034720|EHA02359_bin.2_gene_46_8	C286	1	1	0	0	0	0	0	1	0	0	0	0	0	0
EHM034720|EHA02359_bin.2_gene_46_9	C286	1	1	0	0	0	0	0	0	0	0	0	0	0	0
EHM034720|EHA02359_bin.2_gene_46_11	C286	1	1	1	1	1	1	1	1	1	1	1	1	1	1
EHM034720|EHA02359_bin.2_gene_46_12	C286	1	1	1	1	0	1	1	1	1	1	1	1	1	1
EHM034720|EHA02359_bin.2_gene_46_13	C286	1	1	1	1	1	1	1	1	1	1	0	1	1	1
EHM034720|EHA02359_bin.2_gene_46_14	C286	1	1	1	1	1	1	1	1	1	1	1	1	1	1
EHM034720|EHA02359_bin.2_gene_46_15	C286	1	1	0	1	1	1	1	1	1	0	1	0	1	1
EHM034720|EHA02359_bin.2_gene_46_17	C286	1	1	1	1	1	1	1	1	1	1	0	1	1	1
EHM034720|EHA02359_bin.2_gene_46_19	C286	1	1	1	1	1	1	1	1	1	1	1	1	1	1
EHM034720|EHA02359_bin.2_gene_46_20	C286	1	1	1	1	1	1	1	1	1	1	1	1	1	1
EHM034720|EHA02359_bin.2_gene_46_21	C286	1	1	1	1	1	1	1	1	1	1	1	1	1	1
EHM034720|EHA02359_bin.2_gene_46_22	C286	1	1	1	1	1	1	1	1	1	1	1	1	1	1
EHM034720|EHA02359_bin.2_gene_47_2	C286	1	1	1	1	1	1	1	1	1	1	0	1	1	1
EHM034720|EHA02359_bin.2_gene_47_3	C286	1	1	1	1	1	1	1	1	1	1	1	1	1	1
EHM034720|EHA02359_bin.2_gene_47_4	C286	1	1	1	1	1	1	1	1	1	1	1	1	1	1
EHM034720|EHA02359_bin.2_gene_47_5	C286	1	1	1	1	1	0	1	1	0	0	1	1	0	0
EHM034720|EHA02359_bin.2_gene_47_6	C286	1	1	1	1	1	1	0	1	1	1	0	1	1	1
EHM034720|EHA02359_bin.2_gene_47_7	C286	1	1	1	1	1	1	1	1	0	1	1	0	0	1
EHM034720|EHA02359_bin.2_gene_47_8	C286	1	1	1	1	1	1	1	1	1	1	1	1	1	1
EHM034720|EHA02359_bin.2_gene_47_9	C286	1	1	1	1	1	1	1	1	1	1	1	1	1	1
EHM034720|EHA02359_bin.2_gene_47_10	C286	1	1	1	1	1	1	1	1	1	1	1	1	1	1
EHM034720|EHA02359_bin.2_gene_47_11	C286	1	1	1	1	1	1	0	1	1	1	0	1	1	1
EHM034720|EHA02359_bin.2_gene_47_12	C286	1	1	1	1	1	1	0	1	1	0	0	1	1	1
EHM034720|EHA02359_bin.2_gene_47_13	C286	1	1	1	1	1	1	0	1	1	0	0	1	1	1
EHM034720|EHA02359_bin.2_gene_47_14	C286	1	1	1	1	1	1	0	1	1	0	0	1	1	1
EHM034720|EHA02359_bin.2_gene_47_15	C286	1	1	1	1	1	1	0	1	1	0	0	1	1	1
EHM034720|EHA02359_bin.2_gene_47_16	C286	1	1	1	1	1	1	0	1	1	0	0	1	1	1
EHM034720|EHA02359_bin.2_gene_47_17	C286	1	1	1	1	1	1	0	1	1	0	0	1	1	1
EHM034720|EHA02359_bin.2_gene_47_18	C286	1	1	1	1	0	1	0	1	1	0	0	1	1	1
EHM034720|EHA02359_bin.2_gene_47_19	C286	1	1	1	1	1	1	0	1	1	1	0	1	1	1
EHM034720|EHA02359_bin.2_gene_47_20	C286	1	1	1	1	1	1	0	1	1	1	0	1	1	1
EHM034720|EHA02359_bin.2_gene_47_21	C286	1	1	1	1	1	1	0	1	1	1	0	1	1	1
EHM034720|EHA02359_bin.2_gene_47_22	C286	1	1	1	1	1	1	0	1	1	1	0	1	1	1
EHM034720|EHA02359_bin.2_gene_47_23	C286	1	1	1	1	1	1	0	1	1	0	0	1	1	1
EHM034720|EHA02359_bin.2_gene_47_26	C286	1	1	1	1	1	1	0	1	1	0	1	1	1	1
EHM034720|EHA02359_bin.2_gene_47_27	C286	1	1	1	1	1	1	1	1	1	0	1	1	0	1
EHM034720|EHA02359_bin.2_gene_47_28	C286	1	1	1	1	1	1	1	1	1	0	0	1	0	1
EHM034720|EHA02359_bin.2_gene_47_29	C286	1	1	1	1	1	1	1	1	1	0	0	1	0	1
EHM034720|EHA02359_bin.2_gene_47_30	C286	1	1	1	1	1	1	1	1	1	0	0	1	0	1
EHM034720|EHA02359_bin.2_gene_47_31	C286	1	1	1	1	1	1	1	1	1	0	0	1	1	1
EHM034720|EHA02359_bin.2_gene_47_32	C286	1	1	1	1	1	1	1	1	1	0	0	1	1	1
EHM034720|EHA02359_bin.2_gene_47_33	C286	1	1	1	1	1	1	1	1	0	1	0	1	1	1
EHM034720|EHA02359_bin.2_gene_47_34	C286	1	1	1	1	1	1	1	1	1	1	0	1	1	1
EHM034720|EHA02359_bin.2_gene_47_35	C286	1	1	1	1	1	1	1	1	1	1	0	1	1	1
EHM034720|EHA02359_bin.2_gene_47_36	C286	1	1	1	1	1	1	1	1	1	1	1	1	1	1
EHM034720|EHA02359_bin.2_gene_47_37	C286	1	1	1	0	1	1	1	1	1	1	0	1	1	1
EHM034720|EHA02359_bin.2_gene_47_38	C286	1	1	1	1	1	1	1	1	1	1	0	1	1	1
EHM034720|EHA02359_bin.2_gene_47_39	C286	1	1	1	1	1	1	1	1	0	0	1	1	0	0
EHM034720|EHA02359_bin.2_gene_47_40	C286	1	1	1	1	1	1	1	1	0	0	1	1	0	0
EHM034720|EHA02359_bin.2_gene_47_42	C286	1	1	1	1	1	1	0	0	0	0	1	1	0	0
EHM034720|EHA02359_bin.2_gene_48_2	C286	1	1	0	0	0	1	0	1	0	0	0	1	0	1
EHM034720|EHA02359_bin.2_gene_48_4	C286	1	1	1	1	1	1	0	1	1	1	1	1	1	1
EHM034720|EHA02359_bin.2_gene_48_5	C286	1	1	1	1	0	1	0	0	0	0	0	0	1	1
EHM034720|EHA02359_bin.2_gene_49_1	C286	1	1	1	1	0	0	0	0	0	0	0	0	0	0
EHM034720|EHA02359_bin.2_gene_49_2	C286	1	1	1	1	1	1	1	1	1	0	1	0	1	1
EHM034720|EHA02359_bin.2_gene_49_3	C286	1	1	1	1	1	1	0	1	1	1	1	1	0	1
EHM034720|EHA02359_bin.2_gene_49_4	C286	1	1	1	1	1	1	0	1	1	1	0	1	1	1
EHM034720|EHA02359_bin.2_gene_49_5	C286	1	1	1	1	1	1	1	1	1	1	1	1	1	1
EHM034720|EHA02359_bin.2_gene_49_6	C286	1	1	1	0	0	1	1	1	1	1	1	1	1	1
EHM034720|EHA02359_bin.2_gene_50_1	C286	1	1	1	1	1	1	0	0	1	1	1	0	0	1
EHM034720|EHA02359_bin.2_gene_50_2	C286	1	1	1	1	1	1	0	1	1	1	1	1	1	1
EHM034720|EHA02359_bin.2_gene_50_3	C286	1	1	1	1	1	1	1	1	1	1	1	1	1	1
EHM034720|EHA02359_bin.2_gene_50_4	C286	1	1	1	1	1	1	1	1	1	1	0	0	1	1
EHM034720|EHA02359_bin.2_gene_50_5	C286	1	1	1	1	1	1	0	0	0	0	0	1	1	1
EHM034720|EHA02359_bin.2_gene_51_4	C286	1	1	1	1	1	1	1	1	1	1	1	0	1	1
EHM034720|EHA02359_bin.2_gene_52_1	C286	1	1	1	1	1	1	1	1	1	1	1	1	1	1
EHM034720|EHA02359_bin.2_gene_52_2	C286	1	1	1	1	1	1	0	0	0	1	1	0	0	0
EHM034720|EHA02359_bin.2_gene_52_3	C286	1	1	1	1	1	1	0	1	1	1	1	1	1	1
EHM034720|EHA02359_bin.2_gene_52_4	C286	1	1	1	1	1	1	0	1	1	1	1	1	1	1
EHM034720|EHA02359_bin.2_gene_52_5	C286	1	1	1	1	1	1	1	1	1	1	0	1	1	0
EHM034720|EHA02359_bin.2_gene_52_6	C286	1	1	1	1	0	1	0	0	0	0	0	1	0	0
EHM034720|EHA02359_bin.2_gene_52_7	C286	1	1	1	1	1	1	1	1	1	1	0	1	1	1
EHM034720|EHA02359_bin.2_gene_52_9	C286	1	1	1	1	1	1	1	1	1	1	1	1	1	1
EHM034720|EHA02359_bin.2_gene_52_10	C286	1	1	1	1	1	1	1	1	1	1	0	1	1	1
EHM034720|EHA02359_bin.2_gene_53_1	C286	1	1	1	1	0	1	0	0	0	0	0	1	0	0
EHM034720|EHA02359_bin.2_gene_53_2	C286	1	1	1	1	1	1	0	1	1	1	1	1	1	1
EHM034720|EHA02359_bin.2_gene_53_3	C286	1	1	1	1	1	1	0	1	1	1	1	1	1	1
EHM034720|EHA02359_bin.2_gene_53_4	C286	1	1	1	1	0	0	0	0	0	0	0	0	0	0
EHM034720|EHA02359_bin.2_gene_53_5	C286	1	1	1	1	1	1	1	1	0	1	1	1	0	1
EHM034720|EHA02359_bin.2_gene_53_6	C286	1	1	1	1	1	1	1	1	1	1	1	1	1	1
EHM034720|EHA02359_bin.2_gene_53_7	C286	1	1	1	1	1	1	1	0	0	0	1	1	1	0
EHM034720|EHA02359_bin.2_gene_53_8	C286	1	1	1	1	0	1	0	0	0	0	0	0	0	0
EHM034720|EHA02359_bin.2_gene_54_1	C286	1	1	1	1	1	1	1	1	1	1	1	1	1	1
EHM034720|EHA02359_bin.2_gene_54_2	C286	1	1	1	1	1	1	1	1	0	1	0	1	1	1
EHM034720|EHA02359_bin.2_gene_54_3	C286	1	1	1	1	1	1	0	0	1	1	1	1	1	1
EHM034720|EHA02359_bin.2_gene_54_7	C286	1	1	1	1	1	1	1	1	1	1	1	1	1	1
EHM034720|EHA02359_bin.2_gene_54_8	C286	1	1	1	1	1	1	0	1	1	1	1	1	1	1
EHM034720|EHA02359_bin.2_gene_55_1	C286	1	1	1	1	1	1	0	1	1	1	1	1	1	1
EHM034720|EHA02359_bin.2_gene_55_2	C286	1	1	1	1	1	1	0	1	1	1	0	1	1	1
EHM034720|EHA02359_bin.2_gene_55_3	C286	1	1	1	1	1	1	0	1	1	1	1	1	1	1
EHM034720|EHA02359_bin.2_gene_55_4	C286	1	1	1	1	1	1	0	1	1	1	0	1	1	1
EHM034720|EHA02359_bin.2_gene_55_5	C286	1	1	1	1	1	1	0	1	1	1	1	1	1	1
EHM034720|EHA02359_bin.2_gene_55_6	C286	1	1	1	1	1	1	0	1	1	1	1	1	1	1
EHM034720|EHA02359_bin.2_gene_55_7	C286	1	1	1	1	1	1	0	1	1	1	1	1	0	1
EHM034720|EHA02359_bin.2_gene_55_8	C286	1	1	1	1	1	1	1	1	1	0	1	1	0	0
EHM034720|EHA02359_bin.2_gene_55_9	C286	1	1	1	1	1	1	0	1	1	1	1	1	1	1
EHM034720|EHA02359_bin.2_gene_55_10	C286	1	1	1	1	1	1	1	0	1	1	1	1	1	1
EHM034720|EHA02359_bin.2_gene_55_11	C286	1	1	1	1	0	0	0	0	1	1	1	0	0	0
EHM034720|EHA02359_bin.2_gene_55_12	C286	1	1	1	1	1	1	1	1	1	1	1	1	1	1
EHM034720|EHA02359_bin.2_gene_55_13	C286	1	1	1	1	1	1	1	0	0	0	0	0	0	0
EHM034720|EHA02359_bin.2_gene_55_14	C286	1	1	1	1	1	1	1	1	1	1	1	1	1	0
EHM034720|EHA02359_bin.2_gene_55_15	C286	1	1	1	1	1	1	1	1	1	1	1	1	0	1
EHM034720|EHA02359_bin.2_gene_55_16	C286	1	1	1	1	0	0	0	0	0	0	0	0	0	0
EHM034720|EHA02359_bin.2_gene_55_17	C286	1	1	1	1	1	1	1	1	1	0	1	1	1	0
EHM034720|EHA02359_bin.2_gene_55_18	C286	1	1	1	1	1	1	1	1	1	1	1	1	1	1
EHM034720|EHA02359_bin.2_gene_55_19	C286	1	1	1	1	1	1	1	0	0	0	1	1	0	1
EHM034720|EHA02359_bin.2_gene_55_21	C286	1	1	1	1	1	1	1	1	1	1	0	1	1	1
EHM034720|EHA02359_bin.2_gene_55_22	C286	1	1	1	1	1	1	0	1	1	1	1	1	1	1
EHM034720|EHA02359_bin.2_gene_55_23	C286	1	1	1	1	0	1	0	0	0	0	0	0	0	0
EHM034720|EHA02359_bin.2_gene_55_25	C286	1	1	1	1	1	1	1	1	1	1	1	1	0	1
EHM034720|EHA02359_bin.2_gene_55_26	C286	1	1	1	1	1	1	1	0	0	0	0	0	0	0
EHM034720|EHA02359_bin.2_gene_55_27	C286	1	1	1	1	1	1	1	1	1	1	1	1	1	1
EHM034720|EHA02359_bin.2_gene_55_28	C286	1	1	1	1	1	1	1	1	0	0	1	1	0	0
EHM034720|EHA02359_bin.2_gene_55_29	C286	1	1	1	1	0	1	0	0	0	1	0	0	1	0
EHM034720|EHA02359_bin.2_gene_55_30	C286	1	1	1	1	1	1	0	1	1	1	0	1	0	1
EHM034720|EHA02359_bin.2_gene_55_31	C286	1	1	1	1	1	1	1	1	1	1	1	1	1	1
EHM034720|EHA02359_bin.2_gene_55_32	C286	1	1	1	1	1	1	0	1	1	1	1	1	1	1
EHM034720|EHA02359_bin.2_gene_55_33	C286	1	1	1	1	1	1	0	1	1	1	1	1	0	1
EHM034720|EHA02359_bin.2_gene_55_34	C286	1	1	1	1	1	0	1	1	0	1	1	1	0	0
EHM034720|EHA02359_bin.2_gene_55_35	C286	1	1	1	1	1	1	0	1	1	1	1	1	1	1
EHM034720|EHA02359_bin.2_gene_55_36	C286	1	1	1	1	1	1	0	1	0	1	1	1	0	1
EHM034720|EHA02359_bin.2_gene_55_37	C286	1	1	1	1	1	1	1	1	1	1	0	1	0	1
EHM034720|EHA02359_bin.2_gene_55_38	C286	1	1	1	1	0	1	1	1	1	1	1	1	0	0
EHM034720|EHA02359_bin.2_gene_55_41	C286	1	1	1	1	1	1	1	1	1	1	1	0	1	1
EHM034720|EHA02359_bin.2_gene_55_45	C286	1	1	1	1	1	1	1	1	1	1	1	1	1	1
EHM034720|EHA02359_bin.2_gene_55_46	C286	1	1	1	1	1	1	0	1	1	1	1	1	1	1
EHM034720|EHA02359_bin.2_gene_55_47	C286	1	1	1	1	1	0	0	1	1	1	1	1	1	1
EHM034720|EHA02359_bin.2_gene_56_2	C286	1	1	1	1	1	1	1	1	1	1	1	1	1	1
EHM034720|EHA02359_bin.2_gene_56_3	C286	1	1	1	1	0	1	0	0	0	0	0	0	0	0
EHM034720|EHA02359_bin.2_gene_56_4	C286	1	1	1	1	1	1	1	1	1	1	1	1	1	0
EHM034720|EHA02359_bin.2_gene_56_5	C286	1	1	1	1	1	1	1	1	1	1	1	1	1	1
EHM034720|EHA02359_bin.2_gene_56_6	C286	1	1	1	1	0	1	0	1	1	1	0	1	0	0
EHM034720|EHA02359_bin.2_gene_56_7	C286	1	1	1	1	1	1	1	1	0	0	1	1	0	0
EHM034720|EHA02359_bin.2_gene_56_8	C286	1	1	1	1	1	1	0	0	0	0	0	0	0	0
EHM034720|EHA02359_bin.2_gene_56_9	C286	1	1	1	1	1	1	0	0	0	0	0	0	0	0
EHM034720|EHA02359_bin.2_gene_56_10	C286	1	1	1	1	1	1	1	1	1	1	1	1	1	1
EHM034720|EHA02359_bin.2_gene_56_11	C286	1	1	1	1	1	1	1	1	0	0	1	1	1	0
EHM034720|EHA02359_bin.2_gene_56_12	C286	1	1	1	1	1	1	1	1	1	1	1	1	1	1
EHM034720|EHA02359_bin.2_gene_56_14	C286	1	1	1	1	1	1	0	1	1	1	1	1	1	1
EHM034720|EHA02359_bin.2_gene_56_16	C286	1	1	1	1	1	1	0	1	0	0	1	1	0	0
EHM034720|EHA02359_bin.2_gene_56_17	C286	1	1	1	1	1	1	0	1	1	1	0	1	1	1
EHM034720|EHA02359_bin.2_gene_57_2	C286	1	1	1	1	1	1	1	0	0	0	1	1	0	0
EHM034720|EHA02359_bin.2_gene_57_3	C286	1	1	1	1	1	1	0	0	0	0	0	0	0	0
EHM034720|EHA02359_bin.2_gene_57_4	C286	1	1	1	1	1	1	1	1	1	0	0	1	1	1
EHM034720|EHA02359_bin.2_gene_58_1	C286	1	1	1	0	0	1	0	0	0	0	0	0	0	0
EHM034720|EHA02359_bin.2_gene_58_2	C286	1	1	1	1	1	1	1	1	1	1	1	1	1	1
EHM034720|EHA02359_bin.2_gene_58_3	C286	1	1	1	1	1	1	1	1	1	1	1	1	1	1
EHM034720|EHA02359_bin.2_gene_58_4	C286	1	1	1	1	1	0	1	1	0	0	1	1	0	0
EHM034720|EHA02359_bin.2_gene_58_5	C286	1	1	1	1	1	1	1	1	1	1	1	1	1	1
EHM034720|EHA02359_bin.2_gene_58_6	C286	1	1	1	1	1	1	1	0	1	1	1	1	0	1
EHM034720|EHA02359_bin.2_gene_58_7	C286	1	1	1	1	1	1	1	1	1	1	1	1	1	1
EHM034720|EHA02359_bin.2_gene_58_8	C286	1	1	0	1	0	1	0	0	0	1	1	0	1	0
EHM034720|EHA02359_bin.2_gene_58_10	C286	1	1	1	1	1	1	0	0	0	0	0	0	0	0
EHM034720|EHA02359_bin.2_gene_58_11	C286	1	1	1	1	1	1	1	0	0	0	1	1	0	0
EHM034720|EHA02359_bin.2_gene_58_12	C286	1	1	1	1	1	1	1	1	1	1	0	1	1	1
EHM034720|EHA02359_bin.2_gene_58_13	C286	1	1	1	1	1	1	1	1	0	1	0	1	1	1
EHM034720|EHA02359_bin.2_gene_58_14	C286	1	1	1	1	1	1	1	1	1	1	0	1	1	1
EHM034720|EHA02359_bin.2_gene_59_1	C286	1	1	1	0	0	0	0	0	0	0	0	0	0	0
EHM034720|EHA02359_bin.2_gene_59_3	C286	1	1	0	0	0	0	0	0	0	0	0	0	0	0
EHM034720|EHA02359_bin.2_gene_60_1	C286	1	1	1	1	1	1	1	0	0	0	0	0	0	0
EHM034720|EHA02359_bin.2_gene_60_2	C286	1	1	1	1	1	1	1	1	1	1	0	1	0	1
EHM034720|EHA02359_bin.2_gene_60_3	C286	1	1	1	1	1	1	1	0	0	1	1	1	0	0
EHM034720|EHA02359_bin.2_gene_60_4	C286	1	1	1	1	1	1	1	0	0	0	1	1	0	0
EHM034720|EHA02359_bin.2_gene_62_1	C286	1	1	1	1	1	1	0	1	1	1	1	1	1	1
EHM034720|EHA02359_bin.2_gene_62_2	C286	1	1	1	1	1	1	0	0	0	0	0	0	0	1
EHM034720|EHA02359_bin.2_gene_62_3	C286	1	1	1	1	1	1	1	1	1	1	1	1	1	1
EHM034720|EHA02359_bin.2_gene_63_1	C286	1	1	1	1	1	1	1	1	1	1	1	1	1	1
EHM034720|EHA02359_bin.2_gene_63_2	C286	1	1	1	1	1	1	1	1	0	1	0	0	0	0
EHM034720|EHA02359_bin.2_gene_64_3	C286	1	1	1	1	1	1	1	1	0	0	1	1	0	0
EHM034720|EHA02359_bin.2_gene_64_4	C286	1	1	1	1	1	1	1	1	1	1	1	1	1	1
EHM034720|EHA02359_bin.2_gene_64_5	C286	1	1	1	1	1	1	1	1	1	1	1	1	1	1
EHM034720|EHA02359_bin.2_gene_64_6	C286	1	1	1	1	1	1	1	1	1	1	1	1	0	1
EHM034720|EHA02359_bin.2_gene_64_7	C286	1	1	1	1	1	1	1	1	1	1	1	1	0	1
EHM034720|EHA02359_bin.2_gene_64_8	C286	1	1	1	1	1	1	1	1	1	1	1	1	1	1
EHM034720|EHA02359_bin.2_gene_65_1	C286	1	1	1	1	1	1	1	1	1	1	1	1	0	1
EHM034720|EHA02359_bin.2_gene_65_4	C286	1	1	1	1	1	1	1	1	1	1	1	1	1	1
EHM034720|EHA02359_bin.2_gene_66_1	C286	1	1	1	1	1	1	0	1	1	1	1	1	1	1
EHM034720|EHA02359_bin.2_gene_66_2	C286	1	1	1	1	1	1	0	1	1	1	1	1	1	1
EHM034720|EHA02359_bin.2_gene_66_3	C286	1	1	1	1	1	1	1	1	1	0	0	1	1	1
EHM034720|EHA02359_bin.2_gene_68_2	C286	1	1	1	1	1	1	0	0	0	0	0	1	0	0
EHM034720|EHA02359_bin.2_gene_68_3	C286	1	1	1	1	1	1	1	1	1	1	1	1	1	1
EHM034720|EHA02359_bin.2_gene_68_4	C286	1	1	1	1	1	1	1	1	1	0	0	1	0	1
EHM034720|EHA02359_bin.2_gene_68_5	C286	1	1	1	1	1	1	1	0	0	0	1	1	0	0
EHM034720|EHA02359_bin.2_gene_69_2	C286	1	1	1	1	1	1	0	1	1	1	1	1	0	1
EHM034720|EHA02359_bin.2_gene_69_3	C286	1	1	1	1	1	1	0	0	0	0	0	0	0	0
EHM034720|EHA02359_bin.2_gene_69_4	C286	1	1	1	1	1	1	0	1	1	1	1	1	1	1
EHM034720|EHA02359_bin.2_gene_69_5	C286	1	1	1	1	1	1	0	1	1	1	0	1	1	1
EHM034720|EHA02359_bin.2_gene_69_6	C286	1	1	1	1	1	1	0	1	1	1	0	1	1	1
EHM034720|EHA02359_bin.2_gene_69_7	C286	1	1	1	1	1	1	0	1	1	1	0	1	1	1
EHM034720|EHA02359_bin.2_gene_69_8	C286	1	1	1	1	1	1	1	1	1	1	1	1	1	1
EHM034720|EHA02359_bin.2_gene_69_9	C286	1	1	1	1	1	1	1	1	0	0	0	0	0	0
EHM034720|EHA02359_bin.2_gene_70_1	C286	1	1	1	1	1	1	1	1	1	1	1	1	1	1
EHM034720|EHA02359_bin.2_gene_70_2	C286	1	1	1	1	1	1	1	1	1	1	1	1	0	1
EHM034720|EHA02359_bin.2_gene_70_3	C286	1	1	1	1	1	1	1	1	1	1	1	1	0	1
EHM034720|EHA02359_bin.2_gene_70_4	C286	1	1	1	1	1	1	0	0	0	0	0	0	0	0
EHM034720|EHA02359_bin.2_gene_71_1	C286	1	1	1	1	1	1	0	0	0	0	1	1	0	0
EHM034720|EHA02359_bin.2_gene_71_2	C286	1	1	1	1	1	1	0	1	0	0	1	1	0	0
EHM034720|EHA02359_bin.2_gene_71_3	C286	1	1	1	1	1	1	1	1	1	1	1	1	1	1
EHM034720|EHA02359_bin.2_gene_71_4	C286	1	1	1	1	1	1	1	1	1	1	1	1	1	1
EHM034720|EHA02359_bin.2_gene_71_5	C286	1	1	1	1	1	1	1	1	1	1	1	1	1	1
EHM034720|EHA02359_bin.2_gene_71_6	C286	1	1	1	1	1	1	1	1	0	0	1	1	0	0
EHM034720|EHA02359_bin.2_gene_72_1	C286	1	1	1	1	1	1	1	1	1	1	1	1	0	1
EHM034720|EHA02359_bin.2_gene_72_2	C286	1	1	1	1	1	1	1	1	1	0	1	1	1	1
EHM034720|EHA02359_bin.2_gene_72_3	C286	1	1	1	1	1	1	0	0	0	0	0	1	0	0
EHM034720|EHA02359_bin.2_gene_72_4	C286	1	1	1	1	1	1	1	1	1	1	1	1	1	1
EHM034720|EHA02359_bin.2_gene_72_5	C286	1	1	0	1	0	0	0	0	0	0	0	0	0	0
EHM034720|EHA02359_bin.2_gene_72_6	C286	1	1	1	1	1	1	1	1	1	1	1	1	1	1
EHM034720|EHA02359_bin.2_gene_72_7	C286	1	1	1	1	1	1	1	1	1	1	1	0	1	1
EHM034720|EHA02359_bin.2_gene_72_8	C286	1	1	1	1	1	1	1	1	1	1	1	0	1	1
EHM034720|EHA02359_bin.2_gene_72_9	C286	1	1	1	1	1	1	1	1	1	1	1	0	1	1
EHM034720|EHA02359_bin.2_gene_72_10	C286	1	1	1	1	1	1	1	1	1	1	1	0	1	1
EHM034720|EHA02359_bin.2_gene_73_1	C286	1	1	1	1	1	1	0	1	0	0	0	0	0	0
EHM034720|EHA02359_bin.2_gene_73_2	C286	1	1	1	1	1	1	1	1	1	1	1	1	1	1
EHM034720|EHA02359_bin.2_gene_73_5	C286	1	1	0	1	1	1	1	1	0	0	0	1	0	1
EHM034720|EHA02359_bin.2_gene_73_6	C286	1	1	1	1	1	1	1	1	1	1	1	1	1	1
EHM034720|EHA02359_bin.2_gene_73_7	C286	1	1	1	1	1	1	1	1	1	1	1	1	1	1
EHM034720|EHA02359_bin.2_gene_73_8	C286	1	1	1	1	0	1	0	0	1	0	0	1	0	1
EHM034720|EHA02359_bin.2_gene_73_9	C286	1	1	1	1	1	1	1	1	1	1	1	1	1	1
EHM034720|EHA02359_bin.2_gene_73_10	C286	1	1	1	1	1	1	0	1	1	0	0	0	0	1
EHM034720|EHA02359_bin.2_gene_73_14	C286	1	1	1	1	1	1	0	1	1	1	0	1	1	1
EHM034720|EHA02359_bin.2_gene_73_15	C286	1	1	1	1	0	1	1	1	1	1	0	0	1	1
EHM034720|EHA02359_bin.2_gene_74_1	C286	1	1	1	1	1	1	1	1	1	1	1	1	1	1
EHM034720|EHA02359_bin.2_gene_74_2	C286	1	1	1	1	1	1	1	1	1	1	1	1	1	1
EHM034720|EHA02359_bin.2_gene_74_3	C286	1	1	1	1	1	1	1	0	0	0	1	1	1	0
EHM034720|EHA02359_bin.2_gene_74_4	C286	1	1	1	1	1	1	0	0	0	0	1	1	1	0
EHM034720|EHA02359_bin.2_gene_74_5	C286	1	1	1	1	1	1	1	0	0	0	1	1	1	0
EHM034720|EHA02359_bin.2_gene_75_1	C286	1	1	1	1	1	1	0	1	0	0	1	1	1	0
EHM034720|EHA02359_bin.2_gene_75_2	C286	1	1	1	1	1	1	1	1	1	1	1	1	1	1
EHM034720|EHA02359_bin.2_gene_75_5	C286	1	1	1	1	1	1	0	1	1	1	1	0	1	1
EHM034720|EHA02359_bin.2_gene_75_6	C286	1	1	1	1	1	1	1	1	1	1	1	0	1	1
EHM034720|EHA02359_bin.2_gene_76_1	C286	1	1	0	0	0	0	0	0	0	0	0	0	0	0
EHM034720|EHA02359_bin.2_gene_76_2	C286	1	1	1	1	0	0	0	0	0	0	0	0	0	0
EHM034720|EHA02359_bin.2_gene_76_3	C286	1	1	1	1	0	1	0	0	0	0	0	0	0	0
EHM034720|EHA02359_bin.2_gene_76_4	C286	1	1	1	1	0	1	0	0	0	0	0	0	0	0
EHM034720|EHA02359_bin.2_gene_76_5	C286	1	1	1	1	0	1	0	0	0	0	0	0	0	0
EHM034720|EHA02359_bin.2_gene_76_6	C286	1	1	1	1	0	1	0	0	0	0	0	0	0	0
EHM034720|EHA02359_bin.2_gene_76_7	C286	1	1	1	1	0	1	0	0	0	0	0	0	0	0
EHM034720|EHA02359_bin.2_gene_76_8	C286	1	1	1	1	0	0	0	0	0	0	0	0	0	0
EHM034720|EHA02359_bin.2_gene_76_9	C286	1	1	1	1	0	0	0	0	0	0	0	0	0	0
EHM034720|EHA02359_bin.2_gene_76_10	C286	1	1	1	1	1	1	0	0	0	0	0	0	0	0
EHM034720|EHA02359_bin.2_gene_76_11	C286	1	1	1	1	1	1	1	1	1	1	1	1	1	1
EHM034720|EHA02359_bin.2_gene_76_12	C286	1	1	1	1	1	1	1	1	1	1	1	1	1	1
EHM034720|EHA02359_bin.2_gene_76_14	C286	1	1	1	1	1	1	1	1	1	1	1	1	1	1
EHM034720|EHA02359_bin.2_gene_76_15	C286	1	1	1	1	1	1	1	0	1	1	0	1	0	0
EHM034720|EHA02359_bin.2_gene_76_17	C286	1	1	1	1	0	1	0	0	0	0	1	1	0	0
EHM034720|EHA02359_bin.2_gene_76_19	C286	1	1	1	1	1	0	0	0	0	0	0	0	0	0
EHM034720|EHA02359_bin.2_gene_76_20	C286	1	1	1	1	1	1	0	0	0	0	0	1	0	0
EHM034720|EHA02359_bin.2_gene_76_21	C286	1	1	1	1	1	0	0	0	0	0	0	0	0	0
EHM034720|EHA02359_bin.2_gene_77_2	C286	1	1	1	1	1	1	1	1	1	1	0	1	0	1
EHM034720|EHA02359_bin.2_gene_77_3	C286	1	1	1	1	1	1	1	1	1	1	1	1	1	1
EHM034720|EHA02359_bin.2_gene_77_4	C286	1	1	1	1	1	1	0	0	0	0	1	0	0	0
EHM034720|EHA02359_bin.2_gene_78_3	C286	1	1	0	1	0	1	1	0	0	0	0	0	0	0
EHM034720|EHA02359_bin.2_gene_78_4	C286	1	1	1	1	1	1	1	0	0	0	0	0	0	1
EHM034720|EHA02359_bin.2_gene_78_5	C286	1	1	1	1	1	0	0	0	1	0	0	0	0	1
EHM034720|EHA02359_bin.2_gene_79_1	C286	1	1	1	1	1	1	1	1	1	1	1	1	1	1
EHM034720|EHA02359_bin.2_gene_79_2	C286	1	1	1	1	0	0	1	0	1	1	1	1	0	1
EHM034720|EHA02359_bin.2_gene_79_3	C286	1	1	1	1	1	1	0	0	0	0	0	0	0	0
EHM034720|EHA02359_bin.2_gene_80_1	C286	1	1	1	1	1	1	0	1	1	1	1	1	1	1
EHM034720|EHA02359_bin.2_gene_81_1	C286	1	1	1	1	0	1	1	0	0	0	0	1	0	0
EHM034720|EHA02359_bin.2_gene_81_2	C286	1	1	1	1	1	1	0	1	1	1	1	1	1	1
EHM034720|EHA02359_bin.2_gene_81_3	C286	1	1	1	1	1	1	0	1	1	1	1	1	1	1
EHM034720|EHA02359_bin.2_gene_81_6	C286	1	1	1	1	1	1	1	1	0	1	1	1	0	0
EHM034720|EHA02359_bin.2_gene_81_7	C286	1	1	1	1	1	1	0	1	0	0	1	1	0	0
EHM034720|EHA02359_bin.2_gene_81_8	C286	1	1	1	1	1	1	1	1	1	0	0	1	1	1
EHM034720|EHA02359_bin.2_gene_81_9	C286	1	1	1	1	0	0	1	0	0	0	0	0	0	1
EHM034720|EHA02359_bin.2_gene_81_10	C286	1	1	1	1	0	0	0	0	0	0	0	0	0	0
EHM034720|EHA02359_bin.2_gene_81_11	C286	1	1	1	1	1	1	0	1	1	1	1	0	1	1
EHM034720|EHA02359_bin.2_gene_81_12	C286	1	1	1	1	1	1	0	1	1	1	1	1	1	1
EHM034720|EHA02359_bin.2_gene_81_14	C286	1	1	1	1	1	1	0	0	0	0	0	0	0	0
EHM034720|EHA02359_bin.2_gene_82_2	C286	1	1	0	1	1	1	0	1	0	0	0	1	1	1
EHM034720|EHA02359_bin.2_gene_82_3	C286	1	1	1	1	1	1	1	1	1	1	1	1	1	1
EHM034720|EHA02359_bin.2_gene_82_4	C286	1	1	1	1	1	1	1	1	0	1	1	1	0	0
EHM034720|EHA02359_bin.2_gene_83_2	C286	1	1	1	1	1	1	1	1	1	1	1	1	1	1
EHM034720|EHA02359_bin.2_gene_83_3	C286	1	1	1	1	1	1	1	1	1	1	1	1	1	1
EHM034720|EHA02359_bin.2_gene_83_4	C286	1	1	1	1	1	1	1	1	1	1	1	1	1	1
EHM034720|EHA02359_bin.2_gene_83_5	C286	1	1	1	1	1	1	1	1	1	1	1	0	1	1
EHM034720|EHA02359_bin.2_gene_83_6	C286	1	1	1	1	1	1	1	1	1	0	1	0	1	1
EHM034720|EHA02359_bin.2_gene_83_7	C286	1	1	1	1	1	1	1	1	1	1	1	0	1	1
EHM034720|EHA02359_bin.2_gene_84_1	C286	1	1	0	0	0	0	1	0	0	0	0	0	0	0
EHM034720|EHA02359_bin.2_gene_84_2	C286	1	1	0	1	0	1	1	0	0	0	0	0	0	0
EHM034720|EHA02359_bin.2_gene_84_3	C286	1	1	1	1	1	1	1	1	1	1	1	1	0	1
EHM034720|EHA02359_bin.2_gene_84_4	C286	1	1	1	1	1	1	0	1	1	1	0	1	1	1
EHM034720|EHA02359_bin.2_gene_84_5	C286	1	1	1	1	0	1	1	1	1	1	0	1	0	1
EHM034720|EHA02359_bin.2_gene_84_6	C286	1	1	1	1	1	1	1	1	1	1	1	1	1	1
EHM034720|EHA02359_bin.2_gene_84_7	C286	1	1	1	1	1	1	1	1	1	1	1	1	1	1
EHM034720|EHA02359_bin.2_gene_84_8	C286	1	1	1	1	1	1	1	1	1	0	1	1	1	0
EHM034720|EHA02359_bin.2_gene_85_1	C286	1	1	1	1	1	1	1	1	1	1	1	1	1	1
EHM034720|EHA02359_bin.2_gene_85_3	C286	1	1	1	1	1	1	1	1	1	1	1	1	1	1
EHM034720|EHA02359_bin.2_gene_88_1	C286	1	1	1	1	1	1	1	1	1	1	0	1	1	1
EHM034720|EHA02359_bin.2_gene_88_2	C286	1	1	1	1	1	1	1	1	1	1	1	1	1	1
EHM034720|EHA02359_bin.2_gene_88_4	C286	1	1	1	1	1	1	1	0	0	0	1	1	0	0
EHM034720|EHA02359_bin.2_gene_88_5	C286	1	1	1	1	1	1	0	1	1	1	1	1	1	1
EHM034720|EHA02359_bin.2_gene_88_6	C286	1	1	0	1	0	0	0	0	0	1	1	1	0	0
EHM034720|EHA02359_bin.2_gene_89_1	C286	1	1	1	1	1	1	1	0	0	0	0	1	0	0
EHM034720|EHA02359_bin.2_gene_89_3	C286	1	1	1	1	1	1	1	1	1	1	0	1	1	1
EHM034720|EHA02359_bin.2_gene_89_4	C286	1	1	1	1	1	1	1	1	1	1	1	1	1	1
EHM034720|EHA02359_bin.2_gene_89_5	C286	1	1	1	0	1	1	1	1	1	1	0	1	1	1
EHM034720|EHA02359_bin.2_gene_89_6	C286	1	1	1	0	1	0	1	1	1	1	1	1	1	1
EHM034720|EHA02359_bin.2_gene_89_7	C286	1	1	1	0	1	1	1	1	1	1	0	1	0	0
EHM034720|EHA02359_bin.2_gene_89_9	C286	1	1	1	1	1	1	1	1	0	0	0	0	0	0
EHM034720|EHA02359_bin.2_gene_89_10	C286	1	1	1	1	1	1	1	1	1	1	1	1	1	1
EHM034720|EHA02359_bin.2_gene_89_11	C286	1	1	1	1	1	1	0	1	0	0	1	1	0	0
EHM034720|EHA02359_bin.2_gene_89_14	C286	1	1	0	1	1	0	0	1	1	1	1	1	0	1
EHM034720|EHA02359_bin.2_gene_89_16	C286	1	1	1	1	1	1	1	1	1	1	0	0	1	1
EHM034720|EHA02359_bin.2_gene_89_17	C286	1	1	1	1	1	1	1	0	0	0	1	0	0	0
EHM034720|EHA02359_bin.2_gene_90_1	C286	1	1	1	1	0	1	0	1	0	0	0	0	0	0
EHM034720|EHA02359_bin.2_gene_90_3	C286	1	1	1	1	1	1	1	1	1	1	1	1	1	1
EHM034720|EHA02359_bin.2_gene_90_5	C286	1	1	1	1	1	1	1	1	1	1	0	1	1	1
EHM034720|EHA02359_bin.2_gene_90_6	C286	1	1	1	1	1	1	1	1	1	1	0	1	1	1
EHM034720|EHA02359_bin.2_gene_90_7	C286	1	1	1	1	1	1	1	1	1	1	1	0	1	1
EHM034720|EHA02359_bin.2_gene_90_9	C286	1	1	1	1	1	1	0	1	1	0	0	0	0	1
EHM034720|EHA02359_bin.2_gene_90_11	C286	1	1	1	1	1	1	1	0	0	1	1	1	0	0
EHM034720|EHA02359_bin.2_gene_90_12	C286	1	1	1	1	1	1	1	1	1	1	0	1	1	1
EHM034720|EHA02359_bin.2_gene_90_13	C286	1	1	1	1	1	1	1	1	1	1	1	1	1	1
EHM034720|EHA02359_bin.2_gene_90_14	C286	1	1	1	1	0	1	1	1	1	1	0	1	1	1
EHM034720|EHA02359_bin.2_gene_90_15	C286	1	1	1	1	1	1	1	1	1	1	1	1	1	1
EHM034720|EHA02359_bin.2_gene_90_16	C286	1	1	1	1	0	0	0	0	0	0	0	0	0	0
EHM034720|EHA02359_bin.2_gene_90_17	C286	1	1	0	0	1	1	0	1	0	0	0	0	0	0
EHM034720|EHA02359_bin.2_gene_90_18	C286	1	1	1	1	1	1	1	1	1	1	1	1	0	1
EHM034720|EHA02359_bin.2_gene_90_19	C286	1	1	1	1	1	1	1	1	1	1	1	1	1	1
EHM034720|EHA02359_bin.2_gene_91_1	C286	1	1	1	1	1	1	1	1	1	1	0	1	1	1
EHM034720|EHA02359_bin.2_gene_92_1	C286	1	1	1	1	1	1	0	0	0	0	0	0	0	0
EHM034720|EHA02359_bin.2_gene_92_2	C286	1	1	1	1	1	1	0	0	0	0	0	0	0	0
EHM034720|EHA02359_bin.2_gene_92_3	C286	1	1	1	1	1	1	1	1	1	1	1	1	1	1
EHM034720|EHA02359_bin.2_gene_93_2	C286	1	1	1	1	1	1	1	1	1	1	1	1	1	1
EHM034720|EHA02359_bin.2_gene_93_3	C286	1	1	1	1	1	1	1	1	1	1	1	1	1	1
EHM034720|EHA02359_bin.2_gene_93_4	C286	1	1	1	1	0	0	0	0	0	0	0	0	0	0
EHM034720|EHA02359_bin.2_gene_93_5	C286	1	1	1	1	1	1	1	1	1	1	1	1	1	1
EHM034720|EHA02359_bin.2_gene_93_6	C286	1	1	1	1	1	1	0	0	0	0	0	1	0	0
EHM034720|EHA02359_bin.2_gene_93_7	C286	1	1	1	1	1	1	1	1	0	0	1	1	0	0
EHM034720|EHA02359_bin.2_gene_94_1	C286	1	1	1	1	1	1	1	1	1	1	1	1	1	1
EHM034720|EHA02359_bin.2_gene_94_2	C286	1	1	1	1	1	1	1	1	1	1	1	1	1	1
EHM034720|EHA02359_bin.2_gene_94_3	C286	1	1	1	1	1	1	1	1	1	1	1	1	1	1
EHM034720|EHA02359_bin.2_gene_94_4	C286	1	1	1	1	1	1	1	1	1	1	1	1	1	1
EHM034720|EHA02359_bin.2_gene_94_5	C286	1	1	1	1	1	1	1	1	1	1	1	1	1	1
EHM034720|EHA02359_bin.2_gene_94_6	C286	1	1	1	1	1	1	1	1	1	1	1	1	1	1
EHM034720|EHA02359_bin.2_gene_94_7	C286	1	1	1	1	1	1	1	0	1	1	0	1	1	1
EHM034720|EHA02359_bin.2_gene_94_8	C286	1	1	1	1	1	1	0	1	1	1	1	1	1	1
EHM034720|EHA02359_bin.2_gene_94_9	C286	1	1	1	1	1	1	1	1	1	1	1	1	1	1
EHM034720|EHA02359_bin.2_gene_94_10	C286	1	1	1	1	1	0	0	1	0	0	0	0	0	0
EHM034720|EHA02359_bin.2_gene_94_11	C286	1	1	1	1	1	1	1	1	1	0	0	1	1	1
EHM034720|EHA02359_bin.2_gene_94_12	C286	1	1	1	1	1	1	1	1	1	1	1	1	1	1
EHM034720|EHA02359_bin.2_gene_94_13	C286	1	1	1	1	1	1	0	0	0	0	1	1	0	0
EHM034720|EHA02359_bin.2_gene_94_14	C286	1	1	1	1	0	0	0	0	0	0	0	0	0	0
EHM034720|EHA02359_bin.2_gene_94_15	C286	1	1	1	1	1	1	1	1	1	1	1	1	1	1
EHM034720|EHA02359_bin.2_gene_94_17	C286	1	1	1	1	1	1	1	1	0	1	1	0	1	1
EHM034720|EHA02359_bin.2_gene_94_18	C286	1	1	1	1	1	1	1	1	0	1	1	1	0	0
EHM034720|EHA02359_bin.2_gene_94_19	C286	1	1	1	1	1	1	1	1	1	1	1	1	1	1
EHM034720|EHA02359_bin.2_gene_94_20	C286	1	1	1	1	0	1	0	1	1	1	1	1	1	1
EHM034720|EHA02359_bin.2_gene_94_23	C286	1	1	1	1	1	1	1	1	1	1	1	0	1	1
EHM034720|EHA02359_bin.2_gene_94_25	C286	1	1	1	1	1	1	1	1	1	1	0	0	0	1
EHM034720|EHA02359_bin.2_gene_94_26	C286	1	1	1	1	1	1	1	1	1	1	1	1	1	1
EHM034720|EHA02359_bin.2_gene_94_28	C286	1	1	1	1	1	0	0	0	0	0	0	0	0	0
EHM034720|EHA02359_bin.2_gene_94_29	C286	1	1	1	1	1	1	0	0	0	0	0	0	0	0
EHM034720|EHA02359_bin.2_gene_95_1	C286	1	1	1	1	1	1	0	1	1	1	1	1	1	1
EHM034720|EHA02359_bin.2_gene_95_2	C286	1	1	1	1	1	1	0	0	0	0	0	1	0	0
EHM034720|EHA02359_bin.2_gene_95_3	C286	1	1	1	1	1	1	0	1	1	1	1	0	1	1
EHM034720|EHA02359_bin.2_gene_95_4	C286	1	1	1	1	1	1	0	1	1	1	1	0	1	1
EHM034720|EHA02359_bin.2_gene_95_5	C286	1	1	1	1	1	1	1	1	1	1	1	1	1	1
EHM034720|EHA02359_bin.2_gene_96_1	C286	1	1	1	1	1	1	1	1	1	1	1	1	1	1
EHM034720|EHA02359_bin.2_gene_97_2	C286	1	1	1	1	0	1	0	0	0	0	0	0	0	0
EHM034720|EHA02359_bin.2_gene_97_3	C286	1	1	1	1	0	1	0	0	0	0	0	0	0	0
EHM034720|EHA02359_bin.2_gene_98_3	C286	1	1	1	1	1	1	0	1	1	0	0	0	1	0
EHM034720|EHA02359_bin.2_gene_99_3	C286	1	1	1	1	1	1	1	1	1	1	1	1	1	1
EHM034720|EHA02359_bin.2_gene_99_4	C286	1	1	1	1	1	0	0	0	1	1	1	1	0	1
EHM034720|EHA02359_bin.2_gene_99_5	C286	1	1	1	1	1	1	1	1	1	1	1	1	1	1
EHM034720|EHA02359_bin.2_gene_99_6	C286	1	1	1	1	1	1	1	0	0	0	1	0	0	0
EHM034720|EHA02359_bin.2_gene_99_7	C286	1	1	1	1	0	0	0	1	0	0	0	0	0	0
EHM034720|EHA02359_bin.2_gene_99_8	C286	1	1	1	1	1	1	1	1	0	0	1	1	0	1
EHM034720|EHA02359_bin.2_gene_99_9	C286	1	1	1	1	1	1	0	1	1	1	1	1	1	1
EHM034720|EHA02359_bin.2_gene_99_10	C286	1	1	1	1	1	1	0	1	1	1	1	1	1	1
EHM034720|EHA02359_bin.2_gene_99_11	C286	1	1	1	1	1	1	0	1	1	1	0	0	1	0
EHM034720|EHA02359_bin.2_gene_99_12	C286	1	1	1	1	1	1	1	1	1	1	1	1	1	0
EHM034720|EHA02359_bin.2_gene_99_13	C286	1	1	1	1	1	1	1	1	1	1	0	1	1	1
EHM034720|EHA02359_bin.2_gene_99_14	C286	1	1	1	1	0	1	1	0	0	0	0	0	0	0
EHM034720|EHA02359_bin.2_gene_99_15	C286	1	1	1	1	1	1	1	1	1	1	1	1	1	1
EHM034720|EHA02359_bin.2_gene_99_16	C286	1	1	1	1	1	1	1	1	1	1	1	1	1	1
EHM034720|EHA02359_bin.2_gene_99_17	C286	1	1	1	1	1	1	1	1	1	1	1	1	1	0
EHM034720|EHA02359_bin.2_gene_99_18	C286	1	1	1	1	1	1	0	1	0	1	1	1	1	1
EHM034720|EHA02359_bin.2_gene_99_19	C286	1	1	0	0	0	0	0	0	0	0	0	0	0	0
EHM034720|EHA02359_bin.2_gene_100_3	C286	1	1	1	1	1	1	1	0	0	0	1	1	1	1
EHM034720|EHA02359_bin.2_gene_100_4	C286	1	1	1	1	0	0	0	0	0	0	0	0	0	0
EHM034720|EHA02359_bin.2_gene_100_5	C286	1	1	1	1	0	0	0	0	0	0	0	0	0	0
EHM034720|EHA02359_bin.2_gene_100_6	C286	1	1	1	1	1	1	1	0	0	0	1	1	0	0
EHM034720|EHA02359_bin.2_gene_100_7	C286	1	1	1	1	0	0	1	0	0	0	0	0	0	0
EHM034720|EHA02359_bin.2_gene_100_8	C286	1	1	1	1	0	0	1	1	1	1	0	0	0	0
EHM034720|EHA02359_bin.2_gene_100_9	C286	1	1	1	1	0	0	0	0	0	0	0	0	0	0
EHM034720|EHA02359_bin.2_gene_100_10	C286	1	1	1	1	1	1	0	0	0	0	1	0	0	0
EHM034720|EHA02359_bin.2_gene_100_12	C286	1	1	1	1	1	1	1	1	1	1	0	1	1	1
EHM034720|EHA02359_bin.2_gene_100_14	C286	1	1	1	1	1	1	0	1	1	1	1	1	1	1
EHM034720|EHA02359_bin.2_gene_100_15	C286	1	1	1	1	1	1	1	1	1	1	0	0	1	1
EHM034720|EHA02359_bin.2_gene_100_16	C286	1	1	1	1	1	1	1	1	1	1	1	1	1	1
EHM034720|EHA02359_bin.2_gene_101_1	C286	1	1	1	1	0	1	1	0	0	1	0	0	0	0
EHM034720|EHA02359_bin.2_gene_101_2	C286	1	1	0	0	1	1	0	0	0	0	0	0	0	0
EHM034720|EHA02359_bin.2_gene_101_4	C286	1	1	1	1	1	1	1	1	1	1	1	0	0	1
EHM034720|EHA02359_bin.2_gene_101_5	C286	1	1	1	1	0	0	1	1	1	1	0	0	0	1
EHM034720|EHA02359_bin.2_gene_101_6	C286	1	1	1	1	0	1	0	1	1	1	0	0	0	1
EHM034720|EHA02359_bin.2_gene_101_7	C286	1	1	1	1	0	1	1	1	1	1	1	0	0	1
EHM034720|EHA02359_bin.2_gene_101_8	C286	1	1	1	1	0	0	0	1	0	0	0	0	0	0
EHM034720|EHA02359_bin.2_gene_101_9	C286	1	1	1	1	1	1	1	1	0	0	1	1	0	0
EHM034720|EHA02359_bin.2_gene_101_10	C286	1	1	0	1	0	0	0	0	0	0	0	0	0	1
EHM034720|EHA02359_bin.2_gene_102_7	C286	1	1	0	1	1	0	0	0	0	0	1	1	1	1
EHM034720|EHA02359_bin.2_gene_103_1	C286	1	1	1	1	1	1	0	1	1	1	0	1	1	1
EHM034720|EHA02359_bin.2_gene_103_2	C286	1	1	1	1	1	1	1	1	0	0	1	1	0	0
EHM034720|EHA02359_bin.2_gene_103_5	C286	1	1	1	1	1	1	1	1	1	1	1	1	0	1
EHM034720|EHA02359_bin.2_gene_103_6	C286	1	1	1	1	1	1	1	1	1	1	0	1	1	1
EHM034720|EHA02359_bin.2_gene_103_7	C286	1	1	1	1	1	1	0	0	0	0	0	0	0	0
EHM034720|EHA02359_bin.2_gene_103_8	C286	1	1	1	1	1	1	1	1	1	1	0	1	1	1
EHM034720|EHA02359_bin.2_gene_103_9	C286	1	1	1	1	1	1	1	1	1	1	0	1	1	1
EHM034720|EHA02359_bin.2_gene_103_10	C286	1	1	1	1	1	1	1	1	1	1	0	1	1	1
EHM034720|EHA02359_bin.2_gene_103_11	C286	1	1	1	1	1	1	1	1	1	1	0	1	1	1
EHM034720|EHA02359_bin.2_gene_103_12	C286	1	1	1	1	1	1	1	1	1	1	1	1	1	1
EHM034720|EHA02359_bin.2_gene_103_13	C286	1	1	1	1	1	1	1	1	1	1	1	1	0	0
EHM034720|EHA02359_bin.2_gene_103_14	C286	1	1	1	1	1	1	1	1	1	1	1	1	1	1
EHM034720|EHA02359_bin.2_gene_103_15	C286	1	1	1	1	1	1	1	1	1	1	1	1	1	1
EHM034720|EHA02359_bin.2_gene_103_16	C286	1	1	1	1	1	1	0	1	1	0	0	0	0	1
EHM034720|EHA02359_bin.2_gene_103_17	C286	1	1	1	1	0	0	0	0	0	0	0	0	0	0
EHM034720|EHA02359_bin.2_gene_105_2	C286	1	1	1	1	1	1	1	1	1	1	0	1	1	1
EHM034720|EHA02359_bin.2_gene_105_3	C286	1	1	1	1	1	1	1	1	0	1	1	1	1	1
EHM034720|EHA02359_bin.2_gene_106_1	C286	1	1	1	1	1	1	1	1	0	0	1	1	0	0
EHM034720|EHA02359_bin.2_gene_106_3	C286	1	1	1	1	1	1	0	1	1	1	1	1	1	1
EHM034720|EHA02359_bin.2_gene_106_4	C286	1	1	1	1	1	1	0	0	0	0	0	0	0	0
EHM034720|EHA02359_bin.2_gene_107_2	C286	1	1	1	1	0	1	1	1	0	0	1	1	0	0
EHM034720|EHA02359_bin.2_gene_107_3	C286	1	1	1	1	1	1	1	1	1	1	1	1	1	1
EHM034720|EHA02359_bin.2_gene_107_4	C286	1	1	1	1	1	1	1	1	1	1	0	1	1	1
EHM034720|EHA02359_bin.2_gene_108_2	C286	1	1	1	1	0	1	0	0	0	0	0	0	0	1
EHM034720|EHA02359_bin.2_gene_109_1	C286	1	1	1	1	1	1	1	1	0	0	1	1	0	0
EHM034720|EHA02359_bin.2_gene_109_4	C286	1	1	1	0	0	1	0	0	0	0	0	0	0	0
EHM034720|EHA02359_bin.2_gene_110_1	C286	1	1	1	1	0	0	0	0	1	0	0	0	0	0
EHM034720|EHA02359_bin.2_gene_110_3	C286	1	1	1	1	1	1	1	1	1	1	1	1	1	1
EHM034720|EHA02359_bin.2_gene_110_4	C286	1	1	1	1	1	1	1	1	1	1	1	1	1	1
EHM034720|EHA02359_bin.2_gene_110_5	C286	1	1	1	1	1	1	1	1	1	1	1	1	1	1
EHM034720|EHA02359_bin.2_gene_110_6	C286	1	1	1	1	1	1	1	1	1	1	0	0	1	1
EHM034720|EHA02359_bin.2_gene_110_7	C286	1	1	1	1	0	1	1	0	0	1	0	0	0	0
EHM034720|EHA02359_bin.2_gene_110_9	C286	1	1	1	1	0	1	0	1	0	1	1	0	1	1
EHM034720|EHA02359_bin.2_gene_110_10	C286	1	1	1	1	1	1	1	1	1	1	1	0	1	1
EHM034720|EHA02359_bin.2_gene_110_11	C286	1	1	1	1	1	1	0	1	0	0	1	1	0	0
EHM034720|EHA02359_bin.2_gene_110_12	C286	1	1	1	1	1	1	1	1	0	0	0	1	0	0
EHM034720|EHA02359_bin.2_gene_111_1	C286	1	1	1	1	0	1	0	1	1	1	0	1	1	1
EHM034720|EHA02359_bin.2_gene_111_3	C286	1	1	1	1	1	1	1	1	0	0	1	1	0	1
EHM034720|EHA02359_bin.2_gene_111_4	C286	1	1	1	1	1	1	1	1	0	1	1	0	1	0
EHM034720|EHA02359_bin.2_gene_111_5	C286	1	1	1	1	1	1	1	1	1	1	1	1	1	1
EHM034720|EHA02359_bin.2_gene_111_6	C286	1	1	1	1	1	1	1	1	1	1	1	1	1	1
EHM034720|EHA02359_bin.2_gene_111_7	C286	1	1	1	1	1	1	1	1	1	1	1	1	1	1
EHM034720|EHA02359_bin.2_gene_111_8	C286	1	1	1	1	1	1	1	1	1	1	1	1	1	1
EHM034720|EHA02359_bin.2_gene_111_9	C286	1	1	1	1	1	1	1	1	1	0	1	0	1	1
EHM034720|EHA02359_bin.2_gene_112_1	C286	1	1	1	1	1	1	0	1	0	0	1	1	0	1
EHM034720|EHA02359_bin.2_gene_112_2	C286	1	1	1	1	1	1	1	1	1	1	0	1	1	1
EHM034720|EHA02359_bin.2_gene_112_3	C286	1	1	1	1	1	1	1	1	1	0	0	1	0	1
EHM034720|EHA02359_bin.2_gene_112_4	C286	1	1	1	1	1	1	1	0	0	0	0	1	0	0
EHM034720|EHA02359_bin.2_gene_112_5	C286	1	1	1	1	1	1	1	1	1	1	1	1	1	1
EHM034720|EHA02359_bin.2_gene_112_6	C286	1	1	1	1	1	1	1	1	0	0	1	1	0	0
EHM034720|EHA02359_bin.2_gene_113_1	C286	1	1	1	1	1	1	1	1	1	1	1	1	1	1
EHM034720|EHA02359_bin.2_gene_113_3	C286	1	1	1	1	1	1	1	1	1	1	1	1	1	1
EHM034720|EHA02359_bin.2_gene_113_4	C286	1	1	1	1	1	1	1	0	1	1	1	1	0	1
EHM034720|EHA02359_bin.2_gene_113_5	C286	1	1	1	1	1	0	0	0	0	0	0	0	0	0
EHM034720|EHA02359_bin.2_gene_113_6	C286	1	1	1	1	1	1	1	0	0	0	0	1	0	0
EHM034720|EHA02359_bin.2_gene_113_7	C286	1	1	1	1	1	1	0	1	1	1	1	1	1	1
EHM034720|EHA02359_bin.2_gene_113_8	C286	1	1	1	1	1	1	1	0	0	0	0	1	0	0
EHM034720|EHA02359_bin.2_gene_113_9	C286	1	1	1	1	1	1	1	1	1	1	1	1	1	1
EHM034720|EHA02359_bin.2_gene_113_10	C286	1	1	1	1	1	1	0	0	0	0	0	0	0	0
EHM034720|EHA02359_bin.2_gene_113_11	C286	1	1	1	1	1	0	1	1	0	0	0	1	0	0
EHM034720|EHA02359_bin.2_gene_113_12	C286	1	1	1	1	1	1	0	1	1	1	1	1	1	1
EHM034720|EHA02359_bin.2_gene_113_13	C286	1	1	1	1	1	1	0	1	0	0	0	1	0	0
EHM034720|EHA02359_bin.2_gene_113_14	C286	1	1	1	1	0	0	0	0	0	0	1	0	0	0
EHM034720|EHA02359_bin.2_gene_114_1	C286	1	1	1	1	1	1	1	1	1	0	1	1	1	1
EHM034720|EHA02359_bin.2_gene_114_3	C286	1	1	1	1	1	1	1	1	1	0	1	1	1	1
EHM034720|EHA02359_bin.2_gene_114_4	C286	1	1	1	1	1	1	1	1	1	1	0	0	1	1
EHM034720|EHA02359_bin.2_gene_116_1	C286	1	1	1	1	1	1	0	1	1	1	0	1	1	1
EHM034720|EHA02359_bin.2_gene_116_2	C286	1	1	1	1	1	1	1	1	1	1	1	1	1	1
EHM034720|EHA02359_bin.2_gene_116_3	C286	1	1	1	1	0	0	0	1	0	0	1	0	0	0
EHM034720|EHA02359_bin.2_gene_117_1	C286	1	1	1	0	0	0	0	0	0	0	0	0	0	0
EHM034720|EHA02359_bin.2_gene_117_2	C286	1	1	1	0	0	0	0	0	0	0	0	0	0	0
EHM034720|EHA02359_bin.2_gene_118_1	C286	1	1	1	1	1	1	0	0	0	1	0	0	1	1
EHM034720|EHA02359_bin.2_gene_118_2	C286	1	1	1	1	1	1	0	0	0	0	0	0	0	0
EHM034720|EHA02359_bin.2_gene_118_3	C286	1	1	1	1	1	1	1	1	1	1	0	0	1	1
EHM034720|EHA02359_bin.2_gene_118_5	C286	1	1	1	1	1	1	1	0	0	1	0	1	1	0
EHM034720|EHA02359_bin.2_gene_118_6	C286	1	1	1	1	1	1	1	1	1	1	1	1	1	1
EHM034720|EHA02359_bin.2_gene_119_1	C286	1	1	1	1	1	1	1	0	0	0	0	0	0	0
EHM034720|EHA02359_bin.2_gene_119_2	C286	1	1	1	1	1	1	1	1	1	0	1	1	0	0
EHM034720|EHA02359_bin.2_gene_119_3	C286	1	1	1	1	1	1	0	1	0	0	0	1	0	0
EHM034720|EHA02359_bin.2_gene_119_4	C286	1	1	1	1	1	1	1	1	0	0	0	1	0	0
EHM034720|EHA02359_bin.2_gene_120_2	C286	1	1	1	1	1	1	1	1	1	1	1	1	1	1
EHM034720|EHA02359_bin.2_gene_120_3	C286	1	1	1	1	1	1	0	0	0	0	0	0	0	0
EHM034720|EHA02359_bin.2_gene_120_5	C286	1	1	1	1	1	1	1	1	1	1	1	1	1	1
EHM034720|EHA02359_bin.2_gene_120_6	C286	1	1	1	1	1	1	1	1	1	1	1	1	1	1
EHM034720|EHA02359_bin.2_gene_120_7	C286	1	1	1	0	0	0	0	0	0	0	0	0	0	0
EHM034720|EHA02359_bin.2_gene_121_1	C286	1	1	1	1	1	1	0	1	1	1	1	1	1	1
EHM034720|EHA02359_bin.2_gene_121_2	C286	1	1	1	1	1	1	1	1	1	1	1	1	1	1
EHM034720|EHA02359_bin.2_gene_121_3	C286	1	1	1	1	1	1	1	1	1	1	1	1	1	1
EHM034720|EHA02359_bin.2_gene_121_4	C286	1	1	1	1	1	1	0	1	0	0	0	0	0	0
EHM034720|EHA02359_bin.2_gene_121_5	C286	1	1	1	1	1	0	0	0	0	0	0	0	0	0
EHM034720|EHA02359_bin.2_gene_121_7	C286	1	1	1	1	1	1	1	1	1	1	1	1	1	1
EHM034720|EHA02359_bin.2_gene_121_8	C286	1	1	1	1	1	1	1	1	1	1	1	1	1	1
EHM034720|EHA02359_bin.2_gene_121_10	C286	1	1	1	1	1	0	1	0	0	0	0	0	0	0
EHM034720|EHA02359_bin.2_gene_122_1	C286	1	1	1	1	0	1	0	0	0	0	0	0	0	0
EHM034720|EHA02359_bin.2_gene_122_2	C286	1	1	1	0	1	1	0	0	0	0	0	0	0	0
EHM034720|EHA02359_bin.2_gene_122_3	C286	1	1	1	1	1	1	1	1	0	0	1	1	0	0
EHM034720|EHA02359_bin.2_gene_122_5	C286	1	1	1	1	1	1	1	1	0	1	1	1	1	0
EHM034720|EHA02359_bin.2_gene_122_6	C286	1	1	1	1	1	1	1	1	1	1	1	1	1	1
EHM034720|EHA02359_bin.2_gene_122_7	C286	1	1	1	1	1	0	0	0	0	0	0	1	0	0
EHM034720|EHA02359_bin.2_gene_122_8	C286	1	1	1	1	1	0	0	0	0	0	1	1	0	0
EHM034720|EHA02359_bin.2_gene_122_9	C286	1	1	1	1	0	0	1	0	0	0	0	0	0	0
EHM034720|EHA02359_bin.2_gene_122_10	C286	1	1	1	1	1	1	1	1	1	1	0	0	1	1
EHM034720|EHA02359_bin.2_gene_123_1	C286	1	1	1	1	1	1	0	0	0	0	1	0	0	0
EHM034720|EHA02359_bin.2_gene_123_3	C286	1	1	1	1	1	1	1	1	1	1	1	1	1	1
EHM034720|EHA02359_bin.2_gene_123_6	C286	1	1	1	1	1	1	1	1	1	0	1	0	0	0
EHM034720|EHA02359_bin.2_gene_124_2	C286	1	1	1	1	1	1	1	1	1	1	1	0	1	1
EHM034720|EHA02359_bin.2_gene_124_3	C286	1	1	1	1	1	1	0	1	0	0	1	1	0	0
EHM034720|EHA02359_bin.2_gene_124_4	C286	1	1	1	1	1	1	1	1	1	1	1	1	1	1
EHM034720|EHA02359_bin.2_gene_124_5	C286	1	1	1	1	1	1	1	1	1	1	0	0	1	1
EHM034720|EHA02359_bin.2_gene_124_6	C286	1	1	1	1	1	1	1	1	1	1	1	1	1	1
EHM034720|EHA02359_bin.2_gene_125_1	C286	1	1	1	1	1	1	1	1	1	1	1	1	1	1
EHM034720|EHA02359_bin.2_gene_125_2	C286	1	1	1	1	1	1	1	1	1	1	0	1	1	1
EHM034720|EHA02359_bin.2_gene_126_1	C286	1	1	1	1	1	1	0	1	0	0	1	1	0	0
EHM034720|EHA02359_bin.2_gene_126_3	C286	1	1	1	1	1	1	0	1	1	1	1	1	1	1
EHM034720|EHA02359_bin.2_gene_126_5	C286	1	1	1	1	1	1	1	1	1	1	0	1	1	1
EHM034720|EHA02359_bin.2_gene_126_6	C286	1	1	1	1	1	1	1	1	1	1	1	1	1	1
EHM034720|EHA02359_bin.2_gene_126_7	C286	1	1	1	1	1	1	1	1	0	0	1	1	0	1
EHM034720|EHA02359_bin.2_gene_127_1	C286	1	1	1	1	1	1	1	1	0	1	1	1	0	0
EHM034720|EHA02359_bin.2_gene_127_2	C286	1	1	1	1	1	1	0	1	0	0	0	0	0	0
EHM034720|EHA02359_bin.2_gene_127_3	C286	1	1	1	1	1	1	1	1	1	1	1	1	1	1
EHM034720|EHA02359_bin.2_gene_127_4	C286	1	1	1	1	1	1	0	1	1	1	1	1	0	1
EHM034720|EHA02359_bin.2_gene_127_5	C286	1	1	1	1	1	1	0	1	1	1	1	1	1	1
EHM034720|EHA02359_bin.2_gene_128_2	C286	1	1	1	1	1	1	1	1	1	1	1	1	1	1
EHM034720|EHA02359_bin.2_gene_128_3	C286	1	1	1	1	1	1	0	1	1	1	0	1	1	1
EHM034720|EHA02359_bin.2_gene_128_4	C286	1	1	1	1	1	1	1	1	1	1	1	1	1	1
EHM034720|EHA02359_bin.2_gene_128_5	C286	1	1	1	1	0	1	0	0	0	0	0	0	0	0
EHM034720|EHA02359_bin.2_gene_128_6	C286	1	1	1	1	1	1	0	0	0	0	0	0	0	0
EHM034720|EHA02359_bin.2_gene_128_7	C286	1	1	1	1	0	0	0	0	0	0	0	0	0	0
EHM034720|EHA02359_bin.2_gene_128_9	C286	1	1	1	1	1	1	1	1	1	1	0	1	1	1
EHM034720|EHA02359_bin.2_gene_129_1	C286	1	1	1	1	1	1	1	1	1	1	1	1	1	1
EHM034720|EHA02359_bin.2_gene_129_2	C286	1	1	1	1	1	1	1	1	1	1	1	1	1	1
EHM034720|EHA02359_bin.2_gene_129_3	C286	1	1	1	0	1	1	1	1	1	1	1	1	1	1
EHM034720|EHA02359_bin.2_gene_130_1	C286	1	1	1	1	1	1	1	1	1	1	0	0	1	1
EHM034720|EHA02359_bin.2_gene_130_2	C286	1	1	1	1	1	1	1	0	1	0	1	1	0	1
EHM034720|EHA02359_bin.2_gene_130_3	C286	1	1	1	1	1	1	1	1	0	0	1	1	0	0
EHM034720|EHA02359_bin.2_gene_131_1	C286	1	1	1	1	1	1	1	1	1	1	1	1	1	1
EHM034720|EHA02359_bin.2_gene_131_2	C286	1	1	1	1	0	1	1	1	1	1	1	1	1	1
EHM034720|EHA02359_bin.2_gene_131_3	C286	1	1	1	1	0	1	1	1	1	1	1	1	1	1
EHM034720|EHA02359_bin.2_gene_131_4	C286	1	1	1	1	1	1	1	1	1	1	1	1	1	1
EHM034720|EHA02359_bin.2_gene_132_1	C286	1	1	1	1	1	1	1	1	0	0	1	1	0	0
EHM034720|EHA02359_bin.2_gene_132_3	C286	1	1	1	1	1	0	1	1	1	1	1	1	1	1
EHM034720|EHA02359_bin.2_gene_133_1	C286	1	1	1	1	1	1	1	1	1	1	1	1	1	1
EHM034720|EHA02359_bin.2_gene_133_2	C286	1	1	1	1	0	1	0	0	0	0	0	0	0	0
EHM034720|EHA02359_bin.2_gene_133_3	C286	1	1	1	1	1	1	0	0	1	1	1	1	1	1
EHM034720|EHA02359_bin.2_gene_133_4	C286	1	1	1	1	1	1	1	1	1	1	1	1	1	1
EHM034720|EHA02359_bin.2_gene_133_5	C286	1	1	1	1	1	1	1	1	1	1	1	1	0	0
EHM034720|EHA02359_bin.2_gene_134_1	C286	1	1	1	1	1	1	0	0	0	0	1	0	0	0
EHM034720|EHA02359_bin.2_gene_134_2	C286	1	1	1	0	1	1	0	0	0	0	1	0	0	0
EHM034720|EHA02359_bin.2_gene_134_3	C286	1	1	1	1	1	1	0	0	0	0	0	0	0	0
EHM034720|EHA02359_bin.2_gene_134_4	C286	1	1	1	1	1	1	0	0	0	0	0	0	0	0
EHM034720|EHA02359_bin.2_gene_135_1	C286	1	1	1	1	1	1	1	1	1	1	1	1	1	1
EHM034720|EHA02359_bin.2_gene_135_2	C286	1	1	1	1	1	1	1	1	1	1	0	1	1	1
EHM034720|EHA02359_bin.2_gene_135_3	C286	1	1	1	1	0	0	0	1	1	1	0	1	0	1
EHM034720|EHA02359_bin.2_gene_135_4	C286	1	1	1	1	1	1	0	0	0	0	0	0	0	0
EHM034720|EHA02359_bin.2_gene_135_5	C286	1	1	1	1	1	1	0	1	1	1	1	1	1	1
EHM034720|EHA02359_bin.2_gene_135_6	C286	1	1	1	1	1	1	1	1	1	1	1	1	1	0
EHM034720|EHA02359_bin.2_gene_136_1	C286	1	1	1	0	0	1	0	0	0	0	0	0	0	0
EHM034720|EHA02359_bin.2_gene_136_2	C286	1	1	1	0	0	1	0	0	0	0	0	0	0	0
EHM034720|EHA02359_bin.2_gene_136_3	C286	1	1	1	0	1	1	0	0	0	0	0	0	0	0
EHM034720|EHA02359_bin.2_gene_137_3	C286	1	1	1	1	1	1	1	1	1	1	0	1	1	1
EHM034720|EHA02359_bin.2_gene_137_4	C286	1	1	1	1	1	1	1	1	1	0	0	1	1	1
EHM034720|EHA02359_bin.2_gene_137_5	C286	1	1	1	1	1	1	1	1	1	1	0	1	1	1
EHM034720|EHA02359_bin.2_gene_137_6	C286	1	1	1	1	1	1	1	1	1	1	1	1	1	1
EHM034720|EHA02359_bin.2_gene_137_8	C286	1	1	1	1	1	1	0	1	1	1	1	1	1	1
EHM034720|EHA02359_bin.2_gene_137_9	C286	1	1	1	1	1	1	0	0	0	0	0	0	0	0
EHM034720|EHA02359_bin.2_gene_137_10	C286	1	1	1	1	1	1	1	1	1	1	1	1	1	1
EHM034720|EHA02359_bin.2_gene_137_11	C286	1	1	1	1	1	1	1	1	1	1	1	1	1	1
EHM034720|EHA02359_bin.2_gene_137_12	C286	1	1	1	1	1	1	0	0	0	0	1	0	0	1
EHM034720|EHA02359_bin.2_gene_137_13	C286	1	1	1	1	1	1	1	1	1	1	1	1	1	1
EHM034720|EHA02359_bin.2_gene_137_14	C286	1	1	1	1	1	1	1	1	1	1	1	1	1	1
EHM034720|EHA02359_bin.2_gene_137_15	C286	1	1	1	0	0	0	0	1	1	1	0	1	0	1
EHM034720|EHA02359_bin.2_gene_137_16	C286	1	1	1	1	1	1	1	1	1	1	0	1	0	1
EHM034720|EHA02359_bin.2_gene_137_17	C286	1	1	0	0	0	1	0	0	0	0	0	0	0	0
EHM034720|EHA02359_bin.2_gene_137_18	C286	1	1	1	1	1	0	1	0	0	0	1	1	0	0
EHM034720|EHA02359_bin.2_gene_137_20	C286	1	1	1	1	1	0	1	0	0	0	0	1	0	0
EHM034720|EHA02359_bin.2_gene_137_21	C286	1	1	1	1	1	1	1	1	1	1	1	1	1	1
EHM034720|EHA02359_bin.2_gene_137_22	C286	1	1	1	1	1	1	1	1	1	1	1	1	1	1
EHM034720|EHA02359_bin.2_gene_137_23	C286	1	1	1	1	1	1	0	0	0	0	1	0	0	0
EHM034720|EHA02359_bin.2_gene_138_3	C286	1	1	1	1	0	0	0	1	0	0	0	0	0	0
EHM034720|EHA02359_bin.2_gene_139_1	C286	1	1	1	1	1	1	1	0	0	0	1	1	0	0
EHM034720|EHA02359_bin.2_gene_139_2	C286	1	1	1	1	1	1	1	0	0	0	1	1	0	1
EHM034720|EHA02359_bin.2_gene_139_3	C286	1	1	0	1	0	1	1	1	1	1	1	1	1	1
EHM034720|EHA02359_bin.2_gene_139_4	C286	1	1	1	1	1	1	1	1	1	1	0	1	0	1
EHM034720|EHA02359_bin.2_gene_139_5	C286	1	1	1	1	1	1	1	1	1	1	1	1	1	1
EHM034720|EHA02359_bin.2_gene_139_6	C286	1	1	1	1	1	1	1	1	1	1	1	1	1	1
EHM034720|EHA02359_bin.2_gene_139_7	C286	1	1	1	1	1	0	1	0	0	0	0	1	0	0
EHM034720|EHA02359_bin.2_gene_139_8	C286	1	1	1	1	0	1	1	0	1	0	0	0	0	1
EHM034720|EHA02359_bin.2_gene_140_2	C286	1	1	1	1	1	1	1	1	0	0	1	1	0	1
EHM034720|EHA02359_bin.2_gene_140_3	C286	1	1	1	1	1	1	1	1	1	0	0	1	1	1
EHM034720|EHA02359_bin.2_gene_140_4	C286	1	1	1	1	0	0	0	0	0	0	0	0	0	0
EHM034720|EHA02359_bin.2_gene_140_5	C286	1	1	1	1	1	1	0	1	1	0	1	1	0	1
EHM034720|EHA02359_bin.2_gene_140_6	C286	1	1	1	1	1	1	1	1	1	1	1	1	1	1
EHM034720|EHA02359_bin.2_gene_140_7	C286	1	1	1	1	1	1	0	1	1	1	1	1	1	1
EHM034720|EHA02359_bin.2_gene_141_1	C286	1	1	1	1	1	1	0	0	0	0	0	0	0	0
EHM034720|EHA02359_bin.2_gene_141_2	C286	1	1	1	1	1	1	1	1	1	1	1	1	0	1
EHM034720|EHA02359_bin.2_gene_141_4	C286	1	1	1	1	1	1	1	0	1	0	0	0	0	0
EHM034720|EHA02359_bin.2_gene_141_5	C286	1	1	1	1	1	1	1	1	1	1	1	1	1	1
EHM034720|EHA02359_bin.2_gene_142_1	C286	1	1	1	1	1	1	1	1	1	1	1	1	1	1
EHM034720|EHA02359_bin.2_gene_142_2	C286	1	1	1	1	1	1	0	1	1	1	1	1	1	1
EHM034720|EHA02359_bin.2_gene_142_3	C286	1	1	1	1	1	1	1	1	1	0	1	1	0	1
EHM034720|EHA02359_bin.2_gene_142_4	C286	1	1	1	1	1	1	1	1	1	1	1	1	1	1
EHM034720|EHA02359_bin.2_gene_142_5	C286	1	1	1	1	1	1	1	1	1	0	1	1	0	0
EHM034720|EHA02359_bin.2_gene_143_1	C286	1	1	1	1	0	1	1	1	1	1	1	1	1	1
EHM034720|EHA02359_bin.2_gene_143_2	C286	1	1	1	1	1	0	1	0	1	0	0	1	1	1
EHM034720|EHA02359_bin.2_gene_143_3	C286	1	1	1	1	1	1	1	1	1	1	1	0	1	1
EHM034720|EHA02359_bin.2_gene_143_4	C286	1	1	1	1	0	1	0	0	0	0	0	0	0	0
EHM034720|EHA02359_bin.2_gene_144_1	C286	1	1	1	1	1	1	1	1	1	1	1	1	0	0
EHM034720|EHA02359_bin.2_gene_144_2	C286	1	1	1	1	1	1	0	1	1	1	0	1	1	1
EHM034720|EHA02359_bin.2_gene_144_3	C286	1	1	1	1	1	1	1	1	1	1	0	1	1	1
EHM034720|EHA02359_bin.2_gene_144_4	C286	1	1	1	1	0	0	0	0	0	0	0	0	0	0
EHM034720|EHA02359_bin.2_gene_144_5	C286	1	1	1	1	1	1	0	1	0	0	0	1	0	0
EHM034720|EHA02359_bin.2_gene_144_6	C286	1	1	1	1	1	1	1	1	1	1	1	1	1	1
EHM034720|EHA02359_bin.2_gene_145_3	C286	1	1	1	1	1	1	1	1	1	0	0	1	1	1
EHM034720|EHA02359_bin.2_gene_146_1	C286	1	1	1	0	0	0	0	0	0	0	0	0	0	0
EHM034720|EHA02359_bin.2_gene_146_3	C286	1	1	0	1	0	0	0	1	0	0	0	0	0	0
EHM034720|EHA02359_bin.2_gene_147_1	C286	1	1	1	1	1	1	1	1	1	1	1	1	1	1
EHM034720|EHA02359_bin.2_gene_147_3	C286	1	1	1	1	1	1	1	1	1	1	0	1	1	1
EHM034720|EHA02359_bin.2_gene_147_5	C286	1	1	1	1	1	1	1	1	0	0	0	0	0	0
EHM034720|EHA02359_bin.2_gene_147_6	C286	1	1	1	1	1	1	1	1	1	1	1	1	1	1
EHM034720|EHA02359_bin.2_gene_147_9	C286	1	1	1	1	1	1	1	1	1	1	1	1	1	1
EHM034720|EHA02359_bin.2_gene_147_10	C286	1	1	1	1	1	1	1	1	1	1	1	1	1	1
EHM034720|EHA02359_bin.2_gene_149_1	C286	1	1	1	1	1	1	1	1	1	1	0	1	1	1
EHM034720|EHA02359_bin.2_gene_149_2	C286	1	1	1	1	0	1	1	0	0	1	0	1	0	0
EHM034720|EHA02359_bin.2_gene_150_2	C286	1	1	1	0	1	0	0	0	0	0	0	1	1	0
EHM034720|EHA02359_bin.2_gene_150_3	C286	1	1	1	1	0	1	1	0	1	1	0	0	1	1
EHM034720|EHA02359_bin.2_gene_150_4	C286	1	1	1	1	1	1	1	1	1	1	1	1	1	1
EHM034720|EHA02359_bin.2_gene_150_5	C286	1	1	1	1	1	1	0	1	1	0	1	1	1	1
EHM034720|EHA02359_bin.2_gene_150_7	C286	1	1	1	1	1	1	1	1	0	0	1	1	0	0
EHM034720|EHA02359_bin.2_gene_150_9	C286	1	1	1	1	1	1	0	0	1	1	0	1	0	1
EHM034720|EHA02359_bin.2_gene_150_10	C286	1	1	1	1	1	1	1	1	1	1	1	1	1	1
EHM034720|EHA02359_bin.2_gene_150_11	C286	1	1	1	1	0	1	0	0	0	0	0	0	0	0
EHM034720|EHA02359_bin.2_gene_150_13	C286	1	1	1	1	1	1	1	1	1	1	1	1	1	1
EHM034720|EHA02359_bin.2_gene_150_14	C286	1	1	1	1	1	1	1	1	1	1	1	1	1	1
EHM034720|EHA02359_bin.2_gene_150_15	C286	1	1	1	1	1	1	0	0	0	0	0	1	1	0
EHM034720|EHA02359_bin.2_gene_150_16	C286	1	1	1	1	1	1	1	0	0	0	0	1	1	1
EHM034720|EHA02359_bin.2_gene_150_17	C286	1	1	1	1	0	0	0	0	0	0	0	0	0	0
EHM034720|EHA02359_bin.2_gene_150_18	C286	1	1	1	1	1	1	1	1	1	1	1	1	1	1
EHM034720|EHA02359_bin.2_gene_150_19	C286	1	1	1	1	1	1	1	1	1	0	1	1	1	1
EHM034720|EHA02359_bin.2_gene_150_20	C286	1	1	1	1	1	1	1	1	1	0	1	1	1	1
EHM034720|EHA02359_bin.2_gene_150_21	C286	1	1	1	1	1	0	1	0	0	0	0	1	0	0
EHM034720|EHA02359_bin.2_gene_151_1	C286	1	1	1	1	1	1	1	0	1	1	0	1	0	1
EHM034720|EHA02359_bin.2_gene_151_2	C286	1	1	1	1	1	0	0	0	0	0	0	0	0	0
EHM034720|EHA02359_bin.2_gene_151_3	C286	1	1	1	1	1	1	1	1	1	0	0	1	1	1
EHM034720|EHA02359_bin.2_gene_151_4	C286	1	1	1	1	1	1	1	1	1	1	0	1	1	0
EHM034720|EHA02359_bin.2_gene_152_1	C286	1	1	0	1	0	0	0	0	0	0	0	0	0	1
EHM034720|EHA02359_bin.2_gene_152_2	C286	1	1	1	1	0	1	1	0	0	0	0	1	0	0
EHM034720|EHA02359_bin.2_gene_152_3	C286	1	1	1	1	1	1	1	1	1	1	0	1	1	1
EHM034720|EHA02359_bin.2_gene_152_4	C286	1	1	1	1	0	0	0	0	0	0	0	0	0	0
EHM034720|EHA02359_bin.2_gene_152_5	C286	1	1	1	1	0	1	1	1	1	1	1	0	0	0
EHM034720|EHA02359_bin.2_gene_152_6	C286	1	1	1	1	0	1	0	1	1	1	1	1	0	1
EHM034720|EHA02359_bin.2_gene_152_7	C286	1	1	1	1	0	1	0	1	0	0	1	1	0	0
EHM034720|EHA02359_bin.2_gene_152_8	C286	1	1	1	1	0	1	0	0	0	0	0	0	0	0
EHM034720|EHA02359_bin.2_gene_152_9	C286	1	1	1	1	1	1	1	1	1	1	1	1	1	1
EHM034720|EHA02359_bin.2_gene_152_10	C286	1	1	1	1	0	0	1	0	0	0	0	0	0	0
EHM034720|EHA02359_bin.2_gene_152_11	C286	1	1	1	1	1	1	1	1	1	1	1	1	1	1
EHM034720|EHA02359_bin.2_gene_153_1	C286	1	1	1	1	0	1	0	0	0	0	0	0	0	0
EHM034720|EHA02359_bin.2_gene_153_3	C286	1	1	1	1	1	1	1	0	0	0	1	1	0	0
EHM034720|EHA02359_bin.2_gene_153_4	C286	1	1	1	1	1	1	1	0	0	0	1	1	0	0
EHM034720|EHA02359_bin.2_gene_153_5	C286	1	1	1	1	1	1	1	1	1	1	1	1	1	1
EHM034720|EHA02359_bin.2_gene_153_6	C286	1	1	1	1	1	1	1	1	1	1	1	1	1	1
EHM034720|EHA02359_bin.2_gene_153_7	C286	1	1	1	1	1	1	0	1	1	1	1	1	1	1
EHM034720|EHA02359_bin.2_gene_153_9	C286	1	1	1	1	1	1	1	1	1	1	1	1	1	1
EHM034720|EHA02359_bin.2_gene_154_1	C286	1	1	1	1	1	1	1	1	1	1	1	1	1	1
EHM034720|EHA02359_bin.2_gene_154_6	C286	1	1	1	0	0	1	0	0	0	0	0	0	0	0
EHM034720|EHA02359_bin.2_gene_154_13	C286	1	1	0	0	0	0	0	0	0	0	0	0	0	0
EHM034720|EHA02359_bin.2_gene_154_16	C286	1	1	0	0	0	0	0	0	0	0	0	0	0	0
EHM034720|EHA02359_bin.2_gene_154_17	C286	1	1	0	0	0	0	0	0	0	0	1	0	0	0
EHM034720|EHA02359_bin.2_gene_154_18	C286	1	1	0	0	0	0	0	0	0	0	0	0	0	0
EHM034720|EHA02359_bin.2_gene_154_20	C286	1	1	0	0	0	0	0	0	0	0	0	0	0	0
EHM034720|EHA02359_bin.2_gene_154_22	C286	1	1	0	0	0	0	0	0	0	0	0	0	0	0
EHM034720|EHA02359_bin.2_gene_154_23	C286	1	1	0	0	0	0	0	0	0	0	0	0	0	0
EHM034720|EHA02359_bin.2_gene_154_24	C286	1	1	0	0	0	0	0	0	0	0	0	0	0	0
EHM034720|EHA02359_bin.2_gene_154_25	C286	1	1	0	0	0	0	0	0	0	0	0	0	0	0
EHM034720|EHA02359_bin.2_gene_154_26	C286	1	1	0	0	0	0	0	0	0	0	0	0	0	0
EHM034720|EHA02359_bin.2_gene_154_27	C286	1	1	0	0	0	0	0	0	0	0	0	0	0	0
EHM034720|EHA02359_bin.2_gene_154_29	C286	1	1	0	0	0	0	0	0	0	0	0	0	0	0
EHM034720|EHA02359_bin.2_gene_154_30	C286	1	1	0	0	0	0	0	0	0	0	0	0	0	0
EHM034720|EHA02359_bin.2_gene_154_32	C286	1	1	0	0	0	0	1	0	0	0	0	0	0	0
EHM034720|EHA02359_bin.2_gene_154_38	C286	1	1	0	0	0	0	0	0	0	0	0	0	0	0
EHM034720|EHA02359_bin.2_gene_154_39	C286	1	1	0	0	0	0	0	0	0	0	0	0	0	0
EHM034720|EHA02359_bin.2_gene_155_2	C286	1	1	1	1	1	1	1	1	1	1	1	1	1	1
EHM034720|EHA02359_bin.2_gene_156_2	C286	1	1	1	1	1	1	1	1	0	0	1	1	0	0
EHM034720|EHA02359_bin.2_gene_156_3	C286	1	1	1	1	1	0	1	1	1	1	1	1	1	1
EHM034720|EHA02359_bin.2_gene_156_4	C286	1	1	1	1	1	1	1	1	1	1	1	1	0	1
EHM034720|EHA02359_bin.2_gene_156_5	C286	1	1	1	1	0	1	0	0	0	0	0	0	0	0
EHM034720|EHA02359_bin.2_gene_156_6	C286	1	1	1	1	1	1	1	1	1	1	0	1	1	1
EHM034720|EHA02359_bin.2_gene_157_5	C286	1	1	1	1	0	0	0	0	0	0	0	1	0	0
EHM034720|EHA02359_bin.2_gene_158_1	C286	1	1	1	1	1	1	1	1	1	1	1	1	1	1
EHM034720|EHA02359_bin.2_gene_158_3	C286	1	1	1	1	0	0	0	0	0	0	0	0	0	0
EHM034720|EHA02359_bin.2_gene_159_2	C286	1	1	0	1	0	1	1	0	0	0	0	0	0	0
EHM034720|EHA02359_bin.2_gene_159_4	C286	1	1	0	1	0	1	1	0	0	0	0	1	0	0
EHM034720|EHA02359_bin.2_gene_160_3	C286	1	1	0	1	0	1	1	0	0	0	0	0	0	0
EHM034720|EHA02359_bin.2_gene_161_1	C286	1	1	1	1	1	0	1	0	0	0	1	0	0	0
EHM034720|EHA02359_bin.2_gene_161_2	C286	1	1	1	1	1	1	0	1	1	1	1	1	1	1
EHM034720|EHA02359_bin.2_gene_161_3	C286	1	1	1	1	1	1	1	1	1	1	1	1	1	1
EHM034720|EHA02359_bin.2_gene_161_4	C286	1	1	1	1	1	1	1	1	1	1	0	1	1	1
EHM034720|EHA02359_bin.2_gene_161_5	C286	1	1	1	1	1	1	1	1	1	1	0	1	1	1
EHM034720|EHA02359_bin.2_gene_161_6	C286	1	1	1	1	1	1	0	1	1	1	1	1	1	1
EHM034720|EHA02359_bin.2_gene_161_7	C286	1	1	1	1	1	1	0	1	1	1	1	1	1	1
EHM034720|EHA02359_bin.2_gene_161_8	C286	1	1	1	1	1	1	0	1	1	1	1	1	1	1
EHM034720|EHA02359_bin.2_gene_162_1	C286	1	1	1	1	0	1	0	0	0	0	0	0	1	1
EHM034720|EHA02359_bin.2_gene_162_2	C286	1	1	1	1	1	1	1	1	1	1	0	1	1	1
EHM034720|EHA02359_bin.2_gene_162_3	C286	1	1	1	1	0	1	1	1	1	1	1	1	1	1
EHM034720|EHA02359_bin.2_gene_162_4	C286	1	1	1	0	1	1	1	1	0	0	1	1	1	0
EHM034720|EHA02359_bin.2_gene_162_5	C286	1	1	1	1	1	1	1	1	1	1	1	1	1	1
EHM034720|EHA02359_bin.2_gene_162_6	C286	1	1	1	1	1	1	1	1	1	1	1	1	1	1
EHM034720|EHA02359_bin.2_gene_162_7	C286	1	1	1	1	1	1	1	0	0	0	0	0	0	0
EHM034720|EHA02359_bin.2_gene_162_8	C286	1	1	1	1	1	1	1	1	1	1	1	1	1	1
EHM034720|EHA02359_bin.2_gene_162_10	C286	1	1	1	1	1	1	1	1	1	1	1	1	1	1
EHM034720|EHA02359_bin.2_gene_162_11	C286	1	1	1	1	1	1	1	1	1	1	1	1	1	1
EHM034720|EHA02359_bin.2_gene_164_1	C286	1	1	1	1	1	1	1	1	1	1	0	1	1	1
EHM034720|EHA02359_bin.2_gene_164_2	C286	1	1	1	1	1	1	1	1	1	1	1	1	1	1
EHM034720|EHA02359_bin.2_gene_165_5	C286	1	1	1	1	1	1	1	1	1	1	1	0	1	1
EHM034720|EHA02359_bin.2_gene_165_6	C286	1	1	1	1	0	1	0	1	0	0	0	0	0	0
EHM034720|EHA02359_bin.2_gene_165_7	C286	1	1	1	1	1	1	0	1	1	0	1	1	0	0
EHM034720|EHA02359_bin.2_gene_165_9	C286	1	1	1	1	1	1	1	1	1	1	1	0	1	1
EHM034720|EHA02359_bin.2_gene_165_10	C286	1	1	1	1	1	1	1	1	1	1	1	1	1	1
EHM034720|EHA02359_bin.2_gene_165_11	C286	1	1	1	1	1	1	1	1	1	1	1	1	1	1
EHM034720|EHA02359_bin.2_gene_166_2	C286	1	1	1	1	1	1	1	1	1	1	0	1	1	1
EHM034720|EHA02359_bin.2_gene_167_1	C286	1	1	1	1	0	1	0	0	0	0	0	0	0	0
EHM034720|EHA02359_bin.2_gene_167_2	C286	1	1	1	1	1	1	1	1	1	1	1	1	0	0
EHM034720|EHA02359_bin.2_gene_167_3	C286	1	1	1	1	1	1	0	1	0	0	0	0	0	0
EHM034720|EHA02359_bin.2_gene_167_4	C286	1	1	1	1	0	1	1	1	1	1	1	1	1	1
EHM034720|EHA02359_bin.2_gene_167_5	C286	1	1	1	1	1	1	1	1	1	1	1	1	1	1
EHM034720|EHA02359_bin.2_gene_167_6	C286	1	1	1	1	1	1	1	1	1	1	1	1	1	1
EHM034720|EHA02359_bin.2_gene_167_7	C286	1	1	1	1	1	1	1	1	1	1	1	1	0	1
EHM034720|EHA02359_bin.2_gene_167_8	C286	1	1	1	1	0	1	0	1	0	1	1	0	0	0
EHM034720|EHA02359_bin.2_gene_168_2	C286	1	1	1	1	1	1	0	1	1	0	0	1	0	0
EHM034720|EHA02359_bin.2_gene_168_3	C286	1	1	1	1	1	1	1	0	0	0	1	1	0	0
EHM034720|EHA02359_bin.2_gene_168_4	C286	1	1	1	1	1	1	1	1	1	1	1	1	1	1
EHM034720|EHA02359_bin.2_gene_168_5	C286	1	1	1	1	1	1	1	1	1	1	0	0	1	1
EHM034720|EHA02359_bin.2_gene_168_6	C286	1	1	1	1	1	1	1	1	1	1	0	1	1	1
EHM034720|EHA02359_bin.2_gene_168_7	C286	1	1	1	1	0	0	1	0	0	0	1	0	0	0
EHM034720|EHA02359_bin.2_gene_168_10	C286	1	1	1	1	1	1	1	0	0	0	1	0	0	0
EHM034720|EHA02359_bin.2_gene_168_11	C286	1	1	1	1	1	1	1	1	0	1	1	1	1	1
EHM034720|EHA02359_bin.2_gene_168_12	C286	1	1	1	1	1	1	1	1	0	0	0	0	0	0
EHM034720|EHA02359_bin.2_gene_169_1	C286	1	1	1	1	0	1	0	0	0	1	0	1	0	0
EHM034720|EHA02359_bin.2_gene_169_2	C286	1	1	1	1	1	1	1	1	1	1	1	1	1	1
EHM034720|EHA02359_bin.2_gene_169_3	C286	1	1	1	1	1	1	1	1	1	1	1	1	1	1
EHM034720|EHA02359_bin.2_gene_170_1	C286	1	1	1	1	1	1	0	0	0	0	1	0	0	0
EHM034720|EHA02359_bin.2_gene_170_2	C286	1	1	1	1	1	1	0	0	0	0	1	0	0	0
EHM034720|EHA02359_bin.2_gene_170_4	C286	1	1	1	1	1	0	0	0	1	1	0	1	0	1
EHM034720|EHA02359_bin.2_gene_170_5	C286	1	1	1	1	1	1	1	1	1	1	0	0	1	1
EHM034720|EHA02359_bin.2_gene_171_3	C286	1	1	1	1	1	1	0	1	1	1	1	1	1	1
EHM034720|EHA02359_bin.2_gene_171_4	C286	1	1	1	1	1	1	1	1	1	1	1	1	1	1
EHM034720|EHA02359_bin.2_gene_171_5	C286	1	1	1	1	1	1	0	0	0	0	0	0	0	0
EHM034720|EHA02359_bin.2_gene_171_6	C286	1	1	1	1	0	0	0	0	1	1	1	1	1	1
EHM034720|EHA02359_bin.2_gene_171_7	C286	1	1	1	1	1	1	1	1	1	1	1	1	1	1
EHM034720|EHA02359_bin.2_gene_171_8	C286	1	1	1	1	1	1	1	1	1	1	0	1	1	1
EHM034720|EHA02359_bin.2_gene_171_9	C286	1	1	1	1	1	1	0	1	1	1	1	1	1	1
EHM034720|EHA02359_bin.2_gene_171_10	C286	1	1	1	1	1	1	0	1	1	1	1	1	1	1
EHM034720|EHA02359_bin.2_gene_171_11	C286	1	1	1	1	1	0	1	1	0	0	0	1	0	0
EHM034720|EHA02359_bin.2_gene_172_1	C286	1	1	1	1	1	1	1	0	0	0	1	0	0	0
EHM034720|EHA02359_bin.2_gene_172_2	C286	1	1	1	1	0	0	0	0	0	0	0	0	0	0
EHM034720|EHA02359_bin.2_gene_172_3	C286	1	1	1	1	1	1	1	1	1	1	1	1	1	1
EHM034720|EHA02359_bin.2_gene_172_4	C286	1	1	1	1	1	1	0	1	1	1	1	1	1	1
EHM034720|EHA02359_bin.2_gene_173_2	C286	1	1	1	1	1	1	1	1	1	0	0	0	0	0
EHM034720|EHA02359_bin.2_gene_174_1	C286	1	1	1	1	0	0	1	0	0	0	1	1	0	0
EHM034720|EHA02359_bin.2_gene_174_2	C286	1	1	1	1	1	1	1	1	1	1	1	1	1	1
EHM034720|EHA02359_bin.2_gene_174_3	C286	1	1	1	1	1	1	1	1	1	1	1	1	0	1
EHM034720|EHA02359_bin.2_gene_174_4	C286	1	1	1	1	1	1	1	1	1	1	1	1	1	1
EHM034720|EHA02359_bin.2_gene_174_5	C286	1	1	1	1	1	1	0	1	1	1	1	1	0	1
EHM034720|EHA02359_bin.2_gene_174_6	C286	1	1	1	1	1	1	1	1	1	1	1	1	1	1
EHM034720|EHA02359_bin.2_gene_174_7	C286	1	1	1	1	1	1	0	1	1	1	1	1	1	1
EHM034720|EHA02359_bin.2_gene_174_9	C286	1	1	1	1	0	0	1	1	0	0	0	1	0	0
EHM034720|EHA02359_bin.2_gene_174_10	C286	1	1	1	1	1	1	1	1	1	1	0	1	1	1
EHM034720|EHA02359_bin.2_gene_174_11	C286	1	1	1	1	1	1	1	1	1	1	1	1	1	1
EHM034720|EHA02359_bin.2_gene_174_13	C286	1	1	1	1	1	1	1	1	0	1	1	1	0	0
EHM034720|EHA02359_bin.2_gene_174_16	C286	1	1	0	0	0	0	0	0	0	0	0	0	0	0
EHM034720|EHA02359_bin.2_gene_175_6	C286	1	1	1	1	1	1	0	1	1	1	1	0	0	1
EHM034720|EHA02359_bin.2_gene_175_9	C286	1	1	1	1	0	0	1	0	0	1	0	0	0	0
EHM034720|EHA02359_bin.2_gene_175_10	C286	1	1	1	1	1	1	1	1	1	1	1	0	0	0
EHM034720|EHA02359_bin.2_gene_175_12	C286	1	1	0	0	0	0	0	1	0	1	0	0	0	0
EHM034720|EHA02359_bin.2_gene_176_1	C286	1	1	1	1	1	1	0	0	1	1	0	0	1	0
EHM034720|EHA02359_bin.2_gene_176_2	C286	1	1	1	1	1	1	0	1	1	0	1	1	0	1
EHM034720|EHA02359_bin.2_gene_176_3	C286	1	1	1	1	1	1	0	1	1	1	1	1	1	1
EHM034720|EHA02359_bin.2_gene_176_4	C286	1	1	1	1	1	1	1	1	1	1	1	0	1	1
EHM034720|EHA02359_bin.2_gene_176_6	C286	1	1	1	1	1	1	1	1	1	1	1	1	1	1
EHM034720|EHA02359_bin.2_gene_176_7	C286	1	1	1	1	1	1	1	1	1	1	1	1	1	1
EHM034720|EHA02359_bin.2_gene_177_1	C286	1	1	1	1	1	1	1	1	1	1	1	1	1	1
EHM034720|EHA02359_bin.2_gene_178_1	C286	1	1	1	1	1	1	0	0	1	0	0	1	0	0
EHM034720|EHA02359_bin.2_gene_178_2	C286	1	1	1	1	1	1	0	1	1	1	1	1	1	1
EHM034720|EHA02359_bin.2_gene_178_3	C286	1	1	1	1	1	1	1	0	0	0	1	1	1	1
EHM034720|EHA02359_bin.2_gene_178_4	C286	1	1	1	0	0	1	0	0	0	0	0	0	0	0
EHM034720|EHA02359_bin.2_gene_179_1	C286	1	1	1	1	0	1	0	0	0	0	0	0	0	0
EHM034720|EHA02359_bin.2_gene_179_2	C286	1	1	1	1	1	1	1	1	1	0	0	1	0	0
EHM034720|EHA02359_bin.2_gene_179_3	C286	1	1	1	1	1	1	1	1	1	1	0	1	1	1
EHM034720|EHA02359_bin.2_gene_179_4	C286	1	1	1	1	1	1	1	1	1	1	1	1	1	1
EHM034720|EHA02359_bin.2_gene_179_5	C286	1	1	1	1	1	1	1	0	0	1	0	0	1	0
EHM034720|EHA02359_bin.2_gene_179_6	C286	1	1	1	1	1	1	1	1	1	1	1	1	1	1
EHM034720|EHA02359_bin.2_gene_179_7	C286	1	1	1	1	1	1	1	1	1	1	1	1	1	1
EHM034720|EHA02359_bin.2_gene_180_1	C286	1	1	1	1	1	1	1	1	1	0	0	1	1	1
EHM034720|EHA02359_bin.2_gene_180_2	C286	1	1	1	1	1	1	1	1	1	0	0	1	0	0
EHM034720|EHA02359_bin.2_gene_180_3	C286	1	1	1	1	1	1	1	1	1	1	1	1	1	0
EHM034720|EHA02359_bin.2_gene_180_4	C286	1	1	1	1	1	1	1	1	1	1	0	0	1	1
EHM034720|EHA02359_bin.2_gene_180_6	C286	1	1	1	1	1	1	0	1	1	1	0	0	1	0
EHM034720|EHA02359_bin.2_gene_180_7	C286	1	1	1	1	1	1	1	1	0	0	1	1	1	1
EHM034720|EHA02359_bin.2_gene_181_2	C286	1	1	1	1	0	0	0	0	1	0	0	0	1	0
EHM034720|EHA02359_bin.2_gene_181_3	C286	1	1	1	1	1	1	0	1	0	0	1	1	0	0
EHM034720|EHA02359_bin.2_gene_181_4	C286	1	1	1	1	1	1	1	1	1	1	1	1	1	1
EHM034720|EHA02359_bin.2_gene_182_1	C286	1	1	1	1	1	1	1	1	0	0	0	0	0	0
EHM034720|EHA02359_bin.2_gene_182_3	C286	1	1	1	1	0	1	1	1	0	0	0	0	0	0
EHM034720|EHA02359_bin.2_gene_183_5	C286	1	1	1	1	0	0	0	0	1	1	0	0	0	1
EHM034720|EHA02359_bin.2_gene_183_6	C286	1	1	0	1	0	0	0	0	0	0	0	0	0	0
EHM034720|EHA02359_bin.2_gene_184_1	C286	1	1	1	1	1	1	1	1	1	1	1	1	1	1
EHM034720|EHA02359_bin.2_gene_184_2	C286	1	1	1	1	0	0	0	0	0	0	1	0	0	0
EHM034720|EHA02359_bin.2_gene_184_3	C286	1	1	1	1	1	1	1	1	1	1	1	1	1	1
EHM034720|EHA02359_bin.2_gene_184_4	C286	1	1	1	1	1	1	1	1	1	1	1	1	1	1
EHM034720|EHA02359_bin.2_gene_184_5	C286	1	1	1	1	1	1	1	1	1	1	1	1	1	1
EHM034720|EHA02359_bin.2_gene_184_6	C286	1	1	1	1	1	1	0	0	0	0	0	0	1	1
EHM034720|EHA02359_bin.2_gene_184_7	C286	1	1	1	1	1	1	0	1	1	1	1	1	1	1
EHM034720|EHA02359_bin.2_gene_184_8	C286	1	1	1	1	1	1	0	0	0	0	0	0	0	0
EHM034720|EHA02359_bin.2_gene_185_1	C286	1	1	1	1	1	1	0	0	1	1	0	0	0	1
EHM034720|EHA02359_bin.2_gene_185_2	C286	1	1	1	1	1	1	1	1	1	1	1	1	1	1
EHM034720|EHA02359_bin.2_gene_185_3	C286	1	1	1	1	1	1	1	1	1	1	0	1	1	1
EHM034720|EHA02359_bin.2_gene_185_4	C286	1	1	1	1	1	1	1	0	1	1	1	1	0	0
EHM034720|EHA02359_bin.2_gene_185_5	C286	1	1	1	1	1	1	1	0	0	0	1	1	0	0
EHM034720|EHA02359_bin.2_gene_185_6	C286	1	1	1	1	1	0	0	0	0	1	0	0	1	0
EHM034720|EHA02359_bin.2_gene_186_2	C286	1	1	1	1	0	1	0	1	0	0	0	1	0	0
EHM034720|EHA02359_bin.2_gene_186_3	C286	1	1	1	1	0	1	0	1	0	0	1	1	0	0
EHM034720|EHA02359_bin.2_gene_186_4	C286	1	1	1	1	1	1	1	1	1	1	1	0	1	1
EHM034720|EHA02359_bin.2_gene_186_5	C286	1	1	1	1	1	1	0	0	0	0	0	0	0	0
EHM034720|EHA02359_bin.2_gene_186_6	C286	1	1	1	1	1	1	0	0	0	0	0	0	0	0
EHM034720|EHA02359_bin.2_gene_186_7	C286	1	1	1	1	0	1	0	0	0	0	0	0	0	0
EHM034720|EHA02359_bin.2_gene_186_11	C286	1	1	1	1	1	1	1	1	1	1	0	1	1	1
EHM034720|EHA02359_bin.2_gene_186_12	C286	1	1	1	1	1	1	0	0	1	1	0	0	1	1
EHM034720|EHA02359_bin.2_gene_186_14	C286	1	1	1	0	0	1	0	0	0	0	0	0	0	0
EHM034720|EHA02359_bin.2_gene_186_15	C286	1	1	1	0	0	0	0	0	0	0	0	0	0	0
EHM034720|EHA02359_bin.2_gene_186_16	C286	1	1	1	1	0	1	0	0	0	0	0	0	0	0
EHM034720|EHA02359_bin.2_gene_186_17	C286	1	1	1	1	1	1	1	1	1	1	0	1	1	1
EHM034720|EHA02359_bin.2_gene_186_18	C286	1	1	1	1	1	1	1	1	1	1	1	1	1	1
EHM034720|EHA02359_bin.2_gene_186_19	C286	1	1	1	1	1	0	0	0	0	1	1	1	0	1
EHM034720|EHA02359_bin.2_gene_186_20	C286	1	1	1	1	1	1	0	1	1	1	1	1	1	1
EHM034720|EHA02359_bin.2_gene_186_21	C286	1	1	1	1	1	1	0	1	1	1	1	1	1	1
EHM034720|EHA02359_bin.2_gene_186_22	C286	1	1	1	1	1	1	1	1	1	1	1	1	1	1
EHM034720|EHA02359_bin.2_gene_186_23	C286	1	1	0	0	0	0	0	0	1	0	0	1	0	0
EHM034720|EHA02359_bin.2_gene_187_1	C286	1	1	1	1	1	1	1	1	1	1	0	1	1	1
EHM034720|EHA02359_bin.2_gene_187_2	C286	1	1	1	1	1	1	1	1	1	1	1	1	1	1
EHM034720|EHA02359_bin.2_gene_188_1	C286	1	1	1	1	1	1	1	1	1	1	1	1	1	1
EHM034720|EHA02359_bin.2_gene_188_4	C286	1	1	1	1	1	1	1	1	1	1	1	1	1	1
EHM034720|EHA02359_bin.2_gene_188_5	C286	1	1	1	1	1	1	1	1	1	1	1	1	1	1
EHM034720|EHA02359_bin.2_gene_188_7	C286	1	1	1	1	1	1	0	0	0	0	1	0	0	0
EHM034720|EHA02359_bin.2_gene_188_9	C286	1	1	1	1	1	1	1	1	1	1	1	1	1	1
EHM034720|EHA02359_bin.2_gene_188_10	C286	1	1	1	1	1	1	1	1	1	1	1	1	1	1
EHM034720|EHA02359_bin.2_gene_188_11	C286	1	1	1	1	1	1	1	1	1	1	1	1	1	1
EHM034720|EHA02359_bin.2_gene_189_1	C286	1	1	1	1	0	1	0	0	0	0	0	0	0	0
EHM034720|EHA02359_bin.2_gene_189_2	C286	1	1	1	1	1	1	1	1	1	1	1	1	0	1
EHM034720|EHA02359_bin.2_gene_189_3	C286	1	1	1	1	1	1	1	1	1	1	0	1	1	1
EHM034720|EHA02359_bin.2_gene_189_4	C286	1	1	1	1	1	1	1	0	0	0	1	1	0	1
EHM034720|EHA02359_bin.2_gene_190_1	C286	1	1	1	1	1	1	1	1	1	1	1	1	0	1
EHM034720|EHA02359_bin.2_gene_190_2	C286	1	1	1	1	1	1	1	1	1	1	1	1	1	1
EHM034720|EHA02359_bin.2_gene_190_3	C286	1	1	1	1	1	1	1	1	1	1	0	1	1	1
EHM034720|EHA02359_bin.2_gene_190_4	C286	1	1	1	1	1	1	1	1	1	1	0	1	1	1
EHM034720|EHA02359_bin.2_gene_190_5	C286	1	1	1	1	0	0	1	1	1	1	1	0	1	1
EHM034720|EHA02359_bin.2_gene_190_6	C286	1	1	1	1	1	1	1	1	1	1	1	1	1	1
EHM034720|EHA02359_bin.2_gene_190_7	C286	1	1	1	1	1	0	1	1	1	1	0	1	1	1
EHM034720|EHA02359_bin.2_gene_190_8	C286	1	1	1	1	1	1	0	0	0	0	0	0	0	0
EHM034720|EHA02359_bin.2_gene_190_13	C286	1	1	1	1	0	1	0	0	0	0	0	0	0	0
EHM034720|EHA02359_bin.2_gene_190_14	C286	1	1	1	1	1	1	1	1	1	1	1	1	1	1
EHM034720|EHA02359_bin.2_gene_190_15	C286	1	1	1	1	1	1	1	1	1	1	1	1	1	1
EHM034720|EHA02359_bin.2_gene_191_1	C286	1	1	1	1	1	1	1	1	1	1	1	1	1	1
EHM034720|EHA02359_bin.2_gene_191_2	C286	1	1	1	1	1	1	1	1	1	1	1	1	1	1
EHM034720|EHA02359_bin.2_gene_191_5	C286	1	1	0	0	0	0	0	0	1	1	0	0	1	0
EHM034720|EHA02359_bin.2_gene_191_6	C286	1	1	1	1	0	1	1	1	1	1	1	0	0	1
EHM034720|EHA02359_bin.2_gene_191_7	C286	1	1	0	0	1	0	0	0	0	0	0	0	0	0
EHM034720|EHA02359_bin.2_gene_191_13	C286	1	1	0	0	0	0	0	0	1	0	0	0	0	0
EHM034720|EHA02359_bin.2_gene_193_1	C286	1	1	1	1	0	0	0	0	0	0	0	0	0	0
EHM034720|EHA02359_bin.2_gene_193_2	C286	1	1	1	1	1	1	0	1	0	0	1	0	0	0
EHM034720|EHA02359_bin.2_gene_193_3	C286	1	1	1	1	1	1	1	1	1	1	1	1	1	1
EHM034720|EHA02359_bin.2_gene_193_4	C286	1	1	1	1	1	1	0	1	1	1	1	1	1	1
EHM034720|EHA02359_bin.2_gene_193_5	C286	1	1	1	1	1	1	0	1	1	1	1	1	1	1
EHM034720|EHA02359_bin.2_gene_193_6	C286	1	1	1	1	1	1	0	1	1	1	1	1	1	1
EHM034720|EHA02359_bin.2_gene_193_7	C286	1	1	1	1	1	1	1	1	0	0	1	1	0	0
EHM034720|EHA02359_bin.2_gene_194_1	C286	1	1	1	1	1	1	0	0	0	0	0	0	0	0
EHM034720|EHA02359_bin.2_gene_194_2	C286	1	1	1	1	1	1	1	1	1	1	1	1	1	1
EHM034720|EHA02359_bin.2_gene_194_3	C286	1	1	1	1	1	1	0	0	0	0	0	0	0	0
EHM034720|EHA02359_bin.2_gene_194_4	C286	1	1	1	1	1	1	1	1	1	0	0	1	1	1
EHM034720|EHA02359_bin.2_gene_195_1	C286	1	1	1	1	1	1	1	1	1	1	1	1	0	0
EHM034720|EHA02359_bin.2_gene_195_2	C286	1	1	0	0	0	0	0	0	0	0	0	0	0	0
EHM034720|EHA02359_bin.2_gene_195_3	C286	1	1	0	0	0	0	0	1	0	0	0	0	0	1
EHM034720|EHA02359_bin.2_gene_195_4	C286	1	1	0	0	0	1	0	0	0	0	0	0	0	0
EHM034720|EHA02359_bin.2_gene_195_5	C286	1	1	0	0	0	0	0	0	0	0	0	0	0	0
EHM034720|EHA02359_bin.2_gene_195_6	C286	1	1	0	0	0	0	0	0	0	0	0	0	0	0
EHM034720|EHA02359_bin.2_gene_195_7	C286	1	1	1	1	1	1	1	1	1	1	1	1	1	1
EHM034720|EHA02359_bin.2_gene_195_8	C286	1	1	1	1	1	1	0	1	0	0	1	1	0	0
EHM034720|EHA02359_bin.2_gene_195_9	C286	1	1	1	1	1	1	1	1	0	0	1	1	0	0
EHM034720|EHA02359_bin.2_gene_195_10	C286	1	1	1	1	1	1	1	1	1	1	1	1	1	1
EHM034720|EHA02359_bin.2_gene_195_11	C286	1	1	1	1	0	1	0	0	0	0	0	1	0	0
EHM034720|EHA02359_bin.2_gene_195_12	C286	1	1	1	1	1	1	1	0	0	1	0	0	0	0
EHM034720|EHA02359_bin.2_gene_195_13	C286	1	1	1	1	1	1	0	0	1	1	1	1	1	1
EHM034720|EHA02359_bin.2_gene_195_14	C286	1	1	1	1	1	1	0	0	0	0	1	0	0	0
EHM034720|EHA02359_bin.2_gene_195_15	C286	1	1	1	1	0	1	1	1	1	1	1	1	1	1
EHM034720|EHA02359_bin.2_gene_195_18	C286	1	1	0	0	0	0	0	0	0	0	0	0	0	0
EHM034720|EHA02359_bin.2_gene_195_20	C286	1	1	1	1	1	1	1	0	0	0	0	1	0	1
EHM034720|EHA02359_bin.2_gene_196_1	C286	1	1	1	1	1	1	1	1	1	1	1	1	1	1
EHM034720|EHA02359_bin.2_gene_196_4	C286	1	1	1	1	1	1	0	1	0	0	0	1	0	1
EHM034720|EHA02359_bin.2_gene_196_6	C286	1	1	1	1	1	1	1	1	1	1	0	0	1	1
EHM034720|EHA02359_bin.2_gene_196_7	C286	1	1	1	1	1	1	1	1	1	1	0	0	1	1
EHM034720|EHA02359_bin.2_gene_196_8	C286	1	1	1	1	1	1	1	1	1	0	0	0	1	1
EHM034720|EHA02359_bin.2_gene_196_9	C286	1	1	1	1	1	1	1	1	1	0	0	0	1	1
EHM034720|EHA02359_bin.2_gene_196_10	C286	1	1	1	1	1	1	1	1	1	0	0	0	1	1
EHM034720|EHA02359_bin.2_gene_196_11	C286	1	1	1	1	1	1	1	1	1	0	0	0	1	1
EHM034720|EHA02359_bin.2_gene_196_12	C286	1	1	1	1	0	1	1	1	0	0	0	1	0	1
EHM034720|EHA02359_bin.2_gene_196_13	C286	1	1	1	1	1	1	1	1	1	0	0	1	1	1
EHM034720|EHA02359_bin.2_gene_196_14	C286	1	1	1	1	1	1	1	1	1	0	0	1	1	1
EHM034720|EHA02359_bin.2_gene_196_15	C286	1	1	1	1	0	1	0	0	0	0	0	0	0	0
EHM034720|EHA02359_bin.2_gene_197_10	C286	1	1	1	1	1	0	1	0	0	0	1	1	0	0
EHM034720|EHA02359_bin.2_gene_197_11	C286	1	1	1	1	1	1	1	1	1	1	1	1	1	1
EHM034720|EHA02359_bin.2_gene_197_12	C286	1	1	1	1	1	1	1	1	1	1	1	1	0	1
EHM034720|EHA02359_bin.2_gene_197_13	C286	1	1	1	1	1	1	1	1	1	1	1	1	1	1
EHM034720|EHA02359_bin.2_gene_197_14	C286	1	1	1	1	1	1	1	1	1	1	1	1	1	1
EHM034720|EHA02359_bin.2_gene_197_15	C286	1	1	1	1	1	1	1	1	1	1	1	1	1	1
EHM034720|EHA02359_bin.2_gene_198_2	C286	1	1	1	1	1	1	0	1	1	1	1	1	1	1
EHM034720|EHA02359_bin.2_gene_198_3	C286	1	1	1	1	1	1	0	0	0	0	0	1	0	0
EHM034720|EHA02359_bin.2_gene_198_4	C286	1	1	1	1	1	1	0	0	1	1	0	0	1	1
EHM034720|EHA02359_bin.2_gene_199_2	C286	1	1	1	1	0	1	1	0	0	1	1	0	0	0
EHM034720|EHA02359_bin.2_gene_199_3	C286	1	1	1	1	0	1	0	0	0	0	1	0	0	0
EHM034720|EHA02359_bin.2_gene_199_4	C286	1	1	1	1	0	1	0	0	0	0	1	0	0	0
EHM034720|EHA02359_bin.2_gene_199_5	C286	1	1	1	1	0	1	0	0	0	0	0	0	0	0
EHM034720|EHA02359_bin.2_gene_199_6	C286	1	1	1	1	0	1	0	0	0	0	0	0	0	0
EHM034720|EHA02359_bin.2_gene_199_7	C286	1	1	1	1	1	1	1	1	0	0	0	1	0	0
EHM034720|EHA02359_bin.2_gene_199_8	C286	1	1	1	1	1	1	1	1	1	1	0	1	1	1
EHM034720|EHA02359_bin.2_gene_199_9	C286	1	1	0	0	0	0	1	0	0	0	0	0	1	0
EHM034720|EHA02359_bin.2_gene_199_10	C286	1	1	0	0	0	1	1	0	0	0	0	0	0	0
EHM034720|EHA02359_bin.2_gene_199_11	C286	1	1	0	0	0	0	0	0	0	0	0	0	0	0
EHM034720|EHA02359_bin.2_gene_199_12	C286	1	1	0	0	0	0	0	0	0	0	0	0	0	0
EHM034720|EHA02359_bin.2_gene_199_16	C286	1	1	1	1	1	0	0	0	0	0	0	0	0	0
EHM034720|EHA02359_bin.2_gene_199_17	C286	1	1	1	1	0	1	1	0	0	0	0	0	1	0
EHM034720|EHA02359_bin.2_gene_199_18	C286	1	1	1	1	1	1	1	0	0	0	0	0	1	0
EHM034720|EHA02359_bin.2_gene_200_1	C286	1	1	1	1	1	1	0	1	1	1	1	0	1	1
EHM034720|EHA02359_bin.2_gene_200_2	C286	1	1	1	1	1	1	0	1	1	1	0	1	1	1
EHM034720|EHA02359_bin.2_gene_200_3	C286	1	1	1	1	1	1	1	1	1	1	1	1	1	1
EHM034720|EHA02359_bin.2_gene_200_4	C286	1	1	1	1	1	1	1	1	1	1	1	1	1	1
EHM034720|EHA02359_bin.2_gene_200_5	C286	1	1	1	1	1	1	1	1	1	1	0	1	1	1
EHM034720|EHA02359_bin.2_gene_201_1	C286	1	1	1	1	1	1	1	1	1	1	1	1	1	1
EHM034720|EHA02359_bin.2_gene_201_2	C286	1	1	1	1	1	1	1	1	1	1	1	1	0	0
EHM034720|EHA02359_bin.2_gene_201_4	C286	1	1	1	1	1	1	1	1	1	1	1	0	1	1
EHM034720|EHA02359_bin.2_gene_202_2	C286	1	1	1	1	0	1	0	0	0	0	0	0	0	0
EHM034720|EHA02359_bin.2_gene_202_3	C286	1	1	1	1	1	1	0	1	0	0	0	0	0	0
EHM034720|EHA02359_bin.2_gene_202_4	C286	1	1	1	1	1	1	0	1	1	1	0	1	0	0
EHM034720|EHA02359_bin.2_gene_203_1	C286	1	1	1	1	0	0	1	0	0	0	1	0	0	0
EHM034720|EHA02359_bin.2_gene_203_2	C286	1	1	1	1	0	0	1	0	0	0	1	0	0	1
EHM034720|EHA02359_bin.2_gene_203_3	C286	1	1	1	1	1	1	1	0	0	0	0	1	0	0
EHM034720|EHA02359_bin.2_gene_203_4	C286	1	1	1	1	0	0	0	0	0	0	0	0	0	0
EHM034720|EHA02359_bin.2_gene_204_1	C286	1	1	1	1	1	1	1	1	1	1	1	1	1	1
EHM034720|EHA02359_bin.2_gene_204_2	C286	1	1	1	1	1	1	1	1	1	1	1	1	1	1
EHM034720|EHA02359_bin.2_gene_204_3	C286	1	1	1	1	1	1	1	1	1	1	1	1	1	1
EHM034720|EHA02359_bin.2_gene_204_4	C286	1	1	1	1	1	1	1	0	0	0	1	1	0	0
EHM034720|EHA02359_bin.2_gene_204_5	C286	1	1	1	1	1	1	0	1	1	1	0	1	1	1
EHM034720|EHA02359_bin.2_gene_205_1	C286	1	1	1	1	0	0	0	1	0	0	1	1	0	0
EHM034720|EHA02359_bin.2_gene_205_2	C286	1	1	1	1	1	1	1	1	1	1	1	1	1	1
EHM034720|EHA02359_bin.2_gene_205_3	C286	1	1	1	1	1	1	1	1	1	1	1	1	1	1
EHM034720|EHA02359_bin.2_gene_205_4	C286	1	1	1	1	1	1	1	1	1	1	1	1	1	1
EHM034720|EHA02359_bin.2_gene_206_1	C286	1	1	1	1	1	1	1	1	1	1	1	1	1	1
EHM034720|EHA02359_bin.2_gene_206_2	C286	1	1	1	0	1	1	1	1	1	1	1	1	1	1
EHM034720|EHA02359_bin.2_gene_206_4	C286	1	1	1	1	1	1	1	1	1	0	1	0	0	1
EHM034720|EHA02359_bin.2_gene_206_5	C286	1	1	1	1	0	1	0	0	0	0	0	0	0	0
EHM034720|EHA02359_bin.2_gene_206_6	C286	1	1	1	1	0	1	0	1	1	1	0	1	0	0
EHM034720|EHA02359_bin.2_gene_207_2	C286	1	1	1	1	0	1	0	1	0	0	1	1	0	0
EHM034720|EHA02359_bin.2_gene_207_3	C286	1	1	1	1	1	1	1	1	1	0	1	1	1	1
EHM034720|EHA02359_bin.2_gene_207_4	C286	1	1	1	1	1	1	0	1	0	0	0	0	0	0
EHM034720|EHA02359_bin.2_gene_209_3	C286	1	1	1	1	1	1	1	1	0	1	1	1	1	0
EHM034720|EHA02359_bin.2_gene_209_4	C286	1	1	1	1	1	1	1	1	1	0	1	1	1	1
EHM034720|EHA02359_bin.2_gene_209_7	C286	1	1	1	1	1	1	1	1	1	1	0	1	1	1
EHM034720|EHA02359_bin.2_gene_209_8	C286	1	1	1	1	0	1	0	0	0	0	0	0	0	0
EHM034720|EHA02359_bin.2_gene_209_11	C286	1	1	1	1	1	1	0	1	0	0	1	1	0	0
EHM034720|EHA02359_bin.2_gene_209_12	C286	1	1	1	1	1	1	1	1	1	1	1	1	1	1
EHM034720|EHA02359_bin.2_gene_209_13	C286	1	1	1	1	1	1	0	0	1	1	0	0	1	1
EHM034720|EHA02359_bin.2_gene_209_14	C286	1	1	1	1	1	0	0	0	0	0	0	0	0	0
EHM034720|EHA02359_bin.2_gene_209_15	C286	1	1	1	1	1	1	1	1	1	1	1	1	1	1
EHM034720|EHA02359_bin.2_gene_209_16	C286	1	1	1	1	1	1	0	1	1	1	1	1	1	1
EHM034720|EHA02359_bin.2_gene_209_17	C286	1	1	1	1	1	1	0	1	1	1	1	1	1	1
EHM034720|EHA02359_bin.2_gene_209_18	C286	1	1	1	1	1	1	1	1	1	1	1	0	1	1
EHM034720|EHA02359_bin.2_gene_210_1	C286	1	1	0	0	0	0	0	0	0	0	0	0	1	0
EHM034720|EHA02359_bin.2_gene_210_2	C286	1	1	1	1	1	1	1	1	1	1	1	0	1	0
EHM034720|EHA02359_bin.2_gene_210_3	C286	1	1	1	1	1	1	0	1	1	1	0	1	1	1
EHM034720|EHA02359_bin.2_gene_210_4	C286	1	1	1	1	1	1	0	1	0	0	1	1	0	0
EHM034720|EHA02359_bin.2_gene_210_5	C286	1	1	1	1	1	1	0	0	0	0	1	1	0	0
EHM034720|EHA02359_bin.2_gene_210_6	C286	1	1	1	1	1	1	1	1	1	1	1	1	1	1
EHM034720|EHA02359_bin.2_gene_210_7	C286	1	1	1	1	1	1	1	1	1	1	1	1	1	1
EHM034720|EHA02359_bin.2_gene_210_8	C286	1	1	1	1	0	0	0	0	0	0	0	0	0	0
EHM034720|EHA02359_bin.2_gene_210_9	C286	1	1	1	1	0	1	1	0	0	0	1	1	0	0
EHM034720|EHA02359_bin.2_gene_210_10	C286	1	1	1	1	1	1	0	1	1	1	0	1	1	1
EHM034720|EHA02359_bin.2_gene_210_11	C286	1	1	1	1	1	1	1	1	1	1	0	1	1	1
EHM034720|EHA02359_bin.2_gene_211_1	C286	1	1	1	1	0	1	1	1	0	0	0	1	0	0
EHM034720|EHA02359_bin.2_gene_211_2	C286	1	1	1	1	0	1	1	1	1	1	0	0	1	1
EHM034720|EHA02359_bin.2_gene_212_1	C286	1	1	1	1	1	1	1	1	0	0	0	1	0	0
EHM034720|EHA02359_bin.2_gene_212_3	C286	1	1	1	0	0	0	0	0	0	0	0	0	0	0
EHM034720|EHA02359_bin.2_gene_212_4	C286	1	1	1	1	1	1	1	1	0	0	1	1	0	0
EHM034720|EHA02359_bin.2_gene_213_2	C286	1	1	1	1	1	1	1	1	1	1	1	0	1	1
EHM034720|EHA02359_bin.2_gene_214_1	C286	1	1	1	1	0	1	0	1	0	1	0	0	0	0
EHM034720|EHA02359_bin.2_gene_215_1	C286	1	1	1	1	0	1	1	1	0	1	0	0	1	1
EHM034720|EHA02359_bin.2_gene_215_2	C286	1	1	1	1	1	1	1	1	0	0	1	0	0	0
EHM034720|EHA02359_bin.2_gene_215_5	C286	1	1	1	1	1	1	1	1	0	0	1	1	0	0
EHM034720|EHA02359_bin.2_gene_215_6	C286	1	1	1	1	1	1	1	1	0	0	1	1	0	0
EHM034720|EHA02359_bin.2_gene_215_8	C286	1	1	1	1	1	1	0	1	0	0	0	0	0	0
EHM034720|EHA02359_bin.2_gene_215_9	C286	1	1	1	1	1	1	1	1	1	1	0	1	1	1
EHM034720|EHA02359_bin.2_gene_215_10	C286	1	1	1	1	0	1	1	0	0	0	0	0	0	0
EHM034720|EHA02359_bin.2_gene_215_11	C286	1	1	1	1	0	1	1	0	0	1	1	1	0	1
EHM034720|EHA02359_bin.2_gene_216_1	C286	1	1	1	1	1	1	0	1	1	1	0	1	1	1
EHM034720|EHA02359_bin.2_gene_216_3	C286	1	1	1	1	1	1	1	1	1	1	0	1	1	1
EHM034720|EHA02359_bin.2_gene_217_2	C286	1	1	1	0	0	0	1	0	1	0	0	0	1	1
EHM034720|EHA02359_bin.2_gene_217_3	C286	1	1	1	0	0	0	1	0	1	0	0	0	1	1
EHM034720|EHA02359_bin.2_gene_217_6	C286	1	1	1	1	0	1	1	1	0	0	1	1	0	0
EHM034720|EHA02359_bin.2_gene_217_7	C286	1	1	1	1	1	1	0	1	1	1	0	1	1	1
EHM034720|EHA02359_bin.2_gene_217_8	C286	1	1	1	1	1	1	0	0	0	1	0	0	0	1
EHM034720|EHA02359_bin.2_gene_217_9	C286	1	1	1	1	0	1	0	0	0	0	0	0	0	0
EHM034720|EHA02359_bin.2_gene_217_10	C286	1	1	1	1	1	1	1	1	1	1	1	1	1	1
EHM034720|EHA02359_bin.2_gene_217_11	C286	1	1	1	1	1	1	1	1	1	1	1	1	1	1
EHM034720|EHA02359_bin.2_gene_217_12	C286	1	1	1	1	1	1	1	0	1	0	1	1	1	1
EHM034720|EHA02359_bin.2_gene_217_13	C286	1	1	1	1	0	1	1	1	0	0	1	1	0	0
EHM034720|EHA02359_bin.2_gene_217_15	C286	1	1	0	0	0	1	0	0	0	0	0	0	0	0
EHM034720|EHA02359_bin.2_gene_218_1	C286	1	1	1	1	1	1	1	1	1	1	1	1	1	1
EHM034720|EHA02359_bin.2_gene_218_4	C286	1	1	1	1	1	1	1	1	0	0	1	1	0	0
EHM034720|EHA02359_bin.2_gene_219_1	C286	1	1	1	1	1	1	1	1	1	0	0	0	0	0
EHM034720|EHA02359_bin.2_gene_219_3	C286	1	1	1	1	1	1	1	1	1	1	1	0	1	1
EHM034720|EHA02359_bin.2_gene_219_8	C286	1	1	1	1	1	1	1	1	1	0	1	1	0	0
EHM034720|EHA02359_bin.2_gene_219_9	C286	1	1	1	1	1	1	0	1	0	0	0	0	0	0
EHM034720|EHA02359_bin.2_gene_219_10	C286	1	1	1	1	1	1	1	0	0	0	0	1	0	0
EHM034720|EHA02359_bin.2_gene_219_11	C286	1	1	1	1	1	1	1	1	1	1	1	1	1	1
EHM034720|EHA02359_bin.2_gene_219_12	C286	1	1	1	1	1	1	1	1	1	1	1	0	1	1
EHM034720|EHA02359_bin.2_gene_219_13	C286	1	1	1	1	1	1	1	1	1	1	1	1	1	1
EHM034720|EHA02359_bin.2_gene_219_14	C286	1	1	1	1	1	1	1	1	1	0	1	1	1	1
EHM034720|EHA02359_bin.2_gene_219_15	C286	1	1	1	0	1	1	1	1	1	1	1	1	1	1
EHM034720|EHA02359_bin.2_gene_219_17	C286	1	1	1	1	1	1	1	1	0	1	1	1	0	0
EHM034720|EHA02359_bin.2_gene_219_19	C286	1	1	1	1	1	1	1	1	1	1	1	1	1	1
EHM034720|EHA02359_bin.2_gene_219_23	C286	1	1	1	1	0	1	1	0	0	0	0	0	0	0
EHM034720|EHA02359_bin.2_gene_220_1	C286	1	1	1	1	1	1	0	0	0	0	1	1	0	0
EHM034720|EHA02359_bin.2_gene_220_2	C286	1	1	1	1	1	1	1	1	0	0	1	1	0	0
EHM034720|EHA02359_bin.2_gene_220_3	C286	1	1	1	1	1	1	1	0	1	0	1	1	1	1
EHM034720|EHA02359_bin.2_gene_220_4	C286	1	1	1	1	1	1	1	1	1	1	1	1	1	1
EHM034720|EHA02359_bin.2_gene_220_5	C286	1	1	1	1	1	1	1	1	1	1	1	1	1	1
EHM034720|EHA02359_bin.2_gene_220_6	C286	1	1	1	1	1	1	1	1	0	0	1	1	0	1
EHM034720|EHA02359_bin.2_gene_220_7	C286	1	1	1	1	1	1	0	1	0	0	0	1	0	0
EHM034720|EHA02359_bin.2_gene_220_8	C286	1	1	1	1	1	1	1	1	1	1	1	1	1	1
EHM034720|EHA02359_bin.2_gene_220_9	C286	1	1	1	1	1	1	1	1	1	1	1	0	1	1
EHM034720|EHA02359_bin.2_gene_220_10	C286	1	1	1	1	1	1	1	1	1	1	1	1	1	1
EHM034720|EHA02359_bin.2_gene_220_14	C286	1	1	0	0	0	0	0	0	0	0	0	0	0	0
EHM034720|EHA02359_bin.2_gene_220_15	C286	1	1	1	1	1	1	0	0	0	0	0	0	0	0
EHM034720|EHA02359_bin.2_gene_220_16	C286	1	1	1	1	1	1	1	0	1	1	0	0	1	1
EHM034720|EHA02359_bin.2_gene_220_17	C286	1	1	1	1	1	1	1	0	0	0	0	0	0	0
EHM034720|EHA02359_bin.2_gene_220_18	C286	1	1	1	1	1	1	1	1	1	1	0	1	1	1
EHM034720|EHA02359_bin.2_gene_220_19	C286	1	1	1	1	1	1	1	1	1	1	0	1	1	1
EHM034720|EHA02359_bin.2_gene_220_20	C286	1	1	1	1	1	1	1	1	1	1	1	1	1	0
EHM034720|EHA02359_bin.2_gene_220_21	C286	1	1	1	1	1	1	1	1	1	1	1	1	0	0
EHM034720|EHA02359_bin.2_gene_220_22	C286	1	1	1	0	1	1	1	1	1	1	0	0	1	1
EHM034720|EHA02359_bin.2_gene_220_23	C286	1	1	1	0	1	1	1	1	1	1	0	0	1	1
EHM034720|EHA02359_bin.2_gene_220_24	C286	1	1	1	1	1	1	1	1	1	1	1	0	1	1
EHM034720|EHA02359_bin.2_gene_220_25	C286	1	1	1	1	1	0	1	0	0	0	0	0	0	0
EHM034720|EHA02359_bin.2_gene_220_26	C286	1	1	1	1	1	1	1	1	1	1	1	0	1	1
EHM034720|EHA02359_bin.2_gene_220_27	C286	1	1	1	1	1	1	1	1	0	0	1	0	0	0
EHM034720|EHA02359_bin.2_gene_220_29	C286	1	1	1	1	1	1	0	0	0	0	0	0	0	0
EHM034720|EHA02359_bin.2_gene_220_30	C286	1	1	1	1	1	1	1	1	1	0	1	1	1	1
EHM034720|EHA02359_bin.2_gene_220_31	C286	1	1	1	1	1	1	0	1	1	1	1	1	1	1
EHM034720|EHA02359_bin.2_gene_220_32	C286	1	1	1	1	1	1	1	1	1	1	0	1	1	1
EHM034720|EHA02359_bin.2_gene_220_33	C286	1	1	1	1	1	1	1	1	1	1	1	1	1	1
EHM034720|EHA02359_bin.2_gene_220_34	C286	1	1	1	1	1	1	1	1	0	0	1	1	0	0
EHM034720|EHA02359_bin.2_gene_220_36	C286	1	1	1	1	1	1	1	1	1	1	0	1	1	1
EHM034720|EHA02359_bin.2_gene_220_37	C286	1	1	1	1	1	1	1	1	1	0	0	1	1	1
EHM034720|EHA02359_bin.2_gene_221_1	C286	1	1	1	1	1	0	0	0	0	1	1	1	0	0
EHM034720|EHA02359_bin.2_gene_221_3	C286	1	1	1	1	1	0	1	0	1	0	0	0	0	0
EHM034720|EHA02359_bin.2_gene_221_4	C286	1	1	1	1	0	1	0	0	0	0	0	0	0	0
EHM034720|EHA02359_bin.2_gene_221_5	C286	1	1	1	1	0	1	0	0	0	0	0	0	0	0
EHM034720|EHA02359_bin.2_gene_221_6	C286	1	1	1	1	1	1	1	1	1	1	1	1	1	1
EHM034720|EHA02359_bin.2_gene_222_1	C286	1	1	1	1	1	1	1	1	0	0	1	1	0	0
EHM034720|EHA02359_bin.2_gene_222_2	C286	1	1	1	1	0	0	0	0	0	0	0	0	0	0
EHM034720|EHA02359_bin.2_gene_222_3	C286	1	1	1	1	1	1	1	0	0	0	1	1	0	1
EHM034720|EHA02359_bin.2_gene_222_4	C286	1	1	1	1	0	0	0	0	0	0	0	0	0	0
EHM034720|EHA02359_bin.2_gene_222_5	C286	1	1	1	1	1	1	1	1	1	1	1	0	1	1
EHM034720|EHA02359_bin.2_gene_222_6	C286	1	1	1	1	1	1	1	1	1	1	1	0	1	1
EHM034720|EHA02359_bin.2_gene_222_7	C286	1	1	1	1	1	1	1	1	1	1	1	0	1	1
EHM034720|EHA02359_bin.2_gene_223_1	C286	1	1	1	1	1	1	0	1	1	0	0	1	0	1
EHM034720|EHA02359_bin.2_gene_223_2	C286	1	1	1	1	0	1	0	0	0	0	0	0	0	1
EHM034720|EHA02359_bin.2_gene_224_1	C286	1	1	1	1	0	1	1	1	0	0	1	1	0	0
EHM034720|EHA02359_bin.2_gene_224_2	C286	1	1	1	1	1	1	1	1	1	1	1	1	1	1
EHM034720|EHA02359_bin.2_gene_225_4	C286	1	1	1	1	1	1	1	1	1	1	1	1	1	1
EHM034720|EHA02359_bin.2_gene_225_5	C286	1	1	1	1	1	1	1	0	0	0	0	1	1	0
EHM034720|EHA02359_bin.2_gene_225_6	C286	1	1	1	1	1	1	1	1	1	1	1	1	1	1
EHM034720|EHA02359_bin.2_gene_225_7	C286	1	1	1	1	1	1	1	1	1	1	1	1	1	1
EHM034720|EHA02359_bin.2_gene_225_8	C286	1	1	1	1	0	0	0	0	0	0	1	0	0	0
EHM034720|EHA02359_bin.2_gene_225_13	C286	1	1	1	1	1	1	1	1	1	1	1	1	0	0
EHM034720|EHA02359_bin.2_gene_225_14	C286	1	1	1	1	1	1	1	0	0	0	0	1	1	0
EHM034720|EHA02359_bin.2_gene_225_15	C286	1	1	1	1	1	1	1	1	0	1	0	1	0	0
EHM034720|EHA02359_bin.2_gene_226_1	C286	1	1	1	1	1	1	1	1	1	1	1	0	1	1
EHM034720|EHA02359_bin.2_gene_226_2	C286	1	1	1	1	1	1	1	1	1	1	1	1	1	1
EHM034720|EHA02359_bin.2_gene_226_3	C286	1	1	1	1	0	1	1	0	1	1	1	1	1	1
EHM034720|EHA02359_bin.2_gene_226_4	C286	1	1	1	1	0	1	1	1	1	1	1	1	1	1
EHM034720|EHA02359_bin.2_gene_227_2	C286	1	1	1	1	0	1	1	0	1	1	0	1	1	1
EHM034720|EHA02359_bin.2_gene_228_1	C286	1	1	1	1	1	1	0	1	1	1	1	1	1	1
EHM034720|EHA02359_bin.2_gene_228_2	C286	1	1	1	1	1	1	0	0	1	1	0	1	1	0
EHM034720|EHA02359_bin.2_gene_228_3	C286	1	1	1	1	1	1	1	1	1	1	0	0	1	1
EHM034720|EHA02359_bin.2_gene_228_4	C286	1	1	1	1	1	1	1	1	1	1	1	1	1	1
EHM034720|EHA02359_bin.2_gene_228_5	C286	1	1	1	1	1	1	1	1	1	1	1	1	1	1
EHM034720|EHA02359_bin.2_gene_228_6	C286	1	1	1	1	1	1	1	1	1	1	1	0	1	1
EHM034720|EHA02359_bin.2_gene_228_7	C286	1	1	1	1	1	1	1	1	1	1	1	0	1	1
EHM034720|EHA02359_bin.2_gene_228_8	C286	1	1	1	1	1	1	1	1	1	1	1	1	1	1
EHM034720|EHA02359_bin.2_gene_228_9	C286	1	1	1	1	1	1	1	1	1	1	1	1	1	1
EHM034720|EHA02359_bin.2_gene_228_10	C286	1	1	1	1	1	1	1	1	1	1	1	1	1	1
EHM034720|EHA02359_bin.2_gene_228_12	C286	1	1	1	1	1	1	1	1	1	1	0	1	1	1
EHM034720|EHA02359_bin.2_gene_229_1	C286	1	1	1	1	1	1	0	0	0	1	1	1	0	1
EHM034720|EHA02359_bin.2_gene_229_2	C286	1	1	1	1	1	1	0	1	1	1	1	1	1	1
EHM034720|EHA02359_bin.2_gene_230_1	C286	1	1	1	1	0	1	0	0	0	0	1	0	0	0
EHM034720|EHA02359_bin.2_gene_230_2	C286	1	1	1	1	0	1	0	1	0	0	0	0	0	0
EHM034720|EHA02359_bin.2_gene_231_1	C286	1	1	1	1	1	1	0	1	1	1	1	1	1	1
EHM034720|EHA02359_bin.2_gene_232_1	C286	1	1	1	1	1	1	1	1	1	1	1	1	1	1
EHM034720|EHA02359_bin.2_gene_232_3	C286	1	1	1	1	1	1	1	0	0	0	1	1	1	0
EHM034720|EHA02359_bin.2_gene_232_4	C286	1	1	1	1	1	1	1	0	1	0	1	1	1	1
EHM034720|EHA02359_bin.2_gene_232_5	C286	1	1	1	1	1	1	1	1	1	1	0	1	1	1
EHM034720|EHA02359_bin.2_gene_232_6	C286	1	1	1	1	1	1	1	1	1	1	1	1	1	1
EHM034720|EHA02359_bin.2_gene_232_7	C286	1	1	1	1	1	1	1	1	1	0	1	1	0	1
EHM034720|EHA02359_bin.2_gene_233_1	C286	1	1	1	1	1	1	1	1	1	1	1	1	1	1
EHM034720|EHA02359_bin.2_gene_233_2	C286	1	1	1	1	1	1	1	1	1	1	1	1	1	1
EHM034720|EHA02359_bin.2_gene_233_3	C286	1	1	1	1	1	0	1	1	0	1	1	1	1	1
EHM034720|EHA02359_bin.2_gene_233_4	C286	1	1	1	1	1	1	0	0	0	0	0	0	0	0
EHM034720|EHA02359_bin.2_gene_233_5	C286	1	1	1	1	1	1	1	1	1	1	1	0	1	1
EHM034720|EHA02359_bin.2_gene_233_6	C286	1	1	1	1	1	1	1	1	1	1	1	1	1	1
EHM034720|EHA02359_bin.2_gene_233_7	C286	1	1	1	1	1	1	1	1	1	1	1	1	1	1
EHM034720|EHA02359_bin.2_gene_234_2	C286	1	1	1	1	1	1	1	0	0	0	1	1	1	1
EHM034720|EHA02359_bin.2_gene_234_3	C286	1	1	1	1	1	1	1	0	0	0	1	1	1	0
EHM034720|EHA02359_bin.2_gene_235_2	C286	1	1	1	1	1	1	0	0	0	0	1	0	0	0
EHM034720|EHA02359_bin.2_gene_235_3	C286	1	1	1	1	1	1	0	0	0	0	1	0	0	0
EHM034720|EHA02359_bin.2_gene_236_1	C286	1	1	1	1	1	1	1	1	1	0	1	1	1	1
EHM034720|EHA02359_bin.2_gene_236_3	C286	1	1	1	1	1	1	1	1	1	0	1	1	1	1
EHM034720|EHA02359_bin.2_gene_236_5	C286	1	1	1	1	1	1	0	0	0	0	0	0	0	0
EHM034720|EHA02359_bin.2_gene_236_6	C286	1	1	1	1	1	1	0	1	1	1	1	1	1	1
EHM034720|EHA02359_bin.2_gene_236_7	C286	1	1	1	1	1	1	1	1	1	0	1	1	1	1
EHM034720|EHA02359_bin.2_gene_237_1	C286	1	1	1	1	1	1	1	1	1	1	1	1	1	1
EHM034720|EHA02359_bin.2_gene_237_2	C286	1	1	1	1	1	1	0	1	1	1	1	1	1	1
EHM034720|EHA02359_bin.2_gene_237_3	C286	1	1	1	1	1	1	0	1	1	1	1	1	1	1
EHM034720|EHA02359_bin.2_gene_238_1	C286	1	1	1	1	1	0	0	1	1	1	0	1	1	1
EHM034720|EHA02359_bin.2_gene_238_2	C286	1	1	1	1	1	1	1	1	1	1	1	1	1	1
EHM034720|EHA02359_bin.2_gene_238_3	C286	1	1	1	1	1	1	1	1	1	1	1	1	1	1
EHM034720|EHA02359_bin.2_gene_238_4	C286	1	1	1	1	1	0	0	0	0	0	0	1	0	0
EHM034720|EHA02359_bin.2_gene_240_1	C286	1	1	1	1	1	1	1	1	1	1	1	1	1	1
EHM034720|EHA02359_bin.2_gene_240_2	C286	1	1	1	1	1	1	1	1	1	1	1	1	1	1
EHM034720|EHA02359_bin.2_gene_240_3	C286	1	1	0	1	1	1	1	1	1	1	1	1	1	1
EHM034720|EHA02359_bin.2_gene_240_4	C286	1	1	1	1	1	1	1	1	1	1	1	1	1	1
EHM034720|EHA02359_bin.2_gene_240_5	C286	1	1	1	1	1	1	0	0	0	0	0	0	1	0
EHM034720|EHA02359_bin.2_gene_241_1	C286	1	1	1	1	1	1	0	0	0	0	1	0	0	0
EHM034720|EHA02359_bin.2_gene_241_2	C286	1	1	1	1	1	1	0	1	0	0	1	1	0	0
EHM034720|EHA02359_bin.2_gene_241_3	C286	1	1	1	1	1	1	0	1	0	0	1	1	0	0
EHM034720|EHA02359_bin.2_gene_241_4	C286	1	1	1	1	1	1	0	1	0	0	1	1	0	0
EHM034720|EHA02359_bin.2_gene_241_5	C286	1	1	1	1	1	1	0	1	0	0	1	1	0	0
EHM034720|EHA02359_bin.2_gene_242_1	C286	1	1	1	1	0	0	0	0	0	0	0	0	0	0
EHM034720|EHA02359_bin.2_gene_243_7	C286	1	1	1	1	0	0	0	0	0	0	0	0	0	0
EHM034720|EHA02359_bin.2_gene_243_8	C286	1	1	0	1	0	0	0	0	1	1	0	0	0	0
EHM034720|EHA02359_bin.2_gene_244_2	C286	1	1	1	1	1	1	1	1	1	1	1	1	1	1
EHM034720|EHA02359_bin.2_gene_244_3	C286	1	1	1	1	1	1	1	1	1	1	1	1	1	1
EHM034720|EHA02359_bin.2_gene_244_4	C286	1	1	1	1	1	1	1	1	1	1	0	1	0	1
EHM034720|EHA02359_bin.2_gene_244_5	C286	1	1	1	1	0	1	0	0	0	0	0	0	0	0
EHM034720|EHA02359_bin.2_gene_244_6	C286	1	1	1	1	1	1	1	1	1	1	0	1	1	1
EHM034720|EHA02359_bin.2_gene_244_7	C286	1	1	1	1	1	1	1	1	1	1	1	1	1	1
EHM034720|EHA02359_bin.2_gene_244_8	C286	1	1	1	1	1	1	1	1	1	1	1	1	1	1
EHM034720|EHA02359_bin.2_gene_244_9	C286	1	1	1	1	1	1	1	1	1	1	1	1	0	1
EHM034720|EHA02359_bin.2_gene_244_10	C286	1	1	1	1	1	1	1	1	1	1	1	1	1	1
EHM034720|EHA02359_bin.2_gene_244_11	C286	1	1	1	1	1	1	1	1	1	1	1	1	1	1
EHM034720|EHA02359_bin.2_gene_245_1	C286	1	1	1	0	0	0	0	0	0	0	0	0	0	0
EHM034720|EHA02359_bin.2_gene_245_3	C286	1	1	0	1	0	1	1	1	0	0	0	0	0	0
EHM034720|EHA02359_bin.2_gene_246_1	C286	1	1	1	1	1	1	1	1	1	1	1	1	1	1
EHM034720|EHA02359_bin.2_gene_246_2	C286	1	1	1	1	1	1	1	1	0	0	1	1	0	0
EHM034720|EHA02359_bin.2_gene_246_3	C286	1	1	1	1	1	1	1	1	1	1	1	1	1	1
EHM034720|EHA02359_bin.2_gene_246_5	C286	1	1	1	1	1	1	1	1	1	1	1	1	1	1
EHM034720|EHA02359_bin.2_gene_246_6	C286	1	1	1	1	1	1	1	1	1	1	1	1	1	1
EHM034720|EHA02359_bin.2_gene_246_7	C286	1	1	1	1	0	1	0	1	1	1	1	1	1	1
EHM034720|EHA02359_bin.2_gene_246_9	C286	1	1	1	1	1	1	1	1	0	0	1	1	0	0
EHM034720|EHA02359_bin.2_gene_246_10	C286	1	1	1	1	1	1	1	1	0	0	1	0	0	0
EHM034720|EHA02359_bin.2_gene_246_11	C286	1	1	1	1	1	1	1	1	0	0	0	1	0	0
EHM034720|EHA02359_bin.2_gene_246_12	C286	1	1	1	1	1	1	1	1	0	0	1	1	0	0
EHM034720|EHA02359_bin.2_gene_247_4	C286	1	1	1	1	0	1	0	0	0	0	0	0	0	0
EHM034720|EHA02359_bin.2_gene_247_5	C286	1	1	1	1	1	1	1	1	1	1	0	1	1	1
EHM034720|EHA02359_bin.2_gene_247_6	C286	1	1	1	1	1	0	0	0	0	1	0	1	0	0
EHM034720|EHA02359_bin.2_gene_247_7	C286	1	1	1	1	1	1	1	1	0	0	1	1	1	1
EHM034720|EHA02359_bin.2_gene_248_1	C286	1	1	1	1	1	1	0	1	1	1	1	1	1	1
EHM034720|EHA02359_bin.2_gene_248_2	C286	1	1	1	1	1	1	1	1	1	1	1	1	1	1
EHM034720|EHA02359_bin.2_gene_248_3	C286	1	1	1	1	1	1	1	1	1	1	1	1	1	1
EHM034720|EHA02359_bin.2_gene_248_4	C286	1	1	1	1	1	1	1	1	1	1	1	1	1	0
EHM034720|EHA02359_bin.2_gene_248_5	C286	1	1	1	1	1	1	0	1	1	1	1	1	1	1
EHM034720|EHA02359_bin.2_gene_249_1	C286	1	1	0	0	0	0	1	1	1	1	0	0	0	0
EHM034720|EHA02359_bin.2_gene_249_3	C286	1	1	0	0	0	0	0	0	0	0	0	0	0	0
EHM034720|EHA02359_bin.2_gene_250_1	C286	1	1	1	1	1	0	0	0	0	0	0	0	0	0
EHM034720|EHA02359_bin.2_gene_250_3	C286	1	1	1	1	1	1	0	0	0	0	1	1	0	0
EHM034720|EHA02359_bin.2_gene_251_1	C286	1	1	1	1	1	1	1	1	1	1	0	1	1	1
EHM034720|EHA02359_bin.2_gene_251_2	C286	1	1	1	1	1	1	0	1	0	0	1	0	0	0
EHM034720|EHA02359_bin.2_gene_251_3	C286	1	1	1	1	1	1	1	1	1	1	1	0	1	1
EHM034720|EHA02359_bin.2_gene_251_4	C286	1	1	1	1	1	1	1	1	1	1	1	0	1	1
EHM034720|EHA02359_bin.2_gene_251_5	C286	1	1	1	1	0	0	0	0	0	0	0	0	0	0
EHM034720|EHA02359_bin.2_gene_251_6	C286	1	1	1	1	1	1	1	1	1	1	1	1	1	1
EHM034720|EHA02359_bin.2_gene_251_7	C286	1	1	1	0	1	1	0	1	1	1	1	1	1	1
EHM034720|EHA02359_bin.2_gene_251_8	C286	1	1	1	1	1	1	0	1	1	1	0	1	1	1
EHM034720|EHA02359_bin.2_gene_251_10	C286	1	1	1	1	1	1	0	1	1	1	1	1	1	0
EHM034720|EHA02359_bin.2_gene_251_11	C286	1	1	1	1	1	1	0	1	1	1	0	1	1	1
EHM034720|EHA02359_bin.2_gene_251_12	C286	1	1	1	1	1	1	0	1	1	0	1	0	0	0
EHM034720|EHA02359_bin.2_gene_251_13	C286	1	1	1	1	1	1	1	1	1	1	1	1	1	1
EHM034720|EHA02359_bin.2_gene_251_14	C286	1	1	1	0	1	1	1	1	1	1	1	1	1	1
EHM034720|EHA02359_bin.2_gene_251_15	C286	1	1	1	1	1	1	0	1	1	1	1	1	1	1
EHM034720|EHA02359_bin.2_gene_251_16	C286	1	1	1	1	1	1	1	1	1	1	1	1	0	1
EHM034720|EHA02359_bin.2_gene_251_18	C286	1	1	1	1	1	1	1	1	1	1	1	1	1	1
EHM034720|EHA02359_bin.2_gene_251_19	C286	1	1	1	1	1	1	1	1	0	0	1	1	0	0
EHM034720|EHA02359_bin.2_gene_251_20	C286	1	1	1	1	1	0	1	1	1	0	0	1	0	1
EHM034720|EHA02359_bin.2_gene_252_1	C286	1	1	1	1	0	0	1	0	0	0	0	0	0	0
EHM034720|EHA02359_bin.2_gene_252_2	C286	1	1	1	1	1	1	0	0	1	0	1	0	0	0
EHM034720|EHA02359_bin.2_gene_253_1	C286	1	1	1	1	0	1	0	0	0	0	1	0	0	0
EHM034720|EHA02359_bin.2_gene_253_2	C286	1	1	1	1	1	0	0	0	0	0	0	0	0	0
EHM034720|EHA02359_bin.2_gene_253_4	C286	1	1	1	1	1	1	1	0	0	0	1	1	0	1
EHM034720|EHA02359_bin.2_gene_253_5	C286	1	1	1	1	1	1	0	1	1	0	1	1	0	0
EHM034720|EHA02359_bin.2_gene_253_8	C286	1	1	1	1	1	0	0	0	0	0	0	1	0	0
EHM034720|EHA02359_bin.2_gene_254_1	C286	1	1	1	1	1	1	0	1	1	1	0	0	1	1
EHM034720|EHA02359_bin.2_gene_254_2	C286	1	1	1	1	1	1	0	1	1	1	1	1	1	1
EHM034720|EHA02359_bin.2_gene_254_4	C286	1	1	1	1	1	0	1	1	1	1	0	1	1	1
EHM034720|EHA02359_bin.2_gene_254_5	C286	1	1	1	1	1	1	1	1	1	1	0	1	1	1
EHM034720|EHA02359_bin.2_gene_254_6	C286	1	1	1	1	1	1	1	1	1	1	1	1	1	1
EHM034720|EHA02359_bin.2_gene_254_7	C286	1	1	1	1	1	1	1	1	1	1	1	1	1	1
EHM034720|EHA02359_bin.2_gene_254_9	C286	1	1	1	1	1	1	1	1	1	1	1	1	1	1
EHM034720|EHA02359_bin.2_gene_254_10	C286	1	1	1	1	1	1	0	1	1	1	1	1	1	1
EHM034720|EHA02359_bin.2_gene_254_11	C286	1	1	1	1	1	1	0	1	1	1	1	1	0	1
EHM034720|EHA02359_bin.2_gene_254_12	C286	1	1	1	1	1	1	1	1	1	0	0	1	1	1
EHM034720|EHA02359_bin.2_gene_254_13	C286	1	1	1	1	1	1	1	1	1	0	0	1	1	1
EHM034720|EHA02359_bin.2_gene_254_14	C286	1	1	1	1	1	1	1	1	1	1	0	1	1	1
EHM034720|EHA02359_bin.2_gene_254_15	C286	1	1	0	1	1	1	1	1	1	1	1	1	1	1
EHM034720|EHA02359_bin.2_gene_254_17	C286	1	1	1	1	1	1	0	1	1	1	1	0	0	1
EHM034720|EHA02359_bin.2_gene_254_18	C286	1	1	1	1	1	1	0	1	1	1	1	0	0	1
EHM034720|EHA02359_bin.2_gene_254_19	C286	1	1	1	1	0	1	0	0	0	0	0	0	0	0
EHM034720|EHA02359_bin.2_gene_254_20	C286	1	1	1	1	1	0	0	0	0	0	0	0	0	0
EHM034720|EHA02359_bin.2_gene_255_1	C286	1	1	1	1	0	1	1	1	0	0	0	0	0	0
EHM034720|EHA02359_bin.2_gene_255_2	C286	1	1	1	1	1	0	0	0	0	0	0	0	1	1
EHM034720|EHA02359_bin.2_gene_255_3	C286	1	1	0	1	0	0	0	0	0	0	0	0	0	0
EHM034720|EHA02359_bin.2_gene_255_4	C286	1	1	0	0	0	0	0	0	0	0	0	0	0	0
EHM034720|EHA02359_bin.2_gene_255_7	C286	1	1	1	1	1	1	0	0	0	1	0	1	1	0
EHM034720|EHA02359_bin.2_gene_255_9	C286	1	1	1	1	0	1	1	1	1	0	0	1	0	1
EHM034720|EHA02359_bin.2_gene_255_11	C286	1	1	1	1	1	1	1	1	1	1	1	1	1	1
EHM034720|EHA02359_bin.2_gene_255_12	C286	1	1	1	1	1	1	1	1	1	1	1	1	1	1
EHM034720|EHA02359_bin.2_gene_255_13	C286	1	1	1	1	1	1	0	1	1	1	1	1	1	1
EHM034720|EHA02359_bin.2_gene_255_14	C286	1	1	1	1	1	1	0	0	1	0	0	1	1	0
EHM034720|EHA02359_bin.2_gene_255_15	C286	1	1	1	1	1	1	0	0	0	0	0	0	0	0
EHM034720|EHA02359_bin.2_gene_255_16	C286	1	1	1	1	1	1	0	1	0	0	1	1	0	0
EHM034720|EHA02359_bin.2_gene_255_17	C286	1	1	1	1	1	1	0	1	1	1	0	1	1	1
EHM034720|EHA02359_bin.2_gene_255_19	C286	1	1	1	1	1	1	1	1	1	1	0	1	1	1
EHM034720|EHA02359_bin.2_gene_255_22	C286	1	1	1	1	1	1	1	1	1	1	1	1	1	1
EHM034720|EHA02359_bin.2_gene_256_1	C286	1	1	1	1	1	1	0	1	1	1	1	1	1	1
EHM034720|EHA02359_bin.2_gene_256_2	C286	1	1	1	1	1	1	0	1	1	1	1	1	1	1
EHM034720|EHA02359_bin.2_gene_256_3	C286	1	1	1	1	1	0	1	1	0	0	1	1	0	0
EHM034720|EHA02359_bin.2_gene_256_4	C286	1	1	1	1	1	0	0	1	0	0	1	0	0	0
EHM034720|EHA02359_bin.2_gene_256_7	C286	1	1	1	1	1	1	1	1	1	1	1	1	1	1
EHM034720|EHA02359_bin.2_gene_256_8	C286	1	1	1	1	1	1	1	1	1	1	1	0	1	1
EHM034720|EHA02359_bin.2_gene_256_9	C286	1	1	1	1	1	1	0	0	0	0	0	0	0	0
EHM034720|EHA02359_bin.2_gene_256_10	C286	1	1	1	0	1	0	0	0	0	0	0	0	0	0
EHM034720|EHA02359_bin.2_gene_256_11	C286	1	1	1	1	1	1	1	1	0	0	1	1	0	0
EHM034720|EHA02359_bin.2_gene_256_13	C286	1	1	1	1	1	0	0	1	0	1	1	1	1	1
EHM034720|EHA02359_bin.2_gene_256_14	C286	1	1	1	1	1	1	1	1	0	1	1	1	0	0
EHM034720|EHA02359_bin.2_gene_256_15	C286	1	1	1	1	1	1	0	1	1	1	1	1	1	1
UHM1073.23039_R.bin.125|k141_405036_1	C288	0	1	1	1	0	0	0	0	0	0	0	0	0	0
UHM1073.23039_R.bin.125|k141_405036_2	C288	0	1	1	1	0	1	1	0	1	1	1	1	0	0
UHM1073.23039_R.bin.125|k141_405036_3	C288	0	1	1	1	0	0	1	0	0	0	0	0	0	0
UHM1073.23039_R.bin.125|k141_405036_9	C288	0	1	1	1	0	1	1	0	0	0	0	0	0	0
UHM1073.23039_R.bin.125|k141_405036_10	C288	0	1	1	1	0	1	0	0	0	0	0	0	0	0
UHM1073.23039_R.bin.125|k141_405036_13	C288	0	1	1	0	0	0	0	0	0	0	0	0	0	0
UHM1073.23039_R.bin.125|k141_405036_14	C288	0	1	1	0	0	0	0	0	0	0	0	0	0	0
UHM1073.23039_R.bin.125|k141_405036_26	C288	0	1	1	1	0	0	0	0	0	0	0	0	0	0
UHM1073.23039_R.bin.125|k141_405036_28	C288	0	1	1	1	1	1	0	0	1	0	0	0	0	1
UHM1073.23039_R.bin.125|k141_405036_29	C288	0	1	1	1	1	1	0	0	1	0	0	0	0	1
UHM1073.23039_R.bin.125|k141_405036_36	C288	0	1	1	1	0	0	0	0	0	0	0	0	0	0
UHM1073.23039_R.bin.125|k141_405036_40	C288	0	1	1	1	0	0	0	0	0	0	0	0	0	0
UHM1073.23039_R.bin.125|k141_405036_41	C288	0	1	1	1	0	1	0	1	1	0	0	0	0	1
UHM1073.23039_R.bin.125|k141_405036_47	C288	0	1	1	1	0	0	0	0	0	0	0	0	0	0
UHM1073.23039_R.bin.125|k141_405036_48	C288	0	1	1	1	0	0	0	0	1	0	0	0	0	0
UHM1073.23039_R.bin.125|k141_405036_54	C288	0	1	1	1	1	0	1	1	1	1	1	1	1	1
UHM1073.23039_R.bin.125|k141_405036_56	C288	0	1	1	1	0	0	0	0	0	0	1	1	1	1
UHM1073.23039_R.bin.125|k141_405036_58	C288	0	1	1	1	1	1	1	1	0	0	1	1	0	0
UHM1073.23039_R.bin.125|k141_405036_62	C288	0	1	1	1	0	0	0	0	0	0	0	0	0	0
UHM1073.23039_R.bin.125|k141_405036_66	C288	0	1	1	1	1	0	0	0	0	0	0	0	0	0
UHM1073.23039_R.bin.125|k141_405036_67	C288	0	1	1	1	1	0	0	0	0	0	0	0	0	0
UHM1073.23039_R.bin.125|k141_405036_69	C288	0	1	1	1	0	0	0	0	0	0	0	0	0	0
UHM1073.23039_R.bin.125|k141_405036_71	C288	0	1	1	1	0	1	0	0	0	0	0	0	0	0
UHM1073.23039_R.bin.125|k141_405036_72	C288	0	1	1	1	0	0	0	0	0	0	0	0	0	0
UHM1073.23039_R.bin.125|k141_405036_83	C288	0	1	1	1	0	1	0	0	0	0	0	0	0	0
UHM1073.23039_R.bin.125|k141_223244_2	C288	0	1	1	1	0	0	0	0	0	0	1	0	0	0
UHM1073.23039_R.bin.125|k141_223244_4	C288	0	1	1	1	1	1	0	0	0	0	0	1	0	0
UHM1073.23039_R.bin.125|k141_223244_5	C288	0	1	1	1	1	1	1	1	0	0	1	0	0	1
UHM1073.23039_R.bin.125|k141_223244_6	C288	0	1	1	1	0	1	0	0	0	0	0	0	0	0
UHM1073.23039_R.bin.125|k141_223244_7	C288	0	1	1	1	1	1	0	0	0	0	0	0	0	0
UHM1073.23039_R.bin.125|k141_223244_8	C288	0	1	1	1	1	0	0	0	0	0	1	0	0	0
UHM1073.23039_R.bin.125|k141_223244_9	C288	0	1	1	1	0	1	0	0	0	0	0	0	0	0
UHM1073.23039_R.bin.125|k141_223244_10	C288	0	1	1	1	0	0	0	0	0	0	0	0	0	0
UHM1073.23039_R.bin.125|k141_223244_11	C288	0	1	1	1	0	1	1	1	1	1	1	1	0	1
UHM1073.23039_R.bin.125|k141_223244_12	C288	0	1	1	0	0	0	0	0	0	0	0	0	0	0
UHM1073.23039_R.bin.125|k141_223244_13	C288	0	1	1	0	0	1	0	0	0	0	0	0	0	0
UHM1073.23039_R.bin.125|k141_223244_23	C288	0	1	1	1	0	0	0	0	0	0	1	0	0	0
UHM1073.23039_R.bin.125|k141_223244_32	C288	0	1	1	1	1	1	1	1	1	1	1	1	1	1
UHM1073.23039_R.bin.125|k141_223244_38	C288	0	1	1	1	1	1	1	0	1	0	1	1	0	1
UHM1073.23039_R.bin.125|k141_223244_39	C288	0	1	1	0	0	0	0	0	0	0	0	0	0	0
UHM1073.23039_R.bin.125|k141_223244_40	C288	0	1	1	1	0	0	0	0	0	0	0	0	0	0
UHM1073.23039_R.bin.125|k141_223244_41	C288	0	1	1	1	0	1	0	0	0	0	0	0	0	0
UHM1073.23039_R.bin.125|k141_223244_42	C288	0	1	1	1	0	0	0	0	0	0	0	0	0	0
UHM1073.23039_R.bin.125|k141_223244_43	C288	0	1	1	1	0	1	0	0	0	0	0	0	0	0
UHM1073.23039_R.bin.125|k141_223244_56	C288	0	1	1	1	0	1	0	0	0	0	0	0	0	0
UHM1073.23039_R.bin.125|k141_223244_60	C288	0	1	1	1	1	0	0	0	0	0	0	0	0	0
UHM1073.23039_R.bin.125|k141_223244_64	C288	0	1	1	1	0	1	1	1	1	1	1	1	0	1
UHM1073.23039_R.bin.125|k141_223244_69	C288	0	1	1	1	1	1	0	0	0	0	0	0	0	0
UHM1073.23039_R.bin.125|k141_223244_70	C288	0	1	1	1	1	1	0	1	1	0	0	1	1	1
UHM1073.23039_R.bin.125|k141_223244_77	C288	0	1	1	1	0	1	0	0	0	0	0	0	0	0
UHM1073.23039_R.bin.125|k141_223244_78	C288	0	1	1	1	0	1	0	0	0	0	0	0	0	0
UHM1073.23039_R.bin.125|k141_223244_79	C288	0	1	1	1	0	1	0	0	0	0	0	0	0	0
UHM1073.23039_R.bin.125|k141_223244_80	C288	0	1	1	1	0	1	0	0	0	0	0	0	0	0
UHM1073.23039_R.bin.125|k141_223244_89	C288	0	1	1	1	0	0	1	0	0	0	1	0	0	0
UHM1073.23039_R.bin.125|k141_223244_100	C288	0	1	1	1	0	0	0	0	0	0	0	0	0	0
UHM1073.23039_R.bin.125|k141_223244_106	C288	0	1	1	1	0	1	0	0	0	0	0	0	0	0
UHM1073.23039_R.bin.125|k141_223244_108	C288	0	1	1	1	1	1	0	0	0	0	0	0	0	0
UHM1073.23039_R.bin.125|k141_223244_109	C288	0	1	1	1	0	0	0	0	0	0	0	0	0	0
UHM1073.23039_R.bin.125|k141_223244_110	C288	0	1	1	1	1	0	0	0	0	0	0	0	0	0
UHM1073.23039_R.bin.125|k141_223244_113	C288	0	1	1	1	1	0	0	0	0	0	0	1	0	0
UHM1073.23039_R.bin.125|k141_223244_138	C288	0	1	1	1	0	0	0	0	0	0	0	0	0	0
UHM1073.23039_R.bin.125|k141_42250_1	C288	0	1	1	1	1	0	0	0	0	0	0	0	0	0
UHM1073.23039_R.bin.125|k141_42250_3	C288	0	1	1	0	0	0	1	1	1	0	0	1	1	1
UHM1073.23039_R.bin.125|k141_42250_10	C288	0	1	1	1	0	0	0	0	0	0	0	0	0	0
UHM1073.23039_R.bin.125|k141_42250_12	C288	0	1	1	1	0	0	0	0	0	0	0	0	0	0
UHM1073.23039_R.bin.125|k141_42250_20	C288	0	1	1	1	1	0	0	0	0	0	0	0	0	0
UHM1073.23039_R.bin.125|k141_42250_21	C288	0	1	1	1	1	0	0	0	0	0	0	0	0	0
UHM1073.23039_R.bin.125|k141_528162_1	C288	0	1	1	1	0	1	0	1	0	0	0	0	0	0
UHM1073.23039_R.bin.125|k141_528162_7	C288	0	1	1	1	0	0	0	0	0	0	0	0	0	0
UHM1073.23039_R.bin.125|k141_528162_11	C288	0	1	1	0	0	0	0	0	0	0	0	0	0	0
UHM1073.23039_R.bin.125|k141_528162_12	C288	0	1	1	1	1	0	1	0	0	0	1	1	0	0
UHM1073.23039_R.bin.125|k141_387279_1	C288	0	1	1	1	0	1	0	0	0	0	0	0	0	0
UHM1073.23039_R.bin.125|k141_610428_2	C288	0	1	1	1	0	0	0	0	0	0	0	0	0	0
UHM1073.23039_R.bin.125|k141_610428_3	C288	0	1	1	1	0	0	0	0	0	0	0	0	0	0
UHM1073.23039_R.bin.125|k141_610428_4	C288	0	1	1	1	0	0	0	0	0	0	0	0	0	0
UHM1073.23039_R.bin.125|k141_610428_20	C288	0	1	1	1	0	1	0	0	0	0	0	0	0	0
UHM1073.23039_R.bin.125|k141_610428_21	C288	0	1	1	1	0	0	0	0	0	0	0	0	0	0
UHM1073.23039_R.bin.125|k141_610428_23	C288	0	1	1	1	0	0	0	0	0	0	0	0	0	0
UHM1073.23039_R.bin.125|k141_610428_33	C288	0	1	1	0	0	0	0	0	0	0	0	1	0	0
UHM1073.23039_R.bin.125|k141_490033_2	C288	0	1	1	1	1	0	0	1	1	1	1	0	1	1
UHM1073.23039_R.bin.125|k141_490033_13	C288	0	1	1	1	1	0	0	0	0	0	1	1	0	0
UHM1073.23039_R.bin.125|k141_490033_20	C288	0	1	1	1	0	0	0	0	0	0	0	0	0	0
UHM1073.23039_R.bin.125|k141_490033_36	C288	0	1	1	0	0	0	0	0	0	0	0	0	0	0
UHM1073.23039_R.bin.125|k141_490033_37	C288	0	1	1	0	0	0	0	0	0	0	0	0	0	0
UHM1073.23039_R.bin.125|k141_490033_38	C288	0	1	1	0	0	0	0	0	0	0	0	0	0	0
UHM1073.23039_R.bin.125|k141_490033_46	C288	0	1	1	0	0	0	0	0	0	0	0	1	0	0
UHM1073.23039_R.bin.125|k141_490033_50	C288	0	1	1	0	0	0	1	0	0	0	0	0	0	0
UHM1073.23039_R.bin.125|k141_490033_51	C288	0	1	1	0	0	0	1	1	0	0	0	0	0	0
UHM1073.23039_R.bin.125|k141_490033_71	C288	0	1	1	1	0	1	0	0	0	0	0	0	0	0
UHM1073.23039_R.bin.125|k141_490033_72	C288	0	1	1	1	0	1	0	0	0	0	0	0	0	0
UHM1073.23039_R.bin.125|k141_490033_73	C288	0	1	1	1	0	1	0	0	0	0	0	0	0	0
UHM1073.23039_R.bin.125|k141_490033_74	C288	0	1	1	1	0	1	0	0	0	0	0	0	0	0
UHM1073.23039_R.bin.125|k141_490033_75	C288	0	1	1	1	0	1	0	0	0	0	0	0	0	0
UHM1073.23039_R.bin.125|k141_490033_84	C288	0	1	1	1	0	0	0	0	0	0	0	0	0	0
UHM1073.23039_R.bin.125|k141_490033_91	C288	0	1	1	1	0	0	0	0	0	0	0	0	0	0
UHM1073.23039_R.bin.125|k141_490033_93	C288	0	1	1	1	0	0	0	0	0	0	0	0	0	0
UHM1073.23039_R.bin.125|k141_490033_99	C288	0	1	1	1	1	1	0	1	0	0	0	0	0	0
UHM1073.23039_R.bin.125|k141_490033_111	C288	0	1	1	0	0	0	0	0	0	0	0	0	0	0
UHM1073.23039_R.bin.125|k141_490033_112	C288	0	1	1	1	0	0	0	0	0	0	0	0	0	0
UHM1073.23039_R.bin.125|k141_490033_118	C288	0	1	1	1	1	0	0	0	0	0	0	0	0	0
UHM1073.23039_R.bin.125|k141_490033_135	C288	0	1	1	1	0	1	1	1	0	0	1	1	0	0
UHM1073.23039_R.bin.125|k141_490033_139	C288	0	1	1	1	0	0	0	0	0	0	0	0	0	0
UHM1073.23039_R.bin.125|k141_490033_140	C288	0	1	1	1	0	0	0	0	0	0	0	0	0	0
UHM1073.23039_R.bin.125|k141_490033_141	C288	0	1	1	1	1	1	0	1	0	0	0	1	0	0
UHM1073.23039_R.bin.125|k141_490033_142	C288	0	1	1	1	1	1	0	0	0	0	0	0	0	0
UHM1073.23039_R.bin.125|k141_490033_143	C288	0	1	1	1	1	1	0	0	0	0	0	0	0	0
UHM1073.23039_R.bin.125|k141_490033_144	C288	0	1	1	1	0	0	0	0	0	0	0	0	0	0
UHM1073.23039_R.bin.125|k141_490033_155	C288	0	1	1	1	0	0	0	0	0	0	1	0	0	0
UHM1073.23039_R.bin.125|k141_490033_156	C288	0	1	1	1	1	1	1	1	1	1	1	1	1	1
UHM1073.23039_R.bin.125|k141_490033_157	C288	0	1	1	1	1	1	1	1	1	1	1	1	1	1
UHM1073.23039_R.bin.125|k141_490033_168	C288	0	1	1	1	0	0	0	0	0	0	0	0	0	0
UHM1073.23039_R.bin.125|k141_490033_169	C288	0	1	1	1	0	0	0	0	0	0	0	0	0	0
UHM1073.23039_R.bin.125|k141_490033_170	C288	0	1	1	1	0	1	0	0	0	0	0	0	0	0
UHM1073.23039_R.bin.125|k141_490033_181	C288	0	1	1	1	0	0	0	0	0	0	0	0	0	0
UHM1073.23039_R.bin.125|k141_490033_182	C288	0	1	1	1	1	0	1	0	0	0	0	0	0	0
UHM1073.23039_R.bin.125|k141_327978_1	C288	0	1	1	1	0	0	0	0	0	0	0	0	0	0
UHM1073.23039_R.bin.125|k141_327978_2	C288	0	1	1	1	0	0	0	0	0	0	0	0	0	0
UHM1073.23039_R.bin.125|k141_327978_3	C288	0	1	1	0	0	0	0	0	0	0	0	0	0	0
UHM1073.23039_R.bin.125|k141_327978_10	C288	0	1	1	1	0	0	0	0	0	0	0	0	0	0
UHM1073.23039_R.bin.125|k141_327978_13	C288	0	1	1	1	0	0	0	0	0	0	0	0	0	0
UHM1073.23039_R.bin.125|k141_327978_14	C288	0	1	1	1	1	1	1	0	1	1	1	1	1	1
UHM1073.23039_R.bin.125|k141_327978_30	C288	0	1	1	1	1	0	1	0	0	0	1	0	0	0
UHM1073.23039_R.bin.125|k141_327978_31	C288	0	1	1	1	1	0	1	0	0	0	0	0	0	0
UHM1073.23039_R.bin.125|k141_327978_32	C288	0	1	1	1	1	0	1	0	1	1	1	0	1	1
UHM1073.23039_R.bin.125|k141_327978_33	C288	0	1	1	1	1	0	0	0	0	0	1	0	0	0
UHM1073.23039_R.bin.125|k141_327978_41	C288	0	1	1	1	0	1	0	0	0	0	0	0	0	0
UHM1073.23039_R.bin.125|k141_327978_54	C288	0	1	1	1	1	1	1	1	1	1	0	1	1	1
UHM1073.23039_R.bin.125|k141_327978_57	C288	0	1	1	1	0	0	0	0	0	0	0	1	0	0
UHM1073.23039_R.bin.125|k141_327978_61	C288	0	1	1	1	0	0	1	0	1	0	0	0	0	0
UHM1073.23039_R.bin.125|k141_327978_65	C288	0	1	1	1	0	1	0	0	0	0	0	0	0	0
UHM1073.23039_R.bin.125|k141_327978_74	C288	0	1	1	1	1	0	1	0	0	0	0	0	0	1
UHM1073.23039_R.bin.125|k141_327978_84	C288	0	1	1	1	1	1	1	0	0	1	0	0	0	0
UHM1073.23039_R.bin.125|k141_327978_101	C288	0	1	1	1	0	0	0	0	0	0	0	0	0	0
UHM1073.23039_R.bin.125|k141_327978_102	C288	0	1	1	1	0	0	0	0	0	0	0	0	0	0
UHM1073.23039_R.bin.125|k141_327978_103	C288	0	1	1	1	0	0	0	0	0	0	0	0	0	0
UHM1073.23039_R.bin.125|k141_327978_107	C288	0	1	1	0	0	1	0	1	1	1	0	0	1	1
UHM1073.23039_R.bin.125|k141_327978_108	C288	0	1	1	0	0	1	0	0	0	0	0	0	0	0
UHM1073.23039_R.bin.125|k141_327978_121	C288	0	1	1	1	1	1	0	0	1	1	0	0	1	1
UHM1073.23039_R.bin.125|k141_327978_124	C288	0	1	1	1	0	0	0	0	0	0	0	0	0	0
UHM1073.23039_R.bin.125|k141_327978_125	C288	0	1	1	1	1	0	1	0	1	0	1	0	0	1
UHM1073.23039_R.bin.125|k141_327978_126	C288	0	1	1	1	0	0	0	0	0	0	0	0	0	0
UHM1073.23039_R.bin.125|k141_327978_127	C288	0	1	1	1	0	0	0	0	0	0	0	0	0	0
UHM1073.23039_R.bin.125|k141_327978_132	C288	0	1	1	1	0	0	0	0	0	0	0	0	0	0
UHM1073.23039_R.bin.125|k141_327978_135	C288	0	1	1	1	0	0	0	0	0	0	0	0	0	0
UHM1073.23039_R.bin.125|k141_327978_149	C288	0	1	1	1	0	0	0	0	0	0	0	0	0	0
UHM1073.23039_R.bin.125|k141_248016_2	C288	0	1	1	0	0	1	0	0	0	0	0	0	0	0
UHM1073.23039_R.bin.125|k141_248016_3	C288	0	1	1	1	0	1	0	0	0	0	0	0	0	0
UHM1073.23039_R.bin.125|k141_248016_7	C288	0	1	1	1	0	0	0	1	0	0	1	1	0	0
UHM1073.23039_R.bin.125|k141_248022_7	C288	0	1	1	1	0	0	0	0	0	0	0	0	0	1
UHM1073.23039_R.bin.125|k141_227938_5	C288	0	1	1	1	1	0	1	0	0	0	0	1	0	0
UHM1073.23039_R.bin.125|k141_227938_6	C288	0	1	1	1	0	1	0	1	0	0	0	0	0	0
UHM1073.23039_R.bin.125|k141_227938_10	C288	0	1	1	1	0	0	0	0	0	0	1	1	1	0
UHM1073.23039_R.bin.125|k141_227938_13	C288	0	1	1	1	0	0	0	0	0	0	0	0	0	0
UHM1073.23039_R.bin.125|k141_227938_25	C288	0	1	1	1	0	0	0	0	0	1	0	0	0	0
UHM1073.23039_R.bin.125|k141_227938_31	C288	0	1	1	1	0	0	0	1	0	0	0	0	0	0
UHM1073.23039_R.bin.125|k141_227938_32	C288	0	1	1	1	1	0	0	0	0	0	1	1	0	0
UHM1073.23039_R.bin.125|k141_227938_33	C288	0	1	1	1	0	0	0	0	1	1	0	0	0	1
UHM1073.23039_R.bin.125|k141_227938_34	C288	0	1	1	1	0	1	0	0	0	0	0	0	0	0
UHM1073.23039_R.bin.125|k141_227938_39	C288	0	1	1	1	1	0	0	0	0	0	0	0	0	0
UHM1073.23039_R.bin.125|k141_227938_40	C288	0	1	1	1	1	0	0	0	1	1	1	1	1	1
UHM1073.23039_R.bin.125|k141_227938_45	C288	0	1	1	1	1	0	1	0	0	0	1	0	0	1
UHM1073.23039_R.bin.125|k141_227938_57	C288	0	1	1	1	0	0	0	0	0	0	0	0	0	0
UHM1073.23039_R.bin.125|k141_227938_58	C288	0	1	1	0	0	0	0	0	0	0	0	0	0	0
UHM1073.23039_R.bin.125|k141_228062_8	C288	0	1	1	0	0	0	0	0	0	0	0	0	0	0
UHM1073.23039_R.bin.125|k141_228062_11	C288	0	1	1	1	1	1	1	1	1	1	1	0	1	1
UHM1073.23039_R.bin.125|k141_228062_12	C288	0	1	1	1	0	1	0	0	1	0	0	0	1	1
UHM1073.23039_R.bin.125|k141_228062_13	C288	0	1	1	1	0	1	0	0	0	0	0	0	1	1
UHM1073.23039_R.bin.125|k141_228062_14	C288	0	1	1	1	0	1	0	0	0	0	0	0	1	1
UHM1073.23039_R.bin.125|k141_228062_21	C288	0	1	1	1	1	1	1	0	0	0	1	1	0	0
UHM1073.23039_R.bin.125|k141_228062_26	C288	0	1	1	1	0	0	0	0	0	0	0	0	0	0
UHM1073.23039_R.bin.125|k141_228062_28	C288	0	1	1	1	0	1	0	0	0	0	0	0	0	0
UHM1073.23039_R.bin.125|k141_228062_31	C288	0	1	1	1	1	0	0	1	1	1	1	1	1	1
UHM1073.23039_R.bin.125|k141_228062_33	C288	0	1	1	1	1	0	0	0	0	0	0	0	0	1
UHM1073.23039_R.bin.125|k141_228062_34	C288	0	1	1	1	1	1	1	0	1	1	0	0	0	0
UHM1073.23039_R.bin.125|k141_228062_35	C288	0	1	1	1	0	0	0	0	0	0	0	0	0	0
UHM1073.23039_R.bin.125|k141_228062_36	C288	0	1	1	1	0	1	0	0	0	0	0	0	0	0
UHM1073.23039_R.bin.125|k141_228062_40	C288	0	1	1	1	0	0	0	0	0	0	0	0	0	0
UHM1073.23039_R.bin.125|k141_228062_42	C288	0	1	1	1	0	0	0	1	1	1	0	0	0	0
UHM1073.23039_R.bin.125|k141_228062_46	C288	0	1	1	1	0	1	0	1	1	1	0	1	1	1
UHM1073.23039_R.bin.125|k141_228062_49	C288	0	1	1	1	0	0	0	0	0	0	0	0	0	0
UHM1073.23039_R.bin.125|k141_228062_52	C288	0	1	1	1	0	1	0	0	0	0	0	0	0	0
UHM1073.23039_R.bin.125|k141_228062_60	C288	0	1	1	0	0	0	0	0	0	0	0	0	0	0
UHM1073.23039_R.bin.125|k141_228062_61	C288	0	1	1	1	1	0	0	0	0	1	1	0	0	0
UHM1073.23039_R.bin.125|k141_228062_69	C288	0	1	1	1	1	0	0	1	1	0	0	1	0	0
UHM1073.23039_R.bin.125|k141_228062_70	C288	0	1	1	1	1	1	1	1	0	1	0	1	1	1
UHM1073.23039_R.bin.125|k141_228062_82	C288	0	1	1	1	0	0	0	0	0	0	0	0	0	0
UHM1073.23039_R.bin.125|k141_228062_96	C288	0	1	1	1	0	0	1	0	0	0	0	0	0	0
UHM1073.23039_R.bin.125|k141_228062_104	C288	0	1	1	1	0	1	0	0	0	0	0	0	0	0
UHM1073.23039_R.bin.125|k141_228062_109	C288	0	1	1	1	1	1	0	0	0	1	0	0	0	0
UHM1073.23039_R.bin.125|k141_228062_118	C288	0	1	1	1	0	0	0	0	0	0	0	0	0	0
UHM1073.23039_R.bin.125|k141_228062_119	C288	0	1	1	1	0	0	0	0	0	0	0	0	0	0
UHM1073.23039_R.bin.125|k141_228062_122	C288	0	1	1	1	0	0	0	0	0	0	0	0	0	0
UHM1073.23039_R.bin.125|k141_228062_123	C288	0	1	1	1	1	0	0	1	0	0	0	0	0	0
UHM1073.23039_R.bin.125|k141_228062_125	C288	0	1	1	0	1	1	0	0	0	0	0	0	0	0
UHM1073.23039_R.bin.125|k141_228062_126	C288	0	1	1	1	1	1	0	0	0	0	0	0	0	0
UHM1073.23039_R.bin.125|k141_229334_1	C288	0	1	1	1	0	0	0	0	0	0	0	0	0	0
UHM1073.23039_R.bin.125|k141_229334_2	C288	0	1	1	1	0	0	0	0	0	0	0	0	0	0
UHM1073.23039_R.bin.125|k141_471956_1	C288	0	1	1	1	0	1	0	0	0	0	0	0	0	0
UHM1073.23039_R.bin.125|k141_471956_7	C288	0	1	1	0	0	0	0	0	0	0	0	0	0	0
UHM1073.23039_R.bin.125|k141_471956_11	C288	0	1	1	0	0	0	0	0	0	0	0	0	0	0
UHM1073.23039_R.bin.125|k141_471956_20	C288	0	1	1	1	0	0	0	0	0	0	0	0	0	0
UHM1073.23039_R.bin.125|k141_471956_21	C288	0	1	1	1	0	0	0	0	0	0	0	0	0	0
UHM1073.23039_R.bin.125|k141_471956_23	C288	0	1	1	1	0	1	0	0	0	0	0	0	0	0
UHM1073.23039_R.bin.125|k141_471956_26	C288	0	1	1	1	0	0	0	0	0	0	0	0	0	0
UHM1073.23039_R.bin.125|k141_471956_28	C288	0	1	1	1	0	1	0	1	0	1	0	1	0	1
UHM1073.23039_R.bin.125|k141_471956_29	C288	0	1	1	1	1	0	0	0	0	0	0	1	0	0
UHM1073.23039_R.bin.125|k141_392367_15	C288	0	1	1	1	0	1	0	0	0	0	0	0	0	0
UHM1073.23039_R.bin.125|k141_392367_16	C288	0	1	1	1	1	0	0	1	1	1	1	0	0	1
UHM1073.23039_R.bin.125|k141_392367_18	C288	0	1	1	1	0	0	0	0	0	0	0	0	0	0
UHM1073.23039_R.bin.125|k141_392367_19	C288	0	1	1	0	0	0	0	0	0	0	0	0	0	0
UHM1073.23039_R.bin.125|k141_392367_20	C288	0	1	1	0	0	0	0	0	0	0	0	0	1	0
UHM1073.23039_R.bin.125|k141_392367_31	C288	0	1	1	1	1	1	0	0	0	0	1	1	0	0
UHM1073.23039_R.bin.125|k141_392367_33	C288	0	1	1	1	1	1	0	1	1	1	0	0	1	1
UHM1073.23039_R.bin.125|k141_27918_2	C288	0	1	1	1	0	0	0	0	0	0	0	0	0	0
UHM1073.23039_R.bin.125|k141_27918_8	C288	0	1	1	1	0	0	0	0	0	0	0	0	0	0
UHM1073.23039_R.bin.125|k141_27918_9	C288	0	1	1	1	0	0	0	0	0	0	0	0	0	0
UHM1073.23039_R.bin.125|k141_27918_37	C288	0	1	1	0	0	1	0	0	0	0	0	0	0	0
UHM1073.23039_R.bin.125|k141_27918_38	C288	0	1	1	0	0	1	0	0	0	0	0	0	0	0
UHM1073.23039_R.bin.125|k141_27918_39	C288	0	1	1	0	0	1	0	0	0	0	0	0	0	0
UHM1073.23039_R.bin.125|k141_27918_40	C288	0	1	1	0	0	1	0	0	0	0	0	0	0	0
UHM1073.23039_R.bin.125|k141_27918_41	C288	0	1	1	0	0	1	0	0	0	0	0	0	0	0
UHM1073.23039_R.bin.125|k141_27918_42	C288	0	1	1	0	1	1	0	1	0	0	0	0	0	0
UHM1073.23039_R.bin.125|k141_27918_44	C288	0	1	1	0	0	0	0	0	0	0	0	0	0	0
UHM1073.23039_R.bin.125|k141_27918_45	C288	0	1	1	1	0	0	0	0	0	0	0	0	1	0
UHM1073.23039_R.bin.125|k141_27918_49	C288	0	1	1	0	0	0	0	0	0	0	0	0	1	0
UHM1073.23039_R.bin.125|k141_27918_50	C288	0	1	1	0	0	0	0	0	0	0	0	0	0	0
UHM1073.23039_R.bin.125|k141_27918_51	C288	0	1	1	1	0	1	1	0	0	0	0	0	0	0
UHM1073.23039_R.bin.125|k141_27918_71	C288	0	1	1	1	1	1	0	0	0	0	0	0	0	0
UHM1073.23039_R.bin.125|k141_27918_72	C288	0	1	1	0	0	1	0	0	0	0	1	0	0	0
UHM1073.23039_R.bin.125|k141_27918_73	C288	0	1	1	1	1	1	0	0	1	0	1	0	0	0
UHM1073.23039_R.bin.125|k141_27918_74	C288	0	1	1	1	1	1	0	0	0	1	0	0	0	0
UHM1073.23039_R.bin.125|k141_311314_1	C288	0	1	1	1	1	0	0	0	0	0	0	0	0	0
UHM1073.23039_R.bin.125|k141_311314_2	C288	0	1	1	1	1	0	0	1	0	0	1	1	0	0
UHM1073.23039_R.bin.125|k141_311314_3	C288	0	1	1	1	1	0	0	1	0	0	1	1	0	0
UHM1073.23039_R.bin.125|k141_311314_4	C288	0	1	1	1	1	0	0	1	0	0	0	1	0	0
UHM1073.23039_R.bin.125|k141_311314_5	C288	0	1	1	1	1	0	0	1	0	0	0	1	0	0
UHM1073.23039_R.bin.125|k141_311314_6	C288	0	1	1	1	1	0	0	0	0	0	0	1	0	0
UHM1073.23039_R.bin.125|k141_311314_7	C288	0	1	1	1	1	0	0	1	0	0	0	1	0	0
UHM1073.23039_R.bin.125|k141_311314_8	C288	0	1	1	1	1	0	0	1	0	0	0	1	0	0
UHM1073.23039_R.bin.125|k141_311314_9	C288	0	1	1	1	1	0	0	1	0	0	0	1	0	0
UHM1073.23039_R.bin.125|k141_311314_10	C288	0	1	1	1	1	0	0	1	0	0	0	1	0	0
UHM1073.23039_R.bin.125|k141_311314_11	C288	0	1	1	1	1	0	0	1	0	0	1	1	0	0
UHM1073.23039_R.bin.125|k141_311317_11	C288	0	1	1	0	0	0	0	0	0	0	0	0	0	0
UHM1073.23039_R.bin.125|k141_311317_12	C288	0	1	1	0	0	0	0	0	0	0	0	0	0	0
UHM1073.23039_R.bin.125|k141_311317_14	C288	0	1	1	1	1	0	1	1	1	1	0	0	0	1
UHM1073.23039_R.bin.125|k141_311317_28	C288	0	1	1	1	1	0	1	1	0	1	0	0	1	1
UHM1073.23039_R.bin.125|k141_311317_31	C288	0	1	1	1	0	0	0	0	0	0	0	0	0	0
UHM1073.23039_R.bin.125|k141_311317_43	C288	0	1	1	1	0	0	1	1	0	0	1	1	0	0
UHM1073.23039_R.bin.125|k141_311317_46	C288	0	1	1	1	1	0	0	0	0	0	0	0	0	0
UHM1073.23039_R.bin.125|k141_311317_55	C288	0	1	1	1	0	1	0	0	0	0	0	0	0	0
UHM1073.23039_R.bin.125|k141_311317_59	C288	0	1	1	1	0	1	1	0	0	0	0	0	0	0
UHM1073.23039_R.bin.125|k141_311317_61	C288	0	1	1	1	1	1	1	1	1	1	1	1	1	1
UHM1073.23039_R.bin.125|k141_311317_72	C288	0	1	1	1	0	0	0	0	0	0	0	0	0	0
UHM1073.23039_R.bin.125|k141_311317_75	C288	0	1	1	1	0	0	0	0	0	0	1	0	0	0
UHM1073.23039_R.bin.125|k141_311317_76	C288	0	1	1	1	0	0	0	0	0	0	0	0	0	0
UHM1073.23039_R.bin.125|k141_311317_83	C288	0	1	1	1	0	1	0	0	0	0	0	0	0	0
UHM1073.23039_R.bin.125|k141_311317_84	C288	0	1	1	1	0	1	0	0	0	0	0	0	0	0
UHM1073.23039_R.bin.125|k141_311317_85	C288	0	1	1	1	0	1	0	0	0	0	0	0	0	0
UHM1073.23039_R.bin.125|k141_311317_86	C288	0	1	1	1	0	1	0	0	0	0	0	0	0	0
UHM1073.23039_R.bin.125|k141_311317_87	C288	0	1	1	1	0	0	0	0	1	1	0	0	1	0
UHM1073.23039_R.bin.125|k141_311317_90	C288	0	1	1	1	1	1	0	0	0	0	0	0	0	0
UHM1073.23039_R.bin.125|k141_311317_97	C288	0	1	1	1	1	1	0	0	0	0	0	0	0	0
UHM1073.23039_R.bin.125|k141_311317_99	C288	0	1	1	0	0	0	0	0	0	0	0	0	0	0
UHM1073.23039_R.bin.125|k141_311317_100	C288	0	1	1	0	0	0	0	0	0	0	0	0	0	0
UHM1073.23039_R.bin.125|k141_311317_105	C288	0	1	1	1	1	0	0	0	0	0	0	1	0	0
UHM1073.23039_R.bin.125|k141_311317_107	C288	0	1	1	1	0	0	0	0	0	0	0	0	0	0
UHM1073.23039_R.bin.125|k141_311317_108	C288	0	1	1	1	0	0	0	0	0	1	0	0	0	0
UHM1073.23039_R.bin.125|k141_311317_117	C288	0	1	1	1	1	0	1	1	1	1	0	1	1	1
UHM1073.23039_R.bin.125|k141_311317_118	C288	0	1	1	1	1	0	1	1	1	1	0	1	1	1
UHM1073.23039_R.bin.125|k141_311317_124	C288	0	1	1	1	0	1	0	0	0	0	0	1	0	0
UHM1073.23039_R.bin.125|k141_311317_130	C288	0	1	1	1	1	0	1	0	1	0	1	0	0	1
UHM1073.23039_R.bin.125|k141_311317_132	C288	0	1	1	1	0	1	0	1	1	1	0	0	0	1
UHM1073.23039_R.bin.125|k141_311317_133	C288	0	1	1	1	0	0	0	0	0	0	0	0	0	0
UHM1073.23039_R.bin.125|k141_311317_138	C288	0	1	1	1	1	0	0	0	1	0	0	1	1	1
UHM1073.23039_R.bin.125|k141_594944_1	C288	0	1	1	1	0	1	0	0	0	0	0	0	0	0
UHM1073.23039_R.bin.125|k141_594944_4	C288	0	1	1	0	0	0	0	0	0	0	0	0	0	0
UHM1073.23039_R.bin.125|k141_594944_5	C288	0	1	1	1	1	1	1	0	0	0	1	0	0	0
UHM1073.23039_R.bin.125|k141_594944_15	C288	0	1	1	1	0	0	1	1	1	1	0	1	1	1
UHM1073.23039_R.bin.125|k141_594944_16	C288	0	1	1	1	0	1	0	0	0	0	0	0	0	0
UHM1073.23039_R.bin.125|k141_594944_19	C288	0	1	1	1	0	1	0	1	0	0	0	1	0	0
UHM1073.23039_R.bin.125|k141_594944_32	C288	0	1	1	0	0	0	0	0	0	0	0	0	0	0
UHM1073.23039_R.bin.125|k141_594944_34	C288	0	1	1	1	0	0	0	1	0	0	1	1	0	0
UHM1073.23039_R.bin.125|k141_594944_35	C288	0	1	1	1	0	0	0	0	0	0	0	0	0	0
UHM1073.23039_R.bin.125|k141_594944_41	C288	0	1	1	1	1	1	0	0	0	0	0	0	0	0
UHM1073.23039_R.bin.125|k141_594944_42	C288	0	1	1	1	1	1	1	0	0	0	0	0	0	0
UHM1073.23039_R.bin.125|k141_594944_43	C288	0	1	1	1	0	1	0	0	0	0	1	1	0	0
UHM1073.23039_R.bin.125|k141_594944_44	C288	0	1	1	1	1	0	0	0	0	0	1	1	0	0
UHM1073.23039_R.bin.125|k141_594944_45	C288	0	1	1	1	0	0	0	0	0	0	0	0	0	0
UHM1073.23039_R.bin.125|k141_594944_46	C288	0	1	1	1	0	0	0	0	0	0	0	0	0	0
UHM1073.23039_R.bin.125|k141_594944_51	C288	0	1	1	1	0	1	0	0	0	0	0	0	0	0
UHM1073.23039_R.bin.125|k141_594944_54	C288	0	1	1	1	0	0	0	0	0	0	0	0	0	0
UHM1073.23039_R.bin.125|k141_515361_3	C288	0	1	1	1	1	1	1	1	1	1	1	1	1	1
UHM1073.23039_R.bin.125|k141_515361_18	C288	0	1	1	1	1	1	1	0	0	0	1	0	0	0
UHM1073.23039_R.bin.125|k141_515361_19	C288	0	1	1	1	1	0	0	0	0	0	0	0	0	0
UHM1073.23039_R.bin.125|k141_515361_20	C288	0	1	1	1	1	0	0	0	0	0	0	0	1	0
UHM1073.23039_R.bin.125|k141_515361_23	C288	0	1	1	1	1	1	1	1	1	1	0	1	1	1
UHM1073.23039_R.bin.125|k141_515361_27	C288	0	1	1	1	1	0	1	0	0	0	0	1	0	0
UHM1073.23039_R.bin.125|k141_515361_41	C288	0	1	1	1	0	1	1	0	0	0	1	1	0	0
UHM1073.23039_R.bin.125|k141_515361_42	C288	0	1	1	1	1	1	1	1	1	1	0	1	1	1
UHM1073.23039_R.bin.125|k141_515361_43	C288	0	1	1	1	0	0	1	0	0	0	0	0	0	0
UHM1073.23039_R.bin.125|k141_515361_44	C288	0	1	1	1	1	1	1	1	1	1	1	1	1	1
UHM1073.23039_R.bin.125|k141_515361_47	C288	0	1	1	1	1	1	0	0	0	0	1	0	0	0
UHM1073.23039_R.bin.125|k141_515361_53	C288	0	1	1	1	1	0	1	0	0	1	0	0	0	1
UHM1073.23039_R.bin.125|k141_515361_56	C288	0	1	1	1	0	0	0	0	0	0	0	0	0	0
UHM1073.23039_R.bin.125|k141_515361_57	C288	0	1	1	1	0	0	0	0	0	0	0	0	0	0
UHM1073.23039_R.bin.125|k141_515361_60	C288	0	1	1	1	0	0	0	0	0	0	0	0	0	0
UHM1073.23039_R.bin.125|k141_515361_63	C288	0	1	1	1	1	1	0	0	1	1	1	0	1	0
UHM1073.23039_R.bin.125|k141_515361_64	C288	0	1	1	1	0	0	0	0	0	0	0	0	0	0
UHM1073.23039_R.bin.125|k141_515361_65	C288	0	1	1	0	1	0	0	0	0	0	1	0	0	0
UHM1073.23039_R.bin.125|k141_515361_67	C288	0	1	1	1	1	1	1	1	1	1	1	1	0	1
UHM1073.23039_R.bin.125|k141_515361_73	C288	0	1	1	1	0	0	0	0	0	0	0	0	0	0
UHM1073.23039_R.bin.125|k141_515361_79	C288	0	1	1	1	0	1	0	0	0	0	0	0	0	0
UHM1073.23039_R.bin.125|k141_515361_80	C288	0	1	1	1	0	1	0	0	0	0	0	0	0	0
UHM1073.23039_R.bin.125|k141_515361_81	C288	0	1	1	1	1	1	0	0	0	0	0	0	1	1
UHM1073.23039_R.bin.125|k141_515361_82	C288	0	1	1	1	0	1	0	0	0	0	0	0	0	0
UHM1073.23039_R.bin.125|k141_515361_84	C288	0	1	1	1	1	1	1	0	0	0	1	0	0	0
UHM1073.23039_R.bin.125|k141_515361_89	C288	0	1	1	1	1	0	0	0	0	0	0	0	0	0
UHM1073.23039_R.bin.125|k141_515361_90	C288	0	1	1	1	0	1	1	0	0	1	0	0	1	0
UHM1073.23039_R.bin.125|k141_515361_95	C288	0	1	1	1	1	1	1	1	1	1	0	1	1	1
UHM1073.23039_R.bin.125|k141_515361_96	C288	0	1	1	1	1	1	1	1	1	1	0	1	1	1
UHM1073.23039_R.bin.125|k141_515361_99	C288	0	1	1	0	0	0	0	0	0	0	0	0	0	0
UHM1073.23039_R.bin.125|k141_515361_100	C288	0	1	1	0	0	0	0	0	0	0	0	0	0	0
UHM1073.23039_R.bin.125|k141_515361_103	C288	0	1	1	1	0	0	0	0	0	0	0	0	0	0
UHM1073.23039_R.bin.125|k141_515361_104	C288	0	1	1	1	1	0	1	1	1	1	1	1	1	1
UHM1073.23039_R.bin.125|k141_515361_105	C288	0	1	1	1	0	0	1	1	0	0	1	1	0	0
UHM1073.23039_R.bin.125|k141_515361_107	C288	0	1	1	1	0	0	1	1	0	0	1	1	0	0
UHM1073.23039_R.bin.125|k141_515361_108	C288	0	1	1	1	0	0	1	0	0	0	1	1	0	0
UHM1073.23039_R.bin.125|k141_515361_109	C288	0	1	1	1	0	1	1	1	1	0	0	0	1	1
UHM1073.23039_R.bin.125|k141_515361_111	C288	0	1	1	1	0	1	1	0	1	1	1	1	1	1
UHM1073.23039_R.bin.125|k141_515361_113	C288	0	1	1	1	0	1	1	0	1	1	1	1	1	1
UHM1073.23039_R.bin.125|k141_515361_118	C288	0	1	1	1	0	0	0	0	0	0	0	0	0	0
UHM1073.23039_R.bin.125|k141_515361_120	C288	0	1	1	1	1	1	0	0	0	0	1	1	0	0
UHM1073.23039_R.bin.125|k141_515361_130	C288	0	1	1	1	0	0	0	0	0	0	0	0	0	0
UHM1073.23039_R.bin.125|k141_515361_138	C288	0	1	1	1	1	0	0	0	0	0	0	0	0	0
UHM1073.23039_R.bin.125|k141_516198_1	C288	0	1	1	1	0	1	0	0	0	0	0	0	0	0
UHM1073.23039_R.bin.125|k141_516198_17	C288	0	1	1	1	1	1	1	1	0	0	1	0	0	1
UHM1073.23039_R.bin.125|k141_516198_18	C288	0	1	1	1	1	1	0	0	0	0	0	0	0	0
UHM1073.23039_R.bin.125|k141_516198_20	C288	0	1	1	1	0	1	0	0	0	0	0	0	0	0
UHM1073.23039_R.bin.125|k141_516198_22	C288	0	1	1	1	0	0	0	0	0	0	0	1	0	0
UHM1073.23039_R.bin.125|k141_516198_23	C288	0	1	1	1	0	0	0	0	0	0	0	0	0	0
UHM1073.23039_R.bin.125|k141_516198_25	C288	0	1	1	0	0	0	0	0	0	0	0	0	0	0
UHM1073.23039_R.bin.125|k141_516198_27	C288	0	1	1	1	1	1	0	1	1	1	1	1	1	1
UHM1073.23039_R.bin.125|k141_516198_29	C288	0	1	1	0	0	0	0	0	0	0	0	0	0	0
UHM1073.23039_R.bin.125|k141_516198_30	C288	0	1	1	1	0	0	0	1	0	0	0	0	0	0
UHM1073.23039_R.bin.125|k141_516198_31	C288	0	1	1	1	0	0	0	0	0	0	0	0	0	0
UHM1073.23039_R.bin.125|k141_516198_36	C288	0	1	1	1	1	1	0	0	0	0	0	0	0	0
UHM1073.23039_R.bin.125|k141_516198_37	C288	0	1	1	1	1	1	0	0	0	0	0	1	0	0
UHM1073.23039_R.bin.125|k141_516198_38	C288	0	1	1	1	0	0	0	0	0	1	0	0	0	1
UHM1073.23039_R.bin.125|k141_516198_41	C288	0	1	1	1	0	1	1	0	0	0	1	0	0	0
UHM1073.23039_R.bin.125|k141_516198_42	C288	0	1	1	1	0	0	1	0	0	0	0	0	0	0
UHM1073.23039_R.bin.125|k141_516198_47	C288	0	1	1	1	0	1	0	0	0	0	0	0	0	0
UHM1073.23039_R.bin.125|k141_516198_48	C288	0	1	1	0	0	0	0	0	0	0	0	0	0	0
UHM1073.23039_R.bin.125|k141_516198_49	C288	0	1	1	0	0	0	0	0	0	0	0	0	0	0
UHM1073.23039_R.bin.125|k141_516198_52	C288	0	1	1	1	0	0	0	0	0	0	0	0	0	0
UHM1073.23039_R.bin.125|k141_333189_12	C288	0	1	1	1	0	0	0	0	0	0	0	0	0	0
UHM1073.23039_R.bin.125|k141_333189_15	C288	0	1	1	1	0	1	0	0	0	0	0	0	0	0
UHM1073.23039_R.bin.125|k141_333189_19	C288	0	1	1	1	1	0	0	0	0	0	0	0	0	0
UHM1073.23039_R.bin.125|k141_333189_20	C288	0	1	1	1	0	0	0	0	0	0	0	0	0	0
UHM1073.23039_R.bin.125|k141_333189_22	C288	0	1	1	1	1	1	1	0	0	0	1	1	0	0
UHM1073.23039_R.bin.125|k141_333189_31	C288	0	1	1	1	0	0	0	0	0	0	0	0	0	0
UHM1073.23039_R.bin.125|k141_333189_32	C288	0	1	1	1	0	0	0	0	0	0	0	0	0	0
UHM1073.23039_R.bin.125|k141_333189_33	C288	0	1	1	0	0	0	0	0	0	0	0	0	0	0
UHM1073.23039_R.bin.125|k141_333189_34	C288	0	1	1	0	0	0	0	0	0	0	0	0	0	0
UHM1073.23039_R.bin.125|k141_333189_35	C288	0	1	1	1	0	0	1	0	0	0	0	0	0	0
UHM1073.23039_R.bin.125|k141_333189_36	C288	0	1	1	1	0	1	0	0	0	0	0	1	0	0
UHM1073.23039_R.bin.125|k141_333189_39	C288	0	1	1	1	1	0	0	0	0	0	0	1	0	0
UHM1073.23039_R.bin.125|k141_333189_40	C288	0	1	1	1	0	1	0	0	0	0	1	0	0	0
UHM1073.23039_R.bin.125|k141_333189_47	C288	0	1	1	1	0	0	0	0	0	0	0	0	0	0
UHM1073.23039_R.bin.125|k141_333189_48	C288	0	1	1	1	0	0	0	0	0	0	0	0	0	0
UHM1073.23039_R.bin.125|k141_333189_49	C288	0	1	1	1	0	0	0	0	0	0	0	0	0	0
UHM1073.23039_R.bin.125|k141_333189_54	C288	0	1	1	1	0	1	0	0	0	0	0	0	0	0
UHM1073.23039_R.bin.125|k141_333189_55	C288	0	1	1	1	1	0	0	0	0	0	0	1	0	0
UHM1073.23039_R.bin.125|k141_333189_57	C288	0	1	1	1	1	1	0	1	1	1	0	1	1	1
UHM1073.23039_R.bin.125|k141_333189_58	C288	0	1	1	0	0	1	0	0	0	0	1	0	0	0
UHM1073.23039_R.bin.125|k141_333189_59	C288	0	1	1	1	1	1	0	0	0	0	0	1	0	0
UHM1073.23039_R.bin.125|k141_333189_60	C288	0	1	1	1	1	1	0	0	0	0	0	1	0	0
UHM1073.23039_R.bin.125|k141_333189_61	C288	0	1	1	1	1	1	0	0	0	0	0	1	0	1
UHM1073.23039_R.bin.125|k141_333189_62	C288	0	1	1	1	0	0	0	0	0	0	0	0	0	0
UHM1073.23039_R.bin.125|k141_333189_63	C288	0	1	1	1	0	0	0	0	0	0	0	0	0	0
UHM1073.23039_R.bin.125|k141_333189_71	C288	0	1	1	0	0	0	0	0	0	0	0	0	0	0
UHM1073.23039_R.bin.125|k141_333189_77	C288	0	1	1	0	0	0	0	0	0	0	0	0	0	0
UHM1073.23039_R.bin.125|k141_333189_82	C288	0	1	1	1	0	0	0	0	0	0	0	0	0	0
UHM1073.23039_R.bin.125|k141_333189_108	C288	0	1	1	1	0	0	0	0	0	0	0	0	0	0
UHM1073.23039_R.bin.125|k141_215138_1	C288	0	1	1	1	0	0	0	0	0	0	0	0	0	1
UHM1073.23039_R.bin.125|k141_215138_2	C288	0	1	1	1	0	1	0	0	0	0	0	0	0	0
UHM1073.23039_R.bin.125|k141_215138_4	C288	0	1	1	1	0	1	0	0	0	0	0	0	0	0
UHM1073.23039_R.bin.125|k141_215138_6	C288	0	1	1	1	0	0	0	0	1	1	0	0	1	1
UHM1073.23039_R.bin.125|k141_215138_7	C288	0	1	1	1	0	0	1	0	0	0	0	0	0	0
UHM1073.23039_R.bin.125|k141_215138_8	C288	0	1	1	0	0	0	0	0	0	0	0	0	0	0
UHM1073.23039_R.bin.125|k141_293949_1	C288	0	1	1	1	0	0	0	0	0	0	0	0	0	0
UHM1073.23039_R.bin.125|k141_293949_10	C288	0	1	1	1	0	1	0	0	0	0	0	0	0	0
UHM1073.23039_R.bin.125|k141_293949_15	C288	0	1	1	1	0	0	0	0	0	0	0	0	0	0
UHM1073.23039_R.bin.125|k141_293949_18	C288	0	1	1	1	1	0	0	0	0	0	0	0	0	0
UHM1073.23039_R.bin.125|k141_293949_31	C288	0	1	1	1	1	1	0	0	0	0	0	0	0	0
UHM1073.23039_R.bin.125|k141_293949_32	C288	0	1	1	1	0	0	0	0	0	0	0	0	0	0
UHM1073.23039_R.bin.125|k141_293949_37	C288	0	1	1	1	1	1	1	0	1	1	1	1	1	1
UHM1073.23039_R.bin.125|k141_293949_46	C288	0	1	1	1	1	1	1	1	1	1	0	1	1	1
UHM1073.23039_R.bin.125|k141_293949_52	C288	0	1	1	1	0	0	0	0	0	0	0	0	0	0
UHM1073.23039_R.bin.125|k141_293949_55	C288	0	1	1	1	0	0	0	0	0	0	0	0	0	0
UHM1073.23039_R.bin.125|k141_293949_59	C288	0	1	1	1	0	1	0	0	0	0	0	0	0	0
UHM1073.23039_R.bin.125|k141_293949_60	C288	0	1	1	1	0	0	0	0	0	0	0	0	0	0
UHM1073.23039_R.bin.125|k141_293949_63	C288	0	1	1	1	0	0	0	0	1	1	1	1	1	1
UHM1073.23039_R.bin.125|k141_293949_64	C288	0	1	1	1	0	1	0	0	0	0	0	0	0	0
UHM1073.23039_R.bin.125|k141_293949_76	C288	0	1	1	0	0	0	0	0	0	0	0	0	0	0
UHM1073.23039_R.bin.125|k141_293949_81	C288	0	1	1	1	0	0	0	1	0	0	0	1	0	0
UHM1073.23039_R.bin.125|k141_293949_82	C288	0	1	1	1	0	1	1	0	0	1	1	1	0	0
UHM1073.23039_R.bin.125|k141_293949_83	C288	0	1	1	1	0	0	0	1	0	0	0	0	0	0
UHM1073.23039_R.bin.125|k141_293949_84	C288	0	1	1	1	0	0	0	1	0	0	0	0	0	0
UHM1073.23039_R.bin.125|k141_293949_85	C288	0	1	1	1	0	0	0	1	0	0	1	0	0	0
UHM1073.23039_R.bin.125|k141_293949_89	C288	0	1	1	0	0	0	0	0	0	0	0	0	0	0
UHM1073.23039_R.bin.125|k141_215613_3	C288	0	1	1	0	0	0	0	0	0	0	0	0	0	0
UHM1073.23039_R.bin.125|k141_215613_8	C288	0	1	1	1	0	0	0	0	0	0	0	0	0	0
UHM1073.23039_R.bin.125|k141_215613_10	C288	0	1	1	1	0	0	0	0	0	0	0	0	0	0
UHM1073.23039_R.bin.125|k141_215613_11	C288	0	1	1	1	0	1	0	0	0	0	1	0	0	0
UHM1073.23039_R.bin.125|k141_215613_12	C288	0	1	1	1	1	1	0	0	0	0	0	0	0	0
UHM1073.23039_R.bin.125|k141_475898_6	C288	0	1	1	1	1	0	0	0	0	0	0	0	0	0
UHM1073.23039_R.bin.125|k141_475898_8	C288	0	1	1	1	0	0	0	0	0	0	0	0	0	0
UHM1073.23039_R.bin.125|k141_475898_10	C288	0	1	1	1	0	0	0	0	0	0	0	0	0	0
UHM1073.23039_R.bin.125|k141_475898_17	C288	0	1	1	0	0	0	0	0	0	0	0	0	0	0
UHM1073.23039_R.bin.125|k141_475898_18	C288	0	1	1	1	0	0	0	0	0	0	0	0	0	0
UHM1073.23039_R.bin.125|k141_475898_33	C288	0	1	1	1	0	0	0	0	0	0	0	0	0	0
UHM1073.23039_R.bin.125|k141_475898_39	C288	0	1	1	0	1	0	0	0	0	0	0	0	0	0
UHM1073.23039_R.bin.125|k141_475898_41	C288	0	1	1	1	0	0	0	0	1	0	1	0	0	0
UHM1073.23039_R.bin.125|k141_475898_45	C288	0	1	1	1	0	0	0	0	0	0	0	0	0	0
UHM1073.23039_R.bin.125|k141_475898_52	C288	0	1	1	1	0	0	0	0	0	0	0	0	0	0
UHM1073.23039_R.bin.125|k141_475898_53	C288	0	1	1	0	0	1	0	0	0	0	0	0	0	0
UHM1073.23039_R.bin.125|k141_475898_54	C288	0	1	1	1	0	0	0	0	0	0	0	0	0	0
UHM1073.23039_R.bin.125|k141_475898_59	C288	0	1	1	0	0	0	0	0	0	0	0	0	0	0
UHM1073.23039_R.bin.125|k141_475898_60	C288	0	1	1	1	0	0	0	0	1	1	0	0	0	0
UHM1073.23039_R.bin.125|k141_475898_61	C288	0	1	1	1	0	0	0	0	0	0	0	0	0	0
UHM1073.23039_R.bin.125|k141_475898_65	C288	0	1	1	1	0	0	1	0	1	0	0	0	0	0
UHM1073.23039_R.bin.125|k141_475898_66	C288	0	1	1	1	0	1	0	0	0	1	0	1	1	1
UHM1073.23039_R.bin.125|k141_475898_68	C288	0	1	1	1	0	0	1	0	0	0	1	1	0	0
UHM1073.23039_R.bin.125|k141_475898_72	C288	0	1	1	1	0	0	0	0	0	0	0	0	0	0
UHM1073.23039_R.bin.125|k141_475898_79	C288	0	1	1	0	0	0	0	0	0	0	0	0	0	0
UHM1073.23039_R.bin.125|k141_475898_91	C288	0	1	1	1	0	1	0	0	0	0	0	0	0	0
UHM1073.23039_R.bin.125|k141_475898_95	C288	0	1	1	0	1	0	0	0	0	0	0	0	0	0
UHM1073.23039_R.bin.125|k141_334212_2	C288	0	1	1	1	0	0	0	0	0	0	0	0	0	0
UHM1073.23039_R.bin.125|k141_334212_3	C288	0	1	1	1	0	0	0	0	0	0	0	0	0	0
UHM1073.23039_R.bin.125|k141_334212_7	C288	0	1	1	1	0	0	1	1	1	1	0	0	1	1
UHM1073.23039_R.bin.125|k141_334212_9	C288	0	1	1	1	0	1	0	0	0	1	0	0	0	0
UHM1073.23039_R.bin.125|k141_334212_13	C288	0	1	1	1	0	1	1	1	0	0	1	0	0	0
UHM1073.23039_R.bin.125|k141_334212_14	C288	0	1	1	1	0	0	0	0	0	0	0	1	0	0
UHM1073.23039_R.bin.125|k141_334212_15	C288	0	1	1	1	0	0	0	0	0	0	0	0	0	0
UHM1073.23039_R.bin.125|k141_334212_25	C288	0	1	1	1	0	1	0	0	0	0	0	0	0	0
UHM1073.23039_R.bin.125|k141_334212_26	C288	0	1	1	1	0	0	0	0	0	0	0	0	0	0
UHM1073.23039_R.bin.125|k141_334212_27	C288	0	1	1	0	0	0	0	0	1	0	0	0	0	0
UHM1073.23039_R.bin.125|k141_334212_28	C288	0	1	1	0	0	0	0	0	0	0	0	0	0	0
UHM1073.23039_R.bin.125|k141_114434_1	C288	0	1	1	1	0	1	0	0	0	0	0	0	0	0
UHM1073.23039_R.bin.125|k141_114434_2	C288	0	1	1	1	0	1	0	0	0	0	0	0	0	0
UHM1073.23039_R.bin.125|k141_114434_3	C288	0	1	1	1	0	0	0	0	0	0	0	0	0	0
UHM1073.23039_R.bin.125|k141_114434_4	C288	0	1	1	1	0	1	0	0	0	0	0	0	0	0
UHM1073.23039_R.bin.125|k141_114434_5	C288	0	1	1	0	0	1	0	0	0	0	0	0	0	0
UHM1073.23039_R.bin.125|k141_114434_8	C288	0	1	1	0	1	1	1	0	0	0	0	0	0	0
UHM1073.23039_R.bin.125|k141_114434_11	C288	0	1	1	1	0	0	0	0	0	0	0	0	0	0
UHM1073.23039_R.bin.125|k141_114434_20	C288	0	1	1	0	1	0	0	0	0	0	0	0	0	0
UHM1073.23039_R.bin.125|k141_32380_3	C288	0	1	1	1	0	1	0	0	0	0	0	0	1	0
UHM1073.23039_R.bin.125|k141_32380_4	C288	0	1	1	0	0	1	1	0	0	0	0	1	0	0
UHM1073.23039_R.bin.125|k141_32380_5	C288	0	1	1	0	1	0	0	0	0	0	0	0	0	0
UHM1073.23039_R.bin.125|k141_32380_6	C288	0	1	1	1	1	1	1	0	0	0	1	0	0	0
UHM1073.23039_R.bin.125|k141_32380_17	C288	0	1	1	1	0	1	0	0	0	0	0	1	0	0
UHM1073.23039_R.bin.125|k141_32380_18	C288	0	1	1	1	0	0	0	0	0	0	0	0	0	0
UHM1073.23039_R.bin.125|k141_32380_20	C288	0	1	1	1	0	0	0	0	0	0	0	1	0	0
UHM1073.23039_R.bin.125|k141_32380_21	C288	0	1	1	1	0	0	0	0	0	0	0	1	0	0
UHM1073.23039_R.bin.125|k141_32380_22	C288	0	1	1	1	0	0	0	0	0	0	0	0	0	0
UHM1073.23039_R.bin.125|k141_32380_23	C288	0	1	1	1	0	1	1	0	0	0	1	1	0	0
UHM1073.23039_R.bin.125|k141_32380_24	C288	0	1	1	1	0	0	0	0	0	0	1	1	0	0
UHM1073.23039_R.bin.125|k141_32380_26	C288	0	1	1	1	1	1	1	1	1	1	0	1	0	1
UHM1073.23039_R.bin.125|k141_32380_32	C288	0	1	1	1	0	0	0	0	0	0	0	0	0	0
UHM1073.23039_R.bin.125|k141_32380_33	C288	0	1	1	1	1	0	0	0	0	0	0	0	0	0
UHM1073.23039_R.bin.125|k141_32380_34	C288	0	1	1	1	0	0	0	0	0	0	0	0	0	0
UHM1073.23039_R.bin.125|k141_32380_37	C288	0	1	1	1	0	0	0	0	1	1	0	0	1	1
UHM1073.23039_R.bin.125|k141_32380_49	C288	0	1	1	1	1	0	1	1	1	1	1	1	0	1
UHM1073.23039_R.bin.125|k141_32380_50	C288	0	1	1	1	0	0	0	0	0	0	0	1	0	0
UHM1073.23039_R.bin.125|k141_32380_52	C288	0	1	1	1	0	0	0	0	0	0	0	0	0	0
UHM1073.23039_R.bin.125|k141_32380_73	C288	0	1	1	1	1	0	0	0	0	0	0	0	0	0
UHM1073.23039_R.bin.125|k141_32380_74	C288	0	1	1	1	1	0	0	1	0	0	0	0	0	0
UHM1073.23039_R.bin.125|k141_32380_76	C288	0	1	1	0	0	0	0	0	0	0	0	0	0	0
UHM1073.23039_R.bin.125|k141_32380_80	C288	0	1	1	1	0	1	0	0	0	0	0	0	0	0
UHM1073.23039_R.bin.125|k141_32380_81	C288	0	1	1	1	0	1	0	0	0	0	0	0	0	0
UHM1073.23039_R.bin.125|k141_32380_88	C288	0	1	1	1	0	1	0	0	0	0	0	0	0	0
UHM1073.23039_R.bin.125|k141_32380_92	C288	0	1	1	1	1	1	1	0	0	0	1	0	0	0
UHM1073.23039_R.bin.125|k141_32380_94	C288	0	1	1	1	1	1	0	1	0	0	0	1	0	0
UHM1073.23039_R.bin.125|k141_32380_95	C288	0	1	1	1	1	1	0	1	0	0	0	1	0	0
UHM1073.23039_R.bin.125|k141_32380_97	C288	0	1	1	1	0	0	0	0	0	0	0	0	0	0
UHM1073.23039_R.bin.125|k141_32380_99	C288	0	1	1	0	0	1	0	0	0	1	1	1	0	1
UHM1073.23039_R.bin.125|k141_32380_108	C288	0	1	1	1	0	0	0	0	1	0	1	0	0	0
UHM1073.23039_R.bin.125|k141_32380_110	C288	0	1	1	1	0	0	0	0	0	0	1	1	0	0
UHM1073.23039_R.bin.125|k141_32380_111	C288	0	1	1	1	0	0	0	0	0	0	1	1	0	0
UHM1073.23039_R.bin.125|k141_32380_117	C288	0	1	1	1	0	0	0	0	0	0	0	0	0	0
UHM1073.23039_R.bin.125|k141_32380_122	C288	0	1	1	1	1	0	1	1	1	1	1	1	1	1
UHM1073.23039_R.bin.125|k141_32380_123	C288	0	1	1	1	0	0	1	0	0	0	0	0	0	0
UHM1073.23039_R.bin.125|k141_32380_131	C288	0	1	1	1	1	0	1	1	1	1	1	1	1	1
UHM1073.23039_R.bin.125|k141_32380_133	C288	0	1	1	0	0	0	0	0	0	0	0	0	0	0
UHM1073.23039_R.bin.125|k141_32380_135	C288	0	1	1	1	0	1	0	0	0	0	0	1	0	0
UHM1073.23039_R.bin.125|k141_32380_136	C288	0	1	1	1	0	0	0	0	0	0	0	0	0	0
UHM1073.23039_R.bin.125|k141_32380_137	C288	0	1	1	1	0	0	0	0	0	0	0	0	0	0
UHM1073.23039_R.bin.125|k141_32380_138	C288	0	1	1	1	0	0	0	0	1	0	0	0	0	0
UHM1073.23039_R.bin.125|k141_32380_143	C288	0	1	1	1	0	0	0	0	0	0	0	0	0	0
UHM1073.23039_R.bin.125|k141_94909_1	C288	0	1	1	1	0	0	0	0	0	0	0	0	0	0
UHM1073.23039_R.bin.125|k141_94909_2	C288	0	1	1	1	0	0	0	0	0	0	0	0	0	0
UHM1073.23039_R.bin.125|k141_519366_1	C288	0	1	1	1	0	1	0	0	0	0	0	0	0	0
UHM1073.23039_R.bin.125|k141_519366_5	C288	0	1	1	0	0	0	0	0	0	0	0	0	0	0
UHM1073.23039_R.bin.125|k141_519366_7	C288	0	1	1	1	1	1	0	1	1	1	1	1	1	1
UHM1073.23039_R.bin.125|k141_519366_20	C288	0	1	1	1	1	1	0	1	1	1	1	0	1	1
UHM1073.23039_R.bin.125|k141_519366_22	C288	0	1	1	1	0	1	0	0	0	0	0	0	0	0
UHM1073.23039_R.bin.125|k141_519366_23	C288	0	1	1	1	0	1	0	0	0	0	0	0	0	0
UHM1073.23039_R.bin.125|k141_197029_3	C288	0	1	1	1	1	1	0	0	0	0	0	0	0	0
UHM1073.23039_R.bin.125|k141_197029_4	C288	0	1	1	1	0	1	0	0	0	0	0	0	0	0
UHM1073.23039_R.bin.125|k141_197029_11	C288	0	1	1	1	0	1	0	0	0	0	0	0	0	0
UHM1073.23039_R.bin.125|k141_197029_20	C288	0	1	1	1	0	1	0	0	0	0	0	0	0	0
UHM1073.23039_R.bin.125|k141_197029_74	C288	0	1	1	1	1	1	1	0	0	0	0	0	1	0
UHM1073.23039_R.bin.125|k141_197029_75	C288	0	1	1	1	0	0	0	0	0	0	1	0	1	0
UHM1073.23039_R.bin.125|k141_197029_76	C288	0	1	1	1	0	0	0	0	0	0	1	0	0	0
UHM1073.23039_R.bin.125|k141_197029_77	C288	0	1	1	1	0	0	0	0	0	0	1	0	0	0
UHM1073.23039_R.bin.125|k141_158115_2	C288	0	1	1	0	0	0	0	0	0	0	0	0	0	0
UHM1073.23039_R.bin.125|k141_624127_5	C288	0	1	1	0	0	0	0	0	0	0	0	0	0	0
UHM1073.23039_R.bin.125|k141_624127_12	C288	0	1	1	0	1	0	0	0	0	0	0	0	0	0
UHM1073.23039_R.bin.125|k141_624127_13	C288	0	1	1	0	1	0	0	0	0	0	0	0	0	0
UHM1073.23039_R.bin.125|k141_624127_14	C288	0	1	1	0	0	0	1	0	0	0	0	0	0	0
UHM1073.23039_R.bin.125|k141_624127_17	C288	0	1	1	1	1	0	0	0	0	0	0	0	0	0
UHM1073.23039_R.bin.125|k141_624127_21	C288	0	1	1	1	0	1	0	0	0	0	0	0	0	0
UHM1073.23039_R.bin.125|k141_624127_26	C288	0	1	1	1	0	0	0	0	0	0	0	0	0	0
UHM1073.23039_R.bin.125|k141_624127_29	C288	0	1	1	1	1	0	1	0	0	0	0	1	0	0
UHM1073.23039_R.bin.125|k141_624127_30	C288	0	1	1	1	1	0	0	0	0	0	0	0	0	0
UHM1073.23039_R.bin.125|k141_624127_39	C288	0	1	1	1	1	0	0	1	0	0	0	0	0	0
UHM1073.23039_R.bin.125|k141_624127_55	C288	0	1	1	1	1	1	0	1	1	0	0	0	0	0
UHM1073.23039_R.bin.125|k141_624127_58	C288	0	1	1	1	1	1	1	1	0	0	1	0	0	1
UHM1073.23039_R.bin.125|k141_624127_61	C288	0	1	1	0	1	1	0	0	0	0	1	0	0	0
UHM1073.23039_R.bin.125|k141_624127_62	C288	0	1	1	0	0	0	0	0	0	0	0	0	0	0
UHM1073.23039_R.bin.125|k141_624127_63	C288	0	1	1	1	0	0	0	0	0	0	0	0	1	0
UHM1073.23039_R.bin.125|k141_624127_67	C288	0	1	1	1	1	0	0	0	0	0	0	0	0	0
UHM1073.23039_R.bin.125|k141_58351_4	C288	0	1	1	1	0	0	0	0	0	0	0	0	0	0
UHM1073.23039_R.bin.125|k141_58351_7	C288	0	1	1	0	0	0	0	0	0	0	0	0	0	0
UHM1073.23039_R.bin.125|k141_58351_9	C288	0	1	1	1	1	0	0	0	0	0	0	0	0	0
UHM1073.23039_R.bin.125|k141_58351_13	C288	0	1	1	1	0	0	0	0	0	0	0	0	0	0
UHM1073.23039_R.bin.125|k141_58351_14	C288	0	1	1	1	0	0	0	0	0	0	0	0	0	0
UHM1073.23039_R.bin.125|k141_58351_29	C288	0	1	1	1	1	1	0	0	0	0	0	1	0	1
UHM1073.23039_R.bin.125|k141_58351_34	C288	0	1	1	1	0	0	0	0	1	0	0	0	0	1
UHM1073.23039_R.bin.125|k141_58351_35	C288	0	1	1	1	0	0	0	0	0	0	0	0	0	0
UHM1073.23039_R.bin.125|k141_58351_36	C288	0	1	1	1	1	1	0	0	0	0	1	1	0	0
UHM1073.23039_R.bin.125|k141_58351_37	C288	0	1	1	1	0	0	0	0	0	0	0	0	0	0
UHM1073.23039_R.bin.125|k141_58351_38	C288	0	1	1	1	0	0	0	0	0	0	0	0	0	0
UHM1073.23039_R.bin.125|k141_58351_39	C288	0	1	1	1	0	1	0	0	0	0	0	0	0	0
UHM1073.23039_R.bin.125|k141_58351_42	C288	0	1	1	1	0	0	0	0	0	0	0	0	0	0
UHM1073.23039_R.bin.125|k141_58351_47	C288	0	1	1	1	1	0	1	1	1	0	1	1	1	1
UHM1073.23039_R.bin.125|k141_58351_51	C288	0	1	1	1	1	1	0	0	1	0	0	1	0	0
UHM1073.23039_R.bin.125|k141_58351_52	C288	0	1	1	1	0	0	0	0	0	0	0	0	0	0
UHM1073.23039_R.bin.125|k141_58351_57	C288	0	1	1	1	0	1	0	0	0	0	0	0	0	0
UHM1073.23039_R.bin.125|k141_58351_58	C288	0	1	1	1	0	0	0	0	0	0	0	0	0	0
UHM1073.23039_R.bin.125|k141_58351_59	C288	0	1	1	1	0	0	0	0	0	0	0	0	0	0
UHM1073.23039_R.bin.125|k141_58351_60	C288	0	1	1	1	0	0	0	0	0	0	0	0	0	0
UHM1073.23039_R.bin.125|k141_58351_61	C288	0	1	1	1	0	0	0	0	0	0	0	0	0	0
UHM1073.23039_R.bin.125|k141_58351_62	C288	0	1	1	0	0	0	0	0	0	0	0	1	0	0
UHM1073.23039_R.bin.125|k141_58351_64	C288	0	1	1	1	0	0	0	0	0	0	0	0	0	0
UHM1073.23039_R.bin.125|k141_58351_65	C288	0	1	1	0	0	1	0	0	0	0	0	0	0	0
UHM1073.23039_R.bin.125|k141_58351_71	C288	0	1	1	1	1	0	0	0	0	0	0	0	0	0
UHM1073.23039_R.bin.125|k141_58351_72	C288	0	1	1	1	1	0	0	0	0	0	0	0	0	0
UHM1073.23039_R.bin.125|k141_58351_75	C288	0	1	1	1	0	0	0	0	0	0	0	0	0	0
UHM1073.23039_R.bin.125|k141_200691_5	C288	0	1	1	1	1	0	1	1	0	0	1	0	0	0
UHM1073.23039_R.bin.125|k141_200691_18	C288	0	1	1	0	0	0	0	0	0	0	0	0	0	0
UHM1073.23039_R.bin.125|k141_200691_20	C288	0	1	1	1	1	1	1	1	1	1	1	1	1	1
UHM1073.23039_R.bin.125|k141_200691_24	C288	0	1	1	1	0	0	0	1	0	0	1	0	0	0
UHM1073.23039_R.bin.125|k141_200691_25	C288	0	1	1	1	1	0	1	1	1	1	1	1	1	1
UHM1073.23039_R.bin.125|k141_200691_26	C288	0	1	1	1	0	0	0	0	0	0	1	0	0	0
UHM1073.23039_R.bin.125|k141_200691_29	C288	0	1	1	1	0	1	0	0	0	0	0	0	0	0
UHM1073.23039_R.bin.125|k141_200691_30	C288	0	1	1	1	1	1	1	0	0	1	0	0	0	0
UHM1073.23039_R.bin.125|k141_200691_47	C288	0	1	1	1	1	0	0	0	1	0	0	0	0	0
UHM1073.23039_R.bin.125|k141_200691_56	C288	0	1	1	1	0	1	0	0	0	0	0	0	0	0
UHM1073.23039_R.bin.125|k141_200691_62	C288	0	1	1	1	1	1	1	1	1	1	1	1	1	1
UHM1073.23039_R.bin.125|k141_200691_67	C288	0	1	1	1	0	1	0	0	0	0	0	0	0	0
UHM1073.23039_R.bin.125|k141_200691_71	C288	0	1	1	0	1	1	1	0	0	0	1	1	0	0
UHM1073.23039_R.bin.125|k141_200691_82	C288	0	1	1	1	1	1	1	1	1	1	0	1	1	1
UHM1073.23039_R.bin.125|k141_200691_97	C288	0	1	1	0	1	1	0	0	0	1	0	0	1	1
UHM1073.23039_R.bin.125|k141_200691_98	C288	0	1	1	0	1	1	0	0	0	1	0	0	0	1
UHM1073.23039_R.bin.125|k141_200691_99	C288	0	1	1	0	0	0	0	0	0	0	0	0	0	0
UHM1073.23039_R.bin.125|k141_200691_109	C288	0	1	1	1	1	1	1	1	1	0	0	1	0	1
UHM1073.23039_R.bin.125|k141_200691_111	C288	0	1	1	1	1	1	1	1	1	1	1	1	1	1
UHM1073.23039_R.bin.125|k141_200691_112	C288	0	1	1	1	1	1	0	0	0	0	0	1	1	0
UHM1073.23039_R.bin.125|k141_200691_113	C288	0	1	1	1	0	1	0	0	0	0	0	0	0	0
UHM1073.23039_R.bin.125|k141_200691_118	C288	0	1	1	1	0	0	0	1	1	1	1	1	1	1
UHM1073.23039_R.bin.125|k141_200691_120	C288	0	1	1	1	1	0	0	0	0	0	0	0	0	0
UHM1073.23039_R.bin.125|k141_200691_131	C288	0	1	1	1	1	1	1	0	1	0	0	0	0	0
UHM1073.23039_R.bin.125|k141_200691_135	C288	0	1	1	0	0	1	0	0	0	0	0	0	0	0
UHM1073.23039_R.bin.125|k141_200691_148	C288	0	1	1	1	0	0	1	0	0	0	0	1	1	0
UHM1073.23039_R.bin.125|k141_200691_149	C288	0	1	1	1	0	0	1	0	0	0	0	1	0	0
UHM1073.23039_R.bin.125|k141_200691_150	C288	0	1	1	0	0	0	0	0	0	0	0	0	0	0
UHM1073.23039_R.bin.125|k141_200691_151	C288	0	1	1	1	0	1	0	0	0	0	0	0	0	0
EHM034674|EHA02355_bin.24_gene_0_1	C289	0	1	1	1	0	1	0	0	0	0	0	0	0	0
EHM034674|EHA02355_bin.24_gene_0_2	C289	0	1	1	1	0	0	0	0	0	0	0	0	0	0
EHM034674|EHA02355_bin.24_gene_0_3	C289	0	1	1	1	1	1	1	0	1	1	1	0	0	0
EHM034674|EHA02355_bin.24_gene_1_1	C289	0	1	1	1	0	1	0	0	0	0	0	0	0	0
EHM034674|EHA02355_bin.24_gene_1_2	C289	0	1	0	1	0	0	0	0	0	0	0	0	0	0
EHM034674|EHA02355_bin.24_gene_1_3	C289	0	1	0	1	0	0	0	0	0	0	0	0	0	1
EHM034674|EHA02355_bin.24_gene_1_5	C289	0	1	1	1	0	0	0	0	0	0	0	0	0	0
EHM034674|EHA02355_bin.24_gene_1_8	C289	0	1	1	1	0	1	0	0	0	0	0	0	0	0
EHM034674|EHA02355_bin.24_gene_1_9	C289	0	1	1	1	0	0	0	0	0	0	0	0	0	0
EHM034674|EHA02355_bin.24_gene_1_10	C289	0	1	1	1	0	0	0	0	0	0	0	0	0	0
EHM034674|EHA02355_bin.24_gene_1_11	C289	0	1	0	1	0	0	0	0	0	0	1	0	0	0
EHM034674|EHA02355_bin.24_gene_1_12	C289	0	1	0	1	0	0	0	0	0	0	1	0	0	0
EHM034674|EHA02355_bin.24_gene_1_13	C289	0	1	0	1	0	0	0	0	0	0	1	0	0	0
EHM034674|EHA02355_bin.24_gene_1_16	C289	0	1	1	1	0	0	0	0	0	0	0	0	0	0
EHM034674|EHA02355_bin.24_gene_1_17	C289	0	1	1	1	0	0	0	0	1	0	0	0	0	1
EHM034674|EHA02355_bin.24_gene_1_18	C289	0	1	1	1	0	0	0	0	0	0	1	0	0	0
EHM034674|EHA02355_bin.24_gene_3_3	C289	0	1	1	1	0	1	0	0	0	1	0	0	0	0
EHM034674|EHA02355_bin.24_gene_3_5	C289	0	1	1	1	0	0	1	1	1	1	1	1	1	1
EHM034674|EHA02355_bin.24_gene_3_9	C289	0	1	1	1	0	0	0	0	0	0	0	0	0	0
EHM034674|EHA02355_bin.24_gene_3_10	C289	0	1	1	1	0	0	0	0	0	0	0	0	0	0
EHM034674|EHA02355_bin.24_gene_4_1	C289	0	1	1	1	0	0	0	0	0	0	0	0	0	0
EHM034674|EHA02355_bin.24_gene_5_1	C289	0	1	1	1	0	1	0	0	0	0	0	0	0	0
EHM034674|EHA02355_bin.24_gene_5_2	C289	0	1	1	1	0	0	0	0	0	0	0	0	0	0
EHM034674|EHA02355_bin.24_gene_5_4	C289	0	1	1	1	0	1	0	0	0	0	0	0	0	0
EHM034674|EHA02355_bin.24_gene_5_5	C289	0	1	0	1	0	1	0	0	0	0	0	0	0	0
EHM034674|EHA02355_bin.24_gene_6_5	C289	0	1	1	1	1	0	1	1	1	1	0	1	1	1
EHM034674|EHA02355_bin.24_gene_6_6	C289	0	1	1	1	1	0	1	1	1	1	0	1	1	1
EHM034674|EHA02355_bin.24_gene_7_1	C289	0	1	1	1	0	0	0	0	0	0	0	0	0	0
EHM034674|EHA02355_bin.24_gene_7_2	C289	0	1	1	1	0	0	1	1	1	1	0	1	1	1
EHM034674|EHA02355_bin.24_gene_8_1	C289	0	1	1	1	0	0	0	0	0	0	0	0	0	0
EHM034674|EHA02355_bin.24_gene_8_8	C289	0	1	0	1	0	0	0	0	0	0	0	0	0	0
EHM034674|EHA02355_bin.24_gene_9_1	C289	0	1	1	1	1	1	0	0	1	0	0	1	1	1
EHM034674|EHA02355_bin.24_gene_10_2	C289	0	1	1	1	1	0	0	0	0	0	0	1	0	0
EHM034674|EHA02355_bin.24_gene_10_4	C289	0	1	1	1	0	0	0	0	0	0	0	0	0	0
EHM034674|EHA02355_bin.24_gene_10_5	C289	0	1	1	1	0	0	0	0	0	1	0	0	0	0
EHM034674|EHA02355_bin.24_gene_14_2	C289	0	1	1	1	1	0	0	1	0	0	1	1	0	0
EHM034674|EHA02355_bin.24_gene_14_3	C289	0	1	1	1	1	0	0	1	0	0	1	1	0	0
EHM034674|EHA02355_bin.24_gene_14_4	C289	0	1	1	1	1	0	0	1	0	0	1	1	0	0
EHM034674|EHA02355_bin.24_gene_14_5	C289	0	1	1	1	1	0	0	1	0	0	0	1	0	0
EHM034674|EHA02355_bin.24_gene_14_6	C289	0	1	1	1	1	0	0	1	0	0	0	1	0	0
EHM034674|EHA02355_bin.24_gene_14_7	C289	0	1	1	1	1	0	0	0	0	0	0	1	0	0
EHM034674|EHA02355_bin.24_gene_14_8	C289	0	1	1	1	1	0	0	1	0	0	0	1	0	0
EHM034674|EHA02355_bin.24_gene_15_1	C289	0	1	1	1	0	0	0	0	0	0	0	0	0	0
EHM034674|EHA02355_bin.24_gene_16_4	C289	0	1	1	1	1	0	0	0	0	0	0	0	0	0
EHM034674|EHA02355_bin.24_gene_18_1	C289	0	1	1	1	0	0	0	0	0	0	0	0	0	0
EHM034674|EHA02355_bin.24_gene_18_2	C289	0	1	0	1	0	0	0	0	0	0	0	0	0	0
EHM034674|EHA02355_bin.24_gene_19_4	C289	0	1	0	1	0	0	0	0	0	0	0	0	0	0
EHM034674|EHA02355_bin.24_gene_20_2	C289	0	1	0	1	0	0	0	0	0	0	0	0	0	0
EHM034674|EHA02355_bin.24_gene_20_5	C289	0	1	1	1	0	1	0	1	1	1	0	1	1	1
EHM034674|EHA02355_bin.24_gene_21_3	C289	0	1	1	1	0	0	0	0	0	0	0	0	0	0
EHM034674|EHA02355_bin.24_gene_23_1	C289	0	1	1	1	0	0	0	0	0	0	0	0	0	0
EHM034674|EHA02355_bin.24_gene_23_5	C289	0	1	1	1	0	1	0	0	0	0	0	0	0	0
EHM034674|EHA02355_bin.24_gene_23_8	C289	0	1	1	1	0	0	0	0	0	0	0	0	0	0
EHM034674|EHA02355_bin.24_gene_25_3	C289	0	1	1	1	0	1	0	0	0	0	0	0	1	1
EHM034674|EHA02355_bin.24_gene_25_4	C289	0	1	1	1	0	1	0	0	1	0	0	0	1	1
EHM034674|EHA02355_bin.24_gene_25_5	C289	0	1	0	1	0	0	0	0	0	0	0	0	0	0
EHM034674|EHA02355_bin.24_gene_25_6	C289	0	1	1	1	1	1	1	1	1	1	1	0	1	1
EHM034674|EHA02355_bin.24_gene_25_15	C289	0	1	0	1	1	0	0	0	0	0	0	0	0	0
EHM034674|EHA02355_bin.24_gene_27_1	C289	0	1	1	1	1	1	0	0	0	0	0	0	0	0
EHM034674|EHA02355_bin.24_gene_28_2	C289	0	1	1	1	0	1	0	0	0	0	0	0	0	0
EHM034674|EHA02355_bin.24_gene_31_8	C289	0	1	1	1	0	0	0	0	0	0	1	0	0	0
EHM034674|EHA02355_bin.24_gene_32_1	C289	0	1	1	1	0	0	0	1	0	0	1	1	0	0
EHM034674|EHA02355_bin.24_gene_33_1	C289	0	1	1	1	1	0	1	1	1	1	1	1	1	1
EHM034674|EHA02355_bin.24_gene_33_2	C289	0	1	1	1	0	0	0	0	0	0	0	0	0	0
EHM034674|EHA02355_bin.24_gene_33_5	C289	0	1	1	1	0	0	0	0	0	0	0	0	0	0
EHM034674|EHA02355_bin.24_gene_33_11	C289	0	1	1	1	1	0	0	0	0	0	0	0	0	0
EHM034674|EHA02355_bin.24_gene_33_19	C289	0	1	1	1	0	0	0	0	0	0	0	0	0	0
EHM034674|EHA02355_bin.24_gene_33_20	C289	0	1	1	1	0	1	0	0	1	0	0	0	0	0
EHM034674|EHA02355_bin.24_gene_33_22	C289	0	1	1	1	0	1	1	0	0	1	0	1	1	1
EHM034674|EHA02355_bin.24_gene_33_24	C289	0	1	1	1	1	0	0	0	0	0	0	0	0	0
EHM034674|EHA02355_bin.24_gene_33_25	C289	0	1	1	1	1	0	0	0	0	0	0	0	0	0
EHM034674|EHA02355_bin.24_gene_33_30	C289	0	1	1	1	0	0	0	0	0	0	0	0	0	0
EHM034674|EHA02355_bin.24_gene_34_3	C289	0	1	1	1	0	0	0	0	0	0	0	0	0	0
EHM034674|EHA02355_bin.24_gene_34_4	C289	0	1	1	1	0	0	0	0	0	0	0	0	0	0
EHM034674|EHA02355_bin.24_gene_35_5	C289	0	1	0	1	0	0	0	0	0	0	0	0	0	0
EHM034674|EHA02355_bin.24_gene_36_1	C289	0	1	1	1	0	0	0	0	0	0	0	0	0	0
EHM034674|EHA02355_bin.24_gene_36_6	C289	0	1	1	1	0	0	0	0	1	1	0	0	0	0
EHM034674|EHA02355_bin.24_gene_36_7	C289	0	1	1	1	0	0	0	0	0	0	0	0	0	0
EHM034674|EHA02355_bin.24_gene_38_3	C289	0	1	1	1	1	1	0	0	0	0	0	0	0	0
EHM034674|EHA02355_bin.24_gene_39_1	C289	0	1	1	1	0	0	0	0	0	0	0	0	0	0
EHM034674|EHA02355_bin.24_gene_39_2	C289	0	1	1	1	0	0	0	0	0	0	0	0	0	0
EHM034674|EHA02355_bin.24_gene_39_3	C289	0	1	1	1	0	0	0	0	0	0	0	0	0	0
EHM034674|EHA02355_bin.24_gene_40_4	C289	0	1	0	1	0	0	0	0	0	0	0	0	0	0
EHM034674|EHA02355_bin.24_gene_40_5	C289	0	1	0	1	1	0	0	0	1	1	0	0	1	0
EHM034674|EHA02355_bin.24_gene_42_1	C289	0	1	1	1	1	0	0	0	0	0	1	1	0	0
EHM034674|EHA02355_bin.24_gene_44_3	C289	0	1	1	1	0	0	0	0	0	0	0	0	0	0
EHM034674|EHA02355_bin.24_gene_44_4	C289	0	1	0	1	0	0	0	0	0	0	0	0	0	0
EHM034674|EHA02355_bin.24_gene_47_1	C289	0	1	1	1	0	1	0	0	0	0	0	0	0	0
EHM034674|EHA02355_bin.24_gene_47_2	C289	0	1	1	1	0	0	0	0	0	0	0	0	0	0
EHM034674|EHA02355_bin.24_gene_47_6	C289	0	1	1	1	0	1	0	0	0	0	0	0	0	0
EHM034674|EHA02355_bin.24_gene_48_2	C289	0	1	0	1	1	0	0	0	0	0	0	0	0	0
EHM034674|EHA02355_bin.24_gene_48_5	C289	0	1	0	1	0	0	0	0	0	0	0	0	0	0
EHM034674|EHA02355_bin.24_gene_48_6	C289	0	1	1	1	0	0	0	0	0	0	0	0	0	0
EHM034674|EHA02355_bin.24_gene_48_8	C289	0	1	1	1	0	0	0	0	0	0	0	0	0	0
EHM034674|EHA02355_bin.24_gene_50_1	C289	0	1	1	1	1	1	1	1	1	0	1	0	1	1
EHM034674|EHA02355_bin.24_gene_52_1	C289	0	1	0	1	0	0	0	0	0	0	0	0	0	0
EHM034674|EHA02355_bin.24_gene_52_2	C289	0	1	1	1	0	0	0	0	0	0	0	0	0	0
EHM034674|EHA02355_bin.24_gene_52_3	C289	0	1	0	1	0	0	0	0	0	0	0	0	0	0
EHM034674|EHA02355_bin.24_gene_54_1	C289	0	1	1	1	0	1	0	0	0	0	0	0	0	0
EHM034674|EHA02355_bin.24_gene_55_6	C289	0	1	1	1	1	0	1	1	1	1	1	1	1	1
EHM034674|EHA02355_bin.24_gene_55_9	C289	0	1	1	1	0	1	0	0	0	0	0	1	0	0
EHM034674|EHA02355_bin.24_gene_55_10	C289	0	1	1	1	0	0	0	0	0	0	0	0	0	0
EHM034674|EHA02355_bin.24_gene_56_3	C289	0	1	1	1	0	0	0	0	0	0	0	0	0	0
EHM034674|EHA02355_bin.24_gene_58_2	C289	0	1	1	1	1	1	0	0	0	0	1	0	0	0
EHM034674|EHA02355_bin.24_gene_58_4	C289	0	1	1	1	1	1	1	1	1	1	1	1	1	1
EHM034674|EHA02355_bin.24_gene_58_5	C289	0	1	1	1	0	0	1	0	0	0	0	0	0	0
EHM034674|EHA02355_bin.24_gene_58_6	C289	0	1	1	1	1	1	1	1	1	1	0	1	1	1
EHM034674|EHA02355_bin.24_gene_58_7	C289	0	1	1	1	0	1	1	1	0	0	1	1	0	0
EHM034674|EHA02355_bin.24_gene_58_21	C289	0	1	1	1	1	0	1	0	0	0	0	1	0	0
EHM034674|EHA02355_bin.24_gene_58_25	C289	0	1	1	1	1	0	0	1	1	0	0	0	0	0
EHM034674|EHA02355_bin.24_gene_58_27	C289	0	1	1	1	1	0	0	0	0	0	0	0	1	0
EHM034674|EHA02355_bin.24_gene_58_28	C289	0	1	1	1	1	0	0	0	0	0	0	0	0	0
EHM034674|EHA02355_bin.24_gene_58_31	C289	0	1	1	1	1	0	0	0	0	0	0	0	0	0
EHM034674|EHA02355_bin.24_gene_59_1	C289	0	1	1	1	0	0	0	0	0	0	0	0	0	0
EHM034674|EHA02355_bin.24_gene_65_19	C289	0	1	1	1	0	0	0	0	0	0	0	0	0	0
EHM034674|EHA02355_bin.24_gene_65_22	C289	0	1	1	1	1	0	0	0	0	0	0	0	0	0
EHM034674|EHA02355_bin.24_gene_66_5	C289	0	1	0	1	0	1	0	0	0	0	0	0	0	0
EHM034674|EHA02355_bin.24_gene_66_6	C289	0	1	1	1	0	0	0	0	0	0	0	1	0	0
EHM034674|EHA02355_bin.24_gene_66_9	C289	0	1	1	1	1	1	1	1	1	1	0	1	1	1
EHM034674|EHA02355_bin.24_gene_68_7	C289	0	1	1	1	0	0	0	0	0	0	0	0	0	0
EHM034674|EHA02355_bin.24_gene_68_8	C289	0	1	1	1	0	0	0	0	0	0	1	0	0	0
EHM034674|EHA02355_bin.24_gene_68_11	C289	0	1	1	1	0	0	0	0	0	0	0	0	0	0
EHM034674|EHA02355_bin.24_gene_71_4	C289	0	1	1	1	0	0	1	0	1	0	0	0	0	0
EHM034674|EHA02355_bin.24_gene_71_5	C289	0	1	1	1	0	1	0	0	0	1	0	0	1	1
EHM034674|EHA02355_bin.24_gene_72_2	C289	0	1	1	1	1	0	0	0	0	0	0	0	0	0
EHM034674|EHA02355_bin.24_gene_72_10	C289	0	1	1	1	0	0	0	0	0	0	0	0	0	0
EHM034674|EHA02355_bin.24_gene_72_14	C289	0	1	1	1	0	0	0	1	0	0	0	0	0	0
EHM034674|EHA02355_bin.24_gene_72_20	C289	0	1	1	1	0	0	0	1	0	0	0	1	0	0
EHM034674|EHA02355_bin.24_gene_72_21	C289	0	1	1	1	0	0	1	0	0	1	1	1	0	0
EHM034674|EHA02355_bin.24_gene_72_22	C289	0	1	1	1	0	0	0	1	0	0	0	0	0	0
EHM034674|EHA02355_bin.24_gene_72_23	C289	0	1	1	1	0	0	0	0	0	0	0	0	0	0
EHM034674|EHA02355_bin.24_gene_73_1	C289	0	1	1	1	0	1	0	1	1	0	0	0	0	0
EHM034674|EHA02355_bin.24_gene_74_8	C289	0	1	1	1	0	1	0	0	0	0	0	0	0	0
EHM034674|EHA02355_bin.24_gene_75_1	C289	0	1	1	1	1	1	0	0	0	0	0	0	0	0
EHM034674|EHA02355_bin.24_gene_75_3	C289	0	1	1	1	1	1	0	1	1	0	0	1	1	1
EHM034674|EHA02355_bin.24_gene_75_8	C289	0	1	1	1	1	1	0	0	0	0	0	0	0	0
EHM034674|EHA02355_bin.24_gene_77_1	C289	0	1	1	1	0	0	1	0	0	0	0	0	0	0
EHM034674|EHA02355_bin.24_gene_77_2	C289	0	1	0	1	0	0	0	0	0	0	0	0	0	0
EHM034674|EHA02355_bin.24_gene_77_3	C289	0	1	1	1	1	1	1	0	0	0	1	1	0	0
EHM034674|EHA02355_bin.24_gene_78_3	C289	0	1	1	1	0	0	0	0	0	0	0	0	0	0
EHM034674|EHA02355_bin.24_gene_78_14	C289	0	1	0	1	1	0	0	0	0	0	0	0	0	0
EHM034674|EHA02355_bin.24_gene_78_15	C289	0	1	1	1	0	0	0	0	0	0	0	0	0	0
EHM034674|EHA02355_bin.24_gene_78_16	C289	0	1	1	1	0	0	0	0	0	0	0	0	0	0
EHM034674|EHA02355_bin.24_gene_79_1	C289	0	1	1	1	1	0	0	0	0	0	0	0	0	0
EHM034674|EHA02355_bin.24_gene_79_2	C289	0	1	1	1	1	0	1	0	0	0	0	1	0	0
EHM034674|EHA02355_bin.24_gene_79_5	C289	0	1	1	1	0	0	0	0	0	0	0	0	0	0
EHM034674|EHA02355_bin.24_gene_80_3	C289	0	1	1	1	1	1	0	0	0	0	0	0	0	0
EHM034674|EHA02355_bin.24_gene_80_5	C289	0	1	1	1	1	1	0	0	1	0	1	0	0	0
EHM034674|EHA02355_bin.24_gene_82_1	C289	0	1	0	1	1	0	0	1	1	1	0	1	1	1
EHM034674|EHA02355_bin.24_gene_82_2	C289	0	1	1	1	1	1	0	0	0	0	0	0	0	0
EHM034674|EHA02355_bin.24_gene_83_7	C289	0	1	0	1	0	0	0	0	0	0	0	0	0	0
EHM034674|EHA02355_bin.24_gene_84_2	C289	0	1	1	1	0	1	0	0	0	0	0	0	0	0
EHM034674|EHA02355_bin.24_gene_84_3	C289	0	1	1	1	0	1	0	0	0	0	0	0	0	0
EHM034674|EHA02355_bin.24_gene_89_5	C289	0	1	1	1	0	0	1	0	0	0	0	0	0	0
EHM034674|EHA02355_bin.24_gene_92_1	C289	0	1	0	1	0	0	0	0	0	0	0	1	0	0
EHM034674|EHA02355_bin.24_gene_92_4	C289	0	1	1	1	0	0	0	0	0	0	0	0	0	0
EHM034674|EHA02355_bin.24_gene_92_5	C289	0	1	1	1	0	1	0	0	0	0	0	0	0	0
EHM034674|EHA02355_bin.24_gene_92_8	C289	0	1	0	1	0	0	0	0	0	0	0	0	0	0
EHM034674|EHA02355_bin.24_gene_92_9	C289	0	1	0	1	0	0	0	0	0	0	0	0	0	0
EHM034674|EHA02355_bin.24_gene_93_2	C289	0	1	0	1	1	0	0	0	0	0	0	0	0	0
EHM034674|EHA02355_bin.24_gene_94_2	C289	0	1	1	1	0	1	0	0	0	0	0	0	0	0
EHM034674|EHA02355_bin.24_gene_94_3	C289	0	1	1	1	0	1	0	0	0	0	0	0	0	0
EHM034674|EHA02355_bin.24_gene_94_4	C289	0	1	1	1	0	1	0	0	0	0	0	0	0	0
EHM034674|EHA02355_bin.24_gene_94_5	C289	0	1	1	1	0	1	0	0	0	0	0	0	0	0
EHM034674|EHA02355_bin.24_gene_94_6	C289	0	1	1	1	0	1	0	0	0	0	0	0	0	0
EHM034674|EHA02355_bin.24_gene_94_8	C289	0	1	1	1	1	1	0	0	1	0	0	0	0	1
EHM034674|EHA02355_bin.24_gene_95_6	C289	0	1	1	1	1	1	1	0	0	0	0	0	1	0
EHM034674|EHA02355_bin.24_gene_95_7	C289	0	1	1	1	0	0	0	0	0	0	1	0	1	0
EHM034674|EHA02355_bin.24_gene_95_8	C289	0	1	1	1	0	0	0	0	0	0	1	0	0	0
EHM034674|EHA02355_bin.24_gene_95_9	C289	0	1	1	1	0	1	0	0	0	0	1	0	1	0
EHM034674|EHA02355_bin.24_gene_96_1	C289	0	1	1	1	0	0	0	0	0	0	0	0	0	0
EHM034674|EHA02355_bin.24_gene_96_29	C289	0	1	1	1	0	0	0	0	0	0	0	0	0	0
EHM034674|EHA02355_bin.24_gene_96_31	C289	0	1	1	1	0	0	0	0	0	0	0	0	0	0
EHM034674|EHA02355_bin.24_gene_97_2	C289	0	1	1	1	0	1	0	1	1	1	1	1	0	1
EHM034674|EHA02355_bin.24_gene_98_2	C289	0	1	1	1	0	0	1	0	0	0	1	1	0	0
EHM034674|EHA02355_bin.24_gene_98_5	C289	0	1	0	1	0	0	0	0	0	0	0	0	0	0
EHM034674|EHA02355_bin.24_gene_98_7	C289	0	1	1	1	0	0	0	0	0	0	0	0	0	0
EHM034674|EHA02355_bin.24_gene_99_3	C289	0	1	1	1	1	1	0	1	1	1	1	1	1	1
EHM034674|EHA02355_bin.24_gene_99_7	C289	0	1	1	1	0	0	0	0	1	0	0	0	0	1
EHM034674|EHA02355_bin.24_gene_100_7	C289	0	1	1	1	0	0	0	0	0	0	0	0	0	0
EHM034674|EHA02355_bin.24_gene_102_4	C289	0	1	1	1	0	0	0	0	0	0	0	0	1	0
EHM034674|EHA02355_bin.24_gene_102_7	C289	0	1	1	1	0	0	0	0	0	0	0	0	0	0
EHM034674|EHA02355_bin.24_gene_103_1	C289	0	1	1	1	0	1	0	0	0	0	0	0	0	0
EHM034674|EHA02355_bin.24_gene_105_1	C289	0	1	0	1	0	0	0	0	0	0	0	0	0	0
EHM034674|EHA02355_bin.24_gene_105_3	C289	0	1	1	1	0	0	0	0	0	0	0	0	0	0
EHM034674|EHA02355_bin.24_gene_107_1	C289	0	1	0	1	0	0	0	0	0	0	0	0	0	0
EHM034674|EHA02355_bin.24_gene_108_4	C289	0	1	1	1	1	0	0	0	0	0	0	0	0	1
EHM034674|EHA02355_bin.24_gene_109_3	C289	0	1	1	1	1	0	1	0	0	0	1	0	0	0
EHM034674|EHA02355_bin.24_gene_109_4	C289	0	1	1	1	1	0	1	0	0	0	0	0	0	0
EHM034674|EHA02355_bin.24_gene_109_6	C289	0	1	1	1	1	0	0	0	0	0	1	0	0	0
EHM034674|EHA02355_bin.24_gene_110_1	C289	0	1	1	1	0	0	0	0	0	0	0	0	0	0
EHM034674|EHA02355_bin.24_gene_110_4	C289	0	1	1	1	1	1	0	0	0	0	0	1	0	0
EHM034674|EHA02355_bin.24_gene_111_3	C289	0	1	0	1	0	0	1	1	0	0	0	0	0	1
EHM034674|EHA02355_bin.24_gene_112_2	C289	0	1	1	1	0	0	0	0	0	0	1	0	0	0
EHM034674|EHA02355_bin.24_gene_112_4	C289	0	1	0	1	0	0	0	0	0	1	0	1	0	0
EHM034674|EHA02355_bin.24_gene_112_5	C289	0	1	0	1	0	0	0	0	0	1	0	0	0	0
EHM034674|EHA02355_bin.24_gene_113_2	C289	0	1	0	1	0	0	0	0	0	0	0	0	0	0
EHM034674|EHA02355_bin.24_gene_114_1	C289	0	1	1	1	0	0	0	0	0	0	0	0	0	0
EHM034674|EHA02355_bin.24_gene_114_8	C289	0	1	1	1	0	0	0	0	0	0	0	0	0	0
EHM034674|EHA02355_bin.24_gene_115_1	C289	0	1	1	1	0	1	0	0	0	0	0	0	0	0
EHM034674|EHA02355_bin.24_gene_115_4	C289	0	1	1	1	0	0	0	0	0	0	1	0	0	0
EHM034674|EHA02355_bin.24_gene_115_5	C289	0	1	0	1	0	0	0	0	0	0	0	0	0	0
EHM034674|EHA02355_bin.24_gene_115_8	C289	0	1	0	1	1	0	1	0	0	0	1	0	0	0
EHM034674|EHA02355_bin.24_gene_116_1	C289	0	1	0	1	0	0	0	0	0	0	0	0	0	0
EHM034674|EHA02355_bin.24_gene_116_8	C289	0	1	0	1	1	0	0	0	0	0	0	0	1	1
EHM034674|EHA02355_bin.24_gene_116_9	C289	0	1	1	1	0	1	0	0	0	0	0	0	0	0
EHM034674|EHA02355_bin.24_gene_116_10	C289	0	1	1	1	0	1	0	0	0	0	0	0	0	0
EHM034674|EHA02355_bin.24_gene_116_11	C289	0	1	1	1	0	1	0	0	0	0	0	0	0	0
EHM034674|EHA02355_bin.24_gene_116_12	C289	0	1	1	1	0	1	0	0	0	0	0	0	0	0
EHM034674|EHA02355_bin.24_gene_117_1	C289	0	1	0	1	0	0	0	0	0	0	0	0	0	0
EHM034674|EHA02355_bin.24_gene_117_5	C289	0	1	1	1	0	0	0	0	0	0	0	0	0	0
EHM034674|EHA02355_bin.24_gene_119_1	C289	0	1	1	1	0	0	0	0	0	0	0	0	0	0
EHM034674|EHA02355_bin.24_gene_119_2	C289	0	1	1	1	0	1	0	0	0	0	0	0	0	0
EHM034674|EHA02355_bin.24_gene_119_3	C289	0	1	1	1	0	0	0	0	1	1	0	0	1	0
EHM034674|EHA02355_bin.24_gene_119_6	C289	0	1	1	1	1	1	0	0	0	0	0	0	0	0
EHM034674|EHA02355_bin.24_gene_119_13	C289	0	1	1	1	1	1	0	0	0	0	0	0	0	0
EHM034674|EHA02355_bin.24_gene_120_1	C289	0	1	1	1	0	1	0	0	0	0	0	0	0	0
EHM034674|EHA02355_bin.24_gene_120_2	C289	0	1	1	1	0	1	0	0	0	0	0	0	0	0
EHM034674|EHA02355_bin.24_gene_120_3	C289	0	1	0	1	0	0	0	0	0	0	0	0	0	0
EHM034674|EHA02355_bin.24_gene_121_3	C289	0	1	1	1	1	0	0	0	0	0	0	0	0	0
EHM034674|EHA02355_bin.24_gene_122_1	C289	0	1	1	1	0	0	0	0	0	0	1	1	0	0
EHM034674|EHA02355_bin.24_gene_122_2	C289	0	1	1	1	0	0	0	0	0	0	0	0	0	0
EHM034674|EHA02355_bin.24_gene_122_3	C289	0	1	1	1	0	0	0	0	0	0	0	0	0	0
EHM034674|EHA02355_bin.24_gene_122_4	C289	0	1	1	1	0	0	0	0	0	0	0	0	0	0
EHM034674|EHA02355_bin.24_gene_122_5	C289	0	1	1	1	1	0	0	0	0	0	0	1	1	0
EHM034674|EHA02355_bin.24_gene_123_3	C289	0	1	1	1	0	0	0	0	0	0	0	0	0	0
EHM034674|EHA02355_bin.24_gene_123_4	C289	0	1	1	1	0	1	0	1	1	1	0	0	0	1
EHM034674|EHA02355_bin.24_gene_123_5	C289	0	1	1	1	1	0	1	0	1	0	1	0	0	1
EHM034674|EHA02355_bin.24_gene_124_1	C289	0	1	0	1	0	0	0	0	0	0	0	0	0	0
EHM034674|EHA02355_bin.24_gene_124_3	C289	0	1	1	1	1	0	0	1	1	0	0	1	0	0
EHM034674|EHA02355_bin.24_gene_124_4	C289	0	1	1	1	1	1	1	1	0	1	0	1	1	1
EHM034674|EHA02355_bin.24_gene_125_1	C289	0	1	1	1	0	0	0	0	0	0	0	0	0	0
EHM034674|EHA02355_bin.24_gene_126_1	C289	0	1	1	1	0	1	0	1	0	0	0	0	0	0
EHM034674|EHA02355_bin.24_gene_127_3	C289	0	1	1	1	1	1	0	1	0	0	0	1	0	0
EHM034674|EHA02355_bin.24_gene_128_2	C289	0	1	1	1	1	0	0	1	0	0	0	0	0	0
EHM034674|EHA02355_bin.24_gene_128_3	C289	0	1	1	1	0	0	0	0	0	0	0	0	0	0
EHM034674|EHA02355_bin.24_gene_128_6	C289	0	1	1	1	0	0	0	0	0	0	0	0	0	0
EHM034674|EHA02355_bin.24_gene_128_7	C289	0	1	1	1	0	0	0	0	0	0	0	0	0	0
EHM034674|EHA02355_bin.24_gene_128_20	C289	0	1	0	1	1	0	1	0	0	1	0	0	0	1
EHM034674|EHA02355_bin.24_gene_128_23	C289	0	1	1	1	0	0	0	0	0	0	0	0	0	0
EHM034674|EHA02355_bin.24_gene_129_2	C289	0	1	0	1	0	0	0	0	0	0	0	0	0	1
EHM034674|EHA02355_bin.24_gene_129_3	C289	0	1	0	1	0	0	0	0	0	0	0	0	0	0
EHM034674|EHA02355_bin.24_gene_129_6	C289	0	1	1	1	0	1	0	0	0	0	0	0	0	0
EHM034674|EHA02355_bin.24_gene_130_1	C289	0	1	1	1	1	1	1	1	1	1	0	1	1	1
EHM034674|EHA02355_bin.24_gene_130_2	C289	0	1	1	1	0	0	0	0	0	0	1	0	0	0
EHM034674|EHA02355_bin.24_gene_131_2	C289	0	1	1	1	0	0	0	0	0	0	0	0	0	0
EHM034674|EHA02355_bin.24_gene_131_3	C289	0	1	1	1	0	0	0	0	0	0	0	0	0	0
EHM034674|EHA02355_bin.24_gene_131_6	C289	0	1	0	1	0	0	0	0	0	0	0	0	0	0
EHM034674|EHA02355_bin.24_gene_131_8	C289	0	1	0	1	0	0	0	0	0	0	0	0	0	0
EHM034674|EHA02355_bin.24_gene_131_17	C289	0	1	1	1	1	1	1	1	1	1	1	1	1	1
EHM034674|EHA02355_bin.24_gene_131_18	C289	0	1	1	1	1	1	1	1	1	1	1	1	1	1
EHM034674|EHA02355_bin.24_gene_133_1	C289	0	1	0	1	0	0	0	0	0	0	0	0	0	0
EHM034674|EHA02355_bin.24_gene_133_2	C289	0	1	1	1	0	1	0	0	0	0	0	0	0	0
EHM034674|EHA02355_bin.24_gene_133_3	C289	0	1	0	1	0	1	0	0	0	0	0	0	0	0
EHM034674|EHA02355_bin.24_gene_133_4	C289	0	1	1	1	0	1	0	0	0	0	0	0	0	0
EHM034674|EHA02355_bin.24_gene_134_1	C289	0	1	1	1	0	1	0	0	0	0	0	0	0	0
EHM034674|EHA02355_bin.24_gene_134_6	C289	0	1	1	1	0	0	0	0	0	0	0	0	0	0
EHM034674|EHA02355_bin.24_gene_134_8	C289	0	1	1	1	0	0	0	1	1	1	0	0	0	0
EHM034674|EHA02355_bin.24_gene_135_1	C289	0	1	1	1	0	0	0	0	0	0	0	0	0	0
EHM034674|EHA02355_bin.24_gene_135_2	C289	0	1	1	1	0	0	0	0	0	0	0	0	0	0
EHM034674|EHA02355_bin.24_gene_135_3	C289	0	1	1	1	0	0	0	0	1	0	0	0	0	0
EHM034674|EHA02355_bin.24_gene_136_1	C289	0	1	1	1	0	1	0	0	0	0	0	0	0	0
EHM034674|EHA02355_bin.24_gene_137_4	C289	0	1	1	1	1	1	1	0	0	0	1	0	0	1
EHM034674|EHA02355_bin.24_gene_137_5	C289	0	1	1	1	0	0	0	0	0	0	0	1	0	0
EHM034674|EHA02355_bin.24_gene_138_1	C289	0	1	1	1	0	1	0	0	0	1	0	0	0	1
EHM034674|EHA02355_bin.24_gene_139_1	C289	0	1	1	1	1	0	0	0	0	0	0	0	0	0
EHM034674|EHA02355_bin.24_gene_139_4	C289	0	1	1	1	1	1	0	1	0	0	0	0	0	0
EHM034674|EHA02355_bin.24_gene_139_22	C289	0	1	1	1	1	0	0	0	0	0	0	0	0	0
EHM034674|EHA02355_bin.24_gene_140_1	C289	0	1	1	1	0	0	0	0	0	0	0	0	0	0
EHM034674|EHA02355_bin.24_gene_140_6	C289	0	1	1	1	1	1	0	1	1	1	0	0	1	1
EHM034674|EHA02355_bin.24_gene_140_10	C289	0	1	0	1	0	0	0	0	0	0	0	0	0	0
EHM034674|EHA02355_bin.24_gene_141_2	C289	0	1	1	1	0	0	0	0	0	0	0	0	0	0
EHM034674|EHA02355_bin.24_gene_141_3	C289	0	1	1	1	0	0	0	0	0	0	0	0	0	0
EHM034674|EHA02355_bin.24_gene_141_6	C289	0	1	1	1	1	0	0	0	0	0	0	0	0	0
EHM034674|EHA02355_bin.24_gene_141_7	C289	0	1	0	1	1	0	0	0	0	1	0	0	0	1
EHM034674|EHA02355_bin.24_gene_141_8	C289	0	1	0	1	0	0	0	0	0	0	0	0	0	0
EHM034674|EHA02355_bin.24_gene_146_2	C289	0	1	1	1	1	1	0	0	0	0	0	0	0	0
EHM034674|EHA02355_bin.24_gene_147_4	C289	0	1	1	1	0	0	1	0	0	0	0	1	1	1
EHM034674|EHA02355_bin.24_gene_147_5	C289	0	1	1	1	0	0	1	0	0	0	0	1	0	0
EHM034674|EHA02355_bin.24_gene_147_10	C289	0	1	0	1	0	0	1	0	0	0	0	0	0	0
EHM034674|EHA02355_bin.24_gene_147_13	C289	0	1	1	1	0	0	0	0	0	0	0	0	1	1
EHM034674|EHA02355_bin.24_gene_148_2	C289	0	1	1	1	1	1	0	0	1	1	1	1	0	0
EHM034674|EHA02355_bin.24_gene_148_3	C289	0	1	1	1	0	0	0	0	0	0	0	0	0	0
EHM034674|EHA02355_bin.24_gene_148_5	C289	0	1	1	1	0	1	1	0	1	1	1	1	0	1
EHM034674|EHA02355_bin.24_gene_148_9	C289	0	1	0	1	0	1	0	0	0	0	0	0	0	0
EHM034674|EHA02355_bin.24_gene_148_11	C289	0	1	0	1	0	1	0	0	0	0	0	0	0	0
EHM034674|EHA02355_bin.24_gene_148_12	C289	0	1	1	1	1	0	0	0	0	0	0	0	0	0
EHM034674|EHA02355_bin.24_gene_150_1	C289	0	1	1	1	1	0	0	0	0	0	0	0	0	0
EHM034674|EHA02355_bin.24_gene_153_8	C289	0	1	0	1	0	0	0	0	0	0	0	0	0	0
EHM034674|EHA02355_bin.24_gene_154_4	C289	0	1	1	1	0	0	0	0	0	0	0	0	0	0
EHM034674|EHA02355_bin.24_gene_154_5	C289	0	1	0	1	0	1	0	0	0	0	1	1	0	0
EHM034674|EHA02355_bin.24_gene_154_6	C289	0	1	0	1	0	0	0	0	0	0	0	1	0	0
EHM034674|EHA02355_bin.24_gene_154_7	C289	0	1	0	1	0	0	0	0	0	0	1	0	0	0
EHM034674|EHA02355_bin.24_gene_154_10	C289	0	1	1	1	0	0	0	0	0	0	0	0	0	0
EHM034674|EHA02355_bin.24_gene_154_15	C289	0	1	1	1	1	1	1	1	1	1	0	1	1	1
EHM034674|EHA02355_bin.24_gene_155_2	C289	0	1	0	1	0	0	0	0	1	0	0	0	0	0
EHM034674|EHA02355_bin.24_gene_156_1	C289	0	1	1	1	1	1	0	0	0	0	0	0	0	0
EHM034674|EHA02355_bin.24_gene_156_8	C289	0	1	1	1	0	1	0	0	0	0	0	0	0	0
EHM034674|EHA02355_bin.24_gene_158_2	C289	0	1	1	1	0	0	0	0	0	0	0	0	0	0
EHM034674|EHA02355_bin.24_gene_158_17	C289	0	1	1	1	0	0	0	0	0	0	0	0	0	0
EHM034674|EHA02355_bin.24_gene_160_1	C289	0	1	1	1	0	0	0	0	0	0	0	0	0	0
EHM034674|EHA02355_bin.24_gene_160_3	C289	0	1	1	1	0	0	0	0	0	0	0	0	0	0
EHM034674|EHA02355_bin.24_gene_161_1	C289	0	1	1	1	0	1	0	0	0	0	0	0	0	0
EHM034674|EHA02355_bin.24_gene_161_3	C289	0	1	1	1	1	1	0	1	1	1	1	0	1	1
EHM034674|EHA02355_bin.24_gene_161_15	C289	0	1	1	1	0	0	1	0	1	0	0	0	0	1
EHM034674|EHA02355_bin.24_gene_162_1	C289	0	1	1	1	0	0	0	0	0	0	0	0	0	0
EHM034674|EHA02355_bin.24_gene_163_10	C289	0	1	1	1	0	1	0	0	0	0	0	0	0	0
EHM034674|EHA02355_bin.24_gene_164_1	C289	0	1	1	1	0	1	0	0	0	0	0	0	0	0
EHM034674|EHA02355_bin.24_gene_165_1	C289	0	1	1	1	0	1	0	0	1	1	0	0	1	1
EHM034674|EHA02355_bin.24_gene_166_2	C289	0	1	1	1	1	0	0	0	0	1	0	0	0	0
EHM034674|EHA02355_bin.24_gene_166_4	C289	0	1	1	1	1	1	1	0	1	0	1	1	0	0
EHM034674|EHA02355_bin.24_gene_166_16	C289	0	1	1	1	0	1	0	0	0	0	0	1	0	0
EHM034674|EHA02355_bin.24_gene_167_1	C289	0	1	1	1	0	0	0	0	0	0	0	0	0	0
EHM034674|EHA02355_bin.24_gene_168_2	C289	0	1	1	1	1	0	0	0	0	0	0	1	0	0
EHM034674|EHA02355_bin.24_gene_168_5	C289	0	1	1	1	1	0	1	0	0	0	0	0	0	0
EHM034674|EHA02355_bin.24_gene_168_6	C289	0	1	1	1	0	0	0	0	0	0	0	0	0	0
EHM034674|EHA02355_bin.24_gene_169_2	C289	0	1	1	1	0	0	0	0	0	0	0	0	0	0
EHM034674|EHA02355_bin.24_gene_172_2	C289	0	1	1	1	0	0	0	0	0	0	0	0	0	0
EHM034674|EHA02355_bin.24_gene_174_2	C289	0	1	1	1	0	0	0	0	0	0	0	0	0	0
EHM034674|EHA02355_bin.24_gene_174_7	C289	0	1	0	1	0	1	0	0	0	0	0	0	0	0
EHM034674|EHA02355_bin.24_gene_174_8	C289	0	1	1	1	0	1	1	1	0	1	0	1	0	0
EHM034674|EHA02355_bin.24_gene_175_1	C289	0	1	1	1	1	1	0	0	1	0	0	0	0	1
EHM034674|EHA02355_bin.24_gene_175_2	C289	0	1	1	1	0	0	0	0	0	0	0	0	0	0
EHM034674|EHA02355_bin.24_gene_175_7	C289	0	1	0	1	0	0	1	0	0	0	0	1	0	1
EHM034674|EHA02355_bin.24_gene_176_1	C289	0	1	1	1	1	1	0	0	0	0	0	1	0	0
EHM034674|EHA02355_bin.24_gene_176_2	C289	0	1	1	1	1	1	0	0	0	0	0	1	0	0
EHM034674|EHA02355_bin.24_gene_176_3	C289	0	1	1	1	1	1	0	0	0	0	0	1	0	1
EHM034674|EHA02355_bin.24_gene_176_4	C289	0	1	1	1	0	0	0	0	0	0	0	0	0	0
EHM034674|EHA02355_bin.24_gene_176_5	C289	0	1	1	1	0	0	0	0	0	0	0	0	0	0
EHM034674|EHA02355_bin.24_gene_176_12	C289	0	1	1	1	1	1	0	0	0	0	0	0	0	0
EHM034674|EHA02355_bin.24_gene_177_1	C289	0	1	1	1	0	1	1	1	1	0	1	1	0	1
EHM034674|EHA02355_bin.24_gene_177_7	C289	0	1	1	1	1	0	0	0	0	0	0	0	0	0
EHM034674|EHA02355_bin.24_gene_177_13	C289	0	1	1	1	0	1	0	0	0	0	0	0	0	0
EHM034674|EHA02355_bin.24_gene_177_14	C289	0	1	1	1	0	0	0	0	1	1	0	0	0	1
EHM034674|EHA02355_bin.24_gene_177_15	C289	0	1	1	1	1	0	0	0	0	0	1	1	0	0
EHM034674|EHA02355_bin.24_gene_177_16	C289	0	1	1	1	0	0	0	1	0	0	0	0	0	0
EHM034674|EHA02355_bin.24_gene_177_22	C289	0	1	1	1	0	0	0	0	0	0	0	0	0	0
EHM034674|EHA02355_bin.24_gene_177_23	C289	0	1	0	1	0	0	0	0	0	0	0	0	0	0
EHM034674|EHA02355_bin.24_gene_178_2	C289	0	1	1	1	1	1	1	1	1	1	0	1	1	1
EHM034674|EHA02355_bin.24_gene_179_1	C289	0	1	1	1	0	0	0	0	0	0	0	0	0	0
EHM034674|EHA02355_bin.24_gene_181_1	C289	0	1	1	1	0	0	0	0	0	0	0	0	0	0
EHM034674|EHA02355_bin.24_gene_181_5	C289	0	1	1	1	1	0	1	1	1	1	1	1	1	1
EHM034674|EHA02355_bin.24_gene_181_8	C289	0	1	1	1	1	1	1	1	0	0	1	1	0	0
EHM034674|EHA02355_bin.24_gene_181_10	C289	0	1	1	1	0	0	0	0	0	0	0	0	0	0
EHM034674|EHA02355_bin.24_gene_182_1	C289	0	1	1	1	0	0	1	1	1	1	1	0	1	1
EHM034674|EHA02355_bin.24_gene_182_4	C289	0	1	1	1	0	0	0	0	0	0	0	0	0	0
EHM034674|EHA02355_bin.24_gene_182_6	C289	0	1	0	1	0	0	0	0	1	0	1	0	0	0
EHM034674|EHA02355_bin.24_gene_183_9	C289	0	1	1	1	1	1	1	1	0	0	0	0	1	1
EHM034674|EHA02355_bin.24_gene_183_10	C289	0	1	1	1	1	0	0	1	1	1	0	0	0	1
EHM034674|EHA02355_bin.24_gene_184_1	C289	0	1	1	1	0	0	0	0	0	0	0	0	0	0
EHM034674|EHA02355_bin.24_gene_188_1	C289	0	1	0	1	0	0	0	0	0	0	1	0	0	0
EHM034674|EHA02355_bin.24_gene_189_1	C289	0	1	1	1	0	1	0	0	0	0	0	0	0	0
EHM034674|EHA02355_bin.24_gene_189_4	C289	0	1	1	1	0	0	0	0	1	1	0	0	1	1
EHM034674|EHA02355_bin.24_gene_189_5	C289	0	1	1	1	0	0	1	0	0	0	0	0	0	0
EHM034674|EHA02355_bin.24_gene_189_8	C289	0	1	1	1	0	0	0	1	0	0	1	0	0	0
EHM034674|EHA02355_bin.24_gene_189_9	C289	0	1	1	1	0	0	0	1	0	0	0	0	0	0
EHM034674|EHA02355_bin.24_gene_190_1	C289	0	1	1	1	0	0	0	0	0	0	0	0	0	0
EHM034674|EHA02355_bin.24_gene_190_3	C289	0	1	0	1	0	1	0	0	0	0	0	0	0	0
EHM034674|EHA02355_bin.24_gene_191_6	C289	0	1	1	1	1	1	1	1	1	1	1	1	1	1
EHM034674|EHA02355_bin.24_gene_192_2	C289	0	1	1	1	0	0	0	0	0	0	0	0	0	0
EHM034674|EHA02355_bin.24_gene_194_11	C289	0	1	0	1	0	0	0	0	0	0	0	0	0	0
EHM034674|EHA02355_bin.24_gene_194_12	C289	0	1	1	1	1	1	1	0	0	0	0	0	0	0
EHM034674|EHA02355_bin.24_gene_195_3	C289	0	1	0	1	0	0	0	0	0	0	0	0	0	0
EHM034674|EHA02355_bin.24_gene_196_2	C289	0	1	0	1	0	0	0	0	0	0	0	0	0	0
EHM034674|EHA02355_bin.24_gene_197_3	C289	0	1	0	1	0	1	0	0	0	0	0	0	0	0
EHM034674|EHA02355_bin.24_gene_199_3	C289	0	1	1	1	0	0	0	0	0	0	0	0	0	0
EHM034674|EHA02355_bin.24_gene_199_7	C289	0	1	1	1	0	0	0	0	0	0	0	0	0	0
EHM034674|EHA02355_bin.24_gene_201_2	C289	0	1	1	1	0	0	0	0	0	0	0	0	0	0
EHM034674|EHA02355_bin.24_gene_201_4	C289	0	1	1	1	1	0	0	0	0	0	0	0	0	0
EHM034674|EHA02355_bin.24_gene_204_5	C289	0	1	1	1	0	0	0	1	0	0	1	1	0	0
EHM034674|EHA02355_bin.24_gene_204_6	C289	0	1	1	1	0	0	0	0	0	0	0	0	0	0
EHM034674|EHA02355_bin.24_gene_204_7	C289	0	1	1	1	1	1	0	0	0	1	0	0	0	0
EHM034674|EHA02355_bin.24_gene_204_8	C289	0	1	0	1	0	1	0	0	0	0	0	0	0	0
EHM034674|EHA02355_bin.24_gene_204_9	C289	0	1	0	1	0	0	0	0	0	0	0	0	0	0
EHM034674|EHA02355_bin.24_gene_204_10	C289	0	1	0	1	0	0	0	0	0	0	0	0	0	0
EHM034674|EHA02355_bin.24_gene_204_13	C289	0	1	1	1	1	1	0	0	0	0	1	1	0	0
EHM034674|EHA02355_bin.24_gene_205_1	C289	0	1	1	1	0	0	1	0	0	1	0	0	0	0
EHM034674|EHA02355_bin.24_gene_206_11	C289	0	1	1	1	0	1	0	0	0	0	0	0	0	0
EHM034674|EHA02355_bin.24_gene_206_19	C289	0	1	1	1	0	0	0	0	0	0	0	0	0	0
EHM034674|EHA02355_bin.24_gene_207_2	C289	0	1	1	1	0	1	0	0	0	0	0	0	0	0
EHM034674|EHA02355_bin.24_gene_207_3	C289	0	1	0	1	0	0	0	0	0	0	0	0	0	0
EHM034674|EHA02355_bin.24_gene_207_4	C289	0	1	1	1	0	0	0	0	1	1	1	1	1	1
EHM034674|EHA02355_bin.24_gene_209_1	C289	0	1	1	1	0	0	0	0	0	0	0	0	0	0
EHM034674|EHA02355_bin.24_gene_209_4	C289	0	1	1	1	0	0	0	0	0	0	0	0	0	0
EHM034674|EHA02355_bin.24_gene_209_5	C289	0	1	1	1	0	1	0	0	0	0	0	0	0	0
EHM034674|EHA02355_bin.24_gene_209_6	C289	0	1	1	1	0	0	1	0	0	0	0	0	0	1
EHM034674|EHA02355_bin.24_gene_209_13	C289	0	1	1	1	0	0	0	0	0	0	0	0	0	0
EHM034674|EHA02355_bin.24_gene_209_15	C289	0	1	0	1	0	0	0	0	0	0	0	0	0	0
EHM034674|EHA02355_bin.24_gene_209_18	C289	0	1	1	1	1	1	1	1	1	1	0	1	1	1
EHM034674|EHA02355_bin.24_gene_209_19	C289	0	1	1	1	1	1	1	1	1	1	0	1	1	1
EHM034674|EHA02355_bin.24_gene_210_2	C289	0	1	1	1	0	1	0	0	0	0	0	0	0	0
EHM034674|EHA02355_bin.24_gene_212_1	C289	0	1	0	1	0	0	0	0	0	0	0	0	0	0
EHM034674|EHA02355_bin.24_gene_213_2	C289	0	1	1	1	0	1	0	0	0	0	0	0	0	0
EHM034674|EHA02355_bin.24_gene_214_1	C289	0	1	1	1	1	0	0	1	0	0	1	0	0	0
EHM034674|EHA02355_bin.24_gene_214_2	C289	0	1	1	1	0	0	0	0	0	0	0	0	0	0
EHM034674|EHA02355_bin.24_gene_214_8	C289	0	1	0	1	0	0	0	0	0	0	0	0	0	1
EHM034674|EHA02355_bin.24_gene_214_9	C289	0	1	1	1	0	1	0	0	0	0	0	0	1	1
EHM034674|EHA02355_bin.24_gene_214_11	C289	0	1	1	1	1	0	0	0	0	0	0	0	0	0
EHM034674|EHA02355_bin.24_gene_215_4	C289	0	1	0	1	0	1	0	0	0	0	0	0	0	0
EHM034674|EHA02355_bin.24_gene_215_5	C289	0	1	1	1	0	0	0	0	0	0	0	0	0	0
EHM034674|EHA02355_bin.24_gene_216_1	C289	0	1	1	1	0	0	0	0	0	0	0	0	0	0
EHM034674|EHA02355_bin.24_gene_216_4	C289	0	1	1	1	0	1	0	0	0	0	0	0	0	0
EHM034674|EHA02355_bin.24_gene_218_7	C289	0	1	0	1	1	1	1	0	0	0	1	0	0	0
EHM034674|EHA02355_bin.24_gene_219_1	C289	0	1	1	1	1	0	0	0	0	0	0	0	0	0
EHM034674|EHA02355_bin.24_gene_219_5	C289	0	1	1	1	0	0	0	0	0	0	0	0	0	0
EHM034674|EHA02355_bin.24_gene_221_1	C289	0	1	1	1	0	0	0	0	0	0	0	0	0	0
EHM034674|EHA02355_bin.24_gene_222_6	C289	0	1	1	1	0	0	1	0	0	0	0	0	0	0
EHM034674|EHA02355_bin.24_gene_222_14	C289	0	1	1	1	0	1	0	0	0	0	0	0	0	0
EHM034674|EHA02355_bin.24_gene_224_1	C289	0	1	1	1	0	1	0	0	0	0	1	1	0	0
EHM034674|EHA02355_bin.24_gene_224_2	C289	0	1	0	1	0	0	0	0	0	0	0	0	0	0
EHM034674|EHA02355_bin.24_gene_226_1	C289	0	1	0	1	0	0	0	0	0	0	0	0	0	0
EHM034674|EHA02355_bin.24_gene_226_2	C289	0	1	0	1	0	0	0	0	0	0	0	0	0	0
EHM034674|EHA02355_bin.24_gene_226_3	C289	0	1	0	1	0	0	0	0	0	0	0	0	0	0
EHM034674|EHA02355_bin.24_gene_227_4	C289	0	1	1	1	1	1	0	0	0	0	0	0	0	0
EHM034674|EHA02355_bin.24_gene_227_5	C289	0	1	1	1	1	1	0	0	0	0	0	0	0	0
EHM034674|EHA02355_bin.24_gene_227_6	C289	0	1	1	1	1	1	0	1	0	0	0	1	0	0
EHM034674|EHA02355_bin.24_gene_230_7	C289	0	1	1	1	1	0	0	0	1	0	0	1	1	1
EHM034674|EHA02355_bin.24_gene_231_2	C289	0	1	1	1	0	0	0	1	0	0	1	1	0	0
EHM034674|EHA02355_bin.24_gene_232_1	C289	0	1	1	1	0	1	0	0	0	0	0	1	0	0
EHM034674|EHA02355_bin.24_gene_233_5	C289	0	1	1	1	1	0	0	1	0	0	0	0	0	0
EHM034674|EHA02355_bin.24_gene_235_1	C289	0	1	1	1	0	0	0	0	1	1	0	0	1	0
EHM034674|EHA02355_bin.24_gene_235_2	C289	0	1	1	1	0	0	1	0	0	0	0	0	0	0
EHM034674|EHA02355_bin.24_gene_237_3	C289	0	1	1	1	0	1	1	1	1	1	1	1	0	0
EHM034674|EHA02355_bin.24_gene_238_7	C289	0	1	1	1	0	0	0	0	0	0	0	0	0	0
EHM034674|EHA02355_bin.24_gene_239_1	C289	0	1	1	1	1	1	0	1	1	1	1	1	1	1
EHM034674|EHA02355_bin.24_gene_241_1	C289	0	1	1	1	1	1	1	1	0	0	0	0	0	0
EHM034674|EHA02355_bin.24_gene_241_2	C289	0	1	1	1	1	1	1	1	1	0	0	1	0	1
EHM034674|EHA02355_bin.24_gene_241_4	C289	0	1	1	1	1	0	1	1	1	1	1	1	1	1
EHM034674|EHA02355_bin.24_gene_241_5	C289	0	1	1	1	1	1	0	0	0	0	0	1	1	0
EHM034674|EHA02355_bin.24_gene_241_6	C289	0	1	1	1	0	1	0	0	0	0	0	0	0	0
EHM034674|EHA02355_bin.24_gene_243_1	C289	0	1	1	1	1	0	0	1	0	0	0	0	0	1
EHM034674|EHA02355_bin.24_gene_244_2	C289	0	1	1	1	0	0	0	0	0	0	0	0	0	0
EHM034674|EHA02355_bin.24_gene_246_3	C289	0	1	1	1	0	0	1	0	0	0	0	0	0	0
EHM034674|EHA02355_bin.24_gene_246_4	C289	0	1	1	1	0	0	0	0	0	0	0	0	0	0
EHM034674|EHA02355_bin.24_gene_246_8	C289	0	1	1	1	0	1	1	1	0	1	0	0	0	1
EHM034674|EHA02355_bin.24_gene_247_3	C289	0	1	0	1	0	1	0	1	1	1	0	0	1	1
EHM034674|EHA02355_bin.24_gene_251_5	C289	0	1	1	1	0	0	0	0	0	0	0	0	0	0
EHM034674|EHA02355_bin.24_gene_251_8	C289	0	1	1	1	1	0	0	0	0	0	0	0	0	0
EHM034674|EHA02355_bin.24_gene_251_9	C289	0	1	1	1	0	0	0	0	0	0	0	0	0	0
EHM034674|EHA02355_bin.24_gene_252_1	C289	0	1	1	1	0	1	0	0	0	0	1	0	0	0
EHM034674|EHA02355_bin.24_gene_252_2	C289	0	1	1	1	0	0	0	0	0	0	0	0	0	0
EHM034674|EHA02355_bin.24_gene_253_1	C289	0	1	1	1	0	0	0	0	0	0	0	0	0	0
EHM034674|EHA02355_bin.24_gene_253_2	C289	0	1	0	1	0	0	0	0	0	0	0	0	0	0
EHM034674|EHA02355_bin.24_gene_253_3	C289	0	1	1	1	1	1	0	0	0	0	0	0	0	0
EHM034674|EHA02355_bin.24_gene_253_8	C289	0	1	1	1	0	0	0	0	0	0	0	0	0	0
EHM034674|EHA02355_bin.24_gene_253_9	C289	0	1	1	1	0	0	0	1	0	0	0	0	0	0
EHM034674|EHA02355_bin.24_gene_253_12	C289	0	1	1	1	1	1	0	1	1	1	1	1	1	1
EHM034674|EHA02355_bin.24_gene_253_15	C289	0	1	1	1	0	0	0	0	0	0	0	0	0	0
EHM034674|EHA02355_bin.24_gene_253_16	C289	0	1	1	1	0	0	0	0	0	0	0	1	0	0
EHM034674|EHA02355_bin.24_gene_253_18	C289	0	1	1	1	0	1	0	0	0	0	0	0	0	0
EHM034674|EHA02355_bin.24_gene_253_19	C289	0	1	1	1	1	1	0	0	0	0	0	0	0	0
EHM034674|EHA02355_bin.24_gene_253_20	C289	0	1	0	1	0	1	0	0	0	0	0	0	0	0
EHM034674|EHA02355_bin.24_gene_253_21	C289	0	1	0	1	0	0	0	0	0	0	0	0	0	0
EHM034674|EHA02355_bin.24_gene_253_22	C289	0	1	0	1	0	0	0	0	0	0	0	0	0	0
EHM034674|EHA02355_bin.24_gene_253_23	C289	0	1	0	1	0	1	0	0	0	0	0	0	0	0
EHM034674|EHA02355_bin.24_gene_253_28	C289	0	1	0	1	1	0	1	0	1	1	0	0	1	1
EHM034674|EHA02355_bin.24_gene_254_2	C289	0	1	1	1	0	0	0	0	0	0	0	0	0	0
EHM034674|EHA02355_bin.24_gene_254_3	C289	0	1	1	1	1	1	0	0	0	0	0	0	0	0
EHM034674|EHA02355_bin.24_gene_257_8	C289	0	1	1	1	1	1	1	1	1	1	1	1	1	1
EHM034674|EHA02355_bin.24_gene_257_12	C289	0	1	1	1	0	0	0	1	0	0	0	0	0	0
EHM034674|EHA02355_bin.24_gene_257_14	C289	0	1	1	1	0	0	0	0	0	0	1	0	0	0
EHM034674|EHA02355_bin.24_gene_257_15	C289	0	1	1	1	0	1	0	0	0	0	0	0	0	0
EHM034674|EHA02355_bin.24_gene_257_16	C289	0	1	1	1	1	1	1	0	0	0	0	0	0	0
EHM034674|EHA02355_bin.24_gene_259_1	C289	0	1	1	1	0	1	1	1	0	0	1	0	0	0
EHM034674|EHA02355_bin.24_gene_259_2	C289	0	1	1	1	1	0	0	0	0	0	1	0	0	0
EHM034674|EHA02355_bin.24_gene_259_3	C289	0	1	1	1	1	1	0	0	0	0	0	0	0	0
EHM034674|EHA02355_bin.24_gene_260_1	C289	0	1	1	1	0	0	0	0	0	0	0	0	0	0
EHM034674|EHA02355_bin.24_gene_260_2	C289	0	1	1	1	0	1	0	0	0	0	0	0	0	0
EHM034674|EHA02355_bin.24_gene_261_5	C289	0	1	1	1	1	1	1	1	1	1	1	1	1	1
EHM034674|EHA02355_bin.24_gene_261_10	C289	0	1	1	1	0	1	0	0	0	0	0	0	0	0
EHM034674|EHA02355_bin.24_gene_262_2	C289	0	1	1	1	0	1	0	0	0	0	0	0	0	0
EHM034674|EHA02355_bin.24_gene_262_3	C289	0	1	1	1	0	1	0	0	0	0	0	0	0	0
EHM034674|EHA02355_bin.24_gene_262_4	C289	0	1	0	1	0	0	0	0	0	0	0	0	0	0
EHM034674|EHA02355_bin.24_gene_262_5	C289	0	1	1	1	1	0	0	0	0	0	0	0	0	0
EHM034674|EHA02355_bin.24_gene_262_12	C289	0	1	1	1	0	0	1	0	0	0	0	0	0	0
EHM034674|EHA02355_bin.24_gene_262_13	C289	0	1	1	1	0	1	1	0	0	0	1	0	0	0
EHM034674|EHA02355_bin.24_gene_262_16	C289	0	1	1	1	0	0	0	0	0	0	0	0	0	1
EHM034674|EHA02355_bin.24_gene_262_17	C289	0	1	1	1	1	1	0	0	0	0	0	1	0	0
EHM034674|EHA02355_bin.24_gene_262_18	C289	0	1	0	1	0	1	0	0	0	0	0	0	0	0
EHM034674|EHA02355_bin.24_gene_262_19	C289	0	1	1	1	0	1	0	0	0	0	0	0	0	0
EHM034674|EHA02355_bin.24_gene_262_20	C289	0	1	1	1	0	0	0	0	0	0	0	0	0	0
EHM034674|EHA02355_bin.24_gene_262_21	C289	0	1	0	1	0	0	0	0	0	0	0	0	0	0
EHM034674|EHA02355_bin.24_gene_262_23	C289	0	1	1	1	0	0	0	0	0	0	0	0	0	0
EHM034674|EHA02355_bin.24_gene_263_4	C289	0	1	1	1	0	0	1	1	0	0	1	1	0	0
EHM034674|EHA02355_bin.24_gene_266_1	C289	0	1	0	1	0	0	0	0	0	0	0	0	0	0
EHM034674|EHA02355_bin.24_gene_267_2	C289	0	1	1	1	0	0	0	0	0	0	0	0	0	0
EHM034674|EHA02355_bin.24_gene_268_1	C289	0	1	1	1	0	1	0	0	1	1	0	1	1	0
EHM034674|EHA02355_bin.24_gene_269_1	C289	0	1	1	1	0	1	0	0	0	0	0	0	0	0
EHM034674|EHA02355_bin.24_gene_271_8	C289	0	1	0	1	0	0	0	0	0	0	0	0	0	0
EHM034674|EHA02355_bin.24_gene_271_11	C289	0	1	1	1	1	0	0	0	0	0	0	0	0	0
EHM034674|EHA02355_bin.24_gene_271_14	C289	0	1	0	1	1	1	0	0	0	0	0	0	0	0
EHM034674|EHA02355_bin.24_gene_272_1	C289	0	1	1	1	0	0	0	0	0	0	0	0	0	0
EHM034674|EHA02355_bin.24_gene_272_2	C289	0	1	1	1	0	0	0	0	1	0	0	0	0	0
EHM034674|EHA02355_bin.24_gene_273_1	C289	0	1	1	1	0	0	1	0	0	0	0	1	0	0
EHM034674|EHA02355_bin.24_gene_273_2	C289	0	1	1	1	0	0	0	0	0	0	1	0	0	0
EHM034674|EHA02355_bin.24_gene_274_4	C289	0	1	1	1	0	0	0	0	0	0	0	0	0	0
EHM034674|EHA02355_bin.24_gene_275_1	C289	0	1	1	1	0	0	0	0	0	0	0	0	0	0
EHM034674|EHA02355_bin.24_gene_275_2	C289	0	1	1	1	1	0	0	0	0	0	0	0	0	0
EHM034674|EHA02355_bin.24_gene_278_3	C289	0	1	0	1	0	0	0	0	0	0	0	0	0	0
EHM034674|EHA02355_bin.24_gene_278_4	C289	0	1	1	1	0	0	0	0	0	0	0	1	0	0
EHM034674|EHA02355_bin.24_gene_279_6	C289	0	1	1	1	1	0	1	1	1	0	1	1	0	0
EHM034674|EHA02355_bin.24_gene_280_1	C289	0	1	1	1	0	1	0	0	0	0	1	0	0	0
EHM034674|EHA02355_bin.24_gene_280_6	C289	0	1	1	1	1	0	0	1	1	1	1	0	1	1
EHM034674|EHA02355_bin.24_gene_281_1	C289	0	1	1	1	1	1	1	1	0	0	1	1	0	0
EHM034674|EHA02355_bin.24_gene_281_5	C289	0	1	1	1	0	0	0	0	0	0	1	1	1	0
EHM034674|EHA02355_bin.24_gene_282_1	C289	0	1	0	1	0	0	0	0	0	0	0	0	0	0
EHM034674|EHA02355_bin.24_gene_284_4	C289	0	1	1	1	0	0	0	0	0	0	0	0	0	0
EHM034674|EHA02355_bin.24_gene_285_1	C289	0	1	0	1	0	0	1	1	1	1	1	1	1	1
EHM034674|EHA02355_bin.24_gene_286_1	C289	0	1	1	1	1	0	0	0	0	0	0	0	0	0
EHM034674|EHA02355_bin.24_gene_286_2	C289	0	1	1	1	0	0	0	0	0	0	0	0	0	0
EHM034674|EHA02355_bin.24_gene_286_3	C289	0	1	1	1	1	0	0	0	0	0	0	0	0	0
EHM034674|EHA02355_bin.24_gene_286_4	C289	0	1	1	1	0	0	0	0	0	0	0	0	0	0
EHM034674|EHA02355_bin.24_gene_286_7	C289	0	1	0	1	1	0	0	0	0	0	0	0	0	0
EHM034674|EHA02355_bin.24_gene_286_8	C289	0	1	0	1	0	0	0	0	0	0	0	0	0	0
EHM034674|EHA02355_bin.24_gene_286_9	C289	0	1	1	1	0	0	0	0	1	1	0	0	1	1
EHM034674|EHA02355_bin.24_gene_287_1	C289	0	1	0	1	0	0	0	0	0	0	0	0	0	0
EHM034674|EHA02355_bin.24_gene_287_2	C289	0	1	1	1	0	0	0	0	0	0	0	0	0	0
EHM034674|EHA02355_bin.24_gene_287_3	C289	0	1	1	1	0	0	0	0	0	0	0	0	0	0
EHM034674|EHA02355_bin.24_gene_288_1	C289	0	1	1	1	1	0	0	0	0	0	0	0	0	0
EHM034674|EHA02355_bin.24_gene_289_1	C289	0	1	1	1	1	0	1	1	1	1	1	1	1	1
EHM034674|EHA02355_bin.24_gene_289_2	C289	0	1	1	1	0	0	0	0	0	0	0	1	0	0
EHM034674|EHA02355_bin.24_gene_289_4	C289	0	1	1	1	0	0	0	0	0	0	0	0	0	0
EHM034674|EHA02355_bin.24_gene_291_1	C289	0	1	1	1	0	0	0	0	0	0	0	0	0	0
EHM034674|EHA02355_bin.24_gene_291_3	C289	0	1	1	1	0	0	0	0	0	0	0	0	0	0
EHM034674|EHA02355_bin.24_gene_292_4	C289	0	1	1	1	0	0	0	0	1	1	0	0	0	0
EHM034674|EHA02355_bin.24_gene_293_2	C289	0	1	1	1	1	1	1	0	0	0	0	0	0	0
EHM034674|EHA02355_bin.24_gene_295_1	C289	0	1	1	1	1	0	0	0	0	0	0	0	0	0
EHM034674|EHA02355_bin.24_gene_295_3	C289	0	1	1	1	0	1	0	0	0	0	0	0	0	0
EHM034674|EHA02355_bin.24_gene_295_4	C289	0	1	1	1	0	0	0	0	0	0	0	0	0	0
EHM034674|EHA02355_bin.24_gene_295_5	C289	0	1	1	1	0	1	0	0	0	0	0	0	0	0
EHM034674|EHA02355_bin.24_gene_295_6	C289	0	1	1	1	0	0	0	0	0	0	0	0	0	0
EHM034674|EHA02355_bin.24_gene_296_6	C289	0	1	1	1	0	1	0	0	0	0	0	0	0	0
EHM034674|EHA02355_bin.24_gene_296_8	C289	0	1	1	1	0	0	0	0	0	0	0	0	0	0
EHM034674|EHA02355_bin.24_gene_297_1	C289	0	1	1	1	1	1	1	1	1	1	1	1	1	1
EHM034674|EHA02355_bin.24_gene_297_3	C289	0	1	1	1	0	1	1	0	0	0	0	0	0	0
EHM034674|EHA02355_bin.24_gene_299_1	C289	0	1	1	1	0	0	0	0	0	0	0	0	0	0
EHM034674|EHA02355_bin.24_gene_301_3	C289	0	1	1	1	0	1	0	0	0	0	0	0	0	0
EHM034674|EHA02355_bin.24_gene_301_6	C289	0	1	1	1	0	0	0	0	0	0	0	0	0	0
EHM034674|EHA02355_bin.24_gene_302_1	C289	0	1	1	1	1	1	0	0	0	0	0	0	0	0
EHM034674|EHA02355_bin.24_gene_305_1	C289	0	1	1	1	1	0	0	1	0	0	1	1	0	0
EHM034674|EHA02355_bin.24_gene_305_2	C289	0	1	1	1	1	0	0	1	0	0	0	1	0	0
EHM034674|EHA02355_bin.24_gene_305_3	C289	0	1	1	1	1	0	0	1	0	0	0	1	0	0
EHM034674|EHA02355_bin.24_gene_305_4	C289	0	1	1	1	1	0	0	1	0	0	0	1	0	0
EHM034674|EHA02355_bin.24_gene_308_2	C289	0	1	1	1	1	1	0	0	0	0	0	1	0	1
EHM034674|EHA02355_bin.24_gene_308_13	C289	0	1	1	1	0	1	0	0	1	0	0	0	1	1
EHM034674|EHA02355_bin.24_gene_308_16	C289	0	1	1	1	0	1	1	0	1	1	1	1	1	1
EHM034674|EHA02355_bin.24_gene_308_17	C289	0	1	1	1	0	1	1	0	1	1	1	1	1	1
EHM034674|EHA02355_bin.24_gene_308_18	C289	0	1	1	1	0	1	1	0	1	1	1	1	1	1
EHM034674|EHA02355_bin.24_gene_308_20	C289	0	1	1	1	0	0	1	1	0	0	0	0	0	0
EHM034674|EHA02355_bin.24_gene_308_21	C289	0	1	1	1	0	0	1	0	0	0	1	1	0	0
EHM034674|EHA02355_bin.24_gene_308_22	C289	0	1	1	1	0	0	1	1	0	0	1	1	0	1
EHM034674|EHA02355_bin.24_gene_308_24	C289	0	1	1	1	0	0	1	1	0	1	1	1	0	0
EHM034674|EHA02355_bin.24_gene_309_1	C289	0	1	1	1	0	1	0	0	0	0	1	1	0	0
EHM034674|EHA02355_bin.24_gene_309_2	C289	0	1	1	1	1	1	1	0	1	0	0	1	0	0
EHM034674|EHA02355_bin.24_gene_309_4	C289	0	1	1	1	0	0	0	0	0	0	0	0	0	0
EHM034674|EHA02355_bin.24_gene_310_6	C289	0	1	0	1	0	0	0	0	0	0	0	0	0	0
EHM034674|EHA02355_bin.24_gene_310_7	C289	0	1	0	1	0	0	0	0	0	0	0	0	0	0
EHM034674|EHA02355_bin.24_gene_311_1	C289	0	1	1	1	0	0	0	0	0	0	0	0	0	0
EHM034674|EHA02355_bin.24_gene_311_2	C289	0	1	1	1	0	0	0	0	0	0	0	0	0	0
EHM034674|EHA02355_bin.24_gene_311_4	C289	0	1	1	1	0	0	0	0	0	0	0	1	0	0
EHM034674|EHA02355_bin.24_gene_311_5	C289	0	1	1	1	0	0	0	0	0	0	0	1	0	0
EHM034674|EHA02355_bin.24_gene_311_6	C289	0	1	1	1	0	0	0	0	0	0	0	0	0	0
EHM034674|EHA02355_bin.24_gene_311_7	C289	0	1	1	1	0	1	1	0	0	0	1	1	0	0
EHM034674|EHA02355_bin.24_gene_311_8	C289	0	1	1	1	0	0	0	0	0	0	1	1	0	0
EHM034674|EHA02355_bin.24_gene_312_6	C289	0	1	1	1	0	1	1	0	0	0	1	0	0	0
EHM034674|EHA02355_bin.24_gene_312_8	C289	0	1	1	1	0	1	0	0	0	0	0	0	0	0
EHM034674|EHA02355_bin.24_gene_312_9	C289	0	1	1	1	1	1	0	1	0	0	0	0	1	1
EHM034674|EHA02355_bin.24_gene_312_10	C289	0	1	1	1	0	1	0	0	0	0	0	0	0	0
EHM034674|EHA02355_bin.24_gene_312_11	C289	0	1	1	1	0	1	0	0	0	0	0	0	0	0
EHM034674|EHA02355_bin.24_gene_312_17	C289	0	1	1	1	0	0	0	0	0	0	0	0	0	0
EHM034674|EHA02355_bin.24_gene_312_18	C289	0	1	0	1	1	0	0	0	0	0	0	0	0	0
EHM034674|EHA02355_bin.24_gene_312_23	C289	0	1	1	1	1	1	1	1	1	1	1	1	0	1
EHM034674|EHA02355_bin.24_gene_312_25	C289	0	1	0	1	0	0	0	0	0	0	0	0	0	0
EHM034674|EHA02355_bin.24_gene_313_7	C289	0	1	1	1	1	1	1	0	0	1	0	0	0	0
EHM034674|EHA02355_bin.24_gene_315_3	C289	0	1	1	1	0	1	0	0	0	0	0	0	0	0
EHM034674|EHA02355_bin.24_gene_315_5	C289	0	1	0	1	0	1	0	0	0	0	0	0	0	0
EHM034674|EHA02355_bin.24_gene_315_11	C289	0	1	1	1	0	1	0	0	0	0	0	0	0	0
EHM034674|EHA02355_bin.24_gene_315_12	C289	0	1	1	1	0	1	0	0	0	0	0	0	0	0
EHM034674|EHA02355_bin.24_gene_315_14	C289	0	1	0	1	0	0	0	0	0	0	0	0	0	0
EHM034674|EHA02355_bin.24_gene_316_1	C289	0	1	1	1	0	0	0	0	0	0	0	0	0	0
EHM034674|EHA02355_bin.24_gene_316_3	C289	0	1	0	1	0	1	0	0	0	0	0	0	0	0
EHM034674|EHA02355_bin.24_gene_316_6	C289	0	1	1	1	0	0	0	0	0	0	0	0	0	0
EHM034674|EHA02355_bin.24_gene_316_7	C289	0	1	1	1	1	0	0	1	0	0	0	0	0	0
EHM034674|EHA02355_bin.24_gene_318_1	C289	0	1	1	1	1	0	0	0	0	0	0	0	0	0
EHM034674|EHA02355_bin.24_gene_318_2	C289	0	1	1	1	0	1	1	0	0	1	0	0	1	0
EHM034674|EHA02355_bin.24_gene_319_2	C289	0	1	1	1	1	0	0	1	0	0	0	0	0	0
EHM034674|EHA02355_bin.24_gene_320_5	C289	0	1	1	1	0	1	1	1	1	1	1	1	0	1
EHM034674|EHA02355_bin.24_gene_320_7	C289	0	1	1	1	0	0	0	0	0	0	0	0	0	0
EHM034674|EHA02355_bin.24_gene_321_1	C289	0	1	0	1	0	0	0	0	0	0	0	0	0	0
EHM034674|EHA02355_bin.24_gene_322_2	C289	0	1	1	1	0	0	0	0	0	0	0	0	0	0
EHM034674|EHA02355_bin.24_gene_322_3	C289	0	1	1	1	1	1	1	1	1	1	1	1	0	1
EHM034674|EHA02355_bin.24_gene_322_4	C289	0	1	1	1	1	1	0	1	0	0	0	1	0	0
EHM034674|EHA02355_bin.24_gene_322_5	C289	0	1	1	1	1	1	0	1	0	0	0	1	0	0
EHM034674|EHA02355_bin.24_gene_322_6	C289	0	1	0	1	0	1	0	0	0	0	0	0	0	0
EHM034674|EHA02355_bin.24_gene_323_1	C289	0	1	1	1	1	0	0	0	0	0	1	0	0	0
EHM034674|EHA02355_bin.24_gene_323_4	C289	0	1	1	1	0	0	0	0	0	0	0	0	0	0
EHM034674|EHA02355_bin.24_gene_323_6	C289	0	1	1	1	1	0	0	1	1	1	1	0	0	1
EHM034674|EHA02355_bin.24_gene_323_7	C289	0	1	1	1	0	1	0	0	0	0	0	0	0	0
EHM034674|EHA02355_bin.24_gene_324_1	C289	0	1	1	1	0	1	0	0	0	0	0	0	0	0
EHM034674|EHA02355_bin.24_gene_324_2	C289	0	1	0	1	0	1	1	0	1	0	1	1	1	1
EHM034674|EHA02355_bin.24_gene_324_3	C289	0	1	1	1	1	1	0	0	0	0	0	0	0	0
EHM034674|EHA02355_bin.24_gene_329_1	C289	0	1	1	1	0	0	0	0	0	0	0	0	0	0
EHM034674|EHA02355_bin.24_gene_330_1	C289	0	1	1	1	0	0	0	0	0	0	0	1	0	0
EHM034674|EHA02355_bin.24_gene_330_3	C289	0	1	1	1	0	0	0	0	0	0	0	0	0	0
EHM034674|EHA02355_bin.24_gene_330_5	C289	0	1	0	1	0	0	0	0	0	0	0	0	0	0
EHM034674|EHA02355_bin.24_gene_331_1	C289	0	1	0	1	0	0	0	0	0	0	0	0	0	0
EHM034674|EHA02355_bin.24_gene_334_1	C289	0	1	1	1	0	0	0	0	0	0	0	0	0	0
EHM034674|EHA02355_bin.24_gene_337_1	C289	0	1	0	1	1	0	0	0	0	0	0	0	0	0
EHM034674|EHA02355_bin.24_gene_338_3	C289	0	1	1	1	0	0	0	0	0	0	0	0	0	0
EHM034674|EHA02355_bin.24_gene_339_4	C289	0	1	0	1	0	0	0	0	0	0	0	0	0	1
EHM034674|EHA02355_bin.24_gene_339_5	C289	0	1	1	1	0	0	0	0	0	0	0	0	0	0
EHM034674|EHA02355_bin.24_gene_340_2	C289	0	1	1	1	1	1	1	1	0	0	1	0	0	1
EHM034674|EHA02355_bin.24_gene_342_2	C289	0	1	0	1	0	1	0	0	0	0	0	0	0	0
EHM034674|EHA02355_bin.24_gene_344_2	C289	0	1	1	1	0	0	0	0	0	0	0	0	0	0
EHM034674|EHA02355_bin.24_gene_344_3	C289	0	1	1	1	0	0	0	0	0	0	0	0	0	0
EHM034674|EHA02355_bin.24_gene_344_5	C289	0	1	1	1	0	1	0	0	0	0	0	0	0	0
EHM034674|EHA02355_bin.24_gene_344_10	C289	0	1	1	1	0	0	0	0	0	0	0	0	0	0
EHM034674|EHA02355_bin.24_gene_344_11	C289	0	1	1	1	0	0	0	0	0	0	0	0	0	0
EHM034674|EHA02355_bin.24_gene_344_12	C289	0	1	1	1	0	0	0	0	0	0	0	0	0	0
EHM034674|EHA02355_bin.24_gene_344_14	C289	0	1	1	1	1	1	0	0	1	0	0	1	0	0
EHM034674|EHA02355_bin.24_gene_344_16	C289	0	1	1	1	1	0	1	1	1	0	1	1	1	1
EHM034674|EHA02355_bin.24_gene_345_1	C289	0	1	1	1	0	0	0	0	0	0	0	0	0	0
EHM034674|EHA02355_bin.24_gene_345_7	C289	0	1	1	1	0	0	0	0	0	0	0	0	0	0
EHM034674|EHA02355_bin.24_gene_345_8	C289	0	1	1	1	0	0	0	0	0	0	0	0	0	0
EHM034674|EHA02355_bin.24_gene_345_23	C289	0	1	0	1	0	0	0	0	0	0	0	0	0	0
EHM034674|EHA02355_bin.24_gene_346_2	C289	0	1	1	1	1	1	1	0	0	1	0	0	0	0
EHM034674|EHA02355_bin.24_gene_346_6	C289	0	1	1	1	0	0	0	0	0	1	0	0	0	0
EHM034674|EHA02355_bin.24_gene_347_9	C289	0	1	1	1	0	0	1	0	1	0	0	0	0	1
EHM034674|EHA02355_bin.24_gene_348_4	C289	0	1	1	1	0	0	0	0	0	0	0	0	0	0
EHM034674|EHA02355_bin.24_gene_350_4	C289	0	1	1	1	0	0	0	0	0	0	0	0	0	0
EHM034674|EHA02355_bin.24_gene_350_7	C289	0	1	1	1	0	0	1	0	0	1	0	1	1	1
EHM034674|EHA02355_bin.24_gene_350_9	C289	0	1	0	1	0	0	0	0	0	0	0	0	0	0
EHM034674|EHA02355_bin.24_gene_350_10	C289	0	1	1	1	0	1	0	0	0	0	0	0	0	0
EHM034674|EHA02355_bin.24_gene_352_1	C289	0	1	1	1	0	0	0	0	0	0	0	0	0	0
EHM034674|EHA02355_bin.24_gene_352_6	C289	0	1	1	1	1	1	1	0	1	1	1	1	1	1
EHM034674|EHA02355_bin.24_gene_353_1	C289	0	1	0	1	0	0	1	0	0	0	0	0	0	0
EHM034674|EHA02355_bin.24_gene_353_2	C289	0	1	1	1	1	0	0	0	0	0	0	0	0	1
EHM034674|EHA02355_bin.24_gene_353_3	C289	0	1	1	1	0	0	0	0	0	0	0	0	0	0
EHM034674|EHA02355_bin.24_gene_353_4	C289	0	1	1	1	1	0	0	1	1	1	1	1	1	1
EHM034674|EHA02355_bin.24_gene_353_7	C289	0	1	1	1	0	0	0	0	0	0	0	0	0	0
EHM034674|EHA02355_bin.24_gene_353_9	C289	0	1	1	1	0	0	0	0	0	0	0	0	0	0
EHM034674|EHA02355_bin.24_gene_355_12	C289	0	1	1	1	0	1	0	0	0	0	0	0	0	0
EHM034674|EHA02355_bin.24_gene_355_17	C289	0	1	1	1	0	0	0	0	0	0	0	0	0	0
EHM034674|EHA02355_bin.24_gene_357_1	C289	0	1	1	1	0	1	0	0	0	0	0	0	0	0
EHM034674|EHA02355_bin.24_gene_357_2	C289	0	1	1	1	0	1	0	0	0	0	0	0	0	0
EHM034674|EHA02355_bin.24_gene_357_3	C289	0	1	1	1	1	1	1	1	0	0	1	0	1	0
EHM034674|EHA02355_bin.24_gene_358_1	C289	0	1	1	1	0	0	0	0	0	0	0	0	0	0
EHM034674|EHA02355_bin.24_gene_358_4	C289	0	1	1	1	0	0	0	1	0	0	0	1	0	0
EHM034674|EHA02355_bin.24_gene_359_5	C289	0	1	1	1	0	0	0	0	0	0	0	0	0	0
EHM034674|EHA02355_bin.24_gene_359_6	C289	0	1	1	1	0	0	0	0	0	0	0	0	0	0
EHM034674|EHA02355_bin.24_gene_359_7	C289	0	1	0	1	0	0	0	0	0	0	0	0	0	0
EHM034674|EHA02355_bin.24_gene_359_8	C289	0	1	1	1	1	0	1	0	1	0	1	0	0	1
EHM034674|EHA02355_bin.24_gene_359_9	C289	0	1	1	1	0	0	0	0	0	0	0	0	0	0
EHM034674|EHA02355_bin.24_gene_360_2	C289	0	1	1	1	0	0	0	0	0	0	0	0	0	0
EHM034674|EHA02355_bin.24_gene_361_5	C289	0	1	1	1	1	0	0	0	0	0	0	1	0	0
EHM034674|EHA02355_bin.24_gene_361_6	C289	0	1	1	1	0	1	0	0	0	0	0	0	0	0
EHM034674|EHA02355_bin.24_gene_361_7	C289	0	1	1	1	0	0	0	0	0	0	0	0	0	0
EHM034674|EHA02355_bin.24_gene_362_1	C289	0	1	0	1	0	0	0	0	0	0	0	0	0	0
EHM034674|EHA02355_bin.24_gene_362_2	C289	0	1	1	1	0	1	1	0	0	0	1	0	0	0
EHM034674|EHA02355_bin.24_gene_363_3	C289	0	1	0	1	0	1	0	0	0	0	0	0	0	0
EHM034674|EHA02355_bin.24_gene_364_5	C289	0	1	1	1	0	0	0	0	0	0	1	1	0	0
EHM034674|EHA02355_bin.24_gene_364_6	C289	0	1	1	1	0	0	0	0	0	0	1	1	0	0
EHM034674|EHA02355_bin.24_gene_364_7	C289	0	1	1	1	0	0	0	0	0	0	0	1	0	0
EHM034674|EHA02355_bin.24_gene_365_1	C289	0	1	0	1	0	0	0	0	0	0	0	0	0	0
EHM034674|EHA02355_bin.24_gene_365_7	C289	0	1	0	1	0	1	0	0	0	0	0	0	0	0
EHM034674|EHA02355_bin.24_gene_367_2	C289	0	1	1	1	0	0	0	0	0	0	0	0	0	0
EHM034674|EHA02355_bin.24_gene_367_8	C289	0	1	1	1	1	0	0	0	1	0	0	0	0	0
EHM034674|EHA02355_bin.24_gene_369_3	C289	0	1	1	1	0	1	0	0	0	0	0	0	0	0
EHM034674|EHA02355_bin.24_gene_369_4	C289	0	1	1	1	0	0	0	0	0	0	0	0	0	0
EHM034674|EHA02355_bin.24_gene_370_2	C289	0	1	1	1	0	0	0	0	0	0	0	0	0	0
EHM034674|EHA02355_bin.24_gene_370_4	C289	0	1	1	1	0	0	0	0	0	0	0	0	0	0
EHM034674|EHA02355_bin.24_gene_371_9	C289	0	1	1	1	0	0	0	0	0	0	0	0	0	0
EHM034674|EHA02355_bin.24_gene_374_2	C289	0	1	1	1	1	1	1	0	1	0	0	0	0	0
EHM034674|EHA02355_bin.24_gene_374_13	C289	0	1	1	1	1	0	0	0	0	0	0	0	0	0
EHM034674|EHA02355_bin.24_gene_374_15	C289	0	1	1	1	0	0	0	1	1	1	1	1	1	1
EHM034674|EHA02355_bin.24_gene_375_1	C289	0	1	1	1	0	1	0	0	0	0	0	0	0	0
EHM034674|EHA02355_bin.24_gene_376_2	C289	0	1	1	1	0	0	0	0	0	0	0	0	0	0
EHM034674|EHA02355_bin.24_gene_376_3	C289	0	1	0	1	0	0	0	0	0	0	0	0	0	0
EHM034674|EHA02355_bin.24_gene_378_2	C289	0	1	1	1	0	1	0	0	0	0	0	0	0	0
EHM034674|EHA02355_bin.24_gene_379_4	C289	0	1	1	1	0	0	0	0	0	0	0	0	0	0
EHM034674|EHA02355_bin.24_gene_379_6	C289	0	1	1	1	0	0	0	0	0	0	0	0	0	0
EHM034674|EHA02355_bin.24_gene_381_1	C289	0	1	1	1	0	1	0	0	0	0	0	0	0	0
EHM034674|EHA02355_bin.24_gene_381_2	C289	0	1	1	1	1	0	1	0	0	0	0	1	0	0
EHM034674|EHA02355_bin.24_gene_382_1	C289	0	1	1	1	0	0	0	0	0	0	1	0	0	0
EHM034692|EHA02331_bin.15_gene_2_2	C287	0	1	0	1	0	0	0	0	0	0	0	0	0	1
EHM034692|EHA02331_bin.15_gene_2_3	C287	0	1	0	1	0	0	0	0	0	0	0	0	0	0
EHM034692|EHA02331_bin.15_gene_2_6	C287	0	1	1	1	0	1	0	0	0	0	0	0	0	0
EHM034692|EHA02331_bin.15_gene_3_1	C287	0	1	1	1	1	0	0	0	0	0	0	0	0	0
EHM034692|EHA02331_bin.15_gene_3_3	C287	0	1	0	1	0	0	0	0	0	0	0	0	0	0
EHM034692|EHA02331_bin.15_gene_4_2	C287	0	1	1	1	0	0	0	0	0	0	0	0	0	0
EHM034692|EHA02331_bin.15_gene_4_4	C287	0	1	1	1	1	0	0	0	0	0	0	0	0	0
EHM034692|EHA02331_bin.15_gene_7_1	C287	0	1	1	1	0	1	1	1	0	0	1	1	0	0
EHM034692|EHA02331_bin.15_gene_7_2	C287	0	1	1	1	1	1	1	1	1	1	0	1	1	1
EHM034692|EHA02331_bin.15_gene_7_3	C287	0	1	1	1	0	0	1	0	0	0	0	0	0	0
EHM034692|EHA02331_bin.15_gene_7_4	C287	0	1	1	1	1	1	1	1	1	1	1	1	1	1
EHM034692|EHA02331_bin.15_gene_7_6	C287	0	1	1	1	1	1	0	0	0	0	1	0	0	0
EHM034692|EHA02331_bin.15_gene_8_2	C287	0	1	1	1	0	1	1	0	0	0	0	0	0	0
EHM034692|EHA02331_bin.15_gene_9_1	C287	0	1	1	1	1	1	1	0	0	0	0	0	0	0
EHM034692|EHA02331_bin.15_gene_9_3	C287	0	1	1	1	0	1	0	0	0	0	0	0	0	0
EHM034692|EHA02331_bin.15_gene_9_4	C287	0	1	1	1	0	0	0	0	0	0	1	0	0	0
EHM034692|EHA02331_bin.15_gene_9_5	C287	0	1	1	1	1	0	1	1	1	1	1	1	1	1
EHM034692|EHA02331_bin.15_gene_9_6	C287	0	1	1	1	0	0	0	1	0	0	1	0	0	0
EHM034692|EHA02331_bin.15_gene_9_10	C287	0	1	1	1	1	1	1	1	1	1	1	1	1	1
EHM034692|EHA02331_bin.15_gene_10_5	C287	0	1	1	1	1	0	0	0	0	0	0	0	0	0
EHM034692|EHA02331_bin.15_gene_10_7	C287	0	1	1	1	0	0	0	0	0	0	0	0	0	0
EHM034692|EHA02331_bin.15_gene_10_10	C287	0	1	1	1	0	0	0	0	0	0	0	0	0	0
EHM034692|EHA02331_bin.15_gene_10_11	C287	0	1	1	1	1	0	1	1	1	1	1	1	1	1
EHM034692|EHA02331_bin.15_gene_10_12	C287	0	1	1	1	0	0	0	0	0	0	1	0	0	0
EHM034692|EHA02331_bin.15_gene_11_5	C287	0	1	1	1	0	0	0	0	0	0	0	0	0	1
EHM034692|EHA02331_bin.15_gene_11_6	C287	0	1	1	1	1	1	0	0	0	0	0	1	0	0
EHM034692|EHA02331_bin.15_gene_11_7	C287	0	1	1	1	0	0	0	0	0	0	0	0	0	0
EHM034692|EHA02331_bin.15_gene_11_8	C287	0	1	0	1	0	0	0	0	0	0	0	0	0	0
EHM034692|EHA02331_bin.15_gene_12_1	C287	0	1	1	1	1	0	1	0	0	0	0	0	0	0
EHM034692|EHA02331_bin.15_gene_12_2	C287	0	1	1	1	1	0	1	0	0	0	1	0	0	0
EHM034692|EHA02331_bin.15_gene_13_1	C287	0	1	1	1	1	1	1	0	0	0	1	0	0	1
EHM034692|EHA02331_bin.15_gene_13_5	C287	0	1	1	1	1	1	0	1	1	0	0	0	0	0
EHM034692|EHA02331_bin.15_gene_13_11	C287	0	1	1	1	1	1	0	0	0	0	0	0	0	0
EHM034692|EHA02331_bin.15_gene_14_2	C287	0	1	1	1	1	1	0	0	0	0	0	0	0	0
EHM034692|EHA02331_bin.15_gene_14_4	C287	0	1	0	1	1	0	0	1	1	1	0	1	1	1
EHM034692|EHA02331_bin.15_gene_15_1	C287	0	1	1	1	0	0	0	0	0	0	0	0	0	0
EHM034692|EHA02331_bin.15_gene_16_1	C287	0	1	1	1	1	0	0	1	0	0	1	1	0	0
EHM034692|EHA02331_bin.15_gene_17_2	C287	0	1	1	1	1	0	0	0	0	0	0	1	0	0
EHM034692|EHA02331_bin.15_gene_17_5	C287	0	1	1	1	0	0	0	0	0	0	0	0	0	0
EHM034692|EHA02331_bin.15_gene_18_9	C287	0	1	1	1	0	0	0	0	0	0	0	0	0	0
EHM034692|EHA02331_bin.15_gene_18_11	C287	0	1	1	1	0	0	0	0	0	0	0	0	1	0
EHM034692|EHA02331_bin.15_gene_19_3	C287	0	1	1	1	1	1	0	0	0	0	0	0	0	0
EHM034692|EHA02331_bin.15_gene_21_9	C287	0	1	1	1	1	1	0	0	0	0	0	0	0	0
EHM034692|EHA02331_bin.15_gene_22_1	C287	0	1	1	1	0	1	0	0	0	0	0	1	0	0
EHM034692|EHA02331_bin.15_gene_23_4	C287	0	1	1	1	1	0	0	0	0	0	0	0	0	0
EHM034692|EHA02331_bin.15_gene_24_2	C287	0	1	1	1	0	0	1	1	1	1	1	1	1	1
EHM034692|EHA02331_bin.15_gene_24_4	C287	0	1	1	1	0	1	0	0	0	1	0	0	0	0
EHM034692|EHA02331_bin.15_gene_24_8	C287	0	1	1	1	0	1	1	1	0	0	1	0	0	0
EHM034692|EHA02331_bin.15_gene_24_9	C287	0	1	1	1	0	0	0	0	0	0	0	1	0	0
EHM034692|EHA02331_bin.15_gene_24_10	C287	0	1	1	1	0	0	0	0	0	0	0	0	0	0
EHM034692|EHA02331_bin.15_gene_24_24	C287	0	1	1	1	1	0	0	0	0	0	0	0	0	0
EHM034692|EHA02331_bin.15_gene_24_25	C287	0	1	1	1	0	0	0	0	0	0	0	0	0	0
EHM034692|EHA02331_bin.15_gene_24_26	C287	0	1	1	1	1	1	0	0	0	0	0	0	0	0
EHM034692|EHA02331_bin.15_gene_24_27	C287	0	1	1	1	0	1	0	0	0	0	0	0	0	0
EHM034692|EHA02331_bin.15_gene_25_3	C287	0	1	1	1	0	0	0	0	0	0	0	0	1	0
EHM034692|EHA02331_bin.15_gene_25_13	C287	0	1	0	1	0	0	0	0	0	0	0	0	0	0
EHM034692|EHA02331_bin.15_gene_25_25	C287	0	1	0	1	0	0	0	0	0	0	0	0	0	0
EHM034692|EHA02331_bin.15_gene_28_1	C287	0	1	1	1	0	0	0	0	0	0	0	0	0	0
EHM034692|EHA02331_bin.15_gene_28_3	C287	0	1	1	1	1	1	0	0	0	0	0	0	0	0
EHM034692|EHA02331_bin.15_gene_29_3	C287	0	1	0	1	0	0	0	0	0	0	0	0	0	0
EHM034692|EHA02331_bin.15_gene_29_4	C287	0	1	1	1	0	0	0	0	0	0	0	0	0	0
EHM034692|EHA02331_bin.15_gene_30_3	C287	0	1	1	1	0	0	0	0	0	0	0	0	0	0
EHM034692|EHA02331_bin.15_gene_31_1	C287	0	1	0	1	0	0	0	0	0	0	1	0	0	0
EHM034692|EHA02331_bin.15_gene_31_2	C287	0	1	1	1	1	1	0	0	0	0	1	1	0	0
EHM034692|EHA02331_bin.15_gene_31_3	C287	0	1	1	1	0	0	0	0	0	0	0	0	0	0
EHM034692|EHA02331_bin.15_gene_31_5	C287	0	1	1	1	0	0	0	0	1	0	0	0	0	1
EHM034692|EHA02331_bin.15_gene_32_3	C287	0	1	1	1	1	0	0	0	0	0	0	0	0	0
EHM034692|EHA02331_bin.15_gene_32_4	C287	0	1	1	1	0	0	0	1	1	1	1	1	1	1
EHM034692|EHA02331_bin.15_gene_34_1	C287	0	1	1	1	0	0	0	0	0	0	0	0	0	0
EHM034692|EHA02331_bin.15_gene_34_5	C287	0	1	0	1	0	0	0	0	0	0	1	0	0	0
EHM034692|EHA02331_bin.15_gene_34_6	C287	0	1	1	1	0	0	0	0	0	0	0	0	0	0
EHM034692|EHA02331_bin.15_gene_37_5	C287	0	1	0	1	0	0	0	0	0	0	1	0	0	0
EHM034692|EHA02331_bin.15_gene_37_6	C287	0	1	1	1	0	0	0	0	1	0	0	0	0	1
EHM034692|EHA02331_bin.15_gene_39_1	C287	0	1	0	1	0	0	0	0	0	0	0	0	0	0
EHM034692|EHA02331_bin.15_gene_39_2	C287	0	1	0	1	0	0	0	0	0	0	0	0	0	0
EHM034692|EHA02331_bin.15_gene_41_1	C287	0	1	1	1	0	0	0	0	0	1	0	0	1	0
EHM034692|EHA02331_bin.15_gene_41_2	C287	0	1	0	1	0	0	0	0	0	0	0	0	0	0
EHM034692|EHA02331_bin.15_gene_41_3	C287	0	1	0	1	1	0	0	0	0	0	0	0	0	0
EHM034692|EHA02331_bin.15_gene_42_3	C287	0	1	1	1	0	0	0	0	0	0	0	0	0	0
EHM034692|EHA02331_bin.15_gene_46_3	C287	0	1	1	1	0	1	0	0	0	0	0	0	0	0
EHM034692|EHA02331_bin.15_gene_46_4	C287	0	1	1	1	0	1	0	0	0	0	0	0	0	0
EHM034692|EHA02331_bin.15_gene_46_5	C287	0	1	1	1	0	1	0	0	0	0	0	0	0	0
EHM034692|EHA02331_bin.15_gene_47_8	C287	0	1	1	1	0	1	0	0	0	0	0	0	0	0
EHM034692|EHA02331_bin.15_gene_47_9	C287	0	1	1	1	0	1	0	0	0	0	0	0	0	0
EHM034692|EHA02331_bin.15_gene_47_19	C287	0	1	1	1	0	0	0	0	0	0	0	0	0	0
EHM034692|EHA02331_bin.15_gene_49_5	C287	0	1	0	1	0	0	1	0	0	0	0	0	0	0
EHM034692|EHA02331_bin.15_gene_49_7	C287	0	1	1	1	0	0	0	0	0	0	0	0	0	0
EHM034692|EHA02331_bin.15_gene_49_12	C287	0	1	0	1	0	1	0	0	0	0	0	0	0	0
EHM034692|EHA02331_bin.15_gene_50_6	C287	0	1	1	1	0	0	0	0	0	0	0	0	0	0
EHM034692|EHA02331_bin.15_gene_52_3	C287	0	1	1	1	0	0	0	0	0	0	0	0	0	0
EHM034692|EHA02331_bin.15_gene_53_1	C287	0	1	1	1	0	0	0	0	0	0	0	0	0	0
EHM034692|EHA02331_bin.15_gene_53_5	C287	0	1	1	1	0	0	0	0	0	0	0	0	0	0
EHM034692|EHA02331_bin.15_gene_53_16	C287	0	1	1	1	1	1	1	1	1	1	1	1	1	1
EHM034692|EHA02331_bin.15_gene_53_18	C287	0	1	1	1	0	1	0	0	0	0	0	0	0	0
EHM034692|EHA02331_bin.15_gene_54_3	C287	0	1	1	1	0	0	0	0	0	0	0	0	0	0
EHM034692|EHA02331_bin.15_gene_54_4	C287	0	1	1	1	1	0	0	0	0	0	0	0	0	0
EHM034692|EHA02331_bin.15_gene_55_14	C287	0	1	1	1	1	0	1	0	0	0	0	1	0	0
EHM034692|EHA02331_bin.15_gene_55_18	C287	0	1	1	1	1	0	0	0	0	0	0	1	0	0
EHM034692|EHA02331_bin.15_gene_55_20	C287	0	1	1	1	1	0	0	0	0	0	0	0	1	0
EHM034692|EHA02331_bin.15_gene_55_21	C287	0	1	1	1	1	0	0	0	0	0	0	0	0	0
EHM034692|EHA02331_bin.15_gene_55_27	C287	0	1	1	1	1	0	0	0	0	0	0	0	0	0
EHM034692|EHA02331_bin.15_gene_55_35	C287	0	1	1	1	0	1	0	0	0	0	0	0	0	0
EHM034692|EHA02331_bin.15_gene_55_36	C287	0	1	0	1	0	0	0	0	0	0	0	0	0	0
EHM034692|EHA02331_bin.15_gene_55_40	C287	0	1	1	1	0	1	0	0	0	0	0	0	0	0
EHM034692|EHA02331_bin.15_gene_57_4	C287	0	1	1	1	1	0	0	0	0	0	1	0	0	0
EHM034692|EHA02331_bin.15_gene_57_5	C287	0	1	1	1	1	0	1	0	1	1	1	0	1	1
EHM034692|EHA02331_bin.15_gene_58_5	C287	0	1	1	1	1	1	0	0	0	0	0	1	1	0
EHM034692|EHA02331_bin.15_gene_58_6	C287	0	1	1	1	1	0	1	1	1	1	1	1	1	1
EHM034692|EHA02331_bin.15_gene_58_8	C287	0	1	1	1	1	1	1	1	1	0	0	1	0	1
EHM034692|EHA02331_bin.15_gene_59_6	C287	0	1	1	1	0	0	0	0	0	0	0	0	0	0
EHM034692|EHA02331_bin.15_gene_59_8	C287	0	1	1	1	0	1	0	0	0	0	0	0	0	0
EHM034692|EHA02331_bin.15_gene_59_11	C287	0	1	1	1	1	0	0	1	1	1	1	1	1	1
EHM034692|EHA02331_bin.15_gene_59_13	C287	0	1	1	1	1	0	0	0	0	0	0	0	0	1
EHM034692|EHA02331_bin.15_gene_59_14	C287	0	1	0	1	1	0	1	0	0	0	0	1	0	0
EHM034692|EHA02331_bin.15_gene_59_15	C287	0	1	1	1	1	1	1	0	1	1	1	0	0	0
EHM034692|EHA02331_bin.15_gene_59_16	C287	0	1	1	1	0	0	0	0	0	0	0	0	0	0
EHM034692|EHA02331_bin.15_gene_59_17	C287	0	1	1	1	0	1	0	0	0	0	0	0	0	0
EHM034692|EHA02331_bin.15_gene_59_21	C287	0	1	1	1	0	0	0	0	0	0	0	0	0	0
EHM034692|EHA02331_bin.15_gene_59_23	C287	0	1	1	1	0	0	0	1	1	1	0	0	0	0
EHM034692|EHA02331_bin.15_gene_59_27	C287	0	1	1	1	0	1	0	0	1	1	0	0	1	0
EHM034692|EHA02331_bin.15_gene_59_30	C287	0	1	1	1	0	1	0	0	0	0	0	0	0	0
EHM034692|EHA02331_bin.15_gene_59_32	C287	0	1	1	1	0	0	0	0	0	0	0	0	0	0
EHM034692|EHA02331_bin.15_gene_59_42	C287	0	1	1	1	0	0	0	0	0	0	0	0	0	0
EHM034692|EHA02331_bin.15_gene_60_1	C287	0	1	1	1	0	0	1	0	0	0	0	0	0	0
EHM034692|EHA02331_bin.15_gene_60_2	C287	0	1	1	1	1	0	1	1	1	1	1	1	1	1
EHM034692|EHA02331_bin.15_gene_60_7	C287	0	1	1	1	0	0	0	0	0	0	0	0	0	0
EHM034692|EHA02331_bin.15_gene_60_9	C287	0	1	1	1	0	1	0	0	0	0	0	0	0	0
EHM034692|EHA02331_bin.15_gene_60_16	C287	0	1	1	1	0	0	0	0	0	0	1	1	0	0
EHM034692|EHA02331_bin.15_gene_60_17	C287	0	1	1	1	0	0	0	0	0	0	1	1	0	0
EHM034692|EHA02331_bin.15_gene_60_19	C287	0	1	1	1	0	0	0	0	1	0	1	0	0	0
EHM034692|EHA02331_bin.15_gene_62_5	C287	0	1	1	1	0	0	0	0	0	0	0	0	0	0
EHM034692|EHA02331_bin.15_gene_62_7	C287	0	1	0	1	0	0	0	0	0	0	0	0	0	0
EHM034692|EHA02331_bin.15_gene_62_10	C287	0	1	1	1	1	1	1	1	1	1	0	1	1	1
EHM034692|EHA02331_bin.15_gene_62_11	C287	0	1	1	1	1	1	1	1	1	1	0	1	1	1
EHM034692|EHA02331_bin.15_gene_62_16	C287	0	1	1	1	0	0	0	0	0	0	0	0	0	0
EHM034692|EHA02331_bin.15_gene_62_18	C287	0	1	1	1	0	1	1	0	0	1	0	0	1	0
EHM034692|EHA02331_bin.15_gene_62_19	C287	0	1	1	1	1	0	0	0	0	0	0	0	0	0
EHM034692|EHA02331_bin.15_gene_62_25	C287	0	1	1	1	0	1	1	0	0	0	1	0	0	0
EHM034692|EHA02331_bin.15_gene_62_27	C287	0	1	1	1	0	1	0	0	0	0	0	0	0	0
EHM034692|EHA02331_bin.15_gene_62_28	C287	0	1	1	1	0	1	0	0	0	0	0	0	0	1
EHM034692|EHA02331_bin.15_gene_62_29	C287	0	1	1	1	0	1	0	0	0	0	0	0	0	0
EHM034692|EHA02331_bin.15_gene_62_30	C287	0	1	1	1	0	1	0	0	0	0	0	0	0	0
EHM034692|EHA02331_bin.15_gene_62_31	C287	0	1	0	1	0	0	0	1	1	0	1	0	0	0
EHM034692|EHA02331_bin.15_gene_62_38	C287	0	1	1	1	0	0	0	0	0	0	0	0	0	0
EHM034692|EHA02331_bin.15_gene_62_39	C287	0	1	0	1	1	0	0	0	0	0	0	0	0	0
EHM034692|EHA02331_bin.15_gene_62_45	C287	0	1	1	1	1	1	1	1	1	1	1	1	0	1
EHM034692|EHA02331_bin.15_gene_62_47	C287	0	1	0	1	0	0	0	0	0	0	0	0	0	0
EHM034692|EHA02331_bin.15_gene_62_55	C287	0	1	1	1	0	0	0	0	0	0	0	0	0	0
EHM034692|EHA02331_bin.15_gene_62_58	C287	0	1	1	1	0	0	1	0	0	0	0	0	0	0
EHM034692|EHA02331_bin.15_gene_62_61	C287	0	1	1	1	0	0	0	0	0	0	0	0	0	0
EHM034692|EHA02331_bin.15_gene_62_64	C287	0	1	1	1	0	0	1	1	0	1	0	0	0	1
EHM034692|EHA02331_bin.15_gene_63_1	C287	0	1	1	1	1	1	0	0	0	0	0	0	0	0
EHM034692|EHA02331_bin.15_gene_64_3	C287	0	1	1	1	0	0	0	0	0	0	0	0	0	0
EHM034692|EHA02331_bin.15_gene_65_1	C287	0	1	1	1	1	1	0	0	0	0	1	0	0	0
EHM034692|EHA02331_bin.15_gene_66_2	C287	0	1	1	1	0	1	1	1	1	1	1	1	0	1
EHM034692|EHA02331_bin.15_gene_66_3	C287	0	1	1	1	0	1	0	0	0	0	0	0	0	0
EHM034692|EHA02331_bin.15_gene_70_2	C287	0	1	1	1	0	0	1	0	0	1	0	0	1	0
EHM034692|EHA02331_bin.15_gene_70_5	C287	0	1	1	1	0	0	0	0	0	0	0	0	0	0
EHM034692|EHA02331_bin.15_gene_71_4	C287	0	1	1	1	0	0	1	0	0	0	0	0	0	0
EHM034692|EHA02331_bin.15_gene_73_1	C287	0	1	1	1	0	1	0	0	0	0	0	0	1	1
EHM034692|EHA02331_bin.15_gene_73_2	C287	0	1	1	1	0	1	0	0	0	0	0	0	1	1
EHM034692|EHA02331_bin.15_gene_73_10	C287	0	1	1	1	0	0	0	0	0	0	0	0	0	0
EHM034692|EHA02331_bin.15_gene_73_12	C287	0	1	0	1	0	0	0	0	0	0	0	1	0	0
EHM034692|EHA02331_bin.15_gene_73_13	C287	0	1	0	1	0	0	1	0	0	0	0	1	0	1
EHM034692|EHA02331_bin.15_gene_74_1	C287	0	1	1	1	1	0	0	1	1	0	0	1	0	0
EHM034692|EHA02331_bin.15_gene_74_2	C287	0	1	1	1	1	1	1	1	0	1	0	1	1	1
EHM034692|EHA02331_bin.15_gene_75_1	C287	0	1	1	1	0	1	0	0	1	0	0	0	1	1
EHM034692|EHA02331_bin.15_gene_78_1	C287	0	1	1	1	1	1	1	1	0	0	1	0	0	1
EHM034692|EHA02331_bin.15_gene_78_2	C287	0	1	1	1	0	0	0	0	0	0	0	0	0	0
EHM034692|EHA02331_bin.15_gene_80_2	C287	0	1	1	1	0	1	0	0	0	0	0	0	0	0
EHM034692|EHA02331_bin.15_gene_81_3	C287	0	1	1	1	0	1	0	0	0	0	1	0	0	0
EHM034692|EHA02331_bin.15_gene_82_1	C287	0	1	1	1	0	1	0	0	0	0	0	0	0	0
EHM034692|EHA02331_bin.15_gene_83_1	C287	0	1	1	1	1	1	1	0	1	1	1	0	0	1
EHM034692|EHA02331_bin.15_gene_85_2	C287	0	1	1	1	0	1	0	0	0	0	0	0	0	0
EHM034692|EHA02331_bin.15_gene_86_2	C287	0	1	0	1	0	0	0	0	0	0	0	0	0	0
EHM034692|EHA02331_bin.15_gene_87_8	C287	0	1	1	1	0	0	0	0	0	0	0	0	0	0
EHM034692|EHA02331_bin.15_gene_87_10	C287	0	1	1	1	0	0	0	0	0	0	0	0	0	0
EHM034692|EHA02331_bin.15_gene_87_11	C287	0	1	1	1	0	0	0	0	0	1	0	0	0	0
EHM034692|EHA02331_bin.15_gene_87_16	C287	0	1	1	1	0	0	0	0	1	1	0	0	0	0
EHM034692|EHA02331_bin.15_gene_87_17	C287	0	1	1	1	0	0	0	0	0	0	0	0	0	0
EHM034692|EHA02331_bin.15_gene_87_21	C287	0	1	1	1	0	0	1	0	1	0	0	0	0	0
EHM034692|EHA02331_bin.15_gene_87_22	C287	0	1	1	1	0	1	0	0	0	1	0	0	1	1
EHM034692|EHA02331_bin.15_gene_87_24	C287	0	1	1	1	0	0	1	0	0	0	1	1	0	0
EHM034692|EHA02331_bin.15_gene_87_27	C287	0	1	0	1	0	0	0	0	0	0	0	0	0	0
EHM034692|EHA02331_bin.15_gene_87_29	C287	0	1	1	1	0	0	0	0	0	0	0	0	0	0
EHM034692|EHA02331_bin.15_gene_87_47	C287	0	1	1	1	0	1	0	0	0	0	0	0	0	0
EHM034692|EHA02331_bin.15_gene_89_5	C287	0	1	1	1	0	1	0	0	1	1	0	0	1	1
EHM034692|EHA02331_bin.15_gene_90_4	C287	0	1	1	1	0	1	0	0	0	0	0	0	0	0
EHM034692|EHA02331_bin.15_gene_91_1	C287	0	1	0	1	0	0	0	0	0	0	0	0	0	0
EHM034692|EHA02331_bin.15_gene_91_3	C287	0	1	1	1	0	0	1	0	0	0	1	1	0	0
EHM034692|EHA02331_bin.15_gene_95_2	C287	0	1	1	1	1	1	1	1	0	0	1	1	0	0
EHM034692|EHA02331_bin.15_gene_96_4	C287	0	1	1	1	0	0	0	0	0	0	0	0	0	0
EHM034692|EHA02331_bin.15_gene_98_4	C287	0	1	0	1	0	0	0	0	0	0	0	0	0	0
EHM034692|EHA02331_bin.15_gene_98_8	C287	0	1	1	1	1	1	0	1	1	1	0	0	1	1
EHM034692|EHA02331_bin.15_gene_98_11	C287	0	1	1	1	1	1	0	0	0	0	1	1	0	0
EHM034692|EHA02331_bin.15_gene_98_22	C287	0	1	1	1	0	1	0	0	0	0	0	0	1	1
EHM034692|EHA02331_bin.15_gene_98_24	C287	0	1	1	1	0	0	0	0	0	0	0	0	0	0
EHM034692|EHA02331_bin.15_gene_98_26	C287	0	1	1	1	1	0	0	1	1	1	1	0	0	1
EHM034692|EHA02331_bin.15_gene_98_27	C287	0	1	1	1	0	1	0	0	0	0	0	0	0	0
EHM034692|EHA02331_bin.15_gene_99_1	C287	0	1	1	1	0	0	0	0	0	0	0	0	0	0
EHM034692|EHA02331_bin.15_gene_100_2	C287	0	1	1	1	1	1	1	1	1	1	1	1	1	1
EHM034692|EHA02331_bin.15_gene_101_1	C287	0	1	1	1	1	1	1	1	1	1	1	0	1	1
EHM034692|EHA02331_bin.15_gene_101_2	C287	0	1	0	1	0	0	0	0	0	0	0	0	0	0
EHM034692|EHA02331_bin.15_gene_101_3	C287	0	1	1	1	0	0	0	0	1	0	0	0	0	0
EHM034692|EHA02331_bin.15_gene_102_1	C287	0	1	1	1	1	1	1	0	0	0	0	0	1	0
EHM034692|EHA02331_bin.15_gene_102_2	C287	0	1	1	1	0	0	0	0	0	0	1	0	1	0
EHM034692|EHA02331_bin.15_gene_102_3	C287	0	1	1	1	0	0	0	0	0	0	1	0	0	0
EHM034692|EHA02331_bin.15_gene_102_4	C287	0	1	1	1	0	1	0	0	0	0	1	0	1	0
EHM034692|EHA02331_bin.15_gene_102_5	C287	0	1	0	1	0	1	0	0	0	0	0	0	0	0
EHM034692|EHA02331_bin.15_gene_102_7	C287	0	1	1	1	0	0	0	0	0	0	0	0	0	0
EHM034692|EHA02331_bin.15_gene_103_3	C287	0	1	1	1	0	0	0	0	0	0	0	0	0	0
EHM034692|EHA02331_bin.15_gene_103_5	C287	0	1	1	1	0	0	0	0	0	0	0	0	0	0
EHM034692|EHA02331_bin.15_gene_105_1	C287	0	1	1	1	1	0	1	0	0	0	1	0	0	0
EHM034692|EHA02331_bin.15_gene_105_3	C287	0	1	1	1	0	0	0	0	0	0	0	0	0	0
EHM034692|EHA02331_bin.15_gene_105_4	C287	0	1	1	1	0	1	0	0	0	0	0	0	0	0
EHM034692|EHA02331_bin.15_gene_106_3	C287	0	1	0	1	1	0	0	0	0	1	0	0	1	0
EHM034692|EHA02331_bin.15_gene_106_4	C287	0	1	0	1	0	0	0	0	0	0	0	0	0	0
EHM034692|EHA02331_bin.15_gene_107_1	C287	0	1	1	1	1	1	0	0	1	0	0	0	0	1
EHM034692|EHA02331_bin.15_gene_107_4	C287	0	1	1	1	1	0	0	0	0	0	0	0	0	0
EHM034692|EHA02331_bin.15_gene_107_8	C287	0	1	1	1	0	1	0	0	0	0	0	0	0	0
EHM034692|EHA02331_bin.15_gene_108_9	C287	0	1	1	1	0	0	1	1	1	1	0	1	1	1
EHM034692|EHA02331_bin.15_gene_108_10	C287	0	1	1	1	0	1	0	0	0	0	0	0	0	0
EHM034692|EHA02331_bin.15_gene_108_14	C287	0	1	1	1	0	0	0	1	0	0	0	1	0	0
EHM034692|EHA02331_bin.15_gene_112_3	C287	0	1	1	1	0	0	0	0	0	0	0	0	0	0
EHM034692|EHA02331_bin.15_gene_112_4	C287	0	1	1	1	0	1	0	0	0	0	0	0	0	0
EHM034692|EHA02331_bin.15_gene_114_1	C287	0	1	1	1	0	0	0	0	0	0	1	0	0	0
EHM034692|EHA02331_bin.15_gene_114_2	C287	0	1	1	1	0	0	0	0	0	0	0	0	0	0
EHM034692|EHA02331_bin.15_gene_114_9	C287	0	1	1	1	0	1	0	0	0	0	0	0	0	0
EHM034692|EHA02331_bin.15_gene_114_10	C287	0	1	1	1	0	1	0	0	0	0	0	0	0	0
EHM034692|EHA02331_bin.15_gene_114_11	C287	0	1	1	1	0	1	0	0	0	0	0	0	0	0
EHM034692|EHA02331_bin.15_gene_114_12	C287	0	1	1	1	0	1	0	0	0	0	0	0	0	0
EHM034692|EHA02331_bin.15_gene_115_1	C287	0	1	0	1	0	0	0	0	0	0	0	0	0	0
EHM034692|EHA02331_bin.15_gene_115_2	C287	0	1	1	1	1	1	1	0	0	0	1	1	0	0
EHM034692|EHA02331_bin.15_gene_118_1	C287	0	1	0	1	0	0	0	0	0	0	0	0	0	0
EHM034692|EHA02331_bin.15_gene_118_10	C287	0	1	0	1	0	0	0	0	0	0	0	0	0	0
EHM034692|EHA02331_bin.15_gene_119_1	C287	0	1	1	1	1	1	1	1	1	1	1	0	1	1
EHM034692|EHA02331_bin.15_gene_120_4	C287	0	1	1	1	1	0	0	1	1	1	1	0	1	1
EHM034692|EHA02331_bin.15_gene_120_7	C287	0	1	1	1	0	0	0	0	0	0	0	0	0	0
EHM034692|EHA02331_bin.15_gene_122_2	C287	0	1	0	1	0	0	0	0	0	0	0	0	0	0
EHM034692|EHA02331_bin.15_gene_123_3	C287	0	1	1	1	0	1	0	0	0	0	0	0	0	1
EHM034692|EHA02331_bin.15_gene_124_1	C287	0	1	1	1	0	1	0	0	0	0	0	0	0	0
EHM034692|EHA02331_bin.15_gene_124_5	C287	0	1	0	1	0	1	0	0	0	0	0	0	0	0
EHM034692|EHA02331_bin.15_gene_124_6	C287	0	1	1	1	1	1	1	0	0	0	1	1	0	0
EHM034692|EHA02331_bin.15_gene_126_1	C287	0	1	1	1	0	0	0	0	0	0	0	0	0	0
EHM034692|EHA02331_bin.15_gene_126_2	C287	0	1	0	1	0	0	0	0	0	0	0	0	0	1
EHM034692|EHA02331_bin.15_gene_126_4	C287	0	1	1	1	1	0	0	0	0	0	0	0	0	0
EHM034692|EHA02331_bin.15_gene_127_2	C287	0	1	1	1	1	1	0	1	1	1	1	1	1	1
EHM034692|EHA02331_bin.15_gene_127_8	C287	0	1	1	1	0	0	0	0	0	0	0	0	0	0
EHM034692|EHA02331_bin.15_gene_127_9	C287	0	1	1	1	0	1	0	0	1	0	0	0	0	0
EHM034692|EHA02331_bin.15_gene_127_13	C287	0	1	1	1	0	1	1	1	1	1	0	0	1	1
EHM034692|EHA02331_bin.15_gene_127_15	C287	0	1	1	1	1	0	0	0	0	0	0	0	0	0
EHM034692|EHA02331_bin.15_gene_127_16	C287	0	1	1	1	1	0	0	0	0	0	0	0	0	0
EHM034692|EHA02331_bin.15_gene_127_20	C287	0	1	1	1	0	0	0	0	0	0	0	0	0	0
EHM034692|EHA02331_bin.15_gene_127_25	C287	0	1	1	1	1	1	1	1	0	0	1	1	0	0
EHM034692|EHA02331_bin.15_gene_127_27	C287	0	1	1	1	0	0	0	0	0	0	1	1	1	0
EHM034692|EHA02331_bin.15_gene_127_29	C287	0	1	1	1	1	0	1	1	1	1	1	1	1	1
EHM034692|EHA02331_bin.15_gene_127_33	C287	0	1	1	1	0	0	0	0	1	0	0	0	0	0
EHM034692|EHA02331_bin.15_gene_127_34	C287	0	1	1	1	0	0	0	0	0	0	0	0	0	0
EHM034692|EHA02331_bin.15_gene_128_7	C287	0	1	0	1	0	0	0	0	0	0	0	0	0	0
EHM034692|EHA02331_bin.15_gene_129_1	C287	0	1	1	1	0	1	1	0	0	0	0	0	0	0
EHM034692|EHA02331_bin.15_gene_130_5	C287	0	1	1	1	1	0	1	0	0	0	0	1	0	0
EHM034692|EHA02331_bin.15_gene_131_1	C287	0	1	1	1	0	1	0	0	0	0	0	0	0	0
EHM034692|EHA02331_bin.15_gene_132_1	C287	0	1	1	1	1	0	0	1	0	0	1	1	0	0
EHM034692|EHA02331_bin.15_gene_132_2	C287	0	1	1	1	1	0	0	1	0	0	1	1	0	0
EHM034692|EHA02331_bin.15_gene_132_3	C287	0	1	1	1	1	0	0	1	0	0	0	1	0	0
EHM034692|EHA02331_bin.15_gene_132_4	C287	0	1	1	1	1	0	0	1	0	0	0	1	0	0
EHM034692|EHA02331_bin.15_gene_132_5	C287	0	1	1	1	1	0	0	0	0	0	0	1	0	0
EHM034692|EHA02331_bin.15_gene_132_6	C287	0	1	1	1	0	0	0	0	0	0	0	0	0	0
EHM034692|EHA02331_bin.15_gene_133_7	C287	0	1	1	1	0	1	1	0	1	1	1	1	1	1
EHM034692|EHA02331_bin.15_gene_133_8	C287	0	1	1	1	0	1	1	0	1	1	1	1	1	1
EHM034692|EHA02331_bin.15_gene_133_9	C287	0	1	1	1	0	1	1	0	1	1	1	1	1	1
EHM034692|EHA02331_bin.15_gene_133_11	C287	0	1	1	1	0	0	1	0	0	0	1	1	0	0
EHM034692|EHA02331_bin.15_gene_133_12	C287	0	1	1	1	0	0	1	1	0	0	1	1	0	0
EHM034692|EHA02331_bin.15_gene_133_14	C287	0	1	1	1	0	0	0	0	0	0	1	0	0	0
EHM034692|EHA02331_bin.15_gene_134_6	C287	0	1	0	1	0	0	0	0	0	0	0	0	0	0
EHM034692|EHA02331_bin.15_gene_135_7	C287	0	1	1	1	0	0	0	0	0	0	0	0	0	0
EHM034692|EHA02331_bin.15_gene_136_1	C287	0	1	1	1	0	0	0	0	0	0	0	0	0	0
EHM034692|EHA02331_bin.15_gene_136_11	C287	0	1	1	1	1	1	1	0	1	0	0	0	0	0
EHM034692|EHA02331_bin.15_gene_136_15	C287	0	1	1	1	1	1	0	0	0	0	0	0	0	0
EHM034692|EHA02331_bin.15_gene_137_2	C287	0	1	1	1	1	1	0	0	0	0	0	1	0	0
EHM034692|EHA02331_bin.15_gene_137_3	C287	0	1	1	1	1	1	0	0	0	0	0	1	0	0
EHM034692|EHA02331_bin.15_gene_137_4	C287	0	1	1	1	1	1	0	0	0	0	0	1	0	1
EHM034692|EHA02331_bin.15_gene_137_5	C287	0	1	1	1	0	0	0	0	0	0	0	0	0	0
EHM034692|EHA02331_bin.15_gene_137_6	C287	0	1	1	1	0	0	0	0	0	0	0	0	0	0
EHM034692|EHA02331_bin.15_gene_137_15	C287	0	1	1	1	1	1	0	0	0	0	0	0	0	0
EHM034692|EHA02331_bin.15_gene_137_16	C287	0	1	0	1	0	0	0	0	0	0	0	0	0	0
EHM034692|EHA02331_bin.15_gene_138_2	C287	0	1	1	1	0	1	1	0	0	0	0	0	0	0
EHM034692|EHA02331_bin.15_gene_139_1	C287	0	1	1	1	0	1	0	0	0	0	1	0	0	0
EHM034692|EHA02331_bin.15_gene_140_6	C287	0	1	1	1	0	0	0	0	0	0	1	0	0	0
EHM034692|EHA02331_bin.15_gene_140_8	C287	0	1	0	1	0	0	0	0	0	1	0	1	0	0
EHM034692|EHA02331_bin.15_gene_140_9	C287	0	1	0	1	0	0	0	0	0	1	0	1	0	0
EHM034692|EHA02331_bin.15_gene_140_21	C287	0	1	1	1	1	1	1	1	1	1	1	1	1	1
EHM034692|EHA02331_bin.15_gene_141_1	C287	0	1	0	1	0	1	0	0	0	0	0	0	0	0
EHM034692|EHA02331_bin.15_gene_141_5	C287	0	1	1	1	0	1	0	0	0	0	0	0	0	0
EHM034692|EHA02331_bin.15_gene_142_4	C287	0	1	1	1	1	0	0	1	0	0	1	1	0	0
EHM034692|EHA02331_bin.15_gene_142_6	C287	0	1	1	1	0	1	0	0	0	0	0	0	0	0
EHM034692|EHA02331_bin.15_gene_142_9	C287	0	1	0	1	1	0	1	0	0	1	0	0	0	1
EHM034692|EHA02331_bin.15_gene_143_1	C287	0	1	1	1	0	0	1	0	1	0	0	1	0	0
EHM034692|EHA02331_bin.15_gene_143_2	C287	0	1	0	1	0	0	0	0	0	0	0	0	0	0
EHM034692|EHA02331_bin.15_gene_143_5	C287	0	1	1	1	0	0	0	0	0	0	0	0	0	0
EHM034692|EHA02331_bin.15_gene_144_1	C287	0	1	1	1	1	1	0	1	1	1	1	1	0	1
EHM034692|EHA02331_bin.15_gene_144_2	C287	0	1	0	1	0	0	1	1	1	0	0	0	0	1
EHM034692|EHA02331_bin.15_gene_144_6	C287	0	1	1	1	1	0	0	0	1	0	0	0	0	0
EHM034692|EHA02331_bin.15_gene_145_1	C287	0	1	1	1	1	0	0	1	0	0	1	1	0	0
EHM034692|EHA02331_bin.15_gene_145_2	C287	0	1	1	1	1	0	0	1	0	0	0	1	0	0
EHM034692|EHA02331_bin.15_gene_145_3	C287	0	1	1	1	1	0	0	1	0	0	0	1	0	0
EHM034692|EHA02331_bin.15_gene_145_4	C287	0	1	1	1	1	0	0	1	0	0	0	1	0	0
EHM034692|EHA02331_bin.15_gene_146_2	C287	0	1	1	1	1	0	1	1	1	1	0	0	0	1
EHM034692|EHA02331_bin.15_gene_149_1	C287	0	1	1	1	1	0	0	0	0	0	0	0	0	0
EHM034692|EHA02331_bin.15_gene_149_2	C287	0	1	1	1	0	0	0	0	0	0	0	0	0	0
EHM034692|EHA02331_bin.15_gene_149_8	C287	0	1	0	1	0	0	0	0	0	0	0	0	0	1
EHM034692|EHA02331_bin.15_gene_149_9	C287	0	1	1	1	0	1	0	0	0	0	0	0	0	1
EHM034692|EHA02331_bin.15_gene_149_11	C287	0	1	1	1	1	0	0	0	0	0	0	0	0	0
EHM034692|EHA02331_bin.15_gene_150_1	C287	0	1	1	1	0	0	0	0	0	0	0	0	0	0
EHM034692|EHA02331_bin.15_gene_151_1	C287	0	1	1	1	0	1	0	0	0	0	0	0	0	0
EHM034692|EHA02331_bin.15_gene_154_5	C287	0	1	1	1	1	1	1	1	1	1	1	1	1	1
EHM034692|EHA02331_bin.15_gene_155_5	C287	0	1	1	1	0	0	0	0	0	0	0	0	0	0
EHM034692|EHA02331_bin.15_gene_155_8	C287	0	1	1	1	1	0	0	0	0	0	0	1	0	0
EHM034692|EHA02331_bin.15_gene_155_9	C287	0	1	1	1	1	0	0	0	0	0	0	0	0	0
EHM034692|EHA02331_bin.15_gene_157_3	C287	0	1	1	1	0	0	0	0	0	0	0	0	0	0
EHM034692|EHA02331_bin.15_gene_157_4	C287	0	1	1	1	0	0	0	0	0	0	0	0	0	0
EHM034692|EHA02331_bin.15_gene_157_5	C287	0	1	1	1	0	0	0	0	0	0	0	0	0	0
EHM034692|EHA02331_bin.15_gene_157_8	C287	0	1	1	1	0	1	0	0	0	0	0	0	0	0
EHM034692|EHA02331_bin.15_gene_157_9	C287	0	1	1	1	0	1	0	0	0	0	0	0	0	0
EHM034692|EHA02331_bin.15_gene_158_1	C287	0	1	1	1	0	0	0	0	0	0	0	0	0	0
EHM034692|EHA02331_bin.15_gene_158_3	C287	0	1	1	1	0	1	0	0	0	0	1	1	0	0
EHM034692|EHA02331_bin.15_gene_158_6	C287	0	1	1	1	0	0	1	0	0	0	0	0	0	0
EHM034692|EHA02331_bin.15_gene_159_1	C287	0	1	0	1	1	1	0	0	0	0	1	1	0	0
EHM034692|EHA02331_bin.15_gene_161_7	C287	0	1	1	1	1	0	1	1	1	1	1	1	1	1
EHM034692|EHA02331_bin.15_gene_161_12	C287	0	1	1	1	0	1	0	0	0	0	0	1	0	0
EHM034692|EHA02331_bin.15_gene_161_13	C287	0	1	1	1	0	0	0	0	0	0	0	0	0	0
EHM034692|EHA02331_bin.15_gene_161_14	C287	0	1	1	1	0	0	0	0	0	0	0	0	0	0
EHM034692|EHA02331_bin.15_gene_161_15	C287	0	1	1	1	0	0	0	0	1	0	0	0	0	0
EHM034692|EHA02331_bin.15_gene_163_4	C287	0	1	0	1	0	0	0	0	0	0	0	0	0	0
EHM034692|EHA02331_bin.15_gene_164_5	C287	0	1	1	1	0	0	0	0	0	0	0	0	0	0
EHM034692|EHA02331_bin.15_gene_165_2	C287	0	1	1	1	0	0	0	0	0	0	0	0	0	0
EHM034692|EHA02331_bin.15_gene_165_3	C287	0	1	1	1	1	0	0	0	0	0	0	0	0	0
EHM034692|EHA02331_bin.15_gene_166_7	C287	0	1	1	1	1	1	1	1	1	1	1	1	1	1
EHM034692|EHA02331_bin.15_gene_166_8	C287	0	1	1	1	1	1	1	1	1	1	0	1	1	1
EHM034692|EHA02331_bin.15_gene_166_9	C287	0	1	1	1	0	0	0	0	0	0	1	0	0	0
EHM034692|EHA02331_bin.15_gene_167_1	C287	0	1	0	1	0	0	0	0	0	0	0	0	0	0
EHM034692|EHA02331_bin.15_gene_167_2	C287	0	1	0	1	0	0	0	0	0	0	1	0	0	0
EHM034692|EHA02331_bin.15_gene_167_3	C287	0	1	1	1	0	0	0	0	0	0	0	0	0	0
EHM034692|EHA02331_bin.15_gene_167_4	C287	0	1	1	1	0	0	0	0	0	0	0	0	0	0
EHM034692|EHA02331_bin.15_gene_167_5	C287	0	1	1	1	0	1	0	0	0	0	0	0	0	0
EHM034692|EHA02331_bin.15_gene_167_8	C287	0	1	1	1	0	0	0	0	0	0	0	0	0	0
EHM034692|EHA02331_bin.15_gene_167_10	C287	0	1	0	1	0	0	0	0	0	0	0	0	0	1
EHM034692|EHA02331_bin.15_gene_167_11	C287	0	1	0	1	0	0	0	0	0	0	0	0	0	0
EHM034692|EHA02331_bin.15_gene_168_4	C287	0	1	1	1	0	1	0	0	0	0	0	0	0	0
EHM034692|EHA02331_bin.15_gene_168_5	C287	0	1	0	1	0	0	0	0	0	0	0	0	0	0
EHM034692|EHA02331_bin.15_gene_168_6	C287	0	1	0	1	0	0	0	0	0	0	0	0	0	0
EHM034692|EHA02331_bin.15_gene_168_7	C287	0	1	1	1	0	0	0	0	0	0	0	0	0	0
EHM034692|EHA02331_bin.15_gene_169_1	C287	0	1	1	1	1	1	1	0	1	0	1	0	0	1
EHM034692|EHA02331_bin.15_gene_169_15	C287	0	1	1	1	0	0	0	0	0	0	0	0	0	0
EHM034692|EHA02331_bin.15_gene_169_16	C287	0	1	1	1	0	1	0	0	0	0	0	0	0	0
EHM034692|EHA02331_bin.15_gene_169_17	C287	0	1	1	1	0	1	0	0	0	0	0	0	0	0
EHM034692|EHA02331_bin.15_gene_169_18	C287	0	1	1	1	0	0	0	0	0	0	0	0	0	0
EHM034692|EHA02331_bin.15_gene_169_19	C287	0	1	1	1	0	1	0	0	0	0	0	0	0	0
EHM034692|EHA02331_bin.15_gene_169_20	C287	0	1	0	1	0	1	0	0	0	0	0	0	0	0
EHM034692|EHA02331_bin.15_gene_169_27	C287	0	1	1	1	0	0	0	0	0	0	0	0	0	0
EHM034692|EHA02331_bin.15_gene_169_34	C287	0	1	1	1	0	0	0	0	0	0	0	0	0	0
EHM034692|EHA02331_bin.15_gene_169_44	C287	0	1	1	1	1	1	1	1	0	0	1	1	0	0
EHM034692|EHA02331_bin.15_gene_169_46	C287	0	1	1	1	0	0	0	0	0	0	0	0	0	0
EHM034692|EHA02331_bin.15_gene_171_5	C287	0	1	0	1	0	0	0	0	0	0	0	0	0	0
EHM034692|EHA02331_bin.15_gene_172_1	C287	0	1	1	1	0	0	0	0	0	0	0	0	0	0
EHM034692|EHA02331_bin.15_gene_172_2	C287	0	1	1	1	0	0	0	1	0	0	0	0	0	0
EHM034692|EHA02331_bin.15_gene_172_3	C287	0	1	1	1	0	0	0	1	0	0	0	1	0	0
EHM034692|EHA02331_bin.15_gene_172_9	C287	0	1	1	1	1	0	0	0	0	0	0	0	0	0
EHM034692|EHA02331_bin.15_gene_172_21	C287	0	1	1	1	1	0	0	0	0	0	0	0	0	0
EHM034692|EHA02331_bin.15_gene_174_2	C287	0	1	1	1	1	0	0	1	0	0	0	0	0	0
EHM034692|EHA02331_bin.15_gene_174_3	C287	0	1	1	1	0	0	0	0	0	0	0	0	0	0
EHM034692|EHA02331_bin.15_gene_174_5	C287	0	1	1	1	0	0	0	0	0	0	0	0	0	0
EHM034692|EHA02331_bin.15_gene_174_6	C287	0	1	1	1	0	0	0	0	0	0	1	0	0	0
EHM034692|EHA02331_bin.15_gene_175_3	C287	0	1	1	1	0	0	0	0	0	0	1	1	1	0
EHM034692|EHA02331_bin.15_gene_176_1	C287	0	1	0	1	0	0	0	0	0	0	0	0	0	0
EHM034692|EHA02331_bin.15_gene_177_2	C287	0	1	0	1	0	0	0	0	0	0	0	0	0	0
EHM034692|EHA02331_bin.15_gene_178_3	C287	0	1	1	1	1	0	1	0	0	0	0	0	0	0
EHM034692|EHA02331_bin.15_gene_178_4	C287	0	1	1	1	0	0	0	0	0	0	0	0	0	0
EHM034692|EHA02331_bin.15_gene_179_1	C287	0	1	0	1	0	0	0	0	0	0	0	0	0	0
EHM034692|EHA02331_bin.15_gene_179_2	C287	0	1	1	1	1	1	0	0	0	0	0	0	0	0
EHM034692|EHA02331_bin.15_gene_184_1	C287	0	1	0	1	0	0	0	0	0	0	0	0	0	0
EHM034692|EHA02331_bin.15_gene_184_3	C287	0	1	0	1	0	1	0	0	0	0	0	0	1	1
EHM034692|EHA02331_bin.15_gene_185_2	C287	0	1	1	1	1	0	1	1	1	1	0	1	1	1
EHM034692|EHA02331_bin.15_gene_185_3	C287	0	1	1	1	1	0	1	1	1	1	0	1	1	1
EHM034692|EHA02331_bin.15_gene_185_9	C287	0	1	1	1	0	1	0	0	0	0	0	1	0	0
EHM034692|EHA02331_bin.15_gene_185_12	C287	0	1	1	1	0	0	0	0	0	0	0	0	0	0
EHM034692|EHA02331_bin.15_gene_187_3	C287	0	1	0	1	0	0	0	0	0	0	0	0	0	0
EHM034692|EHA02331_bin.15_gene_187_4	C287	0	1	0	1	0	0	0	0	0	0	0	0	0	0
EHM034692|EHA02331_bin.15_gene_187_6	C287	0	1	0	1	1	0	0	0	0	0	1	1	1	1
EHM034692|EHA02331_bin.15_gene_188_7	C287	0	1	1	1	1	1	0	0	0	0	0	1	0	1
EHM034692|EHA02331_bin.15_gene_190_1	C287	0	1	0	1	0	0	0	0	0	0	0	0	0	0
EHM034692|EHA02331_bin.15_gene_190_2	C287	0	1	0	1	0	0	0	0	0	0	0	0	0	0
EHM034692|EHA02331_bin.15_gene_191_11	C287	0	1	1	1	0	0	0	0	0	0	0	0	0	0
EHM034692|EHA02331_bin.15_gene_193_3	C287	0	1	1	1	0	1	0	1	0	0	0	0	0	0
EHM034692|EHA02331_bin.15_gene_194_9	C287	0	1	1	1	0	0	0	0	0	0	0	0	0	0
EHM034692|EHA02331_bin.15_gene_194_12	C287	0	1	1	1	0	1	0	0	0	0	0	0	0	0
EHM034692|EHA02331_bin.15_gene_194_16	C287	0	1	1	1	1	0	0	0	0	0	0	0	0	0
EHM034692|EHA02331_bin.15_gene_194_17	C287	0	1	1	1	0	0	0	0	0	0	0	0	0	0
EHM034692|EHA02331_bin.15_gene_195_2	C287	0	1	1	1	0	0	0	0	1	1	0	0	1	0
EHM034692|EHA02331_bin.15_gene_196_3	C287	0	1	1	1	0	0	0	0	0	0	1	0	0	0
EHM034692|EHA02331_bin.15_gene_197_1	C287	0	1	1	1	1	0	0	0	0	0	0	0	0	0
EHM034692|EHA02331_bin.15_gene_197_3	C287	0	1	1	1	0	1	0	0	0	0	0	0	0	0
EHM034692|EHA02331_bin.15_gene_197_4	C287	0	1	1	1	0	0	0	0	0	0	0	0	0	0
EHM034692|EHA02331_bin.15_gene_197_5	C287	0	1	1	1	0	1	0	0	0	0	0	0	0	0
EHM034692|EHA02331_bin.15_gene_197_6	C287	0	1	1	1	0	1	0	0	0	0	0	0	0	0
EHM034692|EHA02331_bin.15_gene_199_3	C287	0	1	1	1	1	0	1	1	1	0	1	1	1	1
EHM034692|EHA02331_bin.15_gene_199_5	C287	0	1	1	1	1	1	0	0	1	0	0	1	0	0
EHM034692|EHA02331_bin.15_gene_199_7	C287	0	1	1	1	1	1	0	0	0	0	0	0	0	0
EHM034692|EHA02331_bin.15_gene_199_9	C287	0	1	1	1	0	0	0	0	0	0	0	0	0	0
EHM034692|EHA02331_bin.15_gene_199_10	C287	0	1	1	1	0	0	0	0	0	0	0	0	0	0
EHM034692|EHA02331_bin.15_gene_199_11	C287	0	1	1	1	0	0	0	0	0	0	0	0	0	0
EHM034692|EHA02331_bin.15_gene_199_16	C287	0	1	1	1	0	1	0	0	0	0	0	0	0	0
EHM034692|EHA02331_bin.15_gene_199_18	C287	0	1	1	1	0	0	0	0	0	0	0	0	0	0
EHM034692|EHA02331_bin.15_gene_199_20	C287	0	1	1	1	0	1	0	0	0	0	0	0	0	0
EHM034692|EHA02331_bin.15_gene_199_21	C287	0	1	1	1	0	0	0	0	0	0	0	0	0	0
EHM034692|EHA02331_bin.15_gene_199_22	C287	0	1	1	1	0	0	0	0	0	0	0	0	0	0
EHM034692|EHA02331_bin.15_gene_199_23	C287	0	1	1	1	0	0	0	0	0	0	0	0	0	0
EHM034692|EHA02331_bin.15_gene_199_24	C287	0	1	1	1	0	1	0	0	0	0	0	0	0	0
EHM034692|EHA02331_bin.15_gene_199_26	C287	0	1	1	1	0	0	0	0	0	0	0	0	0	0
EHM034692|EHA02331_bin.15_gene_199_27	C287	0	1	1	1	0	0	0	0	0	0	0	0	0	0
EHM034692|EHA02331_bin.15_gene_199_30	C287	0	1	1	1	0	0	0	0	0	0	0	0	0	0
EHM034692|EHA02331_bin.15_gene_199_32	C287	0	1	1	1	0	1	1	0	1	1	1	1	0	1
EHM034692|EHA02331_bin.15_gene_200_5	C287	0	1	1	1	0	0	0	0	0	0	0	0	0	0
EHM034692|EHA02331_bin.15_gene_201_2	C287	0	1	1	1	0	0	0	0	0	0	0	0	0	0
EHM034692|EHA02331_bin.15_gene_201_8	C287	0	1	1	1	0	0	0	0	0	0	0	0	0	0
EHM034692|EHA02331_bin.15_gene_201_9	C287	0	1	1	1	0	0	0	0	0	0	0	0	0	0
EHM034692|EHA02331_bin.15_gene_203_4	C287	0	1	0	1	0	0	0	0	0	0	0	0	0	0
EHM034692|EHA02331_bin.15_gene_204_1	C287	0	1	0	1	0	0	0	0	0	0	0	0	0	0
EHM034692|EHA02331_bin.15_gene_204_2	C287	0	1	1	1	1	1	1	0	0	0	0	0	0	0
EHM034692|EHA02331_bin.15_gene_204_3	C287	0	1	1	1	0	0	0	0	0	1	1	1	0	0
EHM034692|EHA02331_bin.15_gene_205_1	C287	0	1	1	1	0	0	0	0	0	0	0	0	0	0
EHM034692|EHA02331_bin.15_gene_206_5	C287	0	1	1	1	1	1	1	1	1	1	0	1	1	1
EHM034692|EHA02331_bin.15_gene_206_7	C287	0	1	1	1	0	1	0	0	0	0	0	0	0	0
EHM034692|EHA02331_bin.15_gene_206_11	C287	0	1	1	1	0	0	0	0	0	0	0	0	0	0
EHM034692|EHA02331_bin.15_gene_206_14	C287	0	1	0	1	0	0	0	0	0	0	1	0	0	0
EHM034692|EHA02331_bin.15_gene_206_15	C287	0	1	0	1	0	0	0	0	0	0	0	1	0	0
EHM034692|EHA02331_bin.15_gene_206_16	C287	0	1	0	1	0	1	0	0	0	0	1	1	1	0
EHM034692|EHA02331_bin.15_gene_206_17	C287	0	1	1	1	0	0	0	0	0	0	0	0	0	0
EHM034692|EHA02331_bin.15_gene_207_4	C287	0	1	1	1	0	0	0	0	0	0	0	0	0	0
EHM034692|EHA02331_bin.15_gene_208_8	C287	0	1	1	1	0	1	0	0	0	0	0	0	0	0
EHM034692|EHA02331_bin.15_gene_208_9	C287	0	1	1	1	0	0	0	0	0	0	0	0	0	0
EHM034692|EHA02331_bin.15_gene_208_10	C287	0	1	1	1	0	0	0	0	0	0	0	0	0	0
EHM034692|EHA02331_bin.15_gene_209_4	C287	0	1	1	1	1	0	0	0	1	1	1	1	1	1
EHM034692|EHA02331_bin.15_gene_209_5	C287	0	1	1	1	1	0	0	0	0	0	0	0	0	0
EHM034692|EHA02331_bin.15_gene_211_2	C287	0	1	0	1	0	1	0	0	0	0	0	0	0	0
EHM034692|EHA02331_bin.15_gene_211_3	C287	0	1	1	1	0	0	0	0	0	0	0	0	0	0
EHM034692|EHA02331_bin.15_gene_211_6	C287	0	1	1	1	1	0	0	0	0	0	0	0	0	0
EHM034692|EHA02331_bin.15_gene_213_2	C287	0	1	1	1	0	1	0	0	0	0	0	0	0	0
EHM034692|EHA02331_bin.15_gene_213_5	C287	0	1	1	1	0	0	0	0	0	0	0	0	0	0
EHM034692|EHA02331_bin.15_gene_213_10	C287	0	1	1	1	0	0	0	0	0	0	0	0	0	0
EHM034692|EHA02331_bin.15_gene_214_7	C287	0	1	0	1	0	0	0	0	0	0	0	0	0	0
EHM034692|EHA02331_bin.15_gene_214_8	C287	0	1	0	1	0	0	0	0	0	0	0	0	0	0
EHM034692|EHA02331_bin.15_gene_215_4	C287	0	1	0	1	0	1	0	0	0	0	0	0	0	0
EHM034692|EHA02331_bin.15_gene_215_5	C287	0	1	1	1	0	0	0	0	0	0	0	1	0	0
EHM034692|EHA02331_bin.15_gene_215_11	C287	0	1	1	1	1	1	1	1	1	1	0	1	1	1
EHM034692|EHA02331_bin.15_gene_218_1	C287	0	1	0	1	0	1	0	0	0	0	0	0	0	0
EHM034692|EHA02331_bin.15_gene_218_2	C287	0	1	0	1	0	0	0	0	0	0	0	0	0	0
EHM034692|EHA02331_bin.15_gene_218_4	C287	0	1	1	1	1	0	1	0	0	0	0	1	0	0
EHM034692|EHA02331_bin.15_gene_218_5	C287	0	1	1	1	0	1	0	0	0	0	0	0	0	0
EHM034692|EHA02331_bin.15_gene_220_5	C287	0	1	1	1	0	0	0	0	0	0	1	0	0	0
EHM034692|EHA02331_bin.15_gene_220_6	C287	0	1	1	1	0	0	0	0	0	0	0	0	0	0
EHM034692|EHA02331_bin.15_gene_221_3	C287	0	1	1	1	0	0	0	0	0	0	0	0	0	0
EHM034692|EHA02331_bin.15_gene_221_5	C287	0	1	1	1	0	0	0	0	0	0	0	0	0	0
EHM034692|EHA02331_bin.15_gene_221_10	C287	0	1	1	1	1	1	0	1	0	0	0	0	0	0
EHM034692|EHA02331_bin.15_gene_222_2	C287	0	1	1	1	0	0	0	0	0	0	0	0	0	0
EHM034692|EHA02331_bin.15_gene_222_7	C287	0	1	1	1	1	1	1	0	1	1	1	1	1	1
EHM034692|EHA02331_bin.15_gene_223_3	C287	0	1	0	1	0	0	0	0	0	0	0	0	0	0
EHM034692|EHA02331_bin.15_gene_225_8	C287	0	1	1	1	0	1	0	0	0	0	0	0	0	0
EHM034692|EHA02331_bin.15_gene_225_9	C287	0	1	1	1	0	0	0	0	0	0	0	0	0	0
EHM034692|EHA02331_bin.15_gene_226_1	C287	0	1	1	1	1	1	1	0	0	0	1	0	0	1
EHM034692|EHA02331_bin.15_gene_226_2	C287	0	1	1	1	0	1	0	0	0	0	0	0	0	0
EHM034692|EHA02331_bin.15_gene_226_3	C287	0	1	1	1	1	1	0	0	0	0	0	0	0	0
EHM034692|EHA02331_bin.15_gene_226_4	C287	0	1	1	1	1	0	0	0	0	0	1	0	0	0
EHM034692|EHA02331_bin.15_gene_226_5	C287	0	1	0	1	0	1	0	0	0	0	0	0	0	0
EHM034692|EHA02331_bin.15_gene_227_2	C287	0	1	1	1	1	0	0	0	0	0	0	0	0	0
EHM034692|EHA02331_bin.15_gene_227_3	C287	0	1	0	1	1	0	0	0	0	1	0	0	0	1
EHM034692|EHA02331_bin.15_gene_227_4	C287	0	1	0	1	0	0	0	0	0	0	0	0	0	0
EHM034692|EHA02331_bin.15_gene_227_10	C287	0	1	0	1	1	0	1	0	0	0	1	0	0	0
EHM034692|EHA02331_bin.15_gene_227_13	C287	0	1	1	1	1	1	0	0	0	0	1	1	0	0
EHM034692|EHA02331_bin.15_gene_228_4	C287	0	1	1	1	0	0	0	1	0	0	1	1	0	0
EHM034692|EHA02331_bin.15_gene_228_5	C287	0	1	1	1	0	1	0	1	0	0	0	0	0	0
EHM034692|EHA02331_bin.15_gene_229_1	C287	0	1	1	1	0	0	0	0	0	0	0	0	0	0
EHM034692|EHA02331_bin.15_gene_229_2	C287	0	1	1	1	0	1	0	0	0	0	0	0	0	0
EHM034692|EHA02331_bin.15_gene_229_3	C287	0	1	1	1	1	1	0	1	0	0	0	1	0	0
EHM034692|EHA02331_bin.15_gene_229_4	C287	0	1	1	1	1	1	0	0	0	0	0	0	0	0
EHM034692|EHA02331_bin.15_gene_229_5	C287	0	1	1	1	1	1	0	0	0	0	0	0	0	0
EHM034692|EHA02331_bin.15_gene_230_4	C287	0	1	1	1	1	1	0	1	1	1	1	0	1	1
EHM034692|EHA02331_bin.15_gene_231_1	C287	0	1	0	1	0	0	0	0	0	0	0	0	0	0
EHM034692|EHA02331_bin.15_gene_231_3	C287	0	1	1	1	0	1	0	0	0	0	0	0	0	0
EHM034692|EHA02331_bin.15_gene_231_4	C287	0	1	1	1	0	0	0	0	0	0	0	0	0	0
EHM034692|EHA02331_bin.15_gene_231_5	C287	0	1	1	1	0	1	0	0	0	0	1	0	0	0
EHM034692|EHA02331_bin.15_gene_232_8	C287	0	1	1	1	1	1	1	0	1	1	1	1	1	1
EHM034692|EHA02331_bin.15_gene_232_9	C287	0	1	1	1	0	0	0	0	0	0	0	0	0	0
EHM034692|EHA02331_bin.15_gene_232_12	C287	0	1	1	1	0	0	0	0	0	0	0	0	0	0
EHM034692|EHA02331_bin.15_gene_232_19	C287	0	1	1	1	0	0	0	0	0	0	0	0	0	0
EHM034692|EHA02331_bin.15_gene_232_20	C287	0	1	1	1	0	1	1	1	1	0	0	0	1	1
EHM034692|EHA02331_bin.15_gene_232_22	C287	0	1	1	1	0	0	0	0	0	0	0	0	0	0
EHM034692|EHA02331_bin.15_gene_232_24	C287	0	1	1	1	0	0	0	0	0	0	0	0	0	0
EHM034692|EHA02331_bin.15_gene_232_29	C287	0	1	1	1	0	0	0	0	0	0	0	0	0	0
EHM034692|EHA02331_bin.15_gene_232_30	C287	0	1	1	1	0	0	0	0	0	0	0	0	0	0
EHM034692|EHA02331_bin.15_gene_232_31	C287	0	1	1	1	0	1	0	0	0	0	0	0	0	0
EHM034692|EHA02331_bin.15_gene_232_35	C287	0	1	1	1	0	1	0	0	0	0	0	0	0	0
EHM034692|EHA02331_bin.15_gene_232_36	C287	0	1	1	1	0	0	0	0	0	0	0	0	0	0
EHM034692|EHA02331_bin.15_gene_232_37	C287	0	1	1	1	0	0	0	0	1	1	1	1	1	1
EHM034692|EHA02331_bin.15_gene_233_1	C287	0	1	1	1	0	0	0	0	0	0	0	0	0	0
EHM034692|EHA02331_bin.15_gene_233_3	C287	0	1	1	1	0	0	0	0	0	0	0	0	0	0
EHM034692|EHA02331_bin.15_gene_233_4	C287	0	1	1	1	1	0	0	0	1	0	0	1	0	0
EHM034692|EHA02331_bin.15_gene_234_2	C287	0	1	1	1	0	0	0	0	0	0	0	0	0	0
EHM034692|EHA02331_bin.15_gene_235_2	C287	0	1	0	1	1	1	0	0	1	0	0	0	0	0
EHM034692|EHA02331_bin.15_gene_235_7	C287	0	1	1	1	1	1	0	0	1	0	0	0	0	1
EHM034692|EHA02331_bin.15_gene_235_8	C287	0	1	1	1	1	1	0	0	1	0	0	0	0	1
EHM034692|EHA02331_bin.15_gene_236_3	C287	0	1	1	1	0	1	0	1	1	0	0	0	0	0
EHM034692|EHA02331_bin.15_gene_238_6	C287	0	1	1	1	0	0	0	0	0	0	0	0	0	0
EHM034692|EHA02331_bin.15_gene_238_7	C287	0	1	1	1	0	0	0	0	0	0	0	0	0	0
EHM034692|EHA02331_bin.15_gene_238_9	C287	0	1	1	1	1	0	0	0	0	0	0	0	0	0
EHM034692|EHA02331_bin.15_gene_239_1	C287	0	1	0	1	0	0	0	0	0	0	0	0	0	0
EHM034692|EHA02331_bin.15_gene_241_5	C287	0	1	1	1	0	0	0	0	0	0	0	0	0	0
EHM034692|EHA02331_bin.15_gene_241_6	C287	0	1	1	1	0	0	0	0	0	0	0	0	0	0
EHM034692|EHA02331_bin.15_gene_241_9	C287	0	1	1	1	0	1	0	0	0	0	0	0	0	0
EHM034692|EHA02331_bin.15_gene_241_10	C287	0	1	1	1	0	1	0	0	0	0	0	0	0	0
EHM034692|EHA02331_bin.15_gene_244_1	C287	0	1	1	1	0	1	0	0	0	0	0	0	0	0
EHM034692|EHA02331_bin.15_gene_244_2	C287	0	1	1	1	0	1	0	0	0	0	0	0	0	0
EHM034692|EHA02331_bin.15_gene_244_3	C287	0	1	1	1	0	1	0	0	0	0	0	0	0	0
EHM034692|EHA02331_bin.15_gene_244_11	C287	0	1	1	1	0	0	0	0	0	0	0	0	0	0
EHM034692|EHA02331_bin.15_gene_245_1	C287	0	1	1	1	0	0	0	0	0	0	0	0	0	0
EHM034692|EHA02331_bin.15_gene_245_2	C287	0	1	1	1	0	0	0	1	0	0	0	0	0	0
EHM034692|EHA02331_bin.15_gene_245_5	C287	0	1	1	1	1	1	0	1	1	1	1	1	1	1
EHM034692|EHA02331_bin.15_gene_245_9	C287	0	1	1	1	0	0	0	0	0	0	0	0	0	0
EHM034692|EHA02331_bin.15_gene_245_10	C287	0	1	1	1	0	0	0	0	0	0	0	1	0	0
EHM034692|EHA02331_bin.15_gene_245_12	C287	0	1	1	1	0	1	0	0	0	0	0	0	0	0
EHM034692|EHA02331_bin.15_gene_245_13	C287	0	1	1	1	1	1	0	0	0	0	0	0	0	0
EHM034692|EHA02331_bin.15_gene_245_14	C287	0	1	1	1	1	1	1	1	0	0	1	0	0	1
EHM034692|EHA02331_bin.15_gene_245_15	C287	0	1	0	1	0	0	0	0	0	0	0	0	1	1
EHM034692|EHA02331_bin.15_gene_245_17	C287	0	1	0	1	0	0	0	0	0	0	0	0	0	0
EHM034692|EHA02331_bin.15_gene_245_18	C287	0	1	0	1	0	0	0	0	0	0	0	0	0	0
EHM034692|EHA02331_bin.15_gene_245_19	C287	0	1	0	1	0	1	0	0	0	0	0	0	0	0
EHM034692|EHA02331_bin.15_gene_245_24	C287	0	1	0	1	1	1	1	0	1	1	0	0	1	1
EHM034692|EHA02331_bin.15_gene_245_36	C287	0	1	1	1	1	1	1	0	1	0	0	1	0	0
EHM034692|EHA02331_bin.15_gene_245_38	C287	0	1	1	1	0	0	0	0	0	0	0	0	0	0
EHM034692|EHA02331_bin.15_gene_246_3	C287	0	1	1	1	0	0	0	1	0	0	0	0	0	0
EHM034692|EHA02331_bin.15_gene_246_6	C287	0	1	1	1	1	0	0	0	0	0	1	1	0	0
EHM034692|EHA02331_bin.15_gene_246_7	C287	0	1	1	1	0	0	0	0	1	1	0	0	0	1
EHM034692|EHA02331_bin.15_gene_246_8	C287	0	1	1	1	0	1	0	0	0	0	0	0	0	0
EHM034692|EHA02331_bin.15_gene_247_2	C287	0	1	1	1	1	0	0	0	0	0	0	1	0	0
EHM034692|EHA02331_bin.15_gene_247_3	C287	0	1	1	1	0	1	0	0	0	0	0	0	0	0
EHM034692|EHA02331_bin.15_gene_248_8	C287	0	1	0	1	0	1	0	1	1	1	0	0	1	1
EHM034692|EHA02331_bin.15_gene_248_21	C287	0	1	0	1	0	1	0	0	0	0	0	0	0	0
EHM034692|EHA02331_bin.15_gene_248_24	C287	0	1	1	1	1	0	0	0	0	0	0	0	0	0
EHM034692|EHA02331_bin.15_gene_248_25	C287	0	1	1	1	1	0	0	1	0	0	0	0	0	0
EHM034692|EHA02331_bin.15_gene_248_29	C287	0	1	1	1	0	0	0	0	0	0	0	0	0	0
EHM034692|EHA02331_bin.15_gene_250_2	C287	0	1	0	1	0	0	0	0	0	0	0	0	0	0
EHM034692|EHA02331_bin.15_gene_254_1	C287	0	1	1	1	0	1	0	0	0	0	0	0	0	0
EHM034692|EHA02331_bin.15_gene_255_2	C287	0	1	1	1	0	0	0	0	0	0	0	0	0	0
EHM034692|EHA02331_bin.15_gene_255_14	C287	0	1	0	1	0	0	0	0	0	0	0	0	0	0
EHM034692|EHA02331_bin.15_gene_256_2	C287	0	1	0	1	1	0	0	0	0	0	0	0	0	0
EHM034692|EHA02331_bin.15_gene_256_5	C287	0	1	0	1	0	0	0	0	0	0	0	0	0	0
EHM034692|EHA02331_bin.15_gene_256_6	C287	0	1	1	1	0	0	0	0	0	0	0	0	0	0
EHM034692|EHA02331_bin.15_gene_257_10	C287	0	1	1	1	0	1	0	0	0	0	0	0	0	0
EHM034692|EHA02331_bin.15_gene_257_14	C287	0	1	1	1	1	0	0	0	0	0	0	0	0	0
EHM034692|EHA02331_bin.15_gene_257_18	C287	0	1	1	1	0	1	1	1	1	1	1	1	0	1
EHM034692|EHA02331_bin.15_gene_258_6	C287	0	1	1	1	1	0	1	0	1	0	1	1	0	0
EHM034692|EHA02331_bin.15_gene_259_1	C287	0	1	0	1	0	0	0	0	0	0	0	0	0	0
EHM034692|EHA02331_bin.15_gene_260_2	C287	0	1	1	1	1	1	0	0	0	0	0	1	0	0
EHM034692|EHA02331_bin.15_gene_260_5	C287	0	1	1	1	0	0	0	0	0	0	0	0	0	0
EHM034692|EHA02331_bin.15_gene_260_8	C287	0	1	1	1	0	0	0	0	0	0	0	0	0	0
EHM034692|EHA02331_bin.15_gene_260_10	C287	0	1	1	1	0	1	0	0	0	0	0	0	0	0
EHM034692|EHA02331_bin.15_gene_260_12	C287	0	1	1	1	0	0	0	0	0	0	0	0	0	0
EHM034692|EHA02331_bin.15_gene_262_3	C287	0	1	1	1	0	0	1	0	0	0	1	1	0	0
EHM034692|EHA02331_bin.15_gene_265_5	C287	0	1	0	1	0	0	0	0	0	0	0	0	0	0
EHM034692|EHA02331_bin.15_gene_265_7	C287	0	1	1	1	0	1	0	0	0	0	0	0	0	0
EHM034692|EHA02331_bin.15_gene_265_8	C287	0	1	1	1	0	1	0	0	0	0	0	0	0	0
EHM034692|EHA02331_bin.15_gene_266_13	C287	0	1	1	1	0	0	0	1	0	0	1	1	0	0
EHM034692|EHA02331_bin.15_gene_266_15	C287	0	1	1	1	0	0	0	0	0	0	0	0	0	0
EHM034692|EHA02331_bin.15_gene_266_16	C287	0	1	1	1	1	1	0	0	0	1	0	0	0	0
EHM034692|EHA02331_bin.15_gene_266_17	C287	0	1	0	1	0	1	0	0	0	0	0	0	0	0
EHM034692|EHA02331_bin.15_gene_266_18	C287	0	1	0	1	0	0	0	0	0	0	0	0	0	0
EHM034692|EHA02331_bin.15_gene_266_19	C287	0	1	0	1	0	0	0	0	0	0	0	0	0	0
EHM034692|EHA02331_bin.15_gene_267_4	C287	0	1	1	1	0	0	0	0	0	0	0	0	0	0
EHM034692|EHA02331_bin.15_gene_267_5	C287	0	1	1	1	0	0	0	0	0	0	0	0	0	0
EHM034692|EHA02331_bin.15_gene_267_6	C287	0	1	1	1	0	0	0	0	0	0	0	0	0	0
EHM034692|EHA02331_bin.15_gene_268_6	C287	0	1	1	1	0	1	0	0	0	0	0	0	0	0
EHM034692|EHA02331_bin.15_gene_268_7	C287	0	1	1	1	0	1	0	0	0	0	0	0	0	0
EHM034692|EHA02331_bin.15_gene_268_8	C287	0	1	1	1	0	1	0	0	0	0	0	0	0	0
EHM034692|EHA02331_bin.15_gene_268_9	C287	0	1	1	1	0	1	0	0	0	0	0	0	0	0
EHM034692|EHA02331_bin.15_gene_268_11	C287	0	1	1	1	1	1	0	0	0	0	0	0	0	0
EHM034692|EHA02331_bin.15_gene_268_16	C287	0	1	1	1	1	1	0	1	1	0	0	1	1	1
EHM034692|EHA02331_bin.15_gene_268_17	C287	0	1	1	1	1	1	0	0	0	0	0	0	0	0
EHM034692|EHA02331_bin.15_gene_270_1	C287	0	1	1	1	0	0	0	0	0	0	0	0	0	0
EHM034692|EHA02331_bin.15_gene_270_2	C287	0	1	1	1	0	1	0	0	0	0	0	0	0	0
EHM034692|EHA02331_bin.15_gene_270_4	C287	0	1	1	1	0	1	0	0	0	0	0	0	0	0
EHM034692|EHA02331_bin.15_gene_270_7	C287	0	1	1	1	0	0	0	0	1	1	0	0	1	1
EHM034692|EHA02331_bin.15_gene_270_9	C287	0	1	1	1	0	0	1	0	0	0	0	0	0	0
EHM034692|EHA02331_bin.15_gene_270_12	C287	0	1	1	1	0	0	0	1	0	0	1	0	0	0
EHM034692|EHA02331_bin.15_gene_270_13	C287	0	1	1	1	0	0	0	1	0	0	0	0	0	0
EHM034692|EHA02331_bin.15_gene_271_2	C287	0	1	0	1	1	0	0	0	0	0	0	0	0	0
EHM034692|EHA02331_bin.15_gene_271_3	C287	0	1	1	1	0	0	0	0	0	0	0	0	0	0
EHM034692|EHA02331_bin.15_gene_271_4	C287	0	1	1	1	0	0	0	0	0	0	0	0	0	0
EHM034692|EHA02331_bin.15_gene_271_5	C287	0	1	1	1	1	1	0	0	0	0	1	1	0	0
EHM034692|EHA02331_bin.15_gene_271_7	C287	0	1	0	1	0	0	0	0	0	0	0	0	0	0
EHM034692|EHA02331_bin.15_gene_271_8	C287	0	1	1	1	0	1	0	0	0	1	0	1	0	0
EHM034692|EHA02331_bin.15_gene_272_2	C287	0	1	1	1	0	0	0	0	0	0	0	0	0	0
EHM034692|EHA02331_bin.15_gene_272_3	C287	0	1	1	1	0	0	0	0	0	0	0	0	0	0
EHM034692|EHA02331_bin.15_gene_273_1	C287	0	1	1	1	0	1	0	0	0	0	0	0	0	0
EHM034692|EHA02331_bin.15_gene_273_2	C287	0	1	1	1	0	1	0	0	0	0	0	0	0	0
EHM034692|EHA02331_bin.15_gene_274_2	C287	0	1	1	1	0	0	0	0	0	0	0	0	0	0
EHM034692|EHA02331_bin.15_gene_274_5	C287	0	1	0	1	0	1	0	0	0	0	0	0	0	0
EHM034692|EHA02331_bin.15_gene_276_5	C287	0	1	1	1	0	0	0	0	0	0	0	0	0	0
EHM034692|EHA02331_bin.15_gene_276_9	C287	0	1	1	1	0	0	0	0	0	0	0	0	0	0
EHM034692|EHA02331_bin.15_gene_277_10	C287	0	1	0	1	0	0	0	0	0	0	0	0	0	0
EHM034692|EHA02331_bin.15_gene_278_1	C287	0	1	1	1	0	1	1	0	0	0	1	0	0	0
EHM034692|EHA02331_bin.15_gene_278_2	C287	0	1	1	1	0	0	1	0	0	0	0	0	0	0
EHM034692|EHA02331_bin.15_gene_278_8	C287	0	1	0	1	0	0	0	0	0	0	0	0	0	0
EHM034692|EHA02331_bin.15_gene_278_10	C287	0	1	0	1	0	0	0	0	0	0	0	0	0	0
EHM034692|EHA02331_bin.15_gene_278_11	C287	0	1	1	1	0	1	0	0	0	0	0	0	0	0
EHM034692|EHA02331_bin.15_gene_280_2	C287	0	1	1	1	0	0	0	0	0	0	1	0	0	0
EHM034692|EHA02331_bin.15_gene_281_4	C287	0	1	1	1	0	0	1	0	0	0	0	1	0	0
EHM034692|EHA02331_bin.15_gene_281_5	C287	0	1	1	1	0	0	1	0	0	0	0	1	1	1
EHM034692|EHA02331_bin.15_gene_281_8	C287	0	1	1	1	1	0	0	0	0	0	1	1	0	0
EHM034692|EHA02331_bin.15_gene_282_1	C287	0	1	1	1	1	0	0	0	1	0	0	1	1	1
EHM034692|EHA02331_bin.15_gene_282_6	C287	0	1	1	1	0	0	0	0	0	0	0	0	0	0
EHM034692|EHA02331_bin.15_gene_282_7	C287	0	1	1	1	0	1	0	1	1	1	0	0	0	1
EHM034692|EHA02331_bin.15_gene_282_8	C287	0	1	1	1	1	0	1	0	1	0	1	0	0	1
EHM034692|EHA02331_bin.15_gene_284_3	C287	0	1	0	1	0	1	0	0	0	0	0	0	0	0
EHM034692|EHA02331_bin.15_gene_284_6	C287	0	1	0	1	0	1	0	0	0	0	0	0	0	0
EHM034692|EHA02331_bin.15_gene_284_7	C287	0	1	1	1	1	0	0	0	0	0	0	0	0	0
EHM034692|EHA02331_bin.15_gene_284_8	C287	0	1	1	1	1	0	0	0	0	0	0	0	0	0
EHM034692|EHA02331_bin.15_gene_284_11	C287	0	1	1	1	0	0	0	0	0	0	0	0	0	0
EHM034692|EHA02331_bin.15_gene_285_1	C287	0	1	1	1	0	0	0	0	0	0	0	0	0	0
EHM034692|EHA02331_bin.15_gene_289_1	C287	0	1	1	1	0	0	0	0	0	0	0	0	0	0
EHM034692|EHA02331_bin.15_gene_290_3	C287	0	1	1	1	0	1	1	1	1	0	1	0	0	0
EHM034692|EHA02331_bin.15_gene_293_2	C287	0	1	1	1	1	1	0	1	0	0	0	1	0	0
EHM034692|EHA02331_bin.15_gene_293_3	C287	0	1	1	1	1	1	0	1	0	0	0	1	0	0
EHM034692|EHA02331_bin.15_gene_293_4	C287	0	1	1	1	1	1	1	1	1	1	1	1	0	1
EHM034692|EHA02331_bin.15_gene_293_5	C287	0	1	1	1	0	1	0	0	0	0	0	0	0	0
EHM034692|EHA02331_bin.15_gene_293_7	C287	0	1	0	1	0	1	1	0	1	0	0	1	0	1
EHM034692|EHA02331_bin.15_gene_296_2	C287	0	1	1	1	1	1	1	1	1	1	1	1	1	1
EHM034692|EHA02331_bin.15_gene_296_7	C287	0	1	0	1	0	0	0	0	0	0	0	0	0	0
EHM034692|EHA02331_bin.15_gene_297_1	C287	0	1	1	1	0	0	0	1	0	0	1	0	0	0
EHM034692|EHA02331_bin.15_gene_297_6	C287	0	1	1	1	0	1	0	0	0	0	0	0	0	0
EHM034692|EHA02331_bin.15_gene_298_1	C287	0	1	1	1	1	1	1	0	0	1	0	0	0	0
EHM034692|EHA02331_bin.15_gene_300_2	C287	0	1	1	1	0	1	0	0	0	0	0	0	0	0
EHM034692|EHA02331_bin.15_gene_300_11	C287	0	1	1	1	1	1	1	1	1	1	0	1	1	1
EHM034692|EHA02331_bin.15_gene_302_3	C287	0	1	1	1	0	0	0	0	0	0	0	0	0	0
EHM034692|EHA02331_bin.15_gene_302_4	C287	0	1	1	1	0	0	0	0	0	0	0	0	0	0
EHM034692|EHA02331_bin.15_gene_302_5	C287	0	1	0	1	0	0	0	0	0	0	0	0	0	0
EHM034692|EHA02331_bin.15_gene_302_6	C287	0	1	1	1	1	0	1	0	1	0	1	0	0	1
EHM034692|EHA02331_bin.15_gene_303_6	C287	0	1	1	1	0	0	0	0	0	0	0	0	0	0
EHM034692|EHA02331_bin.15_gene_304_2	C287	0	1	1	1	0	0	0	0	0	0	1	1	0	0
EHM034692|EHA02331_bin.15_gene_304_3	C287	0	1	1	1	0	1	1	0	0	0	1	1	0	0
EHM034692|EHA02331_bin.15_gene_304_4	C287	0	1	1	1	0	0	0	0	0	0	0	0	0	0
EHM034692|EHA02331_bin.15_gene_304_5	C287	0	1	1	1	0	0	0	0	0	0	0	1	0	0
EHM034692|EHA02331_bin.15_gene_304_6	C287	0	1	1	1	0	0	0	0	0	0	0	1	0	0
EHM034692|EHA02331_bin.15_gene_304_8	C287	0	1	1	1	0	0	0	0	0	0	0	0	0	0
EHM034692|EHA02331_bin.15_gene_304_9	C287	0	1	1	1	0	1	0	0	0	0	0	1	0	0
EHM034720|EHA02359_bin.2_gene_4_10	C286	1	0	1	1	1	1	1	1	0	0	1	1	0	0
EHM034720|EHA02359_bin.2_gene_4_16	C286	1	0	0	1	1	1	0	0	1	0	1	1	0	1
EHM034720|EHA02359_bin.2_gene_7_4	C286	1	0	0	1	0	1	0	0	0	0	0	0	0	0
EHM034720|EHA02359_bin.2_gene_7_24	C286	1	0	0	1	1	0	0	0	1	1	0	1	0	1
EHM034720|EHA02359_bin.2_gene_12_7	C286	1	0	1	1	1	1	1	1	1	1	0	1	1	1
EHM034720|EHA02359_bin.2_gene_27_6	C286	1	0	0	1	0	1	0	1	0	0	0	0	0	0
EHM034720|EHA02359_bin.2_gene_29_26	C286	1	0	0	1	0	0	0	0	0	0	0	0	0	0
EHM034720|EHA02359_bin.2_gene_30_11	C286	1	0	1	1	0	0	1	0	1	1	0	0	1	1
EHM034720|EHA02359_bin.2_gene_46_18	C286	1	0	1	1	1	1	1	0	0	0	1	1	0	0
EHM034720|EHA02359_bin.2_gene_54_5	C286	1	0	1	1	1	0	0	1	1	0	0	1	0	0
EHM034720|EHA02359_bin.2_gene_54_6	C286	1	0	0	1	1	1	0	0	1	0	1	0	0	1
EHM034720|EHA02359_bin.2_gene_56_13	C286	1	0	1	1	1	1	0	1	0	0	0	0	0	0
EHM034720|EHA02359_bin.2_gene_68_1	C286	1	0	0	1	0	0	0	0	0	1	0	0	0	0
EHM034720|EHA02359_bin.2_gene_73_4	C286	1	0	0	1	1	1	1	1	0	0	1	1	0	0
EHM034720|EHA02359_bin.2_gene_73_11	C286	1	0	1	1	0	1	0	1	0	0	0	0	1	1
EHM034720|EHA02359_bin.2_gene_81_4	C286	1	0	1	1	1	1	0	0	0	0	0	0	0	0
EHM034720|EHA02359_bin.2_gene_86_3	C286	1	0	0	1	0	1	0	0	0	0	0	0	0	0
EHM034720|EHA02359_bin.2_gene_87_3	C286	1	0	0	1	1	0	0	1	0	0	0	0	0	0
EHM034720|EHA02359_bin.2_gene_90_4	C286	1	0	1	1	1	1	1	0	0	0	0	1	0	0
EHM034720|EHA02359_bin.2_gene_104_2	C286	1	0	0	1	0	0	1	0	0	0	0	0	0	0
EHM034720|EHA02359_bin.2_gene_106_2	C286	1	0	0	1	1	0	0	0	0	0	0	0	0	0
EHM034720|EHA02359_bin.2_gene_107_1	C286	1	0	1	1	1	1	1	1	1	1	1	1	1	1
EHM034720|EHA02359_bin.2_gene_109_2	C286	1	0	0	1	1	1	0	1	1	0	0	1	1	1
EHM034720|EHA02359_bin.2_gene_110_2	C286	1	0	1	1	0	1	0	0	0	0	0	0	0	0
EHM034720|EHA02359_bin.2_gene_113_15	C286	1	0	1	1	1	1	0	0	0	0	0	0	0	0
EHM034720|EHA02359_bin.2_gene_114_2	C286	1	0	1	1	1	1	1	1	1	0	1	1	1	1
EHM034720|EHA02359_bin.2_gene_126_2	C286	1	0	1	1	1	1	0	1	1	1	1	1	1	1
EHM034720|EHA02359_bin.2_gene_126_4	C286	1	0	1	1	1	0	0	1	0	0	0	0	1	0
EHM034720|EHA02359_bin.2_gene_141_7	C286	1	0	0	1	0	1	0	0	0	0	0	1	0	0
EHM034720|EHA02359_bin.2_gene_141_8	C286	1	0	1	1	0	1	1	0	0	0	0	1	0	1
EHM034720|EHA02359_bin.2_gene_141_9	C286	1	0	1	1	0	1	0	0	0	0	0	0	0	0
EHM034720|EHA02359_bin.2_gene_141_10	C286	1	0	1	1	0	1	0	0	0	0	0	1	0	1
EHM034720|EHA02359_bin.2_gene_150_8	C286	1	0	1	1	1	1	1	1	1	1	0	1	1	1
EHM034720|EHA02359_bin.2_gene_155_3	C286	1	0	1	1	1	1	1	1	1	1	0	1	1	1
EHM034720|EHA02359_bin.2_gene_159_3	C286	1	0	1	1	0	0	0	0	0	0	0	0	0	0
EHM034720|EHA02359_bin.2_gene_165_2	C286	1	0	1	1	1	0	0	0	0	0	0	0	0	0
EHM034720|EHA02359_bin.2_gene_165_3	C286	1	0	1	1	1	0	0	0	0	0	0	0	0	0
EHM034720|EHA02359_bin.2_gene_165_4	C286	1	0	1	1	1	1	1	1	0	0	1	0	0	0
EHM034720|EHA02359_bin.2_gene_168_8	C286	1	0	1	1	1	1	1	0	0	0	0	0	0	0
EHM034720|EHA02359_bin.2_gene_168_9	C286	1	0	1	1	1	1	1	1	1	1	1	0	1	0
EHM034720|EHA02359_bin.2_gene_183_7	C286	1	0	1	1	0	0	0	0	0	0	0	0	0	0
EHM034720|EHA02359_bin.2_gene_188_8	C286	1	0	0	1	1	0	0	1	1	0	1	1	1	1
EHM034720|EHA02359_bin.2_gene_197_3	C286	1	0	1	1	1	1	0	1	1	0	0	1	1	1
EHM034720|EHA02359_bin.2_gene_197_4	C286	1	0	1	1	1	1	0	1	1	0	0	0	1	1
EHM034720|EHA02359_bin.2_gene_197_7	C286	1	0	1	1	1	1	0	0	1	0	1	0	1	1
EHM034720|EHA02359_bin.2_gene_198_1	C286	1	0	0	1	0	0	0	0	0	0	1	0	0	0
EHM034720|EHA02359_bin.2_gene_202_1	C286	1	0	1	1	1	1	0	0	0	0	0	0	0	0
EHM034720|EHA02359_bin.2_gene_202_5	C286	1	0	1	1	1	1	1	1	1	1	1	1	1	1
EHM034720|EHA02359_bin.2_gene_209_5	C286	1	0	1	1	1	1	1	1	1	1	0	1	1	0
EHM034720|EHA02359_bin.2_gene_209_6	C286	1	0	1	1	1	1	1	1	1	1	0	1	1	1
EHM034720|EHA02359_bin.2_gene_218_3	C286	1	0	1	1	1	1	1	1	1	1	1	1	1	1
EHM034720|EHA02359_bin.2_gene_219_18	C286	1	0	1	1	1	0	0	0	0	0	0	0	0	0
EHM034720|EHA02359_bin.2_gene_219_22	C286	1	0	0	1	0	1	1	1	1	1	1	1	1	1
EHM034720|EHA02359_bin.2_gene_225_2	C286	1	0	1	1	1	0	0	1	1	1	1	1	1	1
EHM034720|EHA02359_bin.2_gene_228_11	C286	1	0	1	1	1	1	1	1	0	0	1	1	1	1
EHM034720|EHA02359_bin.2_gene_232_8	C286	1	0	1	1	1	1	1	1	1	1	1	1	1	1
EHM034720|EHA02359_bin.2_gene_232_9	C286	1	0	1	1	1	1	0	0	0	0	1	1	0	0
EHM034720|EHA02359_bin.2_gene_232_10	C286	1	0	1	1	1	1	1	1	1	1	0	1	1	1
EHM034720|EHA02359_bin.2_gene_243_1	C286	1	0	1	1	0	1	0	0	0	0	0	0	1	0
EHM034720|EHA02359_bin.2_gene_250_4	C286	1	0	1	1	1	1	1	1	0	0	0	1	0	0
EHM034720|EHA02359_bin.2_gene_250_5	C286	1	0	1	1	1	1	1	1	1	1	1	1	1	0
EHM034720|EHA02359_bin.2_gene_250_6	C286	1	0	1	1	1	1	1	1	0	0	1	1	0	0
EHM034720|EHA02359_bin.2_gene_255_5	C286	1	0	1	1	0	0	0	0	0	0	0	0	0	0
EHM034720|EHA02359_bin.2_gene_255_18	C286	1	0	1	1	1	1	1	1	1	1	0	1	1	1
UHM1073.23039_R.bin.125|k141_223244_67	C288	0	0	1	1	0	1	0	0	0	0	0	0	0	0
UHM1073.23039_R.bin.125|k141_223244_101	C288	0	0	1	1	0	0	0	0	0	0	0	0	0	0
UHM1073.23039_R.bin.125|k141_223244_139	C288	0	0	1	1	0	1	0	0	0	0	0	0	0	0
UHM1073.23039_R.bin.125|k141_42250_2	C288	0	0	1	1	0	1	1	0	0	0	0	0	0	0
UHM1073.23039_R.bin.125|k141_387279_3	C288	0	0	1	1	0	0	0	0	0	0	0	0	0	0
UHM1073.23039_R.bin.125|k141_490033_55	C288	0	0	1	1	1	1	1	1	1	1	1	1	1	1
UHM1073.23039_R.bin.125|k141_327978_22	C288	0	0	1	1	0	1	0	0	0	0	0	0	1	1
UHM1073.23039_R.bin.125|k141_327978_34	C288	0	0	1	1	1	0	1	0	0	1	0	0	0	0
UHM1073.23039_R.bin.125|k141_327978_72	C288	0	0	1	1	0	0	0	0	0	0	0	0	0	0
UHM1073.23039_R.bin.125|k141_327978_134	C288	0	0	1	1	0	1	0	0	0	0	0	0	0	0
UHM1073.23039_R.bin.125|k141_227938_2	C288	0	0	1	1	1	0	0	0	0	0	0	0	0	0
UHM1073.23039_R.bin.125|k141_228062_51	C288	0	0	1	1	1	0	0	1	0	0	0	0	0	0
UHM1073.23039_R.bin.125|k141_471956_12	C288	0	0	1	1	0	0	0	0	0	0	0	0	0	0
UHM1073.23039_R.bin.125|k141_471956_13	C288	0	0	1	1	0	0	0	0	0	0	0	0	0	0
UHM1073.23039_R.bin.125|k141_471956_15	C288	0	0	1	1	0	0	0	0	0	0	0	0	0	0
UHM1073.23039_R.bin.125|k141_27918_70	C288	0	0	1	1	1	1	0	0	1	0	0	0	0	0
UHM1073.23039_R.bin.125|k141_311314_14	C288	0	0	1	1	1	0	0	0	0	0	0	0	0	0
UHM1073.23039_R.bin.125|k141_311317_20	C288	0	0	1	1	0	1	1	0	0	0	0	1	0	1
UHM1073.23039_R.bin.125|k141_594944_7	C288	0	0	1	1	1	0	0	0	0	0	0	0	0	0
UHM1073.23039_R.bin.125|k141_515361_1	C288	0	0	1	1	0	0	0	0	0	0	0	0	0	1
UHM1073.23039_R.bin.125|k141_515361_110	C288	0	0	1	1	0	0	0	0	0	0	0	0	0	0
UHM1073.23039_R.bin.125|k141_333189_103	C288	0	0	1	1	0	0	0	0	0	0	0	0	0	0
UHM1073.23039_R.bin.125|k141_333189_104	C288	0	0	1	1	0	0	0	0	0	0	0	0	0	0
UHM1073.23039_R.bin.125|k141_293949_11	C288	0	0	1	1	0	1	0	0	0	0	0	0	0	0
UHM1073.23039_R.bin.125|k141_293949_45	C288	0	0	1	1	0	1	0	0	0	0	0	0	0	0
UHM1073.23039_R.bin.125|k141_114434_23	C288	0	0	1	1	0	0	0	0	0	0	0	0	0	0
UHM1073.23039_R.bin.125|k141_32380_7	C288	0	0	1	1	0	0	0	0	0	0	1	0	0	0
UHM1073.23039_R.bin.125|k141_32380_86	C288	0	0	1	1	1	1	0	1	0	0	0	1	0	1
UHM1073.23039_R.bin.125|k141_519366_26	C288	0	0	1	1	0	0	1	0	0	0	1	1	0	0
UHM1073.23039_R.bin.125|k141_624127_8	C288	0	0	1	1	0	0	0	0	0	0	1	0	0	0
UHM1073.23039_R.bin.125|k141_624127_9	C288	0	0	1	1	0	0	0	0	0	0	1	0	0	0
UHM1073.23039_R.bin.125|k141_58351_3	C288	0	0	1	1	0	0	0	0	0	0	0	0	0	0
UHM1073.23039_R.bin.125|k141_58351_15	C288	0	0	1	1	0	0	0	1	0	0	0	0	0	0
UHM1073.23039_R.bin.125|k141_200691_41	C288	0	0	1	1	0	1	0	0	1	0	0	0	0	1
UHM1073.23039_R.bin.125|k141_200691_68	C288	0	0	1	1	0	0	0	0	0	0	0	0	0	0
UHM1073.23039_R.bin.125|k141_200691_96	C288	0	0	1	1	0	0	0	0	0	0	0	1	0	0
UHM1073.23039_R.bin.125|k141_200691_119	C288	0	0	1	1	1	1	1	0	0	0	0	0	0	0
UHM1210.23070_R.bin.101|k141_1275766_78	C294	0	0	1	1	1	1	1	1	1	1	1	1	1	1
UHM1210.23070_R.bin.101|k141_1318991_113	C294	0	0	0	1	1	0	0	0	0	0	0	0	0	0
UHM1210.23070_R.bin.101|k141_1066781_69	C294	0	0	1	1	1	1	0	1	1	0	0	0	1	0
UHM1210.23070_R.bin.101|k141_770993_17	C294	0	0	1	1	1	1	1	0	1	0	0	0	0	0
UHM1210.23070_R.bin.101|k141_770993_39	C294	0	0	0	1	1	0	0	0	0	0	0	0	0	0
UHM1210.23070_R.bin.101|k141_770993_63	C294	0	0	1	1	1	1	0	1	0	0	0	1	0	1
UHM1210.23070_R.bin.101|k141_770993_98	C294	0	0	0	1	1	0	0	1	0	0	1	0	0	1
UHM1210.23070_R.bin.101|k141_218859_20	C294	0	0	0	1	1	0	0	0	0	0	0	0	0	0
UHM1210.23070_R.bin.101|k141_609199_20	C294	0	0	0	1	1	0	0	0	0	0	0	0	0	1
UHM1210.23070_R.bin.101|k141_567750_8	C294	0	0	1	1	1	0	0	1	0	0	0	1	0	0
UHM1210.23070_R.bin.101|k141_993103_3	C294	0	0	0	1	1	0	0	0	0	1	0	0	1	1
UHM1210.23070_R.bin.101|k141_993103_20	C294	0	0	1	1	1	0	0	1	1	0	0	0	0	0
UHM1210.23070_R.bin.101|k141_993103_24	C294	0	0	0	1	1	0	0	1	0	0	0	0	0	0
UHM1210.23070_R.bin.101|k141_993103_40	C294	0	0	0	1	1	0	0	0	0	0	0	0	0	0
UHM1210.23070_R.bin.101|k141_829398_40	C294	0	0	0	1	1	0	0	0	0	0	0	0	0	0
UHM1210.23070_R.bin.101|k141_790691_9	C294	0	0	1	1	1	0	0	0	0	0	0	0	0	1
UHM1210.23070_R.bin.101|k141_790691_45	C294	0	0	1	1	1	0	0	0	0	0	0	0	0	0
UHM1210.23070_R.bin.101|k141_1343831_16	C294	0	0	1	1	1	0	0	0	0	0	0	0	0	0
UHM1210.23070_R.bin.101|k141_1343831_37	C294	0	0	0	1	1	0	1	0	0	0	0	0	0	0
UHM1210.23070_R.bin.101|k141_1135903_1	C294	0	0	0	1	1	0	0	0	0	0	0	0	0	0
UHM1210.23070_R.bin.101|k141_35550_12	C294	0	0	1	1	1	0	0	0	0	0	0	0	0	0
UHM1210.23070_R.bin.101|k141_35550_102	C294	0	0	0	1	1	1	1	1	1	1	0	1	1	1
STP248.12601_R.bin.118|k141_250692_9	C298	0	0	1	1	0	1	1	1	1	0	1	0	1	1
STP248.12601_R.bin.118|k141_129934_69	C298	0	0	1	1	0	1	0	0	0	0	0	0	0	0
STP248.12601_R.bin.118|k141_129934_76	C298	0	0	0	1	0	1	0	0	0	0	0	0	0	0
STP248.12601_R.bin.118|k141_129934_78	C298	0	0	0	1	0	1	0	0	0	0	0	0	0	0
STP248.12601_R.bin.118|k141_505779_4	C298	0	0	0	1	0	1	0	0	0	0	0	0	0	0
STP248.12601_R.bin.118|k141_520429_33	C298	0	0	1	1	0	1	0	0	0	0	0	0	0	0
STP248.12601_R.bin.118|k141_769723_3	C298	0	0	0	1	0	1	1	1	1	0	0	0	1	0
STP248.12601_R.bin.118|k141_769723_33	C298	0	0	1	1	0	1	0	0	0	0	0	0	0	0
STP248.12601_R.bin.118|k141_769723_38	C298	0	0	0	1	0	1	1	0	0	0	0	0	0	0
STP248.12601_R.bin.118|k141_769723_40	C298	0	0	0	1	0	1	0	0	0	0	0	0	0	0
STP248.12601_R.bin.118|k141_769723_70	C298	0	0	0	1	1	1	0	0	0	0	1	1	0	0
STP248.12601_R.bin.118|k141_649852_1	C298	0	0	0	1	0	1	0	0	0	0	0	0	0	0
STP248.12601_R.bin.118|k141_772933_1	C298	0	0	0	1	1	1	0	0	0	0	0	0	0	0
STP248.12601_R.bin.118|k141_772933_9	C298	0	0	0	1	0	1	0	0	0	0	0	0	0	0
STP248.12601_R.bin.118|k141_772933_56	C298	0	0	0	1	0	1	0	0	0	0	0	0	0	0
STP248.12601_R.bin.118|k141_777848_8	C298	0	0	0	1	1	1	0	0	0	0	0	0	0	0
STP248.12601_R.bin.118|k141_534540_4	C298	0	0	0	1	0	1	0	0	0	0	0	0	0	0
STP248.12601_R.bin.118|k141_786323_45	C298	0	0	1	1	1	1	0	0	0	0	0	0	0	0
STP248.12601_R.bin.118|k141_40355_1	C298	0	0	0	1	0	1	0	0	0	0	0	0	0	0
STP248.12601_R.bin.118|k141_417709_9	C298	0	0	0	1	0	1	0	0	0	0	0	0	0	1
STP248.12601_R.bin.118|k141_417709_33	C298	0	0	1	1	0	1	0	0	0	0	0	0	0	0
STP248.12601_R.bin.118|k141_923502_31	C298	0	0	1	1	1	1	1	1	1	1	1	1	1	1
STP248.12601_R.bin.118|k141_923502_38	C298	0	0	1	1	1	1	1	0	0	0	1	0	0	0
STP248.12601_R.bin.118|k141_923502_40	C298	0	0	0	1	0	1	0	0	0	0	0	0	0	0
STP248.12601_R.bin.118|k141_556585_1	C298	0	0	1	1	1	1	0	0	0	0	0	0	0	0
STP248.12601_R.bin.118|k141_557158_1	C298	0	0	1	1	1	1	0	0	0	0	0	0	0	0
STP248.12601_R.bin.118|k141_557158_60	C298	0	0	1	1	0	1	0	0	0	0	1	0	0	0
STP248.12601_R.bin.118|k141_563334_40	C298	0	0	0	1	0	1	0	0	0	0	0	0	0	0
STP248.12601_R.bin.118|k141_563334_52	C298	0	0	0	1	0	1	0	0	0	0	0	0	0	0
STP248.12601_R.bin.118|k141_76108_28	C298	0	0	0	1	0	1	0	0	0	0	0	0	0	0
STP248.12601_R.bin.118|k141_588353_8	C298	0	0	0	1	1	1	0	0	0	0	0	0	1	0
STP248.12601_R.bin.118|k141_588353_22	C298	0	0	1	1	1	1	0	0	0	0	0	0	0	0
STP248.12601_R.bin.118|k141_588353_33	C298	0	0	0	1	0	1	1	0	0	1	0	1	0	1
STP248.12601_R.bin.118|k141_588353_49	C298	0	0	1	1	0	1	1	0	0	0	0	1	0	1
STP248.12601_R.bin.118|k141_589226_45	C298	0	0	1	1	1	1	0	0	1	0	0	0	0	1
STP248.12601_R.bin.118|k141_589226_105	C298	0	0	0	1	0	1	0	0	0	0	0	0	0	0
STP248.12601_R.bin.118|k141_465240_109	C298	0	0	0	1	0	1	0	0	0	0	0	0	0	0
STP248.12601_R.bin.118|k141_962093_5	C298	0	0	1	1	0	1	0	0	0	0	0	0	0	0
STP248.12601_R.bin.118|k141_962093_48	C298	0	0	0	1	1	1	1	1	1	1	0	1	1	1
STP248.12601_R.bin.118|k141_483842_24	C298	0	0	1	1	0	1	0	1	0	0	0	0	1	1
STP248.12601_R.bin.118|k141_483842_39	C298	0	0	0	1	0	1	0	0	0	0	0	0	0	0
STP248.12601_R.bin.118|k141_745868_46	C298	0	0	1	1	0	1	0	0	0	0	0	0	1	0
STP248.12601_R.bin.118|k141_745868_54	C298	0	0	1	1	1	1	0	1	0	0	0	1	0	1
EHM034692|EHA02331_bin.15_gene_10_3	C287	0	1	1	0	0	0	0	0	0	0	0	0	0	0
EHM034692|EHA02331_bin.15_gene_13_4	C287	0	1	1	0	1	1	0	0	0	0	0	0	0	0
EHM034692|EHA02331_bin.15_gene_13_17	C287	0	1	1	0	0	0	0	0	0	0	0	0	0	0
EHM034692|EHA02331_bin.15_gene_15_12	C287	0	1	1	0	0	0	0	0	0	0	0	0	0	0
EHM034692|EHA02331_bin.15_gene_24_19	C287	0	1	1	0	0	0	0	0	1	0	0	0	0	0
EHM034692|EHA02331_bin.15_gene_24_21	C287	0	1	1	0	1	1	0	0	0	0	0	0	0	0
EHM034692|EHA02331_bin.15_gene_24_22	C287	0	1	1	0	1	0	0	0	0	0	0	0	0	0
EHM034692|EHA02331_bin.15_gene_25_4	C287	0	1	1	0	0	0	0	0	0	0	0	0	0	0
EHM034692|EHA02331_bin.15_gene_25_6	C287	0	1	1	0	1	1	0	1	0	0	0	0	0	0
EHM034692|EHA02331_bin.15_gene_25_7	C287	0	1	1	0	0	1	0	0	0	0	0	0	0	0
EHM034692|EHA02331_bin.15_gene_25_8	C287	0	1	1	0	0	1	0	0	0	0	0	0	0	0
EHM034692|EHA02331_bin.15_gene_25_9	C287	0	1	1	0	0	1	0	0	0	0	0	0	0	0
EHM034692|EHA02331_bin.15_gene_25_10	C287	0	1	1	0	0	1	0	0	0	0	0	0	0	0
EHM034692|EHA02331_bin.15_gene_25_11	C287	0	1	1	0	0	1	0	0	0	0	0	0	0	0
EHM034692|EHA02331_bin.15_gene_26_1	C287	0	1	1	0	0	0	0	0	0	0	0	0	0	0
EHM034692|EHA02331_bin.15_gene_29_8	C287	0	1	1	0	0	0	0	0	1	0	0	1	0	1
EHM034692|EHA02331_bin.15_gene_33_1	C287	0	1	1	0	0	0	0	0	0	0	0	1	0	0
EHM034692|EHA02331_bin.15_gene_46_1	C287	0	1	1	0	0	1	0	0	0	0	0	0	0	0
EHM034692|EHA02331_bin.15_gene_49_4	C287	0	1	1	0	0	0	1	0	1	0	0	0	0	0
EHM034692|EHA02331_bin.15_gene_55_41	C287	0	1	1	0	0	0	0	0	0	0	0	0	0	0
EHM034692|EHA02331_bin.15_gene_55_42	C287	0	1	1	0	0	0	0	0	0	0	0	0	1	0
EHM034692|EHA02331_bin.15_gene_56_1	C287	0	1	1	0	0	1	0	0	0	0	1	0	0	0
EHM034692|EHA02331_bin.15_gene_56_2	C287	0	1	1	0	0	0	0	0	0	0	0	0	0	0
EHM034692|EHA02331_bin.15_gene_61_2	C287	0	1	1	0	0	1	0	0	0	0	0	0	0	0
EHM034692|EHA02331_bin.15_gene_61_3	C287	0	1	1	0	0	1	0	0	0	0	0	0	0	0
EHM034692|EHA02331_bin.15_gene_62_17	C287	0	1	1	0	1	0	0	0	0	0	1	0	0	0
EHM034692|EHA02331_bin.15_gene_62_59	C287	0	1	1	0	0	0	1	0	0	0	0	0	0	0
EHM034692|EHA02331_bin.15_gene_62_60	C287	0	1	1	0	0	0	1	0	0	0	0	0	0	0
EHM034692|EHA02331_bin.15_gene_71_2	C287	0	1	1	0	1	0	0	0	0	0	0	0	0	0
EHM034692|EHA02331_bin.15_gene_80_1	C287	0	1	1	0	0	0	0	0	0	0	0	0	0	0
EHM034692|EHA02331_bin.15_gene_87_1	C287	0	1	1	0	0	0	0	0	0	0	0	0	0	0
EHM034692|EHA02331_bin.15_gene_87_9	C287	0	1	1	0	0	1	0	0	0	0	0	0	0	0
EHM034692|EHA02331_bin.15_gene_87_15	C287	0	1	1	0	0	0	0	0	0	0	0	0	0	0
EHM034692|EHA02331_bin.15_gene_87_35	C287	0	1	1	0	0	0	1	0	0	0	0	0	0	0
EHM034692|EHA02331_bin.15_gene_88_1	C287	0	1	1	0	0	0	0	0	0	0	0	0	0	0
EHM034692|EHA02331_bin.15_gene_89_4	C287	0	1	1	0	0	0	0	0	0	0	0	0	0	0
EHM034692|EHA02331_bin.15_gene_89_18	C287	0	1	1	0	0	1	0	0	0	0	0	0	0	0
EHM034692|EHA02331_bin.15_gene_98_23	C287	0	1	1	0	0	0	0	0	0	0	0	0	0	0
EHM034692|EHA02331_bin.15_gene_103_12	C287	0	1	1	0	0	0	0	0	0	0	0	0	0	0
EHM034692|EHA02331_bin.15_gene_117_1	C287	0	1	1	0	0	0	0	0	0	0	0	0	0	0
EHM034692|EHA02331_bin.15_gene_130_3	C287	0	1	1	0	0	0	0	0	0	0	0	0	0	0
EHM034692|EHA02331_bin.15_gene_136_16	C287	0	1	1	0	0	1	0	0	0	0	0	0	0	0
EHM034692|EHA02331_bin.15_gene_137_14	C287	0	1	1	0	0	0	0	0	0	0	0	0	0	0
EHM034692|EHA02331_bin.15_gene_140_19	C287	0	1	1	0	0	0	0	0	0	0	0	0	0	0
EHM034692|EHA02331_bin.15_gene_144_3	C287	0	1	1	0	0	0	0	0	0	0	0	0	0	0
EHM034692|EHA02331_bin.15_gene_147_2	C287	0	1	1	0	1	0	0	0	0	0	0	0	0	0
EHM034692|EHA02331_bin.15_gene_148_2	C287	0	1	1	0	0	0	0	0	0	0	0	0	0	0
EHM034692|EHA02331_bin.15_gene_157_6	C287	0	1	1	0	0	0	0	0	0	0	0	0	0	0
EHM034692|EHA02331_bin.15_gene_158_4	C287	0	1	1	0	0	0	0	0	0	0	0	0	0	0
EHM034692|EHA02331_bin.15_gene_158_5	C287	0	1	1	0	0	0	0	0	0	0	0	0	0	0
EHM034692|EHA02331_bin.15_gene_158_7	C287	0	1	1	0	0	0	1	1	1	0	0	1	1	1
EHM034692|EHA02331_bin.15_gene_159_8	C287	0	1	1	0	0	0	0	0	0	0	0	0	0	0
EHM034692|EHA02331_bin.15_gene_160_2	C287	0	1	1	0	0	1	0	1	1	1	0	0	1	1
EHM034692|EHA02331_bin.15_gene_161_9	C287	0	1	1	0	0	0	0	0	0	0	0	0	0	0
EHM034692|EHA02331_bin.15_gene_164_2	C287	0	1	1	0	1	1	0	0	0	0	1	0	0	0
EHM034692|EHA02331_bin.15_gene_164_3	C287	0	1	1	0	0	0	0	0	0	0	0	0	0	0
EHM034692|EHA02331_bin.15_gene_169_13	C287	0	1	1	0	0	1	0	0	0	0	0	0	0	0
EHM034692|EHA02331_bin.15_gene_182_4	C287	0	1	1	0	0	0	0	0	0	0	0	0	0	0
EHM034692|EHA02331_bin.15_gene_182_5	C287	0	1	1	0	0	0	0	0	0	0	0	0	0	0
EHM034692|EHA02331_bin.15_gene_183_5	C287	0	1	1	0	0	0	0	0	0	0	0	0	0	0
EHM034692|EHA02331_bin.15_gene_183_6	C287	0	1	1	0	0	0	0	0	0	0	0	0	0	0
EHM034692|EHA02331_bin.15_gene_183_7	C287	0	1	1	0	0	0	0	0	0	0	0	0	0	0
EHM034692|EHA02331_bin.15_gene_197_7	C287	0	1	1	0	0	0	0	0	0	0	0	0	0	0
EHM034692|EHA02331_bin.15_gene_199_8	C287	0	1	1	0	1	0	0	0	0	0	0	0	0	0
EHM034692|EHA02331_bin.15_gene_199_19	C287	0	1	1	0	0	0	0	0	0	0	0	0	0	0
EHM034692|EHA02331_bin.15_gene_199_28	C287	0	1	1	0	0	0	0	0	0	0	0	1	0	0
EHM034692|EHA02331_bin.15_gene_200_1	C287	0	1	1	0	0	0	0	0	0	0	0	0	0	0
EHM034692|EHA02331_bin.15_gene_206_24	C287	0	1	1	0	0	0	0	0	0	0	0	0	0	0
EHM034692|EHA02331_bin.15_gene_210_2	C287	0	1	1	0	1	1	0	0	0	1	0	0	1	1
EHM034692|EHA02331_bin.15_gene_210_3	C287	0	1	1	0	1	1	0	0	0	1	0	0	0	1
EHM034692|EHA02331_bin.15_gene_210_4	C287	0	1	1	0	0	0	0	0	0	0	0	0	0	0
EHM034692|EHA02331_bin.15_gene_210_5	C287	0	1	1	0	0	0	0	0	0	0	0	0	0	0
EHM034692|EHA02331_bin.15_gene_214_11	C287	0	1	1	0	0	0	1	0	0	0	0	0	0	0
EHM034692|EHA02331_bin.15_gene_223_1	C287	0	1	1	0	0	0	0	0	0	0	0	0	0	0
EHM034692|EHA02331_bin.15_gene_227_7	C287	0	1	1	0	1	1	1	0	0	0	0	0	0	0
EHM034692|EHA02331_bin.15_gene_231_2	C287	0	1	1	0	0	1	0	0	0	0	0	0	0	0
EHM034692|EHA02331_bin.15_gene_232_18	C287	0	1	1	0	0	0	0	0	0	0	0	1	0	0
EHM034692|EHA02331_bin.15_gene_234_1	C287	0	1	1	0	0	1	0	0	0	0	0	0	0	0
EHM034692|EHA02331_bin.15_gene_245_3	C287	0	1	1	0	0	0	0	0	0	0	0	0	0	0
EHM034692|EHA02331_bin.15_gene_245_7	C287	0	1	1	0	0	0	0	0	0	0	0	0	0	0
EHM034692|EHA02331_bin.15_gene_248_27	C287	0	1	1	0	0	0	0	0	0	0	0	0	0	0
EHM034692|EHA02331_bin.15_gene_248_31	C287	0	1	1	0	0	0	0	0	0	0	0	0	0	0
EHM034692|EHA02331_bin.15_gene_250_1	C287	0	1	1	0	0	0	0	1	0	0	0	0	0	0
EHM034692|EHA02331_bin.15_gene_252_2	C287	0	1	1	0	0	0	0	0	0	0	0	0	0	0
EHM034692|EHA02331_bin.15_gene_255_18	C287	0	1	1	0	0	0	0	0	0	0	0	0	0	0
EHM034692|EHA02331_bin.15_gene_256_7	C287	0	1	1	0	0	0	0	0	0	0	0	0	0	0
EHM034692|EHA02331_bin.15_gene_258_5	C287	0	1	1	0	0	0	0	0	0	0	0	0	0	0
EHM034692|EHA02331_bin.15_gene_260_1	C287	0	1	1	0	1	1	0	0	0	0	0	0	0	0
EHM034692|EHA02331_bin.15_gene_260_7	C287	0	1	1	0	0	0	0	0	0	0	0	0	0	0
EHM034692|EHA02331_bin.15_gene_260_13	C287	0	1	1	0	0	0	0	0	0	0	0	0	0	0
EHM034692|EHA02331_bin.15_gene_266_11	C287	0	1	1	0	0	0	0	0	0	0	0	0	0	0
EHM034692|EHA02331_bin.15_gene_267_8	C287	0	1	1	0	0	0	0	0	0	0	0	0	0	0
EHM034692|EHA02331_bin.15_gene_270_8	C287	0	1	1	0	0	0	0	0	0	0	0	0	0	0
EHM034692|EHA02331_bin.15_gene_274_6	C287	0	1	1	0	0	0	0	0	0	0	0	0	0	0
EHM034692|EHA02331_bin.15_gene_278_12	C287	0	1	1	0	0	0	0	0	0	0	0	0	0	0
EHM034692|EHA02331_bin.15_gene_278_13	C287	0	1	1	0	0	0	0	0	0	0	0	0	0	0
EHM034692|EHA02331_bin.15_gene_278_15	C287	0	1	1	0	0	0	0	0	0	0	0	0	0	0
EHM034692|EHA02331_bin.15_gene_292_1	C287	0	1	1	0	0	0	0	0	0	0	0	0	0	0
EHM034692|EHA02331_bin.15_gene_292_2	C287	0	1	1	0	0	0	0	0	0	0	0	0	0	0
EHM034692|EHA02331_bin.15_gene_292_3	C287	0	1	1	0	0	0	0	0	0	0	0	0	0	0
EHM034720|EHA02359_bin.2_gene_15_5	C286	1	0	1	0	0	0	0	0	0	0	0	0	0	0
EHM034720|EHA02359_bin.2_gene_21_1	C286	1	0	1	0	0	0	0	0	0	0	0	0	0	0
EHM034720|EHA02359_bin.2_gene_24_8	C286	1	0	1	0	0	0	1	0	0	0	1	1	0	0
EHM034720|EHA02359_bin.2_gene_26_2	C286	1	0	1	0	1	1	1	1	1	1	1	0	1	1
EHM034720|EHA02359_bin.2_gene_29_12	C286	1	0	1	0	0	0	0	0	0	0	0	0	0	0
EHM034720|EHA02359_bin.2_gene_29_14	C286	1	0	1	0	0	0	0	0	0	0	0	0	0	0
EHM034720|EHA02359_bin.2_gene_29_15	C286	1	0	1	0	0	0	0	0	0	0	0	0	0	0
EHM034720|EHA02359_bin.2_gene_29_21	C286	1	0	1	0	0	0	0	0	0	0	0	0	0	0
EHM034720|EHA02359_bin.2_gene_29_27	C286	1	0	1	0	0	0	0	0	0	0	0	1	0	0
EHM034720|EHA02359_bin.2_gene_29_35	C286	1	0	1	0	0	0	0	0	0	1	0	0	0	0
EHM034720|EHA02359_bin.2_gene_34_1	C286	1	0	1	0	0	0	0	0	0	0	0	0	0	0
EHM034720|EHA02359_bin.2_gene_35_2	C286	1	0	1	0	0	0	0	0	0	0	0	0	0	0
EHM034720|EHA02359_bin.2_gene_47_24	C286	1	0	1	0	1	1	0	1	1	0	0	1	1	1
EHM034720|EHA02359_bin.2_gene_47_25	C286	1	0	1	0	1	1	0	1	1	0	1	1	1	1
EHM034720|EHA02359_bin.2_gene_51_3	C286	1	0	1	0	1	1	1	1	1	1	1	0	1	1
EHM034720|EHA02359_bin.2_gene_64_11	C286	1	0	1	0	1	0	0	1	1	0	0	0	0	0
EHM034720|EHA02359_bin.2_gene_80_2	C286	1	0	1	0	0	1	0	0	0	0	1	0	0	0
EHM034720|EHA02359_bin.2_gene_86_1	C286	1	0	1	0	0	0	0	0	0	0	0	0	0	0
EHM034720|EHA02359_bin.2_gene_86_2	C286	1	0	1	0	0	0	0	0	0	0	0	0	0	0
EHM034720|EHA02359_bin.2_gene_87_1	C286	1	0	1	0	0	0	0	0	1	0	0	1	0	0
EHM034720|EHA02359_bin.2_gene_94_24	C286	1	0	1	0	1	0	0	0	0	0	0	0	0	0
EHM034720|EHA02359_bin.2_gene_109_3	C286	1	0	1	0	1	1	0	0	0	0	0	0	0	0
EHM034720|EHA02359_bin.2_gene_118_4	C286	1	0	1	0	1	0	0	0	1	0	0	0	0	0
EHM034720|EHA02359_bin.2_gene_140_1	C286	1	0	1	0	0	0	0	0	0	0	0	0	0	0
EHM034720|EHA02359_bin.2_gene_158_2	C286	1	0	1	0	0	0	0	0	0	0	0	0	0	0
EHM034720|EHA02359_bin.2_gene_170_3	C286	1	0	1	0	1	0	0	0	0	0	0	0	0	0
EHM034720|EHA02359_bin.2_gene_171_2	C286	1	0	1	0	1	1	0	1	0	0	0	1	0	1
EHM034720|EHA02359_bin.2_gene_183_8	C286	1	0	1	0	0	0	0	0	0	0	0	0	0	0
EHM034720|EHA02359_bin.2_gene_188_12	C286	1	0	1	0	1	0	0	1	1	0	0	0	0	0
EHM034720|EHA02359_bin.2_gene_196_2	C286	1	0	1	0	0	0	0	0	0	0	0	0	0	0
EHM034720|EHA02359_bin.2_gene_217_1	C286	1	0	1	0	0	0	1	0	1	1	0	0	1	1
EHM034720|EHA02359_bin.2_gene_220_13	C286	1	0	1	0	1	0	1	1	1	1	1	1	0	1
EHM034720|EHA02359_bin.2_gene_237_4	C286	1	0	1	0	0	1	0	0	0	0	0	0	0	0
EHM034720|EHA02359_bin.2_gene_255_6	C286	1	0	1	0	0	1	0	0	0	0	0	0	0	0
EHM034674|EHA02355_bin.24_gene_14_9	C289	0	0	1	1	1	0	0	1	0	0	0	1	0	0
EHM034674|EHA02355_bin.24_gene_18_4	C289	0	0	1	1	0	1	0	0	0	0	0	0	0	0
EHM034674|EHA02355_bin.24_gene_18_5	C289	0	0	1	1	0	1	0	0	0	0	0	0	0	0
EHM034674|EHA02355_bin.24_gene_19_6	C289	0	0	1	1	0	1	0	0	0	0	0	0	0	0
EHM034674|EHA02355_bin.24_gene_21_2	C289	0	0	1	1	0	0	0	0	0	0	0	0	0	0
EHM034674|EHA02355_bin.24_gene_35_7	C289	0	0	1	1	1	1	1	1	1	1	1	1	1	1
EHM034674|EHA02355_bin.24_gene_39_14	C289	0	0	1	1	0	0	0	0	0	0	0	0	0	0
EHM034674|EHA02355_bin.24_gene_39_15	C289	0	0	1	1	0	1	0	0	0	0	0	0	0	0
EHM034674|EHA02355_bin.24_gene_40_1	C289	0	0	1	1	0	1	0	0	0	0	0	0	0	0
EHM034674|EHA02355_bin.24_gene_40_2	C289	0	0	1	1	1	0	0	0	0	0	0	1	0	0
EHM034674|EHA02355_bin.24_gene_40_3	C289	0	0	1	1	0	0	0	0	0	0	0	0	0	0
EHM034674|EHA02355_bin.24_gene_61_1	C289	0	0	1	1	0	0	0	0	0	0	0	0	0	0
EHM034674|EHA02355_bin.24_gene_65_21	C289	0	0	1	1	0	0	0	0	0	0	0	0	0	0
EHM034674|EHA02355_bin.24_gene_80_2	C289	0	0	1	1	1	1	0	0	1	0	0	0	0	0
EHM034674|EHA02355_bin.24_gene_80_7	C289	0	0	1	1	0	0	1	0	0	0	0	0	0	0
EHM034674|EHA02355_bin.24_gene_83_8	C289	0	0	1	1	1	0	0	0	0	0	0	0	0	1
EHM034674|EHA02355_bin.24_gene_87_1	C289	0	0	1	1	0	0	0	0	0	0	0	0	0	0
EHM034674|EHA02355_bin.24_gene_90_1	C289	0	0	1	1	0	0	0	0	0	0	0	0	0	0
EHM034674|EHA02355_bin.24_gene_96_5	C289	0	0	1	1	0	0	0	0	0	0	0	0	0	0
EHM034674|EHA02355_bin.24_gene_96_9	C289	0	0	1	1	0	0	0	0	0	0	0	0	0	0
EHM034674|EHA02355_bin.24_gene_96_10	C289	0	0	1	1	0	0	0	0	0	0	0	0	0	0
EHM034674|EHA02355_bin.24_gene_113_1	C289	0	0	1	1	1	0	0	0	0	0	0	0	0	0
EHM034674|EHA02355_bin.24_gene_115_2	C289	0	0	1	1	0	0	0	0	0	0	1	0	0	0
EHM034674|EHA02355_bin.24_gene_115_3	C289	0	0	1	1	0	0	0	0	0	0	1	0	0	0
EHM034674|EHA02355_bin.24_gene_128_5	C289	0	0	1	1	1	0	0	0	0	0	0	0	0	0
EHM034674|EHA02355_bin.24_gene_141_1	C289	0	0	1	1	0	0	0	0	0	0	0	0	0	0
EHM034674|EHA02355_bin.24_gene_144_6	C289	0	0	1	1	0	1	0	0	0	0	0	0	0	0
EHM034674|EHA02355_bin.24_gene_166_1	C289	0	0	1	1	1	1	0	0	0	0	0	0	0	0
EHM034674|EHA02355_bin.24_gene_166_6	C289	0	0	1	1	0	0	0	0	0	0	1	0	0	0
EHM034674|EHA02355_bin.24_gene_178_16	C289	0	0	1	1	0	0	0	0	0	0	0	1	0	0
EHM034674|EHA02355_bin.24_gene_183_4	C289	0	0	1	1	0	1	1	0	0	0	0	1	0	1
EHM034674|EHA02355_bin.24_gene_187_1	C289	0	0	1	1	1	1	1	0	0	0	0	0	0	0
EHM034674|EHA02355_bin.24_gene_190_2	C289	0	0	1	1	1	0	0	0	0	0	0	0	0	0
EHM034674|EHA02355_bin.24_gene_191_10	C289	0	0	1	1	0	1	1	0	0	0	1	0	0	0
EHM034674|EHA02355_bin.24_gene_194_13	C289	0	0	1	1	0	0	0	0	0	1	0	0	1	0
EHM034674|EHA02355_bin.24_gene_228_2	C289	0	0	1	1	0	0	0	0	0	0	0	0	0	0
EHM034674|EHA02355_bin.24_gene_261_11	C289	0	0	1	1	0	0	0	0	0	0	0	0	0	0
EHM034674|EHA02355_bin.24_gene_262_22	C289	0	0	1	1	0	0	0	0	0	0	0	0	0	0
EHM034674|EHA02355_bin.24_gene_264_1	C289	0	0	1	1	0	0	0	0	0	0	0	0	0	0
EHM034674|EHA02355_bin.24_gene_308_7	C289	0	0	1	1	1	1	0	1	1	0	1	0	1	1
EHM034674|EHA02355_bin.24_gene_308_10	C289	0	0	1	1	0	0	0	0	0	0	1	0	0	0
EHM034674|EHA02355_bin.24_gene_308_19	C289	0	0	1	1	0	0	0	0	0	0	0	0	0	0
EHM034674|EHA02355_bin.24_gene_313_6	C289	0	0	1	1	1	1	0	1	0	0	0	1	0	0
EHM034674|EHA02355_bin.24_gene_315_6	C289	0	0	1	1	1	1	0	1	0	0	0	1	0	1
EHM034674|EHA02355_bin.24_gene_315_10	C289	0	0	1	1	0	0	0	0	0	0	0	0	0	0
EHM034674|EHA02355_bin.24_gene_344_1	C289	0	0	1	1	0	0	0	0	0	0	0	0	0	0
EHM034674|EHA02355_bin.24_gene_347_2	C289	0	0	1	1	0	0	0	1	0	0	0	0	0	1
EHM034674|EHA02355_bin.24_gene_355_2	C289	0	0	1	1	0	0	0	0	0	0	0	0	0	0
EHM034674|EHA02355_bin.24_gene_360_7	C289	0	0	1	1	0	0	1	0	0	0	1	1	0	0
UHM1210.23070_R.bin.101|k141_1318991_26	C294	0	0	1	0	1	0	0	0	0	0	0	0	0	0
UHM1210.23070_R.bin.101|k141_1318991_108	C294	0	0	1	0	1	0	0	0	0	0	1	1	0	0
UHM1210.23070_R.bin.101|k141_44701_64	C294	0	0	1	0	1	0	0	0	0	0	0	0	0	0
UHM1210.23070_R.bin.101|k141_604287_26	C294	0	0	1	0	1	0	0	0	0	0	0	0	0	0
UHM1210.23070_R.bin.101|k141_13322_1	C294	0	0	1	0	1	0	1	1	0	0	0	1	0	0
UHM1210.23070_R.bin.101|k141_14093_58	C294	0	0	1	0	1	0	0	0	0	0	0	0	0	0
UHM1210.23070_R.bin.101|k141_993103_33	C294	0	0	1	0	1	0	0	0	1	0	0	0	0	0
UHM1210.23070_R.bin.101|k141_790691_42	C294	0	0	1	0	1	0	1	0	0	0	1	0	0	0
UHM1210.23070_R.bin.101|k141_1343831_17	C294	0	0	1	0	1	0	0	0	0	0	0	0	0	0
UHM1210.23070_R.bin.101|k141_284463_19	C294	0	0	1	0	1	0	0	0	0	0	0	0	1	0
UHM1210.23070_R.bin.101|k141_1014015_2	C294	0	0	1	0	1	1	1	0	0	0	0	0	0	0
UHM1210.23070_R.bin.101|k141_1014015_13	C294	0	0	1	0	1	0	0	0	0	0	0	0	0	0
UHM1210.23070_R.bin.101|k141_1014015_15	C294	0	0	1	0	1	0	0	0	0	0	0	0	0	0
UHM1210.23070_R.bin.101|k141_35550_31	C294	0	0	1	0	1	1	1	0	0	0	1	1	0	1
UHM1210.23070_R.bin.101|k141_35550_32	C294	0	0	1	0	1	0	1	0	0	0	0	0	0	0
UHM1210.23070_R.bin.101|k141_35550_34	C294	0	0	1	0	1	1	0	0	0	0	0	1	0	0
UHM1210.23070_R.bin.101|k141_35550_95	C294	0	0	1	0	1	0	0	0	0	0	0	0	0	0
UHM1210.23070_R.bin.101|k141_802077_4	C294	0	0	1	0	1	0	1	0	0	0	0	0	0	0
UHM1210.23070_R.bin.101|k141_802077_5	C294	0	0	1	0	1	0	0	0	0	0	0	0	0	0
EHM034692|EHA02331_bin.15_gene_0_13	C287	0	1	0	0	1	0	0	1	1	0	0	0	1	1
EHM034692|EHA02331_bin.15_gene_47_12	C287	0	1	0	0	1	0	0	0	0	0	0	0	0	0
EHM034692|EHA02331_bin.15_gene_77_2	C287	0	1	0	0	1	1	1	0	0	0	0	1	0	0
EHM034692|EHA02331_bin.15_gene_133_3	C287	0	1	0	0	1	0	0	0	0	0	0	0	0	0
EHM034692|EHA02331_bin.15_gene_133_4	C287	0	1	0	0	1	0	0	0	0	0	0	0	0	0
EHM034692|EHA02331_bin.15_gene_162_3	C287	0	1	0	0	1	0	0	0	0	0	0	0	0	0
EHM034692|EHA02331_bin.15_gene_188_3	C287	0	1	0	0	1	1	1	1	1	1	0	1	1	1
EHM034692|EHA02331_bin.15_gene_197_10	C287	0	1	0	0	1	1	0	0	0	0	0	0	0	0
EHM034692|EHA02331_bin.15_gene_203_3	C287	0	1	0	0	1	1	0	0	0	0	0	0	0	0
EHM034692|EHA02331_bin.15_gene_214_22	C287	0	1	0	0	1	0	0	0	0	0	0	0	0	0
EHM034692|EHA02331_bin.15_gene_235_4	C287	0	1	0	0	1	0	0	0	1	0	0	0	0	0
EHM034692|EHA02331_bin.15_gene_277_1	C287	0	1	0	0	1	0	0	0	0	0	0	0	0	0
EHM034692|EHA02331_bin.15_gene_278_9	C287	0	1	0	0	1	0	0	0	0	0	0	0	0	0
EHM034692|EHA02331_bin.15_gene_283_1	C287	0	1	0	0	1	1	1	0	1	1	1	0	1	0
EHM034692|EHA02331_bin.15_gene_285_9	C287	0	1	0	0	1	1	1	1	1	1	1	1	1	0
EHM034692|EHA02331_bin.15_gene_299_1	C287	0	1	0	0	1	0	0	0	0	0	0	1	0	0
STP248.12601_R.bin.118|k141_250692_1	C298	0	0	1	0	0	1	1	0	0	0	0	0	1	0
STP248.12601_R.bin.118|k141_129934_48	C298	0	0	1	0	1	1	0	0	0	0	0	1	0	0
STP248.12601_R.bin.118|k141_893227_1	C298	0	0	1	0	0	1	0	0	0	0	0	0	0	0
STP248.12601_R.bin.118|k141_534540_1	C298	0	0	1	0	0	1	0	0	0	0	0	0	0	0
STP248.12601_R.bin.118|k141_534540_7	C298	0	0	1	0	0	1	0	0	0	0	0	0	0	0
STP248.12601_R.bin.118|k141_540405_60	C298	0	0	1	0	0	1	0	0	0	0	0	0	0	0
STP248.12601_R.bin.118|k141_417709_160	C298	0	0	1	0	0	1	1	1	0	0	0	0	0	0
STP248.12601_R.bin.118|k141_556585_57	C298	0	0	1	0	1	1	0	0	0	0	0	0	0	0
STP248.12601_R.bin.118|k141_435317_1	C298	0	0	1	0	0	1	0	0	0	0	0	0	0	0
STP248.12601_R.bin.118|k141_435317_2	C298	0	0	1	0	0	1	0	0	0	0	0	0	0	0
STP248.12601_R.bin.118|k141_435317_3	C298	0	0	1	0	0	1	0	0	0	0	0	0	0	0
STP248.12601_R.bin.118|k141_563334_21	C298	0	0	1	0	0	1	1	1	1	1	0	0	0	1
STP248.12601_R.bin.118|k141_563334_27	C298	0	0	1	0	0	1	0	0	0	0	0	0	0	0
STP248.12601_R.bin.118|k141_580373_25	C298	0	0	1	0	0	1	0	0	0	0	0	0	0	0
STP248.12601_R.bin.118|k141_588353_1	C298	0	0	1	0	1	1	1	0	0	1	0	0	1	0
STP248.12601_R.bin.118|k141_589226_40	C298	0	0	1	0	0	1	0	0	0	0	0	0	0	0
STP248.12601_R.bin.118|k141_589226_41	C298	0	0	1	0	0	1	0	0	0	0	0	0	0	0
STP248.12601_R.bin.118|k141_589226_42	C298	0	0	1	0	0	1	0	0	0	0	0	0	1	0
STP248.12601_R.bin.118|k141_589226_43	C298	0	0	1	0	0	1	0	0	0	0	0	0	0	0
STP248.12601_R.bin.118|k141_589226_49	C298	0	0	1	0	0	1	0	0	0	0	0	0	0	0
STP248.12601_R.bin.118|k141_589226_90	C298	0	0	1	0	0	1	0	0	0	1	0	0	0	0
STP248.12601_R.bin.118|k141_465240_1	C298	0	0	1	0	1	1	0	0	0	0	0	1	1	0
STP248.12601_R.bin.118|k141_745868_53	C298	0	0	1	0	0	1	0	0	0	0	0	0	0	0
STP248.12601_R.bin.118|k141_745868_78	C298	0	0	1	0	1	1	0	0	0	0	0	0	0	0
EHM034720|EHA02359_bin.2_gene_4_9	C286	1	0	0	0	1	1	0	0	0	0	0	0	0	0
EHM034720|EHA02359_bin.2_gene_5_1	C286	1	0	0	0	1	0	0	0	0	0	0	0	0	0
EHM034720|EHA02359_bin.2_gene_10_13	C286	1	0	0	0	1	0	0	1	1	1	1	1	0	1
EHM034720|EHA02359_bin.2_gene_13_3	C286	1	0	0	0	1	1	1	1	0	1	1	0	0	0
EHM034720|EHA02359_bin.2_gene_14_7	C286	1	0	0	0	1	0	0	0	0	0	1	1	0	1
EHM034720|EHA02359_bin.2_gene_16_1	C286	1	0	0	0	1	1	0	0	0	1	1	0	0	1
EHM034720|EHA02359_bin.2_gene_30_4	C286	1	0	0	0	1	1	1	0	0	0	0	1	0	0
EHM034720|EHA02359_bin.2_gene_32_15	C286	1	0	0	0	1	0	0	1	0	0	1	1	0	0
EHM034720|EHA02359_bin.2_gene_36_3	C286	1	0	0	0	1	0	0	1	0	0	0	0	0	0
EHM034720|EHA02359_bin.2_gene_42_2	C286	1	0	0	0	1	0	1	0	0	0	1	0	0	0
EHM034720|EHA02359_bin.2_gene_44_3	C286	1	0	0	0	1	1	0	1	0	0	0	0	0	0
EHM034720|EHA02359_bin.2_gene_55_20	C286	1	0	0	0	1	0	0	0	0	0	0	0	0	0
EHM034720|EHA02359_bin.2_gene_55_40	C286	1	0	0	0	1	0	0	0	0	0	0	0	0	0
EHM034720|EHA02359_bin.2_gene_58_15	C286	1	0	0	0	1	0	0	1	0	0	0	0	0	0
EHM034720|EHA02359_bin.2_gene_67_2	C286	1	0	0	0	1	0	0	0	0	0	0	0	0	0
EHM034720|EHA02359_bin.2_gene_76_18	C286	1	0	0	0	1	0	0	1	1	1	1	0	0	0
EHM034720|EHA02359_bin.2_gene_79_4	C286	1	0	0	0	1	1	0	0	0	0	0	0	0	0
EHM034720|EHA02359_bin.2_gene_80_3	C286	1	0	0	0	1	0	0	0	0	0	0	0	0	0
EHM034720|EHA02359_bin.2_gene_82_1	C286	1	0	0	0	1	0	0	0	1	1	0	1	0	1
EHM034720|EHA02359_bin.2_gene_88_3	C286	1	0	0	0	1	0	0	1	1	1	1	1	0	0
EHM034720|EHA02359_bin.2_gene_89_13	C286	1	0	0	0	1	0	0	0	0	0	0	0	0	0
EHM034720|EHA02359_bin.2_gene_89_15	C286	1	0	0	0	1	0	0	1	1	1	0	0	0	1
EHM034720|EHA02359_bin.2_gene_90_10	C286	1	0	0	0	1	1	1	1	1	1	0	0	1	1
EHM034720|EHA02359_bin.2_gene_93_1	C286	1	0	0	0	1	1	0	0	0	0	0	0	0	0
EHM034720|EHA02359_bin.2_gene_94_16	C286	1	0	0	0	1	0	0	1	1	1	1	1	1	1
EHM034720|EHA02359_bin.2_gene_96_4	C286	1	0	0	0	1	1	1	1	1	1	0	0	1	1
EHM034720|EHA02359_bin.2_gene_103_20	C286	1	0	0	0	1	0	0	0	0	0	0	0	0	0
EHM034720|EHA02359_bin.2_gene_120_4	C286	1	0	0	0	1	0	0	1	1	1	1	1	0	1
EHM034720|EHA02359_bin.2_gene_123_2	C286	1	0	0	0	1	0	0	0	0	0	0	0	0	0
EHM034720|EHA02359_bin.2_gene_124_7	C286	1	0	0	0	1	0	1	0	0	0	1	1	0	0
EHM034720|EHA02359_bin.2_gene_132_2	C286	1	0	0	0	1	0	0	1	1	1	1	1	0	0
EHM034720|EHA02359_bin.2_gene_132_4	C286	1	0	0	0	1	0	0	1	0	0	1	1	1	1
EHM034720|EHA02359_bin.2_gene_132_5	C286	1	0	0	0	1	0	0	0	1	1	1	1	0	1
EHM034720|EHA02359_bin.2_gene_137_1	C286	1	0	0	0	1	0	0	0	1	1	0	1	0	1
EHM034720|EHA02359_bin.2_gene_147_4	C286	1	0	0	0	1	1	0	1	0	0	1	0	0	0
EHM034720|EHA02359_bin.2_gene_147_7	C286	1	0	0	0	1	1	0	1	1	1	1	1	0	1
EHM034720|EHA02359_bin.2_gene_147_8	C286	1	0	0	0	1	1	0	0	0	0	0	0	0	0
EHM034720|EHA02359_bin.2_gene_150_12	C286	1	0	0	0	1	0	0	1	1	1	1	1	0	1
EHM034720|EHA02359_bin.2_gene_153_2	C286	1	0	0	0	1	0	0	1	0	0	0	0	0	0
EHM034720|EHA02359_bin.2_gene_153_8	C286	1	0	0	0	1	1	1	0	0	0	1	0	0	0
EHM034720|EHA02359_bin.2_gene_157_6	C286	1	0	0	0	1	0	0	1	0	0	0	0	0	0
EHM034720|EHA02359_bin.2_gene_160_2	C286	1	0	0	0	1	0	0	0	0	1	0	0	1	0
EHM034720|EHA02359_bin.2_gene_162_9	C286	1	0	0	0	1	0	0	1	1	1	1	1	0	1
EHM034720|EHA02359_bin.2_gene_165_8	C286	1	0	0	0	1	0	0	0	0	0	0	0	0	0
EHM034720|EHA02359_bin.2_gene_166_1	C286	1	0	0	0	1	0	0	1	0	0	0	0	0	0
EHM034720|EHA02359_bin.2_gene_174_8	C286	1	0	0	0	1	0	0	1	1	0	0	0	0	0
EHM034720|EHA02359_bin.2_gene_180_5	C286	1	0	0	0	1	1	0	1	0	1	0	0	0	1
EHM034720|EHA02359_bin.2_gene_186_9	C286	1	0	0	0	1	0	0	1	1	1	0	1	0	1
EHM034720|EHA02359_bin.2_gene_186_10	C286	1	0	0	0	1	0	0	1	1	1	0	1	0	1
EHM034720|EHA02359_bin.2_gene_188_3	C286	1	0	0	0	1	0	0	1	0	0	0	1	0	0
EHM034720|EHA02359_bin.2_gene_190_9	C286	1	0	0	0	1	1	0	0	0	0	0	0	0	0
EHM034720|EHA02359_bin.2_gene_190_10	C286	1	0	0	0	1	1	0	0	0	1	0	0	0	1
EHM034720|EHA02359_bin.2_gene_190_12	C286	1	0	0	0	1	0	1	0	0	0	0	1	0	0
EHM034720|EHA02359_bin.2_gene_195_17	C286	1	0	0	0	1	0	0	0	0	0	0	0	0	0
EHM034720|EHA02359_bin.2_gene_196_3	C286	1	0	0	0	1	0	0	1	0	0	0	0	0	0
EHM034720|EHA02359_bin.2_gene_197_5	C286	1	0	0	0	1	1	0	0	1	0	0	0	0	0
EHM034720|EHA02359_bin.2_gene_201_3	C286	1	0	0	0	1	0	0	1	1	1	0	0	0	1
EHM034720|EHA02359_bin.2_gene_206_3	C286	1	0	0	0	1	0	0	1	0	0	0	0	0	1
EHM034720|EHA02359_bin.2_gene_209_2	C286	1	0	0	0	1	0	0	0	1	1	1	1	0	0
EHM034720|EHA02359_bin.2_gene_220_12	C286	1	0	0	0	1	0	0	0	0	0	0	0	0	0
EHM034720|EHA02359_bin.2_gene_223_3	C286	1	0	0	0	1	0	0	0	0	0	0	1	0	0
EHM034720|EHA02359_bin.2_gene_225_1	C286	1	0	0	0	1	1	0	0	1	0	0	0	0	0
EHM034720|EHA02359_bin.2_gene_234_1	C286	1	0	0	0	1	0	0	1	0	0	0	0	0	0
EHM034720|EHA02359_bin.2_gene_253_3	C286	1	0	0	0	1	1	1	0	0	0	0	0	0	0
EHM034720|EHA02359_bin.2_gene_254_3	C286	1	0	0	0	1	1	0	0	0	0	0	0	0	0
EHM034720|EHA02359_bin.2_gene_254_16	C286	1	0	0	0	1	0	0	0	0	0	0	0	0	0
EHM034720|EHA02359_bin.2_gene_255_8	C286	1	0	0	0	1	0	1	0	0	0	0	0	1	0
EHM034720|EHA02359_bin.2_gene_257_2	C286	1	0	0	0	1	0	0	0	0	1	0	0	0	0
UHM1073.23039_R.bin.125|k141_327978_146	C288	0	0	1	0	1	1	0	0	0	0	0	0	0	0
UHM1073.23039_R.bin.125|k141_27918_55	C288	0	0	1	0	1	0	0	0	1	0	0	0	0	0
UHM1073.23039_R.bin.125|k141_27918_56	C288	0	0	1	0	1	0	0	0	1	0	0	0	0	0
UHM1073.23039_R.bin.125|k141_311314_13	C288	0	0	1	0	1	0	0	0	0	0	0	0	0	0
UHM1073.23039_R.bin.125|k141_311317_101	C288	0	0	1	0	1	0	1	0	0	0	0	0	0	0
UHM1073.23039_R.bin.125|k141_333189_29	C288	0	0	1	0	1	0	0	0	0	0	0	0	0	0
UHM1073.23039_R.bin.125|k141_293949_62	C288	0	0	1	0	1	0	1	0	0	0	1	1	0	1
UHM1073.23039_R.bin.125|k141_475898_19	C288	0	0	1	0	1	0	0	0	0	0	0	0	0	0
UHM1073.23039_R.bin.125|k141_475898_36	C288	0	0	1	0	1	0	0	0	0	0	0	0	0	0
UHM1073.23039_R.bin.125|k141_197029_16	C288	0	0	1	0	1	0	0	0	0	0	0	0	1	0
UHM1073.23039_R.bin.125|k141_624127_11	C288	0	0	1	0	1	0	0	0	0	0	0	0	0	0
UHM1073.23039_R.bin.125|k141_58351_1	C288	0	0	1	0	1	0	1	1	0	0	1	0	0	0
UHM1073.23039_R.bin.125|k141_58351_17	C288	0	0	1	0	1	0	1	0	0	0	1	0	0	0
UHM1073.23039_R.bin.125|k141_58351_48	C288	0	0	1	0	1	1	0	0	0	0	0	0	0	0
EHM034674|EHA02355_bin.24_gene_33_4	C289	0	0	0	1	1	0	0	1	0	0	1	0	0	1
EHM034674|EHA02355_bin.24_gene_34_2	C289	0	0	0	1	1	0	0	0	0	0	0	0	0	0
EHM034674|EHA02355_bin.24_gene_92_19	C289	0	0	0	1	1	0	0	0	0	0	0	0	0	0
EHM034674|EHA02355_bin.24_gene_138_4	C289	0	0	0	1	1	0	0	0	0	0	0	0	0	0
EHM034674|EHA02355_bin.24_gene_139_15	C289	0	0	0	1	1	0	0	0	0	0	0	0	0	0
EHM034674|EHA02355_bin.24_gene_139_16	C289	0	0	0	1	1	0	0	0	0	0	0	0	0	0
EHM034674|EHA02355_bin.24_gene_152_1	C289	0	0	0	1	1	0	0	0	0	0	0	0	0	0
EHM034674|EHA02355_bin.24_gene_209_14	C289	0	0	0	1	1	0	0	0	0	0	0	0	0	0
EHM034674|EHA02355_bin.24_gene_253_10	C289	0	0	0	1	1	1	1	1	1	1	0	1	1	1
EHM034674|EHA02355_bin.24_gene_261_1	C289	0	0	0	1	1	0	0	1	0	0	0	0	0	0
EHM034674|EHA02355_bin.24_gene_348_1	C289	0	0	0	1	1	0	0	1	0	0	0	0	0	0
EHM034674|EHA02355_bin.24_gene_349_2	C289	0	0	0	1	1	0	1	0	1	1	0	0	1	0
STP248.12601_R.bin.118|k141_624970_50	C298	0	0	0	0	1	1	0	0	0	0	0	0	0	1
STP248.12601_R.bin.118|k141_129934_47	C298	0	0	0	0	1	1	1	0	0	0	0	0	0	1
STP248.12601_R.bin.118|k141_129934_52	C298	0	0	0	0	1	1	0	1	0	0	1	0	0	1
STP248.12601_R.bin.118|k141_129934_85	C298	0	0	0	0	1	1	0	0	0	0	0	1	0	0
STP248.12601_R.bin.118|k141_642822_17	C298	0	0	0	0	1	1	0	0	0	0	1	1	1	1
STP248.12601_R.bin.118|k141_893227_13	C298	0	0	0	0	1	1	1	0	0	0	0	0	0	0
STP248.12601_R.bin.118|k141_520429_42	C298	0	0	0	0	1	1	0	0	1	0	0	0	0	0
STP248.12601_R.bin.118|k141_520429_56	C298	0	0	0	0	1	1	0	0	1	0	0	0	0	0
STP248.12601_R.bin.118|k141_904984_27	C298	0	0	0	0	1	1	0	1	0	0	0	0	0	0
STP248.12601_R.bin.118|k141_904984_28	C298	0	0	0	0	1	1	1	0	0	0	0	1	0	0
STP248.12601_R.bin.118|k141_540405_34	C298	0	0	0	0	1	1	0	0	0	0	0	0	0	0
STP248.12601_R.bin.118|k141_540405_35	C298	0	0	0	0	1	1	0	0	1	1	0	0	1	1
STP248.12601_R.bin.118|k141_540405_135	C298	0	0	0	0	1	1	0	0	0	0	0	0	0	0
STP248.12601_R.bin.118|k141_417709_80	C298	0	0	0	0	1	1	0	1	0	0	0	0	0	0
STP248.12601_R.bin.118|k141_417709_85	C298	0	0	0	0	1	1	0	1	0	0	0	0	1	1
STP248.12601_R.bin.118|k141_923502_61	C298	0	0	0	0	1	1	0	0	0	1	0	0	0	0
STP248.12601_R.bin.118|k141_556585_31	C298	0	0	0	0	1	1	0	0	0	0	0	0	0	0
STP248.12601_R.bin.118|k141_556585_52	C298	0	0	0	0	1	1	0	0	0	0	0	0	0	0
STP248.12601_R.bin.118|k141_557158_14	C298	0	0	0	0	1	1	0	1	1	1	0	0	0	1
STP248.12601_R.bin.118|k141_557158_48	C298	0	0	0	0	1	1	0	0	0	0	0	0	1	0
STP248.12601_R.bin.118|k141_196542_55	C298	0	0	0	0	1	1	0	0	0	0	1	0	0	0
STP248.12601_R.bin.118|k141_580373_3	C298	0	0	0	0	1	1	0	0	0	0	0	0	0	0
STP248.12601_R.bin.118|k141_580373_20	C298	0	0	0	0	1	1	0	0	0	0	0	1	1	1
STP248.12601_R.bin.118|k141_588353_113	C298	0	0	0	0	1	1	0	0	0	0	0	0	0	0
STP248.12601_R.bin.118|k141_589226_1	C298	0	0	0	0	1	1	0	0	0	0	0	0	0	0
STP248.12601_R.bin.118|k141_589226_3	C298	0	0	0	0	1	1	0	0	0	0	0	0	0	0
STP248.12601_R.bin.118|k141_589226_4	C298	0	0	0	0	1	1	0	0	0	0	0	0	0	0
STP248.12601_R.bin.118|k141_589226_5	C298	0	0	0	0	1	1	0	0	0	0	0	0	0	0
STP248.12601_R.bin.118|k141_589226_31	C298	0	0	0	0	1	1	0	0	0	0	1	0	0	0
STP248.12601_R.bin.118|k141_589226_48	C298	0	0	0	0	1	1	0	0	0	0	0	0	0	0
STP248.12601_R.bin.118|k141_589226_109	C298	0	0	0	0	1	1	1	0	1	1	1	1	0	1
STP248.12601_R.bin.118|k141_958820_45	C298	0	0	0	0	1	1	0	0	0	0	0	0	0	0
STP248.12601_R.bin.118|k141_465240_37	C298	0	0	0	0	1	1	0	1	0	0	0	0	0	0
STP248.12601_R.bin.118|k141_465240_69	C298	0	0	0	0	1	1	1	0	0	0	0	0	0	0
STP248.12601_R.bin.118|k141_962093_16	C298	0	0	0	0	1	1	0	0	0	0	0	0	0	0
STP248.12601_R.bin.118|k141_483842_8	C298	0	0	0	0	1	1	1	1	0	0	0	0	0	0
STP248.12601_R.bin.118|k141_745868_45	C298	0	0	0	0	1	1	0	0	0	0	0	0	0	0
EHM034720|EHA02359_bin.2_gene_7_6	C286	1	0	0	0	0	1	0	0	0	0	0	0	0	0
EHM034720|EHA02359_bin.2_gene_18_6	C286	1	0	0	0	0	1	0	0	1	0	1	0	0	0
EHM034720|EHA02359_bin.2_gene_27_1	C286	1	0	0	0	0	1	0	0	1	1	0	1	0	1
EHM034720|EHA02359_bin.2_gene_27_4	C286	1	0	0	0	0	1	0	0	0	0	0	0	0	0
EHM034720|EHA02359_bin.2_gene_29_2	C286	1	0	0	0	0	1	0	0	0	0	0	0	0	0
EHM034720|EHA02359_bin.2_gene_46_16	C286	1	0	0	0	0	1	0	0	0	0	0	1	0	0
EHM034720|EHA02359_bin.2_gene_48_1	C286	1	0	0	0	0	1	0	1	0	0	0	1	0	1
EHM034720|EHA02359_bin.2_gene_48_3	C286	1	0	0	0	0	1	0	1	0	0	0	1	0	1
EHM034720|EHA02359_bin.2_gene_50_6	C286	1	0	0	0	0	1	1	0	1	0	0	0	0	0
EHM034720|EHA02359_bin.2_gene_64_9	C286	1	0	0	0	0	1	0	1	1	0	0	0	0	0
EHM034720|EHA02359_bin.2_gene_64_10	C286	1	0	0	0	0	1	0	1	0	0	0	0	0	0
EHM034720|EHA02359_bin.2_gene_68_7	C286	1	0	0	0	0	1	0	0	0	0	0	0	0	1
EHM034720|EHA02359_bin.2_gene_73_3	C286	1	0	0	0	0	1	0	1	0	1	0	1	0	0
EHM034720|EHA02359_bin.2_gene_92_4	C286	1	0	0	0	0	1	0	0	0	0	0	0	0	0
EHM034720|EHA02359_bin.2_gene_96_2	C286	1	0	0	0	0	1	0	0	0	0	0	0	0	0
EHM034720|EHA02359_bin.2_gene_100_13	C286	1	0	0	0	0	1	0	0	0	0	0	0	0	1
EHM034720|EHA02359_bin.2_gene_103_18	C286	1	0	0	0	0	1	0	0	0	0	1	0	0	0
EHM034720|EHA02359_bin.2_gene_111_2	C286	1	0	0	0	0	1	0	0	1	1	0	1	1	1
EHM034720|EHA02359_bin.2_gene_119_5	C286	1	0	0	0	0	1	0	0	0	0	0	0	0	0
EHM034720|EHA02359_bin.2_gene_136_4	C286	1	0	0	0	0	1	0	1	1	1	0	0	0	0
EHM034720|EHA02359_bin.2_gene_145_2	C286	1	0	0	0	0	1	0	0	0	0	0	0	0	0
EHM034720|EHA02359_bin.2_gene_155_1	C286	1	0	0	0	0	1	0	0	0	0	1	1	0	0
EHM034720|EHA02359_bin.2_gene_176_5	C286	1	0	0	0	0	1	0	0	0	0	0	0	0	0
EHM034720|EHA02359_bin.2_gene_181_1	C286	1	0	0	0	0	1	0	1	0	0	1	1	0	0
EHM034720|EHA02359_bin.2_gene_186_8	C286	1	0	0	0	0	1	0	0	0	0	0	0	0	0
EHM034720|EHA02359_bin.2_gene_195_19	C286	1	0	0	0	0	1	1	0	0	0	0	0	0	1
EHM034720|EHA02359_bin.2_gene_195_22	C286	1	0	0	0	0	1	0	0	0	0	0	0	0	1
EHM034720|EHA02359_bin.2_gene_197_6	C286	1	0	0	0	0	1	0	0	0	0	0	0	1	1
EHM034720|EHA02359_bin.2_gene_217_16	C286	1	0	0	0	0	1	0	0	0	0	1	0	0	0
EHM034720|EHA02359_bin.2_gene_219_2	C286	1	0	0	0	0	1	0	0	0	0	0	0	0	0
EHM034720|EHA02359_bin.2_gene_219_4	C286	1	0	0	0	0	1	1	1	1	0	0	1	1	1
EHM034720|EHA02359_bin.2_gene_219_20	C286	1	0	0	0	0	1	0	0	0	0	0	0	0	0
EHM034720|EHA02359_bin.2_gene_235_1	C286	1	0	0	0	0	1	0	0	0	0	0	0	0	0
EHM034720|EHA02359_bin.2_gene_237_6	C286	1	0	0	0	0	1	0	0	1	0	0	0	0	0
EHM034720|EHA02359_bin.2_gene_250_2	C286	1	0	0	0	0	1	0	0	0	0	1	1	0	0
EHM034692|EHA02331_bin.15_gene_8_3	C287	0	1	0	0	0	1	0	0	0	1	0	0	0	1
EHM034692|EHA02331_bin.15_gene_85_3	C287	0	1	0	0	0	1	0	0	0	0	0	0	0	0
EHM034692|EHA02331_bin.15_gene_108_5	C287	0	1	0	0	0	1	0	0	0	0	0	0	0	0
EHM034692|EHA02331_bin.15_gene_110_1	C287	0	1	0	0	0	1	0	0	0	1	0	0	0	0
EHM034692|EHA02331_bin.15_gene_121_3	C287	0	1	0	0	0	1	0	0	0	0	0	0	0	0
EHM034692|EHA02331_bin.15_gene_169_29	C287	0	1	0	0	0	1	0	0	0	0	1	0	0	0
EHM034692|EHA02331_bin.15_gene_184_4	C287	0	1	0	0	0	1	0	0	0	0	0	0	0	0
EHM034692|EHA02331_bin.15_gene_186_7	C287	0	1	0	0	0	1	0	0	0	0	0	0	0	0
EHM034692|EHA02331_bin.15_gene_197_9	C287	0	1	0	0	0	1	0	0	0	0	0	0	0	0
EHM034692|EHA02331_bin.15_gene_232_28	C287	0	1	0	0	0	1	0	0	0	0	0	0	0	0
EHM034692|EHA02331_bin.15_gene_275_4	C287	0	1	0	0	0	1	0	0	0	0	0	0	0	0
EHM034692|EHA02331_bin.15_gene_285_10	C287	0	1	0	0	0	1	0	0	0	0	0	0	0	0
EHM034692|EHA02331_bin.15_gene_296_10	C287	0	1	0	0	0	1	0	0	0	0	0	0	0	0
EHM034692|EHA02331_bin.15_gene_296_15	C287	0	1	0	0	0	1	0	0	0	0	0	0	0	0
EHM034692|EHA02331_bin.15_gene_299_5	C287	0	1	0	0	0	1	0	0	0	0	0	1	0	0
UHM1073.23039_R.bin.125|k141_591580_1	C288	0	0	1	0	0	1	0	0	1	0	0	0	0	0
UHM1073.23039_R.bin.125|k141_392367_9	C288	0	0	1	0	0	1	1	1	1	1	0	0	0	1
UHM1073.23039_R.bin.125|k141_392367_32	C288	0	0	1	0	0	1	0	0	0	0	0	0	0	0
UHM1073.23039_R.bin.125|k141_27918_68	C288	0	0	1	0	0	1	0	0	0	0	0	0	0	0
UHM1073.23039_R.bin.125|k141_27918_76	C288	0	0	1	0	0	1	0	0	0	0	0	0	0	0
UHM1073.23039_R.bin.125|k141_311317_24	C288	0	0	1	0	0	1	0	0	0	0	0	0	0	0
UHM1073.23039_R.bin.125|k141_311317_25	C288	0	0	1	0	0	1	0	0	0	0	0	0	0	0
UHM1073.23039_R.bin.125|k141_311317_26	C288	0	0	1	0	0	1	0	0	0	0	0	0	0	0
UHM1073.23039_R.bin.125|k141_311317_131	C288	0	0	1	0	0	1	0	0	0	0	0	0	0	0
UHM1073.23039_R.bin.125|k141_200691_27	C288	0	0	1	0	0	1	0	0	0	0	1	0	0	0
UHM1073.23039_R.bin.125|k141_200691_44	C288	0	0	1	0	0	1	0	0	0	0	0	0	0	0
UHM1073.23039_R.bin.125|k141_200691_45	C288	0	0	1	0	0	1	0	0	0	0	0	0	0	0
EHM034674|EHA02355_bin.24_gene_19_5	C289	0	0	0	1	0	1	0	0	0	0	0	0	0	0
EHM034674|EHA02355_bin.24_gene_84_1	C289	0	0	0	1	0	1	0	0	0	0	0	0	0	0
EHM034674|EHA02355_bin.24_gene_93_3	C289	0	0	0	1	0	1	0	0	0	0	0	0	0	0
EHM034674|EHA02355_bin.24_gene_118_3	C289	0	0	0	1	0	1	0	0	0	0	0	0	0	0
EHM034674|EHA02355_bin.24_gene_118_4	C289	0	0	0	1	0	1	0	0	0	0	0	0	0	0
EHM034674|EHA02355_bin.24_gene_138_3	C289	0	0	0	1	0	1	1	0	0	0	0	0	0	0
EHM034674|EHA02355_bin.24_gene_147_14	C289	0	0	0	1	0	1	0	0	0	0	0	0	0	0
EHM034674|EHA02355_bin.24_gene_147_17	C289	0	0	0	1	0	1	0	0	0	0	0	0	0	0
EHM034674|EHA02355_bin.24_gene_191_2	C289	0	0	0	1	0	1	0	0	0	0	0	0	0	0
EHM034674|EHA02355_bin.24_gene_191_8	C289	0	0	0	1	0	1	1	0	0	1	0	1	0	1
EHM034674|EHA02355_bin.24_gene_306_3	C289	0	0	0	1	0	1	0	0	0	0	0	0	1	1
EHM034674|EHA02355_bin.24_gene_312_21	C289	0	0	0	1	0	1	1	0	0	0	0	0	0	1
EHM034674|EHA02355_bin.24_gene_316_2	C289	0	0	0	1	0	1	0	0	0	0	0	0	0	0
EHM034674|EHA02355_bin.24_gene_339_3	C289	0	0	0	1	0	1	0	0	0	0	0	0	1	1
EHM034674|EHA02355_bin.24_gene_356_1	C289	0	0	0	1	0	1	0	0	0	0	0	0	0	0
EHM034674|EHA02355_bin.24_gene_44_7	C289	0	0	0	1	0	0	1	0	0	0	0	0	0	0
EHM034674|EHA02355_bin.24_gene_67_3	C289	0	0	0	1	0	0	1	0	1	0	0	0	0	0
EHM034674|EHA02355_bin.24_gene_147_12	C289	0	0	0	1	0	0	1	0	0	0	0	0	1	0
EHM034674|EHA02355_bin.24_gene_158_3	C289	0	0	0	1	0	0	1	0	0	0	1	0	0	0
EHM034720|EHA02359_bin.2_gene_22_3	C286	1	0	0	0	0	0	1	1	0	0	0	0	0	0
EHM034720|EHA02359_bin.2_gene_45_5	C286	1	0	0	0	0	0	1	0	0	1	0	0	1	0
EHM034720|EHA02359_bin.2_gene_61_1	C286	1	0	0	0	0	0	1	0	1	0	0	1	0	1
EHM034720|EHA02359_bin.2_gene_75_7	C286	1	0	0	0	0	0	1	1	0	0	0	0	0	0
EHM034720|EHA02359_bin.2_gene_75_8	C286	1	0	0	0	0	0	1	1	1	0	1	0	1	1
EHM034720|EHA02359_bin.2_gene_75_9	C286	1	0	0	0	0	0	1	1	1	0	1	1	1	1
EHM034720|EHA02359_bin.2_gene_102_2	C286	1	0	0	0	0	0	1	0	0	0	0	0	0	1
EHM034720|EHA02359_bin.2_gene_102_3	C286	1	0	0	0	0	0	1	0	0	0	0	0	0	1
EHM034720|EHA02359_bin.2_gene_103_21	C286	1	0	0	0	0	0	1	1	0	0	0	1	0	1
EHM034720|EHA02359_bin.2_gene_104_3	C286	1	0	0	0	0	0	1	0	0	0	0	0	0	0
EHM034720|EHA02359_bin.2_gene_148_1	C286	1	0	0	0	0	0	1	1	0	0	0	0	0	0
EHM034720|EHA02359_bin.2_gene_154_10	C286	1	0	0	0	0	0	1	0	0	0	0	0	0	0
EHM034720|EHA02359_bin.2_gene_154_14	C286	1	0	0	0	0	0	1	0	0	0	0	0	0	0
EHM034720|EHA02359_bin.2_gene_174_15	C286	1	0	0	0	0	0	1	0	0	0	0	0	0	0
EHM034720|EHA02359_bin.2_gene_175_4	C286	1	0	0	0	0	0	1	0	0	0	0	0	0	0
EHM034720|EHA02359_bin.2_gene_175_5	C286	1	0	0	0	0	0	1	0	0	0	0	0	0	0
EHM034720|EHA02359_bin.2_gene_219_7	C286	1	0	0	0	0	0	1	0	0	1	1	1	1	1
EHM034720|EHA02359_bin.2_gene_219_21	C286	1	0	0	0	0	0	1	1	1	1	0	0	1	1
EHM034720|EHA02359_bin.2_gene_243_6	C286	1	0	0	0	0	0	1	0	0	0	0	0	0	0
EHM034692|EHA02331_bin.15_gene_0_1	C287	0	1	0	0	0	0	1	0	0	0	0	0	0	0
EHM034692|EHA02331_bin.15_gene_26_2	C287	0	1	0	0	0	0	1	0	0	0	0	0	0	0
EHM034692|EHA02331_bin.15_gene_26_3	C287	0	1	0	0	0	0	1	0	0	0	0	0	0	0
EHM034692|EHA02331_bin.15_gene_62_42	C287	0	1	0	0	0	0	1	0	0	0	0	0	0	0
EHM034692|EHA02331_bin.15_gene_127_24	C287	0	1	0	0	0	0	1	0	0	0	0	0	0	0
EHM034692|EHA02331_bin.15_gene_148_1	C287	0	1	0	0	0	0	1	0	0	0	0	0	0	0
EHM034692|EHA02331_bin.15_gene_153_2	C287	0	1	0	0	0	0	1	0	0	0	0	0	0	0
EHM034692|EHA02331_bin.15_gene_178_2	C287	0	1	0	0	0	0	1	0	0	1	0	0	0	0
EHM034692|EHA02331_bin.15_gene_253_2	C287	0	1	0	0	0	0	1	0	0	0	0	0	0	0
EHM034692|EHA02331_bin.15_gene_264_1	C287	0	1	0	0	0	0	1	0	0	0	0	1	0	0
EHM034692|EHA02331_bin.15_gene_264_2	C287	0	1	0	0	0	0	1	0	0	0	0	1	0	0
EHM034692|EHA02331_bin.15_gene_275_22	C287	0	1	0	0	0	0	1	0	0	0	0	0	0	1
EHM034692|EHA02331_bin.15_gene_291_3	C287	0	1	0	0	0	0	1	0	0	1	0	0	0	1
UHM1210.23070_R.bin.101|k141_1275766_115	C294	0	0	0	0	1	1	0	0	0	0	0	0	0	0
UHM1210.23070_R.bin.101|k141_1275766_116	C294	0	0	0	0	1	1	0	0	0	0	0	0	0	0
UHM1210.23070_R.bin.101|k141_1275766_117	C294	0	0	0	0	1	1	0	0	0	0	0	0	0	0
UHM1210.23070_R.bin.101|k141_1318991_63	C294	0	0	0	0	1	1	0	0	0	0	0	0	0	0
UHM1210.23070_R.bin.101|k141_44701_49	C294	0	0	0	0	1	1	0	0	0	0	0	0	0	0
UHM1210.23070_R.bin.101|k141_1066781_66	C294	0	0	0	0	1	1	0	0	0	0	1	1	1	1
UHM1210.23070_R.bin.101|k141_983138_27	C294	0	0	0	0	1	1	0	0	0	0	0	0	0	0
UHM1210.23070_R.bin.101|k141_770993_3	C294	0	0	0	0	1	1	1	0	0	0	0	0	0	0
UHM1210.23070_R.bin.101|k141_770993_15	C294	0	0	0	0	1	1	0	1	0	0	1	0	1	0
UHM1210.23070_R.bin.101|k141_1028068_6	C294	0	0	0	0	1	1	0	0	0	0	0	1	0	0
UHM1210.23070_R.bin.101|k141_218859_19	C294	0	0	0	0	1	1	0	0	1	0	0	0	0	0
UHM1210.23070_R.bin.101|k141_604287_2	C294	0	0	0	0	1	1	0	1	0	0	0	0	0	0
UHM1210.23070_R.bin.101|k141_604287_6	C294	0	0	0	0	1	1	1	1	1	1	1	1	0	1
UHM1210.23070_R.bin.101|k141_604287_16	C294	0	0	0	0	1	1	0	0	0	0	0	0	0	0
UHM1210.23070_R.bin.101|k141_1070989_1	C294	0	0	0	0	1	1	0	0	0	0	0	0	0	0
UHM1210.23070_R.bin.101|k141_319668_1	C294	0	0	0	0	1	1	0	0	0	0	0	0	0	0
UHM1210.23070_R.bin.101|k141_830199_17	C294	0	0	0	0	1	1	1	0	1	0	0	0	1	1
UHM1210.23070_R.bin.101|k141_1343831_6	C294	0	0	0	0	1	1	0	0	1	1	0	0	0	1
UHM1210.23070_R.bin.101|k141_284463_3	C294	0	0	0	0	1	1	0	1	1	1	0	1	1	1
UHM1210.23070_R.bin.101|k141_284463_10	C294	0	0	0	0	1	1	0	0	0	0	0	0	0	0
UHM1210.23070_R.bin.101|k141_1135903_49	C294	0	0	0	0	1	1	0	0	0	0	0	1	1	0
UHM1210.23070_R.bin.101|k141_35550_16	C294	0	0	0	0	1	1	0	0	0	0	0	0	0	0
UHM1210.23070_R.bin.101|k141_35550_24	C294	0	0	0	0	1	1	1	0	0	0	1	0	0	0
UHM1210.23070_R.bin.101|k141_35550_35	C294	0	0	0	0	1	1	0	0	0	0	1	1	1	1
UHM1210.23070_R.bin.101|k141_1228138_13	C294	0	0	0	0	1	1	0	1	1	0	1	1	1	1
UHM1210.23070_R.bin.101|k141_1228138_25	C294	0	0	0	0	1	1	0	0	0	0	0	1	0	0
UHM1210.23070_R.bin.101|k141_1015956_29	C294	0	0	0	0	1	1	1	0	1	1	1	1	0	1
UHM1073.23039_R.bin.125|k141_27918_61	C288	0	0	1	0	0	0	1	0	0	0	0	0	0	0
UHM1073.23039_R.bin.125|k141_27918_62	C288	0	0	1	0	0	0	1	0	0	0	0	0	0	0
UHM1073.23039_R.bin.125|k141_515361_69	C288	0	0	1	0	0	0	1	1	1	0	0	0	0	0
UHM1073.23039_R.bin.125|k141_515361_136	C288	0	0	1	0	0	0	1	1	0	0	1	1	0	1
UHM1073.23039_R.bin.125|k141_32380_8	C288	0	0	1	0	0	0	1	0	0	0	0	0	0	0
UHM1210.23070_R.bin.101|k141_1066781_107	C294	0	0	0	0	1	0	1	0	0	0	1	0	0	0
UHM1210.23070_R.bin.101|k141_3913_3	C294	0	0	0	0	1	0	1	0	0	0	1	0	0	0
UHM1210.23070_R.bin.101|k141_46831_8	C294	0	0	0	0	1	0	1	0	0	0	0	0	1	0
UHM1210.23070_R.bin.101|k141_983138_3	C294	0	0	0	0	1	0	1	0	0	0	0	0	0	0
UHM1210.23070_R.bin.101|k141_770993_21	C294	0	0	0	0	1	0	1	1	0	0	1	1	1	0
UHM1210.23070_R.bin.101|k141_770993_22	C294	0	0	0	0	1	0	1	1	0	0	1	1	1	0
UHM1210.23070_R.bin.101|k141_770993_23	C294	0	0	0	0	1	0	1	1	0	0	1	1	1	0
UHM1210.23070_R.bin.101|k141_770993_26	C294	0	0	0	0	1	0	1	0	0	0	0	0	0	0
UHM1210.23070_R.bin.101|k141_770993_130	C294	0	0	0	0	1	0	1	0	0	0	0	0	0	0
UHM1210.23070_R.bin.101|k141_604287_1	C294	0	0	0	0	1	0	1	0	0	0	0	0	0	0
UHM1210.23070_R.bin.101|k141_1242731_2	C294	0	0	0	0	1	0	1	1	0	0	1	0	0	0
UHM1210.23070_R.bin.101|k141_1242731_31	C294	0	0	0	0	1	0	1	1	1	0	0	1	0	0
UHM1210.23070_R.bin.101|k141_99163_4	C294	0	0	0	0	1	0	1	0	0	0	0	0	0	0
UHM1210.23070_R.bin.101|k141_488529_8	C294	0	0	0	0	1	0	1	0	0	0	0	0	0	0
UHM1210.23070_R.bin.101|k141_102944_15	C294	0	0	0	0	1	0	1	1	1	0	0	0	1	1
UHM1210.23070_R.bin.101|k141_400269_1	C294	0	0	0	0	1	0	1	0	0	0	0	0	0	0
UHM1210.23070_R.bin.101|k141_790691_41	C294	0	0	0	0	1	0	1	1	1	1	1	1	1	0
UHM1210.23070_R.bin.101|k141_1343831_23	C294	0	0	0	0	1	0	1	0	0	0	0	1	1	0
UHM1210.23070_R.bin.101|k141_284463_55	C294	0	0	0	0	1	0	1	0	0	0	0	0	0	0
UHM1210.23070_R.bin.101|k141_284463_86	C294	0	0	0	0	1	0	1	0	0	0	0	0	0	0
UHM1210.23070_R.bin.101|k141_1142038_11	C294	0	0	0	0	1	0	1	1	1	1	1	1	0	1
UHM1210.23070_R.bin.101|k141_35550_138	C294	0	0	0	0	1	0	1	0	0	0	0	0	0	0
STP248.12601_R.bin.118|k141_505779_25	C298	0	0	0	0	0	1	1	0	0	0	0	0	0	0
STP248.12601_R.bin.118|k141_769723_42	C298	0	0	0	0	0	1	1	0	0	0	0	0	0	0
STP248.12601_R.bin.118|k141_904984_33	C298	0	0	0	0	0	1	1	1	0	0	1	1	0	1
STP248.12601_R.bin.118|k141_557158_24	C298	0	0	0	0	0	1	1	0	0	0	0	0	1	0
STP248.12601_R.bin.118|k141_557158_25	C298	0	0	0	0	0	1	1	0	0	0	0	0	1	0
STP248.12601_R.bin.118|k141_958820_38	C298	0	0	0	0	0	1	1	0	0	0	1	0	0	0
STP248.12601_R.bin.118|k141_465240_100	C298	0	0	0	0	0	1	1	0	0	0	0	0	0	0
EHM034720|EHA02359_bin.2_gene_13_8	C286	1	0	0	0	0	0	0	1	0	0	0	0	0	0
EHM034720|EHA02359_bin.2_gene_65_3	C286	1	0	0	0	0	0	0	1	0	0	0	0	0	0
EHM034720|EHA02359_bin.2_gene_74_6	C286	1	0	0	0	0	0	0	1	0	0	0	0	0	0
EHM034720|EHA02359_bin.2_gene_74_7	C286	1	0	0	0	0	0	0	1	0	0	1	0	0	0
EHM034720|EHA02359_bin.2_gene_78_6	C286	1	0	0	0	0	0	0	1	1	1	1	1	0	1
EHM034720|EHA02359_bin.2_gene_154_3	C286	1	0	0	0	0	0	0	1	1	0	0	0	0	1
EHM034720|EHA02359_bin.2_gene_157_4	C286	1	0	0	0	0	0	0	1	0	0	1	0	0	0
EHM034720|EHA02359_bin.2_gene_195_25	C286	1	0	0	0	0	0	0	1	0	0	0	1	0	0
EHM034720|EHA02359_bin.2_gene_225_9	C286	1	0	0	0	0	0	0	1	0	0	0	1	0	0
UHM1073.23039_R.bin.125|k141_200691_10	C288	0	0	1	0	0	0	0	1	0	0	1	1	0	0
UHM1210.23070_R.bin.101|k141_1275766_85	C294	0	0	0	0	1	0	0	1	1	1	0	0	1	1
UHM1210.23070_R.bin.101|k141_1318991_127	C294	0	0	0	0	1	0	0	1	0	0	0	0	0	1
UHM1210.23070_R.bin.101|k141_1193549_25	C294	0	0	0	0	1	0	0	1	0	0	0	0	0	0
UHM1210.23070_R.bin.101|k141_727215_30	C294	0	0	0	0	1	0	0	1	0	0	0	0	0	0
UHM1210.23070_R.bin.101|k141_983138_19	C294	0	0	0	0	1	0	0	1	0	0	0	1	0	0
UHM1210.23070_R.bin.101|k141_770993_13	C294	0	0	0	0	1	0	0	1	0	0	0	0	0	0
UHM1210.23070_R.bin.101|k141_770993_19	C294	0	0	0	0	1	0	0	1	0	0	1	1	1	0
UHM1210.23070_R.bin.101|k141_770993_73	C294	0	0	0	0	1	0	0	1	0	0	0	1	0	0
UHM1210.23070_R.bin.101|k141_770993_111	C294	0	0	0	0	1	0	0	1	0	0	0	0	0	0
UHM1210.23070_R.bin.101|k141_604287_4	C294	0	0	0	0	1	0	0	1	0	0	0	1	0	1
UHM1210.23070_R.bin.101|k141_692359_48	C294	0	0	0	0	1	0	0	1	1	0	0	0	0	1
UHM1210.23070_R.bin.101|k141_609199_2	C294	0	0	0	0	1	0	0	1	1	1	1	1	1	1
UHM1210.23070_R.bin.101|k141_14093_4	C294	0	0	0	0	1	0	0	1	0	0	1	1	0	0
UHM1210.23070_R.bin.101|k141_993103_37	C294	0	0	0	0	1	0	0	1	0	0	0	0	0	0
UHM1210.23070_R.bin.101|k141_993103_42	C294	0	0	0	0	1	0	0	1	1	1	0	1	0	1
UHM1210.23070_R.bin.101|k141_359210_5	C294	0	0	0	0	1	0	0	1	0	1	1	0	0	1
UHM1210.23070_R.bin.101|k141_829398_25	C294	0	0	0	0	1	0	0	1	1	0	0	1	0	0
UHM1210.23070_R.bin.101|k141_35550_23	C294	0	0	0	0	1	0	0	1	0	1	0	0	1	1
EHM034674|EHA02355_bin.24_gene_2_2	C289	0	0	0	1	0	0	0	1	0	0	0	0	0	1
EHM034674|EHA02355_bin.24_gene_96_13	C289	0	0	0	1	0	0	0	1	0	0	0	1	1	0
EHM034692|EHA02331_bin.15_gene_0_2	C287	0	1	0	0	0	0	0	0	1	0	0	0	0	1
EHM034692|EHA02331_bin.15_gene_10_9	C287	0	1	0	0	0	0	0	1	1	1	0	0	0	1
EHM034692|EHA02331_bin.15_gene_20_5	C287	0	1	0	0	0	0	0	0	1	0	0	0	0	0
EHM034692|EHA02331_bin.15_gene_235_11	C287	0	1	0	0	0	0	0	0	1	0	0	0	1	1
EHM034692|EHA02331_bin.15_gene_241_19	C287	0	1	0	0	0	0	0	0	1	0	0	0	1	0
STP248.12601_R.bin.118|k141_129934_53	C298	0	0	0	0	0	1	0	1	1	1	0	0	1	1
STP248.12601_R.bin.118|k141_129934_55	C298	0	0	0	0	0	1	0	1	1	1	0	0	1	1
STP248.12601_R.bin.118|k141_129934_71	C298	0	0	0	0	0	1	0	1	0	0	0	0	0	0
STP248.12601_R.bin.118|k141_505779_44	C298	0	0	0	0	0	1	0	1	1	1	0	0	0	1
STP248.12601_R.bin.118|k141_505779_48	C298	0	0	0	0	0	1	0	1	0	1	0	0	1	1
STP248.12601_R.bin.118|k141_505779_55	C298	0	0	0	0	0	1	0	1	1	1	0	1	1	1
STP248.12601_R.bin.118|k141_505779_79	C298	0	0	0	0	0	1	0	1	0	0	0	0	0	0
STP248.12601_R.bin.118|k141_520429_24	C298	0	0	0	0	0	1	0	1	0	0	0	0	0	0
STP248.12601_R.bin.118|k141_769723_11	C298	0	0	0	0	0	1	0	1	0	0	1	0	0	0
STP248.12601_R.bin.118|k141_417709_20	C298	0	0	0	0	0	1	0	1	0	1	0	0	0	0
STP248.12601_R.bin.118|k141_557158_49	C298	0	0	0	0	0	1	0	1	1	1	0	1	0	1
STP248.12601_R.bin.118|k141_465240_61	C298	0	0	0	0	0	1	0	1	0	0	0	0	0	0
STP248.12601_R.bin.118|k141_962093_44	C298	0	0	0	0	0	1	0	1	0	0	0	1	0	1
STP248.12601_R.bin.118|k141_745868_58	C298	0	0	0	0	0	1	0	1	1	1	1	1	1	1
EHM034692|EHA02331_bin.15_gene_0_14	C287	0	1	0	0	0	0	0	1	0	0	0	0	0	1
EHM034692|EHA02331_bin.15_gene_19_4	C287	0	1	0	0	0	0	0	1	0	0	0	0	0	0
EHM034692|EHA02331_bin.15_gene_60_10	C287	0	1	0	0	0	0	0	1	0	0	0	0	0	0
EHM034692|EHA02331_bin.15_gene_72_5	C287	0	1	0	0	0	0	0	1	0	1	0	0	0	1
EHM034692|EHA02331_bin.15_gene_136_6	C287	0	1	0	0	0	0	0	1	0	0	0	0	0	0
EHM034692|EHA02331_bin.15_gene_214_23	C287	0	1	0	0	0	0	0	1	0	0	0	0	0	1
EHM034692|EHA02331_bin.15_gene_245_42	C287	0	1	0	0	0	0	0	1	0	0	0	0	0	0
EHM034692|EHA02331_bin.15_gene_278_4	C287	0	1	0	0	0	0	0	1	0	0	0	0	0	0
EHM034692|EHA02331_bin.15_gene_127_10	C287	0	1	0	0	0	0	0	0	0	1	0	0	1	0
EHM034692|EHA02331_bin.15_gene_225_3	C287	0	1	0	0	0	0	0	0	0	1	0	0	0	0
EHM034692|EHA02331_bin.15_gene_301_1	C287	0	1	0	0	0	0	0	0	0	1	0	0	0	0
EHM034674|EHA02355_bin.24_gene_2_4	C289	0	0	0	1	0	0	0	0	1	0	0	0	0	0
EHM034720|EHA02359_bin.2_gene_80_4	C286	1	0	0	0	0	0	0	0	1	0	0	0	0	0
EHM034720|EHA02359_bin.2_gene_183_3	C286	1	0	0	0	0	0	0	0	1	1	0	0	0	0
EHM034720|EHA02359_bin.2_gene_191_12	C286	1	0	0	0	0	0	0	0	1	0	0	0	0	0
EHM034720|EHA02359_bin.2_gene_236_4	C286	1	0	0	0	0	0	0	0	1	0	1	0	0	1
EHM034720|EHA02359_bin.2_gene_246_8	C286	1	0	0	0	0	0	0	0	1	1	0	0	0	1
EHM034720|EHA02359_bin.2_gene_255_20	C286	1	0	0	0	0	0	0	0	1	1	1	1	0	1
UHM1210.23070_R.bin.101|k141_1120062_2	C294	0	0	0	0	1	0	0	0	1	0	0	0	0	0
UHM1210.23070_R.bin.101|k141_993103_28	C294	0	0	0	0	1	0	0	0	1	0	0	0	0	0
UHM1210.23070_R.bin.101|k141_790691_43	C294	0	0	0	0	1	0	0	0	1	1	1	1	0	0
UHM1210.23070_R.bin.101|k141_450912_18	C294	0	0	0	0	1	0	0	0	1	1	1	0	1	1
UHM1210.23070_R.bin.101|k141_968682_11	C294	0	0	0	0	1	0	0	0	1	1	0	0	1	1
UHM1210.23070_R.bin.101|k141_968682_17	C294	0	0	0	0	1	0	0	0	1	0	0	0	0	1
UHM1210.23070_R.bin.101|k141_968682_18	C294	0	0	0	0	1	0	0	0	1	0	0	0	0	0
UHM1210.23070_R.bin.101|k141_35550_118	C294	0	0	0	0	1	0	0	0	1	1	1	0	0	0
UHM1210.23070_R.bin.101|k141_1015956_25	C294	0	0	0	0	1	0	0	0	1	0	0	0	1	1
STP248.12601_R.bin.118|k141_250692_18	C298	0	0	0	0	0	1	0	0	1	0	0	0	0	0
STP248.12601_R.bin.118|k141_129934_14	C298	0	0	0	0	0	1	0	0	1	1	0	0	0	1
STP248.12601_R.bin.118|k141_129934_21	C298	0	0	0	0	0	1	0	0	1	1	0	0	1	1
STP248.12601_R.bin.118|k141_786323_4	C298	0	0	0	0	0	1	0	0	1	0	1	0	1	0
STP248.12601_R.bin.118|k141_196542_4	C298	0	0	0	0	0	1	0	0	1	0	0	0	0	0
STP248.12601_R.bin.118|k141_745868_30	C298	0	0	0	0	0	1	0	0	1	0	0	0	0	0
EHM034720|EHA02359_bin.2_gene_4_1	C286	1	0	0	0	0	0	0	0	0	1	0	0	0	1
EHM034720|EHA02359_bin.2_gene_9_2	C286	1	0	0	0	0	0	0	0	0	1	0	0	0	0
EHM034720|EHA02359_bin.2_gene_29_30	C286	1	0	0	0	0	0	0	0	0	1	0	0	0	0
EHM034720|EHA02359_bin.2_gene_94_22	C286	1	0	0	0	0	0	0	0	0	1	0	0	0	0
EHM034720|EHA02359_bin.2_gene_154_4	C286	1	0	0	0	0	0	0	0	0	1	0	0	0	1
EHM034720|EHA02359_bin.2_gene_163_1	C286	1	0	0	0	0	0	0	0	0	1	1	1	0	0
EHM034720|EHA02359_bin.2_gene_175_8	C286	1	0	0	0	0	0	0	0	0	1	0	0	0	0
EHM034720|EHA02359_bin.2_gene_195_16	C286	1	0	0	0	0	0	0	0	0	1	0	1	0	0
EHM034720|EHA02359_bin.2_gene_220_11	C286	1	0	0	0	0	0	0	0	0	1	0	1	0	0
UHM1073.23039_R.bin.125|k141_197029_28	C288	0	0	1	0	0	0	0	0	0	1	0	1	0	0
EHM034674|EHA02355_bin.24_gene_41_11	C289	0	0	0	1	0	0	0	0	0	1	0	0	0	0
STP248.12601_R.bin.118|k141_196542_47	C298	0	0	0	0	0	1	0	0	0	1	0	0	0	1
STP248.12601_R.bin.118|k141_958820_70	C298	0	0	0	0	0	1	0	0	0	1	0	0	0	0
UHM1210.23070_R.bin.101|k141_44701_56	C294	0	0	0	0	1	0	0	0	0	1	0	0	0	0
UHM1210.23070_R.bin.101|k141_770993_103	C294	0	0	0	0	1	0	0	0	0	1	0	0	0	0
UHM1210.23070_R.bin.101|k141_1242731_6	C294	0	0	0	0	1	0	0	0	0	1	0	0	0	0
UHM1210.23070_R.bin.101|k141_359210_6	C294	0	0	0	0	1	0	0	0	0	1	1	0	0	1
UHM1210.23070_R.bin.101|k141_1015956_18	C294	0	0	0	0	1	0	0	0	0	1	0	0	0	1
EHM034720|EHA02359_bin.2_gene_41_2	C286	1	0	0	0	0	0	0	0	0	0	1	0	0	0
EHM034720|EHA02359_bin.2_gene_94_27	C286	1	0	0	0	0	0	0	0	0	0	1	1	0	0
EHM034720|EHA02359_bin.2_gene_183_10	C286	1	0	0	0	0	0	0	0	0	0	1	0	0	0
EHM034720|EHA02359_bin.2_gene_217_5	C286	1	0	0	0	0	0	0	0	0	0	1	0	0	0
EHM034692|EHA02331_bin.15_gene_62_32	C287	0	1	0	0	0	0	0	0	0	0	1	0	0	0
EHM034692|EHA02331_bin.15_gene_96_1	C287	0	1	0	0	0	0	0	0	0	0	1	0	0	0
EHM034692|EHA02331_bin.15_gene_100_1	C287	0	1	0	0	0	0	0	0	0	0	1	0	0	0
EHM034692|EHA02331_bin.15_gene_137_1	C287	0	1	0	0	0	0	0	0	0	0	1	0	0	0
EHM034692|EHA02331_bin.15_gene_173_8	C287	0	1	0	0	0	0	0	0	0	0	1	0	0	0
EHM034692|EHA02331_bin.15_gene_294_2	C287	0	1	0	0	0	0	0	0	0	0	1	1	0	0
EHM034692|EHA02331_bin.15_gene_294_3	C287	0	1	0	0	0	0	0	0	0	0	1	1	0	0
EHM034692|EHA02331_bin.15_gene_294_4	C287	0	1	0	0	0	0	0	0	0	0	1	1	0	0
EHM034692|EHA02331_bin.15_gene_294_5	C287	0	1	0	0	0	0	0	0	0	0	1	1	0	0
UHM1210.23070_R.bin.101|k141_1318991_141	C294	0	0	0	0	1	0	0	0	0	0	1	1	0	0
UHM1210.23070_R.bin.101|k141_44701_7	C294	0	0	0	0	1	0	0	0	0	0	1	1	0	0
UHM1210.23070_R.bin.101|k141_1066781_24	C294	0	0	0	0	1	0	0	0	0	0	1	0	0	0
UHM1210.23070_R.bin.101|k141_770993_9	C294	0	0	0	0	1	0	0	0	0	0	1	1	0	0
UHM1210.23070_R.bin.101|k141_1283829_2	C294	0	0	0	0	1	0	0	0	0	0	1	0	0	0
UHM1210.23070_R.bin.101|k141_609199_52	C294	0	0	0	0	1	0	0	0	0	0	1	0	0	0
UHM1210.23070_R.bin.101|k141_829398_3	C294	0	0	0	0	1	0	0	0	0	0	1	1	0	0
UHM1210.23070_R.bin.101|k141_829398_16	C294	0	0	0	0	1	0	0	0	0	0	1	1	0	0
UHM1210.23070_R.bin.101|k141_829398_29	C294	0	0	0	0	1	0	0	0	0	0	1	0	0	0
UHM1210.23070_R.bin.101|k141_790691_40	C294	0	0	0	0	1	0	0	0	0	0	1	0	0	0
UHM1210.23070_R.bin.101|k141_35550_30	C294	0	0	0	0	1	0	0	0	0	0	1	0	0	0
EHM034674|EHA02355_bin.24_gene_6_1	C289	0	0	0	1	0	0	0	0	0	0	1	0	1	0
EHM034674|EHA02355_bin.24_gene_96_6	C289	0	0	0	1	0	0	0	0	0	0	1	1	0	0
EHM034674|EHA02355_bin.24_gene_96_7	C289	0	0	0	1	0	0	0	0	0	0	1	1	1	0
STP248.12601_R.bin.118|k141_417709_95	C298	0	0	0	0	0	1	0	0	0	0	1	0	0	0
STP248.12601_R.bin.118|k141_196542_14	C298	0	0	0	0	0	1	0	0	0	0	1	1	0	0
STP248.12601_R.bin.118|k141_589226_104	C298	0	0	0	0	0	1	0	0	0	0	1	0	0	0
STP248.12601_R.bin.118|k141_465240_46	C298	0	0	0	0	0	1	0	0	0	0	1	0	0	0
STP248.12601_R.bin.118|k141_221452_10	C298	0	0	0	0	0	1	0	0	0	0	1	0	0	0
STP248.12601_R.bin.118|k141_962093_1	C298	0	0	0	0	0	1	0	0	0	0	1	0	0	0
EHM034720|EHA02359_bin.2_gene_0_3	C286	1	0	0	0	0	0	0	0	0	0	0	1	0	0
EHM034720|EHA02359_bin.2_gene_0_13	C286	1	0	0	0	0	0	0	0	0	0	0	1	0	0
EHM034720|EHA02359_bin.2_gene_29_20	C286	1	0	0	0	0	0	0	0	0	0	0	1	0	0
EHM034720|EHA02359_bin.2_gene_35_5	C286	1	0	0	0	0	0	0	0	0	0	0	1	0	0
EHM034720|EHA02359_bin.2_gene_81_5	C286	1	0	0	0	0	0	0	0	0	0	0	1	0	0
EHM034720|EHA02359_bin.2_gene_85_2	C286	1	0	0	0	0	0	0	0	0	0	0	1	0	0
EHM034720|EHA02359_bin.2_gene_251_9	C286	1	0	0	0	0	0	0	0	0	0	0	1	0	0
EHM034720|EHA02359_bin.2_gene_253_6	C286	1	0	0	0	0	0	0	0	0	0	0	1	0	0
EHM034720|EHA02359_bin.2_gene_253_7	C286	1	0	0	0	0	0	0	0	0	0	0	1	0	0
EHM034692|EHA02331_bin.15_gene_12_4	C287	0	1	0	0	0	0	0	0	0	0	0	1	0	0
EHM034692|EHA02331_bin.15_gene_284_5	C287	0	1	0	0	0	0	0	0	0	0	0	1	0	0
UHM1073.23039_R.bin.125|k141_293949_61	C288	0	0	1	0	0	0	0	0	0	0	0	1	0	0
UHM1073.23039_R.bin.125|k141_58351_18	C288	0	0	1	0	0	0	0	0	0	0	0	1	1	1
UHM1073.23039_R.bin.125|k141_200691_42	C288	0	0	1	0	0	0	0	0	0	0	0	1	0	0
EHM034674|EHA02355_bin.24_gene_17_1	C289	0	0	0	1	0	0	0	0	0	0	0	1	0	0
EHM034674|EHA02355_bin.24_gene_41_9	C289	0	0	0	1	0	0	0	0	0	0	0	1	0	0
UHM1210.23070_R.bin.101|k141_1318991_10	C294	0	0	0	0	1	0	0	0	0	0	0	1	0	0
UHM1210.23070_R.bin.101|k141_1318991_155	C294	0	0	0	0	1	0	0	0	0	0	0	1	0	0
UHM1210.23070_R.bin.101|k141_727215_5	C294	0	0	0	0	1	0	0	0	0	0	0	1	0	0
UHM1210.23070_R.bin.101|k141_983138_11	C294	0	0	0	0	1	0	0	0	0	0	0	1	0	0
UHM1210.23070_R.bin.101|k141_770993_110	C294	0	0	0	0	1	0	0	0	0	0	0	1	0	0
UHM1210.23070_R.bin.101|k141_99163_3	C294	0	0	0	0	1	0	0	0	0	0	0	1	0	0
UHM1210.23070_R.bin.101|k141_284463_87	C294	0	0	0	0	1	0	0	0	0	0	0	1	0	0
UHM1210.23070_R.bin.101|k141_1228138_14	C294	0	0	0	0	1	0	0	0	0	0	0	1	0	0
UHM1210.23070_R.bin.101|k141_1015956_7	C294	0	0	0	0	1	0	0	0	0	0	0	1	0	0
STP248.12601_R.bin.118|k141_769723_31	C298	0	0	0	0	0	1	0	0	0	0	0	1	0	0
STP248.12601_R.bin.118|k141_417709_62	C298	0	0	0	0	0	1	0	0	0	0	0	1	0	0
STP248.12601_R.bin.118|k141_196542_16	C298	0	0	0	0	0	1	0	0	0	0	0	1	0	0
STP248.12601_R.bin.118|k141_745868_59	C298	0	0	0	0	0	1	0	0	0	0	0	1	0	0
EHM034720|EHA02359_bin.2_gene_145_1	C286	1	0	0	0	0	0	0	0	0	0	0	0	1	0
EHM034720|EHA02359_bin.2_gene_192_4	C286	1	0	0	0	0	0	0	0	0	0	0	0	1	0
EHM034692|EHA02331_bin.15_gene_127_11	C287	0	1	0	0	0	0	0	0	0	0	0	0	1	0
EHM034692|EHA02331_bin.15_gene_163_3	C287	0	1	0	0	0	0	0	0	0	0	0	0	1	1
UHM1073.23039_R.bin.125|k141_490033_47	C288	0	0	1	0	0	0	0	0	0	0	0	0	1	0
UHM1073.23039_R.bin.125|k141_515361_5	C288	0	0	1	0	0	0	0	0	0	0	0	0	1	0
UHM1073.23039_R.bin.125|k141_475898_4	C288	0	0	1	0	0	0	0	0	0	0	0	0	1	0
STP248.12601_R.bin.118|k141_624970_20	C298	0	0	0	0	0	1	0	0	0	0	0	0	1	0
STP248.12601_R.bin.118|k141_520429_61	C298	0	0	0	0	0	1	0	0	0	0	0	0	1	0
STP248.12601_R.bin.118|k141_196542_57	C298	0	0	0	0	0	1	0	0	0	0	0	0	1	0
STP248.12601_R.bin.118|k141_589226_51	C298	0	0	0	0	0	1	0	0	0	0	0	0	1	0
EHM034674|EHA02355_bin.24_gene_168_8	C289	0	0	0	1	0	0	0	0	0	0	0	0	1	0
EHM034720|EHA02359_bin.2_gene_50_7	C286	1	0	0	0	0	0	0	0	0	0	0	0	0	1
EHM034720|EHA02359_bin.2_gene_154_9	C286	1	0	0	0	0	0	0	0	0	0	0	0	0	1
EHM034720|EHA02359_bin.2_gene_175_13	C286	1	0	0	0	0	0	0	0	0	0	0	0	0	1
EHM034720|EHA02359_bin.2_gene_183_9	C286	1	0	0	0	0	0	0	0	0	0	0	0	0	1
EHM034720|EHA02359_bin.2_gene_191_9	C286	1	0	0	0	0	0	0	0	0	0	0	0	0	1
UHM1210.23070_R.bin.101|k141_1066781_81	C294	0	0	0	0	1	0	0	0	0	0	0	0	1	1
UHM1210.23070_R.bin.101|k141_754643_10	C294	0	0	0	0	1	0	0	0	0	0	0	0	1	0
EHM034692|EHA02331_bin.15_gene_127_36	C287	0	1	0	0	0	0	0	0	0	0	0	0	0	1
EHM034692|EHA02331_bin.15_gene_177_9	C287	0	1	0	0	0	0	0	0	0	0	0	0	0	1
EHM034692|EHA02331_bin.15_gene_203_1	C287	0	1	0	0	0	0	0	0	0	0	0	0	0	1
EHM034692|EHA02331_bin.15_gene_241_11	C287	0	1	0	0	0	0	0	0	0	0	0	0	0	1
EHM034692|EHA02331_bin.15_gene_275_1	C287	0	1	0	0	0	0	0	0	0	0	0	0	0	1
UHM1073.23039_R.bin.125|k141_32380_142	C288	0	0	1	0	0	0	0	0	0	0	0	0	0	1
EHM034674|EHA02355_bin.24_gene_154_16	C289	0	0	0	1	0	0	0	0	0	0	0	0	0	1
UHM1210.23070_R.bin.101|k141_1318991_31	C294	0	0	0	0	1	0	0	0	0	0	0	0	0	1
UHM1210.23070_R.bin.101|k141_1066781_57	C294	0	0	0	0	1	0	0	0	0	0	0	0	0	1
UHM1210.23070_R.bin.101|k141_400269_17	C294	0	0	0	0	1	0	0	0	0	0	0	0	0	1
UHM1210.23070_R.bin.101|k141_1343831_29	C294	0	0	0	0	1	0	0	0	0	0	0	0	0	1
UHM1210.23070_R.bin.101|k141_1142038_38	C294	0	0	0	0	1	0	0	0	0	0	0	0	0	1
STP248.12601_R.bin.118|k141_417709_8	C298	0	0	0	0	0	1	0	0	0	0	0	0	0	1
STP248.12601_R.bin.118|k141_556585_7	C298	0	0	0	0	0	1	0	0	0	0	0	0	0	1
STP248.12601_R.bin.118|k141_936336_9	C298	0	0	0	0	0	1	0	0	0	0	0	0	0	1
STP248.12601_R.bin.118|k141_589226_38	C298	0	0	0	0	0	1	0	0	0	0	0	0	0	1
