family_index	representative_id	n_members
fam_000001	XP_001886388.1	2
fam_000002	XP_001886411.1	2
fam_000003	XP_001886413.1	2
fam_000004	XP_001886431.1	2
fam_000005	XP_001886442.1	2
fam_000006	XP_001886443.1	2
fam_000007	XP_001886446.1	3
fam_000008	XP_001886448.1	11
fam_000009	XP_001886467.1	2
fam_000010	XP_001886469.1	2
fam_000011	XP_001886472.1	3
fam_000012	XP_001886477.1	2
fam_000013	XP_001886990.1	2
fam_000014	XP_001886996.1	9
fam_000015	XP_001886997.1	2
fam_000016	XP_001887016.1	2
fam_000017	XP_001887224.1	1
fam_000018	XP_001887021.1	2
fam_000019	XP_001887023.1	2
fam_000020	XP_001887029.1	3
fam_000021	XP_001887032.1	9
fam_000022	XP_001887042.1	2
fam_000023	XP_001887045.1	2
fam_000024	XP_001887046.1	2
fam_000025	XP_001887052.1	2
fam_000026	XP_001887066.1	2
fam_000027	XP_001887070.1	2
fam_000028	XP_001887076.1	5
fam_000029	XP_001887078.1	6
fam_000030	XP_001887713.1	5
fam_000031	XP_001887717.1	14
fam_000032	XP_001887740.1	2
fam_000033	XP_001887741.1	1
fam_000034	XP_001887738.1	1
fam_000035	XP_001887745.1	1
fam_000036	XP_001883880.1	1
fam_000037	XP_001887746.1	2
fam_000038	XP_001887747.1	2
fam_000039	XP_001887755.1	2
fam_000040	XP_001887767.1	3
fam_000041	XP_001888296.1	2
fam_000042	XP_001888297.1	4
fam_000043	XP_001888303.1	4
fam_000044	XP_001888310.1	2
fam_000045	XP_001888313.1	2
fam_000046	XP_001888315.1	2
fam_000047	XP_001888324.1	2
fam_000048	XP_001888328.1	2
fam_000049	XP_001888330.1	2
fam_000050	XP_001888332.1	2
fam_000051	XP_001888336.1	4
fam_000052	XP_001888341.1	2
fam_000053	XP_001888348.1	1
fam_000054	XP_001880587.1	1
fam_000055	XP_001888352.1	8
fam_000056	XP_001888356.1	3
fam_000057	XP_001888358.1	2
fam_000058	XP_001888364.1	11
fam_000059	XP_001888365.1	8
fam_000060	XP_001888377.1	3
fam_000061	XP_001888378.1	8
fam_000062	XP_001888382.1	4
fam_000063	XP_001888383.1	3
fam_000064	XP_001888387.1	4
fam_000065	XP_001888906.1	2
fam_000066	XP_001888919.1	2
fam_000067	XP_001888923.1	2
fam_000068	XP_001888927.1	2
fam_000069	XP_001888933.1	2
fam_000070	XP_001888934.1	2
fam_000071	XP_001888940.1	2
fam_000072	XP_001888943.1	1
fam_000073	XP_001889187.1	1
fam_000074	XP_001888946.1	19
fam_000075	XP_001888966.1	1
fam_000076	XP_001884079.1	1
fam_000077	XP_001888976.1	3
fam_000078	XP_001888979.1	5
fam_000079	XP_001888980.1	2
fam_000080	XP_001890089.1	9
fam_000081	XP_001890093.1	2
fam_000082	XP_001890107.1	2
fam_000083	XP_001890128.1	5
fam_000084	XP_001890135.1	2
fam_000085	XP_001890137.1	3
fam_000086	XP_001890142.1	4
fam_000087	XP_001890152.1	3
fam_000088	XP_001890157.1	2
fam_000089	XP_001890162.1	2
fam_000090	XP_001890165.1	2
fam_000091	XP_001890170.1	1
fam_000092	XP_001889333.1	1
fam_000093	XP_001890176.1	2
fam_000094	XP_001890182.1	7
fam_000095	XP_001828515.2	3
fam_000096	XP_001828522.1	2
fam_000097	XP_001828559.2	4
fam_000098	XP_001828562.2	2
fam_000099	XP_001828564.2	3
fam_000100	XP_001828574.1	3
fam_000101	XP_001828588.2	3
fam_000102	XP_001828591.2	3
fam_000103	XP_001828594.2	4
fam_000104	XP_001828603.1	2
fam_000105	XP_001828607.1	3
fam_000106	XP_001828612.1	4
fam_000107	XP_001828615.2	3
fam_000108	XP_001828626.2	4
fam_000109	XP_001828627.2	5
fam_000110	XP_001828629.2	3
fam_000111	XP_001828630.2	4
fam_000112	XP_001828631.2	3
fam_000113	XP_001828634.2	2
fam_000114	XP_001828636.1	4
fam_000115	XP_001828641.2	2
fam_000116	XP_001828642.1	4
fam_000117	XP_001830282.2	4
fam_000118	XP_001830288.2	4
fam_000119	XP_001830294.2	3
fam_000120	XP_001830328.1	2
fam_000121	XP_001830330.1	3
fam_000122	XP_001830331.2	4
fam_000123	XP_001830335.1	3
fam_000124	XP_001830337.1	4
fam_000125	XP_001830345.2	3
fam_000126	XP_001830347.2	2
fam_000127	XP_001830353.2	3
fam_000128	XP_001830354.2	3
fam_000129	XP_001830361.1	3
fam_000130	XP_001830366.2	4
fam_000131	XP_001830371.2	5
fam_000132	XP_001830372.1	3
fam_000133	XP_001830378.1	3
fam_000134	XP_001830382.2	4
fam_000135	XP_001830384.2	4
fam_000136	XP_001830389.2	4
fam_000137	XP_001831816.2	2
fam_000138	XP_001831817.2	3
fam_000139	XP_001831834.2	3
fam_000140	XP_001831836.1	3
fam_000141	XP_001831843.1	2
fam_000142	XP_001831873.2	4
fam_000143	XP_001831875.1	2
fam_000144	XP_001831880.1	3
fam_000145	XP_001831895.1	4
fam_000146	XP_001831897.2	6
fam_000147	XP_001831909.2	5
fam_000148	XP_001831936.2	9
fam_000149	XP_001834406.2	3
fam_000150	XP_001834415.2	6
fam_000151	XP_001834421.1	3
fam_000152	XP_001834436.1	3
fam_000153	XP_001834448.1	53
fam_000154	XP_001834450.2	2
fam_000155	XP_001834454.2	2
fam_000156	XP_001834464.2	3
fam_000157	XP_001834468.2	4
fam_000158	XP_001834472.2	2
fam_000159	XP_001834476.2	3
fam_000160	XP_001834489.2	4
fam_000161	XP_001834493.2	3
fam_000162	XP_001834494.1	3
fam_000163	XP_001834507.2	4
fam_000164	XP_001838291.2	2
fam_000165	XP_001838293.2	2
fam_000166	XP_001838304.1	4
fam_000167	XP_001838321.1	4
fam_000168	XP_001838340.1	2
fam_000169	XP_001838341.1	4
fam_000170	XP_001838342.2	4
fam_000171	XP_001838353.2	1
fam_000172	XP_001828801.2	1
fam_000173	XP_001838362.1	4
fam_000174	XP_001838363.1	4
fam_000175	XP_001838367.2	3
fam_000176	XP_001838377.2	3
fam_000177	XP_001838382.2	2
fam_000178	XP_001838385.2	2
fam_000179	XP_001838394.2	3
fam_000180	XP_002910174.1	2
fam_000181	XP_002910177.1	3
fam_000182	XP_002910182.1	2
fam_000183	XP_002910185.1	2
fam_000184	XP_002910189.1	6
fam_000185	XP_002910190.1	4
fam_000186	XP_002910202.1	3
fam_000187	XP_002910203.1	2
fam_000188	XP_002910225.1	2
fam_000189	XP_002910232.1	2
fam_000190	XP_002910233.1	4
fam_000191	XP_002910255.1	3
fam_000192	XP_002910260.1	3
fam_000193	XP_002910264.1	2
fam_000194	XP_002910265.1	4
fam_000195	XP_003027212.1	2
fam_000196	XP_003027217.2	3
fam_000197	XP_003027224.1	6
fam_000198	XP_003027235.1	4
fam_000199	XP_003027238.1	3
fam_000200	XP_003027240.1	3
fam_000201	XP_003027241.1	10
fam_000202	XP_003027246.1	6
fam_000203	XP_003027250.1	2
fam_000204	XP_003027261.1	4
fam_000205	XP_003027266.1	9
fam_000206	XP_003027277.1	8
fam_000207	XP_003027287.1	2
fam_000208	XP_003027294.1	2
fam_000209	XP_003027297.1	14
fam_000210	XP_003027316.1	2
fam_000211	XP_003031379.1	10
fam_000212	XP_003031381.1	4
fam_000213	XP_003031384.1	4
fam_000214	XP_003031419.2	7
fam_000215	XP_003031422.1	3
fam_000216	XP_003031424.1	4
fam_000217	XP_003031431.1	2
fam_000218	XP_003031434.1	10
fam_000219	XP_003031436.1	3
fam_000220	XP_003031437.1	2
fam_000221	XP_003031448.1	2
fam_000222	XP_003031460.2	6
fam_000223	XP_003031462.1	4
fam_000224	XP_003031468.2	2
fam_000225	XP_003031472.1	4
fam_000226	XP_003031474.2	4
fam_000227	XP_003031479.1	2
fam_000228	XP_003031480.1	2
fam_000229	XP_003031482.2	1
fam_000230	XP_003031475.2	1
fam_000231	XP_003031483.1	8
fam_000232	XP_003031485.1	2
fam_000233	XP_003031497.1	3
fam_000234	XP_003035664.1	1
fam_000235	XP_003036608.1	1
fam_000236	XP_003035676.1	2
fam_000237	XP_003035683.1	4
fam_000238	XP_003035685.1	4
fam_000239	XP_003035689.1	4
fam_000240	XP_003035704.1	4
fam_000241	XP_003035712.1	3
fam_000242	XP_003035713.1	3
fam_000243	XP_003035725.1	3
fam_000244	XP_003035731.1	6
fam_000245	XP_003035747.2	4
fam_000246	XP_003035759.1	4
fam_000247	XP_003035763.2	3
fam_000248	XP_003035776.1	4
fam_000249	XP_050197328.1	5
fam_000250	XP_050197334.1	6
fam_000251	XP_050197337.1	6
fam_000252	XP_050197338.1	7
fam_000253	XP_050197351.1	1
fam_000254	XP_050197355.1	1
fam_000255	XP_050199044.1	2
fam_000256	XP_050198336.1	1
fam_000257	XP_050197363.1	2
fam_000258	XP_050197364.1	2
fam_000259	XP_050197366.1	2
fam_000260	XP_050197368.1	3
fam_000261	XP_050197372.1	5
fam_000262	XP_050197373.1	3
fam_000263	XP_050197374.1	2
fam_000264	XP_050197384.1	3
fam_000265	XP_050197410.1	2
fam_000266	XP_050197412.1	4
fam_000267	XP_050197420.1	2
fam_000268	XP_050197422.1	2
fam_000269	XP_050200137.1	3
fam_000270	XP_050200144.1	8
fam_000271	XP_050200146.1	6
fam_000272	XP_001874683.1	1
fam_000273	XP_001888751.1	1
fam_000274	XP_001876995.1	4
fam_000275	XP_001876996.1	5
fam_000276	XP_001877005.1	2
fam_000277	XP_001877013.1	4
fam_000278	XP_001877017.1	4
fam_000279	XP_001877019.1	4
fam_000280	XP_001877026.1	4
fam_000281	XP_001877035.1	4
fam_000282	XP_001877037.1	4
fam_000283	XP_001877040.1	4
fam_000284	XP_001877046.1	8
fam_000285	XP_001877053.1	3
fam_000286	XP_001877062.1	4
fam_000287	XP_001877073.1	3
fam_000288	XP_001877075.1	3
fam_000289	XP_001877076.1	3
fam_000290	XP_001877081.1	4
fam_000291	XP_001877082.1	4
fam_000292	XP_001877084.1	4
fam_000293	XP_001878797.1	12
fam_000294	XP_001878826.1	4
fam_000295	XP_001878836.1	2
fam_000296	XP_001878838.1	2
fam_000297	XP_001878845.1	3
fam_000298	XP_001878847.1	4
fam_000299	XP_001878851.1	3
fam_000300	XP_001878859.1	2
fam_000301	XP_001878862.1	14
fam_000302	XP_001878864.1	2
fam_000303	XP_001878876.1	4
fam_000304	XP_001878878.1	2
fam_000305	XP_001891003.1	1
fam_000306	XP_001880887.1	2
fam_000307	XP_001880889.1	3
fam_000308	XP_001880890.1	2
fam_000309	XP_001880892.1	4
fam_000310	XP_001880896.1	4
fam_000311	XP_001880901.1	2
fam_000312	XP_001880905.1	4
fam_000313	XP_001880913.1	5
fam_000314	XP_001880917.1	3
fam_000315	XP_001880922.1	3
fam_000316	XP_001880923.1	2
fam_000317	XP_001880935.1	4
fam_000318	XP_001880936.1	3
fam_000319	XP_001880945.1	3
fam_000320	XP_001880950.1	4
fam_000321	XP_001880955.1	3
fam_000322	XP_001880957.1	3
fam_000323	XP_001880961.1	4
fam_000324	XP_001880964.1	3
fam_000325	XP_001880965.1	4
fam_000326	XP_001880966.1	3
fam_000327	XP_001880968.1	4
fam_000328	XP_001880976.1	4
fam_000329	XP_001880982.1	4
fam_000330	XP_001882894.1	2
fam_000331	XP_001882897.1	3
fam_000332	XP_001882940.1	1
fam_000333	XP_001882814.1	1
fam_000334	XP_001882946.1	3
fam_000335	XP_001882953.1	2
fam_000336	XP_001882961.1	6
fam_000337	XP_001882968.1	1
fam_000338	XP_001891244.1	1
fam_000339	XP_001882970.1	10
fam_000340	XP_001882983.1	3
fam_000341	XP_001833506.2	4
fam_000342	XP_001833507.1	3
fam_000343	XP_001833550.1	2
fam_000344	XP_001833555.2	3
fam_000345	XP_001833559.2	4
fam_000346	XP_001833564.2	3
fam_000347	XP_001833572.1	4
fam_000348	XP_001833575.2	4
fam_000349	XP_001833584.2	4
fam_000350	XP_001833598.2	4
fam_000351	XP_001833599.1	4
fam_000352	XP_001833601.2	3
fam_000353	XP_001833605.2	2
fam_000354	XP_001833613.1	4
fam_000355	XP_001833619.2	4
fam_000356	XP_001833621.2	3
fam_000357	XP_001833623.2	1
fam_000358	XP_001833608.1	1
fam_000359	XP_001833636.2	4
fam_000360	XP_001833637.2	3
fam_000361	XP_001833643.1	3
fam_000362	XP_001833644.2	7
fam_000363	XP_001836614.1	6
fam_000364	XP_001836622.1	2
fam_000365	XP_001836624.2	4
fam_000366	XP_001836634.1	2
fam_000367	XP_001836649.2	2
fam_000368	XP_001836653.1	4
fam_000369	XP_001836663.1	4
fam_000370	XP_001836664.1	4
fam_000371	XP_001836667.2	4
fam_000372	XP_001836668.1	3
fam_000373	XP_001836671.2	2
fam_000374	XP_001836679.2	4
fam_000375	XP_001836681.1	5
fam_000376	XP_001836688.2	2
fam_000377	XP_001836695.1	4
fam_000378	XP_001836701.1	6
fam_000379	XP_001836703.1	2
fam_000380	XP_001836713.2	4
fam_000381	XP_001836725.2	6
fam_000382	XP_001836727.1	4
fam_000383	XP_001840220.1	4
fam_000384	XP_001840224.2	3
fam_000385	XP_001840225.2	2
fam_000386	XP_001840231.2	4
fam_000387	XP_001840233.1	2
fam_000388	XP_001840235.2	3
fam_000389	XP_001840238.2	2
fam_000390	XP_001840240.2	10
fam_000391	XP_001874539.1	1
fam_000392	XP_001840241.1	4
fam_000393	XP_001840250.1	3
fam_000394	XP_001840251.1	2
fam_000395	XP_001840253.2	2
fam_000396	XP_001840262.2	3
fam_000397	XP_001840280.2	23
fam_000398	XP_001840282.2	2
fam_000399	XP_001840300.2	2
fam_000400	XP_001840320.2	4
fam_000401	XP_001840333.2	3
fam_000402	XP_001840335.2	4
fam_000403	XP_001840336.2	4
fam_000404	XP_002911682.1	2
fam_000405	XP_002911684.1	4
fam_000406	XP_002911686.1	3
fam_000407	XP_002911688.1	3
fam_000408	XP_002911692.1	2
fam_000409	XP_002911694.1	4
fam_000410	XP_002911695.1	2
fam_000411	XP_002911707.1	3
fam_000412	XP_002911708.1	4
fam_000413	XP_002911724.1	3
fam_000414	XP_002911740.1	3
fam_000415	XP_002911755.1	3
fam_000416	XP_003028770.1	11
fam_000417	XP_003028783.1	4
fam_000418	XP_003028823.1	4
fam_000419	XP_003028847.2	2
fam_000420	XP_003028849.1	7
fam_000421	XP_003028850.1	3
fam_000422	XP_003028874.2	2
fam_000423	XP_003028876.1	3
fam_000424	XP_003028879.1	4
fam_000425	XP_003028881.1	4
fam_000426	XP_003033676.1	4
fam_000427	XP_003033706.1	4
fam_000428	XP_003033729.1	3
fam_000429	XP_003033734.1	6
fam_000430	XP_003033738.1	3
fam_000431	XP_003033743.1	5
fam_000432	XP_003033746.1	2
fam_000433	XP_003033752.1	2
fam_000434	XP_003033767.2	7
fam_000435	XP_003033771.1	2
fam_000436	XP_003036588.2	4
fam_000437	XP_003036594.2	4
fam_000438	XP_003036609.2	4
fam_000439	XP_003036610.2	4
fam_000440	XP_003036612.2	4
fam_000441	XP_003036617.2	4
fam_000442	XP_003036626.2	3
fam_000443	XP_003036638.1	3
fam_000444	XP_003036639.2	2
fam_000445	XP_003036640.1	4
fam_000446	XP_003036649.1	4
fam_000447	XP_003036658.1	9
fam_000448	XP_003036679.1	4
fam_000449	XP_003036681.1	3
fam_000450	XP_003036684.1	2
fam_000451	XP_003036687.1	1
fam_000452	XP_003036688.2	1
fam_000453	XP_003036710.1	2
fam_000454	XP_003036713.1	4
fam_000455	XP_003036716.2	3
fam_000456	XP_003036718.1	4
fam_000457	XP_050197536.1	4
fam_000458	XP_050197545.1	2
fam_000459	XP_050197549.1	5
fam_000460	XP_050197574.1	4
fam_000461	XP_050197577.1	2
fam_000462	XP_050197587.1	1
fam_000463	XP_003027713.1	1
fam_000464	XP_050197591.1	3
fam_000465	XP_050197602.1	2
fam_000466	XP_050197611.1	1
fam_000467	XP_003026961.1	1
fam_000468	XP_050197626.1	2
fam_000469	XP_003027001.1	1
fam_000470	XP_050197627.1	2
fam_000471	XP_050200334.1	2
fam_000472	XP_050200357.1	22
fam_000473	XP_050200360.1	6
fam_000474	XP_050200369.1	5
fam_000475	XP_050200370.1	7
fam_000476	XP_050200375.1	3
fam_000477	XP_050200376.1	3
fam_000478	XP_050200381.1	2
fam_000479	XP_050200388.1	2
fam_000480	XP_050200395.1	4
fam_000481	XP_050200402.1	3
fam_000482	XP_050200417.1	4
fam_000483	XP_050200419.1	7
fam_000484	XP_050200422.1	4
fam_000485	XP_050200426.1	2
fam_000486	XP_007333854.1	4
fam_000487	XP_007333857.1	2
fam_000488	XP_007333865.1	2
fam_000489	XP_007333867.1	3
fam_000490	XP_007333876.1	3
fam_000491	XP_007333878.1	5
fam_000492	XP_007333882.1	3
fam_000493	XP_007333889.1	4
fam_000494	XP_007333902.1	2
fam_000495	XP_007333906.1	5
fam_000496	XP_001873687.1	2
fam_000497	XP_001873691.1	7
fam_000498	XP_001873700.1	4
fam_000499	XP_001873717.1	2
fam_000500	XP_001873739.1	2
fam_000501	XP_001873740.1	5
fam_000502	XP_001873753.1	38
fam_000503	XP_001873760.1	4
fam_000504	XP_001873769.1	4
fam_000505	XP_001873770.1	2
fam_000506	XP_001873771.1	8
fam_000507	XP_001873778.1	4
fam_000508	XP_001873780.1	2
fam_000509	XP_001876187.1	4
fam_000510	XP_001876191.1	4
fam_000511	XP_001876194.1	2
fam_000512	XP_001876195.1	3
fam_000513	XP_001876199.1	4
fam_000514	XP_001876201.1	4
fam_000515	XP_001876209.1	3
fam_000516	XP_001876213.1	5
fam_000517	XP_001876214.1	4
fam_000518	XP_001876219.1	3
fam_000519	XP_001876224.1	4
fam_000520	XP_001876225.1	4
fam_000521	XP_001876232.1	4
fam_000522	XP_001876240.1	3
fam_000523	XP_001876241.1	3
fam_000524	XP_001876242.1	4
fam_000525	XP_001876243.1	3
fam_000526	XP_001876246.1	3
fam_000527	XP_001876249.1	4
fam_000528	XP_001876251.1	6
fam_000529	XP_001876252.1	3
fam_000530	XP_001876256.1	3
fam_000531	XP_001876257.1	4
fam_000532	XP_001876259.1	2
fam_000533	XP_001876263.1	3
fam_000534	XP_001876265.1	2
fam_000535	XP_001876269.1	2
fam_000536	XP_001876276.1	3
fam_000537	XP_001876279.1	4
fam_000538	XP_001876281.1	2
fam_000539	XP_001876284.1	4
fam_000540	XP_001878587.1	4
fam_000541	XP_001878588.1	4
fam_000542	XP_001878594.1	3
fam_000543	XP_001878598.1	3
fam_000544	XP_001878603.1	4
fam_000545	XP_001878608.1	4
fam_000546	XP_001878610.1	4
fam_000547	XP_001878615.1	2
fam_000548	XP_001878617.1	2
fam_000549	XP_001878620.1	4
fam_000550	XP_001878625.1	4
fam_000551	XP_001878629.1	2
fam_000552	XP_001878633.1	4
fam_000553	XP_001878635.1	9
fam_000554	XP_001878642.1	4
fam_000555	XP_001878643.1	4
fam_000556	XP_001878648.1	4
fam_000557	XP_001878649.1	4
fam_000558	XP_001878650.1	3
fam_000559	XP_001878654.1	3
fam_000560	XP_001878658.1	3
fam_000561	XP_001878660.1	3
fam_000562	XP_001878661.1	2
fam_000563	XP_001878673.1	2
fam_000564	XP_001878683.1	1
fam_000565	XP_001878918.1	1
fam_000566	XP_001888393.1	2
fam_000567	XP_001888394.1	3
fam_000568	XP_001888395.1	2
fam_000569	XP_001888397.1	4
fam_000570	XP_001888403.1	4
fam_000571	XP_001888408.1	2
fam_000572	XP_001888409.1	4
fam_000573	XP_001888417.1	2
fam_000574	XP_001888420.1	10
fam_000575	XP_001888447.1	2
fam_000576	XP_001888456.1	5
fam_000577	XP_001888458.1	7
fam_000578	XP_001888460.1	4
fam_000579	XP_001888462.1	2
fam_000580	XP_001888464.1	2
fam_000581	XP_001888474.1	2
fam_000582	XP_001889489.1	3
fam_000583	XP_001889491.1	10
fam_000584	XP_001889500.1	4
fam_000585	XP_001889502.1	3
fam_000586	XP_001889520.1	26
fam_000587	XP_001889524.1	2
fam_000588	XP_001889525.1	3
fam_000589	XP_001889527.1	2
fam_000590	XP_001889536.1	4
fam_000591	XP_001889540.1	2
fam_000592	XP_001889543.1	3
fam_000593	XP_001889546.1	1
fam_000594	XP_001881978.1	2
fam_000595	XP_001889547.1	2
fam_000596	XP_001889559.1	2
fam_000597	XP_001889566.1	1
fam_000598	XP_001889564.1	1
fam_000599	XP_001889568.1	2
fam_000600	XP_001889569.1	2
fam_000601	XP_001889570.1	6
fam_000602	XP_001889579.1	2
fam_000603	XP_001889580.1	2
fam_000604	XP_001889584.1	1
fam_000605	XP_001887522.1	1
fam_000606	XP_001890593.1	2
fam_000607	XP_001890595.1	2
fam_000608	XP_001890600.1	5
fam_000609	XP_001890612.1	2
fam_000610	XP_001890640.1	2
fam_000611	XP_001890647.1	2
fam_000612	XP_001890648.1	2
fam_000613	XP_001890649.1	2
fam_000614	XP_001890652.1	4
fam_000615	XP_001890655.1	3
fam_000616	XP_001890667.1	2
fam_000617	XP_001890669.1	2
fam_000618	XP_001890672.1	3
fam_000619	XP_001828883.2	3
fam_000620	XP_001828886.1	2
fam_000621	XP_001828887.2	2
fam_000622	XP_001828889.1	3
fam_000623	XP_001828890.2	3
fam_000624	XP_001828897.2	3
fam_000625	XP_001828906.2	3
fam_000626	XP_001828907.2	15
fam_000627	XP_001828910.2	3
fam_000628	XP_001828912.2	4
fam_000629	XP_001828920.1	4
fam_000630	XP_001828921.2	4
fam_000631	XP_001828923.2	4
fam_000632	XP_001828924.1	4
fam_000633	XP_001828925.1	4
fam_000634	XP_001828926.1	3
fam_000635	XP_001828928.2	3
fam_000636	XP_001828930.2	4
fam_000637	XP_001828932.2	3
fam_000638	XP_001828937.2	4
fam_000639	XP_001828941.1	3
fam_000640	XP_001828943.2	3
fam_000641	XP_001828948.1	4
fam_000642	XP_001828951.1	4
fam_000643	XP_001828952.2	4
fam_000644	XP_001828956.1	4
fam_000645	XP_001828958.2	2
fam_000646	XP_001828965.1	2
fam_000647	XP_001828972.1	3
fam_000648	XP_001830636.1	2
fam_000649	XP_001830643.2	8
fam_000650	XP_001830664.1	3
fam_000651	XP_001830669.2	3
fam_000652	XP_001830670.2	3
fam_000653	XP_001830680.2	11
fam_000654	XP_001830684.2	4
fam_000655	XP_001830688.2	2
fam_000656	XP_001830689.2	3
fam_000657	XP_001830691.2	4
fam_000658	XP_001830699.1	4
fam_000659	XP_001830706.2	12
fam_000660	XP_001830710.2	2
fam_000661	XP_001830712.2	4
fam_000662	XP_001830716.1	2
fam_000663	XP_001830726.1	3
fam_000664	XP_001830732.1	4
fam_000665	XP_001830733.2	4
fam_000666	XP_001830738.2	2
fam_000667	XP_001830742.1	14
fam_000668	XP_001830745.1	2
fam_000669	XP_001832676.1	4
fam_000670	XP_001832710.1	4
fam_000671	XP_001832747.2	2
fam_000672	XP_001832748.1	12
fam_000673	XP_001832751.2	7
fam_000674	XP_001832758.2	3
fam_000675	XP_001832772.1	10
fam_000676	XP_001832789.1	2
fam_000677	XP_001835550.2	5
fam_000678	XP_001835564.2	2
fam_000679	XP_001835565.2	2
fam_000680	XP_001835582.2	4
fam_000681	XP_001835602.2	3
fam_000682	XP_001835604.2	4
fam_000683	XP_001835614.2	3
fam_000684	XP_001835634.1	4
fam_000685	XP_001835638.2	4
fam_000686	XP_001835646.2	3
fam_000687	XP_001835648.1	2
fam_000688	XP_001835656.2	2
fam_000689	XP_001835657.2	2
fam_000690	XP_001835660.2	3
fam_000691	XP_001835665.1	3
fam_000692	XP_001835666.1	3
fam_000693	XP_001839003.2	3
fam_000694	XP_001839004.1	2
fam_000695	XP_001839009.1	8
fam_000696	XP_001839010.2	2
fam_000697	XP_001839011.2	6
fam_000698	XP_001839027.2	5
fam_000699	XP_001839069.1	3
fam_000700	XP_001839074.2	2
fam_000701	XP_001839078.1	4
fam_000702	XP_001839082.1	6
fam_000703	XP_001839104.1	2
fam_000704	XP_001839106.1	2
fam_000705	XP_001839111.2	2
fam_000706	XP_001839113.1	4
fam_000707	XP_001839123.2	4
fam_000708	XP_001839128.1	4
fam_000709	XP_002910668.1	4
fam_000710	XP_002910681.1	4
fam_000711	XP_002910688.1	4
fam_000712	XP_002910691.1	3
fam_000713	XP_002910695.1	4
fam_000714	XP_002910728.1	12
fam_000715	XP_002910736.1	4
fam_000716	XP_002910740.1	2
fam_000717	XP_002910743.1	5
fam_000718	XP_002910750.1	6
fam_000719	XP_003027985.1	2
fam_000720	XP_003027986.1	3
fam_000721	XP_003027992.1	3
fam_000722	XP_003027994.1	2
fam_000723	XP_003028019.1	2
fam_000724	XP_003028021.1	4
fam_000725	XP_003028024.1	4
fam_000726	XP_003028044.1	2
fam_000727	XP_003028045.1	2
fam_000728	XP_003028055.1	4
fam_000729	XP_003028064.1	2
fam_000730	XP_003028070.1	3
fam_000731	XP_003028085.1	1
fam_000732	XP_003034240.1	1
fam_000733	XP_003028088.1	2
fam_000734	XP_003028093.1	2
fam_000735	XP_003028096.1	3
fam_000736	XP_003028099.1	2
fam_000737	XP_003028102.1	4
fam_000738	XP_003031632.1	11
fam_000739	XP_003031641.1	2
fam_000740	XP_003031646.1	2
fam_000741	XP_003031647.1	3
fam_000742	XP_003031652.1	4
fam_000743	XP_003031653.2	4
fam_000744	XP_003031660.1	3
fam_000745	XP_003031661.1	4
fam_000746	XP_003031665.1	4
fam_000747	XP_003031679.1	4
fam_000748	XP_003031714.1	3
fam_000749	XP_003031729.1	3
fam_000750	XP_003031732.2	2
fam_000751	XP_003031734.1	3
fam_000752	XP_003031741.1	5
fam_000753	XP_003035249.1	3
fam_000754	XP_003035261.1	4
fam_000755	XP_003035262.1	3
fam_000756	XP_003035269.1	4
fam_000757	XP_003035278.1	3
fam_000758	XP_003035280.1	7
fam_000759	XP_003035289.2	2
fam_000760	XP_003035291.2	3
fam_000761	XP_003035298.1	3
fam_000762	XP_003035300.1	4
fam_000763	XP_003035303.1	4
fam_000764	XP_003035304.1	4
fam_000765	XP_003035307.1	6
fam_000766	XP_003035316.2	2
fam_000767	XP_003035322.1	2
fam_000768	XP_003035329.1	4
fam_000769	XP_003035338.1	2
fam_000770	XP_003035342.2	4
fam_000771	XP_003035346.1	4
fam_000772	XP_003035364.1	3
fam_000773	XP_003035369.1	7
fam_000774	XP_050197229.1	1
fam_000775	XP_003026659.1	3
fam_000776	XP_050197238.1	3
fam_000777	XP_050197244.1	2
fam_000778	XP_050197247.1	3
fam_000779	XP_050197248.1	2
fam_000780	XP_050197266.1	4
fam_000781	XP_050197274.1	2
fam_000782	XP_050197277.1	4
fam_000783	XP_050197284.1	2
fam_000784	XP_050197294.1	2
fam_000785	XP_050197295.1	2
fam_000786	XP_050197298.1	2
fam_000787	XP_050197299.1	2
fam_000788	XP_050197302.1	1
fam_000789	XP_050197278.1	1
fam_000790	XP_050197304.1	4
fam_000791	XP_050197305.1	3
fam_000792	XP_050197307.1	2
fam_000793	XP_050199272.1	1
fam_000794	XP_050197309.1	3
fam_000795	XP_050197311.1	4
fam_000796	XP_050197314.1	2
fam_000797	XP_050197317.1	3
fam_000798	XP_050200028.1	5
fam_000799	XP_050200033.1	2
fam_000800	XP_050200034.1	2
fam_000801	XP_050200035.1	2
fam_000802	XP_050200046.1	2
fam_000803	XP_050200051.1	1
fam_000804	XP_003036285.1	1
fam_000805	XP_050200058.1	4
fam_000806	XP_050200082.1	3
fam_000807	XP_050200088.1	5
fam_000808	XP_050200091.1	3
fam_000809	XP_050200093.1	2
fam_000810	XP_050200097.1	15
fam_000811	XP_050200101.1	8
fam_000812	XP_050200104.1	4
fam_000813	XP_050200108.1	5
fam_000814	XP_050200110.1	2
fam_000815	XP_050200119.1	3
fam_000816	XP_050200120.1	3
fam_000817	XP_050200125.1	3
fam_000818	XP_050203036.1	1
fam_000819	XP_050201558.1	1
fam_000820	XP_050203053.1	7
fam_000821	XP_050203060.1	4
fam_000822	XP_050203063.1	1
fam_000823	XP_050197160.1	1
fam_000824	XP_050197350.1	2
fam_000825	XP_050197786.1	1
fam_000826	XP_050199045.1	1
fam_000827	XP_050199019.1	1
fam_000828	XP_050203067.1	6
fam_000829	XP_050203069.1	3
fam_000830	XP_050203070.1	4
fam_000831	XP_050203075.1	11
fam_000832	XP_050203076.1	3
fam_000833	XP_050203080.1	14
fam_000834	XP_050203081.1	1
fam_000835	XP_003026502.1	1
fam_000836	XP_050203082.1	3
fam_000837	XP_050203084.1	3
fam_000838	XP_003038617.1	4
fam_000839	XP_003038633.2	15
fam_000840	XP_003038637.2	4
fam_000841	XP_003038643.1	4
fam_000842	XP_003038644.2	4
fam_000843	XP_003038651.1	3
fam_000844	XP_003038656.1	5
fam_000845	XP_003038660.1	4
fam_000846	XP_003038677.1	3
fam_000847	XP_003038686.1	4
fam_000848	XP_003038690.1	4
fam_000849	XP_003038693.1	4
fam_000850	XP_003038697.1	3
fam_000851	XP_003038700.2	4
fam_000852	XP_003038721.1	11
fam_000853	XP_003038729.2	4
fam_000854	XP_003038730.1	2
fam_000855	XP_050199531.1	3
fam_000856	XP_050199535.1	2
fam_000857	XP_050199538.1	2
fam_000858	XP_050199557.1	2
fam_000859	XP_050199564.1	4
fam_000860	XP_050199571.1	2
fam_000861	XP_050199589.1	3
fam_000862	XP_050199605.1	2
fam_000863	XP_050199607.1	1
fam_000864	XP_003029052.1	1
fam_000865	XP_050199609.1	2
fam_000866	XP_050199610.1	3
fam_000867	XP_050199616.1	2
fam_000868	XP_050202533.1	2
fam_000869	XP_050202538.1	4
fam_000870	XP_050202544.1	3
fam_000871	XP_050202546.1	6
fam_000872	XP_050202547.1	3
fam_000873	XP_050202548.1	3
fam_000874	XP_050202553.1	4
fam_000875	XP_050202556.1	4
fam_000876	XP_050202565.1	2
fam_000877	XP_050202568.1	3
fam_000878	XP_050202574.1	2
fam_000879	XP_050202584.1	4
fam_000880	XP_050202595.1	3
fam_000881	XP_050202610.1	10
fam_000882	XP_050202617.1	3
fam_000883	XP_050202625.1	2
fam_000884	XP_007327615.1	4
fam_000885	XP_007327617.1	2
fam_000886	XP_007327621.1	3
fam_000887	XP_007327623.1	2
fam_000888	XP_007327629.1	2
fam_000889	XP_007327633.1	4
fam_000890	XP_007327634.1	3
fam_000891	XP_007327641.1	2
fam_000892	XP_007327644.1	3
fam_000893	XP_007327659.1	4
fam_000894	XP_007327660.1	3
fam_000895	XP_007327664.1	4
fam_000896	XP_007327667.1	4
fam_000897	XP_007327668.1	3
fam_000898	XP_007327670.1	3
fam_000899	XP_007327672.1	2
fam_000900	XP_007327678.1	2
fam_000901	XP_007327683.1	5
fam_000902	XP_007327684.1	3
fam_000903	XP_007327691.1	2
fam_000904	XP_007327696.1	2
fam_000905	XP_007328309.1	3
fam_000906	XP_007328311.1	4
fam_000907	XP_007328315.1	2
fam_000908	XP_007328317.1	2
fam_000909	XP_007328322.1	2
fam_000910	XP_007328325.1	16
fam_000911	XP_007328329.1	4
fam_000912	XP_007328330.1	3
fam_000913	XP_007328332.1	4
fam_000914	XP_007328337.1	3
fam_000915	XP_007328339.1	4
fam_000916	XP_007328340.1	4
fam_000917	XP_007328347.1	3
fam_000918	XP_007328357.1	3
fam_000919	XP_007328367.1	4
fam_000920	XP_007328368.1	7
fam_000921	XP_007328388.1	2
fam_000922	XP_007328397.1	2
fam_000923	XP_007328398.1	3
fam_000924	XP_007328400.1	2
fam_000925	XP_007328404.1	4
fam_000926	XP_007328405.1	4
fam_000927	XP_007330914.1	2
fam_000928	XP_007330931.1	2
fam_000929	XP_007330941.1	4
fam_000930	XP_007330950.1	9
fam_000931	XP_007330952.1	5
fam_000932	XP_007330959.1	4
fam_000933	XP_007330961.1	4
fam_000934	XP_007330963.1	1
fam_000935	XP_007330964.1	2
fam_000936	XP_007330969.1	4
fam_000937	XP_007330970.1	2
fam_000938	XP_007330973.1	4
fam_000939	XP_007330974.1	4
fam_000940	XP_007330976.1	4
fam_000941	XP_007330977.1	1
fam_000942	XP_007330816.1	1
fam_000943	XP_007330979.1	2
fam_000944	XP_007330985.1	3
fam_000945	XP_007330989.1	2
fam_000946	XP_007331000.1	2
fam_000947	XP_007334511.1	4
fam_000948	XP_007334515.1	2
fam_000949	XP_007334519.1	3
fam_000950	XP_007334520.1	3
fam_000951	XP_007334525.1	2
fam_000952	XP_007334530.1	2
fam_000953	XP_007334543.1	3
fam_000954	XP_007334545.1	3
fam_000955	XP_007334546.1	2
fam_000956	XP_007334551.1	4
fam_000957	XP_007334552.1	2
fam_000958	XP_007334559.1	3
fam_000959	XP_007334570.1	3
fam_000960	XP_007334576.1	2
fam_000961	XP_007334601.1	2
fam_000962	XP_007334604.1	3
fam_000963	XP_007334605.1	5
fam_000964	XP_001874988.1	4
fam_000965	XP_001875009.1	4
fam_000966	XP_001875015.1	2
fam_000967	XP_001875021.1	2
fam_000968	XP_001875029.1	3
fam_000969	XP_001875031.1	2
fam_000970	XP_001875035.1	2
fam_000971	XP_001875037.1	2
fam_000972	XP_001875042.1	3
fam_000973	XP_001875047.1	4
fam_000974	XP_001875066.1	2
fam_000975	XP_001875072.1	4
fam_000976	XP_001875073.1	8
fam_000977	XP_001878189.1	4
fam_000978	XP_001878196.1	5
fam_000979	XP_001878203.1	3
fam_000980	XP_001878218.1	5
fam_000981	XP_001878221.1	4
fam_000982	XP_001878225.1	2
fam_000983	XP_001878236.1	12
fam_000984	XP_001878237.1	2
fam_000985	XP_001878238.1	4
fam_000986	XP_001878239.1	4
fam_000987	XP_001878240.1	3
fam_000988	XP_001878244.1	4
fam_000989	XP_001878245.1	4
fam_000990	XP_001878249.1	4
fam_000991	XP_001878250.1	8
fam_000992	XP_001878255.1	4
fam_000993	XP_001878265.1	4
fam_000994	XP_001878271.1	4
fam_000995	XP_001878274.1	2
fam_000996	XP_001878281.1	3
fam_000997	XP_001878283.1	4
fam_000998	XP_001878285.1	4
fam_000999	XP_001881186.1	2
fam_001000	XP_001881196.1	2
fam_001001	XP_001881204.1	4
fam_001002	XP_001881219.1	1
fam_001003	XP_001881214.1	1
fam_001004	XP_001881224.1	2
fam_001005	XP_001881226.1	3
fam_001006	XP_001881236.1	4
fam_001007	XP_001881238.1	2
fam_001008	XP_001881240.1	2
fam_001009	XP_001881242.1	2
fam_001010	XP_001881246.1	4
fam_001011	XP_001881250.1	4
fam_001012	XP_001881259.1	2
fam_001013	XP_001881261.1	3
fam_001014	XP_001881264.1	3
fam_001015	XP_001881265.1	4
fam_001016	XP_001881273.1	3
fam_001017	XP_001881274.1	2
fam_001018	XP_001881282.1	2
fam_001019	XP_001881283.1	3
fam_001020	XP_001881284.1	2
fam_001021	XP_001837549.1	3
fam_001022	XP_001837574.1	2
fam_001023	XP_001837575.2	2
fam_001024	XP_001837581.2	6
fam_001025	XP_001837596.2	4
fam_001026	XP_001837597.2	3
fam_001027	XP_001837612.2	3
fam_001028	XP_001837613.1	3
fam_001029	XP_001837635.2	4
fam_001030	XP_001837639.1	2
fam_001031	XP_001837650.1	3
fam_001032	XP_001837654.2	7
fam_001033	XP_001837664.1	2
fam_001034	XP_001837665.1	3
fam_001035	XP_002910072.1	5
fam_001036	XP_002910073.1	3
fam_001037	XP_002910087.1	2
fam_001038	XP_002910102.1	4
fam_001039	XP_002910107.1	2
fam_001040	XP_002910113.1	11
fam_001041	XP_002910127.1	2
fam_001042	XP_002910143.1	3
fam_001043	XP_002910151.1	5
fam_001044	XP_002910163.1	3
fam_001045	XP_003027319.1	4
fam_001046	XP_003027326.1	2
fam_001047	XP_003027329.1	11
fam_001048	XP_003027337.2	6
fam_001049	XP_003027339.2	6
fam_001050	XP_003027341.1	6
fam_001051	XP_003027342.2	6
fam_001052	XP_003027344.1	17
fam_001053	XP_003027345.2	2
fam_001054	XP_003027352.1	4
fam_001055	XP_003027370.2	1
fam_001056	XP_003027371.1	2
fam_001057	XP_003027384.1	2
fam_001058	XP_003027407.1	2
fam_001059	XP_003027409.1	3
fam_001060	XP_003027430.1	3
fam_001061	XP_003027435.1	2
fam_001062	XP_003027438.2	3
fam_001063	XP_003032019.1	4
fam_001064	XP_003032020.1	2
fam_001065	XP_003032033.1	3
fam_001066	XP_003032035.1	4
fam_001067	XP_003032042.1	2
fam_001068	XP_003032057.1	2
fam_001069	XP_003032073.1	6
fam_001070	XP_003032083.1	3
fam_001071	XP_003032092.2	2
fam_001072	XP_003032093.1	3
fam_001073	XP_003032111.1	2
fam_001074	XP_003032125.1	1
fam_001075	XP_003032124.1	1
fam_001076	XP_003032132.1	4
fam_001077	XP_003032133.1	2
fam_001078	XP_003032136.1	2
fam_001079	XP_003032138.2	1
fam_001080	XP_003028538.1	1
fam_001081	XP_003036980.1	1
fam_001082	XP_050202555.1	1
fam_001083	XP_003036983.1	2
fam_001084	XP_003037009.1	4
fam_001085	XP_003037011.2	3
fam_001086	XP_003037018.1	2
fam_001087	XP_003037023.1	5
fam_001088	XP_003037030.1	3
fam_001089	XP_003037038.1	2
fam_001090	XP_003037050.2	2
fam_001091	XP_003037103.2	2
fam_001092	XP_050198131.1	3
fam_001093	XP_050198146.1	2
fam_001094	XP_050198156.1	4
fam_001095	XP_050198159.1	2
fam_001096	XP_050198172.1	1
fam_001097	XP_003028549.2	1
fam_001098	XP_050198173.1	5
fam_001099	XP_050198181.1	2
fam_001100	XP_050198202.1	2
fam_001101	XP_050198209.1	2
fam_001102	XP_050202033.1	3
fam_001103	XP_050202041.1	4
fam_001104	XP_050202042.1	2
fam_001105	XP_050202045.1	4
fam_001106	XP_050202049.1	4
fam_001107	XP_050202055.1	1
fam_001108	XP_050202056.1	1
fam_001109	XP_050202058.1	3
fam_001110	XP_050202060.1	2
fam_001111	XP_050202064.1	3
fam_001112	XP_050202065.1	3
fam_001113	XP_050202070.1	3
fam_001114	XP_050202071.1	2
fam_001115	XP_050202079.1	3
fam_001116	XP_050202090.1	4
fam_001117	XP_050202095.1	4
fam_001118	XP_050202098.1	4
fam_001119	XP_050202099.1	4
fam_001120	XP_050202108.1	4
fam_001121	XP_050202127.1	3
fam_001122	XP_007326117.1	2
fam_001123	XP_007326119.1	4
fam_001124	XP_007326122.1	1
fam_001125	XP_007333225.1	1
fam_001126	XP_007326127.1	2
fam_001127	XP_007326130.1	2
fam_001128	XP_007326131.1	3
fam_001129	XP_007326133.1	4
fam_001130	XP_007326139.1	4
fam_001131	XP_007326141.1	4
fam_001132	XP_007326152.1	3
fam_001133	XP_007326153.1	3
fam_001134	XP_007326155.1	4
fam_001135	XP_007326157.1	3
fam_001136	XP_007326158.1	4
fam_001137	XP_007326162.1	4
fam_001138	XP_007326168.1	2
fam_001139	XP_007326170.1	4
fam_001140	XP_007326173.1	3
fam_001141	XP_007326175.1	4
fam_001142	XP_007326179.1	3
fam_001143	XP_007326184.1	2
fam_001144	XP_007326188.1	2
fam_001145	XP_007326190.1	2
fam_001146	XP_007326193.1	5
fam_001147	XP_007326202.1	4
fam_001148	XP_007326204.1	2
fam_001149	XP_007329910.1	3
fam_001150	XP_007329912.1	4
fam_001151	XP_007329913.1	5
fam_001152	XP_007329916.1	2
fam_001153	XP_007329925.1	4
fam_001154	XP_007329940.1	3
fam_001155	XP_007329944.1	5
fam_001156	XP_007329948.1	2
fam_001157	XP_007329951.1	2
fam_001158	XP_007329962.1	3
fam_001159	XP_007329965.1	4
fam_001160	XP_007329966.1	3
fam_001161	XP_007329969.1	4
fam_001162	XP_007329976.1	2
fam_001163	XP_007329985.1	3
fam_001164	XP_003026208.1	3
fam_001165	XP_003030264.1	4
fam_001166	XP_003030273.1	2
fam_001167	XP_003029456.1	1
fam_001168	XP_003030279.1	4
fam_001169	XP_003030287.1	4
fam_001170	XP_003030291.1	3
fam_001171	XP_003030302.1	3
fam_001172	XP_003030312.1	4
fam_001173	XP_003030338.2	3
fam_001174	XP_003030343.1	2
fam_001175	XP_003030361.1	3
fam_001176	XP_003030365.2	1
fam_001177	XP_003030364.1	1
fam_001178	XP_003030367.1	1
fam_001179	XP_003029013.1	1
fam_001180	XP_003034974.1	3
fam_001181	XP_003034977.2	2
fam_001182	XP_003034978.1	3
fam_001183	XP_003034982.1	24
fam_001184	XP_003034996.1	4
fam_001185	XP_003035000.1	3
fam_001186	XP_003035007.2	2
fam_001187	XP_003035012.1	2
fam_001188	XP_003035018.1	2
fam_001189	XP_003035023.2	4
fam_001190	XP_003035028.1	3
fam_001191	XP_003035039.2	3
fam_001192	XP_003035046.1	4
fam_001193	XP_003035047.1	4
fam_001194	XP_003035048.1	9
fam_001195	XP_003035065.1	4
fam_001196	XP_003035074.2	2
fam_001197	XP_003035089.1	3
fam_001198	XP_003035097.1	3
fam_001199	XP_003035107.1	3
fam_001200	XP_003035109.1	2
fam_001201	XP_003035113.1	2
fam_001202	XP_050196939.1	11
fam_001203	XP_050196952.1	2
fam_001204	XP_050196983.1	2
fam_001205	XP_050197011.1	3
fam_001206	XP_050197022.1	3
fam_001207	XP_050200534.1	4
fam_001208	XP_050200539.1	4
fam_001209	XP_050200548.1	4
fam_001210	XP_050200556.1	4
fam_001211	XP_050200582.1	10
fam_001212	XP_050200591.1	4
fam_001213	XP_050200602.1	4
fam_001214	XP_050200610.1	2
fam_001215	XP_050200611.1	4
fam_001216	XP_050200619.1	3
fam_001217	XP_050200621.1	4
fam_001218	XP_007325912.1	3
fam_001219	XP_007325916.1	2
fam_001220	XP_007325919.1	2
fam_001221	XP_007325926.1	3
fam_001222	XP_007325927.1	5
fam_001223	XP_007325931.1	5
fam_001224	XP_007325932.1	3
fam_001225	XP_007325933.1	3
fam_001226	XP_007325935.1	2
fam_001227	XP_007325949.1	2
fam_001228	XP_007325952.1	2
fam_001229	XP_007325956.1	4
fam_001230	XP_007325963.1	3
fam_001231	XP_007325964.1	5
fam_001232	XP_007325975.1	4
fam_001233	XP_007325980.1	4
fam_001234	XP_007325981.1	3
fam_001235	XP_007325986.1	2
fam_001236	XP_007325987.1	3
fam_001237	XP_007325988.1	2
fam_001238	XP_007325993.1	3
fam_001239	XP_007326001.1	2
fam_001240	XP_007330114.1	6
fam_001241	XP_007330123.1	3
fam_001242	XP_007330126.1	4
fam_001243	XP_007330129.1	4
fam_001244	XP_007330130.1	4
fam_001245	XP_007330136.1	6
fam_001246	XP_007330141.1	6
fam_001247	XP_007330142.1	3
fam_001248	XP_007330145.1	4
fam_001249	XP_007330161.1	18
fam_001250	XP_007330165.1	4
fam_001251	XP_007330167.1	3
fam_001252	XP_007330179.1	3
fam_001253	XP_007330181.1	2
fam_001254	XP_007330193.1	2
fam_001255	XP_007330195.1	3
fam_001256	XP_007330204.1	2
fam_001257	XP_007330206.1	2
fam_001258	XP_007333108.1	3
fam_001259	XP_007333109.1	4
fam_001260	XP_007333114.1	2
fam_001261	XP_007333120.1	7
fam_001262	XP_007333123.1	4
fam_001263	XP_007333140.1	3
fam_001264	XP_007333144.1	2
fam_001265	XP_007333145.1	5
fam_001266	XP_007333146.1	5
fam_001267	XP_007333151.1	1
fam_001268	XP_007333130.1	1
fam_001269	XP_007333153.1	4
fam_001270	XP_007333168.1	2
fam_001271	XP_007333176.1	2
fam_001272	XP_007333186.1	7
fam_001273	XP_007333189.1	5
fam_001274	XP_007333195.1	2
fam_001275	XP_007333199.1	3
fam_001276	XP_007333201.1	2
fam_001277	XP_007333203.1	6
fam_001278	XP_007335441.1	5
fam_001279	XP_007335447.1	11
fam_001280	XP_007335449.1	6
fam_001281	XP_007335450.1	4
fam_001282	XP_007335453.1	3
fam_001283	XP_007335479.1	2
fam_001284	XP_007335480.1	3
fam_001285	XP_007335483.1	2
fam_001286	XP_007335489.1	3
fam_001287	XP_007335510.1	2
fam_001288	XP_001875488.1	4
fam_001289	XP_001875491.1	4
fam_001290	XP_001875493.1	5
fam_001291	XP_001875498.1	3
fam_001292	XP_001875515.1	2
fam_001293	XP_001875519.1	2
fam_001294	XP_001875525.1	4
fam_001295	XP_001875529.1	6
fam_001296	XP_001875536.1	4
fam_001297	XP_001875537.1	2
fam_001298	XP_001875583.1	3
fam_001299	XP_001877894.1	4
fam_001300	XP_001877896.1	2
fam_001301	XP_001877901.1	4
fam_001302	XP_001877903.1	5
fam_001303	XP_001877906.1	2
fam_001304	XP_001877913.1	4
fam_001305	XP_001877916.1	4
fam_001306	XP_001877922.1	13
fam_001307	XP_001877935.1	1
fam_001308	XP_001877936.1	2
fam_001309	XP_001877942.1	4
fam_001310	XP_001877952.1	2
fam_001311	XP_001877955.1	2
fam_001312	XP_001877961.1	2
fam_001313	XP_001877984.1	3
fam_001314	XP_001881686.1	5
fam_001315	XP_001881689.1	2
fam_001316	XP_001881708.1	9
fam_001317	XP_001881713.1	2
fam_001318	XP_001881725.1	2
fam_001319	XP_001881737.1	2
fam_001320	XP_001881743.1	12
fam_001321	XP_001881751.1	3
fam_001322	XP_001881754.1	13
fam_001323	XP_001889996.1	3
fam_001324	XP_001889998.1	2
fam_001325	XP_001890003.1	2
fam_001326	XP_001890019.1	2
fam_001327	XP_001890020.1	2
fam_001328	XP_001890027.1	3
fam_001329	XP_001890030.1	2
fam_001330	XP_001890032.1	2
fam_001331	XP_001890033.1	4
fam_001332	XP_001890077.1	24
fam_001333	XP_001890078.1	2
fam_001334	XP_001890082.1	3
fam_001335	XP_001890083.1	3
fam_001336	XP_001890087.1	2
fam_001337	XP_001828170.2	3
fam_001338	XP_001828176.1	4
fam_001339	XP_001828192.2	5
fam_001340	XP_001828198.1	3
fam_001341	XP_001828212.1	2
fam_001342	XP_001828282.1	1
fam_001343	XP_001828225.1	5
fam_001344	XP_001828231.1	4
fam_001345	XP_001828234.1	2
fam_001346	XP_001828236.1	4
fam_001347	XP_001828255.1	6
fam_001348	XP_001828276.2	2
fam_001349	XP_001830405.2	4
fam_001350	XP_001830408.2	4
fam_001351	XP_001830411.1	4
fam_001352	XP_001830412.2	2
fam_001353	XP_001830418.1	7
fam_001354	XP_001830420.2	3
fam_001355	XP_001830422.2	2
fam_001356	XP_001830431.1	4
fam_001357	XP_001830432.2	4
fam_001358	XP_001830433.2	2
fam_001359	XP_001830443.2	3
fam_001360	XP_001830445.2	3
fam_001361	XP_001830448.2	4
fam_001362	XP_001830449.1	3
fam_001363	XP_001830461.2	2
fam_001364	XP_001830464.1	2
fam_001365	XP_001830466.2	5
fam_001366	XP_001830471.1	3
fam_001367	XP_001830476.2	4
fam_001368	XP_001830478.2	4
fam_001369	XP_001830479.2	4
fam_001370	XP_001830482.1	3
fam_001371	XP_001830484.2	4
fam_001372	XP_001830487.2	4
fam_001373	XP_001830492.1	4
fam_001374	XP_001830493.2	3
fam_001375	XP_001830499.1	2
fam_001376	XP_001832533.2	4
fam_001377	XP_001832545.1	8
fam_001378	XP_001832554.2	2
fam_001379	XP_001831864.2	1
fam_001380	XP_001832555.2	3
fam_001381	XP_001832558.2	4
fam_001382	XP_001832568.2	3
fam_001383	XP_001832577.2	2
fam_001384	XP_001832579.2	2
fam_001385	XP_001832589.2	1
fam_001386	XP_001832588.2	1
fam_001387	XP_001832593.2	2
fam_001388	XP_001832609.1	2
fam_001389	XP_001832610.1	4
fam_001390	XP_001832618.2	1
fam_001391	XP_001838963.1	1
fam_001392	XP_001832620.2	3
fam_001393	XP_001832631.1	4
fam_001394	XP_001835087.2	3
fam_001395	XP_001835090.1	6
fam_001396	XP_001835106.2	3
fam_001397	XP_001835130.1	2
fam_001398	XP_001835136.2	2
fam_001399	XP_001835140.1	4
fam_001400	XP_001835145.1	4
fam_001401	XP_001835147.2	3
fam_001402	XP_001835148.2	10
fam_001403	XP_001835154.1	3
fam_001404	XP_001835163.1	2
fam_001405	XP_001835167.2	3
fam_001406	XP_001835168.1	4
fam_001407	XP_001840005.2	3
fam_001408	XP_001840010.1	2
fam_001409	XP_001840012.1	2
fam_001410	XP_001840019.1	4
fam_001411	XP_001840034.1	3
fam_001412	XP_001840036.1	4
fam_001413	XP_001840038.1	2
fam_001414	XP_001840042.2	6
fam_001415	XP_001840050.2	2
fam_001416	XP_001840054.2	4
fam_001417	XP_001840063.2	2
fam_001418	XP_001840065.2	2
fam_001419	XP_001840067.2	2
fam_001420	XP_001840080.2	4
fam_001421	XP_001840093.1	1
fam_001422	XP_001836855.2	1
fam_001423	XP_002912074.1	2
fam_001424	XP_002912078.1	4
fam_001425	XP_002912082.1	2
fam_001426	XP_002912083.1	4
fam_001427	XP_002912085.1	3
fam_001428	XP_002912094.1	3
fam_001429	XP_002912100.1	3
fam_001430	XP_002912105.1	3
fam_001431	XP_002912112.1	4
fam_001432	XP_002912116.1	2
fam_001433	XP_002912117.1	3
fam_001434	XP_002912120.1	2
fam_001435	XP_002912123.1	4
fam_001436	XP_002912125.1	5
fam_001437	XP_001889006.1	3
fam_001438	XP_001889008.1	4
fam_001439	XP_001889012.1	3
fam_001440	XP_001889014.1	2
fam_001441	XP_001889021.1	1
fam_001442	XP_001881672.1	1
fam_001443	XP_001889025.1	2
fam_001444	XP_001886652.1	1
fam_001445	XP_001889034.1	3
fam_001446	XP_001889043.1	3
fam_001447	XP_001889051.1	2
fam_001448	XP_001889053.1	2
fam_001449	XP_001889055.1	4
fam_001450	XP_001889058.1	1
fam_001451	XP_001873681.1	1
fam_001452	XP_001889060.1	2
fam_001453	XP_001889061.1	3
fam_001454	XP_001889065.1	7
fam_001455	XP_001889066.1	2
fam_001456	XP_001889070.1	2
fam_001457	XP_001889083.1	5
fam_001458	XP_001889597.1	2
fam_001459	XP_001889598.1	2
fam_001460	XP_001889600.1	2
fam_001461	XP_001889612.1	1
fam_001462	XP_001886690.1	1
fam_001463	XP_001889613.1	5
fam_001464	XP_001889616.1	2
fam_001465	XP_001889625.1	3
fam_001466	XP_001889628.1	3
fam_001467	XP_001889634.1	5
fam_001468	XP_001889638.1	1
fam_001469	XP_001889641.1	1
fam_001470	XP_001889640.1	2
fam_001471	XP_001889644.1	2
fam_001472	XP_001889649.1	3
fam_001473	XP_001889650.1	4
fam_001474	XP_001889652.1	4
fam_001475	XP_001889654.1	4
fam_001476	XP_001889656.1	14
fam_001477	XP_001889668.1	2
fam_001478	XP_001889669.1	2
fam_001479	XP_001889676.1	2
fam_001480	XP_001890492.1	2
fam_001481	XP_001890493.1	3
fam_001482	XP_001890494.1	3
fam_001483	XP_001890496.1	3
fam_001484	XP_001890501.1	2
fam_001485	XP_001890502.1	2
fam_001486	XP_001890503.1	3
fam_001487	XP_001890505.1	3
fam_001488	XP_001890518.1	2
fam_001489	XP_001890520.1	3
fam_001490	XP_001890523.1	2
fam_001491	XP_001890524.1	2
fam_001492	XP_001890525.1	2
fam_001493	XP_001890526.1	2
fam_001494	XP_001890529.1	2
fam_001495	XP_001890530.1	2
fam_001496	XP_001890540.1	2
fam_001497	XP_001890543.1	2
fam_001498	XP_001890544.1	1
fam_001499	XP_001890429.1	1
fam_001500	XP_001890545.1	2
fam_001501	XP_001890547.1	5
fam_001502	XP_001890548.1	2
fam_001503	XP_001890552.1	2
fam_001504	XP_001890560.1	2
fam_001505	XP_001890563.1	3
fam_001506	XP_001890564.1	2
fam_001507	XP_001890569.1	3
fam_001508	XP_001890570.1	2
fam_001509	XP_001890578.1	2
fam_001510	XP_001890583.1	2
fam_001511	XP_001890587.1	2
fam_001512	XP_001829092.1	4
fam_001513	XP_001829093.1	2
fam_001514	XP_001829104.2	4
fam_001515	XP_001829114.2	3
fam_001516	XP_001829122.2	4
fam_001517	XP_001829127.2	2
fam_001518	XP_001829136.2	3
fam_001519	XP_001829141.2	2
fam_001520	XP_001829142.1	3
fam_001521	XP_001829145.1	4
fam_001522	XP_001829154.1	4
fam_001523	XP_001829156.1	3
fam_001524	XP_001829161.1	4
fam_001525	XP_001829163.1	4
fam_001526	XP_001829172.2	3
fam_001527	XP_001829175.2	3
fam_001528	XP_001829179.1	2
fam_001529	XP_001829180.2	3
fam_001530	XP_001829186.2	3
fam_001531	XP_001829190.2	3
fam_001532	XP_001829193.2	3
fam_001533	XP_001829195.1	3
fam_001534	XP_001829203.2	4
fam_001535	XP_001831222.2	2
fam_001536	XP_001831223.1	4
fam_001537	XP_001831228.2	2
fam_001538	XP_001831252.2	2
fam_001539	XP_001831253.1	4
fam_001540	XP_001831258.1	2
fam_001541	XP_001831270.2	3
fam_001542	XP_001831274.2	2
fam_001543	XP_001831279.2	4
fam_001544	XP_001831281.1	5
fam_001545	XP_001831288.2	4
fam_001546	XP_001831292.2	3
fam_001547	XP_001831295.2	9
fam_001548	XP_001831299.2	3
fam_001549	XP_001831302.2	3
fam_001550	XP_001831309.2	3
fam_001551	XP_001831310.2	4
fam_001552	XP_001831317.2	4
fam_001553	XP_001831318.2	4
fam_001554	XP_001831325.2	4
fam_001555	XP_001833157.1	4
fam_001556	XP_001833165.1	3
fam_001557	XP_001833166.2	3
fam_001558	XP_001833177.1	2
fam_001559	XP_001833179.2	2
fam_001560	XP_001833187.2	7
fam_001561	XP_001833189.2	3
fam_001562	XP_001833198.2	2
fam_001563	XP_001833207.2	3
fam_001564	XP_001833208.2	4
fam_001565	XP_001833216.1	4
fam_001566	XP_001833221.2	2
fam_001567	XP_001833223.1	4
fam_001568	XP_001833224.1	4
fam_001569	XP_001833229.2	4
fam_001570	XP_001833237.2	4
fam_001571	XP_001833239.1	3
fam_001572	XP_001833250.1	3
fam_001573	XP_001833254.1	3
fam_001574	XP_001833255.2	4
fam_001575	XP_001833270.1	4
fam_001576	XP_001833271.2	3
fam_001577	XP_001836408.2	4
fam_001578	XP_001836410.1	4
fam_001579	XP_001836413.2	3
fam_001580	XP_001836421.2	6
fam_001581	XP_001836423.2	2
fam_001582	XP_001836424.1	3
fam_001583	XP_001836427.2	4
fam_001584	XP_001836430.2	4
fam_001585	XP_001836439.2	3
fam_001586	XP_001836443.2	4
fam_001587	XP_001836449.2	3
fam_001588	XP_001836455.2	3
fam_001589	XP_001836457.2	2
fam_001590	XP_001836475.2	2
fam_001591	XP_001836488.2	4
fam_001592	XP_001836493.2	3
fam_001593	XP_001839868.1	1
fam_001594	XP_001828166.1	1
fam_001595	XP_001839870.2	2
fam_001596	XP_001839878.1	4
fam_001597	XP_001839879.2	2
fam_001598	XP_001839899.1	4
fam_001599	XP_001839900.1	7
fam_001600	XP_001839912.2	2
fam_001601	XP_001839916.2	2
fam_001602	XP_001839929.1	2
fam_001603	XP_001839951.2	2
fam_001604	XP_001839954.1	3
fam_001605	XP_001839965.2	2
fam_001606	XP_001839981.2	17
fam_001607	XP_002911872.1	3
fam_001608	XP_002911878.1	3
fam_001609	XP_002911914.1	2
fam_001610	XP_002911915.1	3
fam_001611	XP_002911916.1	6
fam_001612	XP_002911918.1	2
fam_001613	XP_002911920.1	4
fam_001614	XP_002911921.1	2
fam_001615	XP_002911938.1	2
fam_001616	XP_002911955.1	2
fam_001617	XP_002911959.1	7
fam_001618	XP_003029575.1	6
fam_001619	XP_003029580.1	2
fam_001620	XP_003029587.1	2
fam_001621	XP_003029594.1	3
fam_001622	XP_003029611.1	2
fam_001623	XP_003029615.1	3
fam_001624	XP_003029620.1	5
fam_001625	XP_003029630.1	2
fam_001626	XP_003029633.1	3
fam_001627	XP_003029638.1	4
fam_001628	XP_003029641.1	4
fam_001629	XP_003029647.2	2
fam_001630	XP_003029652.1	4
fam_001631	XP_003029655.1	4
fam_001632	XP_003029659.1	8
fam_001633	XP_003029660.1	4
fam_001634	XP_003029668.1	3
fam_001635	XP_003029671.2	5
fam_001636	XP_003029678.1	12
fam_001637	XP_003029689.1	4
fam_001638	XP_003029696.1	3
fam_001639	XP_003029703.1	3
fam_001640	XP_003029704.1	2
fam_001641	XP_003033394.1	3
fam_001642	XP_003033396.1	2
fam_001643	XP_003033401.1	2
fam_001644	XP_003033406.1	3
fam_001645	XP_003033408.1	4
fam_001646	XP_003033410.1	2
fam_001647	XP_003033413.1	2
fam_001648	XP_003030008.1	1
fam_001649	XP_003033422.1	2
fam_001650	XP_003033426.1	4
fam_001651	XP_003033438.1	2
fam_001652	XP_003033475.1	4
fam_001653	XP_003033482.2	3
fam_001654	XP_003033486.1	4
fam_001655	XP_003033496.1	3
fam_001656	XP_003033504.1	4
fam_001657	XP_003033512.1	3
fam_001658	XP_003037369.1	4
fam_001659	XP_003037383.1	2
fam_001660	XP_003037389.1	3
fam_001661	XP_003037392.2	4
fam_001662	XP_003037400.1	2
fam_001663	XP_003037401.1	4
fam_001664	XP_003037406.1	3
fam_001665	XP_003037422.1	3
fam_001666	XP_003037423.1	9
fam_001667	XP_003037424.1	4
fam_001668	XP_003037426.1	2
fam_001669	XP_003037429.1	4
fam_001670	XP_003037431.1	6
fam_001671	XP_003037433.1	2
fam_001672	XP_003037437.1	4
fam_001673	XP_003037450.1	2
fam_001674	XP_003037459.2	2
fam_001675	XP_003037460.1	2
fam_001676	XP_003037461.2	4
fam_001677	XP_003037471.1	3
fam_001678	XP_003037478.1	4
fam_001679	XP_003037487.1	3
fam_001680	XP_050198837.1	2
fam_001681	XP_050198855.1	4
fam_001682	XP_050198877.1	4
fam_001683	XP_050198887.1	4
fam_001684	XP_050198900.1	4
fam_001685	XP_050198901.1	3
fam_001686	XP_050198918.1	2
fam_001687	XP_050198920.1	3
fam_001688	XP_050198926.1	2
fam_001689	XP_050201629.1	3
fam_001690	XP_050201633.1	3
fam_001691	XP_050201641.1	3
fam_001692	XP_050201660.1	4
fam_001693	XP_050201676.1	2
fam_001694	XP_050201683.1	2
fam_001695	XP_050201684.1	2
fam_001696	XP_050201694.1	2
fam_001697	XP_050201698.1	2
fam_001698	XP_003034448.1	1
fam_001699	XP_050201699.1	3
fam_001700	XP_050201710.1	4
fam_001701	XP_050201716.1	4
fam_001702	XP_050201723.1	3
fam_001703	XP_050201727.1	4
fam_001704	XP_007325309.1	4
fam_001705	XP_007325325.1	2
fam_001706	XP_007325333.1	4
fam_001707	XP_007325334.1	4
fam_001708	XP_007325336.1	4
fam_001709	XP_007325337.1	25
fam_001710	XP_007325340.1	3
fam_001711	XP_007325358.1	3
fam_001712	XP_007325359.1	4
fam_001713	XP_007325362.1	2
fam_001714	XP_007325364.1	4
fam_001715	XP_007325365.1	4
fam_001716	XP_007325369.1	4
fam_001717	XP_007325371.1	3
fam_001718	XP_007325379.1	4
fam_001719	XP_007325386.1	4
fam_001720	XP_007325387.1	4
fam_001721	XP_007325390.1	4
fam_001722	XP_007325398.1	3
fam_001723	XP_007325404.1	2
fam_001724	XP_007330411.1	2
fam_001725	XP_007330415.1	4
fam_001726	XP_007330416.1	4
fam_001727	XP_007330420.1	3
fam_001728	XP_007330436.1	2
fam_001729	XP_007330438.1	8
fam_001730	XP_007330451.1	4
fam_001731	XP_007330454.1	4
fam_001732	XP_007330456.1	5
fam_001733	XP_007330476.1	3
fam_001734	XP_007330479.1	4
fam_001735	XP_007330482.1	4
fam_001736	XP_007330493.1	5
fam_001737	XP_007330501.1	2
fam_001738	XP_007330502.1	4
fam_001739	XP_007330505.1	4
fam_001740	XP_007333616.1	2
fam_001741	XP_007333620.1	2
fam_001742	XP_007333631.1	2
fam_001743	XP_007333654.1	3
fam_001744	XP_007333655.1	3
fam_001745	XP_007333656.1	3
fam_001746	XP_007333671.1	17
fam_001747	XP_007333674.1	2
fam_001748	XP_007333678.1	4
fam_001749	XP_007333680.1	3
fam_001750	XP_007333682.1	4
fam_001751	XP_007333683.1	4
fam_001752	XP_007333694.1	3
fam_001753	XP_007333696.1	4
fam_001754	XP_007333701.1	4
fam_001755	XP_001873894.1	3
fam_001756	XP_001873898.1	4
fam_001757	XP_001873901.1	2
fam_001758	XP_001873905.1	4
fam_001759	XP_001873914.1	3
fam_001760	XP_001873915.1	3
fam_001761	XP_001873917.1	4
fam_001762	XP_001873919.1	4
fam_001763	XP_001873922.1	2
fam_001764	XP_001873928.1	3
fam_001765	XP_001873937.1	3
fam_001766	XP_001873939.1	4
fam_001767	XP_001873941.1	7
fam_001768	XP_001873943.1	4
fam_001769	XP_001873944.1	3
fam_001770	XP_001873945.1	3
fam_001771	XP_001873956.1	2
fam_001772	XP_001873957.1	2
fam_001773	XP_001873959.1	3
fam_001774	XP_001873961.1	4
fam_001775	XP_001873962.1	3
fam_001776	XP_001873965.1	4
fam_001777	XP_001873968.1	11
fam_001778	XP_001873969.1	2
fam_001779	XP_001873970.1	3
fam_001780	XP_001873972.1	3
fam_001781	XP_001873976.1	4
fam_001782	XP_001873983.1	3
fam_001783	XP_001873985.1	3
fam_001784	XP_001877189.1	4
fam_001785	XP_001877195.1	3
fam_001786	XP_001877200.1	4
fam_001787	XP_001877201.1	3
fam_001788	XP_001877204.1	3
fam_001789	XP_001877206.1	4
fam_001790	XP_001877211.1	4
fam_001791	XP_001877212.1	3
fam_001792	XP_001877219.1	4
fam_001793	XP_001877222.1	4
fam_001794	XP_001877224.1	4
fam_001795	XP_001877232.1	2
fam_001796	XP_001877237.1	2
fam_001797	XP_001877245.1	6
fam_001798	XP_001877246.1	2
fam_001799	XP_001877251.1	2
fam_001800	XP_001877255.1	7
fam_001801	XP_001877256.1	4
fam_001802	XP_001877264.1	4
fam_001803	XP_001880386.1	4
fam_001804	XP_001880387.1	6
fam_001805	XP_001880389.1	3
fam_001806	XP_001880397.1	7
fam_001807	XP_001880402.1	4
fam_001808	XP_001880403.1	4
fam_001809	XP_001880407.1	3
fam_001810	XP_001880410.1	3
fam_001811	XP_001880411.1	3
fam_001812	XP_001880413.1	3
fam_001813	XP_001880414.1	5
fam_001814	XP_001880424.1	3
fam_001815	XP_001880425.1	4
fam_001816	XP_001880429.1	4
fam_001817	XP_001880430.1	4
fam_001818	XP_001880438.1	2
fam_001819	XP_001880442.1	4
fam_001820	XP_001880448.1	2
fam_001821	XP_001880449.1	4
fam_001822	XP_001880455.1	3
fam_001823	XP_001880458.1	2
fam_001824	XP_001880459.1	3
fam_001825	XP_050203085.1	2
fam_001826	XP_050203087.1	2
fam_001827	XP_050203107.1	2
fam_001828	XP_050203111.1	3
fam_001829	XP_050203114.1	3
fam_001830	XP_050203117.1	3
fam_001831	XP_050203119.1	3
fam_001832	XP_050203120.1	2
fam_001833	XP_050203125.1	2
fam_001834	XP_007325013.1	4
fam_001835	XP_007325018.1	4
fam_001836	XP_007325024.1	4
fam_001837	XP_007325030.1	4
fam_001838	XP_007325041.1	2
fam_001839	XP_007325042.1	4
fam_001840	XP_007325050.1	3
fam_001841	XP_007325058.1	3
fam_001842	XP_007325071.1	4
fam_001843	XP_007325078.1	4
fam_001844	XP_007325083.1	3
fam_001845	XP_007325088.1	4
fam_001846	XP_007325089.1	3
fam_001847	XP_007325095.1	4
fam_001848	XP_007325096.1	2
fam_001849	XP_007325098.1	4
fam_001850	XP_007325104.1	9
fam_001851	XP_007325107.1	3
fam_001852	XP_007329809.1	3
fam_001853	XP_007329821.1	4
fam_001854	XP_007329824.1	4
fam_001855	XP_007329825.1	3
fam_001856	XP_007329828.1	23
fam_001857	XP_007329837.1	3
fam_001858	XP_007329838.1	3
fam_001859	XP_007329841.1	2
fam_001860	XP_007329848.1	1
fam_001861	XP_007329839.1	1
fam_001862	XP_007329858.1	3
fam_001863	XP_007329860.1	4
fam_001864	XP_007329877.1	2
fam_001865	XP_007329879.1	4
fam_001866	XP_007329900.1	12
fam_001867	XP_007329903.1	3
fam_001868	XP_007329904.1	4
fam_001869	XP_007333414.1	24
fam_001870	XP_007333419.1	3
fam_001871	XP_007333420.1	18
fam_001872	XP_007333423.1	8
fam_001873	XP_007333425.1	2
fam_001874	XP_007333428.1	14
fam_001875	XP_007333430.1	3
fam_001876	XP_007333432.1	6
fam_001877	XP_007333436.1	10
fam_001878	XP_007333447.1	3
fam_001879	XP_007333468.1	4
fam_001880	XP_007333472.1	5
fam_001881	XP_007333487.1	3
fam_001882	XP_007333488.1	4
fam_001883	XP_007333490.1	3
fam_001884	XP_007333495.1	3
fam_001885	XP_001873787.1	4
fam_001886	XP_001873788.1	2
fam_001887	XP_001873794.1	4
fam_001888	XP_001873797.1	4
fam_001889	XP_001873801.1	3
fam_001890	XP_001873808.1	2
fam_001891	XP_001873811.1	3
fam_001892	XP_001873814.1	4
fam_001893	XP_001873816.1	4
fam_001894	XP_001873817.1	2
fam_001895	XP_001873825.1	2
fam_001896	XP_001873827.1	3
fam_001897	XP_001873833.1	4
fam_001898	XP_001873845.1	8
fam_001899	XP_001873846.1	3
fam_001900	XP_001873848.1	2
fam_001901	XP_001873849.1	2
fam_001902	XP_001873850.1	4
fam_001903	XP_001873852.1	3
fam_001904	XP_001873855.1	2
fam_001905	XP_001873857.1	3
fam_001906	XP_001873863.1	4
fam_001907	XP_001873864.1	2
fam_001908	XP_001873865.1	7
fam_001909	XP_001873881.1	10
fam_001910	XP_001873883.1	3
fam_001911	XP_001873884.1	4
fam_001912	XP_001873885.1	2
fam_001913	XP_001876688.1	2
fam_001914	XP_001876700.1	3
fam_001915	XP_001876708.1	4
fam_001916	XP_001876712.1	3
fam_001917	XP_001876713.1	2
fam_001918	XP_001876716.1	3
fam_001919	XP_001876717.1	3
fam_001920	XP_001876718.1	4
fam_001921	XP_001876720.1	4
fam_001922	XP_001876725.1	4
fam_001923	XP_001876728.1	2
fam_001924	XP_001876737.1	17
fam_001925	XP_001876745.1	8
fam_001926	XP_001876749.1	2
fam_001927	XP_001876750.1	3
fam_001928	XP_001876753.1	3
fam_001929	XP_001876756.1	3
fam_001930	XP_001876758.1	4
fam_001931	XP_001876762.1	4
fam_001932	XP_001876765.1	4
fam_001933	XP_001876766.1	3
fam_001934	XP_001876774.1	3
fam_001935	XP_001876775.1	4
fam_001936	XP_001876779.1	3
fam_001937	XP_001876780.1	3
fam_001938	XP_001876784.1	3
fam_001939	XP_001879891.1	3
fam_001940	XP_001879899.1	2
fam_001941	XP_001879909.1	2
fam_001942	XP_001879932.1	2
fam_001943	XP_001879950.1	2
fam_001944	XP_001879952.1	7
fam_001945	XP_001879953.1	2
fam_001946	XP_001879955.1	2
fam_001947	XP_001879957.1	5
fam_001948	XP_001879960.1	1
fam_001949	XP_001879681.1	1
fam_001950	XP_001879962.1	3
fam_001951	XP_001879963.1	4
fam_001952	XP_001879965.1	2
fam_001953	XP_001879966.1	4
fam_001954	XP_001879967.1	14
fam_001955	XP_001879969.1	4
fam_001956	XP_001879972.1	3
fam_001957	XP_001879974.1	3
fam_001958	XP_001879979.1	4
fam_001959	XP_001879980.1	3
fam_001960	XP_001891297.1	5
fam_001961	XP_001891298.1	3
fam_001962	XP_001891301.1	1
fam_001963	XP_001881447.1	1
fam_001964	XP_001891302.1	2
fam_001965	XP_001891305.1	1
fam_001966	XP_001888121.1	1
fam_001967	XP_001891307.1	2
fam_001968	XP_001891311.1	2
fam_001969	XP_001891362.1	1
fam_001970	XP_001891215.1	1
fam_001971	XP_001828139.2	2
fam_001972	XP_001828147.2	2
fam_001973	XP_001832306.2	2
fam_001974	XP_001832328.2	2
fam_001975	XP_001832337.2	4
fam_001976	XP_001832339.1	4
fam_001977	XP_001832341.1	10
fam_001978	XP_001832342.2	2
fam_001979	XP_001832345.2	2
fam_001980	XP_001832368.1	2
fam_001981	XP_001832384.1	16
fam_001982	XP_001832410.2	3
fam_001983	XP_001835778.1	4
fam_001984	XP_001835783.1	2
fam_001985	XP_001835799.1	2
fam_001986	XP_001835800.2	4
fam_001987	XP_001835814.2	4
fam_001988	XP_001835820.1	4
fam_001989	XP_001835834.2	3
fam_001990	XP_001835841.2	3
fam_001991	XP_001835843.2	4
fam_001992	XP_001835846.2	4
fam_001993	XP_001835865.2	2
fam_001994	XP_001835870.2	4
fam_001995	XP_001835876.1	3
fam_001996	XP_001835886.2	4
fam_001997	XP_001838399.2	4
fam_001998	XP_001838417.2	2
fam_001999	XP_001838438.2	4
fam_002000	XP_001838444.2	4
fam_002001	XP_001838448.1	4
fam_002002	XP_001838455.2	4
fam_002003	XP_001838461.2	3
fam_002004	XP_001838499.1	4
fam_002005	XP_001838511.1	3
fam_002006	XP_001838515.2	4
fam_002007	XP_001838524.1	9
fam_002008	XP_002911013.1	3
fam_002009	XP_002911014.1	3
fam_002010	XP_002911016.1	3
fam_002011	XP_002911025.1	2
fam_002012	XP_002911030.1	2
fam_002013	XP_002911047.1	8
fam_002014	XP_002911050.1	2
fam_002015	XP_002911058.1	6
fam_002016	XP_002911061.1	3
fam_002017	XP_003027566.1	4
fam_002018	XP_003027569.1	16
fam_002019	XP_003027584.1	4
fam_002020	XP_003027586.2	2
fam_002021	XP_050198005.1	1
fam_002022	XP_003027594.1	19
fam_002023	XP_003027600.1	4
fam_002024	XP_003027607.1	3
fam_002025	XP_003027609.1	8
fam_002026	XP_003027610.1	4
fam_002027	XP_003027616.1	3
fam_002028	XP_003027617.1	2
fam_002029	XP_003027619.1	5
fam_002030	XP_003027620.1	31
fam_002031	XP_003027622.1	8
fam_002032	XP_003027641.2	7
fam_002033	XP_003027643.1	4
fam_002034	XP_003027644.1	7
fam_002035	XP_003027648.1	4
fam_002036	XP_003027651.1	6
fam_002037	XP_003027666.1	5
fam_002038	XP_003027667.2	6
fam_002039	XP_003027668.1	6
fam_002040	XP_003027685.1	2
fam_002041	XP_003027699.1	2
fam_002042	XP_003032707.2	3
fam_002043	XP_003032720.1	4
fam_002044	XP_003032752.1	1
fam_002045	XP_003032304.1	1
fam_002046	XP_003032758.1	2
fam_002047	XP_003032772.1	5
fam_002048	XP_050201145.1	1
fam_002049	XP_003032775.1	2
fam_002050	XP_003032792.2	4
fam_002051	XP_003032799.1	4
fam_002052	XP_003032805.1	4
fam_002053	XP_003032806.1	7
fam_002054	XP_003032809.1	5
fam_002055	XP_003032812.1	2
fam_002056	XP_003032818.1	4
fam_002057	XP_003032821.1	12
fam_002058	XP_003032823.1	18
fam_002059	XP_003032835.1	3
fam_002060	XP_003037927.1	4
fam_002061	XP_003037929.1	3
fam_002062	XP_003037936.1	4
fam_002063	XP_003037937.1	4
fam_002064	XP_003037948.1	3
fam_002065	XP_003037960.1	4
fam_002066	XP_003037961.2	4
fam_002067	XP_003037967.1	2
fam_002068	XP_003037969.1	2
fam_002069	XP_003037982.2	2
fam_002070	XP_003037990.1	3
fam_002071	XP_003037992.1	4
fam_002072	XP_003037994.1	4
fam_002073	XP_003038021.1	4
fam_002074	XP_003038029.2	3
fam_002075	XP_003038063.2	2
fam_002076	XP_050199033.1	2
fam_002077	XP_050199034.1	1
fam_002078	XP_003030341.1	1
fam_002079	XP_050199048.1	1
fam_002080	XP_050200025.1	1
fam_002081	XP_050203062.1	1
fam_002082	XP_050199056.1	2
fam_002083	XP_050199058.1	4
fam_002084	XP_050199087.1	2
fam_002085	XP_050199103.1	2
fam_002086	XP_050199113.1	2
fam_002087	XP_050199118.1	2
fam_002088	XP_050199120.1	4
fam_002089	XP_050199125.1	4
fam_002090	XP_050199126.1	4
fam_002091	XP_050202330.1	3
fam_002092	XP_050202331.1	2
fam_002093	XP_050202343.1	8
fam_002094	XP_050202351.1	1
fam_002095	XP_050202350.1	1
fam_002096	XP_050202353.1	4
fam_002097	XP_050202360.1	3
fam_002098	XP_050202368.1	4
fam_002099	XP_050202369.1	3
fam_002100	XP_050202374.1	4
fam_002101	XP_050202397.1	1
fam_002102	XP_003038497.2	1
fam_002103	XP_050202398.1	7
fam_002104	XP_050202400.1	8
fam_002105	XP_050202404.1	3
fam_002106	XP_050202406.1	4
fam_002107	XP_050202416.1	4
fam_002108	XP_050202425.1	3
fam_002109	XP_007331908.1	3
fam_002110	XP_007331909.1	5
fam_002111	XP_007331910.1	2
fam_002112	XP_007331923.1	4
fam_002113	XP_007331934.1	11
fam_002114	XP_007331941.1	3
fam_002115	XP_007331947.1	6
fam_002116	XP_007331948.1	5
fam_002117	XP_007331950.1	1
fam_002118	XP_007331949.1	1
fam_002119	XP_007331956.1	7
fam_002120	XP_007331961.1	2
fam_002121	XP_007331965.1	2
fam_002122	XP_007331968.1	2
fam_002123	XP_007331973.1	3
fam_002124	XP_007331997.1	4
fam_002125	XP_007332001.1	2
fam_002126	XP_007335114.1	3
fam_002127	XP_007335120.1	8
fam_002128	XP_007335123.1	1
fam_002129	XP_007330166.1	3
fam_002130	XP_007335144.1	2
fam_002131	XP_007335151.1	5
fam_002132	XP_007335166.1	2
fam_002133	XP_007335194.1	1
fam_002134	XP_007335175.1	1
fam_002135	XP_007333215.1	1
fam_002136	XP_007335178.1	1
fam_002137	XP_007331375.1	2
fam_002138	XP_007335183.1	2
fam_002139	XP_007335189.1	63
fam_002140	XP_007335196.1	17
fam_002141	XP_007335208.1	2
fam_002142	XP_001875290.1	3
fam_002143	XP_001875291.1	4
fam_002144	XP_001875293.1	4
fam_002145	XP_001875295.1	2
fam_002146	XP_001875296.1	3
fam_002147	XP_001875301.1	3
fam_002148	XP_001875303.1	4
fam_002149	XP_001875305.1	3
fam_002150	XP_001875314.1	3
fam_002151	XP_001875325.1	2
fam_002152	XP_001875334.1	5
fam_002153	XP_001875344.1	3
fam_002154	XP_001875350.1	3
fam_002155	XP_001875356.1	5
fam_002156	XP_001875357.1	2
fam_002157	XP_001875358.1	4
fam_002158	XP_001875359.1	3
fam_002159	XP_001875361.1	3
fam_002160	XP_001875362.1	4
fam_002161	XP_001875366.1	4
fam_002162	XP_001875372.1	3
fam_002163	XP_001875373.1	4
fam_002164	XP_001875377.1	4
fam_002165	XP_001875378.1	4
fam_002166	XP_001877394.1	4
fam_002167	XP_001877395.1	2
fam_002168	XP_001877399.1	3
fam_002169	XP_001877407.1	4
fam_002170	XP_007324910.1	2
fam_002171	XP_007324913.1	4
fam_002172	XP_007324916.1	4
fam_002173	XP_007324917.1	3
fam_002174	XP_007324918.1	4
fam_002175	XP_007324932.1	2
fam_002176	XP_007324936.1	2
fam_002177	XP_007324937.1	4
fam_002178	XP_007324940.1	3
fam_002179	XP_007324941.1	4
fam_002180	XP_007324945.1	4
fam_002181	XP_007324946.1	2
fam_002182	XP_007324951.1	3
fam_002183	XP_007324961.1	3
fam_002184	XP_007324968.1	2
fam_002185	XP_007324969.1	4
fam_002186	XP_007324973.1	2
fam_002187	XP_007324976.1	4
fam_002188	XP_007324977.1	4
fam_002189	XP_007324978.1	4
fam_002190	XP_007324985.1	2
fam_002191	XP_007324988.1	2
fam_002192	XP_007324991.1	3
fam_002193	XP_007325002.1	7
fam_002194	XP_007325003.1	4
fam_002195	XP_007330320.1	3
fam_002196	XP_007330321.1	3
fam_002197	XP_007330324.1	2
fam_002198	XP_007330326.1	4
fam_002199	XP_007330331.1	12
fam_002200	XP_007330333.1	4
fam_002201	XP_007330335.1	4
fam_002202	XP_007330345.1	3
fam_002203	XP_007330349.1	2
fam_002204	XP_007330352.1	4
fam_002205	XP_007330357.1	3
fam_002206	XP_007330365.1	5
fam_002207	XP_007330369.1	4
fam_002208	XP_007330370.1	3
fam_002209	XP_007330371.1	3
fam_002210	XP_007330376.1	3
fam_002211	XP_007330384.1	4
fam_002212	XP_007330387.1	4
fam_002213	XP_007330392.1	3
fam_002214	XP_007330396.1	4
fam_002215	XP_007330400.1	4
fam_002216	XP_007333709.1	4
fam_002217	XP_007333714.1	4
fam_002218	XP_007333720.1	5
fam_002219	XP_007333724.1	8
fam_002220	XP_007333727.1	4
fam_002221	XP_007333729.1	4
fam_002222	XP_007333731.1	3
fam_002223	XP_007333732.1	3
fam_002224	XP_007333745.1	7
fam_002225	XP_007333747.1	4
fam_002226	XP_007333751.1	2
fam_002227	XP_007333762.1	3
fam_002228	XP_007333765.1	3
fam_002229	XP_007333768.1	4
fam_002230	XP_007333769.1	3
fam_002231	XP_007333775.1	2
fam_002232	XP_007333779.1	2
fam_002233	XP_007333781.1	5
fam_002234	XP_007333787.1	4
fam_002235	XP_007333799.1	36
fam_002236	XP_007333800.1	11
fam_002237	XP_007333801.1	4
fam_002238	XP_001874097.1	2
fam_002239	XP_001874109.1	5
fam_002240	XP_001874113.1	2
fam_002241	XP_001874115.1	4
fam_002242	XP_001874122.1	4
fam_002243	XP_001874123.1	2
fam_002244	XP_001874129.1	4
fam_002245	XP_001874130.1	6
fam_002246	XP_001874135.1	4
fam_002247	XP_001874139.1	4
fam_002248	XP_001874141.1	2
fam_002249	XP_001874144.1	4
fam_002250	XP_001874145.1	4
fam_002251	XP_001874146.1	22
fam_002252	XP_001874164.1	3
fam_002253	XP_001874166.1	4
fam_002254	XP_001877295.1	1
fam_002255	XP_001886676.1	1
fam_002256	XP_001877307.1	4
fam_002257	XP_001877314.1	2
fam_002258	XP_001877316.1	3
fam_002259	XP_001877318.1	2
fam_002260	XP_001877319.1	2
fam_002261	XP_001877323.1	3
fam_002262	XP_001877327.1	4
fam_002263	XP_001877328.1	4
fam_002264	XP_001877333.1	5
fam_002265	XP_001877336.1	3
fam_002266	XP_001877338.1	4
fam_002267	XP_001877341.1	2
fam_002268	XP_001877349.1	4
fam_002269	XP_001877361.1	4
fam_002270	XP_001877363.1	5
fam_002271	XP_001877365.1	4
fam_002272	XP_001877368.1	3
fam_002273	XP_001877374.1	4
fam_002274	XP_001877377.1	4
fam_002275	XP_001877378.1	4
fam_002276	XP_001877379.1	3
fam_002277	XP_001877380.1	3
fam_002278	XP_001877381.1	4
fam_002279	XP_001877385.1	4
fam_002280	XP_001880488.1	3
fam_002281	XP_001880506.1	3
fam_002282	XP_001880511.1	3
fam_002283	XP_001880528.1	2
fam_002284	XP_001880532.1	2
fam_002285	XP_001880543.1	2
fam_002286	XP_001880568.1	2
fam_002287	XP_001880573.1	4
fam_002288	XP_001880575.1	3
fam_002289	XP_001882594.1	1
fam_002290	XP_001890966.1	1
fam_002291	XP_001882599.1	5
fam_002292	XP_001882607.1	3
fam_002293	XP_001882614.1	2
fam_002294	XP_001882648.1	1
fam_002295	XP_001882619.1	5
fam_002296	XP_001882625.1	4
fam_002297	XP_001882626.1	3
fam_002298	XP_001882634.1	2
fam_002299	XP_001882654.1	2
fam_002300	XP_001882662.1	3
fam_002301	XP_001882665.1	3
fam_002302	XP_001882668.1	7
fam_002303	XP_001882676.1	4
fam_002304	XP_001884393.1	4
fam_002305	XP_001884397.1	3
fam_002306	XP_001884400.1	4
fam_002307	XP_001884401.1	4
fam_002308	XP_001884403.1	4
fam_002309	XP_001884404.1	4
fam_002310	XP_001884409.1	4
fam_002311	XP_001884410.1	2
fam_002312	XP_001884415.1	4
fam_002313	XP_001884417.1	2
fam_002314	XP_001884419.1	4
fam_002315	XP_001884427.1	3
fam_002316	XP_001884428.1	2
fam_002317	XP_001884441.1	6
fam_002318	XP_001884446.1	6
fam_002319	XP_001884448.1	4
fam_002320	XP_001884455.1	4
fam_002321	XP_001884465.1	5
fam_002322	XP_001884466.1	2
fam_002323	XP_001884471.1	2
fam_002324	XP_001884472.1	4
fam_002325	XP_001884476.1	2
fam_002326	XP_001889749.1	1
fam_002327	XP_001884477.1	2
fam_002328	XP_001884485.1	4
fam_002329	XP_001885187.1	3
fam_002330	XP_001885200.1	2
fam_002331	XP_001885243.1	6
fam_002332	XP_001885253.1	3
fam_002333	XP_001885254.1	2
fam_002334	XP_001885263.1	9
fam_002335	XP_001885267.1	2
fam_002336	XP_001885271.1	2
fam_002337	XP_001885277.1	4
fam_002338	XP_001885280.1	7
fam_002339	XP_001885283.1	3
fam_002340	XP_001886087.1	7
fam_002341	XP_001886090.1	4
fam_002342	XP_001886093.1	2
fam_002343	XP_001887365.1	1
fam_002344	XP_001886099.1	3
fam_002345	XP_001886100.1	2
fam_002346	XP_001886115.1	2
fam_002347	XP_001886123.1	4
fam_002348	XP_001886131.1	5
fam_002349	XP_001886139.1	2
fam_002350	XP_001886146.1	4
fam_002351	XP_001886166.1	4
fam_002352	XP_001886171.1	2
fam_002353	XP_001886175.1	3
fam_002354	XP_001886181.1	4
fam_002355	XP_001886182.1	2
fam_002356	XP_001886599.1	22
fam_002357	XP_001886603.1	3
fam_002358	XP_001886606.1	4
fam_002359	XP_001886622.1	2
fam_002360	XP_001886629.1	2
fam_002361	XP_001886632.1	8
fam_002362	XP_001886634.1	1
fam_002363	XP_001889590.1	1
fam_002364	XP_001886642.1	2
fam_002365	XP_001886643.1	1
fam_002366	XP_001886647.1	1
fam_002367	XP_001886644.1	2
fam_002368	XP_001886653.1	3
fam_002369	XP_001886654.1	2
fam_002370	XP_001886664.1	1
fam_002371	XP_001887000.1	1
fam_002372	XP_001886670.1	7
fam_002373	XP_001886671.1	4
fam_002374	XP_001887286.1	2
fam_002375	XP_001887304.1	2
fam_002376	XP_001887306.1	4
fam_002377	XP_001887330.1	2
fam_002378	XP_001887337.1	2
fam_002379	XP_001882302.1	1
fam_002380	XP_001887339.1	1
fam_002381	XP_001886051.1	1
fam_002382	XP_001887348.1	7
fam_002383	XP_001887363.1	5
fam_002384	XP_001887366.1	3
fam_002385	XP_001887373.1	4
fam_002386	XP_001887377.1	12
fam_002387	XP_001887384.1	3
fam_002388	XP_001887385.1	4
fam_002389	XP_001888600.1	5
fam_002390	XP_001888602.1	5
fam_002391	XP_001888608.1	3
fam_002392	XP_001888609.1	5
fam_002393	XP_001888613.1	2
fam_002394	XP_001888621.1	7
fam_002395	XP_001888629.1	2
fam_002396	XP_001888636.1	3
fam_002397	XP_001888644.1	4
fam_002398	XP_001888661.1	1
fam_002399	XP_001877595.1	1
fam_002400	XP_001888662.1	4
fam_002401	XP_001888669.1	3
fam_002402	XP_001888672.1	3
fam_002403	XP_001888674.1	2
fam_002404	XP_001888682.1	2
fam_002405	XP_001890188.1	2
fam_002406	XP_001890190.1	2
fam_002407	XP_001890197.1	4
fam_002408	XP_001890199.1	8
fam_002409	XP_001890203.1	4
fam_002410	XP_001890215.1	4
fam_002411	XP_001890217.1	2
fam_002412	XP_001890218.1	2
fam_002413	XP_001890221.1	4
fam_002414	XP_001890226.1	2
fam_002415	XP_001890234.1	3
fam_002416	XP_001890235.1	3
fam_002417	XP_001890239.1	2
fam_002418	XP_001890254.1	3
fam_002419	XP_001890255.1	2
fam_002420	XP_001890264.1	2
fam_002421	XP_001890271.1	2
fam_002422	XP_001890276.1	2
fam_002423	XP_001890277.1	2
fam_002424	XP_001890287.1	2
fam_002425	XP_001829927.1	4
fam_002426	XP_001829939.2	3
fam_002427	XP_001829946.1	4
fam_002428	XP_001829952.1	4
fam_002429	XP_001829954.1	2
fam_002430	XP_001829957.1	8
fam_002431	XP_001829962.1	4
fam_002432	XP_001829973.1	4
fam_002433	XP_001829992.1	1
fam_002434	XP_001829989.2	2
fam_002435	XP_001830000.2	4
fam_002436	XP_001830006.2	16
fam_002437	XP_001830022.1	2
fam_002438	XP_001830049.1	4
fam_002439	XP_001832798.2	2
fam_002440	XP_001832821.2	8
fam_002441	XP_001832827.2	2
fam_002442	XP_001832846.2	5
fam_002443	XP_001832848.1	2
fam_002444	XP_001832851.2	4
fam_002445	XP_001832852.2	8
fam_002446	XP_001832854.2	3
fam_002447	XP_001832856.1	3
fam_002448	XP_001832868.2	2
fam_002449	XP_001832882.2	3
fam_002450	XP_001832887.1	2
fam_002451	XP_001832893.2	1
fam_002452	XP_001832894.2	2
fam_002453	XP_001832898.2	1
fam_002454	XP_001832890.2	1
fam_002455	XP_001832903.1	2
fam_002456	XP_001832907.1	4
fam_002457	XP_001832908.1	3
fam_002458	XP_001832911.2	2
fam_002459	XP_001832916.2	2
fam_002460	XP_001832922.2	11
fam_002461	XP_001836862.2	3
fam_002462	XP_001836895.1	2
fam_002463	XP_001836896.2	4
fam_002464	XP_001836897.2	2
fam_002465	XP_001836898.2	8
fam_002466	XP_001836900.1	4
fam_002467	XP_001836912.1	4
fam_002468	XP_001836913.1	4
fam_002469	XP_001836925.2	2
fam_002470	XP_001836943.2	4
fam_002471	XP_001836946.2	3
fam_002472	XP_001836954.2	4
fam_002473	XP_001836960.2	3
fam_002474	XP_001836962.2	12
fam_002475	XP_001836967.2	2
fam_002476	XP_001836968.2	4
fam_002477	XP_001881600.1	2
fam_002478	XP_001881613.1	2
fam_002479	XP_001881614.1	2
fam_002480	XP_001881615.1	2
fam_002481	XP_001881622.1	3
fam_002482	XP_001881623.1	5
fam_002483	XP_001881634.1	1
fam_002484	XP_001883031.1	1
fam_002485	XP_001881638.1	2
fam_002486	XP_001881640.1	1
fam_002487	XP_001881645.1	1
fam_002488	XP_001881641.1	1
fam_002489	XP_001890582.1	1
fam_002490	XP_001881653.1	3
fam_002491	XP_001881671.1	2
fam_002492	XP_001881676.1	2
fam_002493	XP_001881679.1	2
fam_002494	XP_001881680.1	5
fam_002495	XP_001883996.1	1
fam_002496	XP_001883993.1	1
fam_002497	XP_001883997.1	2
fam_002498	XP_001884021.1	2
fam_002499	XP_001884044.1	2
fam_002500	XP_001884058.1	1
fam_002501	XP_001890832.1	1
fam_002502	XP_001884069.1	3
fam_002503	XP_001884070.1	2
fam_002504	XP_001884071.1	2
fam_002505	XP_001884076.1	2
fam_002506	XP_001884078.1	17
fam_002507	XP_001837673.2	4
fam_002508	XP_001837692.1	3
fam_002509	XP_001837701.2	1
fam_002510	XP_001836789.1	1
fam_002511	XP_001837702.2	4
fam_002512	XP_001837703.2	4
fam_002513	XP_001837717.2	2
fam_002514	XP_001837723.1	3
fam_002515	XP_001837724.1	2
fam_002516	XP_001837727.1	3
fam_002517	XP_001837735.2	5
fam_002518	XP_001837743.1	4
fam_002519	XP_001837764.2	4
fam_002520	XP_001837771.2	4
fam_002521	XP_001837777.1	7
fam_002522	XP_001837779.1	4
fam_002523	XP_001837784.1	4
fam_002524	XP_001837790.2	2
fam_002525	XP_002910268.1	3
fam_002526	XP_002910272.1	2
fam_002527	XP_002910302.1	2
fam_002528	XP_002910307.1	2
fam_002529	XP_002910322.1	6
fam_002530	XP_002910341.1	5
fam_002531	XP_002910355.1	4
fam_002532	XP_003027730.2	15
fam_002533	XP_003027737.2	2
fam_002534	XP_003027747.1	2
fam_002535	XP_003027748.1	2
fam_002536	XP_003027751.1	2
fam_002537	XP_003027757.1	5
fam_002538	XP_003027759.1	3
fam_002539	XP_003027770.1	3
fam_002540	XP_003027771.2	1
fam_002541	XP_003027500.1	1
fam_002542	XP_003027776.1	4
fam_002543	XP_003027778.1	5
fam_002544	XP_003027787.1	5
fam_002545	XP_003027799.1	13
fam_002546	XP_003027821.1	3
fam_002547	XP_003027832.1	2
fam_002548	XP_003032845.1	4
fam_002549	XP_003032853.1	2
fam_002550	XP_003032863.1	4
fam_002551	XP_003032876.1	6
fam_002552	XP_003032915.1	1
fam_002553	XP_003029312.1	1
fam_002554	XP_003032926.1	3
fam_002555	XP_003032934.1	2
fam_002556	XP_003032937.1	4
fam_002557	XP_003032939.1	5
fam_002558	XP_003032942.1	10
fam_002559	XP_003032943.1	2
fam_002560	XP_003032965.2	3
fam_002561	XP_003038337.2	4
fam_002562	XP_003038341.1	7
fam_002563	XP_003038343.1	3
fam_002564	XP_003038357.1	3
fam_002565	XP_003038359.2	4
fam_002566	XP_003038362.1	5
fam_002567	XP_003038381.2	2
fam_002568	XP_003038384.1	3
fam_002569	XP_003038398.1	5
fam_002570	XP_003038401.1	4
fam_002571	XP_003038407.1	4
fam_002572	XP_003038409.1	4
fam_002573	XP_003038413.2	4
fam_002574	XP_003038414.1	4
fam_002575	XP_003038423.2	3
fam_002576	XP_003038431.1	2
fam_002577	XP_003038443.1	3
fam_002578	XP_003038445.1	4
fam_002579	XP_003038452.1	4
fam_002580	XP_003038453.1	9
fam_002581	XP_003038458.1	2
fam_002582	XP_050199839.1	2
fam_002583	XP_050199850.1	3
fam_002584	XP_050199851.1	2
fam_002585	XP_003032296.1	1
fam_002586	XP_050199858.1	2
fam_002587	XP_050199866.1	2
fam_002588	XP_050199893.1	2
fam_002589	XP_003032376.1	1
fam_002590	XP_050199904.1	2
fam_002591	XP_050199908.1	2
fam_002592	XP_050199912.1	4
fam_002593	XP_050199914.1	2
fam_002594	XP_007330208.1	2
fam_002595	XP_007330230.1	2
fam_002596	XP_007330242.1	2
fam_002597	XP_007330247.1	5
fam_002598	XP_007330248.1	6
fam_002599	XP_007330250.1	3
fam_002600	XP_007330252.1	2
fam_002601	XP_007330240.1	1
fam_002602	XP_007330267.1	3
fam_002603	XP_007330268.1	3
fam_002604	XP_007330271.1	21
fam_002605	XP_007330273.1	4
fam_002606	XP_007330277.1	1
fam_002607	XP_007330276.1	1
fam_002608	XP_007330278.1	6
fam_002609	XP_007330294.1	12
fam_002610	XP_007330300.1	2
fam_002611	XP_007330306.1	4
fam_002612	XP_007333512.1	6
fam_002613	XP_007333513.1	4
fam_002614	XP_007333531.1	4
fam_002615	XP_007333534.1	3
fam_002616	XP_007333535.1	3
fam_002617	XP_007333539.1	3
fam_002618	XP_007333544.1	5
fam_002619	XP_007333546.1	3
fam_002620	XP_007333553.1	3
fam_002621	XP_007333555.1	5
fam_002622	XP_007333570.1	2
fam_002623	XP_007333581.1	8
fam_002624	XP_007333582.1	2
fam_002625	XP_007333589.1	57
fam_002626	XP_001873586.1	8
fam_002627	XP_001873594.1	2
fam_002628	XP_001873600.1	2
fam_002629	XP_001873601.1	2
fam_002630	XP_001873608.1	5
fam_002631	XP_001873610.1	4
fam_002632	XP_001873613.1	4
fam_002633	XP_001873614.1	2
fam_002634	XP_001873616.1	4
fam_002635	XP_001873622.1	4
fam_002636	XP_001873623.1	3
fam_002637	XP_001873626.1	4
fam_002638	XP_001873632.1	4
fam_002639	XP_001873633.1	4
fam_002640	XP_001873640.1	3
fam_002641	XP_001873643.1	4
fam_002642	XP_001873645.1	2
fam_002643	XP_001873653.1	3
fam_002644	XP_001873655.1	4
fam_002645	XP_001873657.1	2
fam_002646	XP_001873670.1	5
fam_002647	XP_001873676.1	3
fam_002648	XP_001873677.1	4
fam_002649	XP_001873679.1	3
fam_002650	XP_001876488.1	4
fam_002651	XP_001876494.1	4
fam_002652	XP_001876496.1	2
fam_002653	XP_001876503.1	4
fam_002654	XP_001876517.1	4
fam_002655	XP_001876519.1	4
fam_002656	XP_001876522.1	4
fam_002657	XP_001876524.1	3
fam_002658	XP_001876525.1	3
fam_002659	XP_001876526.1	4
fam_002660	XP_001876537.1	2
fam_002661	XP_001876543.1	4
fam_002662	XP_001876546.1	2
fam_002663	XP_001876547.1	6
fam_002664	XP_001876548.1	2
fam_002665	XP_001876564.1	3
fam_002666	XP_001876566.1	3
fam_002667	XP_001876567.1	3
fam_002668	XP_001876568.1	4
fam_002669	XP_001876572.1	4
fam_002670	XP_001876577.1	2
fam_002671	XP_001876585.1	3
fam_002672	XP_001878690.1	4
fam_002673	XP_001878699.1	2
fam_002674	XP_001878702.1	3
fam_002675	XP_001878704.1	2
fam_002676	XP_001878706.1	3
fam_002677	XP_001878707.1	4
fam_002678	XP_001878711.1	3
fam_002679	XP_001878716.1	3
fam_002680	XP_001878722.1	2
fam_002681	XP_001878724.1	4
fam_002682	XP_001878738.1	6
fam_002683	XP_001878743.1	8
fam_002684	XP_001878751.1	2
fam_002685	XP_001878753.1	2
fam_002686	XP_001878755.1	3
fam_002687	XP_001878760.1	2
fam_002688	XP_001878761.1	4
fam_002689	XP_001878763.1	4
fam_002690	XP_001878767.1	3
fam_002691	XP_001878770.1	2
fam_002692	XP_001878773.1	6
fam_002693	XP_001878779.1	3
fam_002694	XP_001878782.1	8
fam_002695	XP_001881387.1	4
fam_002696	XP_001881389.1	3
fam_002697	XP_001881396.1	4
fam_002698	XP_001881397.1	2
fam_002699	XP_001881399.1	1
fam_002700	XP_001880902.1	1
fam_002701	XP_001881417.1	1
fam_002702	XP_001886517.1	1
fam_002703	XP_001881427.1	5
fam_002704	XP_001881430.1	2
fam_002705	XP_001881432.1	2
fam_002706	XP_001881440.1	2
fam_002707	XP_001881454.1	3
fam_002708	XP_001881459.1	2
fam_002709	XP_001881461.1	2
fam_002710	XP_001881462.1	2
fam_002711	XP_001881479.1	5
fam_002712	XP_001881482.1	5
fam_002713	XP_001829448.1	2
fam_002714	XP_001829450.1	4
fam_002715	XP_001829459.1	2
fam_002716	XP_001829461.2	2
fam_002717	XP_001829462.1	3
fam_002718	XP_001829465.2	6
fam_002719	XP_001829469.2	2
fam_002720	XP_001829472.2	3
fam_002721	XP_001829476.2	3
fam_002722	XP_001829482.1	3
fam_002723	XP_001829483.2	3
fam_002724	XP_001829484.2	5
fam_002725	XP_001829487.1	6
fam_002726	XP_001829489.2	3
fam_002727	XP_001829499.1	2
fam_002728	XP_001829509.2	4
fam_002729	XP_001829528.2	4
fam_002730	XP_001829530.2	3
fam_002731	XP_001829546.2	3
fam_002732	XP_001829549.1	2
fam_002733	XP_001832190.2	4
fam_002734	XP_001832195.2	3
fam_002735	XP_001832200.2	4
fam_002736	XP_001832201.2	5
fam_002737	XP_001832203.1	10
fam_002738	XP_001832224.2	2
fam_002739	XP_001832235.1	3
fam_002740	XP_001832238.2	4
fam_002741	XP_001832253.1	2
fam_002742	XP_001832259.1	2
fam_002743	XP_001832262.1	4
fam_002744	XP_001832268.1	4
fam_002745	XP_001832272.1	2
fam_002746	XP_001832275.2	4
fam_002747	XP_001832276.2	5
fam_002748	XP_001832280.2	3
fam_002749	XP_001832294.2	2
fam_002750	XP_001834904.2	2
fam_002751	XP_001834911.2	3
fam_002752	XP_001834914.2	5
fam_002753	XP_001834915.2	6
fam_002754	XP_001834922.2	2
fam_002755	XP_001834926.2	1
fam_002756	XP_001839042.2	1
fam_002757	XP_001834927.1	3
fam_002758	XP_001834989.2	3
fam_002759	XP_001835017.2	2
fam_002760	XP_001835030.2	7
fam_002761	XP_001835035.2	4
fam_002762	XP_001835039.1	2
fam_002763	XP_001831970.1	5
fam_002764	XP_001831989.2	2
fam_002765	XP_001831995.1	4
fam_002766	XP_001832004.2	1
fam_002767	XP_001831982.2	1
fam_002768	XP_001832005.2	42
fam_002769	XP_001832021.2	2
fam_002770	XP_001832037.2	11
fam_002771	XP_001832042.2	2
fam_002772	XP_001832043.2	3
fam_002773	XP_001832049.1	4
fam_002774	XP_001832059.2	4
fam_002775	XP_001832065.2	2
fam_002776	XP_001834777.1	2
fam_002777	XP_001834786.2	7
fam_002778	XP_001834794.2	2
fam_002779	XP_001834804.1	2
fam_002780	XP_001834812.1	2
fam_002781	XP_001834821.2	5
fam_002782	XP_001834832.1	6
fam_002783	XP_001834839.2	2
fam_002784	XP_001834847.2	3
fam_002785	XP_001834873.2	4
fam_002786	XP_001834884.2	3
fam_002787	XP_001834891.2	2
fam_002788	XP_001834895.1	4
fam_002789	XP_001838659.1	2
fam_002790	XP_001838660.1	2
fam_002791	XP_001838663.1	2
fam_002792	XP_001838668.2	2
fam_002793	XP_001838669.2	2
fam_002794	XP_001838686.2	10
fam_002795	XP_001838689.1	3
fam_002796	XP_001838697.1	3
fam_002797	XP_001838698.2	3
fam_002798	XP_001838702.2	2
fam_002799	XP_001838704.2	4
fam_002800	XP_001838705.1	3
fam_002801	XP_001838707.1	3
fam_002802	XP_001838730.1	2
fam_002803	XP_001838733.1	2
fam_002804	XP_001838755.2	2
fam_002805	XP_001838759.2	3
fam_002806	XP_001838761.2	4
fam_002807	XP_001838769.1	4
fam_002808	XP_002910867.1	3
fam_002809	XP_002910876.1	2
fam_002810	XP_002910884.1	3
fam_002811	XP_002910885.1	3
fam_002812	XP_002910886.1	2
fam_002813	XP_002910888.1	3
fam_002814	XP_002910894.1	4
fam_002815	XP_002910903.1	3
fam_002816	XP_002910920.1	3
fam_002817	XP_002910925.1	4
fam_002818	XP_002910950.1	2
fam_002819	XP_002910955.1	3
fam_002820	XP_003028642.1	6
fam_002821	XP_003028650.1	3
fam_002822	XP_003028661.2	4
fam_002823	XP_003028662.1	1
fam_002824	XP_003028660.1	1
fam_002825	XP_003028664.1	5
fam_002826	XP_003028666.1	3
fam_002827	XP_003028673.1	3
fam_002828	XP_003028675.2	4
fam_002829	XP_003028678.2	2
fam_002830	XP_003028691.1	3
fam_002831	XP_003028695.1	3
fam_002832	XP_003028707.1	4
fam_002833	XP_003028710.1	4
fam_002834	XP_003028711.1	5
fam_002835	XP_003028712.1	2
fam_002836	XP_003028713.1	3
fam_002837	XP_003028723.2	4
fam_002838	XP_003028727.1	4
fam_002839	XP_003028762.2	5
fam_002840	XP_003031897.1	4
fam_002841	XP_003031914.1	3
fam_002842	XP_003031917.1	4
fam_002843	XP_003031921.1	2
fam_002844	XP_003031928.1	9
fam_002845	XP_003031945.1	2
fam_002846	XP_003031959.2	6
fam_002847	XP_003031965.2	2
fam_002848	XP_003031967.1	1
fam_002849	XP_003033589.1	1
fam_002850	XP_003031972.1	3
fam_002851	XP_003031984.1	2
fam_002852	XP_003031991.1	3
fam_002853	XP_003031992.1	3
fam_002854	XP_003031996.1	3
fam_002855	XP_003032004.2	3
fam_002856	XP_003032005.1	3
fam_002857	XP_003036465.1	4
fam_002858	XP_003036469.1	4
fam_002859	XP_003036486.1	3
fam_002860	XP_003036501.1	4
fam_002861	XP_003036503.1	2
fam_002862	XP_003036509.1	2
fam_002863	XP_003036518.2	4
fam_002864	XP_003036520.1	3
fam_002865	XP_003036523.1	4
fam_002866	XP_003036525.2	7
fam_002867	XP_003036530.1	4
fam_002868	XP_003036531.1	2
fam_002869	XP_003036546.1	3
fam_002870	XP_003036549.2	4
fam_002871	XP_003036559.1	5
fam_002872	XP_003036576.1	4
fam_002873	XP_003036579.1	4
fam_002874	XP_050197733.1	4
fam_002875	XP_050197738.1	4
fam_002876	XP_050197750.1	3
fam_002877	XP_050197751.1	2
fam_002878	XP_050197781.1	2
fam_002879	XP_050197803.1	2
fam_002880	XP_050197806.1	7
fam_002881	XP_050197815.1	2
fam_002882	XP_050201229.1	3
fam_002883	XP_050201255.1	4
fam_002884	XP_050201271.1	3
fam_002885	XP_050201273.1	4
fam_002886	XP_050201277.1	5
fam_002887	XP_050201288.1	2
fam_002888	XP_050201292.1	3
fam_002889	XP_050201297.1	2
fam_002890	XP_050201308.1	3
fam_002891	XP_050201309.1	2
fam_002892	XP_050201317.1	4
fam_002893	XP_050201327.1	2
fam_002894	XP_007327411.1	3
fam_002895	XP_007327417.1	9
fam_002896	XP_007327419.1	1
fam_002897	XP_007328833.1	1
fam_002898	XP_007327434.1	4
fam_002899	XP_007327435.1	3
fam_002900	XP_007327440.1	5
fam_002901	XP_007327441.1	2
fam_002902	XP_007327450.1	3
fam_002903	XP_007327452.1	4
fam_002904	XP_007327462.1	19
fam_002905	XP_007327465.1	4
fam_002906	XP_007327476.1	4
fam_002907	XP_007327477.1	3
fam_002908	XP_007327481.1	5
fam_002909	XP_007327482.1	3
fam_002910	XP_007327490.1	9
fam_002911	XP_007327492.1	4
fam_002912	XP_007327493.1	4
fam_002913	XP_007327502.1	2
fam_002914	XP_007327504.1	2
fam_002915	XP_007328713.1	2
fam_002916	XP_007328716.1	5
fam_002917	XP_007328721.1	5
fam_002918	XP_007328722.1	5
fam_002919	XP_007328728.1	3
fam_002920	XP_007328729.1	3
fam_002921	XP_007328731.1	17
fam_002922	XP_007328741.1	4
fam_002923	XP_007328744.1	5
fam_002924	XP_007328745.1	2
fam_002925	XP_007328749.1	3
fam_002926	XP_007328777.1	9
fam_002927	XP_007328779.1	19
fam_002928	XP_007328781.1	12
fam_002929	XP_007328782.1	3
fam_002930	XP_007328785.1	8
fam_002931	XP_007328789.1	36
fam_002932	XP_007328790.1	2
fam_002933	XP_007328797.1	3
fam_002934	XP_007328804.1	4
fam_002935	XP_007332314.1	4
fam_002936	XP_007332337.1	2
fam_002937	XP_007332341.1	3
fam_002938	XP_007332349.1	2
fam_002939	XP_007332355.1	3
fam_002940	XP_007332361.1	8
fam_002941	XP_007332371.1	4
fam_002942	XP_007332392.1	7
fam_002943	XP_007332402.1	3
fam_002944	XP_007332404.1	2
fam_002945	XP_007335719.1	2
fam_002946	XP_007335721.1	2
fam_002947	XP_007335725.1	8
fam_002948	XP_007335733.1	3
fam_002949	XP_007335740.1	2
fam_002950	XP_007335743.1	2
fam_002951	XP_007335754.1	2
fam_002952	XP_007335756.1	2
fam_002953	XP_007335757.1	3
fam_002954	XP_007335760.1	2
fam_002955	XP_007335767.1	2
fam_002956	XP_007335776.1	4
fam_002957	XP_007335777.1	2
fam_002958	XP_007335779.1	3
fam_002959	XP_007335781.1	21
fam_002960	XP_007335789.1	2
fam_002961	XP_007335813.1	24
fam_002962	XP_007335815.1	2
fam_002963	XP_001876095.1	3
fam_002964	XP_001876099.1	3
fam_002965	XP_001876100.1	17
fam_002966	XP_001876101.1	2
fam_002967	XP_001876108.1	2
fam_002968	XP_001876109.1	3
fam_002969	XP_001876112.1	2
fam_002970	XP_001876117.1	3
fam_002971	XP_001876127.1	4
fam_002972	XP_001876132.1	2
fam_002973	XP_001876138.1	4
fam_002974	XP_001876141.1	5
fam_002975	XP_001876144.1	3
fam_002976	XP_001876145.1	5
fam_002977	XP_001876146.1	4
fam_002978	XP_001876149.1	6
fam_002979	XP_001876153.1	4
fam_002980	XP_001876159.1	4
fam_002981	XP_001876161.1	4
fam_002982	XP_001876164.1	2
fam_002983	XP_001876166.1	2
fam_002984	XP_001876171.1	3
fam_002985	XP_001876174.1	4
fam_002986	XP_001879386.1	4
fam_002987	XP_001879395.1	2
fam_002988	XP_001879398.1	5
fam_002989	XP_001879421.1	4
fam_002990	XP_001879430.1	4
fam_002991	XP_001879438.1	2
fam_002992	XP_001879439.1	3
fam_002993	XP_001879440.1	4
fam_002994	XP_001879450.1	2
fam_002995	XP_001879453.1	4
fam_002996	XP_001879454.1	3
fam_002997	XP_001879459.1	2
fam_002998	XP_001879464.1	3
fam_002999	XP_001891089.1	2
fam_003000	XP_001891095.1	2
fam_003001	XP_001891097.1	1
fam_003002	XP_001873737.1	1
fam_003003	XP_001891101.1	2
fam_003004	XP_001891103.1	2
fam_003005	XP_001891104.1	1
fam_003006	XP_001875540.1	1
fam_003007	XP_001891110.1	5
fam_003008	XP_001891122.1	2
fam_003009	XP_001891133.1	2
fam_003010	XP_001891150.1	2
fam_003011	XP_001891151.1	2
fam_003012	XP_001891154.1	2
fam_003013	XP_001891156.1	2
fam_003014	XP_001891158.1	2
fam_003015	XP_001882693.1	1
fam_003016	XP_001891162.1	2
fam_003017	XP_001891167.1	2
fam_003018	XP_001891185.1	2
fam_003019	XP_001891186.1	2
fam_003020	XP_001830976.1	2
fam_003021	XP_001830984.1	2
fam_003022	XP_001830992.2	2
fam_003023	XP_001830993.1	3
fam_003024	XP_001830994.2	8
fam_003025	XP_001830996.2	3
fam_003026	XP_001831001.1	4
fam_003027	XP_001831004.2	2
fam_003028	XP_001831021.2	3
fam_003029	XP_001831024.2	4
fam_003030	XP_001831035.2	2
fam_003031	XP_001831038.2	2
fam_003032	XP_001831048.1	2
fam_003033	XP_001831053.1	2
fam_003034	XP_001831056.2	4
fam_003035	XP_001831064.2	7
fam_003036	XP_001831072.2	2
fam_003037	XP_001831079.1	3
fam_003038	XP_001831090.1	2
fam_003039	XP_001834284.1	3
fam_003040	XP_001834288.2	11
fam_003041	XP_001834293.1	3
fam_003042	XP_001834298.1	2
fam_003043	XP_001834299.2	3
fam_003044	XP_001834309.2	18
fam_003045	XP_001834312.2	4
fam_003046	XP_007325577.1	3
fam_003047	XP_007325578.1	4
fam_003048	XP_007325585.1	4
fam_003049	XP_007325589.1	2
fam_003050	XP_007325596.1	2
fam_003051	XP_007325602.1	3
fam_003052	XP_007325605.1	4
fam_003053	XP_007330715.1	4
fam_003054	XP_007330720.1	4
fam_003055	XP_007330722.1	2
fam_003056	XP_007330730.1	3
fam_003057	XP_007330732.1	9
fam_003058	XP_007330733.1	4
fam_003059	XP_007330741.1	4
fam_003060	XP_007330742.1	2
fam_003061	XP_007330747.1	4
fam_003062	XP_007330749.1	9
fam_003063	XP_007330769.1	2
fam_003064	XP_007330783.1	8
fam_003065	XP_007330785.1	15
fam_003066	XP_007330795.1	4
fam_003067	XP_007330796.1	2
fam_003068	XP_007330799.1	5
fam_003069	XP_007330805.1	14
fam_003070	XP_007330806.1	2
fam_003071	XP_007330807.1	3
fam_003072	XP_007334708.1	5
fam_003073	XP_007334710.1	18
fam_003074	XP_007334712.1	2
fam_003075	XP_007334718.1	4
fam_003076	XP_007334721.1	2
fam_003077	XP_007334725.1	4
fam_003078	XP_007334732.1	2
fam_003079	XP_007334736.1	3
fam_003080	XP_007334747.1	9
fam_003081	XP_007334781.1	3
fam_003082	XP_007334791.1	12
fam_003083	XP_007334803.1	3
fam_003084	XP_007334806.1	2
fam_003085	XP_001874786.1	8
fam_003086	XP_001874788.1	2
fam_003087	XP_001874806.1	8
fam_003088	XP_001874809.1	2
fam_003089	XP_001874812.1	4
fam_003090	XP_001874813.1	3
fam_003091	XP_001874818.1	3
fam_003092	XP_001874819.1	3
fam_003093	XP_001874820.1	4
fam_003094	XP_001874824.1	2
fam_003095	XP_001874830.1	4
fam_003096	XP_001874832.1	4
fam_003097	XP_001874834.1	3
fam_003098	XP_001874842.1	4
fam_003099	XP_001874846.1	2
fam_003100	XP_001874849.1	2
fam_003101	XP_001874853.1	3
fam_003102	XP_001874854.1	4
fam_003103	XP_001874857.1	4
fam_003104	XP_001874859.1	2
fam_003105	XP_001874862.1	4
fam_003106	XP_001874864.1	2
fam_003107	XP_001874865.1	3
fam_003108	XP_001874866.1	4
fam_003109	XP_001874874.1	2
fam_003110	XP_001874876.1	4
fam_003111	XP_001874878.1	4
fam_003112	XP_001874880.1	2
fam_003113	XP_001874882.1	4
fam_003114	XP_001874885.1	2
fam_003115	XP_001877793.1	4
fam_003116	XP_001877797.1	2
fam_003117	XP_001877811.1	4
fam_003118	XP_001877823.1	4
fam_003119	XP_001877834.1	4
fam_003120	XP_001877835.1	3
fam_003121	XP_001877836.1	2
fam_003122	XP_001877841.1	3
fam_003123	XP_001877855.1	1
fam_003124	XP_001888196.1	1
fam_003125	XP_001877856.1	4
fam_003126	XP_001877858.1	2
fam_003127	XP_001877871.1	3
fam_003128	XP_001877872.1	2
fam_003129	XP_001877879.1	2
fam_003130	XP_001877880.1	3
fam_003131	XP_001880594.1	4
fam_003132	XP_001880598.1	3
fam_003133	XP_001880602.1	4
fam_003134	XP_001880610.1	3
fam_003135	XP_001880615.1	5
fam_003136	XP_001880616.1	2
fam_003137	XP_001880617.1	4
fam_003138	XP_001880621.1	2
fam_003139	XP_001880626.1	4
fam_003140	XP_001880627.1	3
fam_003141	XP_001880628.1	4
fam_003142	XP_001880630.1	4
fam_003143	XP_001880642.1	4
fam_003144	XP_001880644.1	1
fam_003145	XP_001880639.1	1
fam_003146	XP_001880647.1	4
fam_003147	XP_001880650.1	4
fam_003148	XP_001880652.1	4
fam_003149	XP_001880656.1	3
fam_003150	XP_001880662.1	3
fam_003151	XP_001880663.1	2
fam_003152	XP_001880667.1	5
fam_003153	XP_001880670.1	4
fam_003154	XP_001880672.1	14
fam_003155	XP_001880673.1	5
fam_003156	XP_001880676.1	2
fam_003157	XP_001880677.1	3
fam_003158	XP_001882704.1	2
fam_003159	XP_001882715.1	1
fam_003160	XP_001890873.1	1
fam_003161	XP_001882730.1	4
fam_003162	XP_001882733.1	4
fam_003163	XP_001882750.1	3
fam_003164	XP_001882753.1	2
fam_003165	XP_001882758.1	4
fam_003166	XP_001882760.1	2
fam_003167	XP_001882765.1	4
fam_003168	XP_001882767.1	4
fam_003169	XP_001882770.1	2
fam_003170	XP_001882776.1	5
fam_003171	XP_001830532.2	4
fam_003172	XP_001830545.2	4
fam_003173	XP_001830549.1	3
fam_003174	XP_001830559.2	4
fam_003175	XP_001830564.2	4
fam_003176	XP_001830565.2	2
fam_003177	XP_001830567.2	3
fam_003178	XP_001830573.2	4
fam_003179	XP_001830582.2	4
fam_003180	XP_001830588.2	4
fam_003181	XP_001830596.1	5
fam_003182	XP_001830599.2	4
fam_003183	XP_001830605.2	4
fam_003184	XP_001830607.1	5
fam_003185	XP_001830610.2	2
fam_003186	XP_001830619.1	3
fam_003187	XP_001830630.1	3
fam_003188	XP_001830631.1	2
fam_003189	XP_001832413.2	4
fam_003190	XP_001832417.2	2
fam_003191	XP_001832419.2	4
fam_003192	XP_001832420.2	3
fam_003193	XP_001832438.1	4
fam_003194	XP_001832448.2	3
fam_003195	XP_001832450.2	2
fam_003196	XP_001832451.2	4
fam_003197	XP_001832454.2	2
fam_003198	XP_001832457.1	2
fam_003199	XP_001832459.1	4
fam_003200	XP_001832468.1	2
fam_003201	XP_001832475.1	2
fam_003202	XP_001832476.1	10
fam_003203	XP_001832480.1	3
fam_003204	XP_001832482.1	10
fam_003205	XP_001832492.1	3
fam_003206	XP_001832493.1	3
fam_003207	XP_001832494.1	4
fam_003208	XP_001832497.2	2
fam_003209	XP_001832498.2	2
fam_003210	XP_001835897.1	4
fam_003211	XP_001835902.2	7
fam_003212	XP_001835912.2	4
fam_003213	XP_001835915.2	3
fam_003214	XP_001835916.2	2
fam_003215	XP_001835932.2	4
fam_003216	XP_001835936.2	4
fam_003217	XP_001835949.2	4
fam_003218	XP_001835951.1	3
fam_003219	XP_001835957.1	4
fam_003220	XP_001835960.2	2
fam_003221	XP_001835964.2	4
fam_003222	XP_001835972.1	3
fam_003223	XP_001835976.2	2
fam_003224	XP_001835978.2	4
fam_003225	XP_001835981.2	4
fam_003226	XP_001835984.1	4
fam_003227	XP_001835991.2	3
fam_003228	XP_001835994.2	2
fam_003229	XP_001835995.2	4
fam_003230	XP_001838776.1	2
fam_003231	XP_001838780.2	4
fam_003232	XP_001838793.2	6
fam_003233	XP_001838802.2	2
fam_003234	XP_001838826.2	4
fam_003235	XP_001838830.2	2
fam_003236	XP_001838843.2	2
fam_003237	XP_001838853.2	2
fam_003238	XP_001838855.2	3
fam_003239	XP_001838859.2	2
fam_003240	XP_001838864.1	8
fam_003241	XP_001838872.2	5
fam_003242	XP_001838878.1	4
fam_003243	XP_001838886.2	3
fam_003244	XP_002911170.1	2
fam_003245	XP_002911175.1	4
fam_003246	XP_002911178.1	2
fam_003247	XP_002911182.1	4
fam_003248	XP_002911191.1	2
fam_003249	XP_002911192.1	11
fam_003250	XP_002911193.1	2
fam_003251	XP_002911194.1	7
fam_003252	XP_002911197.1	2
fam_003253	XP_002911198.1	4
fam_003254	XP_002911201.1	2
fam_003255	XP_002911205.1	2
fam_003256	XP_002911208.1	3
fam_003257	XP_002911216.1	2
fam_003258	XP_002911218.1	3
fam_003259	XP_002911225.1	3
fam_003260	XP_002911245.1	8
fam_003261	XP_002911257.1	3
fam_003262	XP_003027448.2	4
fam_003263	XP_003027452.1	4
fam_003264	XP_003027456.1	4
fam_003265	XP_003027471.1	2
fam_003266	XP_003027498.1	4
fam_003267	XP_003027504.2	3
fam_003268	XP_003027510.1	7
fam_003269	XP_003027513.1	4
fam_003270	XP_003027517.1	4
fam_003271	XP_003027532.1	2
fam_003272	XP_003027536.1	7
fam_003273	XP_003027544.1	2
fam_003274	XP_003027545.2	2
fam_003275	XP_003027559.2	4
fam_003276	XP_003027562.1	3
fam_003277	XP_003032571.1	3
fam_003278	XP_003032572.1	4
fam_003279	XP_003032573.1	3
fam_003280	XP_003032576.2	6
fam_003281	XP_003032580.1	4
fam_003282	XP_003032582.1	3
fam_003283	XP_003032588.2	1
fam_003284	XP_003032586.2	1
fam_003285	XP_003032603.1	1
fam_003286	XP_003033940.1	1
fam_003287	XP_003032609.1	4
fam_003288	XP_003032616.1	3
fam_003289	XP_003032619.2	3
fam_003290	XP_003032621.1	2
fam_003291	XP_003032626.1	3
fam_003292	XP_003032631.1	5
fam_003293	XP_003032640.1	3
fam_003294	XP_003032642.1	4
fam_003295	XP_003032649.1	3
fam_003296	XP_003032654.1	8
fam_003297	XP_003032657.1	15
fam_003298	XP_003032671.1	3
fam_003299	XP_003032672.2	1
fam_003300	XP_003032467.2	1
fam_003301	XP_003037780.1	5
fam_003302	XP_003037796.1	4
fam_003303	XP_003037810.2	4
fam_003304	XP_003037817.1	3
fam_003305	XP_003037828.1	2
fam_003306	XP_003037834.1	4
fam_003307	XP_003037837.2	4
fam_003308	XP_003037838.1	2
fam_003309	XP_003037839.1	4
fam_003310	XP_003037849.1	4
fam_003311	XP_003037850.1	2
fam_003312	XP_003037863.2	4
fam_003313	XP_003037874.1	4
fam_003314	XP_003037895.1	4
fam_003315	XP_003037911.1	4
fam_003316	XP_003037913.1	3
fam_003317	XP_003037920.2	2
fam_003318	XP_050198744.1	4
fam_003319	XP_050198746.1	4
fam_003320	XP_050198754.1	5
fam_003321	XP_050198763.1	3
fam_003322	XP_050198785.1	3
fam_003323	XP_050198793.1	3
fam_003324	XP_050198806.1	4
fam_003325	XP_050198807.1	3
fam_003326	XP_050198818.1	4
fam_003327	XP_050198819.1	2
fam_003328	XP_003029742.1	1
fam_003329	XP_050198823.1	2
fam_003330	XP_050198824.1	1
fam_003331	XP_050202777.1	1
fam_003332	XP_050201834.1	16
fam_003333	XP_050201840.1	2
fam_003334	XP_050201842.1	3
fam_003335	XP_050201843.1	2
fam_003336	XP_050201845.1	4
fam_003337	XP_050201849.1	3
fam_003338	XP_050201862.1	3
fam_003339	XP_050201869.1	3
fam_003340	XP_050201871.1	5
fam_003341	XP_050201872.1	13
fam_003342	XP_050201880.1	2
fam_003343	XP_050201893.1	2
fam_003344	XP_050201894.1	2
fam_003345	XP_050201895.1	2
fam_003346	XP_050201897.1	6
fam_003347	XP_050201900.1	1
fam_003348	XP_050201118.1	1
fam_003349	XP_050201901.1	2
fam_003350	XP_050201902.1	2
fam_003351	XP_050201924.1	1
fam_003352	XP_050199872.1	1
fam_003353	XP_050201925.1	1
fam_003354	XP_050199873.1	1
fam_003355	XP_050201927.1	3
fam_003356	XP_007331708.1	8
fam_003357	XP_007331715.1	4
fam_003358	XP_007331719.1	4
fam_003359	XP_007331728.1	2
fam_003360	XP_007331740.1	2
fam_003361	XP_007331742.1	5
fam_003362	XP_007331751.1	5
fam_003363	XP_007331756.1	5
fam_003364	XP_007331759.1	2
fam_003365	XP_007331767.1	4
fam_003366	XP_007331781.1	11
fam_003367	XP_007331799.1	2
fam_003368	XP_007334614.1	6
fam_003369	XP_007334616.1	3
fam_003370	XP_007334626.1	2
fam_003371	XP_007334632.1	4
fam_003372	XP_007334641.1	2
fam_003373	XP_007334643.1	2
fam_003374	XP_007334648.1	4
fam_003375	XP_007334649.1	10
fam_003376	XP_007334654.1	3
fam_003377	XP_007334668.1	4
fam_003378	XP_007334670.1	2
fam_003379	XP_007334677.1	6
fam_003380	XP_007334678.1	8
fam_003381	XP_007334681.1	4
fam_003382	XP_007334684.1	5
fam_003383	XP_007334685.1	2
fam_003384	XP_007334692.1	2
fam_003385	XP_007334702.1	2
fam_003386	XP_007334703.1	3
fam_003387	XP_007334706.1	2
fam_003388	XP_001874588.1	4
fam_003389	XP_001874596.1	3
fam_003390	XP_001874600.1	8
fam_003391	XP_001874605.1	4
fam_003392	XP_001874606.1	4
fam_003393	XP_001874616.1	4
fam_003394	XP_001874623.1	3
fam_003395	XP_001874625.1	2
fam_003396	XP_001874627.1	3
fam_003397	XP_001874629.1	2
fam_003398	XP_001874634.1	3
fam_003399	XP_001874638.1	3
fam_003400	XP_001874641.1	4
fam_003401	XP_001874652.1	3
fam_003402	XP_001874656.1	2
fam_003403	XP_003030701.1	2
fam_003404	XP_003030721.1	21
fam_003405	XP_003030745.1	5
fam_003406	XP_003030752.1	4
fam_003407	XP_003030776.2	2
fam_003408	XP_003030789.1	2
fam_003409	XP_003030820.1	4
fam_003410	XP_003035386.1	2
fam_003411	XP_003035387.1	4
fam_003412	XP_003035407.1	1
fam_003413	XP_003029314.2	1
fam_003414	XP_003035410.1	3
fam_003415	XP_003035414.1	3
fam_003416	XP_003035419.1	8
fam_003417	XP_003035427.1	13
fam_003418	XP_003035434.1	4
fam_003419	XP_003035441.2	2
fam_003420	XP_003035444.1	12
fam_003421	XP_003035452.2	4
fam_003422	XP_003035455.1	2
fam_003423	XP_003035461.1	2
fam_003424	XP_003035477.1	2
fam_003425	XP_003035479.1	2
fam_003426	XP_003035497.1	5
fam_003427	XP_003035507.1	2
fam_003428	XP_050198445.1	2
fam_003429	XP_050198446.1	2
fam_003430	XP_050198457.1	2
fam_003431	XP_050198467.1	2
fam_003432	XP_050198470.1	2
fam_003433	XP_050200374.1	1
fam_003434	XP_050198478.1	2
fam_003435	XP_050198479.1	1
fam_003436	XP_003028382.1	1
fam_003437	XP_050198480.1	1
fam_003438	XP_050198452.1	1
fam_003439	XP_050198488.1	9
fam_003440	XP_050198490.1	8
fam_003441	XP_050198491.1	4
fam_003442	XP_050198505.1	4
fam_003443	XP_050198508.1	3
fam_003444	XP_050198523.1	3
fam_003445	XP_050201931.1	2
fam_003446	XP_050201933.1	2
fam_003447	XP_050201948.1	4
fam_003448	XP_050201957.1	2
fam_003449	XP_050201961.1	3
fam_003450	XP_050201963.1	4
fam_003451	XP_050201975.1	2
fam_003452	XP_050201979.1	1
fam_003453	XP_050200153.1	1
fam_003454	XP_050201983.1	3
fam_003455	XP_050201989.1	3
fam_003456	XP_050201992.1	4
fam_003457	XP_050201994.1	4
fam_003458	XP_050201996.1	2
fam_003459	XP_050201999.1	2
fam_003460	XP_050202001.1	2
fam_003461	XP_050202014.1	5
fam_003462	XP_050202020.1	7
fam_003463	XP_050202026.1	4
fam_003464	XP_007332009.1	3
fam_003465	XP_007332015.1	2
fam_003466	XP_007332017.1	4
fam_003467	XP_007332035.1	6
fam_003468	XP_007332037.1	4
fam_003469	XP_007332040.1	3
fam_003470	XP_007332045.1	4
fam_003471	XP_007332050.1	2
fam_003472	XP_007332051.1	7
fam_003473	XP_007332053.1	4
fam_003474	XP_007332063.1	4
fam_003475	XP_007332069.1	2
fam_003476	XP_007332070.1	2
fam_003477	XP_007332079.1	4
fam_003478	XP_007332081.1	5
fam_003479	XP_007332094.1	2
fam_003480	XP_007332096.1	5
fam_003481	XP_007332105.1	2
fam_003482	XP_007332106.1	2
fam_003483	XP_007335215.1	2
fam_003484	XP_007335231.1	10
fam_003485	XP_007335239.1	2
fam_003486	XP_007335252.1	2
fam_003487	XP_007335259.1	2
fam_003488	XP_007335269.1	3
fam_003489	XP_007335275.1	2
fam_003490	XP_007335290.1	3
fam_003491	XP_007335310.1	2
fam_003492	XP_007335312.1	2
fam_003493	XP_001875388.1	2
fam_003494	XP_001875390.1	3
fam_003495	XP_001875393.1	4
fam_003496	XP_001875395.1	4
fam_003497	XP_001875397.1	4
fam_003498	XP_001875400.1	4
fam_003499	XP_001875405.1	5
fam_003500	XP_001875406.1	3
fam_003501	XP_001875408.1	4
fam_003502	XP_001875409.1	3
fam_003503	XP_001875410.1	3
fam_003504	XP_001875411.1	4
fam_003505	XP_001875413.1	4
fam_003506	XP_001875414.1	5
fam_003507	XP_001875416.1	4
fam_003508	XP_001875417.1	4
fam_003509	XP_001875419.1	4
fam_003510	XP_001875422.1	3
fam_003511	XP_001875426.1	4
fam_003512	XP_001875435.1	4
fam_003513	XP_001875436.1	2
fam_003514	XP_001875441.1	4
fam_003515	XP_001875445.1	4
fam_003516	XP_001875451.1	3
fam_003517	XP_001875453.1	4
fam_003518	XP_001875454.1	4
fam_003519	XP_001875459.1	4
fam_003520	XP_001875461.1	4
fam_003521	XP_001875464.1	3
fam_003522	XP_001875468.1	7
fam_003523	XP_001875472.1	4
fam_003524	XP_001875476.1	3
fam_003525	XP_001875477.1	4
fam_003526	XP_001875480.1	6
fam_003527	XP_001877688.1	4
fam_003528	XP_001877694.1	3
fam_003529	XP_001877702.1	3
fam_003530	XP_001877703.1	2
fam_003531	XP_001877705.1	2
fam_003532	XP_001877707.1	4
fam_003533	XP_001877708.1	2
fam_003534	XP_001877711.1	5
fam_003535	XP_001877714.1	3
fam_003536	XP_001877718.1	2
fam_003537	XP_001877721.1	4
fam_003538	XP_001877729.1	3
fam_003539	XP_001877732.1	3
fam_003540	XP_001877733.1	2
fam_003541	XP_001877742.1	3
fam_003542	XP_001877748.1	2
fam_003543	XP_001877750.1	3
fam_003544	XP_001877751.1	7
fam_003545	XP_001877753.1	4
fam_003546	XP_001877755.1	4
fam_003547	XP_001877758.1	4
fam_003548	XP_001877765.1	3
fam_003549	XP_001877768.1	3
fam_003550	XP_001877770.1	4
fam_003551	XP_001877772.1	4
fam_003552	XP_001877776.1	4
fam_003553	XP_001877777.1	4
fam_003554	XP_001877778.1	2
fam_003555	XP_001877780.1	3
fam_003556	XP_001877784.1	2
fam_003557	XP_001879586.1	2
fam_003558	XP_001879601.1	4
fam_003559	XP_001879610.1	2
fam_003560	XP_001879611.1	4
fam_003561	XP_001879617.1	4
fam_003562	XP_001879623.1	7
fam_003563	XP_001879627.1	2
fam_003564	XP_001879636.1	1
fam_003565	XP_001884966.1	3
fam_003566	XP_001879646.1	5
fam_003567	XP_001879651.1	2
fam_003568	XP_001879652.1	3
fam_003569	XP_001879669.1	3
fam_003570	XP_001879672.1	20
fam_003571	XP_001879677.1	2
fam_003572	XP_001879682.1	4
fam_003573	XP_001881894.1	6
fam_003574	XP_001881898.1	3
fam_003575	XP_001881903.1	5
fam_003576	XP_001881904.1	2
fam_003577	XP_001881912.1	5
fam_003578	XP_001881923.1	4
fam_003579	XP_001881924.1	4
fam_003580	XP_001881929.1	3
fam_003581	XP_001881939.1	3
fam_003582	XP_001881951.1	2
fam_003583	XP_001883492.1	16
fam_003584	XP_001883495.1	2
fam_003585	XP_001883506.1	2
fam_003586	XP_001883528.1	6
fam_003587	XP_001883534.1	3
fam_003588	XP_001883538.1	3
fam_003589	XP_001883568.1	2
fam_003590	XP_001883582.1	3
fam_003591	XP_001835444.1	3
fam_003592	XP_001835446.2	2
fam_003593	XP_001835450.1	4
fam_003594	XP_001835454.2	2
fam_003595	XP_001835472.1	4
fam_003596	XP_001835493.2	3
fam_003597	XP_001835494.2	4
fam_003598	XP_001835501.2	5
fam_003599	XP_001835507.2	3
fam_003600	XP_001835512.2	2
fam_003601	XP_001835515.1	3
fam_003602	XP_001835530.2	18
fam_003603	XP_001835534.2	2
fam_003604	XP_001835543.2	2
fam_003605	XP_001835544.2	6
fam_003606	XP_001835547.1	2
fam_003607	XP_001839374.1	4
fam_003608	XP_001839393.2	1
fam_003609	XP_001839392.2	2
fam_003610	XP_001839411.2	1
fam_003611	XP_001839404.2	1
fam_003612	XP_001839419.1	4
fam_003613	XP_001839458.2	2
fam_003614	XP_001839463.1	13
fam_003615	XP_001839480.1	2
fam_003616	XP_001839481.1	3
fam_003617	XP_002911570.1	2
fam_003618	XP_002911571.1	4
fam_003619	XP_002911583.1	6
fam_003620	XP_002911587.1	1
fam_003621	XP_001829990.1	1
fam_003622	XP_002911599.1	2
fam_003623	XP_002911623.1	2
fam_003624	XP_002911624.1	2
fam_003625	XP_002911625.1	3
fam_003626	XP_002911631.1	2
fam_003627	XP_002911633.1	3
fam_003628	XP_002911636.1	2
fam_003629	XP_002911641.1	3
fam_003630	XP_002911650.1	3
fam_003631	XP_002911655.1	4
fam_003632	XP_002911658.1	3
fam_003633	XP_002911659.1	3
fam_003634	XP_002911661.1	3
fam_003635	XP_003028911.2	3
fam_003636	XP_003028920.2	2
fam_003637	XP_003028921.2	3
fam_003638	XP_003028925.1	4
fam_003639	XP_003028931.2	3
fam_003640	XP_003028947.1	2
fam_003641	XP_003028962.1	4
fam_003642	XP_003028981.1	4
fam_003643	XP_003029002.2	2
fam_003644	XP_003029012.1	2
fam_003645	XP_003029015.1	2
fam_003646	XP_003029024.1	4
fam_003647	XP_003029027.2	3
fam_003648	XP_003029035.1	6
fam_003649	XP_003032155.1	4
fam_003650	XP_003032168.1	3
fam_003651	XP_003032169.1	4
fam_003652	XP_003032177.1	4
fam_003653	XP_003032187.1	4
fam_003654	XP_003032194.1	4
fam_003655	XP_003032202.1	3
fam_003656	XP_003032207.1	5
fam_003657	XP_003032239.1	3
fam_003658	XP_003032251.1	4
fam_003659	XP_003032253.2	4
fam_003660	XP_003032257.1	2
fam_003661	XP_003032259.1	4
fam_003662	XP_003032262.1	2
fam_003663	XP_003032266.2	4
fam_003664	XP_003032269.1	2
fam_003665	XP_003032272.1	4
fam_003666	XP_003032274.1	3
fam_003667	XP_003035907.1	2
fam_003668	XP_003035919.1	4
fam_003669	XP_003035928.1	4
fam_003670	XP_003035930.1	4
fam_003671	XP_003035933.1	2
fam_003672	XP_003035942.1	2
fam_003673	XP_003035955.1	2
fam_003674	XP_003035970.1	4
fam_003675	XP_003035971.2	4
fam_003676	XP_003035978.1	10
fam_003677	XP_003035981.1	4
fam_003678	XP_003035982.1	4
fam_003679	XP_003035988.1	2
fam_003680	XP_003035990.1	4
fam_003681	XP_003036000.1	4
fam_003682	XP_003036010.2	3
fam_003683	XP_003036011.1	3
fam_003684	XP_003036033.1	5
fam_003685	XP_003036036.1	7
fam_003686	XP_003036039.1	3
fam_003687	XP_050198230.1	4
fam_003688	XP_050198240.1	2
fam_003689	XP_050198244.1	4
fam_003690	XP_050198249.1	6
fam_003691	XP_050198259.1	3
fam_003692	XP_050198275.1	2
fam_003693	XP_050198288.1	4
fam_003694	XP_050198292.1	2
fam_003695	XP_050198296.1	2
fam_003696	XP_050198298.1	3
fam_003697	XP_050198300.1	2
fam_003698	XP_050198315.1	4
fam_003699	XP_050198317.1	1
fam_003700	XP_003028203.1	1
fam_003701	XP_050198322.1	2
fam_003702	XP_050201731.1	1
fam_003703	XP_003033599.1	1
fam_003704	XP_050201733.1	4
fam_003705	XP_050201747.1	6
fam_003706	XP_050201748.1	2
fam_003707	XP_050201753.1	4
fam_003708	XP_050201754.1	14
fam_003709	XP_050201768.1	8
fam_003710	XP_001878291.1	3
fam_003711	XP_001878294.1	3
fam_003712	XP_001878299.1	4
fam_003713	XP_001878308.1	2
fam_003714	XP_001878309.1	2
fam_003715	XP_001878311.1	3
fam_003716	XP_001878313.1	4
fam_003717	XP_001878319.1	4
fam_003718	XP_001878325.1	2
fam_003719	XP_001878326.1	4
fam_003720	XP_001878328.1	3
fam_003721	XP_001878359.1	2
fam_003722	XP_001878365.1	2
fam_003723	XP_001878370.1	2
fam_003724	XP_001878372.1	4
fam_003725	XP_001878375.1	2
fam_003726	XP_001878379.1	2
fam_003727	XP_001881087.1	2
fam_003728	XP_001881098.1	3
fam_003729	XP_001881101.1	3
fam_003730	XP_001881103.1	4
fam_003731	XP_001881114.1	4
fam_003732	XP_001881118.1	2
fam_003733	XP_001881119.1	1
fam_003734	XP_001881121.1	3
fam_003735	XP_001881126.1	6
fam_003736	XP_001881129.1	2
fam_003737	XP_001881133.1	4
fam_003738	XP_001881135.1	5
fam_003739	XP_001881143.1	3
fam_003740	XP_001881145.1	3
fam_003741	XP_001881147.1	4
fam_003742	XP_001881149.1	4
fam_003743	XP_001881152.1	2
fam_003744	XP_001881154.1	1
fam_003745	XP_001881155.1	1
fam_003746	XP_001881163.1	3
fam_003747	XP_001881167.1	4
fam_003748	XP_001881173.1	4
fam_003749	XP_001881177.1	2
fam_003750	XP_001881179.1	8
fam_003751	XP_001881182.1	2
fam_003752	XP_001881185.1	2
fam_003753	XP_001882994.1	2
fam_003754	XP_001883009.1	1
fam_003755	XP_001883000.1	1
fam_003756	XP_001883036.1	2
fam_003757	XP_001883037.1	3
fam_003758	XP_001883051.1	9
fam_003759	XP_001883052.1	7
fam_003760	XP_001883057.1	4
fam_003761	XP_001883068.1	4
fam_003762	XP_001883071.1	3
fam_003763	XP_001883072.1	2
fam_003764	XP_001883073.1	2
fam_003765	XP_001883083.1	5
fam_003766	XP_001883084.1	2
fam_003767	XP_001835701.2	7
fam_003768	XP_001835710.2	3
fam_003769	XP_001835714.1	2
fam_003770	XP_001835716.1	3
fam_003771	XP_001835722.1	4
fam_003772	XP_001835724.1	2
fam_003773	XP_001835745.1	3
fam_003774	XP_001835748.1	3
fam_003775	XP_001838038.1	4
fam_003776	XP_001838043.2	2
fam_003777	XP_001838046.2	8
fam_003778	XP_001838048.1	4
fam_003779	XP_001838086.2	2
fam_003780	XP_001838092.1	4
fam_003781	XP_001838101.1	5
fam_003782	XP_001838103.1	2
fam_003783	XP_001838107.2	3
fam_003784	XP_001838111.1	5
fam_003785	XP_001838125.1	2
fam_003786	XP_001838127.2	4
fam_003787	XP_001838139.2	3
fam_003788	XP_001838154.2	3
fam_003789	XP_002910473.1	2
fam_003790	XP_002910499.1	8
fam_003791	XP_002910515.1	1
fam_003792	XP_001832034.2	1
fam_003793	XP_002910546.1	4
fam_003794	XP_002910549.1	2
fam_003795	XP_002910562.1	4
fam_003796	XP_003027834.1	7
fam_003797	XP_003027840.1	6
fam_003798	XP_003027847.1	4
fam_003799	XP_003027864.1	4
fam_003800	XP_003027866.2	4
fam_003801	XP_003027612.2	1
fam_003802	XP_003027882.2	4
fam_003803	XP_003027890.1	8
fam_003804	XP_003027894.2	2
fam_003805	XP_003027958.1	2
fam_003806	XP_003027976.1	4
fam_003807	XP_003033116.1	8
fam_003808	XP_003033124.1	2
fam_003809	XP_003033140.1	4
fam_003810	XP_003033154.1	3
fam_003811	XP_003033164.1	4
fam_003812	XP_003033172.2	5
fam_003813	XP_003033185.1	4
fam_003814	XP_003033187.1	2
fam_003815	XP_003033205.1	4
fam_003816	XP_003033217.1	4
fam_003817	XP_003033222.1	2
fam_003818	XP_003033227.1	2
fam_003819	XP_003033234.1	3
fam_003820	XP_003033237.1	4
fam_003821	XP_003038201.1	3
fam_003822	XP_003038218.1	3
fam_003823	XP_003038222.2	3
fam_003824	XP_003038228.2	2
fam_003825	XP_003038239.1	4
fam_003826	XP_003038247.1	3
fam_003827	XP_003038250.1	3
fam_003828	XP_003038256.2	2
fam_003829	XP_003038280.1	4
fam_003830	XP_003038283.1	2
fam_003831	XP_003038285.2	3
fam_003832	XP_003038286.2	5
fam_003833	XP_003038287.1	3
fam_003834	XP_003038294.1	5
fam_003835	XP_003038295.1	4
fam_003836	XP_003038307.1	2
fam_003837	XP_003038316.1	4
fam_003838	XP_003038324.1	5
fam_003839	XP_003038328.2	4
fam_003840	XP_050199451.1	2
fam_003841	XP_050199454.1	3
fam_003842	XP_050199460.1	2
fam_003843	XP_050199463.1	4
fam_003844	XP_050199476.1	3
fam_003845	XP_050199481.1	2
fam_003846	XP_050199491.1	4
fam_003847	XP_050199501.1	2
fam_003848	XP_050199503.1	2
fam_003849	XP_050199504.1	2
fam_003850	XP_050199509.1	2
fam_003851	XP_050199513.1	2
fam_003852	XP_050199525.1	3
fam_003853	XP_050202935.1	4
fam_003854	XP_050202937.1	4
fam_003855	XP_050202941.1	2
fam_003856	XP_050202946.1	2
fam_003857	XP_050202950.1	4
fam_003858	XP_050202959.1	4
fam_003859	XP_050202967.1	2
fam_003860	XP_050202970.1	3
fam_003861	XP_050202987.1	2
fam_003862	XP_050202989.1	2
fam_003863	XP_050202991.1	3
fam_003864	XP_050202997.1	2
fam_003865	XP_050203006.1	6
fam_003866	XP_050203018.1	3
fam_003867	XP_050202150.1	1
fam_003868	XP_050203020.1	3
fam_003869	XP_050203022.1	4
fam_003870	XP_050203024.1	4
fam_003871	XP_050203025.1	4
fam_003872	XP_007327013.1	4
fam_003873	XP_007327018.1	2
fam_003874	XP_007327027.1	2
fam_003875	XP_007327029.1	4
fam_003876	XP_007327043.1	4
fam_003877	XP_007327044.1	5
fam_003878	XP_007327045.1	2
fam_003879	XP_007327053.1	2
fam_003880	XP_007327065.1	2
fam_003881	XP_007327081.1	1
fam_003882	XP_007333412.1	1
fam_003883	XP_007327095.1	4
fam_003884	XP_007327098.1	2
fam_003885	XP_007327100.1	4
fam_003886	XP_007327106.1	4
fam_003887	XP_007327912.1	6
fam_003888	XP_007327914.1	4
fam_003889	XP_007327916.1	4
fam_003890	XP_007327918.1	2
fam_003891	XP_007327940.1	4
fam_003892	XP_007327946.1	4
fam_003893	XP_007327956.1	2
fam_003894	XP_007327969.1	2
fam_003895	XP_007327970.1	4
fam_003896	XP_007327973.1	9
fam_003897	XP_007327975.1	3
fam_003898	XP_007327977.1	3
fam_003899	XP_007327981.1	2
fam_003900	XP_007327982.1	2
fam_003901	XP_007327987.1	2
fam_003902	XP_007327988.1	2
fam_003903	XP_007327991.1	2
fam_003904	XP_007327993.1	2
fam_003905	XP_007327998.1	4
fam_003906	XP_007327999.1	3
fam_003907	XP_007328001.1	3
fam_003908	XP_007328002.1	4
fam_003909	XP_007328831.1	4
fam_003910	XP_007328832.1	4
fam_003911	XP_007328834.1	3
fam_003912	XP_007328840.1	2
fam_003913	XP_007328843.1	2
fam_003914	XP_007328844.1	4
fam_003915	XP_007328845.1	4
fam_003916	XP_007328848.1	1
fam_003917	XP_007328866.1	1
fam_003918	XP_007328855.1	5
fam_003919	XP_007328856.1	2
fam_003920	XP_007328867.1	2
fam_003921	XP_007328876.1	3
fam_003922	XP_007328878.1	4
fam_003923	XP_007328881.1	3
fam_003924	XP_007328883.1	4
fam_003925	XP_007328885.1	3
fam_003926	XP_007328886.1	2
fam_003927	XP_007328890.1	3
fam_003928	XP_007328891.1	3
fam_003929	XP_007328902.1	2
fam_003930	XP_007330813.1	4
fam_003931	XP_007330821.1	2
fam_003932	XP_007330829.1	2
fam_003933	XP_007330845.1	4
fam_003934	XP_007330846.1	3
fam_003935	XP_007330849.1	4
fam_003936	XP_007330854.1	3
fam_003937	XP_007330856.1	2
fam_003938	XP_007330867.1	3
fam_003939	XP_007330874.1	3
fam_003940	XP_007330877.1	2
fam_003941	XP_007330879.1	3
fam_003942	XP_007330889.1	4
fam_003943	XP_007330891.1	2
fam_003944	XP_007330900.1	4
fam_003945	XP_007330902.1	4
fam_003946	XP_007330906.1	2
fam_003947	XP_007333309.1	9
fam_003948	XP_007333313.1	2
fam_003949	XP_007333316.1	4
fam_003950	XP_007333321.1	2
fam_003951	XP_007333328.1	2
fam_003952	XP_007333334.1	3
fam_003953	XP_007333341.1	2
fam_003954	XP_007333363.1	7
fam_003955	XP_007333376.1	1
fam_003956	XP_007333375.1	1
fam_003957	XP_007333380.1	2
fam_003958	XP_007333391.1	1
fam_003959	XP_007327070.1	1
fam_003960	XP_007333396.1	6
fam_003961	XP_007333402.1	2
fam_003962	XP_007333404.1	2
fam_003963	XP_007333406.1	2
fam_003964	XP_001873294.1	4
fam_003965	XP_001873295.1	3
fam_003966	XP_001873302.1	2
fam_003967	XP_001873304.1	7
fam_003968	XP_001873307.1	3
fam_003969	XP_001873318.1	4
fam_003970	XP_001873322.1	4
fam_003971	XP_001873326.1	4
fam_003972	XP_001873327.1	4
fam_003973	XP_001873331.1	4
fam_003974	XP_001873332.1	4
fam_003975	XP_001873335.1	4
fam_003976	XP_001873337.1	3
fam_003977	XP_001873345.1	4
fam_003978	XP_001873346.1	2
fam_003979	XP_001873349.1	4
fam_003980	XP_001873350.1	4
fam_003981	XP_001873357.1	4
fam_003982	XP_001873358.1	4
fam_003983	XP_001873361.1	3
fam_003984	XP_001873373.1	3
fam_003985	XP_001873374.1	2
fam_003986	XP_001873384.1	4
fam_003987	XP_001875886.1	4
fam_003988	XP_001875890.1	4
fam_003989	XP_001875894.1	2
fam_003990	XP_001875895.1	2
fam_003991	XP_001875902.1	2
fam_003992	XP_001875904.1	4
fam_003993	XP_001875916.1	3
fam_003994	XP_001875917.1	4
fam_003995	XP_001875923.1	7
fam_003996	XP_001875925.1	5
fam_003997	XP_001875928.1	1
fam_003998	XP_001886795.1	1
fam_003999	XP_001875936.1	1
fam_004000	XP_001875940.1	2
fam_004001	XP_001875947.1	4
fam_004002	XP_001875951.1	2
fam_004003	XP_001875968.1	3
fam_004004	XP_001875970.1	2
fam_004005	XP_001875973.1	2
fam_004006	XP_001875979.1	4
fam_004007	XP_001879686.1	1
fam_004008	XP_001879293.1	1
fam_004009	XP_001879688.1	4
fam_004010	XP_001879689.1	4
fam_004011	XP_001879699.1	3
fam_004012	XP_001879700.1	4
fam_004013	XP_001879703.1	4
fam_004014	XP_001879704.1	2
fam_004015	XP_001879712.1	2
fam_004016	XP_001879723.1	2
fam_004017	XP_001879720.1	1
fam_004018	XP_001879726.1	7
fam_004019	XP_001831386.2	3
fam_004020	XP_001831389.1	2
fam_004021	XP_001831393.2	13
fam_004022	XP_001831413.2	2
fam_004023	XP_001831414.2	2
fam_004024	XP_001831416.1	6
fam_004025	XP_001831417.1	4
fam_004026	XP_001831420.2	3
fam_004027	XP_001831436.2	5
fam_004028	XP_001831437.2	3
fam_004029	XP_001833043.2	4
fam_004030	XP_001833048.2	3
fam_004031	XP_001833071.2	2
fam_004032	XP_001833074.2	4
fam_004033	XP_001833076.1	2
fam_004034	XP_001833080.1	4
fam_004035	XP_001833082.2	6
fam_004036	XP_001833083.2	4
fam_004037	XP_001833086.2	2
fam_004038	XP_001833087.2	2
fam_004039	XP_001833091.2	4
fam_004040	XP_001833092.1	3
fam_004041	XP_001833095.2	3
fam_004042	XP_001833096.2	3
fam_004043	XP_001833097.2	2
fam_004044	XP_001833099.1	4
fam_004045	XP_001833117.2	4
fam_004046	XP_001833120.1	3
fam_004047	XP_001833124.2	3
fam_004048	XP_001833126.2	3
fam_004049	XP_001833128.2	2
fam_004050	XP_001833132.2	2
fam_004051	XP_001833135.1	3
fam_004052	XP_001833136.2	8
fam_004053	XP_001833139.2	5
fam_004054	XP_001833144.1	3
fam_004055	XP_001836006.1	2
fam_004056	XP_001836012.2	5
fam_004057	XP_001836023.1	5
fam_004058	XP_001836043.2	4
fam_004059	XP_001836049.2	4
fam_004060	XP_001836066.2	2
fam_004061	XP_001836070.2	3
fam_004062	XP_001836072.2	2
fam_004063	XP_001839494.2	2
fam_004064	XP_001839497.2	5
fam_004065	XP_001839502.1	3
fam_004066	XP_001839514.2	3
fam_004067	XP_001839515.1	2
fam_004068	XP_001839561.2	2
fam_004069	XP_001839569.1	2
fam_004070	XP_001839588.2	2
fam_004071	XP_001839595.2	3
fam_004072	XP_001839607.2	4
fam_004073	XP_001839610.2	4
fam_004074	XP_001839612.1	7
fam_004075	XP_002911817.1	5
fam_004076	XP_002911833.1	2
fam_004077	XP_002911850.1	2
fam_004078	XP_002911859.1	3
fam_004079	XP_002911860.1	4
fam_004080	XP_002911861.1	3
fam_004081	XP_002911862.1	2
fam_004082	XP_003029711.1	3
fam_004083	XP_003029724.2	2
fam_004084	XP_003029731.2	4
fam_004085	XP_003029734.1	4
fam_004086	XP_003029736.1	2
fam_004087	XP_003029737.1	5
fam_004088	XP_003029746.1	4
fam_004089	XP_003029754.1	2
fam_004090	XP_003029757.1	3
fam_004091	XP_003029766.1	4
fam_004092	XP_003029767.1	4
fam_004093	XP_003029774.1	2
fam_004094	XP_003029781.1	4
fam_004095	XP_003029790.1	3
fam_004096	XP_003029791.2	2
fam_004097	XP_003029792.1	2
fam_004098	XP_003029794.2	3
fam_004099	XP_003029811.1	3
fam_004100	XP_003029814.2	2
fam_004101	XP_003029821.1	15
fam_004102	XP_003033812.1	3
fam_004103	XP_003033813.1	2
fam_004104	XP_003033824.1	2
fam_004105	XP_003033829.1	3
fam_004106	XP_003033840.1	2
fam_004107	XP_003033843.1	7
fam_004108	XP_003033853.1	2
fam_004109	XP_003033859.1	3
fam_004110	XP_003033868.2	2
fam_004111	XP_003033871.1	3
fam_004112	XP_003033873.1	4
fam_004113	XP_003033878.1	5
fam_004114	XP_003033881.1	3
fam_004115	XP_003033885.1	3
fam_004116	XP_003033894.1	4
fam_004117	XP_003033899.1	3
fam_004118	XP_003033901.1	3
fam_004119	XP_003033904.1	2
fam_004120	XP_003033905.2	4
fam_004121	XP_003033914.1	3
fam_004122	XP_003033918.1	3
fam_004123	XP_003036744.1	4
fam_004124	XP_003036770.1	3
fam_004125	XP_003036771.1	3
fam_004126	XP_003036787.1	4
fam_004127	XP_003036794.1	3
fam_004128	XP_003036803.1	4
fam_004129	XP_003036812.1	3
fam_004130	XP_003036834.1	28
fam_004131	XP_050197840.1	2
fam_004132	XP_050197841.1	2
fam_004133	XP_050197843.1	2
fam_004134	XP_050197844.1	2
fam_004135	XP_050197845.1	2
fam_004136	XP_050197846.1	2
fam_004137	XP_050197847.1	2
fam_004138	XP_050197850.1	5
fam_004139	XP_050197851.1	2
fam_004140	XP_050197852.1	2
fam_004141	XP_050197866.1	4
fam_004142	XP_050197867.1	2
fam_004143	XP_050197870.1	1
fam_004144	XP_003027472.1	3
fam_004145	XP_050197879.1	2
fam_004146	XP_050197883.1	2
fam_004147	XP_050197889.1	6
fam_004148	XP_050197893.1	2
fam_004149	XP_050197906.1	4
fam_004150	XP_050197912.1	3
fam_004151	XP_050197925.1	2
fam_004152	XP_050197926.1	7
fam_004153	XP_050200833.1	2
fam_004154	XP_050200858.1	5
fam_004155	XP_050200863.1	2
fam_004156	XP_050200879.1	2
fam_004157	XP_050200890.1	2
fam_004158	XP_050200899.1	3
fam_004159	XP_050200900.1	2
fam_004160	XP_050200920.1	3
fam_004161	XP_007328909.1	4
fam_004162	XP_007328912.1	3
fam_004163	XP_007328913.1	4
fam_004164	XP_007328914.1	2
fam_004165	XP_007328915.1	4
fam_004166	XP_007328916.1	3
fam_004167	XP_007328921.1	4
fam_004168	XP_007328929.1	3
fam_004169	XP_007328936.1	4
fam_004170	XP_007328941.1	2
fam_004171	XP_007328944.1	4
fam_004172	XP_007328950.1	4
fam_004173	XP_007328953.1	4
fam_004174	XP_007328954.1	4
fam_004175	XP_007328964.1	3
fam_004176	XP_007328970.1	17
fam_004177	XP_007328979.1	3
fam_004178	XP_007328980.1	4
fam_004179	XP_007328982.1	4
fam_004180	XP_007328984.1	4
fam_004181	XP_007328986.1	3
fam_004182	XP_007328988.1	2
fam_004183	XP_007328990.1	3
fam_004184	XP_007328991.1	4
fam_004185	XP_007328995.1	4
fam_004186	XP_007329001.1	4
fam_004187	XP_007329005.1	4
fam_004188	XP_007332820.1	3
fam_004189	XP_007332823.1	5
fam_004190	XP_007332827.1	2
fam_004191	XP_007332829.1	2
fam_004192	XP_007332833.1	1
fam_004193	XP_007325555.1	1
fam_004194	XP_007332834.1	1
fam_004195	XP_007333296.1	1
fam_004196	XP_007332850.1	3
fam_004197	XP_007332862.1	4
fam_004198	XP_007332866.1	2
fam_004199	XP_007332869.1	3
fam_004200	XP_007332873.1	3
fam_004201	XP_007332876.1	4
fam_004202	XP_007332882.1	4
fam_004203	XP_007332883.1	4
fam_004204	XP_007332888.1	3
fam_004205	XP_007332893.1	5
fam_004206	XP_007332900.1	4
fam_004207	XP_007332905.1	4
fam_004208	XP_007332906.1	2
fam_004209	XP_007336129.1	2
fam_004210	XP_007336133.1	2
fam_004211	XP_007336135.1	2
fam_004212	XP_007336139.1	3
fam_004213	XP_007336140.1	2
fam_004214	XP_007336143.1	2
fam_004215	XP_007336145.1	2
fam_004216	XP_007336147.1	4
fam_004217	XP_007336153.1	2
fam_004218	XP_007336155.1	2
fam_004219	XP_007336156.1	4
fam_004220	XP_007336160.1	2
fam_004221	XP_007336163.1	2
fam_004222	XP_007336172.1	9
fam_004223	XP_007336174.1	3
fam_004224	XP_007336175.1	2
fam_004225	XP_007336177.1	2
fam_004226	XP_001873153.1	5
fam_004227	XP_001873154.1	4
fam_004228	XP_001873156.1	2
fam_004229	XP_001873162.1	4
fam_004230	XP_001873163.1	3
fam_004231	XP_001873165.1	4
fam_004232	XP_001873167.1	4
fam_004233	XP_001873171.1	4
fam_004234	XP_001873174.1	3
fam_004235	XP_001873177.1	2
fam_004236	XP_001873178.1	4
fam_004237	XP_001873180.1	2
fam_004238	XP_001873185.1	4
fam_004239	XP_001876389.1	2
fam_004240	XP_001876391.1	2
fam_004241	XP_001876402.1	2
fam_004242	XP_001876405.1	4
fam_004243	XP_001876420.1	4
fam_004244	XP_001876426.1	4
fam_004245	XP_001876437.1	1
fam_004246	XP_001879176.1	1
fam_004247	XP_001876448.1	2
fam_004248	XP_001876449.1	4
fam_004249	XP_001876464.1	3
fam_004250	XP_001876483.1	4
fam_004251	XP_001876484.1	2
fam_004252	XP_001876485.1	4
fam_004253	XP_001879786.1	11
fam_004254	XP_001879787.1	2
fam_004255	XP_001879788.1	3
fam_004256	XP_001879793.1	2
fam_004257	XP_001879796.1	4
fam_004258	XP_001879803.1	3
fam_004259	XP_001879808.1	4
fam_004260	XP_001879814.1	4
fam_004261	XP_001879816.1	6
fam_004262	XP_001879820.1	10
fam_004263	XP_001879823.1	5
fam_004264	XP_001879830.1	2
fam_004265	XP_001879832.1	10
fam_004266	XP_001879842.1	4
fam_004267	XP_001879844.1	2
fam_004268	XP_001879847.1	4
fam_004269	XP_001879855.1	2
fam_004270	XP_001879857.1	2
fam_004271	XP_001879863.1	2
fam_004272	XP_001879869.1	4
fam_004273	XP_001879872.1	3
fam_004274	XP_001879882.1	2
fam_004275	XP_001882096.1	1
fam_004276	XP_001882221.1	1
fam_004277	XP_001882098.1	13
fam_004278	XP_001882105.1	2
fam_004279	XP_001882142.1	4
fam_004280	XP_001882157.1	2
fam_004281	XP_001882164.1	2
fam_004282	XP_001882165.1	4
fam_004283	XP_001882185.1	5
fam_004284	XP_001884308.1	3
fam_004285	XP_001884311.1	9
fam_004286	XP_001884325.1	5
fam_004287	XP_001884333.1	2
fam_004288	XP_001884340.1	5
fam_004289	XP_001884342.1	2
fam_004290	XP_001877510.1	1
fam_004291	XP_001884358.1	3
fam_004292	XP_001884370.1	3
fam_004293	XP_001884373.1	4
fam_004294	XP_001841104.1	6
fam_004295	XP_001841108.1	5
fam_004296	XP_001841120.2	2
fam_004297	XP_001841121.2	2
fam_004298	XP_001841163.1	2
fam_004299	XP_001841180.2	2
fam_004300	XP_001841196.1	10
fam_004301	XP_001841202.2	4
fam_004302	XP_001841204.2	4
fam_004303	XP_001841211.1	2
fam_004304	XP_001841215.1	5
fam_004305	XP_001841221.2	4
fam_004306	XP_001841223.2	4
fam_004307	XP_003026498.1	10
fam_004308	XP_003026507.2	2
fam_004309	XP_003026511.2	7
fam_004310	XP_003026525.1	2
fam_004311	XP_003026562.1	9
fam_004312	XP_003026574.2	3
fam_004313	XP_001835055.1	5
fam_004314	XP_001835059.1	3
fam_004315	XP_001835060.2	9
fam_004316	XP_001835061.2	4
fam_004317	XP_001839136.2	2
fam_004318	XP_001839138.1	4
fam_004319	XP_001839145.2	2
fam_004320	XP_001839161.1	3
fam_004321	XP_001839165.1	4
fam_004322	XP_001839197.2	4
fam_004323	XP_001839206.1	9
fam_004324	XP_001839210.2	15
fam_004325	XP_001839229.1	6
fam_004326	XP_001839231.2	2
fam_004327	XP_001839251.1	1
fam_004328	XP_001839238.2	1
fam_004329	XP_002910784.1	6
fam_004330	XP_002910794.1	4
fam_004331	XP_002910805.1	4
fam_004332	XP_002910811.1	2
fam_004333	XP_002910817.1	2
fam_004334	XP_002910843.1	2
fam_004335	XP_002910852.1	3
fam_004336	XP_002910856.1	4
fam_004337	XP_002910858.1	2
fam_004338	XP_002910865.1	3
fam_004339	XP_003028107.1	6
fam_004340	XP_003028123.1	3
fam_004341	XP_003028128.2	3
fam_004342	XP_003028138.1	4
fam_004343	XP_003028139.1	2
fam_004344	XP_003028147.1	5
fam_004345	XP_003028149.1	2
fam_004346	XP_003028167.1	4
fam_004347	XP_003028184.1	2
fam_004348	XP_003028185.2	3
fam_004349	XP_003028186.2	2
fam_004350	XP_003028189.1	2
fam_004351	XP_003028193.1	4
fam_004352	XP_003028199.1	5
fam_004353	XP_003028201.1	3
fam_004354	XP_003028202.2	6
fam_004355	XP_003028204.1	4
fam_004356	XP_003028224.2	3
fam_004357	XP_003033923.1	21
fam_004358	XP_003033928.2	2
fam_004359	XP_003033935.2	3
fam_004360	XP_003033938.2	3
fam_004361	XP_003033957.1	4
fam_004362	XP_003033958.1	4
fam_004363	XP_003033971.1	2
fam_004364	XP_003036643.1	1
fam_004365	XP_003033976.1	4
fam_004366	XP_003033978.1	4
fam_004367	XP_003033986.1	3
fam_004368	XP_003034017.1	2
fam_004369	XP_003034020.1	3
fam_004370	XP_003034026.1	2
fam_004371	XP_003034029.1	3
fam_004372	XP_003034043.1	4
fam_004373	XP_003037110.1	4
fam_004374	XP_003037119.1	2
fam_004375	XP_003037122.1	3
fam_004376	XP_003037125.1	3
fam_004377	XP_003037130.1	4
fam_004378	XP_003037136.2	4
fam_004379	XP_003037138.2	2
fam_004380	XP_003037148.2	4
fam_004381	XP_003037155.1	4
fam_004382	XP_003037163.1	2
fam_004383	XP_003037170.2	11
fam_004384	XP_003037175.1	3
fam_004385	XP_003037176.1	3
fam_004386	XP_003037193.1	2
fam_004387	XP_003037196.1	3
fam_004388	XP_003037201.1	2
fam_004389	XP_003037202.1	2
fam_004390	XP_003037225.1	1
fam_004391	XP_003038555.1	1
fam_004392	XP_003037231.2	2
fam_004393	XP_003037234.1	4
fam_004394	XP_003037240.1	4
fam_004395	XP_050198531.1	1
fam_004396	XP_050200030.1	1
fam_004397	XP_050198533.1	4
fam_004398	XP_050198540.1	3
fam_004399	XP_050198547.1	4
fam_004400	XP_050198557.1	3
fam_004401	XP_050198562.1	1
fam_004402	XP_003028620.2	1
fam_004403	XP_050198568.1	4
fam_004404	XP_050198584.1	1
fam_004405	XP_050198582.1	1
fam_004406	XP_050198585.1	9
fam_004407	XP_050198606.1	1
fam_004408	XP_050197407.1	1
fam_004409	XP_050198620.1	4
fam_004410	XP_050201136.1	4
fam_004411	XP_050201155.1	3
fam_004412	XP_050201156.1	4
fam_004413	XP_050201171.1	6
fam_004414	XP_050201181.1	4
fam_004415	XP_050201193.1	4
fam_004416	XP_050201197.1	2
fam_004417	XP_050201198.1	2
fam_004418	XP_050201199.1	3
fam_004419	XP_050201204.1	2
fam_004420	XP_050201218.1	3
fam_004421	XP_050201220.1	3
fam_004422	XP_050201222.1	3
fam_004423	XP_050201223.1	8
fam_004424	XP_007327808.1	4
fam_004425	XP_007327809.1	2
fam_004426	XP_007327813.1	2
fam_004427	XP_007327822.1	7
fam_004428	XP_007327827.1	2
fam_004429	XP_007327829.1	6
fam_004430	XP_007327832.1	4
fam_004431	XP_007327834.1	4
fam_004432	XP_007327837.1	4
fam_004433	XP_007327845.1	2
fam_004434	XP_007327849.1	2
fam_004435	XP_007327854.1	4
fam_004436	XP_007327860.1	3
fam_004437	XP_007327861.1	27
fam_004438	XP_007327863.1	5
fam_004439	XP_007327866.1	4
fam_004440	XP_007327873.1	4
fam_004441	XP_007327893.1	4
fam_004442	XP_007327896.1	4
fam_004443	XP_007327899.1	2
fam_004444	XP_007327901.1	3
fam_004445	XP_007329008.1	4
fam_004446	XP_007329011.1	4
fam_004447	XP_007329013.1	3
fam_004448	XP_007329019.1	6
fam_004449	XP_007329021.1	13
fam_004450	XP_007329028.1	3
fam_004451	XP_007329033.1	3
fam_004452	XP_007329037.1	3
fam_004453	XP_007329043.1	2
fam_004454	XP_007329044.1	3
fam_004455	XP_007329048.1	2
fam_004456	XP_007329052.1	3
fam_004457	XP_007329055.1	4
fam_004458	XP_007329056.1	5
fam_004459	XP_007329060.1	4
fam_004460	XP_007329063.1	4
fam_004461	XP_007329065.1	3
fam_004462	XP_007329067.1	3
fam_004463	XP_007329078.1	4
fam_004464	XP_007329085.1	3
fam_004465	XP_007329089.1	2
fam_004466	XP_007329090.1	2
fam_004467	XP_007329088.1	1
fam_004468	XP_007329101.1	2
fam_004469	XP_007332110.1	2
fam_004470	XP_007332112.1	5
fam_004471	XP_007332113.1	24
fam_004472	XP_007332116.1	2
fam_004473	XP_007332118.1	4
fam_004474	XP_007332127.1	17
fam_004475	XP_007332129.1	4
fam_004476	XP_007332138.1	5
fam_004477	XP_007332139.1	4
fam_004478	XP_007332159.1	4
fam_004479	XP_007332160.1	3
fam_004480	XP_007332188.1	4
fam_004481	XP_007332195.1	7
fam_004482	XP_007332198.1	2
fam_004483	XP_007332199.1	4
fam_004484	XP_007332200.1	1
fam_004485	XP_007332107.1	1
fam_004486	XP_007332204.1	4
fam_004487	XP_007332205.1	2
fam_004488	XP_001873386.1	4
fam_004489	XP_001873389.1	3
fam_004490	XP_001873391.1	3
fam_004491	XP_001873393.1	4
fam_004492	XP_001873394.1	4
fam_004493	XP_001873396.1	3
fam_004494	XP_001873400.1	4
fam_004495	XP_001873402.1	4
fam_004496	XP_001873406.1	3
fam_004497	XP_001873419.1	3
fam_004498	XP_001873420.1	2
fam_004499	XP_001873427.1	3
fam_004500	XP_001873428.1	2
fam_004501	XP_001873430.1	2
fam_004502	XP_001873433.1	3
fam_004503	XP_001873435.1	4
fam_004504	XP_001873437.1	4
fam_004505	XP_001873438.1	2
fam_004506	XP_001873448.1	4
fam_004507	XP_001873452.1	65
fam_004508	XP_001873453.1	4
fam_004509	XP_001873454.1	6
fam_004510	XP_001873461.1	4
fam_004511	XP_001873463.1	4
fam_004512	XP_001873472.1	4
fam_004513	XP_001873473.1	4
fam_004514	XP_001873476.1	2
fam_004515	XP_001873480.1	4
fam_004516	XP_001873484.1	2
fam_004517	XP_001876790.1	4
fam_004518	XP_001876791.1	3
fam_004519	XP_001876792.1	4
fam_004520	XP_001876798.1	3
fam_004521	XP_001876802.1	2
fam_004522	XP_001876805.1	2
fam_004523	XP_001876808.1	4
fam_004524	XP_001876810.1	2
fam_004525	XP_001876848.1	4
fam_004526	XP_001876849.1	1
fam_004527	XP_001889372.1	1
fam_004528	XP_001876850.1	4
fam_004529	XP_001876872.1	2
fam_004530	XP_001876874.1	3
fam_004531	XP_001876876.1	2
fam_004532	XP_001876879.1	4
fam_004533	XP_001876881.1	4
fam_004534	XP_001880094.1	2
fam_004535	XP_001880100.1	4
fam_004536	XP_001880102.1	4
fam_004537	XP_001880116.1	4
fam_004538	XP_001880118.1	3
fam_004539	XP_001880125.1	4
fam_004540	XP_001880128.1	4
fam_004541	XP_001880131.1	2
fam_004542	XP_001880135.1	7
fam_004543	XP_001880139.1	5
fam_004544	XP_001880141.1	4
fam_004545	XP_001880142.1	1
fam_004546	XP_001883501.1	1
fam_004547	XP_001880145.1	3
fam_004548	XP_001880148.1	4
fam_004549	XP_001880149.1	8
fam_004550	XP_001880152.1	4
fam_004551	XP_001880155.1	2
fam_004552	XP_001880159.1	2
fam_004553	XP_001880163.1	2
fam_004554	XP_001880168.1	4
fam_004555	XP_001880170.1	3
fam_004556	XP_001880172.1	4
fam_004557	XP_001880173.1	4
fam_004558	XP_001880174.1	6
fam_004559	XP_001880176.1	2
fam_004560	XP_001880178.1	4
fam_004561	XP_001880180.1	4
fam_004562	XP_001880183.1	4
fam_004563	XP_001890292.1	2
fam_004564	XP_001890298.1	3
fam_004565	XP_001890312.1	2
fam_004566	XP_001890317.1	2
fam_004567	XP_001890319.1	2
fam_004568	XP_001890325.1	4
fam_004569	XP_001888948.1	1
fam_004570	XP_001890366.1	3
fam_004571	XP_001890371.1	3
fam_004572	XP_001890373.1	2
fam_004573	XP_001890376.1	3
fam_004574	XP_001890378.1	4
fam_004575	XP_001890380.1	3
fam_004576	XP_001890385.1	2
fam_004577	XP_001829561.2	2
fam_004578	XP_001829562.1	2
fam_004579	XP_001829563.2	3
fam_004580	XP_001829566.2	4
fam_004581	XP_001829569.2	3
fam_004582	XP_001829571.1	2
fam_004583	XP_001829574.2	2
fam_004584	XP_001829584.2	3
fam_004585	XP_001829595.1	3
fam_004586	XP_001829618.1	3
fam_004587	XP_001829619.2	14
fam_004588	XP_001829643.2	3
fam_004589	XP_001829658.2	4
fam_004590	XP_001829660.2	14
fam_004591	XP_001829665.1	6
fam_004592	XP_001833391.1	8
fam_004593	XP_001833392.2	2
fam_004594	XP_001833402.1	2
fam_004595	XP_001833405.2	4
fam_004596	XP_001833409.1	8
fam_004597	XP_001833419.1	4
fam_004598	XP_001833426.1	2
fam_004599	XP_001833428.2	4
fam_004600	XP_001833434.2	6
fam_004601	XP_001833449.1	4
fam_004602	XP_001833454.2	4
fam_004603	XP_001833456.1	2
fam_004604	XP_001833457.1	5
fam_004605	XP_001833461.2	4
fam_004606	XP_001833464.2	4
fam_004607	XP_001833468.2	4
fam_004608	XP_001833470.2	2
fam_004609	XP_001833471.2	3
fam_004610	XP_001833472.1	4
fam_004611	XP_001833487.2	4
fam_004612	XP_001833491.2	3
fam_004613	XP_001833503.2	4
fam_004614	XP_001833504.1	2
fam_004615	XP_001837212.2	4
fam_004616	XP_001837223.1	3
fam_004617	XP_001837228.2	4
fam_004618	XP_001837240.2	3
fam_004619	XP_001837242.2	3
fam_004620	XP_001837248.2	2
fam_004621	XP_001837251.2	2
fam_004622	XP_001837254.2	2
fam_004623	XP_001837255.2	4
fam_004624	XP_001837262.2	2
fam_004625	XP_001837292.1	4
fam_004626	XP_001837294.2	2
fam_004627	XP_001837295.1	2
fam_004628	XP_001837300.2	3
fam_004629	XP_001837302.1	3
fam_004630	XP_001837313.1	3
fam_004631	XP_001837316.2	4
fam_004632	XP_001840732.2	2
fam_004633	XP_001840733.2	2
fam_004634	XP_001840736.1	2
fam_004635	XP_001840745.2	8
fam_004636	XP_001840747.1	2
fam_004637	XP_001840752.2	2
fam_004638	XP_001840767.1	3
fam_004639	XP_001840768.2	3
fam_004640	XP_001840771.2	2
fam_004641	XP_001840775.1	2
fam_004642	XP_001840776.1	3
fam_004643	XP_001840798.2	4
fam_004644	XP_001840813.1	7
fam_004645	XP_001840815.2	2
fam_004646	XP_001840834.2	2
fam_004647	XP_001840841.2	4
fam_004648	XP_001840842.2	4
fam_004649	XP_003026365.2	2
fam_004650	XP_003026376.1	4
fam_004651	XP_003026382.1	1
fam_004652	XP_050197175.1	1
fam_004653	XP_003026401.1	4
fam_004654	XP_001880464.1	5
fam_004655	XP_001880465.1	2
fam_004656	XP_001880466.1	3
fam_004657	XP_001880474.1	5
fam_004658	XP_001880479.1	2
fam_004659	XP_001880482.1	11
fam_004660	XP_001882487.1	2
fam_004661	XP_001882494.1	2
fam_004662	XP_001882495.1	2
fam_004663	XP_001882501.1	8
fam_004664	XP_001882515.1	5
fam_004665	XP_001882529.1	2
fam_004666	XP_001882530.1	4
fam_004667	XP_001882533.1	8
fam_004668	XP_001882551.1	2
fam_004669	XP_001882562.1	4
fam_004670	XP_001882566.1	4
fam_004671	XP_001882579.1	3
fam_004672	XP_001882580.1	14
fam_004673	XP_001833284.1	4
fam_004674	XP_001833293.1	4
fam_004675	XP_001833298.1	2
fam_004676	XP_001833302.2	2
fam_004677	XP_001833307.1	4
fam_004678	XP_001833312.1	4
fam_004679	XP_001833317.2	4
fam_004680	XP_001833320.2	3
fam_004681	XP_001833321.2	4
fam_004682	XP_001833326.2	7
fam_004683	XP_001833327.2	4
fam_004684	XP_001833334.2	3
fam_004685	XP_001833335.1	4
fam_004686	XP_001833337.1	4
fam_004687	XP_001833339.2	4
fam_004688	XP_001833340.1	2
fam_004689	XP_001833345.1	3
fam_004690	XP_001833352.2	3
fam_004691	XP_001833359.1	4
fam_004692	XP_001833384.2	3
fam_004693	XP_001833385.1	3
fam_004694	XP_001833386.2	2
fam_004695	XP_001836512.2	8
fam_004696	XP_001836519.2	2
fam_004697	XP_001836520.1	4
fam_004698	XP_001836529.2	7
fam_004699	XP_001836538.1	3
fam_004700	XP_001836546.1	2
fam_004701	XP_001836550.2	4
fam_004702	XP_001836551.2	4
fam_004703	XP_001836564.2	2
fam_004704	XP_001836570.2	5
fam_004705	XP_001836583.1	4
fam_004706	XP_001836589.1	2
fam_004707	XP_001836593.2	4
fam_004708	XP_001836597.2	20
fam_004709	XP_001840125.1	1
fam_004710	XP_001840124.2	1
fam_004711	XP_001840130.2	4
fam_004712	XP_001840138.2	4
fam_004713	XP_001840145.2	4
fam_004714	XP_001840148.1	4
fam_004715	XP_001840162.2	22
fam_004716	XP_001840176.1	7
fam_004717	XP_001840182.1	3
fam_004718	XP_001840185.1	3
fam_004719	XP_001840188.1	5
fam_004720	XP_001840198.2	7
fam_004721	XP_001840202.1	4
fam_004722	XP_001840209.1	8
fam_004723	XP_001840214.1	2
fam_004724	XP_002912170.1	8
fam_004725	XP_002912178.1	2
fam_004726	XP_002912180.1	4
fam_004727	XP_002912181.1	4
fam_004728	XP_002912184.1	3
fam_004729	XP_002912202.1	3
fam_004730	XP_002912204.1	2
fam_004731	XP_002912205.1	3
fam_004732	XP_002912206.1	3
fam_004733	XP_002912208.1	9
fam_004734	XP_002912236.1	3
fam_004735	XP_002912259.1	2
fam_004736	XP_003029998.1	5
fam_004737	XP_003029999.1	4
fam_004738	XP_003030009.1	7
fam_004739	XP_003030019.1	2
fam_004740	XP_003030020.1	2
fam_004741	XP_003030024.1	1
fam_004742	XP_003029987.1	1
fam_004743	XP_003030029.1	4
fam_004744	XP_003030033.1	3
fam_004745	XP_003030035.1	4
fam_004746	XP_003030043.1	4
fam_004747	XP_003030047.1	4
fam_004748	XP_003030065.1	2
fam_004749	XP_003030070.1	4
fam_004750	XP_003030071.1	19
fam_004751	XP_003030092.1	4
fam_004752	XP_003030094.2	2
fam_004753	XP_003030101.2	3
fam_004754	XP_003034442.1	4
fam_004755	XP_003034446.2	4
fam_004756	XP_003034447.2	3
fam_004757	XP_003034452.1	4
fam_004758	XP_003034453.2	2
fam_004759	XP_003034474.1	4
fam_004760	XP_003034477.2	2
fam_004761	XP_003034497.2	4
fam_004762	XP_003034501.1	4
fam_004763	XP_003034502.1	2
fam_004764	XP_003034514.2	4
fam_004765	XP_003034519.1	3
fam_004766	XP_003034524.1	30
fam_004767	XP_003034531.1	6
fam_004768	XP_003034532.1	2
fam_004769	XP_003034537.2	4
fam_004770	XP_003034540.1	10
fam_004771	XP_003034550.1	4
fam_004772	XP_003034552.2	2
fam_004773	XP_050197037.1	3
fam_004774	XP_050197050.1	3
fam_004775	XP_050197058.1	2
fam_004776	XP_050197062.1	2
fam_004777	XP_050197065.1	2
fam_004778	XP_050197066.1	2
fam_004779	XP_050197085.1	1
fam_004780	XP_003031163.1	1
fam_004781	XP_050197118.1	2
fam_004782	XP_050197119.1	2
fam_004783	XP_050200230.1	4
fam_004784	XP_050200249.1	3
fam_004785	XP_050200250.1	4
fam_004786	XP_050200270.1	4
fam_004787	XP_050200277.1	2
fam_004788	XP_050200287.1	3
fam_004789	XP_050200293.1	3
fam_004790	XP_050200295.1	7
fam_004791	XP_050200302.1	2
fam_004792	XP_050200308.1	4
fam_004793	XP_050200311.1	3
fam_004794	XP_050200319.1	6
fam_004795	XP_050200323.1	1
fam_004796	XP_003036693.1	1
fam_004797	XP_007329616.1	3
fam_004798	XP_007329620.1	3
fam_004799	XP_007329621.1	3
fam_004800	XP_007329622.1	2
fam_004801	XP_007329630.1	2
fam_004802	XP_007329631.1	5
fam_004803	XP_007329632.1	4
fam_004804	XP_007329636.1	4
fam_004805	XP_007329638.1	3
fam_004806	XP_007329645.1	1
fam_004807	XP_007331576.1	1
fam_004808	XP_007329646.1	2
fam_004809	XP_007329648.1	6
fam_004810	XP_007329655.1	3
fam_004811	XP_007329661.1	5
fam_004812	XP_007329666.1	3
fam_004813	XP_007329668.1	4
fam_004814	XP_007329669.1	4
fam_004815	XP_007329673.1	2
fam_004816	XP_007329674.1	7
fam_004817	XP_007329677.1	2
fam_004818	XP_007329678.1	3
fam_004819	XP_007329680.1	6
fam_004820	XP_007329684.1	2
fam_004821	XP_007329686.1	3
fam_004822	XP_007329695.1	4
fam_004823	XP_007329701.1	4
fam_004824	XP_007329702.1	18
fam_004825	XP_007333210.1	3
fam_004826	XP_007333211.1	2
fam_004827	XP_007333229.1	5
fam_004828	XP_007333236.1	4
fam_004829	XP_007333244.1	3
fam_004830	XP_007333246.1	2
fam_004831	XP_007333234.1	1
fam_004832	XP_007333251.1	2
fam_004833	XP_007333257.1	6
fam_004834	XP_007333259.1	2
fam_004835	XP_007333262.1	7
fam_004836	XP_007333263.1	2
fam_004837	XP_007333264.1	38
fam_004838	XP_007333267.1	5
fam_004839	XP_007333275.1	5
fam_004840	XP_007333287.1	13
fam_004841	XP_007333292.1	3
fam_004842	XP_007333303.1	2
fam_004843	XP_007333305.1	4
fam_004844	XP_001873188.1	4
fam_004845	XP_001873190.1	2
fam_004846	XP_001873192.1	8
fam_004847	XP_001873196.1	3
fam_004848	XP_001873201.1	4
fam_004849	XP_001873209.1	4
fam_004850	XP_001873212.1	3
fam_004851	XP_001873219.1	2
fam_004852	XP_001873221.1	3
fam_004853	XP_001873224.1	3
fam_004854	XP_001873232.1	4
fam_004855	XP_001873233.1	4
fam_004856	XP_001873234.1	4
fam_004857	XP_001873235.1	4
fam_004858	XP_001873237.1	3
fam_004859	XP_001873242.1	3
fam_004860	XP_001873245.1	4
fam_004861	XP_001873248.1	4
fam_004862	XP_001873251.1	3
fam_004863	XP_001873253.1	3
fam_004864	XP_001873254.1	4
fam_004865	XP_001873260.1	3
fam_004866	XP_001873261.1	4
fam_004867	XP_001873262.1	4
fam_004868	XP_001873265.1	3
fam_004869	XP_001873266.1	3
fam_004870	XP_001873267.1	4
fam_004871	XP_001873269.1	4
fam_004872	XP_001873270.1	2
fam_004873	XP_001873275.1	3
fam_004874	XP_001873276.1	4
fam_004875	XP_001873277.1	4
fam_004876	XP_001873279.1	4
fam_004877	XP_001873281.1	5
fam_004878	XP_001873284.1	8
fam_004879	XP_001876286.1	2
fam_004880	XP_001876288.1	2
fam_004881	XP_001876294.1	4
fam_004882	XP_001876299.1	4
fam_004883	XP_001876311.1	3
fam_004884	XP_001876312.1	4
fam_004885	XP_001876317.1	29
fam_004886	XP_001876318.1	3
fam_004887	XP_001876325.1	4
fam_004888	XP_001876328.1	4
fam_004889	XP_001876329.1	2
fam_004890	XP_001876337.1	2
fam_004891	XP_001876345.1	2
fam_004892	XP_001876372.1	3
fam_004893	XP_001876376.1	2
fam_004894	XP_001879090.1	2
fam_004895	XP_001879108.1	3
fam_004896	XP_001879127.1	3
fam_004897	XP_001879132.1	2
fam_004898	XP_001879135.1	8
fam_004899	XP_001879140.1	4
fam_004900	XP_001879145.1	2
fam_004901	XP_001879149.1	5
fam_004902	XP_001879161.1	2
fam_004903	XP_001879168.1	4
fam_004904	XP_001879185.1	2
fam_004905	XP_001881998.1	2
fam_004906	XP_001882005.1	2
fam_004907	XP_001882010.1	2
fam_004908	XP_001882015.1	1
fam_004909	XP_001885775.1	2
fam_004910	XP_001882045.1	2
fam_004911	XP_001882047.1	3
fam_004912	XP_001882058.1	2
fam_004913	XP_001882066.1	2
fam_004914	XP_001882074.1	2
fam_004915	XP_001882075.1	3
fam_004916	XP_001882084.1	3
fam_004917	XP_001828280.2	4
fam_004918	XP_001828290.1	4
fam_004919	XP_001828291.2	5
fam_004920	XP_001828299.1	5
fam_004921	XP_001828301.2	1
fam_004922	XP_001828302.2	1
fam_004923	XP_001828304.1	2
fam_004924	XP_001828325.2	2
fam_004925	XP_001828355.1	4
fam_004926	XP_001828360.2	1
fam_004927	XP_001828292.2	1
fam_004928	XP_001828363.1	2
fam_004929	XP_001828382.2	4
fam_004930	XP_001829332.2	3
fam_004931	XP_001829350.2	2
fam_004932	XP_001829361.2	3
fam_004933	XP_001829364.2	3
fam_004934	XP_001829365.1	2
fam_004935	XP_001829366.1	4
fam_004936	XP_001829369.1	4
fam_004937	XP_001829371.2	2
fam_004938	XP_001829372.1	5
fam_004939	XP_001829380.1	4
fam_004940	XP_001829386.2	3
fam_004941	XP_001829389.2	3
fam_004942	XP_001829391.1	4
fam_004943	XP_001829392.1	4
fam_004944	XP_001829393.1	3
fam_004945	XP_001829412.2	15
fam_004946	XP_001829419.2	8
fam_004947	XP_001831339.2	4
fam_004948	XP_001831344.2	2
fam_004949	XP_001831346.2	5
fam_004950	XP_001831361.1	3
fam_004951	XP_001831369.2	3
fam_004952	XP_001831374.1	3
fam_004953	XP_001831377.2	2
fam_004954	XP_001831380.1	4
fam_004955	XP_001841002.2	11
fam_004956	XP_001841032.2	7
fam_004957	XP_001841035.1	2
fam_004958	XP_001841040.1	12
fam_004959	XP_001841051.2	2
fam_004960	XP_001841067.1	2
fam_004961	XP_001841070.2	3
fam_004962	XP_001841075.2	2
fam_004963	XP_001841082.2	2
fam_004964	XP_001841083.1	2
fam_004965	XP_001841094.2	3
fam_004966	XP_001841098.2	1
fam_004967	XP_001838369.2	2
fam_004968	XP_003026779.1	2
fam_004969	XP_003026792.1	2
fam_004970	XP_003026793.1	3
fam_004971	XP_003026804.1	8
fam_004972	XP_003026805.2	4
fam_004973	XP_003026807.1	3
fam_004974	XP_003026822.1	2
fam_004975	XP_003026828.1	3
fam_004976	XP_003026832.1	2
fam_004977	XP_003026846.1	2
fam_004978	XP_003026849.1	4
fam_004979	XP_003026855.1	3
fam_004980	XP_003026866.2	5
fam_004981	XP_003026876.1	1
fam_004982	XP_050197595.1	1
fam_004983	XP_003026900.1	2
fam_004984	XP_003031249.1	3
fam_004985	XP_003031275.1	3
fam_004986	XP_003031285.1	3
fam_004987	XP_003031294.1	3
fam_004988	XP_003031312.1	5
fam_004989	XP_003031375.1	3
fam_004990	XP_003035516.1	2
fam_004991	XP_003035530.1	2
fam_004992	XP_003035548.1	15
fam_004993	XP_003035570.1	3
fam_004994	XP_003035571.1	2
fam_004995	XP_003035576.1	3
fam_004996	XP_003035581.1	2
fam_004997	XP_003035586.1	14
fam_004998	XP_003035620.1	2
fam_004999	XP_003035638.1	2
fam_005000	XP_003035639.1	4
fam_005001	XP_003035642.1	3
fam_005002	XP_003035645.1	23
fam_005003	XP_003035646.1	2
fam_005004	XP_050197938.1	2
fam_005005	XP_050197939.1	1
fam_005006	XP_003027796.1	1
fam_005007	XP_050197941.1	3
fam_005008	XP_050197959.1	4
fam_005009	XP_050197971.1	2
fam_005010	XP_050197974.1	4
fam_005011	XP_050197983.1	4
fam_005012	XP_050197990.1	4
fam_005013	XP_050197991.1	4
fam_005014	XP_050198004.1	4
fam_005015	XP_050198016.1	4
fam_005016	XP_050198024.1	2
fam_005017	XP_050198027.1	2
fam_005018	XP_050201531.1	2
fam_005019	XP_050201532.1	3
fam_005020	XP_050201534.1	2
fam_005021	XP_050201540.1	4
fam_005022	XP_050201550.1	4
fam_005023	XP_050201560.1	2
fam_005024	XP_050201573.1	5
fam_005025	XP_050201590.1	4
fam_005026	XP_050201596.1	3
fam_005027	XP_050201600.1	2
fam_005028	XP_050201621.1	2
fam_005029	XP_050201626.1	4
fam_005030	XP_007325214.1	4
fam_005031	XP_007325215.1	3
fam_005032	XP_007325224.1	3
fam_005033	XP_007325225.1	3
fam_005034	XP_007325227.1	7
fam_005035	XP_007325230.1	4
fam_005036	XP_007325232.1	13
fam_005037	XP_007325239.1	2
fam_005038	XP_007325243.1	3
fam_005039	XP_007325245.1	2
fam_005040	XP_007325249.1	4
fam_005041	XP_007325256.1	4
fam_005042	XP_007325260.1	4
fam_005043	XP_007325261.1	4
fam_005044	XP_007325271.1	3
fam_005045	XP_007325272.1	2
fam_005046	XP_007325288.1	4
fam_005047	XP_007329414.1	4
fam_005048	XP_007329427.1	3
fam_005049	XP_007329430.1	4
fam_005050	XP_007329439.1	2
fam_005051	XP_007329441.1	4
fam_005052	XP_007329445.1	2
fam_005053	XP_007329447.1	4
fam_005054	XP_007329452.1	4
fam_005055	XP_007329453.1	3
fam_005056	XP_007329458.1	3
fam_005057	XP_007329464.1	3
fam_005058	XP_007329466.1	4
fam_005059	XP_007329472.1	4
fam_005060	XP_007329474.1	5
fam_005061	XP_007329480.1	3
fam_005062	XP_007329482.1	2
fam_005063	XP_007329487.1	3
fam_005064	XP_007329489.1	3
fam_005065	XP_007329493.1	4
fam_005066	XP_007329495.1	3
fam_005067	XP_007329498.1	2
fam_005068	XP_007329499.1	4
fam_005069	XP_007331309.1	2
fam_005070	XP_007331314.1	2
fam_005071	XP_007331316.1	3
fam_005072	XP_007331319.1	6
fam_005073	XP_007331327.1	3
fam_005074	XP_007331351.1	3
fam_005075	XP_007331357.1	3
fam_005076	XP_007331359.1	9
fam_005077	XP_007331363.1	4
fam_005078	XP_007331368.1	3
fam_005079	XP_007331370.1	4
fam_005080	XP_007331379.1	4
fam_005081	XP_007331381.1	8
fam_005082	XP_007331391.1	4
fam_005083	XP_007334110.1	3
fam_005084	XP_007334123.1	3
fam_005085	XP_007334136.1	3
fam_005086	XP_007334144.1	4
fam_005087	XP_007334147.1	42
fam_005088	XP_007334149.1	1
fam_005089	XP_007331665.1	1
fam_005090	XP_007334159.1	1
fam_005091	XP_007331755.1	2
fam_005092	XP_007334162.1	3
fam_005093	XP_007334164.1	5
fam_005094	XP_007334165.1	3
fam_005095	XP_007334174.1	2
fam_005096	XP_007334175.1	3
fam_005097	XP_007334178.1	2
fam_005098	XP_007334183.1	2
fam_005099	XP_007334184.1	1
fam_005100	XP_007327117.1	1
fam_005101	XP_007334188.1	3
fam_005102	XP_007334191.1	4
fam_005103	XP_007334197.1	2
fam_005104	XP_007334203.1	11
fam_005105	XP_007334205.1	3
fam_005106	XP_007334206.1	3
fam_005107	XP_001874286.1	4
fam_005108	XP_001874287.1	4
fam_005109	XP_001874291.1	3
fam_005110	XP_001874292.1	4
fam_005111	XP_001874294.1	3
fam_005112	XP_001874308.1	4
fam_005113	XP_001874320.1	10
fam_005114	XP_001874340.1	3
fam_005115	XP_001874347.1	1
fam_005116	XP_001874350.1	1
fam_005117	XP_001874352.1	13
fam_005118	XP_001874354.1	2
fam_005119	XP_001874365.1	2
fam_005120	XP_001874367.1	2
fam_005121	XP_001874381.1	2
fam_005122	XP_001876889.1	4
fam_005123	XP_001876892.1	2
fam_005124	XP_001876899.1	3
fam_005125	XP_001876901.1	2
fam_005126	XP_001876903.1	6
fam_005127	XP_001876918.1	3
fam_005128	XP_001876928.1	4
fam_005129	XP_001876937.1	2
fam_005130	XP_001876941.1	3
fam_005131	XP_001876944.1	6
fam_005132	XP_001876950.1	5
fam_005133	XP_001876952.1	2
fam_005134	XP_001876954.1	4
fam_005135	XP_001876960.1	5
fam_005136	XP_001876966.1	4
fam_005137	XP_001876973.1	4
fam_005138	XP_001876984.1	4
fam_005139	XP_001879190.1	6
fam_005140	XP_001879191.1	3
fam_005141	XP_001879197.1	4
fam_005142	XP_001879214.1	4
fam_005143	XP_001879223.1	2
fam_005144	XP_001879224.1	4
fam_005145	XP_001879225.1	3
fam_005146	XP_001879226.1	4
fam_005147	XP_001879237.1	3
fam_005148	XP_001879249.1	6
fam_005149	XP_001879257.1	8
fam_005150	XP_001879273.1	3
fam_005151	XP_001879284.1	2
fam_005152	XP_001883293.1	4
fam_005153	XP_001883298.1	9
fam_005154	XP_001883305.1	2
fam_005155	XP_001883308.1	4
fam_005156	XP_001883316.1	6
fam_005157	XP_001883317.1	3
fam_005158	XP_001883320.1	2
fam_005159	XP_001883328.1	2
fam_005160	XP_001883331.1	2
fam_005161	XP_001883332.1	2
fam_005162	XP_001883343.1	3
fam_005163	XP_001883344.1	7
fam_005164	XP_001883358.1	10
fam_005165	XP_001883376.1	1
fam_005166	XP_001874098.1	1
fam_005167	XP_001883382.1	2
fam_005168	XP_001883789.1	3
fam_005169	XP_001883793.1	4
fam_005170	XP_001883798.1	2
fam_005171	XP_001883803.1	4
fam_005172	XP_001883805.1	3
fam_005173	XP_001883821.1	2
fam_005174	XP_001883829.1	2
fam_005175	XP_001883839.1	2
fam_005176	XP_001883840.1	4
fam_005177	XP_001883868.1	2
fam_005178	XP_001883884.1	3
fam_005179	XP_001884690.1	4
fam_005180	XP_001884705.1	4
fam_005181	XP_001884710.1	2
fam_005182	XP_001884712.1	4
fam_005183	XP_001884717.1	2
fam_005184	XP_001884722.1	5
fam_005185	XP_001884724.1	2
fam_005186	XP_001884725.1	2
fam_005187	XP_001884741.1	5
fam_005188	XP_001884752.1	3
fam_005189	XP_001884756.1	4
fam_005190	XP_001884759.1	3
fam_005191	XP_001884761.1	4
fam_005192	XP_001884764.1	3
fam_005193	XP_001884769.1	5
fam_005194	XP_001884772.1	2
fam_005195	XP_001884774.1	2
fam_005196	XP_001884779.1	9
fam_005197	XP_001884784.1	4
fam_005198	XP_001885491.1	2
fam_005199	XP_001885513.1	1
fam_005200	XP_001885514.1	3
fam_005201	XP_001885515.1	2
fam_005202	XP_001885528.1	2
fam_005203	XP_001885535.1	5
fam_005204	XP_001885538.1	3
fam_005205	XP_001885541.1	3
fam_005206	XP_001885549.1	2
fam_005207	XP_001885553.1	5
fam_005208	XP_001885567.1	2
fam_005209	XP_001885568.1	3
fam_005210	XP_001885571.1	2
fam_005211	XP_001885577.1	2
fam_005212	XP_001878976.1	3
fam_005213	XP_001878977.1	2
fam_005214	XP_001888193.1	3
fam_005215	XP_001888197.1	2
fam_005216	XP_001888200.1	1
fam_005217	XP_001888199.1	1
fam_005218	XP_001888216.1	3
fam_005219	XP_001888218.1	7
fam_005220	XP_001888219.1	4
fam_005221	XP_001888220.1	2
fam_005222	XP_001888224.1	2
fam_005223	XP_001888225.1	3
fam_005224	XP_001888236.1	1
fam_005225	XP_001888235.1	1
fam_005226	XP_001888245.1	8
fam_005227	XP_001888250.1	2
fam_005228	XP_001888258.1	2
fam_005229	XP_001888261.1	2
fam_005230	XP_001888272.1	2
fam_005231	XP_001888278.1	2
fam_005232	XP_001888282.1	2
fam_005233	XP_001888283.1	2
fam_005234	XP_001888287.1	2
fam_005235	XP_001889192.1	4
fam_005236	XP_001889200.1	2
fam_005237	XP_001889202.1	3
fam_005238	XP_001889224.1	5
fam_005239	XP_001889234.1	2
fam_005240	XP_001889242.1	2
fam_005241	XP_001889248.1	2
fam_005242	XP_001889250.1	1
fam_005243	XP_001885164.1	1
fam_005244	XP_001889251.1	1
fam_005245	XP_001885163.1	1
fam_005246	XP_001889275.1	3
fam_005247	XP_001889280.1	1
fam_005248	XP_001885070.1	1
fam_005249	XP_001889284.1	3
fam_005250	XP_001890388.1	3
fam_005251	XP_001890391.1	2
fam_005252	XP_001890392.1	2
fam_005253	XP_001890394.1	4
fam_005254	XP_001890399.1	2
fam_005255	XP_001890407.1	2
fam_005256	XP_001890419.1	2
fam_005257	XP_001890432.1	3
fam_005258	XP_001890436.1	2
fam_005259	XP_001890442.1	2
fam_005260	XP_001890451.1	2
fam_005261	XP_001890462.1	2
fam_005262	XP_001890463.1	2
fam_005263	XP_001890467.1	2
fam_005264	XP_001890471.1	4
fam_005265	XP_001890481.1	6
fam_005266	XP_001890482.1	2
fam_005267	XP_001890484.1	2
fam_005268	XP_001828977.1	2
fam_005269	XP_001828980.1	3
fam_005270	XP_001828987.2	4
fam_005271	XP_001828990.1	4
fam_005272	XP_001828994.2	2
fam_005273	XP_001829007.2	2
fam_005274	XP_002912149.1	1
fam_005275	XP_001829023.2	4
fam_005276	XP_001829033.2	3
fam_005277	XP_001829034.2	4
fam_005278	XP_001829046.1	3
fam_005279	XP_001829047.2	4
fam_005280	XP_001829050.1	3
fam_005281	XP_001829069.1	4
fam_005282	XP_001829078.2	4
fam_005283	XP_001829079.2	4
fam_005284	XP_001829082.2	2
fam_005285	XP_001830858.2	2
fam_005286	XP_001830860.1	2
fam_005287	XP_001830861.1	4
fam_005288	XP_001830872.2	4
fam_005289	XP_001830879.2	2
fam_005290	XP_001830888.1	3
fam_005291	XP_001830899.1	2
fam_005292	XP_001830903.1	3
fam_005293	XP_001830904.1	2
fam_005294	XP_001830911.2	2
fam_005295	XP_001830920.2	2
fam_005296	XP_001830922.1	2
fam_005297	XP_001830925.2	2
fam_005298	XP_001830930.2	3
fam_005299	XP_001830932.1	3
fam_005300	XP_001830937.1	2
fam_005301	XP_001830946.2	4
fam_005302	XP_001830955.2	4
fam_005303	XP_001830968.2	2
fam_005304	XP_001830972.2	3
fam_005305	XP_001832925.1	6
fam_005306	XP_001832928.1	3
fam_005307	XP_001832934.1	4
fam_005308	XP_001832951.2	2
fam_005309	XP_001832953.1	2
fam_005310	XP_001832954.2	2
fam_005311	XP_001832961.2	2
fam_005312	XP_001832986.2	4
fam_005313	XP_001832994.2	4
fam_005314	XP_001832998.1	2
fam_005315	XP_001833003.1	3
fam_005316	XP_001833004.1	3
fam_005317	XP_001833008.1	2
fam_005318	XP_001833014.2	2
fam_005319	XP_001833015.1	3
fam_005320	XP_001833019.1	4
fam_005321	XP_001833020.2	4
fam_005322	XP_001833028.2	4
fam_005323	XP_001833031.1	2
fam_005324	XP_001833035.2	4
fam_005325	XP_001833037.2	5
fam_005326	XP_001833038.2	4
fam_005327	XP_001836159.1	2
fam_005328	XP_001836161.2	3
fam_005329	XP_001836162.1	4
fam_005330	XP_001836163.1	2
fam_005331	XP_001836168.1	2
fam_005332	XP_001836172.1	2
fam_005333	XP_001836175.2	4
fam_005334	XP_001836184.1	2
fam_005335	XP_001836185.1	4
fam_005336	XP_001836189.1	4
fam_005337	XP_001836193.2	4
fam_005338	XP_001836202.2	3
fam_005339	XP_001836205.1	1
fam_005340	XP_001836206.2	1
fam_005341	XP_001836212.1	4
fam_005342	XP_001836216.1	3
fam_005343	XP_001836226.2	3
fam_005344	XP_001836242.2	3
fam_005345	XP_001836244.1	34
fam_005346	XP_001836248.2	3
fam_005347	XP_001840475.1	6
fam_005348	XP_001840488.1	2
fam_005349	XP_001840490.2	3
fam_005350	XP_001840494.2	9
fam_005351	XP_001840496.2	1
fam_005352	XP_001840497.2	1
fam_005353	XP_001840498.2	2
fam_005354	XP_001840515.2	20
fam_005355	XP_001840516.1	3
fam_005356	XP_001840530.1	10
fam_005357	XP_001840541.1	2
fam_005358	XP_001840551.1	2
fam_005359	XP_001840567.1	2
fam_005360	XP_001840568.2	30
fam_005361	XP_001840577.2	7
fam_005362	XP_001840579.2	6
fam_005363	XP_001840588.1	3
fam_005364	XP_001840593.2	4
fam_005365	XP_001840594.2	3
fam_005366	XP_022234924.1	2
fam_005367	XP_022234929.1	2
fam_005368	XP_003025878.1	4
fam_005369	XP_003025885.1	2
fam_005370	XP_003025887.1	1
fam_005371	XP_003026378.1	1
fam_005372	XP_003025920.1	1
fam_005373	XP_003025908.2	1
fam_005374	XP_003025922.1	2
fam_005375	XP_003025924.1	4
fam_005376	XP_003025932.1	4
fam_005377	XP_003025947.1	3
fam_005378	XP_003025953.1	2
fam_005379	XP_003025954.1	3
fam_005380	XP_003029861.2	2
fam_005381	XP_003029877.1	4
fam_005382	XP_003029881.1	3
fam_005383	XP_003029882.1	3
fam_005384	XP_003029885.1	2
fam_005385	XP_003029886.1	1
fam_005386	XP_003029904.1	4
fam_005387	XP_003029916.2	3
fam_005388	XP_003029919.2	4
fam_005389	XP_003029948.1	2
fam_005390	XP_003029953.1	4
fam_005391	XP_003029980.1	3
fam_005392	XP_003034073.2	1
fam_005393	XP_003034040.2	1
fam_005394	XP_003034084.1	3
fam_005395	XP_003034103.1	2
fam_005396	XP_003034114.1	8
fam_005397	XP_003034130.2	2
fam_005398	XP_003034143.1	2
fam_005399	XP_003034144.1	2
fam_005400	XP_003034145.1	2
fam_005401	XP_003034159.1	2
fam_005402	XP_003037654.1	5
fam_005403	XP_003037669.2	2
fam_005404	XP_003037686.1	3
fam_005405	XP_003037693.1	25
fam_005406	XP_003037701.1	2
fam_005407	XP_003037720.2	7
fam_005408	XP_003037721.2	3
fam_005409	XP_003037723.2	3
fam_005410	XP_003037724.1	3
fam_005411	XP_003037736.1	4
fam_005412	XP_003037738.1	4
fam_005413	XP_003037747.1	2
fam_005414	XP_003037769.1	3
fam_005415	XP_003037771.2	2
fam_005416	XP_050199332.1	9
fam_005417	XP_050199333.1	4
fam_005418	XP_050199341.1	1
fam_005419	XP_003030435.2	1
fam_005420	XP_050199359.1	4
fam_005421	XP_050199368.1	2
fam_005422	XP_050199380.1	5
fam_005423	XP_050199391.1	3
fam_005424	XP_050199410.1	2
fam_005425	XP_050199411.1	2
fam_005426	XP_050199413.1	4
fam_005427	XP_050199416.1	3
fam_005428	XP_050199420.1	9
fam_005429	XP_050199422.1	2
fam_005430	XP_050199423.1	5
fam_005431	XP_050202229.1	2
fam_005432	XP_050202246.1	4
fam_005433	XP_050202257.1	3
fam_005434	XP_050202259.1	2
fam_005435	XP_050202260.1	1
fam_005436	XP_050199919.1	1
fam_005437	XP_050202273.1	4
fam_005438	XP_050202275.1	4
fam_005439	XP_050202279.1	3
fam_005440	XP_050202281.1	1
fam_005441	XP_003038646.1	1
fam_005442	XP_050202289.1	3
fam_005443	XP_050202296.1	2
fam_005444	XP_050202299.1	4
fam_005445	XP_050202304.1	2
fam_005446	XP_050202310.1	3
fam_005447	XP_007326010.1	2
fam_005448	XP_007326015.1	4
fam_005449	XP_007326017.1	2
fam_005450	XP_007326026.1	2
fam_005451	XP_007326029.1	2
fam_005452	XP_007326033.1	2
fam_005453	XP_007326034.1	4
fam_005454	XP_007326038.1	3
fam_005455	XP_007326039.1	3
fam_005456	XP_007326045.1	4
fam_005457	XP_007326046.1	3
fam_005458	XP_007326047.1	2
fam_005459	XP_007326057.1	4
fam_005460	XP_007326064.1	2
fam_005461	XP_007326078.1	5
fam_005462	XP_007326080.1	4
fam_005463	XP_007326089.1	4
fam_005464	XP_007326093.1	3
fam_005465	XP_007326099.1	7
fam_005466	XP_007326100.1	2
fam_005467	XP_007326102.1	4
fam_005468	XP_007326103.1	4
fam_005469	XP_007326105.1	4
fam_005470	XP_007331819.1	5
fam_005471	XP_007331822.1	3
fam_005472	XP_007331833.1	2
fam_005473	XP_007331834.1	3
fam_005474	XP_007331835.1	1
fam_005475	XP_007333838.1	1
fam_005476	XP_007331838.1	4
fam_005477	XP_007331852.1	5
fam_005478	XP_007331865.1	4
fam_005479	XP_007331868.1	4
fam_005480	XP_007331870.1	24
fam_005481	XP_007331871.1	2
fam_005482	XP_007331873.1	2
fam_005483	XP_007331876.1	5
fam_005484	XP_007331890.1	3
fam_005485	XP_007331903.1	4
fam_005486	XP_007335008.1	4
fam_005487	XP_007335020.1	2
fam_005488	XP_007335023.1	2
fam_005489	XP_007335050.1	3
fam_005490	XP_007335055.1	2
fam_005491	XP_007335059.1	2
fam_005492	XP_007335064.1	2
fam_005493	XP_007335065.1	3
fam_005494	XP_007335079.1	1
fam_005495	XP_007333885.1	1
fam_005496	XP_007335096.1	6
fam_005497	XP_007335097.1	2
fam_005498	XP_007335103.1	2
fam_005499	XP_001875102.1	2
fam_005500	XP_001875106.1	6
fam_005501	XP_001875110.1	4
fam_005502	XP_001875125.1	4
fam_005503	XP_001875126.1	3
fam_005504	XP_001875127.1	2
fam_005505	XP_001875137.1	8
fam_005506	XP_001875143.1	4
fam_005507	XP_001875145.1	2
fam_005508	XP_001875156.1	2
fam_005509	XP_001875164.1	3
fam_005510	XP_001875165.1	3
fam_005511	XP_001875173.1	3
fam_005512	XP_001875176.1	4
fam_005513	XP_001875181.1	4
fam_005514	XP_001878286.1	2
fam_005515	XP_001878290.1	3
fam_005516	XP_001879734.1	4
fam_005517	XP_001879735.1	4
fam_005518	XP_001879745.1	2
fam_005519	XP_001879751.1	11
fam_005520	XP_001879752.1	4
fam_005521	XP_001879755.1	3
fam_005522	XP_001879761.1	2
fam_005523	XP_001879775.1	2
fam_005524	XP_001879777.1	4
fam_005525	XP_001879780.1	2
fam_005526	XP_001879785.1	4
fam_005527	XP_001888798.1	2
fam_005528	XP_001887472.1	1
fam_005529	XP_001888803.1	3
fam_005530	XP_001888808.1	1
fam_005531	XP_001888809.1	1
fam_005532	XP_001888810.1	2
fam_005533	XP_001888843.1	2
fam_005534	XP_001888861.1	32
fam_005535	XP_001888880.1	3
fam_005536	XP_001888884.1	2
fam_005537	XP_001889689.1	2
fam_005538	XP_001889691.1	2
fam_005539	XP_001889710.1	3
fam_005540	XP_001889718.1	2
fam_005541	XP_001889734.1	4
fam_005542	XP_001889743.1	2
fam_005543	XP_001889761.1	5
fam_005544	XP_001889762.1	16
fam_005545	XP_001889764.1	2
fam_005546	XP_001889769.1	3
fam_005547	XP_001889775.1	2
fam_005548	XP_001890888.1	2
fam_005549	XP_001890889.1	2
fam_005550	XP_001890897.1	2
fam_005551	XP_001890904.1	2
fam_005552	XP_001890910.1	2
fam_005553	XP_001890912.1	2
fam_005554	XP_001890921.1	1
fam_005555	XP_001887503.1	1
fam_005556	XP_001890922.1	2
fam_005557	XP_001890925.1	2
fam_005558	XP_001890926.1	2
fam_005559	XP_001890930.1	2
fam_005560	XP_001890932.1	2
fam_005561	XP_001890936.1	2
fam_005562	XP_001890938.1	3
fam_005563	XP_001890939.1	2
fam_005564	XP_001890940.1	2
fam_005565	XP_001890941.1	2
fam_005566	XP_001890946.1	3
fam_005567	XP_001890949.1	1
fam_005568	XP_001885396.1	1
fam_005569	XP_001890967.1	2
fam_005570	XP_001890968.1	1
fam_005571	XP_001881952.1	1
fam_005572	XP_001890969.1	2
fam_005573	XP_001890970.1	2
fam_005574	XP_001890971.1	3
fam_005575	XP_001890986.1	2
fam_005576	XP_001829210.2	4
fam_005577	XP_001829212.1	2
fam_005578	XP_001829223.2	2
fam_005579	XP_001829233.2	4
fam_005580	XP_001829241.2	2
fam_005581	XP_001829244.2	3
fam_005582	XP_001829249.1	2
fam_005583	XP_001829257.1	3
fam_005584	XP_001829277.2	4
fam_005585	XP_001829287.1	2
fam_005586	XP_001829289.1	4
fam_005587	XP_001829291.2	17
fam_005588	XP_001829298.2	4
fam_005589	XP_001829304.2	4
fam_005590	XP_001829309.2	3
fam_005591	XP_001829311.2	2
fam_005592	XP_001829325.2	3
fam_005593	XP_001829327.2	3
fam_005594	XP_001831442.2	4
fam_005595	XP_001831444.2	2
fam_005596	XP_001831449.1	2
fam_005597	XP_001831459.2	3
fam_005598	XP_001831463.2	4
fam_005599	XP_001831465.2	4
fam_005600	XP_001831466.2	4
fam_005601	XP_001831475.2	4
fam_005602	XP_001831480.1	4
fam_005603	XP_001831485.1	4
fam_005604	XP_001831487.2	2
fam_005605	XP_001831489.2	6
fam_005606	XP_001831503.2	2
fam_005607	XP_001831508.1	4
fam_005608	XP_001831515.1	2
fam_005609	XP_001831521.1	4
fam_005610	XP_001831523.2	2
fam_005611	XP_001831524.1	3
fam_005612	XP_001831561.1	3
fam_005613	XP_001831579.2	2
fam_005614	XP_001834132.1	1
fam_005615	XP_001834104.1	1
fam_005616	XP_001834145.2	2
fam_005617	XP_001834159.2	8
fam_005618	XP_001834167.2	4
fam_005619	XP_001834168.2	2
fam_005620	XP_001834182.1	2
fam_005621	XP_001834196.1	2
fam_005622	XP_001834202.1	6
fam_005623	XP_001834203.2	10
fam_005624	XP_001834216.2	2
fam_005625	XP_001834217.1	4
fam_005626	XP_001834222.2	2
fam_005627	XP_001834223.2	3
fam_005628	XP_001834228.2	1
fam_005629	XP_001839418.1	1
fam_005630	XP_001834267.2	3
fam_005631	XP_001834273.2	1
fam_005632	XP_001832171.1	1
fam_005633	XP_001834276.2	2
fam_005634	XP_001834277.2	3
fam_005635	XP_001834280.2	2
fam_005636	XP_001837795.1	4
fam_005637	XP_001837797.1	3
fam_005638	XP_001837811.1	3
fam_005639	XP_001837812.2	2
fam_005640	XP_001837813.2	2
fam_005641	XP_001837820.1	4
fam_005642	XP_001837830.1	4
fam_005643	XP_001837833.1	5
fam_005644	XP_001837853.2	4
fam_005645	XP_001837860.1	8
fam_005646	XP_001837862.2	4
fam_005647	XP_001837876.2	4
fam_005648	XP_001837877.1	3
fam_005649	XP_001837879.2	3
fam_005650	XP_001837891.2	4
fam_005651	XP_001841549.1	2
fam_005652	XP_001841560.2	3
fam_005653	XP_001841602.1	2
fam_005654	XP_002910037.1	3
fam_005655	XP_003026910.1	2
fam_005656	XP_003026939.1	1
fam_005657	XP_003028348.1	1
fam_005658	XP_003026940.1	3
fam_005659	XP_003026947.1	4
fam_005660	XP_003026959.1	2
fam_005661	XP_003026960.1	5
fam_005662	XP_003026966.1	2
fam_005663	XP_003026982.1	3
fam_005664	XP_003026996.1	8
fam_005665	XP_003027021.1	2
fam_005666	XP_003027037.1	2
fam_005667	XP_003027043.1	5
fam_005668	XP_003027046.1	1
fam_005669	XP_050197352.1	1
fam_005670	XP_003027049.1	2
fam_005671	XP_003030827.2	2
fam_005672	XP_003030832.2	3
fam_005673	XP_003030872.1	2
fam_005674	XP_003030873.1	16
fam_005675	XP_003030887.1	4
fam_005676	XP_003030909.1	4
fam_005677	XP_003030910.2	4
fam_005678	XP_003030915.1	2
fam_005679	XP_003030933.2	4
fam_005680	XP_003030936.1	14
fam_005681	XP_003030946.1	2
fam_005682	XP_003030950.2	4
fam_005683	XP_003030952.2	2
fam_005684	XP_003030954.2	2
fam_005685	XP_003030956.1	4
fam_005686	XP_003030959.1	7
fam_005687	XP_003034700.1	3
fam_005688	XP_003034707.1	4
fam_005689	XP_003034712.1	5
fam_005690	XP_003034714.1	4
fam_005691	XP_003034720.2	5
fam_005692	XP_003034742.1	1
fam_005693	XP_003034738.1	1
fam_005694	XP_003034745.2	2
fam_005695	XP_003034748.1	3
fam_005696	XP_003034775.1	6
fam_005697	XP_003034782.1	2
fam_005698	XP_003034793.1	3
fam_005699	XP_003038770.1	2
fam_005700	XP_003038772.1	13
fam_005701	XP_003038784.1	10
fam_005702	XP_003038787.1	2
fam_005703	XP_003038788.1	7
fam_005704	XP_003038800.1	4
fam_005705	XP_003038805.1	2
fam_005706	XP_003038806.1	2
fam_005707	XP_003038811.1	4
fam_005708	XP_003038814.1	4
fam_005709	XP_003038825.1	4
fam_005710	XP_003038836.1	4
fam_005711	XP_003038837.1	2
fam_005712	XP_003038843.1	7
fam_005713	XP_003038850.1	3
fam_005714	XP_003038856.1	3
fam_005715	XP_003038869.2	2
fam_005716	XP_003038872.1	4
fam_005717	XP_003038877.1	2
fam_005718	XP_050199630.1	4
fam_005719	XP_050199641.1	4
fam_005720	XP_050199648.1	3
fam_005721	XP_050199671.1	2
fam_005722	XP_050199675.1	2
fam_005723	XP_050199676.1	5
fam_005724	XP_050199679.1	4
fam_005725	XP_050199689.1	13
fam_005726	XP_050199696.1	6
fam_005727	XP_050202735.1	2
fam_005728	XP_050202740.1	4
fam_005729	XP_050202757.1	4
fam_005730	XP_050202758.1	3
fam_005731	XP_050202769.1	2
fam_005732	XP_050202796.1	4
fam_005733	XP_050202798.1	4
fam_005734	XP_050202799.1	5
fam_005735	XP_050202805.1	3
fam_005736	XP_050202810.1	5
fam_005737	XP_050202811.1	4
fam_005738	XP_050202819.1	2
fam_005739	XP_050202827.1	2
fam_005740	XP_007326220.1	3
fam_005741	XP_007326221.1	3
fam_005742	XP_007326231.1	3
fam_005743	XP_007326235.1	3
fam_005744	XP_007326248.1	4
fam_005745	XP_007326249.1	4
fam_005746	XP_007326253.1	3
fam_005747	XP_007326256.1	3
fam_005748	XP_007326258.1	4
fam_005749	XP_007326259.1	3
fam_005750	XP_007326261.1	6
fam_005751	XP_007326262.1	4
fam_005752	XP_007326264.1	29
fam_005753	XP_007326265.1	4
fam_005754	XP_007326268.1	2
fam_005755	XP_007326278.1	2
fam_005756	XP_007326281.1	11
fam_005757	XP_007326285.1	3
fam_005758	XP_007326287.1	4
fam_005759	XP_007326300.1	2
fam_005760	XP_007326303.1	2
fam_005761	XP_007326412.1	8
fam_005762	XP_007326414.1	4
fam_005763	XP_007326418.1	2
fam_005764	XP_007326419.1	2
fam_005765	XP_007326423.1	4
fam_005766	XP_007326430.1	3
fam_005767	XP_007326431.1	4
fam_005768	XP_007326435.1	4
fam_005769	XP_007326437.1	2
fam_005770	XP_007326439.1	2
fam_005771	XP_007326441.1	4
fam_005772	XP_007326444.1	4
fam_005773	XP_007326455.1	2
fam_005774	XP_007326468.1	4
fam_005775	XP_007326472.1	3
fam_005776	XP_007326477.1	4
fam_005777	XP_007326478.1	3
fam_005778	XP_007326496.1	4
fam_005779	XP_007326499.1	4
fam_005780	XP_007326502.1	4
fam_005781	XP_007326911.1	3
fam_005782	XP_007326912.1	3
fam_005783	XP_007326914.1	4
fam_005784	XP_007326920.1	2
fam_005785	XP_007326924.1	4
fam_005786	XP_007326931.1	6
fam_005787	XP_007326932.1	3
fam_005788	XP_007326939.1	4
fam_005789	XP_007326940.1	4
fam_005790	XP_007326946.1	2
fam_005791	XP_007326955.1	4
fam_005792	XP_007326957.1	3
fam_005793	XP_007326963.1	4
fam_005794	XP_007326965.1	2
fam_005795	XP_007326971.1	4
fam_005796	XP_007326985.1	5
fam_005797	XP_007327006.1	4
fam_005798	XP_007327709.1	4
fam_005799	XP_007327711.1	4
fam_005800	XP_007327712.1	4
fam_005801	XP_007327713.1	3
fam_005802	XP_007327716.1	2
fam_005803	XP_007327719.1	4
fam_005804	XP_007327727.1	1
fam_005805	XP_007327740.1	1
fam_005806	XP_007327729.1	2
fam_005807	XP_007327750.1	8
fam_005808	XP_007327751.1	4
fam_005809	XP_007327757.1	16
fam_005810	XP_007327762.1	3
fam_005811	XP_007327773.1	4
fam_005812	XP_007327784.1	2
fam_005813	XP_007327788.1	3
fam_005814	XP_007327792.1	31
fam_005815	XP_007327797.1	3
fam_005816	XP_007329310.1	2
fam_005817	XP_007329312.1	4
fam_005818	XP_007329318.1	4
fam_005819	XP_007329322.1	4
fam_005820	XP_007329324.1	4
fam_005821	XP_007329327.1	3
fam_005822	XP_007329330.1	3
fam_005823	XP_007329986.1	2
fam_005824	XP_007329987.1	2
fam_005825	XP_007330002.1	2
fam_005826	XP_007332408.1	11
fam_005827	XP_007332410.1	2
fam_005828	XP_007332411.1	2
fam_005829	XP_007332426.1	4
fam_005830	XP_007332427.1	16
fam_005831	XP_007332448.1	2
fam_005832	XP_007332452.1	2
fam_005833	XP_007332457.1	4
fam_005834	XP_007332466.1	2
fam_005835	XP_007332470.1	3
fam_005836	XP_007332472.1	3
fam_005837	XP_007332473.1	2
fam_005838	XP_007332474.1	11
fam_005839	XP_007332484.1	16
fam_005840	XP_007332487.1	2
fam_005841	XP_007332505.1	2
fam_005842	XP_007335617.1	3
fam_005843	XP_007335618.1	3
fam_005844	XP_007335623.1	2
fam_005845	XP_007335629.1	2
fam_005846	XP_007335640.1	2
fam_005847	XP_007335646.1	2
fam_005848	XP_007335651.1	2
fam_005849	XP_007335653.1	2
fam_005850	XP_007335658.1	4
fam_005851	XP_007335659.1	3
fam_005852	XP_007335662.1	2
fam_005853	XP_007335670.1	2
fam_005854	XP_007335677.1	5
fam_005855	XP_007335685.1	13
fam_005856	XP_007335686.1	7
fam_005857	XP_007335700.1	3
fam_005858	XP_007335702.1	3
fam_005859	XP_007335703.1	3
fam_005860	XP_007335709.1	2
fam_005861	XP_001875688.1	4
fam_005862	XP_001875689.1	4
fam_005863	XP_001875690.1	2
fam_005864	XP_001875706.1	4
fam_005865	XP_001875710.1	3
fam_005866	XP_001875713.1	6
fam_005867	XP_001875721.1	7
fam_005868	XP_001875724.1	4
fam_005869	XP_001875727.1	1
fam_005870	XP_001875822.1	1
fam_005871	XP_001875729.1	4
fam_005872	XP_001875740.1	42
fam_005873	XP_001875741.1	4
fam_005874	XP_001875751.1	4
fam_005875	XP_001875757.1	4
fam_005876	XP_001875761.1	4
fam_005877	XP_001875778.1	4
fam_005878	XP_001875783.1	4
fam_005879	XP_001878088.1	5
fam_005880	XP_001878089.1	2
fam_005881	XP_001878095.1	5
fam_005882	XP_001878102.1	2
fam_005883	XP_001878103.1	2
fam_005884	XP_001878106.1	2
fam_005885	XP_001878115.1	2
fam_005886	XP_001878117.1	3
fam_005887	XP_001878122.1	3
fam_005888	XP_001878135.1	4
fam_005889	XP_001878145.1	4
fam_005890	XP_001878154.1	4
fam_005891	XP_001878158.1	4
fam_005892	XP_001878178.1	4
fam_005893	XP_001878179.1	4
fam_005894	XP_001878181.1	4
fam_005895	XP_001880302.1	2
fam_005896	XP_001880307.1	3
fam_005897	XP_001880329.1	7
fam_005898	XP_001880330.1	2
fam_005899	XP_001880343.1	3
fam_005900	XP_001880348.1	8
fam_005901	XP_001880349.1	4
fam_005902	XP_001880356.1	3
fam_005903	XP_001880358.1	3
fam_005904	XP_001880362.1	4
fam_005905	XP_001880368.1	4
fam_005906	XP_001880371.1	2
fam_005907	XP_001880379.1	2
fam_005908	XP_001880382.1	4
fam_005909	XP_001890690.1	3
fam_005910	XP_001890693.1	2
fam_005911	XP_001890694.1	2
fam_005912	XP_001890699.1	2
fam_005913	XP_001890703.1	1
fam_005914	XP_001889621.1	1
fam_005915	XP_001890705.1	6
fam_005916	XP_001890706.1	1
fam_005917	XP_001889618.1	1
fam_005918	XP_001890707.1	2
fam_005919	XP_001890713.1	2
fam_005920	XP_001890719.1	2
fam_005921	XP_001890720.1	2
fam_005922	XP_001890725.1	5
fam_005923	XP_001890728.1	1
fam_005924	XP_001890349.1	1
fam_005925	XP_001890730.1	2
fam_005926	XP_001890734.1	2
fam_005927	XP_001890741.1	1
fam_005928	XP_001889255.1	1
fam_005929	XP_001890746.1	2
fam_005930	XP_001890749.1	3
fam_005931	XP_001890757.1	2
fam_005932	XP_001890761.1	2
fam_005933	XP_001890762.1	2
fam_005934	XP_001890764.1	2
fam_005935	XP_001890767.1	2
fam_005936	XP_001890775.1	2
fam_005937	XP_001890786.1	2
fam_005938	XP_001828647.2	4
fam_005939	XP_001828649.2	4
fam_005940	XP_001828650.2	2
fam_005941	XP_001828652.2	3
fam_005942	XP_001828658.2	3
fam_005943	XP_001828659.1	6
fam_005944	XP_001828663.1	3
fam_005945	XP_001828666.1	1
fam_005946	XP_001829128.2	1
fam_005947	XP_001828674.1	4
fam_005948	XP_001828687.2	2
fam_005949	XP_001828693.1	3
fam_005950	XP_001828695.2	3
fam_005951	XP_001828697.2	5
fam_005952	XP_001828700.1	2
fam_005953	XP_001828703.2	3
fam_005954	XP_001828705.2	3
fam_005955	XP_001828706.2	3
fam_005956	XP_001828710.1	4
fam_005957	XP_001828716.2	4
fam_005958	XP_001828718.2	4
fam_005959	XP_001828720.2	2
fam_005960	XP_001828721.2	4
fam_005961	XP_001828728.1	3
fam_005962	XP_001828731.2	2
fam_005963	XP_001828737.2	2
fam_005964	XP_001828738.2	4
fam_005965	XP_001828748.2	4
fam_005966	XP_001828752.2	3
fam_005967	XP_001830164.1	3
fam_005968	XP_001830169.2	3
fam_005969	XP_001830177.2	4
fam_005970	XP_001830178.1	4
fam_005971	XP_001830180.1	2
fam_005972	XP_001830183.2	2
fam_005973	XP_001830185.2	3
fam_005974	XP_001830209.1	2
fam_005975	XP_001830210.2	4
fam_005976	XP_001830211.2	4
fam_005977	XP_001830213.2	3
fam_005978	XP_001830214.2	4
fam_005979	XP_001830229.2	4
fam_005980	XP_001830231.1	3
fam_005981	XP_001830242.1	3
fam_005982	XP_001830245.2	4
fam_005983	XP_001830248.2	4
fam_005984	XP_001830251.2	4
fam_005985	XP_001830265.1	3
fam_005986	XP_001830271.1	4
fam_005987	XP_001830276.2	2
fam_005988	XP_001831697.2	2
fam_005989	XP_001831705.2	2
fam_005990	XP_001831714.1	3
fam_005991	XP_001831717.1	2
fam_005992	XP_001831725.1	3
fam_005993	XP_001831728.1	7
fam_005994	XP_001831742.2	3
fam_005995	XP_001831748.2	2
fam_005996	XP_001831749.2	3
fam_005997	XP_001831755.1	2
fam_005998	XP_001831761.1	5
fam_005999	XP_001831782.2	4
fam_006000	XP_001831787.1	2
fam_006001	XP_001831799.2	2
fam_006002	XP_001831803.1	10
fam_006003	XP_001831804.1	4
fam_006004	XP_001831805.1	2
fam_006005	XP_001831809.2	1
fam_006006	XP_001832755.1	1
fam_006007	XP_001834652.1	3
fam_006008	XP_001834653.1	2
fam_006009	XP_001834654.1	3
fam_006010	XP_001834660.2	2
fam_006011	XP_001834661.1	4
fam_006012	XP_001834663.2	4
fam_006013	XP_001834664.1	4
fam_006014	XP_001834665.2	51
fam_006015	XP_001834667.1	4
fam_006016	XP_001834669.2	2
fam_006017	XP_001834675.1	2
fam_006018	XP_001834679.1	3
fam_006019	XP_001834695.1	2
fam_006020	XP_001834698.1	4
fam_006021	XP_001834700.1	2
fam_006022	XP_001834735.2	8
fam_006023	XP_001834767.2	1
fam_006024	XP_001834748.2	1
fam_006025	XP_001834768.1	2
fam_006026	XP_001838528.1	5
fam_006027	XP_001838541.1	3
fam_006028	XP_001838543.1	2
fam_006029	XP_001838564.2	4
fam_006030	XP_001838565.1	3
fam_006031	XP_001838566.1	3
fam_006032	XP_001838579.2	4
fam_006033	XP_001838588.2	2
fam_006034	XP_001838593.1	2
fam_006035	XP_001838603.2	4
fam_006036	XP_001838633.1	1
fam_006037	XP_001838641.1	1
fam_006038	XP_001838639.1	4
fam_006039	XP_002911072.1	1
fam_006040	XP_001840572.1	1
fam_006041	XP_002911073.1	1
fam_006042	XP_001840573.2	1
fam_006043	XP_002911082.1	5
fam_006044	XP_002911083.1	2
fam_006045	XP_002911089.1	2
fam_006046	XP_002911114.1	4
fam_006047	XP_002911117.1	2
fam_006048	XP_002911127.1	2
fam_006049	XP_002911144.1	4
fam_006050	XP_002911148.1	4
fam_006051	XP_002911149.1	8
fam_006052	XP_002911150.1	2
fam_006053	XP_002911155.1	2
fam_006054	XP_002911157.1	4
fam_006055	XP_002911158.1	3
fam_006056	XP_002911161.1	8
fam_006057	XP_002911165.1	4
fam_006058	XP_003028512.1	2
fam_006059	XP_003028514.2	2
fam_006060	XP_003028516.1	2
fam_006061	XP_003028523.1	6
fam_006062	XP_003028527.1	4
fam_006063	XP_003028531.1	7
fam_006064	XP_003028555.1	3
fam_006065	XP_003028562.2	4
fam_006066	XP_003028568.1	5
fam_006067	XP_003028575.1	2
fam_006068	XP_003028584.1	3
fam_006069	XP_003028591.1	10
fam_006070	XP_003028600.1	6
fam_006071	XP_003028608.1	3
fam_006072	XP_003028610.1	3
fam_006073	XP_003028617.1	3
fam_006074	XP_003028618.1	2
fam_006075	XP_003028628.1	4
fam_006076	XP_003031756.2	4
fam_006077	XP_003031795.2	2
fam_006078	XP_003031802.1	4
fam_006079	XP_003031813.1	5
fam_006080	XP_003031824.1	2
fam_006081	XP_003031831.1	13
fam_006082	XP_003031836.1	3
fam_006083	XP_003031849.1	4
fam_006084	XP_003031853.1	4
fam_006085	XP_003031876.1	5
fam_006086	XP_003036050.1	3
fam_006087	XP_003036053.1	7
fam_006088	XP_003036058.1	3
fam_006089	XP_003036067.2	6
fam_006090	XP_003036071.2	2
fam_006091	XP_003036073.2	4
fam_006092	XP_003036081.1	3
fam_006093	XP_003036091.1	4
fam_006094	XP_003036107.2	2
fam_006095	XP_003036110.2	4
fam_006096	XP_003036123.1	3
fam_006097	XP_003036125.1	3
fam_006098	XP_003036131.1	36
fam_006099	XP_003036137.1	4
fam_006100	XP_003036146.1	4
fam_006101	XP_003036150.1	3
fam_006102	XP_003036151.1	7
fam_006103	XP_003036172.1	2
fam_006104	XP_003036177.1	4
fam_006105	XP_050197633.1	2
fam_006106	XP_050197647.1	3
fam_006107	XP_050197661.1	2
fam_006108	XP_050197667.1	6
fam_006109	XP_050197675.1	9
fam_006110	XP_050197680.1	2
fam_006111	XP_050197681.1	2
fam_006112	XP_050197690.1	1
fam_006113	XP_050197688.1	1
fam_006114	XP_050201333.1	2
fam_006115	XP_050201334.1	2
fam_006116	XP_050201335.1	2
fam_006117	XP_050201337.1	2
fam_006118	XP_050201338.1	2
fam_006119	XP_050201344.1	4
fam_006120	XP_050201345.1	6
fam_006121	XP_050201351.1	3
fam_006122	XP_050201352.1	2
fam_006123	XP_050201358.1	14
fam_006124	XP_050201359.1	11
fam_006125	XP_050201361.1	8
fam_006126	XP_050201395.1	1
fam_006127	XP_050201391.1	1
fam_006128	XP_050201398.1	2
fam_006129	XP_050201399.1	2
fam_006130	XP_050201400.1	2
fam_006131	XP_007325512.1	4
fam_006132	XP_007325520.1	8
fam_006133	XP_007325524.1	3
fam_006134	XP_007325525.1	2
fam_006135	XP_007325529.1	2
fam_006136	XP_007325548.1	4
fam_006137	XP_007325551.1	5
fam_006138	XP_007325553.1	3
fam_006139	XP_007325560.1	2
fam_006140	XP_007325574.1	4
fam_006141	XP_007325575.1	2
fam_006142	XP_050201770.1	2
fam_006143	XP_050201781.1	2
fam_006144	XP_050201789.1	1
fam_006145	XP_003033969.1	1
fam_006146	XP_050201790.1	6
fam_006147	XP_050201791.1	4
fam_006148	XP_050201795.1	2
fam_006149	XP_050201808.1	4
fam_006150	XP_050201814.1	4
fam_006151	XP_050201818.1	3
fam_006152	XP_050201823.1	2
fam_006153	XP_050201824.1	2
fam_006154	XP_050201825.1	6
fam_006155	XP_007325608.1	4
fam_006156	XP_007325610.1	4
fam_006157	XP_007325612.1	3
fam_006158	XP_007325616.1	4
fam_006159	XP_007325621.1	3
fam_006160	XP_007325623.1	3
fam_006161	XP_007325637.1	3
fam_006162	XP_007325641.1	4
fam_006163	XP_007325645.1	3
fam_006164	XP_007325647.1	3
fam_006165	XP_007325651.1	3
fam_006166	XP_007325655.1	2
fam_006167	XP_007325658.1	3
fam_006168	XP_007325659.1	2
fam_006169	XP_007325660.1	4
fam_006170	XP_007325673.1	3
fam_006171	XP_007325678.1	2
fam_006172	XP_007325688.1	3
fam_006173	XP_007325689.1	5
fam_006174	XP_007325691.1	3
fam_006175	XP_007325692.1	4
fam_006176	XP_007325699.1	3
fam_006177	XP_007325702.1	5
fam_006178	XP_007325705.1	2
fam_006179	XP_007331110.1	3
fam_006180	XP_007331115.1	2
fam_006181	XP_007331120.1	4
fam_006182	XP_007331123.1	4
fam_006183	XP_007331128.1	2
fam_006184	XP_007331139.1	2
fam_006185	XP_007331168.1	3
fam_006186	XP_007331169.1	2
fam_006187	XP_007331170.1	2
fam_006188	XP_007331172.1	2
fam_006189	XP_007331177.1	3
fam_006190	XP_007331184.1	3
fam_006191	XP_007331185.1	2
fam_006192	XP_007331187.1	7
fam_006193	XP_007331189.1	3
fam_006194	XP_007331200.1	4
fam_006195	XP_007331201.1	3
fam_006196	XP_007334408.1	4
fam_006197	XP_007334409.1	5
fam_006198	XP_007334426.1	5
fam_006199	XP_007334427.1	5
fam_006200	XP_007334438.1	3
fam_006201	XP_007334439.1	3
fam_006202	XP_007334442.1	3
fam_006203	XP_007334443.1	1
fam_006204	XP_007334444.1	1
fam_006205	XP_007334445.1	4
fam_006206	XP_007334446.1	3
fam_006207	XP_007334459.1	4
fam_006208	XP_007334466.1	3
fam_006209	XP_007334479.1	2
fam_006210	XP_007334487.1	5
fam_006211	XP_007334489.1	3
fam_006212	XP_007334492.1	3
fam_006213	XP_007334500.1	2
fam_006214	XP_007334503.1	4
fam_006215	XP_007334504.1	2
fam_006216	XP_001874488.1	4
fam_006217	XP_001874495.1	2
fam_006218	XP_001874497.1	4
fam_006219	XP_001874505.1	3
fam_006220	XP_001874509.1	3
fam_006221	XP_001874511.1	4
fam_006222	XP_001874518.1	3
fam_006223	XP_001874527.1	2
fam_006224	XP_001874528.1	4
fam_006225	XP_001874541.1	4
fam_006226	XP_001874542.1	2
fam_006227	XP_001874557.1	4
fam_006228	XP_001874558.1	3
fam_006229	XP_001874565.1	4
fam_006230	XP_001874567.1	2
fam_006231	XP_001874571.1	3
fam_006232	XP_001874572.1	4
fam_006233	XP_001874573.1	4
fam_006234	XP_001874576.1	4
fam_006235	XP_001874578.1	4
fam_006236	XP_001877588.1	6
fam_006237	XP_001877590.1	4
fam_006238	XP_001877599.1	3
fam_006239	XP_001877608.1	2
fam_006240	XP_001877615.1	3
fam_006241	XP_001877619.1	28
fam_006242	XP_001877624.1	3
fam_006243	XP_001877625.1	3
fam_006244	XP_001877626.1	3
fam_006245	XP_001877659.1	3
fam_006246	XP_001877676.1	2
fam_006247	XP_001880986.1	3
fam_006248	XP_001880992.1	2
fam_006249	XP_001880994.1	4
fam_006250	XP_001881013.1	2
fam_006251	XP_001881020.1	2
fam_006252	XP_001881028.1	2
fam_006253	XP_001881031.1	4
fam_006254	XP_001881038.1	2
fam_006255	XP_001881042.1	2
fam_006256	XP_001881045.1	2
fam_006257	XP_001881048.1	2
fam_006258	XP_001881049.1	2
fam_006259	XP_001881052.1	5
fam_006260	XP_001881054.1	4
fam_006261	XP_001881063.1	3
fam_006262	XP_001881066.1	3
fam_006263	XP_001881067.1	2
fam_006264	XP_001881072.1	4
fam_006265	XP_001881080.1	18
fam_006266	XP_001881081.1	2
fam_006267	XP_001883188.1	2
fam_006268	XP_001883193.1	2
fam_006269	XP_001883204.1	9
fam_006270	XP_001883206.1	4
fam_006271	XP_001883207.1	2
fam_006272	XP_001883216.1	14
fam_006273	XP_001883218.1	4
fam_006274	XP_001883240.1	5
fam_006275	XP_001883260.1	3
fam_006276	XP_001883268.1	3
fam_006277	XP_001883284.1	2
fam_006278	XP_001831114.1	2
fam_006279	XP_001831122.2	3
fam_006280	XP_001831124.1	4
fam_006281	XP_001831125.2	3
fam_006282	XP_001831127.2	2
fam_006283	XP_001831139.2	4
fam_006284	XP_001831144.1	2
fam_006285	XP_001831150.1	4
fam_006286	XP_001831151.2	2
fam_006287	XP_001831167.2	2
fam_006288	XP_001831198.1	1
fam_006289	XP_001831191.2	1
fam_006290	XP_001831199.2	3
fam_006291	XP_001834536.2	7
fam_006292	XP_001834548.2	2
fam_006293	XP_001834575.1	2
fam_006294	XP_001834580.1	3
fam_006295	XP_001834593.1	2
fam_006296	XP_001834601.2	26
fam_006297	XP_001834605.1	4
fam_006298	XP_001834620.2	3
fam_006299	XP_001834639.2	2
fam_006300	XP_001834647.2	4
fam_006301	XP_001838169.1	5
fam_006302	XP_001838172.1	2
fam_006303	XP_001838181.2	6
fam_006304	XP_001838182.2	4
fam_006305	XP_001838186.1	4
fam_006306	XP_001838189.1	3
fam_006307	XP_001838196.2	2
fam_006308	XP_001838211.2	2
fam_006309	XP_001838219.1	2
fam_006310	XP_001838220.2	2
fam_006311	XP_001838221.2	2
fam_006312	XP_001838242.1	2
fam_006313	XP_001838243.1	3
fam_006314	XP_001838244.2	2
fam_006315	XP_001838248.1	6
fam_006316	XP_001838249.1	4
fam_006317	XP_001838251.2	2
fam_006318	XP_001838256.1	2
fam_006319	XP_001838257.1	5
fam_006320	XP_001838263.1	2
fam_006321	XP_001838265.2	11
fam_006322	XP_001838268.1	3
fam_006323	XP_002910570.1	3
fam_006324	XP_002910574.1	2
fam_006325	XP_002910597.1	5
fam_006326	XP_002910613.1	23
fam_006327	XP_002910615.1	10
fam_006328	XP_002910634.1	3
fam_006329	XP_002910635.1	48
fam_006330	XP_002910636.1	3
fam_006331	XP_002910654.1	2
fam_006332	XP_002910657.1	4
fam_006333	XP_002910658.1	4
fam_006334	XP_003029043.1	2
fam_006335	XP_003029055.2	4
fam_006336	XP_003029061.1	2
fam_006337	XP_003029070.2	1
fam_006338	XP_003037999.1	1
fam_006339	XP_003029087.1	13
fam_006340	XP_003029097.1	7
fam_006341	XP_003029106.1	4
fam_006342	XP_003029109.1	3
fam_006343	XP_003029111.1	3
fam_006344	XP_003029116.1	4
fam_006345	XP_003029123.2	2
fam_006346	XP_003029143.1	3
fam_006347	XP_003034171.1	2
fam_006348	XP_003034185.1	2
fam_006349	XP_003034197.1	2
fam_006350	XP_003034202.2	1
fam_006351	XP_003033648.2	1
fam_006352	XP_003034210.1	13
fam_006353	XP_003034213.1	5
fam_006354	XP_003034221.1	2
fam_006355	XP_003034228.1	4
fam_006356	XP_003034231.1	3
fam_006357	XP_003034244.1	2
fam_006358	XP_003034255.1	4
fam_006359	XP_003034256.1	2
fam_006360	XP_003034272.1	2
fam_006361	XP_003034297.2	3
fam_006362	XP_003038889.1	5
fam_006363	XP_003038895.1	3
fam_006364	XP_003038897.2	4
fam_006365	XP_003038903.1	3
fam_006366	XP_003038905.1	4
fam_006367	XP_003038909.1	10
fam_006368	XP_003038916.1	4
fam_006369	XP_003038917.1	1
fam_006370	XP_003037576.1	1
fam_006371	XP_003038919.1	2
fam_006372	XP_003038944.2	4
fam_006373	XP_003038990.1	3
fam_006374	XP_003038996.1	5
fam_006375	XP_003039005.1	4
fam_006376	XP_003039013.1	4
fam_006377	XP_050199938.1	6
fam_006378	XP_050199940.1	3
fam_006379	XP_050199949.1	2
fam_006380	XP_050199952.1	1
fam_006381	XP_003031889.1	1
fam_006382	XP_050199954.1	1
fam_006383	XP_003032328.1	1
fam_006384	XP_050199955.1	3
fam_006385	XP_050199977.1	1
fam_006386	XP_003035367.1	1
fam_006387	XP_050200002.1	2
fam_006388	XP_050200009.1	3
fam_006389	XP_007326515.1	3
fam_006390	XP_007326519.1	4
fam_006391	XP_007326530.1	2
fam_006392	XP_007326531.1	3
fam_006393	XP_007326538.1	40
fam_006394	XP_007326540.1	4
fam_006395	XP_007326544.1	3
fam_006396	XP_007326545.1	4
fam_006397	XP_007326552.1	7
fam_006398	XP_007326558.1	12
fam_006399	XP_007326560.1	3
fam_006400	XP_007326562.1	2
fam_006401	XP_007326564.1	4
fam_006402	XP_007326569.1	3
fam_006403	XP_007326572.1	4
fam_006404	XP_007326582.1	2
fam_006405	XP_007326588.1	4
fam_006406	XP_007326590.1	3
fam_006407	XP_007326595.1	3
fam_006408	XP_007326604.1	3
fam_006409	XP_007327110.1	3
fam_006410	XP_007327122.1	4
fam_006411	XP_007327123.1	4
fam_006412	XP_007327124.1	3
fam_006413	XP_007327125.1	9
fam_006414	XP_007327131.1	4
fam_006415	XP_007327134.1	14
fam_006416	XP_007327144.1	4
fam_006417	XP_007327151.1	4
fam_006418	XP_007327161.1	4
fam_006419	XP_007327171.1	10
fam_006420	XP_007327172.1	3
fam_006421	XP_007327174.1	3
fam_006422	XP_007327179.1	4
fam_006423	XP_007327187.1	3
fam_006424	XP_007327190.1	4
fam_006425	XP_007327192.1	4
fam_006426	XP_007327193.1	4
fam_006427	XP_007327195.1	4
fam_006428	XP_007327197.1	4
fam_006429	XP_007327199.1	3
fam_006430	XP_007327201.1	4
fam_006431	XP_007327202.1	4
fam_006432	XP_007327207.1	4
fam_006433	XP_007328116.1	4
fam_006434	XP_007328117.1	3
fam_006435	XP_007328120.1	4
fam_006436	XP_007328125.1	2
fam_006437	XP_007328128.1	3
fam_006438	XP_007328129.1	7
fam_006439	XP_007328139.1	3
fam_006440	XP_007328146.1	4
fam_006441	XP_007328147.1	3
fam_006442	XP_007328149.1	3
fam_006443	XP_007328159.1	3
fam_006444	XP_007328161.1	3
fam_006445	XP_007328164.1	2
fam_006446	XP_007328167.1	4
fam_006447	XP_007328173.1	4
fam_006448	XP_007328176.1	2
fam_006449	XP_007328180.1	7
fam_006450	XP_007328183.1	6
fam_006451	XP_007328184.1	4
fam_006452	XP_007328190.1	4
fam_006453	XP_007328194.1	2
fam_006454	XP_007328203.1	2
fam_006455	XP_007328509.1	3
fam_006456	XP_007328513.1	3
fam_006457	XP_007328514.1	3
fam_006458	XP_007328527.1	3
fam_006459	XP_007328532.1	3
fam_006460	XP_007328536.1	4
fam_006461	XP_007328543.1	4
fam_006462	XP_007328547.1	3
fam_006463	XP_007328548.1	2
fam_006464	XP_007328559.1	2
fam_006465	XP_007328561.1	4
fam_006466	XP_001887262.1	2
fam_006467	XP_001887272.1	2
fam_006468	XP_001887285.1	2
fam_006469	XP_001887231.1	1
fam_006470	XP_001887796.1	4
fam_006471	XP_001887801.1	3
fam_006472	XP_001887814.1	5
fam_006473	XP_001887815.1	2
fam_006474	XP_001887820.1	2
fam_006475	XP_001887832.1	11
fam_006476	XP_001887855.1	3
fam_006477	XP_001887865.1	5
fam_006478	XP_001887866.1	3
fam_006479	XP_001887867.1	3
fam_006480	XP_001887873.1	7
fam_006481	XP_001887875.1	6
fam_006482	XP_001887886.1	4
fam_006483	XP_001889088.1	5
fam_006484	XP_001889094.1	2
fam_006485	XP_001889098.1	4
fam_006486	XP_001889106.1	3
fam_006487	XP_001889135.1	2
fam_006488	XP_001889146.1	3
fam_006489	XP_001889152.1	2
fam_006490	XP_001889159.1	2
fam_006491	XP_001889161.1	2
fam_006492	XP_001889182.1	3
fam_006493	XP_001889896.1	2
fam_006494	XP_001889905.1	2
fam_006495	XP_001889918.1	2
fam_006496	XP_001889922.1	6
fam_006497	XP_001889940.1	2
fam_006498	XP_001889967.1	5
fam_006499	XP_001889977.1	1
fam_006500	XP_001877726.1	1
fam_006501	XP_001889982.1	2
fam_006502	XP_001891192.1	2
fam_006503	XP_001891197.1	7
fam_006504	XP_001891198.1	4
fam_006505	XP_001891202.1	2
fam_006506	XP_001891220.1	1
fam_006507	XP_001880418.1	3
fam_006508	XP_001891230.1	3
fam_006509	XP_001891234.1	2
fam_006510	XP_001891241.1	3
fam_006511	XP_001891245.1	2
fam_006512	XP_001891247.1	1
fam_006513	XP_001884767.1	1
fam_006514	XP_001891262.1	2
fam_006515	XP_001891268.1	3
fam_006516	XP_001891269.1	2
fam_006517	XP_001891272.1	5
fam_006518	XP_001891277.1	2
fam_006519	XP_001891280.1	4
fam_006520	XP_001891282.1	2
fam_006521	XP_001829802.2	10
fam_006522	XP_001829804.1	3
fam_006523	XP_001829832.1	3
fam_006524	XP_001829834.1	5
fam_006525	XP_001829866.1	4
fam_006526	XP_001829874.1	2
fam_006527	XP_001829881.2	2
fam_006528	XP_001829883.2	4
fam_006529	XP_001829899.2	4
fam_006530	XP_001829907.2	12
fam_006531	XP_001829919.2	2
fam_006532	XP_001832091.2	4
fam_006533	XP_001832093.1	10
fam_006534	XP_001832104.2	2
fam_006535	XP_001832118.2	2
fam_006536	XP_001832136.1	4
fam_006537	XP_001832140.2	3
fam_006538	XP_001832150.2	3
fam_006539	XP_001832152.2	2
fam_006540	XP_001832153.2	2
fam_006541	XP_001832156.1	2
fam_006542	XP_001832157.1	2
fam_006543	XP_001832158.1	2
fam_006544	XP_001832160.1	2
fam_006545	XP_001832163.2	4
fam_006546	XP_001832176.1	1
fam_006547	XP_002910511.1	1
fam_006548	XP_001832182.1	3
fam_006549	XP_001835178.1	6
fam_006550	XP_001835180.1	2
fam_006551	XP_001835196.1	3
fam_006552	XP_001835201.1	2
fam_006553	XP_001835202.2	4
fam_006554	XP_001835218.1	5
fam_006555	XP_001835230.2	9
fam_006556	XP_001835257.1	2
fam_006557	XP_001835272.2	3
fam_006558	XP_001835290.2	3
fam_006559	XP_001835291.2	4
fam_006560	XP_001835301.1	2
fam_006561	XP_001839256.2	3
fam_006562	XP_001839273.2	2
fam_006563	XP_001839275.2	2
fam_006564	XP_001839277.1	2
fam_006565	XP_001839280.2	4
fam_006566	XP_001839282.1	2
fam_006567	XP_001839283.1	3
fam_006568	XP_001839300.2	13
fam_006569	XP_001839312.2	2
fam_006570	XP_001839320.2	10
fam_006571	XP_001839324.1	2
fam_006572	XP_001839329.1	2
fam_006573	XP_001839332.2	2
fam_006574	XP_001839334.2	2
fam_006575	XP_001839344.1	4
fam_006576	XP_001839369.2	5
fam_006577	XP_001839370.1	7
fam_006578	XP_002911381.1	5
fam_006579	XP_002911388.1	3
fam_006580	XP_002911398.1	2
fam_006581	XP_002911415.1	3
fam_006582	XP_002911424.1	2
fam_006583	XP_002911428.1	4
fam_006584	XP_002911429.1	4
fam_006585	XP_002911430.1	4
fam_006586	XP_002911431.1	4
fam_006587	XP_002911444.1	13
fam_006588	XP_002911447.1	4
fam_006589	XP_002911452.1	4
fam_006590	XP_003029193.1	5
fam_006591	XP_003029196.1	2
fam_006592	XP_003029205.2	11
fam_006593	XP_003029226.2	3
fam_006594	XP_003029227.2	4
fam_006595	XP_003029257.2	1
fam_006596	XP_050201465.1	1
fam_006597	XP_003029261.1	7
fam_006598	XP_003029262.1	7
fam_006599	XP_003029272.1	3
fam_006600	XP_003029280.1	3
fam_006601	XP_003029292.1	10
fam_006602	XP_003029301.1	4
fam_006603	XP_003029302.1	16
fam_006604	XP_003029305.1	4
fam_006605	XP_050198999.1	1
fam_006606	XP_003029306.1	5
fam_006607	XP_003033249.1	4
fam_006608	XP_003033256.2	3
fam_006609	XP_003033265.1	2
fam_006610	XP_003033268.1	1
fam_006611	XP_003032031.1	1
fam_006612	XP_003033287.1	4
fam_006613	XP_003033318.1	4
fam_006614	XP_003033329.1	3
fam_006615	XP_003033330.1	2
fam_006616	XP_003033332.1	3
fam_006617	XP_003033334.1	4
fam_006618	XP_003033340.1	2
fam_006619	XP_003033345.1	2
fam_006620	XP_003033358.2	7
fam_006621	XP_003033364.1	3
fam_006622	XP_003033371.1	1
fam_006623	XP_050199221.1	2
fam_006624	XP_003033373.1	3
fam_006625	XP_003037244.1	3
fam_006626	XP_003037252.1	2
fam_006627	XP_003037255.1	6
fam_006628	XP_003037260.1	3
fam_006629	XP_003037263.1	4
fam_006630	XP_003037265.1	3
fam_006631	XP_003037277.1	4
fam_006632	XP_003037299.1	4
fam_006633	XP_003037301.1	2
fam_006634	XP_003037309.1	4
fam_006635	XP_003037319.2	3
fam_006636	XP_003037330.1	3
fam_006637	XP_003037333.1	4
fam_006638	XP_003037342.1	4
fam_006639	XP_003037349.1	3
fam_006640	XP_003037351.1	3
fam_006641	XP_003037359.1	3
fam_006642	XP_050198635.1	5
fam_006643	XP_050198652.1	4
fam_006644	XP_050198659.1	2
fam_006645	XP_050198680.1	4
fam_006646	XP_050198682.1	5
fam_006647	XP_050198692.1	3
fam_006648	XP_050198701.1	3
fam_006649	XP_050198711.1	1
fam_006650	XP_050198713.1	1
fam_006651	XP_050198716.1	4
fam_006652	XP_050201430.1	2
fam_006653	XP_050201431.1	2
fam_006654	XP_050201435.1	2
fam_006655	XP_050201437.1	2
fam_006656	XP_050201446.1	2
fam_006657	XP_050201449.1	2
fam_006658	XP_050201472.1	4
fam_006659	XP_050201479.1	6
fam_006660	XP_050201491.1	2
fam_006661	XP_050201492.1	2
fam_006662	XP_050201507.1	4
fam_006663	XP_050201514.1	4
fam_006664	XP_050201526.1	2
fam_006665	XP_007325810.1	2
fam_006666	XP_007325817.1	2
fam_006667	XP_007325837.1	3
fam_006668	XP_007325843.1	3
fam_006669	XP_007325845.1	6
fam_006670	XP_007325846.1	4
fam_006671	XP_007325847.1	2
fam_006672	XP_007325848.1	2
fam_006673	XP_007325852.1	2
fam_006674	XP_007325855.1	4
fam_006675	XP_007325868.1	4
fam_006676	XP_007325869.1	2
fam_006677	XP_007325870.1	5
fam_006678	XP_007325871.1	3
fam_006679	XP_007325872.1	2
fam_006680	XP_007325881.1	2
fam_006681	XP_007325882.1	3
fam_006682	XP_007325886.1	2
fam_006683	XP_007331608.1	5
fam_006684	XP_007331613.1	4
fam_006685	XP_007331681.1	6
fam_006686	XP_007331682.1	3
fam_006687	XP_007331687.1	7
fam_006688	XP_007331691.1	2
fam_006689	XP_007331693.1	2
fam_006690	XP_007331694.1	4
fam_006691	XP_007331704.1	2
fam_006692	XP_007334918.1	8
fam_006693	XP_007334920.1	2
fam_006694	XP_007334921.1	10
fam_006695	XP_007334924.1	17
fam_006696	XP_007334927.1	5
fam_006697	XP_007334956.1	5
fam_006698	XP_007334961.1	2
fam_006699	XP_007334967.1	2
fam_006700	XP_007334972.1	5
fam_006701	XP_007334974.1	2
fam_006702	XP_007334981.1	3
fam_006703	XP_007334986.1	6
fam_006704	XP_007335003.1	3
fam_006705	XP_001874888.1	4
fam_006706	XP_001874891.1	4
fam_006707	XP_001874894.1	4
fam_006708	XP_001874895.1	2
fam_006709	XP_001874906.1	2
fam_006710	XP_001874909.1	4
fam_006711	XP_001874911.1	4
fam_006712	XP_001874914.1	4
fam_006713	XP_001874916.1	4
fam_006714	XP_001874920.1	6
fam_006715	XP_001874922.1	4
fam_006716	XP_001874926.1	3
fam_006717	XP_001874931.1	4
fam_006718	XP_001874934.1	3
fam_006719	XP_001874936.1	13
fam_006720	XP_001874939.1	3
fam_006721	XP_001874942.1	2
fam_006722	XP_001874943.1	4
fam_006723	XP_001834357.1	2
fam_006724	XP_001834358.1	2
fam_006725	XP_001834362.2	3
fam_006726	XP_001834365.2	2
fam_006727	XP_001834373.2	2
fam_006728	XP_001834376.2	3
fam_006729	XP_001834397.1	5
fam_006730	XP_001837917.1	4
fam_006731	XP_001837974.1	5
fam_006732	XP_001837978.1	2
fam_006733	XP_001837982.2	4
fam_006734	XP_001837983.2	4
fam_006735	XP_001837985.1	3
fam_006736	XP_001837986.2	18
fam_006737	XP_001837988.2	7
fam_006738	XP_001837993.2	2
fam_006739	XP_001837995.1	1
fam_006740	XP_001839915.2	1
fam_006741	XP_001838003.2	2
fam_006742	XP_001838022.1	4
fam_006743	XP_001838023.2	2
fam_006744	XP_001838026.2	3
fam_006745	XP_001838032.2	3
fam_006746	XP_002910367.1	4
fam_006747	XP_002910374.1	2
fam_006748	XP_002910384.1	2
fam_006749	XP_002910397.1	2
fam_006750	XP_002910414.1	3
fam_006751	XP_002910429.1	5
fam_006752	XP_002910436.1	7
fam_006753	XP_002910459.1	2
fam_006754	XP_003028390.2	4
fam_006755	XP_003028399.1	2
fam_006756	XP_003028400.1	2
fam_006757	XP_003028407.1	3
fam_006758	XP_003028411.1	1
fam_006759	XP_003028106.1	1
fam_006760	XP_003028429.1	3
fam_006761	XP_003028438.2	3
fam_006762	XP_003028453.1	2
fam_006763	XP_003028462.1	3
fam_006764	XP_003028463.1	2
fam_006765	XP_003028471.2	2
fam_006766	XP_003028481.1	3
fam_006767	XP_003028487.2	4
fam_006768	XP_003028495.1	4
fam_006769	XP_003033521.2	2
fam_006770	XP_003033523.1	49
fam_006771	XP_003033529.1	2
fam_006772	XP_003033574.1	2
fam_006773	XP_003033610.1	2
fam_006774	XP_003033625.1	2
fam_006775	XP_003033628.1	3
fam_006776	XP_003033633.1	2
fam_006777	XP_003033649.1	3
fam_006778	XP_003033650.1	4
fam_006779	XP_003038091.1	6
fam_006780	XP_003038095.1	4
fam_006781	XP_003038097.1	3
fam_006782	XP_003038110.2	4
fam_006783	XP_003038116.1	4
fam_006784	XP_003038119.2	2
fam_006785	XP_050200635.1	1
fam_006786	XP_003038121.2	4
fam_006787	XP_003038124.2	2
fam_006788	XP_003038140.1	4
fam_006789	XP_003038151.1	2
fam_006790	XP_003038154.2	3
fam_006791	XP_003038156.1	3
fam_006792	XP_003038167.1	3
fam_006793	XP_003038168.1	4
fam_006794	XP_003038176.1	3
fam_006795	XP_003038177.1	3
fam_006796	XP_003038181.1	3
fam_006797	XP_003038182.2	3
fam_006798	XP_003038187.1	7
fam_006799	XP_050199235.1	3
fam_006800	XP_050199240.1	2
fam_006801	XP_050199244.1	4
fam_006802	XP_050199248.1	4
fam_006803	XP_050199259.1	4
fam_006804	XP_050199260.1	1
fam_006805	XP_050198725.1	1
fam_006806	XP_050199267.1	1
fam_006807	XP_050199268.1	2
fam_006808	XP_050199270.1	2
fam_006809	XP_050199286.1	4
fam_006810	XP_050199292.1	3
fam_006811	XP_050199295.1	25
fam_006812	XP_050199301.1	3
fam_006813	XP_050199303.1	4
fam_006814	XP_050199307.1	2
fam_006815	XP_050199309.1	2
fam_006816	XP_050199310.1	2
fam_006817	XP_050199316.1	3
fam_006818	XP_050199322.1	4
fam_006819	XP_050202630.1	1
fam_006820	XP_050202629.1	1
fam_006821	XP_050202634.1	9
fam_006822	XP_050202645.1	3
fam_006823	XP_050202659.1	4
fam_006824	XP_050202672.1	2
fam_006825	XP_050202673.1	2
fam_006826	XP_050202679.1	3
fam_006827	XP_050202683.1	2
fam_006828	XP_050202687.1	2
fam_006829	XP_050202702.1	1
fam_006830	XP_003036243.1	1
fam_006831	XP_050202703.1	2
fam_006832	XP_050202705.1	4
fam_006833	XP_050202716.1	2
fam_006834	XP_050202722.1	3
fam_006835	XP_007326613.1	2
fam_006836	XP_007326619.1	2
fam_006837	XP_007326630.1	4
fam_006838	XP_007326636.1	4
fam_006839	XP_007326654.1	4
fam_006840	XP_007326657.1	4
fam_006841	XP_007326660.1	4
fam_006842	XP_007326662.1	4
fam_006843	XP_007326666.1	4
fam_006844	XP_007326671.1	3
fam_006845	XP_007326690.1	3
fam_006846	XP_007326702.1	4
fam_006847	XP_007326703.1	4
fam_006848	XP_007327209.1	4
fam_006849	XP_007327211.1	4
fam_006850	XP_007327212.1	4
fam_006851	XP_007327214.1	5
fam_006852	XP_007327215.1	4
fam_006853	XP_007327219.1	4
fam_006854	XP_007327228.1	2
fam_006855	XP_007327229.1	2
fam_006856	XP_007327232.1	4
fam_006857	XP_007327238.1	5
fam_006858	XP_007327243.1	4
fam_006859	XP_007327252.1	6
fam_006860	XP_007327257.1	4
fam_006861	XP_007327269.1	4
fam_006862	XP_007327270.1	5
fam_006863	XP_007327271.1	3
fam_006864	XP_007327288.1	4
fam_006865	XP_007327291.1	7
fam_006866	XP_007327299.1	4
fam_006867	XP_007327303.1	2
fam_006868	XP_007328009.1	2
fam_006869	XP_007328022.1	4
fam_006870	XP_007328033.1	3
fam_006871	XP_007328034.1	4
fam_006872	XP_007328039.1	4
fam_006873	XP_007328043.1	5
fam_006874	XP_007328049.1	4
fam_006875	XP_007328051.1	2
fam_006876	XP_007328056.1	4
fam_006877	XP_007328057.1	3
fam_006878	XP_007328058.1	4
fam_006879	XP_007328063.1	4
fam_006880	XP_007328072.1	2
fam_006881	XP_007328081.1	4
fam_006882	XP_007328082.1	4
fam_006883	XP_007328085.1	4
fam_006884	XP_007328087.1	4
fam_006885	XP_007328093.1	2
fam_006886	XP_007328100.1	4
fam_006887	XP_007328101.1	3
fam_006888	XP_007328102.1	4
fam_006889	XP_007328608.1	3
fam_006890	XP_007328634.1	5
fam_006891	XP_007328647.1	2
fam_006892	XP_007328649.1	4
fam_006893	XP_007328653.1	2
fam_006894	XP_007328657.1	3
fam_006895	XP_007328659.1	7
fam_006896	XP_007328663.1	4
fam_006897	XP_007328668.1	3
fam_006898	XP_007328694.1	4
fam_006899	XP_007328695.1	4
fam_006900	XP_007328698.1	4
fam_006901	XP_007330014.1	4
fam_006902	XP_007330022.1	4
fam_006903	XP_007330025.1	2
fam_006904	XP_007330042.1	2
fam_006905	XP_007330043.1	2
fam_006906	XP_007330046.1	4
fam_006907	XP_007330048.1	7
fam_006908	XP_007330049.1	4
fam_006909	XP_007330058.1	2
fam_006910	XP_007330063.1	4
fam_006911	XP_007330065.1	4
fam_006912	XP_007330067.1	4
fam_006913	XP_007330073.1	4
fam_006914	XP_007330074.1	4
fam_006915	XP_007330079.1	3
fam_006916	XP_007330086.1	3
fam_006917	XP_007330095.1	4
fam_006918	XP_007330099.1	3
fam_006919	XP_007333009.1	2
fam_006920	XP_007333014.1	2
fam_006921	XP_007333024.1	4
fam_006922	XP_007333047.1	4
fam_006923	XP_007333052.1	7
fam_006924	XP_007333053.1	3
fam_006925	XP_007333062.1	4
fam_006926	XP_007333071.1	8
fam_006927	XP_007333074.1	2
fam_006928	XP_007333086.1	6
fam_006929	XP_007333102.1	3
fam_006930	XP_007333103.1	4
fam_006931	XP_007333107.1	2
fam_006932	XP_007335834.1	2
fam_006933	XP_007335843.1	2
fam_006934	XP_007335845.1	2
fam_006935	XP_007335869.1	26
fam_006936	XP_007335870.1	2
fam_006937	XP_007335882.1	3
fam_006938	XP_007335902.1	9
fam_006939	XP_007335904.1	4
fam_006940	XP_007335910.1	2
fam_006941	XP_007335917.1	2
fam_006942	XP_007335921.1	2
fam_006943	XP_001875590.1	1
fam_006944	XP_001875595.1	1
fam_006945	XP_001875594.1	1
fam_006946	XP_001875589.1	1
fam_006947	XP_001875600.1	9
fam_006948	XP_001875605.1	4
fam_006949	XP_001875607.1	5
fam_006950	XP_001875614.1	2
fam_006951	XP_001875616.1	3
fam_006952	XP_001875619.1	3
fam_006953	XP_001875638.1	3
fam_006954	XP_001875644.1	2
fam_006955	XP_001875653.1	4
fam_006956	XP_001875654.1	1
fam_006957	XP_001876091.1	1
fam_006958	XP_001875672.1	10
fam_006959	XP_001885794.1	1
fam_006960	XP_001885786.1	2
fam_006961	XP_001885796.1	1
fam_006962	XP_001878986.1	1
fam_006963	XP_001885799.1	2
fam_006964	XP_001885814.1	2
fam_006965	XP_001885827.1	5
fam_006966	XP_001885829.1	3
fam_006967	XP_001885838.1	2
fam_006968	XP_001885861.1	2
fam_006969	XP_001885883.1	4
fam_006970	XP_001886205.1	2
fam_006971	XP_001886213.1	2
fam_006972	XP_001886215.1	2
fam_006973	XP_001886219.1	2
fam_006974	XP_001886228.1	3
fam_006975	XP_001886239.1	2
fam_006976	XP_001886244.1	2
fam_006977	XP_001886246.1	2
fam_006978	XP_001886267.1	2
fam_006979	XP_001886278.1	6
fam_006980	XP_001886283.1	3
fam_006981	XP_001886794.1	1
fam_006982	XP_001875927.1	1
fam_006983	XP_001886799.1	5
fam_006984	XP_001886806.1	4
fam_006985	XP_001886810.1	3
fam_006986	XP_001886815.1	3
fam_006987	XP_001886816.1	3
fam_006988	XP_001886818.1	3
fam_006989	XP_001886819.1	3
fam_006990	XP_001886822.1	15
fam_006991	XP_001886824.1	2
fam_006992	XP_001886832.1	3
fam_006993	XP_001886837.1	6
fam_006994	XP_001886843.1	4
fam_006995	XP_001886850.1	3
fam_006996	XP_001886859.1	4
fam_006997	XP_001886860.1	4
fam_006998	XP_001886863.1	2
fam_006999	XP_001886875.1	5
fam_007000	XP_001886876.1	3
fam_007001	XP_001887199.1	2
fam_007002	XP_001887201.1	5
fam_007003	XP_001887204.1	8
fam_007004	XP_001887205.1	3
fam_007005	XP_001887215.1	2
fam_007006	XP_001887220.1	2
fam_007007	XP_001887228.1	2
fam_007008	XP_050200154.1	2
fam_007009	XP_050200155.1	2
fam_007010	XP_050200156.1	3
fam_007011	XP_050200158.1	8
fam_007012	XP_050200165.1	2
fam_007013	XP_050200183.1	4
fam_007014	XP_050200187.1	2
fam_007015	XP_050200190.1	4
fam_007016	XP_050200198.1	12
fam_007017	XP_050200200.1	4
fam_007018	XP_050200204.1	2
fam_007019	XP_050200206.1	17
fam_007020	XP_050200217.1	2
fam_007021	XP_050200227.1	3
fam_007022	XP_050203134.1	3
fam_007023	XP_050203144.1	2
fam_007024	XP_050203146.1	2
fam_007025	XP_050203152.1	2
fam_007026	XP_050203154.1	4
fam_007027	XP_050203155.1	3
fam_007028	XP_050203162.1	2
fam_007029	XP_050203180.1	3
fam_007030	XP_050203184.1	3
fam_007031	XP_050203186.1	1
fam_007032	XP_003035598.1	1
fam_007033	XP_050203193.1	19
fam_007034	XP_050203216.1	1
fam_007035	XP_003034759.1	1
fam_007036	XP_050203221.1	1
fam_007037	XP_003034743.1	1
fam_007038	XP_050203223.1	7
fam_007039	XP_007325109.1	3
fam_007040	XP_007325110.1	2
fam_007041	XP_007325116.1	4
fam_007042	XP_007325117.1	3
fam_007043	XP_007325119.1	4
fam_007044	XP_007325122.1	2
fam_007045	XP_007325127.1	3
fam_007046	XP_007325130.1	3
fam_007047	XP_007325133.1	4
fam_007048	XP_007325134.1	4
fam_007049	XP_007325148.1	3
fam_007050	XP_007325150.1	4
fam_007051	XP_007325154.1	4
fam_007052	XP_007325163.1	4
fam_007053	XP_007325165.1	4
fam_007054	XP_007325171.1	2
fam_007055	XP_007325190.1	3
fam_007056	XP_007325203.1	4
fam_007057	XP_007325204.1	4
fam_007058	XP_007325205.1	4
fam_007059	XP_007325206.1	3
fam_007060	XP_007330509.1	6
fam_007061	XP_007330511.1	3
fam_007062	XP_007330526.1	3
fam_007063	XP_007330535.1	3
fam_007064	XP_007330538.1	3
fam_007065	XP_007330539.1	3
fam_007066	XP_007330543.1	4
fam_007067	XP_007330564.1	4
fam_007068	XP_007330585.1	20
fam_007069	XP_007330589.1	4
fam_007070	XP_007330591.1	4
fam_007071	XP_007330592.1	9
fam_007072	XP_007330594.1	4
fam_007073	XP_007330595.1	6
fam_007074	XP_007330596.1	3
fam_007075	XP_007330604.1	1
fam_007076	XP_007333816.1	2
fam_007077	XP_007334008.1	4
fam_007078	XP_007334013.1	4
fam_007079	XP_007334025.1	4
fam_007080	XP_007334027.1	2
fam_007081	XP_007334038.1	4
fam_007082	XP_007334040.1	2
fam_007083	XP_007334041.1	4
fam_007084	XP_007334049.1	4
fam_007085	XP_007334052.1	2
fam_007086	XP_007334076.1	2
fam_007087	XP_007334080.1	3
fam_007088	XP_007334084.1	3
fam_007089	XP_001878808.1	2
fam_007090	XP_001838230.2	1
fam_007091	XP_007334089.1	4
fam_007092	XP_001873989.1	4
fam_007093	XP_001873994.1	4
fam_007094	XP_001873999.1	4
fam_007095	XP_001874003.1	4
fam_007096	XP_001874008.1	4
fam_007097	XP_001874009.1	4
fam_007098	XP_001874011.1	2
fam_007099	XP_001874014.1	2
fam_007100	XP_001874015.1	4
fam_007101	XP_001874020.1	4
fam_007102	XP_001874030.1	3
fam_007103	XP_001874031.1	4
fam_007104	XP_001874038.1	2
fam_007105	XP_001874041.1	3
fam_007106	XP_001874043.1	4
fam_007107	XP_001874047.1	4
fam_007108	XP_001874048.1	3
fam_007109	XP_001874052.1	4
fam_007110	XP_001874053.1	3
fam_007111	XP_001874058.1	2
fam_007112	XP_001874059.1	4
fam_007113	XP_001874060.1	4
fam_007114	XP_001874063.1	4
fam_007115	XP_001874069.1	4
fam_007116	XP_001874073.1	4
fam_007117	XP_001874079.1	4
fam_007118	XP_001874082.1	4
fam_007119	XP_001874083.1	15
fam_007120	XP_001877486.1	5
fam_007121	XP_001877501.1	4
fam_007122	XP_001877506.1	2
fam_007123	XP_001877507.1	4
fam_007124	XP_001877515.1	29
fam_007125	XP_001877525.1	3
fam_007126	XP_001877532.1	4
fam_007127	XP_001877544.1	4
fam_007128	XP_001877550.1	4
fam_007129	XP_001877555.1	2
fam_007130	XP_001877567.1	2
fam_007131	XP_001877578.1	2
fam_007132	XP_001877584.1	2
fam_007133	XP_001880693.1	4
fam_007134	XP_001880698.1	4
fam_007135	XP_001880699.1	4
fam_007136	XP_001880710.1	3
fam_007137	XP_001880717.1	4
fam_007138	XP_001880720.1	4
fam_007139	XP_001880723.1	5
fam_007140	XP_001880725.1	7
fam_007141	XP_001880728.1	2
fam_007142	XP_001880731.1	2
fam_007143	XP_001880732.1	4
fam_007144	XP_001880735.1	4
fam_007145	XP_001880739.1	4
fam_007146	XP_001880740.1	4
fam_007147	XP_001880745.1	4
fam_007148	XP_001880751.1	3
fam_007149	XP_001880756.1	4
fam_007150	XP_001880757.1	4
fam_007151	XP_001880759.1	3
fam_007152	XP_001880762.1	2
fam_007153	XP_001880779.1	4
fam_007154	XP_001880780.1	4
fam_007155	XP_001882300.1	2
fam_007156	XP_001882318.1	1
fam_007157	XP_001889665.1	2
fam_007158	XP_001882321.1	1
fam_007159	XP_001882400.1	1
fam_007160	XP_001882323.1	2
fam_007161	XP_001882324.1	2
fam_007162	XP_001882328.1	2
fam_007163	XP_001882339.1	2
fam_007164	XP_001882345.1	2
fam_007165	XP_001882346.1	2
fam_007166	XP_001882349.1	3
fam_007167	XP_001882351.1	13
fam_007168	XP_001882357.1	2
fam_007169	XP_001882360.1	3
fam_007170	XP_001882375.1	4
fam_007171	XP_001882385.1	2
fam_007172	XP_001838901.1	2
fam_007173	XP_001838904.2	18
fam_007174	XP_001838925.2	2
fam_007175	XP_001838940.1	5
fam_007176	XP_001838954.2	10
fam_007177	XP_001838959.2	5
fam_007178	XP_001838960.1	4
fam_007179	XP_001838965.2	3
fam_007180	XP_001838974.1	2
fam_007181	XP_001838976.2	3
fam_007182	XP_001838983.2	9
fam_007183	XP_001838986.1	4
fam_007184	XP_001838991.2	3
fam_007185	XP_002911281.1	7
fam_007186	XP_002911284.1	2
fam_007187	XP_002911288.1	4
fam_007188	XP_002911296.1	4
fam_007189	XP_002911319.1	2
fam_007190	XP_002911328.1	3
fam_007191	XP_002911343.1	2
fam_007192	XP_002911355.1	2
fam_007193	XP_002911356.1	2
fam_007194	XP_002911360.1	2
fam_007195	XP_003028243.1	4
fam_007196	XP_003028257.1	4
fam_007197	XP_003028271.1	3
fam_007198	XP_003028278.1	3
fam_007199	XP_003028300.1	1
fam_007200	XP_050198150.1	1
fam_007201	XP_003028316.2	5
fam_007202	XP_003028318.1	2
fam_007203	XP_003028324.1	4
fam_007204	XP_003028325.1	4
fam_007205	XP_003028356.2	3
fam_007206	XP_003032977.2	3
fam_007207	XP_003032979.1	4
fam_007208	XP_003032990.1	3
fam_007209	XP_003032995.1	1
fam_007210	XP_050201380.1	1
fam_007211	XP_003033002.1	6
fam_007212	XP_003033004.1	2
fam_007213	XP_003033020.1	4
fam_007214	XP_003033038.1	3
fam_007215	XP_003033039.1	5
fam_007216	XP_003033052.1	3
fam_007217	XP_003033071.1	3
fam_007218	XP_003033080.2	2
fam_007219	XP_003033087.1	2
fam_007220	XP_003033095.1	11
fam_007221	XP_003037503.1	4
fam_007222	XP_003037505.1	4
fam_007223	XP_003037510.1	4
fam_007224	XP_003037511.1	6
fam_007225	XP_003037512.2	4
fam_007226	XP_003037520.1	2
fam_007227	XP_003037528.2	4
fam_007228	XP_003037556.1	1
fam_007229	XP_003037557.1	1
fam_007230	XP_003037566.1	7
fam_007231	XP_003037572.1	2
fam_007232	XP_003037583.1	4
fam_007233	XP_003037590.2	4
fam_007234	XP_003037601.2	3
fam_007235	XP_003037607.1	4
fam_007236	XP_003037624.1	3
fam_007237	XP_003037625.1	4
fam_007238	XP_003037628.1	2
fam_007239	XP_003037637.1	2
fam_007240	XP_050199157.1	2
fam_007241	XP_050199159.1	6
fam_007242	XP_050199163.1	4
fam_007243	XP_050199168.1	5
fam_007244	XP_050199173.1	2
fam_007245	XP_050199187.1	14
fam_007246	XP_050199189.1	2
fam_007247	XP_050199193.1	14
fam_007248	XP_050199218.1	2
fam_007249	XP_050199223.1	11
fam_007250	XP_050202445.1	4
fam_007251	XP_050202466.1	2
fam_007252	XP_050202476.1	2
fam_007253	XP_050202480.1	2
fam_007254	XP_050202481.1	3
fam_007255	XP_050202484.1	3
fam_007256	XP_050202500.1	2
fam_007257	XP_050202501.1	1
fam_007258	XP_003029663.1	3
fam_007259	XP_050202504.1	4
fam_007260	XP_050202507.1	3
fam_007261	XP_050202509.1	4
fam_007262	XP_050202517.1	3
fam_007263	XP_050202521.1	2
fam_007264	XP_050202522.1	2
fam_007265	XP_007325408.1	2
fam_007266	XP_007325440.1	4
fam_007267	XP_007325441.1	2
fam_007268	XP_007325444.1	2
fam_007269	XP_007325454.1	4
fam_007270	XP_007325462.1	4
fam_007271	XP_007325463.1	3
fam_007272	XP_007325466.1	4
fam_007273	XP_007325473.1	4
fam_007274	XP_007325479.1	2
fam_007275	XP_007325481.1	3
fam_007276	XP_007325493.1	3
fam_007277	XP_007329508.1	5
fam_007278	XP_007329519.1	4
fam_007279	XP_007329524.1	4
fam_007280	XP_007329526.1	3
fam_007281	XP_007329528.1	3
fam_007282	XP_007329532.1	4
fam_007283	XP_007329534.1	2
fam_007284	XP_007329541.1	3
fam_007285	XP_007329546.1	4
fam_007286	XP_007329553.1	2
fam_007287	XP_007329557.1	3
fam_007288	XP_007329559.1	3
fam_007289	XP_007329563.1	4
fam_007290	XP_007329564.1	4
fam_007291	XP_007329586.1	3
fam_007292	XP_007329591.1	2
fam_007293	XP_007329603.1	2
fam_007294	XP_007331413.1	1
fam_007295	XP_007334272.1	1
fam_007296	XP_007331419.1	2
fam_007297	XP_007331423.1	4
fam_007298	XP_007331431.1	2
fam_007299	XP_007331438.1	4
fam_007300	XP_007331446.1	3
fam_007301	XP_007331463.1	1
fam_007302	XP_007331462.1	1
fam_007303	XP_007331468.1	3
fam_007304	XP_007331469.1	3
fam_007305	XP_007331471.1	4
fam_007306	XP_007331473.1	4
fam_007307	XP_007331476.1	2
fam_007308	XP_007331477.1	2
fam_007309	XP_007331479.1	3
fam_007310	XP_007331481.1	4
fam_007311	XP_007331488.1	2
fam_007312	XP_007331489.1	2
fam_007313	XP_007331494.1	3
fam_007314	XP_007331498.1	9
fam_007315	XP_007331499.1	5
fam_007316	XP_007331505.1	2
fam_007317	XP_007333813.1	21
fam_007318	XP_007333817.1	16
fam_007319	XP_007333824.1	2
fam_007320	XP_007333828.1	4
fam_007321	XP_007333840.1	2
fam_007322	XP_007333845.1	5
fam_007323	XP_007333850.1	9
fam_007324	XP_050199751.1	2
fam_007325	XP_050199761.1	10
fam_007326	XP_050199762.1	2
fam_007327	XP_050199766.1	2
fam_007328	XP_050199774.1	4
fam_007329	XP_050199779.1	3
fam_007330	XP_050199791.1	2
fam_007331	XP_050199794.1	3
fam_007332	XP_050199811.1	2
fam_007333	XP_050199812.1	2
fam_007334	XP_050199813.1	2
fam_007335	XP_050199817.1	2
fam_007336	XP_050202830.1	3
fam_007337	XP_050202831.1	2
fam_007338	XP_050202846.1	4
fam_007339	XP_050202849.1	8
fam_007340	XP_050202854.1	3
fam_007341	XP_050202864.1	2
fam_007342	XP_050202865.1	2
fam_007343	XP_050202866.1	3
fam_007344	XP_050202873.1	3
fam_007345	XP_050202886.1	3
fam_007346	XP_050202889.1	4
fam_007347	XP_050202910.1	2
fam_007348	XP_003035938.1	1
fam_007349	XP_050202913.1	3
fam_007350	XP_007326319.1	3
fam_007351	XP_007326323.1	4
fam_007352	XP_007326332.1	2
fam_007353	XP_007326338.1	2
fam_007354	XP_007326363.1	2
fam_007355	XP_007326370.1	4
fam_007356	XP_007326373.1	3
fam_007357	XP_007326383.1	9
fam_007358	XP_007326387.1	2
fam_007359	XP_007326396.1	3
fam_007360	XP_007326402.1	4
fam_007361	XP_007326403.1	3
fam_007362	XP_007326407.1	4
fam_007363	XP_007326711.1	3
fam_007364	XP_007326712.1	4
fam_007365	XP_007326716.1	4
fam_007366	XP_007326724.1	4
fam_007367	XP_007326728.1	4
fam_007368	XP_007326729.1	2
fam_007369	XP_007326740.1	2
fam_007370	XP_007326742.1	2
fam_007371	XP_007326744.1	4
fam_007372	XP_007326754.1	4
fam_007373	XP_007326762.1	4
fam_007374	XP_007326767.1	5
fam_007375	XP_007326768.1	2
fam_007376	XP_007326772.1	3
fam_007377	XP_007326774.1	4
fam_007378	XP_007326797.1	3
fam_007379	XP_007326805.1	4
fam_007380	XP_007327509.1	4
fam_007381	XP_007327513.1	4
fam_007382	XP_007327521.1	4
fam_007383	XP_007327529.1	7
fam_007384	XP_007327537.1	4
fam_007385	XP_007327549.1	3
fam_007386	XP_007327554.1	3
fam_007387	XP_007327555.1	2
fam_007388	XP_007327557.1	4
fam_007389	XP_007327566.1	4
fam_007390	XP_007327575.1	6
fam_007391	XP_007327578.1	6
fam_007392	XP_007327581.1	4
fam_007393	XP_007327598.1	8
fam_007394	XP_007327604.1	7
fam_007395	XP_007328408.1	2
fam_007396	XP_007328421.1	3
fam_007397	XP_007328422.1	3
fam_007398	XP_007328435.1	3
fam_007399	XP_007328436.1	2
fam_007400	XP_007328437.1	2
fam_007401	XP_007328452.1	2
fam_007402	XP_007328467.1	2
fam_007403	XP_007328468.1	4
fam_007404	XP_007328473.1	2
fam_007405	XP_007328475.1	2
fam_007406	XP_007328476.1	4
fam_007407	XP_007328479.1	8
fam_007408	XP_007328483.1	2
fam_007409	XP_007328488.1	4
fam_007410	XP_007328498.1	5
fam_007411	XP_007328500.1	3
fam_007412	XP_007328501.1	4
fam_007413	XP_007328502.1	4
fam_007414	XP_007328504.1	4
fam_007415	XP_007330625.1	2
fam_007416	XP_007330626.1	3
fam_007417	XP_007330631.1	2
fam_007418	XP_007330645.1	2
fam_007419	XP_007330647.1	4
fam_007420	XP_007330657.1	3
fam_007421	XP_007330658.1	4
fam_007422	XP_007330661.1	4
fam_007423	XP_007330688.1	3
fam_007424	XP_007330689.1	9
fam_007425	XP_007330693.1	2
fam_007426	XP_007334215.1	22
fam_007427	XP_007334226.1	12
fam_007428	XP_007334236.1	4
fam_007429	XP_007334248.1	5
fam_007430	XP_007334254.1	6
fam_007431	XP_007334265.1	3
fam_007432	XP_007334271.1	4
fam_007433	XP_007334280.1	4
fam_007434	XP_007334282.1	3
fam_007435	XP_007334291.1	4
fam_007436	XP_007334293.1	3
fam_007437	XP_007334298.1	3
fam_007438	XP_001874695.1	2
fam_007439	XP_001874713.1	4
fam_007440	XP_001874716.1	4
fam_007441	XP_001874717.1	2
fam_007442	XP_001874720.1	2
fam_007443	XP_001874721.1	4
fam_007444	XP_001874733.1	4
fam_007445	XP_001874741.1	4
fam_007446	XP_001874742.1	2
fam_007447	XP_001874743.1	3
fam_007448	XP_001874747.1	2
fam_007449	XP_001874749.1	3
fam_007450	XP_001874756.1	7
fam_007451	XP_001874760.1	3
fam_007452	XP_001874763.1	3
fam_007453	XP_001874768.1	3
fam_007454	XP_001874777.1	3
fam_007455	XP_001879499.1	5
fam_007456	XP_001879501.1	6
fam_007457	XP_001879503.1	2
fam_007458	XP_001879510.1	2
fam_007459	XP_001879519.1	2
fam_007460	XP_001879520.1	2
fam_007461	XP_001879521.1	2
fam_007462	XP_001879549.1	3
fam_007463	XP_001879560.1	5
fam_007464	XP_001879565.1	2
fam_007465	XP_001879566.1	2
fam_007466	XP_001879567.1	4
fam_007467	XP_001879569.1	3
fam_007468	XP_001879570.1	2
fam_007469	XP_001879571.1	4
fam_007470	XP_001879577.1	4
fam_007471	XP_001888119.1	3
fam_007472	XP_001888120.1	18
fam_007473	XP_001888133.1	2
fam_007474	XP_001888145.1	3
fam_007475	XP_001888160.1	4
fam_007476	XP_001888161.1	3
fam_007477	XP_001888165.1	3
fam_007478	XP_001888171.1	2
fam_007479	XP_001888183.1	1
fam_007480	XP_001885466.1	1
fam_007481	XP_001888185.1	1
fam_007482	XP_001885465.1	1
fam_007483	XP_001889318.1	2
fam_007484	XP_001889319.1	1
fam_007485	XP_001890402.1	1
fam_007486	XP_001889338.1	2
fam_007487	XP_001889345.1	2
fam_007488	XP_001889353.1	4
fam_007489	XP_001889354.1	3
fam_007490	XP_001889367.1	2
fam_007491	XP_001889373.1	4
fam_007492	XP_001889383.1	2
fam_007493	XP_001890990.1	5
fam_007494	XP_001890991.1	2
fam_007495	XP_001890993.1	2
fam_007496	XP_001890998.1	3
fam_007497	XP_001891008.1	2
fam_007498	XP_001891010.1	2
fam_007499	XP_001891012.1	2
fam_007500	XP_001891017.1	4
fam_007501	XP_001891024.1	1
fam_007502	XP_001877947.1	1
fam_007503	XP_001891039.1	2
fam_007504	XP_001891046.1	3
fam_007505	XP_001891053.1	2
fam_007506	XP_001891055.1	2
fam_007507	XP_001891077.1	2
fam_007508	XP_001891079.1	2
fam_007509	XP_001891080.1	2
fam_007510	XP_001891084.1	8
fam_007511	XP_001830052.1	3
fam_007512	XP_001830055.1	3
fam_007513	XP_001830071.1	2
fam_007514	XP_001830083.1	4
fam_007515	XP_001830093.2	1
fam_007516	XP_002911113.1	1
fam_007517	XP_001830096.1	4
fam_007518	XP_001830102.2	9
fam_007519	XP_001830103.2	4
fam_007520	XP_001830108.2	4
fam_007521	XP_001830120.1	3
fam_007522	XP_001830128.1	4
fam_007523	XP_001830138.1	4
fam_007524	XP_001830144.2	3
fam_007525	XP_001830145.1	2
fam_007526	XP_001830149.1	4
fam_007527	XP_001830160.1	4
fam_007528	XP_001833788.2	2
fam_007529	XP_001833822.2	1
fam_007530	XP_001833844.2	1
fam_007531	XP_001833825.2	4
fam_007532	XP_001833834.1	4
fam_007533	XP_001833837.2	4
fam_007534	XP_001833847.1	4
fam_007535	XP_001833874.2	4
fam_007536	XP_001836973.1	2
fam_007537	XP_001836978.1	4
fam_007538	XP_001836984.1	5
fam_007539	XP_001836988.1	4
fam_007540	XP_001836991.1	4
fam_007541	XP_001836993.2	4
fam_007542	XP_001837001.2	4
fam_007543	XP_001837007.2	4
fam_007544	XP_001837015.2	2
fam_007545	XP_001837019.1	2
fam_007546	XP_001837023.1	5
fam_007547	XP_001837030.2	2
fam_007548	XP_001837044.2	4
fam_007549	XP_001837051.2	4
fam_007550	XP_001837054.2	6
fam_007551	XP_001837071.2	8
fam_007552	XP_001837072.2	2
fam_007553	XP_001837074.2	4
fam_007554	XP_001837075.1	4
fam_007555	XP_001837080.2	3
fam_007556	XP_001837085.1	4
fam_007557	XP_001841237.1	2
fam_007558	XP_001841247.2	2
fam_007559	XP_001841256.1	1
fam_007560	XP_002911122.1	1
fam_007561	XP_001841257.2	5
fam_007562	XP_001841258.2	2
fam_007563	XP_001841274.1	3
fam_007564	XP_001841288.2	3
fam_007565	XP_001841320.1	7
fam_007566	XP_001841322.2	4
fam_007567	XP_001841325.1	3
fam_007568	XP_001841349.1	2
fam_007569	XP_001841361.2	2
fam_007570	XP_001841363.2	3
fam_007571	XP_003026649.1	2
fam_007572	XP_003026652.1	3
fam_007573	XP_003026662.1	1
fam_007574	XP_003026753.1	3
fam_007575	XP_003026694.2	3
fam_007576	XP_003026698.1	4
fam_007577	XP_003026726.1	2
fam_007578	XP_003026743.1	1
fam_007579	XP_003026394.1	1
fam_007580	XP_003026775.2	6
fam_007581	XP_003030675.1	4
fam_007582	XP_003030676.1	2
fam_007583	XP_003030680.1	2
fam_007584	XP_003030685.1	4
fam_007585	XP_003030686.1	3
fam_007586	XP_003030690.1	4
fam_007587	XP_003030698.1	2
fam_007588	XP_007329346.1	17
fam_007589	XP_007329347.1	4
fam_007590	XP_007329356.1	4
fam_007591	XP_007329362.1	6
fam_007592	XP_007329363.1	1
fam_007593	XP_007335787.1	2
fam_007594	XP_007329367.1	2
fam_007595	XP_007329375.1	4
fam_007596	XP_007329383.1	13
fam_007597	XP_007329385.1	3
fam_007598	XP_007329387.1	4
fam_007599	XP_007329395.1	4
fam_007600	XP_007329397.1	4
fam_007601	XP_007329398.1	4
fam_007602	XP_007329400.1	4
fam_007603	XP_007329401.1	4
fam_007604	XP_007332516.1	4
fam_007605	XP_007332519.1	4
fam_007606	XP_007332523.1	8
fam_007607	XP_007332528.1	5
fam_007608	XP_007332536.1	3
fam_007609	XP_007332539.1	3
fam_007610	XP_007332559.1	2
fam_007611	XP_007332563.1	2
fam_007612	XP_007332577.1	5
fam_007613	XP_007332579.1	2
fam_007614	XP_007332583.1	4
fam_007615	XP_007332587.1	6
fam_007616	XP_007332592.1	4
fam_007617	XP_007332593.1	2
fam_007618	XP_007332598.1	2
fam_007619	XP_007332601.1	4
fam_007620	XP_007335518.1	23
fam_007621	XP_007335520.1	15
fam_007622	XP_007335521.1	3
fam_007623	XP_007335523.1	2
fam_007624	XP_007335526.1	2
fam_007625	XP_007335529.1	2
fam_007626	XP_007335537.1	3
fam_007627	XP_007335538.1	6
fam_007628	XP_007335559.1	2
fam_007629	XP_007335564.1	3
fam_007630	XP_007335586.1	5
fam_007631	XP_007335590.1	2
fam_007632	XP_007335600.1	2
fam_007633	XP_007335610.1	3
fam_007634	XP_007335612.1	2
fam_007635	XP_001880191.1	4
fam_007636	XP_001880205.1	3
fam_007637	XP_001880211.1	6
fam_007638	XP_001880222.1	3
fam_007639	XP_001880223.1	3
fam_007640	XP_001880229.1	3
fam_007641	XP_001880237.1	5
fam_007642	XP_001880247.1	4
fam_007643	XP_001880248.1	3
fam_007644	XP_001880250.1	3
fam_007645	XP_001880251.1	4
fam_007646	XP_001880256.1	5
fam_007647	XP_001880267.1	2
fam_007648	XP_001880281.1	4
fam_007649	XP_001883407.1	2
fam_007650	XP_001883419.1	2
fam_007651	XP_001883426.1	2
fam_007652	XP_001883451.1	2
fam_007653	XP_001883463.1	2
fam_007654	XP_001883466.1	2
fam_007655	XP_001883483.1	3
fam_007656	XP_001884094.1	2
fam_007657	XP_001884101.1	2
fam_007658	XP_001884118.1	4
fam_007659	XP_001884122.1	8
fam_007660	XP_001884128.1	4
fam_007661	XP_001884139.1	4
fam_007662	XP_001884143.1	2
fam_007663	XP_001884147.1	2
fam_007664	XP_001884169.1	2
fam_007665	XP_001884172.1	4
fam_007666	XP_001884180.1	6
fam_007667	XP_001884181.1	2
fam_007668	XP_001884803.1	3
fam_007669	XP_001884821.1	7
fam_007670	XP_001884825.1	4
fam_007671	XP_001884833.1	2
fam_007672	XP_001884836.1	2
fam_007673	XP_001884843.1	2
fam_007674	XP_001884846.1	1
fam_007675	XP_001880494.1	1
fam_007676	XP_001884856.1	4
fam_007677	XP_001884859.1	2
fam_007678	XP_001884878.1	1
fam_007679	XP_001882864.1	1
fam_007680	XP_001884879.1	1
fam_007681	XP_001890626.1	1
fam_007682	XP_001885388.1	2
fam_007683	XP_001885395.1	2
fam_007684	XP_001890950.1	1
fam_007685	XP_001885397.1	1
fam_007686	XP_001890948.1	1
fam_007687	XP_001885409.1	4
fam_007688	XP_001885413.1	7
fam_007689	XP_001885414.1	2
fam_007690	XP_001885417.1	2
fam_007691	XP_001885424.1	4
fam_007692	XP_001885425.1	3
fam_007693	XP_001885446.1	5
fam_007694	XP_001885447.1	1
fam_007695	XP_001889244.1	1
fam_007696	XP_001885450.1	3
fam_007697	XP_001885464.1	5
fam_007698	XP_001886301.1	2
fam_007699	XP_001886312.1	3
fam_007700	XP_001886313.1	3
fam_007701	XP_001886315.1	2
fam_007702	XP_001886316.1	3
fam_007703	XP_001886318.1	2
fam_007704	XP_001886320.1	2
fam_007705	XP_001886321.1	2
fam_007706	XP_001886327.1	4
fam_007707	XP_001886339.1	2
fam_007708	XP_001886345.1	2
fam_007709	XP_001886356.1	2
fam_007710	XP_001886361.1	2
fam_007711	XP_001886362.1	3
fam_007712	XP_001886365.1	15
fam_007713	XP_001886372.1	2
fam_007714	XP_001886380.1	2
fam_007715	XP_001887587.1	2
fam_007716	XP_001887598.1	3
fam_007717	XP_001887602.1	3
fam_007718	XP_001887608.1	5
fam_007719	XP_001887611.1	3
fam_007720	XP_001887630.1	2
fam_007721	XP_001887658.1	2
fam_007722	XP_001887667.1	3
fam_007723	XP_001887668.1	1
fam_007724	XP_001883870.1	1
fam_007725	XP_001887678.1	2
fam_007726	XP_001888491.1	2
fam_007727	XP_001888501.1	13
fam_007728	XP_001888502.1	3
fam_007729	XP_001888520.1	3
fam_007730	XP_001888535.1	6
fam_007731	XP_001888539.1	3
fam_007732	XP_001888552.1	2
fam_007733	XP_001888571.1	2
fam_007734	XP_001888575.1	2
fam_007735	XP_001888581.1	1
fam_007736	XP_001889789.1	2
fam_007737	XP_001889799.1	2
fam_007738	XP_001889804.1	5
fam_007739	XP_001889813.1	6
fam_007740	XP_001889818.1	3
fam_007741	XP_001889831.1	4
fam_007742	XP_001889834.1	3
fam_007743	XP_001889836.1	2
fam_007744	XP_001889839.1	2
fam_007745	XP_001889846.1	3
fam_007746	XP_001889847.1	2
fam_007747	XP_001889849.1	2
fam_007748	XP_001889853.1	4
fam_007749	XP_001889864.1	4
fam_007750	XP_001889865.1	7
fam_007751	XP_001889871.1	5
fam_007752	XP_001889872.1	2
fam_007753	XP_001889878.1	3
fam_007754	XP_001828760.2	3
fam_007755	XP_001828763.1	4
fam_007756	XP_001828765.2	2
fam_007757	XP_001828769.1	4
fam_007758	XP_001828771.1	3
fam_007759	XP_001828784.2	4
fam_007760	XP_001828798.1	3
fam_007761	XP_001828802.2	7
fam_007762	XP_001828803.2	4
fam_007763	XP_001828805.2	3
fam_007764	XP_001828808.2	4
fam_007765	XP_001828813.2	4
fam_007766	XP_001828816.1	3
fam_007767	XP_001828836.2	5
fam_007768	XP_001828840.2	2
fam_007769	XP_001828842.2	3
fam_007770	XP_001828861.2	4
fam_007771	XP_001828862.2	3
fam_007772	XP_001831589.1	3
fam_007773	XP_001831594.2	5
fam_007774	XP_001831595.1	3
fam_007775	XP_001831596.1	3
fam_007776	XP_001831603.2	2
fam_007777	XP_001831629.2	4
fam_007778	XP_001831631.2	2
fam_007779	XP_001831657.2	4
fam_007780	XP_001831666.1	4
fam_007781	XP_001831673.1	4
fam_007782	XP_001831678.2	4
fam_007783	XP_001831681.2	4
fam_007784	XP_001831687.2	3
fam_007785	XP_001831689.1	4
fam_007786	XP_001831691.2	4
fam_007787	XP_001833919.1	2
fam_007788	XP_001833935.2	3
fam_007789	XP_001833946.2	1
fam_007790	XP_001833958.1	1
fam_007791	XP_001833960.2	4
fam_007792	XP_001833964.1	4
fam_007793	XP_001833972.1	2
fam_007794	XP_001833977.1	2
fam_007795	XP_001833986.1	4
fam_007796	XP_001833987.2	2
fam_007797	XP_001833996.2	2
fam_007798	XP_001837100.2	4
fam_007799	XP_001837107.2	2
fam_007800	XP_001837109.1	3
fam_007801	XP_001837127.1	4
fam_007802	XP_001837128.2	2
fam_007803	XP_001837142.2	4
fam_007804	XP_001837143.1	3
fam_007805	XP_001837164.1	4
fam_007806	XP_001837167.1	4
fam_007807	XP_001837168.2	4
fam_007808	XP_001837170.1	5
fam_007809	XP_001837172.2	2
fam_007810	XP_001837173.2	3
fam_007811	XP_001837175.2	4
fam_007812	XP_001837179.2	4
fam_007813	XP_001837181.1	5
fam_007814	XP_001837184.2	2
fam_007815	XP_001837185.1	3
fam_007816	XP_001837190.1	4
fam_007817	XP_001837192.1	4
fam_007818	XP_001837195.2	3
fam_007819	XP_001837200.2	2
fam_007820	XP_001837205.1	3
fam_007821	XP_001837208.1	3
fam_007822	XP_001840602.2	3
fam_007823	XP_001840616.2	4
fam_007824	XP_001840631.1	2
fam_007825	XP_001840637.1	2
fam_007826	XP_001840643.1	2
fam_007827	XP_001839759.2	1
fam_007828	XP_001840646.2	3
fam_007829	XP_001840647.1	3
fam_007830	XP_001840653.1	2
fam_007831	XP_001840655.1	7
fam_007832	XP_001840695.2	2
fam_007833	XP_001840713.2	1
fam_007834	XP_001834754.2	1
fam_007835	XP_001840723.2	2
fam_007836	XP_001840727.1	3
fam_007837	XP_001840728.1	2
fam_007838	XP_001840729.2	2
fam_007839	XP_003026102.2	4
fam_007840	XP_003026104.1	2
fam_007841	XP_003026111.1	2
fam_007842	XP_003026117.1	3
fam_007843	XP_003026131.1	2
fam_007844	XP_003026151.1	2
fam_007845	XP_001877408.1	4
fam_007846	XP_001877409.1	4
fam_007847	XP_001877418.1	2
fam_007848	XP_001877419.1	3
fam_007849	XP_001877424.1	4
fam_007850	XP_001877428.1	4
fam_007851	XP_001877438.1	2
fam_007852	XP_001877440.1	3
fam_007853	XP_001877444.1	2
fam_007854	XP_001877445.1	2
fam_007855	XP_001877451.1	4
fam_007856	XP_001877455.1	3
fam_007857	XP_001877457.1	2
fam_007858	XP_001877459.1	4
fam_007859	XP_001877472.1	10
fam_007860	XP_001877477.1	4
fam_007861	XP_001877479.1	4
fam_007862	XP_001877480.1	2
fam_007863	XP_001877484.1	4
fam_007864	XP_001879296.1	2
fam_007865	XP_001879298.1	2
fam_007866	XP_001879312.1	6
fam_007867	XP_001879327.1	4
fam_007868	XP_001879338.1	4
fam_007869	XP_001879344.1	4
fam_007870	XP_001879349.1	3
fam_007871	XP_001879350.1	2
fam_007872	XP_001879369.1	3
fam_007873	XP_001879371.1	3
fam_007874	XP_001879381.1	3
fam_007875	XP_001881491.1	2
fam_007876	XP_001881505.1	2
fam_007877	XP_001881512.1	6
fam_007878	XP_001881519.1	3
fam_007879	XP_001881522.1	6
fam_007880	XP_001881537.1	2
fam_007881	XP_001881538.1	3
fam_007882	XP_001881548.1	4
fam_007883	XP_001881554.1	2
fam_007884	XP_001881555.1	5
fam_007885	XP_001881564.1	2
fam_007886	XP_001881566.1	4
fam_007887	XP_001881567.1	2
fam_007888	XP_001881574.1	2
fam_007889	XP_001881575.1	5
fam_007890	XP_001884192.1	3
fam_007891	XP_001884203.1	4
fam_007892	XP_001884208.1	2
fam_007893	XP_001884210.1	2
fam_007894	XP_001884222.1	4
fam_007895	XP_001884234.1	13
fam_007896	XP_001884254.1	3
fam_007897	XP_001884255.1	4
fam_007898	XP_001884262.1	3
fam_007899	XP_001884265.1	4
fam_007900	XP_001884270.1	2
fam_007901	XP_001884273.1	4
fam_007902	XP_001884274.1	4
fam_007903	XP_001884276.1	2
fam_007904	XP_001884277.1	4
fam_007905	XP_001884278.1	8
fam_007906	XP_001836264.2	3
fam_007907	XP_001836277.2	3
fam_007908	XP_001836286.2	3
fam_007909	XP_001836294.2	2
fam_007910	XP_001836305.2	4
fam_007911	XP_001836307.2	4
fam_007912	XP_001836310.2	6
fam_007913	XP_001836311.1	2
fam_007914	XP_001836313.1	3
fam_007915	XP_001836316.1	2
fam_007916	XP_001836322.2	3
fam_007917	XP_001836326.2	3
fam_007918	XP_001836341.2	4
fam_007919	XP_001836342.1	1
fam_007920	XP_001832357.2	2
fam_007921	XP_001836348.1	3
fam_007922	XP_001836357.2	4
fam_007923	XP_001836366.2	4
fam_007924	XP_001836372.1	4
fam_007925	XP_001839758.1	2
fam_007926	XP_001839776.1	3
fam_007927	XP_001839781.1	3
fam_007928	XP_001839792.2	3
fam_007929	XP_001839803.1	2
fam_007930	XP_001839807.1	4
fam_007931	XP_001839817.2	2
fam_007932	XP_001839823.2	1
fam_007933	XP_001839854.2	1
fam_007934	XP_001839835.1	2
fam_007935	XP_001839837.2	3
fam_007936	XP_001839847.1	4
fam_007937	XP_001839848.2	4
fam_007938	XP_001839852.1	4
fam_007939	XP_001839853.1	2
fam_007940	XP_001839858.2	4
fam_007941	XP_001839860.1	2
fam_007942	XP_002911467.1	8
fam_007943	XP_002911470.1	2
fam_007944	XP_002911494.1	2
fam_007945	XP_002911500.1	3
fam_007946	XP_002911510.1	23
fam_007947	XP_002911511.1	2
fam_007948	XP_002911535.1	11
fam_007949	XP_002911537.1	3
fam_007950	XP_002911543.1	3
fam_007951	XP_002911553.1	3
fam_007952	XP_003029439.2	3
fam_007953	XP_003029459.1	4
fam_007954	XP_003029462.1	4
fam_007955	XP_003029464.1	3
fam_007956	XP_003029466.1	7
fam_007957	XP_003029483.1	7
fam_007958	XP_003029490.1	3
fam_007959	XP_003029495.1	3
fam_007960	XP_003029500.1	3
fam_007961	XP_003029505.1	4
fam_007962	XP_003029507.1	2
fam_007963	XP_003029515.1	7
fam_007964	XP_003029530.2	3
fam_007965	XP_003029532.1	4
fam_007966	XP_003029537.1	3
fam_007967	XP_003029541.2	2
fam_007968	XP_003029546.2	6
fam_007969	XP_003029552.1	2
fam_007970	XP_003032419.1	3
fam_007971	XP_003032438.1	4
fam_007972	XP_003032444.1	8
fam_007973	XP_003032445.1	4
fam_007974	XP_003032447.1	4
fam_007975	XP_003032455.1	2
fam_007976	XP_003032500.1	4
fam_007977	XP_003032502.1	1
fam_007978	XP_003028769.1	1
fam_007979	XP_003032511.1	4
fam_007980	XP_003032514.1	4
fam_007981	XP_003032528.2	4
fam_007982	XP_003032545.2	6
fam_007983	XP_003032547.1	3
fam_007984	XP_003032554.1	4
fam_007985	XP_003036848.1	1
fam_007986	XP_003028763.1	1
fam_007987	XP_003036866.2	3
fam_007988	XP_003036867.1	3
fam_007989	XP_003036871.2	2
fam_007990	XP_003036874.2	29
fam_007991	XP_003036885.1	4
fam_007992	XP_003036892.1	2
fam_007993	XP_003036899.1	3
fam_007994	XP_003036911.1	2
fam_007995	XP_003036917.1	4
fam_007996	XP_003036929.2	4
fam_007997	XP_003036933.1	2
fam_007998	XP_003036934.1	2
fam_007999	XP_003036942.1	4
fam_008000	XP_003036944.1	4
fam_008001	XP_003036947.1	3
fam_008002	XP_003036948.2	3
fam_008003	XP_003036951.1	3
fam_008004	XP_003036957.1	4
fam_008005	XP_003036963.1	2
fam_008006	XP_050198333.1	2
fam_008007	XP_050198364.1	4
fam_008008	XP_050198372.1	2
fam_008009	XP_050198377.1	2
fam_008010	XP_050198382.1	3
fam_008011	XP_050198399.1	2
fam_008012	XP_050198411.1	3
fam_008013	XP_050198412.1	4
fam_008014	XP_050198419.1	1
fam_008015	XP_003037998.2	1
fam_008016	XP_050200732.1	2
fam_008017	XP_050200738.1	3
fam_008018	XP_050200739.1	3
fam_008019	XP_050200741.1	3
fam_008020	XP_050200743.1	4
fam_008021	XP_050200747.1	2
fam_008022	XP_050200754.1	4
fam_008023	XP_050200770.1	4
fam_008024	XP_050200771.1	3
fam_008025	XP_050200789.1	5
fam_008026	XP_050200795.1	3
fam_008027	XP_050200798.1	4
fam_008028	XP_050200799.1	2
fam_008029	XP_050200805.1	3
fam_008030	XP_050200807.1	4
fam_008031	XP_050200810.1	4
fam_008032	XP_050200815.1	5
fam_008033	XP_007325712.1	8
fam_008034	XP_007325714.1	4
fam_008035	XP_007325718.1	4
fam_008036	XP_007325725.1	4
fam_008037	XP_007325730.1	4
fam_008038	XP_007325733.1	2
fam_008039	XP_007325734.1	4
fam_008040	XP_007325739.1	7
fam_008041	XP_007325746.1	2
fam_008042	XP_007325748.1	4
fam_008043	XP_007325752.1	4
fam_008044	XP_007325763.1	11
fam_008045	XP_007325765.1	4
fam_008046	XP_007325770.1	4
fam_008047	XP_007325771.1	2
fam_008048	XP_007325786.1	2
fam_008049	XP_007325788.1	2
fam_008050	XP_007325791.1	2
fam_008051	XP_007325795.1	3
fam_008052	XP_007325797.1	4
fam_008053	XP_007331009.1	4
fam_008054	XP_007331010.1	3
fam_008055	XP_007331014.1	4
fam_008056	XP_007331018.1	3
fam_008057	XP_007331020.1	2
fam_008058	XP_007331023.1	4
fam_008059	XP_007331024.1	3
fam_008060	XP_007331048.1	9
fam_008061	XP_007331052.1	3
fam_008062	XP_007331060.1	2
fam_008063	XP_007331062.1	3
fam_008064	XP_007331063.1	3
fam_008065	XP_007331068.1	3
fam_008066	XP_007331089.1	2
fam_008067	XP_007334308.1	5
fam_008068	XP_007334314.1	1
fam_008069	XP_007327147.1	1
fam_008070	XP_007334333.1	2
fam_008071	XP_007334336.1	4
fam_008072	XP_007334337.1	2
fam_008073	XP_007334112.1	1
fam_008074	XP_007334339.1	3
fam_008075	XP_007334343.1	11
fam_008076	XP_007334345.1	2
fam_008077	XP_007334349.1	2
fam_008078	XP_007334355.1	3
fam_008079	XP_007334376.1	6
fam_008080	XP_007334377.1	4
fam_008081	XP_007334381.1	6
fam_008082	XP_007334389.1	2
fam_008083	XP_007334396.1	2
fam_008084	XP_007334397.1	3
fam_008085	XP_007334401.1	4
fam_008086	XP_001875193.1	4
fam_008087	XP_001875194.1	4
fam_008088	XP_001875204.1	2
fam_008089	XP_001875207.1	2
fam_008090	XP_001875211.1	4
fam_008091	XP_001875214.1	3
fam_008092	XP_001875215.1	3
fam_008093	XP_001875220.1	2
fam_008094	XP_001875224.1	2
fam_008095	XP_001875229.1	4
fam_008096	XP_001875234.1	3
fam_008097	XP_001875238.1	2
fam_008098	XP_001875244.1	3
fam_008099	XP_001875247.1	4
fam_008100	XP_001875252.1	1
fam_008101	XP_001889666.1	1
fam_008102	XP_001875257.1	3
fam_008103	XP_001875272.1	2
fam_008104	XP_001875274.1	2
fam_008105	XP_001875279.1	2
fam_008106	XP_001875283.1	2
fam_008107	XP_001878400.1	2
fam_008108	XP_001878401.1	1
fam_008109	XP_001878399.1	1
fam_008110	XP_001878415.1	3
fam_008111	XP_001878423.1	2
fam_008112	XP_001878425.1	4
fam_008113	XP_001878432.1	4
fam_008114	XP_001878437.1	1
fam_008115	XP_001878435.1	1
fam_008116	XP_001878441.1	4
fam_008117	XP_001878445.1	4
fam_008118	XP_001878450.1	3
fam_008119	XP_001878452.1	3
fam_008120	XP_001878457.1	5
fam_008121	XP_001878461.1	4
fam_008122	XP_001878468.1	2
fam_008123	XP_001878470.1	3
fam_008124	XP_001878479.1	4
fam_008125	XP_001878481.1	1
fam_008126	XP_001878136.1	1
fam_008127	XP_001878482.1	5
fam_008128	XP_001881597.1	4
fam_008129	XP_003026417.1	2
fam_008130	XP_003026426.1	4
fam_008131	XP_003026445.2	2
fam_008132	XP_003026447.1	3
fam_008133	XP_003026448.1	3
fam_008134	XP_003026460.1	3
fam_008135	XP_003026463.2	2
fam_008136	XP_003026471.1	2
fam_008137	XP_003026476.1	9
fam_008138	XP_003026481.1	5
fam_008139	XP_003031094.1	4
fam_008140	XP_003031101.1	4
fam_008141	XP_003031105.1	1
fam_008142	XP_003029553.1	1
fam_008143	XP_003031115.1	2
fam_008144	XP_003031146.2	3
fam_008145	XP_003031149.1	4
fam_008146	XP_003031152.1	2
fam_008147	XP_003031165.1	2
fam_008148	XP_003031167.1	3
fam_008149	XP_003031186.1	2
fam_008150	XP_003031190.1	5
fam_008151	XP_003031198.1	2
fam_008152	XP_003031234.1	2
fam_008153	XP_003035789.1	3
fam_008154	XP_003035804.2	4
fam_008155	XP_003035809.1	2
fam_008156	XP_003035816.1	3
fam_008157	XP_003035825.1	2
fam_008158	XP_003035827.1	4
fam_008159	XP_003035838.1	1
fam_008160	XP_003035837.1	1
fam_008161	XP_003035839.2	3
fam_008162	XP_003035845.1	3
fam_008163	XP_003035860.2	3
fam_008164	XP_003035868.2	5
fam_008165	XP_003035873.1	3
fam_008166	XP_003035878.1	3
fam_008167	XP_003035901.1	4
fam_008168	XP_050198032.1	2
fam_008169	XP_050198036.1	2
fam_008170	XP_003027649.2	1
fam_008171	XP_050198040.1	1
fam_008172	XP_003027897.1	1
fam_008173	XP_050198041.1	1
fam_008174	XP_003027898.1	1
fam_008175	XP_050198042.1	2
fam_008176	XP_050198052.1	2
fam_008177	XP_050198054.1	6
fam_008178	XP_050198064.1	2
fam_008179	XP_050198067.1	2
fam_008180	XP_050198068.1	2
fam_008181	XP_050198070.1	2
fam_008182	XP_050198072.1	2
fam_008183	XP_050198089.1	4
fam_008184	XP_050198095.1	2
fam_008185	XP_050198105.1	1
fam_008186	XP_050201443.1	1
fam_008187	XP_050198106.1	2
fam_008188	XP_050198109.1	2
fam_008189	XP_050198111.1	2
fam_008190	XP_050198121.1	1
fam_008191	XP_003028268.1	1
fam_008192	XP_050198124.1	3
fam_008193	XP_050201034.1	4
fam_008194	XP_050201042.1	2
fam_008195	XP_050201045.1	2
fam_008196	XP_050201067.1	2
fam_008197	XP_050201086.1	3
fam_008198	XP_050201088.1	3
fam_008199	XP_050201092.1	4
fam_008200	XP_050201097.1	2
fam_008201	XP_050201101.1	2
fam_008202	XP_050201104.1	2
fam_008203	XP_050201112.1	2
fam_008204	XP_050201113.1	2
fam_008205	XP_050201114.1	2
fam_008206	XP_050201115.1	6
fam_008207	XP_050201116.1	11
fam_008208	XP_050201121.1	2
fam_008209	XP_050201123.1	2
fam_008210	XP_050201125.1	7
fam_008211	XP_007332908.1	2
fam_008212	XP_007332919.1	20
fam_008213	XP_007332922.1	7
fam_008214	XP_007332924.1	3
fam_008215	XP_007332931.1	1
fam_008216	XP_007326336.1	2
fam_008217	XP_007332939.1	9
fam_008218	XP_007332948.1	2
fam_008219	XP_007332956.1	2
fam_008220	XP_007332959.1	2
fam_008221	XP_007332961.1	3
fam_008222	XP_007332979.1	2
fam_008223	XP_007332990.1	3
fam_008224	XP_007332997.1	2
fam_008225	XP_007333001.1	5
fam_008226	XP_007333004.1	4
fam_008227	XP_007335926.1	2
fam_008228	XP_007335943.1	3
fam_008229	XP_007335945.1	2
fam_008230	XP_007335946.1	2
fam_008231	XP_007335957.1	2
fam_008232	XP_007335960.1	2
fam_008233	XP_007335982.1	9
fam_008234	XP_007335983.1	2
fam_008235	XP_007335988.1	2
fam_008236	XP_007336012.1	2
fam_008237	XP_007336020.1	3
fam_008238	XP_001875790.1	3
fam_008239	XP_001875792.1	3
fam_008240	XP_001875803.1	4
fam_008241	XP_001875805.1	4
fam_008242	XP_001875810.1	3
fam_008243	XP_001875812.1	2
fam_008244	XP_001875826.1	4
fam_008245	XP_001875828.1	4
fam_008246	XP_001875831.1	2
fam_008247	XP_001875832.1	2
fam_008248	XP_001875833.1	2
fam_008249	XP_001875836.1	4
fam_008250	XP_001875840.1	4
fam_008251	XP_001875851.1	4
fam_008252	XP_001875859.1	2
fam_008253	XP_001875875.1	3
fam_008254	XP_001875876.1	3
fam_008255	XP_001875879.1	4
fam_008256	XP_001875881.1	2
fam_008257	XP_001877992.1	3
fam_008258	XP_001877997.1	2
fam_008259	XP_001878014.1	4
fam_008260	XP_001878015.1	12
fam_008261	XP_001878020.1	2
fam_008262	XP_001878030.1	7
fam_008263	XP_001878037.1	4
fam_008264	XP_001878053.1	1
fam_008265	XP_001878040.1	1
fam_008266	XP_001878057.1	2
fam_008267	XP_001878069.1	1
fam_008268	XP_001873466.1	1
fam_008269	XP_001878072.1	3
fam_008270	XP_001878075.1	12
fam_008271	XP_001878077.1	5
fam_008272	XP_001880793.1	2
fam_008273	XP_001880798.1	2
fam_008274	XP_001880806.1	14
fam_008275	XP_001880817.1	2
fam_008276	XP_001880826.1	3
fam_008277	XP_001880830.1	4
fam_008278	XP_001880837.1	3
fam_008279	XP_001880843.1	4
fam_008280	XP_001880845.1	2
fam_008281	XP_001880849.1	4
fam_008282	XP_001880856.1	3
fam_008283	XP_001880857.1	4
fam_008284	XP_001880861.1	4
fam_008285	XP_001880862.1	3
fam_008286	XP_001880863.1	4
fam_008287	XP_001880864.1	3
fam_008288	XP_001880866.1	3
fam_008289	XP_001880872.1	2
fam_008290	XP_001880874.1	2
fam_008291	XP_001880877.1	1
fam_008292	XP_001880883.1	1
fam_008293	XP_001880881.1	4
fam_008294	XP_001882787.1	1
fam_008295	XP_050201645.1	2
fam_008296	XP_001882815.1	3
fam_008297	XP_001882825.1	2
fam_008298	XP_001882833.1	3
fam_008299	XP_001882846.1	1
fam_008300	XP_001877570.1	1
fam_008301	XP_001882849.1	5
fam_008302	XP_001882867.1	3
fam_008303	XP_001882869.1	2
fam_008304	XP_001882874.1	2
fam_008305	XP_001884491.1	3
fam_008306	XP_001884524.1	3
fam_008307	XP_001884541.1	9
fam_008308	XP_001884547.1	3
fam_008309	XP_001884548.1	3
fam_008310	XP_001884551.1	2
fam_008311	XP_001884567.1	2
fam_008312	XP_001884568.1	2
fam_008313	XP_001884584.1	2
fam_008314	XP_001835319.1	2
fam_008315	XP_001835322.1	3
fam_008316	XP_001835342.1	7
fam_008317	XP_001835343.1	1
fam_008318	XP_001835349.1	2
fam_008319	XP_001835344.1	2
fam_008320	XP_001835366.1	2
fam_008321	XP_001835393.2	2
fam_008322	XP_001835410.2	2
fam_008323	XP_001835419.2	1
fam_008324	XP_001835418.2	1
fam_008325	XP_001835432.2	2
fam_008326	XP_001835433.2	3
fam_008327	XP_001839613.2	9
fam_008328	XP_001839617.1	4
fam_008329	XP_001839618.1	2
fam_008330	XP_001839635.2	2
fam_008331	XP_001839640.2	2
fam_008332	XP_001839650.1	3
fam_008333	XP_001839654.2	2
fam_008334	XP_001839655.1	3
fam_008335	XP_001839681.2	16
fam_008336	XP_001839694.2	4
fam_008337	XP_001839695.1	3
fam_008338	XP_001839699.1	5
fam_008339	XP_001839700.1	2
fam_008340	XP_001839704.2	2
fam_008341	XP_001839709.1	3
fam_008342	XP_001839719.2	2
fam_008343	XP_001839720.2	3
fam_008344	XP_001839723.1	2
fam_008345	XP_001839732.1	6
fam_008346	XP_001839735.1	3
fam_008347	XP_002911975.1	17
fam_008348	XP_002911978.1	3
fam_008349	XP_002911991.1	2
fam_008350	XP_002912025.1	2
fam_008351	XP_002912031.1	2
fam_008352	XP_002912034.1	3
fam_008353	XP_002912041.1	5
fam_008354	XP_002912046.1	2
fam_008355	XP_002912061.1	1
fam_008356	XP_001828387.1	3
fam_008357	XP_003030130.2	3
fam_008358	XP_003030138.1	2
fam_008359	XP_003030146.1	4
fam_008360	XP_003030147.2	2
fam_008361	XP_003030179.1	3
fam_008362	XP_003030192.1	4
fam_008363	XP_003030194.1	4
fam_008364	XP_003030204.1	10
fam_008365	XP_003030219.2	4
fam_008366	XP_003030220.1	4
fam_008367	XP_003030232.1	4
fam_008368	XP_003034327.1	5
fam_008369	XP_003034333.1	3
fam_008370	XP_003034339.1	6
fam_008371	XP_003034340.1	4
fam_008372	XP_003034365.1	2
fam_008373	XP_003034380.1	2
fam_008374	XP_003034394.1	3
fam_008375	XP_003034408.2	2
fam_008376	XP_003034412.1	2
fam_008377	XP_003034419.1	7
fam_008378	XP_003034420.1	4
fam_008379	XP_003034421.1	1
fam_008380	XP_003033833.1	1
fam_008381	XP_003034423.1	12
fam_008382	XP_003034424.1	2
fam_008383	XP_003034426.2	8
fam_008384	XP_003038472.1	2
fam_008385	XP_003038473.1	5
fam_008386	XP_003038475.1	2
fam_008387	XP_003038500.1	6
fam_008388	XP_003038503.1	3
fam_008389	XP_003038505.1	4
fam_008390	XP_003038506.2	2
fam_008391	XP_003038508.1	2
fam_008392	XP_003038509.1	2
fam_008393	XP_003038522.1	4
fam_008394	XP_003038523.1	4
fam_008395	XP_003038524.1	2
fam_008396	XP_003038525.1	4
fam_008397	XP_003038545.1	4
fam_008398	XP_003038548.1	4
fam_008399	XP_003038551.1	4
fam_008400	XP_003038568.1	3
fam_008401	XP_003038569.2	4
fam_008402	XP_003038570.2	4
fam_008403	XP_003038572.1	4
fam_008404	XP_003038574.1	4
fam_008405	XP_003038578.1	2
fam_008406	XP_003038579.1	4
fam_008407	XP_003038583.1	2
fam_008408	XP_003038603.1	3
fam_008409	XP_003038607.1	3
fam_008410	XP_050202130.1	2
fam_008411	XP_050202133.1	2
fam_008412	XP_050202141.1	4
fam_008413	XP_050202144.1	3
fam_008414	XP_050202151.1	4
fam_008415	XP_050202156.1	2
fam_008416	XP_050202161.1	4
fam_008417	XP_050202167.1	2
fam_008418	XP_050202172.1	3
fam_008419	XP_050202173.1	1
fam_008420	XP_003030107.1	1
fam_008421	XP_050202191.1	4
fam_008422	XP_050202192.1	3
fam_008423	XP_050202194.1	4
fam_008424	XP_050202202.1	7
fam_008425	XP_050202205.1	2
fam_008426	XP_050202210.1	4
fam_008427	XP_050202215.1	4
fam_008428	XP_007326808.1	2
fam_008429	XP_007326811.1	4
fam_008430	XP_007326813.1	7
fam_008431	XP_007326820.1	2
fam_008432	XP_007326841.1	4
fam_008433	XP_007326848.1	1
fam_008434	XP_007326850.1	1
fam_008435	XP_007326853.1	3
fam_008436	XP_007326863.1	3
fam_008437	XP_007326868.1	4
fam_008438	XP_007326870.1	3
fam_008439	XP_007326875.1	3
fam_008440	XP_007326887.1	2
fam_008441	XP_007326892.1	4
fam_008442	XP_007326895.1	4
fam_008443	XP_007327316.1	2
fam_008444	XP_007327318.1	2
fam_008445	XP_007327320.1	3
fam_008446	XP_007327324.1	12
fam_008447	XP_007327327.1	4
fam_008448	XP_007327338.1	6
fam_008449	XP_007327340.1	13
fam_008450	XP_007327353.1	2
fam_008451	XP_007327365.1	2
fam_008452	XP_007327379.1	10
fam_008453	XP_007327391.1	3
fam_008454	XP_007327393.1	6
fam_008455	XP_007327395.1	2
fam_008456	XP_007327397.1	3
fam_008457	XP_007327398.1	1
fam_008458	XP_007332166.1	1
fam_008459	XP_007328210.1	4
fam_008460	XP_007328211.1	2
fam_008461	XP_007328215.1	4
fam_008462	XP_007328220.1	3
fam_008463	XP_007328225.1	2
fam_008464	XP_007328235.1	4
fam_008465	XP_007328241.1	4
fam_008466	XP_007328257.1	2
fam_008467	XP_007328265.1	3
fam_008468	XP_007328266.1	4
fam_008469	XP_007328276.1	4
fam_008470	XP_007328280.1	3
fam_008471	XP_007328283.1	2
fam_008472	XP_007328285.1	3
fam_008473	XP_007328287.1	4
fam_008474	XP_007328294.1	4
fam_008475	XP_007328298.1	4
fam_008476	XP_007328307.1	3
fam_008477	XP_007329118.1	4
fam_008478	XP_007329121.1	2
fam_008479	XP_007329124.1	3
fam_008480	XP_007329126.1	3
fam_008481	XP_007329130.1	2
fam_008482	XP_007329131.1	4
fam_008483	XP_007329134.1	4
fam_008484	XP_007329135.1	3
fam_008485	XP_007329138.1	3
fam_008486	XP_007329140.1	4
fam_008487	XP_007329153.1	4
fam_008488	XP_007329154.1	2
fam_008489	XP_007329155.1	10
fam_008490	XP_007329156.1	4
fam_008491	XP_007329159.1	2
fam_008492	XP_007329171.1	3
fam_008493	XP_007329172.1	3
fam_008494	XP_007329188.1	3
fam_008495	XP_007329192.1	3
fam_008496	XP_007329198.1	3
fam_008497	XP_007329199.1	4
fam_008498	XP_007329200.1	3
fam_008499	XP_007329203.1	5
fam_008500	XP_007329204.1	4
fam_008501	XP_007331509.1	6
fam_008502	XP_007331510.1	3
fam_008503	XP_007331511.1	4
fam_008504	XP_007331516.1	4
fam_008505	XP_007331521.1	3
fam_008506	XP_007331522.1	5
fam_008507	XP_007331528.1	3
fam_008508	XP_007331530.1	2
fam_008509	XP_007331534.1	3
fam_008510	XP_007331542.1	2
fam_008511	XP_007331563.1	9
fam_008512	XP_007331565.1	3
fam_008513	XP_007331569.1	2
fam_008514	XP_007331584.1	2
fam_008515	XP_007331585.1	2
fam_008516	XP_007331597.1	3
fam_008517	XP_007331605.1	3
fam_008518	XP_007333916.1	9
fam_008519	XP_007333921.1	3
fam_008520	XP_007333922.1	2
fam_008521	XP_007333927.1	44
fam_008522	XP_007333930.1	4
fam_008523	XP_007333932.1	3
fam_008524	XP_007333939.1	7
fam_008525	XP_007333952.1	2
fam_008526	XP_007333954.1	4
fam_008527	XP_007333957.1	3
fam_008528	XP_007333961.1	2
fam_008529	XP_007333963.1	4
fam_008530	XP_007333966.1	3
fam_008531	XP_007333968.1	2
fam_008532	XP_007333981.1	2
fam_008533	XP_007333992.1	2
fam_008534	XP_007333993.1	4
fam_008535	XP_007333994.1	5
fam_008536	XP_007334005.1	2
fam_008537	XP_001874198.1	15
fam_008538	XP_001874208.1	16
fam_008539	XP_001874211.1	2
fam_008540	XP_001874221.1	3
fam_008541	XP_001874222.1	3
fam_008542	XP_001874225.1	2
fam_008543	XP_001874238.1	2
fam_008544	XP_001874243.1	1
fam_008545	XP_001873148.1	1
fam_008546	XP_007325430.1	1
fam_008547	XP_021122203.1	1
fam_008548	XP_001874253.1	5
fam_008549	XP_001874254.1	4
fam_008550	XP_001874261.1	4
fam_008551	XP_001874264.1	3
fam_008552	XP_001874265.1	4
fam_008553	XP_001874268.1	4
fam_008554	XP_001874273.1	3
fam_008555	XP_001874278.1	2
fam_008556	XP_001874279.1	6
fam_008557	XP_001874281.1	4
fam_008558	XP_001882390.1	5
fam_008559	XP_001882392.1	3
fam_008560	XP_001882393.1	2
fam_008561	XP_001882399.1	5
fam_008562	XP_001882416.1	8
fam_008563	XP_001882432.1	2
fam_008564	XP_001882440.1	3
fam_008565	XP_001882456.1	2
fam_008566	XP_001882466.1	1
fam_008567	XP_001882467.1	1
fam_008568	XP_001882468.1	6
fam_008569	XP_001883888.1	3
fam_008570	XP_001883891.1	2
fam_008571	XP_001884183.1	1
fam_008572	XP_001883906.1	2
fam_008573	XP_001883907.1	2
fam_008574	XP_001883908.1	2
fam_008575	XP_001883909.1	2
fam_008576	XP_001883916.1	1
fam_008577	XP_001882454.1	1
fam_008578	XP_001883922.1	2
fam_008579	XP_001883926.1	1
fam_008580	XP_001882143.1	1
fam_008581	XP_001883934.1	2
fam_008582	XP_001883940.1	2
fam_008583	XP_001883943.1	2
fam_008584	XP_001883948.1	2
fam_008585	XP_001889781.1	1
fam_008586	XP_001884995.1	2
fam_008587	XP_001884996.1	2
fam_008588	XP_001885009.1	2
fam_008589	XP_001885030.1	5
fam_008590	XP_001885036.1	2
fam_008591	XP_001885043.1	2
fam_008592	XP_001885049.1	5
fam_008593	XP_001885068.1	10
fam_008594	XP_001885072.1	3
fam_008595	XP_001885076.1	4
fam_008596	XP_001885084.1	2
fam_008597	XP_001885587.1	3
fam_008598	XP_001885591.1	5
fam_008599	XP_001885599.1	3
fam_008600	XP_001885612.1	4
fam_008601	XP_001885628.1	3
fam_008602	XP_001885629.1	2
fam_008603	XP_001885632.1	5
fam_008604	XP_001885656.1	1
fam_008605	XP_001885658.1	1
fam_008606	XP_001885663.1	3
fam_008607	XP_001885670.1	2
fam_008608	XP_001885673.1	2
fam_008609	XP_001885680.1	3
fam_008610	XP_001885889.1	4
fam_008611	XP_001885902.1	2
fam_008612	XP_001885905.1	3
fam_008613	XP_001885908.1	2
fam_008614	XP_001885914.1	8
fam_008615	XP_001885915.1	4
fam_008616	XP_001885929.1	3
fam_008617	XP_001885936.1	3
fam_008618	XP_001885938.1	2
fam_008619	XP_001885945.1	1
fam_008620	XP_001885940.1	1
fam_008621	XP_001885957.1	4
fam_008622	XP_001885961.1	2
fam_008623	XP_001885962.1	4
fam_008624	XP_001885965.1	2
fam_008625	XP_001885967.1	9
fam_008626	XP_001885969.1	2
fam_008627	XP_001885977.1	2
fam_008628	XP_001886699.1	2
fam_008629	XP_001886707.1	2
fam_008630	XP_001886727.1	2
fam_008631	XP_001886736.1	2
fam_008632	XP_001886738.1	2
fam_008633	XP_001886740.1	2
fam_008634	XP_001886745.1	4
fam_008635	XP_001886750.1	1
fam_008636	XP_001881419.1	1
fam_008637	XP_001886754.1	2
fam_008638	XP_001886764.1	11
fam_008639	XP_001886768.1	2
fam_008640	XP_001886769.1	3
fam_008641	XP_001886777.1	2
fam_008642	XP_001886778.1	1
fam_008643	XP_001886665.1	1
fam_008644	XP_001886779.1	2
fam_008645	XP_001886782.1	4
fam_008646	XP_001886887.1	7
fam_008647	XP_001886888.1	4
fam_008648	XP_001886893.1	4
fam_008649	XP_001886894.1	2
fam_008650	XP_001886898.1	3
fam_008651	XP_001886901.1	5
fam_008652	XP_001886905.1	4
fam_008653	XP_001886907.1	3
fam_008654	XP_001886909.1	27
fam_008655	XP_001886911.1	2
fam_008656	XP_001886912.1	4
fam_008657	XP_001886929.1	2
fam_008658	XP_001886933.1	4
fam_008659	XP_001886934.1	3
fam_008660	XP_001886948.1	2
fam_008661	XP_001886953.1	2
fam_008662	XP_001886959.1	2
fam_008663	XP_001886961.1	3
fam_008664	XP_001886963.1	4
fam_008665	XP_001886965.1	3
fam_008666	XP_001886975.1	2
fam_008667	XP_001886977.1	2
fam_008668	XP_001886981.1	4
fam_008669	XP_001887394.1	3
fam_008670	XP_001887395.1	4
fam_008671	XP_001887398.1	2
fam_008672	XP_001887405.1	3
fam_008673	XP_001887418.1	2
fam_008674	XP_001887423.1	3
fam_008675	XP_001887432.1	2
fam_008676	XP_001887452.1	2
fam_008677	XP_001887456.1	3
fam_008678	XP_001887466.1	2
fam_008679	XP_001887480.1	2
fam_008680	XP_001887483.1	2
fam_008681	XP_001887900.1	2
fam_008682	XP_001887908.1	3
fam_008683	XP_001887910.1	4
fam_008684	XP_001887911.1	2
fam_008685	XP_001887920.1	6
fam_008686	XP_001887925.1	2
fam_008687	XP_001887927.1	4
fam_008688	XP_001887935.1	13
fam_008689	XP_001887945.1	2
fam_008690	XP_001887960.1	3
fam_008691	XP_001887968.1	2
fam_008692	XP_007328570.1	3
fam_008693	XP_007328581.1	4
fam_008694	XP_007328583.1	4
fam_008695	XP_007328585.1	4
fam_008696	XP_007328587.1	7
fam_008697	XP_007328592.1	3
fam_008698	XP_007328596.1	4
fam_008699	XP_007328600.1	4
fam_008700	XP_007328606.1	5
fam_008701	XP_007329709.1	7
fam_008702	XP_007329711.1	8
fam_008703	XP_007329712.1	2
fam_008704	XP_007329719.1	4
fam_008705	XP_007329722.1	2
fam_008706	XP_007329727.1	3
fam_008707	XP_007329731.1	4
fam_008708	XP_007329733.1	3
fam_008709	XP_007329734.1	4
fam_008710	XP_007329741.1	3
fam_008711	XP_007329753.1	2
fam_008712	XP_007329754.1	5
fam_008713	XP_007329755.1	2
fam_008714	XP_007329762.1	3
fam_008715	XP_007329763.1	4
fam_008716	XP_007329768.1	4
fam_008717	XP_007329775.1	9
fam_008718	XP_007329778.1	2
fam_008719	XP_007329780.1	2
fam_008720	XP_007329781.1	3
fam_008721	XP_007329782.1	3
fam_008722	XP_007329784.1	3
fam_008723	XP_007329786.1	3
fam_008724	XP_007329788.1	3
fam_008725	XP_007329791.1	4
fam_008726	XP_007329793.1	2
fam_008727	XP_007329794.1	4
fam_008728	XP_007329801.1	2
fam_008729	XP_007329802.1	2
fam_008730	XP_007329806.1	2
fam_008731	XP_007332208.1	4
fam_008732	XP_007332212.1	2
fam_008733	XP_007332216.1	3
fam_008734	XP_007332218.1	2
fam_008735	XP_007332220.1	3
fam_008736	XP_007332224.1	17
fam_008737	XP_007332230.1	2
fam_008738	XP_007332233.1	2
fam_008739	XP_007332238.1	4
fam_008740	XP_007332246.1	2
fam_008741	XP_007332248.1	4
fam_008742	XP_007332254.1	3
fam_008743	XP_007332255.1	3
fam_008744	XP_007332259.1	7
fam_008745	XP_007332264.1	4
fam_008746	XP_007332267.1	9
fam_008747	XP_007332285.1	3
fam_008748	XP_007332287.1	7
fam_008749	XP_007332291.1	13
fam_008750	XP_007332295.1	3
fam_008751	XP_007332300.1	4
fam_008752	XP_007332304.1	4
fam_008753	XP_007332306.1	4
fam_008754	XP_007332307.1	3
fam_008755	XP_007335336.1	2
fam_008756	XP_007335337.1	7
fam_008757	XP_007335341.1	3
fam_008758	XP_007335348.1	6
fam_008759	XP_007335350.1	4
fam_008760	XP_007335352.1	2
fam_008761	XP_007335361.1	3
fam_008762	XP_007335368.1	2
fam_008763	XP_007335372.1	4
fam_008764	XP_007335391.1	9
fam_008765	XP_007335401.1	2
fam_008766	XP_007335410.1	3
fam_008767	XP_001883693.1	2
fam_008768	XP_001883696.1	3
fam_008769	XP_001883699.1	3
fam_008770	XP_001883701.1	4
fam_008771	XP_001883713.1	2
fam_008772	XP_001883718.1	7
fam_008773	XP_001883720.1	2
fam_008774	XP_001883733.1	3
fam_008775	XP_001883735.1	3
fam_008776	XP_001883739.1	3
fam_008777	XP_001883743.1	2
fam_008778	XP_001883745.1	4
fam_008779	XP_001883755.1	2
fam_008780	XP_001883760.1	3
fam_008781	XP_001883764.1	4
fam_008782	XP_001883776.1	2
fam_008783	XP_001883784.1	5
fam_008784	XP_001885111.1	4
fam_008785	XP_001885145.1	4
fam_008786	XP_001885156.1	2
fam_008787	XP_001885165.1	1
fam_008788	XP_001876037.1	1
fam_008789	XP_001885175.1	6
fam_008790	XP_001885178.1	4
fam_008791	XP_001885182.1	3
fam_008792	XP_001885185.1	4
fam_008793	XP_001885308.1	4
fam_008794	XP_001885315.1	2
fam_008795	XP_001885316.1	2
fam_008796	XP_001885317.1	2
fam_008797	XP_001885322.1	3
fam_008798	XP_001885332.1	2
fam_008799	XP_001885337.1	4
fam_008800	XP_001885343.1	10
fam_008801	XP_001885375.1	2
fam_008802	XP_001885379.1	6
fam_008803	XP_001885686.1	2
fam_008804	XP_001885688.1	3
fam_008805	XP_001885699.1	3
fam_008806	XP_001885726.1	3
fam_008807	XP_001885747.1	6
fam_008808	XP_001885762.1	2
fam_008809	XP_001885763.1	2
fam_008810	XP_001885987.1	3
fam_008811	XP_001885988.1	2
fam_008812	XP_001885989.1	3
fam_008813	XP_001885990.1	3
fam_008814	XP_001886000.1	4
fam_008815	XP_001886011.1	2
fam_008816	XP_001886018.1	4
fam_008817	XP_001886023.1	4
fam_008818	XP_001886039.1	4
fam_008819	XP_001886056.1	2
fam_008820	XP_001886064.1	5
fam_008821	XP_001886072.1	7
fam_008822	XP_001886084.1	4
fam_008823	XP_001886486.1	3
fam_008824	XP_001886505.1	9
fam_008825	XP_001886511.1	1
fam_008826	XP_001878355.1	2
fam_008827	XP_001886521.1	4
fam_008828	XP_001886532.1	8
fam_008829	XP_001886545.1	3
fam_008830	XP_001886570.1	20
fam_008831	XP_001886574.1	6
fam_008832	XP_001886577.1	3
fam_008833	XP_001886582.1	2
fam_008834	XP_001887086.1	2
fam_008835	XP_001887087.1	5
fam_008836	XP_001887089.1	2
fam_008837	XP_001887092.1	6
fam_008838	XP_001887099.1	2
fam_008839	XP_001887110.1	2
fam_008840	XP_001887111.1	9
fam_008841	XP_001887122.1	2
fam_008842	XP_001887132.1	4
fam_008843	XP_001887133.1	2
fam_008844	XP_001887137.1	2
fam_008845	XP_001887140.1	6
fam_008846	XP_001887144.1	1
fam_008847	XP_001886924.1	1
fam_008848	XP_001887148.1	2
fam_008849	XP_001887151.1	2
fam_008850	XP_001887153.1	2
fam_008851	XP_001887176.1	3
fam_008852	XP_001887182.1	2
fam_008853	XP_001887496.1	3
fam_008854	XP_001887502.1	2
fam_008855	XP_001887505.1	2
fam_008856	XP_001887510.1	6
fam_008857	XP_001887516.1	1
fam_008858	XP_001886455.1	1
fam_008859	XP_001887547.1	3
fam_008860	XP_001887551.1	2
fam_008861	XP_001887555.1	2
fam_008862	XP_001887567.1	2
fam_008863	XP_001887569.1	18
fam_008864	XP_001887580.1	2
fam_008865	XP_001887581.1	2
fam_008866	XP_001887988.1	3
fam_008867	XP_001887997.1	2
fam_008868	XP_001888000.1	2
fam_008869	XP_001888003.1	1
fam_008870	XP_001884729.1	2
fam_008871	XP_001888010.1	2
fam_008872	XP_001888021.1	2
fam_008873	XP_001888026.1	1
fam_008874	XP_001881565.1	1
fam_008875	XP_001888033.1	2
fam_008876	XP_001888034.1	2
fam_008877	XP_001888035.1	2
fam_008878	XP_001888045.1	3
fam_008879	XP_001888053.1	3
fam_008880	XP_001888054.1	2
fam_008881	XP_001888064.1	4
fam_008882	XP_001888065.1	4
fam_008883	XP_001888076.1	2
fam_008884	XP_001888077.1	4
fam_008885	XP_001888082.1	3
fam_008886	XP_001888086.1	4
fam_008887	XP_001888691.1	2
fam_008888	XP_001888692.1	4
fam_008889	XP_001888702.1	5
fam_008890	XP_001888713.1	2
fam_008891	XP_001888719.1	4
fam_008892	XP_001888729.1	4
fam_008893	XP_001888736.1	3
fam_008894	XP_001888744.1	2
fam_008895	XP_001888748.1	3
fam_008896	XP_001888772.1	3
fam_008897	XP_001888781.1	4
fam_008898	XP_001889393.1	2
fam_008899	XP_001889399.1	2
fam_008900	XP_001889407.1	1
fam_008901	XP_001884791.1	1
fam_008902	XP_001889410.1	5
fam_008903	XP_001889414.1	2
fam_008904	XP_001889426.1	4
fam_008905	XP_001889435.1	3
fam_008906	XP_001889436.1	1
fam_008907	XP_001889434.1	1
fam_008908	XP_001889462.1	2
fam_008909	XP_001889465.1	6
fam_008910	XP_001889466.1	2
fam_008911	XP_001889469.1	2
fam_008912	XP_001889486.1	4
fam_008913	XP_001890794.1	2
fam_008914	XP_001890801.1	4
fam_008915	XP_001890815.1	2
fam_008916	XP_001890816.1	5
fam_008917	XP_001890817.1	2
fam_008918	XP_001890818.1	1
fam_008919	XP_001887253.1	1
fam_008920	XP_001890827.1	5
fam_008921	XP_001890828.1	2
fam_008922	XP_001890829.1	2
fam_008923	XP_001890830.1	2
fam_008924	XP_001890839.1	2
fam_008925	XP_001890840.1	2
fam_008926	XP_001890846.1	2
fam_008927	XP_001890849.1	2
fam_008928	XP_001890856.1	2
fam_008929	XP_001890858.1	2
fam_008930	XP_001890864.1	4
fam_008931	XP_001890865.1	2
fam_008932	XP_001890866.1	2
fam_008933	XP_001890871.1	2
fam_008934	XP_001890874.1	3
fam_008935	XP_001890882.1	28
fam_008936	XP_001890884.1	1
fam_008937	XP_001890327.1	1
fam_008938	XP_001890886.1	2
fam_008939	XP_001890887.1	2
fam_008940	XP_001829677.1	3
fam_008941	XP_001829684.1	8
fam_008942	XP_001829715.1	3
fam_008943	XP_001829716.2	10
fam_008944	XP_001829719.2	2
fam_008945	XP_001829724.1	4
fam_008946	XP_001829729.2	3
fam_008947	XP_001829734.2	3
fam_008948	XP_001829746.1	13
fam_008949	XP_001829766.2	3
fam_008950	XP_001829767.2	3
fam_008951	XP_001829775.1	3
fam_008952	XP_001829779.2	2
fam_008953	XP_001829795.1	2
fam_008954	XP_001829796.1	3
fam_008955	XP_001829800.1	1
fam_008956	XP_001829799.1	1
fam_008957	XP_001829803.1	1
fam_008958	XP_001831942.2	6
fam_008959	XP_003026585.1	5
fam_008960	XP_003026596.2	3
fam_008961	XP_003026604.2	3
fam_008962	XP_003026605.2	2
fam_008963	XP_003026609.1	4
fam_008964	XP_003026617.1	2
fam_008965	XP_003026629.1	4
fam_008966	XP_003026631.2	4
fam_008967	XP_003030530.1	2
fam_008968	XP_003030532.1	3
fam_008969	XP_003030540.2	3
fam_008970	XP_003030542.1	4
fam_008971	XP_003030551.1	4
fam_008972	XP_003030564.1	38
fam_008973	XP_003030566.1	4
fam_008974	XP_003030570.1	4
fam_008975	XP_003030580.1	9
fam_008976	XP_003030639.2	4
fam_008977	XP_003030663.1	4
fam_008978	XP_003030664.1	4
fam_008979	XP_003035125.2	4
fam_008980	XP_003035130.1	4
fam_008981	XP_003035135.1	4
fam_008982	XP_003035138.1	2
fam_008983	XP_003035150.1	4
fam_008984	XP_003035159.1	4
fam_008985	XP_003035184.1	3
fam_008986	XP_003035189.2	3
fam_008987	XP_003035191.1	4
fam_008988	XP_003035192.1	3
fam_008989	XP_003035215.1	2
fam_008990	XP_003035219.1	2
fam_008991	XP_003035236.1	2
fam_008992	XP_003035238.1	4
fam_008993	XP_003035239.1	8
fam_008994	XP_050197133.1	4
fam_008995	XP_050197159.1	1
fam_008996	XP_050199020.1	1
fam_008997	XP_050200135.1	1
fam_008998	XP_050199050.1	1
fam_008999	XP_050197161.1	1
fam_009000	XP_050199023.1	1
fam_009001	XP_050197166.1	2
fam_009002	XP_050197170.1	2
fam_009003	XP_050197178.1	4
fam_009004	XP_050197179.1	1
fam_009005	XP_003038329.1	1
fam_009006	XP_050197183.1	3
fam_009007	XP_050197185.1	3
fam_009008	XP_050197187.1	2
fam_009009	XP_050197188.1	1
fam_009010	XP_003027232.1	1
fam_009011	XP_050197190.1	2
fam_009012	XP_050197197.1	3
fam_009013	XP_050197206.1	2
fam_009014	XP_050197207.1	3
fam_009015	XP_050197209.1	2
fam_009016	XP_003027061.1	1
fam_009017	XP_050197212.1	3
fam_009018	XP_050197213.1	1
fam_009019	XP_003032203.1	2
fam_009020	XP_050197216.1	4
fam_009021	XP_050197217.1	3
fam_009022	XP_050197218.1	6
fam_009023	XP_050197223.1	2
fam_009024	XP_050200645.1	3
fam_009025	XP_050200647.1	3
fam_009026	XP_050200650.1	4
fam_009027	XP_050200652.1	4
fam_009028	XP_050200655.1	2
fam_009029	XP_050200667.1	2
fam_009030	XP_050200670.1	10
fam_009031	XP_050200693.1	1
fam_009032	XP_003038200.2	1
fam_009033	XP_050200696.1	2
fam_009034	XP_050200698.1	2
fam_009035	XP_050200726.1	3
fam_009036	XP_007332708.1	5
fam_009037	XP_007332712.1	8
fam_009038	XP_007332720.1	2
fam_009039	XP_007332721.1	2
fam_009040	XP_007332722.1	2
fam_009041	XP_007332724.1	3
fam_009042	XP_007332734.1	4
fam_009043	XP_007332742.1	4
fam_009044	XP_007332746.1	2
fam_009045	XP_007332748.1	2
fam_009046	XP_007332755.1	4
fam_009047	XP_007332760.1	11
fam_009048	XP_007332771.1	5
fam_009049	XP_007332772.1	3
fam_009050	XP_007332773.1	2
fam_009051	XP_007332781.1	20
fam_009052	XP_007332785.1	3
fam_009053	XP_007332786.1	2
fam_009054	XP_007332801.1	4
fam_009055	XP_007332804.1	5
fam_009056	XP_007336037.1	2
fam_009057	XP_007336043.1	2
fam_009058	XP_007336045.1	4
fam_009059	XP_007336053.1	2
fam_009060	XP_007336054.1	2
fam_009061	XP_007336057.1	4
fam_009062	XP_007336064.1	2
fam_009063	XP_007336075.1	2
fam_009064	XP_007336086.1	2
fam_009065	XP_007336089.1	2
fam_009066	XP_007336093.1	4
fam_009067	XP_007336102.1	2
fam_009068	XP_007336104.1	2
fam_009069	XP_007336115.1	2
fam_009070	XP_007336119.1	2
fam_009071	XP_001875988.1	3
fam_009072	XP_001875989.1	2
fam_009073	XP_001876000.1	2
fam_009074	XP_001876022.1	2
fam_009075	XP_001876027.1	2
fam_009076	XP_001876028.1	2
fam_009077	XP_001876030.1	1
fam_009078	XP_001890533.1	1
fam_009079	XP_001876032.1	2
fam_009080	XP_001876065.1	4
fam_009081	XP_001876066.1	2
fam_009082	XP_001876071.1	9
fam_009083	XP_001876073.1	2
fam_009084	XP_001876077.1	5
fam_009085	XP_001876080.1	4
fam_009086	XP_001876084.1	2
fam_009087	XP_001876085.1	4
fam_009088	XP_001878990.1	3
fam_009089	XP_001878998.1	6
fam_009090	XP_001878999.1	7
fam_009091	XP_001879017.1	4
fam_009092	XP_001879027.1	4
fam_009093	XP_001879028.1	8
fam_009094	XP_001879034.1	2
fam_009095	XP_001883670.1	1
fam_009096	XP_001879058.1	6
fam_009097	XP_001879062.1	2
fam_009098	XP_001879071.1	3
fam_009099	XP_001879073.1	4
fam_009100	XP_001879074.1	4
fam_009101	XP_001879075.1	3
fam_009102	XP_001879082.1	4
fam_009103	XP_001879084.1	4
fam_009104	XP_001881786.1	1
fam_009105	XP_001891227.1	1
fam_009106	XP_001881790.1	2
fam_009107	XP_001881801.1	2
fam_009108	XP_001881810.1	2
fam_009109	XP_001881821.1	2
fam_009110	XP_001881842.1	4
fam_009111	XP_001881847.1	2
fam_009112	XP_001881845.1	1
fam_009113	XP_001881851.1	2
fam_009114	XP_001881858.1	2
fam_009115	XP_001881859.1	2
fam_009116	XP_001881860.1	1
fam_009117	XP_001883106.1	1
fam_009118	XP_001881872.1	2
fam_009119	XP_001881874.1	2
fam_009120	XP_001883613.1	5
fam_009121	XP_001883615.1	2
fam_009122	XP_001883628.1	2
fam_009123	XP_001883632.1	3
fam_009124	XP_001883633.1	4
fam_009125	XP_001883636.1	4
fam_009126	XP_001883638.1	12
fam_009127	XP_001883643.1	3
fam_009128	XP_001883652.1	2
fam_009129	XP_001883658.1	2
fam_009130	XP_001883668.1	4
fam_009131	XP_001883675.1	3
fam_009132	XP_001883679.1	4
fam_009133	XP_001883682.1	3
fam_009134	XP_001883685.1	2
fam_009135	XP_001884903.1	2
fam_009136	XP_001884910.1	2
fam_009137	XP_001884918.1	2
fam_009138	XP_001884928.1	2
fam_009139	XP_001884932.1	2
fam_009140	XP_001884943.1	2
fam_009141	XP_001884946.1	2
fam_009142	XP_001884950.1	4
fam_009143	XP_001884952.1	4
fam_009144	XP_001884955.1	3
fam_009145	XP_001884962.1	2
fam_009146	XP_001884967.1	5
fam_009147	XP_001884978.1	3
fam_009148	XP_001884979.1	3
fam_009149	XP_001884983.1	2
fam_009150	XP_001834010.2	4
fam_009151	XP_001834012.1	4
fam_009152	XP_001834015.1	4
fam_009153	XP_001834018.2	4
fam_009154	XP_001834025.1	2
fam_009155	XP_001834046.2	4
fam_009156	XP_001834048.1	4
fam_009157	XP_001834053.1	2
fam_009158	XP_001834067.2	2
fam_009159	XP_001834078.1	2
fam_009160	XP_001834081.2	2
fam_009161	XP_001834083.1	2
fam_009162	XP_001834084.2	2
fam_009163	XP_001834089.1	3
fam_009164	XP_001834124.2	2
fam_009165	XP_001837437.2	2
fam_009166	XP_001837439.1	3
fam_009167	XP_001837442.2	4
fam_009168	XP_001837443.2	4
fam_009169	XP_001837453.2	5
fam_009170	XP_001837465.2	3
fam_009171	XP_001837474.1	3
fam_009172	XP_001837495.1	4
fam_009173	XP_001837498.2	3
fam_009174	XP_001837505.1	2
fam_009175	XP_001837509.2	4
fam_009176	XP_001837513.1	3
fam_009177	XP_001837518.1	1
fam_009178	XP_001837519.1	2
fam_009179	XP_001837521.1	2
fam_009180	XP_001837523.1	14
fam_009181	XP_001837527.2	3
fam_009182	XP_001837528.2	4
fam_009183	XP_001837541.1	4
fam_009184	XP_001840855.2	3
fam_009185	XP_001840860.1	2
fam_009186	XP_001840869.1	1
fam_009187	XP_001829784.2	1
fam_009188	XP_001840870.2	2
fam_009189	XP_001840882.2	3
fam_009190	XP_001840889.1	8
fam_009191	XP_001840890.1	6
fam_009192	XP_001840917.1	7
fam_009193	XP_001840928.2	4
fam_009194	XP_001840936.2	3
fam_009195	XP_001840951.1	4
fam_009196	XP_001840954.2	2
fam_009197	XP_001840956.1	3
fam_009198	XP_003026237.1	1
fam_009199	XP_003026155.1	2
fam_009200	XP_003026252.1	6
fam_009201	XP_003026254.1	3
fam_009202	XP_003026257.1	4
fam_009203	XP_003026277.2	2
fam_009204	XP_003026278.1	2
fam_009205	XP_003026279.1	2
fam_009206	XP_003026280.2	3
fam_009207	XP_003026282.2	7
fam_009208	XP_003026283.1	7
fam_009209	XP_003026287.1	2
fam_009210	XP_003026289.2	9
fam_009211	XP_003026295.1	5
fam_009212	XP_003026300.1	3
fam_009213	XP_003026308.1	4
fam_009214	XP_003026313.1	2
fam_009215	XP_003026314.2	1
fam_009216	XP_003026404.1	1
fam_009217	XP_003026316.1	2
fam_009218	XP_003026322.1	4
fam_009219	XP_003026324.1	2
fam_009220	XP_003026333.1	3
fam_009221	XP_003026337.2	2
fam_009222	XP_003026339.2	3
fam_009223	XP_003026342.1	2
fam_009224	XP_003026344.1	2
fam_009225	XP_003026356.1	3
fam_009226	XP_003030963.1	2
fam_009227	XP_003030967.1	2
fam_009228	XP_003030978.1	5
fam_009229	XP_003030979.1	2
fam_009230	XP_003030980.1	2
fam_009231	XP_003030996.1	1
fam_009232	XP_003030997.1	1
fam_009233	XP_003031012.1	2
fam_009234	XP_003031016.2	3
fam_009235	XP_003031021.1	2
fam_009236	XP_003031443.1	1
fam_009237	XP_003031027.2	4
fam_009238	XP_003031028.1	4
fam_009239	XP_003031030.2	2
fam_009240	XP_003031031.2	4
fam_009241	XP_003031033.1	4
fam_009242	XP_003031043.1	4
fam_009243	XP_003031075.1	3
fam_009244	XP_003031077.1	2
fam_009245	XP_003034567.2	4
fam_009246	XP_003034573.2	2
fam_009247	XP_003034572.1	1
fam_009248	XP_003034574.1	8
fam_009249	XP_003034576.1	4
fam_009250	XP_003034587.1	3
fam_009251	XP_003034589.1	2
fam_009252	XP_003034592.1	3
fam_009253	XP_003034606.1	3
fam_009254	XP_003034630.1	22
fam_009255	XP_003034632.1	4
fam_009256	XP_003034635.2	3
fam_009257	XP_003034639.2	2
fam_009258	XP_003034649.1	4
fam_009259	XP_003034656.1	2
fam_009260	XP_003034660.1	2
fam_009261	XP_003034661.1	2
fam_009262	XP_003034676.1	4
fam_009263	XP_003034677.1	2
fam_009264	XP_002912139.1	12
fam_009265	XP_002912145.1	4
fam_009266	XP_002912154.1	3
fam_009267	XP_002912161.1	2
fam_009268	XP_002912162.1	3
fam_009269	XP_003029320.1	2
fam_009270	XP_003029331.1	2
fam_009271	XP_003029333.2	2
fam_009272	XP_003029341.2	2
fam_009273	XP_003029360.1	3
fam_009274	XP_003029364.1	4
fam_009275	XP_003029371.1	3
fam_009276	XP_003029374.1	2
fam_009277	XP_003029381.2	3
fam_009278	XP_003029382.1	1
fam_009279	XP_003027702.1	1
fam_009280	XP_003029385.2	4
fam_009281	XP_003029409.2	3
fam_009282	XP_003029414.1	1
fam_009283	XP_003029410.2	1
fam_009284	XP_003029419.1	4
fam_009285	XP_003029420.1	3
fam_009286	XP_003029421.1	2
fam_009287	XP_003029422.1	4
fam_009288	XP_003032293.1	4
fam_009289	XP_003032300.1	3
fam_009290	XP_003032324.1	4
fam_009291	XP_003032337.1	2
fam_009292	XP_003032343.1	2
fam_009293	XP_003032365.1	3
fam_009294	XP_003032367.2	4
fam_009295	XP_003032369.1	2
fam_009296	XP_003032370.1	3
fam_009297	XP_003032372.1	4
fam_009298	XP_003032377.1	1
fam_009299	XP_003031883.1	1
fam_009300	XP_003032398.2	2
fam_009301	XP_003032400.1	2
fam_009302	XP_003032402.1	4
fam_009303	XP_003032409.1	4
fam_009304	XP_003032413.2	1
fam_009305	XP_003031980.2	1
fam_009306	XP_003036185.1	3
fam_009307	XP_003036212.2	2
fam_009308	XP_003036213.2	4
fam_009309	XP_003036221.1	6
fam_009310	XP_001836747.1	1
fam_009311	XP_003036230.1	3
fam_009312	XP_003036244.1	2
fam_009313	XP_003036246.1	3
fam_009314	XP_003036252.1	5
fam_009315	XP_003036275.1	6
fam_009316	XP_003036276.2	8
fam_009317	XP_003036284.2	3
fam_009318	XP_003036292.1	4
fam_009319	XP_003036308.1	2
fam_009320	XP_003036318.2	14
fam_009321	XP_003036320.2	3
fam_009322	XP_050197430.1	3
fam_009323	XP_050197437.1	4
fam_009324	XP_050197438.1	4
fam_009325	XP_050197440.1	6
fam_009326	XP_050197441.1	13
fam_009327	XP_050197443.1	4
fam_009328	XP_050197470.1	17
fam_009329	XP_050197471.1	4
fam_009330	XP_050197472.1	2
fam_009331	XP_050197480.1	4
fam_009332	XP_050197486.1	2
fam_009333	XP_050197494.1	2
fam_009334	XP_050197502.1	2
fam_009335	XP_050197505.1	3
fam_009336	XP_050197511.1	2
fam_009337	XP_050197512.1	1
fam_009338	XP_003027378.2	1
fam_009339	XP_050197513.1	2
fam_009340	XP_050197514.1	2
fam_009341	XP_050200930.1	2
fam_009342	XP_050200931.1	2
fam_009343	XP_050200936.1	4
fam_009344	XP_050200939.1	3
fam_009345	XP_050200947.1	4
fam_009346	XP_050200952.1	3
fam_009347	XP_050200968.1	2
fam_009348	XP_050200972.1	9
fam_009349	XP_050200978.1	3
fam_009350	XP_050200980.1	4
fam_009351	XP_050200989.1	2
fam_009352	XP_050200992.1	5
fam_009353	XP_050201002.1	2
fam_009354	XP_050201005.1	2
fam_009355	XP_050201013.1	3
fam_009356	XP_007329215.1	3
fam_009357	XP_007329231.1	4
fam_009358	XP_007329233.1	2
fam_009359	XP_007329236.1	4
fam_009360	XP_007329238.1	4
fam_009361	XP_007329249.1	2
fam_009362	XP_007329250.1	4
fam_009363	XP_007329255.1	3
fam_009364	XP_007329257.1	4
fam_009365	XP_007329266.1	2
fam_009366	XP_007329269.1	2
fam_009367	XP_007329274.1	4
fam_009368	XP_007329283.1	4
fam_009369	XP_007329286.1	4
fam_009370	XP_007329289.1	3
fam_009371	XP_007329290.1	3
fam_009372	XP_007329299.1	4
fam_009373	XP_007329300.1	3
fam_009374	XP_007332610.1	3
fam_009375	XP_007332615.1	3
fam_009376	XP_007332624.1	5
fam_009377	XP_007332634.1	4
fam_009378	XP_007332646.1	4
fam_009379	XP_007332663.1	3
fam_009380	XP_007332668.1	4
fam_009381	XP_007332669.1	1
fam_009382	XP_007332662.1	1
fam_009383	XP_007332672.1	4
fam_009384	XP_007332674.1	12
fam_009385	XP_007332676.1	5
fam_009386	XP_007332689.1	2
fam_009387	XP_007332698.1	4
fam_009388	XP_007332701.1	2
fam_009389	XP_007332704.1	3
fam_009390	XP_007332705.1	6
fam_009391	XP_007332706.1	3
fam_009392	XP_001873489.1	3
fam_009393	XP_001873492.1	2
fam_009394	XP_001873498.1	5
fam_009395	XP_001873499.1	2
fam_009396	XP_001873507.1	4
fam_009397	XP_001873518.1	2
fam_009398	XP_001873538.1	5
fam_009399	XP_001873540.1	2
fam_009400	XP_001873549.1	2
fam_009401	XP_001873564.1	3
fam_009402	XP_001873570.1	5
fam_009403	XP_001876592.1	3
fam_009404	XP_001876600.1	4
fam_009405	XP_001876604.1	4
fam_009406	XP_001876608.1	4
fam_009407	XP_001876620.1	4
fam_009408	XP_001876622.1	2
fam_009409	XP_001876631.1	2
fam_009410	XP_001876641.1	3
fam_009411	XP_001876644.1	2
fam_009412	XP_001876645.1	3
fam_009413	XP_001876647.1	3
fam_009414	XP_001876651.1	4
fam_009415	XP_001876659.1	4
fam_009416	XP_001876661.1	3
fam_009417	XP_001876663.1	4
fam_009418	XP_001876669.1	3
fam_009419	XP_001876684.1	3
fam_009420	XP_001879989.1	2
fam_009421	XP_001879995.1	3
fam_009422	XP_001880000.1	1
fam_009423	XP_001880001.1	1
fam_009424	XP_001880002.1	3
fam_009425	XP_001880004.1	3
fam_009426	XP_001880014.1	5
fam_009427	XP_001880016.1	3
fam_009428	XP_001880022.1	4
fam_009429	XP_001880026.1	18
fam_009430	XP_001880040.1	4
fam_009431	XP_001880041.1	3
fam_009432	XP_001880042.1	2
fam_009433	XP_001880052.1	3
fam_009434	XP_001880054.1	3
fam_009435	XP_001880060.1	4
fam_009436	XP_001880062.1	4
fam_009437	XP_001880073.1	3
fam_009438	XP_001880074.1	2
fam_009439	XP_001882190.1	4
fam_009440	XP_001882192.1	2
fam_009441	XP_001882202.1	2
fam_009442	XP_001882204.1	9
fam_009443	XP_001882209.1	2
fam_009444	XP_001882213.1	3
fam_009445	XP_001882218.1	6
fam_009446	XP_001882226.1	3
fam_009447	XP_001882230.1	2
fam_009448	XP_001882238.1	4
fam_009449	XP_001882243.1	2
fam_009450	XP_001882268.1	2
fam_009451	XP_001882278.1	2
fam_009452	XP_001882280.1	2
fam_009453	XP_001884591.1	3
fam_009454	XP_001884595.1	2
fam_009455	XP_001884598.1	3
fam_009456	XP_001884599.1	5
fam_009457	XP_001884604.1	3
fam_009458	XP_001884605.1	2
fam_009459	XP_001884615.1	7
fam_009460	XP_001884633.1	6
fam_009461	XP_001884635.1	4
fam_009462	XP_001884654.1	2
fam_009463	XP_001884669.1	2
fam_009464	XP_001884684.1	8
fam_009465	XP_001837322.1	4
fam_009466	XP_001837327.1	2
fam_009467	XP_001837330.2	4
fam_009468	XP_001837331.1	2
fam_009469	XP_001837341.1	3
fam_009470	XP_001837342.1	4
fam_009471	XP_001837346.2	3
fam_009472	XP_001837350.2	3
fam_009473	XP_001837353.2	4
fam_009474	XP_001837359.1	3
fam_009475	XP_001837365.1	4
fam_009476	XP_001837366.2	4
fam_009477	XP_001837371.2	3
fam_009478	XP_001837372.2	2
fam_009479	XP_001837374.2	4
fam_009480	XP_001837375.1	4
fam_009481	XP_001837383.1	4
fam_009482	XP_001837384.1	3
fam_009483	XP_001837387.2	4
fam_009484	XP_001837393.2	2
fam_009485	XP_001837399.2	2
fam_009486	XP_001837404.2	2
fam_009487	XP_001837413.1	8
fam_009488	XP_001837416.1	4
fam_009489	XP_001837432.1	4
fam_009490	XP_001841373.2	4
fam_009491	XP_001841382.2	4
fam_009492	XP_001841383.2	3
fam_009493	XP_001841432.1	2
fam_009494	XP_001841433.1	2
fam_009495	XP_001841434.2	2
fam_009496	XP_001841435.2	2
fam_009497	XP_001841458.1	2
fam_009498	XP_001841471.2	2
fam_009499	XP_001841475.1	2
fam_009500	XP_001841477.2	2
fam_009501	XP_001841478.2	2
fam_009502	XP_001841507.1	1
fam_009503	XP_001836863.1	1
fam_009504	XP_001841508.1	3
fam_009505	XP_001841510.2	12
fam_009506	XP_003027062.1	3
fam_009507	XP_003027067.1	2
fam_009508	XP_003027090.1	3
fam_009509	XP_003027103.2	2
fam_009510	XP_003027105.1	2
fam_009511	XP_003027112.1	6
fam_009512	XP_003027145.1	4
fam_009513	XP_003027163.1	2
fam_009514	XP_003027183.2	4
fam_009515	XP_003031518.1	3
fam_009516	XP_003031537.1	21
fam_009517	XP_003031539.1	6
fam_009518	XP_003031563.1	5
fam_009519	XP_003031575.1	4
fam_009520	XP_003031576.1	4
fam_009521	XP_003031581.2	3
fam_009522	XP_003031591.1	2
fam_009523	XP_003031610.1	5
fam_009524	XP_003031615.1	9
fam_009525	XP_003036345.1	4
fam_009526	XP_003036351.2	8
fam_009527	XP_003036366.1	3
fam_009528	XP_003036377.1	2
fam_009529	XP_003036379.2	2
fam_009530	XP_003036389.1	5
fam_009531	XP_003036392.2	3
fam_009532	XP_003036409.1	4
fam_009533	XP_003036412.1	14
fam_009534	XP_003036420.1	5
fam_009535	XP_003036429.1	4
fam_009536	XP_003036447.1	4
fam_009537	XP_003036451.1	4
fam_009538	XP_003036456.2	2
fam_009539	XP_050198931.1	13
fam_009540	XP_050198938.1	4
fam_009541	XP_050198969.1	3
fam_009542	XP_050198978.1	4
fam_009543	XP_050198979.1	3
fam_009544	XP_050198988.1	2
fam_009545	XP_050199014.1	4
fam_009546	XP_050199016.1	2
fam_009547	XP_001874944.1	4
fam_009548	XP_001874947.1	3
fam_009549	XP_001874949.1	3
fam_009550	XP_001874960.1	4
fam_009551	XP_001874961.1	4
fam_009552	XP_001874962.1	4
fam_009553	XP_001874963.1	5
fam_009554	XP_001874966.1	4
fam_009555	XP_001874967.1	4
fam_009556	XP_001874970.1	4
fam_009557	XP_001874972.1	2
fam_009558	XP_001874976.1	2
fam_009559	XP_001874978.1	13
fam_009560	XP_001878487.1	21
fam_009561	XP_001878488.1	2
fam_009562	XP_001878496.1	2
fam_009563	XP_001878497.1	4
fam_009564	XP_001878503.1	20
fam_009565	XP_001878515.1	2
fam_009566	XP_001878523.1	2
fam_009567	XP_001878526.1	5
fam_009568	XP_001878531.1	1
fam_009569	XP_001878530.1	1
fam_009570	XP_001878532.1	4
fam_009571	XP_001878541.1	2
fam_009572	XP_001878545.1	4
fam_009573	XP_001878546.1	4
fam_009574	XP_001878548.1	4
fam_009575	XP_001878552.1	4
fam_009576	XP_001878555.1	3
fam_009577	XP_001878558.1	10
fam_009578	XP_001878568.1	3
fam_009579	XP_001878571.1	3
fam_009580	XP_001878575.1	3
fam_009581	XP_001878577.1	2
fam_009582	XP_001878580.1	9
fam_009583	XP_001878585.1	4
fam_009584	XP_001881286.1	2
fam_009585	XP_001881288.1	2
fam_009586	XP_001881293.1	4
fam_009587	XP_001881299.1	2
fam_009588	XP_001881306.1	4
fam_009589	XP_001881310.1	4
fam_009590	XP_001881316.1	2
fam_009591	XP_001881317.1	3
fam_009592	XP_001881323.1	4
fam_009593	XP_001881327.1	4
fam_009594	XP_001881335.1	2
fam_009595	XP_001881338.1	10
fam_009596	XP_001881344.1	4
fam_009597	XP_001881345.1	3
fam_009598	XP_001881349.1	4
fam_009599	XP_001881364.1	4
fam_009600	XP_001881373.1	2
fam_009601	XP_001881383.1	1
fam_009602	XP_001881384.1	1
fam_009603	XP_001883102.1	2
fam_009604	XP_001883115.1	4
fam_009605	XP_001883119.1	2
fam_009606	XP_001883123.1	2
fam_009607	XP_001883133.1	5
fam_009608	XP_001883138.1	1
fam_009609	XP_001882395.1	1
fam_009610	XP_001883145.1	4
fam_009611	XP_001883150.1	13
fam_009612	XP_001883158.1	4
fam_009613	XP_001883163.1	6
fam_009614	XP_001883174.1	2
fam_009615	XP_001828405.1	2
fam_009616	XP_001828409.2	4
fam_009617	XP_001828422.2	4
fam_009618	XP_001828423.1	3
fam_009619	XP_001828436.2	3
fam_009620	XP_001828450.2	3
fam_009621	XP_001828455.2	3
fam_009622	XP_001828463.2	2
fam_009623	XP_001828467.1	4
fam_009624	XP_001828472.2	2
fam_009625	XP_001828479.2	2
fam_009626	XP_001828481.1	2
fam_009627	XP_001828486.1	2
fam_009628	XP_001828487.2	3
fam_009629	XP_001828488.2	3
fam_009630	XP_001828491.2	3
fam_009631	XP_001828511.2	5
fam_009632	XP_001830752.1	4
fam_009633	XP_001830755.1	2
fam_009634	XP_001830762.2	4
fam_009635	XP_001830776.2	3
fam_009636	XP_001830777.1	5
fam_009637	XP_001830780.1	4
fam_009638	XP_001830793.2	4
fam_009639	XP_001830814.2	2
fam_009640	XP_001830823.1	4
fam_009641	XP_001830827.1	4
fam_009642	XP_001830828.1	4
fam_009643	XP_001830833.1	2
fam_009644	XP_001830842.1	2
fam_009645	XP_001830852.2	4
fam_009646	XP_001830855.2	4
fam_009647	XP_001833655.2	2
fam_009648	XP_001833663.2	3
fam_009649	XP_001833664.2	3
fam_009650	XP_001833667.1	2
fam_009651	XP_001833669.2	1
fam_009652	XP_001832518.1	1
fam_009653	XP_001833673.2	4
fam_009654	XP_001833677.2	3
fam_009655	XP_001833680.2	3
fam_009656	XP_001833683.1	4
fam_009657	XP_001833687.2	2
fam_009658	XP_001833688.1	4
fam_009659	XP_001833689.1	3
fam_009660	XP_001833696.1	3
fam_009661	XP_001833702.2	4
fam_009662	XP_001833706.1	3
fam_009663	XP_001833708.1	4
fam_009664	XP_001833709.2	4
fam_009665	XP_001833722.2	2
fam_009666	XP_001833723.2	2
fam_009667	XP_001833729.2	2
fam_009668	XP_001833730.1	4
fam_009669	XP_001833741.1	4
fam_009670	XP_001833756.1	4
fam_009671	XP_001836733.1	3
fam_009672	XP_001836740.1	2
fam_009673	XP_001836745.2	3
fam_009674	XP_001836759.1	4
fam_009675	XP_001836761.2	2
fam_009676	XP_001836771.2	3
fam_009677	XP_001836798.1	3
fam_009678	XP_001836800.1	4
fam_009679	XP_001836812.1	2
fam_009680	XP_001836823.2	3
fam_009681	XP_001836825.2	6
fam_009682	XP_001836829.1	2
fam_009683	XP_001836845.2	2
fam_009684	XP_001840352.2	3
fam_009685	XP_001840359.2	4
fam_009686	XP_001840365.1	2
fam_009687	XP_001840366.1	4
fam_009688	XP_001840367.1	2
fam_009689	XP_001840369.1	4
fam_009690	XP_001840371.2	4
fam_009691	XP_001840374.2	4
fam_009692	XP_001840376.1	5
fam_009693	XP_001840382.2	4
fam_009694	XP_001840387.2	5
fam_009695	XP_001840397.2	4
fam_009696	XP_001840400.1	3
fam_009697	XP_001840406.1	3
fam_009698	XP_001840409.2	3
fam_009699	XP_001840415.1	4
fam_009700	XP_001840419.2	3
fam_009701	XP_001840425.2	3
fam_009702	XP_001840431.2	4
fam_009703	XP_001840446.2	2
fam_009704	XP_001840449.2	1
fam_009705	XP_001838937.2	1
fam_009706	XP_001840455.2	7
fam_009707	XP_003025971.1	7
fam_009708	XP_003025977.1	2
fam_009709	XP_003025978.2	4
fam_009710	XP_003025981.1	4
fam_009711	XP_003025999.2	3
fam_009712	XP_003026001.2	2
fam_009713	XP_003026013.1	2
fam_009714	XP_003026026.1	3
fam_009715	XP_003026028.1	8
fam_009716	XP_003026030.2	2
fam_009717	XP_003026035.2	4
fam_009718	XP_003026054.1	3
fam_009719	XP_003026061.1	3
fam_009720	XP_003026063.2	8
fam_009721	XP_003026072.1	3
fam_009722	XP_003026076.1	4
fam_009723	XP_003026080.2	8
fam_009724	XP_003026089.1	11
fam_009725	XP_003030389.1	5
fam_009726	XP_003030392.1	4
fam_009727	XP_003030401.1	8
fam_009728	XP_003030412.1	4
fam_009729	XP_003030413.1	2
fam_009730	XP_003030433.1	2
fam_009731	XP_003030444.1	4
fam_009732	XP_003030445.1	10
fam_009733	XP_003030453.1	4
fam_009734	XP_003030470.1	4
fam_009735	XP_003030490.1	3
fam_009736	XP_003030494.1	12
fam_009737	XP_003030505.1	14
fam_009738	XP_003030509.1	8
fam_009739	XP_003030520.1	2
fam_009740	XP_003030523.1	3
fam_009741	XP_003034839.1	2
fam_009742	XP_003034846.1	7
fam_009743	XP_003034866.1	4
fam_009744	XP_003034872.2	3
fam_009745	XP_003034880.1	4
fam_009746	XP_003034913.1	2
fam_009747	XP_003034918.1	3
fam_009748	XP_003034919.1	2
fam_009749	XP_003034924.1	2
fam_009750	XP_003034931.1	4
fam_009751	XP_003034940.1	6
fam_009752	XP_003034952.2	3
fam_009753	XP_003039040.2	2
fam_009754	XP_050196854.1	2
fam_009755	XP_050196855.1	2
fam_009756	XP_050196856.1	2
fam_009757	XP_050196857.1	4
fam_009758	XP_050196858.1	1
fam_009759	XP_003031188.1	1
fam_009760	XP_050196859.1	2
fam_009761	XP_050196867.1	3
fam_009762	XP_050196869.1	2
fam_009763	XP_050196878.1	6
fam_009764	XP_050196892.1	3
fam_009765	XP_050196904.1	1
fam_009766	XP_050198035.1	2
fam_009767	XP_050196906.1	1
fam_009768	XP_003025955.1	1
fam_009769	XP_050196907.1	2
fam_009770	XP_050196921.1	2
fam_009771	XP_050200434.1	2
fam_009772	XP_050200436.1	4
fam_009773	XP_050200438.1	1
fam_009774	XP_003036507.1	1
fam_009775	XP_050200452.1	2
fam_009776	XP_050200460.1	4
fam_009777	XP_050200477.1	3
fam_009778	XP_050200490.1	2
fam_009779	XP_050200498.1	3
fam_009780	XP_050200510.1	4
fam_009781	XP_050200513.1	2
fam_009782	XP_050200522.1	3
fam_009783	XP_007331210.1	7
fam_009784	XP_007331212.1	3
fam_009785	XP_007331219.1	4
fam_009786	XP_007331224.1	4
fam_009787	XP_007331226.1	7
fam_009788	XP_007331227.1	3
fam_009789	XP_007331230.1	4
fam_009790	XP_007331243.1	2
fam_009791	XP_007331248.1	20
fam_009792	XP_007331251.1	6
fam_009793	XP_007331253.1	2
fam_009794	XP_007331257.1	1
fam_009795	XP_007331386.1	1
fam_009796	XP_007331268.1	10
fam_009797	XP_007331269.1	4
fam_009798	XP_007331275.1	2
fam_009799	XP_007331283.1	4
fam_009800	XP_007331288.1	4
fam_009801	XP_007331297.1	2
fam_009802	XP_007331301.1	14
fam_009803	XP_007331306.1	2
fam_009804	XP_007334822.1	5
fam_009805	XP_007334826.1	1
fam_009806	XP_007327109.1	1
fam_009807	XP_007334828.1	3
fam_009808	XP_007334843.1	6
fam_009809	XP_007334844.1	16
fam_009810	XP_007334858.1	2
fam_009811	XP_007334859.1	2
fam_009812	XP_007334867.1	6
fam_009813	XP_007334875.1	4
fam_009814	XP_007334882.1	3
fam_009815	XP_007334883.1	8
fam_009816	XP_007334885.1	2
fam_009817	XP_007334891.1	5
fam_009818	XP_007334901.1	43
fam_009819	XP_007334907.1	9
fam_009820	XP_001874398.1	3
fam_009821	XP_001874399.1	3
fam_009822	XP_001874406.1	2
fam_009823	XP_001874415.1	3
fam_009824	XP_001874425.1	3
fam_009825	XP_001874433.1	4
fam_009826	XP_001874434.1	4
fam_009827	XP_001874442.1	3
fam_009828	XP_001874444.1	2
fam_009829	XP_001874454.1	2
fam_009830	XP_001874467.1	4
fam_009831	XP_001874482.1	4
fam_009832	XP_001874484.1	2
fam_009833	XP_001877086.1	4
fam_009834	XP_001877087.1	2
fam_009835	XP_001877090.1	3
fam_009836	XP_001877105.1	8
fam_009837	XP_001877114.1	4
fam_009838	XP_001877122.1	3
fam_009839	XP_001877123.1	2
fam_009840	XP_001877132.1	4
fam_009841	XP_001877134.1	3
fam_009842	XP_001877135.1	3
fam_009843	XP_001877136.1	5
fam_009844	XP_001877137.1	3
fam_009845	XP_001877145.1	4
fam_009846	XP_001877146.1	4
fam_009847	XP_001877150.1	4
fam_009848	XP_001877153.1	4
fam_009849	XP_001877155.1	2
fam_009850	XP_001877158.1	3
fam_009851	XP_001877159.1	3
fam_009852	XP_001877171.1	2
fam_009853	XP_001877172.1	4
fam_009854	XP_001877176.1	4
fam_009855	XP_001877177.1	4
fam_009856	XP_001877179.1	4
fam_009857	XP_001877180.1	2
fam_009858	XP_001877182.1	4
fam_009859	XP_001877185.1	4
fam_009860	XP_001878887.1	8
fam_009861	XP_001878894.1	1
fam_009862	XP_001888195.1	1
fam_009863	XP_001878897.1	6
fam_009864	XP_001878907.1	4
fam_009865	XP_001878911.1	3
fam_009866	XP_001878916.1	4
fam_009867	XP_001878936.1	3
fam_009868	XP_001878952.1	2
fam_009869	XP_001878953.1	4
fam_009870	XP_001878954.1	3
fam_009871	XP_001878961.1	2
fam_009872	XP_001878965.1	4
fam_009873	XP_001878970.1	2
fam_009874	XP_001878974.1	2
