family_index	representative_id	n_members
fam_000001	sp|O59958|CRE1_NEUCR	5
fam_000002	tr|Q1K720|Q1K720_NEUCR	5
fam_000003	tr|Q1K825|Q1K825_NEUCR	5
fam_000004	tr|Q7RVS8|Q7RVS8_NEUCR	4
fam_000005	tr|Q7RYF9|Q7RYF9_NEUCR	2
fam_000006	tr|Q7RYL2|Q7RYL2_NEUCR	5
fam_000007	sp|Q7RYR4|RSE1_NEUCR	5
fam_000008	tr|Q7S8I9|Q7S8I9_NEUCR	5
fam_000009	tr|Q7SB72|Q7SB72_NEUCR	5
fam_000010	tr|Q7SB82|Q7SB82_NEUCR	2
fam_000011	tr|Q7SEB0|Q7SEB0_NEUCR	4
fam_000012	tr|Q7SHF4|Q7SHF4_NEUCR	3
fam_000013	tr|Q7SHJ9|Q7SHJ9_NEUCR	5
fam_000014	tr|Q7RZQ4|Q7RZQ4_NEUCR	3
fam_000015	sp|Q7S565|COQ1_NEUCR	5
fam_000016	tr|Q7S995|Q7S995_NEUCR	4
fam_000017	sp|Q7S9J4|DBP10_NEUCR	5
fam_000018	tr|Q7S9X6|Q7S9X6_NEUCR	4
fam_000019	tr|Q7SDE4|Q7SDE4_NEUCR	5
fam_000020	tr|Q7SGA7|Q7SGA7_NEUCR	5
fam_000021	tr|V5IL57|V5IL57_NEUCR	5
fam_000022	sp|P24391|TOM40_NEUCR	5
fam_000023	tr|Q1K7D4|Q1K7D4_NEUCR	3
fam_000024	tr|Q7RVR6|Q7RVR6_NEUCR	2
fam_000025	tr|Q7RWK0|Q7RWK0_NEUCR	2
fam_000026	tr|Q7RYT6|Q7RYT6_NEUCR	5
fam_000027	sp|Q7S083|ATG12_NEUCR	4
fam_000028	tr|Q7S5P0|Q7S5P0_NEUCR	5
fam_000029	sp|Q7S9L2|STU1_NEUCR	4
fam_000030	tr|Q7S9U6|Q7S9U6_NEUCR	5
fam_000031	tr|Q7SAF7|Q7SAF7_NEUCR	3
fam_000032	tr|Q7SAG1|Q7SAG1_NEUCR	5
fam_000033	tr|Q7SAN8|Q7SAN8_NEUCR	5
fam_000034	tr|Q7SGD9|Q7SGD9_NEUCR	3
fam_000035	tr|Q7SHK9|Q7SHK9_NEUCR	3
fam_000036	sp|Q8X097|ACL1_NEUCR	5
fam_000037	tr|U9W326|U9W326_NEUCR	5
fam_000038	tr|Q1K728|Q1K728_NEUCR	5
fam_000039	tr|Q1K7R7|Q1K7R7_NEUCR	5
fam_000040	tr|Q7RVP7|Q7RVP7_NEUCR	5
fam_000041	tr|Q7S0B8|Q7S0B8_NEUCR	5
fam_000042	tr|Q7S473|Q7S473_NEUCR	3
fam_000043	tr|Q7S672|Q7S672_NEUCR	3
fam_000044	tr|Q7S925|Q7S925_NEUCR	6
fam_000045	tr|Q7S9Y0|Q7S9Y0_NEUCR	5
fam_000046	tr|Q7SFC7|Q7SFC7_NEUCR	5
fam_000047	tr|Q7SHA6|Q7SHA6_NEUCR	4
fam_000048	sp|Q8NIW7|BBP_NEUCR	5
fam_000049	tr|V5IML7|V5IML7_NEUCR	4
fam_000050	tr|Q1K900|Q1K900_NEUCR	14
fam_000051	tr|Q7RZ96|Q7RZ96_NEUCR	5
fam_000052	tr|Q7S057|Q7S057_NEUCR	2
fam_000053	tr|Q7S075|Q7S075_NEUCR	1
fam_000054	tr|Q7S0B5|Q7S0B5_NEUCR	1
fam_000055	tr|Q7S227|Q7S227_NEUCR	4
fam_000056	tr|Q7S9J9|Q7S9J9_NEUCR	3
fam_000057	tr|Q7S9K5|Q7S9K5_NEUCR	5
fam_000058	tr|Q7SH73|Q7SH73_NEUCR	2
fam_000059	tr|V5IKU5|V5IKU5_NEUCR	7
fam_000060	tr|V5ILW7|V5ILW7_NEUCR	5
fam_000061	tr|V5IPI7|V5IPI7_NEUCR	5
fam_000062	tr|V5IQA9|V5IQA9_NEUCR	6
fam_000063	sp|O74225|HSP88_NEUCR	5
fam_000064	tr|Q1K6Q6|Q1K6Q6_NEUCR	2
fam_000065	tr|Q7S3G0|Q7S3G0_NEUCR	5
fam_000066	tr|Q7S9P7|Q7S9P7_NEUCR	2
fam_000067	tr|Q7SBI4|Q7SBI4_NEUCR	5
fam_000068	tr|Q7SDD8|Q7SDD8_NEUCR	5
fam_000069	tr|Q7SFP9|Q7SFP9_NEUCR	5
fam_000070	tr|A7UWZ1|A7UWZ1_NEUCR	5
fam_000071	sp|P00369|DHE4_NEUCR	5
fam_000072	sp|P31413|VATL1_NEUCR	9
fam_000073	sp|P38675|MET7_NEUCR	7
fam_000074	tr|Q1K521|Q1K521_NEUCR	4
fam_000075	tr|Q1K7F3|Q1K7F3_NEUCR	5
fam_000076	sp|Q7S232|MCA1A_NEUCR	7
fam_000077	sp|Q7S6P8|BFR2_NEUCR	2
fam_000078	tr|V5INS4|V5INS4_NEUCR	3
fam_000079	tr|Q1K555|Q1K555_NEUCR	5
fam_000080	tr|Q1K5E5|Q1K5E5_NEUCR	4
fam_000081	tr|Q7S5K6|Q7S5K6_NEUCR	5
fam_000082	tr|Q7S6N4|Q7S6N4_NEUCR	3
fam_000083	tr|Q7SEB1|Q7SEB1_NEUCR	5
fam_000084	sp|Q7SFX6|LYS1_NEUCR	5
fam_000085	tr|Q7SH48|Q7SH48_NEUCR	5
fam_000086	tr|V5IL76|V5IL76_NEUCR	2
fam_000087	tr|A3RNI2|A3RNI2_NEUCR	5
fam_000088	sp|P00048|CYC_NEUCR	4
fam_000089	tr|Q1K5V0|Q1K5V0_NEUCR	3
fam_000090	tr|Q1K677|Q1K677_NEUCR	8
fam_000091	tr|Q1K7T9|Q1K7T9_NEUCR	5
fam_000092	tr|Q1K853|Q1K853_NEUCR	10
fam_000093	tr|Q1K8Q4|Q1K8Q4_NEUCR	2
fam_000094	tr|Q7S1T7|Q7S1T7_NEUCR	3
fam_000095	tr|Q7S3L1|Q7S3L1_NEUCR	1
fam_000096	tr|Q7SA25|Q7SA25_NEUCR	1
fam_000097	tr|Q7S8U7|Q7S8U7_NEUCR	5
fam_000098	tr|Q7S913|Q7S913_NEUCR	5
fam_000099	tr|Q7SAL2|Q7SAL2_NEUCR	8
fam_000100	tr|Q7SGW4|Q7SGW4_NEUCR	5
fam_000101	sp|Q7SGY6|DHSD_NEUCR	2
fam_000102	tr|A7UWP8|A7UWP8_NEUCR	3
fam_000103	sp|P08978|RL28A_NEUCR	5
fam_000104	tr|Q7RW00|Q7RW00_NEUCR	8
fam_000105	tr|Q7RYX3|Q7RYX3_NEUCR	4
fam_000106	tr|Q7S165|Q7S165_NEUCR	2
fam_000107	tr|Q7S2M8|Q7S2M8_NEUCR	2
fam_000108	tr|Q7S5T6|Q7S5T6_NEUCR	7
fam_000109	tr|Q7SB13|Q7SB13_NEUCR	5
fam_000110	sp|Q7SB92|CHS7_NEUCR	5
fam_000111	tr|Q7SD38|Q7SD38_NEUCR	4
fam_000112	tr|Q7SI28|Q7SI28_NEUCR	5
fam_000113	tr|A7UWA6|A7UWA6_NEUCR	3
fam_000114	tr|Q1K4R9|Q1K4R9_NEUCR	4
fam_000115	tr|Q1K4T7|Q1K4T7_NEUCR	4
fam_000116	tr|Q7RUV4|Q7RUV4_NEUCR	5
fam_000117	tr|Q7RW88|Q7RW88_NEUCR	9
fam_000118	tr|Q7S167|Q7S167_NEUCR	4
fam_000119	tr|Q7S468|Q7S468_NEUCR	5
fam_000120	sp|Q7S6U4|CVNH_NEUCR	3
fam_000121	tr|Q7SCK0|Q7SCK0_NEUCR	4
fam_000122	tr|Q7SH06|Q7SH06_NEUCR	3
fam_000123	tr|Q7SHV3|Q7SHV3_NEUCR	4
fam_000124	tr|U9W500|U9W500_NEUCR	5
fam_000125	tr|V5IM44|V5IM44_NEUCR	5
fam_000126	sp|P23704|ATPB_NEUCR	5
fam_000127	tr|Q7S0D6|Q7S0D6_NEUCR	3
fam_000128	tr|Q7S2F2|Q7S2F2_NEUCR	8
fam_000129	tr|Q7S618|Q7S618_NEUCR	5
fam_000130	tr|Q7S789|Q7S789_NEUCR	4
fam_000131	tr|Q7SAD0|Q7SAD0_NEUCR	2
fam_000132	tr|Q7SH40|Q7SH40_NEUCR	5
fam_000133	tr|Q7SHV1|Q7SHV1_NEUCR	5
fam_000134	tr|V5IPN6|V5IPN6_NEUCR	5
fam_000135	tr|A7UW03|A7UW03_NEUCR	5
fam_000136	tr|Q1K7P2|Q1K7P2_NEUCR	4
fam_000137	tr|Q1K901|Q1K901_NEUCR	5
fam_000138	tr|Q7RUP7|Q7RUP7_NEUCR	3
fam_000139	tr|Q7RW24|Q7RW24_NEUCR	2
fam_000140	tr|Q7RWF3|Q7RWF3_NEUCR	3
fam_000141	tr|Q7S2X4|Q7S2X4_NEUCR	2
fam_000142	sp|Q7S7F1|RL30_NEUCR	5
fam_000143	tr|Q7SBX5|Q7SBX5_NEUCR	4
fam_000144	sp|Q9P4Z1|TOM1_NEUCR	5
fam_000145	tr|V5IL08|V5IL08_NEUCR	4
fam_000146	tr|Q1K808|Q1K808_NEUCR	4
fam_000147	tr|Q7RWL3|Q7RWL3_NEUCR	10
fam_000148	tr|Q7RX94|Q7RX94_NEUCR	3
fam_000149	tr|Q7RYD4|Q7RYD4_NEUCR	4
fam_000150	tr|Q7S7J5|Q7S7J5_NEUCR	4
fam_000151	tr|Q7SEP1|Q7SEP1_NEUCR	4
fam_000152	tr|Q7SET7|Q7SET7_NEUCR	6
fam_000153	tr|Q7SHZ5|Q7SHZ5_NEUCR	4
fam_000154	tr|V5IKE8|V5IKE8_NEUCR	4
fam_000155	tr|V5ILH6|V5ILH6_NEUCR	5
fam_000156	tr|F5HEL0|F5HEL0_NEUCR	5
fam_000157	tr|Q1K6B7|Q1K6B7_NEUCR	2
fam_000158	tr|Q1K6N4|Q1K6N4_NEUCR	3
fam_000159	tr|Q1K952|Q1K952_NEUCR	5
fam_000160	sp|Q7RXW1|VAC8_NEUCR	5
fam_000161	tr|Q7S2M7|Q7S2M7_NEUCR	5
fam_000162	sp|Q7S4G7|MTNA_NEUCR	5
fam_000163	sp|Q7S6N6|PABP_NEUCR	5
fam_000164	tr|Q7SEP4|Q7SEP4_NEUCR	5
fam_000165	tr|Q7SG59|Q7SG59_NEUCR	5
fam_000166	tr|Q7SG91|Q7SG91_NEUCR	2
fam_000167	sp|Q7SGE5|RN49_NEUCR	4
fam_000168	tr|Q7SI03|Q7SI03_NEUCR	5
fam_000169	tr|V5INC6|V5INC6_NEUCR	2
fam_000170	sp|P19968|NUZM_NEUCR	3
fam_000171	tr|Q1K827|Q1K827_NEUCR	5
fam_000172	tr|Q7S4R9|Q7S4R9_NEUCR	5
fam_000173	tr|Q7SBV5|Q7SBV5_NEUCR	5
fam_000174	tr|U9WGH7|U9WGH7_NEUCR	5
fam_000175	tr|V5IKI2|V5IKI2_NEUCR	2
fam_000176	tr|F5HDX6|F5HDX6_NEUCR	1
fam_000177	tr|Q7SD31|Q7SD31_NEUCR	1
fam_000178	tr|F5HFU8|F5HFU8_NEUCR	5
fam_000179	tr|Q1K612|Q1K612_NEUCR	2
fam_000180	tr|Q1K7H8|Q1K7H8_NEUCR	2
fam_000181	tr|Q7S0W0|Q7S0W0_NEUCR	5
fam_000182	tr|Q7SF11|Q7SF11_NEUCR	5
fam_000183	tr|Q7SGP6|Q7SGP6_NEUCR	5
fam_000184	tr|V5IMX9|V5IMX9_NEUCR	2
fam_000185	tr|V5ING7|V5ING7_NEUCR	2
fam_000186	tr|V5IPM0|V5IPM0_NEUCR	4
fam_000187	tr|V5IPV8|V5IPV8_NEUCR	2
fam_000188	sp|P06809|COX4_NEUCR	5
fam_000189	sp|P25284|NDUA9_NEUCR	5
fam_000190	tr|Q1K5K1|Q1K5K1_NEUCR	5
fam_000191	tr|Q7SA59|Q7SA59_NEUCR	3
fam_000192	sp|Q7SBS7|ENOPH_NEUCR	2
fam_000193	tr|Q7SFM3|Q7SFM3_NEUCR	11
fam_000194	sp|Q9C0N3|TIM10_NEUCR	5
fam_000195	tr|A0ACF5CCM2|A0ACF5CCM2_9PEZI	5
fam_000196	tr|A0ACF5CDM9|A0ACF5CDM9_9PEZI	2
fam_000197	tr|A0ACF5BRK5|A0ACF5BRK5_9PEZI	4
fam_000198	tr|A0ACF5BUX3|A0ACF5BUX3_9PEZI	2
fam_000199	tr|A0ACF5BZ93|A0ACF5BZ93_9PEZI	5
fam_000200	tr|A0ACF5C3B6|A0ACF5C3B6_9PEZI	4
fam_000201	tr|A0ACF5C4B0|A0ACF5C4B0_9PEZI	1
fam_000202	tr|A0ACF5C6N2|A0ACF5C6N2_9PEZI	1
fam_000203	tr|A0ACF5C851|A0ACF5C851_9PEZI	5
fam_000204	tr|A0ACF5CAQ9|A0ACF5CAQ9_9PEZI	6
fam_000205	tr|A0ACF5CC65|A0ACF5CC65_9PEZI	2
fam_000206	tr|A0ACF5CHL5|A0ACF5CHL5_9PEZI	6
fam_000207	tr|A0ACF5CIG1|A0ACF5CIG1_9PEZI	9
fam_000208	tr|A0ACF5CIN3|A0ACF5CIN3_9PEZI	5
fam_000209	tr|A0ACF5BKF3|A0ACF5BKF3_9PEZI	2
fam_000210	tr|A0ACF5BM22|A0ACF5BM22_9PEZI	2
fam_000211	tr|A0ACF5C120|A0ACF5C120_9PEZI	2
fam_000212	tr|A0ACF5C500|A0ACF5C500_9PEZI	8
fam_000213	tr|A0ACF5C6P0|A0ACF5C6P0_9PEZI	2
fam_000214	tr|A0ACF5CBC9|A0ACF5CBC9_9PEZI	2
fam_000215	tr|A0ACF5CCI4|A0ACF5CCI4_9PEZI	3
fam_000216	tr|A0ACF5CD67|A0ACF5CD67_9PEZI	4
fam_000217	tr|A0ACF5CEA6|A0ACF5CEA6_9PEZI	2
fam_000218	tr|A0ACF5CFD8|A0ACF5CFD8_9PEZI	2
fam_000219	tr|A0ACF5BLY2|A0ACF5BLY2_9PEZI	4
fam_000220	tr|A0ACF5BNN2|A0ACF5BNN2_9PEZI	5
fam_000221	tr|A0ACF5BQ31|A0ACF5BQ31_9PEZI	4
fam_000222	tr|A0ACF5BSA7|A0ACF5BSA7_9PEZI	2
fam_000223	tr|A0ACF5BV57|A0ACF5BV57_9PEZI	4
fam_000224	tr|A0ACF5BXE8|A0ACF5BXE8_9PEZI	5
fam_000225	tr|A0ACF5C543|A0ACF5C543_9PEZI	5
fam_000226	tr|A0ACF5C5Z5|A0ACF5C5Z5_9PEZI	4
fam_000227	tr|A0ACF5CA77|A0ACF5CA77_9PEZI	2
fam_000228	tr|A0ACF5CDT2|A0ACF5CDT2_9PEZI	3
fam_000229	tr|A0ACF5CE50|A0ACF5CE50_9PEZI	5
fam_000230	tr|A0ACF5CFP1|A0ACF5CFP1_9PEZI	2
fam_000231	tr|A0ACF5CFR5|A0ACF5CFR5_9PEZI	5
fam_000232	tr|A0ACF5BLQ2|A0ACF5BLQ2_9PEZI	2
fam_000233	tr|A0ACF5BML0|A0ACF5BML0_9PEZI	2
fam_000234	tr|A0ACF5BU88|A0ACF5BU88_9PEZI	5
fam_000235	tr|A0ACF5BUT3|A0ACF5BUT3_9PEZI	1
fam_000236	tr|A0ACF5BXZ7|A0ACF5BXZ7_9PEZI	2
fam_000237	tr|A0ACF5BXM3|A0ACF5BXM3_9PEZI	5
fam_000238	tr|A0ACF5BXV4|A0ACF5BXV4_9PEZI	11
fam_000239	tr|A0ACF5BYY5|A0ACF5BYY5_9PEZI	2
fam_000240	tr|A0ACF5C5G8|A0ACF5C5G8_9PEZI	1
fam_000241	tr|A0ACF5C228|A0ACF5C228_9PEZI	1
fam_000242	tr|A0ACF5C738|A0ACF5C738_9PEZI	2
fam_000243	tr|A0ACF5C966|A0ACF5C966_9PEZI	10
fam_000244	tr|A0ACF5CHU2|A0ACF5CHU2_9PEZI	4
fam_000245	tr|A0ACF5BJ51|A0ACF5BJ51_9PEZI	3
fam_000246	tr|A0ACF5BPS9|A0ACF5BPS9_9PEZI	4
fam_000247	tr|A0ACF5BQ29|A0ACF5BQ29_9PEZI	2
fam_000248	tr|A0ACF5BTJ4|A0ACF5BTJ4_9PEZI	1
fam_000249	tr|A0ACF5BQY0|A0ACF5BQY0_9PEZI	2
fam_000250	tr|A0ACF5BYF1|A0ACF5BYF1_9PEZI	2
fam_000251	tr|A0ACF5BZH3|A0ACF5BZH3_9PEZI	2
fam_000252	tr|A0ACF5C1Z3|A0ACF5C1Z3_9PEZI	2
fam_000253	tr|A0ACF5C3E0|A0ACF5C3E0_9PEZI	5
fam_000254	tr|A0ACF5C5T8|A0ACF5C5T8_9PEZI	3
fam_000255	tr|A0ACF5C7V6|A0ACF5C7V6_9PEZI	5
fam_000256	tr|A0ACF5C8Y9|A0ACF5C8Y9_9PEZI	5
fam_000257	tr|A0ACF5CH52|A0ACF5CH52_9PEZI	4
fam_000258	tr|A0ACF5CHL2|A0ACF5CHL2_9PEZI	4
fam_000259	tr|A0ACF5CHM6|A0ACF5CHM6_9PEZI	3
fam_000260	tr|A0ACF5CIM8|A0ACF5CIM8_9PEZI	5
fam_000261	tr|A0ACF5BLE3|A0ACF5BLE3_9PEZI	5
fam_000262	tr|A0ACF5BLG3|A0ACF5BLG3_9PEZI	5
fam_000263	tr|A0ACF5BTH6|A0ACF5BTH6_9PEZI	5
fam_000264	tr|A0ACF5BUB4|A0ACF5BUB4_9PEZI	3
fam_000265	tr|A0ACF5BUH7|A0ACF5BUH7_9PEZI	5
fam_000266	tr|A0ACF5BUU3|A0ACF5BUU3_9PEZI	2
fam_000267	tr|A0ACF5BYK4|A0ACF5BYK4_9PEZI	4
fam_000268	tr|A0ACF5C278|A0ACF5C278_9PEZI	5
fam_000269	tr|A0ACF5C2T9|A0ACF5C2T9_9PEZI	5
fam_000270	tr|A0ACF5C4D3|A0ACF5C4D3_9PEZI	5
fam_000271	tr|A0ACF5C745|A0ACF5C745_9PEZI	5
fam_000272	tr|A0ACF5C9U2|A0ACF5C9U2_9PEZI	2
fam_000273	tr|A0ACF5CET3|A0ACF5CET3_9PEZI	3
fam_000274	tr|A0ACF5CFC4|A0ACF5CFC4_9PEZI	9
fam_000275	tr|A0ACF5BQV4|A0ACF5BQV4_9PEZI	1
fam_000276	tr|A0ACF5BYG3|A0ACF5BYG3_9PEZI	1
fam_000277	tr|A0ACF5BSK5|A0ACF5BSK5_9PEZI	3
fam_000278	tr|A0ACF5BUJ6|A0ACF5BUJ6_9PEZI	2
fam_000279	tr|A0ACF5BWN4|A0ACF5BWN4_9PEZI	5
fam_000280	tr|A0ACF5BZN4|A0ACF5BZN4_9PEZI	5
fam_000281	tr|A0ACF5C1Z7|A0ACF5C1Z7_9PEZI	3
fam_000282	tr|A0ACF5C4G2|A0ACF5C4G2_9PEZI	4
fam_000283	tr|A0ACF5C563|A0ACF5C563_9PEZI	1
fam_000284	tr|A0ACF5BK38|A0ACF5BK38_9PEZI	1
fam_000285	tr|A0ACF5C4V4|A0ACF5C4V4_9PEZI	3
fam_000286	tr|A0ACF5CDF7|A0ACF5CDF7_9PEZI	2
fam_000287	tr|A0ACF5BNN4|A0ACF5BNN4_9PEZI	5
fam_000288	tr|A0ACF5BPA5|A0ACF5BPA5_9PEZI	5
fam_000289	tr|A0ACF5BQ06|A0ACF5BQ06_9PEZI	4
fam_000290	tr|A0ACF5BRR9|A0ACF5BRR9_9PEZI	2
fam_000291	tr|A0ACF5BRU2|A0ACF5BRU2_9PEZI	4
fam_000292	tr|A0ACF5C2U9|A0ACF5C2U9_9PEZI	2
fam_000293	tr|A0ACF5C3W3|A0ACF5C3W3_9PEZI	2
fam_000294	tr|A0ACF5C525|A0ACF5C525_9PEZI	10
fam_000295	tr|A0ACF5C761|A0ACF5C761_9PEZI	4
fam_000296	tr|A0ACF5C435|A0ACF5C435_9PEZI	1
fam_000297	tr|A0ACF5BZE7|A0ACF5BZE7_9PEZI	1
fam_000298	tr|A0ACF5C4X7|A0ACF5C4X7_9PEZI	1
fam_000299	tr|A0ACF5BWD9|A0ACF5BWD9_9PEZI	1
fam_000300	tr|A0ACF5C554|A0ACF5C554_9PEZI	3
fam_000301	tr|A0ACF5CHR6|A0ACF5CHR6_9PEZI	5
fam_000302	tr|A0ACF5CIA4|A0ACF5CIA4_9PEZI	7
fam_000303	tr|A0ACF5CIF1|A0ACF5CIF1_9PEZI	2
fam_000304	tr|A0ACF5BM57|A0ACF5BM57_9PEZI	2
fam_000305	tr|A0ACF5BND6|A0ACF5BND6_9PEZI	5
fam_000306	tr|A0ACF5BPH4|A0ACF5BPH4_9PEZI	5
fam_000307	tr|A0ACF5BQQ7|A0ACF5BQQ7_9PEZI	3
fam_000308	tr|A0ACF5BRI9|A0ACF5BRI9_9PEZI	5
fam_000309	tr|A0ACF5BS04|A0ACF5BS04_9PEZI	2
fam_000310	tr|A0ACF5C237|A0ACF5C237_9PEZI	2
fam_000311	tr|A0ACF5C8E9|A0ACF5C8E9_9PEZI	5
fam_000312	tr|A0ACF5C9A1|A0ACF5C9A1_9PEZI	6
fam_000313	tr|A0ACF5CC82|A0ACF5CC82_9PEZI	5
fam_000314	tr|A0ACF5CD15|A0ACF5CD15_9PEZI	21
fam_000315	tr|A0ACF5CGZ1|A0ACF5CGZ1_9PEZI	3
fam_000316	tr|A0ACF5CIU7|A0ACF5CIU7_9PEZI	5
fam_000317	tr|A0ACF5BP81|A0ACF5BP81_9PEZI	2
fam_000318	tr|A0ACF5BQB0|A0ACF5BQB0_9PEZI	4
fam_000319	tr|A0ACF5BRD6|A0ACF5BRD6_9PEZI	2
fam_000320	tr|A0ACF5BXG6|A0ACF5BXG6_9PEZI	5
fam_000321	tr|A0ACF5BXG7|A0ACF5BXG7_9PEZI	5
fam_000322	tr|A0ACF5C3B5|A0ACF5C3B5_9PEZI	3
fam_000323	tr|A0ACF5C555|A0ACF5C555_9PEZI	5
fam_000324	tr|A0ACF5C8I6|A0ACF5C8I6_9PEZI	5
fam_000325	tr|A0ACF5CE03|A0ACF5CE03_9PEZI	4
fam_000326	tr|A0ACF5CGT8|A0ACF5CGT8_9PEZI	5
fam_000327	tr|A0ACF5BKR7|A0ACF5BKR7_9PEZI	4
fam_000328	tr|A0ACF5BU55|A0ACF5BU55_9PEZI	16
fam_000329	tr|A0ACF5BY75|A0ACF5BY75_9PEZI	3
fam_000330	tr|A0ACF5BYL2|A0ACF5BYL2_9PEZI	5
fam_000331	tr|A0ACF5BZE5|A0ACF5BZE5_9PEZI	5
fam_000332	tr|A0ACF5BZY3|A0ACF5BZY3_9PEZI	5
fam_000333	tr|A0ACF5BZZ6|A0ACF5BZZ6_9PEZI	5
fam_000334	tr|A0ACF5C0G7|A0ACF5C0G7_9PEZI	3
fam_000335	tr|A0ACF5C106|A0ACF5C106_9PEZI	4
fam_000336	tr|Q7S461|Q7S461_NEUCR	5
fam_000337	sp|Q873E8|GSHR_NEUCR	4
fam_000338	sp|P37211|ATPA_NEUCR	5
fam_000339	tr|Q1K4L9|Q1K4L9_NEUCR	4
fam_000340	tr|Q7RX07|Q7RX07_NEUCR	2
fam_000341	tr|Q7RXQ5|Q7RXQ5_NEUCR	5
fam_000342	tr|Q7RZE1|Q7RZE1_NEUCR	3
fam_000343	tr|Q7SGB2|Q7SGB2_NEUCR	3
fam_000344	tr|Q7SGN7|Q7SGN7_NEUCR	5
fam_000345	tr|Q7SGQ7|Q7SGQ7_NEUCR	24
fam_000346	tr|Q7SHS8|Q7SHS8_NEUCR	4
fam_000347	sp|Q9C291|MRE11_NEUCR	5
fam_000348	tr|V5IP70|V5IP70_NEUCR	4
fam_000349	tr|Q1K5T0|Q1K5T0_NEUCR	2
fam_000350	tr|Q1K7D0|Q1K7D0_NEUCR	4
fam_000351	tr|Q1K815|Q1K815_NEUCR	3
fam_000352	tr|Q1K8J9|Q1K8J9_NEUCR	5
fam_000353	tr|Q7S683|Q7S683_NEUCR	3
fam_000354	sp|Q7SCE9|AA13_NEUCR	2
fam_000355	tr|Q7SHT0|Q7SHT0_NEUCR	5
fam_000356	tr|V5IMW7|V5IMW7_NEUCR	3
fam_000357	tr|V5IQ80|V5IQ80_NEUCR	3
fam_000358	sp|P24919|NDUA5_NEUCR	5
fam_000359	tr|Q1K788|Q1K788_NEUCR	2
fam_000360	tr|Q7RV07|Q7RV07_NEUCR	5
fam_000361	sp|Q7RZ35|DBP4_NEUCR	5
fam_000362	tr|Q7RZE6|Q7RZE6_NEUCR	4
fam_000363	tr|Q7RZR3|Q7RZR3_NEUCR	5
fam_000364	tr|Q7SD08|Q7SD08_NEUCR	5
fam_000365	tr|U9WGD4|U9WGD4_NEUCR	4
fam_000366	tr|A7UXI2|A7UXI2_NEUCR	4
fam_000367	tr|Q1K7G5|Q1K7G5_NEUCR	4
fam_000368	tr|Q7RWD5|Q7RWD5_NEUCR	2
fam_000369	tr|Q7S2E1|Q7S2E1_NEUCR	3
fam_000370	tr|Q7S3Z2|Q7S3Z2_NEUCR	4
fam_000371	tr|Q7S829|Q7S829_NEUCR	5
fam_000372	tr|Q7SB78|Q7SB78_NEUCR	6
fam_000373	sp|Q7SFY0|SSU72_NEUCR	5
fam_000374	tr|Q7RY10|Q7RY10_NEUCR	4
fam_000375	tr|Q7S1E1|Q7S1E1_NEUCR	2
fam_000376	tr|A0A0D8JVM0|A0A0D8JVM0_COCIM	5
fam_000377	tr|A0A0D8JWQ4|A0A0D8JWQ4_COCIM	2
fam_000378	tr|A0A0E1RUQ3|A0A0E1RUQ3_COCIM	5
fam_000379	tr|A0A0E1RUU9|A0A0E1RUU9_COCIM	5
fam_000380	tr|A0A0E1RUY4|A0A0E1RUY4_COCIM	3
fam_000381	tr|A0A0E1RYK4|A0A0E1RYK4_COCIM	5
fam_000382	tr|J3K1T0|J3K1T0_COCIM	5
fam_000383	tr|J3K6Y9|J3K6Y9_COCIM	5
fam_000384	tr|J3K707|J3K707_COCIM	3
fam_000385	tr|J3KBB1|J3KBB1_COCIM	4
fam_000386	tr|J3KE23|J3KE23_COCIM	3
fam_000387	tr|J3KG15|J3KG15_COCIM	4
fam_000388	tr|J3KH22|J3KH22_COCIM	5
fam_000389	tr|J3KLD6|J3KLD6_COCIM	4
fam_000390	tr|J3KLE3|J3KLE3_COCIM	4
fam_000391	sp|Q1DLC7|NTE1_COCIM	5
fam_000392	tr|A0A0D8JXR9|A0A0D8JXR9_COCIM	8
fam_000393	tr|A0A0E1RYU4|A0A0E1RYU4_COCIM	2
fam_000394	tr|A0A0E1S4M2|A0A0E1S4M2_COCIM	2
fam_000395	tr|J3K2L1|J3K2L1_COCIM	3
fam_000396	tr|J3K2M7|J3K2M7_COCIM	3
fam_000397	tr|J3K4A1|J3K4A1_COCIM	3
fam_000398	tr|J3K5K2|J3K5K2_COCIM	2
fam_000399	tr|J3K4X3|J3K4X3_COCIM	2
fam_000400	tr|J3K628|J3K628_COCIM	4
fam_000401	tr|J3K7T3|J3K7T3_COCIM	19
fam_000402	tr|J3KA46|J3KA46_COCIM	12
fam_000403	tr|J3KAT0|J3KAT0_COCIM	3
fam_000404	tr|J3KBS7|J3KBS7_COCIM	5
fam_000405	tr|J3KDD2|J3KDD2_COCIM	3
fam_000406	tr|J3KM18|J3KM18_COCIM	2
fam_000407	tr|A0A0D8JU03|A0A0D8JU03_COCIM	2
fam_000408	tr|A0A0E1RVL8|A0A0E1RVL8_COCIM	3
fam_000409	tr|A0A0E1RZ02|A0A0E1RZ02_COCIM	3
fam_000410	tr|J3K1N2|J3K1N2_COCIM	3
fam_000411	tr|J3K2L6|J3K2L6_COCIM	5
fam_000412	tr|J3K9R0|J3K9R0_COCIM	8
fam_000413	tr|J3KAP1|J3KAP1_COCIM	3
fam_000414	tr|J3KCL6|J3KCL6_COCIM	4
fam_000415	tr|J3KEX4|J3KEX4_COCIM	2
fam_000416	tr|J3KGS4|J3KGS4_COCIM	2
fam_000417	tr|J3KHU2|J3KHU2_COCIM	3
fam_000418	tr|J3KI66|J3KI66_COCIM	2
fam_000419	tr|J3KJE8|J3KJE8_COCIM	2
fam_000420	tr|J3KKX7|J3KKX7_COCIM	5
fam_000421	tr|J3KLG2|J3KLG2_COCIM	2
fam_000422	tr|J3KM10|J3KM10_COCIM	2
fam_000423	tr|A0A0D8JTV9|A0A0D8JTV9_COCIM	2
fam_000424	tr|A0A0E1RWM9|A0A0E1RWM9_COCIM	3
fam_000425	tr|J3K4I9|J3K4I9_COCIM	4
fam_000426	tr|J3K5Y7|J3K5Y7_COCIM	4
fam_000427	tr|J3K265|J3K265_COCIM	5
fam_000428	tr|J3K292|J3K292_COCIM	2
fam_000429	tr|J3K7Q5|J3K7Q5_COCIM	3
fam_000430	tr|J3K918|J3K918_COCIM	5
fam_000431	tr|J3KDB7|J3KDB7_COCIM	5
fam_000432	tr|J3KFL9|J3KFL9_COCIM	5
fam_000433	tr|J3KGJ2|J3KGJ2_COCIM	5
fam_000434	tr|J3KHE7|J3KHE7_COCIM	2
fam_000435	tr|J3KJB0|J3KJB0_COCIM	3
fam_000436	sp|Q1E803|HPPD_COCIM	7
fam_000437	tr|A0A0D8JTZ0|A0A0D8JTZ0_COCIM	35
fam_000438	tr|A0A0D8JUE6|A0A0D8JUE6_COCIM	3
fam_000439	tr|A0A0D8JUZ3|A0A0D8JUZ3_COCIM	3
fam_000440	tr|A0A0D8JV56|A0A0D8JV56_COCIM	2
fam_000441	tr|A0A0E1RV95|A0A0E1RV95_COCIM	5
fam_000442	tr|A0A0E1RVF7|A0A0E1RVF7_COCIM	3
fam_000443	tr|A0A0E1RWY5|A0A0E1RWY5_COCIM	2
fam_000444	tr|A0A0E1RZ33|A0A0E1RZ33_COCIM	5
fam_000445	tr|J3K865|J3K865_COCIM	4
fam_000446	tr|J3K943|J3K943_COCIM	2
fam_000447	tr|J3KFP4|J3KFP4_COCIM	5
fam_000448	tr|J3KJ80|J3KJ80_COCIM	7
fam_000449	tr|J3KJD1|J3KJD1_COCIM	3
fam_000450	tr|J3KLK3|J3KLK3_COCIM	4
fam_000451	tr|J3KLT0|J3KLT0_COCIM	5
fam_000452	tr|A0A0D8JU63|A0A0D8JU63_COCIM	2
fam_000453	tr|A0A0D8JWR7|A0A0D8JWR7_COCIM	3
fam_000454	tr|A0A0D8JWY8|A0A0D8JWY8_COCIM	3
fam_000455	tr|A0A0E1RYM9|A0A0E1RYM9_COCIM	9
fam_000456	tr|A0A0E1S4S8|A0A0E1S4S8_COCIM	5
fam_000457	tr|J3K117|J3K117_COCIM	4
fam_000458	tr|J3K3T1|J3K3T1_COCIM	5
fam_000459	tr|J3K435|J3K435_COCIM	12
fam_000460	tr|J3K5C7|J3K5C7_COCIM	2
fam_000461	tr|J3KAT7|J3KAT7_COCIM	3
fam_000462	tr|J3KB57|J3KB57_COCIM	3
fam_000463	tr|J3KD08|J3KD08_COCIM	9
fam_000464	tr|J3KE35|J3KE35_COCIM	3
fam_000465	tr|J3KF36|J3KF36_COCIM	2
fam_000466	tr|J3KG69|J3KG69_COCIM	2
fam_000467	tr|J3KGV2|J3KGV2_COCIM	2
fam_000468	tr|J3KLB9|J3KLB9_COCIM	5
fam_000469	tr|J3KLY1|J3KLY1_COCIM	4
fam_000470	tr|A0A0E1RVF1|A0A0E1RVF1_COCIM	20
fam_000471	tr|F9X5E4|F9X5E4_ZYMTI	1
fam_000472	tr|A0A0E1RVW8|A0A0E1RVW8_COCIM	2
fam_000473	tr|A0A0E1RWE5|A0A0E1RWE5_COCIM	9
fam_000474	tr|A0A0E1RXX2|A0A0E1RXX2_COCIM	11
fam_000475	tr|A0A0E1S2K0|A0A0E1S2K0_COCIM	5
fam_000476	tr|A0A0E1S3M8|A0A0E1S3M8_COCIM	6
fam_000477	tr|A0ACF5C703|A0ACF5C703_9PEZI	2
fam_000478	tr|A0ACF5CBC4|A0ACF5CBC4_9PEZI	3
fam_000479	tr|A0ACF5CBP2|A0ACF5CBP2_9PEZI	3
fam_000480	tr|A0ACF5CGM9|A0ACF5CGM9_9PEZI	2
fam_000481	tr|A0ACF5BIS1|A0ACF5BIS1_9PEZI	6
fam_000482	tr|A0ACF5BK49|A0ACF5BK49_9PEZI	5
fam_000483	tr|A0ACF5BTZ8|A0ACF5BTZ8_9PEZI	2
fam_000484	tr|A0ACF5BW07|A0ACF5BW07_9PEZI	4
fam_000485	tr|A0ACF5C1D4|A0ACF5C1D4_9PEZI	4
fam_000486	tr|A0ACF5C478|A0ACF5C478_9PEZI	5
fam_000487	tr|A0ACF5C494|A0ACF5C494_9PEZI	2
fam_000488	tr|A0ACF5C4F3|A0ACF5C4F3_9PEZI	3
fam_000489	tr|A0ACF5C4W6|A0ACF5C4W6_9PEZI	5
fam_000490	tr|A0ACF5C5T2|A0ACF5C5T2_9PEZI	12
fam_000491	tr|A0ACF5C6V7|A0ACF5C6V7_9PEZI	2
fam_000492	tr|A0ACF5C760|A0ACF5C760_9PEZI	6
fam_000493	tr|A0ACF5C799|A0ACF5C799_9PEZI	2
fam_000494	tr|A0ACF5C993|A0ACF5C993_9PEZI	5
fam_000495	tr|A0ACF5CDY6|A0ACF5CDY6_9PEZI	2
fam_000496	tr|A0ACF5BJP3|A0ACF5BJP3_9PEZI	5
fam_000497	tr|A0ACF5BQE8|A0ACF5BQE8_9PEZI	4
fam_000498	tr|A0ACF5BUI5|A0ACF5BUI5_9PEZI	5
fam_000499	tr|A0ACF5BWC1|A0ACF5BWC1_9PEZI	5
fam_000500	tr|A0ACF5BYQ5|A0ACF5BYQ5_9PEZI	5
fam_000501	tr|A0ACF5C0D3|A0ACF5C0D3_9PEZI	2
fam_000502	tr|A0ACF5C4L4|A0ACF5C4L4_9PEZI	5
fam_000503	tr|A0ACF5C6Z0|A0ACF5C6Z0_9PEZI	2
fam_000504	tr|A0ACF5C9X0|A0ACF5C9X0_9PEZI	3
fam_000505	tr|A0ACF5CBQ7|A0ACF5CBQ7_9PEZI	2
fam_000506	tr|A0ACF5BQ20|A0ACF5BQ20_9PEZI	4
fam_000507	tr|A0ACF5BRE4|A0ACF5BRE4_9PEZI	4
fam_000508	tr|A0ACF5BS31|A0ACF5BS31_9PEZI	5
fam_000509	tr|A0ACF5BZ16|A0ACF5BZ16_9PEZI	3
fam_000510	tr|A0ACF5C2Q9|A0ACF5C2Q9_9PEZI	5
fam_000511	tr|A0ACF5C2X6|A0ACF5C2X6_9PEZI	2
fam_000512	tr|A0ACF5CAL4|A0ACF5CAL4_9PEZI	2
fam_000513	tr|A0ACF5BKU3|A0ACF5BKU3_9PEZI	4
fam_000514	tr|A0ACF5BLX9|A0ACF5BLX9_9PEZI	5
fam_000515	tr|A0ACF5BMJ4|A0ACF5BMJ4_9PEZI	3
fam_000516	tr|A0ACF5BN52|A0ACF5BN52_9PEZI	3
fam_000517	tr|A0ACF5BRX5|A0ACF5BRX5_9PEZI	5
fam_000518	tr|A0ACF5BU31|A0ACF5BU31_9PEZI	4
fam_000519	tr|A0ACF5BXD3|A0ACF5BXD3_9PEZI	2
fam_000520	tr|A0ACF5BY99|A0ACF5BY99_9PEZI	5
fam_000521	tr|A0ACF5C880|A0ACF5C880_9PEZI	5
fam_000522	tr|A0ACF5CA78|A0ACF5CA78_9PEZI	2
fam_000523	tr|A0ACF5CDL2|A0ACF5CDL2_9PEZI	5
fam_000524	tr|A0ACF5CEI6|A0ACF5CEI6_9PEZI	3
fam_000525	tr|A0ACF5BJG2|A0ACF5BJG2_9PEZI	3
fam_000526	tr|A0ACF5BL01|A0ACF5BL01_9PEZI	2
fam_000527	tr|A0ACF5BTY9|A0ACF5BTY9_9PEZI	4
fam_000528	tr|A0ACF5BVB9|A0ACF5BVB9_9PEZI	6
fam_000529	tr|A0ACF5BZL3|A0ACF5BZL3_9PEZI	5
fam_000530	tr|A0ACF5C870|A0ACF5C870_9PEZI	5
fam_000531	tr|A0ACF5C8G2|A0ACF5C8G2_9PEZI	4
fam_000532	tr|A0ACF5C8I8|A0ACF5C8I8_9PEZI	4
fam_000533	tr|A0ACF5C9X7|A0ACF5C9X7_9PEZI	4
fam_000534	tr|A0ACF5CF51|A0ACF5CF51_9PEZI	1
fam_000535	tr|A0ACF5CEF3|A0ACF5CEF3_9PEZI	1
fam_000536	tr|A0ACF5CH94|A0ACF5CH94_9PEZI	4
fam_000537	tr|A0ACF5CHN0|A0ACF5CHN0_9PEZI	4
fam_000538	tr|A0ACF5BKJ9|A0ACF5BKJ9_9PEZI	2
fam_000539	tr|A0ACF5BMU3|A0ACF5BMU3_9PEZI	1
fam_000540	tr|A0ACF5CAQ3|A0ACF5CAQ3_9PEZI	1
fam_000541	tr|A0ACF5BX27|A0ACF5BX27_9PEZI	5
fam_000542	tr|A0ACF5C236|A0ACF5C236_9PEZI	2
fam_000543	tr|A0ACF5C2B0|A0ACF5C2B0_9PEZI	5
fam_000544	tr|A0ACF5C6W6|A0ACF5C6W6_9PEZI	13
fam_000545	tr|A0ACF5CD80|A0ACF5CD80_9PEZI	5
fam_000546	tr|A0ACF5CFE3|A0ACF5CFE3_9PEZI	4
fam_000547	tr|A0ACF5BM45|A0ACF5BM45_9PEZI	4
fam_000548	tr|A0ACF5BPQ2|A0ACF5BPQ2_9PEZI	2
fam_000549	tr|A0ACF5BR79|A0ACF5BR79_9PEZI	3
fam_000550	tr|A0ACF5BS51|A0ACF5BS51_9PEZI	5
fam_000551	tr|A0ACF5BTS6|A0ACF5BTS6_9PEZI	2
fam_000552	tr|A0ACF5BWC3|A0ACF5BWC3_9PEZI	5
fam_000553	tr|A0ACF5C0H1|A0ACF5C0H1_9PEZI	2
fam_000554	tr|A0ACF5C116|A0ACF5C116_9PEZI	5
fam_000555	tr|A0ACF5C250|A0ACF5C250_9PEZI	3
fam_000556	tr|A0ACF5C3A4|A0ACF5C3A4_9PEZI	5
fam_000557	tr|A0ACF5C4J3|A0ACF5C4J3_9PEZI	5
fam_000558	tr|A0ACF5C6B2|A0ACF5C6B2_9PEZI	4
fam_000559	tr|A0ACF5C807|A0ACF5C807_9PEZI	4
fam_000560	tr|A0ACF5C919|A0ACF5C919_9PEZI	1
fam_000561	tr|A0ACF5C5X7|A0ACF5C5X7_9PEZI	1
fam_000562	tr|A0ACF5CD27|A0ACF5CD27_9PEZI	5
fam_000563	tr|A0ACF5CE68|A0ACF5CE68_9PEZI	5
fam_000564	tr|A0ACF5CG35|A0ACF5CG35_9PEZI	2
fam_000565	tr|A0ACF5CHR5|A0ACF5CHR5_9PEZI	5
fam_000566	tr|A0ACF5BKA7|A0ACF5BKA7_9PEZI	5
fam_000567	tr|A0ACF5BV11|A0ACF5BV11_9PEZI	2
fam_000568	tr|A0ACF5BVE5|A0ACF5BVE5_9PEZI	5
fam_000569	tr|A0ACF5C0B7|A0ACF5C0B7_9PEZI	2
fam_000570	tr|A0ACF5C2D4|A0ACF5C2D4_9PEZI	5
fam_000571	tr|A0ACF5C2Y3|A0ACF5C2Y3_9PEZI	2
fam_000572	tr|A0ACF5CD23|A0ACF5CD23_9PEZI	4
fam_000573	tr|A0ACF5CEA7|A0ACF5CEA7_9PEZI	4
fam_000574	tr|A0ACF5CHE2|A0ACF5CHE2_9PEZI	24
fam_000575	tr|A0ACF5BNQ4|A0ACF5BNQ4_9PEZI	5
fam_000576	tr|A0ACF5BQ62|A0ACF5BQ62_9PEZI	5
fam_000577	tr|A0ACF5BQK9|A0ACF5BQK9_9PEZI	5
fam_000578	tr|A0ACF5BTB3|A0ACF5BTB3_9PEZI	2
fam_000579	tr|A0ACF5BUL5|A0ACF5BUL5_9PEZI	5
fam_000580	tr|A0ACF5BVM0|A0ACF5BVM0_9PEZI	2
fam_000581	tr|A0ACF5BU01|A0ACF5BU01_9PEZI	1
fam_000582	tr|A0ACF5BYD8|A0ACF5BYD8_9PEZI	1
fam_000583	tr|A0ACF5C5W9|A0ACF5C5W9_9PEZI	1
fam_000584	tr|A0ACF5BYT6|A0ACF5BYT6_9PEZI	5
fam_000585	tr|A0ACF5C0S4|A0ACF5C0S4_9PEZI	5
fam_000586	tr|A0ACF5C0X8|A0ACF5C0X8_9PEZI	5
fam_000587	tr|A0ACF5C5K1|A0ACF5C5K1_9PEZI	5
fam_000588	tr|A0ACF5C5M4|A0ACF5C5M4_9PEZI	2
fam_000589	tr|A0ACF5CEJ9|A0ACF5CEJ9_9PEZI	1
fam_000590	tr|A0ACF5CCK3|A0ACF5CCK3_9PEZI	5
fam_000591	tr|A0ACF5CEX0|A0ACF5CEX0_9PEZI	7
fam_000592	tr|A0ACF5CHS6|A0ACF5CHS6_9PEZI	5
fam_000593	tr|A0ACF5CI94|A0ACF5CI94_9PEZI	2
fam_000594	tr|A0ACF5CIR2|A0ACF5CIR2_9PEZI	4
fam_000595	tr|A0ACF5BIF3|A0ACF5BIF3_9PEZI	2
fam_000596	tr|A0ACF5BKB8|A0ACF5BKB8_9PEZI	18
fam_000597	tr|A0ACF5BMH5|A0ACF5BMH5_9PEZI	5
fam_000598	tr|A0ACF5BQ78|A0ACF5BQ78_9PEZI	5
fam_000599	tr|A0ACF5BVC1|A0ACF5BVC1_9PEZI	10
fam_000600	tr|A0ACF5BXD7|A0ACF5BXD7_9PEZI	6
fam_000601	tr|A0ACF5C1N2|A0ACF5C1N2_9PEZI	5
fam_000602	tr|A0ACF5C2F7|A0ACF5C2F7_9PEZI	4
fam_000603	tr|A0ACF5CAX5|A0ACF5CAX5_9PEZI	5
fam_000604	tr|A0ACF5CDG2|A0ACF5CDG2_9PEZI	4
fam_000605	tr|A0ACF5CH34|A0ACF5CH34_9PEZI	3
fam_000606	tr|A0ACF5BII5|A0ACF5BII5_9PEZI	6
fam_000607	tr|A0ACF5BKV5|A0ACF5BKV5_9PEZI	5
fam_000608	tr|A0ACF5BKY2|A0ACF5BKY2_9PEZI	5
fam_000609	tr|A0ACF5BR18|A0ACF5BR18_9PEZI	1
fam_000610	tr|A0ACF5CIS6|A0ACF5CIS6_9PEZI	1
fam_000611	tr|A0ACF5CD20|A0ACF5CD20_9PEZI	6
fam_000612	tr|A0ACF5CEY2|A0ACF5CEY2_9PEZI	2
fam_000613	tr|A0ACF5CIE9|A0ACF5CIE9_9PEZI	5
fam_000614	tr|A0ACF5BMR7|A0ACF5BMR7_9PEZI	2
fam_000615	tr|A0ACF5BN90|A0ACF5BN90_9PEZI	3
fam_000616	tr|A0ACF5BTX9|A0ACF5BTX9_9PEZI	5
fam_000617	tr|A0ACF5BUU5|A0ACF5BUU5_9PEZI	5
fam_000618	tr|A0ACF5BV17|A0ACF5BV17_9PEZI	2
fam_000619	tr|A0ACF5BYZ3|A0ACF5BYZ3_9PEZI	3
fam_000620	tr|A0ACF5BZL7|A0ACF5BZL7_9PEZI	3
fam_000621	tr|A0ACF5CDY0|A0ACF5CDY0_9PEZI	5
fam_000622	tr|A0ACF5CFR8|A0ACF5CFR8_9PEZI	4
fam_000623	tr|A0ACF5CHQ8|A0ACF5CHQ8_9PEZI	2
fam_000624	tr|A0ACF5CIC0|A0ACF5CIC0_9PEZI	5
fam_000625	tr|A0ACF5BIU0|A0ACF5BIU0_9PEZI	4
fam_000626	tr|A0ACF5BJM4|A0ACF5BJM4_9PEZI	3
fam_000627	tr|A0ACF5BLA2|A0ACF5BLA2_9PEZI	5
fam_000628	tr|A0ACF5BMV4|A0ACF5BMV4_9PEZI	4
fam_000629	tr|A0ACF5BNA0|A0ACF5BNA0_9PEZI	6
fam_000630	tr|A0ACF5BSN6|A0ACF5BSN6_9PEZI	3
fam_000631	tr|A0ACF5BUW4|A0ACF5BUW4_9PEZI	5
fam_000632	tr|A0ACF5BV73|A0ACF5BV73_9PEZI	4
fam_000633	tr|A0ACF5BXH9|A0ACF5BXH9_9PEZI	5
fam_000634	tr|A0ACF5BZP6|A0ACF5BZP6_9PEZI	2
fam_000635	tr|A0ACF5C2P5|A0ACF5C2P5_9PEZI	5
fam_000636	tr|A0ACF5C3E8|A0ACF5C3E8_9PEZI	9
fam_000637	tr|A0ACF5C4A7|A0ACF5C4A7_9PEZI	5
fam_000638	tr|A0ACF5C5D9|A0ACF5C5D9_9PEZI	2
fam_000639	tr|A0ACF5CD00|A0ACF5CD00_9PEZI	5
fam_000640	tr|A0ACF5CFA4|A0ACF5CFA4_9PEZI	5
fam_000641	tr|A0ACF5CIS9|A0ACF5CIS9_9PEZI	2
fam_000642	tr|A0ACF5BJT5|A0ACF5BJT5_9PEZI	2
fam_000643	tr|A0ACF5BKM0|A0ACF5BKM0_9PEZI	4
fam_000644	tr|A0ACF5BP53|A0ACF5BP53_9PEZI	2
fam_000645	tr|A0ACF5BPF4|A0ACF5BPF4_9PEZI	4
fam_000646	tr|A0ACF5BT93|A0ACF5BT93_9PEZI	1
fam_000647	tr|A0ACF5BT27|A0ACF5BT27_9PEZI	2
fam_000648	tr|A0ACF5BV05|A0ACF5BV05_9PEZI	5
fam_000649	tr|A0ACF5BXZ0|A0ACF5BXZ0_9PEZI	1
fam_000650	tr|A0ACF5BVY2|A0ACF5BVY2_9PEZI	1
fam_000651	tr|A0ACF5BYK9|A0ACF5BYK9_9PEZI	5
fam_000652	tr|A0ACF5C4N3|A0ACF5C4N3_9PEZI	5
fam_000653	tr|A0ACF5C766|A0ACF5C766_9PEZI	3
fam_000654	tr|A0ACF5C800|A0ACF5C800_9PEZI	5
fam_000655	tr|A0ACF5C830|A0ACF5C830_9PEZI	4
fam_000656	tr|A0ACF5C867|A0ACF5C867_9PEZI	14
fam_000657	tr|A0ACF5CA10|A0ACF5CA10_9PEZI	4
fam_000658	tr|A0ACF5CH97|A0ACF5CH97_9PEZI	2
fam_000659	tr|A0ACF5BJI3|A0ACF5BJI3_9PEZI	1
fam_000660	tr|A0ACF5BKA0|A0ACF5BKA0_9PEZI	1
fam_000661	tr|A0ACF5BK58|A0ACF5BK58_9PEZI	2
fam_000662	tr|A0ACF5BKD1|A0ACF5BKD1_9PEZI	2
fam_000663	tr|A0ACF5BMN2|A0ACF5BMN2_9PEZI	4
fam_000664	tr|A0ACF5BQ66|A0ACF5BQ66_9PEZI	5
fam_000665	tr|A0ACF5BT63|A0ACF5BT63_9PEZI	5
fam_000666	tr|A0ACF5BUY6|A0ACF5BUY6_9PEZI	5
fam_000667	tr|A0ACF5BV84|A0ACF5BV84_9PEZI	5
fam_000668	tr|A0ACF5BVC6|A0ACF5BVC6_9PEZI	2
fam_000669	tr|A0ACF5BYA5|A0ACF5BYA5_9PEZI	3
fam_000670	tr|A0ACF5BZP8|A0ACF5BZP8_9PEZI	7
fam_000671	tr|A0ACF5C1Z5|A0ACF5C1Z5_9PEZI	6
fam_000672	tr|A0ACF5C2K3|A0ACF5C2K3_9PEZI	4
fam_000673	tr|A0ACF5C9W1|A0ACF5C9W1_9PEZI	5
fam_000674	tr|A0ACF5CEK2|A0ACF5CEK2_9PEZI	5
fam_000675	tr|A0ACF5CGB8|A0ACF5CGB8_9PEZI	4
fam_000676	tr|A0ACF5CGX5|A0ACF5CGX5_9PEZI	5
fam_000677	tr|A0ACF5BN53|A0ACF5BN53_9PEZI	2
fam_000678	tr|A0ACF5BW85|A0ACF5BW85_9PEZI	2
fam_000679	tr|A0ACF5C297|A0ACF5C297_9PEZI	2
fam_000680	tr|A0ACF5C5K2|A0ACF5C5K2_9PEZI	3
fam_000681	tr|A0ACF5C5R1|A0ACF5C5R1_9PEZI	5
fam_000682	tr|A0ACF5C736|A0ACF5C736_9PEZI	3
fam_000683	tr|A0ACF5C8I3|A0ACF5C8I3_9PEZI	1
fam_000684	tr|A0ACF5BJX3|A0ACF5BJX3_9PEZI	1
fam_000685	tr|A0ACF5CAI3|A0ACF5CAI3_9PEZI	5
fam_000686	tr|Q7RW89|Q7RW89_NEUCR	4
fam_000687	tr|Q7RZB1|Q7RZB1_NEUCR	4
fam_000688	tr|Q7S264|Q7S264_NEUCR	2
fam_000689	tr|Q7S5I4|Q7S5I4_NEUCR	2
fam_000690	tr|Q7S6A2|Q7S6A2_NEUCR	1
fam_000691	tr|Q7S272|Q7S272_NEUCR	1
fam_000692	tr|Q7SI49|Q7SI49_NEUCR	5
fam_000693	sp|V5IM60|RM39_NEUCR	3
fam_000694	tr|Q1K4Y2|Q1K4Y2_NEUCR	2
fam_000695	tr|Q1K8F5|Q1K8F5_NEUCR	5
fam_000696	tr|Q7RXJ1|Q7RXJ1_NEUCR	7
fam_000697	sp|Q7RZU4|SET2_NEUCR	5
fam_000698	tr|Q7S5H5|Q7S5H5_NEUCR	5
fam_000699	tr|Q7S6A0|Q7S6A0_NEUCR	4
fam_000700	tr|Q7SB33|Q7SB33_NEUCR	15
fam_000701	sp|Q7SBC6|DBP2_NEUCR	9
fam_000702	tr|Q7SDU7|Q7SDU7_NEUCR	5
fam_000703	tr|Q7SFH4|Q7SFH4_NEUCR	2
fam_000704	sp|Q871V2|PMP3_NEUCR	5
fam_000705	tr|V5IN80|V5IN80_NEUCR	5
fam_000706	tr|V5IQ54|V5IQ54_NEUCR	6
fam_000707	sp|P78713|VATG_NEUCR	4
fam_000708	tr|Q1K536|Q1K536_NEUCR	5
fam_000709	tr|Q1K726|Q1K726_NEUCR	5
fam_000710	tr|Q7S8S4|Q7S8S4_NEUCR	4
fam_000711	tr|Q7SBH9|Q7SBH9_NEUCR	5
fam_000712	tr|Q7SBX0|Q7SBX0_NEUCR	4
fam_000713	sp|Q8J1Z1|TIM9_NEUCR	4
fam_000714	sp|U9W8F2|RM31_NEUCR	3
fam_000715	tr|Q1K6B5|Q1K6B5_NEUCR	3
fam_000716	tr|Q1K702|Q1K702_NEUCR	2
fam_000717	tr|Q1K7T6|Q1K7T6_NEUCR	4
fam_000718	tr|Q7RX22|Q7RX22_NEUCR	2
fam_000719	tr|Q7RXU8|Q7RXU8_NEUCR	25
fam_000720	tr|Q7S1T6|Q7S1T6_NEUCR	5
fam_000721	tr|Q7S3W1|Q7S3W1_NEUCR	10
fam_000722	tr|Q7S434|Q7S434_NEUCR	4
fam_000723	tr|Q7S4G1|Q7S4G1_NEUCR	5
fam_000724	tr|Q7S647|Q7S647_NEUCR	2
fam_000725	tr|Q7S6S7|Q7S6S7_NEUCR	4
fam_000726	tr|Q7S7Z9|Q7S7Z9_NEUCR	5
fam_000727	tr|Q7SH95|Q7SH95_NEUCR	2
fam_000728	tr|Q7SHR1|Q7SHR1_NEUCR	5
fam_000729	tr|V5ILT0|V5ILT0_NEUCR	1
fam_000730	tr|Q7S753|Q7S753_NEUCR	1
fam_000731	tr|A0ACF5C0Y2|A0ACF5C0Y2_9PEZI	1
fam_000732	tr|Q4WJ11|Q4WJ11_ASPFU	1
fam_000733	tr|J3KLL1|J3KLL1_COCIM	1
fam_000734	tr|V5IP51|V5IP51_NEUCR	6
fam_000735	sp|P00365|DHE2_NEUCR	5
fam_000736	tr|Q7RZR5|Q7RZR5_NEUCR	5
fam_000737	tr|Q7S8G8|Q7S8G8_NEUCR	2
fam_000738	tr|Q7S9W0|Q7S9W0_NEUCR	4
fam_000739	tr|Q7SE79|Q7SE79_NEUCR	5
fam_000740	tr|Q7RXZ5|Q7RXZ5_NEUCR	2
fam_000741	tr|Q7S6D3|Q7S6D3_NEUCR	3
fam_000742	tr|Q7S6F2|Q7S6F2_NEUCR	5
fam_000743	tr|Q7SFL8|Q7SFL8_NEUCR	2
fam_000744	tr|Q7SG33|Q7SG33_NEUCR	5
fam_000745	tr|U9WH41|U9WH41_NEUCR	3
fam_000746	tr|V5ILA1|V5ILA1_NEUCR	5
fam_000747	sp|P19212|NIT2_NEUCR	3
fam_000748	tr|Q1K6I2|Q1K6I2_NEUCR	2
fam_000749	sp|Q1K8F8|PEX7_NEUCR	5
fam_000750	sp|Q35135|IEND3_NEUCR	2
fam_000751	tr|Q7RX89|Q7RX89_NEUCR	1
fam_000752	tr|Q7S6B8|Q7S6B8_NEUCR	1
fam_000753	tr|Q7S766|Q7S766_NEUCR	5
fam_000754	tr|Q7SAR3|Q7SAR3_NEUCR	4
fam_000755	tr|Q7SGW6|Q7SGW6_NEUCR	4
fam_000756	sp|Q9P326|PRO1_NEUCR	6
fam_000757	tr|A7UWD3|A7UWD3_NEUCR	2
fam_000758	sp|Q6MWS8|PPIL3_NEUCR	9
fam_000759	tr|Q7S7J6|Q7S7J6_NEUCR	5
fam_000760	tr|Q7S7K3|Q7S7K3_NEUCR	29
fam_000761	tr|Q7SHT7|Q7SHT7_NEUCR	3
fam_000762	sp|Q871R7|YOP1_NEUCR	5
fam_000763	tr|V5IQ94|V5IQ94_NEUCR	5
fam_000764	tr|F9XA99|F9XA99_ZYMTI	3
fam_000765	tr|F9XAC2|F9XAC2_ZYMTI	5
fam_000766	tr|F9XAQ2|F9XAQ2_ZYMTI	5
fam_000767	tr|F9XBB0|F9XBB0_ZYMTI	6
fam_000768	tr|F9XDT2|F9XDT2_ZYMTI	5
fam_000769	tr|F9XGY5|F9XGY5_ZYMTI	3
fam_000770	tr|F9XHI2|F9XHI2_ZYMTI	5
fam_000771	tr|F9XHP6|F9XHP6_ZYMTI	2
fam_000772	tr|F9XJX9|F9XJX9_ZYMTI	5
fam_000773	tr|F9XM40|F9XM40_ZYMTI	5
fam_000774	tr|F9XQH7|F9XQH7_ZYMTI	1
fam_000775	tr|F9X6I7|F9X6I7_ZYMTI	1
fam_000776	tr|F9WZP0|F9WZP0_ZYMTI	5
fam_000777	tr|F9X187|F9X187_ZYMTI	4
fam_000778	tr|F9X455|F9X455_ZYMTI	2
fam_000779	tr|F9X479|F9X479_ZYMTI	3
fam_000780	tr|F9X6D0|F9X6D0_ZYMTI	5
fam_000781	tr|F9X8G6|F9X8G6_ZYMTI	2
fam_000782	tr|F9X9I3|F9X9I3_ZYMTI	3
fam_000783	tr|F9XDT8|F9XDT8_ZYMTI	6
fam_000784	tr|F9XFZ4|F9XFZ4_ZYMTI	2
fam_000785	tr|F9XII6|F9XII6_ZYMTI	3
fam_000786	tr|F9XK15|F9XK15_ZYMTI	5
fam_000787	tr|F9XMT8|F9XMT8_ZYMTI	3
fam_000788	tr|F9WWB3|F9WWB3_ZYMTI	3
fam_000789	tr|F9WWX0|F9WWX0_ZYMTI	5
fam_000790	tr|F9WY18|F9WY18_ZYMTI	1
fam_000791	tr|F9XGL6|F9XGL6_ZYMTI	1
fam_000792	tr|F9X0T7|F9X0T7_ZYMTI	6
fam_000793	tr|F9X3E3|F9X3E3_ZYMTI	4
fam_000794	tr|F9X804|F9X804_ZYMTI	4
fam_000795	tr|F9X882|F9X882_ZYMTI	4
fam_000796	tr|F9XAK6|F9XAK6_ZYMTI	2
fam_000797	tr|F9XC73|F9XC73_ZYMTI	5
fam_000798	tr|F9XHR8|F9XHR8_ZYMTI	2
fam_000799	tr|F9XKX5|F9XKX5_ZYMTI	2
fam_000800	tr|F9XLG5|F9XLG5_ZYMTI	3
fam_000801	tr|F9XNU4|F9XNU4_ZYMTI	3
fam_000802	tr|F9XPM3|F9XPM3_ZYMTI	3
fam_000803	tr|F9XPN2|F9XPN2_ZYMTI	6
fam_000804	tr|F9XQ29|F9XQ29_ZYMTI	2
fam_000805	tr|F9X114|F9X114_ZYMTI	4
fam_000806	tr|F9X212|F9X212_ZYMTI	3
fam_000807	tr|F9X3L9|F9X3L9_ZYMTI	3
fam_000808	tr|F9X8R0|F9X8R0_ZYMTI	2
fam_000809	tr|F9XAH0|F9XAH0_ZYMTI	4
fam_000810	tr|F9XJC1|F9XJC1_ZYMTI	4
fam_000811	tr|F9XP14|F9XP14_ZYMTI	3
fam_000812	tr|F9XQI2|F9XQI2_ZYMTI	3
fam_000813	tr|F9WX27|F9WX27_ZYMTI	2
fam_000814	tr|F9WZU7|F9WZU7_ZYMTI	4
fam_000815	tr|F9X2A7|F9X2A7_ZYMTI	7
fam_000816	tr|F9X3H2|F9X3H2_ZYMTI	4
fam_000817	tr|F9X4P4|F9X4P4_ZYMTI	4
fam_000818	tr|F9XCC6|F9XCC6_ZYMTI	10
fam_000819	tr|F9XHK6|F9XHK6_ZYMTI	5
fam_000820	tr|F9XIB2|F9XIB2_ZYMTI	4
fam_000821	tr|F9XML7|F9XML7_ZYMTI	3
fam_000822	tr|F9XHJ1|F9XHJ1_ZYMTI	13
fam_000823	tr|F9XHQ5|F9XHQ5_ZYMTI	5
fam_000824	tr|F9XKS4|F9XKS4_ZYMTI	7
fam_000825	tr|F9XMA5|F9XMA5_ZYMTI	5
fam_000826	tr|F9XNU7|F9XNU7_ZYMTI	4
fam_000827	tr|F9XS74|F9XS74_ZYMTI	2
fam_000828	tr|F9WW30|F9WW30_ZYMTI	5
fam_000829	tr|F9WWH1|F9WWH1_ZYMTI	5
fam_000830	tr|F9WXD5|F9WXD5_ZYMTI	2
fam_000831	tr|F9WXX3|F9WXX3_ZYMTI	4
fam_000832	tr|F9X0H0|F9X0H0_ZYMTI	10
fam_000833	tr|F9X199|F9X199_ZYMTI	5
fam_000834	tr|F9X4Y7|F9X4Y7_ZYMTI	2
fam_000835	tr|F9X5Z6|F9X5Z6_ZYMTI	4
fam_000836	tr|F9X8E9|F9X8E9_ZYMTI	5
fam_000837	tr|F9XAV8|F9XAV8_ZYMTI	5
fam_000838	tr|F9XC65|F9XC65_ZYMTI	2
fam_000839	tr|F9XEM3|F9XEM3_ZYMTI	3
fam_000840	tr|F9XF54|F9XF54_ZYMTI	4
fam_000841	tr|F9XGU7|F9XGU7_ZYMTI	5
fam_000842	tr|F9XKL8|F9XKL8_ZYMTI	4
fam_000843	tr|F9XLL9|F9XLL9_ZYMTI	5
fam_000844	tr|F9XNW2|F9XNW2_ZYMTI	4
fam_000845	tr|F9WY28|F9WY28_ZYMTI	2
fam_000846	tr|F9WYX3|F9WYX3_ZYMTI	5
fam_000847	tr|F9WZR2|F9WZR2_ZYMTI	2
fam_000848	tr|F9WZT4|F9WZT4_ZYMTI	4
fam_000849	tr|F9X233|F9X233_ZYMTI	2
fam_000850	tr|F9X3U1|F9X3U1_ZYMTI	3
fam_000851	tr|F9X636|F9X636_ZYMTI	2
fam_000852	tr|F9XBT8|F9XBT8_ZYMTI	2
fam_000853	tr|F9XC08|F9XC08_ZYMTI	2
fam_000854	tr|F9XDD5|F9XDD5_ZYMTI	3
fam_000855	tr|F9XJK8|F9XJK8_ZYMTI	8
fam_000856	tr|F9XKG8|F9XKG8_ZYMTI	3
fam_000857	tr|F9XNB1|F9XNB1_ZYMTI	4
fam_000858	tr|F9XRJ7|F9XRJ7_ZYMTI	2
fam_000859	tr|F9WWF8|F9WWF8_ZYMTI	4
fam_000860	tr|F9WXN1|F9WXN1_ZYMTI	6
fam_000861	tr|F9WXS1|F9WXS1_ZYMTI	9
fam_000862	tr|F9WXU1|F9WXU1_ZYMTI	5
fam_000863	tr|F9WZB1|F9WZB1_ZYMTI	8
fam_000864	tr|F9X109|F9X109_ZYMTI	2
fam_000865	tr|F9X267|F9X267_ZYMTI	2
fam_000866	tr|F9X3S2|F9X3S2_ZYMTI	5
fam_000867	tr|F9X400|F9X400_ZYMTI	2
fam_000868	tr|F9X924|F9X924_ZYMTI	1
fam_000869	tr|F9X7T8|F9X7T8_ZYMTI	10
fam_000870	tr|F9X866|F9X866_ZYMTI	5
fam_000871	tr|F9XBQ2|F9XBQ2_ZYMTI	4
fam_000872	tr|F9XBY8|F9XBY8_ZYMTI	9
fam_000873	tr|F9XHR0|F9XHR0_ZYMTI	4
fam_000874	tr|F9XK54|F9XK54_ZYMTI	5
fam_000875	tr|F9XN46|F9XN46_ZYMTI	6
fam_000876	tr|F9XNK2|F9XNK2_ZYMTI	15
fam_000877	tr|F9XS71|F9XS71_ZYMTI	3
fam_000878	tr|F9WWA1|F9WWA1_ZYMTI	3
fam_000879	tr|F9WX31|F9WX31_ZYMTI	2
fam_000880	tr|F9WY65|F9WY65_ZYMTI	4
fam_000881	tr|F9X098|F9X098_ZYMTI	3
fam_000882	tr|F9X286|F9X286_ZYMTI	4
fam_000883	tr|F9X3V4|F9X3V4_ZYMTI	4
fam_000884	tr|F9X4U5|F9X4U5_ZYMTI	5
fam_000885	tr|F9X4Z1|F9X4Z1_ZYMTI	2
fam_000886	tr|F9XFZ2|F9XFZ2_ZYMTI	1
fam_000887	tr|F9XFA3|F9XFA3_ZYMTI	1
fam_000888	tr|F9XHE9|F9XHE9_ZYMTI	5
fam_000889	tr|F9XHN7|F9XHN7_ZYMTI	4
fam_000890	tr|F9XJI6|F9XJI6_ZYMTI	3
fam_000891	tr|F9XLU2|F9XLU2_ZYMTI	5
fam_000892	tr|F9XMB2|F9XMB2_ZYMTI	3
fam_000893	tr|F9XMJ0|F9XMJ0_ZYMTI	5
fam_000894	tr|F9XMY1|F9XMY1_ZYMTI	3
fam_000895	tr|F9XPM6|F9XPM6_ZYMTI	4
fam_000896	tr|F9WWJ9|F9WWJ9_ZYMTI	3
fam_000897	tr|F9WXZ7|F9WXZ7_ZYMTI	10
fam_000898	tr|F9X162|F9X162_ZYMTI	6
fam_000899	tr|F9X340|F9X340_ZYMTI	5
fam_000900	tr|F9X3G2|F9X3G2_ZYMTI	3
fam_000901	tr|F9X6C4|F9X6C4_ZYMTI	5
fam_000902	tr|F9X7L9|F9X7L9_ZYMTI	2
fam_000903	tr|F9X8S5|F9X8S5_ZYMTI	5
fam_000904	tr|F9XC44|F9XC44_ZYMTI	2
fam_000905	tr|F9XDU3|F9XDU3_ZYMTI	5
fam_000906	tr|F9XMD4|F9XMD4_ZYMTI	2
fam_000907	tr|F9XNL8|F9XNL8_ZYMTI	5
fam_000908	tr|F9XPV2|F9XPV2_ZYMTI	2
fam_000909	tr|F9WYE4|F9WYE4_ZYMTI	5
fam_000910	tr|F9WYF1|F9WYF1_ZYMTI	5
fam_000911	tr|F9X040|F9X040_ZYMTI	4
fam_000912	tr|F9X2B7|F9X2B7_ZYMTI	3
fam_000913	tr|F9X8F6|F9X8F6_ZYMTI	2
fam_000914	tr|F9XF78|F9XF78_ZYMTI	2
fam_000915	tr|F9XPZ9|F9XPZ9_ZYMTI	4
fam_000916	tr|F9XRQ2|F9XRQ2_ZYMTI	2
fam_000917	tr|F9WWU7|F9WWU7_ZYMTI	5
fam_000918	tr|F9WXY9|F9WXY9_ZYMTI	5
fam_000919	tr|F9WY79|F9WY79_ZYMTI	7
fam_000920	tr|F9WZZ6|F9WZZ6_ZYMTI	4
fam_000921	tr|F9X3F9|F9X3F9_ZYMTI	7
fam_000922	tr|F9X4E8|F9X4E8_ZYMTI	5
fam_000923	tr|F9X543|F9X543_ZYMTI	5
fam_000924	tr|F9X777|F9X777_ZYMTI	4
fam_000925	tr|F9X7J3|F9X7J3_ZYMTI	5
fam_000926	tr|F9X946|F9X946_ZYMTI	2
fam_000927	tr|F9XBT9|F9XBT9_ZYMTI	5
fam_000928	tr|F9XDA3|F9XDA3_ZYMTI	4
fam_000929	tr|F9XDM6|F9XDM6_ZYMTI	3
fam_000930	tr|F9XFC5|F9XFC5_ZYMTI	2
fam_000931	tr|F9XG59|F9XG59_ZYMTI	5
fam_000932	tr|F9XI63|F9XI63_ZYMTI	1
fam_000933	tr|F9XPY8|F9XPY8_ZYMTI	1
fam_000934	tr|F9XK12|F9XK12_ZYMTI	4
fam_000935	tr|F9XNP7|F9XNP7_ZYMTI	4
fam_000936	tr|F9XQP8|F9XQP8_ZYMTI	2
fam_000937	tr|F9WZN6|F9WZN6_ZYMTI	2
fam_000938	tr|F9X793|F9X793_ZYMTI	2
fam_000939	tr|F9X9J6|F9X9J6_ZYMTI	5
fam_000940	tr|F9XB02|F9XB02_ZYMTI	2
fam_000941	tr|F9XF11|F9XF11_ZYMTI	4
fam_000942	sp|Q4W9I3|ER25B_ASPFU	5
fam_000943	tr|Q4WAU3|Q4WAU3_ASPFU	2
fam_000944	tr|Q4WCJ8|Q4WCJ8_ASPFU	4
fam_000945	tr|Q4WEX9|Q4WEX9_ASPFU	3
fam_000946	tr|Q4WGC9|Q4WGC9_ASPFU	2
fam_000947	tr|Q4WIQ1|Q4WIQ1_ASPFU	4
fam_000948	sp|Q4WKD7|NPL4_ASPFU	5
fam_000949	tr|Q4WNB4|Q4WNB4_ASPFU	2
fam_000950	tr|Q4WNF0|Q4WNF0_ASPFU	2
fam_000951	tr|Q4WP48|Q4WP48_ASPFU	2
fam_000952	tr|Q4WRZ4|Q4WRZ4_ASPFU	5
fam_000953	tr|Q4WSZ7|Q4WSZ7_ASPFU	5
fam_000954	tr|Q4WTB0|Q4WTB0_ASPFU	42
fam_000955	tr|Q4WTU8|Q4WTU8_ASPFU	5
fam_000956	tr|Q4WVR2|Q4WVR2_ASPFU	5
fam_000957	tr|Q4WX86|Q4WX86_ASPFU	5
fam_000958	tr|Q4WYA2|Q4WYA2_ASPFU	3
fam_000959	tr|Q4WZK4|Q4WZK4_ASPFU	2
fam_000960	sp|Q4WZL8|PFA3_ASPFU	2
fam_000961	tr|Q4X107|Q4X107_ASPFU	2
fam_000962	sp|Q9UVX3|NMT_ASPFU	4
fam_000963	tr|A4D9Z2|A4D9Z2_ASPFU	2
fam_000964	tr|E9R0G9|E9R0G9_ASPFU	2
fam_000965	sp|E9RBR0|ABR2_ASPFU	1
fam_000966	tr|Q4WRN7|Q4WRN7_ASPFU	1
fam_000967	tr|Q4W941|Q4W941_ASPFU	13
fam_000968	tr|Q4WBW9|Q4WBW9_ASPFU	2
fam_000969	tr|Q4WC89|Q4WC89_ASPFU	5
fam_000970	tr|Q4WD93|Q4WD93_ASPFU	5
fam_000971	tr|Q4WJ39|Q4WJ39_ASPFU	3
fam_000972	tr|Q4WJB9|Q4WJB9_ASPFU	2
fam_000973	tr|Q4WKL9|Q4WKL9_ASPFU	4
fam_000974	tr|Q4WM87|Q4WM87_ASPFU	5
fam_000975	tr|Q4WN52|Q4WN52_ASPFU	3
fam_000976	tr|Q4WPX9|Q4WPX9_ASPFU	2
fam_000977	tr|Q4WRU3|Q4WRU3_ASPFU	2
fam_000978	tr|Q4WT72|Q4WT72_ASPFU	5
fam_000979	tr|Q4WTQ0|Q4WTQ0_ASPFU	5
fam_000980	tr|Q4WTY5|Q4WTY5_ASPFU	4
fam_000981	tr|Q4WVI4|Q4WVI4_ASPFU	5
fam_000982	tr|Q4WVW8|Q4WVW8_ASPFU	2
fam_000983	tr|Q4WWU0|Q4WWU0_ASPFU	4
fam_000984	sp|Q4X0B0|ATG17_ASPFU	3
fam_000985	tr|Q4X012|Q4X012_ASPFU	4
fam_000986	tr|Q4X019|Q4X019_ASPFU	4
fam_000987	tr|Q4X263|Q4X263_ASPFU	3
fam_000988	tr|A4D9B3|A4D9B3_ASPFU	6
fam_000989	tr|A4D9M8|A4D9M8_ASPFU	4
fam_000990	tr|H9CJQ0|H9CJQ0_ASPFU	2
fam_000991	tr|H9CJQ4|H9CJQ4_ASPFU	2
fam_000992	tr|Q4W9T4|Q4W9T4_ASPFU	15
fam_000993	tr|Q4WAC1|Q4WAC1_ASPFU	3
fam_000994	sp|Q4WAW8|FTME_ASPFU	2
fam_000995	tr|Q4WD20|Q4WD20_ASPFU	2
fam_000996	tr|Q4WEI0|Q4WEI0_ASPFU	15
fam_000997	tr|Q4WFP8|Q4WFP8_ASPFU	7
fam_000998	tr|Q4WH45|Q4WH45_ASPFU	2
fam_000999	sp|Q4WHF8|REXO4_ASPFU	4
fam_001000	tr|Q4WI51|Q4WI51_ASPFU	3
fam_001001	tr|Q4WI92|Q4WI92_ASPFU	5
fam_001002	sp|Q4WK40|CTF1_ASPFU	3
fam_001003	tr|Q4WMX4|Q4WMX4_ASPFU	5
fam_001004	tr|Q4WPG6|Q4WPG6_ASPFU	3
fam_001005	tr|Q4WSH7|Q4WSH7_ASPFU	4
fam_001006	tr|Q4WTJ7|Q4WTJ7_ASPFU	3
fam_001007	tr|Q4WU41|Q4WU41_ASPFU	4
fam_001008	tr|Q4WWH4|Q4WWH4_ASPFU	5
fam_001009	tr|Q4X0F7|Q4X0F7_ASPFU	10
fam_001010	tr|Q4X1D8|Q4X1D8_ASPFU	5
fam_001011	tr|Q4X256|Q4X256_ASPFU	3
fam_001012	sp|Q8TGG5|SEY1_ASPFU	5
fam_001013	tr|E9QQX5|E9QQX5_ASPFU	7
fam_001014	tr|H9CJQ7|H9CJQ7_ASPFU	2
fam_001015	tr|Q4W9B0|Q4W9B0_ASPFU	2
fam_001016	tr|Q4W9M8|Q4W9M8_ASPFU	4
fam_001017	tr|Q4W9Q0|Q4W9Q0_ASPFU	3
fam_001018	tr|Q4WAG5|Q4WAG5_ASPFU	5
fam_001019	tr|Q4WG10|Q4WG10_ASPFU	7
fam_001020	sp|Q4WI16|TIM50_ASPFU	5
fam_001021	tr|Q4WL33|Q4WL33_ASPFU	4
fam_001022	tr|Q4WWA1|Q4WWA1_ASPFU	1
fam_001023	tr|Q4WLM2|Q4WLM2_ASPFU	3
fam_001024	tr|Q4WTQ1|Q4WTQ1_ASPFU	5
fam_001025	tr|Q4WUU9|Q4WUU9_ASPFU	1
fam_001026	tr|Q4WCN3|Q4WCN3_ASPFU	1
fam_001027	tr|Q4WVX1|Q4WVX1_ASPFU	2
fam_001028	sp|Q4WWM8|SEC2_ASPFU	2
fam_001029	tr|Q4WWU9|Q4WWU9_ASPFU	4
fam_001030	tr|Q4WX80|Q4WX80_ASPFU	5
fam_001031	tr|Q4WXL0|Q4WXL0_ASPFU	5
fam_001032	tr|Q4WYJ4|Q4WYJ4_ASPFU	5
fam_001033	sp|Q4X1K0|CCSA_ASPFU	4
fam_001034	tr|Q4X1Q8|Q4X1Q8_ASPFU	2
fam_001035	tr|Q4WF01|Q4WF01_ASPFU	2
fam_001036	tr|Q4WG26|Q4WG26_ASPFU	2
fam_001037	tr|Q4WK00|Q4WK00_ASPFU	2
fam_001038	tr|Q4WKH5|Q4WKH5_ASPFU	5
fam_001039	tr|Q4WKR1|Q4WKR1_ASPFU	5
fam_001040	tr|Q4WMP6|Q4WMP6_ASPFU	5
fam_001041	tr|Q4WNE6|Q4WNE6_ASPFU	2
fam_001042	sp|Q4WT99|PRP5_ASPFU	5
fam_001043	tr|Q4WTL9|Q4WTL9_ASPFU	4
fam_001044	tr|Q4WYD2|Q4WYD2_ASPFU	4
fam_001045	tr|Q4WZ80|Q4WZ80_ASPFU	6
fam_001046	tr|Q4X1U9|Q4X1U9_ASPFU	2
fam_001047	tr|Q4W9K0|Q4W9K0_ASPFU	2
fam_001048	tr|Q4WAQ2|Q4WAQ2_ASPFU	5
fam_001049	tr|Q4WAR1|Q4WAR1_ASPFU	2
fam_001050	tr|Q4WBX9|Q4WBX9_ASPFU	2
fam_001051	sp|Q4WDK5|DXO_ASPFU	5
fam_001052	tr|Q4WE56|Q4WE56_ASPFU	2
fam_001053	tr|Q4WIA1|Q4WIA1_ASPFU	2
fam_001054	tr|Q4WII1|Q4WII1_ASPFU	8
fam_001055	tr|Q4WIJ4|Q4WIJ4_ASPFU	5
fam_001056	tr|Q4WJJ4|Q4WJJ4_ASPFU	8
fam_001057	tr|Q4WK28|Q4WK28_ASPFU	5
fam_001058	tr|Q4WKU0|Q4WKU0_ASPFU	2
fam_001059	tr|Q4WST6|Q4WST6_ASPFU	5
fam_001060	tr|Q4WUW3|Q4WUW3_ASPFU	5
fam_001061	tr|Q4WV49|Q4WV49_ASPFU	5
fam_001062	tr|Q4WVT1|Q4WVT1_ASPFU	5
fam_001063	tr|Q4WVU6|Q4WVU6_ASPFU	4
fam_001064	tr|Q4WVV9|Q4WVV9_ASPFU	5
fam_001065	tr|Q4X0D7|Q4X0D7_ASPFU	2
fam_001066	tr|Q4W9S3|Q4W9S3_ASPFU	2
fam_001067	tr|Q4WB20|Q4WB20_ASPFU	2
fam_001068	tr|Q4WEH4|Q4WEH4_ASPFU	5
fam_001069	tr|Q4WLS0|Q4WLS0_ASPFU	5
fam_001070	tr|Q4WPA6|Q4WPA6_ASPFU	3
fam_001071	tr|Q4WQL7|Q4WQL7_ASPFU	4
fam_001072	tr|Q4WR84|Q4WR84_ASPFU	3
fam_001073	tr|Q4WRD5|Q4WRD5_ASPFU	5
fam_001074	tr|Q4WRT6|Q4WRT6_ASPFU	6
fam_001075	tr|Q4WTJ0|Q4WTJ0_ASPFU	3
fam_001076	tr|Q4WVT4|Q4WVT4_ASPFU	4
fam_001077	tr|Q4WWI6|Q4WWI6_ASPFU	5
fam_001078	tr|Q4WWR0|Q4WWR0_ASPFU	5
fam_001079	tr|Q4WX02|Q4WX02_ASPFU	4
fam_001080	sp|Q4WYQ4|NSDD_ASPFU	5
fam_001081	tr|Q4X0E6|Q4X0E6_ASPFU	5
fam_001082	sp|Q4X0I8|FIS1_ASPFU	4
fam_001083	tr|A4D9G0|A4D9G0_ASPFU	3
fam_001084	tr|Q4WA27|Q4WA27_ASPFU	3
fam_001085	tr|Q4WAN5|Q4WAN5_ASPFU	4
fam_001086	tr|Q4WAS7|Q4WAS7_ASPFU	4
fam_001087	tr|Q4WCN0|Q4WCN0_ASPFU	4
fam_001088	tr|Q4WCU8|Q4WCU8_ASPFU	13
fam_001089	tr|Q4WEZ5|Q4WEZ5_ASPFU	4
fam_001090	tr|Q4WGJ6|Q4WGJ6_ASPFU	4
fam_001091	tr|Q4WGP7|Q4WGP7_ASPFU	2
fam_001092	sp|Q4WHG0|CEF1_ASPFU	5
fam_001093	sp|Q4WI37|CG121_ASPFU	5
fam_001094	tr|Q4WII4|Q4WII4_ASPFU	4
fam_001095	tr|Q4WIZ4|Q4WIZ4_ASPFU	2
fam_001096	tr|Q4WNW4|Q4WNW4_ASPFU	2
fam_001097	tr|Q4WPZ4|Q4WPZ4_ASPFU	5
fam_001098	tr|Q4WQ50|Q4WQ50_ASPFU	10
fam_001099	tr|Q4WQK7|Q4WQK7_ASPFU	3
fam_001100	tr|Q4WRF3|Q4WRF3_ASPFU	5
fam_001101	tr|Q4WSP1|Q4WSP1_ASPFU	5
fam_001102	tr|Q4WU37|Q4WU37_ASPFU	3
fam_001103	tr|Q4WUT2|Q4WUT2_ASPFU	4
fam_001104	tr|Q4X0M9|Q4X0M9_ASPFU	2
fam_001105	tr|Q4X0X3|Q4X0X3_ASPFU	3
fam_001106	tr|Q4X227|Q4X227_ASPFU	27
fam_001107	tr|A4D9S0|A4D9S0_ASPFU	5
fam_001108	tr|Q4WA55|Q4WA55_ASPFU	2
fam_001109	tr|Q4WF88|Q4WF88_ASPFU	3
fam_001110	tr|Q4WHG8|Q4WHG8_ASPFU	5
fam_001111	tr|Q4WHG9|Q4WHG9_ASPFU	5
fam_001112	tr|Q4WI75|Q4WI75_ASPFU	2
fam_001113	tr|Q4WL15|Q4WL15_ASPFU	3
fam_001114	tr|Q4WN37|Q4WN37_ASPFU	5
fam_001115	tr|Q4WQM3|Q4WQM3_ASPFU	3
fam_001116	tr|Q4WSZ1|Q4WSZ1_ASPFU	3
fam_001117	tr|Q4WSZ3|Q4WSZ3_ASPFU	3
fam_001118	tr|Q4WUX9|Q4WUX9_ASPFU	4
fam_001119	tr|Q4WXP2|Q4WXP2_ASPFU	4
fam_001120	tr|Q4WY02|Q4WY02_ASPFU	5
fam_001121	tr|Q4WYF3|Q4WYF3_ASPFU	7
fam_001122	tr|Q4WZQ2|Q4WZQ2_ASPFU	3
fam_001123	tr|Q4WZQ4|Q4WZQ4_ASPFU	4
fam_001124	tr|Q4X0C0|Q4X0C0_ASPFU	2
fam_001125	tr|A4D999|A4D999_ASPFU	4
fam_001126	tr|A4DA82|A4DA82_ASPFU	2
fam_001127	tr|Q4WC39|Q4WC39_ASPFU	3
fam_001128	tr|Q4WCF2|Q4WCF2_ASPFU	5
fam_001129	tr|Q4WDT3|Q4WDT3_ASPFU	3
fam_001130	tr|Q4WEL5|Q4WEL5_ASPFU	5
fam_001131	tr|Q4WG70|Q4WG70_ASPFU	2
fam_001132	tr|Q4WJ08|Q4WJ08_ASPFU	2
fam_001133	tr|Q4WJ91|Q4WJ91_ASPFU	2
fam_001134	tr|Q4WKD1|Q4WKD1_ASPFU	2
fam_001135	tr|Q4WM63|Q4WM63_ASPFU	2
fam_001136	tr|Q4WMZ9|Q4WMZ9_ASPFU	2
fam_001137	tr|Q4WN86|Q4WN86_ASPFU	4
fam_001138	tr|Q4WNG6|Q4WNG6_ASPFU	5
fam_001139	tr|Q4WPH7|Q4WPH7_ASPFU	2
fam_001140	tr|Q4WPS4|Q4WPS4_ASPFU	2
fam_001141	tr|Q4WR70|Q4WR70_ASPFU	7
fam_001142	tr|Q4WUB1|Q4WUB1_ASPFU	5
fam_001143	tr|Q4X0M8|Q4X0M8_ASPFU	3
fam_001144	sp|Q4X1Q4|ADE_ASPFU	2
fam_001145	tr|A4D9E3|A4D9E3_ASPFU	3
fam_001146	tr|A4D9F2|A4D9F2_ASPFU	2
fam_001147	tr|E9R728|E9R728_ASPFU	2
fam_001148	tr|Q4WCG4|Q4WCG4_ASPFU	3
fam_001149	tr|Q4WCQ9|Q4WCQ9_ASPFU	2
fam_001150	tr|Q4WCZ0|Q4WCZ0_ASPFU	3
fam_001151	tr|Q4WCZ3|Q4WCZ3_ASPFU	5
fam_001152	tr|Q4WGA9|Q4WGA9_ASPFU	2
fam_001153	tr|Q4WGV5|Q4WGV5_ASPFU	3
fam_001154	tr|Q4WKQ4|Q4WKQ4_ASPFU	4
fam_001155	tr|Q4WL37|Q4WL37_ASPFU	3
fam_001156	tr|Q4WN66|Q4WN66_ASPFU	5
fam_001157	tr|Q4WPT4|Q4WPT4_ASPFU	3
fam_001158	tr|Q4WTK0|Q4WTK0_ASPFU	4
fam_001159	tr|Q4WU15|Q4WU15_ASPFU	2
fam_001160	tr|Q4WYA0|Q4WYA0_ASPFU	4
fam_001161	tr|J3K5X2|J3K5X2_COCIM	5
fam_001162	tr|J3K623|J3K623_COCIM	2
fam_001163	tr|J3KA13|J3KA13_COCIM	5
fam_001164	tr|J3KA22|J3KA22_COCIM	5
fam_001165	tr|J3KA51|J3KA51_COCIM	3
fam_001166	tr|J3KCD0|J3KCD0_COCIM	5
fam_001167	tr|J3KE62|J3KE62_COCIM	2
fam_001168	tr|J3KHJ6|J3KHJ6_COCIM	5
fam_001169	tr|J3KIF0|J3KIF0_COCIM	5
fam_001170	tr|J3KIF9|J3KIF9_COCIM	5
fam_001171	tr|A0A0E1RV12|A0A0E1RV12_COCIM	3
fam_001172	tr|A0A0E1RX12|A0A0E1RX12_COCIM	2
fam_001173	tr|A0A0E1RX13|A0A0E1RX13_COCIM	5
fam_001174	tr|J3K1Y0|J3K1Y0_COCIM	5
fam_001175	tr|J3K2C6|J3K2C6_COCIM	2
fam_001176	sp|Q1K8V2|RT19_NEUCR	4
fam_001177	tr|Q7RXR8|Q7RXR8_NEUCR	4
fam_001178	tr|Q7RYG7|Q7RYG7_NEUCR	5
fam_001179	tr|Q7RZY5|Q7RZY5_NEUCR	4
fam_001180	tr|Q7S0L0|Q7S0L0_NEUCR	2
fam_001181	tr|Q7S487|Q7S487_NEUCR	8
fam_001182	tr|Q7SDU6|Q7SDU6_NEUCR	5
fam_001183	tr|Q7SEF8|Q7SEF8_NEUCR	4
fam_001184	tr|Q7SHP4|Q7SHP4_NEUCR	26
fam_001185	tr|V5IN79|V5IN79_NEUCR	5
fam_001186	sp|P25711|NDUS4_NEUCR	5
fam_001187	tr|Q1K4V5|Q1K4V5_NEUCR	2
fam_001188	tr|Q1K6K4|Q1K6K4_NEUCR	5
fam_001189	tr|Q7RWC2|Q7RWC2_NEUCR	5
fam_001190	tr|Q7S0F6|Q7S0F6_NEUCR	5
fam_001191	tr|Q7S977|Q7S977_NEUCR	5
fam_001192	tr|Q7S9K6|Q7S9K6_NEUCR	5
fam_001193	tr|Q7SBL5|Q7SBL5_NEUCR	5
fam_001194	tr|Q7SGY2|Q7SGY2_NEUCR	4
fam_001195	sp|Q9P353|MMM1_NEUCR	4
fam_001196	sp|P23622|CYS14_NEUCR	7
fam_001197	sp|P27770|RS17_NEUCR	4
fam_001198	tr|Q1K6L3|Q1K6L3_NEUCR	5
fam_001199	tr|Q7RXC7|Q7RXC7_NEUCR	9
fam_001200	tr|Q7S3T2|Q7S3T2_NEUCR	9
fam_001201	tr|Q7S407|Q7S407_NEUCR	5
fam_001202	tr|Q7SBA9|Q7SBA9_NEUCR	4
fam_001203	tr|Q7SDJ1|Q7SDJ1_NEUCR	4
fam_001204	sp|Q7SFD8|MIC60_NEUCR	5
fam_001205	tr|V5ILY7|V5ILY7_NEUCR	5
fam_001206	tr|Q1K5X9|Q1K5X9_NEUCR	5
fam_001207	tr|Q1K743|Q1K743_NEUCR	5
fam_001208	tr|Q1K803|Q1K803_NEUCR	3
fam_001209	tr|Q7S344|Q7S344_NEUCR	1
fam_001210	tr|Q7RZK3|Q7RZK3_NEUCR	1
fam_001211	tr|Q7S6L7|Q7S6L7_NEUCR	6
fam_001212	tr|Q7SCS6|Q7SCS6_NEUCR	5
fam_001213	sp|Q9HEC4|RRP36_NEUCR	4
fam_001214	sp|P34762|CON6_NEUCR	2
fam_001215	tr|Q1K610|Q1K610_NEUCR	5
fam_001216	tr|Q1K877|Q1K877_NEUCR	5
fam_001217	tr|Q7RVY8|Q7RVY8_NEUCR	4
fam_001218	tr|Q7S3W4|Q7S3W4_NEUCR	2
fam_001219	tr|Q7S435|Q7S435_NEUCR	4
fam_001220	sp|Q7S454|RTC5_NEUCR	4
fam_001221	tr|Q7SAQ2|Q7SAQ2_NEUCR	5
fam_001222	tr|Q7SBL9|Q7SBL9_NEUCR	2
fam_001223	tr|Q7SG90|Q7SG90_NEUCR	2
fam_001224	tr|Q7SGB0|Q7SGB0_NEUCR	4
fam_001225	tr|Q7SGJ2|Q7SGJ2_NEUCR	5
fam_001226	tr|V5IQ32|V5IQ32_NEUCR	2
fam_001227	tr|F9XDI1|F9XDI1_ZYMTI	3
fam_001228	tr|F9XKK9|F9XKK9_ZYMTI	5
fam_001229	tr|F9XP99|F9XP99_ZYMTI	4
fam_001230	tr|F9XQU9|F9XQU9_ZYMTI	3
fam_001231	tr|F9XRD1|F9XRD1_ZYMTI	3
fam_001232	tr|F9WX17|F9WX17_ZYMTI	9
fam_001233	tr|F9X0T3|F9X0T3_ZYMTI	4
fam_001234	tr|F9X1V9|F9X1V9_ZYMTI	7
fam_001235	tr|F9X2P2|F9X2P2_ZYMTI	2
fam_001236	tr|F9X6P8|F9X6P8_ZYMTI	2
fam_001237	tr|F9X825|F9X825_ZYMTI	2
fam_001238	tr|F9XAG7|F9XAG7_ZYMTI	4
fam_001239	tr|F9XFL8|F9XFL8_ZYMTI	5
fam_001240	tr|F9XGJ5|F9XGJ5_ZYMTI	2
fam_001241	tr|F9XHF8|F9XHF8_ZYMTI	5
fam_001242	tr|F9XJ59|F9XJ59_ZYMTI	2
fam_001243	tr|F9XMX5|F9XMX5_ZYMTI	4
fam_001244	tr|F9XN43|F9XN43_ZYMTI	3
fam_001245	tr|F9XNJ9|F9XNJ9_ZYMTI	2
fam_001246	tr|F9WXD6|F9WXD6_ZYMTI	5
fam_001247	tr|F9WXX4|F9WXX4_ZYMTI	3
fam_001248	tr|F9WYR9|F9WYR9_ZYMTI	5
fam_001249	tr|F9X059|F9X059_ZYMTI	2
fam_001250	tr|F9X210|F9X210_ZYMTI	2
fam_001251	tr|F9X330|F9X330_ZYMTI	5
fam_001252	tr|F9X5D9|F9X5D9_ZYMTI	3
fam_001253	tr|F9X5N9|F9X5N9_ZYMTI	3
fam_001254	tr|F9XC88|F9XC88_ZYMTI	5
fam_001255	tr|F9XCR9|F9XCR9_ZYMTI	5
fam_001256	tr|F9XD49|F9XD49_ZYMTI	5
fam_001257	tr|F9XDA7|F9XDA7_ZYMTI	4
fam_001258	tr|F9XDH9|F9XDH9_ZYMTI	3
fam_001259	tr|F9XE21|F9XE21_ZYMTI	2
fam_001260	tr|F9XH29|F9XH29_ZYMTI	5
fam_001261	tr|F9XJN6|F9XJN6_ZYMTI	5
fam_001262	tr|F9XK74|F9XK74_ZYMTI	5
fam_001263	tr|F9XQ18|F9XQ18_ZYMTI	2
fam_001264	tr|F9WWW0|F9WWW0_ZYMTI	2
fam_001265	tr|F9WZY1|F9WZY1_ZYMTI	5
fam_001266	tr|F9X2G1|F9X2G1_ZYMTI	4
fam_001267	tr|F9X5G6|F9X5G6_ZYMTI	4
fam_001268	tr|F9X762|F9X762_ZYMTI	3
fam_001269	tr|F9X7C1|F9X7C1_ZYMTI	3
fam_001270	tr|F9X7Z9|F9X7Z9_ZYMTI	5
fam_001271	tr|F9XEC9|F9XEC9_ZYMTI	4
fam_001272	tr|F9XG47|F9XG47_ZYMTI	5
fam_001273	tr|F9XIW5|F9XIW5_ZYMTI	5
fam_001274	tr|F9XLB7|F9XLB7_ZYMTI	4
fam_001275	tr|F9XNW6|F9XNW6_ZYMTI	2
fam_001276	tr|F9WY07|F9WY07_ZYMTI	2
fam_001277	tr|F9WZU6|F9WZU6_ZYMTI	4
fam_001278	tr|F9WZU8|F9WZU8_ZYMTI	11
fam_001279	tr|F9X0D4|F9X0D4_ZYMTI	5
fam_001280	tr|F9X194|F9X194_ZYMTI	4
fam_001281	tr|F9X8B9|F9X8B9_ZYMTI	4
fam_001282	tr|F9X8U4|F9X8U4_ZYMTI	5
fam_001283	tr|F9XBG4|F9XBG4_ZYMTI	2
fam_001284	tr|F9XBX5|F9XBX5_ZYMTI	5
fam_001285	tr|F9XCU3|F9XCU3_ZYMTI	2
fam_001286	tr|F9XE99|F9XE99_ZYMTI	5
fam_001287	tr|F9XIT8|F9XIT8_ZYMTI	2
fam_001288	tr|F9XK14|F9XK14_ZYMTI	5
fam_001289	tr|F9XLP7|F9XLP7_ZYMTI	4
fam_001290	tr|F9XP96|F9XP96_ZYMTI	3
fam_001291	tr|F9WYI6|F9WYI6_ZYMTI	2
fam_001292	tr|F9WZW8|F9WZW8_ZYMTI	2
fam_001293	tr|F9WZX3|F9WZX3_ZYMTI	2
fam_001294	tr|F9WZX8|F9WZX8_ZYMTI	5
fam_001295	tr|F9X2V6|F9X2V6_ZYMTI	3
fam_001296	tr|F9X414|F9X414_ZYMTI	2
fam_001297	tr|F9X7C3|F9X7C3_ZYMTI	3
fam_001298	tr|F9X872|F9X872_ZYMTI	3
fam_001299	tr|F9X913|F9X913_ZYMTI	2
fam_001300	tr|F9XAP4|F9XAP4_ZYMTI	4
fam_001301	tr|F9XCD3|F9XCD3_ZYMTI	2
fam_001302	tr|F9X8C8|F9X8C8_ZYMTI	1
fam_001303	tr|F9XEC7|F9XEC7_ZYMTI	3
fam_001304	tr|F9XGA4|F9XGA4_ZYMTI	2
fam_001305	tr|F9XIU4|F9XIU4_ZYMTI	1
fam_001306	tr|F9X7H7|F9X7H7_ZYMTI	1
fam_001307	tr|F9XKT0|F9XKT0_ZYMTI	2
fam_001308	tr|F9XM21|F9XM21_ZYMTI	3
fam_001309	tr|F9XNM0|F9XNM0_ZYMTI	2
fam_001310	tr|F9XPG5|F9XPG5_ZYMTI	5
fam_001311	tr|F9WWS7|F9WWS7_ZYMTI	5
fam_001312	sp|F9WZD2|GSS1_ZYMTI	9
fam_001313	tr|F9WZD7|F9WZD7_ZYMTI	2
fam_001314	tr|F9X1V0|F9X1V0_ZYMTI	4
fam_001315	tr|F9X2R0|F9X2R0_ZYMTI	2
fam_001316	tr|F9X526|F9X526_ZYMTI	3
fam_001317	tr|F9X5B2|F9X5B2_ZYMTI	12
fam_001318	tr|F9X7C5|F9X7C5_ZYMTI	4
fam_001319	tr|F9X977|F9X977_ZYMTI	3
fam_001320	tr|F9X8S4|F9X8S4_ZYMTI	9
fam_001321	tr|F9XCM5|F9XCM5_ZYMTI	5
fam_001322	tr|F9XHL8|F9XHL8_ZYMTI	5
fam_001323	tr|F9XI70|F9XI70_ZYMTI	5
fam_001324	tr|F9XKA1|F9XKA1_ZYMTI	4
fam_001325	tr|F9XMR1|F9XMR1_ZYMTI	4
fam_001326	tr|F9XPM2|F9XPM2_ZYMTI	4
fam_001327	tr|F9X626|F9X626_ZYMTI	4
fam_001328	tr|F9X653|F9X653_ZYMTI	4
fam_001329	tr|F9X6B2|F9X6B2_ZYMTI	5
fam_001330	tr|F9X6L0|F9X6L0_ZYMTI	4
fam_001331	tr|F9XA95|F9XA95_ZYMTI	3
fam_001332	tr|F9XAA2|F9XAA2_ZYMTI	5
fam_001333	tr|F9XAW0|F9XAW0_ZYMTI	5
fam_001334	tr|F9XBM8|F9XBM8_ZYMTI	5
fam_001335	tr|F9XC54|F9XC54_ZYMTI	4
fam_001336	tr|F9XCJ1|F9XCJ1_ZYMTI	2
fam_001337	tr|F9XDL1|F9XDL1_ZYMTI	5
fam_001338	tr|F9XFG1|F9XFG1_ZYMTI	2
fam_001339	tr|F9X4G1|F9X4G1_ZYMTI	4
fam_001340	tr|F9X8P9|F9X8P9_ZYMTI	5
fam_001341	tr|F9XBC4|F9XBC4_ZYMTI	1
fam_001342	tr|F9XBC3|F9XBC3_ZYMTI	1
fam_001343	tr|F9XBC9|F9XBC9_ZYMTI	3
fam_001344	tr|F9XEM9|F9XEM9_ZYMTI	4
fam_001345	tr|F9XHS6|F9XHS6_ZYMTI	2
fam_001346	tr|F9XII8|F9XII8_ZYMTI	4
fam_001347	tr|F9XKY9|F9XKY9_ZYMTI	5
fam_001348	tr|F9XL82|F9XL82_ZYMTI	3
fam_001349	tr|F9XN94|F9XN94_ZYMTI	2
fam_001350	tr|F9XND8|F9XND8_ZYMTI	5
fam_001351	tr|F9WXA9|F9WXA9_ZYMTI	5
fam_001352	tr|F9WZ11|F9WZ11_ZYMTI	5
fam_001353	tr|F9X0J0|F9X0J0_ZYMTI	4
fam_001354	tr|F9X3L3|F9X3L3_ZYMTI	4
fam_001355	tr|F9X5L4|F9X5L4_ZYMTI	1
fam_001356	tr|F9X206|F9X206_ZYMTI	1
fam_001357	tr|F9X779|F9X779_ZYMTI	4
fam_001358	tr|F9X7I0|F9X7I0_ZYMTI	4
fam_001359	tr|F9XAA0|F9XAA0_ZYMTI	3
fam_001360	tr|F9X9J2|F9X9J2_ZYMTI	2
fam_001361	tr|F9XDL0|F9XDL0_ZYMTI	3
fam_001362	tr|F9XFZ8|F9XFZ8_ZYMTI	1
fam_001363	tr|F9XDN1|F9XDN1_ZYMTI	1
fam_001364	tr|F9XIL3|F9XIL3_ZYMTI	5
fam_001365	tr|F9WWD9|F9WWD9_ZYMTI	5
fam_001366	tr|F9WWS8|F9WWS8_ZYMTI	5
fam_001367	tr|F9X4G5|F9X4G5_ZYMTI	2
fam_001368	tr|F9X5N2|F9X5N2_ZYMTI	5
fam_001369	tr|F9X695|F9X695_ZYMTI	5
fam_001370	tr|F9XA53|F9XA53_ZYMTI	5
fam_001371	tr|F9XAZ2|F9XAZ2_ZYMTI	12
fam_001372	tr|F9XD82|F9XD82_ZYMTI	3
fam_001373	tr|F9XHQ3|F9XHQ3_ZYMTI	3
fam_001374	tr|F9XLH0|F9XLH0_ZYMTI	5
fam_001375	tr|F9XNQ8|F9XNQ8_ZYMTI	5
fam_001376	tr|F9XNX7|F9XNX7_ZYMTI	5
fam_001377	tr|F9XP60|F9XP60_ZYMTI	4
fam_001378	tr|F9WYF8|F9WYF8_ZYMTI	11
fam_001379	tr|F9WZP4|F9WZP4_ZYMTI	2
fam_001380	tr|F9X6B8|F9X6B8_ZYMTI	4
fam_001381	tr|F9X922|F9X922_ZYMTI	5
fam_001382	tr|F9XDW1|F9XDW1_ZYMTI	2
fam_001383	tr|F9XKN0|F9XKN0_ZYMTI	4
fam_001384	tr|F9XMC9|F9XMC9_ZYMTI	6
fam_001385	tr|F9XP88|F9XP88_ZYMTI	1
fam_001386	tr|F9XCZ4|F9XCZ4_ZYMTI	1
fam_001387	tr|F9XPD7|F9XPD7_ZYMTI	3
fam_001388	tr|F9WZP9|F9WZP9_ZYMTI	4
fam_001389	tr|F9WZQ4|F9WZQ4_ZYMTI	2
fam_001390	tr|F9X168|F9X168_ZYMTI	4
fam_001391	tr|F9X6T9|F9X6T9_ZYMTI	3
fam_001392	tr|F9X7A0|F9X7A0_ZYMTI	3
fam_001393	tr|F9X7H5|F9X7H5_ZYMTI	5
fam_001394	tr|F9XAD1|F9XAD1_ZYMTI	4
fam_001395	tr|F9XCA4|F9XCA4_ZYMTI	5
fam_001396	tr|F9XEZ2|F9XEZ2_ZYMTI	5
fam_001397	tr|F9XG50|F9XG50_ZYMTI	5
fam_001398	tr|F9XHC6|F9XHC6_ZYMTI	5
fam_001399	tr|A7UVY1|A7UVY1_NEUCR	4
fam_001400	sp|Q01397|DYNA_NEUCR	4
fam_001401	tr|Q7S5I8|Q7S5I8_NEUCR	5
fam_001402	tr|Q7SCR4|Q7SCR4_NEUCR	2
fam_001403	tr|V5IQ39|V5IQ39_NEUCR	5
fam_001404	tr|V5IRN2|V5IRN2_NEUCR	5
fam_001405	tr|Q1K6S8|Q1K6S8_NEUCR	3
fam_001406	tr|Q1K8Y5|Q1K8Y5_NEUCR	4
fam_001407	sp|Q7RVN2|RS27_NEUCR	5
fam_001408	tr|Q7S0J2|Q7S0J2_NEUCR	3
fam_001409	tr|Q7S6V1|Q7S6V1_NEUCR	2
fam_001410	tr|Q7S9D8|Q7S9D8_NEUCR	5
fam_001411	sp|Q7SB97|MVP1_NEUCR	5
fam_001412	tr|Q7SC24|Q7SC24_NEUCR	3
fam_001413	tr|Q7SC94|Q7SC94_NEUCR	5
fam_001414	tr|Q7SEF5|Q7SEF5_NEUCR	3
fam_001415	tr|Q7SH84|Q7SH84_NEUCR	3
fam_001416	sp|Q92247|BLI4_NEUCR	2
fam_001417	sp|Q9P3Q9|MZM1_NEUCR	3
fam_001418	tr|V5INV2|V5INV2_NEUCR	5
fam_001419	tr|V5IPD6|V5IPD6_NEUCR	5
fam_001420	tr|Q1K4V9|Q1K4V9_NEUCR	5
fam_001421	tr|Q1K773|Q1K773_NEUCR	4
fam_001422	sp|Q7RV75|RS22_NEUCR	5
fam_001423	sp|Q7RZQ3|VTS1_NEUCR	5
fam_001424	tr|Q7S3Z6|Q7S3Z6_NEUCR	5
fam_001425	tr|Q7S4H4|Q7S4H4_NEUCR	7
fam_001426	tr|Q7S836|Q7S836_NEUCR	7
fam_001427	tr|Q7SBV0|Q7SBV0_NEUCR	5
fam_001428	tr|Q1K4U9|Q1K4U9_NEUCR	2
fam_001429	tr|Q7RW94|Q7RW94_NEUCR	9
fam_001430	tr|Q7S088|Q7S088_NEUCR	4
fam_001431	tr|Q7S1X7|Q7S1X7_NEUCR	5
fam_001432	tr|Q7S4S4|Q7S4S4_NEUCR	7
fam_001433	tr|Q7S909|Q7S909_NEUCR	5
fam_001434	sp|Q7SE80|TRM44_NEUCR	3
fam_001435	tr|Q7SEM9|Q7SEM9_NEUCR	4
fam_001436	tr|Q7SHP5|Q7SHP5_NEUCR	4
fam_001437	sp|Q7SHZ2|GATA_NEUCR	5
fam_001438	sp|Q7SI17|NACA_NEUCR	5
fam_001439	tr|A7UWE4|A7UWE4_NEUCR	5
fam_001440	tr|Q1K613|Q1K613_NEUCR	5
fam_001441	tr|Q7RWB7|Q7RWB7_NEUCR	4
fam_001442	tr|Q7S0Y9|Q7S0Y9_NEUCR	1
fam_001443	tr|Q7S6G0|Q7S6G0_NEUCR	1
fam_001444	sp|Q7S1H9|CMR1_NEUCR	5
fam_001445	tr|Q7S596|Q7S596_NEUCR	5
fam_001446	sp|Q7S7C0|PREP_NEUCR	5
fam_001447	tr|Q7S7N9|Q7S7N9_NEUCR	2
fam_001448	tr|V5IR54|V5IR54_NEUCR	4
fam_001449	tr|V5IRE4|V5IRE4_NEUCR	5
fam_001450	tr|Q1K6S3|Q1K6S3_NEUCR	5
fam_001451	tr|Q7S0A8|Q7S0A8_NEUCR	6
fam_001452	tr|Q7S6Q1|Q7S6Q1_NEUCR	5
fam_001453	tr|V5IL09|V5IL09_NEUCR	5
fam_001454	tr|F9X9P3|F9X9P3_ZYMTI	2
fam_001455	tr|F9XDF8|F9XDF8_ZYMTI	4
fam_001456	tr|F9XDG7|F9XDG7_ZYMTI	3
fam_001457	tr|F9XFT7|F9XFT7_ZYMTI	5
fam_001458	tr|F9XH99|F9XH99_ZYMTI	3
fam_001459	tr|F9XHC9|F9XHC9_ZYMTI	2
fam_001460	tr|F9XR38|F9XR38_ZYMTI	2
fam_001461	tr|F9WWG6|F9WWG6_ZYMTI	3
fam_001462	tr|F9WYE9|F9WYE9_ZYMTI	4
fam_001463	tr|F9X0Y5|F9X0Y5_ZYMTI	2
fam_001464	tr|F9X3C4|F9X3C4_ZYMTI	5
fam_001465	tr|F9X3Y1|F9X3Y1_ZYMTI	5
fam_001466	tr|F9X584|F9X584_ZYMTI	5
fam_001467	tr|F9X757|F9X757_ZYMTI	3
fam_001468	tr|F9XD84|F9XD84_ZYMTI	4
fam_001469	tr|F9XI10|F9XI10_ZYMTI	2
fam_001470	tr|F9XIQ1|F9XIQ1_ZYMTI	5
fam_001471	tr|F9XJ36|F9XJ36_ZYMTI	5
fam_001472	tr|F9XNQ2|F9XNQ2_ZYMTI	5
fam_001473	tr|F9XQ60|F9XQ60_ZYMTI	5
fam_001474	tr|F9X7F6|F9X7F6_ZYMTI	2
fam_001475	tr|F9X8D3|F9X8D3_ZYMTI	3
fam_001476	tr|F9X8W2|F9X8W2_ZYMTI	5
fam_001477	tr|F9X9E7|F9X9E7_ZYMTI	8
fam_001478	tr|F9X6I6|F9X6I6_ZYMTI	5
fam_001479	tr|F9X8G4|F9X8G4_ZYMTI	2
fam_001480	tr|F9XEH8|F9XEH8_ZYMTI	3
fam_001481	tr|F9XP19|F9XP19_ZYMTI	2
fam_001482	tr|F9XPX8|F9XPX8_ZYMTI	3
fam_001483	tr|F9XQ02|F9XQ02_ZYMTI	2
fam_001484	tr|F9WWZ3|F9WWZ3_ZYMTI	10
fam_001485	tr|F9WXM9|F9WXM9_ZYMTI	2
fam_001486	tr|F9WYY9|F9WYY9_ZYMTI	5
fam_001487	tr|F9WZX6|F9WZX6_ZYMTI	4
fam_001488	tr|F9X2N4|F9X2N4_ZYMTI	2
fam_001489	tr|F9X4M5|F9X4M5_ZYMTI	2
fam_001490	tr|F9X574|F9X574_ZYMTI	2
fam_001491	tr|F9XAR9|F9XAR9_ZYMTI	2
fam_001492	tr|F9XKY3|F9XKY3_ZYMTI	5
fam_001493	tr|F9XN44|F9XN44_ZYMTI	4
fam_001494	tr|F9XRN2|F9XRN2_ZYMTI	2
fam_001495	tr|F9X1H4|F9X1H4_ZYMTI	2
fam_001496	tr|F9X572|F9X572_ZYMTI	4
fam_001497	tr|F9X728|F9X728_ZYMTI	5
fam_001498	tr|F9XGA9|F9XGA9_ZYMTI	6
fam_001499	tr|F9XJA3|F9XJA3_ZYMTI	1
fam_001500	tr|F9XB66|F9XB66_ZYMTI	1
fam_001501	tr|F9XL35|F9XL35_ZYMTI	2
fam_001502	tr|F9XLM6|F9XLM6_ZYMTI	5
fam_001503	tr|F9XME7|F9XME7_ZYMTI	4
fam_001504	tr|F9XPT5|F9XPT5_ZYMTI	2
fam_001505	tr|F9XPZ6|F9XPZ6_ZYMTI	5
fam_001506	tr|F9WZM0|F9WZM0_ZYMTI	14
fam_001507	tr|F9WZV2|F9WZV2_ZYMTI	5
fam_001508	tr|F9X135|F9X135_ZYMTI	5
fam_001509	tr|F9X993|F9X993_ZYMTI	2
fam_001510	tr|F9XNA8|F9XNA8_ZYMTI	5
fam_001511	tr|F9XS77|F9XS77_ZYMTI	2
fam_001512	tr|F9X1E1|F9X1E1_ZYMTI	6
fam_001513	tr|F9X1T2|F9X1T2_ZYMTI	3
fam_001514	tr|F9X7Z8|F9X7Z8_ZYMTI	5
fam_001515	tr|F9X8L3|F9X8L3_ZYMTI	3
fam_001516	tr|F9XKF2|F9XKF2_ZYMTI	4
fam_001517	tr|F9XMH8|F9XMH8_ZYMTI	5
fam_001518	tr|F9XMQ6|F9XMQ6_ZYMTI	10
fam_001519	tr|F9XQ47|F9XQ47_ZYMTI	2
fam_001520	tr|F9X2D4|F9X2D4_ZYMTI	5
fam_001521	tr|F9X2P3|F9X2P3_ZYMTI	3
fam_001522	tr|F9X5S7|F9X5S7_ZYMTI	4
fam_001523	tr|F9XF07|F9XF07_ZYMTI	6
fam_001524	tr|F9XFL5|F9XFL5_ZYMTI	5
fam_001525	tr|F9XHL0|F9XHL0_ZYMTI	5
fam_001526	tr|F9XIY3|F9XIY3_ZYMTI	5
fam_001527	tr|F9XJB0|F9XJB0_ZYMTI	5
fam_001528	tr|F9XMN5|F9XMN5_ZYMTI	9
fam_001529	tr|F9XPX6|F9XPX6_ZYMTI	4
fam_001530	tr|F9WWI2|F9WWI2_ZYMTI	2
fam_001531	tr|F9WXF2|F9WXF2_ZYMTI	2
fam_001532	tr|F9X0F6|F9X0F6_ZYMTI	8
fam_001533	tr|F9X129|F9X129_ZYMTI	4
fam_001534	tr|F9X1A8|F9X1A8_ZYMTI	5
fam_001535	tr|F9X1V6|F9X1V6_ZYMTI	5
fam_001536	tr|F9X8T7|F9X8T7_ZYMTI	2
fam_001537	tr|F9XDQ1|F9XDQ1_ZYMTI	5
fam_001538	tr|F9XIL5|F9XIL5_ZYMTI	7
fam_001539	tr|F9XJD5|F9XJD5_ZYMTI	15
fam_001540	tr|F9XKU2|F9XKU2_ZYMTI	7
fam_001541	tr|F9XNQ9|F9XNQ9_ZYMTI	4
fam_001542	tr|F9WZ06|F9WZ06_ZYMTI	4
fam_001543	tr|F9X0W1|F9X0W1_ZYMTI	10
fam_001544	tr|F9X3B4|F9X3B4_ZYMTI	3
fam_001545	tr|F9XFY1|F9XFY1_ZYMTI	5
fam_001546	tr|F9XHM1|F9XHM1_ZYMTI	4
fam_001547	tr|F9XIH4|F9XIH4_ZYMTI	7
fam_001548	tr|F9XK69|F9XK69_ZYMTI	5
fam_001549	tr|F9XK93|F9XK93_ZYMTI	2
fam_001550	tr|F9XP98|F9XP98_ZYMTI	5
fam_001551	tr|F9WZ20|F9WZ20_ZYMTI	5
fam_001552	tr|F9WZE4|F9WZE4_ZYMTI	5
fam_001553	tr|F9WZH9|F9WZH9_ZYMTI	2
fam_001554	tr|F9X2X3|F9X2X3_ZYMTI	3
fam_001555	tr|F9X4X8|F9X4X8_ZYMTI	2
fam_001556	tr|F9X9N8|F9X9N8_ZYMTI	3
fam_001557	tr|F9XBB3|F9XBB3_ZYMTI	4
fam_001558	tr|F9XEM7|F9XEM7_ZYMTI	3
fam_001559	tr|F9XIZ8|F9XIZ8_ZYMTI	21
fam_001560	tr|F9XJ40|F9XJ40_ZYMTI	3
fam_001561	tr|F9XMN9|F9XMN9_ZYMTI	3
fam_001562	tr|F9X0H1|F9X0H1_ZYMTI	2
fam_001563	tr|F9X2L8|F9X2L8_ZYMTI	4
fam_001564	tr|F9X3S1|F9X3S1_ZYMTI	4
fam_001565	tr|F9X422|F9X422_ZYMTI	7
fam_001566	tr|F9X4N6|F9X4N6_ZYMTI	10
fam_001567	tr|F9X5G8|F9X5G8_ZYMTI	4
fam_001568	tr|F9X9B7|F9X9B7_ZYMTI	2
fam_001569	tr|F9X9V9|F9X9V9_ZYMTI	7
fam_001570	tr|F9XD25|F9XD25_ZYMTI	3
fam_001571	tr|F9XDV0|F9XDV0_ZYMTI	5
fam_001572	tr|F9XFA2|F9XFA2_ZYMTI	3
fam_001573	tr|F9XHK8|F9XHK8_ZYMTI	4
fam_001574	tr|F9XI02|F9XI02_ZYMTI	2
fam_001575	tr|F9XL11|F9XL11_ZYMTI	5
fam_001576	tr|F9XNJ0|F9XNJ0_ZYMTI	5
fam_001577	tr|F9XS80|F9XS80_ZYMTI	2
fam_001578	tr|F9WWR5|F9WWR5_ZYMTI	2
fam_001579	tr|F9X013|F9X013_ZYMTI	43
fam_001580	tr|F9X2B3|F9X2B3_ZYMTI	4
fam_001581	tr|F9X7X0|F9X7X0_ZYMTI	5
fam_001582	tr|F9XAN7|F9XAN7_ZYMTI	2
fam_001583	tr|F9XAN9|F9XAN9_ZYMTI	2
fam_001584	tr|F9XB97|F9XB97_ZYMTI	2
fam_001585	tr|F9XE90|F9XE90_ZYMTI	5
fam_001586	tr|F9XHN6|F9XHN6_ZYMTI	4
fam_001587	tr|F9XL95|F9XL95_ZYMTI	3
fam_001588	tr|F9XLB6|F9XLB6_ZYMTI	4
fam_001589	tr|F9XN91|F9XN91_ZYMTI	5
fam_001590	tr|F9XNG0|F9XNG0_ZYMTI	4
fam_001591	tr|A0ACF5C6S4|A0ACF5C6S4_9PEZI	5
fam_001592	tr|A0ACF5C889|A0ACF5C889_9PEZI	2
fam_001593	tr|A0ACF5C8H4|A0ACF5C8H4_9PEZI	5
fam_001594	tr|A0ACF5CC90|A0ACF5CC90_9PEZI	3
fam_001595	tr|A0ACF5CE86|A0ACF5CE86_9PEZI	3
fam_001596	tr|A0ACF5BIK9|A0ACF5BIK9_9PEZI	4
fam_001597	tr|A0ACF5BLU9|A0ACF5BLU9_9PEZI	5
fam_001598	tr|A0ACF5BMF7|A0ACF5BMF7_9PEZI	1
fam_001599	tr|A0ACF5CEY5|A0ACF5CEY5_9PEZI	1
fam_001600	tr|A0ACF5BNQ6|A0ACF5BNQ6_9PEZI	2
fam_001601	tr|A0ACF5BW16|A0ACF5BW16_9PEZI	5
fam_001602	tr|A0ACF5BX18|A0ACF5BX18_9PEZI	5
fam_001603	tr|A0ACF5C6N6|A0ACF5C6N6_9PEZI	5
fam_001604	tr|A0ACF5C6W4|A0ACF5C6W4_9PEZI	2
fam_001605	tr|A0ACF5C9K4|A0ACF5C9K4_9PEZI	8
fam_001606	tr|A0ACF5CAQ2|A0ACF5CAQ2_9PEZI	2
fam_001607	tr|A0ACF5CB80|A0ACF5CB80_9PEZI	3
fam_001608	tr|A0ACF5CBH3|A0ACF5CBH3_9PEZI	5
fam_001609	tr|A0ACF5CDA0|A0ACF5CDA0_9PEZI	5
fam_001610	tr|A0ACF5CDC4|A0ACF5CDC4_9PEZI	2
fam_001611	tr|A0ACF5BII9|A0ACF5BII9_9PEZI	5
fam_001612	tr|A0ACF5BJ73|A0ACF5BJ73_9PEZI	1
fam_001613	tr|A0ACF5BIF4|A0ACF5BIF4_9PEZI	1
fam_001614	tr|A0ACF5BLZ2|A0ACF5BLZ2_9PEZI	4
fam_001615	tr|A0ACF5BMQ9|A0ACF5BMQ9_9PEZI	4
fam_001616	tr|A0ACF5BMS9|A0ACF5BMS9_9PEZI	3
fam_001617	tr|A0ACF5BTS4|A0ACF5BTS4_9PEZI	4
fam_001618	tr|A0ACF5BUI8|A0ACF5BUI8_9PEZI	2
fam_001619	tr|A0ACF5C5I1|A0ACF5C5I1_9PEZI	2
fam_001620	tr|A0ACF5C5X2|A0ACF5C5X2_9PEZI	4
fam_001621	tr|A0ACF5C6H4|A0ACF5C6H4_9PEZI	8
fam_001622	tr|A0ACF5C779|A0ACF5C779_9PEZI	9
fam_001623	tr|A0ACF5C7H9|A0ACF5C7H9_9PEZI	5
fam_001624	tr|A0ACF5CHM5|A0ACF5CHM5_9PEZI	4
fam_001625	tr|A0ACF5BWB5|A0ACF5BWB5_9PEZI	5
fam_001626	tr|A0ACF5BZ54|A0ACF5BZ54_9PEZI	5
fam_001627	tr|A0ACF5C169|A0ACF5C169_9PEZI	5
fam_001628	tr|A0ACF5BZ40|A0ACF5BZ40_9PEZI	5
fam_001629	tr|A0ACF5BZD0|A0ACF5BZD0_9PEZI	2
fam_001630	tr|A0ACF5C2Z5|A0ACF5C2Z5_9PEZI	2
fam_001631	tr|A0ACF5C7U4|A0ACF5C7U4_9PEZI	5
fam_001632	tr|A0ACF5CBP8|A0ACF5CBP8_9PEZI	4
fam_001633	tr|A0ACF5CC11|A0ACF5CC11_9PEZI	6
fam_001634	tr|A0ACF5CEM3|A0ACF5CEM3_9PEZI	10
fam_001635	tr|A0ACF5CHH4|A0ACF5CHH4_9PEZI	4
fam_001636	tr|A0ACF5CI58|A0ACF5CI58_9PEZI	5
fam_001637	tr|A0ACF5BKQ7|A0ACF5BKQ7_9PEZI	4
fam_001638	tr|A0ACF5BM42|A0ACF5BM42_9PEZI	2
fam_001639	tr|A0ACF5C441|A0ACF5C441_9PEZI	5
fam_001640	tr|A0ACF5C4J1|A0ACF5C4J1_9PEZI	3
fam_001641	tr|A0ACF5C665|A0ACF5C665_9PEZI	5
fam_001642	tr|A0ACF5CHC8|A0ACF5CHC8_9PEZI	5
fam_001643	tr|A0ACF5BMQ0|A0ACF5BMQ0_9PEZI	2
fam_001644	tr|A0ACF5BNU5|A0ACF5BNU5_9PEZI	5
fam_001645	tr|A0ACF5BPA7|A0ACF5BPA7_9PEZI	4
fam_001646	tr|A0ACF5BSI0|A0ACF5BSI0_9PEZI	6
fam_001647	tr|A0ACF5BT82|A0ACF5BT82_9PEZI	1
fam_001648	tr|A0ACF5C9A2|A0ACF5C9A2_9PEZI	1
fam_001649	tr|A0ACF5BUV9|A0ACF5BUV9_9PEZI	2
fam_001650	tr|A0ACF5BXC6|A0ACF5BXC6_9PEZI	5
fam_001651	tr|A0ACF5BYG8|A0ACF5BYG8_9PEZI	5
fam_001652	tr|A0ACF5C0L9|A0ACF5C0L9_9PEZI	2
fam_001653	tr|A0ACF5CCB2|A0ACF5CCB2_9PEZI	5
fam_001654	tr|A0ACF5CDR9|A0ACF5CDR9_9PEZI	5
fam_001655	tr|A0ACF5CFB1|A0ACF5CFB1_9PEZI	2
fam_001656	tr|A0ACF5CGZ4|A0ACF5CGZ4_9PEZI	5
fam_001657	tr|A0ACF5CH43|A0ACF5CH43_9PEZI	5
fam_001658	tr|A0ACF5BJB3|A0ACF5BJB3_9PEZI	6
fam_001659	tr|A0ACF5BNF6|A0ACF5BNF6_9PEZI	2
fam_001660	tr|A0ACF5BQK7|A0ACF5BQK7_9PEZI	2
fam_001661	tr|A0ACF5BSE6|A0ACF5BSE6_9PEZI	3
fam_001662	tr|A0ACF5BVA4|A0ACF5BVA4_9PEZI	4
fam_001663	tr|A0ACF5BX13|A0ACF5BX13_9PEZI	5
fam_001664	tr|A0ACF5BXP4|A0ACF5BXP4_9PEZI	8
fam_001665	tr|A0ACF5C0T4|A0ACF5C0T4_9PEZI	3
fam_001666	tr|A0ACF5C1Y6|A0ACF5C1Y6_9PEZI	3
fam_001667	tr|A0ACF5C2C5|A0ACF5C2C5_9PEZI	3
fam_001668	tr|A0ACF5C8G9|A0ACF5C8G9_9PEZI	5
fam_001669	tr|A0ACF5C9Y9|A0ACF5C9Y9_9PEZI	3
fam_001670	tr|A0ACF5CCG5|A0ACF5CCG5_9PEZI	3
fam_001671	tr|A0ACF5CFT6|A0ACF5CFT6_9PEZI	6
fam_001672	tr|A0ACF5CJ06|A0ACF5CJ06_9PEZI	3
fam_001673	tr|A0ACF5BL03|A0ACF5BL03_9PEZI	4
fam_001674	tr|A0ACF5BL64|A0ACF5BL64_9PEZI	2
fam_001675	tr|A0ACF5BQT4|A0ACF5BQT4_9PEZI	2
fam_001676	tr|A0ACF5BRW0|A0ACF5BRW0_9PEZI	5
fam_001677	tr|A0ACF5C4V3|A0ACF5C4V3_9PEZI	3
fam_001678	tr|A0ACF5C5T0|A0ACF5C5T0_9PEZI	3
fam_001679	tr|A0ACF5CF10|A0ACF5CF10_9PEZI	2
fam_001680	tr|A0ACF5CFB4|A0ACF5CFB4_9PEZI	2
fam_001681	tr|A0ACF5CG32|A0ACF5CG32_9PEZI	5
fam_001682	tr|A0ACF5CI06|A0ACF5CI06_9PEZI	5
fam_001683	tr|A0ACF5CIH5|A0ACF5CIH5_9PEZI	2
fam_001684	tr|A0ACF5BNP5|A0ACF5BNP5_9PEZI	2
fam_001685	tr|A0ACF5BPF9|A0ACF5BPF9_9PEZI	4
fam_001686	tr|A0ACF5BPT3|A0ACF5BPT3_9PEZI	5
fam_001687	tr|A0ACF5BPY5|A0ACF5BPY5_9PEZI	2
fam_001688	tr|A0ACF5BR48|A0ACF5BR48_9PEZI	4
fam_001689	tr|A0ACF5BRI4|A0ACF5BRI4_9PEZI	5
fam_001690	tr|A0ACF5BVF8|A0ACF5BVF8_9PEZI	2
fam_001691	tr|A0ACF5C0L1|A0ACF5C0L1_9PEZI	5
fam_001692	tr|A0ACF5C274|A0ACF5C274_9PEZI	4
fam_001693	tr|A0ACF5C3J0|A0ACF5C3J0_9PEZI	5
fam_001694	tr|A0ACF5C4S2|A0ACF5C4S2_9PEZI	3
fam_001695	tr|A0ACF5C5J0|A0ACF5C5J0_9PEZI	3
fam_001696	tr|A0ACF5CC98|A0ACF5CC98_9PEZI	5
fam_001697	tr|A0ACF5BJ20|A0ACF5BJ20_9PEZI	5
fam_001698	tr|A0ACF5BJE2|A0ACF5BJE2_9PEZI	10
fam_001699	tr|A0ACF5BJP9|A0ACF5BJP9_9PEZI	3
fam_001700	tr|A0ACF5BJX1|A0ACF5BJX1_9PEZI	7
fam_001701	tr|A0ACF5BKX6|A0ACF5BKX6_9PEZI	5
fam_001702	tr|A0ACF5BP10|A0ACF5BP10_9PEZI	16
fam_001703	tr|A0ACF5BQC5|A0ACF5BQC5_9PEZI	5
fam_001704	tr|A0ACF5BU32|A0ACF5BU32_9PEZI	2
fam_001705	tr|A0ACF5C107|A0ACF5C107_9PEZI	7
fam_001706	tr|A0ACF5C388|A0ACF5C388_9PEZI	10
fam_001707	tr|A0ACF5C404|A0ACF5C404_9PEZI	5
fam_001708	tr|A0ACF5C2N8|A0ACF5C2N8_9PEZI	5
fam_001709	tr|A0ACF5C360|A0ACF5C360_9PEZI	2
fam_001710	tr|A0ACF5C6C9|A0ACF5C6C9_9PEZI	4
fam_001711	tr|A0ACF5CF54|A0ACF5CF54_9PEZI	1
fam_001712	tr|A0ACF5C3P1|A0ACF5C3P1_9PEZI	1
fam_001713	tr|A0ACF5CIN4|A0ACF5CIN4_9PEZI	5
fam_001714	tr|A0ACF5BJQ8|A0ACF5BJQ8_9PEZI	2
fam_001715	tr|A0ACF5BKR6|A0ACF5BKR6_9PEZI	3
fam_001716	tr|A0ACF5BM38|A0ACF5BM38_9PEZI	2
fam_001717	tr|A0ACF5BP40|A0ACF5BP40_9PEZI	4
fam_001718	tr|A0ACF5BP70|A0ACF5BP70_9PEZI	2
fam_001719	tr|A0ACF5CAK8|A0ACF5CAK8_9PEZI	1
fam_001720	tr|A0ACF5BPS4|A0ACF5BPS4_9PEZI	5
fam_001721	tr|A0ACF5BR10|A0ACF5BR10_9PEZI	5
fam_001722	tr|A0ACF5BUZ1|A0ACF5BUZ1_9PEZI	2
fam_001723	tr|A0ACF5BZF0|A0ACF5BZF0_9PEZI	4
fam_001724	tr|A0ACF5C1I8|A0ACF5C1I8_9PEZI	5
fam_001725	tr|A0ACF5C296|A0ACF5C296_9PEZI	3
fam_001726	tr|A0ACF5C2C8|A0ACF5C2C8_9PEZI	1
fam_001727	tr|A0ACF5BML4|A0ACF5BML4_9PEZI	1
fam_001728	tr|A0ACF5C6G4|A0ACF5C6G4_9PEZI	3
fam_001729	tr|A0ACF5C757|A0ACF5C757_9PEZI	2
fam_001730	tr|A0ACF5CB51|A0ACF5CB51_9PEZI	4
fam_001731	tr|A0ACF5CDR4|A0ACF5CDR4_9PEZI	4
fam_001732	tr|A0ACF5CGT9|A0ACF5CGT9_9PEZI	5
fam_001733	tr|A0ACF5CGX8|A0ACF5CGX8_9PEZI	2
fam_001734	tr|A0ACF5CHV7|A0ACF5CHV7_9PEZI	5
fam_001735	tr|A0ACF5BI55|A0ACF5BI55_9PEZI	4
fam_001736	tr|A0ACF5BL96|A0ACF5BL96_9PEZI	4
fam_001737	tr|A0ACF5BQM7|A0ACF5BQM7_9PEZI	4
fam_001738	tr|A0ACF5BY80|A0ACF5BY80_9PEZI	5
fam_001739	tr|A0ACF5BYW0|A0ACF5BYW0_9PEZI	5
fam_001740	tr|A0ACF5C103|A0ACF5C103_9PEZI	6
fam_001741	tr|A0ACF5CFU2|A0ACF5CFU2_9PEZI	2
fam_001742	tr|A0ACF5CHF0|A0ACF5CHF0_9PEZI	4
fam_001743	tr|A0ACF5BMG5|A0ACF5BMG5_9PEZI	1
fam_001744	tr|A0ACF5CEK6|A0ACF5CEK6_9PEZI	1
fam_001745	tr|A0ACF5BQW0|A0ACF5BQW0_9PEZI	2
fam_001746	tr|A0ACF5C027|A0ACF5C027_9PEZI	2
fam_001747	tr|A0ACF5C0D9|A0ACF5C0D9_9PEZI	8
fam_001748	tr|A0ACF5C1K2|A0ACF5C1K2_9PEZI	5
fam_001749	tr|A0ACF5C6E2|A0ACF5C6E2_9PEZI	5
fam_001750	tr|A0ACF5C6T3|A0ACF5C6T3_9PEZI	9
fam_001751	tr|A0ACF5CDY7|A0ACF5CDY7_9PEZI	4
fam_001752	tr|A0ACF5CFP5|A0ACF5CFP5_9PEZI	2
fam_001753	tr|A0ACF5CGQ4|A0ACF5CGQ4_9PEZI	5
fam_001754	tr|A0ACF5CH70|A0ACF5CH70_9PEZI	4
fam_001755	tr|A0ACF5BIH7|A0ACF5BIH7_9PEZI	2
fam_001756	tr|A0ACF5BN03|A0ACF5BN03_9PEZI	6
fam_001757	tr|A0ACF5BSZ5|A0ACF5BSZ5_9PEZI	2
fam_001758	tr|A0ACF5BVJ7|A0ACF5BVJ7_9PEZI	4
fam_001759	tr|A0ACF5BXI0|A0ACF5BXI0_9PEZI	5
fam_001760	tr|A0ACF5BXI2|A0ACF5BXI2_9PEZI	5
fam_001761	tr|A0ACF5BYD9|A0ACF5BYD9_9PEZI	5
fam_001762	tr|A0ACF5BYH7|A0ACF5BYH7_9PEZI	1
fam_001763	tr|A0ACF5BWS1|A0ACF5BWS1_9PEZI	1
fam_001764	tr|Q1K8S8|Q1K8S8_NEUCR	4
fam_001765	tr|Q1K8S9|Q1K8S9_NEUCR	5
fam_001766	tr|Q7RWJ1|Q7RWJ1_NEUCR	4
fam_001767	tr|Q7RWK7|Q7RWK7_NEUCR	5
fam_001768	tr|Q7RYN3|Q7RYN3_NEUCR	5
fam_001769	tr|Q7S1W0|Q7S1W0_NEUCR	3
fam_001770	tr|Q7S260|Q7S260_NEUCR	4
fam_001771	sp|Q7S8W7|ESF2_NEUCR	4
fam_001772	tr|Q7SE69|Q7SE69_NEUCR	4
fam_001773	sp|Q7SGL3|NNRE_NEUCR	5
fam_001774	tr|V5IMQ8|V5IMQ8_NEUCR	4
fam_001775	tr|Q1K4Z4|Q1K4Z4_NEUCR	10
fam_001776	tr|Q1K5A8|Q1K5A8_NEUCR	2
fam_001777	tr|Q7RW29|Q7RW29_NEUCR	2
fam_001778	tr|Q7RX47|Q7RX47_NEUCR	5
fam_001779	tr|Q7RZF6|Q7RZF6_NEUCR	4
fam_001780	tr|Q7RZY4|Q7RZY4_NEUCR	5
fam_001781	tr|Q7S671|Q7S671_NEUCR	2
fam_001782	sp|Q7S6X6|ARP6_NEUCR	5
fam_001783	tr|Q7SCW3|Q7SCW3_NEUCR	5
fam_001784	tr|Q7SE67|Q7SE67_NEUCR	4
fam_001785	tr|V5IQY5|V5IQY5_NEUCR	5
fam_001786	tr|Q1K5L6|Q1K5L6_NEUCR	3
fam_001787	tr|Q1K665|Q1K665_NEUCR	5
fam_001788	tr|Q1K713|Q1K713_NEUCR	5
fam_001789	tr|Q7S3H8|Q7S3H8_NEUCR	4
fam_001790	tr|Q7S5T7|Q7S5T7_NEUCR	5
fam_001791	tr|Q7SD92|Q7SD92_NEUCR	3
fam_001792	tr|Q7SFL9|Q7SFL9_NEUCR	4
fam_001793	tr|Q7SG56|Q7SG56_NEUCR	3
fam_001794	tr|Q7SHM0|Q7SHM0_NEUCR	4
fam_001795	tr|A7UWW8|A7UWW8_NEUCR	3
fam_001796	sp|Q01356|ARG13_NEUCR	5
fam_001797	tr|Q1K679|Q1K679_NEUCR	5
fam_001798	tr|F9X7K8|F9X7K8_ZYMTI	3
fam_001799	tr|F9XBQ4|F9XBQ4_ZYMTI	5
fam_001800	tr|F9XDW7|F9XDW7_ZYMTI	2
fam_001801	tr|F9XGD5|F9XGD5_ZYMTI	2
fam_001802	tr|F9XMP6|F9XMP6_ZYMTI	4
fam_001803	tr|F9XQD5|F9XQD5_ZYMTI	15
fam_001804	tr|F9XRL0|F9XRL0_ZYMTI	2
fam_001805	tr|F9WY24|F9WY24_ZYMTI	5
fam_001806	tr|F9WZ75|F9WZ75_ZYMTI	4
fam_001807	tr|F9WZR6|F9WZR6_ZYMTI	6
fam_001808	tr|F9X0U8|F9X0U8_ZYMTI	6
fam_001809	tr|F9X0W7|F9X0W7_ZYMTI	19
fam_001810	tr|F9X3E6|F9X3E6_ZYMTI	5
fam_001811	tr|F9X6A8|F9X6A8_ZYMTI	4
fam_001812	tr|F9X9I7|F9X9I7_ZYMTI	3
fam_001813	tr|F9X9P0|F9X9P0_ZYMTI	5
fam_001814	tr|F9XD63|F9XD63_ZYMTI	2
fam_001815	tr|F9XDJ9|F9XDJ9_ZYMTI	4
fam_001816	tr|F9XDQ8|F9XDQ8_ZYMTI	5
fam_001817	tr|F9XI35|F9XI35_ZYMTI	2
fam_001818	tr|F9XK92|F9XK92_ZYMTI	2
fam_001819	tr|F9XME2|F9XME2_ZYMTI	2
fam_001820	tr|F9XNS3|F9XNS3_ZYMTI	44
fam_001821	tr|F9XPD1|F9XPD1_ZYMTI	2
fam_001822	tr|F9WY83|F9WY83_ZYMTI	3
fam_001823	tr|F9X1J1|F9X1J1_ZYMTI	20
fam_001824	tr|F9X326|F9X326_ZYMTI	4
fam_001825	tr|F9X341|F9X341_ZYMTI	4
fam_001826	tr|F9X888|F9X888_ZYMTI	3
fam_001827	tr|F9X8V8|F9X8V8_ZYMTI	4
fam_001828	tr|F9XBA7|F9XBA7_ZYMTI	4
fam_001829	tr|F9XBU8|F9XBU8_ZYMTI	6
fam_001830	tr|F9XGZ2|F9XGZ2_ZYMTI	1
fam_001831	tr|F9WZZ8|F9WZZ8_ZYMTI	1
fam_001832	tr|F9XHY4|F9XHY4_ZYMTI	5
fam_001833	tr|F9XIB3|F9XIB3_ZYMTI	5
fam_001834	tr|F9XIL8|F9XIL8_ZYMTI	5
fam_001835	tr|F9XIQ0|F9XIQ0_ZYMTI	3
fam_001836	tr|F9XK20|F9XK20_ZYMTI	5
fam_001837	tr|F9XK24|F9XK24_ZYMTI	3
fam_001838	tr|F9WY80|F9WY80_ZYMTI	2
fam_001839	tr|F9WZL9|F9WZL9_ZYMTI	5
fam_001840	tr|F9X738|F9X738_ZYMTI	5
fam_001841	tr|F9X7K4|F9X7K4_ZYMTI	2
fam_001842	tr|F9XC29|F9XC29_ZYMTI	2
fam_001843	tr|F9XDB1|F9XDB1_ZYMTI	2
fam_001844	tr|F9XG15|F9XG15_ZYMTI	2
fam_001845	tr|F9XGC9|F9XGC9_ZYMTI	60
fam_001846	tr|F9XHF2|F9XHF2_ZYMTI	3
fam_001847	sp|F9XHX3|LYSM1_ZYMTI	2
fam_001848	tr|F9XJN8|F9XJN8_ZYMTI	2
fam_001849	tr|F9XMN2|F9XMN2_ZYMTI	2
fam_001850	tr|F9WX05|F9WX05_ZYMTI	3
fam_001851	tr|F9WY26|F9WY26_ZYMTI	4
fam_001852	tr|F9WYL8|F9WYL8_ZYMTI	5
fam_001853	tr|F9X066|F9X066_ZYMTI	2
fam_001854	tr|F9X0X6|F9X0X6_ZYMTI	6
fam_001855	tr|F9X167|F9X167_ZYMTI	5
fam_001856	tr|F9X2B4|F9X2B4_ZYMTI	5
fam_001857	tr|F9X4E3|F9X4E3_ZYMTI	4
fam_001858	tr|F9X5J4|F9X5J4_ZYMTI	2
fam_001859	tr|F9X710|F9X710_ZYMTI	2
fam_001860	tr|F9XD32|F9XD32_ZYMTI	4
fam_001861	tr|F9XGD2|F9XGD2_ZYMTI	5
fam_001862	tr|F9XIH0|F9XIH0_ZYMTI	3
fam_001863	tr|F9XKA0|F9XKA0_ZYMTI	1
fam_001864	tr|F9XBP7|F9XBP7_ZYMTI	1
fam_001865	tr|F9XLN0|F9XLN0_ZYMTI	4
fam_001866	tr|F9WWA8|F9WWA8_ZYMTI	13
fam_001867	tr|F9WWC6|F9WWC6_ZYMTI	3
fam_001868	tr|F9WWP4|F9WWP4_ZYMTI	2
fam_001869	tr|F9WXN7|F9WXN7_ZYMTI	6
fam_001870	tr|F9WYB3|F9WYB3_ZYMTI	4
fam_001871	tr|F9X009|F9X009_ZYMTI	4
fam_001872	tr|F9X1U8|F9X1U8_ZYMTI	2
fam_001873	tr|F9X3Y4|F9X3Y4_ZYMTI	3
fam_001874	tr|F9X413|F9X413_ZYMTI	9
fam_001875	tr|F9X427|F9X427_ZYMTI	2
fam_001876	tr|F9XDF0|F9XDF0_ZYMTI	5
fam_001877	tr|F9XE30|F9XE30_ZYMTI	3
fam_001878	tr|F9XEZ3|F9XEZ3_ZYMTI	4
fam_001879	tr|F9XH38|F9XH38_ZYMTI	5
fam_001880	tr|F9XHZ4|F9XHZ4_ZYMTI	5
fam_001881	tr|F9XM13|F9XM13_ZYMTI	3
fam_001882	tr|F9XMS4|F9XMS4_ZYMTI	4
fam_001883	tr|F9X5M0|F9X5M0_ZYMTI	3
fam_001884	tr|F9X718|F9X718_ZYMTI	5
fam_001885	tr|F9X784|F9X784_ZYMTI	6
fam_001886	tr|F9XD65|F9XD65_ZYMTI	1
fam_001887	tr|F9X0X4|F9X0X4_ZYMTI	1
fam_001888	tr|F9XHB6|F9XHB6_ZYMTI	5
fam_001889	tr|F9XL91|F9XL91_ZYMTI	2
fam_001890	tr|F9XLD1|F9XLD1_ZYMTI	3
fam_001891	tr|F9XMF4|F9XMF4_ZYMTI	5
fam_001892	tr|F9XNC4|F9XNC4_ZYMTI	4
fam_001893	tr|F9WWE0|F9WWE0_ZYMTI	4
fam_001894	tr|F9WYV4|F9WYV4_ZYMTI	5
fam_001895	tr|F9X2B6|F9X2B6_ZYMTI	2
fam_001896	tr|F9X2D1|F9X2D1_ZYMTI	4
fam_001897	tr|F9X2P7|F9X2P7_ZYMTI	2
fam_001898	tr|F9X2W2|F9X2W2_ZYMTI	2
fam_001899	tr|F9X333|F9X333_ZYMTI	5
fam_001900	tr|F9X3A4|F9X3A4_ZYMTI	6
fam_001901	tr|F9X481|F9X481_ZYMTI	3
fam_001902	tr|F9X6U2|F9X6U2_ZYMTI	4
fam_001903	tr|F9X7D2|F9X7D2_ZYMTI	7
fam_001904	tr|F9X809|F9X809_ZYMTI	3
fam_001905	tr|F9X9E6|F9X9E6_ZYMTI	3
fam_001906	tr|F9XC28|F9XC28_ZYMTI	5
fam_001907	tr|F9XCN8|F9XCN8_ZYMTI	5
fam_001908	tr|F9XI55|F9XI55_ZYMTI	5
fam_001909	tr|F9XIU1|F9XIU1_ZYMTI	6
fam_001910	tr|F9XPQ2|F9XPQ2_ZYMTI	5
fam_001911	tr|F9WZ03|F9WZ03_ZYMTI	5
fam_001912	tr|F9X2S5|F9X2S5_ZYMTI	2
fam_001913	tr|F9X4J0|F9X4J0_ZYMTI	5
fam_001914	tr|F9X640|F9X640_ZYMTI	4
fam_001915	tr|F9XAS8|F9XAS8_ZYMTI	2
fam_001916	tr|Q4WY48|Q4WY48_ASPFU	2
fam_001917	tr|A4D9S7|A4D9S7_ASPFU	3
fam_001918	tr|E9R963|E9R963_ASPFU	5
fam_001919	tr|H9CJR8|H9CJR8_ASPFU	2
fam_001920	tr|Q4WBP1|Q4WBP1_ASPFU	5
fam_001921	tr|Q4WCR0|Q4WCR0_ASPFU	4
fam_001922	tr|Q4WE02|Q4WE02_ASPFU	3
fam_001923	tr|Q4WE97|Q4WE97_ASPFU	4
fam_001924	sp|Q4WHN5|ATG13_ASPFU	4
fam_001925	tr|Q4WIB8|Q4WIB8_ASPFU	2
fam_001926	tr|Q4WJD4|Q4WJD4_ASPFU	3
fam_001927	tr|Q4WJG4|Q4WJG4_ASPFU	2
fam_001928	tr|Q4WJR6|Q4WJR6_ASPFU	4
fam_001929	tr|Q4WM90|Q4WM90_ASPFU	2
fam_001930	tr|Q4WQL5|Q4WQL5_ASPFU	2
fam_001931	tr|Q4WUT5|Q4WUT5_ASPFU	5
fam_001932	tr|Q4WVS0|Q4WVS0_ASPFU	4
fam_001933	tr|Q4WWN1|Q4WWN1_ASPFU	2
fam_001934	tr|Q4WYM0|Q4WYM0_ASPFU	5
fam_001935	tr|Q4WYX8|Q4WYX8_ASPFU	5
fam_001936	tr|Q4X0K1|Q4X0K1_ASPFU	2
fam_001937	tr|Q4X1Y5|Q4X1Y5_ASPFU	2
fam_001938	tr|Q4X1Z0|Q4X1Z0_ASPFU	5
fam_001939	tr|A4D9S3|A4D9S3_ASPFU	4
fam_001940	tr|A4DA80|A4DA80_ASPFU	2
fam_001941	tr|H9CJQ5|H9CJQ5_ASPFU	2
fam_001942	tr|Q4WA34|Q4WA34_ASPFU	2
fam_001943	tr|Q4WB81|Q4WB81_ASPFU	11
fam_001944	tr|Q4WBD5|Q4WBD5_ASPFU	2
fam_001945	tr|Q4WDM9|Q4WDM9_ASPFU	5
fam_001946	tr|Q4WEX4|Q4WEX4_ASPFU	2
fam_001947	tr|Q4WG08|Q4WG08_ASPFU	2
fam_001948	tr|Q4WHJ2|Q4WHJ2_ASPFU	3
fam_001949	sp|Q4WHT8|FAHA_ASPFU	7
fam_001950	tr|Q4WIX4|Q4WIX4_ASPFU	4
fam_001951	tr|Q4WPC1|Q4WPC1_ASPFU	2
fam_001952	sp|Q4WQZ0|TPCH_ASPFU	3
fam_001953	sp|Q4WTF3|RSP5_ASPFU	4
fam_001954	tr|Q4WU42|Q4WU42_ASPFU	5
fam_001955	tr|Q4WUB6|Q4WUB6_ASPFU	3
fam_001956	tr|Q4WV32|Q4WV32_ASPFU	3
fam_001957	tr|Q4WWM3|Q4WWM3_ASPFU	2
fam_001958	tr|Q4WY25|Q4WY25_ASPFU	2
fam_001959	tr|Q4X1Z4|Q4X1Z4_ASPFU	4
fam_001960	sp|A4D9U3|HMGR_ASPFU	6
fam_001961	tr|Q4WAB8|Q4WAB8_ASPFU	2
fam_001962	tr|Q4WBM6|Q4WBM6_ASPFU	2
fam_001963	sp|Q4WDN4|OPSB_ASPFU	10
fam_001964	tr|Q4WF58|Q4WF58_ASPFU	3
fam_001965	tr|Q4WIG8|Q4WIG8_ASPFU	4
fam_001966	tr|Q4WIV0|Q4WIV0_ASPFU	2
fam_001967	tr|Q4WJT6|Q4WJT6_ASPFU	5
fam_001968	tr|Q4WJX9|Q4WJX9_ASPFU	2
fam_001969	tr|Q4WKE9|Q4WKE9_ASPFU	4
fam_001970	tr|Q4WKY7|Q4WKY7_ASPFU	2
fam_001971	tr|Q4WNW5|Q4WNW5_ASPFU	5
fam_001972	tr|Q4WPC6|Q4WPC6_ASPFU	3
fam_001973	tr|Q4WPX6|Q4WPX6_ASPFU	2
fam_001974	tr|Q4WRS3|Q4WRS3_ASPFU	2
fam_001975	tr|Q4WTY2|Q4WTY2_ASPFU	5
fam_001976	tr|Q4WWV9|Q4WWV9_ASPFU	3
fam_001977	tr|Q4WYX1|Q4WYX1_ASPFU	3
fam_001978	tr|Q4WZR5|Q4WZR5_ASPFU	4
fam_001979	tr|Q4X1J5|Q4X1J5_ASPFU	10
fam_001980	tr|Q4X1S3|Q4X1S3_ASPFU	4
fam_001981	tr|A4GYZ4|A4GYZ4_ASPFU	4
fam_001982	sp|E9QSG0|DSCA_ASPFU	5
fam_001983	tr|E9QT95|E9QT95_ASPFU	3
fam_001984	tr|E9R8C2|E9R8C2_ASPFU	3
fam_001985	tr|Q4WET3|Q4WET3_ASPFU	5
fam_001986	tr|Q4WHN1|Q4WHN1_ASPFU	5
fam_001987	tr|Q4WKL4|Q4WKL4_ASPFU	3
fam_001988	tr|Q4WP91|Q4WP91_ASPFU	2
fam_001989	tr|Q4WS81|Q4WS81_ASPFU	4
fam_001990	sp|Q4WUS1|ABCI_ASPFU	22
fam_001991	tr|Q4WUU0|Q4WUU0_ASPFU	5
fam_001992	tr|Q4WV48|Q4WV48_ASPFU	3
fam_001993	tr|Q4WVB4|Q4WVB4_ASPFU	3
fam_001994	sp|Q4WVT3|MCH1_ASPFU	5
fam_001995	tr|Q4WW91|Q4WW91_ASPFU	2
fam_001996	tr|Q4WXQ1|Q4WXQ1_ASPFU	4
fam_001997	tr|Q4X1Q3|Q4X1Q3_ASPFU	5
fam_001998	tr|Q4X1V5|Q4X1V5_ASPFU	2
fam_001999	tr|A4D9J2|A4D9J2_ASPFU	3
fam_002000	tr|A4DA38|A4DA38_ASPFU	2
fam_002001	tr|Q4W9Q4|Q4W9Q4_ASPFU	5
fam_002002	tr|Q4WA06|Q4WA06_ASPFU	2
fam_002003	tr|Q4WC71|Q4WC71_ASPFU	4
fam_002004	tr|Q4WD75|Q4WD75_ASPFU	4
fam_002005	tr|Q4WFF7|Q4WFF7_ASPFU	7
fam_002006	tr|Q4WHV0|Q4WHV0_ASPFU	4
fam_002007	tr|Q4WIG3|Q4WIG3_ASPFU	11
fam_002008	tr|Q4WIH5|Q4WIH5_ASPFU	3
fam_002009	tr|Q4WKX8|Q4WKX8_ASPFU	5
fam_002010	tr|Q4WNU7|Q4WNU7_ASPFU	3
fam_002011	sp|Q4WQU0|SED4_ASPFU	12
fam_002012	tr|Q4WRF5|Q4WRF5_ASPFU	2
fam_002013	tr|Q4WT38|Q4WT38_ASPFU	2
fam_002014	tr|Q4WXJ0|Q4WXJ0_ASPFU	2
fam_002015	tr|Q4WYJ2|Q4WYJ2_ASPFU	2
fam_002016	tr|Q4WYL3|Q4WYL3_ASPFU	5
fam_002017	tr|Q4WYP4|Q4WYP4_ASPFU	3
fam_002018	tr|Q4X0U9|Q4X0U9_ASPFU	5
fam_002019	tr|Q4X1I1|Q4X1I1_ASPFU	2
fam_002020	tr|Q4X1X5|Q4X1X5_ASPFU	2
fam_002021	tr|A4D9H0|A4D9H0_ASPFU	2
fam_002022	tr|A4DA46|A4DA46_ASPFU	2
fam_002023	tr|E9RB40|E9RB40_ASPFU	3
fam_002024	tr|Q4W911|Q4W911_ASPFU	3
fam_002025	tr|Q4WB31|Q4WB31_ASPFU	3
fam_002026	sp|Q4WDH9|MED6_ASPFU	4
fam_002027	sp|Q4WG40|PXR1_ASPFU	5
fam_002028	tr|Q4WHY4|Q4WHY4_ASPFU	4
fam_002029	tr|Q4WJT3|Q4WJT3_ASPFU	6
fam_002030	sp|Q4WJX7|SIDL_ASPFU	4
fam_002031	tr|Q4WM25|Q4WM25_ASPFU	3
fam_002032	tr|Q4WMZ1|Q4WMZ1_ASPFU	4
fam_002033	tr|Q4WN03|Q4WN03_ASPFU	4
fam_002034	tr|Q4WQD2|Q4WQD2_ASPFU	2
fam_002035	tr|Q4WRA3|Q4WRA3_ASPFU	5
fam_002036	tr|Q4WTX3|Q4WTX3_ASPFU	5
fam_002037	tr|Q4WUI9|Q4WUI9_ASPFU	3
fam_002038	tr|Q4WVP6|Q4WVP6_ASPFU	2
fam_002039	tr|Q4WXG9|Q4WXG9_ASPFU	8
fam_002040	tr|Q4WYW8|Q4WYW8_ASPFU	3
fam_002041	tr|Q4X092|Q4X092_ASPFU	5
fam_002042	tr|Q4X0U0|Q4X0U0_ASPFU	2
fam_002043	tr|E9QX60|E9QX60_ASPFU	2
fam_002044	tr|Q4W9N8|Q4W9N8_ASPFU	5
fam_002045	tr|Q4WBA3|Q4WBA3_ASPFU	3
fam_002046	tr|Q4WCQ3|Q4WCQ3_ASPFU	3
fam_002047	tr|Q4WEB0|Q4WEB0_ASPFU	5
fam_002048	tr|Q4WH81|Q4WH81_ASPFU	5
fam_002049	tr|Q4WJF5|Q4WJF5_ASPFU	2
fam_002050	tr|Q4WJF7|Q4WJF7_ASPFU	2
fam_002051	tr|Q4WR90|Q4WR90_ASPFU	2
fam_002052	tr|Q4WUM6|Q4WUM6_ASPFU	3
fam_002053	tr|Q4WW72|Q4WW72_ASPFU	2
fam_002054	tr|Q4WX27|Q4WX27_ASPFU	5
fam_002055	tr|Q4WX47|Q4WX47_ASPFU	5
fam_002056	tr|Q4WXY1|Q4WXY1_ASPFU	4
fam_002057	sp|Q4WZ44|NRPS7_ASPFU	1
fam_002058	sp|Q4WF61|SIDE_ASPFU	1
fam_002059	tr|Q4WZK5|Q4WZK5_ASPFU	1
fam_002060	tr|Q4W9D7|Q4W9D7_ASPFU	1
fam_002061	tr|Q4WZQ3|Q4WZQ3_ASPFU	4
fam_002062	tr|Q4X1V9|Q4X1V9_ASPFU	5
fam_002063	tr|A4D9E8|A4D9E8_ASPFU	2
fam_002064	tr|Q4WCL7|Q4WCL7_ASPFU	5
fam_002065	tr|Q4WD76|Q4WD76_ASPFU	5
fam_002066	tr|Q4WDB4|Q4WDB4_ASPFU	5
fam_002067	tr|Q4WEX5|Q4WEX5_ASPFU	4
fam_002068	tr|Q4WGJ9|Q4WGJ9_ASPFU	5
fam_002069	tr|Q4WGL0|Q4WGL0_ASPFU	4
fam_002070	tr|Q4WGP6|Q4WGP6_ASPFU	2
fam_002071	tr|Q4WIJ8|Q4WIJ8_ASPFU	3
fam_002072	sp|Q4WJM6|PIN4_ASPFU	5
fam_002073	tr|Q4WLA6|Q4WLA6_ASPFU	5
fam_002074	sp|Q4WUE0|ARGJ_ASPFU	5
fam_002075	tr|Q4WVL4|Q4WVL4_ASPFU	5
fam_002076	tr|Q4WXI7|Q4WXI7_ASPFU	3
fam_002077	sp|Q4WZY1|AT222_ASPFU	6
fam_002078	tr|E9R3C5|E9R3C5_ASPFU	3
fam_002079	tr|H9CJQ3|H9CJQ3_ASPFU	2
fam_002080	tr|Q4W962|Q4W962_ASPFU	2
fam_002081	tr|Q4WBU8|Q4WBU8_ASPFU	4
fam_002082	tr|Q4WC45|Q4WC45_ASPFU	4
fam_002083	tr|Q4WFQ1|Q4WFQ1_ASPFU	4
fam_002084	sp|Q4WJ59|ERG4B_ASPFU	3
fam_002085	tr|Q4WJ72|Q4WJ72_ASPFU	2
fam_002086	tr|Q4WLB6|Q4WLB6_ASPFU	3
fam_002087	tr|Q4WM15|Q4WM15_ASPFU	2
fam_002088	sp|Q4WMB6|PPIL3_ASPFU	2
fam_002089	tr|Q4WQ67|Q4WQ67_ASPFU	2
fam_002090	tr|Q4WQ70|Q4WQ70_ASPFU	4
fam_002091	tr|Q4WRJ5|Q4WRJ5_ASPFU	2
fam_002092	tr|Q4WSA2|Q4WSA2_ASPFU	2
fam_002093	tr|Q4WTM3|Q4WTM3_ASPFU	2
fam_002094	sp|Q4WVH5|ATG16_ASPFU	4
fam_002095	tr|Q4X1X8|Q4X1X8_ASPFU	4
fam_002096	sp|Q7Z7W6|KATG_ASPFU	4
fam_002097	tr|H9CJQ9|H9CJQ9_ASPFU	2
fam_002098	tr|Q4W9M0|Q4W9M0_ASPFU	2
fam_002099	tr|Q4WFL8|Q4WFL8_ASPFU	3
fam_002100	tr|Q4WGG8|Q4WGG8_ASPFU	3
fam_002101	tr|Q4WI98|Q4WI98_ASPFU	2
fam_002102	tr|Q4WID2|Q4WID2_ASPFU	2
fam_002103	tr|Q4WQG6|Q4WQG6_ASPFU	3
fam_002104	sp|Q4WTM9|RS3A_ASPFU	5
fam_002105	sp|Q4WVM1|RAD5_ASPFU	5
fam_002106	tr|Q4WXC8|Q4WXC8_ASPFU	3
fam_002107	tr|Q4WYI5|Q4WYI5_ASPFU	3
fam_002108	tr|Q4WAA3|Q4WAA3_ASPFU	3
fam_002109	sp|Q4WED6|XANF_ASPFU	2
fam_002110	tr|Q4WGA5|Q4WGA5_ASPFU	4
fam_002111	tr|Q4WGD8|Q4WGD8_ASPFU	2
fam_002112	tr|Q4WGF7|Q4WGF7_ASPFU	3
fam_002113	tr|Q4WGR5|Q4WGR5_ASPFU	6
fam_002114	tr|Q4WGZ0|Q4WGZ0_ASPFU	3
fam_002115	sp|Q4WHH4|IML1_ASPFU	4
fam_002116	tr|Q4WHX6|Q4WHX6_ASPFU	4
fam_002117	tr|Q4WIR3|Q4WIR3_ASPFU	2
fam_002118	tr|Q4WIY9|Q4WIY9_ASPFU	15
fam_002119	sp|Q4WLD0|PYR6_ASPFU	1
fam_002120	sp|Q4WBI5|SPYF_ASPFU	1
fam_002121	tr|Q4WQE9|Q4WQE9_ASPFU	4
fam_002122	tr|Q4WR85|Q4WR85_ASPFU	5
fam_002123	sp|Q4WTL0|CIAO1_ASPFU	5
fam_002124	tr|Q4WTQ8|Q4WTQ8_ASPFU	3
fam_002125	tr|Q4WV54|Q4WV54_ASPFU	2
fam_002126	tr|Q4WV81|Q4WV81_ASPFU	5
fam_002127	tr|Q4WYS5|Q4WYS5_ASPFU	2
fam_002128	tr|Q4WZU8|Q4WZU8_ASPFU	3
fam_002129	tr|Q4X133|Q4X133_ASPFU	2
fam_002130	tr|E9QXL9|E9QXL9_ASPFU	4
fam_002131	tr|Q4WAN3|Q4WAN3_ASPFU	5
fam_002132	tr|Q4WEM5|Q4WEM5_ASPFU	2
fam_002133	tr|Q4WEU0|Q4WEU0_ASPFU	5
fam_002134	tr|Q4WFI8|Q4WFI8_ASPFU	6
fam_002135	tr|Q4WG80|Q4WG80_ASPFU	2
fam_002136	tr|Q4WI82|Q4WI82_ASPFU	3
fam_002137	tr|Q4WIY1|Q4WIY1_ASPFU	2
fam_002138	tr|Q4WKC6|Q4WKC6_ASPFU	2
fam_002139	sp|Q4WMS3|MAK5_ASPFU	5
fam_002140	tr|Q4WP77|Q4WP77_ASPFU	5
fam_002141	tr|Q4WQA8|Q4WQA8_ASPFU	5
fam_002142	tr|Q4WQF2|Q4WQF2_ASPFU	2
fam_002143	tr|Q4WH86|Q4WH86_ASPFU	5
fam_002144	tr|Q4WJF0|Q4WJF0_ASPFU	5
fam_002145	sp|Q4WMF9|FAOX2_ASPFU	1
fam_002146	sp|Q4WIF5|FAOX1_ASPFU	1
fam_002147	tr|Q4WT71|Q4WT71_ASPFU	2
fam_002148	tr|Q4WX14|Q4WX14_ASPFU	2
fam_002149	tr|Q4WYK0|Q4WYK0_ASPFU	5
fam_002150	tr|Q4WZV8|Q4WZV8_ASPFU	3
fam_002151	tr|Q4X1S5|Q4X1S5_ASPFU	3
fam_002152	tr|H9CJQ2|H9CJQ2_ASPFU	2
fam_002153	tr|Q4WC10|Q4WC10_ASPFU	1
fam_002154	tr|Q4WA87|Q4WA87_ASPFU	1
fam_002155	tr|Q4WCJ1|Q4WCJ1_ASPFU	5
fam_002156	tr|Q4WCK5|Q4WCK5_ASPFU	3
fam_002157	tr|Q4WCX0|Q4WCX0_ASPFU	3
fam_002158	tr|Q4WGA0|Q4WGA0_ASPFU	5
fam_002159	tr|Q4WH44|Q4WH44_ASPFU	2
fam_002160	sp|Q4WHP3|STE20_ASPFU	4
fam_002161	tr|Q4WI26|Q4WI26_ASPFU	3
fam_002162	tr|Q4WMI2|Q4WMI2_ASPFU	5
fam_002163	tr|Q4WNJ8|Q4WNJ8_ASPFU	3
fam_002164	tr|Q4WVY8|Q4WVY8_ASPFU	6
fam_002165	sp|Q4WWA0|HAC6_ASPFU	3
fam_002166	sp|Q4WYA1|REXO3_ASPFU	5
fam_002167	tr|Q4WYT1|Q4WYT1_ASPFU	2
fam_002168	tr|Q4WYW0|Q4WYW0_ASPFU	3
fam_002169	tr|Q4WZL9|Q4WZL9_ASPFU	5
fam_002170	tr|A4DA75|A4DA75_ASPFU	5
fam_002171	tr|E9R3D0|E9R3D0_ASPFU	4
fam_002172	tr|Q4W9V9|Q4W9V9_ASPFU	2
fam_002173	tr|Q4WBC5|Q4WBC5_ASPFU	3
fam_002174	tr|Q4WDM1|Q4WDM1_ASPFU	5
fam_002175	tr|Q4WE46|Q4WE46_ASPFU	2
fam_002176	tr|Q4WH00|Q4WH00_ASPFU	2
fam_002177	tr|Q4WJW5|Q4WJW5_ASPFU	2
fam_002178	tr|Q4WJX6|Q4WJX6_ASPFU	9
fam_002179	tr|Q4WKR6|Q4WKR6_ASPFU	2
fam_002180	tr|Q4WL71|Q4WL71_ASPFU	2
fam_002181	tr|Q4WNB0|Q4WNB0_ASPFU	5
fam_002182	tr|Q4WNH5|Q4WNH5_ASPFU	5
fam_002183	sp|Q4WNN2|GET1_ASPFU	5
fam_002184	tr|Q4WQ37|Q4WQ37_ASPFU	5
fam_002185	tr|Q4WTG3|Q4WTG3_ASPFU	3
fam_002186	tr|Q4WTU0|Q4WTU0_ASPFU	2
fam_002187	tr|Q4WW88|Q4WW88_ASPFU	10
fam_002188	tr|Q4WX84|Q4WX84_ASPFU	4
fam_002189	tr|J3K4H8|J3K4H8_COCIM	3
fam_002190	tr|J3K4L1|J3K4L1_COCIM	5
fam_002191	tr|J3K6T7|J3K6T7_COCIM	5
fam_002192	tr|J3K806|J3K806_COCIM	4
fam_002193	tr|J3K9D6|J3K9D6_COCIM	5
fam_002194	tr|J3K9I6|J3K9I6_COCIM	5
fam_002195	tr|J3KBA3|J3KBA3_COCIM	5
fam_002196	tr|J3KDM0|J3KDM0_COCIM	5
fam_002197	tr|J3KEA9|J3KEA9_COCIM	5
fam_002198	tr|J3KJV7|J3KJV7_COCIM	2
fam_002199	tr|J3KKZ0|J3KKZ0_COCIM	3
fam_002200	tr|A0A0D8JS25|A0A0D8JS25_COCIM	5
fam_002201	tr|A0A0E1RX43|A0A0E1RX43_COCIM	2
fam_002202	tr|A0A0E1S096|A0A0E1S096_COCIM	5
fam_002203	tr|A0A0E1S1C2|A0A0E1S1C2_COCIM	3
fam_002204	tr|A0A0E1S2T2|A0A0E1S2T2_COCIM	4
fam_002205	tr|J3K088|J3K088_COCIM	5
fam_002206	tr|J3K0X8|J3K0X8_COCIM	5
fam_002207	tr|J3K1S0|J3K1S0_COCIM	5
fam_002208	tr|J3K0V4|J3K0V4_COCIM	2
fam_002209	tr|J3K100|J3K100_COCIM	5
fam_002210	tr|J3K7A7|J3K7A7_COCIM	4
fam_002211	tr|J3K837|J3K837_COCIM	2
fam_002212	sp|J3K844|SMD_COCIM	2
fam_002213	tr|J3KCB3|J3KCB3_COCIM	2
fam_002214	tr|J3KDZ9|J3KDZ9_COCIM	2
fam_002215	tr|J3KFZ9|J3KFZ9_COCIM	4
fam_002216	tr|J3KI54|J3KI54_COCIM	4
fam_002217	tr|J3KJV5|J3KJV5_COCIM	10
fam_002218	tr|J3KK00|J3KK00_COCIM	6
fam_002219	tr|A0A0D8JUU8|A0A0D8JUU8_COCIM	5
fam_002220	tr|A0A0E1RUU3|A0A0E1RUU3_COCIM	2
fam_002221	tr|A0A0E1RXL5|A0A0E1RXL5_COCIM	2
fam_002222	tr|A0A0E1RY52|A0A0E1RY52_COCIM	2
fam_002223	tr|J3K673|J3K673_COCIM	8
fam_002224	tr|J3K732|J3K732_COCIM	5
fam_002225	tr|J3K7C4|J3K7C4_COCIM	4
fam_002226	tr|J3K9L0|J3K9L0_COCIM	4
fam_002227	tr|J3KAG7|J3KAG7_COCIM	2
fam_002228	tr|J3KDH1|J3KDH1_COCIM	3
fam_002229	tr|J3KE44|J3KE44_COCIM	3
fam_002230	tr|J3KI33|J3KI33_COCIM	5
fam_002231	tr|J3KJJ3|J3KJJ3_COCIM	5
fam_002232	sp|Q1DME8|CSM3_COCIM	3
fam_002233	tr|A0A0E1RYJ3|A0A0E1RYJ3_COCIM	5
fam_002234	tr|J3K0Q6|J3K0Q6_COCIM	3
fam_002235	tr|J3K2A9|J3K2A9_COCIM	4
fam_002236	tr|J3K2F1|J3K2F1_COCIM	3
fam_002237	tr|J3K2Q5|J3K2Q5_COCIM	4
fam_002238	tr|J3K518|J3K518_COCIM	5
fam_002239	tr|J3K580|J3K580_COCIM	5
fam_002240	tr|J3KBQ8|J3KBQ8_COCIM	5
fam_002241	tr|J3KG57|J3KG57_COCIM	5
fam_002242	tr|J3KG91|J3KG91_COCIM	3
fam_002243	sp|Q1DR42|DRE2_COCIM	4
fam_002244	tr|A0A0D8JYM6|A0A0D8JYM6_COCIM	3
fam_002245	tr|A0A0E1RVU0|A0A0E1RVU0_COCIM	2
fam_002246	tr|A0A0E1RYZ0|A0A0E1RYZ0_COCIM	5
fam_002247	tr|A0A0E1S0L2|A0A0E1S0L2_COCIM	5
fam_002248	tr|J3K0I0|J3K0I0_COCIM	2
fam_002249	tr|J3K1U7|J3K1U7_COCIM	5
fam_002250	tr|J3K8R1|J3K8R1_COCIM	2
fam_002251	tr|J3K8U9|J3K8U9_COCIM	3
fam_002252	tr|J3KB81|J3KB81_COCIM	5
fam_002253	tr|J3KCY5|J3KCY5_COCIM	7
fam_002254	tr|J3KEE5|J3KEE5_COCIM	2
fam_002255	tr|J3KF25|J3KF25_COCIM	5
fam_002256	tr|J3KGX8|J3KGX8_COCIM	2
fam_002257	tr|J3KGZ9|J3KGZ9_COCIM	4
fam_002258	tr|J3KI02|J3KI02_COCIM	3
fam_002259	tr|A0A0D8JVE0|A0A0D8JVE0_COCIM	2
fam_002260	tr|A0A0D8JW47|A0A0D8JW47_COCIM	2
fam_002261	tr|A0A0E1RVM0|A0A0E1RVM0_COCIM	8
fam_002262	tr|A0A0E1RZN4|A0A0E1RZN4_COCIM	2
fam_002263	tr|A0A0E1S264|A0A0E1S264_COCIM	3
fam_002264	tr|A0A0E1S2D9|A0A0E1S2D9_COCIM	4
fam_002265	tr|J3K096|J3K096_COCIM	4
fam_002266	tr|J3K4K6|J3K4K6_COCIM	2
fam_002267	tr|J3KAU4|J3KAU4_COCIM	2
fam_002268	tr|J3KCC7|J3KCC7_COCIM	3
fam_002269	tr|J3KCL2|J3KCL2_COCIM	2
fam_002270	tr|J3KFR8|J3KFR8_COCIM	2
fam_002271	tr|J3KGY6|J3KGY6_COCIM	3
fam_002272	tr|J3KJB6|J3KJB6_COCIM	5
fam_002273	sp|Q1DJH5|COX23_COCIM	2
fam_002274	tr|A0A0D8JTD9|A0A0D8JTD9_COCIM	2
fam_002275	tr|A0A0E1RVY4|A0A0E1RVY4_COCIM	2
fam_002276	tr|A0A0E1RXR8|A0A0E1RXR8_COCIM	5
fam_002277	tr|A0A0E1S1D3|A0A0E1S1D3_COCIM	5
fam_002278	tr|J3K177|J3K177_COCIM	2
fam_002279	tr|J3K427|J3K427_COCIM	2
fam_002280	tr|J3K4A0|J3K4A0_COCIM	4
fam_002281	tr|J3K721|J3K721_COCIM	5
fam_002282	tr|J3KA43|J3KA43_COCIM	3
fam_002283	tr|J3KB65|J3KB65_COCIM	4
fam_002284	tr|J3KDA9|J3KDA9_COCIM	2
fam_002285	tr|J3KDC2|J3KDC2_COCIM	1
fam_002286	tr|A0A0D8JVE8|A0A0D8JVE8_COCIM	2
fam_002287	tr|J3KGM2|J3KGM2_COCIM	5
fam_002288	tr|J3KHP7|J3KHP7_COCIM	2
fam_002289	tr|A0A0E1RWZ4|A0A0E1RWZ4_COCIM	5
fam_002290	tr|A0A0E1S1Y6|A0A0E1S1Y6_COCIM	7
fam_002291	tr|A0A0E1S2V8|A0A0E1S2V8_COCIM	5
fam_002292	tr|J3K0C2|J3K0C2_COCIM	2
fam_002293	tr|J3K6V9|J3K6V9_COCIM	1
fam_002294	tr|J3KAJ0|J3KAJ0_COCIM	1
fam_002295	tr|J3K842|J3K842_COCIM	5
fam_002296	tr|J3K962|J3K962_COCIM	4
fam_002297	tr|J3KAY9|J3KAY9_COCIM	5
fam_002298	tr|J3KB33|J3KB33_COCIM	2
fam_002299	tr|J3KDZ6|J3KDZ6_COCIM	4
fam_002300	tr|J3KEU4|J3KEU4_COCIM	5
fam_002301	tr|J3KGI1|J3KGI1_COCIM	5
fam_002302	tr|J3KHR7|J3KHR7_COCIM	2
fam_002303	tr|A0A0E1RYR3|A0A0E1RYR3_COCIM	5
fam_002304	tr|A0A0E1RZY1|A0A0E1RZY1_COCIM	2
fam_002305	tr|A0A0E1S0T9|A0A0E1S0T9_COCIM	5
fam_002306	tr|J3K0R5|J3K0R5_COCIM	5
fam_002307	tr|J3K3Y4|J3K3Y4_COCIM	2
fam_002308	tr|J3K5X9|J3K5X9_COCIM	5
fam_002309	tr|J3K630|J3K630_COCIM	2
fam_002310	tr|J3K8I7|J3K8I7_COCIM	6
fam_002311	tr|J3KB93|J3KB93_COCIM	2
fam_002312	tr|J3KEG1|J3KEG1_COCIM	2
fam_002313	tr|J3KJ93|J3KJ93_COCIM	3
fam_002314	tr|J3KJE6|J3KJE6_COCIM	3
fam_002315	tr|J3KL79|J3KL79_COCIM	5
fam_002316	tr|J3KMC0|J3KMC0_COCIM	6
fam_002317	sp|Q1DHE5|NPR3_COCIM	3
fam_002318	tr|A0A0E1RUL0|A0A0E1RUL0_COCIM	4
fam_002319	tr|A0A0E1RUX7|A0A0E1RUX7_COCIM	2
fam_002320	tr|A0A0E1RWE2|A0A0E1RWE2_COCIM	4
fam_002321	tr|A0A0E1RXP6|A0A0E1RXP6_COCIM	2
fam_002322	tr|A0A0E1S226|A0A0E1S226_COCIM	2
fam_002323	tr|A0A0E1S4C7|A0A0E1S4C7_COCIM	6
fam_002324	tr|J3K0R7|J3K0R7_COCIM	5
fam_002325	tr|J3K137|J3K137_COCIM	2
fam_002326	tr|J3K3A0|J3K3A0_COCIM	2
fam_002327	tr|J3K7B1|J3K7B1_COCIM	4
fam_002328	tr|J3KBJ7|J3KBJ7_COCIM	5
fam_002329	tr|J3KDC0|J3KDC0_COCIM	3
fam_002330	tr|J3KHB8|J3KHB8_COCIM	5
fam_002331	tr|J3KJW0|J3KJW0_COCIM	3
fam_002332	tr|J3KLW4|J3KLW4_COCIM	3
fam_002333	tr|A0A0D8JWT7|A0A0D8JWT7_COCIM	3
fam_002334	tr|J3K1J4|J3K1J4_COCIM	5
fam_002335	tr|J3K1R5|J3K1R5_COCIM	4
fam_002336	tr|J3K3M4|J3K3M4_COCIM	3
fam_002337	tr|J3K3S6|J3K3S6_COCIM	3
fam_002338	tr|J3K663|J3K663_COCIM	3
fam_002339	tr|J3K7H2|J3K7H2_COCIM	5
fam_002340	tr|J3K9D3|J3K9D3_COCIM	3
fam_002341	tr|J3KIT3|J3KIT3_COCIM	4
fam_002342	sp|Q1DHE1|HIR1_COCIM	5
fam_002343	sp|Q1E1H4|NST1_COCIM	4
fam_002344	tr|A0A0E1RUM0|A0A0E1RUM0_COCIM	5
fam_002345	tr|A0A0E1RXN8|A0A0E1RXN8_COCIM	5
fam_002346	tr|A0A0E1RZS9|A0A0E1RZS9_COCIM	3
fam_002347	tr|J3K1Q7|J3K1Q7_COCIM	2
fam_002348	tr|J3K2X0|J3K2X0_COCIM	16
fam_002349	tr|J3K174|J3K174_COCIM	2
fam_002350	tr|J3K7D8|J3K7D8_COCIM	2
fam_002351	tr|J3K977|J3K977_COCIM	4
fam_002352	tr|J3KDE1|J3KDE1_COCIM	3
fam_002353	tr|J3KJY2|J3KJY2_COCIM	5
fam_002354	tr|J3KKV0|J3KKV0_COCIM	2
fam_002355	tr|A0A0E1RVM7|A0A0E1RVM7_COCIM	2
fam_002356	tr|A0A0E1RY35|A0A0E1RY35_COCIM	5
fam_002357	tr|A0A0E1RYT8|A0A0E1RYT8_COCIM	2
fam_002358	tr|J3K3F6|J3K3F6_COCIM	2
fam_002359	tr|J3K4Z1|J3K4Z1_COCIM	4
fam_002360	tr|J3K766|J3K766_COCIM	4
fam_002361	tr|J3K7S2|J3K7S2_COCIM	2
fam_002362	tr|J3K8A7|J3K8A7_COCIM	4
fam_002363	tr|J3K8V6|J3K8V6_COCIM	6
fam_002364	tr|J3KKC0|J3KKC0_COCIM	2
fam_002365	tr|J3KLF4|J3KLF4_COCIM	3
fam_002366	sp|Q1E7S5|MED7_COCIM	2
fam_002367	tr|A0A0D8JT45|A0A0D8JT45_COCIM	2
fam_002368	tr|A0A0D8JV00|A0A0D8JV00_COCIM	3
fam_002369	tr|A0A0E1RXD5|A0A0E1RXD5_COCIM	2
fam_002370	tr|A0A0E1RXR5|A0A0E1RXR5_COCIM	4
fam_002371	tr|A0A0E1S3C4|A0A0E1S3C4_COCIM	5
fam_002372	tr|I9XJE1|I9XJE1_COCIM	5
fam_002373	tr|J0HGQ9|J0HGQ9_COCIM	4
fam_002374	tr|J3K0U1|J3K0U1_COCIM	5
fam_002375	tr|J3K714|J3K714_COCIM	3
fam_002376	tr|J3KBY1|J3KBY1_COCIM	5
fam_002377	tr|J3KEB0|J3KEB0_COCIM	5
fam_002378	tr|J3KGX4|J3KGX4_COCIM	4
fam_002379	tr|J3KHT0|J3KHT0_COCIM	2
fam_002380	tr|J3KI85|J3KI85_COCIM	4
fam_002381	tr|J3KII1|J3KII1_COCIM	3
fam_002382	tr|J3KLJ7|J3KLJ7_COCIM	5
fam_002383	tr|A0ACF5BJW9|A0ACF5BJW9_9PEZI	3
fam_002384	tr|A0ACF5BKV0|A0ACF5BKV0_9PEZI	5
fam_002385	tr|A0ACF5BL91|A0ACF5BL91_9PEZI	5
fam_002386	tr|A0ACF5BNU4|A0ACF5BNU4_9PEZI	5
fam_002387	tr|A0ACF5BR36|A0ACF5BR36_9PEZI	2
fam_002388	tr|A0ACF5BSM6|A0ACF5BSM6_9PEZI	1
fam_002389	tr|A0ACF5BL55|A0ACF5BL55_9PEZI	2
fam_002390	tr|A0ACF5BZC3|A0ACF5BZC3_9PEZI	5
fam_002391	tr|A0ACF5C1C4|A0ACF5C1C4_9PEZI	5
fam_002392	tr|A0ACF5C4Q6|A0ACF5C4Q6_9PEZI	5
fam_002393	tr|A0ACF5C6Q0|A0ACF5C6Q0_9PEZI	4
fam_002394	tr|A0ACF5CAQ7|A0ACF5CAQ7_9PEZI	3
fam_002395	tr|A0ACF5CB08|A0ACF5CB08_9PEZI	4
fam_002396	tr|A0ACF5CG05|A0ACF5CG05_9PEZI	2
fam_002397	tr|A0ACF5CIF7|A0ACF5CIF7_9PEZI	2
fam_002398	tr|A0ACF5BM87|A0ACF5BM87_9PEZI	9
fam_002399	tr|A0ACF5BRC0|A0ACF5BRC0_9PEZI	4
fam_002400	tr|A0ACF5BWZ5|A0ACF5BWZ5_9PEZI	5
fam_002401	tr|A0ACF5C7Z8|A0ACF5C7Z8_9PEZI	3
fam_002402	tr|A0ACF5CDS7|A0ACF5CDS7_9PEZI	5
fam_002403	tr|A0ACF5BJ80|A0ACF5BJ80_9PEZI	5
fam_002404	tr|A0ACF5BQ22|A0ACF5BQ22_9PEZI	2
fam_002405	tr|A0ACF5BR92|A0ACF5BR92_9PEZI	3
fam_002406	tr|A0ACF5BS70|A0ACF5BS70_9PEZI	2
fam_002407	tr|A0ACF5BUB7|A0ACF5BUB7_9PEZI	2
fam_002408	tr|A0ACF5BZV9|A0ACF5BZV9_9PEZI	2
fam_002409	tr|A0ACF5C8C8|A0ACF5C8C8_9PEZI	2
fam_002410	tr|A0ACF5C9Q5|A0ACF5C9Q5_9PEZI	2
fam_002411	tr|A0ACF5C6F4|A0ACF5C6F4_9PEZI	1
fam_002412	tr|A0ACF5CDU9|A0ACF5CDU9_9PEZI	2
fam_002413	tr|A0ACF5CE37|A0ACF5CE37_9PEZI	5
fam_002414	tr|A0ACF5CEX2|A0ACF5CEX2_9PEZI	1
fam_002415	tr|A0ACF5CD46|A0ACF5CD46_9PEZI	1
fam_002416	tr|A0ACF5CIY5|A0ACF5CIY5_9PEZI	2
fam_002417	tr|A0ACF5BN36|A0ACF5BN36_9PEZI	5
fam_002418	tr|A0ACF5BTF5|A0ACF5BTF5_9PEZI	5
fam_002419	tr|A0ACF5BUH4|A0ACF5BUH4_9PEZI	5
fam_002420	tr|A0ACF5BKW3|A0ACF5BKW3_9PEZI	4
fam_002421	tr|A0ACF5BM43|A0ACF5BM43_9PEZI	4
fam_002422	tr|A0ACF5BMK4|A0ACF5BMK4_9PEZI	2
fam_002423	tr|A0ACF5BQ09|A0ACF5BQ09_9PEZI	4
fam_002424	tr|A0ACF5BUC3|A0ACF5BUC3_9PEZI	2
fam_002425	tr|A0ACF5BUE6|A0ACF5BUE6_9PEZI	7
fam_002426	tr|A0ACF5BVC4|A0ACF5BVC4_9PEZI	5
fam_002427	tr|A0ACF5BWV2|A0ACF5BWV2_9PEZI	4
fam_002428	tr|A0ACF5BY34|A0ACF5BY34_9PEZI	2
fam_002429	tr|A0ACF5CF20|A0ACF5CF20_9PEZI	4
fam_002430	tr|A0ACF5CGG7|A0ACF5CGG7_9PEZI	2
fam_002431	tr|A0ACF5CIW3|A0ACF5CIW3_9PEZI	5
fam_002432	tr|A0ACF5BI81|A0ACF5BI81_9PEZI	5
fam_002433	tr|A0ACF5BJL7|A0ACF5BJL7_9PEZI	6
fam_002434	tr|A0ACF5BM94|A0ACF5BM94_9PEZI	4
fam_002435	tr|A0ACF5BRV0|A0ACF5BRV0_9PEZI	5
fam_002436	tr|A0ACF5BS21|A0ACF5BS21_9PEZI	1
fam_002437	tr|A0ACF5CI14|A0ACF5CI14_9PEZI	1
fam_002438	tr|A0ACF5BU42|A0ACF5BU42_9PEZI	4
fam_002439	tr|A0ACF5BUQ4|A0ACF5BUQ4_9PEZI	5
fam_002440	tr|A0ACF5BZC0|A0ACF5BZC0_9PEZI	5
fam_002441	tr|A0ACF5CDU5|A0ACF5CDU5_9PEZI	4
fam_002442	tr|A0ACF5CDX3|A0ACF5CDX3_9PEZI	5
fam_002443	tr|A0ACF5CFR7|A0ACF5CFR7_9PEZI	4
fam_002444	tr|A0ACF5CGJ6|A0ACF5CGJ6_9PEZI	20
fam_002445	tr|A0ACF5CHV0|A0ACF5CHV0_9PEZI	3
fam_002446	tr|A0ACF5CIQ9|A0ACF5CIQ9_9PEZI	2
fam_002447	tr|A0ACF5BLV2|A0ACF5BLV2_9PEZI	3
fam_002448	tr|A0ACF5BMS5|A0ACF5BMS5_9PEZI	3
fam_002449	tr|A0ACF5BWZ0|A0ACF5BWZ0_9PEZI	5
fam_002450	tr|A0ACF5BXR4|A0ACF5BXR4_9PEZI	2
fam_002451	tr|A0ACF5BZG4|A0ACF5BZG4_9PEZI	3
fam_002452	tr|A0ACF5BZI5|A0ACF5BZI5_9PEZI	5
fam_002453	tr|A0ACF5C276|A0ACF5C276_9PEZI	1
fam_002454	tr|A0ACF5BZJ4|A0ACF5BZJ4_9PEZI	1
fam_002455	tr|A0ACF5C2F4|A0ACF5C2F4_9PEZI	4
fam_002456	tr|A0ACF5C4P8|A0ACF5C4P8_9PEZI	5
fam_002457	tr|A0ACF5C6D2|A0ACF5C6D2_9PEZI	4
fam_002458	tr|A0ACF5C826|A0ACF5C826_9PEZI	5
fam_002459	tr|A0ACF5CCY3|A0ACF5CCY3_9PEZI	5
fam_002460	tr|A0ACF5CCZ8|A0ACF5CCZ8_9PEZI	4
fam_002461	tr|A0ACF5CD14|A0ACF5CD14_9PEZI	3
fam_002462	tr|A0ACF5CDU1|A0ACF5CDU1_9PEZI	3
fam_002463	tr|A0ACF5CEC0|A0ACF5CEC0_9PEZI	2
fam_002464	tr|A0ACF5CIY3|A0ACF5CIY3_9PEZI	4
fam_002465	tr|A0ACF5BM24|A0ACF5BM24_9PEZI	4
fam_002466	tr|A0ACF5BQ65|A0ACF5BQ65_9PEZI	1
fam_002467	tr|A0ACF5BNK0|A0ACF5BNK0_9PEZI	1
fam_002468	tr|A0ACF5BQM4|A0ACF5BQM4_9PEZI	4
fam_002469	tr|A0ACF5BSL4|A0ACF5BSL4_9PEZI	2
fam_002470	tr|A0ACF5BSR0|A0ACF5BSR0_9PEZI	2
fam_002471	tr|A0ACF5BZ46|A0ACF5BZ46_9PEZI	2
fam_002472	tr|A0ACF5C372|A0ACF5C372_9PEZI	5
fam_002473	tr|A0ACF5C310|A0ACF5C310_9PEZI	5
fam_002474	tr|A0ACF5C5J6|A0ACF5C5J6_9PEZI	4
fam_002475	tr|A0ACF5C7F5|A0ACF5C7F5_9PEZI	4
fam_002476	tr|A0ACF5CEK5|A0ACF5CEK5_9PEZI	1
fam_002477	tr|A0ACF5BLR7|A0ACF5BLR7_9PEZI	1
fam_002478	tr|A0ACF5BN47|A0ACF5BN47_9PEZI	7
fam_002479	tr|A0ACF5BNC3|A0ACF5BNC3_9PEZI	2
fam_002480	tr|A0ACF5BMF0|A0ACF5BMF0_9PEZI	1
fam_002481	tr|A0ACF5BP08|A0ACF5BP08_9PEZI	5
fam_002482	tr|A0ACF5BR84|A0ACF5BR84_9PEZI	5
fam_002483	tr|A0ACF5BT02|A0ACF5BT02_9PEZI	2
fam_002484	tr|A0ACF5BXS9|A0ACF5BXS9_9PEZI	5
fam_002485	tr|A0ACF5C108|A0ACF5C108_9PEZI	2
fam_002486	tr|A0ACF5C517|A0ACF5C517_9PEZI	3
fam_002487	tr|A0ACF5C4M0|A0ACF5C4M0_9PEZI	9
fam_002488	tr|A0ACF5C4M5|A0ACF5C4M5_9PEZI	5
fam_002489	tr|A0ACF5C4T0|A0ACF5C4T0_9PEZI	8
fam_002490	tr|A0ACF5C4V8|A0ACF5C4V8_9PEZI	5
fam_002491	tr|A0ACF5C9I2|A0ACF5C9I2_9PEZI	5
fam_002492	tr|A0ACF5CCI0|A0ACF5CCI0_9PEZI	4
fam_002493	tr|A0ACF5CI12|A0ACF5CI12_9PEZI	5
fam_002494	tr|A0ACF5BJD0|A0ACF5BJD0_9PEZI	2
fam_002495	tr|A0ACF5BNF2|A0ACF5BNF2_9PEZI	2
fam_002496	tr|A0ACF5BP11|A0ACF5BP11_9PEZI	4
fam_002497	tr|A0ACF5BVG3|A0ACF5BVG3_9PEZI	5
fam_002498	tr|A0ACF5C289|A0ACF5C289_9PEZI	2
fam_002499	tr|A0ACF5C2F1|A0ACF5C2F1_9PEZI	2
fam_002500	tr|A0ACF5C369|A0ACF5C369_9PEZI	5
fam_002501	tr|A0ACF5CA93|A0ACF5CA93_9PEZI	5
fam_002502	tr|A0ACF5CB02|A0ACF5CB02_9PEZI	4
fam_002503	tr|A0ACF5CCB4|A0ACF5CCB4_9PEZI	1
fam_002504	tr|A0ACF5CF22|A0ACF5CF22_9PEZI	1
fam_002505	tr|A0ACF5CCY9|A0ACF5CCY9_9PEZI	5
fam_002506	tr|A0ACF5CD69|A0ACF5CD69_9PEZI	5
fam_002507	tr|A0ACF5BIC5|A0ACF5BIC5_9PEZI	5
fam_002508	tr|A0ACF5BMM3|A0ACF5BMM3_9PEZI	5
fam_002509	tr|A0ACF5BNS0|A0ACF5BNS0_9PEZI	5
fam_002510	tr|A0ACF5BRL3|A0ACF5BRL3_9PEZI	5
fam_002511	tr|A0ACF5BU52|A0ACF5BU52_9PEZI	2
fam_002512	tr|A0ACF5BU99|A0ACF5BU99_9PEZI	5
fam_002513	tr|A0ACF5BVF9|A0ACF5BVF9_9PEZI	2
fam_002514	tr|A0ACF5BVG2|A0ACF5BVG2_9PEZI	5
fam_002515	tr|A0ACF5BW25|A0ACF5BW25_9PEZI	5
fam_002516	tr|A0ACF5C1A4|A0ACF5C1A4_9PEZI	4
fam_002517	tr|A0ACF5C523|A0ACF5C523_9PEZI	5
fam_002518	tr|A0ACF5C5F4|A0ACF5C5F4_9PEZI	2
fam_002519	tr|A0ACF5C7L9|A0ACF5C7L9_9PEZI	5
fam_002520	tr|A0ACF5CC03|A0ACF5CC03_9PEZI	2
fam_002521	tr|A0ACF5CD13|A0ACF5CD13_9PEZI	5
fam_002522	tr|A0ACF5CD54|A0ACF5CD54_9PEZI	5
fam_002523	tr|A0ACF5CFV2|A0ACF5CFV2_9PEZI	1
fam_002524	tr|A0ACF5BR70|A0ACF5BR70_9PEZI	1
fam_002525	tr|A0ACF5BM35|A0ACF5BM35_9PEZI	5
fam_002526	tr|A0ACF5BPW5|A0ACF5BPW5_9PEZI	4
fam_002527	tr|A0ACF5BUH5|A0ACF5BUH5_9PEZI	1
fam_002528	tr|A0ACF5BVH9|A0ACF5BVH9_9PEZI	2
fam_002529	tr|A0ACF5BWR5|A0ACF5BWR5_9PEZI	5
fam_002530	tr|A0ACF5BZT7|A0ACF5BZT7_9PEZI	7
fam_002531	tr|A0ACF5C129|A0ACF5C129_9PEZI	8
fam_002532	tr|A0ACF5C3I2|A0ACF5C3I2_9PEZI	4
fam_002533	tr|A0ACF5C634|A0ACF5C634_9PEZI	5
fam_002534	tr|A0ACF5C6K4|A0ACF5C6K4_9PEZI	5
fam_002535	tr|A0ACF5CAA0|A0ACF5CAA0_9PEZI	5
fam_002536	tr|A0ACF5CBY9|A0ACF5CBY9_9PEZI	2
fam_002537	tr|A0ACF5CCG9|A0ACF5CCG9_9PEZI	5
fam_002538	tr|A0ACF5BIS8|A0ACF5BIS8_9PEZI	2
fam_002539	tr|A0ACF5BRW1|A0ACF5BRW1_9PEZI	2
fam_002540	tr|A0ACF5BXG1|A0ACF5BXG1_9PEZI	5
fam_002541	tr|A0ACF5C0T1|A0ACF5C0T1_9PEZI	3
fam_002542	tr|A0ACF5C349|A0ACF5C349_9PEZI	2
fam_002543	tr|A0ACF5C604|A0ACF5C604_9PEZI	4
fam_002544	tr|A0ACF5CA51|A0ACF5CA51_9PEZI	3
fam_002545	tr|A0ACF5CAD0|A0ACF5CAD0_9PEZI	1
fam_002546	tr|A0ACF5BL02|A0ACF5BL02_9PEZI	2
fam_002547	tr|A0ACF5CAM6|A0ACF5CAM6_9PEZI	3
fam_002548	tr|A0ACF5CDD6|A0ACF5CDD6_9PEZI	5
fam_002549	tr|A0ACF5CEC3|A0ACF5CEC3_9PEZI	5
fam_002550	tr|A0ACF5CEZ9|A0ACF5CEZ9_9PEZI	5
fam_002551	tr|A0ACF5BKS7|A0ACF5BKS7_9PEZI	4
fam_002552	tr|A0ACF5BPE4|A0ACF5BPE4_9PEZI	3
fam_002553	tr|A0ACF5BQZ5|A0ACF5BQZ5_9PEZI	5
fam_002554	tr|A0ACF5C1A9|A0ACF5C1A9_9PEZI	5
fam_002555	tr|A0ACF5BRC8|A0ACF5BRC8_9PEZI	4
fam_002556	tr|A0ACF5BRL6|A0ACF5BRL6_9PEZI	10
fam_002557	tr|A0ACF5C4Z6|A0ACF5C4Z6_9PEZI	5
fam_002558	tr|A0ACF5C6P9|A0ACF5C6P9_9PEZI	2
fam_002559	tr|A0ACF5C9R2|A0ACF5C9R2_9PEZI	6
fam_002560	tr|A0ACF5CCS8|A0ACF5CCS8_9PEZI	4
fam_002561	tr|A0ACF5CH89|A0ACF5CH89_9PEZI	5
fam_002562	tr|A0ACF5CIV2|A0ACF5CIV2_9PEZI	6
fam_002563	tr|A0ACF5BIJ5|A0ACF5BIJ5_9PEZI	5
fam_002564	tr|A0ACF5BQN1|A0ACF5BQN1_9PEZI	5
fam_002565	tr|A0ACF5BY90|A0ACF5BY90_9PEZI	5
fam_002566	tr|A0ACF5BZB7|A0ACF5BZB7_9PEZI	2
fam_002567	tr|A0ACF5C0Q3|A0ACF5C0Q3_9PEZI	2
fam_002568	tr|A0ACF5C150|A0ACF5C150_9PEZI	2
fam_002569	tr|A0ACF5C6V4|A0ACF5C6V4_9PEZI	3
fam_002570	tr|A0ACF5C7T8|A0ACF5C7T8_9PEZI	5
fam_002571	tr|A0ACF5C8F7|A0ACF5C8F7_9PEZI	4
fam_002572	tr|A0ACF5CCA3|A0ACF5CCA3_9PEZI	1
fam_002573	tr|A0ACF5BV56|A0ACF5BV56_9PEZI	1
fam_002574	tr|A0ACF5CDX5|A0ACF5CDX5_9PEZI	4
fam_002575	tr|A0ACF5CH04|A0ACF5CH04_9PEZI	2
fam_002576	tr|A0ACF5BJJ8|A0ACF5BJJ8_9PEZI	5
fam_002577	tr|A0ACF5BLN4|A0ACF5BLN4_9PEZI	2
fam_002578	tr|A0ACF5BSS7|A0ACF5BSS7_9PEZI	5
fam_002579	tr|A0ACF5BZR4|A0ACF5BZR4_9PEZI	10
fam_002580	tr|A0ACF5C1L6|A0ACF5C1L6_9PEZI	5
fam_002581	tr|A0ACF5C242|A0ACF5C242_9PEZI	10
fam_002582	tr|A0ACF5C245|A0ACF5C245_9PEZI	3
fam_002583	tr|A0ACF5C531|A0ACF5C531_9PEZI	2
fam_002584	tr|A0ACF5C4X3|A0ACF5C4X3_9PEZI	5
fam_002585	tr|A0ACF5CBQ6|A0ACF5CBQ6_9PEZI	5
fam_002586	tr|A0ACF5CIA7|A0ACF5CIA7_9PEZI	2
fam_002587	tr|A0ACF5BIJ0|A0ACF5BIJ0_9PEZI	3
fam_002588	tr|A0ACF5BMG3|A0ACF5BMG3_9PEZI	2
fam_002589	tr|A0ACF5BUU0|A0ACF5BUU0_9PEZI	5
fam_002590	tr|A0ACF5BVW3|A0ACF5BVW3_9PEZI	4
fam_002591	tr|A0ACF5C990|A0ACF5C990_9PEZI	3
fam_002592	tr|A0ACF5C9R8|A0ACF5C9R8_9PEZI	3
fam_002593	tr|A0ACF5CAU2|A0ACF5CAU2_9PEZI	5
fam_002594	tr|A0ACF5CC17|A0ACF5CC17_9PEZI	4
fam_002595	tr|A0ACF5CD33|A0ACF5CD33_9PEZI	4
fam_002596	tr|A0ACF5CII3|A0ACF5CII3_9PEZI	4
fam_002597	tr|A0ACF5BJC0|A0ACF5BJC0_9PEZI	3
fam_002598	tr|A0ACF5BS15|A0ACF5BS15_9PEZI	5
fam_002599	tr|A0ACF5BTZ0|A0ACF5BTZ0_9PEZI	2
fam_002600	tr|A0ACF5BUR7|A0ACF5BUR7_9PEZI	5
fam_002601	tr|A0ACF5C0S8|A0ACF5C0S8_9PEZI	4
fam_002602	tr|A0ACF5C1X9|A0ACF5C1X9_9PEZI	3
fam_002603	tr|A0ACF5CAL1|A0ACF5CAL1_9PEZI	3
fam_002604	tr|A0ACF5CC37|A0ACF5CC37_9PEZI	8
fam_002605	tr|A0ACF5CFS6|A0ACF5CFS6_9PEZI	1
fam_002606	tr|A0ACF5BQN4|A0ACF5BQN4_9PEZI	1
fam_002607	tr|A0ACF5CI25|A0ACF5CI25_9PEZI	4
fam_002608	tr|A0ACF5BKC9|A0ACF5BKC9_9PEZI	3
fam_002609	tr|A0ACF5BPU9|A0ACF5BPU9_9PEZI	5
fam_002610	tr|A0ACF5BUJ8|A0ACF5BUJ8_9PEZI	4
fam_002611	tr|A0ACF5C0M1|A0ACF5C0M1_9PEZI	1
fam_002612	tr|A0ACF5BYL3|A0ACF5BYL3_9PEZI	2
fam_002613	tr|A0ACF5C3L7|A0ACF5C3L7_9PEZI	6
fam_002614	tr|A0ACF5C6I6|A0ACF5C6I6_9PEZI	4
fam_002615	tr|A0ACF5C8F3|A0ACF5C8F3_9PEZI	4
fam_002616	tr|A0ACF5C9P1|A0ACF5C9P1_9PEZI	2
fam_002617	tr|A0ACF5CCD4|A0ACF5CCD4_9PEZI	2
fam_002618	tr|A0ACF5CDA6|A0ACF5CDA6_9PEZI	4
fam_002619	tr|A0ACF5CDW4|A0ACF5CDW4_9PEZI	3
fam_002620	tr|A0ACF5BNB2|A0ACF5BNB2_9PEZI	1
fam_002621	tr|A0ACF5BKW7|A0ACF5BKW7_9PEZI	1
fam_002622	tr|A0ACF5BT16|A0ACF5BT16_9PEZI	5
fam_002623	tr|A0ACF5C4W7|A0ACF5C4W7_9PEZI	5
fam_002624	tr|A0ACF5C929|A0ACF5C929_9PEZI	2
fam_002625	tr|A0ACF5CBU8|A0ACF5CBU8_9PEZI	5
fam_002626	tr|A0ACF5CF33|A0ACF5CF33_9PEZI	3
fam_002627	tr|A0ACF5CGC2|A0ACF5CGC2_9PEZI	5
fam_002628	tr|A0ACF5BS10|A0ACF5BS10_9PEZI	5
fam_002629	tr|A0ACF5BXT7|A0ACF5BXT7_9PEZI	5
fam_002630	tr|A0ACF5BZY7|A0ACF5BZY7_9PEZI	5
fam_002631	tr|A0ACF5C3G8|A0ACF5C3G8_9PEZI	3
fam_002632	sp|P23710|NDUS3_NEUCR	5
fam_002633	tr|Q1K705|Q1K705_NEUCR	5
fam_002634	tr|Q7RXM1|Q7RXM1_NEUCR	3
fam_002635	tr|Q7S408|Q7S408_NEUCR	4
fam_002636	tr|Q7S874|Q7S874_NEUCR	6
fam_002637	tr|Q7SAN0|Q7SAN0_NEUCR	8
fam_002638	tr|Q7SD18|Q7SD18_NEUCR	4
fam_002639	tr|U9W3P8|U9W3P8_NEUCR	4
fam_002640	tr|V5IL56|V5IL56_NEUCR	2
fam_002641	sp|P0C581|PAN2_NEUCR	5
fam_002642	tr|Q7S060|Q7S060_NEUCR	2
fam_002643	tr|Q7S0H7|Q7S0H7_NEUCR	4
fam_002644	tr|Q7S0Z2|Q7S0Z2_NEUCR	2
fam_002645	tr|Q7SBD1|Q7SBD1_NEUCR	3
fam_002646	tr|Q7SBD8|Q7SBD8_NEUCR	4
fam_002647	tr|Q7SFE7|Q7SFE7_NEUCR	2
fam_002648	tr|Q7SFQ2|Q7SFQ2_NEUCR	5
fam_002649	tr|Q7SFZ1|Q7SFZ1_NEUCR	3
fam_002650	tr|Q1K721|Q1K721_NEUCR	5
fam_002651	tr|Q1K7M6|Q1K7M6_NEUCR	5
fam_002652	tr|Q1K7U9|Q1K7U9_NEUCR	3
fam_002653	tr|Q7RX58|Q7RX58_NEUCR	2
fam_002654	tr|Q7RXJ4|Q7RXJ4_NEUCR	4
fam_002655	tr|Q7S919|Q7S919_NEUCR	15
fam_002656	tr|Q7SCP9|Q7SCP9_NEUCR	4
fam_002657	tr|U9W879|U9W879_NEUCR	4
fam_002658	tr|Q7RV33|Q7RV33_NEUCR	4
fam_002659	sp|Q7S7L4|LIS12_NEUCR	6
fam_002660	tr|Q7S9G6|Q7S9G6_NEUCR	6
fam_002661	tr|Q7SAP0|Q7SAP0_NEUCR	5
fam_002662	tr|Q7SEN8|Q7SEN8_NEUCR	3
fam_002663	tr|Q7SEX0|Q7SEX0_NEUCR	2
fam_002664	tr|Q7SHV2|Q7SHV2_NEUCR	5
fam_002665	tr|V5ILM0|V5ILM0_NEUCR	5
fam_002666	tr|Q1K873|Q1K873_NEUCR	16
fam_002667	tr|Q1K8T9|Q1K8T9_NEUCR	3
fam_002668	tr|Q7RW51|Q7RW51_NEUCR	2
fam_002669	tr|Q7RWT2|Q7RWT2_NEUCR	2
fam_002670	tr|Q7S4D5|Q7S4D5_NEUCR	5
fam_002671	tr|Q7S4E8|Q7S4E8_NEUCR	3
fam_002672	tr|Q7S8K4|Q7S8K4_NEUCR	3
fam_002673	tr|Q7SE53|Q7SE53_NEUCR	10
fam_002674	tr|Q7SF82|Q7SF82_NEUCR	2
fam_002675	tr|V5INR1|V5INR1_NEUCR	5
fam_002676	tr|Q7S0Q5|Q7S0Q5_NEUCR	14
fam_002677	tr|Q7S7H9|Q7S7H9_NEUCR	10
fam_002678	tr|Q7SBR2|Q7SBR2_NEUCR	5
fam_002679	tr|Q7SEI4|Q7SEI4_NEUCR	6
fam_002680	sp|Q9HE76|KAD2_NEUCR	5
fam_002681	tr|Q7S3P3|Q7S3P3_NEUCR	5
fam_002682	tr|Q7S9Y3|Q7S9Y3_NEUCR	5
fam_002683	tr|Q7SAL7|Q7SAL7_NEUCR	5
fam_002684	tr|Q7SGA6|Q7SGA6_NEUCR	5
fam_002685	tr|U9W842|U9W842_NEUCR	5
fam_002686	tr|V5ILY6|V5ILY6_NEUCR	3
fam_002687	tr|V5IM77|V5IM77_NEUCR	2
fam_002688	tr|V5IMS8|V5IMS8_NEUCR	2
fam_002689	tr|V5IQ24|V5IQ24_NEUCR	6
fam_002690	tr|Q1K535|Q1K535_NEUCR	5
fam_002691	tr|Q1K7A9|Q1K7A9_NEUCR	5
fam_002692	tr|Q1K905|Q1K905_NEUCR	10
fam_002693	tr|Q7RWU3|Q7RWU3_NEUCR	2
fam_002694	sp|Q7RXW8|CBPYA_NEUCR	6
fam_002695	sp|Q7RZV2|PYRG_NEUCR	5
fam_002696	tr|Q7S2F0|Q7S2F0_NEUCR	2
fam_002697	tr|Q7S5U8|Q7S5U8_NEUCR	3
fam_002698	tr|Q7S6E3|Q7S6E3_NEUCR	4
fam_002699	tr|Q7S8R6|Q7S8R6_NEUCR	7
fam_002700	tr|Q7SA21|Q7SA21_NEUCR	2
fam_002701	tr|Q7SBY2|Q7SBY2_NEUCR	5
fam_002702	tr|F9XEE8|F9XEE8_ZYMTI	6
fam_002703	tr|F9XFM8|F9XFM8_ZYMTI	3
fam_002704	tr|F9XJ73|F9XJ73_ZYMTI	10
fam_002705	tr|F9XJR8|F9XJR8_ZYMTI	2
fam_002706	tr|F9XP62|F9XP62_ZYMTI	5
fam_002707	tr|F9XPG8|F9XPG8_ZYMTI	2
fam_002708	tr|F9WW38|F9WW38_ZYMTI	2
fam_002709	tr|F9WWI8|F9WWI8_ZYMTI	8
fam_002710	tr|F9X3B6|F9X3B6_ZYMTI	2
fam_002711	tr|F9X4H5|F9X4H5_ZYMTI	5
fam_002712	tr|F9X943|F9X943_ZYMTI	4
fam_002713	tr|F9XA17|F9XA17_ZYMTI	4
fam_002714	tr|F9XB91|F9XB91_ZYMTI	5
fam_002715	tr|F9XDU2|F9XDU2_ZYMTI	2
fam_002716	tr|F9XE27|F9XE27_ZYMTI	1
fam_002717	tr|F9XHZ2|F9XHZ2_ZYMTI	1
fam_002718	tr|F9XHL1|F9XHL1_ZYMTI	4
fam_002719	tr|F9XJR9|F9XJR9_ZYMTI	5
fam_002720	tr|F9XKF4|F9XKF4_ZYMTI	2
fam_002721	tr|F9XMB7|F9XMB7_ZYMTI	2
fam_002722	tr|Q7RYH1|Q7RYH1_NEUCR	2
fam_002723	tr|Q7S9N1|Q7S9N1_NEUCR	5
fam_002724	tr|Q7SBN1|Q7SBN1_NEUCR	2
fam_002725	tr|Q7SI02|Q7SI02_NEUCR	5
fam_002726	tr|V5IMA2|V5IMA2_NEUCR	5
fam_002727	tr|V5IPH8|V5IPH8_NEUCR	4
fam_002728	tr|A7UWF5|A7UWF5_NEUCR	6
fam_002729	tr|Q1K7G9|Q1K7G9_NEUCR	5
fam_002730	tr|Q1K8A3|Q1K8A3_NEUCR	14
fam_002731	tr|Q7RU49|Q7RU49_NEUCR	3
fam_002732	tr|Q7S1Y6|Q7S1Y6_NEUCR	5
fam_002733	tr|Q7S8G3|Q7S8G3_NEUCR	2
fam_002734	tr|Q7SI31|Q7SI31_NEUCR	5
fam_002735	tr|V5IMU9|V5IMU9_NEUCR	5
fam_002736	tr|V5IPS9|V5IPS9_NEUCR	4
fam_002737	tr|A7UXB9|A7UXB9_NEUCR	5
fam_002738	sp|P22572|CARA_NEUCR	5
fam_002739	tr|Q7S7M7|Q7S7M7_NEUCR	3
fam_002740	tr|Q7S940|Q7S940_NEUCR	3
fam_002741	tr|Q7SCM6|Q7SCM6_NEUCR	4
fam_002742	tr|V5INT2|V5INT2_NEUCR	3
fam_002743	sp|P07144|VDAC_NEUCR	5
fam_002744	tr|Q1K840|Q1K840_NEUCR	4
fam_002745	tr|Q7RZ50|Q7RZ50_NEUCR	2
fam_002746	tr|Q7S0L3|Q7S0L3_NEUCR	3
fam_002747	tr|Q7S1W5|Q7S1W5_NEUCR	6
fam_002748	tr|Q7S2Y5|Q7S2Y5_NEUCR	5
fam_002749	tr|Q7S4S1|Q7S4S1_NEUCR	2
fam_002750	sp|Q7SB62|EIF3L_NEUCR	5
fam_002751	tr|Q7SBQ8|Q7SBQ8_NEUCR	5
fam_002752	tr|Q7SCG2|Q7SCG2_NEUCR	3
fam_002753	tr|Q7SDG0|Q7SDG0_NEUCR	4
fam_002754	tr|Q7SEM2|Q7SEM2_NEUCR	4
fam_002755	sp|Q9HGR3|FAEB_NEUCR	6
fam_002756	tr|U9W365|U9W365_NEUCR	5
fam_002757	tr|V5IR20|V5IR20_NEUCR	3
fam_002758	tr|Q7RYM0|Q7RYM0_NEUCR	4
fam_002759	tr|Q7S1N5|Q7S1N5_NEUCR	2
fam_002760	tr|Q7S4K9|Q7S4K9_NEUCR	6
fam_002761	tr|Q7S8L7|Q7S8L7_NEUCR	1
fam_002762	tr|Q7SG57|Q7SG57_NEUCR	1
fam_002763	sp|Q7SAA9|PSF2_NEUCR	4
fam_002764	tr|Q7SGM1|Q7SGM1_NEUCR	4
fam_002765	tr|U9W4K5|U9W4K5_NEUCR	3
fam_002766	tr|V5IMU4|V5IMU4_NEUCR	5
fam_002767	tr|V5IQ47|V5IQ47_NEUCR	5
fam_002768	sp|Q05424|GPA2_NEUCR	15
fam_002769	tr|Q1K5B5|Q1K5B5_NEUCR	2
fam_002770	tr|Q1K8N5|Q1K8N5_NEUCR	2
fam_002771	sp|Q6MVH7|IPYR_NEUCR	6
fam_002772	tr|Q7RYK0|Q7RYK0_NEUCR	3
fam_002773	sp|Q7RZF0|RM06_NEUCR	4
fam_002774	tr|Q7S1P8|Q7S1P8_NEUCR	5
fam_002775	tr|Q7S4E6|Q7S4E6_NEUCR	5
fam_002776	tr|Q7S5U3|Q7S5U3_NEUCR	2
fam_002777	tr|Q7S5Z2|Q7S5Z2_NEUCR	5
fam_002778	tr|Q7S8Z1|Q7S8Z1_NEUCR	5
fam_002779	tr|Q7SA17|Q7SA17_NEUCR	2
fam_002780	tr|Q7SHB5|Q7SHB5_NEUCR	3
fam_002781	sp|Q7SHU8|DAPB_NEUCR	9
fam_002782	sp|Q9P720|RL16_NEUCR	5
fam_002783	tr|V5IPW3|V5IPW3_NEUCR	5
fam_002784	tr|V5IQP3|V5IQP3_NEUCR	3
fam_002785	tr|F5HDG5|F5HDG5_NEUCR	5
fam_002786	tr|F5HEQ0|F5HEQ0_NEUCR	2
fam_002787	sp|P15181|SYLM_NEUCR	4
fam_002788	sp|P38671|RPOM_NEUCR	5
fam_002789	sp|Q01302|CCG6_NEUCR	2
fam_002790	tr|Q1K4T6|Q1K4T6_NEUCR	2
fam_002791	tr|Q1K6R7|Q1K6R7_NEUCR	5
fam_002792	tr|Q1K7E2|Q1K7E2_NEUCR	4
fam_002793	tr|Q1K8P4|Q1K8P4_NEUCR	1
fam_002794	tr|Q1K8P5|Q1K8P5_NEUCR	1
fam_002795	tr|Q7RXB5|Q7RXB5_NEUCR	5
fam_002796	sp|Q7RYE7|GAL7_NEUCR	5
fam_002797	tr|Q7S267|Q7S267_NEUCR	4
fam_002798	sp|Q7S4Y4|MRP10_NEUCR	5
fam_002799	tr|Q7S556|Q7S556_NEUCR	2
fam_002800	tr|Q7SEA0|Q7SEA0_NEUCR	1
fam_002801	tr|Q7S0V6|Q7S0V6_NEUCR	1
fam_002802	tr|V5IMI3|V5IMI3_NEUCR	2
fam_002803	tr|V5IPK7|V5IPK7_NEUCR	3
fam_002804	tr|Q1K4X0|Q1K4X0_NEUCR	5
fam_002805	tr|Q1K6S4|Q1K6S4_NEUCR	3
fam_002806	tr|Q7RWZ1|Q7RWZ1_NEUCR	5
fam_002807	sp|Q7RXP5|ALG8_NEUCR	5
fam_002808	tr|Q7S5P1|Q7S5P1_NEUCR	5
fam_002809	tr|Q7S721|Q7S721_NEUCR	5
fam_002810	sp|Q7SAJ1|RT21_NEUCR	2
fam_002811	tr|Q7SE48|Q7SE48_NEUCR	5
fam_002812	tr|Q7SET4|Q7SET4_NEUCR	6
fam_002813	tr|U9W564|U9W564_NEUCR	5
fam_002814	tr|U9WGN3|U9WGN3_NEUCR	5
fam_002815	tr|V5IPT5|V5IPT5_NEUCR	2
fam_002816	tr|V5IQF0|V5IQF0_NEUCR	5
fam_002817	tr|F5H8T9|F5H8T9_NEUCR	2
fam_002818	tr|F5H9D4|F5H9D4_NEUCR	4
fam_002819	tr|F5HB11|F5HB11_NEUCR	5
fam_002820	tr|Q7RXX3|Q7RXX3_NEUCR	5
fam_002821	tr|Q7RZA7|Q7RZA7_NEUCR	5
fam_002822	tr|Q7SBU3|Q7SBU3_NEUCR	5
fam_002823	tr|V5ILW9|V5ILW9_NEUCR	5
fam_002824	tr|Q1K8K7|Q1K8K7_NEUCR	4
fam_002825	tr|Q7RXT3|Q7RXT3_NEUCR	2
fam_002826	tr|Q7S3D3|Q7S3D3_NEUCR	1
fam_002827	tr|Q7S3D4|Q7S3D4_NEUCR	1
fam_002828	tr|Q7S3X6|Q7S3X6_NEUCR	2
fam_002829	tr|Q7S4P7|Q7S4P7_NEUCR	5
fam_002830	tr|Q7SDF4|Q7SDF4_NEUCR	5
fam_002831	tr|Q7SDI0|Q7SDI0_NEUCR	5
fam_002832	tr|Q7SGA1|Q7SGA1_NEUCR	2
fam_002833	tr|Q1K5Y8|Q1K5Y8_NEUCR	2
fam_002834	tr|Q7RZE0|Q7RZE0_NEUCR	4
fam_002835	tr|Q7S486|Q7S486_NEUCR	5
fam_002836	tr|Q7S6F4|Q7S6F4_NEUCR	3
fam_002837	tr|Q7SHX2|Q7SHX2_NEUCR	5
fam_002838	tr|V5IKT4|V5IKT4_NEUCR	3
fam_002839	sp|P14804|AMYG_NEUCR	5
fam_002840	tr|Q1K6X3|Q1K6X3_NEUCR	5
fam_002841	tr|Q1K7Z8|Q1K7Z8_NEUCR	5
fam_002842	tr|Q1K8A0|Q1K8A0_NEUCR	2
fam_002843	tr|Q1K8F9|Q1K8F9_NEUCR	5
fam_002844	tr|Q7S097|Q7S097_NEUCR	5
fam_002845	tr|Q7S3Y3|Q7S3Y3_NEUCR	5
fam_002846	sp|Q7S5R1|DBP3_NEUCR	4
fam_002847	tr|Q7S8V7|Q7S8V7_NEUCR	4
fam_002848	tr|Q7S8V9|Q7S8V9_NEUCR	2
fam_002849	tr|Q7S640|Q7S640_NEUCR	5
fam_002850	sp|Q7SBA0|RCD11_NEUCR	2
fam_002851	tr|Q7SFJ0|Q7SFJ0_NEUCR	2
fam_002852	tr|Q7SG93|Q7SG93_NEUCR	4
fam_002853	tr|V5IRP0|V5IRP0_NEUCR	5
fam_002854	tr|F9WWA6|F9WWA6_ZYMTI	1
fam_002855	tr|F9X3Z1|F9X3Z1_ZYMTI	1
fam_002856	tr|F9WWZ0|F9WWZ0_ZYMTI	3
fam_002857	tr|F9WY55|F9WY55_ZYMTI	5
fam_002858	tr|F9X025|F9X025_ZYMTI	2
fam_002859	tr|F9X442|F9X442_ZYMTI	5
fam_002860	tr|F9X5C5|F9X5C5_ZYMTI	3
fam_002861	tr|F9X5Q6|F9X5Q6_ZYMTI	9
fam_002862	tr|F9X7A2|F9X7A2_ZYMTI	2
fam_002863	tr|F9X9A7|F9X9A7_ZYMTI	5
fam_002864	tr|F9XA39|F9XA39_ZYMTI	6
fam_002865	tr|F9XE93|F9XE93_ZYMTI	4
fam_002866	tr|F9XE98|F9XE98_ZYMTI	2
fam_002867	tr|F9XFJ8|F9XFJ8_ZYMTI	5
fam_002868	tr|F9XLC4|F9XLC4_ZYMTI	2
fam_002869	tr|F9XLN5|F9XLN5_ZYMTI	4
fam_002870	tr|F9XMS3|F9XMS3_ZYMTI	3
fam_002871	tr|F9WX85|F9WX85_ZYMTI	2
fam_002872	tr|F9WXT5|F9WXT5_ZYMTI	5
fam_002873	tr|F9X1C9|F9X1C9_ZYMTI	4
fam_002874	tr|F9X2G6|F9X2G6_ZYMTI	3
fam_002875	tr|F9X359|F9X359_ZYMTI	4
fam_002876	tr|F9X470|F9X470_ZYMTI	1
fam_002877	tr|F9XFT8|F9XFT8_ZYMTI	1
fam_002878	tr|F9X5B0|F9X5B0_ZYMTI	4
fam_002879	tr|F9X893|F9X893_ZYMTI	5
fam_002880	tr|F9XB95|F9XB95_ZYMTI	3
fam_002881	tr|F9XCR4|F9XCR4_ZYMTI	2
fam_002882	tr|F9XCV9|F9XCV9_ZYMTI	4
fam_002883	tr|F9XFU2|F9XFU2_ZYMTI	4
fam_002884	tr|F9XH22|F9XH22_ZYMTI	5
fam_002885	tr|F9XKB3|F9XKB3_ZYMTI	5
fam_002886	tr|F9XM32|F9XM32_ZYMTI	2
fam_002887	tr|F9XPV4|F9XPV4_ZYMTI	5
fam_002888	tr|F9WZG7|F9WZG7_ZYMTI	2
fam_002889	tr|F9WZM8|F9WZM8_ZYMTI	2
fam_002890	tr|F9X071|F9X071_ZYMTI	5
fam_002891	tr|F9X2E1|F9X2E1_ZYMTI	2
fam_002892	tr|F9X2W6|F9X2W6_ZYMTI	5
fam_002893	tr|F9X458|F9X458_ZYMTI	15
fam_002894	tr|F9X517|F9X517_ZYMTI	2
fam_002895	tr|F9X6R9|F9X6R9_ZYMTI	4
fam_002896	tr|F9X858|F9X858_ZYMTI	5
fam_002897	tr|F9XBB4|F9XBB4_ZYMTI	5
fam_002898	tr|F9XBB5|F9XBB5_ZYMTI	5
fam_002899	tr|F9XBR6|F9XBR6_ZYMTI	1
fam_002900	tr|F9X6J4|F9X6J4_ZYMTI	1
fam_002901	tr|F9XCA0|F9XCA0_ZYMTI	5
fam_002902	tr|F9XF33|F9XF33_ZYMTI	2
fam_002903	tr|F9XKU0|F9XKU0_ZYMTI	4
fam_002904	tr|F9XLH5|F9XLH5_ZYMTI	4
fam_002905	tr|F9XN11|F9XN11_ZYMTI	5
fam_002906	tr|F9XNW1|F9XNW1_ZYMTI	4
fam_002907	tr|F9XPH2|F9XPH2_ZYMTI	2
fam_002908	tr|F9WWA9|F9WWA9_ZYMTI	8
fam_002909	tr|F9X0K2|F9X0K2_ZYMTI	4
fam_002910	tr|F9X1V1|F9X1V1_ZYMTI	4
fam_002911	tr|F9X5F6|F9X5F6_ZYMTI	5
fam_002912	tr|F9X868|F9X868_ZYMTI	4
fam_002913	tr|F9XBL2|F9XBL2_ZYMTI	4
fam_002914	tr|F9XBS3|F9XBS3_ZYMTI	5
fam_002915	tr|F9XCU8|F9XCU8_ZYMTI	5
fam_002916	tr|F9XFK1|F9XFK1_ZYMTI	6
fam_002917	tr|F9XJ25|F9XJ25_ZYMTI	3
fam_002918	tr|F9XJI3|F9XJI3_ZYMTI	5
fam_002919	tr|F9XNB9|F9XNB9_ZYMTI	4
fam_002920	tr|F9XPL3|F9XPL3_ZYMTI	5
fam_002921	tr|F9XQ75|F9XQ75_ZYMTI	3
fam_002922	tr|F9WXR8|F9WXR8_ZYMTI	2
fam_002923	tr|F9WYQ5|F9WYQ5_ZYMTI	5
fam_002924	tr|F9WZQ5|F9WZQ5_ZYMTI	2
fam_002925	tr|F9WZW1|F9WZW1_ZYMTI	6
fam_002926	tr|F9X1F6|F9X1F6_ZYMTI	6
fam_002927	tr|F9X1Z3|F9X1Z3_ZYMTI	14
fam_002928	tr|F9X2C1|F9X2C1_ZYMTI	1
fam_002929	tr|F9XQ00|F9XQ00_ZYMTI	1
fam_002930	tr|F9X3M2|F9X3M2_ZYMTI	4
fam_002931	tr|F9X3T6|F9X3T6_ZYMTI	2
fam_002932	tr|F9X4J7|F9X4J7_ZYMTI	4
fam_002933	tr|F9X6Z1|F9X6Z1_ZYMTI	5
fam_002934	tr|F9XB24|F9XB24_ZYMTI	5
fam_002935	tr|F9XBY0|F9XBY0_ZYMTI	2
fam_002936	tr|F9XCU7|F9XCU7_ZYMTI	5
fam_002937	tr|F9XDT9|F9XDT9_ZYMTI	5
fam_002938	tr|F9XH31|F9XH31_ZYMTI	2
fam_002939	tr|F9XH60|F9XH60_ZYMTI	3
fam_002940	tr|F9XIW1|F9XIW1_ZYMTI	5
fam_002941	tr|F9XLJ9|F9XLJ9_ZYMTI	2
fam_002942	tr|F9XM30|F9XM30_ZYMTI	4
fam_002943	tr|F9WW67|F9WW67_ZYMTI	5
fam_002944	tr|F9WY68|F9WY68_ZYMTI	5
fam_002945	tr|F9X2C8|F9X2C8_ZYMTI	2
fam_002946	tr|F9X3L7|F9X3L7_ZYMTI	5
fam_002947	tr|F9X3N9|F9X3N9_ZYMTI	5
fam_002948	tr|F9X7C4|F9X7C4_ZYMTI	5
fam_002949	tr|F9XL58|F9XL58_ZYMTI	6
fam_002950	tr|F9XMY7|F9XMY7_ZYMTI	5
fam_002951	tr|F9WWC3|F9WWC3_ZYMTI	5
fam_002952	tr|F9WX45|F9WX45_ZYMTI	5
fam_002953	tr|F9WYB6|F9WYB6_ZYMTI	5
fam_002954	tr|F9WYX7|F9WYX7_ZYMTI	8
fam_002955	tr|F9WZ25|F9WZ25_ZYMTI	5
fam_002956	tr|F9X4X1|F9X4X1_ZYMTI	2
fam_002957	tr|F9X660|F9X660_ZYMTI	4
fam_002958	tr|F9X6K2|F9X6K2_ZYMTI	5
fam_002959	tr|F9X971|F9X971_ZYMTI	5
fam_002960	tr|F9XAA3|F9XAA3_ZYMTI	5
fam_002961	tr|F9XAH1|F9XAH1_ZYMTI	7
fam_002962	tr|F9XDV2|F9XDV2_ZYMTI	5
fam_002963	tr|F9XKQ9|F9XKQ9_ZYMTI	2
fam_002964	tr|F9XKU9|F9XKU9_ZYMTI	5
fam_002965	tr|F9XLM8|F9XLM8_ZYMTI	4
fam_002966	tr|F9WWH7|F9WWH7_ZYMTI	5
fam_002967	tr|F9WXN9|F9WXN9_ZYMTI	2
fam_002968	tr|Q4X091|Q4X091_ASPFU	2
fam_002969	tr|Q4X1U6|Q4X1U6_ASPFU	3
fam_002970	tr|Q4WAJ8|Q4WAJ8_ASPFU	4
fam_002971	tr|Q4WC36|Q4WC36_ASPFU	1
fam_002972	tr|Q4WMT4|Q4WMT4_ASPFU	1
fam_002973	sp|Q4WI96|KU80_ASPFU	5
fam_002974	tr|Q4WK38|Q4WK38_ASPFU	3
fam_002975	tr|Q4WLD7|Q4WLD7_ASPFU	2
fam_002976	tr|Q4WMP3|Q4WMP3_ASPFU	6
fam_002977	tr|Q4WPE1|Q4WPE1_ASPFU	5
fam_002978	tr|Q4WRL6|Q4WRL6_ASPFU	5
fam_002979	tr|Q4WSS7|Q4WSS7_ASPFU	5
fam_002980	tr|Q4WTK2|Q4WTK2_ASPFU	4
fam_002981	tr|Q4WU39|Q4WU39_ASPFU	3
fam_002982	tr|Q4WVT5|Q4WVT5_ASPFU	2
fam_002983	tr|Q4WVW1|Q4WVW1_ASPFU	4
fam_002984	tr|Q4WX60|Q4WX60_ASPFU	2
fam_002985	tr|Q4WXS1|Q4WXS1_ASPFU	4
fam_002986	tr|Q4WYV6|Q4WYV6_ASPFU	4
fam_002987	tr|Q4WYW9|Q4WYW9_ASPFU	4
fam_002988	tr|Q4X177|Q4X177_ASPFU	5
fam_002989	tr|A4DA53|A4DA53_ASPFU	2
fam_002990	tr|Q4WAV5|Q4WAV5_ASPFU	4
fam_002991	tr|Q4WCH7|Q4WCH7_ASPFU	2
fam_002992	tr|Q4WCI4|Q4WCI4_ASPFU	2
fam_002993	sp|Q4WDD0|CWC21_ASPFU	2
fam_002994	tr|Q4WFU5|Q4WFU5_ASPFU	3
fam_002995	tr|Q4WLL3|Q4WLL3_ASPFU	4
fam_002996	tr|Q4WNB7|Q4WNB7_ASPFU	3
fam_002997	tr|Q4WP15|Q4WP15_ASPFU	3
fam_002998	tr|Q4WT42|Q4WT42_ASPFU	4
fam_002999	tr|Q4WTX4|Q4WTX4_ASPFU	5
fam_003000	tr|Q4WUX8|Q4WUX8_ASPFU	4
fam_003001	sp|Q4WVE3|DCL1_ASPFU	5
fam_003002	tr|Q4WVX3|Q4WVX3_ASPFU	5
fam_003003	tr|Q4WW02|Q4WW02_ASPFU	9
fam_003004	tr|Q4WWF4|Q4WWF4_ASPFU	2
fam_003005	tr|Q4WY64|Q4WY64_ASPFU	2
fam_003006	sp|Q4WZ01|3DHQ2_ASPFU	4
fam_003007	tr|Q4X060|Q4X060_ASPFU	6
fam_003008	tr|Q4X100|Q4X100_ASPFU	4
fam_003009	tr|Q4WBR3|Q4WBR3_ASPFU	3
fam_003010	tr|Q4WCD5|Q4WCD5_ASPFU	32
fam_003011	tr|Q4WDX7|Q4WDX7_ASPFU	7
fam_003012	tr|Q4WEJ5|Q4WEJ5_ASPFU	3
fam_003013	tr|Q4WEP3|Q4WEP3_ASPFU	3
fam_003014	tr|Q4WHZ3|Q4WHZ3_ASPFU	3
fam_003015	tr|Q4WIH6|Q4WIH6_ASPFU	4
fam_003016	tr|Q4WIU3|Q4WIU3_ASPFU	5
fam_003017	tr|Q4WL82|Q4WL82_ASPFU	3
fam_003018	tr|Q4WMF1|Q4WMF1_ASPFU	7
fam_003019	tr|Q4WMQ1|Q4WMQ1_ASPFU	2
fam_003020	tr|Q4WMZ8|Q4WMZ8_ASPFU	16
fam_003021	tr|Q4WR78|Q4WR78_ASPFU	2
fam_003022	tr|Q4WZ77|Q4WZ77_ASPFU	1
fam_003023	tr|Q4WT81|Q4WT81_ASPFU	2
fam_003024	tr|Q4WU44|Q4WU44_ASPFU	5
fam_003025	tr|Q4WUD4|Q4WUD4_ASPFU	3
fam_003026	tr|Q4WVK1|Q4WVK1_ASPFU	5
fam_003027	tr|Q4WVR5|Q4WVR5_ASPFU	2
fam_003028	tr|Q4WVR8|Q4WVR8_ASPFU	4
fam_003029	tr|Q4WY87|Q4WY87_ASPFU	2
fam_003030	tr|Q4WZQ9|Q4WZQ9_ASPFU	5
fam_003031	tr|Q4X0K5|Q4X0K5_ASPFU	3
fam_003032	sp|Q4X0M4|SEC31_ASPFU	5
fam_003033	tr|Q4WB34|Q4WB34_ASPFU	5
fam_003034	sp|Q4WBU0|LP9C_ASPFU	31
fam_003035	tr|Q4WC59|Q4WC59_ASPFU	4
fam_003036	tr|Q4WD63|Q4WD63_ASPFU	6
fam_003037	tr|Q4WEE6|Q4WEE6_ASPFU	2
fam_003038	tr|Q4WH14|Q4WH14_ASPFU	3
fam_003039	tr|Q4WHQ4|Q4WHQ4_ASPFU	4
fam_003040	tr|Q4WJM2|Q4WJM2_ASPFU	2
fam_003041	sp|Q4WN75|KMO_ASPFU	5
fam_003042	tr|Q4WN88|Q4WN88_ASPFU	5
fam_003043	tr|Q4WPD9|Q4WPD9_ASPFU	2
fam_003044	tr|Q4WPR9|Q4WPR9_ASPFU	2
fam_003045	tr|Q4WQW3|Q4WQW3_ASPFU	5
fam_003046	tr|Q4WRS1|Q4WRS1_ASPFU	4
fam_003047	tr|Q4WT69|Q4WT69_ASPFU	4
fam_003048	tr|Q4WUU2|Q4WUU2_ASPFU	4
fam_003049	sp|Q4WVF4|SYF1_ASPFU	5
fam_003050	tr|Q4WWY5|Q4WWY5_ASPFU	9
fam_003051	tr|Q4WY19|Q4WY19_ASPFU	2
fam_003052	tr|Q4WZD6|Q4WZD6_ASPFU	5
fam_003053	tr|Q4X1J4|Q4X1J4_ASPFU	2
fam_003054	tr|Q4X1P7|Q4X1P7_ASPFU	5
fam_003055	tr|A4D9V8|A4D9V8_ASPFU	7
fam_003056	tr|Q4W8X7|Q4W8X7_ASPFU	6
fam_003057	tr|Q4W8Y5|Q4W8Y5_ASPFU	6
fam_003058	sp|Q4WAR8|SOMA_ASPFU	4
fam_003059	tr|Q4WCF3|Q4WCF3_ASPFU	6
fam_003060	tr|Q4WF87|Q4WF87_ASPFU	3
fam_003061	tr|Q4WHB5|Q4WHB5_ASPFU	2
fam_003062	tr|Q4WIU5|Q4WIU5_ASPFU	3
fam_003063	tr|Q4WMU0|Q4WMU0_ASPFU	8
fam_003064	tr|Q4WQ55|Q4WQ55_ASPFU	2
fam_003065	tr|Q4WX15|Q4WX15_ASPFU	3
fam_003066	sp|Q4WZJ2|ATP25_ASPFU	2
fam_003067	tr|Q4X1T3|Q4X1T3_ASPFU	4
fam_003068	tr|Q4W920|Q4W920_ASPFU	2
fam_003069	tr|Q4W948|Q4W948_ASPFU	2
fam_003070	tr|Q4W9G6|Q4W9G6_ASPFU	11
fam_003071	tr|Q4WAH1|Q4WAH1_ASPFU	3
fam_003072	tr|Q4WAS6|Q4WAS6_ASPFU	4
fam_003073	sp|Q4WAS9|SWR1_ASPFU	5
fam_003074	tr|Q4WCC4|Q4WCC4_ASPFU	2
fam_003075	tr|Q4WCU3|Q4WCU3_ASPFU	5
fam_003076	sp|Q4WI88|TIM14_ASPFU	5
fam_003077	tr|Q4WJY9|Q4WJY9_ASPFU	3
fam_003078	tr|Q4WMF0|Q4WMF0_ASPFU	4
fam_003079	tr|Q4WP07|Q4WP07_ASPFU	2
fam_003080	tr|Q4WPI6|Q4WPI6_ASPFU	2
fam_003081	tr|Q4WQU4|Q4WQU4_ASPFU	9
fam_003082	tr|Q4WRU9|Q4WRU9_ASPFU	5
fam_003083	tr|Q4WV29|Q4WV29_ASPFU	5
fam_003084	tr|Q4WW71|Q4WW71_ASPFU	2
fam_003085	tr|Q4WX39|Q4WX39_ASPFU	4
fam_003086	tr|Q4WYV9|Q4WYV9_ASPFU	5
fam_003087	tr|Q4X0F4|Q4X0F4_ASPFU	2
fam_003088	tr|Q4X1W6|Q4X1W6_ASPFU	4
fam_003089	tr|A4D9A1|A4D9A1_ASPFU	4
fam_003090	tr|A4D9P6|A4D9P6_ASPFU	2
fam_003091	tr|Q4WFK5|Q4WFK5_ASPFU	4
fam_003092	tr|Q4WFT6|Q4WFT6_ASPFU	5
fam_003093	tr|Q4WGB8|Q4WGB8_ASPFU	5
fam_003094	sp|Q4WIQ0|GPI11_ASPFU	2
fam_003095	tr|Q4WIQ9|Q4WIQ9_ASPFU	2
fam_003096	tr|Q4WJD8|Q4WJD8_ASPFU	3
fam_003097	tr|Q4WKG0|Q4WKG0_ASPFU	3
fam_003098	tr|Q4WLS6|Q4WLS6_ASPFU	3
fam_003099	tr|Q4WNQ0|Q4WNQ0_ASPFU	3
fam_003100	tr|Q4WNS1|Q4WNS1_ASPFU	4
fam_003101	sp|Q4WNX1|RT25_ASPFU	5
fam_003102	tr|Q4WPQ2|Q4WPQ2_ASPFU	2
fam_003103	tr|Q4WQN6|Q4WQN6_ASPFU	2
fam_003104	tr|Q4WT45|Q4WT45_ASPFU	6
fam_003105	tr|Q4WT86|Q4WT86_ASPFU	2
fam_003106	tr|Q4WTA9|Q4WTA9_ASPFU	4
fam_003107	sp|Q4WVM7|ATM_ASPFU	5
fam_003108	tr|Q4WWD7|Q4WWD7_ASPFU	3
fam_003109	tr|Q4WYS3|Q4WYS3_ASPFU	5
fam_003110	tr|Q4WZ34|Q4WZ34_ASPFU	2
fam_003111	sp|Q4WZS2|NBP35_ASPFU	5
fam_003112	tr|Q4X1Z6|Q4X1Z6_ASPFU	2
fam_003113	tr|Q4W921|Q4W921_ASPFU	2
fam_003114	tr|Q4WF95|Q4WF95_ASPFU	3
fam_003115	tr|Q4WHD8|Q4WHD8_ASPFU	4
fam_003116	tr|Q4WHN3|Q4WHN3_ASPFU	2
fam_003117	tr|Q4WID1|Q4WID1_ASPFU	5
fam_003118	tr|Q4WK74|Q4WK74_ASPFU	4
fam_003119	sp|Q4WMX7|THI4_ASPFU	4
fam_003120	tr|Q4WN12|Q4WN12_ASPFU	5
fam_003121	tr|Q4WN67|Q4WN67_ASPFU	3
fam_003122	tr|Q4WNP7|Q4WNP7_ASPFU	2
fam_003123	tr|Q4WP74|Q4WP74_ASPFU	6
fam_003124	tr|Q4WQA5|Q4WQA5_ASPFU	3
fam_003125	sp|Q4WQJ1|HDMA_ASPFU	3
fam_003126	tr|Q4WQW2|Q4WQW2_ASPFU	2
fam_003127	tr|Q4WR28|Q4WR28_ASPFU	2
fam_003128	tr|Q4WSE0|Q4WSE0_ASPFU	3
fam_003129	sp|Q4WW81|LECF_ASPFU	2
fam_003130	tr|Q4WWT9|Q4WWT9_ASPFU	11
fam_003131	tr|Q4X0A4|Q4X0A4_ASPFU	5
fam_003132	tr|Q4X0Z9|Q4X0Z9_ASPFU	4
fam_003133	tr|Q4X147|Q4X147_ASPFU	4
fam_003134	tr|Q4X1Q6|Q4X1Q6_ASPFU	5
fam_003135	tr|Q4WAE7|Q4WAE7_ASPFU	2
fam_003136	tr|Q4WCM8|Q4WCM8_ASPFU	2
fam_003137	tr|Q4WD78|Q4WD78_ASPFU	4
fam_003138	tr|Q4WEN5|Q4WEN5_ASPFU	3
fam_003139	tr|Q4WF47|Q4WF47_ASPFU	1
fam_003140	tr|Q4X226|Q4X226_ASPFU	1
fam_003141	tr|Q4WHU4|Q4WHU4_ASPFU	5
fam_003142	tr|Q4WIN9|Q4WIN9_ASPFU	5
fam_003143	tr|Q4WKQ6|Q4WKQ6_ASPFU	2
fam_003144	tr|Q4WM03|Q4WM03_ASPFU	6
fam_003145	tr|Q4WMS2|Q4WMS2_ASPFU	3
fam_003146	tr|Q4WN53|Q4WN53_ASPFU	3
fam_003147	tr|Q4WSB0|Q4WSB0_ASPFU	3
fam_003148	tr|Q4WT26|Q4WT26_ASPFU	10
fam_003149	tr|Q4WTB1|Q4WTB1_ASPFU	2
fam_003150	tr|Q4WTV2|Q4WTV2_ASPFU	5
fam_003151	tr|Q4WTY6|Q4WTY6_ASPFU	4
fam_003152	tr|Q4WXA0|Q4WXA0_ASPFU	4
fam_003153	tr|E9QV41|E9QV41_ASPFU	3
fam_003154	tr|Q4W949|Q4W949_ASPFU	2
fam_003155	tr|Q4WA02|Q4WA02_ASPFU	3
fam_003156	tr|Q4WBW0|Q4WBW0_ASPFU	5
fam_003157	tr|Q4WCH4|Q4WCH4_ASPFU	2
fam_003158	tr|Q4WD97|Q4WD97_ASPFU	7
fam_003159	tr|Q4WFG4|Q4WFG4_ASPFU	4
fam_003160	tr|Q4WGA1|Q4WGA1_ASPFU	4
fam_003161	tr|Q4WGK3|Q4WGK3_ASPFU	3
fam_003162	tr|Q4WHV3|Q4WHV3_ASPFU	5
fam_003163	tr|Q4WJQ9|Q4WJQ9_ASPFU	5
fam_003164	tr|Q4WJY6|Q4WJY6_ASPFU	4
fam_003165	sp|Q4WKL7|EIF3B_ASPFU	5
fam_003166	tr|Q4WN62|Q4WN62_ASPFU	2
fam_003167	tr|Q4WN78|Q4WN78_ASPFU	3
fam_003168	tr|Q4WRC4|Q4WRC4_ASPFU	5
fam_003169	tr|Q4WRP6|Q4WRP6_ASPFU	3
fam_003170	tr|Q4WV02|Q4WV02_ASPFU	5
fam_003171	tr|Q4WX51|Q4WX51_ASPFU	5
fam_003172	tr|Q4WZX4|Q4WZX4_ASPFU	5
fam_003173	tr|Q4X243|Q4X243_ASPFU	3
fam_003174	sp|Q8J0P4|CRH5_ASPFU	9
fam_003175	tr|A4D9S4|A4D9S4_ASPFU	2
fam_003176	tr|A4D9W4|A4D9W4_ASPFU	2
fam_003177	tr|A4DA92|A4DA92_ASPFU	3
fam_003178	tr|A0ACF5CIR4|A0ACF5CIR4_9PEZI	1
fam_003179	sp|E9QT94|RODB_ASPFU	4
fam_003180	tr|E9R337|E9R337_ASPFU	20
fam_003181	tr|Q4W935|Q4W935_ASPFU	14
fam_003182	tr|Q4WGT2|Q4WGT2_ASPFU	2
fam_003183	tr|Q4WHN7|Q4WHN7_ASPFU	2
fam_003184	tr|Q4WIF6|Q4WIF6_ASPFU	4
fam_003185	sp|Q4WJW8|MCR1_ASPFU	12
fam_003186	sp|Q4WRR0|LYSMB_ASPFU	5
fam_003187	sp|Q4WSA8|PTPA2_ASPFU	5
fam_003188	tr|Q4WSH3|Q4WSH3_ASPFU	2
fam_003189	tr|Q4WT64|Q4WT64_ASPFU	2
fam_003190	tr|Q4WVT8|Q4WVT8_ASPFU	2
fam_003191	tr|Q4WY75|Q4WY75_ASPFU	2
fam_003192	tr|Q4WZ25|Q4WZ25_ASPFU	3
fam_003193	tr|Q4WZ28|Q4WZ28_ASPFU	2
fam_003194	tr|Q4X0L8|Q4X0L8_ASPFU	5
fam_003195	tr|Q4X0Z6|Q4X0Z6_ASPFU	5
fam_003196	tr|Q4X206|Q4X206_ASPFU	6
fam_003197	sp|Q96X30|ENO_ASPFU	6
fam_003198	tr|A4D9K6|A4D9K6_ASPFU	2
fam_003199	tr|E9QZZ2|E9QZZ2_ASPFU	4
fam_003200	tr|Q4WFE7|Q4WFE7_ASPFU	2
fam_003201	tr|Q4WGM8|Q4WGM8_ASPFU	8
fam_003202	sp|Q4WHT9|HMGA_ASPFU	6
fam_003203	tr|Q4WK02|Q4WK02_ASPFU	4
fam_003204	tr|Q4WPB5|Q4WPB5_ASPFU	3
fam_003205	tr|Q4WPY5|Q4WPY5_ASPFU	5
fam_003206	tr|Q4WQ23|Q4WQ23_ASPFU	5
fam_003207	tr|Q4WQA9|Q4WQA9_ASPFU	4
fam_003208	tr|Q4WQG8|Q4WQG8_ASPFU	4
fam_003209	tr|Q4WRC5|Q4WRC5_ASPFU	4
fam_003210	sp|Q4WTT8|SKP1_ASPFU	5
fam_003211	tr|Q4WU77|Q4WU77_ASPFU	6
fam_003212	tr|Q4WUZ3|Q4WUZ3_ASPFU	4
fam_003213	tr|Q4WVY1|Q4WVY1_ASPFU	5
fam_003214	tr|Q4WW63|Q4WW63_ASPFU	4
fam_003215	tr|Q4WWG0|Q4WWG0_ASPFU	4
fam_003216	tr|Q4WZM7|Q4WZM7_ASPFU	5
fam_003217	tr|Q4X1C4|Q4X1C4_ASPFU	5
fam_003218	tr|Q4WB57|Q4WB57_ASPFU	2
fam_003219	tr|Q4WLL9|Q4WLL9_ASPFU	2
fam_003220	tr|Q4WT57|Q4WT57_ASPFU	3
fam_003221	tr|Q4WV13|Q4WV13_ASPFU	2
fam_003222	tr|Q4WWL9|Q4WWL9_ASPFU	2
fam_003223	tr|Q4WY62|Q4WY62_ASPFU	4
fam_003224	sp|Q4WYK1|RSSA_ASPFU	5
fam_003225	tr|A0A0E1RYF6|A0A0E1RYF6_COCIM	2
fam_003226	tr|A0A0E1RYY8|A0A0E1RYY8_COCIM	5
fam_003227	tr|A0A0E1RZ85|A0A0E1RZ85_COCIM	3
fam_003228	tr|A0A0E1S538|A0A0E1S538_COCIM	3
fam_003229	tr|A0A0E1S596|A0A0E1S596_COCIM	5
fam_003230	tr|J3K2N2|J3K2N2_COCIM	5
fam_003231	tr|J3K2Y3|J3K2Y3_COCIM	5
fam_003232	tr|J3K4W9|J3K4W9_COCIM	2
fam_003233	tr|J3K5W1|J3K5W1_COCIM	4
fam_003234	tr|J3K6Z7|J3K6Z7_COCIM	4
fam_003235	tr|J3K700|J3K700_COCIM	4
fam_003236	tr|J3K751|J3K751_COCIM	2
fam_003237	tr|J3K8H1|J3K8H1_COCIM	5
fam_003238	tr|J3KAD8|J3KAD8_COCIM	5
fam_003239	tr|J3KE01|J3KE01_COCIM	9
fam_003240	tr|J3KK27|J3KK27_COCIM	3
fam_003241	tr|J3KK94|J3KK94_COCIM	5
fam_003242	sp|Q1DNC5|MKAR_COCIM	5
fam_003243	tr|A0A0D8JSW0|A0A0D8JSW0_COCIM	3
fam_003244	tr|A0A0D8JVN6|A0A0D8JVN6_COCIM	2
fam_003245	tr|A0A0D8JWN3|A0A0D8JWN3_COCIM	4
fam_003246	tr|A0A0E1RYW0|A0A0E1RYW0_COCIM	2
fam_003247	tr|J3K0Y3|J3K0Y3_COCIM	4
fam_003248	tr|J3K1C1|J3K1C1_COCIM	2
fam_003249	tr|J3K1I7|J3K1I7_COCIM	3
fam_003250	tr|J3K4F5|J3K4F5_COCIM	3
fam_003251	tr|J3K4I2|J3K4I2_COCIM	2
fam_003252	tr|J3K6E8|J3K6E8_COCIM	2
fam_003253	tr|J3K7W4|J3K7W4_COCIM	2
fam_003254	tr|J3KDR1|J3KDR1_COCIM	2
fam_003255	tr|J3KI87|J3KI87_COCIM	4
fam_003256	tr|J3KL12|J3KL12_COCIM	11
fam_003257	tr|A0A0E1RUZ9|A0A0E1RUZ9_COCIM	4
fam_003258	tr|A0A0E1RY67|A0A0E1RY67_COCIM	5
fam_003259	tr|J3K1D1|J3K1D1_COCIM	2
fam_003260	tr|J3K1G9|J3K1G9_COCIM	5
fam_003261	tr|A0A0E1S0R6|A0A0E1S0R6_COCIM	3
fam_003262	tr|J3K321|J3K321_COCIM	5
fam_003263	tr|J3KBH5|J3KBH5_COCIM	2
fam_003264	tr|J3KDL4|J3KDL4_COCIM	4
fam_003265	tr|J3KHF1|J3KHF1_COCIM	2
fam_003266	tr|J3KIM2|J3KIM2_COCIM	2
fam_003267	sp|Q1DKD8|DOT1_COCIM	5
fam_003268	tr|A0A0D8JTZ8|A0A0D8JTZ8_COCIM	2
fam_003269	tr|A0A0D8JUU9|A0A0D8JUU9_COCIM	4
fam_003270	tr|A0A0E1S2Z1|A0A0E1S2Z1_COCIM	2
fam_003271	tr|J3K0Z7|J3K0Z7_COCIM	2
fam_003272	tr|J3K2C8|J3K2C8_COCIM	4
fam_003273	tr|J3K3Z3|J3K3Z3_COCIM	5
fam_003274	tr|J3K4E6|J3K4E6_COCIM	5
fam_003275	tr|J3K2I0|J3K2I0_COCIM	2
fam_003276	tr|J3K428|J3K428_COCIM	2
fam_003277	tr|J3K8W7|J3K8W7_COCIM	3
fam_003278	tr|J3KAH2|J3KAH2_COCIM	2
fam_003279	tr|J3KB54|J3KB54_COCIM	4
fam_003280	tr|J3KCC4|J3KCC4_COCIM	5
fam_003281	tr|J3KD72|J3KD72_COCIM	5
fam_003282	tr|J3KFG1|J3KFG1_COCIM	4
fam_003283	tr|J3KFU5|J3KFU5_COCIM	1
fam_003284	tr|J3K9Q6|J3K9Q6_COCIM	2
fam_003285	tr|J3KK59|J3KK59_COCIM	2
fam_003286	tr|J3KKU1|J3KKU1_COCIM	3
fam_003287	tr|A0A0D8JT43|A0A0D8JT43_COCIM	2
fam_003288	tr|A0A0D8JTT2|A0A0D8JTT2_COCIM	4
fam_003289	tr|A0A0E1RWB8|A0A0E1RWB8_COCIM	5
fam_003290	tr|A0A0E1RXS9|A0A0E1RXS9_COCIM	4
fam_003291	tr|A0A0E1S0A5|A0A0E1S0A5_COCIM	3
fam_003292	tr|A0A0E1S0X7|A0A0E1S0X7_COCIM	1
fam_003293	tr|J3K5R3|J3K5R3_COCIM	1
fam_003294	tr|J0HFL7|J0HFL7_COCIM	2
fam_003295	tr|J3K2B7|J3K2B7_COCIM	2
fam_003296	tr|J3K4I1|J3K4I1_COCIM	12
fam_003297	tr|J3K8L1|J3K8L1_COCIM	3
fam_003298	tr|J3KBS1|J3KBS1_COCIM	3
fam_003299	tr|J3KF43|J3KF43_COCIM	3
fam_003300	tr|J3KJV8|J3KJV8_COCIM	4
fam_003301	tr|J3KLM2|J3KLM2_COCIM	4
fam_003302	tr|A0A0D8JRR6|A0A0D8JRR6_COCIM	2
fam_003303	tr|A0A0D8JVV4|A0A0D8JVV4_COCIM	2
fam_003304	tr|A0A0E1RUI1|A0A0E1RUI1_COCIM	5
fam_003305	tr|A0A0E1RYL8|A0A0E1RYL8_COCIM	3
fam_003306	tr|A0A0E1RYX1|A0A0E1RYX1_COCIM	2
fam_003307	tr|J3K0V5|J3K0V5_COCIM	5
fam_003308	tr|J3K181|J3K181_COCIM	5
fam_003309	tr|J3K3M9|J3K3M9_COCIM	2
fam_003310	tr|J3K462|J3K462_COCIM	2
fam_003311	tr|J3K656|J3K656_COCIM	5
fam_003312	tr|J3K775|J3K775_COCIM	2
fam_003313	tr|J3K8Q1|J3K8Q1_COCIM	4
fam_003314	tr|J3K9T8|J3K9T8_COCIM	4
fam_003315	tr|J3KCS1|J3KCS1_COCIM	3
fam_003316	tr|J3KD73|J3KD73_COCIM	4
fam_003317	tr|J3KDS1|J3KDS1_COCIM	5
fam_003318	tr|J3KIL4|J3KIL4_COCIM	5
fam_003319	tr|J3KKC9|J3KKC9_COCIM	2
fam_003320	tr|J3KKN4|J3KKN4_COCIM	5
fam_003321	sp|Q1EA54|HAS1_COCIM	5
fam_003322	tr|F9WXQ6|F9WXQ6_ZYMTI	2
fam_003323	tr|F9WZ88|F9WZ88_ZYMTI	2
fam_003324	tr|F9X065|F9X065_ZYMTI	15
fam_003325	tr|F9X2Q2|F9X2Q2_ZYMTI	2
fam_003326	tr|F9X3E9|F9X3E9_ZYMTI	2
fam_003327	tr|F9X5C2|F9X5C2_ZYMTI	2
fam_003328	tr|F9X852|F9X852_ZYMTI	5
fam_003329	tr|F9X8H8|F9X8H8_ZYMTI	3
fam_003330	tr|F9XAJ2|F9XAJ2_ZYMTI	4
fam_003331	tr|F9XBY2|F9XBY2_ZYMTI	2
fam_003332	tr|F9XJC7|F9XJC7_ZYMTI	2
fam_003333	tr|F9XPJ5|F9XPJ5_ZYMTI	10
fam_003334	tr|F9XQD7|F9XQD7_ZYMTI	2
fam_003335	tr|F9WX93|F9WX93_ZYMTI	2
fam_003336	tr|F9WXQ1|F9WXQ1_ZYMTI	6
fam_003337	tr|F9WYH7|F9WYH7_ZYMTI	2
fam_003338	tr|F9X0H4|F9X0H4_ZYMTI	18
fam_003339	tr|F9X7X2|F9X7X2_ZYMTI	2
fam_003340	tr|F9X8J6|F9X8J6_ZYMTI	5
fam_003341	tr|F9XDW0|F9XDW0_ZYMTI	5
fam_003342	tr|F9XHA9|F9XHA9_ZYMTI	2
fam_003343	tr|F9XNI3|F9XNI3_ZYMTI	3
fam_003344	tr|F9WZP7|F9WZP7_ZYMTI	2
fam_003345	tr|F9X1W5|F9X1W5_ZYMTI	5
fam_003346	tr|F9X276|F9X276_ZYMTI	4
fam_003347	tr|F9X5X4|F9X5X4_ZYMTI	2
fam_003348	tr|F9X887|F9X887_ZYMTI	5
fam_003349	tr|F9X998|F9X998_ZYMTI	2
fam_003350	tr|F9XCE1|F9XCE1_ZYMTI	2
fam_003351	tr|F9XCI1|F9XCI1_ZYMTI	5
fam_003352	tr|F9XJ43|F9XJ43_ZYMTI	2
fam_003353	tr|F9XJJ0|F9XJJ0_ZYMTI	5
fam_003354	tr|F9XJN9|F9XJN9_ZYMTI	4
fam_003355	tr|F9XLB9|F9XLB9_ZYMTI	5
fam_003356	tr|F9XM56|F9XM56_ZYMTI	5
fam_003357	tr|F9XM99|F9XM99_ZYMTI	2
fam_003358	tr|F9XMG8|F9XMG8_ZYMTI	4
fam_003359	tr|F9XPJ8|F9XPJ8_ZYMTI	5
fam_003360	tr|F9XQ99|F9XQ99_ZYMTI	11
fam_003361	tr|F9WW79|F9WW79_ZYMTI	4
fam_003362	tr|F9WWR6|F9WWR6_ZYMTI	2
fam_003363	tr|F9X0M6|F9X0M6_ZYMTI	5
fam_003364	tr|F9X1S7|F9X1S7_ZYMTI	10
fam_003365	tr|F9X1T7|F9X1T7_ZYMTI	2
fam_003366	tr|F9X291|F9X291_ZYMTI	5
fam_003367	tr|F9X4D6|F9X4D6_ZYMTI	5
fam_003368	tr|F9X5I6|F9X5I6_ZYMTI	3
fam_003369	tr|F9X5X1|F9X5X1_ZYMTI	3
fam_003370	tr|F9X7L1|F9X7L1_ZYMTI	5
fam_003371	tr|F9XEK7|F9XEK7_ZYMTI	4
fam_003372	tr|F9XH77|F9XH77_ZYMTI	11
fam_003373	tr|F9XIX4|F9XIX4_ZYMTI	5
fam_003374	tr|F9XJ20|F9XJ20_ZYMTI	3
fam_003375	tr|F9XPY4|F9XPY4_ZYMTI	4
fam_003376	tr|F9XQC2|F9XQC2_ZYMTI	2
fam_003377	tr|F9WWJ6|F9WWJ6_ZYMTI	2
fam_003378	tr|F9WYE7|F9WYE7_ZYMTI	2
fam_003379	tr|F9X8N4|F9X8N4_ZYMTI	3
fam_003380	tr|F9X8E4|F9X8E4_ZYMTI	4
fam_003381	tr|F9X8S3|F9X8S3_ZYMTI	5
fam_003382	tr|F9XAI8|F9XAI8_ZYMTI	2
fam_003383	tr|F9XDP9|F9XDP9_ZYMTI	2
fam_003384	tr|F9XE42|F9XE42_ZYMTI	6
fam_003385	tr|F9XEI7|F9XEI7_ZYMTI	5
fam_003386	tr|F9XJ13|F9XJ13_ZYMTI	4
fam_003387	tr|F9XLW3|F9XLW3_ZYMTI	3
fam_003388	tr|F9XNQ7|F9XNQ7_ZYMTI	24
fam_003389	tr|F9WWB7|F9WWB7_ZYMTI	3
fam_003390	tr|F9X287|F9X287_ZYMTI	2
fam_003391	tr|F9X468|F9X468_ZYMTI	4
fam_003392	tr|F9X4C9|F9X4C9_ZYMTI	5
fam_003393	tr|F9X6T1|F9X6T1_ZYMTI	5
fam_003394	tr|F9X885|F9X885_ZYMTI	3
fam_003395	tr|F9X7Q7|F9X7Q7_ZYMTI	2
fam_003396	tr|F9X9Y8|F9X9Y8_ZYMTI	2
fam_003397	tr|F9XB68|F9XB68_ZYMTI	5
fam_003398	tr|F9XC46|F9XC46_ZYMTI	2
fam_003399	tr|F9XIR3|F9XIR3_ZYMTI	5
fam_003400	tr|F9XPN9|F9XPN9_ZYMTI	4
fam_003401	tr|F9XS59|F9XS59_ZYMTI	2
fam_003402	tr|F9WXZ0|F9WXZ0_ZYMTI	10
fam_003403	tr|F9WY91|F9WY91_ZYMTI	3
fam_003404	tr|F9WYC4|F9WYC4_ZYMTI	4
fam_003405	tr|F9WZN5|F9WZN5_ZYMTI	5
fam_003406	tr|F9X0V4|F9X0V4_ZYMTI	4
fam_003407	tr|F9X1L9|F9X1L9_ZYMTI	5
fam_003408	tr|F9X242|F9X242_ZYMTI	5
fam_003409	tr|F9X2L0|F9X2L0_ZYMTI	8
fam_003410	tr|F9X7I3|F9X7I3_ZYMTI	3
fam_003411	tr|F9X7J0|F9X7J0_ZYMTI	2
fam_003412	tr|F9X8Z5|F9X8Z5_ZYMTI	8
fam_003413	tr|F9X9D8|F9X9D8_ZYMTI	1
fam_003414	tr|F9WYJ3|F9WYJ3_ZYMTI	1
fam_003415	tr|F9XA97|F9XA97_ZYMTI	2
fam_003416	tr|F9XC42|F9XC42_ZYMTI	2
fam_003417	tr|F9XC49|F9XC49_ZYMTI	3
fam_003418	tr|F9XEP7|F9XEP7_ZYMTI	4
fam_003419	tr|F9XFP8|F9XFP8_ZYMTI	4
fam_003420	tr|F9XGB3|F9XGB3_ZYMTI	5
fam_003421	tr|F9XH27|F9XH27_ZYMTI	5
fam_003422	tr|F9XHD9|F9XHD9_ZYMTI	4
fam_003423	tr|F9XIK5|F9XIK5_ZYMTI	5
fam_003424	tr|F9XIN2|F9XIN2_ZYMTI	5
fam_003425	tr|F9XJI5|F9XJI5_ZYMTI	4
fam_003426	tr|F9XJZ7|F9XJZ7_ZYMTI	3
fam_003427	tr|F9XLB8|F9XLB8_ZYMTI	2
fam_003428	tr|F9XLD0|F9XLD0_ZYMTI	4
fam_003429	tr|F9XM82|F9XM82_ZYMTI	3
fam_003430	tr|F9XNJ4|F9XNJ4_ZYMTI	2
fam_003431	tr|F9XNV5|F9XNV5_ZYMTI	4
fam_003432	tr|F9XQ80|F9XQ80_ZYMTI	5
fam_003433	tr|F9WYX5|F9WYX5_ZYMTI	5
fam_003434	tr|F9X2M3|F9X2M3_ZYMTI	24
fam_003435	tr|F9X3B2|F9X3B2_ZYMTI	5
fam_003436	tr|F9X3K0|F9X3K0_ZYMTI	3
fam_003437	tr|F9X5E5|F9X5E5_ZYMTI	3
fam_003438	tr|F9X875|F9X875_ZYMTI	3
fam_003439	tr|F9X8V1|F9X8V1_ZYMTI	5
fam_003440	tr|F9XA94|F9XA94_ZYMTI	4
fam_003441	tr|F9XAG9|F9XAG9_ZYMTI	5
fam_003442	tr|F9XAC8|F9XAC8_ZYMTI	5
fam_003443	tr|F9XBE3|F9XBE3_ZYMTI	3
fam_003444	tr|F9XDN3|F9XDN3_ZYMTI	4
fam_003445	tr|F9XF15|F9XF15_ZYMTI	5
fam_003446	tr|F9XIA4|F9XIA4_ZYMTI	5
fam_003447	tr|F9XP34|F9XP34_ZYMTI	5
fam_003448	tr|F9WWT5|F9WWT5_ZYMTI	4
fam_003449	tr|F9WXQ0|F9WXQ0_ZYMTI	3
fam_003450	tr|F9WZ33|F9WZ33_ZYMTI	3
fam_003451	tr|F9WZF6|F9WZF6_ZYMTI	5
fam_003452	tr|F9WZS9|F9WZS9_ZYMTI	2
fam_003453	tr|F9X0K3|F9X0K3_ZYMTI	7
fam_003454	tr|F9X491|F9X491_ZYMTI	3
fam_003455	tr|F9XCH7|F9XCH7_ZYMTI	2
fam_003456	tr|F9XDG0|F9XDG0_ZYMTI	4
fam_003457	tr|F9XDY8|F9XDY8_ZYMTI	5
fam_003458	tr|F9XI38|F9XI38_ZYMTI	5
fam_003459	tr|F9XLU4|F9XLU4_ZYMTI	3
fam_003460	tr|F9XMC6|F9XMC6_ZYMTI	5
fam_003461	tr|F9XQG0|F9XQG0_ZYMTI	2
fam_003462	tr|F9XQG3|F9XQG3_ZYMTI	1
fam_003463	tr|F9XQH5|F9XQH5_ZYMTI	6
fam_003464	tr|F9XQR7|F9XQR7_ZYMTI	1
fam_003465	tr|F9XQR5|F9XQR5_ZYMTI	1
fam_003466	tr|F9WW44|F9WW44_ZYMTI	7
fam_003467	tr|F9WX07|F9WX07_ZYMTI	2
fam_003468	tr|F9X5N0|F9X5N0_ZYMTI	2
fam_003469	tr|F9X706|F9X706_ZYMTI	2
fam_003470	tr|Q4WY57|Q4WY57_ASPFU	3
fam_003471	tr|Q4WZ15|Q4WZ15_ASPFU	2
fam_003472	tr|Q4WAJ7|Q4WAJ7_ASPFU	2
fam_003473	tr|Q4WAR6|Q4WAR6_ASPFU	2
fam_003474	tr|Q4WBC4|Q4WBC4_ASPFU	5
fam_003475	tr|Q4WDN8|Q4WDN8_ASPFU	3
fam_003476	tr|Q4WE77|Q4WE77_ASPFU	3
fam_003477	tr|Q4WI52|Q4WI52_ASPFU	5
fam_003478	sp|Q4WJ31|CHZ1_ASPFU	2
fam_003479	tr|Q4WJ78|Q4WJ78_ASPFU	2
fam_003480	tr|Q4WKH6|Q4WKH6_ASPFU	5
fam_003481	tr|Q4WLJ3|Q4WLJ3_ASPFU	5
fam_003482	tr|Q4WQK5|Q4WQK5_ASPFU	2
fam_003483	tr|Q4WSS5|Q4WSS5_ASPFU	5
fam_003484	tr|Q4WV65|Q4WV65_ASPFU	4
fam_003485	tr|Q4WWG1|Q4WWG1_ASPFU	5
fam_003486	tr|Q4WXR0|Q4WXR0_ASPFU	2
fam_003487	tr|Q4WY73|Q4WY73_ASPFU	2
fam_003488	tr|Q4X230|Q4X230_ASPFU	5
fam_003489	tr|A4D9J9|A4D9J9_ASPFU	2
fam_003490	tr|A4D9K0|A4D9K0_ASPFU	4
fam_003491	tr|Q4WCG6|Q4WCG6_ASPFU	5
fam_003492	tr|Q4WDA5|Q4WDA5_ASPFU	2
fam_003493	tr|Q4WDC4|Q4WDC4_ASPFU	5
fam_003494	sp|Q4WE63|HSFA_ASPFU	3
fam_003495	tr|Q4WEN7|Q4WEN7_ASPFU	3
fam_003496	sp|Q4WFV6|YA880_ASPFU	2
fam_003497	tr|Q4WG47|Q4WG47_ASPFU	5
fam_003498	tr|Q4WHX9|Q4WHX9_ASPFU	4
fam_003499	tr|Q4WIZ2|Q4WIZ2_ASPFU	5
fam_003500	tr|Q4WKR9|Q4WKR9_ASPFU	2
fam_003501	sp|Q4WLD5|PYR1_ASPFU	8
fam_003502	tr|Q4WLZ3|Q4WLZ3_ASPFU	2
fam_003503	tr|Q4WMP8|Q4WMP8_ASPFU	4
fam_003504	tr|Q4WMT5|Q4WMT5_ASPFU	5
fam_003505	tr|Q4WNU9|Q4WNU9_ASPFU	2
fam_003506	tr|Q4WNX4|Q4WNX4_ASPFU	2
fam_003507	tr|Q4WPC5|Q4WPC5_ASPFU	2
fam_003508	tr|Q4WQ85|Q4WQ85_ASPFU	5
fam_003509	tr|Q4WQK6|Q4WQK6_ASPFU	5
fam_003510	tr|Q4WRX9|Q4WRX9_ASPFU	5
fam_003511	tr|Q4WT55|Q4WT55_ASPFU	4
fam_003512	tr|Q4WT61|Q4WT61_ASPFU	2
fam_003513	tr|Q4WTL8|Q4WTL8_ASPFU	5
fam_003514	tr|Q4X183|Q4X183_ASPFU	2
fam_003515	tr|E9R8E7|E9R8E7_ASPFU	2
fam_003516	tr|Q4WAL7|Q4WAL7_ASPFU	2
fam_003517	tr|Q4WBK3|Q4WBK3_ASPFU	3
fam_003518	tr|Q4WBP3|Q4WBP3_ASPFU	2
fam_003519	tr|Q4WCX8|Q4WCX8_ASPFU	3
fam_003520	tr|Q4WEW0|Q4WEW0_ASPFU	2
fam_003521	tr|Q4WFU7|Q4WFU7_ASPFU	2
fam_003522	tr|Q4WGH2|Q4WGH2_ASPFU	4
fam_003523	tr|Q4WGP2|Q4WGP2_ASPFU	3
fam_003524	tr|Q4WJQ6|Q4WJQ6_ASPFU	3
fam_003525	tr|Q4WK65|Q4WK65_ASPFU	13
fam_003526	tr|Q4WMD9|Q4WMD9_ASPFU	2
fam_003527	tr|Q4WN51|Q4WN51_ASPFU	4
fam_003528	tr|Q4WND9|Q4WND9_ASPFU	2
fam_003529	tr|Q4WSL7|Q4WSL7_ASPFU	5
fam_003530	tr|Q4WT41|Q4WT41_ASPFU	5
fam_003531	tr|Q4WU90|Q4WU90_ASPFU	5
fam_003532	tr|Q4WUG3|Q4WUG3_ASPFU	3
fam_003533	tr|Q4WVI1|Q4WVI1_ASPFU	5
fam_003534	tr|Q4WWB1|Q4WWB1_ASPFU	2
fam_003535	sp|Q4WZV3|EGTA_ASPFU	5
fam_003536	tr|Q4X028|Q4X028_ASPFU	4
fam_003537	tr|A4DA88|A4DA88_ASPFU	12
fam_003538	tr|Q4WAN8|Q4WAN8_ASPFU	1
fam_003539	tr|Q4WKM4|Q4WKM4_ASPFU	1
fam_003540	tr|Q4WB45|Q4WB45_ASPFU	3
fam_003541	tr|Q4WBS4|Q4WBS4_ASPFU	1
fam_003542	tr|Q4W8X4|Q4W8X4_ASPFU	2
fam_003543	tr|Q4WDL8|Q4WDL8_ASPFU	5
fam_003544	tr|Q4WDU3|Q4WDU3_ASPFU	2
fam_003545	tr|Q4WFG1|Q4WFG1_ASPFU	4
fam_003546	tr|Q4WHJ5|Q4WHJ5_ASPFU	4
fam_003547	tr|Q4WIQ7|Q4WIQ7_ASPFU	2
fam_003548	tr|Q4WK75|Q4WK75_ASPFU	5
fam_003549	tr|Q4WL89|Q4WL89_ASPFU	3
fam_003550	tr|Q4WLL8|Q4WLL8_ASPFU	4
fam_003551	tr|Q4WN27|Q4WN27_ASPFU	2
fam_003552	tr|Q4WUQ6|Q4WUQ6_ASPFU	5
fam_003553	sp|Q4WVA0|NUF2_ASPFU	5
fam_003554	tr|Q4WVM5|Q4WVM5_ASPFU	4
fam_003555	sp|Q4WXY3|NOP9_ASPFU	4
fam_003556	sp|Q4X1V0|NDE1_ASPFU	5
fam_003557	tr|Q4WAQ5|Q4WAQ5_ASPFU	4
fam_003558	tr|Q4WCF0|Q4WCF0_ASPFU	2
fam_003559	tr|Q4WEC7|Q4WEC7_ASPFU	2
fam_003560	tr|Q4WGH9|Q4WGH9_ASPFU	2
fam_003561	tr|Q4WK99|Q4WK99_ASPFU	4
fam_003562	tr|Q4WL41|Q4WL41_ASPFU	2
fam_003563	sp|Q4WLW7|FMQB_ASPFU	2
fam_003564	tr|Q4WMH3|Q4WMH3_ASPFU	2
fam_003565	tr|Q4X1E6|Q4X1E6_ASPFU	1
fam_003566	tr|Q4WPI0|Q4WPI0_ASPFU	2
fam_003567	tr|Q4WPY1|Q4WPY1_ASPFU	2
fam_003568	tr|Q4WQK0|Q4WQK0_ASPFU	5
fam_003569	tr|Q4WUW8|Q4WUW8_ASPFU	7
fam_003570	tr|Q4WV35|Q4WV35_ASPFU	2
fam_003571	sp|Q4WVK2|CTU2_ASPFU	2
fam_003572	tr|Q4WWR7|Q4WWR7_ASPFU	13
fam_003573	tr|Q4X070|Q4X070_ASPFU	9
fam_003574	tr|A4D9T5|A4D9T5_ASPFU	2
fam_003575	tr|Q4WAJ9|Q4WAJ9_ASPFU	3
fam_003576	tr|Q4WD62|Q4WD62_ASPFU	10
fam_003577	tr|Q4WE15|Q4WE15_ASPFU	5
fam_003578	tr|Q4WEB1|Q4WEB1_ASPFU	2
fam_003579	tr|Q4WEI8|Q4WEI8_ASPFU	4
fam_003580	tr|Q4WKB3|Q4WKB3_ASPFU	5
fam_003581	sp|Q4WL88|PLYC_ASPFU	2
fam_003582	tr|Q4WM09|Q4WM09_ASPFU	3
fam_003583	sp|Q4WMJ8|GLIJ_ASPFU	3
fam_003584	tr|Q4WNR9|Q4WNR9_ASPFU	2
fam_003585	tr|Q4WPL6|Q4WPL6_ASPFU	4
fam_003586	tr|Q4WR40|Q4WR40_ASPFU	1
fam_003587	tr|A4DA61|A4DA61_ASPFU	1
fam_003588	tr|Q4WSA7|Q4WSA7_ASPFU	2
fam_003589	tr|Q4WTY7|Q4WTY7_ASPFU	4
fam_003590	tr|Q4WUD5|Q4WUD5_ASPFU	4
fam_003591	tr|Q4WV00|Q4WV00_ASPFU	6
fam_003592	tr|Q4WXD2|Q4WXD2_ASPFU	3
fam_003593	tr|Q4W9F1|Q4W9F1_ASPFU	6
fam_003594	sp|Q4W9M7|TOF1_ASPFU	5
fam_003595	tr|Q4WA28|Q4WA28_ASPFU	4
fam_003596	tr|Q4WBM8|Q4WBM8_ASPFU	3
fam_003597	tr|Q4WCD4|Q4WCD4_ASPFU	5
fam_003598	tr|Q4WMW8|Q4WMW8_ASPFU	5
fam_003599	tr|Q4WN43|Q4WN43_ASPFU	2
fam_003600	tr|Q4WNM9|Q4WNM9_ASPFU	2
fam_003601	tr|Q4WPA5|Q4WPA5_ASPFU	63
fam_003602	tr|Q4WPV7|Q4WPV7_ASPFU	3
fam_003603	tr|Q4WQQ0|Q4WQQ0_ASPFU	4
fam_003604	tr|Q4WW44|Q4WW44_ASPFU	2
fam_003605	tr|Q4WW85|Q4WW85_ASPFU	5
fam_003606	tr|Q4WWW7|Q4WWW7_ASPFU	2
fam_003607	tr|Q4WXY8|Q4WXY8_ASPFU	4
fam_003608	tr|A4D9K2|A4D9K2_ASPFU	2
fam_003609	tr|Q4WB21|Q4WB21_ASPFU	8
fam_003610	tr|Q4WC72|Q4WC72_ASPFU	5
fam_003611	tr|Q4WCK1|Q4WCK1_ASPFU	3
fam_003612	tr|Q4WDB0|Q4WDB0_ASPFU	5
fam_003613	tr|Q4WHM8|Q4WHM8_ASPFU	5
fam_003614	tr|Q4WI27|Q4WI27_ASPFU	5
fam_003615	tr|Q4WK09|Q4WK09_ASPFU	9
fam_003616	tr|Q4WM55|Q4WM55_ASPFU	5
fam_003617	tr|Q4WMU7|Q4WMU7_ASPFU	2
fam_003618	tr|Q4WNN4|Q4WNN4_ASPFU	3
fam_003619	tr|Q4WPN6|Q4WPN6_ASPFU	3
fam_003620	tr|Q4WT33|Q4WT33_ASPFU	5
fam_003621	tr|Q4WU87|Q4WU87_ASPFU	8
fam_003622	tr|Q4WU88|Q4WU88_ASPFU	3
fam_003623	tr|Q4WUC6|Q4WUC6_ASPFU	1
fam_003624	sp|Q4WW99|HAC5_ASPFU	1
fam_003625	tr|Q4WUG0|Q4WUG0_ASPFU	5
fam_003626	tr|Q4WUH4|Q4WUH4_ASPFU	8
fam_003627	tr|Q4WVW0|Q4WVW0_ASPFU	2
fam_003628	tr|Q4WX16|Q4WX16_ASPFU	4
fam_003629	tr|Q4WY78|Q4WY78_ASPFU	35
fam_003630	tr|Q4WZN4|Q4WZN4_ASPFU	5
fam_003631	sp|Q50EL0|DMAW_ASPFU	6
fam_003632	tr|Q4WBA8|Q4WBA8_ASPFU	2
fam_003633	tr|Q4WBV4|Q4WBV4_ASPFU	6
fam_003634	tr|Q4WC49|Q4WC49_ASPFU	2
fam_003635	sp|Q4WCY0|CTRA2_ASPFU	5
fam_003636	tr|Q4WDH1|Q4WDH1_ASPFU	4
fam_003637	tr|Q4WEW6|Q4WEW6_ASPFU	2
fam_003638	tr|Q4WFG3|Q4WFG3_ASPFU	1
fam_003639	tr|Q4WVQ5|Q4WVQ5_ASPFU	1
fam_003640	tr|Q4WGC8|Q4WGC8_ASPFU	3
fam_003641	sp|Q4WHL1|MON1_ASPFU	5
fam_003642	tr|Q4WHT4|Q4WHT4_ASPFU	5
fam_003643	tr|Q4WHY6|Q4WHY6_ASPFU	4
fam_003644	tr|Q4WJA2|Q4WJA2_ASPFU	5
fam_003645	tr|Q4WJE1|Q4WJE1_ASPFU	5
fam_003646	tr|Q4WMA2|Q4WMA2_ASPFU	10
fam_003647	tr|Q4WQ09|Q4WQ09_ASPFU	3
fam_003648	tr|Q4WUM9|Q4WUM9_ASPFU	5
fam_003649	tr|Q4WUV4|Q4WUV4_ASPFU	2
fam_003650	tr|Q4WY14|Q4WY14_ASPFU	4
fam_003651	tr|Q4WYB5|Q4WYB5_ASPFU	4
fam_003652	tr|Q4X246|Q4X246_ASPFU	5
fam_003653	tr|Q4X274|Q4X274_ASPFU	4
fam_003654	sp|Q8NKF4|RL3_ASPFU	5
fam_003655	tr|Q4W996|Q4W996_ASPFU	4
fam_003656	tr|Q4W9Y4|Q4W9Y4_ASPFU	2
fam_003657	tr|Q4WC76|Q4WC76_ASPFU	5
fam_003658	tr|Q4WD33|Q4WD33_ASPFU	2
fam_003659	tr|Q4WFV9|Q4WFV9_ASPFU	4
fam_003660	tr|Q4WG06|Q4WG06_ASPFU	7
fam_003661	tr|Q4WGL7|Q4WGL7_ASPFU	5
fam_003662	tr|Q4WHV9|Q4WHV9_ASPFU	6
fam_003663	tr|Q4WJ46|Q4WJ46_ASPFU	2
fam_003664	tr|Q4WJS8|Q4WJS8_ASPFU	5
fam_003665	tr|Q4WKD5|Q4WKD5_ASPFU	5
fam_003666	tr|Q4WPU5|Q4WPU5_ASPFU	4
fam_003667	tr|Q4WRL8|Q4WRL8_ASPFU	5
fam_003668	sp|Q4WTI4|RGLT_ASPFU	2
fam_003669	tr|Q4WJI9|Q4WJI9_ASPFU	4
fam_003670	tr|Q4WLF9|Q4WLF9_ASPFU	2
fam_003671	tr|Q4WLJ0|Q4WLJ0_ASPFU	3
fam_003672	tr|Q4WMF6|Q4WMF6_ASPFU	3
fam_003673	tr|Q4WMQ5|Q4WMQ5_ASPFU	2
fam_003674	tr|Q4WUT8|Q4WUT8_ASPFU	5
fam_003675	tr|Q4WW28|Q4WW28_ASPFU	2
fam_003676	sp|Q4WWE9|CHL1_ASPFU	5
fam_003677	tr|Q4WYX6|Q4WYX6_ASPFU	1
fam_003678	tr|Q4WMI7|Q4WMI7_ASPFU	1
fam_003679	sp|Q4X214|CLCA_ASPFU	5
fam_003680	tr|Q4X276|Q4X276_ASPFU	5
fam_003681	tr|H9CJR4|H9CJR4_ASPFU	3
fam_003682	tr|Q4W9P9|Q4W9P9_ASPFU	2
fam_003683	tr|Q4WAD5|Q4WAD5_ASPFU	5
fam_003684	tr|Q4WDN2|Q4WDN2_ASPFU	2
fam_003685	tr|Q4WIB6|Q4WIB6_ASPFU	5
fam_003686	tr|Q4WII9|Q4WII9_ASPFU	3
fam_003687	tr|Q4WJJ1|Q4WJJ1_ASPFU	2
fam_003688	tr|Q4WLJ6|Q4WLJ6_ASPFU	5
fam_003689	tr|Q4WMM3|Q4WMM3_ASPFU	4
fam_003690	tr|Q4WPE4|Q4WPE4_ASPFU	2
fam_003691	tr|Q4WPY6|Q4WPY6_ASPFU	4
fam_003692	tr|Q4WQS5|Q4WQS5_ASPFU	13
fam_003693	tr|Q4WV01|Q4WV01_ASPFU	3
fam_003694	tr|Q4WVW2|Q4WVW2_ASPFU	5
fam_003695	sp|Q4WW94|HAC2_ASPFU	15
fam_003696	tr|Q4WWJ4|Q4WWJ4_ASPFU	2
fam_003697	tr|Q4WXQ5|Q4WXQ5_ASPFU	3
fam_003698	tr|Q4WY18|Q4WY18_ASPFU	3
fam_003699	tr|Q4WY34|Q4WY34_ASPFU	2
fam_003700	sp|Q4WBL2|GNT1_ASPFU	3
fam_003701	tr|Q4WCH6|Q4WCH6_ASPFU	3
fam_003702	tr|Q4WCJ2|Q4WCJ2_ASPFU	2
fam_003703	tr|Q4WGU6|Q4WGU6_ASPFU	4
fam_003704	tr|Q4WGU7|Q4WGU7_ASPFU	1
fam_003705	tr|Q4WVY9|Q4WVY9_ASPFU	1
fam_003706	tr|Q4WHM5|Q4WHM5_ASPFU	6
fam_003707	tr|Q4WI10|Q4WI10_ASPFU	2
fam_003708	tr|Q4WK12|Q4WK12_ASPFU	5
fam_003709	tr|Q4WLA0|Q4WLA0_ASPFU	3
fam_003710	sp|Q4WNE4|BGALC_ASPFU	9
fam_003711	tr|Q4WPJ0|Q4WPJ0_ASPFU	5
fam_003712	tr|Q4WSC9|Q4WSC9_ASPFU	13
fam_003713	tr|Q4WTE3|Q4WTE3_ASPFU	5
fam_003714	tr|Q4WUN2|Q4WUN2_ASPFU	3
fam_003715	tr|Q4WVR7|Q4WVR7_ASPFU	2
fam_003716	tr|Q4WWP0|Q4WWP0_ASPFU	3
fam_003717	tr|Q4X080|Q4X080_ASPFU	4
fam_003718	tr|Q4X014|Q4X014_ASPFU	3
fam_003719	tr|Q4X210|Q4X210_ASPFU	4
fam_003720	tr|Q4X217|Q4X217_ASPFU	3
fam_003721	tr|A4D9N2|A4D9N2_ASPFU	2
fam_003722	tr|A4D9P5|A4D9P5_ASPFU	3
fam_003723	tr|Q4WBV3|Q4WBV3_ASPFU	8
fam_003724	sp|Q4WE58|TRM6_ASPFU	5
fam_003725	tr|Q4WFJ6|Q4WFJ6_ASPFU	13
fam_003726	sp|Q4WHU0|HMGX_ASPFU	5
fam_003727	tr|Q4WIC9|Q4WIC9_ASPFU	2
fam_003728	tr|Q4WIK5|Q4WIK5_ASPFU	4
fam_003729	tr|Q4WIU4|Q4WIU4_ASPFU	2
fam_003730	tr|Q4WMR1|Q4WMR1_ASPFU	4
fam_003731	tr|Q4WNP0|Q4WNP0_ASPFU	3
fam_003732	tr|Q4WPN4|Q4WPN4_ASPFU	2
fam_003733	tr|Q4WPP0|Q4WPP0_ASPFU	3
fam_003734	tr|Q4WTE7|Q4WTE7_ASPFU	2
fam_003735	tr|Q4WTF4|Q4WTF4_ASPFU	5
fam_003736	tr|Q4WTR5|Q4WTR5_ASPFU	9
fam_003737	tr|Q4WTR8|Q4WTR8_ASPFU	2
fam_003738	tr|Q4WUM4|Q4WUM4_ASPFU	5
fam_003739	tr|Q4WUW0|Q4WUW0_ASPFU	4
fam_003740	tr|Q4WWK0|Q4WWK0_ASPFU	5
fam_003741	tr|Q4WXH6|Q4WXH6_ASPFU	2
fam_003742	tr|Q4X0Y5|Q4X0Y5_ASPFU	3
fam_003743	tr|Q4X1G4|Q4X1G4_ASPFU	2
fam_003744	sp|Q4W9H1|RCO1_ASPFU	4
fam_003745	tr|Q4WE76|Q4WE76_ASPFU	4
fam_003746	tr|Q4WH03|Q4WH03_ASPFU	6
fam_003747	tr|Q4WIX0|Q4WIX0_ASPFU	3
fam_003748	tr|Q4WKV0|Q4WKV0_ASPFU	5
fam_003749	tr|Q4WNJ7|Q4WNJ7_ASPFU	4
fam_003750	tr|Q4WQA6|Q4WQA6_ASPFU	3
fam_003751	tr|Q4WTW1|Q4WTW1_ASPFU	4
fam_003752	tr|Q4WVI0|Q4WVI0_ASPFU	2
fam_003753	tr|Q4WVX4|Q4WVX4_ASPFU	5
fam_003754	tr|Q4WWN9|Q4WWN9_ASPFU	3
fam_003755	sp|Q4WXY0|BCK1_ASPFU	4
fam_003756	sp|Q4WZ69|EASG_ASPFU	3
fam_003757	sp|Q4X1W8|SET9_ASPFU	4
fam_003758	tr|A4D9D2|A4D9D2_ASPFU	2
fam_003759	sp|Q4W9B7|MED17_ASPFU	2
fam_003760	sp|Q4W9F7|ICSA_ASPFU	3
fam_003761	sp|Q4WDM5|GPI7_ASPFU	5
fam_003762	sp|Q4WGS5|SIT1_ASPFU	17
fam_003763	tr|Q4WI50|Q4WI50_ASPFU	2
fam_003764	tr|Q4WLJ9|Q4WLJ9_ASPFU	15
fam_003765	tr|Q4WMR6|Q4WMR6_ASPFU	5
fam_003766	sp|Q4WR79|RGLB_ASPFU	2
fam_003767	tr|Q4WVJ3|Q4WVJ3_ASPFU	5
fam_003768	tr|Q4WWJ3|Q4WWJ3_ASPFU	4
fam_003769	tr|Q4WWU8|Q4WWU8_ASPFU	1
fam_003770	tr|Q4WC07|Q4WC07_ASPFU	1
fam_003771	tr|J3K9Y5|J3K9Y5_COCIM	2
fam_003772	tr|J3KCG9|J3KCG9_COCIM	2
fam_003773	tr|J3KEK7|J3KEK7_COCIM	3
fam_003774	tr|J3KF14|J3KF14_COCIM	5
fam_003775	tr|J3KFQ6|J3KFQ6_COCIM	3
fam_003776	tr|J3KFU4|J3KFU4_COCIM	5
fam_003777	tr|J3KHE2|J3KHE2_COCIM	3
fam_003778	tr|J3KKB3|J3KKB3_COCIM	2
fam_003779	tr|J3KLD5|J3KLD5_COCIM	3
fam_003780	sp|Q1EAH9|COQ4_COCIM	5
fam_003781	tr|A0A0E1RWA4|A0A0E1RWA4_COCIM	2
fam_003782	tr|A0A0E1RWG4|A0A0E1RWG4_COCIM	8
fam_003783	tr|A0A0E1RX24|A0A0E1RX24_COCIM	4
fam_003784	tr|A0A0E1S1U7|A0A0E1S1U7_COCIM	5
fam_003785	tr|A0A0E1S3J4|A0A0E1S3J4_COCIM	3
fam_003786	tr|J3K5Q5|J3K5Q5_COCIM	14
fam_003787	tr|J3K8H2|J3K8H2_COCIM	3
fam_003788	tr|J3K8J7|J3K8J7_COCIM	2
fam_003789	tr|J3K9L2|J3K9L2_COCIM	1
fam_003790	tr|J3K9L6|J3K9L6_COCIM	1
fam_003791	tr|J3K9P3|J3K9P3_COCIM	4
fam_003792	tr|J3K9W4|J3K9W4_COCIM	5
fam_003793	tr|J3KGD1|J3KGD1_COCIM	10
fam_003794	tr|J3KH04|J3KH04_COCIM	2
fam_003795	tr|J3KHD5|J3KHD5_COCIM	5
fam_003796	tr|J3KLF2|J3KLF2_COCIM	4
fam_003797	tr|A0A0D8JTN6|A0A0D8JTN6_COCIM	5
fam_003798	tr|A0A0D8JU68|A0A0D8JU68_COCIM	6
fam_003799	tr|A0A0D8JUR5|A0A0D8JUR5_COCIM	2
fam_003800	tr|A0A0D8JV06|A0A0D8JV06_COCIM	4
fam_003801	tr|A0A0D8JW08|A0A0D8JW08_COCIM	6
fam_003802	tr|A0A0D8JXG2|A0A0D8JXG2_COCIM	2
fam_003803	tr|J3KDR9|J3KDR9_COCIM	1
fam_003804	tr|A0A0E1RUG9|A0A0E1RUG9_COCIM	4
fam_003805	tr|A0A0E1RUK5|A0A0E1RUK5_COCIM	2
fam_003806	sp|A0A0E1RWJ5|COCB_COCIM	5
fam_003807	tr|A0A0E1RYD7|A0A0E1RYD7_COCIM	4
fam_003808	tr|A0A0E1S090|A0A0E1S090_COCIM	4
fam_003809	tr|A0A0E1S0B3|A0A0E1S0B3_COCIM	5
fam_003810	tr|A0A0E1S0B5|A0A0E1S0B5_COCIM	2
fam_003811	tr|J3K6H5|J3K6H5_COCIM	4
fam_003812	tr|J3K8G7|J3K8G7_COCIM	3
fam_003813	tr|J3K8K9|J3K8K9_COCIM	2
fam_003814	tr|J3K913|J3K913_COCIM	5
fam_003815	tr|J3K9R3|J3K9R3_COCIM	5
fam_003816	tr|J3KCV1|J3KCV1_COCIM	5
fam_003817	tr|J3KEH4|J3KEH4_COCIM	2
fam_003818	tr|J3KEI0|J3KEI0_COCIM	21
fam_003819	tr|J3KGB7|J3KGB7_COCIM	5
fam_003820	tr|J3KGW2|J3KGW2_COCIM	13
fam_003821	tr|J3KHV3|J3KHV3_COCIM	4
fam_003822	tr|J3KHW4|J3KHW4_COCIM	5
fam_003823	tr|J3KK03|J3KK03_COCIM	3
fam_003824	tr|J3KK18|J3KK18_COCIM	5
fam_003825	tr|A0A0D8JWI9|A0A0D8JWI9_COCIM	5
fam_003826	tr|A0A0E1S194|A0A0E1S194_COCIM	2
fam_003827	tr|A0A0E1S1M1|A0A0E1S1M1_COCIM	5
fam_003828	tr|A0A0E1S1N1|A0A0E1S1N1_COCIM	5
fam_003829	tr|A0A0E1S1P2|A0A0E1S1P2_COCIM	4
fam_003830	tr|J3K1V5|J3K1V5_COCIM	5
fam_003831	tr|J3K2D5|J3K2D5_COCIM	3
fam_003832	tr|J3K414|J3K414_COCIM	5
fam_003833	tr|J3K4F9|J3K4F9_COCIM	5
fam_003834	tr|J3K613|J3K613_COCIM	5
fam_003835	tr|J3K6U9|J3K6U9_COCIM	2
fam_003836	tr|J3K9Y4|J3K9Y4_COCIM	2
fam_003837	tr|J3KB03|J3KB03_COCIM	7
fam_003838	tr|J3KBU9|J3KBU9_COCIM	2
fam_003839	tr|J3KEC8|J3KEC8_COCIM	6
fam_003840	tr|J3KJP6|J3KJP6_COCIM	4
fam_003841	tr|J3KK76|J3KK76_COCIM	3
fam_003842	tr|J3KL51|J3KL51_COCIM	5
fam_003843	tr|A0A0D8JSF7|A0A0D8JSF7_COCIM	2
fam_003844	tr|A0A0D8JT51|A0A0D8JT51_COCIM	4
fam_003845	tr|A0A0D8JUI2|A0A0D8JUI2_COCIM	84
fam_003846	tr|A0A0D8JWC9|A0A0D8JWC9_COCIM	5
fam_003847	tr|A0A0E1RV40|A0A0E1RV40_COCIM	4
fam_003848	tr|J3K238|J3K238_COCIM	3
fam_003849	tr|J3K4A9|J3K4A9_COCIM	6
fam_003850	tr|J3K4Z4|J3K4Z4_COCIM	2
fam_003851	tr|J3K6P3|J3K6P3_COCIM	2
fam_003852	tr|J3K939|J3K939_COCIM	7
fam_003853	tr|J3KB19|J3KB19_COCIM	12
fam_003854	tr|J3KBS3|J3KBS3_COCIM	2
fam_003855	tr|J3KHC0|J3KHC0_COCIM	5
fam_003856	tr|J3KLD7|J3KLD7_COCIM	5
fam_003857	tr|A0A0D8JT40|A0A0D8JT40_COCIM	3
fam_003858	tr|A0A0E1RWC4|A0A0E1RWC4_COCIM	3
fam_003859	tr|A0A0E1RWW0|A0A0E1RWW0_COCIM	4
fam_003860	tr|A0A0E1RZ00|A0A0E1RZ00_COCIM	2
fam_003861	tr|J3K5L5|J3K5L5_COCIM	4
fam_003862	tr|J3K6V7|J3K6V7_COCIM	5
fam_003863	tr|J3K9H9|J3K9H9_COCIM	3
fam_003864	tr|J3K9L7|J3K9L7_COCIM	5
fam_003865	tr|J3KBG0|J3KBG0_COCIM	2
fam_003866	tr|J3KC10|J3KC10_COCIM	32
fam_003867	tr|J3KCX1|J3KCX1_COCIM	2
fam_003868	tr|J3KEI1|J3KEI1_COCIM	5
fam_003869	tr|J3KEP4|J3KEP4_COCIM	5
fam_003870	tr|J3KK39|J3KK39_COCIM	2
fam_003871	tr|A0A0D8JSY5|A0A0D8JSY5_COCIM	3
fam_003872	tr|A0A0D8JVI6|A0A0D8JVI6_COCIM	2
fam_003873	tr|A0A0D8JVZ8|A0A0D8JVZ8_COCIM	2
fam_003874	tr|J3K738|J3K738_COCIM	2
fam_003875	tr|J3KEB1|J3KEB1_COCIM	3
fam_003876	tr|J3KFM0|J3KFM0_COCIM	5
fam_003877	tr|J3KJ39|J3KJ39_COCIM	2
fam_003878	tr|J3KJZ0|J3KJZ0_COCIM	4
fam_003879	tr|J3KKU8|J3KKU8_COCIM	2
fam_003880	tr|J3KM70|J3KM70_COCIM	2
fam_003881	tr|A0A0D8JSY4|A0A0D8JSY4_COCIM	4
fam_003882	tr|A0A0D8JVP7|A0A0D8JVP7_COCIM	2
fam_003883	tr|A0A0E1RZI4|A0A0E1RZI4_COCIM	8
fam_003884	tr|J3K270|J3K270_COCIM	5
fam_003885	tr|J3K792|J3K792_COCIM	4
fam_003886	tr|J3K880|J3K880_COCIM	12
fam_003887	tr|J3K8Z1|J3K8Z1_COCIM	5
fam_003888	tr|J3KBE9|J3KBE9_COCIM	2
fam_003889	tr|J3KCZ9|J3KCZ9_COCIM	4
fam_003890	tr|J3KD64|J3KD64_COCIM	2
fam_003891	tr|J3KDU4|J3KDU4_COCIM	3
fam_003892	tr|J3KJC8|J3KJC8_COCIM	5
fam_003893	tr|J3KKY7|J3KKY7_COCIM	2
fam_003894	tr|J3KM42|J3KM42_COCIM	5
fam_003895	tr|A0A0D8JUP4|A0A0D8JUP4_COCIM	5
fam_003896	tr|A0A0D8JW24|A0A0D8JW24_COCIM	4
fam_003897	tr|A0A0E1RVE4|A0A0E1RVE4_COCIM	4
fam_003898	tr|A0A0E1RX38|A0A0E1RX38_COCIM	4
fam_003899	tr|A0A0E1RXM2|A0A0E1RXM2_COCIM	5
fam_003900	tr|A0A0E1S121|A0A0E1S121_COCIM	5
fam_003901	tr|J3K163|J3K163_COCIM	5
fam_003902	tr|J3K2E5|J3K2E5_COCIM	3
fam_003903	tr|J3K2M2|J3K2M2_COCIM	4
fam_003904	tr|J3K3R6|J3K3R6_COCIM	2
fam_003905	tr|J3K9W1|J3K9W1_COCIM	3
fam_003906	tr|J3KBF3|J3KBF3_COCIM	7
fam_003907	tr|J3KBZ7|J3KBZ7_COCIM	5
fam_003908	tr|J3KHG3|J3KHG3_COCIM	4
fam_003909	tr|J3KJS6|J3KJS6_COCIM	2
fam_003910	tr|A0A0D8JSG4|A0A0D8JSG4_COCIM	5
fam_003911	tr|A0A0E1RUP5|A0A0E1RUP5_COCIM	2
fam_003912	tr|A0A0E1RVH0|A0A0E1RVH0_COCIM	2
fam_003913	tr|A0A0E1RW52|A0A0E1RW52_COCIM	3
fam_003914	tr|A0A0E1RWW4|A0A0E1RWW4_COCIM	5
fam_003915	tr|A0A0E1RY99|A0A0E1RY99_COCIM	2
fam_003916	tr|J3K2L2|J3K2L2_COCIM	2
fam_003917	tr|J3KAS7|J3KAS7_COCIM	2
fam_003918	tr|J3KBL8|J3KBL8_COCIM	3
fam_003919	tr|J3KDE4|J3KDE4_COCIM	5
fam_003920	tr|J3KGZ0|J3KGZ0_COCIM	2
fam_003921	tr|J3KH43|J3KH43_COCIM	3
fam_003922	tr|J3KHV1|J3KHV1_COCIM	4
fam_003923	tr|J3KIB9|J3KIB9_COCIM	5
fam_003924	tr|J3KK36|J3KK36_COCIM	5
fam_003925	tr|J3KKC1|J3KKC1_COCIM	6
fam_003926	tr|A0A0E1RX92|A0A0E1RX92_COCIM	2
fam_003927	tr|A0A0E1RY25|A0A0E1RY25_COCIM	2
fam_003928	tr|A0A0E1RYG2|A0A0E1RYG2_COCIM	5
fam_003929	tr|J3K0X7|J3K0X7_COCIM	5
fam_003930	tr|J3K2I7|J3K2I7_COCIM	5
fam_003931	tr|A0A0E1S5H1|A0A0E1S5H1_COCIM	4
fam_003932	tr|J3K214|J3K214_COCIM	3
fam_003933	tr|J3K302|J3K302_COCIM	2
fam_003934	tr|J3K3W2|J3K3W2_COCIM	4
fam_003935	tr|J3K749|J3K749_COCIM	4
fam_003936	tr|J3KAD1|J3KAD1_COCIM	3
fam_003937	tr|J3KAN1|J3KAN1_COCIM	3
fam_003938	tr|J3KB41|J3KB41_COCIM	2
fam_003939	tr|J3KF58|J3KF58_COCIM	2
fam_003940	tr|J3KHQ7|J3KHQ7_COCIM	7
fam_003941	tr|J3KJL9|J3KJL9_COCIM	5
fam_003942	tr|J3KKX5|J3KKX5_COCIM	3
fam_003943	tr|A0A0D8JRK5|A0A0D8JRK5_COCIM	8
fam_003944	tr|A0A0E1RVX6|A0A0E1RVX6_COCIM	2
fam_003945	tr|A0A0E1RXK3|A0A0E1RXK3_COCIM	3
fam_003946	tr|A0A0E1RYH0|A0A0E1RYH0_COCIM	4
fam_003947	tr|A0A0E1S0D0|A0A0E1S0D0_COCIM	5
fam_003948	tr|J3K1V1|J3K1V1_COCIM	4
fam_003949	tr|J3K2H8|J3K2H8_COCIM	5
fam_003950	tr|A0ACF5C9R1|A0ACF5C9R1_9PEZI	6
fam_003951	tr|A0ACF5CFZ5|A0ACF5CFZ5_9PEZI	5
fam_003952	tr|A0ACF5CI10|A0ACF5CI10_9PEZI	3
fam_003953	tr|A0ACF5BI64|A0ACF5BI64_9PEZI	4
fam_003954	tr|A0ACF5BMD2|A0ACF5BMD2_9PEZI	6
fam_003955	tr|A0ACF5BNJ2|A0ACF5BNJ2_9PEZI	8
fam_003956	tr|A0ACF5BUB8|A0ACF5BUB8_9PEZI	5
fam_003957	tr|A0ACF5BV89|A0ACF5BV89_9PEZI	5
fam_003958	tr|A0ACF5BVH2|A0ACF5BVH2_9PEZI	5
fam_003959	tr|A0ACF5C4R7|A0ACF5C4R7_9PEZI	5
fam_003960	tr|A0ACF5C5G5|A0ACF5C5G5_9PEZI	4
fam_003961	tr|A0ACF5CC50|A0ACF5CC50_9PEZI	2
fam_003962	tr|A0ACF5CCN0|A0ACF5CCN0_9PEZI	6
fam_003963	tr|A0ACF5CCN5|A0ACF5CCN5_9PEZI	5
fam_003964	tr|A0ACF5CDH0|A0ACF5CDH0_9PEZI	6
fam_003965	tr|A0ACF5BPH8|A0ACF5BPH8_9PEZI	2
fam_003966	tr|A0ACF5BR77|A0ACF5BR77_9PEZI	5
fam_003967	tr|A0ACF5BT04|A0ACF5BT04_9PEZI	3
fam_003968	tr|A0ACF5BY36|A0ACF5BY36_9PEZI	4
fam_003969	tr|A0ACF5BYY3|A0ACF5BYY3_9PEZI	5
fam_003970	tr|A0ACF5BZJ2|A0ACF5BZJ2_9PEZI	2
fam_003971	tr|A0ACF5C0P6|A0ACF5C0P6_9PEZI	2
fam_003972	tr|A0ACF5C0V4|A0ACF5C0V4_9PEZI	4
fam_003973	tr|A0ACF5C3P2|A0ACF5C3P2_9PEZI	5
fam_003974	tr|A0ACF5C468|A0ACF5C468_9PEZI	4
fam_003975	tr|A0A0E1RYJ9|A0A0E1RYJ9_COCIM	2
fam_003976	tr|A0A0E1S218|A0A0E1S218_COCIM	1
fam_003977	tr|J3KCF4|J3KCF4_COCIM	1
fam_003978	tr|J3K1U2|J3K1U2_COCIM	4
fam_003979	tr|A0ACF5C553|A0ACF5C553_9PEZI	6
fam_003980	tr|A0ACF5CCX4|A0ACF5CCX4_9PEZI	4
fam_003981	tr|A0ACF5CCZ1|A0ACF5CCZ1_9PEZI	3
fam_003982	tr|A0ACF5BUF3|A0ACF5BUF3_9PEZI	5
fam_003983	tr|A0ACF5BVP9|A0ACF5BVP9_9PEZI	1
fam_003984	tr|A0ACF5BYG4|A0ACF5BYG4_9PEZI	1
fam_003985	tr|A0ACF5BWH4|A0ACF5BWH4_9PEZI	2
fam_003986	tr|A0ACF5BXU0|A0ACF5BXU0_9PEZI	4
fam_003987	tr|A0ACF5BYZ9|A0ACF5BYZ9_9PEZI	2
fam_003988	tr|A0ACF5C2T1|A0ACF5C2T1_9PEZI	13
fam_003989	tr|A0ACF5C5M7|A0ACF5C5M7_9PEZI	2
fam_003990	tr|A0ACF5C8U0|A0ACF5C8U0_9PEZI	2
fam_003991	tr|A0ACF5CCJ2|A0ACF5CCJ2_9PEZI	5
fam_003992	tr|A0ACF5BKT7|A0ACF5BKT7_9PEZI	8
fam_003993	tr|A0ACF5BMY4|A0ACF5BMY4_9PEZI	6
fam_003994	tr|A0ACF5BR89|A0ACF5BR89_9PEZI	4
fam_003995	tr|A0ACF5BVL0|A0ACF5BVL0_9PEZI	4
fam_003996	tr|A0ACF5BW22|A0ACF5BW22_9PEZI	5
fam_003997	tr|A0ACF5BX38|A0ACF5BX38_9PEZI	2
fam_003998	tr|A0ACF5BX73|A0ACF5BX73_9PEZI	5
fam_003999	tr|A0ACF5C3D4|A0ACF5C3D4_9PEZI	2
fam_004000	tr|A0ACF5C9A0|A0ACF5C9A0_9PEZI	3
fam_004001	tr|A0ACF5C9B2|A0ACF5C9B2_9PEZI	5
fam_004002	tr|A0ACF5CBF2|A0ACF5CBF2_9PEZI	3
fam_004003	tr|A0ACF5CCS4|A0ACF5CCS4_9PEZI	3
fam_004004	tr|A0ACF5CCZ2|A0ACF5CCZ2_9PEZI	5
fam_004005	tr|A0ACF5CEA3|A0ACF5CEA3_9PEZI	4
fam_004006	tr|A0ACF5CGR0|A0ACF5CGR0_9PEZI	5
fam_004007	tr|A0ACF5BKX0|A0ACF5BKX0_9PEZI	12
fam_004008	tr|A0ACF5BMA6|A0ACF5BMA6_9PEZI	4
fam_004009	tr|A0ACF5BNL3|A0ACF5BNL3_9PEZI	5
fam_004010	tr|A0ACF5BNW5|A0ACF5BNW5_9PEZI	5
fam_004011	tr|A0ACF5BRE8|A0ACF5BRE8_9PEZI	5
fam_004012	tr|A0ACF5BTL7|A0ACF5BTL7_9PEZI	2
fam_004013	tr|A0ACF5BZP2|A0ACF5BZP2_9PEZI	4
fam_004014	tr|A0ACF5C0C8|A0ACF5C0C8_9PEZI	4
fam_004015	tr|A0ACF5C3S5|A0ACF5C3S5_9PEZI	5
fam_004016	tr|A0ACF5C3W6|A0ACF5C3W6_9PEZI	5
fam_004017	tr|A0ACF5CAV1|A0ACF5CAV1_9PEZI	5
fam_004018	tr|A0ACF5CC02|A0ACF5CC02_9PEZI	2
fam_004019	tr|A0ACF5CCJ8|A0ACF5CCJ8_9PEZI	2
fam_004020	tr|A0ACF5CCM7|A0ACF5CCM7_9PEZI	2
fam_004021	tr|A0ACF5CDQ7|A0ACF5CDQ7_9PEZI	2
fam_004022	tr|A0ACF5CGN5|A0ACF5CGN5_9PEZI	5
fam_004023	tr|A0ACF5CGV6|A0ACF5CGV6_9PEZI	2
fam_004024	tr|A0ACF5BKX7|A0ACF5BKX7_9PEZI	5
fam_004025	tr|A0ACF5BQ25|A0ACF5BQ25_9PEZI	2
fam_004026	tr|A0ACF5BS38|A0ACF5BS38_9PEZI	2
fam_004027	tr|A0ACF5BZ22|A0ACF5BZ22_9PEZI	2
fam_004028	tr|A0ACF5C026|A0ACF5C026_9PEZI	4
fam_004029	tr|A0ACF5C182|A0ACF5C182_9PEZI	2
fam_004030	tr|A0ACF5C2P8|A0ACF5C2P8_9PEZI	1
fam_004031	tr|A0ACF5C4K1|A0ACF5C4K1_9PEZI	2
fam_004032	tr|A0ACF5C573|A0ACF5C573_9PEZI	2
fam_004033	tr|A0ACF5CDH7|A0ACF5CDH7_9PEZI	2
fam_004034	tr|A0ACF5CEL8|A0ACF5CEL8_9PEZI	5
fam_004035	tr|A0ACF5CF43|A0ACF5CF43_9PEZI	6
fam_004036	tr|A0ACF5CHV9|A0ACF5CHV9_9PEZI	1
fam_004037	tr|A0ACF5C6Z2|A0ACF5C6Z2_9PEZI	1
fam_004038	tr|A0ACF5BKA3|A0ACF5BKA3_9PEZI	3
fam_004039	tr|A0ACF5BLH8|A0ACF5BLH8_9PEZI	12
fam_004040	tr|A0ACF5BSZ7|A0ACF5BSZ7_9PEZI	2
fam_004041	tr|A0ACF5BUQ1|A0ACF5BUQ1_9PEZI	5
fam_004042	tr|A0ACF5BVS5|A0ACF5BVS5_9PEZI	3
fam_004043	tr|A0ACF5BXR3|A0ACF5BXR3_9PEZI	6
fam_004044	tr|A0ACF5BYG5|A0ACF5BYG5_9PEZI	2
fam_004045	tr|A0ACF5C3A5|A0ACF5C3A5_9PEZI	2
fam_004046	tr|A0ACF5C3Y0|A0ACF5C3Y0_9PEZI	3
fam_004047	tr|A0ACF5C4M2|A0ACF5C4M2_9PEZI	3
fam_004048	tr|A0ACF5CBA5|A0ACF5CBA5_9PEZI	5
fam_004049	tr|A0ACF5CBK7|A0ACF5CBK7_9PEZI	5
fam_004050	tr|A0ACF5CBT2|A0ACF5CBT2_9PEZI	5
fam_004051	tr|A0ACF5CC38|A0ACF5CC38_9PEZI	2
fam_004052	tr|A0ACF5CCS5|A0ACF5CCS5_9PEZI	5
fam_004053	tr|A0ACF5CFN9|A0ACF5CFN9_9PEZI	2
fam_004054	tr|A0ACF5CFP2|A0ACF5CFP2_9PEZI	10
fam_004055	tr|A0ACF5CGA7|A0ACF5CGA7_9PEZI	4
fam_004056	tr|A0ACF5CHH7|A0ACF5CHH7_9PEZI	3
fam_004057	tr|A0ACF5CI07|A0ACF5CI07_9PEZI	5
fam_004058	tr|A0ACF5BMI0|A0ACF5BMI0_9PEZI	4
fam_004059	tr|A0ACF5BVM6|A0ACF5BVM6_9PEZI	5
fam_004060	tr|A0ACF5BXN3|A0ACF5BXN3_9PEZI	4
fam_004061	tr|A0ACF5BYH4|A0ACF5BYH4_9PEZI	2
fam_004062	tr|A0ACF5C0W8|A0ACF5C0W8_9PEZI	5
fam_004063	tr|A0ACF5C2S7|A0ACF5C2S7_9PEZI	2
fam_004064	tr|A0ACF5CC22|A0ACF5CC22_9PEZI	2
fam_004065	tr|A0ACF5C4V6|A0ACF5C4V6_9PEZI	1
fam_004066	tr|A0ACF5CGD9|A0ACF5CGD9_9PEZI	5
fam_004067	tr|A0ACF5BJ28|A0ACF5BJ28_9PEZI	3
fam_004068	tr|A0ACF5BK22|A0ACF5BK22_9PEZI	9
fam_004069	tr|A0ACF5BM93|A0ACF5BM93_9PEZI	5
fam_004070	tr|A0ACF5BY76|A0ACF5BY76_9PEZI	5
fam_004071	tr|A0ACF5C191|A0ACF5C191_9PEZI	5
fam_004072	tr|A0ACF5C1A5|A0ACF5C1A5_9PEZI	5
fam_004073	tr|A0ACF5C1J2|A0ACF5C1J2_9PEZI	3
fam_004074	tr|A0ACF5CCL4|A0ACF5CCL4_9PEZI	5
fam_004075	tr|A0ACF5CDR7|A0ACF5CDR7_9PEZI	5
fam_004076	tr|A0ACF5CGM3|A0ACF5CGM3_9PEZI	5
fam_004077	tr|A0ACF5CHE0|A0ACF5CHE0_9PEZI	4
fam_004078	tr|A0ACF5CJ31|A0ACF5CJ31_9PEZI	5
fam_004079	tr|A0ACF5BT18|A0ACF5BT18_9PEZI	5
fam_004080	tr|A0ACF5BVZ8|A0ACF5BVZ8_9PEZI	5
fam_004081	tr|A0ACF5BXB2|A0ACF5BXB2_9PEZI	3
fam_004082	tr|A0ACF5C0C7|A0ACF5C0C7_9PEZI	1
fam_004083	tr|A0ACF5BTC9|A0ACF5BTC9_9PEZI	2
fam_004084	tr|A0ACF5C0Q4|A0ACF5C0Q4_9PEZI	4
fam_004085	tr|A0ACF5C5C0|A0ACF5C5C0_9PEZI	5
fam_004086	tr|A0ACF5C9J1|A0ACF5C9J1_9PEZI	2
fam_004087	tr|A0ACF5C9J4|A0ACF5C9J4_9PEZI	4
fam_004088	tr|A0ACF5CB53|A0ACF5CB53_9PEZI	4
fam_004089	tr|A0ACF5CBT6|A0ACF5CBT6_9PEZI	5
fam_004090	tr|A0ACF5CCV1|A0ACF5CCV1_9PEZI	10
fam_004091	tr|A0ACF5CE73|A0ACF5CE73_9PEZI	4
fam_004092	tr|A0ACF5CEP1|A0ACF5CEP1_9PEZI	6
fam_004093	tr|A0ACF5CFY6|A0ACF5CFY6_9PEZI	5
fam_004094	tr|A0ACF5BM26|A0ACF5BM26_9PEZI	4
fam_004095	tr|A0ACF5BT86|A0ACF5BT86_9PEZI	5
fam_004096	tr|A0ACF5BU86|A0ACF5BU86_9PEZI	3
fam_004097	tr|A0ACF5BVQ8|A0ACF5BVQ8_9PEZI	1
fam_004098	tr|A0ACF5C3M6|A0ACF5C3M6_9PEZI	1
fam_004099	tr|A0ACF5C083|A0ACF5C083_9PEZI	2
fam_004100	tr|A0ACF5C4R6|A0ACF5C4R6_9PEZI	5
fam_004101	tr|A0ACF5CAG5|A0ACF5CAG5_9PEZI	5
fam_004102	tr|A0ACF5CDT7|A0ACF5CDT7_9PEZI	1
fam_004103	tr|A0ACF5CAS2|A0ACF5CAS2_9PEZI	1
fam_004104	tr|A0ACF5CIK8|A0ACF5CIK8_9PEZI	2
fam_004105	tr|A0ACF5CIT9|A0ACF5CIT9_9PEZI	4
fam_004106	tr|A0ACF5BKJ5|A0ACF5BKJ5_9PEZI	2
fam_004107	tr|A0ACF5BKR0|A0ACF5BKR0_9PEZI	2
fam_004108	tr|A0ACF5BKV6|A0ACF5BKV6_9PEZI	5
fam_004109	tr|A0ACF5BQ33|A0ACF5BQ33_9PEZI	2
fam_004110	tr|A0ACF5BQE3|A0ACF5BQE3_9PEZI	3
fam_004111	tr|A0ACF5BQU9|A0ACF5BQU9_9PEZI	5
fam_004112	tr|A0ACF5BTL9|A0ACF5BTL9_9PEZI	4
fam_004113	tr|A0ACF5BU48|A0ACF5BU48_9PEZI	2
fam_004114	tr|A0ACF5BZF9|A0ACF5BZF9_9PEZI	4
fam_004115	tr|A0ACF5C0K9|A0ACF5C0K9_9PEZI	4
fam_004116	tr|A0ACF5C6U8|A0ACF5C6U8_9PEZI	9
fam_004117	tr|A0ACF5CBL6|A0ACF5CBL6_9PEZI	2
fam_004118	tr|A0ACF5CBR2|A0ACF5CBR2_9PEZI	4
fam_004119	tr|A0ACF5CDQ6|A0ACF5CDQ6_9PEZI	5
fam_004120	tr|A0ACF5CFR2|A0ACF5CFR2_9PEZI	7
fam_004121	tr|A0ACF5CIK1|A0ACF5CIK1_9PEZI	5
fam_004122	tr|A0ACF5CJ02|A0ACF5CJ02_9PEZI	5
fam_004123	tr|A0ACF5BUJ1|A0ACF5BUJ1_9PEZI	2
fam_004124	tr|A0ACF5BUK8|A0ACF5BUK8_9PEZI	7
fam_004125	tr|A0ACF5BV23|A0ACF5BV23_9PEZI	5
fam_004126	tr|A0ACF5BX20|A0ACF5BX20_9PEZI	3
fam_004127	tr|A0ACF5C009|A0ACF5C009_9PEZI	5
fam_004128	tr|A0ACF5C0I2|A0ACF5C0I2_9PEZI	2
fam_004129	tr|A0ACF5C0W2|A0ACF5C0W2_9PEZI	3
fam_004130	tr|A0ACF5C301|A0ACF5C301_9PEZI	2
fam_004131	tr|A0ACF5C3E3|A0ACF5C3E3_9PEZI	5
fam_004132	tr|A0ACF5C6J1|A0ACF5C6J1_9PEZI	4
fam_004133	tr|A0ACF5C888|A0ACF5C888_9PEZI	5
fam_004134	tr|A0ACF5CDT3|A0ACF5CDT3_9PEZI	12
fam_004135	tr|A0ACF5CHY4|A0ACF5CHY4_9PEZI	2
fam_004136	tr|A0ACF5CGR8|A0ACF5CGR8_9PEZI	1
fam_004137	tr|A0ACF5BLT2|A0ACF5BLT2_9PEZI	3
fam_004138	tr|A0ACF5BNN5|A0ACF5BNN5_9PEZI	5
fam_004139	tr|A0ACF5BNU0|A0ACF5BNU0_9PEZI	4
fam_004140	tr|A0ACF5BWZ7|A0ACF5BWZ7_9PEZI	5
fam_004141	tr|A0ACF5C1L2|A0ACF5C1L2_9PEZI	5
fam_004142	tr|A0ACF5C2L1|A0ACF5C2L1_9PEZI	4
fam_004143	tr|A0ACF5CDB1|A0ACF5CDB1_9PEZI	6
fam_004144	tr|A0ACF5CF21|A0ACF5CF21_9PEZI	2
fam_004145	tr|A0ACF5BM62|A0ACF5BM62_9PEZI	3
fam_004146	tr|A0ACF5BN87|A0ACF5BN87_9PEZI	8
fam_004147	tr|A0ACF5BNM0|A0ACF5BNM0_9PEZI	5
fam_004148	tr|A0ACF5BNT8|A0ACF5BNT8_9PEZI	5
fam_004149	tr|A0ACF5BNU8|A0ACF5BNU8_9PEZI	4
fam_004150	tr|A0ACF5BQF3|A0ACF5BQF3_9PEZI	5
fam_004151	tr|A0ACF5BQQ1|A0ACF5BQQ1_9PEZI	4
fam_004152	tr|A0ACF5BRI3|A0ACF5BRI3_9PEZI	3
fam_004153	tr|A0ACF5BRQ0|A0ACF5BRQ0_9PEZI	2
fam_004154	tr|A0ACF5C1U9|A0ACF5C1U9_9PEZI	5
fam_004155	tr|Q1K5A5|Q1K5A5_NEUCR	2
fam_004156	tr|Q1K7Q9|Q1K7Q9_NEUCR	3
fam_004157	tr|Q7S616|Q7S616_NEUCR	5
fam_004158	sp|Q7SDV9|CCPR_NEUCR	4
fam_004159	tr|Q7SFA8|Q7SFA8_NEUCR	1
fam_004160	tr|Q7SEW7|Q7SEW7_NEUCR	1
fam_004161	tr|V5ILB8|V5ILB8_NEUCR	2
fam_004162	sp|P87072|CANB_NEUCR	9
fam_004163	tr|Q1K921|Q1K921_NEUCR	4
fam_004164	tr|Q7RYP1|Q7RYP1_NEUCR	5
fam_004165	tr|Q7S317|Q7S317_NEUCR	7
fam_004166	tr|Q7S754|Q7S754_NEUCR	6
fam_004167	tr|Q7S7E7|Q7S7E7_NEUCR	3
fam_004168	tr|Q7SA64|Q7SA64_NEUCR	4
fam_004169	tr|Q7SAE3|Q7SAE3_NEUCR	2
fam_004170	tr|Q7SAU3|Q7SAU3_NEUCR	5
fam_004171	tr|Q7SDP3|Q7SDP3_NEUCR	3
fam_004172	tr|Q7SEV5|Q7SEV5_NEUCR	5
fam_004173	tr|Q7SHU3|Q7SHU3_NEUCR	5
fam_004174	tr|V5IMA3|V5IMA3_NEUCR	3
fam_004175	sp|P04914|H4_NEUCR	7
fam_004176	tr|Q7RWH7|Q7RWH7_NEUCR	5
fam_004177	tr|Q7S6B1|Q7S6B1_NEUCR	2
fam_004178	sp|Q7SB53|MCE1_NEUCR	4
fam_004179	sp|Q7SC06|RS25_NEUCR	4
fam_004180	tr|Q7SCL8|Q7SCL8_NEUCR	3
fam_004181	tr|Q7SF34|Q7SF34_NEUCR	5
fam_004182	tr|Q7SF36|Q7SF36_NEUCR	2
fam_004183	tr|Q7SFE2|Q7SFE2_NEUCR	5
fam_004184	tr|Q7SFN4|Q7SFN4_NEUCR	5
fam_004185	tr|V5IKT8|V5IKT8_NEUCR	2
fam_004186	tr|F5HED5|F5HED5_NEUCR	2
fam_004187	sp|P15710|PHO4_NEUCR	9
fam_004188	tr|A0ACF5BVI1|A0ACF5BVI1_9PEZI	5
fam_004189	tr|A0ACF5BZN6|A0ACF5BZN6_9PEZI	5
fam_004190	tr|A0ACF5C3M4|A0ACF5C3M4_9PEZI	3
fam_004191	tr|A0ACF5C7K3|A0ACF5C7K3_9PEZI	2
fam_004192	tr|A0ACF5CAA6|A0ACF5CAA6_9PEZI	5
fam_004193	tr|A0ACF5CB74|A0ACF5CB74_9PEZI	5
fam_004194	tr|A0ACF5CBX9|A0ACF5CBX9_9PEZI	5
fam_004195	tr|A0ACF5CCL7|A0ACF5CCL7_9PEZI	2
fam_004196	tr|A0ACF5CEX4|A0ACF5CEX4_9PEZI	5
fam_004197	tr|A0ACF5BMP6|A0ACF5BMP6_9PEZI	2
fam_004198	tr|A0ACF5BQI5|A0ACF5BQI5_9PEZI	2
fam_004199	tr|A0ACF5C0E8|A0ACF5C0E8_9PEZI	3
fam_004200	tr|A0ACF5C503|A0ACF5C503_9PEZI	5
fam_004201	tr|A0ACF5C9Z0|A0ACF5C9Z0_9PEZI	4
fam_004202	tr|A0ACF5CAN0|A0ACF5CAN0_9PEZI	3
fam_004203	tr|A0ACF5CBN9|A0ACF5CBN9_9PEZI	4
fam_004204	tr|A0ACF5CDF4|A0ACF5CDF4_9PEZI	4
fam_004205	tr|A0ACF5CGE4|A0ACF5CGE4_9PEZI	6
fam_004206	tr|A0ACF5CHF4|A0ACF5CHF4_9PEZI	4
fam_004207	tr|A0ACF5CID2|A0ACF5CID2_9PEZI	5
fam_004208	tr|A0ACF5BM76|A0ACF5BM76_9PEZI	2
fam_004209	tr|A0ACF5BNV4|A0ACF5BNV4_9PEZI	5
fam_004210	tr|A0ACF5BQP3|A0ACF5BQP3_9PEZI	2
fam_004211	tr|A0ACF5BV94|A0ACF5BV94_9PEZI	3
fam_004212	tr|A0ACF5BXZ1|A0ACF5BXZ1_9PEZI	5
fam_004213	tr|A0ACF5C079|A0ACF5C079_9PEZI	1
fam_004214	tr|A0ACF5BVM8|A0ACF5BVM8_9PEZI	1
fam_004215	tr|A0ACF5C902|A0ACF5C902_9PEZI	5
fam_004216	tr|A0ACF5CDM1|A0ACF5CDM1_9PEZI	3
fam_004217	tr|A0ACF5CEE4|A0ACF5CEE4_9PEZI	2
fam_004218	tr|A0ACF5CEG0|A0ACF5CEG0_9PEZI	2
fam_004219	tr|A0ACF5CH79|A0ACF5CH79_9PEZI	4
fam_004220	tr|A0ACF5CHJ3|A0ACF5CHJ3_9PEZI	5
fam_004221	tr|A0ACF5BP88|A0ACF5BP88_9PEZI	2
fam_004222	tr|A0ACF5BPL8|A0ACF5BPL8_9PEZI	7
fam_004223	tr|A0ACF5BQX8|A0ACF5BQX8_9PEZI	2
fam_004224	tr|A0ACF5BRB4|A0ACF5BRB4_9PEZI	6
fam_004225	tr|A0ACF5BVX2|A0ACF5BVX2_9PEZI	5
fam_004226	tr|A0ACF5BXV7|A0ACF5BXV7_9PEZI	2
fam_004227	tr|A0ACF5C2N9|A0ACF5C2N9_9PEZI	6
fam_004228	tr|A0ACF5C448|A0ACF5C448_9PEZI	4
fam_004229	tr|A0ACF5C4P3|A0ACF5C4P3_9PEZI	5
fam_004230	tr|A0ACF5C936|A0ACF5C936_9PEZI	2
fam_004231	tr|A0ACF5CB62|A0ACF5CB62_9PEZI	5
fam_004232	tr|A0ACF5CE87|A0ACF5CE87_9PEZI	4
fam_004233	tr|A0ACF5CET5|A0ACF5CET5_9PEZI	2
fam_004234	tr|A0ACF5BL13|A0ACF5BL13_9PEZI	2
fam_004235	tr|A0ACF5BLP7|A0ACF5BLP7_9PEZI	4
fam_004236	tr|A0ACF5BLU3|A0ACF5BLU3_9PEZI	5
fam_004237	tr|A0ACF5BMV0|A0ACF5BMV0_9PEZI	1
fam_004238	tr|A0ACF5CGQ5|A0ACF5CGQ5_9PEZI	1
fam_004239	tr|A0ACF5BRH2|A0ACF5BRH2_9PEZI	2
fam_004240	tr|A0ACF5BSJ1|A0ACF5BSJ1_9PEZI	5
fam_004241	tr|A0ACF5BT60|A0ACF5BT60_9PEZI	2
fam_004242	tr|A0ACF5BTP6|A0ACF5BTP6_9PEZI	5
fam_004243	tr|A0ACF5BVJ3|A0ACF5BVJ3_9PEZI	7
fam_004244	tr|A0ACF5BZ11|A0ACF5BZ11_9PEZI	5
fam_004245	tr|A0ACF5C023|A0ACF5C023_9PEZI	3
fam_004246	tr|A0ACF5C0E0|A0ACF5C0E0_9PEZI	4
fam_004247	tr|A0ACF5C0F8|A0ACF5C0F8_9PEZI	1
fam_004248	tr|A0ACF5BMQ7|A0ACF5BMQ7_9PEZI	1
fam_004249	tr|A0ACF5C164|A0ACF5C164_9PEZI	5
fam_004250	tr|A0ACF5C2H9|A0ACF5C2H9_9PEZI	4
fam_004251	tr|A0ACF5C7B4|A0ACF5C7B4_9PEZI	7
fam_004252	tr|A0ACF5C7C1|A0ACF5C7C1_9PEZI	4
fam_004253	tr|A0ACF5CDZ1|A0ACF5CDZ1_9PEZI	5
fam_004254	tr|A0ACF5CF27|A0ACF5CF27_9PEZI	2
fam_004255	tr|A0ACF5BZN1|A0ACF5BZN1_9PEZI	1
fam_004256	tr|A0ACF5CFK9|A0ACF5CFK9_9PEZI	5
fam_004257	tr|A0ACF5CGW5|A0ACF5CGW5_9PEZI	4
fam_004258	tr|A0ACF5BKZ1|A0ACF5BKZ1_9PEZI	2
fam_004259	tr|A0ACF5BMJ9|A0ACF5BMJ9_9PEZI	2
fam_004260	tr|A0ACF5BU03|A0ACF5BU03_9PEZI	5
fam_004261	tr|A0ACF5BZV7|A0ACF5BZV7_9PEZI	2
fam_004262	tr|A0ACF5C4Z2|A0ACF5C4Z2_9PEZI	5
fam_004263	tr|A0ACF5C1N8|A0ACF5C1N8_9PEZI	5
fam_004264	tr|A0ACF5C4H4|A0ACF5C4H4_9PEZI	3
fam_004265	tr|A0ACF5C5E2|A0ACF5C5E2_9PEZI	2
fam_004266	tr|A0ACF5C6C3|A0ACF5C6C3_9PEZI	5
fam_004267	tr|A0ACF5CB19|A0ACF5CB19_9PEZI	2
fam_004268	tr|A0ACF5CES8|A0ACF5CES8_9PEZI	5
fam_004269	tr|A0ACF5CHU7|A0ACF5CHU7_9PEZI	5
fam_004270	tr|A0ACF5CI18|A0ACF5CI18_9PEZI	5
fam_004271	tr|A0ACF5CJ13|A0ACF5CJ13_9PEZI	5
fam_004272	tr|A0ACF5BQ84|A0ACF5BQ84_9PEZI	2
fam_004273	tr|A0ACF5BWB1|A0ACF5BWB1_9PEZI	3
fam_004274	tr|A0ACF5BZ18|A0ACF5BZ18_9PEZI	2
fam_004275	tr|A0ACF5C0Y1|A0ACF5C0Y1_9PEZI	3
fam_004276	tr|A0ACF5C1D8|A0ACF5C1D8_9PEZI	2
fam_004277	tr|A0ACF5C3T0|A0ACF5C3T0_9PEZI	2
fam_004278	tr|A0ACF5C682|A0ACF5C682_9PEZI	5
fam_004279	tr|A0ACF5C9D5|A0ACF5C9D5_9PEZI	2
fam_004280	tr|A0ACF5CDT5|A0ACF5CDT5_9PEZI	4
fam_004281	tr|A0ACF5CI76|A0ACF5CI76_9PEZI	4
fam_004282	tr|A0ACF5CIJ5|A0ACF5CIJ5_9PEZI	4
fam_004283	tr|A0ACF5BPR6|A0ACF5BPR6_9PEZI	4
fam_004284	tr|A0ACF5BR94|A0ACF5BR94_9PEZI	3
fam_004285	tr|A0ACF5BUJ3|A0ACF5BUJ3_9PEZI	5
fam_004286	tr|A0ACF5BUK5|A0ACF5BUK5_9PEZI	5
fam_004287	tr|F9XDP4|F9XDP4_ZYMTI	1
fam_004288	tr|A0ACF5BVV8|A0ACF5BVV8_9PEZI	2
fam_004289	tr|A0ACF5BXK1|A0ACF5BXK1_9PEZI	4
fam_004290	tr|A0ACF5BZF5|A0ACF5BZF5_9PEZI	3
fam_004291	tr|A0ACF5C4A2|A0ACF5C4A2_9PEZI	3
fam_004292	tr|A0ACF5C7P6|A0ACF5C7P6_9PEZI	4
fam_004293	tr|A0ACF5C8A1|A0ACF5C8A1_9PEZI	3
fam_004294	tr|A0ACF5C8T0|A0ACF5C8T0_9PEZI	5
fam_004295	tr|A0ACF5CB03|A0ACF5CB03_9PEZI	5
fam_004296	tr|A0ACF5CEU1|A0ACF5CEU1_9PEZI	2
fam_004297	tr|A0ACF5CFF5|A0ACF5CFF5_9PEZI	2
fam_004298	tr|A0ACF5BKV8|A0ACF5BKV8_9PEZI	5
fam_004299	tr|A0ACF5BL40|A0ACF5BL40_9PEZI	4
fam_004300	tr|A0ACF5BMD3|A0ACF5BMD3_9PEZI	5
fam_004301	tr|A0ACF5BZB8|A0ACF5BZB8_9PEZI	3
fam_004302	tr|A0ACF5C5M3|A0ACF5C5M3_9PEZI	3
fam_004303	tr|A0ACF5C8W4|A0ACF5C8W4_9PEZI	4
fam_004304	tr|A0ACF5C9F4|A0ACF5C9F4_9PEZI	1
fam_004305	tr|A0ACF5BVM1|A0ACF5BVM1_9PEZI	1
fam_004306	tr|A0ACF5CAK3|A0ACF5CAK3_9PEZI	5
fam_004307	tr|A0ACF5CC86|A0ACF5CC86_9PEZI	4
fam_004308	tr|A0ACF5CF61|A0ACF5CF61_9PEZI	2
fam_004309	tr|A0ACF5CGV4|A0ACF5CGV4_9PEZI	3
fam_004310	tr|A0ACF5BK97|A0ACF5BK97_9PEZI	1
fam_004311	tr|A0ACF5CBF9|A0ACF5CBF9_9PEZI	1
fam_004312	tr|A0ACF5BSG7|A0ACF5BSG7_9PEZI	3
fam_004313	tr|A0ACF5BV36|A0ACF5BV36_9PEZI	2
fam_004314	tr|A0ACF5BVK5|A0ACF5BVK5_9PEZI	2
fam_004315	tr|A0ACF5BXW4|A0ACF5BXW4_9PEZI	2
fam_004316	tr|A0ACF5BYF2|A0ACF5BYF2_9PEZI	5
fam_004317	tr|A0ACF5BZ02|A0ACF5BZ02_9PEZI	6
fam_004318	tr|A0ACF5C1J1|A0ACF5C1J1_9PEZI	4
fam_004319	tr|A0ACF5C471|A0ACF5C471_9PEZI	4
fam_004320	tr|A0ACF5C4P1|A0ACF5C4P1_9PEZI	10
fam_004321	tr|A0ACF5C5B5|A0ACF5C5B5_9PEZI	3
fam_004322	tr|A0ACF5C7P5|A0ACF5C7P5_9PEZI	12
fam_004323	tr|A0ACF5C7V8|A0ACF5C7V8_9PEZI	2
fam_004324	tr|A0ACF5C7W4|A0ACF5C7W4_9PEZI	5
fam_004325	tr|A0ACF5C908|A0ACF5C908_9PEZI	5
fam_004326	tr|A0ACF5C933|A0ACF5C933_9PEZI	5
fam_004327	tr|A0ACF5C9H6|A0ACF5C9H6_9PEZI	6
fam_004328	tr|A0ACF5CEU6|A0ACF5CEU6_9PEZI	5
fam_004329	tr|A0ACF5CF19|A0ACF5CF19_9PEZI	5
fam_004330	tr|A0ACF5CFC9|A0ACF5CFC9_9PEZI	2
fam_004331	tr|A0ACF5CIL0|A0ACF5CIL0_9PEZI	5
fam_004332	tr|A0ACF5BMR0|A0ACF5BMR0_9PEZI	4
fam_004333	tr|A0ACF5BN59|A0ACF5BN59_9PEZI	2
fam_004334	tr|A0ACF5BNY1|A0ACF5BNY1_9PEZI	5
fam_004335	tr|A0ACF5BWL6|A0ACF5BWL6_9PEZI	5
fam_004336	tr|A0ACF5BXC8|A0ACF5BXC8_9PEZI	4
fam_004337	tr|A0ACF5BZ95|A0ACF5BZ95_9PEZI	2
fam_004338	tr|A0ACF5C3F9|A0ACF5C3F9_9PEZI	3
fam_004339	tr|A0ACF5C6R4|A0ACF5C6R4_9PEZI	7
fam_004340	tr|A0ACF5C861|A0ACF5C861_9PEZI	2
fam_004341	tr|A0ACF5CE49|A0ACF5CE49_9PEZI	5
fam_004342	tr|A0ACF5CHW6|A0ACF5CHW6_9PEZI	2
fam_004343	tr|A0ACF5BPT8|A0ACF5BPT8_9PEZI	4
fam_004344	tr|A0ACF5BYZ0|A0ACF5BYZ0_9PEZI	2
fam_004345	tr|A0ACF5C117|A0ACF5C117_9PEZI	3
fam_004346	tr|A0ACF5C1E8|A0ACF5C1E8_9PEZI	5
fam_004347	tr|A0ACF5C2S2|A0ACF5C2S2_9PEZI	2
fam_004348	tr|A0ACF5CDJ7|A0ACF5CDJ7_9PEZI	3
fam_004349	tr|A0ACF5CFJ6|A0ACF5CFJ6_9PEZI	2
fam_004350	tr|A0ACF5CHB0|A0ACF5CHB0_9PEZI	3
fam_004351	tr|A0ACF5CIA8|A0ACF5CIA8_9PEZI	4
fam_004352	tr|A0ACF5BIY2|A0ACF5BIY2_9PEZI	4
fam_004353	tr|A0ACF5BQN0|A0ACF5BQN0_9PEZI	5
fam_004354	tr|A0ACF5C1F1|A0ACF5C1F1_9PEZI	4
fam_004355	sp|P00411|COX2_NEUCR	2
fam_004356	tr|Q1K8W6|Q1K8W6_NEUCR	2
fam_004357	tr|Q7RWV7|Q7RWV7_NEUCR	5
fam_004358	tr|Q7S1A4|Q7S1A4_NEUCR	5
fam_004359	tr|Q7SDQ1|Q7SDQ1_NEUCR	5
fam_004360	tr|Q7SEL5|Q7SEL5_NEUCR	5
fam_004361	tr|Q7SF52|Q7SF52_NEUCR	4
fam_004362	tr|Q1K4U0|Q1K4U0_NEUCR	5
fam_004363	tr|Q1K5V5|Q1K5V5_NEUCR	4
fam_004364	tr|Q1K712|Q1K712_NEUCR	4
fam_004365	tr|Q1K7Z7|Q1K7Z7_NEUCR	4
fam_004366	tr|Q1K953|Q1K953_NEUCR	5
fam_004367	tr|Q7RWR4|Q7RWR4_NEUCR	2
fam_004368	tr|Q7S7M3|Q7S7M3_NEUCR	4
fam_004369	tr|Q7SA65|Q7SA65_NEUCR	5
fam_004370	tr|Q7SHQ2|Q7SHQ2_NEUCR	5
fam_004371	tr|U9W2T6|U9W2T6_NEUCR	2
fam_004372	tr|Q1K652|Q1K652_NEUCR	3
fam_004373	tr|Q1K6P3|Q1K6P3_NEUCR	6
fam_004374	tr|Q1K6P5|Q1K6P5_NEUCR	5
fam_004375	tr|Q7S2N1|Q7S2N1_NEUCR	4
fam_004376	tr|Q7S4W2|Q7S4W2_NEUCR	3
fam_004377	tr|Q7SDL5|Q7SDL5_NEUCR	2
fam_004378	tr|Q7SH58|Q7SH58_NEUCR	4
fam_004379	tr|V5IPT2|V5IPT2_NEUCR	2
fam_004380	tr|Q1K5V1|Q1K5V1_NEUCR	2
fam_004381	tr|Q1K5V3|Q1K5V3_NEUCR	6
fam_004382	tr|Q1K7H1|Q1K7H1_NEUCR	5
fam_004383	tr|Q7S1W6|Q7S1W6_NEUCR	5
fam_004384	tr|Q7S509|Q7S509_NEUCR	3
fam_004385	tr|Q7S5P6|Q7S5P6_NEUCR	5
fam_004386	tr|Q7SG68|Q7SG68_NEUCR	5
fam_004387	tr|Q7SGF6|Q7SGF6_NEUCR	4
fam_004388	sp|Q96U08|S2538_NEUCR	5
fam_004389	tr|V5IPA4|V5IPA4_NEUCR	4
fam_004390	tr|Q4WVH7|Q4WVH7_ASPFU	5
fam_004391	tr|Q4WVY2|Q4WVY2_ASPFU	2
fam_004392	tr|Q4WWK6|Q4WWK6_ASPFU	5
fam_004393	tr|Q4WXQ4|Q4WXQ4_ASPFU	4
fam_004394	sp|Q4WYP0|NRPS6_ASPFU	2
fam_004395	tr|Q4WYP1|Q4WYP1_ASPFU	2
fam_004396	tr|Q4WZ31|Q4WZ31_ASPFU	1
fam_004397	tr|Q4WD29|Q4WD29_ASPFU	1
fam_004398	sp|Q4WZG1|WSCA_ASPFU	4
fam_004399	tr|Q4X0K9|Q4X0K9_ASPFU	3
fam_004400	tr|Q4X1L8|Q4X1L8_ASPFU	4
fam_004401	tr|Q4X1P0|Q4X1P0_ASPFU	5
fam_004402	tr|A4D9H3|A4D9H3_ASPFU	4
fam_004403	tr|E9R9Z0|E9R9Z0_ASPFU	2
fam_004404	tr|Q4WAH5|Q4WAH5_ASPFU	5
fam_004405	sp|Q4WHG1|ESA1_ASPFU	4
fam_004406	tr|Q4WIB3|Q4WIB3_ASPFU	2
fam_004407	tr|Q4WIY3|Q4WIY3_ASPFU	5
fam_004408	sp|Q4WJ02|SPT16_ASPFU	5
fam_004409	tr|Q4WKI2|Q4WKI2_ASPFU	2
fam_004410	tr|Q4WKN0|Q4WKN0_ASPFU	2
fam_004411	tr|Q4WMS1|Q4WMS1_ASPFU	4
fam_004412	sp|Q4WMU5|PTPA1_ASPFU	4
fam_004413	tr|Q4WP79|Q4WP79_ASPFU	3
fam_004414	tr|Q4WPK3|Q4WPK3_ASPFU	4
fam_004415	tr|Q4WR94|Q4WR94_ASPFU	4
fam_004416	tr|Q4WUC1|Q4WUC1_ASPFU	10
fam_004417	tr|Q4WUE2|Q4WUE2_ASPFU	2
fam_004418	tr|Q4WUY1|Q4WUY1_ASPFU	2
fam_004419	tr|Q4WXU1|Q4WXU1_ASPFU	11
fam_004420	tr|Q4WZZ8|Q4WZZ8_ASPFU	2
fam_004421	tr|J3KAF5|J3KAF5_COCIM	4
fam_004422	tr|J3KGY7|J3KGY7_COCIM	4
fam_004423	tr|J3KJS0|J3KJS0_COCIM	5
fam_004424	tr|J3KKR0|J3KKR0_COCIM	4
fam_004425	tr|J3KLC8|J3KLC8_COCIM	5
fam_004426	tr|J3KM74|J3KM74_COCIM	3
fam_004427	sp|Q1E065|MED18_COCIM	3
fam_004428	tr|A0A0D8JS68|A0A0D8JS68_COCIM	2
fam_004429	tr|A0A0D8JUV4|A0A0D8JUV4_COCIM	5
fam_004430	tr|A0A0E1RW65|A0A0E1RW65_COCIM	5
fam_004431	tr|A0A0E1RWT4|A0A0E1RWT4_COCIM	4
fam_004432	tr|A0A0E1RYA4|A0A0E1RYA4_COCIM	4
fam_004433	tr|A0A0E1RYL9|A0A0E1RYL9_COCIM	3
fam_004434	tr|A0A0E1RZ39|A0A0E1RZ39_COCIM	4
fam_004435	tr|A0A0E1S5L4|A0A0E1S5L4_COCIM	3
fam_004436	tr|J3K0D4|J3K0D4_COCIM	2
fam_004437	tr|J3K4J3|J3K4J3_COCIM	2
fam_004438	tr|J3K606|J3K606_COCIM	3
fam_004439	tr|J3K7R5|J3K7R5_COCIM	4
fam_004440	tr|J3K8D3|J3K8D3_COCIM	2
fam_004441	tr|J3K9K5|J3K9K5_COCIM	2
fam_004442	tr|J3KDY1|J3KDY1_COCIM	3
fam_004443	tr|J3KGW0|J3KGW0_COCIM	5
fam_004444	tr|J3KII0|J3KII0_COCIM	5
fam_004445	tr|J3KIW9|J3KIW9_COCIM	7
fam_004446	tr|J3KJG5|J3KJG5_COCIM	4
fam_004447	tr|J3KJY4|J3KJY4_COCIM	6
fam_004448	tr|J3KLT3|J3KLT3_COCIM	3
fam_004449	sp|Q1DY99|XPOT_COCIM	5
fam_004450	sp|Q1E736|NAR1_COCIM	5
fam_004451	tr|A0A0D8JSB3|A0A0D8JSB3_COCIM	5
fam_004452	tr|A0A0D8JVT1|A0A0D8JVT1_COCIM	3
fam_004453	tr|A0A0D8JWE2|A0A0D8JWE2_COCIM	3
fam_004454	tr|A0A0D8JX57|A0A0D8JX57_COCIM	2
fam_004455	tr|A0A0E1RVS2|A0A0E1RVS2_COCIM	2
fam_004456	tr|A0A0E1RX50|A0A0E1RX50_COCIM	3
fam_004457	tr|A0A0E1RYD9|A0A0E1RYD9_COCIM	2
fam_004458	tr|A0A0E1RYI4|A0A0E1RYI4_COCIM	2
fam_004459	tr|A0A0E1RYK9|A0A0E1RYK9_COCIM	5
fam_004460	tr|A0A0E1RYR6|A0A0E1RYR6_COCIM	2
fam_004461	tr|J3K0R2|J3K0R2_COCIM	2
fam_004462	tr|J3K6Y1|J3K6Y1_COCIM	5
fam_004463	tr|J3K835|J3K835_COCIM	5
fam_004464	tr|J3K8T5|J3K8T5_COCIM	2
fam_004465	tr|J3KDB1|J3KDB1_COCIM	2
fam_004466	tr|J3KHH1|J3KHH1_COCIM	4
fam_004467	tr|J3KJ59|J3KJ59_COCIM	2
fam_004468	tr|J3KJG9|J3KJG9_COCIM	2
fam_004469	tr|J3KKZ2|J3KKZ2_COCIM	6
fam_004470	tr|J3KL72|J3KL72_COCIM	5
fam_004471	tr|J3KLF0|J3KLF0_COCIM	4
fam_004472	sp|Q1DUU2|END3_COCIM	5
fam_004473	tr|A0A0D8JSE9|A0A0D8JSE9_COCIM	3
fam_004474	tr|A0A0D8JV31|A0A0D8JV31_COCIM	5
fam_004475	tr|A0A0E1RUZ4|A0A0E1RUZ4_COCIM	3
fam_004476	tr|A0A0E1RXE0|A0A0E1RXE0_COCIM	2
fam_004477	tr|A0A0E1RYY4|A0A0E1RYY4_COCIM	11
fam_004478	tr|J3K0P5|J3K0P5_COCIM	4
fam_004479	tr|J3K716|J3K716_COCIM	5
fam_004480	tr|J3K9M4|J3K9M4_COCIM	5
fam_004481	tr|J3KD14|J3KD14_COCIM	3
fam_004482	tr|J3KE13|J3KE13_COCIM	4
fam_004483	tr|J3KFP5|J3KFP5_COCIM	4
fam_004484	tr|J3KJS1|J3KJS1_COCIM	5
fam_004485	sp|Q1E2D2|SSH4_COCIM	5
fam_004486	sp|Q1E556|DENR_COCIM	5
fam_004487	tr|A0A0E1RV76|A0A0E1RV76_COCIM	5
fam_004488	tr|A0A0E1RVK1|A0A0E1RVK1_COCIM	1
fam_004489	tr|J3K750|J3K750_COCIM	1
fam_004490	tr|A0A0E1S5V4|A0A0E1S5V4_COCIM	2
fam_004491	tr|J3K3I9|J3K3I9_COCIM	5
fam_004492	tr|J3K430|J3K430_COCIM	2
fam_004493	tr|J3K4L5|J3K4L5_COCIM	2
fam_004494	tr|J3K2E7|J3K2E7_COCIM	2
fam_004495	tr|J3K824|J3K824_COCIM	5
fam_004496	tr|J3K8T1|J3K8T1_COCIM	4
fam_004497	tr|J3KBU7|J3KBU7_COCIM	5
fam_004498	tr|J3KCE7|J3KCE7_COCIM	5
fam_004499	tr|J3KDH0|J3KDH0_COCIM	10
fam_004500	tr|J3KGQ4|J3KGQ4_COCIM	2
fam_004501	tr|A0A0D8JVX5|A0A0D8JVX5_COCIM	4
fam_004502	tr|A0A0D8JWF6|A0A0D8JWF6_COCIM	4
fam_004503	tr|A0A0E1RWV8|A0A0E1RWV8_COCIM	5
fam_004504	tr|A0A0E1RXW6|A0A0E1RXW6_COCIM	2
fam_004505	tr|A0A0E1RY05|A0A0E1RY05_COCIM	2
fam_004506	tr|J3K233|J3K233_COCIM	4
fam_004507	tr|J3K303|J3K303_COCIM	3
fam_004508	tr|J3K4U3|J3K4U3_COCIM	5
fam_004509	tr|J3K6G4|J3K6G4_COCIM	11
fam_004510	tr|J3KBN0|J3KBN0_COCIM	2
fam_004511	tr|J3KCZ8|J3KCZ8_COCIM	2
fam_004512	tr|J3KDP6|J3KDP6_COCIM	2
fam_004513	tr|J3KJQ2|J3KJQ2_COCIM	5
fam_004514	sp|Q1DQB2|EIF3M_COCIM	4
fam_004515	sp|Q1EB85|DBP5_COCIM	5
fam_004516	tr|A0A0D8JW31|A0A0D8JW31_COCIM	5
fam_004517	tr|A0A0E1RXH7|A0A0E1RXH7_COCIM	5
fam_004518	tr|A0A0E1S5V9|A0A0E1S5V9_COCIM	2
fam_004519	tr|J3K6V8|J3K6V8_COCIM	2
fam_004520	tr|J3K8N6|J3K8N6_COCIM	5
fam_004521	tr|J3K978|J3K978_COCIM	2
fam_004522	tr|J3KHP4|J3KHP4_COCIM	4
fam_004523	tr|J3KJ54|J3KJ54_COCIM	2
fam_004524	tr|J3KJ91|J3KJ91_COCIM	4
fam_004525	tr|J3KJL6|J3KJL6_COCIM	3
fam_004526	tr|J3KL07|J3KL07_COCIM	5
fam_004527	tr|A0A0D8JTQ5|A0A0D8JTQ5_COCIM	2
fam_004528	tr|A0A0D8JUW4|A0A0D8JUW4_COCIM	3
fam_004529	tr|A0A0D8JX24|A0A0D8JX24_COCIM	2
fam_004530	tr|A0A0E1RZ88|A0A0E1RZ88_COCIM	4
fam_004531	tr|A0A0E1RZC6|A0A0E1RZC6_COCIM	2
fam_004532	tr|A0A0E1S1X9|A0A0E1S1X9_COCIM	2
fam_004533	tr|J3K0X2|J3K0X2_COCIM	2
fam_004534	tr|J3K6Y5|J3K6Y5_COCIM	10
fam_004535	tr|J3K6Z4|J3K6Z4_COCIM	5
fam_004536	tr|J3K841|J3K841_COCIM	4
fam_004537	tr|J3KBL4|J3KBL4_COCIM	3
fam_004538	tr|J3KBP2|J3KBP2_COCIM	2
fam_004539	tr|J3KEN0|J3KEN0_COCIM	17
fam_004540	tr|J3KG98|J3KG98_COCIM	2
fam_004541	tr|J3KH07|J3KH07_COCIM	2
fam_004542	tr|J3KH30|J3KH30_COCIM	3
fam_004543	tr|A0A0D8JZ89|A0A0D8JZ89_COCIM	5
fam_004544	tr|J3K6A6|J3K6A6_COCIM	3
fam_004545	tr|J3K7I4|J3K7I4_COCIM	5
fam_004546	tr|J3K7P1|J3K7P1_COCIM	5
fam_004547	tr|J3KA36|J3KA36_COCIM	5
fam_004548	tr|J3KCN8|J3KCN8_COCIM	3
fam_004549	tr|J3KE17|J3KE17_COCIM	4
fam_004550	tr|J3KER1|J3KER1_COCIM	5
fam_004551	tr|J3KIC6|J3KIC6_COCIM	2
fam_004552	tr|J3KL27|J3KL27_COCIM	2
fam_004553	tr|J3KLY5|J3KLY5_COCIM	4
fam_004554	tr|A0A0E1RUY0|A0A0E1RUY0_COCIM	1
fam_004555	tr|J3KBT0|J3KBT0_COCIM	1
fam_004556	tr|A0A0E1RWB0|A0A0E1RWB0_COCIM	2
fam_004557	tr|A0A0E1RWD6|A0A0E1RWD6_COCIM	6
fam_004558	tr|A0A0E1RWR6|A0A0E1RWR6_COCIM	5
fam_004559	tr|A0A0E1RWU7|A0A0E1RWU7_COCIM	3
fam_004560	tr|A0A0E1RZ65|A0A0E1RZ65_COCIM	4
fam_004561	tr|A0A0E1S032|A0A0E1S032_COCIM	5
fam_004562	tr|J3K1E3|J3K1E3_COCIM	5
fam_004563	tr|J3K4Z0|J3K4Z0_COCIM	5
fam_004564	tr|J3K6D2|J3K6D2_COCIM	13
fam_004565	tr|J3K8U7|J3K8U7_COCIM	2
fam_004566	tr|J3K997|J3K997_COCIM	5
fam_004567	tr|J3K9M9|J3K9M9_COCIM	4
fam_004568	tr|J3KBB2|J3KBB2_COCIM	4
fam_004569	tr|J3KE64|J3KE64_COCIM	2
fam_004570	tr|J3KFQ9|J3KFQ9_COCIM	5
fam_004571	tr|J3KI60|J3KI60_COCIM	2
fam_004572	tr|J3KI69|J3KI69_COCIM	3
fam_004573	tr|A0A0D8JSI1|A0A0D8JSI1_COCIM	3
fam_004574	tr|A0A0D8JTE1|A0A0D8JTE1_COCIM	2
fam_004575	tr|A0A0D8JUC8|A0A0D8JUC8_COCIM	3
fam_004576	tr|A0A0E1RV83|A0A0E1RV83_COCIM	8
fam_004577	tr|A0A0E1RY79|A0A0E1RY79_COCIM	2
fam_004578	tr|J3K102|J3K102_COCIM	4
fam_004579	tr|J3K7L5|J3K7L5_COCIM	2
fam_004580	tr|J3K9L3|J3K9L3_COCIM	2
fam_004581	tr|J3KEW4|J3KEW4_COCIM	5
fam_004582	tr|J3KHW7|J3KHW7_COCIM	3
fam_004583	tr|J3KHX1|J3KHX1_COCIM	4
fam_004584	tr|J3KIL6|J3KIL6_COCIM	3
fam_004585	tr|A0A0D8JRZ0|A0A0D8JRZ0_COCIM	3
fam_004586	tr|A0A0E1S023|A0A0E1S023_COCIM	2
fam_004587	tr|J3K0K9|J3K0K9_COCIM	2
fam_004588	tr|J3K095|J3K095_COCIM	2
fam_004589	tr|J3K0U5|J3K0U5_COCIM	3
fam_004590	tr|J3K2C9|J3K2C9_COCIM	3
fam_004591	tr|J3K363|J3K363_COCIM	4
fam_004592	tr|J3K8R9|J3K8R9_COCIM	4
fam_004593	tr|J3K9P0|J3K9P0_COCIM	4
fam_004594	tr|J3KAU9|J3KAU9_COCIM	2
fam_004595	tr|J3KBS0|J3KBS0_COCIM	2
fam_004596	tr|J3KHN8|J3KHN8_COCIM	5
fam_004597	tr|J3KJW7|J3KJW7_COCIM	3
fam_004598	tr|A0A0D8JVD3|A0A0D8JVD3_COCIM	5
fam_004599	tr|A0A0E1RVD3|A0A0E1RVD3_COCIM	4
fam_004600	tr|J3K0L6|J3K0L6_COCIM	2
fam_004601	tr|J3K4Y8|J3K4Y8_COCIM	5
fam_004602	tr|J3K5Q9|J3K5Q9_COCIM	2
fam_004603	tr|J3K6X0|J3K6X0_COCIM	3
fam_004604	tr|J3K7N7|J3K7N7_COCIM	5
fam_004605	tr|J3K8M9|J3K8M9_COCIM	5
fam_004606	tr|J3KAI4|J3KAI4_COCIM	5
fam_004607	tr|J3KDX5|J3KDX5_COCIM	2
fam_004608	tr|J3KFZ1|J3KFZ1_COCIM	2
fam_004609	tr|J3KG92|J3KG92_COCIM	3
fam_004610	tr|J3KI48|J3KI48_COCIM	3
fam_004611	sp|Q1E4T3|MDM34_COCIM	5
fam_004612	tr|A0A0D8JUK3|A0A0D8JUK3_COCIM	2
fam_004613	tr|A0A0E1RWZ6|A0A0E1RWZ6_COCIM	4
fam_004614	tr|A0A0E1RYQ3|A0A0E1RYQ3_COCIM	4
fam_004615	tr|A0A0E1S0J9|A0A0E1S0J9_COCIM	4
fam_004616	tr|J3K1X9|J3K1X9_COCIM	5
fam_004617	tr|A0ACF5C7M7|A0ACF5C7M7_9PEZI	5
fam_004618	tr|A0ACF5CF74|A0ACF5CF74_9PEZI	4
fam_004619	tr|A0ACF5CHC9|A0ACF5CHC9_9PEZI	5
fam_004620	tr|A0ACF5CHI5|A0ACF5CHI5_9PEZI	3
fam_004621	tr|A0ACF5BM92|A0ACF5BM92_9PEZI	1
fam_004622	tr|A0ACF5CE43|A0ACF5CE43_9PEZI	1
fam_004623	tr|A0ACF5BVD8|A0ACF5BVD8_9PEZI	18
fam_004624	tr|A0ACF5BXC4|A0ACF5BXC4_9PEZI	2
fam_004625	tr|A0ACF5BXP9|A0ACF5BXP9_9PEZI	5
fam_004626	tr|A0ACF5C2C0|A0ACF5C2C0_9PEZI	17
fam_004627	tr|A0ACF5C2D3|A0ACF5C2D3_9PEZI	4
fam_004628	tr|A0ACF5C2G7|A0ACF5C2G7_9PEZI	8
fam_004629	tr|A0ACF5C6N5|A0ACF5C6N5_9PEZI	2
fam_004630	tr|A0ACF5C6R8|A0ACF5C6R8_9PEZI	2
fam_004631	tr|A0ACF5C794|A0ACF5C794_9PEZI	1
fam_004632	tr|A0ACF5C941|A0ACF5C941_9PEZI	1
fam_004633	tr|A0ACF5CCU2|A0ACF5CCU2_9PEZI	5
fam_004634	tr|A0ACF5BPN3|A0ACF5BPN3_9PEZI	5
fam_004635	tr|A0ACF5BWZ8|A0ACF5BWZ8_9PEZI	4
fam_004636	tr|A0ACF5BX88|A0ACF5BX88_9PEZI	2
fam_004637	tr|A0ACF5BYD5|A0ACF5BYD5_9PEZI	5
fam_004638	tr|A0ACF5C1P3|A0ACF5C1P3_9PEZI	5
fam_004639	tr|A0ACF5C1S3|A0ACF5C1S3_9PEZI	5
fam_004640	tr|A0ACF5C9X9|A0ACF5C9X9_9PEZI	3
fam_004641	tr|A0ACF5CDE2|A0ACF5CDE2_9PEZI	6
fam_004642	tr|A0ACF5CDW2|A0ACF5CDW2_9PEZI	5
fam_004643	tr|A0ACF5CFK3|A0ACF5CFK3_9PEZI	8
fam_004644	tr|A0ACF5CFN3|A0ACF5CFN3_9PEZI	4
fam_004645	tr|A0ACF5CGL0|A0ACF5CGL0_9PEZI	5
fam_004646	tr|A0ACF5BKZ3|A0ACF5BKZ3_9PEZI	2
fam_004647	tr|A0ACF5BMD9|A0ACF5BMD9_9PEZI	2
fam_004648	tr|A0ACF5BT96|A0ACF5BT96_9PEZI	3
fam_004649	tr|A0ACF5C3T8|A0ACF5C3T8_9PEZI	2
fam_004650	tr|A0ACF5C315|A0ACF5C315_9PEZI	3
fam_004651	tr|A0ACF5C4N4|A0ACF5C4N4_9PEZI	3
fam_004652	tr|A0ACF5C7V2|A0ACF5C7V2_9PEZI	5
fam_004653	tr|A0ACF5CB66|A0ACF5CB66_9PEZI	3
fam_004654	tr|A0ACF5CC63|A0ACF5CC63_9PEZI	2
fam_004655	tr|A0ACF5BKX9|A0ACF5BKX9_9PEZI	3
fam_004656	tr|A0ACF5BLH1|A0ACF5BLH1_9PEZI	3
fam_004657	tr|A0ACF5BPY6|A0ACF5BPY6_9PEZI	9
fam_004658	tr|A0ACF5BT07|A0ACF5BT07_9PEZI	3
fam_004659	tr|A0ACF5BVC0|A0ACF5BVC0_9PEZI	5
fam_004660	tr|A0ACF5BXA3|A0ACF5BXA3_9PEZI	5
fam_004661	tr|A0ACF5C2V3|A0ACF5C2V3_9PEZI	2
fam_004662	tr|A0ACF5C4R1|A0ACF5C4R1_9PEZI	4
fam_004663	tr|A0ACF5C7B2|A0ACF5C7B2_9PEZI	5
fam_004664	tr|A0ACF5C9V4|A0ACF5C9V4_9PEZI	2
fam_004665	tr|A0ACF5CB00|A0ACF5CB00_9PEZI	2
fam_004666	sp|Q9HEG2|LOC1_NEUCR	5
fam_004667	tr|U9W2X2|U9W2X2_NEUCR	2
fam_004668	tr|V5IKK4|V5IKK4_NEUCR	3
fam_004669	tr|V5ILF2|V5ILF2_NEUCR	4
fam_004670	tr|A7UXA3|A7UXA3_NEUCR	2
fam_004671	tr|F5HFP2|F5HFP2_NEUCR	5
fam_004672	tr|Q7RW06|Q7RW06_NEUCR	20
fam_004673	tr|Q7RZD4|Q7RZD4_NEUCR	6
fam_004674	tr|Q7S396|Q7S396_NEUCR	3
fam_004675	tr|Q7SA11|Q7SA11_NEUCR	4
fam_004676	tr|Q7SDG2|Q7SDG2_NEUCR	3
fam_004677	tr|Q7SEJ8|Q7SEJ8_NEUCR	2
fam_004678	tr|Q7SF71|Q7SF71_NEUCR	5
fam_004679	tr|Q7SGA0|Q7SGA0_NEUCR	4
fam_004680	sp|P19970|FRQ_NEUCR	2
fam_004681	tr|Q1K8M5|Q1K8M5_NEUCR	2
fam_004682	tr|Q7RXE4|Q7RXE4_NEUCR	5
fam_004683	tr|Q7RYB7|Q7RYB7_NEUCR	1
fam_004684	tr|V5IQ84|V5IQ84_NEUCR	1
fam_004685	tr|Q7S0G3|Q7S0G3_NEUCR	5
fam_004686	tr|Q7S1L5|Q7S1L5_NEUCR	5
fam_004687	tr|Q7S2X6|Q7S2X6_NEUCR	4
fam_004688	tr|Q7S301|Q7S301_NEUCR	4
fam_004689	tr|Q7S9I5|Q7S9I5_NEUCR	6
fam_004690	tr|A7UW39|A7UW39_NEUCR	4
fam_004691	sp|P02723|ADT_NEUCR	5
fam_004692	sp|P11913|MPPB_NEUCR	5
fam_004693	tr|Q1K517|Q1K517_NEUCR	3
fam_004694	sp|Q1K7M0|PFF1_NEUCR	5
fam_004695	tr|Q7RXE3|Q7RXE3_NEUCR	2
fam_004696	sp|Q7RYM1|ATP23_NEUCR	4
fam_004697	tr|Q7RZ48|Q7RZ48_NEUCR	3
fam_004698	tr|Q7S2Y6|Q7S2Y6_NEUCR	5
fam_004699	tr|Q7S9P1|Q7S9P1_NEUCR	6
fam_004700	tr|Q7SAK7|Q7SAK7_NEUCR	5
fam_004701	tr|Q7SE72|Q7SE72_NEUCR	5
fam_004702	tr|Q1K4Z0|Q1K4Z0_NEUCR	5
fam_004703	tr|Q1K5S3|Q1K5S3_NEUCR	4
fam_004704	sp|Q7RXH4|EIF3I_NEUCR	5
fam_004705	tr|Q7RZH3|Q7RZH3_NEUCR	4
fam_004706	tr|Q7S0N6|Q7S0N6_NEUCR	4
fam_004707	tr|Q7S5W2|Q7S5W2_NEUCR	4
fam_004708	tr|Q7S6W8|Q7S6W8_NEUCR	1
fam_004709	tr|Q1K8P3|Q1K8P3_NEUCR	2
fam_004710	tr|Q7S8B8|Q7S8B8_NEUCR	4
fam_004711	tr|Q7S8Q5|Q7S8Q5_NEUCR	4
fam_004712	tr|Q7SBE5|Q7SBE5_NEUCR	2
fam_004713	tr|V5INH4|V5INH4_NEUCR	4
fam_004714	tr|Q1K8Z5|Q1K8Z5_NEUCR	3
fam_004715	tr|Q7RYD3|Q7RYD3_NEUCR	2
fam_004716	tr|Q7S0V5|Q7S0V5_NEUCR	9
fam_004717	tr|Q7S4K0|Q7S4K0_NEUCR	11
fam_004718	tr|Q7S6W9|Q7S6W9_NEUCR	4
fam_004719	tr|Q7SDG1|Q7SDG1_NEUCR	3
fam_004720	tr|Q7SGG5|Q7SGG5_NEUCR	2
fam_004721	sp|Q8WZY3|YBG3_NEUCR	4
fam_004722	sp|Q8WZY7|ATG8_NEUCR	4
fam_004723	tr|V5INT5|V5INT5_NEUCR	4
fam_004724	tr|V5IPM8|V5IPM8_NEUCR	5
fam_004725	tr|Q1K570|Q1K570_NEUCR	3
fam_004726	tr|Q1K6J8|Q1K6J8_NEUCR	2
fam_004727	tr|Q7RVB2|Q7RVB2_NEUCR	30
fam_004728	tr|Q7RWR2|Q7RWR2_NEUCR	5
fam_004729	tr|Q7RYU7|Q7RYU7_NEUCR	5
fam_004730	tr|Q7S9G5|Q7S9G5_NEUCR	2
fam_004731	tr|Q7SBC4|Q7SBC4_NEUCR	3
fam_004732	sp|Q7SDX3|3HAO_NEUCR	6
fam_004733	tr|U9WGE0|U9WGE0_NEUCR	3
fam_004734	tr|V5IR05|V5IR05_NEUCR	3
fam_004735	tr|A7UW23|A7UW23_NEUCR	4
fam_004736	sp|P78711|ACT_NEUCR	21
fam_004737	tr|Q1K5E4|Q1K5E4_NEUCR	3
fam_004738	tr|Q7RZ65|Q7RZ65_NEUCR	5
fam_004739	tr|Q7RZ75|Q7RZ75_NEUCR	2
fam_004740	tr|Q7S2S7|Q7S2S7_NEUCR	3
fam_004741	tr|Q7S5Z9|Q7S5Z9_NEUCR	3
fam_004742	tr|Q7S744|Q7S744_NEUCR	5
fam_004743	tr|Q7SA18|Q7SA18_NEUCR	5
fam_004744	tr|Q7SDJ7|Q7SDJ7_NEUCR	6
fam_004745	tr|Q7SGT9|Q7SGT9_NEUCR	9
fam_004746	tr|V5IMC7|V5IMC7_NEUCR	4
fam_004747	tr|A7UWT5|A7UWT5_NEUCR	7
fam_004748	tr|Q1K883|Q1K883_NEUCR	3
fam_004749	tr|Q7S0Q8|Q7S0Q8_NEUCR	2
fam_004750	tr|Q7S5C2|Q7S5C2_NEUCR	7
fam_004751	tr|Q7S5V9|Q7S5V9_NEUCR	4
fam_004752	sp|Q7SDP4|PAN3_NEUCR	4
fam_004753	tr|Q7SEG8|Q7SEG8_NEUCR	3
fam_004754	sp|P03945|COX1_NEUCR	2
fam_004755	tr|Q1K6T3|Q1K6T3_NEUCR	5
fam_004756	tr|Q7S1Z9|Q7S1Z9_NEUCR	5
fam_004757	tr|Q7S080|Q7S080_NEUCR	10
fam_004758	tr|Q7SA36|Q7SA36_NEUCR	4
fam_004759	tr|Q7SBS8|Q7SBS8_NEUCR	5
fam_004760	tr|Q7SER7|Q7SER7_NEUCR	3
fam_004761	sp|Q7SI16|ATP7_NEUCR	4
fam_004762	tr|Q1K4P9|Q1K4P9_NEUCR	3
fam_004763	tr|Q1K7M1|Q1K7M1_NEUCR	3
fam_004764	tr|Q1K8N6|Q1K8N6_NEUCR	3
fam_004765	tr|Q7S207|Q7S207_NEUCR	5
fam_004766	tr|Q7S687|Q7S687_NEUCR	5
fam_004767	tr|Q7S9V4|Q7S9V4_NEUCR	2
fam_004768	tr|Q7SAL3|Q7SAL3_NEUCR	5
fam_004769	tr|Q7SDF8|Q7SDF8_NEUCR	4
fam_004770	tr|Q7SDY8|Q7SDY8_NEUCR	5
fam_004771	tr|U9W2S9|U9W2S9_NEUCR	2
fam_004772	tr|V5IM04|V5IM04_NEUCR	5
fam_004773	tr|V5IR41|V5IR41_NEUCR	5
fam_004774	tr|A7UX52|A7UX52_NEUCR	4
fam_004775	tr|Q1K8H7|Q1K8H7_NEUCR	5
fam_004776	tr|Q7S1P4|Q7S1P4_NEUCR	5
fam_004777	tr|Q7S2B4|Q7S2B4_NEUCR	5
fam_004778	sp|Q7S332|KYNU1_NEUCR	8
fam_004779	tr|Q7S828|Q7S828_NEUCR	3
fam_004780	tr|Q7S8W4|Q7S8W4_NEUCR	5
fam_004781	tr|Q7SBZ8|Q7SBZ8_NEUCR	5
fam_004782	tr|Q7SDL3|Q7SDL3_NEUCR	2
fam_004783	tr|V5INE2|V5INE2_NEUCR	5
fam_004784	tr|V5IQ08|V5IQ08_NEUCR	5
fam_004785	tr|F9X8L0|F9X8L0_ZYMTI	5
fam_004786	tr|F9X901|F9X901_ZYMTI	5
fam_004787	tr|F9XB15|F9XB15_ZYMTI	3
fam_004788	tr|F9XI18|F9XI18_ZYMTI	5
fam_004789	tr|F9XI29|F9XI29_ZYMTI	3
fam_004790	tr|F9XKP8|F9XKP8_ZYMTI	4
fam_004791	tr|F9XNA0|F9XNA0_ZYMTI	5
fam_004792	tr|F9XNX5|F9XNX5_ZYMTI	4
fam_004793	tr|F9XNZ8|F9XNZ8_ZYMTI	5
fam_004794	tr|F9XS76|F9XS76_ZYMTI	4
fam_004795	tr|F9WW99|F9WW99_ZYMTI	2
fam_004796	tr|F9WZC7|F9WZC7_ZYMTI	13
fam_004797	tr|F9X0K6|F9X0K6_ZYMTI	28
fam_004798	tr|F9X2Y8|F9X2Y8_ZYMTI	4
fam_004799	tr|F9X325|F9X325_ZYMTI	2
fam_004800	tr|F9X5C0|F9X5C0_ZYMTI	2
fam_004801	tr|F9X5J9|F9X5J9_ZYMTI	2
fam_004802	tr|F9XCG9|F9XCG9_ZYMTI	2
fam_004803	tr|F9XCZ3|F9XCZ3_ZYMTI	71
fam_004804	tr|F9XE49|F9XE49_ZYMTI	2
fam_004805	tr|F9XE82|F9XE82_ZYMTI	10
fam_004806	tr|F9XEP1|F9XEP1_ZYMTI	64
fam_004807	tr|F9XG95|F9XG95_ZYMTI	4
fam_004808	tr|F9XM60|F9XM60_ZYMTI	10
fam_004809	tr|F9XMH2|F9XMH2_ZYMTI	3
fam_004810	tr|F9XNB0|F9XNB0_ZYMTI	2
fam_004811	tr|F9XP56|F9XP56_ZYMTI	1
fam_004812	tr|F9XPA7|F9XPA7_ZYMTI	1
fam_004813	tr|F9XPW9|F9XPW9_ZYMTI	3
fam_004814	tr|F9WZ53|F9WZ53_ZYMTI	2
fam_004815	tr|F9WZQ9|F9WZQ9_ZYMTI	5
fam_004816	tr|F9X035|F9X035_ZYMTI	5
fam_004817	tr|F9X163|F9X163_ZYMTI	4
fam_004818	tr|F9X331|F9X331_ZYMTI	3
fam_004819	tr|F9X4T6|F9X4T6_ZYMTI	2
fam_004820	tr|F9X596|F9X596_ZYMTI	2
fam_004821	tr|F9X5E7|F9X5E7_ZYMTI	1
fam_004822	tr|F9XJT5|F9XJT5_ZYMTI	1
fam_004823	tr|F9X5S0|F9X5S0_ZYMTI	4
fam_004824	tr|F9X6G6|F9X6G6_ZYMTI	3
fam_004825	tr|F9X703|F9X703_ZYMTI	3
fam_004826	tr|F9X7N8|F9X7N8_ZYMTI	4
fam_004827	tr|F9X731|F9X731_ZYMTI	3
fam_004828	tr|F9X9G5|F9X9G5_ZYMTI	5
fam_004829	tr|F9XEQ8|F9XEQ8_ZYMTI	5
fam_004830	tr|F9XJD4|F9XJD4_ZYMTI	5
fam_004831	tr|F9XL13|F9XL13_ZYMTI	5
fam_004832	tr|F9XLU3|F9XLU3_ZYMTI	3
fam_004833	tr|F9XMT3|F9XMT3_ZYMTI	5
fam_004834	tr|F9XPK8|F9XPK8_ZYMTI	4
fam_004835	tr|F9WZT5|F9WZT5_ZYMTI	5
fam_004836	tr|F9WZW9|F9WZW9_ZYMTI	4
fam_004837	tr|F9X2P1|F9X2P1_ZYMTI	5
fam_004838	tr|F9X3B5|F9X3B5_ZYMTI	2
fam_004839	tr|F9X5M8|F9X5M8_ZYMTI	2
fam_004840	tr|F9XDJ2|F9XDJ2_ZYMTI	4
fam_004841	tr|F9XGW8|F9XGW8_ZYMTI	5
fam_004842	tr|F9XHV8|F9XHV8_ZYMTI	4
fam_004843	tr|F9XI82|F9XI82_ZYMTI	5
fam_004844	tr|F9XKM4|F9XKM4_ZYMTI	3
fam_004845	tr|F9XN27|F9XN27_ZYMTI	4
fam_004846	tr|F9XQ34|F9XQ34_ZYMTI	5
fam_004847	tr|F9WXI0|F9WXI0_ZYMTI	5
fam_004848	tr|F9WYT3|F9WYT3_ZYMTI	3
fam_004849	tr|F9X136|F9X136_ZYMTI	3
fam_004850	tr|F9X302|F9X302_ZYMTI	4
fam_004851	tr|F9X3V8|F9X3V8_ZYMTI	5
fam_004852	tr|F9X447|F9X447_ZYMTI	5
fam_004853	tr|F9X4R2|F9X4R2_ZYMTI	5
fam_004854	tr|F9X889|F9X889_ZYMTI	5
fam_004855	tr|F9X8Q0|F9X8Q0_ZYMTI	5
fam_004856	tr|F9XBM0|F9XBM0_ZYMTI	5
fam_004857	tr|F9XD24|F9XD24_ZYMTI	4
fam_004858	tr|F9XEG7|F9XEG7_ZYMTI	5
fam_004859	tr|F9XEZ0|F9XEZ0_ZYMTI	3
fam_004860	tr|F9WWR7|F9WWR7_ZYMTI	3
fam_004861	tr|F9WY43|F9WY43_ZYMTI	4
fam_004862	tr|F9WYK9|F9WYK9_ZYMTI	4
fam_004863	tr|F9X0X5|F9X0X5_ZYMTI	10
fam_004864	tr|F9X1R5|F9X1R5_ZYMTI	4
fam_004865	tr|F9X3A9|F9X3A9_ZYMTI	10
fam_004866	tr|F9X9J4|F9X9J4_ZYMTI	5
fam_004867	tr|F9X9Q5|F9X9Q5_ZYMTI	2
fam_004868	tr|F9XAG5|F9XAG5_ZYMTI	2
fam_004869	tr|F9XG94|F9XG94_ZYMTI	1
fam_004870	tr|F9X6V6|F9X6V6_ZYMTI	1
fam_004871	tr|Q7SHY5|Q7SHY5_NEUCR	5
fam_004872	sp|Q9P5L0|CYB5_NEUCR	4
fam_004873	sp|Q9P5U4|GRPE_NEUCR	5
fam_004874	tr|Q1K625|Q1K625_NEUCR	9
fam_004875	sp|Q7RYW6|CYSK_NEUCR	11
fam_004876	tr|Q7S1U9|Q7S1U9_NEUCR	2
fam_004877	tr|Q7S6L8|Q7S6L8_NEUCR	4
fam_004878	tr|Q7S9A1|Q7S9A1_NEUCR	3
fam_004879	tr|Q7S9I6|Q7S9I6_NEUCR	5
fam_004880	tr|Q7SAP4|Q7SAP4_NEUCR	4
fam_004881	tr|Q7SCX1|Q7SCX1_NEUCR	2
fam_004882	tr|Q7SDJ5|Q7SDJ5_NEUCR	4
fam_004883	tr|Q7SE37|Q7SE37_NEUCR	2
fam_004884	tr|V5IL90|V5IL90_NEUCR	2
fam_004885	tr|A3RNH7|A3RNH7_NEUCR	4
fam_004886	tr|Q1K7W6|Q1K7W6_NEUCR	2
fam_004887	tr|Q1K7Y7|Q1K7Y7_NEUCR	5
fam_004888	sp|Q6MV78|YFAS1_NEUCR	2
fam_004889	tr|Q7RY64|Q7RY64_NEUCR	5
fam_004890	sp|Q7S3X7|ATG4_NEUCR	4
fam_004891	tr|Q7S7R7|Q7S7R7_NEUCR	5
fam_004892	sp|Q7SAN9|BRO1_NEUCR	5
fam_004893	sp|Q7SD49|MUS81_NEUCR	4
fam_004894	tr|Q7SEH4|Q7SEH4_NEUCR	4
fam_004895	tr|Q7SEK4|Q7SEK4_NEUCR	5
fam_004896	tr|V5IKX8|V5IKX8_NEUCR	5
fam_004897	tr|V5IM33|V5IM33_NEUCR	2
fam_004898	sp|P38681|NIR_NEUCR	4
fam_004899	tr|Q1K865|Q1K865_NEUCR	5
fam_004900	tr|Q7RYX8|Q7RYX8_NEUCR	3
fam_004901	tr|Q7RZN9|Q7RZN9_NEUCR	4
fam_004902	tr|Q7S2V1|Q7S2V1_NEUCR	7
fam_004903	tr|Q7SCT1|Q7SCT1_NEUCR	4
fam_004904	tr|Q7SDE5|Q7SDE5_NEUCR	5
fam_004905	tr|V5IMP6|V5IMP6_NEUCR	3
fam_004906	tr|V5INP8|V5INP8_NEUCR	5
fam_004907	tr|F9X9H2|F9X9H2_ZYMTI	3
fam_004908	tr|F9XFB7|F9XFB7_ZYMTI	5
fam_004909	tr|F9XIG8|F9XIG8_ZYMTI	6
fam_004910	tr|F9XN12|F9XN12_ZYMTI	5
fam_004911	tr|F9XN65|F9XN65_ZYMTI	3
fam_004912	tr|F9XNR6|F9XNR6_ZYMTI	3
fam_004913	tr|F9XP20|F9XP20_ZYMTI	3
fam_004914	tr|F9WYQ8|F9WYQ8_ZYMTI	1
fam_004915	tr|F9XGM9|F9XGM9_ZYMTI	1
fam_004916	tr|F9X100|F9X100_ZYMTI	25
fam_004917	tr|F9X6H9|F9X6H9_ZYMTI	5
fam_004918	tr|F9X6N1|F9X6N1_ZYMTI	20
fam_004919	tr|F9X8H3|F9X8H3_ZYMTI	3
fam_004920	tr|F9X8K2|F9X8K2_ZYMTI	5
fam_004921	tr|F9X9U5|F9X9U5_ZYMTI	3
fam_004922	tr|F9X7R7|F9X7R7_ZYMTI	4
fam_004923	tr|F9X9J0|F9X9J0_ZYMTI	4
fam_004924	tr|F9XFK7|F9XFK7_ZYMTI	1
fam_004925	tr|F9XQP5|F9XQP5_ZYMTI	1
fam_004926	tr|F9XH45|F9XH45_ZYMTI	2
fam_004927	tr|F9XKK5|F9XKK5_ZYMTI	3
fam_004928	tr|F9XL22|F9XL22_ZYMTI	5
fam_004929	tr|F9WWU8|F9WWU8_ZYMTI	5
fam_004930	tr|F9WXD0|F9WXD0_ZYMTI	2
fam_004931	tr|F9WZE1|F9WZE1_ZYMTI	5
fam_004932	tr|F9WZE7|F9WZE7_ZYMTI	5
fam_004933	tr|F9X7P0|F9X7P0_ZYMTI	4
fam_004934	tr|F9XA65|F9XA65_ZYMTI	2
fam_004935	tr|F9XEJ5|F9XEJ5_ZYMTI	10
fam_004936	tr|F9XF55|F9XF55_ZYMTI	1
fam_004937	tr|F9XF57|F9XF57_ZYMTI	1
fam_004938	tr|F9XFQ1|F9XFQ1_ZYMTI	2
fam_004939	tr|F9XFQ6|F9XFQ6_ZYMTI	8
fam_004940	tr|F9XH66|F9XH66_ZYMTI	4
fam_004941	tr|F9XHA5|F9XHA5_ZYMTI	6
fam_004942	tr|F9XIX8|F9XIX8_ZYMTI	5
fam_004943	tr|F9XK81|F9XK81_ZYMTI	1
fam_004944	tr|F9WZ54|F9WZ54_ZYMTI	1
fam_004945	tr|F9XNL1|F9XNL1_ZYMTI	4
fam_004946	tr|F9WWM9|F9WWM9_ZYMTI	2
fam_004947	tr|F9WXQ9|F9WXQ9_ZYMTI	3
fam_004948	tr|F9WZX9|F9WZX9_ZYMTI	8
fam_004949	tr|F9X1Y4|F9X1Y4_ZYMTI	2
fam_004950	tr|F9X433|F9X433_ZYMTI	3
fam_004951	tr|F9X5Q9|F9X5Q9_ZYMTI	3
fam_004952	tr|F9XDI0|F9XDI0_ZYMTI	2
fam_004953	tr|F9XE62|F9XE62_ZYMTI	5
fam_004954	tr|F9XIB9|F9XIB9_ZYMTI	5
fam_004955	tr|F9XK16|F9XK16_ZYMTI	3
fam_004956	tr|F9XK17|F9XK17_ZYMTI	8
fam_004957	tr|F9XK52|F9XK52_ZYMTI	5
fam_004958	tr|F9XKS6|F9XKS6_ZYMTI	2
fam_004959	tr|F9WXT8|F9WXT8_ZYMTI	3
fam_004960	tr|F9WYM6|F9WYM6_ZYMTI	5
fam_004961	tr|F9X1A9|F9X1A9_ZYMTI	3
fam_004962	tr|F9X2I9|F9X2I9_ZYMTI	5
fam_004963	tr|F9X3X7|F9X3X7_ZYMTI	6
fam_004964	tr|F9X7R9|F9X7R9_ZYMTI	4
fam_004965	tr|F9X8Y4|F9X8Y4_ZYMTI	3
fam_004966	tr|F9X9X9|F9X9X9_ZYMTI	2
fam_004967	tr|F9XBA2|F9XBA2_ZYMTI	5
fam_004968	tr|F9XBR0|F9XBR0_ZYMTI	2
fam_004969	tr|F9XC76|F9XC76_ZYMTI	5
fam_004970	tr|F9XG21|F9XG21_ZYMTI	3
fam_004971	tr|F9XJZ3|F9XJZ3_ZYMTI	5
fam_004972	tr|F9XLR3|F9XLR3_ZYMTI	2
fam_004973	tr|F9XMS8|F9XMS8_ZYMTI	1
fam_004974	tr|F9XE07|F9XE07_ZYMTI	1
fam_004975	tr|F9WWV7|F9WWV7_ZYMTI	5
fam_004976	tr|F9X0D0|F9X0D0_ZYMTI	3
fam_004977	tr|F9X0S5|F9X0S5_ZYMTI	5
fam_004978	tr|F9X5E1|F9X5E1_ZYMTI	5
fam_004979	tr|F9X5N6|F9X5N6_ZYMTI	4
fam_004980	tr|F9X9I8|F9X9I8_ZYMTI	5
fam_004981	tr|F9XEX6|F9XEX6_ZYMTI	2
fam_004982	tr|F9XFT4|F9XFT4_ZYMTI	2
fam_004983	tr|F9XGL1|F9XGL1_ZYMTI	3
fam_004984	tr|F9XHC0|F9XHC0_ZYMTI	5
fam_004985	tr|F9XHQ7|F9XHQ7_ZYMTI	5
fam_004986	tr|F9XIG1|F9XIG1_ZYMTI	5
fam_004987	tr|F9XJ93|F9XJ93_ZYMTI	5
fam_004988	tr|F9XJZ6|F9XJZ6_ZYMTI	2
fam_004989	tr|F9XP74|F9XP74_ZYMTI	4
fam_004990	tr|F9WWB2|F9WWB2_ZYMTI	5
fam_004991	tr|F9WWD6|F9WWD6_ZYMTI	5
fam_004992	tr|F9X246|F9X246_ZYMTI	4
fam_004993	tr|F9X5A5|F9X5A5_ZYMTI	3
fam_004994	tr|F9X808|F9X808_ZYMTI	5
fam_004995	tr|F9X9K8|F9X9K8_ZYMTI	5
fam_004996	tr|F9XAK0|F9XAK0_ZYMTI	2
fam_004997	tr|F9XCI2|F9XCI2_ZYMTI	5
fam_004998	tr|F9XCQ8|F9XCQ8_ZYMTI	2
fam_004999	tr|F9XIK4|F9XIK4_ZYMTI	5
fam_005000	tr|F9X6B5|F9X6B5_ZYMTI	2
fam_005001	tr|F9X7U1|F9X7U1_ZYMTI	4
fam_005002	tr|F9X8V5|F9X8V5_ZYMTI	8
fam_005003	tr|F9X9N9|F9X9N9_ZYMTI	5
fam_005004	tr|F9XA45|F9XA45_ZYMTI	4
fam_005005	tr|F9XAL2|F9XAL2_ZYMTI	2
fam_005006	tr|F9XD41|F9XD41_ZYMTI	23
fam_005007	tr|F9XKC7|F9XKC7_ZYMTI	3
fam_005008	tr|F9WY32|F9WY32_ZYMTI	3
fam_005009	tr|F9X4Y2|F9X4Y2_ZYMTI	3
fam_005010	tr|F9XB55|F9XB55_ZYMTI	5
fam_005011	tr|F9XHG4|F9XHG4_ZYMTI	2
fam_005012	tr|F9XIJ5|F9XIJ5_ZYMTI	5
fam_005013	tr|F9XLI9|F9XLI9_ZYMTI	6
fam_005014	tr|F9XN10|F9XN10_ZYMTI	5
fam_005015	tr|F9XPG6|F9XPG6_ZYMTI	4
fam_005016	tr|F9X0V7|F9X0V7_ZYMTI	7
fam_005017	tr|F9X317|F9X317_ZYMTI	5
fam_005018	tr|F9X3N4|F9X3N4_ZYMTI	2
fam_005019	tr|F9XJQ7|F9XJQ7_ZYMTI	1
fam_005020	tr|F9X5I0|F9X5I0_ZYMTI	2
fam_005021	tr|F9X6F6|F9X6F6_ZYMTI	5
fam_005022	tr|F9X7B8|F9X7B8_ZYMTI	7
fam_005023	tr|F9X7G1|F9X7G1_ZYMTI	4
fam_005024	tr|F9X795|F9X795_ZYMTI	2
fam_005025	tr|F9X8V2|F9X8V2_ZYMTI	4
fam_005026	tr|F9XB93|F9XB93_ZYMTI	3
fam_005027	tr|F9XBI1|F9XBI1_ZYMTI	2
fam_005028	tr|F9XFE6|F9XFE6_ZYMTI	2
fam_005029	tr|F9XHW7|F9XHW7_ZYMTI	2
fam_005030	tr|F9XM14|F9XM14_ZYMTI	5
fam_005031	tr|F9XNT2|F9XNT2_ZYMTI	5
fam_005032	tr|F9XPV8|F9XPV8_ZYMTI	4
fam_005033	tr|F9WXE0|F9WXE0_ZYMTI	3
fam_005034	tr|F9WXR6|F9WXR6_ZYMTI	6
fam_005035	tr|F9X182|F9X182_ZYMTI	5
fam_005036	tr|F9X278|F9X278_ZYMTI	4
fam_005037	tr|F9XDN7|F9XDN7_ZYMTI	5
fam_005038	tr|F9XDS5|F9XDS5_ZYMTI	3
fam_005039	tr|F9XDW8|F9XDW8_ZYMTI	2
fam_005040	tr|F9XFH6|F9XFH6_ZYMTI	2
fam_005041	tr|F9XHV6|F9XHV6_ZYMTI	4
fam_005042	tr|F9XI53|F9XI53_ZYMTI	4
fam_005043	tr|F9XJB4|F9XJB4_ZYMTI	5
fam_005044	tr|F9XPG1|F9XPG1_ZYMTI	2
fam_005045	tr|F9WWZ5|F9WWZ5_ZYMTI	4
fam_005046	tr|F9WYE6|F9WYE6_ZYMTI	3
fam_005047	tr|F9WYP2|F9WYP2_ZYMTI	4
fam_005048	tr|F9WZI7|F9WZI7_ZYMTI	4
fam_005049	tr|F9WZP1|F9WZP1_ZYMTI	5
fam_005050	tr|F9X1G8|F9X1G8_ZYMTI	9
fam_005051	tr|F9X1J9|F9X1J9_ZYMTI	3
fam_005052	tr|F9X3K2|F9X3K2_ZYMTI	4
fam_005053	tr|F9X3S0|F9X3S0_ZYMTI	5
fam_005054	tr|F9X6L1|F9X6L1_ZYMTI	2
fam_005055	tr|F9X876|F9X876_ZYMTI	2
fam_005056	tr|F9X9G6|F9X9G6_ZYMTI	5
fam_005057	tr|F9XA55|F9XA55_ZYMTI	28
fam_005058	tr|F9XAX0|F9XAX0_ZYMTI	9
fam_005059	tr|F9XDL3|F9XDL3_ZYMTI	5
fam_005060	tr|F9XI98|F9XI98_ZYMTI	5
fam_005061	tr|F9XIM4|F9XIM4_ZYMTI	4
fam_005062	tr|F9XJE2|F9XJE2_ZYMTI	5
fam_005063	tr|F9XMI9|F9XMI9_ZYMTI	5
fam_005064	tr|F9XPN4|F9XPN4_ZYMTI	3
fam_005065	tr|F9X0N9|F9X0N9_ZYMTI	5
fam_005066	tr|F9X0R4|F9X0R4_ZYMTI	4
fam_005067	tr|F9X4N0|F9X4N0_ZYMTI	5
fam_005068	tr|F9X5K8|F9X5K8_ZYMTI	4
fam_005069	tr|F9X8A1|F9X8A1_ZYMTI	3
fam_005070	tr|E9RBC1|E9RBC1_ASPFU	5
fam_005071	tr|Q4WAT7|Q4WAT7_ASPFU	3
fam_005072	tr|Q4WCW6|Q4WCW6_ASPFU	4
fam_005073	tr|Q4WDU8|Q4WDU8_ASPFU	2
fam_005074	tr|Q4WEG5|Q4WEG5_ASPFU	3
fam_005075	tr|Q4WI04|Q4WI04_ASPFU	5
fam_005076	tr|Q4WJ44|Q4WJ44_ASPFU	4
fam_005077	tr|Q4WNF2|Q4WNF2_ASPFU	5
fam_005078	tr|Q4WNF8|Q4WNF8_ASPFU	5
fam_005079	tr|Q4WNP6|Q4WNP6_ASPFU	2
fam_005080	tr|Q4WNR0|Q4WNR0_ASPFU	2
fam_005081	tr|Q4WRG0|Q4WRG0_ASPFU	3
fam_005082	tr|Q4X063|Q4X063_ASPFU	2
fam_005083	tr|Q4X273|Q4X273_ASPFU	6
fam_005084	tr|A4D9H1|A4D9H1_ASPFU	1
fam_005085	tr|Q4WEF8|Q4WEF8_ASPFU	1
fam_005086	tr|A4DA09|A4DA09_ASPFU	1
fam_005087	tr|Q4WMI5|Q4WMI5_ASPFU	1
fam_005088	tr|Q4W933|Q4W933_ASPFU	2
fam_005089	tr|Q4WAH7|Q4WAH7_ASPFU	2
fam_005090	sp|Q4WBI3|SPYD_ASPFU	3
fam_005091	tr|Q4WBY6|Q4WBY6_ASPFU	2
fam_005092	tr|Q4WD50|Q4WD50_ASPFU	1
fam_005093	tr|Q4WUU7|Q4WUU7_ASPFU	1
fam_005094	tr|Q4WGL1|Q4WGL1_ASPFU	4
fam_005095	tr|Q4WGW2|Q4WGW2_ASPFU	2
fam_005096	tr|Q4WHL7|Q4WHL7_ASPFU	3
fam_005097	tr|Q4WIQ8|Q4WIQ8_ASPFU	4
fam_005098	sp|Q4WLW6|FMQD_ASPFU	2
fam_005099	tr|Q4WM88|Q4WM88_ASPFU	7
fam_005100	tr|Q4WMV7|Q4WMV7_ASPFU	3
fam_005101	sp|Q4WN24|GEM1_ASPFU	5
fam_005102	tr|Q4WNP3|Q4WNP3_ASPFU	2
fam_005103	tr|Q4WPI8|Q4WPI8_ASPFU	2
fam_005104	tr|Q4WR57|Q4WR57_ASPFU	6
fam_005105	tr|Q4WRU7|Q4WRU7_ASPFU	2
fam_005106	tr|Q4WRU8|Q4WRU8_ASPFU	5
fam_005107	tr|Q4WSD2|Q4WSD2_ASPFU	5
fam_005108	tr|Q4WVR1|Q4WVR1_ASPFU	3
fam_005109	tr|Q4WVU3|Q4WVU3_ASPFU	2
fam_005110	sp|Q4WZS1|CHO2_ASPFU	5
fam_005111	tr|Q4X0H1|Q4X0H1_ASPFU	5
fam_005112	sp|Q4X0V2|TIM13_ASPFU	2
fam_005113	tr|Q4X112|Q4X112_ASPFU	3
fam_005114	tr|A4D9A7|A4D9A7_ASPFU	2
fam_005115	tr|A4DA67|A4DA67_ASPFU	4
fam_005116	tr|A4GZ00|A4GZ00_ASPFU	2
fam_005117	sp|E9QT42|FTRA_ASPFU	4
fam_005118	tr|Q4WDY4|Q4WDY4_ASPFU	2
fam_005119	tr|Q4WE40|Q4WE40_ASPFU	1
fam_005120	tr|Q4WAM4|Q4WAM4_ASPFU	1
fam_005121	tr|Q4WE95|Q4WE95_ASPFU	3
fam_005122	tr|Q4WEI1|Q4WEI1_ASPFU	5
fam_005123	tr|F9XCM2|F9XCM2_ZYMTI	2
fam_005124	tr|F9XF75|F9XF75_ZYMTI	2
fam_005125	tr|F9XF84|F9XF84_ZYMTI	2
fam_005126	tr|F9XGD9|F9XGD9_ZYMTI	5
fam_005127	tr|F9XGF4|F9XGF4_ZYMTI	4
fam_005128	tr|F9XHV1|F9XHV1_ZYMTI	2
fam_005129	tr|F9XJ52|F9XJ52_ZYMTI	2
fam_005130	tr|F9XK28|F9XK28_ZYMTI	5
fam_005131	tr|F9XL70|F9XL70_ZYMTI	5
fam_005132	tr|F9XLI2|F9XLI2_ZYMTI	5
fam_005133	tr|F9XLK6|F9XLK6_ZYMTI	5
fam_005134	tr|F9XQG9|F9XQG9_ZYMTI	4
fam_005135	tr|F9WWW2|F9WWW2_ZYMTI	5
fam_005136	tr|F9X2Z7|F9X2Z7_ZYMTI	1
fam_005137	tr|F9X0T0|F9X0T0_ZYMTI	1
fam_005138	tr|F9X432|F9X432_ZYMTI	5
fam_005139	tr|F9X6B0|F9X6B0_ZYMTI	5
fam_005140	tr|F9X8S1|F9X8S1_ZYMTI	9
fam_005141	tr|F9XAJ7|F9XAJ7_ZYMTI	2
fam_005142	tr|F9XB31|F9XB31_ZYMTI	3
fam_005143	tr|F9XCY1|F9XCY1_ZYMTI	5
fam_005144	tr|F9XEJ9|F9XEJ9_ZYMTI	4
fam_005145	tr|F9XK37|F9XK37_ZYMTI	4
fam_005146	tr|F9XM79|F9XM79_ZYMTI	5
fam_005147	tr|F9XMY5|F9XMY5_ZYMTI	5
fam_005148	tr|F9XN47|F9XN47_ZYMTI	5
fam_005149	tr|F9XPA5|F9XPA5_ZYMTI	5
fam_005150	tr|F9XQ42|F9XQ42_ZYMTI	5
fam_005151	tr|F9XR52|F9XR52_ZYMTI	2
fam_005152	tr|F9WX86|F9WX86_ZYMTI	5
fam_005153	tr|F9WX87|F9WX87_ZYMTI	5
fam_005154	tr|F9WXX6|F9WXX6_ZYMTI	2
fam_005155	tr|F9WZ94|F9WZ94_ZYMTI	4
fam_005156	tr|F9X207|F9X207_ZYMTI	2
fam_005157	tr|F9X3C3|F9X3C3_ZYMTI	4
fam_005158	tr|F9X3M1|F9X3M1_ZYMTI	4
fam_005159	tr|F9X445|F9X445_ZYMTI	5
fam_005160	tr|F9X701|F9X701_ZYMTI	3
fam_005161	tr|F9X7V5|F9X7V5_ZYMTI	4
fam_005162	tr|F9X9L7|F9X9L7_ZYMTI	5
fam_005163	tr|F9XAQ8|F9XAQ8_ZYMTI	5
fam_005164	tr|F9XCF9|F9XCF9_ZYMTI	4
fam_005165	tr|F9XD76|F9XD76_ZYMTI	2
fam_005166	tr|F9XDB6|F9XDB6_ZYMTI	4
fam_005167	tr|F9XGB7|F9XGB7_ZYMTI	8
fam_005168	tr|F9XH08|F9XH08_ZYMTI	10
fam_005169	tr|F9XHW9|F9XHW9_ZYMTI	5
fam_005170	tr|F9WXM7|F9WXM7_ZYMTI	5
fam_005171	tr|F9X0G2|F9X0G2_ZYMTI	5
fam_005172	tr|F9X2S7|F9X2S7_ZYMTI	4
fam_005173	tr|F9X8P2|F9X8P2_ZYMTI	4
fam_005174	tr|F9XB81|F9XB81_ZYMTI	3
fam_005175	tr|F9XCH5|F9XCH5_ZYMTI	5
fam_005176	tr|F9XCK7|F9XCK7_ZYMTI	3
fam_005177	tr|F9XD48|F9XD48_ZYMTI	5
fam_005178	tr|F9XFZ1|F9XFZ1_ZYMTI	5
fam_005179	tr|F9XGG1|F9XGG1_ZYMTI	9
fam_005180	tr|F9XM71|F9XM71_ZYMTI	4
fam_005181	tr|F9XMA2|F9XMA2_ZYMTI	5
fam_005182	tr|F9WXH5|F9WXH5_ZYMTI	5
fam_005183	tr|F9WYP3|F9WYP3_ZYMTI	5
fam_005184	tr|F9WYZ0|F9WYZ0_ZYMTI	4
fam_005185	tr|F9WZ46|F9WZ46_ZYMTI	5
fam_005186	tr|F9X0C8|F9X0C8_ZYMTI	5
fam_005187	tr|F9X0X3|F9X0X3_ZYMTI	5
fam_005188	tr|F9X116|F9X116_ZYMTI	1
fam_005189	tr|F9XBI5|F9XBI5_ZYMTI	1
fam_005190	tr|F9X253|F9X253_ZYMTI	3
fam_005191	tr|F9X2V4|F9X2V4_ZYMTI	5
fam_005192	tr|F9X2V5|F9X2V5_ZYMTI	5
fam_005193	tr|F9X556|F9X556_ZYMTI	4
fam_005194	tr|F9X576|F9X576_ZYMTI	5
fam_005195	tr|F9X5J2|F9X5J2_ZYMTI	3
fam_005196	tr|F9X6W3|F9X6W3_ZYMTI	10
fam_005197	tr|F9XAI1|F9XAI1_ZYMTI	2
fam_005198	tr|F9XCG7|F9XCG7_ZYMTI	3
fam_005199	tr|F9XCL8|F9XCL8_ZYMTI	2
fam_005200	tr|F9XDM1|F9XDM1_ZYMTI	3
fam_005201	tr|F9XDW3|F9XDW3_ZYMTI	5
fam_005202	tr|F9XE28|F9XE28_ZYMTI	2
fam_005203	tr|F9XE25|F9XE25_ZYMTI	1
fam_005204	tr|F9XF71|F9XF71_ZYMTI	2
fam_005205	tr|F9XKB4|F9XKB4_ZYMTI	2
fam_005206	tr|F9XP92|F9XP92_ZYMTI	4
fam_005207	tr|F9XPW8|F9XPW8_ZYMTI	1
fam_005208	tr|F9XQH3|F9XQH3_ZYMTI	2
fam_005209	tr|F9WXQ2|F9WXQ2_ZYMTI	5
fam_005210	tr|F9WXT1|F9WXT1_ZYMTI	5
fam_005211	tr|F9WXW9|F9WXW9_ZYMTI	5
fam_005212	tr|F9X208|F9X208_ZYMTI	4
fam_005213	tr|F9X301|F9X301_ZYMTI	3
fam_005214	tr|F9X5Q8|F9X5Q8_ZYMTI	2
fam_005215	tr|F9X5R4|F9X5R4_ZYMTI	5
fam_005216	tr|F9X6T2|F9X6T2_ZYMTI	5
fam_005217	tr|F9X8T2|F9X8T2_ZYMTI	3
fam_005218	tr|F9XAY3|F9XAY3_ZYMTI	5
fam_005219	tr|F9XE37|F9XE37_ZYMTI	2
fam_005220	tr|F9XPG9|F9XPG9_ZYMTI	2
fam_005221	tr|F9WWP7|F9WWP7_ZYMTI	6
fam_005222	tr|F9WXJ7|F9WXJ7_ZYMTI	6
fam_005223	tr|F9X3T9|F9X3T9_ZYMTI	2
fam_005224	tr|F9X4P0|F9X4P0_ZYMTI	4
fam_005225	tr|F9X6Q5|F9X6Q5_ZYMTI	5
fam_005226	tr|F9X961|F9X961_ZYMTI	4
fam_005227	tr|F9XB17|F9XB17_ZYMTI	2
fam_005228	tr|F9XBS0|F9XBS0_ZYMTI	9
fam_005229	tr|F9XCR1|F9XCR1_ZYMTI	5
fam_005230	tr|F9XEQ1|F9XEQ1_ZYMTI	4
fam_005231	tr|F9XF95|F9XF95_ZYMTI	4
fam_005232	tr|F9XI01|F9XI01_ZYMTI	5
fam_005233	tr|F9XJ39|F9XJ39_ZYMTI	3
fam_005234	tr|F9XJD1|F9XJD1_ZYMTI	2
fam_005235	tr|F9XMB1|F9XMB1_ZYMTI	4
fam_005236	tr|F9WWX3|F9WWX3_ZYMTI	3
fam_005237	tr|F9WXP4|F9WXP4_ZYMTI	4
fam_005238	tr|F9WY58|F9WY58_ZYMTI	5
fam_005239	tr|F9X2W9|F9X2W9_ZYMTI	5
fam_005240	tr|F9X2Y4|F9X2Y4_ZYMTI	5
fam_005241	tr|F9X3U0|F9X3U0_ZYMTI	5
fam_005242	tr|F9X6L9|F9X6L9_ZYMTI	5
fam_005243	tr|F9XDE9|F9XDE9_ZYMTI	3
fam_005244	tr|F9XFV7|F9XFV7_ZYMTI	5
fam_005245	tr|F9XG01|F9XG01_ZYMTI	5
fam_005246	tr|F9XG17|F9XG17_ZYMTI	8
fam_005247	tr|F9XJI2|F9XJI2_ZYMTI	4
fam_005248	tr|F9XMD0|F9XMD0_ZYMTI	4
fam_005249	tr|F9WZL4|F9WZL4_ZYMTI	4
fam_005250	tr|F9X488|F9X488_ZYMTI	4
fam_005251	tr|F9X5U8|F9X5U8_ZYMTI	5
fam_005252	tr|F9X8F7|F9X8F7_ZYMTI	8
fam_005253	tr|F9XBY3|F9XBY3_ZYMTI	4
fam_005254	tr|F9XFU8|F9XFU8_ZYMTI	3
fam_005255	tr|F9XL78|F9XL78_ZYMTI	3
fam_005256	tr|F9XL93|F9XL93_ZYMTI	5
fam_005257	tr|F9XMA7|F9XMA7_ZYMTI	3
fam_005258	tr|F9XPL2|F9XPL2_ZYMTI	3
fam_005259	tr|F9XR74|F9XR74_ZYMTI	1
fam_005260	tr|F9XS92|F9XS92_ZYMTI	1
fam_005261	tr|F9XRP3|F9XRP3_ZYMTI	2
fam_005262	tr|F9WZ22|F9WZ22_ZYMTI	5
fam_005263	tr|F9WZK7|F9WZK7_ZYMTI	1
fam_005264	tr|F9WWM8|F9WWM8_ZYMTI	1
fam_005265	tr|F9X0G0|F9X0G0_ZYMTI	2
fam_005266	tr|F9X106|F9X106_ZYMTI	2
fam_005267	tr|F9X501|F9X501_ZYMTI	5
fam_005268	tr|F9X598|F9X598_ZYMTI	5
fam_005269	tr|F9X807|F9X807_ZYMTI	7
fam_005270	tr|F9X923|F9X923_ZYMTI	3
fam_005271	tr|F9XA01|F9XA01_ZYMTI	5
fam_005272	tr|F9XAQ4|F9XAQ4_ZYMTI	5
fam_005273	tr|F9XBC8|F9XBC8_ZYMTI	5
fam_005274	tr|F9XCJ3|F9XCJ3_ZYMTI	2
fam_005275	tr|F9XF16|F9XF16_ZYMTI	3
fam_005276	tr|F9XIL7|F9XIL7_ZYMTI	5
fam_005277	tr|F9XLV8|F9XLV8_ZYMTI	56
fam_005278	tr|F9XLZ5|F9XLZ5_ZYMTI	2
fam_005279	tr|F9XRV8|F9XRV8_ZYMTI	2
fam_005280	tr|F9WYK8|F9WYK8_ZYMTI	3
fam_005281	tr|F9X097|F9X097_ZYMTI	2
fam_005282	tr|F9X0N4|F9X0N4_ZYMTI	5
fam_005283	tr|F9X5M4|F9X5M4_ZYMTI	2
fam_005284	tr|F9X6G3|F9X6G3_ZYMTI	8
fam_005285	tr|F9X6G4|F9X6G4_ZYMTI	5
fam_005286	tr|F9X764|F9X764_ZYMTI	4
fam_005287	tr|Q4X0N6|Q4X0N6_ASPFU	5
fam_005288	tr|E9R2S1|E9R2S1_ASPFU	2
fam_005289	tr|E9R3X0|E9R3X0_ASPFU	5
fam_005290	tr|Q4WEN0|Q4WEN0_ASPFU	2
fam_005291	tr|Q4WFF3|Q4WFF3_ASPFU	4
fam_005292	tr|Q4WID5|Q4WID5_ASPFU	2
fam_005293	tr|Q4WKF2|Q4WKF2_ASPFU	5
fam_005294	tr|Q4WKG7|Q4WKG7_ASPFU	9
fam_005295	tr|Q4WQH8|Q4WQH8_ASPFU	4
fam_005296	tr|Q4WUQ5|Q4WUQ5_ASPFU	5
fam_005297	tr|Q4WXA9|Q4WXA9_ASPFU	4
fam_005298	tr|Q4WYT9|Q4WYT9_ASPFU	4
fam_005299	tr|Q4WZL2|Q4WZL2_ASPFU	2
fam_005300	tr|A4DA12|A4DA12_ASPFU	2
fam_005301	tr|E9QXD5|E9QXD5_ASPFU	4
fam_005302	sp|P78746|CHSD_ASPFU	4
fam_005303	tr|Q4WGB2|Q4WGB2_ASPFU	4
fam_005304	tr|Q4WGM5|Q4WGM5_ASPFU	12
fam_005305	tr|Q4WGN0|Q4WGN0_ASPFU	5
fam_005306	tr|Q4WJL6|Q4WJL6_ASPFU	2
fam_005307	tr|Q4WKB8|Q4WKB8_ASPFU	4
fam_005308	tr|Q4WPT1|Q4WPT1_ASPFU	3
fam_005309	tr|Q4WWH2|Q4WWH2_ASPFU	2
fam_005310	tr|Q4X149|Q4X149_ASPFU	4
fam_005311	sp|O00092|PHYA_ASPFU	8
fam_005312	sp|O60024|ALL4_ASPFU	3
fam_005313	tr|Q4WA80|Q4WA80_ASPFU	2
fam_005314	tr|Q4WCG9|Q4WCG9_ASPFU	5
fam_005315	tr|Q4WD19|Q4WD19_ASPFU	8
fam_005316	tr|Q4WET7|Q4WET7_ASPFU	4
fam_005317	tr|Q4WIF1|Q4WIF1_ASPFU	5
fam_005318	tr|Q4WIK6|Q4WIK6_ASPFU	2
fam_005319	tr|Q4WL12|Q4WL12_ASPFU	10
fam_005320	tr|Q4WM02|Q4WM02_ASPFU	4
fam_005321	sp|Q4WMR0|FAEB2_ASPFU	15
fam_005322	tr|Q4WNJ1|Q4WNJ1_ASPFU	2
fam_005323	tr|Q4WQB2|Q4WQB2_ASPFU	3
fam_005324	tr|Q4WSV9|Q4WSV9_ASPFU	3
fam_005325	tr|Q4WU61|Q4WU61_ASPFU	3
fam_005326	tr|Q4WU67|Q4WU67_ASPFU	4
fam_005327	tr|Q4WUW6|Q4WUW6_ASPFU	2
fam_005328	tr|Q4WXK8|Q4WXK8_ASPFU	5
fam_005329	tr|Q4WYZ8|Q4WYZ8_ASPFU	10
fam_005330	tr|Q4WYY6|Q4WYY6_ASPFU	9
fam_005331	tr|Q4W991|Q4W991_ASPFU	2
fam_005332	tr|Q4W9S0|Q4W9S0_ASPFU	2
fam_005333	tr|Q4WAF0|Q4WAF0_ASPFU	3
fam_005334	tr|Q4WAV8|Q4WAV8_ASPFU	2
fam_005335	tr|Q4WFE0|Q4WFE0_ASPFU	4
fam_005336	tr|Q4WHI2|Q4WHI2_ASPFU	3
fam_005337	tr|Q4WHS2|Q4WHS2_ASPFU	4
fam_005338	tr|Q4WI70|Q4WI70_ASPFU	4
fam_005339	tr|Q4WIM6|Q4WIM6_ASPFU	4
fam_005340	tr|Q4WIY4|Q4WIY4_ASPFU	3
fam_005341	tr|Q4WJU4|Q4WJU4_ASPFU	2
fam_005342	sp|Q4WKB9|CWC22_ASPFU	4
fam_005343	tr|Q4WNZ3|Q4WNZ3_ASPFU	2
fam_005344	sp|Q4WQZ5|TPCC_ASPFU	1
fam_005345	sp|Q4WA61|NSCA_ASPFU	2
fam_005346	sp|Q4WRE8|POA1_ASPFU	2
fam_005347	tr|Q4WSI4|Q4WSI4_ASPFU	2
fam_005348	tr|Q4WUN4|Q4WUN4_ASPFU	2
fam_005349	tr|Q4WV74|Q4WV74_ASPFU	2
fam_005350	tr|Q4WWG2|Q4WWG2_ASPFU	5
fam_005351	tr|Q4WWI7|Q4WWI7_ASPFU	2
fam_005352	sp|Q4WYG7|PNS1_ASPFU	4
fam_005353	tr|Q4WZ92|Q4WZ92_ASPFU	2
fam_005354	tr|Q4WY39|Q4WY39_ASPFU	5
fam_005355	sp|Q4WYG2|NRPS5_ASPFU	1
fam_005356	sp|Q4WMJ7|GLIP_ASPFU	1
fam_005357	sp|Q4WYJ7|SPB4_ASPFU	5
fam_005358	tr|Q4X157|Q4X157_ASPFU	3
fam_005359	tr|A4D9D9|A4D9D9_ASPFU	2
fam_005360	tr|A4D9T1|A4D9T1_ASPFU	9
fam_005361	tr|Q4WAL2|Q4WAL2_ASPFU	2
fam_005362	tr|Q4WBE0|Q4WBE0_ASPFU	2
fam_005363	tr|Q4WDY3|Q4WDY3_ASPFU	6
fam_005364	tr|Q4WGJ8|Q4WGJ8_ASPFU	5
fam_005365	tr|Q4WGW9|Q4WGW9_ASPFU	2
fam_005366	tr|Q4WHR5|Q4WHR5_ASPFU	5
fam_005367	tr|Q4WJ35|Q4WJ35_ASPFU	5
fam_005368	tr|Q4WL51|Q4WL51_ASPFU	4
fam_005369	tr|Q4WQU2|Q4WQU2_ASPFU	1
fam_005370	tr|Q4WBS5|Q4WBS5_ASPFU	1
fam_005371	tr|Q4WRR5|Q4WRR5_ASPFU	3
fam_005372	tr|Q4WRZ2|Q4WRZ2_ASPFU	4
fam_005373	tr|Q4WS75|Q4WS75_ASPFU	4
fam_005374	tr|Q4WWH5|Q4WWH5_ASPFU	5
fam_005375	tr|Q4WWV8|Q4WWV8_ASPFU	3
fam_005376	tr|Q4WX96|Q4WX96_ASPFU	2
fam_005377	tr|Q4X0J0|Q4X0J0_ASPFU	3
fam_005378	tr|Q4X0V9|Q4X0V9_ASPFU	2
fam_005379	tr|Q4X144|Q4X144_ASPFU	5
fam_005380	tr|Q4X1W3|Q4X1W3_ASPFU	4
fam_005381	tr|A4D9A3|A4D9A3_ASPFU	2
fam_005382	tr|Q4WA23|Q4WA23_ASPFU	5
fam_005383	tr|Q4WCH9|Q4WCH9_ASPFU	2
fam_005384	tr|Q4WDT0|Q4WDT0_ASPFU	2
fam_005385	tr|Q4WEB2|Q4WEB2_ASPFU	2
fam_005386	tr|Q4WFF4|Q4WFF4_ASPFU	5
fam_005387	tr|Q4WFT1|Q4WFT1_ASPFU	2
fam_005388	tr|Q4WHN6|Q4WHN6_ASPFU	5
fam_005389	tr|Q4WIT3|Q4WIT3_ASPFU	2
fam_005390	tr|Q4WJY1|Q4WJY1_ASPFU	5
fam_005391	tr|Q4WQ03|Q4WQ03_ASPFU	2
fam_005392	tr|Q4WRT3|Q4WRT3_ASPFU	2
fam_005393	sp|Q4WTV7|INO80_ASPFU	5
fam_005394	tr|Q4WY85|Q4WY85_ASPFU	5
fam_005395	sp|Q4WZB4|ABR1_ASPFU	5
fam_005396	tr|A4D9A8|A4D9A8_ASPFU	2
fam_005397	sp|A4D9B6|FAEC_ASPFU	3
fam_005398	tr|Q4W9X0|Q4W9X0_ASPFU	2
fam_005399	tr|Q4WBA2|Q4WBA2_ASPFU	7
fam_005400	tr|Q4WDK1|Q4WDK1_ASPFU	4
fam_005401	tr|Q4WEA5|Q4WEA5_ASPFU	2
fam_005402	tr|Q4WFA6|Q4WFA6_ASPFU	2
fam_005403	tr|Q4WFJ7|Q4WFJ7_ASPFU	1
fam_005404	tr|Q4WC19|Q4WC19_ASPFU	1
fam_005405	tr|Q4WG60|Q4WG60_ASPFU	5
fam_005406	tr|Q4WL67|Q4WL67_ASPFU	4
fam_005407	tr|Q4WN84|Q4WN84_ASPFU	3
fam_005408	tr|Q4WTJ9|Q4WTJ9_ASPFU	4
fam_005409	tr|Q4WX26|Q4WX26_ASPFU	36
fam_005410	tr|Q4X269|Q4X269_ASPFU	4
fam_005411	tr|A4DA40|A4DA40_ASPFU	3
fam_005412	tr|Q4W9B6|Q4W9B6_ASPFU	3
fam_005413	tr|Q4W9P6|Q4W9P6_ASPFU	4
fam_005414	tr|Q4W9Z6|Q4W9Z6_ASPFU	8
fam_005415	tr|Q4WD23|Q4WD23_ASPFU	2
fam_005416	tr|Q4WEA7|Q4WEA7_ASPFU	3
fam_005417	tr|Q4WEB5|Q4WEB5_ASPFU	5
fam_005418	tr|Q4WGT4|Q4WGT4_ASPFU	3
fam_005419	tr|Q4WJH8|Q4WJH8_ASPFU	3
fam_005420	sp|Q4WMP0|EXGD_ASPFU	4
fam_005421	tr|Q4WPX8|Q4WPX8_ASPFU	4
fam_005422	sp|Q4WQL0|TMEDA_ASPFU	4
fam_005423	tr|Q4WTP5|Q4WTP5_ASPFU	5
fam_005424	tr|Q4WX05|Q4WX05_ASPFU	2
fam_005425	tr|Q4WXD0|Q4WXD0_ASPFU	11
fam_005426	tr|Q4WZZ4|Q4WZZ4_ASPFU	14
fam_005427	tr|Q4WYM7|Q4WYM7_ASPFU	4
fam_005428	sp|Q4X095|NCTA_ASPFU	3
fam_005429	sp|Q0H904|XYNC_ASPFU	9
fam_005430	tr|Q4W8Y0|Q4W8Y0_ASPFU	4
fam_005431	tr|Q4WC05|Q4WC05_ASPFU	2
fam_005432	tr|Q4WDI0|Q4WDI0_ASPFU	5
fam_005433	tr|Q4WE04|Q4WE04_ASPFU	16
fam_005434	tr|Q4WHI9|Q4WHI9_ASPFU	3
fam_005435	tr|Q4WIC6|Q4WIC6_ASPFU	5
fam_005436	tr|Q4WIT9|Q4WIT9_ASPFU	2
fam_005437	tr|Q4WK08|Q4WK08_ASPFU	2
fam_005438	sp|Q4WLD1|PYR5_ASPFU	4
fam_005439	tr|Q4WM27|Q4WM27_ASPFU	6
fam_005440	tr|Q4WVK0|Q4WVK0_ASPFU	3
fam_005441	tr|Q4WVN9|Q4WVN9_ASPFU	3
fam_005442	sp|Q4WWZ9|COX17_ASPFU	3
fam_005443	tr|Q4WYA6|Q4WYA6_ASPFU	2
fam_005444	tr|Q4X168|Q4X168_ASPFU	4
fam_005445	tr|Q4X1F1|Q4X1F1_ASPFU	4
fam_005446	tr|Q4X1T6|Q4X1T6_ASPFU	4
fam_005447	tr|Q4X282|Q4X282_ASPFU	4
fam_005448	tr|Q4W9R1|Q4W9R1_ASPFU	5
fam_005449	tr|Q4WAJ0|Q4WAJ0_ASPFU	5
fam_005450	tr|Q4WB68|Q4WB68_ASPFU	5
fam_005451	tr|Q4WC25|Q4WC25_ASPFU	2
fam_005452	tr|Q4WF02|Q4WF02_ASPFU	8
fam_005453	tr|F9XQ32|F9XQ32_ZYMTI	5
fam_005454	tr|F9XQR4|F9XQR4_ZYMTI	5
fam_005455	tr|F9WXR9|F9WXR9_ZYMTI	5
fam_005456	tr|F9WZP2|F9WZP2_ZYMTI	2
fam_005457	tr|F9X1C2|F9X1C2_ZYMTI	2
fam_005458	tr|F9X230|F9X230_ZYMTI	2
fam_005459	tr|F9X5I2|F9X5I2_ZYMTI	5
fam_005460	tr|F9XE73|F9XE73_ZYMTI	2
fam_005461	tr|F9XEI3|F9XEI3_ZYMTI	4
fam_005462	tr|F9XIF8|F9XIF8_ZYMTI	3
fam_005463	tr|F9XIV5|F9XIV5_ZYMTI	2
fam_005464	tr|F9XKU3|F9XKU3_ZYMTI	2
fam_005465	tr|F9XLL5|F9XLL5_ZYMTI	3
fam_005466	tr|F9XMQ0|F9XMQ0_ZYMTI	3
fam_005467	tr|F9XNV7|F9XNV7_ZYMTI	2
fam_005468	tr|F9XNY0|F9XNY0_ZYMTI	5
fam_005469	tr|F9WY29|F9WY29_ZYMTI	4
fam_005470	tr|F9X0R1|F9X0R1_ZYMTI	4
fam_005471	tr|F9X6J9|F9X6J9_ZYMTI	5
fam_005472	tr|F9X6L8|F9X6L8_ZYMTI	3
fam_005473	tr|F9X6P5|F9X6P5_ZYMTI	9
fam_005474	tr|F9X6S3|F9X6S3_ZYMTI	5
fam_005475	tr|F9XCW9|F9XCW9_ZYMTI	6
fam_005476	tr|F9XD39|F9XD39_ZYMTI	2
fam_005477	tr|F9XD97|F9XD97_ZYMTI	5
fam_005478	tr|F9XFU5|F9XFU5_ZYMTI	5
fam_005479	tr|F9XH75|F9XH75_ZYMTI	4
fam_005480	tr|F9XIT5|F9XIT5_ZYMTI	5
fam_005481	tr|F9XKZ1|F9XKZ1_ZYMTI	2
fam_005482	tr|F9XL62|F9XL62_ZYMTI	6
fam_005483	tr|F9XLU7|F9XLU7_ZYMTI	3
fam_005484	tr|F9XPC6|F9XPC6_ZYMTI	5
fam_005485	tr|F9XPP4|F9XPP4_ZYMTI	3
fam_005486	tr|F9X214|F9X214_ZYMTI	2
fam_005487	tr|F9X2H0|F9X2H0_ZYMTI	5
fam_005488	tr|F9X4K0|F9X4K0_ZYMTI	5
fam_005489	tr|F9X5F0|F9X5F0_ZYMTI	3
fam_005490	tr|F9X8P4|F9X8P4_ZYMTI	5
fam_005491	tr|F9X810|F9X810_ZYMTI	4
fam_005492	tr|F9X8G7|F9X8G7_ZYMTI	4
fam_005493	tr|F9XEJ7|F9XEJ7_ZYMTI	4
fam_005494	tr|F9XGA0|F9XGA0_ZYMTI	5
fam_005495	tr|F9XHI8|F9XHI8_ZYMTI	2
fam_005496	tr|F9XJE9|F9XJE9_ZYMTI	4
fam_005497	tr|F9XJV1|F9XJV1_ZYMTI	3
fam_005498	tr|F9XNH5|F9XNH5_ZYMTI	2
fam_005499	tr|F9WX92|F9WX92_ZYMTI	4
fam_005500	tr|F9WXP3|F9WXP3_ZYMTI	2
fam_005501	tr|F9X0A8|F9X0A8_ZYMTI	5
fam_005502	tr|F9X313|F9X313_ZYMTI	3
fam_005503	tr|F9X3F7|F9X3F7_ZYMTI	2
fam_005504	tr|F9X4A5|F9X4A5_ZYMTI	3
fam_005505	tr|F9X507|F9X507_ZYMTI	4
fam_005506	tr|F9XAU5|F9XAU5_ZYMTI	11
fam_005507	tr|F9XCK0|F9XCK0_ZYMTI	5
fam_005508	tr|F9XH74|F9XH74_ZYMTI	3
fam_005509	tr|F9XHN2|F9XHN2_ZYMTI	5
fam_005510	tr|F9XJZ1|F9XJZ1_ZYMTI	1
fam_005511	tr|F9XCH2|F9XCH2_ZYMTI	1
fam_005512	tr|F9XK42|F9XK42_ZYMTI	4
fam_005513	tr|F9XNS9|F9XNS9_ZYMTI	4
fam_005514	tr|F9XP23|F9XP23_ZYMTI	4
fam_005515	tr|F9XP66|F9XP66_ZYMTI	3
fam_005516	tr|F9XP78|F9XP78_ZYMTI	5
fam_005517	tr|F9WWI3|F9WWI3_ZYMTI	3
fam_005518	tr|F9WXA4|F9WXA4_ZYMTI	3
fam_005519	tr|F9WXH7|F9WXH7_ZYMTI	2
fam_005520	tr|F9X239|F9X239_ZYMTI	8
fam_005521	tr|F9X3C7|F9X3C7_ZYMTI	7
fam_005522	tr|F9XAG0|F9XAG0_ZYMTI	4
fam_005523	tr|F9XAQ3|F9XAQ3_ZYMTI	5
fam_005524	tr|F9XB03|F9XB03_ZYMTI	4
fam_005525	tr|F9XGD1|F9XGD1_ZYMTI	4
fam_005526	tr|F9XLR8|F9XLR8_ZYMTI	3
fam_005527	tr|F9XQ17|F9XQ17_ZYMTI	2
fam_005528	tr|F9XRB4|F9XRB4_ZYMTI	2
fam_005529	tr|F9WY71|F9WY71_ZYMTI	4
fam_005530	tr|F9X094|F9X094_ZYMTI	1
fam_005531	tr|F9XIR7|F9XIR7_ZYMTI	1
fam_005532	tr|F9X1I1|F9X1I1_ZYMTI	5
fam_005533	tr|F9X685|F9X685_ZYMTI	4
fam_005534	tr|F9X8N6|F9X8N6_ZYMTI	3
fam_005535	tr|F9X9W7|F9X9W7_ZYMTI	3
fam_005536	tr|F9XA83|F9XA83_ZYMTI	4
fam_005537	tr|F9XBW2|F9XBW2_ZYMTI	7
fam_005538	tr|F9XCK9|F9XCK9_ZYMTI	13
fam_005539	tr|F9XCL9|F9XCL9_ZYMTI	4
fam_005540	tr|F9XDI3|F9XDI3_ZYMTI	5
fam_005541	tr|F9XFK4|F9XFK4_ZYMTI	4
fam_005542	tr|F9XJA0|F9XJA0_ZYMTI	5
fam_005543	tr|F9XK34|F9XK34_ZYMTI	5
fam_005544	tr|F9XNH8|F9XNH8_ZYMTI	5
fam_005545	tr|F9XQ98|F9XQ98_ZYMTI	5
fam_005546	tr|F9WYK3|F9WYK3_ZYMTI	5
fam_005547	tr|F9WZY2|F9WZY2_ZYMTI	2
fam_005548	tr|F9X0E2|F9X0E2_ZYMTI	3
fam_005549	tr|F9X1C7|F9X1C7_ZYMTI	5
fam_005550	tr|F9X342|F9X342_ZYMTI	3
fam_005551	tr|F9X4V9|F9X4V9_ZYMTI	3
fam_005552	tr|F9X834|F9X834_ZYMTI	8
fam_005553	tr|F9X856|F9X856_ZYMTI	3
fam_005554	tr|F9X861|F9X861_ZYMTI	5
fam_005555	tr|F9X8A5|F9X8A5_ZYMTI	2
fam_005556	tr|F9XGB1|F9XGB1_ZYMTI	1
fam_005557	tr|F9XCG2|F9XCG2_ZYMTI	3
fam_005558	tr|F9XIY2|F9XIY2_ZYMTI	2
fam_005559	tr|F9WW29|F9WW29_ZYMTI	6
fam_005560	tr|F9WZS8|F9WZS8_ZYMTI	2
fam_005561	tr|F9X0K5|F9X0K5_ZYMTI	2
fam_005562	tr|F9X2V8|F9X2V8_ZYMTI	2
fam_005563	tr|F9X2X0|F9X2X0_ZYMTI	3
fam_005564	tr|F9X392|F9X392_ZYMTI	5
fam_005565	tr|F9X3F5|F9X3F5_ZYMTI	4
fam_005566	tr|F9X499|F9X499_ZYMTI	4
fam_005567	tr|F9XGH0|F9XGH0_ZYMTI	3
fam_005568	tr|F9XJF2|F9XJF2_ZYMTI	9
fam_005569	tr|F9XLC9|F9XLC9_ZYMTI	5
fam_005570	tr|F9XM94|F9XM94_ZYMTI	2
fam_005571	tr|F9XMR2|F9XMR2_ZYMTI	2
fam_005572	tr|F9XMZ1|F9XMZ1_ZYMTI	5
fam_005573	tr|F9WW75|F9WW75_ZYMTI	37
fam_005574	tr|F9WWE3|F9WWE3_ZYMTI	5
fam_005575	tr|F9WZ45|F9WZ45_ZYMTI	3
fam_005576	tr|F9X209|F9X209_ZYMTI	3
fam_005577	tr|F9X393|F9X393_ZYMTI	3
fam_005578	tr|F9X4D1|F9X4D1_ZYMTI	3
fam_005579	tr|F9X5C1|F9X5C1_ZYMTI	2
fam_005580	tr|F9XBV3|F9XBV3_ZYMTI	4
fam_005581	tr|F9XD77|F9XD77_ZYMTI	2
fam_005582	tr|F9XE80|F9XE80_ZYMTI	3
fam_005583	tr|F9XHB2|F9XHB2_ZYMTI	2
fam_005584	tr|F9XI97|F9XI97_ZYMTI	3
fam_005585	tr|F9XIC4|F9XIC4_ZYMTI	5
fam_005586	tr|F9XJ77|F9XJ77_ZYMTI	4
fam_005587	tr|F9XJU5|F9XJU5_ZYMTI	5
fam_005588	tr|F9XLF0|F9XLF0_ZYMTI	5
fam_005589	tr|F9WY63|F9WY63_ZYMTI	2
fam_005590	tr|F9X7R0|F9X7R0_ZYMTI	4
fam_005591	tr|F9XCC1|F9XCC1_ZYMTI	3
fam_005592	tr|F9XCY0|F9XCY0_ZYMTI	4
fam_005593	tr|F9XEQ2|F9XEQ2_ZYMTI	5
fam_005594	tr|F9XN31|F9XN31_ZYMTI	4
fam_005595	tr|F9XQ59|F9XQ59_ZYMTI	6
fam_005596	tr|F9XQG5|F9XQG5_ZYMTI	3
fam_005597	tr|F9WWD4|F9WWD4_ZYMTI	2
fam_005598	tr|F9X084|F9X084_ZYMTI	4
fam_005599	tr|F9X3U2|F9X3U2_ZYMTI	4
fam_005600	tr|F9X4I4|F9X4I4_ZYMTI	2
fam_005601	tr|F9XA91|F9XA91_ZYMTI	5
fam_005602	tr|F9XAI7|F9XAI7_ZYMTI	10
fam_005603	tr|F9XBP6|F9XBP6_ZYMTI	2
fam_005604	tr|F9XF93|F9XF93_ZYMTI	4
fam_005605	tr|F9XFF1|F9XFF1_ZYMTI	2
fam_005606	tr|F9XFY6|F9XFY6_ZYMTI	5
fam_005607	tr|F9XGC2|F9XGC2_ZYMTI	2
fam_005608	tr|F9XKG9|F9XKG9_ZYMTI	5
fam_005609	tr|F9XLF6|F9XLF6_ZYMTI	3
fam_005610	tr|F9XMS1|F9XMS1_ZYMTI	12
fam_005611	tr|F9XPK5|F9XPK5_ZYMTI	2
fam_005612	tr|F9XPN1|F9XPN1_ZYMTI	2
fam_005613	tr|F9WYX1|F9WYX1_ZYMTI	5
fam_005614	tr|F9X3W7|F9X3W7_ZYMTI	5
fam_005615	tr|F9X656|F9X656_ZYMTI	5
fam_005616	tr|F9X7N5|F9X7N5_ZYMTI	10
fam_005617	tr|F9X9L3|F9X9L3_ZYMTI	4
fam_005618	tr|F9XBY5|F9XBY5_ZYMTI	3
fam_005619	tr|F9XDV6|F9XDV6_ZYMTI	5
fam_005620	tr|F9XEJ2|F9XEJ2_ZYMTI	4
fam_005621	tr|F9XM18|F9XM18_ZYMTI	12
fam_005622	tr|F9WXH0|F9WXH0_ZYMTI	5
fam_005623	tr|F9X0B5|F9X0B5_ZYMTI	4
fam_005624	tr|F9X122|F9X122_ZYMTI	5
fam_005625	tr|F9X790|F9X790_ZYMTI	6
fam_005626	tr|Q4X268|Q4X268_ASPFU	2
fam_005627	tr|A4D9B9|A4D9B9_ASPFU	3
fam_005628	tr|A4DA54|A4DA54_ASPFU	2
fam_005629	tr|E9R5J6|E9R5J6_ASPFU	3
fam_005630	tr|Q4WBQ7|Q4WBQ7_ASPFU	2
fam_005631	tr|Q4WCH1|Q4WCH1_ASPFU	3
fam_005632	tr|Q4WCQ2|Q4WCQ2_ASPFU	3
fam_005633	tr|Q4WCV8|Q4WCV8_ASPFU	4
fam_005634	tr|Q4WEK8|Q4WEK8_ASPFU	6
fam_005635	tr|Q4WEN9|Q4WEN9_ASPFU	5
fam_005636	tr|Q4WFW9|Q4WFW9_ASPFU	2
fam_005637	tr|Q4WRE5|Q4WRE5_ASPFU	4
fam_005638	tr|Q4WRJ9|Q4WRJ9_ASPFU	2
fam_005639	tr|Q4WTZ8|Q4WTZ8_ASPFU	3
fam_005640	tr|Q4WV56|Q4WV56_ASPFU	2
fam_005641	tr|Q4WWM9|Q4WWM9_ASPFU	5
fam_005642	tr|Q4WXE5|Q4WXE5_ASPFU	3
fam_005643	tr|Q4WYL6|Q4WYL6_ASPFU	3
fam_005644	tr|Q4WZ91|Q4WZ91_ASPFU	4
fam_005645	tr|A4D9D1|A4D9D1_ASPFU	2
fam_005646	sp|A4DA06|XAND_ASPFU	5
fam_005647	tr|Q4W974|Q4W974_ASPFU	2
fam_005648	tr|Q4W9U4|Q4W9U4_ASPFU	8
fam_005649	tr|Q4WB71|Q4WB71_ASPFU	3
fam_005650	tr|Q4WCH2|Q4WCH2_ASPFU	5
fam_005651	sp|Q4WCV5|TRM44_ASPFU	2
fam_005652	tr|Q4WCZ9|Q4WCZ9_ASPFU	4
fam_005653	tr|Q4WEV1|Q4WEV1_ASPFU	4
fam_005654	tr|Q4WGW5|Q4WGW5_ASPFU	2
fam_005655	tr|Q4WH07|Q4WH07_ASPFU	2
fam_005656	tr|Q4WQ56|Q4WQ56_ASPFU	2
fam_005657	tr|Q4WRG5|Q4WRG5_ASPFU	16
fam_005658	tr|Q4WSL3|Q4WSL3_ASPFU	5
fam_005659	tr|Q4WSQ8|Q4WSQ8_ASPFU	5
fam_005660	tr|Q4WSY6|Q4WSY6_ASPFU	5
fam_005661	tr|Q4WTP2|Q4WTP2_ASPFU	5
fam_005662	tr|Q4WWL8|Q4WWL8_ASPFU	3
fam_005663	tr|Q4WX62|Q4WX62_ASPFU	3
fam_005664	tr|Q4WZH0|Q4WZH0_ASPFU	3
fam_005665	tr|Q4X0B9|Q4X0B9_ASPFU	2
fam_005666	tr|Q4X0E2|Q4X0E2_ASPFU	5
fam_005667	tr|A4D9B5|A4D9B5_ASPFU	2
fam_005668	tr|Q4W9F5|Q4W9F5_ASPFU	2
fam_005669	sp|Q4WC37|PFA4_ASPFU	5
fam_005670	tr|Q4WFW5|Q4WFW5_ASPFU	2
fam_005671	tr|Q4WIA0|Q4WIA0_ASPFU	5
fam_005672	tr|Q4WIG7|Q4WIG7_ASPFU	3
fam_005673	tr|Q4WJD3|Q4WJD3_ASPFU	5
fam_005674	sp|Q4WKN3|PAM17_ASPFU	4
fam_005675	tr|Q4WP46|Q4WP46_ASPFU	5
fam_005676	tr|Q4WP97|Q4WP97_ASPFU	2
fam_005677	tr|Q4WPJ9|Q4WPJ9_ASPFU	5
fam_005678	tr|Q4WPU7|Q4WPU7_ASPFU	4
fam_005679	tr|Q4WR87|Q4WR87_ASPFU	2
fam_005680	tr|Q4WSZ6|Q4WSZ6_ASPFU	3
fam_005681	tr|Q4WTR0|Q4WTR0_ASPFU	2
fam_005682	tr|Q4WTX9|Q4WTX9_ASPFU	3
fam_005683	tr|Q4WU43|Q4WU43_ASPFU	5
fam_005684	tr|Q4WUR8|Q4WUR8_ASPFU	2
fam_005685	tr|Q4WZT2|Q4WZT2_ASPFU	4
fam_005686	sp|Q4X0X6|EXO70_ASPFU	5
fam_005687	tr|Q4WCM3|Q4WCM3_ASPFU	5
fam_005688	tr|Q4WFF5|Q4WFF5_ASPFU	4
fam_005689	tr|Q4WFM9|Q4WFM9_ASPFU	3
fam_005690	tr|Q4WG18|Q4WG18_ASPFU	2
fam_005691	tr|Q4WJE2|Q4WJE2_ASPFU	4
fam_005692	tr|Q4WKE1|Q4WKE1_ASPFU	19
fam_005693	sp|Q4WNW3|STS1_ASPFU	5
fam_005694	tr|Q4WSD0|Q4WSD0_ASPFU	2
fam_005695	tr|Q4WSI3|Q4WSI3_ASPFU	5
fam_005696	tr|Q4WTX6|Q4WTX6_ASPFU	5
fam_005697	tr|Q4WWF8|Q4WWF8_ASPFU	2
fam_005698	tr|Q4WWS6|Q4WWS6_ASPFU	5
fam_005699	tr|Q4WYC6|Q4WYC6_ASPFU	3
fam_005700	tr|Q4X096|Q4X096_ASPFU	4
fam_005701	tr|Q4X0U6|Q4X0U6_ASPFU	5
fam_005702	tr|Q4X239|Q4X239_ASPFU	2
fam_005703	sp|Q6A3P9|UREA_ASPFU	4
fam_005704	tr|A4D9B8|A4D9B8_ASPFU	3
fam_005705	tr|Q4W8Y4|Q4W8Y4_ASPFU	6
fam_005706	tr|Q4WB11|Q4WB11_ASPFU	2
fam_005707	tr|Q4WD18|Q4WD18_ASPFU	1
fam_005708	tr|Q4WHJ0|Q4WHJ0_ASPFU	1
fam_005709	tr|Q4WFJ0|Q4WFJ0_ASPFU	3
fam_005710	tr|Q4WGU5|Q4WGU5_ASPFU	1
fam_005711	tr|Q4WYM8|Q4WYM8_ASPFU	1
fam_005712	tr|Q4WHL6|Q4WHL6_ASPFU	3
fam_005713	tr|Q4WJ23|Q4WJ23_ASPFU	5
fam_005714	tr|Q4WJV2|Q4WJV2_ASPFU	2
fam_005715	tr|Q4WLR6|Q4WLR6_ASPFU	4
fam_005716	tr|Q4WN98|Q4WN98_ASPFU	2
fam_005717	tr|Q4WND4|Q4WND4_ASPFU	10
fam_005718	sp|Q4WP83|MED8_ASPFU	2
fam_005719	sp|Q4WSD1|MACA_ASPFU	2
fam_005720	tr|Q4WWE4|Q4WWE4_ASPFU	5
fam_005721	tr|Q4WXC0|Q4WXC0_ASPFU	4
fam_005722	tr|Q4WY81|Q4WY81_ASPFU	5
fam_005723	tr|Q4X0B3|Q4X0B3_ASPFU	4
fam_005724	tr|Q4X046|Q4X046_ASPFU	3
fam_005725	tr|Q4X0E0|Q4X0E0_ASPFU	4
fam_005726	tr|Q4X0K4|Q4X0K4_ASPFU	3
fam_005727	tr|A4GYZ1|A4GYZ1_ASPFU	4
fam_005728	tr|E9QUP9|E9QUP9_ASPFU	10
fam_005729	tr|Q4W8Y3|Q4W8Y3_ASPFU	7
fam_005730	tr|Q4WE47|Q4WE47_ASPFU	5
fam_005731	tr|Q4WED3|Q4WED3_ASPFU	4
fam_005732	tr|Q4WIQ6|Q4WIQ6_ASPFU	5
fam_005733	tr|Q4WJM5|Q4WJM5_ASPFU	5
fam_005734	tr|Q4WKT3|Q4WKT3_ASPFU	2
fam_005735	tr|Q4WLA9|Q4WLA9_ASPFU	2
fam_005736	tr|Q4WMY0|Q4WMY0_ASPFU	3
fam_005737	tr|Q4WP24|Q4WP24_ASPFU	4
fam_005738	tr|Q4WQS4|Q4WQS4_ASPFU	2
fam_005739	tr|Q4X1S8|Q4X1S8_ASPFU	1
fam_005740	tr|Q4WQY0|Q4WQY0_ASPFU	2
fam_005741	tr|Q4WRD1|Q4WRD1_ASPFU	3
fam_005742	tr|Q4WRJ1|Q4WRJ1_ASPFU	5
fam_005743	tr|Q4WRW7|Q4WRW7_ASPFU	6
fam_005744	tr|Q4WS51|Q4WS51_ASPFU	2
fam_005745	tr|Q4WSP0|Q4WSP0_ASPFU	2
fam_005746	tr|Q4WT27|Q4WT27_ASPFU	5
fam_005747	tr|Q4WTX0|Q4WTX0_ASPFU	4
fam_005748	tr|Q4WUQ1|Q4WUQ1_ASPFU	3
fam_005749	tr|Q4WW30|Q4WW30_ASPFU	1
fam_005750	tr|Q4WSX6|Q4WSX6_ASPFU	1
fam_005751	tr|Q4WW32|Q4WW32_ASPFU	3
fam_005752	tr|Q4WXC3|Q4WXC3_ASPFU	5
fam_005753	sp|Q4WXT8|ER13B_ASPFU	5
fam_005754	tr|Q4WYX4|Q4WYX4_ASPFU	17
fam_005755	tr|Q4WYZ3|Q4WYZ3_ASPFU	14
fam_005756	tr|Q4X163|Q4X163_ASPFU	4
fam_005757	sp|Q9HGV0|RLA1_ASPFU	10
fam_005758	tr|E9QQJ7|E9QQJ7_ASPFU	4
fam_005759	tr|Q4WCT4|Q4WCT4_ASPFU	3
fam_005760	tr|Q4WG82|Q4WG82_ASPFU	5
fam_005761	tr|Q4WGA2|Q4WGA2_ASPFU	4
fam_005762	tr|Q4WHH0|Q4WHH0_ASPFU	4
fam_005763	tr|Q4WIZ5|Q4WIZ5_ASPFU	2
fam_005764	tr|Q4WJB5|Q4WJB5_ASPFU	2
fam_005765	tr|Q4WKX9|Q4WKX9_ASPFU	2
fam_005766	tr|Q4WQ93|Q4WQ93_ASPFU	2
fam_005767	tr|Q4WT32|Q4WT32_ASPFU	2
fam_005768	tr|Q4WUA8|Q4WUA8_ASPFU	2
fam_005769	tr|Q4WUG6|Q4WUG6_ASPFU	4
fam_005770	tr|Q4WUN5|Q4WUN5_ASPFU	5
fam_005771	tr|Q4WV43|Q4WV43_ASPFU	3
fam_005772	tr|Q4WVD5|Q4WVD5_ASPFU	3
fam_005773	tr|Q4WVH1|Q4WVH1_ASPFU	4
fam_005774	tr|Q4WVH2|Q4WVH2_ASPFU	5
fam_005775	tr|Q4WXT3|Q4WXT3_ASPFU	4
fam_005776	tr|Q4X053|Q4X053_ASPFU	4
fam_005777	tr|Q4X0Q1|Q4X0Q1_ASPFU	7
fam_005778	tr|Q4W952|Q4W952_ASPFU	6
fam_005779	tr|Q4WF38|Q4WF38_ASPFU	2
fam_005780	tr|Q4WFE9|Q4WFE9_ASPFU	3
fam_005781	tr|Q4WG35|Q4WG35_ASPFU	5
fam_005782	tr|Q4WLN3|Q4WLN3_ASPFU	4
fam_005783	tr|Q4WMH1|Q4WMH1_ASPFU	5
fam_005784	tr|Q4WP41|Q4WP41_ASPFU	11
fam_005785	tr|Q4WPS6|Q4WPS6_ASPFU	2
fam_005786	tr|Q4WQN8|Q4WQN8_ASPFU	3
fam_005787	tr|Q4WRA4|Q4WRA4_ASPFU	2
fam_005788	tr|Q4WT19|Q4WT19_ASPFU	2
fam_005789	tr|Q4WU54|Q4WU54_ASPFU	5
fam_005790	tr|Q4WU64|Q4WU64_ASPFU	16
fam_005791	tr|Q4WUS5|Q4WUS5_ASPFU	3
fam_005792	tr|Q4WVY4|Q4WVY4_ASPFU	1
fam_005793	tr|Q4WHX2|Q4WHX2_ASPFU	1
fam_005794	sp|Q4WXH8|DPOE_ASPFU	5
fam_005795	tr|Q4WZK9|Q4WZK9_ASPFU	2
fam_005796	tr|Q4X1G3|Q4X1G3_ASPFU	5
fam_005797	tr|A4D9U8|A4D9U8_ASPFU	4
fam_005798	tr|Q4WA25|Q4WA25_ASPFU	5
fam_005799	tr|Q4WB24|Q4WB24_ASPFU	3
fam_005800	tr|Q4WCU0|Q4WCU0_ASPFU	3
fam_005801	tr|Q4WF74|Q4WF74_ASPFU	2
fam_005802	tr|Q4WFD1|Q4WFD1_ASPFU	2
fam_005803	tr|Q4WIU8|Q4WIU8_ASPFU	5
fam_005804	tr|Q4WJJ8|Q4WJJ8_ASPFU	5
fam_005805	tr|Q4WLB1|Q4WLB1_ASPFU	2
fam_005806	tr|Q4WM35|Q4WM35_ASPFU	3
fam_005807	sp|Q4WNV0|CTSD_ASPFU	2
fam_005808	tr|Q4WPE0|Q4WPE0_ASPFU	5
fam_005809	tr|Q4WR56|Q4WR56_ASPFU	10
fam_005810	tr|Q4WVS1|Q4WVS1_ASPFU	5
fam_005811	tr|Q4WVU8|Q4WVU8_ASPFU	2
fam_005812	tr|Q4WW13|Q4WW13_ASPFU	4
fam_005813	tr|Q4WWG3|Q4WWG3_ASPFU	3
fam_005814	sp|Q4WXK4|DVRA_ASPFU	4
fam_005815	sp|Q4WXW1|DBP8_ASPFU	10
fam_005816	tr|A4D9W3|A4D9W3_ASPFU	5
fam_005817	tr|Q4WAM3|Q4WAM3_ASPFU	4
fam_005818	sp|Q4WAY4|FMAC_ASPFU	2
fam_005819	tr|Q4WCP5|Q4WCP5_ASPFU	2
fam_005820	sp|Q4WD45|FSQD_ASPFU	4
fam_005821	tr|Q4WDJ1|Q4WDJ1_ASPFU	3
fam_005822	tr|Q4WDT6|Q4WDT6_ASPFU	2
fam_005823	tr|Q4WET6|Q4WET6_ASPFU	4
fam_005824	tr|Q4WEV6|Q4WEV6_ASPFU	3
fam_005825	tr|Q4WG34|Q4WG34_ASPFU	2
fam_005826	tr|Q4WHX0|Q4WHX0_ASPFU	3
fam_005827	tr|Q4WQ59|Q4WQ59_ASPFU	2
fam_005828	sp|Q4WRC2|YSH1_ASPFU	5
fam_005829	tr|Q4WRI2|Q4WRI2_ASPFU	2
fam_005830	tr|Q4WWS4|Q4WWS4_ASPFU	5
fam_005831	tr|Q4X0T3|Q4X0T3_ASPFU	2
fam_005832	tr|Q4X138|Q4X138_ASPFU	3
fam_005833	tr|Q4X187|Q4X187_ASPFU	4
fam_005834	tr|A4GYY9|A4GYY9_ASPFU	1
fam_005835	tr|Q4WLF4|Q4WLF4_ASPFU	1
fam_005836	tr|H9CJR9|H9CJR9_ASPFU	2
fam_005837	tr|Q4WCR8|Q4WCR8_ASPFU	2
fam_005838	tr|Q4WD90|Q4WD90_ASPFU	4
fam_005839	tr|Q4WHZ0|Q4WHZ0_ASPFU	5
fam_005840	tr|Q4WI25|Q4WI25_ASPFU	2
fam_005841	tr|Q4WIA4|Q4WIA4_ASPFU	4
fam_005842	tr|Q4WJB1|Q4WJB1_ASPFU	4
fam_005843	tr|Q4WLE7|Q4WLE7_ASPFU	23
fam_005844	tr|Q4WVC6|Q4WVC6_ASPFU	12
fam_005845	tr|Q4WVZ2|Q4WVZ2_ASPFU	2
fam_005846	tr|Q4WXB1|Q4WXB1_ASPFU	2
fam_005847	tr|Q4WY60|Q4WY60_ASPFU	13
fam_005848	sp|A4D9B0|EGT2A_ASPFU	6
fam_005849	tr|A4D9W5|A4D9W5_ASPFU	4
fam_005850	tr|E9R554|E9R554_ASPFU	4
fam_005851	tr|E9RD35|E9RD35_ASPFU	5
fam_005852	tr|H9CJR7|H9CJR7_ASPFU	2
fam_005853	tr|Q4WB95|Q4WB95_ASPFU	3
fam_005854	tr|Q4WBL5|Q4WBL5_ASPFU	5
fam_005855	tr|Q4WC69|Q4WC69_ASPFU	1
fam_005856	tr|Q4WZ27|Q4WZ27_ASPFU	1
fam_005857	tr|Q4WDN0|Q4WDN0_ASPFU	4
fam_005858	tr|Q4WED0|Q4WED0_ASPFU	5
fam_005859	tr|Q4WGN5|Q4WGN5_ASPFU	4
fam_005860	tr|Q4WLH9|Q4WLH9_ASPFU	2
fam_005861	tr|Q4WMF4|Q4WMF4_ASPFU	4
fam_005862	tr|Q4WMV2|Q4WMV2_ASPFU	4
fam_005863	tr|Q4WQI9|Q4WQI9_ASPFU	3
fam_005864	tr|Q4WWA5|Q4WWA5_ASPFU	2
fam_005865	tr|Q4WY46|Q4WY46_ASPFU	7
fam_005866	tr|Q4W9X5|Q4W9X5_ASPFU	2
fam_005867	tr|Q4W9Z2|Q4W9Z2_ASPFU	4
fam_005868	tr|Q4WC54|Q4WC54_ASPFU	4
fam_005869	tr|Q4WEP4|Q4WEP4_ASPFU	5
fam_005870	tr|Q4WI74|Q4WI74_ASPFU	2
fam_005871	tr|Q4WIE9|Q4WIE9_ASPFU	3
fam_005872	tr|Q4WMB4|Q4WMB4_ASPFU	5
fam_005873	tr|Q4WRX7|Q4WRX7_ASPFU	4
fam_005874	tr|Q4WU99|Q4WU99_ASPFU	5
fam_005875	tr|Q4WVP3|Q4WVP3_ASPFU	2
fam_005876	tr|Q4WWL6|Q4WWL6_ASPFU	4
fam_005877	tr|Q4WXM4|Q4WXM4_ASPFU	2
fam_005878	tr|Q4WYC3|Q4WYC3_ASPFU	5
fam_005879	tr|Q4WYE1|Q4WYE1_ASPFU	2
fam_005880	tr|Q4X0I1|Q4X0I1_ASPFU	4
fam_005881	tr|Q4X1N7|Q4X1N7_ASPFU	4
fam_005882	tr|Q4X201|Q4X201_ASPFU	2
fam_005883	sp|Q4W9T6|RGLA_ASPFU	4
fam_005884	tr|Q4WAG8|Q4WAG8_ASPFU	3
fam_005885	tr|Q4WAT5|Q4WAT5_ASPFU	8
fam_005886	tr|Q4WB36|Q4WB36_ASPFU	6
fam_005887	tr|Q4WB65|Q4WB65_ASPFU	18
fam_005888	tr|Q4WB94|Q4WB94_ASPFU	5
fam_005889	tr|Q4WCE0|Q4WCE0_ASPFU	5
fam_005890	tr|Q4WFK2|Q4WFK2_ASPFU	2
fam_005891	tr|Q4WG55|Q4WG55_ASPFU	4
fam_005892	tr|Q4WJK2|Q4WJK2_ASPFU	2
fam_005893	tr|Q4WP75|Q4WP75_ASPFU	2
fam_005894	tr|Q4WSY8|Q4WSY8_ASPFU	4
fam_005895	sp|Q4WUT7|TRM61_ASPFU	5
fam_005896	tr|Q4WXN8|Q4WXN8_ASPFU	2
fam_005897	tr|Q4WY01|Q4WY01_ASPFU	3
fam_005898	tr|Q4WY83|Q4WY83_ASPFU	3
fam_005899	tr|Q4WY91|Q4WY91_ASPFU	3
fam_005900	tr|Q4X0V4|Q4X0V4_ASPFU	2
fam_005901	tr|Q4X1L9|Q4X1L9_ASPFU	2
fam_005902	tr|H9CJQ1|H9CJQ1_ASPFU	2
fam_005903	tr|Q4WBM0|Q4WBM0_ASPFU	2
fam_005904	tr|Q4WBR5|Q4WBR5_ASPFU	2
fam_005905	tr|Q4WDM7|Q4WDM7_ASPFU	3
fam_005906	sp|Q4WEP7|CHIA1_ASPFU	2
fam_005907	tr|Q4WF42|Q4WF42_ASPFU	3
fam_005908	tr|Q4WH62|Q4WH62_ASPFU	2
fam_005909	tr|Q4WJC1|Q4WJC1_ASPFU	9
fam_005910	tr|Q4WKP5|Q4WKP5_ASPFU	5
fam_005911	tr|Q4WN49|Q4WN49_ASPFU	2
fam_005912	tr|Q4WNM3|Q4WNM3_ASPFU	3
fam_005913	tr|Q4WWH8|Q4WWH8_ASPFU	4
fam_005914	tr|Q4WZ10|Q4WZ10_ASPFU	43
fam_005915	tr|Q4X1S0|Q4X1S0_ASPFU	5
fam_005916	tr|Q4WAL6|Q4WAL6_ASPFU	11
fam_005917	tr|Q4WCZ1|Q4WCZ1_ASPFU	5
fam_005918	tr|Q4WHC9|Q4WHC9_ASPFU	5
fam_005919	tr|Q4WHH3|Q4WHH3_ASPFU	2
fam_005920	tr|Q4WKH0|Q4WKH0_ASPFU	3
fam_005921	tr|Q4WLW3|Q4WLW3_ASPFU	6
fam_005922	tr|Q4WN15|Q4WN15_ASPFU	2
fam_005923	tr|Q4WNH6|Q4WNH6_ASPFU	5
fam_005924	tr|Q4WNX7|Q4WNX7_ASPFU	4
fam_005925	sp|Q4WPU9|YA530_ASPFU	2
fam_005926	tr|Q4WQA0|Q4WQA0_ASPFU	2
fam_005927	tr|Q4WW31|Q4WW31_ASPFU	5
fam_005928	sp|Q4WY69|ROGA_ASPFU	5
fam_005929	tr|J3K406|J3K406_COCIM	4
fam_005930	tr|J3K779|J3K779_COCIM	2
fam_005931	tr|J3KEM0|J3KEM0_COCIM	2
fam_005932	tr|J3KFY5|J3KFY5_COCIM	2
fam_005933	tr|J3KH68|J3KH68_COCIM	2
fam_005934	tr|J3KJP0|J3KJP0_COCIM	5
fam_005935	tr|J3KLP3|J3KLP3_COCIM	2
fam_005936	tr|J3KLW2|J3KLW2_COCIM	4
fam_005937	tr|A0A0E1RUL7|A0A0E1RUL7_COCIM	3
fam_005938	tr|A0A0E1RX16|A0A0E1RX16_COCIM	5
fam_005939	tr|J3K0X1|J3K0X1_COCIM	2
fam_005940	tr|J3K425|J3K425_COCIM	3
fam_005941	tr|J3K5K4|J3K5K4_COCIM	4
fam_005942	tr|J3K9P6|J3K9P6_COCIM	3
fam_005943	tr|J3K9Z0|J3K9Z0_COCIM	4
fam_005944	tr|J3KBA9|J3KBA9_COCIM	2
fam_005945	tr|J3KBT9|J3KBT9_COCIM	3
fam_005946	tr|J3KCN7|J3KCN7_COCIM	4
fam_005947	tr|J3KE24|J3KE24_COCIM	2
fam_005948	tr|J3KEF6|J3KEF6_COCIM	3
fam_005949	tr|J3KEL3|J3KEL3_COCIM	5
fam_005950	tr|J3KF07|J3KF07_COCIM	3
fam_005951	tr|J3KHR6|J3KHR6_COCIM	5
fam_005952	tr|Q1E2H8|Q1E2H8_COCIM	2
fam_005953	sp|Q1E702|ATG2_COCIM	5
fam_005954	tr|A0A0D8JT09|A0A0D8JT09_COCIM	5
fam_005955	tr|A0A0D8JUU3|A0A0D8JUU3_COCIM	5
fam_005956	tr|A0A0D8JWZ3|A0A0D8JWZ3_COCIM	4
fam_005957	tr|A0A0E1RVV8|A0A0E1RVV8_COCIM	5
fam_005958	tr|A0A0E1RVW9|A0A0E1RVW9_COCIM	2
fam_005959	tr|A0A0E1RZ99|A0A0E1RZ99_COCIM	2
fam_005960	tr|A0A0E1RZW0|A0A0E1RZW0_COCIM	2
fam_005961	tr|J3K869|J3K869_COCIM	4
fam_005962	tr|J3KBA1|J3KBA1_COCIM	4
fam_005963	tr|J3KD92|J3KD92_COCIM	1
fam_005964	tr|J3K4V6|J3K4V6_COCIM	1
fam_005965	tr|J3KDR2|J3KDR2_COCIM	3
fam_005966	tr|J3KEL1|J3KEL1_COCIM	3
fam_005967	tr|J3KG87|J3KG87_COCIM	5
fam_005968	tr|J3KH05|J3KH05_COCIM	2
fam_005969	tr|J3KHB1|J3KHB1_COCIM	2
fam_005970	tr|A0A0D8JTT5|A0A0D8JTT5_COCIM	3
fam_005971	tr|A0A0D8JWC6|A0A0D8JWC6_COCIM	5
fam_005972	tr|A0A0E1RUR1|A0A0E1RUR1_COCIM	2
fam_005973	tr|A0A0E1RVD1|A0A0E1RVD1_COCIM	7
fam_005974	tr|A0A0E1RWA1|A0A0E1RWA1_COCIM	4
fam_005975	tr|A0A0E1S005|A0A0E1S005_COCIM	4
fam_005976	tr|J3K5Y6|J3K5Y6_COCIM	2
fam_005977	tr|J3K6X9|J3K6X9_COCIM	3
fam_005978	tr|J3K7K3|J3K7K3_COCIM	5
fam_005979	tr|J3K7X5|J3K7X5_COCIM	3
fam_005980	tr|J3KB08|J3KB08_COCIM	2
fam_005981	tr|J3KBP1|J3KBP1_COCIM	2
fam_005982	tr|J3KD44|J3KD44_COCIM	5
fam_005983	tr|J3KET7|J3KET7_COCIM	2
fam_005984	tr|J3KFI1|J3KFI1_COCIM	1
fam_005985	tr|J3KG73|J3KG73_COCIM	2
fam_005986	tr|J3KGL9|J3KGL9_COCIM	5
fam_005987	tr|J3KGV0|J3KGV0_COCIM	4
fam_005988	tr|J3KIC0|J3KIC0_COCIM	2
fam_005989	tr|A0A0D8JU88|A0A0D8JU88_COCIM	4
fam_005990	tr|A0A0D8JUS3|A0A0D8JUS3_COCIM	5
fam_005991	tr|A0A0D8JVH4|A0A0D8JVH4_COCIM	5
fam_005992	tr|A0A0E1RW68|A0A0E1RW68_COCIM	2
fam_005993	tr|J3K7C3|J3K7C3_COCIM	4
fam_005994	tr|J3KC91|J3KC91_COCIM	2
fam_005995	tr|J3KCB1|J3KCB1_COCIM	5
fam_005996	tr|J3KFN0|J3KFN0_COCIM	3
fam_005997	tr|J3KHE5|J3KHE5_COCIM	16
fam_005998	tr|J3KIH1|J3KIH1_COCIM	5
fam_005999	tr|J3KIX4|J3KIX4_COCIM	3
fam_006000	tr|A0A0D8JSR1|A0A0D8JSR1_COCIM	2
fam_006001	tr|A0A0D8JU85|A0A0D8JU85_COCIM	13
fam_006002	tr|A0A0E1S137|A0A0E1S137_COCIM	2
fam_006003	tr|J3K6H6|J3K6H6_COCIM	3
fam_006004	tr|J3K7H7|J3K7H7_COCIM	5
fam_006005	tr|J3K8G0|J3K8G0_COCIM	5
fam_006006	tr|J3K9Q5|J3K9Q5_COCIM	3
fam_006007	tr|J3KAF4|J3KAF4_COCIM	2
fam_006008	tr|J3KC42|J3KC42_COCIM	5
fam_006009	tr|J3KDV9|J3KDV9_COCIM	4
fam_006010	tr|J3KJP5|J3KJP5_COCIM	2
fam_006011	tr|J3KJQ3|J3KJQ3_COCIM	5
fam_006012	tr|A0A0E1RVT3|A0A0E1RVT3_COCIM	3
fam_006013	tr|A0A0E1RWW8|A0A0E1RWW8_COCIM	2
fam_006014	tr|A0A0E1RYK7|A0A0E1RYK7_COCIM	2
fam_006015	tr|A0A0E1S081|A0A0E1S081_COCIM	6
fam_006016	tr|A0A0E1S1Y0|A0A0E1S1Y0_COCIM	2
fam_006017	tr|J3K1P5|J3K1P5_COCIM	2
fam_006018	tr|J3K3Q5|J3K3Q5_COCIM	5
fam_006019	tr|J3K4V2|J3K4V2_COCIM	5
fam_006020	tr|J3K799|J3K799_COCIM	5
fam_006021	tr|J3K9W2|J3K9W2_COCIM	5
fam_006022	tr|J3KC47|J3KC47_COCIM	3
fam_006023	tr|J3KCY0|J3KCY0_COCIM	5
fam_006024	tr|J3KDA5|J3KDA5_COCIM	5
fam_006025	tr|J3KE91|J3KE91_COCIM	3
fam_006026	tr|J3KEV0|J3KEV0_COCIM	4
fam_006027	tr|J3KGC2|J3KGC2_COCIM	2
fam_006028	tr|J3KI73|J3KI73_COCIM	4
fam_006029	tr|A0A0D8JTG3|A0A0D8JTG3_COCIM	4
fam_006030	tr|A0A0E1RWQ8|A0A0E1RWQ8_COCIM	2
fam_006031	tr|A0A0E1RXR2|A0A0E1RXR2_COCIM	5
fam_006032	tr|A0A0E1RXT5|A0A0E1RXT5_COCIM	4
fam_006033	tr|A0A0E1S1W4|A0A0E1S1W4_COCIM	5
fam_006034	tr|A0A0E1S274|A0A0E1S274_COCIM	4
fam_006035	sp|D2YW48|GST_COCIM	3
fam_006036	tr|J0HHG5|J0HHG5_COCIM	2
fam_006037	tr|J3K1R2|J3K1R2_COCIM	4
fam_006038	tr|J3K273|J3K273_COCIM	5
fam_006039	tr|J3K4Q0|J3K4Q0_COCIM	4
fam_006040	tr|J3K9F6|J3K9F6_COCIM	2
fam_006041	tr|J3KA40|J3KA40_COCIM	3
fam_006042	tr|J3KAP0|J3KAP0_COCIM	11
fam_006043	tr|J3KAZ4|J3KAZ4_COCIM	5
fam_006044	tr|J3KB16|J3KB16_COCIM	3
fam_006045	tr|J3KD10|J3KD10_COCIM	10
fam_006046	tr|J3KE93|J3KE93_COCIM	4
fam_006047	tr|J3KFU0|J3KFU0_COCIM	3
fam_006048	tr|J3KHG0|J3KHG0_COCIM	2
fam_006049	tr|J3KIG4|J3KIG4_COCIM	3
fam_006050	tr|J3KJK8|J3KJK8_COCIM	5
fam_006051	tr|J3KKI6|J3KKI6_COCIM	4
fam_006052	tr|A0A0D8JUI8|A0A0D8JUI8_COCIM	4
fam_006053	tr|A0A0D8JVT0|A0A0D8JVT0_COCIM	3
fam_006054	tr|A0A0D8JWW0|A0A0D8JWW0_COCIM	5
fam_006055	tr|A0A0E1RVD8|A0A0E1RVD8_COCIM	4
fam_006056	sp|A0A0E1RWL5|COCJ_COCIM	2
fam_006057	tr|A0A0E1RWQ7|A0A0E1RWQ7_COCIM	2
fam_006058	tr|A0A0E1RY34|A0A0E1RY34_COCIM	4
fam_006059	tr|A0A0E1RYT2|A0A0E1RYT2_COCIM	3
fam_006060	tr|J3K4L2|J3K4L2_COCIM	6
fam_006061	tr|J3K511|J3K511_COCIM	5
fam_006062	tr|J3K8H9|J3K8H9_COCIM	3
fam_006063	tr|J3K9E2|J3K9E2_COCIM	4
fam_006064	tr|J3KFW1|J3KFW1_COCIM	2
fam_006065	tr|J3KGI6|J3KGI6_COCIM	2
fam_006066	tr|J3KLD1|J3KLD1_COCIM	2
fam_006067	tr|J3KLH7|J3KLH7_COCIM	2
fam_006068	sp|Q1DW80|DCL2_COCIM	3
fam_006069	tr|A0A0E1RUG2|A0A0E1RUG2_COCIM	2
fam_006070	tr|A0A0E1RUK7|A0A0E1RUK7_COCIM	6
fam_006071	tr|A0A0E1RV96|A0A0E1RV96_COCIM	3
fam_006072	tr|A0A0E1RVX9|A0A0E1RVX9_COCIM	4
fam_006073	tr|J3K3I3|J3K3I3_COCIM	4
fam_006074	tr|J3K5Y8|J3K5Y8_COCIM	5
fam_006075	tr|J3K6U3|J3K6U3_COCIM	2
fam_006076	tr|J3K8J6|J3K8J6_COCIM	2
fam_006077	tr|J3KBC2|J3KBC2_COCIM	4
fam_006078	tr|J3KD11|J3KD11_COCIM	5
fam_006079	tr|J3KFC8|J3KFC8_COCIM	2
fam_006080	tr|J3KGU4|J3KGU4_COCIM	2
fam_006081	tr|J3KHS2|J3KHS2_COCIM	4
fam_006082	tr|J3KK04|J3KK04_COCIM	4
fam_006083	tr|J3KK83|J3KK83_COCIM	5
fam_006084	sp|Q1EBC4|NOP16_COCIM	4
fam_006085	tr|A0A0D8JVI2|A0A0D8JVI2_COCIM	2
fam_006086	tr|A0A0D8JVN0|A0A0D8JVN0_COCIM	2
fam_006087	tr|A0A0E1RWQ6|A0A0E1RWQ6_COCIM	3
fam_006088	tr|A0A0E1S357|A0A0E1S357_COCIM	3
fam_006089	tr|A0A0E1S4A0|A0A0E1S4A0_COCIM	3
fam_006090	tr|J3K1Z8|J3K1Z8_COCIM	2
fam_006091	tr|J3K433|J3K433_COCIM	6
fam_006092	tr|J3K178|J3K178_COCIM	2
fam_006093	tr|J3K8R5|J3K8R5_COCIM	5
fam_006094	tr|J3KCP3|J3KCP3_COCIM	4
fam_006095	tr|J3KFT0|J3KFT0_COCIM	8
fam_006096	tr|J3KIC5|J3KIC5_COCIM	4
fam_006097	tr|J3KMB3|J3KMB3_COCIM	5
fam_006098	tr|A0A0E1RUR5|A0A0E1RUR5_COCIM	3
fam_006099	tr|F9WZ72|F9WZ72_ZYMTI	5
fam_006100	tr|F9WZN1|F9WZN1_ZYMTI	6
fam_006101	tr|F9X173|F9X173_ZYMTI	5
fam_006102	tr|F9X1N6|F9X1N6_ZYMTI	5
fam_006103	tr|F9X279|F9X279_ZYMTI	2
fam_006104	tr|F9X3Z6|F9X3Z6_ZYMTI	5
fam_006105	tr|F9X4E9|F9X4E9_ZYMTI	4
fam_006106	tr|F9XA38|F9XA38_ZYMTI	5
fam_006107	tr|F9XB45|F9XB45_ZYMTI	2
fam_006108	tr|F9XD60|F9XD60_ZYMTI	5
fam_006109	tr|F9XKL2|F9XKL2_ZYMTI	2
fam_006110	tr|F9XMK9|F9XMK9_ZYMTI	5
fam_006111	tr|F9XPB9|F9XPB9_ZYMTI	2
fam_006112	tr|F9XQZ4|F9XQZ4_ZYMTI	2
fam_006113	tr|F9WWG9|F9WWG9_ZYMTI	2
fam_006114	tr|F9WZF5|F9WZF5_ZYMTI	2
fam_006115	tr|F9WZR8|F9WZR8_ZYMTI	1
fam_006116	tr|F9X054|F9X054_ZYMTI	4
fam_006117	tr|F9X1H0|F9X1H0_ZYMTI	5
fam_006118	tr|F9X6Q8|F9X6Q8_ZYMTI	4
fam_006119	tr|F9X7E3|F9X7E3_ZYMTI	2
fam_006120	tr|F9X8S9|F9X8S9_ZYMTI	8
fam_006121	tr|F9XCG5|F9XCG5_ZYMTI	3
fam_006122	tr|F9XCU1|F9XCU1_ZYMTI	2
fam_006123	tr|F9XFY7|F9XFY7_ZYMTI	4
fam_006124	tr|F9XG99|F9XG99_ZYMTI	3
fam_006125	tr|F9XIC1|F9XIC1_ZYMTI	5
fam_006126	tr|F9XKZ2|F9XKZ2_ZYMTI	4
fam_006127	tr|F9XMU0|F9XMU0_ZYMTI	2
fam_006128	tr|F9XND4|F9XND4_ZYMTI	5
fam_006129	tr|F9XNG4|F9XNG4_ZYMTI	2
fam_006130	tr|F9XNV9|F9XNV9_ZYMTI	5
fam_006131	tr|F9WWJ0|F9WWJ0_ZYMTI	3
fam_006132	tr|F9WZ71|F9WZ71_ZYMTI	5
fam_006133	tr|F9X0H8|F9X0H8_ZYMTI	3
fam_006134	tr|F9X7V2|F9X7V2_ZYMTI	5
fam_006135	tr|F9X8Z9|F9X8Z9_ZYMTI	4
fam_006136	tr|F9XFV4|F9XFV4_ZYMTI	3
fam_006137	tr|Q4WCT8|Q4WCT8_ASPFU	2
fam_006138	sp|Q4WCV3|MRS2_ASPFU	3
fam_006139	sp|Q4WDD7|BRE1_ASPFU	5
fam_006140	tr|Q4WDN6|Q4WDN6_ASPFU	1
fam_006141	tr|Q4WA71|Q4WA71_ASPFU	1
fam_006142	tr|Q4WEC8|Q4WEC8_ASPFU	3
fam_006143	tr|Q4WGE9|Q4WGE9_ASPFU	3
fam_006144	tr|Q4WHE5|Q4WHE5_ASPFU	2
fam_006145	tr|Q4WHF4|Q4WHF4_ASPFU	4
fam_006146	tr|Q4WJY4|Q4WJY4_ASPFU	2
fam_006147	tr|Q4WLJ7|Q4WLJ7_ASPFU	2
fam_006148	tr|Q4WMP9|Q4WMP9_ASPFU	2
fam_006149	tr|Q4WRR9|Q4WRR9_ASPFU	2
fam_006150	tr|Q4WTX7|Q4WTX7_ASPFU	2
fam_006151	tr|Q4X0Z1|Q4X0Z1_ASPFU	3
fam_006152	tr|Q4X259|Q4X259_ASPFU	3
fam_006153	tr|A4D9H7|A4D9H7_ASPFU	2
fam_006154	tr|Q4WAL0|Q4WAL0_ASPFU	2
fam_006155	tr|Q4WAW0|Q4WAW0_ASPFU	2
fam_006156	tr|Q4WB72|Q4WB72_ASPFU	1
fam_006157	tr|Q4WSC3|Q4WSC3_ASPFU	1
fam_006158	tr|Q4WE81|Q4WE81_ASPFU	3
fam_006159	tr|Q4WE82|Q4WE82_ASPFU	2
fam_006160	tr|Q4WFW4|Q4WFW4_ASPFU	3
fam_006161	tr|Q4WLG2|Q4WLG2_ASPFU	2
fam_006162	tr|Q4WLM0|Q4WLM0_ASPFU	2
fam_006163	tr|Q4WN80|Q4WN80_ASPFU	5
fam_006164	sp|Q4WNQ6|MED5_ASPFU	4
fam_006165	tr|Q4WPW9|Q4WPW9_ASPFU	2
fam_006166	tr|Q4WQA7|Q4WQA7_ASPFU	5
fam_006167	tr|Q4WQE7|Q4WQE7_ASPFU	3
fam_006168	tr|Q4WQL8|Q4WQL8_ASPFU	5
fam_006169	tr|Q4WQM5|Q4WQM5_ASPFU	7
fam_006170	tr|Q4WRM1|Q4WRM1_ASPFU	2
fam_006171	tr|Q4WXM3|Q4WXM3_ASPFU	4
fam_006172	tr|Q4WYU5|Q4WYU5_ASPFU	3
fam_006173	sp|Q4WZ64|EASN_ASPFU	1
fam_006174	sp|Q4WLC9|PYR7_ASPFU	1
fam_006175	sp|A4GYZ0|GLIG_ASPFU	2
fam_006176	sp|Q4WA69|BGLK_ASPFU	9
fam_006177	tr|Q4WEA0|Q4WEA0_ASPFU	3
fam_006178	sp|Q4WGB7|MSH3_ASPFU	5
fam_006179	tr|Q4WK49|Q4WK49_ASPFU	3
fam_006180	sp|Q4WN10|NCAA_ASPFU	2
fam_006181	tr|Q4WQR2|Q4WQR2_ASPFU	2
fam_006182	tr|Q4WRM8|Q4WRM8_ASPFU	5
fam_006183	tr|Q4WTH8|Q4WTH8_ASPFU	5
fam_006184	tr|Q4WTR2|Q4WTR2_ASPFU	5
fam_006185	tr|Q4WVU4|Q4WVU4_ASPFU	4
fam_006186	tr|Q4WVZ1|Q4WVZ1_ASPFU	6
fam_006187	tr|Q4WX25|Q4WX25_ASPFU	5
fam_006188	tr|Q4WXE2|Q4WXE2_ASPFU	3
fam_006189	tr|Q4WYS0|Q4WYS0_ASPFU	4
fam_006190	tr|Q4WZH4|Q4WZH4_ASPFU	3
fam_006191	tr|Q4WZM8|Q4WZM8_ASPFU	4
fam_006192	tr|Q4WYB3|Q4WYB3_ASPFU	3
fam_006193	tr|Q4WYK3|Q4WYK3_ASPFU	4
fam_006194	tr|A4D9P8|A4D9P8_ASPFU	2
fam_006195	sp|A4D9Q8|SKN7_ASPFU	4
fam_006196	tr|A4D9Z1|A4D9Z1_ASPFU	2
fam_006197	sp|Q4WAZ2|FMAE_ASPFU	4
fam_006198	tr|Q4WBJ2|Q4WBJ2_ASPFU	2
fam_006199	tr|Q4WG94|Q4WG94_ASPFU	3
fam_006200	tr|Q4WJ71|Q4WJ71_ASPFU	5
fam_006201	tr|Q4WJF1|Q4WJF1_ASPFU	5
fam_006202	sp|Q4WK77|LCL3_ASPFU	2
fam_006203	tr|Q4WKB0|Q4WKB0_ASPFU	5
fam_006204	tr|Q4WKJ3|Q4WKJ3_ASPFU	3
fam_006205	tr|Q4WLQ8|Q4WLQ8_ASPFU	5
fam_006206	tr|Q4WM01|Q4WM01_ASPFU	6
fam_006207	tr|Q4WNC5|Q4WNC5_ASPFU	5
fam_006208	tr|Q4WQ78|Q4WQ78_ASPFU	5
fam_006209	sp|Q4WR23|HELD2_ASPFU	2
fam_006210	tr|Q4WU25|Q4WU25_ASPFU	6
fam_006211	tr|Q4WV17|Q4WV17_ASPFU	4
fam_006212	tr|Q4WZS9|Q4WZS9_ASPFU	2
fam_006213	tr|Q4X032|Q4X032_ASPFU	3
fam_006214	tr|Q4X0R7|Q4X0R7_ASPFU	2
fam_006215	tr|Q4X0T1|Q4X0T1_ASPFU	5
fam_006216	tr|Q4X110|Q4X110_ASPFU	13
fam_006217	tr|Q4X111|Q4X111_ASPFU	5
fam_006218	sp|Q4X1I8|TIM21_ASPFU	3
fam_006219	tr|Q4WC98|Q4WC98_ASPFU	5
fam_006220	tr|Q4WCK2|Q4WCK2_ASPFU	4
fam_006221	tr|Q4WDL4|Q4WDL4_ASPFU	5
fam_006222	tr|Q4WFX8|Q4WFX8_ASPFU	3
fam_006223	tr|Q4WGB1|Q4WGB1_ASPFU	2
fam_006224	tr|Q4WHY2|Q4WHY2_ASPFU	5
fam_006225	tr|Q4WKE4|Q4WKE4_ASPFU	3
fam_006226	tr|Q4WL03|Q4WL03_ASPFU	10
fam_006227	tr|Q4WLG7|Q4WLG7_ASPFU	14
fam_006228	tr|Q4WNV2|Q4WNV2_ASPFU	2
fam_006229	tr|Q4WQ22|Q4WQ22_ASPFU	5
fam_006230	tr|Q4WQ28|Q4WQ28_ASPFU	4
fam_006231	tr|Q4WQD5|Q4WQD5_ASPFU	4
fam_006232	tr|Q4WSS3|Q4WSS3_ASPFU	3
fam_006233	tr|Q4WTI7|Q4WTI7_ASPFU	2
fam_006234	tr|Q4WTL6|Q4WTL6_ASPFU	2
fam_006235	tr|Q4WTP1|Q4WTP1_ASPFU	3
fam_006236	tr|Q4WWJ2|Q4WWJ2_ASPFU	4
fam_006237	tr|Q4WX37|Q4WX37_ASPFU	4
fam_006238	tr|Q4WXL8|Q4WXL8_ASPFU	4
fam_006239	tr|Q4WYT5|Q4WYT5_ASPFU	2
fam_006240	tr|Q4WZ03|Q4WZ03_ASPFU	4
fam_006241	sp|Q873N1|GWT1_ASPFU	5
fam_006242	tr|A4D9H9|A4D9H9_ASPFU	3
fam_006243	tr|A4D9I4|A4D9I4_ASPFU	2
fam_006244	tr|A4D9X1|A4D9X1_ASPFU	5
fam_006245	tr|Q4W9D5|Q4W9D5_ASPFU	14
fam_006246	tr|Q4W9I9|Q4W9I9_ASPFU	4
fam_006247	tr|Q4W9N6|Q4W9N6_ASPFU	4
fam_006248	tr|Q4WAK9|Q4WAK9_ASPFU	7
fam_006249	tr|Q4WBX6|Q4WBX6_ASPFU	2
fam_006250	tr|Q4WBY3|Q4WBY3_ASPFU	1
fam_006251	tr|Q4WH75|Q4WH75_ASPFU	1
fam_006252	sp|Q4WD95|SEC16_ASPFU	5
fam_006253	tr|Q4WEZ3|Q4WEZ3_ASPFU	3
fam_006254	tr|Q4WHR7|Q4WHR7_ASPFU	4
fam_006255	tr|Q4WM85|Q4WM85_ASPFU	2
fam_006256	tr|Q4X1B7|Q4X1B7_ASPFU	1
fam_006257	tr|Q4WMZ5|Q4WMZ5_ASPFU	5
fam_006258	tr|Q4WPW4|Q4WPW4_ASPFU	4
fam_006259	tr|Q4WSW3|Q4WSW3_ASPFU	5
fam_006260	tr|Q4X039|Q4X039_ASPFU	2
fam_006261	tr|Q4X0B6|Q4X0B6_ASPFU	4
fam_006262	tr|Q4WDB3|Q4WDB3_ASPFU	2
fam_006263	tr|Q4WDY6|Q4WDY6_ASPFU	3
fam_006264	tr|Q4WIY6|Q4WIY6_ASPFU	2
fam_006265	sp|Q4WJH6|MED10_ASPFU	2
fam_006266	tr|Q4WKT5|Q4WKT5_ASPFU	1
fam_006267	tr|Q4WB77|Q4WB77_ASPFU	1
fam_006268	tr|Q4WLQ4|Q4WLQ4_ASPFU	4
fam_006269	tr|Q4WM98|Q4WM98_ASPFU	5
fam_006270	tr|Q4WMD0|Q4WMD0_ASPFU	5
fam_006271	tr|Q4WNH2|Q4WNH2_ASPFU	5
fam_006272	tr|Q4WNK8|Q4WNK8_ASPFU	2
fam_006273	tr|Q4WNR5|Q4WNR5_ASPFU	5
fam_006274	tr|Q4WPU0|Q4WPU0_ASPFU	4
fam_006275	tr|Q4WQ80|Q4WQ80_ASPFU	4
fam_006276	tr|Q4WT16|Q4WT16_ASPFU	8
fam_006277	tr|Q4WTD0|Q4WTD0_ASPFU	4
fam_006278	tr|Q4WYH9|Q4WYH9_ASPFU	2
fam_006279	tr|Q4WYK8|Q4WYK8_ASPFU	5
fam_006280	tr|Q4X0V1|Q4X0V1_ASPFU	5
fam_006281	tr|Q4X271|Q4X271_ASPFU	3
fam_006282	tr|Q4X272|Q4X272_ASPFU	4
fam_006283	tr|E9R7B2|E9R7B2_ASPFU	3
fam_006284	tr|Q4WAI0|Q4WAI0_ASPFU	3
fam_006285	tr|Q4WBW1|Q4WBW1_ASPFU	1
fam_006286	tr|Q4WA63|Q4WA63_ASPFU	1
fam_006287	tr|Q4WCY4|Q4WCY4_ASPFU	2
fam_006288	tr|Q4WDE4|Q4WDE4_ASPFU	2
fam_006289	tr|Q4WFA5|Q4WFA5_ASPFU	2
fam_006290	tr|Q4WFE2|Q4WFE2_ASPFU	3
fam_006291	tr|Q4WJ61|Q4WJ61_ASPFU	4
fam_006292	tr|Q4WNF3|Q4WNF3_ASPFU	4
fam_006293	tr|Q4WRH0|Q4WRH0_ASPFU	3
fam_006294	tr|Q4WRI1|Q4WRI1_ASPFU	6
fam_006295	tr|Q4WRN4|Q4WRN4_ASPFU	2
fam_006296	tr|Q4WSJ6|Q4WSJ6_ASPFU	3
fam_006297	tr|Q4WTC6|Q4WTC6_ASPFU	2
fam_006298	tr|Q4WTF5|Q4WTF5_ASPFU	5
fam_006299	tr|Q4WXB2|Q4WXB2_ASPFU	4
fam_006300	tr|Q4X0D2|Q4X0D2_ASPFU	2
fam_006301	tr|Q4X0E9|Q4X0E9_ASPFU	4
fam_006302	tr|Q4X0N3|Q4X0N3_ASPFU	5
fam_006303	tr|Q4X0T2|Q4X0T2_ASPFU	2
fam_006304	tr|Q4X283|Q4X283_ASPFU	2
fam_006305	tr|A4D9J8|A4D9J8_ASPFU	3
fam_006306	tr|A4D9V5|A4D9V5_ASPFU	7
fam_006307	tr|A4D9W8|A4D9W8_ASPFU	3
fam_006308	tr|E9QYY1|E9QYY1_ASPFU	15
fam_006309	tr|H9CJQ6|H9CJQ6_ASPFU	2
fam_006310	tr|Q4WAA4|Q4WAA4_ASPFU	3
fam_006311	tr|Q4WB15|Q4WB15_ASPFU	7
fam_006312	tr|Q4WFJ8|Q4WFJ8_ASPFU	2
fam_006313	tr|Q4WGE0|Q4WGE0_ASPFU	2
fam_006314	tr|Q4WGX8|Q4WGX8_ASPFU	4
fam_006315	tr|Q4WKS4|Q4WKS4_ASPFU	4
fam_006316	tr|Q4WML1|Q4WML1_ASPFU	4
fam_006317	tr|Q4WPP5|Q4WPP5_ASPFU	5
fam_006318	tr|Q4WQ12|Q4WQ12_ASPFU	5
fam_006319	tr|Q4WQL9|Q4WQL9_ASPFU	2
fam_006320	tr|Q4WQR0|Q4WQR0_ASPFU	5
fam_006321	tr|Q4WR66|Q4WR66_ASPFU	3
fam_006322	tr|Q4WU55|Q4WU55_ASPFU	2
fam_006323	sp|Q4WX36|NSA2_ASPFU	5
fam_006324	tr|Q4WYC2|Q4WYC2_ASPFU	2
fam_006325	tr|Q4WZJ1|Q4WZJ1_ASPFU	5
fam_006326	tr|Q4X1Z8|Q4X1Z8_ASPFU	5
fam_006327	tr|Q4W8Z1|Q4W8Z1_ASPFU	5
fam_006328	tr|Q4W9K9|Q4W9K9_ASPFU	2
fam_006329	tr|Q4WCD2|Q4WCD2_ASPFU	4
fam_006330	tr|Q4WDC6|Q4WDC6_ASPFU	2
fam_006331	tr|Q4WE30|Q4WE30_ASPFU	2
fam_006332	tr|Q4WFF0|Q4WFF0_ASPFU	1
fam_006333	tr|Q4W9G1|Q4W9G1_ASPFU	1
fam_006334	tr|Q4WG63|Q4WG63_ASPFU	2
fam_006335	tr|Q4WGA3|Q4WGA3_ASPFU	6
fam_006336	tr|Q4WJH0|Q4WJH0_ASPFU	3
fam_006337	tr|Q4WLC6|Q4WLC6_ASPFU	2
fam_006338	tr|Q4WMS7|Q4WMS7_ASPFU	2
fam_006339	tr|Q4WN04|Q4WN04_ASPFU	2
fam_006340	tr|Q4WVN8|Q4WVN8_ASPFU	4
fam_006341	tr|Q4WW19|Q4WW19_ASPFU	4
fam_006342	tr|Q4WXZ7|Q4WXZ7_ASPFU	3
fam_006343	tr|Q4WYX2|Q4WYX2_ASPFU	4
fam_006344	tr|Q4X1I6|Q4X1I6_ASPFU	4
fam_006345	tr|Q4WA79|Q4WA79_ASPFU	2
fam_006346	tr|Q4WBC2|Q4WBC2_ASPFU	7
fam_006347	tr|Q4WDB8|Q4WDB8_ASPFU	5
fam_006348	tr|Q4WGD0|Q4WGD0_ASPFU	5
fam_006349	tr|Q4WGN8|Q4WGN8_ASPFU	4
fam_006350	tr|Q4WID4|Q4WID4_ASPFU	3
fam_006351	tr|Q4WK51|Q4WK51_ASPFU	4
fam_006352	tr|Q4WKD8|Q4WKD8_ASPFU	4
fam_006353	tr|Q4WLK3|Q4WLK3_ASPFU	2
fam_006354	sp|Q4WNG7|PNO1_ASPFU	5
fam_006355	tr|Q4WNL8|Q4WNL8_ASPFU	3
fam_006356	tr|Q4WNY1|Q4WNY1_ASPFU	3
fam_006357	tr|Q4WQJ4|Q4WQJ4_ASPFU	4
fam_006358	sp|Q4WR75|FREB_ASPFU	3
fam_006359	tr|Q4WSQ3|Q4WSQ3_ASPFU	2
fam_006360	tr|Q4WTE5|Q4WTE5_ASPFU	2
fam_006361	tr|Q4WTN0|Q4WTN0_ASPFU	5
fam_006362	tr|Q4WUY4|Q4WUY4_ASPFU	2
fam_006363	sp|Q4WVH3|SPB1_ASPFU	5
fam_006364	tr|Q4WVS8|Q4WVS8_ASPFU	10
fam_006365	tr|Q4WY37|Q4WY37_ASPFU	4
fam_006366	tr|Q4X1Z3|Q4X1Z3_ASPFU	7
fam_006367	sp|Q6MY91|DPH5_ASPFU	5
fam_006368	tr|Q4W929|Q4W929_ASPFU	2
fam_006369	tr|Q4W9X3|Q4W9X3_ASPFU	4
fam_006370	tr|Q4WAS8|Q4WAS8_ASPFU	2
fam_006371	sp|Q4WCH5|NOP12_ASPFU	4
fam_006372	tr|Q4WF89|Q4WF89_ASPFU	2
fam_006373	tr|Q4WPZ8|Q4WPZ8_ASPFU	2
fam_006374	tr|Q4WQB1|Q4WQB1_ASPFU	4
fam_006375	tr|Q4WQF4|Q4WQF4_ASPFU	2
fam_006376	tr|Q4WR96|Q4WR96_ASPFU	1
fam_006377	sp|Q4W9W8|SRBB_ASPFU	1
fam_006378	tr|Q4WT11|Q4WT11_ASPFU	5
fam_006379	tr|Q4WT91|Q4WT91_ASPFU	5
fam_006380	tr|Q4WTJ8|Q4WTJ8_ASPFU	5
fam_006381	tr|Q4WU97|Q4WU97_ASPFU	2
fam_006382	tr|Q4WVJ4|Q4WVJ4_ASPFU	2
fam_006383	sp|Q4WWC6|H2A_ASPFU	10
fam_006384	tr|Q4WX95|Q4WX95_ASPFU	2
fam_006385	tr|Q4WY28|Q4WY28_ASPFU	4
fam_006386	tr|Q4WYF2|Q4WYF2_ASPFU	3
fam_006387	tr|Q4WYY7|Q4WYY7_ASPFU	3
fam_006388	tr|Q4WZ87|Q4WZ87_ASPFU	4
fam_006389	tr|Q4X0D5|Q4X0D5_ASPFU	5
fam_006390	tr|Q4X0R1|Q4X0R1_ASPFU	2
fam_006391	tr|E9QWI4|E9QWI4_ASPFU	5
fam_006392	tr|Q4WCK6|Q4WCK6_ASPFU	2
fam_006393	tr|Q4WGH4|Q4WGH4_ASPFU	1
fam_006394	tr|Q4WF17|Q4WF17_ASPFU	1
fam_006395	tr|Q4WH93|Q4WH93_ASPFU	2
fam_006396	tr|Q4WIN3|Q4WIN3_ASPFU	2
fam_006397	tr|Q4WK27|Q4WK27_ASPFU	2
fam_006398	sp|Q4WK60|EXGA_ASPFU	4
fam_006399	tr|Q4WK64|Q4WK64_ASPFU	4
fam_006400	tr|Q4WKK6|Q4WKK6_ASPFU	5
fam_006401	tr|Q4WL96|Q4WL96_ASPFU	4
fam_006402	tr|Q4WPW0|Q4WPW0_ASPFU	2
fam_006403	sp|Q4WQL4|WETA_ASPFU	2
fam_006404	sp|Q4WR20|HELB3_ASPFU	4
fam_006405	tr|Q4WRC3|Q4WRC3_ASPFU	2
fam_006406	tr|Q4WRJ6|Q4WRJ6_ASPFU	2
fam_006407	sp|Q4WRX2|MDM12_ASPFU	4
fam_006408	sp|Q4WS76|ARO1_ASPFU	5
fam_006409	tr|Q4WU80|Q4WU80_ASPFU	2
fam_006410	tr|Q4WVL5|Q4WVL5_ASPFU	2
fam_006411	tr|Q4WYE3|Q4WYE3_ASPFU	4
fam_006412	tr|J3K8I3|J3K8I3_COCIM	2
fam_006413	tr|J3KGK3|J3KGK3_COCIM	5
fam_006414	tr|J3KK49|J3KK49_COCIM	3
fam_006415	tr|A0A0D8JTA7|A0A0D8JTA7_COCIM	3
fam_006416	tr|A0A0E1RUT9|A0A0E1RUT9_COCIM	2
fam_006417	tr|A0A0E1RV52|A0A0E1RV52_COCIM	4
fam_006418	tr|A0A0E1RWY0|A0A0E1RWY0_COCIM	3
fam_006419	tr|A0A0E1RX48|A0A0E1RX48_COCIM	2
fam_006420	tr|J3K1V0|J3K1V0_COCIM	8
fam_006421	tr|J3K701|J3K701_COCIM	2
fam_006422	tr|J3K743|J3K743_COCIM	4
fam_006423	tr|J3K9J3|J3K9J3_COCIM	2
fam_006424	tr|J3KBR7|J3KBR7_COCIM	4
fam_006425	tr|J3KDC7|J3KDC7_COCIM	2
fam_006426	tr|J3KDW0|J3KDW0_COCIM	2
fam_006427	tr|J3KF57|J3KF57_COCIM	3
fam_006428	tr|J3KGT0|J3KGT0_COCIM	2
fam_006429	tr|J3KHU1|J3KHU1_COCIM	5
fam_006430	tr|J3KL02|J3KL02_COCIM	2
fam_006431	sp|Q1E6D3|EIF3K_COCIM	4
fam_006432	tr|A0A0D8JV37|A0A0D8JV37_COCIM	7
fam_006433	tr|A0A0D8JWE3|A0A0D8JWE3_COCIM	2
fam_006434	tr|A0A0D8JWJ1|A0A0D8JWJ1_COCIM	4
fam_006435	tr|A0A0D8JZ37|A0A0D8JZ37_COCIM	5
fam_006436	tr|A0A0E1RWT8|A0A0E1RWT8_COCIM	4
fam_006437	tr|A0A0E1RYQ5|A0A0E1RYQ5_COCIM	2
fam_006438	tr|A0A0E1S0N9|A0A0E1S0N9_COCIM	2
fam_006439	tr|A0A0E1S0X2|A0A0E1S0X2_COCIM	2
fam_006440	tr|A0A0E1S5D2|A0A0E1S5D2_COCIM	2
fam_006441	tr|J3K319|J3K319_COCIM	2
fam_006442	tr|J3K7L6|J3K7L6_COCIM	2
fam_006443	tr|J3KJ51|J3KJ51_COCIM	4
fam_006444	tr|J3KJM3|J3KJM3_COCIM	2
fam_006445	tr|J3KJN5|J3KJN5_COCIM	2
fam_006446	tr|J3KJN8|J3KJN8_COCIM	5
fam_006447	tr|J3KKX2|J3KKX2_COCIM	3
fam_006448	tr|J3KLX6|J3KLX6_COCIM	3
fam_006449	tr|A0A0D8JTK7|A0A0D8JTK7_COCIM	2
fam_006450	tr|A0A0D8JUT0|A0A0D8JUT0_COCIM	5
fam_006451	tr|A0A0D8JV62|A0A0D8JV62_COCIM	4
fam_006452	tr|A0A0E1RYK6|A0A0E1RYK6_COCIM	2
fam_006453	tr|A0A0E1RZF5|A0A0E1RZF5_COCIM	2
fam_006454	tr|A0A0E1S2C8|A0A0E1S2C8_COCIM	5
fam_006455	tr|A0A0E1S412|A0A0E1S412_COCIM	4
fam_006456	tr|J3K1T6|J3K1T6_COCIM	4
fam_006457	tr|J3K1W5|J3K1W5_COCIM	4
fam_006458	tr|J3K204|J3K204_COCIM	3
fam_006459	tr|J3K215|J3K215_COCIM	5
fam_006460	tr|J3K3I8|J3K3I8_COCIM	3
fam_006461	tr|J3K6V6|J3K6V6_COCIM	2
fam_006462	tr|J3K7Q3|J3K7Q3_COCIM	5
fam_006463	tr|J3KB36|J3KB36_COCIM	4
fam_006464	tr|J3KH96|J3KH96_COCIM	5
fam_006465	tr|J3KJF6|J3KJF6_COCIM	3
fam_006466	tr|A0A0D8JRH9|A0A0D8JRH9_COCIM	2
fam_006467	tr|A0A0E1RV17|A0A0E1RV17_COCIM	5
fam_006468	tr|A0A0E1RXR0|A0A0E1RXR0_COCIM	2
fam_006469	tr|A0A0E1S056|A0A0E1S056_COCIM	2
fam_006470	tr|A0A0E1S0Z5|A0A0E1S0Z5_COCIM	2
fam_006471	tr|A0A0E1S147|A0A0E1S147_COCIM	4
fam_006472	tr|J3K0N7|J3K0N7_COCIM	1
fam_006473	tr|A0A0E1RXT9|A0A0E1RXT9_COCIM	1
fam_006474	tr|J3K0T5|J3K0T5_COCIM	9
fam_006475	tr|J3K1W9|J3K1W9_COCIM	4
fam_006476	tr|J3K498|J3K498_COCIM	4
fam_006477	tr|J3K4N3|J3K4N3_COCIM	2
fam_006478	tr|J3K2M4|J3K2M4_COCIM	2
fam_006479	tr|J3K9J7|J3K9J7_COCIM	4
fam_006480	tr|J3KAC7|J3KAC7_COCIM	6
fam_006481	tr|J3KBP0|J3KBP0_COCIM	5
fam_006482	tr|J3KCU3|J3KCU3_COCIM	4
fam_006483	tr|J3KDF9|J3KDF9_COCIM	17
fam_006484	tr|J3KE59|J3KE59_COCIM	2
fam_006485	tr|J3KEH7|J3KEH7_COCIM	5
fam_006486	tr|J3KEX6|J3KEX6_COCIM	4
fam_006487	tr|J3KFM8|J3KFM8_COCIM	5
fam_006488	tr|J3KI52|J3KI52_COCIM	4
fam_006489	tr|J3K3H6|J3K3H6_COCIM	5
fam_006490	tr|J3K6C3|J3K6C3_COCIM	2
fam_006491	tr|J3K6C8|J3K6C8_COCIM	5
fam_006492	tr|J3K6U8|J3K6U8_COCIM	3
fam_006493	tr|J3K761|J3K761_COCIM	3
fam_006494	tr|J3K7E6|J3K7E6_COCIM	10
fam_006495	tr|J3K864|J3K864_COCIM	5
fam_006496	tr|J3KE37|J3KE37_COCIM	5
fam_006497	tr|J3KE79|J3KE79_COCIM	4
fam_006498	tr|J3KEJ5|J3KEJ5_COCIM	4
fam_006499	tr|J3KJ43|J3KJ43_COCIM	6
fam_006500	tr|J3KLC2|J3KLC2_COCIM	4
fam_006501	tr|J3KLF3|J3KLF3_COCIM	2
fam_006502	sp|Q1DRN0|LSM6_COCIM	4
fam_006503	tr|A0A0D8JV47|A0A0D8JV47_COCIM	4
fam_006504	tr|A0A0E1RYG8|A0A0E1RYG8_COCIM	3
fam_006505	tr|A0A0E1S2N9|A0A0E1S2N9_COCIM	2
fam_006506	tr|J3K1M4|J3K1M4_COCIM	2
fam_006507	tr|J3K298|J3K298_COCIM	5
fam_006508	tr|J3K2I5|J3K2I5_COCIM	5
fam_006509	tr|J3K216|J3K216_COCIM	4
fam_006510	tr|J3K4N9|J3K4N9_COCIM	3
fam_006511	tr|J3K6U0|J3K6U0_COCIM	1
fam_006512	tr|J3KME3|J3KME3_COCIM	1
fam_006513	tr|J3K8F4|J3K8F4_COCIM	1
fam_006514	tr|A0A0D8JVD0|A0A0D8JVD0_COCIM	1
fam_006515	tr|J3KDJ9|J3KDJ9_COCIM	4
fam_006516	tr|J3KDQ6|J3KDQ6_COCIM	5
fam_006517	tr|J3KE82|J3KE82_COCIM	2
fam_006518	tr|J3KGF6|J3KGF6_COCIM	4
fam_006519	tr|J3KGW7|J3KGW7_COCIM	4
fam_006520	tr|J3KM04|J3KM04_COCIM	1
fam_006521	tr|A0A0E1RW92|A0A0E1RW92_COCIM	1
fam_006522	sp|Q1E3S4|FES1_COCIM	5
fam_006523	tr|A0A0D8JVF1|A0A0D8JVF1_COCIM	3
fam_006524	tr|J3K7E5|J3K7E5_COCIM	3
fam_006525	tr|J3K7K1|J3K7K1_COCIM	3
fam_006526	tr|J3K8F3|J3K8F3_COCIM	2
fam_006527	tr|J3K9F0|J3K9F0_COCIM	5
fam_006528	tr|J3K9Z9|J3K9Z9_COCIM	3
fam_006529	tr|J3KAK6|J3KAK6_COCIM	5
fam_006530	tr|J3KAL0|J3KAL0_COCIM	2
fam_006531	tr|J3KAU1|J3KAU1_COCIM	5
fam_006532	tr|J3KFP3|J3KFP3_COCIM	2
fam_006533	tr|J3KIU6|J3KIU6_COCIM	4
fam_006534	tr|J3KJL5|J3KJL5_COCIM	4
fam_006535	tr|J3KJN9|J3KJN9_COCIM	4
fam_006536	tr|J3KJW4|J3KJW4_COCIM	2
fam_006537	sp|P0CL20|HOGA1_COCIM	4
fam_006538	sp|Q1DNE5|ROT1_COCIM	3
fam_006539	sp|Q1E0G9|EFG1P_COCIM	3
fam_006540	tr|A0A0D8JTK3|A0A0D8JTK3_COCIM	2
fam_006541	tr|A0A0E1RUR6|A0A0E1RUR6_COCIM	4
fam_006542	tr|A0A0E1RVC5|A0A0E1RVC5_COCIM	5
fam_006543	tr|A0A0E1RW20|A0A0E1RW20_COCIM	2
fam_006544	tr|A0A0E1RY60|A0A0E1RY60_COCIM	3
fam_006545	tr|A0A0E1RYJ7|A0A0E1RYJ7_COCIM	5
fam_006546	tr|A0A0E1S0K1|A0A0E1S0K1_COCIM	6
fam_006547	tr|A0A0E1S1Z1|A0A0E1S1Z1_COCIM	5
fam_006548	tr|J3K5W9|J3K5W9_COCIM	5
fam_006549	tr|J3K926|J3K926_COCIM	4
fam_006550	tr|J3KB42|J3KB42_COCIM	3
fam_006551	tr|J3KBT4|J3KBT4_COCIM	2
fam_006552	tr|J3KE27|J3KE27_COCIM	3
fam_006553	tr|J3KHI8|J3KHI8_COCIM	2
fam_006554	tr|J3KIK1|J3KIK1_COCIM	2
fam_006555	tr|J3KJ33|J3KJ33_COCIM	5
fam_006556	tr|J3KK57|J3KK57_COCIM	3
fam_006557	tr|J3KLA2|J3KLA2_COCIM	5
fam_006558	tr|J3KLV0|J3KLV0_COCIM	2
fam_006559	sp|Q1DZQ0|SEC13_COCIM	4
fam_006560	tr|A0A0E1RXI7|A0A0E1RXI7_COCIM	2
fam_006561	tr|A0A0E1RXM6|A0A0E1RXM6_COCIM	4
fam_006562	tr|A0A0E1RYF7|A0A0E1RYF7_COCIM	3
fam_006563	tr|A0A0E1RYI5|A0A0E1RYI5_COCIM	3
fam_006564	tr|A0A0E1S0A8|A0A0E1S0A8_COCIM	5
fam_006565	tr|J3K237|J3K237_COCIM	2
fam_006566	tr|J3K3Q7|J3K3Q7_COCIM	3
fam_006567	tr|J3K748|J3K748_COCIM	6
fam_006568	tr|J3KB58|J3KB58_COCIM	3
fam_006569	tr|J3KD42|J3KD42_COCIM	6
fam_006570	tr|J3KEX8|J3KEX8_COCIM	2
fam_006571	tr|J3KIH6|J3KIH6_COCIM	2
fam_006572	tr|J3KLZ5|J3KLZ5_COCIM	3
fam_006573	sp|Q1DQS5|YAE1_COCIM	2
fam_006574	tr|A0A0D8JW14|A0A0D8JW14_COCIM	3
fam_006575	tr|A0A0D8JW95|A0A0D8JW95_COCIM	5
fam_006576	tr|A0A0E1RUZ3|A0A0E1RUZ3_COCIM	4
fam_006577	tr|A0A0E1RV36|A0A0E1RV36_COCIM	2
fam_006578	tr|A0A0E1RXW1|A0A0E1RXW1_COCIM	4
fam_006579	tr|A0A0E1S2L1|A0A0E1S2L1_COCIM	2
fam_006580	tr|J3K2Z1|J3K2Z1_COCIM	5
fam_006581	tr|J3K376|J3K376_COCIM	5
fam_006582	tr|J3K3A7|J3K3A7_COCIM	7
fam_006583	tr|J3K2L9|J3K2L9_COCIM	2
fam_006584	tr|J3K5N4|J3K5N4_COCIM	2
fam_006585	tr|J3K7I7|J3K7I7_COCIM	2
fam_006586	tr|J3K808|J3K808_COCIM	4
fam_006587	tr|J3KB90|J3KB90_COCIM	4
fam_006588	tr|J3KBN7|J3KBN7_COCIM	2
fam_006589	tr|A0A0E1RV60|A0A0E1RV60_COCIM	4
fam_006590	tr|A0A0E1RXU0|A0A0E1RXU0_COCIM	3
fam_006591	tr|A0A0E1S097|A0A0E1S097_COCIM	4
fam_006592	tr|J3K0U3|J3K0U3_COCIM	4
fam_006593	tr|J3K2D4|J3K2D4_COCIM	4
fam_006594	tr|J3K5Z1|J3K5Z1_COCIM	5
fam_006595	tr|J3K9F3|J3K9F3_COCIM	5
fam_006596	tr|J3KA61|J3KA61_COCIM	4
fam_006597	sp|J3KAR5|COCA_COCIM	7
fam_006598	tr|J3KBV7|J3KBV7_COCIM	5
fam_006599	tr|J3KD13|J3KD13_COCIM	2
fam_006600	tr|J3KEJ2|J3KEJ2_COCIM	3
fam_006601	tr|J3KEZ3|J3KEZ3_COCIM	3
fam_006602	tr|J3KGS5|J3KGS5_COCIM	2
fam_006603	tr|J3KIE5|J3KIE5_COCIM	2
fam_006604	tr|A0A0E1RVP7|A0A0E1RVP7_COCIM	3
fam_006605	tr|A0A0E1RVX3|A0A0E1RVX3_COCIM	4
fam_006606	tr|A0A0E1RXD6|A0A0E1RXD6_COCIM	3
fam_006607	tr|A0A0E1RXU8|A0A0E1RXU8_COCIM	3
fam_006608	tr|J3K172|J3K172_COCIM	4
fam_006609	tr|J3K1J9|J3K1J9_COCIM	15
fam_006610	tr|J3K365|J3K365_COCIM	5
fam_006611	tr|J3K4X9|J3K4X9_COCIM	4
fam_006612	tr|J3K4Z7|J3K4Z7_COCIM	5
fam_006613	tr|J3K6N8|J3K6N8_COCIM	4
fam_006614	tr|J3K8F1|J3K8F1_COCIM	4
fam_006615	tr|J3K905|J3K905_COCIM	4
fam_006616	tr|J3KEE9|J3KEE9_COCIM	4
fam_006617	tr|J3KEJ7|J3KEJ7_COCIM	4
fam_006618	tr|J3KH61|J3KH61_COCIM	5
fam_006619	tr|J3KHB7|J3KHB7_COCIM	2
fam_006620	tr|J3KHU3|J3KHU3_COCIM	5
fam_006621	tr|J3KLY9|J3KLY9_COCIM	5
fam_006622	sp|Q1DWP9|BST1_COCIM	5
fam_006623	tr|A0A0D8JTI3|A0A0D8JTI3_COCIM	3
fam_006624	tr|A0A0D8JUE2|A0A0D8JUE2_COCIM	3
fam_006625	tr|A0A0D8JXE0|A0A0D8JXE0_COCIM	2
fam_006626	tr|A0A0E1RUL1|A0A0E1RUL1_COCIM	3
fam_006627	tr|A0A0E1RVL9|A0A0E1RVL9_COCIM	5
fam_006628	tr|A0A0E1RWJ8|A0A0E1RWJ8_COCIM	2
fam_006629	tr|A0A0E1RZ96|A0A0E1RZ96_COCIM	5
fam_006630	tr|A0A0E1RZP8|A0A0E1RZP8_COCIM	4
fam_006631	tr|J3K0R9|J3K0R9_COCIM	3
fam_006632	tr|J3K2N4|J3K2N4_COCIM	5
fam_006633	tr|J3K2Z6|J3K2Z6_COCIM	3
fam_006634	tr|J3K315|J3K315_COCIM	1
fam_006635	tr|J3KD77|J3KD77_COCIM	2
fam_006636	tr|J3K490|J3K490_COCIM	4
fam_006637	tr|J3K4J2|J3K4J2_COCIM	2
fam_006638	tr|J3K6H2|J3K6H2_COCIM	2
fam_006639	tr|J3K6T4|J3K6T4_COCIM	5
fam_006640	tr|J3KB15|J3KB15_COCIM	5
fam_006641	tr|J3KBB7|J3KBB7_COCIM	4
fam_006642	tr|J3KCY9|J3KCY9_COCIM	4
fam_006643	tr|J3KEI8|J3KEI8_COCIM	3
fam_006644	tr|J3KJ09|J3KJ09_COCIM	2
fam_006645	tr|J3KJQ0|J3KJQ0_COCIM	2
fam_006646	tr|J3KJY0|J3KJY0_COCIM	5
fam_006647	tr|J3KLI2|J3KLI2_COCIM	2
fam_006648	tr|A0A0D8JW98|A0A0D8JW98_COCIM	5
fam_006649	tr|A0A0E1RUD4|A0A0E1RUD4_COCIM	5
fam_006650	tr|A0A0E1RVN2|A0A0E1RVN2_COCIM	3
fam_006651	tr|A0A0E1RWD8|A0A0E1RWD8_COCIM	3
fam_006652	tr|A0A0E1RYS4|A0A0E1RYS4_COCIM	2
fam_006653	tr|A0A0E1RYY7|A0A0E1RYY7_COCIM	2
fam_006654	tr|A0A0E1RZQ8|A0A0E1RZQ8_COCIM	5
fam_006655	tr|J3K746|J3K746_COCIM	5
fam_006656	tr|J3K8Z5|J3K8Z5_COCIM	5
fam_006657	tr|J3K989|J3K989_COCIM	3
fam_006658	tr|J3KB83|J3KB83_COCIM	3
fam_006659	tr|J3KGY1|J3KGY1_COCIM	5
fam_006660	tr|J3KH45|J3KH45_COCIM	2
fam_006661	tr|J3KK25|J3KK25_COCIM	4
fam_006662	tr|J3KK67|J3KK67_COCIM	2
fam_006663	tr|J3KL24|J3KL24_COCIM	3
fam_006664	tr|J3KM49|J3KM49_COCIM	2
fam_006665	tr|J3KM51|J3KM51_COCIM	2
fam_006666	sp|Q1DNW5|JIP5_COCIM	4
fam_006667	tr|A0A0D8JSH4|A0A0D8JSH4_COCIM	4
fam_006668	tr|A0A0E1RX74|A0A0E1RX74_COCIM	2
fam_006669	tr|A0A0E1S0E7|A0A0E1S0E7_COCIM	4
fam_006670	tr|A0A0E1S2Z6|A0A0E1S2Z6_COCIM	5
fam_006671	tr|A0A0E1S5H7|A0A0E1S5H7_COCIM	5
fam_006672	tr|J3K158|J3K158_COCIM	2
fam_006673	tr|A0ACF5C3W2|A0ACF5C3W2_9PEZI	5
fam_006674	tr|A0ACF5C7M6|A0ACF5C7M6_9PEZI	3
fam_006675	tr|A0ACF5C8T4|A0ACF5C8T4_9PEZI	4
fam_006676	tr|A0ACF5CCR7|A0ACF5CCR7_9PEZI	5
fam_006677	tr|A0ACF5CE30|A0ACF5CE30_9PEZI	5
fam_006678	tr|A0ACF5CFX9|A0ACF5CFX9_9PEZI	3
fam_006679	tr|A0ACF5BK81|A0ACF5BK81_9PEZI	2
fam_006680	tr|A0ACF5BKU2|A0ACF5BKU2_9PEZI	2
fam_006681	tr|A0ACF5BLR8|A0ACF5BLR8_9PEZI	4
fam_006682	tr|A0ACF5BME4|A0ACF5BME4_9PEZI	3
fam_006683	tr|A0ACF5BMZ8|A0ACF5BMZ8_9PEZI	5
fam_006684	tr|A0ACF5BNX4|A0ACF5BNX4_9PEZI	4
fam_006685	tr|A0ACF5BYN3|A0ACF5BYN3_9PEZI	2
fam_006686	tr|A0ACF5C034|A0ACF5C034_9PEZI	3
fam_006687	tr|A0ACF5C5Y9|A0ACF5C5Y9_9PEZI	2
fam_006688	tr|A0ACF5C8H0|A0ACF5C8H0_9PEZI	5
fam_006689	tr|A0ACF5C8L5|A0ACF5C8L5_9PEZI	10
fam_006690	tr|A0ACF5CBT5|A0ACF5CBT5_9PEZI	5
fam_006691	tr|A0ACF5CDC0|A0ACF5CDC0_9PEZI	11
fam_006692	tr|A0ACF5CEL4|A0ACF5CEL4_9PEZI	4
fam_006693	tr|A0ACF5CES0|A0ACF5CES0_9PEZI	10
fam_006694	tr|A0ACF5CG62|A0ACF5CG62_9PEZI	2
fam_006695	tr|A0ACF5BJK6|A0ACF5BJK6_9PEZI	5
fam_006696	tr|A0ACF5BL32|A0ACF5BL32_9PEZI	5
fam_006697	tr|A0ACF5C0H7|A0ACF5C0H7_9PEZI	1
fam_006698	tr|A0ACF5BRR7|A0ACF5BRR7_9PEZI	1
fam_006699	tr|A0ACF5C1W1|A0ACF5C1W1_9PEZI	3
fam_006700	tr|A0ACF5C2N0|A0ACF5C2N0_9PEZI	11
fam_006701	tr|A0ACF5C3C1|A0ACF5C3C1_9PEZI	4
fam_006702	tr|A0ACF5C5B0|A0ACF5C5B0_9PEZI	5
fam_006703	tr|A0ACF5C887|A0ACF5C887_9PEZI	5
fam_006704	tr|A0ACF5CA41|A0ACF5CA41_9PEZI	2
fam_006705	tr|A0ACF5CAP5|A0ACF5CAP5_9PEZI	5
fam_006706	tr|A0ACF5BQS5|A0ACF5BQS5_9PEZI	5
fam_006707	tr|A0ACF5BVA8|A0ACF5BVA8_9PEZI	2
fam_006708	tr|A0ACF5BW44|A0ACF5BW44_9PEZI	13
fam_006709	tr|A0ACF5BX65|A0ACF5BX65_9PEZI	5
fam_006710	tr|A0ACF5BYQ7|A0ACF5BYQ7_9PEZI	2
fam_006711	tr|A0ACF5BZ50|A0ACF5BZ50_9PEZI	6
fam_006712	tr|A0ACF5C0M4|A0ACF5C0M4_9PEZI	1
fam_006713	tr|A0ACF5BLD3|A0ACF5BLD3_9PEZI	1
fam_006714	tr|A0ACF5C374|A0ACF5C374_9PEZI	4
fam_006715	tr|A0ACF5C6L2|A0ACF5C6L2_9PEZI	5
fam_006716	tr|A0ACF5C9Z6|A0ACF5C9Z6_9PEZI	2
fam_006717	tr|A0ACF5CAX3|A0ACF5CAX3_9PEZI	5
fam_006718	tr|A0ACF5BRA5|A0ACF5BRA5_9PEZI	3
fam_006719	tr|A0ACF5BTC6|A0ACF5BTC6_9PEZI	6
fam_006720	tr|A0ACF5BUG2|A0ACF5BUG2_9PEZI	5
fam_006721	tr|A0ACF5BUH2|A0ACF5BUH2_9PEZI	5
fam_006722	tr|A0ACF5BVC3|A0ACF5BVC3_9PEZI	5
fam_006723	tr|A0ACF5C4S0|A0ACF5C4S0_9PEZI	5
fam_006724	tr|A0ACF5C6L0|A0ACF5C6L0_9PEZI	2
fam_006725	tr|A0ACF5C9E9|A0ACF5C9E9_9PEZI	8
fam_006726	tr|A0ACF5CAW6|A0ACF5CAW6_9PEZI	5
fam_006727	tr|A0ACF5CBN0|A0ACF5CBN0_9PEZI	5
fam_006728	tr|A0ACF5CCR2|A0ACF5CCR2_9PEZI	5
fam_006729	tr|A0ACF5CCS3|A0ACF5CCS3_9PEZI	5
fam_006730	tr|A0ACF5CF17|A0ACF5CF17_9PEZI	2
fam_006731	tr|A0ACF5CGQ8|A0ACF5CGQ8_9PEZI	5
fam_006732	tr|A0ACF5BLK8|A0ACF5BLK8_9PEZI	3
fam_006733	tr|A0ACF5C0A2|A0ACF5C0A2_9PEZI	1
fam_006734	tr|A0ACF5BR26|A0ACF5BR26_9PEZI	3
fam_006735	tr|A0ACF5BVN7|A0ACF5BVN7_9PEZI	5
fam_006736	tr|A0ACF5C6L3|A0ACF5C6L3_9PEZI	6
fam_006737	tr|A0ACF5CCT2|A0ACF5CCT2_9PEZI	5
fam_006738	tr|A0ACF5CCY0|A0ACF5CCY0_9PEZI	4
fam_006739	tr|A0ACF5CGE1|A0ACF5CGE1_9PEZI	3
fam_006740	tr|A0ACF5BI63|A0ACF5BI63_9PEZI	5
fam_006741	tr|A0ACF5BKT0|A0ACF5BKT0_9PEZI	5
fam_006742	tr|A0ACF5BL73|A0ACF5BL73_9PEZI	1
fam_006743	tr|A0ACF5BK60|A0ACF5BK60_9PEZI	1
fam_006744	tr|A0ACF5BL82|A0ACF5BL82_9PEZI	2
fam_006745	tr|A0ACF5BZQ9|A0ACF5BZQ9_9PEZI	7
fam_006746	tr|A0ACF5C4A1|A0ACF5C4A1_9PEZI	3
fam_006747	tr|A0ACF5C5E5|A0ACF5C5E5_9PEZI	5
fam_006748	tr|A0ACF5C7Y0|A0ACF5C7Y0_9PEZI	5
fam_006749	tr|A0ACF5CA02|A0ACF5CA02_9PEZI	4
fam_006750	tr|A0ACF5CAB8|A0ACF5CAB8_9PEZI	3
fam_006751	tr|A0ACF5CAR2|A0ACF5CAR2_9PEZI	5
fam_006752	tr|A0ACF5CFD7|A0ACF5CFD7_9PEZI	2
fam_006753	tr|A0ACF5CGC6|A0ACF5CGC6_9PEZI	2
fam_006754	tr|A0ACF5BSQ7|A0ACF5BSQ7_9PEZI	2
fam_006755	tr|A0ACF5BTZ1|A0ACF5BTZ1_9PEZI	3
fam_006756	tr|A0ACF5C3X0|A0ACF5C3X0_9PEZI	2
fam_006757	tr|A0ACF5C6P1|A0ACF5C6P1_9PEZI	1
fam_006758	tr|A0ACF5BKA2|A0ACF5BKA2_9PEZI	1
fam_006759	tr|A0ACF5C8B3|A0ACF5C8B3_9PEZI	5
fam_006760	tr|A0ACF5CA71|A0ACF5CA71_9PEZI	5
fam_006761	tr|A0ACF5CGP8|A0ACF5CGP8_9PEZI	4
fam_006762	tr|A0ACF5BI77|A0ACF5BI77_9PEZI	5
fam_006763	tr|Q4WVA4|Q4WVA4_ASPFU	4
fam_006764	tr|Q4WVN2|Q4WVN2_ASPFU	2
fam_006765	tr|Q4WWQ2|Q4WWQ2_ASPFU	5
fam_006766	sp|Q4WWW9|MOC2B_ASPFU	5
fam_006767	tr|Q4WXF3|Q4WXF3_ASPFU	2
fam_006768	tr|Q4WXL7|Q4WXL7_ASPFU	5
fam_006769	tr|Q4X0J5|Q4X0J5_ASPFU	5
fam_006770	tr|Q4X189|Q4X189_ASPFU	2
fam_006771	tr|Q4X1B9|Q4X1B9_ASPFU	5
fam_006772	sp|Q4X228|STUA_ASPFU	4
fam_006773	tr|A4D9V0|A4D9V0_ASPFU	4
fam_006774	tr|Q4WAI1|Q4WAI1_ASPFU	2
fam_006775	tr|Q4WDP2|Q4WDP2_ASPFU	2
fam_006776	tr|Q4WEK6|Q4WEK6_ASPFU	2
fam_006777	tr|Q4WFS1|Q4WFS1_ASPFU	3
fam_006778	tr|Q4WHE3|Q4WHE3_ASPFU	4
fam_006779	tr|Q4WHM9|Q4WHM9_ASPFU	5
fam_006780	tr|Q4WJ83|Q4WJ83_ASPFU	2
fam_006781	tr|Q4WLQ2|Q4WLQ2_ASPFU	2
fam_006782	tr|Q4WN23|Q4WN23_ASPFU	5
fam_006783	tr|Q4WNL9|Q4WNL9_ASPFU	3
fam_006784	tr|Q4WP34|Q4WP34_ASPFU	5
fam_006785	sp|Q4WQ08|ADMB_ASPFU	5
fam_006786	tr|Q4WRV7|Q4WRV7_ASPFU	5
fam_006787	tr|Q4WTJ6|Q4WTJ6_ASPFU	5
fam_006788	tr|Q4WTQ9|Q4WTQ9_ASPFU	4
fam_006789	tr|Q4WTS8|Q4WTS8_ASPFU	4
fam_006790	sp|Q4WUR1|PP2B_ASPFU	5
fam_006791	sp|Q4WV91|SREA_ASPFU	2
fam_006792	tr|J3K252|J3K252_COCIM	5
fam_006793	tr|J3K5N1|J3K5N1_COCIM	4
fam_006794	tr|J3K973|J3K973_COCIM	5
fam_006795	tr|J3K994|J3K994_COCIM	3
fam_006796	tr|J3K9J1|J3K9J1_COCIM	3
fam_006797	tr|J3KAP9|J3KAP9_COCIM	5
fam_006798	tr|J3KD17|J3KD17_COCIM	2
fam_006799	tr|J3KEX5|J3KEX5_COCIM	3
fam_006800	tr|J3KFQ2|J3KFQ2_COCIM	4
fam_006801	tr|J3KG07|J3KG07_COCIM	3
fam_006802	tr|J3KI62|J3KI62_COCIM	28
fam_006803	tr|J3KMB0|J3KMB0_COCIM	4
fam_006804	sp|Q1E170|EIF3E_COCIM	5
fam_006805	tr|A0A0E1RVB3|A0A0E1RVB3_COCIM	4
fam_006806	tr|A0A0E1RWR2|A0A0E1RWR2_COCIM	3
fam_006807	tr|A0A0E1RX02|A0A0E1RX02_COCIM	3
fam_006808	tr|A0A0E1RYV0|A0A0E1RYV0_COCIM	2
fam_006809	tr|A0A0E1RZ17|A0A0E1RZ17_COCIM	5
fam_006810	tr|A0A0E1S021|A0A0E1S021_COCIM	4
fam_006811	tr|A0A0E1S0D4|A0A0E1S0D4_COCIM	2
fam_006812	tr|J3K2C7|J3K2C7_COCIM	6
fam_006813	tr|J3K417|J3K417_COCIM	7
fam_006814	tr|J3K0C3|J3K0C3_COCIM	2
fam_006815	tr|J3K1B7|J3K1B7_COCIM	3
fam_006816	tr|J3K4C6|J3K4C6_COCIM	2
fam_006817	tr|J3K7Y4|J3K7Y4_COCIM	2
fam_006818	tr|J3KDP4|J3KDP4_COCIM	4
fam_006819	tr|J3KF35|J3KF35_COCIM	5
fam_006820	tr|J3KKK3|J3KKK3_COCIM	2
fam_006821	tr|J3KL71|J3KL71_COCIM	5
fam_006822	tr|A0A0D8JRN5|A0A0D8JRN5_COCIM	3
fam_006823	tr|A0A0D8JSR9|A0A0D8JSR9_COCIM	2
fam_006824	tr|A0A0D8JWW2|A0A0D8JWW2_COCIM	7
fam_006825	tr|A0A0D8JYP1|A0A0D8JYP1_COCIM	5
fam_006826	tr|A0A0E1S0G1|A0A0E1S0G1_COCIM	5
fam_006827	tr|J3K2C2|J3K2C2_COCIM	2
fam_006828	tr|J3K4Y9|J3K4Y9_COCIM	5
fam_006829	tr|J3K6A0|J3K6A0_COCIM	3
fam_006830	tr|J3K8C7|J3K8C7_COCIM	5
fam_006831	tr|J3K950|J3K950_COCIM	4
fam_006832	tr|J3KIT8|J3KIT8_COCIM	5
fam_006833	tr|A0A0D8JSS8|A0A0D8JSS8_COCIM	3
fam_006834	tr|A0A0D8JT85|A0A0D8JT85_COCIM	4
fam_006835	tr|A0A0D8JV11|A0A0D8JV11_COCIM	3
fam_006836	tr|A0A0E1RV32|A0A0E1RV32_COCIM	5
fam_006837	tr|A0A0E1RV70|A0A0E1RV70_COCIM	5
fam_006838	tr|A0A0E1RYN0|A0A0E1RYN0_COCIM	4
fam_006839	tr|A0A0E1RYR7|A0A0E1RYR7_COCIM	2
fam_006840	tr|J3K4D1|J3K4D1_COCIM	3
fam_006841	tr|J3K6D1|J3K6D1_COCIM	4
fam_006842	tr|J3K7P3|J3K7P3_COCIM	4
fam_006843	tr|J3KBV0|J3KBV0_COCIM	5
fam_006844	tr|J3KBW8|J3KBW8_COCIM	2
fam_006845	tr|J3KF64|J3KF64_COCIM	3
fam_006846	tr|J3KIH0|J3KIH0_COCIM	2
fam_006847	tr|J3KKI5|J3KKI5_COCIM	4
fam_006848	tr|J3KKT2|J3KKT2_COCIM	4
fam_006849	tr|J3KLC6|J3KLC6_COCIM	6
fam_006850	tr|A0A0D8JRY3|A0A0D8JRY3_COCIM	4
fam_006851	tr|A0A0D8JSR6|A0A0D8JSR6_COCIM	3
fam_006852	tr|A0A0D8JT54|A0A0D8JT54_COCIM	4
fam_006853	tr|A0A0E1RW89|A0A0E1RW89_COCIM	2
fam_006854	tr|A0A0E1RWY7|A0A0E1RWY7_COCIM	5
fam_006855	tr|A0A0E1RXC2|A0A0E1RXC2_COCIM	5
fam_006856	tr|A0A0E1RXW4|A0A0E1RXW4_COCIM	1
fam_006857	tr|J3KGF5|J3KGF5_COCIM	1
fam_006858	tr|A0A0E1S4Q9|A0A0E1S4Q9_COCIM	5
fam_006859	tr|J3K6Q4|J3K6Q4_COCIM	19
fam_006860	tr|J3K7L7|J3K7L7_COCIM	2
fam_006861	tr|J3K883|J3K883_COCIM	4
fam_006862	tr|J3K957|J3K957_COCIM	10
fam_006863	tr|J3K9Y7|J3K9Y7_COCIM	5
fam_006864	tr|J3KAQ4|J3KAQ4_COCIM	5
fam_006865	tr|J3KE41|J3KE41_COCIM	5
fam_006866	tr|J3KER9|J3KER9_COCIM	2
fam_006867	tr|J3KI88|J3KI88_COCIM	4
fam_006868	tr|J3KKX4|J3KKX4_COCIM	5
fam_006869	tr|A0A0D8JRH4|A0A0D8JRH4_COCIM	2
fam_006870	tr|A0A0D8JT81|A0A0D8JT81_COCIM	3
fam_006871	tr|A0A0E1RYZ7|A0A0E1RYZ7_COCIM	2
fam_006872	tr|A0A0E1RZN9|A0A0E1RZN9_COCIM	2
fam_006873	tr|J3K5I2|J3K5I2_COCIM	3
fam_006874	tr|J3K609|J3K609_COCIM	5
fam_006875	tr|J3KA42|J3KA42_COCIM	3
fam_006876	tr|J3KAV9|J3KAV9_COCIM	7
fam_006877	tr|J3KBX1|J3KBX1_COCIM	2
fam_006878	tr|Q1E2H9|Q1E2H9_COCIM	2
fam_006879	sp|Q1E9B7|MRH4_COCIM	4
fam_006880	sp|Q1EAK2|SRB8_COCIM	2
fam_006881	tr|A0A0E1RVN8|A0A0E1RVN8_COCIM	3
fam_006882	tr|A0A0E1RW43|A0A0E1RW43_COCIM	2
fam_006883	tr|A0A0E1RXE9|A0A0E1RXE9_COCIM	10
fam_006884	tr|A0A0E1RY23|A0A0E1RY23_COCIM	5
fam_006885	tr|J3K4T7|J3K4T7_COCIM	6
fam_006886	tr|J3K6A9|J3K6A9_COCIM	4
fam_006887	tr|J3KBS5|J3KBS5_COCIM	5
fam_006888	tr|J3KC97|J3KC97_COCIM	5
fam_006889	tr|J3KJY5|J3KJY5_COCIM	4
fam_006890	tr|J3KKC8|J3KKC8_COCIM	3
fam_006891	tr|J3KL69|J3KL69_COCIM	4
fam_006892	tr|J3KLL7|J3KLL7_COCIM	5
fam_006893	sp|Q1E4N0|YME2_COCIM	5
fam_006894	tr|A0A0D8JRI3|A0A0D8JRI3_COCIM	5
fam_006895	tr|A0A0D8JT20|A0A0D8JT20_COCIM	3
fam_006896	tr|A0A0E1RVG5|A0A0E1RVG5_COCIM	2
fam_006897	tr|A0A0E1RWU3|A0A0E1RWU3_COCIM	2
fam_006898	tr|A0A0E1RXK6|A0A0E1RXK6_COCIM	2
fam_006899	tr|A0A0E1S052|A0A0E1S052_COCIM	2
fam_006900	tr|A0A0E1S352|A0A0E1S352_COCIM	4
fam_006901	tr|A0A0E1S4J6|A0A0E1S4J6_COCIM	2
fam_006902	tr|J3K1P3|J3K1P3_COCIM	3
fam_006903	tr|J3K489|J3K489_COCIM	2
fam_006904	tr|J3K4B8|J3K4B8_COCIM	2
fam_006905	tr|J3K5I7|J3K5I7_COCIM	8
fam_006906	tr|J3K7L2|J3K7L2_COCIM	2
fam_006907	tr|J3K7Z5|J3K7Z5_COCIM	5
fam_006908	tr|J3K8H7|J3K8H7_COCIM	3
fam_006909	tr|J3K9E4|J3K9E4_COCIM	4
fam_006910	tr|J3KCE1|J3KCE1_COCIM	2
fam_006911	tr|J3KGS8|J3KGS8_COCIM	2
fam_006912	tr|J3KL40|J3KL40_COCIM	3
fam_006913	tr|J3KM62|J3KM62_COCIM	5
fam_006914	tr|A0A0D8JYN6|A0A0D8JYN6_COCIM	2
fam_006915	tr|A0A0E1RXF7|A0A0E1RXF7_COCIM	3
fam_006916	tr|A0A0E1RYZ2|A0A0E1RYZ2_COCIM	5
fam_006917	tr|A0A0E1RZ14|A0A0E1RZ14_COCIM	5
fam_006918	tr|A0A0E1S1V3|A0A0E1S1V3_COCIM	2
fam_006919	tr|A0A0E1S2U6|A0A0E1S2U6_COCIM	4
fam_006920	tr|J3K291|J3K291_COCIM	4
fam_006921	tr|J3K3L3|J3K3L3_COCIM	3
fam_006922	tr|J3K3N2|J3K3N2_COCIM	2
fam_006923	tr|J3K6G6|J3K6G6_COCIM	5
fam_006924	tr|J3K7A6|J3K7A6_COCIM	5
fam_006925	tr|J3K7G5|J3K7G5_COCIM	2
fam_006926	tr|J3K7M9|J3K7M9_COCIM	3
fam_006927	tr|J3K896|J3K896_COCIM	2
fam_006928	tr|J3KAG1|J3KAG1_COCIM	1
fam_006929	tr|J3K2F6|J3K2F6_COCIM	1
fam_006930	tr|J3KCJ6|J3KCJ6_COCIM	3
fam_006931	tr|J3KHC7|J3KHC7_COCIM	2
fam_006932	tr|J3KHT2|J3KHT2_COCIM	4
fam_006933	tr|J3KI38|J3KI38_COCIM	4
fam_006934	tr|A0A0E1RV78|A0A0E1RV78_COCIM	5
fam_006935	tr|A0A0E1RYS9|A0A0E1RYS9_COCIM	2
fam_006936	tr|A0A0E1S2L6|A0A0E1S2L6_COCIM	3
fam_006937	tr|A0A0E1S4B5|A0A0E1S4B5_COCIM	5
fam_006938	tr|J3K5L7|J3K5L7_COCIM	3
fam_006939	tr|J3K5R0|J3K5R0_COCIM	5
fam_006940	tr|J3K5S4|J3K5S4_COCIM	6
fam_006941	tr|J3K494|J3K494_COCIM	5
fam_006942	tr|J3KDY4|J3KDY4_COCIM	5
fam_006943	tr|J3KEP5|J3KEP5_COCIM	2
fam_006944	tr|J3KEQ9|J3KEQ9_COCIM	3
fam_006945	tr|J3KHT8|J3KHT8_COCIM	4
fam_006946	tr|J3KK26|J3KK26_COCIM	3
fam_006947	tr|J3KL36|J3KL36_COCIM	2
fam_006948	sp|Q1DQC1|PAN1_COCIM	5
fam_006949	sp|Q1DZL3|MED14_COCIM	2
fam_006950	tr|A0A0D8JV28|A0A0D8JV28_COCIM	2
fam_006951	tr|A0A0E1RW96|A0A0E1RW96_COCIM	2
fam_006952	tr|A0A0E1S397|A0A0E1S397_COCIM	4
fam_006953	tr|A0A0E1S407|A0A0E1S407_COCIM	2
fam_006954	tr|J3K176|J3K176_COCIM	2
fam_006955	tr|J3K1S1|J3K1S1_COCIM	5
fam_006956	tr|J3K461|J3K461_COCIM	4
fam_006957	tr|J3K495|J3K495_COCIM	2
fam_006958	tr|J3K7Y6|J3K7Y6_COCIM	5
fam_006959	tr|J3K9B3|J3K9B3_COCIM	1
fam_006960	tr|J3K546|J3K546_COCIM	2
fam_006961	tr|J3KB07|J3KB07_COCIM	9
fam_006962	tr|J3KBR9|J3KBR9_COCIM	4
fam_006963	tr|J3KI74|J3KI74_COCIM	5
fam_006964	sp|Q1DXC2|MED21_COCIM	2
fam_006965	tr|A0A0D8JW63|A0A0D8JW63_COCIM	2
fam_006966	tr|A0A0E1RW93|A0A0E1RW93_COCIM	3
fam_006967	tr|A0A0E1RXT8|A0A0E1RXT8_COCIM	4
fam_006968	tr|A0A0E1RZA7|A0A0E1RZA7_COCIM	3
fam_006969	tr|A0A0E1S533|A0A0E1S533_COCIM	5
fam_006970	tr|J3K6X6|J3K6X6_COCIM	2
fam_006971	tr|J3K7X3|J3K7X3_COCIM	5
fam_006972	tr|J3K9F1|J3K9F1_COCIM	4
fam_006973	tr|J3KAB8|J3KAB8_COCIM	4
fam_006974	tr|J3KCL5|J3KCL5_COCIM	5
fam_006975	tr|J3KCR0|J3KCR0_COCIM	2
fam_006976	tr|J3KE89|J3KE89_COCIM	6
fam_006977	tr|J3KH87|J3KH87_COCIM	5
fam_006978	tr|J3KJX4|J3KJX4_COCIM	4
fam_006979	tr|A0A0D8JU06|A0A0D8JU06_COCIM	4
fam_006980	tr|A0A0D8JVC5|A0A0D8JVC5_COCIM	2
fam_006981	tr|A0A0E1RZB4|A0A0E1RZB4_COCIM	4
fam_006982	tr|A0ACF5C7E3|A0ACF5C7E3_9PEZI	5
fam_006983	tr|A0ACF5CAE7|A0ACF5CAE7_9PEZI	4
fam_006984	tr|A0ACF5CBF7|A0ACF5CBF7_9PEZI	5
fam_006985	tr|A0ACF5CCK7|A0ACF5CCK7_9PEZI	5
fam_006986	tr|A0ACF5CCW1|A0ACF5CCW1_9PEZI	2
fam_006987	tr|A0ACF5CCY4|A0ACF5CCY4_9PEZI	3
fam_006988	tr|A0ACF5CIS4|A0ACF5CIS4_9PEZI	1
fam_006989	tr|A0ACF5BKK7|A0ACF5BKK7_9PEZI	2
fam_006990	tr|A0ACF5BKB2|A0ACF5BKB2_9PEZI	4
fam_006991	tr|A0ACF5BS18|A0ACF5BS18_9PEZI	3
fam_006992	tr|A0ACF5BS80|A0ACF5BS80_9PEZI	4
fam_006993	tr|A0ACF5BP28|A0ACF5BP28_9PEZI	2
fam_006994	tr|A0ACF5BT73|A0ACF5BT73_9PEZI	5
fam_006995	tr|A0ACF5C1K3|A0ACF5C1K3_9PEZI	4
fam_006996	tr|A0ACF5C3S3|A0ACF5C3S3_9PEZI	3
fam_006997	tr|A0ACF5C421|A0ACF5C421_9PEZI	6
fam_006998	tr|A0ACF5C548|A0ACF5C548_9PEZI	5
fam_006999	tr|A0ACF5C616|A0ACF5C616_9PEZI	5
fam_007000	tr|A0ACF5C8G1|A0ACF5C8G1_9PEZI	8
fam_007001	tr|A0ACF5CB44|A0ACF5CB44_9PEZI	5
fam_007002	tr|A0ACF5CCR3|A0ACF5CCR3_9PEZI	2
fam_007003	tr|A0ACF5CEI9|A0ACF5CEI9_9PEZI	2
fam_007004	tr|A0ACF5CEQ5|A0ACF5CEQ5_9PEZI	4
fam_007005	tr|A0ACF5CF28|A0ACF5CF28_9PEZI	2
fam_007006	tr|A0ACF5CGG3|A0ACF5CGG3_9PEZI	16
fam_007007	tr|A0ACF5CH03|A0ACF5CH03_9PEZI	4
fam_007008	tr|A0ACF5CHT9|A0ACF5CHT9_9PEZI	6
fam_007009	tr|A0ACF5BIE0|A0ACF5BIE0_9PEZI	5
fam_007010	tr|A0ACF5BMU8|A0ACF5BMU8_9PEZI	2
fam_007011	tr|A0ACF5BS39|A0ACF5BS39_9PEZI	5
fam_007012	tr|A0ACF5BSQ2|A0ACF5BSQ2_9PEZI	1
fam_007013	tr|A0ACF5BMN3|A0ACF5BMN3_9PEZI	2
fam_007014	tr|A0ACF5BUZ2|A0ACF5BUZ2_9PEZI	5
fam_007015	tr|A0ACF5BXK6|A0ACF5BXK6_9PEZI	10
fam_007016	tr|A0ACF5BZI8|A0ACF5BZI8_9PEZI	5
fam_007017	tr|A0ACF5C1C3|A0ACF5C1C3_9PEZI	5
fam_007018	tr|A0ACF5C200|A0ACF5C200_9PEZI	4
fam_007019	tr|A0ACF5C4E5|A0ACF5C4E5_9PEZI	5
fam_007020	tr|A0ACF5C7D5|A0ACF5C7D5_9PEZI	5
fam_007021	tr|A0ACF5CBP1|A0ACF5CBP1_9PEZI	5
fam_007022	tr|A0ACF5CCP5|A0ACF5CCP5_9PEZI	5
fam_007023	tr|A0ACF5CDU8|A0ACF5CDU8_9PEZI	2
fam_007024	tr|A0ACF5CGX3|A0ACF5CGX3_9PEZI	3
fam_007025	tr|A0ACF5CGZ6|A0ACF5CGZ6_9PEZI	2
fam_007026	tr|A0ACF5CHC3|A0ACF5CHC3_9PEZI	2
fam_007027	tr|A0ACF5CHG6|A0ACF5CHG6_9PEZI	2
fam_007028	tr|A0ACF5BJI8|A0ACF5BJI8_9PEZI	5
fam_007029	tr|A0ACF5BKN6|A0ACF5BKN6_9PEZI	5
fam_007030	tr|A0ACF5BMW8|A0ACF5BMW8_9PEZI	4
fam_007031	tr|A0ACF5BNN9|A0ACF5BNN9_9PEZI	10
fam_007032	tr|A0ACF5BQ72|A0ACF5BQ72_9PEZI	2
fam_007033	tr|A0ACF5C4Q1|A0ACF5C4Q1_9PEZI	5
fam_007034	tr|A0ACF5C475|A0ACF5C475_9PEZI	5
fam_007035	tr|A0ACF5C4F1|A0ACF5C4F1_9PEZI	3
fam_007036	tr|A0ACF5C747|A0ACF5C747_9PEZI	3
fam_007037	tr|A0ACF5CAY0|A0ACF5CAY0_9PEZI	2
fam_007038	tr|A0ACF5CB78|A0ACF5CB78_9PEZI	2
fam_007039	tr|A0ACF5CBG3|A0ACF5CBG3_9PEZI	5
fam_007040	tr|A0ACF5CDT4|A0ACF5CDT4_9PEZI	5
fam_007041	tr|A0ACF5CEZ8|A0ACF5CEZ8_9PEZI	10
fam_007042	tr|A0ACF5CGQ3|A0ACF5CGQ3_9PEZI	5
fam_007043	tr|A0ACF5BL12|A0ACF5BL12_9PEZI	1
fam_007044	tr|A0ACF5BJ72|A0ACF5BJ72_9PEZI	1
fam_007045	tr|A0ACF5BQX1|A0ACF5BQX1_9PEZI	2
fam_007046	tr|A0ACF5C0A4|A0ACF5C0A4_9PEZI	6
fam_007047	tr|A0ACF5C3C0|A0ACF5C3C0_9PEZI	5
fam_007048	tr|A0ACF5C9W0|A0ACF5C9W0_9PEZI	4
fam_007049	tr|A0ACF5CA81|A0ACF5CA81_9PEZI	5
fam_007050	tr|A0ACF5BSV1|A0ACF5BSV1_9PEZI	3
fam_007051	tr|A0ACF5BWI4|A0ACF5BWI4_9PEZI	5
fam_007052	tr|A0ACF5BWU2|A0ACF5BWU2_9PEZI	2
fam_007053	tr|A0ACF5C8A4|A0ACF5C8A4_9PEZI	3
fam_007054	tr|A0ACF5C8M6|A0ACF5C8M6_9PEZI	5
fam_007055	tr|A0ACF5CCL0|A0ACF5CCL0_9PEZI	4
fam_007056	tr|A0ACF5CD65|A0ACF5CD65_9PEZI	8
fam_007057	tr|A0ACF5CFH6|A0ACF5CFH6_9PEZI	11
fam_007058	tr|A0ACF5CGM8|A0ACF5CGM8_9PEZI	2
fam_007059	tr|A0ACF5BJG5|A0ACF5BJG5_9PEZI	2
fam_007060	tr|A0ACF5CID3|A0ACF5CID3_9PEZI	1
fam_007061	tr|A0ACF5BLY0|A0ACF5BLY0_9PEZI	2
fam_007062	tr|A0ACF5C6L8|A0ACF5C6L8_9PEZI	1
fam_007063	tr|A0ACF5BMB1|A0ACF5BMB1_9PEZI	3
fam_007064	tr|A0ACF5BQU1|A0ACF5BQU1_9PEZI	4
fam_007065	tr|A0ACF5BSF5|A0ACF5BSF5_9PEZI	2
fam_007066	tr|A0ACF5BWY8|A0ACF5BWY8_9PEZI	7
fam_007067	tr|A0ACF5BX12|A0ACF5BX12_9PEZI	5
fam_007068	tr|A0ACF5BYM7|A0ACF5BYM7_9PEZI	3
fam_007069	tr|A0ACF5C5S6|A0ACF5C5S6_9PEZI	5
fam_007070	tr|A0ACF5C707|A0ACF5C707_9PEZI	5
fam_007071	tr|A0ACF5C9K9|A0ACF5C9K9_9PEZI	1
fam_007072	tr|A0ACF5BPL5|A0ACF5BPL5_9PEZI	1
fam_007073	tr|A0ACF5BKE8|A0ACF5BKE8_9PEZI	2
fam_007074	tr|A0ACF5C004|A0ACF5C004_9PEZI	4
fam_007075	tr|A0ACF5C4Y7|A0ACF5C4Y7_9PEZI	8
fam_007076	tr|A0ACF5C749|A0ACF5C749_9PEZI	1
fam_007077	tr|A0ACF5BN12|A0ACF5BN12_9PEZI	1
fam_007078	tr|A0ACF5CC56|A0ACF5CC56_9PEZI	5
fam_007079	tr|A0ACF5CDZ3|A0ACF5CDZ3_9PEZI	4
fam_007080	tr|A0ACF5CFF7|A0ACF5CFF7_9PEZI	5
fam_007081	tr|A0ACF5CIC3|A0ACF5CIC3_9PEZI	2
fam_007082	tr|A0ACF5CJ40|A0ACF5CJ40_9PEZI	6
fam_007083	tr|A0ACF5BLM5|A0ACF5BLM5_9PEZI	1
fam_007084	tr|A0ACF5CDR6|A0ACF5CDR6_9PEZI	1
fam_007085	tr|A0ACF5BSP0|A0ACF5BSP0_9PEZI	5
fam_007086	tr|A0ACF5BTI8|A0ACF5BTI8_9PEZI	3
fam_007087	tr|A0ACF5BU36|A0ACF5BU36_9PEZI	2
fam_007088	tr|A0ACF5BUV5|A0ACF5BUV5_9PEZI	5
fam_007089	tr|A0ACF5BW15|A0ACF5BW15_9PEZI	5
fam_007090	tr|A0ACF5C8B9|A0ACF5C8B9_9PEZI	5
fam_007091	tr|A0ACF5CA59|A0ACF5CA59_9PEZI	2
fam_007092	tr|A0ACF5CBM3|A0ACF5CBM3_9PEZI	3
fam_007093	tr|A0ACF5CBX5|A0ACF5CBX5_9PEZI	5
fam_007094	tr|A0ACF5CC06|A0ACF5CC06_9PEZI	2
fam_007095	tr|A0ACF5CC26|A0ACF5CC26_9PEZI	1
fam_007096	tr|A0ACF5CCI9|A0ACF5CCI9_9PEZI	1
fam_007097	tr|A0ACF5CCI2|A0ACF5CCI2_9PEZI	4
fam_007098	tr|A0ACF5CCN2|A0ACF5CCN2_9PEZI	8
fam_007099	tr|A0ACF5CF63|A0ACF5CF63_9PEZI	2
fam_007100	tr|A0ACF5CGB6|A0ACF5CGB6_9PEZI	2
fam_007101	tr|A0ACF5CHE6|A0ACF5CHE6_9PEZI	3
fam_007102	tr|A0ACF5BKN2|A0ACF5BKN2_9PEZI	5
fam_007103	tr|A0ACF5BLE7|A0ACF5BLE7_9PEZI	3
fam_007104	tr|A0ACF5BLT4|A0ACF5BLT4_9PEZI	2
fam_007105	tr|A0ACF5BQ36|A0ACF5BQ36_9PEZI	5
fam_007106	tr|A0ACF5BQF5|A0ACF5BQF5_9PEZI	4
fam_007107	tr|A0ACF5BR61|A0ACF5BR61_9PEZI	4
fam_007108	tr|A0ACF5BZU3|A0ACF5BZU3_9PEZI	5
fam_007109	tr|A0ACF5C0S3|A0ACF5C0S3_9PEZI	5
fam_007110	tr|A0ACF5C2I4|A0ACF5C2I4_9PEZI	5
fam_007111	tr|Q7S0N4|Q7S0N4_NEUCR	2
fam_007112	tr|Q7SA37|Q7SA37_NEUCR	3
fam_007113	tr|Q7SCV6|Q7SCV6_NEUCR	3
fam_007114	tr|Q7SDK6|Q7SDK6_NEUCR	3
fam_007115	sp|Q7SEL0|PRP28_NEUCR	5
fam_007116	tr|Q7SFW6|Q7SFW6_NEUCR	2
fam_007117	tr|V5IQN5|V5IQN5_NEUCR	5
fam_007118	tr|V5IRG9|V5IRG9_NEUCR	5
fam_007119	tr|F5HII2|F5HII2_NEUCR	5
fam_007120	tr|Q1K8P2|Q1K8P2_NEUCR	2
fam_007121	tr|Q7RWD1|Q7RWD1_NEUCR	2
fam_007122	tr|Q7S626|Q7S626_NEUCR	5
fam_007123	tr|Q7S797|Q7S797_NEUCR	5
fam_007124	tr|Q7S8I2|Q7S8I2_NEUCR	5
fam_007125	tr|Q7S912|Q7S912_NEUCR	3
fam_007126	tr|Q7SCI8|Q7SCI8_NEUCR	4
fam_007127	sp|Q7SCY7|SYM1_NEUCR	6
fam_007128	tr|Q7SGA3|Q7SGA3_NEUCR	4
fam_007129	tr|Q7SHS5|Q7SHS5_NEUCR	5
fam_007130	sp|Q96TJ5|RLA0_NEUCR	5
fam_007131	tr|U9W3G5|U9W3G5_NEUCR	5
fam_007132	tr|F5HD67|F5HD67_NEUCR	4
fam_007133	tr|Q7RXL3|Q7RXL3_NEUCR	5
fam_007134	tr|Q7S1L4|Q7S1L4_NEUCR	2
fam_007135	tr|Q7S2P1|Q7S2P1_NEUCR	10
fam_007136	tr|Q7SF97|Q7SF97_NEUCR	4
fam_007137	tr|Q7SHN7|Q7SHN7_NEUCR	5
fam_007138	tr|Q7SHY2|Q7SHY2_NEUCR	5
fam_007139	tr|V5ING0|V5ING0_NEUCR	4
fam_007140	sp|Q01371|WC1_NEUCR	2
fam_007141	tr|Q1K623|Q1K623_NEUCR	5
fam_007142	tr|Q7SAH0|Q7SAH0_NEUCR	2
fam_007143	tr|Q7SAP9|Q7SAP9_NEUCR	3
fam_007144	sp|Q9UV10|HET6_NEUCR	3
fam_007145	tr|V5IKW2|V5IKW2_NEUCR	2
fam_007146	tr|V5IP34|V5IP34_NEUCR	3
fam_007147	tr|Q1K5V9|Q1K5V9_NEUCR	5
fam_007148	tr|Q1K791|Q1K791_NEUCR	4
fam_007149	tr|Q7S0H3|Q7S0H3_NEUCR	10
fam_007150	tr|Q7S3E2|Q7S3E2_NEUCR	2
fam_007151	tr|Q7S8L5|Q7S8L5_NEUCR	3
fam_007152	tr|Q7SAC1|Q7SAC1_NEUCR	5
fam_007153	tr|Q7SAL0|Q7SAL0_NEUCR	4
fam_007154	tr|Q7SF45|Q7SF45_NEUCR	5
fam_007155	tr|Q7SHR5|Q7SHR5_NEUCR	5
fam_007156	tr|A7UVX8|A7UVX8_NEUCR	3
fam_007157	sp|P07041|H3_NEUCR	10
fam_007158	tr|Q1K5P6|Q1K5P6_NEUCR	5
fam_007159	tr|Q1K8J1|Q1K8J1_NEUCR	2
fam_007160	tr|Q7S1I9|Q7S1I9_NEUCR	2
fam_007161	tr|Q7S4B1|Q7S4B1_NEUCR	2
fam_007162	tr|Q7S8R4|Q7S8R4_NEUCR	4
fam_007163	tr|Q7S9G7|Q7S9G7_NEUCR	4
fam_007164	tr|Q7SCU7|Q7SCU7_NEUCR	5
fam_007165	tr|Q7SDB2|Q7SDB2_NEUCR	4
fam_007166	tr|Q7SGA4|Q7SGA4_NEUCR	5
fam_007167	tr|V5ILY0|V5ILY0_NEUCR	3
fam_007168	tr|V5IPR9|V5IPR9_NEUCR	13
fam_007169	tr|Q1K4S9|Q1K4S9_NEUCR	5
fam_007170	tr|Q1K520|Q1K520_NEUCR	4
fam_007171	sp|Q7S2H8|TPC1_NEUCR	10
fam_007172	tr|Q7SDW2|Q7SDW2_NEUCR	2
fam_007173	tr|Q7SFD6|Q7SFD6_NEUCR	5
fam_007174	tr|Q7SGD3|Q7SGD3_NEUCR	5
fam_007175	sp|Q96U88|ATG18_NEUCR	5
fam_007176	tr|V5ILR3|V5ILR3_NEUCR	5
fam_007177	tr|V5INF5|V5INF5_NEUCR	5
fam_007178	tr|A7UVZ4|A7UVZ4_NEUCR	2
fam_007179	tr|F5HH09|F5HH09_NEUCR	4
fam_007180	tr|Q1K8Z4|Q1K8Z4_NEUCR	3
fam_007181	tr|Q7RX67|Q7RX67_NEUCR	4
fam_007182	tr|Q7S819|Q7S819_NEUCR	5
fam_007183	tr|Q7SEX6|Q7SEX6_NEUCR	4
fam_007184	tr|Q7SF49|Q7SF49_NEUCR	5
fam_007185	tr|Q7SG25|Q7SG25_NEUCR	4
fam_007186	tr|V5IMT9|V5IMT9_NEUCR	6
fam_007187	sp|P00842|ATP9_NEUCR	3
fam_007188	tr|Q7RWH8|Q7RWH8_NEUCR	5
fam_007189	tr|Q7S7I3|Q7S7I3_NEUCR	4
fam_007190	tr|Q7S8I0|Q7S8I0_NEUCR	4
fam_007191	tr|Q7SDW7|Q7SDW7_NEUCR	2
fam_007192	tr|Q7SE86|Q7SE86_NEUCR	3
fam_007193	tr|V5IPI0|V5IPI0_NEUCR	3
fam_007194	tr|F9X7M6|F9X7M6_ZYMTI	2
fam_007195	tr|F9XIE4|F9XIE4_ZYMTI	4
fam_007196	tr|F9XJ42|F9XJ42_ZYMTI	3
fam_007197	tr|F9XKE5|F9XKE5_ZYMTI	5
fam_007198	tr|F9XLE2|F9XLE2_ZYMTI	5
fam_007199	tr|F9XN63|F9XN63_ZYMTI	3
fam_007200	tr|F9XP51|F9XP51_ZYMTI	2
fam_007201	tr|F9XPM0|F9XPM0_ZYMTI	3
fam_007202	tr|F9WZF7|F9WZF7_ZYMTI	7
fam_007203	tr|F9WZL1|F9WZL1_ZYMTI	2
fam_007204	tr|F9X0W3|F9X0W3_ZYMTI	2
fam_007205	tr|F9X2E8|F9X2E8_ZYMTI	5
fam_007206	tr|F9X4W9|F9X4W9_ZYMTI	3
fam_007207	tr|F9X5F5|F9X5F5_ZYMTI	1
fam_007208	tr|F9XEN6|F9XEN6_ZYMTI	2
fam_007209	tr|F9X6H3|F9X6H3_ZYMTI	2
fam_007210	tr|F9XFS9|F9XFS9_ZYMTI	4
fam_007211	tr|F9XG24|F9XG24_ZYMTI	2
fam_007212	tr|F9XLG8|F9XLG8_ZYMTI	5
fam_007213	tr|F9XLN6|F9XLN6_ZYMTI	4
fam_007214	tr|F9WYC9|F9WYC9_ZYMTI	5
fam_007215	tr|F9WZU3|F9WZU3_ZYMTI	5
fam_007216	tr|F9X089|F9X089_ZYMTI	2
fam_007217	tr|F9X0H6|F9X0H6_ZYMTI	2
fam_007218	tr|F9X7Z5|F9X7Z5_ZYMTI	5
fam_007219	tr|F9XAB4|F9XAB4_ZYMTI	5
fam_007220	tr|F9XAT0|F9XAT0_ZYMTI	2
fam_007221	tr|F9XBD3|F9XBD3_ZYMTI	12
fam_007222	tr|F9XDP7|F9XDP7_ZYMTI	4
fam_007223	tr|F9XFR4|F9XFR4_ZYMTI	5
fam_007224	tr|F9XHA4|F9XHA4_ZYMTI	3
fam_007225	tr|F9XK02|F9XK02_ZYMTI	2
fam_007226	tr|F9XLE3|F9XLE3_ZYMTI	5
fam_007227	tr|F9XLF5|F9XLF5_ZYMTI	5
fam_007228	tr|F9XPT6|F9XPT6_ZYMTI	3
fam_007229	tr|F9X057|F9X057_ZYMTI	5
fam_007230	tr|F9X151|F9X151_ZYMTI	3
fam_007231	tr|F9X1B7|F9X1B7_ZYMTI	3
fam_007232	tr|F9X3T0|F9X3T0_ZYMTI	9
fam_007233	tr|F9X557|F9X557_ZYMTI	5
fam_007234	tr|F9X5I5|F9X5I5_ZYMTI	3
fam_007235	tr|F9X638|F9X638_ZYMTI	3
fam_007236	tr|F9X720|F9X720_ZYMTI	3
fam_007237	tr|F9X811|F9X811_ZYMTI	3
fam_007238	tr|F9XB29|F9XB29_ZYMTI	4
fam_007239	tr|F9XB92|F9XB92_ZYMTI	6
fam_007240	tr|F9XCX2|F9XCX2_ZYMTI	5
fam_007241	tr|F9XIJ0|F9XIJ0_ZYMTI	5
fam_007242	tr|F9XL07|F9XL07_ZYMTI	5
fam_007243	tr|F9XLY5|F9XLY5_ZYMTI	1
fam_007244	tr|F9XJR1|F9XJR1_ZYMTI	1
fam_007245	tr|F9XLZ2|F9XLZ2_ZYMTI	8
fam_007246	tr|F9XP28|F9XP28_ZYMTI	2
fam_007247	tr|F9WZD0|F9WZD0_ZYMTI	2
fam_007248	tr|F9X1P4|F9X1P4_ZYMTI	3
fam_007249	tr|F9X2C4|F9X2C4_ZYMTI	4
fam_007250	tr|F9X376|F9X376_ZYMTI	5
fam_007251	tr|F9X3W5|F9X3W5_ZYMTI	3
fam_007252	tr|F9X5Y1|F9X5Y1_ZYMTI	3
fam_007253	tr|F9X787|F9X787_ZYMTI	4
fam_007254	tr|F9XA02|F9XA02_ZYMTI	5
fam_007255	tr|A0A0E1RYK3|A0A0E1RYK3_COCIM	5
fam_007256	tr|A0A0E1S076|A0A0E1S076_COCIM	5
fam_007257	tr|J3K815|J3K815_COCIM	4
fam_007258	tr|J3K8E6|J3K8E6_COCIM	5
fam_007259	tr|J3K9X1|J3K9X1_COCIM	2
fam_007260	tr|J3KFG6|J3KFG6_COCIM	3
fam_007261	tr|J3KI67|J3KI67_COCIM	4
fam_007262	tr|J3KIM0|J3KIM0_COCIM	8
fam_007263	tr|J3KJJ8|J3KJJ8_COCIM	16
fam_007264	tr|J3KLU6|J3KLU6_COCIM	2
fam_007265	sp|Q1E145|EFR3_COCIM	4
fam_007266	tr|A0A0E1RYW2|A0A0E1RYW2_COCIM	4
fam_007267	tr|A0A0E1S3S4|A0A0E1S3S4_COCIM	2
fam_007268	tr|J3K1V7|J3K1V7_COCIM	4
fam_007269	tr|J3K2W3|J3K2W3_COCIM	5
fam_007270	tr|J3K439|J3K439_COCIM	3
fam_007271	tr|J3K452|J3K452_COCIM	2
fam_007272	tr|J3K4T1|J3K4T1_COCIM	5
fam_007273	tr|J3K5M9|J3K5M9_COCIM	5
fam_007274	tr|J3K922|J3K922_COCIM	5
fam_007275	tr|J3KE88|J3KE88_COCIM	2
fam_007276	tr|J3KGK5|J3KGK5_COCIM	5
fam_007277	tr|J3KGW9|J3KGW9_COCIM	4
fam_007278	tr|J3KHZ0|J3KHZ0_COCIM	3
fam_007279	tr|J3KJ89|J3KJ89_COCIM	4
fam_007280	tr|J3KJT0|J3KJT0_COCIM	2
fam_007281	tr|J3KKH0|J3KKH0_COCIM	5
fam_007282	tr|A0A0D8JT84|A0A0D8JT84_COCIM	3
fam_007283	tr|A0A0D8JUH6|A0A0D8JUH6_COCIM	4
fam_007284	tr|J3K169|J3K169_COCIM	3
fam_007285	tr|J3K1D3|J3K1D3_COCIM	4
fam_007286	tr|J3K5J8|J3K5J8_COCIM	7
fam_007287	tr|J3K3V8|J3K3V8_COCIM	5
fam_007288	tr|J3KDA7|J3KDA7_COCIM	5
fam_007289	tr|J3KEV7|J3KEV7_COCIM	5
fam_007290	tr|J3KGP5|J3KGP5_COCIM	2
fam_007291	tr|J3KLU5|J3KLU5_COCIM	12
fam_007292	tr|A0A0E1RYY5|A0A0E1RYY5_COCIM	4
fam_007293	tr|A0A0E1S584|A0A0E1S584_COCIM	2
fam_007294	tr|J3K1I3|J3K1I3_COCIM	3
fam_007295	tr|J3K202|J3K202_COCIM	5
fam_007296	tr|J3K2S1|J3K2S1_COCIM	5
fam_007297	tr|J3K2Y9|J3K2Y9_COCIM	5
fam_007298	tr|J3K579|J3K579_COCIM	7
fam_007299	tr|J3K9N6|J3K9N6_COCIM	4
fam_007300	tr|J3KF79|J3KF79_COCIM	5
fam_007301	tr|J3KKB5|J3KKB5_COCIM	3
fam_007302	sp|Q1EAF9|MET3_COCIM	5
fam_007303	tr|A0A0D8JW21|A0A0D8JW21_COCIM	2
fam_007304	tr|A0A0D8JWL7|A0A0D8JWL7_COCIM	3
fam_007305	tr|A0A0E1RW66|A0A0E1RW66_COCIM	5
fam_007306	tr|J3K420|J3K420_COCIM	5
fam_007307	tr|J3K508|J3K508_COCIM	2
fam_007308	tr|J3K697|J3K697_COCIM	3
fam_007309	tr|J3K6G7|J3K6G7_COCIM	5
fam_007310	tr|J3K6Z2|J3K6Z2_COCIM	6
fam_007311	tr|J3K7R0|J3K7R0_COCIM	5
fam_007312	tr|J3KA01|J3KA01_COCIM	5
fam_007313	tr|J3KD25|J3KD25_COCIM	4
fam_007314	tr|J3KDS8|J3KDS8_COCIM	4
fam_007315	tr|J3KET5|J3KET5_COCIM	5
fam_007316	tr|J3KFW5|J3KFW5_COCIM	3
fam_007317	tr|J3KG80|J3KG80_COCIM	5
fam_007318	tr|J3KKV4|J3KKV4_COCIM	4
fam_007319	tr|J3KLW3|J3KLW3_COCIM	2
fam_007320	tr|A0A0E1RVL3|A0A0E1RVL3_COCIM	2
fam_007321	tr|A0A0E1S549|A0A0E1S549_COCIM	3
fam_007322	tr|J3K0W4|J3K0W4_COCIM	2
fam_007323	tr|J3K536|J3K536_COCIM	2
fam_007324	tr|J3K8V2|J3K8V2_COCIM	2
fam_007325	tr|J3KDC6|J3KDC6_COCIM	4
fam_007326	tr|J3KF49|J3KF49_COCIM	4
fam_007327	tr|J3KH60|J3KH60_COCIM	3
fam_007328	sp|Q1DNY5|RM04_COCIM	4
fam_007329	tr|A0A0D8JVF6|A0A0D8JVF6_COCIM	2
fam_007330	tr|A0A0D8JVI4|A0A0D8JVI4_COCIM	5
fam_007331	tr|A0A0D8JVU6|A0A0D8JVU6_COCIM	2
fam_007332	tr|A0A0E1RW14|A0A0E1RW14_COCIM	2
fam_007333	tr|A0A0E1RY40|A0A0E1RY40_COCIM	4
fam_007334	tr|A0A0E1RYF5|A0A0E1RYF5_COCIM	5
fam_007335	tr|A0A0E1S231|A0A0E1S231_COCIM	5
fam_007336	tr|A0A0E1S3N4|A0A0E1S3N4_COCIM	2
fam_007337	tr|J3K6A1|J3K6A1_COCIM	2
fam_007338	tr|J3KIQ7|J3KIQ7_COCIM	1
fam_007339	tr|J3K7J3|J3K7J3_COCIM	5
fam_007340	tr|J3K8G1|J3K8G1_COCIM	2
fam_007341	tr|J3K8H5|J3K8H5_COCIM	3
fam_007342	tr|J3K8X3|J3K8X3_COCIM	2
fam_007343	tr|J3KCB4|J3KCB4_COCIM	2
fam_007344	tr|J3KLV5|J3KLV5_COCIM	3
fam_007345	sp|Q1DP77|EIF3C_COCIM	5
fam_007346	tr|A0A0D8JTT6|A0A0D8JTT6_COCIM	5
fam_007347	tr|A0A0D8JVU3|A0A0D8JVU3_COCIM	6
fam_007348	tr|A0A0D8JVY0|A0A0D8JVY0_COCIM	5
fam_007349	tr|A0A0E1RWK8|A0A0E1RWK8_COCIM	3
fam_007350	tr|J3K1C4|J3K1C4_COCIM	2
fam_007351	tr|J3K1Y4|J3K1Y4_COCIM	3
fam_007352	tr|J3K3T6|J3K3T6_COCIM	4
fam_007353	tr|J3K3W1|J3K3W1_COCIM	5
fam_007354	tr|J3K4C4|J3K4C4_COCIM	5
fam_007355	tr|A0ACF5C7I5|A0ACF5C7I5_9PEZI	2
fam_007356	tr|A0ACF5C7Z6|A0ACF5C7Z6_9PEZI	4
fam_007357	tr|A0ACF5C9H8|A0ACF5C9H8_9PEZI	5
fam_007358	tr|A0ACF5CB25|A0ACF5CB25_9PEZI	5
fam_007359	tr|A0ACF5CD45|A0ACF5CD45_9PEZI	4
fam_007360	tr|A0ACF5CGC9|A0ACF5CGC9_9PEZI	2
fam_007361	tr|A0ACF5BNJ7|A0ACF5BNJ7_9PEZI	5
fam_007362	tr|A0ACF5BUP9|A0ACF5BUP9_9PEZI	4
fam_007363	tr|A0ACF5C1W4|A0ACF5C1W4_9PEZI	4
fam_007364	tr|A0ACF5C202|A0ACF5C202_9PEZI	2
fam_007365	tr|A0ACF5C309|A0ACF5C309_9PEZI	2
fam_007366	tr|A0ACF5C3H8|A0ACF5C3H8_9PEZI	5
fam_007367	tr|A0ACF5C405|A0ACF5C405_9PEZI	7
fam_007368	tr|A0ACF5CBR1|A0ACF5CBR1_9PEZI	4
fam_007369	tr|A0ACF5CCG1|A0ACF5CCG1_9PEZI	5
fam_007370	tr|A0ACF5CD83|A0ACF5CD83_9PEZI	2
fam_007371	tr|A0ACF5CGE9|A0ACF5CGE9_9PEZI	3
fam_007372	tr|A0ACF5CIU8|A0ACF5CIU8_9PEZI	2
fam_007373	tr|A0ACF5BLU6|A0ACF5BLU6_9PEZI	5
fam_007374	tr|A0ACF5BQA0|A0ACF5BQA0_9PEZI	5
fam_007375	tr|A0ACF5BSK1|A0ACF5BSK1_9PEZI	2
fam_007376	tr|A0ACF5BTZ5|A0ACF5BTZ5_9PEZI	2
fam_007377	tr|A0ACF5BUI9|A0ACF5BUI9_9PEZI	6
fam_007378	tr|A0ACF5BVJ4|A0ACF5BVJ4_9PEZI	5
fam_007379	tr|A0ACF5BX59|A0ACF5BX59_9PEZI	5
fam_007380	tr|A0ACF5BZ06|A0ACF5BZ06_9PEZI	3
fam_007381	tr|A0ACF5BZA5|A0ACF5BZA5_9PEZI	2
fam_007382	tr|A0ACF5BZV6|A0ACF5BZV6_9PEZI	5
fam_007383	tr|A0ACF5C8X6|A0ACF5C8X6_9PEZI	4
fam_007384	tr|A0ACF5CA18|A0ACF5CA18_9PEZI	5
fam_007385	tr|A0ACF5CHG8|A0ACF5CHG8_9PEZI	5
fam_007386	tr|A0ACF5BJ64|A0ACF5BJ64_9PEZI	6
fam_007387	tr|A0ACF5BP78|A0ACF5BP78_9PEZI	5
fam_007388	tr|A0ACF5BS06|A0ACF5BS06_9PEZI	5
fam_007389	tr|A0ACF5BVM9|A0ACF5BVM9_9PEZI	5
fam_007390	tr|A0ACF5BWM4|A0ACF5BWM4_9PEZI	4
fam_007391	tr|A0ACF5BZA9|A0ACF5BZA9_9PEZI	3
fam_007392	tr|A0ACF5C1S9|A0ACF5C1S9_9PEZI	4
fam_007393	tr|A0ACF5C2M5|A0ACF5C2M5_9PEZI	1
fam_007394	tr|A0ACF5BNP2|A0ACF5BNP2_9PEZI	1
fam_007395	tr|A0ACF5C387|A0ACF5C387_9PEZI	3
fam_007396	tr|A0ACF5C9D6|A0ACF5C9D6_9PEZI	2
fam_007397	tr|A0ACF5CFC8|A0ACF5CFC8_9PEZI	1
fam_007398	tr|A0ACF5CAM1|A0ACF5CAM1_9PEZI	6
fam_007399	tr|A0ACF5CBL1|A0ACF5CBL1_9PEZI	2
fam_007400	tr|A0ACF5CBR6|A0ACF5CBR6_9PEZI	5
fam_007401	tr|A0ACF5CCC0|A0ACF5CCC0_9PEZI	7
fam_007402	tr|A0ACF5CH09|A0ACF5CH09_9PEZI	5
fam_007403	tr|A0ACF5CHN6|A0ACF5CHN6_9PEZI	6
fam_007404	tr|A0ACF5BL62|A0ACF5BL62_9PEZI	9
fam_007405	tr|A0ACF5BM88|A0ACF5BM88_9PEZI	3
fam_007406	tr|A0ACF5BNB7|A0ACF5BNB7_9PEZI	5
fam_007407	tr|A0ACF5BR40|A0ACF5BR40_9PEZI	2
fam_007408	tr|A0ACF5BU75|A0ACF5BU75_9PEZI	5
fam_007409	tr|A0ACF5BVA2|A0ACF5BVA2_9PEZI	5
fam_007410	tr|A0ACF5BXQ1|A0ACF5BXQ1_9PEZI	5
fam_007411	tr|A0ACF5BZ67|A0ACF5BZ67_9PEZI	4
fam_007412	tr|A0ACF5C1N7|A0ACF5C1N7_9PEZI	2
fam_007413	tr|A0ACF5C399|A0ACF5C399_9PEZI	3
fam_007414	tr|A0ACF5C8K8|A0ACF5C8K8_9PEZI	4
fam_007415	tr|A0ACF5CA96|A0ACF5CA96_9PEZI	4
fam_007416	tr|A0ACF5CBB1|A0ACF5CBB1_9PEZI	4
fam_007417	tr|A0ACF5CBU2|A0ACF5CBU2_9PEZI	5
fam_007418	tr|A0ACF5CFN8|A0ACF5CFN8_9PEZI	12
fam_007419	tr|A0ACF5CG85|A0ACF5CG85_9PEZI	5
fam_007420	tr|A0ACF5BJU6|A0ACF5BJU6_9PEZI	12
fam_007421	tr|A0ACF5BR22|A0ACF5BR22_9PEZI	2
fam_007422	tr|A0ACF5BRF5|A0ACF5BRF5_9PEZI	5
fam_007423	tr|A0ACF5BTB8|A0ACF5BTB8_9PEZI	7
fam_007424	tr|A0ACF5C381|A0ACF5C381_9PEZI	5
fam_007425	tr|A0ACF5C5Y3|A0ACF5C5Y3_9PEZI	5
fam_007426	tr|A0ACF5C6L5|A0ACF5C6L5_9PEZI	2
fam_007427	tr|A0ACF5C8P6|A0ACF5C8P6_9PEZI	5
fam_007428	tr|A0ACF5CFB7|A0ACF5CFB7_9PEZI	1
fam_007429	tr|A0ACF5BZ19|A0ACF5BZ19_9PEZI	1
fam_007430	tr|A0ACF5CGV1|A0ACF5CGV1_9PEZI	3
fam_007431	tr|A0ACF5BJZ3|A0ACF5BJZ3_9PEZI	2
fam_007432	tr|A0ACF5BX46|A0ACF5BX46_9PEZI	4
fam_007433	tr|A0ACF5C218|A0ACF5C218_9PEZI	2
fam_007434	tr|A0ACF5C376|A0ACF5C376_9PEZI	2
fam_007435	tr|A0ACF5C2U7|A0ACF5C2U7_9PEZI	5
fam_007436	tr|A0ACF5C516|A0ACF5C516_9PEZI	4
fam_007437	tr|A0ACF5C9J2|A0ACF5C9J2_9PEZI	2
fam_007438	tr|A0ACF5CCM9|A0ACF5CCM9_9PEZI	5
fam_007439	tr|A0ACF5CD05|A0ACF5CD05_9PEZI	4
fam_007440	tr|A0ACF5CIN6|A0ACF5CIN6_9PEZI	5
fam_007441	tr|A0ACF5BIQ6|A0ACF5BIQ6_9PEZI	2
fam_007442	tr|A0ACF5BJL6|A0ACF5BJL6_9PEZI	5
fam_007443	tr|A0ACF5BSW2|A0ACF5BSW2_9PEZI	3
fam_007444	tr|A0ACF5BTM7|A0ACF5BTM7_9PEZI	3
fam_007445	tr|A0ACF5BWM3|A0ACF5BWM3_9PEZI	3
fam_007446	tr|A0ACF5BYF5|A0ACF5BYF5_9PEZI	2
fam_007447	tr|A0ACF5C017|A0ACF5C017_9PEZI	5
fam_007448	tr|A0ACF5C160|A0ACF5C160_9PEZI	4
fam_007449	tr|A0ACF5C4Y3|A0ACF5C4Y3_9PEZI	4
fam_007450	tr|A0ACF5C6K5|A0ACF5C6K5_9PEZI	4
fam_007451	tr|A0ACF5C785|A0ACF5C785_9PEZI	5
fam_007452	tr|A0ACF5CFJ4|A0ACF5CFJ4_9PEZI	1
fam_007453	tr|A0ACF5C9I0|A0ACF5C9I0_9PEZI	1
fam_007454	tr|A0ACF5CGN9|A0ACF5CGN9_9PEZI	5
fam_007455	tr|A0ACF5CGW4|A0ACF5CGW4_9PEZI	5
fam_007456	tr|A0ACF5BLF3|A0ACF5BLF3_9PEZI	2
fam_007457	tr|A0ACF5BMH7|A0ACF5BMH7_9PEZI	6
fam_007458	tr|A0ACF5BRM5|A0ACF5BRM5_9PEZI	5
fam_007459	tr|A0ACF5BSY7|A0ACF5BSY7_9PEZI	1
fam_007460	tr|A0ACF5CC13|A0ACF5CC13_9PEZI	1
fam_007461	tr|A0ACF5BU69|A0ACF5BU69_9PEZI	3
fam_007462	tr|A0ACF5BVX3|A0ACF5BVX3_9PEZI	5
fam_007463	tr|A0ACF5BXL0|A0ACF5BXL0_9PEZI	3
fam_007464	tr|A0ACF5BZQ7|A0ACF5BZQ7_9PEZI	5
fam_007465	tr|A0ACF5C062|A0ACF5C062_9PEZI	2
fam_007466	tr|A0ACF5C122|A0ACF5C122_9PEZI	3
fam_007467	tr|A0ACF5C2C7|A0ACF5C2C7_9PEZI	5
fam_007468	tr|A0ACF5C3P5|A0ACF5C3P5_9PEZI	5
fam_007469	tr|A0ACF5C9H2|A0ACF5C9H2_9PEZI	1
fam_007470	tr|A0ACF5C9I3|A0ACF5C9I3_9PEZI	2
fam_007471	tr|A0ACF5CH82|A0ACF5CH82_9PEZI	2
fam_007472	tr|A0ACF5BIG9|A0ACF5BIG9_9PEZI	2
fam_007473	tr|A0ACF5BQN5|A0ACF5BQN5_9PEZI	5
fam_007474	tr|A0ACF5BU50|A0ACF5BU50_9PEZI	5
fam_007475	tr|A0ACF5BZD3|A0ACF5BZD3_9PEZI	8
fam_007476	tr|A0ACF5C104|A0ACF5C104_9PEZI	4
fam_007477	tr|A0ACF5C1D0|A0ACF5C1D0_9PEZI	27
fam_007478	tr|A0ACF5C2F6|A0ACF5C2F6_9PEZI	5
fam_007479	tr|A0ACF5C6L7|A0ACF5C6L7_9PEZI	3
fam_007480	tr|A0ACF5C6U0|A0ACF5C6U0_9PEZI	13
fam_007481	tr|A0ACF5CBE3|A0ACF5CBE3_9PEZI	5
fam_007482	tr|A0ACF5CBQ9|A0ACF5CBQ9_9PEZI	2
fam_007483	tr|A0ACF5CDQ2|A0ACF5CDQ2_9PEZI	3
fam_007484	tr|A0ACF5BQL2|A0ACF5BQL2_9PEZI	2
fam_007485	tr|A0ACF5BRQ6|A0ACF5BRQ6_9PEZI	5
fam_007486	tr|A0ACF5BXH6|A0ACF5BXH6_9PEZI	5
fam_007487	tr|A0ACF5BXJ9|A0ACF5BXJ9_9PEZI	4
fam_007488	tr|A0ACF5C209|A0ACF5C209_9PEZI	6
fam_007489	tr|A0ACF5C4K9|A0ACF5C4K9_9PEZI	5
fam_007490	tr|A0ACF5C822|A0ACF5C822_9PEZI	2
fam_007491	tr|A0ACF5CAQ0|A0ACF5CAQ0_9PEZI	2
