family_index	representative_id	n_members
fam_000001	tr|D6RNL0|D6RNL0_COPC7	2
fam_000002	tr|A8N0W7|A8N0W7_COPC7	3
fam_000003	tr|A8N0X7|A8N0X7_COPC7	6
fam_000004	tr|A8N123|A8N123_COPC7	2
fam_000005	tr|A8N1I5|A8N1I5_COPC7	2
fam_000006	tr|A8N5H0|A8N5H0_COPC7	8
fam_000007	tr|A8N6D1|A8N6D1_COPC7	4
fam_000008	tr|A8N6F0|A8N6F0_COPC7	7
fam_000009	tr|A8N8B6|A8N8B6_COPC7	2
fam_000010	tr|A8NBU4|A8NBU4_COPC7	2
fam_000011	tr|A8NEC9|A8NEC9_COPC7	11
fam_000012	tr|A8NSC5|A8NSC5_COPC7	2
fam_000013	tr|A8NUE6|A8NUE6_COPC7	2
fam_000014	tr|A8P3D6|A8P3D6_COPC7	5
fam_000015	tr|A8PD61|A8PD61_COPC7	2
fam_000016	tr|D6RPS1|D6RPS1_COPC7	2
fam_000017	tr|D6RQ90|D6RQ90_COPC7	2
fam_000018	tr|A8N394|A8N394_COPC7	1
fam_000019	tr|A8N395|A8N395_COPC7	1
fam_000020	tr|A8N424|A8N424_COPC7	4
fam_000021	tr|A8N7V2|A8N7V2_COPC7	2
fam_000022	tr|A8NB47|A8NB47_COPC7	4
fam_000023	tr|A8NQV3|A8NQV3_COPC7	8
fam_000024	tr|A8NS75|A8NS75_COPC7	3
fam_000025	tr|A8PB90|A8PB90_COPC7	2
fam_000026	tr|A8PBP0|A8PBP0_COPC7	2
fam_000027	tr|A8PF19|A8PF19_COPC7	1
fam_000028	tr|A8PEW6|A8PEW6_COPC7	1
fam_000029	tr|D6RLM0|D6RLM0_COPC7	1
fam_000030	tr|A8NBU7|A8NBU7_COPC7	1
fam_000031	tr|D6RPR8|D6RPR8_COPC7	3
fam_000032	tr|A8N1S4|A8N1S4_COPC7	2
fam_000033	tr|A8N401|A8N401_COPC7	1
fam_000034	tr|A8P998|A8P998_COPC7	1
fam_000035	tr|A8N713|A8N713_COPC7	3
fam_000036	tr|A8N7S3|A8N7S3_COPC7	2
fam_000037	tr|A8N8E4|A8N8E4_COPC7	2
fam_000038	tr|A8NB57|A8NB57_COPC7	6
fam_000039	tr|A8NC58|A8NC58_COPC7	7
fam_000040	tr|A8NG90|A8NG90_COPC7	5
fam_000041	tr|A8NIZ6|A8NIZ6_COPC7	3
fam_000042	tr|A8NPR1|A8NPR1_COPC7	5
fam_000043	tr|A8NTX5|A8NTX5_COPC7	2
fam_000044	tr|A8P0U9|A8P0U9_COPC7	2
fam_000045	tr|A8P396|A8P396_COPC7	2
fam_000046	tr|A8P3A7|A8P3A7_COPC7	1
fam_000047	tr|D6RPX2|D6RPX2_COPC7	3
fam_000048	tr|D6RQ80|D6RQ80_COPC7	2
fam_000049	tr|A8N0U0|A8N0U0_COPC7	2
fam_000050	tr|A8N1X9|A8N1X9_COPC7	2
fam_000051	tr|A8N2B0|A8N2B0_COPC7	4
fam_000052	tr|A8NBR7|A8NBR7_COPC7	2
fam_000053	tr|A8NMJ2|A8NMJ2_COPC7	1
fam_000054	tr|A8NME2|A8NME2_COPC7	1
fam_000055	tr|A8NPY4|A8NPY4_COPC7	2
fam_000056	tr|A8NQ40|A8NQ40_COPC7	5
fam_000057	tr|A8NQS1|A8NQS1_COPC7	6
fam_000058	tr|A8NQW3|A8NQW3_COPC7	2
fam_000059	tr|A8P5Q3|A8P5Q3_COPC7	2
fam_000060	tr|A8P5L5|A8P5L5_COPC7	1
fam_000061	tr|A8P990|A8P990_COPC7	3
fam_000062	tr|A8PCW5|A8PCW5_COPC7	2
fam_000063	tr|D6RLG3|D6RLG3_COPC7	2
fam_000064	tr|D6RNR5|D6RNR5_COPC7	2
fam_000065	tr|A8N0Q0|A8N0Q0_COPC7	5
fam_000066	tr|A8N3P3|A8N3P3_COPC7	2
fam_000067	tr|A8N4G6|A8N4G6_COPC7	5
fam_000068	tr|A8NB19|A8NB19_COPC7	2
fam_000069	tr|A8NBJ7|A8NBJ7_COPC7	3
fam_000070	tr|A8NCH1|A8NCH1_COPC7	3
fam_000071	tr|A8NCG8|A8NCG8_COPC7	1
fam_000072	tr|A8NDT1|A8NDT1_COPC7	10
fam_000073	tr|A8NLY8|A8NLY8_COPC7	2
fam_000074	tr|A8PCJ2|A8PCJ2_COPC7	3
fam_000075	tr|A8PEC7|A8PEC7_COPC7	2
fam_000076	tr|A8PG81|A8PG81_COPC7	3
fam_000077	tr|D6RLC9|D6RLC9_COPC7	4
fam_000078	tr|A8MZS7|A8MZS7_COPC7	2
fam_000079	tr|A8NC66|A8NC66_COPC7	3
fam_000080	sp|P0CX45|RL2A_YEAST	9
fam_000081	sp|P29496|MCM5_YEAST	5
fam_000082	sp|P36022|DYHC_YEAST	4
fam_000083	sp|P40345|PDAT_YEAST	6
fam_000084	sp|Q00578|RAD25_YEAST	4
fam_000085	sp|Q05164|HPF1_YEAST	2
fam_000086	sp|Q07987|PAU23_YEAST	21
fam_000087	sp|P0CX99|YFG8_YEAST	8
fam_000088	sp|P25038|IF2M_YEAST	2
fam_000089	sp|P25637|YIH1_YEAST	2
fam_000090	sp|Q06683|IRC3_YEAST	3
fam_000091	sp|Q12235|YCT1_YEAST	3
fam_000092	sp|Q99385|VCX1_YEAST	9
fam_000093	sp|P00425|COX5B_YEAST	6
fam_000094	sp|P03965|CARB_YEAST	6
fam_000095	sp|P08566|ARO1_YEAST	6
fam_000096	sp|P38011|GBLP_YEAST	7
fam_000097	sp|P38068|GLRX7_YEAST	1
fam_000098	sp|Q12438|GLRX6_YEAST	1
fam_000099	sp|P38088|SYG_YEAST	8
fam_000100	sp|P38785|GIC1_YEAST	2
fam_000101	sp|P39717|GPB2_YEAST	2
fam_000102	sp|P46974|RSF2_YEAST	1
fam_000103	sp|Q04545|TDA9_YEAST	1
fam_000104	sp|P53107|YRB30_YEAST	2
fam_000105	sp|Q06178|NMA1_YEAST	3
fam_000106	sp|Q06266|TOS4_YEAST	1
fam_000107	sp|Q04383|PLM2_YEAST	1
fam_000108	sp|Q06488|RSC2_YEAST	1
fam_000109	sp|P53236|RSC1_YEAST	1
fam_000110	sp|Q07508|LUC7_YEAST	4
fam_000111	sp|Q12488|PSF1_YEAST	5
fam_000112	sp|Q6Q5P6|YH41A_YEAST	2
fam_000113	sp|P07560|SEC4_YEAST	36
fam_000114	sp|P0CY03|YL15A_YEAST	4
fam_000115	sp|P11914|MPPA_YEAST	6
fam_000116	sp|P25491|MAS5_YEAST	21
fam_000117	sp|P31374|PSK1_YEAST	1
fam_000118	sp|Q08217|PSK2_YEAST	1
fam_000119	sp|P32903|PMP1_YEAST	2
fam_000120	sp|P36029|TPO5_YEAST	3
fam_000121	sp|P36066|MGR3L_YEAST	1
fam_000122	sp|Q04472|MGR3_YEAST	1
fam_000123	sp|P40204|RUXG_YEAST	5
fam_000124	sp|P53758|YN9D_YEAST	2
fam_000125	sp|Q03081|MET31_YEAST	1
fam_000126	sp|Q12041|MET32_YEAST	1
fam_000127	sp|Q06108|RGC1_YEAST	1
fam_000128	sp|P48361|ASK10_YEAST	1
fam_000129	sp|Q12396|EMP46_YEAST	1
fam_000130	sp|P43555|EMP47_YEAST	1
fam_000131	sp|P04397|GAL10_YEAST	2
fam_000132	sp|P0CH64|DDI3_YEAST	1
fam_000133	sp|P0CH63|DDI2_YEAST	1
fam_000134	sp|P22696|ESS1_YEAST	5
fam_000135	sp|P47135|JSN1_YEAST	1
fam_000136	sp|Q12221|PUF2_YEAST	1
fam_000137	sp|P52870|SC6B1_YEAST	6
fam_000138	sp|Q03446|RCR2_YEAST	2
fam_000139	sp|Q03940|RUVB1_YEAST	11
fam_000140	sp|P00856|ATP8_YEAST	3
fam_000141	sp|P14540|ALF_YEAST	7
fam_000142	sp|P14743|NMT_YEAST	5
fam_000143	sp|P32492|MYO4_YEAST	10
fam_000144	sp|P48164|RS7B_YEAST	7
fam_000145	sp|Q03629|YMH9_YEAST	2
fam_000146	sp|Q03834|MSH6_YEAST	6
fam_000147	sp|Q06625|GDE_YEAST	4
fam_000148	sp|Q08224|THI20_YEAST	8
fam_000149	sp|Q08908|FRE5_YEAST	5
fam_000150	sp|P0CX81|MTCU2_YEAST	2
fam_000151	sp|P40169|YNT4_YEAST	1
fam_000152	sp|Q07651|FMP45_YEAST	1
fam_000153	sp|P53722|ATP23_YEAST	5
fam_000154	sp|P53909|ADE_YEAST	3
fam_000155	sp|Q08925|MRN1_YEAST	2
fam_000156	sp|Q12676|FOLD_YEAST	5
fam_000157	sp|P07143|CY1_YEAST	7
fam_000158	sp|P22217|TRX1_YEAST	6
fam_000159	sp|P33317|DUT_YEAST	5
fam_000160	sp|P47089|DENR_YEAST	6
fam_000161	sp|Q03178|PIR1_YEAST	4
fam_000162	sp|Q05498|FCF1_YEAST	6
fam_000163	sp|Q08702|APTX_YEAST	3
fam_000164	sp|Q12417|PRP46_YEAST	4
fam_000165	sp|Q96VH4|HBN1_YEAST	3
fam_000166	sp|P11986|INO1_YEAST	5
fam_000167	sp|P13856|RSR1_YEAST	2
fam_000168	sp|P01119|RAS1_YEAST	1
fam_000169	sp|P38238|TRM7_YEAST	3
fam_000170	sp|P50861|RIB4_YEAST	3
fam_000171	sp|Q12340|YRM1_YEAST	1
fam_000172	sp|Q12172|YRR1_YEAST	1
fam_000173	sp|P14742|GFA1_YEAST	6
fam_000174	sp|P25596|GEX1_YEAST	5
fam_000175	sp|P43577|GNA1_YEAST	6
fam_000176	sp|P47977|CTH2_YEAST	2
fam_000177	sp|P53615|CAN_YEAST	4
fam_000178	sp|Q03764|EKI1_YEAST	1
fam_000179	sp|P20485|KICH_YEAST	1
fam_000180	sp|Q12300|RGT2_YEAST	1
fam_000181	sp|P10870|SNF3_YEAST	1
fam_000182	sp|Q12525|MHT1_YEAST	1
fam_000183	sp|Q08985|SAM4_YEAST	1
fam_000184	sp|O14228|PUR4_SCHPO	6
fam_000185	sp|O42857|NPR2_SCHPO	3
fam_000186	sp|O43090|NDH2_SCHPO	9
fam_000187	sp|O59771|KCY_SCHPO	5
fam_000188	sp|O60181|RIB3_SCHPO	5
fam_000189	sp|O74422|YQ56_SCHPO	6
fam_000190	sp|O74541|YCV2_SCHPO	1
fam_000191	sp|O74915|YJ74_SCHPO	1
fam_000192	sp|O94384|ELY5_SCHPO	2
fam_000193	sp|P50582|HSK1_SCHPO	4
fam_000194	sp|P87304|YB22_SCHPO	3
fam_000195	sp|Q10479|ALG8_SCHPO	3
fam_000196	sp|Q9C0Z1|YKM1_SCHPO	4
fam_000197	sp|Q9Y7M8|YNTB_SCHPO	3
fam_000198	sp|O13984|WRIP1_SCHPO	5
fam_000199	sp|O14267|YFPC_SCHPO	1
fam_000200	sp|P87293|YDN1_SCHPO	1
fam_000201	sp|O59758|YJM3_SCHPO	2
fam_000202	sp|O59829|YCU9_SCHPO	2
fam_000203	sp|O59945|FIMB_SCHPO	7
fam_000204	sp|O74496|COPD_SCHPO	2
fam_000205	sp|O74800|IMP1_SCHPO	3
fam_000206	sp|O94290|IST3_SCHPO	3
fam_000207	sp|P40921|EF1G_SCHPO	7
fam_000208	sp|P87177|YB1C_SCHPO	6
fam_000209	sp|Q9P7V6|VPS33_SCHPO	3
fam_000210	sp|Q9US53|JMJ2_SCHPO	2
fam_000211	sp|Q9UUG5|MLR1_SCHPO	3
fam_000212	sp|Q9Y7S2|YQO3_SCHPO	2
fam_000213	sp|Q9Y7T7|PRP28_SCHPO	7
fam_000214	sp|O13910|MPP10_SCHPO	4
fam_000215	sp|O14122|CUL4_SCHPO	2
fam_000216	sp|O60161|UTP4_SCHPO	2
fam_000217	sp|O74442|UBP16_SCHPO	2
fam_000218	sp|O74508|SPP1_SCHPO	2
fam_000219	sp|O94361|YHOE_SCHPO	5
fam_000220	sp|O94374|IMA2_SCHPO	8
fam_000221	sp|O94567|SYNC_SCHPO	6
fam_000222	sp|P28876|PMA2_SCHPO	15
fam_000223	sp|P36618|CDC16_SCHPO	5
fam_000224	sp|P87059|MIA40_SCHPO	2
fam_000225	sp|Q9C1W8|PPN1_SCHPO	4
fam_000226	sp|Q9P7T6|YIW4_SCHPO	6
fam_000227	sp|Q9UTA5|TYW3_SCHPO	3
fam_000228	sp|Q9UU85|PPK38_SCHPO	4
fam_000229	sp|O13762|ULS11_SCHPO	4
fam_000230	sp|O14212|PQR1_SCHPO	4
fam_000231	sp|O60116|RBSK_SCHPO	5
fam_000232	sp|O74971|ATG5_SCHPO	3
fam_000233	sp|P0CT33|TLH1_SCHPO	1
fam_000234	sp|Q1RKN3|TLH2_SCHPO	1
fam_000235	sp|P36209|ERG4_SCHPO	16
fam_000236	sp|P36598|THI1_SCHPO	1
fam_000237	sp|O14130|YF54_SCHPO	1
fam_000238	sp|P87314|HIR1_SCHPO	6
fam_000239	sp|Q10348|YDA6_SCHPO	2
fam_000240	sp|Q10481|TIM13_SCHPO	4
fam_000241	sp|Q9HE07|YK96_SCHPO	2
fam_000242	sp|Q9P6N5|DS1PP_SCHPO	3
fam_000243	tr|A0A1U7LS98|A0A1U7LS98_NEOID	3
fam_000244	tr|A0A1U7LTD3|A0A1U7LTD3_NEOID	2
fam_000245	tr|A0A1U7LTG0|A0A1U7LTG0_NEOID	5
fam_000246	tr|A0A1U7LUC4|A0A1U7LUC4_NEOID	2
fam_000247	tr|A0A1U7LVB9|A0A1U7LVB9_NEOID	2
fam_000248	tr|A0A1U7LVF1|A0A1U7LVF1_NEOID	3
fam_000249	tr|A0A1U7LWA0|A0A1U7LWA0_NEOID	4
fam_000250	tr|A0A1U7LI75|A0A1U7LI75_NEOID	10
fam_000251	tr|A0A1U7LIZ2|A0A1U7LIZ2_NEOID	7
fam_000252	tr|A0A1U7LKI2|A0A1U7LKI2_NEOID	2
fam_000253	tr|A0A1U7LN05|A0A1U7LN05_NEOID	5
fam_000254	tr|A0A1U7LNW5|A0A1U7LNW5_NEOID	3
fam_000255	tr|A0A1U7LRB2|A0A1U7LRB2_NEOID	7
fam_000256	tr|A0A1U7LRY4|A0A1U7LRY4_NEOID	6
fam_000257	tr|A0A1U7LRU1|A0A1U7LRU1_NEOID	2
fam_000258	tr|A0A1U7LRU5|A0A1U7LRU5_NEOID	1
fam_000259	tr|A0A1U7LJ17|A0A1U7LJ17_NEOID	1
fam_000260	tr|A0A1U7LV75|A0A1U7LV75_NEOID	6
fam_000261	tr|A0A1U7LVX3|A0A1U7LVX3_NEOID	6
fam_000262	tr|A0A1U7LWJ4|A0A1U7LWJ4_NEOID	6
fam_000263	tr|A0A1U7LWM7|A0A1U7LWM7_NEOID	2
fam_000264	tr|A0A1U7LH37|A0A1U7LH37_NEOID	5
fam_000265	tr|A0A1U7LHC9|A0A1U7LHC9_NEOID	16
fam_000266	tr|A0A1U7LHS8|A0A1U7LHS8_NEOID	9
fam_000267	tr|A0A1U7LI26|A0A1U7LI26_NEOID	4
fam_000268	tr|A0A1U7LJD7|A0A1U7LJD7_NEOID	2
fam_000269	tr|A0A1U7LK97|A0A1U7LK97_NEOID	4
fam_000270	tr|A0A1U7LKB9|A0A1U7LKB9_NEOID	2
fam_000271	tr|A0A1U7LMI8|A0A1U7LMI8_NEOID	5
fam_000272	tr|A0A1U7LMX4|A0A1U7LMX4_NEOID	2
fam_000273	tr|A0A1U7LNK9|A0A1U7LNK9_NEOID	4
fam_000274	tr|A0A1U7LNP5|A0A1U7LNP5_NEOID	5
fam_000275	tr|A0A1U7LPT0|A0A1U7LPT0_NEOID	6
fam_000276	tr|A0A1U7LSB2|A0A1U7LSB2_NEOID	7
fam_000277	tr|A0A1U7LSQ3|A0A1U7LSQ3_NEOID	6
fam_000278	tr|A0A1U7LSQ6|A0A1U7LSQ6_NEOID	9
fam_000279	tr|A0A1U7LTK1|A0A1U7LTK1_NEOID	2
fam_000280	tr|A0A1U7LTM7|A0A1U7LTM7_NEOID	6
fam_000281	tr|A0A1U7LTX8|A0A1U7LTX8_NEOID	2
fam_000282	tr|A0A1U7LU12|A0A1U7LU12_NEOID	2
fam_000283	tr|A0A1U7LV15|A0A1U7LV15_NEOID	3
fam_000284	tr|A0A1U7LV83|A0A1U7LV83_NEOID	8
fam_000285	tr|A0A1U7LIZ9|A0A1U7LIZ9_NEOID	3
fam_000286	tr|A0A1U7LKK9|A0A1U7LKK9_NEOID	5
fam_000287	tr|A0A1U7LKM8|A0A1U7LKM8_NEOID	5
fam_000288	tr|A0A1U7LLW2|A0A1U7LLW2_NEOID	5
fam_000289	tr|A0A1U7LNT8|A0A1U7LNT8_NEOID	1
fam_000290	tr|A0A1U7LN41|A0A1U7LN41_NEOID	1
fam_000291	tr|A0A1U7LPE7|A0A1U7LPE7_NEOID	6
fam_000292	tr|A0A1U7LPI1|A0A1U7LPI1_NEOID	3
fam_000293	tr|A0A1U7LPU8|A0A1U7LPU8_NEOID	5
fam_000294	tr|A0A1U7LQ73|A0A1U7LQ73_NEOID	2
fam_000295	tr|A0A1U7LRZ9|A0A1U7LRZ9_NEOID	4
fam_000296	tr|A0A1U7LSP0|A0A1U7LSP0_NEOID	3
fam_000297	tr|A0A1U7LST9|A0A1U7LST9_NEOID	2
fam_000298	tr|A0A1U7LTD4|A0A1U7LTD4_NEOID	2
fam_000299	tr|A0A1U7LTW7|A0A1U7LTW7_NEOID	6
fam_000300	tr|A0A1U7LTX4|A0A1U7LTX4_NEOID	1
fam_000301	tr|A0A1U7LPE8|A0A1U7LPE8_NEOID	1
fam_000302	tr|A0A1U7LV65|A0A1U7LV65_NEOID	5
fam_000303	tr|A0A1U7LGR5|A0A1U7LGR5_NEOID	3
fam_000304	tr|A0A1U7LH67|A0A1U7LH67_NEOID	5
fam_000305	tr|A0A1U7LHF6|A0A1U7LHF6_NEOID	3
fam_000306	tr|A0A1U7LHT5|A0A1U7LHT5_NEOID	2
fam_000307	tr|A0A1U7LJZ2|A0A1U7LJZ2_NEOID	4
fam_000308	tr|A0A1U7LKS6|A0A1U7LKS6_NEOID	3
fam_000309	tr|A0A1U7LME8|A0A1U7LME8_NEOID	2
fam_000310	tr|A0A1U7LMG6|A0A1U7LMG6_NEOID	3
fam_000311	tr|A0A1U7LMK9|A0A1U7LMK9_NEOID	3
fam_000312	tr|A0A1U7LMZ6|A0A1U7LMZ6_NEOID	5
fam_000313	tr|A0A1U7LNL0|A0A1U7LNL0_NEOID	5
fam_000314	tr|A0A1U7LQE0|A0A1U7LQE0_NEOID	3
fam_000315	tr|A0A1U7LR77|A0A1U7LR77_NEOID	4
fam_000316	tr|A0A1U7LT03|A0A1U7LT03_NEOID	2
fam_000317	tr|A0A1U7LVA4|A0A1U7LVA4_NEOID	1
fam_000318	tr|A0A1U7LVH8|A0A1U7LVH8_NEOID	4
fam_000319	tr|A0A1U7LW47|A0A1U7LW47_NEOID	5
fam_000320	tr|A0A1U7LI12|A0A1U7LI12_NEOID	6
fam_000321	tr|A0A1U7LJP7|A0A1U7LJP7_NEOID	1
fam_000322	tr|A0A1U7LTL7|A0A1U7LTL7_NEOID	1
fam_000323	tr|A0A1U7LJQ2|A0A1U7LJQ2_NEOID	4
fam_000324	tr|A0A1U7LJR3|A0A1U7LJR3_NEOID	2
fam_000325	tr|A0A1U7LJW8|A0A1U7LJW8_NEOID	4
fam_000326	tr|A0A1U7LK34|A0A1U7LK34_NEOID	10
fam_000327	tr|A0A1U7LL82|A0A1U7LL82_NEOID	3
fam_000328	tr|A0A1U7LLA7|A0A1U7LLA7_NEOID	2
fam_000329	tr|A0A1U7LQ78|A0A1U7LQ78_NEOID	2
fam_000330	tr|A0A1U7LR25|A0A1U7LR25_NEOID	3
fam_000331	tr|A0A1U7LQJ4|A0A1U7LQJ4_NEOID	3
fam_000332	tr|A0A1U7LQM6|A0A1U7LQM6_NEOID	6
fam_000333	tr|A0A1U7LQQ1|A0A1U7LQQ1_NEOID	6
fam_000334	tr|A0A1U7LRG0|A0A1U7LRG0_NEOID	4
fam_000335	tr|A0A1U7LRJ8|A0A1U7LRJ8_NEOID	3
fam_000336	tr|A0A1U7LVC0|A0A1U7LVC0_NEOID	4
fam_000337	tr|A0A1U7LVD6|A0A1U7LVD6_NEOID	6
fam_000338	tr|A0A1U7LW00|A0A1U7LW00_NEOID	2
fam_000339	tr|A0A1U7LGN1|A0A1U7LGN1_NEOID	5
fam_000340	tr|A0A1U7LIZ1|A0A1U7LIZ1_NEOID	11
fam_000341	tr|A0A1U7LJY7|A0A1U7LJY7_NEOID	2
fam_000342	tr|A0A1U7LK76|A0A1U7LK76_NEOID	6
fam_000343	tr|A0A1U7LLY3|A0A1U7LLY3_NEOID	6
fam_000344	tr|A0A1U7LM74|A0A1U7LM74_NEOID	3
fam_000345	tr|A0A1U7LPC5|A0A1U7LPC5_NEOID	5
fam_000346	tr|A0A1U7LQW5|A0A1U7LQW5_NEOID	9
fam_000347	tr|A0A1U7LTJ9|A0A1U7LTJ9_NEOID	4
fam_000348	tr|A0A1U7LTW5|A0A1U7LTW5_NEOID	4
fam_000349	tr|A0A1U7LVF2|A0A1U7LVF2_NEOID	2
fam_000350	tr|A0A1U7LVH4|A0A1U7LVH4_NEOID	5
fam_000351	tr|A0A1U7LVM9|A0A1U7LVM9_NEOID	2
fam_000352	tr|A0A1U7LWV4|A0A1U7LWV4_NEOID	4
fam_000353	tr|A0A1U7LWZ2|A0A1U7LWZ2_NEOID	6
fam_000354	tr|A0A1U7LGR4|A0A1U7LGR4_NEOID	6
fam_000355	tr|A0A1U7LHD6|A0A1U7LHD6_NEOID	4
fam_000356	tr|A0A1U7LJR1|A0A1U7LJR1_NEOID	2
fam_000357	tr|A0A1U7LMY7|A0A1U7LMY7_NEOID	6
fam_000358	tr|A0A1U7LQ03|A0A1U7LQ03_NEOID	5
fam_000359	tr|A8NHJ0|A8NHJ0_COPC7	4
fam_000360	tr|A8NKF7|A8NKF7_COPC7	3
fam_000361	tr|A8NU36|A8NU36_COPC7	5
fam_000362	tr|A8NVF9|A8NVF9_COPC7	2
fam_000363	tr|A8NVG8|A8NVG8_COPC7	8
fam_000364	tr|A8NW49|A8NW49_COPC7	2
fam_000365	tr|A8NYA0|A8NYA0_COPC7	9
fam_000366	tr|A8NYU6|A8NYU6_COPC7	4
fam_000367	tr|A8P6K4|A8P6K4_COPC7	3
fam_000368	tr|A8PH26|A8PH26_COPC7	5
fam_000369	tr|A8PIJ0|A8PIJ0_COPC7	4
fam_000370	tr|A8N840|A8N840_COPC7	3
fam_000371	tr|A8NDJ7|A8NDJ7_COPC7	2
fam_000372	tr|A8NDS4|A8NDS4_COPC7	4
fam_000373	tr|A8NG85|A8NG85_COPC7	2
fam_000374	tr|A8NU00|A8NU00_COPC7	2
fam_000375	tr|A8NWN4|A8NWN4_COPC7	4
fam_000376	tr|A8NWV2|A8NWV2_COPC7	7
fam_000377	tr|A8NXH3|A8NXH3_COPC7	2
fam_000378	tr|A8P3M0|A8P3M0_COPC7	2
fam_000379	tr|A8P4J6|A8P4J6_COPC7	3
fam_000380	tr|A8PFL8|A8PFL8_COPC7	1
fam_000381	tr|A8PFI4|A8PFI4_COPC7	1
fam_000382	tr|D6RLX1|D6RLX1_COPC7	2
fam_000383	tr|A8N180|A8N180_COPC7	2
fam_000384	tr|A8N304|A8N304_COPC7	4
fam_000385	tr|A8N672|A8N672_COPC7	3
fam_000386	tr|A8NFT0|A8NFT0_COPC7	2
fam_000387	tr|A8NNV4|A8NNV4_COPC7	2
fam_000388	tr|A8NTD5|A8NTD5_COPC7	4
fam_000389	tr|A8P0Y7|A8P0Y7_COPC7	2
fam_000390	tr|A8P1I3|A8P1I3_COPC7	2
fam_000391	tr|A8P5S2|A8P5S2_COPC7	2
fam_000392	tr|A8PDF3|A8PDF3_COPC7	3
fam_000393	tr|A8PJ27|A8PJ27_COPC7	6
fam_000394	tr|D6RL92|D6RL92_COPC7	9
fam_000395	tr|A8N040|A8N040_COPC7	4
fam_000396	tr|A8N082|A8N082_COPC7	2
fam_000397	tr|A8N2C2|A8N2C2_COPC7	3
fam_000398	tr|A8N2P7|A8N2P7_COPC7	2
fam_000399	tr|A8N7F4|A8N7F4_COPC7	3
fam_000400	tr|A8NIW4|A8NIW4_COPC7	1
fam_000401	tr|A8N596|A8N596_COPC7	1
fam_000402	tr|A8NNB4|A8NNB4_COPC7	1
fam_000403	tr|A8NNB7|A8NNB7_COPC7	1
fam_000404	tr|A8NRW1|A8NRW1_COPC7	4
fam_000405	tr|A8NTX9|A8NTX9_COPC7	1
fam_000406	tr|D6RMJ1|D6RMJ1_COPC7	1
fam_000407	tr|A8NVX0|A8NVX0_COPC7	2
fam_000408	tr|A8NXK2|A8NXK2_COPC7	5
fam_000409	tr|A8NYF2|A8NYF2_COPC7	4
fam_000410	tr|A8P011|A8P011_COPC7	4
fam_000411	tr|A8P2K2|A8P2K2_COPC7	3
fam_000412	tr|A8PA68|A8PA68_COPC7	2
fam_000413	tr|A8N865|A8N865_COPC7	3
fam_000414	tr|A8N8F5|A8N8F5_COPC7	2
fam_000415	tr|A8NP08|A8NP08_COPC7	1
fam_000416	tr|A8NP41|A8NP41_COPC7	1
fam_000417	tr|A8NI36|A8NI36_COPC7	2
fam_000418	sp|Q9UTA4|POPI_SCHPO	2
fam_000419	sp|O14094|PPX1_SCHPO	2
fam_000420	sp|O43060|EIF3F_SCHPO	5
fam_000421	sp|O59666|ATU2_SCHPO	3
fam_000422	sp|O59815|MAE2_SCHPO	1
fam_000423	sp|P50537|MAE1_SCHPO	1
fam_000424	sp|O60063|NAM9_SCHPO	2
fam_000425	sp|O74468|SUMT_SCHPO	3
fam_000426	sp|O94480|BMT5_SCHPO	4
fam_000427	sp|P41391|RNA1_SCHPO	6
fam_000428	sp|P87305|CHAC_SCHPO	5
fam_000429	sp|Q9HDT8|YJ51_SCHPO	2
fam_000430	sp|Q9P7F9|CTR5_SCHPO	2
fam_000431	sp|Q9P7N4|ADAT3_SCHPO	3
fam_000432	sp|Q9P7R3|MTR3_SCHPO	4
fam_000433	sp|Q9USD4|ALG12_SCHPO	2
fam_000434	sp|Q9USI6|MYO2_SCHPO	2
fam_000435	sp|Q9USM9|COQ10_SCHPO	2
fam_000436	sp|Q9USQ9|PSB7_SCHPO	6
fam_000437	sp|Q9UT95|YL44_SCHPO	2
fam_000438	sp|Q9Y8G3|MEX67_SCHPO	2
fam_000439	sp|G2TRN6|YLZ1_SCHPO	16
fam_000440	sp|O42897|RPN3_SCHPO	6
fam_000441	sp|O60185|MTNA_SCHPO	6
fam_000442	sp|O74446|SIF2_SCHPO	7
fam_000443	sp|O74516|TRM44_SCHPO	4
fam_000444	sp|O94437|YFI3_SCHPO	6
fam_000445	sp|O94617|UAP1_SCHPO	7
fam_000446	sp|P05511|COBI1_SCHPO	3
fam_000447	sp|P05733|RL37B_SCHPO	9
fam_000448	sp|P28189|RS13_SCHPO	6
fam_000449	sp|P36590|KTHY_SCHPO	4
fam_000450	sp|P54069|BEM46_SCHPO	5
fam_000451	sp|Q92371|NACB_SCHPO	5
fam_000452	tr|A0A1U7LRD3|A0A1U7LRD3_NEOID	6
fam_000453	tr|A0A1U7LTB1|A0A1U7LTB1_NEOID	3
fam_000454	tr|A0A1U7LU72|A0A1U7LU72_NEOID	4
fam_000455	tr|A0A1U7LUU8|A0A1U7LUU8_NEOID	2
fam_000456	tr|A0A1U7LVB2|A0A1U7LVB2_NEOID	4
fam_000457	tr|A0A1U7LVV3|A0A1U7LVV3_NEOID	6
fam_000458	tr|A0A1U7LVV8|A0A1U7LVV8_NEOID	6
fam_000459	tr|A0A1U7LKI3|A0A1U7LKI3_NEOID	4
fam_000460	tr|A0A1U7LKI7|A0A1U7LKI7_NEOID	6
fam_000461	tr|A0A1U7LKU2|A0A1U7LKU2_NEOID	3
fam_000462	tr|A0A1U7LNT9|A0A1U7LNT9_NEOID	6
fam_000463	tr|A0A1U7LNV3|A0A1U7LNV3_NEOID	6
fam_000464	tr|A0A1U7LNX4|A0A1U7LNX4_NEOID	1
fam_000465	tr|A0A1U7LK48|A0A1U7LK48_NEOID	1
fam_000466	tr|A0A1U7LP36|A0A1U7LP36_NEOID	7
fam_000467	tr|A0A1U7LQA4|A0A1U7LQA4_NEOID	4
fam_000468	tr|A0A1U7LQK9|A0A1U7LQK9_NEOID	6
fam_000469	tr|A0A1U7LRR8|A0A1U7LRR8_NEOID	2
fam_000470	tr|A0A1U7LSR0|A0A1U7LSR0_NEOID	2
fam_000471	tr|A0A1U7LSS7|A0A1U7LSS7_NEOID	5
fam_000472	tr|A0A1U7LSY0|A0A1U7LSY0_NEOID	3
fam_000473	tr|A0A1U7LTD9|A0A1U7LTD9_NEOID	2
fam_000474	tr|A0A1U7LU06|A0A1U7LU06_NEOID	3
fam_000475	tr|A0A1U7LVS4|A0A1U7LVS4_NEOID	2
fam_000476	tr|A0A1U7LWG1|A0A1U7LWG1_NEOID	2
fam_000477	tr|A0A1U7LWH3|A0A1U7LWH3_NEOID	6
fam_000478	tr|A0A1U7LGJ5|A0A1U7LGJ5_NEOID	13
fam_000479	tr|A0A1U7LJ46|A0A1U7LJ46_NEOID	4
fam_000480	tr|A0A1U7LKD6|A0A1U7LKD6_NEOID	14
fam_000481	tr|A0A1U7LML8|A0A1U7LML8_NEOID	3
fam_000482	tr|A0A1U7LQT1|A0A1U7LQT1_NEOID	7
fam_000483	tr|A0A1U7LTN4|A0A1U7LTN4_NEOID	4
fam_000484	tr|A0A1U7LU85|A0A1U7LU85_NEOID	2
fam_000485	tr|A0A1U7LU99|A0A1U7LU99_NEOID	6
fam_000486	tr|A0A1U7LWC8|A0A1U7LWC8_NEOID	4
fam_000487	tr|A0A1U7LH07|A0A1U7LH07_NEOID	2
fam_000488	tr|A0A1U7LIL4|A0A1U7LIL4_NEOID	3
fam_000489	tr|A0A1U7LIZ0|A0A1U7LIZ0_NEOID	3
fam_000490	tr|A0A1U7LJG8|A0A1U7LJG8_NEOID	4
fam_000491	tr|A0A1U7LJS9|A0A1U7LJS9_NEOID	2
fam_000492	tr|A0A1U7LLW4|A0A1U7LLW4_NEOID	6
fam_000493	tr|A0A1U7LLX2|A0A1U7LLX2_NEOID	2
fam_000494	tr|A0A1U7LM19|A0A1U7LM19_NEOID	5
fam_000495	tr|A0A1U7LMJ2|A0A1U7LMJ2_NEOID	8
fam_000496	tr|A0A1U7LTQ7|A0A1U7LTQ7_NEOID	2
fam_000497	tr|A0A1U7LUK6|A0A1U7LUK6_NEOID	5
fam_000498	tr|A0A1U7LVE7|A0A1U7LVE7_NEOID	4
fam_000499	tr|A0A1U7LIC4|A0A1U7LIC4_NEOID	3
fam_000500	tr|A0A1U7LIK3|A0A1U7LIK3_NEOID	3
fam_000501	tr|A0A1U7LJB7|A0A1U7LJB7_NEOID	6
fam_000502	tr|A0A1U7LJG9|A0A1U7LJG9_NEOID	5
fam_000503	tr|A0A1U7LLI0|A0A1U7LLI0_NEOID	4
fam_000504	tr|A0A1U7LLM1|A0A1U7LLM1_NEOID	5
fam_000505	tr|A0A1U7LQZ6|A0A1U7LQZ6_NEOID	6
fam_000506	tr|A0A1U7LQS4|A0A1U7LQS4_NEOID	4
fam_000507	tr|A0A1U7LTY9|A0A1U7LTY9_NEOID	4
fam_000508	tr|A0A1U7LUC7|A0A1U7LUC7_NEOID	6
fam_000509	tr|A0A1U7LUM6|A0A1U7LUM6_NEOID	2
fam_000510	tr|A0A1U7LVN7|A0A1U7LVN7_NEOID	3
fam_000511	tr|A0A1U7LW85|A0A1U7LW85_NEOID	8
fam_000512	tr|A0A1U7LWI5|A0A1U7LWI5_NEOID	2
fam_000513	tr|A0A1U7LGP5|A0A1U7LGP5_NEOID	1
fam_000514	tr|A0A1U7LHH6|A0A1U7LHH6_NEOID	5
fam_000515	tr|A0A1U7LJM7|A0A1U7LJM7_NEOID	4
fam_000516	tr|A0A1U7LNN2|A0A1U7LNN2_NEOID	3
fam_000517	tr|A0A1U7LRP3|A0A1U7LRP3_NEOID	4
fam_000518	tr|A0A1U7LR50|A0A1U7LR50_NEOID	6
fam_000519	tr|A0A1U7LRM1|A0A1U7LRM1_NEOID	16
fam_000520	tr|A0A1U7LSI3|A0A1U7LSI3_NEOID	3
fam_000521	tr|A0A1U7LTU5|A0A1U7LTU5_NEOID	2
fam_000522	tr|A0A1U7LUH5|A0A1U7LUH5_NEOID	30
fam_000523	tr|A0A1U7LVT2|A0A1U7LVT2_NEOID	2
fam_000524	tr|A0A1U7LVV1|A0A1U7LVV1_NEOID	5
fam_000525	tr|A0A1U7LI51|A0A1U7LI51_NEOID	3
fam_000526	tr|A0A1U7LMA1|A0A1U7LMA1_NEOID	5
fam_000527	tr|A0A1U7LN99|A0A1U7LN99_NEOID	2
fam_000528	tr|A0A1U7LRS2|A0A1U7LRS2_NEOID	1
fam_000529	tr|A0A1U7LLP0|A0A1U7LLP0_NEOID	2
fam_000530	tr|A0A1U7LRW0|A0A1U7LRW0_NEOID	4
fam_000531	tr|A0A1U7LTE7|A0A1U7LTE7_NEOID	2
fam_000532	tr|A0A1U7LV74|A0A1U7LV74_NEOID	6
fam_000533	tr|A0A1U7LVR7|A0A1U7LVR7_NEOID	4
fam_000534	tr|A0A1U7LGJ3|A0A1U7LGJ3_NEOID	2
fam_000535	tr|A0A1U7LJ01|A0A1U7LJ01_NEOID	2
fam_000536	tr|A0A1U7LM25|A0A1U7LM25_NEOID	1
fam_000537	tr|A0A1U7LJ15|A0A1U7LJ15_NEOID	1
fam_000538	tr|A0A1U7LME0|A0A1U7LME0_NEOID	4
fam_000539	tr|A0A1U7LMS9|A0A1U7LMS9_NEOID	2
fam_000540	tr|A0A1U7LN83|A0A1U7LN83_NEOID	7
fam_000541	tr|A0A1U7LPB9|A0A1U7LPB9_NEOID	6
fam_000542	tr|A0A1U7LQ61|A0A1U7LQ61_NEOID	5
fam_000543	tr|A0A1U7LRT7|A0A1U7LRT7_NEOID	4
fam_000544	tr|A0A1U7LS31|A0A1U7LS31_NEOID	6
fam_000545	tr|A0A1U7LTH4|A0A1U7LTH4_NEOID	2
fam_000546	tr|A0A1U7LUW1|A0A1U7LUW1_NEOID	5
fam_000547	tr|A0A1U7LLH8|A0A1U7LLH8_NEOID	2
fam_000548	tr|A0A1U7LKP0|A0A1U7LKP0_NEOID	1
fam_000549	tr|A0A1U7LTR1|A0A1U7LTR1_NEOID	2
fam_000550	tr|A8N1E7|A8N1E7_COPC7	2
fam_000551	tr|A8N1Q8|A8N1Q8_COPC7	2
fam_000552	tr|A8N2V1|A8N2V1_COPC7	2
fam_000553	tr|A8N6B5|A8N6B5_COPC7	2
fam_000554	tr|A8N9S4|A8N9S4_COPC7	3
fam_000555	tr|A8NBK5|A8NBK5_COPC7	5
fam_000556	tr|A8NH03|A8NH03_COPC7	12
fam_000557	tr|A8NF22|A8NF22_COPC7	1
fam_000558	tr|A8NYN8|A8NYN8_COPC7	1
fam_000559	tr|A8NMG7|A8NMG7_COPC7	3
fam_000560	tr|A8P466|A8P466_COPC7	3
fam_000561	tr|A8P628|A8P628_COPC7	4
fam_000562	tr|A8P7C3|A8P7C3_COPC7	2
fam_000563	tr|A8P8N8|A8P8N8_COPC7	2
fam_000564	tr|D6RMA9|D6RMA9_COPC7	2
fam_000565	tr|A8N2R7|A8N2R7_COPC7	3
fam_000566	tr|A8N812|A8N812_COPC7	2
fam_000567	tr|A8NEY7|A8NEY7_COPC7	2
fam_000568	tr|A8NXE0|A8NXE0_COPC7	7
fam_000569	tr|A8P6A7|A8P6A7_COPC7	10
fam_000570	tr|A8P954|A8P954_COPC7	2
fam_000571	tr|A8PBA0|A8PBA0_COPC7	1
fam_000572	tr|A8NQX9|A8NQX9_COPC7	2
fam_000573	tr|A8PHM1|A8PHM1_COPC7	2
fam_000574	tr|D6RN00|D6RN00_COPC7	3
fam_000575	tr|D6RND3|D6RND3_COPC7	3
fam_000576	tr|D6RQ21|D6RQ21_COPC7	6
fam_000577	tr|A8N4B4|A8N4B4_COPC7	3
fam_000578	tr|A8N4K6|A8N4K6_COPC7	2
fam_000579	tr|A8N5L5|A8N5L5_COPC7	3
fam_000580	tr|A8NA75|A8NA75_COPC7	2
fam_000581	tr|A8NBF4|A8NBF4_COPC7	2
fam_000582	tr|A8NBH8|A8NBH8_COPC7	1
fam_000583	tr|D6RPR7|D6RPR7_COPC7	1
fam_000584	tr|A8NCS8|A8NCS8_COPC7	1
fam_000585	tr|A8P5K3|A8P5K3_COPC7	1
fam_000586	tr|A8P2D6|A8P2D6_COPC7	7
fam_000587	tr|A8P665|A8P665_COPC7	4
fam_000588	tr|A8P8Q1|A8P8Q1_COPC7	6
fam_000589	tr|A8PAM1|A8PAM1_COPC7	2
fam_000590	tr|D6RK29|D6RK29_COPC7	2
fam_000591	tr|D6RKB9|D6RKB9_COPC7	4
fam_000592	tr|D6RNI5|D6RNI5_COPC7	8
fam_000593	tr|A8N2A4|A8N2A4_COPC7	2
fam_000594	tr|A8N471|A8N471_COPC7	8
fam_000595	tr|A8N544|A8N544_COPC7	2
fam_000596	tr|A8N5N1|A8N5N1_COPC7	3
fam_000597	tr|A8N7H1|A8N7H1_COPC7	2
fam_000598	tr|A8NB40|A8NB40_COPC7	2
fam_000599	tr|A8NKI8|A8NKI8_COPC7	2
fam_000600	tr|A8NLU6|A8NLU6_COPC7	5
fam_000601	tr|A8NQ19|A8NQ19_COPC7	2
fam_000602	tr|A8NWK1|A8NWK1_COPC7	2
fam_000603	tr|A8NZ17|A8NZ17_COPC7	4
fam_000604	tr|A8P0G7|A8P0G7_COPC7	5
fam_000605	tr|A8PAU4|A8PAU4_COPC7	3
fam_000606	tr|D6RLZ5|D6RLZ5_COPC7	2
fam_000607	tr|A8N211|A8N211_COPC7	3
fam_000608	tr|A8N3S0|A8N3S0_COPC7	14
fam_000609	tr|A8N5A4|A8N5A4_COPC7	2
fam_000610	tr|A8N5W0|A8N5W0_COPC7	2
fam_000611	tr|A8NG10|A8NG10_COPC7	6
fam_000612	tr|A8NGB7|A8NGB7_COPC7	2
fam_000613	tr|A8NRJ0|A8NRJ0_COPC7	2
fam_000614	tr|A8NSQ8|A8NSQ8_COPC7	1
fam_000615	tr|A8P7Z1|A8P7Z1_COPC7	2
fam_000616	tr|A8NXF5|A8NXF5_COPC7	2
fam_000617	tr|A8P5E7|A8P5E7_COPC7	2
fam_000618	tr|A8P7M1|A8P7M1_COPC7	2
fam_000619	tr|D6RLA3|D6RLA3_COPC7	3
fam_000620	tr|D6RLK4|D6RLK4_COPC7	2
fam_000621	tr|A8N1E5|A8N1E5_COPC7	2
fam_000622	sp|Q09780|ERG12_SCHPO	3
fam_000623	sp|Q9HFE4|FMO1_SCHPO	4
fam_000624	sp|Q9HGM4|SCS3_SCHPO	2
fam_000625	sp|Q9URY6|DUR33_SCHPO	8
fam_000626	sp|Q9URZ2|YI09_SCHPO	4
fam_000627	sp|Q9US35|DSD1_SCHPO	5
fam_000628	sp|Q9UT34|YIQ9_SCHPO	4
fam_000629	sp|Q9UTH3|PPK6_SCHPO	2
fam_000630	sp|Q9UUJ9|ACH1_SCHPO	4
fam_000631	sp|Q9Y7K4|YGI2_SCHPO	4
fam_000632	sp|C6Y4A9|YAEQ_SCHPO	2
fam_000633	sp|O74135|CKI3_SCHPO	9
fam_000634	sp|O74735|ATX1_SCHPO	4
fam_000635	sp|O94354|ASSY_SCHPO	6
fam_000636	sp|O94596|YC86_SCHPO	2
fam_000637	sp|P08965|MEI2_SCHPO	2
fam_000638	sp|P36613|CGM2_SCHPO	3
fam_000639	sp|Q09782|GPI7_SCHPO	2
fam_000640	sp|Q9URT8|RL34B_SCHPO	7
fam_000641	sp|Q9UTI0|PYRC_SCHPO	6
fam_000642	sp|Q9UTK8|GMT_SCHPO	5
fam_000643	sp|Q9UTB3|YL85_SCHPO	7
fam_000644	sp|C6Y4D2|RM49_SCHPO	2
fam_000645	sp|O13931|ATP18_SCHPO	4
fam_000646	sp|O14081|TPSX_SCHPO	3
fam_000647	sp|O14098|CTK1_SCHPO	4
fam_000648	sp|O14356|TOR1_SCHPO	7
fam_000649	sp|O42875|SYWM_SCHPO	4
fam_000650	sp|O43034|YGU5_SCHPO	4
fam_000651	sp|O43050|ERG26_SCHPO	4
fam_000652	sp|O59710|ADRO_SCHPO	6
fam_000653	sp|O74821|DRE2_SCHPO	2
fam_000654	sp|O74975|PCY1_SCHPO	2
fam_000655	sp|O94446|ESA1_SCHPO	9
fam_000656	sp|Q09672|PANB_SCHPO	6
fam_000657	sp|Q09715|TUP11_SCHPO	7
fam_000658	sp|Q09834|YAD8_SCHPO	3
fam_000659	sp|Q09905|AP3S_SCHPO	15
fam_000660	sp|Q9P7Y2|SDHF3_SCHPO	2
fam_000661	sp|Q9UTI9|YKZ2_SCHPO	2
fam_000662	sp|Q9UUE4|PPIL4_SCHPO	3
fam_000663	sp|O13718|VTC2_SCHPO	5
fam_000664	sp|O13782|FNTB_SCHPO	3
fam_000665	sp|O13825|YOS1_SCHPO	4
fam_000666	sp|O14110|GCST_SCHPO	5
fam_000667	sp|O74311|NAA30_SCHPO	3
fam_000668	sp|O74400|YOCE_SCHPO	3
fam_000669	sp|O74978|YQL5_SCHPO	3
fam_000670	sp|P87169|MAD1_SCHPO	2
fam_000671	sp|P87312|CLF1_SCHPO	7
fam_000672	sp|Q09751|LGUL_SCHPO	3
fam_000673	sp|Q10173|NUF2_SCHPO	2
fam_000674	sp|Q10990|CDT2_SCHPO	2
fam_000675	sp|Q8TF80|WTF5_SCHPO	8
fam_000676	sp|Q9P7H1|FLP1_SCHPO	2
fam_000677	sp|Q9P7J5|YJNA_SCHPO	6
fam_000678	sp|Q9UT41|BST1_SCHPO	4
fam_000679	sp|Q9UTE5|E2AK2_SCHPO	3
fam_000680	sp|Q9UTF6|COX6_SCHPO	5
fam_000681	sp|O14313|PMP20_SCHPO	7
fam_000682	sp|O14349|ISN1_SCHPO	2
fam_000683	sp|O42963|NUP44_SCHPO	3
fam_000684	sp|O74529|YJ48_SCHPO	5
fam_000685	sp|O94344|PET82_SCHPO	8
fam_000686	sp|O94389|CC124_SCHPO	4
fam_000687	sp|P78917|G6PI_SCHPO	5
fam_000688	sp|P87235|RHP42_SCHPO	2
fam_000689	sp|Q09863|NST1_SCHPO	2
fam_000690	sp|Q10169|DSK2_SCHPO	6
fam_000691	sp|Q10292|MEK1_SCHPO	4
fam_000692	sp|Q10415|PMIP_SCHPO	7
fam_000693	sp|Q92354|RL24A_SCHPO	10
fam_000694	sp|Q9C106|RPC3_SCHPO	2
fam_000695	sp|Q9UTK0|NOB1_SCHPO	6
fam_000696	sp|Q9UTN9|ATL1_SCHPO	3
fam_000697	sp|Q9UUI3|SA145_SCHPO	5
fam_000698	sp|O13682|SWR1_SCHPO	2
fam_000699	sp|O13843|ALLA_SCHPO	2
fam_000700	sp|O13853|ITS3_SCHPO	2
fam_000701	sp|O13947|MTU1_SCHPO	3
fam_000702	sp|O14000|SYMM_SCHPO	5
fam_000703	sp|O59802|GPI2_SCHPO	3
fam_000704	sp|O94302|RFT1_SCHPO	4
fam_000705	sp|O94683|RRP7_SCHPO	2
fam_000706	sp|P0CY15|MATMI_SCHPO	2
fam_000707	sp|P36599|PDE1_SCHPO	3
fam_000708	sp|P78825|ADK_SCHPO	6
fam_000709	sp|P78937|MET3_SCHPO	6
fam_000710	sp|P87137|YDM6_SCHPO	5
fam_000711	sp|Q10212|YAY4_SCHPO	5
fam_000712	sp|Q10316|ARPC5_SCHPO	5
fam_000713	sp|Q9P7U1|YI7F_SCHPO	1
fam_000714	sp|O14359|YB4E_SCHPO	1
fam_000715	tr|A0A1U7LST7|A0A1U7LST7_NEOID	6
fam_000716	tr|A0A1U7LT32|A0A1U7LT32_NEOID	4
fam_000717	tr|A0A1U7LT34|A0A1U7LT34_NEOID	6
fam_000718	tr|A0A1U7LTP4|A0A1U7LTP4_NEOID	2
fam_000719	tr|A0A1U7LU75|A0A1U7LU75_NEOID	5
fam_000720	tr|A0A1U7LV68|A0A1U7LV68_NEOID	7
fam_000721	tr|A0A1U7LWN1|A0A1U7LWN1_NEOID	2
fam_000722	tr|A0A1U7LIE4|A0A1U7LIE4_NEOID	2
fam_000723	tr|A0A1U7LJN8|A0A1U7LJN8_NEOID	3
fam_000724	tr|A0A1U7LKL9|A0A1U7LKL9_NEOID	3
fam_000725	tr|A0A1U7LMX1|A0A1U7LMX1_NEOID	7
fam_000726	tr|A0A1U7LN66|A0A1U7LN66_NEOID	2
fam_000727	tr|A0A1U7LPF8|A0A1U7LPF8_NEOID	6
fam_000728	tr|A0A1U7LQ12|A0A1U7LQ12_NEOID	2
fam_000729	tr|A0A1U7LQY5|A0A1U7LQY5_NEOID	2
fam_000730	tr|A0A1U7LTR6|A0A1U7LTR6_NEOID	8
fam_000731	tr|A0A1U7LTR8|A0A1U7LTR8_NEOID	2
fam_000732	tr|A0A1U7LHJ7|A0A1U7LHJ7_NEOID	2
fam_000733	tr|A0A1U7LIS9|A0A1U7LIS9_NEOID	3
fam_000734	tr|A0A1U7LJ23|A0A1U7LJ23_NEOID	2
fam_000735	tr|A0A1U7LJH1|A0A1U7LJH1_NEOID	2
fam_000736	tr|A0A1U7LJH5|A0A1U7LJH5_NEOID	2
fam_000737	tr|A0A1U7LKK8|A0A1U7LKK8_NEOID	4
fam_000738	tr|A0A1U7LKL6|A0A1U7LKL6_NEOID	6
fam_000739	tr|A0A1U7LMC7|A0A1U7LMC7_NEOID	3
fam_000740	tr|A0A1U7LNY9|A0A1U7LNY9_NEOID	6
fam_000741	tr|A0A1U7LPJ8|A0A1U7LPJ8_NEOID	8
fam_000742	tr|A0A1U7LQ20|A0A1U7LQ20_NEOID	4
fam_000743	tr|A0A1U7LUZ7|A0A1U7LUZ7_NEOID	7
fam_000744	tr|A0A1U7LV59|A0A1U7LV59_NEOID	2
fam_000745	tr|A0A1U7LV87|A0A1U7LV87_NEOID	4
fam_000746	tr|A0A1U7LWP4|A0A1U7LWP4_NEOID	5
fam_000747	tr|A0A1U7LGT5|A0A1U7LGT5_NEOID	2
fam_000748	tr|A0A1U7LHW6|A0A1U7LHW6_NEOID	3
fam_000749	tr|A0A1U7LIF2|A0A1U7LIF2_NEOID	8
fam_000750	tr|A0A1U7LJ53|A0A1U7LJ53_NEOID	2
fam_000751	tr|A0A1U7LJZ4|A0A1U7LJZ4_NEOID	6
fam_000752	tr|A0A1U7LQI5|A0A1U7LQI5_NEOID	1
fam_000753	tr|A0A1U7LK10|A0A1U7LK10_NEOID	1
fam_000754	tr|A0A1U7LQN2|A0A1U7LQN2_NEOID	3
fam_000755	tr|A0A1U7LR10|A0A1U7LR10_NEOID	2
fam_000756	tr|A0A1U7LRY2|A0A1U7LRY2_NEOID	2
fam_000757	tr|A0A1U7LSV1|A0A1U7LSV1_NEOID	9
fam_000758	tr|A0A1U7LT08|A0A1U7LT08_NEOID	4
fam_000759	tr|A0A1U7LWY1|A0A1U7LWY1_NEOID	3
fam_000760	tr|A0A1U7LHB9|A0A1U7LHB9_NEOID	6
fam_000761	tr|A0A1U7LK72|A0A1U7LK72_NEOID	5
fam_000762	tr|A0A1U7LKR2|A0A1U7LKR2_NEOID	1
fam_000763	tr|A0A1U7LNV5|A0A1U7LNV5_NEOID	1
fam_000764	tr|A0A1U7LMF4|A0A1U7LMF4_NEOID	4
fam_000765	tr|A0A1U7LND2|A0A1U7LND2_NEOID	4
fam_000766	tr|A0A1U7LNF8|A0A1U7LNF8_NEOID	3
fam_000767	tr|A0A1U7LPJ3|A0A1U7LPJ3_NEOID	2
fam_000768	tr|A0A1U7LRE1|A0A1U7LRE1_NEOID	1
fam_000769	tr|A0A1U7LV27|A0A1U7LV27_NEOID	1
fam_000770	tr|A0A1U7LT20|A0A1U7LT20_NEOID	4
fam_000771	tr|A0A1U7LW95|A0A1U7LW95_NEOID	2
fam_000772	tr|A0A1U7LGL1|A0A1U7LGL1_NEOID	4
fam_000773	tr|A0A1U7LGP1|A0A1U7LGP1_NEOID	2
fam_000774	tr|A0A1U7LJ13|A0A1U7LJ13_NEOID	2
fam_000775	tr|A0A1U7LNT1|A0A1U7LNT1_NEOID	2
fam_000776	tr|A0A1U7LPT8|A0A1U7LPT8_NEOID	2
fam_000777	tr|A0A1U7LS10|A0A1U7LS10_NEOID	3
fam_000778	tr|A0A1U7LTB0|A0A1U7LTB0_NEOID	4
fam_000779	tr|A0A1U7LRM3|A0A1U7LRM3_NEOID	10
fam_000780	tr|A0A1U7LTF4|A0A1U7LTF4_NEOID	2
fam_000781	tr|A0A1U7LU53|A0A1U7LU53_NEOID	5
fam_000782	tr|A0A1U7LUH3|A0A1U7LUH3_NEOID	4
fam_000783	tr|A0A1U7LUY9|A0A1U7LUY9_NEOID	1
fam_000784	tr|A0A1U7LPK6|A0A1U7LPK6_NEOID	1
fam_000785	tr|A0A1U7LI56|A0A1U7LI56_NEOID	4
fam_000786	tr|A0A1U7LKY7|A0A1U7LKY7_NEOID	3
fam_000787	tr|A0A1U7LL26|A0A1U7LL26_NEOID	6
fam_000788	tr|A0A1U7LM94|A0A1U7LM94_NEOID	3
fam_000789	tr|A0A1U7LP95|A0A1U7LP95_NEOID	3
fam_000790	tr|A0A1U7LT54|A0A1U7LT54_NEOID	1
fam_000791	tr|A0A1U7LLI9|A0A1U7LLI9_NEOID	1
fam_000792	tr|A0A1U7LTB7|A0A1U7LTB7_NEOID	6
fam_000793	tr|A0A1U7LTF2|A0A1U7LTF2_NEOID	3
fam_000794	tr|A0A1U7LVX5|A0A1U7LVX5_NEOID	5
fam_000795	tr|A0A1U7LGI0|A0A1U7LGI0_NEOID	5
fam_000796	tr|A0A1U7LGM0|A0A1U7LGM0_NEOID	4
fam_000797	tr|A0A1U7LGW0|A0A1U7LGW0_NEOID	6
fam_000798	tr|A0A1U7LJE8|A0A1U7LJE8_NEOID	5
fam_000799	tr|A0A1U7LJN0|A0A1U7LJN0_NEOID	1
fam_000800	tr|A0A1U7LSX4|A0A1U7LSX4_NEOID	1
fam_000801	tr|A0A1U7LK55|A0A1U7LK55_NEOID	2
fam_000802	tr|A0A1U7LKJ3|A0A1U7LKJ3_NEOID	6
fam_000803	tr|A0A1U7LPL9|A0A1U7LPL9_NEOID	2
fam_000804	tr|A0A1U7LR04|A0A1U7LR04_NEOID	8
fam_000805	tr|A0A1U7LR20|A0A1U7LR20_NEOID	5
fam_000806	tr|A0A1U7LR55|A0A1U7LR55_NEOID	11
fam_000807	tr|A0A1U7LRB7|A0A1U7LRB7_NEOID	6
fam_000808	tr|A0A1U7LTH9|A0A1U7LTH9_NEOID	2
fam_000809	tr|A0A1U7LUQ4|A0A1U7LUQ4_NEOID	4
fam_000810	tr|A0A1U7LVR6|A0A1U7LVR6_NEOID	3
fam_000811	tr|A0A1U7LWU1|A0A1U7LWU1_NEOID	3
fam_000812	tr|A0A1U7LIU4|A0A1U7LIU4_NEOID	4
fam_000813	tr|A0A1U7LMM3|A0A1U7LMM3_NEOID	3
fam_000814	tr|A0A1U7LMU3|A0A1U7LMU3_NEOID	3
fam_000815	tr|A0A1U7LNQ0|A0A1U7LNQ0_NEOID	6
fam_000816	tr|A0A1U7LQC1|A0A1U7LQC1_NEOID	1
fam_000817	tr|A0A1U7LPE1|A0A1U7LPE1_NEOID	1
fam_000818	tr|A8NEV0|A8NEV0_COPC7	3
fam_000819	tr|A8NF48|A8NF48_COPC7	3
fam_000820	tr|A8NQF2|A8NQF2_COPC7	2
fam_000821	tr|A8P2G9|A8P2G9_COPC7	3
fam_000822	tr|A8P2H0|A8P2H0_COPC7	1
fam_000823	tr|A8P725|A8P725_COPC7	2
fam_000824	tr|A8P7W8|A8P7W8_COPC7	3
fam_000825	tr|A8P7X4|A8P7X4_COPC7	1
fam_000826	tr|A8PCI2|A8PCI2_COPC7	6
fam_000827	tr|D6RKF6|D6RKF6_COPC7	5
fam_000828	tr|D6RQP6|D6RQP6_COPC7	3
fam_000829	tr|A8MZY6|A8MZY6_COPC7	1
fam_000830	tr|A8MZY7|A8MZY7_COPC7	1
fam_000831	tr|A8N3N6|A8N3N6_COPC7	2
fam_000832	tr|A8NEL8|A8NEL8_COPC7	2
fam_000833	tr|A8NGV9|A8NGV9_COPC7	5
fam_000834	tr|A8NI99|A8NI99_COPC7	2
fam_000835	tr|A8NJD7|A8NJD7_COPC7	1
fam_000836	tr|A8NJD8|A8NJD8_COPC7	1
fam_000837	tr|A8NPK3|A8NPK3_COPC7	2
fam_000838	tr|A8NR18|A8NR18_COPC7	2
fam_000839	sp|A8NU13|COP4_COPC7	2
fam_000840	sp|A8NE23|COP3_COPC7	1
fam_000841	tr|A8NUH5|A8NUH5_COPC7	5
fam_000842	tr|A8P0K4|A8P0K4_COPC7	4
fam_000843	tr|A8PEJ4|A8PEJ4_COPC7	3
fam_000844	tr|D6RQ92|D6RQ92_COPC7	4
fam_000845	tr|A8N3T7|A8N3T7_COPC7	2
fam_000846	tr|A8N5N2|A8N5N2_COPC7	2
fam_000847	tr|A8N7P6|A8N7P6_COPC7	5
fam_000848	tr|J9VFF7|J9VFF7_CRYN9	2
fam_000849	tr|J9VHS2|J9VHS2_CRYN9	25
fam_000850	tr|J9VII6|J9VII6_CRYN9	1
fam_000851	tr|J9VN17|J9VN17_CRYN9	1
fam_000852	tr|J9VIQ7|J9VIQ7_CRYN9	2
fam_000853	tr|J9VKY3|J9VKY3_CRYN9	3
fam_000854	tr|J9VRV1|J9VRV1_CRYN9	6
fam_000855	tr|J9VT89|J9VT89_CRYN9	1
fam_000856	tr|J9VUU9|J9VUU9_CRYN9	1
fam_000857	tr|J9VVN3|J9VVN3_CRYN9	2
fam_000858	tr|J9VYE0|J9VYE0_CRYN9	2
fam_000859	tr|J9VF61|J9VF61_CRYN9	1
fam_000860	tr|J9VFV4|J9VFV4_CRYN9	1
fam_000861	sp|J9VHN6|X325_CRYN9	7
fam_000862	tr|J9VLL1|J9VLL1_CRYN9	2
fam_000863	tr|J9VM51|J9VM51_CRYN9	4
fam_000864	tr|J9VN69|J9VN69_CRYN9	2
fam_000865	tr|J9VNE1|J9VNE1_CRYN9	2
fam_000866	tr|J9VQ56|J9VQ56_CRYN9	8
fam_000867	tr|J9VZM3|J9VZM3_CRYN9	9
fam_000868	tr|J9VI31|J9VI31_CRYN9	2
fam_000869	tr|J9VL03|J9VL03_CRYN9	2
fam_000870	tr|J9VN81|J9VN81_CRYN9	2
fam_000871	tr|J9VP11|J9VP11_CRYN9	2
fam_000872	tr|J9VPH8|J9VPH8_CRYN9	2
fam_000873	tr|J9VTL9|J9VTL9_CRYN9	2
fam_000874	tr|J9VTV6|J9VTV6_CRYN9	3
fam_000875	tr|J9VWE0|J9VWE0_CRYN9	1
fam_000876	tr|J9VQW0|J9VQW0_CRYN9	2
fam_000877	tr|J9VWL4|J9VWL4_CRYN9	2
fam_000878	tr|J9W0T8|J9W0T8_CRYN9	2
fam_000879	tr|J9VGM0|J9VGM0_CRYN9	4
fam_000880	tr|J9VKG9|J9VKG9_CRYN9	3
fam_000881	tr|J9VUE8|J9VUE8_CRYN9	3
fam_000882	tr|J9VVH6|J9VVH6_CRYN9	7
fam_000883	tr|J9VX13|J9VX13_CRYN9	1
fam_000884	tr|J9VPB4|J9VPB4_CRYN9	3
fam_000885	tr|J9VXT6|J9VXT6_CRYN9	4
fam_000886	tr|J9VMW5|J9VMW5_CRYN9	5
fam_000887	tr|J9VQM1|J9VQM1_CRYN9	2
fam_000888	tr|J9VRY2|J9VRY2_CRYN9	17
fam_000889	tr|J9VVK1|J9VVK1_CRYN9	1
fam_000890	tr|J9VKY6|J9VKY6_CRYN9	3
fam_000891	tr|J9VWG7|J9VWG7_CRYN9	2
fam_000892	tr|J9VXQ1|J9VXQ1_CRYN9	2
fam_000893	tr|J9W0I6|J9W0I6_CRYN9	10
fam_000894	tr|J9W1U0|J9W1U0_CRYN9	3
fam_000895	tr|J9VD01|J9VD01_CRYN9	2
fam_000896	tr|J9VGW6|J9VGW6_CRYN9	4
fam_000897	tr|J9VHR2|J9VHR2_CRYN9	7
fam_000898	tr|J9VMJ4|J9VMJ4_CRYN9	2
fam_000899	tr|J9VPD9|J9VPD9_CRYN9	2
fam_000900	tr|J9VXH2|J9VXH2_CRYN9	6
fam_000901	tr|J9W0V8|J9W0V8_CRYN9	6
fam_000902	tr|J9VEQ0|J9VEQ0_CRYN9	2
fam_000903	tr|J9VGI4|J9VGI4_CRYN9	4
fam_000904	tr|J9VH24|J9VH24_CRYN9	5
fam_000905	tr|J9VIY9|J9VIY9_CRYN9	2
fam_000906	tr|J9VJ55|J9VJ55_CRYN9	2
fam_000907	tr|J9VLC4|J9VLC4_CRYN9	4
fam_000908	tr|J9VLK3|J9VLK3_CRYN9	3
fam_000909	tr|J9VMY4|J9VMY4_CRYN9	2
fam_000910	tr|J9VPI6|J9VPI6_CRYN9	1
fam_000911	tr|J9VJK7|J9VJK7_CRYN9	1
fam_000912	tr|J9VPM7|J9VPM7_CRYN9	2
fam_000913	tr|J9VQJ7|J9VQJ7_CRYN9	2
fam_000914	tr|J9VV31|J9VV31_CRYN9	2
fam_000915	tr|J9VVD8|J9VVD8_CRYN9	5
fam_000916	tr|J9VXV9|J9VXV9_CRYN9	2
fam_000917	tr|J9VXY2|J9VXY2_CRYN9	5
fam_000918	tr|J9VYC1|J9VYC1_CRYN9	7
fam_000919	tr|J9VZW4|J9VZW4_CRYN9	2
fam_000920	tr|J9W0D3|J9W0D3_CRYN9	5
fam_000921	tr|J9VDT7|J9VDT7_CRYN9	10
fam_000922	tr|J9VNQ8|J9VNQ8_CRYN9	3
fam_000923	tr|J9VQ66|J9VQ66_CRYN9	3
fam_000924	tr|J9VRU4|J9VRU4_CRYN9	3
fam_000925	tr|J9VTH6|J9VTH6_CRYN9	2
fam_000926	tr|J9VTM1|J9VTM1_CRYN9	1
fam_000927	tr|J9VGQ0|J9VGQ0_CRYN9	1
fam_000928	tr|J9VYM3|J9VYM3_CRYN9	8
fam_000929	tr|J9VZE9|J9VZE9_CRYN9	2
fam_000930	tr|J9VGV6|J9VGV6_CRYN9	2
fam_000931	tr|J9VLG4|J9VLG4_CRYN9	4
fam_000932	tr|J9VPJ0|J9VPJ0_CRYN9	3
fam_000933	tr|J9VV51|J9VV51_CRYN9	6
fam_000934	sp|J9VXS6|TUR1_CRYN9	2
fam_000935	tr|S2JIF1|S2JIF1_MUCC1	3
fam_000936	tr|S2JIJ0|S2JIJ0_MUCC1	2
fam_000937	tr|S2JPE4|S2JPE4_MUCC1	2
fam_000938	tr|S2JUI4|S2JUI4_MUCC1	4
fam_000939	tr|S2JVZ7|S2JVZ7_MUCC1	1
fam_000940	tr|S2JA84|S2JA84_MUCC1	1
fam_000941	tr|S2JWL7|S2JWL7_MUCC1	1
fam_000942	tr|S2JNV9|S2JNV9_MUCC1	1
fam_000943	tr|S2K2T4|S2K2T4_MUCC1	4
fam_000944	tr|S2K7W8|S2K7W8_MUCC1	5
fam_000945	tr|S2K9H9|S2K9H9_MUCC1	6
fam_000946	tr|S2KEJ0|S2KEJ0_MUCC1	3
fam_000947	tr|S2J4P5|S2J4P5_MUCC1	2
fam_000948	tr|S2JA95|S2JA95_MUCC1	2
fam_000949	tr|S2JDW1|S2JDW1_MUCC1	4
fam_000950	tr|S2JDW8|S2JDW8_MUCC1	1
fam_000951	tr|S2JH69|S2JH69_MUCC1	1
fam_000952	tr|S2JFW4|S2JFW4_MUCC1	4
fam_000953	tr|S2JI68|S2JI68_MUCC1	3
fam_000954	tr|S2JIF9|S2JIF9_MUCC1	5
fam_000955	tr|S2JRL4|S2JRL4_MUCC1	2
fam_000956	tr|S2JVD6|S2JVD6_MUCC1	6
fam_000957	tr|S2JVT9|S2JVT9_MUCC1	5
fam_000958	tr|S2KC07|S2KC07_MUCC1	8
fam_000959	tr|S2KGW3|S2KGW3_MUCC1	5
fam_000960	tr|S2IW14|S2IW14_MUCC1	7
fam_000961	tr|S2JF71|S2JF71_MUCC1	5
fam_000962	tr|S2JGC0|S2JGC0_MUCC1	1
fam_000963	tr|S2J7T1|S2J7T1_MUCC1	1
fam_000964	tr|S2JM53|S2JM53_MUCC1	5
fam_000965	tr|S2JMP6|S2JMP6_MUCC1	4
fam_000966	tr|S2JN92|S2JN92_MUCC1	8
fam_000967	tr|S2JSN7|S2JSN7_MUCC1	7
fam_000968	tr|S2JTR0|S2JTR0_MUCC1	5
fam_000969	tr|S2JU37|S2JU37_MUCC1	2
fam_000970	tr|S2IZU4|S2IZU4_MUCC1	1
fam_000971	tr|S2JW89|S2JW89_MUCC1	3
fam_000972	tr|S2K0T4|S2K0T4_MUCC1	3
fam_000973	tr|S2K594|S2K594_MUCC1	2
fam_000974	tr|S2K7L8|S2K7L8_MUCC1	1
fam_000975	tr|S2KJB4|S2KJB4_MUCC1	1
fam_000976	tr|S2K8D5|S2K8D5_MUCC1	2
fam_000977	tr|S2K8W2|S2K8W2_MUCC1	5
fam_000978	tr|S2KHU9|S2KHU9_MUCC1	1
fam_000979	tr|S2IYV8|S2IYV8_MUCC1	1
fam_000980	tr|S2IXG1|S2IXG1_MUCC1	3
fam_000981	tr|S2JCS5|S2JCS5_MUCC1	2
fam_000982	tr|S2JDV1|S2JDV1_MUCC1	2
fam_000983	tr|S2JEF0|S2JEF0_MUCC1	5
fam_000984	tr|S2JEP8|S2JEP8_MUCC1	3
fam_000985	tr|S2JGA7|S2JGA7_MUCC1	1
fam_000986	tr|S2KKB0|S2KKB0_MUCC1	1
fam_000987	tr|S2JPA3|S2JPA3_MUCC1	5
fam_000988	tr|S2JWS2|S2JWS2_MUCC1	6
fam_000989	tr|S2K127|S2K127_MUCC1	2
fam_000990	tr|S2K5L7|S2K5L7_MUCC1	4
fam_000991	tr|S2K890|S2K890_MUCC1	2
fam_000992	tr|S2KDK0|S2KDK0_MUCC1	2
fam_000993	tr|S2IVL0|S2IVL0_MUCC1	5
fam_000994	tr|S2J4X8|S2J4X8_MUCC1	2
fam_000995	tr|S2JFD7|S2JFD7_MUCC1	1
fam_000996	tr|S2JPM6|S2JPM6_MUCC1	1
fam_000997	tr|S2JHP4|S2JHP4_MUCC1	2
fam_000998	tr|S2JI97|S2JI97_MUCC1	2
fam_000999	tr|S2JKZ6|S2JKZ6_MUCC1	6
fam_001000	tr|S2JM88|S2JM88_MUCC1	1
fam_001001	tr|S2JFZ0|S2JFZ0_MUCC1	1
fam_001002	tr|S2JQX8|S2JQX8_MUCC1	2
fam_001003	tr|S2JS30|S2JS30_MUCC1	3
fam_001004	tr|S2JT22|S2JT22_MUCC1	1
fam_001005	tr|S2JCI0|S2JCI0_MUCC1	1
fam_001006	tr|S2JTZ7|S2JTZ7_MUCC1	1
fam_001007	tr|S2JLU6|S2JLU6_MUCC1	1
fam_001008	tr|S2JW95|S2JW95_MUCC1	2
fam_001009	tr|S2K5Q1|S2K5Q1_MUCC1	3
fam_001010	tr|S2K793|S2K793_MUCC1	4
fam_001011	tr|S2KFN1|S2KFN1_MUCC1	1
fam_001012	tr|S2J3I9|S2J3I9_MUCC1	1
fam_001013	tr|S2KKM0|S2KKM0_MUCC1	5
fam_001014	tr|S2J2Z6|S2J2Z6_MUCC1	1
fam_001015	tr|S2JZW0|S2JZW0_MUCC1	1
fam_001016	tr|S2J735|S2J735_MUCC1	4
fam_001017	tr|S2J9Q8|S2J9Q8_MUCC1	1
fam_001018	tr|S2JMF2|S2JMF2_MUCC1	1
fam_001019	tr|S2JD27|S2JD27_MUCC1	4
fam_001020	tr|S2JGB8|S2JGB8_MUCC1	4
fam_001021	tr|S2JG10|S2JG10_MUCC1	2
fam_001022	tr|S2JQK3|S2JQK3_MUCC1	2
fam_001023	tr|S2JR33|S2JR33_MUCC1	1
fam_001024	tr|S2KB59|S2KB59_MUCC1	1
fam_001025	tr|S2K1R7|S2K1R7_MUCC1	1
fam_001026	tr|S2JLA1|S2JLA1_MUCC1	2
fam_001027	tr|S2K2V4|S2K2V4_MUCC1	2
fam_001028	tr|S2K433|S2K433_MUCC1	1
fam_001029	tr|S2JJH9|S2JJH9_MUCC1	1
fam_001030	tr|S2KA45|S2KA45_MUCC1	1
fam_001031	tr|S2JCK5|S2JCK5_MUCC1	1
fam_001032	tr|S2KGB3|S2KGB3_MUCC1	1
fam_001033	tr|S2IZE2|S2IZE2_MUCC1	1
fam_001034	tr|S2IZV4|S2IZV4_MUCC1	2
fam_001035	tr|S2J1S4|S2J1S4_MUCC1	1
fam_001036	tr|S2JJV7|S2JJV7_MUCC1	1
fam_001037	tr|S2J655|S2J655_MUCC1	5
fam_001038	tr|S2J6J8|S2J6J8_MUCC1	3
fam_001039	tr|S2J7A4|S2J7A4_MUCC1	4
fam_001040	tr|S2JHR9|S2JHR9_MUCC1	5
fam_001041	tr|S2JIY9|S2JIY9_MUCC1	5
fam_001042	tr|S2JQV5|S2JQV5_MUCC1	2
fam_001043	tr|S2JRL1|S2JRL1_MUCC1	3
fam_001044	tr|S2JSS9|S2JSS9_MUCC1	2
fam_001045	tr|S2JW21|S2JW21_MUCC1	3
fam_001046	tr|S2JWZ7|S2JWZ7_MUCC1	7
fam_001047	tr|S2K389|S2K389_MUCC1	2
fam_001048	tr|S2K4D2|S2K4D2_MUCC1	2
fam_001049	tr|S2K7C9|S2K7C9_MUCC1	1
fam_001050	tr|S2JCQ5|S2JCQ5_MUCC1	1
fam_001051	tr|S2KBZ4|S2KBZ4_MUCC1	1
fam_001052	tr|S2K0D2|S2K0D2_MUCC1	1
fam_001053	tr|S2KC46|S2KC46_MUCC1	6
fam_001054	tr|S2IYX8|S2IYX8_MUCC1	6
fam_001055	tr|S2J3R9|S2J3R9_MUCC1	6
fam_001056	tr|S2J5I7|S2J5I7_MUCC1	1
fam_001057	tr|S2K076|S2K076_MUCC1	1
fam_001058	tr|S2JQ33|S2JQ33_MUCC1	5
fam_001059	tr|S2JQN4|S2JQN4_MUCC1	5
fam_001060	tr|S2JQS8|S2JQS8_MUCC1	4
fam_001061	tr|S2JRQ7|S2JRQ7_MUCC1	2
fam_001062	tr|S2JS33|S2JS33_MUCC1	1
fam_001063	tr|S2JH85|S2JH85_MUCC1	1
fam_001064	tr|S2JT06|S2JT06_MUCC1	5
fam_001065	tr|S2JUL3|S2JUL3_MUCC1	1
fam_001066	tr|S2K298|S2K298_MUCC1	1
fam_001067	tr|S2JXF3|S2JXF3_MUCC1	1
fam_001068	tr|S2JV59|S2JV59_MUCC1	1
fam_001069	tr|S2K537|S2K537_MUCC1	2
fam_001070	tr|S2K8P9|S2K8P9_MUCC1	1
fam_001071	tr|S2KB06|S2KB06_MUCC1	1
fam_001072	tr|S2JMM0|S2JMM0_MUCC1	1
fam_001073	tr|S2KBM5|S2KBM5_MUCC1	1
fam_001074	tr|S2JE82|S2JE82_MUCC1	3
fam_001075	tr|S2KFS7|S2KFS7_MUCC1	2
fam_001076	tr|S2J0B6|S2J0B6_MUCC1	6
fam_001077	tr|S2J338|S2J338_MUCC1	8
fam_001078	tr|S2J5J1|S2J5J1_MUCC1	1
fam_001079	tr|S2JG86|S2JG86_MUCC1	1
fam_001080	tr|S2J620|S2J620_MUCC1	2
fam_001081	tr|S2K080|S2K080_MUCC1	1
fam_001082	tr|S2K6K0|S2K6K0_MUCC1	1
fam_001083	tr|S2K3Z5|S2K3Z5_MUCC1	1
fam_001084	tr|S2JXJ4|S2JXJ4_MUCC1	1
fam_001085	tr|S2K432|S2K432_MUCC1	4
fam_001086	tr|S2K833|S2K833_MUCC1	3
fam_001087	tr|S2KFD7|S2KFD7_MUCC1	7
fam_001088	tr|S2IWF1|S2IWF1_MUCC1	6
fam_001089	tr|S2IYV3|S2IYV3_MUCC1	5
fam_001090	tr|S2J0D7|S2J0D7_MUCC1	2
fam_001091	tr|S2J2W4|S2J2W4_MUCC1	6
fam_001092	tr|S2J469|S2J469_MUCC1	2
fam_001093	tr|S2J8V3|S2J8V3_MUCC1	2
fam_001094	tr|S2JA34|S2JA34_MUCC1	2
fam_001095	tr|S2JAW9|S2JAW9_MUCC1	4
fam_001096	tr|S2JFP6|S2JFP6_MUCC1	2
fam_001097	tr|S2J293|S2J293_MUCC1	1
fam_001098	tr|S2JG13|S2JG13_MUCC1	3
fam_001099	tr|S2JIJ4|S2JIJ4_MUCC1	3
fam_001100	tr|S2JK27|S2JK27_MUCC1	2
fam_001101	tr|S2JKF1|S2JKF1_MUCC1	6
fam_001102	tr|S2JPR9|S2JPR9_MUCC1	1
fam_001103	tr|S2JCM6|S2JCM6_MUCC1	1
fam_001104	tr|S2JUT1|S2JUT1_MUCC1	3
fam_001105	tr|S2JVS4|S2JVS4_MUCC1	2
fam_001106	tr|S2JWQ2|S2JWQ2_MUCC1	2
fam_001107	tr|S2JWY1|S2JWY1_MUCC1	2
fam_001108	tr|S2JYR2|S2JYR2_MUCC1	5
fam_001109	tr|S2K8J1|S2K8J1_MUCC1	7
fam_001110	tr|S2K935|S2K935_MUCC1	6
fam_001111	tr|S2IYE6|S2IYE6_MUCC1	2
fam_001112	tr|S2J074|S2J074_MUCC1	4
fam_001113	tr|S2J0P2|S2J0P2_MUCC1	6
fam_001114	tr|S2J0S5|S2J0S5_MUCC1	2
fam_001115	tr|S2JL87|S2JL87_MUCC1	10
fam_001116	tr|S2JPE3|S2JPE3_MUCC1	6
fam_001117	tr|S2JRY6|S2JRY6_MUCC1	10
fam_001118	tr|S2JSI1|S2JSI1_MUCC1	2
fam_001119	tr|S2K7Q2|S2K7Q2_MUCC1	2
fam_001120	tr|S2KBT1|S2KBT1_MUCC1	5
fam_001121	tr|S2KC01|S2KC01_MUCC1	6
fam_001122	tr|S2J072|S2J072_MUCC1	4
fam_001123	tr|S2J6C2|S2J6C2_MUCC1	2
fam_001124	tr|S2JAL1|S2JAL1_MUCC1	3
fam_001125	tr|S2JB36|S2JB36_MUCC1	5
fam_001126	tr|S2JCH3|S2JCH3_MUCC1	1
fam_001127	tr|S2JRB3|S2JRB3_MUCC1	1
fam_001128	tr|S2JK35|S2JK35_MUCC1	1
fam_001129	tr|S2JME9|S2JME9_MUCC1	1
fam_001130	tr|S2JQ49|S2JQ49_MUCC1	3
fam_001131	tr|S2JUG9|S2JUG9_MUCC1	1
fam_001132	tr|S2K2X0|S2K2X0_MUCC1	1
fam_001133	tr|S2K0S5|S2K0S5_MUCC1	5
fam_001134	tr|S2K142|S2K142_MUCC1	3
fam_001135	tr|S2K416|S2K416_MUCC1	2
fam_001136	tr|S2K4G3|S2K4G3_MUCC1	2
fam_001137	tr|S2K6N4|S2K6N4_MUCC1	9
fam_001138	tr|S2KF14|S2KF14_MUCC1	7
fam_001139	tr|S2J1H8|S2J1H8_MUCC1	6
fam_001140	tr|S2J3P8|S2J3P8_MUCC1	4
fam_001141	tr|S2J413|S2J413_MUCC1	1
fam_001142	tr|S2KB66|S2KB66_MUCC1	1
fam_001143	tr|S2JAZ8|S2JAZ8_MUCC1	1
fam_001144	tr|S2JN80|S2JN80_MUCC1	1
fam_001145	tr|S2JKR2|S2JKR2_MUCC1	8
fam_001146	tr|S2JM94|S2JM94_MUCC1	2
fam_001147	tr|S2JZF0|S2JZF0_MUCC1	6
fam_001148	tr|S2K972|S2K972_MUCC1	9
fam_001149	tr|S2KAY9|S2KAY9_MUCC1	2
fam_001150	tr|S2KHE9|S2KHE9_MUCC1	1
fam_001151	tr|S2J7C1|S2J7C1_MUCC1	1
fam_001152	tr|S2KJ19|S2KJ19_MUCC1	3
fam_001153	tr|S2JAM4|S2JAM4_MUCC1	2
fam_001154	tr|S2JCU6|S2JCU6_MUCC1	6
fam_001155	tr|S2JGZ9|S2JGZ9_MUCC1	2
fam_001156	tr|S2JB47|S2JB47_MUCC1	1
fam_001157	tr|S2JHU9|S2JHU9_MUCC1	2
fam_001158	tr|S2JKM4|S2JKM4_MUCC1	32
fam_001159	tr|S2JMA7|S2JMA7_MUCC1	1
fam_001160	tr|S2JT28|S2JT28_MUCC1	1
fam_001161	tr|S2JPP9|S2JPP9_MUCC1	6
fam_001162	tr|S2JVE2|S2JVE2_MUCC1	2
fam_001163	tr|S2JI39|S2JI39_MUCC1	1
fam_001164	tr|S2JXJ8|S2JXJ8_MUCC1	1
fam_001165	tr|S2KHZ6|S2KHZ6_MUCC1	1
fam_001166	tr|S2JZ73|S2JZ73_MUCC1	1
fam_001167	tr|S2JIZ7|S2JIZ7_MUCC1	1
fam_001168	tr|S2K3X0|S2K3X0_MUCC1	8
fam_001169	tr|S2K4U7|S2K4U7_MUCC1	17
fam_001170	tr|S2K717|S2K717_MUCC1	1
fam_001171	tr|S2JCA7|S2JCA7_MUCC1	1
fam_001172	tr|S2KBV8|S2KBV8_MUCC1	1
fam_001173	tr|S2KA93|S2KA93_MUCC1	1
fam_001174	tr|S2KJ98|S2KJ98_MUCC1	1
fam_001175	tr|S2KED6|S2KED6_MUCC1	1
fam_001176	tr|S2IW60|S2IW60_MUCC1	2
fam_001177	tr|S2J1Z4|S2J1Z4_MUCC1	2
fam_001178	tr|S2J5H7|S2J5H7_MUCC1	5
fam_001179	tr|S2J6M0|S2J6M0_MUCC1	2
fam_001180	tr|S2J6Y0|S2J6Y0_MUCC1	5
fam_001181	tr|S2J9E4|S2J9E4_MUCC1	5
fam_001182	tr|S2JCT3|S2JCT3_MUCC1	2
fam_001183	tr|S2JG87|S2JG87_MUCC1	2
fam_001184	tr|S2JGZ5|S2JGZ5_MUCC1	3
fam_001185	tr|S2JHC2|S2JHC2_MUCC1	5
fam_001186	tr|S2JLQ4|S2JLQ4_MUCC1	1
fam_001187	tr|S2IYA7|S2IYA7_MUCC1	1
fam_001188	tr|S2JNA3|S2JNA3_MUCC1	2
fam_001189	tr|S2JVR8|S2JVR8_MUCC1	5
fam_001190	tr|S2JW83|S2JW83_MUCC1	2
fam_001191	tr|S2K277|S2K277_MUCC1	3
fam_001192	tr|S2K9V5|S2K9V5_MUCC1	1
fam_001193	tr|S2JBM9|S2JBM9_MUCC1	1
fam_001194	tr|S2KKY5|S2KKY5_MUCC1	5
fam_001195	tr|S2IVH2|S2IVH2_MUCC1	1
fam_001196	tr|S2IW32|S2IW32_MUCC1	2
fam_001197	tr|S2IYG3|S2IYG3_MUCC1	3
fam_001198	tr|S2J498|S2J498_MUCC1	37
fam_001199	tr|S2J5R5|S2J5R5_MUCC1	5
fam_001200	tr|S2J8A5|S2J8A5_MUCC1	2
fam_001201	tr|S2J993|S2J993_MUCC1	4
fam_001202	tr|S2JFQ0|S2JFQ0_MUCC1	2
fam_001203	tr|S2JH72|S2JH72_MUCC1	2
fam_001204	tr|S2JKC9|S2JKC9_MUCC1	1
fam_001205	tr|S2JTP0|S2JTP0_MUCC1	1
fam_001206	tr|S2JKS9|S2JKS9_MUCC1	1
fam_001207	tr|S2JP13|S2JP13_MUCC1	1
fam_001208	tr|S2JYU7|S2JYU7_MUCC1	6
fam_001209	tr|S2K4I2|S2K4I2_MUCC1	2
fam_001210	tr|S2KFD4|S2KFD4_MUCC1	1
fam_001211	tr|S2JFW3|S2JFW3_MUCC1	1
fam_001212	tr|S2IVJ8|S2IVJ8_MUCC1	4
fam_001213	tr|S2IWF8|S2IWF8_MUCC1	10
fam_001214	tr|S2JF99|S2JF99_MUCC1	1
fam_001215	tr|S2JLM2|S2JLM2_MUCC1	1
fam_001216	tr|S2JGU9|S2JGU9_MUCC1	1
fam_001217	tr|S2JBV4|S2JBV4_MUCC1	1
fam_001218	tr|S2JEU4|S2JEU4_MUCC1	1
fam_001219	tr|S2KKK3|S2KKK3_MUCC1	1
fam_001220	tr|S2JF23|S2JF23_MUCC1	2
fam_001221	tr|S2JI78|S2JI78_MUCC1	8
fam_001222	tr|S2JQL8|S2JQL8_MUCC1	4
fam_001223	tr|S2JRB1|S2JRB1_MUCC1	3
fam_001224	tr|S2JXB8|S2JXB8_MUCC1	9
fam_001225	tr|S2K6X7|S2K6X7_MUCC1	1
fam_001226	tr|S2JR74|S2JR74_MUCC1	1
fam_001227	tr|S2K728|S2K728_MUCC1	6
fam_001228	tr|S2K9G3|S2K9G3_MUCC1	2
fam_001229	tr|S2J270|S2J270_MUCC1	2
fam_001230	tr|S2J454|S2J454_MUCC1	2
fam_001231	tr|S2J7G4|S2J7G4_MUCC1	2
fam_001232	tr|S2JDV0|S2JDV0_MUCC1	1
fam_001233	tr|S2K2W7|S2K2W7_MUCC1	2
fam_001234	tr|S2JIS7|S2JIS7_MUCC1	2
fam_001235	tr|S2JJF7|S2JJF7_MUCC1	6
fam_001236	tr|S2JL36|S2JL36_MUCC1	4
fam_001237	tr|S2JM49|S2JM49_MUCC1	3
fam_001238	tr|S2JNF3|S2JNF3_MUCC1	1
fam_001239	tr|S2JV44|S2JV44_MUCC1	1
fam_001240	tr|S2JQH0|S2JQH0_MUCC1	4
fam_001241	tr|S2JU79|S2JU79_MUCC1	10
fam_001242	tr|S2JW65|S2JW65_MUCC1	1
fam_001243	tr|S2J528|S2J528_MUCC1	2
fam_001244	tr|S2JYK4|S2JYK4_MUCC1	13
fam_001245	tr|S2K8K7|S2K8K7_MUCC1	4
fam_001246	tr|S2KG31|S2KG31_MUCC1	2
fam_001247	tr|S2KJU7|S2KJU7_MUCC1	8
fam_001248	tr|S2J0I5|S2J0I5_MUCC1	3
fam_001249	tr|S2J3F2|S2J3F2_MUCC1	5
fam_001250	tr|S2J583|S2J583_MUCC1	2
fam_001251	tr|S2JHJ3|S2JHJ3_MUCC1	2
fam_001252	tr|S2JGV7|S2JGV7_MUCC1	3
fam_001253	tr|S2JGY9|S2JGY9_MUCC1	6
fam_001254	tr|S2JKT1|S2JKT1_MUCC1	3
fam_001255	tr|S2JL62|S2JL62_MUCC1	1
fam_001256	tr|S2K1D6|S2K1D6_MUCC1	1
fam_001257	tr|S2JNP9|S2JNP9_MUCC1	6
fam_001258	tr|S2JQZ7|S2JQZ7_MUCC1	1
fam_001259	tr|S2JFR4|S2JFR4_MUCC1	1
fam_001260	tr|S2JSN8|S2JSN8_MUCC1	1
fam_001261	tr|S2IZJ4|S2IZJ4_MUCC1	1
fam_001262	tr|S2JUF3|S2JUF3_MUCC1	6
fam_001263	tr|S2JUJ4|S2JUJ4_MUCC1	6
fam_001264	tr|S2K4T8|S2K4T8_MUCC1	1
fam_001265	tr|S2JZ34|S2JZ34_MUCC1	1
fam_001266	tr|S2K6L4|S2K6L4_MUCC1	3
fam_001267	tr|S2KBL5|S2KBL5_MUCC1	7
fam_001268	tr|S2KK85|S2KK85_MUCC1	6
fam_001269	tr|S2J3E5|S2J3E5_MUCC1	2
fam_001270	tr|S2JLF2|S2JLF2_MUCC1	1
fam_001271	tr|S2J4E6|S2J4E6_MUCC1	2
fam_001272	tr|S2J6Q0|S2J6Q0_MUCC1	3
fam_001273	tr|S2JJD2|S2JJD2_MUCC1	2
fam_001274	tr|S2JKV7|S2JKV7_MUCC1	3
fam_001275	tr|S2JMN4|S2JMN4_MUCC1	1
fam_001276	tr|S2J1W4|S2J1W4_MUCC1	1
fam_001277	tr|S2JMQ4|S2JMQ4_MUCC1	3
fam_001278	tr|S2JPG5|S2JPG5_MUCC1	1
fam_001279	tr|S2JZG8|S2JZG8_MUCC1	1
fam_001280	tr|S2K1R3|S2K1R3_MUCC1	6
fam_001281	tr|S2K2K7|S2K2K7_MUCC1	4
fam_001282	tr|S2K4Q3|S2K4Q3_MUCC1	2
fam_001283	tr|S2K7C0|S2K7C0_MUCC1	2
fam_001284	tr|S2K7W4|S2K7W4_MUCC1	2
fam_001285	tr|S2KKY9|S2KKY9_MUCC1	6
fam_001286	tr|S2IVP0|S2IVP0_MUCC1	1
fam_001287	tr|S2JPR1|S2JPR1_MUCC1	1
fam_001288	tr|S2IWX7|S2IWX7_MUCC1	5
fam_001289	tr|S2J1T9|S2J1T9_MUCC1	5
fam_001290	tr|S2JIU4|S2JIU4_MUCC1	1
fam_001291	tr|S2KEP3|S2KEP3_MUCC1	1
fam_001292	tr|S2JMW7|S2JMW7_MUCC1	2
fam_001293	tr|S2JN77|S2JN77_MUCC1	2
fam_001294	tr|S2JNT9|S2JNT9_MUCC1	2
fam_001295	tr|S2JNW4|S2JNW4_MUCC1	1
fam_001296	tr|S2JQY2|S2JQY2_MUCC1	3
fam_001297	tr|S2JS50|S2JS50_MUCC1	1
fam_001298	tr|S2JZR7|S2JZR7_MUCC1	1
fam_001299	tr|S2JUU8|S2JUU8_MUCC1	2
fam_001300	tr|S2JVR4|S2JVR4_MUCC1	2
fam_001301	tr|S2J477|S2J477_MUCC1	1
fam_001302	tr|S2JWY5|S2JWY5_MUCC1	2
fam_001303	tr|S2K2L3|S2K2L3_MUCC1	3
fam_001304	tr|S2K3R3|S2K3R3_MUCC1	6
fam_001305	tr|S2KBH3|S2KBH3_MUCC1	2
fam_001306	tr|S2KJF6|S2KJF6_MUCC1	1
fam_001307	tr|S2JBW6|S2JBW6_MUCC1	1
fam_001308	tr|S2IWA8|S2IWA8_MUCC1	6
fam_001309	tr|S2IZV3|S2IZV3_MUCC1	2
fam_001310	tr|S2J1D7|S2J1D7_MUCC1	2
fam_001311	tr|S2JLR1|S2JLR1_MUCC1	1
fam_001312	tr|S2J6F9|S2J6F9_MUCC1	4
fam_001313	tr|S2J9P3|S2J9P3_MUCC1	1
fam_001314	tr|S2JJ14|S2JJ14_MUCC1	1
fam_001315	tr|S2JA55|S2JA55_MUCC1	14
fam_001316	tr|S2JBU7|S2JBU7_MUCC1	2
fam_001317	tr|S2JC32|S2JC32_MUCC1	7
fam_001318	tr|S2JFV8|S2JFV8_MUCC1	1
fam_001319	tr|S2JCR0|S2JCR0_MUCC1	1
fam_001320	tr|S2JG09|S2JG09_MUCC1	2
fam_001321	tr|S2JGI4|S2JGI4_MUCC1	2
fam_001322	tr|S2JHI4|S2JHI4_MUCC1	6
fam_001323	tr|S2JL80|S2JL80_MUCC1	1
fam_001324	tr|S2JSE1|S2JSE1_MUCC1	1
fam_001325	tr|S2JQ19|S2JQ19_MUCC1	3
fam_001326	tr|S2JQD8|S2JQD8_MUCC1	1
fam_001327	tr|S2J028|S2J028_MUCC1	1
fam_001328	tr|S2JST5|S2JST5_MUCC1	1
fam_001329	tr|S2JPP4|S2JPP4_MUCC1	1
fam_001330	tr|S2JV11|S2JV11_MUCC1	1
fam_001331	tr|S2KA20|S2KA20_MUCC1	1
fam_001332	tr|S2K5A5|S2K5A5_MUCC1	3
fam_001333	tr|S2IWA7|S2IWA7_MUCC1	6
fam_001334	tr|S2J1E4|S2J1E4_MUCC1	4
fam_001335	tr|S2J5W9|S2J5W9_MUCC1	7
fam_001336	tr|S2JA41|S2JA41_MUCC1	3
fam_001337	tr|S2JCI7|S2JCI7_MUCC1	1
fam_001338	tr|S2JPN2|S2JPN2_MUCC1	1
fam_001339	tr|S2JDL2|S2JDL2_MUCC1	1
fam_001340	tr|S2KCB6|S2KCB6_MUCC1	1
fam_001341	sp|O13686|WDR59_SCHPO	2
fam_001342	sp|O13742|VPP1_SCHPO	7
fam_001343	sp|O13753|VA0D_SCHPO	6
fam_001344	sp|O14048|UBX2_SCHPO	4
fam_001345	sp|O42984|RS17A_SCHPO	8
fam_001346	sp|O60175|OPI10_SCHPO	4
fam_001347	sp|O74382|SERB_SCHPO	2
fam_001348	sp|O94288|NOC3_SCHPO	6
fam_001349	sp|O94348|YIP1_SCHPO	5
fam_001350	sp|O94458|YFFH_SCHPO	2
fam_001351	sp|P0CT80|RS28B_SCHPO	6
fam_001352	sp|P48011|RPAB4_SCHPO	2
fam_001353	sp|Q09765|UBA3_SCHPO	5
fam_001354	sp|Q8TFH7|SEN2_SCHPO	2
fam_001355	sp|Q9US12|YK66_SCHPO	4
fam_001356	sp|Q9US38|YFZ3_SCHPO	2
fam_001357	sp|Q9UU83|PAL1_SCHPO	2
fam_001358	sp|Q9Y7L7|GPI15_SCHPO	2
fam_001359	sp|O14027|PDX1_SCHPO	7
fam_001360	sp|O14047|PPK11_SCHPO	2
fam_001361	sp|O14158|YE76_SCHPO	2
fam_001362	sp|O74443|LAF2_SCHPO	1
fam_001363	sp|O13719|LAF1_SCHPO	1
fam_001364	sp|O94417|CWC26_SCHPO	5
fam_001365	sp|O94465|CMS1_SCHPO	2
fam_001366	sp|P0CT96|YHJ6_SCHPO	5
fam_001367	sp|P24782|DBP2_SCHPO	16
fam_001368	sp|P78963|SKB1_SCHPO	4
fam_001369	sp|P87130|TIM17_SCHPO	6
fam_001370	sp|Q10287|FKS1_SCHPO	14
fam_001371	sp|Q10356|DJ1_SCHPO	3
fam_001372	sp|Q96WV9|CDK9_SCHPO	2
fam_001373	sp|Q9UUC6|SMD3_SCHPO	2
fam_001374	sp|Q9UUI5|SEC24_SCHPO	9
fam_001375	sp|Q9UUJ5|RM25_SCHPO	2
fam_001376	sp|O74774|HBS1_SCHPO	2
fam_001377	sp|O74826|COQ7_SCHPO	7
fam_001378	sp|O74875|YJ83_SCHPO	1
fam_001379	sp|Q10352|YDAA_SCHPO	1
fam_001380	sp|O94375|REXO4_SCHPO	3
fam_001381	sp|P49776|APH1_SCHPO	5
fam_001382	sp|Q09127|RL10A_SCHPO	7
fam_001383	sp|Q10205|RRP43_SCHPO	5
fam_001384	sp|Q1MTS0|YBH9_SCHPO	5
fam_001385	sp|Q9USJ2|GOT1_SCHPO	6
fam_001386	sp|Q9USL5|DOM34_SCHPO	6
fam_001387	sp|Q9USX8|RU2A_SCHPO	5
fam_001388	sp|Q9USX9|ELOC_SCHPO	4
fam_001389	sp|P38910|CH10_YEAST	7
fam_001390	sp|P39958|GDI1_YEAST	7
fam_001391	sp|P53059|MNT2_YEAST	1
fam_001392	sp|P53745|MNT4_YEAST	1
fam_001393	sp|Q05029|BCH1_YEAST	1
fam_001394	sp|Q08754|BUD7_YEAST	1
fam_001395	sp|P04650|RL39_YEAST	4
fam_001396	sp|P07263|SYH_YEAST	7
fam_001397	sp|P16965|STF2_YEAST	1
fam_001398	sp|Q06177|TMA10_YEAST	1
fam_001399	sp|P38899|YH18_YEAST	2
fam_001400	sp|P43634|CHA4_YEAST	1
fam_001401	sp|P47988|TEA1_YEAST	1
fam_001402	sp|P43639|CSK2B_YEAST	13
fam_001403	sp|P53200|EFM5_YEAST	2
fam_001404	sp|P53261|PESC_YEAST	5
fam_001405	sp|Q02889|MGR2_YEAST	2
fam_001406	sp|Q03677|MTND_YEAST	6
fam_001407	sp|Q06543|GPN3_YEAST	11
fam_001408	sp|P14284|DPOZ_YEAST	3
fam_001409	sp|P33755|NPL4_YEAST	6
fam_001410	sp|P36025|YO062_YEAST	2
fam_001411	sp|P36147|PAM17_YEAST	3
fam_001412	sp|P38836|ECM14_YEAST	3
fam_001413	sp|P40474|QDR2_YEAST	4
fam_001414	sp|Q04329|ICY1_YEAST	2
fam_001415	sp|P07884|MOD5_YEAST	4
fam_001416	sp|P0C2J7|YH41B_YEAST	2
fam_001417	sp|P15938|PRP16_YEAST	2
fam_001418	sp|P23503|NAR1_YEAST	4
fam_001419	sp|P25555|GBP2_YEAST	1
fam_001420	sp|P38922|HRB1_YEAST	1
fam_001421	sp|P35198|MTH1_YEAST	2
fam_001422	sp|P38205|NCL1_YEAST	7
fam_001423	sp|P39712|FLO9_YEAST	4
fam_001424	sp|P41318|LST8_YEAST	5
fam_001425	sp|P47055|LOH1_YEAST	2
fam_001426	sp|P53632|PAP2_YEAST	1
fam_001427	sp|P48561|TRF5_YEAST	1
fam_001428	sp|P53955|SLM2_YEAST	1
fam_001429	sp|P40485|SLM1_YEAST	1
fam_001430	sp|P54857|TGL2_YEAST	2
fam_001431	sp|Q02630|NU116_YEAST	1
fam_001432	sp|Q02629|NU100_YEAST	1
fam_001433	sp|Q06063|DUS4_YEAST	4
fam_001434	sp|Q07949|PSR2_YEAST	3
fam_001435	sp|Q7LHG5|YI31B_YEAST	2
fam_001436	sp|P15705|STI1_YEAST	5
fam_001437	sp|P25372|TRX3_YEAST	3
fam_001438	sp|P38885|AIM46_YEAST	1
fam_001439	sp|P38884|AIM18_YEAST	1
fam_001440	sp|P39714|BDH1_YEAST	3
fam_001441	sp|P40504|KTR7_YEAST	5
fam_001442	sp|P46784|RS10B_YEAST	1
fam_001443	sp|Q08745|RS10A_YEAST	1
fam_001444	sp|P47180|PGLR_YEAST	3
fam_001445	sp|P48836|VATG_YEAST	6
fam_001446	sp|P50101|UBP15_YEAST	9
fam_001447	sp|Q03880|PKR1_YEAST	2
fam_001448	sp|Q06252|YL179_YEAST	1
fam_001449	sp|P14306|CPYI_YEAST	1
fam_001450	sp|Q08994|YP203_YEAST	2
fam_001451	sp|Q12149|RRP6_YEAST	2
fam_001452	sp|O13559|YRF14_YEAST	4
fam_001453	sp|P38295|MCFS2_YEAST	1
fam_001454	sp|Q02891|MCFS1_YEAST	1
fam_001455	sp|P38708|YHI0_YEAST	6
fam_001456	sp|P39111|VATF_YEAST	5
fam_001457	sp|P39972|YEI5_YEAST	2
fam_001458	sp|P43610|IRC5_YEAST	5
fam_001459	sp|P43623|METC_YEAST	17
fam_001460	sp|P47016|NIT2_YEAST	5
fam_001461	sp|P9WEN9|YH54B_YEAST	2
fam_001462	sp|Q06440|CORO_YEAST	3
fam_001463	sp|Q12276|HER1_YEAST	1
fam_001464	sp|Q03016|GIP3_YEAST	1
fam_001465	sp|P0CX50|RL18B_YEAST	10
fam_001466	sp|P32377|MVD1_YEAST	6
fam_001467	sp|P33339|TFC4_YEAST	3
fam_001468	sp|P46982|MNN5_YEAST	1
fam_001469	sp|P38069|MNN2_YEAST	1
fam_001470	sp|P53123|MRM2_YEAST	2
fam_001471	sp|P53252|PIL1_YEAST	3
fam_001472	sp|Q03429|MZM1_YEAST	3
fam_001473	sp|Q06592|HPA2_YEAST	1
fam_001474	sp|P39979|HPA3_YEAST	1
fam_001475	sp|Q06608|PDXH_YEAST	1
fam_001476	sp|Q06199|YL456_YEAST	1
fam_001477	sp|P00812|ARGI_YEAST	7
fam_001478	sp|P16467|PDC5_YEAST	16
fam_001479	sp|P25611|RDS1_YEAST	1
fam_001480	sp|Q12244|YL054_YEAST	1
fam_001481	sp|P25628|ARE1_YEAST	1
fam_001482	sp|P53629|ARE2_YEAST	1
fam_001483	sp|P34165|MFA1_YEAST	2
fam_001484	sp|P39007|STT3_YEAST	6
fam_001485	sp|P39547|UIP3_YEAST	6
fam_001486	sp|P39952|OXA1_YEAST	2
fam_001487	sp|P40463|VHS2_YEAST	2
fam_001488	sp|P53318|COQ6_YEAST	4
fam_001489	sp|P53334|SCW4_YEAST	1
fam_001490	sp|Q04951|SCW10_YEAST	1
fam_001491	sp|Q00764|TPS1_YEAST	3
fam_001492	sp|Q04033|YD415_YEAST	9
fam_001493	sp|Q05583|CIAO1_YEAST	4
fam_001494	sp|P0CX09|MAN2_YEAST	1
fam_001495	sp|P0CX08|DSF1_YEAST	1
fam_001496	sp|P29453|RL8B_YEAST	9
fam_001497	sp|P32914|SPT4_YEAST	5
fam_001498	sp|P33335|SGE1_YEAST	4
fam_001499	sp|P38858|SOL3_YEAST	8
fam_001500	sp|P53743|ESF2_YEAST	5
fam_001501	sp|Q03758|BUL2_YEAST	2
fam_001502	sp|Q08919|TRE1_YEAST	1
fam_001503	sp|Q08693|TRE2_YEAST	1
fam_001504	sp|P15646|FBRL_YEAST	6
fam_001505	sp|P32491|MKK2_YEAST	1
fam_001506	sp|P32490|MKK1_YEAST	1
fam_001507	sp|P38800|LAM4_YEAST	1
fam_001508	sp|Q06681|YSP2_YEAST	1
fam_001509	sp|P38929|ATC2_YEAST	4
fam_001510	sp|P39993|GEA2_YEAST	1
fam_001511	sp|P47102|GEA1_YEAST	1
fam_001512	sp|P48589|RS12_YEAST	8
fam_001513	sp|P53091|MCM6_YEAST	6
fam_001514	sp|P87108|TIM10_YEAST	6
fam_001515	sp|Q02733|IRC15_YEAST	8
fam_001516	sp|Q03088|SVL3_YEAST	1
fam_001517	sp|P37304|PAM1_YEAST	1
fam_001518	sp|Q08269|ALR1_YEAST	1
fam_001519	sp|P43553|ALR2_YEAST	1
fam_001520	sp|Q12117|MRH1_YEAST	2
fam_001521	sp|P38079|YRO2_YEAST	1
fam_001522	sp|P14020|DPM1_YEAST	2
fam_001523	sp|P16550|APA1_YEAST	1
fam_001524	sp|P22108|APA2_YEAST	1
fam_001525	sp|P38628|AGM1_YEAST	7
fam_001526	sp|P38709|UGPA2_YEAST	10
fam_001527	sp|P39083|RGA1_YEAST	1
fam_001528	sp|Q06407|RGA2_YEAST	1
fam_001529	sp|Q05958|ECM22_YEAST	1
fam_001530	sp|Q12151|UPC2_YEAST	1
fam_001531	tr|J9VFX5|J9VFX5_CRYN9	18
fam_001532	tr|J9VJQ4|J9VJQ4_CRYN9	2
fam_001533	tr|J9VK40|J9VK40_CRYN9	4
fam_001534	tr|J9VLS4|J9VLS4_CRYN9	6
fam_001535	tr|J9VN41|J9VN41_CRYN9	5
fam_001536	tr|J9VQT0|J9VQT0_CRYN9	2
fam_001537	tr|J9VT52|J9VT52_CRYN9	2
fam_001538	tr|J9VW81|J9VW81_CRYN9	2
fam_001539	tr|J9VZ01|J9VZ01_CRYN9	4
fam_001540	tr|J9VZY8|J9VZY8_CRYN9	2
fam_001541	tr|J9W1I2|J9W1I2_CRYN9	2
fam_001542	tr|J9W319|J9W319_CRYN9	2
fam_001543	tr|J9VF30|J9VF30_CRYN9	3
fam_001544	tr|J9VGE5|J9VGE5_CRYN9	3
fam_001545	tr|J9VMZ9|J9VMZ9_CRYN9	4
fam_001546	tr|J9VT25|J9VT25_CRYN9	5
fam_001547	tr|J9VX56|J9VX56_CRYN9	2
fam_001548	tr|J9W043|J9W043_CRYN9	4
fam_001549	tr|J9VD33|J9VD33_CRYN9	2
fam_001550	tr|J9VH22|J9VH22_CRYN9	3
fam_001551	tr|J9VJR4|J9VJR4_CRYN9	1
fam_001552	tr|J9VPE3|J9VPE3_CRYN9	1
fam_001553	tr|J9VL94|J9VL94_CRYN9	2
fam_001554	tr|J9VQR4|J9VQR4_CRYN9	5
fam_001555	tr|J9VQX4|J9VQX4_CRYN9	2
fam_001556	tr|J9VTC7|J9VTC7_CRYN9	2
fam_001557	tr|J9VV15|J9VV15_CRYN9	5
fam_001558	tr|J9VWY9|J9VWY9_CRYN9	3
fam_001559	sp|O13356|CHS1_CRYN9	3
fam_001560	tr|J9VIL8|J9VIL8_CRYN9	2
fam_001561	tr|J9VJ20|J9VJ20_CRYN9	4
fam_001562	tr|J9VMC3|J9VMC3_CRYN9	5
fam_001563	tr|J9VQ55|J9VQ55_CRYN9	2
fam_001564	tr|J9VSA2|J9VSA2_CRYN9	2
fam_001565	tr|J9VST6|J9VST6_CRYN9	3
fam_001566	tr|J9VVL7|J9VVL7_CRYN9	2
fam_001567	tr|J9VX99|J9VX99_CRYN9	9
fam_001568	tr|J9VXV4|J9VXV4_CRYN9	1
fam_001569	tr|J9VRI0|J9VRI0_CRYN9	1
fam_001570	tr|J9VZA8|J9VZA8_CRYN9	18
fam_001571	tr|J9W045|J9W045_CRYN9	3
fam_001572	tr|J9W2F1|J9W2F1_CRYN9	2
fam_001573	tr|J9VGE8|J9VGE8_CRYN9	3
fam_001574	tr|J9VGI2|J9VGI2_CRYN9	1
fam_001575	tr|J9VP58|J9VP58_CRYN9	1
fam_001576	tr|J9VIB0|J9VIB0_CRYN9	2
fam_001577	tr|J9VSV6|J9VSV6_CRYN9	1
fam_001578	tr|J9W0E8|J9W0E8_CRYN9	1
fam_001579	tr|J9VWW0|J9VWW0_CRYN9	2
fam_001580	tr|J9VGF4|J9VGF4_CRYN9	2
fam_001581	tr|J9VLT8|J9VLT8_CRYN9	2
fam_001582	tr|J9VN49|J9VN49_CRYN9	2
fam_001583	tr|J9VNU5|J9VNU5_CRYN9	3
fam_001584	sp|J9VPM2|GLG_CRYN9	2
fam_001585	tr|J9W0A4|J9W0A4_CRYN9	2
fam_001586	tr|J9VK64|J9VK64_CRYN9	2
fam_001587	tr|J9VL34|J9VL34_CRYN9	2
fam_001588	sp|P22082|SNF2_YEAST	2
fam_001589	sp|P24871|CG24_YEAST	4
fam_001590	sp|P38163|SRO77_YEAST	1
fam_001591	sp|Q12038|SRO7_YEAST	1
fam_001592	sp|P38314|SDS24_YEAST	1
fam_001593	sp|P53172|SDS23_YEAST	1
fam_001594	sp|P38814|SBE22_YEAST	2
fam_001595	sp|P41733|CDC91_YEAST	4
fam_001596	sp|Q05015|FSH2_YEAST	1
fam_001597	sp|Q99369|FSH3_YEAST	1
fam_001598	sp|Q08485|NRT1_YEAST	2
fam_001599	sp|Q05998|THI7_YEAST	1
fam_001600	sp|Q3E772|LSO2_YEAST	2
fam_001601	sp|P28273|OPLA_YEAST	6
fam_001602	sp|P32328|DBF20_YEAST	1
fam_001603	sp|P22204|DBF2_YEAST	1
fam_001604	sp|P35176|CYPD_YEAST	4
fam_001605	sp|P40064|NU157_YEAST	1
fam_001606	sp|P38181|NU170_YEAST	1
fam_001607	sp|P40069|IMB4_YEAST	6
fam_001608	sp|P43582|WWM1_YEAST	1
fam_001609	tr|A0A1U7LVM2|A0A1U7LVM2_NEOID	4
fam_001610	sp|P52488|UBA2_YEAST	6
fam_001611	sp|P53203|PEX31_YEAST	1
fam_001612	sp|Q06169|PEX30_YEAST	1
fam_001613	sp|P89886|TMA20_YEAST	4
fam_001614	sp|Q02776|TIM50_YEAST	2
fam_001615	sp|Q12233|ATPN_YEAST	2
fam_001616	sp|Q12263|GIN4_YEAST	1
fam_001617	sp|P25389|KCC4_YEAST	1
fam_001618	tr|J9VGT3|J9VGT3_CRYN9	3
fam_001619	tr|J9VLB7|J9VLB7_CRYN9	1
fam_001620	tr|J9VNJ6|J9VNJ6_CRYN9	1
fam_001621	tr|J9VLW8|J9VLW8_CRYN9	2
fam_001622	tr|J9VP53|J9VP53_CRYN9	2
fam_001623	tr|J9VRC4|J9VRC4_CRYN9	3
fam_001624	tr|J9VT54|J9VT54_CRYN9	4
fam_001625	tr|J9VUI3|J9VUI3_CRYN9	2
fam_001626	tr|J9VV82|J9VV82_CRYN9	2
fam_001627	tr|T2BP69|T2BP69_CRYN9	2
fam_001628	tr|J9VDV9|J9VDV9_CRYN9	3
fam_001629	tr|J9VI77|J9VI77_CRYN9	2
fam_001630	tr|J9VJA4|J9VJA4_CRYN9	2
fam_001631	tr|J9VLH6|J9VLH6_CRYN9	2
fam_001632	tr|J9VMC8|J9VMC8_CRYN9	2
fam_001633	tr|J9VMD4|J9VMD4_CRYN9	2
fam_001634	tr|J9VMT7|J9VMT7_CRYN9	2
fam_001635	tr|J9VNH4|J9VNH4_CRYN9	9
fam_001636	tr|J9VNY3|J9VNY3_CRYN9	6
fam_001637	tr|J9VPZ6|J9VPZ6_CRYN9	6
fam_001638	tr|J9VQI6|J9VQI6_CRYN9	2
fam_001639	tr|J9VR58|J9VR58_CRYN9	2
fam_001640	tr|J9VUH7|J9VUH7_CRYN9	5
fam_001641	tr|J9VVN8|J9VVN8_CRYN9	8
fam_001642	tr|J9VX17|J9VX17_CRYN9	2
fam_001643	tr|J9VY93|J9VY93_CRYN9	1
fam_001644	tr|J9VHF9|J9VHF9_CRYN9	1
fam_001645	tr|J9W0C9|J9W0C9_CRYN9	2
fam_001646	tr|J9VFA3|J9VFA3_CRYN9	4
fam_001647	tr|J9VJK6|J9VJK6_CRYN9	5
fam_001648	tr|J9VMD5|J9VMD5_CRYN9	3
fam_001649	tr|J9VRF8|J9VRF8_CRYN9	4
fam_001650	tr|J9VRL9|J9VRL9_CRYN9	4
fam_001651	tr|J9VTP5|J9VTP5_CRYN9	6
fam_001652	tr|J9VV48|J9VV48_CRYN9	5
fam_001653	tr|J9VZC3|J9VZC3_CRYN9	2
fam_001654	tr|J9VNZ2|J9VNZ2_CRYN9	2
fam_001655	tr|J9VPK7|J9VPK7_CRYN9	4
fam_001656	tr|J9VQG9|J9VQG9_CRYN9	2
fam_001657	tr|J9VTS3|J9VTS3_CRYN9	4
fam_001658	tr|J9VWF2|J9VWF2_CRYN9	1
fam_001659	tr|J9VVP8|J9VVP8_CRYN9	3
fam_001660	tr|J9VWC4|J9VWC4_CRYN9	2
fam_001661	tr|J9VX09|J9VX09_CRYN9	11
fam_001662	tr|J9VY73|J9VY73_CRYN9	8
fam_001663	tr|J9VEJ6|J9VEJ6_CRYN9	6
fam_001664	sp|J9VI03|DMT5_CRYN9	2
fam_001665	tr|J9VIG7|J9VIG7_CRYN9	10
fam_001666	tr|J9VIY5|J9VIY5_CRYN9	6
fam_001667	tr|J9VK32|J9VK32_CRYN9	2
fam_001668	tr|J9VKF6|J9VKF6_CRYN9	5
fam_001669	tr|J9VQF3|J9VQF3_CRYN9	2
fam_001670	tr|J9VS40|J9VS40_CRYN9	2
fam_001671	tr|J9VS58|J9VS58_CRYN9	2
fam_001672	tr|J9VTP4|J9VTP4_CRYN9	4
fam_001673	tr|J9VUW1|J9VUW1_CRYN9	2
fam_001674	tr|J9VV63|J9VV63_CRYN9	1
fam_001675	tr|J9VMR0|J9VMR0_CRYN9	1
fam_001676	tr|J9VRP4|J9VRP4_CRYN9	39
fam_001677	tr|J9VSM0|J9VSM0_CRYN9	2
fam_001678	tr|J9VT78|J9VT78_CRYN9	6
fam_001679	tr|J9VV50|J9VV50_CRYN9	9
fam_001680	tr|J9VVR3|J9VVR3_CRYN9	6
fam_001681	tr|J9VWD2|J9VWD2_CRYN9	4
fam_001682	tr|J9VKI4|J9VKI4_CRYN9	2
fam_001683	tr|J9VM83|J9VM83_CRYN9	3
fam_001684	tr|J9VPK1|J9VPK1_CRYN9	2
fam_001685	sp|J9VS02|ASPR1_CRYN9	1
fam_001686	tr|J9VSQ9|J9VSQ9_CRYN9	7
fam_001687	tr|J9VY61|J9VY61_CRYN9	1
fam_001688	tr|J9VRU7|J9VRU7_CRYN9	1
fam_001689	tr|J9VZC6|J9VZC6_CRYN9	2
fam_001690	tr|J9W163|J9W163_CRYN9	5
fam_001691	tr|T2BP66|T2BP66_CRYN9	3
fam_001692	tr|J9VI81|J9VI81_CRYN9	2
fam_001693	tr|J9VIE7|J9VIE7_CRYN9	1
fam_001694	tr|J9VKK1|J9VKK1_CRYN9	1
fam_001695	tr|J9VJA9|J9VJA9_CRYN9	2
fam_001696	tr|J9VX15|J9VX15_CRYN9	3
fam_001697	tr|J9VKN0|J9VKN0_CRYN9	2
fam_001698	tr|J9VKY5|J9VKY5_CRYN9	2
fam_001699	tr|J9VP64|J9VP64_CRYN9	5
fam_001700	tr|J9VRG9|J9VRG9_CRYN9	3
fam_001701	tr|J9VRX1|J9VRX1_CRYN9	2
fam_001702	tr|J9VS21|J9VS21_CRYN9	2
fam_001703	tr|J9VUA6|J9VUA6_CRYN9	2
fam_001704	tr|J9VUX3|J9VUX3_CRYN9	9
fam_001705	tr|J9VW23|J9VW23_CRYN9	6
fam_001706	tr|J9VIK0|J9VIK0_CRYN9	4
fam_001707	tr|J9VLW0|J9VLW0_CRYN9	2
fam_001708	tr|J9VP01|J9VP01_CRYN9	2
fam_001709	tr|J9VPH2|J9VPH2_CRYN9	3
fam_001710	tr|J9VQ67|J9VQ67_CRYN9	1
fam_001711	tr|J9VCZ8|J9VCZ8_CRYN9	1
fam_001712	tr|J9VV32|J9VV32_CRYN9	2
fam_001713	tr|J9VWK4|J9VWK4_CRYN9	4
fam_001714	sp|Q6SSJ3|ILVB_CRYN9	7
fam_001715	tr|J9VEH0|J9VEH0_CRYN9	3
fam_001716	tr|J9VIX9|J9VIX9_CRYN9	2
fam_001717	tr|J9VJH3|J9VJH3_CRYN9	3
fam_001718	tr|J9VMZ3|J9VMZ3_CRYN9	6
fam_001719	sp|J9VQZ4|LAC2_CRYN9	1
fam_001720	sp|J9VY90|LAC1_CRYN9	1
fam_001721	tr|J9VR90|J9VR90_CRYN9	3
fam_001722	tr|J9VRP7|J9VRP7_CRYN9	2
fam_001723	tr|J9VRR3|J9VRR3_CRYN9	6
fam_001724	tr|J9VSD9|J9VSD9_CRYN9	2
fam_001725	tr|J9VSV3|J9VSV3_CRYN9	5
fam_001726	tr|J9VTK1|J9VTK1_CRYN9	5
fam_001727	tr|J9VY77|J9VY77_CRYN9	4
fam_001728	tr|J9W053|J9W053_CRYN9	2
fam_001729	tr|J9W0C8|J9W0C8_CRYN9	3
fam_001730	tr|J9W1B2|J9W1B2_CRYN9	2
fam_001731	tr|J9VEJ4|J9VEJ4_CRYN9	2
fam_001732	tr|J9VHU0|J9VHU0_CRYN9	5
fam_001733	tr|J9VIU2|J9VIU2_CRYN9	2
fam_001734	tr|J9VM46|J9VM46_CRYN9	2
fam_001735	tr|J9VNF2|J9VNF2_CRYN9	2
fam_001736	tr|J9VPM9|J9VPM9_CRYN9	2
fam_001737	tr|J9VPR9|J9VPR9_CRYN9	2
fam_001738	tr|J9VPZ9|J9VPZ9_CRYN9	4
fam_001739	tr|J9VQ01|J9VQ01_CRYN9	2
fam_001740	tr|J9VRH6|J9VRH6_CRYN9	13
fam_001741	tr|J9VS61|J9VS61_CRYN9	7
fam_001742	tr|J9VS99|J9VS99_CRYN9	10
fam_001743	tr|J9VSG4|J9VSG4_CRYN9	2
fam_001744	tr|J9VV14|J9VV14_CRYN9	2
fam_001745	tr|J9VWY0|J9VWY0_CRYN9	2
fam_001746	tr|J9VYC7|J9VYC7_CRYN9	2
fam_001747	tr|J9W0J5|J9W0J5_CRYN9	10
fam_001748	tr|J9W1S0|J9W1S0_CRYN9	3
fam_001749	tr|J9W2V6|J9W2V6_CRYN9	2
fam_001750	tr|J9VFK3|J9VFK3_CRYN9	4
fam_001751	tr|J9VKZ8|J9VKZ8_CRYN9	3
fam_001752	tr|J9VN13|J9VN13_CRYN9	2
fam_001753	tr|J9VPF6|J9VPF6_CRYN9	2
fam_001754	tr|J9VPW5|J9VPW5_CRYN9	2
fam_001755	tr|J9VR07|J9VR07_CRYN9	2
fam_001756	tr|J9VS16|J9VS16_CRYN9	1
fam_001757	tr|J9VRU3|J9VRU3_CRYN9	4
fam_001758	tr|J9VSK3|J9VSK3_CRYN9	3
fam_001759	tr|J9VT21|J9VT21_CRYN9	9
fam_001760	sp|J9VUY6|GUAA_CRYN9	6
fam_001761	tr|J9VXN3|J9VXN3_CRYN9	1
fam_001762	tr|J9VXZ1|J9VXZ1_CRYN9	1
fam_001763	tr|J9VZH8|J9VZH8_CRYN9	2
fam_001764	tr|J9VKM1|J9VKM1_CRYN9	2
fam_001765	tr|J9VMC4|J9VMC4_CRYN9	6
fam_001766	tr|J9VMV1|J9VMV1_CRYN9	2
fam_001767	tr|J9VQS6|J9VQS6_CRYN9	6
fam_001768	sp|J9VS56|ANXC1_CRYN9	2
fam_001769	tr|J9VV88|J9VV88_CRYN9	2
fam_001770	tr|J9VVA4|J9VVA4_CRYN9	12
fam_001771	tr|J9W3G7|J9W3G7_CRYN9	2
fam_001772	tr|J9VJD1|J9VJD1_CRYN9	2
fam_001773	tr|J9VME9|J9VME9_CRYN9	2
fam_001774	tr|J9VQ75|J9VQ75_CRYN9	2
fam_001775	tr|J9VQH4|J9VQH4_CRYN9	2
fam_001776	tr|J9VTS7|J9VTS7_CRYN9	2
fam_001777	tr|J9VVD4|J9VVD4_CRYN9	4
fam_001778	tr|J9VXY6|J9VXY6_CRYN9	2
fam_001779	tr|S2IWB9|S2IWB9_MUCC1	1
fam_001780	tr|S2JUT5|S2JUT5_MUCC1	1
fam_001781	tr|S2IXG4|S2IXG4_MUCC1	3
fam_001782	tr|S2J4S2|S2J4S2_MUCC1	6
fam_001783	tr|S2J631|S2J631_MUCC1	2
fam_001784	tr|S2J8G7|S2J8G7_MUCC1	5
fam_001785	tr|S2J9U7|S2J9U7_MUCC1	2
fam_001786	tr|S2JE30|S2JE30_MUCC1	6
fam_001787	tr|S2JE80|S2JE80_MUCC1	5
fam_001788	tr|S2JGF8|S2JGF8_MUCC1	9
fam_001789	tr|S2JJH8|S2JJH8_MUCC1	2
fam_001790	tr|S2JJJ6|S2JJJ6_MUCC1	4
fam_001791	tr|S2JND5|S2JND5_MUCC1	2
fam_001792	tr|S2J1I8|S2J1I8_MUCC1	2
fam_001793	tr|S2J1Y0|S2J1Y0_MUCC1	5
fam_001794	tr|S2J281|S2J281_MUCC1	7
fam_001795	tr|S2J3G0|S2J3G0_MUCC1	5
fam_001796	tr|S2J3X2|S2J3X2_MUCC1	7
fam_001797	tr|S2J518|S2J518_MUCC1	13
fam_001798	tr|S2J9Y7|S2J9Y7_MUCC1	6
fam_001799	tr|S2JNV2|S2JNV2_MUCC1	2
fam_001800	tr|S2JXA2|S2JXA2_MUCC1	1
fam_001801	tr|S2K532|S2K532_MUCC1	1
fam_001802	tr|S2IYB7|S2IYB7_MUCC1	3
fam_001803	tr|S2IYW3|S2IYW3_MUCC1	5
fam_001804	tr|S2JBQ2|S2JBQ2_MUCC1	2
fam_001805	tr|S2JHF7|S2JHF7_MUCC1	2
fam_001806	tr|S2JJF3|S2JJF3_MUCC1	6
fam_001807	tr|S2JMR3|S2JMR3_MUCC1	1
fam_001808	tr|S2JP28|S2JP28_MUCC1	1
fam_001809	tr|S2JQK7|S2JQK7_MUCC1	1
fam_001810	tr|S2KDY5|S2KDY5_MUCC1	1
fam_001811	tr|S2JVZ9|S2JVZ9_MUCC1	3
fam_001812	tr|S2JDN6|S2JDN6_MUCC1	1
fam_001813	tr|S2K1Q9|S2K1Q9_MUCC1	2
fam_001814	tr|S2K4S3|S2K4S3_MUCC1	4
fam_001815	tr|S2KAX8|S2KAX8_MUCC1	1
fam_001816	tr|S2J3E9|S2J3E9_MUCC1	1
fam_001817	tr|S2KBT0|S2KBT0_MUCC1	2
fam_001818	tr|S2IXQ1|S2IXQ1_MUCC1	5
fam_001819	tr|S2IZU8|S2IZU8_MUCC1	1
fam_001820	tr|S2JRC2|S2JRC2_MUCC1	1
fam_001821	tr|S2J589|S2J589_MUCC1	2
fam_001822	tr|S2J973|S2J973_MUCC1	4
fam_001823	tr|S2JAT7|S2JAT7_MUCC1	1
fam_001824	tr|S2JA31|S2JA31_MUCC1	1
fam_001825	tr|S2JBC9|S2JBC9_MUCC1	1
fam_001826	tr|S2J1N1|S2J1N1_MUCC1	1
fam_001827	tr|S2JEG1|S2JEG1_MUCC1	1
fam_001828	tr|S2KAC6|S2KAC6_MUCC1	1
fam_001829	tr|S2JEP0|S2JEP0_MUCC1	2
fam_001830	tr|S2JF30|S2JF30_MUCC1	2
fam_001831	tr|S2JH83|S2JH83_MUCC1	1
fam_001832	tr|S2JSL0|S2JSL0_MUCC1	1
fam_001833	tr|S2JJT8|S2JJT8_MUCC1	1
fam_001834	tr|S2JB03|S2JB03_MUCC1	1
fam_001835	tr|S2JUM5|S2JUM5_MUCC1	3
fam_001836	tr|S2JXY0|S2JXY0_MUCC1	1
fam_001837	tr|S2JWM1|S2JWM1_MUCC1	1
fam_001838	tr|S2K4L2|S2K4L2_MUCC1	7
fam_001839	tr|S2IW70|S2IW70_MUCC1	1
fam_001840	tr|S2J320|S2J320_MUCC1	1
fam_001841	tr|S2J1L7|S2J1L7_MUCC1	6
fam_001842	tr|S2J7U8|S2J7U8_MUCC1	3
fam_001843	tr|S2JIA5|S2JIA5_MUCC1	4
fam_001844	tr|S2JM28|S2JM28_MUCC1	3
fam_001845	tr|S2JN73|S2JN73_MUCC1	2
fam_001846	tr|S2JNG8|S2JNG8_MUCC1	1
fam_001847	tr|S2JX80|S2JX80_MUCC1	1
fam_001848	tr|S2JPU0|S2JPU0_MUCC1	6
fam_001849	tr|S2JR72|S2JR72_MUCC1	5
fam_001850	tr|S2JRH5|S2JRH5_MUCC1	2
fam_001851	tr|S2JSV2|S2JSV2_MUCC1	1
fam_001852	tr|S2J9W2|S2J9W2_MUCC1	1
fam_001853	tr|S2JWE0|S2JWE0_MUCC1	6
fam_001854	tr|S2K704|S2K704_MUCC1	1
fam_001855	tr|S2JST7|S2JST7_MUCC1	1
fam_001856	tr|S2K8M4|S2K8M4_MUCC1	2
fam_001857	tr|S2J3L4|S2J3L4_MUCC1	4
fam_001858	tr|S2J640|S2J640_MUCC1	3
fam_001859	tr|S2J7N1|S2J7N1_MUCC1	1
fam_001860	tr|S2K906|S2K906_MUCC1	1
fam_001861	tr|S2JAR4|S2JAR4_MUCC1	1
fam_001862	tr|S2IVS1|S2IVS1_MUCC1	1
fam_001863	tr|S2JFM7|S2JFM7_MUCC1	5
fam_001864	tr|S2JFW8|S2JFW8_MUCC1	7
fam_001865	tr|S2JG65|S2JG65_MUCC1	4
fam_001866	tr|S2JM93|S2JM93_MUCC1	1
fam_001867	tr|S2JM55|S2JM55_MUCC1	1
fam_001868	tr|S2JQQ2|S2JQQ2_MUCC1	1
fam_001869	tr|S2J8D5|S2J8D5_MUCC1	1
fam_001870	tr|S2JUG2|S2JUG2_MUCC1	5
fam_001871	tr|S2JWH0|S2JWH0_MUCC1	3
fam_001872	tr|S2K429|S2K429_MUCC1	3
fam_001873	tr|S2K4A2|S2K4A2_MUCC1	3
fam_001874	tr|S2K4T1|S2K4T1_MUCC1	2
fam_001875	tr|S2JDP2|S2JDP2_MUCC1	1
fam_001876	tr|S2K5J0|S2K5J0_MUCC1	6
fam_001877	tr|S2K697|S2K697_MUCC1	1
fam_001878	tr|S2JQ41|S2JQ41_MUCC1	1
fam_001879	tr|S2K6R1|S2K6R1_MUCC1	13
fam_001880	tr|S2IWB8|S2IWB8_MUCC1	1
fam_001881	tr|S2JLK1|S2JLK1_MUCC1	1
fam_001882	tr|S2IXA2|S2IXA2_MUCC1	2
fam_001883	tr|S2J4W5|S2J4W5_MUCC1	2
fam_001884	tr|S2J868|S2J868_MUCC1	2
fam_001885	tr|S2JG15|S2JG15_MUCC1	2
fam_001886	tr|S2JHP8|S2JHP8_MUCC1	4
fam_001887	tr|S2JHX4|S2JHX4_MUCC1	5
fam_001888	tr|S2JLY3|S2JLY3_MUCC1	3
fam_001889	tr|S2JNG0|S2JNG0_MUCC1	2
fam_001890	tr|S2JNJ2|S2JNJ2_MUCC1	2
fam_001891	tr|S2JQF8|S2JQF8_MUCC1	2
fam_001892	tr|S2K257|S2K257_MUCC1	2
fam_001893	tr|S2K7N7|S2K7N7_MUCC1	2
fam_001894	tr|S2KAH9|S2KAH9_MUCC1	2
fam_001895	tr|S2KAI5|S2KAI5_MUCC1	2
fam_001896	tr|S2ITL3|S2ITL3_MUCC1	3
fam_001897	tr|S2J447|S2J447_MUCC1	4
fam_001898	tr|S2J4M2|S2J4M2_MUCC1	4
fam_001899	tr|S2JCS9|S2JCS9_MUCC1	2
fam_001900	tr|S2JGN5|S2JGN5_MUCC1	2
fam_001901	tr|S2JMC1|S2JMC1_MUCC1	3
fam_001902	tr|S2JNS4|S2JNS4_MUCC1	2
fam_001903	tr|S2JPX5|S2JPX5_MUCC1	3
fam_001904	tr|S2JPZ5|S2JPZ5_MUCC1	7
fam_001905	tr|S2JSZ7|S2JSZ7_MUCC1	5
fam_001906	tr|S2JUN7|S2JUN7_MUCC1	5
fam_001907	tr|S2K597|S2K597_MUCC1	8
fam_001908	tr|S2K5A1|S2K5A1_MUCC1	1
fam_001909	tr|S2IXY4|S2IXY4_MUCC1	1
fam_001910	tr|S2K9N7|S2K9N7_MUCC1	2
fam_001911	tr|S2KGW6|S2KGW6_MUCC1	2
fam_001912	tr|S2J0P8|S2J0P8_MUCC1	5
fam_001913	tr|S2J7B7|S2J7B7_MUCC1	1
fam_001914	tr|S2J0R1|S2J0R1_MUCC1	1
fam_001915	tr|S2J8M0|S2J8M0_MUCC1	2
fam_001916	tr|S2J932|S2J932_MUCC1	8
fam_001917	tr|S2JAB3|S2JAB3_MUCC1	7
fam_001918	tr|S2JCC3|S2JCC3_MUCC1	2
fam_001919	tr|S2JDA4|S2JDA4_MUCC1	7
fam_001920	tr|S2JF95|S2JF95_MUCC1	5
fam_001921	tr|S2JMB0|S2JMB0_MUCC1	13
fam_001922	tr|S2JMU3|S2JMU3_MUCC1	2
fam_001923	tr|S2JPK2|S2JPK2_MUCC1	5
fam_001924	tr|S2JQB3|S2JQB3_MUCC1	11
fam_001925	tr|S2JRR7|S2JRR7_MUCC1	14
fam_001926	tr|S2JV04|S2JV04_MUCC1	3
fam_001927	tr|S2JX90|S2JX90_MUCC1	3
fam_001928	tr|S2K3F5|S2K3F5_MUCC1	1
fam_001929	tr|S2KBR5|S2KBR5_MUCC1	2
fam_001930	tr|S2KBP7|S2KBP7_MUCC1	10
fam_001931	tr|S2KKC5|S2KKC5_MUCC1	24
fam_001932	tr|S2IW53|S2IW53_MUCC1	4
fam_001933	tr|S2IWT2|S2IWT2_MUCC1	2
fam_001934	tr|S2IZW3|S2IZW3_MUCC1	12
fam_001935	tr|S2J3V7|S2J3V7_MUCC1	1
fam_001936	tr|S2JQM9|S2JQM9_MUCC1	1
fam_001937	tr|S2J7V3|S2J7V3_MUCC1	1
fam_001938	tr|S2KA02|S2KA02_MUCC1	1
fam_001939	tr|S2JA07|S2JA07_MUCC1	7
fam_001940	tr|S2JGC5|S2JGC5_MUCC1	2
fam_001941	tr|S2JH32|S2JH32_MUCC1	3
fam_001942	tr|S2JMI7|S2JMI7_MUCC1	7
fam_001943	tr|S2JUY3|S2JUY3_MUCC1	1
fam_001944	tr|S2IZP9|S2IZP9_MUCC1	1
fam_001945	tr|S2JY48|S2JY48_MUCC1	1
fam_001946	tr|S2IZU0|S2IZU0_MUCC1	2
fam_001947	tr|S2JYI2|S2JYI2_MUCC1	2
fam_001948	tr|S2JZT5|S2JZT5_MUCC1	5
fam_001949	tr|S2KBU0|S2KBU0_MUCC1	2
fam_001950	tr|S2IUV9|S2IUV9_MUCC1	4
fam_001951	tr|S2IVP5|S2IVP5_MUCC1	4
fam_001952	tr|S2J6G9|S2J6G9_MUCC1	5
fam_001953	tr|S2J7T9|S2J7T9_MUCC1	7
fam_001954	tr|S2J8P7|S2J8P7_MUCC1	5
fam_001955	tr|S2JHP7|S2JHP7_MUCC1	4
fam_001956	tr|S2JJA1|S2JJA1_MUCC1	1
fam_001957	tr|S2JAC1|S2JAC1_MUCC1	2
fam_001958	tr|S2JNC4|S2JNC4_MUCC1	2
fam_001959	tr|S2K1P4|S2K1P4_MUCC1	1
fam_001960	tr|S2JPL4|S2JPL4_MUCC1	2
fam_001961	tr|S2JQA1|S2JQA1_MUCC1	1
fam_001962	tr|S2JBA8|S2JBA8_MUCC1	1
fam_001963	tr|S2JQC6|S2JQC6_MUCC1	2
fam_001964	tr|S2JQT2|S2JQT2_MUCC1	3
fam_001965	tr|S2JS59|S2JS59_MUCC1	1
fam_001966	tr|S2JZ50|S2JZ50_MUCC1	1
fam_001967	tr|S2JSB3|S2JSB3_MUCC1	2
fam_001968	tr|S2JT17|S2JT17_MUCC1	2
fam_001969	tr|S2JU08|S2JU08_MUCC1	4
fam_001970	tr|S2JXN6|S2JXN6_MUCC1	3
fam_001971	tr|S2JY99|S2JY99_MUCC1	1
fam_001972	tr|S2KIA6|S2KIA6_MUCC1	1
fam_001973	tr|S2K1W4|S2K1W4_MUCC1	3
fam_001974	tr|S2K401|S2K401_MUCC1	8
fam_001975	tr|S2KBV4|S2KBV4_MUCC1	1
fam_001976	tr|S2KCR8|S2KCR8_MUCC1	1
fam_001977	tr|S2KFC6|S2KFC6_MUCC1	12
fam_001978	tr|S2KFQ6|S2KFQ6_MUCC1	3
fam_001979	tr|S2KKP7|S2KKP7_MUCC1	11
fam_001980	tr|S2IY00|S2IY00_MUCC1	1
fam_001981	tr|S2JC96|S2JC96_MUCC1	1
fam_001982	tr|S2J1F9|S2J1F9_MUCC1	4
fam_001983	tr|S2J259|S2J259_MUCC1	1
fam_001984	tr|S2J7K9|S2J7K9_MUCC1	1
fam_001985	tr|S2J4L6|S2J4L6_MUCC1	1
fam_001986	tr|S2K303|S2K303_MUCC1	1
fam_001987	tr|S2JB82|S2JB82_MUCC1	2
fam_001988	tr|S2JEE5|S2JEE5_MUCC1	6
fam_001989	tr|S2JG37|S2JG37_MUCC1	3
fam_001990	tr|S2JID3|S2JID3_MUCC1	2
fam_001991	tr|S2JKF4|S2JKF4_MUCC1	13
fam_001992	tr|S2JM11|S2JM11_MUCC1	5
fam_001993	tr|S2JMK2|S2JMK2_MUCC1	9
fam_001994	tr|S2JRX2|S2JRX2_MUCC1	3
fam_001995	tr|S2JSF9|S2JSF9_MUCC1	3
fam_001996	tr|S2JVN7|S2JVN7_MUCC1	2
fam_001997	tr|S2JYB9|S2JYB9_MUCC1	5
fam_001998	tr|S2K6Y7|S2K6Y7_MUCC1	3
fam_001999	tr|S2KA26|S2KA26_MUCC1	6
fam_002000	tr|S2KAU6|S2KAU6_MUCC1	2
fam_002001	tr|S2JDB7|S2JDB7_MUCC1	1
fam_002002	tr|S2JB15|S2JB15_MUCC1	1
fam_002003	tr|S2JE49|S2JE49_MUCC1	6
fam_002004	tr|S2JFU7|S2JFU7_MUCC1	1
fam_002005	tr|S2J4D3|S2J4D3_MUCC1	1
fam_002006	tr|S2JRG7|S2JRG7_MUCC1	1
fam_002007	tr|S2IWB3|S2IWB3_MUCC1	1
fam_002008	tr|S2JRH1|S2JRH1_MUCC1	2
fam_002009	tr|S2JRZ8|S2JRZ8_MUCC1	2
fam_002010	tr|S2JYN7|S2JYN7_MUCC1	6
fam_002011	tr|S2K210|S2K210_MUCC1	3
fam_002012	tr|S2K5T9|S2K5T9_MUCC1	4
fam_002013	tr|S2K6G9|S2K6G9_MUCC1	2
fam_002014	tr|S2IYZ7|S2IYZ7_MUCC1	1
fam_002015	tr|S2IW18|S2IW18_MUCC1	5
fam_002016	tr|S2IYX3|S2IYX3_MUCC1	1
fam_002017	tr|S2JHZ3|S2JHZ3_MUCC1	1
fam_002018	tr|S2IZQ8|S2IZQ8_MUCC1	3
fam_002019	tr|S2J7R8|S2J7R8_MUCC1	6
fam_002020	tr|S2JBN7|S2JBN7_MUCC1	5
fam_002021	tr|S2JG27|S2JG27_MUCC1	2
fam_002022	tr|S2JHH8|S2JHH8_MUCC1	4
fam_002023	tr|S2JHJ2|S2JHJ2_MUCC1	5
fam_002024	tr|S2JJI8|S2JJI8_MUCC1	5
fam_002025	tr|S2JRU6|S2JRU6_MUCC1	4
fam_002026	tr|S2K869|S2K869_MUCC1	5
fam_002027	tr|S2KF95|S2KF95_MUCC1	3
fam_002028	tr|S2J047|S2J047_MUCC1	2
fam_002029	tr|S2J0Q4|S2J0Q4_MUCC1	2
fam_002030	tr|S2J3R1|S2J3R1_MUCC1	1
fam_002031	tr|S2J6W8|S2J6W8_MUCC1	1
fam_002032	tr|S2J4D2|S2J4D2_MUCC1	1
fam_002033	tr|S2J463|S2J463_MUCC1	1
fam_002034	tr|S2J6G4|S2J6G4_MUCC1	1
fam_002035	tr|S2K0A4|S2K0A4_MUCC1	1
fam_002036	tr|S2J8W2|S2J8W2_MUCC1	1
fam_002037	tr|S2JW23|S2JW23_MUCC1	1
fam_002038	tr|S2JBU6|S2JBU6_MUCC1	1
fam_002039	tr|S2JDH5|S2JDH5_MUCC1	1
fam_002040	tr|S2JDS7|S2JDS7_MUCC1	2
fam_002041	tr|S2JFZ8|S2JFZ8_MUCC1	1
fam_002042	tr|S2K285|S2K285_MUCC1	1
fam_002043	tr|S2JGP5|S2JGP5_MUCC1	4
fam_002044	tr|S2JJ48|S2JJ48_MUCC1	1
fam_002045	tr|S2J5X9|S2J5X9_MUCC1	1
fam_002046	tr|S2JQ77|S2JQ77_MUCC1	3
fam_002047	tr|S2JQU4|S2JQU4_MUCC1	5
fam_002048	tr|S2K405|S2K405_MUCC1	4
fam_002049	tr|S2K6M4|S2K6M4_MUCC1	7
fam_002050	tr|S2K7J5|S2K7J5_MUCC1	6
fam_002051	tr|S2K910|S2K910_MUCC1	8
fam_002052	tr|S2IVQ8|S2IVQ8_MUCC1	7
fam_002053	tr|S2IZN7|S2IZN7_MUCC1	1
fam_002054	tr|S2JI25|S2JI25_MUCC1	1
fam_002055	tr|S2J1J2|S2J1J2_MUCC1	5
fam_002056	tr|S2J7M0|S2J7M0_MUCC1	1
fam_002057	tr|S2J1V9|S2J1V9_MUCC1	1
fam_002058	tr|S2J975|S2J975_MUCC1	1
fam_002059	tr|S2JJJ9|S2JJJ9_MUCC1	1
fam_002060	tr|S2JKK3|S2JKK3_MUCC1	8
fam_002061	tr|S2JP01|S2JP01_MUCC1	6
fam_002062	tr|S2JVT2|S2JVT2_MUCC1	5
fam_002063	tr|S2K2R2|S2K2R2_MUCC1	1
fam_002064	tr|S2K981|S2K981_MUCC1	1
fam_002065	tr|S2KBI7|S2KBI7_MUCC1	6
fam_002066	tr|S2KD64|S2KD64_MUCC1	2
fam_002067	tr|S2IXZ7|S2IXZ7_MUCC1	1
fam_002068	tr|S2KC90|S2KC90_MUCC1	1
fam_002069	tr|S2IYU2|S2IYU2_MUCC1	2
fam_002070	tr|S2IZ98|S2IZ98_MUCC1	1
fam_002071	tr|S2JH35|S2JH35_MUCC1	1
fam_002072	tr|S2J058|S2J058_MUCC1	6
fam_002073	tr|S2J127|S2J127_MUCC1	2
fam_002074	tr|S2J4E7|S2J4E7_MUCC1	3
fam_002075	tr|S2J5N8|S2J5N8_MUCC1	3
fam_002076	tr|S2JCG1|S2JCG1_MUCC1	2
fam_002077	tr|S2JJ95|S2JJ95_MUCC1	1
fam_002078	tr|S2JC29|S2JC29_MUCC1	1
fam_002079	tr|S2JJR8|S2JJR8_MUCC1	4
fam_002080	tr|S2JK71|S2JK71_MUCC1	3
fam_002081	tr|S2JQG4|S2JQG4_MUCC1	1
fam_002082	tr|S2KDD4|S2KDD4_MUCC1	1
fam_002083	tr|S2JRY3|S2JRY3_MUCC1	5
fam_002084	tr|S2JT59|S2JT59_MUCC1	2
fam_002085	tr|S2JUK9|S2JUK9_MUCC1	1
fam_002086	tr|S2JI52|S2JI52_MUCC1	1
fam_002087	tr|S2JWH6|S2JWH6_MUCC1	2
fam_002088	tr|S2K894|S2K894_MUCC1	3
fam_002089	tr|S2K9N2|S2K9N2_MUCC1	4
fam_002090	tr|S2KC70|S2KC70_MUCC1	7
fam_002091	tr|S2KDF4|S2KDF4_MUCC1	6
fam_002092	tr|S2J5Z8|S2J5Z8_MUCC1	2
fam_002093	tr|S2J6D6|S2J6D6_MUCC1	1
fam_002094	tr|S2J0H2|S2J0H2_MUCC1	1
fam_002095	tr|S2J738|S2J738_MUCC1	5
fam_002096	tr|S2J7T0|S2J7T0_MUCC1	6
fam_002097	tr|S2JCS3|S2JCS3_MUCC1	2
fam_002098	tr|S2JCY7|S2JCY7_MUCC1	1
fam_002099	tr|S2JQ48|S2JQ48_MUCC1	1
fam_002100	sp|Q9UUK3|OTU2_SCHPO	3
fam_002101	sp|Q9Y7L0|SEC22_SCHPO	5
fam_002102	sp|O14033|YEMC_SCHPO	2
fam_002103	sp|O59714|YBH6_SCHPO	5
fam_002104	sp|O60162|YG23_SCHPO	8
fam_002105	sp|O74399|ERB1_SCHPO	6
fam_002106	tr|A0A1U7LTZ3|A0A1U7LTZ3_NEOID	2
fam_002107	tr|A0A1U7LUB5|A0A1U7LUB5_NEOID	1
fam_002108	tr|A0A1U7LL19|A0A1U7LL19_NEOID	1
fam_002109	tr|A0A1U7LJ19|A0A1U7LJ19_NEOID	1
fam_002110	tr|A0A1U7LNS6|A0A1U7LNS6_NEOID	1
fam_002111	tr|A0A1U7LJ49|A0A1U7LJ49_NEOID	6
fam_002112	tr|A0A1U7LJ50|A0A1U7LJ50_NEOID	3
fam_002113	tr|A0A1U7LJP8|A0A1U7LJP8_NEOID	3
fam_002114	tr|A0A1U7LKG8|A0A1U7LKG8_NEOID	5
fam_002115	tr|A0A1U7LKH0|A0A1U7LKH0_NEOID	2
fam_002116	tr|A0A1U7LMS5|A0A1U7LMS5_NEOID	2
fam_002117	tr|A0A1U7LNY4|A0A1U7LNY4_NEOID	5
fam_002118	tr|A0A1U7LPP8|A0A1U7LPP8_NEOID	2
fam_002119	tr|A0A1U7LQ04|A0A1U7LQ04_NEOID	6
fam_002120	tr|A8NFQ8|A8NFQ8_COPC7	6
fam_002121	tr|A8NFS2|A8NFS2_COPC7	2
fam_002122	tr|A8NPE4|A8NPE4_COPC7	2
fam_002123	tr|A8NQ09|A8NQ09_COPC7	4
fam_002124	tr|A8NTA7|A8NTA7_COPC7	1
fam_002125	tr|A8NT46|A8NT46_COPC7	1
fam_002126	tr|A8NXZ2|A8NXZ2_COPC7	2
fam_002127	tr|A8NY73|A8NY73_COPC7	2
fam_002128	tr|A8P255|A8P255_COPC7	3
fam_002129	tr|A8P5L9|A8P5L9_COPC7	2
fam_002130	tr|A8PAX8|A8PAX8_COPC7	2
fam_002131	tr|A8PHV5|A8PHV5_COPC7	2
fam_002132	tr|A8N1Y5|A8N1Y5_COPC7	2
fam_002133	tr|A8N837|A8N837_COPC7	3
fam_002134	tr|A8N8H5|A8N8H5_COPC7	2
fam_002135	tr|A8N9U2|A8N9U2_COPC7	5
fam_002136	tr|A8NEE6|A8NEE6_COPC7	6
fam_002137	tr|A8NJW9|A8NJW9_COPC7	4
fam_002138	tr|A8NYI2|A8NYI2_COPC7	3
fam_002139	tr|A8P181|A8P181_COPC7	2
fam_002140	tr|A8P1I9|A8P1I9_COPC7	3
fam_002141	tr|A8P3B1|A8P3B1_COPC7	3
fam_002142	tr|A8PA12|A8PA12_COPC7	4
fam_002143	tr|A8PFE7|A8PFE7_COPC7	28
fam_002144	tr|A8N1L5|A8N1L5_COPC7	2
fam_002145	tr|A8N1L6|A8N1L6_COPC7	2
fam_002146	tr|A8N8L1|A8N8L1_COPC7	2
fam_002147	tr|A8N9C0|A8N9C0_COPC7	4
fam_002148	tr|A8NEI8|A8NEI8_COPC7	2
fam_002149	tr|A8NLN4|A8NLN4_COPC7	4
fam_002150	tr|A8NYN5|A8NYN5_COPC7	2
fam_002151	sp|A8P0V4|AA12_COPC7	5
fam_002152	tr|A8P311|A8P311_COPC7	4
fam_002153	tr|A8P4Y2|A8P4Y2_COPC7	7
fam_002154	tr|A8P9H9|A8P9H9_COPC7	3
fam_002155	tr|A8PC71|A8PC71_COPC7	1
fam_002156	tr|A8NAH1|A8NAH1_COPC7	1
fam_002157	tr|A8PE48|A8PE48_COPC7	2
fam_002158	tr|A8PGE2|A8PGE2_COPC7	2
fam_002159	tr|A8P299|A8P299_COPC7	1
fam_002160	tr|D6RM08|D6RM08_COPC7	2
fam_002161	tr|A8N2C4|A8N2C4_COPC7	2
fam_002162	tr|A8N587|A8N587_COPC7	4
fam_002163	tr|A8N9A8|A8N9A8_COPC7	3
fam_002164	tr|A8NC67|A8NC67_COPC7	2
fam_002165	tr|A8NCR6|A8NCR6_COPC7	2
fam_002166	tr|A8NCT5|A8NCT5_COPC7	4
fam_002167	tr|A8NEH9|A8NEH9_COPC7	2
fam_002168	tr|A8NTV4|A8NTV4_COPC7	2
fam_002169	tr|A8NVY8|A8NVY8_COPC7	5
fam_002170	tr|A8NXC9|A8NXC9_COPC7	1
fam_002171	tr|A8PF07|A8PF07_COPC7	1
fam_002172	tr|A8NZD0|A8NZD0_COPC7	8
fam_002173	tr|A8P4H8|A8P4H8_COPC7	2
fam_002174	tr|A8P4E5|A8P4E5_COPC7	1
fam_002175	tr|A8PCH6|A8PCH6_COPC7	1
fam_002176	tr|A8NGV1|A8NGV1_COPC7	1
fam_002177	tr|D6RQ03|D6RQ03_COPC7	2
fam_002178	tr|A8N8D4|A8N8D4_COPC7	2
fam_002179	tr|A8N9B6|A8N9B6_COPC7	2
fam_002180	tr|A8NLX5|A8NLX5_COPC7	2
fam_002181	tr|A8NRX1|A8NRX1_COPC7	2
fam_002182	tr|A8NW43|A8NW43_COPC7	2
fam_002183	tr|A8P1L2|A8P1L2_COPC7	1
fam_002184	tr|D6RPE6|D6RPE6_COPC7	1
fam_002185	tr|A8P7I8|A8P7I8_COPC7	7
fam_002186	tr|A8PAS8|A8PAS8_COPC7	5
fam_002187	tr|A8PDS0|A8PDS0_COPC7	2
fam_002188	tr|A8PH79|A8PH79_COPC7	3
fam_002189	tr|A8N1W6|A8N1W6_COPC7	4
fam_002190	tr|A8N4G4|A8N4G4_COPC7	3
fam_002191	tr|A8N809|A8N809_COPC7	3
fam_002192	tr|A8N967|A8N967_COPC7	2
fam_002193	tr|A8N968|A8N968_COPC7	3
fam_002194	tr|A8NBW9|A8NBW9_COPC7	2
fam_002195	tr|A8NRM6|A8NRM6_COPC7	2
fam_002196	tr|A8NXI6|A8NXI6_COPC7	2
fam_002197	tr|A8NZD4|A8NZD4_COPC7	3
fam_002198	tr|A8NZZ5|A8NZZ5_COPC7	3
fam_002199	tr|A8P2Q5|A8P2Q5_COPC7	3
fam_002200	tr|A8PHM3|A8PHM3_COPC7	2
fam_002201	tr|D6RJV8|D6RJV8_COPC7	3
fam_002202	tr|A8N202|A8N202_COPC7	3
fam_002203	tr|A8N2C5|A8N2C5_COPC7	2
fam_002204	tr|A8N4V4|A8N4V4_COPC7	2
fam_002205	tr|A8N4W5|A8N4W5_COPC7	4
fam_002206	tr|A8N8N1|A8N8N1_COPC7	2
fam_002207	tr|A8NBB9|A8NBB9_COPC7	2
fam_002208	tr|A8NHI9|A8NHI9_COPC7	4
fam_002209	tr|A8NFD2|A8NFD2_COPC7	5
fam_002210	tr|A8P307|A8P307_COPC7	6
fam_002211	tr|A8P3N7|A8P3N7_COPC7	1
fam_002212	tr|A8P3J8|A8P3J8_COPC7	4
fam_002213	tr|A8P6Z2|A8P6Z2_COPC7	3
fam_002214	tr|A8N7Q4|A8N7Q4_COPC7	2
fam_002215	tr|A8N882|A8N882_COPC7	2
fam_002216	sp|A8NEG8|LIS1_COPC7	4
fam_002217	tr|A8NPB5|A8NPB5_COPC7	2
fam_002218	tr|A8NPP2|A8NPP2_COPC7	2
fam_002219	tr|A8NTB3|A8NTB3_COPC7	2
fam_002220	tr|A8NTD9|A8NTD9_COPC7	1
fam_002221	tr|A8NTE0|A8NTE0_COPC7	1
fam_002222	tr|A8NTL6|A8NTL6_COPC7	2
fam_002223	tr|A8P210|A8P210_COPC7	10
fam_002224	tr|A8P9R6|A8P9R6_COPC7	1
fam_002225	tr|A8PGF6|A8PGF6_COPC7	1
fam_002226	tr|D6RM04|D6RM04_COPC7	2
fam_002227	tr|A8N8X1|A8N8X1_COPC7	2
fam_002228	tr|A8NHV1|A8NHV1_COPC7	4
fam_002229	tr|A8NIT2|A8NIT2_COPC7	5
fam_002230	tr|A8NPI7|A8NPI7_COPC7	2
fam_002231	tr|A8NRG9|A8NRG9_COPC7	2
fam_002232	tr|A8NRV0|A8NRV0_COPC7	5
fam_002233	tr|A8NT90|A8NT90_COPC7	3
fam_002234	tr|A8NUX7|A8NUX7_COPC7	2
fam_002235	sp|A8NYP0|KEX1_COPC7	3
fam_002236	tr|A8P5T4|A8P5T4_COPC7	2
fam_002237	tr|D6RKY0|D6RKY0_COPC7	3
fam_002238	tr|A8N1N1|A8N1N1_COPC7	2
fam_002239	tr|A8N5Y4|A8N5Y4_COPC7	8
fam_002240	tr|A8N9Y9|A8N9Y9_COPC7	2
fam_002241	tr|A8NCP4|A8NCP4_COPC7	1
fam_002242	tr|A8NCP5|A8NCP5_COPC7	1
fam_002243	tr|A8NPT1|A8NPT1_COPC7	2
fam_002244	tr|A8PDZ8|A8PDZ8_COPC7	2
fam_002245	tr|D6RQ58|D6RQ58_COPC7	2
fam_002246	tr|A8N3J8|A8N3J8_COPC7	3
fam_002247	tr|A8N3M1|A8N3M1_COPC7	2
fam_002248	tr|A8N4C4|A8N4C4_COPC7	2
fam_002249	tr|A8N9H4|A8N9H4_COPC7	2
fam_002250	tr|A8NEA9|A8NEA9_COPC7	4
fam_002251	tr|A8NNN7|A8NNN7_COPC7	2
fam_002252	tr|A8NWY0|A8NWY0_COPC7	2
fam_002253	tr|A8NWZ2|A8NWZ2_COPC7	1
fam_002254	tr|A8NXF4|A8NXF4_COPC7	3
fam_002255	tr|A8P9X1|A8P9X1_COPC7	2
fam_002256	tr|A8PCH7|A8PCH7_COPC7	3
fam_002257	tr|D6RM91|D6RM91_COPC7	3
fam_002258	tr|D6RR52|D6RR52_COPC7	2
fam_002259	tr|A8N1A5|A8N1A5_COPC7	5
fam_002260	tr|A8N2G0|A8N2G0_COPC7	4
fam_002261	tr|A8N375|A8N375_COPC7	1
fam_002262	tr|A8N308|A8N308_COPC7	1
fam_002263	tr|A8NFD7|A8NFD7_COPC7	4
fam_002264	tr|A8NFY5|A8NFY5_COPC7	4
fam_002265	tr|A8NUR8|A8NUR8_COPC7	2
fam_002266	tr|A8NX28|A8NX28_COPC7	2
fam_002267	tr|A8P038|A8P038_COPC7	2
fam_002268	tr|A8PB93|A8PB93_COPC7	8
fam_002269	tr|A8PDR2|A8PDR2_COPC7	3
fam_002270	tr|A8PG16|A8PG16_COPC7	2
fam_002271	tr|A8N0W6|A8N0W6_COPC7	4
fam_002272	tr|A8N816|A8N816_COPC7	3
fam_002273	tr|A8N8R6|A8N8R6_COPC7	3
fam_002274	tr|A8NBS7|A8NBS7_COPC7	1
fam_002275	tr|A8NBS6|A8NBS6_COPC7	1
fam_002276	tr|A8NDP4|A8NDP4_COPC7	8
fam_002277	tr|A8NJ34|A8NJ34_COPC7	2
fam_002278	tr|A8NJC9|A8NJC9_COPC7	2
fam_002279	tr|A8PDR4|A8PDR4_COPC7	2
fam_002280	tr|D6RK28|D6RK28_COPC7	2
fam_002281	tr|A8N7Q8|A8N7Q8_COPC7	4
fam_002282	tr|A8N8R5|A8N8R5_COPC7	43
fam_002283	tr|A8NFA9|A8NFA9_COPC7	4
fam_002284	tr|A8NSN2|A8NSN2_COPC7	4
fam_002285	sp|A8PD13|YTM1_COPC7	2
fam_002286	tr|A8PFH9|A8PFH9_COPC7	2
fam_002287	tr|D6RJS7|D6RJS7_COPC7	4
fam_002288	tr|D6RP09|D6RP09_COPC7	10
fam_002289	tr|A8N8A5|A8N8A5_COPC7	4
fam_002290	tr|A8NFL6|A8NFL6_COPC7	2
fam_002291	tr|A8NIX7|A8NIX7_COPC7	7
fam_002292	tr|A8NY70|A8NY70_COPC7	4
fam_002293	tr|A8P470|A8P470_COPC7	4
fam_002294	tr|A8P4P2|A8P4P2_COPC7	4
fam_002295	tr|A8PAV8|A8PAV8_COPC7	2
fam_002296	tr|D6RNR4|D6RNR4_COPC7	2
fam_002297	tr|A8N056|A8N056_COPC7	17
fam_002298	tr|A8N1Z7|A8N1Z7_COPC7	2
fam_002299	tr|A8N3I6|A8N3I6_COPC7	2
fam_002300	tr|A8N5R7|A8N5R7_COPC7	2
fam_002301	tr|A8N854|A8N854_COPC7	2
fam_002302	tr|A8N8U6|A8N8U6_COPC7	6
fam_002303	tr|A8NWT8|A8NWT8_COPC7	1
fam_002304	tr|A8N0B8|A8N0B8_COPC7	1
fam_002305	tr|A8P080|A8P080_COPC7	5
fam_002306	tr|A8PCW2|A8PCW2_COPC7	6
fam_002307	tr|A8PEP4|A8PEP4_COPC7	5
fam_002308	tr|D6RQJ8|D6RQJ8_COPC7	6
fam_002309	tr|A8N023|A8N023_COPC7	3
fam_002310	tr|A8N2B3|A8N2B3_COPC7	2
fam_002311	tr|A8N5G3|A8N5G3_COPC7	2
fam_002312	tr|A8N9K1|A8N9K1_COPC7	2
fam_002313	tr|A8NLE4|A8NLE4_COPC7	38
fam_002314	tr|A8NMZ2|A8NMZ2_COPC7	2
fam_002315	tr|A8NT27|A8NT27_COPC7	2
fam_002316	tr|A8NT57|A8NT57_COPC7	2
fam_002317	tr|A8P4F8|A8P4F8_COPC7	2
fam_002318	tr|A8PCG9|A8PCG9_COPC7	3
fam_002319	tr|A8N1E6|A8N1E6_COPC7	5
fam_002320	tr|A8N6M3|A8N6M3_COPC7	2
fam_002321	tr|A8N7L2|A8N7L2_COPC7	2
fam_002322	tr|A8N8Y2|A8N8Y2_COPC7	2
fam_002323	tr|A8N9A0|A8N9A0_COPC7	2
fam_002324	tr|A8NEV5|A8NEV5_COPC7	2
fam_002325	tr|A8NTC2|A8NTC2_COPC7	1
fam_002326	tr|A8NTC3|A8NTC3_COPC7	1
fam_002327	tr|A8P2R1|A8P2R1_COPC7	2
fam_002328	tr|A8P8F0|A8P8F0_COPC7	5
fam_002329	tr|A8PBP4|A8PBP4_COPC7	2
fam_002330	tr|A8PBQ4|A8PBQ4_COPC7	1
fam_002331	tr|A8PDN0|A8PDN0_COPC7	2
fam_002332	tr|A8PES7|A8PES7_COPC7	3
fam_002333	tr|D6RML5|D6RML5_COPC7	1
fam_002334	tr|D6RML6|D6RML6_COPC7	2
fam_002335	tr|D6RP50|D6RP50_COPC7	9
fam_002336	tr|D6RP67|D6RP67_COPC7	2
fam_002337	tr|D6RQG2|D6RQG2_COPC7	2
fam_002338	tr|D6RQZ4|D6RQZ4_COPC7	4
fam_002339	tr|A8N0F5|A8N0F5_COPC7	2
fam_002340	tr|A8N2C7|A8N2C7_COPC7	5
fam_002341	tr|A8NH32|A8NH32_COPC7	2
fam_002342	tr|A8NIU9|A8NIU9_COPC7	2
fam_002343	tr|A8NIY2|A8NIY2_COPC7	8
fam_002344	tr|A8NRT9|A8NRT9_COPC7	35
fam_002345	tr|A8NX45|A8NX45_COPC7	11
fam_002346	tr|A8NYN2|A8NYN2_COPC7	4
fam_002347	tr|A8P2F2|A8P2F2_COPC7	2
fam_002348	tr|A8P544|A8P544_COPC7	5
fam_002349	tr|A8PHW7|A8PHW7_COPC7	2
fam_002350	tr|D6RNQ5|D6RNQ5_COPC7	5
fam_002351	tr|D6RP13|D6RP13_COPC7	5
fam_002352	tr|A8MZZ1|A8MZZ1_COPC7	2
fam_002353	tr|A8N8Y9|A8N8Y9_COPC7	2
fam_002354	tr|A8P019|A8P019_COPC7	1
fam_002355	tr|A8NCC2|A8NCC2_COPC7	6
fam_002356	tr|A8NCN0|A8NCN0_COPC7	2
fam_002357	tr|A8NDU6|A8NDU6_COPC7	5
fam_002358	tr|A8NT96|A8NT96_COPC7	2
fam_002359	tr|A8NVL8|A8NVL8_COPC7	3
fam_002360	tr|A8NXS7|A8NXS7_COPC7	3
fam_002361	tr|A8P6U7|A8P6U7_COPC7	2
fam_002362	tr|A8PDT4|A8PDT4_COPC7	1
fam_002363	tr|A8NX68|A8NX68_COPC7	2
fam_002364	tr|A8N224|A8N224_COPC7	6
fam_002365	tr|A8N3U4|A8N3U4_COPC7	1
fam_002366	tr|A8N3U1|A8N3U1_COPC7	1
fam_002367	tr|A8N4Y1|A8N4Y1_COPC7	3
fam_002368	tr|A8N539|A8N539_COPC7	1
fam_002369	tr|A8N540|A8N540_COPC7	2
fam_002370	tr|A8ND35|A8ND35_COPC7	2
fam_002371	tr|A8NDT5|A8NDT5_COPC7	3
fam_002372	tr|A8NFI8|A8NFI8_COPC7	6
fam_002373	tr|A8NGP6|A8NGP6_COPC7	3
fam_002374	tr|A8NFA0|A8NFA0_COPC7	7
fam_002375	tr|A8NFN2|A8NFN2_COPC7	2
fam_002376	tr|A8NGX5|A8NGX5_COPC7	2
fam_002377	tr|A8NNG5|A8NNG5_COPC7	2
fam_002378	tr|A8P013|A8P013_COPC7	6
fam_002379	tr|A8PCY7|A8PCY7_COPC7	2
fam_002380	tr|D6RL48|D6RL48_COPC7	3
fam_002381	tr|A8N5F4|A8N5F4_COPC7	2
fam_002382	tr|A8N826|A8N826_COPC7	3
fam_002383	tr|A8NAA3|A8NAA3_COPC7	2
fam_002384	tr|A8NJH6|A8NJH6_COPC7	3
fam_002385	tr|A8NMM2|A8NMM2_COPC7	2
fam_002386	tr|A8NP59|A8NP59_COPC7	3
fam_002387	tr|A8NRY4|A8NRY4_COPC7	2
fam_002388	sp|A8NSH3|CGL2_COPC7	3
fam_002389	tr|A8P0E0|A8P0E0_COPC7	4
fam_002390	tr|A8PE63|A8PE63_COPC7	2
fam_002391	tr|D6RL80|D6RL80_COPC7	1
fam_002392	tr|A8N3Q9|A8N3Q9_COPC7	1
fam_002393	tr|A8N2R5|A8N2R5_COPC7	2
fam_002394	tr|A8N3C1|A8N3C1_COPC7	2
fam_002395	tr|A8N3D4|A8N3D4_COPC7	2
fam_002396	tr|A8N3D6|A8N3D6_COPC7	1
fam_002397	tr|A8NBA2|A8NBA2_COPC7	5
fam_002398	tr|A8NSM4|A8NSM4_COPC7	2
fam_002399	tr|A8NSR0|A8NSR0_COPC7	2
fam_002400	tr|A8NU90|A8NU90_COPC7	4
fam_002401	tr|A8NXS3|A8NXS3_COPC7	2
fam_002402	tr|A8P426|A8P426_COPC7	2
fam_002403	tr|A8PAD0|A8PAD0_COPC7	2
fam_002404	tr|A8PF74|A8PF74_COPC7	4
fam_002405	tr|A8N592|A8N592_COPC7	3
fam_002406	tr|A8N6T8|A8N6T8_COPC7	2
fam_002407	tr|A8NE74|A8NE74_COPC7	2
fam_002408	tr|A8NG20|A8NG20_COPC7	4
fam_002409	tr|A8NI05|A8NI05_COPC7	2
fam_002410	tr|A8NVK5|A8NVK5_COPC7	2
fam_002411	tr|A8P1M4|A8P1M4_COPC7	1
fam_002412	tr|D6RQX5|D6RQX5_COPC7	2
fam_002413	tr|A8P7M7|A8P7M7_COPC7	1
fam_002414	tr|A8P7M5|A8P7M5_COPC7	2
fam_002415	tr|A8PFJ4|A8PFJ4_COPC7	2
fam_002416	tr|D6RP59|D6RP59_COPC7	2
fam_002417	tr|A8N1L7|A8N1L7_COPC7	2
fam_002418	tr|A8N2V6|A8N2V6_COPC7	5
fam_002419	tr|A8N7Y5|A8N7Y5_COPC7	1
fam_002420	tr|A8N8G3|A8N8G3_COPC7	1
fam_002421	tr|A8NG23|A8NG23_COPC7	1
fam_002422	tr|D6RLK3|D6RLK3_COPC7	1
fam_002423	tr|A8NHT3|A8NHT3_COPC7	1
fam_002424	tr|A8NHW6|A8NHW6_COPC7	1
fam_002425	tr|A8NKY8|A8NKY8_COPC7	2
fam_002426	tr|A8NQX0|A8NQX0_COPC7	2
fam_002427	tr|A8NX53|A8NX53_COPC7	6
fam_002428	tr|A8P330|A8P330_COPC7	4
fam_002429	tr|A8P420|A8P420_COPC7	2
fam_002430	tr|D6RJU1|D6RJU1_COPC7	4
fam_002431	tr|D6RM38|D6RM38_COPC7	3
fam_002432	tr|D6RPN2|D6RPN2_COPC7	1
fam_002433	tr|A8NC31|A8NC31_COPC7	1
fam_002434	tr|A8N3V2|A8N3V2_COPC7	2
fam_002435	tr|A8N9L8|A8N9L8_COPC7	2
fam_002436	tr|A8NNL3|A8NNL3_COPC7	3
fam_002437	tr|A8NP98|A8NP98_COPC7	4
fam_002438	tr|A8NVJ8|A8NVJ8_COPC7	6
fam_002439	tr|A8NWM2|A8NWM2_COPC7	4
fam_002440	tr|A8P0C8|A8P0C8_COPC7	7
fam_002441	tr|D6RNW8|D6RNW8_COPC7	2
fam_002442	tr|A8N2B5|A8N2B5_COPC7	4
fam_002443	tr|A8N7K8|A8N7K8_COPC7	2
fam_002444	tr|A8NBD6|A8NBD6_COPC7	6
fam_002445	tr|A8NCQ7|A8NCQ7_COPC7	11
fam_002446	tr|A8NE25|A8NE25_COPC7	3
fam_002447	tr|A8NEK6|A8NEK6_COPC7	2
fam_002448	tr|A8NMF6|A8NMF6_COPC7	2
fam_002449	tr|A8P782|A8P782_COPC7	2
fam_002450	tr|A8PE28|A8PE28_COPC7	1
fam_002451	tr|A8NLQ8|A8NLQ8_COPC7	1
fam_002452	tr|A8PF46|A8PF46_COPC7	4
fam_002453	tr|A8PH15|A8PH15_COPC7	7
fam_002454	tr|A8PIP4|A8PIP4_COPC7	2
fam_002455	sp|A8N2Y6|MYO1_COPC7	8
fam_002456	tr|A8N700|A8N700_COPC7	2
fam_002457	tr|A8N881|A8N881_COPC7	2
fam_002458	tr|A8N9Z5|A8N9Z5_COPC7	6
fam_002459	tr|A8NBS9|A8NBS9_COPC7	1
fam_002460	tr|A8NM30|A8NM30_COPC7	1
fam_002461	tr|A8NWL6|A8NWL6_COPC7	2
fam_002462	tr|A8NYV0|A8NYV0_COPC7	3
fam_002463	tr|A8P5H5|A8P5H5_COPC7	10
fam_002464	tr|A8P927|A8P927_COPC7	8
fam_002465	tr|A8PA14|A8PA14_COPC7	3
fam_002466	tr|A8PAB6|A8PAB6_COPC7	2
fam_002467	tr|A8PGY0|A8PGY0_COPC7	2
fam_002468	tr|D6RJZ8|D6RJZ8_COPC7	4
fam_002469	tr|A8N0G6|A8N0G6_COPC7	2
fam_002470	tr|A8N330|A8N330_COPC7	2
fam_002471	tr|A8N4L0|A8N4L0_COPC7	2
fam_002472	tr|A8N661|A8N661_COPC7	2
fam_002473	tr|A8N9Z6|A8N9Z6_COPC7	3
fam_002474	tr|A8NLY4|A8NLY4_COPC7	3
fam_002475	tr|A8NN62|A8NN62_COPC7	5
fam_002476	tr|A8NU26|A8NU26_COPC7	3
fam_002477	tr|A8P7C6|A8P7C6_COPC7	2
fam_002478	tr|A8PDT9|A8PDT9_COPC7	6
fam_002479	tr|A8N489|A8N489_COPC7	3
fam_002480	tr|A8N784|A8N784_COPC7	2
fam_002481	tr|A8NBW0|A8NBW0_COPC7	5
fam_002482	tr|A8NCG4|A8NCG4_COPC7	15
fam_002483	tr|A8NDW9|A8NDW9_COPC7	2
fam_002484	tr|S2JUM6|S2JUM6_MUCC1	5
fam_002485	tr|S2JX04|S2JX04_MUCC1	3
fam_002486	tr|S2JX59|S2JX59_MUCC1	2
fam_002487	tr|S2JYJ2|S2JYJ2_MUCC1	1
fam_002488	tr|S2JK10|S2JK10_MUCC1	1
fam_002489	tr|S2JYU2|S2JYU2_MUCC1	7
fam_002490	tr|S2K551|S2K551_MUCC1	1
fam_002491	tr|S2J144|S2J144_MUCC1	1
fam_002492	tr|S2KCE2|S2KCE2_MUCC1	2
fam_002493	tr|S2IY67|S2IY67_MUCC1	15
fam_002494	tr|S2J031|S2J031_MUCC1	6
fam_002495	tr|S2J6Z4|S2J6Z4_MUCC1	2
fam_002496	tr|S2JBS6|S2JBS6_MUCC1	7
fam_002497	tr|S2JGC7|S2JGC7_MUCC1	13
fam_002498	tr|S2JJE8|S2JJE8_MUCC1	3
fam_002499	tr|S2JLP8|S2JLP8_MUCC1	3
fam_002500	tr|S2JMJ7|S2JMJ7_MUCC1	1
fam_002501	tr|S2JNY7|S2JNY7_MUCC1	1
fam_002502	tr|S2JMQ9|S2JMQ9_MUCC1	4
fam_002503	tr|S2JP23|S2JP23_MUCC1	1
fam_002504	tr|S2JU51|S2JU51_MUCC1	1
fam_002505	tr|S2JPH3|S2JPH3_MUCC1	1
fam_002506	tr|S2JSI3|S2JSI3_MUCC1	1
fam_002507	tr|S2JQI7|S2JQI7_MUCC1	1
fam_002508	tr|S2J4M9|S2J4M9_MUCC1	1
fam_002509	tr|S2JUE3|S2JUE3_MUCC1	7
fam_002510	tr|S2K1H2|S2K1H2_MUCC1	4
fam_002511	tr|S2KK95|S2KK95_MUCC1	1
fam_002512	tr|S2K9W4|S2K9W4_MUCC1	1
fam_002513	tr|S2IYX0|S2IYX0_MUCC1	1
fam_002514	tr|S2JIM8|S2JIM8_MUCC1	2
fam_002515	tr|S2IZI9|S2IZI9_MUCC1	2
fam_002516	tr|S2J0A9|S2J0A9_MUCC1	3
fam_002517	tr|S2J0S0|S2J0S0_MUCC1	3
fam_002518	tr|S2J0Z6|S2J0Z6_MUCC1	4
fam_002519	tr|S2J426|S2J426_MUCC1	3
fam_002520	tr|S2JBM2|S2JBM2_MUCC1	3
fam_002521	tr|S2JC51|S2JC51_MUCC1	2
fam_002522	tr|S2JG34|S2JG34_MUCC1	5
fam_002523	tr|S2JC12|S2JC12_MUCC1	2
fam_002524	tr|S2JEW1|S2JEW1_MUCC1	4
fam_002525	tr|S2JH09|S2JH09_MUCC1	10
fam_002526	tr|J9VJJ1|J9VJJ1_CRYN9	9
fam_002527	tr|S2JJ00|S2JJ00_MUCC1	1
fam_002528	tr|S2JPB4|S2JPB4_MUCC1	1
fam_002529	tr|S2JN49|S2JN49_MUCC1	13
fam_002530	tr|S2JTB1|S2JTB1_MUCC1	1
fam_002531	tr|S2KB75|S2KB75_MUCC1	1
fam_002532	tr|S2JVA8|S2JVA8_MUCC1	6
fam_002533	tr|S2JWM7|S2JWM7_MUCC1	3
fam_002534	tr|S2JY27|S2JY27_MUCC1	9
fam_002535	tr|S2K4J4|S2K4J4_MUCC1	2
fam_002536	tr|S2KIR7|S2KIR7_MUCC1	2
fam_002537	tr|S2IXP3|S2IXP3_MUCC1	4
fam_002538	tr|S2IZ23|S2IZ23_MUCC1	1
fam_002539	tr|S2K8L2|S2K8L2_MUCC1	2
fam_002540	tr|S2J090|S2J090_MUCC1	6
fam_002541	tr|S2J5Y8|S2J5Y8_MUCC1	5
fam_002542	tr|S2J6S5|S2J6S5_MUCC1	5
fam_002543	tr|S2JH77|S2JH77_MUCC1	1
fam_002544	tr|S2JPM4|S2JPM4_MUCC1	1
fam_002545	tr|S2JL51|S2JL51_MUCC1	1
fam_002546	tr|S2JHX6|S2JHX6_MUCC1	1
fam_002547	tr|S2JNH0|S2JNH0_MUCC1	2
fam_002548	tr|S2JUW8|S2JUW8_MUCC1	1
fam_002549	tr|S2K089|S2K089_MUCC1	1
fam_002550	tr|S2K0X6|S2K0X6_MUCC1	3
fam_002551	tr|S2K9B5|S2K9B5_MUCC1	8
fam_002552	tr|S2KCY2|S2KCY2_MUCC1	3
fam_002553	tr|S2KDK6|S2KDK6_MUCC1	1
fam_002554	tr|S2JVC7|S2JVC7_MUCC1	1
fam_002555	tr|S2J334|S2J334_MUCC1	5
fam_002556	tr|S2JAI7|S2JAI7_MUCC1	2
fam_002557	tr|S2JB65|S2JB65_MUCC1	6
fam_002558	tr|S2JCE4|S2JCE4_MUCC1	13
fam_002559	tr|S2JFK6|S2JFK6_MUCC1	4
fam_002560	tr|S2JH46|S2JH46_MUCC1	5
fam_002561	tr|S2JF45|S2JF45_MUCC1	13
fam_002562	tr|S2JFF7|S2JFF7_MUCC1	3
fam_002563	tr|S2JGN4|S2JGN4_MUCC1	2
fam_002564	tr|S2JK92|S2JK92_MUCC1	6
fam_002565	tr|S2JL55|S2JL55_MUCC1	2
fam_002566	tr|S2JMR5|S2JMR5_MUCC1	2
fam_002567	tr|S2JQH3|S2JQH3_MUCC1	2
fam_002568	tr|S2JVQ2|S2JVQ2_MUCC1	2
fam_002569	tr|S2KDJ1|S2KDJ1_MUCC1	2
fam_002570	tr|S2KEH8|S2KEH8_MUCC1	11
fam_002571	tr|S2KJ39|S2KJ39_MUCC1	5
fam_002572	tr|S2ITN6|S2ITN6_MUCC1	2
fam_002573	tr|S2J056|S2J056_MUCC1	3
fam_002574	tr|S2J107|S2J107_MUCC1	2
fam_002575	tr|S2J210|S2J210_MUCC1	2
fam_002576	tr|S2JL97|S2JL97_MUCC1	2
fam_002577	tr|S2JNK6|S2JNK6_MUCC1	2
fam_002578	tr|S2JP61|S2JP61_MUCC1	1
fam_002579	tr|S2JIR5|S2JIR5_MUCC1	1
fam_002580	tr|S2JPQ9|S2JPQ9_MUCC1	2
fam_002581	tr|S2K7Z7|S2K7Z7_MUCC1	1
fam_002582	tr|S2JSC9|S2JSC9_MUCC1	1
fam_002583	tr|S2JHG6|S2JHG6_MUCC1	1
fam_002584	tr|S2JWH1|S2JWH1_MUCC1	4
fam_002585	tr|S2K5G9|S2K5G9_MUCC1	3
fam_002586	tr|S2K9Q1|S2K9Q1_MUCC1	1
fam_002587	tr|S2KFI9|S2KFI9_MUCC1	1
fam_002588	tr|S2KKZ8|S2KKZ8_MUCC1	1
fam_002589	tr|S2JFM2|S2JFM2_MUCC1	1
fam_002590	tr|S2IUQ4|S2IUQ4_MUCC1	1
fam_002591	tr|S2J0Z8|S2J0Z8_MUCC1	1
fam_002592	tr|S2J021|S2J021_MUCC1	2
fam_002593	tr|S2J0V1|S2J0V1_MUCC1	7
fam_002594	tr|S2J8S6|S2J8S6_MUCC1	1
fam_002595	tr|S2K5Y5|S2K5Y5_MUCC1	5
fam_002596	tr|S2JKL1|S2JKL1_MUCC1	4
fam_002597	tr|S2JMU7|S2JMU7_MUCC1	1
fam_002598	tr|S2JUE5|S2JUE5_MUCC1	1
fam_002599	tr|S2JP37|S2JP37_MUCC1	5
fam_002600	tr|S2JQZ8|S2JQZ8_MUCC1	2
fam_002601	tr|S2JUM1|S2JUM1_MUCC1	6
fam_002602	tr|S2JWF8|S2JWF8_MUCC1	3
fam_002603	tr|S2K4M3|S2K4M3_MUCC1	1
fam_002604	tr|S2KBA1|S2KBA1_MUCC1	1
fam_002605	tr|S2IV63|S2IV63_MUCC1	2
fam_002606	tr|S2J184|S2J184_MUCC1	3
fam_002607	tr|S2J475|S2J475_MUCC1	2
fam_002608	tr|S2J4X0|S2J4X0_MUCC1	3
fam_002609	tr|S2J7V6|S2J7V6_MUCC1	25
fam_002610	tr|S2JLI1|S2JLI1_MUCC1	2
fam_002611	tr|S2JN58|S2JN58_MUCC1	2
fam_002612	tr|S2JQE5|S2JQE5_MUCC1	4
fam_002613	tr|S2JW52|S2JW52_MUCC1	2
fam_002614	tr|S2JWT0|S2JWT0_MUCC1	4
fam_002615	tr|S2K4B2|S2K4B2_MUCC1	1
fam_002616	tr|S2IX79|S2IX79_MUCC1	1
fam_002617	tr|S2K4I9|S2K4I9_MUCC1	1
fam_002618	tr|S2JHS5|S2JHS5_MUCC1	1
fam_002619	tr|S2KF00|S2KF00_MUCC1	3
fam_002620	tr|S2KK02|S2KK02_MUCC1	5
fam_002621	tr|S2KKL1|S2KKL1_MUCC1	4
fam_002622	tr|S2J0U8|S2J0U8_MUCC1	1
fam_002623	tr|S2J621|S2J621_MUCC1	1
fam_002624	tr|S2J9G5|S2J9G5_MUCC1	5
fam_002625	tr|S2JDX1|S2JDX1_MUCC1	2
fam_002626	tr|S2JP44|S2JP44_MUCC1	5
fam_002627	tr|S2JPQ1|S2JPQ1_MUCC1	1
fam_002628	tr|S2KBU3|S2KBU3_MUCC1	1
fam_002629	tr|S2JRQ0|S2JRQ0_MUCC1	1
fam_002630	tr|S2IV06|S2IV06_MUCC1	1
fam_002631	tr|S2JT99|S2JT99_MUCC1	2
fam_002632	tr|S2JVE3|S2JVE3_MUCC1	3
fam_002633	tr|S2K239|S2K239_MUCC1	8
fam_002634	tr|S2K471|S2K471_MUCC1	4
fam_002635	tr|S2K4Y3|S2K4Y3_MUCC1	2
fam_002636	tr|S2K5W3|S2K5W3_MUCC1	15
fam_002637	tr|S2K6X1|S2K6X1_MUCC1	2
fam_002638	tr|S2K9L1|S2K9L1_MUCC1	6
fam_002639	tr|S2KAA3|S2KAA3_MUCC1	2
fam_002640	tr|S2KFT1|S2KFT1_MUCC1	4
fam_002641	tr|S2J4H3|S2J4H3_MUCC1	6
fam_002642	tr|S2J6W4|S2J6W4_MUCC1	4
fam_002643	tr|S2J799|S2J799_MUCC1	3
fam_002644	tr|S2J7R0|S2J7R0_MUCC1	2
fam_002645	tr|S2J9M5|S2J9M5_MUCC1	4
fam_002646	tr|S2JE13|S2JE13_MUCC1	1
fam_002647	tr|S2JKM9|S2JKM9_MUCC1	1
fam_002648	tr|S2JNV6|S2JNV6_MUCC1	2
fam_002649	tr|S2JPE2|S2JPE2_MUCC1	6
fam_002650	tr|S2JPM8|S2JPM8_MUCC1	4
fam_002651	tr|S2JR62|S2JR62_MUCC1	5
fam_002652	tr|S2JS38|S2JS38_MUCC1	2
fam_002653	tr|S2JSW0|S2JSW0_MUCC1	4
fam_002654	tr|S2JUD7|S2JUD7_MUCC1	1
fam_002655	tr|S2JKI9|S2JKI9_MUCC1	1
fam_002656	tr|S2K2F9|S2K2F9_MUCC1	1
fam_002657	tr|S2K245|S2K245_MUCC1	1
fam_002658	tr|S2K2T1|S2K2T1_MUCC1	7
fam_002659	tr|S2K3X1|S2K3X1_MUCC1	7
fam_002660	tr|S2K767|S2K767_MUCC1	5
fam_002661	tr|S2K7Y0|S2K7Y0_MUCC1	4
fam_002662	tr|S2KCP9|S2KCP9_MUCC1	5
fam_002663	tr|S2IXZ5|S2IXZ5_MUCC1	10
fam_002664	tr|S2IYU6|S2IYU6_MUCC1	3
fam_002665	tr|S2J1X7|S2J1X7_MUCC1	2
fam_002666	tr|S2J3F7|S2J3F7_MUCC1	3
fam_002667	tr|S2JBG9|S2JBG9_MUCC1	3
fam_002668	tr|S2JG67|S2JG67_MUCC1	1
fam_002669	tr|S2JSR9|S2JSR9_MUCC1	1
fam_002670	tr|S2JJW8|S2JJW8_MUCC1	2
fam_002671	tr|S2JJZ4|S2JJZ4_MUCC1	4
fam_002672	tr|S2JLA0|S2JLA0_MUCC1	4
fam_002673	tr|S2JP19|S2JP19_MUCC1	1
fam_002674	tr|S2KCQ5|S2KCQ5_MUCC1	1
fam_002675	tr|S2JQD1|S2JQD1_MUCC1	1
fam_002676	tr|S2J928|S2J928_MUCC1	1
fam_002677	tr|S2JQD2|S2JQD2_MUCC1	1
fam_002678	tr|S2J328|S2J328_MUCC1	1
fam_002679	tr|S2JQI4|S2JQI4_MUCC1	6
fam_002680	tr|S2K2L7|S2K2L7_MUCC1	6
fam_002681	tr|S2K6M8|S2K6M8_MUCC1	1
fam_002682	tr|S2JE26|S2JE26_MUCC1	2
fam_002683	tr|S2KAT2|S2KAT2_MUCC1	4
fam_002684	tr|S2KFA6|S2KFA6_MUCC1	3
fam_002685	tr|S2IVC0|S2IVC0_MUCC1	2
fam_002686	tr|S2IZW9|S2IZW9_MUCC1	3
fam_002687	tr|S2J070|S2J070_MUCC1	2
fam_002688	tr|S2J190|S2J190_MUCC1	11
fam_002689	tr|S2J2K8|S2J2K8_MUCC1	4
fam_002690	tr|S2J4I7|S2J4I7_MUCC1	2
fam_002691	tr|S2J9I1|S2J9I1_MUCC1	1
fam_002692	tr|S2K8S2|S2K8S2_MUCC1	1
fam_002693	tr|S2J9X8|S2J9X8_MUCC1	3
fam_002694	tr|S2JAX3|S2JAX3_MUCC1	2
fam_002695	tr|S2JBP4|S2JBP4_MUCC1	4
fam_002696	tr|S2JFE1|S2JFE1_MUCC1	1
fam_002697	tr|S2JQW6|S2JQW6_MUCC1	1
fam_002698	tr|S2JFT3|S2JFT3_MUCC1	3
fam_002699	tr|S2JK04|S2JK04_MUCC1	2
fam_002700	tr|S2JLC9|S2JLC9_MUCC1	3
fam_002701	tr|S2JR06|S2JR06_MUCC1	2
fam_002702	tr|S2JSN0|S2JSN0_MUCC1	4
fam_002703	tr|S2JVM4|S2JVM4_MUCC1	1
fam_002704	tr|S2JLV8|S2JLV8_MUCC1	1
fam_002705	tr|S2JVX9|S2JVX9_MUCC1	2
fam_002706	tr|S2JX98|S2JX98_MUCC1	2
fam_002707	tr|S2K0Z1|S2K0Z1_MUCC1	2
fam_002708	tr|S2K897|S2K897_MUCC1	7
fam_002709	tr|S2IXT6|S2IXT6_MUCC1	2
fam_002710	tr|S2J3Y2|S2J3Y2_MUCC1	2
fam_002711	tr|S2J6E5|S2J6E5_MUCC1	6
fam_002712	tr|S2J7T4|S2J7T4_MUCC1	1
fam_002713	tr|S2K1C7|S2K1C7_MUCC1	1
fam_002714	tr|S2J949|S2J949_MUCC1	3
fam_002715	tr|S2JBB2|S2JBB2_MUCC1	4
fam_002716	tr|S2JBP3|S2JBP3_MUCC1	5
fam_002717	tr|S2JC67|S2JC67_MUCC1	2
fam_002718	tr|S2JFB8|S2JFB8_MUCC1	1
fam_002719	tr|S2JSW7|S2JSW7_MUCC1	1
fam_002720	tr|S2JCL2|S2JCL2_MUCC1	2
fam_002721	tr|S2JFD9|S2JFD9_MUCC1	2
fam_002722	tr|S2JFI6|S2JFI6_MUCC1	5
fam_002723	tr|S2JGG3|S2JGG3_MUCC1	2
fam_002724	tr|S2JI67|S2JI67_MUCC1	4
fam_002725	tr|S2JQL4|S2JQL4_MUCC1	1
fam_002726	tr|S2J8J8|S2J8J8_MUCC1	2
fam_002727	tr|S2JRP6|S2JRP6_MUCC1	2
fam_002728	tr|S2JUZ7|S2JUZ7_MUCC1	8
fam_002729	tr|S2JX84|S2JX84_MUCC1	5
fam_002730	tr|S2K4N9|S2K4N9_MUCC1	3
fam_002731	tr|S2K9N0|S2K9N0_MUCC1	4
fam_002732	tr|S2KFF0|S2KFF0_MUCC1	4
fam_002733	tr|S2KIG0|S2KIG0_MUCC1	1
fam_002734	tr|S2KAP3|S2KAP3_MUCC1	1
fam_002735	tr|S2KK40|S2KK40_MUCC1	2
fam_002736	tr|S2IXP7|S2IXP7_MUCC1	2
fam_002737	tr|S2IXS8|S2IXS8_MUCC1	3
fam_002738	tr|S2IZK4|S2IZK4_MUCC1	3
fam_002739	tr|S2J4Y0|S2J4Y0_MUCC1	4
fam_002740	tr|S2J8K4|S2J8K4_MUCC1	3
fam_002741	tr|S2JAX8|S2JAX8_MUCC1	2
fam_002742	tr|S2JC85|S2JC85_MUCC1	5
fam_002743	tr|S2JED1|S2JED1_MUCC1	2
fam_002744	tr|S2JFB1|S2JFB1_MUCC1	3
fam_002745	tr|S2JFB2|S2JFB2_MUCC1	1
fam_002746	tr|S2J5R7|S2J5R7_MUCC1	1
fam_002747	tr|S2JLY8|S2JLY8_MUCC1	1
fam_002748	tr|S2JPA0|S2JPA0_MUCC1	1
fam_002749	tr|S2JQN9|S2JQN9_MUCC1	1
fam_002750	tr|S2JAR9|S2JAR9_MUCC1	1
fam_002751	tr|S2JQW5|S2JQW5_MUCC1	2
fam_002752	tr|S2JUF9|S2JUF9_MUCC1	1
fam_002753	tr|S2JTD7|S2JTD7_MUCC1	1
fam_002754	tr|S2K066|S2K066_MUCC1	5
fam_002755	tr|S2KCW7|S2KCW7_MUCC1	1
fam_002756	tr|S2JEF5|S2JEF5_MUCC1	1
fam_002757	tr|S2IWC2|S2IWC2_MUCC1	1
fam_002758	tr|S2JNU8|S2JNU8_MUCC1	1
fam_002759	tr|S2J4W1|S2J4W1_MUCC1	5
fam_002760	tr|S2J629|S2J629_MUCC1	2
fam_002761	tr|S2JA61|S2JA61_MUCC1	10
fam_002762	tr|S2JD64|S2JD64_MUCC1	1
fam_002763	tr|S2JQ02|S2JQ02_MUCC1	1
fam_002764	tr|S2JEE2|S2JEE2_MUCC1	4
fam_002765	tr|S2JF84|S2JF84_MUCC1	4
fam_002766	tr|S2JKD0|S2JKD0_MUCC1	2
fam_002767	tr|S2JKF0|S2JKF0_MUCC1	2
fam_002768	tr|S2JMX7|S2JMX7_MUCC1	4
fam_002769	tr|S2JNB2|S2JNB2_MUCC1	1
fam_002770	tr|S2JLB6|S2JLB6_MUCC1	2
fam_002771	tr|S2JNG9|S2JNG9_MUCC1	2
fam_002772	tr|S2JTQ1|S2JTQ1_MUCC1	6
fam_002773	tr|S2JXI3|S2JXI3_MUCC1	1
fam_002774	tr|S2IWP7|S2IWP7_MUCC1	1
fam_002775	tr|S2JYB7|S2JYB7_MUCC1	1
fam_002776	tr|S2JQC9|S2JQC9_MUCC1	1
fam_002777	tr|S2K108|S2K108_MUCC1	2
fam_002778	tr|S2K7F8|S2K7F8_MUCC1	1
fam_002779	tr|S2JTV0|S2JTV0_MUCC1	1
fam_002780	tr|S2KGA2|S2KGA2_MUCC1	2
fam_002781	tr|S2J343|S2J343_MUCC1	2
fam_002782	tr|S2J6B5|S2J6B5_MUCC1	3
fam_002783	tr|S2J769|S2J769_MUCC1	2
fam_002784	sp|Q9UTH9|DUS3_SCHPO	6
fam_002785	sp|Q9UTM2|CO111_SCHPO	1
fam_002786	sp|Q86ZU7|CO112_SCHPO	1
fam_002787	sp|Q9UUF2|SYMC_SCHPO	4
fam_002788	sp|O13728|AIN1_SCHPO	4
fam_002789	sp|O13950|SRPB_SCHPO	3
fam_002790	sp|O59730|MAP1_SCHPO	7
fam_002791	sp|O74825|RPB4_SCHPO	4
fam_002792	sp|O74879|NOL10_SCHPO	6
fam_002793	sp|O74995|TFH47_SCHPO	4
fam_002794	sp|O94590|SEC1_SCHPO	6
fam_002795	sp|P0CU14|YI42_SCHPO	4
fam_002796	sp|P87120|RPP1_SCHPO	2
fam_002797	sp|Q09724|RM11_SCHPO	2
fam_002798	sp|Q09735|YA55_SCHPO	5
fam_002799	sp|Q09826|SDS23_SCHPO	2
fam_002800	sp|Q10330|RL25A_SCHPO	8
fam_002801	sp|Q92375|TRXB_SCHPO	8
fam_002802	sp|Q9UT35|GDA1_SCHPO	7
fam_002803	sp|O13620|MRD1_SCHPO	6
fam_002804	sp|O14300|OXA11_SCHPO	1
fam_002805	sp|O43092|OXA12_SCHPO	1
fam_002806	sp|O60160|OMH1_SCHPO	9
fam_002807	sp|O74386|TR141_SCHPO	2
fam_002808	sp|O74772|CWF14_SCHPO	6
fam_002809	sp|O74968|RU1A_SCHPO	3
fam_002810	sp|O94362|YHOF_SCHPO	2
fam_002811	sp|P0CT81|RS32A_SCHPO	4
fam_002812	sp|P40383|XRN1_SCHPO	6
fam_002813	sp|P78860|MRM2_SCHPO	5
fam_002814	sp|P87175|APN2_SCHPO	3
fam_002815	tr|A0A1U7LJ00|A0A1U7LJ00_NEOID	4
fam_002816	tr|A0A1U7LLP8|A0A1U7LLP8_NEOID	4
fam_002817	tr|A0A1U7LMP5|A0A1U7LMP5_NEOID	6
fam_002818	tr|A0A1U7LNK6|A0A1U7LNK6_NEOID	3
fam_002819	tr|A0A1U7LPL7|A0A1U7LPL7_NEOID	6
fam_002820	tr|A0A1U7LRK8|A0A1U7LRK8_NEOID	4
fam_002821	tr|A8NGR2|A8NGR2_COPC7	3
fam_002822	tr|A8NN83|A8NN83_COPC7	3
fam_002823	tr|A8NNV1|A8NNV1_COPC7	12
fam_002824	tr|A8NVF3|A8NVF3_COPC7	1
fam_002825	tr|A8P0W1|A8P0W1_COPC7	1
fam_002826	tr|A8P0W0|A8P0W0_COPC7	2
fam_002827	tr|A8P394|A8P394_COPC7	2
fam_002828	tr|A8PCY9|A8PCY9_COPC7	3
fam_002829	tr|A8PD30|A8PD30_COPC7	3
fam_002830	tr|A8PH89|A8PH89_COPC7	2
fam_002831	tr|D6RJW6|D6RJW6_COPC7	2
fam_002832	tr|A8N2Q6|A8N2Q6_COPC7	1
fam_002833	tr|A8NRZ2|A8NRZ2_COPC7	1
fam_002834	tr|A8N7X3|A8N7X3_COPC7	4
fam_002835	tr|A8NEF7|A8NEF7_COPC7	2
fam_002836	tr|A8NQL5|A8NQL5_COPC7	3
fam_002837	tr|A8P0T9|A8P0T9_COPC7	3
fam_002838	tr|A8PAR1|A8PAR1_COPC7	4
fam_002839	tr|A8PCZ1|A8PCZ1_COPC7	3
fam_002840	tr|D6RKQ8|D6RKQ8_COPC7	3
fam_002841	tr|D6RMV0|D6RMV0_COPC7	2
fam_002842	tr|D6RMV9|D6RMV9_COPC7	3
fam_002843	tr|A8NGC8|A8NGC8_COPC7	10
fam_002844	tr|A8NKJ0|A8NKJ0_COPC7	3
fam_002845	tr|A8NKU6|A8NKU6_COPC7	2
fam_002846	tr|A8NS30|A8NS30_COPC7	2
fam_002847	tr|A8P0L4|A8P0L4_COPC7	4
fam_002848	tr|A8PA63|A8PA63_COPC7	2
fam_002849	tr|A8PAB2|A8PAB2_COPC7	2
fam_002850	tr|D6RP97|D6RP97_COPC7	3
fam_002851	tr|A8N8Y6|A8N8Y6_COPC7	3
fam_002852	tr|A8ND64|A8ND64_COPC7	4
fam_002853	tr|A8NLG4|A8NLG4_COPC7	1
fam_002854	tr|A8NNQ2|A8NNQ2_COPC7	3
fam_002855	tr|A8NX70|A8NX70_COPC7	2
fam_002856	tr|D6RQN1|D6RQN1_COPC7	1
fam_002857	tr|A8NIC0|A8NIC0_COPC7	1
fam_002858	tr|A8N1M4|A8N1M4_COPC7	2
fam_002859	tr|A8N714|A8N714_COPC7	2
fam_002860	tr|A8N7I3|A8N7I3_COPC7	2
fam_002861	tr|A8N7W8|A8N7W8_COPC7	4
fam_002862	tr|A8N9Q2|A8N9Q2_COPC7	5
fam_002863	tr|A8N9W6|A8N9W6_COPC7	5
fam_002864	tr|A8NA90|A8NA90_COPC7	3
fam_002865	tr|A8NCQ3|A8NCQ3_COPC7	3
fam_002866	tr|A8NHH6|A8NHH6_COPC7	2
fam_002867	tr|A8NJ59|A8NJ59_COPC7	3
fam_002868	tr|A8NUD6|A8NUD6_COPC7	2
fam_002869	tr|A8NWW1|A8NWW1_COPC7	2
fam_002870	tr|A8P245|A8P245_COPC7	2
fam_002871	tr|A8P9I6|A8P9I6_COPC7	2
fam_002872	tr|A8PCQ5|A8PCQ5_COPC7	1
fam_002873	tr|A8P5G4|A8P5G4_COPC7	1
fam_002874	tr|A8N3H3|A8N3H3_COPC7	11
fam_002875	tr|A8NAT4|A8NAT4_COPC7	1
fam_002876	tr|A8N7I9|A8N7I9_COPC7	1
fam_002877	tr|A8NXS5|A8NXS5_COPC7	6
fam_002878	tr|A8NZQ0|A8NZQ0_COPC7	4
fam_002879	tr|A8P276|A8P276_COPC7	2
fam_002880	tr|A8P3B8|A8P3B8_COPC7	1
fam_002881	tr|A8P3B9|A8P3B9_COPC7	1
fam_002882	tr|A8P3N1|A8P3N1_COPC7	1
fam_002883	tr|A8N7L8|A8N7L8_COPC7	1
fam_002884	tr|A8P734|A8P734_COPC7	2
fam_002885	tr|A8P735|A8P735_COPC7	3
fam_002886	tr|A8P7B4|A8P7B4_COPC7	2
fam_002887	tr|A8PHW2|A8PHW2_COPC7	2
fam_002888	tr|D6RL65|D6RL65_COPC7	2
fam_002889	tr|D6RMB6|D6RMB6_COPC7	5
fam_002890	tr|D6RPP2|D6RPP2_COPC7	8
fam_002891	tr|A8N614|A8N614_COPC7	5
fam_002892	tr|A8N9J7|A8N9J7_COPC7	3
fam_002893	tr|A8NC94|A8NC94_COPC7	4
fam_002894	tr|A8NIW2|A8NIW2_COPC7	2
fam_002895	tr|A8NT53|A8NT53_COPC7	4
fam_002896	tr|A8NU10|A8NU10_COPC7	7
fam_002897	tr|A8NY05|A8NY05_COPC7	5
fam_002898	tr|A8P560|A8P560_COPC7	2
fam_002899	tr|A8PA61|A8PA61_COPC7	3
fam_002900	tr|A8N5G1|A8N5G1_COPC7	2
fam_002901	tr|A8N8J3|A8N8J3_COPC7	3
fam_002902	tr|A8NXP5|A8NXP5_COPC7	2
fam_002903	tr|A8NZ55|A8NZ55_COPC7	4
fam_002904	tr|A8P1M8|A8P1M8_COPC7	3
fam_002905	tr|A8P7U4|A8P7U4_COPC7	1
fam_002906	tr|A8P1N5|A8P1N5_COPC7	1
fam_002907	tr|A8P8P5|A8P8P5_COPC7	4
fam_002908	tr|A8N1H9|A8N1H9_COPC7	3
fam_002909	tr|A8N7Z2|A8N7Z2_COPC7	3
fam_002910	tr|A8NEP8|A8NEP8_COPC7	4
fam_002911	tr|A8NEZ3|A8NEZ3_COPC7	2
fam_002912	tr|A8P4S5|A8P4S5_COPC7	2
fam_002913	tr|A8P8X2|A8P8X2_COPC7	2
fam_002914	tr|A8PBF0|A8PBF0_COPC7	4
fam_002915	tr|D6RN58|D6RN58_COPC7	3
fam_002916	tr|A8N0P1|A8N0P1_COPC7	2
fam_002917	tr|A8N654|A8N654_COPC7	2
fam_002918	tr|A8N960|A8N960_COPC7	2
fam_002919	tr|A8NCD6|A8NCD6_COPC7	4
fam_002920	tr|A8NFR7|A8NFR7_COPC7	5
fam_002921	tr|A8NLV8|A8NLV8_COPC7	7
fam_002922	tr|A8P1H5|A8P1H5_COPC7	3
fam_002923	tr|A8P226|A8P226_COPC7	1
fam_002924	tr|A8P224|A8P224_COPC7	1
fam_002925	tr|A8P433|A8P433_COPC7	2
fam_002926	tr|A8PE70|A8PE70_COPC7	2
fam_002927	tr|D6RM93|D6RM93_COPC7	3
fam_002928	tr|A8N336|A8N336_COPC7	2
fam_002929	tr|A8N397|A8N397_COPC7	3
fam_002930	tr|A8N6E0|A8N6E0_COPC7	2
fam_002931	tr|A8N6K6|A8N6K6_COPC7	2
fam_002932	tr|A8NB69|A8NB69_COPC7	42
fam_002933	tr|A8NC22|A8NC22_COPC7	1
fam_002934	tr|A8NC23|A8NC23_COPC7	1
fam_002935	tr|A8NQX4|A8NQX4_COPC7	1
fam_002936	tr|A8NQZ3|A8NQZ3_COPC7	1
fam_002937	tr|A8P296|A8P296_COPC7	2
fam_002938	tr|A8P3Z5|A8P3Z5_COPC7	2
fam_002939	tr|A8P528|A8P528_COPC7	8
fam_002940	tr|A8P7U8|A8P7U8_COPC7	4
fam_002941	tr|A8P879|A8P879_COPC7	2
fam_002942	tr|A8PCD1|A8PCD1_COPC7	2
fam_002943	tr|A8PEF8|A8PEF8_COPC7	2
fam_002944	tr|D6RMB9|D6RMB9_COPC7	2
fam_002945	tr|A8N0C1|A8N0C1_COPC7	12
fam_002946	tr|A8N1Z6|A8N1Z6_COPC7	2
fam_002947	tr|A8N5W1|A8N5W1_COPC7	2
fam_002948	tr|A8NCD2|A8NCD2_COPC7	9
fam_002949	tr|A8NCG3|A8NCG3_COPC7	5
fam_002950	tr|A8NEU8|A8NEU8_COPC7	2
fam_002951	tr|A8NH52|A8NH52_COPC7	2
fam_002952	tr|A8NIW0|A8NIW0_COPC7	2
fam_002953	tr|A8P9V1|A8P9V1_COPC7	3
fam_002954	tr|D6RJR5|D6RJR5_COPC7	5
fam_002955	tr|A8N0R4|A8N0R4_COPC7	6
fam_002956	tr|A8N3Q5|A8N3Q5_COPC7	2
fam_002957	tr|A8N4U4|A8N4U4_COPC7	4
fam_002958	tr|A8NE13|A8NE13_COPC7	2
fam_002959	tr|A8NKK5|A8NKK5_COPC7	3
fam_002960	tr|A8NUQ3|A8NUQ3_COPC7	2
fam_002961	tr|A8NZ51|A8NZ51_COPC7	2
fam_002962	tr|A8P5S1|A8P5S1_COPC7	4
fam_002963	tr|A8P831|A8P831_COPC7	3
fam_002964	tr|A8N4N1|A8N4N1_COPC7	3
fam_002965	tr|A8N778|A8N778_COPC7	4
fam_002966	tr|A8N848|A8N848_COPC7	2
fam_002967	tr|A8NBE1|A8NBE1_COPC7	2
fam_002968	tr|A8NDZ3|A8NDZ3_COPC7	2
fam_002969	tr|A8P1L5|A8P1L5_COPC7	2
fam_002970	tr|A8P5K2|A8P5K2_COPC7	9
fam_002971	tr|A8P818|A8P818_COPC7	2
fam_002972	tr|D6RMZ9|D6RMZ9_COPC7	2
fam_002973	tr|D6RPK4|D6RPK4_COPC7	2
fam_002974	tr|A8N1B9|A8N1B9_COPC7	9
fam_002975	tr|A8N1T5|A8N1T5_COPC7	2
fam_002976	tr|A8N6Y8|A8N6Y8_COPC7	2
fam_002977	tr|A8N7B8|A8N7B8_COPC7	4
fam_002978	tr|A8N969|A8N969_COPC7	2
fam_002979	tr|A8NW09|A8NW09_COPC7	3
fam_002980	tr|A8NW71|A8NW71_COPC7	2
fam_002981	tr|A8NZ53|A8NZ53_COPC7	5
fam_002982	tr|A8P1J5|A8P1J5_COPC7	5
fam_002983	tr|A8P3D1|A8P3D1_COPC7	9
fam_002984	tr|A8P6K7|A8P6K7_COPC7	3
fam_002985	tr|A8P8L6|A8P8L6_COPC7	3
fam_002986	tr|A8PC76|A8PC76_COPC7	3
fam_002987	tr|A8PE04|A8PE04_COPC7	2
fam_002988	tr|J9VK02|J9VK02_CRYN9	2
fam_002989	tr|J9VMF2|J9VMF2_CRYN9	2
fam_002990	tr|J9VMF3|J9VMF3_CRYN9	2
fam_002991	tr|J9VN08|J9VN08_CRYN9	4
fam_002992	tr|J9VV61|J9VV61_CRYN9	5
fam_002993	tr|J9VXR1|J9VXR1_CRYN9	1
fam_002994	tr|J9VJW4|J9VJW4_CRYN9	1
fam_002995	tr|Q85SZ7|Q85SZ7_CRYN9	5
fam_002996	tr|J9VFA7|J9VFA7_CRYN9	6
fam_002997	tr|J9VIL5|J9VIL5_CRYN9	6
fam_002998	tr|J9VKQ9|J9VKQ9_CRYN9	3
fam_002999	tr|J9VM95|J9VM95_CRYN9	2
fam_003000	tr|J9VN77|J9VN77_CRYN9	2
fam_003001	tr|J9VRN4|J9VRN4_CRYN9	4
fam_003002	tr|J9VRT6|J9VRT6_CRYN9	4
fam_003003	tr|J9VRX0|J9VRX0_CRYN9	2
fam_003004	tr|J9VSU9|J9VSU9_CRYN9	2
fam_003005	tr|J9VTJ9|J9VTJ9_CRYN9	4
fam_003006	tr|J9VWJ8|J9VWJ8_CRYN9	7
fam_003007	tr|J9VY49|J9VY49_CRYN9	6
fam_003008	tr|J9VYU0|J9VYU0_CRYN9	2
fam_003009	tr|J9VZT3|J9VZT3_CRYN9	4
fam_003010	tr|J9W2X6|J9W2X6_CRYN9	2
fam_003011	tr|J9VDN6|J9VDN6_CRYN9	1
fam_003012	tr|J9VVB5|J9VVB5_CRYN9	1
fam_003013	tr|J9VPB7|J9VPB7_CRYN9	3
fam_003014	tr|J9VQH5|J9VQH5_CRYN9	3
fam_003015	tr|J9VRC6|J9VRC6_CRYN9	9
fam_003016	tr|J9VVK9|J9VVK9_CRYN9	2
fam_003017	tr|J9VWC8|J9VWC8_CRYN9	2
fam_003018	tr|J9VZ15|J9VZ15_CRYN9	2
fam_003019	tr|J9VZ71|J9VZ71_CRYN9	5
fam_003020	tr|J9W009|J9W009_CRYN9	2
fam_003021	tr|J9W3Y2|J9W3Y2_CRYN9	2
fam_003022	tr|J9VGX9|J9VGX9_CRYN9	2
fam_003023	tr|J9VMB3|J9VMB3_CRYN9	3
fam_003024	tr|J9VN91|J9VN91_CRYN9	2
fam_003025	tr|J9VS12|J9VS12_CRYN9	2
fam_003026	tr|J9VVC7|J9VVC7_CRYN9	2
fam_003027	tr|J9VIJ7|J9VIJ7_CRYN9	1
fam_003028	tr|J9VMI9|J9VMI9_CRYN9	1
fam_003029	tr|J9VKS1|J9VKS1_CRYN9	5
fam_003030	tr|J9VM20|J9VM20_CRYN9	2
fam_003031	tr|J9VM62|J9VM62_CRYN9	3
fam_003032	tr|J9VNQ1|J9VNQ1_CRYN9	2
fam_003033	tr|J9VQK9|J9VQK9_CRYN9	2
fam_003034	tr|J9VQS5|J9VQS5_CRYN9	2
fam_003035	tr|J9VSU3|J9VSU3_CRYN9	3
fam_003036	tr|J9VUP6|J9VUP6_CRYN9	1
fam_003037	tr|J9VYI7|J9VYI7_CRYN9	1
fam_003038	tr|J9VWP5|J9VWP5_CRYN9	4
fam_003039	tr|J9VXQ5|J9VXQ5_CRYN9	4
fam_003040	tr|J9VYB5|J9VYB5_CRYN9	4
fam_003041	tr|J9VGX2|J9VGX2_CRYN9	2
fam_003042	tr|J9VMD3|J9VMD3_CRYN9	9
fam_003043	tr|J9VNC2|J9VNC2_CRYN9	13
fam_003044	tr|J9VP49|J9VP49_CRYN9	5
fam_003045	tr|J9VPX6|J9VPX6_CRYN9	7
fam_003046	tr|J9VQC0|J9VQC0_CRYN9	5
fam_003047	tr|J9VRW5|J9VRW5_CRYN9	2
fam_003048	tr|J9VW71|J9VW71_CRYN9	10
fam_003049	tr|J9VY51|J9VY51_CRYN9	4
fam_003050	tr|J9VDQ8|J9VDQ8_CRYN9	2
fam_003051	tr|J9VIM7|J9VIM7_CRYN9	3
fam_003052	tr|J9VMB1|J9VMB1_CRYN9	2
fam_003053	tr|J9VPS4|J9VPS4_CRYN9	2
fam_003054	tr|J9VQM9|J9VQM9_CRYN9	6
fam_003055	tr|J9VRF1|J9VRF1_CRYN9	3
fam_003056	tr|J9VRX4|J9VRX4_CRYN9	17
fam_003057	tr|J9VZ55|J9VZ55_CRYN9	2
fam_003058	tr|J9VZF5|J9VZF5_CRYN9	6
fam_003059	tr|J9W1X3|J9W1X3_CRYN9	2
fam_003060	tr|J9VHC9|J9VHC9_CRYN9	4
fam_003061	tr|J9VJB1|J9VJB1_CRYN9	6
fam_003062	tr|J9VLB5|J9VLB5_CRYN9	2
fam_003063	tr|J9VQP8|J9VQP8_CRYN9	2
fam_003064	tr|J9VR23|J9VR23_CRYN9	2
fam_003065	tr|J9VRH5|J9VRH5_CRYN9	2
fam_003066	tr|J9VTV9|J9VTV9_CRYN9	2
fam_003067	tr|J9VUF8|J9VUF8_CRYN9	2
fam_003068	tr|J9VWE8|J9VWE8_CRYN9	2
fam_003069	tr|J9VY16|J9VY16_CRYN9	2
fam_003070	tr|J9VYH9|J9VYH9_CRYN9	1
fam_003071	tr|J9W2X1|J9W2X1_CRYN9	1
fam_003072	tr|J9W0K5|J9W0K5_CRYN9	1
fam_003073	tr|J9VSR5|J9VSR5_CRYN9	1
fam_003074	tr|J9W1L8|J9W1L8_CRYN9	2
fam_003075	tr|J9W2V9|J9W2V9_CRYN9	8
fam_003076	tr|J9VFA5|J9VFA5_CRYN9	3
fam_003077	tr|J9VH53|J9VH53_CRYN9	2
fam_003078	tr|J9VHL4|J9VHL4_CRYN9	5
fam_003079	tr|J9VHQ6|J9VHQ6_CRYN9	2
fam_003080	tr|J9VLU6|J9VLU6_CRYN9	2
fam_003081	tr|J9VMN0|J9VMN0_CRYN9	2
fam_003082	tr|J9VPU7|J9VPU7_CRYN9	2
fam_003083	tr|J9VQ43|J9VQ43_CRYN9	2
fam_003084	tr|J9VW34|J9VW34_CRYN9	4
fam_003085	tr|J9VW96|J9VW96_CRYN9	3
fam_003086	tr|J9VX25|J9VX25_CRYN9	6
fam_003087	tr|T2BNZ3|T2BNZ3_CRYN9	2
fam_003088	tr|J9VDU5|J9VDU5_CRYN9	2
fam_003089	tr|J9VH97|J9VH97_CRYN9	2
fam_003090	tr|J9VKT5|J9VKT5_CRYN9	2
fam_003091	tr|J9VKZ2|J9VKZ2_CRYN9	2
fam_003092	tr|J9VM67|J9VM67_CRYN9	2
fam_003093	tr|J9VP45|J9VP45_CRYN9	2
fam_003094	tr|J9VPH3|J9VPH3_CRYN9	2
fam_003095	tr|J9VUB2|J9VUB2_CRYN9	2
fam_003096	tr|J9VUY9|J9VUY9_CRYN9	5
fam_003097	tr|J9VVW6|J9VVW6_CRYN9	3
fam_003098	tr|J9VWG5|J9VWG5_CRYN9	2
fam_003099	tr|S2JGF7|S2JGF7_MUCC1	1
fam_003100	tr|S2K567|S2K567_MUCC1	1
fam_003101	tr|S2JK66|S2JK66_MUCC1	6
fam_003102	tr|S2JKW3|S2JKW3_MUCC1	9
fam_003103	tr|S2JN01|S2JN01_MUCC1	4
fam_003104	tr|S2JU60|S2JU60_MUCC1	6
fam_003105	tr|S2JUK5|S2JUK5_MUCC1	5
fam_003106	tr|S2JUL5|S2JUL5_MUCC1	4
fam_003107	tr|S2JUU3|S2JUU3_MUCC1	2
fam_003108	tr|S2K760|S2K760_MUCC1	2
fam_003109	tr|S2KFH9|S2KFH9_MUCC1	2
fam_003110	tr|S2IZK5|S2IZK5_MUCC1	2
fam_003111	tr|S2IZZ4|S2IZZ4_MUCC1	3
fam_003112	tr|S2J1L4|S2J1L4_MUCC1	10
fam_003113	tr|S2J2X2|S2J2X2_MUCC1	5
fam_003114	tr|S2J710|S2J710_MUCC1	1
fam_003115	tr|S2JEG0|S2JEG0_MUCC1	1
fam_003116	tr|S2JEK3|S2JEK3_MUCC1	2
fam_003117	tr|S2JJK3|S2JJK3_MUCC1	1
fam_003118	tr|S2J559|S2J559_MUCC1	1
fam_003119	tr|S2JUQ2|S2JUQ2_MUCC1	2
fam_003120	tr|S2K500|S2K500_MUCC1	1
fam_003121	tr|S2J8N8|S2J8N8_MUCC1	1
fam_003122	tr|S2K5M3|S2K5M3_MUCC1	33
fam_003123	tr|S2IVA9|S2IVA9_MUCC1	9
fam_003124	tr|S2IVX6|S2IVX6_MUCC1	7
fam_003125	tr|S2IYY9|S2IYY9_MUCC1	2
fam_003126	tr|S2J1G2|S2J1G2_MUCC1	2
fam_003127	tr|S2J371|S2J371_MUCC1	3
fam_003128	tr|S2J7C4|S2J7C4_MUCC1	2
fam_003129	tr|S2JAJ1|S2JAJ1_MUCC1	5
fam_003130	tr|S2JJP9|S2JJP9_MUCC1	2
fam_003131	tr|S2JME1|S2JME1_MUCC1	6
fam_003132	tr|S2JPC6|S2JPC6_MUCC1	2
fam_003133	tr|S2JQF5|S2JQF5_MUCC1	2
fam_003134	tr|S2JVU0|S2JVU0_MUCC1	7
fam_003135	tr|S2K7B4|S2K7B4_MUCC1	2
fam_003136	tr|S2KAF3|S2KAF3_MUCC1	1
fam_003137	tr|S2K5U3|S2K5U3_MUCC1	1
fam_003138	tr|S2KL15|S2KL15_MUCC1	2
fam_003139	tr|S2J1R8|S2J1R8_MUCC1	9
fam_003140	tr|S2J670|S2J670_MUCC1	5
fam_003141	tr|S2J800|S2J800_MUCC1	3
fam_003142	tr|S2JAA9|S2JAA9_MUCC1	6
fam_003143	tr|S2JMU5|S2JMU5_MUCC1	3
fam_003144	tr|S2JNC9|S2JNC9_MUCC1	4
fam_003145	tr|S2JP60|S2JP60_MUCC1	3
fam_003146	tr|S2JTZ0|S2JTZ0_MUCC1	2
fam_003147	tr|S2JV47|S2JV47_MUCC1	18
fam_003148	tr|S2K043|S2K043_MUCC1	11
fam_003149	tr|S2KGW9|S2KGW9_MUCC1	2
fam_003150	tr|S2KH07|S2KH07_MUCC1	1
fam_003151	tr|S2IUZ5|S2IUZ5_MUCC1	2
fam_003152	tr|S2IUJ9|S2IUJ9_MUCC1	11
fam_003153	tr|S2J2B4|S2J2B4_MUCC1	5
fam_003154	tr|S2J5A7|S2J5A7_MUCC1	1
fam_003155	tr|S2J6V4|S2J6V4_MUCC1	1
fam_003156	tr|S2J9K0|S2J9K0_MUCC1	5
fam_003157	tr|S2JFC9|S2JFC9_MUCC1	4
fam_003158	tr|S2JGK7|S2JGK7_MUCC1	3
fam_003159	tr|S2JMP9|S2JMP9_MUCC1	2
fam_003160	tr|S2JNB4|S2JNB4_MUCC1	1
fam_003161	tr|S2JZA3|S2JZA3_MUCC1	1
fam_003162	tr|S2JNE4|S2JNE4_MUCC1	4
fam_003163	tr|S2JNK0|S2JNK0_MUCC1	5
fam_003164	tr|S2JNR7|S2JNR7_MUCC1	2
fam_003165	tr|S2JRP5|S2JRP5_MUCC1	2
fam_003166	tr|S2K2E0|S2K2E0_MUCC1	2
fam_003167	tr|S2K463|S2K463_MUCC1	4
fam_003168	tr|S2KC50|S2KC50_MUCC1	7
fam_003169	tr|S2J5E6|S2J5E6_MUCC1	2
fam_003170	tr|S2J8M5|S2J8M5_MUCC1	3
fam_003171	tr|S2J8N3|S2J8N3_MUCC1	1
fam_003172	tr|S2KD60|S2KD60_MUCC1	1
fam_003173	tr|S2JEF9|S2JEF9_MUCC1	2
fam_003174	tr|S2JGH9|S2JGH9_MUCC1	3
fam_003175	tr|S2JL85|S2JL85_MUCC1	2
fam_003176	tr|S2JQ24|S2JQ24_MUCC1	2
fam_003177	tr|S2JAK1|S2JAK1_MUCC1	1
fam_003178	tr|S2JXA9|S2JXA9_MUCC1	2
fam_003179	tr|S2JCK9|S2JCK9_MUCC1	1
fam_003180	tr|S2JZH3|S2JZH3_MUCC1	3
fam_003181	tr|S2K176|S2K176_MUCC1	5
fam_003182	tr|S2K1N2|S2K1N2_MUCC1	1
fam_003183	tr|S2JIV0|S2JIV0_MUCC1	1
fam_003184	tr|S2K9S4|S2K9S4_MUCC1	5
fam_003185	tr|S2KKZ3|S2KKZ3_MUCC1	2
fam_003186	tr|S2J0Z4|S2J0Z4_MUCC1	5
fam_003187	tr|S2J2E2|S2J2E2_MUCC1	7
fam_003188	tr|S2J348|S2J348_MUCC1	5
fam_003189	tr|S2J9F9|S2J9F9_MUCC1	1
fam_003190	tr|S2JB32|S2JB32_MUCC1	1
fam_003191	tr|S2J9L1|S2J9L1_MUCC1	2
fam_003192	tr|S2JAF4|S2JAF4_MUCC1	2
fam_003193	tr|S2JBA9|S2JBA9_MUCC1	1
fam_003194	tr|S2J7E4|S2J7E4_MUCC1	1
fam_003195	tr|S2JIW1|S2JIW1_MUCC1	6
fam_003196	tr|S2JIZ3|S2JIZ3_MUCC1	1
fam_003197	tr|S2IV79|S2IV79_MUCC1	1
fam_003198	tr|S2JP35|S2JP35_MUCC1	2
fam_003199	tr|S2JPR0|S2JPR0_MUCC1	3
fam_003200	tr|S2JRC1|S2JRC1_MUCC1	1
fam_003201	tr|S2JRG5|S2JRG5_MUCC1	1
fam_003202	tr|S2JSE7|S2JSE7_MUCC1	8
fam_003203	tr|A8NFY9|A8NFY9_COPC7	10
fam_003204	tr|A8NLE3|A8NLE3_COPC7	2
fam_003205	tr|A8NM14|A8NM14_COPC7	5
fam_003206	tr|A8NNS3|A8NNS3_COPC7	2
fam_003207	tr|A8NR52|A8NR52_COPC7	13
fam_003208	tr|A8P1G7|A8P1G7_COPC7	3
fam_003209	tr|A8PEZ5|A8PEZ5_COPC7	3
fam_003210	tr|D6RNC0|D6RNC0_COPC7	3
fam_003211	tr|A8N242|A8N242_COPC7	3
fam_003212	tr|A8N314|A8N314_COPC7	1
fam_003213	tr|A8N315|A8N315_COPC7	1
fam_003214	tr|A8N9M2|A8N9M2_COPC7	7
fam_003215	tr|A8NBA5|A8NBA5_COPC7	2
fam_003216	tr|A8NC44|A8NC44_COPC7	3
fam_003217	tr|A8NES7|A8NES7_COPC7	2
fam_003218	tr|A8NFY7|A8NFY7_COPC7	2
fam_003219	tr|A8NLI4|A8NLI4_COPC7	2
fam_003220	tr|A8NNT2|A8NNT2_COPC7	5
fam_003221	tr|A8NXD0|A8NXD0_COPC7	14
fam_003222	tr|A8NZN7|A8NZN7_COPC7	2
fam_003223	tr|A8P3G0|A8P3G0_COPC7	3
fam_003224	tr|A8P3S0|A8P3S0_COPC7	2
fam_003225	tr|A8PAW4|A8PAW4_COPC7	2
fam_003226	tr|A8PB53|A8PB53_COPC7	6
fam_003227	tr|A8PD47|A8PD47_COPC7	10
fam_003228	tr|A8PEE1|A8PEE1_COPC7	2
fam_003229	tr|D6RKX2|D6RKX2_COPC7	4
fam_003230	tr|D6RLJ7|D6RLJ7_COPC7	6
fam_003231	tr|D6RMP8|D6RMP8_COPC7	4
fam_003232	tr|D6RNR3|D6RNR3_COPC7	3
fam_003233	tr|A8MZV4|A8MZV4_COPC7	4
fam_003234	tr|A8N066|A8N066_COPC7	2
fam_003235	tr|A8N076|A8N076_COPC7	1
fam_003236	tr|A8N124|A8N124_COPC7	2
fam_003237	sp|A8N5J5|EFG1P_COPC7	2
fam_003238	tr|A8NID8|A8NID8_COPC7	2
fam_003239	tr|A8NIV3|A8NIV3_COPC7	2
fam_003240	tr|A8NIK6|A8NIK6_COPC7	3
fam_003241	tr|A8NJR7|A8NJR7_COPC7	2
fam_003242	tr|A8NNZ5|A8NNZ5_COPC7	5
fam_003243	tr|A8NRK2|A8NRK2_COPC7	2
fam_003244	tr|A8NTF1|A8NTF1_COPC7	1
fam_003245	tr|A8NW75|A8NW75_COPC7	1
fam_003246	tr|A8NTM8|A8NTM8_COPC7	3
fam_003247	tr|A8NV62|A8NV62_COPC7	2
fam_003248	tr|A8P689|A8P689_COPC7	2
fam_003249	tr|D6RP68|D6RP68_COPC7	2
fam_003250	tr|A8N1X8|A8N1X8_COPC7	2
fam_003251	tr|A8N4H8|A8N4H8_COPC7	3
fam_003252	tr|A8N7W6|A8N7W6_COPC7	2
fam_003253	tr|A8N9S3|A8N9S3_COPC7	2
fam_003254	tr|A8NFL8|A8NFL8_COPC7	2
fam_003255	tr|A8NFY6|A8NFY6_COPC7	2
fam_003256	tr|A8NL21|A8NL21_COPC7	2
fam_003257	tr|A8NLS9|A8NLS9_COPC7	1
fam_003258	tr|A8NLP9|A8NLP9_COPC7	1
fam_003259	tr|A8NRI4|A8NRI4_COPC7	1
fam_003260	tr|A8NRF9|A8NRF9_COPC7	2
fam_003261	tr|A8P253|A8P253_COPC7	6
fam_003262	tr|A8P961|A8P961_COPC7	8
fam_003263	tr|D6RL90|D6RL90_COPC7	2
fam_003264	tr|D6RLT9|D6RLT9_COPC7	5
fam_003265	tr|A8N1M0|A8N1M0_COPC7	10
fam_003266	tr|A8N8M4|A8N8M4_COPC7	1
fam_003267	tr|A8N8K9|A8N8K9_COPC7	2
fam_003268	tr|A8NAW8|A8NAW8_COPC7	5
fam_003269	tr|A8NBS4|A8NBS4_COPC7	2
fam_003270	tr|A8NCA7|A8NCA7_COPC7	4
fam_003271	tr|A8NE72|A8NE72_COPC7	6
fam_003272	tr|A8NHB5|A8NHB5_COPC7	1
fam_003273	tr|A8PAC8|A8PAC8_COPC7	1
fam_003274	tr|A8NIY9|A8NIY9_COPC7	2
fam_003275	tr|A8NTV3|A8NTV3_COPC7	4
fam_003276	tr|D6RJQ2|D6RJQ2_COPC7	2
fam_003277	tr|D6RMJ4|D6RMJ4_COPC7	2
fam_003278	tr|A8N121|A8N121_COPC7	2
fam_003279	tr|A8N2U7|A8N2U7_COPC7	6
fam_003280	tr|A8N879|A8N879_COPC7	2
fam_003281	tr|A8N8G6|A8N8G6_COPC7	3
fam_003282	tr|A8NK79|A8NK79_COPC7	2
fam_003283	sp|A8NV38|CYNS_COPC7	3
fam_003284	tr|A8NYU4|A8NYU4_COPC7	3
fam_003285	tr|A8P0V8|A8P0V8_COPC7	2
fam_003286	tr|A8PET5|A8PET5_COPC7	4
fam_003287	tr|A8PF52|A8PF52_COPC7	3
fam_003288	tr|D6RL73|D6RL73_COPC7	4
fam_003289	tr|A8N1A4|A8N1A4_COPC7	3
fam_003290	tr|A8N1Q0|A8N1Q0_COPC7	2
fam_003291	tr|A8N470|A8N470_COPC7	2
fam_003292	tr|A8N4K2|A8N4K2_COPC7	1
fam_003293	tr|A8N5W9|A8N5W9_COPC7	6
fam_003294	tr|A8NKH7|A8NKH7_COPC7	2
fam_003295	tr|A8PFJ0|A8PFJ0_COPC7	1
fam_003296	tr|A8NP97|A8NP97_COPC7	3
fam_003297	tr|A8NRF0|A8NRF0_COPC7	8
fam_003298	tr|A8NWR6|A8NWR6_COPC7	2
fam_003299	tr|A8PE50|A8PE50_COPC7	2
fam_003300	tr|D6RKW8|D6RKW8_COPC7	2
fam_003301	tr|D6RP12|D6RP12_COPC7	2
fam_003302	tr|A8N0J9|A8N0J9_COPC7	3
fam_003303	tr|A8N8Z6|A8N8Z6_COPC7	3
fam_003304	tr|A8N9X4|A8N9X4_COPC7	2
fam_003305	tr|A8NIB6|A8NIB6_COPC7	6
fam_003306	tr|A8NKZ7|A8NKZ7_COPC7	3
fam_003307	tr|A8NV86|A8NV86_COPC7	5
fam_003308	tr|D6RMZ5|D6RMZ5_COPC7	2
fam_003309	sp|P00498|HIS1_YEAST	7
fam_003310	sp|P10823|GPA2_YEAST	1
fam_003311	sp|P08539|GPA1_YEAST	1
fam_003312	sp|P20053|PRP4_YEAST	6
fam_003313	sp|P27466|KCC1_YEAST	3
fam_003314	sp|P29704|ERG9_YEAST	3
fam_003315	sp|P32794|AFG2_YEAST	8
fam_003316	sp|P38187|UBP13_YEAST	1
fam_003317	sp|P39967|UBP9_YEAST	1
fam_003318	sp|P40187|PIG2_YEAST	1
fam_003319	sp|P40036|GIP2_YEAST	1
fam_003320	sp|P40578|MGA2_YEAST	1
fam_003321	sp|P35210|SPT23_YEAST	1
fam_003322	sp|P53094|MDS3_YEAST	1
fam_003323	sp|P32634|PMD1_YEAST	1
fam_003324	sp|Q04408|YD514_YEAST	1
fam_003325	sp|P25370|GFD2_YEAST	1
fam_003326	sp|Q04489|ASND1_YEAST	5
fam_003327	sp|Q06537|YP153_YEAST	2
fam_003328	sp|Q08686|THTR_YEAST	6
fam_003329	sp|Q12306|SUMO_YEAST	3
fam_003330	sp|P21306|ATP5E_YEAST	2
fam_003331	sp|P24583|KPC1_YEAST	9
fam_003332	sp|P38857|MPC2_YEAST	1
fam_003333	sp|P53311|MPC3_YEAST	1
fam_003334	sp|P40445|YIQ6_YEAST	4
fam_003335	sp|P47041|BIT61_YEAST	2
fam_003336	sp|Q03034|FDC1_YEAST	2
fam_003337	sp|Q12103|YD109_YEAST	2
fam_003338	sp|P53118|ROG1_YEAST	1
fam_003339	sp|Q3E764|TMA7_YEAST	3
fam_003340	sp|P04147|PABP_YEAST	8
fam_003341	sp|P38150|YB9Z_YEAST	1
fam_003342	sp|P40361|YJH0_YEAST	1
fam_003343	sp|P40314|NACB2_YEAST	1
fam_003344	sp|Q02642|NACB1_YEAST	1
fam_003345	sp|P53728|CYP8_YEAST	1
fam_003346	sp|P25334|CYPR_YEAST	1
fam_003347	sp|Q02326|RL6A_YEAST	4
fam_003348	sp|P12866|STE6_YEAST	4
fam_003349	sp|P25380|SPS22_YEAST	1
fam_003350	sp|P08459|SPS2_YEAST	1
fam_003351	sp|P38604|ERG7_YEAST	6
fam_003352	sp|P39944|UBP5_YEAST	1
fam_003353	sp|P32571|UBP4_YEAST	1
fam_003354	sp|P53975|YNB9_YEAST	2
fam_003355	sp|P0CY08|MTAL2_YEAST	2
fam_003356	sp|P32453|ATP11_YEAST	3
fam_003357	sp|P34909|NOT4_YEAST	3
fam_003358	sp|P38426|TPS3_YEAST	1
fam_003359	sp|P38427|TSL1_YEAST	1
fam_003360	sp|P39522|ILV3_YEAST	8
fam_003361	sp|P39720|OAF1_YEAST	1
fam_003362	sp|P52960|PIP2_YEAST	1
fam_003363	sp|P40043|RGI1_YEAST	2
fam_003364	sp|P40160|RIO2_YEAST	3
fam_003365	sp|P40560|YIA1_YEAST	2
fam_003366	sp|P50095|IMDH3_YEAST	9
fam_003367	sp|Q08980|YP264_YEAST	5
fam_003368	sp|P08153|SWI5_YEAST	1
fam_003369	sp|P21192|ACE2_YEAST	1
fam_003370	sp|P25336|MSH3_YEAST	3
fam_003371	sp|P32622|YEF1_YEAST	1
fam_003372	sp|P21373|UTR1_YEAST	1
fam_003373	sp|P32909|SMY2_YEAST	1
fam_003374	sp|Q02875|SYH1_YEAST	1
fam_003375	sp|P36125|GMH1_YEAST	6
fam_003376	sp|P38991|AURK_YEAST	3
fam_003377	sp|P39721|AIM2_YEAST	7
fam_003378	sp|P40325|HUA1_YEAST	3
fam_003379	sp|P46995|SET2_YEAST	5
fam_003380	sp|P48239|GSTO1_YEAST	10
fam_003381	sp|Q99337|YN12B_YEAST	40
fam_003382	sp|P38324|SLX1_YEAST	4
fam_003383	sp|P38806|YNG2_YEAST	3
fam_003384	sp|P39013|END3_YEAST	2
fam_003385	sp|Q01919|KIN4_YEAST	1
fam_003386	sp|Q03002|FRK1_YEAST	1
fam_003387	sp|Q05948|YL225_YEAST	1
fam_003388	sp|Q04925|YDR22_YEAST	1
fam_003389	sp|Q08278|MED7_YEAST	3
fam_003390	sp|Q12286|SUT2_YEAST	2
fam_003391	sp|P20084|RM33_YEAST	3
fam_003392	sp|P35997|RS27A_YEAST	7
fam_003393	sp|P36039|EMC3_YEAST	5
fam_003394	sp|P38112|MAK5_YEAST	6
fam_003395	sp|P38219|OLA1_YEAST	9
fam_003396	sp|P46959|TRM61_YEAST	6
fam_003397	sp|P47125|I23O_YEAST	5
fam_003398	sp|P47164|MET7_YEAST	8
fam_003399	sp|P48231|TCB2_YEAST	1
fam_003400	sp|Q12466|TCB1_YEAST	1
fam_003401	sp|Q03028|ODC1_YEAST	12
fam_003402	sp|Q12199|TIP41_YEAST	2
fam_003403	sp|Q12292|ATG34_YEAST	2
fam_003404	sp|P37263|YC16_YEAST	2
fam_003405	sp|P38132|MCM7_YEAST	6
fam_003406	sp|P53598|SUCA_YEAST	5
fam_003407	sp|Q04067|EIF3G_YEAST	6
fam_003408	sp|Q06689|YL413_YEAST	2
fam_003409	sp|Q08162|RRP44_YEAST	6
fam_003410	sp|Q12253|YL046_YEAST	1
fam_003411	sp|P53047|RTA1_YEAST	1
fam_003412	sp|Q12363|WTM1_YEAST	2
fam_003413	sp|Q12206|WTM2_YEAST	1
fam_003414	tr|A0A1U7LJ45|A0A1U7LJ45_NEOID	2
fam_003415	tr|A0A1U7LLE7|A0A1U7LLE7_NEOID	3
fam_003416	tr|A0A1U7LLI1|A0A1U7LLI1_NEOID	3
fam_003417	tr|A0A1U7LPW7|A0A1U7LPW7_NEOID	2
fam_003418	tr|A0A1U7LPX8|A0A1U7LPX8_NEOID	4
fam_003419	tr|A0A1U7LQP8|A0A1U7LQP8_NEOID	3
fam_003420	tr|A0A1U7LRI8|A0A1U7LRI8_NEOID	3
fam_003421	tr|A0A1U7LS64|A0A1U7LS64_NEOID	2
fam_003422	tr|A0A1U7LSI0|A0A1U7LSI0_NEOID	2
fam_003423	tr|A0A1U7LS82|A0A1U7LS82_NEOID	3
fam_003424	tr|A0A1U7LT83|A0A1U7LT83_NEOID	5
fam_003425	tr|A0A1U7LTV4|A0A1U7LTV4_NEOID	6
fam_003426	tr|A0A1U7LU00|A0A1U7LU00_NEOID	4
fam_003427	tr|A0A1U7LU01|A0A1U7LU01_NEOID	3
fam_003428	tr|A0A1U7LG53|A0A1U7LG53_NEOID	3
fam_003429	tr|A0A1U7LGB1|A0A1U7LGB1_NEOID	4
fam_003430	tr|A0A1U7LGX7|A0A1U7LGX7_NEOID	5
fam_003431	tr|A0A1U7LHF1|A0A1U7LHF1_NEOID	3
fam_003432	tr|A0A1U7LI08|A0A1U7LI08_NEOID	5
fam_003433	tr|A0A1U7LMH0|A0A1U7LMH0_NEOID	2
fam_003434	tr|A0A1U7LND6|A0A1U7LND6_NEOID	5
fam_003435	tr|A0A1U7LQ16|A0A1U7LQ16_NEOID	6
fam_003436	tr|A0A1U7LQ26|A0A1U7LQ26_NEOID	3
fam_003437	tr|A8NWH8|A8NWH8_COPC7	3
fam_003438	tr|A8PF38|A8PF38_COPC7	4
fam_003439	tr|A8N320|A8N320_COPC7	2
fam_003440	tr|A8NCN5|A8NCN5_COPC7	2
fam_003441	tr|A8NDY8|A8NDY8_COPC7	1
fam_003442	tr|A8NDY0|A8NDY0_COPC7	1
fam_003443	tr|A8NMI9|A8NMI9_COPC7	2
fam_003444	tr|A8NRB1|A8NRB1_COPC7	3
fam_003445	tr|A8P401|A8P401_COPC7	6
fam_003446	tr|A8PES9|A8PES9_COPC7	5
fam_003447	tr|A8PF85|A8PF85_COPC7	3
fam_003448	tr|A8PHL7|A8PHL7_COPC7	2
fam_003449	tr|D6RK84|D6RK84_COPC7	2
fam_003450	tr|D6RKQ6|D6RKQ6_COPC7	2
fam_003451	tr|D6RLE0|D6RLE0_COPC7	2
fam_003452	tr|D6RP88|D6RP88_COPC7	2
fam_003453	tr|D6RPK5|D6RPK5_COPC7	3
fam_003454	tr|A8NEJ9|A8NEJ9_COPC7	6
fam_003455	tr|A8NF75|A8NF75_COPC7	3
fam_003456	tr|A8NMU2|A8NMU2_COPC7	3
fam_003457	tr|A8NVL5|A8NVL5_COPC7	4
fam_003458	tr|A8NVN0|A8NVN0_COPC7	2
fam_003459	tr|A8NZF4|A8NZF4_COPC7	1
fam_003460	tr|A8NZF6|A8NZF6_COPC7	1
fam_003461	tr|A8PHB7|A8PHB7_COPC7	3
fam_003462	tr|D6RKH8|D6RKH8_COPC7	2
fam_003463	tr|A8N0I2|A8N0I2_COPC7	6
fam_003464	tr|A8N555|A8N555_COPC7	2
fam_003465	tr|A8N9L5|A8N9L5_COPC7	7
fam_003466	tr|A8NMB3|A8NMB3_COPC7	2
fam_003467	tr|A8NR97|A8NR97_COPC7	2
fam_003468	tr|A8NAT7|A8NAT7_COPC7	1
fam_003469	tr|A8NS21|A8NS21_COPC7	4
fam_003470	tr|A8NTT5|A8NTT5_COPC7	2
fam_003471	tr|A8NY83|A8NY83_COPC7	2
fam_003472	tr|A8P0V5|A8P0V5_COPC7	17
fam_003473	tr|A8P1H4|A8P1H4_COPC7	3
fam_003474	tr|A8P659|A8P659_COPC7	6
fam_003475	tr|A8P7U5|A8P7U5_COPC7	1
fam_003476	tr|A8N4E0|A8N4E0_COPC7	2
fam_003477	tr|A8PFF3|A8PFF3_COPC7	5
fam_003478	tr|D6RMH4|D6RMH4_COPC7	6
fam_003479	tr|A8N105|A8N105_COPC7	4
fam_003480	tr|A8N488|A8N488_COPC7	3
fam_003481	tr|A8N952|A8N952_COPC7	4
fam_003482	tr|A8NBF9|A8NBF9_COPC7	2
fam_003483	tr|A8NG29|A8NG29_COPC7	3
fam_003484	tr|A8NQC9|A8NQC9_COPC7	2
fam_003485	tr|A8NRA0|A8NRA0_COPC7	10
fam_003486	tr|A8NXS2|A8NXS2_COPC7	2
fam_003487	tr|A8NYL0|A8NYL0_COPC7	2
fam_003488	tr|A8P182|A8P182_COPC7	2
fam_003489	tr|A8P2M6|A8P2M6_COPC7	4
fam_003490	tr|A8P2N2|A8P2N2_COPC7	1
fam_003491	tr|A8P2I0|A8P2I0_COPC7	2
fam_003492	tr|D6RM03|D6RM03_COPC7	2
fam_003493	tr|D6RQL1|D6RQL1_COPC7	2
fam_003494	tr|A8NLK4|A8NLK4_COPC7	1
fam_003495	tr|A8N0U4|A8N0U4_COPC7	2
fam_003496	tr|A8N2P9|A8N2P9_COPC7	1
fam_003497	tr|A8P0I5|A8P0I5_COPC7	1
fam_003498	tr|A8N8S5|A8N8S5_COPC7	3
fam_003499	tr|A8NFA3|A8NFA3_COPC7	1
fam_003500	tr|A8NBS8|A8NBS8_COPC7	1
fam_003501	tr|A8NN23|A8NN23_COPC7	2
fam_003502	tr|A8P2A0|A8P2A0_COPC7	1
fam_003503	tr|A8PGE1|A8PGE1_COPC7	1
fam_003504	tr|A8P5L1|A8P5L1_COPC7	1
fam_003505	tr|A8P5L3|A8P5L3_COPC7	1
fam_003506	tr|A8PBF4|A8PBF4_COPC7	4
fam_003507	tr|A8PBJ4|A8PBJ4_COPC7	3
fam_003508	tr|A8PDH6|A8PDH6_COPC7	3
fam_003509	tr|D6RKR6|D6RKR6_COPC7	3
fam_003510	tr|A8N2I8|A8N2I8_COPC7	2
fam_003511	tr|A8N2Y9|A8N2Y9_COPC7	2
fam_003512	tr|A8N8F7|A8N8F7_COPC7	21
fam_003513	tr|A8N9F8|A8N9F8_COPC7	3
fam_003514	tr|A8N9K9|A8N9K9_COPC7	2
fam_003515	tr|A8NQG0|A8NQG0_COPC7	2
fam_003516	tr|A8NT70|A8NT70_COPC7	2
fam_003517	tr|A8NVA0|A8NVA0_COPC7	2
fam_003518	tr|A8P258|A8P258_COPC7	2
fam_003519	tr|A8P4Z3|A8P4Z3_COPC7	2
fam_003520	tr|A8P7J4|A8P7J4_COPC7	4
fam_003521	tr|D6RK19|D6RK19_COPC7	10
fam_003522	tr|A8N0J7|A8N0J7_COPC7	2
fam_003523	tr|A8N2U4|A8N2U4_COPC7	2
fam_003524	tr|A8N358|A8N358_COPC7	2
fam_003525	tr|A8N380|A8N380_COPC7	2
fam_003526	sp|A8N7C6|RSSA_COPC7	9
fam_003527	tr|A8N7Q0|A8N7Q0_COPC7	4
fam_003528	tr|A8NAP3|A8NAP3_COPC7	4
fam_003529	tr|A8NCW7|A8NCW7_COPC7	4
fam_003530	sp|A8NHT8|LSM6_COPC7	3
fam_003531	tr|A8NHX8|A8NHX8_COPC7	7
fam_003532	tr|A8NUG9|A8NUG9_COPC7	4
fam_003533	sp|A8NWP2|SIR5_COPC7	2
fam_003534	tr|A8NIK3|A8NIK3_COPC7	1
fam_003535	tr|A8NYT6|A8NYT6_COPC7	3
fam_003536	tr|A8P288|A8P288_COPC7	2
fam_003537	tr|A8P4T7|A8P4T7_COPC7	5
fam_003538	tr|A8P8H4|A8P8H4_COPC7	2
fam_003539	tr|A8PCR4|A8PCR4_COPC7	2
fam_003540	tr|D6RR35|D6RR35_COPC7	1
fam_003541	tr|A8PEW4|A8PEW4_COPC7	2
fam_003542	tr|A8PEZ3|A8PEZ3_COPC7	5
fam_003543	tr|D6RQQ8|D6RQQ8_COPC7	6
fam_003544	tr|A8N0U6|A8N0U6_COPC7	2
fam_003545	tr|A8N7P1|A8N7P1_COPC7	2
fam_003546	tr|A8NRM7|A8NRM7_COPC7	6
fam_003547	tr|A8NRS7|A8NRS7_COPC7	2
fam_003548	tr|A8P474|A8P474_COPC7	10
fam_003549	tr|A8P6C5|A8P6C5_COPC7	4
fam_003550	tr|A8PBH2|A8PBH2_COPC7	2
fam_003551	tr|A8PFK3|A8PFK3_COPC7	2
fam_003552	tr|D6RM33|D6RM33_COPC7	2
fam_003553	tr|D6RMZ3|D6RMZ3_COPC7	9
fam_003554	tr|A8N0I6|A8N0I6_COPC7	2
fam_003555	tr|A8N9V9|A8N9V9_COPC7	2
fam_003556	tr|A8NCI7|A8NCI7_COPC7	2
fam_003557	tr|A8NNA2|A8NNA2_COPC7	1
fam_003558	tr|A8NNA5|A8NNA5_COPC7	1
fam_003559	tr|A8NQB7|A8NQB7_COPC7	4
fam_003560	tr|A8NRT5|A8NRT5_COPC7	2
fam_003561	tr|A8NVR8|A8NVR8_COPC7	2
fam_003562	sp|A8NWS6|MDM10_COPC7	3
fam_003563	tr|A8NXV9|A8NXV9_COPC7	3
fam_003564	tr|A8NY78|A8NY78_COPC7	6
fam_003565	tr|A8P5N3|A8P5N3_COPC7	6
fam_003566	tr|A8P9Q9|A8P9Q9_COPC7	2
fam_003567	tr|A8PED5|A8PED5_COPC7	2
fam_003568	tr|A8PFW8|A8PFW8_COPC7	7
fam_003569	tr|A8PG84|A8PG84_COPC7	3
fam_003570	tr|D6RQ95|D6RQ95_COPC7	2
fam_003571	tr|A8N269|A8N269_COPC7	6
fam_003572	tr|A8N5I3|A8N5I3_COPC7	5
fam_003573	tr|A8N686|A8N686_COPC7	6
fam_003574	tr|A8N6W6|A8N6W6_COPC7	2
fam_003575	tr|A8N901|A8N901_COPC7	15
fam_003576	tr|A8NIB7|A8NIB7_COPC7	2
fam_003577	tr|A8NIJ2|A8NIJ2_COPC7	10
fam_003578	tr|A8NKG4|A8NKG4_COPC7	2
fam_003579	tr|A8NQA9|A8NQA9_COPC7	1
fam_003580	tr|A8NNS9|A8NNS9_COPC7	1
fam_003581	tr|A8NR92|A8NR92_COPC7	2
fam_003582	tr|A8NRK6|A8NRK6_COPC7	4
fam_003583	tr|A8NSH5|A8NSH5_COPC7	9
fam_003584	tr|A8NXE7|A8NXE7_COPC7	2
fam_003585	tr|A8NYT5|A8NYT5_COPC7	2
fam_003586	tr|A8NZ54|A8NZ54_COPC7	1
fam_003587	tr|A8NC91|A8NC91_COPC7	1
fam_003588	tr|A8PEQ7|A8PEQ7_COPC7	3
fam_003589	tr|A8PGQ6|A8PGQ6_COPC7	2
fam_003590	tr|A8PHT9|A8PHT9_COPC7	3
fam_003591	tr|D6RLB8|D6RLB8_COPC7	2
fam_003592	tr|D6RNA9|D6RNA9_COPC7	2
fam_003593	tr|A8N092|A8N092_COPC7	2
fam_003594	tr|A8N1L8|A8N1L8_COPC7	2
fam_003595	tr|A8NNE0|A8NNE0_COPC7	5
fam_003596	tr|A8NYD7|A8NYD7_COPC7	6
fam_003597	tr|A8P2Z6|A8P2Z6_COPC7	2
fam_003598	tr|D6RJQ0|D6RJQ0_COPC7	5
fam_003599	tr|D6RKQ7|D6RKQ7_COPC7	2
fam_003600	tr|D6RL06|D6RL06_COPC7	3
fam_003601	tr|D6RM50|D6RM50_COPC7	2
fam_003602	tr|D6RR10|D6RR10_COPC7	2
fam_003603	tr|A8N0A9|A8N0A9_COPC7	5
fam_003604	tr|A8N3K0|A8N3K0_COPC7	2
fam_003605	tr|A8N5B0|A8N5B0_COPC7	2
fam_003606	tr|A8N702|A8N702_COPC7	3
fam_003607	tr|A8NEN3|A8NEN3_COPC7	4
fam_003608	tr|A8NFE9|A8NFE9_COPC7	2
fam_003609	tr|A8NKJ4|A8NKJ4_COPC7	4
fam_003610	tr|A8NNQ9|A8NNQ9_COPC7	5
fam_003611	tr|A8P6Q8|A8P6Q8_COPC7	9
fam_003612	tr|A8PDB7|A8PDB7_COPC7	26
fam_003613	sp|A8PE82|VPS10_COPC7	7
fam_003614	tr|A8PEX7|A8PEX7_COPC7	2
fam_003615	tr|A8PF83|A8PF83_COPC7	2
fam_003616	tr|D6RLR8|D6RLR8_COPC7	3
fam_003617	tr|A8N838|A8N838_COPC7	3
fam_003618	tr|A8NA25|A8NA25_COPC7	2
fam_003619	tr|A8NK84|A8NK84_COPC7	3
fam_003620	tr|A8P2H4|A8P2H4_COPC7	4
fam_003621	tr|A8PAR5|A8PAR5_COPC7	2
fam_003622	tr|A8PHL9|A8PHL9_COPC7	2
fam_003623	sp|Q9USN0|GPI10_SCHPO	2
fam_003624	sp|Q9UTK2|RM19_SCHPO	5
fam_003625	sp|Q9UU76|PUF6_SCHPO	6
fam_003626	sp|Q9Y7N0|BDF1_SCHPO	4
fam_003627	sp|G2TRJ8|CMC4_SCHPO	3
fam_003628	sp|O36014|DNPEP_SCHPO	8
fam_003629	sp|O60095|TGCE3_SCHPO	6
fam_003630	sp|O60131|YH7H_SCHPO	1
fam_003631	sp|Q10144|YAS8_SCHPO	1
fam_003632	sp|O60166|NUDC_SCHPO	5
fam_003633	sp|O74984|HSP15_SCHPO	1
fam_003634	sp|O14368|HSP16_SCHPO	1
fam_003635	sp|O94247|HCS1_SCHPO	6
fam_003636	sp|P36597|NMT1_SCHPO	6
fam_003637	sp|Q09752|VBA1_SCHPO	12
fam_003638	sp|Q09878|MET10_SCHPO	6
fam_003639	tr|A0A1U7LSY2|A0A1U7LSY2_NEOID	14
fam_003640	tr|A0A1U7LTS3|A0A1U7LTS3_NEOID	7
fam_003641	tr|A0A1U7LTY4|A0A1U7LTY4_NEOID	3
fam_003642	tr|A0A1U7LVA0|A0A1U7LVA0_NEOID	4
fam_003643	tr|A0A1U7LGW1|A0A1U7LGW1_NEOID	3
fam_003644	tr|A0A1U7LHB5|A0A1U7LHB5_NEOID	3
fam_003645	tr|A0A1U7LJT1|A0A1U7LJT1_NEOID	5
fam_003646	tr|A0A1U7LK30|A0A1U7LK30_NEOID	1
fam_003647	tr|A0A1U7LGJ9|A0A1U7LGJ9_NEOID	1
fam_003648	tr|A0A1U7LKK0|A0A1U7LKK0_NEOID	2
fam_003649	tr|A0A1U7LKT1|A0A1U7LKT1_NEOID	9
fam_003650	tr|A0A1U7LLJ1|A0A1U7LLJ1_NEOID	7
fam_003651	tr|A0A1U7LM71|A0A1U7LM71_NEOID	2
fam_003652	tr|A0A1U7LMT3|A0A1U7LMT3_NEOID	3
fam_003653	tr|A0A1U7LNP6|A0A1U7LNP6_NEOID	9
fam_003654	tr|A0A1U7LPJ0|A0A1U7LPJ0_NEOID	12
fam_003655	tr|A0A1U7LR61|A0A1U7LR61_NEOID	3
fam_003656	tr|A0A1U7LSA3|A0A1U7LSA3_NEOID	6
fam_003657	tr|A0A1U7LT81|A0A1U7LT81_NEOID	2
fam_003658	tr|A0A1U7LTP2|A0A1U7LTP2_NEOID	6
fam_003659	tr|A0A1U7LUF8|A0A1U7LUF8_NEOID	2
fam_003660	tr|A0A1U7LUJ2|A0A1U7LUJ2_NEOID	6
fam_003661	tr|A0A1U7LV66|A0A1U7LV66_NEOID	2
fam_003662	tr|A0A1U7LWV3|A0A1U7LWV3_NEOID	4
fam_003663	tr|A0A1U7LWZ4|A0A1U7LWZ4_NEOID	3
fam_003664	tr|A0A1U7LGB6|A0A1U7LGB6_NEOID	1
fam_003665	tr|A0A1U7LK08|A0A1U7LK08_NEOID	1
fam_003666	tr|A0A1U7LGK5|A0A1U7LGK5_NEOID	4
fam_003667	tr|A0A1U7LHD1|A0A1U7LHD1_NEOID	3
fam_003668	tr|A0A1U7LL86|A0A1U7LL86_NEOID	2
fam_003669	tr|A0A1U7LLC3|A0A1U7LLC3_NEOID	4
fam_003670	tr|A0A1U7LM35|A0A1U7LM35_NEOID	6
fam_003671	tr|A0A1U7LNE5|A0A1U7LNE5_NEOID	4
fam_003672	tr|A0A1U7LPR4|A0A1U7LPR4_NEOID	5
fam_003673	tr|A0A1U7LR11|A0A1U7LR11_NEOID	2
fam_003674	tr|A0A1U7LRC5|A0A1U7LRC5_NEOID	2
fam_003675	tr|A0A1U7LT86|A0A1U7LT86_NEOID	6
fam_003676	tr|A0A1U7LHP7|A0A1U7LHP7_NEOID	6
fam_003677	tr|A0A1U7LJ88|A0A1U7LJ88_NEOID	6
fam_003678	tr|A0A1U7LLG4|A0A1U7LLG4_NEOID	6
fam_003679	tr|A0A1U7LM64|A0A1U7LM64_NEOID	2
fam_003680	tr|A0A1U7LM77|A0A1U7LM77_NEOID	3
fam_003681	tr|A0A1U7LMK0|A0A1U7LMK0_NEOID	6
fam_003682	tr|A0A1U7LMN2|A0A1U7LMN2_NEOID	4
fam_003683	tr|A0A1U7LNA9|A0A1U7LNA9_NEOID	4
fam_003684	tr|A0A1U7LP13|A0A1U7LP13_NEOID	2
fam_003685	tr|A0A1U7LR35|A0A1U7LR35_NEOID	6
fam_003686	tr|A0A1U7LRX2|A0A1U7LRX2_NEOID	8
fam_003687	tr|A0A1U7LIC9|A0A1U7LIC9_NEOID	6
fam_003688	tr|A0A1U7LIH0|A0A1U7LIH0_NEOID	3
fam_003689	tr|A0A1U7LJG7|A0A1U7LJG7_NEOID	3
fam_003690	tr|A0A1U7LSE4|A0A1U7LSE4_NEOID	5
fam_003691	tr|A0A1U7LWR1|A0A1U7LWR1_NEOID	6
fam_003692	tr|A0A1U7LGX0|A0A1U7LGX0_NEOID	3
fam_003693	tr|A0A1U7LIB7|A0A1U7LIB7_NEOID	7
fam_003694	tr|A0A1U7LL35|A0A1U7LL35_NEOID	2
fam_003695	tr|A0A1U7LN93|A0A1U7LN93_NEOID	2
fam_003696	tr|A0A1U7LPN2|A0A1U7LPN2_NEOID	5
fam_003697	tr|A0A1U7LQB8|A0A1U7LQB8_NEOID	6
fam_003698	tr|A0A1U7LQP0|A0A1U7LQP0_NEOID	4
fam_003699	tr|A0A1U7LRY0|A0A1U7LRY0_NEOID	5
fam_003700	tr|A0A1U7LUK1|A0A1U7LUK1_NEOID	2
fam_003701	tr|A0A1U7LVB4|A0A1U7LVB4_NEOID	3
fam_003702	tr|A0A1U7LWI2|A0A1U7LWI2_NEOID	6
fam_003703	tr|A0A1U7LGA1|A0A1U7LGA1_NEOID	4
fam_003704	tr|A0A1U7LHF5|A0A1U7LHF5_NEOID	2
fam_003705	tr|A0A1U7LHY7|A0A1U7LHY7_NEOID	2
fam_003706	tr|A0A1U7LIT7|A0A1U7LIT7_NEOID	2
fam_003707	tr|A0A1U7LM26|A0A1U7LM26_NEOID	2
fam_003708	tr|A0A1U7LMQ7|A0A1U7LMQ7_NEOID	2
fam_003709	tr|A0A1U7LNU7|A0A1U7LNU7_NEOID	4
fam_003710	tr|A0A1U7LPL6|A0A1U7LPL6_NEOID	1
fam_003711	tr|A0A1U7LVM0|A0A1U7LVM0_NEOID	1
fam_003712	tr|A0A1U7LPN7|A0A1U7LPN7_NEOID	2
fam_003713	tr|A0A1U7LRL1|A0A1U7LRL1_NEOID	2
fam_003714	tr|A0A1U7LVG7|A0A1U7LVG7_NEOID	6
fam_003715	tr|A0A1U7LVV7|A0A1U7LVV7_NEOID	2
fam_003716	tr|A0A1U7LI60|A0A1U7LI60_NEOID	2
fam_003717	tr|A0A1U7LI66|A0A1U7LI66_NEOID	5
fam_003718	tr|A0A1U7LLV0|A0A1U7LLV0_NEOID	6
fam_003719	tr|A0A1U7LNQ1|A0A1U7LNQ1_NEOID	3
fam_003720	tr|A0A1U7LPR8|A0A1U7LPR8_NEOID	4
fam_003721	tr|A0A1U7LS94|A0A1U7LS94_NEOID	2
fam_003722	tr|A0A1U7LSB3|A0A1U7LSB3_NEOID	2
fam_003723	tr|A0A1U7LTW3|A0A1U7LTW3_NEOID	2
fam_003724	tr|A0A1U7LTZ9|A0A1U7LTZ9_NEOID	4
fam_003725	tr|A0A1U7LUQ9|A0A1U7LUQ9_NEOID	6
fam_003726	tr|A0A1U7LW34|A0A1U7LW34_NEOID	6
fam_003727	tr|A0A1U7LNS9|A0A1U7LNS9_NEOID	5
fam_003728	tr|A0A1U7LPE3|A0A1U7LPE3_NEOID	2
fam_003729	tr|A0A1U7LQP3|A0A1U7LQP3_NEOID	2
fam_003730	tr|A8NKF3|A8NKF3_COPC7	3
fam_003731	tr|A8NRU4|A8NRU4_COPC7	2
fam_003732	sp|A8NVB7|N6235_COPC7	1
fam_003733	sp|A8NS27|N3009_COPC7	2
fam_003734	tr|A8NVP1|A8NVP1_COPC7	4
fam_003735	tr|A8NWY8|A8NWY8_COPC7	2
fam_003736	tr|A8P2K4|A8P2K4_COPC7	1
fam_003737	tr|A8P0D4|A8P0D4_COPC7	1
fam_003738	tr|D6RK54|D6RK54_COPC7	2
fam_003739	tr|D6RNM1|D6RNM1_COPC7	3
fam_003740	tr|D6RQW4|D6RQW4_COPC7	2
fam_003741	tr|A8N116|A8N116_COPC7	2
fam_003742	tr|A8N2I3|A8N2I3_COPC7	2
fam_003743	tr|A8N6J9|A8N6J9_COPC7	4
fam_003744	tr|A8N6T5|A8N6T5_COPC7	2
fam_003745	tr|A8N724|A8N724_COPC7	4
fam_003746	tr|A8NC17|A8NC17_COPC7	4
fam_003747	tr|A8NGR5|A8NGR5_COPC7	2
fam_003748	tr|A8NUB9|A8NUB9_COPC7	3
fam_003749	tr|A8NWM5|A8NWM5_COPC7	2
fam_003750	tr|A8NZ70|A8NZ70_COPC7	2
fam_003751	tr|A8P0H8|A8P0H8_COPC7	2
fam_003752	tr|A8P9M3|A8P9M3_COPC7	2
fam_003753	tr|A8PFM6|A8PFM6_COPC7	1
fam_003754	tr|A8P9M7|A8P9M7_COPC7	2
fam_003755	tr|A8PE78|A8PE78_COPC7	3
fam_003756	tr|D6RK51|D6RK51_COPC7	3
fam_003757	tr|A8N758|A8N758_COPC7	3
fam_003758	tr|A8N885|A8N885_COPC7	2
fam_003759	tr|A8NDY3|A8NDY3_COPC7	1
fam_003760	tr|A8NDY4|A8NDY4_COPC7	2
fam_003761	tr|A8NJC4|A8NJC4_COPC7	10
fam_003762	tr|A8NSE6|A8NSE6_COPC7	2
fam_003763	tr|A8P9K5|A8P9K5_COPC7	3
fam_003764	tr|A8N6C7|A8N6C7_COPC7	2
fam_003765	tr|A8N8M5|A8N8M5_COPC7	5
fam_003766	tr|A8NHE9|A8NHE9_COPC7	6
fam_003767	tr|A8NDZ7|A8NDZ7_COPC7	2
fam_003768	tr|A8NG89|A8NG89_COPC7	3
fam_003769	tr|A8NGW5|A8NGW5_COPC7	1
fam_003770	tr|A8N5S6|A8N5S6_COPC7	1
fam_003771	tr|A8NID7|A8NID7_COPC7	5
fam_003772	tr|A8NXW6|A8NXW6_COPC7	2
fam_003773	tr|A8P162|A8P162_COPC7	3
fam_003774	tr|A8PE43|A8PE43_COPC7	2
fam_003775	tr|A8PEN8|A8PEN8_COPC7	2
fam_003776	tr|A8PHS8|A8PHS8_COPC7	2
fam_003777	tr|D6RMS4|D6RMS4_COPC7	3
fam_003778	tr|D6RQ45|D6RQ45_COPC7	2
fam_003779	tr|D6RQR5|D6RQR5_COPC7	2
fam_003780	tr|A8N6M2|A8N6M2_COPC7	7
fam_003781	tr|A8N8M1|A8N8M1_COPC7	2
fam_003782	tr|A8NAM3|A8NAM3_COPC7	2
fam_003783	tr|A8NGB6|A8NGB6_COPC7	2
fam_003784	tr|A8NH68|A8NH68_COPC7	2
fam_003785	tr|A8NHM1|A8NHM1_COPC7	2
fam_003786	tr|A8P637|A8P637_COPC7	2
fam_003787	tr|A8P9R9|A8P9R9_COPC7	2
fam_003788	tr|A8MZT5|A8MZT5_COPC7	2
fam_003789	tr|A8N225|A8N225_COPC7	6
fam_003790	tr|A8N6A9|A8N6A9_COPC7	2
fam_003791	tr|A8N6B9|A8N6B9_COPC7	12
fam_003792	tr|A8NE77|A8NE77_COPC7	2
fam_003793	tr|A8NLA4|A8NLA4_COPC7	8
fam_003794	tr|A8NLH8|A8NLH8_COPC7	2
fam_003795	tr|A8NLM3|A8NLM3_COPC7	3
fam_003796	tr|A8NY01|A8NY01_COPC7	2
fam_003797	tr|A8P437|A8P437_COPC7	1
fam_003798	tr|A8P219|A8P219_COPC7	1
fam_003799	tr|A8P6A2|A8P6A2_COPC7	3
fam_003800	tr|A8PAL3|A8PAL3_COPC7	3
fam_003801	tr|A8PDN9|A8PDN9_COPC7	2
fam_003802	tr|A8PHP5|A8PHP5_COPC7	3
fam_003803	tr|D6RQ51|D6RQ51_COPC7	4
fam_003804	tr|A8NRX6|A8NRX6_COPC7	6
fam_003805	tr|A8PCE3|A8PCE3_COPC7	9
fam_003806	tr|D6RQC2|D6RQC2_COPC7	2
fam_003807	tr|A8N5D8|A8N5D8_COPC7	5
fam_003808	tr|A8N657|A8N657_COPC7	7
fam_003809	tr|A8N6V8|A8N6V8_COPC7	3
fam_003810	tr|A8N782|A8N782_COPC7	3
fam_003811	tr|A8NBG0|A8NBG0_COPC7	2
fam_003812	tr|A8NBT4|A8NBT4_COPC7	2
fam_003813	tr|A8NC35|A8NC35_COPC7	10
fam_003814	tr|A8NCB3|A8NCB3_COPC7	2
fam_003815	tr|A8NYB8|A8NYB8_COPC7	5
fam_003816	tr|A8NYQ8|A8NYQ8_COPC7	1
fam_003817	tr|A8P5Q2|A8P5Q2_COPC7	1
fam_003818	tr|A8P7N5|A8P7N5_COPC7	2
fam_003819	tr|A8P999|A8P999_COPC7	2
fam_003820	sp|A8PB24|AXE1_COPC7	1
fam_003821	tr|A8NW84|A8NW84_COPC7	1
fam_003822	tr|A8PBP2|A8PBP2_COPC7	2
fam_003823	tr|A8PH03|A8PH03_COPC7	6
fam_003824	tr|A8N2H6|A8N2H6_COPC7	14
fam_003825	tr|A8N2H9|A8N2H9_COPC7	4
fam_003826	tr|A8NF57|A8NF57_COPC7	2
fam_003827	tr|A8NQT7|A8NQT7_COPC7	3
fam_003828	tr|A8NXV8|A8NXV8_COPC7	6
fam_003829	tr|A8NYT8|A8NYT8_COPC7	6
fam_003830	tr|A8P110|A8P110_COPC7	3
fam_003831	tr|A8PAQ8|A8PAQ8_COPC7	3
fam_003832	tr|D6RJV0|D6RJV0_COPC7	3
fam_003833	tr|D6RK04|D6RK04_COPC7	4
fam_003834	tr|D6RK11|D6RK11_COPC7	5
fam_003835	tr|D6RM49|D6RM49_COPC7	16
fam_003836	tr|A8N7T4|A8N7T4_COPC7	3
fam_003837	tr|A8N4X3|A8N4X3_COPC7	1
fam_003838	tr|A8N7U8|A8N7U8_COPC7	2
fam_003839	tr|A8N820|A8N820_COPC7	2
fam_003840	tr|A8NGL2|A8NGL2_COPC7	2
fam_003841	tr|A8PCJ6|A8PCJ6_COPC7	5
fam_003842	tr|A8N1J5|A8N1J5_COPC7	3
fam_003843	sp|A8N1T1|LIPA_COPC7	6
fam_003844	tr|A8N8R3|A8N8R3_COPC7	4
fam_003845	tr|A8NKB8|A8NKB8_COPC7	1
fam_003846	tr|A8PBJ0|A8PBJ0_COPC7	3
fam_003847	tr|A8NPW4|A8NPW4_COPC7	1
fam_003848	tr|A8NPW3|A8NPW3_COPC7	1
fam_003849	tr|A8NUT3|A8NUT3_COPC7	7
fam_003850	tr|A8P4E3|A8P4E3_COPC7	1
fam_003851	tr|A8NZT0|A8NZT0_COPC7	1
fam_003852	tr|A8P4X0|A8P4X0_COPC7	2
fam_003853	tr|A8P6A0|A8P6A0_COPC7	2
fam_003854	tr|D6RQR6|D6RQR6_COPC7	30
fam_003855	tr|A8N176|A8N176_COPC7	2
fam_003856	tr|A8N260|A8N260_COPC7	2
fam_003857	tr|A8N2Q3|A8N2Q3_COPC7	2
fam_003858	tr|A8N2Y4|A8N2Y4_COPC7	6
fam_003859	tr|A8N8C7|A8N8C7_COPC7	24
fam_003860	tr|A8NB64|A8NB64_COPC7	2
fam_003861	tr|A8NPI5|A8NPI5_COPC7	1
fam_003862	tr|A8NPJ7|A8NPJ7_COPC7	2
fam_003863	tr|A8P492|A8P492_COPC7	2
fam_003864	tr|A8P988|A8P988_COPC7	2
fam_003865	tr|D6RR44|D6RR44_COPC7	3
fam_003866	tr|A8N2P2|A8N2P2_COPC7	2
fam_003867	tr|A8N5P3|A8N5P3_COPC7	9
fam_003868	tr|A8N7S1|A8N7S1_COPC7	6
fam_003869	tr|A8NBY4|A8NBY4_COPC7	1
fam_003870	tr|A8N8Q7|A8N8Q7_COPC7	1
fam_003871	tr|A8NK65|A8NK65_COPC7	3
fam_003872	tr|A8NVJ3|A8NVJ3_COPC7	4
fam_003873	tr|A8NWM4|A8NWM4_COPC7	2
fam_003874	tr|A8NWM1|A8NWM1_COPC7	1
fam_003875	tr|A8NZ22|A8NZ22_COPC7	6
fam_003876	tr|A8P2X4|A8P2X4_COPC7	2
fam_003877	tr|A8N4X9|A8N4X9_COPC7	3
fam_003878	tr|A8N7Z9|A8N7Z9_COPC7	4
fam_003879	tr|A8NA96|A8NA96_COPC7	3
fam_003880	tr|A8NMC7|A8NMC7_COPC7	2
fam_003881	tr|A8NR89|A8NR89_COPC7	2
fam_003882	tr|A8NSP5|A8NSP5_COPC7	2
fam_003883	tr|A8NTI4|A8NTI4_COPC7	2
fam_003884	tr|A8P496|A8P496_COPC7	3
fam_003885	tr|A8PFJ2|A8PFJ2_COPC7	2
fam_003886	tr|D6RLT6|D6RLT6_COPC7	8
fam_003887	tr|Q08AC3|Q08AC3_COPC7	15
fam_003888	tr|A8N2H5|A8N2H5_COPC7	2
fam_003889	tr|A8N2L7|A8N2L7_COPC7	2
fam_003890	tr|A8N463|A8N463_COPC7	4
fam_003891	tr|A8NDE9|A8NDE9_COPC7	3
fam_003892	tr|A8NEB8|A8NEB8_COPC7	7
fam_003893	tr|A8NK58|A8NK58_COPC7	2
fam_003894	tr|A8NWU0|A8NWU0_COPC7	2
fam_003895	tr|A8NXG9|A8NXG9_COPC7	4
fam_003896	tr|A8P1F7|A8P1F7_COPC7	2
fam_003897	tr|A8P836|A8P836_COPC7	2
fam_003898	tr|D6RMX2|D6RMX2_COPC7	2
fam_003899	tr|A8N2M4|A8N2M4_COPC7	3
fam_003900	tr|A8N3X8|A8N3X8_COPC7	4
fam_003901	tr|A8N8J5|A8N8J5_COPC7	2
fam_003902	tr|A8N9D1|A8N9D1_COPC7	1
fam_003903	tr|A8N8N5|A8N8N5_COPC7	1
fam_003904	tr|A8NA47|A8NA47_COPC7	2
fam_003905	tr|A8NAP5|A8NAP5_COPC7	6
fam_003906	tr|A8NE19|A8NE19_COPC7	1
fam_003907	tr|A8N1X5|A8N1X5_COPC7	1
fam_003908	tr|A8NFJ3|A8NFJ3_COPC7	2
fam_003909	tr|A8NH47|A8NH47_COPC7	3
fam_003910	tr|A8P7Z5|A8P7Z5_COPC7	1
fam_003911	tr|A8P7Z2|A8P7Z2_COPC7	1
fam_003912	tr|A8PES4|A8PES4_COPC7	2
fam_003913	tr|A8N2K0|A8N2K0_COPC7	2
fam_003914	tr|A8N5I6|A8N5I6_COPC7	2
fam_003915	tr|A8NJW6|A8NJW6_COPC7	3
fam_003916	tr|A8NZ09|A8NZ09_COPC7	4
fam_003917	sp|P10174|COX7_YEAST	1
fam_003918	tr|A8P1Q7|A8P1Q7_COPC7	3
fam_003919	tr|A8P3D9|A8P3D9_COPC7	2
fam_003920	tr|A8P3S6|A8P3S6_COPC7	3
fam_003921	tr|A8P722|A8P722_COPC7	2
fam_003922	tr|A8P968|A8P968_COPC7	2
fam_003923	tr|D6RKV4|D6RKV4_COPC7	2
fam_003924	tr|D6RP91|D6RP91_COPC7	3
fam_003925	tr|A8N091|A8N091_COPC7	2
fam_003926	tr|A8N322|A8N322_COPC7	2
fam_003927	tr|A8NA97|A8NA97_COPC7	3
fam_003928	tr|A8NB79|A8NB79_COPC7	15
fam_003929	tr|A8NCC4|A8NCC4_COPC7	2
fam_003930	tr|A8NDD8|A8NDD8_COPC7	7
fam_003931	tr|A8NIS9|A8NIS9_COPC7	2
fam_003932	tr|A8NLC8|A8NLC8_COPC7	3
fam_003933	tr|A8NUA0|A8NUA0_COPC7	2
fam_003934	tr|A8NUY2|A8NUY2_COPC7	2
fam_003935	tr|A8NV31|A8NV31_COPC7	3
fam_003936	tr|A8P5F3|A8P5F3_COPC7	8
fam_003937	tr|A8PI33|A8PI33_COPC7	3
fam_003938	tr|A8PI69|A8PI69_COPC7	2
fam_003939	tr|D6RNR6|D6RNR6_COPC7	2
fam_003940	tr|A8N3I8|A8N3I8_COPC7	2
fam_003941	tr|A8N720|A8N720_COPC7	4
fam_003942	tr|A8N8L9|A8N8L9_COPC7	5
fam_003943	tr|A8NJ07|A8NJ07_COPC7	6
fam_003944	tr|A8NQE5|A8NQE5_COPC7	7
fam_003945	tr|A8NSW3|A8NSW3_COPC7	2
fam_003946	tr|A8NYM0|A8NYM0_COPC7	6
fam_003947	tr|A8P0J6|A8P0J6_COPC7	2
fam_003948	tr|A8P149|A8P149_COPC7	2
fam_003949	tr|A8PBQ2|A8PBQ2_COPC7	5
fam_003950	tr|D6RNH6|D6RNH6_COPC7	2
fam_003951	tr|A8N1W2|A8N1W2_COPC7	2
fam_003952	tr|A8N2E8|A8N2E8_COPC7	2
fam_003953	tr|A8N3E4|A8N3E4_COPC7	2
fam_003954	tr|A8N4V2|A8N4V2_COPC7	2
fam_003955	tr|A8N7B4|A8N7B4_COPC7	1
fam_003956	tr|A8PCE9|A8PCE9_COPC7	2
fam_003957	tr|A8NBI3|A8NBI3_COPC7	6
fam_003958	tr|A8NH26|A8NH26_COPC7	4
fam_003959	tr|A8NL39|A8NL39_COPC7	4
fam_003960	tr|A8NLD8|A8NLD8_COPC7	2
fam_003961	tr|A8NR80|A8NR80_COPC7	1
fam_003962	tr|A8NR79|A8NR79_COPC7	1
fam_003963	tr|A8NXH5|A8NXH5_COPC7	2
fam_003964	tr|A8P8U3|A8P8U3_COPC7	2
fam_003965	tr|D6RL64|D6RL64_COPC7	3
fam_003966	tr|D6RLR3|D6RLR3_COPC7	3
fam_003967	tr|D6RN77|D6RN77_COPC7	3
fam_003968	tr|D6RNT2|D6RNT2_COPC7	6
fam_003969	tr|A8N1Y3|A8N1Y3_COPC7	1
fam_003970	tr|A8N5T5|A8N5T5_COPC7	1
fam_003971	tr|A8N4N7|A8N4N7_COPC7	2
fam_003972	tr|A8NAE0|A8NAE0_COPC7	3
fam_003973	tr|A8NF20|A8NF20_COPC7	4
fam_003974	tr|A8NFM9|A8NFM9_COPC7	1
fam_003975	tr|A8PBA6|A8PBA6_COPC7	2
fam_003976	tr|A8NDU7|A8NDU7_COPC7	2
fam_003977	tr|A8NEJ2|A8NEJ2_COPC7	4
fam_003978	tr|A8NEJ4|A8NEJ4_COPC7	6
fam_003979	tr|A8NLC5|A8NLC5_COPC7	3
fam_003980	tr|A8NY47|A8NY47_COPC7	4
fam_003981	tr|A8N292|A8N292_COPC7	5
fam_003982	tr|A8N733|A8N733_COPC7	2
fam_003983	tr|A8N938|A8N938_COPC7	5
fam_003984	tr|A8NA01|A8NA01_COPC7	1
fam_003985	tr|A8NA00|A8NA00_COPC7	1
fam_003986	sp|P08964|MYO1_YEAST	4
fam_003987	sp|O74700|TIM9_YEAST	5
fam_003988	sp|P00359|G3P3_YEAST	13
fam_003989	sp|P25621|FEN2_YEAST	4
fam_003990	sp|P27654|TIP1_YEAST	3
fam_003991	sp|P32657|CHD1_YEAST	7
fam_003992	sp|P53142|VPS73_YEAST	1
fam_003993	sp|P38142|YB91_YEAST	1
fam_003994	tr|J9VEU4|J9VEU4_CRYN9	2
fam_003995	tr|J9VFH7|J9VFH7_CRYN9	2
fam_003996	tr|J9VFW5|J9VFW5_CRYN9	2
fam_003997	tr|J9VIG6|J9VIG6_CRYN9	2
fam_003998	tr|J9VJA5|J9VJA5_CRYN9	2
fam_003999	tr|J9VJP4|J9VJP4_CRYN9	2
fam_004000	tr|J9VKS8|J9VKS8_CRYN9	2
fam_004001	tr|J9VP86|J9VP86_CRYN9	4
fam_004002	tr|J9VPS5|J9VPS5_CRYN9	2
fam_004003	tr|J9VSB2|J9VSB2_CRYN9	2
fam_004004	tr|J9VW07|J9VW07_CRYN9	3
fam_004005	tr|J9VWX4|J9VWX4_CRYN9	38
fam_004006	tr|J9VYN9|J9VYN9_CRYN9	2
fam_004007	tr|J9W0E1|J9W0E1_CRYN9	2
fam_004008	tr|J9VFN7|J9VFN7_CRYN9	2
fam_004009	tr|J9VPB3|J9VPB3_CRYN9	2
fam_004010	tr|J9VQ22|J9VQ22_CRYN9	3
fam_004011	sp|J9VQC4|GOE1_CRYN9	1
fam_004012	tr|J9VFZ3|J9VFZ3_CRYN9	1
fam_004013	tr|J9VST2|J9VST2_CRYN9	6
fam_004014	tr|J9VN53|J9VN53_CRYN9	2
fam_004015	tr|J9VRE8|J9VRE8_CRYN9	6
fam_004016	tr|J9VRH3|J9VRH3_CRYN9	2
fam_004017	tr|J9VST1|J9VST1_CRYN9	3
fam_004018	tr|J9VVR6|J9VVR6_CRYN9	2
fam_004019	tr|J9VVT6|J9VVT6_CRYN9	3
fam_004020	tr|J9VEG3|J9VEG3_CRYN9	1
fam_004021	tr|J9VNP7|J9VNP7_CRYN9	1
fam_004022	tr|J9VEN2|J9VEN2_CRYN9	2
fam_004023	tr|J9VGR9|J9VGR9_CRYN9	34
fam_004024	tr|J9VI54|J9VI54_CRYN9	6
fam_004025	tr|J9VJ83|J9VJ83_CRYN9	2
fam_004026	tr|J9VLH4|J9VLH4_CRYN9	2
fam_004027	tr|J9VLK9|J9VLK9_CRYN9	2
fam_004028	tr|J9VLM3|J9VLM3_CRYN9	2
fam_004029	tr|J9VMK4|J9VMK4_CRYN9	2
fam_004030	tr|J9VNH2|J9VNH2_CRYN9	1
fam_004031	tr|J9VMI2|J9VMI2_CRYN9	1
fam_004032	tr|J9VNV1|J9VNV1_CRYN9	3
fam_004033	tr|J9VSD2|J9VSD2_CRYN9	3
fam_004034	tr|J9VTV7|J9VTV7_CRYN9	2
fam_004035	tr|J9W2Y1|J9W2Y1_CRYN9	3
fam_004036	sp|J9VDC2|PQP1_CRYN9	2
fam_004037	tr|J9VGW8|J9VGW8_CRYN9	18
fam_004038	tr|J9VJ84|J9VJ84_CRYN9	3
fam_004039	tr|J9VLU7|J9VLU7_CRYN9	5
fam_004040	tr|J9VQ18|J9VQ18_CRYN9	3
fam_004041	tr|J9VTT0|J9VTT0_CRYN9	2
fam_004042	tr|J9VW37|J9VW37_CRYN9	6
fam_004043	tr|J9VWV8|J9VWV8_CRYN9	2
fam_004044	tr|J9W0Q9|J9W0Q9_CRYN9	2
fam_004045	tr|J9W183|J9W183_CRYN9	2
fam_004046	tr|T2BP49|T2BP49_CRYN9	3
fam_004047	tr|J9VP24|J9VP24_CRYN9	6
fam_004048	tr|J9VPP7|J9VPP7_CRYN9	9
fam_004049	tr|J9VRB8|J9VRB8_CRYN9	2
fam_004050	tr|J9VXI0|J9VXI0_CRYN9	2
fam_004051	tr|Q85T02|Q85T02_CRYN9	2
fam_004052	tr|J9VEG0|J9VEG0_CRYN9	3
fam_004053	tr|J9VLA4|J9VLA4_CRYN9	2
fam_004054	tr|J9VN14|J9VN14_CRYN9	2
fam_004055	tr|J9VP35|J9VP35_CRYN9	1
fam_004056	tr|J9VKS5|J9VKS5_CRYN9	1
fam_004057	tr|J9VTN7|J9VTN7_CRYN9	2
fam_004058	tr|J9VUG8|J9VUG8_CRYN9	2
fam_004059	tr|J9VWW3|J9VWW3_CRYN9	2
fam_004060	tr|J9W164|J9W164_CRYN9	2
fam_004061	tr|J9VGA0|J9VGA0_CRYN9	1
fam_004062	tr|J9VKT1|J9VKT1_CRYN9	2
fam_004063	tr|J9VL62|J9VL62_CRYN9	5
fam_004064	tr|J9VP56|J9VP56_CRYN9	3
fam_004065	tr|J9VQK0|J9VQK0_CRYN9	3
fam_004066	tr|J9VRF2|J9VRF2_CRYN9	2
fam_004067	tr|J9VSI4|J9VSI4_CRYN9	2
fam_004068	tr|J9VT77|J9VT77_CRYN9	1
fam_004069	tr|J9VZQ6|J9VZQ6_CRYN9	1
fam_004070	tr|J9VZ66|J9VZ66_CRYN9	2
fam_004071	tr|J9VGU7|J9VGU7_CRYN9	2
fam_004072	tr|J9VKG0|J9VKG0_CRYN9	2
fam_004073	tr|J9VP97|J9VP97_CRYN9	9
fam_004074	tr|J9VPD3|J9VPD3_CRYN9	3
fam_004075	tr|J9VPW4|J9VPW4_CRYN9	11
fam_004076	tr|J9VRL5|J9VRL5_CRYN9	12
fam_004077	tr|J9VTN2|J9VTN2_CRYN9	2
fam_004078	tr|J9VV72|J9VV72_CRYN9	2
fam_004079	sp|J9VVE7|HAMP_CRYN9	2
fam_004080	tr|J9W1H3|J9W1H3_CRYN9	1
fam_004081	tr|J9VX02|J9VX02_CRYN9	1
fam_004082	tr|S2JC93|S2JC93_MUCC1	2
fam_004083	tr|S2JE07|S2JE07_MUCC1	5
fam_004084	tr|S2JG93|S2JG93_MUCC1	4
fam_004085	tr|S2JJ94|S2JJ94_MUCC1	3
fam_004086	tr|S2JLC0|S2JLC0_MUCC1	2
fam_004087	tr|S2JNQ3|S2JNQ3_MUCC1	3
fam_004088	tr|S2JR66|S2JR66_MUCC1	10
fam_004089	tr|S2K9R7|S2K9R7_MUCC1	2
fam_004090	tr|S2KFQ2|S2KFQ2_MUCC1	3
fam_004091	tr|S2KGT4|S2KGT4_MUCC1	2
fam_004092	tr|S2IW88|S2IW88_MUCC1	1
fam_004093	tr|S2KBT4|S2KBT4_MUCC1	1
fam_004094	tr|S2IWZ8|S2IWZ8_MUCC1	4
fam_004095	tr|S2J268|S2J268_MUCC1	2
fam_004096	tr|S2J7H6|S2J7H6_MUCC1	2
fam_004097	tr|S2JAQ8|S2JAQ8_MUCC1	4
fam_004098	tr|S2JC52|S2JC52_MUCC1	4
fam_004099	tr|S2JDA6|S2JDA6_MUCC1	5
fam_004100	tr|S2JDV2|S2JDV2_MUCC1	6
fam_004101	tr|S2JF94|S2JF94_MUCC1	1
fam_004102	tr|S2JKK6|S2JKK6_MUCC1	1
fam_004103	tr|S2JHF5|S2JHF5_MUCC1	7
fam_004104	tr|S2JN85|S2JN85_MUCC1	2
fam_004105	tr|S2JNU1|S2JNU1_MUCC1	3
fam_004106	tr|S2JR11|S2JR11_MUCC1	1
fam_004107	tr|S2JQ17|S2JQ17_MUCC1	1
fam_004108	tr|S2JR68|S2JR68_MUCC1	2
fam_004109	tr|S2JRF3|S2JRF3_MUCC1	4
fam_004110	tr|S2JUM8|S2JUM8_MUCC1	3
fam_004111	tr|S2JW41|S2JW41_MUCC1	5
fam_004112	tr|S2JYX6|S2JYX6_MUCC1	1
fam_004113	tr|S2JTT4|S2JTT4_MUCC1	1
fam_004114	tr|S2K5N9|S2K5N9_MUCC1	2
fam_004115	tr|S2KCA9|S2KCA9_MUCC1	3
fam_004116	tr|S2KJ27|S2KJ27_MUCC1	2
fam_004117	tr|S2J1F7|S2J1F7_MUCC1	2
fam_004118	tr|S2J5L5|S2J5L5_MUCC1	4
fam_004119	tr|S2J5V8|S2J5V8_MUCC1	2
fam_004120	tr|S2JFG0|S2JFG0_MUCC1	3
fam_004121	tr|S2JFL1|S2JFL1_MUCC1	6
fam_004122	tr|S2JH47|S2JH47_MUCC1	3
fam_004123	tr|S2JFG2|S2JFG2_MUCC1	2
fam_004124	tr|S2JPC1|S2JPC1_MUCC1	1
fam_004125	tr|S2JM90|S2JM90_MUCC1	1
fam_004126	tr|S2JRM1|S2JRM1_MUCC1	12
fam_004127	tr|S2JW49|S2JW49_MUCC1	4
fam_004128	tr|S2K3I6|S2K3I6_MUCC1	6
fam_004129	tr|S2K5T4|S2K5T4_MUCC1	11
fam_004130	tr|S2KD10|S2KD10_MUCC1	5
fam_004131	tr|S2IUP7|S2IUP7_MUCC1	4
fam_004132	tr|S2J6V9|S2J6V9_MUCC1	5
fam_004133	tr|S2JJQ3|S2JJQ3_MUCC1	3
fam_004134	tr|S2JQ74|S2JQ74_MUCC1	6
fam_004135	tr|S2JWJ2|S2JWJ2_MUCC1	3
fam_004136	tr|S2JYT1|S2JYT1_MUCC1	3
fam_004137	tr|S2K374|S2K374_MUCC1	2
fam_004138	tr|S2K3V4|S2K3V4_MUCC1	4
fam_004139	tr|S2KA34|S2KA34_MUCC1	3
fam_004140	tr|S2KBQ5|S2KBQ5_MUCC1	2
fam_004141	tr|S2KD44|S2KD44_MUCC1	5
fam_004142	tr|S2J1P9|S2J1P9_MUCC1	5
fam_004143	tr|S2J3G3|S2J3G3_MUCC1	3
fam_004144	tr|S2J4C4|S2J4C4_MUCC1	7
fam_004145	tr|S2J6W2|S2J6W2_MUCC1	1
fam_004146	tr|S2K457|S2K457_MUCC1	1
fam_004147	tr|S2J9B8|S2J9B8_MUCC1	1
fam_004148	tr|S2K2G2|S2K2G2_MUCC1	1
fam_004149	tr|S2JBW4|S2JBW4_MUCC1	2
fam_004150	tr|S2JCV1|S2JCV1_MUCC1	4
fam_004151	tr|S2JEG4|S2JEG4_MUCC1	6
fam_004152	tr|S2JHX9|S2JHX9_MUCC1	1
fam_004153	tr|S2JWV0|S2JWV0_MUCC1	1
fam_004154	tr|S2JNS3|S2JNS3_MUCC1	2
fam_004155	tr|S2JQZ3|S2JQZ3_MUCC1	5
fam_004156	tr|S2JWL5|S2JWL5_MUCC1	2
fam_004157	tr|S2JZ05|S2JZ05_MUCC1	2
fam_004158	tr|S2K180|S2K180_MUCC1	5
fam_004159	tr|S2K809|S2K809_MUCC1	2
fam_004160	tr|S2J0F9|S2J0F9_MUCC1	19
fam_004161	tr|S2J4J8|S2J4J8_MUCC1	4
fam_004162	tr|S2J7K2|S2J7K2_MUCC1	1
fam_004163	tr|S2JI51|S2JI51_MUCC1	1
fam_004164	tr|S2JA89|S2JA89_MUCC1	6
fam_004165	tr|S2JB06|S2JB06_MUCC1	4
fam_004166	tr|S2JF10|S2JF10_MUCC1	1
fam_004167	tr|S2JRC3|S2JRC3_MUCC1	1
fam_004168	tr|S2JBD2|S2JBD2_MUCC1	4
fam_004169	tr|S2JFH7|S2JFH7_MUCC1	2
fam_004170	tr|S2JG90|S2JG90_MUCC1	4
fam_004171	tr|S2JH16|S2JH16_MUCC1	1
fam_004172	tr|S2IZS4|S2IZS4_MUCC1	1
fam_004173	tr|S2JK32|S2JK32_MUCC1	1
fam_004174	tr|S2JE85|S2JE85_MUCC1	1
fam_004175	tr|S2JP56|S2JP56_MUCC1	2
fam_004176	tr|S2JPJ6|S2JPJ6_MUCC1	18
fam_004177	tr|S2JQS1|S2JQS1_MUCC1	6
fam_004178	tr|S2JR35|S2JR35_MUCC1	4
fam_004179	tr|S2JSE5|S2JSE5_MUCC1	9
fam_004180	tr|S2JSH1|S2JSH1_MUCC1	4
fam_004181	tr|S2JWC3|S2JWC3_MUCC1	1
fam_004182	tr|S2JFJ2|S2JFJ2_MUCC1	1
fam_004183	tr|S2JXE5|S2JXE5_MUCC1	3
fam_004184	tr|S2K1P7|S2K1P7_MUCC1	5
fam_004185	tr|S2K7X5|S2K7X5_MUCC1	2
fam_004186	tr|S2KAW9|S2KAW9_MUCC1	2
fam_004187	tr|S2IVS5|S2IVS5_MUCC1	3
fam_004188	tr|S2J4S4|S2J4S4_MUCC1	6
fam_004189	tr|S2JD60|S2JD60_MUCC1	6
fam_004190	tr|S2JGS9|S2JGS9_MUCC1	6
fam_004191	tr|S2JH19|S2JH19_MUCC1	4
fam_004192	tr|S2JJQ4|S2JJQ4_MUCC1	6
fam_004193	tr|S2JLU8|S2JLU8_MUCC1	4
fam_004194	tr|S2JRG0|S2JRG0_MUCC1	2
fam_004195	tr|S2JT46|S2JT46_MUCC1	5
fam_004196	tr|S2K5M2|S2K5M2_MUCC1	1
fam_004197	tr|S2IUY1|S2IUY1_MUCC1	1
fam_004198	tr|S2K6H9|S2K6H9_MUCC1	2
fam_004199	tr|S2K7M9|S2K7M9_MUCC1	5
fam_004200	tr|D6RM31|D6RM31_COPC7	2
fam_004201	tr|D6RMQ1|D6RMQ1_COPC7	3
fam_004202	tr|D6RPJ0|D6RPJ0_COPC7	3
fam_004203	tr|A8N3E0|A8N3E0_COPC7	2
fam_004204	tr|A8NQV8|A8NQV8_COPC7	1
fam_004205	tr|A8N5R5|A8N5R5_COPC7	2
fam_004206	tr|A8N6L0|A8N6L0_COPC7	1
fam_004207	tr|A8PEU2|A8PEU2_COPC7	1
fam_004208	tr|A8N6P1|A8N6P1_COPC7	2
fam_004209	tr|A8NC61|A8NC61_COPC7	5
fam_004210	tr|A8NDD5|A8NDD5_COPC7	12
fam_004211	tr|A8NHC1|A8NHC1_COPC7	5
fam_004212	tr|A8NYJ8|A8NYJ8_COPC7	9
fam_004213	tr|A8P230|A8P230_COPC7	3
fam_004214	tr|A8P5S4|A8P5S4_COPC7	1
fam_004215	tr|A8P5V2|A8P5V2_COPC7	1
fam_004216	tr|A8P6Y2|A8P6Y2_COPC7	2
fam_004217	tr|D6RK64|D6RK64_COPC7	2
fam_004218	tr|A8N1M3|A8N1M3_COPC7	3
fam_004219	tr|A8N2Q4|A8N2Q4_COPC7	11
fam_004220	tr|A8N4S9|A8N4S9_COPC7	2
fam_004221	tr|A8N892|A8N892_COPC7	2
fam_004222	tr|A8N8C4|A8N8C4_COPC7	2
fam_004223	tr|A8NB94|A8NB94_COPC7	2
fam_004224	tr|A8NI63|A8NI63_COPC7	6
fam_004225	tr|A8NLC2|A8NLC2_COPC7	2
fam_004226	tr|A8NP36|A8NP36_COPC7	2
fam_004227	tr|A8NWU5|A8NWU5_COPC7	7
fam_004228	tr|A8P876|A8P876_COPC7	3
fam_004229	tr|D6RK31|D6RK31_COPC7	3
fam_004230	tr|D6RLC7|D6RLC7_COPC7	2
fam_004231	tr|D6RQ07|D6RQ07_COPC7	2
fam_004232	tr|A8N9X5|A8N9X5_COPC7	2
fam_004233	tr|A8NFS5|A8NFS5_COPC7	2
fam_004234	tr|A8NH15|A8NH15_COPC7	3
fam_004235	tr|A8NJF7|A8NJF7_COPC7	9
fam_004236	tr|A8NK10|A8NK10_COPC7	2
fam_004237	tr|A8NLF7|A8NLF7_COPC7	2
fam_004238	tr|A8NMH1|A8NMH1_COPC7	5
fam_004239	tr|A8NTZ7|A8NTZ7_COPC7	3
fam_004240	tr|A8NVU7|A8NVU7_COPC7	2
fam_004241	tr|A8NZX1|A8NZX1_COPC7	7
fam_004242	tr|A8PCG2|A8PCG2_COPC7	2
fam_004243	tr|D6RNN7|D6RNN7_COPC7	1
fam_004244	tr|D6RNN6|D6RNN6_COPC7	1
fam_004245	tr|A8N0A2|A8N0A2_COPC7	4
fam_004246	tr|A8N1N6|A8N1N6_COPC7	2
fam_004247	tr|A8N828|A8N828_COPC7	2
fam_004248	tr|A8NAH6|A8NAH6_COPC7	6
fam_004249	tr|A8NH17|A8NH17_COPC7	6
fam_004250	tr|A8NKB0|A8NKB0_COPC7	4
fam_004251	tr|A8NM87|A8NM87_COPC7	2
fam_004252	tr|A8NQ91|A8NQ91_COPC7	5
fam_004253	tr|A8NTA8|A8NTA8_COPC7	6
fam_004254	tr|A8NVU9|A8NVU9_COPC7	4
fam_004255	tr|A8NYU1|A8NYU1_COPC7	1
fam_004256	tr|A8NAG0|A8NAG0_COPC7	1
fam_004257	tr|A8P0S5|A8P0S5_COPC7	3
fam_004258	tr|A8PAT8|A8PAT8_COPC7	2
fam_004259	tr|A8PDQ7|A8PDQ7_COPC7	2
fam_004260	tr|A8P9F2|A8P9F2_COPC7	1
fam_004261	tr|A8N6N4|A8N6N4_COPC7	3
fam_004262	tr|A8NC46|A8NC46_COPC7	4
fam_004263	tr|A8NLH9|A8NLH9_COPC7	3
fam_004264	tr|A8NLK5|A8NLK5_COPC7	5
fam_004265	tr|A8NMB1|A8NMB1_COPC7	5
fam_004266	tr|A8NMJ0|A8NMJ0_COPC7	3
fam_004267	tr|A8NPU0|A8NPU0_COPC7	2
fam_004268	tr|A8NWP1|A8NWP1_COPC7	2
fam_004269	tr|A8P3G4|A8P3G4_COPC7	2
fam_004270	tr|A8P4Y1|A8P4Y1_COPC7	3
fam_004271	tr|A8P7A5|A8P7A5_COPC7	10
fam_004272	tr|A8PBL7|A8PBL7_COPC7	2
fam_004273	tr|A8PCH3|A8PCH3_COPC7	2
fam_004274	tr|A8N009|A8N009_COPC7	3
fam_004275	tr|A8N318|A8N318_COPC7	6
fam_004276	tr|A8N788|A8N788_COPC7	6
fam_004277	tr|A8NBM6|A8NBM6_COPC7	2
fam_004278	tr|A8NQ00|A8NQ00_COPC7	4
fam_004279	tr|A8P4N3|A8P4N3_COPC7	2
fam_004280	tr|A8P953|A8P953_COPC7	5
fam_004281	tr|A8P9G2|A8P9G2_COPC7	6
fam_004282	tr|A8PEX8|A8PEX8_COPC7	2
fam_004283	tr|D6RLS4|D6RLS4_COPC7	3
fam_004284	tr|D6RMJ5|D6RMJ5_COPC7	8
fam_004285	tr|A8N3X7|A8N3X7_COPC7	2
fam_004286	sp|A8N767|ERT1_COPC7	2
fam_004287	tr|A8N9D2|A8N9D2_COPC7	3
fam_004288	tr|A8NXM9|A8NXM9_COPC7	2
fam_004289	tr|A8P8V1|A8P8V1_COPC7	2
fam_004290	tr|A8P992|A8P992_COPC7	3
fam_004291	tr|A8PA84|A8PA84_COPC7	2
fam_004292	tr|A8PFV2|A8PFV2_COPC7	13
fam_004293	tr|D6RK34|D6RK34_COPC7	3
fam_004294	tr|D6RMX1|D6RMX1_COPC7	7
fam_004295	tr|D6RPR6|D6RPR6_COPC7	3
fam_004296	tr|A8MZU6|A8MZU6_COPC7	3
fam_004297	tr|A8N1Y2|A8N1Y2_COPC7	4
fam_004298	sp|P38123|SWD3_YEAST	1
fam_004299	tr|A8N2A5|A8N2A5_COPC7	2
fam_004300	tr|A8N8T0|A8N8T0_COPC7	2
fam_004301	sp|P19807|HNM1_YEAST	3
fam_004302	sp|P32472|FKBP2_YEAST	4
fam_004303	sp|P37292|GLYM_YEAST	10
fam_004304	sp|P38355|YB8B_YEAST	5
fam_004305	sp|P40011|RRAAH_YEAST	5
fam_004306	sp|P53169|YBP2_YEAST	1
fam_004307	sp|P38315|YBP1_YEAST	1
fam_004308	sp|Q8TGJ3|KISH_YEAST	3
fam_004309	sp|P04037|COX4_YEAST	2
fam_004310	sp|P0CX16|YE076_YEAST	3
fam_004311	sp|P25341|KIN82_YEAST	1
fam_004312	sp|P53739|FPK1_YEAST	1
fam_004313	sp|P29703|FNTA_YEAST	5
fam_004314	sp|P32911|SUI1_YEAST	5
fam_004315	sp|P33331|NTF2_YEAST	7
fam_004316	sp|P36114|YKR18_YEAST	1
fam_004317	sp|P47031|IML2_YEAST	1
fam_004318	sp|P36130|CAF4_YEAST	1
fam_004319	sp|P47025|MDV1_YEAST	1
fam_004320	sp|P38301|GDT1_YEAST	7
fam_004321	sp|Q08673|SRL1_YEAST	2
fam_004322	sp|P0CT04|IPB2_YEAST	2
fam_004323	sp|P25567|SRO9_YEAST	2
fam_004324	sp|P34110|VPS35_YEAST	7
fam_004325	sp|P41806|VMA21_YEAST	2
fam_004326	sp|P42837|FIG4_YEAST	3
fam_004327	sp|P53153|LCL3_YEAST	3
fam_004328	sp|P53742|NOG2_YEAST	3
fam_004329	sp|P53907|YNO4_YEAST	2
fam_004330	sp|P54072|YL152_YEAST	2
fam_004331	sp|Q99252|ECM3_YEAST	1
fam_004332	sp|Q04336|YM54_YEAST	4
fam_004333	sp|Q05827|HOR7_YEAST	2
fam_004334	sp|Q12173|YG31A_YEAST	2
fam_004335	sp|Q99326|YO338_YEAST	1
fam_004336	sp|P28003|FUN19_YEAST	1
fam_004337	sp|P07149|FAS1_YEAST	4
fam_004338	sp|P32347|DCUP_YEAST	6
fam_004339	sp|P33750|DCA13_YEAST	6
fam_004340	sp|P34164|SIP2_YEAST	1
fam_004341	sp|Q04739|GAL83_YEAST	1
fam_004342	sp|P39676|FHP_YEAST	2
fam_004343	sp|P40856|SA185_YEAST	1
fam_004344	sp|P36123|SA190_YEAST	1
fam_004345	sp|P46955|NCA3_YEAST	6
fam_004346	sp|Q12335|PST2_YEAST	11
fam_004347	sp|Q3E705|EFG1P_YEAST	2
fam_004348	sp|P0CY06|MTAL1_YEAST	2
fam_004349	sp|P18900|COQ1_YEAST	3
fam_004350	sp|P38988|GGC1_YEAST	6
fam_004351	sp|P39953|YEA6_YEAST	19
fam_004352	sp|P40516|EFM4_YEAST	4
fam_004353	sp|Q06466|TDA6_YEAST	1
fam_004354	sp|P53285|VPS62_YEAST	1
fam_004355	sp|Q06598|ARR3_YEAST	5
fam_004356	sp|Q07534|S2538_YEAST	5
fam_004357	sp|P18962|DAP2_YEAST	8
fam_004358	sp|P21524|RIR1_YEAST	10
fam_004359	sp|P25338|MPO1_YEAST	4
fam_004360	sp|P32608|RTG2_YEAST	3
fam_004361	sp|P36132|KAE1_YEAST	5
fam_004362	sp|P38712|RRP3_YEAST	19
fam_004363	sp|P47032|PRY1_YEAST	1
fam_004364	sp|P36110|PRY2_YEAST	1
fam_004365	sp|Q03177|YMZ2_YEAST	1
fam_004366	sp|P32330|DGR2_YEAST	1
fam_004367	sp|Q06328|YPQ2_YEAST	4
fam_004368	sp|Q12326|PMG3_YEAST	2
fam_004369	sp|P0C0V8|RS21A_YEAST	8
fam_004370	sp|P18408|MET16_YEAST	6
fam_004371	sp|P19158|IRA2_YEAST	1
fam_004372	sp|P18963|IRA1_YEAST	1
fam_004373	sp|P20438|CG12_YEAST	1
fam_004374	sp|P20437|CG11_YEAST	1
fam_004375	sp|P22137|CLH_YEAST	6
fam_004376	sp|P32787|MG101_YEAST	3
fam_004377	sp|P47008|SFH5_YEAST	2
fam_004378	sp|P53140|RMD9_YEAST	2
fam_004379	sp|P53341|MAL12_YEAST	12
fam_004380	sp|Q02979|GDE1_YEAST	3
fam_004381	sp|Q05931|HSP7Q_YEAST	37
fam_004382	sp|Q08193|GAS5_YEAST	6
fam_004383	sp|Q12314|SFM1_YEAST	5
fam_004384	sp|Q12450|ERP4_YEAST	8
fam_004385	sp|P36148|GPT2_YEAST	5
fam_004386	sp|P39719|FLC2_YEAST	5
fam_004387	sp|P53849|GIS2_YEAST	1
fam_004388	tr|S2JQ68|S2JQ68_MUCC1	1
fam_004389	sp|P36627|BYR3_SCHPO	1
fam_004390	tr|J9VQH8|J9VQH8_CRYN9	1
fam_004391	tr|J9VQ17|J9VQ17_CRYN9	1
fam_004392	tr|A8PG68|A8PG68_COPC7	1
fam_004393	sp|Q06819|DIB1_YEAST	6
fam_004394	sp|Q08930|YP191_YEAST	1
fam_004395	sp|P53155|YGI2_YEAST	1
fam_004396	sp|Q12303|YPS3_YEAST	3
fam_004397	sp|P32329|YPS1_YEAST	1
fam_004398	sp|Q12359|ATO3_YEAST	2
fam_004399	sp|P25613|ADY2_YEAST	1
fam_004400	sp|Q12455|SPSY_YEAST	5
fam_004401	sp|Q99248|YO019_YEAST	2
fam_004402	sp|O74878|ALG11_SCHPO	3
fam_004403	sp|O94282|CTU1_SCHPO	6
fam_004404	sp|O94621|US109_SCHPO	2
fam_004405	sp|P10506|BYR1_SCHPO	3
fam_004406	sp|P78789|AAKB_SCHPO	3
fam_004407	sp|Q09736|CP51_SCHPO	7
fam_004408	sp|Q10286|ITR1_SCHPO	14
fam_004409	sp|Q10448|YDEF_SCHPO	2
fam_004410	sp|Q12238|UVI31_SCHPO	3
fam_004411	sp|Q9P7F8|GET3_SCHPO	5
fam_004412	sp|Q9P7N1|BUD32_SCHPO	4
fam_004413	sp|Q9UUK0|PDXH_SCHPO	2
fam_004414	sp|O42832|SPB1_SCHPO	6
fam_004415	sp|O74742|FOLE_SCHPO	6
fam_004416	sp|O94582|TRPE_SCHPO	5
fam_004417	sp|O94586|HNT1_SCHPO	6
fam_004418	sp|P87170|DGK1_SCHPO	2
fam_004419	sp|Q09910|YAJB_SCHPO	2
fam_004420	sp|Q9P6M1|GST3_SCHPO	2
fam_004421	sp|Q9P7X0|DHSD_SCHPO	4
fam_004422	sp|Q9URU9|GID9_SCHPO	5
fam_004423	sp|Q9UUA6|DPP1_SCHPO	2
fam_004424	sp|O14346|HACD_SCHPO	5
fam_004425	sp|O43062|YGT9_SCHPO	1
fam_004426	sp|O43061|MU136_SCHPO	2
fam_004427	sp|O60097|SPT8_SCHPO	3
fam_004428	sp|O74791|GRN1_SCHPO	3
fam_004429	sp|Q09805|VPS45_SCHPO	5
fam_004430	sp|Q09870|RCL1_SCHPO	6
fam_004431	sp|Q10113|MAL3_SCHPO	6
fam_004432	sp|Q10315|BUR6_SCHPO	2
fam_004433	sp|Q9Y7J6|PPK21_SCHPO	1
fam_004434	sp|Q12701|KSG1_SCHPO	1
fam_004435	sp|O14072|ATC4_SCHPO	6
fam_004436	sp|O36027|WSP1_SCHPO	4
fam_004437	sp|O43014|MPI_SCHPO	7
fam_004438	sp|O43041|TRS23_SCHPO	4
fam_004439	sp|O74777|KRR1_SCHPO	6
fam_004440	sp|O94580|WSS2_SCHPO	3
fam_004441	sp|P0CS85|YP43_SCHPO	3
fam_004442	sp|P22192|PAC1_SCHPO	2
fam_004443	sp|P49373|TFS2_SCHPO	6
fam_004444	sp|Q09928|PPIL2_SCHPO	4
fam_004445	sp|Q10064|TRA2_SCHPO	6
fam_004446	sp|Q10107|NEP1_SCHPO	2
fam_004447	sp|Q9P4W9|RS4C_SCHPO	9
fam_004448	sp|Q9USJ3|YJ23_SCHPO	2
fam_004449	sp|Q9UT25|YFY2_SCHPO	3
fam_004450	sp|Q9UTE0|SEY1_SCHPO	7
fam_004451	sp|Q9Y7J4|ARPC3_SCHPO	5
fam_004452	sp|G2TRL4|PRL65_SCHPO	3
fam_004453	sp|O13989|YEG7_SCHPO	2
fam_004454	sp|O14159|LCB4_SCHPO	4
fam_004455	sp|O14290|YF14_SCHPO	7
fam_004456	sp|O42652|AATC_SCHPO	11
fam_004457	sp|O42668|TPR1_SCHPO	3
fam_004458	sp|O94620|CWF17_SCHPO	5
fam_004459	sp|P50527|STE20_SCHPO	3
fam_004460	sp|Q10245|MKAR_SCHPO	5
fam_004461	sp|Q9P6N1|MG179_SCHPO	8
fam_004462	sp|Q9P7H0|NHP2_SCHPO	5
fam_004463	sp|Q9P7W9|RNP1_SCHPO	2
fam_004464	sp|Q9UT70|BET5_SCHPO	2
fam_004465	sp|Q9USU5|GAS2_SCHPO	7
fam_004466	sp|O14092|HEM1_SCHPO	2
fam_004467	sp|P0CU07|YI72_SCHPO	4
fam_004468	sp|P33886|WIS1_SCHPO	3
fam_004469	sp|Q09150|REC14_SCHPO	2
fam_004470	sp|Q09692|SYWC_SCHPO	5
fam_004471	sp|Q1MTR7|YBPE_SCHPO	2
fam_004472	sp|Q92377|MDM12_SCHPO	2
fam_004473	sp|Q9HDT7|YJ52_SCHPO	3
fam_004474	sp|Q9P7D4|ACON2_SCHPO	14
fam_004475	sp|Q9UUH7|GYP7_SCHPO	4
fam_004476	sp|O13797|SGT2_SCHPO	5
fam_004477	sp|O14115|TGL4_SCHPO	4
fam_004478	sp|O74394|RM39_SCHPO	4
fam_004479	sp|O94411|MFR2_SCHPO	1
fam_004480	sp|Q09786|YA98_SCHPO	1
fam_004481	sp|O94512|OBP1_SCHPO	4
fam_004482	sp|O94553|RPC6_SCHPO	3
fam_004483	sp|P08463|CKS1_SCHPO	2
fam_004484	sp|P0CU09|YIP12_SCHPO	3
fam_004485	sp|P39750|FEN1_SCHPO	6
fam_004486	sp|P78854|PLB1_SCHPO	16
fam_004487	sp|Q04800|FRP1_SCHPO	1
fam_004488	sp|O94727|FRP2_SCHPO	1
fam_004489	sp|Q09669|ADH4_SCHPO	2
fam_004490	sp|Q10163|RSMB_SCHPO	2
fam_004491	sp|Q10449|MU157_SCHPO	4
fam_004492	sp|Q9P6P2|RRP36_SCHPO	2
fam_004493	sp|Q9URX6|RL31_SCHPO	7
fam_004494	sp|Q9USZ3|RUXE_SCHPO	5
fam_004495	sp|Q9UT43|ATC8_SCHPO	2
fam_004496	sp|Q9UT33|DPH3_SCHPO	5
fam_004497	sp|Q9UTJ2|PMM_SCHPO	5
fam_004498	sp|O94646|MED8_SCHPO	2
fam_004499	sp|P08096|TOP2_SCHPO	6
fam_004500	sp|P0CY16|MTMC3_SCHPO	3
fam_004501	sp|P87239|MDJ1_SCHPO	5
fam_004502	sp|Q09903|DRS1_SCHPO	5
fam_004503	sp|Q92344|PFL8_SCHPO	3
fam_004504	sp|Q9HDW8|GLRX5_SCHPO	6
fam_004505	sp|Q9HGN1|GCN2_SCHPO	3
fam_004506	sp|Q9P371|SST2_SCHPO	2
fam_004507	tr|A0A1U7LS02|A0A1U7LS02_NEOID	2
fam_004508	tr|A0A1U7LU22|A0A1U7LU22_NEOID	4
fam_004509	tr|A0A1U7LW53|A0A1U7LW53_NEOID	6
fam_004510	tr|A0A1U7LWY8|A0A1U7LWY8_NEOID	2
fam_004511	tr|A0A1U7LX71|A0A1U7LX71_NEOID	3
fam_004512	tr|A0A1U7LJV0|A0A1U7LJV0_NEOID	4
fam_004513	tr|A0A1U7LKD9|A0A1U7LKD9_NEOID	2
fam_004514	tr|A0A1U7LPU7|A0A1U7LPU7_NEOID	3
fam_004515	tr|A0A1U7LPW4|A0A1U7LPW4_NEOID	1
fam_004516	tr|A0A1U7LRA3|A0A1U7LRA3_NEOID	3
fam_004517	tr|A0A1U7LR36|A0A1U7LR36_NEOID	6
fam_004518	tr|A0A1U7LTZ2|A0A1U7LTZ2_NEOID	3
fam_004519	tr|A0A1U7LUA1|A0A1U7LUA1_NEOID	3
fam_004520	tr|A0A1U7LGD3|A0A1U7LGD3_NEOID	3
fam_004521	tr|A0A1U7LHB4|A0A1U7LHB4_NEOID	5
fam_004522	tr|A0A1U7LIG5|A0A1U7LIG5_NEOID	4
fam_004523	tr|A0A1U7LKT7|A0A1U7LKT7_NEOID	7
fam_004524	tr|A0A1U7LNT2|A0A1U7LNT2_NEOID	13
fam_004525	tr|A0A1U7LQY3|A0A1U7LQY3_NEOID	3
fam_004526	tr|A0A1U7LQ01|A0A1U7LQ01_NEOID	5
fam_004527	tr|A0A1U7LTG3|A0A1U7LTG3_NEOID	2
fam_004528	tr|A0A1U7LU40|A0A1U7LU40_NEOID	6
fam_004529	tr|A0A1U7LUU4|A0A1U7LUU4_NEOID	6
fam_004530	tr|A0A1U7LHB2|A0A1U7LHB2_NEOID	3
fam_004531	tr|A0A1U7LHZ4|A0A1U7LHZ4_NEOID	2
fam_004532	tr|A0A1U7LLZ6|A0A1U7LLZ6_NEOID	4
fam_004533	tr|A0A1U7LML5|A0A1U7LML5_NEOID	3
fam_004534	tr|A0A1U7LMP1|A0A1U7LMP1_NEOID	5
fam_004535	tr|A0A1U7LMY4|A0A1U7LMY4_NEOID	2
fam_004536	tr|A0A1U7LNF9|A0A1U7LNF9_NEOID	6
fam_004537	tr|A0A1U7LPF5|A0A1U7LPF5_NEOID	6
fam_004538	tr|A0A1U7LS03|A0A1U7LS03_NEOID	2
fam_004539	tr|A0A1U7LSL9|A0A1U7LSL9_NEOID	2
fam_004540	tr|A0A1U7LWD9|A0A1U7LWD9_NEOID	3
fam_004541	tr|A0A1U7LWI8|A0A1U7LWI8_NEOID	8
fam_004542	tr|A0A1U7LWS4|A0A1U7LWS4_NEOID	6
fam_004543	tr|A0A1U7LGF6|A0A1U7LGF6_NEOID	6
fam_004544	tr|A0A1U7LGY0|A0A1U7LGY0_NEOID	6
fam_004545	tr|A0A1U7LI16|A0A1U7LI16_NEOID	5
fam_004546	tr|A0A1U7LJ98|A0A1U7LJ98_NEOID	6
fam_004547	tr|A0A1U7LLH7|A0A1U7LLH7_NEOID	5
fam_004548	tr|A0A1U7LLT6|A0A1U7LLT6_NEOID	2
fam_004549	tr|A0A1U7LQ98|A0A1U7LQ98_NEOID	4
fam_004550	tr|A0A1U7LU17|A0A1U7LU17_NEOID	2
fam_004551	tr|A0A1U7LWK4|A0A1U7LWK4_NEOID	4
fam_004552	tr|A0A1U7LG89|A0A1U7LG89_NEOID	6
fam_004553	tr|A0A1U7LHE1|A0A1U7LHE1_NEOID	2
fam_004554	tr|A0A1U7LHN2|A0A1U7LHN2_NEOID	2
fam_004555	tr|A0A1U7LIH1|A0A1U7LIH1_NEOID	6
fam_004556	tr|A0A1U7LKT2|A0A1U7LKT2_NEOID	1
fam_004557	tr|A0A1U7LMC5|A0A1U7LMC5_NEOID	1
fam_004558	tr|A0A1U7LL79|A0A1U7LL79_NEOID	2
fam_004559	tr|A0A1U7LMY9|A0A1U7LMY9_NEOID	12
fam_004560	tr|A0A1U7LMZ5|A0A1U7LMZ5_NEOID	2
fam_004561	tr|A0A1U7LNQ8|A0A1U7LNQ8_NEOID	3
fam_004562	tr|A0A1U7LSN5|A0A1U7LSN5_NEOID	6
fam_004563	tr|A0A1U7LT45|A0A1U7LT45_NEOID	3
fam_004564	tr|A0A1U7LTC4|A0A1U7LTC4_NEOID	7
fam_004565	tr|A0A1U7LV28|A0A1U7LV28_NEOID	3
fam_004566	tr|A0A1U7LVL6|A0A1U7LVL6_NEOID	12
fam_004567	tr|A0A1U7LVR5|A0A1U7LVR5_NEOID	6
fam_004568	tr|A0A1U7LWG7|A0A1U7LWG7_NEOID	5
fam_004569	tr|A0A1U7LWR8|A0A1U7LWR8_NEOID	2
fam_004570	tr|A0A1U7LWU7|A0A1U7LWU7_NEOID	5
fam_004571	tr|A0A1U7LX11|A0A1U7LX11_NEOID	4
fam_004572	tr|A0A1U7LGR0|A0A1U7LGR0_NEOID	5
fam_004573	tr|A0A1U7LHH9|A0A1U7LHH9_NEOID	2
fam_004574	tr|A0A1U7LI82|A0A1U7LI82_NEOID	2
fam_004575	tr|A0A1U7LJF3|A0A1U7LJF3_NEOID	2
fam_004576	tr|A0A1U7LK85|A0A1U7LK85_NEOID	4
fam_004577	tr|A0A1U7LL60|A0A1U7LL60_NEOID	5
fam_004578	tr|A0A1U7LLD5|A0A1U7LLD5_NEOID	3
fam_004579	tr|A0A1U7LNL4|A0A1U7LNL4_NEOID	2
fam_004580	tr|A0A1U7LQQ4|A0A1U7LQQ4_NEOID	3
fam_004581	tr|A0A1U7LR33|A0A1U7LR33_NEOID	2
fam_004582	tr|A0A1U7LSG9|A0A1U7LSG9_NEOID	3
fam_004583	tr|A0A1U7LTM0|A0A1U7LTM0_NEOID	4
fam_004584	tr|A0A1U7LTX2|A0A1U7LTX2_NEOID	7
fam_004585	tr|A0A1U7LWM8|A0A1U7LWM8_NEOID	3
fam_004586	tr|A0A1U7LHA3|A0A1U7LHA3_NEOID	3
fam_004587	tr|A0A1U7LLA9|A0A1U7LLA9_NEOID	6
fam_004588	tr|A0A1U7LM68|A0A1U7LM68_NEOID	2
fam_004589	tr|A0A1U7LMG8|A0A1U7LMG8_NEOID	3
fam_004590	tr|A0A1U7LMP8|A0A1U7LMP8_NEOID	6
fam_004591	tr|A0A1U7LPV0|A0A1U7LPV0_NEOID	2
fam_004592	tr|A0A1U7LRR1|A0A1U7LRR1_NEOID	4
fam_004593	tr|A0A1U7LT41|A0A1U7LT41_NEOID	4
fam_004594	tr|A0A1U7LV32|A0A1U7LV32_NEOID	2
fam_004595	tr|A0A1U7LGY7|A0A1U7LGY7_NEOID	3
fam_004596	tr|A0A1U7LH53|A0A1U7LH53_NEOID	2
fam_004597	tr|A0A1U7LKP8|A0A1U7LKP8_NEOID	1
fam_004598	tr|A0A1U7LK18|A0A1U7LK18_NEOID	1
fam_004599	tr|A0A1U7LMC8|A0A1U7LMC8_NEOID	3
fam_004600	tr|A0A1U7LNQ5|A0A1U7LNQ5_NEOID	6
fam_004601	tr|A0A1U7LNX3|A0A1U7LNX3_NEOID	2
fam_004602	tr|A0A1U7LQG6|A0A1U7LQG6_NEOID	4
fam_004603	tr|A0A1U7LQG8|A0A1U7LQG8_NEOID	5
fam_004604	tr|A0A1U7LRK5|A0A1U7LRK5_NEOID	3
fam_004605	tr|A0A1U7LRV4|A0A1U7LRV4_NEOID	6
fam_004606	tr|A0A1U7LRX4|A0A1U7LRX4_NEOID	2
fam_004607	tr|A0A1U7LSB0|A0A1U7LSB0_NEOID	2
fam_004608	tr|A0A1U7LU74|A0A1U7LU74_NEOID	3
fam_004609	tr|A0A1U7LHJ8|A0A1U7LHJ8_NEOID	6
fam_004610	tr|A0A1U7LI32|A0A1U7LI32_NEOID	5
fam_004611	tr|A0A1U7LIF9|A0A1U7LIF9_NEOID	4
fam_004612	tr|A0A1U7LIN9|A0A1U7LIN9_NEOID	7
fam_004613	tr|S2KB99|S2KB99_MUCC1	1
fam_004614	tr|S2JVI5|S2JVI5_MUCC1	1
fam_004615	tr|S2IVR1|S2IVR1_MUCC1	4
fam_004616	tr|S2IWT0|S2IWT0_MUCC1	2
fam_004617	tr|S2J3N5|S2J3N5_MUCC1	7
fam_004618	tr|S2J6K1|S2J6K1_MUCC1	4
fam_004619	sp|Q02088|TPM_SCHPO	1
fam_004620	tr|S2JD50|S2JD50_MUCC1	1
fam_004621	tr|S2KC16|S2KC16_MUCC1	1
fam_004622	tr|S2JGL6|S2JGL6_MUCC1	3
fam_004623	tr|S2JHW4|S2JHW4_MUCC1	6
fam_004624	tr|S2JMH1|S2JMH1_MUCC1	1
fam_004625	tr|S2JK13|S2JK13_MUCC1	1
fam_004626	tr|S2JPR5|S2JPR5_MUCC1	1
fam_004627	tr|S2JHQ4|S2JHQ4_MUCC1	1
fam_004628	tr|S2JTW7|S2JTW7_MUCC1	2
fam_004629	tr|S2KF26|S2KF26_MUCC1	1
fam_004630	tr|S2JGM4|S2JGM4_MUCC1	1
fam_004631	tr|S2J4J0|S2J4J0_MUCC1	5
fam_004632	tr|S2J7V8|S2J7V8_MUCC1	4
fam_004633	sp|Q9Y7P0|RISA_SCHPO	5
fam_004634	sp|Q9Y822|RM16_SCHPO	3
fam_004635	sp|O13813|TOM22_SCHPO	2
fam_004636	sp|O14399|UBL1_SCHPO	5
fam_004637	sp|O42881|APTH1_SCHPO	6
fam_004638	sp|O94248|MDN1_SCHPO	6
fam_004639	sp|O94285|RPC8_SCHPO	5
fam_004640	sp|P0CT99|YP44_SCHPO	10
fam_004641	sp|P40903|ISP6_SCHPO	5
fam_004642	sp|P41891|GAR2_SCHPO	4
fam_004643	sp|P87145|VAC14_SCHPO	3
fam_004644	sp|P87317|YB2G_SCHPO	6
fam_004645	sp|Q10342|SDA1_SCHPO	5
fam_004646	sp|Q10446|GID8_SCHPO	2
fam_004647	sp|Q9UT16|ATP12_SCHPO	6
fam_004648	sp|Q9Y7Q6|SET7_SCHPO	2
fam_004649	sp|Q9Y7T8|PSB3_SCHPO	6
fam_004650	sp|O14109|MAF1_SCHPO	3
fam_004651	sp|O14308|SWC4_SCHPO	6
fam_004652	sp|O42898|COMT1_SCHPO	1
fam_004653	sp|Q8NKC1|COMT2_SCHPO	1
fam_004654	sp|O59797|NAP1_SCHPO	8
fam_004655	sp|O74416|UMP1_SCHPO	3
fam_004656	sp|O74756|CHS2_SCHPO	20
fam_004657	sp|O94257|LCMT1_SCHPO	4
fam_004658	sp|O94279|MGDP1_SCHPO	5
fam_004659	sp|O94330|NAGS_SCHPO	2
fam_004660	sp|P0CU01|YI49_SCHPO	1
fam_004661	sp|P0CU00|YI78_SCHPO	1
fam_004662	sp|P56287|EI2BE_SCHPO	5
fam_004663	sp|P62505|DAD3_SCHPO	2
fam_004664	sp|Q09190|CDD_SCHPO	6
fam_004665	sp|Q10236|RNH2A_SCHPO	6
fam_004666	sp|Q76PD3|DBP6_SCHPO	6
fam_004667	sp|Q9P7A1|PITH1_SCHPO	4
fam_004668	sp|Q9P7M9|RIB1_SCHPO	4
fam_004669	sp|Q9USH7|PSY1_SCHPO	4
fam_004670	sp|C6Y4B7|YIDS_SCHPO	2
fam_004671	sp|O13648|ANM3_SCHPO	5
fam_004672	sp|O13861|TCD_SCHPO	8
fam_004673	sp|O14327|PAB2_SCHPO	5
fam_004674	sp|O36033|YLM1_SCHPO	5
fam_004675	sp|O43020|RT16_SCHPO	2
fam_004676	sp|O59702|CLR6_SCHPO	9
fam_004677	sp|O74776|MTG1_SCHPO	3
fam_004678	sp|O94343|YHMA_SCHPO	2
fam_004679	sp|O94444|RPN10_SCHPO	3
fam_004680	sp|O94631|MRM1_SCHPO	2
fam_004681	sp|Q09808|SMN_SCHPO	2
fam_004682	sp|Q4LB35|FOL1_SCHPO	4
fam_004683	sp|Q9HGN2|YO48_SCHPO	3
fam_004684	sp|Q9P6J1|ACEB_SCHPO	10
fam_004685	sp|Q9USV2|YHH5_SCHPO	9
fam_004686	sp|Q9UT07|UPS1_SCHPO	10
fam_004687	sp|Q9UT60|XDH_SCHPO	5
fam_004688	sp|Q9Y7T1|YCJ5_SCHPO	2
fam_004689	sp|O13716|AGN1_SCHPO	4
fam_004690	sp|O43022|YGV8_SCHPO	2
fam_004691	sp|O74921|YJ7B_SCHPO	4
fam_004692	sp|P33075|KAD2_SCHPO	7
fam_004693	sp|P36592|RAD22_SCHPO	2
fam_004694	sp|Q09172|PP2C2_SCHPO	8
fam_004695	sp|Q09849|ARP42_SCHPO	8
fam_004696	sp|Q10202|DBP3_SCHPO	8
fam_004697	sp|Q9P3E7|YLZ3_SCHPO	3
fam_004698	sp|Q9P544|VDAC_SCHPO	8
fam_004699	sp|Q9USM6|CYB52_SCHPO	4
fam_004700	sp|Q9UTD4|PFD4_SCHPO	5
fam_004701	sp|Q9Y7Z1|NOP16_SCHPO	5
fam_004702	sp|B5BP46|YP52_SCHPO	1
fam_004703	sp|O74830|YC12_SCHPO	1
fam_004704	sp|O42965|YGMH_SCHPO	9
fam_004705	sp|O59670|SF3B6_SCHPO	4
fam_004706	sp|O59810|VGL1_SCHPO	2
fam_004707	sp|O74486|WTF19_SCHPO	6
fam_004708	sp|O74967|VPS25_SCHPO	4
fam_004709	sp|O94467|OYEC_SCHPO	8
fam_004710	sp|P09202|F16P_SCHPO	6
fam_004711	sp|Q09810|UBA4_SCHPO	5
fam_004712	sp|Q10301|YD48_SCHPO	2
fam_004713	sp|Q9P376|FCP1_SCHPO	5
fam_004714	sp|Q9P7T9|YI7H_SCHPO	2
fam_004715	sp|Q9Y7I4|ALG3_SCHPO	5
fam_004716	sp|Q9Y7T3|THG1_SCHPO	4
fam_004717	sp|Q9Y827|TGL5_SCHPO	4
fam_004718	sp|C6Y4B5|YM0C_SCHPO	2
fam_004719	sp|O13836|DXO_SCHPO	2
fam_004720	sp|O14176|PRP40_SCHPO	3
fam_004721	sp|O14179|SDO1_SCHPO	5
fam_004722	sp|O42912|TAD1_SCHPO	2
fam_004723	sp|O43073|YGW2_SCHPO	5
fam_004724	sp|O74370|ISY1_SCHPO	2
fam_004725	sp|O74538|RL27B_SCHPO	8
fam_004726	sp|O94238|RL14_SCHPO	8
fam_004727	sp|P0CG72|UBI4P_SCHPO	3
fam_004728	sp|P39964|CEF1_SCHPO	5
fam_004729	sp|Q09803|VPS4_SCHPO	7
fam_004730	sp|Q9URZ7|YK72_SCHPO	11
fam_004731	sp|Q9USN5|GDH2_SCHPO	7
fam_004732	sp|Q9Y700|EFTU_SCHPO	6
fam_004733	sp|O14032|YEMB_SCHPO	3
fam_004734	sp|O14037|YEY4_SCHPO	5
fam_004735	sp|O59678|RRS1_SCHPO	2
fam_004736	sp|O59703|GGPPS_SCHPO	7
fam_004737	sp|O60085|MAP2_SCHPO	4
fam_004738	sp|O74414|YJL1_SCHPO	6
fam_004739	sp|O94740|CDC37_SCHPO	6
fam_004740	sp|P78946|RL26_SCHPO	9
fam_004741	sp|P87109|YDK2_SCHPO	3
fam_004742	sp|P87157|YB0G_SCHPO	7
fam_004743	sp|Q09330|MLO3_SCHPO	5
fam_004744	sp|Q9P6I3|YHG7_SCHPO	10
fam_004745	sp|Q9P7B3|YI14_SCHPO	3
fam_004746	sp|Q9UTB4|MSS51_SCHPO	6
fam_004747	tr|A0A1U7LSC9|A0A1U7LSC9_NEOID	2
fam_004748	tr|A0A1U7LT64|A0A1U7LT64_NEOID	4
fam_004749	tr|A0A1U7LU55|A0A1U7LU55_NEOID	5
fam_004750	tr|A0A1U7LUR5|A0A1U7LUR5_NEOID	2
fam_004751	tr|A0A1U7LUY8|A0A1U7LUY8_NEOID	2
fam_004752	tr|A0A1U7LWA7|A0A1U7LWA7_NEOID	11
fam_004753	tr|A0A1U7LWC2|A0A1U7LWC2_NEOID	3
fam_004754	tr|A0A1U7LX81|A0A1U7LX81_NEOID	6
fam_004755	tr|A0A1U7LG50|A0A1U7LG50_NEOID	2
fam_004756	tr|A0A1U7LHH8|A0A1U7LHH8_NEOID	2
fam_004757	tr|A0A1U7LIF7|A0A1U7LIF7_NEOID	3
fam_004758	tr|A0A1U7LIS1|A0A1U7LIS1_NEOID	7
fam_004759	tr|A0A1U7LJA5|A0A1U7LJA5_NEOID	5
fam_004760	tr|A0A1U7LKD7|A0A1U7LKD7_NEOID	2
fam_004761	tr|A0A1U7LML0|A0A1U7LML0_NEOID	2
fam_004762	tr|A0A1U7LN84|A0A1U7LN84_NEOID	1
fam_004763	tr|A0A1U7LHR2|A0A1U7LHR2_NEOID	1
fam_004764	tr|A0A1U7LNY2|A0A1U7LNY2_NEOID	2
fam_004765	tr|A0A1U7LPT3|A0A1U7LPT3_NEOID	2
fam_004766	tr|A0A1U7LPT6|A0A1U7LPT6_NEOID	3
fam_004767	tr|A0A1U7LPW0|A0A1U7LPW0_NEOID	5
fam_004768	tr|A0A1U7LRQ8|A0A1U7LRQ8_NEOID	3
fam_004769	tr|A0A1U7LS40|A0A1U7LS40_NEOID	4
fam_004770	tr|A0A1U7LSP6|A0A1U7LSP6_NEOID	8
fam_004771	tr|A0A1U7LSS5|A0A1U7LSS5_NEOID	2
fam_004772	tr|A0A1U7LTT8|A0A1U7LTT8_NEOID	2
fam_004773	tr|A0A1U7LVJ6|A0A1U7LVJ6_NEOID	10
fam_004774	tr|A0A1U7LVZ3|A0A1U7LVZ3_NEOID	2
fam_004775	tr|A0A1U7LIZ5|A0A1U7LIZ5_NEOID	2
fam_004776	tr|A0A1U7LL44|A0A1U7LL44_NEOID	3
fam_004777	tr|A0A1U7LLC5|A0A1U7LLC5_NEOID	7
fam_004778	tr|A0A1U7LLF3|A0A1U7LLF3_NEOID	6
fam_004779	tr|A0A1U7LLU1|A0A1U7LLU1_NEOID	4
fam_004780	tr|A0A1U7LNT7|A0A1U7LNT7_NEOID	2
fam_004781	tr|A0A1U7LNZ2|A0A1U7LNZ2_NEOID	4
fam_004782	tr|A0A1U7LPA7|A0A1U7LPA7_NEOID	6
fam_004783	tr|A0A1U7LR81|A0A1U7LR81_NEOID	3
fam_004784	tr|A0A1U7LSD6|A0A1U7LSD6_NEOID	6
fam_004785	tr|A0A1U7LRU0|A0A1U7LRU0_NEOID	2
fam_004786	tr|A0A1U7LSA7|A0A1U7LSA7_NEOID	4
fam_004787	tr|A0A1U7LT94|A0A1U7LT94_NEOID	11
fam_004788	tr|A0A1U7LTB5|A0A1U7LTB5_NEOID	4
fam_004789	tr|A0A1U7LUZ6|A0A1U7LUZ6_NEOID	5
fam_004790	tr|A0A1U7LH92|A0A1U7LH92_NEOID	2
fam_004791	tr|A0A1U7LIC1|A0A1U7LIC1_NEOID	4
fam_004792	tr|A0A1U7LJ07|A0A1U7LJ07_NEOID	4
fam_004793	tr|A0A1U7LJ67|A0A1U7LJ67_NEOID	6
fam_004794	tr|A0A1U7LKB7|A0A1U7LKB7_NEOID	6
fam_004795	tr|A0A1U7LKK1|A0A1U7LKK1_NEOID	2
fam_004796	tr|A0A1U7LLA8|A0A1U7LLA8_NEOID	6
fam_004797	tr|A0A1U7LS27|A0A1U7LS27_NEOID	3
fam_004798	tr|A0A1U7LWI7|A0A1U7LWI7_NEOID	2
fam_004799	tr|A0A1U7LWR4|A0A1U7LWR4_NEOID	6
fam_004800	tr|A0A1U7LH59|A0A1U7LH59_NEOID	4
fam_004801	tr|A0A1U7LHX2|A0A1U7LHX2_NEOID	2
fam_004802	tr|A0A1U7LIJ4|A0A1U7LIJ4_NEOID	5
fam_004803	tr|A0A1U7LIS6|A0A1U7LIS6_NEOID	4
fam_004804	tr|A0A1U7LLR6|A0A1U7LLR6_NEOID	4
fam_004805	tr|A0A1U7LM40|A0A1U7LM40_NEOID	2
fam_004806	tr|A0A1U7LM86|A0A1U7LM86_NEOID	3
fam_004807	tr|A0A1U7LMM7|A0A1U7LMM7_NEOID	3
fam_004808	tr|A0A1U7LN90|A0A1U7LN90_NEOID	7
fam_004809	tr|A0A1U7LUQ1|A0A1U7LUQ1_NEOID	7
fam_004810	tr|A0A1U7LVR2|A0A1U7LVR2_NEOID	11
fam_004811	tr|A0A1U7LIG6|A0A1U7LIG6_NEOID	6
fam_004812	tr|A0A1U7LJI1|A0A1U7LJI1_NEOID	2
fam_004813	tr|A0A1U7LJS1|A0A1U7LJS1_NEOID	4
fam_004814	tr|A0A1U7LK43|A0A1U7LK43_NEOID	9
fam_004815	tr|A0A1U7LKX9|A0A1U7LKX9_NEOID	2
fam_004816	tr|A0A1U7LMN5|A0A1U7LMN5_NEOID	2
fam_004817	tr|A0A1U7LSN0|A0A1U7LSN0_NEOID	2
fam_004818	tr|A0A1U7LSP7|A0A1U7LSP7_NEOID	5
fam_004819	tr|A0A1U7LTM8|A0A1U7LTM8_NEOID	2
fam_004820	tr|A0A1U7LU66|A0A1U7LU66_NEOID	2
fam_004821	tr|A0A1U7LU80|A0A1U7LU80_NEOID	5
fam_004822	tr|A0A1U7LVT3|A0A1U7LVT3_NEOID	3
fam_004823	tr|A0A1U7LIW0|A0A1U7LIW0_NEOID	2
fam_004824	tr|A0A1U7LJX3|A0A1U7LJX3_NEOID	2
fam_004825	tr|A0A1U7LKQ3|A0A1U7LKQ3_NEOID	3
fam_004826	tr|A0A1U7LMF7|A0A1U7LMF7_NEOID	2
fam_004827	tr|A0A1U7LMJ4|A0A1U7LMJ4_NEOID	6
fam_004828	tr|A0A1U7LMS4|A0A1U7LMS4_NEOID	5
fam_004829	tr|A0A1U7LNL6|A0A1U7LNL6_NEOID	4
fam_004830	tr|A0A1U7LT78|A0A1U7LT78_NEOID	6
fam_004831	tr|A0A1U7LTE4|A0A1U7LTE4_NEOID	5
fam_004832	tr|A0A1U7LTK4|A0A1U7LTK4_NEOID	5
fam_004833	tr|A0A1U7LVX0|A0A1U7LVX0_NEOID	3
fam_004834	tr|A0A1U7LVY5|A0A1U7LVY5_NEOID	17
fam_004835	tr|A0A1U7LW52|A0A1U7LW52_NEOID	3
fam_004836	tr|A0A1U7LGL2|A0A1U7LGL2_NEOID	4
fam_004837	tr|A0A1U7LGS0|A0A1U7LGS0_NEOID	6
fam_004838	tr|A0A1U7LJ04|A0A1U7LJ04_NEOID	2
fam_004839	tr|A0A1U7LJS3|A0A1U7LJS3_NEOID	5
fam_004840	tr|A0A1U7LKQ6|A0A1U7LKQ6_NEOID	3
fam_004841	tr|A0A1U7LMD1|A0A1U7LMD1_NEOID	1
fam_004842	tr|A0A1U7LWW3|A0A1U7LWW3_NEOID	1
fam_004843	tr|A0A1U7LMH6|A0A1U7LMH6_NEOID	2
fam_004844	tr|A0A1U7LNM7|A0A1U7LNM7_NEOID	2
fam_004845	tr|A0A1U7LNM8|A0A1U7LNM8_NEOID	1
fam_004846	tr|A0A1U7LRY6|A0A1U7LRY6_NEOID	1
fam_004847	tr|A0A1U7LQZ7|A0A1U7LQZ7_NEOID	6
fam_004848	tr|A0A1U7LRT3|A0A1U7LRT3_NEOID	3
fam_004849	tr|A0A1U7LS21|A0A1U7LS21_NEOID	13
fam_004850	tr|A0A1U7LS35|A0A1U7LS35_NEOID	2
fam_004851	tr|A0A1U7LSD8|A0A1U7LSD8_NEOID	8
fam_004852	tr|S2IUS8|S2IUS8_MUCC1	6
fam_004853	tr|S2IYC6|S2IYC6_MUCC1	3
fam_004854	tr|S2JT55|S2JT55_MUCC1	1
fam_004855	tr|S2IZ71|S2IZ71_MUCC1	2
fam_004856	tr|S2J1J1|S2J1J1_MUCC1	8
fam_004857	tr|S2J2V5|S2J2V5_MUCC1	5
fam_004858	tr|S2JA37|S2JA37_MUCC1	4
fam_004859	tr|S2JHM6|S2JHM6_MUCC1	24
fam_004860	tr|S2JI19|S2JI19_MUCC1	10
fam_004861	tr|S2JIU5|S2JIU5_MUCC1	2
fam_004862	tr|S2JKB0|S2JKB0_MUCC1	1
fam_004863	tr|S2JIN6|S2JIN6_MUCC1	1
fam_004864	tr|S2JLH2|S2JLH2_MUCC1	1
fam_004865	tr|S2JRP1|S2JRP1_MUCC1	2
fam_004866	tr|S2JMB5|S2JMB5_MUCC1	2
fam_004867	tr|S2JR89|S2JR89_MUCC1	6
fam_004868	tr|S2JRE1|S2JRE1_MUCC1	2
fam_004869	tr|S2JRE9|S2JRE9_MUCC1	3
fam_004870	tr|S2JXC4|S2JXC4_MUCC1	4
fam_004871	tr|S2K3F1|S2K3F1_MUCC1	3
fam_004872	tr|S2KBJ9|S2KBJ9_MUCC1	5
fam_004873	tr|S2KBU6|S2KBU6_MUCC1	1
fam_004874	tr|S2KAK1|S2KAK1_MUCC1	1
fam_004875	tr|S2ITT2|S2ITT2_MUCC1	1
fam_004876	tr|S2JR88|S2JR88_MUCC1	1
fam_004877	tr|S2J1L2|S2J1L2_MUCC1	2
fam_004878	tr|S2J5X8|S2J5X8_MUCC1	6
fam_004879	tr|S2J6A3|S2J6A3_MUCC1	1
fam_004880	tr|S2JN65|S2JN65_MUCC1	1
fam_004881	tr|S2JHJ8|S2JHJ8_MUCC1	4
fam_004882	tr|S2JJN1|S2JJN1_MUCC1	8
fam_004883	tr|S2JKR1|S2JKR1_MUCC1	3
fam_004884	tr|S2JMD4|S2JMD4_MUCC1	5
fam_004885	tr|S2JQP6|S2JQP6_MUCC1	2
fam_004886	tr|S2JQR1|S2JQR1_MUCC1	1
fam_004887	tr|S2JCE1|S2JCE1_MUCC1	1
fam_004888	tr|S2JRS0|S2JRS0_MUCC1	5
fam_004889	tr|S2JSY3|S2JSY3_MUCC1	1
fam_004890	tr|S2JQB5|S2JQB5_MUCC1	1
fam_004891	tr|S2JUW9|S2JUW9_MUCC1	2
fam_004892	tr|S2KI50|S2KI50_MUCC1	6
fam_004893	tr|S2IW80|S2IW80_MUCC1	4
fam_004894	tr|S2IXB4|S2IXB4_MUCC1	1
fam_004895	tr|S2JUH4|S2JUH4_MUCC1	1
fam_004896	tr|S2JBU0|S2JBU0_MUCC1	2
fam_004897	sp|Q9Y7K8|UPPS_SCHPO	2
fam_004898	sp|O13869|GUF1_SCHPO	6
fam_004899	sp|O14069|RL28_SCHPO	6
fam_004900	sp|O36028|ATCZ_SCHPO	18
fam_004901	sp|P40371|PP2C1_SCHPO	2
fam_004902	sp|Q10070|MDM31_SCHPO	2
fam_004903	sp|Q10220|PCC1_SCHPO	2
fam_004904	sp|Q10323|IMT3_SCHPO	4
fam_004905	sp|Q8TFG7|TRM5_SCHPO	6
fam_004906	sp|Q8WZK5|ALY1_SCHPO	2
fam_004907	sp|Q9HGK2|HOP2_SCHPO	3
fam_004908	sp|Q9P7Q2|PFL9_SCHPO	2
fam_004909	sp|Q9US43|UPP3_SCHPO	4
fam_004910	sp|Q9UTE8|IES6_SCHPO	2
fam_004911	sp|G2TRP6|COA6_SCHPO	2
fam_004912	sp|O14205|VPS74_SCHPO	6
fam_004913	sp|O14423|CBH1_SCHPO	2
fam_004914	sp|O60108|CBH2_SCHPO	1
fam_004915	sp|O59791|SRR_SCHPO	4
fam_004916	sp|O74749|HSE1_SCHPO	2
fam_004917	sp|O74765|SYPM_SCHPO	2
fam_004918	sp|P27574|PYP1_SCHPO	2
fam_004919	sp|P46960|PGTB2_SCHPO	5
fam_004920	sp|P87014|MAM4_SCHPO	5
fam_004921	sp|P87231|MUS81_SCHPO	2
fam_004922	sp|Q10439|ICP55_SCHPO	6
fam_004923	sp|Q1MTP1|THP3_SCHPO	5
fam_004924	sp|Q9P783|RRB1_SCHPO	6
fam_004925	sp|Q9P785|YNY5_SCHPO	4
fam_004926	sp|Q9UT59|YKJ7_SCHPO	14
fam_004927	sp|Q9UTC3|PSF3_SCHPO	5
fam_004928	sp|Q9UUF4|AIM19_SCHPO	2
fam_004929	sp|Q9Y7U7|SND1_SCHPO	4
fam_004930	sp|O13748|NTM1_SCHPO	3
fam_004931	sp|O14301|YE85_SCHPO	6
fam_004932	sp|O14352|LSM4_SCHPO	4
fam_004933	sp|O42911|RT25_SCHPO	3
fam_004934	sp|O59674|ORT1_SCHPO	3
fam_004935	sp|O59715|DEGS_SCHPO	2
fam_004936	sp|Q76PC3|YQ73_SCHPO	4
fam_004937	sp|Q96WW4|IVN1_SCHPO	11
fam_004938	sp|Q9HFF0|MIC10_SCHPO	3
fam_004939	sp|Q9URW6|YIE2_SCHPO	8
fam_004940	sp|Q9UTF0|YIN2_SCHPO	2
fam_004941	sp|Q9UTL8|AP3D_SCHPO	5
fam_004942	sp|O13641|YGWG_SCHPO	3
fam_004943	sp|O13901|YF3A_SCHPO	10
fam_004944	sp|O13902|DAK1_SCHPO	8
fam_004945	sp|O14019|HAL4_SCHPO	3
fam_004946	sp|O14351|YB45_SCHPO	6
fam_004947	sp|O42663|YF89_SCHPO	2
fam_004948	sp|O59834|FCYS_SCHPO	4
fam_004949	sp|P78972|SLP1_SCHPO	2
fam_004950	sp|Q9HDU4|U46DH_SCHPO	2
fam_004951	sp|Q9HE08|MTNB_SCHPO	5
fam_004952	sp|Q9UR05|DYL1_SCHPO	4
fam_004953	sp|C6Y4C5|ECL2_SCHPO	1
fam_004954	sp|C6Y4D3|ECL1_SCHPO	1
fam_004955	sp|C6Y4C3|ECL3_SCHPO	1
fam_004956	sp|O42945|DHX15_SCHPO	19
fam_004957	sp|O43036|RPA43_SCHPO	2
fam_004958	sp|O94244|HAT2_SCHPO	8
fam_004959	sp|O94751|BUB1_SCHPO	2
fam_004960	sp|P40388|UVI15_SCHPO	2
fam_004961	sp|P78812|6PGD_SCHPO	8
fam_004962	sp|Q09766|YA7D_SCHPO	5
fam_004963	sp|Q10092|HSP34_SCHPO	10
fam_004964	sp|Q10143|PFD3_SCHPO	4
fam_004965	sp|Q10409|TSR3_SCHPO	2
fam_004966	sp|Q6MX60|YP42_SCHPO	2
fam_004967	sp|Q96WV4|YHU5_SCHPO	3
fam_004968	sp|Q9HFF5|PDS5_SCHPO	2
fam_004969	sp|Q9P6P8|YIP4_SCHPO	2
fam_004970	sp|Q9P7W2|FTHC_SCHPO	3
fam_004971	sp|Q9UTN1|OAC1_SCHPO	6
fam_004972	sp|Q9UTQ8|HPM1_SCHPO	3
fam_004973	sp|O13846|SCS7_SCHPO	8
fam_004974	sp|O13945|PPK9_SCHPO	1
fam_004975	sp|O74536|SNF1_SCHPO	1
fam_004976	sp|O13985|CAF1B_SCHPO	4
fam_004977	sp|O14089|IMB2_SCHPO	8
fam_004978	sp|O59821|CSL4_SCHPO	4
fam_004979	sp|O74899|YQEH_SCHPO	2
fam_004980	sp|P33532|BSU1_SCHPO	1
fam_004981	sp|O74948|T2AG_SCHPO	5
fam_004982	sp|O94250|GLO22_SCHPO	10
fam_004983	sp|P21534|COX2_SCHPO	4
fam_004984	sp|P28758|SODC_SCHPO	4
fam_004985	sp|P50528|PLO1_SCHPO	5
fam_004986	sp|Q09681|GMH2_SCHPO	5
fam_004987	sp|Q09841|PSB2_SCHPO	6
fam_004988	sp|Q10215|RDL_SCHPO	2
fam_004989	sp|Q9HFE7|YNW5_SCHPO	5
fam_004990	sp|Q9USM5|UBP1_SCHPO	1
fam_004991	sp|O60079|UBP12_SCHPO	1
fam_004992	sp|O13747|EPT1_SCHPO	6
fam_004993	sp|O14103|ROT1_SCHPO	3
fam_004994	sp|O14177|DID4_SCHPO	7
fam_004995	sp|O14199|ALG14_SCHPO	2
fam_004996	sp|O59727|YHX7_SCHPO	4
fam_004997	sp|O74797|YGN3_SCHPO	5
fam_004998	sp|O94443|REXO1_SCHPO	4
fam_004999	sp|O94630|ARP1_SCHPO	25
fam_005000	sp|O94706|TAF8_SCHPO	2
fam_005001	sp|P41890|SCN1_SCHPO	3
fam_005002	sp|Q10063|MID1_SCHPO	2
fam_005003	sp|Q92399|RPAB3_SCHPO	5
fam_005004	sp|Q9P6K1|SFT2_SCHPO	3
fam_005005	sp|Q9P7I0|YIT2_SCHPO	4
fam_005006	sp|Q9P7V3|TSN1_SCHPO	4
fam_005007	sp|Q9USL1|THOC3_SCHPO	2
fam_005008	sp|Q9USV4|MEP33_SCHPO	5
fam_005009	sp|Q9UUI4|NOP53_SCHPO	6
fam_005010	sp|O74635|RPB9_SCHPO	5
fam_005011	sp|O94531|UFE1_SCHPO	5
fam_005012	sp|Q10350|YDA8_SCHPO	2
fam_005013	tr|A0A1U7LHD4|A0A1U7LHD4_NEOID	7
fam_005014	tr|A0A1U7LK12|A0A1U7LK12_NEOID	5
fam_005015	tr|A0A1U7LKQ5|A0A1U7LKQ5_NEOID	2
fam_005016	tr|A0A1U7LKY6|A0A1U7LKY6_NEOID	2
fam_005017	tr|A0A1U7LKZ2|A0A1U7LKZ2_NEOID	2
fam_005018	tr|A0A1U7LMU9|A0A1U7LMU9_NEOID	33
fam_005019	tr|A0A1U7LUR4|A0A1U7LUR4_NEOID	3
fam_005020	tr|A0A1U7LV55|A0A1U7LV55_NEOID	8
fam_005021	tr|A0A1U7LVT1|A0A1U7LVT1_NEOID	6
fam_005022	tr|A0A1U7LHM9|A0A1U7LHM9_NEOID	9
fam_005023	tr|A0A1U7LHV1|A0A1U7LHV1_NEOID	7
fam_005024	tr|A0A1U7LHW5|A0A1U7LHW5_NEOID	6
fam_005025	tr|A0A1U7LHW8|A0A1U7LHW8_NEOID	6
fam_005026	tr|A0A1U7LJB0|A0A1U7LJB0_NEOID	6
fam_005027	tr|A0A1U7LJH0|A0A1U7LJH0_NEOID	2
fam_005028	tr|A0A1U7LLK5|A0A1U7LLK5_NEOID	2
fam_005029	tr|A0A1U7LNM5|A0A1U7LNM5_NEOID	2
fam_005030	tr|A0A1U7LQ71|A0A1U7LQ71_NEOID	10
fam_005031	tr|A0A1U7LQQ6|A0A1U7LQQ6_NEOID	2
fam_005032	tr|A0A1U7LU48|A0A1U7LU48_NEOID	2
fam_005033	tr|A0A1U7LUR3|A0A1U7LUR3_NEOID	2
fam_005034	tr|A0A1U7LW45|A0A1U7LW45_NEOID	2
fam_005035	tr|A0A1U7LWA2|A0A1U7LWA2_NEOID	3
fam_005036	tr|A0A1U7LI22|A0A1U7LI22_NEOID	2
fam_005037	tr|A0A1U7LJA3|A0A1U7LJA3_NEOID	4
fam_005038	tr|A0A1U7LJK8|A0A1U7LJK8_NEOID	5
fam_005039	tr|A0A1U7LLS0|A0A1U7LLS0_NEOID	2
fam_005040	tr|A0A1U7LM43|A0A1U7LM43_NEOID	4
fam_005041	tr|A0A1U7LMM8|A0A1U7LMM8_NEOID	5
fam_005042	tr|A0A1U7LN29|A0A1U7LN29_NEOID	6
fam_005043	tr|A0A1U7LP15|A0A1U7LP15_NEOID	3
fam_005044	tr|A0A1U7LPC9|A0A1U7LPC9_NEOID	4
fam_005045	tr|A0A1U7LPI3|A0A1U7LPI3_NEOID	3
fam_005046	tr|A0A1U7LT07|A0A1U7LT07_NEOID	4
fam_005047	tr|A0A1U7LVE3|A0A1U7LVE3_NEOID	10
fam_005048	tr|A0A1U7LVJ7|A0A1U7LVJ7_NEOID	6
fam_005049	tr|A0A1U7LGB7|A0A1U7LGB7_NEOID	3
fam_005050	tr|A0A1U7LJX5|A0A1U7LJX5_NEOID	8
fam_005051	tr|A0A1U7LK70|A0A1U7LK70_NEOID	4
fam_005052	tr|A0A1U7LLK1|A0A1U7LLK1_NEOID	2
fam_005053	tr|A0A1U7LRD9|A0A1U7LRD9_NEOID	2
fam_005054	tr|A0A1U7LR26|A0A1U7LR26_NEOID	2
fam_005055	tr|A0A1U7LRB4|A0A1U7LRB4_NEOID	4
fam_005056	tr|A0A1U7LTK7|A0A1U7LTK7_NEOID	2
fam_005057	tr|A0A1U7LV62|A0A1U7LV62_NEOID	7
fam_005058	tr|A0A1U7LVG5|A0A1U7LVG5_NEOID	4
fam_005059	tr|A0A1U7LVU4|A0A1U7LVU4_NEOID	13
fam_005060	tr|A0A1U7LW87|A0A1U7LW87_NEOID	4
fam_005061	tr|A0A1U7LGH5|A0A1U7LGH5_NEOID	5
fam_005062	tr|A0A1U7LGM5|A0A1U7LGM5_NEOID	6
fam_005063	tr|A0A1U7LH27|A0A1U7LH27_NEOID	7
fam_005064	tr|A0A1U7LI18|A0A1U7LI18_NEOID	2
fam_005065	tr|A0A1U7LIA8|A0A1U7LIA8_NEOID	2
fam_005066	tr|A0A1U7LIN1|A0A1U7LIN1_NEOID	2
fam_005067	tr|A0A1U7LNN8|A0A1U7LNN8_NEOID	3
fam_005068	tr|A0A1U7LP86|A0A1U7LP86_NEOID	3
fam_005069	tr|A0A1U7LPU0|A0A1U7LPU0_NEOID	1
fam_005070	tr|A0A1U7LIF0|A0A1U7LIF0_NEOID	2
fam_005071	tr|A0A1U7LPZ6|A0A1U7LPZ6_NEOID	3
fam_005072	tr|A0A1U7LQD1|A0A1U7LQD1_NEOID	5
fam_005073	tr|A0A1U7LQF3|A0A1U7LQF3_NEOID	9
fam_005074	tr|A0A1U7LQH9|A0A1U7LQH9_NEOID	5
fam_005075	tr|A0A1U7LWS7|A0A1U7LWS7_NEOID	4
fam_005076	tr|A0A1U7LH63|A0A1U7LH63_NEOID	4
fam_005077	tr|A0A1U7LJ64|A0A1U7LJ64_NEOID	2
fam_005078	tr|A0A1U7LJ97|A0A1U7LJ97_NEOID	6
fam_005079	tr|A0A1U7LLN5|A0A1U7LLN5_NEOID	6
fam_005080	tr|A0A1U7LM08|A0A1U7LM08_NEOID	5
fam_005081	tr|A0A1U7LNE1|A0A1U7LNE1_NEOID	7
fam_005082	tr|A0A1U7LP25|A0A1U7LP25_NEOID	4
fam_005083	tr|A0A1U7LRP2|A0A1U7LRP2_NEOID	6
fam_005084	tr|A0A1U7LU19|A0A1U7LU19_NEOID	5
fam_005085	tr|A0A1U7LUB3|A0A1U7LUB3_NEOID	6
fam_005086	tr|A0A1U7LUQ2|A0A1U7LUQ2_NEOID	2
fam_005087	tr|A0A1U7LV52|A0A1U7LV52_NEOID	7
fam_005088	tr|A0A1U7LVT6|A0A1U7LVT6_NEOID	4
fam_005089	tr|A0A1U7LVT7|A0A1U7LVT7_NEOID	3
fam_005090	tr|A0A1U7LWU6|A0A1U7LWU6_NEOID	2
fam_005091	tr|A8N411|A8N411_COPC7	3
fam_005092	tr|A8N465|A8N465_COPC7	14
fam_005093	tr|A8N904|A8N904_COPC7	7
fam_005094	tr|A8NB41|A8NB41_COPC7	3
fam_005095	tr|A8NE32|A8NE32_COPC7	3
fam_005096	tr|A8NQS8|A8NQS8_COPC7	4
fam_005097	tr|A8NUB1|A8NUB1_COPC7	6
fam_005098	tr|A8NY46|A8NY46_COPC7	2
fam_005099	tr|A8NYL4|A8NYL4_COPC7	9
fam_005100	tr|A8P9T8|A8P9T8_COPC7	3
fam_005101	tr|A8PE47|A8PE47_COPC7	3
fam_005102	tr|D6RQF9|D6RQF9_COPC7	2
fam_005103	tr|A8N0H7|A8N0H7_COPC7	2
fam_005104	tr|A8N1Q7|A8N1Q7_COPC7	4
fam_005105	tr|A8N2T2|A8N2T2_COPC7	3
fam_005106	tr|A8NFY2|A8NFY2_COPC7	1
fam_005107	tr|A8N1V9|A8N1V9_COPC7	1
fam_005108	tr|A8NN22|A8NN22_COPC7	4
fam_005109	tr|A8NTZ6|A8NTZ6_COPC7	1
fam_005110	tr|A8NZ27|A8NZ27_COPC7	2
fam_005111	tr|A8P1I1|A8P1I1_COPC7	2
fam_005112	tr|A8PBP8|A8PBP8_COPC7	2
fam_005113	tr|A8PDB6|A8PDB6_COPC7	2
fam_005114	tr|D6RJP4|D6RJP4_COPC7	8
fam_005115	tr|A8N0K7|A8N0K7_COPC7	3
fam_005116	tr|A8N1M7|A8N1M7_COPC7	5
fam_005117	tr|A8NBF8|A8NBF8_COPC7	2
fam_005118	tr|A8NGU0|A8NGU0_COPC7	3
fam_005119	tr|A8NNF4|A8NNF4_COPC7	2
fam_005120	tr|A8NUF0|A8NUF0_COPC7	6
fam_005121	tr|A8NV32|A8NV32_COPC7	2
fam_005122	tr|A8NW28|A8NW28_COPC7	2
fam_005123	tr|A8NXW7|A8NXW7_COPC7	6
fam_005124	tr|A8NYS5|A8NYS5_COPC7	2
fam_005125	tr|A8P0H6|A8P0H6_COPC7	3
fam_005126	tr|A8P6E1|A8P6E1_COPC7	4
fam_005127	tr|A8PD04|A8PD04_COPC7	2
fam_005128	tr|A8PDD1|A8PDD1_COPC7	7
fam_005129	tr|A8PFK5|A8PFK5_COPC7	2
fam_005130	tr|A8PGR8|A8PGR8_COPC7	2
fam_005131	tr|D6RN82|D6RN82_COPC7	2
fam_005132	tr|D6RNH7|D6RNH7_COPC7	2
fam_005133	tr|D6RQI8|D6RQI8_COPC7	2
fam_005134	tr|A8NJ48|A8NJ48_COPC7	2
fam_005135	tr|A8NRJ9|A8NRJ9_COPC7	2
fam_005136	tr|A8P127|A8P127_COPC7	2
fam_005137	tr|A8P585|A8P585_COPC7	5
fam_005138	tr|A8PG95|A8PG95_COPC7	2
fam_005139	tr|A8N1F0|A8N1F0_COPC7	6
fam_005140	tr|A8N9I7|A8N9I7_COPC7	4
fam_005141	tr|A8N9W7|A8N9W7_COPC7	7
fam_005142	tr|A8NAZ3|A8NAZ3_COPC7	4
fam_005143	tr|A8NGT1|A8NGT1_COPC7	2
fam_005144	tr|A8NH10|A8NH10_COPC7	2
fam_005145	tr|A8NC02|A8NC02_COPC7	13
fam_005146	tr|A8NG03|A8NG03_COPC7	3
fam_005147	tr|A8NJA6|A8NJA6_COPC7	2
fam_005148	tr|A8NRV9|A8NRV9_COPC7	2
fam_005149	tr|A8NX18|A8NX18_COPC7	2
fam_005150	tr|A8P3Y2|A8P3Y2_COPC7	2
fam_005151	tr|A8P6E5|A8P6E5_COPC7	3
fam_005152	tr|A8N482|A8N482_COPC7	3
fam_005153	tr|A8NCA4|A8NCA4_COPC7	2
fam_005154	tr|A8NGU4|A8NGU4_COPC7	4
fam_005155	tr|A8NXA1|A8NXA1_COPC7	2
fam_005156	sp|A8NYM5|RU1C_COPC7	2
fam_005157	tr|A8NYQ0|A8NYQ0_COPC7	4
fam_005158	tr|A8P1V4|A8P1V4_COPC7	2
fam_005159	tr|A8N239|A8N239_COPC7	2
fam_005160	tr|A8N3Y6|A8N3Y6_COPC7	3
fam_005161	tr|A8N715|A8N715_COPC7	2
fam_005162	tr|A8N965|A8N965_COPC7	1
fam_005163	tr|A8N966|A8N966_COPC7	1
fam_005164	tr|A8NDK4|A8NDK4_COPC7	5
fam_005165	tr|J9VNU9|J9VNU9_CRYN9	6
fam_005166	tr|J9VYQ4|J9VYQ4_CRYN9	2
fam_005167	tr|J9W0R7|J9W0R7_CRYN9	1
fam_005168	tr|J9VFL5|J9VFL5_CRYN9	1
fam_005169	tr|J9VFK6|J9VFK6_CRYN9	2
fam_005170	tr|J9VGI9|J9VGI9_CRYN9	7
fam_005171	tr|J9VKR7|J9VKR7_CRYN9	2
fam_005172	tr|J9VL64|J9VL64_CRYN9	3
fam_005173	tr|J9VLE1|J9VLE1_CRYN9	2
fam_005174	tr|J9VS18|J9VS18_CRYN9	2
fam_005175	tr|J9VT95|J9VT95_CRYN9	2
fam_005176	tr|J9VUR7|J9VUR7_CRYN9	6
fam_005177	tr|J9VWR3|J9VWR3_CRYN9	2
fam_005178	tr|J9VX47|J9VX47_CRYN9	2
fam_005179	tr|J9VX79|J9VX79_CRYN9	9
fam_005180	tr|J9W005|J9W005_CRYN9	2
fam_005181	tr|J9VGU3|J9VGU3_CRYN9	2
fam_005182	sp|J9VIY8|MET2_CRYN9	4
fam_005183	tr|J9VKA1|J9VKA1_CRYN9	2
fam_005184	tr|J9VKW5|J9VKW5_CRYN9	2
fam_005185	tr|J9VNP1|J9VNP1_CRYN9	5
fam_005186	tr|J9VQV6|J9VQV6_CRYN9	2
fam_005187	tr|J9VSB4|J9VSB4_CRYN9	3
fam_005188	tr|J9VU46|J9VU46_CRYN9	3
fam_005189	tr|J9VUK7|J9VUK7_CRYN9	6
fam_005190	tr|J9VX31|J9VX31_CRYN9	4
fam_005191	tr|J9W0T0|J9W0T0_CRYN9	4
fam_005192	tr|Q85SZ5|Q85SZ5_CRYN9	2
fam_005193	tr|J9VFE3|J9VFE3_CRYN9	2
fam_005194	tr|J9VFJ2|J9VFJ2_CRYN9	2
fam_005195	tr|J9VK86|J9VK86_CRYN9	2
fam_005196	tr|J9VKI0|J9VKI0_CRYN9	3
fam_005197	tr|J9VKI8|J9VKI8_CRYN9	5
fam_005198	tr|J9VLM2|J9VLM2_CRYN9	4
fam_005199	tr|J9VX46|J9VX46_CRYN9	2
fam_005200	tr|J9VYH6|J9VYH6_CRYN9	3
fam_005201	tr|J9W3M1|J9W3M1_CRYN9	1
fam_005202	tr|J9VLB0|J9VLB0_CRYN9	2
fam_005203	tr|J9VED8|J9VED8_CRYN9	4
fam_005204	tr|J9VHT7|J9VHT7_CRYN9	1
fam_005205	tr|J9VRP1|J9VRP1_CRYN9	1
fam_005206	tr|J9VI26|J9VI26_CRYN9	3
fam_005207	tr|J9VNR5|J9VNR5_CRYN9	3
fam_005208	tr|J9VQ42|J9VQ42_CRYN9	3
fam_005209	tr|J9VRP5|J9VRP5_CRYN9	2
fam_005210	tr|J9VY27|J9VY27_CRYN9	6
fam_005211	tr|J9VFS1|J9VFS1_CRYN9	13
fam_005212	tr|J9VFV3|J9VFV3_CRYN9	10
fam_005213	tr|J9VG93|J9VG93_CRYN9	3
fam_005214	tr|J9VIN6|J9VIN6_CRYN9	3
fam_005215	tr|J9VUH0|J9VUH0_CRYN9	3
fam_005216	tr|J9VX60|J9VX60_CRYN9	1
fam_005217	tr|J9VY87|J9VY87_CRYN9	2
fam_005218	tr|J9VYB9|J9VYB9_CRYN9	2
fam_005219	tr|J9VYK4|J9VYK4_CRYN9	6
fam_005220	tr|J9VFS3|J9VFS3_CRYN9	3
fam_005221	tr|J9VH55|J9VH55_CRYN9	6
fam_005222	tr|J9VJM7|J9VJM7_CRYN9	2
fam_005223	tr|J9VM47|J9VM47_CRYN9	4
fam_005224	tr|J9VN73|J9VN73_CRYN9	2
fam_005225	tr|J9VN88|J9VN88_CRYN9	2
fam_005226	tr|J9VPZ7|J9VPZ7_CRYN9	6
fam_005227	tr|J9VQS7|J9VQS7_CRYN9	1
fam_005228	tr|J9VNS6|J9VNS6_CRYN9	1
fam_005229	sp|J9VQV8|URE4_CRYN9	2
fam_005230	tr|J9VUW7|J9VUW7_CRYN9	1
fam_005231	tr|J9VKE6|J9VKE6_CRYN9	1
fam_005232	tr|J9W0X0|J9W0X0_CRYN9	4
fam_005233	tr|J9W122|J9W122_CRYN9	2
fam_005234	sp|J9VDQ4|VCX1_CRYN9	1
fam_005235	tr|J9VHY9|J9VHY9_CRYN9	1
fam_005236	tr|J9VF68|J9VF68_CRYN9	5
fam_005237	tr|J9VL37|J9VL37_CRYN9	3
fam_005238	tr|J9VNB9|J9VNB9_CRYN9	11
fam_005239	tr|J9VPQ5|J9VPQ5_CRYN9	6
fam_005240	tr|J9VT09|J9VT09_CRYN9	6
fam_005241	tr|J9VUU8|J9VUU8_CRYN9	9
fam_005242	tr|J9VW99|J9VW99_CRYN9	1
fam_005243	tr|J9W2X7|J9W2X7_CRYN9	1
fam_005244	tr|J9VHW8|J9VHW8_CRYN9	5
fam_005245	tr|J9VKP0|J9VKP0_CRYN9	2
fam_005246	tr|J9VLD4|J9VLD4_CRYN9	2
fam_005247	tr|J9VM07|J9VM07_CRYN9	2
fam_005248	tr|J9VNI2|J9VNI2_CRYN9	2
fam_005249	tr|J9VT12|J9VT12_CRYN9	5
fam_005250	tr|J9VVI8|J9VVI8_CRYN9	2
fam_005251	tr|S2JDP3|S2JDP3_MUCC1	9
fam_005252	tr|S2JEK7|S2JEK7_MUCC1	2
fam_005253	tr|S2JJY7|S2JJY7_MUCC1	2
fam_005254	tr|S2JLT9|S2JLT9_MUCC1	2
fam_005255	tr|S2JLW0|S2JLW0_MUCC1	2
fam_005256	tr|S2JPM5|S2JPM5_MUCC1	3
fam_005257	tr|S2JVK9|S2JVK9_MUCC1	4
fam_005258	tr|S2K408|S2K408_MUCC1	3
fam_005259	tr|S2K9U8|S2K9U8_MUCC1	4
fam_005260	tr|S2KE81|S2KE81_MUCC1	18
fam_005261	tr|S2KF88|S2KF88_MUCC1	4
fam_005262	tr|S2IYX5|S2IYX5_MUCC1	1
fam_005263	tr|S2JUV1|S2JUV1_MUCC1	1
fam_005264	tr|S2J1J7|S2J1J7_MUCC1	2
fam_005265	tr|S2J385|S2J385_MUCC1	13
fam_005266	tr|S2J6P8|S2J6P8_MUCC1	9
fam_005267	tr|S2JGB5|S2JGB5_MUCC1	6
fam_005268	tr|S2JRS2|S2JRS2_MUCC1	2
fam_005269	tr|S2JXM4|S2JXM4_MUCC1	7
fam_005270	tr|S2K196|S2K196_MUCC1	3
fam_005271	tr|S2K5G7|S2K5G7_MUCC1	9
fam_005272	tr|S2K5U8|S2K5U8_MUCC1	1
fam_005273	tr|S2KC58|S2KC58_MUCC1	1
fam_005274	tr|S2K8Q8|S2K8Q8_MUCC1	2
fam_005275	tr|S2KH11|S2KH11_MUCC1	3
fam_005276	sp|P38137|FAT2_YEAST	3
fam_005277	sp|P38795|NADE_YEAST	6
fam_005278	sp|P38961|RRP8_YEAST	3
fam_005279	sp|P43540|YFG4_YEAST	2
fam_005280	sp|Q08268|MCH4_YEAST	1
fam_005281	sp|Q08777|MCH5_YEAST	1
fam_005282	sp|P06197|PIS_YEAST	5
fam_005283	sp|P0CX18|YA066_YEAST	2
fam_005284	sp|P0CX61|YF21A_YEAST	43
fam_005285	sp|P32939|YPT7_YEAST	32
fam_005286	tr|S2JCM1|S2JCM1_MUCC1	42
fam_005287	sp|P38203|LSM2_YEAST	4
fam_005288	sp|P42949|TIM16_YEAST	4
fam_005289	sp|P53124|PCL10_YEAST	1
fam_005290	sp|Q08966|PCL8_YEAST	1
fam_005291	sp|P53329|YG5Q_YEAST	1
fam_005292	sp|Q03559|YM8V_YEAST	1
fam_005293	sp|P0C5R9|RNK_YEAST	4
fam_005294	sp|P18961|YPK2_YEAST	1
fam_005295	sp|P12688|YPK1_YEAST	1
fam_005296	sp|P23833|SCO1_YEAST	1
fam_005297	sp|P38072|SCO2_YEAST	1
fam_005298	sp|P26570|PPZ1_YEAST	1
fam_005299	sp|P33329|PPZ2_YEAST	1
fam_005300	sp|P37012|PGM2_YEAST	7
fam_005301	sp|P38041|BOI1_YEAST	1
fam_005302	sp|P39969|BOI2_YEAST	1
fam_005303	sp|P38085|TAT1_YEAST	18
fam_005304	sp|P38630|RFC1_YEAST	6
fam_005305	sp|P38765|YHI9_YEAST	2
fam_005306	sp|P45978|SCD6_YEAST	4
fam_005307	sp|P50111|ZDS1_YEAST	1
fam_005308	sp|P54786|ZDS2_YEAST	1
fam_005309	sp|P52867|PMT5_YEAST	17
fam_005310	sp|P53819|YRF16_YEAST	9
fam_005311	sp|P87284|PMP3_YEAST	6
fam_005312	sp|Q03482|CTPP2_YEAST	2
fam_005313	sp|Q12207|NCE2_YEAST	1
fam_005314	sp|P53279|FHN1_YEAST	1
fam_005315	sp|Q12246|LCB4_YEAST	1
fam_005316	sp|Q06147|LCB5_YEAST	1
fam_005317	sp|P00128|QCR7_YEAST	6
fam_005318	sp|P14741|EI2BA_YEAST	3
fam_005319	sp|P38624|PSB1_YEAST	6
fam_005320	sp|P38717|SIP3_YEAST	1
fam_005321	sp|P38851|LAM1_YEAST	1
fam_005322	sp|P39563|YAN4_YEAST	2
fam_005323	sp|Q02336|ADA2_YEAST	2
fam_005324	sp|Q06144|ORM2_YEAST	1
fam_005325	sp|P53224|ORM1_YEAST	1
fam_005326	sp|Q08909|YO385_YEAST	2
fam_005327	sp|Q12476|AIR2_YEAST	1
fam_005328	sp|P40507|AIR1_YEAST	1
fam_005329	sp|P23254|TKT1_YEAST	10
fam_005330	sp|P37262|SOL2_YEAST	1
fam_005331	sp|P50278|SOL1_YEAST	1
fam_005332	sp|P38075|PDX3_YEAST	4
fam_005333	sp|P38764|RPN1_YEAST	5
fam_005334	sp|P42222|ERR3_YEAST	11
fam_005335	sp|P81451|ATP19_YEAST	2
fam_005336	sp|Q02207|FOX2_YEAST	3
fam_005337	sp|Q3E785|SDHF1_YEAST	3
fam_005338	sp|P32836|GSP2_YEAST	6
fam_005339	sp|P36024|SIS2_YEAST	1
fam_005340	sp|Q08438|VHS3_YEAST	1
fam_005341	sp|P38523|GRPE_YEAST	5
fam_005342	sp|P47088|GPI14_YEAST	5
fam_005343	sp|Q06449|PIN3_YEAST	1
fam_005344	sp|P53281|LSB1_YEAST	1
fam_005345	sp|Q07986|YL036_YEAST	2
fam_005346	sp|Q12442|IZH2_YEAST	6
fam_005347	sp|P33749|MSN4_YEAST	1
fam_005348	sp|P33748|MSN2_YEAST	1
fam_005349	sp|P39936|IF4F2_YEAST	1
fam_005350	sp|P39935|IF4F1_YEAST	1
fam_005351	sp|P41058|RS29B_YEAST	7
fam_005352	sp|P41939|IDHC_YEAST	9
fam_005353	sp|P53036|SAP4_YEAST	1
fam_005354	sp|P43612|SA155_YEAST	1
fam_005355	sp|Q03667|MIX17_YEAST	5
fam_005356	sp|Q04116|YHP1_YEAST	1
fam_005357	sp|P34161|YOX1_YEAST	1
fam_005358	sp|Q9ZZW7|MBI3_YEAST	2
fam_005359	sp|P19097|FAS2_YEAST	3
fam_005360	sp|P36085|STB6_YEAST	1
fam_005361	sp|P46679|STB2_YEAST	1
fam_005362	sp|P40414|TPM2_YEAST	1
fam_005363	sp|P17536|TPM1_YEAST	1
fam_005364	sp|P53010|PAN2_YEAST	6
fam_005365	sp|P53241|VHT1_YEAST	1
fam_005366	sp|P39709|SEO1_YEAST	1
fam_005367	sp|P53727|BUD17_YEAST	8
fam_005368	sp|P53832|WSC2_YEAST	1
fam_005369	sp|Q12215|WSC3_YEAST	1
fam_005370	sp|P53976|YNB8_YEAST	2
fam_005371	sp|Q12463|TRM11_YEAST	5
fam_005372	sp|P06174|HEM4_YEAST	4
fam_005373	sp|P12683|HMDH1_YEAST	3
fam_005374	sp|P25371|ADP1_YEAST	7
fam_005375	sp|P25560|RER1_YEAST	5
fam_005376	sp|P29311|BMH1_YEAST	11
fam_005377	sp|P38713|OSH3_YEAST	2
fam_005378	sp|P38999|LYS9_YEAST	4
fam_005379	sp|P39684|PES4_YEAST	1
fam_005380	sp|P38760|MIP6_YEAST	1
fam_005381	sp|P53378|TBG_YEAST	6
fam_005382	sp|P53970|EFM6_YEAST	3
fam_005383	sp|P57744|TIM8_YEAST	6
fam_005384	sp|Q08647|PUS7_YEAST	3
fam_005385	sp|Q12690|RL13A_YEAST	8
fam_005386	tr|J9VE30|J9VE30_CRYN9	2
fam_005387	tr|J9VFB3|J9VFB3_CRYN9	2
fam_005388	tr|J9VL43|J9VL43_CRYN9	3
fam_005389	tr|J9VMT3|J9VMT3_CRYN9	6
fam_005390	tr|J9VQE1|J9VQE1_CRYN9	2
fam_005391	tr|J9VR14|J9VR14_CRYN9	2
fam_005392	tr|J9VZS2|J9VZS2_CRYN9	9
fam_005393	tr|J9VH19|J9VH19_CRYN9	3
fam_005394	tr|J9VIB2|J9VIB2_CRYN9	5
fam_005395	tr|J9VJH4|J9VJH4_CRYN9	3
fam_005396	tr|J9VKV6|J9VKV6_CRYN9	2
fam_005397	tr|J9VTZ8|J9VTZ8_CRYN9	1
fam_005398	tr|J9VLF4|J9VLF4_CRYN9	2
fam_005399	tr|J9VN57|J9VN57_CRYN9	2
fam_005400	tr|J9VQS3|J9VQS3_CRYN9	2
fam_005401	tr|J9VUG3|J9VUG3_CRYN9	1
fam_005402	tr|J9VXG0|J9VXG0_CRYN9	1
fam_005403	tr|J9VUL7|J9VUL7_CRYN9	1
fam_005404	tr|J9VXM6|J9VXM6_CRYN9	1
fam_005405	tr|J9VUT1|J9VUT1_CRYN9	3
fam_005406	tr|J9W0N0|J9W0N0_CRYN9	2
fam_005407	tr|J9VF67|J9VF67_CRYN9	1
fam_005408	tr|J9VVU0|J9VVU0_CRYN9	1
fam_005409	tr|J9VVS7|J9VVS7_CRYN9	4
fam_005410	tr|J9W3A6|J9W3A6_CRYN9	2
fam_005411	tr|J9VFG8|J9VFG8_CRYN9	5
fam_005412	tr|J9VHK7|J9VHK7_CRYN9	7
fam_005413	tr|J9VHR6|J9VHR6_CRYN9	3
fam_005414	tr|J9VNM4|J9VNM4_CRYN9	2
fam_005415	tr|J9VPK8|J9VPK8_CRYN9	2
fam_005416	tr|J9VUF1|J9VUF1_CRYN9	2
fam_005417	tr|J9VUM8|J9VUM8_CRYN9	2
fam_005418	tr|J9W230|J9W230_CRYN9	4
fam_005419	tr|Q85T00|Q85T00_CRYN9	3
fam_005420	tr|J9VMR6|J9VMR6_CRYN9	3
fam_005421	tr|J9VQA6|J9VQA6_CRYN9	2
fam_005422	tr|J9VUS9|J9VUS9_CRYN9	3
fam_005423	tr|J9VV86|J9VV86_CRYN9	1
fam_005424	tr|J9VSA5|J9VSA5_CRYN9	1
fam_005425	tr|J9VZB2|J9VZB2_CRYN9	2
fam_005426	tr|J9W2Q7|J9W2Q7_CRYN9	2
fam_005427	tr|J9VFQ4|J9VFQ4_CRYN9	2
fam_005428	tr|J9VHV3|J9VHV3_CRYN9	2
fam_005429	tr|J9VJ51|J9VJ51_CRYN9	2
fam_005430	tr|J9VJD2|J9VJD2_CRYN9	3
fam_005431	sp|Q9P7E0|QCR10_SCHPO	1
fam_005432	tr|J9VMA6|J9VMA6_CRYN9	7
fam_005433	tr|J9VQP4|J9VQP4_CRYN9	2
fam_005434	tr|J9VSN3|J9VSN3_CRYN9	2
fam_005435	tr|J9VUR2|J9VUR2_CRYN9	3
fam_005436	tr|J9VZW2|J9VZW2_CRYN9	2
fam_005437	tr|J9W1G8|J9W1G8_CRYN9	2
fam_005438	tr|J9VDI6|J9VDI6_CRYN9	2
fam_005439	tr|J9VFW8|J9VFW8_CRYN9	2
fam_005440	tr|J9VI50|J9VI50_CRYN9	5
fam_005441	tr|J9VJ86|J9VJ86_CRYN9	3
fam_005442	tr|J9VMS5|J9VMS5_CRYN9	5
fam_005443	tr|J9VNA8|J9VNA8_CRYN9	28
fam_005444	tr|J9VTC1|J9VTC1_CRYN9	10
fam_005445	tr|J9VU76|J9VU76_CRYN9	2
fam_005446	tr|J9VYU5|J9VYU5_CRYN9	2
fam_005447	tr|J9W0L8|J9W0L8_CRYN9	2
fam_005448	tr|T2BQC9|T2BQC9_CRYN9	2
fam_005449	tr|J9VDS3|J9VDS3_CRYN9	2
fam_005450	tr|J9VF55|J9VF55_CRYN9	2
fam_005451	tr|J9VH51|J9VH51_CRYN9	3
fam_005452	tr|J9VK96|J9VK96_CRYN9	2
fam_005453	tr|J9VKT9|J9VKT9_CRYN9	2
fam_005454	tr|J9VPN6|J9VPN6_CRYN9	2
fam_005455	tr|J9VR24|J9VR24_CRYN9	1
fam_005456	tr|J9W1L1|J9W1L1_CRYN9	1
fam_005457	tr|J9VSC4|J9VSC4_CRYN9	8
fam_005458	tr|J9VT75|J9VT75_CRYN9	9
fam_005459	tr|J9VUH9|J9VUH9_CRYN9	3
fam_005460	tr|J9VW74|J9VW74_CRYN9	6
fam_005461	tr|J9VWX8|J9VWX8_CRYN9	1
fam_005462	tr|J9VUI7|J9VUI7_CRYN9	1
fam_005463	tr|S2J073|S2J073_MUCC1	3
fam_005464	tr|S2J167|S2J167_MUCC1	5
fam_005465	tr|S2J1U4|S2J1U4_MUCC1	3
fam_005466	tr|S2J8U4|S2J8U4_MUCC1	3
fam_005467	tr|S2JE78|S2JE78_MUCC1	8
fam_005468	tr|S2JHD4|S2JHD4_MUCC1	1
fam_005469	tr|S2K5E6|S2K5E6_MUCC1	1
fam_005470	tr|S2JMJ5|S2JMJ5_MUCC1	5
fam_005471	tr|S2JMN9|S2JMN9_MUCC1	2
fam_005472	tr|S2JRZ0|S2JRZ0_MUCC1	4
fam_005473	tr|S2JTM4|S2JTM4_MUCC1	6
fam_005474	tr|S2JUH1|S2JUH1_MUCC1	4
fam_005475	tr|S2J0B2|S2J0B2_MUCC1	3
fam_005476	tr|S2J3B5|S2J3B5_MUCC1	2
fam_005477	tr|S2J3S5|S2J3S5_MUCC1	5
fam_005478	tr|S2J4K9|S2J4K9_MUCC1	1
fam_005479	tr|S2JQD7|S2JQD7_MUCC1	1
fam_005480	tr|S2J731|S2J731_MUCC1	5
fam_005481	tr|S2JEH8|S2JEH8_MUCC1	3
fam_005482	tr|S2JG28|S2JG28_MUCC1	3
fam_005483	tr|S2JHX3|S2JHX3_MUCC1	1
fam_005484	tr|S2JQT9|S2JQT9_MUCC1	2
fam_005485	tr|S2JID2|S2JID2_MUCC1	1
fam_005486	tr|S2K1L8|S2K1L8_MUCC1	1
fam_005487	tr|S2JVV6|S2JVV6_MUCC1	3
fam_005488	tr|S2JX52|S2JX52_MUCC1	2
fam_005489	tr|S2K0V9|S2K0V9_MUCC1	3
fam_005490	tr|S2K694|S2K694_MUCC1	5
fam_005491	tr|S2KA97|S2KA97_MUCC1	2
fam_005492	tr|S2KIY6|S2KIY6_MUCC1	5
fam_005493	tr|S2J4Q1|S2J4Q1_MUCC1	8
fam_005494	tr|S2JG49|S2JG49_MUCC1	6
fam_005495	tr|S2JHB9|S2JHB9_MUCC1	6
fam_005496	tr|S2JLX1|S2JLX1_MUCC1	3
fam_005497	tr|S2JX23|S2JX23_MUCC1	11
fam_005498	tr|S2JZX5|S2JZX5_MUCC1	5
fam_005499	tr|S2K753|S2K753_MUCC1	1
fam_005500	tr|S2JFI8|S2JFI8_MUCC1	1
fam_005501	tr|S2K8C9|S2K8C9_MUCC1	3
fam_005502	tr|S2IXA4|S2IXA4_MUCC1	2
fam_005503	tr|S2J8D2|S2J8D2_MUCC1	1
fam_005504	tr|S2JCX1|S2JCX1_MUCC1	1
fam_005505	tr|S2JBE3|S2JBE3_MUCC1	6
fam_005506	tr|S2JDF7|S2JDF7_MUCC1	3
fam_005507	tr|S2JKI7|S2JKI7_MUCC1	1
fam_005508	tr|S2JIC6|S2JIC6_MUCC1	1
fam_005509	tr|S2JN38|S2JN38_MUCC1	5
fam_005510	tr|S2K0M3|S2K0M3_MUCC1	5
fam_005511	tr|S2K7H1|S2K7H1_MUCC1	6
fam_005512	tr|S2K9F2|S2K9F2_MUCC1	1
fam_005513	tr|S2J9M0|S2J9M0_MUCC1	1
fam_005514	tr|S2KBZ0|S2KBZ0_MUCC1	2
fam_005515	tr|S2IV27|S2IV27_MUCC1	1
fam_005516	tr|S2J1R9|S2J1R9_MUCC1	1
fam_005517	tr|S2IZ85|S2IZ85_MUCC1	2
fam_005518	tr|S2KGZ9|S2KGZ9_MUCC1	1
fam_005519	tr|S2J0H4|S2J0H4_MUCC1	4
fam_005520	tr|S2J625|S2J625_MUCC1	2
fam_005521	tr|S2J6U0|S2J6U0_MUCC1	2
fam_005522	tr|S2JB95|S2JB95_MUCC1	1
fam_005523	tr|S2JFW1|S2JFW1_MUCC1	1
fam_005524	tr|S2JM27|S2JM27_MUCC1	6
fam_005525	tr|S2JQH9|S2JQH9_MUCC1	3
fam_005526	tr|S2JR97|S2JR97_MUCC1	10
fam_005527	tr|S2JRA9|S2JRA9_MUCC1	6
fam_005528	tr|S2JW47|S2JW47_MUCC1	2
fam_005529	tr|S2KAD6|S2KAD6_MUCC1	34
fam_005530	tr|S2KH60|S2KH60_MUCC1	4
fam_005531	tr|S2KI27|S2KI27_MUCC1	4
fam_005532	tr|S2IYR6|S2IYR6_MUCC1	1
fam_005533	tr|S2JSS6|S2JSS6_MUCC1	1
fam_005534	tr|S2JAX6|S2JAX6_MUCC1	3
fam_005535	tr|S2JDT3|S2JDT3_MUCC1	5
fam_005536	tr|S2JGE1|S2JGE1_MUCC1	1
fam_005537	tr|S2JBK1|S2JBK1_MUCC1	1
fam_005538	tr|S2JH01|S2JH01_MUCC1	1
fam_005539	tr|S2JTS7|S2JTS7_MUCC1	1
fam_005540	tr|S2JH12|S2JH12_MUCC1	1
fam_005541	tr|S2JEQ6|S2JEQ6_MUCC1	1
fam_005542	tr|S2JI61|S2JI61_MUCC1	1
fam_005543	tr|S2KKU2|S2KKU2_MUCC1	1
fam_005544	tr|S2JRM9|S2JRM9_MUCC1	3
fam_005545	tr|S2JWX0|S2JWX0_MUCC1	4
fam_005546	tr|S2JYY5|S2JYY5_MUCC1	1
fam_005547	tr|S2JAT6|S2JAT6_MUCC1	1
fam_005548	tr|S2JZS2|S2JZS2_MUCC1	5
fam_005549	tr|S2K2R5|S2K2R5_MUCC1	3
fam_005550	tr|S2K9P0|S2K9P0_MUCC1	2
fam_005551	tr|S2KCR0|S2KCR0_MUCC1	1
fam_005552	tr|S2JK02|S2JK02_MUCC1	1
fam_005553	tr|S2KEQ4|S2KEQ4_MUCC1	6
fam_005554	tr|S2J3H9|S2J3H9_MUCC1	4
fam_005555	tr|S2JAF0|S2JAF0_MUCC1	2
fam_005556	tr|S2JGV5|S2JGV5_MUCC1	2
fam_005557	tr|S2JJ86|S2JJ86_MUCC1	4
fam_005558	tr|S2JJN6|S2JJN6_MUCC1	9
fam_005559	tr|S2JK77|S2JK77_MUCC1	1
fam_005560	tr|S2J9I9|S2J9I9_MUCC1	2
fam_005561	tr|S2JKP5|S2JKP5_MUCC1	1
fam_005562	tr|S2KAQ6|S2KAQ6_MUCC1	1
fam_005563	tr|S2JW78|S2JW78_MUCC1	5
fam_005564	tr|S2K611|S2K611_MUCC1	3
fam_005565	tr|S2K784|S2K784_MUCC1	2
fam_005566	tr|S2JBR1|S2JBR1_MUCC1	1
fam_005567	tr|S2KAN1|S2KAN1_MUCC1	2
fam_005568	tr|S2J6A1|S2J6A1_MUCC1	3
fam_005569	tr|S2J9E6|S2J9E6_MUCC1	4
fam_005570	tr|S2J9T1|S2J9T1_MUCC1	5
fam_005571	tr|S2JAJ8|S2JAJ8_MUCC1	11
fam_005572	tr|S2JDM6|S2JDM6_MUCC1	4
fam_005573	tr|S2JQ58|S2JQ58_MUCC1	1
fam_005574	tr|S2K6U4|S2K6U4_MUCC1	1
fam_005575	tr|S2JR26|S2JR26_MUCC1	4
fam_005576	tr|S2JYH6|S2JYH6_MUCC1	3
fam_005577	tr|S2KDN5|S2KDN5_MUCC1	7
fam_005578	tr|S2KGI3|S2KGI3_MUCC1	1
fam_005579	tr|S2J867|S2J867_MUCC1	1
fam_005580	tr|S2IYA3|S2IYA3_MUCC1	6
fam_005581	tr|S2J3U6|S2J3U6_MUCC1	2
fam_005582	tr|S2J4C1|S2J4C1_MUCC1	7
fam_005583	tr|S2J6Q9|S2J6Q9_MUCC1	1
fam_005584	tr|S2K4Y7|S2K4Y7_MUCC1	1
fam_005585	tr|S2JA13|S2JA13_MUCC1	1
fam_005586	tr|S2K6U8|S2K6U8_MUCC1	1
fam_005587	tr|S2JC13|S2JC13_MUCC1	2
fam_005588	tr|S2JCA0|S2JCA0_MUCC1	5
fam_005589	tr|S2JK83|S2JK83_MUCC1	2
fam_005590	tr|S2JN30|S2JN30_MUCC1	2
fam_005591	tr|S2JP57|S2JP57_MUCC1	1
fam_005592	tr|S2KA31|S2KA31_MUCC1	1
fam_005593	tr|S2JPY4|S2JPY4_MUCC1	4
fam_005594	tr|S2JW71|S2JW71_MUCC1	3
fam_005595	tr|S2K5Y7|S2K5Y7_MUCC1	2
fam_005596	tr|S2IXS4|S2IXS4_MUCC1	1
fam_005597	tr|S2K2Z4|S2K2Z4_MUCC1	1
fam_005598	tr|S2J7S9|S2J7S9_MUCC1	5
fam_005599	tr|S2J814|S2J814_MUCC1	2
fam_005600	tr|S2J969|S2J969_MUCC1	1
fam_005601	tr|S2JHM4|S2JHM4_MUCC1	1
fam_005602	tr|S2JC08|S2JC08_MUCC1	2
fam_005603	tr|S2JES7|S2JES7_MUCC1	2
fam_005604	tr|S2JJE2|S2JJE2_MUCC1	1
fam_005605	tr|S2JG60|S2JG60_MUCC1	1
fam_005606	tr|S2JJE6|S2JJE6_MUCC1	1
fam_005607	tr|S2IXK1|S2IXK1_MUCC1	1
fam_005608	tr|S2JMG9|S2JMG9_MUCC1	2
fam_005609	tr|S2JNL2|S2JNL2_MUCC1	2
fam_005610	tr|S2JQ63|S2JQ63_MUCC1	4
fam_005611	tr|S2JT88|S2JT88_MUCC1	2
fam_005612	tr|S2JUT2|S2JUT2_MUCC1	3
fam_005613	tr|S2JV72|S2JV72_MUCC1	6
fam_005614	tr|S2KH78|S2KH78_MUCC1	2
fam_005615	tr|S2IZL0|S2IZL0_MUCC1	2
fam_005616	tr|S2J1G4|S2J1G4_MUCC1	2
fam_005617	tr|S2J262|S2J262_MUCC1	4
fam_005618	tr|S2J2W7|S2J2W7_MUCC1	3
fam_005619	tr|S2J3U0|S2J3U0_MUCC1	2
fam_005620	tr|S2J3Z9|S2J3Z9_MUCC1	3
fam_005621	tr|S2J768|S2J768_MUCC1	2
fam_005622	tr|S2JCX7|S2JCX7_MUCC1	2
fam_005623	tr|S2JDT1|S2JDT1_MUCC1	1
fam_005624	tr|S2KIQ2|S2KIQ2_MUCC1	1
fam_005625	tr|S2JFR8|S2JFR8_MUCC1	2
fam_005626	tr|S2JGA8|S2JGA8_MUCC1	3
fam_005627	tr|S2JLJ8|S2JLJ8_MUCC1	5
fam_005628	tr|S2JN45|S2JN45_MUCC1	4
fam_005629	tr|S2JNT2|S2JNT2_MUCC1	1
fam_005630	tr|S2J2P6|S2J2P6_MUCC1	1
fam_005631	tr|S2JRP9|S2JRP9_MUCC1	2
fam_005632	tr|S2JSE8|S2JSE8_MUCC1	3
fam_005633	tr|S2JY18|S2JY18_MUCC1	7
fam_005634	tr|S2JY67|S2JY67_MUCC1	2
fam_005635	tr|S2JHT4|S2JHT4_MUCC1	1
fam_005636	tr|S2K0X3|S2K0X3_MUCC1	2
fam_005637	tr|S2K762|S2K762_MUCC1	8
fam_005638	tr|S2J613|S2J613_MUCC1	2
fam_005639	tr|S2J740|S2J740_MUCC1	10
fam_005640	tr|S2JFM0|S2JFM0_MUCC1	3
fam_005641	tr|S2JH54|S2JH54_MUCC1	1
fam_005642	tr|S2JRG8|S2JRG8_MUCC1	1
fam_005643	tr|S2K4N3|S2K4N3_MUCC1	3
fam_005644	sp|O14172|MET8_SCHPO	4
fam_005645	sp|O42978|LSM5_SCHPO	5
fam_005646	sp|O43001|SYJ1_SCHPO	5
fam_005647	sp|O59709|GIT7_SCHPO	2
fam_005648	sp|O74736|ING2_SCHPO	2
fam_005649	sp|O74886|YQE2_SCHPO	3
fam_005650	sp|P36587|NCPR_SCHPO	8
fam_005651	sp|P79064|RAD31_SCHPO	2
fam_005652	sp|P87015|ASPG1_SCHPO	9
fam_005653	sp|P87324|DPOD2_SCHPO	6
fam_005654	sp|Q09691|RF1M_SCHPO	6
fam_005655	sp|Q1MTQ9|NIP7_SCHPO	6
fam_005656	sp|Q9P7M5|NOP10_SCHPO	5
fam_005657	sp|Q9UR06|MMF2_SCHPO	15
fam_005658	sp|Q9UT23|MPH1_SCHPO	3
fam_005659	sp|Q9UTD1|YTH1_SCHPO	2
fam_005660	sp|O13629|LPLA_SCHPO	3
fam_005661	sp|O14137|G6PD3_SCHPO	9
fam_005662	sp|O59701|CYSK_SCHPO	13
fam_005663	sp|O74858|SYKM_SCHPO	10
fam_005664	sp|P32587|PYP3_SCHPO	2
fam_005665	sp|Q8TFG6|PPK18_SCHPO	1
fam_005666	sp|P38938|CEK1_SCHPO	1
fam_005667	sp|Q9P7G4|OMA1_SCHPO	2
fam_005668	sp|Q9UT98|POS5_SCHPO	2
fam_005669	sp|Q9UU77|YQMA_SCHPO	2
fam_005670	sp|Q9Y7J0|NPY1_SCHPO	2
fam_005671	sp|O14038|YEY5_SCHPO	9
fam_005672	sp|O14274|DTD_SCHPO	5
fam_005673	sp|O14362|SMI1_SCHPO	2
fam_005674	sp|O59737|GYP1_SCHPO	4
fam_005675	sp|O74880|MCES_SCHPO	3
fam_005676	sp|P87121|TAF2_SCHPO	2
fam_005677	sp|Q08I43|ERI1_SCHPO	3
fam_005678	sp|Q09813|T111_SCHPO	6
fam_005679	sp|Q1MTQ1|TEA2_SCHPO	2
fam_005680	sp|Q9P7C8|SLD5_SCHPO	2
fam_005681	sp|O13837|GABAT_SCHPO	6
fam_005682	sp|O14112|RS10A_SCHPO	7
fam_005683	sp|O14156|PP2C4_SCHPO	3
fam_005684	sp|O43065|BTAF1_SCHPO	5
fam_005685	sp|O94292|RM38_SCHPO	5
fam_005686	sp|O94376|MED21_SCHPO	3
fam_005687	sp|O94432|YHKF_SCHPO	3
fam_005688	sp|O94461|YFFL_SCHPO	4
fam_005689	sp|O94597|YC87_SCHPO	2
fam_005690	sp|O94672|SC232_SCHPO	7
fam_005691	sp|P56286|IF2A_SCHPO	5
fam_005692	sp|P87055|YDJ7_SCHPO	4
fam_005693	sp|Q09854|MOK11_SCHPO	7
fam_005694	sp|Q1K9C2|MET5_SCHPO	6
fam_005695	sp|Q874R3|APC2_SCHPO	2
fam_005696	sp|Q9C0Z9|RPC9_SCHPO	2
fam_005697	sp|Q9HDU9|5NTD1_SCHPO	7
fam_005698	sp|Q9HFE1|FET4_SCHPO	4
fam_005699	sp|Q9P6P5|BET3_SCHPO	5
fam_005700	sp|Q9US36|KLF1_SCHPO	1
fam_005701	sp|Q9UTS5|ZAS1_SCHPO	1
fam_005702	sp|Q9Y7L2|BIN3D_SCHPO	2
fam_005703	sp|Q9Y7U5|RGF3_SCHPO	2
fam_005704	sp|O13784|RS24A_SCHPO	9
fam_005705	sp|O14227|RDP1_SCHPO	2
fam_005706	sp|O14280|YETB_SCHPO	5
fam_005707	sp|O43056|KHSE_SCHPO	6
fam_005708	sp|O60163|AK_SCHPO	6
fam_005709	sp|O74407|SYDC_SCHPO	6
fam_005710	sp|O74974|UTP25_SCHPO	5
fam_005711	sp|O94609|UBA1_SCHPO	6
fam_005712	sp|P78974|HEM2_SCHPO	6
fam_005713	sp|Q09154|UCRI_SCHPO	4
fam_005714	sp|Q10137|SEC14_SCHPO	7
fam_005715	sp|Q10282|GBB_SCHPO	8
fam_005716	sp|Q10313|TRNL_SCHPO	2
fam_005717	sp|Q5WRL1|RM27_SCHPO	2
fam_005718	sp|Q9HE15|UPP2_SCHPO	6
fam_005719	sp|Q9P7G3|YK45_SCHPO	2
fam_005720	sp|Q9UST8|RNH1_SCHPO	3
fam_005721	sp|Q9UT05|TPP2_SCHPO	2
fam_005722	sp|O14056|COX19_SCHPO	3
fam_005723	sp|O14123|NAH2_SCHPO	5
fam_005724	sp|O14333|PSD1_SCHPO	1
fam_005725	sp|Q9UTB5|PSD2_SCHPO	1
fam_005726	sp|O74515|ASF1_SCHPO	3
fam_005727	sp|O74890|SYYM_SCHPO	6
fam_005728	sp|O94295|PUS2_SCHPO	1
fam_005729	sp|O94396|PUS1_SCHPO	1
fam_005730	sp|O94393|PSMD9_SCHPO	5
fam_005731	sp|O94468|MAG2_SCHPO	1
fam_005732	sp|Q92383|MAG1_SCHPO	1
fam_005733	sp|O94500|NDUV1_SCHPO	5
fam_005734	sp|P0CU20|FEX2_SCHPO	5
fam_005735	sp|Q10156|LKH1_SCHPO	2
fam_005736	sp|Q10181|YAW6_SCHPO	3
fam_005737	sp|Q7Z991|YE31_SCHPO	5
fam_005738	sp|Q9UT06|YLWB_SCHPO	5
fam_005739	sp|Q9UT85|GID7_SCHPO	3
fam_005740	tr|A8NTA2|A8NTA2_COPC7	4
fam_005741	tr|A8NZA9|A8NZA9_COPC7	2
fam_005742	tr|A8NZM2|A8NZM2_COPC7	3
fam_005743	tr|A8NZP8|A8NZP8_COPC7	1
fam_005744	tr|A8NZP7|A8NZP7_COPC7	1
fam_005745	tr|D6RK98|D6RK98_COPC7	2
fam_005746	tr|D6RLX8|D6RLX8_COPC7	2
fam_005747	tr|D6RQR0|D6RQR0_COPC7	6
fam_005748	tr|A8N2C1|A8N2C1_COPC7	2
fam_005749	tr|A8NAY7|A8NAY7_COPC7	2
fam_005750	tr|A8NCL0|A8NCL0_COPC7	2
fam_005751	tr|A8NAL2|A8NAL2_COPC7	1
fam_005752	tr|A8NFK9|A8NFK9_COPC7	5
fam_005753	tr|A8NUR7|A8NUR7_COPC7	3
fam_005754	tr|A8P0Y5|A8P0Y5_COPC7	2
fam_005755	tr|A8MZZ2|A8MZZ2_COPC7	2
fam_005756	tr|A8N0H2|A8N0H2_COPC7	2
fam_005757	tr|A8N4D4|A8N4D4_COPC7	3
fam_005758	tr|A8N588|A8N588_COPC7	5
fam_005759	tr|A8N6X3|A8N6X3_COPC7	2
fam_005760	tr|A8NRI1|A8NRI1_COPC7	2
fam_005761	tr|A8P0B0|A8P0B0_COPC7	5
fam_005762	tr|A8P632|A8P632_COPC7	1
fam_005763	tr|A8P8B5|A8P8B5_COPC7	1
fam_005764	tr|A8P8Y2|A8P8Y2_COPC7	2
fam_005765	tr|D6RNE6|D6RNE6_COPC7	1
fam_005766	tr|A8PDC6|A8PDC6_COPC7	1
fam_005767	tr|A8N2K9|A8N2K9_COPC7	3
fam_005768	tr|A8N525|A8N525_COPC7	5
fam_005769	tr|A8N5E9|A8N5E9_COPC7	2
fam_005770	tr|A8N9U7|A8N9U7_COPC7	2
fam_005771	tr|A8NC93|A8NC93_COPC7	4
fam_005772	tr|A8NDL0|A8NDL0_COPC7	2
fam_005773	tr|A8NCH4|A8NCH4_COPC7	1
fam_005774	tr|A8NH34|A8NH34_COPC7	1
fam_005775	tr|A8NLJ7|A8NLJ7_COPC7	16
fam_005776	tr|A8NNU8|A8NNU8_COPC7	4
fam_005777	tr|A8NX19|A8NX19_COPC7	5
fam_005778	tr|A8NY54|A8NY54_COPC7	4
fam_005779	tr|A8P8R2|A8P8R2_COPC7	2
fam_005780	tr|A8PFM0|A8PFM0_COPC7	3
fam_005781	tr|A8PFU7|A8PFU7_COPC7	10
fam_005782	tr|D6RLK7|D6RLK7_COPC7	2
fam_005783	tr|D6RQP3|D6RQP3_COPC7	2
fam_005784	tr|A8N5I2|A8N5I2_COPC7	2
fam_005785	tr|A8N6D3|A8N6D3_COPC7	11
fam_005786	tr|A8NCL1|A8NCL1_COPC7	3
fam_005787	tr|A8NGX2|A8NGX2_COPC7	2
fam_005788	tr|A8NL32|A8NL32_COPC7	21
fam_005789	tr|A8NQ14|A8NQ14_COPC7	2
fam_005790	tr|A8P648|A8P648_COPC7	3
fam_005791	tr|A8PFY2|A8PFY2_COPC7	5
fam_005792	tr|A8PG18|A8PG18_COPC7	2
fam_005793	tr|A8PGG8|A8PGG8_COPC7	5
fam_005794	tr|A8PHP9|A8PHP9_COPC7	4
fam_005795	tr|D6RKS5|D6RKS5_COPC7	2
fam_005796	tr|D6RR46|D6RR46_COPC7	4
fam_005797	tr|A8N153|A8N153_COPC7	2
fam_005798	tr|A8N6L7|A8N6L7_COPC7	2
fam_005799	tr|A8N9T3|A8N9T3_COPC7	3
fam_005800	tr|A8NJE0|A8NJE0_COPC7	1
fam_005801	tr|A8NIZ8|A8NIZ8_COPC7	2
fam_005802	tr|A8NK68|A8NK68_COPC7	2
fam_005803	tr|A8NTS5|A8NTS5_COPC7	5
fam_005804	tr|A8NUA3|A8NUA3_COPC7	2
fam_005805	tr|A8NUW8|A8NUW8_COPC7	5
fam_005806	tr|A8NZV7|A8NZV7_COPC7	3
fam_005807	tr|A8P0W6|A8P0W6_COPC7	6
fam_005808	tr|A8P9Q5|A8P9Q5_COPC7	3
fam_005809	tr|A8PB67|A8PB67_COPC7	2
fam_005810	tr|A8PBN1|A8PBN1_COPC7	2
fam_005811	tr|A8PD79|A8PD79_COPC7	2
fam_005812	tr|A8PF60|A8PF60_COPC7	3
fam_005813	tr|D6RNX6|D6RNX6_COPC7	3
fam_005814	tr|A8N6A0|A8N6A0_COPC7	10
fam_005815	tr|A8NF03|A8NF03_COPC7	2
fam_005816	tr|A8NGC5|A8NGC5_COPC7	3
fam_005817	tr|A8NH71|A8NH71_COPC7	2
fam_005818	tr|A8NSA5|A8NSA5_COPC7	3
fam_005819	tr|A8NVK2|A8NVK2_COPC7	3
fam_005820	tr|A8NXZ8|A8NXZ8_COPC7	4
fam_005821	tr|A8NZL7|A8NZL7_COPC7	1
fam_005822	tr|A8NVZ7|A8NVZ7_COPC7	1
fam_005823	tr|A8P0B7|A8P0B7_COPC7	2
fam_005824	tr|A8P5G8|A8P5G8_COPC7	5
fam_005825	tr|A8PCC2|A8PCC2_COPC7	1
fam_005826	tr|A8PDG3|A8PDG3_COPC7	1
fam_005827	tr|D6RJW4|D6RJW4_COPC7	1
fam_005828	tr|D6RNV9|D6RNV9_COPC7	2
fam_005829	tr|D6RJX0|D6RJX0_COPC7	2
fam_005830	tr|D6RKY6|D6RKY6_COPC7	2
fam_005831	tr|A8N138|A8N138_COPC7	5
fam_005832	tr|A8N321|A8N321_COPC7	7
fam_005833	tr|A8N3P9|A8N3P9_COPC7	4
fam_005834	tr|A8N6N8|A8N6N8_COPC7	7
fam_005835	tr|A8N774|A8N774_COPC7	10
fam_005836	tr|A8N7X6|A8N7X6_COPC7	3
fam_005837	tr|A8NGQ3|A8NGQ3_COPC7	6
fam_005838	tr|A8NA41|A8NA41_COPC7	2
fam_005839	tr|A8NGU1|A8NGU1_COPC7	3
fam_005840	tr|A8NJQ3|A8NJQ3_COPC7	2
fam_005841	tr|A8NR87|A8NR87_COPC7	2
fam_005842	tr|A8NW50|A8NW50_COPC7	2
fam_005843	tr|A8P2P6|A8P2P6_COPC7	3
fam_005844	tr|A8P6H2|A8P6H2_COPC7	2
fam_005845	tr|A8PBG3|A8PBG3_COPC7	7
fam_005846	tr|D6RJY2|D6RJY2_COPC7	8
fam_005847	tr|D6RMB4|D6RMB4_COPC7	5
fam_005848	tr|D6RMR6|D6RMR6_COPC7	2
fam_005849	tr|A8MZS5|A8MZS5_COPC7	11
fam_005850	tr|A8N043|A8N043_COPC7	5
fam_005851	sp|A8N2Z9|EFTS_COPC7	3
fam_005852	tr|A8N4D9|A8N4D9_COPC7	2
fam_005853	tr|A8N5X8|A8N5X8_COPC7	2
fam_005854	tr|A8N6U3|A8N6U3_COPC7	2
fam_005855	tr|A8N757|A8N757_COPC7	3
fam_005856	tr|A8NBF5|A8NBF5_COPC7	1
fam_005857	tr|A8N977|A8N977_COPC7	1
fam_005858	tr|A8NEL4|A8NEL4_COPC7	1
fam_005859	tr|A8NEL5|A8NEL5_COPC7	1
fam_005860	tr|A8NGT7|A8NGT7_COPC7	1
fam_005861	tr|D6RKR1|D6RKR1_COPC7	2
fam_005862	tr|A8NV45|A8NV45_COPC7	21
fam_005863	tr|A8NZI9|A8NZI9_COPC7	2
fam_005864	tr|A8PAI0|A8PAI0_COPC7	6
fam_005865	tr|A8PCF2|A8PCF2_COPC7	4
fam_005866	tr|A8N1G0|A8N1G0_COPC7	3
fam_005867	tr|A8N8H1|A8N8H1_COPC7	2
fam_005868	tr|A8NJ60|A8NJ60_COPC7	3
fam_005869	tr|A8NLZ9|A8NLZ9_COPC7	2
fam_005870	tr|A8NU12|A8NU12_COPC7	2
fam_005871	tr|A8NXB9|A8NXB9_COPC7	3
fam_005872	tr|A8P303|A8P303_COPC7	4
fam_005873	tr|A8P5J7|A8P5J7_COPC7	2
fam_005874	tr|A8P8P9|A8P8P9_COPC7	4
fam_005875	tr|A8P960|A8P960_COPC7	2
fam_005876	tr|A8PHW4|A8PHW4_COPC7	2
fam_005877	tr|D6RL93|D6RL93_COPC7	2
fam_005878	tr|D6RLL1|D6RLL1_COPC7	2
fam_005879	tr|A8N557|A8N557_COPC7	2
fam_005880	tr|A8N7S6|A8N7S6_COPC7	3
fam_005881	tr|A8NBX7|A8NBX7_COPC7	2
fam_005882	tr|A8NC01|A8NC01_COPC7	7
fam_005883	tr|A8NI41|A8NI41_COPC7	1
fam_005884	tr|A8NI40|A8NI40_COPC7	1
fam_005885	tr|A8P1X2|A8P1X2_COPC7	5
fam_005886	tr|A8P3Q6|A8P3Q6_COPC7	2
fam_005887	tr|A8P9F0|A8P9F0_COPC7	1
fam_005888	tr|A8P9G8|A8P9G8_COPC7	1
fam_005889	tr|A8PGT3|A8PGT3_COPC7	2
fam_005890	tr|D6RKU3|D6RKU3_COPC7	2
fam_005891	tr|A8N5J4|A8N5J4_COPC7	6
fam_005892	tr|A8NIL6|A8NIL6_COPC7	2
fam_005893	tr|A8NT93|A8NT93_COPC7	3
fam_005894	tr|A8P727|A8P727_COPC7	2
fam_005895	tr|A8P9H2|A8P9H2_COPC7	1
fam_005896	tr|D6RQC3|D6RQC3_COPC7	1
fam_005897	tr|A8N2W9|A8N2W9_COPC7	2
fam_005898	tr|A8N5E8|A8N5E8_COPC7	1
fam_005899	tr|D6RMF1|D6RMF1_COPC7	1
fam_005900	tr|A8N5K9|A8N5K9_COPC7	2
fam_005901	tr|A8N5Y2|A8N5Y2_COPC7	2
fam_005902	tr|A8N871|A8N871_COPC7	1
fam_005903	tr|A8N870|A8N870_COPC7	1
fam_005904	tr|A8NB02|A8NB02_COPC7	2
fam_005905	tr|A8NBT5|A8NBT5_COPC7	1
fam_005906	tr|A8P5M8|A8P5M8_COPC7	1
fam_005907	tr|A8NG41|A8NG41_COPC7	2
fam_005908	tr|A8NUK6|A8NUK6_COPC7	2
fam_005909	tr|A8NYS0|A8NYS0_COPC7	2
fam_005910	tr|A8PI35|A8PI35_COPC7	11
fam_005911	tr|D6RNM6|D6RNM6_COPC7	17
fam_005912	tr|A8N5P5|A8N5P5_COPC7	2
fam_005913	tr|A8NES0|A8NES0_COPC7	2
fam_005914	tr|A8NDH4|A8NDH4_COPC7	10
fam_005915	tr|A8NFR6|A8NFR6_COPC7	5
fam_005916	tr|A8NN95|A8NN95_COPC7	2
fam_005917	tr|A8NPK5|A8NPK5_COPC7	4
fam_005918	tr|A8PBB9|A8PBB9_COPC7	4
fam_005919	tr|A8PHC0|A8PHC0_COPC7	2
fam_005920	tr|A8N0G1|A8N0G1_COPC7	4
fam_005921	tr|A8NAI0|A8NAI0_COPC7	22
fam_005922	tr|A8NAS0|A8NAS0_COPC7	1
fam_005923	tr|D6RNZ0|D6RNZ0_COPC7	1
fam_005924	tr|A8NBN7|A8NBN7_COPC7	5
fam_005925	tr|A8NDD3|A8NDD3_COPC7	2
fam_005926	tr|A8NDS6|A8NDS6_COPC7	2
fam_005927	tr|A8NJG9|A8NJG9_COPC7	3
fam_005928	tr|A8NLH6|A8NLH6_COPC7	2
fam_005929	tr|A8NSC9|A8NSC9_COPC7	2
fam_005930	tr|A8NUD9|A8NUD9_COPC7	4
fam_005931	tr|A8NV65|A8NV65_COPC7	6
fam_005932	tr|A8NX34|A8NX34_COPC7	2
fam_005933	tr|A8P512|A8P512_COPC7	6
fam_005934	tr|A8PD00|A8PD00_COPC7	1
fam_005935	tr|A8PD02|A8PD02_COPC7	1
fam_005936	tr|A8PED0|A8PED0_COPC7	3
fam_005937	tr|D6RLA7|D6RLA7_COPC7	14
fam_005938	tr|D6RNH0|D6RNH0_COPC7	2
fam_005939	tr|D6RQW3|D6RQW3_COPC7	3
fam_005940	tr|A8N0M8|A8N0M8_COPC7	1
fam_005941	tr|A8N0A4|A8N0A4_COPC7	1
fam_005942	tr|A8N293|A8N293_COPC7	3
fam_005943	tr|A8N3G9|A8N3G9_COPC7	4
fam_005944	tr|A8N573|A8N573_COPC7	2
fam_005945	tr|A8N6Y2|A8N6Y2_COPC7	4
fam_005946	tr|A8N7A8|A8N7A8_COPC7	3
fam_005947	tr|S2J903|S2J903_MUCC1	2
fam_005948	tr|S2JCL1|S2JCL1_MUCC1	1
fam_005949	tr|S2JR54|S2JR54_MUCC1	1
fam_005950	tr|S2JDL7|S2JDL7_MUCC1	10
fam_005951	tr|S2JJK7|S2JJK7_MUCC1	3
fam_005952	tr|S2JKU2|S2JKU2_MUCC1	1
fam_005953	tr|S2JE56|S2JE56_MUCC1	1
fam_005954	tr|S2JKV2|S2JKV2_MUCC1	2
fam_005955	tr|S2JMT8|S2JMT8_MUCC1	1
fam_005956	tr|S2JEM9|S2JEM9_MUCC1	1
fam_005957	tr|S2JS91|S2JS91_MUCC1	3
fam_005958	tr|S2JSU0|S2JSU0_MUCC1	3
fam_005959	tr|S2JX34|S2JX34_MUCC1	2
fam_005960	tr|S2JXE4|S2JXE4_MUCC1	1
fam_005961	tr|S2JLQ6|S2JLQ6_MUCC1	1
fam_005962	tr|S2JZV5|S2JZV5_MUCC1	4
fam_005963	tr|S2KEV2|S2KEV2_MUCC1	5
fam_005964	tr|S2J5T6|S2J5T6_MUCC1	3
fam_005965	tr|S2J8N1|S2J8N1_MUCC1	2
fam_005966	tr|S2J391|S2J391_MUCC1	1
fam_005967	tr|S2JJJ8|S2JJJ8_MUCC1	7
fam_005968	tr|S2JM26|S2JM26_MUCC1	2
fam_005969	tr|S2JM29|S2JM29_MUCC1	2
fam_005970	tr|S2JQ95|S2JQ95_MUCC1	2
fam_005971	tr|S2JQD0|S2JQD0_MUCC1	2
fam_005972	tr|S2JU86|S2JU86_MUCC1	3
fam_005973	tr|S2K4Y9|S2K4Y9_MUCC1	1
fam_005974	tr|S2JWJ1|S2JWJ1_MUCC1	1
fam_005975	tr|S2IZT0|S2IZT0_MUCC1	5
fam_005976	tr|S2J1P3|S2J1P3_MUCC1	6
fam_005977	tr|S2J394|S2J394_MUCC1	12
fam_005978	tr|S2J5L3|S2J5L3_MUCC1	3
fam_005979	tr|S2JIS1|S2JIS1_MUCC1	1
fam_005980	tr|S2JQQ4|S2JQQ4_MUCC1	1
fam_005981	tr|S2JGG4|S2JGG4_MUCC1	3
fam_005982	tr|S2JK56|S2JK56_MUCC1	2
fam_005983	tr|S2JKW0|S2JKW0_MUCC1	3
fam_005984	tr|S2JKX5|S2JKX5_MUCC1	4
fam_005985	tr|S2JL15|S2JL15_MUCC1	5
fam_005986	tr|S2JN17|S2JN17_MUCC1	2
fam_005987	tr|S2JN25|S2JN25_MUCC1	4
fam_005988	tr|S2JP72|S2JP72_MUCC1	5
fam_005989	tr|S2JPX8|S2JPX8_MUCC1	5
fam_005990	tr|S2JRZ3|S2JRZ3_MUCC1	2
fam_005991	tr|S2JU02|S2JU02_MUCC1	7
fam_005992	tr|S2K150|S2K150_MUCC1	1
fam_005993	tr|S2K1V7|S2K1V7_MUCC1	2
fam_005994	tr|S2K2A7|S2K2A7_MUCC1	2
fam_005995	tr|S2KGM2|S2KGM2_MUCC1	7
fam_005996	tr|S2IVH5|S2IVH5_MUCC1	2
fam_005997	tr|S2J008|S2J008_MUCC1	1
fam_005998	tr|S2J6I9|S2J6I9_MUCC1	1
fam_005999	tr|S2J0G6|S2J0G6_MUCC1	4
fam_006000	tr|S2J6E8|S2J6E8_MUCC1	32
fam_006001	tr|S2J8K8|S2J8K8_MUCC1	2
fam_006002	tr|S2JBS4|S2JBS4_MUCC1	2
fam_006003	tr|S2JCF5|S2JCF5_MUCC1	1
fam_006004	tr|S2JUY8|S2JUY8_MUCC1	1
fam_006005	tr|S2JGJ6|S2JGJ6_MUCC1	1
fam_006006	tr|S2JS27|S2JS27_MUCC1	2
fam_006007	tr|S2JGP1|S2JGP1_MUCC1	6
fam_006008	tr|S2JKD2|S2JKD2_MUCC1	2
fam_006009	tr|S2JP63|S2JP63_MUCC1	3
fam_006010	tr|S2JPZ4|S2JPZ4_MUCC1	5
fam_006011	tr|S2JTF4|S2JTF4_MUCC1	20
fam_006012	tr|S2JTT6|S2JTT6_MUCC1	1
fam_006013	tr|S2JQU8|S2JQU8_MUCC1	1
fam_006014	tr|S2JVC1|S2JVC1_MUCC1	2
fam_006015	tr|S2JZG4|S2JZG4_MUCC1	1
fam_006016	tr|S2J1G3|S2J1G3_MUCC1	1
fam_006017	tr|S2KAE0|S2KAE0_MUCC1	1
fam_006018	tr|S2JBA3|S2JBA3_MUCC1	1
fam_006019	tr|S2KBR3|S2KBR3_MUCC1	2
fam_006020	tr|S2KEB8|S2KEB8_MUCC1	10
fam_006021	tr|S2KK99|S2KK99_MUCC1	6
fam_006022	tr|S2IUW6|S2IUW6_MUCC1	6
fam_006023	tr|S2IY77|S2IY77_MUCC1	9
fam_006024	tr|S2JAC5|S2JAC5_MUCC1	4
fam_006025	tr|S2JPS4|S2JPS4_MUCC1	4
fam_006026	tr|S2JQG2|S2JQG2_MUCC1	3
fam_006027	tr|S2JW14|S2JW14_MUCC1	6
fam_006028	tr|S2JXC0|S2JXC0_MUCC1	1
fam_006029	tr|S2JTF8|S2JTF8_MUCC1	1
fam_006030	tr|S2K6V5|S2K6V5_MUCC1	6
fam_006031	tr|S2KJN3|S2KJN3_MUCC1	3
fam_006032	tr|S2J2L3|S2J2L3_MUCC1	2
fam_006033	tr|S2JJR5|S2JJR5_MUCC1	1
fam_006034	tr|S2JCU8|S2JCU8_MUCC1	1
fam_006035	tr|S2J4E0|S2J4E0_MUCC1	2
fam_006036	tr|S2J7J4|S2J7J4_MUCC1	2
fam_006037	tr|S2J8W1|S2J8W1_MUCC1	2
fam_006038	tr|S2JJR7|S2JJR7_MUCC1	8
fam_006039	tr|S2JP73|S2JP73_MUCC1	3
fam_006040	tr|S2JQW2|S2JQW2_MUCC1	2
fam_006041	tr|S2JRN3|S2JRN3_MUCC1	2
fam_006042	tr|S2K6J1|S2K6J1_MUCC1	2
fam_006043	tr|S2KBQ9|S2KBQ9_MUCC1	13
fam_006044	tr|S2IX64|S2IX64_MUCC1	3
fam_006045	tr|S2J1F6|S2J1F6_MUCC1	5
fam_006046	tr|S2J383|S2J383_MUCC1	4
fam_006047	tr|S2J5P9|S2J5P9_MUCC1	3
fam_006048	tr|S2JDP6|S2JDP6_MUCC1	1
fam_006049	tr|S2J4J3|S2J4J3_MUCC1	2
fam_006050	tr|S2JDV9|S2JDV9_MUCC1	2
fam_006051	tr|S2JEI9|S2JEI9_MUCC1	3
fam_006052	tr|S2JKL3|S2JKL3_MUCC1	2
fam_006053	tr|S2JML9|S2JML9_MUCC1	6
fam_006054	tr|S2JPT4|S2JPT4_MUCC1	3
fam_006055	tr|S2JQY9|S2JQY9_MUCC1	5
fam_006056	tr|S2JW98|S2JW98_MUCC1	1
fam_006057	tr|S2JKE0|S2JKE0_MUCC1	1
fam_006058	tr|S2JZZ2|S2JZZ2_MUCC1	1
fam_006059	tr|S2JCB6|S2JCB6_MUCC1	1
fam_006060	tr|S2IUK6|S2IUK6_MUCC1	2
fam_006061	tr|S2J145|S2J145_MUCC1	2
fam_006062	tr|S2J3J5|S2J3J5_MUCC1	25
fam_006063	tr|S2J3W8|S2J3W8_MUCC1	1
fam_006064	tr|S2KCK2|S2KCK2_MUCC1	1
fam_006065	tr|S2J6C9|S2J6C9_MUCC1	7
fam_006066	tr|S2J8X4|S2J8X4_MUCC1	2
fam_006067	tr|S2J900|S2J900_MUCC1	2
fam_006068	tr|S2JA75|S2JA75_MUCC1	2
fam_006069	tr|S2JK55|S2JK55_MUCC1	1
fam_006070	tr|S2JL82|S2JL82_MUCC1	1
fam_006071	tr|S2JKH9|S2JKH9_MUCC1	2
fam_006072	tr|S2JNM3|S2JNM3_MUCC1	1
fam_006073	tr|S2J1M7|S2J1M7_MUCC1	1
fam_006074	tr|S2JNT5|S2JNT5_MUCC1	2
fam_006075	tr|S2JTS1|S2JTS1_MUCC1	6
fam_006076	tr|S2JUB5|S2JUB5_MUCC1	5
fam_006077	tr|S2K350|S2K350_MUCC1	2
fam_006078	tr|S2J156|S2J156_MUCC1	1
fam_006079	tr|S2JN82|S2JN82_MUCC1	1
fam_006080	tr|S2J4S7|S2J4S7_MUCC1	1
fam_006081	tr|S2JJ23|S2JJ23_MUCC1	1
fam_006082	tr|S2J833|S2J833_MUCC1	3
fam_006083	tr|S2JDB9|S2JDB9_MUCC1	4
fam_006084	tr|S2JEW3|S2JEW3_MUCC1	2
fam_006085	tr|S2JJ49|S2JJ49_MUCC1	6
fam_006086	tr|S2JJQ9|S2JJQ9_MUCC1	2
fam_006087	tr|S2JL67|S2JL67_MUCC1	7
fam_006088	tr|S2JNQ7|S2JNQ7_MUCC1	1
fam_006089	tr|S2IXZ1|S2IXZ1_MUCC1	1
fam_006090	tr|S2JP97|S2JP97_MUCC1	5
fam_006091	tr|S2JPY6|S2JPY6_MUCC1	2
fam_006092	tr|S2JQP7|S2JQP7_MUCC1	1
fam_006093	tr|S2K0Q2|S2K0Q2_MUCC1	1
fam_006094	tr|S2JRK7|S2JRK7_MUCC1	3
fam_006095	tr|S2JVF3|S2JVF3_MUCC1	4
fam_006096	tr|S2JXR8|S2JXR8_MUCC1	4
fam_006097	tr|S2JY13|S2JY13_MUCC1	6
fam_006098	tr|S2JZG5|S2JZG5_MUCC1	1
fam_006099	tr|S2JEF6|S2JEF6_MUCC1	1
fam_006100	tr|S2IWG4|S2IWG4_MUCC1	4
fam_006101	tr|S2IX44|S2IX44_MUCC1	4
fam_006102	tr|S2J7Y0|S2J7Y0_MUCC1	1
fam_006103	tr|S2JPJ3|S2JPJ3_MUCC1	1
fam_006104	tr|S2J9D5|S2J9D5_MUCC1	5
fam_006105	tr|S2JCB7|S2JCB7_MUCC1	5
fam_006106	tr|S2JD68|S2JD68_MUCC1	6
fam_006107	tr|S2JDH2|S2JDH2_MUCC1	9
fam_006108	tr|S2JEQ2|S2JEQ2_MUCC1	1
fam_006109	tr|S2J809|S2J809_MUCC1	1
fam_006110	tr|S2JHG8|S2JHG8_MUCC1	5
fam_006111	tr|S2JIX3|S2JIX3_MUCC1	9
fam_006112	tr|S2JJY8|S2JJY8_MUCC1	2
fam_006113	tr|S2JQ94|S2JQ94_MUCC1	2
fam_006114	tr|S2JRI9|S2JRI9_MUCC1	11
fam_006115	tr|S2JUJ6|S2JUJ6_MUCC1	5
fam_006116	tr|S2KCF1|S2KCF1_MUCC1	1
fam_006117	tr|S2J3T6|S2J3T6_MUCC1	2
fam_006118	tr|S2KD21|S2KD21_MUCC1	3
fam_006119	tr|S2KIF6|S2KIF6_MUCC1	6
fam_006120	tr|S2KKD6|S2KKD6_MUCC1	2
fam_006121	tr|S2JGQ5|S2JGQ5_MUCC1	1
fam_006122	tr|S2IWD4|S2IWD4_MUCC1	5
fam_006123	tr|S2IXL1|S2IXL1_MUCC1	2
fam_006124	tr|S2J699|S2J699_MUCC1	2
fam_006125	tr|S2J6B4|S2J6B4_MUCC1	3
fam_006126	tr|S2JEZ6|S2JEZ6_MUCC1	2
fam_006127	tr|S2JR23|S2JR23_MUCC1	3
fam_006128	tr|S2JVU5|S2JVU5_MUCC1	6
fam_006129	tr|S2JYA2|S2JYA2_MUCC1	4
fam_006130	sp|Q9UUB7|SWI5_SCHPO	2
fam_006131	sp|Q9UUN3|YQ86_SCHPO	3
fam_006132	sp|Q9Y7S6|AATR3_SCHPO	7
fam_006133	sp|O13774|GCH1_SCHPO	3
fam_006134	sp|O14016|UREF_SCHPO	2
fam_006135	sp|O42878|INVX_SCHPO	4
fam_006136	sp|O42938|PFKA_SCHPO	6
fam_006137	sp|O59760|YJM7_SCHPO	7
fam_006138	sp|O60067|TAPT1_SCHPO	3
fam_006139	sp|O74739|PNG1_SCHPO	2
fam_006140	sp|O74871|YCW3_SCHPO	3
fam_006141	sp|O94300|YOOH_SCHPO	4
fam_006142	sp|O94355|RTX2_SCHPO	2
fam_006143	sp|O94725|ART1B_SCHPO	9
fam_006144	sp|P40849|MFM3_SCHPO	3
fam_006145	sp|P56523|CLR3_SCHPO	4
fam_006146	sp|Q6BDR8|NSE4_SCHPO	3
fam_006147	sp|Q9P6L5|SLA2_SCHPO	6
fam_006148	sp|Q9P7T7|POF1L_SCHPO	2
fam_006149	sp|Q9UR39|HST4_SCHPO	5
fam_006150	sp|Q9UUA4|SEC66_SCHPO	2
fam_006151	sp|O14265|VATH_SCHPO	6
fam_006152	sp|O42645|YF94_SCHPO	3
fam_006153	sp|O43033|YGU4_SCHPO	2
fam_006154	sp|O74437|YJE6_SCHPO	2
fam_006155	sp|O74750|YEA4_SCHPO	3
fam_006156	sp|Q09668|RL22_SCHPO	8
fam_006157	sp|Q09793|NUP45_SCHPO	2
fam_006158	sp|Q09850|ENG2_SCHPO	4
fam_006159	sp|Q10139|IMG2_SCHPO	3
fam_006160	sp|Q10154|RTF2_SCHPO	5
fam_006161	sp|Q50HP3|SPC19_SCHPO	2
fam_006162	sp|Q9P4X3|UTP7_SCHPO	5
fam_006163	sp|Q9P5N3|ALR2_SCHPO	2
fam_006164	sp|Q9P7L1|YOSC_SCHPO	2
fam_006165	sp|Q9UTI6|ECT1_SCHPO	4
fam_006166	sp|Q9UTR5|RGF2_SCHPO	5
fam_006167	sp|O13663|GPI13_SCHPO	5
fam_006168	sp|O13788|SSR1_SCHPO	6
fam_006169	sp|O13811|PDI2_SCHPO	4
fam_006170	sp|O14059|HIS9_SCHPO	6
fam_006171	sp|O14087|RIM1_SCHPO	2
fam_006172	sp|O59682|SPTC1_SCHPO	7
fam_006173	sp|O74478|PGM3_SCHPO	5
fam_006174	sp|O74542|YCV3_SCHPO	1
fam_006175	sp|Q10089|YAOA_SCHPO	1
fam_006176	sp|O74835|RRP5_SCHPO	6
fam_006177	sp|O74850|DGAT2_SCHPO	5
fam_006178	sp|O74949|YJBC_SCHPO	2
fam_006179	sp|O94303|HIS5_SCHPO	6
fam_006180	sp|O94547|SRK1_SCHPO	7
fam_006181	sp|O94721|YCF9_SCHPO	6
fam_006182	sp|Q10198|NDC80_SCHPO	2
fam_006183	sp|Q10488|ETR1_SCHPO	4
fam_006184	sp|Q11118|WOS2_SCHPO	5
fam_006185	sp|Q9P7Q9|ALG9_SCHPO	5
fam_006186	sp|Q9UR07|TF211_SCHPO	13
fam_006187	sp|Q9USW4|YHZ9_SCHPO	5
fam_006188	sp|Q9USZ5|TRS20_SCHPO	2
fam_006189	sp|O13880|VHT1_SCHPO	3
fam_006190	sp|O42858|SWD1_SCHPO	5
fam_006191	sp|O42861|FFT3_SCHPO	2
fam_006192	sp|O42872|RRP41_SCHPO	5
fam_006193	sp|O42937|COPB2_SCHPO	4
fam_006194	sp|O59722|FAB1_SCHPO	2
fam_006195	sp|O74545|YCV6_SCHPO	2
fam_006196	sp|O74745|ANP1_SCHPO	2
fam_006197	sp|O74903|YCS3_SCHPO	2
fam_006198	sp|O94360|MOB1_SCHPO	10
fam_006199	sp|Q09775|ROK1_SCHPO	4
fam_006200	sp|Q09927|ACA1_SCHPO	3
fam_006201	sp|Q7LKZ5|FAM50_SCHPO	5
fam_006202	sp|Q92368|RCD1_SCHPO	4
fam_006203	sp|Q9UST6|SPC24_SCHPO	2
fam_006204	sp|Q9UUI1|LSM6_SCHPO	9
fam_006205	sp|O13671|CSE1_SCHPO	5
fam_006206	sp|O13819|YMR1_SCHPO	4
fam_006207	sp|O14006|RT09_SCHPO	3
fam_006208	sp|O74740|CFT2_SCHPO	4
fam_006209	sp|O74893|RS20_SCHPO	7
fam_006210	sp|O74999|RAD7_SCHPO	3
fam_006211	sp|O94289|LUB1_SCHPO	6
fam_006212	sp|O94314|YH5A_SCHPO	2
fam_006213	sp|O94440|YFE3_SCHPO	2
fam_006214	sp|Q00472|PGP_SCHPO	7
fam_006215	sp|Q09709|YA32_SCHPO	6
fam_006216	sp|Q1MTR3|VID27_SCHPO	4
fam_006217	sp|Q9UTE6|MAK16_SCHPO	6
fam_006218	sp|Q9UUE2|CSX2_SCHPO	2
fam_006219	sp|O13900|SA114_SCHPO	2
fam_006220	sp|O13938|YEP4_SCHPO	4
fam_006221	sp|O94511|YN67_SCHPO	5
fam_006222	sp|P24339|CUT7_SCHPO	5
fam_006223	sp|P36623|PMGY_SCHPO	3
fam_006224	sp|Q10170|RMT2_SCHPO	6
fam_006225	sp|Q9URW3|YIPL_SCHPO	3
fam_006226	sp|Q9URX0|YLX6_SCHPO	14
fam_006227	tr|J9VLF3|J9VLF3_CRYN9	6
fam_006228	tr|J9VNB8|J9VNB8_CRYN9	6
fam_006229	tr|J9VNE4|J9VNE4_CRYN9	3
fam_006230	tr|J9VV06|J9VV06_CRYN9	2
fam_006231	tr|J9VZB8|J9VZB8_CRYN9	4
fam_006232	tr|J9W1P3|J9W1P3_CRYN9	2
fam_006233	tr|S2JGA0|S2JGA0_MUCC1	2
fam_006234	tr|S2JJ41|S2JJ41_MUCC1	1
fam_006235	tr|S2JF98|S2JF98_MUCC1	1
fam_006236	tr|S2JPG7|S2JPG7_MUCC1	1
fam_006237	tr|S2K8V5|S2K8V5_MUCC1	1
fam_006238	tr|S2JQG7|S2JQG7_MUCC1	3
fam_006239	tr|S2JS98|S2JS98_MUCC1	60
fam_006240	tr|S2K1Y1|S2K1Y1_MUCC1	1
fam_006241	tr|S2JN28|S2JN28_MUCC1	1
fam_006242	tr|S2K770|S2K770_MUCC1	3
fam_006243	tr|S2KIS7|S2KIS7_MUCC1	3
fam_006244	tr|S2KL29|S2KL29_MUCC1	8
fam_006245	tr|S2IZU1|S2IZU1_MUCC1	3
fam_006246	tr|S2J9I4|S2J9I4_MUCC1	3
fam_006247	tr|S2J9W3|S2J9W3_MUCC1	2
fam_006248	tr|S2JDG5|S2JDG5_MUCC1	2
fam_006249	tr|S2JLE1|S2JLE1_MUCC1	6
fam_006250	tr|S2JNH7|S2JNH7_MUCC1	2
fam_006251	tr|S2JTB9|S2JTB9_MUCC1	2
fam_006252	tr|S2JWD4|S2JWD4_MUCC1	8
fam_006253	tr|S2JWT4|S2JWT4_MUCC1	3
fam_006254	tr|S2JX66|S2JX66_MUCC1	9
fam_006255	tr|S2K6H6|S2K6H6_MUCC1	3
fam_006256	tr|S2KAH4|S2KAH4_MUCC1	5
fam_006257	tr|S2KAQ8|S2KAQ8_MUCC1	4
fam_006258	tr|S2IY40|S2IY40_MUCC1	4
fam_006259	tr|S2J2P3|S2J2P3_MUCC1	1
fam_006260	tr|S2JFV4|S2JFV4_MUCC1	1
fam_006261	tr|S2J344|S2J344_MUCC1	1
fam_006262	tr|S2JU33|S2JU33_MUCC1	1
fam_006263	tr|S2J367|S2J367_MUCC1	7
fam_006264	tr|S2J5X6|S2J5X6_MUCC1	4
fam_006265	tr|S2J9K7|S2J9K7_MUCC1	7
fam_006266	tr|S2JE36|S2JE36_MUCC1	1
fam_006267	tr|S2KJR4|S2KJR4_MUCC1	1
fam_006268	tr|S2JL04|S2JL04_MUCC1	3
fam_006269	tr|S2JTT8|S2JTT8_MUCC1	2
fam_006270	tr|S2JZL2|S2JZL2_MUCC1	3
fam_006271	tr|S2K1J0|S2K1J0_MUCC1	4
fam_006272	tr|S2K9Z1|S2K9Z1_MUCC1	2
fam_006273	tr|S2KAV2|S2KAV2_MUCC1	1
fam_006274	tr|S2JGL2|S2JGL2_MUCC1	1
fam_006275	tr|S2IXG6|S2IXG6_MUCC1	2
fam_006276	tr|S2IYN9|S2IYN9_MUCC1	5
fam_006277	tr|S2IZQ2|S2IZQ2_MUCC1	6
fam_006278	tr|S2J921|S2J921_MUCC1	7
fam_006279	tr|S2J9H2|S2J9H2_MUCC1	3
fam_006280	tr|S2JBW3|S2JBW3_MUCC1	2
fam_006281	tr|S2JDA3|S2JDA3_MUCC1	5
fam_006282	tr|S2JKY3|S2JKY3_MUCC1	2
fam_006283	tr|S2JM86|S2JM86_MUCC1	1
fam_006284	tr|S2JS68|S2JS68_MUCC1	1
fam_006285	tr|S2JQ88|S2JQ88_MUCC1	1
fam_006286	tr|S2JI88|S2JI88_MUCC1	1
fam_006287	tr|S2JRV8|S2JRV8_MUCC1	1
fam_006288	tr|S2JF26|S2JF26_MUCC1	1
fam_006289	tr|S2JUE4|S2JUE4_MUCC1	1
fam_006290	tr|S2J0M8|S2J0M8_MUCC1	1
fam_006291	tr|S2K1G2|S2K1G2_MUCC1	3
fam_006292	tr|S2K4U2|S2K4U2_MUCC1	3
fam_006293	tr|S2K6B6|S2K6B6_MUCC1	6
fam_006294	tr|S2IYL4|S2IYL4_MUCC1	5
fam_006295	tr|S2IYL9|S2IYL9_MUCC1	2
fam_006296	tr|S2J3Z4|S2J3Z4_MUCC1	2
fam_006297	tr|S2J556|S2J556_MUCC1	4
fam_006298	tr|S2JAA5|S2JAA5_MUCC1	2
fam_006299	tr|S2JB42|S2JB42_MUCC1	3
fam_006300	tr|S2JLM0|S2JLM0_MUCC1	3
fam_006301	tr|S2JRV7|S2JRV7_MUCC1	5
fam_006302	tr|S2JXU8|S2JXU8_MUCC1	6
fam_006303	tr|S2K310|S2K310_MUCC1	3
fam_006304	tr|S2J1U9|S2J1U9_MUCC1	3
fam_006305	tr|S2JID5|S2JID5_MUCC1	1
fam_006306	tr|S2JCY2|S2JCY2_MUCC1	1
fam_006307	tr|S2JPZ6|S2JPZ6_MUCC1	2
fam_006308	tr|S2KK74|S2KK74_MUCC1	1
fam_006309	tr|S2JSE0|S2JSE0_MUCC1	2
fam_006310	tr|S2JT94|S2JT94_MUCC1	3
fam_006311	tr|S2JX24|S2JX24_MUCC1	2
fam_006312	tr|S2K3Y2|S2K3Y2_MUCC1	3
fam_006313	tr|S2K6Z9|S2K6Z9_MUCC1	1
fam_006314	tr|S2KE35|S2KE35_MUCC1	1
fam_006315	tr|S2J2Y6|S2J2Y6_MUCC1	1
fam_006316	tr|S2J7W8|S2J7W8_MUCC1	1
fam_006317	tr|S2J6Q6|S2J6Q6_MUCC1	5
fam_006318	tr|S2J8M9|S2J8M9_MUCC1	8
fam_006319	tr|S2JCT4|S2JCT4_MUCC1	2
fam_006320	tr|S2JFA0|S2JFA0_MUCC1	13
fam_006321	tr|S2JH34|S2JH34_MUCC1	14
fam_006322	tr|S2JEH3|S2JEH3_MUCC1	1
fam_006323	tr|S2JPD4|S2JPD4_MUCC1	1
fam_006324	tr|S2JFT9|S2JFT9_MUCC1	15
fam_006325	tr|S2JI56|S2JI56_MUCC1	3
fam_006326	tr|S2JIM5|S2JIM5_MUCC1	2
fam_006327	tr|S2JJR6|S2JJR6_MUCC1	2
fam_006328	tr|S2JKK2|S2JKK2_MUCC1	3
fam_006329	tr|S2JL77|S2JL77_MUCC1	8
fam_006330	tr|S2JQA3|S2JQA3_MUCC1	2
fam_006331	tr|S2JRW1|S2JRW1_MUCC1	1
fam_006332	tr|S2K945|S2K945_MUCC1	1
fam_006333	tr|S2JSJ3|S2JSJ3_MUCC1	3
fam_006334	tr|S2JVZ3|S2JVZ3_MUCC1	3
fam_006335	tr|S2JWW7|S2JWW7_MUCC1	11
fam_006336	tr|S2JZH4|S2JZH4_MUCC1	2
fam_006337	tr|S2KGN5|S2KGN5_MUCC1	1
fam_006338	tr|S2JQB8|S2JQB8_MUCC1	2
fam_006339	tr|S2KJ91|S2KJ91_MUCC1	1
fam_006340	tr|S2J811|S2J811_MUCC1	1
fam_006341	tr|S2IVE9|S2IVE9_MUCC1	6
fam_006342	tr|S2J1G7|S2J1G7_MUCC1	5
fam_006343	tr|S2JAT2|S2JAT2_MUCC1	8
fam_006344	tr|S2JC41|S2JC41_MUCC1	2
fam_006345	tr|S2JCY5|S2JCY5_MUCC1	3
fam_006346	tr|S2JF69|S2JF69_MUCC1	3
fam_006347	tr|S2JG58|S2JG58_MUCC1	2
fam_006348	tr|S2JL29|S2JL29_MUCC1	2
fam_006349	tr|S2JM40|S2JM40_MUCC1	2
fam_006350	tr|S2JTN4|S2JTN4_MUCC1	2
fam_006351	tr|S2JW19|S2JW19_MUCC1	2
fam_006352	tr|S2K2F3|S2K2F3_MUCC1	2
fam_006353	tr|S2K4N5|S2K4N5_MUCC1	4
fam_006354	tr|S2K757|S2K757_MUCC1	6
fam_006355	tr|S2K920|S2K920_MUCC1	3
fam_006356	tr|S2IZ34|S2IZ34_MUCC1	2
fam_006357	tr|S2KGL3|S2KGL3_MUCC1	1
fam_006358	tr|S2J5M9|S2J5M9_MUCC1	2
fam_006359	tr|S2J6P9|S2J6P9_MUCC1	3
fam_006360	tr|S2JEV4|S2JEV4_MUCC1	2
fam_006361	tr|S2JGS0|S2JGS0_MUCC1	3
fam_006362	tr|S2JHG3|S2JHG3_MUCC1	2
fam_006363	tr|S2JNW8|S2JNW8_MUCC1	5
fam_006364	tr|S2JUW2|S2JUW2_MUCC1	4
fam_006365	tr|S2K064|S2K064_MUCC1	1
fam_006366	tr|S2K8N2|S2K8N2_MUCC1	1
fam_006367	tr|S2K3P9|S2K3P9_MUCC1	6
fam_006368	tr|S2K5N0|S2K5N0_MUCC1	3
fam_006369	tr|S2K7D8|S2K7D8_MUCC1	1
fam_006370	tr|S2JMQ1|S2JMQ1_MUCC1	1
fam_006371	tr|S2K976|S2K976_MUCC1	2
fam_006372	tr|S2KAY8|S2KAY8_MUCC1	4
fam_006373	tr|S2IWW8|S2IWW8_MUCC1	1
fam_006374	tr|S2KDC8|S2KDC8_MUCC1	1
fam_006375	tr|S2IXV6|S2IXV6_MUCC1	3
fam_006376	tr|S2IZM4|S2IZM4_MUCC1	5
fam_006377	tr|S2J9Y1|S2J9Y1_MUCC1	2
fam_006378	tr|S2JAP1|S2JAP1_MUCC1	7
fam_006379	tr|S2JAV7|S2JAV7_MUCC1	5
fam_006380	tr|S2JG08|S2JG08_MUCC1	3
fam_006381	tr|S2JI58|S2JI58_MUCC1	6
fam_006382	tr|S2JFL9|S2JFL9_MUCC1	7
fam_006383	tr|S2JFR9|S2JFR9_MUCC1	2
fam_006384	tr|S2JI12|S2JI12_MUCC1	1
fam_006385	tr|S2JGF0|S2JGF0_MUCC1	1
fam_006386	tr|S2JA60|S2JA60_MUCC1	1
fam_006387	tr|S2JNT0|S2JNT0_MUCC1	6
fam_006388	tr|S2JQ14|S2JQ14_MUCC1	1
fam_006389	tr|S2J4L4|S2J4L4_MUCC1	2
fam_006390	tr|S2JR71|S2JR71_MUCC1	2
fam_006391	tr|S2JUF4|S2JUF4_MUCC1	2
fam_006392	tr|S2JV13|S2JV13_MUCC1	3
fam_006393	tr|S2JX37|S2JX37_MUCC1	15
fam_006394	tr|S2K1H3|S2K1H3_MUCC1	3
fam_006395	tr|S2K560|S2K560_MUCC1	3
fam_006396	tr|S2KBK5|S2KBK5_MUCC1	5
fam_006397	tr|S2IWW0|S2IWW0_MUCC1	1
fam_006398	tr|S2J1D4|S2J1D4_MUCC1	1
fam_006399	tr|S2IYE5|S2IYE5_MUCC1	2
fam_006400	tr|S2IZ01|S2IZ01_MUCC1	2
fam_006401	tr|S2J2T4|S2J2T4_MUCC1	1
fam_006402	tr|S2J7L2|S2J7L2_MUCC1	1
fam_006403	tr|S2J6M3|S2J6M3_MUCC1	4
fam_006404	tr|S2JC58|S2JC58_MUCC1	2
fam_006405	tr|S2JBY2|S2JBY2_MUCC1	2
fam_006406	tr|S2JER2|S2JER2_MUCC1	1
fam_006407	tr|S2JIZ8|S2JIZ8_MUCC1	1
fam_006408	tr|S2JH59|S2JH59_MUCC1	1
fam_006409	tr|S2JII1|S2JII1_MUCC1	1
fam_006410	tr|S2JI53|S2JI53_MUCC1	23
fam_006411	tr|S2JMT7|S2JMT7_MUCC1	2
fam_006412	tr|S2JQ06|S2JQ06_MUCC1	2
fam_006413	tr|S2JWP9|S2JWP9_MUCC1	1
fam_006414	tr|S2KAD1|S2KAD1_MUCC1	1
fam_006415	tr|S2K1N3|S2K1N3_MUCC1	2
fam_006416	tr|S2K6Q3|S2K6Q3_MUCC1	6
fam_006417	tr|S2KBL1|S2KBL1_MUCC1	2
fam_006418	tr|S2IV39|S2IV39_MUCC1	4
fam_006419	tr|S2J6X1|S2J6X1_MUCC1	1
fam_006420	tr|S2K9K7|S2K9K7_MUCC1	1
fam_006421	tr|S2JFG6|S2JFG6_MUCC1	1
fam_006422	tr|S2JNU0|S2JNU0_MUCC1	1
fam_006423	tr|S2JDZ5|S2JDZ5_MUCC1	2
fam_006424	tr|S2JF97|S2JF97_MUCC1	2
fam_006425	tr|S2K193|S2K193_MUCC1	1
fam_006426	tr|S2JPE9|S2JPE9_MUCC1	1
fam_006427	tr|S2KCH4|S2KCH4_MUCC1	1
fam_006428	tr|S2JGN7|S2JGN7_MUCC1	1
fam_006429	tr|S2IZ35|S2IZ35_MUCC1	2
fam_006430	tr|S2J012|S2J012_MUCC1	2
fam_006431	tr|S2J8A6|S2J8A6_MUCC1	2
fam_006432	tr|S2JCN4|S2JCN4_MUCC1	1
fam_006433	tr|S2J039|S2J039_MUCC1	1
fam_006434	tr|S2JF96|S2JF96_MUCC1	4
fam_006435	tr|S2JG26|S2JG26_MUCC1	2
fam_006436	tr|S2JIC1|S2JIC1_MUCC1	2
fam_006437	tr|S2JJF2|S2JJF2_MUCC1	21
fam_006438	tr|S2JRD6|S2JRD6_MUCC1	4
fam_006439	tr|S2JRR8|S2JRR8_MUCC1	9
fam_006440	tr|S2K359|S2K359_MUCC1	2
fam_006441	tr|S2K2P0|S2K2P0_MUCC1	1
fam_006442	tr|S2K3D5|S2K3D5_MUCC1	7
fam_006443	tr|S2KA58|S2KA58_MUCC1	4
fam_006444	tr|S2KBX9|S2KBX9_MUCC1	5
fam_006445	tr|S2KC08|S2KC08_MUCC1	2
fam_006446	tr|S2KD98|S2KD98_MUCC1	2
fam_006447	tr|S2KE76|S2KE76_MUCC1	4
fam_006448	tr|S2KIP5|S2KIP5_MUCC1	2
fam_006449	tr|S2J4F7|S2J4F7_MUCC1	5
fam_006450	tr|S2JGK5|S2JGK5_MUCC1	76
fam_006451	tr|S2JHU3|S2JHU3_MUCC1	4
fam_006452	tr|S2JLM8|S2JLM8_MUCC1	7
fam_006453	tr|S2JNQ8|S2JNQ8_MUCC1	4
fam_006454	tr|S2JYL3|S2JYL3_MUCC1	6
fam_006455	tr|S2K0K1|S2K0K1_MUCC1	1
fam_006456	tr|S2JFM4|S2JFM4_MUCC1	2
fam_006457	tr|S2K2U6|S2K2U6_MUCC1	2
fam_006458	tr|S2KBA4|S2KBA4_MUCC1	1
fam_006459	tr|S2KH94|S2KH94_MUCC1	1
fam_006460	tr|S2KCU0|S2KCU0_MUCC1	5
fam_006461	tr|S2IVE4|S2IVE4_MUCC1	2
fam_006462	tr|S2J5R4|S2J5R4_MUCC1	3
fam_006463	tr|S2J826|S2J826_MUCC1	4
fam_006464	tr|S2JAZ2|S2JAZ2_MUCC1	3
fam_006465	tr|S2JED5|S2JED5_MUCC1	3
fam_006466	tr|S2JEV2|S2JEV2_MUCC1	1
fam_006467	tr|S2JRK1|S2JRK1_MUCC1	1
fam_006468	tr|S2JI80|S2JI80_MUCC1	3
fam_006469	tr|S2JIL2|S2JIL2_MUCC1	6
fam_006470	tr|S2JIQ0|S2JIQ0_MUCC1	5
fam_006471	tr|S2JJ35|S2JJ35_MUCC1	3
fam_006472	tr|S2JMW8|S2JMW8_MUCC1	9
fam_006473	tr|S2JN23|S2JN23_MUCC1	2
fam_006474	tr|S2JS44|S2JS44_MUCC1	5
fam_006475	tr|S2JZA8|S2JZA8_MUCC1	8
fam_006476	tr|S2K3I1|S2K3I1_MUCC1	2
fam_006477	tr|S2K3Z7|S2K3Z7_MUCC1	6
fam_006478	tr|S2K9M0|S2K9M0_MUCC1	2
fam_006479	tr|J9VQY7|J9VQY7_CRYN9	2
fam_006480	tr|J9VSB7|J9VSB7_CRYN9	5
fam_006481	tr|J9VSD7|J9VSD7_CRYN9	2
fam_006482	tr|J9VVQ2|J9VVQ2_CRYN9	2
fam_006483	tr|J9VXI9|J9VXI9_CRYN9	2
fam_006484	tr|J9W066|J9W066_CRYN9	2
fam_006485	tr|J9VE38|J9VE38_CRYN9	2
fam_006486	tr|J9VF85|J9VF85_CRYN9	2
fam_006487	tr|J9VGN1|J9VGN1_CRYN9	7
fam_006488	tr|J9VIR0|J9VIR0_CRYN9	6
fam_006489	tr|J9VJY4|J9VJY4_CRYN9	2
fam_006490	tr|J9VK90|J9VK90_CRYN9	1
fam_006491	tr|J9VYI8|J9VYI8_CRYN9	1
fam_006492	tr|J9VLQ4|J9VLQ4_CRYN9	3
fam_006493	tr|J9VN82|J9VN82_CRYN9	2
fam_006494	tr|J9VQK8|J9VQK8_CRYN9	6
fam_006495	tr|J9VQN4|J9VQN4_CRYN9	2
fam_006496	tr|J9VTW9|J9VTW9_CRYN9	3
fam_006497	tr|J9VUU4|J9VUU4_CRYN9	2
fam_006498	tr|J9VYT3|J9VYT3_CRYN9	2
fam_006499	sp|O94746|FKBP_CRYN9	6
fam_006500	tr|J9VE18|J9VE18_CRYN9	2
fam_006501	tr|J9VGD8|J9VGD8_CRYN9	2
fam_006502	tr|J9VIT9|J9VIT9_CRYN9	7
fam_006503	tr|J9VJX3|J9VJX3_CRYN9	2
fam_006504	tr|J9VMR7|J9VMR7_CRYN9	5
fam_006505	tr|J9VPR6|J9VPR6_CRYN9	2
fam_006506	tr|J9VRN9|J9VRN9_CRYN9	3
fam_006507	tr|J9VTK2|J9VTK2_CRYN9	5
fam_006508	tr|J9VTY8|J9VTY8_CRYN9	2
fam_006509	tr|J9VVM7|J9VVM7_CRYN9	7
fam_006510	tr|J9VW05|J9VW05_CRYN9	1
fam_006511	tr|J9VW27|J9VW27_CRYN9	1
fam_006512	tr|J9VWA6|J9VWA6_CRYN9	2
fam_006513	tr|J9VWQ5|J9VWQ5_CRYN9	6
fam_006514	tr|J9VX30|J9VX30_CRYN9	6
fam_006515	tr|J9VX61|J9VX61_CRYN9	3
fam_006516	tr|J9VRT8|J9VRT8_CRYN9	1
fam_006517	tr|S2JHB3|S2JHB3_MUCC1	4
fam_006518	tr|S2JM35|S2JM35_MUCC1	5
fam_006519	tr|S2JRX7|S2JRX7_MUCC1	2
fam_006520	tr|S2JS79|S2JS79_MUCC1	5
fam_006521	tr|S2JVB2|S2JVB2_MUCC1	6
fam_006522	tr|S2K650|S2K650_MUCC1	2
fam_006523	tr|S2K9C4|S2K9C4_MUCC1	5
fam_006524	tr|S2KBT5|S2KBT5_MUCC1	6
fam_006525	tr|S2J5P1|S2J5P1_MUCC1	12
fam_006526	tr|S2J673|S2J673_MUCC1	3
fam_006527	tr|S2JZQ1|S2JZQ1_MUCC1	1
fam_006528	tr|S2J6X0|S2J6X0_MUCC1	2
fam_006529	tr|S2JDW5|S2JDW5_MUCC1	19
fam_006530	tr|S2JLN1|S2JLN1_MUCC1	2
fam_006531	tr|S2JP06|S2JP06_MUCC1	4
fam_006532	tr|S2JP29|S2JP29_MUCC1	3
fam_006533	tr|S2JPS6|S2JPS6_MUCC1	1
fam_006534	tr|S2J7G9|S2J7G9_MUCC1	2
fam_006535	tr|S2JS34|S2JS34_MUCC1	1
fam_006536	tr|S2J0I0|S2J0I0_MUCC1	1
fam_006537	tr|S2JSZ5|S2JSZ5_MUCC1	3
fam_006538	tr|S2K112|S2K112_MUCC1	2
fam_006539	tr|S2IUN1|S2IUN1_MUCC1	2
fam_006540	tr|S2IWQ1|S2IWQ1_MUCC1	1
fam_006541	tr|S2JXJ1|S2JXJ1_MUCC1	1
fam_006542	tr|S2IXR9|S2IXR9_MUCC1	3
fam_006543	tr|S2J1V3|S2J1V3_MUCC1	2
fam_006544	tr|S2J3N4|S2J3N4_MUCC1	3
fam_006545	tr|S2J765|S2J765_MUCC1	5
fam_006546	tr|S2JC43|S2JC43_MUCC1	1
fam_006547	tr|S2JPP8|S2JPP8_MUCC1	1
fam_006548	tr|S2JFC4|S2JFC4_MUCC1	1
fam_006549	tr|S2JSY6|S2JSY6_MUCC1	1
fam_006550	tr|S2JJY5|S2JJY5_MUCC1	2
fam_006551	tr|S2JKA2|S2JKA2_MUCC1	2
fam_006552	tr|S2JMJ4|S2JMJ4_MUCC1	2
fam_006553	tr|S2JNY3|S2JNY3_MUCC1	3
fam_006554	tr|S2JQW4|S2JQW4_MUCC1	2
fam_006555	tr|S2JRF0|S2JRF0_MUCC1	4
fam_006556	tr|S2JRW3|S2JRW3_MUCC1	1
fam_006557	tr|S2JX07|S2JX07_MUCC1	1
fam_006558	tr|S2JU11|S2JU11_MUCC1	4
fam_006559	tr|S2KAI9|S2KAI9_MUCC1	2
fam_006560	tr|S2KHS1|S2KHS1_MUCC1	1
fam_006561	tr|S2JAP8|S2JAP8_MUCC1	1
fam_006562	tr|S2JAE8|S2JAE8_MUCC1	6
fam_006563	tr|S2JH48|S2JH48_MUCC1	1
fam_006564	tr|S2IXQ6|S2IXQ6_MUCC1	1
fam_006565	tr|S2JHG7|S2JHG7_MUCC1	5
fam_006566	tr|S2JM91|S2JM91_MUCC1	3
fam_006567	tr|S2JRB4|S2JRB4_MUCC1	1
fam_006568	tr|S2JLF0|S2JLF0_MUCC1	1
fam_006569	tr|S2JT70|S2JT70_MUCC1	34
fam_006570	tr|S2JVU2|S2JVU2_MUCC1	4
fam_006571	tr|S2JXK6|S2JXK6_MUCC1	3
fam_006572	tr|S2K1F3|S2K1F3_MUCC1	1
fam_006573	tr|S2KAL1|S2KAL1_MUCC1	1
fam_006574	tr|S2K9T7|S2K9T7_MUCC1	3
fam_006575	tr|S2KE44|S2KE44_MUCC1	2
fam_006576	tr|S2IVT3|S2IVT3_MUCC1	2
fam_006577	tr|S2IXQ5|S2IXQ5_MUCC1	6
fam_006578	tr|S2J128|S2J128_MUCC1	4
fam_006579	tr|S2J6J3|S2J6J3_MUCC1	7
fam_006580	tr|S2J906|S2J906_MUCC1	5
fam_006581	tr|S2JIK2|S2JIK2_MUCC1	1
fam_006582	tr|S2JF81|S2JF81_MUCC1	1
fam_006583	tr|S2JKI5|S2JKI5_MUCC1	2
fam_006584	tr|S2JN89|S2JN89_MUCC1	6
fam_006585	tr|S2JQ12|S2JQ12_MUCC1	5
fam_006586	tr|S2JRE2|S2JRE2_MUCC1	1
fam_006587	tr|S2KEJ7|S2KEJ7_MUCC1	1
fam_006588	tr|S2JSA4|S2JSA4_MUCC1	2
fam_006589	tr|S2JT18|S2JT18_MUCC1	6
fam_006590	tr|S2JX28|S2JX28_MUCC1	4
fam_006591	tr|S2JYH9|S2JYH9_MUCC1	7
fam_006592	tr|S2JZK4|S2JZK4_MUCC1	5
fam_006593	tr|S2KBZ2|S2KBZ2_MUCC1	4
fam_006594	tr|S2J042|S2J042_MUCC1	3
fam_006595	tr|S2J1E8|S2J1E8_MUCC1	5
fam_006596	tr|S2J5X4|S2J5X4_MUCC1	3
fam_006597	tr|S2J908|S2J908_MUCC1	4
fam_006598	tr|S2JBK5|S2JBK5_MUCC1	2
fam_006599	tr|S2JBL3|S2JBL3_MUCC1	5
fam_006600	tr|S2JBN3|S2JBN3_MUCC1	2
fam_006601	tr|S2JF90|S2JF90_MUCC1	2
fam_006602	tr|S2JF79|S2JF79_MUCC1	1
fam_006603	tr|S2JUD4|S2JUD4_MUCC1	1
fam_006604	tr|S2JMT0|S2JMT0_MUCC1	2
fam_006605	tr|S2JN60|S2JN60_MUCC1	2
fam_006606	tr|S2JPB7|S2JPB7_MUCC1	2
fam_006607	tr|S2JVK2|S2JVK2_MUCC1	2
fam_006608	tr|S2K844|S2K844_MUCC1	1
fam_006609	tr|S2JBH4|S2JBH4_MUCC1	1
fam_006610	tr|S2J1B2|S2J1B2_MUCC1	5
fam_006611	tr|S2J1V5|S2J1V5_MUCC1	3
fam_006612	tr|S2J481|S2J481_MUCC1	8
fam_006613	tr|S2J5X0|S2J5X0_MUCC1	4
fam_006614	tr|S2J628|S2J628_MUCC1	3
fam_006615	tr|S2J8G8|S2J8G8_MUCC1	4
fam_006616	tr|S2JMF8|S2JMF8_MUCC1	2
fam_006617	tr|S2JQH6|S2JQH6_MUCC1	12
fam_006618	tr|S2JQV3|S2JQV3_MUCC1	4
fam_006619	tr|S2JTA4|S2JTA4_MUCC1	2
fam_006620	tr|S2JUL8|S2JUL8_MUCC1	2
fam_006621	tr|S2JVY4|S2JVY4_MUCC1	3
fam_006622	tr|S2K284|S2K284_MUCC1	3
fam_006623	tr|S2IXZ2|S2IXZ2_MUCC1	3
fam_006624	tr|S2J2J1|S2J2J1_MUCC1	3
fam_006625	tr|S2J9L8|S2J9L8_MUCC1	5
fam_006626	tr|S2JCX4|S2JCX4_MUCC1	5
fam_006627	tr|S2JBZ4|S2JBZ4_MUCC1	2
fam_006628	tr|S2JM03|S2JM03_MUCC1	1
fam_006629	tr|S2JD65|S2JD65_MUCC1	2
fam_006630	tr|S2JNF2|S2JNF2_MUCC1	1
fam_006631	tr|S2K0P1|S2K0P1_MUCC1	1
fam_006632	tr|S2JRE5|S2JRE5_MUCC1	1
fam_006633	tr|S2JBP8|S2JBP8_MUCC1	1
fam_006634	tr|S2JSR0|S2JSR0_MUCC1	6
fam_006635	tr|S2JXQ4|S2JXQ4_MUCC1	4
fam_006636	tr|S2JXU9|S2JXU9_MUCC1	3
fam_006637	tr|S2JY45|S2JY45_MUCC1	4
fam_006638	tr|S2KE31|S2KE31_MUCC1	6
fam_006639	tr|S2IYW9|S2IYW9_MUCC1	2
fam_006640	tr|S2J0R6|S2J0R6_MUCC1	5
fam_006641	tr|S2J2L0|S2J2L0_MUCC1	3
fam_006642	tr|S2J3B1|S2J3B1_MUCC1	9
fam_006643	tr|S2J677|S2J677_MUCC1	1
fam_006644	tr|S2JN99|S2JN99_MUCC1	1
fam_006645	tr|S2JBM4|S2JBM4_MUCC1	4
fam_006646	tr|S2JHS8|S2JHS8_MUCC1	3
fam_006647	tr|S2JI32|S2JI32_MUCC1	4
fam_006648	tr|S2JLR3|S2JLR3_MUCC1	2
fam_006649	tr|S2JNW6|S2JNW6_MUCC1	5
fam_006650	tr|S2JTM9|S2JTM9_MUCC1	3
fam_006651	tr|S2JVH7|S2JVH7_MUCC1	2
fam_006652	tr|S2JWV4|S2JWV4_MUCC1	1
fam_006653	tr|S2J9S7|S2J9S7_MUCC1	1
fam_006654	tr|S2JZC1|S2JZC1_MUCC1	5
fam_006655	tr|S2KBC0|S2KBC0_MUCC1	2
fam_006656	tr|S2J0D0|S2J0D0_MUCC1	2
fam_006657	tr|S2JBC1|S2JBC1_MUCC1	6
fam_006658	tr|S2JBX7|S2JBX7_MUCC1	7
fam_006659	tr|S2JH80|S2JH80_MUCC1	2
fam_006660	tr|S2JGU7|S2JGU7_MUCC1	2
fam_006661	tr|S2JJJ0|S2JJJ0_MUCC1	2
fam_006662	tr|S2JKE7|S2JKE7_MUCC1	3
fam_006663	tr|S2JKG3|S2JKG3_MUCC1	14
fam_006664	tr|S2JKW6|S2JKW6_MUCC1	2
fam_006665	tr|S2JMS0|S2JMS0_MUCC1	5
fam_006666	tr|S2JNV0|S2JNV0_MUCC1	2
fam_006667	tr|S2JVQ6|S2JVQ6_MUCC1	3
fam_006668	tr|S2JW62|S2JW62_MUCC1	2
fam_006669	tr|S2KFJ7|S2KFJ7_MUCC1	2
fam_006670	tr|S2JJU2|S2JJU2_MUCC1	1
fam_006671	tr|S2IVY9|S2IVY9_MUCC1	2
fam_006672	tr|S2IX20|S2IX20_MUCC1	4
fam_006673	tr|S2IYD7|S2IYD7_MUCC1	3
fam_006674	tr|S2J2L5|S2J2L5_MUCC1	7
fam_006675	tr|S2JEW6|S2JEW6_MUCC1	2
fam_006676	tr|S2JJI3|S2JJI3_MUCC1	1
fam_006677	tr|S2JKN4|S2JKN4_MUCC1	1
fam_006678	tr|S2JRL0|S2JRL0_MUCC1	9
fam_006679	tr|S2JT37|S2JT37_MUCC1	3
fam_006680	tr|S2JTD4|S2JTD4_MUCC1	10
fam_006681	tr|S2JVQ1|S2JVQ1_MUCC1	7
fam_006682	tr|S2K1B2|S2K1B2_MUCC1	5
fam_006683	tr|S2K249|S2K249_MUCC1	3
fam_006684	tr|S2KB40|S2KB40_MUCC1	1
fam_006685	tr|S2K8S6|S2K8S6_MUCC1	1
fam_006686	tr|S2KCY7|S2KCY7_MUCC1	2
fam_006687	tr|S2KHH8|S2KHH8_MUCC1	1
fam_006688	tr|S2KE07|S2KE07_MUCC1	1
fam_006689	tr|S2IWE2|S2IWE2_MUCC1	2
fam_006690	tr|S2JAR5|S2JAR5_MUCC1	1
fam_006691	tr|S2J2A1|S2J2A1_MUCC1	5
fam_006692	tr|S2J882|S2J882_MUCC1	4
fam_006693	tr|S2J948|S2J948_MUCC1	1
fam_006694	tr|S2JMJ6|S2JMJ6_MUCC1	1
fam_006695	tr|S2JE41|S2JE41_MUCC1	1
fam_006696	tr|S2JN34|S2JN34_MUCC1	1
fam_006697	tr|S2JFU3|S2JFU3_MUCC1	4
fam_006698	tr|S2JQY7|S2JQY7_MUCC1	2
fam_006699	tr|S2JRS3|S2JRS3_MUCC1	4
fam_006700	tr|S2JRS7|S2JRS7_MUCC1	2
fam_006701	tr|S2JRU1|S2JRU1_MUCC1	7
fam_006702	tr|S2K2J7|S2K2J7_MUCC1	3
fam_006703	tr|S2K6N1|S2K6N1_MUCC1	1
fam_006704	tr|S2JRE4|S2JRE4_MUCC1	1
fam_006705	tr|S2KB18|S2KB18_MUCC1	6
fam_006706	tr|S2KHT9|S2KHT9_MUCC1	1
fam_006707	tr|S2JHM1|S2JHM1_MUCC1	2
fam_006708	tr|S2KHZ1|S2KHZ1_MUCC1	1
fam_006709	tr|S2JFI2|S2JFI2_MUCC1	2
fam_006710	tr|S2IWK8|S2IWK8_MUCC1	2
fam_006711	tr|S2IXK5|S2IXK5_MUCC1	1
fam_006712	tr|S2JL48|S2JL48_MUCC1	1
fam_006713	tr|S2J086|S2J086_MUCC1	5
fam_006714	tr|S2J4U4|S2J4U4_MUCC1	1
fam_006715	tr|S2K3M7|S2K3M7_MUCC1	1
fam_006716	tr|S2J6Y2|S2J6Y2_MUCC1	2
fam_006717	tr|S2J7B4|S2J7B4_MUCC1	2
fam_006718	tr|S2J8V7|S2J8V7_MUCC1	4
fam_006719	tr|S2JDV6|S2JDV6_MUCC1	1
fam_006720	tr|S2JDR1|S2JDR1_MUCC1	1
fam_006721	tr|S2JF36|S2JF36_MUCC1	6
fam_006722	tr|S2JGJ4|S2JGJ4_MUCC1	2
fam_006723	tr|S2JHE5|S2JHE5_MUCC1	2
fam_006724	tr|S2JK06|S2JK06_MUCC1	1
fam_006725	tr|S2K419|S2K419_MUCC1	1
fam_006726	tr|S2JNQ2|S2JNQ2_MUCC1	6
fam_006727	tr|S2JS08|S2JS08_MUCC1	4
fam_006728	tr|S2K254|S2K254_MUCC1	3
fam_006729	tr|S2K3G5|S2K3G5_MUCC1	2
fam_006730	tr|S2K3P7|S2K3P7_MUCC1	2
fam_006731	tr|S2K4C8|S2K4C8_MUCC1	4
fam_006732	tr|S2K625|S2K625_MUCC1	2
fam_006733	tr|S2KAX3|S2KAX3_MUCC1	3
fam_006734	tr|S2J0M2|S2J0M2_MUCC1	1
fam_006735	tr|S2JG84|S2JG84_MUCC1	1
fam_006736	tr|S2J1R5|S2J1R5_MUCC1	2
fam_006737	tr|S2JAT1|S2JAT1_MUCC1	6
fam_006738	tr|S2JCJ3|S2JCJ3_MUCC1	2
fam_006739	tr|S2JE70|S2JE70_MUCC1	32
fam_006740	tr|S2JE86|S2JE86_MUCC1	3
fam_006741	tr|S2JHZ6|S2JHZ6_MUCC1	2
fam_006742	tr|S2JLW2|S2JLW2_MUCC1	1
fam_006743	tr|S2JLH6|S2JLH6_MUCC1	1
fam_006744	tr|S2JMP4|S2JMP4_MUCC1	1
fam_006745	tr|S2J9S4|S2J9S4_MUCC1	1
fam_006746	tr|S2JN74|S2JN74_MUCC1	6
fam_006747	tr|S2JQK8|S2JQK8_MUCC1	5
fam_006748	tr|S2JUJ9|S2JUJ9_MUCC1	2
fam_006749	tr|S2J6M8|S2J6M8_MUCC1	1
fam_006750	tr|S2JXU0|S2JXU0_MUCC1	5
fam_006751	tr|S2K2Z1|S2K2Z1_MUCC1	3
fam_006752	tr|S2K8U9|S2K8U9_MUCC1	2
fam_006753	tr|A8NEK9|A8NEK9_COPC7	12
fam_006754	tr|A8NI74|A8NI74_COPC7	2
fam_006755	tr|A8NKD2|A8NKD2_COPC7	1
fam_006756	tr|A8NKB5|A8NKB5_COPC7	2
fam_006757	tr|A8NQN5|A8NQN5_COPC7	7
fam_006758	tr|A8NQP8|A8NQP8_COPC7	2
fam_006759	tr|A8NS64|A8NS64_COPC7	6
fam_006760	tr|A8NTQ5|A8NTQ5_COPC7	2
fam_006761	tr|A8NX32|A8NX32_COPC7	2
fam_006762	tr|A8P9T6|A8P9T6_COPC7	2
fam_006763	tr|A8PAP8|A8PAP8_COPC7	6
fam_006764	tr|A8PI32|A8PI32_COPC7	1
fam_006765	tr|A8NW93|A8NW93_COPC7	1
fam_006766	tr|D6RL91|D6RL91_COPC7	2
fam_006767	tr|D6RP47|D6RP47_COPC7	2
fam_006768	tr|D6RPM5|D6RPM5_COPC7	5
fam_006769	tr|A8N003|A8N003_COPC7	4
fam_006770	tr|A8N0G4|A8N0G4_COPC7	5
fam_006771	tr|A8N7V5|A8N7V5_COPC7	2
fam_006772	tr|A8N7W5|A8N7W5_COPC7	1
fam_006773	tr|D6RPW2|D6RPW2_COPC7	1
fam_006774	tr|A8N910|A8N910_COPC7	2
fam_006775	tr|A8N9Y4|A8N9Y4_COPC7	2
fam_006776	tr|A8NHU0|A8NHU0_COPC7	28
fam_006777	tr|A8NI98|A8NI98_COPC7	12
fam_006778	tr|A8NQA1|A8NQA1_COPC7	2
fam_006779	tr|A8PBS8|A8PBS8_COPC7	2
fam_006780	tr|A8PE65|A8PE65_COPC7	2
fam_006781	tr|A8PFN5|A8PFN5_COPC7	7
fam_006782	tr|D6RLV2|D6RLV2_COPC7	2
fam_006783	tr|A8N191|A8N191_COPC7	2
fam_006784	tr|A8N3G2|A8N3G2_COPC7	3
fam_006785	tr|A8N8F8|A8N8F8_COPC7	2
fam_006786	tr|A8NA73|A8NA73_COPC7	5
fam_006787	tr|A8NF78|A8NF78_COPC7	2
fam_006788	tr|A8NN01|A8NN01_COPC7	1
fam_006789	tr|A8N8W9|A8N8W9_COPC7	1
fam_006790	tr|A8NY09|A8NY09_COPC7	6
fam_006791	tr|A8P0D3|A8P0D3_COPC7	5
fam_006792	tr|A8P987|A8P987_COPC7	2
fam_006793	tr|A8PBQ9|A8PBQ9_COPC7	2
fam_006794	tr|D6RNU7|D6RNU7_COPC7	2
fam_006795	tr|D6RQM0|D6RQM0_COPC7	2
fam_006796	tr|A8N2Z8|A8N2Z8_COPC7	6
fam_006797	tr|A8N8V3|A8N8V3_COPC7	1
fam_006798	tr|A8NCD7|A8NCD7_COPC7	1
fam_006799	tr|A8NAC9|A8NAC9_COPC7	3
fam_006800	tr|A8NAU0|A8NAU0_COPC7	3
fam_006801	sp|P08458|SPS1_YEAST	6
fam_006802	sp|P25808|SPB4_YEAST	6
fam_006803	sp|P36117|ALY1_YEAST	1
fam_006804	sp|P47029|ALY2_YEAST	1
fam_006805	sp|P40344|ATG3_YEAST	4
fam_006806	sp|P52924|COS10_YEAST	11
fam_006807	sp|P53058|VEL1_YEAST	5
fam_006808	sp|Q03103|ERO1_YEAST	2
fam_006809	sp|Q04867|YM91_YEAST	2
fam_006810	sp|Q06702|CDA1_YEAST	1
fam_006811	sp|Q06703|CDA2_YEAST	1
fam_006812	sp|Q06835|RDS3_YEAST	5
fam_006813	sp|P04786|TOP1_YEAST	6
fam_006814	sp|P32481|IF2G_YEAST	6
fam_006815	sp|P38144|ISW1_YEAST	5
fam_006816	sp|P38167|ECM21_YEAST	1
fam_006817	sp|Q12734|CSR2_YEAST	1
fam_006818	sp|P50078|TOS2_YEAST	2
fam_006819	sp|P53035|MIG2_YEAST	1
fam_006820	sp|P39943|MIG3_YEAST	1
fam_006821	sp|Q05506|SYRC_YEAST	9
fam_006822	sp|Q07824|TPO1_YEAST	5
fam_006823	sp|P05694|METE_YEAST	6
fam_006824	sp|P33313|CNS1_YEAST	3
fam_006825	sp|P38328|ARPC1_YEAST	6
fam_006826	sp|P38892|CRG1_YEAST	1
fam_006827	sp|P32643|TMT1_YEAST	1
fam_006828	sp|P40312|CYB5_YEAST	4
fam_006829	sp|P57743|LSM3_YEAST	5
fam_006830	sp|Q06595|YP196_YEAST	3
fam_006831	sp|P38157|MAL33_YEAST	1
fam_006832	sp|Q06705|CSR1_YEAST	3
fam_006833	sp|Q08902|AMF1_YEAST	4
fam_006834	sp|P00420|COX3_YEAST	4
fam_006835	sp|P0CX84|RL35A_YEAST	9
fam_006836	sp|P40955|CHS6_YEAST	1
fam_006837	sp|P36122|BCH2_YEAST	1
fam_006838	sp|Q03785|VHS1_YEAST	1
fam_006839	sp|Q12505|SKS1_YEAST	1
fam_006840	sp|Q03790|NUP53_YEAST	2
fam_006841	sp|Q12013|AKR2_YEAST	1
fam_006842	sp|P39010|AKR1_YEAST	1
fam_006843	sp|Q12477|PCL9_YEAST	1
fam_006844	sp|P25693|PCL2_YEAST	1
fam_006845	sp|Q12511|PDP1_YEAST	2
fam_006846	sp|P04076|ARLY_YEAST	7
fam_006847	sp|P05316|FUR4_YEAST	1
fam_006848	sp|Q04895|DAL4_YEAST	2
fam_006849	sp|P12383|PDR1_YEAST	1
fam_006850	sp|P33200|PDR3_YEAST	1
fam_006851	sp|P38791|DHYS_YEAST	6
fam_006852	sp|P39956|RPH1_YEAST	1
fam_006853	sp|Q03833|GIS1_YEAST	1
fam_006854	sp|P53686|HST2_YEAST	5
fam_006855	sp|P53836|CA120_YEAST	1
fam_006856	sp|Q06315|SKG3_YEAST	1
fam_006857	sp|Q00947|STP1_YEAST	2
fam_006858	sp|Q05024|TRI1_YEAST	4
fam_006859	sp|Q07950|YEH2_YEAST	1
fam_006860	sp|Q07804|YEH1_YEAST	1
fam_006861	sp|Q12078|SMF3_YEAST	6
fam_006862	sp|Q12480|ETFA_YEAST	6
fam_006863	sp|O13516|RS9A_YEAST	8
fam_006864	sp|P01097|ATIF_YEAST	1
fam_006865	sp|P01098|STF1_YEAST	1
fam_006866	sp|O74523|ATIF_SCHPO	1
fam_006867	sp|P0CE98|YL161_YEAST	3
fam_006868	sp|P36051|MCD4_YEAST	4
fam_006869	sp|P37898|AAP1_YEAST	8
fam_006870	sp|P41920|YRB1_YEAST	3
fam_006871	sp|P80667|PEX13_YEAST	6
fam_006872	sp|Q08972|NEW1_YEAST	14
fam_006873	sp|P06773|DCTD_YEAST	5
fam_006874	sp|P32626|ENOPH_YEAST	4
fam_006875	sp|P38344|REI1_YEAST	1
fam_006876	sp|Q06709|REH1_YEAST	1
fam_006877	sp|P43556|RGD2_YEAST	2
fam_006878	sp|P43602|ROG3_YEAST	1
fam_006879	sp|Q02805|ROD1_YEAST	1
fam_006880	sp|P07213|TOM70_YEAST	1
fam_006881	sp|P38825|TOM71_YEAST	1
fam_006882	sp|P07280|RS19A_YEAST	9
fam_006883	sp|P25608|YCZ2_YEAST	2
fam_006884	sp|P54007|YL460_YEAST	1
fam_006885	sp|P25847|MSH2_YEAST	6
fam_006886	sp|P27809|KRE2_YEAST	4
fam_006887	sp|P38248|ECM33_YEAST	1
fam_006888	sp|Q12355|PST1_YEAST	1
fam_006889	sp|P53115|INO80_YEAST	2
fam_006890	sp|Q05549|HRQ1_YEAST	4
fam_006891	sp|Q12178|FCY1_YEAST	2
fam_006892	sp|Q12259|YL108_YEAST	1
fam_006893	sp|Q03900|YD132_YEAST	1
fam_006894	sp|P00163|CYB_YEAST	4
fam_006895	sp|P10659|METK1_YEAST	7
fam_006896	sp|P14180|CHS2_YEAST	1
fam_006897	sp|P08004|CHS1_YEAST	1
fam_006898	sp|P32614|FRDS_YEAST	4
fam_006899	sp|P32857|PTM1_YEAST	1
fam_006900	sp|P38745|YHB7_YEAST	1
fam_006901	sp|P33328|SNC2_YEAST	5
fam_006902	sp|P35183|AST1_YEAST	1
fam_006903	sp|P39945|AST2_YEAST	1
fam_006904	sp|P38693|PPAC_YEAST	6
fam_006905	sp|P39966|PP2C2_YEAST	1
fam_006906	sp|P34221|PP2C3_YEAST	1
fam_006907	sp|P43621|COPD_YEAST	5
fam_006908	sp|P50112|KNH1_YEAST	2
fam_006909	sp|Q07655|WHI4_YEAST	1
fam_006910	sp|P34761|WHI3_YEAST	1
fam_006911	sp|Q08558|DCI1_YEAST	3
fam_006912	sp|Q3E6R4|YD24B_YEAST	2
fam_006913	sp|P19956|RM44_YEAST	2
fam_006914	sp|P38805|RPF1_YEAST	4
fam_006915	sp|P38837|NSG1_YEAST	2
fam_006916	sp|Q03330|GCN5_YEAST	2
fam_006917	sp|Q12428|PRPD_YEAST	3
fam_006918	sp|P0CE87|PAU22_YEAST	2
fam_006919	sp|P33310|MDL1_YEAST	9
fam_006920	sp|P34087|RPB7_YEAST	6
fam_006921	sp|P36004|KKQ8_YEAST	1
fam_006922	sp|P38970|HAL5_YEAST	1
fam_006923	sp|P38862|ATG7_YEAST	6
fam_006924	sp|P39965|SYPM_YEAST	2
fam_006925	sp|P40353|ATF1_YEAST	2
fam_006926	sp|P47030|TAX4_YEAST	1
fam_006927	sp|P36115|IRS4_YEAST	1
fam_006928	sp|P53633|PRA1_YEAST	5
