C286__EHA02359_bin.2_gene_0_3	B2UR14	38.7	217	2.30e-51	164
C286__EHA02359_bin.2_gene_0_4	B2UN27	67.0	88	3.63e-39	122
C286__EHA02359_bin.2_gene_0_5	B2UM07	56.3	701	7.55e-265	745
C286__EHA02359_bin.2_gene_0_6	B2UP65	48.1	206	1.62e-71	213
C286__EHA02359_bin.2_gene_0_7	B2UP64	74.1	398	1.61e-213	590
C286__EHA02359_bin.2_gene_0_8	B2UL52	51.2	336	2.65e-116	338
C286__EHA02359_bin.2_gene_0_9	B2UL51	44.7	356	3.43e-91	275
C286__EHA02359_bin.2_gene_0_10	B2UMV5	64.0	484	5.33e-214	595
C286__EHA02359_bin.2_gene_0_11	B2UMV6	59.8	321	4.24e-134	381
C286__EHA02359_bin.2_gene_0_13	B2UR12	45.8	323	2.72e-100	295
C286__EHA02359_bin.2_gene_0_14	B2UPN2	77.1	140	2.84e-75	217
C286__EHA02359_bin.2_gene_1_1	B2UPQ6	68.6	420	3.33e-230	632
C286__EHA02359_bin.2_gene_1_2	B2URJ0	60.8	383	5.89e-167	468
C286__EHA02359_bin.2_gene_2_1	B2UL46	72.2	266	4.30e-133	377
C286__EHA02359_bin.2_gene_2_3	B2UNJ3	77.0	422	1.42e-239	656
C286__EHA02359_bin.2_gene_2_4	B2ULA0	51.8	303	1.88e-97	285
C286__EHA02359_bin.2_gene_2_5	B2UL99	77.5	360	2.30e-198	547
C286__EHA02359_bin.2_gene_3_1	B2ULV7	42.2	296	7.40e-78	245
C286__EHA02359_bin.2_gene_3_2	B2ULZ4	60.5	200	6.90e-86	248
C286__EHA02359_bin.2_gene_3_3	B2ULZ3	60.7	509	4.25e-217	608
C286__EHA02359_bin.2_gene_3_4	B2UL24	61.9	202	1.47e-94	271
C286__EHA02359_bin.2_gene_3_5	B2UL23	71.8	195	1.07e-103	294
C286__EHA02359_bin.2_gene_3_7	B2UM10	50.7	746	3.13e-245	696
C286__EHA02359_bin.2_gene_3_10	B2UMP9	41.8	347	3.24e-80	249
C286__EHA02359_bin.2_gene_4_2	B2ULR8	62.7	338	5.76e-167	466
C286__EHA02359_bin.2_gene_4_5	B2UP90	64.7	442	1.07e-204	570
C286__EHA02359_bin.2_gene_4_6	B2ULX0	74.5	533	2.62e-297	811
C286__EHA02359_bin.2_gene_4_7	B2ULX1	65.2	512	7.95e-237	657
C286__EHA02359_bin.2_gene_4_8	B2UPN0	26.3	205	2.99e-16	73.6
C286__EHA02359_bin.2_gene_4_10	B2UQK8	50.4	371	2.63e-124	361
C286__EHA02359_bin.2_gene_4_11	B2UNR8	49.7	308	1.75e-95	281
C286__EHA02359_bin.2_gene_4_12	B2UNR9	50.0	330	2.01e-107	314
C286__EHA02359_bin.2_gene_4_13	B2UQJ2	67.1	222	2.10e-102	295
C286__EHA02359_bin.2_gene_4_15	B2ULP7	64.9	168	1.05e-67	202
C286__EHA02359_bin.2_gene_4_16	B2ULP6	91.2	57	6.14e-34	106
C286__EHA02359_bin.2_gene_4_17	B2ULP5	85.2	81	5.09e-48	143
C286__EHA02359_bin.2_gene_4_18	B2ULP4	74.0	262	4.97e-144	401
C286__EHA02359_bin.2_gene_4_19	B2ULM0	61.8	317	1.69e-145	410
C286__EHA02359_bin.2_gene_4_20	B2URM3	29.9	251	3.84e-08	53.5
C286__EHA02359_bin.2_gene_6_2	B2UMU5	74.7	509	2.69e-281	769
C286__EHA02359_bin.2_gene_6_3	B2UN42	37.8	670	1.58e-129	404
C286__EHA02359_bin.2_gene_6_4	B2UPB0	72.2	36	9.68e-12	52.0
C286__EHA02359_bin.2_gene_7_2	B2UQ71	76.1	636	0.0	1038
C286__EHA02359_bin.2_gene_7_5	B2UP10	60.2	362	6.53e-157	442
C286__EHA02359_bin.2_gene_7_7	B2UL03	59.4	138	1.08e-47	152
C286__EHA02359_bin.2_gene_7_9	B2ULA6	45.2	485	4.01e-134	394
C286__EHA02359_bin.2_gene_7_10	B2UNL5	72.5	437	1.06e-233	642
C286__EHA02359_bin.2_gene_7_11	B2UP17	63.9	202	9.64e-82	239
C286__EHA02359_bin.2_gene_7_12	B2UL92	74.9	509	1.92e-288	787
C286__EHA02359_bin.2_gene_7_13	B2UMH6	62.7	429	4.14e-176	496
C286__EHA02359_bin.2_gene_7_14	B2UNU6	57.6	278	1.63e-117	338
C286__EHA02359_bin.2_gene_7_17	B2UMZ5	72.1	136	1.56e-73	212
C286__EHA02359_bin.2_gene_7_18	B2UMZ6	45.2	261	1.53e-73	223
C286__EHA02359_bin.2_gene_7_19	B2UN29	80.4	245	2.76e-141	395
C286__EHA02359_bin.2_gene_7_20	B2UM86	39.8	196	2.85e-44	144
C286__EHA02359_bin.2_gene_7_21	B2UM87	41.3	167	1.07e-38	126
C286__EHA02359_bin.2_gene_7_22	B2UM88	56.3	407	1.99e-176	494
C286__EHA02359_bin.2_gene_7_26	B2UNN8	67.6	71	9.32e-28	99.8
C286__EHA02359_bin.2_gene_10_1	B2URF8	52.5	181	2.45e-53	170
C286__EHA02359_bin.2_gene_10_3	B2ULE2	48.8	651	1.16e-196	563
C286__EHA02359_bin.2_gene_10_4	B2ULD5	68.8	253	1.19e-120	341
C286__EHA02359_bin.2_gene_10_5	B2UPD6	45.6	439	4.40e-120	377
C286__EHA02359_bin.2_gene_10_6	B2UPD6	39.6	979	2.16e-242	722
C286__EHA02359_bin.2_gene_10_8	B2UNG9	53.8	370	1.50e-126	365
C286__EHA02359_bin.2_gene_10_9	B2UNG8	48.2	369	3.09e-135	387
C286__EHA02359_bin.2_gene_10_10	B2UNG7	39.6	318	1.23e-75	231
C286__EHA02359_bin.2_gene_10_11	B2UMA5	70.2	315	1.38e-164	457
C286__EHA02359_bin.2_gene_10_12	B2UMA6	56.7	238	3.49e-100	288
C286__EHA02359_bin.2_gene_10_13	B2UMN4	48.1	262	5.01e-82	243
C286__EHA02359_bin.2_gene_10_14	B2UMN3	73.4	391	4.95e-211	581
C286__EHA02359_bin.2_gene_10_15	B2UMN2	63.4	161	1.31e-69	204
C286__EHA02359_bin.2_gene_10_16	B2UMI2	46.8	698	1.18e-214	615
C286__EHA02359_bin.2_gene_10_17	B2ULL1	61.3	186	3.05e-81	236
C286__EHA02359_bin.2_gene_10_21	B2UQW8	66.1	667	1.82e-310	855
C286__EHA02359_bin.2_gene_10_22	B2UQW7	74.5	165	3.37e-94	268
C286__EHA02359_bin.2_gene_10_23	B2ULX8	45.9	381	9.91e-115	339
C286__EHA02359_bin.2_gene_10_24	B2UNB9	57.2	697	1.02e-274	768
C286__EHA02359_bin.2_gene_10_25	B2UPX3	45.2	376	3.03e-110	325
C286__EHA02359_bin.2_gene_10_26	B2ULC3	55.0	151	2.67e-49	152
C286__EHA02359_bin.2_gene_10_27	B2ULC4	51.8	220	8.97e-69	207
C286__EHA02359_bin.2_gene_10_28	B2UR34	78.1	151	1.19e-87	251
C286__EHA02359_bin.2_gene_10_29	B2UL50	49.7	149	1.49e-42	146
C286__EHA02359_bin.2_gene_11_3	B2ULL9	69.8	546	6.07e-260	717
C286__EHA02359_bin.2_gene_11_4	B2ULL8	71.6	560	1.74e-299	818
C286__EHA02359_bin.2_gene_11_5	B2ULL7	63.9	147	1.64e-55	176
C286__EHA02359_bin.2_gene_12_2	B2UN99	65.9	451	2.63e-235	649
C286__EHA02359_bin.2_gene_12_3	B2UPF4	60.7	206	7.54e-87	252
C286__EHA02359_bin.2_gene_12_4	B2UPF5	58.7	196	1.08e-76	225
C286__EHA02359_bin.2_gene_12_5	B2UPF6	50.1	339	1.19e-110	323
C286__EHA02359_bin.2_gene_12_6	B2UP27	81.9	425	5.71e-266	723
C286__EHA02359_bin.2_gene_12_7	B2ULV4	57.1	161	1.33e-63	191
C286__EHA02359_bin.2_gene_12_9	B2UP04	29.9	251	4.68e-30	109
C286__EHA02359_bin.2_gene_12_10	B2UP03	74.4	234	5.78e-132	368
C286__EHA02359_bin.2_gene_12_11	B2UP02	74.9	510	2.30e-275	765
C286__EHA02359_bin.2_gene_13_2	B2UMB5	60.4	452	7.22e-187	525
C286__EHA02359_bin.2_gene_13_3	B2UPQ8	51.6	444	3.32e-160	461
C286__EHA02359_bin.2_gene_13_4	B2UPU0	47.0	355	1.68e-108	320
C286__EHA02359_bin.2_gene_13_5	B2UPS9	74.4	434	4.72e-226	626
C286__EHA02359_bin.2_gene_13_6	B2ULZ2	40.7	391	3.37e-90	280
C286__EHA02359_bin.2_gene_13_7	B2UM02	71.8	557	2.39e-267	747
C286__EHA02359_bin.2_gene_14_6	B2UMA4	61.3	349	1.06e-164	460
C286__EHA02359_bin.2_gene_15_4	B2UQS7	34.0	315	5.86e-29	117
C286__EHA02359_bin.2_gene_16_1	B2ULX7	58.0	50	3.59e-13	59.3
C286__EHA02359_bin.2_gene_16_2	B2UQV7	56.0	100	5.36e-38	120
C286__EHA02359_bin.2_gene_16_3	B2UMH7	38.8	304	2.69e-62	196
C286__EHA02359_bin.2_gene_16_4	B2UMX7	50.7	209	5.61e-73	219
C286__EHA02359_bin.2_gene_16_5	B2UR38	40.2	199	9.94e-49	154
C286__EHA02359_bin.2_gene_16_6	B2UR37	68.3	426	9.33e-205	570
C286__EHA02359_bin.2_gene_16_7	B2UQ91	68.2	349	4.72e-185	512
C286__EHA02359_bin.2_gene_16_8	B2UQ90	73.3	412	2.11e-236	647
C286__EHA02359_bin.2_gene_17_3	B2UMS5	51.7	315	6.10e-106	312
C286__EHA02359_bin.2_gene_18_1	B2URH5	86.2	29	1.57e-12	52.8
C286__EHA02359_bin.2_gene_18_2	B2UL40	54.9	277	3.95e-109	314
C286__EHA02359_bin.2_gene_18_3	B2UP65	43.0	86	3.77e-13	63.2
C286__EHA02359_bin.2_gene_18_4	B2ULU7	45.3	320	1.22e-73	226
C286__EHA02359_bin.2_gene_18_5	B2UMN1	80.9	1055	0.0	1737
C286__EHA02359_bin.2_gene_18_6	B2UL66	38.4	242	8.05e-40	137
C286__EHA02359_bin.2_gene_19_1	B2UQS6	45.5	112	5.32e-23	92.4
C286__EHA02359_bin.2_gene_20_1	B2UQC1	38.3	334	1.06e-71	223
C286__EHA02359_bin.2_gene_20_4	B2UKW6	70.9	196	2.35e-97	278
C286__EHA02359_bin.2_gene_20_5	B2UNI0	40.3	481	7.76e-118	360
C286__EHA02359_bin.2_gene_20_6	B2UM13	48.5	569	1.95e-191	546
C286__EHA02359_bin.2_gene_20_7	B2UQS1	64.7	238	2.82e-106	303
C286__EHA02359_bin.2_gene_20_8	B2UQS0	38.9	350	2.64e-80	248
C286__EHA02359_bin.2_gene_20_10	B2URB1	44.4	369	2.57e-106	314
C286__EHA02359_bin.2_gene_20_12	B2UKM6	50.9	165	7.15e-53	163
C286__EHA02359_bin.2_gene_21_2	B2UMW9	40.2	679	7.38e-170	501
C286__EHA02359_bin.2_gene_21_3	B2UMW7	35.3	952	7.76e-168	510
C286__EHA02359_bin.2_gene_21_4	B2UMW8	46.5	241	6.67e-68	207
C286__EHA02359_bin.2_gene_21_5	B2UQ37	51.0	157	1.55e-53	164
C286__EHA02359_bin.2_gene_21_6	B2UNH9	46.4	207	1.26e-58	182
C286__EHA02359_bin.2_gene_22_3	B2UQS7	36.7	150	1.46e-18	80.9
C286__EHA02359_bin.2_gene_23_1	B2URK5	84.9	139	1.98e-76	226
C286__EHA02359_bin.2_gene_23_2	B2ULV6	52.2	594	1.46e-221	624
C286__EHA02359_bin.2_gene_24_1	B2UR02	47.5	162	2.86e-44	148
C286__EHA02359_bin.2_gene_24_3	B2UQ62	38.1	695	3.39e-144	433
C286__EHA02359_bin.2_gene_24_4	B2UN25	67.9	417	9.38e-213	592
C286__EHA02359_bin.2_gene_24_5	B2URD7	54.1	665	5.01e-250	702
C286__EHA02359_bin.2_gene_24_6	B2ULC7	39.1	156	7.18e-31	105
C286__EHA02359_bin.2_gene_24_7	B2UP88	56.7	578	1.35e-221	624
C286__EHA02359_bin.2_gene_24_8	B2UPI1	71.2	111	1.60e-55	166
C286__EHA02359_bin.2_gene_24_9	B2UME1	80.0	305	1.11e-167	474
C286__EHA02359_bin.2_gene_25_1	B2UL61	77.6	58	1.15e-25	91.7
C286__EHA02359_bin.2_gene_25_2	B2UL65	42.4	250	3.54e-68	207
C286__EHA02359_bin.2_gene_25_3	B2UM22	55.5	389	6.78e-157	444
C286__EHA02359_bin.2_gene_25_4	B2UNL6	45.0	291	1.10e-90	268
C286__EHA02359_bin.2_gene_25_5	B2UNX3	41.9	136	6.44e-35	114
C286__EHA02359_bin.2_gene_25_6	B2UNX4	79.9	467	5.63e-267	729
C286__EHA02359_bin.2_gene_25_7	B2UNX5	51.2	293	1.64e-87	259
C286__EHA02359_bin.2_gene_25_8	B2UNX6	72.7	506	2.94e-263	723
C286__EHA02359_bin.2_gene_25_9	B2UNX7	36.9	130	5.66e-26	91.7
C286__EHA02359_bin.2_gene_25_11	B2UNX9	68.1	69	1.12e-23	82.0
C286__EHA02359_bin.2_gene_25_12	B2UNY0	51.6	256	1.69e-82	248
C286__EHA02359_bin.2_gene_25_13	B2ULN7	44.8	482	6.30e-125	369
C286__EHA02359_bin.2_gene_25_14	B2ULN8	58.7	484	5.83e-189	532
C286__EHA02359_bin.2_gene_25_15	B2ULN9	66.7	598	5.58e-293	806
C286__EHA02359_bin.2_gene_25_16	B2ULY3	67.6	105	1.87e-45	139
C286__EHA02359_bin.2_gene_25_17	B2ULY4	39.4	231	2.14e-46	149
C286__EHA02359_bin.2_gene_25_18	B2ULY5	67.5	117	6.45e-41	130
C286__EHA02359_bin.2_gene_26_1	B2URM3	28.9	650	1.65e-40	162
C286__EHA02359_bin.2_gene_26_2	B2UKX4	47.4	287	1.40e-91	271
C286__EHA02359_bin.2_gene_27_2	B2UQB4	55.6	363	4.58e-135	387
C286__EHA02359_bin.2_gene_29_1	B2UL50	56.3	615	5.34e-215	615
C286__EHA02359_bin.2_gene_29_3	B2UML5	60.2	133	7.14e-54	162
C286__EHA02359_bin.2_gene_29_4	B2UML6	70.4	304	6.10e-150	419
C286__EHA02359_bin.2_gene_29_5	B2UQ19	55.2	422	2.40e-153	438
C286__EHA02359_bin.2_gene_29_8	B2UKT9	65.1	581	7.04e-275	759
C286__EHA02359_bin.2_gene_29_10	B2UMG2	63.2	114	2.44e-52	157
C286__EHA02359_bin.2_gene_30_1	B2URP4	50.0	634	1.86e-217	622
C286__EHA02359_bin.2_gene_30_2	B2URP5	77.8	320	2.66e-177	489
C286__EHA02359_bin.2_gene_30_3	B2URP6	74.1	251	2.09e-139	389
C286__EHA02359_bin.2_gene_30_4	B2URP7	42.9	217	9.51e-48	153
C286__EHA02359_bin.2_gene_30_5	B2UR51	67.1	222	2.90e-110	313
C286__EHA02359_bin.2_gene_30_6	B2UR50	48.0	358	4.45e-108	321
C286__EHA02359_bin.2_gene_30_7	B2UQA2	84.1	252	6.46e-156	430
C286__EHA02359_bin.2_gene_30_8	B2UR66	76.6	329	4.11e-192	528
C286__EHA02359_bin.2_gene_30_9	B2UP63	59.3	167	2.21e-66	196
C286__EHA02359_bin.2_gene_30_10	B2UN43	49.7	185	1.99e-59	181
C286__EHA02359_bin.2_gene_30_11	B2UQG0	76.5	375	1.05e-217	609
C286__EHA02359_bin.2_gene_31_2	B2UR10	81.5	464	8.56e-291	789
C286__EHA02359_bin.2_gene_31_3	B2UR09	69.8	331	1.96e-167	468
C286__EHA02359_bin.2_gene_32_1	B2UN42	47.6	685	1.88e-211	605
C286__EHA02359_bin.2_gene_32_3	B2UM89	40.5	518	5.50e-123	370
C286__EHA02359_bin.2_gene_32_4	B2ULC6	73.5	321	6.33e-172	476
C286__EHA02359_bin.2_gene_32_5	B2UNU3	56.6	189	5.11e-67	201
C286__EHA02359_bin.2_gene_32_7	B2UQJ5	34.5	142	7.09e-21	79.3
C286__EHA02359_bin.2_gene_32_9	B2UNN5	54.7	971	0.0	993
C286__EHA02359_bin.2_gene_32_10	B2UNE3	68.7	425	3.83e-216	597
C286__EHA02359_bin.2_gene_32_12	B2ULU0	71.1	391	5.07e-204	564
C286__EHA02359_bin.2_gene_32_13	B2ULT9	49.4	312	4.46e-101	296
C286__EHA02359_bin.2_gene_32_15	B2UR18	42.2	393	1.76e-109	323
C286__EHA02359_bin.2_gene_32_16	B2URQ6	67.0	106	7.66e-50	150
C286__EHA02359_bin.2_gene_32_17	B2UKL9	74.5	188	2.50e-94	269
C286__EHA02359_bin.2_gene_32_18	B2UKM0	76.6	239	1.25e-125	352
C286__EHA02359_bin.2_gene_32_19	B2UNV0	43.9	237	4.06e-56	178
C286__EHA02359_bin.2_gene_33_1	B2UM06	68.9	241	1.21e-116	341
C286__EHA02359_bin.2_gene_33_5	B2UNA6	54.3	243	2.27e-94	290
C286__EHA02359_bin.2_gene_36_3	B2UQP9	47.3	55	3.06e-06	43.5
C286__EHA02359_bin.2_gene_36_4	B2UPZ1	67.2	454	3.01e-228	630
C286__EHA02359_bin.2_gene_36_5	B2UPD8	72.0	483	7.81e-173	494
C286__EHA02359_bin.2_gene_36_6	B2UPD7	50.3	173	1.53e-49	155
C286__EHA02359_bin.2_gene_36_7	B2URI8	40.8	348	3.29e-85	257
C286__EHA02359_bin.2_gene_36_8	B2URI9	59.6	344	3.24e-143	405
C286__EHA02359_bin.2_gene_36_10	B2UL59	65.4	26	7.70e-10	46.6
C286__EHA02359_bin.2_gene_37_1	B2UNT5	60.1	439	4.47e-194	543
C286__EHA02359_bin.2_gene_38_1	B2UNR0	53.1	162	1.22e-58	178
C286__EHA02359_bin.2_gene_38_3	B2UR84	31.6	231	3.18e-19	85.5
C286__EHA02359_bin.2_gene_40_3	B2UR84	36.0	303	2.74e-36	144
C286__EHA02359_bin.2_gene_41_2	B2ULV6	69.1	165	2.74e-73	227
C286__EHA02359_bin.2_gene_42_3	B2UP82	28.6	462	6.70e-57	192
C286__EHA02359_bin.2_gene_43_1	B2UP77	80.3	66	1.80e-34	109
C286__EHA02359_bin.2_gene_43_2	B2UQR5	48.3	331	5.97e-96	293
C286__EHA02359_bin.2_gene_43_3	B2ULR7	65.1	519	3.42e-244	677
C286__EHA02359_bin.2_gene_43_4	B2UPW6	53.4	232	5.30e-81	242
C286__EHA02359_bin.2_gene_44_1	B2UPP9	78.4	283	3.91e-178	489
C286__EHA02359_bin.2_gene_44_2	B2UNH0	53.4	290	2.89e-98	288
C286__EHA02359_bin.2_gene_44_3	B2UPG6	48.4	93	4.15e-20	74.7
C286__EHA02359_bin.2_gene_44_4	B2UNU8	59.1	628	4.55e-274	766
C286__EHA02359_bin.2_gene_45_2	B2UNW1	35.6	435	2.15e-96	293
C286__EHA02359_bin.2_gene_45_3	B2UNW0	40.1	302	1.40e-75	231
C286__EHA02359_bin.2_gene_45_4	B2UQP5	61.3	380	7.72e-180	501
C286__EHA02359_bin.2_gene_45_6	B2UKX3	49.2	836	2.09e-260	742
C286__EHA02359_bin.2_gene_46_4	B2UQK1	67.2	918	0.0	1258
C286__EHA02359_bin.2_gene_46_5	B2UMG9	32.1	277	1.49e-44	150
C286__EHA02359_bin.2_gene_46_6	B2UPR9	57.8	365	4.59e-149	422
C286__EHA02359_bin.2_gene_46_8	B2UPZ7	44.8	382	1.83e-108	321
C286__EHA02359_bin.2_gene_46_11	B2UQJ4	57.5	499	2.60e-200	563
C286__EHA02359_bin.2_gene_46_12	B2UR52	76.9	554	3.71e-318	866
C286__EHA02359_bin.2_gene_46_13	B2UKZ7	66.6	410	4.32e-197	548
C286__EHA02359_bin.2_gene_46_14	B2UM21	45.6	327	2.79e-101	299
C286__EHA02359_bin.2_gene_46_15	B2UQ63	48.9	317	7.17e-105	307
C286__EHA02359_bin.2_gene_46_17	B2UR05	53.0	485	7.40e-176	500
C286__EHA02359_bin.2_gene_46_18	B2UKY9	55.2	203	8.45e-76	224
C286__EHA02359_bin.2_gene_46_19	B2UMM0	57.8	315	7.13e-125	357
C286__EHA02359_bin.2_gene_46_20	B2UML9	70.5	88	4.79e-38	119
C286__EHA02359_bin.2_gene_46_21	B2UML8	57.5	584	2.17e-234	656
C286__EHA02359_bin.2_gene_46_22	B2UNE5	55.7	253	3.07e-82	256
C286__EHA02359_bin.2_gene_47_2	B2UR20	71.9	520	8.71e-277	759
C286__EHA02359_bin.2_gene_47_3	B2UR19	61.3	261	5.80e-114	329
C286__EHA02359_bin.2_gene_47_4	B2UMJ0	53.6	224	3.48e-83	244
C286__EHA02359_bin.2_gene_47_5	B2UMI9	34.3	399	1.17e-54	188
C286__EHA02359_bin.2_gene_47_6	B2URH1	52.9	227	1.05e-78	233
C286__EHA02359_bin.2_gene_47_7	B2ULH5	36.5	587	7.51e-119	362
C286__EHA02359_bin.2_gene_47_8	B2UQT9	78.9	535	8.36e-311	845
C286__EHA02359_bin.2_gene_47_9	B2UNC5	48.8	205	1.37e-74	221
C286__EHA02359_bin.2_gene_47_10	B2UNC7	54.2	249	3.79e-90	265
C286__EHA02359_bin.2_gene_47_11	B2UMU4	96.0	126	4.85e-86	243
C286__EHA02359_bin.2_gene_47_12	B2UMU3	86.0	157	1.31e-97	275
C286__EHA02359_bin.2_gene_47_13	B2UMU2	80.8	717	0.0	1166
C286__EHA02359_bin.2_gene_47_14	B2UMU1	90.2	102	8.96e-63	182
C286__EHA02359_bin.2_gene_47_15	B2UMU0	69.2	201	3.95e-98	280
C286__EHA02359_bin.2_gene_47_16	B2UMT9	80.3	203	1.38e-105	298
C286__EHA02359_bin.2_gene_47_17	B2UMT8	79.8	94	1.82e-47	143
C286__EHA02359_bin.2_gene_47_18	B2UMT7	83.8	278	4.38e-172	473
C286__EHA02359_bin.2_gene_47_19	B2UMT6	88.8	89	1.81e-56	165
C286__EHA02359_bin.2_gene_47_20	B2UMT5	55.4	233	1.27e-85	251
C286__EHA02359_bin.2_gene_47_21	B2UMT4	72.7	110	2.04e-52	157
C286__EHA02359_bin.2_gene_47_22	B2UMT3	78.3	221	6.95e-124	347
C286__EHA02359_bin.2_gene_47_23	B2UMT2	88.2	136	8.95e-88	248
C286__EHA02359_bin.2_gene_47_24	B2UMT1	76.7	60	7.99e-25	84.3
C286__EHA02359_bin.2_gene_47_25	B2UMT0	84.7	85	2.97e-44	134
C286__EHA02359_bin.2_gene_47_26	B2UMS9	91.7	121	1.12e-74	214
C286__EHA02359_bin.2_gene_47_27	B2UQM2	77.3	75	6.67e-38	118
C286__EHA02359_bin.2_gene_47_28	B2UQM3	82.7	191	3.58e-114	319
C286__EHA02359_bin.2_gene_47_29	B2UQM4	80.5	133	6.62e-75	215
C286__EHA02359_bin.2_gene_47_30	B2UQM5	68.2	179	1.95e-82	238
C286__EHA02359_bin.2_gene_47_31	B2UQM6	75.0	120	1.74e-57	170
C286__EHA02359_bin.2_gene_47_32	B2UQM7	82.6	161	1.34e-91	262
C286__EHA02359_bin.2_gene_47_33	B2UQM8	77.6	152	4.31e-80	230
C286__EHA02359_bin.2_gene_47_34	B2UQN0	64.7	499	1.67e-215	601
C286__EHA02359_bin.2_gene_47_35	B2UQN1	53.7	216	7.77e-78	229
C286__EHA02359_bin.2_gene_47_36	B2UQN2	64.7	266	2.35e-123	348
C286__EHA02359_bin.2_gene_47_37	B2URH7	56.5	494	1.92e-187	528
C286__EHA02359_bin.2_gene_47_38	B2UQR4	60.3	141	3.30e-50	160
C286__EHA02359_bin.2_gene_47_39	B2ULX6	57.2	299	1.37e-119	344
C286__EHA02359_bin.2_gene_47_40	B2ULX5	47.1	314	8.55e-94	283
C286__EHA02359_bin.2_gene_47_42	B2UL96	66.4	301	3.14e-143	402
C286__EHA02359_bin.2_gene_48_2	B2UP48	54.7	318	6.45e-118	338
C286__EHA02359_bin.2_gene_48_3	B2UP49	43.3	1180	1.17e-283	823
C286__EHA02359_bin.2_gene_48_4	B2UQ23	75.4	342	6.64e-185	511
C286__EHA02359_bin.2_gene_48_5	B2UMZ9	64.4	326	1.01e-139	402
C286__EHA02359_bin.2_gene_49_2	B2UN92	51.9	347	1.24e-114	334
C286__EHA02359_bin.2_gene_49_3	B2UQB6	44.2	335	5.79e-93	277
C286__EHA02359_bin.2_gene_49_4	B2UL48	45.8	238	2.18e-74	222
C286__EHA02359_bin.2_gene_49_5	B2UN28	63.5	394	1.67e-184	514
C286__EHA02359_bin.2_gene_49_6	B2UM27	62.8	145	2.51e-64	195
C286__EHA02359_bin.2_gene_50_2	B2URH9	48.9	137	7.12e-31	105
C286__EHA02359_bin.2_gene_50_3	B2URH8	54.3	221	6.19e-81	241
C286__EHA02359_bin.2_gene_50_4	B2ULM3	53.5	520	4.67e-190	539
C286__EHA02359_bin.2_gene_50_5	B2UKU4	42.4	363	2.81e-75	234
C286__EHA02359_bin.2_gene_51_3	B2UKU7	79.1	592	0.0	946
C286__EHA02359_bin.2_gene_51_4	B2UKU8	63.4	306	4.44e-132	379
C286__EHA02359_bin.2_gene_52_1	B2UMX6	50.2	263	1.15e-75	241
C286__EHA02359_bin.2_gene_52_3	B2ULL3	64.1	142	4.12e-61	182
C286__EHA02359_bin.2_gene_52_4	B2ULL7	24.7	425	1.63e-43	154
C286__EHA02359_bin.2_gene_52_5	B2ULL9	38.1	504	2.04e-106	326
C286__EHA02359_bin.2_gene_52_6	B2URP9	39.7	141	1.57e-28	99.4
C286__EHA02359_bin.2_gene_52_7	B2URP8	51.7	344	8.37e-118	340
C286__EHA02359_bin.2_gene_52_9	B2UM84	71.5	912	0.0	1371
C286__EHA02359_bin.2_gene_52_10	B2ULH3	57.7	381	8.76e-152	430
C286__EHA02359_bin.2_gene_53_2	B2UMD8	67.9	221	2.53e-111	316
C286__EHA02359_bin.2_gene_53_3	B2UMD9	73.6	326	8.53e-175	485
C286__EHA02359_bin.2_gene_53_5	B2URG7	51.0	96	2.20e-30	100
C286__EHA02359_bin.2_gene_53_6	B2URG8	46.3	739	2.49e-190	553
C286__EHA02359_bin.2_gene_53_7	B2UQE6	29.0	552	1.22e-52	190
C286__EHA02359_bin.2_gene_54_1	B2UMZ7	46.1	469	1.16e-129	385
C286__EHA02359_bin.2_gene_54_2	B2UNL8	35.6	554	7.97e-99	309
C286__EHA02359_bin.2_gene_54_6	B2UPJ3	34.7	259	1.41e-40	142
C286__EHA02359_bin.2_gene_54_7	B2UNE7	73.2	555	0.0	879
C286__EHA02359_bin.2_gene_54_8	B2UR16	38.2	553	5.67e-118	359
C286__EHA02359_bin.2_gene_55_1	B2UQB0	62.0	581	1.14e-267	742
C286__EHA02359_bin.2_gene_55_2	B2ULD0	47.8	159	8.10e-49	153
C286__EHA02359_bin.2_gene_55_3	B2ULC9	53.0	253	6.83e-100	289
C286__EHA02359_bin.2_gene_55_4	B2UQZ0	60.7	366	2.62e-148	420
C286__EHA02359_bin.2_gene_55_5	B2UQZ1	61.9	449	4.47e-180	506
C286__EHA02359_bin.2_gene_55_6	B2UQZ2	87.8	197	1.30e-126	353
C286__EHA02359_bin.2_gene_55_7	B2UQZ3	40.0	433	3.83e-99	301
C286__EHA02359_bin.2_gene_55_8	B2UKX6	51.7	267	4.60e-102	295
C286__EHA02359_bin.2_gene_55_9	B2UQB1	43.2	347	3.55e-90	271
C286__EHA02359_bin.2_gene_55_10	B2UNK9	61.6	385	9.59e-171	478
C286__EHA02359_bin.2_gene_55_11	B2UP40	33.6	387	5.33e-64	207
C286__EHA02359_bin.2_gene_55_12	B2UNU2	55.3	403	4.25e-141	405
C286__EHA02359_bin.2_gene_55_13	B2UPL0	32.3	310	1.03e-40	146
C286__EHA02359_bin.2_gene_55_14	B2UNZ9	42.4	616	3.52e-169	492
C286__EHA02359_bin.2_gene_55_15	B2UPK7	45.0	200	7.25e-58	179
C286__EHA02359_bin.2_gene_55_17	B2UPJ0	71.0	328	2.07e-164	458
C286__EHA02359_bin.2_gene_55_18	B2UPJ1	58.2	376	8.62e-152	429
C286__EHA02359_bin.2_gene_55_19	B2ULG6	44.3	192	1.07e-49	164
C286__EHA02359_bin.2_gene_55_20	B2UPB9	31.1	135	9.49e-12	60.1
C286__EHA02359_bin.2_gene_55_21	B2UNG6	42.6	331	5.64e-89	267
C286__EHA02359_bin.2_gene_55_22	B2UQ31	63.8	381	1.34e-172	483
C286__EHA02359_bin.2_gene_55_23	B2URM9	30.5	632	7.79e-75	265
C286__EHA02359_bin.2_gene_55_24	B2UNG1	46.2	52	2.40e-06	40.0
C286__EHA02359_bin.2_gene_55_25	B2UQR2	34.5	588	9.58e-113	348
C286__EHA02359_bin.2_gene_55_27	B2UQR0	58.2	600	2.29e-227	639
C286__EHA02359_bin.2_gene_55_28	B2UKM4	27.5	484	2.00e-39	147
C286__EHA02359_bin.2_gene_55_30	B2UNV4	62.0	129	2.68e-56	169
C286__EHA02359_bin.2_gene_55_31	B2UNV5	78.0	245	1.84e-142	395
C286__EHA02359_bin.2_gene_55_32	B2UNV6	84.6	462	3.73e-299	811
C286__EHA02359_bin.2_gene_55_33	B2UNV7	35.4	387	9.80e-66	212
C286__EHA02359_bin.2_gene_55_34	B2UNZ0	44.5	238	3.62e-61	190
C286__EHA02359_bin.2_gene_55_35	B2UL70	55.1	198	1.01e-65	197
C286__EHA02359_bin.2_gene_55_36	B2UMK1	66.0	100	2.85e-46	142
C286__EHA02359_bin.2_gene_55_37	B2UQH2	77.7	188	4.19e-107	301
C286__EHA02359_bin.2_gene_55_38	B2UP35	80.5	487	1.28e-287	783
C286__EHA02359_bin.2_gene_55_41	B2ULX2	38.5	1419	2.36e-269	800
C286__EHA02359_bin.2_gene_55_45	B2UND0	60.5	281	7.72e-113	323
C286__EHA02359_bin.2_gene_55_46	B2UNC9	69.4	216	4.68e-101	289
C286__EHA02359_bin.2_gene_55_47	B2UKY4	60.9	440	2.57e-193	540
C286__EHA02359_bin.2_gene_56_2	B2UP18	58.1	217	8.27e-88	255
C286__EHA02359_bin.2_gene_56_4	B2UP41	51.6	599	1.41e-223	634
C286__EHA02359_bin.2_gene_56_5	B2ULA1	58.6	741	3.20e-314	871
C286__EHA02359_bin.2_gene_56_6	B2UQG8	28.5	302	1.62e-21	92.8
C286__EHA02359_bin.2_gene_56_7	B2UKX7	49.0	353	1.55e-111	326
C286__EHA02359_bin.2_gene_56_10	B2UKX8	38.2	296	1.96e-60	193
C286__EHA02359_bin.2_gene_56_11	B2UQT6	53.2	402	5.27e-149	425
C286__EHA02359_bin.2_gene_56_12	B2UNT8	47.0	411	2.48e-111	328
C286__EHA02359_bin.2_gene_56_13	B2UN74	41.4	331	7.92e-85	256
C286__EHA02359_bin.2_gene_56_14	B2ULS8	68.3	635	0.0	895
C286__EHA02359_bin.2_gene_56_16	B2UP59	72.0	325	8.97e-168	467
C286__EHA02359_bin.2_gene_56_17	B2UQR6	66.7	69	8.44e-28	99.0
C286__EHA02359_bin.2_gene_57_4	B2UM12	53.5	439	2.61e-156	447
C286__EHA02359_bin.2_gene_58_2	B2URE6	77.3	515	1.73e-294	802
C286__EHA02359_bin.2_gene_58_3	B2URE7	66.1	242	2.31e-113	322
C286__EHA02359_bin.2_gene_58_4	B2URE8	48.7	119	2.49e-32	107
C286__EHA02359_bin.2_gene_58_5	B2URD1	62.2	45	1.75e-14	59.3
C286__EHA02359_bin.2_gene_58_6	B2URD1	69.2	26	8.68e-07	38.9
C286__EHA02359_bin.2_gene_58_7	B2UNB6	52.2	255	3.49e-86	254
C286__EHA02359_bin.2_gene_58_8	B2UMA8	57.7	575	7.00e-232	649
C286__EHA02359_bin.2_gene_58_11	B2UP12	31.4	1063	2.57e-149	469
C286__EHA02359_bin.2_gene_58_12	B2UP14	55.8	154	2.42e-54	165
C286__EHA02359_bin.2_gene_58_13	B2UP15	55.1	158	5.02e-51	157
C286__EHA02359_bin.2_gene_58_14	B2UP16	64.6	254	3.80e-109	312
C286__EHA02359_bin.2_gene_58_15	B2UL39	68.8	141	2.98e-61	195
C286__EHA02359_bin.2_gene_60_1	B2URP1	41.0	217	1.56e-49	158
C286__EHA02359_bin.2_gene_60_2	B2URP2	86.9	251	2.84e-161	444
C286__EHA02359_bin.2_gene_60_3	B2URP3	62.8	584	4.52e-256	711
C286__EHA02359_bin.2_gene_60_4	B2URP4	88.4	112	4.13e-62	198
C286__EHA02359_bin.2_gene_62_1	B2UL57	57.0	107	1.05e-35	119
C286__EHA02359_bin.2_gene_62_3	B2UKM3	47.5	478	1.15e-147	430
C286__EHA02359_bin.2_gene_63_1	B2UQI8	71.8	642	0.0	905
C286__EHA02359_bin.2_gene_63_2	B2UNV0	44.9	214	1.51e-60	189
C286__EHA02359_bin.2_gene_64_2	B2ULB4	25.7	167	7.32e-14	62.8
C286__EHA02359_bin.2_gene_64_3	B2ULB5	42.2	327	4.38e-85	258
C286__EHA02359_bin.2_gene_64_4	B2ULB6	66.2	840	0.0	1075
C286__EHA02359_bin.2_gene_64_5	B2ULM6	52.4	483	3.47e-189	534
C286__EHA02359_bin.2_gene_64_6	B2UQI5	59.7	310	3.69e-130	370
C286__EHA02359_bin.2_gene_64_7	B2UQI4	81.8	324	1.07e-194	534
C286__EHA02359_bin.2_gene_64_8	B2UQI3	61.6	432	2.20e-182	511
C286__EHA02359_bin.2_gene_64_9	B2UPM6	28.8	400	5.80e-31	118
C286__EHA02359_bin.2_gene_65_1	B2UQ68	67.6	173	8.83e-69	203
C286__EHA02359_bin.2_gene_65_4	B2URD3	53.2	158	2.26e-56	173
C286__EHA02359_bin.2_gene_66_1	B2UQR6	71.0	314	1.58e-159	447
C286__EHA02359_bin.2_gene_66_2	B2UQR7	57.9	717	7.16e-265	745
C286__EHA02359_bin.2_gene_66_3	B2UQP8	59.7	201	5.78e-80	243
C286__EHA02359_bin.2_gene_68_1	B2UME1	88.6	254	6.07e-155	439
C286__EHA02359_bin.2_gene_68_3	B2UL66	72.9	306	1.63e-167	465
C286__EHA02359_bin.2_gene_68_4	B2UL16	46.6	193	5.58e-58	177
C286__EHA02359_bin.2_gene_68_5	B2UP07	51.6	913	0.0	916
C286__EHA02359_bin.2_gene_69_2	B2UL67	44.9	350	2.55e-106	313
C286__EHA02359_bin.2_gene_69_4	B2ULD3	75.8	389	1.24e-217	598
C286__EHA02359_bin.2_gene_69_5	B2ULU5	44.8	627	5.36e-203	580
C286__EHA02359_bin.2_gene_69_6	B2ULU4	71.9	303	1.81e-161	448
C286__EHA02359_bin.2_gene_69_7	B2ULU3	64.3	300	2.06e-129	367
C286__EHA02359_bin.2_gene_69_8	B2UPY1	76.3	240	1.09e-126	356
C286__EHA02359_bin.2_gene_70_1	B2ULA8	69.4	529	3.54e-256	708
C286__EHA02359_bin.2_gene_70_2	B2UM09	53.1	848	5.03e-308	864
C286__EHA02359_bin.2_gene_70_3	B2UMY4	83.6	274	3.56e-176	483
C286__EHA02359_bin.2_gene_71_2	B2UNZ3	57.6	399	1.23e-163	462
C286__EHA02359_bin.2_gene_71_3	B2URK5	78.6	332	2.74e-192	529
C286__EHA02359_bin.2_gene_71_4	B2UR47	56.1	428	1.98e-174	491
C286__EHA02359_bin.2_gene_71_5	B2UQU2	61.6	190	6.52e-81	236
C286__EHA02359_bin.2_gene_71_6	B2UNR7	81.4	338	9.03e-204	588
C286__EHA02359_bin.2_gene_72_1	B2UR44	60.1	333	9.36e-141	399
C286__EHA02359_bin.2_gene_72_2	B2UR45	46.4	330	5.62e-104	305
C286__EHA02359_bin.2_gene_72_4	B2ULN3	64.0	175	1.29e-74	218
C286__EHA02359_bin.2_gene_72_6	B2ULZ0	69.7	412	6.00e-214	590
C286__EHA02359_bin.2_gene_72_7	B2ULY9	53.2	190	2.94e-71	211
C286__EHA02359_bin.2_gene_72_8	B2ULY8	69.8	463	4.21e-254	696
C286__EHA02359_bin.2_gene_72_9	B2ULY7	57.1	566	3.56e-232	649
C286__EHA02359_bin.2_gene_72_10	B2ULY6	55.0	231	1.01e-82	249
C286__EHA02359_bin.2_gene_73_2	B2ULP2	58.2	337	1.78e-126	374
C286__EHA02359_bin.2_gene_73_4	B2UQV8	40.1	252	7.02e-56	176
C286__EHA02359_bin.2_gene_73_5	B2UL13	45.8	273	1.75e-75	229
C286__EHA02359_bin.2_gene_73_6	B2UL14	48.1	395	6.17e-121	354
C286__EHA02359_bin.2_gene_73_7	B2UL15	64.1	454	6.80e-205	572
C286__EHA02359_bin.2_gene_73_9	B2UQC2	65.8	1272	0.0	1726
C286__EHA02359_bin.2_gene_73_10	B2UPH4	40.5	269	1.28e-61	192
C286__EHA02359_bin.2_gene_73_11	B2UQP7	50.7	418	3.84e-137	397
C286__EHA02359_bin.2_gene_73_14	B2UNJ4	65.2	89	9.92e-36	113
C286__EHA02359_bin.2_gene_74_1	B2UMK0	70.7	157	2.20e-80	232
C286__EHA02359_bin.2_gene_74_2	B2UMQ9	52.1	292	3.39e-108	313
C286__EHA02359_bin.2_gene_74_3	B2ULM9	45.4	414	2.34e-99	299
C286__EHA02359_bin.2_gene_74_4	B2ULM8	49.8	259	9.74e-85	251
C286__EHA02359_bin.2_gene_74_5	B2ULM7	56.8	241	3.95e-88	258
C286__EHA02359_bin.2_gene_74_6	B2UMZ2	37.9	311	1.61e-68	215
C286__EHA02359_bin.2_gene_74_7	B2UMZ1	62.5	40	9.11e-14	57.8
C286__EHA02359_bin.2_gene_75_1	B2UN35	32.2	366	1.06e-56	202
C286__EHA02359_bin.2_gene_75_2	B2UML7	37.9	593	3.22e-95	298
C286__EHA02359_bin.2_gene_75_5	B2UL37	46.8	295	2.12e-83	249
C286__EHA02359_bin.2_gene_75_6	B2UL38	58.6	191	1.88e-71	212
C286__EHA02359_bin.2_gene_75_7	B2UMY7	33.2	410	8.86e-69	220
C286__EHA02359_bin.2_gene_75_8	B2UMZ0	37.6	351	1.49e-61	198
C286__EHA02359_bin.2_gene_75_9	B2UMZ1	58.1	172	2.07e-63	191
C286__EHA02359_bin.2_gene_76_11	B2ULN0	45.6	333	4.09e-101	297
C286__EHA02359_bin.2_gene_76_12	B2UQ05	30.4	352	8.62e-60	193
C286__EHA02359_bin.2_gene_76_14	B2UMP4	63.0	468	4.30e-208	580
C286__EHA02359_bin.2_gene_76_15	B2UMP5	49.5	97	3.99e-27	92.0
C286__EHA02359_bin.2_gene_76_17	B2UMP7	26.4	178	2.53e-14	64.7
C286__EHA02359_bin.2_gene_76_18	B2UMP8	42.9	259	3.40e-59	185
C286__EHA02359_bin.2_gene_77_2	B2UPE1	77.8	293	1.05e-163	453
C286__EHA02359_bin.2_gene_77_3	B2UPK2	52.4	296	4.69e-107	310
C286__EHA02359_bin.2_gene_78_4	B2UNP6	47.3	332	8.09e-91	271
C286__EHA02359_bin.2_gene_78_5	B2UNP7	41.8	194	1.13e-43	141
C286__EHA02359_bin.2_gene_78_6	B2UM20	39.0	349	2.63e-70	231
C286__EHA02359_bin.2_gene_79_1	B2ULX7	57.6	660	5.42e-255	723
C286__EHA02359_bin.2_gene_79_2	B2UN05	36.8	383	9.20e-80	247
C286__EHA02359_bin.2_gene_79_3	B2UR29	28.1	748	5.48e-66	228
C286__EHA02359_bin.2_gene_80_1	B2UP73	71.5	506	3.05e-262	721
C286__EHA02359_bin.2_gene_81_1	B2UKV5	61.9	189	2.76e-84	259
C286__EHA02359_bin.2_gene_81_2	B2UMJ5	67.0	212	6.46e-97	278
C286__EHA02359_bin.2_gene_81_3	B2UMJ4	73.8	629	0.0	984
C286__EHA02359_bin.2_gene_81_6	B2UPZ5	51.6	225	1.13e-85	250
C286__EHA02359_bin.2_gene_81_7	B2UPZ6	32.8	195	2.15e-17	79.3
C286__EHA02359_bin.2_gene_81_8	B2UMD4	72.5	51	7.71e-19	70.9
C286__EHA02359_bin.2_gene_81_11	B2ULB3	57.7	286	5.84e-116	332
C286__EHA02359_bin.2_gene_81_12	B2ULB2	56.9	246	6.85e-102	293
C286__EHA02359_bin.2_gene_82_1	B2UPJ8	41.3	341	2.99e-94	282
C286__EHA02359_bin.2_gene_82_2	B2UPJ9	57.2	201	2.42e-67	202
C286__EHA02359_bin.2_gene_82_3	B2UMX2	48.6	873	2.37e-295	835
C286__EHA02359_bin.2_gene_82_4	B2UNP0	33.3	306	8.94e-36	140
C286__EHA02359_bin.2_gene_83_2	B2UL89	75.3	291	1.41e-166	461
C286__EHA02359_bin.2_gene_83_3	B2UL88	80.8	364	6.25e-226	616
C286__EHA02359_bin.2_gene_83_4	B2UL87	84.4	308	1.60e-191	525
C286__EHA02359_bin.2_gene_83_5	B2ULR5	88.1	134	7.39e-80	228
C286__EHA02359_bin.2_gene_83_6	B2ULR4	55.6	160	9.00e-56	171
C286__EHA02359_bin.2_gene_83_7	B2ULR3	79.2	192	2.86e-104	299
C286__EHA02359_bin.2_gene_84_3	B2UN02	29.8	684	4.42e-84	281
C286__EHA02359_bin.2_gene_84_4	B2URH2	42.5	501	7.45e-114	342
C286__EHA02359_bin.2_gene_84_5	B2UM70	59.9	142	1.97e-52	161
C286__EHA02359_bin.2_gene_84_6	B2UPB4	49.6	807	1.45e-237	682
C286__EHA02359_bin.2_gene_84_7	B2UMR2	79.0	376	2.76e-231	631
C286__EHA02359_bin.2_gene_84_8	B2UMR1	53.2	109	8.05e-35	112
C286__EHA02359_bin.2_gene_85_1	B2UMS7	70.0	890	0.0	1301
C286__EHA02359_bin.2_gene_85_2	B2UMV2	39.6	217	2.18e-49	160
C286__EHA02359_bin.2_gene_85_3	B2UM28	65.1	215	2.33e-95	274
C286__EHA02359_bin.2_gene_86_3	B2UL94	26.5	551	5.29e-35	137
C286__EHA02359_bin.2_gene_87_3	B2UR84	43.8	105	3.35e-17	77.4
C286__EHA02359_bin.2_gene_88_1	B2UM24	70.3	37	7.28e-14	57.8
C286__EHA02359_bin.2_gene_88_2	B2UME3	68.8	157	3.83e-77	223
C286__EHA02359_bin.2_gene_88_3	B2UPZ0	76.0	25	1.10e-06	44.7
C286__EHA02359_bin.2_gene_88_5	B2UNZ5	65.0	237	8.58e-102	294
C286__EHA02359_bin.2_gene_89_1	B2URN1	43.6	353	4.49e-100	297
C286__EHA02359_bin.2_gene_89_3	B2UKM8	74.0	415	1.42e-235	645
C286__EHA02359_bin.2_gene_89_4	B2UQ30	77.1	349	2.14e-195	538
C286__EHA02359_bin.2_gene_89_5	B2UMM8	63.8	495	4.51e-237	657
C286__EHA02359_bin.2_gene_89_6	B2UMM7	58.3	168	1.20e-70	213
C286__EHA02359_bin.2_gene_89_7	B2UM23	60.2	83	1.43e-25	87.4
C286__EHA02359_bin.2_gene_89_10	B2UR15	61.1	525	1.53e-242	673
C286__EHA02359_bin.2_gene_89_11	B2UR06	36.4	209	9.64e-40	132
C286__EHA02359_bin.2_gene_89_14	B2UKW3	40.0	727	6.94e-175	515
C286__EHA02359_bin.2_gene_89_15	B2UKW4	37.7	175	2.21e-33	114
C286__EHA02359_bin.2_gene_89_16	B2UP66	63.7	328	2.98e-153	430
C286__EHA02359_bin.2_gene_89_17	B2UQC5	57.2	544	9.70e-202	582
C286__EHA02359_bin.2_gene_90_1	B2UKY7	48.5	371	1.60e-111	337
C286__EHA02359_bin.2_gene_90_3	B2URK8	61.5	460	2.79e-202	564
C286__EHA02359_bin.2_gene_90_5	B2URE4	64.4	337	1.28e-140	398
C286__EHA02359_bin.2_gene_90_6	B2URE3	76.4	297	2.45e-164	455
C286__EHA02359_bin.2_gene_90_7	B2UN97	61.0	439	5.96e-180	506
C286__EHA02359_bin.2_gene_90_9	B2UQF3	51.8	708	4.35e-260	732
C286__EHA02359_bin.2_gene_90_10	B2URH3	79.4	63	4.69e-33	108
C286__EHA02359_bin.2_gene_90_12	B2UNP3	66.8	304	1.26e-147	413
C286__EHA02359_bin.2_gene_90_13	B2UNP4	69.4	389	2.22e-215	592
C286__EHA02359_bin.2_gene_90_14	B2UNI8	62.0	121	8.79e-47	143
C286__EHA02359_bin.2_gene_90_15	B2UPE7	63.9	429	5.48e-179	503
C286__EHA02359_bin.2_gene_90_18	B2UR32	57.1	371	1.59e-141	410
C286__EHA02359_bin.2_gene_90_19	B2UPE5	60.4	510	2.27e-225	628
C286__EHA02359_bin.2_gene_91_1	B2UNA6	53.4	395	3.47e-143	426
C286__EHA02359_bin.2_gene_92_3	B2UPG8	63.6	228	2.10e-108	308
C286__EHA02359_bin.2_gene_93_2	B2ULP9	48.3	294	1.09e-83	252
C286__EHA02359_bin.2_gene_93_3	B2UMI1	43.3	436	3.03e-118	350
C286__EHA02359_bin.2_gene_93_5	B2UNA3	52.3	197	1.32e-71	213
C286__EHA02359_bin.2_gene_93_6	B2UQP6	59.8	169	5.95e-70	209
C286__EHA02359_bin.2_gene_93_7	B2UPW7	53.2	218	3.07e-71	214
C286__EHA02359_bin.2_gene_94_1	B2UP09	84.4	473	6.79e-288	785
C286__EHA02359_bin.2_gene_94_2	B2UP08	80.2	338	3.49e-189	521
C286__EHA02359_bin.2_gene_94_3	B2UL08	63.9	147	3.75e-55	169
C286__EHA02359_bin.2_gene_94_4	B2UL09	62.4	388	2.85e-155	439
C286__EHA02359_bin.2_gene_94_5	B2UL10	52.1	257	3.78e-86	253
C286__EHA02359_bin.2_gene_94_6	B2UL11	51.2	332	9.28e-113	327
C286__EHA02359_bin.2_gene_94_8	B2UL01	42.9	912	2.74e-252	724
C286__EHA02359_bin.2_gene_94_9	B2UL69	53.0	747	1.62e-256	726
C286__EHA02359_bin.2_gene_94_10	B2UNS0	59.8	184	2.53e-80	233
C286__EHA02359_bin.2_gene_94_11	B2UMG1	38.6	145	1.32e-33	112
C286__EHA02359_bin.2_gene_94_12	B2UMF9	65.7	338	9.88e-155	434
C286__EHA02359_bin.2_gene_94_15	B2UQB8	47.8	209	1.46e-66	201
C286__EHA02359_bin.2_gene_94_16	B2UMI8	48.5	307	1.43e-106	310
C286__EHA02359_bin.2_gene_94_17	B2UM34	43.5	322	4.93e-94	281
C286__EHA02359_bin.2_gene_94_18	B2UP72	50.4	425	8.36e-148	425
C286__EHA02359_bin.2_gene_94_19	B2UPN5	52.1	524	6.59e-185	526
C286__EHA02359_bin.2_gene_94_20	B2UNZ1	61.6	323	8.86e-143	402
C286__EHA02359_bin.2_gene_94_23	B2UMC3	69.7	165	1.49e-84	242
C286__EHA02359_bin.2_gene_94_25	B2UP97	35.3	258	8.84e-44	149
C286__EHA02359_bin.2_gene_94_26	B2UPD1	54.5	244	1.81e-93	272
C286__EHA02359_bin.2_gene_95_1	B2UM63	64.7	232	1.64e-105	309
C286__EHA02359_bin.2_gene_95_3	B2UNJ6	34.7	277	8.14e-50	162
C286__EHA02359_bin.2_gene_95_4	B2UNJ5	64.8	361	9.63e-168	469
C286__EHA02359_bin.2_gene_95_5	B2UQ22	59.7	278	8.01e-119	343
C286__EHA02359_bin.2_gene_96_1	B2UQD4	72.0	858	0.0	1168
C286__EHA02359_bin.2_gene_96_4	B2UQ41	45.2	208	2.48e-63	192
C286__EHA02359_bin.2_gene_98_3	B2UQ36	29.6	341	1.50e-18	84.7
C286__EHA02359_bin.2_gene_99_3	B2UPX8	78.8	269	5.40e-160	442
C286__EHA02359_bin.2_gene_99_5	B2UNY8	53.6	276	2.24e-96	283
C286__EHA02359_bin.2_gene_99_8	B2UNB1	44.9	178	5.01e-50	157
C286__EHA02359_bin.2_gene_99_9	B2UPY2	62.9	291	5.15e-136	383
C286__EHA02359_bin.2_gene_99_10	B2UPY3	63.9	462	5.62e-220	609
C286__EHA02359_bin.2_gene_99_11	B2ULF1	66.2	216	5.80e-104	296
C286__EHA02359_bin.2_gene_99_12	B2ULD4	44.0	869	6.63e-242	700
C286__EHA02359_bin.2_gene_99_13	B2UMX5	62.2	135	7.94e-61	180
C286__EHA02359_bin.2_gene_99_15	B2UQ38	77.5	481	2.08e-266	729
C286__EHA02359_bin.2_gene_99_16	B2UQ39	78.3	507	3.73e-297	808
C286__EHA02359_bin.2_gene_99_17	B2UQ43	40.2	311	1.82e-88	265
C286__EHA02359_bin.2_gene_99_18	B2UKM5	46.4	69	8.88e-24	82.0
C286__EHA02359_bin.2_gene_99_19	B2UR73	45.4	390	1.40e-95	293
C286__EHA02359_bin.2_gene_100_3	B2UN08	49.4	314	6.29e-91	272
C286__EHA02359_bin.2_gene_100_6	B2URB1	25.4	418	2.74e-25	102
C286__EHA02359_bin.2_gene_100_7	B2UN04	63.4	276	5.63e-58	184
C286__EHA02359_bin.2_gene_100_8	B2UN05	58.2	380	1.98e-175	491
C286__EHA02359_bin.2_gene_100_12	B2UPF0	76.6	457	9.13e-258	705
C286__EHA02359_bin.2_gene_100_14	B2UQA4	44.4	549	2.54e-131	391
C286__EHA02359_bin.2_gene_100_16	B2ULG0	61.6	229	9.60e-99	285
C286__EHA02359_bin.2_gene_101_1	B2UP36	45.0	200	6.16e-59	180
C286__EHA02359_bin.2_gene_101_4	B2UP99	55.3	539	2.16e-213	600
C286__EHA02359_bin.2_gene_101_5	B2UP98	59.0	61	1.90e-20	75.1
C286__EHA02359_bin.2_gene_101_6	B2UPA3	59.1	44	8.27e-12	53.9
C286__EHA02359_bin.2_gene_101_7	B2UNB3	54.9	519	2.12e-206	582
C286__EHA02359_bin.2_gene_101_8	B2UM47	32.2	360	1.32e-73	229
C286__EHA02359_bin.2_gene_101_9	B2UR48	77.3	291	1.04e-168	467
C286__EHA02359_bin.2_gene_101_10	B2UR49	100	28	5.55e-10	43.9
C286__EHA02359_bin.2_gene_103_1	B2UPF8	49.3	221	2.78e-74	221
C286__EHA02359_bin.2_gene_103_2	B2UNF7	71.1	464	1.24e-242	667
C286__EHA02359_bin.2_gene_103_5	B2UPK9	37.8	148	1.93e-35	117
C286__EHA02359_bin.2_gene_103_6	B2UPL0	51.0	480	9.86e-154	446
C286__EHA02359_bin.2_gene_103_8	B2UPL2	38.5	675	5.90e-137	414
C286__EHA02359_bin.2_gene_103_9	B2UPL3	53.4	479	5.80e-178	506
C286__EHA02359_bin.2_gene_103_10	B2UPL4	50.9	452	3.10e-137	399
C286__EHA02359_bin.2_gene_103_11	B2UPL5	56.7	353	6.56e-125	360
C286__EHA02359_bin.2_gene_103_12	B2UPV8	59.1	430	3.07e-172	486
C286__EHA02359_bin.2_gene_103_13	B2UPV9	30.0	263	1.63e-20	85.1
C286__EHA02359_bin.2_gene_103_14	B2UPW0	56.9	367	3.18e-138	395
C286__EHA02359_bin.2_gene_103_15	B2UPW1	54.5	352	1.02e-132	380
C286__EHA02359_bin.2_gene_103_16	B2UNR5	38.8	152	2.51e-34	119
C286__EHA02359_bin.2_gene_103_18	B2UL72	30.0	383	8.73e-40	142
C286__EHA02359_bin.2_gene_105_1	B2UPH5	85.0	80	8.78e-42	140
C286__EHA02359_bin.2_gene_105_2	B2ULZ7	53.4	586	7.26e-233	654
C286__EHA02359_bin.2_gene_105_3	B2UNA1	54.4	57	1.09e-17	72.8
C286__EHA02359_bin.2_gene_106_1	B2UMS6	25.4	705	3.70e-44	167
C286__EHA02359_bin.2_gene_106_3	B2UP82	50.4	472	7.61e-158	453
C286__EHA02359_bin.2_gene_106_4	B2UMB4	64.1	273	4.68e-110	338
C286__EHA02359_bin.2_gene_107_1	B2ULU8	78.8	255	4.31e-157	439
C286__EHA02359_bin.2_gene_107_2	B2UM83	43.3	263	2.67e-62	198
C286__EHA02359_bin.2_gene_107_3	B2UNI9	63.5	178	6.40e-79	229
C286__EHA02359_bin.2_gene_107_4	B2UP91	55.1	372	1.68e-148	421
C286__EHA02359_bin.2_gene_109_1	B2UNR7	71.3	834	0.0	1189
C286__EHA02359_bin.2_gene_109_2	B2UQ58	33.6	223	1.51e-32	122
C286__EHA02359_bin.2_gene_109_3	B2UPB9	32.9	213	3.02e-26	102
C286__EHA02359_bin.2_gene_110_1	B2UL94	28.6	538	2.24e-49	180
C286__EHA02359_bin.2_gene_110_3	B2UP42	60.6	607	6.28e-259	720
C286__EHA02359_bin.2_gene_110_4	B2ULZ9	65.0	452	7.63e-219	607
C286__EHA02359_bin.2_gene_110_5	B2ULP8	65.6	317	6.90e-159	443
C286__EHA02359_bin.2_gene_110_6	B2UQD6	74.1	162	1.64e-87	249
C286__EHA02359_bin.2_gene_110_8	B2UNA0	45.5	167	8.96e-53	163
C286__EHA02359_bin.2_gene_110_9	B2UN96	44.1	102	9.24e-34	110
C286__EHA02359_bin.2_gene_110_10	B2ULF0	46.7	529	7.61e-176	504
C286__EHA02359_bin.2_gene_110_11	B2UNT0	27.8	836	2.64e-92	310
C286__EHA02359_bin.2_gene_110_12	B2UNT2	57.8	313	1.43e-137	390
C286__EHA02359_bin.2_gene_111_1	B2UMD6	62.4	250	4.29e-105	312
C286__EHA02359_bin.2_gene_111_2	B2UMD7	82.4	51	7.22e-26	85.5
C286__EHA02359_bin.2_gene_111_3	B2URH0	34.3	178	3.53e-27	102
C286__EHA02359_bin.2_gene_111_4	B2URG9	36.2	141	4.57e-17	75.9
C286__EHA02359_bin.2_gene_111_5	B2URD5	48.9	270	1.96e-85	253
C286__EHA02359_bin.2_gene_111_6	B2URI3	62.8	164	1.32e-72	212
C286__EHA02359_bin.2_gene_111_7	B2URI2	54.0	250	2.37e-91	267
C286__EHA02359_bin.2_gene_111_8	B2URI1	35.4	577	1.16e-110	341
C286__EHA02359_bin.2_gene_111_9	B2URI0	47.0	287	3.05e-88	276
C286__EHA02359_bin.2_gene_112_1	B2URL8	53.2	154	1.86e-48	161
C286__EHA02359_bin.2_gene_112_2	B2UPF2	50.5	299	2.31e-96	283
C286__EHA02359_bin.2_gene_112_3	B2UPF1	38.9	270	4.95e-36	126
C286__EHA02359_bin.2_gene_112_5	B2UL58	44.8	384	1.51e-112	333
C286__EHA02359_bin.2_gene_112_6	B2UNS9	55.4	588	2.92e-209	595
C286__EHA02359_bin.2_gene_113_1	B2UKY5	80.7	326	5.37e-191	525
C286__EHA02359_bin.2_gene_113_3	B2UQW6	58.8	250	1.44e-109	313
C286__EHA02359_bin.2_gene_113_4	B2UN48	52.5	177	6.07e-62	188
C286__EHA02359_bin.2_gene_113_7	B2UQR9	52.8	309	2.81e-112	324
C286__EHA02359_bin.2_gene_113_9	B2UQZ6	68.4	297	1.00e-151	424
C286__EHA02359_bin.2_gene_113_11	B2UM77	62.8	164	3.26e-75	219
C286__EHA02359_bin.2_gene_113_12	B2UMG6	45.4	416	7.10e-123	372
C286__EHA02359_bin.2_gene_113_13	B2UQE0	36.1	208	1.00e-38	131
C286__EHA02359_bin.2_gene_114_1	B2UP02	83.6	274	7.50e-161	463
C286__EHA02359_bin.2_gene_114_2	B2UP01	61.9	147	3.80e-65	192
C286__EHA02359_bin.2_gene_114_3	B2UP00	79.3	232	3.12e-132	370
C286__EHA02359_bin.2_gene_114_4	B2UMS6	62.3	390	2.95e-180	524
C286__EHA02359_bin.2_gene_116_1	B2UPV7	59.8	351	6.96e-145	411
C286__EHA02359_bin.2_gene_116_2	B2UMX3	76.4	140	2.19e-72	212
C286__EHA02359_bin.2_gene_116_3	B2ULJ9	22.6	1876	1.18e-97	347
C286__EHA02359_bin.2_gene_118_3	B2ULI5	53.2	124	3.45e-46	142
C286__EHA02359_bin.2_gene_118_6	B2URF8	56.6	196	2.96e-79	237
C286__EHA02359_bin.2_gene_119_2	B2UL06	60.0	250	2.11e-107	308
C286__EHA02359_bin.2_gene_119_3	B2UQT1	44.7	85	1.55e-14	59.7
C286__EHA02359_bin.2_gene_119_4	B2UQT2	65.5	264	4.37e-132	371
C286__EHA02359_bin.2_gene_120_2	B2UM17	69.9	286	7.27e-145	405
C286__EHA02359_bin.2_gene_120_4	B2UM15	22.0	490	3.10e-13	68.2
C286__EHA02359_bin.2_gene_120_5	B2UM14	36.9	766	1.90e-154	469
C286__EHA02359_bin.2_gene_120_6	B2UQ15	68.6	325	4.20e-166	462
C286__EHA02359_bin.2_gene_120_7	B2UMN1	93.1	131	2.28e-78	247
C286__EHA02359_bin.2_gene_121_1	B2URK1	36.9	282	1.28e-62	195
C286__EHA02359_bin.2_gene_121_2	B2URK2	65.6	212	8.01e-107	302
C286__EHA02359_bin.2_gene_121_3	B2URK3	68.7	281	5.98e-131	369
C286__EHA02359_bin.2_gene_121_4	B2ULW2	57.9	38	3.67e-08	44.7
C286__EHA02359_bin.2_gene_121_7	B2ULW5	74.5	357	1.66e-196	541
C286__EHA02359_bin.2_gene_121_8	B2ULW6	78.3	364	3.63e-207	569
C286__EHA02359_bin.2_gene_122_1	B2UPG7	42.9	224	1.03e-57	181
C286__EHA02359_bin.2_gene_122_3	B2UQ16	88.1	310	4.99e-167	466
C286__EHA02359_bin.2_gene_122_5	B2UP06	50.0	136	1.23e-42	135
C286__EHA02359_bin.2_gene_122_6	B2UNK4	50.2	295	1.51e-95	280
C286__EHA02359_bin.2_gene_122_10	B2UL60	52.6	340	4.23e-124	361
C286__EHA02359_bin.2_gene_123_3	B2UNZ8	65.3	659	5.56e-316	870
C286__EHA02359_bin.2_gene_123_6	B2UR84	33.2	410	1.19e-46	172
C286__EHA02359_bin.2_gene_124_2	B2UQE5	52.5	345	5.59e-131	375
C286__EHA02359_bin.2_gene_124_3	B2URF6	53.4	401	2.07e-159	452
C286__EHA02359_bin.2_gene_124_4	B2UQL5	50.5	406	4.79e-125	364
C286__EHA02359_bin.2_gene_124_5	B2UNK3	59.2	363	2.20e-155	438
C286__EHA02359_bin.2_gene_124_6	B2URJ1	78.0	1064	0.0	1660
C286__EHA02359_bin.2_gene_125_1	B2UNI4	71.6	631	0.0	954
C286__EHA02359_bin.2_gene_125_2	B2UQX7	83.8	599	0.0	1001
C286__EHA02359_bin.2_gene_126_1	B2UQ18	76.1	255	4.03e-131	368
C286__EHA02359_bin.2_gene_126_2	B2UQM0	49.7	159	1.78e-49	154
C286__EHA02359_bin.2_gene_126_3	B2ULJ5	33.2	1110	1.40e-137	439
C286__EHA02359_bin.2_gene_126_5	B2ULT3	51.2	295	4.61e-86	256
C286__EHA02359_bin.2_gene_126_6	B2ULA5	65.0	223	5.03e-109	309
C286__EHA02359_bin.2_gene_126_7	B2UQI2	44.2	267	4.82e-87	258
C286__EHA02359_bin.2_gene_127_1	B2UPA8	44.6	489	7.43e-134	401
C286__EHA02359_bin.2_gene_127_2	B2UPX2	30.2	470	3.39e-70	231
C286__EHA02359_bin.2_gene_127_3	B2UPX1	52.6	483	2.54e-177	506
C286__EHA02359_bin.2_gene_127_4	B2UMF7	49.0	143	2.15e-39	127
C286__EHA02359_bin.2_gene_127_5	B2UMF8	44.0	448	5.93e-120	362
C286__EHA02359_bin.2_gene_128_2	B2ULK6	65.1	375	4.46e-174	486
C286__EHA02359_bin.2_gene_128_3	B2UMG3	62.3	353	2.51e-148	419
C286__EHA02359_bin.2_gene_128_4	B2UMG4	51.5	165	2.63e-49	154
C286__EHA02359_bin.2_gene_128_9	B2UNH8	69.7	485	6.10e-235	654
C286__EHA02359_bin.2_gene_129_1	B2UR00	69.2	1038	0.0	1372
C286__EHA02359_bin.2_gene_129_2	B2UR01	43.7	364	3.63e-91	281
C286__EHA02359_bin.2_gene_129_3	B2UR02	45.2	210	2.99e-51	168
C286__EHA02359_bin.2_gene_130_1	B2UM18	70.4	260	3.44e-124	350
C286__EHA02359_bin.2_gene_130_2	B2ULV8	23.4	522	3.60e-21	92.4
C286__EHA02359_bin.2_gene_130_3	B2UPZ7	47.5	400	6.19e-123	359
C286__EHA02359_bin.2_gene_131_1	B2ULM5	65.2	112	1.89e-46	145
C286__EHA02359_bin.2_gene_131_2	B2UMN6	81.9	525	0.0	902
C286__EHA02359_bin.2_gene_131_3	B2URH6	66.9	145	5.07e-71	206
C286__EHA02359_bin.2_gene_131_4	B2UNH7	52.2	494	8.20e-164	478
C286__EHA02359_bin.2_gene_132_1	B2UM68	25.3	320	2.15e-24	98.2
C286__EHA02359_bin.2_gene_132_2	B2UQT4	29.3	184	2.16e-12	61.2
C286__EHA02359_bin.2_gene_132_3	B2UMH2	57.0	731	2.95e-295	822
C286__EHA02359_bin.2_gene_132_4	B2UP84	29.6	497	1.02e-31	127
C286__EHA02359_bin.2_gene_132_5	B2UP84	28.4	489	3.00e-25	106
C286__EHA02359_bin.2_gene_133_1	B2UML3	64.2	653	0.0	916
C286__EHA02359_bin.2_gene_133_3	B2UKM1	46.0	252	6.12e-72	221
C286__EHA02359_bin.2_gene_133_4	B2UQL4	56.5	829	0.0	902
C286__EHA02359_bin.2_gene_133_5	B2UQA6	39.2	332	1.91e-79	259
C286__EHA02359_bin.2_gene_135_1	B2UP81	62.4	598	5.98e-243	696
C286__EHA02359_bin.2_gene_135_2	B2UP80	43.5	352	9.47e-89	272
C286__EHA02359_bin.2_gene_135_5	B2ULE6	40.7	366	5.11e-68	219
C286__EHA02359_bin.2_gene_135_6	B2UPP4	54.1	368	1.10e-137	393
C286__EHA02359_bin.2_gene_136_4	B2UMB2	45.0	991	1.39e-250	724
C286__EHA02359_bin.2_gene_137_3	B2UNK0	87.0	230	2.85e-155	426
C286__EHA02359_bin.2_gene_137_4	B2UNK1	89.1	330	1.85e-212	580
C286__EHA02359_bin.2_gene_137_5	B2UP70	48.3	151	8.03e-53	162
C286__EHA02359_bin.2_gene_137_6	B2UP71	79.0	271	7.58e-169	464
C286__EHA02359_bin.2_gene_137_8	B2UMK3	65.7	437	3.33e-201	561
C286__EHA02359_bin.2_gene_137_10	B2UN86	50.9	452	1.45e-167	476
C286__EHA02359_bin.2_gene_137_11	B2UPP2	45.8	177	6.38e-59	180
C286__EHA02359_bin.2_gene_137_12	B2UPP2	43.8	153	1.12e-43	142
C286__EHA02359_bin.2_gene_137_13	B2UP22	58.6	210	3.67e-78	230
C286__EHA02359_bin.2_gene_137_14	B2UP23	49.2	429	5.92e-132	385
C286__EHA02359_bin.2_gene_137_15	B2UP24	79.1	86	1.75e-49	148
C286__EHA02359_bin.2_gene_137_16	B2UP25	88.8	89	9.70e-52	153
C286__EHA02359_bin.2_gene_137_18	B2UKN0	55.7	115	1.89e-47	152
C286__EHA02359_bin.2_gene_137_21	B2UPK5	54.6	445	1.48e-162	462
C286__EHA02359_bin.2_gene_137_22	B2UPK4	72.2	360	1.52e-193	534
C286__EHA02359_bin.2_gene_138_3	B2UQS6	59.0	61	1.07e-19	83.2
C286__EHA02359_bin.2_gene_139_1	B2UQI8	74.9	386	1.28e-189	549
C286__EHA02359_bin.2_gene_139_2	B2UQI7	49.3	367	2.77e-115	338
C286__EHA02359_bin.2_gene_139_3	B2UQ26	45.1	275	6.50e-80	241
C286__EHA02359_bin.2_gene_139_4	B2UPC9	28.7	268	3.84e-17	75.1
C286__EHA02359_bin.2_gene_139_5	B2UQ86	59.5	84	1.39e-31	108
C286__EHA02359_bin.2_gene_139_6	B2URF0	77.5	612	0.0	1019
C286__EHA02359_bin.2_gene_140_2	B2UR40	37.9	340	2.20e-55	180
C286__EHA02359_bin.2_gene_140_3	B2UR39	48.7	922	7.93e-274	780
C286__EHA02359_bin.2_gene_140_6	B2UPN4	67.0	534	1.67e-269	741
C286__EHA02359_bin.2_gene_140_7	B2UPV6	60.3	151	2.73e-51	171
C286__EHA02359_bin.2_gene_141_2	B2UQG9	55.9	127	4.13e-43	135
C286__EHA02359_bin.2_gene_141_5	B2UPU8	72.5	585	2.04e-317	866
C286__EHA02359_bin.2_gene_142_1	B2UQ45	61.9	354	3.68e-157	441
C286__EHA02359_bin.2_gene_142_2	B2UP52	47.4	411	8.50e-134	388
C286__EHA02359_bin.2_gene_142_3	B2ULF7	34.3	236	7.60e-36	124
C286__EHA02359_bin.2_gene_142_4	B2ULF8	48.1	264	1.12e-71	217
C286__EHA02359_bin.2_gene_142_5	B2ULF9	42.6	305	3.18e-67	209
C286__EHA02359_bin.2_gene_143_1	B2UPE9	36.4	412	8.36e-71	244
C286__EHA02359_bin.2_gene_143_2	B2UQH4	35.9	624	1.01e-125	389
C286__EHA02359_bin.2_gene_143_3	B2UL49	51.1	221	5.58e-76	232
C286__EHA02359_bin.2_gene_144_1	B2UPU5	64.8	440	5.65e-217	600
C286__EHA02359_bin.2_gene_144_2	B2UM62	43.2	435	5.61e-114	338
C286__EHA02359_bin.2_gene_144_3	B2UR33	71.1	298	1.19e-161	449
C286__EHA02359_bin.2_gene_144_6	B2UNL9	74.0	77	5.03e-42	129
C286__EHA02359_bin.2_gene_145_3	B2UQS8	83.1	219	1.76e-139	387
C286__EHA02359_bin.2_gene_147_1	B2UPT0	67.9	305	5.66e-154	430
C286__EHA02359_bin.2_gene_147_3	B2URE5	69.6	148	3.23e-66	195
C286__EHA02359_bin.2_gene_147_4	B2UMD0	47.0	219	5.34e-67	205
C286__EHA02359_bin.2_gene_147_5	B2UPN8	42.1	1134	1.73e-295	868
C286__EHA02359_bin.2_gene_147_6	B2UQ97	77.4	492	1.07e-284	777
C286__EHA02359_bin.2_gene_147_7	B2UL44	39.4	226	4.26e-50	160
C286__EHA02359_bin.2_gene_147_9	B2UNB8	72.5	193	1.25e-112	318
C286__EHA02359_bin.2_gene_147_10	B2UNB7	52.4	164	5.16e-67	203
C286__EHA02359_bin.2_gene_149_1	B2ULM5	59.7	67	1.21e-26	92.8
C286__EHA02359_bin.2_gene_149_2	B2ULH1	25.3	776	7.48e-40	159
C286__EHA02359_bin.2_gene_150_2	B2UQ27	48.2	112	3.62e-34	115
C286__EHA02359_bin.2_gene_150_4	B2UMV4	55.4	359	4.55e-138	394
C286__EHA02359_bin.2_gene_150_5	B2ULV5	67.3	648	5.93e-315	865
C286__EHA02359_bin.2_gene_150_7	B2UNN7	42.3	142	2.93e-35	116
C286__EHA02359_bin.2_gene_150_8	B2UMX8	54.5	189	3.01e-70	209
C286__EHA02359_bin.2_gene_150_10	B2UMV1	62.6	628	3.31e-295	814
C286__EHA02359_bin.2_gene_150_12	B2UMU9	35.0	617	5.35e-116	355
C286__EHA02359_bin.2_gene_150_13	B2UMU8	65.1	464	4.66e-206	575
C286__EHA02359_bin.2_gene_150_14	B2UMU7	48.5	390	1.65e-122	356
C286__EHA02359_bin.2_gene_150_15	B2UQQ0	22.7	335	1.87e-14	75.1
C286__EHA02359_bin.2_gene_150_16	B2ULH0	30.8	240	1.13e-33	119
C286__EHA02359_bin.2_gene_150_18	B2UNH2	71.1	360	3.13e-199	548
C286__EHA02359_bin.2_gene_150_19	B2UNH3	62.6	123	2.92e-59	175
C286__EHA02359_bin.2_gene_150_20	B2UNH4	65.7	947	0.0	1270
C286__EHA02359_bin.2_gene_150_21	B2UPZ9	72.8	268	1.91e-149	420
C286__EHA02359_bin.2_gene_151_1	B2UPE2	45.2	146	9.71e-43	138
C286__EHA02359_bin.2_gene_151_3	B2UPN7	72.6	435	1.56e-232	639
C286__EHA02359_bin.2_gene_151_4	B2UQ25	65.8	237	8.48e-111	317
C286__EHA02359_bin.2_gene_152_2	B2UNP1	50.5	277	3.06e-80	241
C286__EHA02359_bin.2_gene_152_3	B2UMM9	58.1	248	1.25e-94	278
C286__EHA02359_bin.2_gene_152_5	B2UN23	38.8	322	2.96e-61	196
C286__EHA02359_bin.2_gene_152_6	B2UQ09	45.2	230	6.44e-69	207
C286__EHA02359_bin.2_gene_152_7	B2UQL0	61.8	178	4.53e-79	230
C286__EHA02359_bin.2_gene_152_9	B2UM29	72.8	856	0.0	1317
C286__EHA02359_bin.2_gene_152_11	B2URF2	40.2	169	5.43e-29	119
C286__EHA02359_bin.2_gene_153_2	B2ULI1	59.2	573	7.93e-253	704
C286__EHA02359_bin.2_gene_153_3	B2UNZ6	60.8	411	4.07e-186	520
C286__EHA02359_bin.2_gene_153_4	B2UNZ7	52.8	252	1.57e-88	259
C286__EHA02359_bin.2_gene_153_5	B2ULG9	58.2	378	4.94e-149	424
C286__EHA02359_bin.2_gene_153_6	B2ULN1	53.3	452	1.80e-171	486
C286__EHA02359_bin.2_gene_153_7	B2UQ87	60.5	519	1.18e-211	592
C286__EHA02359_bin.2_gene_153_8	B2UNF5	56.7	203	1.13e-87	253
C286__EHA02359_bin.2_gene_153_9	B2ULC1	72.2	507	1.08e-267	735
C286__EHA02359_bin.2_gene_154_1	B2URF2	33.7	175	9.25e-27	107
C286__EHA02359_bin.2_gene_154_3	B2UP98	54.1	61	1.99e-18	69.3
C286__EHA02359_bin.2_gene_154_4	B2UP99	38.9	499	3.12e-105	323
C286__EHA02359_bin.2_gene_154_32	B2UKR9	56.9	58	1.50e-17	69.7
C286__EHA02359_bin.2_gene_155_1	B2UN52	40.7	59	3.28e-07	41.2
C286__EHA02359_bin.2_gene_155_2	B2UPP1	74.6	181	5.88e-94	268
C286__EHA02359_bin.2_gene_155_3	B2UKY8	39.7	766	1.31e-196	575
C286__EHA02359_bin.2_gene_156_2	B2UP20	42.4	262	3.19e-66	203
C286__EHA02359_bin.2_gene_156_3	B2UPV5	53.1	1883	0.0	1904
C286__EHA02359_bin.2_gene_156_4	B2UQA1	52.9	692	7.05e-268	751
C286__EHA02359_bin.2_gene_156_6	B2UPB0	57.1	177	5.56e-70	207
C286__EHA02359_bin.2_gene_157_6	B2UN22	54.2	365	4.23e-144	421
C286__EHA02359_bin.2_gene_158_1	B2ULS2	53.1	478	1.43e-180	513
C286__EHA02359_bin.2_gene_159_4	B2UM60	33.3	135	4.29e-13	68.9
C286__EHA02359_bin.2_gene_161_2	B2UN88	59.9	217	2.07e-93	269
C286__EHA02359_bin.2_gene_161_3	B2UN89	68.9	132	1.18e-63	187
C286__EHA02359_bin.2_gene_161_4	B2UMY1	53.7	764	2.57e-262	743
C286__EHA02359_bin.2_gene_161_5	B2UMY0	56.9	116	2.97e-46	142
C286__EHA02359_bin.2_gene_161_6	B2UMG7	65.3	147	1.58e-69	203
C286__EHA02359_bin.2_gene_161_7	B2UN87	53.4	193	7.62e-69	206
C286__EHA02359_bin.2_gene_161_8	B2UL57	59.8	92	2.81e-39	127
C286__EHA02359_bin.2_gene_162_1	B2UMZ9	55.4	168	7.22e-54	174
C286__EHA02359_bin.2_gene_162_2	B2UQC0	47.6	271	1.52e-84	251
C286__EHA02359_bin.2_gene_162_3	B2UQZ4	49.8	789	1.63e-278	785
C286__EHA02359_bin.2_gene_162_4	B2UNL7	46.5	213	2.26e-61	190
C286__EHA02359_bin.2_gene_162_5	B2UMF2	64.8	293	8.97e-137	385
C286__EHA02359_bin.2_gene_162_6	B2UMF1	65.3	245	1.43e-112	320
C286__EHA02359_bin.2_gene_162_8	B2UME9	57.3	246	2.89e-101	292
C286__EHA02359_bin.2_gene_162_9	B2UME8	48.8	293	8.62e-100	291
C286__EHA02359_bin.2_gene_162_10	B2UME7	39.0	218	4.28e-44	148
C286__EHA02359_bin.2_gene_162_11	B2UPY4	37.1	447	1.19e-91	281
C286__EHA02359_bin.2_gene_163_1	B2ULV6	50.7	422	2.44e-143	418
C286__EHA02359_bin.2_gene_163_2	B2ULV7	57.0	302	7.12e-117	346
C286__EHA02359_bin.2_gene_164_1	B2UMN1	35.5	479	1.42e-81	276
C286__EHA02359_bin.2_gene_164_2	B2UNY2	55.0	587	8.08e-226	647
C286__EHA02359_bin.2_gene_165_4	B2UMS2	34.1	129	2.10e-21	80.1
C286__EHA02359_bin.2_gene_165_5	B2UMS3	49.0	206	1.69e-68	206
C286__EHA02359_bin.2_gene_165_6	B2URF5	48.5	194	3.64e-71	214
C286__EHA02359_bin.2_gene_165_7	B2URF4	36.1	1036	3.23e-181	550
C286__EHA02359_bin.2_gene_165_9	B2UMB7	51.4	259	1.12e-71	217
C286__EHA02359_bin.2_gene_165_10	B2UP38	56.0	839	3.09e-318	887
C286__EHA02359_bin.2_gene_165_11	B2UP39	70.1	341	6.35e-176	488
C286__EHA02359_bin.2_gene_166_1	B2UL39	58.1	458	1.10e-183	524
C286__EHA02359_bin.2_gene_166_2	B2ULK4	41.9	265	2.85e-68	211
C286__EHA02359_bin.2_gene_167_1	B2UM60	58.8	323	5.67e-139	408
C286__EHA02359_bin.2_gene_167_2	B2UNS1	79.6	909	0.0	1457
C286__EHA02359_bin.2_gene_167_3	B2UN79	34.3	338	6.67e-41	155
C286__EHA02359_bin.2_gene_167_4	B2ULD6	48.4	285	3.59e-84	268
C286__EHA02359_bin.2_gene_167_5	B2UKZ2	59.4	458	6.75e-190	533
C286__EHA02359_bin.2_gene_167_6	B2UKZ1	59.1	225	8.53e-96	276
C286__EHA02359_bin.2_gene_167_7	B2UKZ0	51.0	261	2.13e-88	259
C286__EHA02359_bin.2_gene_167_8	B2UPR7	36.2	373	9.89e-64	213
C286__EHA02359_bin.2_gene_168_2	B2ULW7	28.1	359	4.65e-28	108
C286__EHA02359_bin.2_gene_168_4	B2UNE8	69.6	391	7.06e-209	576
C286__EHA02359_bin.2_gene_168_5	B2ULZ5	57.2	278	6.16e-116	331
C286__EHA02359_bin.2_gene_168_6	B2UKZ6	71.5	344	5.37e-184	509
C286__EHA02359_bin.2_gene_168_7	B2UQC7	49.4	247	1.64e-91	267
C286__EHA02359_bin.2_gene_168_8	B2UQD0	53.6	183	5.33e-58	177
C286__EHA02359_bin.2_gene_168_9	B2UQC9	73.0	701	0.0	963
C286__EHA02359_bin.2_gene_168_10	B2UQC8	65.4	567	3.30e-274	755
C286__EHA02359_bin.2_gene_168_11	B2UQC6	77.6	223	8.77e-127	354
C286__EHA02359_bin.2_gene_168_12	B2UQC5	48.5	103	1.51e-33	118
C286__EHA02359_bin.2_gene_169_2	B2ULY2	48.8	545	1.33e-156	454
C286__EHA02359_bin.2_gene_169_3	B2UNE5	50.1	351	2.24e-98	300
C286__EHA02359_bin.2_gene_170_1	B2UM57	57.1	545	1.87e-219	626
C286__EHA02359_bin.2_gene_170_2	B2UM56	46.2	301	1.25e-90	271
C286__EHA02359_bin.2_gene_170_3	B2UNQ0	37.7	154	4.56e-35	116
C286__EHA02359_bin.2_gene_170_4	B2URI7	66.3	415	2.83e-183	514
C286__EHA02359_bin.2_gene_170_5	B2UPR7	75.1	756	0.0	1201
C286__EHA02359_bin.2_gene_171_3	B2UMA7	69.1	485	1.70e-248	684
C286__EHA02359_bin.2_gene_171_4	B2UQD9	76.6	453	7.42e-255	697
C286__EHA02359_bin.2_gene_171_5	B2URC3	34.9	83	1.60e-08	46.2
C286__EHA02359_bin.2_gene_171_6	B2UQE2	72.2	424	2.18e-215	595
C286__EHA02359_bin.2_gene_171_7	B2UQJ6	62.6	845	0.0	1035
C286__EHA02359_bin.2_gene_171_8	B2UPD3	56.8	352	2.82e-141	401
C286__EHA02359_bin.2_gene_171_9	B2UL53	75.0	372	9.32e-205	564
C286__EHA02359_bin.2_gene_171_10	B2UL54	68.1	135	2.33e-52	159
C286__EHA02359_bin.2_gene_171_11	B2URD0	62.4	295	3.68e-120	344
C286__EHA02359_bin.2_gene_172_1	B2UR65	37.9	517	1.53e-90	282
C286__EHA02359_bin.2_gene_172_3	B2ULX9	45.3	192	3.80e-46	149
C286__EHA02359_bin.2_gene_172_4	B2ULY0	54.1	257	3.60e-70	213
C286__EHA02359_bin.2_gene_173_2	B2UN75	43.9	410	1.55e-108	328
C286__EHA02359_bin.2_gene_174_1	B2UNU8	47.1	68	1.78e-12	58.2
C286__EHA02359_bin.2_gene_174_2	B2URK9	71.8	305	2.88e-157	438
C286__EHA02359_bin.2_gene_174_3	B2UNX2	50.9	167	3.19e-62	187
C286__EHA02359_bin.2_gene_174_4	B2UPT1	44.8	328	5.81e-83	251
C286__EHA02359_bin.2_gene_174_5	B2UQH7	50.8	238	7.54e-86	253
C286__EHA02359_bin.2_gene_174_6	B2UQH6	53.1	260	2.17e-96	280
C286__EHA02359_bin.2_gene_174_7	B2UQH5	50.3	549	8.01e-174	499
C286__EHA02359_bin.2_gene_174_8	B2UMS8	40.2	127	7.14e-25	98.6
C286__EHA02359_bin.2_gene_174_9	B2ULV2	31.9	511	2.57e-55	188
C286__EHA02359_bin.2_gene_174_10	B2ULV3	49.9	403	1.42e-136	393
C286__EHA02359_bin.2_gene_174_11	B2UN46	66.8	629	2.20e-319	876
C286__EHA02359_bin.2_gene_174_13	B2UPA5	58.6	1182	0.0	1356
C286__EHA02359_bin.2_gene_175_6	B2UL46	33.4	329	4.37e-54	177
C286__EHA02359_bin.2_gene_175_9	B2UP98	43.0	79	1.92e-16	64.3
C286__EHA02359_bin.2_gene_175_10	B2UP99	40.8	476	6.43e-108	330
C286__EHA02359_bin.2_gene_176_2	B2UN60	44.5	281	9.37e-75	229
C286__EHA02359_bin.2_gene_176_3	B2UN59	48.4	252	9.08e-77	229
C286__EHA02359_bin.2_gene_176_4	B2UM01	41.8	650	2.83e-168	490
C286__EHA02359_bin.2_gene_176_6	B2URD2	59.0	354	6.14e-149	421
C286__EHA02359_bin.2_gene_176_7	B2URD3	69.2	65	5.16e-29	99.4
C286__EHA02359_bin.2_gene_177_1	B2UNA1	69.6	753	0.0	1068
C286__EHA02359_bin.2_gene_178_2	B2UM33	77.4	643	0.0	1025
C286__EHA02359_bin.2_gene_178_3	B2ULG6	38.6	298	1.82e-50	172
C286__EHA02359_bin.2_gene_178_4	B2UMS4	33.3	180	9.46e-21	82.4
C286__EHA02359_bin.2_gene_179_2	B2UMN8	30.3	812	1.84e-120	379
C286__EHA02359_bin.2_gene_179_3	B2UMN9	38.9	530	5.50e-94	303
C286__EHA02359_bin.2_gene_179_4	B2UMP0	56.7	323	3.01e-119	343
C286__EHA02359_bin.2_gene_179_5	B2UMP1	38.6	153	1.94e-25	94.0
C286__EHA02359_bin.2_gene_179_6	B2UMP2	50.7	296	3.98e-105	305
C286__EHA02359_bin.2_gene_179_7	B2UMP3	81.3	327	5.32e-188	517
C286__EHA02359_bin.2_gene_180_1	B2UMX0	45.6	285	1.88e-83	250
C286__EHA02359_bin.2_gene_180_2	B2ULT4	44.7	282	2.01e-80	243
C286__EHA02359_bin.2_gene_180_3	B2UNF6	58.5	159	5.28e-47	154
C286__EHA02359_bin.2_gene_180_4	B2URJ4	44.8	661	9.73e-174	505
C286__EHA02359_bin.2_gene_180_5	B2URJ5	62.8	78	5.75e-36	114
C286__EHA02359_bin.2_gene_180_6	B2URJ6	59.0	105	6.76e-34	112
C286__EHA02359_bin.2_gene_180_7	B2UM24	51.5	167	7.10e-45	143
C286__EHA02359_bin.2_gene_181_1	B2UN52	50.0	238	7.94e-64	197
C286__EHA02359_bin.2_gene_181_2	B2UQP4	24.8	161	2.27e-06	44.3
C286__EHA02359_bin.2_gene_181_3	B2UR08	61.0	300	4.39e-128	363
C286__EHA02359_bin.2_gene_181_4	B2UR09	80.0	55	7.37e-26	93.2
C286__EHA02359_bin.2_gene_182_1	B2UR84	34.7	219	1.16e-22	95.5
C286__EHA02359_bin.2_gene_182_3	B2UQS7	35.6	278	8.47e-28	112
C286__EHA02359_bin.2_gene_183_6	B2UNB3	43.5	513	4.68e-145	426
C286__EHA02359_bin.2_gene_184_1	B2UNN8	71.3	404	1.70e-209	581
C286__EHA02359_bin.2_gene_184_3	B2UQ07	52.9	524	8.14e-185	525
C286__EHA02359_bin.2_gene_184_4	B2UQ06	64.0	420	1.07e-193	539
C286__EHA02359_bin.2_gene_184_5	B2UQ05	66.6	356	1.81e-177	493
C286__EHA02359_bin.2_gene_184_7	B2UQR3	51.3	226	9.07e-82	242
C286__EHA02359_bin.2_gene_185_2	B2UNV2	64.4	104	9.70e-48	144
C286__EHA02359_bin.2_gene_185_3	B2UNV3	87.7	81	5.70e-50	149
C286__EHA02359_bin.2_gene_185_4	B2UPC3	35.0	226	2.78e-35	122
C286__EHA02359_bin.2_gene_185_5	B2URJ9	34.9	693	7.95e-143	432
C286__EHA02359_bin.2_gene_185_6	B2UPI5	35.1	356	1.68e-50	171
C286__EHA02359_bin.2_gene_186_2	B2UMQ3	41.1	192	1.37e-40	140
C286__EHA02359_bin.2_gene_186_3	B2UMQ2	34.0	315	1.44e-49	165
C286__EHA02359_bin.2_gene_186_4	B2UL55	76.5	307	1.80e-163	454
C286__EHA02359_bin.2_gene_186_9	B2UL18	40.1	217	6.10e-54	170
C286__EHA02359_bin.2_gene_186_10	B2UL19	45.8	301	7.20e-89	265
C286__EHA02359_bin.2_gene_186_11	B2UL20	78.3	309	2.54e-179	494
C286__EHA02359_bin.2_gene_186_12	B2UL21	48.9	182	1.05e-51	161
C286__EHA02359_bin.2_gene_186_17	B2UPP6	74.8	421	1.02e-242	665
C286__EHA02359_bin.2_gene_186_18	B2UPX4	64.5	259	5.72e-110	314
C286__EHA02359_bin.2_gene_186_19	B2URL9	34.7	242	1.79e-44	149
C286__EHA02359_bin.2_gene_186_20	B2URM0	59.0	366	7.50e-161	452
C286__EHA02359_bin.2_gene_186_21	B2URM1	72.0	186	1.67e-97	278
C286__EHA02359_bin.2_gene_186_22	B2URM2	49.8	221	9.25e-63	196
C286__EHA02359_bin.2_gene_187_1	B2UN72	75.5	429	1.36e-241	662
C286__EHA02359_bin.2_gene_187_2	B2UN71	53.1	341	4.99e-124	358
C286__EHA02359_bin.2_gene_188_1	B2UQA6	62.0	872	0.0	1122
C286__EHA02359_bin.2_gene_188_3	B2URK6	54.1	37	2.08e-06	43.1
C286__EHA02359_bin.2_gene_188_4	B2UNA9	78.5	707	0.0	1096
C286__EHA02359_bin.2_gene_188_5	B2UNB0	70.0	80	6.27e-37	115
C286__EHA02359_bin.2_gene_188_7	B2URC7	55.9	499	4.18e-221	618
C286__EHA02359_bin.2_gene_188_8	B2UQD5	33.6	446	1.32e-62	219
C286__EHA02359_bin.2_gene_188_9	B2URF2	49.1	684	7.00e-224	638
C286__EHA02359_bin.2_gene_188_10	B2URI4	53.6	211	6.17e-75	223
C286__EHA02359_bin.2_gene_188_11	B2UNA2	67.4	341	9.05e-163	455
C286__EHA02359_bin.2_gene_189_2	B2URD4	74.8	618	0.0	923
C286__EHA02359_bin.2_gene_189_3	B2UPE6	58.2	182	4.41e-74	218
C286__EHA02359_bin.2_gene_190_1	B2UMM2	47.9	96	8.21e-26	94.0
C286__EHA02359_bin.2_gene_190_2	B2UR63	50.3	171	4.06e-56	171
C286__EHA02359_bin.2_gene_190_3	B2ULL0	56.8	74	1.51e-20	75.9
C286__EHA02359_bin.2_gene_190_4	B2ULK9	76.8	151	5.97e-85	242
C286__EHA02359_bin.2_gene_190_5	B2UL32	59.2	287	7.14e-106	305
C286__EHA02359_bin.2_gene_190_6	B2UMR3	57.1	196	1.94e-86	249
C286__EHA02359_bin.2_gene_190_7	B2UMM5	57.5	226	2.38e-88	257
C286__EHA02359_bin.2_gene_190_12	B2UP40	34.2	342	1.45e-63	205
C286__EHA02359_bin.2_gene_190_14	B2UNR2	74.8	405	2.47e-211	583
C286__EHA02359_bin.2_gene_190_15	B2UNR1	56.6	438	6.48e-166	470
C286__EHA02359_bin.2_gene_191_1	B2UPD2	67.6	71	1.08e-26	90.9
C286__EHA02359_bin.2_gene_191_2	B2UPY5	53.8	662	3.63e-242	682
C286__EHA02359_bin.2_gene_191_6	B2UNB3	47.7	514	6.18e-161	465
C286__EHA02359_bin.2_gene_193_2	B2ULN6	59.0	273	1.62e-107	311
C286__EHA02359_bin.2_gene_193_3	B2ULC8	67.3	260	1.09e-125	354
C286__EHA02359_bin.2_gene_193_4	B2UQQ2	67.0	115	4.53e-51	154
C286__EHA02359_bin.2_gene_193_5	B2UQQ3	62.9	709	2.91e-294	816
C286__EHA02359_bin.2_gene_193_6	B2UQQ4	61.3	429	1.35e-183	516
C286__EHA02359_bin.2_gene_193_7	B2URG5	53.7	177	1.59e-55	180
C286__EHA02359_bin.2_gene_194_1	B2UNL3	42.3	123	1.73e-26	92.4
C286__EHA02359_bin.2_gene_194_2	B2UQS2	74.7	79	1.64e-32	104
C286__EHA02359_bin.2_gene_194_4	B2UPQ3	57.1	140	4.53e-45	153
C286__EHA02359_bin.2_gene_195_1	B2UL95	75.3	477	6.80e-261	716
C286__EHA02359_bin.2_gene_195_2	B2UME4	42.2	185	3.67e-37	124
C286__EHA02359_bin.2_gene_195_3	B2UP47	38.2	102	2.91e-26	90.9
C286__EHA02359_bin.2_gene_195_7	B2UR70	52.2	46	3.28e-11	59.7
C286__EHA02359_bin.2_gene_195_8	B2UR69	48.8	86	3.88e-23	81.3
C286__EHA02359_bin.2_gene_195_10	B2UR67	62.4	449	3.41e-206	574
C286__EHA02359_bin.2_gene_195_11	B2URG2	74.9	609	0.0	922
C286__EHA02359_bin.2_gene_195_15	B2UQG5	64.6	350	2.29e-172	483
C286__EHA02359_bin.2_gene_195_16	B2UNV8	38.1	734	8.49e-173	511
C286__EHA02359_bin.2_gene_196_1	B2UMX6	38.6	516	4.31e-98	308
C286__EHA02359_bin.2_gene_196_4	B2UQB2	41.0	271	1.62e-31	115
C286__EHA02359_bin.2_gene_196_6	B2UQY1	79.6	1380	0.0	2194
C286__EHA02359_bin.2_gene_196_7	B2UQY2	82.2	1279	0.0	2079
C286__EHA02359_bin.2_gene_196_8	B2UQY3	81.5	124	2.77e-53	160
C286__EHA02359_bin.2_gene_196_9	B2UQY4	67.1	164	4.65e-72	211
C286__EHA02359_bin.2_gene_196_10	B2UQY5	77.7	233	2.01e-129	361
C286__EHA02359_bin.2_gene_196_11	B2UQY6	81.7	142	2.52e-81	232
C286__EHA02359_bin.2_gene_196_12	B2UQY7	56.6	189	7.55e-78	227
C286__EHA02359_bin.2_gene_196_13	B2UQY8	69.0	71	1.42e-31	101
C286__EHA02359_bin.2_gene_196_14	B2UQY9	84.8	394	1.13e-250	681
C286__EHA02359_bin.2_gene_197_3	B2ULL5	62.1	309	2.76e-142	400
C286__EHA02359_bin.2_gene_197_4	B2UQP0	33.5	209	5.06e-27	105
C286__EHA02359_bin.2_gene_197_6	B2UPB9	33.2	193	3.30e-26	100
C286__EHA02359_bin.2_gene_197_7	B2UQ55	31.1	280	1.40e-31	122
C286__EHA02359_bin.2_gene_197_11	B2UMX9	65.2	825	0.0	1052
C286__EHA02359_bin.2_gene_197_12	B2UL64	33.5	683	4.60e-106	332
C286__EHA02359_bin.2_gene_197_13	B2UL63	48.1	503	2.87e-175	500
C286__EHA02359_bin.2_gene_197_14	B2UL62	66.2	260	7.43e-129	362
C286__EHA02359_bin.2_gene_197_15	B2UL61	70.8	264	3.59e-128	362
C286__EHA02359_bin.2_gene_198_1	B2UPF3	56.4	275	5.94e-107	320
C286__EHA02359_bin.2_gene_198_2	B2UPC8	56.3	126	2.35e-45	140
C286__EHA02359_bin.2_gene_198_4	B2UMI0	47.2	53	9.15e-14	58.2
C286__EHA02359_bin.2_gene_199_2	B2UQC2	25.6	695	2.08e-52	196
C286__EHA02359_bin.2_gene_199_4	B2UNQ8	30.8	159	8.00e-21	86.3
C286__EHA02359_bin.2_gene_199_7	B2UQA8	40.6	446	9.92e-100	305
C286__EHA02359_bin.2_gene_199_8	B2UNX0	56.1	369	9.90e-137	391
C286__EHA02359_bin.2_gene_200_1	B2ULB0	40.1	247	1.27e-56	179
C286__EHA02359_bin.2_gene_200_2	B2UMD2	64.8	452	7.79e-220	609
C286__EHA02359_bin.2_gene_200_3	B2UPP0	43.2	366	2.58e-92	277
C286__EHA02359_bin.2_gene_200_4	B2UL43	51.9	308	2.11e-96	284
C286__EHA02359_bin.2_gene_200_5	B2UPW5	82.9	340	3.05e-203	558
C286__EHA02359_bin.2_gene_200_6	B2UPB9	30.1	123	1.48e-09	53.5
C286__EHA02359_bin.2_gene_201_1	B2UNG3	76.8	203	1.72e-113	318
C286__EHA02359_bin.2_gene_201_2	B2UPD0	60.9	92	3.17e-40	125
C286__EHA02359_bin.2_gene_201_3	B2UM94	37.6	521	6.18e-99	305
C286__EHA02359_bin.2_gene_201_4	B2UM93	86.5	74	3.96e-45	137
C286__EHA02359_bin.2_gene_202_3	B2ULM1	44.2	154	2.48e-34	115
C286__EHA02359_bin.2_gene_202_4	B2URK7	43.9	228	8.53e-71	213
C286__EHA02359_bin.2_gene_202_5	B2ULU8	82.4	119	5.05e-66	201
C286__EHA02359_bin.2_gene_203_1	B2UM67	56.1	440	4.78e-163	479
C286__EHA02359_bin.2_gene_203_2	B2UM66	54.2	367	5.18e-125	361
C286__EHA02359_bin.2_gene_203_3	B2ULI0	57.1	233	1.10e-90	273
C286__EHA02359_bin.2_gene_204_1	B2ULQ4	73.5	234	2.05e-125	352
C286__EHA02359_bin.2_gene_204_2	B2ULQ5	60.2	457	2.34e-184	518
C286__EHA02359_bin.2_gene_204_3	B2ULQ6	48.9	438	1.24e-142	412
C286__EHA02359_bin.2_gene_204_4	B2UNZ4	51.6	126	3.35e-44	140
C286__EHA02359_bin.2_gene_204_5	B2UPF3	57.2	346	2.87e-128	377
C286__EHA02359_bin.2_gene_205_1	B2ULJ9	31.8	236	2.73e-29	122
C286__EHA02359_bin.2_gene_205_2	B2UMG5	79.5	78	3.00e-43	131
C286__EHA02359_bin.2_gene_205_3	B2ULL2	54.1	233	2.58e-90	266
C286__EHA02359_bin.2_gene_205_4	B2ULQ3	48.9	397	1.09e-100	304
C286__EHA02359_bin.2_gene_206_1	B2URH5	75.8	99	3.20e-50	151
C286__EHA02359_bin.2_gene_206_2	B2URH4	82.5	137	1.58e-82	235
C286__EHA02359_bin.2_gene_206_3	B2UR17	43.3	400	8.31e-109	323
C286__EHA02359_bin.2_gene_206_4	B2UMA1	56.2	493	1.03e-199	561
C286__EHA02359_bin.2_gene_207_2	B2UR43	34.5	174	1.12e-30	112
C286__EHA02359_bin.2_gene_207_3	B2UR42	43.5	602	2.52e-159	466
C286__EHA02359_bin.2_gene_207_4	B2UR41	29.1	261	1.89e-24	95.9
C286__EHA02359_bin.2_gene_208_1	B2UQ36	40.0	90	3.37e-07	43.1
C286__EHA02359_bin.2_gene_209_2	B2UQT4	84.0	25	6.19e-07	45.1
C286__EHA02359_bin.2_gene_209_3	B2UL73	46.7	390	1.11e-112	333
C286__EHA02359_bin.2_gene_209_4	B2UP75	45.6	434	1.31e-128	377
C286__EHA02359_bin.2_gene_209_5	B2UL25	58.1	93	4.57e-39	122
C286__EHA02359_bin.2_gene_209_6	B2UPQ2	55.2	183	3.03e-72	213
C286__EHA02359_bin.2_gene_209_7	B2UNE2	80.3	76	3.09e-33	106
C286__EHA02359_bin.2_gene_209_11	B2UNC3	59.5	452	4.75e-208	580
C286__EHA02359_bin.2_gene_209_12	B2UNC2	75.1	257	5.45e-136	380
C286__EHA02359_bin.2_gene_209_15	B2UNS4	56.1	285	1.31e-116	334
C286__EHA02359_bin.2_gene_209_16	B2UQR8	63.8	666	2.22e-311	858
C286__EHA02359_bin.2_gene_209_17	B2UN32	68.2	242	4.37e-119	336
C286__EHA02359_bin.2_gene_209_18	B2UM06	66.9	302	2.62e-143	412
C286__EHA02359_bin.2_gene_210_1	B2UM34	29.5	224	2.13e-26	105
C286__EHA02359_bin.2_gene_210_2	B2ULQ7	44.2	373	4.71e-117	343
C286__EHA02359_bin.2_gene_210_3	B2UQU9	73.1	1307	0.0	2003
C286__EHA02359_bin.2_gene_210_4	B2UQS5	59.3	150	2.39e-55	167
C286__EHA02359_bin.2_gene_210_6	B2UQS3	57.9	171	3.33e-72	212
C286__EHA02359_bin.2_gene_210_7	B2UM34	42.2	341	1.02e-92	278
C286__EHA02359_bin.2_gene_210_10	B2UP60	51.3	152	7.03e-51	157
C286__EHA02359_bin.2_gene_210_11	B2UPS6	63.2	152	2.04e-66	195
C286__EHA02359_bin.2_gene_211_1	B2UNJ2	30.0	834	4.45e-93	310
C286__EHA02359_bin.2_gene_211_2	B2UNJ1	45.2	228	7.78e-63	196
C286__EHA02359_bin.2_gene_212_1	B2UNS8	82.5	355	2.13e-207	582
C286__EHA02359_bin.2_gene_212_2	B2UM37	35.9	92	8.56e-19	72.0
C286__EHA02359_bin.2_gene_212_4	B2ULT6	52.8	362	1.46e-129	384
C286__EHA02359_bin.2_gene_213_2	B2ULG2	80.1	740	0.0	1101
C286__EHA02359_bin.2_gene_214_1	B2UNQ7	33.1	172	4.18e-28	108
C286__EHA02359_bin.2_gene_215_2	B2UKX2	37.8	394	2.56e-81	252
C286__EHA02359_bin.2_gene_215_5	B2UMH4	74.8	294	1.35e-160	445
C286__EHA02359_bin.2_gene_215_6	B2UMH5	70.5	393	3.07e-192	533
C286__EHA02359_bin.2_gene_215_8	B2UM72	29.7	448	9.56e-39	144
C286__EHA02359_bin.2_gene_215_9	B2UM73	47.2	286	4.33e-86	258
C286__EHA02359_bin.2_gene_215_11	B2UL83	49.0	524	1.39e-160	472
C286__EHA02359_bin.2_gene_216_1	B2UL85	76.9	312	1.33e-164	463
C286__EHA02359_bin.2_gene_216_3	B2UPZ3	53.1	98	7.58e-36	114
C286__EHA02359_bin.2_gene_217_1	B2UQG0	76.7	305	6.62e-174	495
C286__EHA02359_bin.2_gene_217_2	B2UQF9	75.0	56	4.89e-29	94.4
C286__EHA02359_bin.2_gene_217_3	B2UQF8	47.3	226	1.94e-68	207
C286__EHA02359_bin.2_gene_217_4	B2UQF4	54.5	411	2.57e-149	431
C286__EHA02359_bin.2_gene_217_5	B2UQF4	58.0	112	6.22e-40	135
C286__EHA02359_bin.2_gene_217_6	B2UM00	53.2	470	1.65e-166	476
C286__EHA02359_bin.2_gene_217_7	B2UR21	66.0	197	3.30e-92	264
C286__EHA02359_bin.2_gene_217_8	B2UR22	36.3	267	2.46e-59	186
C286__EHA02359_bin.2_gene_217_10	B2UMR7	77.7	94	3.51e-49	148
C286__EHA02359_bin.2_gene_217_11	B2UMR6	53.4	298	1.49e-101	296
C286__EHA02359_bin.2_gene_217_12	B2UQF4	66.0	533	1.89e-239	666
C286__EHA02359_bin.2_gene_217_16	B2UM49	34.2	225	1.12e-40	139
C286__EHA02359_bin.2_gene_218_1	B2UQ24	77.2	605	0.0	932
C286__EHA02359_bin.2_gene_218_3	B2UPH2	41.0	324	8.79e-79	239
C286__EHA02359_bin.2_gene_218_4	B2UPH1	73.6	110	3.92e-58	173
C286__EHA02359_bin.2_gene_219_1	B2ULI8	28.4	109	1.29e-08	46.6
C286__EHA02359_bin.2_gene_219_3	B2UR61	62.8	733	0.0	955
C286__EHA02359_bin.2_gene_219_4	B2UM34	44.1	331	2.41e-90	272
C286__EHA02359_bin.2_gene_219_7	B2UQG2	33.4	524	1.82e-88	280
C286__EHA02359_bin.2_gene_219_8	B2UP33	40.8	284	1.91e-52	171
C286__EHA02359_bin.2_gene_219_11	B2UKT7	49.6	276	3.89e-97	283
C286__EHA02359_bin.2_gene_219_12	B2UNH1	81.8	373	4.06e-219	600
C286__EHA02359_bin.2_gene_219_13	B2UQQ5	71.9	253	9.82e-141	392
C286__EHA02359_bin.2_gene_219_14	B2UQQ6	62.2	196	2.82e-81	237
C286__EHA02359_bin.2_gene_219_15	B2UP32	49.7	290	5.95e-89	264
C286__EHA02359_bin.2_gene_219_17	B2UN33	42.9	175	6.07e-48	151
C286__EHA02359_bin.2_gene_219_19	B2ULM2	79.3	386	3.26e-228	624
C286__EHA02359_bin.2_gene_219_21	B2UR30	60.3	68	1.14e-25	86.7
C286__EHA02359_bin.2_gene_219_22	B2UR29	47.0	751	8.82e-223	637
C286__EHA02359_bin.2_gene_219_23	B2UQC7	33.3	216	1.40e-43	145
C286__EHA02359_bin.2_gene_220_1	B2URN0	54.2	565	6.89e-230	647
C286__EHA02359_bin.2_gene_220_2	B2URM9	59.5	1122	0.0	1399
C286__EHA02359_bin.2_gene_220_3	B2UNV9	66.2	494	3.62e-250	689
C286__EHA02359_bin.2_gene_220_4	B2UNF3	56.9	443	1.15e-166	474
C286__EHA02359_bin.2_gene_220_5	B2UND2	53.3	347	4.09e-85	258
C286__EHA02359_bin.2_gene_220_6	B2UND1	48.0	198	4.37e-49	155
C286__EHA02359_bin.2_gene_220_7	B2UQQ7	44.1	179	7.53e-54	168
C286__EHA02359_bin.2_gene_220_8	B2ULJ1	85.0	127	1.94e-71	206
C286__EHA02359_bin.2_gene_220_9	B2ULJ0	92.8	69	7.71e-40	122
C286__EHA02359_bin.2_gene_220_10	B2UL75	68.0	481	1.03e-246	679
C286__EHA02359_bin.2_gene_220_11	B2URA1	85.1	141	5.73e-77	222
C286__EHA02359_bin.2_gene_220_13	B2URA0	82.1	379	6.85e-234	639
C286__EHA02359_bin.2_gene_220_18	B2UMC9	70.5	553	5.24e-302	825
C286__EHA02359_bin.2_gene_220_19	B2UMC7	71.2	340	6.93e-187	516
C286__EHA02359_bin.2_gene_220_20	B2UN65	69.8	417	6.25e-216	595
C286__EHA02359_bin.2_gene_220_21	B2ULC0	45.9	244	7.41e-68	209
C286__EHA02359_bin.2_gene_220_22	B2UMA0	44.6	267	2.82e-70	213
C286__EHA02359_bin.2_gene_220_23	B2UM99	57.5	551	3.75e-195	549
C286__EHA02359_bin.2_gene_220_24	B2UM98	65.7	134	3.64e-38	122
C286__EHA02359_bin.2_gene_220_26	B2UM96	73.9	521	2.94e-279	764
C286__EHA02359_bin.2_gene_220_27	B2UM95	64.0	139	1.18e-61	183
C286__EHA02359_bin.2_gene_220_30	B2UPX5	58.5	272	3.00e-112	322
C286__EHA02359_bin.2_gene_220_31	B2UPX6	80.0	195	1.49e-108	307
C286__EHA02359_bin.2_gene_220_32	B2UQ11	75.2	250	4.24e-135	377
C286__EHA02359_bin.2_gene_220_33	B2UQ10	72.4	380	3.06e-195	559
C286__EHA02359_bin.2_gene_220_34	B2UR58	71.7	375	9.32e-207	569
C286__EHA02359_bin.2_gene_220_36	B2UQT0	52.1	234	7.10e-78	231
C286__EHA02359_bin.2_gene_220_37	B2UQS9	81.0	652	0.0	1100
C286__EHA02359_bin.2_gene_221_1	B2UP53	50.6	77	5.76e-20	77.4
C286__EHA02359_bin.2_gene_221_4	B2ULS4	46.8	220	1.12e-64	203
C286__EHA02359_bin.2_gene_221_5	B2ULS4	56.5	177	1.45e-77	234
C286__EHA02359_bin.2_gene_221_6	B2UMS6	55.7	580	5.47e-237	677
C286__EHA02359_bin.2_gene_222_1	B2URG5	51.2	377	6.22e-138	401
C286__EHA02359_bin.2_gene_222_3	B2UM41	43.3	831	9.82e-232	669
C286__EHA02359_bin.2_gene_222_4	B2ULS5	34.2	199	2.93e-41	137
C286__EHA02359_bin.2_gene_222_5	B2ULR1	47.5	217	1.75e-77	229
C286__EHA02359_bin.2_gene_222_6	B2ULR2	42.1	413	1.01e-110	328
C286__EHA02359_bin.2_gene_222_7	B2ULR3	78.6	103	9.49e-61	184
C286__EHA02359_bin.2_gene_223_1	B2URM3	31.5	222	7.25e-11	62.0
C286__EHA02359_bin.2_gene_223_2	B2UPI7	68.6	500	4.03e-268	735
C286__EHA02359_bin.2_gene_224_1	B2UPH5	78.3	738	0.0	1172
C286__EHA02359_bin.2_gene_224_2	B2UMZ4	47.3	691	8.53e-223	652
C286__EHA02359_bin.2_gene_225_2	B2UN20	60.0	440	7.22e-189	530
C286__EHA02359_bin.2_gene_225_4	B2UP50	50.5	364	3.51e-122	354
C286__EHA02359_bin.2_gene_225_5	B2UM40	56.7	1295	0.0	1453
C286__EHA02359_bin.2_gene_225_6	B2UQ47	53.3	90	4.32e-23	85.5
C286__EHA02359_bin.2_gene_225_7	B2UQ48	83.0	112	5.52e-64	186
C286__EHA02359_bin.2_gene_225_9	B2UM71	34.8	135	2.15e-17	70.9
C286__EHA02359_bin.2_gene_225_13	B2UQG6	57.4	392	1.20e-161	461
C286__EHA02359_bin.2_gene_225_15	B2UPD6	22.9	328	3.96e-10	58.2
C286__EHA02359_bin.2_gene_226_1	B2UN22	49.5	315	8.10e-101	308
C286__EHA02359_bin.2_gene_226_2	B2UL26	56.8	285	4.18e-114	328
C286__EHA02359_bin.2_gene_226_3	B2UQ70	46.3	190	1.49e-57	177
C286__EHA02359_bin.2_gene_226_4	B2ULI9	63.6	678	6.11e-310	857
C286__EHA02359_bin.2_gene_227_2	B2UL83	27.6	529	4.57e-56	196
C286__EHA02359_bin.2_gene_228_1	B2UM63	66.7	45	5.99e-15	62.4
C286__EHA02359_bin.2_gene_228_3	B2ULM4	68.5	359	5.71e-189	523
C286__EHA02359_bin.2_gene_228_4	B2ULA9	43.9	865	2.73e-231	677
C286__EHA02359_bin.2_gene_228_5	B2UM25	67.7	617	2.26e-314	861
C286__EHA02359_bin.2_gene_228_6	B2UN58	65.8	473	8.61e-221	612
C286__EHA02359_bin.2_gene_228_7	B2UN57	59.6	515	4.63e-212	594
C286__EHA02359_bin.2_gene_228_8	B2UN56	53.7	702	1.23e-282	790
C286__EHA02359_bin.2_gene_228_9	B2UN55	73.9	322	8.17e-171	474
C286__EHA02359_bin.2_gene_228_10	B2UN54	76.5	311	6.63e-174	481
C286__EHA02359_bin.2_gene_228_11	B2UN24	41.1	282	2.94e-75	229
C286__EHA02359_bin.2_gene_228_12	B2UMZ8	39.7	312	1.74e-67	210
C286__EHA02359_bin.2_gene_229_2	B2UPS4	81.6	549	0.0	929
C286__EHA02359_bin.2_gene_230_2	B2UM60	50.3	451	4.71e-157	460
C286__EHA02359_bin.2_gene_231_1	B2UPV6	72.9	845	0.0	1238
C286__EHA02359_bin.2_gene_232_1	B2UMZ4	42.8	456	4.62e-105	334
C286__EHA02359_bin.2_gene_232_3	B2UQQ8	57.5	268	2.10e-105	306
C286__EHA02359_bin.2_gene_232_4	B2UQQ9	36.9	512	4.24e-85	275
C286__EHA02359_bin.2_gene_232_5	B2ULK7	60.9	151	9.32e-71	206
C286__EHA02359_bin.2_gene_232_6	B2UP28	50.6	407	1.32e-136	394
C286__EHA02359_bin.2_gene_232_7	B2UP29	63.6	250	2.93e-114	325
C286__EHA02359_bin.2_gene_232_8	B2UPD5	62.5	395	8.57e-187	520
C286__EHA02359_bin.2_gene_232_9	B2UPD4	34.5	229	3.53e-34	119
C286__EHA02359_bin.2_gene_232_10	B2UKT5	57.2	269	2.35e-108	311
C286__EHA02359_bin.2_gene_233_1	B2UPW2	66.2	767	0.0	1033
C286__EHA02359_bin.2_gene_233_2	B2UPW3	55.7	309	6.17e-113	325
C286__EHA02359_bin.2_gene_233_3	B2UPW4	28.7	272	2.40e-36	132
C286__EHA02359_bin.2_gene_233_5	B2ULJ2	55.4	478	4.24e-187	527
C286__EHA02359_bin.2_gene_233_6	B2UNG5	84.0	125	8.32e-72	207
C286__EHA02359_bin.2_gene_233_7	B2UNG4	84.2	139	8.53e-79	229
C286__EHA02359_bin.2_gene_234_1	B2UMC1	37.8	415	2.70e-93	283
C286__EHA02359_bin.2_gene_234_2	B2UPF9	51.4	442	1.73e-142	410
C286__EHA02359_bin.2_gene_234_3	B2UM69	39.6	333	4.31e-70	223
C286__EHA02359_bin.2_gene_235_2	B2UPV4	39.0	177	1.54e-35	130
C286__EHA02359_bin.2_gene_236_1	B2UPQ3	51.1	685	2.33e-241	687
C286__EHA02359_bin.2_gene_236_3	B2UPQ5	62.5	461	9.17e-214	593
C286__EHA02359_bin.2_gene_236_6	B2UQT7	66.9	242	7.94e-108	308
C286__EHA02359_bin.2_gene_236_7	B2UR62	38.6	407	1.59e-85	265
C286__EHA02359_bin.2_gene_237_1	B2UN93	59.2	277	2.22e-105	304
C286__EHA02359_bin.2_gene_237_2	B2URM5	74.8	852	0.0	1273
C286__EHA02359_bin.2_gene_237_3	B2URM6	75.2	854	0.0	1263
C286__EHA02359_bin.2_gene_237_4	B2ULF3	63.0	1082	0.0	1360
C286__EHA02359_bin.2_gene_237_6	B2ULF5	56.7	164	3.20e-51	169
C286__EHA02359_bin.2_gene_238_1	B2ULU2	68.9	74	8.17e-38	119
C286__EHA02359_bin.2_gene_238_2	B2UPW8	74.6	469	2.65e-263	720
C286__EHA02359_bin.2_gene_238_3	B2UPW9	65.7	201	6.36e-92	264
C286__EHA02359_bin.2_gene_240_1	B2UN91	78.9	190	2.84e-114	328
C286__EHA02359_bin.2_gene_240_2	B2UP92	65.4	205	1.43e-95	274
C286__EHA02359_bin.2_gene_240_3	B2UL98	55.9	454	1.25e-174	494
C286__EHA02359_bin.2_gene_240_4	B2UNE9	53.6	153	6.43e-49	152
C286__EHA02359_bin.2_gene_240_6	B2UNF1	50.0	108	3.56e-26	94.7
C286__EHA02359_bin.2_gene_241_2	B2UM55	64.1	340	1.58e-153	431
C286__EHA02359_bin.2_gene_241_3	B2UM54	58.0	243	6.40e-93	270
C286__EHA02359_bin.2_gene_241_4	B2UM53	50.0	272	2.52e-94	276
C286__EHA02359_bin.2_gene_241_5	B2UM52	51.7	180	1.81e-64	193
C286__EHA02359_bin.2_gene_244_2	B2UQE8	66.3	403	7.37e-196	544
C286__EHA02359_bin.2_gene_244_3	B2UQE7	64.9	459	5.00e-219	607
C286__EHA02359_bin.2_gene_244_4	B2UL82	41.3	196	5.67e-40	131
C286__EHA02359_bin.2_gene_244_6	B2UQ93	66.9	142	2.23e-69	202
C286__EHA02359_bin.2_gene_244_7	B2UQ94	56.7	330	1.12e-127	365
C286__EHA02359_bin.2_gene_244_8	B2UQ95	46.3	214	3.81e-55	172
C286__EHA02359_bin.2_gene_244_9	B2UNT9	63.8	210	3.02e-89	258
C286__EHA02359_bin.2_gene_244_10	B2UNU0	67.0	370	9.42e-176	490
C286__EHA02359_bin.2_gene_244_11	B2UNA1	47.0	330	6.90e-96	304
C286__EHA02359_bin.2_gene_245_1	B2UR84	33.6	226	1.03e-20	90.1
C286__EHA02359_bin.2_gene_245_3	B2UR84	34.3	245	1.15e-24	104
C286__EHA02359_bin.2_gene_246_1	B2UNF1	69.6	214	1.53e-107	307
C286__EHA02359_bin.2_gene_246_2	B2URI5	42.1	309	1.05e-84	254
C286__EHA02359_bin.2_gene_246_3	B2UNF2	57.5	341	6.65e-144	408
C286__EHA02359_bin.2_gene_246_5	B2UQN4	44.2	502	1.97e-143	419
C286__EHA02359_bin.2_gene_246_6	B2UQN5	62.1	688	5.28e-307	849
C286__EHA02359_bin.2_gene_246_7	B2ULW9	34.7	262	8.65e-35	122
C286__EHA02359_bin.2_gene_246_9	B2UPQ0	74.9	327	4.82e-172	478
C286__EHA02359_bin.2_gene_246_10	B2UPQ1	57.1	296	4.32e-117	335
C286__EHA02359_bin.2_gene_246_11	B2ULT5	34.3	703	2.10e-117	363
C286__EHA02359_bin.2_gene_246_12	B2ULT6	40.4	374	7.98e-90	282
C286__EHA02359_bin.2_gene_247_5	B2UN70	55.2	181	2.54e-66	198
C286__EHA02359_bin.2_gene_247_6	B2UN69	39.7	136	2.58e-34	113
C286__EHA02359_bin.2_gene_247_7	B2UN68	48.0	202	2.74e-56	176
C286__EHA02359_bin.2_gene_248_1	B2UN62	53.9	154	1.27e-56	177
C286__EHA02359_bin.2_gene_248_2	B2UQ51	42.9	324	2.30e-87	262
C286__EHA02359_bin.2_gene_248_3	B2UQ50	66.8	238	1.69e-112	319
C286__EHA02359_bin.2_gene_248_5	B2UP53	51.9	208	1.20e-64	199
C286__EHA02359_bin.2_gene_249_3	B2UMQ6	51.8	56	8.95e-16	67.8
C286__EHA02359_bin.2_gene_250_4	B2ULV9	64.8	261	1.09e-115	329
C286__EHA02359_bin.2_gene_250_5	B2ULW0	66.9	248	7.04e-118	335
C286__EHA02359_bin.2_gene_250_6	B2ULW1	30.7	287	2.85e-44	149
C286__EHA02359_bin.2_gene_251_1	B2UKT4	65.1	944	0.0	1216
C286__EHA02359_bin.2_gene_251_2	B2UL36	49.2	423	2.45e-149	427
C286__EHA02359_bin.2_gene_251_3	B2UL47	51.0	200	2.35e-64	196
C286__EHA02359_bin.2_gene_251_4	B2UM75	65.5	116	3.86e-50	153
C286__EHA02359_bin.2_gene_251_6	B2UP05	59.3	354	2.85e-149	422
C286__EHA02359_bin.2_gene_251_7	B2UL91	42.0	224	4.16e-51	162
C286__EHA02359_bin.2_gene_251_8	B2UP76	56.9	343	6.81e-129	369
C286__EHA02359_bin.2_gene_251_10	B2UNG2	46.1	230	1.72e-64	198
C286__EHA02359_bin.2_gene_251_11	B2UPT9	71.0	93	1.44e-43	134
C286__EHA02359_bin.2_gene_251_12	B2UPT8	47.3	169	1.84e-47	155
C286__EHA02359_bin.2_gene_251_13	B2UPT7	48.2	170	1.30e-52	163
C286__EHA02359_bin.2_gene_251_14	B2UPT6	68.9	161	4.25e-89	255
C286__EHA02359_bin.2_gene_251_15	B2UM08	38.5	301	1.27e-54	176
C286__EHA02359_bin.2_gene_251_16	B2UMJ9	68.9	386	1.98e-180	503
C286__EHA02359_bin.2_gene_251_18	B2UQ84	82.5	365	1.78e-216	593
C286__EHA02359_bin.2_gene_251_19	B2UQ85	54.0	346	9.19e-138	392
C286__EHA02359_bin.2_gene_251_20	B2UP37	42.5	294	5.51e-76	233
C286__EHA02359_bin.2_gene_252_1	B2UM67	51.0	486	7.60e-166	489
C286__EHA02359_bin.2_gene_252_2	B2UNP2	36.6	421	9.52e-92	288
C286__EHA02359_bin.2_gene_253_2	B2UM79	39.3	145	1.41e-31	108
C286__EHA02359_bin.2_gene_253_4	B2ULG5	38.6	466	1.39e-92	286
C286__EHA02359_bin.2_gene_253_5	B2UPK8	41.3	259	7.64e-61	189
C286__EHA02359_bin.2_gene_253_6	B2UR13	50.8	413	4.68e-150	428
C286__EHA02359_bin.2_gene_253_8	B2UNQ9	55.6	250	1.69e-85	253
C286__EHA02359_bin.2_gene_254_1	B2UR73	57.1	210	1.15e-74	232
C286__EHA02359_bin.2_gene_254_4	B2UN39	67.2	592	7.65e-307	840
C286__EHA02359_bin.2_gene_254_5	B2UN40	49.1	454	1.52e-127	382
C286__EHA02359_bin.2_gene_254_6	B2UNQ8	61.6	1261	0.0	1477
C286__EHA02359_bin.2_gene_254_7	B2UM58	41.0	637	8.52e-166	487
C286__EHA02359_bin.2_gene_254_9	B2URK4	65.5	293	2.24e-131	371
C286__EHA02359_bin.2_gene_254_10	B2UL30	69.7	357	7.41e-179	497
C286__EHA02359_bin.2_gene_254_11	B2UL29	50.9	320	2.34e-105	307
C286__EHA02359_bin.2_gene_254_12	B2UKV8	84.0	539	4.09e-319	868
C286__EHA02359_bin.2_gene_254_13	B2UKV7	83.3	96	2.02e-54	160
C286__EHA02359_bin.2_gene_254_14	B2UKV6	78.6	639	0.0	964
C286__EHA02359_bin.2_gene_254_15	B2UMB0	42.4	491	1.24e-133	410
C286__EHA02359_bin.2_gene_254_17	B2UN26	31.6	862	3.70e-109	350
C286__EHA02359_bin.2_gene_254_18	B2UPA1	46.6	189	1.33e-52	164
C286__EHA02359_bin.2_gene_255_2	B2UPS7	36.2	229	1.81e-42	144
C286__EHA02359_bin.2_gene_255_7	B2UPC5	45.5	451	7.85e-118	352
C286__EHA02359_bin.2_gene_255_11	B2UQH0	70.4	415	8.14e-221	608
C286__EHA02359_bin.2_gene_255_12	B2UQ98	73.3	1184	0.0	1751
C286__EHA02359_bin.2_gene_255_13	B2UP85	61.6	203	5.09e-91	262
C286__EHA02359_bin.2_gene_255_16	B2ULS0	37.7	374	6.17e-84	262
C286__EHA02359_bin.2_gene_255_17	B2ULS1	43.5	425	4.76e-110	328
C286__EHA02359_bin.2_gene_255_18	B2UQA7	66.5	158	3.71e-73	213
C286__EHA02359_bin.2_gene_255_19	B2URB8	53.8	320	9.08e-109	317
C286__EHA02359_bin.2_gene_255_22	B2UPI9	82.0	89	2.21e-45	145
C286__EHA02359_bin.2_gene_256_1	B2UQX2	67.7	443	1.43e-232	641
C286__EHA02359_bin.2_gene_256_2	B2UM32	62.7	407	1.76e-194	540
C286__EHA02359_bin.2_gene_256_3	B2UMN5	61.6	219	1.73e-88	256
C286__EHA02359_bin.2_gene_256_4	B2UQN3	28.4	352	7.01e-27	105
C286__EHA02359_bin.2_gene_256_7	B2UPU6	61.0	698	3.92e-311	860
C286__EHA02359_bin.2_gene_256_8	B2URH8	29.0	200	8.74e-11	55.8
C286__EHA02359_bin.2_gene_256_11	B2UPA4	63.5	378	5.12e-183	509
C286__EHA02359_bin.2_gene_256_13	B2UP19	35.8	321	5.30e-55	178
C286__EHA02359_bin.2_gene_256_14	B2UP30	42.7	262	1.65e-64	199
C286__EHA02359_bin.2_gene_256_15	B2UQL8	38.4	821	1.05e-166	502
C287__EHA02331_bin.15_gene_0_3	B2ULZ7	53.8	597	9.86e-232	651
C287__EHA02331_bin.15_gene_0_4	B2UL79	43.8	464	1.95e-115	343
C287__EHA02331_bin.15_gene_0_5	B2UQW4	28.4	317	1.18e-27	108
C287__EHA02331_bin.15_gene_0_7	B2UPE7	65.6	430	2.15e-186	522
C287__EHA02331_bin.15_gene_0_8	B2UNI8	65.3	121	2.12e-50	152
C287__EHA02331_bin.15_gene_0_9	B2UNG7	40.9	318	6.06e-83	249
C287__EHA02331_bin.15_gene_0_10	B2UNG8	49.7	366	1.74e-140	400
C287__EHA02331_bin.15_gene_0_11	B2UNG9	54.3	376	2.29e-131	377
C287__EHA02331_bin.15_gene_0_14	B2UNW9	31.4	331	2.49e-39	140
C287__EHA02331_bin.15_gene_1_1	B2URM3	26.9	646	8.60e-36	145
C287__EHA02331_bin.15_gene_2_4	B2UM83	49.0	261	5.63e-83	253
C287__EHA02331_bin.15_gene_2_5	B2UNV9	66.5	481	1.90e-252	695
C287__EHA02331_bin.15_gene_4_3	B2UR61	56.9	772	4.79e-321	893
C287__EHA02331_bin.15_gene_5_1	B2UN40	53.5	297	3.13e-95	290
C287__EHA02331_bin.15_gene_5_2	B2UN39	72.6	307	6.32e-154	440
C287__EHA02331_bin.15_gene_7_1	B2UL76	38.9	378	2.81e-90	273
C287__EHA02331_bin.15_gene_7_2	B2UMJ2	74.0	327	5.23e-178	492
C287__EHA02331_bin.15_gene_7_4	B2UQP3	40.6	187	5.80e-40	130
C287__EHA02331_bin.15_gene_7_6	B2ULS7	49.0	51	4.27e-11	52.8
C287__EHA02331_bin.15_gene_7_7	B2UQX2	72.1	427	5.87e-234	644
C287__EHA02331_bin.15_gene_7_8	B2UM32	68.9	408	2.10e-215	593
C287__EHA02331_bin.15_gene_7_9	B2UPW2	77.6	210	6.92e-112	333
C287__EHA02331_bin.15_gene_9_5	B2URA8	58.2	306	3.06e-122	351
C287__EHA02331_bin.15_gene_9_6	B2URA7	33.3	348	1.55e-41	151
C287__EHA02331_bin.15_gene_9_7	B2URB0	70.2	336	6.29e-163	455
C287__EHA02331_bin.15_gene_9_8	B2UQX7	83.4	601	0.0	995
C287__EHA02331_bin.15_gene_9_9	B2UNI4	74.0	639	0.0	1010
C287__EHA02331_bin.15_gene_9_10	B2UNI3	67.8	152	4.10e-77	229
C287__EHA02331_bin.15_gene_10_9	B2UMG8	50.0	202	1.79e-63	193
C287__EHA02331_bin.15_gene_10_11	B2ULM5	64.3	199	1.82e-98	283
C287__EHA02331_bin.15_gene_10_12	B2UMI9	45.2	241	2.75e-63	203
C287__EHA02331_bin.15_gene_11_3	B2UMS6	66.7	264	1.92e-117	355
C287__EHA02331_bin.15_gene_11_4	B2UMS6	62.3	719	0.0	957
C287__EHA02331_bin.15_gene_12_3	B2UMB7	57.2	257	3.29e-87	257
C287__EHA02331_bin.15_gene_12_4	B2UP38	55.1	178	8.18e-58	190
C287__EHA02331_bin.15_gene_13_1	B2ULB7	48.1	626	4.36e-211	608
C287__EHA02331_bin.15_gene_13_3	B2ULD5	69.6	253	2.14e-127	358
C287__EHA02331_bin.15_gene_13_5	B2UP34	31.2	295	9.10e-36	134
C287__EHA02331_bin.15_gene_13_6	B2UN96	56.6	76	3.15e-29	97.8
C287__EHA02331_bin.15_gene_13_7	B2ULF0	44.4	527	2.95e-157	456
C287__EHA02331_bin.15_gene_13_8	B2UNT0	34.5	855	1.22e-143	443
C287__EHA02331_bin.15_gene_13_10	B2UNT2	61.2	317	7.03e-148	416
C287__EHA02331_bin.15_gene_13_13	B2UNZ2	41.3	218	7.18e-59	186
C287__EHA02331_bin.15_gene_13_14	B2UNZ3	54.8	449	9.97e-163	461
C287__EHA02331_bin.15_gene_13_15	B2UNB1	40.0	85	2.59e-10	53.1
C287__EHA02331_bin.15_gene_14_4	B2UPZ2	40.8	414	7.62e-99	298
C287__EHA02331_bin.15_gene_14_5	B2URJ1	88.7	398	6.40e-247	697
C287__EHA02331_bin.15_gene_15_2	B2UMX6	41.7	758	7.54e-177	523
C287__EHA02331_bin.15_gene_15_3	B2UQG9	53.0	132	7.94e-37	120
C287__EHA02331_bin.15_gene_15_4	B2UN42	48.7	680	2.25e-222	633
C287__EHA02331_bin.15_gene_15_7	B2UNB6	52.4	254	4.92e-88	258
C287__EHA02331_bin.15_gene_15_8	B2URD1	62.9	132	3.29e-57	171
C287__EHA02331_bin.15_gene_15_9	B2URD2	61.0	356	1.00e-154	435
C287__EHA02331_bin.15_gene_15_10	B2URD3	57.0	235	9.01e-95	274
C287__EHA02331_bin.15_gene_15_11	B2URD4	76.3	613	0.0	931
C287__EHA02331_bin.15_gene_16_1	B2UP88	50.0	102	2.64e-25	95.1
C287__EHA02331_bin.15_gene_17_1	B2UMW7	35.0	651	1.24e-109	348
C287__EHA02331_bin.15_gene_17_2	B2UKU3	51.3	386	5.71e-122	355
C287__EHA02331_bin.15_gene_17_3	B2URK7	46.9	211	7.73e-69	207
C287__EHA02331_bin.15_gene_17_4	B2URK5	82.1	336	4.37e-201	551
C287__EHA02331_bin.15_gene_18_1	B2UMV5	65.5	473	3.90e-212	590
C287__EHA02331_bin.15_gene_18_2	B2UMV6	70.8	322	3.40e-166	462
C287__EHA02331_bin.15_gene_18_3	B2ULR5	86.7	135	8.35e-82	233
C287__EHA02331_bin.15_gene_18_4	B2ULR4	57.3	171	2.38e-65	194
C287__EHA02331_bin.15_gene_18_5	B2ULR3	78.8	306	4.93e-179	493
C287__EHA02331_bin.15_gene_18_6	B2ULR2	52.9	414	4.27e-147	421
C287__EHA02331_bin.15_gene_18_7	B2ULR1	50.0	220	6.85e-81	238
C287__EHA02331_bin.15_gene_18_8	B2UL80	35.9	181	2.10e-38	129
C287__EHA02331_bin.15_gene_18_10	B2UQ63	81.7	333	8.68e-208	570
C287__EHA02331_bin.15_gene_18_11	B2UR82	41.9	248	1.94e-68	212
C287__EHA02331_bin.15_gene_19_1	B2UQI8	76.7	489	2.83e-249	706
C287__EHA02331_bin.15_gene_19_2	B2UQI7	55.9	367	7.39e-133	382
C287__EHA02331_bin.15_gene_19_4	B2UQK7	49.5	222	5.68e-72	218
C287__EHA02331_bin.15_gene_21_1	B2UPH1	59.6	47	3.99e-16	63.5
C287__EHA02331_bin.15_gene_21_4	B2UPG8	64.8	230	5.72e-112	317
C287__EHA02331_bin.15_gene_21_5	B2UMA4	75.6	349	1.11e-207	569
C287__EHA02331_bin.15_gene_21_6	B2UP17	64.9	205	5.49e-90	259
C287__EHA02331_bin.15_gene_21_7	B2UNL5	71.9	437	1.00e-231	637
C287__EHA02331_bin.15_gene_21_8	B2UQL8	37.3	867	9.01e-181	541
C287__EHA02331_bin.15_gene_22_1	B2URM9	64.5	487	5.67e-224	645
C287__EHA02331_bin.15_gene_22_3	B2URN0	55.1	595	1.68e-239	671
C287__EHA02331_bin.15_gene_22_4	B2URN1	43.7	231	9.23e-60	189
C287__EHA02331_bin.15_gene_23_1	B2ULU3	73.9	272	7.21e-137	385
C287__EHA02331_bin.15_gene_23_2	B2ULU4	71.9	303	8.53e-160	444
C287__EHA02331_bin.15_gene_23_3	B2ULU5	44.8	632	4.80e-197	564
C287__EHA02331_bin.15_gene_23_5	B2ULD3	74.6	398	3.33e-220	605
C287__EHA02331_bin.15_gene_23_6	B2UMC9	70.7	553	8.21e-299	816
C287__EHA02331_bin.15_gene_23_7	B2UMC7	70.7	345	1.46e-187	518
C287__EHA02331_bin.15_gene_23_8	B2UMA0	46.1	258	8.61e-76	227
C287__EHA02331_bin.15_gene_23_9	B2UM99	59.4	549	3.41e-194	547
C287__EHA02331_bin.15_gene_23_10	B2UM98	73.2	41	6.51e-16	63.5
C287__EHA02331_bin.15_gene_24_1	B2UR73	66.0	153	3.49e-64	202
C287__EHA02331_bin.15_gene_24_5	B2UL50	54.1	799	1.04e-277	783
C287__EHA02331_bin.15_gene_24_6	B2UL83	29.4	649	4.45e-62	218
C287__EHA02331_bin.15_gene_24_8	B2ULB7	28.8	750	3.11e-94	309
C287__EHA02331_bin.15_gene_24_9	B2UPH3	54.7	159	7.66e-62	186
C287__EHA02331_bin.15_gene_24_10	B2UQR6	60.8	383	4.67e-164	462
C287__EHA02331_bin.15_gene_24_11	B2UNY0	48.5	291	3.71e-88	262
C287__EHA02331_bin.15_gene_24_12	B2UNX9	68.7	67	2.80e-22	78.2
C287__EHA02331_bin.15_gene_24_13	B2UNX8	42.3	163	5.49e-31	107
C287__EHA02331_bin.15_gene_24_14	B2UNX7	42.9	126	5.89e-31	104
C287__EHA02331_bin.15_gene_24_15	B2UNX6	75.1	506	7.68e-273	747
C287__EHA02331_bin.15_gene_24_16	B2UNX5	56.0	291	3.60e-103	299
C287__EHA02331_bin.15_gene_24_17	B2UNX4	80.5	467	8.39e-269	734
C287__EHA02331_bin.15_gene_24_18	B2UNX3	44.0	134	1.21e-37	121
C287__EHA02331_bin.15_gene_24_26	B2UQG1	40.3	330	9.91e-86	272
C287__EHA02331_bin.15_gene_24_27	B2UQG1	40.6	345	1.42e-76	258
C287__EHA02331_bin.15_gene_25_1	B2UQ09	54.5	165	1.27e-55	171
C287__EHA02331_bin.15_gene_25_2	B2UQL0	66.7	177	8.37e-84	242
C287__EHA02331_bin.15_gene_25_5	B2UPQ0	52.3	302	9.23e-109	317
C287__EHA02331_bin.15_gene_25_12	B2UP07	49.1	915	4.11e-287	815
C287__EHA02331_bin.15_gene_25_14	B2UQN2	66.5	263	2.39e-125	353
C287__EHA02331_bin.15_gene_25_15	B2UQN1	53.8	212	6.96e-78	229
C287__EHA02331_bin.15_gene_25_16	B2UQN0	65.6	497	6.63e-213	594
C287__EHA02331_bin.15_gene_25_17	B2UQM8	77.6	152	1.50e-80	231
C287__EHA02331_bin.15_gene_25_18	B2UQM7	86.3	161	9.47e-93	265
C287__EHA02331_bin.15_gene_25_19	B2UQM6	75.8	120	1.23e-57	171
C287__EHA02331_bin.15_gene_25_20	B2UQM5	70.9	179	4.34e-86	247
C287__EHA02331_bin.15_gene_25_21	B2UQM4	75.2	133	1.23e-70	204
C287__EHA02331_bin.15_gene_25_22	B2UQM3	81.2	191	3.06e-113	317
C287__EHA02331_bin.15_gene_25_23	B2UQM2	78.4	74	4.58e-39	120
C287__EHA02331_bin.15_gene_25_24	B2UMS9	89.3	121	4.37e-72	207
C287__EHA02331_bin.15_gene_25_26	B2UMT2	89.2	139	1.81e-89	253
C287__EHA02331_bin.15_gene_25_27	B2UMT3	81.8	209	4.52e-124	347
C287__EHA02331_bin.15_gene_25_28	B2UMT4	76.6	111	3.02e-54	161
C287__EHA02331_bin.15_gene_25_29	B2UMT5	56.7	231	7.52e-84	246
C287__EHA02331_bin.15_gene_25_30	B2UMT6	92.1	89	9.30e-59	171
C287__EHA02331_bin.15_gene_25_31	B2UMT7	84.2	278	1.95e-175	481
C287__EHA02331_bin.15_gene_25_32	B2UMT8	77.7	94	1.43e-44	135
C287__EHA02331_bin.15_gene_25_33	B2UMT9	81.5	205	3.31e-109	308
C287__EHA02331_bin.15_gene_25_34	B2UMU0	67.9	212	1.92e-101	289
C287__EHA02331_bin.15_gene_25_35	B2UMU1	90.2	102	4.27e-61	178
C287__EHA02331_bin.15_gene_25_36	B2UMU2	80.8	714	0.0	1159
C287__EHA02331_bin.15_gene_25_37	B2UMU3	69.9	143	8.15e-71	207
C287__EHA02331_bin.15_gene_26_4	B2UPH5	83.6	1062	0.0	1777
C287__EHA02331_bin.15_gene_26_5	B2UR10	82.4	421	1.31e-268	731
C287__EHA02331_bin.15_gene_28_3	B2UMI4	30.5	279	2.43e-34	127
C287__EHA02331_bin.15_gene_29_1	B2URE5	69.0	145	1.59e-65	193
C287__EHA02331_bin.15_gene_29_2	B2UPT0	74.1	305	9.37e-167	462
C287__EHA02331_bin.15_gene_29_5	B2UM93	85.8	113	3.40e-66	192
C287__EHA02331_bin.15_gene_29_6	B2ULZ5	57.8	282	5.38e-127	359
C287__EHA02331_bin.15_gene_29_7	B2UKZ6	75.2	347	1.61e-192	530
C287__EHA02331_bin.15_gene_30_1	B2UNJ5	64.8	216	1.96e-94	277
C287__EHA02331_bin.15_gene_30_2	B2UNJ6	37.4	270	1.79e-52	170
C287__EHA02331_bin.15_gene_31_2	B2UPP7	93.1	364	2.18e-259	701
C287__EHA02331_bin.15_gene_31_5	B2UQG7	68.1	141	7.02e-60	186
C287__EHA02331_bin.15_gene_32_2	B2UP77	83.3	66	9.91e-35	109
C287__EHA02331_bin.15_gene_32_4	B2UP21	49.0	96	3.22e-26	90.5
C287__EHA02331_bin.15_gene_32_5	B2UP22	59.9	207	1.63e-82	241
C287__EHA02331_bin.15_gene_32_6	B2UP23	49.3	377	8.17e-119	348
C287__EHA02331_bin.15_gene_33_3	B2ULA9	40.3	933	2.63e-214	633
C287__EHA02331_bin.15_gene_33_4	B2UNI9	61.8	178	4.81e-77	224
C287__EHA02331_bin.15_gene_33_6	B2UMB0	54.5	841	0.0	924
C287__EHA02331_bin.15_gene_33_7	B2ULC4	55.3	226	1.57e-79	234
C287__EHA02331_bin.15_gene_33_8	B2ULC3	58.1	136	4.99e-48	148
C287__EHA02331_bin.15_gene_34_7	B2UL94	43.3	305	5.76e-65	226
C287__EHA02331_bin.15_gene_35_2	B2UNR2	74.8	405	5.23e-213	587
C287__EHA02331_bin.15_gene_35_3	B2UNR1	59.3	437	5.34e-175	493
C287__EHA02331_bin.15_gene_36_1	B2URM3	25.5	816	2.13e-39	154
C287__EHA02331_bin.15_gene_37_1	B2ULE2	66.8	316	7.93e-146	421
C287__EHA02331_bin.15_gene_37_2	B2ULE1	57.8	64	1.20e-20	73.9
C287__EHA02331_bin.15_gene_37_3	B2UNB9	57.8	699	1.10e-293	816
C287__EHA02331_bin.15_gene_37_4	B2UNB9	55.6	701	7.05e-281	783
C287__EHA02331_bin.15_gene_37_6	B2UQG7	80.3	249	1.07e-145	410
C287__EHA02331_bin.15_gene_40_2	B2UPU8	74.7	585	0.0	898
C287__EHA02331_bin.15_gene_40_3	B2UML3	66.7	657	0.0	956
C287__EHA02331_bin.15_gene_41_4	B2UNJ5	68.5	314	1.37e-151	426
C287__EHA02331_bin.15_gene_42_1	B2ULM8	58.2	91	1.68e-27	97.4
C287__EHA02331_bin.15_gene_42_2	B2ULM7	64.2	246	2.84e-99	286
C287__EHA02331_bin.15_gene_44_1	B2UPR9	59.5	365	5.53e-156	439
C287__EHA02331_bin.15_gene_44_3	B2UNY8	52.8	286	3.12e-104	303
C287__EHA02331_bin.15_gene_44_4	B2UM19	42.3	281	3.47e-66	204
C287__EHA02331_bin.15_gene_44_5	B2UNN8	72.9	473	2.14e-254	697
C287__EHA02331_bin.15_gene_45_1	B2UM98	63.3	30	3.45e-07	40.4
C287__EHA02331_bin.15_gene_45_3	B2UM96	72.7	521	2.07e-279	764
C287__EHA02331_bin.15_gene_45_4	B2UM95	67.6	139	3.19e-65	191
C287__EHA02331_bin.15_gene_46_2	B2UKW0	64.6	741	5.74e-319	883
C287__EHA02331_bin.15_gene_47_1	B2UQT9	78.8	514	1.34e-297	811
C287__EHA02331_bin.15_gene_47_2	B2ULH5	33.6	584	4.25e-100	315
C287__EHA02331_bin.15_gene_47_3	B2UNC9	71.0	214	3.78e-109	309
C287__EHA02331_bin.15_gene_47_4	B2UND0	58.4	281	1.69e-109	315
C287__EHA02331_bin.15_gene_47_5	B2UND1	41.9	172	1.95e-36	124
C287__EHA02331_bin.15_gene_47_6	B2UND2	64.6	345	2.15e-101	299
C287__EHA02331_bin.15_gene_47_7	B2UNF3	57.7	459	1.01e-181	514
C287__EHA02331_bin.15_gene_47_12	B2UM46	57.9	261	7.39e-105	304
C287__EHA02331_bin.15_gene_47_13	B2UQT6	58.8	386	1.32e-170	479
C287__EHA02331_bin.15_gene_47_14	B2UNU0	66.5	370	1.17e-183	510
C287__EHA02331_bin.15_gene_47_15	B2UNT9	68.3	202	2.00e-93	270
C287__EHA02331_bin.15_gene_47_17	B2UNT8	46.7	405	1.04e-111	329
C287__EHA02331_bin.15_gene_47_18	B2UKM6	55.6	171	2.07e-61	185
C287__EHA02331_bin.15_gene_48_1	B2URM3	27.7	307	8.51e-09	56.2
C287__EHA02331_bin.15_gene_49_1	B2UL09	71.1	318	7.42e-137	389
C287__EHA02331_bin.15_gene_49_2	B2UL08	63.4	153	1.27e-57	176
C287__EHA02331_bin.15_gene_49_3	B2UPU6	64.8	698	0.0	924
C287__EHA02331_bin.15_gene_49_5	B2UNH6	29.0	138	5.23e-11	56.2
C287__EHA02331_bin.15_gene_49_6	B2UNZ4	52.1	142	1.16e-46	145
C287__EHA02331_bin.15_gene_49_10	B2UPZ6	32.2	267	6.27e-29	112
C287__EHA02331_bin.15_gene_49_11	B2UPZ5	56.2	226	2.16e-92	267
C287__EHA02331_bin.15_gene_49_13	B2UPZ3	58.3	103	8.39e-40	124
C287__EHA02331_bin.15_gene_50_1	B2UM72	32.7	254	3.83e-38	138
C287__EHA02331_bin.15_gene_50_2	B2UM73	47.3	292	1.92e-88	264
C287__EHA02331_bin.15_gene_50_4	B2UL83	40.4	728	6.02e-182	535
C287__EHA02331_bin.15_gene_50_5	B2UM70	48.3	151	8.50e-44	139
C287__EHA02331_bin.15_gene_51_1	B2UNB3	55.3	521	2.23e-211	594
C287__EHA02331_bin.15_gene_51_2	B2UPA3	36.9	84	1.39e-11	53.5
C287__EHA02331_bin.15_gene_51_3	B2UP98	60.3	73	8.43e-27	90.9
C287__EHA02331_bin.15_gene_52_1	B2UNN7	43.6	149	1.08e-37	122
C287__EHA02331_bin.15_gene_52_4	B2URE4	65.0	337	4.47e-141	399
C287__EHA02331_bin.15_gene_53_2	B2UKX2	38.2	398	1.63e-91	278
C287__EHA02331_bin.15_gene_53_3	B2ULT3	52.6	304	1.22e-90	268
C287__EHA02331_bin.15_gene_53_6	B2UNU6	59.4	276	1.86e-118	341
C287__EHA02331_bin.15_gene_53_7	B2UQQ7	48.4	186	1.23e-56	176
C287__EHA02331_bin.15_gene_53_8	B2UP87	34.9	109	3.78e-22	83.2
C287__EHA02331_bin.15_gene_53_10	B2ULT9	48.2	307	2.76e-95	282
C287__EHA02331_bin.15_gene_53_11	B2ULU0	77.2	390	1.56e-222	611
C287__EHA02331_bin.15_gene_53_12	B2UR62	40.1	451	1.64e-114	341
C287__EHA02331_bin.15_gene_53_13	B2UP73	70.8	507	3.94e-265	728
C287__EHA02331_bin.15_gene_53_14	B2UQH4	38.1	619	1.52e-128	397
C287__EHA02331_bin.15_gene_53_15	B2UPP6	78.0	422	5.34e-248	677
C287__EHA02331_bin.15_gene_53_16	B2UN63	66.3	537	6.22e-257	710
C287__EHA02331_bin.15_gene_53_17	B2UR34	81.3	150	1.36e-90	259
C287__EHA02331_bin.15_gene_55_4	B2UKX7	47.5	356	5.84e-106	312
C287__EHA02331_bin.15_gene_55_5	B2UP35	79.1	487	2.46e-285	777
C287__EHA02331_bin.15_gene_55_7	B2UQJ2	66.5	224	1.22e-98	285
C287__EHA02331_bin.15_gene_55_9	B2UP12	30.6	1069	4.92e-124	402
C287__EHA02331_bin.15_gene_55_10	B2UP14	52.6	154	1.20e-54	166
C287__EHA02331_bin.15_gene_55_11	B2UP15	58.4	149	4.52e-52	160
C287__EHA02331_bin.15_gene_55_12	B2UP16	72.4	254	2.77e-123	348
C287__EHA02331_bin.15_gene_55_13	B2URD7	55.0	649	8.31e-251	704
C287__EHA02331_bin.15_gene_55_15	B2UQB8	57.1	182	6.17e-75	223
C287__EHA02331_bin.15_gene_55_18	B2UN66	59.9	172	3.74e-58	175
C287__EHA02331_bin.15_gene_55_19	B2UR63	55.0	169	7.16e-59	178
C287__EHA02331_bin.15_gene_55_20	B2UP94	75.0	100	7.36e-48	145
C287__EHA02331_bin.15_gene_55_21	B2UQ44	42.9	156	7.30e-36	119
C287__EHA02331_bin.15_gene_55_28	B2UQ68	60.7	173	1.77e-64	192
C287__EHA02331_bin.15_gene_55_29	B2UPU5	67.3	440	8.40e-229	630
C287__EHA02331_bin.15_gene_55_30	B2URK9	72.8	305	2.10e-163	453
C287__EHA02331_bin.15_gene_55_31	B2URK8	59.5	472	2.37e-199	557
C287__EHA02331_bin.15_gene_55_35	B2ULZ6	28.3	755	4.89e-76	266
C287__EHA02331_bin.15_gene_55_37	B2UQQ2	67.0	100	2.04e-42	132
C287__EHA02331_bin.15_gene_55_38	B2UQQ3	70.8	593	1.87e-297	824
C287__EHA02331_bin.15_gene_55_39	B2UQQ4	61.8	427	1.39e-184	516
C287__EHA02331_bin.15_gene_55_43	B2UN23	41.5	318	7.49e-78	237
C287__EHA02331_bin.15_gene_56_1	B2UPB6	46.7	758	3.33e-232	666
C287__EHA02331_bin.15_gene_56_2	B2UPB7	50.7	207	3.43e-64	198
C287__EHA02331_bin.15_gene_56_3	B2UKY4	29.6	355	2.92e-30	117
C287__EHA02331_bin.15_gene_57_1	B2UQR2	37.8	392	4.65e-82	259
C287__EHA02331_bin.15_gene_57_2	B2UPX6	78.2	225	5.02e-123	345
C287__EHA02331_bin.15_gene_57_3	B2UPX5	62.9	291	2.17e-129	366
C287__EHA02331_bin.15_gene_58_2	B2UP24	74.4	86	1.52e-49	147
C287__EHA02331_bin.15_gene_58_3	B2UP25	89.9	89	3.38e-52	154
C287__EHA02331_bin.15_gene_58_6	B2UQ13	56.6	565	2.60e-200	568
C287__EHA02331_bin.15_gene_58_8	B2UQV9	59.7	196	2.63e-74	219
C287__EHA02331_bin.15_gene_58_9	B2UL38	59.1	186	1.02e-75	223
C287__EHA02331_bin.15_gene_58_10	B2UL37	50.0	296	1.74e-95	280
C287__EHA02331_bin.15_gene_59_3	B2UMN5	64.5	217	6.27e-93	268
C287__EHA02331_bin.15_gene_59_4	B2UMN3	77.5	391	2.57e-220	604
C287__EHA02331_bin.15_gene_59_5	B2UMN2	62.7	161	6.18e-68	200
C287__EHA02331_bin.15_gene_59_7	B2UNH9	47.6	252	2.55e-83	247
C287__EHA02331_bin.15_gene_59_8	B2UMG9	32.4	275	1.27e-46	155
C287__EHA02331_bin.15_gene_59_9	B2UMU5	76.2	508	1.10e-289	791
C287__EHA02331_bin.15_gene_59_10	B2UQG8	57.6	368	9.88e-147	417
C287__EHA02331_bin.15_gene_59_11	B2UQ12	50.9	466	1.60e-164	469
C287__EHA02331_bin.15_gene_59_13	B2UPJ2	34.4	128	2.17e-22	92.4
C287__EHA02331_bin.15_gene_59_15	B2UR55	32.8	293	3.18e-36	144
C287__EHA02331_bin.15_gene_59_18	B2UPC8	58.7	126	3.60e-50	153
C287__EHA02331_bin.15_gene_59_19	B2UQ95	50.2	211	3.30e-58	180
C287__EHA02331_bin.15_gene_59_20	B2UQ94	56.0	334	8.19e-128	365
C287__EHA02331_bin.15_gene_59_21	B2UNU0	33.3	264	3.81e-40	142
C287__EHA02331_bin.15_gene_59_22	B2UQ93	63.6	143	1.74e-66	195
C287__EHA02331_bin.15_gene_59_25	B2ULQ8	30.3	1045	2.63e-124	402
C287__EHA02331_bin.15_gene_59_26	B2UMB4	30.3	1048	9.16e-129	414
C287__EHA02331_bin.15_gene_59_27	B2UP80	30.7	290	2.20e-37	136
C287__EHA02331_bin.15_gene_59_28	B2UP90	64.5	439	1.24e-203	567
C287__EHA02331_bin.15_gene_59_29	B2ULX2	39.8	1428	6.43e-282	832
C287__EHA02331_bin.15_gene_59_31	B2UPT1	48.9	327	1.76e-107	314
C287__EHA02331_bin.15_gene_59_34	B2UNX2	51.8	170	1.54e-60	182
C287__EHA02331_bin.15_gene_59_35	B2ULJ9	26.5	2042	5.31e-166	565
C287__EHA02331_bin.15_gene_59_36	B2UP57	30.3	416	1.63e-47	171
C287__EHA02331_bin.15_gene_59_37	B2UQC6	75.1	221	4.57e-120	337
C287__EHA02331_bin.15_gene_59_38	B2UQC5	56.9	885	0.0	938
C287__EHA02331_bin.15_gene_59_39	B2UP57	29.4	490	3.17e-51	181
C287__EHA02331_bin.15_gene_59_40	B2UR61	59.2	765	0.0	924
C287__EHA02331_bin.15_gene_59_41	B2UMY4	81.5	270	2.45e-168	464
C287__EHA02331_bin.15_gene_60_2	B2UQI2	50.9	269	4.40e-98	286
C287__EHA02331_bin.15_gene_60_3	B2UQI3	60.0	428	1.51e-179	504
C287__EHA02331_bin.15_gene_60_4	B2UQI4	79.6	324	1.02e-192	529
C287__EHA02331_bin.15_gene_60_5	B2UQI5	59.3	307	2.76e-127	363
C287__EHA02331_bin.15_gene_60_6	B2ULC0	51.5	202	6.41e-70	214
C287__EHA02331_bin.15_gene_60_8	B2URM9	25.4	582	1.28e-48	182
C287__EHA02331_bin.15_gene_60_9	B2URN0	37.6	611	4.76e-125	379
C287__EHA02331_bin.15_gene_60_11	B2UQD2	45.1	315	1.46e-96	285
C287__EHA02331_bin.15_gene_60_12	B2UKX1	46.3	287	1.98e-81	260
C287__EHA02331_bin.15_gene_60_13	B2UKZ2	58.4	459	3.08e-186	523
C287__EHA02331_bin.15_gene_60_14	B2UKZ1	57.6	231	3.10e-96	277
C287__EHA02331_bin.15_gene_60_15	B2UKZ0	51.9	243	7.66e-82	243
C287__EHA02331_bin.15_gene_60_16	B2UKT0	51.5	369	1.46e-128	370
C287__EHA02331_bin.15_gene_60_17	B2UKT1	61.2	369	9.28e-148	419
C287__EHA02331_bin.15_gene_60_18	B2UKT2	56.3	592	1.19e-227	639
C287__EHA02331_bin.15_gene_60_19	B2UKT3	61.9	339	3.86e-131	374
C287__EHA02331_bin.15_gene_60_20	B2UN25	70.6	398	6.38e-217	602
C287__EHA02331_bin.15_gene_60_21	B2ULV2	31.9	518	1.75e-62	208
C287__EHA02331_bin.15_gene_60_22	B2ULV3	55.1	399	3.43e-159	450
C287__EHA02331_bin.15_gene_60_23	B2UP96	47.4	137	3.96e-36	121
C287__EHA02331_bin.15_gene_60_24	B2UMU7	44.4	216	3.53e-56	179
C287__EHA02331_bin.15_gene_61_4	B2UQE5	53.8	234	9.39e-85	252
C287__EHA02331_bin.15_gene_62_1	B2UL09	48.6	74	6.92e-17	69.3
C287__EHA02331_bin.15_gene_62_2	B2UL10	58.1	248	2.60e-99	286
C287__EHA02331_bin.15_gene_62_3	B2UL11	55.4	334	9.12e-128	365
C287__EHA02331_bin.15_gene_62_4	B2UPA4	62.2	373	2.49e-175	489
C287__EHA02331_bin.15_gene_62_9	B2URD0	60.0	320	2.97e-122	351
C287__EHA02331_bin.15_gene_62_10	B2URC9	83.9	87	5.94e-50	149
C287__EHA02331_bin.15_gene_62_11	B2URC8	87.8	74	3.63e-47	140
C287__EHA02331_bin.15_gene_62_13	B2UQE6	30.3	671	3.89e-68	234
C287__EHA02331_bin.15_gene_62_14	B2UL06	65.6	250	3.47e-123	349
C287__EHA02331_bin.15_gene_62_15	B2UL07	57.9	76	1.60e-28	95.5
C287__EHA02331_bin.15_gene_62_18	B2UQ69	38.9	737	7.01e-146	441
C287__EHA02331_bin.15_gene_62_21	B2ULQ3	47.9	447	2.99e-116	345
C287__EHA02331_bin.15_gene_62_22	B2ULQ4	77.7	224	4.81e-124	348
C287__EHA02331_bin.15_gene_62_23	B2ULQ5	61.9	454	8.84e-191	535
C287__EHA02331_bin.15_gene_62_24	B2ULQ6	49.6	450	2.66e-145	419
C287__EHA02331_bin.15_gene_62_25	B2ULZ6	29.8	876	2.23e-101	338
C287__EHA02331_bin.15_gene_62_33	B2ULV7	34.2	532	9.08e-94	296
C287__EHA02331_bin.15_gene_62_34	B2UPD0	59.4	96	1.44e-37	119
C287__EHA02331_bin.15_gene_62_35	B2UPD1	58.0	262	1.56e-106	307
C287__EHA02331_bin.15_gene_62_40	B2UQ38	77.5	481	6.83e-263	720
C287__EHA02331_bin.15_gene_62_41	B2UQ39	78.7	507	6.12e-303	823
C287__EHA02331_bin.15_gene_62_44	B2UQ43	40.1	317	1.80e-87	262
C287__EHA02331_bin.15_gene_62_45	B2UQD8	57.2	552	2.82e-207	586
C287__EHA02331_bin.15_gene_62_46	B2UQI2	44.3	271	2.90e-90	266
C287__EHA02331_bin.15_gene_62_52	B2UR15	27.2	507	1.23e-32	127
C287__EHA02331_bin.15_gene_62_53	B2UNR9	49.7	324	2.06e-112	327
C287__EHA02331_bin.15_gene_62_54	B2UNR8	56.2	306	1.56e-110	320
C287__EHA02331_bin.15_gene_62_55	B2UPE2	51.8	191	9.99e-70	216
C287__EHA02331_bin.15_gene_62_56	B2UQD9	77.5	454	3.00e-261	713
C287__EHA02331_bin.15_gene_62_57	B2UMA7	68.2	462	1.45e-236	652
C287__EHA02331_bin.15_gene_62_62	B2UPD8	70.6	480	4.41e-176	501
C287__EHA02331_bin.15_gene_62_63	B2UPD7	47.5	179	1.93e-47	150
C287__EHA02331_bin.15_gene_62_64	B2UL33	29.3	321	2.31e-27	106
C287__EHA02331_bin.15_gene_62_65	B2UPW4	28.7	275	2.90e-38	137
C287__EHA02331_bin.15_gene_62_66	B2UPW3	61.6	297	7.56e-126	358
C287__EHA02331_bin.15_gene_62_67	B2UPW2	63.8	539	2.75e-249	699
C287__EHA02331_bin.15_gene_63_3	B2UMK1	63.0	100	1.44e-43	135
C287__EHA02331_bin.15_gene_63_4	B2UQH2	80.3	188	7.59e-110	308
C287__EHA02331_bin.15_gene_63_5	B2URE6	81.2	515	1.87e-310	843
C287__EHA02331_bin.15_gene_63_6	B2URE7	70.1	244	9.06e-120	338
C287__EHA02331_bin.15_gene_63_7	B2URE8	54.9	122	9.54e-40	126
C287__EHA02331_bin.15_gene_64_1	B2ULA2	52.7	55	4.43e-16	65.5
C287__EHA02331_bin.15_gene_64_2	B2ULH0	31.8	239	6.40e-37	128
C287__EHA02331_bin.15_gene_64_5	B2UPV5	52.1	922	5.91e-309	902
C287__EHA02331_bin.15_gene_66_1	B2UQG6	35.1	558	1.65e-93	296
C287__EHA02331_bin.15_gene_66_2	B2URG0	30.1	724	7.09e-103	332
C287__EHA02331_bin.15_gene_67_1	B2UN48	53.6	168	7.63e-60	182
C287__EHA02331_bin.15_gene_67_3	B2UN50	25.5	290	8.78e-19	82.0
C287__EHA02331_bin.15_gene_67_4	B2UPW7	55.7	176	1.03e-66	202
C287__EHA02331_bin.15_gene_67_5	B2UPW6	56.4	181	6.38e-57	178
C287__EHA02331_bin.15_gene_68_1	B2UKX3	50.0	264	2.03e-69	225
C287__EHA02331_bin.15_gene_68_2	B2ULS0	42.4	361	6.52e-103	310
C287__EHA02331_bin.15_gene_68_3	B2ULS1	39.3	140	8.59e-27	100
C287__EHA02331_bin.15_gene_69_2	B2UNY2	54.3	409	2.66e-151	450
C287__EHA02331_bin.15_gene_70_2	B2URI4	52.8	193	2.60e-71	213
C287__EHA02331_bin.15_gene_70_3	B2ULB3	58.5	275	2.45e-110	317
C287__EHA02331_bin.15_gene_70_4	B2ULB2	60.9	248	9.28e-107	306
C287__EHA02331_bin.15_gene_70_6	B2ULB0	43.3	337	4.64e-95	281
C287__EHA02331_bin.15_gene_70_7	B2UMD2	66.0	450	1.28e-223	619
C287__EHA02331_bin.15_gene_70_8	B2UNY9	33.3	129	1.88e-24	89.7
C287__EHA02331_bin.15_gene_71_1	B2UML6	70.6	299	6.68e-152	424
C287__EHA02331_bin.15_gene_71_3	B2ULM5	59.1	198	1.54e-84	246
C287__EHA02331_bin.15_gene_71_5	B2UN26	32.5	856	7.80e-123	386
C287__EHA02331_bin.15_gene_71_6	B2UPA1	47.9	192	6.67e-55	170
C287__EHA02331_bin.15_gene_71_9	B2UP36	56.1	157	1.34e-59	183
C287__EHA02331_bin.15_gene_71_12	B2UP99	59.0	541	2.02e-229	640
C287__EHA02331_bin.15_gene_72_2	B2UPA1	32.8	183	4.75e-23	88.2
C287__EHA02331_bin.15_gene_72_4	B2UL46	53.2	301	2.78e-108	315
C287__EHA02331_bin.15_gene_72_5	B2UP97	32.7	168	4.46e-21	85.5
C287__EHA02331_bin.15_gene_72_7	B2UP98	46.9	81	3.29e-19	71.6
C287__EHA02331_bin.15_gene_73_1	B2URJ3	68.2	1009	0.0	1367
C287__EHA02331_bin.15_gene_73_2	B2ULA2	32.2	292	2.72e-35	124
C287__EHA02331_bin.15_gene_73_3	B2URC5	54.7	404	3.07e-164	468
C287__EHA02331_bin.15_gene_73_4	B2UMZ9	70.5	498	4.49e-251	692
C287__EHA02331_bin.15_gene_73_5	B2UQP4	26.0	431	2.60e-26	105
C287__EHA02331_bin.15_gene_73_7	B2UL49	42.5	315	1.06e-72	224
C287__EHA02331_bin.15_gene_73_9	B2UPD6	26.1	176	2.11e-10	58.9
C287__EHA02331_bin.15_gene_73_12	B2UN98	49.7	155	2.55e-47	161
C287__EHA02331_bin.15_gene_73_13	B2UN98	37.5	646	6.10e-133	407
C287__EHA02331_bin.15_gene_74_1	B2UQ04	80.7	342	1.17e-186	515
C287__EHA02331_bin.15_gene_74_2	B2UNL4	42.9	301	3.10e-83	251
C287__EHA02331_bin.15_gene_74_3	B2UPE5	63.4	511	1.60e-236	656
C287__EHA02331_bin.15_gene_74_4	B2UPE6	59.0	178	6.60e-69	206
C287__EHA02331_bin.15_gene_75_1	B2ULH1	26.6	635	2.38e-10	61.6
C287__EHA02331_bin.15_gene_76_2	B2URM6	85.4	850	0.0	1425
C287__EHA02331_bin.15_gene_76_3	B2URM5	85.9	852	0.0	1471
C287__EHA02331_bin.15_gene_77_2	B2UP31	34.4	163	8.02e-29	103
C287__EHA02331_bin.15_gene_78_1	B2ULB7	53.5	269	4.72e-97	300
C287__EHA02331_bin.15_gene_78_4	B2UPV5	56.8	966	0.0	1067
C287__EHA02331_bin.15_gene_81_1	B2UPB8	51.5	163	3.13e-53	170
C287__EHA02331_bin.15_gene_81_2	B2UPB8	51.4	216	3.54e-72	217
C287__EHA02331_bin.15_gene_81_3	B2UPB5	74.7	241	2.95e-131	368
C287__EHA02331_bin.15_gene_81_4	B2UPB6	46.1	581	1.18e-171	503
C287__EHA02331_bin.15_gene_82_1	B2URM9	25.2	282	4.46e-19	86.3
C287__EHA02331_bin.15_gene_82_2	B2UMJ9	71.5	383	1.40e-190	529
C287__EHA02331_bin.15_gene_82_3	B2UM08	53.0	100	1.19e-29	104
C287__EHA02331_bin.15_gene_83_1	B2UPS8	31.8	475	8.84e-67	227
C287__EHA02331_bin.15_gene_84_2	B2UPE4	22.9	818	4.10e-40	159
C287__EHA02331_bin.15_gene_86_1	B2UKX3	52.1	555	9.50e-189	549
C287__EHA02331_bin.15_gene_87_3	B2ULT6	51.7	733	7.32e-274	768
C287__EHA02331_bin.15_gene_87_4	B2ULT5	39.3	659	1.68e-162	478
C287__EHA02331_bin.15_gene_87_5	B2UPQ1	63.0	276	1.21e-119	341
C287__EHA02331_bin.15_gene_87_6	B2UPQ0	77.1	327	5.27e-181	500
C287__EHA02331_bin.15_gene_87_7	B2UMX3	76.5	153	4.51e-84	241
C287__EHA02331_bin.15_gene_87_11	B2UNQ7	37.6	173	4.13e-29	111
C287__EHA02331_bin.15_gene_87_12	B2UNQ7	39.0	182	1.53e-35	130
C287__EHA02331_bin.15_gene_87_14	B2UQK3	67.5	342	4.70e-178	496
C287__EHA02331_bin.15_gene_87_20	B2UMP9	44.1	320	8.81e-83	255
C287__EHA02331_bin.15_gene_87_22	B2UNJ4	56.2	89	1.62e-30	100
C287__EHA02331_bin.15_gene_87_24	B2UMP6	33.0	109	1.48e-06	40.0
C287__EHA02331_bin.15_gene_87_26	B2UMP4	65.0	468	2.53e-218	606
C287__EHA02331_bin.15_gene_87_28	B2UP29	64.0	253	1.84e-114	327
C287__EHA02331_bin.15_gene_87_29	B2UQR6	61.5	410	4.57e-172	483
C287__EHA02331_bin.15_gene_87_30	B2UP28	52.6	378	1.58e-138	397
C287__EHA02331_bin.15_gene_87_32	B2UME1	83.5	562	0.0	906
C287__EHA02331_bin.15_gene_87_34	B2UL66	77.5	302	4.32e-175	484
C287__EHA02331_bin.15_gene_87_36	B2ULZ0	70.6	412	4.45e-216	595
C287__EHA02331_bin.15_gene_87_37	B2ULY9	52.1	188	1.19e-68	204
C287__EHA02331_bin.15_gene_87_38	B2ULY8	69.1	466	6.78e-263	718
C287__EHA02331_bin.15_gene_87_39	B2ULY7	59.6	560	3.38e-246	685
C287__EHA02331_bin.15_gene_87_40	B2ULY6	62.6	423	1.99e-191	534
C287__EHA02331_bin.15_gene_87_41	B2ULY5	61.5	187	1.19e-74	219
C287__EHA02331_bin.15_gene_87_42	B2ULY4	42.4	231	8.39e-46	148
C287__EHA02331_bin.15_gene_87_43	B2ULY3	64.8	105	1.40e-40	126
C287__EHA02331_bin.15_gene_87_44	B2ULN9	66.6	599	6.35e-290	799
C287__EHA02331_bin.15_gene_87_45	B2ULN8	61.8	476	4.40e-188	530
C287__EHA02331_bin.15_gene_87_46	B2ULN7	48.5	478	9.03e-146	421
C287__EHA02331_bin.15_gene_87_48	B2UMV4	55.6	360	5.12e-144	409
C287__EHA02331_bin.15_gene_87_51	B2ULG2	79.9	707	0.0	1051
C287__EHA02331_bin.15_gene_87_52	B2URC4	75.0	84	2.94e-38	128
C287__EHA02331_bin.15_gene_89_5	B2ULK0	34.9	392	2.64e-60	196
C287__EHA02331_bin.15_gene_89_6	B2UL40	61.6	276	5.25e-122	347
C287__EHA02331_bin.15_gene_89_7	B2UM79	47.5	160	4.44e-44	140
C287__EHA02331_bin.15_gene_89_8	B2UNA1	62.9	1174	0.0	1479
C287__EHA02331_bin.15_gene_89_9	B2UNP3	67.1	304	6.94e-152	424
C287__EHA02331_bin.15_gene_89_10	B2UNP4	70.3	390	3.00e-220	604
C287__EHA02331_bin.15_gene_89_11	B2UL29	56.6	290	5.81e-106	309
C287__EHA02331_bin.15_gene_89_12	B2UL30	72.4	359	1.22e-189	524
C287__EHA02331_bin.15_gene_89_13	B2URK4	67.8	292	1.31e-137	387
C287__EHA02331_bin.15_gene_89_14	B2UPI4	35.8	355	5.12e-75	234
C287__EHA02331_bin.15_gene_89_15	B2UPN7	74.3	436	1.72e-236	649
C287__EHA02331_bin.15_gene_90_2	B2UPW0	53.0	381	2.01e-135	388
C287__EHA02331_bin.15_gene_90_3	B2UPW1	55.2	355	9.45e-139	396
C287__EHA02331_bin.15_gene_90_5	B2UKM4	23.8	478	1.95e-33	129
C287__EHA02331_bin.15_gene_90_6	B2UQR0	58.9	594	3.89e-236	660
C287__EHA02331_bin.15_gene_91_3	B2UQE4	28.2	351	9.05e-30	121
C287__EHA02331_bin.15_gene_91_4	B2UR52	78.9	331	3.45e-188	527
C287__EHA02331_bin.15_gene_92_1	B2UR10	72.7	33	1.33e-12	55.1
C287__EHA02331_bin.15_gene_92_2	B2UR09	72.4	388	1.02e-201	557
C287__EHA02331_bin.15_gene_92_3	B2UR08	65.1	304	4.11e-134	379
C287__EHA02331_bin.15_gene_92_4	B2UL95	83.8	260	1.07e-159	450
C287__EHA02331_bin.15_gene_93_1	B2UPX3	50.5	376	3.03e-130	375
C287__EHA02331_bin.15_gene_93_2	B2UPX2	34.0	468	4.87e-75	243
C287__EHA02331_bin.15_gene_93_3	B2UPX1	58.2	462	5.14e-194	548
C287__EHA02331_bin.15_gene_94_1	B2UQS1	67.1	234	2.77e-109	311
C287__EHA02331_bin.15_gene_94_2	B2UQS0	39.2	375	1.23e-97	291
C287__EHA02331_bin.15_gene_94_4	B2UNK4	56.6	295	1.16e-111	321
C287__EHA02331_bin.15_gene_95_2	B2URG0	46.8	506	3.38e-159	471
C287__EHA02331_bin.15_gene_95_3	B2URG0	41.2	335	8.31e-84	267
C287__EHA02331_bin.15_gene_96_3	B2UNQ8	33.1	181	3.43e-25	99.0
C287__EHA02331_bin.15_gene_98_1	B2UQP8	46.8	481	1.46e-153	442
C287__EHA02331_bin.15_gene_98_2	B2ULE6	46.5	344	7.21e-80	252
C287__EHA02331_bin.15_gene_98_5	B2UL26	57.2	285	3.16e-122	348
C287__EHA02331_bin.15_gene_98_6	B2UQ70	42.1	209	5.85e-57	176
C287__EHA02331_bin.15_gene_98_8	B2UP52	49.5	408	1.19e-138	400
C287__EHA02331_bin.15_gene_98_10	B2UPZ7	43.7	366	3.50e-102	305
C287__EHA02331_bin.15_gene_98_18	B2UPV4	44.3	203	2.73e-48	166
C287__EHA02331_bin.15_gene_98_19	B2UM57	58.7	879	0.0	1006
C287__EHA02331_bin.15_gene_98_20	B2UM56	55.4	314	3.99e-118	340
C287__EHA02331_bin.15_gene_98_25	B2UMW6	27.7	202	1.05e-18	77.8
C287__EHA02331_bin.15_gene_98_26	B2UMD1	71.7	113	2.31e-57	170
C287__EHA02331_bin.15_gene_98_29	B2UR16	40.5	582	4.02e-133	399
C287__EHA02331_bin.15_gene_99_2	B2URM8	67.1	414	2.70e-200	556
C287__EHA02331_bin.15_gene_99_3	B2UMP3	79.8	327	3.10e-189	520
C287__EHA02331_bin.15_gene_99_4	B2UMP2	54.6	295	9.39e-111	319
C287__EHA02331_bin.15_gene_99_6	B2UMP0	53.7	326	8.96e-106	310
C287__EHA02331_bin.15_gene_99_7	B2UMN9	45.7	339	1.64e-98	305
C287__EHA02331_bin.15_gene_100_1	B2ULK6	58.6	152	1.04e-55	176
C287__EHA02331_bin.15_gene_100_2	B2ULK5	37.6	218	5.39e-41	136
C287__EHA02331_bin.15_gene_100_3	B2ULK4	37.6	266	2.66e-62	196
C287__EHA02331_bin.15_gene_100_4	B2UMH2	51.8	278	1.17e-93	288
C287__EHA02331_bin.15_gene_101_1	B2URJ2	75.6	385	2.45e-211	593
C287__EHA02331_bin.15_gene_101_3	B2URJ3	67.5	496	7.13e-240	696
C287__EHA02331_bin.15_gene_102_7	B2UNH7	47.7	507	3.21e-140	417
C287__EHA02331_bin.15_gene_103_1	B2UQE2	81.9	337	1.21e-198	549
C287__EHA02331_bin.15_gene_103_4	B2UKM5	62.0	71	6.90e-29	95.5
C287__EHA02331_bin.15_gene_103_6	B2URC7	62.1	501	2.69e-242	672
C287__EHA02331_bin.15_gene_103_7	B2UL01	46.3	926	2.69e-278	790
C287__EHA02331_bin.15_gene_103_9	B2UM87	37.5	160	3.05e-35	117
C287__EHA02331_bin.15_gene_103_10	B2UM88	61.9	407	1.35e-193	538
C287__EHA02331_bin.15_gene_103_13	B2UKY5	79.1	326	2.93e-186	513
C287__EHA02331_bin.15_gene_104_1	B2UPW8	76.0	312	7.86e-180	501
C287__EHA02331_bin.15_gene_104_2	B2UNE2	81.6	76	1.17e-35	112
C287__EHA02331_bin.15_gene_104_3	B2UPD3	57.1	352	1.97e-142	405
C287__EHA02331_bin.15_gene_105_1	B2UNZ4	55.0	131	1.38e-47	148
C287__EHA02331_bin.15_gene_105_2	B2UMA8	62.1	572	1.55e-258	717
C287__EHA02331_bin.15_gene_105_5	B2UQ98	73.6	1191	0.0	1776
C287__EHA02331_bin.15_gene_105_6	B2UPN8	42.0	1157	2.40e-299	874
C287__EHA02331_bin.15_gene_105_7	B2UM27	56.7	291	2.93e-120	343
C287__EHA02331_bin.15_gene_105_8	B2UN28	64.2	394	1.07e-187	522
C287__EHA02331_bin.15_gene_105_9	B2UL48	44.9	214	5.41e-75	224
C287__EHA02331_bin.15_gene_106_9	B2ULM3	56.4	521	2.63e-201	567
C287__EHA02331_bin.15_gene_107_1	B2URG0	44.9	844	5.81e-262	746
C287__EHA02331_bin.15_gene_107_3	B2ULW7	37.0	349	3.66e-47	160
C287__EHA02331_bin.15_gene_107_6	B2UQR3	51.5	229	1.89e-80	239
C287__EHA02331_bin.15_gene_108_1	B2UQS8	80.7	83	1.08e-46	145
C287__EHA02331_bin.15_gene_108_2	B2UQS9	82.1	652	0.0	1112
C287__EHA02331_bin.15_gene_108_3	B2UQT0	53.0	236	7.50e-85	248
C287__EHA02331_bin.15_gene_108_4	B2UNX1	46.4	153	1.58e-43	138
C287__EHA02331_bin.15_gene_108_6	B2UQB6	43.3	344	1.77e-94	282
C287__EHA02331_bin.15_gene_108_7	B2UM60	58.8	769	0.0	950
C287__EHA02331_bin.15_gene_108_8	B2UPF7	55.0	169	1.06e-63	190
C287__EHA02331_bin.15_gene_108_9	B2UQP7	70.6	435	9.88e-227	625
C287__EHA02331_bin.15_gene_108_10	B2URP8	38.6	342	6.06e-64	203
C287__EHA02331_bin.15_gene_108_12	B2UL70	55.8	197	2.20e-64	194
C287__EHA02331_bin.15_gene_108_13	B2UMI2	47.7	715	2.44e-236	671
C287__EHA02331_bin.15_gene_108_14	B2ULR9	44.4	126	1.78e-30	103
C287__EHA02331_bin.15_gene_108_15	B2ULR8	69.8	288	5.72e-154	431
C287__EHA02331_bin.15_gene_109_2	B2UP09	83.6	513	1.33e-311	846
C287__EHA02331_bin.15_gene_109_3	B2UP08	76.9	338	9.06e-178	493
C287__EHA02331_bin.15_gene_110_1	B2UNB3	50.6	405	8.23e-131	384
C287__EHA02331_bin.15_gene_111_1	B2UPK2	57.6	144	3.68e-55	171
C287__EHA02331_bin.15_gene_111_2	B2ULH1	31.0	332	4.66e-36	146
C287__EHA02331_bin.15_gene_111_3	B2UQ22	59.6	178	4.35e-76	230
C287__EHA02331_bin.15_gene_112_1	B2UR01	62.5	184	1.19e-75	231
C287__EHA02331_bin.15_gene_112_2	B2UR00	76.4	1048	0.0	1565
C287__EHA02331_bin.15_gene_112_3	B2UNQ0	46.5	155	5.31e-49	152
C287__EHA02331_bin.15_gene_112_4	B2UQF3	45.5	435	4.07e-119	360
C287__EHA02331_bin.15_gene_113_3	B2UQG5	63.4	350	1.67e-168	472
C287__EHA02331_bin.15_gene_113_4	B2UNN4	46.3	164	5.74e-41	132
C287__EHA02331_bin.15_gene_113_6	B2UPU7	30.6	242	3.28e-25	102
C287__EHA02331_bin.15_gene_114_3	B2UMR1	50.9	110	5.02e-35	113
C287__EHA02331_bin.15_gene_114_4	B2UMR2	77.7	376	3.97e-224	613
C287__EHA02331_bin.15_gene_114_5	B2UPF2	53.7	300	9.16e-95	278
C287__EHA02331_bin.15_gene_114_6	B2UPF1	35.0	140	1.55e-19	82.4
C287__EHA02331_bin.15_gene_114_8	B2UPF0	78.6	457	3.27e-263	719
C287__EHA02331_bin.15_gene_114_10	B2ULP8	29.8	168	2.86e-15	72.0
C287__EHA02331_bin.15_gene_115_2	B2URP7	43.3	208	7.13e-49	155
C287__EHA02331_bin.15_gene_115_3	B2URP6	78.7	253	5.67e-145	403
C287__EHA02331_bin.15_gene_115_4	B2URP5	76.9	229	4.10e-122	346
C287__EHA02331_bin.15_gene_116_1	B2URB8	84.9	325	4.15e-205	560
C287__EHA02331_bin.15_gene_116_2	B2UN05	33.6	399	2.47e-76	239
C287__EHA02331_bin.15_gene_118_5	B2UMB5	68.6	350	4.57e-168	473
C287__EHA02331_bin.15_gene_118_6	B2ULS2	29.2	500	3.06e-51	178
C287__EHA02331_bin.15_gene_118_7	B2UMG5	81.0	79	5.18e-44	133
C287__EHA02331_bin.15_gene_118_8	B2UNZ1	61.9	323	2.87e-143	404
C287__EHA02331_bin.15_gene_118_9	B2UM77	57.8	161	5.28e-66	196
C287__EHA02331_bin.15_gene_119_1	B2URJ2	60.1	313	2.11e-129	381
C287__EHA02331_bin.15_gene_119_2	B2UR61	28.4	236	1.84e-20	87.8
C287__EHA02331_bin.15_gene_120_1	B2URH2	43.5	361	8.04e-86	265
C287__EHA02331_bin.15_gene_120_2	B2UL33	32.0	297	4.06e-33	122
C287__EHA02331_bin.15_gene_120_3	B2UQJ5	36.8	125	5.10e-24	87.4
C287__EHA02331_bin.15_gene_120_4	B2URI6	43.1	420	3.96e-102	306
C287__EHA02331_bin.15_gene_120_5	B2UPP9	79.2	283	1.73e-178	490
C287__EHA02331_bin.15_gene_120_7	B2UP41	45.7	322	2.51e-95	295
C287__EHA02331_bin.15_gene_122_1	B2UQS8	77.3	132	8.01e-72	212
C287__EHA02331_bin.15_gene_122_3	B2UP07	34.7	789	5.23e-123	394
C287__EHA02331_bin.15_gene_123_1	B2ULM1	44.3	140	6.20e-33	111
C287__EHA02331_bin.15_gene_123_2	B2UP10	61.2	366	1.80e-160	451
C287__EHA02331_bin.15_gene_123_4	B2UL03	65.1	106	1.51e-43	142
C287__EHA02331_bin.15_gene_124_2	B2UNT5	55.5	479	1.43e-182	515
C287__EHA02331_bin.15_gene_124_3	B2UQN4	48.1	507	5.45e-153	444
C287__EHA02331_bin.15_gene_124_4	B2UQN5	63.2	690	3.33e-305	845
C287__EHA02331_bin.15_gene_124_6	B2UP07	51.0	898	4.95e-305	861
C287__EHA02331_bin.15_gene_124_7	B2UQC8	70.2	493	2.39e-259	714
C287__EHA02331_bin.15_gene_125_1	B2UP47	41.1	107	7.29e-29	97.1
C287__EHA02331_bin.15_gene_125_2	B2UP48	29.0	245	7.74e-27	103
C287__EHA02331_bin.15_gene_126_3	B2UL60	44.9	465	3.83e-132	388
C287__EHA02331_bin.15_gene_126_4	B2UP40	35.7	384	9.03e-63	204
C287__EHA02331_bin.15_gene_126_5	B2UPB4	59.8	497	2.17e-194	559
C287__EHA02331_bin.15_gene_127_2	B2UQL8	39.5	478	2.17e-86	298
C287__EHA02331_bin.15_gene_127_3	B2UP37	45.2	312	6.66e-92	276
C287__EHA02331_bin.15_gene_127_4	B2UR20	72.4	536	3.75e-285	780
C287__EHA02331_bin.15_gene_127_5	B2UR19	65.2	250	1.13e-116	337
C287__EHA02331_bin.15_gene_127_6	B2UMJ0	56.6	228	7.70e-88	256
C287__EHA02331_bin.15_gene_127_7	B2UMI9	39.7	380	1.80e-77	249
C287__EHA02331_bin.15_gene_127_8	B2UR65	38.7	359	8.61e-72	233
C287__EHA02331_bin.15_gene_127_13	B2UN66	60.6	170	7.39e-60	179
C287__EHA02331_bin.15_gene_127_14	B2ULL1	64.2	187	2.90e-84	245
C287__EHA02331_bin.15_gene_127_17	B2ULP7	68.4	155	3.35e-68	204
C287__EHA02331_bin.15_gene_127_18	B2ULP5	85.2	81	1.46e-47	142
C287__EHA02331_bin.15_gene_127_19	B2ULP4	74.1	263	4.98e-145	403
C287__EHA02331_bin.15_gene_127_22	B2ULP3	31.6	250	7.76e-27	101
C287__EHA02331_bin.15_gene_127_23	B2ULP2	60.9	325	5.86e-137	400
C287__EHA02331_bin.15_gene_127_25	B2UN18	50.3	149	1.68e-50	155
C287__EHA02331_bin.15_gene_127_26	B2UQL4	60.1	845	0.0	986
C287__EHA02331_bin.15_gene_127_27	B2UPF9	32.5	456	1.25e-61	202
C287__EHA02331_bin.15_gene_127_28	B2URM9	56.8	1116	0.0	1340
C287__EHA02331_bin.15_gene_127_29	B2UM74	81.8	406	3.78e-253	689
C287__EHA02331_bin.15_gene_127_30	B2UP85	67.7	201	7.41e-102	289
C287__EHA02331_bin.15_gene_127_31	B2UL83	26.8	727	9.40e-50	183
C287__EHA02331_bin.15_gene_128_2	B2UPV7	60.2	352	8.61e-143	405
C287__EHA02331_bin.15_gene_128_3	B2UPV6	67.1	1078	0.0	1400
C287__EHA02331_bin.15_gene_128_4	B2UQ05	35.4	353	1.94e-69	218
C287__EHA02331_bin.15_gene_128_5	B2ULN0	49.1	334	2.77e-109	318
C287__EHA02331_bin.15_gene_128_6	B2UQC2	63.8	1294	0.0	1686
C287__EHA02331_bin.15_gene_130_1	B2UQW8	66.0	670	1.07e-311	860
C287__EHA02331_bin.15_gene_130_2	B2UQW7	78.2	165	3.74e-95	269
C287__EHA02331_bin.15_gene_130_4	B2ULS5	58.6	244	3.72e-106	303
C287__EHA02331_bin.15_gene_131_2	B2UMZ5	72.1	136	1.89e-72	209
C287__EHA02331_bin.15_gene_131_3	B2UMZ4	47.6	1177	0.0	1043
C287__EHA02331_bin.15_gene_131_5	B2ULN3	59.7	176	2.32e-70	207
C287__EHA02331_bin.15_gene_132_1	B2UPQ9	78.3	313	2.31e-187	518
C287__EHA02331_bin.15_gene_132_2	B2UPR0	80.9	585	0.0	1017
C287__EHA02331_bin.15_gene_132_3	B2UPR1	56.7	390	3.17e-163	459
C287__EHA02331_bin.15_gene_132_4	B2UPR2	54.1	157	1.00e-51	160
C287__EHA02331_bin.15_gene_132_5	B2UPR3	52.7	112	2.09e-41	129
C287__EHA02331_bin.15_gene_133_2	B2ULK0	45.1	397	1.76e-107	318
C287__EHA02331_bin.15_gene_133_5	B2ULQ7	49.7	376	4.49e-134	385
C287__EHA02331_bin.15_gene_133_7	B2UND3	71.9	249	2.44e-127	358
C287__EHA02331_bin.15_gene_133_8	B2UND4	65.4	246	3.37e-109	313
C287__EHA02331_bin.15_gene_133_9	B2UND5	49.7	346	9.82e-115	333
C287__EHA02331_bin.15_gene_133_13	B2UMJ0	56.9	225	1.98e-91	265
C287__EHA02331_bin.15_gene_134_1	B2UMU8	46.4	153	2.67e-31	113
C287__EHA02331_bin.15_gene_134_3	B2UMV1	62.1	625	1.25e-289	800
C287__EHA02331_bin.15_gene_134_4	B2ULZ6	31.5	842	1.07e-110	363
C287__EHA02331_bin.15_gene_135_2	B2UM18	71.2	260	2.40e-129	363
C287__EHA02331_bin.15_gene_135_3	B2URP8	56.7	321	4.17e-136	385
C287__EHA02331_bin.15_gene_135_4	B2URP9	37.8	156	2.15e-26	94.4
C287__EHA02331_bin.15_gene_135_5	B2ULL9	39.1	496	2.98e-107	329
C287__EHA02331_bin.15_gene_135_6	B2ULL7	23.8	428	2.40e-39	142
C287__EHA02331_bin.15_gene_135_9	B2URC2	35.7	442	1.05e-87	273
C287__EHA02331_bin.15_gene_135_10	B2UNG6	50.3	342	2.01e-112	327
C287__EHA02331_bin.15_gene_136_3	B2ULF8	45.8	275	3.15e-70	214
C287__EHA02331_bin.15_gene_136_4	B2ULF9	40.4	364	2.08e-82	251
C287__EHA02331_bin.15_gene_136_5	B2ULG0	62.4	229	8.21e-107	305
C287__EHA02331_bin.15_gene_136_7	B2UQR4	62.2	148	3.69e-53	167
C287__EHA02331_bin.15_gene_136_8	B2URI4	53.0	219	7.41e-80	236
C287__EHA02331_bin.15_gene_136_9	B2UPY1	79.6	240	4.62e-134	374
C287__EHA02331_bin.15_gene_136_12	B2UPX8	77.7	269	2.88e-159	440
C287__EHA02331_bin.15_gene_136_13	B2UQ97	75.6	492	5.32e-278	759
C287__EHA02331_bin.15_gene_136_17	B2UQE8	69.8	400	2.88e-206	570
C287__EHA02331_bin.15_gene_136_18	B2UQE7	70.5	454	8.26e-234	644
C287__EHA02331_bin.15_gene_136_19	B2ULX1	67.0	515	2.26e-244	676
C287__EHA02331_bin.15_gene_136_20	B2ULX0	67.6	74	6.54e-32	111
C287__EHA02331_bin.15_gene_137_6	B2UQ72	31.7	300	3.09e-36	134
C287__EHA02331_bin.15_gene_137_7	B2URG2	79.1	617	0.0	994
C287__EHA02331_bin.15_gene_137_8	B2UR67	63.8	445	1.89e-209	582
C287__EHA02331_bin.15_gene_137_9	B2UR68	40.1	167	1.94e-34	115
C287__EHA02331_bin.15_gene_137_10	B2UR69	58.1	86	5.53e-30	98.6
C287__EHA02331_bin.15_gene_137_11	B2UR70	44.1	93	4.24e-13	65.1
C287__EHA02331_bin.15_gene_137_17	B2UQP5	63.4	380	2.04e-184	513
C287__EHA02331_bin.15_gene_137_18	B2URM9	59.6	661	2.75e-290	825
C287__EHA02331_bin.15_gene_138_1	B2UP59	75.3	328	3.74e-178	493
C287__EHA02331_bin.15_gene_139_1	B2UPE4	23.7	786	3.89e-42	163
C287__EHA02331_bin.15_gene_140_2	B2UMN8	32.3	829	3.38e-121	382
C287__EHA02331_bin.15_gene_140_3	B2UM58	38.8	670	9.61e-156	461
C287__EHA02331_bin.15_gene_140_4	B2UNH7	25.0	563	2.71e-34	133
C287__EHA02331_bin.15_gene_140_5	B2UM00	55.5	479	7.84e-173	491
C287__EHA02331_bin.15_gene_140_6	B2UNB9	31.4	730	1.56e-100	321
C287__EHA02331_bin.15_gene_140_7	B2URG0	47.3	841	9.28e-268	761
C287__EHA02331_bin.15_gene_140_8	B2UM64	60.9	128	5.67e-56	167
C287__EHA02331_bin.15_gene_140_9	B2UM65	54.3	92	1.26e-28	96.3
C287__EHA02331_bin.15_gene_140_10	B2UKV6	79.7	640	0.0	971
C287__EHA02331_bin.15_gene_140_11	B2UKV7	82.3	96	6.78e-53	157
C287__EHA02331_bin.15_gene_140_12	B2UKV8	83.3	539	5.10e-317	862
C287__EHA02331_bin.15_gene_140_13	B2ULI0	55.4	240	7.95e-88	266
C287__EHA02331_bin.15_gene_140_14	B2UMQ9	52.2	289	1.24e-103	301
C287__EHA02331_bin.15_gene_140_15	B2UMK0	71.9	160	3.60e-86	246
C287__EHA02331_bin.15_gene_140_16	B2UMI1	44.4	432	2.23e-121	358
C287__EHA02331_bin.15_gene_140_18	B2UQ24	77.8	607	0.0	927
C287__EHA02331_bin.15_gene_140_20	B2UQF4	67.7	529	3.91e-246	682
C287__EHA02331_bin.15_gene_140_21	B2UNI3	84.1	182	1.70e-111	317
C287__EHA02331_bin.15_gene_141_2	B2ULM0	64.0	317	5.17e-151	425
C287__EHA02331_bin.15_gene_141_3	B2UN02	49.9	655	1.63e-220	627
C287__EHA02331_bin.15_gene_141_4	B2UPE4	23.8	769	1.26e-35	145
C287__EHA02331_bin.15_gene_142_1	B2UML5	60.4	134	1.24e-54	164
C287__EHA02331_bin.15_gene_142_4	B2ULJ6	29.2	1031	2.28e-109	358
C287__EHA02331_bin.15_gene_142_5	B2ULJ5	36.3	902	1.44e-152	473
C287__EHA02331_bin.15_gene_142_7	B2UNQ9	52.8	250	6.59e-78	233
C287__EHA02331_bin.15_gene_142_8	B2UNR0	53.7	162	3.70e-59	178
C287__EHA02331_bin.15_gene_142_10	B2UN46	69.9	614	0.0	888
C287__EHA02331_bin.15_gene_142_15	B2UQJ5	32.9	140	1.04e-17	71.2
C287__EHA02331_bin.15_gene_142_16	B2UNU4	31.0	242	7.25e-35	123
C287__EHA02331_bin.15_gene_142_17	B2UNU3	61.7	188	6.05e-77	225
C287__EHA02331_bin.15_gene_142_18	B2UM02	74.3	540	7.94e-268	749
C287__EHA02331_bin.15_gene_142_20	B2UKM1	47.2	252	2.75e-75	229
C287__EHA02331_bin.15_gene_142_21	B2UKM0	77.2	241	6.04e-128	359
C287__EHA02331_bin.15_gene_142_22	B2UKL9	75.5	98	3.05e-47	145
C287__EHA02331_bin.15_gene_143_4	B2UKW6	75.0	196	1.36e-103	294
C287__EHA02331_bin.15_gene_144_1	B2UNS2	63.2	38	8.93e-11	50.1
C287__EHA02331_bin.15_gene_144_2	B2UM82	70.0	340	1.56e-183	508
C287__EHA02331_bin.15_gene_144_4	B2UPZ7	48.0	367	1.55e-120	353
C287__EHA02331_bin.15_gene_145_1	B2UKV3	63.3	354	1.57e-153	432
C287__EHA02331_bin.15_gene_145_2	B2UKV2	58.1	353	7.88e-146	413
C287__EHA02331_bin.15_gene_145_3	B2UKV1	68.9	74	8.76e-34	109
C287__EHA02331_bin.15_gene_145_4	B2UKV0	47.6	492	4.15e-145	431
C287__EHA02331_bin.15_gene_146_1	B2ULX7	30.7	437	3.94e-42	156
C287__EHA02331_bin.15_gene_147_5	B2UQ07	53.2	523	3.70e-190	539
C287__EHA02331_bin.15_gene_147_6	B2UQ06	63.6	420	1.64e-193	539
C287__EHA02331_bin.15_gene_147_7	B2UQ05	67.5	357	6.30e-183	507
C287__EHA02331_bin.15_gene_149_1	B2UNB4	22.8	959	2.51e-24	107
C287__EHA02331_bin.15_gene_149_3	B2UQS5	64.7	150	1.89e-66	195
C287__EHA02331_bin.15_gene_149_5	B2UQS3	59.4	170	2.31e-75	220
C287__EHA02331_bin.15_gene_149_6	B2UQS2	78.8	80	5.12e-36	113
C287__EHA02331_bin.15_gene_149_7	B2UNL3	42.1	121	4.49e-18	71.2
C287__EHA02331_bin.15_gene_149_10	B2UM41	44.9	835	1.05e-241	695
C287__EHA02331_bin.15_gene_150_1	B2UPU6	47.0	549	1.76e-178	518
C287__EHA02331_bin.15_gene_150_2	B2UQK1	67.6	916	0.0	1257
C287__EHA02331_bin.15_gene_150_3	B2UM34	49.7	332	3.03e-108	318
C287__EHA02331_bin.15_gene_150_4	B2ULU2	68.3	120	2.13e-60	177
C287__EHA02331_bin.15_gene_150_5	B2UM13	53.1	574	4.74e-221	622
C287__EHA02331_bin.15_gene_150_6	B2ULS4	55.8	405	8.91e-166	469
C287__EHA02331_bin.15_gene_152_2	B2UNU8	59.0	720	2.67e-315	876
C287__EHA02331_bin.15_gene_153_4	B2UM49	32.9	152	3.32e-22	93.2
C287__EHA02331_bin.15_gene_154_1	B2UM28	57.1	56	2.33e-12	55.1
C287__EHA02331_bin.15_gene_154_2	B2UL58	43.3	390	5.70e-111	330
C287__EHA02331_bin.15_gene_154_3	B2URL8	52.3	562	5.06e-189	540
C287__EHA02331_bin.15_gene_154_4	B2ULA8	64.5	577	3.44e-261	723
C287__EHA02331_bin.15_gene_154_5	B2UN83	74.6	402	2.59e-231	634
C287__EHA02331_bin.15_gene_154_6	B2URJ0	64.3	384	3.00e-176	492
C287__EHA02331_bin.15_gene_154_7	B2UPQ6	66.4	420	1.93e-217	600
C287__EHA02331_bin.15_gene_155_1	B2URJ9	45.3	448	1.25e-134	401
C287__EHA02331_bin.15_gene_155_2	B2UKY7	38.9	612	4.89e-134	402
C287__EHA02331_bin.15_gene_155_3	B2UMQ2	40.4	312	9.04e-61	194
C287__EHA02331_bin.15_gene_155_4	B2UMQ3	49.2	191	9.43e-52	169
C287__EHA02331_bin.15_gene_155_6	B2UN72	78.7	427	3.18e-247	676
C287__EHA02331_bin.15_gene_155_7	B2UN71	54.7	382	2.94e-150	427
C287__EHA02331_bin.15_gene_156_3	B2UN92	50.6	340	7.31e-106	313
C287__EHA02331_bin.15_gene_156_5	B2UP53	53.4	307	1.13e-106	310
C287__EHA02331_bin.15_gene_156_6	B2UN88	62.8	215	3.79e-101	289
C287__EHA02331_bin.15_gene_156_7	B2UN89	72.7	132	1.11e-68	200
C287__EHA02331_bin.15_gene_156_8	B2UMR6	56.3	300	1.67e-113	326
C287__EHA02331_bin.15_gene_156_9	B2UMR7	80.4	97	5.61e-52	155
C287__EHA02331_bin.15_gene_156_11	B2UM62	47.7	323	9.46e-99	295
C287__EHA02331_bin.15_gene_157_1	B2UL53	79.5	356	9.85e-209	573
C287__EHA02331_bin.15_gene_157_2	B2UL54	60.6	137	3.54e-46	143
C287__EHA02331_bin.15_gene_157_10	B2URF4	39.2	806	4.96e-166	502
C287__EHA02331_bin.15_gene_158_6	B2UR81	67.2	348	1.39e-186	515
C287__EHA02331_bin.15_gene_159_2	B2UNF7	70.8	463	7.89e-239	658
C287__EHA02331_bin.15_gene_159_3	B2UNF6	54.5	400	2.93e-141	405
C287__EHA02331_bin.15_gene_159_4	B2ULT4	45.0	307	4.08e-92	274
C287__EHA02331_bin.15_gene_159_5	B2UL47	50.7	219	4.47e-72	215
C287__EHA02331_bin.15_gene_159_6	B2UM75	66.7	114	8.22e-52	157
C287__EHA02331_bin.15_gene_159_7	B2UMK3	64.2	444	1.34e-206	575
C287__EHA02331_bin.15_gene_159_9	B2UM69	67.3	459	3.94e-231	640
C287__EHA02331_bin.15_gene_159_10	B2UM68	67.3	343	3.45e-158	443
C287__EHA02331_bin.15_gene_160_2	B2UR04	38.2	173	5.61e-26	101
C287__EHA02331_bin.15_gene_160_3	B2UR05	52.3	493	2.24e-173	495
C287__EHA02331_bin.15_gene_160_4	B2URF5	46.0	239	4.97e-84	246
C287__EHA02331_bin.15_gene_161_1	B2ULM8	58.4	173	5.77e-64	194
C287__EHA02331_bin.15_gene_161_2	B2ULM9	45.6	436	2.59e-107	320
C287__EHA02331_bin.15_gene_161_3	B2UPF6	52.3	350	4.90e-129	370
C287__EHA02331_bin.15_gene_161_4	B2UPF5	64.5	200	8.36e-93	266
C287__EHA02331_bin.15_gene_161_5	B2UPF4	61.2	209	1.24e-85	249
C287__EHA02331_bin.15_gene_161_6	B2UR66	78.4	329	7.33e-200	548
C287__EHA02331_bin.15_gene_161_7	B2UN53	77.7	367	1.09e-209	575
C287__EHA02331_bin.15_gene_161_8	B2UM34	45.0	358	1.38e-105	312
C287__EHA02331_bin.15_gene_161_10	B2UQD4	77.7	858	0.0	1244
C287__EHA02331_bin.15_gene_161_12	B2UMR4	46.9	241	6.57e-77	229
C287__EHA02331_bin.15_gene_161_15	B2UNE5	29.6	331	3.29e-24	102
C287__EHA02331_bin.15_gene_162_1	B2UPS9	80.2	374	6.48e-214	591
C287__EHA02331_bin.15_gene_162_2	B2ULZ2	43.7	380	1.47e-93	288
C287__EHA02331_bin.15_gene_163_2	B2UNP1	52.0	271	1.98e-89	264
C287__EHA02331_bin.15_gene_163_6	B2UMM2	61.6	164	5.19e-68	205
C287__EHA02331_bin.15_gene_164_5	B2UQ43	42.1	221	3.04e-58	183
C287__EHA02331_bin.15_gene_165_1	B2UQ16	88.5	304	1.17e-160	449
C287__EHA02331_bin.15_gene_165_3	B2UPB4	35.1	185	7.08e-24	99.4
C287__EHA02331_bin.15_gene_166_1	B2UL92	59.0	100	9.53e-35	120
C287__EHA02331_bin.15_gene_166_6	B2UKV5	43.2	639	2.52e-179	521
C287__EHA02331_bin.15_gene_166_7	B2UKW7	89.8	333	2.27e-221	602
C287__EHA02331_bin.15_gene_166_8	B2UKW8	88.4	380	2.25e-242	660
C287__EHA02331_bin.15_gene_166_9	B2UNR6	27.2	475	1.11e-40	147
C287__EHA02331_bin.15_gene_166_10	B2UNR7	74.0	1182	0.0	1775
C287__EHA02331_bin.15_gene_166_11	B2UM53	50.0	248	4.36e-83	246
C287__EHA02331_bin.15_gene_166_12	B2UM54	57.6	217	2.35e-81	239
C287__EHA02331_bin.15_gene_166_13	B2UM55	62.4	346	2.93e-145	410
C287__EHA02331_bin.15_gene_166_14	B2UL69	54.5	747	4.05e-265	747
C287__EHA02331_bin.15_gene_166_15	B2UMZ6	52.9	244	1.74e-80	239
C287__EHA02331_bin.15_gene_167_6	B2UPH4	47.0	219	9.78e-60	187
C287__EHA02331_bin.15_gene_167_7	B2URF8	62.0	368	2.58e-160	451
C287__EHA02331_bin.15_gene_167_12	B2UQC2	26.8	701	3.24e-61	223
C287__EHA02331_bin.15_gene_167_13	B2UQ90	79.7	59	1.95e-33	114
C287__EHA02331_bin.15_gene_168_1	B2UQ87	61.7	266	1.01e-105	313
C287__EHA02331_bin.15_gene_168_2	B2UP52	48.7	415	3.24e-131	382
C287__EHA02331_bin.15_gene_168_4	B2UQF3	40.9	701	1.35e-181	531
C287__EHA02331_bin.15_gene_168_8	B2UNB1	44.9	178	2.85e-49	155
C287__EHA02331_bin.15_gene_168_10	B2UQH0	55.5	164	1.51e-55	176
C287__EHA02331_bin.15_gene_169_2	B2UQQ8	54.9	286	6.28e-103	299
C287__EHA02331_bin.15_gene_169_3	B2UQQ9	39.6	505	5.74e-99	311
C287__EHA02331_bin.15_gene_169_4	B2UQC0	48.7	265	7.12e-95	277
C287__EHA02331_bin.15_gene_169_5	B2UNJ4	63.2	87	2.72e-33	107
C287__EHA02331_bin.15_gene_169_8	B2ULG9	58.0	383	2.55e-152	433
C287__EHA02331_bin.15_gene_169_9	B2UNS4	62.2	286	9.37e-131	370
C287__EHA02331_bin.15_gene_169_11	B2UP69	65.8	1028	0.0	1273
C287__EHA02331_bin.15_gene_169_12	B2UP68	50.0	342	7.16e-115	336
C287__EHA02331_bin.15_gene_169_24	B2UNC2	77.8	257	5.56e-140	390
C287__EHA02331_bin.15_gene_169_25	B2UNC3	63.3	463	4.08e-223	618
C287__EHA02331_bin.15_gene_169_26	B2UQB4	59.5	363	3.02e-147	417
C287__EHA02331_bin.15_gene_169_28	B2UNK9	65.4	381	7.57e-175	489
C287__EHA02331_bin.15_gene_169_29	B2UN82	65.4	373	7.28e-178	495
C287__EHA02331_bin.15_gene_169_31	B2UPD6	42.6	924	1.77e-252	746
C287__EHA02331_bin.15_gene_169_32	B2UPD6	44.2	502	2.05e-129	407
C287__EHA02331_bin.15_gene_169_33	B2UR29	31.0	738	1.62e-82	273
C287__EHA02331_bin.15_gene_169_35	B2URH1	55.7	219	5.43e-83	244
C287__EHA02331_bin.15_gene_169_36	B2UPG7	55.5	245	2.04e-90	265
C287__EHA02331_bin.15_gene_169_38	B2ULQ1	44.3	97	8.67e-18	70.5
C287__EHA02331_bin.15_gene_169_39	B2UQA8	43.2	447	3.09e-110	332
C287__EHA02331_bin.15_gene_169_40	B2UL16	50.3	189	1.50e-64	194
C287__EHA02331_bin.15_gene_169_41	B2UL15	67.5	453	6.37e-220	609
C287__EHA02331_bin.15_gene_169_42	B2UL14	50.8	400	2.04e-132	384
C287__EHA02331_bin.15_gene_169_43	B2UL13	45.4	271	2.28e-74	226
C287__EHA02331_bin.15_gene_169_45	B2UQV7	56.7	104	1.46e-36	116
C287__EHA02331_bin.15_gene_169_47	B2UQU9	74.6	1310	0.0	2046
C287__EHA02331_bin.15_gene_170_1	B2UM62	41.9	124	1.22e-24	93.6
C287__EHA02331_bin.15_gene_170_2	B2UPP2	48.4	186	8.90e-66	198
C287__EHA02331_bin.15_gene_170_3	B2UPP2	42.5	153	5.35e-43	140
C287__EHA02331_bin.15_gene_170_4	B2UPP1	72.1	183	2.48e-93	266
C287__EHA02331_bin.15_gene_170_5	B2UM33	76.7	647	0.0	1023
C287__EHA02331_bin.15_gene_170_6	B2ULG6	39.6	270	2.49e-51	175
C287__EHA02331_bin.15_gene_171_1	B2UMH7	43.8	240	1.28e-56	179
C287__EHA02331_bin.15_gene_171_2	B2UQ23	74.6	331	2.75e-181	501
C287__EHA02331_bin.15_gene_171_3	B2UNA3	56.0	207	1.08e-80	236
C287__EHA02331_bin.15_gene_171_4	B2UQP6	60.7	173	7.49e-73	216
C287__EHA02331_bin.15_gene_172_1	B2URA5	31.6	395	1.12e-55	189
C287__EHA02331_bin.15_gene_172_2	B2URA4	46.0	840	3.42e-262	747
C287__EHA02331_bin.15_gene_172_3	B2UQX8	50.9	57	1.74e-13	57.4
C287__EHA02331_bin.15_gene_172_4	B2UPI9	82.8	338	4.56e-204	559
C287__EHA02331_bin.15_gene_172_5	B2UPJ0	71.3	328	2.62e-164	458
C287__EHA02331_bin.15_gene_172_6	B2UPJ1	59.6	376	8.71e-161	452
C287__EHA02331_bin.15_gene_172_7	B2ULG6	48.1	187	3.41e-54	176
C287__EHA02331_bin.15_gene_172_9	B2UR65	44.4	381	7.27e-92	285
C287__EHA02331_bin.15_gene_172_10	B2UR65	41.0	520	3.52e-105	320
C287__EHA02331_bin.15_gene_172_11	B2UMS7	72.4	890	0.0	1342
C287__EHA02331_bin.15_gene_172_12	B2UMD4	59.7	62	1.33e-16	65.1
C287__EHA02331_bin.15_gene_172_15	B2UP72	48.6	469	3.01e-166	474
C287__EHA02331_bin.15_gene_172_16	B2UPN5	53.2	517	3.17e-185	526
C287__EHA02331_bin.15_gene_172_17	B2UNM0	35.8	120	1.10e-23	87.8
C287__EHA02331_bin.15_gene_172_18	B2UNL9	79.2	77	4.69e-44	134
C287__EHA02331_bin.15_gene_172_20	B2UPE1	80.9	293	1.26e-171	473
C287__EHA02331_bin.15_gene_172_22	B2URI9	59.4	345	3.40e-143	405
C287__EHA02331_bin.15_gene_172_23	B2URI8	43.2	336	1.00e-87	263
C287__EHA02331_bin.15_gene_172_24	B2ULM4	78.7	362	6.88e-220	601
C287__EHA02331_bin.15_gene_173_5	B2UQA1	60.5	709	0.0	899
C287__EHA02331_bin.15_gene_173_6	B2UMI0	39.1	69	2.92e-14	59.3
C287__EHA02331_bin.15_gene_174_1	B2UQA6	62.4	1098	0.0	1386
C287__EHA02331_bin.15_gene_174_4	B2UNQ8	63.3	1261	0.0	1545
C287__EHA02331_bin.15_gene_174_7	B2URQ6	69.8	106	3.97e-52	155
C287__EHA02331_bin.15_gene_174_8	B2UKL9	73.9	92	1.02e-39	126
C287__EHA02331_bin.15_gene_175_2	B2ULD2	63.4	164	2.00e-74	217
C287__EHA02331_bin.15_gene_175_4	B2UL82	46.8	188	4.76e-48	151
C287__EHA02331_bin.15_gene_176_3	B2UKT4	66.3	946	0.0	1256
C287__EHA02331_bin.15_gene_176_4	B2URM3	26.2	671	1.68e-34	141
C287__EHA02331_bin.15_gene_177_1	B2UMN1	36.8	484	1.09e-76	269
C287__EHA02331_bin.15_gene_177_3	B2UR32	49.3	467	2.05e-148	428
C287__EHA02331_bin.15_gene_177_4	B2UMH4	71.3	296	3.98e-151	421
C287__EHA02331_bin.15_gene_177_5	B2UMH5	72.3	393	4.40e-199	551
C287__EHA02331_bin.15_gene_177_6	B2UPY9	31.5	343	4.82e-44	159
C287__EHA02331_bin.15_gene_177_9	B2UKS7	32.9	258	4.89e-29	107
C287__EHA02331_bin.15_gene_178_2	B2UP36	59.3	162	1.03e-70	211
C287__EHA02331_bin.15_gene_178_6	B2UN08	50.0	320	3.19e-99	294
C287__EHA02331_bin.15_gene_178_8	B2UN04	66.2	139	2.65e-67	202
C287__EHA02331_bin.15_gene_179_2	B2UQG1	48.8	730	1.01e-262	740
C287__EHA02331_bin.15_gene_179_3	B2UR50	49.3	408	3.83e-124	362
C287__EHA02331_bin.15_gene_179_4	B2UR51	67.5	228	8.56e-115	324
C287__EHA02331_bin.15_gene_179_5	B2UQB2	46.8	205	1.83e-29	109
C287__EHA02331_bin.15_gene_179_6	B2UQB1	42.6	350	4.54e-88	266
C287__EHA02331_bin.15_gene_179_7	B2UPI3	67.1	237	2.26e-125	359
C287__EHA02331_bin.15_gene_180_1	B2UQZ4	50.1	619	9.11e-216	620
C287__EHA02331_bin.15_gene_180_2	B2UQZ3	40.6	433	2.27e-111	333
C287__EHA02331_bin.15_gene_180_3	B2UQZ2	89.5	191	6.66e-126	351
C287__EHA02331_bin.15_gene_180_4	B2UQZ1	59.8	453	1.31e-176	498
C287__EHA02331_bin.15_gene_180_5	B2UQZ0	63.0	46	2.14e-12	55.5
C287__EHA02331_bin.15_gene_183_3	B2UKY7	41.4	604	6.04e-152	449
C287__EHA02331_bin.15_gene_183_8	B2UPR7	76.6	749	0.0	1219
C287__EHA02331_bin.15_gene_185_1	B2UN39	70.9	278	6.45e-148	423
C287__EHA02331_bin.15_gene_185_2	B2UN37	67.2	469	4.00e-229	634
C287__EHA02331_bin.15_gene_185_3	B2UN36	70.0	270	4.51e-145	404
C287__EHA02331_bin.15_gene_185_4	B2UPN2	78.4	139	1.66e-80	230
C287__EHA02331_bin.15_gene_185_5	B2UNW0	42.0	317	7.21e-79	239
C287__EHA02331_bin.15_gene_185_6	B2ULM6	53.7	490	2.78e-192	541
C287__EHA02331_bin.15_gene_185_7	B2ULB6	64.7	816	0.0	1012
C287__EHA02331_bin.15_gene_185_8	B2ULB5	42.6	329	2.60e-87	264
C287__EHA02331_bin.15_gene_185_10	B2UNS9	55.2	694	6.20e-260	728
C287__EHA02331_bin.15_gene_185_11	B2UNS8	83.7	713	0.0	1192
C287__EHA02331_bin.15_gene_185_13	B2UNY2	44.1	202	1.07e-50	173
C287__EHA02331_bin.15_gene_186_2	B2UM67	53.0	952	0.0	1001
C287__EHA02331_bin.15_gene_186_3	B2UL61	71.0	317	5.65e-160	445
C287__EHA02331_bin.15_gene_186_4	B2UL62	63.7	259	1.42e-126	356
C287__EHA02331_bin.15_gene_186_5	B2UL63	46.5	512	1.45e-170	488
C287__EHA02331_bin.15_gene_186_6	B2UL64	33.2	672	1.13e-113	352
C287__EHA02331_bin.15_gene_186_8	B2UNA2	69.0	342	4.84e-168	468
C287__EHA02331_bin.15_gene_186_9	B2UR21	66.7	192	9.61e-89	256
C287__EHA02331_bin.15_gene_186_10	B2UR22	37.8	249	7.69e-57	180
C287__EHA02331_bin.15_gene_186_11	B2UL65	46.8	250	7.68e-75	224
C287__EHA02331_bin.15_gene_186_12	B2UMN1	75.5	367	5.52e-205	592
C287__EHA02331_bin.15_gene_187_1	B2UL92	77.4	473	8.16e-276	753
C287__EHA02331_bin.15_gene_187_2	B2UMH6	65.0	429	7.84e-188	525
C287__EHA02331_bin.15_gene_187_7	B2UQT7	69.4	206	3.85e-93	270
C287__EHA02331_bin.15_gene_188_2	B2UKV6	31.2	565	8.26e-63	214
C287__EHA02331_bin.15_gene_188_3	B2UKV6	31.3	568	4.28e-52	184
C287__EHA02331_bin.15_gene_188_4	B2UNA8	54.7	430	5.08e-154	441
C287__EHA02331_bin.15_gene_188_5	B2UNA7	52.5	427	6.98e-148	425
C287__EHA02331_bin.15_gene_188_7	B2UL12	43.2	549	5.66e-152	447
C287__EHA02331_bin.15_gene_188_8	B2UNK3	56.9	371	4.33e-147	417
C287__EHA02331_bin.15_gene_188_9	B2ULE2	51.5	101	1.49e-31	112
C287__EHA02331_bin.15_gene_189_1	B2UNJ2	33.8	713	1.44e-108	348
C287__EHA02331_bin.15_gene_189_2	B2UMD6	56.2	130	3.46e-49	160
C287__EHA02331_bin.15_gene_191_1	B2UR45	55.9	68	2.23e-23	86.7
C287__EHA02331_bin.15_gene_191_2	B2UR44	60.6	353	7.69e-159	446
C287__EHA02331_bin.15_gene_191_3	B2UR43	32.6	172	7.18e-28	103
C287__EHA02331_bin.15_gene_191_4	B2UR42	43.2	597	1.04e-162	474
C287__EHA02331_bin.15_gene_191_6	B2UR40	36.0	342	6.17e-53	174
C287__EHA02331_bin.15_gene_191_7	B2UR39	52.1	870	4.92e-283	804
C287__EHA02331_bin.15_gene_191_8	B2UR38	45.2	199	1.30e-51	161
C287__EHA02331_bin.15_gene_191_9	B2UR37	72.8	415	6.49e-208	578
C287__EHA02331_bin.15_gene_191_10	B2UPS4	83.9	548	0.0	943
C287__EHA02331_bin.15_gene_192_2	B2UNH2	73.6	360	1.34e-200	552
C287__EHA02331_bin.15_gene_192_3	B2UNH3	62.6	123	6.16e-61	179
C287__EHA02331_bin.15_gene_192_4	B2UNH4	68.0	946	0.0	1313
C287__EHA02331_bin.15_gene_192_5	B2URK5	81.2	69	4.72e-35	117
C287__EHA02331_bin.15_gene_193_1	B2UN93	62.1	277	3.61e-111	320
C287__EHA02331_bin.15_gene_193_2	B2UNI0	41.5	482	1.68e-124	378
C287__EHA02331_bin.15_gene_194_2	B2UPY2	68.2	274	3.56e-141	397
C287__EHA02331_bin.15_gene_194_3	B2UPY3	69.2	455	1.80e-234	646
C287__EHA02331_bin.15_gene_194_5	B2ULF1	68.4	212	6.16e-108	307
C287__EHA02331_bin.15_gene_194_6	B2ULD4	44.4	874	1.32e-248	716
C287__EHA02331_bin.15_gene_194_7	B2UMX5	62.2	135	1.60e-60	179
C287__EHA02331_bin.15_gene_194_8	B2UPN4	72.6	533	4.07e-291	796
C287__EHA02331_bin.15_gene_194_10	B2UMG3	64.0	353	8.33e-154	432
C287__EHA02331_bin.15_gene_194_11	B2UMG4	49.0	147	1.59e-40	131
C287__EHA02331_bin.15_gene_194_18	B2UP88	58.8	473	1.12e-186	530
C287__EHA02331_bin.15_gene_195_1	B2UQI8	71.0	517	2.45e-251	713
C287__EHA02331_bin.15_gene_196_2	B2UPN0	22.6	279	1.04e-17	78.2
C287__EHA02331_bin.15_gene_197_1	B2UM10	44.2	405	4.61e-102	316
C287__EHA02331_bin.15_gene_197_2	B2UMA1	56.8	493	1.81e-192	542
C287__EHA02331_bin.15_gene_197_8	B2UPF8	51.1	227	7.68e-75	223
C287__EHA02331_bin.15_gene_197_11	B2UPF9	48.5	408	2.15e-123	362
C287__EHA02331_bin.15_gene_197_12	B2UP06	49.6	133	9.50e-41	132
C287__EHA02331_bin.15_gene_197_13	B2UMH2	67.0	437	3.34e-222	624
C287__EHA02331_bin.15_gene_199_1	B2UQ90	74.4	414	1.49e-238	652
C287__EHA02331_bin.15_gene_199_2	B2UQ91	71.7	346	1.59e-192	531
C287__EHA02331_bin.15_gene_199_3	B2UMA3	69.5	285	5.99e-143	400
C287__EHA02331_bin.15_gene_199_6	B2UPE4	24.1	693	1.85e-41	164
C287__EHA02331_bin.15_gene_199_12	B2UN02	50.6	654	3.38e-221	629
C287__EHA02331_bin.15_gene_199_13	B2UN02	49.9	653	3.21e-218	621
C287__EHA02331_bin.15_gene_199_14	B2UNL8	40.0	617	3.47e-133	400
C287__EHA02331_bin.15_gene_199_15	B2UMZ7	45.7	492	6.44e-135	400
C287__EHA02331_bin.15_gene_199_16	B2ULE8	48.2	488	3.04e-164	478
C287__EHA02331_bin.15_gene_199_28	B2URC1	33.2	220	8.51e-40	133
C287__EHA02331_bin.15_gene_199_29	B2UP41	54.3	551	8.61e-211	599
C287__EHA02331_bin.15_gene_199_31	B2UN33	48.0	173	3.10e-52	162
C287__EHA02331_bin.15_gene_199_32	B2UR35	61.9	307	6.18e-141	398
C287__EHA02331_bin.15_gene_199_33	B2UQH5	55.1	552	1.37e-191	545
C287__EHA02331_bin.15_gene_200_2	B2UL87	86.6	306	2.19e-191	524
C287__EHA02331_bin.15_gene_200_3	B2UL88	84.9	364	1.84e-234	638
C287__EHA02331_bin.15_gene_200_4	B2UL89	76.6	291	1.48e-168	466
C287__EHA02331_bin.15_gene_201_3	B2UQR9	53.9	308	3.35e-117	337
C287__EHA02331_bin.15_gene_201_4	B2UQR8	64.1	665	2.30e-311	858
C287__EHA02331_bin.15_gene_201_5	B2UNV1	46.1	141	9.56e-43	135
C287__EHA02331_bin.15_gene_201_6	B2UNV2	60.6	104	2.18e-44	136
C287__EHA02331_bin.15_gene_201_7	B2UNV3	89.9	79	5.03e-50	149
C287__EHA02331_bin.15_gene_201_11	B2UMU4	96.8	126	3.41e-86	243
C287__EHA02331_bin.15_gene_201_12	B2UMU3	84.0	94	2.95e-54	162
C287__EHA02331_bin.15_gene_203_4	B2UKZ3	55.0	169	2.96e-68	202
C287__EHA02331_bin.15_gene_203_5	B2UPK5	61.0	449	5.12e-185	520
C287__EHA02331_bin.15_gene_203_6	B2UPK4	73.1	361	1.36e-194	536
C287__EHA02331_bin.15_gene_203_8	B2UPK2	48.9	135	2.00e-38	128
C287__EHA02331_bin.15_gene_204_3	B2URM3	24.6	639	1.29e-33	138
C287__EHA02331_bin.15_gene_204_4	B2UM40	26.8	582	2.08e-51	191
C287__EHA02331_bin.15_gene_205_2	B2UP70	52.3	151	1.97e-56	171
C287__EHA02331_bin.15_gene_205_3	B2UP71	82.3	271	6.36e-177	484
C287__EHA02331_bin.15_gene_205_6	B2UQF3	55.3	552	5.55e-224	633
C287__EHA02331_bin.15_gene_206_5	B2URG3	76.3	257	3.88e-141	394
C287__EHA02331_bin.15_gene_206_6	B2UMX9	69.4	827	0.0	1123
C287__EHA02331_bin.15_gene_206_8	B2URM9	30.9	282	4.29e-37	137
C287__EHA02331_bin.15_gene_206_9	B2UQ31	67.9	374	2.25e-183	510
C287__EHA02331_bin.15_gene_206_12	B2UPA8	47.2	492	1.41e-139	416
C287__EHA02331_bin.15_gene_206_13	B2UQ37	52.7	150	3.00e-50	155
C287__EHA02331_bin.15_gene_206_17	B2UPZ7	49.5	368	2.43e-120	353
C287__EHA02331_bin.15_gene_206_18	B2UPZ7	52.0	377	1.69e-132	384
C287__EHA02331_bin.15_gene_206_19	B2UPZ7	54.1	390	1.80e-140	404
C287__EHA02331_bin.15_gene_206_20	B2ULS2	55.9	510	7.79e-200	564
C287__EHA02331_bin.15_gene_206_21	B2UP66	70.8	322	2.98e-169	470
C287__EHA02331_bin.15_gene_206_22	B2UNZ6	61.2	420	4.43e-180	505
C287__EHA02331_bin.15_gene_206_23	B2UNZ7	55.9	256	3.34e-95	276
C287__EHA02331_bin.15_gene_207_1	B2UNU2	58.0	421	4.61e-162	460
C287__EHA02331_bin.15_gene_207_2	B2UPL0	36.5	310	1.86e-44	156
C287__EHA02331_bin.15_gene_207_3	B2UNZ9	43.9	595	2.96e-171	497
C287__EHA02331_bin.15_gene_207_5	B2UQA2	77.2	246	2.51e-134	375
C287__EHA02331_bin.15_gene_207_6	B2UP32	45.7	293	3.71e-82	247
C287__EHA02331_bin.15_gene_207_7	B2UPE9	36.1	485	1.13e-85	286
C287__EHA02331_bin.15_gene_207_8	B2UM17	74.8	290	8.64e-155	430
C287__EHA02331_bin.15_gene_207_9	B2UM16	36.2	224	6.01e-45	147
C287__EHA02331_bin.15_gene_207_10	B2UM14	39.3	687	1.36e-155	466
C287__EHA02331_bin.15_gene_208_5	B2UN05	67.3	385	9.07e-194	537
C287__EHA02331_bin.15_gene_208_6	B2UNS1	78.1	913	0.0	1421
C287__EHA02331_bin.15_gene_208_12	B2UQT7	65.9	82	1.20e-32	109
C287__EHA02331_bin.15_gene_209_1	B2UQG6	51.0	192	1.71e-59	191
C287__EHA02331_bin.15_gene_209_2	B2UKM8	74.0	416	2.58e-230	632
C287__EHA02331_bin.15_gene_209_3	B2UQ30	77.5	351	7.94e-193	531
C287__EHA02331_bin.15_gene_210_1	B2UPX4	67.9	246	1.93e-109	312
C287__EHA02331_bin.15_gene_210_6	B2UNK1	91.0	332	1.28e-221	603
C287__EHA02331_bin.15_gene_210_7	B2UNK0	85.2	230	3.19e-152	419
C287__EHA02331_bin.15_gene_210_9	B2UNZ5	67.0	273	1.91e-125	355
C287__EHA02331_bin.15_gene_210_10	B2UMG7	66.7	150	3.89e-70	205
C287__EHA02331_bin.15_gene_210_11	B2UMY0	55.1	107	1.85e-45	140
C287__EHA02331_bin.15_gene_210_12	B2UMY1	54.1	780	3.14e-264	749
C287__EHA02331_bin.15_gene_211_1	B2UNN5	58.7	955	0.0	1087
C287__EHA02331_bin.15_gene_211_4	B2UKU4	57.8	379	8.31e-145	412
C287__EHA02331_bin.15_gene_211_5	B2UNH0	50.8	301	4.79e-92	273
C287__EHA02331_bin.15_gene_211_7	B2UQA5	40.3	233	1.97e-57	179
C287__EHA02331_bin.15_gene_211_8	B2UQA4	55.4	83	1.84e-29	105
C287__EHA02331_bin.15_gene_212_1	B2UQ87	68.5	279	1.07e-128	372
C287__EHA02331_bin.15_gene_212_2	B2UQ86	47.2	267	5.67e-74	225
C287__EHA02331_bin.15_gene_212_3	B2URF0	81.5	612	0.0	1051
C287__EHA02331_bin.15_gene_212_5	B2UNJ1	51.4	325	1.53e-112	327
C287__EHA02331_bin.15_gene_213_1	B2UP75	46.8	436	6.75e-136	395
C287__EHA02331_bin.15_gene_213_3	B2UR15	58.2	553	7.95e-237	659
C287__EHA02331_bin.15_gene_213_8	B2UN01	36.6	232	2.98e-42	142
C287__EHA02331_bin.15_gene_213_9	B2UR29	32.8	743	9.93e-89	290
C287__EHA02331_bin.15_gene_214_1	B2UP41	56.0	225	7.70e-83	256
C287__EHA02331_bin.15_gene_214_3	B2ULS2	32.8	500	6.53e-69	227
C287__EHA02331_bin.15_gene_214_4	B2UPC5	25.4	523	8.53e-27	109
C287__EHA02331_bin.15_gene_214_5	B2UPE2	52.5	200	9.56e-73	219
C287__EHA02331_bin.15_gene_214_6	B2ULC1	70.8	506	1.89e-259	714
C287__EHA02331_bin.15_gene_214_9	B2UMM5	64.5	228	3.55e-98	282
C287__EHA02331_bin.15_gene_214_12	B2UMZ8	46.1	310	8.94e-75	229
C287__EHA02331_bin.15_gene_214_13	B2UN70	55.8	181	2.90e-67	200
C287__EHA02331_bin.15_gene_214_15	B2UN68	49.8	203	5.68e-60	183
C287__EHA02331_bin.15_gene_214_16	B2UN67	43.3	141	7.94e-33	125
C287__EHA02331_bin.15_gene_214_17	B2ULA6	51.1	485	5.77e-163	468
C287__EHA02331_bin.15_gene_214_18	B2ULA5	64.1	223	4.33e-110	311
C287__EHA02331_bin.15_gene_214_19	B2UN87	55.0	140	1.07e-49	154
C287__EHA02331_bin.15_gene_214_20	B2UL57	60.7	206	3.83e-86	251
C287__EHA02331_bin.15_gene_214_24	B2UMW8	50.8	244	1.81e-82	244
C287__EHA02331_bin.15_gene_214_25	B2UMW7	40.2	311	6.67e-59	199
C287__EHA02331_bin.15_gene_215_2	B2UKZ7	64.3	415	1.21e-189	529
C287__EHA02331_bin.15_gene_215_3	B2UM21	49.3	337	2.24e-112	327
C287__EHA02331_bin.15_gene_215_6	B2UP18	63.7	212	2.16e-93	269
C287__EHA02331_bin.15_gene_215_11	B2ULK8	65.9	185	4.32e-93	266
C287__EHA02331_bin.15_gene_215_12	B2UPK9	43.2	148	1.21e-41	132
C287__EHA02331_bin.15_gene_215_13	B2UPL0	48.5	507	8.11e-155	448
C287__EHA02331_bin.15_gene_215_15	B2UPL2	40.5	679	5.91e-149	445
C287__EHA02331_bin.15_gene_215_16	B2UPL3	52.3	493	1.34e-186	528
C287__EHA02331_bin.15_gene_215_17	B2UPL4	51.3	460	3.04e-139	404
C287__EHA02331_bin.15_gene_215_18	B2UPL5	57.2	348	8.36e-128	367
C287__EHA02331_bin.15_gene_215_19	B2UPV8	60.7	178	1.60e-67	208
C287__EHA02331_bin.15_gene_217_2	B2ULJ0	88.4	69	6.12e-37	114
C287__EHA02331_bin.15_gene_217_3	B2ULJ1	85.0	127	3.35e-70	203
C287__EHA02331_bin.15_gene_217_4	B2ULK7	69.6	148	6.32e-80	230
C287__EHA02331_bin.15_gene_217_6	B2ULZ9	65.0	420	1.76e-205	570
C287__EHA02331_bin.15_gene_218_4	B2UN01	48.4	213	1.25e-76	230
C287__EHA02331_bin.15_gene_218_6	B2UMS6	61.2	971	0.0	1249
C287__EHA02331_bin.15_gene_218_7	B2UM60	59.6	302	2.95e-138	406
C287__EHA02331_bin.15_gene_219_6	B2ULS8	75.0	436	3.21e-237	662
C287__EHA02331_bin.15_gene_220_3	B2UM63	61.7	465	1.96e-203	567
C287__EHA02331_bin.15_gene_220_4	B2ULQ0	38.2	157	3.12e-29	102
C287__EHA02331_bin.15_gene_220_7	B2ULZ4	66.7	195	1.93e-87	252
C287__EHA02331_bin.15_gene_220_8	B2ULZ3	59.6	503	1.14e-214	602
C287__EHA02331_bin.15_gene_220_9	B2UL24	65.7	204	3.57e-100	285
C287__EHA02331_bin.15_gene_220_10	B2UL23	75.4	195	1.54e-108	305
C287__EHA02331_bin.15_gene_220_11	B2UL22	23.0	357	4.53e-11	60.5
C287__EHA02331_bin.15_gene_220_12	B2UL21	52.0	202	4.10e-60	183
C287__EHA02331_bin.15_gene_220_13	B2UL20	77.3	309	2.82e-176	486
C287__EHA02331_bin.15_gene_220_14	B2UPP0	31.1	132	5.14e-14	63.5
C287__EHA02331_bin.15_gene_221_1	B2UP00	78.7	235	8.23e-133	370
C287__EHA02331_bin.15_gene_221_2	B2UL98	57.8	453	2.15e-176	499
C287__EHA02331_bin.15_gene_221_4	B2UP91	57.8	370	3.54e-156	441
C287__EHA02331_bin.15_gene_221_6	B2UP92	65.5	200	5.12e-100	285
C287__EHA02331_bin.15_gene_221_7	B2UN02	38.8	446	2.53e-95	300
C287__EHA02331_bin.15_gene_221_8	B2UN91	66.5	430	3.08e-211	585
C287__EHA02331_bin.15_gene_221_9	B2UN75	44.7	443	2.18e-118	356
C287__EHA02331_bin.15_gene_221_11	B2UM12	55.7	440	9.49e-174	491
C287__EHA02331_bin.15_gene_222_1	B2UL94	30.5	1168	2.12e-128	446
C287__EHA02331_bin.15_gene_222_3	B2ULP9	50.5	311	1.84e-104	305
C287__EHA02331_bin.15_gene_222_4	B2UNV0	41.8	237	9.55e-61	191
C287__EHA02331_bin.15_gene_222_6	B2UQ45	67.4	353	2.50e-172	480
C287__EHA02331_bin.15_gene_222_7	B2UQ21	53.0	334	1.58e-107	315
C287__EHA02331_bin.15_gene_222_8	B2UQ22	67.6	244	4.19e-117	338
C287__EHA02331_bin.15_gene_223_4	B2URJ1	72.9	667	0.0	988
C287__EHA02331_bin.15_gene_224_2	B2UQS6	50.0	104	2.12e-27	108
C287__EHA02331_bin.15_gene_225_1	B2UPS9	72.4	58	4.31e-21	82.8
C287__EHA02331_bin.15_gene_225_2	B2UPU0	46.1	362	6.04e-106	313
C287__EHA02331_bin.15_gene_225_4	B2URB1	36.1	391	2.63e-79	246
C287__EHA02331_bin.15_gene_225_5	B2ULA1	62.8	740	0.0	936
C287__EHA02331_bin.15_gene_225_6	B2UN32	72.3	242	5.04e-132	369
C287__EHA02331_bin.15_gene_225_7	B2UM41	27.7	671	1.69e-51	188
C287__EHA02331_bin.15_gene_226_1	B2URG0	33.9	720	2.40e-135	417
C287__EHA02331_bin.15_gene_226_2	B2URN0	36.0	569	6.96e-109	337
C287__EHA02331_bin.15_gene_226_3	B2URM9	31.1	669	5.03e-83	285
C287__EHA02331_bin.15_gene_227_2	B2UQR4	35.4	79	9.23e-13	58.2
C287__EHA02331_bin.15_gene_227_3	B2UM82	30.5	348	1.50e-32	121
C287__EHA02331_bin.15_gene_227_5	B2UQF8	52.9	227	1.26e-84	248
C287__EHA02331_bin.15_gene_227_6	B2UQF9	59.2	49	3.09e-20	72.4
C287__EHA02331_bin.15_gene_227_7	B2UQC7	36.3	223	1.14e-49	161
C287__EHA02331_bin.15_gene_227_11	B2UP82	27.3	450	7.19e-42	152
C287__EHA02331_bin.15_gene_227_12	B2UP93	57.7	142	1.40e-53	164
C287__EHA02331_bin.15_gene_227_13	B2URM9	25.2	599	5.43e-47	177
C287__EHA02331_bin.15_gene_228_1	B2UQE5	57.4	108	1.50e-37	126
C287__EHA02331_bin.15_gene_228_2	B2URF6	58.0	421	4.38e-174	490
C287__EHA02331_bin.15_gene_228_3	B2UQL5	51.8	409	6.63e-137	394
C287__EHA02331_bin.15_gene_228_4	B2UR72	50.7	438	1.53e-146	421
C287__EHA02331_bin.15_gene_228_5	B2URC2	40.9	242	1.24e-54	181
C287__EHA02331_bin.15_gene_229_4	B2UQ76	28.2	255	7.64e-19	80.5
C287__EHA02331_bin.15_gene_230_1	B2UNM1	43.9	554	3.69e-156	459
C287__EHA02331_bin.15_gene_230_3	B2UL32	63.0	292	2.65e-112	322
C287__EHA02331_bin.15_gene_230_4	B2UNS2	70.3	474	3.99e-236	653
C287__EHA02331_bin.15_gene_231_5	B2UM60	33.6	378	3.66e-36	142
C287__EHA02331_bin.15_gene_231_6	B2UPS7	35.3	238	6.33e-41	138
C287__EHA02331_bin.15_gene_232_1	B2UNX0	63.8	149	4.19e-61	189
C287__EHA02331_bin.15_gene_232_3	B2UQZ6	64.1	304	1.64e-144	406
C287__EHA02331_bin.15_gene_232_5	B2UMA5	68.7	319	2.03e-170	473
C287__EHA02331_bin.15_gene_232_6	B2UMA6	63.0	243	5.72e-113	320
C287__EHA02331_bin.15_gene_232_7	B2UNV0	50.2	225	1.36e-72	220
C287__EHA02331_bin.15_gene_232_9	B2URB4	35.0	177	1.41e-24	92.0
C287__EHA02331_bin.15_gene_232_10	B2UL52	53.6	317	3.75e-116	338
C287__EHA02331_bin.15_gene_232_11	B2UL51	47.2	354	2.06e-101	300
C287__EHA02331_bin.15_gene_232_13	B2UMR3	61.9	194	8.53e-92	263
C287__EHA02331_bin.15_gene_232_14	B2ULK9	82.0	150	7.07e-91	257
C287__EHA02331_bin.15_gene_232_15	B2ULL0	60.3	68	7.47e-20	75.1
C287__EHA02331_bin.15_gene_232_16	B2ULL2	63.1	233	2.10e-105	304
C287__EHA02331_bin.15_gene_232_17	B2ULL3	63.8	141	1.94e-65	192
C287__EHA02331_bin.15_gene_232_19	B2ULI3	43.7	261	1.10e-71	218
C287__EHA02331_bin.15_gene_232_34	B2UPI7	68.8	506	3.37e-264	725
C287__EHA02331_bin.15_gene_232_37	B2UN10	61.8	330	3.75e-140	398
C287__EHA02331_bin.15_gene_233_4	B2ULD6	38.0	284	9.88e-50	176
C287__EHA02331_bin.15_gene_233_5	B2UMN1	86.0	771	0.0	1316
C287__EHA02331_bin.15_gene_234_3	B2UPP4	54.6	302	2.14e-109	318
C287__EHA02331_bin.15_gene_234_4	B2UQ18	74.3	257	2.61e-130	366
C287__EHA02331_bin.15_gene_235_2	B2UPB7	50.2	211	7.72e-66	200
C287__EHA02331_bin.15_gene_235_3	B2UPB6	48.2	764	2.45e-243	695
C287__EHA02331_bin.15_gene_235_4	B2UPB5	75.8	240	2.42e-133	375
C287__EHA02331_bin.15_gene_235_9	B2UNB8	65.5	223	1.81e-109	310
C287__EHA02331_bin.15_gene_235_10	B2UNB7	54.8	186	4.10e-73	215
C287__EHA02331_bin.15_gene_236_1	B2UMX0	49.1	269	5.86e-90	265
C287__EHA02331_bin.15_gene_236_3	B2ULZ6	26.3	419	1.88e-13	72.0
C287__EHA02331_bin.15_gene_237_2	B2UMQ6	39.4	289	2.04e-63	197
C287__EHA02331_bin.15_gene_238_1	B2UMX2	49.6	782	7.83e-271	768
C287__EHA02331_bin.15_gene_238_2	B2UP64	74.6	398	2.30e-216	598
C287__EHA02331_bin.15_gene_238_3	B2UP65	48.5	206	3.48e-73	217
C287__EHA02331_bin.15_gene_238_4	B2UM07	55.6	721	1.61e-273	768
C287__EHA02331_bin.15_gene_238_5	B2UN27	70.0	90	1.82e-41	128
C287__EHA02331_bin.15_gene_238_8	B2UNB0	69.5	82	3.11e-37	116
C287__EHA02331_bin.15_gene_238_10	B2UQ53	35.3	272	1.87e-49	162
C287__EHA02331_bin.15_gene_238_11	B2UQT1	50.0	78	2.48e-20	73.9
C287__EHA02331_bin.15_gene_238_12	B2UQT2	66.8	256	1.03e-131	370
C287__EHA02331_bin.15_gene_239_1	B2UNH8	56.5	223	9.36e-75	237
C287__EHA02331_bin.15_gene_239_2	B2UN29	80.6	242	9.70e-144	401
C287__EHA02331_bin.15_gene_239_4	B2ULR7	66.5	531	8.18e-252	696
C287__EHA02331_bin.15_gene_239_5	B2UQ26	39.2	268	2.12e-64	201
C287__EHA02331_bin.15_gene_239_6	B2UNP5	44.2	197	5.11e-55	170
C287__EHA02331_bin.15_gene_239_7	B2UNP6	54.7	342	1.18e-118	342
C287__EHA02331_bin.15_gene_239_8	B2UNP7	52.0	204	2.51e-67	202
C287__EHA02331_bin.15_gene_239_9	B2UPW6	48.1	133	5.22e-38	130
C287__EHA02331_bin.15_gene_240_1	B2ULK6	71.4	252	6.63e-127	361
C287__EHA02331_bin.15_gene_240_2	B2UN62	45.7	302	4.10e-102	298
C287__EHA02331_bin.15_gene_240_3	B2UN60	43.2	294	2.39e-78	237
C287__EHA02331_bin.15_gene_240_4	B2UN59	43.1	267	3.20e-66	203
C287__EHA02331_bin.15_gene_240_5	B2UM01	50.6	510	6.82e-177	507
C287__EHA02331_bin.15_gene_241_1	B2UQZ0	64.1	329	6.55e-148	417
C287__EHA02331_bin.15_gene_241_2	B2ULC9	56.7	252	1.61e-105	303
C287__EHA02331_bin.15_gene_241_3	B2ULD0	50.3	163	1.78e-56	172
C287__EHA02331_bin.15_gene_241_4	B2UP41	59.1	548	2.16e-242	680
C287__EHA02331_bin.15_gene_241_8	B2UNL6	51.4	284	3.10e-104	303
C287__EHA02331_bin.15_gene_241_14	B2UM22	58.3	391	4.87e-166	468
C287__EHA02331_bin.15_gene_241_15	B2UMQ5	79.3	377	1.06e-225	617
C287__EHA02331_bin.15_gene_241_16	B2UP50	54.0	359	8.93e-136	388
C287__EHA02331_bin.15_gene_241_17	B2UMS5	52.5	305	6.61e-101	300
C287__EHA02331_bin.15_gene_242_1	B2UNH7	52.8	424	2.60e-137	406
C287__EHA02331_bin.15_gene_242_2	B2UKM3	45.9	331	1.30e-93	286
C287__EHA02331_bin.15_gene_243_3	B2UQC2	26.6	685	3.64e-50	189
C287__EHA02331_bin.15_gene_244_4	B2ULY2	48.8	537	2.71e-158	458
C287__EHA02331_bin.15_gene_244_6	B2ULY0	56.8	259	1.51e-66	204
C287__EHA02331_bin.15_gene_244_7	B2ULX9	51.0	192	5.21e-60	185
C287__EHA02331_bin.15_gene_244_9	B2ULC6	72.2	320	2.70e-173	479
C287__EHA02331_bin.15_gene_244_10	B2ULU7	33.9	322	4.38e-49	163
C287__EHA02331_bin.15_gene_244_12	B2UR26	27.6	406	7.29e-36	134
C287__EHA02331_bin.15_gene_244_13	B2UP04	29.2	257	7.87e-27	101
C287__EHA02331_bin.15_gene_244_14	B2UP03	70.6	235	1.58e-120	339
C287__EHA02331_bin.15_gene_244_15	B2UP02	79.5	770	0.0	1221
C287__EHA02331_bin.15_gene_245_1	B2UPI3	68.1	235	5.30e-120	346
C287__EHA02331_bin.15_gene_245_2	B2UM47	41.4	331	4.93e-90	272
C287__EHA02331_bin.15_gene_245_4	B2UQB0	65.3	625	4.52e-299	824
C287__EHA02331_bin.15_gene_245_5	B2UQA9	49.3	353	2.57e-111	327
C287__EHA02331_bin.15_gene_245_8	B2URC6	40.0	265	6.92e-53	175
C287__EHA02331_bin.15_gene_245_10	B2ULI6	43.7	373	1.62e-98	295
C287__EHA02331_bin.15_gene_245_11	B2UPR7	34.9	684	2.35e-104	331
C287__EHA02331_bin.15_gene_245_14	B2ULB7	30.8	724	5.32e-112	355
C287__EHA02331_bin.15_gene_245_20	B2UM09	56.3	845	0.0	933
C287__EHA02331_bin.15_gene_245_21	B2UPK7	44.8	212	1.88e-59	183
C287__EHA02331_bin.15_gene_245_22	B2ULG5	37.3	482	4.57e-90	280
C287__EHA02331_bin.15_gene_245_23	B2UPK8	44.6	258	2.02e-77	232
C287__EHA02331_bin.15_gene_245_25	B2ULC7	37.3	150	3.44e-25	90.9
C287__EHA02331_bin.15_gene_245_26	B2ULC8	65.9	252	4.15e-117	333
C287__EHA02331_bin.15_gene_245_27	B2UQY9	85.3	394	3.56e-254	690
C287__EHA02331_bin.15_gene_245_28	B2UQY8	67.1	73	8.56e-33	104
C287__EHA02331_bin.15_gene_245_29	B2UQY7	58.2	189	1.31e-78	229
C287__EHA02331_bin.15_gene_245_30	B2UQY6	83.1	142	7.53e-83	236
C287__EHA02331_bin.15_gene_245_31	B2UQY5	80.7	233	3.35e-130	363
C287__EHA02331_bin.15_gene_245_32	B2UQY4	72.0	164	3.43e-81	234
C287__EHA02331_bin.15_gene_245_33	B2UQY3	76.6	124	9.31e-54	161
C287__EHA02331_bin.15_gene_245_34	B2UQY2	80.0	1293	0.0	2036
C287__EHA02331_bin.15_gene_245_35	B2UQY1	80.0	1372	0.0	2194
C287__EHA02331_bin.15_gene_245_36	B2ULZ6	33.2	751	5.14e-93	318
C287__EHA02331_bin.15_gene_245_39	B2URI7	66.4	381	1.59e-170	481
C287__EHA02331_bin.15_gene_245_42	B2UQT6	31.5	168	1.08e-08	53.9
C287__EHA02331_bin.15_gene_246_3	B2UP56	43.6	149	2.57e-41	132
C287__EHA02331_bin.15_gene_246_6	B2UPV0	42.6	270	1.09e-66	207
C287__EHA02331_bin.15_gene_247_3	B2UQF3	31.0	319	2.03e-46	167
C287__EHA02331_bin.15_gene_248_1	B2URC2	64.9	442	3.49e-221	613
C287__EHA02331_bin.15_gene_248_2	B2UM30	34.9	570	9.79e-86	271
C287__EHA02331_bin.15_gene_248_3	B2UL75	64.4	492	1.51e-240	663
C287__EHA02331_bin.15_gene_248_5	B2UPQ5	63.8	453	1.38e-215	598
C287__EHA02331_bin.15_gene_248_6	B2UPQ3	53.3	825	2.39e-308	863
C287__EHA02331_bin.15_gene_248_7	B2UMF9	67.4	340	1.48e-161	452
C287__EHA02331_bin.15_gene_248_8	B2UMG0	67.2	58	6.76e-24	81.3
C287__EHA02331_bin.15_gene_248_9	B2UMG1	50.0	160	7.91e-51	157
C287__EHA02331_bin.15_gene_248_10	B2UNS0	64.4	188	1.09e-89	258
C287__EHA02331_bin.15_gene_248_11	B2UL99	79.4	360	4.39e-203	558
C287__EHA02331_bin.15_gene_248_12	B2ULA0	53.1	303	1.75e-100	293
C287__EHA02331_bin.15_gene_248_13	B2UNJ3	77.4	420	2.47e-233	640
C287__EHA02331_bin.15_gene_248_14	B2ULI9	66.6	715	0.0	945
C287__EHA02331_bin.15_gene_248_15	B2UR58	66.2	376	4.92e-191	529
C287__EHA02331_bin.15_gene_248_16	B2UQ10	76.1	372	1.39e-199	576
C287__EHA02331_bin.15_gene_248_17	B2UQ11	71.2	250	2.83e-124	350
C287__EHA02331_bin.15_gene_248_19	B2UQC7	60.0	205	2.62e-97	282
C287__EHA02331_bin.15_gene_248_22	B2UQ84	82.7	365	1.27e-219	601
C287__EHA02331_bin.15_gene_248_23	B2UQ85	55.8	346	8.17e-151	425
C287__EHA02331_bin.15_gene_249_1	B2UPE4	23.3	1504	4.31e-34	140
C287__EHA02331_bin.15_gene_249_2	B2UMI4	29.7	283	1.75e-35	137
C287__EHA02331_bin.15_gene_250_1	B2UNB9	30.3	409	1.39e-49	173
C287__EHA02331_bin.15_gene_250_3	B2UQA4	42.8	383	5.13e-83	261
C287__EHA02331_bin.15_gene_251_1	B2UM06	67.4	561	5.15e-280	769
C287__EHA02331_bin.15_gene_252_1	B2UQF3	57.2	152	1.04e-51	171
C287__EHA02331_bin.15_gene_252_4	B2UN65	71.5	417	4.70e-227	624
C287__EHA02331_bin.15_gene_253_4	B2URG5	52.3	562	3.04e-204	578
C287__EHA02331_bin.15_gene_255_1	B2UQ15	73.8	260	2.93e-142	399
C287__EHA02331_bin.15_gene_255_3	B2ULP8	70.1	311	9.35e-164	455
C287__EHA02331_bin.15_gene_255_4	B2UN86	51.4	451	5.38e-171	484
C287__EHA02331_bin.15_gene_255_5	B2UMG6	41.2	459	3.40e-114	351
C287__EHA02331_bin.15_gene_255_8	B2UNF2	57.0	349	5.11e-137	391
C287__EHA02331_bin.15_gene_255_9	B2URI5	48.4	310	1.79e-98	289
C287__EHA02331_bin.15_gene_255_10	B2UNF1	63.8	282	3.11e-129	365
C287__EHA02331_bin.15_gene_255_11	B2UNF0	33.6	298	7.82e-50	163
C287__EHA02331_bin.15_gene_255_12	B2UNE9	48.2	141	4.31e-40	129
C287__EHA02331_bin.15_gene_255_13	B2UNE8	70.8	390	2.60e-211	582
C287__EHA02331_bin.15_gene_255_15	B2UNE7	74.6	551	0.0	884
C287__EHA02331_bin.15_gene_255_16	B2ULN1	50.2	452	6.09e-169	479
C287__EHA02331_bin.15_gene_255_17	B2UNE5	73.4	638	8.17e-320	877
C287__EHA02331_bin.15_gene_256_3	B2URE3	77.4	297	2.57e-166	460
C287__EHA02331_bin.15_gene_256_4	B2UN97	63.8	437	1.12e-194	543
C287__EHA02331_bin.15_gene_257_2	B2UMJ4	77.1	629	0.0	1016
C287__EHA02331_bin.15_gene_257_3	B2UMJ5	68.6	156	4.79e-77	226
C287__EHA02331_bin.15_gene_257_5	B2UP80	44.3	393	3.28e-92	280
C287__EHA02331_bin.15_gene_257_6	B2UP81	60.7	1041	0.0	1182
C287__EHA02331_bin.15_gene_257_7	B2UP82	53.4	464	1.00e-170	486
C287__EHA02331_bin.15_gene_257_8	B2UR33	71.8	308	3.81e-167	464
C287__EHA02331_bin.15_gene_257_9	B2UM29	74.3	855	0.0	1345
C287__EHA02331_bin.15_gene_257_11	B2UPS6	60.4	144	1.09e-59	178
C287__EHA02331_bin.15_gene_257_12	B2UP60	51.6	153	1.33e-53	163
C287__EHA02331_bin.15_gene_257_13	B2UP62	41.9	148	1.65e-32	111
C287__EHA02331_bin.15_gene_257_15	B2UNL7	46.9	239	1.20e-60	188
C287__EHA02331_bin.15_gene_257_16	B2UM89	41.4	556	9.64e-140	414
C287__EHA02331_bin.15_gene_257_18	B2UKM2	72.8	206	7.18e-113	317
C287__EHA02331_bin.15_gene_257_20	B2UP40	51.6	382	4.06e-145	414
C287__EHA02331_bin.15_gene_258_2	B2UPZ9	70.8	356	1.05e-202	560
C287__EHA02331_bin.15_gene_258_3	B2UR61	26.6	458	3.43e-30	123
C287__EHA02331_bin.15_gene_258_4	B2URM9	37.5	1043	2.35e-231	687
C287__EHA02331_bin.15_gene_259_3	B2URB1	47.9	386	4.31e-123	358
C287__EHA02331_bin.15_gene_259_4	B2UL67	45.3	349	1.19e-111	327
C287__EHA02331_bin.15_gene_259_5	B2ULV6	55.4	594	2.62e-229	644
C287__EHA02331_bin.15_gene_259_6	B2ULV7	55.3	604	6.38e-231	649
C287__EHA02331_bin.15_gene_259_9	B2ULN6	50.9	275	7.95e-90	266
C287__EHA02331_bin.15_gene_259_10	B2UP63	68.9	167	2.35e-75	219
C287__EHA02331_bin.15_gene_259_11	B2UN43	54.6	185	1.93e-62	189
C287__EHA02331_bin.15_gene_260_3	B2URF1	51.1	225	5.26e-79	233
C287__EHA02331_bin.15_gene_260_4	B2URF2	55.7	681	7.13e-251	706
C287__EHA02331_bin.15_gene_260_6	B2UL43	55.0	298	1.56e-102	299
C287__EHA02331_bin.15_gene_260_9	B2UPW5	86.1	330	2.26e-205	563
C287__EHA02331_bin.15_gene_260_10	B2UQU9	29.0	217	2.10e-15	76.6
C287__EHA02331_bin.15_gene_260_11	B2UN42	36.4	338	1.83e-50	176
C287__EHA02331_bin.15_gene_261_7	B2UPT6	72.1	165	5.12e-94	268
C287__EHA02331_bin.15_gene_261_8	B2UPT7	43.9	187	5.32e-49	154
C287__EHA02331_bin.15_gene_261_9	B2UPT8	42.3	189	8.54e-50	159
C287__EHA02331_bin.15_gene_261_10	B2UPT9	66.7	93	2.57e-41	128
C287__EHA02331_bin.15_gene_261_11	B2UNG2	44.7	246	1.56e-68	208
C287__EHA02331_bin.15_gene_261_12	B2UNG0	34.4	262	1.75e-33	121
C287__EHA02331_bin.15_gene_262_1	B2UNA4	28.1	185	1.72e-24	93.2
C287__EHA02331_bin.15_gene_262_2	B2URF2	33.5	421	1.17e-63	226
C287__EHA02331_bin.15_gene_262_4	B2UQJ6	55.3	302	1.67e-103	320
C287__EHA02331_bin.15_gene_263_1	B2UNA6	56.0	680	1.37e-274	769
C287__EHA02331_bin.15_gene_263_2	B2URM9	56.3	1162	0.0	1347
C287__EHA02331_bin.15_gene_263_3	B2URM9	31.9	586	1.70e-76	270
C287__EHA02331_bin.15_gene_265_1	B2URP4	57.6	668	7.29e-270	757
C287__EHA02331_bin.15_gene_265_2	B2URP3	64.4	584	1.45e-267	740
C287__EHA02331_bin.15_gene_265_3	B2URP2	85.6	250	1.91e-159	439
C287__EHA02331_bin.15_gene_265_4	B2URP1	42.5	219	1.34e-52	166
C287__EHA02331_bin.15_gene_265_6	B2UQG6	33.5	565	1.31e-85	280
C287__EHA02331_bin.15_gene_266_3	B2URD5	52.0	269	5.66e-97	283
C287__EHA02331_bin.15_gene_266_4	B2UNW1	35.4	444	1.58e-85	265
C287__EHA02331_bin.15_gene_266_5	B2URI3	67.3	162	9.21e-78	225
C287__EHA02331_bin.15_gene_266_6	B2URI2	62.3	252	6.68e-115	326
C287__EHA02331_bin.15_gene_266_7	B2URI1	37.7	581	5.88e-117	358
C287__EHA02331_bin.15_gene_266_8	B2URI0	42.7	775	6.55e-211	613
C287__EHA02331_bin.15_gene_266_9	B2URH9	50.7	138	7.22e-39	125
C287__EHA02331_bin.15_gene_266_10	B2URH8	55.5	227	9.76e-81	241
C287__EHA02331_bin.15_gene_266_12	B2URH7	54.2	493	3.78e-183	518
C287__EHA02331_bin.15_gene_266_13	B2UQZ8	64.4	45	1.27e-12	54.3
C287__EHA02331_bin.15_gene_266_16	B2UR83	41.2	277	2.24e-62	213
C287__EHA02331_bin.15_gene_266_20	B2UPT2	37.1	682	9.92e-128	417
C287__EHA02331_bin.15_gene_267_1	B2UM60	53.0	513	1.33e-190	548
C287__EHA02331_bin.15_gene_267_2	B2UQ19	57.8	422	1.57e-160	456
C287__EHA02331_bin.15_gene_267_3	B2UQ27	57.8	109	3.13e-41	133
C287__EHA02331_bin.15_gene_267_4	B2URB6	47.3	283	9.35e-87	257
C287__EHA02331_bin.15_gene_267_5	B2UNQ5	51.7	143	8.34e-50	153
C287__EHA02331_bin.15_gene_267_7	B2UR02	54.4	419	7.66e-160	454
C287__EHA02331_bin.15_gene_268_3	B2UL36	48.5	423	2.26e-142	409
C287__EHA02331_bin.15_gene_268_4	B2UKT6	36.8	163	7.99e-32	109
C287__EHA02331_bin.15_gene_268_5	B2UKT7	54.7	258	6.76e-98	284
C287__EHA02331_bin.15_gene_268_10	B2UMC3	75.8	165	1.71e-90	257
C287__EHA02331_bin.15_gene_268_11	B2UKW5	35.3	116	1.79e-12	59.3
C287__EHA02331_bin.15_gene_268_12	B2UP97	39.8	256	2.43e-51	169
C287__EHA02331_bin.15_gene_268_13	B2ULL9	69.2	546	2.32e-264	730
C287__EHA02331_bin.15_gene_268_14	B2ULL8	73.2	560	6.08e-307	837
C287__EHA02331_bin.15_gene_268_15	B2ULL7	70.1	422	4.82e-203	563
C287__EHA02331_bin.15_gene_268_18	B2UMB0	32.4	380	2.05e-55	190
C287__EHA02331_bin.15_gene_269_2	B2UP99	41.0	415	3.48e-98	300
C287__EHA02331_bin.15_gene_270_1	B2UPE4	24.4	810	1.95e-36	147
C287__EHA02331_bin.15_gene_270_3	B2UNE5	36.6	93	7.75e-09	53.9
C287__EHA02331_bin.15_gene_270_7	B2UMI0	45.3	53	2.62e-12	54.3
C287__EHA02331_bin.15_gene_270_10	B2UMD8	67.8	227	6.97e-117	330
C287__EHA02331_bin.15_gene_270_11	B2UMD9	75.5	327	1.72e-181	502
C287__EHA02331_bin.15_gene_270_12	B2URA6	44.4	275	1.35e-75	229
C287__EHA02331_bin.15_gene_270_13	B2URA5	43.2	185	6.60e-49	163
C287__EHA02331_bin.15_gene_271_1	B2UR45	47.0	251	6.30e-78	236
C287__EHA02331_bin.15_gene_271_5	B2UR81	70.7	348	3.08e-197	542
C287__EHA02331_bin.15_gene_271_8	B2UR84	36.0	634	6.25e-112	365
C287__EHA02331_bin.15_gene_272_4	B2UPC4	48.0	204	1.34e-60	184
C287__EHA02331_bin.15_gene_272_5	B2UNZ8	66.1	664	5.63e-321	883
C287__EHA02331_bin.15_gene_272_6	B2UR73	48.8	367	4.00e-99	301
C287__EHA02331_bin.15_gene_273_4	B2UPY5	54.9	667	1.81e-248	698
C287__EHA02331_bin.15_gene_273_5	B2UPD2	63.9	97	6.31e-38	120
C287__EHA02331_bin.15_gene_273_6	B2UNA9	79.6	211	3.43e-116	343
C287__EHA02331_bin.15_gene_274_8	B2ULI5	60.5	124	5.43e-50	152
C287__EHA02331_bin.15_gene_274_9	B2UPA5	60.9	1185	0.0	1441
C287__EHA02331_bin.15_gene_274_10	B2UNC7	54.1	268	2.57e-97	284
C287__EHA02331_bin.15_gene_274_11	B2UNC5	56.6	212	4.95e-88	255
C287__EHA02331_bin.15_gene_275_1	B2UKR8	43.0	100	1.70e-20	83.2
C287__EHA02331_bin.15_gene_276_2	B2UNE3	74.0	423	4.80e-234	642
C287__EHA02331_bin.15_gene_276_4	B2UL46	66.7	303	3.14e-151	424
C287__EHA02331_bin.15_gene_276_6	B2URG8	71.3	387	1.53e-190	560
C287__EHA02331_bin.15_gene_276_7	B2URG7	58.8	102	3.97e-37	117
C287__EHA02331_bin.15_gene_276_8	B2UPF3	60.0	602	2.62e-268	744
C287__EHA02331_bin.15_gene_276_10	B2UPZ1	68.7	454	2.24e-230	635
C287__EHA02331_bin.15_gene_277_2	B2UMM8	63.4	495	1.14e-234	650
C287__EHA02331_bin.15_gene_277_3	B2UMM7	57.6	172	2.18e-70	213
C287__EHA02331_bin.15_gene_277_6	B2UL85	79.2	451	2.76e-246	676
C287__EHA02331_bin.15_gene_277_7	B2UP27	86.4	425	5.92e-277	751
C287__EHA02331_bin.15_gene_277_8	B2UME3	66.0	156	1.59e-73	214
C287__EHA02331_bin.15_gene_277_9	B2UM24	52.3	197	2.51e-64	194
C287__EHA02331_bin.15_gene_278_3	B2UKX6	61.3	253	1.50e-122	347
C287__EHA02331_bin.15_gene_278_5	B2URH8	28.9	197	8.94e-08	47.0
C287__EHA02331_bin.15_gene_278_14	B2UQC1	37.2	333	1.45e-75	234
C287__EHA02331_bin.15_gene_279_1	B2UKU8	79.8	183	9.97e-112	321
C287__EHA02331_bin.15_gene_280_1	B2UP05	60.8	181	3.39e-77	231
C287__EHA02331_bin.15_gene_280_2	B2UKW0	57.2	341	2.11e-113	342
C287__EHA02331_bin.15_gene_281_1	B2UP30	54.0	126	1.61e-38	127
C287__EHA02331_bin.15_gene_281_2	B2UR57	51.5	338	7.25e-105	306
C287__EHA02331_bin.15_gene_281_3	B2UP20	38.3	256	1.67e-55	176
C287__EHA02331_bin.15_gene_281_6	B2UKT9	68.6	582	4.51e-292	803
C287__EHA02331_bin.15_gene_281_7	B2UMG2	68.4	114	3.79e-56	166
C287__EHA02331_bin.15_gene_281_10	B2UL55	76.9	307	5.01e-165	457
C287__EHA02331_bin.15_gene_281_11	B2UMM0	59.7	315	7.01e-133	377
C287__EHA02331_bin.15_gene_281_12	B2UML9	73.9	88	2.17e-42	130
C287__EHA02331_bin.15_gene_281_13	B2UML8	59.6	591	1.89e-248	692
C287__EHA02331_bin.15_gene_282_2	B2UP76	58.4	346	6.96e-143	405
C287__EHA02331_bin.15_gene_282_3	B2UL91	36.7	248	1.31e-41	138
C287__EHA02331_bin.15_gene_282_4	B2UQD6	74.7	150	3.91e-81	233
C287__EHA02331_bin.15_gene_282_5	B2UQD7	44.6	168	1.03e-44	142
C287__EHA02331_bin.15_gene_282_7	B2ULJ7	50.8	303	1.56e-107	311
C287__EHA02331_bin.15_gene_282_9	B2UNP2	37.6	234	4.32e-45	154
C287__EHA02331_bin.15_gene_283_2	B2UMI5	24.0	792	3.51e-36	146
C287__EHA02331_bin.15_gene_283_4	B2UME4	41.6	178	6.59e-37	127
C287__EHA02331_bin.15_gene_284_1	B2UQH6	52.9	261	2.60e-96	280
C287__EHA02331_bin.15_gene_284_2	B2UQH7	37.3	252	5.47e-57	179
C287__EHA02331_bin.15_gene_284_9	B2ULW6	78.8	364	1.55e-208	572
C287__EHA02331_bin.15_gene_284_10	B2ULW5	74.2	357	1.36e-195	539
C287__EHA02331_bin.15_gene_284_14	B2URK3	67.4	282	3.67e-135	381
C287__EHA02331_bin.15_gene_284_15	B2URK2	71.7	212	6.77e-113	318
C287__EHA02331_bin.15_gene_284_16	B2URK1	39.9	278	8.80e-65	201
C287__EHA02331_bin.15_gene_284_17	B2UMW9	43.4	726	1.43e-201	583
C287__EHA02331_bin.15_gene_285_2	B2UM25	70.6	612	4.32e-320	876
C287__EHA02331_bin.15_gene_285_3	B2UN58	68.2	466	2.69e-221	613
C287__EHA02331_bin.15_gene_285_4	B2UN57	60.3	537	1.86e-226	632
C287__EHA02331_bin.15_gene_285_5	B2UN56	55.3	687	2.22e-287	804
C287__EHA02331_bin.15_gene_285_6	B2UN55	75.7	321	1.71e-177	491
C287__EHA02331_bin.15_gene_285_7	B2UN54	78.2	321	1.36e-183	506
C287__EHA02331_bin.15_gene_285_8	B2UKX1	45.8	288	5.55e-72	248
C287__EHA02331_bin.15_gene_285_9	B2UKX1	43.8	292	5.28e-74	248
C287__EHA02331_bin.15_gene_285_10	B2UQA8	39.6	53	6.60e-06	43.5
C287__EHA02331_bin.15_gene_286_1	B2UP38	60.9	706	2.87e-283	793
C287__EHA02331_bin.15_gene_286_2	B2UP39	73.0	341	1.82e-182	504
C287__EHA02331_bin.15_gene_286_4	B2UQQ6	68.7	198	1.13e-99	284
C287__EHA02331_bin.15_gene_286_5	B2UQQ5	69.0	252	1.61e-138	386
C287__EHA02331_bin.15_gene_286_6	B2UNH1	82.8	373	1.16e-218	598
C287__EHA02331_bin.15_gene_286_7	B2UNX0	58.8	211	5.89e-83	247
C287__EHA02331_bin.15_gene_287_1	B2UN40	67.0	103	2.66e-43	145
C287__EHA02331_bin.15_gene_287_2	B2UNP0	28.9	485	4.67e-47	177
C287__EHA02331_bin.15_gene_288_1	B2UL59	72.8	158	5.80e-82	237
C287__EHA02331_bin.15_gene_288_4	B2UMM3	33.9	177	1.28e-25	95.1
C287__EHA02331_bin.15_gene_290_1	B2UQG6	51.1	358	2.01e-125	369
C287__EHA02331_bin.15_gene_290_2	B2UNA5	33.5	191	1.77e-32	115
C287__EHA02331_bin.15_gene_290_3	B2ULB7	50.9	173	1.53e-58	195
C287__EHA02331_bin.15_gene_291_1	B2UL95	71.8	216	1.27e-94	283
C287__EHA02331_bin.15_gene_291_2	B2UL96	68.7	313	3.64e-153	428
C287__EHA02331_bin.15_gene_291_3	B2UMW3	57.4	451	1.37e-176	499
C287__EHA02331_bin.15_gene_291_4	B2UN99	68.7	450	2.85e-241	664
C287__EHA02331_bin.15_gene_291_5	B2ULW9	72.5	240	1.14e-127	358
C287__EHA02331_bin.15_gene_291_6	B2ULX0	74.7	494	2.86e-273	749
C287__EHA02331_bin.15_gene_292_4	B2UL73	69.5	384	5.07e-190	533
C287__EHA02331_bin.15_gene_293_2	B2URE0	51.8	359	7.44e-113	328
C287__EHA02331_bin.15_gene_293_3	B2URD9	44.2	215	2.53e-53	171
C287__EHA02331_bin.15_gene_293_4	B2URD8	55.6	248	1.01e-103	298
C287__EHA02331_bin.15_gene_294_3	B2UPH6	40.6	249	6.96e-54	171
C287__EHA02331_bin.15_gene_295_1	B2URJ6	61.0	105	6.99e-35	114
C287__EHA02331_bin.15_gene_295_2	B2URJ4	46.3	655	1.93e-177	514
C287__EHA02331_bin.15_gene_296_1	B2UPC3	35.0	234	9.14e-36	123
C287__EHA02331_bin.15_gene_296_2	B2UM85	55.6	151	5.73e-53	167
C287__EHA02331_bin.15_gene_296_3	B2UM84	73.3	910	0.0	1381
C287__EHA02331_bin.15_gene_296_4	B2ULH3	56.3	371	9.78e-148	420
C287__EHA02331_bin.15_gene_296_6	B2UP42	62.6	610	1.22e-269	748
C287__EHA02331_bin.15_gene_296_8	B2ULX7	58.0	736	1.69e-298	838
C287__EHA02331_bin.15_gene_296_9	B2ULX8	49.4	385	1.21e-116	346
C287__EHA02331_bin.15_gene_297_1	B2UMU6	53.8	80	9.02e-24	84.0
C287__EHA02331_bin.15_gene_297_2	B2UR49	100	34	4.91e-15	57.0
C287__EHA02331_bin.15_gene_297_3	B2UR48	79.0	291	7.65e-172	473
C287__EHA02331_bin.15_gene_297_4	B2UR47	56.0	430	9.20e-176	494
C287__EHA02331_bin.15_gene_297_5	B2UQU2	59.4	197	1.13e-83	243
C287__EHA02331_bin.15_gene_297_7	B2UQ51	48.3	329	1.33e-110	322
C287__EHA02331_bin.15_gene_297_8	B2UQ50	72.9	229	3.52e-117	331
C287__EHA02331_bin.15_gene_297_9	B2UQ49	42.6	310	4.42e-81	245
C287__EHA02331_bin.15_gene_297_10	B2UQ48	83.9	112	8.17e-66	191
C287__EHA02331_bin.15_gene_297_11	B2UQ47	54.8	135	2.35e-36	120
C287__EHA02331_bin.15_gene_297_12	B2UQJ4	61.7	480	7.52e-207	578
C287__EHA02331_bin.15_gene_298_1	B2UR83	47.1	558	2.47e-173	503
C287__EHA02331_bin.15_gene_298_2	B2UR81	73.8	61	1.05e-28	100
C287__EHA02331_bin.15_gene_300_1	B2UM28	63.7	215	7.77e-89	257
C287__EHA02331_bin.15_gene_300_3	B2UP33	38.9	283	1.49e-55	179
C287__EHA02331_bin.15_gene_300_6	B2UMF7	58.8	119	7.30e-40	128
C287__EHA02331_bin.15_gene_300_7	B2UMF8	49.0	429	1.07e-123	372
C287__EHA02331_bin.15_gene_300_8	B2URH5	80.3	127	5.06e-70	203
C287__EHA02331_bin.15_gene_300_9	B2URH4	83.8	142	7.01e-86	244
C287__EHA02331_bin.15_gene_300_10	B2UQ25	64.7	278	4.86e-135	380
C287__EHA02331_bin.15_gene_300_11	B2UQM1	40.0	305	2.19e-70	216
C287__EHA02331_bin.15_gene_300_12	B2UPB0	62.1	190	4.09e-81	236
C287__EHA02331_bin.15_gene_300_13	B2UPY4	37.9	448	3.72e-100	303
C287__EHA02331_bin.15_gene_300_14	B2UME7	45.5	235	6.92e-63	196
C287__EHA02331_bin.15_gene_300_15	B2UME9	59.2	250	3.36e-101	292
C287__EHA02331_bin.15_gene_300_17	B2UMF1	65.6	244	8.26e-112	318
C287__EHA02331_bin.15_gene_300_18	B2UMF2	65.1	275	3.42e-127	360
C287__EHA02331_bin.15_gene_300_19	B2UQR7	59.1	734	1.18e-274	771
C287__EHA02331_bin.15_gene_300_20	B2UQR6	67.1	389	4.01e-196	543
C287__EHA02331_bin.15_gene_300_21	B2URM2	46.1	280	8.15e-70	214
C287__EHA02331_bin.15_gene_300_22	B2URM1	74.2	186	2.90e-99	282
C287__EHA02331_bin.15_gene_300_23	B2URM0	54.8	84	6.36e-24	89.0
C287__EHA02331_bin.15_gene_301_1	B2UPW8	75.1	197	4.44e-107	311
C287__EHA02331_bin.15_gene_301_2	B2UPW9	70.4	189	5.57e-96	274
C287__EHA02331_bin.15_gene_301_5	B2UNR5	45.9	159	1.65e-48	154
C287__EHA02331_bin.15_gene_301_6	B2ULM2	79.9	384	8.02e-229	625
C287__EHA02331_bin.15_gene_301_7	B2UMN6	82.3	524	0.0	893
C287__EHA02331_bin.15_gene_301_8	B2URH6	62.8	145	4.39e-65	191
C287__EHA02331_bin.15_gene_301_9	B2ULX5	44.5	308	6.07e-90	273
C287__EHA02331_bin.15_gene_301_10	B2ULX6	51.2	322	3.87e-118	341
C287__EHA02331_bin.15_gene_301_11	B2ULV5	67.6	654	5.85e-319	876
C287__EHA02331_bin.15_gene_301_12	B2UQW6	57.2	250	1.78e-103	297
C287__EHA02331_bin.15_gene_302_1	B2UQH0	75.3	182	8.09e-102	296
C287__EHA02331_bin.15_gene_303_1	B2UNH8	76.1	418	1.79e-225	627
C287__EHA02331_bin.15_gene_303_2	B2UNG3	76.8	203	3.47e-113	318
C287__EHA02331_bin.15_gene_303_3	B2UNG4	75.5	184	3.85e-90	258
C287__EHA02331_bin.15_gene_303_4	B2UNG5	84.0	125	2.78e-70	203
C287__EHA02331_bin.15_gene_303_5	B2ULJ2	60.7	453	9.05e-202	563
C287__EHA02331_bin.15_gene_303_6	B2UNV0	42.1	214	8.30e-54	174
C287__EHA02331_bin.15_gene_303_7	B2UMY5	32.5	209	1.30e-27	102
C287__EHA02331_bin.15_gene_304_1	B2UMB5	74.4	43	3.93e-18	71.2
C287__EHA02331_bin.15_gene_304_2	B2UNZ4	59.0	139	2.85e-56	169
C287__EHA02331_bin.15_gene_304_7	B2UPX4	33.3	225	2.40e-38	131
C287__EHA02331_bin.15_gene_304_8	B2UQ05	25.4	362	1.17e-20	88.2
C287__EHA02331_bin.15_gene_304_10	B2UNZ0	45.7	243	3.94e-62	192
C287__EHA02331_bin.15_gene_304_11	B2UNV7	38.8	394	3.18e-80	250
C287__EHA02331_bin.15_gene_304_12	B2UNV6	80.4	479	1.53e-290	789
C287__EHA02331_bin.15_gene_304_13	B2UNV5	79.2	245	3.78e-147	407
C287__EHA02331_bin.15_gene_304_14	B2UNV4	60.6	127	2.47e-55	167
C288__k141_222743_1	B2UR84	31.2	1261	3.20e-152	515
C288__k141_222743_2	B2UNZ7	55.9	256	5.46e-94	273
C288__k141_222743_3	B2UNZ6	59.0	424	1.12e-175	494
C288__k141_222743_4	B2UP66	69.9	322	4.67e-166	462
C288__k141_222743_5	B2ULS2	55.1	510	9.06e-201	566
C288__k141_405036_1	B2UMI5	25.7	191	9.74e-21	85.5
C288__k141_405036_2	B2ULZ6	24.0	400	6.02e-12	66.2
C288__k141_405036_5	B2UMS5	53.8	305	5.14e-103	306
C288__k141_405036_6	B2UP50	54.3	359	1.56e-136	390
C288__k141_405036_7	B2UMQ5	78.5	377	7.50e-226	618
C288__k141_405036_8	B2UM22	58.3	391	6.91e-166	468
C288__k141_405036_11	B2UNL6	51.1	284	8.23e-102	296
C288__k141_405036_15	B2UP41	59.9	553	1.52e-247	693
C288__k141_405036_16	B2ULD0	49.7	163	7.21e-56	170
C288__k141_405036_17	B2ULC9	57.1	252	1.14e-105	303
C288__k141_405036_18	B2UQZ0	64.3	356	9.63e-159	446
C288__k141_405036_19	B2UQZ1	58.9	460	6.77e-177	499
C288__k141_405036_20	B2UQZ2	89.0	191	3.85e-125	349
C288__k141_405036_21	B2UQZ3	40.9	433	2.69e-114	340
C288__k141_405036_22	B2UQZ4	52.4	776	1.07e-291	820
C288__k141_405036_24	B2UR55	25.9	614	5.77e-38	151
C288__k141_405036_25	B2URI7	66.9	381	1.38e-170	480
C288__k141_405036_30	B2UNB8	64.9	222	3.65e-109	309
C288__k141_405036_31	B2UNB7	53.8	186	6.73e-72	212
C288__k141_405036_32	B2UNE3	74.2	423	2.91e-235	645
C288__k141_405036_34	B2UL46	66.0	303	2.10e-149	419
C288__k141_405036_37	B2URG8	70.5	393	9.94e-191	560
C288__k141_405036_38	B2URG7	57.8	102	8.01e-37	117
C288__k141_405036_39	B2UPF3	59.8	602	3.50e-266	739
C288__k141_405036_42	B2UQS1	66.7	234	1.59e-108	309
C288__k141_405036_43	B2UQS0	40.5	375	3.83e-99	295
C288__k141_405036_46	B2UNK4	55.9	295	7.66e-110	317
C288__k141_405036_49	B2URC7	58.8	503	5.82e-220	615
C288__k141_405036_50	B2URM3	25.4	503	2.78e-34	140
C288__k141_405036_52	B2UL83	26.8	701	6.97e-50	184
C288__k141_405036_53	B2UP85	65.2	204	1.65e-98	281
C288__k141_405036_54	B2UM74	81.8	406	2.19e-252	687
C288__k141_405036_55	B2URM9	56.9	1116	0.0	1345
C288__k141_405036_56	B2UPF9	33.5	406	1.11e-58	195
C288__k141_405036_57	B2UQL4	60.0	843	0.0	986
C288__k141_405036_58	B2UN18	51.0	149	1.45e-51	157
C288__k141_405036_59	B2ULP2	61.2	325	1.76e-136	399
C288__k141_405036_60	B2ULP3	30.8	250	4.19e-25	96.7
C288__k141_405036_63	B2ULP4	73.8	263	1.43e-144	402
C288__k141_405036_64	B2ULP5	85.2	81	1.46e-47	142
C288__k141_405036_65	B2ULP7	64.5	169	1.45e-69	208
C288__k141_405036_68	B2ULL1	64.7	187	7.45e-85	247
C288__k141_405036_69	B2UN66	59.0	161	3.10e-54	165
C288__k141_405036_71	B2URB7	44.1	152	2.05e-44	141
C288__k141_405036_72	B2UR65	40.1	359	5.15e-75	242
C288__k141_405036_73	B2UMI9	36.5	441	1.91e-76	246
C288__k141_405036_74	B2UMJ0	56.6	228	1.90e-88	258
C288__k141_405036_75	B2UR19	66.0	250	1.39e-117	339
C288__k141_405036_76	B2UR20	73.1	536	8.37e-289	790
C288__k141_405036_77	B2UP37	42.6	312	1.33e-85	260
C288__k141_405036_80	B2UPT2	29.6	719	1.04e-51	197
C288__k141_223244_1	B2UPN0	21.1	308	1.28e-14	68.9
C288__k141_223244_3	B2UN20	59.1	445	5.53e-185	521
C288__k141_223244_5	B2URG0	34.2	720	8.67e-136	419
C288__k141_223244_6	B2URN0	35.8	567	4.53e-106	329
C288__k141_223244_7	B2URM9	31.6	678	8.45e-82	281
C288__k141_223244_11	B2URG0	30.2	769	3.73e-102	330
C288__k141_223244_14	B2UQG6	34.7	553	1.58e-89	291
C288__k141_223244_15	B2UPP0	50.5	279	7.59e-94	280
C288__k141_223244_16	B2UL20	77.7	309	1.71e-177	489
C288__k141_223244_17	B2UL21	54.5	202	2.19e-62	189
C288__k141_223244_18	B2UL22	23.2	358	5.52e-09	53.9
C288__k141_223244_19	B2UL23	74.9	195	8.91e-108	303
C288__k141_223244_20	B2UL24	65.2	204	2.51e-100	285
C288__k141_223244_21	B2ULZ3	60.3	504	3.68e-218	610
C288__k141_223244_22	B2ULZ4	66.2	195	9.07e-86	248
C288__k141_223244_24	B2ULQ0	38.2	157	3.12e-29	102
C288__k141_223244_25	B2UM63	61.3	463	9.76e-204	568
C288__k141_223244_27	B2UM01	49.8	572	6.56e-189	543
C288__k141_223244_28	B2UN59	43.1	267	4.53e-66	202
C288__k141_223244_29	B2UN60	42.5	294	4.59e-78	236
C288__k141_223244_30	B2UN62	46.0	302	3.32e-101	296
C288__k141_223244_31	B2ULK6	67.9	374	1.02e-179	501
C288__k141_223244_32	B2ULK5	37.2	218	3.01e-40	134
C288__k141_223244_33	B2ULK4	37.8	278	1.07e-64	202
C288__k141_223244_34	B2UMH2	60.9	713	0.0	897
C288__k141_223244_35	B2UP06	49.6	133	3.49e-41	132
C288__k141_223244_36	B2UPF9	47.5	408	2.36e-122	359
C288__k141_223244_37	B2UPF8	51.5	227	5.81e-77	228
C288__k141_223244_38	B2ULS2	55.3	510	2.89e-194	549
C288__k141_223244_44	B2UMA1	57.0	493	6.36e-193	543
C288__k141_223244_45	B2UM10	48.0	748	7.71e-223	639
C288__k141_223244_46	B2UP05	62.2	357	1.77e-164	460
C288__k141_223244_48	B2UMJ4	77.6	629	0.0	1016
C288__k141_223244_49	B2UMJ5	68.6	156	4.43e-77	226
C288__k141_223244_51	B2UP80	43.3	393	4.24e-90	275
C288__k141_223244_52	B2UP81	60.4	1041	0.0	1175
C288__k141_223244_53	B2UP82	53.2	464	2.85e-170	484
C288__k141_223244_54	B2UR33	70.6	310	5.77e-165	459
C288__k141_223244_55	B2UM29	74.0	855	0.0	1338
C288__k141_223244_57	B2UPS6	60.4	144	7.70e-60	178
C288__k141_223244_58	B2UP60	51.6	153	1.33e-53	163
C288__k141_223244_59	B2UP62	38.7	173	1.17e-32	111
C288__k141_223244_61	B2UNL7	46.9	241	2.89e-61	189
C288__k141_223244_62	B2UM89	42.8	512	1.92e-139	413
C288__k141_223244_64	B2UKM2	72.8	206	3.06e-114	321
C288__k141_223244_65	B2UP40	51.8	382	2.49e-146	417
C288__k141_223244_68	B2UKT4	66.7	942	0.0	1249
C288__k141_223244_71	B2ULL7	70.1	422	3.21e-201	558
C288__k141_223244_72	B2ULL8	73.4	560	1.23e-306	837
C288__k141_223244_73	B2ULL9	69.4	546	6.63e-264	729
C288__k141_223244_74	B2UP97	40.2	256	1.73e-51	169
C288__k141_223244_75	B2UKW5	35.3	116	9.28e-13	60.1
C288__k141_223244_76	B2UMC3	75.8	165	5.96e-91	258
C288__k141_223244_81	B2UKT7	51.6	279	1.23e-98	287
C288__k141_223244_82	B2UKT6	36.8	163	1.59e-31	108
C288__k141_223244_83	B2UL36	47.8	423	4.21e-140	404
C288__k141_223244_85	B2UMN1	36.6	464	1.80e-76	270
C288__k141_223244_86	B2UR32	50.0	460	6.25e-148	427
C288__k141_223244_87	B2UMH4	71.3	296	1.98e-151	422
C288__k141_223244_88	B2UMH5	73.0	393	5.67e-202	558
C288__k141_223244_89	B2UPY9	30.2	384	4.82e-44	159
C288__k141_223244_92	B2UL67	45.3	349	5.94e-112	328
C288__k141_223244_93	B2ULV6	55.1	594	1.06e-228	642
C288__k141_223244_94	B2ULV7	54.0	604	6.85e-228	641
C288__k141_223244_96	B2ULN6	51.6	275	1.60e-89	265
C288__k141_223244_98	B2UP63	67.7	167	6.71e-75	218
C288__k141_223244_99	B2UN43	54.1	185	1.80e-60	184
C288__k141_223244_102	B2UNZ9	43.0	595	3.04e-168	489
C288__k141_223244_103	B2UPL0	36.5	310	3.61e-45	158
C288__k141_223244_104	B2UNU2	59.2	424	8.03e-166	469
C288__k141_223244_106	B2UQG1	39.8	347	5.93e-74	252
C288__k141_223244_108	B2UQG1	40.0	330	5.61e-84	269
C288__k141_223244_111	B2URK5	82.4	336	4.37e-201	551
C288__k141_223244_112	B2URK7	44.2	226	2.76e-68	206
C288__k141_223244_113	B2UKU3	51.0	384	2.01e-122	356
C288__k141_223244_114	B2UMW7	36.4	970	2.02e-185	557
C288__k141_223244_115	B2UMW8	50.0	244	2.08e-81	241
C288__k141_223244_118	B2UL57	61.2	206	2.70e-86	252
C288__k141_223244_119	B2UN87	53.6	140	1.23e-48	152
C288__k141_223244_120	B2ULA5	64.1	223	1.07e-110	313
C288__k141_223244_121	B2ULA6	51.5	485	4.08e-163	468
C288__k141_223244_122	B2UN67	42.6	148	2.13e-32	124
C288__k141_223244_123	B2UN68	50.2	203	7.02e-61	186
C288__k141_223244_125	B2UN70	55.2	181	4.11e-67	200
C288__k141_223244_126	B2UMZ8	46.2	312	3.50e-77	235
C288__k141_223244_127	B2ULH0	31.4	239	1.90e-35	124
C288__k141_223244_128	B2ULA2	28.8	278	8.93e-36	125
C288__k141_223244_129	B2UNH2	73.6	360	1.63e-201	554
C288__k141_223244_130	B2UNH3	61.8	123	8.74e-61	179
C288__k141_223244_131	B2UNH4	68.1	946	0.0	1314
C288__k141_223244_133	B2ULS4	52.3	428	1.14e-161	460
C288__k141_223244_134	B2UM13	53.2	573	4.42e-219	617
C288__k141_223244_135	B2ULU2	70.0	120	5.48e-63	184
C288__k141_223244_136	B2UM34	50.0	332	2.03e-111	326
C288__k141_223244_137	B2UQK1	67.9	918	0.0	1273
C288__k141_223244_138	B2UPU6	48.0	698	9.80e-232	659
C288__k141_223244_140	B2UPS7	33.6	238	3.59e-42	140
C288__k141_42250_4	B2UPZ3	58.3	103	8.39e-40	124
C288__k141_42250_6	B2UPZ5	56.2	226	4.34e-92	266
C288__k141_42250_7	B2UPZ6	31.1	267	5.13e-27	107
C288__k141_42250_11	B2UNZ4	52.1	142	1.16e-46	145
C288__k141_42250_13	B2UPU6	65.2	698	0.0	934
C288__k141_42250_14	B2UL08	62.6	147	5.50e-57	174
C288__k141_42250_15	B2UL09	66.9	387	1.16e-161	455
C288__k141_42250_16	B2UL10	58.1	248	6.41e-100	288
C288__k141_42250_17	B2UL11	56.8	329	3.20e-128	366
C288__k141_42250_18	B2UPA4	63.5	373	8.70e-176	491
C288__k141_42250_22	B2UQ68	64.2	173	1.44e-63	190
C288__k141_42250_23	B2UPU5	67.0	440	5.92e-229	630
C288__k141_42250_24	B2URK9	72.1	305	9.91e-162	449
C288__k141_42250_25	B2URK8	60.0	472	5.85e-200	559
C288__k141_42250_28	B2UQQ2	65.7	102	1.17e-41	130
C288__k141_42250_29	B2UQQ3	65.1	688	7.87e-304	840
C288__k141_42250_30	B2UQQ4	60.4	427	2.02e-179	503
C288__k141_528162_2	B2UNI0	41.4	481	5.45e-126	382
C288__k141_528162_3	B2UN93	62.1	277	1.96e-111	320
C288__k141_528162_4	B2URM5	85.9	852	0.0	1469
C288__k141_528162_5	B2URM6	86.1	851	0.0	1437
C288__k141_528162_6	B2UPE4	23.4	1177	7.08e-43	169
C288__k141_528162_8	B2UR29	31.5	742	5.15e-85	280
C288__k141_528162_9	B2UN01	38.2	217	8.29e-42	141
C288__k141_528162_12	B2UNB9	36.5	104	9.23e-12	57.8
C288__k141_610428_1	B2UR84	30.1	1461	3.54e-144	494
C288__k141_610428_5	B2UN92	50.3	340	1.13e-107	317
C288__k141_610428_7	B2UP53	53.1	307	1.48e-104	305
C288__k141_610428_8	B2UN88	60.9	215	1.60e-95	275
C288__k141_610428_9	B2UN89	74.2	132	1.92e-69	202
C288__k141_610428_10	B2UMR6	55.7	300	2.72e-112	323
C288__k141_610428_11	B2UMR7	80.4	97	5.61e-52	155
C288__k141_610428_13	B2UM62	46.0	430	7.36e-124	363
C288__k141_610428_14	B2UPP2	47.3	186	1.02e-64	196
C288__k141_610428_15	B2UPP2	41.3	150	3.39e-41	135
C288__k141_610428_16	B2UPP1	72.7	183	6.11e-94	268
C288__k141_610428_17	B2UM33	76.0	647	0.0	1020
C288__k141_610428_18	B2ULG6	38.9	270	9.56e-49	168
C288__k141_610428_24	B2UM70	48.3	151	2.61e-45	143
C288__k141_610428_25	B2UL83	40.7	728	1.07e-185	545
C288__k141_610428_27	B2UM73	45.4	293	1.42e-85	256
C288__k141_610428_28	B2UM72	30.0	397	2.02e-44	158
C288__k141_610428_29	B2UL89	77.7	291	3.94e-170	469
C288__k141_610428_30	B2UL88	84.6	364	7.49e-234	636
C288__k141_610428_31	B2UL87	86.9	306	7.63e-192	525
C288__k141_490033_1	B2UPP9	80.2	283	7.38e-180	493
C288__k141_490033_2	B2URI6	43.3	420	1.98e-102	306
C288__k141_490033_3	B2UQJ5	35.8	123	3.20e-22	82.8
C288__k141_490033_4	B2UL33	31.3	294	1.18e-32	120
C288__k141_490033_5	B2URH2	45.5	503	5.69e-125	370
C288__k141_490033_7	B2UMX0	47.6	286	2.09e-88	262
C288__k141_490033_8	B2UML8	59.9	591	4.67e-249	694
C288__k141_490033_9	B2UML9	72.7	88	8.82e-42	129
C288__k141_490033_10	B2UMM0	60.3	315	4.94e-133	377
C288__k141_490033_11	B2UL55	76.9	307	6.12e-166	460
C288__k141_490033_14	B2UMG2	66.7	114	6.28e-55	163
C288__k141_490033_15	B2UKT9	67.5	582	7.70e-286	787
C288__k141_490033_16	B2UP20	37.8	259	6.63e-55	174
C288__k141_490033_17	B2UR57	53.3	334	3.02e-105	307
C288__k141_490033_18	B2UP30	44.6	267	2.69e-65	202
C288__k141_490033_19	B2UQ15	73.8	325	9.84e-179	494
C288__k141_490033_21	B2ULP8	70.1	311	9.35e-164	455
C288__k141_490033_22	B2UN86	51.4	451	6.62e-172	487
C288__k141_490033_24	B2UMG6	43.7	444	1.52e-116	357
C288__k141_490033_25	B2UQE0	40.6	229	1.37e-48	156
C288__k141_490033_27	B2UNF2	57.3	349	1.22e-137	392
C288__k141_490033_28	B2URI5	47.4	310	1.17e-96	284
C288__k141_490033_29	B2UNF1	63.8	282	1.54e-129	365
C288__k141_490033_30	B2UNF0	32.6	298	1.32e-47	157
C288__k141_490033_31	B2UNE9	45.7	151	1.73e-39	128
C288__k141_490033_32	B2UNE8	72.3	390	4.08e-215	592
C288__k141_490033_33	B2UNE7	75.3	551	0.0	894
C288__k141_490033_34	B2ULN1	50.3	453	2.33e-169	481
C288__k141_490033_35	B2UNE5	74.0	643	0.0	888
C288__k141_490033_39	B2UL73	69.7	383	4.77e-190	532
C288__k141_490033_40	B2UKU7	79.4	592	0.0	954
C288__k141_490033_41	B2UKU8	69.6	421	5.61e-220	606
C288__k141_490033_43	B2UM06	66.8	561	3.43e-278	765
C288__k141_490033_48	B2ULA9	40.3	941	3.01e-216	638
C288__k141_490033_49	B2UNI9	61.8	178	2.05e-77	225
C288__k141_490033_53	B2ULC4	56.2	219	4.31e-79	233
C288__k141_490033_54	B2ULC3	58.9	151	4.28e-53	162
C288__k141_490033_55	B2UMM1	60.4	445	5.12e-205	571
C288__k141_490033_56	B2UMM2	62.5	280	3.53e-122	347
C288__k141_490033_58	B2UPE4	28.5	344	1.22e-10	63.5
C288__k141_490033_60	B2UNP1	52.8	271	1.72e-90	267
C288__k141_490033_61	B2UMM9	56.9	253	1.48e-95	280
C288__k141_490033_67	B2UL59	73.6	159	4.00e-85	245
C288__k141_490033_68	B2UNA9	78.5	708	0.0	1100
C288__k141_490033_69	B2UPD2	63.9	97	8.95e-38	120
C288__k141_490033_70	B2UPY5	54.7	667	5.52e-250	702
C288__k141_490033_76	B2ULY2	49.0	545	1.03e-159	462
C288__k141_490033_77	B2ULY1	27.3	304	1.45e-27	104
C288__k141_490033_78	B2ULY0	56.0	259	7.79e-64	197
C288__k141_490033_79	B2ULX9	51.6	192	2.60e-60	186
C288__k141_490033_82	B2ULC6	71.3	320	6.33e-172	476
C288__k141_490033_83	B2ULU7	36.4	321	1.69e-51	169
C288__k141_490033_85	B2UR26	31.1	309	5.98e-34	129
C288__k141_490033_86	B2UP04	30.0	257	7.67e-28	104
C288__k141_490033_87	B2UP03	70.6	235	1.58e-120	339
C288__k141_490033_88	B2UP02	79.1	770	0.0	1217
C288__k141_490033_89	B2UP01	68.0	147	4.43e-71	207
C288__k141_490033_90	B2UP00	78.7	235	8.23e-133	370
C288__k141_490033_91	B2UN84	33.6	146	1.60e-17	74.7
C288__k141_490033_92	B2UP91	57.8	370	6.55e-159	447
C288__k141_490033_95	B2UP92	65.5	206	3.11e-101	288
C288__k141_490033_96	B2UN02	37.0	486	1.34e-94	298
C288__k141_490033_97	B2UN91	65.3	430	1.77e-210	583
C288__k141_490033_98	B2UN75	44.4	437	5.90e-118	355
C288__k141_490033_100	B2UM12	55.0	440	1.67e-169	481
C288__k141_490033_102	B2UPR9	60.5	365	3.42e-158	445
C288__k141_490033_104	B2UNY8	54.9	273	4.75e-106	308
C288__k141_490033_105	B2UM19	42.8	283	6.79e-69	211
C288__k141_490033_106	B2UNN8	72.9	473	4.30e-254	697
C288__k141_490033_109	B2UP09	83.8	513	9.35e-312	847
C288__k141_490033_110	B2UP08	76.9	338	3.17e-178	494
C288__k141_490033_113	B2UPP4	54.1	340	8.78e-123	354
C288__k141_490033_114	B2UQ18	74.3	257	1.30e-130	367
C288__k141_490033_115	B2ULU3	75.6	308	3.65e-158	441
C288__k141_490033_116	B2ULU4	71.9	303	2.56e-161	448
C288__k141_490033_117	B2ULU5	44.3	636	1.43e-193	555
C288__k141_490033_119	B2ULD3	75.1	398	1.16e-220	606
C288__k141_490033_120	B2UMC9	70.9	553	1.17e-298	816
C288__k141_490033_121	B2UMC7	70.7	345	2.95e-187	517
C288__k141_490033_122	B2UMA0	46.9	258	1.63e-78	234
C288__k141_490033_123	B2UM99	58.4	550	5.20e-191	539
C288__k141_490033_124	B2UM98	71.7	106	7.53e-23	83.6
C288__k141_490033_126	B2UM96	72.9	521	1.46e-279	765
C288__k141_490033_127	B2UM95	67.6	139	3.07e-65	191
C288__k141_490033_129	B2ULZ2	45.1	370	4.24e-98	300
C288__k141_490033_130	B2UPS9	79.8	431	1.96e-243	670
C288__k141_490033_131	B2UPU0	47.0	362	7.51e-107	315
C288__k141_490033_132	B2URB1	36.8	394	3.72e-79	245
C288__k141_490033_133	B2ULA1	63.0	740	0.0	933
C288__k141_490033_134	B2UN32	72.3	242	1.02e-131	368
C288__k141_490033_135	B2UQJ0	28.8	326	1.73e-30	126
C288__k141_490033_138	B2UM41	27.0	671	1.31e-49	183
C288__k141_490033_141	B2UKX3	23.5	324	1.12e-14	72.8
C288__k141_490033_142	B2UQ76	28.2	255	1.98e-18	79.3
C288__k141_490033_145	B2ULN3	61.4	176	3.01e-73	215
C288__k141_490033_147	B2UMZ4	47.7	1177	0.0	1039
C288__k141_490033_148	B2UMZ5	72.1	136	1.89e-72	209
C288__k141_490033_149	B2UMZ6	51.5	260	1.11e-84	251
C288__k141_490033_150	B2UL69	55.3	745	2.13e-273	769
C288__k141_490033_151	B2UM55	62.7	346	2.19e-147	416
C288__k141_490033_152	B2UM54	56.7	238	8.74e-89	259
C288__k141_490033_153	B2UM53	50.8	262	4.99e-91	267
C288__k141_490033_154	B2UNR7	74.0	1183	0.0	1773
C288__k141_490033_156	B2UKW8	88.9	397	7.11e-255	692
C288__k141_490033_157	B2UKW7	90.1	333	1.60e-221	603
C288__k141_490033_158	B2UKV5	44.1	640	1.16e-181	527
C288__k141_490033_163	B2UL92	76.0	504	9.47e-288	785
C288__k141_490033_164	B2UMH6	65.3	429	3.18e-187	524
C288__k141_490033_166	B2UQT7	67.7	248	2.36e-112	319
C288__k141_490033_171	B2UN79	35.2	318	7.26e-50	175
C288__k141_490033_172	B2UNS1	78.3	913	0.0	1425
C288__k141_490033_173	B2UN05	66.2	385	1.11e-194	540
C288__k141_490033_177	B2UN04	70.0	290	1.69e-86	257
C288__k141_490033_179	B2UN08	50.5	317	2.25e-99	295
C288__k141_327978_2	B2ULI3	44.6	269	7.66e-78	234
C288__k141_327978_4	B2ULL3	63.8	141	4.77e-66	194
C288__k141_327978_5	B2ULL2	63.1	233	8.51e-105	302
C288__k141_327978_6	B2ULL0	60.3	68	1.06e-19	74.7
C288__k141_327978_7	B2ULK9	82.7	150	3.51e-91	258
C288__k141_327978_8	B2UMR3	61.3	124	3.71e-58	175
C288__k141_327978_9	B2UMR5	52.3	151	2.96e-48	153
C288__k141_327978_11	B2UL51	47.5	354	4.52e-103	305
C288__k141_327978_12	B2UL52	54.3	317	8.13e-118	342
C288__k141_327978_13	B2URB4	33.3	213	6.12e-28	102
C288__k141_327978_15	B2UNV0	50.5	220	7.55e-70	213
C288__k141_327978_16	B2UMA6	63.4	243	7.00e-114	323
C288__k141_327978_17	B2UMA5	69.3	319	3.65e-171	475
C288__k141_327978_19	B2UQZ6	65.8	304	1.57e-149	419
C288__k141_327978_21	B2UNX0	58.1	372	2.23e-148	421
C288__k141_327978_23	B2UNH1	82.0	373	4.73e-218	597
C288__k141_327978_24	B2UQQ5	67.9	252	4.62e-138	385
C288__k141_327978_25	B2UQQ6	67.7	198	5.31e-98	280
C288__k141_327978_27	B2UP39	73.3	341	1.82e-182	504
C288__k141_327978_28	B2UP38	60.4	839	0.0	949
C288__k141_327978_29	B2UMB7	56.2	258	1.23e-84	250
C288__k141_327978_35	B2UPX5	63.6	291	5.36e-130	367
C288__k141_327978_36	B2UPX6	78.2	225	5.02e-123	345
C288__k141_327978_37	B2UQR2	33.6	613	1.13e-108	337
C288__k141_327978_39	B2UQR0	58.8	594	5.31e-236	660
C288__k141_327978_40	B2UKM4	25.7	478	1.46e-40	150
C288__k141_327978_42	B2UPW1	55.5	355	1.65e-139	398
C288__k141_327978_43	B2UPW0	53.3	381	6.12e-137	392
C288__k141_327978_45	B2UPV8	60.0	433	2.18e-179	504
C288__k141_327978_46	B2UPL5	56.8	347	5.90e-128	367
C288__k141_327978_47	B2UPL4	51.3	460	3.31e-141	409
C288__k141_327978_48	B2UPL3	52.9	486	1.17e-182	518
C288__k141_327978_49	B2UPL2	41.0	673	3.85e-153	456
C288__k141_327978_51	B2UPL0	47.8	506	3.55e-156	452
C288__k141_327978_52	B2UPK9	41.1	151	9.80e-41	130
C288__k141_327978_54	B2ULK8	65.9	185	4.32e-93	266
C288__k141_327978_56	B2UP18	63.7	212	1.87e-94	271
C288__k141_327978_58	B2UM21	50.0	330	1.02e-111	325
C288__k141_327978_59	B2UKZ7	64.1	415	4.00e-188	525
C288__k141_327978_62	B2UR61	59.8	757	0.0	928
C288__k141_327978_63	B2UMY4	81.9	270	7.60e-170	467
C288__k141_327978_64	B2UMY5	32.0	241	1.57e-28	106
C288__k141_327978_65	B2UNV0	43.9	214	5.02e-55	177
C288__k141_327978_66	B2ULJ2	58.5	472	4.04e-207	578
C288__k141_327978_67	B2UNG5	84.0	125	2.78e-70	203
C288__k141_327978_68	B2UNG4	75.5	184	1.91e-90	258
C288__k141_327978_69	B2UNG3	76.8	203	3.47e-113	318
C288__k141_327978_70	B2UNH8	69.9	555	5.55e-271	752
C288__k141_327978_71	B2UN29	81.4	242	4.14e-145	404
C288__k141_327978_73	B2ULR7	67.0	531	1.30e-255	705
C288__k141_327978_74	B2UNP5	43.7	197	4.36e-52	163
C288__k141_327978_75	B2UNP6	55.1	341	9.53e-123	353
C288__k141_327978_76	B2UNP7	51.2	207	1.34e-69	207
C288__k141_327978_77	B2UPW6	52.2	312	7.09e-103	301
C288__k141_327978_78	B2UPW7	54.0	176	1.65e-63	194
C288__k141_327978_79	B2UN50	27.0	293	8.34e-21	87.8
C288__k141_327978_81	B2UN48	53.6	168	8.27e-60	183
C288__k141_327978_83	B2UQW6	58.0	250	7.66e-105	301
C288__k141_327978_84	B2UQJ0	29.6	692	3.23e-81	280
C288__k141_327978_85	B2ULV5	67.1	654	1.99e-316	870
C288__k141_327978_86	B2ULX6	53.1	322	1.35e-123	355
C288__k141_327978_87	B2ULX5	44.5	308	4.30e-90	274
C288__k141_327978_88	B2URH6	62.8	145	4.39e-65	191
C288__k141_327978_89	B2UMN6	81.1	524	0.0	889
C288__k141_327978_91	B2ULM2	80.2	384	5.64e-229	626
C288__k141_327978_92	B2UNR5	42.3	168	9.84e-48	152
C288__k141_327978_95	B2UPW9	68.8	189	7.91e-96	274
C288__k141_327978_96	B2UPW8	77.2	470	2.35e-279	760
C288__k141_327978_97	B2UNE2	81.6	76	1.17e-35	112
C288__k141_327978_98	B2UPD3	56.5	352	3.68e-139	400
C288__k141_327978_99	B2UL53	79.5	356	9.85e-209	573
C288__k141_327978_100	B2UL54	60.6	137	3.54e-46	143
C288__k141_327978_104	B2URF4	38.3	1033	2.37e-219	649
C288__k141_327978_105	B2URF5	52.8	72	1.26e-28	98.6
C288__k141_327978_106	B2UR05	52.7	493	3.92e-174	497
C288__k141_327978_107	B2UR04	38.7	173	1.88e-25	99.8
C288__k141_327978_111	B2UPN7	74.3	436	1.48e-237	652
C288__k141_327978_112	B2UPI4	34.7	317	4.17e-64	204
C288__k141_327978_113	B2URK4	66.4	292	8.76e-136	382
C288__k141_327978_114	B2UL30	72.4	359	1.49e-190	526
C288__k141_327978_115	B2UL29	55.4	296	9.26e-106	309
C288__k141_327978_116	B2UNP4	71.0	390	1.37e-220	605
C288__k141_327978_117	B2UNP3	66.8	304	6.94e-152	424
C288__k141_327978_118	B2UNA1	62.8	1174	0.0	1480
C288__k141_327978_119	B2UM79	49.4	160	2.73e-45	143
C288__k141_327978_120	B2UL40	61.5	278	2.25e-123	350
C288__k141_327978_121	B2ULK0	34.9	393	8.84e-62	200
C288__k141_327978_123	B2UKW6	74.5	196	7.82e-103	292
C288__k141_327978_125	B2UN24	25.2	298	1.19e-26	102
C288__k141_327978_129	B2UQH0	69.5	413	2.81e-219	604
C288__k141_327978_133	B2UPI1	58.8	114	2.33e-44	137
C288__k141_327978_134	B2UM60	29.7	390	1.31e-35	140
C288__k141_327978_135	B2UQF3	41.4	710	4.68e-188	548
C288__k141_327978_136	B2UP52	48.0	415	9.17e-130	378
C288__k141_327978_137	B2UQ87	64.1	510	8.02e-225	625
C288__k141_327978_138	B2UQ86	43.3	270	9.39e-68	209
C288__k141_327978_139	B2URF0	81.9	612	0.0	1057
C288__k141_327978_141	B2UNJ1	51.7	325	1.17e-112	328
C288__k141_327978_142	B2UNJ2	32.9	837	6.22e-125	397
C288__k141_327978_143	B2UMD6	57.0	298	2.30e-104	321
C288__k141_327978_144	B2URE3	77.4	297	2.30e-166	460
C288__k141_327978_145	B2UN97	63.6	437	3.19e-194	542
C288__k141_327978_150	B2UR61	56.7	772	1.44e-319	888
C288__k141_248016_4	B2UQE5	54.4	351	3.44e-133	380
C288__k141_248016_5	B2URF6	58.0	419	5.06e-173	487
C288__k141_248016_6	B2UQL5	51.6	409	2.16e-135	390
C288__k141_248016_7	B2UR72	51.6	438	6.67e-148	425
C288__k141_248016_8	B2URC2	36.4	387	5.41e-73	234
C288__k141_248022_1	B2URG5	51.8	560	3.24e-205	580
C288__k141_248022_2	B2UMH7	45.0	258	4.46e-66	204
C288__k141_248022_3	B2UQ23	74.6	331	2.75e-181	501
C288__k141_248022_4	B2UNA3	56.0	207	3.78e-81	238
C288__k141_248022_5	B2UQP6	61.3	173	1.51e-72	216
C288__k141_248022_6	B2UM41	44.2	834	3.75e-241	692
C288__k141_227938_1	B2UMI5	24.6	558	2.48e-35	143
C288__k141_227938_4	B2UQC2	26.2	675	3.56e-51	193
C288__k141_227938_6	B2ULS5	59.7	236	2.87e-103	296
C288__k141_227938_7	B2UQW7	78.2	165	9.20e-96	271
C288__k141_227938_8	B2UQW8	66.3	668	5.85e-311	857
C288__k141_227938_9	B2UL82	44.8	192	4.47e-48	152
C288__k141_227938_11	B2ULD2	62.8	164	1.41e-74	217
C288__k141_227938_14	B2UPS4	84.1	548	0.0	942
C288__k141_227938_15	B2UR37	72.3	423	1.38e-209	582
C288__k141_227938_16	B2UR38	45.2	199	4.58e-52	162
C288__k141_227938_18	B2UR39	50.4	918	1.54e-291	825
C288__k141_227938_19	B2UR40	36.7	341	1.33e-55	181
C288__k141_227938_21	B2UR42	44.4	599	5.75e-165	480
C288__k141_227938_22	B2UR43	33.7	172	3.20e-28	104
C288__k141_227938_23	B2UR44	61.5	353	6.65e-160	449
C288__k141_227938_24	B2UR45	49.8	329	2.53e-116	337
C288__k141_227938_25	B2URM3	25.7	647	2.68e-38	154
C288__k141_227938_26	B2UM40	27.2	580	1.61e-51	194
C288__k141_227938_28	B2UNQ8	32.8	180	1.00e-25	100
C288__k141_227938_31	B2UP56	43.0	149	1.81e-41	132
C288__k141_227938_32	B2UPV0	40.6	266	1.40e-60	191
C288__k141_227938_35	B2UPZ9	70.2	356	1.72e-199	551
C288__k141_227938_36	B2UR61	24.0	761	4.05e-32	129
C288__k141_227938_37	B2URM9	39.6	937	3.86e-229	682
C288__k141_227938_41	B2UQ30	77.5	351	1.60e-192	531
C288__k141_227938_42	B2UKM8	74.3	416	3.84e-232	636
C288__k141_227938_43	B2UQG6	52.3	547	6.36e-198	561
C288__k141_227938_45	B2UNB9	25.1	487	2.79e-40	150
C288__k141_227938_46	B2UMX6	41.4	748	3.31e-171	508
C288__k141_227938_47	B2UQG9	48.9	131	3.15e-33	110
C288__k141_227938_48	B2UN42	49.3	681	1.72e-224	638
C288__k141_227938_51	B2UNB6	53.5	254	1.50e-89	262
C288__k141_227938_52	B2URD1	62.1	132	2.83e-58	174
C288__k141_227938_53	B2URD2	62.4	356	3.71e-157	441
C288__k141_227938_54	B2URD3	58.7	235	1.36e-96	279
C288__k141_227938_55	B2URD4	76.3	613	0.0	930
C288__k141_591580_1	B2ULF5	32.7	502	2.70e-70	233
C288__k141_228062_1	B2UPE4	24.4	913	2.02e-33	139
C288__k141_228062_2	B2UNF7	70.6	463	3.20e-238	656
C288__k141_228062_3	B2UNF6	54.5	400	5.53e-139	400
C288__k141_228062_4	B2ULT4	47.4	268	4.21e-87	260
C288__k141_228062_5	B2UL47	49.8	219	2.94e-70	211
C288__k141_228062_6	B2UM75	65.8	114	4.33e-50	153
C288__k141_228062_7	B2UMK3	64.1	451	8.31e-211	586
C288__k141_228062_9	B2UM69	67.5	459	1.30e-236	653
C288__k141_228062_10	B2UM68	67.1	343	1.14e-156	439
C288__k141_228062_11	B2URJ2	68.7	712	0.0	990
C288__k141_228062_12	B2URJ3	68.2	1463	0.0	2003
C288__k141_228062_13	B2ULA2	32.5	292	5.02e-36	126
C288__k141_228062_14	B2URC5	54.2	404	5.37e-165	470
C288__k141_228062_15	B2UMZ9	70.3	498	2.11e-249	688
C288__k141_228062_16	B2UQP4	26.6	429	1.92e-26	105
C288__k141_228062_18	B2UL49	48.1	241	6.22e-72	222
C288__k141_228062_20	B2UPD6	28.2	177	6.91e-11	60.5
C288__k141_228062_21	B2UQJ0	32.4	683	1.21e-85	292
C288__k141_228062_23	B2UMN5	64.1	217	3.61e-92	266
C288__k141_228062_24	B2UMN3	78.3	391	1.81e-220	605
C288__k141_228062_25	B2UMN2	62.7	161	6.18e-68	200
C288__k141_228062_27	B2UNH9	46.0	252	3.36e-81	241
C288__k141_228062_28	B2UMG9	31.9	279	3.24e-47	157
C288__k141_228062_29	B2UMU5	75.6	508	2.11e-287	785
C288__k141_228062_30	B2UQG8	57.2	360	3.25e-145	413
C288__k141_228062_31	B2UQ12	50.7	469	2.11e-162	464
C288__k141_228062_33	B2UPJ2	35.1	134	4.32e-24	98.2
C288__k141_228062_34	B2UR55	32.4	293	1.82e-36	145
C288__k141_228062_37	B2UPC8	58.3	127	5.11e-50	153
C288__k141_228062_38	B2UQ95	48.8	217	2.89e-59	182
C288__k141_228062_39	B2UQ94	56.0	334	1.76e-129	370
C288__k141_228062_40	B2UNU0	32.2	267	4.60e-41	144
C288__k141_228062_41	B2UQ93	63.6	143	4.29e-67	196
C288__k141_228062_44	B2ULQ8	30.6	1042	9.75e-126	406
C288__k141_228062_45	B2UMB4	30.6	1048	4.31e-131	420
C288__k141_228062_46	B2UP80	30.6	291	2.25e-38	139
C288__k141_228062_47	B2UP90	64.7	439	1.24e-203	567
C288__k141_228062_48	B2ULX2	39.8	1429	7.05e-285	840
C288__k141_228062_50	B2UPT1	48.6	319	2.78e-101	298
C288__k141_228062_53	B2UNX2	50.6	168	7.68e-61	183
C288__k141_228062_54	B2ULJ9	25.9	2102	8.18e-164	558
C288__k141_228062_55	B2UP57	29.7	445	3.54e-48	172
C288__k141_228062_57	B2UQC6	74.4	227	2.26e-120	338
C288__k141_228062_58	B2UQC5	56.9	887	0.0	953
C288__k141_228062_61	B2UR83	55.2	277	3.22e-94	297
C288__k141_228062_69	B2UQ04	80.7	342	8.88e-187	515
C288__k141_228062_70	B2UNL4	44.0	300	8.04e-84	252
C288__k141_228062_71	B2UPE5	63.4	511	3.96e-237	658
C288__k141_228062_72	B2UPE6	57.5	181	5.58e-68	202
C288__k141_228062_73	B2UPX1	58.5	460	4.23e-195	550
C288__k141_228062_74	B2UPX2	33.8	468	1.68e-74	242
C288__k141_228062_75	B2UPX3	50.3	376	4.92e-129	372
C288__k141_228062_77	B2UM18	72.7	260	1.92e-131	369
C288__k141_228062_78	B2URP8	57.3	321	8.91e-138	390
C288__k141_228062_79	B2URP9	35.3	156	2.11e-23	86.7
C288__k141_228062_80	B2ULL9	39.1	494	2.71e-108	332
C288__k141_228062_81	B2ULL7	24.8	427	6.95e-41	147
C288__k141_228062_84	B2URC2	36.3	449	1.34e-89	278
C288__k141_228062_85	B2UNG6	50.4	343	1.53e-114	333
C288__k141_228062_86	B2UNB3	54.9	521	1.81e-210	592
C288__k141_228062_87	B2UPA3	38.1	84	1.37e-12	56.2
C288__k141_228062_88	B2UP98	59.3	81	5.94e-27	91.3
C288__k141_228062_89	B2UP99	60.5	512	3.82e-227	635
C288__k141_228062_90	B2UP36	55.4	157	5.38e-59	181
C288__k141_228062_94	B2UPA1	47.6	191	1.90e-54	169
C288__k141_228062_95	B2UN26	32.9	861	6.18e-121	381
C288__k141_228062_97	B2ULM5	59.1	198	1.78e-83	243
C288__k141_228062_98	B2UML6	73.5	302	3.71e-158	440
C288__k141_228062_99	B2UML5	61.9	134	1.17e-57	172
C288__k141_228062_102	B2ULJ6	30.2	1011	1.54e-111	363
C288__k141_228062_103	B2ULJ5	36.7	900	2.36e-155	481
C288__k141_228062_105	B2UNQ9	55.6	250	4.10e-84	248
C288__k141_228062_106	B2UNR0	52.5	162	4.27e-58	176
C288__k141_228062_107	B2UN46	68.8	634	0.0	904
C288__k141_228062_110	B2UNU4	31.0	242	7.25e-35	123
C288__k141_228062_111	B2UNU3	62.6	187	1.05e-77	227
C288__k141_228062_112	B2UM02	73.4	557	4.83e-274	764
C288__k141_228062_114	B2UKM1	47.2	252	3.90e-75	229
C288__k141_228062_115	B2UKM0	77.6	241	2.58e-129	362
C288__k141_228062_116	B2UKL9	74.5	188	3.39e-92	263
C288__k141_228062_117	B2URQ6	69.8	106	3.97e-52	155
C288__k141_228062_120	B2UNQ8	63.6	1258	0.0	1548
C288__k141_228062_123	B2UPR5	41.7	115	2.32e-26	92.0
C288__k141_228062_124	B2UQA6	59.6	1236	0.0	1489
C288__k141_471956_2	B2UL01	46.6	928	1.53e-277	788
C288__k141_471956_4	B2UM87	44.9	127	2.68e-36	120
C288__k141_471956_5	B2UM88	61.9	407	6.34e-192	534
C288__k141_471956_8	B2UKY5	78.8	326	9.76e-185	509
C288__k141_471956_9	B2ULL5	61.8	306	4.24e-138	390
C288__k141_471956_14	B2UQA7	65.2	158	7.86e-75	217
C288__k141_471956_16	B2ULS1	38.4	490	1.75e-106	321
C288__k141_471956_17	B2ULS0	42.1	378	7.28e-105	315
C288__k141_471956_18	B2UKX3	49.6	838	4.45e-267	760
C288__k141_471956_22	B2UPI5	36.9	347	8.78e-55	182
C288__k141_471956_23	B2UQU9	21.0	639	2.09e-17	83.2
C288__k141_471956_24	B2UPW5	85.3	334	1.47e-205	564
C288__k141_471956_25	B2UL43	55.4	298	3.38e-104	303
C288__k141_471956_27	B2URF2	55.7	682	6.63e-249	701
C288__k141_471956_28	B2URF1	50.2	225	2.13e-78	231
C288__k141_392367_1	B2UMI4	31.0	268	9.04e-35	128
C288__k141_392367_2	B2UMM8	62.7	507	1.39e-235	652
C288__k141_392367_3	B2UMM7	58.1	172	2.18e-70	213
C288__k141_392367_4	B2UM23	62.7	83	2.48e-26	89.4
C288__k141_392367_5	B2UL85	79.6	451	7.15e-249	683
C288__k141_392367_6	B2UP27	85.6	425	3.99e-275	746
C288__k141_392367_7	B2UME3	65.8	155	1.26e-72	211
C288__k141_392367_8	B2UM24	52.8	197	3.09e-65	196
C288__k141_392367_9	B2URJ7	90.2	61	1.41e-34	109
C288__k141_392367_10	B2URJ6	61.0	105	8.01e-35	114
C288__k141_392367_12	B2URJ4	48.9	653	1.21e-181	525
C288__k141_392367_13	B2UR16	39.7	619	2.49e-139	417
C288__k141_392367_16	B2UMD1	71.7	113	8.05e-58	171
C288__k141_392367_22	B2UM56	56.7	314	1.85e-121	349
C288__k141_392367_23	B2UM57	58.2	879	0.0	994
C288__k141_392367_24	B2UPV4	40.8	213	1.67e-43	153
C288__k141_392367_33	B2UP52	49.3	408	1.01e-134	390
C288__k141_392367_35	B2UQ70	42.9	212	3.17e-59	182
C288__k141_392367_36	B2UL26	56.8	285	4.22e-120	342
C288__k141_392367_38	B2ULE6	47.4	346	1.88e-81	256
C288__k141_392367_39	B2UQP8	46.2	487	3.83e-155	447
C288__k141_27918_3	B2UQR9	54.9	308	6.52e-116	335
C288__k141_27918_4	B2UQR8	64.5	665	6.97e-313	862
C288__k141_27918_6	B2UNV2	60.6	104	2.18e-44	136
C288__k141_27918_7	B2UNV3	89.9	79	5.03e-50	149
C288__k141_27918_11	B2UMU4	96.8	126	3.41e-86	243
C288__k141_27918_12	B2UMU3	85.4	157	3.91e-99	278
C288__k141_27918_13	B2UMU2	81.0	714	0.0	1160
C288__k141_27918_14	B2UMU1	90.2	102	4.27e-61	178
C288__k141_27918_15	B2UMU0	67.5	212	1.11e-100	287
C288__k141_27918_16	B2UMT9	82.0	205	2.84e-110	310
C288__k141_27918_17	B2UMT8	77.7	94	1.43e-44	135
C288__k141_27918_18	B2UMT7	84.5	278	9.66e-176	482
C288__k141_27918_19	B2UMT6	92.1	89	9.30e-59	171
C288__k141_27918_20	B2UMT5	56.3	231	3.74e-84	247
C288__k141_27918_21	B2UMT4	76.6	111	3.02e-54	161
C288__k141_27918_22	B2UMT3	81.8	209	3.19e-124	348
C288__k141_27918_23	B2UMT2	89.0	127	3.83e-81	231
C288__k141_27918_24	B2UMT1	80.0	60	1.87e-26	88.2
C288__k141_27918_25	B2UMT0	81.1	90	6.00e-44	134
C288__k141_27918_26	B2UMS9	90.2	112	4.13e-68	197
C288__k141_27918_27	B2UQM2	78.4	74	4.58e-39	120
C288__k141_27918_28	B2UQM3	82.7	191	3.73e-114	319
C288__k141_27918_29	B2UQM4	75.2	133	8.63e-71	205
C288__k141_27918_30	B2UQM5	70.9	179	3.06e-86	248
C288__k141_27918_31	B2UQM6	75.0	120	1.74e-57	170
C288__k141_27918_32	B2UQM7	86.3	161	8.13e-93	265
C288__k141_27918_33	B2UQM8	77.6	152	1.50e-80	231
C288__k141_27918_34	B2UQN0	65.8	497	4.67e-213	595
C288__k141_27918_35	B2UQN1	54.2	212	8.55e-79	232
C288__k141_27918_36	B2UQN2	66.2	263	1.95e-124	351
C288__k141_27918_43	B2UPQ0	52.3	302	1.85e-108	317
C288__k141_27918_46	B2UQL0	65.5	177	3.12e-82	238
C288__k141_27918_47	B2UQ09	49.6	232	8.55e-77	228
C288__k141_27918_48	B2UN23	40.4	319	1.66e-73	226
C288__k141_27918_53	B2UPZ1	68.9	454	2.36e-232	640
C288__k141_27918_54	B2ULM4	80.1	362	1.25e-222	608
C288__k141_27918_68	B2UPM7	31.6	396	2.46e-58	197
C288__k141_27918_69	B2UKY4	44.8	440	2.28e-125	367
C288__k141_27918_71	B2UPB7	51.3	195	1.19e-64	196
C288__k141_27918_72	B2UPB6	50.3	762	2.67e-253	720
C288__k141_27918_73	B2UPB5	71.5	242	3.07e-125	353
C288__k141_27918_74	B2UPB8	54.4	195	1.06e-69	212
C288__k141_311314_1	B2UMI4	30.6	268	4.18e-34	126
C288__k141_311314_2	B2UPQ9	76.8	375	8.58e-222	609
C288__k141_311314_3	B2UPR0	80.5	585	0.0	1018
C288__k141_311314_4	B2UPR1	56.4	390	6.77e-165	464
C288__k141_311314_5	B2UPR2	50.3	157	3.02e-49	154
C288__k141_311314_6	B2UPR3	50.9	106	4.26e-37	118
C288__k141_311314_7	B2UKU9	64.6	263	8.15e-117	331
C288__k141_311314_8	B2UKV0	45.5	774	5.23e-220	634
C288__k141_311314_9	B2UKV1	70.3	74	2.21e-35	112
C288__k141_311314_10	B2UKV2	58.9	353	8.91e-150	423
C288__k141_311314_11	B2UKV3	62.1	354	4.71e-152	429
C288__k141_311314_12	B2URM3	25.6	821	1.47e-34	143
C288__k141_311317_5	B2ULJ0	88.4	69	6.25e-37	115
C288__k141_311317_6	B2ULJ1	84.3	127	6.50e-70	202
C288__k141_311317_7	B2ULK7	69.6	148	8.98e-80	229
C288__k141_311317_9	B2ULZ9	65.2	420	9.22e-208	576
C288__k141_311317_10	B2UPR7	75.8	749	0.0	1216
C288__k141_311317_13	B2UKY7	42.2	604	1.90e-156	461
C288__k141_311317_15	B2ULX7	28.7	645	2.44e-50	186
C288__k141_311317_17	B2UNR1	60.0	437	1.12e-175	496
C288__k141_311317_18	B2UNR2	75.1	405	2.59e-213	588
C288__k141_311317_28	B2URI4	47.8	230	9.91e-73	219
C288__k141_311317_29	B2ULB3	59.1	269	8.58e-111	318
C288__k141_311317_30	B2ULB2	62.5	248	5.19e-111	317
C288__k141_311317_32	B2ULB0	43.9	330	1.40e-93	278
C288__k141_311317_33	B2UMD2	65.9	449	1.85e-225	624
C288__k141_311317_34	B2UNY9	34.4	157	1.09e-28	102
C288__k141_311317_35	B2ULU8	83.7	406	1.43e-265	720
C288__k141_311317_36	B2UML3	67.0	667	0.0	972
C288__k141_311317_37	B2UPU8	75.4	585	0.0	903
C288__k141_311317_38	B2UPU7	32.9	474	1.82e-68	229
C288__k141_311317_40	B2UNN4	46.0	163	1.15e-40	132
C288__k141_311317_41	B2UQG5	64.3	350	2.17e-171	479
C288__k141_311317_42	B2UQJ6	65.2	833	0.0	1082
C288__k141_311317_43	B2UN95	35.0	274	3.05e-46	153
C288__k141_311317_44	B2URF2	33.7	421	6.56e-64	227
C288__k141_311317_45	B2UNA4	28.1	185	7.55e-24	92.4
C288__k141_311317_46	B2UQR4	35.4	79	2.81e-13	59.7
C288__k141_311317_49	B2ULS2	56.2	495	2.25e-189	536
C288__k141_311317_54	B2UL03	60.0	125	3.17e-44	142
C288__k141_311317_56	B2UP10	61.7	366	1.65e-163	459
C288__k141_311317_57	B2ULM1	44.4	142	1.55e-33	113
C288__k141_311317_58	B2UP59	75.6	328	1.52e-177	491
C288__k141_311317_60	B2UR34	80.7	150	3.90e-90	258
C288__k141_311317_61	B2UN63	66.1	537	2.92e-255	706
C288__k141_311317_62	B2UPP6	78.0	422	1.53e-247	676
C288__k141_311317_63	B2UQH4	38.5	618	1.80e-125	389
C288__k141_311317_64	B2UP73	70.7	505	5.18e-265	727
C288__k141_311317_65	B2UR62	40.1	451	2.32e-114	340
C288__k141_311317_66	B2ULU0	76.9	390	5.67e-223	611
C288__k141_311317_67	B2ULT9	47.9	307	1.79e-93	277
C288__k141_311317_69	B2UP87	34.9	109	3.78e-22	83.2
C288__k141_311317_70	B2UQQ7	48.1	185	7.00e-56	174
C288__k141_311317_71	B2UNU6	58.3	276	6.40e-117	337
C288__k141_311317_73	B2ULT3	53.0	304	6.93e-90	266
C288__k141_311317_74	B2UKX2	38.7	398	1.82e-90	276
C288__k141_311317_77	B2UMR1	52.7	110	3.67e-35	113
C288__k141_311317_78	B2UMR2	79.1	345	2.92e-211	579
C288__k141_311317_79	B2UPF2	55.3	295	6.51e-100	291
C288__k141_311317_80	B2UPF1	28.6	276	1.24e-21	88.2
C288__k141_311317_82	B2UPF0	78.6	457	1.18e-262	717
C288__k141_311317_84	B2ULP8	29.2	168	5.20e-15	71.2
C288__k141_311317_88	B2UQI8	74.0	1023	0.0	1447
C288__k141_311317_89	B2UQI7	54.7	364	1.60e-116	341
C288__k141_311317_91	B2URE8	55.7	122	4.10e-41	129
C288__k141_311317_92	B2URE7	72.1	244	1.82e-126	355
C288__k141_311317_93	B2URE6	81.7	515	1.13e-311	846
C288__k141_311317_94	B2UQH2	79.8	188	6.23e-109	306
C288__k141_311317_95	B2UMK1	63.0	100	3.16e-43	136
C288__k141_311317_98	B2UNU8	59.7	720	7.88e-318	883
C288__k141_311317_102	B2UQT2	67.9	265	7.26e-139	388
C288__k141_311317_103	B2UQT1	51.3	78	1.64e-18	69.3
C288__k141_311317_104	B2UQ53	34.2	272	1.72e-49	161
C288__k141_311317_105	B2UKU0	53.2	216	6.49e-75	222
C288__k141_311317_106	B2UNB0	69.5	82	3.11e-37	116
C288__k141_311317_109	B2UN27	68.9	90	2.13e-40	125
C288__k141_311317_110	B2UM07	55.8	721	5.63e-274	771
C288__k141_311317_111	B2UP65	48.1	206	6.06e-74	219
C288__k141_311317_112	B2UP64	75.1	398	5.66e-217	600
C288__k141_311317_113	B2UMX2	48.7	875	7.57e-294	830
C288__k141_311317_114	B2UNP0	29.5	485	3.51e-47	178
C288__k141_311317_115	B2UN40	55.0	618	6.46e-219	618
C288__k141_311317_116	B2UN39	71.8	592	6.03e-318	868
C288__k141_311317_117	B2UN37	65.7	469	1.78e-225	625
C288__k141_311317_118	B2UN36	70.0	270	4.51e-145	404
C288__k141_311317_119	B2UPN2	80.3	137	1.17e-80	230
C288__k141_311317_120	B2UNW0	41.3	317	1.30e-76	234
C288__k141_311317_121	B2ULM6	53.3	490	2.78e-192	541
C288__k141_311317_122	B2ULB6	65.3	844	0.0	1058
C288__k141_311317_123	B2ULB5	43.5	329	8.13e-89	268
C288__k141_311317_125	B2UNS9	55.3	694	2.03e-258	724
C288__k141_311317_126	B2UNS8	83.9	713	0.0	1194
C288__k141_311317_128	B2UNY2	51.1	659	1.90e-226	654
C288__k141_311317_129	B2UNP2	36.6	421	3.26e-94	295
C288__k141_311317_131	B2UKX0	56.6	615	5.63e-267	743
C288__k141_311317_132	B2ULJ7	49.2	303	8.59e-104	302
C288__k141_311317_134	B2UQD7	45.2	168	8.99e-46	145
C288__k141_311317_135	B2UQD6	74.0	150	3.21e-80	231
C288__k141_311317_136	B2UL91	37.9	240	4.20e-43	142
C288__k141_311317_137	B2UP76	58.7	346	9.88e-143	404
C288__k141_311317_140	B2UNG2	45.5	246	2.74e-69	210
C288__k141_311317_141	B2UPT9	66.7	93	1.81e-41	129
C288__k141_311317_142	B2UPT8	42.6	176	1.70e-49	159
C288__k141_311317_143	B2UPT7	42.2	187	8.59e-48	151
C288__k141_311317_144	B2UPT6	71.4	168	1.79e-94	270
C288__k141_311317_154	B2ULS8	70.7	638	0.0	925
C288__k141_594944_6	B2UP07	34.9	791	1.09e-124	397
C288__k141_594944_8	B2UQS8	79.8	253	6.41e-155	427
C288__k141_594944_9	B2UQS9	82.7	652	0.0	1115
C288__k141_594944_10	B2UQT0	52.5	236	1.15e-81	240
C288__k141_594944_11	B2UNX1	44.8	154	5.38e-43	137
C288__k141_594944_12	B2UQB6	44.8	344	8.18e-97	288
C288__k141_594944_13	B2UM60	59.0	763	0.0	949
C288__k141_594944_14	B2UPF7	56.2	169	2.03e-67	199
C288__k141_594944_15	B2UQP7	72.1	426	8.08e-226	623
C288__k141_594944_16	B2URP8	37.5	341	2.70e-59	192
C288__k141_594944_17	B2UL70	56.1	196	3.40e-64	194
C288__k141_594944_18	B2UMI2	46.9	712	3.16e-232	661
C288__k141_594944_19	B2ULR9	44.4	126	3.57e-30	102
C288__k141_594944_20	B2ULR8	70.8	336	1.29e-182	505
C288__k141_594944_22	B2URH0	38.2	131	9.00e-29	106
C288__k141_594944_24	B2URD5	53.2	269	6.97e-98	285
C288__k141_594944_25	B2UNW1	35.1	450	4.43e-85	264
C288__k141_594944_26	B2URI3	68.5	162	7.92e-79	228
C288__k141_594944_27	B2URI2	62.3	252	1.35e-114	325
C288__k141_594944_28	B2URI1	36.7	580	3.04e-113	348
C288__k141_594944_29	B2URI0	42.3	788	7.38e-210	610
C288__k141_594944_30	B2URH9	50.7	138	1.02e-38	125
C288__k141_594944_31	B2URH8	51.4	249	4.49e-79	236
C288__k141_594944_33	B2URH7	55.0	493	4.66e-184	521
C288__k141_594944_34	B2UQZ8	64.6	48	5.47e-12	53.1
C288__k141_594944_39	B2UR84	37.2	1533	1.83e-306	929
C288__k141_594944_41	B2UR83	49.3	284	1.56e-88	278
C288__k141_594944_42	B2UR83	43.1	552	1.71e-148	442
C288__k141_594944_44	B2UR81	71.8	348	4.13e-202	555
C288__k141_594944_47	B2UR52	81.5	556	0.0	922
C288__k141_594944_48	B2UPQ2	61.9	181	7.69e-81	234
C288__k141_594944_49	B2UL25	59.1	93	5.08e-36	114
C288__k141_594944_50	B2UP75	46.2	437	2.30e-136	397
C288__k141_594944_52	B2UR15	59.4	540	3.42e-238	662
C288__k141_515361_2	B2UPC3	33.8	234	1.98e-34	119
C288__k141_515361_3	B2UM85	56.3	151	2.17e-53	169
C288__k141_515361_4	B2UM84	73.5	910	0.0	1383
C288__k141_515361_6	B2ULH3	55.3	371	1.06e-144	412
C288__k141_515361_7	B2UP42	62.2	609	5.03e-271	751
C288__k141_515361_8	B2ULX7	57.9	736	2.08e-299	841
C288__k141_515361_9	B2ULX8	48.9	370	3.76e-112	334
C288__k141_515361_14	B2UQA1	61.4	697	0.0	895
C288__k141_515361_17	B2UMX7	55.7	228	2.67e-93	271
C288__k141_515361_18	B2UQJ0	34.9	679	5.06e-97	322
C288__k141_515361_19	B2UQ44	40.9	154	2.33e-34	115
C288__k141_515361_20	B2UP94	75.0	100	7.36e-48	145
C288__k141_515361_22	B2UR63	53.8	169	1.02e-58	178
C288__k141_515361_23	B2UN66	66.7	135	8.38e-57	172
C288__k141_515361_26	B2UQB8	57.1	182	3.07e-75	224
C288__k141_515361_28	B2URD7	55.8	649	5.46e-254	712
C288__k141_515361_29	B2UP16	72.0	254	3.22e-122	345
C288__k141_515361_30	B2UP15	58.4	149	1.76e-51	158
C288__k141_515361_31	B2UP14	53.2	154	4.21e-55	167
C288__k141_515361_32	B2UP12	30.1	1065	2.43e-118	386
C288__k141_515361_34	B2UQJ2	67.8	227	2.61e-100	289
C288__k141_515361_36	B2UP35	78.9	487	3.32e-283	771
C288__k141_515361_37	B2UKX7	47.3	357	9.43e-105	309
C288__k141_515361_41	B2UL76	39.7	378	3.13e-92	278
C288__k141_515361_42	B2UMJ2	75.4	325	1.45e-179	496
C288__k141_515361_44	B2UQP3	40.3	186	3.17e-39	129
C288__k141_515361_47	B2ULS7	49.0	51	4.27e-11	52.8
C288__k141_515361_48	B2UQX2	70.6	469	1.34e-253	695
C288__k141_515361_49	B2UM32	68.5	403	2.70e-211	582
C288__k141_515361_50	B2UPW2	68.1	767	0.0	1058
C288__k141_515361_51	B2UPW3	61.9	307	5.42e-129	366
C288__k141_515361_52	B2UPW4	29.1	261	1.61e-40	144
C288__k141_515361_53	B2ULU7	31.4	306	1.13e-45	154
C288__k141_515361_54	B2UPD7	49.7	179	1.09e-50	158
C288__k141_515361_55	B2UPD8	72.4	468	2.20e-176	502
C288__k141_515361_58	B2UMA7	68.8	462	3.58e-237	654
C288__k141_515361_59	B2UQD9	78.4	454	1.56e-263	719
C288__k141_515361_60	B2UPE2	52.4	191	8.90e-70	216
C288__k141_515361_61	B2UNR8	55.6	306	5.12e-109	316
C288__k141_515361_62	B2UNR9	47.9	330	1.04e-107	315
C288__k141_515361_63	B2UPC5	24.9	345	2.18e-17	80.9
C288__k141_515361_66	B2UQI2	44.3	271	5.83e-90	265
C288__k141_515361_67	B2UQD8	57.4	552	1.99e-207	587
C288__k141_515361_68	B2UQ43	39.7	317	1.80e-87	262
C288__k141_515361_71	B2UQ39	78.7	507	1.84e-304	827
C288__k141_515361_72	B2UQ38	77.8	481	6.83e-263	720
C288__k141_515361_76	B2UPD1	57.3	262	7.96e-106	305
C288__k141_515361_77	B2UPD0	60.8	74	1.17e-28	95.9
C288__k141_515361_78	B2ULV7	35.0	509	1.27e-93	296
C288__k141_515361_84	B2ULZ6	33.4	770	6.34e-110	361
C288__k141_515361_85	B2ULQ6	50.0	450	4.07e-147	424
C288__k141_515361_86	B2ULQ5	62.1	454	6.23e-191	535
C288__k141_515361_87	B2ULQ4	78.1	224	2.05e-125	351
C288__k141_515361_88	B2ULQ3	48.5	452	4.19e-122	360
C288__k141_515361_90	B2UQ69	38.1	640	3.43e-143	434
C288__k141_515361_91	B2UL07	59.2	76	1.60e-28	95.5
C288__k141_515361_92	B2UL06	63.7	259	1.39e-121	345
C288__k141_515361_93	B2UQE6	29.7	669	3.60e-64	223
C288__k141_515361_95	B2URC8	87.8	74	3.63e-47	140
C288__k141_515361_96	B2URC9	83.9	87	5.94e-50	149
C288__k141_515361_97	B2URD0	60.4	321	2.23e-124	356
C288__k141_515361_104	B2ULM5	62.7	209	3.49e-99	285
C288__k141_515361_105	B2UMI9	37.8	373	1.94e-69	234
C288__k141_515361_106	B2UMJ0	56.4	227	4.88e-92	266
C288__k141_515361_111	B2UND5	50.9	324	6.93e-115	333
C288__k141_515361_112	B2UND4	65.4	246	1.05e-109	314
C288__k141_515361_113	B2UND3	71.9	249	1.41e-126	356
C288__k141_515361_115	B2ULQ7	50.4	377	6.38e-137	392
C288__k141_515361_116	B2UQU9	75.0	1311	0.0	2039
C288__k141_515361_119	B2UQV7	54.4	103	3.61e-37	118
C288__k141_515361_122	B2UL14	51.0	400	2.21e-134	389
C288__k141_515361_123	B2UL15	68.0	453	1.01e-223	619
C288__k141_515361_124	B2UL16	46.6	208	9.19e-61	185
C288__k141_515361_125	B2UQA8	42.1	458	2.19e-110	333
C288__k141_515361_128	B2UPG7	58.8	228	1.17e-89	263
C288__k141_515361_129	B2URH1	55.0	222	5.27e-84	246
C288__k141_515361_131	B2UR29	30.3	742	1.16e-83	276
C288__k141_515361_132	B2UPD6	44.4	502	3.96e-130	409
C288__k141_515361_133	B2UPD6	42.4	924	4.95e-252	745
C288__k141_515361_136	B2UMJ8	34.6	419	2.21e-59	196
C288__k141_515361_137	B2UNK9	65.4	381	5.65e-177	494
C288__k141_515361_139	B2UQB4	59.5	363	2.13e-147	417
C288__k141_515361_141	B2UNC3	63.3	463	5.00e-224	620
C288__k141_515361_142	B2UNC2	81.8	198	9.64e-113	319
C288__k141_516198_1	B2URM3	25.9	528	2.63e-15	76.6
C288__k141_516198_2	B2UQY1	80.0	1372	0.0	2196
C288__k141_516198_3	B2UQY2	80.0	1293	0.0	2034
C288__k141_516198_4	B2UQY3	77.4	124	1.01e-53	161
C288__k141_516198_5	B2UQY4	72.0	164	1.70e-81	234
C288__k141_516198_6	B2UQY5	80.7	233	1.17e-130	364
C288__k141_516198_7	B2UQY6	83.1	142	5.30e-83	236
C288__k141_516198_8	B2UQY7	58.2	189	1.31e-78	229
C288__k141_516198_9	B2UQY8	67.1	73	8.56e-33	104
C288__k141_516198_10	B2UQY9	85.8	394	2.15e-255	693
C288__k141_516198_11	B2ULC8	65.4	257	9.69e-116	329
C288__k141_516198_12	B2ULC7	36.7	150	1.72e-23	87.0
C288__k141_516198_13	B2UPK8	44.6	258	8.13e-77	231
C288__k141_516198_14	B2ULG5	37.3	474	2.78e-88	275
C288__k141_516198_15	B2UPK7	44.3	212	1.07e-58	181
C288__k141_516198_16	B2UM09	55.9	846	0.0	931
C288__k141_516198_17	B2ULB7	32.7	709	2.67e-112	356
C288__k141_516198_21	B2UPR7	35.3	683	1.46e-105	333
C288__k141_516198_22	B2ULI6	42.6	373	3.24e-98	294
C288__k141_516198_24	B2URC6	39.4	264	7.95e-51	169
C288__k141_516198_27	B2UQA9	47.9	353	3.47e-106	314
C288__k141_516198_28	B2UQB0	65.4	612	1.46e-296	816
C288__k141_516198_30	B2UM47	39.7	353	1.49e-89	270
C288__k141_516198_31	B2UPI3	67.3	410	2.32e-215	595
C288__k141_516198_32	B2UQB1	42.6	350	3.17e-87	263
C288__k141_516198_33	B2UQB2	46.9	207	3.34e-29	108
C288__k141_516198_34	B2UR51	66.7	231	7.01e-114	322
C288__k141_516198_35	B2UR50	48.5	408	3.83e-124	362
C288__k141_516198_36	B2UQG1	48.1	745	5.08e-261	736
C288__k141_516198_39	B2UMS6	63.7	989	0.0	1313
C288__k141_516198_43	B2UKX6	60.5	253	1.59e-121	345
C288__k141_516198_44	B2URH8	28.4	201	8.94e-08	47.0
C288__k141_516198_50	B2UQC1	37.8	333	1.45e-75	234
C288__k141_516198_51	B2UNB4	22.7	943	8.90e-29	122
C288__k141_516198_53	B2UQS5	62.7	150	1.27e-64	191
C288__k141_516198_55	B2UQS3	58.8	170	3.80e-74	217
C288__k141_516198_56	B2UQS2	78.8	80	5.12e-36	113
C288__k141_516198_57	B2UNL3	41.3	121	1.26e-17	70.1
C288__k141_537654_1	B2UKY8	37.9	768	3.48e-191	561
C288__k141_537654_2	B2UKY9	55.4	204	5.62e-77	226
C288__k141_537654_3	B2UNA6	58.8	622	5.53e-271	762
C288__k141_537654_4	B2URM9	56.6	1133	0.0	1335
C288__k141_537654_5	B2URM9	31.7	599	8.54e-78	273
C288__k141_537654_6	B2UPH2	47.2	324	4.30e-98	289
C288__k141_537654_7	B2UPH1	73.9	142	8.09e-77	222
C288__k141_537654_10	B2UPG8	66.1	230	1.72e-113	321
C288__k141_537654_11	B2UMA4	75.1	349	5.03e-204	560
C288__k141_537654_12	B2UP17	65.0	206	1.82e-88	256
C288__k141_537654_13	B2UNL5	71.9	437	1.43e-231	637
C288__k141_537654_14	B2UQL8	36.9	887	9.93e-180	538
C288__k141_537654_15	B2UM14	37.4	776	2.08e-157	476
C288__k141_537654_16	B2UM16	35.7	221	3.40e-47	152
C288__k141_537654_17	B2UM17	74.5	290	8.64e-155	430
C288__k141_537654_18	B2UPE9	34.3	583	9.24e-91	300
C288__k141_537654_19	B2UP32	46.4	293	1.49e-81	245
C288__k141_537654_20	B2UQA2	79.1	253	3.29e-141	394
C288__k141_333189_1	B2URM3	26.0	712	9.02e-20	92.8
C288__k141_333189_2	B2UPE4	23.4	1492	1.92e-36	149
C288__k141_333189_5	B2UPY2	68.3	278	2.05e-144	404
C288__k141_333189_6	B2UPY3	69.5	455	1.04e-233	644
C288__k141_333189_7	B2ULF1	68.9	212	3.06e-108	308
C288__k141_333189_8	B2ULD4	44.4	871	5.68e-253	728
C288__k141_333189_9	B2UMX5	62.2	135	2.27e-60	179
C288__k141_333189_11	B2UPN4	72.8	533	3.33e-290	794
C288__k141_333189_13	B2UMG3	63.7	353	3.58e-155	436
C288__k141_333189_14	B2UMG4	49.7	185	7.90e-56	172
C288__k141_333189_21	B2UP88	57.6	578	1.30e-223	629
C288__k141_333189_22	B2URP7	43.3	208	4.03e-48	154
C288__k141_333189_23	B2URP6	77.9	253	1.14e-144	402
C288__k141_333189_24	B2URP5	75.7	321	2.51e-173	479
C288__k141_333189_25	B2URP4	57.0	789	7.40e-313	871
C288__k141_333189_26	B2URP3	64.9	584	4.65e-271	749
C288__k141_333189_27	B2URP2	88.1	227	8.92e-149	411
C288__k141_333189_28	B2URP1	42.9	219	4.55e-56	174
C288__k141_333189_35	B2UR81	66.6	347	1.08e-183	508
C288__k141_333189_36	B2URM9	29.0	568	9.10e-60	217
C288__k141_333189_37	B2UMJ9	71.7	382	4.91e-191	530
C288__k141_333189_38	B2UM08	38.7	313	1.87e-55	179
C288__k141_333189_40	B2UQF3	39.4	708	2.94e-159	479
C288__k141_333189_41	B2UNQ0	47.7	155	1.31e-49	153
C288__k141_333189_42	B2ULS2	56.0	498	2.81e-195	551
C288__k141_333189_43	B2UR00	76.2	1048	0.0	1559
C288__k141_333189_44	B2UR01	59.6	366	1.07e-143	417
C288__k141_333189_45	B2UR02	54.4	419	1.54e-159	453
C288__k141_333189_48	B2UNQ5	52.4	143	4.79e-49	151
C288__k141_333189_49	B2URB6	46.3	283	2.66e-86	256
C288__k141_333189_50	B2UQ27	54.0	124	6.72e-45	142
C288__k141_333189_51	B2UQ19	56.6	424	5.46e-159	452
C288__k141_333189_52	B2UM60	54.7	769	1.91e-317	882
C288__k141_333189_53	B2UMS6	59.7	988	0.0	1247
C288__k141_333189_55	B2UN01	51.2	201	1.77e-76	230
C288__k141_333189_57	B2UKW0	64.4	741	5.74e-319	883
C288__k141_333189_64	B2URG2	79.8	614	0.0	992
C288__k141_333189_65	B2UR67	64.1	446	8.10e-211	585
C288__k141_333189_66	B2UR68	39.9	163	5.98e-35	116
C288__k141_333189_67	B2UR69	58.1	86	5.53e-30	98.6
C288__k141_333189_68	B2UR70	45.2	93	5.23e-14	67.8
C288__k141_333189_82	B2URJ9	35.9	170	4.83e-26	105
C288__k141_333189_83	B2UQP5	61.2	381	2.01e-177	495
C288__k141_333189_84	B2UQP5	63.4	380	8.74e-186	516
C288__k141_333189_85	B2URM9	61.9	1151	0.0	1477
C288__k141_333189_87	B2URN0	55.5	595	4.31e-243	681
C288__k141_333189_88	B2URN1	50.5	364	2.86e-119	347
C288__k141_333189_91	B2ULM3	55.9	521	5.49e-201	566
C288__k141_333189_95	B2ULF3	28.7	164	2.65e-12	67.0
C288__k141_333189_105	B2UQC8	69.3	566	1.73e-297	814
C288__k141_333189_106	B2UQC9	76.4	698	0.0	1005
C288__k141_333189_107	B2UQD0	61.6	185	9.81e-78	227
C288__k141_215138_3	B2UNE5	35.5	93	1.65e-07	49.7
C288__k141_215138_6	B2UMI0	45.3	53	2.62e-12	54.3
C288__k141_293949_2	B2UKM6	55.6	171	2.07e-61	185
C288__k141_293949_3	B2UNT8	45.9	405	1.91e-109	323
C288__k141_293949_6	B2UNT9	68.3	202	1.02e-94	272
C288__k141_293949_7	B2UNU0	66.5	370	2.35e-183	509
C288__k141_293949_8	B2UQT6	59.1	386	1.08e-169	477
C288__k141_293949_12	B2UKZ6	75.2	347	4.61e-192	529
C288__k141_293949_13	B2ULZ5	59.4	283	1.99e-129	365
C288__k141_293949_14	B2UM93	85.8	113	3.40e-66	192
C288__k141_293949_16	B2UPT0	73.5	306	2.81e-168	466
C288__k141_293949_17	B2URE5	69.0	145	1.59e-65	193
C288__k141_293949_19	B2UPE1	81.6	293	4.42e-172	474
C288__k141_293949_21	B2UNL9	79.2	77	3.30e-44	134
C288__k141_293949_22	B2UNM0	35.8	120	3.09e-23	86.7
C288__k141_293949_23	B2UPN5	53.1	507	1.75e-178	509
C288__k141_293949_24	B2UP72	48.2	469	2.13e-166	475
C288__k141_293949_27	B2UMD4	63.5	52	1.41e-16	64.7
C288__k141_293949_28	B2UMS7	72.5	890	0.0	1342
C288__k141_293949_30	B2UR65	39.7	519	5.91e-100	306
C288__k141_293949_31	B2UR65	45.9	381	5.14e-96	296
C288__k141_293949_33	B2ULP9	50.0	320	5.99e-103	301
C288__k141_293949_34	B2UNV0	43.9	237	1.90e-63	197
C288__k141_293949_36	B2UQ45	67.7	353	5.04e-172	479
C288__k141_293949_37	B2UQ21	52.5	345	2.19e-108	318
C288__k141_293949_38	B2UQ22	63.7	432	8.28e-206	571
C288__k141_293949_39	B2ULH1	26.1	614	9.19e-37	149
C288__k141_293949_40	B2UPK2	53.4	290	2.84e-106	308
C288__k141_293949_42	B2UPK4	73.4	361	9.58e-195	537
C288__k141_293949_43	B2UPK5	61.9	449	1.55e-186	523
C288__k141_293949_45	B2UN61	47.0	677	2.70e-202	580
C288__k141_293949_46	B2URG3	76.3	257	1.30e-141	394
C288__k141_293949_47	B2UMX9	69.3	827	0.0	1116
C288__k141_293949_48	B2URM9	30.2	636	7.61e-75	265
C288__k141_293949_49	B2URM9	30.8	640	1.54e-76	270
C288__k141_293949_50	B2UQ31	68.4	374	2.25e-184	513
C288__k141_293949_51	B2UP65	30.7	163	1.82e-16	72.0
C288__k141_293949_53	B2UPA8	46.0	493	9.75e-135	404
C288__k141_293949_54	B2UQ37	52.7	150	1.05e-50	156
C288__k141_293949_55	B2UPZ7	47.6	403	4.70e-120	352
C288__k141_293949_56	B2UPZ7	52.3	377	5.20e-134	388
C288__k141_293949_57	B2UPZ7	52.9	408	2.85e-141	406
C288__k141_293949_58	B2UPI7	70.2	506	1.59e-269	738
C288__k141_293949_61	B2UN17	71.8	149	2.56e-78	226
C288__k141_293949_62	B2UN11	62.5	168	7.33e-82	237
C288__k141_293949_63	B2UN10	61.6	378	2.44e-155	439
C288__k141_293949_65	B2UNF3	57.5	459	5.76e-181	512
C288__k141_293949_66	B2UND2	65.5	345	5.35e-102	301
C288__k141_293949_67	B2UND1	41.0	178	6.16e-36	122
C288__k141_293949_68	B2UND0	59.1	281	1.46e-110	317
C288__k141_293949_69	B2UNC9	71.0	214	1.88e-109	310
C288__k141_293949_70	B2ULH5	34.0	586	2.26e-104	326
C288__k141_293949_71	B2UQT9	78.5	535	4.59e-308	838
C288__k141_293949_72	B2UNC5	56.6	212	7.02e-88	254
C288__k141_293949_73	B2UNC7	56.3	268	7.78e-104	300
C288__k141_293949_74	B2UPA5	61.4	1185	0.0	1449
C288__k141_293949_75	B2ULI5	61.3	124	4.02e-52	157
C288__k141_293949_77	B2ULG6	48.1	187	1.31e-53	175
C288__k141_293949_78	B2UPJ1	59.6	374	5.44e-157	443
C288__k141_293949_79	B2UPJ0	71.0	328	3.41e-163	455
C288__k141_293949_80	B2UPI9	82.8	338	4.56e-204	559
C288__k141_293949_81	B2UQX8	54.4	57	5.44e-15	61.2
C288__k141_293949_82	B2UR55	31.2	340	1.53e-45	176
C288__k141_293949_83	B2URA4	45.6	838	8.39e-258	736
C288__k141_293949_84	B2URA5	36.6	588	4.64e-119	361
C288__k141_293949_85	B2URA6	42.9	275	2.80e-72	221
C288__k141_293949_86	B2UMD9	76.5	327	2.11e-182	504
C288__k141_293949_87	B2UMD8	67.4	227	5.71e-116	327
C288__k141_293949_88	B2UQS6	48.1	104	6.46e-26	103
C288__k141_215613_2	B2UR84	30.0	661	7.65e-53	201
C288__k141_215613_5	B2ULG2	78.9	744	0.0	1091
C288__k141_215613_6	B2UQE2	79.7	424	3.37e-242	663
C288__k141_215613_9	B2UKM5	62.0	71	5.03e-28	93.2
C288__k141_215613_11	B2URC7	63.1	501	4.51e-247	684
C288__k141_475898_5	B2UL60	44.9	470	9.57e-133	389
C288__k141_475898_6	B2UP40	34.3	385	1.27e-62	203
C288__k141_475898_7	B2UPB4	47.3	854	9.68e-231	666
C288__k141_475898_9	B2UQ16	89.4	312	9.96e-166	462
C288__k141_475898_11	B2UM25	70.4	612	0.0	880
C288__k141_475898_12	B2UN58	68.2	466	2.69e-221	613
C288__k141_475898_13	B2UN57	60.9	537	4.89e-229	638
C288__k141_475898_14	B2UN56	55.4	689	4.16e-288	806
C288__k141_475898_15	B2UN55	75.7	321	1.11e-177	491
C288__k141_475898_16	B2UN54	77.9	321	1.93e-183	506
C288__k141_475898_21	B2UMS3	50.5	210	8.19e-69	207
C288__k141_475898_22	B2UMS2	35.2	142	3.83e-28	97.8
C288__k141_475898_25	B2UMV5	65.3	479	4.74e-217	603
C288__k141_475898_26	B2UMV6	70.8	322	9.73e-166	461
C288__k141_475898_27	B2ULR5	87.4	135	2.91e-82	234
C288__k141_475898_28	B2ULR4	58.5	171	1.02e-66	198
C288__k141_475898_29	B2ULR3	79.1	306	2.44e-179	494
C288__k141_475898_30	B2ULR2	52.6	407	2.80e-145	417
C288__k141_475898_31	B2ULR1	50.0	220	2.77e-80	236
C288__k141_475898_32	B2UL80	34.7	190	1.49e-38	129
C288__k141_475898_36	B2UR84	61.1	54	5.26e-18	73.2
C288__k141_475898_47	B2ULT6	51.0	733	1.94e-271	762
C288__k141_475898_48	B2ULT5	39.5	659	4.18e-166	488
C288__k141_475898_49	B2UPQ1	61.1	296	1.26e-125	357
C288__k141_475898_50	B2UPQ0	77.1	327	3.71e-181	501
C288__k141_475898_51	B2UMX3	76.3	152	8.86e-83	239
C288__k141_475898_55	B2UNQ7	38.1	181	4.68e-32	120
C288__k141_475898_56	B2UNQ7	40.1	182	6.04e-36	131
C288__k141_475898_58	B2UQK3	65.0	354	4.45e-176	491
C288__k141_475898_64	B2UMP9	42.4	337	1.97e-83	257
C288__k141_475898_66	B2UNJ4	56.2	89	1.62e-30	100
C288__k141_475898_67	B2UMP7	26.2	164	3.81e-08	47.8
C288__k141_475898_68	B2UMP6	34.9	109	9.32e-09	45.8
C288__k141_475898_70	B2UMP4	64.1	468	3.38e-216	601
C288__k141_475898_71	B2UP29	64.4	253	1.25e-115	328
C288__k141_475898_72	B2UQR6	61.5	410	7.95e-173	485
C288__k141_475898_73	B2UP28	51.8	407	9.04e-144	413
C288__k141_475898_76	B2UME1	83.5	562	0.0	906
C288__k141_475898_78	B2UL66	77.2	302	9.82e-176	485
C288__k141_475898_80	B2ULZ0	71.1	412	7.72e-217	597
C288__k141_475898_81	B2ULY9	52.1	188	5.92e-69	205
C288__k141_475898_82	B2ULY8	69.3	466	4.11e-264	721
C288__k141_475898_83	B2ULY7	60.7	560	1.79e-246	685
C288__k141_475898_84	B2ULY6	62.6	423	2.83e-191	533
C288__k141_475898_85	B2ULY5	60.4	187	2.27e-72	213
C288__k141_475898_86	B2ULY4	42.4	231	3.34e-45	147
C288__k141_475898_87	B2ULY3	64.8	105	1.40e-40	126
C288__k141_475898_88	B2ULN9	66.8	599	5.92e-290	798
C288__k141_475898_89	B2ULN8	62.6	476	5.33e-194	545
C288__k141_475898_90	B2ULN7	49.0	478	1.67e-143	416
C288__k141_475898_92	B2UMV4	55.8	360	3.61e-144	409
C288__k141_334212_4	B2UPC4	50.5	204	1.65e-66	199
C288__k141_334212_5	B2UNZ8	66.3	664	0.0	886
C288__k141_334212_6	B2UR73	52.9	582	3.94e-193	552
C288__k141_334212_10	B2UL50	53.9	799	4.99e-276	779
C288__k141_334212_11	B2UL83	29.4	649	4.40e-64	224
C288__k141_334212_13	B2ULB7	29.1	705	5.33e-96	314
C288__k141_334212_14	B2UPH3	56.2	146	1.30e-61	184
C288__k141_334212_15	B2UQR6	60.1	383	3.10e-162	457
C288__k141_334212_16	B2UNY0	48.1	291	2.99e-87	260
C288__k141_334212_17	B2UNX9	68.7	67	1.14e-21	76.6
C288__k141_334212_18	B2UNX8	42.3	163	3.47e-32	110
C288__k141_334212_19	B2UNX7	41.3	126	9.54e-30	101
C288__k141_334212_20	B2UNX6	74.5	506	1.04e-270	742
C288__k141_334212_21	B2UNX5	56.0	291	2.06e-102	297
C288__k141_334212_22	B2UNX4	80.4	470	1.78e-270	738
C288__k141_334212_23	B2UNX3	44.8	134	1.05e-38	124
C288__k141_334212_29	B2UQF3	56.0	713	1.21e-290	811
C288__k141_334212_31	B2UP71	81.5	271	1.23e-174	479
C288__k141_334212_32	B2UP70	52.3	151	6.90e-57	172
C288__k141_334212_33	B2UN24	49.8	255	6.23e-86	255
C288__k141_114434_2	B2UM60	33.6	333	8.49e-38	147
C288__k141_114434_6	B2UP93	55.6	151	4.25e-55	167
C288__k141_114434_7	B2UQG0	78.0	697	0.0	1127
C288__k141_114434_8	B2UQC7	36.3	223	5.54e-49	159
C288__k141_114434_9	B2UQF9	67.3	49	1.31e-21	75.9
C288__k141_114434_10	B2UQF8	56.8	227	3.57e-90	264
C288__k141_114434_12	B2UPV5	54.5	1902	0.0	1987
C288__k141_114434_13	B2UMM5	63.0	227	5.84e-97	279
C288__k141_114434_14	B2ULC1	70.4	506	3.12e-258	711
C288__k141_114434_15	B2UPE2	52.7	203	3.64e-75	225
C288__k141_114434_16	B2UPC5	26.0	446	7.02e-25	103
C288__k141_114434_17	B2ULS2	31.0	506	1.02e-61	207
C288__k141_114434_19	B2UP41	49.2	559	6.96e-194	556
C288__k141_32380_2	B2UR84	40.3	1518	1.09e-313	952
C288__k141_32380_3	B2UR83	51.8	280	3.09e-87	283
C288__k141_32380_4	B2UR81	74.4	348	2.50e-203	558
C288__k141_32380_6	B2UQ61	31.1	206	3.60e-26	107
C288__k141_32380_7	B2UKQ9	34.1	135	1.06e-20	79.3
C288__k141_32380_8	B2ULS9	63.4	186	9.96e-88	252
C288__k141_32380_9	B2UQ07	53.9	523	3.67e-193	546
C288__k141_32380_10	B2UQ06	63.6	420	4.68e-193	538
C288__k141_32380_11	B2UQ05	66.9	357	3.63e-182	505
C288__k141_32380_12	B2UNV4	62.3	122	7.08e-55	165
C288__k141_32380_13	B2UNV5	79.6	245	2.67e-147	408
C288__k141_32380_14	B2UNV6	80.3	478	7.57e-291	790
C288__k141_32380_15	B2UNV7	38.0	403	3.02e-77	242
C288__k141_32380_16	B2UNZ0	44.9	243	7.89e-62	191
C288__k141_32380_18	B2UQ05	25.3	359	4.65e-21	89.4
C288__k141_32380_19	B2UPX4	33.3	225	4.75e-38	130
C288__k141_32380_24	B2UNZ4	62.8	129	2.33e-55	167
C288__k141_32380_25	B2UMB5	70.3	464	1.84e-227	629
C288__k141_32380_26	B2ULS2	30.3	508	1.73e-51	179
C288__k141_32380_27	B2UMG5	81.0	79	5.18e-44	133
C288__k141_32380_28	B2UNZ1	61.3	323	4.08e-143	403
C288__k141_32380_29	B2UM77	58.3	163	2.26e-67	199
C288__k141_32380_35	B2UNJ6	37.4	270	5.02e-52	169
C288__k141_32380_36	B2UNJ5	69.0	358	6.76e-178	494
C288__k141_32380_38	B2UM66	47.7	453	3.77e-116	342
C288__k141_32380_39	B2UM67	53.3	952	0.0	1007
C288__k141_32380_40	B2UL61	71.6	317	2.41e-161	449
C288__k141_32380_41	B2UL62	64.2	260	8.63e-128	359
C288__k141_32380_42	B2UL63	46.9	512	2.55e-171	490
C288__k141_32380_43	B2UL64	33.6	672	1.61e-117	362
C288__k141_32380_44	B2UNA2	68.4	342	1.13e-166	465
C288__k141_32380_45	B2UR21	68.3	186	6.58e-90	258
C288__k141_32380_46	B2UR22	37.8	249	5.44e-57	180
C288__k141_32380_47	B2UL65	47.4	253	1.67e-76	229
C288__k141_32380_48	B2UMN1	82.3	1172	0.0	1948
C288__k141_32380_49	B2ULD6	37.4	281	5.05e-50	176
C288__k141_32380_53	B2URC2	63.3	444	5.63e-218	605
C288__k141_32380_54	B2UM30	35.2	568	7.80e-89	280
C288__k141_32380_55	B2UL75	64.0	492	4.09e-238	657
C288__k141_32380_57	B2UPQ5	64.2	453	1.69e-216	600
C288__k141_32380_58	B2UPQ3	53.7	825	2.24e-311	871
C288__k141_32380_59	B2UMF9	67.6	340	7.37e-162	452
C288__k141_32380_61	B2UMG1	48.8	160	3.68e-49	152
C288__k141_32380_62	B2UNS0	64.9	188	1.15e-91	263
C288__k141_32380_63	B2UL99	79.4	360	2.18e-203	559
C288__k141_32380_64	B2ULA0	52.1	303	7.07e-100	291
C288__k141_32380_65	B2UNJ3	77.1	420	5.78e-232	637
C288__k141_32380_66	B2ULI9	66.4	715	0.0	943
C288__k141_32380_67	B2UR58	66.5	376	8.54e-192	531
C288__k141_32380_68	B2UQ10	76.3	372	5.68e-200	577
C288__k141_32380_69	B2UQ11	71.2	250	1.99e-124	350
C288__k141_32380_70	B2UQC7	52.9	257	3.43e-100	289
C288__k141_32380_71	B2UQ84	82.5	365	1.48e-218	598
C288__k141_32380_72	B2UQ85	56.1	346	2.00e-151	427
C288__k141_32380_79	B2UQG6	33.0	533	1.64e-85	275
C288__k141_32380_83	B2UN05	33.5	400	3.31e-76	238
C288__k141_32380_84	B2URB8	85.2	325	7.18e-206	562
C288__k141_32380_85	B2URB9	72.1	258	1.60e-136	382
C288__k141_32380_86	B2URC0	70.0	217	1.24e-102	293
C288__k141_32380_87	B2ULM0	64.0	317	8.14e-152	426
C288__k141_32380_89	B2UNT5	54.2	485	5.43e-184	519
C288__k141_32380_90	B2UQN4	48.1	507	1.09e-152	443
C288__k141_32380_91	B2UQN5	63.6	690	3.06e-308	852
C288__k141_32380_92	B2ULZ6	28.2	788	1.43e-78	275
C288__k141_32380_93	B2UP07	51.2	899	1.10e-311	878
C288__k141_32380_94	B2URE0	52.0	352	4.31e-113	330
C288__k141_32380_95	B2URD9	38.4	263	2.85e-55	176
C288__k141_32380_96	B2URD8	56.9	248	1.85e-106	305
C288__k141_32380_99	B2UM40	26.3	772	7.36e-48	182
C288__k141_32380_100	B2UMV1	62.2	629	1.53e-290	802
C288__k141_32380_102	B2UMU8	61.3	480	2.94e-197	553
C288__k141_32380_103	B2UMU7	51.9	387	3.08e-133	383
C288__k141_32380_104	B2UP96	50.4	117	1.12e-35	120
C288__k141_32380_105	B2ULV3	55.1	399	5.98e-160	452
C288__k141_32380_106	B2ULV2	32.9	510	4.13e-62	207
C288__k141_32380_107	B2UN25	70.9	398	1.11e-217	604
C288__k141_32380_108	B2UKT3	61.9	339	6.73e-132	376
C288__k141_32380_109	B2UKT2	55.6	592	2.95e-223	628
C288__k141_32380_110	B2UKT1	60.9	368	3.46e-150	425
C288__k141_32380_111	B2UKT0	51.5	369	3.63e-129	372
C288__k141_32380_112	B2UKZ0	51.9	243	1.24e-80	239
C288__k141_32380_113	B2UKZ1	57.6	231	3.10e-96	277
C288__k141_32380_114	B2UKZ2	58.6	459	1.33e-187	527
C288__k141_32380_115	B2UKX1	46.3	287	7.33e-82	261
C288__k141_32380_116	B2UQD2	43.5	317	4.98e-92	273
C288__k141_32380_118	B2ULC0	44.4	275	8.83e-73	222
C288__k141_32380_119	B2UQI5	59.6	307	2.39e-128	365
C288__k141_32380_120	B2UQI4	79.9	324	3.55e-193	530
C288__k141_32380_121	B2UQI3	59.7	427	2.14e-179	503
C288__k141_32380_122	B2UQI2	50.6	269	3.57e-97	283
C288__k141_32380_124	B2ULM7	61.8	246	1.08e-96	280
C288__k141_32380_125	B2ULM8	57.5	259	3.42e-95	278
C288__k141_32380_126	B2ULM9	44.9	423	4.31e-105	314
C288__k141_32380_127	B2UPF6	51.7	350	2.63e-126	363
C288__k141_32380_128	B2UPF5	64.0	200	1.96e-91	263
C288__k141_32380_129	B2UPF4	61.2	209	1.76e-85	248
C288__k141_32380_130	B2UR66	77.5	329	3.31e-196	538
C288__k141_32380_131	B2UN53	77.9	362	1.47e-207	570
C288__k141_32380_132	B2UM34	44.8	355	2.32e-105	311
C288__k141_32380_134	B2UQD4	77.5	858	0.0	1241
C288__k141_32380_135	B2UMR4	46.1	241	7.01e-74	221
C288__k141_32380_138	B2UNE5	29.3	331	1.05e-24	104
C288__k141_32380_144	B2URM8	67.9	414	1.01e-204	568
C288__k141_32380_145	B2UMP3	80.1	327	1.08e-189	521
C288__k141_32380_146	B2UMP2	54.9	295	1.15e-111	321
C288__k141_32380_148	B2UMP0	54.0	326	2.34e-107	313
C288__k141_32380_149	B2UMN9	41.2	517	8.63e-116	358
C288__k141_519366_4	B2UPZ7	48.0	373	2.03e-123	360
C288__k141_519366_7	B2UNS2	70.7	512	1.34e-258	711
C288__k141_519366_8	B2UL32	62.3	292	5.02e-110	316
C288__k141_519366_10	B2UNM1	45.7	678	3.78e-210	602
C288__k141_519366_11	B2UQQ8	54.7	289	2.40e-103	300
C288__k141_519366_12	B2UQQ9	39.6	505	5.74e-99	311
C288__k141_519366_13	B2UQC0	50.2	265	2.93e-97	283
C288__k141_519366_14	B2UNJ4	63.2	87	1.91e-33	107
C288__k141_519366_17	B2ULG9	58.0	383	2.88e-151	430
C288__k141_519366_18	B2UNS4	62.9	286	1.63e-131	372
C288__k141_519366_20	B2UP69	65.3	1037	0.0	1273
C288__k141_519366_21	B2UP68	51.3	341	8.87e-116	338
C288__k141_519366_26	B2UPD9	51.1	45	2.29e-12	51.2
C288__k141_519366_28	B2UNC2	69.5	105	3.52e-45	143
C288__k141_197029_1	B2UR84	28.3	1433	2.00e-125	437
C288__k141_197029_5	B2UQ98	74.2	1183	0.0	1780
C288__k141_197029_6	B2UPN8	41.7	1157	1.31e-295	865
C288__k141_197029_7	B2UM27	58.1	291	1.55e-122	349
C288__k141_197029_8	B2UN28	63.7	394	5.05e-186	518
C288__k141_197029_9	B2UL48	44.9	214	5.41e-75	224
C288__k141_197029_10	B2URE4	64.4	337	1.10e-141	400
C288__k141_197029_13	B2UNN7	43.0	149	2.17e-37	122
C288__k141_197029_14	B2UMX8	63.6	184	3.14e-87	251
C288__k141_197029_15	B2UMU6	57.6	125	1.50e-45	141
C288__k141_197029_17	B2UR48	78.7	291	2.19e-171	472
C288__k141_197029_18	B2UR47	55.8	428	3.43e-178	501
C288__k141_197029_19	B2UQU2	59.4	197	1.97e-84	245
C288__k141_197029_21	B2UQ51	48.0	321	5.00e-108	315
C288__k141_197029_22	B2UQ50	72.1	229	3.35e-115	326
C288__k141_197029_23	B2UQ49	42.7	309	2.84e-79	240
C288__k141_197029_24	B2UQ48	84.8	112	5.75e-66	191
C288__k141_197029_25	B2UQ47	58.1	117	3.92e-35	117
C288__k141_197029_26	B2UQJ4	62.5	507	2.01e-221	617
C288__k141_197029_27	B2UQK8	70.3	401	1.04e-200	556
C288__k141_197029_79	B2UNH7	49.3	748	1.86e-226	647
C288__k141_197029_80	B2UKM3	46.1	562	3.87e-169	488
C288__k141_197029_81	B2UPE4	23.4	713	2.29e-37	150
C288__k141_624127_16	B2ULW7	36.3	347	4.63e-46	157
C288__k141_624127_19	B2UQR3	52.0	229	1.65e-81	242
C288__k141_624127_22	B2URJ9	44.2	720	2.44e-218	625
C288__k141_624127_23	B2UKY7	38.8	598	9.74e-134	402
C288__k141_624127_24	B2UMQ2	40.6	308	9.44e-64	202
C288__k141_624127_25	B2UMQ3	51.4	181	3.38e-52	170
C288__k141_624127_27	B2UN72	79.4	427	6.72e-249	680
C288__k141_624127_28	B2UN71	53.9	382	4.49e-147	419
C288__k141_624127_29	B2URL1	39.2	158	4.00e-28	100
C288__k141_624127_31	B2UQC2	64.0	1294	0.0	1687
C288__k141_624127_32	B2ULN0	50.0	334	6.43e-113	327
C288__k141_624127_33	B2UQ05	36.5	345	6.22e-71	222
C288__k141_624127_34	B2UPV6	67.3	1078	0.0	1410
C288__k141_624127_35	B2UPV7	59.6	349	9.94e-142	403
C288__k141_624127_37	B2ULZ7	53.1	597	8.81e-229	643
C288__k141_624127_38	B2UL79	42.5	464	4.48e-105	317
C288__k141_624127_39	B2UQW4	28.9	325	5.71e-28	109
C288__k141_624127_41	B2UPE7	66.0	430	6.52e-188	526
C288__k141_624127_42	B2UNI8	65.3	121	3.00e-50	152
C288__k141_624127_43	B2UNG7	41.8	318	8.70e-86	258
C288__k141_624127_44	B2UNG8	50.0	364	2.31e-138	395
C288__k141_624127_45	B2UNG9	54.0	376	3.74e-130	374
C288__k141_624127_46	B2UNZ3	57.1	434	1.32e-166	470
C288__k141_624127_47	B2UNZ2	41.3	218	7.18e-59	186
C288__k141_624127_50	B2UNT2	60.6	317	3.01e-149	419
C288__k141_624127_52	B2UNT0	34.4	855	1.09e-145	448
C288__k141_624127_53	B2ULF0	44.6	527	3.67e-158	459
C288__k141_624127_54	B2UN96	54.6	97	2.14e-39	124
C288__k141_624127_55	B2UP34	32.2	286	7.90e-36	135
C288__k141_624127_56	B2ULD5	69.2	253	1.23e-126	357
C288__k141_624127_58	B2ULB7	49.2	832	1.10e-301	847
C288__k141_624127_60	B2UN65	70.3	417	1.49e-223	615
C288__k141_624127_63	B2UQ43	40.1	312	8.62e-79	239
C288__k141_624127_64	B2UNN5	58.3	956	0.0	1072
C288__k141_624127_65	B2UKU4	58.3	379	1.55e-147	419
C288__k141_624127_66	B2UNH0	54.9	257	5.90e-92	273
C288__k141_624127_68	B2UQA5	40.8	233	1.97e-57	179
C288__k141_624127_69	B2UQA4	46.2	587	1.11e-158	463
C288__k141_624127_70	B2UQE4	29.4	483	5.42e-57	196
C288__k141_58351_16	B2UQU8	81.5	298	8.35e-191	522
C288__k141_58351_17	B2UQU4	35.8	229	8.48e-37	134
C288__k141_58351_18	B2UN07	68.7	281	3.03e-143	400
C288__k141_58351_20	B2UQU3	85.5	276	2.00e-168	464
C288__k141_58351_21	B2ULK0	44.6	397	9.09e-105	311
C288__k141_58351_22	B2UQP2	29.1	223	4.41e-23	98.6
C288__k141_58351_23	B2UQP2	36.5	211	2.68e-37	134
C288__k141_58351_24	B2UPB9	31.2	189	1.40e-27	103
C288__k141_58351_25	B2UQ55	33.2	235	4.98e-34	130
C288__k141_58351_26	B2UNA8	54.0	430	4.71e-152	436
C288__k141_58351_27	B2UNA7	52.0	427	4.56e-146	420
C288__k141_58351_29	B2UL12	44.1	549	1.90e-153	451
C288__k141_58351_30	B2UNK3	56.6	371	2.34e-145	413
C288__k141_58351_31	B2ULE2	50.5	658	1.45e-207	592
C288__k141_58351_32	B2ULE1	57.8	64	9.85e-20	71.6
C288__k141_58351_33	B2UNB9	56.3	686	1.38e-282	787
C288__k141_58351_34	B2UQG7	76.3	388	1.38e-214	590
C288__k141_58351_36	B2UPP7	93.4	364	1.87e-260	704
C288__k141_58351_40	B2UPH4	46.6	219	2.43e-63	197
C288__k141_58351_41	B2URF8	61.7	368	2.99e-159	448
C288__k141_58351_44	B2UQC2	26.8	695	9.73e-58	213
C288__k141_58351_45	B2UQ90	74.4	414	1.82e-239	655
C288__k141_58351_46	B2UQ91	70.8	346	1.06e-190	527
C288__k141_58351_47	B2UMA3	69.1	282	9.87e-142	397
C288__k141_58351_48	B2UN17	56.3	144	9.77e-61	181
C288__k141_58351_49	B2URA0	77.0	378	4.25e-215	590
C288__k141_58351_53	B2UN02	50.6	652	3.90e-222	631
C288__k141_58351_54	B2UN02	49.9	657	1.32e-222	632
C288__k141_58351_55	B2UNL8	38.9	624	6.69e-130	392
C288__k141_58351_56	B2UMZ7	47.5	491	4.38e-138	408
C288__k141_58351_57	B2ULE8	47.7	491	2.15e-164	478
C288__k141_58351_62	B2URC1	35.4	223	7.23e-49	156
C288__k141_58351_63	B2UP41	52.8	553	1.13e-208	594
C288__k141_58351_65	B2ULB7	53.2	158	4.29e-50	169
C288__k141_58351_66	B2UN33	48.6	173	6.73e-54	167
C288__k141_58351_67	B2UR35	62.2	307	3.07e-141	399
C288__k141_58351_68	B2UQH5	54.9	552	2.01e-193	549
C288__k141_58351_69	B2UQH6	52.6	209	5.94e-77	229
C288__k141_58351_70	B2UQH7	36.9	252	2.18e-56	178
C288__k141_58351_73	B2ULW6	79.1	364	1.63e-210	577
C288__k141_58351_74	B2ULW5	73.1	357	4.51e-194	535
C288__k141_58351_78	B2URK3	66.3	282	1.73e-133	377
C288__k141_58351_79	B2URK2	71.2	212	2.75e-112	316
C288__k141_58351_80	B2URK1	39.6	278	2.49e-64	199
C288__k141_58351_81	B2UMW9	43.6	686	5.33e-195	566
C288__k141_200691_2	B2UMN8	32.1	829	1.27e-119	377
C288__k141_200691_3	B2UM58	38.2	676	7.62e-155	459
C288__k141_200691_4	B2UM00	55.1	470	7.80e-168	478
C288__k141_200691_5	B2UQE4	31.8	729	2.73e-97	313
C288__k141_200691_6	B2URG0	47.3	848	3.12e-271	770
C288__k141_200691_7	B2UKV6	78.0	640	0.0	956
C288__k141_200691_8	B2UKV7	82.3	96	6.78e-53	157
C288__k141_200691_9	B2UKV8	83.3	539	5.10e-317	862
C288__k141_200691_10	B2ULI0	49.8	233	2.74e-84	249
C288__k141_200691_11	B2ULI0	55.3	235	7.72e-85	258
C288__k141_200691_12	B2UMQ9	51.9	289	1.63e-106	309
C288__k141_200691_13	B2UMK0	71.9	160	7.26e-86	246
C288__k141_200691_14	B2UMI1	45.4	432	2.23e-121	358
C288__k141_200691_16	B2UQ24	77.8	607	0.0	926
C288__k141_200691_19	B2UQF4	67.5	529	1.37e-246	683
C288__k141_200691_20	B2UNI3	76.6	333	1.38e-195	537
C288__k141_200691_21	B2UNI4	73.9	639	0.0	1004
C288__k141_200691_22	B2UQX7	83.5	601	0.0	1001
C288__k141_200691_23	B2URB0	70.2	332	8.93e-163	454
C288__k141_200691_24	B2URA7	33.0	336	1.69e-35	134
C288__k141_200691_25	B2URA8	57.5	306	5.75e-120	345
C288__k141_200691_26	B2URA9	31.7	369	6.44e-43	157
C288__k141_200691_32	B2UPN0	38.8	273	4.96e-62	196
C288__k141_200691_35	B2UQP2	31.0	229	3.42e-22	92.0
C288__k141_200691_46	B2UPB7	44.4	198	2.54e-56	175
C288__k141_200691_47	B2UPB6	48.8	767	1.29e-254	724
C288__k141_200691_48	B2UPB5	65.0	246	8.13e-114	324
C288__k141_200691_49	B2UPB8	55.4	193	6.08e-70	211
C288__k141_200691_50	B2UPD5	64.8	395	1.73e-186	519
C288__k141_200691_51	B2UPD4	38.4	245	4.94e-33	116
C288__k141_200691_52	B2UKT5	58.0	269	3.29e-110	316
C288__k141_200691_53	B2ULW1	31.3	320	3.10e-50	167
C288__k141_200691_54	B2ULW0	63.4	257	1.18e-114	327
C288__k141_200691_55	B2ULV9	60.3	262	5.88e-108	310
C288__k141_200691_57	B2UNV9	66.6	485	4.03e-254	699
C288__k141_200691_58	B2UM83	49.8	261	6.16e-83	251
C288__k141_200691_60	B2UPQ6	66.0	420	1.83e-215	595
C288__k141_200691_61	B2URJ0	64.8	384	4.17e-178	497
C288__k141_200691_62	B2UN83	74.6	402	2.59e-231	634
C288__k141_200691_63	B2ULA8	67.8	512	1.89e-246	683
C288__k141_200691_64	B2URL8	52.2	554	9.38e-187	534
C288__k141_200691_65	B2UL58	43.8	390	6.30e-113	335
C288__k141_200691_66	B2UM28	63.3	215	2.22e-88	256
C288__k141_200691_69	B2UPE4	24.2	913	1.78e-34	142
C288__k141_200691_71	B2UR61	33.8	783	3.00e-133	411
C288__k141_200691_73	B2UP33	39.2	283	1.36e-56	182
C288__k141_200691_75	B2ULV4	61.0	164	4.15e-67	200
C288__k141_200691_76	B2UMF7	54.0	139	3.92e-42	134
C288__k141_200691_77	B2UMF8	43.5	522	1.51e-123	372
C288__k141_200691_79	B2URH5	79.5	132	1.10e-70	204
C288__k141_200691_80	B2URH4	84.5	142	1.72e-86	245
C288__k141_200691_81	B2UQ25	64.4	278	5.94e-136	382
C288__k141_200691_82	B2UQM1	40.7	305	6.08e-73	223
C288__k141_200691_83	B2UPB0	61.6	190	6.73e-80	233
C288__k141_200691_84	B2UPY4	38.1	451	9.34e-101	304
C288__k141_200691_85	B2UME7	51.0	206	4.90e-63	196
C288__k141_200691_86	B2UME9	59.2	250	1.02e-102	296
C288__k141_200691_88	B2UMF1	66.4	244	8.71e-114	323
C288__k141_200691_89	B2UMF2	65.5	293	2.56e-136	384
C288__k141_200691_90	B2UQR7	59.0	732	7.27e-276	774
C288__k141_200691_91	B2UQR6	66.8	389	1.40e-196	544
C288__k141_200691_92	B2URM2	45.7	280	5.76e-70	214
C288__k141_200691_93	B2URM1	73.1	186	2.38e-98	280
C288__k141_200691_94	B2URM0	59.2	365	8.50e-158	444
C288__k141_200691_100	B2UNK1	91.6	332	1.90e-223	607
C288__k141_200691_101	B2UNK0	85.7	230	3.19e-152	419
C288__k141_200691_103	B2UNZ5	66.7	273	7.31e-123	349
C288__k141_200691_104	B2UMG7	67.3	150	4.75e-71	207
C288__k141_200691_105	B2UMY0	53.2	109	2.26e-46	142
C288__k141_200691_106	B2UMY1	54.2	786	1.65e-261	742
C288__k141_200691_107	B2UL37	49.7	296	7.03e-95	278
C288__k141_200691_108	B2UL38	59.9	182	6.74e-74	218
C288__k141_200691_109	B2UQV9	62.2	196	3.43e-77	226
C288__k141_200691_111	B2UQ13	56.1	565	4.23e-199	565
C288__k141_200691_114	B2UP25	89.9	89	3.38e-52	154
C288__k141_200691_115	B2UP24	74.4	86	1.52e-49	147
C288__k141_200691_116	B2UP23	49.8	440	3.19e-137	399
C288__k141_200691_117	B2UP22	60.1	203	1.88e-81	238
C288__k141_200691_118	B2UP21	48.2	112	1.13e-28	97.4
C288__k141_200691_121	B2UP77	83.3	66	9.91e-35	109
C288__k141_200691_124	B2ULF8	47.1	278	3.15e-70	214
C288__k141_200691_125	B2ULF9	40.9	357	4.68e-81	247
C288__k141_200691_126	B2ULG0	61.6	229	1.56e-104	300
C288__k141_200691_127	B2UQR4	60.3	151	1.89e-52	166
C288__k141_200691_128	B2URI4	52.1	219	2.79e-77	229
C288__k141_200691_129	B2UPY1	80.0	240	1.14e-134	376
C288__k141_200691_130	B2UPY0	31.7	183	5.90e-22	90.5
C288__k141_200691_132	B2UPX8	77.7	269	1.74e-160	443
C288__k141_200691_133	B2UQ97	75.2	492	4.08e-279	762
C288__k141_200691_136	B2UQE8	70.0	400	2.03e-206	570
C288__k141_200691_137	B2UQE7	70.5	454	3.35e-233	642
C288__k141_200691_138	B2ULX1	66.8	515	7.19e-243	672
C288__k141_200691_139	B2ULX0	73.7	533	7.16e-296	808
C288__k141_200691_140	B2ULW9	72.5	240	3.97e-128	359
C288__k141_200691_141	B2UN99	68.2	450	1.16e-240	662
C288__k141_200691_142	B2UL96	66.8	313	1.15e-149	419
C288__k141_200691_143	B2UL95	76.4	488	7.66e-268	734
C288__k141_200691_144	B2UR08	65.1	304	2.90e-134	379
C288__k141_200691_145	B2UR09	71.4	388	2.76e-199	551
C288__k141_200691_146	B2UR10	81.5	466	5.43e-294	797
C288__k141_200691_147	B2UPH5	84.1	1062	0.0	1783
C289__EHA02355_bin.24_gene_0_3	B2UR55	32.8	293	2.20e-37	143
C289__EHA02355_bin.24_gene_1_6	B2URF8	60.9	338	1.29e-143	407
C289__EHA02355_bin.24_gene_1_7	B2UPH4	46.6	219	2.18e-61	192
C289__EHA02355_bin.24_gene_1_15	B2UPP7	93.4	364	7.61e-260	702
C289__EHA02355_bin.24_gene_1_17	B2UQG7	75.5	388	2.18e-213	587
C289__EHA02355_bin.24_gene_1_20	B2UNB9	58.6	681	3.14e-293	815
C289__EHA02355_bin.24_gene_1_21	B2ULE1	57.8	64	4.00e-19	70.1
C289__EHA02355_bin.24_gene_1_22	B2ULE2	50.4	685	1.12e-210	601
C289__EHA02355_bin.24_gene_1_23	B2UNK3	57.5	221	2.49e-80	241
C289__EHA02355_bin.24_gene_2_1	B2ULM4	80.5	328	2.04e-205	563
C289__EHA02355_bin.24_gene_2_3	B2UPJ9	43.1	65	4.99e-09	50.1
C289__EHA02355_bin.24_gene_2_4	B2UPL9	39.6	106	8.94e-16	69.7
C289__EHA02355_bin.24_gene_3_1	B2UL50	53.2	370	1.99e-123	371
C289__EHA02355_bin.24_gene_3_6	B2UR73	53.3	583	2.72e-197	562
C289__EHA02355_bin.24_gene_3_7	B2UNZ8	66.1	664	0.0	890
C289__EHA02355_bin.24_gene_3_8	B2UPC4	49.5	204	5.43e-65	196
C289__EHA02355_bin.24_gene_4_2	B2UKY7	41.9	604	1.07e-155	459
C289__EHA02355_bin.24_gene_6_1	B2ULB6	72.3	249	9.38e-122	365
C289__EHA02355_bin.24_gene_6_2	B2ULM6	53.3	490	3.20e-191	539
C289__EHA02355_bin.24_gene_6_3	B2UNW0	41.3	317	8.15e-78	237
C289__EHA02355_bin.24_gene_6_4	B2UPN2	78.8	137	3.35e-80	229
C289__EHA02355_bin.24_gene_6_5	B2UN36	70.0	270	6.41e-145	404
C289__EHA02355_bin.24_gene_6_6	B2UN37	66.5	469	1.21e-228	632
C289__EHA02355_bin.24_gene_6_7	B2UN39	71.2	493	7.89e-262	722
C289__EHA02355_bin.24_gene_7_1	B2URP8	37.9	206	6.62e-34	120
C289__EHA02355_bin.24_gene_7_2	B2UQP7	71.5	432	4.01e-226	624
C289__EHA02355_bin.24_gene_7_3	B2UPF7	57.4	169	2.39e-67	199
C289__EHA02355_bin.24_gene_7_4	B2UM60	57.9	786	0.0	950
C289__EHA02355_bin.24_gene_7_5	B2UQB6	56.0	50	3.91e-15	63.5
C289__EHA02355_bin.24_gene_8_2	B2UNH4	68.0	946	0.0	1309
C289__EHA02355_bin.24_gene_8_3	B2UNH3	63.4	123	4.34e-61	180
C289__EHA02355_bin.24_gene_8_4	B2UNH2	73.6	360	3.29e-201	553
C289__EHA02355_bin.24_gene_8_5	B2ULA2	29.5	278	1.44e-38	133
C289__EHA02355_bin.24_gene_8_6	B2ULH0	31.8	239	6.40e-37	128
C289__EHA02355_bin.24_gene_10_1	B2UQ53	34.3	166	1.86e-27	100
C289__EHA02355_bin.24_gene_10_2	B2UKU0	51.9	216	3.97e-76	225
C289__EHA02355_bin.24_gene_10_3	B2UNB0	69.5	82	3.11e-37	116
C289__EHA02355_bin.24_gene_10_6	B2UN27	68.9	90	2.13e-40	125
C289__EHA02355_bin.24_gene_10_7	B2UM07	55.6	721	1.61e-273	768
C289__EHA02355_bin.24_gene_10_8	B2UP65	49.0	206	3.70e-75	222
C289__EHA02355_bin.24_gene_10_9	B2UP64	74.4	398	4.63e-216	597
C289__EHA02355_bin.24_gene_10_10	B2UMX2	49.6	676	4.80e-234	670
C289__EHA02355_bin.24_gene_11_1	B2UMJ4	78.2	532	1.21e-320	877
C289__EHA02355_bin.24_gene_11_2	B2UMJ5	68.6	156	5.17e-77	226
C289__EHA02355_bin.24_gene_11_4	B2UP80	44.3	393	4.49e-92	280
C289__EHA02355_bin.24_gene_11_5	B2UP81	63.2	291	4.36e-122	370
C289__EHA02355_bin.24_gene_12_1	B2UN65	71.0	414	6.63e-222	612
C289__EHA02355_bin.24_gene_14_1	B2UPE4	23.3	1537	8.10e-41	162
C289__EHA02355_bin.24_gene_14_2	B2UPQ9	74.1	162	6.91e-85	252
C289__EHA02355_bin.24_gene_14_3	B2UPQ9	78.1	201	6.15e-119	340
C289__EHA02355_bin.24_gene_14_4	B2UPR0	80.7	585	0.0	1018
C289__EHA02355_bin.24_gene_14_5	B2UPR1	57.2	390	1.93e-164	462
C289__EHA02355_bin.24_gene_14_6	B2UPR2	52.9	157	4.98e-52	161
C289__EHA02355_bin.24_gene_14_7	B2UPR3	52.7	112	1.47e-41	129
C289__EHA02355_bin.24_gene_14_8	B2UKU9	64.8	264	1.22e-118	336
C289__EHA02355_bin.24_gene_14_9	B2UKV0	50.3	155	2.68e-44	152
C289__EHA02355_bin.24_gene_15_2	B2UM25	70.4	612	0.0	879
C289__EHA02355_bin.24_gene_15_3	B2UN58	75.2	101	1.19e-47	155
C289__EHA02355_bin.24_gene_16_1	B2UL73	67.6	182	2.26e-83	251
C289__EHA02355_bin.24_gene_16_2	B2UKT9	68.2	581	8.75e-292	802
C289__EHA02355_bin.24_gene_16_3	B2UMG2	66.7	114	1.80e-54	162
C289__EHA02355_bin.24_gene_19_2	B2UPK4	73.4	361	9.58e-195	537
C289__EHA02355_bin.24_gene_19_3	B2UPK5	60.6	449	5.91e-184	517
C289__EHA02355_bin.24_gene_19_4	B2UKZ3	54.4	169	7.36e-67	199
C289__EHA02355_bin.24_gene_20_2	B2UP81	34.4	256	1.52e-32	122
C289__EHA02355_bin.24_gene_20_3	B2ULQ8	30.8	712	5.54e-86	290
C289__EHA02355_bin.24_gene_20_4	B2UMB4	30.4	1044	1.70e-128	413
C289__EHA02355_bin.24_gene_20_5	B2UP80	31.3	291	1.18e-38	140
C289__EHA02355_bin.24_gene_20_6	B2UP90	65.6	334	1.95e-151	429
C289__EHA02355_bin.24_gene_21_1	B2UNZ9	44.0	218	5.44e-51	171
C289__EHA02355_bin.24_gene_22_2	B2UMD2	66.2	450	9.55e-226	624
C289__EHA02355_bin.24_gene_22_3	B2UNY9	32.5	157	4.68e-27	98.2
C289__EHA02355_bin.24_gene_22_4	B2ULU8	83.5	406	1.43e-265	720
C289__EHA02355_bin.24_gene_22_5	B2UML3	69.7	515	3.20e-283	780
C289__EHA02355_bin.24_gene_23_6	B2UMG4	51.7	174	1.82e-54	168
C289__EHA02355_bin.24_gene_23_7	B2UMG3	63.5	353	2.92e-154	434
C289__EHA02355_bin.24_gene_24_1	B2URF4	35.8	872	3.50e-157	481
C289__EHA02355_bin.24_gene_24_2	B2URF5	47.9	213	4.60e-80	236
C289__EHA02355_bin.24_gene_24_3	B2UR05	45.7	247	2.32e-64	204
C289__EHA02355_bin.24_gene_25_1	B2UMZ9	70.9	478	6.57e-238	657
C289__EHA02355_bin.24_gene_25_2	B2URC5	55.0	404	4.68e-166	473
C289__EHA02355_bin.24_gene_25_3	B2ULA2	33.3	288	2.72e-35	124
C289__EHA02355_bin.24_gene_25_4	B2URJ3	68.2	1476	0.0	2024
C289__EHA02355_bin.24_gene_25_6	B2URJ2	69.0	712	0.0	993
C289__EHA02355_bin.24_gene_25_7	B2UM68	67.3	343	4.89e-158	443
C289__EHA02355_bin.24_gene_25_8	B2UM69	67.8	459	3.81e-235	647
C289__EHA02355_bin.24_gene_25_9	B2UMK3	64.9	444	4.06e-208	578
C289__EHA02355_bin.24_gene_25_10	B2UM75	66.7	114	6.71e-51	155
C289__EHA02355_bin.24_gene_25_11	B2UL47	48.4	219	4.17e-70	210
C289__EHA02355_bin.24_gene_25_12	B2ULT4	45.6	298	3.76e-90	268
C289__EHA02355_bin.24_gene_25_13	B2UNF6	53.6	405	1.58e-137	396
C289__EHA02355_bin.24_gene_25_14	B2UNF7	69.8	463	1.51e-236	652
C289__EHA02355_bin.24_gene_27_1	B2UM57	50.9	159	9.49e-49	164
C289__EHA02355_bin.24_gene_27_2	B2UPV4	43.5	216	1.39e-47	164
C289__EHA02355_bin.24_gene_28_1	B2ULN7	52.8	405	4.57e-138	399
C289__EHA02355_bin.24_gene_28_3	B2UMV4	56.1	360	3.12e-145	412
C289__EHA02355_bin.24_gene_29_1	B2UPV5	51.2	539	1.87e-168	518
C289__EHA02355_bin.24_gene_29_2	B2UPV5	52.4	761	4.04e-257	761
C289__EHA02355_bin.24_gene_29_4	B2UKY4	41.7	300	1.13e-79	244
C289__EHA02355_bin.24_gene_30_2	B2URM9	31.7	599	1.31e-76	270
C289__EHA02355_bin.24_gene_30_3	B2UPH2	46.3	82	1.30e-15	65.9
C289__EHA02355_bin.24_gene_31_1	B2UN62	46.0	302	3.57e-103	301
C289__EHA02355_bin.24_gene_31_2	B2UN60	42.9	294	4.79e-78	236
C289__EHA02355_bin.24_gene_31_3	B2UN59	43.4	267	4.53e-66	202
C289__EHA02355_bin.24_gene_31_4	B2UM01	48.0	598	1.43e-190	547
C289__EHA02355_bin.24_gene_31_6	B2UM63	61.8	463	2.08e-205	572
C289__EHA02355_bin.24_gene_31_7	B2ULQ0	38.2	157	3.12e-29	102
C289__EHA02355_bin.24_gene_31_9	B2ULZ4	65.1	195	1.49e-84	245
C289__EHA02355_bin.24_gene_31_10	B2ULZ3	64.1	451	9.96e-213	594
C289__EHA02355_bin.24_gene_32_1	B2UKV3	53.6	69	2.57e-18	72.8
C289__EHA02355_bin.24_gene_33_1	B2ULM5	64.3	199	5.26e-99	284
C289__EHA02355_bin.24_gene_33_13	B2UMN1	33.7	608	7.26e-86	302
C289__EHA02355_bin.24_gene_33_14	B2UP37	45.8	312	1.85e-93	280
C289__EHA02355_bin.24_gene_33_15	B2UR20	72.8	536	5.60e-287	785
C289__EHA02355_bin.24_gene_33_16	B2UR19	65.2	250	1.60e-116	336
C289__EHA02355_bin.24_gene_33_17	B2UMJ0	56.6	228	7.70e-88	256
C289__EHA02355_bin.24_gene_33_18	B2UMI9	39.5	380	1.37e-76	247
C289__EHA02355_bin.24_gene_33_19	B2UR65	39.3	359	5.20e-74	239
C289__EHA02355_bin.24_gene_33_20	B2URB7	45.1	144	8.26e-44	140
C289__EHA02355_bin.24_gene_33_22	B2UN66	58.3	163	4.14e-56	170
C289__EHA02355_bin.24_gene_33_23	B2ULL1	63.6	187	1.67e-83	243
C289__EHA02355_bin.24_gene_33_26	B2ULP7	68.4	155	3.35e-68	204
C289__EHA02355_bin.24_gene_33_27	B2ULP6	94.7	57	6.36e-36	111
C289__EHA02355_bin.24_gene_33_28	B2ULP5	85.2	81	1.46e-47	142
C289__EHA02355_bin.24_gene_33_29	B2ULP4	73.8	263	1.49e-144	402
C289__EHA02355_bin.24_gene_33_32	B2ULP3	31.4	245	5.72e-26	99.0
C289__EHA02355_bin.24_gene_33_33	B2ULP2	61.8	327	1.63e-138	402
C289__EHA02355_bin.24_gene_34_1	B2UPI7	72.8	331	7.15e-182	509
C289__EHA02355_bin.24_gene_34_4	B2ULI3	43.3	254	2.32e-69	212
C289__EHA02355_bin.24_gene_34_5	B2ULL3	63.1	141	1.12e-64	191
C289__EHA02355_bin.24_gene_34_6	B2ULL2	61.6	159	6.88e-64	194
C289__EHA02355_bin.24_gene_35_3	B2UMM9	56.5	253	1.70e-94	277
C289__EHA02355_bin.24_gene_35_4	B2UNP1	52.4	271	3.21e-88	261
C289__EHA02355_bin.24_gene_35_6	B2UMM2	61.8	275	6.71e-120	342
C289__EHA02355_bin.24_gene_35_7	B2UMM1	59.4	456	2.03e-205	573
C289__EHA02355_bin.24_gene_35_8	B2ULC3	59.6	151	9.14e-55	166
C289__EHA02355_bin.24_gene_35_9	B2ULC4	58.3	115	6.77e-40	129
C289__EHA02355_bin.24_gene_36_2	B2UNQ7	38.7	173	1.02e-30	116
C289__EHA02355_bin.24_gene_36_3	B2UNQ7	39.1	179	1.81e-34	127
C289__EHA02355_bin.24_gene_36_5	B2UQK3	66.7	342	4.45e-176	491
C289__EHA02355_bin.24_gene_37_2	B2UQE8	70.0	400	7.11e-207	572
C289__EHA02355_bin.24_gene_37_3	B2UQE7	70.3	454	1.66e-233	643
C289__EHA02355_bin.24_gene_37_4	B2ULX1	66.3	181	4.03e-85	257
C289__EHA02355_bin.24_gene_38_1	B2UPQ2	64.6	96	9.16e-44	137
C289__EHA02355_bin.24_gene_38_2	B2UR52	81.1	556	0.0	915
C289__EHA02355_bin.24_gene_39_4	B2UL54	60.6	137	3.54e-46	143
C289__EHA02355_bin.24_gene_39_5	B2UL53	79.5	356	9.85e-209	573
C289__EHA02355_bin.24_gene_39_6	B2UPD3	57.1	352	1.17e-142	404
C289__EHA02355_bin.24_gene_39_7	B2UNE2	80.3	76	1.67e-35	112
C289__EHA02355_bin.24_gene_39_8	B2UPW8	76.8	470	2.35e-279	760
C289__EHA02355_bin.24_gene_39_9	B2UPW9	70.9	189	4.13e-98	280
C289__EHA02355_bin.24_gene_39_12	B2UNR5	45.3	159	1.23e-48	154
C289__EHA02355_bin.24_gene_39_13	B2ULM2	80.5	384	2.22e-229	627
C289__EHA02355_bin.24_gene_39_17	B2UMN6	82.6	524	0.0	895
C289__EHA02355_bin.24_gene_39_18	B2URH6	62.8	145	4.39e-65	191
C289__EHA02355_bin.24_gene_39_19	B2ULX5	44.1	311	4.82e-89	271
C289__EHA02355_bin.24_gene_39_20	B2ULX6	51.6	322	3.36e-119	343
C289__EHA02355_bin.24_gene_39_21	B2ULV5	67.9	648	9.43e-319	875
C289__EHA02355_bin.24_gene_39_23	B2UQW6	56.0	250	3.91e-100	289
C289__EHA02355_bin.24_gene_39_24	B2UN48	51.4	183	1.26e-61	187
C289__EHA02355_bin.24_gene_39_26	B2UN50	26.4	288	1.39e-17	78.6
C289__EHA02355_bin.24_gene_39_27	B2UPW7	55.7	176	8.90e-66	199
C289__EHA02355_bin.24_gene_39_28	B2UPW6	52.2	312	5.01e-103	302
C289__EHA02355_bin.24_gene_39_29	B2UNP7	54.5	198	1.97e-69	207
C289__EHA02355_bin.24_gene_39_30	B2UNP6	54.0	341	1.67e-118	342
C289__EHA02355_bin.24_gene_39_31	B2UNP5	44.7	197	7.24e-55	170
C289__EHA02355_bin.24_gene_39_32	B2UQ26	37.6	274	5.14e-62	195
C289__EHA02355_bin.24_gene_39_33	B2ULR7	67.3	507	8.81e-245	677
C289__EHA02355_bin.24_gene_40_7	B2UQC8	70.5	560	1.68e-298	816
C289__EHA02355_bin.24_gene_40_8	B2UQC9	71.8	252	1.05e-114	341
C289__EHA02355_bin.24_gene_41_1	B2URB1	47.2	381	1.29e-119	349
C289__EHA02355_bin.24_gene_41_2	B2UL67	45.0	349	1.36e-110	324
C289__EHA02355_bin.24_gene_41_3	B2ULV6	55.2	594	2.29e-225	634
C289__EHA02355_bin.24_gene_41_4	B2ULV7	54.6	604	5.56e-227	639
C289__EHA02355_bin.24_gene_41_6	B2ULN6	52.0	275	2.80e-90	267
C289__EHA02355_bin.24_gene_41_7	B2UP63	67.7	167	3.87e-74	216
C289__EHA02355_bin.24_gene_41_8	B2UN43	53.5	185	1.46e-59	181
C289__EHA02355_bin.24_gene_42_3	B2UL55	76.5	307	1.01e-164	457
C289__EHA02355_bin.24_gene_43_1	B2UMM0	59.4	251	7.78e-103	298
C289__EHA02355_bin.24_gene_43_2	B2UML9	73.9	88	2.21e-43	132
C289__EHA02355_bin.24_gene_43_3	B2UML8	59.4	591	2.68e-248	692
C289__EHA02355_bin.24_gene_43_4	B2UMX0	47.9	288	2.79e-91	270
C289__EHA02355_bin.24_gene_44_1	B2ULZ5	50.9	108	2.21e-34	116
C289__EHA02355_bin.24_gene_44_2	B2UM93	85.8	113	3.40e-66	192
C289__EHA02355_bin.24_gene_44_5	B2UPT0	75.2	306	1.20e-169	469
C289__EHA02355_bin.24_gene_44_6	B2URE5	69.0	145	4.56e-65	192
C289__EHA02355_bin.24_gene_45_3	B2UM06	67.4	561	5.15e-280	769
C289__EHA02355_bin.24_gene_45_5	B2UKU8	78.1	324	7.12e-194	536
C289__EHA02355_bin.24_gene_47_1	B2ULZ6	32.3	266	1.16e-43	154
C289__EHA02355_bin.24_gene_47_3	B2UQQ2	67.0	100	2.04e-42	132
C289__EHA02355_bin.24_gene_47_4	B2UQQ3	65.5	690	7.34e-305	843
C289__EHA02355_bin.24_gene_47_5	B2UQQ4	60.9	427	4.99e-180	505
C289__EHA02355_bin.24_gene_48_3	B2URE3	77.1	297	2.67e-165	457
C289__EHA02355_bin.24_gene_48_4	B2UN97	64.0	439	3.68e-193	540
C289__EHA02355_bin.24_gene_48_9	B2UR61	56.5	772	3.06e-319	889
C289__EHA02355_bin.24_gene_48_10	B2UPE4	23.9	806	8.96e-37	149
C289__EHA02355_bin.24_gene_48_11	B2UKM3	46.5	527	2.06e-165	478
C289__EHA02355_bin.24_gene_49_2	B2UPV7	60.2	352	3.48e-142	404
C289__EHA02355_bin.24_gene_49_3	B2UPV6	67.6	996	0.0	1309
C289__EHA02355_bin.24_gene_50_1	B2UR84	32.9	1034	3.16e-148	488
C289__EHA02355_bin.24_gene_51_1	B2UNZ3	71.6	134	3.97e-66	205
C289__EHA02355_bin.24_gene_51_2	B2UNG9	53.7	376	8.93e-131	376
C289__EHA02355_bin.24_gene_51_3	B2UNG8	48.9	364	4.34e-136	389
C289__EHA02355_bin.24_gene_53_1	B2UKY8	39.6	596	2.87e-153	456
C289__EHA02355_bin.24_gene_53_2	B2UKY9	54.5	213	1.33e-78	231
C289__EHA02355_bin.24_gene_53_3	B2UNA6	39.1	330	1.87e-60	202
C289__EHA02355_bin.24_gene_54_2	B2UN23	45.9	85	3.13e-20	78.6
C289__EHA02355_bin.24_gene_55_1	B2ULM9	43.6	78	3.57e-13	58.9
C289__EHA02355_bin.24_gene_55_2	B2UPF6	52.3	350	1.72e-129	371
C289__EHA02355_bin.24_gene_55_3	B2UPF5	65.0	200	5.89e-93	266
C289__EHA02355_bin.24_gene_55_4	B2UPF4	60.8	209	3.54e-85	248
C289__EHA02355_bin.24_gene_55_5	B2UR66	78.7	329	1.27e-200	550
C289__EHA02355_bin.24_gene_55_6	B2UN53	77.6	362	1.47e-207	570
C289__EHA02355_bin.24_gene_55_7	B2UM34	43.7	359	3.69e-103	306
C289__EHA02355_bin.24_gene_55_8	B2UQD4	77.9	858	0.0	1245
C289__EHA02355_bin.24_gene_55_9	B2UMR4	45.6	241	8.04e-73	218
C289__EHA02355_bin.24_gene_56_5	B2URD4	72.5	204	5.16e-98	293
C289__EHA02355_bin.24_gene_57_2	B2UNZ5	66.7	273	2.56e-123	350
C289__EHA02355_bin.24_gene_57_3	B2UMG7	66.7	150	1.93e-70	206
C289__EHA02355_bin.24_gene_57_4	B2UMY0	54.2	107	9.18e-46	140
C289__EHA02355_bin.24_gene_58_1	B2UQX2	71.6	469	5.18e-258	706
C289__EHA02355_bin.24_gene_58_2	B2ULS7	49.0	51	4.27e-11	52.8
C289__EHA02355_bin.24_gene_58_4	B2UQP3	38.3	188	1.33e-35	119
C289__EHA02355_bin.24_gene_58_6	B2UMJ2	75.1	325	4.16e-179	495
C289__EHA02355_bin.24_gene_58_7	B2UL76	39.4	378	2.81e-90	273
C289__EHA02355_bin.24_gene_58_11	B2UKX7	46.9	356	5.36e-104	307
C289__EHA02355_bin.24_gene_58_12	B2UP35	79.3	487	7.98e-286	779
C289__EHA02355_bin.24_gene_58_14	B2UQJ2	67.9	221	1.02e-99	288
C289__EHA02355_bin.24_gene_58_16	B2UP12	29.9	1065	1.32e-125	406
C289__EHA02355_bin.24_gene_58_17	B2UP14	53.9	154	1.04e-55	168
C289__EHA02355_bin.24_gene_58_18	B2UP15	60.4	149	2.49e-54	166
C289__EHA02355_bin.24_gene_58_19	B2UP16	72.8	254	1.19e-124	352
C289__EHA02355_bin.24_gene_58_20	B2URD7	55.0	622	1.10e-239	674
C289__EHA02355_bin.24_gene_58_22	B2UQB8	58.2	182	3.29e-77	229
C289__EHA02355_bin.24_gene_58_25	B2UN66	67.4	135	5.91e-57	172
C289__EHA02355_bin.24_gene_58_26	B2UR63	55.6	169	4.20e-59	179
C289__EHA02355_bin.24_gene_58_27	B2UP94	75.0	100	7.36e-48	145
C289__EHA02355_bin.24_gene_58_28	B2UQ44	42.3	156	3.65e-36	120
C289__EHA02355_bin.24_gene_62_2	B2UL24	64.7	204	8.36e-99	281
C289__EHA02355_bin.24_gene_62_3	B2UL23	74.4	195	5.14e-107	301
C289__EHA02355_bin.24_gene_62_5	B2UL21	52.5	202	7.16e-61	185
C289__EHA02355_bin.24_gene_62_6	B2UL20	78.5	297	5.32e-171	472
C289__EHA02355_bin.24_gene_63_2	B2UPE4	24.4	910	1.12e-36	147
C289__EHA02355_bin.24_gene_64_1	B2UNE5	78.0	200	1.86e-98	295
C289__EHA02355_bin.24_gene_64_2	B2ULN1	50.4	452	6.09e-169	479
C289__EHA02355_bin.24_gene_64_3	B2UNE7	73.7	205	1.59e-113	332
C289__EHA02355_bin.24_gene_65_1	B2UN58	74.3	280	2.51e-148	420
C289__EHA02355_bin.24_gene_65_2	B2UN57	60.3	537	3.74e-226	631
C289__EHA02355_bin.24_gene_65_3	B2UN56	55.0	689	2.22e-287	804
C289__EHA02355_bin.24_gene_65_4	B2UN55	75.4	321	1.40e-176	488
C289__EHA02355_bin.24_gene_65_5	B2UN54	78.5	311	7.91e-178	491
C289__EHA02355_bin.24_gene_65_7	B2UMS3	50.0	206	4.68e-68	205
C289__EHA02355_bin.24_gene_65_8	B2UMS2	35.9	142	1.91e-28	98.6
C289__EHA02355_bin.24_gene_65_11	B2UMV5	65.3	479	2.10e-213	593
C289__EHA02355_bin.24_gene_65_12	B2UMV6	70.5	322	2.28e-164	457
C289__EHA02355_bin.24_gene_65_13	B2ULR5	87.4	135	2.91e-82	234
C289__EHA02355_bin.24_gene_65_14	B2ULR4	57.9	171	2.06e-66	197
C289__EHA02355_bin.24_gene_65_15	B2ULR3	78.8	306	4.93e-179	493
C289__EHA02355_bin.24_gene_65_16	B2ULR2	52.8	409	7.96e-145	416
C289__EHA02355_bin.24_gene_65_17	B2ULR1	49.5	220	6.42e-79	233
C289__EHA02355_bin.24_gene_65_18	B2UL80	36.5	181	1.06e-38	130
C289__EHA02355_bin.24_gene_65_20	B2UQ63	78.3	332	6.33e-199	546
C289__EHA02355_bin.24_gene_65_23	B2ULT6	51.3	733	4.19e-273	766
C289__EHA02355_bin.24_gene_65_24	B2ULT5	38.0	142	5.49e-23	90.1
C289__EHA02355_bin.24_gene_66_3	B2UKZ7	64.6	415	6.95e-189	527
C289__EHA02355_bin.24_gene_66_4	B2UM21	50.2	333	1.71e-114	333
C289__EHA02355_bin.24_gene_66_7	B2UP18	63.7	212	6.18e-93	268
C289__EHA02355_bin.24_gene_66_9	B2ULK8	66.5	185	1.51e-93	267
C289__EHA02355_bin.24_gene_66_10	B2UPK9	42.4	151	2.43e-41	132
C289__EHA02355_bin.24_gene_66_11	B2UPL0	46.6	451	5.55e-128	377
C289__EHA02355_bin.24_gene_67_1	B2UNI9	60.7	61	1.99e-21	79.7
C289__EHA02355_bin.24_gene_67_2	B2UNB9	26.7	307	1.31e-18	83.6
C289__EHA02355_bin.24_gene_68_1	B2UPF0	68.5	54	2.14e-22	84.0
C289__EHA02355_bin.24_gene_68_3	B2UPF1	44.5	110	1.21e-20	85.5
C289__EHA02355_bin.24_gene_68_4	B2UPF2	56.1	296	3.99e-101	295
C289__EHA02355_bin.24_gene_68_5	B2UMR2	79.7	345	2.16e-213	584
C289__EHA02355_bin.24_gene_68_6	B2UMR1	51.8	110	5.21e-35	113
C289__EHA02355_bin.24_gene_68_9	B2UKX2	39.2	395	2.23e-91	278
C289__EHA02355_bin.24_gene_68_10	B2ULT3	52.0	302	6.93e-90	266
C289__EHA02355_bin.24_gene_68_12	B2UNU6	58.3	276	7.86e-117	337
C289__EHA02355_bin.24_gene_68_13	B2UQQ7	50.0	186	3.34e-59	182
C289__EHA02355_bin.24_gene_68_14	B2UP87	34.9	109	3.78e-22	83.2
C289__EHA02355_bin.24_gene_68_16	B2ULT9	49.0	310	2.99e-97	287
C289__EHA02355_bin.24_gene_68_17	B2ULU0	76.9	390	1.82e-221	608
C289__EHA02355_bin.24_gene_68_18	B2UR62	40.4	451	8.21e-115	342
C289__EHA02355_bin.24_gene_68_19	B2UP73	70.0	506	1.41e-262	721
C289__EHA02355_bin.24_gene_68_20	B2UQH4	38.0	619	2.66e-125	389
C289__EHA02355_bin.24_gene_68_21	B2UPP6	82.5	211	1.56e-129	368
C289__EHA02355_bin.24_gene_69_1	B2UNI9	57.0	135	4.99e-53	162
C289__EHA02355_bin.24_gene_69_2	B2ULA9	41.7	753	3.34e-183	546
C289__EHA02355_bin.24_gene_70_1	B2UNX4	81.5	401	5.66e-230	632
C289__EHA02355_bin.24_gene_70_2	B2UNX5	55.3	291	2.37e-101	295
C289__EHA02355_bin.24_gene_70_3	B2UNX6	74.7	506	7.30e-271	742
C289__EHA02355_bin.24_gene_70_4	B2UNX7	42.9	126	5.89e-31	104
C289__EHA02355_bin.24_gene_70_5	B2UNX8	42.3	163	2.75e-31	108
C289__EHA02355_bin.24_gene_70_6	B2UNX9	65.7	67	1.00e-19	72.0
C289__EHA02355_bin.24_gene_70_7	B2UNY0	47.1	223	1.62e-69	212
C289__EHA02355_bin.24_gene_71_3	B2UMP9	42.7	337	1.24e-82	255
C289__EHA02355_bin.24_gene_71_5	B2UQF2	42.4	85	2.93e-19	71.6
C289__EHA02355_bin.24_gene_72_1	B2URI9	58.1	258	2.38e-101	295
C289__EHA02355_bin.24_gene_72_3	B2UPE1	80.9	293	1.26e-171	473
C289__EHA02355_bin.24_gene_72_4	B2UNL9	79.2	77	1.29e-44	134
C289__EHA02355_bin.24_gene_72_5	B2UNM0	35.8	120	1.14e-23	87.8
C289__EHA02355_bin.24_gene_72_6	B2UPN5	53.2	517	1.11e-185	528
C289__EHA02355_bin.24_gene_72_7	B2UP72	48.4	469	1.21e-165	473
C289__EHA02355_bin.24_gene_72_11	B2UMD4	63.5	52	1.99e-16	64.3
C289__EHA02355_bin.24_gene_72_13	B2UMS7	72.0	890	0.0	1333
C289__EHA02355_bin.24_gene_72_14	B2UR65	39.5	519	2.33e-99	305
C289__EHA02355_bin.24_gene_72_15	B2UR65	39.4	523	5.24e-99	304
C289__EHA02355_bin.24_gene_72_16	B2ULG6	48.1	187	1.74e-54	177
C289__EHA02355_bin.24_gene_72_17	B2UPJ1	59.2	375	3.32e-158	446
C289__EHA02355_bin.24_gene_72_18	B2UPJ0	72.0	328	7.88e-166	462
C289__EHA02355_bin.24_gene_72_19	B2UPI9	82.8	338	4.56e-204	559
C289__EHA02355_bin.24_gene_72_20	B2UQX8	56.1	57	1.83e-15	62.8
C289__EHA02355_bin.24_gene_72_21	B2UR55	30.3	340	1.22e-41	163
C289__EHA02355_bin.24_gene_72_22	B2URA4	45.6	840	1.43e-258	738
C289__EHA02355_bin.24_gene_74_1	B2UQK8	71.2	375	2.10e-189	526
C289__EHA02355_bin.24_gene_74_2	B2UQJ4	60.7	507	8.33e-216	602
C289__EHA02355_bin.24_gene_74_3	B2UQ47	53.6	140	2.68e-35	117
C289__EHA02355_bin.24_gene_74_4	B2UQ48	85.7	112	9.94e-67	193
C289__EHA02355_bin.24_gene_74_5	B2UQ49	41.6	310	3.54e-80	243
C289__EHA02355_bin.24_gene_74_6	B2UQ50	73.8	229	1.06e-118	335
C289__EHA02355_bin.24_gene_74_7	B2UQ51	49.2	321	1.53e-109	319
C289__EHA02355_bin.24_gene_74_9	B2UQU2	59.4	197	1.13e-83	243
C289__EHA02355_bin.24_gene_74_10	B2UR47	55.8	403	3.99e-164	464
C289__EHA02355_bin.24_gene_75_4	B2ULL7	70.1	422	2.27e-201	559
C289__EHA02355_bin.24_gene_75_5	B2ULL8	73.4	560	1.23e-306	837
C289__EHA02355_bin.24_gene_75_6	B2ULL9	69.4	546	2.00e-265	733
C289__EHA02355_bin.24_gene_75_7	B2UP97	39.5	256	7.34e-50	165
C289__EHA02355_bin.24_gene_75_8	B2UKW5	37.6	117	1.26e-11	57.0
C289__EHA02355_bin.24_gene_75_9	B2UMC3	75.8	165	2.43e-90	257
C289__EHA02355_bin.24_gene_76_1	B2UL94	26.4	1530	3.84e-128	441
C289__EHA02355_bin.24_gene_77_1	B2UR81	66.7	348	1.14e-185	513
C289__EHA02355_bin.24_gene_77_3	B2URP7	43.3	208	7.13e-49	155
C289__EHA02355_bin.24_gene_77_4	B2URP6	78.3	253	4.64e-144	400
C289__EHA02355_bin.24_gene_77_5	B2URP5	74.5	321	2.91e-172	477
C289__EHA02355_bin.24_gene_77_6	B2URP4	57.9	793	5.22e-313	872
C289__EHA02355_bin.24_gene_77_7	B2URP3	52.4	164	7.21e-55	179
C289__EHA02355_bin.24_gene_78_1	B2ULD2	63.4	164	3.46e-75	219
C289__EHA02355_bin.24_gene_78_4	B2UPS4	84.1	548	0.0	943
C289__EHA02355_bin.24_gene_78_5	B2UR37	72.3	415	1.51e-206	575
C289__EHA02355_bin.24_gene_78_6	B2UR38	44.2	199	4.79e-49	155
C289__EHA02355_bin.24_gene_78_7	B2UR39	50.5	918	6.33e-294	832
C289__EHA02355_bin.24_gene_78_8	B2UR40	36.3	339	2.63e-55	180
C289__EHA02355_bin.24_gene_78_10	B2UR42	44.1	597	1.63e-164	479
C289__EHA02355_bin.24_gene_78_12	B2UR44	61.5	301	2.34e-140	397
C289__EHA02355_bin.24_gene_78_13	B2UR45	50.3	326	1.17e-114	332
C289__EHA02355_bin.24_gene_79_2	B2URL1	37.8	164	3.17e-27	97.8
C289__EHA02355_bin.24_gene_79_3	B2UN71	53.9	382	1.11e-147	421
C289__EHA02355_bin.24_gene_79_4	B2UN72	78.9	427	1.20e-247	677
C289__EHA02355_bin.24_gene_79_6	B2UMQ3	46.4	220	1.26e-51	168
C289__EHA02355_bin.24_gene_79_7	B2UMQ2	40.8	292	3.38e-60	192
C289__EHA02355_bin.24_gene_80_1	B2UKY4	51.3	277	2.01e-91	274
C289__EHA02355_bin.24_gene_80_3	B2UPB7	51.2	213	1.43e-70	212
C289__EHA02355_bin.24_gene_80_4	B2UPB6	49.6	698	1.57e-226	650
C289__EHA02355_bin.24_gene_80_5	B2UPB5	72.6	252	5.95e-131	367
C289__EHA02355_bin.24_gene_80_6	B2UPB8	57.1	198	3.12e-71	215
C289__EHA02355_bin.24_gene_81_2	B2UM54	57.1	238	1.32e-90	264
C289__EHA02355_bin.24_gene_81_3	B2UM55	62.7	346	2.53e-146	413
C289__EHA02355_bin.24_gene_81_4	B2UL69	55.0	762	5.62e-271	763
C289__EHA02355_bin.24_gene_81_5	B2UMZ6	58.6	140	1.51e-51	161
C289__EHA02355_bin.24_gene_82_1	B2UPZ2	40.1	372	2.41e-87	267
C289__EHA02355_bin.24_gene_83_2	B2URG5	52.0	560	6.06e-203	574
C289__EHA02355_bin.24_gene_83_3	B2UMH7	45.0	262	1.12e-66	206
C289__EHA02355_bin.24_gene_83_4	B2UQ23	74.6	331	2.75e-181	501
C289__EHA02355_bin.24_gene_83_5	B2UNA3	56.0	207	1.08e-80	236
C289__EHA02355_bin.24_gene_83_6	B2UQP6	60.7	173	1.06e-72	216
C289__EHA02355_bin.24_gene_84_2	B2ULP8	29.3	167	2.86e-15	72.0
C289__EHA02355_bin.24_gene_84_4	B2UPF0	80.4	393	3.20e-227	625
C289__EHA02355_bin.24_gene_85_1	B2UL61	71.1	249	6.88e-122	346
C289__EHA02355_bin.24_gene_85_2	B2UL62	63.8	260	2.02e-126	356
C289__EHA02355_bin.24_gene_85_3	B2UL63	57.4	136	1.88e-49	162
C289__EHA02355_bin.24_gene_86_1	B2UPN4	72.6	533	1.36e-290	795
C289__EHA02355_bin.24_gene_86_2	B2UMX5	62.2	135	3.23e-60	178
C289__EHA02355_bin.24_gene_86_3	B2ULD4	44.7	873	1.14e-252	727
C289__EHA02355_bin.24_gene_86_4	B2ULF1	68.4	212	7.22e-108	306
C289__EHA02355_bin.24_gene_86_5	B2UPY3	59.8	184	3.64e-68	211
C289__EHA02355_bin.24_gene_86_6	B2UPY3	82.5	177	1.13e-105	307
C289__EHA02355_bin.24_gene_86_7	B2UPY2	68.0	278	3.38e-143	401
C289__EHA02355_bin.24_gene_88_1	B2ULB5	45.0	329	1.87e-95	284
C289__EHA02355_bin.24_gene_88_2	B2ULB6	63.9	551	2.01e-233	662
C289__EHA02355_bin.24_gene_89_5	B2UPY9	31.5	343	3.96e-43	155
C289__EHA02355_bin.24_gene_90_2	B2UN29	80.6	242	9.70e-144	401
C289__EHA02355_bin.24_gene_90_3	B2UNH8	65.8	366	2.26e-162	468
C289__EHA02355_bin.24_gene_91_1	B2UMH5	75.0	232	6.96e-122	348
C289__EHA02355_bin.24_gene_91_2	B2UMH4	71.3	296	2.81e-151	422
C289__EHA02355_bin.24_gene_91_3	B2UR32	50.0	460	2.20e-149	430
C289__EHA02355_bin.24_gene_92_1	B2UN98	50.7	203	7.63e-73	233
C289__EHA02355_bin.24_gene_92_2	B2UMQ5	79.6	377	2.74e-228	624
C289__EHA02355_bin.24_gene_92_3	B2UM22	58.3	391	9.80e-166	467
C289__EHA02355_bin.24_gene_92_6	B2UNL6	52.1	284	1.25e-103	301
C289__EHA02355_bin.24_gene_92_10	B2UP41	58.6	548	1.29e-239	673
C289__EHA02355_bin.24_gene_92_11	B2ULD0	50.0	168	2.53e-56	171
C289__EHA02355_bin.24_gene_92_12	B2ULC9	56.7	252	5.64e-106	304
C289__EHA02355_bin.24_gene_92_13	B2UQZ0	64.8	352	1.58e-157	443
C289__EHA02355_bin.24_gene_92_14	B2UQZ1	59.8	450	4.31e-175	494
C289__EHA02355_bin.24_gene_92_15	B2UQZ2	89.0	191	1.16e-124	348
C289__EHA02355_bin.24_gene_92_16	B2UQZ3	41.1	433	5.69e-112	334
C289__EHA02355_bin.24_gene_92_17	B2UQZ4	52.2	776	4.30e-291	818
C289__EHA02355_bin.24_gene_93_1	B2URJ1	78.7	1063	0.0	1679
C289__EHA02355_bin.24_gene_94_1	B2UPY5	55.9	488	2.82e-184	528
C289__EHA02355_bin.24_gene_94_7	B2ULY2	49.0	545	4.49e-160	463
C289__EHA02355_bin.24_gene_94_8	B2ULY1	50.9	53	1.06e-14	64.3
C289__EHA02355_bin.24_gene_96_2	B2UKX3	50.1	844	3.71e-271	769
C289__EHA02355_bin.24_gene_96_3	B2ULS0	42.7	361	2.06e-104	313
C289__EHA02355_bin.24_gene_96_4	B2ULS1	39.2	497	2.10e-106	321
C289__EHA02355_bin.24_gene_96_8	B2UQA7	65.2	158	7.86e-75	217
C289__EHA02355_bin.24_gene_96_13	B2UQ54	22.3	282	2.15e-13	66.6
C289__EHA02355_bin.24_gene_96_14	B2UPJ3	43.2	111	1.10e-20	87.0
C289__EHA02355_bin.24_gene_96_15	B2UQ55	30.4	227	7.09e-24	97.1
C289__EHA02355_bin.24_gene_96_16	B2UQ55	30.9	259	4.43e-37	139
C289__EHA02355_bin.24_gene_96_22	B2UKY5	78.8	326	4.16e-186	513
C289__EHA02355_bin.24_gene_96_24	B2UM88	61.2	407	8.99e-192	533
C289__EHA02355_bin.24_gene_96_25	B2UM87	44.1	127	1.52e-35	118
C289__EHA02355_bin.24_gene_96_27	B2UL01	46.6	928	1.90e-278	791
C289__EHA02355_bin.24_gene_96_28	B2URC7	62.1	501	9.92e-244	675
C289__EHA02355_bin.24_gene_96_30	B2UKM5	60.6	71	5.03e-28	93.2
C289__EHA02355_bin.24_gene_96_33	B2UQE2	79.7	424	2.14e-245	671
C289__EHA02355_bin.24_gene_96_34	B2ULG2	79.0	744	0.0	1097
C289__EHA02355_bin.24_gene_97_1	B2UPN8	42.0	1157	1.18e-296	867
C289__EHA02355_bin.24_gene_97_2	B2UM27	51.4	109	1.28e-34	117
C289__EHA02355_bin.24_gene_98_1	B2UMP7	23.9	159	1.32e-07	46.2
C289__EHA02355_bin.24_gene_98_2	B2UMP6	35.8	109	4.72e-09	46.6
C289__EHA02355_bin.24_gene_98_4	B2UMP4	65.0	468	8.84e-219	607
C289__EHA02355_bin.24_gene_98_6	B2UP29	64.4	253	2.26e-115	329
C289__EHA02355_bin.24_gene_98_7	B2UQR6	61.5	410	5.61e-173	485
C289__EHA02355_bin.24_gene_98_8	B2UP28	52.1	407	1.95e-145	417
C289__EHA02355_bin.24_gene_98_9	B2UME1	83.0	452	2.18e-267	733
C289__EHA02355_bin.24_gene_99_1	B2UNM1	45.0	622	2.63e-183	531
C289__EHA02355_bin.24_gene_99_2	B2UL32	62.3	292	2.65e-112	322
C289__EHA02355_bin.24_gene_99_3	B2UNS2	69.7	512	4.21e-255	702
C289__EHA02355_bin.24_gene_99_5	B2UPZ7	48.6	370	4.08e-123	360
C289__EHA02355_bin.24_gene_100_2	B2ULS4	54.1	368	4.24e-152	432
C289__EHA02355_bin.24_gene_100_3	B2UM13	53.3	574	3.12e-219	617
C289__EHA02355_bin.24_gene_100_4	B2ULU2	70.0	120	3.86e-63	184
C289__EHA02355_bin.24_gene_100_5	B2UM34	50.3	332	1.44e-111	326
C289__EHA02355_bin.24_gene_100_6	B2UQK1	67.7	916	0.0	1267
C289__EHA02355_bin.24_gene_100_7	B2UPU6	48.1	699	3.94e-231	658
C289__EHA02355_bin.24_gene_100_8	B2UPS7	35.4	240	2.31e-43	144
C289__EHA02355_bin.24_gene_101_1	B2UM33	75.1	221	2.65e-116	342
C289__EHA02355_bin.24_gene_101_2	B2UPP1	73.2	183	6.11e-94	268
C289__EHA02355_bin.24_gene_101_3	B2UPP2	41.3	150	2.59e-43	139
C289__EHA02355_bin.24_gene_101_4	B2UPP2	50.9	163	3.19e-63	190
C289__EHA02355_bin.24_gene_101_5	B2UM62	45.6	353	1.47e-101	303
C289__EHA02355_bin.24_gene_102_4	B2UQ43	39.4	312	1.38e-77	236
C289__EHA02355_bin.24_gene_102_5	B2UNN5	58.4	955	0.0	1072
C289__EHA02355_bin.24_gene_102_6	B2UPP9	79.9	283	3.91e-178	489
C289__EHA02355_bin.24_gene_103_1	B2URM3	30.3	208	1.71e-07	51.6
C289__EHA02355_bin.24_gene_104_1	B2UMN1	78.5	810	0.0	1306
C289__EHA02355_bin.24_gene_104_2	B2UL65	46.8	250	1.35e-75	226
C289__EHA02355_bin.24_gene_104_3	B2UR22	39.1	238	6.42e-58	182
C289__EHA02355_bin.24_gene_105_1	B2UNV0	34.7	72	4.42e-10	51.2
C289__EHA02355_bin.24_gene_105_3	B2URB4	31.5	216	1.14e-22	88.2
C289__EHA02355_bin.24_gene_105_4	B2UL52	54.3	317	5.00e-119	345
C289__EHA02355_bin.24_gene_105_5	B2UL51	48.3	290	2.36e-82	249
C289__EHA02355_bin.24_gene_106_3	B2UNZ7	54.7	256	1.80e-92	270
C289__EHA02355_bin.24_gene_106_4	B2UNZ6	51.3	115	1.19e-28	103
C289__EHA02355_bin.24_gene_107_2	B2ULX7	58.0	736	4.18e-299	840
C289__EHA02355_bin.24_gene_107_3	B2ULX8	48.8	387	3.91e-117	347
C289__EHA02355_bin.24_gene_107_5	B2UR55	32.0	281	4.15e-35	142
C289__EHA02355_bin.24_gene_107_6	B2UQU9	78.8	849	0.0	1415
C289__EHA02355_bin.24_gene_108_2	B2UPD6	42.5	924	4.95e-252	745
C289__EHA02355_bin.24_gene_108_3	B2UPD6	43.8	502	1.04e-126	400
C289__EHA02355_bin.24_gene_108_4	B2UR29	28.3	683	6.81e-62	215
C289__EHA02355_bin.24_gene_109_1	B2UP38	60.4	839	0.0	948
C289__EHA02355_bin.24_gene_109_2	B2UMB7	56.2	258	7.58e-86	253
C289__EHA02355_bin.24_gene_109_7	B2UPX5	62.9	291	6.21e-129	365
C289__EHA02355_bin.24_gene_109_8	B2UPX6	78.2	225	3.03e-124	348
C289__EHA02355_bin.24_gene_109_9	B2UQR2	37.5	397	6.00e-82	259
C289__EHA02355_bin.24_gene_110_2	B2URF2	55.8	681	4.08e-250	704
C289__EHA02355_bin.24_gene_110_3	B2URF1	52.3	222	1.06e-78	232
C289__EHA02355_bin.24_gene_111_1	B2UMW7	41.8	177	1.38e-31	116
C289__EHA02355_bin.24_gene_111_2	B2UMW8	51.5	237	1.25e-81	242
C289__EHA02355_bin.24_gene_111_3	B2UM82	72.9	343	1.21e-187	518
C289__EHA02355_bin.24_gene_112_1	B2UM00	59.7	196	3.58e-72	222
C289__EHA02355_bin.24_gene_112_2	B2UNB9	31.5	731	2.95e-98	315
C289__EHA02355_bin.24_gene_112_3	B2URG0	47.3	841	5.75e-269	764
C289__EHA02355_bin.24_gene_112_4	B2UM64	60.9	128	5.67e-56	167
C289__EHA02355_bin.24_gene_112_5	B2UM65	54.3	92	5.91e-27	92.0
C289__EHA02355_bin.24_gene_112_6	B2UKV6	78.6	640	0.0	964
C289__EHA02355_bin.24_gene_112_7	B2UKV7	82.3	96	6.78e-53	157
C289__EHA02355_bin.24_gene_112_8	B2UKV8	87.2	39	2.83e-17	68.6
C289__EHA02355_bin.24_gene_113_3	B2UQS8	79.4	253	5.26e-154	425
C289__EHA02355_bin.24_gene_113_4	B2UQS9	81.9	652	0.0	1111
C289__EHA02355_bin.24_gene_113_5	B2UQT0	53.4	236	2.14e-84	247
C289__EHA02355_bin.24_gene_113_6	B2UNX1	43.5	154	2.20e-40	130
C289__EHA02355_bin.24_gene_113_7	B2UQB6	42.2	275	1.25e-67	211
C289__EHA02355_bin.24_gene_115_1	B2UR82	42.5	247	2.69e-63	204
C289__EHA02355_bin.24_gene_115_6	B2UP93	56.8	148	1.49e-55	169
C289__EHA02355_bin.24_gene_115_7	B2UP82	27.2	459	7.31e-42	152
C289__EHA02355_bin.24_gene_115_11	B2UQG0	78.1	411	1.12e-238	664
C289__EHA02355_bin.24_gene_116_2	B2UMN1	37.4	484	1.61e-77	273
C289__EHA02355_bin.24_gene_116_4	B2UL36	47.5	423	1.57e-137	397
C289__EHA02355_bin.24_gene_116_5	B2UKT6	37.7	159	1.26e-30	106
C289__EHA02355_bin.24_gene_116_6	B2UKT7	54.0	276	6.53e-101	293
C289__EHA02355_bin.24_gene_117_2	B2UR15	26.6	507	6.29e-31	122
C289__EHA02355_bin.24_gene_117_3	B2UNR9	50.0	324	4.13e-112	326
C289__EHA02355_bin.24_gene_117_4	B2UNR8	55.9	306	1.56e-110	320
C289__EHA02355_bin.24_gene_117_5	B2UPE2	52.4	191	2.37e-70	218
C289__EHA02355_bin.24_gene_117_6	B2UQD9	82.6	333	5.40e-204	563
C289__EHA02355_bin.24_gene_118_1	B2UPX8	78.2	261	6.16e-154	426
C289__EHA02355_bin.24_gene_118_2	B2UQ97	76.0	492	6.08e-281	766
C289__EHA02355_bin.24_gene_118_3	B2UL72	47.9	409	1.82e-123	360
C289__EHA02355_bin.24_gene_118_4	B2UL72	46.9	409	1.55e-125	366
C289__EHA02355_bin.24_gene_119_4	B2UQI8	73.6	1029	0.0	1447
C289__EHA02355_bin.24_gene_119_5	B2UQI7	59.3	364	4.22e-132	380
C289__EHA02355_bin.24_gene_119_8	B2URE7	70.5	244	3.17e-120	339
C289__EHA02355_bin.24_gene_119_9	B2URE6	81.2	515	2.28e-311	845
C289__EHA02355_bin.24_gene_119_10	B2UQH2	80.9	188	5.34e-110	308
C289__EHA02355_bin.24_gene_119_11	B2UMK1	63.0	100	1.32e-43	137
C289__EHA02355_bin.24_gene_119_14	B2UNU8	59.3	720	1.11e-316	880
C289__EHA02355_bin.24_gene_119_15	B2UQT2	68.0	256	9.57e-133	372
C289__EHA02355_bin.24_gene_119_16	B2UQT1	51.3	78	1.64e-18	69.3
C289__EHA02355_bin.24_gene_119_17	B2UQ53	35.8	123	1.37e-19	78.6
C289__EHA02355_bin.24_gene_121_1	B2UQR3	50.7	229	6.17e-79	235
C289__EHA02355_bin.24_gene_121_4	B2ULW7	35.8	349	3.42e-41	144
C289__EHA02355_bin.24_gene_121_7	B2UR11	28.6	224	7.56e-20	85.5
C289__EHA02355_bin.24_gene_122_3	B2UNQ5	50.3	143	6.79e-49	150
C289__EHA02355_bin.24_gene_122_4	B2URB6	45.9	283	1.16e-87	259
C289__EHA02355_bin.24_gene_122_5	B2UQ27	57.8	109	5.51e-42	135
C289__EHA02355_bin.24_gene_122_6	B2UQ19	57.3	422	3.16e-160	456
C289__EHA02355_bin.24_gene_122_7	B2UM60	53.6	351	4.82e-129	384
C289__EHA02355_bin.24_gene_123_1	B2UQD6	74.6	59	1.01e-28	96.7
C289__EHA02355_bin.24_gene_123_2	B2UQD7	45.2	168	1.66e-43	139
C289__EHA02355_bin.24_gene_123_4	B2ULJ7	51.5	299	1.49e-106	309
C289__EHA02355_bin.24_gene_123_6	B2UNP2	36.5	416	4.10e-95	297
C289__EHA02355_bin.24_gene_123_7	B2UNY2	48.9	699	4.85e-224	647
C289__EHA02355_bin.24_gene_124_3	B2UQ04	81.3	342	4.07e-187	516
C289__EHA02355_bin.24_gene_124_4	B2UNL4	43.2	301	3.66e-82	248
C289__EHA02355_bin.24_gene_124_5	B2UPE5	68.1	357	2.39e-175	494
C289__EHA02355_bin.24_gene_125_2	B2ULM7	63.8	246	2.84e-99	286
C289__EHA02355_bin.24_gene_125_3	B2ULM8	57.0	263	1.27e-95	278
C289__EHA02355_bin.24_gene_125_4	B2ULM9	53.6	306	1.36e-95	286
C289__EHA02355_bin.24_gene_126_2	B2UNI0	41.1	482	4.70e-124	377
C289__EHA02355_bin.24_gene_126_3	B2UN93	61.7	277	2.87e-109	318
C289__EHA02355_bin.24_gene_126_4	B2URM5	86.0	852	0.0	1472
C289__EHA02355_bin.24_gene_126_5	B2URM6	85.6	850	0.0	1425
C289__EHA02355_bin.24_gene_127_1	B2UM33	84.6	26	4.04e-11	50.4
C289__EHA02355_bin.24_gene_127_2	B2ULG6	39.3	270	3.52e-50	172
C289__EHA02355_bin.24_gene_128_1	B2UQA6	59.7	1236	0.0	1486
C289__EHA02355_bin.24_gene_128_2	B2UPR5	50.4	115	1.25e-28	97.8
C289__EHA02355_bin.24_gene_128_4	B2UNQ8	62.9	1261	0.0	1537
C289__EHA02355_bin.24_gene_128_8	B2URQ6	69.8	106	3.97e-52	155
C289__EHA02355_bin.24_gene_128_9	B2UKL9	74.5	188	4.81e-92	263
C289__EHA02355_bin.24_gene_128_10	B2UKM0	77.6	241	3.66e-129	362
C289__EHA02355_bin.24_gene_128_11	B2UKM1	47.8	253	1.38e-75	230
C289__EHA02355_bin.24_gene_128_13	B2UM02	73.8	557	7.27e-275	766
C289__EHA02355_bin.24_gene_128_14	B2UNU3	62.6	187	2.00e-75	221
C289__EHA02355_bin.24_gene_128_15	B2UNU4	31.7	246	2.50e-35	124
C289__EHA02355_bin.24_gene_128_16	B2UQJ5	32.9	140	1.88e-18	73.2
C289__EHA02355_bin.24_gene_128_19	B2UN46	69.4	614	0.0	882
C289__EHA02355_bin.24_gene_128_21	B2UNR0	53.7	162	3.70e-59	178
C289__EHA02355_bin.24_gene_128_22	B2UNQ9	52.8	250	4.65e-78	233
C289__EHA02355_bin.24_gene_129_4	B2UM83	49.0	261	1.74e-82	250
C289__EHA02355_bin.24_gene_129_5	B2UNV9	66.7	481	4.67e-253	696
C289__EHA02355_bin.24_gene_129_7	B2ULV9	60.3	262	2.06e-108	311
C289__EHA02355_bin.24_gene_129_8	B2ULW0	65.1	252	3.57e-116	331
C289__EHA02355_bin.24_gene_130_1	B2UKW8	89.2	74	1.55e-41	135
C289__EHA02355_bin.24_gene_130_2	B2UNR6	27.2	475	4.01e-40	146
C289__EHA02355_bin.24_gene_130_3	B2UNR7	74.2	1183	0.0	1774
C289__EHA02355_bin.24_gene_130_4	B2UM53	51.6	225	1.73e-76	228
C289__EHA02355_bin.24_gene_131_5	B2UQT7	69.1	243	5.39e-112	320
C289__EHA02355_bin.24_gene_131_10	B2UMH6	65.0	429	2.59e-186	521
C289__EHA02355_bin.24_gene_131_11	B2UL92	76.2	504	1.16e-288	787
C289__EHA02355_bin.24_gene_131_16	B2UKV5	43.5	639	5.23e-177	515
C289__EHA02355_bin.24_gene_131_17	B2UKW7	89.8	333	2.27e-221	602
C289__EHA02355_bin.24_gene_131_18	B2UKW8	87.7	260	5.93e-159	444
C289__EHA02355_bin.24_gene_133_5	B2UKW0	64.0	741	1.33e-317	880
C289__EHA02355_bin.24_gene_134_2	B2UPC8	59.5	126	1.79e-50	154
C289__EHA02355_bin.24_gene_134_3	B2UQ95	50.2	211	6.61e-58	179
C289__EHA02355_bin.24_gene_134_4	B2UQ94	56.0	334	7.10e-129	368
C289__EHA02355_bin.24_gene_134_6	B2UNU0	34.2	263	1.14e-39	140
C289__EHA02355_bin.24_gene_134_7	B2UQ93	63.6	143	1.74e-66	195
C289__EHA02355_bin.24_gene_135_3	B2UNE5	29.0	331	1.39e-24	103
C289__EHA02355_bin.24_gene_137_1	B2UL50	50.8	370	5.23e-108	330
C289__EHA02355_bin.24_gene_137_2	B2UL83	29.6	649	1.03e-62	220
C289__EHA02355_bin.24_gene_137_4	B2ULB7	28.7	719	3.11e-93	306
C289__EHA02355_bin.24_gene_137_5	B2UPH3	56.7	157	1.89e-62	187
C289__EHA02355_bin.24_gene_137_6	B2UQR6	67.2	180	4.94e-79	237
C289__EHA02355_bin.24_gene_138_1	B2UPE4	22.7	824	2.53e-34	140
C289__EHA02355_bin.24_gene_139_2	B2UN91	66.3	430	3.57e-210	582
C289__EHA02355_bin.24_gene_139_3	B2UN75	44.2	437	8.33e-118	354
C289__EHA02355_bin.24_gene_139_5	B2UM12	55.8	432	1.55e-172	488
C289__EHA02355_bin.24_gene_139_7	B2UPR9	61.1	365	4.45e-161	452
C289__EHA02355_bin.24_gene_139_9	B2UNY8	52.4	288	2.20e-104	304
C289__EHA02355_bin.24_gene_139_10	B2UM19	42.0	286	1.33e-67	208
C289__EHA02355_bin.24_gene_139_11	B2UNN8	72.9	473	8.67e-254	696
C289__EHA02355_bin.24_gene_139_13	B2UP09	83.6	513	1.89e-311	846
C289__EHA02355_bin.24_gene_139_14	B2UP08	76.3	338	1.49e-176	489
C289__EHA02355_bin.24_gene_139_15	B2UR59	66.0	347	2.75e-172	490
C289__EHA02355_bin.24_gene_139_16	B2UR59	43.9	171	2.84e-42	146
C289__EHA02355_bin.24_gene_139_17	B2UPP4	54.1	340	5.77e-121	349
C289__EHA02355_bin.24_gene_139_18	B2UQ18	74.3	257	2.61e-130	366
C289__EHA02355_bin.24_gene_139_19	B2ULU3	75.3	308	2.57e-158	441
C289__EHA02355_bin.24_gene_139_20	B2ULU4	71.9	303	6.01e-160	444
C289__EHA02355_bin.24_gene_139_21	B2ULU5	45.6	632	8.44e-198	566
C289__EHA02355_bin.24_gene_139_23	B2ULD3	74.9	398	2.34e-220	605
C289__EHA02355_bin.24_gene_139_24	B2UMC9	70.7	553	8.21e-299	816
C289__EHA02355_bin.24_gene_140_6	B2UP52	49.8	408	1.16e-138	402
C289__EHA02355_bin.24_gene_140_8	B2UQ70	42.3	215	5.13e-58	179
C289__EHA02355_bin.24_gene_140_9	B2UL26	57.5	285	9.92e-124	352
C289__EHA02355_bin.24_gene_140_12	B2ULE6	46.3	352	6.63e-81	255
C289__EHA02355_bin.24_gene_140_13	B2UQP8	44.8	377	1.14e-108	323
C289__EHA02355_bin.24_gene_141_6	B2UQR4	35.4	82	1.11e-13	60.8
C289__EHA02355_bin.24_gene_141_7	B2UM82	31.2	346	2.98e-31	117
C289__EHA02355_bin.24_gene_142_1	B2UR57	71.3	94	7.87e-45	143
C289__EHA02355_bin.24_gene_142_2	B2UP20	37.8	259	8.90e-56	177
C289__EHA02355_bin.24_gene_142_4	B2UPE4	24.9	774	1.26e-37	148
C289__EHA02355_bin.24_gene_143_1	B2URN1	50.3	364	2.49e-120	349
C289__EHA02355_bin.24_gene_144_5	B2UMI5	23.8	760	3.09e-34	141
C289__EHA02355_bin.24_gene_144_8	B2UKT4	67.9	841	0.0	1150
C289__EHA02355_bin.24_gene_146_1	B2URN0	39.9	303	9.54e-64	207
C289__EHA02355_bin.24_gene_146_3	B2UN20	57.0	135	1.76e-46	152
C289__EHA02355_bin.24_gene_147_13	B2UP44	34.2	117	8.63e-14	60.1
C289__EHA02355_bin.24_gene_147_18	B2UPI8	87.6	241	4.73e-164	449
C289__EHA02355_bin.24_gene_148_2	B2UP41	53.0	553	1.22e-210	599
C289__EHA02355_bin.24_gene_148_4	B2UN33	50.3	173	1.27e-56	174
C289__EHA02355_bin.24_gene_148_5	B2UR35	61.9	307	7.16e-140	395
C289__EHA02355_bin.24_gene_148_6	B2UQH5	55.3	552	6.16e-195	553
C289__EHA02355_bin.24_gene_148_7	B2UQH6	54.8	261	1.81e-101	293
C289__EHA02355_bin.24_gene_148_8	B2UQH7	38.5	252	6.87e-58	182
C289__EHA02355_bin.24_gene_149_1	B2ULC0	52.8	197	1.31e-70	216
C289__EHA02355_bin.24_gene_149_2	B2UQI5	62.6	238	1.74e-103	299
C289__EHA02355_bin.24_gene_149_3	B2UQI4	79.9	324	3.55e-193	530
C289__EHA02355_bin.24_gene_149_4	B2UQI3	60.0	427	1.51e-179	504
C289__EHA02355_bin.24_gene_152_2	B2UPX3	49.5	376	1.73e-127	369
C289__EHA02355_bin.24_gene_152_3	B2UPX2	34.0	468	3.12e-75	244
C289__EHA02355_bin.24_gene_152_4	B2UPX1	58.2	462	7.67e-194	548
C289__EHA02355_bin.24_gene_152_5	B2UPE6	57.5	181	3.78e-68	204
C289__EHA02355_bin.24_gene_152_6	B2UPE5	52.7	150	1.76e-49	162
C289__EHA02355_bin.24_gene_153_1	B2UQ68	63.0	173	5.06e-64	191
C289__EHA02355_bin.24_gene_153_2	B2UPU5	66.8	440	2.79e-227	626
C289__EHA02355_bin.24_gene_153_3	B2URK9	73.0	304	1.72e-162	451
C289__EHA02355_bin.24_gene_153_4	B2URK8	60.0	473	2.05e-200	560
C289__EHA02355_bin.24_gene_154_2	B2UPZ7	51.8	409	2.92e-139	401
C289__EHA02355_bin.24_gene_154_3	B2UPZ7	50.7	377	5.30e-131	380
C289__EHA02355_bin.24_gene_154_4	B2UPZ7	47.3	404	1.17e-120	354
C289__EHA02355_bin.24_gene_154_8	B2UQ37	52.7	150	3.00e-50	155
C289__EHA02355_bin.24_gene_154_9	B2UPA8	47.0	492	1.11e-138	414
C289__EHA02355_bin.24_gene_154_10	B2UL70	35.3	156	1.43e-17	73.6
C289__EHA02355_bin.24_gene_154_11	B2UP65	41.1	90	4.60e-15	68.2
C289__EHA02355_bin.24_gene_154_12	B2UQ31	69.2	367	2.32e-184	514
C289__EHA02355_bin.24_gene_154_13	B2URM9	29.8	640	4.65e-74	262
C289__EHA02355_bin.24_gene_154_14	B2UMX9	69.4	827	0.0	1121
C289__EHA02355_bin.24_gene_154_15	B2URG3	75.9	257	7.49e-141	392
C289__EHA02355_bin.24_gene_156_1	B2UR47	62.5	24	6.77e-06	35.8
C289__EHA02355_bin.24_gene_156_2	B2UR48	79.0	291	7.65e-172	473
C289__EHA02355_bin.24_gene_156_3	B2UR49	100	34	4.91e-15	57.0
C289__EHA02355_bin.24_gene_156_4	B2UMU6	58.4	125	6.09e-45	139
C289__EHA02355_bin.24_gene_156_5	B2UMX8	64.7	184	4.63e-87	251
C289__EHA02355_bin.24_gene_156_6	B2UNN7	43.6	149	2.17e-37	122
C289__EHA02355_bin.24_gene_158_1	B2UR29	75.6	41	5.28e-17	68.6
C289__EHA02355_bin.24_gene_158_4	B2UL83	44.4	709	2.08e-200	582
C289__EHA02355_bin.24_gene_158_5	B2URH1	55.7	219	1.90e-83	245
C289__EHA02355_bin.24_gene_158_6	B2UPG7	55.8	242	3.07e-87	256
C289__EHA02355_bin.24_gene_158_8	B2ULQ1	40.6	128	3.34e-23	85.1
C289__EHA02355_bin.24_gene_158_9	B2UQA8	43.2	442	7.77e-111	334
C289__EHA02355_bin.24_gene_158_10	B2UL16	48.7	189	5.64e-62	188
C289__EHA02355_bin.24_gene_158_11	B2UL15	67.5	453	2.73e-221	612
C289__EHA02355_bin.24_gene_158_12	B2UL14	51.8	400	1.93e-135	391
C289__EHA02355_bin.24_gene_158_13	B2UL13	44.6	271	2.92e-72	221
C289__EHA02355_bin.24_gene_158_14	B2UQV8	38.4	242	6.45e-54	170
C289__EHA02355_bin.24_gene_158_15	B2UQV7	55.3	103	1.26e-37	119
C289__EHA02355_bin.24_gene_158_18	B2UQU9	67.2	463	3.57e-217	630
C289__EHA02355_bin.24_gene_160_2	B2ULP8	70.7	311	8.05e-165	458
C289__EHA02355_bin.24_gene_160_4	B2UQ15	73.2	325	5.68e-178	492
C289__EHA02355_bin.24_gene_160_5	B2UP30	44.2	267	3.04e-64	199
C289__EHA02355_bin.24_gene_160_6	B2UR57	67.9	106	7.09e-45	149
C289__EHA02355_bin.24_gene_161_2	B2UP68	50.9	342	3.57e-115	337
C289__EHA02355_bin.24_gene_161_3	B2UP69	65.6	1028	0.0	1274
C289__EHA02355_bin.24_gene_161_5	B2UNS4	62.6	286	2.31e-131	372
C289__EHA02355_bin.24_gene_161_6	B2ULG9	58.0	383	3.61e-152	432
C289__EHA02355_bin.24_gene_161_11	B2UNJ4	63.2	87	2.72e-33	107
C289__EHA02355_bin.24_gene_161_12	B2UQC0	49.8	265	5.93e-95	277
C289__EHA02355_bin.24_gene_161_13	B2UQQ9	39.7	506	2.51e-101	317
C289__EHA02355_bin.24_gene_161_14	B2UQQ8	54.7	289	4.83e-103	300
C289__EHA02355_bin.24_gene_162_2	B2UMX3	75.8	153	1.99e-83	240
C289__EHA02355_bin.24_gene_162_3	B2UPQ0	77.1	327	3.71e-181	501
C289__EHA02355_bin.24_gene_162_4	B2UPQ1	69.4	124	2.43e-58	179
C289__EHA02355_bin.24_gene_163_2	B2UPL2	40.0	682	6.74e-151	450
C289__EHA02355_bin.24_gene_163_3	B2UPL3	53.3	486	5.42e-186	526
C289__EHA02355_bin.24_gene_163_4	B2UPL4	51.5	460	1.79e-143	415
C289__EHA02355_bin.24_gene_163_5	B2UPL5	58.3	348	8.95e-130	372
C289__EHA02355_bin.24_gene_163_6	B2UPV8	59.6	433	8.30e-177	498
C289__EHA02355_bin.24_gene_163_8	B2UPW0	52.2	381	2.15e-132	380
C289__EHA02355_bin.24_gene_163_9	B2UPW1	55.8	355	5.78e-140	399
C289__EHA02355_bin.24_gene_165_1	B2ULK0	34.9	393	5.22e-60	196
C289__EHA02355_bin.24_gene_165_2	B2UL40	61.2	276	1.50e-121	345
C289__EHA02355_bin.24_gene_165_3	B2UM79	48.1	160	1.56e-44	141
C289__EHA02355_bin.24_gene_165_4	B2UNA1	60.5	569	2.71e-234	676
C289__EHA02355_bin.24_gene_166_2	B2UR83	61.3	137	2.65e-53	174
C289__EHA02355_bin.24_gene_166_3	B2UR81	48.4	91	7.11e-24	89.0
C289__EHA02355_bin.24_gene_166_4	B2UQ61	31.1	251	3.57e-26	107
C289__EHA02355_bin.24_gene_166_6	B2UKQ9	31.7	145	6.78e-22	82.4
C289__EHA02355_bin.24_gene_166_8	B2UQ07	53.3	523	1.38e-190	540
C289__EHA02355_bin.24_gene_166_9	B2UQ06	64.0	420	6.64e-193	537
C289__EHA02355_bin.24_gene_166_10	B2UQ05	66.5	331	1.93e-168	469
C289__EHA02355_bin.24_gene_166_11	B2UNV4	62.3	122	2.03e-54	164
C289__EHA02355_bin.24_gene_166_12	B2UNV5	79.6	245	2.67e-147	408
C289__EHA02355_bin.24_gene_166_13	B2UNV6	80.8	479	4.80e-294	798
C289__EHA02355_bin.24_gene_166_14	B2UNV7	38.8	389	2.14e-77	243
C289__EHA02355_bin.24_gene_166_15	B2UNZ0	44.9	243	6.13e-64	197
C289__EHA02355_bin.24_gene_167_2	B2URM8	68.2	402	1.70e-196	547
C289__EHA02355_bin.24_gene_167_3	B2UMP3	79.8	327	3.10e-189	520
C289__EHA02355_bin.24_gene_167_4	B2UMP2	54.6	295	4.67e-111	320
C289__EHA02355_bin.24_gene_167_6	B2UMP0	53.4	326	6.65e-107	311
C289__EHA02355_bin.24_gene_167_7	B2UMN9	41.8	522	1.32e-115	357
C289__EHA02355_bin.24_gene_168_1	B2UMW7	36.0	797	6.80e-147	451
C289__EHA02355_bin.24_gene_168_2	B2UKU3	51.3	384	7.64e-125	362
C289__EHA02355_bin.24_gene_168_3	B2URK7	47.4	211	7.73e-69	207
C289__EHA02355_bin.24_gene_168_4	B2URK5	81.8	336	6.20e-201	551
C289__EHA02355_bin.24_gene_168_8	B2UN08	59.6	146	2.35e-55	175
C289__EHA02355_bin.24_gene_169_3	B2UMR5	53.6	151	5.12e-52	160
C289__EHA02355_bin.24_gene_169_4	B2UMR3	62.9	194	1.48e-92	265
C289__EHA02355_bin.24_gene_169_5	B2ULK9	82.0	150	7.07e-91	257
C289__EHA02355_bin.24_gene_169_6	B2ULL0	60.3	68	1.84e-20	75.1
C289__EHA02355_bin.24_gene_169_7	B2ULL2	54.4	79	6.09e-24	88.2
C289__EHA02355_bin.24_gene_170_2	B2UP04	29.6	257	7.87e-27	101
C289__EHA02355_bin.24_gene_170_3	B2UP03	70.6	235	1.58e-120	339
C289__EHA02355_bin.24_gene_170_4	B2UP02	74.6	492	3.33e-265	738
C289__EHA02355_bin.24_gene_171_1	B2UPH5	83.7	1062	0.0	1781
C289__EHA02355_bin.24_gene_171_3	B2UR10	81.3	466	4.45e-293	795
C289__EHA02355_bin.24_gene_171_4	B2UR09	71.4	388	3.20e-198	548
C289__EHA02355_bin.24_gene_171_5	B2UR08	64.9	282	3.08e-126	358
C289__EHA02355_bin.24_gene_171_6	B2UL95	78.0	477	5.58e-267	732
C289__EHA02355_bin.24_gene_171_7	B2UL96	66.1	186	1.46e-80	240
C289__EHA02355_bin.24_gene_172_1	B2UR26	30.8	221	3.05e-28	110
C289__EHA02355_bin.24_gene_172_3	B2ULU7	33.0	321	3.36e-48	161
C289__EHA02355_bin.24_gene_173_1	B2UNA1	65.1	604	2.05e-286	810
C289__EHA02355_bin.24_gene_173_2	B2UNP3	66.4	304	9.35e-150	419
C289__EHA02355_bin.24_gene_173_3	B2UNP4	70.4	389	7.02e-219	601
C289__EHA02355_bin.24_gene_173_4	B2UL29	54.1	307	2.90e-106	310
C289__EHA02355_bin.24_gene_173_5	B2UL30	72.1	359	1.22e-189	524
C289__EHA02355_bin.24_gene_173_6	B2URK4	66.7	291	1.29e-135	382
C289__EHA02355_bin.24_gene_173_7	B2UPI4	35.8	355	8.00e-74	231
C289__EHA02355_bin.24_gene_173_8	B2UPN7	74.5	436	7.36e-238	652
C289__EHA02355_bin.24_gene_174_1	B2UPF3	61.0	497	2.50e-223	625
C289__EHA02355_bin.24_gene_174_3	B2UPZ1	69.2	454	6.13e-235	647
C289__EHA02355_bin.24_gene_174_5	B2UQS1	66.7	234	1.59e-108	309
C289__EHA02355_bin.24_gene_174_6	B2UQS0	39.2	375	8.91e-95	284
C289__EHA02355_bin.24_gene_175_4	B2UMS5	54.1	305	2.81e-105	311
C289__EHA02355_bin.24_gene_175_5	B2UP50	54.0	359	2.05e-136	390
C289__EHA02355_bin.24_gene_175_7	B2UN98	36.8	620	1.12e-127	392
C289__EHA02355_bin.24_gene_176_5	B2UQ72	33.1	272	2.40e-36	132
C289__EHA02355_bin.24_gene_176_7	B2URG2	78.9	617	0.0	997
C289__EHA02355_bin.24_gene_176_8	B2UR67	62.7	445	1.95e-204	569
C289__EHA02355_bin.24_gene_176_9	B2UR68	42.3	156	2.55e-37	122
C289__EHA02355_bin.24_gene_176_10	B2UR69	58.1	86	5.53e-30	98.6
C289__EHA02355_bin.24_gene_176_11	B2UR70	44.1	93	3.14e-13	65.5
C289__EHA02355_bin.24_gene_177_1	B2ULB7	45.0	634	4.62e-208	603
C289__EHA02355_bin.24_gene_177_2	B2UNA5	33.5	203	4.70e-35	123
C289__EHA02355_bin.24_gene_177_3	B2UQG6	52.0	548	9.35e-198	561
C289__EHA02355_bin.24_gene_177_4	B2UKM8	73.8	416	3.66e-230	631
C289__EHA02355_bin.24_gene_177_5	B2UQ30	76.9	351	1.60e-192	531
C289__EHA02355_bin.24_gene_177_10	B2URM9	40.0	933	1.95e-229	683
C289__EHA02355_bin.24_gene_177_11	B2UR61	23.5	763	2.19e-31	127
C289__EHA02355_bin.24_gene_177_12	B2UPZ9	69.9	359	4.24e-200	553
C289__EHA02355_bin.24_gene_177_15	B2UPV0	40.0	270	3.07e-60	190
C289__EHA02355_bin.24_gene_177_16	B2UP56	43.0	149	5.15e-41	131
C289__EHA02355_bin.24_gene_177_19	B2UNQ8	33.1	181	3.43e-25	99.0
C289__EHA02355_bin.24_gene_177_21	B2UM40	27.1	582	3.72e-51	193
C289__EHA02355_bin.24_gene_177_22	B2URM3	24.4	643	7.52e-34	139
C289__EHA02355_bin.24_gene_177_25	B2UPE4	23.8	596	2.45e-36	142
C289__EHA02355_bin.24_gene_178_1	B2UQ25	60.6	99	1.92e-42	136
C289__EHA02355_bin.24_gene_178_2	B2UQM1	40.0	305	7.77e-71	218
C289__EHA02355_bin.24_gene_178_3	B2UPB0	61.6	190	3.34e-80	233
C289__EHA02355_bin.24_gene_178_4	B2UPY4	38.4	448	5.90e-102	307
C289__EHA02355_bin.24_gene_178_5	B2UME7	51.5	206	8.69e-64	198
C289__EHA02355_bin.24_gene_178_6	B2UME9	59.2	250	8.30e-102	294
C289__EHA02355_bin.24_gene_178_8	B2UMF1	66.8	244	3.54e-113	321
C289__EHA02355_bin.24_gene_178_9	B2UMF2	65.5	275	9.78e-127	358
C289__EHA02355_bin.24_gene_178_10	B2UQR7	59.0	734	1.03e-275	774
C289__EHA02355_bin.24_gene_178_11	B2UQR6	67.1	389	6.96e-197	545
C289__EHA02355_bin.24_gene_178_12	B2URM2	46.1	280	2.54e-71	218
C289__EHA02355_bin.24_gene_178_13	B2URM1	73.1	186	6.80e-98	278
C289__EHA02355_bin.24_gene_178_14	B2URM0	58.9	365	6.93e-157	442
C289__EHA02355_bin.24_gene_178_15	B2UPX4	66.2	263	4.25e-113	323
C289__EHA02355_bin.24_gene_178_18	B2UNK1	91.8	329	1.89e-221	602
C289__EHA02355_bin.24_gene_178_19	B2UNK0	85.2	223	1.49e-146	404
C289__EHA02355_bin.24_gene_179_3	B2UNK4	55.9	295	2.69e-110	318
C289__EHA02355_bin.24_gene_180_1	B2UN32	71.2	139	2.48e-69	205
C289__EHA02355_bin.24_gene_180_2	B2UQJ0	28.1	335	1.28e-27	117
C289__EHA02355_bin.24_gene_181_3	B2UL83	26.6	729	1.50e-47	177
C289__EHA02355_bin.24_gene_181_4	B2UP85	66.7	204	8.62e-101	286
C289__EHA02355_bin.24_gene_181_5	B2UM74	81.5	406	1.79e-251	684
C289__EHA02355_bin.24_gene_181_7	B2UQL4	60.2	844	0.0	979
C289__EHA02355_bin.24_gene_181_8	B2UN18	49.7	149	4.78e-50	154
C289__EHA02355_bin.24_gene_182_1	B2UN23	42.4	203	3.47e-52	167
C289__EHA02355_bin.24_gene_182_2	B2UQ09	49.6	232	1.21e-76	227
C289__EHA02355_bin.24_gene_182_3	B2UQL0	65.5	177	3.81e-83	241
C289__EHA02355_bin.24_gene_183_6	B2UNR2	74.8	405	7.42e-213	587
C289__EHA02355_bin.24_gene_183_7	B2UNR1	59.0	437	2.12e-173	490
C289__EHA02355_bin.24_gene_183_9	B2ULX7	28.6	612	5.93e-50	185
C289__EHA02355_bin.24_gene_184_2	B2UN79	35.1	313	4.82e-49	173
C289__EHA02355_bin.24_gene_185_2	B2ULZ9	66.4	452	7.70e-227	626
C289__EHA02355_bin.24_gene_185_3	B2UPR7	76.2	756	0.0	1232
C289__EHA02355_bin.24_gene_188_1	B2UKW0	58.5	282	1.17e-96	296
C289__EHA02355_bin.24_gene_188_2	B2UP05	62.7	357	1.07e-165	463
C289__EHA02355_bin.24_gene_188_4	B2UMJ4	69.8	129	5.04e-58	186
C289__EHA02355_bin.24_gene_189_4	B2UMI0	45.3	53	2.62e-12	54.3
C289__EHA02355_bin.24_gene_189_6	B2UMD8	72.8	195	3.11e-107	304
C289__EHA02355_bin.24_gene_189_7	B2UMD9	75.5	327	1.72e-181	502
C289__EHA02355_bin.24_gene_189_8	B2URA6	44.4	275	1.35e-75	229
C289__EHA02355_bin.24_gene_189_9	B2URA5	37.7	461	2.90e-98	303
C289__EHA02355_bin.24_gene_191_5	B2UPC3	34.2	234	5.05e-35	121
C289__EHA02355_bin.24_gene_191_6	B2UM85	56.2	153	1.43e-53	169
C289__EHA02355_bin.24_gene_191_7	B2UM84	73.1	910	0.0	1380
C289__EHA02355_bin.24_gene_191_8	B2ULH4	96.3	54	2.51e-32	104
C289__EHA02355_bin.24_gene_191_9	B2ULH3	55.8	371	1.89e-147	419
C289__EHA02355_bin.24_gene_192_3	B2UNS9	55.0	694	1.54e-255	717
C289__EHA02355_bin.24_gene_192_4	B2UNS8	84.0	713	0.0	1195
C289__EHA02355_bin.24_gene_193_2	B2ULS8	66.1	705	0.0	924
C289__EHA02355_bin.24_gene_194_3	B2UMR7	80.4	97	5.61e-52	155
C289__EHA02355_bin.24_gene_194_4	B2UMR6	56.0	300	1.35e-112	324
C289__EHA02355_bin.24_gene_194_5	B2UP41	50.7	550	6.96e-194	556
C289__EHA02355_bin.24_gene_194_7	B2ULS2	31.8	485	7.06e-62	208
C289__EHA02355_bin.24_gene_194_8	B2UPC5	26.8	422	7.02e-25	103
C289__EHA02355_bin.24_gene_194_9	B2UPE2	50.5	220	2.57e-75	226
C289__EHA02355_bin.24_gene_194_10	B2ULC1	70.6	506	5.41e-259	713
C289__EHA02355_bin.24_gene_194_12	B2UR83	45.1	255	5.93e-83	255
C289__EHA02355_bin.24_gene_195_2	B2UM71	36.8	87	4.08e-07	43.1
C289__EHA02355_bin.24_gene_195_4	B2UQC2	62.4	1065	0.0	1360
C289__EHA02355_bin.24_gene_196_1	B2UNE7	74.1	316	1.08e-177	499
C289__EHA02355_bin.24_gene_196_3	B2UNE8	73.5	332	3.61e-184	511
C289__EHA02355_bin.24_gene_197_1	B2UPA5	60.7	247	4.95e-91	289
C289__EHA02355_bin.24_gene_197_2	B2ULI5	60.5	124	1.09e-49	151
C289__EHA02355_bin.24_gene_197_4	B2UNZ4	54.7	128	1.38e-47	148
C289__EHA02355_bin.24_gene_197_5	B2UMA8	59.9	574	1.05e-251	699
C289__EHA02355_bin.24_gene_197_7	B2UR84	28.4	1432	4.32e-134	464
C289__EHA02355_bin.24_gene_198_2	B2UQC2	28.9	346	1.31e-28	116
C289__EHA02355_bin.24_gene_199_1	B2UPE4	24.7	790	1.59e-42	167
C289__EHA02355_bin.24_gene_199_4	B2UR29	32.6	742	3.60e-90	294
C289__EHA02355_bin.24_gene_199_5	B2UN01	36.2	232	8.29e-42	141
C289__EHA02355_bin.24_gene_199_9	B2UR15	57.2	418	1.12e-178	506
C289__EHA02355_bin.24_gene_200_1	B2UMX2	41.3	201	8.94e-44	152
C289__EHA02355_bin.24_gene_200_2	B2UNP0	28.9	485	1.92e-46	176
C289__EHA02355_bin.24_gene_200_3	B2UN40	54.6	617	3.36e-220	621
C289__EHA02355_bin.24_gene_200_4	B2UN39	76.0	75	1.20e-32	114
C289__EHA02355_bin.24_gene_201_1	B2UQ16	90.2	307	5.94e-164	457
C289__EHA02355_bin.24_gene_201_3	B2UPB4	47.2	850	6.04e-228	659
C289__EHA02355_bin.24_gene_201_4	B2UP40	33.8	328	1.49e-45	156
C289__EHA02355_bin.24_gene_202_1	B2ULC6	71.6	313	4.36e-168	466
C289__EHA02355_bin.24_gene_202_3	B2ULX9	50.0	192	7.68e-57	177
C289__EHA02355_bin.24_gene_202_4	B2ULY0	57.6	257	1.25e-62	194
C289__EHA02355_bin.24_gene_203_1	B2UP99	60.9	514	1.65e-228	638
C289__EHA02355_bin.24_gene_204_5	B2UQZ8	63.3	49	1.41e-12	54.7
C289__EHA02355_bin.24_gene_204_7	B2UR83	41.2	277	1.16e-62	213
C289__EHA02355_bin.24_gene_204_12	B2UR84	33.8	1514	6.26e-236	745
C289__EHA02355_bin.24_gene_204_13	B2UR81	71.0	348	3.76e-198	545
C289__EHA02355_bin.24_gene_206_1	B2UPA5	61.5	932	0.0	1148
C289__EHA02355_bin.24_gene_206_2	B2UNC7	56.6	249	2.08e-96	281
C289__EHA02355_bin.24_gene_206_3	B2UNC5	56.6	212	7.02e-88	254
C289__EHA02355_bin.24_gene_206_4	B2UQT9	78.3	535	3.24e-308	839
C289__EHA02355_bin.24_gene_206_5	B2ULH5	34.2	584	5.55e-101	317
C289__EHA02355_bin.24_gene_206_6	B2UNC9	71.0	214	1.08e-108	308
C289__EHA02355_bin.24_gene_206_7	B2UND0	59.1	281	6.29e-112	321
C289__EHA02355_bin.24_gene_206_8	B2UND1	42.4	172	6.54e-37	125
C289__EHA02355_bin.24_gene_206_9	B2UND2	64.3	345	1.59e-98	292
C289__EHA02355_bin.24_gene_206_10	B2UNF3	57.7	459	7.24e-182	514
C289__EHA02355_bin.24_gene_206_12	B2UQT6	58.3	386	1.62e-171	481
C289__EHA02355_bin.24_gene_206_13	B2UNU0	66.5	370	1.17e-183	510
C289__EHA02355_bin.24_gene_206_14	B2UNT9	67.8	202	2.00e-93	270
C289__EHA02355_bin.24_gene_206_17	B2UNT8	46.2	405	1.91e-109	323
C289__EHA02355_bin.24_gene_206_18	B2UKM6	55.2	201	6.56e-73	216
C289__EHA02355_bin.24_gene_207_1	B2UPI7	61.5	174	2.11e-72	223
C289__EHA02355_bin.24_gene_207_4	B2UN10	60.5	375	2.49e-150	426
C289__EHA02355_bin.24_gene_208_1	B2ULS2	56.3	510	8.73e-203	571
C289__EHA02355_bin.24_gene_208_2	B2UP66	71.1	322	7.33e-170	471
C289__EHA02355_bin.24_gene_208_3	B2UNZ6	65.5	310	2.61e-146	415
C289__EHA02355_bin.24_gene_209_5	B2UNZ4	50.7	142	1.08e-44	140
C289__EHA02355_bin.24_gene_209_7	B2UPU6	64.8	698	0.0	925
C289__EHA02355_bin.24_gene_209_8	B2UL08	62.7	153	1.80e-57	175
C289__EHA02355_bin.24_gene_209_9	B2UL09	66.9	387	6.64e-161	453
C289__EHA02355_bin.24_gene_209_10	B2UL10	58.9	248	1.83e-99	286
C289__EHA02355_bin.24_gene_209_11	B2UL11	55.7	334	1.29e-127	365
C289__EHA02355_bin.24_gene_209_12	B2UPA4	61.0	369	1.11e-166	467
C289__EHA02355_bin.24_gene_209_17	B2URD0	60.0	320	3.50e-122	351
C289__EHA02355_bin.24_gene_209_18	B2URC9	83.9	87	5.94e-50	149
C289__EHA02355_bin.24_gene_209_19	B2URC8	87.8	74	3.63e-47	140
C289__EHA02355_bin.24_gene_210_1	B2UQ98	72.8	1085	0.0	1611
C289__EHA02355_bin.24_gene_211_1	B2UL99	80.5	308	8.07e-174	482
C289__EHA02355_bin.24_gene_211_2	B2ULA0	52.1	303	1.24e-100	293
C289__EHA02355_bin.24_gene_211_3	B2UNJ3	76.2	420	7.80e-230	631
C289__EHA02355_bin.24_gene_211_4	B2ULI9	66.6	715	0.0	940
C289__EHA02355_bin.24_gene_211_5	B2UR58	66.2	376	4.92e-191	529
C289__EHA02355_bin.24_gene_211_6	B2UQ10	76.3	372	6.89e-199	574
C289__EHA02355_bin.24_gene_211_7	B2UQ11	71.2	250	3.45e-125	352
C289__EHA02355_bin.24_gene_211_8	B2UQC7	59.5	205	1.14e-96	279
C289__EHA02355_bin.24_gene_212_2	B2UP42	62.8	610	3.00e-270	749
C289__EHA02355_bin.24_gene_212_3	B2ULZ6	28.8	153	2.17e-07	49.3
C289__EHA02355_bin.24_gene_213_1	B2UR15	59.1	137	1.25e-46	154
C289__EHA02355_bin.24_gene_213_3	B2UP75	48.1	437	5.92e-137	399
C289__EHA02355_bin.24_gene_213_4	B2UL25	59.1	93	1.02e-35	113
C289__EHA02355_bin.24_gene_213_5	B2UPQ2	60.5	86	1.07e-32	108
C289__EHA02355_bin.24_gene_214_1	B2UNB4	23.6	940	3.38e-21	97.4
C289__EHA02355_bin.24_gene_214_3	B2UQS5	64.7	150	1.09e-65	193
C289__EHA02355_bin.24_gene_214_5	B2UQS3	59.4	170	3.28e-75	220
C289__EHA02355_bin.24_gene_214_6	B2UQS2	76.3	80	1.21e-34	109
C289__EHA02355_bin.24_gene_214_7	B2UNL3	42.1	121	4.49e-18	71.2
C289__EHA02355_bin.24_gene_214_10	B2UM41	45.0	835	2.98e-241	694
C289__EHA02355_bin.24_gene_215_2	B2UNH7	48.9	756	4.43e-222	636
C289__EHA02355_bin.24_gene_216_2	B2UL43	55.4	298	1.38e-102	300
C289__EHA02355_bin.24_gene_216_3	B2UPW5	86.1	330	2.54e-205	563
C289__EHA02355_bin.24_gene_216_4	B2UQU9	29.0	217	7.27e-16	77.8
C289__EHA02355_bin.24_gene_217_1	B2UP39	72.7	341	3.66e-182	503
C289__EHA02355_bin.24_gene_217_3	B2UQQ6	67.7	198	2.64e-98	280
C289__EHA02355_bin.24_gene_217_4	B2UQQ5	67.5	228	1.13e-123	347
C289__EHA02355_bin.24_gene_218_1	B2URD2	59.6	245	3.59e-101	295
C289__EHA02355_bin.24_gene_218_2	B2URD1	60.6	137	5.41e-56	168
C289__EHA02355_bin.24_gene_218_3	B2UNB6	52.8	254	4.28e-89	261
C289__EHA02355_bin.24_gene_218_4	B2UN42	49.0	674	4.50e-222	632
C289__EHA02355_bin.24_gene_218_5	B2UQG9	53.0	132	5.36e-37	120
C289__EHA02355_bin.24_gene_218_6	B2UMX6	42.0	750	1.91e-176	521
C289__EHA02355_bin.24_gene_219_2	B2UP62	37.6	173	2.92e-30	105
C289__EHA02355_bin.24_gene_219_3	B2UP60	50.3	153	3.08e-52	160
C289__EHA02355_bin.24_gene_219_4	B2UPS6	59.9	152	3.20e-63	187
C289__EHA02355_bin.24_gene_219_6	B2UM29	74.5	855	0.0	1348
C289__EHA02355_bin.24_gene_219_7	B2UR33	71.8	308	3.79e-166	461
C289__EHA02355_bin.24_gene_219_8	B2UP82	53.7	464	3.61e-172	490
C289__EHA02355_bin.24_gene_219_9	B2UP81	59.7	744	8.41e-285	809
C289__EHA02355_bin.24_gene_222_1	B2UP36	56.1	157	3.32e-60	184
C289__EHA02355_bin.24_gene_222_4	B2UPA1	49.7	161	1.80e-46	147
C289__EHA02355_bin.24_gene_222_5	B2UN26	33.0	858	2.03e-123	388
C289__EHA02355_bin.24_gene_222_7	B2ULM5	59.6	198	4.66e-86	250
C289__EHA02355_bin.24_gene_222_8	B2UML6	72.5	302	2.14e-157	438
C289__EHA02355_bin.24_gene_222_9	B2UML5	60.4	134	1.57e-55	167
C289__EHA02355_bin.24_gene_222_12	B2ULJ6	29.7	1013	7.91e-110	359
C289__EHA02355_bin.24_gene_222_13	B2ULJ5	36.6	911	5.50e-155	479
C289__EHA02355_bin.24_gene_223_4	B2UN24	46.1	282	2.53e-89	265
C289__EHA02355_bin.24_gene_223_5	B2UP70	52.3	151	2.79e-56	171
C289__EHA02355_bin.24_gene_223_6	B2UP71	81.9	271	1.82e-176	483
C289__EHA02355_bin.24_gene_223_9	B2UQF3	53.3	478	1.03e-176	510
C289__EHA02355_bin.24_gene_225_1	B2UMY1	54.7	763	2.80e-263	746
C289__EHA02355_bin.24_gene_225_2	B2UL37	50.3	296	1.23e-95	280
C289__EHA02355_bin.24_gene_225_3	B2UL38	63.0	138	7.28e-60	180
C289__EHA02355_bin.24_gene_227_2	B2ULN3	61.8	178	3.49e-72	212
C289__EHA02355_bin.24_gene_227_5	B2UQ76	28.2	255	2.72e-18	79.0
C289__EHA02355_bin.24_gene_229_1	B2UPE9	33.2	596	1.56e-88	288
C289__EHA02355_bin.24_gene_229_2	B2UM17	74.8	290	1.74e-154	429
C289__EHA02355_bin.24_gene_229_3	B2UM16	36.2	224	3.02e-45	147
C289__EHA02355_bin.24_gene_229_4	B2UM14	36.6	779	1.84e-158	479
C289__EHA02355_bin.24_gene_229_5	B2UQL8	36.9	879	3.22e-181	542
C289__EHA02355_bin.24_gene_229_6	B2UNL5	71.2	437	5.79e-231	635
C289__EHA02355_bin.24_gene_229_7	B2UP17	63.6	206	3.39e-88	255
C289__EHA02355_bin.24_gene_229_8	B2UMA4	73.9	349	1.01e-203	559
C289__EHA02355_bin.24_gene_229_9	B2UPG8	63.8	232	8.12e-112	317
C289__EHA02355_bin.24_gene_229_12	B2UPH1	74.6	142	9.87e-78	224
C289__EHA02355_bin.24_gene_229_13	B2UPH2	48.6	245	8.21e-77	231
C289__EHA02355_bin.24_gene_230_2	B2UPT7	41.6	190	1.72e-47	150
C289__EHA02355_bin.24_gene_230_3	B2UPT8	45.8	166	1.17e-49	159
C289__EHA02355_bin.24_gene_230_4	B2UPT9	67.7	93	5.39e-42	130
C289__EHA02355_bin.24_gene_230_5	B2UNG2	45.5	246	6.27e-68	207
C289__EHA02355_bin.24_gene_230_8	B2UP76	43.4	113	2.27e-22	85.5
C289__EHA02355_bin.24_gene_231_2	B2UR72	50.2	438	3.46e-146	423
C289__EHA02355_bin.24_gene_231_3	B2UQL5	51.8	409	2.67e-136	392
C289__EHA02355_bin.24_gene_231_4	B2URF6	57.7	421	8.81e-174	489
C289__EHA02355_bin.24_gene_231_5	B2UQE5	56.4	344	2.76e-137	391
C289__EHA02355_bin.24_gene_232_2	B2UP33	38.9	283	2.10e-55	179
C289__EHA02355_bin.24_gene_232_4	B2ULV4	60.4	164	2.92e-67	200
C289__EHA02355_bin.24_gene_232_5	B2UMF7	51.1	139	7.30e-40	128
C289__EHA02355_bin.24_gene_232_6	B2UMF8	49.3	426	5.97e-123	370
C289__EHA02355_bin.24_gene_232_8	B2URH5	80.3	127	7.78e-70	202
C289__EHA02355_bin.24_gene_233_1	B2UNG7	42.2	166	1.89e-42	140
C289__EHA02355_bin.24_gene_233_2	B2UNI8	65.3	121	1.49e-50	153
C289__EHA02355_bin.24_gene_233_3	B2UPE7	65.8	433	4.60e-188	526
C289__EHA02355_bin.24_gene_233_5	B2UQW4	27.9	308	3.83e-27	107
C289__EHA02355_bin.24_gene_233_6	B2UL79	44.3	445	1.05e-109	328
C289__EHA02355_bin.24_gene_233_7	B2ULZ7	53.1	603	4.58e-230	647
C289__EHA02355_bin.24_gene_234_2	B2UN04	70.3	290	2.91e-84	252
C289__EHA02355_bin.24_gene_234_4	B2UN08	44.1	222	1.13e-53	172
C289__EHA02355_bin.24_gene_235_1	B2UQI2	52.4	208	1.12e-72	218
C289__EHA02355_bin.24_gene_236_2	B2UMS6	59.6	988	0.0	1233
C289__EHA02355_bin.24_gene_236_3	B2UM60	56.6	419	1.67e-176	509
C289__EHA02355_bin.24_gene_237_1	B2UPP0	51.3	279	4.30e-93	278
C289__EHA02355_bin.24_gene_237_2	B2UQG6	38.3	478	7.89e-92	297
C289__EHA02355_bin.24_gene_237_3	B2ULB7	31.3	466	1.83e-69	233
C289__EHA02355_bin.24_gene_238_2	B2UKZ6	75.2	347	2.79e-193	532
C289__EHA02355_bin.24_gene_239_1	B2ULK5	36.7	215	2.01e-40	134
C289__EHA02355_bin.24_gene_239_2	B2ULK6	67.4	374	2.92e-179	499
C289__EHA02355_bin.24_gene_240_1	B2URM3	25.7	645	2.31e-34	140
C289__EHA02355_bin.24_gene_241_1	B2UL38	50.0	52	1.53e-12	55.5
C289__EHA02355_bin.24_gene_241_2	B2UQV9	61.2	196	3.96e-76	224
C289__EHA02355_bin.24_gene_241_4	B2UQ13	56.6	565	4.55e-201	570
C289__EHA02355_bin.24_gene_241_7	B2UP25	89.9	89	3.38e-52	154
C289__EHA02355_bin.24_gene_241_9	B2UP23	50.0	440	1.28e-136	397
C289__EHA02355_bin.24_gene_241_10	B2UP22	57.9	190	7.53e-71	211
C289__EHA02355_bin.24_gene_242_1	B2UNS1	78.8	623	0.0	962
C289__EHA02355_bin.24_gene_242_2	B2UN05	67.0	385	1.29e-193	537
C289__EHA02355_bin.24_gene_244_1	B2UR84	39.2	316	5.67e-47	172
C289__EHA02355_bin.24_gene_245_1	B2ULC4	55.3	103	2.65e-34	114
C289__EHA02355_bin.24_gene_245_2	B2UMB0	53.9	830	4.51e-321	897
C289__EHA02355_bin.24_gene_246_1	B2UQD9	66.7	126	7.30e-53	169
C289__EHA02355_bin.24_gene_246_2	B2UMA7	69.3	485	3.11e-251	691
C289__EHA02355_bin.24_gene_246_5	B2UPD8	72.0	468	7.17e-175	498
C289__EHA02355_bin.24_gene_246_6	B2UPD7	47.5	179	5.74e-48	151
C289__EHA02355_bin.24_gene_246_8	B2ULU7	30.8	315	6.51e-44	150
C289__EHA02355_bin.24_gene_246_9	B2UPW4	29.0	272	1.46e-40	143
C289__EHA02355_bin.24_gene_246_10	B2UPW3	61.2	307	2.33e-130	370
C289__EHA02355_bin.24_gene_246_11	B2UPW2	67.7	767	0.0	1053
C289__EHA02355_bin.24_gene_246_12	B2UM32	69.3	345	8.72e-182	505
C289__EHA02355_bin.24_gene_247_1	B2UNS0	67.6	188	7.32e-95	271
C289__EHA02355_bin.24_gene_247_2	B2UMG1	49.4	160	6.43e-50	154
C289__EHA02355_bin.24_gene_247_3	B2UMG0	67.2	58	6.76e-24	81.3
C289__EHA02355_bin.24_gene_247_4	B2UMF9	67.6	340	2.11e-161	451
C289__EHA02355_bin.24_gene_247_5	B2UPQ3	54.2	802	1.72e-308	862
C289__EHA02355_bin.24_gene_247_6	B2UPQ5	63.9	451	4.55e-214	594
C289__EHA02355_bin.24_gene_248_1	B2UMZ4	50.1	861	7.73e-285	818
C289__EHA02355_bin.24_gene_249_1	B2UMN8	32.1	822	8.15e-122	383
C289__EHA02355_bin.24_gene_250_1	B2UM58	39.0	670	9.61e-156	461
C289__EHA02355_bin.24_gene_250_2	B2UNH7	25.0	563	9.34e-33	129
C289__EHA02355_bin.24_gene_251_1	B2URK2	68.5	130	2.65e-62	186
C289__EHA02355_bin.24_gene_251_2	B2URK3	66.7	282	4.87e-135	380
C289__EHA02355_bin.24_gene_251_6	B2ULW5	73.9	357	9.56e-196	540
C289__EHA02355_bin.24_gene_251_7	B2ULW6	78.8	364	7.69e-209	573
C289__EHA02355_bin.24_gene_252_1	B2UM60	33.6	333	2.12e-36	143
C289__EHA02355_bin.24_gene_253_3	B2UQG1	49.4	733	1.93e-267	752
C289__EHA02355_bin.24_gene_253_4	B2UR50	49.3	408	3.83e-124	362
C289__EHA02355_bin.24_gene_253_5	B2UR51	67.5	228	1.73e-114	323
C289__EHA02355_bin.24_gene_253_6	B2UQB2	46.4	207	6.34e-30	110
C289__EHA02355_bin.24_gene_253_7	B2UQB1	42.6	350	5.68e-89	268
C289__EHA02355_bin.24_gene_253_8	B2UPI3	65.6	425	6.17e-214	593
C289__EHA02355_bin.24_gene_253_9	B2UM47	41.7	336	8.06e-89	268
C289__EHA02355_bin.24_gene_253_10	B2UKX9	78.6	84	7.82e-48	144
C289__EHA02355_bin.24_gene_253_11	B2UQB0	65.4	625	5.59e-300	826
C289__EHA02355_bin.24_gene_253_12	B2UQA9	49.0	353	8.30e-110	323
C289__EHA02355_bin.24_gene_253_14	B2URC6	41.2	257	9.26e-54	177
C289__EHA02355_bin.24_gene_253_16	B2ULI6	43.5	372	4.04e-99	296
C289__EHA02355_bin.24_gene_253_17	B2UPR7	34.9	681	5.63e-105	332
C289__EHA02355_bin.24_gene_253_24	B2UM09	56.3	846	0.0	931
C289__EHA02355_bin.24_gene_253_25	B2UPK7	44.8	212	9.39e-60	184
C289__EHA02355_bin.24_gene_253_26	B2ULG5	37.8	484	3.57e-89	277
C289__EHA02355_bin.24_gene_253_27	B2UPK8	44.6	258	2.02e-77	232
C289__EHA02355_bin.24_gene_253_29	B2ULC7	37.3	150	2.43e-25	91.3
C289__EHA02355_bin.24_gene_253_30	B2ULC8	65.9	252	1.68e-116	331
C289__EHA02355_bin.24_gene_253_31	B2UQY9	85.0	394	7.17e-254	689
C289__EHA02355_bin.24_gene_253_32	B2UQY8	67.1	73	2.45e-32	103
C289__EHA02355_bin.24_gene_253_33	B2UQY7	58.2	189	1.31e-78	229
C289__EHA02355_bin.24_gene_253_34	B2UQY6	83.1	142	7.53e-83	236
C289__EHA02355_bin.24_gene_253_35	B2UQY5	81.1	233	1.66e-130	364
C289__EHA02355_bin.24_gene_253_36	B2UQY4	72.0	164	1.39e-80	232
C289__EHA02355_bin.24_gene_254_1	B2UPV5	63.4	243	9.29e-97	306
C289__EHA02355_bin.24_gene_254_3	B2UQG1	39.7	330	1.13e-85	270
C289__EHA02355_bin.24_gene_255_2	B2ULA1	62.8	740	0.0	933
C289__EHA02355_bin.24_gene_255_3	B2URB1	36.3	391	1.87e-79	246
C289__EHA02355_bin.24_gene_255_4	B2UPU0	46.7	362	5.53e-104	308
C289__EHA02355_bin.24_gene_255_5	B2UPS9	79.8	431	2.79e-243	670
C289__EHA02355_bin.24_gene_255_6	B2ULZ2	44.1	372	2.04e-96	295
C289__EHA02355_bin.24_gene_255_9	B2UM95	67.6	139	3.19e-65	191
C289__EHA02355_bin.24_gene_255_10	B2UM96	72.4	521	3.97e-277	759
C289__EHA02355_bin.24_gene_255_12	B2UM98	77.3	22	4.64e-07	38.1
C289__EHA02355_bin.24_gene_256_1	B2ULT5	39.2	521	1.36e-134	401
C289__EHA02355_bin.24_gene_256_2	B2UPQ1	58.6	157	1.20e-60	186
C289__EHA02355_bin.24_gene_257_1	B2ULI0	54.2	240	7.09e-86	261
C289__EHA02355_bin.24_gene_257_2	B2UMQ9	52.2	289	3.28e-106	308
C289__EHA02355_bin.24_gene_257_3	B2UMK0	71.9	160	1.26e-86	248
C289__EHA02355_bin.24_gene_257_4	B2UMI1	44.9	432	2.23e-121	358
C289__EHA02355_bin.24_gene_257_6	B2UQ24	77.4	607	0.0	924
C289__EHA02355_bin.24_gene_257_7	B2UQF4	67.7	529	5.54e-246	681
C289__EHA02355_bin.24_gene_257_8	B2UNI3	76.6	333	1.69e-196	539
C289__EHA02355_bin.24_gene_257_9	B2UNI4	73.6	639	0.0	1005
C289__EHA02355_bin.24_gene_257_10	B2UQX7	83.2	601	0.0	994
C289__EHA02355_bin.24_gene_257_11	B2URB0	69.3	336	2.09e-161	451
C289__EHA02355_bin.24_gene_257_12	B2URA7	28.8	434	1.35e-39	146
C289__EHA02355_bin.24_gene_257_13	B2URA8	57.8	306	1.48e-117	339
C289__EHA02355_bin.24_gene_258_1	B2UL96	70.8	48	3.26e-18	71.2
C289__EHA02355_bin.24_gene_258_2	B2UN99	68.0	450	1.56e-238	657
C289__EHA02355_bin.24_gene_258_3	B2ULW9	72.5	240	1.14e-127	358
C289__EHA02355_bin.24_gene_258_4	B2ULX0	74.2	532	1.18e-294	805
C289__EHA02355_bin.24_gene_258_5	B2ULX1	67.7	288	2.40e-126	366
C289__EHA02355_bin.24_gene_259_3	B2URM9	32.3	601	3.40e-82	283
C289__EHA02355_bin.24_gene_259_4	B2URN0	31.4	242	9.17e-34	126
C289__EHA02355_bin.24_gene_261_3	B2UPQ6	66.2	420	6.40e-216	596
C289__EHA02355_bin.24_gene_261_4	B2URJ0	64.6	384	7.82e-179	499
C289__EHA02355_bin.24_gene_261_5	B2UN83	74.4	402	5.22e-231	633
C289__EHA02355_bin.24_gene_261_6	B2ULA8	64.8	577	1.11e-261	724
C289__EHA02355_bin.24_gene_261_7	B2URL8	51.9	526	1.21e-174	501
C289__EHA02355_bin.24_gene_261_8	B2UL58	42.8	390	8.06e-111	329
C289__EHA02355_bin.24_gene_261_9	B2UM28	62.8	215	4.47e-88	255
C289__EHA02355_bin.24_gene_262_1	B2UQC1	37.2	333	2.04e-75	234
C289__EHA02355_bin.24_gene_262_7	B2URH8	29.4	197	1.64e-07	46.2
C289__EHA02355_bin.24_gene_262_11	B2UKX6	61.7	253	1.05e-122	347
C289__EHA02355_bin.24_gene_262_15	B2UMS6	64.2	972	0.0	1309
C289__EHA02355_bin.24_gene_263_1	B2UQG5	65.5	293	7.69e-145	409
C289__EHA02355_bin.24_gene_263_2	B2UMI4	26.5	461	1.69e-34	142
C289__EHA02355_bin.24_gene_263_3	B2UQJ6	65.0	836	0.0	1080
C289__EHA02355_bin.24_gene_263_4	B2UN95	34.7	274	5.53e-47	155
C289__EHA02355_bin.24_gene_263_5	B2URF2	33.5	421	1.58e-63	226
C289__EHA02355_bin.24_gene_263_6	B2UNA4	28.1	185	1.29e-23	90.9
C289__EHA02355_bin.24_gene_266_2	B2UM24	52.8	197	6.21e-65	195
C289__EHA02355_bin.24_gene_266_3	B2UME3	66.0	156	4.56e-73	213
C289__EHA02355_bin.24_gene_266_4	B2UP27	86.1	425	3.42e-276	749
C289__EHA02355_bin.24_gene_266_5	B2UL85	86.5	185	5.57e-107	311
C289__EHA02355_bin.24_gene_267_3	B2UP88	59.6	225	9.01e-89	270
C289__EHA02355_bin.24_gene_270_1	B2UNH8	78.6	182	3.50e-95	285
C289__EHA02355_bin.24_gene_270_2	B2UNG3	76.4	203	1.41e-112	316
C289__EHA02355_bin.24_gene_270_3	B2UNG4	75.0	184	3.85e-90	258
C289__EHA02355_bin.24_gene_270_4	B2UNG5	84.0	125	2.78e-70	203
C289__EHA02355_bin.24_gene_270_5	B2ULJ2	60.4	164	1.32e-69	215
C289__EHA02355_bin.24_gene_271_1	B2UMG6	43.1	439	8.68e-113	347
C289__EHA02355_bin.24_gene_271_2	B2UN86	50.6	451	5.78e-168	477
C289__EHA02355_bin.24_gene_271_3	B2UN89	72.7	132	7.82e-69	200
C289__EHA02355_bin.24_gene_271_4	B2UN88	61.9	215	3.41e-97	279
C289__EHA02355_bin.24_gene_271_5	B2UP53	53.1	307	5.21e-105	306
C289__EHA02355_bin.24_gene_271_7	B2UN92	50.0	340	5.77e-104	308
C289__EHA02355_bin.24_gene_271_9	B2UQA4	46.4	580	1.97e-159	465
C289__EHA02355_bin.24_gene_271_10	B2UQA5	40.3	233	7.88e-57	177
C289__EHA02355_bin.24_gene_271_12	B2UNH0	50.8	301	1.85e-92	273
C289__EHA02355_bin.24_gene_271_13	B2UKU4	58.3	379	8.88e-147	417
C289__EHA02355_bin.24_gene_273_2	B2UM40	28.6	213	2.24e-17	82.4
C289__EHA02355_bin.24_gene_275_7	B2ULJ0	88.4	69	1.79e-36	114
C289__EHA02355_bin.24_gene_275_8	B2ULJ1	84.3	127	9.61e-70	202
C289__EHA02355_bin.24_gene_275_9	B2ULK7	68.9	148	3.65e-79	228
C289__EHA02355_bin.24_gene_275_10	B2URJ9	44.0	720	3.60e-215	617
C289__EHA02355_bin.24_gene_275_11	B2UKY7	39.3	598	3.86e-133	400
C289__EHA02355_bin.24_gene_276_1	B2UPY5	56.1	139	2.64e-46	155
C289__EHA02355_bin.24_gene_276_2	B2UPD2	62.9	97	1.27e-37	119
C289__EHA02355_bin.24_gene_276_3	B2UNA9	78.7	708	0.0	1104
C289__EHA02355_bin.24_gene_276_4	B2UL59	63.3	30	3.27e-10	47.8
C289__EHA02355_bin.24_gene_277_1	B2UMZ4	41.9	289	1.33e-67	225
C289__EHA02355_bin.24_gene_277_2	B2UMZ5	72.1	136	1.89e-72	209
C289__EHA02355_bin.24_gene_278_1	B2UKW6	74.6	67	7.90e-29	98.6
C289__EHA02355_bin.24_gene_279_1	B2UNT2	58.6	70	1.15e-24	90.5
C289__EHA02355_bin.24_gene_279_3	B2UNT0	34.2	851	1.91e-145	447
C289__EHA02355_bin.24_gene_279_4	B2ULF0	44.6	527	3.67e-158	459
C289__EHA02355_bin.24_gene_279_5	B2UN96	52.6	97	2.02e-37	119
C289__EHA02355_bin.24_gene_279_6	B2UP34	31.2	295	1.58e-36	134
C289__EHA02355_bin.24_gene_280_1	B2ULZ6	25.9	417	2.44e-13	69.3
C289__EHA02355_bin.24_gene_280_2	B2URH2	46.2	500	3.21e-124	369
C289__EHA02355_bin.24_gene_280_3	B2UL33	31.3	294	7.65e-33	121
C289__EHA02355_bin.24_gene_280_4	B2UQJ5	36.8	125	4.54e-25	90.1
C289__EHA02355_bin.24_gene_280_6	B2URI6	50.7	290	4.80e-97	288
C289__EHA02355_bin.24_gene_281_1	B2ULS5	60.2	236	1.06e-105	302
C289__EHA02355_bin.24_gene_281_2	B2UQW7	77.6	165	1.07e-94	268
C289__EHA02355_bin.24_gene_281_3	B2UQW8	66.0	670	1.75e-312	861
C289__EHA02355_bin.24_gene_281_4	B2UL82	45.7	188	1.35e-47	150
C289__EHA02355_bin.24_gene_282_2	B2UMM5	64.9	228	4.35e-99	284
C289__EHA02355_bin.24_gene_282_3	B2UMZ8	46.3	315	7.74e-79	239
C289__EHA02355_bin.24_gene_282_4	B2UN70	55.8	181	2.90e-67	200
C289__EHA02355_bin.24_gene_282_6	B2UN68	49.8	203	8.05e-60	183
C289__EHA02355_bin.24_gene_282_7	B2UN67	43.3	141	2.13e-32	124
C289__EHA02355_bin.24_gene_282_8	B2ULA6	50.4	268	8.71e-82	251
C289__EHA02355_bin.24_gene_283_1	B2UM72	30.6	330	2.07e-40	145
C289__EHA02355_bin.24_gene_283_2	B2UM73	46.4	293	3.66e-83	250
C289__EHA02355_bin.24_gene_283_4	B2UL83	44.3	235	9.77e-55	183
C289__EHA02355_bin.24_gene_284_1	B2UQG5	54.0	63	4.80e-17	69.3
C289__EHA02355_bin.24_gene_284_2	B2UNN4	45.7	164	3.70e-39	128
C289__EHA02355_bin.24_gene_285_1	B2URK2	71.9	128	1.00e-66	197
C289__EHA02355_bin.24_gene_285_2	B2URK1	39.2	278	7.02e-64	198
C289__EHA02355_bin.24_gene_285_3	B2UMW9	43.3	726	2.60e-199	577
C289__EHA02355_bin.24_gene_286_5	B2UNJ6	36.9	290	2.79e-51	167
C289__EHA02355_bin.24_gene_286_6	B2UNJ5	69.6	358	6.76e-178	494
C289__EHA02355_bin.24_gene_286_10	B2UM66	49.9	433	2.80e-119	349
C289__EHA02355_bin.24_gene_286_11	B2UM67	53.7	935	0.0	997
C289__EHA02355_bin.24_gene_287_4	B2UM41	27.7	671	1.86e-52	191
C289__EHA02355_bin.24_gene_289_1	B2ULD6	37.6	210	1.62e-39	144
C289__EHA02355_bin.24_gene_289_5	B2UM30	34.6	570	7.50e-85	269
C289__EHA02355_bin.24_gene_289_6	B2UL75	64.4	492	2.03e-238	658
C289__EHA02355_bin.24_gene_290_2	B2UPK2	52.8	290	3.28e-105	305
C289__EHA02355_bin.24_gene_290_3	B2ULH1	24.2	842	2.67e-36	147
C289__EHA02355_bin.24_gene_290_4	B2UQ22	62.9	167	1.22e-74	226
C289__EHA02355_bin.24_gene_291_2	B2UPI5	36.0	347	3.87e-53	178
C289__EHA02355_bin.24_gene_292_1	B2UQY2	89.4	47	3.99e-23	86.7
C289__EHA02355_bin.24_gene_292_2	B2UQY1	80.0	1372	0.0	2196
C289__EHA02355_bin.24_gene_292_4	B2URM3	32.6	141	3.11e-08	54.7
C289__EHA02355_bin.24_gene_293_1	B2UR61	59.1	673	2.17e-301	838
C289__EHA02355_bin.24_gene_293_3	B2UP07	34.9	787	1.40e-126	402
C289__EHA02355_bin.24_gene_294_2	B2UPE4	22.8	1494	6.18e-35	144
C289__EHA02355_bin.24_gene_294_3	B2UPE4	26.1	813	1.28e-38	154
C289__EHA02355_bin.24_gene_295_1	B2UM10	42.5	466	2.75e-113	347
C289__EHA02355_bin.24_gene_295_2	B2UMA1	57.0	493	7.33e-192	541
C289__EHA02355_bin.24_gene_295_7	B2UPF8	52.0	227	2.51e-78	232
C289__EHA02355_bin.24_gene_295_8	B2UPF9	47.2	432	1.89e-124	364
C289__EHA02355_bin.24_gene_295_9	B2UP06	50.4	133	4.78e-42	134
C289__EHA02355_bin.24_gene_295_10	B2UMH2	61.3	713	0.0	906
C289__EHA02355_bin.24_gene_295_11	B2ULK4	38.5	270	4.24e-64	201
C289__EHA02355_bin.24_gene_296_1	B2UP98	71.4	42	5.83e-18	67.0
C289__EHA02355_bin.24_gene_296_2	B2UPA3	36.9	84	5.00e-12	54.7
C289__EHA02355_bin.24_gene_296_3	B2UNB3	55.3	521	9.02e-211	593
C289__EHA02355_bin.24_gene_296_4	B2UNG6	50.9	342	4.22e-115	334
C289__EHA02355_bin.24_gene_296_5	B2URC2	35.6	239	3.78e-40	142
C289__EHA02355_bin.24_gene_296_6	B2URC2	41.1	158	1.08e-36	129
C289__EHA02355_bin.24_gene_296_9	B2ULL7	25.5	427	5.10e-42	150
C289__EHA02355_bin.24_gene_296_10	B2ULL9	38.9	494	3.81e-108	331
C289__EHA02355_bin.24_gene_296_11	B2URP9	38.5	156	1.52e-26	94.7
C289__EHA02355_bin.24_gene_296_12	B2URP8	57.0	321	1.46e-136	387
C289__EHA02355_bin.24_gene_296_13	B2UM18	71.2	260	5.23e-129	362
C289__EHA02355_bin.24_gene_296_15	B2UQJ0	31.4	322	7.27e-27	109
C289__EHA02355_bin.24_gene_297_1	B2UN63	68.6	503	1.39e-252	698
C289__EHA02355_bin.24_gene_297_2	B2UR34	81.0	158	2.04e-96	276
C289__EHA02355_bin.24_gene_298_1	B2URD2	64.0	100	1.17e-37	125
C289__EHA02355_bin.24_gene_298_2	B2URD3	58.1	229	1.48e-93	271
C289__EHA02355_bin.24_gene_298_3	B2URD4	77.6	375	4.96e-210	586
C289__EHA02355_bin.24_gene_299_1	B2UMI4	24.5	609	3.04e-31	126
C289__EHA02355_bin.24_gene_300_1	B2UQ05	35.9	309	3.42e-60	192
C289__EHA02355_bin.24_gene_300_2	B2ULN0	49.4	334	7.88e-109	317
C289__EHA02355_bin.24_gene_300_3	B2UQC2	63.7	193	6.82e-78	249
C289__EHA02355_bin.24_gene_301_1	B2ULJ9	30.0	1241	1.16e-133	459
C289__EHA02355_bin.24_gene_301_2	B2UNX2	49.4	168	2.19e-60	182
C289__EHA02355_bin.24_gene_301_5	B2UPT1	48.6	327	1.69e-106	311
C289__EHA02355_bin.24_gene_301_7	B2ULX3	69.7	109	5.72e-46	154
C289__EHA02355_bin.24_gene_303_1	B2UNZ3	59.5	215	4.31e-84	251
C289__EHA02355_bin.24_gene_303_2	B2UNZ2	42.2	218	1.81e-59	187
C289__EHA02355_bin.24_gene_303_5	B2UNT2	62.0	245	2.08e-115	330
C289__EHA02355_bin.24_gene_304_1	B2ULX2	37.6	1225	1.06e-214	652
C289__EHA02355_bin.24_gene_305_1	B2UKV3	64.0	275	4.03e-121	346
C289__EHA02355_bin.24_gene_305_2	B2UKV2	58.9	353	4.17e-148	419
C289__EHA02355_bin.24_gene_305_3	B2UKV1	68.9	74	3.06e-34	110
C289__EHA02355_bin.24_gene_305_4	B2UKV0	48.0	562	6.31e-165	486
C289__EHA02355_bin.24_gene_306_1	B2ULM3	54.2	319	4.32e-119	349
C289__EHA02355_bin.24_gene_308_1	B2UNK3	56.6	145	1.91e-55	174
C289__EHA02355_bin.24_gene_308_2	B2UL12	43.5	549	1.98e-149	441
C289__EHA02355_bin.24_gene_308_4	B2UNA7	51.1	436	2.81e-147	423
C289__EHA02355_bin.24_gene_308_5	B2UNA8	54.7	430	6.27e-155	444
C289__EHA02355_bin.24_gene_308_6	B2UQ55	32.3	260	6.41e-39	144
C289__EHA02355_bin.24_gene_308_7	B2UPM5	37.7	228	5.26e-32	118
C289__EHA02355_bin.24_gene_308_11	B2ULK0	45.4	399	1.13e-105	313
C289__EHA02355_bin.24_gene_308_14	B2ULQ7	50.8	370	1.47e-132	381
C289__EHA02355_bin.24_gene_308_16	B2UND3	71.5	249	2.00e-126	356
C289__EHA02355_bin.24_gene_308_17	B2UND4	65.4	246	2.12e-109	313
C289__EHA02355_bin.24_gene_308_18	B2UND5	50.9	324	7.95e-114	331
C289__EHA02355_bin.24_gene_308_23	B2UMJ0	56.4	225	5.65e-91	264
C289__EHA02355_bin.24_gene_308_24	B2UMI9	39.1	373	1.80e-71	239
C289__EHA02355_bin.24_gene_308_25	B2URM3	32.1	246	6.57e-12	67.8
C289__EHA02355_bin.24_gene_309_1	B2UPE4	23.9	715	1.23e-36	144
C289__EHA02355_bin.24_gene_309_2	B2ULZ6	32.9	750	1.08e-93	320
C289__EHA02355_bin.24_gene_309_5	B2URI7	65.8	392	5.66e-176	494
C289__EHA02355_bin.24_gene_310_1	B2UMB5	74.1	170	4.66e-85	254
C289__EHA02355_bin.24_gene_310_2	B2ULS2	29.4	496	1.15e-51	179
C289__EHA02355_bin.24_gene_310_3	B2UMG5	81.0	79	5.18e-44	133
C289__EHA02355_bin.24_gene_310_4	B2UNZ1	61.9	323	2.35e-142	401
C289__EHA02355_bin.24_gene_310_5	B2UM77	59.6	161	2.26e-67	199
C289__EHA02355_bin.24_gene_311_2	B2UQ05	25.4	362	6.55e-21	89.0
C289__EHA02355_bin.24_gene_311_3	B2UPX4	33.3	225	1.21e-38	132
C289__EHA02355_bin.24_gene_311_7	B2UPB2	31.6	114	5.89e-07	43.9
C289__EHA02355_bin.24_gene_311_8	B2UNZ4	58.3	139	8.16e-56	168
C289__EHA02355_bin.24_gene_311_9	B2UMB5	68.3	290	6.82e-131	376
C289__EHA02355_bin.24_gene_312_1	B2ULQ3	49.6	452	9.54e-113	338
C289__EHA02355_bin.24_gene_312_2	B2ULQ4	77.7	224	4.81e-124	348
C289__EHA02355_bin.24_gene_312_3	B2ULQ5	61.2	454	1.02e-189	532
C289__EHA02355_bin.24_gene_312_4	B2ULQ6	49.3	450	8.63e-144	416
C289__EHA02355_bin.24_gene_312_6	B2ULZ6	30.0	873	1.25e-103	344
C289__EHA02355_bin.24_gene_312_9	B2UQC2	21.3	413	1.68e-08	54.7
C289__EHA02355_bin.24_gene_312_12	B2ULV7	35.4	509	4.61e-94	297
C289__EHA02355_bin.24_gene_312_13	B2UPD0	57.7	97	1.76e-38	121
C289__EHA02355_bin.24_gene_312_14	B2UPD1	58.0	262	3.22e-105	303
C289__EHA02355_bin.24_gene_312_19	B2UQ38	78.0	481	1.02e-264	724
C289__EHA02355_bin.24_gene_312_20	B2UQ39	78.9	507	9.11e-305	828
C289__EHA02355_bin.24_gene_312_22	B2UQ43	39.4	317	1.03e-86	261
C289__EHA02355_bin.24_gene_312_23	B2UQD8	57.2	552	1.40e-207	587
C289__EHA02355_bin.24_gene_312_24	B2UQI2	44.3	271	4.11e-90	266
C289__EHA02355_bin.24_gene_313_2	B2ULW1	29.7	303	4.13e-47	158
C289__EHA02355_bin.24_gene_313_3	B2UKT5	58.0	269	1.89e-109	314
C289__EHA02355_bin.24_gene_313_4	B2UPD4	38.0	245	2.71e-32	114
C289__EHA02355_bin.24_gene_313_5	B2UPD5	65.6	395	2.23e-189	526
C289__EHA02355_bin.24_gene_313_6	B2UPN0	42.1	271	3.45e-69	214
C289__EHA02355_bin.24_gene_314_1	B2UML3	57.3	150	1.12e-59	192
C289__EHA02355_bin.24_gene_314_2	B2UPU8	75.2	585	0.0	900
C289__EHA02355_bin.24_gene_315_1	B2UQN4	48.0	487	1.22e-145	424
C289__EHA02355_bin.24_gene_315_2	B2UNT5	55.9	479	7.61e-185	521
C289__EHA02355_bin.24_gene_315_4	B2ULM0	63.7	317	5.98e-150	422
C289__EHA02355_bin.24_gene_315_6	B2URC0	71.4	210	7.13e-102	291
C289__EHA02355_bin.24_gene_315_7	B2URB9	72.9	258	4.80e-138	385
C289__EHA02355_bin.24_gene_315_8	B2URB8	84.9	325	4.15e-205	560
C289__EHA02355_bin.24_gene_315_9	B2UN05	33.3	399	1.16e-73	232
C289__EHA02355_bin.24_gene_315_13	B2UQG6	34.0	565	9.27e-87	283
C289__EHA02355_bin.24_gene_316_4	B2UQ84	82.5	365	3.13e-220	602
C289__EHA02355_bin.24_gene_316_5	B2UQ85	56.4	346	7.06e-152	427
C289__EHA02355_bin.24_gene_317_1	B2URN0	37.7	146	1.41e-26	101
C289__EHA02355_bin.24_gene_317_3	B2URM9	67.7	962	0.0	1377
C289__EHA02355_bin.24_gene_318_2	B2UQ69	38.5	616	2.01e-146	441
C289__EHA02355_bin.24_gene_318_3	B2UL07	57.9	76	1.13e-28	95.9
C289__EHA02355_bin.24_gene_318_4	B2UL06	64.8	250	1.48e-121	343
C289__EHA02355_bin.24_gene_318_5	B2UQE6	30.4	667	1.26e-65	227
C289__EHA02355_bin.24_gene_319_1	B2UQ90	74.2	414	1.09e-236	649
C289__EHA02355_bin.24_gene_320_4	B2UP40	51.8	382	7.09e-146	416
C289__EHA02355_bin.24_gene_320_5	B2UKM2	72.8	206	7.18e-113	317
C289__EHA02355_bin.24_gene_321_2	B2UQF3	40.9	701	4.80e-182	533
C289__EHA02355_bin.24_gene_321_3	B2UP52	48.7	415	1.61e-130	380
C289__EHA02355_bin.24_gene_321_4	B2UQ87	64.1	510	1.00e-223	623
C289__EHA02355_bin.24_gene_321_5	B2UQ86	46.5	273	3.65e-74	226
C289__EHA02355_bin.24_gene_321_6	B2URF0	81.5	612	0.0	1054
C289__EHA02355_bin.24_gene_321_8	B2UNJ1	53.0	302	2.05e-106	310
C289__EHA02355_bin.24_gene_321_9	B2UNJ2	33.1	840	1.37e-120	385
C289__EHA02355_bin.24_gene_321_11	B2UMD6	57.4	298	2.89e-106	321
C289__EHA02355_bin.24_gene_322_3	B2URD8	56.5	248	1.23e-104	300
C289__EHA02355_bin.24_gene_322_4	B2URD9	43.3	215	1.79e-53	171
C289__EHA02355_bin.24_gene_322_5	B2URE0	52.9	359	1.61e-114	333
C289__EHA02355_bin.24_gene_323_1	B2UM57	59.6	57	3.95e-18	72.0
C289__EHA02355_bin.24_gene_323_2	B2UM56	55.2	324	6.06e-120	345
C289__EHA02355_bin.24_gene_323_6	B2UMD1	71.7	113	2.31e-57	170
C289__EHA02355_bin.24_gene_323_9	B2UR16	40.1	619	8.46e-143	426
C289__EHA02355_bin.24_gene_323_10	B2URJ4	46.7	651	1.20e-178	518
C289__EHA02355_bin.24_gene_323_11	B2URJ6	62.0	71	8.73e-26	90.1
C289__EHA02355_bin.24_gene_324_2	B2UMB0	33.2	485	2.77e-74	252
C289__EHA02355_bin.24_gene_325_3	B2UQR0	59.1	596	1.52e-235	659
C289__EHA02355_bin.24_gene_325_4	B2UKM4	24.7	449	3.44e-33	129
C289__EHA02355_bin.24_gene_326_3	B2UNF2	57.3	349	6.06e-138	393
C289__EHA02355_bin.24_gene_326_4	B2URI5	48.2	311	1.17e-96	284
C289__EHA02355_bin.24_gene_326_5	B2UNF1	64.5	282	6.60e-131	369
C289__EHA02355_bin.24_gene_326_6	B2UNF0	33.9	298	1.10e-49	163
C289__EHA02355_bin.24_gene_326_7	B2UNE9	46.1	141	2.25e-37	122
C289__EHA02355_bin.24_gene_326_8	B2UNE8	56.1	57	5.79e-20	77.0
C289__EHA02355_bin.24_gene_330_1	B2UL83	40.3	464	3.52e-119	364
C289__EHA02355_bin.24_gene_330_2	B2UM70	48.3	151	1.72e-45	143
C289__EHA02355_bin.24_gene_331_2	B2UP07	50.2	886	2.21e-288	818
C289__EHA02355_bin.24_gene_332_1	B2UPF3	55.6	99	2.28e-33	117
C289__EHA02355_bin.24_gene_332_2	B2URG7	58.8	102	3.25e-36	115
C289__EHA02355_bin.24_gene_332_3	B2URG8	23.6	208	5.25e-06	45.1
C289__EHA02355_bin.24_gene_333_1	B2UL94	34.5	1333	4.14e-192	627
C289__EHA02355_bin.24_gene_334_2	B2UL57	60.2	206	8.90e-85	248
C289__EHA02355_bin.24_gene_334_3	B2UN87	54.5	200	1.18e-71	215
C289__EHA02355_bin.24_gene_334_4	B2ULA5	61.9	197	2.44e-93	268
C289__EHA02355_bin.24_gene_334_5	B2ULA6	53.3	214	1.26e-70	220
C289__EHA02355_bin.24_gene_335_1	B2UR00	82.2	146	3.24e-76	241
C289__EHA02355_bin.24_gene_335_2	B2UR01	58.5	366	1.97e-143	414
C289__EHA02355_bin.24_gene_336_1	B2ULN8	62.3	477	8.85e-188	529
C289__EHA02355_bin.24_gene_336_2	B2ULN9	66.1	599	2.57e-289	797
C289__EHA02355_bin.24_gene_336_3	B2ULY3	64.8	105	1.40e-40	126
C289__EHA02355_bin.24_gene_336_4	B2ULY4	42.4	231	1.12e-43	142
C289__EHA02355_bin.24_gene_336_5	B2ULY5	61.5	187	1.69e-74	218
C289__EHA02355_bin.24_gene_336_6	B2ULY6	62.6	423	4.02e-191	533
C289__EHA02355_bin.24_gene_336_7	B2ULY7	60.0	560	2.20e-247	687
C289__EHA02355_bin.24_gene_336_8	B2ULY8	69.1	466	6.78e-263	718
C289__EHA02355_bin.24_gene_336_9	B2ULY9	52.1	188	1.19e-68	204
C289__EHA02355_bin.24_gene_336_10	B2ULZ0	70.6	412	8.97e-216	595
C289__EHA02355_bin.24_gene_336_11	B2UL66	76.8	306	1.39e-175	485
C289__EHA02355_bin.24_gene_336_13	B2UME1	86.7	120	1.35e-62	196
C289__EHA02355_bin.24_gene_338_2	B2UQD2	44.1	315	1.54e-93	277
C289__EHA02355_bin.24_gene_339_1	B2UL60	44.9	465	7.67e-132	387
C289__EHA02355_bin.24_gene_339_6	B2UQD0	60.5	185	3.43e-78	228
C289__EHA02355_bin.24_gene_339_7	B2UQC9	79.5	443	7.60e-238	663
C289__EHA02355_bin.24_gene_340_2	B2ULB7	53.3	614	7.49e-237	674
C289__EHA02355_bin.24_gene_341_1	B2UQY3	76.6	124	8.31e-54	161
C289__EHA02355_bin.24_gene_341_2	B2UQY2	79.4	1226	0.0	1908
C289__EHA02355_bin.24_gene_343_1	B2UM57	63.4	549	5.74e-238	674
C289__EHA02355_bin.24_gene_344_5	B2ULE8	47.1	484	1.41e-159	466
C289__EHA02355_bin.24_gene_344_6	B2UMZ7	47.2	492	1.35e-141	417
C289__EHA02355_bin.24_gene_344_7	B2UNL8	40.2	627	5.02e-136	407
C289__EHA02355_bin.24_gene_344_9	B2UN02	50.2	652	2.10e-224	637
C289__EHA02355_bin.24_gene_344_16	B2UMA3	69.5	285	2.43e-142	399
C289__EHA02355_bin.24_gene_344_17	B2UQ91	70.8	336	3.55e-183	506
C289__EHA02355_bin.24_gene_345_2	B2UQR9	53.9	308	4.44e-115	332
C289__EHA02355_bin.24_gene_345_3	B2UQR8	64.4	665	2.99e-314	865
C289__EHA02355_bin.24_gene_345_4	B2UNV1	46.1	141	8.72e-42	133
C289__EHA02355_bin.24_gene_345_5	B2UNV2	60.6	104	2.18e-44	136
C289__EHA02355_bin.24_gene_345_6	B2UNV3	89.9	79	5.03e-50	149
C289__EHA02355_bin.24_gene_345_10	B2UMU4	96.8	126	3.41e-86	243
C289__EHA02355_bin.24_gene_345_11	B2UMU3	85.4	157	3.91e-99	278
C289__EHA02355_bin.24_gene_345_12	B2UMU2	80.8	714	0.0	1159
C289__EHA02355_bin.24_gene_345_13	B2UMU1	90.2	102	4.27e-61	178
C289__EHA02355_bin.24_gene_345_14	B2UMU0	67.9	212	1.92e-101	289
C289__EHA02355_bin.24_gene_345_15	B2UMT9	81.5	205	3.31e-109	308
C289__EHA02355_bin.24_gene_345_16	B2UMT8	77.7	94	1.43e-44	135
C289__EHA02355_bin.24_gene_345_17	B2UMT7	84.2	278	2.77e-175	481
C289__EHA02355_bin.24_gene_345_18	B2UMT6	92.1	89	9.30e-59	171
C289__EHA02355_bin.24_gene_345_19	B2UMT5	57.3	234	5.30e-84	246
C289__EHA02355_bin.24_gene_345_20	B2UMT4	76.6	111	3.02e-54	161
C289__EHA02355_bin.24_gene_345_21	B2UMT3	81.8	209	4.52e-124	347
C289__EHA02355_bin.24_gene_345_22	B2UMT2	89.9	139	1.55e-90	255
C289__EHA02355_bin.24_gene_345_24	B2UMS9	89.3	121	4.37e-72	207
C289__EHA02355_bin.24_gene_345_25	B2UQM2	78.4	74	4.58e-39	120
C289__EHA02355_bin.24_gene_345_26	B2UQM3	81.2	191	3.06e-113	317
C289__EHA02355_bin.24_gene_345_27	B2UQM4	75.2	133	2.47e-70	204
C289__EHA02355_bin.24_gene_345_28	B2UQM5	70.9	179	4.34e-86	247
C289__EHA02355_bin.24_gene_345_29	B2UQM6	75.8	120	1.23e-57	171
C289__EHA02355_bin.24_gene_345_30	B2UQM7	86.3	161	9.47e-93	265
C289__EHA02355_bin.24_gene_345_31	B2UQM8	77.0	152	2.14e-80	231
C289__EHA02355_bin.24_gene_345_32	B2UQN0	66.0	497	5.73e-214	597
C289__EHA02355_bin.24_gene_345_33	B2UQN1	54.2	212	3.99e-77	228
C289__EHA02355_bin.24_gene_345_34	B2UQN2	65.8	263	3.21e-123	348
C289__EHA02355_bin.24_gene_346_1	B2ULJ2	61.4	280	9.96e-127	367
C289__EHA02355_bin.24_gene_346_2	B2UNV0	40.1	274	8.40e-56	177
C289__EHA02355_bin.24_gene_346_3	B2UMY5	31.5	241	1.16e-27	103
C289__EHA02355_bin.24_gene_346_4	B2UMY4	82.6	270	2.28e-171	471
C289__EHA02355_bin.24_gene_346_6	B2UR61	54.4	469	1.71e-175	510
C289__EHA02355_bin.24_gene_347_1	B2UNH1	82.3	373	1.92e-217	595
C289__EHA02355_bin.24_gene_347_3	B2UNX0	60.4	371	5.61e-154	435
C289__EHA02355_bin.24_gene_347_5	B2UQZ6	65.5	304	5.22e-148	415
C289__EHA02355_bin.24_gene_347_7	B2UMA5	68.3	319	1.66e-169	470
C289__EHA02355_bin.24_gene_347_8	B2UMA6	62.6	243	4.68e-112	318
C289__EHA02355_bin.24_gene_347_9	B2UNV0	54.7	161	2.96e-57	177
C289__EHA02355_bin.24_gene_349_1	B2URE4	65.3	337	7.78e-142	401
C289__EHA02355_bin.24_gene_349_3	B2UL48	43.9	230	1.90e-75	225
C289__EHA02355_bin.24_gene_349_4	B2UN28	64.2	394	1.07e-187	522
C289__EHA02355_bin.24_gene_350_3	B2ULB0	42.5	351	1.54e-90	271
C289__EHA02355_bin.24_gene_350_5	B2ULB2	60.9	248	2.29e-107	308
C289__EHA02355_bin.24_gene_350_6	B2ULB3	57.5	280	4.65e-113	324
C289__EHA02355_bin.24_gene_350_7	B2URI4	52.3	193	2.99e-70	210
C289__EHA02355_bin.24_gene_351_1	B2UL63	43.0	379	3.80e-113	336
C289__EHA02355_bin.24_gene_351_2	B2UL64	34.7	672	8.81e-121	370
C289__EHA02355_bin.24_gene_351_3	B2UNA2	69.0	342	1.19e-168	470
C289__EHA02355_bin.24_gene_351_4	B2UR21	64.6	161	1.48e-67	201
C289__EHA02355_bin.24_gene_352_2	B2ULP9	46.3	311	1.24e-94	280
C289__EHA02355_bin.24_gene_352_3	B2UNV0	43.0	237	2.13e-63	197
C289__EHA02355_bin.24_gene_352_5	B2UQ45	67.0	355	1.24e-172	481
C289__EHA02355_bin.24_gene_352_6	B2UQ21	51.9	345	2.72e-109	320
C289__EHA02355_bin.24_gene_352_7	B2UQ22	66.5	257	7.98e-123	353
C289__EHA02355_bin.24_gene_353_2	B2UPJ2	34.1	132	6.18e-23	94.0
C289__EHA02355_bin.24_gene_353_4	B2UQ12	50.5	467	1.05e-164	470
C289__EHA02355_bin.24_gene_353_5	B2UQG8	56.3	373	1.21e-147	419
C289__EHA02355_bin.24_gene_353_6	B2UMU5	76.0	508	1.57e-289	791
C289__EHA02355_bin.24_gene_353_7	B2UMG9	32.6	273	1.26e-45	152
C289__EHA02355_bin.24_gene_353_8	B2UNH9	47.4	253	3.15e-84	249
C289__EHA02355_bin.24_gene_353_10	B2UMN2	61.5	161	5.06e-67	197
C289__EHA02355_bin.24_gene_353_11	B2UMN3	77.2	391	1.49e-219	602
C289__EHA02355_bin.24_gene_353_12	B2UMN5	65.4	217	2.32e-95	274
C289__EHA02355_bin.24_gene_354_1	B2UPE4	24.2	904	8.98e-45	173
C289__EHA02355_bin.24_gene_355_4	B2UNB3	52.4	42	3.50e-09	48.1
C289__EHA02355_bin.24_gene_355_11	B2UL03	65.1	106	6.73e-44	143
C289__EHA02355_bin.24_gene_355_13	B2UP10	60.7	366	2.09e-159	448
C289__EHA02355_bin.24_gene_355_14	B2ULM1	41.4	157	1.24e-32	110
C289__EHA02355_bin.24_gene_355_15	B2UP59	75.6	308	4.81e-168	466
C289__EHA02355_bin.24_gene_357_3	B2UNE5	36.6	93	3.53e-09	54.3
C289__EHA02355_bin.24_gene_358_2	B2UL70	55.8	197	3.12e-64	194
C289__EHA02355_bin.24_gene_358_3	B2UMI2	47.3	712	1.12e-234	667
C289__EHA02355_bin.24_gene_358_4	B2ULR9	44.4	126	3.13e-31	105
C289__EHA02355_bin.24_gene_358_5	B2ULR8	69.8	344	2.24e-183	507
C289__EHA02355_bin.24_gene_358_8	B2URH0	42.7	110	1.76e-28	105
C289__EHA02355_bin.24_gene_358_10	B2URD5	51.7	269	1.98e-97	284
C289__EHA02355_bin.24_gene_358_11	B2UNW1	35.2	418	8.21e-82	254
C289__EHA02355_bin.24_gene_358_12	B2URI3	68.3	164	5.63e-81	233
C289__EHA02355_bin.24_gene_358_13	B2URI2	62.3	252	5.64e-114	324
C289__EHA02355_bin.24_gene_358_14	B2URI1	35.9	580	9.25e-112	344
C289__EHA02355_bin.24_gene_358_15	B2URI0	42.3	787	3.32e-208	606
C289__EHA02355_bin.24_gene_358_16	B2URH9	50.0	138	4.13e-38	123
C289__EHA02355_bin.24_gene_358_17	B2URH8	57.6	158	5.16e-55	171
C289__EHA02355_bin.24_gene_359_1	B2UNB1	43.8	178	5.70e-49	154
C289__EHA02355_bin.24_gene_359_3	B2UQH0	68.7	418	1.22e-217	600
C289__EHA02355_bin.24_gene_359_8	B2UN24	25.7	292	4.23e-27	103
C289__EHA02355_bin.24_gene_359_11	B2UKW6	73.5	98	4.12e-49	151
C289__EHA02355_bin.24_gene_360_1	B2UNK9	64.8	381	4.61e-176	492
C289__EHA02355_bin.24_gene_360_3	B2UQB4	59.5	363	3.02e-147	417
C289__EHA02355_bin.24_gene_360_4	B2UNC3	63.1	463	5.48e-221	612
C289__EHA02355_bin.24_gene_360_5	B2UNC2	78.6	257	1.37e-140	392
C289__EHA02355_bin.24_gene_360_7	B2UPD9	58.3	36	1.33e-11	49.3
C289__EHA02355_bin.24_gene_361_1	B2UP88	55.3	302	4.64e-103	310
C289__EHA02355_bin.24_gene_361_2	B2URM9	29.0	568	9.10e-60	217
C289__EHA02355_bin.24_gene_361_3	B2UMJ9	71.5	382	9.89e-191	529
C289__EHA02355_bin.24_gene_361_4	B2UM08	38.2	314	6.07e-56	180
C289__EHA02355_bin.24_gene_361_6	B2UQF3	39.3	710	1.89e-160	482
C289__EHA02355_bin.24_gene_361_7	B2UNQ0	49.0	155	1.14e-50	156
C289__EHA02355_bin.24_gene_361_8	B2UR00	75.7	696	0.0	1025
C289__EHA02355_bin.24_gene_362_3	B2ULZ6	31.7	849	1.64e-109	360
C289__EHA02355_bin.24_gene_363_2	B2UQN5	63.5	690	6.16e-308	852
C289__EHA02355_bin.24_gene_364_1	B2UKX1	54.8	104	1.14e-32	116
C289__EHA02355_bin.24_gene_364_2	B2UKZ2	58.4	459	3.78e-187	526
C289__EHA02355_bin.24_gene_364_3	B2UKZ1	57.6	231	1.54e-96	278
C289__EHA02355_bin.24_gene_364_4	B2UKZ0	51.0	243	5.02e-80	238
C289__EHA02355_bin.24_gene_364_5	B2UKT0	52.0	369	5.15e-129	371
C289__EHA02355_bin.24_gene_364_6	B2UKT1	61.0	369	5.67e-149	422
C289__EHA02355_bin.24_gene_364_7	B2UKT2	65.4	81	4.40e-31	110
C289__EHA02355_bin.24_gene_365_2	B2UMI0	42.4	59	8.07e-13	55.5
C289__EHA02355_bin.24_gene_365_3	B2UQA1	60.7	710	0.0	901
C289__EHA02355_bin.24_gene_365_6	B2UPZ3	58.3	103	5.91e-40	125
C289__EHA02355_bin.24_gene_365_8	B2UPZ5	56.2	226	2.16e-92	267
C289__EHA02355_bin.24_gene_365_9	B2UPZ6	33.6	211	2.39e-25	100
C289__EHA02355_bin.24_gene_366_1	B2UPL0	35.8	310	9.54e-44	154
C289__EHA02355_bin.24_gene_366_2	B2UNZ9	41.6	397	1.86e-109	330
C289__EHA02355_bin.24_gene_367_1	B2URG8	71.7	364	2.13e-188	535
C289__EHA02355_bin.24_gene_367_3	B2UL46	66.7	303	3.14e-151	424
C289__EHA02355_bin.24_gene_367_5	B2UNE3	74.5	423	2.91e-235	645
C289__EHA02355_bin.24_gene_367_6	B2UNB7	57.8	187	2.41e-79	231
C289__EHA02355_bin.24_gene_367_7	B2UNB8	65.8	222	1.28e-109	310
C289__EHA02355_bin.24_gene_368_1	B2ULD5	69.6	253	7.48e-128	360
C289__EHA02355_bin.24_gene_370_5	B2UPD6	25.6	176	8.49e-10	57.0
C289__EHA02355_bin.24_gene_370_7	B2UL49	48.9	233	2.37e-71	220
C289__EHA02355_bin.24_gene_370_9	B2UQP4	27.2	430	2.28e-28	110
C289__EHA02355_bin.24_gene_371_1	B2UMV1	66.2	379	2.32e-182	517
C289__EHA02355_bin.24_gene_371_3	B2UMU8	61.3	480	4.81e-196	550
C289__EHA02355_bin.24_gene_371_4	B2UMU7	51.2	387	2.86e-131	378
C289__EHA02355_bin.24_gene_371_5	B2UP96	51.1	131	8.87e-38	125
C289__EHA02355_bin.24_gene_371_6	B2ULV3	54.9	399	9.78e-159	449
C289__EHA02355_bin.24_gene_371_7	B2ULV2	32.6	519	3.14e-63	210
C289__EHA02355_bin.24_gene_371_8	B2UN25	70.6	398	6.38e-217	602
C289__EHA02355_bin.24_gene_371_9	B2UKT3	54.3	151	9.30e-44	143
C289__EHA02355_bin.24_gene_373_1	B2UR61	66.9	142	6.22e-64	204
C289__EHA02355_bin.24_gene_373_2	B2UP57	30.3	445	1.05e-45	166
C289__EHA02355_bin.24_gene_373_3	B2UQC5	57.2	885	0.0	944
C289__EHA02355_bin.24_gene_373_4	B2UQC6	74.2	221	4.35e-118	332
C289__EHA02355_bin.24_gene_373_5	B2UP57	30.5	443	1.87e-48	173
C289__EHA02355_bin.24_gene_373_6	B2ULJ9	21.8	717	2.33e-25	109
C289__EHA02355_bin.24_gene_374_4	B2UPY1	79.6	240	3.25e-134	375
C289__EHA02355_bin.24_gene_374_5	B2URI4	52.1	219	5.61e-77	229
C289__EHA02355_bin.24_gene_374_6	B2UQR4	52.8	197	1.90e-55	173
C289__EHA02355_bin.24_gene_374_7	B2ULG0	62.4	229	1.17e-106	305
C289__EHA02355_bin.24_gene_374_8	B2ULF9	40.4	364	1.31e-83	254
C289__EHA02355_bin.24_gene_374_9	B2ULF8	45.3	276	9.25e-70	213
C289__EHA02355_bin.24_gene_374_12	B2UP77	83.3	66	9.91e-35	109
C289__EHA02355_bin.24_gene_374_15	B2UP21	48.2	112	5.95e-31	103
C289__EHA02355_bin.24_gene_375_2	B2UMI4	40.8	49	1.52e-07	42.4
C289__EHA02355_bin.24_gene_376_1	B2UQS6	45.7	105	6.85e-23	92.8
C289__EHA02355_bin.24_gene_377_1	B2URP3	74.2	396	1.10e-205	575
C289__EHA02355_bin.24_gene_377_2	B2URP2	86.4	250	8.14e-161	442
C289__EHA02355_bin.24_gene_377_3	B2URP1	42.8	215	6.91e-50	158
C289__EHA02355_bin.24_gene_378_2	B2UQG1	40.6	345	1.42e-76	259
C289__EHA02355_bin.24_gene_378_3	B2UNU2	58.5	357	3.54e-134	386
C289__EHA02355_bin.24_gene_379_1	B2UN02	37.2	486	4.44e-96	300
C289__EHA02355_bin.24_gene_379_2	B2URM9	56.8	1117	0.0	1348
C289__EHA02355_bin.24_gene_379_3	B2UP92	65.7	204	2.28e-101	288
C289__EHA02355_bin.24_gene_379_5	B2UP91	58.4	370	1.62e-159	449
C289__EHA02355_bin.24_gene_379_7	B2UL98	55.8	190	3.37e-63	199
C289__EHA02355_bin.24_gene_379_8	B2UL98	60.9	230	4.75e-91	273
C289__EHA02355_bin.24_gene_379_9	B2UP00	78.3	235	4.75e-132	368
C289__EHA02355_bin.24_gene_379_10	B2UP01	67.3	147	5.15e-70	205
C289__EHA02355_bin.24_gene_379_11	B2UP02	86.6	269	3.69e-162	466
C289__EHA02355_bin.24_gene_380_1	B2UL87	86.0	308	7.63e-192	525
C289__EHA02355_bin.24_gene_380_2	B2UL88	84.3	364	2.15e-233	635
C289__EHA02355_bin.24_gene_380_3	B2UL89	74.3	265	3.81e-149	415
C289__EHA02355_bin.24_gene_381_2	B2UN01	48.8	213	2.20e-77	232
C289__EHA02355_bin.24_gene_382_2	B2UPN0	26.2	210	1.89e-14	68.6
C294__k141_1275766_3	B2ULC0	48.3	211	5.32e-65	202
C294__k141_1275766_4	B2UN43	56.0	184	2.29e-63	191
C294__k141_1275766_5	B2UP63	64.1	167	6.49e-72	211
C294__k141_1275766_6	B2ULN6	47.5	255	7.02e-79	238
C294__k141_1275766_7	B2UML3	66.5	665	0.0	972
C294__k141_1275766_12	B2UNL3	30.8	117	2.86e-07	42.7
C294__k141_1275766_21	B2URG0	47.4	831	1.20e-257	736
C294__k141_1275766_22	B2UNA9	79.1	704	0.0	1097
C294__k141_1275766_24	B2UNB0	70.0	80	4.94e-34	108
C294__k141_1275766_27	B2UQP7	47.7	394	3.22e-123	361
C294__k141_1275766_28	B2UMX2	45.1	872	6.35e-266	759
C294__k141_1275766_29	B2UNP0	31.1	360	5.83e-38	149
C294__k141_1275766_31	B2UQI2	48.2	274	7.93e-91	267
C294__k141_1275766_32	B2UQI3	57.4	425	3.45e-169	477
C294__k141_1275766_33	B2UQI4	77.2	324	4.82e-191	525
C294__k141_1275766_34	B2UQI5	57.4	282	8.23e-110	317
C294__k141_1275766_36	B2UNG2	39.2	199	1.04e-45	148
C294__k141_1275766_37	B2UPT9	64.1	92	3.32e-38	120
C294__k141_1275766_38	B2UPT8	45.1	153	3.40e-46	150
C294__k141_1275766_39	B2UPT7	46.9	162	1.06e-55	171
C294__k141_1275766_40	B2UPT6	75.0	152	4.25e-89	256
C294__k141_1275766_41	B2UMB0	49.8	845	5.27e-289	811
C294__k141_1275766_43	B2UPP6	78.0	422	4.59e-249	680
C294__k141_1275766_44	B2UN63	68.1	533	4.57e-262	723
C294__k141_1275766_45	B2UMN1	35.7	470	3.63e-72	257
C294__k141_1275766_47	B2UL36	47.3	425	3.48e-136	394
C294__k141_1275766_49	B2UKT7	52.2	272	1.13e-103	300
C294__k141_1275766_50	B2UM28	56.7	215	3.75e-82	240
C294__k141_1275766_52	B2UP07	54.3	827	1.28e-309	870
C294__k141_1275766_54	B2ULM7	57.0	249	1.77e-89	261
C294__k141_1275766_55	B2ULM8	44.0	266	6.16e-63	196
C294__k141_1275766_56	B2ULM9	47.7	388	9.23e-109	322
C294__k141_1275766_57	B2UQQ8	57.8	289	1.08e-115	332
C294__k141_1275766_58	B2UQQ9	43.6	479	2.09e-101	315
C294__k141_1275766_59	B2UPV7	58.6	348	2.21e-139	397
C294__k141_1275766_60	B2UPV6	66.5	1084	0.0	1398
C294__k141_1275766_61	B2UMG3	61.6	346	2.06e-146	414
C294__k141_1275766_62	B2UMG4	48.3	172	5.17e-54	167
C294__k141_1275766_63	B2UQQ7	48.9	188	1.65e-55	172
C294__k141_1275766_65	B2UL61	69.8	318	9.68e-159	442
C294__k141_1275766_66	B2UL62	63.5	260	1.92e-124	351
C294__k141_1275766_67	B2UL63	45.0	504	7.53e-165	474
C294__k141_1275766_68	B2UL64	33.1	694	2.85e-122	375
C294__k141_1275766_69	B2UQ18	72.8	261	1.49e-127	359
C294__k141_1275766_70	B2UPP4	49.7	340	1.94e-116	338
C294__k141_1275766_71	B2ULR5	83.6	134	1.67e-76	219
C294__k141_1275766_72	B2ULR4	54.8	166	6.79e-58	176
C294__k141_1275766_73	B2ULR3	76.2	307	2.84e-169	468
C294__k141_1275766_74	B2ULR2	47.3	419	1.10e-125	367
C294__k141_1275766_75	B2ULR1	53.4	204	4.53e-79	233
C294__k141_1275766_77	B2UMM2	59.1	281	1.94e-114	328
C294__k141_1275766_78	B2UMM1	54.7	444	3.64e-181	510
C294__k141_1275766_81	B2ULC3	57.6	151	4.95e-52	159
C294__k141_1275766_82	B2ULC4	50.5	218	4.05e-63	192
C294__k141_1275766_83	B2UM52	43.1	181	4.19e-46	146
C294__k141_1275766_84	B2URJ2	65.0	712	0.0	950
C294__k141_1275766_85	B2UPI0	64.9	644	9.56e-300	826
C294__k141_1275766_91	B2UM06	69.0	561	1.27e-280	771
C294__k141_1275766_92	B2UNS8	82.6	714	0.0	1181
C294__k141_1275766_93	B2UNS9	56.3	696	1.12e-265	743
C294__k141_1275766_96	B2ULB6	64.3	843	0.0	1032
C294__k141_1275766_97	B2UQJ5	39.4	127	2.85e-28	98.2
C294__k141_1275766_98	B2UL59	69.3	163	7.56e-81	234
C294__k141_1275766_103	B2ULG1	67.7	325	9.77e-164	456
C294__k141_1275766_104	B2UP29	64.0	253	3.27e-113	322
C294__k141_1275766_105	B2UP28	51.6	407	6.17e-140	402
C294__k141_1275766_107	B2UMD2	64.2	453	1.31e-216	601
C294__k141_1275766_109	B2ULD6	32.9	283	2.67e-34	137
C294__k141_1275766_110	B2UP64	72.1	398	2.27e-207	575
C294__k141_1275766_111	B2UP65	46.9	207	2.40e-66	199
C294__k141_1275766_112	B2UM07	57.0	719	3.01e-275	773
C294__k141_1275766_113	B2UN27	62.0	92	2.33e-33	107
C294__k141_1318991_2	B2URK7	44.6	224	1.70e-69	209
C294__k141_1318991_3	B2URK5	80.2	334	6.79e-195	535
C294__k141_1318991_4	B2UP17	60.0	205	3.09e-82	240
C294__k141_1318991_5	B2URM3	33.2	229	1.65e-12	68.2
C294__k141_1318991_16	B2UP71	81.9	271	5.22e-176	482
C294__k141_1318991_17	B2UP70	51.0	151	2.99e-55	168
C294__k141_1318991_18	B2UN24	45.3	276	3.11e-83	249
C294__k141_1318991_19	B2UN75	47.8	393	5.70e-114	341
C294__k141_1318991_20	B2UKU8	65.6	421	3.87e-206	571
C294__k141_1318991_21	B2UKU7	72.3	592	1.16e-318	870
C294__k141_1318991_22	B2UQE8	67.5	403	1.78e-199	553
C294__k141_1318991_23	B2UQE7	69.1	453	1.67e-228	630
C294__k141_1318991_24	B2UMZ7	45.7	503	8.05e-138	406
C294__k141_1318991_25	B2UNL8	37.6	625	2.47e-117	360
C294__k141_1318991_27	B2UNZ2	37.8	217	1.34e-51	166
C294__k141_1318991_28	B2UNZ3	56.0	418	8.38e-164	463
C294__k141_1318991_29	B2UPE2	47.0	230	1.28e-64	197
C294__k141_1318991_30	B2ULC1	70.5	511	1.33e-258	712
C294__k141_1318991_31	B2UQA1	55.6	522	2.33e-220	624
C294__k141_1318991_32	B2UP83	29.2	161	1.08e-06	47.4
C294__k141_1318991_33	B2UL55	77.2	307	1.51e-166	461
C294__k141_1318991_34	B2UMM0	57.9	309	1.98e-123	354
C294__k141_1318991_35	B2UML9	73.3	90	6.60e-41	126
C294__k141_1318991_36	B2UML8	57.7	594	3.51e-242	676
C294__k141_1318991_37	B2UMC7	68.0	325	2.28e-170	473
C294__k141_1318991_38	B2UMC9	71.2	552	6.16e-303	827
C294__k141_1318991_39	B2ULD3	72.6	398	4.54e-213	587
C294__k141_1318991_40	B2UM29	73.0	857	0.0	1325
C294__k141_1318991_41	B2UNG6	50.1	341	6.72e-114	332
C294__k141_1318991_43	B2UL87	85.4	308	3.78e-192	526
C294__k141_1318991_44	B2UL88	80.2	364	4.67e-221	604
C294__k141_1318991_45	B2UL89	73.9	291	4.62e-162	449
C294__k141_1318991_46	B2UM72	33.2	259	2.93e-28	114
C294__k141_1318991_47	B2UM73	46.0	285	3.04e-85	256
C294__k141_1318991_48	B2UKW4	38.4	177	1.64e-36	122
C294__k141_1318991_49	B2UKW3	38.7	684	2.70e-160	477
C294__k141_1318991_50	B2UKW2	29.4	333	8.25e-26	104
C294__k141_1318991_52	B2ULF1	62.5	216	7.69e-100	286
C294__k141_1318991_53	B2ULD4	42.6	878	3.06e-220	642
C294__k141_1318991_54	B2UMX5	63.7	135	2.77e-61	181
C294__k141_1318991_55	B2UPN4	68.3	533	2.95e-272	748
C294__k141_1318991_58	B2ULT6	48.0	700	6.33e-229	654
C294__k141_1318991_59	B2ULT5	36.9	654	3.07e-134	405
C294__k141_1318991_60	B2UPQ1	58.6	295	2.30e-116	333
C294__k141_1318991_61	B2UPQ0	75.3	328	8.05e-180	497
C294__k141_1318991_62	B2UMC3	70.9	165	1.39e-86	248
C294__k141_1318991_65	B2UP97	37.1	278	6.00e-54	174
C294__k141_1318991_66	B2ULL9	68.1	548	7.60e-261	721
C294__k141_1318991_67	B2ULL8	74.9	554	4.82e-307	837
C294__k141_1318991_68	B2ULL7	69.5	426	8.27e-198	550
C294__k141_1318991_69	B2ULL6	37.3	153	1.16e-26	97.4
C294__k141_1318991_72	B2URP8	54.8	314	2.66e-122	350
C294__k141_1318991_73	B2URP9	46.4	151	6.08e-37	121
C294__k141_1318991_74	B2UR66	74.8	329	5.33e-188	518
C294__k141_1318991_75	B2UL54	66.2	139	2.67e-55	166
C294__k141_1318991_76	B2UL53	69.9	372	4.75e-184	511
C294__k141_1318991_77	B2UPD3	55.6	351	6.30e-140	397
C294__k141_1318991_78	B2UNE2	82.9	76	6.05e-36	113
C294__k141_1318991_79	B2UQD5	43.4	530	3.42e-129	382
C294__k141_1318991_80	B2UNL5	72.1	437	5.50e-229	630
C294__k141_1318991_81	B2UL38	56.6	198	4.58e-74	218
C294__k141_1318991_82	B2UL37	49.0	292	5.71e-92	273
C294__k141_1318991_83	B2UMY1	54.6	762	4.78e-250	712
C294__k141_1318991_84	B2UMY0	55.0	109	2.70e-43	134
C294__k141_1318991_85	B2UMG7	68.0	150	2.36e-71	208
C294__k141_1318991_87	B2ULT3	51.7	298	2.81e-81	244
C294__k141_1318991_89	B2UPX4	64.6	260	3.85e-114	325
C294__k141_1318991_90	B2URL9	37.6	279	1.10e-56	180
C294__k141_1318991_91	B2URM0	57.5	365	1.80e-154	436
C294__k141_1318991_92	B2URM1	70.4	189	8.75e-94	268
C294__k141_1318991_93	B2URM2	47.2	269	4.67e-65	201
C294__k141_1318991_94	B2UQR6	72.5	389	1.60e-205	567
C294__k141_1318991_95	B2UQR7	60.7	715	4.18e-285	797
C294__k141_1318991_99	B2ULS2	55.6	495	8.71e-194	548
C294__k141_1318991_100	B2UMK3	62.9	453	2.63e-206	575
C294__k141_1318991_101	B2UM75	60.2	118	4.44e-45	140
C294__k141_1318991_102	B2UL47	49.8	219	2.56e-71	213
C294__k141_1318991_103	B2UNW0	40.6	315	2.62e-75	231
C294__k141_1318991_105	B2UMV4	54.2	360	1.43e-138	395
C294__k141_1318991_106	B2ULV8	26.7	513	7.56e-32	124
C294__k141_1318991_108	B2URJ9	46.8	457	5.40e-142	420
C294__k141_1318991_109	B2UM58	38.8	672	2.36e-146	437
C294__k141_1318991_110	B2UKV6	79.3	639	0.0	967
C294__k141_1318991_111	B2UKV7	81.3	96	1.66e-53	158
C294__k141_1318991_112	B2UKV8	83.3	539	5.51e-317	862
C294__k141_1318991_114	B2UM41	54.5	830	0.0	915
C294__k141_1318991_115	B2UMH5	73.0	393	1.16e-203	562
C294__k141_1318991_116	B2UMH4	71.4	297	3.60e-154	429
C294__k141_1318991_117	B2UR97	42.4	59	1.15e-06	44.7
C294__k141_1318991_119	B2URH7	55.3	499	2.17e-188	532
C294__k141_1318991_120	B2UP85	62.6	203	6.10e-89	256
C294__k141_1318991_121	B2UL83	26.6	707	2.17e-50	185
C294__k141_1318991_123	B2UKM5	60.6	71	3.82e-28	93.2
C294__k141_1318991_124	B2UPF3	56.7	607	6.51e-246	689
C294__k141_1318991_125	B2UR32	46.8	474	1.05e-137	401
C294__k141_1318991_126	B2UP90	65.6	439	1.20e-208	580
C294__k141_1318991_127	B2UL00	32.2	292	1.44e-26	104
C294__k141_1318991_130	B2ULA1	58.9	740	2.00e-315	874
C294__k141_1318991_131	B2UQA2	83.4	253	7.21e-151	418
C294__k141_1318991_132	B2UP32	47.6	294	3.08e-81	244
C294__k141_1318991_133	B2ULA9	40.8	936	1.10e-225	663
C294__k141_1318991_134	B2UR62	41.6	449	6.57e-123	362
C294__k141_1318991_135	B2UP73	69.8	504	8.50e-263	721
C294__k141_1318991_136	B2UQE0	38.2	207	3.02e-40	134
C294__k141_1318991_137	B2UMG6	41.0	488	2.75e-118	357
C294__k141_1318991_139	B2UQP9	50.0	42	2.54e-06	43.1
C294__k141_1318991_141	B2UPU3	52.9	1191	0.0	1229
C294__k141_1318991_143	B2UPU4	44.7	244	1.51e-55	174
C294__k141_1318991_144	B2UN99	64.6	443	7.06e-226	624
C294__k141_1318991_145	B2UQR5	52.6	253	1.31e-86	269
C294__k141_1318991_146	B2UQR4	55.9	170	4.54e-54	169
C294__k141_1318991_148	B2UPQ6	67.1	420	2.88e-219	604
C294__k141_1318991_149	B2URJ0	65.0	380	2.23e-176	492
C294__k141_1318991_150	B2UN83	75.8	401	1.35e-233	640
C294__k141_1318991_151	B2UQJ0	30.2	321	1.73e-24	107
C294__k141_1318991_152	B2UQF3	56.2	707	5.03e-288	803
C294__k141_1318991_153	B2UQ31	67.8	376	2.25e-186	519
C294__k141_1318991_154	B2UQ12	45.7	464	1.00e-136	399
C294__k141_1318991_155	B2URN3	52.5	122	5.48e-36	127
C294__k141_1318991_156	B2UQA1	57.4	706	1.09e-302	840
C294__k141_1318991_157	B2UPS7	34.0	250	3.06e-43	143
C294__k141_1318991_158	B2UKP4	40.0	95	2.93e-10	50.8
C294__k141_1193549_1	B2ULR7	67.0	522	1.65e-251	695
C294__k141_1193549_3	B2UP05	56.9	357	8.32e-151	426
C294__k141_1193549_6	B2UKT4	66.6	944	0.0	1239
C294__k141_1193549_7	B2UNR2	71.0	403	2.05e-201	558
C294__k141_1193549_8	B2UNR1	59.6	436	3.43e-180	506
C294__k141_1193549_9	B2UN53	68.0	369	9.10e-179	497
C294__k141_1193549_14	B2UMB0	39.1	458	3.03e-102	328
C294__k141_1193549_17	B2UNZ5	55.7	273	4.76e-107	308
C294__k141_1193549_23	B2UKW7	88.3	333	2.17e-219	597
C294__k141_1193549_24	B2UKW8	77.6	397	6.42e-221	607
C294__k141_1193549_25	B2UL04	28.5	144	1.31e-16	76.3
C294__k141_1193549_26	B2UPV0	37.5	269	3.74e-64	200
C294__k141_1193549_31	B2UP88	57.6	589	1.10e-216	612
C294__k141_1193549_33	B2UM33	73.3	641	0.0	977
C294__k141_1193549_34	B2UMW8	50.4	242	2.18e-74	223
C294__k141_1193549_35	B2UMW7	37.3	959	4.69e-184	553
C294__k141_1193549_36	B2UPJ3	40.5	227	1.12e-47	160
C294__k141_1193549_37	B2UML5	57.1	133	8.15e-51	155
C294__k141_1193549_38	B2UML6	73.0	304	5.07e-158	439
C294__k141_1193549_39	B2ULM5	57.7	196	7.86e-80	234
C294__k141_1193549_41	B2UN26	32.2	867	6.21e-116	369
C294__k141_1193549_42	B2UPA1	41.7	187	1.76e-43	140
C294__k141_1193549_46	B2UP99	56.8	514	1.01e-205	579
C294__k141_44701_2	B2UR05	54.9	457	1.34e-183	519
C294__k141_44701_3	B2UQP5	73.3	382	7.56e-206	567
C294__k141_44701_4	B2UKW0	59.2	740	5.15e-292	815
C294__k141_44701_6	B2UMX9	64.1	833	0.0	1040
C294__k141_44701_8	B2URC2	62.2	460	4.53e-220	610
C294__k141_44701_9	B2UKY8	36.0	744	4.03e-171	509
C294__k141_44701_10	B2UP91	56.3	371	5.46e-153	432
C294__k141_44701_11	B2UQK1	67.8	888	0.0	1228
C294__k141_44701_12	B2UMW9	41.1	727	3.61e-188	550
C294__k141_44701_13	B2UPJ2	33.6	348	9.94e-59	190
C294__k141_44701_14	B2UP82	53.2	459	2.97e-160	459
C294__k141_44701_15	B2UP81	58.0	1056	0.0	1147
C294__k141_44701_16	B2UP80	41.8	388	6.11e-89	273
C294__k141_44701_17	B2UPP0	40.9	357	1.10e-89	271
C294__k141_44701_18	B2UN62	46.1	304	6.72e-102	298
C294__k141_44701_19	B2UN60	39.2	293	1.23e-61	194
C294__k141_44701_20	B2UN59	41.3	252	6.92e-56	176
C294__k141_44701_21	B2UM01	43.3	640	4.55e-164	479
C294__k141_44701_24	B2UM63	60.3	461	2.11e-202	565
C294__k141_44701_25	B2ULQ0	34.7	167	2.57e-29	102
C294__k141_44701_27	B2UL23	70.4	196	3.87e-104	294
C294__k141_44701_28	B2UL24	63.2	201	4.58e-96	275
C294__k141_44701_29	B2ULZ3	60.5	512	5.22e-218	610
C294__k141_44701_30	B2ULZ4	61.0	200	3.56e-81	236
C294__k141_44701_31	B2UPE1	81.9	293	3.11e-172	474
C294__k141_44701_41	B2ULF0	29.7	296	1.28e-25	107
C294__k141_44701_43	B2UNH0	54.5	257	5.51e-89	267
C294__k141_44701_44	B2UKU4	56.9	378	4.01e-143	408
C294__k141_44701_45	B2UNN5	57.1	949	0.0	1026
C294__k141_44701_47	B2UQ19	58.3	422	6.07e-156	444
C294__k141_44701_48	B2UL16	50.3	199	1.16e-73	217
C294__k141_44701_50	B2UMS7	68.6	892	0.0	1276
C294__k141_44701_51	B2UR64	34.4	512	1.38e-72	235
C294__k141_44701_53	B2UN86	53.4	453	3.31e-184	518
C294__k141_44701_54	B2UMH6	61.3	429	2.40e-179	504
C294__k141_44701_55	B2UL92	76.6	504	9.89e-297	807
C294__k141_44701_57	B2UPB9	30.6	216	1.34e-28	107
C294__k141_44701_59	B2UQ15	71.7	325	1.55e-175	486
C294__k141_44701_60	B2UR57	59.8	301	6.67e-122	347
C294__k141_44701_61	B2UPY2	59.3	290	5.86e-128	362
C294__k141_44701_62	B2UPY3	66.7	456	7.37e-230	634
C294__k141_44701_66	B2UL69	55.1	728	1.14e-266	750
C294__k141_44701_67	B2ULN3	54.7	179	4.17e-66	197
C294__k141_44701_69	B2UL82	37.8	172	7.11e-33	112
C294__k141_1066781_5	B2UKU0	47.0	215	7.54e-67	201
C294__k141_1066781_6	B2UNX3	51.1	139	1.85e-40	129
C294__k141_1066781_7	B2UNX4	80.9	467	4.84e-268	732
C294__k141_1066781_8	B2UNX5	54.3	293	6.33e-95	278
C294__k141_1066781_9	B2UNX6	72.7	505	4.42e-260	715
C294__k141_1066781_10	B2UNX7	42.3	130	3.13e-30	102
C294__k141_1066781_11	B2UNX8	40.5	163	3.20e-27	97.4
C294__k141_1066781_12	B2UNX9	66.7	69	1.58e-23	81.6
C294__k141_1066781_13	B2UNY0	53.6	267	7.06e-90	267
C294__k141_1066781_15	B2UL03	65.8	114	1.88e-43	140
C294__k141_1066781_17	B2UP10	60.1	358	7.72e-158	444
C294__k141_1066781_18	B2UNR7	70.1	1175	0.0	1664
C294__k141_1066781_19	B2UQD6	66.0	147	6.64e-69	202
C294__k141_1066781_21	B2UMV3	42.4	177	1.12e-44	142
C294__k141_1066781_22	B2UP33	40.4	277	1.64e-54	177
C294__k141_1066781_24	B2UQ74	71.8	461	1.29e-224	622
C294__k141_1066781_26	B2ULJ6	26.7	975	2.15e-72	254
C294__k141_1066781_27	B2ULJ5	32.9	870	8.65e-121	388
C294__k141_1066781_28	B2ULC6	71.9	320	5.44e-173	479
C294__k141_1066781_29	B2ULU7	33.7	329	2.90e-51	169
C294__k141_1066781_30	B2UPQ8	32.6	405	1.10e-57	196
C294__k141_1066781_32	B2UQ11	69.6	250	3.62e-120	339
C294__k141_1066781_33	B2UQ10	72.1	369	2.60e-190	548
C294__k141_1066781_34	B2UR58	69.2	373	2.51e-195	540
C294__k141_1066781_35	B2ULL5	63.8	309	8.66e-144	404
C294__k141_1066781_37	B2UMN9	37.8	518	1.79e-104	333
C294__k141_1066781_38	B2UMP0	50.6	324	1.04e-105	308
C294__k141_1066781_40	B2UMP2	51.9	293	1.85e-103	300
C294__k141_1066781_41	B2UMP3	79.5	327	7.27e-188	517
C294__k141_1066781_42	B2ULU8	79.8	406	7.15e-257	698
C294__k141_1066781_45	B2UM55	58.5	342	3.34e-139	395
C294__k141_1066781_46	B2UM54	59.4	244	1.59e-90	264
C294__k141_1066781_47	B2UM53	45.5	255	2.16e-78	234
C294__k141_1066781_49	B2UPD2	59.8	102	8.91e-34	110
C294__k141_1066781_50	B2UPY5	51.9	649	4.08e-225	639
C294__k141_1066781_51	B2UMY4	83.9	274	2.19e-174	478
C294__k141_1066781_52	B2UMY5	33.0	224	1.08e-27	103
C294__k141_1066781_53	B2UMR6	56.4	298	1.67e-111	323
C294__k141_1066781_54	B2UMR7	81.2	101	1.18e-53	159
C294__k141_1066781_56	B2UM62	44.1	433	3.80e-118	348
C294__k141_1066781_57	B2UPJ2	34.1	123	2.20e-20	87.4
C294__k141_1066781_58	B2UNF2	56.1	351	7.53e-142	403
C294__k141_1066781_59	B2URI5	43.5	308	6.60e-84	252
C294__k141_1066781_60	B2UNF1	61.7	282	5.30e-123	349
C294__k141_1066781_61	B2UNF0	31.0	294	3.90e-42	143
C294__k141_1066781_62	B2UNE9	43.9	155	1.43e-43	138
C294__k141_1066781_63	B2UNE8	67.0	391	1.64e-200	555
C294__k141_1066781_64	B2ULM6	55.7	474	4.68e-197	554
C294__k141_1066781_65	B2UM34	44.6	323	5.70e-89	268
C294__k141_1066781_67	B2UQP2	35.0	223	2.26e-34	126
C294__k141_1066781_69	B2UQ55	32.5	228	8.21e-32	119
C294__k141_1066781_72	B2UM12	56.5	434	8.35e-161	459
C294__k141_1066781_74	B2UPR9	56.4	353	4.90e-143	406
C294__k141_1066781_75	B2UL58	42.0	379	2.25e-107	320
C294__k141_1066781_76	B2URL8	48.4	568	5.83e-170	491
C294__k141_1066781_77	B2ULA8	56.6	580	7.59e-221	621
C294__k141_1066781_78	B2UN46	66.7	639	0.0	882
C294__k141_1066781_80	B2UQ13	57.9	542	3.42e-200	567
C294__k141_1066781_81	B2UN85	56.7	30	8.11e-06	38.1
C294__k141_1066781_91	B2UNU3	56.1	187	4.86e-68	203
C294__k141_1066781_92	B2UM02	64.5	578	7.33e-229	649
C294__k141_1066781_93	B2UQK3	66.6	338	2.17e-173	484
C294__k141_1066781_94	B2UQC7	45.0	200	2.99e-63	196
C294__k141_1066781_97	B2ULD5	68.0	253	2.17e-123	348
C294__k141_1066781_98	B2UNI9	63.5	178	2.21e-77	225
C294__k141_1066781_99	B2UP59	72.0	328	1.95e-173	481
C294__k141_1066781_100	B2UR34	74.1	158	4.93e-90	258
C294__k141_1066781_101	B2UP20	42.9	259	4.55e-67	206
C294__k141_1066781_102	B2UN74	41.6	344	1.13e-83	254
C294__k141_1066781_103	B2ULS8	62.3	695	2.55e-317	875
C294__k141_1066781_104	B2UL91	34.5	238	5.81e-38	129
C294__k141_1066781_105	B2UP76	57.2	346	6.85e-138	392
C294__k141_1066781_108	B2ULU3	73.2	306	1.86e-156	436
C294__k141_1066781_109	B2ULU4	71.7	300	8.53e-160	444
C294__k141_1066781_110	B2ULU5	47.9	626	2.41e-211	600
C294__k141_1066781_112	B2UMM9	58.4	243	2.18e-92	272
C294__k141_1066781_115	B2ULM4	71.0	359	2.29e-200	551
C294__k141_1066781_116	B2URH2	39.7	532	1.47e-108	329
C294__k141_1066781_119	B2ULZ7	56.2	587	1.54e-244	684
C294__k141_1066781_121	B2UPX5	60.8	291	7.43e-123	349
C294__k141_1066781_122	B2UPX6	75.1	221	6.16e-117	329
C294__k141_1066781_123	B2UM08	36.3	317	1.07e-50	168
C294__k141_1066781_124	B2UMJ9	69.2	389	2.29e-183	511
C294__k141_1066781_125	B2UNY9	43.1	160	1.13e-39	130
C294__k141_1066781_126	B2UNB4	32.3	167	2.36e-15	78.2
C294__k141_1066781_127	B2ULB3	58.4	286	4.89e-118	337
C294__k141_1066781_128	B2ULB2	60.6	246	3.92e-102	295
C294__k141_1066781_130	B2ULB0	45.2	301	2.93e-94	278
C294__k141_3913_3	B2UM81	63.8	757	0.0	1016
C294__k141_3913_4	B2ULD0	48.1	156	1.52e-51	159
C294__k141_3913_5	B2ULC9	60.3	252	5.37e-109	312
C294__k141_3913_6	B2UQZ0	65.5	357	1.16e-162	456
C294__k141_3913_7	B2UQZ1	71.3	352	1.07e-173	488
C294__k141_3913_8	B2UQZ2	81.6	201	9.99e-120	335
C294__k141_3913_9	B2UQZ3	41.3	438	3.76e-107	321
C294__k141_727215_2	B2UQH2	76.6	188	5.69e-105	296
C294__k141_727215_3	B2URG3	75.1	257	9.45e-140	390
C294__k141_727215_4	B2UPB0	58.5	193	5.23e-78	228
C294__k141_727215_6	B2ULV4	51.6	161	1.83e-48	155
C294__k141_727215_7	B2UMF7	41.7	151	8.55e-31	105
C294__k141_727215_8	B2UMF8	44.2	423	4.61e-108	331
C294__k141_727215_9	B2URH5	79.2	130	4.65e-68	198
C294__k141_727215_10	B2URH4	75.4	142	3.28e-77	222
C294__k141_727215_11	B2UQ25	61.5	273	7.31e-123	349
C294__k141_727215_12	B2UQM1	43.4	295	2.10e-73	224
C294__k141_727215_14	B2UN72	76.3	427	3.16e-246	674
C294__k141_727215_15	B2UN71	51.8	380	1.04e-140	403
C294__k141_727215_17	B2URE8	51.2	121	2.16e-36	117
C294__k141_727215_18	B2URE7	69.0	239	4.62e-118	333
C294__k141_727215_19	B2URE6	76.5	515	2.41e-290	792
C294__k141_727215_23	B2UNZ4	45.3	128	4.27e-34	114
C294__k141_727215_24	B2ULS0	36.6	374	5.36e-88	271
C294__k141_727215_25	B2ULS1	42.6	441	3.73e-111	332
C294__k141_727215_26	B2UQA7	67.1	158	2.25e-74	216
C294__k141_727215_27	B2UR17	43.5	391	1.31e-106	316
C294__k141_727215_28	B2UQA6	56.0	1235	0.0	1377
C294__k141_727215_29	B2UM21	49.1	332	9.36e-119	343
C294__k141_727215_30	B2UKZ8	58.6	116	2.09e-49	152
C294__k141_727215_31	B2UKZ7	65.0	414	3.07e-193	540
C294__k141_727215_33	B2UKW6	66.0	197	4.27e-93	267
C294__k141_727215_35	B2UPK5	56.4	443	8.13e-167	473
C294__k141_727215_36	B2UPK4	70.2	359	9.58e-188	519
C294__k141_727215_38	B2UPK2	50.3	292	9.29e-97	283
C294__k141_727215_40	B2UQ22	61.0	431	7.92e-192	535
C294__k141_727215_41	B2UQ21	48.0	333	2.15e-95	284
C294__k141_727215_42	B2UQ45	67.7	356	3.75e-174	484
C294__k141_727215_45	B2UNV0	44.3	235	5.77e-64	199
C294__k141_727215_46	B2UPW4	26.3	278	1.15e-32	122
C294__k141_727215_47	B2UPW3	58.9	299	7.20e-115	330
C294__k141_727215_48	B2UPW2	66.6	766	0.0	1049
C294__k141_46831_2	B2URP6	75.5	249	6.74e-140	390
C294__k141_46831_3	B2URP5	64.0	322	1.69e-148	417
C294__k141_46831_4	B2URP4	48.7	786	6.94e-244	695
C294__k141_46831_5	B2URP3	59.9	581	4.07e-236	660
C294__k141_46831_6	B2URP2	82.1	252	1.49e-154	427
C294__k141_46831_7	B2URP1	33.5	218	3.45e-37	126
C294__k141_46831_8	B2UKR2	52.8	123	1.70e-43	136
C294__k141_983138_6	B2UMB5	69.0	464	1.29e-226	626
C294__k141_983138_7	B2UQH4	40.8	660	2.56e-136	419
C294__k141_983138_8	B2UPS3	27.1	262	1.15e-11	61.2
C294__k141_983138_10	B2UNV9	63.7	491	2.38e-241	667
C294__k141_983138_11	B2UQ75	83.8	142	2.66e-84	240
C294__k141_983138_12	B2UQG1	48.6	731	6.08e-264	743
C294__k141_983138_13	B2UP37	52.1	242	5.09e-91	271
C294__k141_983138_20	B2UNB8	67.7	198	1.58e-106	303
C294__k141_983138_21	B2UNB7	51.8	193	1.27e-73	217
C294__k141_983138_25	B2UR45	51.2	326	1.87e-117	340
C294__k141_983138_26	B2UR44	60.8	352	4.24e-154	435
C294__k141_983138_28	B2UR42	41.2	592	1.49e-148	438
C294__k141_983138_31	B2UR39	49.1	924	6.07e-279	793
C294__k141_983138_35	B2UKX7	46.1	358	5.64e-102	302
C294__k141_983138_37	B2UMS5	51.6	306	4.07e-107	316
C294__k141_983138_38	B2UNI0	41.8	502	1.14e-128	389
C294__k141_983138_39	B2UN93	61.7	266	1.19e-105	305
C294__k141_983138_40	B2URM5	81.1	852	0.0	1399
C294__k141_983138_41	B2URM6	79.9	845	0.0	1324
C294__k141_983138_43	B2UN97	63.2	437	1.07e-194	543
C294__k141_983138_44	B2URE3	76.4	297	2.01e-163	452
C294__k141_983138_45	B2URE4	64.3	328	1.05e-139	395
C294__k141_983138_46	B2URE5	66.0	144	4.33e-63	187
C294__k141_983138_47	B2UPT0	71.2	306	4.21e-163	453
C294__k141_983138_48	B2UR50	51.0	349	1.55e-116	343
C294__k141_983138_49	B2UR51	65.8	225	1.02e-106	304
C294__k141_983138_53	B2UPF9	47.4	437	4.75e-126	369
C294__k141_983138_55	B2UR21	68.8	192	6.44e-93	266
C294__k141_983138_56	B2UNJ3	75.2	423	1.14e-228	629
C294__k141_983138_57	B2ULA0	53.8	303	2.01e-99	290
C294__k141_983138_58	B2UL99	75.6	360	3.79e-197	543
C294__k141_983138_59	B2UNS0	60.4	192	1.36e-82	240
C294__k141_770993_1	B2UL94	56.3	167	9.02e-58	197
C294__k141_770993_5	B2UL94	50.0	84	6.46e-24	90.9
C294__k141_770993_11	B2ULX7	27.6	662	7.04e-53	194
C294__k141_770993_14	B2UQ60	55.4	413	7.81e-163	461
C294__k141_770993_15	B2UQ54	65.4	321	5.15e-161	449
C294__k141_770993_16	B2UQ59	50.8	240	5.76e-89	261
C294__k141_770993_17	B2UQ61	63.9	327	4.29e-159	444
C294__k141_770993_18	B2UQ63	57.0	328	9.14e-144	406
C294__k141_770993_19	B2UQ56	44.9	303	3.51e-90	268
C294__k141_770993_20	B2UQ57	70.7	328	4.80e-175	484
C294__k141_770993_21	B2UND9	56.7	164	1.20e-63	189
C294__k141_770993_22	B2UNE0	68.1	188	1.40e-96	275
C294__k141_770993_23	B2UNE1	64.6	491	1.85e-237	656
C294__k141_770993_24	B2UR81	62.9	348	1.44e-167	467
C294__k141_770993_25	B2UR83	57.7	104	1.79e-33	119
C294__k141_770993_29	B2UM25	68.8	615	2.58e-316	866
C294__k141_770993_30	B2UN58	63.5	463	1.22e-210	585
C294__k141_770993_31	B2UN57	57.1	536	1.83e-209	588
C294__k141_770993_32	B2UN56	54.3	698	1.14e-281	788
C294__k141_770993_33	B2UN55	71.3	324	3.00e-173	480
C294__k141_770993_34	B2UN54	73.4	334	1.06e-180	499
C294__k141_770993_35	B2UMS3	47.3	201	3.79e-59	182
C294__k141_770993_36	B2UMS2	37.2	137	1.91e-28	98.6
C294__k141_770993_39	B2UR59	57.3	634	6.42e-258	719
C294__k141_770993_40	B2UP18	57.8	218	2.78e-91	264
C294__k141_770993_41	B2ULK8	65.8	187	7.13e-92	263
C294__k141_770993_42	B2UPK9	37.7	151	1.32e-35	117
C294__k141_770993_43	B2UPL0	48.4	471	1.61e-149	434
C294__k141_770993_45	B2UPL2	41.2	656	9.10e-152	452
C294__k141_770993_46	B2UPL3	48.6	490	6.74e-167	478
C294__k141_770993_47	B2UPL4	52.9	450	7.88e-157	449
C294__k141_770993_48	B2UPL5	48.0	354	2.40e-105	310
C294__k141_770993_49	B2UPV8	59.9	431	1.12e-173	490
C294__k141_770993_51	B2UPW0	54.3	372	3.76e-129	372
C294__k141_770993_52	B2UPW1	50.8	378	7.47e-121	351
C294__k141_770993_53	B2UMG5	82.5	80	1.07e-43	134
C294__k141_770993_56	B2UNR5	39.5	215	4.52e-44	144
C294__k141_770993_61	B2URB8	92.3	326	2.86e-228	619
C294__k141_770993_62	B2URB9	77.1	258	9.61e-145	402
C294__k141_770993_63	B2URC0	69.4	219	4.89e-104	296
C294__k141_770993_64	B2UM77	70.7	164	1.91e-85	245
C294__k141_770993_65	B2UPB4	58.3	554	1.39e-196	581
C294__k141_770993_67	B2UQ16	87.3	308	4.18e-155	436
C294__k141_770993_69	B2UPX0	35.3	272	2.29e-37	135
C294__k141_770993_70	B2UPW9	64.1	198	3.78e-96	275
C294__k141_770993_71	B2UPW8	77.6	469	1.06e-275	751
C294__k141_770993_72	B2ULU2	71.7	120	1.25e-66	193
C294__k141_770993_73	B2UMW6	42.3	208	4.14e-59	181
C294__k141_770993_74	B2ULV5	67.6	648	5.93e-315	865
C294__k141_770993_75	B2UNN7	39.6	149	1.04e-32	110
C294__k141_770993_76	B2UMX8	55.7	185	2.93e-78	229
C294__k141_770993_77	B2UNL7	43.4	249	7.98e-59	184
C294__k141_770993_78	B2UM89	46.2	537	2.55e-151	443
C294__k141_770993_80	B2UNL9	68.8	77	1.02e-34	109
C294__k141_770993_81	B2UNM0	37.4	123	3.25e-22	84.3
C294__k141_770993_82	B2UPN5	52.7	531	3.29e-179	512
C294__k141_770993_83	B2UP72	48.1	482	2.97e-161	462
C294__k141_770993_84	B2UN65	71.7	417	1.59e-221	610
C294__k141_770993_85	B2UN22	54.1	737	2.87e-277	776
C294__k141_770993_87	B2UR38	48.7	199	1.55e-60	184
C294__k141_770993_88	B2UR37	67.1	438	1.31e-196	550
C294__k141_770993_89	B2UPS4	83.2	548	0.0	920
C294__k141_770993_91	B2UMN5	63.0	216	2.09e-92	266
C294__k141_770993_92	B2UMN4	52.7	239	1.69e-84	248
C294__k141_770993_93	B2UMN3	76.3	392	1.89e-220	605
C294__k141_770993_94	B2UMN2	62.8	156	8.28e-66	196
C294__k141_770993_96	B2URJ9	46.4	444	4.03e-136	406
C294__k141_770993_97	B2UMX7	56.8	236	3.98e-91	265
C294__k141_770993_99	B2UQ85	57.1	343	5.98e-151	425
C294__k141_770993_100	B2UQ84	80.8	365	4.23e-208	572
C294__k141_770993_110	B2UL42	49.2	130	1.82e-35	116
C294__k141_770993_111	B2UL42	48.9	137	3.41e-35	116
C294__k141_770993_112	B2ULV6	31.9	546	1.49e-87	279
C294__k141_770993_113	B2UP04	31.3	256	7.32e-30	109
C294__k141_770993_114	B2UP03	74.4	234	1.42e-132	369
C294__k141_770993_115	B2UP02	79.5	801	0.0	1259
C294__k141_770993_116	B2UP01	65.3	147	2.97e-69	203
C294__k141_770993_117	B2UP00	77.1	236	9.64e-134	372
C294__k141_770993_120	B2UNT9	62.0	213	1.47e-87	254
C294__k141_770993_121	B2UNU0	65.2	368	8.13e-177	493
C294__k141_770993_122	B2UQT6	59.1	340	2.51e-138	397
C294__k141_770993_123	B2UQI2	46.0	272	1.59e-90	266
C294__k141_770993_125	B2ULH3	56.1	371	1.60e-146	417
C294__k141_770993_126	B2UM84	72.3	904	0.0	1360
C294__k141_770993_127	B2UM85	51.4	146	1.96e-51	163
C294__k141_770993_128	B2UPC3	37.9	227	2.31e-39	132
C294__k141_770993_129	B2UQ40	40.9	193	5.46e-40	131
C294__k141_1028068_3	B2UM41	42.1	818	2.43e-223	648
C294__k141_1028068_4	B2UKX3	49.6	838	1.86e-255	729
C294__k141_1028068_5	B2UKX4	53.5	325	1.26e-123	354
C294__k141_1028068_7	B2UL07	50.6	87	1.24e-26	90.9
C294__k141_1028068_8	B2UL06	64.9	248	1.05e-116	331
C294__k141_1028068_9	B2ULM3	52.0	521	8.49e-182	518
C294__k141_1028068_10	B2UM18	71.5	260	1.97e-128	361
C294__k141_1028068_11	B2UPZ3	61.2	103	1.45e-40	126
C294__k141_1028068_13	B2UPZ5	52.8	218	8.45e-81	238
C294__k141_1028068_14	B2UPZ6	28.5	298	8.87e-17	77.0
C294__k141_1028068_17	B2UMF2	63.8	293	6.94e-134	377
C294__k141_1028068_18	B2UMF1	66.7	246	2.87e-117	332
C294__k141_1028068_19	B2UMF0	44.3	167	6.32e-37	122
C294__k141_1028068_20	B2UME9	59.3	246	2.63e-104	300
C294__k141_1028068_21	B2UME8	53.2	308	1.05e-112	325
C294__k141_1028068_22	B2UME7	44.2	224	1.71e-54	174
C294__k141_1028068_23	B2UPY4	36.7	452	5.02e-91	279
C294__k141_218859_2	B2UQ95	46.9	209	1.41e-48	155
C294__k141_218859_3	B2UQ94	53.9	334	1.55e-120	347
C294__k141_218859_4	B2UQ93	67.1	140	2.50e-68	199
C294__k141_218859_5	B2UQ71	72.9	639	0.0	1022
C294__k141_218859_6	B2UL48	46.2	238	1.35e-78	233
C294__k141_218859_7	B2UN28	62.9	394	2.16e-187	521
C294__k141_218859_9	B2UNL4	46.2	305	8.89e-86	265
C294__k141_218859_10	B2UPE5	60.7	509	1.14e-222	621
C294__k141_218859_11	B2UPE6	56.6	182	1.64e-68	203
C294__k141_218859_12	B2ULI1	60.7	575	4.20e-262	727
C294__k141_218859_14	B2UPX1	52.5	486	1.15e-180	514
C294__k141_218859_15	B2UPX2	30.6	468	2.41e-61	206
C294__k141_218859_16	B2UPX3	46.5	381	7.75e-120	349
C294__k141_218859_24	B2UMF9	68.2	340	3.16e-163	456
C294__k141_218859_25	B2UQC6	74.4	223	2.68e-123	345
C294__k141_218859_26	B2UQC5	63.6	885	0.0	1083
C294__k141_218859_27	B2UL98	61.5	454	2.94e-199	557
C294__k141_218859_28	B2UMK1	59.0	100	1.82e-39	125
C294__k141_604287_4	B2UN64	66.3	172	3.17e-85	247
C294__k141_604287_6	B2UP58	49.4	482	1.73e-166	477
C294__k141_604287_7	B2UNM1	61.2	631	8.73e-310	853
C294__k141_604287_8	B2ULX7	58.0	731	4.00e-292	825
C294__k141_604287_9	B2ULX8	49.2	362	1.54e-112	336
C294__k141_604287_12	B2UMA4	70.1	348	7.52e-190	524
C294__k141_604287_13	B2UMA3	68.3	287	6.19e-142	397
C294__k141_604287_14	B2UPU8	72.3	585	0.0	877
C294__k141_604287_19	B2UPD0	61.4	88	4.96e-35	112
C294__k141_604287_20	B2UPD1	56.1	262	5.75e-102	295
C294__k141_604287_22	B2ULP2	57.7	324	2.61e-124	368
C294__k141_604287_25	B2ULD2	66.9	151	8.48e-75	218
C294__k141_1070989_3	B2UKX6	56.0	266	3.77e-112	320
C294__k141_1070989_4	B2UNV1	47.7	132	1.19e-40	131
C294__k141_1070989_5	B2UNV2	62.5	104	1.87e-45	139
C294__k141_1070989_6	B2UNV3	85.7	84	2.49e-50	149
C294__k141_1070989_7	B2UQA8	41.1	470	1.83e-105	320
C294__k141_1070989_8	B2UL15	68.2	453	1.82e-224	620
C294__k141_1070989_9	B2UL14	47.5	408	1.41e-119	351
C294__k141_1070989_10	B2UL13	41.2	272	1.19e-61	194
C294__k141_1070989_11	B2UQV8	41.3	242	4.66e-57	178
C294__k141_1070989_12	B2UQV7	56.4	101	1.54e-38	121
C294__k141_1242731_2	B2UPR8	57.7	213	2.42e-83	243
C294__k141_1242731_3	B2UL70	55.5	200	1.91e-68	204
C294__k141_1242731_4	B2UNZ0	45.0	260	5.84e-66	202
C294__k141_1242731_5	B2UMI2	46.2	715	1.26e-225	644
C294__k141_1242731_7	B2ULR8	62.5	341	4.71e-171	476
C294__k141_1242731_11	B2URG9	39.1	133	5.34e-16	73.2
C294__k141_1242731_12	B2URD5	55.8	269	4.73e-101	293
C294__k141_1242731_13	B2UNW1	34.5	443	3.03e-92	282
C294__k141_1242731_14	B2URI3	69.8	162	4.39e-78	226
C294__k141_1242731_15	B2URI2	64.2	254	1.50e-118	335
C294__k141_1242731_16	B2URI1	36.3	576	5.39e-109	337
C294__k141_1242731_17	B2URI0	36.6	771	6.56e-153	463
C294__k141_1242731_18	B2URH9	49.3	138	9.16e-37	120
C294__k141_1242731_19	B2URH8	48.6	220	1.48e-67	207
C294__k141_1242731_23	B2UPP1	75.6	180	3.98e-94	268
C294__k141_1242731_24	B2ULZ9	63.1	452	4.54e-214	593
C294__k141_1242731_25	B2ULP8	53.4	311	1.02e-117	338
C294__k141_1242731_26	B2UL79	36.5	466	1.38e-88	274
C294__k141_1242731_27	B2ULA5	67.7	223	5.56e-113	319
C294__k141_1242731_28	B2UN87	53.2	201	2.78e-75	222
C294__k141_1242731_29	B2UL57	59.9	207	3.08e-87	254
C294__k141_1242731_31	B2UPE9	32.5	446	3.97e-65	229
C294__k141_1242731_32	B2UM17	74.7	288	4.46e-155	431
C294__k141_1242731_33	B2UM16	34.9	209	1.94e-40	135
C294__k141_1242731_34	B2UM15	22.2	483	2.57e-18	84.0
C294__k141_1242731_35	B2UM14	38.5	779	8.72e-163	490
C294__k141_1242731_36	B2UQL8	40.1	822	2.57e-169	511
C294__k141_1242731_37	B2UL60	43.6	468	5.74e-128	375
C294__k141_1242731_38	B2UL68	45.7	387	4.24e-123	370
C294__k141_1242731_40	B2ULJ3	29.1	374	2.71e-26	106
C294__k141_1242731_41	B2UNF4	31.6	272	5.96e-21	86.3
C294__k141_1242731_44	B2UQ07	58.4	522	1.08e-214	601
C294__k141_1242731_45	B2UQ06	69.4	418	3.06e-220	606
C294__k141_1242731_46	B2UQ05	71.9	356	1.35e-193	534
C294__k141_1242731_47	B2ULM0	49.5	103	1.16e-31	110
C294__k141_1283829_3	B2URF4	39.3	1024	1.40e-197	591
C294__k141_1283829_5	B2UQT0	54.6	216	1.89e-75	224
C294__k141_1283829_6	B2UQS9	79.8	653	0.0	1082
C294__k141_1283829_7	B2UQS8	78.9	251	2.05e-151	419
C294__k141_692359_1	B2URM3	25.1	824	7.69e-20	93.2
C294__k141_692359_2	B2UNT5	64.9	279	1.20e-131	377
C294__k141_692359_3	B2UQN4	44.1	512	2.18e-145	424
C294__k141_692359_4	B2UQN5	60.8	688	1.48e-294	817
C294__k141_692359_10	B2UR81	64.3	314	4.82e-155	434
C294__k141_692359_11	B2UR83	49.6	278	1.93e-88	271
C294__k141_692359_15	B2URK1	40.2	276	2.75e-74	225
C294__k141_692359_16	B2URK2	69.8	212	7.10e-115	323
C294__k141_692359_17	B2URK3	67.0	282	4.87e-135	380
C294__k141_692359_21	B2ULW5	71.1	356	5.92e-187	517
C294__k141_692359_22	B2ULW6	80.8	364	1.69e-210	577
C294__k141_692359_24	B2UPC4	54.6	196	1.63e-71	212
C294__k141_692359_26	B2UNZ8	65.6	657	1.35e-314	866
C294__k141_692359_28	B2ULG0	53.9	191	1.14e-74	223
C294__k141_692359_29	B2ULF9	40.1	362	3.74e-77	237
C294__k141_692359_30	B2ULF8	42.8	278	4.18e-67	206
C294__k141_692359_34	B2UMV1	63.1	621	5.95e-299	823
C294__k141_692359_36	B2UMU9	35.1	609	3.98e-121	369
C294__k141_692359_37	B2UMU8	63.5	460	1.67e-196	550
C294__k141_692359_38	B2UMU7	50.5	384	5.89e-129	372
C294__k141_692359_39	B2ULV3	44.5	400	3.94e-110	325
C294__k141_692359_41	B2UN25	68.5	422	1.29e-226	625
C294__k141_692359_42	B2UKY9	52.9	210	5.12e-71	213
C294__k141_692359_43	B2UM70	47.6	126	3.63e-32	108
C294__k141_692359_44	B2UPJ9	50.5	198	6.37e-63	190
C294__k141_692359_45	B2UPJ8	42.9	373	1.36e-104	310
C294__k141_692359_46	B2UR33	61.9	291	1.18e-136	385
C294__k141_692359_49	B2ULX9	43.1	211	5.08e-52	164
C294__k141_692359_50	B2ULY0	52.9	259	5.27e-75	225
C294__k141_692359_51	B2ULY1	30.1	302	1.26e-24	96.7
C294__k141_692359_52	B2ULY2	50.6	534	6.47e-162	468
C294__k141_692359_53	B2UNE5	48.2	652	3.68e-179	518
C294__k141_692359_56	B2UPQ5	62.7	461	4.30e-212	589
C294__k141_692359_58	B2UPQ3	52.2	822	1.05e-295	832
C294__k141_692359_60	B2UMX0	50.3	286	2.09e-88	262
C294__k141_692359_61	B2URK4	67.0	291	2.79e-139	391
C294__k141_692359_62	B2UL29	53.3	291	1.16e-103	303
C294__k141_692359_63	B2UQG6	50.5	543	2.17e-189	538
C294__k141_692359_64	B2UKM8	73.3	415	1.05e-222	612
C294__k141_692359_65	B2UQ30	75.7	350	2.52e-189	523
C294__k141_609199_2	B2UM45	77.6	411	1.89e-238	652
C294__k141_609199_7	B2UPZ0	35.7	126	4.70e-08	48.5
C294__k141_609199_8	B2UP84	29.4	477	2.81e-38	145
C294__k141_609199_11	B2UKZ6	73.5	344	1.65e-184	512
C294__k141_609199_12	B2ULZ5	57.5	280	1.48e-122	348
C294__k141_609199_13	B2UM94	41.1	508	1.26e-115	348
C294__k141_609199_14	B2UM93	84.1	113	1.44e-67	195
C294__k141_609199_15	B2UP52	51.4	407	3.98e-147	422
C294__k141_609199_17	B2UNX2	48.6	175	1.04e-55	171
C294__k141_609199_18	B2URF8	60.1	368	5.92e-147	417
C294__k141_609199_19	B2UNK3	60.1	361	8.55e-162	454
C294__k141_609199_20	B2ULL5	34.2	319	1.15e-51	169
C294__k141_609199_21	B2UNG9	50.7	373	1.86e-132	380
C294__k141_609199_22	B2UNG8	48.4	366	3.16e-126	364
C294__k141_609199_23	B2UNG7	43.8	313	7.91e-85	254
C294__k141_609199_24	B2UKZ2	55.0	458	6.60e-173	489
C294__k141_609199_25	B2UKZ1	59.3	226	6.48e-100	286
C294__k141_609199_26	B2UKZ0	51.0	243	1.08e-83	247
C294__k141_609199_27	B2ULS7	35.8	120	1.58e-14	61.6
C294__k141_609199_30	B2UQP8	48.4	477	2.21e-168	480
C294__k141_609199_32	B2UNF5	59.3	199	6.26e-83	241
C294__k141_609199_33	B2UPW5	86.3	335	3.64e-209	572
C294__k141_609199_34	B2UL43	51.4	296	1.57e-92	275
C294__k141_609199_35	B2UQJ6	61.4	849	0.0	1036
C294__k141_609199_37	B2ULX2	38.9	1430	5.87e-267	794
C294__k141_13322_1	B2UL82	63.3	30	7.05e-07	38.5
C294__k141_13322_3	B2UM19	41.9	284	1.76e-62	195
C294__k141_13322_4	B2UNY8	52.4	275	1.42e-99	291
C294__k141_13322_8	B2UND6	25.6	203	4.51e-08	50.4
C294__k141_13322_11	B2UN91	68.6	430	3.12e-218	603
C294__k141_13322_12	B2UP92	63.7	212	6.07e-97	278
C294__k141_13322_13	B2UL21	52.3	197	1.50e-59	182
C294__k141_13322_14	B2UL20	74.1	309	1.16e-168	467
C294__k141_13322_15	B2UL19	45.0	298	1.66e-88	264
C294__k141_13322_16	B2UL18	37.2	239	8.11e-53	167
C294__k141_13322_17	B2UPN2	80.7	119	1.20e-68	199
C294__k141_13322_18	B2UN36	74.8	266	2.46e-158	437
C294__k141_13322_19	B2UN37	64.4	469	4.48e-227	629
C294__k141_13322_20	B2UN39	68.1	592	2.31e-308	844
C294__k141_13322_21	B2UN40	42.3	639	7.49e-146	428
C294__k141_13322_23	B2ULT9	46.1	310	5.85e-99	291
C294__k141_13322_24	B2ULU0	71.4	391	8.92e-206	568
C294__k141_13322_25	B2UQD4	75.7	857	0.0	1191
C294__k141_13322_26	B2UPF0	73.8	466	1.04e-245	675
C294__k141_13322_28	B2UPF1	48.3	89	5.05e-20	84.0
C294__k141_13322_29	B2UPF2	50.7	298	4.46e-99	290
C294__k141_13322_31	B2UPN8	42.9	1140	1.23e-308	902
C294__k141_13322_32	B2UMR2	77.9	376	3.57e-227	620
C294__k141_13322_33	B2UMR1	62.5	64	9.85e-22	79.3
C294__k141_13322_34	B2URC7	57.9	503	5.60e-215	603
C294__k141_13322_36	B2URD8	61.3	238	1.31e-102	295
C294__k141_13322_37	B2URD9	43.0	221	4.77e-46	152
C294__k141_13322_38	B2URE0	54.7	342	4.91e-117	339
C294__k141_567750_3	B2UPQ9	74.7	396	3.54e-232	635
C294__k141_567750_4	B2UPR0	75.5	575	0.0	950
C294__k141_567750_5	B2UPR1	60.3	393	1.24e-175	491
C294__k141_567750_6	B2UPR2	49.7	159	1.77e-47	149
C294__k141_567750_7	B2UPR3	49.1	112	3.78e-37	118
C294__k141_567750_8	B2UKU9	63.3	248	2.45e-111	317
C294__k141_567750_9	B2UKV0	47.3	776	1.99e-198	578
C294__k141_567750_10	B2UKV1	58.9	73	1.15e-28	94.7
C294__k141_567750_11	B2UKV2	58.7	351	3.44e-147	416
C294__k141_567750_12	B2UKV3	63.9	346	1.22e-150	424
C294__k141_567750_14	B2ULW7	26.8	355	3.30e-23	95.5
C294__k141_567750_15	B2UNW3	37.3	306	2.66e-62	201
C294__k141_567750_17	B2UQR3	47.0	232	3.71e-69	210
C294__k141_14093_1	B2ULI9	38.9	90	2.71e-11	54.7
C294__k141_14093_3	B2UN32	69.4	242	2.64e-127	357
C294__k141_14093_6	B2UQA5	38.7	235	5.23e-53	167
C294__k141_14093_7	B2UQA4	39.7	575	2.46e-127	383
C294__k141_14093_9	B2UN92	50.3	330	2.48e-108	318
C294__k141_14093_11	B2UME3	64.7	156	1.12e-73	214
C294__k141_14093_12	B2UM24	52.5	198	2.52e-62	189
C294__k141_14093_14	B2URJ6	54.3	105	2.44e-31	104
C294__k141_14093_15	B2URJ5	63.2	76	2.83e-36	114
C294__k141_14093_16	B2URJ4	46.8	645	4.15e-163	478
C294__k141_14093_17	B2ULV9	60.9	258	3.13e-107	308
C294__k141_14093_18	B2ULW0	65.9	252	9.84e-113	322
C294__k141_14093_19	B2ULW1	37.5	208	6.65e-43	147
C294__k141_14093_20	B2UNW3	49.8	315	6.12e-90	271
C294__k141_14093_21	B2UKT5	55.4	269	6.26e-109	313
C294__k141_14093_22	B2UL30	73.3	359	1.52e-187	519
C294__k141_14093_23	B2UKX3	24.4	312	2.58e-14	71.6
C294__k141_14093_24	B2UMC4	32.3	248	4.57e-29	107
C294__k141_14093_27	B2UM82	34.5	261	2.84e-32	118
C294__k141_14093_28	B2UPR7	78.6	748	0.0	1258
C294__k141_14093_30	B2UQ40	49.7	195	7.48e-64	192
C294__k141_14093_31	B2UQ41	41.8	208	1.50e-59	182
C294__k141_14093_34	B2UL50	50.8	791	1.40e-264	750
C294__k141_14093_35	B2UR16	39.3	639	4.35e-137	411
C294__k141_14093_37	B2UNJ5	66.9	354	8.58e-168	469
C294__k141_14093_40	B2URH3	77.0	61	5.08e-31	99.4
C294__k141_14093_41	B2UMX3	71.8	149	3.44e-76	220
C294__k141_14093_42	B2UPP7	78.4	366	1.14e-222	608
C294__k141_14093_46	B2ULN7	46.0	470	8.92e-129	378
C294__k141_14093_47	B2ULN8	59.0	480	7.86e-180	509
C294__k141_14093_48	B2ULN9	66.8	600	6.85e-299	822
C294__k141_14093_49	B2ULY3	61.0	105	2.96e-35	113
C294__k141_14093_50	B2ULY4	40.1	227	7.10e-42	137
C294__k141_14093_51	B2ULY5	62.0	187	9.22e-72	211
C294__k141_14093_52	B2ULY6	61.1	424	2.41e-182	511
C294__k141_14093_53	B2ULY7	57.1	559	1.25e-232	650
C294__k141_14093_54	B2ULY8	66.1	484	3.72e-253	694
C294__k141_14093_55	B2ULY9	54.2	190	6.55e-74	218
C294__k141_14093_56	B2ULZ0	66.6	413	6.94e-207	572
C294__k141_14093_57	B2URB1	67.9	377	2.53e-192	533
C294__k141_1120062_3	B2UQC2	68.4	1266	0.0	1796
C294__k141_1120062_4	B2UNE3	70.7	420	1.67e-220	608
C294__k141_99163_2	B2UP07	25.3	368	1.02e-12	68.2
C294__k141_99163_3	B2UN34	67.7	229	4.75e-120	337
C294__k141_993103_2	B2UPT2	31.5	428	5.10e-32	127
C294__k141_993103_3	B2UQ40	30.1	186	7.43e-33	112
C294__k141_993103_4	B2UNG3	77.3	203	8.93e-116	324
C294__k141_993103_5	B2UNG4	75.8	186	1.35e-90	259
C294__k141_993103_6	B2UNG5	84.7	124	2.15e-70	204
C294__k141_993103_7	B2ULJ2	57.7	468	8.79e-193	542
C294__k141_993103_8	B2UN70	49.2	181	1.65e-57	176
C294__k141_993103_10	B2UN68	52.0	200	4.65e-64	194
C294__k141_993103_11	B2UN67	28.5	393	4.79e-34	128
C294__k141_993103_12	B2ULA6	48.7	485	1.43e-147	429
C294__k141_993103_13	B2UP69	66.4	1036	0.0	1311
C294__k141_993103_14	B2UP68	50.6	334	2.84e-115	336
C294__k141_993103_16	B2UPB8	53.5	200	1.11e-70	213
C294__k141_993103_17	B2UPB5	73.6	261	1.15e-137	384
C294__k141_993103_18	B2UPB6	51.8	761	1.91e-268	759
C294__k141_993103_19	B2UPB7	49.7	197	5.62e-60	185
C294__k141_993103_21	B2UPJ6	60.6	457	5.05e-202	568
C294__k141_993103_31	B2UPJ3	44.8	116	1.57e-28	108
C294__k141_993103_37	B2UPN1	71.7	375	6.98e-199	549
C294__k141_993103_38	B2UPN0	42.2	268	4.22e-67	208
C294__k141_993103_42	B2UQG3	74.6	181	1.87e-93	266
C294__k141_993103_43	B2UPU0	45.7	370	8.70e-108	318
C294__k141_993103_44	B2UPS9	76.2	424	7.55e-227	629
C294__k141_993103_45	B2ULZ2	39.8	369	8.42e-87	270
C294__k141_993103_47	B2UM95	59.7	139	8.82e-58	172
C294__k141_993103_48	B2UM96	73.8	522	7.25e-280	766
C294__k141_993103_50	B2UM98	51.5	134	6.49e-28	96.3
C294__k141_993103_51	B2UM99	56.6	553	8.20e-193	543
C294__k141_993103_52	B2UMA0	49.2	258	2.25e-85	251
C294__k141_993103_54	B2ULJ0	87.0	69	8.60e-36	112
C294__k141_993103_55	B2ULJ1	80.3	127	1.53e-68	199
C294__k141_993103_56	B2ULK7	70.4	152	2.78e-79	228
C294__k141_993103_57	B2UNA5	36.5	203	8.21e-39	131
C294__k141_993103_58	B2UM74	81.5	405	1.48e-252	687
C294__k141_993103_60	B2UL67	45.0	349	5.20e-113	330
C294__k141_993103_61	B2UPN7	73.7	433	4.49e-240	659
C294__k141_993103_63	B2UM13	52.5	571	3.17e-217	612
C294__k141_993103_64	B2UQG9	51.9	133	9.54e-32	107
C294__k141_993103_65	B2UR61	59.2	737	0.0	899
C294__k141_993103_67	B2UPP2	50.0	174	4.23e-61	186
C294__k141_993103_69	B2UMQ0	28.5	512	4.75e-42	153
C294__k141_993103_70	B2UMP9	45.0	329	6.14e-86	263
C294__k141_993103_74	B2UMP5	52.6	97	4.45e-31	102
C294__k141_993103_75	B2UMP4	64.5	468	9.01e-221	612
C294__k141_993103_76	B2UP45	41.8	318	1.43e-80	246
C294__k141_993103_77	B2UNQ8	61.5	1266	0.0	1491
C294__k141_993103_78	B2UQ04	74.6	338	1.43e-174	484
C294__k141_488529_1	B2UMH2	56.2	717	7.32e-283	790
C294__k141_488529_2	B2ULK4	40.9	281	1.64e-66	207
C294__k141_488529_3	B2ULK5	40.9	215	2.47e-51	162
C294__k141_488529_4	B2ULK6	67.6	377	3.09e-177	494
C294__k141_488529_5	B2UMV5	65.4	471	3.31e-219	608
C294__k141_488529_6	B2UMV6	66.1	322	7.12e-154	431
C294__k141_102944_3	B2UNT8	48.7	394	4.99e-115	337
C294__k141_102944_4	B2UKM6	56.4	202	9.07e-78	228
C294__k141_102944_6	B2URN1	48.2	361	5.56e-108	318
C294__k141_102944_7	B2URN0	45.5	602	3.52e-175	508
C294__k141_102944_8	B2URM9	55.4	1192	0.0	1304
C294__k141_102944_9	B2ULP9	48.6	321	3.40e-100	294
C294__k141_102944_10	B2UQC0	52.2	268	8.98e-97	281
C294__k141_102944_11	B2UNJ4	63.2	87	1.83e-31	102
C294__k141_102944_13	B2UQI7	51.2	365	5.72e-121	352
C294__k141_102944_14	B2UQI8	70.0	1028	0.0	1358
C294__k141_102944_15	B2UQK2	45.7	140	4.99e-43	139
C294__k141_102944_16	B2URQ1	28.9	402	6.73e-41	150
C294__k141_400269_2	B2UQR8	61.2	667	6.19e-290	803
C294__k141_400269_3	B2UQR9	52.9	306	5.85e-109	316
C294__k141_400269_5	B2UQU9	72.0	1333	0.0	1991
C294__k141_400269_6	B2UNF4	42.9	77	2.69e-06	46.6
C294__k141_400269_8	B2UN18	56.8	148	1.28e-59	178
C294__k141_400269_11	B2UPR5	32.7	113	1.21e-15	65.1
C294__k141_400269_13	B2UPR5	41.0	117	1.33e-27	95.1
C294__k141_400269_14	B2ULE2	49.2	656	1.41e-203	582
C294__k141_400269_15	B2ULE1	64.6	65	3.11e-23	80.5
C294__k141_400269_16	B2UNB9	57.1	692	4.50e-283	789
C294__k141_400269_18	B2URF6	53.9	421	9.09e-164	464
C294__k141_400269_19	B2UQE5	54.4	333	8.51e-135	384
C294__k141_359210_1	B2UQV9	50.5	198	2.12e-63	191
C294__k141_359210_3	B2UQR4	37.3	75	1.40e-11	55.1
C294__k141_359210_4	B2UMN1	34.7	591	1.26e-87	307
C294__k141_319668_6	B2UQX7	83.5	600	0.0	988
C294__k141_319668_7	B2UNI4	69.9	638	0.0	952
C294__k141_319668_8	B2UNI3	75.4	333	1.66e-191	527
C294__k141_319668_9	B2UQF4	63.0	530	8.28e-228	635
C294__k141_319668_10	B2UQ24	76.2	600	0.0	902
C294__k141_319668_11	B2UKW0	47.4	740	4.15e-217	625
C294__k141_319668_13	B2UQX2	68.4	468	7.61e-246	677
C294__k141_319668_14	B2UM32	68.0	400	9.87e-213	586
C294__k141_319668_15	B2UQD8	57.7	548	1.88e-215	606
C294__k141_319668_16	B2UQ43	42.1	321	1.24e-88	265
C294__k141_319668_17	B2UQ39	77.5	507	4.34e-296	806
C294__k141_319668_18	B2UQ38	77.3	481	7.34e-262	717
C294__k141_829398_4	B2UR10	80.0	464	3.32e-288	783
C294__k141_829398_5	B2UR09	72.5	378	4.28e-201	556
C294__k141_829398_6	B2UR08	61.4	295	4.96e-128	363
C294__k141_829398_7	B2UQ37	54.7	150	3.69e-54	166
C294__k141_829398_8	B2UN66	62.3	114	7.82e-45	142
C294__k141_829398_9	B2UR63	56.6	143	2.39e-54	165
C294__k141_829398_13	B2UMJ2	71.9	327	2.23e-172	478
C294__k141_829398_14	B2UQL5	51.8	411	2.79e-133	386
C294__k141_829398_15	B2UQK8	70.6	391	4.00e-198	549
C294__k141_829398_16	B2ULU9	32.4	306	4.61e-47	162
C294__k141_829398_17	B2UML7	34.7	542	3.85e-86	272
C294__k141_829398_18	B2ULQ7	48.8	363	7.71e-122	354
C294__k141_829398_19	B2UNF3	59.3	459	3.82e-183	518
C294__k141_829398_20	B2UND2	67.3	343	4.10e-104	306
C294__k141_829398_21	B2UND1	41.1	192	1.23e-40	134
C294__k141_829398_22	B2UND0	58.7	281	2.24e-110	317
C294__k141_829398_23	B2UNC9	70.8	216	2.23e-105	299
C294__k141_829398_24	B2UP84	26.1	444	2.22e-17	80.9
C294__k141_829398_25	B2UQT4	49.0	49	8.70e-08	47.8
C294__k141_829398_26	B2ULH5	33.4	623	1.73e-98	311
C294__k141_829398_27	B2UQT9	77.8	536	4.83e-310	843
C294__k141_829398_28	B2UNC5	56.3	213	1.46e-87	254
C294__k141_829398_30	B2UNC7	56.4	257	3.50e-99	288
C294__k141_829398_32	B2ULI5	55.4	121	8.83e-42	131
C294__k141_829398_33	B2UPG6	45.3	86	3.42e-17	67.0
C294__k141_829398_35	B2UME4	33.9	112	1.80e-08	50.1
C294__k141_829398_36	B2UME4	30.0	120	2.22e-06	43.9
C294__k141_829398_37	B2UME4	29.1	158	7.26e-09	51.2
C294__k141_829398_38	B2UME5	46.9	147	4.34e-30	108
C294__k141_829398_40	B2UR83	44.9	158	1.54e-38	134
C294__k141_830199_2	B2UL49	43.6	303	2.76e-77	235
C294__k141_830199_6	B2UN01	48.6	222	4.08e-79	236
C294__k141_830199_8	B2ULM5	64.2	201	7.65e-98	281
C294__k141_830199_9	B2UN02	61.5	662	5.73e-320	880
C294__k141_830199_10	B2UQG2	29.3	474	2.39e-54	189
C294__k141_830199_11	B2UQY1	74.2	1398	0.0	2056
C294__k141_830199_12	B2UQY2	74.4	1309	0.0	1897
C294__k141_830199_13	B2UQY3	79.0	124	1.86e-51	155
C294__k141_830199_14	B2UQY4	67.3	159	1.07e-74	217
C294__k141_830199_15	B2UQY5	80.7	233	5.42e-134	373
C294__k141_830199_16	B2UQY6	84.5	142	1.07e-82	236
C294__k141_830199_18	B2UQY8	65.8	73	4.07e-31	100
C294__k141_830199_19	B2UQY9	84.5	394	6.11e-248	676
C294__k141_830199_20	B2ULC8	66.7	255	3.07e-124	351
C294__k141_830199_22	B2URK9	72.2	306	2.16e-161	448
C294__k141_830199_23	B2UPU5	69.8	437	1.85e-230	634
C294__k141_830199_24	B2UQ68	65.7	169	2.17e-63	191
C294__k141_790691_2	B2UMX6	41.6	758	3.80e-171	506
C294__k141_790691_3	B2UNV7	35.6	402	2.27e-74	234
C294__k141_790691_4	B2UNV6	82.2	467	5.13e-291	790
C294__k141_790691_5	B2UNV5	75.7	243	3.04e-141	392
C294__k141_790691_6	B2UNV4	63.3	128	1.51e-57	172
C294__k141_790691_7	B2UNK0	84.4	231	1.84e-149	412
C294__k141_790691_8	B2UNK1	89.1	330	1.36e-214	585
C294__k141_790691_10	B2UMJ4	76.7	630	0.0	1008
C294__k141_790691_11	B2UMJ5	64.6	209	7.15e-94	271
C294__k141_790691_13	B2UKT9	66.3	584	2.38e-280	773
C294__k141_790691_14	B2UMA6	54.4	237	5.21e-97	280
C294__k141_790691_15	B2UMA5	65.8	319	3.37e-157	439
C294__k141_790691_17	B2UQZ6	63.8	301	4.63e-142	399
C294__k141_790691_19	B2UNX0	58.3	372	8.59e-157	442
C294__k141_790691_21	B2UNH1	78.6	373	4.33e-207	569
C294__k141_790691_22	B2UQQ5	68.7	252	2.08e-134	375
C294__k141_790691_23	B2UQQ6	67.9	196	3.77e-93	268
C294__k141_790691_25	B2UP39	73.9	341	3.84e-184	508
C294__k141_790691_26	B2UP38	58.5	839	0.0	915
C294__k141_790691_27	B2UMB7	46.4	233	4.85e-56	176
C294__k141_790691_28	B2UP25	87.6	89	1.13e-50	150
C294__k141_790691_29	B2UP23	49.8	440	2.46e-140	406
C294__k141_790691_30	B2UP22	58.1	210	6.45e-76	224
C294__k141_790691_32	B2UP77	80.6	67	2.32e-34	108
C294__k141_790691_33	B2UMI1	45.5	433	5.21e-122	359
C294__k141_790691_35	B2UME1	83.5	562	0.0	914
C294__k141_790691_36	B2UL66	76.1	306	6.80e-172	476
C294__k141_790691_37	B2UQT7	66.5	242	1.26e-111	317
C294__k141_790691_38	B2UM46	56.1	269	4.37e-107	309
C294__k141_790691_39	B2UM46	57.3	267	7.63e-108	311
C294__k141_790691_41	B2UN99	69.0	452	5.86e-244	670
C294__k141_790691_42	B2UP89	33.8	331	8.51e-56	182
C294__k141_790691_46	B2UNR9	50.2	329	3.82e-111	323
C294__k141_790691_47	B2UNR8	58.2	67	1.98e-22	83.6
C294__k141_1004358_1	B2UQB2	51.8	166	1.29e-18	79.0
C294__k141_1004358_3	B2UQB1	51.0	304	2.21e-100	296
C294__k141_1004358_4	B2UPZ9	69.7	353	3.55e-196	542
C294__k141_450912_2	B2UNV9	77.0	478	2.48e-291	793
C294__k141_450912_3	B2UPV5	52.5	1887	0.0	1898
C294__k141_450912_4	B2URD0	61.2	325	5.03e-121	348
C294__k141_450912_5	B2URC9	83.9	87	2.15e-52	155
C294__k141_450912_6	B2URC8	81.7	71	6.52e-43	130
C294__k141_450912_7	B2UNZ6	57.7	421	2.63e-172	486
C294__k141_450912_8	B2UNZ7	58.1	253	4.47e-100	289
C294__k141_450912_9	B2UP31	68.1	188	6.83e-100	284
C294__k141_450912_14	B2URF2	34.0	421	1.14e-65	232
C294__k141_450912_15	B2UPU6	64.9	698	0.0	936
C294__k141_450912_18	B2UMI7	39.3	234	5.48e-59	183
C294__k141_450912_19	B2UMM5	59.2	228	2.84e-91	265
C294__k141_450912_23	B2UN02	38.5	452	5.32e-104	323
C294__k141_450912_24	B2UMZ8	40.2	323	2.16e-58	187
C294__k141_450912_25	B2UN89	75.0	132	4.73e-70	203
C294__k141_450912_26	B2UN88	58.0	219	2.07e-93	269
C294__k141_450912_27	B2UP53	53.0	304	1.33e-111	323
C294__k141_450912_28	B2UP27	83.9	428	1.76e-274	744
C294__k141_450912_29	B2ULN0	46.2	316	1.62e-99	293
C294__k141_450912_30	B2UQ05	36.1	349	3.24e-67	212
C294__k141_450912_31	B2UQ53	31.2	263	3.57e-31	114
C294__k141_450912_32	B2UMA7	69.5	485	2.68e-252	693
C294__k141_450912_33	B2UQD9	78.0	454	1.49e-261	714
C294__k141_450912_35	B2UNR8	53.1	254	8.46e-86	254
C294__k141_1343831_2	B2UPZ2	36.7	381	5.58e-78	244
C294__k141_1343831_3	B2UMR3	61.1	193	4.67e-89	256
C294__k141_1343831_4	B2UMR5	51.9	158	3.11e-52	160
C294__k141_1343831_5	B2UN42	57.0	669	4.26e-268	748
C294__k141_1343831_7	B2UPJ1	61.0	374	5.29e-154	435
C294__k141_1343831_8	B2UPJ0	68.9	328	1.13e-161	451
C294__k141_1343831_9	B2UPI9	81.7	338	1.45e-200	550
C294__k141_1343831_10	B2UM68	68.2	337	1.95e-170	474
C294__k141_1343831_11	B2UM69	67.6	457	6.77e-228	629
C294__k141_1343831_12	B2UNA2	69.9	342	6.16e-169	471
C294__k141_1343831_13	B2UPP9	82.3	283	4.47e-184	504
C294__k141_1343831_14	B2UP43	47.7	241	2.82e-67	205
C294__k141_1343831_23	B2UQ73	56.4	392	5.96e-157	444
C294__k141_1343831_24	B2UQD0	60.7	183	4.86e-73	215
C294__k141_1343831_25	B2UQC9	78.5	699	0.0	1026
C294__k141_1343831_26	B2UQC8	70.5	566	1.49e-298	817
C294__k141_1343831_28	B2UMA1	56.0	489	1.11e-189	535
C294__k141_1343831_30	B2UPF8	50.9	222	1.70e-72	217
C294__k141_1343831_31	B2UMC1	39.0	390	6.14e-85	261
C294__k141_1343831_32	B2UP06	48.8	127	4.61e-42	134
C294__k141_1343831_33	B2UP08	69.3	339	3.42e-166	463
C294__k141_1343831_34	B2UP09	80.3	512	9.94e-300	816
C294__k141_1343831_36	B2UNN8	71.9	473	2.36e-251	690
C294__k141_1343831_37	B2ULZ6	31.0	258	2.84e-45	163
C294__k141_284463_1	B2UNK4	56.3	295	3.10e-109	315
C294__k141_284463_3	B2UNY4	45.0	362	4.05e-81	249
C294__k141_284463_4	B2UQS0	40.9	362	3.07e-98	293
C294__k141_284463_5	B2UQS1	65.0	234	1.78e-102	294
C294__k141_284463_6	B2UM09	54.5	846	1.33e-320	896
C294__k141_284463_7	B2UPK7	38.9	211	1.07e-41	138
C294__k141_284463_8	B2UPK8	42.0	257	2.37e-68	211
C294__k141_284463_9	B2UL46	66.7	300	4.63e-146	411
C294__k141_284463_11	B2UQT4	29.7	195	1.66e-07	47.0
C294__k141_284463_13	B2UMQ5	70.2	363	2.66e-199	551
C294__k141_284463_14	B2UPZ1	68.1	454	3.69e-229	632
C294__k141_284463_15	B2UQ90	73.6	413	3.64e-229	629
C294__k141_284463_16	B2UQ91	71.8	344	5.71e-191	527
C294__k141_284463_17	B2UKM3	58.3	48	9.31e-15	65.5
C294__k141_284463_20	B2UR48	80.1	291	2.40e-175	482
C294__k141_284463_21	B2UR47	57.5	428	3.56e-178	501
C294__k141_284463_22	B2UQU2	61.0	200	3.24e-81	236
C294__k141_284463_23	B2UQ51	45.5	319	2.33e-95	283
C294__k141_284463_24	B2UQ50	69.6	240	1.14e-117	332
C294__k141_284463_26	B2UQ48	83.8	99	5.80e-58	170
C294__k141_284463_27	B2UQ47	62.4	101	9.16e-30	102
C294__k141_284463_28	B2UQJ4	60.5	504	7.01e-214	597
C294__k141_284463_30	B2UP84	36.2	492	5.93e-72	243
C294__k141_284463_31	B2UP84	34.1	731	3.00e-88	308
C294__k141_284463_32	B2URF0	79.0	613	0.0	1054
C294__k141_284463_33	B2UQ86	47.0	268	8.22e-72	219
C294__k141_284463_34	B2UQ87	62.2	511	4.72e-219	611
C294__k141_284463_35	B2UP52	47.3	408	5.13e-127	371
C294__k141_284463_37	B2UQL4	58.0	819	0.0	935
C294__k141_284463_38	B2ULF2	34.3	306	2.64e-45	154
C294__k141_284463_39	B2UMD4	64.3	56	1.42e-17	67.4
C294__k141_284463_40	B2UPD5	64.1	396	1.05e-183	512
C294__k141_284463_42	B2UQT1	47.0	83	2.78e-20	73.9
C294__k141_284463_43	B2UQT2	66.8	268	1.15e-137	385
C294__k141_284463_44	B2ULN1	49.9	457	8.33e-160	456
C294__k141_284463_45	B2UNE7	72.8	559	3.68e-317	863
C294__k141_284463_46	B2UPE7	62.4	433	5.97e-173	488
C294__k141_284463_48	B2UQW4	25.9	243	8.15e-18	80.1
C294__k141_284463_50	B2UNY2	54.2	633	1.42e-237	680
C294__k141_284463_53	B2ULF0	44.9	544	1.33e-169	488
C294__k141_284463_54	B2UNT0	28.0	855	1.13e-96	318
C294__k141_284463_56	B2UNT2	61.8	301	6.46e-139	393
C294__k141_284463_58	B2UMZ6	50.0	258	5.67e-82	244
C294__k141_284463_59	B2UMZ5	72.3	137	2.79e-72	209
C294__k141_284463_61	B2UR81	70.6	347	2.98e-190	525
C294__k141_284463_67	B2UMZ4	43.8	1177	0.0	956
C294__k141_284463_68	B2UP60	48.4	153	8.47e-52	159
C294__k141_284463_69	B2UPS6	63.2	152	4.32e-68	199
C294__k141_284463_70	B2UNP4	67.5	391	2.76e-212	584
C294__k141_284463_71	B2UNP3	63.9	302	1.03e-141	398
C294__k141_284463_73	B2UNA1	62.0	1177	0.0	1474
C294__k141_284463_74	B2UM79	40.2	82	1.08e-17	72.4
C294__k141_284463_75	B2UL40	57.0	279	5.23e-121	344
C294__k141_284463_77	B2UL85	76.4	450	3.01e-247	678
C294__k141_284463_78	B2UM23	61.6	86	2.77e-27	92.4
C294__k141_284463_79	B2UMM7	61.4	158	2.86e-68	205
C294__k141_284463_80	B2UMM8	60.1	506	7.77e-224	623
C294__k141_284463_81	B2UKM4	26.0	524	5.23e-36	137
C294__k141_284463_82	B2UMQ9	51.5	291	2.58e-106	308
C294__k141_284463_83	B2UMK0	70.3	158	1.09e-81	235
C294__k141_1135903_5	B2UN20	52.1	447	5.42e-157	450
C294__k141_1135903_6	B2URI7	63.7	411	2.54e-179	504
C294__k141_1135903_7	B2ULQ6	48.1	449	1.59e-136	397
C294__k141_1135903_8	B2ULQ5	59.8	455	9.52e-181	509
C294__k141_1135903_9	B2ULQ4	78.1	224	8.71e-126	352
C294__k141_1135903_10	B2ULQ3	44.5	452	1.28e-108	326
C294__k141_1135903_11	B2ULW9	73.0	241	5.87e-128	359
C294__k141_1135903_12	B2ULX0	73.1	532	8.50e-292	797
C294__k141_1135903_13	B2ULX1	67.8	513	5.25e-237	657
C294__k141_1135903_15	B2UL75	68.2	481	1.27e-248	684
C294__k141_1135903_16	B2UQR2	31.1	618	2.44e-88	285
C294__k141_1135903_18	B2UQR0	54.9	594	1.48e-222	625
C294__k141_1135903_19	B2UPN0	20.4	284	1.82e-10	56.6
C294__k141_1135903_20	B2UNA6	46.3	766	8.07e-243	692
C294__k141_1135903_21	B2UPH2	44.5	321	1.09e-90	270
C294__k141_1135903_22	B2UPH1	69.0	155	5.08e-70	205
C294__k141_1135903_24	B2UPG9	36.7	150	4.85e-25	91.7
C294__k141_1135903_25	B2UPG8	69.6	230	2.42e-118	333
C294__k141_1135903_27	B2URI6	43.2	419	2.22e-107	319
C294__k141_1135903_28	B2UPW6	49.8	309	5.96e-96	284
C294__k141_1135903_29	B2UPW7	53.8	173	8.62e-60	183
C294__k141_1135903_30	B2UN50	32.4	343	2.88e-32	119
C294__k141_1135903_32	B2UN48	51.1	180	3.57e-60	184
C294__k141_1135903_33	B2UQW6	54.5	231	2.97e-94	273
C294__k141_1135903_34	B2UKX2	41.8	318	1.37e-81	250
C294__k141_1135903_35	B2UMI5	23.1	995	1.08e-07	53.9
C294__k141_1135903_36	B2URM3	29.8	215	7.98e-06	48.1
C294__k141_1135903_37	B2UL39	60.9	611	7.07e-258	719
C294__k141_1135903_39	B2UM56	57.5	322	5.66e-118	340
C294__k141_1135903_40	B2UM57	55.8	857	0.0	907
C294__k141_1135903_41	B2UPV4	54.0	176	2.39e-53	179
C294__k141_1135903_50	B2UL83	28.0	697	3.08e-66	229
C294__k141_754643_2	B2UNS1	76.2	917	0.0	1390
C294__k141_754643_3	B2UN79	33.4	305	8.82e-40	150
C294__k141_754643_8	B2UNV0	45.6	239	3.66e-60	189
C294__k141_968682_3	B2UL26	56.8	287	1.34e-115	331
C294__k141_968682_5	B2ULE6	43.0	365	1.09e-79	250
C294__k141_968682_6	B2ULT4	43.8	274	1.73e-73	226
C294__k141_968682_7	B2UNF6	50.0	404	4.22e-130	377
C294__k141_968682_8	B2UNF7	65.2	465	2.39e-212	591
C294__k141_968682_10	B2URF2	53.5	693	5.55e-244	689
C294__k141_968682_11	B2UQK0	53.1	194	3.11e-70	209
C294__k141_968682_13	B2UPZ7	50.1	371	2.98e-128	373
C294__k141_968682_14	B2UPZ7	48.8	371	2.07e-125	365
C294__k141_1142038_1	B2UKR2	58.7	63	2.73e-23	82.4
C294__k141_1142038_3	B2UP42	59.1	609	2.55e-259	721
C294__k141_1142038_6	B2UR02	55.0	369	6.76e-140	401
C294__k141_1142038_7	B2UR01	60.7	364	1.43e-151	436
C294__k141_1142038_8	B2UR00	81.0	1052	0.0	1627
C294__k141_1142038_9	B2UPD6	40.7	908	2.67e-245	728
C294__k141_1142038_10	B2ULC2	28.2	294	1.74e-36	129
C294__k141_1142038_11	B2ULU6	59.8	711	0.0	901
C294__k141_1142038_13	B2UQW9	24.7	190	1.65e-07	47.0
C294__k141_1142038_14	B2URH8	33.1	181	2.00e-10	55.1
C294__k141_1142038_17	B2UQB0	63.9	626	2.77e-292	806
C294__k141_1142038_18	B2UQA9	46.4	351	1.04e-107	317
C294__k141_1142038_20	B2URC6	41.7	228	5.68e-43	148
C294__k141_1142038_21	B2UPC8	58.6	128	1.54e-51	157
C294__k141_1142038_22	B2URC3	33.7	89	4.32e-10	50.4
C294__k141_1142038_24	B2UR15	56.4	527	2.76e-216	607
C294__k141_1142038_25	B2UP75	45.6	447	1.72e-128	377
C294__k141_1142038_26	B2UL25	61.3	93	5.56e-40	124
C294__k141_1142038_27	B2UPQ2	57.7	182	3.40e-76	223
C294__k141_1142038_28	B2UQP3	45.9	185	9.66e-42	135
C294__k141_1142038_30	B2URG7	56.9	102	2.66e-35	113
C294__k141_1142038_31	B2URG8	71.4	381	9.58e-183	539
C294__k141_1142038_33	B2UQ23	76.5	341	1.21e-187	518
C294__k141_1142038_34	B2ULL1	62.6	187	2.49e-86	249
C294__k141_1142038_35	B2UQQ2	63.5	115	6.43e-51	154
C294__k141_1142038_36	B2UQQ3	63.6	715	8.81e-300	831
C294__k141_1142038_37	B2UQQ4	60.4	429	1.93e-175	493
C294__k141_1014015_6	B2ULB7	50.2	803	3.23e-295	832
C294__k141_1014015_7	B2UNB6	50.4	254	4.60e-86	253
C294__k141_1014015_8	B2URD1	65.2	132	3.62e-60	179
C294__k141_1014015_9	B2URD2	58.1	358	7.62e-147	415
C294__k141_1014015_10	B2URD3	58.6	232	1.10e-98	284
C294__k141_1014015_11	B2URD4	73.8	610	0.0	901
C294__k141_1014015_12	B2UP66	66.4	324	9.93e-157	438
C294__k141_1014015_16	B2UR83	50.6	540	5.88e-190	541
C294__k141_1014015_17	B2UR81	72.1	348	4.16e-195	537
C294__k141_1014015_19	B2URI4	51.3	226	9.39e-77	229
C294__k141_1014015_20	B2UPY1	72.9	240	1.88e-119	337
C294__k141_1014015_21	B2UPY0	32.8	189	2.23e-17	79.3
C294__k141_1014015_23	B2UPX8	79.9	268	2.22e-163	450
C294__k141_1014015_25	B2UP94	74.7	99	9.71e-46	140
C294__k141_1014015_27	B2URM8	62.5	419	4.88e-187	523
C294__k141_1014015_28	B2UPF6	49.7	342	1.02e-119	346
C294__k141_1014015_29	B2UPF5	63.0	200	7.83e-89	256
C294__k141_1014015_30	B2UPF4	61.7	209	1.29e-86	253
C294__k141_1014015_31	B2UL08	63.0	162	5.31e-60	182
C294__k141_1014015_32	B2UL09	63.5	386	1.73e-155	439
C294__k141_1014015_33	B2UL10	57.0	249	1.62e-95	276
C294__k141_1014015_34	B2UL11	54.1	331	3.62e-117	338
C294__k141_1014015_35	B2UP93	55.6	144	1.13e-51	159
C294__k141_1014015_38	B2UR67	65.6	445	2.28e-213	592
C294__k141_1014015_39	B2UR68	35.3	167	2.67e-28	99.4
C294__k141_1014015_40	B2UR69	51.2	86	3.45e-25	87.0
C294__k141_1014015_41	B2UR70	48.9	92	3.21e-12	62.0
C294__k141_35550_3	B2UMH7	42.7	293	3.51e-72	221
C294__k141_35550_6	B2UR29	28.3	750	2.01e-76	256
C294__k141_35550_8	B2UL12	42.0	569	9.93e-155	454
C294__k141_35550_11	B2UQB8	55.6	169	5.15e-71	213
C294__k141_35550_13	B2UQB9	38.2	157	6.65e-13	59.7
C294__k141_35550_15	B2URG5	50.2	552	4.82e-194	551
C294__k141_35550_18	B2URH1	53.5	226	1.58e-82	243
C294__k141_35550_19	B2UR20	72.6	536	2.67e-287	786
C294__k141_35550_20	B2UR19	57.2	283	2.11e-111	323
C294__k141_35550_21	B2UMJ0	57.0	223	2.22e-91	265
C294__k141_35550_22	B2UMI9	35.6	550	8.46e-81	257
C294__k141_35550_26	B2UMI8	53.4	307	4.05e-113	327
C294__k141_35550_27	B2UL44	40.5	227	2.35e-50	161
C294__k141_35550_28	B2UL73	71.7	385	8.11e-193	540
C294__k141_35550_31	B2UN11	48.5	167	4.41e-55	169
C294__k141_35550_32	B2UQU4	47.3	186	9.52e-46	158
C294__k141_35550_33	B2URA0	58.9	377	1.97e-153	434
C294__k141_35550_34	B2UN17	64.8	142	3.17e-67	198
C294__k141_35550_38	B2UL95	81.3	476	1.73e-279	763
C294__k141_35550_39	B2UL96	69.7	287	2.30e-144	406
C294__k141_35550_43	B2ULX6	55.1	305	8.80e-120	345
C294__k141_35550_44	B2ULX5	46.4	306	9.49e-92	277
C294__k141_35550_45	B2UQS2	77.5	80	4.21e-35	110
C294__k141_35550_46	B2UQS3	55.0	171	9.26e-65	193
C294__k141_35550_47	B2UQS4	33.9	224	1.40e-40	137
C294__k141_35550_48	B2UQS5	55.3	150	6.84e-55	166
C294__k141_35550_49	B2UPJ3	39.0	105	1.81e-17	76.3
C294__k141_35550_50	B2ULV6	53.4	594	4.59e-215	607
C294__k141_35550_51	B2ULV7	51.9	609	2.12e-210	597
C294__k141_35550_52	B2UMU5	75.2	508	1.80e-286	782
C294__k141_35550_53	B2UMU4	96.8	125	1.28e-85	242
C294__k141_35550_54	B2UMU3	84.7	157	1.86e-97	274
C294__k141_35550_55	B2UMU2	79.3	719	0.0	1149
C294__k141_35550_56	B2UMU1	90.2	102	1.49e-61	179
C294__k141_35550_57	B2UMU0	68.4	212	6.71e-102	290
C294__k141_35550_58	B2UMT9	77.1	205	2.46e-104	295
C294__k141_35550_59	B2UMT8	71.3	94	6.51e-41	126
C294__k141_35550_61	B2UMT6	87.6	89	1.05e-55	163
C294__k141_35550_62	B2UMT5	54.5	222	8.49e-77	228
C294__k141_35550_63	B2UMT4	76.6	111	9.05e-56	165
C294__k141_35550_64	B2UMT3	78.6	220	1.11e-124	349
C294__k141_35550_65	B2UMT2	91.7	132	9.96e-88	248
C294__k141_35550_66	B2UMT1	75.0	60	8.26e-24	81.6
C294__k141_35550_67	B2UMT0	80.0	90	5.10e-44	134
C294__k141_35550_68	B2UMS9	91.7	121	3.21e-74	213
C294__k141_35550_69	B2UQM2	76.0	75	1.48e-35	111
C294__k141_35550_70	B2UQM3	84.9	185	5.07e-115	321
C294__k141_35550_71	B2UQM4	75.9	133	6.07e-71	205
C294__k141_35550_72	B2UQM5	72.6	179	5.56e-89	254
C294__k141_35550_73	B2UQM6	71.7	120	1.31e-52	158
C294__k141_35550_74	B2UQM7	82.7	162	5.41e-88	254
C294__k141_35550_75	B2UQM8	75.0	152	1.01e-78	226
C294__k141_35550_76	B2UQN0	64.4	500	1.16e-210	588
C294__k141_35550_77	B2UQN1	52.0	179	2.96e-60	183
C294__k141_35550_78	B2UQN2	64.3	263	4.81e-125	353
C294__k141_35550_80	B2UM88	59.5	407	1.29e-179	503
C294__k141_35550_81	B2UM87	45.7	127	9.47e-37	121
C294__k141_35550_82	B2UM86	41.4	198	4.34e-49	157
C294__k141_35550_83	B2UNS2	68.0	510	2.17e-250	691
C294__k141_35550_84	B2UNZ9	35.5	656	5.82e-128	387
C294__k141_35550_85	B2UPL0	31.0	339	6.58e-41	146
C294__k141_35550_86	B2UNU2	56.8	424	8.39e-158	449
C294__k141_35550_87	B2UPA8	44.8	487	6.45e-136	406
C294__k141_35550_88	B2URK8	58.7	462	4.86e-189	531
C294__k141_35550_91	B2ULP7	52.9	204	1.00e-61	187
C294__k141_35550_92	B2ULP6	91.2	57	3.69e-35	109
C294__k141_35550_93	B2ULP5	79.0	81	5.73e-45	135
C294__k141_35550_94	B2ULP4	74.0	262	7.29e-143	398
C294__k141_35550_96	B2UQB4	48.5	365	9.93e-114	332
C294__k141_35550_97	B2UNC3	58.7	460	1.16e-212	591
C294__k141_35550_98	B2UNC2	72.6	259	2.70e-136	381
C294__k141_35550_99	B2UNC1	36.4	242	2.43e-40	135
C294__k141_35550_101	B2UNS4	59.9	279	1.57e-117	336
C294__k141_35550_102	B2UKX9	76.7	90	2.43e-47	143
C294__k141_35550_106	B2UQP6	64.7	170	3.35e-79	232
C294__k141_35550_107	B2UNA3	56.0	200	5.83e-78	229
C294__k141_35550_108	B2UMS6	68.8	791	0.0	1185
C294__k141_35550_110	B2UNR0	48.1	162	1.65e-51	159
C294__k141_35550_111	B2UNQ9	46.5	258	6.98e-75	225
C294__k141_35550_112	B2UNK9	66.2	382	7.16e-182	506
C294__k141_35550_116	B2UPE4	31.0	1134	7.65e-90	323
C294__k141_35550_117	B2UM41	27.9	681	1.28e-50	186
C294__k141_35550_118	B2UNP8	71.9	366	3.71e-197	544
C294__k141_35550_119	B2UMD1	69.0	113	3.82e-55	164
C294__k141_35550_120	B2UNP5	39.1	202	6.35e-45	144
C294__k141_35550_121	B2UNP6	51.7	327	5.34e-103	301
C294__k141_35550_122	B2UNP7	40.7	194	4.00e-47	150
C294__k141_35550_123	B2UQW9	36.6	93	4.11e-06	43.9
C294__k141_35550_126	B2UP41	52.3	616	1.53e-229	649
C294__k141_35550_129	B2URD7	53.9	653	3.35e-237	669
C294__k141_35550_130	B2UP16	66.0	247	1.57e-105	303
C294__k141_35550_131	B2UP15	43.6	165	1.95e-37	122
C294__k141_35550_132	B2UP14	49.0	157	8.52e-49	151
C294__k141_35550_135	B2UQJ2	67.7	229	3.54e-104	299
C294__k141_35550_136	B2UL01	46.1	925	1.44e-278	791
C294__k141_35550_137	B2UQH0	66.5	415	2.81e-207	573
C294__k141_1228138_3	B2UR55	26.5	495	3.78e-32	132
C294__k141_1228138_4	B2UL65	46.8	248	2.06e-77	231
C294__k141_1228138_5	B2UQ98	73.4	1183	0.0	1769
C294__k141_1228138_6	B2UQ97	73.3	491	7.86e-271	741
C294__k141_1228138_8	B2UPD8	67.7	468	3.48e-145	422
C294__k141_1228138_9	B2UQE6	30.7	417	7.65e-44	163
C294__k141_1228138_10	B2UL52	49.1	340	2.43e-112	328
C294__k141_1228138_11	B2UL51	44.0	352	8.93e-87	263
C294__k141_1228138_13	B2ULL4	54.3	265	2.28e-100	291
C294__k141_1228138_15	B2ULL3	59.6	141	1.55e-60	180
C294__k141_1228138_16	B2ULL2	59.7	233	2.39e-97	283
C294__k141_1228138_17	B2ULL0	56.5	69	2.76e-19	72.8
C294__k141_1228138_18	B2ULK9	80.7	150	5.17e-89	253
C294__k141_1228138_19	B2UN29	82.6	247	3.32e-147	410
C294__k141_1228138_20	B2UNH8	70.1	551	9.41e-271	751
C294__k141_1228138_21	B2UPT1	49.8	313	2.44e-98	290
C294__k141_1228138_24	B2UNU8	56.2	710	1.14e-288	808
C294__k141_971217_1	B2UQH7	52.8	248	1.57e-90	265
C294__k141_971217_2	B2UQH6	52.9	261	4.42e-100	289
C294__k141_971217_3	B2UQH5	50.6	549	2.63e-174	500
C294__k141_971217_4	B2UMS8	38.4	125	1.99e-17	77.4
C294__k141_971217_5	B2UKY5	78.2	326	7.09e-183	505
C294__k141_971217_6	B2UNN4	42.8	166	4.16e-35	117
C294__k141_971217_8	B2UQ27	48.9	137	4.72e-41	132
C294__k141_971217_9	B2UKU3	51.0	355	1.70e-123	357
C294__k141_1015956_1	B2UR84	65.5	84	7.88e-31	116
C294__k141_1015956_7	B2UQ33	71.1	342	4.15e-194	534
C294__k141_1015956_8	B2UN33	36.9	179	4.28e-33	114
C294__k141_1015956_9	B2UP50	49.6	363	9.18e-121	350
C294__k141_1015956_10	B2ULI0	53.3	246	2.89e-89	262
C294__k141_1015956_11	B2UM22	58.4	394	5.54e-157	445
C294__k141_1015956_12	B2UNL6	47.2	299	1.05e-96	284
C294__k141_1015956_13	B2UKY4	60.7	438	4.17e-187	524
C294__k141_1015956_14	B2UNH9	51.0	257	2.54e-92	270
C294__k141_1015956_15	B2URJ1	78.4	1063	0.0	1694
C294__k141_1015956_16	B2UMD9	75.4	329	1.14e-184	510
C294__k141_1015956_17	B2UMD8	68.0	222	9.06e-115	324
C294__k141_1015956_19	B2URQ6	62.3	106	3.02e-40	125
C294__k141_1015956_20	B2UKL9	71.3	188	5.59e-91	260
C294__k141_1015956_21	B2UKM0	75.6	242	5.14e-127	356
C294__k141_1015956_22	B2UKM1	44.5	265	4.76e-75	229
C294__k141_1015956_25	B2UP84	28.2	493	1.87e-34	133
C294__k141_1015956_26	B2UP84	28.4	490	1.55e-37	143
C294__k141_1015956_27	B2ULJ4	32.8	271	2.74e-34	122
C294__k141_1015956_28	B2UM43	62.1	544	8.84e-254	702
C294__k141_1015956_29	B2UR60	61.8	387	2.91e-181	505
C294__k141_1015956_30	B2UR61	49.3	750	7.31e-248	706
C294__k141_1015956_31	B2UP30	48.3	265	1.24e-76	230
C294__k141_1015956_33	B2UQB6	49.3	349	3.08e-112	327
C294__k141_1015956_34	B2UNH4	67.2	945	0.0	1283
C294__k141_1015956_35	B2UNH3	61.0	123	7.60e-55	164
C294__k141_1015956_36	B2UNH2	66.4	360	1.90e-186	516
C294__k141_1015956_41	B2ULH0	70.0	253	6.07e-129	362
C294__k141_1015956_42	B2ULG9	84.6	390	4.81e-250	679
C294__k141_1015956_43	B2ULG6	72.8	529	1.73e-291	796
C294__k141_1015956_44	B2ULG5	74.9	462	2.95e-259	709
C294__k141_1015956_45	B2UPI5	60.0	390	1.72e-172	484
C294__k141_1015956_46	B2ULG2	78.8	742	0.0	1094
C294__k141_1015956_47	B2UQ58	32.3	251	5.64e-34	125
C294__k141_1015956_49	B2UQP2	32.9	225	7.77e-40	142
C294__k141_1015956_50	B2ULZ1	25.5	376	2.28e-17	81.3
C294__k141_1015956_51	B2UPB9	32.2	214	8.91e-26	100
C294__k141_1015956_52	B2UQP2	30.6	255	9.21e-39	138
C294__k141_1015956_53	B2UQN8	32.3	226	8.57e-30	114
C294__k141_1015956_55	B2UPA4	60.2	377	6.24e-166	466
C294__k141_1015956_57	B2UN08	49.4	320	5.70e-95	283
C298__k141_250692_1	B2UPT2	50.0	88	7.55e-25	94.4
C298__k141_250692_3	B2UL94	52.2	90	7.42e-24	97.1
C298__k141_250692_5	B2UQS7	39.3	214	3.93e-41	152
C298__k141_250692_7	B2UL94	40.7	135	4.25e-23	94.7
C298__k141_250692_9	B2UR84	28.9	1488	7.48e-127	441
C298__k141_250692_10	B2ULU3	71.1	305	2.57e-147	413
C298__k141_250692_11	B2ULU4	69.1	304	2.56e-154	430
C298__k141_250692_12	B2ULU5	43.1	638	2.98e-194	558
C298__k141_250692_13	B2ULD3	73.7	399	4.49e-218	599
C298__k141_250692_14	B2UMC9	69.4	555	4.18e-297	812
C298__k141_250692_15	B2UMC7	70.7	341	3.66e-184	509
C298__k141_250692_16	B2UN65	70.5	417	1.41e-221	610
C298__k141_250692_17	B2UP69	23.8	1068	1.70e-60	221
C298__k141_624970_1	B2UQD4	73.2	844	0.0	1155
C298__k141_624970_3	B2URC2	35.8	394	2.33e-75	240
C298__k141_624970_5	B2UPR9	58.4	365	4.22e-152	429
C298__k141_624970_6	B2UM28	65.1	215	2.94e-94	271
C298__k141_624970_7	B2UP33	38.3	277	8.90e-54	176
C298__k141_624970_8	B2UMV3	40.8	174	4.86e-36	120
C298__k141_624970_9	B2URF2	49.2	677	1.44e-229	652
C298__k141_624970_12	B2ULD5	68.4	253	4.79e-125	352
C298__k141_624970_14	B2UQ70	42.8	187	4.06e-52	164
C298__k141_624970_15	B2UL26	54.6	284	2.91e-111	320
C298__k141_624970_17	B2ULJ0	89.9	69	3.68e-38	117
C298__k141_624970_18	B2ULJ1	86.6	127	8.25e-73	209
C298__k141_624970_21	B2ULL9	38.6	515	2.05e-104	322
C298__k141_624970_22	B2ULL7	27.2	423	2.25e-50	172
C298__k141_624970_23	B2UN52	46.2	273	2.10e-73	224
C298__k141_624970_27	B2UN86	49.1	450	5.04e-162	462
C298__k141_624970_28	B2UNB8	71.2	208	4.98e-116	327
C298__k141_624970_29	B2UNB7	47.8	186	1.07e-61	186
C298__k141_624970_30	B2UQH0	64.4	413	9.32e-196	544
C298__k141_624970_31	B2URM6	79.6	850	0.0	1274
C298__k141_624970_32	B2URM5	77.1	847	0.0	1321
C298__k141_624970_33	B2UN93	62.7	263	2.29e-108	312
C298__k141_624970_34	B2UNI0	40.9	492	6.40e-129	381
C298__k141_624970_35	B2UMA8	52.5	573	4.30e-205	581
C298__k141_624970_36	B2UNZ4	51.9	133	1.96e-41	132
C298__k141_624970_40	B2UL87	84.3	305	2.83e-187	514
C298__k141_624970_41	B2UL88	82.1	364	1.18e-230	628
C298__k141_624970_42	B2UL89	79.4	291	2.62e-175	483
C298__k141_624970_44	B2UM73	48.4	287	8.24e-82	247
C298__k141_624970_45	B2UM40	53.1	1278	0.0	1327
C298__k141_624970_47	B2UL83	40.5	767	2.28e-187	550
C298__k141_624970_48	B2UM70	44.7	150	3.10e-38	124
C298__k141_500071_2	B2UMG6	37.0	478	1.28e-85	271
C298__k141_500071_3	B2UQE0	36.5	189	6.80e-37	126
C298__k141_500071_4	B2URM9	25.6	590	3.84e-48	181
C298__k141_500071_5	B2URM9	28.7	478	1.53e-47	179
C298__k141_500071_6	B2URN0	39.3	577	1.40e-118	362
C298__k141_500071_7	B2UMB2	68.5	911	0.0	1213
C298__k141_500071_8	B2UPK9	37.1	151	5.48e-35	115
C298__k141_500071_9	B2UPL0	47.3	474	1.13e-140	412
C298__k141_500071_11	B2UPL2	38.2	707	2.62e-146	439
C298__k141_500071_12	B2UPL3	51.2	490	3.81e-176	501
C298__k141_500071_13	B2UPL4	46.7	456	1.03e-130	382
C298__k141_500071_14	B2UPL5	56.7	342	1.74e-127	366
C298__k141_500071_15	B2UPV8	56.0	432	1.02e-168	477
C298__k141_500071_16	B2UPV9	30.9	269	1.86e-24	95.9
C298__k141_500071_17	B2UPW0	55.2	386	8.94e-145	412
C298__k141_500071_18	B2UPW1	53.9	356	1.83e-135	387
C298__k141_500071_19	B2UKM3	42.7	562	1.25e-155	454
C298__k141_500071_20	B2UQR0	57.2	610	1.24e-235	660
C298__k141_500071_22	B2UQR2	34.9	616	7.74e-116	355
C298__k141_500071_24	B2URM3	23.3	765	3.08e-17	85.1
C298__k141_129934_3	B2UMJ2	75.5	323	1.80e-175	486
C298__k141_129934_4	B2UMV1	61.9	619	1.03e-286	792
C298__k141_129934_6	B2UMU8	61.1	493	1.85e-195	548
C298__k141_129934_7	B2UMU7	46.5	385	5.06e-108	319
C298__k141_129934_14	B2UM08	32.8	137	8.86e-16	71.2
C298__k141_129934_16	B2UM34	38.5	353	2.90e-79	244
C298__k141_129934_17	B2ULG5	61.8	456	5.23e-208	579
C298__k141_129934_18	B2ULG6	63.5	189	1.71e-78	240
C298__k141_129934_19	B2ULZ6	31.1	960	4.68e-106	350
C298__k141_129934_22	B2UL59	68.6	175	3.03e-78	228
C298__k141_129934_25	B2UMM3	43.2	155	3.26e-36	121
C298__k141_129934_27	B2UL57	57.3	206	4.54e-83	243
C298__k141_129934_28	B2UN87	52.9	204	6.50e-75	221
C298__k141_129934_29	B2ULA5	57.6	224	4.94e-93	269
C298__k141_129934_30	B2ULA6	49.5	485	9.16e-165	472
C298__k141_129934_31	B2UN67	28.5	446	3.35e-32	123
C298__k141_129934_32	B2UN68	48.3	201	6.45e-57	176
C298__k141_129934_34	B2UN70	55.2	181	8.37e-65	194
C298__k141_129934_35	B2UL07	55.3	76	7.52e-27	91.3
C298__k141_129934_36	B2UL06	65.4	246	5.80e-116	329
C298__k141_129934_42	B2UN82	35.2	381	3.72e-65	207
C298__k141_129934_46	B2URG0	32.1	713	5.94e-129	400
C298__k141_129934_47	B2UN11	36.7	166	4.02e-43	139
C298__k141_129934_48	B2UN17	36.0	111	6.36e-20	77.8
C298__k141_129934_49	B2UPI7	67.9	504	4.39e-269	737
C298__k141_129934_50	B2UPI7	71.1	506	1.75e-278	761
C298__k141_129934_51	B2ULJ5	28.5	1148	6.49e-106	353
C298__k141_129934_53	B2UP51	51.7	147	1.13e-51	157
C298__k141_129934_54	B2UP53	75.1	309	7.00e-170	470
C298__k141_129934_55	B2UP52	84.3	427	2.39e-272	739
C298__k141_129934_59	B2URK5	79.3	334	5.80e-193	531
C298__k141_129934_60	B2URK7	49.8	209	1.31e-72	216
C298__k141_129934_61	B2UQ97	78.1	485	7.04e-287	781
C298__k141_129934_62	B2UM32	61.7	405	9.38e-189	525
C298__k141_129934_63	B2UQX2	70.4	469	2.21e-252	692
C298__k141_129934_64	B2UNI8	56.6	122	7.37e-44	136
C298__k141_129934_65	B2UPE7	66.1	436	1.45e-189	530
C298__k141_129934_66	B2UQW5	37.2	191	7.87e-38	127
C298__k141_129934_71	B2ULF6	35.6	1049	2.91e-164	506
C298__k141_129934_72	B2ULF5	42.0	605	8.78e-136	407
C298__k141_129934_74	B2ULF3	39.4	1104	1.37e-236	697
C298__k141_129934_82	B2UM40	23.3	464	4.64e-12	66.2
C298__k141_129934_84	B2UQR8	59.3	669	1.52e-293	813
C298__k141_129934_90	B2UQ76	29.1	254	4.23e-16	72.8
C298__k141_129934_92	B2UQG1	44.9	740	5.72e-227	649
C298__k141_129934_96	B2UPA5	61.1	1188	0.0	1446
C298__k141_129934_97	B2UPQ8	44.6	439	6.17e-125	372
C298__k141_129934_99	B2UKT7	48.7	273	3.51e-93	273
C298__k141_129934_101	B2UL46	66.9	305	8.18e-149	418
C298__k141_129934_102	B2UMX9	65.4	826	0.0	1056
C298__k141_129934_103	B2UPQ6	66.2	420	1.66e-218	602
C298__k141_129934_111	B2UNS1	80.9	914	0.0	1462
C298__k141_129934_112	B2UM34	45.1	344	3.99e-103	305
C298__k141_129934_113	B2UQB4	56.2	365	1.19e-140	401
C298__k141_129934_114	B2UP42	60.0	608	1.26e-257	717
C298__k141_129934_117	B2UPR7	34.8	679	6.87e-105	332
C298__k141_129934_121	B2UPD8	69.3	485	9.06e-147	426
C298__k141_129934_122	B2UPD7	37.2	172	4.59e-33	114
C298__k141_505779_3	B2ULP8	26.0	292	7.75e-17	76.6
C298__k141_505779_8	B2UQC2	38.0	79	2.28e-06	47.8
C298__k141_505779_10	B2URM9	57.0	1156	0.0	1341
C298__k141_505779_13	B2UP70	49.7	153	2.75e-58	176
C298__k141_505779_14	B2UP71	83.0	271	3.02e-175	480
C298__k141_505779_15	B2UKY8	38.9	741	3.88e-181	535
C298__k141_505779_16	B2UPB9	38.8	134	7.55e-25	95.1
C298__k141_505779_20	B2UKU4	39.2	375	5.63e-71	224
C298__k141_505779_23	B2UM41	27.9	599	1.83e-52	191
C298__k141_505779_24	B2URM9	38.5	982	3.86e-232	689
C298__k141_505779_26	B2UQ63	47.6	332	3.51e-110	321
C298__k141_505779_27	B2UQR4	51.1	182	4.29e-50	159
C298__k141_505779_28	B2UQP3	53.0	183	2.01e-64	193
C298__k141_505779_30	B2URK0	54.7	468	1.28e-192	543
C298__k141_505779_31	B2ULM5	59.0	200	9.56e-82	239
C298__k141_505779_34	B2ULM2	76.9	386	1.03e-222	611
C298__k141_505779_35	B2UQY1	77.9	1389	0.0	2154
C298__k141_505779_36	B2UQY2	81.0	1274	0.0	2043
C298__k141_505779_37	B2UQY3	81.5	124	1.24e-56	168
C298__k141_505779_38	B2UQY4	67.7	161	1.35e-74	217
C298__k141_505779_39	B2UQY5	82.4	233	6.07e-133	370
C298__k141_505779_40	B2UQY6	84.5	142	1.12e-84	241
C298__k141_505779_41	B2UQY7	57.8	187	1.01e-75	222
C298__k141_505779_42	B2UQY8	58.9	73	3.21e-28	93.2
C298__k141_505779_43	B2UQY9	86.0	394	1.30e-256	696
C298__k141_505779_44	B2ULU7	39.0	187	3.58e-34	125
C298__k141_505779_45	B2UNZ9	41.0	615	4.63e-171	497
C298__k141_505779_46	B2UPL0	37.0	308	4.15e-50	171
C298__k141_505779_47	B2UNU2	53.0	430	2.73e-155	442
C298__k141_505779_48	B2UQH9	49.1	106	1.09e-31	105
C298__k141_505779_49	B2UN25	69.6	395	1.36e-211	590
C298__k141_505779_50	B2UQA6	52.5	1271	0.0	1351
C298__k141_505779_51	B2UQI2	56.5	271	1.69e-119	340
C298__k141_505779_52	B2UP66	69.1	330	2.65e-169	471
C298__k141_505779_53	B2UN66	59.9	167	3.69e-60	180
C298__k141_505779_54	B2ULL1	64.4	177	1.38e-79	232
C298__k141_505779_55	B2UN73	33.8	613	9.95e-116	364
C298__k141_505779_56	B2UM34	38.2	372	1.60e-86	265
C298__k141_505779_58	B2UMS6	60.3	783	0.0	1016
C298__k141_505779_63	B2UNF5	55.1	207	5.20e-84	244
C298__k141_505779_64	B2UNR5	40.4	218	4.88e-43	142
C298__k141_505779_67	B2URJ9	35.0	320	4.88e-52	188
C298__k141_505779_69	B2UNJ1	55.2	324	7.12e-121	349
C298__k141_505779_70	B2UNJ2	29.7	839	1.77e-84	286
C298__k141_505779_74	B2ULB7	42.9	808	3.12e-247	710
C298__k141_505779_79	B2UM51	34.0	618	5.63e-82	289
C298__k141_505779_80	B2UM50	38.2	314	9.79e-66	215
C298__k141_505779_81	B2UNU6	53.4	309	3.87e-122	354
C298__k141_505779_82	B2UP80	43.7	387	6.30e-93	284
C298__k141_505779_83	B2UP81	59.3	1053	0.0	1180
C298__k141_505779_84	B2UP82	53.6	463	5.85e-164	468
C298__k141_505779_85	B2UMF8	47.8	423	8.01e-129	386
C298__k141_505779_86	B2UMF7	47.9	144	3.91e-40	129
C298__k141_505779_87	B2UNZ7	58.7	252	2.78e-100	290
C298__k141_505779_88	B2UNZ6	51.3	409	1.01e-143	413
C298__k141_879507_2	B2UL94	46.0	124	3.29e-23	99.8
C298__k141_879507_4	B2UPT2	47.7	88	2.53e-21	87.0
C298__k141_879507_5	B2UMB7	52.7	258	2.27e-79	237
C298__k141_879507_6	B2UP38	58.5	839	0.0	912
C298__k141_879507_7	B2UP39	71.0	341	1.20e-178	494
C298__k141_879507_15	B2UP30	39.3	267	2.56e-62	194
C298__k141_879507_16	B2UR57	36.0	303	5.01e-63	198
C298__k141_879507_17	B2ULT4	42.1	271	3.61e-74	228
C298__k141_879507_18	B2UN35	23.7	1130	2.07e-76	270
C298__k141_879507_19	B2UMJ5	68.4	177	1.08e-85	248
C298__k141_879507_20	B2UMJ4	76.0	630	0.0	994
C298__k141_879507_22	B2UP05	62.0	358	2.01e-161	452
C298__k141_879507_24	B2ULC1	72.5	510	1.08e-274	753
C298__k141_642822_2	B2URB7	38.0	150	1.83e-29	103
C298__k141_642822_3	B2UQX0	43.7	295	3.96e-81	246
C298__k141_642822_8	B2UQE6	27.6	703	2.54e-54	195
C298__k141_642822_10	B2UQB6	47.3	330	6.08e-98	290
C298__k141_642822_11	B2UPC8	61.1	126	3.49e-51	156
C298__k141_642822_14	B2UMU5	72.5	510	2.95e-277	759
C298__k141_642822_20	B2UNB1	47.0	183	3.88e-54	167
C298__k141_642822_21	B2ULZ6	31.5	683	1.29e-89	308
C298__k141_642822_22	B2URM3	23.2	1015	3.82e-16	80.9
C298__k141_893227_2	B2UNK4	53.6	295	1.43e-108	314
C298__k141_893227_4	B2UMN2	60.5	162	6.70e-63	187
C298__k141_893227_17	B2UL94	45.5	121	3.29e-24	99.4
C298__k141_520429_1	B2URM9	64.7	484	3.45e-237	679
C298__k141_520429_2	B2URM9	57.9	1133	0.0	1377
C298__k141_520429_3	B2URN0	54.0	594	6.93e-231	649
C298__k141_520429_4	B2URN1	49.7	364	1.05e-121	353
C298__k141_520429_7	B2ULM3	55.9	510	2.07e-193	547
C298__k141_520429_8	B2UNV0	38.5	239	1.24e-50	165
C298__k141_520429_10	B2UQ45	62.4	351	3.90e-159	446
C298__k141_520429_11	B2UQ21	48.6	352	1.59e-99	296
C298__k141_520429_12	B2UQ22	63.8	431	1.20e-203	565
C298__k141_520429_13	B2ULH1	25.8	864	6.97e-45	175
C298__k141_520429_14	B2UNF7	65.4	465	1.54e-217	605
C298__k141_520429_17	B2UPZ3	57.3	103	1.77e-41	129
C298__k141_520429_20	B2UPZ5	53.4	204	1.60e-76	226
C298__k141_520429_21	B2UPZ6	29.9	241	1.42e-21	91.3
C298__k141_520429_22	B2UPZ7	52.3	363	3.02e-130	378
C298__k141_520429_23	B2UPZ7	47.8	362	7.18e-116	341
C298__k141_520429_24	B2UPZ7	46.6	401	4.76e-125	364
C298__k141_520429_25	B2UN18	42.2	147	8.23e-39	125
C298__k141_520429_29	B2UL95	72.9	476	1.80e-255	703
C298__k141_520429_30	B2UL96	65.6	314	2.64e-146	410
C298__k141_520429_31	B2UMX8	52.9	189	3.68e-70	208
C298__k141_520429_34	B2URM9	26.7	570	7.08e-46	174
C298__k141_520429_35	B2UQG1	42.6	352	5.11e-86	285
C298__k141_520429_38	B2ULB7	28.1	730	1.07e-95	313
C298__k141_520429_40	B2UPY5	34.3	99	3.43e-09	55.8
C298__k141_520429_49	B2UQX0	53.6	289	1.26e-102	299
C298__k141_520429_51	B2UPV5	41.2	963	5.23e-212	650
C298__k141_520429_52	B2URI4	56.5	209	1.88e-85	250
C298__k141_520429_55	B2UM18	73.1	260	4.83e-136	380
C298__k141_520429_57	B2UM27	56.3	293	3.74e-121	346
C298__k141_520429_58	B2UN28	63.8	395	2.97e-183	511
C298__k141_520429_59	B2UL48	47.1	223	1.83e-75	225
C298__k141_520429_63	B2UKW6	67.0	197	1.42e-91	263
C298__k141_520429_64	B2UQG8	47.2	339	1.98e-98	294
C298__k141_520429_66	B2ULW7	30.7	352	2.84e-38	136
C298__k141_520429_69	B2UQR3	49.8	235	9.69e-81	239
C298__k141_520429_70	B2ULG9	58.5	378	2.43e-150	427
C298__k141_769723_1	B2UQS6	50.0	84	1.36e-23	94.4
C298__k141_769723_3	B2UQS6	46.8	94	5.88e-23	95.1
C298__k141_769723_5	B2UQS7	33.3	129	7.65e-18	81.6
C298__k141_769723_6	B2UQS6	51.2	84	1.99e-24	98.2
C298__k141_769723_9	B2ULM0	61.1	324	6.09e-140	397
C298__k141_769723_12	B2UL40	55.9	281	1.96e-108	313
C298__k141_769723_13	B2UNK3	59.8	363	4.06e-155	438
C298__k141_769723_16	B2UMH4	77.2	294	1.22e-163	453
C298__k141_769723_17	B2UMH5	70.5	393	2.79e-195	541
C298__k141_769723_18	B2UPB0	60.7	191	1.08e-80	234
C298__k141_769723_19	B2UNX1	36.4	143	2.07e-26	95.5
C298__k141_769723_20	B2UNU5	43.9	98	6.10e-20	75.5
C298__k141_769723_33	B2UN61	47.3	677	3.49e-208	595
C298__k141_769723_39	B2UPK5	56.0	450	3.83e-162	462
C298__k141_769723_46	B2UNL0	22.3	873	1.13e-24	107
C298__k141_769723_47	B2UPK4	69.8	358	9.18e-181	501
C298__k141_769723_49	B2UPK2	52.1	292	1.38e-105	306
C298__k141_769723_50	B2UPY4	40.1	362	1.61e-89	275
C298__k141_769723_51	B2UME7	49.2	199	2.26e-58	184
C298__k141_769723_52	B2UME9	52.7	258	9.75e-96	278
C298__k141_769723_53	B2UMF0	41.3	167	1.42e-32	110
C298__k141_769723_54	B2UMF1	64.2	246	5.52e-110	313
C298__k141_769723_55	B2UMF2	67.9	293	3.68e-143	401
C298__k141_769723_56	B2UMQ5	70.4	375	2.22e-201	556
C298__k141_769723_62	B2UMK3	65.5	438	3.37e-210	584
C298__k141_769723_68	B2ULV7	47.3	603	1.81e-205	584
C298__k141_769723_69	B2ULV6	49.2	595	1.13e-190	545
C298__k141_769723_70	B2UPF9	43.3	430	2.12e-102	310
C298__k141_769723_71	B2UPF8	52.9	221	2.18e-76	227
C298__k141_769723_72	B2UPP2	43.5	216	4.94e-57	176
C298__k141_769723_73	B2UPP2	41.2	153	9.34e-43	139
C298__k141_769723_80	B2UPW3	61.4	308	2.13e-129	367
C298__k141_769723_81	B2UPW2	66.7	765	0.0	1038
C298__k141_769723_82	B2UP08	76.6	338	1.92e-179	497
C298__k141_769723_83	B2UP09	81.6	512	1.15e-305	831
C298__k141_769723_85	B2UNN8	71.9	473	1.29e-255	701
C298__k141_769723_90	B2UQA4	42.3	581	1.89e-148	437
C298__k141_769723_92	B2URC2	27.1	431	1.06e-24	102
C298__k141_769723_93	B2UP72	48.4	475	1.65e-161	462
C298__k141_769723_94	B2UPN5	50.7	523	1.67e-180	514
C298__k141_769723_96	B2UNL9	81.8	77	4.49e-47	140
C298__k141_769723_101	B2UPT0	67.2	305	1.70e-155	434
C298__k141_769723_102	B2URE5	70.1	147	8.61e-67	196
C298__k141_769723_103	B2URE4	65.0	334	3.10e-143	404
C298__k141_769723_104	B2UP07	48.0	894	2.37e-280	799
C298__k141_771786_3	B2ULV7	29.8	245	2.13e-23	95.5
C298__k141_771786_5	B2ULK0	24.5	327	1.13e-09	55.5
C298__k141_771786_7	B2UQC2	27.0	662	7.79e-53	197
C298__k141_771786_8	B2UQC2	25.6	645	3.92e-49	186
C298__k141_771786_9	B2ULB7	30.4	708	1.81e-114	362
C298__k141_771786_10	B2UKM0	78.0	241	2.57e-129	362
C298__k141_771786_11	B2UKL9	76.1	188	7.51e-96	273
C298__k141_771786_12	B2URQ6	68.9	106	1.04e-47	144
C298__k141_771786_13	B2URI2	34.8	264	2.91e-41	139
C298__k141_771786_15	B2UN26	31.4	857	2.29e-120	380
C298__k141_771786_16	B2UPA1	44.5	191	2.74e-48	153
C298__k141_771786_18	B2UP36	53.8	143	1.07e-52	167
C298__k141_771786_21	B2UP99	60.2	503	2.62e-224	630
C298__k141_771786_22	B2UPA3	40.8	76	3.33e-11	52.8
C298__k141_771786_23	B2UNB3	50.9	430	5.26e-156	449
C298__k141_771786_29	B2UQB0	61.0	625	1.64e-278	771
C298__k141_771786_30	B2UQA9	45.8	358	9.20e-103	305
C298__k141_771786_31	B2UQQ2	66.4	113	6.91e-50	151
C298__k141_771786_32	B2UQQ3	70.5	614	2.46e-299	829
C298__k141_771786_33	B2UQQ4	62.3	427	2.08e-182	511
C298__k141_771786_34	B2UPN7	72.8	437	1.19e-230	636
C298__k141_771786_35	B2ULK0	33.3	393	1.18e-52	176
C298__k141_771786_36	B2UKW0	58.4	738	8.20e-282	789
C298__k141_771786_37	B2UKM2	74.1	205	1.47e-116	327
C298__k141_771786_40	B2UKM1	41.1	285	3.34e-71	219
C298__k141_771786_41	B2UQB1	42.9	345	1.94e-86	261
C298__k141_771786_44	B2UL82	40.1	197	2.53e-40	132
C298__k141_649852_2	B2URB1	36.3	388	9.49e-75	234
C298__k141_649852_3	B2UQG6	35.6	539	1.72e-84	278
C298__k141_649852_4	B2UPP0	46.3	309	1.67e-88	267
C298__k141_649852_6	B2UQD6	76.5	162	1.10e-85	245
C298__k141_649852_7	B2UNL5	71.9	437	5.45e-234	643
C298__k141_649852_8	B2UQL8	36.0	861	3.09e-158	483
C298__k141_649852_11	B2UM14	37.5	777	1.42e-165	497
C298__k141_649852_12	B2UM16	35.4	223	6.35e-46	150
C298__k141_649852_13	B2UM17	72.0	289	2.57e-154	429
C298__k141_649852_14	B2UPE9	37.6	442	7.66e-80	271
C298__k141_772933_2	B2UL03	67.3	101	9.29e-43	138
C298__k141_772933_4	B2UP10	59.1	359	1.08e-152	431
C298__k141_772933_5	B2UR50	47.4	350	1.32e-100	302
C298__k141_772933_6	B2UR51	64.4	225	7.87e-102	291
C298__k141_772933_7	B2UQB2	41.0	268	2.34e-30	112
C298__k141_772933_10	B2UMS5	58.7	305	3.93e-116	338
C298__k141_772933_13	B2UNF3	56.5	457	1.62e-171	488
C298__k141_772933_14	B2ULV7	31.6	525	1.50e-87	280
C298__k141_772933_16	B2UL83	27.4	664	1.85e-58	208
C298__k141_772933_19	B2ULB7	42.8	797	7.43e-255	729
C298__k141_772933_23	B2UMR4	44.4	243	7.84e-67	203
C298__k141_772933_24	B2UQJ4	58.2	502	2.69e-200	563
C298__k141_772933_25	B2UQ47	56.5	124	1.10e-33	113
C298__k141_772933_26	B2UQ48	80.4	112	3.07e-61	179
C298__k141_772933_28	B2UQ50	72.2	227	6.93e-113	320
C298__k141_772933_29	B2UQ51	52.6	327	1.25e-111	324
C298__k141_772933_31	B2UQU2	61.1	203	7.73e-83	241
C298__k141_772933_33	B2UKU8	70.4	405	7.22e-206	570
C298__k141_772933_34	B2UKU7	78.4	592	0.0	939
C298__k141_772933_35	B2UM68	26.6	338	3.45e-28	108
C298__k141_772933_36	B2UM69	40.2	405	3.22e-84	262
C298__k141_772933_38	B2UP31	67.9	187	8.34e-101	286
C298__k141_772933_40	B2UP29	64.6	254	1.22e-117	333
C298__k141_772933_41	B2UP28	53.8	407	4.38e-145	415
C298__k141_772933_43	B2UP63	65.9	167	4.73e-75	218
C298__k141_772933_44	B2UN43	49.7	189	1.73e-62	189
C298__k141_772933_45	B2ULG0	59.5	222	1.20e-93	272
C298__k141_772933_46	B2ULF9	39.4	355	1.74e-81	248
C298__k141_772933_47	B2ULF8	44.0	268	4.42e-69	211
C298__k141_772933_48	B2ULF7	34.2	231	1.33e-37	128
C298__k141_772933_49	B2UP92	67.5	200	9.86e-99	282
C298__k141_772933_50	B2UN91	66.7	435	8.94e-214	592
C298__k141_772933_51	B2UPT6	73.2	157	8.30e-90	257
C298__k141_772933_52	B2UPT7	46.7	180	5.69e-54	167
C298__k141_772933_53	B2UPT8	43.0	172	3.78e-51	163
C298__k141_772933_54	B2UPT9	65.7	102	1.90e-44	136
C298__k141_772933_55	B2UNG2	42.3	227	9.56e-54	171
C298__k141_772933_58	B2ULA8	64.3	574	4.14e-260	720
C298__k141_772933_59	B2URL8	49.1	560	2.47e-167	484
C298__k141_772933_60	B2UL58	41.5	390	1.32e-108	323
C298__k141_772933_61	B2UQF4	71.3	522	2.58e-256	707
C298__k141_772933_64	B2UPS4	80.5	549	0.0	915
C298__k141_772933_65	B2UNP1	49.6	272	4.64e-85	253
C298__k141_772933_66	B2UMM9	55.1	243	3.22e-89	263
C298__k141_772933_69	B2UMN1	79.5	1176	0.0	1881
C298__k141_772933_70	B2UL65	42.2	251	4.17e-67	205
C298__k141_772933_71	B2UPC5	25.8	419	4.05e-25	104
C298__k141_777848_4	B2UKY9	58.2	213	1.22e-85	249
C298__k141_777848_5	B2ULV4	57.1	161	1.33e-65	195
C298__k141_904984_3	B2UMA4	62.6	337	3.55e-164	459
C298__k141_904984_6	B2UNW1	64.9	439	5.08e-228	629
C298__k141_904984_7	B2UNW0	65.0	320	9.54e-162	450
C298__k141_904984_9	B2UPY1	76.7	240	1.46e-129	363
C298__k141_904984_10	B2UPY0	28.7	275	1.95e-23	95.1
C298__k141_904984_12	B2UPX8	76.6	269	9.36e-159	439
C298__k141_904984_13	B2URM8	62.8	425	1.06e-186	522
C298__k141_904984_14	B2UQC0	50.2	269	2.04e-90	266
C298__k141_904984_21	B2UP97	34.1	273	1.28e-42	146
C298__k141_904984_22	B2ULL9	70.1	545	2.95e-262	723
C298__k141_904984_23	B2ULL8	73.6	560	3.02e-307	838
C298__k141_904984_24	B2ULL7	68.9	424	1.60e-192	536
C298__k141_904984_26	B2UKY5	79.1	326	6.93e-187	514
C298__k141_904984_28	B2UM40	28.7	593	5.24e-54	201
C298__k141_904984_29	B2UQF3	41.2	611	1.81e-153	464
C298__k141_904984_30	B2UPN8	40.9	1086	2.71e-273	807
C298__k141_904984_31	B2UL70	48.9	188	1.89e-52	163
C298__k141_904984_32	B2UNZ0	45.2	250	1.33e-64	198
C298__k141_904984_33	B2UN90	37.6	713	3.28e-142	435
C298__k141_904984_34	B2UPX5	61.6	294	2.65e-121	345
C298__k141_904984_35	B2UPX6	81.9	221	7.04e-130	362
C298__k141_904984_37	B2UPI9	82.8	332	8.68e-198	543
C298__k141_904984_38	B2UNE9	46.0	161	3.91e-42	134
C298__k141_904984_39	B2UNF0	30.9	301	6.63e-37	130
C298__k141_904984_40	B2UNF1	60.1	283	3.47e-119	339
C298__k141_904984_41	B2URI5	45.8	308	3.03e-99	291
C298__k141_904984_42	B2UNF2	56.4	349	1.42e-139	397
C298__k141_904984_43	B2UN75	46.3	404	3.70e-115	345
C298__k141_904984_44	B2UM25	73.9	602	0.0	906
C298__k141_904984_60	B2UM41	40.6	836	2.00e-210	615
C298__k141_904984_62	B2UNU3	56.7	187	1.89e-73	216
C298__k141_904984_63	B2UMU4	94.4	126	2.51e-84	239
C298__k141_904984_64	B2UMU3	86.6	157	3.91e-99	278
C298__k141_904984_65	B2UMU2	82.4	710	0.0	1181
C298__k141_904984_66	B2UMU1	85.3	102	1.18e-58	172
C298__k141_904984_67	B2UMU0	69.3	212	4.07e-103	293
C298__k141_904984_68	B2UMT9	75.4	203	4.38e-102	290
C298__k141_904984_69	B2UMT8	75.5	94	4.99e-45	137
C298__k141_904984_70	B2UMT7	86.0	278	2.23e-181	496
C298__k141_904984_71	B2UMT6	86.5	89	1.23e-54	160
C298__k141_904984_72	B2UMT5	51.7	234	6.87e-78	231
C298__k141_904984_73	B2UMT4	73.9	111	1.83e-55	164
C298__k141_904984_74	B2UMT3	79.4	218	5.97e-125	350
C298__k141_904984_75	B2UMT2	87.1	139	7.06e-87	246
C298__k141_904984_76	B2UMT1	70.0	60	1.21e-22	78.6
C298__k141_904984_77	B2UMT0	82.2	90	1.04e-46	140
C298__k141_904984_78	B2UMS9	90.1	121	1.12e-74	214
C298__k141_904984_79	B2UQM2	81.3	75	9.60e-41	124
C298__k141_904984_80	B2UQM3	82.9	193	2.52e-114	320
C298__k141_904984_81	B2UQM4	78.2	133	9.01e-73	210
C298__k141_904984_82	B2UQM5	76.0	179	2.48e-92	263
C298__k141_904984_83	B2UQM6	71.7	120	1.12e-53	160
C298__k141_904984_84	B2UQM7	82.6	161	6.18e-93	265
C298__k141_904984_85	B2UQM8	73.5	151	8.30e-78	224
C298__k141_904984_86	B2UQN0	63.8	500	7.93e-219	609
C298__k141_904984_87	B2UQN1	47.4	215	6.58e-71	212
C298__k141_904984_88	B2UQN2	66.0	262	1.78e-122	346
C298__k141_904984_89	B2UL72	28.8	250	1.20e-19	85.9
C298__k141_904984_92	B2UQD0	47.9	165	9.55e-43	138
C298__k141_904984_93	B2UQC9	72.2	690	0.0	921
C298__k141_904984_94	B2UQC8	61.8	539	2.45e-239	667
C298__k141_904984_95	B2UQC6	59.1	220	2.19e-92	267
C298__k141_904984_96	B2UQC5	50.2	887	3.21e-284	806
C298__k141_904984_97	B2UPN4	69.8	530	3.91e-279	766
C298__k141_904984_98	B2UM06	67.9	561	1.39e-277	763
C298__k141_904984_99	B2UM29	75.4	855	0.0	1353
C298__k141_904984_101	B2ULE6	40.0	345	5.38e-61	202
C298__k141_534540_3	B2UMM8	61.1	501	3.09e-230	639
C298__k141_786323_2	B2UQC2	67.0	1229	0.0	1705
C298__k141_786323_5	B2UQU9	29.6	243	1.14e-17	84.0
C298__k141_786323_7	B2ULX7	57.0	735	1.06e-288	813
C298__k141_786323_8	B2ULX8	46.3	363	4.05e-102	308
C298__k141_786323_9	B2UQP7	45.2	427	2.80e-123	361
C298__k141_786323_11	B2UM60	54.2	757	5.44e-313	871
C298__k141_786323_12	B2UQ30	77.2	351	5.05e-196	540
C298__k141_786323_13	B2UKM8	75.8	414	7.29e-235	644
C298__k141_786323_14	B2UKV5	41.0	249	4.02e-69	221
C298__k141_786323_15	B2UL69	52.1	764	9.04e-262	740
C298__k141_786323_16	B2ULG2	75.5	744	0.0	1063
C298__k141_786323_17	B2UNJ4	57.3	89	2.02e-28	94.7
C298__k141_786323_18	B2UQL5	50.4	397	2.47e-125	365
C298__k141_786323_19	B2URF6	53.4	423	1.66e-159	453
C298__k141_786323_20	B2UQE5	56.2	317	4.72e-131	374
C298__k141_786323_21	B2UP41	54.3	565	2.50e-216	614
C298__k141_786323_22	B2UQX7	86.6	599	0.0	1020
C298__k141_786323_23	B2ULV8	24.7	518	2.05e-29	117
C298__k141_786323_25	B2UMV4	56.7	360	3.52e-142	404
C298__k141_786323_26	B2ULW6	79.6	363	1.34e-211	580
C298__k141_786323_27	B2ULW5	72.8	357	3.84e-193	533
C298__k141_786323_31	B2URK3	68.4	282	2.55e-137	385
C298__k141_786323_32	B2URK2	66.7	213	1.23e-106	302
C298__k141_786323_33	B2URK1	39.5	258	6.48e-56	178
C298__k141_786323_34	B2ULE8	41.2	503	6.14e-143	424
C298__k141_786323_35	B2UQE7	68.9	454	1.49e-234	646
C298__k141_786323_36	B2UQE8	68.0	400	8.02e-202	559
C298__k141_786323_39	B2ULA9	42.1	882	1.70e-229	672
C298__k141_786323_40	B2ULZ9	65.4	454	1.30e-218	605
C298__k141_786323_41	B2UQJ6	63.6	836	0.0	1047
C298__k141_786323_42	B2UND5	46.6	326	3.81e-105	308
C298__k141_786323_43	B2UND4	63.8	246	4.18e-107	307
C298__k141_786323_44	B2UND3	70.6	248	1.50e-130	366
C298__k141_786323_45	B2URM3	25.0	504	9.89e-18	87.0
C298__k141_540405_1	B2UL12	52.4	595	5.73e-223	628
C298__k141_540405_2	B2UMA1	57.2	495	2.95e-197	555
C298__k141_540405_3	B2UNV7	34.0	406	8.26e-66	212
C298__k141_540405_4	B2UNV6	81.2	478	1.61e-294	799
C298__k141_540405_5	B2UNV5	75.5	245	2.60e-140	390
C298__k141_540405_6	B2UNV4	56.9	144	9.39e-57	171
C298__k141_540405_7	B2UN83	74.8	401	5.17e-229	628
C298__k141_540405_8	B2URF4	37.7	1009	1.18e-196	588
C298__k141_540405_9	B2URF5	44.6	233	3.88e-68	206
C298__k141_540405_10	B2UKX2	33.9	404	6.05e-67	216
C298__k141_540405_11	B2UQP5	63.2	380	2.57e-184	513
C298__k141_540405_12	B2UL49	49.8	209	8.96e-72	221
C298__k141_540405_16	B2UKY7	38.7	597	5.84e-140	419
C298__k141_540405_17	B2UP77	83.1	65	1.77e-34	108
C298__k141_540405_18	B2URC8	82.2	73	1.92e-42	129
C298__k141_540405_19	B2UMQ2	29.4	310	8.65e-34	121
C298__k141_540405_22	B2UN72	76.0	429	1.18e-244	669
C298__k141_540405_23	B2UN71	50.0	382	1.37e-135	390
C298__k141_540405_24	B2ULC8	66.9	257	9.18e-130	365
C298__k141_540405_25	B2UQ31	65.3	366	2.39e-171	479
C298__k141_540405_26	B2ULS0	35.0	343	2.58e-77	243
C298__k141_540405_27	B2ULS1	39.0	484	9.42e-115	342
C298__k141_540405_28	B2UMI0	44.1	59	9.26e-15	60.5
C298__k141_540405_29	B2UMI1	43.3	439	1.48e-106	320
C298__k141_540405_30	B2UMK0	68.1	160	1.68e-80	232
C298__k141_540405_31	B2UMQ9	54.8	292	3.90e-110	318
C298__k141_540405_32	B2UR81	71.3	348	6.55e-192	529
C298__k141_540405_33	B2UR83	40.8	260	4.22e-67	214
C298__k141_540405_34	B2UR83	45.2	292	1.68e-78	252
C298__k141_540405_37	B2ULZ2	42.1	385	5.21e-99	302
C298__k141_540405_38	B2UPS9	77.0	434	4.17e-235	649
C298__k141_540405_39	B2UPU0	41.6	363	9.21e-82	251
C298__k141_540405_40	B2ULS4	51.7	402	1.22e-144	416
C298__k141_540405_41	B2ULP8	68.1	310	7.56e-155	432
C298__k141_540405_42	B2UQ15	67.2	326	1.24e-158	443
C298__k141_540405_43	B2ULZ7	53.2	587	1.22e-233	656
C298__k141_540405_46	B2UNR1	59.3	442	8.73e-174	490
C298__k141_540405_47	B2UNR2	73.0	403	2.27e-210	580
C298__k141_540405_58	B2UNI3	77.0	331	1.38e-195	537
C298__k141_540405_59	B2UNI4	73.0	640	0.0	994
C298__k141_540405_61	B2UQQ8	55.4	289	2.16e-107	311
C298__k141_540405_62	B2UNR7	72.2	1182	0.0	1749
C298__k141_540405_64	B2UQ05	63.8	356	5.32e-175	487
C298__k141_540405_65	B2UQ06	67.0	418	2.43e-203	563
C298__k141_540405_66	B2UQ07	51.3	519	2.57e-183	521
C298__k141_540405_67	B2UM95	71.2	139	1.17e-67	197
C298__k141_540405_68	B2UM96	73.1	521	7.63e-282	771
C298__k141_540405_69	B2UM97	28.7	136	7.53e-11	52.8
C298__k141_540405_70	B2UM98	64.4	132	1.77e-34	113
C298__k141_540405_71	B2UM99	57.4	552	1.73e-193	545
C298__k141_540405_72	B2UMA0	44.5	245	8.33e-64	197
C298__k141_540405_73	B2UNY9	35.4	158	1.50e-27	99.4
C298__k141_540405_74	B2UMM0	56.5	306	2.47e-123	353
C298__k141_540405_75	B2UML9	70.5	88	2.48e-40	124
C298__k141_540405_76	B2UML8	55.5	596	1.35e-231	649
C298__k141_540405_77	B2UL50	55.9	794	2.27e-291	818
C298__k141_540405_81	B2UQH3	41.8	275	1.44e-67	210
C298__k141_540405_82	B2ULA1	54.1	741	6.66e-280	784
C298__k141_540405_83	B2UR32	49.4	429	2.76e-146	422
C298__k141_540405_84	B2UL52	48.8	336	4.75e-114	332
C298__k141_540405_85	B2UL51	43.1	371	2.84e-96	288
C298__k141_540405_87	B2UN08	41.5	316	2.47e-69	218
C298__k141_540405_89	B2UNS2	67.0	512	7.61e-251	692
C298__k141_540405_91	B2UL79	34.8	466	1.14e-83	261
C298__k141_540405_94	B2UP20	42.0	262	1.75e-65	201
C298__k141_540405_95	B2ULH0	30.8	240	2.81e-35	124
C298__k141_540405_96	B2UMR3	60.1	193	1.97e-88	254
C298__k141_540405_97	B2UR52	78.0	554	0.0	885
C298__k141_540405_98	B2UQ24	77.1	607	0.0	922
C298__k141_540405_99	B2UPB4	48.9	792	3.11e-227	656
C298__k141_540405_100	B2UQ16	83.1	308	3.84e-151	426
C298__k141_540405_102	B2UMV5	67.0	473	5.18e-222	615
C298__k141_540405_103	B2UMV6	62.8	323	2.75e-147	414
C298__k141_540405_106	B2ULU0	73.1	391	9.88e-210	578
C298__k141_540405_107	B2ULT9	45.7	311	1.40e-100	295
C298__k141_540405_109	B2UPQ2	58.5	183	1.40e-77	226
C298__k141_540405_110	B2UL25	61.3	93	3.58e-36	114
C298__k141_540405_111	B2UP75	42.2	443	4.47e-115	342
C298__k141_540405_112	B2UR15	56.4	530	1.77e-228	638
C298__k141_540405_117	B2UMZ7	50.0	378	1.02e-127	382
C298__k141_540405_119	B2UNL8	36.0	539	1.25e-91	290
C298__k141_540405_121	B2URN0	33.5	559	5.01e-100	313
C298__k141_540405_122	B2URM9	31.8	611	1.47e-78	273
C298__k141_540405_123	B2ULF0	47.2	532	2.83e-168	484
C298__k141_540405_124	B2UNT0	26.9	861	4.07e-92	305
C298__k141_540405_126	B2UNT2	57.6	311	6.18e-138	390
C298__k141_540405_128	B2UNZ2	39.1	225	2.84e-50	163
C298__k141_540405_129	B2UNZ3	58.5	378	2.59e-160	453
C298__k141_540405_130	B2UPE2	50.2	215	4.91e-72	218
C298__k141_540405_131	B2UM62	41.6	438	1.62e-106	319
C298__k141_540405_133	B2UMR7	79.4	97	1.48e-51	154
C298__k141_540405_134	B2UMR6	55.9	295	5.80e-117	335
C298__k141_540405_135	B2UN42	38.1	425	6.28e-86	276
C298__k141_540405_137	B2UPX1	54.5	483	1.55e-187	532
C298__k141_540405_138	B2UP35	78.9	479	2.34e-283	772
C298__k141_540405_139	B2UPQ3	50.6	834	4.95e-288	812
C298__k141_540405_140	B2UPQ5	61.0	461	5.27e-213	592
C298__k141_540405_142	B2UL75	62.8	481	3.57e-230	637
C298__k141_540405_143	B2UNF6	46.9	405	3.13e-122	357
C298__k141_540405_144	B2UNY8	44.5	301	1.19e-84	254
C298__k141_540405_145	B2UNY7	41.2	272	2.00e-65	204
C298__k141_540405_146	B2UMZ6	43.6	257	1.94e-67	207
C298__k141_540405_147	B2UMZ5	71.5	137	2.12e-71	207
C298__k141_540405_148	B2UMZ4	45.2	1175	0.0	945
C298__k141_540405_150	B2ULN3	59.4	175	6.79e-73	214
C298__k141_540405_151	B2UP00	79.3	232	3.92e-133	371
C298__k141_540405_152	B2UP01	67.3	147	1.04e-69	204
C298__k141_540405_153	B2UP02	79.9	778	0.0	1238
C298__k141_540405_154	B2UP03	74.8	234	7.84e-130	362
C298__k141_540405_156	B2UQQ6	68.4	196	9.11e-97	276
C298__k141_540405_157	B2UQQ5	65.5	252	6.86e-131	367
C298__k141_540405_158	B2UNH1	81.0	373	5.50e-217	594
C298__k141_540405_163	B2UR00	69.1	1048	0.0	1386
C298__k141_540405_164	B2UR01	39.5	365	1.41e-78	251
C298__k141_540405_165	B2UR02	38.6	414	3.78e-94	286
C298__k141_540405_168	B2UNA5	29.6	226	3.10e-21	85.5
C298__k141_540405_169	B2UQG6	51.4	537	4.38e-192	546
C298__k141_540405_170	B2UQ94	53.6	334	3.58e-121	348
C298__k141_540405_171	B2UQ95	46.7	214	9.24e-57	176
C298__k141_540405_173	B2URP1	39.6	217	1.43e-46	150
C298__k141_540405_174	B2URP2	86.4	258	4.58e-162	446
C298__k141_540405_175	B2URP3	63.6	579	1.33e-252	702
C298__k141_540405_176	B2URP4	52.3	774	3.75e-274	772
C298__k141_540405_177	B2URP5	74.8	322	1.93e-175	486
C298__k141_540405_178	B2URP6	75.6	250	5.37e-142	395
C298__k141_540405_179	B2URP7	38.8	209	1.69e-44	144
C298__k141_540405_181	B2UQ19	58.6	420	3.97e-164	465
C298__k141_540405_182	B2UPA8	46.9	490	1.12e-142	424
C298__k141_540405_185	B2UKX3	48.3	815	8.98e-249	712
C298__k141_540405_186	B2UPD9	52.2	46	1.51e-07	40.4
C298__k141_540405_188	B2UPD0	75.0	84	1.26e-44	136
C298__k141_540405_189	B2UQ91	69.9	349	3.54e-189	522
C298__k141_540405_190	B2UQ90	76.4	411	1.30e-242	663
C298__k141_540405_191	B2UPZ1	66.4	453	1.74e-227	628
C298__k141_540405_192	B2UN42	49.4	658	4.51e-218	621
C298__k141_540405_193	B2UM22	56.6	392	4.39e-163	460
C298__k141_540405_194	B2UP50	52.4	368	1.46e-129	372
C298__k141_540405_198	B2UQ36	47.1	34	5.31e-07	39.3
C298__k141_666362_10	B2UM40	27.1	564	1.86e-44	171
C298__k141_666362_16	B2UM34	44.5	308	3.57e-84	256
C298__k141_666362_20	B2UQH2	79.8	188	3.09e-109	306
C298__k141_666362_21	B2URH1	52.0	223	3.16e-84	247
C298__k141_666362_25	B2UKX7	47.9	357	1.64e-108	318
C298__k141_666362_28	B2URP8	54.5	319	1.35e-118	341
C298__k141_417709_2	B2UMF9	67.1	340	2.31e-163	456
C298__k141_417709_3	B2UMG0	66.1	59	2.36e-24	82.4
C298__k141_417709_4	B2UMG1	46.9	160	5.80e-46	144
C298__k141_417709_6	B2ULS8	62.2	723	2.77e-318	879
C298__k141_417709_7	B2UN74	41.4	321	2.09e-86	260
C298__k141_417709_10	B2UMA7	71.3	485	4.40e-263	721
C298__k141_417709_11	B2UQD9	76.9	455	1.09e-261	714
C298__k141_417709_12	B2UNR8	41.1	314	9.67e-69	213
C298__k141_417709_13	B2UNR9	48.6	323	2.39e-100	296
C298__k141_417709_14	B2UR05	51.3	456	1.77e-151	437
C298__k141_417709_15	B2UR04	35.9	167	3.10e-17	76.3
C298__k141_417709_16	B2UNK0	83.8	228	8.05e-148	407
C298__k141_417709_17	B2UNK1	90.1	332	4.27e-220	599
C298__k141_417709_23	B2UNN5	55.7	958	0.0	1019
C298__k141_417709_28	B2UQ39	78.5	507	9.63e-300	815
C298__k141_417709_29	B2UQ38	76.3	482	1.36e-260	714
C298__k141_417709_30	B2URG3	70.8	257	4.72e-134	375
C298__k141_417709_31	B2URI8	42.9	354	4.69e-94	280
C298__k141_417709_32	B2URI9	57.5	348	1.81e-139	396
C298__k141_417709_35	B2UN88	56.3	215	1.49e-83	244
C298__k141_417709_36	B2UN89	72.1	136	1.41e-69	202
C298__k141_417709_40	B2URH0	29.1	282	3.53e-27	102
C298__k141_417709_42	B2URD5	48.1	270	1.43e-74	226
C298__k141_417709_43	B2URI3	62.0	163	1.85e-70	207
C298__k141_417709_44	B2URI2	63.1	252	9.49e-115	326
C298__k141_417709_45	B2URI1	38.6	578	7.20e-124	375
C298__k141_417709_46	B2URI0	36.7	782	9.99e-173	514
C298__k141_417709_47	B2URH9	50.4	141	7.94e-36	117
C298__k141_417709_48	B2URH8	52.0	248	9.52e-84	248
C298__k141_417709_50	B2ULL2	51.3	230	5.37e-76	229
C298__k141_417709_51	B2UNP4	62.0	387	9.03e-191	530
C298__k141_417709_52	B2UL29	53.4	294	2.38e-99	292
C298__k141_417709_53	B2UL30	72.1	358	4.70e-187	518
C298__k141_417709_54	B2URK4	64.8	293	5.85e-134	378
C298__k141_417709_56	B2UNA9	79.8	707	0.0	1100
C298__k141_417709_57	B2UPP9	76.7	283	1.31e-176	485
C298__k141_417709_60	B2ULS2	53.1	501	6.63e-181	516
C298__k141_417709_63	B2UQZ4	52.3	772	5.83e-287	806
C298__k141_417709_66	B2URG5	51.7	561	6.91e-199	564
C298__k141_417709_69	B2URC5	49.6	409	9.69e-140	405
C298__k141_417709_70	B2ULA2	32.3	285	6.23e-37	128
C298__k141_417709_71	B2URJ2	60.5	711	1.43e-315	872
C298__k141_417709_72	B2URJ3	56.5	1460	0.0	1590
C298__k141_417709_73	B2UMZ9	59.0	497	9.84e-207	579
C298__k141_417709_74	B2URJ1	74.2	1062	0.0	1593
C298__k141_417709_75	B2URJ0	60.8	378	5.60e-158	445
C298__k141_417709_76	B2UQJ0	28.6	711	6.17e-72	251
C298__k141_417709_78	B2UL47	48.3	211	1.16e-62	191
C298__k141_417709_79	B2UM75	62.8	121	5.20e-49	150
C298__k141_417709_81	B2UPW9	66.8	196	5.27e-93	266
C298__k141_417709_82	B2UPW8	74.4	469	1.09e-265	726
C298__k141_417709_83	B2UKT9	68.7	582	6.19e-297	815
C298__k141_417709_84	B2UMG2	57.9	114	1.35e-49	150
C298__k141_417709_85	B2UQ54	33.4	305	8.89e-54	176
C298__k141_417709_86	B2UL55	80.4	306	6.28e-171	473
C298__k141_417709_87	B2ULX5	45.5	323	3.15e-91	276
C298__k141_417709_88	B2ULX6	59.3	297	6.16e-127	365
C298__k141_417709_89	B2UM85	56.6	136	7.68e-54	169
C298__k141_417709_90	B2UM84	74.5	903	0.0	1397
C298__k141_417709_93	B2UQ43	42.8	318	2.29e-90	270
C298__k141_417709_94	B2UNX2	51.5	167	1.48e-63	190
C298__k141_417709_97	B2UNT8	50.4	391	2.87e-121	353
C298__k141_417709_99	B2UPG8	68.1	226	5.41e-116	328
C298__k141_417709_100	B2UPG9	35.1	168	4.61e-27	97.1
C298__k141_417709_101	B2UPH0	32.2	304	1.40e-46	156
C298__k141_417709_102	B2UPH1	70.9	151	1.96e-74	216
C298__k141_417709_103	B2ULX1	65.4	514	3.32e-238	660
C298__k141_417709_104	B2ULX0	75.5	531	3.18e-304	829
C298__k141_417709_105	B2ULW9	69.0	245	7.16e-122	343
C298__k141_417709_106	B2UQ69	39.9	621	1.75e-145	444
C298__k141_417709_107	B2ULQ3	48.2	446	6.66e-108	323
C298__k141_417709_108	B2ULQ4	78.1	224	6.88e-126	352
C298__k141_417709_109	B2ULQ5	59.9	454	2.23e-186	523
C298__k141_417709_110	B2ULQ6	46.1	453	3.24e-138	401
C298__k141_417709_111	B2UKX6	52.6	266	1.86e-111	318
C298__k141_417709_114	B2UNV1	52.8	125	1.26e-45	142
C298__k141_417709_115	B2UNV2	60.2	103	5.36e-45	137
C298__k141_417709_116	B2UNV3	89.9	79	4.65e-48	144
C298__k141_417709_119	B2UQS2	80.0	80	1.22e-36	115
C298__k141_417709_122	B2UQS5	58.7	150	1.78e-57	172
C298__k141_417709_124	B2UQS3	50.6	170	1.03e-58	179
C298__k141_417709_127	B2UQB8	52.1	194	5.29e-72	216
C298__k141_417709_129	B2UL83	26.1	685	2.63e-49	182
C298__k141_417709_130	B2UP85	54.6	205	1.86e-74	220
C298__k141_417709_131	B2URH7	56.5	492	2.77e-186	526
C298__k141_417709_133	B2UR39	50.6	919	1.59e-285	810
C298__k141_417709_134	B2UR40	39.2	337	1.50e-64	204
C298__k141_417709_136	B2UR42	42.6	584	1.95e-160	469
C298__k141_417709_137	B2UR43	33.3	159	7.49e-28	104
C298__k141_417709_138	B2UR44	56.8	345	9.76e-148	418
C298__k141_417709_139	B2UR45	49.1	328	1.59e-113	329
C298__k141_417709_140	B2UMD0	50.5	212	4.96e-71	216
C298__k141_417709_141	B2ULS2	56.0	493	2.12e-194	549
C298__k141_417709_142	B2ULS2	53.7	508	2.13e-195	551
C298__k141_417709_143	B2UQD8	72.0	547	1.34e-276	761
C298__k141_417709_145	B2ULH5	34.2	588	2.60e-89	286
C298__k141_417709_146	B2UQT9	75.9	536	1.78e-305	832
C298__k141_417709_147	B2UNC5	52.6	211	6.71e-80	234
C298__k141_417709_148	B2UNC7	52.3	256	7.40e-86	257
C298__k141_417709_155	B2UQS6	54.1	85	1.85e-24	100
C298__k141_417709_160	B2UQS6	32.8	125	8.99e-17	76.6
C298__k141_417709_163	B2UQS6	50.0	80	4.26e-24	95.1
C298__k141_923502_1	B2ULI9	62.1	710	1.41e-315	872
C298__k141_923502_2	B2UNG9	48.1	372	1.28e-118	345
C298__k141_923502_3	B2UNG8	51.0	367	1.11e-138	396
C298__k141_923502_4	B2UNG7	36.7	324	2.04e-59	189
C298__k141_923502_5	B2UMX6	43.8	764	9.61e-190	556
C298__k141_923502_6	B2UL36	45.3	424	3.13e-136	394
C298__k141_923502_8	B2UMN1	38.4	466	5.10e-80	280
C298__k141_923502_9	B2URE0	49.1	342	5.71e-111	323
C298__k141_923502_10	B2URD9	38.0	266	9.59e-49	159
C298__k141_923502_11	B2URD8	51.0	239	5.57e-80	238
C298__k141_923502_12	B2UL43	43.3	307	2.05e-82	248
C298__k141_923502_13	B2UNA6	46.9	627	8.77e-200	582
C298__k141_923502_14	B2UPH2	43.7	325	1.37e-85	257
C298__k141_923502_15	B2UKM4	26.3	476	5.79e-50	176
C298__k141_923502_16	B2UN32	67.6	241	2.93e-117	331
C298__k141_923502_17	B2ULM7	58.5	246	2.91e-94	273
C298__k141_923502_18	B2ULM8	54.6	260	1.54e-89	263
C298__k141_923502_19	B2ULM9	47.9	399	5.29e-116	341
C298__k141_923502_20	B2UPN8	44.7	1167	2.88e-314	913
C298__k141_923502_23	B2UM58	39.2	691	2.50e-156	462
C298__k141_923502_24	B2UL60	43.0	449	3.47e-121	358
C298__k141_923502_25	B2UP06	43.7	158	5.48e-41	131
C298__k141_923502_26	B2UL23	69.2	195	8.93e-99	281
C298__k141_923502_27	B2UL24	67.0	200	8.28e-105	296
C298__k141_923502_28	B2ULZ3	58.8	510	1.33e-208	586
C298__k141_923502_29	B2ULZ4	61.3	191	5.85e-80	233
C298__k141_923502_30	B2UMM2	61.8	275	3.32e-116	332
C298__k141_923502_31	B2UMM1	59.6	445	2.01e-197	551
C298__k141_923502_32	B2ULC3	62.8	145	6.95e-55	166
C298__k141_923502_33	B2ULC4	53.7	218	5.89e-71	213
C298__k141_923502_35	B2UQI3	63.1	425	3.02e-190	531
C298__k141_923502_36	B2UQI4	77.2	324	1.26e-186	513
C298__k141_923502_37	B2UQI5	58.9	309	1.72e-128	366
C298__k141_923502_39	B2UQP2	31.2	250	6.35e-33	121
C298__k141_923502_46	B2UQ91	22.6	323	4.09e-13	66.6
C298__k141_923502_47	B2UM49	41.3	327	6.47e-80	246
C298__k141_923502_49	B2UMJ9	69.1	382	4.59e-182	507
C298__k141_923502_50	B2UM08	36.0	292	2.32e-53	173
C298__k141_923502_51	B2UP59	75.5	330	1.99e-176	489
C298__k141_923502_52	B2UKV6	80.2	640	0.0	989
C298__k141_923502_53	B2UKV7	86.5	96	2.02e-54	160
C298__k141_923502_54	B2UKV8	83.9	552	5.54e-319	867
C298__k141_923502_56	B2ULK6	66.4	384	1.04e-182	508
C298__k141_923502_57	B2ULM6	54.2	480	2.50e-199	558
C298__k141_923502_58	B2UR62	45.2	409	8.46e-123	365
C298__k141_923502_59	B2UP73	71.2	479	3.27e-248	683
C298__k141_923502_67	B2UMW8	44.9	245	1.19e-62	193
C298__k141_923502_68	B2UMW7	30.5	1011	5.03e-127	405
C298__k141_923502_69	B2UMW9	39.8	678	7.39e-161	478
C298__k141_556585_3	B2UMI5	26.9	521	4.84e-06	48.5
C298__k141_556585_6	B2URC3	48.6	37	2.48e-06	40.8
C298__k141_556585_9	B2UQ40	51.1	188	2.83e-48	152
C298__k141_556585_12	B2UNM1	45.2	573	2.59e-169	499
C298__k141_556585_13	B2UQT6	57.7	376	1.28e-152	434
C298__k141_556585_14	B2UNU0	68.1	370	4.93e-183	508
C298__k141_556585_15	B2UNT9	61.0	213	1.56e-85	249
C298__k141_556585_22	B2UN02	32.5	693	1.08e-87	290
C298__k141_556585_23	B2UQ86	48.7	238	7.57e-73	220
C298__k141_556585_27	B2UNS4	57.9	285	2.84e-123	351
C298__k141_556585_29	B2UNC2	70.0	257	7.00e-132	370
C298__k141_556585_30	B2UNC3	57.5	456	2.31e-207	578
C298__k141_556585_32	B2UQW7	76.4	165	5.54e-95	269
C298__k141_556585_40	B2URH6	61.4	145	1.03e-63	188
C298__k141_556585_41	B2UMN6	80.6	525	0.0	884
C298__k141_556585_43	B2ULK5	38.3	214	1.04e-42	140
C298__k141_556585_44	B2ULK4	41.1	263	8.76e-74	225
C298__k141_556585_45	B2UNP6	42.4	347	9.65e-82	248
C298__k141_556585_47	B2UNP7	36.3	193	2.88e-35	119
C298__k141_556585_51	B2UPG6	44.8	87	2.90e-19	72.8
C298__k141_556585_52	B2UKX5	34.3	251	1.33e-40	139
C298__k141_556585_53	B2URC6	35.8	257	8.25e-42	145
C298__k141_556585_58	B2UPD6	40.9	903	2.13e-236	705
C298__k141_556585_59	B2UM30	38.1	544	9.82e-98	303
C298__k141_556585_61	B2ULK8	59.1	186	1.84e-80	234
C298__k141_556585_62	B2UNT5	55.7	449	8.96e-182	511
C298__k141_556585_63	B2UQN4	41.1	518	1.42e-139	409
C298__k141_556585_64	B2UQN5	59.9	695	4.33e-287	798
C298__k141_556585_65	B2ULM1	37.8	164	1.88e-30	105
C298__k141_557158_6	B2UQT2	63.7	267	2.31e-130	367
C298__k141_557158_7	B2UQT1	49.4	83	1.46e-17	67.4
C298__k141_557158_12	B2UPA4	58.1	382	9.25e-162	455
C298__k141_557158_15	B2UPJ1	62.0	379	6.80e-159	447
C298__k141_557158_16	B2UPJ0	69.8	328	2.28e-161	451
C298__k141_557158_27	B2UQG6	34.7	524	1.47e-96	303
C298__k141_557158_31	B2UMD6	65.1	241	2.57e-107	327
C298__k141_557158_32	B2UMD7	88.0	50	2.60e-28	91.7
C298__k141_557158_38	B2UP07	25.5	428	1.42e-17	84.0
C298__k141_557158_42	B2ULK7	68.0	150	2.75e-77	223
C298__k141_557158_43	B2UPP6	76.5	422	7.22e-246	672
C298__k141_557158_44	B2ULU7	38.7	204	1.29e-42	146
C298__k141_557158_45	B2URH8	34.3	102	4.61e-06	42.0
C298__k141_557158_48	B2UN73	36.9	597	3.68e-115	362
C298__k141_557158_49	B2UN73	36.4	593	4.13e-113	357
C298__k141_557158_51	B2URF8	53.6	371	1.52e-133	383
C298__k141_557158_52	B2UL76	39.8	382	3.17e-85	260
C298__k141_557158_53	B2UPP1	76.1	180	1.38e-92	265
C298__k141_557158_56	B2UQW8	62.3	671	3.85e-296	819
C298__k141_557158_57	B2UNQ8	62.4	1262	0.0	1515
C298__k141_557158_60	B2ULZ6	26.5	1035	6.84e-67	240
C298__k141_557158_63	B2UM88	61.3	408	1.62e-187	523
C298__k141_557158_64	B2UM87	42.2	128	1.26e-32	110
C298__k141_557158_65	B2UM86	42.9	175	1.69e-46	150
C298__k141_557158_68	B2ULL3	63.1	141	2.24e-63	187
C298__k141_557158_69	B2UN99	69.7	436	1.26e-237	655
C298__k141_557158_70	B2UP07	33.1	797	3.94e-115	375
C298__k141_435317_4	B2UPV7	58.0	352	1.75e-136	389
C298__k141_435317_5	B2UPV6	66.6	1082	0.0	1386
C298__k141_435317_6	B2UQ05	38.6	345	5.77e-72	224
C298__k141_435317_7	B2ULN0	48.2	336	2.97e-107	313
C298__k141_435317_8	B2UKX2	26.9	428	6.85e-43	151
C298__k141_435317_11	B2UMP9	51.4	257	8.96e-88	268
C298__k141_435317_12	B2ULX9	41.5	224	5.01e-48	160
C298__k141_435317_13	B2ULY0	61.4	259	5.10e-70	213
C298__k141_435317_14	B2ULY1	28.8	302	6.97e-27	103
C298__k141_435317_15	B2ULY2	48.4	546	2.05e-158	459
C298__k141_435317_17	B2UNE5	48.3	646	1.42e-178	516
C298__k141_435317_18	B2UNJ6	36.4	275	7.48e-53	170
C298__k141_435317_19	B2UNJ5	67.9	358	1.80e-172	481
C298__k141_435317_20	B2UR16	40.4	624	8.84e-146	433
C298__k141_435317_21	B2UQ93	69.2	143	1.35e-70	205
C298__k141_435317_22	B2ULR7	66.9	522	6.58e-254	701
C298__k141_435317_23	B2UPW6	49.2	309	1.51e-94	281
C298__k141_435317_24	B2UPW7	49.8	211	5.54e-67	201
C298__k141_435317_25	B2UNA3	53.7	188	1.13e-70	211
C298__k141_435317_26	B2UQP6	62.3	167	1.04e-70	211
C298__k141_435317_27	B2UQ41	45.7	208	3.75e-72	214
C298__k141_435317_31	B2UN58	57.9	492	3.97e-193	542
C298__k141_435317_32	B2UN57	55.4	563	5.86e-205	578
C298__k141_435317_33	B2UN56	52.4	689	4.62e-281	785
C298__k141_435317_34	B2UN55	67.6	321	6.79e-160	446
C298__k141_435317_35	B2UN54	71.1	336	1.69e-173	482
C298__k141_435317_36	B2UQQ7	46.8	188	1.37e-54	170
C298__k141_563334_8	B2UNK9	63.1	377	1.37e-170	478
C298__k141_563334_11	B2UMK1	62.0	100	2.48e-42	132
C298__k141_563334_13	B2UQ85	57.8	344	2.71e-147	416
C298__k141_563334_14	B2UQ84	76.6	364	1.66e-200	552
C298__k141_563334_15	B2UQ11	71.6	250	5.27e-124	349
C298__k141_563334_16	B2UQ10	73.3	374	1.17e-194	561
C298__k141_563334_17	B2UR58	68.7	377	2.80e-194	537
C298__k141_563334_18	B2URJ4	48.7	618	1.86e-186	538
C298__k141_563334_19	B2URJ5	58.6	70	3.35e-29	97.1
C298__k141_563334_20	B2URJ6	48.6	105	2.31e-27	95.1
C298__k141_563334_21	B2URJ7	91.8	61	6.88e-35	108
C298__k141_563334_22	B2UM24	50.3	195	1.44e-64	194
C298__k141_563334_23	B2UME3	66.2	157	1.05e-76	222
C298__k141_563334_24	B2UNH4	64.9	950	0.0	1244
C298__k141_563334_25	B2UNH3	64.5	124	5.28e-62	182
C298__k141_563334_26	B2UNH2	71.9	360	1.12e-203	560
C298__k141_563334_28	B2UR34	75.9	162	8.68e-94	268
C298__k141_563334_29	B2UM00	55.9	447	5.99e-157	451
C298__k141_936336_4	B2UM93	86.7	113	1.24e-68	198
C298__k141_936336_5	B2ULZ5	57.5	280	1.08e-121	346
C298__k141_936336_6	B2UKZ6	74.4	344	6.90e-187	516
C298__k141_936336_12	B2UPQ0	51.5	307	2.88e-106	311
C298__k141_196542_3	B2URF2	35.2	406	3.73e-67	236
C298__k141_196542_5	B2URG0	34.6	722	5.72e-153	463
C298__k141_196542_6	B2UNV9	66.5	483	4.00e-253	696
C298__k141_196542_9	B2UNV0	39.5	223	5.00e-53	170
C298__k141_196542_10	B2UME1	82.2	561	0.0	907
C298__k141_196542_12	B2UL66	73.5	306	1.46e-169	470
C298__k141_196542_18	B2UPH5	79.2	1064	0.0	1681
C298__k141_196542_20	B2UPE6	45.6	195	6.42e-48	152
C298__k141_196542_21	B2UPE5	60.0	508	1.77e-227	634
C298__k141_196542_22	B2UNL4	33.4	329	1.11e-51	170
C298__k141_196542_23	B2UQR7	58.9	703	1.08e-257	726
C298__k141_196542_24	B2UQR6	71.2	389	3.30e-202	558
C298__k141_196542_25	B2URM2	47.2	271	5.34e-66	203
C298__k141_196542_26	B2URM1	64.6	189	3.45e-88	254
C298__k141_196542_27	B2URM0	60.1	356	3.73e-161	452
C298__k141_196542_28	B2URL9	28.9	273	7.02e-37	129
C298__k141_196542_29	B2UPX4	61.7	264	1.05e-108	311
C298__k141_196542_30	B2UNT6	27.2	191	4.82e-16	71.6
C298__k141_196542_31	B2UL99	74.7	360	9.83e-193	532
C298__k141_196542_32	B2ULA0	44.9	305	4.52e-82	246
C298__k141_196542_33	B2UNJ3	74.1	425	6.25e-232	637
C298__k141_196542_35	B2ULN7	49.2	472	1.99e-135	395
C298__k141_196542_36	B2ULN8	58.2	479	1.62e-177	503
C298__k141_196542_37	B2ULN9	65.3	597	3.63e-284	784
C298__k141_196542_38	B2ULY3	62.9	105	2.68e-38	120
C298__k141_196542_39	B2ULY4	37.7	231	4.66e-39	130
C298__k141_196542_40	B2ULY5	56.1	187	8.92e-65	194
C298__k141_196542_41	B2ULY6	63.1	423	1.22e-192	536
C298__k141_196542_42	B2ULY7	53.7	566	3.90e-224	629
C298__k141_196542_43	B2ULY8	67.2	464	1.13e-249	685
C298__k141_196542_44	B2ULY9	58.8	182	2.79e-78	228
C298__k141_196542_45	B2ULZ0	70.1	415	2.39e-216	596
C298__k141_196542_54	B2ULK0	33.2	386	2.39e-71	225
C298__k141_196542_55	B2UMC4	39.7	239	1.09e-40	137
C298__k141_70658_1	B2UR84	50.5	111	5.99e-32	119
C298__k141_70658_3	B2ULS5	48.5	206	1.26e-75	226
C298__k141_70658_4	B2UQK1	66.4	916	0.0	1231
C298__k141_70658_5	B2UL11	51.2	330	8.28e-120	345
C298__k141_70658_6	B2ULQ7	47.4	369	6.58e-126	364
C298__k141_70658_8	B2URD7	48.8	654	3.50e-220	626
C298__k141_70658_9	B2UQG5	61.6	365	1.26e-168	473
C298__k141_70658_12	B2ULD6	42.5	292	1.53e-52	194
C298__k141_70658_13	B2UPS1	41.4	58	9.89e-10	49.7
C298__k141_580373_4	B2UMS7	72.1	891	0.0	1340
C298__k141_580373_7	B2UP52	49.4	413	3.42e-140	404
C298__k141_580373_8	B2UN46	71.3	630	0.0	922
C298__k141_580373_9	B2UQA2	83.8	253	1.99e-154	426
C298__k141_580373_10	B2UL91	40.8	245	5.32e-55	172
C298__k141_580373_11	B2UP76	55.3	351	9.17e-137	389
C298__k141_580373_12	B2UP93	57.2	145	2.42e-55	169
C298__k141_580373_13	B2UMP3	79.2	327	7.62e-190	522
C298__k141_580373_14	B2UMP2	53.2	293	2.44e-106	308
C298__k141_580373_16	B2UMP0	52.0	323	1.60e-105	308
C298__k141_580373_17	B2UMN9	42.6	476	5.74e-108	343
C298__k141_580373_18	B2UMN8	33.6	815	4.95e-127	396
C298__k141_580373_19	B2UQP2	31.1	222	1.23e-33	123
C298__k141_580373_21	B2UQP2	33.0	227	5.08e-36	130
C298__k141_580373_22	B2UQ58	35.0	223	1.14e-36	132
C298__k141_76108_1	B2UP47	55.8	104	8.50e-39	122
C298__k141_76108_2	B2UP48	53.2	312	2.37e-121	347
C298__k141_76108_3	B2UP49	44.3	1139	3.27e-307	882
C298__k141_76108_4	B2UN48	56.1	173	1.28e-62	191
C298__k141_76108_6	B2UN50	29.7	367	9.92e-29	110
C298__k141_76108_7	B2UN24	42.0	281	3.33e-76	231
C298__k141_76108_10	B2UKT4	66.6	946	0.0	1255
C298__k141_76108_13	B2ULB5	28.8	292	4.65e-36	130
C298__k141_76108_14	B2ULB6	58.2	847	0.0	915
C298__k141_76108_15	B2UNX0	42.2	374	3.92e-95	285
C298__k141_76108_17	B2UQZ6	67.8	286	6.16e-149	417
C298__k141_76108_19	B2UMA5	68.1	320	7.09e-164	456
C298__k141_76108_20	B2UQG6	35.4	509	1.01e-93	292
C298__k141_76108_21	B2UMA6	59.1	232	4.61e-105	300
C298__k141_76108_22	B2ULS2	31.3	496	2.08e-56	192
C298__k141_76108_24	B2URH2	36.9	509	1.03e-88	277
C298__k141_76108_25	B2ULM4	74.4	359	6.89e-202	555
C298__k141_76108_26	B2UM23	66.3	83	1.06e-27	92.8
C298__k141_76108_29	B2UMG3	57.8	353	2.11e-135	386
C298__k141_76108_30	B2UMG4	50.9	165	5.94e-52	160
C298__k141_76108_33	B2UPT2	31.7	1147	1.16e-133	445
C298__k141_588353_2	B2UPU5	35.3	431	9.85e-76	241
C298__k141_588353_5	B2UL92	75.6	504	8.30e-293	797
C298__k141_588353_6	B2UMH6	66.2	429	7.47e-191	533
C298__k141_588353_9	B2UMC3	73.3	165	1.15e-88	253
C298__k141_588353_11	B2UQL4	53.6	836	8.60e-308	862
C298__k141_588353_14	B2UP40	38.2	387	1.69e-91	278
C298__k141_588353_15	B2UMD2	62.9	469	1.74e-219	609
C298__k141_588353_16	B2UM33	77.0	639	0.0	1009
C298__k141_588353_17	B2ULG6	37.8	333	4.62e-52	177
C298__k141_588353_18	B2UMS4	35.4	226	2.71e-29	107
C298__k141_588353_19	B2UR64	43.3	372	1.98e-90	281
C298__k141_588353_20	B2UR65	38.2	518	2.85e-95	294
C298__k141_588353_21	B2UR65	39.8	525	7.77e-99	304
C298__k141_588353_23	B2UL20	76.7	309	2.69e-174	481
C298__k141_588353_24	B2UL21	53.0	185	4.07e-59	180
C298__k141_588353_26	B2UR37	67.4	417	1.48e-203	568
C298__k141_588353_27	B2UR38	45.0	200	8.53e-57	175
C298__k141_588353_28	B2UQ98	75.0	1183	0.0	1796
C298__k141_588353_29	B2UR20	69.2	536	1.22e-274	754
C298__k141_588353_30	B2UR19	63.5	241	7.15e-113	328
C298__k141_588353_31	B2UMJ0	50.9	230	3.55e-77	229
C298__k141_588353_32	B2UMI9	34.7	357	2.82e-64	214
C298__k141_588353_33	B2ULH4	96.3	54	1.77e-32	105
C298__k141_588353_34	B2ULH3	56.9	376	2.10e-149	424
C298__k141_588353_35	B2UQS0	40.8	358	6.24e-87	264
C298__k141_588353_36	B2UQS1	64.5	234	8.82e-103	295
C298__k141_588353_37	B2URG8	69.8	378	2.05e-179	535
C298__k141_588353_38	B2URG7	52.9	102	1.06e-32	106
C298__k141_588353_39	B2UPF3	60.5	605	4.36e-265	736
C298__k141_588353_40	B2UND2	62.5	349	4.85e-95	283
C298__k141_588353_41	B2UND1	44.8	181	2.32e-43	140
C298__k141_588353_42	B2UND0	55.7	282	9.22e-105	303
C298__k141_588353_43	B2UNC9	68.7	217	1.00e-108	308
C298__k141_588353_50	B2UR63	48.8	170	1.42e-55	169
C298__k141_588353_51	B2UM13	52.4	580	3.65e-216	610
C298__k141_588353_52	B2UM89	37.6	580	8.29e-112	342
C298__k141_588353_53	B2UP17	65.8	199	4.58e-92	265
C298__k141_588353_54	B2UP18	59.5	220	6.12e-92	265
C298__k141_588353_60	B2ULE2	42.6	737	2.03e-183	533
C298__k141_588353_65	B2UPY5	51.8	655	1.59e-226	642
C298__k141_588353_66	B2UPD2	62.1	95	3.25e-38	121
C298__k141_588353_67	B2UL98	55.2	455	1.38e-173	492
C298__k141_588353_68	B2UNI9	62.4	178	1.41e-80	233
C298__k141_588353_69	B2UL85	70.4	453	1.37e-224	621
C298__k141_588353_71	B2URM9	26.9	271	4.95e-25	103
C298__k141_588353_73	B2UQT0	52.6	234	8.68e-81	238
C298__k141_588353_74	B2UQS9	79.3	652	0.0	1092
C298__k141_588353_75	B2UQS8	81.3	251	1.76e-152	421
C298__k141_588353_76	B2UNU8	52.5	726	7.03e-272	766
C298__k141_588353_85	B2UM12	54.2	432	4.07e-165	469
C298__k141_588353_88	B2UKW0	49.6	740	2.81e-229	655
C298__k141_588353_89	B2UP91	55.0	369	6.31e-152	430
C298__k141_588353_90	B2ULD6	46.8	284	1.03e-82	264
C298__k141_588353_91	B2UKZ2	53.7	460	1.65e-166	473
C298__k141_588353_92	B2UKZ1	54.8	230	4.97e-92	266
C298__k141_588353_93	B2UKZ0	53.4	249	5.06e-88	258
C298__k141_588353_95	B2UML5	61.0	136	2.20e-53	161
C298__k141_588353_96	B2UML6	69.8	301	2.87e-148	415
C298__k141_588353_97	B2UQT7	71.2	243	2.55e-118	334
C298__k141_588353_98	B2UNQ8	28.4	211	7.11e-22	89.4
C298__k141_588353_101	B2UP69	56.0	1045	0.0	1065
C298__k141_588353_102	B2UP68	40.7	349	1.02e-83	256
C298__k141_588353_104	B2URC9	87.4	87	1.51e-52	155
C298__k141_588353_106	B2UR21	68.2	192	6.54e-89	256
C298__k141_588353_107	B2ULB7	47.3	822	1.29e-297	837
C298__k141_588353_108	B2UPB5	63.2	253	6.87e-108	309
C298__k141_588353_109	B2UPB6	40.6	762	2.90e-190	559
C298__k141_588353_111	B2UL67	45.6	353	5.00e-112	328
C298__k141_589226_9	B2UN63	66.8	530	2.57e-258	714
C298__k141_589226_10	B2UMD9	73.8	324	3.84e-178	494
C298__k141_589226_11	B2UMD8	69.8	222	4.66e-109	312
C298__k141_589226_14	B2UPU8	73.2	585	0.0	879
C298__k141_589226_15	B2UPU7	29.9	471	5.73e-64	218
C298__k141_589226_16	B2UPF4	61.9	210	9.24e-88	254
C298__k141_589226_17	B2UPF5	59.5	200	1.57e-78	230
C298__k141_589226_18	B2UPF6	47.4	346	2.14e-108	317
C298__k141_589226_19	B2UN97	63.0	432	5.81e-189	529
C298__k141_589226_20	B2URE3	75.4	297	2.01e-163	452
C298__k141_589226_21	B2UMH7	37.2	298	4.61e-65	203
C298__k141_589226_22	B2UP16	66.1	254	4.83e-119	337
C298__k141_589226_23	B2UP15	54.4	160	5.11e-48	150
C298__k141_589226_24	B2UP14	49.7	155	2.26e-45	142
C298__k141_589226_25	B2UP12	31.6	1091	4.49e-142	450
C298__k141_589226_28	B2URM9	27.1	792	8.33e-69	247
C298__k141_589226_29	B2UNH0	50.8	303	5.61e-90	267
C298__k141_589226_35	B2UNW9	29.0	248	8.01e-30	114
C298__k141_589226_39	B2UPB8	47.8	186	1.84e-53	169
C298__k141_589226_42	B2UPJ3	33.0	109	5.36e-12	61.6
C298__k141_589226_45	B2UPJ3	49.5	97	3.35e-22	91.7
C298__k141_589226_46	B2UPM6	30.3	383	8.73e-27	106
C298__k141_589226_48	B2UQ58	32.0	125	1.47e-15	72.8
C298__k141_589226_49	B2UPM7	35.1	510	3.56e-97	300
C298__k141_589226_51	B2UMI8	50.9	57	2.11e-15	66.2
C298__k141_589226_55	B2URG0	44.1	848	3.23e-252	722
C298__k141_589226_62	B2URB1	59.1	374	8.09e-165	464
C298__k141_589226_64	B2UQH5	52.1	549	1.49e-184	527
C298__k141_589226_65	B2UQH6	54.4	261	2.59e-105	303
C298__k141_589226_66	B2UQH7	38.2	246	1.98e-65	201
C298__k141_589226_68	B2UR67	61.7	447	2.24e-198	554
C298__k141_589226_69	B2URG2	74.0	604	0.0	903
C298__k141_589226_70	B2UNP3	66.8	295	4.03e-146	409
C298__k141_589226_72	B2UM34	35.2	389	2.99e-74	233
C298__k141_589226_74	B2UR70	44.4	90	1.33e-14	69.7
C298__k141_589226_75	B2UR69	54.7	86	6.95e-29	95.9
C298__k141_589226_76	B2UR68	35.5	169	3.58e-29	101
C298__k141_589226_77	B2ULK9	79.6	152	4.39e-87	248
C298__k141_589226_78	B2ULL0	62.1	66	7.68e-22	78.6
C298__k141_589226_80	B2UQ37	52.6	156	1.01e-53	164
C298__k141_589226_81	B2UKM5	46.4	69	4.00e-20	72.8
C298__k141_589226_82	B2URC7	56.0	534	4.19e-230	641
C298__k141_589226_83	B2UPT1	44.0	325	1.28e-88	265
C298__k141_589226_85	B2UPK8	43.3	252	3.02e-63	195
C298__k141_589226_87	B2UQV7	52.4	103	2.64e-37	118
C298__k141_589226_88	B2UP64	71.9	398	2.35e-204	568
C298__k141_589226_91	B2ULR8	67.5	342	2.32e-176	490
C298__k141_589226_94	B2ULI5	55.4	121	2.58e-44	137
C298__k141_589226_95	B2UKZ7	65.9	411	5.41e-196	545
C298__k141_589226_96	B2UM21	46.7	345	8.26e-107	313
C298__k141_589226_100	B2UNG6	44.2	339	1.28e-100	297
C298__k141_589226_103	B2UML3	64.5	665	0.0	922
C298__k141_589226_109	B2UR60	55.9	349	3.02e-141	405
C298__k141_589226_113	B2UM60	33.7	356	4.61e-36	142
C298__k141_589226_115	B2UQR9	53.9	306	2.11e-117	337
C298__k141_589226_116	B2UM09	51.7	853	1.15e-300	846
C298__k141_589226_117	B2UPK7	52.1	211	3.64e-71	213
C298__k141_589226_118	B2UMY5	30.6	242	1.47e-27	103
C298__k141_589226_119	B2UMY4	87.5	271	3.88e-181	496
C298__k141_589226_120	B2UR61	58.0	773	0.0	905
C298__k141_589226_121	B2UQ87	62.4	511	2.81e-225	627
C298__k141_589226_123	B2UQF3	54.2	710	5.55e-277	775
C298__k141_958820_1	B2UMG7	64.2	148	1.78e-70	206
C298__k141_958820_2	B2UMY0	53.2	111	7.16e-39	123
C298__k141_958820_3	B2UMY1	53.7	779	6.70e-272	768
C298__k141_958820_4	B2ULU8	84.5	406	2.13e-269	730
C298__k141_958820_8	B2UNZ8	65.6	666	0.0	889
C298__k141_958820_9	B2UPC4	56.1	196	6.29e-72	214
C298__k141_958820_10	B2UNA8	24.5	416	2.99e-29	114
C298__k141_958820_15	B2UL38	56.1	189	1.11e-69	207
C298__k141_958820_16	B2UL37	46.5	288	3.73e-85	253
C298__k141_958820_17	B2UKW8	77.6	398	6.74e-223	612
C298__k141_958820_18	B2UKW7	80.5	333	1.06e-201	553
C298__k141_958820_19	B2UMX0	48.6	288	3.51e-88	261
C298__k141_958820_21	B2UNH7	47.9	714	1.47e-191	557
C298__k141_958820_22	B2UL64	33.9	708	3.72e-118	364
C298__k141_958820_23	B2UL63	46.9	503	9.00e-166	476
C298__k141_958820_24	B2UL62	66.5	260	1.74e-127	358
C298__k141_958820_25	B2UL61	72.6	314	3.72e-162	451
C298__k141_958820_32	B2UP27	83.5	425	5.98e-268	728
C298__k141_958820_33	B2UQJ2	65.9	226	2.69e-99	286
C298__k141_958820_36	B2UMZ8	44.3	305	1.15e-73	225
C298__k141_958820_39	B2UQM1	43.6	298	6.01e-74	225
C298__k141_958820_40	B2UQ25	62.6	278	2.07e-131	371
C298__k141_958820_41	B2UPQ0	75.6	324	1.69e-179	496
C298__k141_958820_42	B2UPQ1	53.2	293	1.26e-108	314
C298__k141_958820_43	B2ULT5	34.5	663	2.43e-135	409
C298__k141_958820_44	B2ULT6	46.1	731	8.80e-231	658
C298__k141_958820_46	B2ULB3	58.6	278	2.95e-110	317
C298__k141_958820_47	B2ULB2	55.2	250	1.38e-99	288
C298__k141_958820_49	B2ULB0	40.6	352	4.94e-83	252
C298__k141_958820_50	B2UQL0	58.9	175	2.58e-71	210
C298__k141_958820_51	B2UQ09	49.8	231	2.78e-80	236
C298__k141_958820_52	B2UN23	34.9	347	6.82e-55	179
C298__k141_958820_54	B2UP25	85.4	89	7.62e-50	149
C298__k141_958820_55	B2UP23	50.1	427	5.79e-130	380
C298__k141_958820_56	B2UP22	53.6	209	2.62e-72	215
C298__k141_958820_57	B2UMX5	64.4	135	1.18e-62	184
C298__k141_958820_58	B2ULD4	42.5	870	9.15e-233	675
C298__k141_958820_59	B2ULF1	66.3	205	1.70e-96	277
C298__k141_958820_60	B2UPY3	62.0	458	3.05e-212	590
C298__k141_958820_61	B2UPY2	65.6	291	8.57e-142	397
C298__k141_958820_62	B2UNP2	34.9	418	1.63e-84	269
C298__k141_958820_63	B2UNY2	54.6	648	1.88e-242	695
C298__k141_958820_64	B2ULV5	65.3	646	1.78e-306	844
C298__k141_958820_65	B2UNA1	63.5	1177	0.0	1476
C298__k141_958820_69	B2UR29	35.4	729	3.90e-126	389
C298__k141_958820_71	B2ULR5	83.3	120	8.90e-66	192
C298__k141_958820_72	B2ULR4	53.3	169	1.79e-52	162
C298__k141_958820_73	B2ULR3	78.1	306	6.37e-175	483
C298__k141_958820_74	B2ULR2	51.8	421	1.44e-144	415
C298__k141_958820_75	B2ULR1	50.9	228	3.23e-78	231
C298__k141_958820_76	B2UPX3	48.4	376	3.16e-128	371
C298__k141_958820_77	B2UP60	57.4	148	5.81e-52	159
C298__k141_958820_78	B2UPS6	61.1	149	1.37e-64	191
C298__k141_465240_2	B2UP58	29.4	419	7.03e-49	175
C298__k141_465240_3	B2UPE1	76.5	293	5.76e-161	446
C298__k141_465240_4	B2UNL7	44.6	213	1.64e-65	199
C298__k141_465240_5	B2UM07	55.5	699	2.58e-250	707
C298__k141_465240_6	B2UN27	76.1	92	4.01e-45	137
C298__k141_465240_7	B2UQW6	54.5	253	8.86e-104	298
C298__k141_465240_10	B2ULP2	56.1	330	5.69e-114	342
C298__k141_465240_11	B2ULP3	35.2	210	2.82e-28	105
C298__k141_465240_12	B2ULP4	73.7	262	9.35e-138	385
C298__k141_465240_13	B2ULP5	82.7	81	4.19e-47	141
C298__k141_465240_14	B2ULP6	96.5	57	6.36e-36	111
C298__k141_465240_15	B2ULP7	67.4	178	2.55e-76	225
C298__k141_465240_16	B2ULD2	55.7	167	3.35e-70	206
C298__k141_465240_17	B2UNE8	71.4	391	7.34e-209	576
C298__k141_465240_18	B2UNE7	75.6	561	0.0	895
C298__k141_465240_19	B2ULN1	49.4	449	3.27e-159	455
C298__k141_465240_20	B2ULP9	47.0	315	5.12e-83	251
C298__k141_465240_21	B2UMI2	45.4	727	1.42e-215	619
C298__k141_465240_23	B2UM02	69.7	551	2.08e-249	701
C298__k141_465240_25	B2ULV3	50.5	400	3.77e-146	417
C298__k141_465240_27	B2UQA1	53.1	697	5.04e-275	769
C298__k141_465240_28	B2UQZ3	38.7	434	1.54e-102	309
C298__k141_465240_29	B2UQZ2	88.5	191	1.81e-123	344
C298__k141_465240_30	B2UQZ1	60.0	447	7.22e-172	486
C298__k141_465240_31	B2UQZ0	64.8	355	2.47e-159	447
C298__k141_465240_32	B2ULC9	56.0	252	5.49e-97	281
C298__k141_465240_33	B2ULD0	48.0	173	5.12e-54	166
C298__k141_465240_34	B2UNH9	43.5	255	5.46e-74	223
C298__k141_465240_35	B2UNL6	46.4	289	7.45e-91	268
C298__k141_465240_38	B2UPG0	41.0	261	1.32e-57	189
C298__k141_465240_56	B2UNB3	37.2	519	4.41e-98	305
C298__k141_465240_63	B2UKR9	39.1	115	3.86e-25	89.7
C298__k141_465240_79	B2UPU5	65.9	443	4.99e-221	610
C298__k141_465240_80	B2URK9	73.9	306	1.10e-159	444
C298__k141_465240_81	B2URK8	63.4	462	2.76e-205	572
C298__k141_465240_83	B2UPD5	61.1	396	1.64e-177	497
C298__k141_465240_84	B2UPD4	31.6	231	9.01e-34	118
C298__k141_465240_85	B2UKT5	54.9	275	2.04e-108	312
C298__k141_465240_89	B2ULB7	30.2	679	2.98e-93	306
C298__k141_465240_92	B2ULW1	33.5	322	8.87e-68	212
C298__k141_465240_93	B2ULW0	63.4	254	1.04e-108	311
C298__k141_465240_94	B2ULV9	63.6	258	1.45e-108	311
C298__k141_465240_95	B2UP57	54.4	482	4.02e-188	531
C298__k141_465240_96	B2ULN6	54.9	275	4.23e-105	305
C298__k141_465240_98	B2UR83	47.6	275	1.11e-75	244
C298__k141_465240_107	B2UPW5	86.1	330	1.01e-202	556
C298__k141_465240_110	B2UPE4	25.3	802	3.88e-32	134
C298__k141_465240_111	B2UN40	52.1	430	4.86e-139	408
C298__k141_221452_2	B2ULJ2	53.6	472	6.77e-189	531
C298__k141_221452_3	B2UNG5	85.6	125	2.04e-72	208
C298__k141_221452_4	B2UNG4	75.5	188	9.14e-91	259
C298__k141_221452_5	B2UNG3	79.3	203	2.67e-117	328
C298__k141_221452_6	B2URH5	81.1	127	3.68e-69	201
C298__k141_221452_7	B2URH4	81.8	137	1.58e-82	235
C298__k141_221452_9	B2UNE5	34.7	101	9.56e-08	50.4
C298__k141_221452_11	B2UP32	49.1	293	1.32e-87	261
C298__k141_221452_12	B2UNZ5	59.7	278	1.32e-112	323
C298__k141_221452_13	B2UMD4	56.7	60	2.23e-18	69.3
C298__k141_221452_15	B2UQV9	50.0	196	9.44e-59	179
C298__k141_221452_16	B2UNB6	46.8	252	3.04e-81	241
C298__k141_221452_17	B2URD1	55.0	140	1.18e-48	150
C298__k141_221452_18	B2URD2	58.2	349	9.63e-139	395
C298__k141_221452_19	B2URD3	54.0	237	9.46e-95	274
C298__k141_221452_20	B2URD4	77.2	610	0.0	942
C298__k141_221452_21	B2UP90	65.4	439	1.74e-202	565
C298__k141_961788_1	B2UQS7	46.6	88	8.61e-23	94.4
C298__k141_961788_4	B2URF0	79.9	612	0.0	1060
C298__k141_961788_6	B2UL90	26.3	205	2.38e-20	82.8
C298__k141_961788_7	B2UN92	50.1	349	2.28e-109	325
C298__k141_961788_8	B2UQV8	31.3	262	1.49e-34	121
C298__k141_961788_10	B2UL14	48.0	400	3.38e-120	353
C298__k141_961788_11	B2UL15	64.9	445	4.57e-213	592
C298__k141_961788_12	B2UL16	34.4	186	1.65e-31	110
C298__k141_961788_13	B2UQA8	40.0	458	8.03e-101	308
C298__k141_962093_1	B2URM9	49.0	429	1.76e-135	417
C298__k141_962093_2	B2UNB0	68.3	82	7.32e-36	113
C298__k141_962093_3	B2UQP8	51.0	449	8.78e-157	450
C298__k141_962093_5	B2UM60	30.4	372	5.21e-34	136
C298__k141_962093_7	B2ULZ6	30.7	825	5.95e-95	321
C298__k141_962093_8	B2UPC3	35.3	238	2.85e-40	134
C298__k141_962093_9	B2UNZ1	61.9	323	1.71e-137	389
C298__k141_962093_11	B2UKY3	30.5	295	1.20e-48	162
C298__k141_962093_13	B2UN02	54.7	660	7.37e-272	758
C298__k141_962093_14	B2ULI0	50.4	228	1.73e-84	249
C298__k141_962093_16	B2UNH5	22.7	343	4.10e-08	50.4
C298__k141_962093_17	B2UQG9	60.2	113	7.53e-36	116
C298__k141_962093_18	B2UKX0	54.3	617	4.52e-259	723
C298__k141_962093_19	B2UQI8	68.7	1027	0.0	1363
C298__k141_962093_20	B2UQI7	51.8	363	1.05e-121	355
C298__k141_962093_26	B2UL72	27.8	428	3.28e-32	122
C298__k141_962093_27	B2UM56	47.9	311	2.09e-89	268
C298__k141_962093_28	B2UM57	51.0	866	5.15e-304	855
C298__k141_962093_29	B2UPV4	33.2	184	4.08e-23	95.5
C298__k141_962093_38	B2UM55	68.8	340	2.28e-160	449
C298__k141_962093_39	B2UM54	52.1	242	1.51e-81	241
C298__k141_962093_40	B2UM53	49.3	274	5.63e-93	272
C298__k141_962093_41	B2UM52	46.5	198	9.71e-53	164
C298__k141_962093_43	B2URC2	36.6	410	2.40e-79	252
C298__k141_962093_44	B2URB1	43.3	390	6.53e-109	322
C298__k141_962093_48	B2UKX9	83.7	92	4.94e-53	158
C298__k141_962093_49	B2UQC1	36.4	324	1.45e-67	213
C298__k141_962093_50	B2UQ23	73.8	343	1.34e-184	510
C298__k141_962093_51	B2UMB0	39.5	177	7.10e-28	105
C298__k141_962093_52	B2UMB0	37.1	264	6.06e-48	174
C298__k141_483842_1	B2UQS7	46.5	114	1.18e-23	98.2
C298__k141_483842_6	B2UQS6	36.1	119	2.77e-18	80.9
C298__k141_483842_8	B2UR84	33.9	118	1.98e-13	68.6
C298__k141_483842_11	B2UPP7	23.9	373	1.22e-12	64.3
C298__k141_483842_16	B2UPG7	49.1	232	8.19e-73	221
C298__k141_483842_18	B2UPF9	45.2	423	2.32e-117	347
C298__k141_483842_20	B2UMG5	82.3	79	1.60e-44	134
C298__k141_483842_21	B2UQA7	68.4	158	3.48e-76	221
C298__k141_483842_22	B2UNH8	69.2	571	5.55e-271	752
C298__k141_483842_23	B2UN29	80.7	249	1.30e-146	409
C298__k141_483842_30	B2UL10	54.8	248	1.01e-91	267
C298__k141_483842_31	B2UL09	59.7	382	1.41e-137	394
C298__k141_483842_32	B2UL08	65.6	151	1.53e-57	176
C298__k141_483842_33	B2UPU6	60.1	704	4.01e-311	862
C298__k141_483842_35	B2URE7	65.3	242	1.14e-113	322
C298__k141_483842_36	B2URE6	78.4	515	3.89e-300	816
C298__k141_745868_3	B2UPP4	51.9	372	4.93e-130	374
C298__k141_745868_4	B2UQ18	71.2	257	8.69e-123	347
C298__k141_745868_5	B2UNA2	70.7	345	3.40e-173	481
C298__k141_745868_6	B2UQU9	71.0	1332	0.0	1950
C298__k141_745868_7	B2UR66	79.6	328	4.61e-201	551
C298__k141_745868_8	B2ULS7	54.1	61	4.13e-15	63.2
C298__k141_745868_10	B2UNS9	57.4	693	2.43e-279	778
C298__k141_745868_11	B2UNS8	85.0	713	0.0	1201
C298__k141_745868_14	B2UMX3	73.0	148	2.18e-80	231
C298__k141_745868_15	B2URH3	82.5	63	1.53e-33	112
C298__k141_745868_16	B2UPF0	78.8	457	7.96e-270	735
C298__k141_745868_18	B2UPF1	33.3	276	9.52e-34	120
C298__k141_745868_19	B2UPF2	47.7	258	2.65e-72	221
C298__k141_745868_20	B2UMR2	76.9	376	1.54e-221	606
C298__k141_745868_21	B2UMR1	54.9	82	8.80e-32	104
C298__k141_745868_22	B2ULT3	54.2	295	1.51e-81	245
C298__k141_745868_24	B2ULX2	36.7	1446	8.69e-259	773
C298__k141_745868_26	B2UMP4	61.7	470	1.25e-209	584
C298__k141_745868_30	B2UNJ4	60.2	88	2.90e-30	99.4
C298__k141_745868_31	B2UN96	51.0	104	3.24e-37	119
C298__k141_745868_32	B2ULC6	73.4	320	8.57e-178	491
C298__k141_745868_34	B2URG0	44.2	859	5.53e-257	734
C298__k141_745868_35	B2UR33	71.8	298	2.87e-165	458
C298__k141_745868_36	B2UMX2	47.8	881	2.03e-283	803
C298__k141_745868_37	B2UNP0	38.8	294	9.50e-45	171
C298__k141_745868_41	B2UPA4	36.5	373	1.35e-74	233
C298__k141_745868_42	B2ULC0	50.5	218	1.37e-69	214
C298__k141_745868_43	B2UMS3	51.5	204	5.06e-68	205
C298__k141_745868_44	B2UMS2	39.6	139	7.40e-28	97.1
C298__k141_745868_47	B2UNE3	67.9	420	1.26e-213	590
C298__k141_745868_49	B2UNE2	77.6	76	7.30e-34	107
C298__k141_745868_50	B2UPD3	54.0	352	1.80e-139	396
C298__k141_745868_51	B2UL53	78.7	356	1.28e-206	570
C298__k141_745868_52	B2UL54	60.7	140	2.41e-47	146
C298__k141_745868_54	B2URC0	62.2	201	4.88e-84	245
C298__k141_745868_55	B2URB9	75.0	264	6.43e-151	418
C298__k141_745868_56	B2URB8	91.7	325	1.45e-221	602
C298__k141_745868_58	B2UMY3	30.6	350	3.52e-39	139
C298__k141_745868_61	B2ULQ0	40.8	157	2.93e-34	115
C298__k141_745868_62	B2UM63	61.2	461	2.92e-200	559
C298__k141_745868_64	B2UM01	50.1	429	2.69e-149	443
C298__k141_745868_65	B2UN59	45.4	251	2.06e-72	218
C298__k141_745868_66	B2UN60	44.1	297	5.11e-75	228
C298__k141_745868_67	B2UN62	41.4	302	7.69e-87	259
C298__k141_745868_68	B2UR48	79.4	291	9.33e-173	476
C298__k141_745868_69	B2UR47	52.2	427	1.79e-163	463
C298__k141_745868_70	B2UNX3	47.4	135	6.52e-37	120
C298__k141_745868_71	B2UNX4	81.8	468	8.02e-276	751
C298__k141_745868_72	B2UNX5	50.9	291	5.08e-91	268
C298__k141_745868_73	B2UNX6	72.5	506	5.13e-259	712
C298__k141_745868_74	B2UNX7	41.3	126	2.56e-34	112
C298__k141_745868_75	B2UNX8	45.4	163	4.65e-26	94.7
C298__k141_745868_76	B2UNX9	65.7	67	5.76e-24	82.8
C298__k141_745868_77	B2UNY0	49.5	299	1.24e-91	271
C298__k141_745868_80	B2UPD1	53.6	252	8.67e-96	279
C298__k141_745868_81	B2UQ68	69.8	169	3.38e-66	197
C298__k141_745868_82	B2UQQ9	34.5	618	6.82e-90	287
C298__k141_745868_83	B2UQQ8	59.0	271	3.87e-113	325
C298__k141_745868_85	B2UMI5	27.2	404	1.41e-13	73.6
C298__k141_990272_1	B2UR84	25.8	492	3.88e-27	116
C298__k141_990272_6	B2UQM0	52.3	130	1.04e-40	132
C298__k141_990272_7	B2UR10	82.3	464	8.79e-298	807
C298__k141_990272_8	B2UR09	73.1	379	1.86e-198	549
C298__k141_990272_9	B2UR08	56.6	302	9.98e-118	337
C298__k141_990272_12	B2ULS5	52.2	201	1.16e-80	240
