FC69C3D3_000001-T1	NCU10129-t26_1-p1	7.56e-101	285	100
FC69C3D3_000002-T1	NCU09901-t26_1-p1	8.79e-155	436	100
FC69C3D3_000003-T1	NCU09903-t26_1-p1	0.0	2146	100
FC69C3D3_000004-T1	NCU09904-t26_1-p1	0.0	971	100
FC69C3D3_000005-T1	NCU09906-t26_1-p1	0.0	1738	100
FC69C3D3_000006-T1	NCU09907-t26_1-p1	0.0	951	100
FC69C3D3_000007-T1	NCU09908-t26_1-p1	6.59e-141	396	100
FC69C3D3_000008-T1	NCU09909-t26_1-p1	0.0	1333	100
FC69C3D3_000009-T1	NCU09910-t26_1-p1	0.0	1695	98.3
FC69C3D3_000010-T1	NCU09911-t26_1-p1	1.70e-213	580	100
FC69C3D3_000011-T1	NCU09912-t26_1-p1	0.0	1182	100
FC69C3D3_000012-T1	NCU09913-t26_1-p1	0.0	980	100
FC69C3D3_000013-T1	NCU09914-t26_1-p1	1.05e-159	439	100
FC69C3D3_000014-T1	NCU08049-t26_1-p1	0.0	1804	98.3
FC69C3D3_000015-T1	NCU08050-t26_1-p1	0.0	1090	100
FC69C3D3_000016-T1	NCU08051-t26_1-p1	0.0	1114	100
FC69C3D3_000017-T1	NCU08052-t26_1-p1	1.25e-254	692	100
FC69C3D3_000018-T1	NCU08053-t26_1-p1	3.89e-99	280	100
FC69C3D3_000019-T1	NCU08054-t26_1-p1	0.0	1967	100
FC69C3D3_000020-T1	NCU08055-t26_1-p1	1.50e-131	374	100
FC69C3D3_000021-T1	NCU08056-t26_1-p1	0.0	3155	100
FC69C3D3_000022-T1	NCU08057-t26_1-p1	2.96e-220	598	100
FC69C3D3_000023-T1	NCU08058-t26_1-p1	0.0	1267	100
FC69C3D3_000024-T1	NCU08060-t26_1-p1	0.0	951	96.3
FC69C3D3_000025-T1	NCU08062-t26_1-p1	0.0	1141	100
FC69C3D3_000026-T1	NCU08063-t26_1-p1	0.0	1612	94.9
FC69C3D3_000027-T1	NCU08064-t26_1-p1	0.0	2602	100
FC69C3D3_000028-T1	NCU08065-t26_1-p1	0.0	993	100
FC69C3D3_000029-T1	NCU08066-t26_1-p1	0.0	964	100
FC69C3D3_000030-T1	NCU10696-t26_1-p1	3.32e-142	394	100
FC69C3D3_000031-T1	NCU08067-t26_1-p1	8.88e-222	603	100
FC69C3D3_000032-T1	NCU08068-t26_1-p1	1.69e-110	312	100
FC69C3D3_000033-T1	NCU08069-t26_1-p1	0.0	933	100
FC69C3D3_000034-T1	NCU08070-t26_1-p1	1.09e-170	468	100
FC69C3D3_000035-T1	NCU08071-t26_1-p1	1.68e-75	217	100
FC69C3D3_000037-T1	NCU08072-t26_1-p1	0.0	1298	100
FC69C3D3_000038-T1	NCU08073-t26_1-p1	2.72e-254	703	100
FC69C3D3_000039-T1	NCU08074-t26_1-p1	1.89e-146	408	100
FC69C3D3_000040-T1	NCU08075-t26_1-p1	0.0	1424	99.1
FC69C3D3_000041-T1	NCU08076-t26_1-p1	0.0	1104	100
FC69C3D3_000042-T1	NCU08077-t26_1-p1	1.87e-237	647	100
FC69C3D3_000043-T1	NCU08078-t26_1-p1	2.27e-128	359	100
FC69C3D3_000044-T1	NCU08084-t26_1-p1	9.97e-86	254	100
FC69C3D3_000045-T1	NCU08087-t26_1-p1	2.09e-212	578	100
FC69C3D3_000046-T1	NCU08089-t26_1-p1	2.73e-46	140	100
FC69C3D3_000047-T1	NCU08090-t26_1-p1	2.44e-57	172	100
FC69C3D3_000048-T1	NCU08091-t26_1-p1	2.39e-233	638	100
FC69C3D3_000049-T1	NCU08092-t26_1-p1	3.18e-247	669	100
FC69C3D3_000050-T1	NCU08094-t26_1-p1	4.99e-252	686	99.7
FC69C3D3_000051-T1	NCU08095-t26_1-p1	6.09e-186	507	100
FC69C3D3_000052-T1	NCU08096-t26_1-p1	0.0	1273	100
FC69C3D3_000053-T1	NCU08097-t26_1-p1	0.0	1703	100
FC69C3D3_000054-T1	NCU08101-t26_1-p1	0.0	1171	100
FC69C3D3_000055-T1	NCU08103-t26_1-p1	0.0	890	100
FC69C3D3_000056-T1	NCU08106-t26_1-p1	8.71e-288	783	100
FC69C3D3_000057-T1	NCU08107-t26_1-p1	1.32e-319	860	100
FC69C3D3_000060-T1	NCU08109-t26_1-p1	0.0	928	100
FC69C3D3_000061-T1	NCU08110-t26_1-p1	0.0	1465	100
FC69C3D3_000062-T1	NCU08111-t26_1-p1	3.88e-309	834	100
FC69C3D3_000063-T1	NCU08112-t26_1-p1	0.0	1091	100
FC69C3D3_000064-T1	NCU08113-t26_1-p1	1.65e-70	211	92.3
FC69C3D3_000065-T1	NCU08114-t26_1-p1	0.0	1060	100
FC69C3D3_000066-T1	NCU08115-t26_1-p1	0.0	2053	100
FC69C3D3_000067-T1	NCU08116-t26_1-p1	0.0	949	100
FC69C3D3_000068-T1	NCU08117-t26_1-p1	0.0	1204	100
FC69C3D3_000069-T1	NCU08118-t26_1-p1	0.0	2383	100
FC69C3D3_000070-T1	NCU08119-t26_1-p1	0.0	1577	100
FC69C3D3_000071-T1	NCU08120-t26_1-p1	0.0	904	100
FC69C3D3_000072-T1	NCU08121-t26_1-p1	4.98e-131	365	100
FC69C3D3_000073-T1	NCU10647-t26_1-p1	4.28e-244	682	100
FC69C3D3_000074-T1	NCU07509-t26_1-p1	1.03e-249	676	100
FC69C3D3_000075-T1	NCU07508-t26_1-p1	0.0	1021	100
FC69C3D3_000076-T1	NCU07507-t26_1-p1	2.56e-50	151	100
FC69C3D3_000077-T1	NCU07506-t26_2-p1	2.12e-212	579	100
FC69C3D3_000078-T1	NCU07505-t26_1-p1	0.0	957	100
FC69C3D3_000079-T1	NCU07504-t26_1-p1	0.0	1342	100
FC69C3D3_000080-T1	NCU07503-t26_1-p1	1.63e-119	333	100
FC69C3D3_000082-T1	NCU07501-t26_1-p1	1.46e-310	837	100
FC69C3D3_000083-T1	NCU07500-t26_1-p1	6.60e-307	827	100
FC69C3D3_000085-T1	NCU07499-t26_1-p1	3.36e-228	621	100
FC69C3D3_000086-T1	NCU07498-t26_1-p1	0.0	2161	100
FC69C3D3_000087-T1	NCU07496-t26_1-p1	0.0	1956	88.3
FC69C3D3_000088-T1	NCU07495-t26_1-p1	2.52e-252	686	100
FC69C3D3_000090-T1	NCU07494-t26_1-p1	6.63e-171	475	100
FC69C3D3_000091-T1	NCU07493-t26_1-p1	5.51e-251	686	100
FC69C3D3_000092-T1	NCU07492-t26_1-p1	0.0	2437	100
FC69C3D3_000093-T1	NCU07491-t26_1-p1	1.66e-238	650	100
FC69C3D3_000094-T1	NCU07489-t26_1-p1	0.0	1053	100
FC69C3D3_000096-T1	NCU07487-t26_1-p1	0.0	1746	100
FC69C3D3_000097-T1	NCU07486-t26_1-p1	8.26e-169	466	100
FC69C3D3_000098-T1	NCU07485-t26_1-p1	7.19e-185	506	100
FC69C3D3_000099-T1	NCU07484-t26_1-p1	0.0	2952	98.5
FC69C3D3_000100-T1	NCU07483-t26_1-p1	0.0	1517	100
FC69C3D3_000101-T1	NCU07482-t26_1-p1	6.46e-263	719	100
FC69C3D3_000102-T1	NCU07481-t26_1-p1	0.0	2033	100
FC69C3D3_000103-T1	NCU07478-t26_1-p1	0.0	898	100
FC69C3D3_000104-T1	NCU07477-t26_1-p1	0.0	1383	100
FC69C3D3_000105-T1	NCU07476-t26_1-p1	0.0	1295	99.2
FC69C3D3_000106-T1	NCU07475-t26_1-p1	1.98e-129	360	100
FC69C3D3_000107-T1	NCU07474-t26_1-p1	1.02e-225	615	100
FC69C3D3_000108-T1	NCU07473-t26_1-p1	0.0	2450	100
FC69C3D3_000109-T1	NCU07472-t26_1-p1	0.0	1120	100
FC69C3D3_000110-T1	NCU07471-t26_1-p1	6.03e-199	544	100
FC69C3D3_000111-T1	NCU07468-t26_1-p1	5.17e-282	761	100
FC69C3D3_000112-T1	NCU07467-t26_1-p1	2.52e-148	408	100
FC69C3D3_000113-T1	NCU07466-t26_1-p1	1.74e-121	338	100
FC69C3D3_000114-T1	NCU07465-t26_1-p1	5.87e-287	774	100
FC69C3D3_000115-T1	NCU07463-t26_1-p1	0.0	1278	100
FC69C3D3_000116-T1	NCU07461-t26_1-p1	0.0	1611	100
FC69C3D3_000117-T1	NCU07460-t26_1-p1	3.35e-228	619	100
FC69C3D3_000118-T1	NCU07459-t26_1-p1	2.33e-255	692	94.5
FC69C3D3_000119-T1	NCU07458-t26_1-p1	0.0	1076	100
FC69C3D3_000120-T1	NCU07457-t26_1-p1	0.0	1278	100
FC69C3D3_000121-T1	NCU07456-t26_1-p1	8.82e-175	480	100
FC69C3D3_000122-T1	NCU07455-t26_1-p1	5.78e-139	399	100
FC69C3D3_000123-T1	NCU07454-t26_1-p1	3.20e-127	354	100
FC69C3D3_000124-T1	NCU07453-t26_1-p1	1.16e-219	602	100
FC69C3D3_000125-T1	NCU07452-t26_1-p1	6.41e-320	862	100
FC69C3D3_000126-T1	NCU07451-t26_1-p1	0.0	1310	100
FC69C3D3_000127-T1	NCU07450-t26_1-p1	4.13e-242	658	100
FC69C3D3_000128-T1	NCU07449-t26_1-p1	5.80e-88	249	100
FC69C3D3_000129-T1	NCU07447-t26_1-p1	0.0	1208	100
FC69C3D3_000130-T1	NCU07446-t26_1-p1	4.21e-156	431	100
FC69C3D3_000131-T1	NCU07445-t26_1-p1	0.0	1333	100
FC69C3D3_000132-T1	NCU07443-t26_1-p1	0.0	3006	100
FC69C3D3_000133-T1	NCU07442-t26_1-p1	0.0	1208	100
FC69C3D3_000134-T1	NCU07441-t26_1-p1	2.56e-37	118	100
FC69C3D3_000135-T1	NCU07440-t26_1-p1	0.0	1853	100
FC69C3D3_000136-T1	NCU07439-t26_1-p1	9.36e-48	144	100
FC69C3D3_000137-T1	NCU07438-t26_1-p1	3.77e-264	738	100
FC69C3D3_000138-T1	NCU07437-t26_1-p1	1.16e-99	282	100
FC69C3D3_000139-T1	NCU07436-t26_1-p1	6.70e-250	677	100
FC69C3D3_000140-T1	NCU07435-t26_1-p1	2.22e-291	791	100
FC69C3D3_000141-T1	NCU07434-t26_1-p1	3.41e-214	587	100
FC69C3D3_000142-T1	NCU07433-t26_1-p1	1.49e-140	427	99.7
FC69C3D3_000143-T1	NCU07432-t26_1-p1	5.17e-158	435	100
FC69C3D3_000144-T1	NCU07430-t26_1-p1	1.11e-148	411	100
FC69C3D3_000145-T1	NCU07429-t26_1-p1	9.35e-188	512	100
FC69C3D3_000146-T1	NCU07428-t26_1-p1	5.33e-130	361	100
FC69C3D3_000147-T1	NCU10007-t26_1-p1	0.0	1092	100
FC69C3D3_000148-T1	NCU10008-t26_1-p1	0.0	1019	100
FC69C3D3_000149-T1	NCU09064-t26_1-p1	0.0	2333	100
FC69C3D3_000150-T1	NCU09065-t26_1-p1	0.0	2125	100
FC69C3D3_000151-T1	NCU09068-t26_1-p1	0.0	1766	100
FC69C3D3_000152-T1	NCU09070-t26_1-p1	2.02e-178	492	90.7
FC69C3D3_000153-T1	NCU09071-t26_1-p1	0.0	1328	100
FC69C3D3_000154-T1	NCU09072-t26_1-p1	1.82e-204	561	100
FC69C3D3_000155-T1	NCU09073-t26_1-p1	1.86e-216	595	100
FC69C3D3_000156-T1	NCU09074-t26_1-p1	5.59e-178	487	100
FC69C3D3_000157-T1	NCU09075-t26_1-p1	4.55e-68	197	100
FC69C3D3_000158-T1	NCU09076-t26_1-p1	1.03e-318	859	100
FC69C3D3_000159-T1	NCU09077-t26_1-p1	4.38e-113	322	100
FC69C3D3_000160-T1	NCU09078-t26_1-p1	1.13e-50	158	100
FC69C3D3_000161-T1	NCU09079-t26_3-p1	0.0	1320	100
FC69C3D3_000162-T1	NCU09081-t26_1-p1	1.29e-152	422	100
FC69C3D3_000163-T1	NCU09085-t26_1-p1	0.0	937	99.8
FC69C3D3_000164-T1	NCU09088-t26_1-p1	1.18e-217	599	100
FC69C3D3_000165-T1	NCU09090-t26_1-p1	2.62e-292	793	100
FC69C3D3_000166-T1	NCU09091-t26_1-p1	0.0	974	100
FC69C3D3_000167-T1	NCU09092-t26_1-p1	0.0	968	100
FC69C3D3_000168-T1	NCU09093-t26_1-p1	0.0	1165	100
FC69C3D3_000169-T1	NCU09094-t26_1-p1	1.20e-232	634	100
FC69C3D3_000170-T1	NCU09097-t26_1-p1	0.0	1853	98.3
FC69C3D3_000172-T1	NCU09098-t26_1-p1	2.32e-307	833	100
FC69C3D3_000173-T1	NCU09099-t26_1-p1	7.52e-70	216	100
FC69C3D3_000174-T1	NCU09100-t26_1-p1	2.10e-192	534	100
FC69C3D3_000175-T1	NCU09101-t26_1-p1	0.0	1176	100
FC69C3D3_000176-T1	NCU09102-t26_1-p1	0.0	1156	100
FC69C3D3_000177-T1	NCU09103-t26_1-p1	0.0	1098	100
FC69C3D3_000178-T1	NCU09104-t26_1-p1	0.0	3271	100
FC69C3D3_000179-T1	NCU02187-t26_1-p1	1.40e-102	300	100
FC69C3D3_000180-T1	NCU02184-t26_2-p1	0.0	1498	100
FC69C3D3_000181-T1	NCU02182-t26_1-p1	0.0	1082	100
FC69C3D3_000182-T1	NCU02181-t26_1-p1	2.90e-192	525	100
FC69C3D3_000183-T1	NCU02179-t26_1-p1	0.0	1125	100
FC69C3D3_000184-T1	NCU02178-t26_1-p1	0.0	3198	100
FC69C3D3_000185-T1	NCU02177-t26_1-p1	1.21e-142	397	100
FC69C3D3_000186-T1	NCU02176-t26_1-p1	1.81e-192	525	100
FC69C3D3_000188-T1	NCU02175-t26_1-p1	0.0	1181	100
FC69C3D3_000190-T1	NCU02173-t26_1-p1	0.0	2170	100
FC69C3D3_000192-T1	NCU02172-t26_1-p1	0.0	1999	100
FC69C3D3_000193-T1	NCU02170-t26_1-p1	1.08e-153	462	100
FC69C3D3_000194-T1	NCU02169-t26_1-p1	1.30e-156	434	91.2
FC69C3D3_000195-T1	NCU02168-t26_1-p1	9.21e-164	455	100
FC69C3D3_000196-T1	NCU02167-t26_1-p1	2.10e-83	243	100
FC69C3D3_000197-T1	NCU02165-t26_1-p1	7.38e-310	865	99.8
FC69C3D3_000198-T1	NCU02164-t26_1-p1	0.0	947	100
FC69C3D3_000199-T1	NCU02163-t26_1-p1	7.13e-101	286	100
FC69C3D3_000200-T1	NCU02162-t26_1-p1	2.43e-251	681	100
FC69C3D3_000201-T1	NCU02161-t26_1-p1	0.0	1032	100
FC69C3D3_000202-T1	NCU02160-t26_1-p1	6.93e-147	405	100
FC69C3D3_000203-T1	NCU02159-t26_1-p1	8.45e-143	408	100
FC69C3D3_000204-T1	NCU02158-t26_1-p1	0.0	936	100
FC69C3D3_000205-T1	NCU02157-t26_1-p1	1.76e-243	661	100
FC69C3D3_000206-T1	NCU02156-t26_1-p1	2.78e-72	211	100
FC69C3D3_000207-T1	NCU02155-t26_1-p1	0.0	1092	100
FC69C3D3_000208-T1	NCU16328-t26_1-p1	2.41e-102	293	100
FC69C3D3_000209-T1	NCU16329-t26_1-p1	2.26e-85	245	100
FC69C3D3_000210-T1	NCU02153-t26_1-p1	5.45e-268	741	99.6
FC69C3D3_000211-T1	NCU02152-t26_1-p1	2.81e-217	598	100
FC69C3D3_000212-T1	NCU02151-t26_1-p1	0.0	1318	100
FC69C3D3_000213-T1	NCU02150-t26_2-p1	0.0	964	100
FC69C3D3_000214-T1	NCU02149-t26_1-p1	1.85e-93	264	100
FC69C3D3_000215-T1	NCU02148-t26_1-p1	0.0	1229	100
FC69C3D3_000216-T1	NCU16330-t26_1-p1	3.91e-66	194	100
FC69C3D3_000217-T1	NCU02147-t26_1-p1	0.0	1181	100
FC69C3D3_000218-T1	NCU02146-t26_1-p1	2.68e-82	250	100
FC69C3D3_000219-T1	NCU02146-t26_1-p1	0.0	875	99.8
FC69C3D3_000220-T1	NCU10687-t26_1-p1	0.0	982	100
FC69C3D3_000221-T1	NCU02142-t26_1-p1	3.46e-252	684	100
FC69C3D3_000222-T1	NCU02139-t26_1-p1	0.0	1449	100
FC69C3D3_000223-T1	NCU02137-t26_1-p1	0.0	1226	100
FC69C3D3_000224-T1	NCU02136-t26_1-p1	1.32e-231	629	100
FC69C3D3_000225-T1	NCU02134-t26_1-p1	0.0	1695	100
FC69C3D3_000226-T1	NCU02133-t26_1-p1	6.85e-111	310	100
FC69C3D3_000227-T1	NCU02132-t26_1-p1	2.28e-68	198	100
FC69C3D3_000228-T1	NCU02131-t26_2-p1	0.0	3440	100
FC69C3D3_000229-T1	NCU02128-t26_1-p1	6.47e-254	689	100
FC69C3D3_000230-T1	NCU02127-t26_1-p1	0.0	1158	100
FC69C3D3_000231-T1	NCU02126-t26_1-p1	0.0	907	100
FC69C3D3_000232-T1	NCU02125-t26_1-p1	3.84e-145	400	100
FC69C3D3_000233-T1	NCU02124-t26_1-p1	1.19e-197	538	100
FC69C3D3_000235-T1	NCU02123-t26_1-p1	7.47e-306	826	100
FC69C3D3_000236-T1	NCU02122-t26_1-p1	0.0	1168	100
FC69C3D3_000237-T1	NCU02121-t26_1-p1	0.0	932	95.5
FC69C3D3_000238-T1	NCU10232-t26_1-p1	1.39e-147	421	100
FC69C3D3_000239-T1	NCU02120-t26_1-p1	0.0	2833	99.0
FC69C3D3_000240-T1	NCU02119-t26_1-p1	0.0	1353	99.9
FC69C3D3_000241-T1	NCU02118-t26_1-p1	0.0	932	100
FC69C3D3_000242-T1	NCU02117-t26_1-p1	5.45e-128	355	100
FC69C3D3_000243-T1	NCU02116-t26_1-p1	2.34e-252	683	100
FC69C3D3_000244-T1	NCU02115-t26_1-p1	0.0	1890	100
FC69C3D3_000245-T1	NCU02114-t26_1-p1	3.38e-301	813	100
FC69C3D3_000246-T1	NCU02113-t26_1-p1	3.16e-110	308	100
FC69C3D3_000247-T1	NCU02112-t26_1-p1	0.0	3348	100
FC69C3D3_000248-T1	NCU02111-t26_1-p1	0.0	2314	100
FC69C3D3_000249-T1	NCU02110-t26_1-p1	0.0	1144	100
FC69C3D3_000250-T1	NCU02109-t26_1-p1	0.0	972	100
FC69C3D3_000251-T1	NCU02108-t26_1-p1	7.80e-105	295	100
FC69C3D3_000252-T1	NCU02107-t26_1-p1	0.0	1142	100
FC69C3D3_000253-T1	NCU02106-t26_1-p1	5.88e-110	313	100
FC69C3D3_000254-T1	NCU02105-t26_1-p1	4.19e-217	590	100
FC69C3D3_000255-T1	NCU02104-t26_1-p1	0.0	943	100
FC69C3D3_000256-T1	NCU02103-t26_1-p1	0.0	3203	100
FC69C3D3_000257-T1	NCU02101-t26_1-p1	0.0	1634	100
FC69C3D3_000258-T1	NCU02100-t26_1-p1	0.0	1139	100
FC69C3D3_000259-T1	NCU11041-t26_1-p1	2.49e-201	563	100
FC69C3D3_000260-T1	NCU02099-t26_1-p1	4.72e-120	349	83.3
FC69C3D3_000261-T1	NCU02098-t26_1-p1	1.45e-216	597	100
FC69C3D3_000262-T1	NCU02097-t26_1-p1	4.15e-243	660	100
FC69C3D3_000263-T1	NCU02096-t26_1-p1	9.56e-312	842	100
FC69C3D3_000264-T1	NCU02095-t26_1-p1	1.54e-115	335	99.7
FC69C3D3_000265-T1	NCU02094-t26_2-p1	0.0	1473	100
FC69C3D3_000266-T1	NCU02092-t26_1-p1	6.08e-268	736	100
FC69C3D3_000267-T1	NCU02091-t26_1-p1	0.0	2187	100
FC69C3D3_000268-T1	NCU02090-t26_1-p1	4.04e-152	420	100
FC69C3D3_000269-T1	NCU02089-t26_1-p1	0.0	1487	100
FC69C3D3_000270-T1	NCU02088-t26_1-p1	0.0	881	100
FC69C3D3_000271-T1	NCU02087-t26_1-p1	5.78e-215	613	100
FC69C3D3_000273-T1	NCU02086-t26_1-p1	0.0	1076	100
FC69C3D3_000274-T1	NCU02085-t26_1-p1	3.56e-225	620	100
FC69C3D3_000275-T1	NCU02084-t26_1-p1	5.94e-187	517	99.6
FC69C3D3_000276-T1	NCU02083-t26_1-p1	0.0	4694	99.9
FC69C3D3_000277-T1	NCU02082-t26_1-p1	0.0	2858	100
FC69C3D3_000278-T1	NCU02080-t26_1-p1	1.84e-49	149	100
FC69C3D3_000279-T1	NCU02079-t26_1-p1	4.08e-88	249	100
FC69C3D3_000280-T1	NCU02078-t26_1-p1	0.0	1341	100
FC69C3D3_000281-T1	NCU02077-t26_1-p1	0.0	1780	100
FC69C3D3_000282-T1	NCU02076-t26_1-p1	5.87e-190	518	100
FC69C3D3_000283-T1	NCU02075-t26_1-p1	0.0	1088	97.7
FC69C3D3_000284-T1	NCU02074-t26_1-p1	0.0	1326	100
FC69C3D3_000285-T1	NCU02073-t26_1-p1	1.15e-268	726	100
FC69C3D3_000286-T1	NCU02071-t26_1-p1	4.06e-225	611	100
FC69C3D3_000287-T1	NCU02070-t26_1-p1	0.0	943	100
FC69C3D3_000288-T1	NCU16336-t26_1-p1	0.0	1266	100
FC69C3D3_000289-T1	NCU16337-t26_1-p1	0.0	2086	100
FC69C3D3_000290-T1	NCU02068-t26_2-p1	0.0	2683	100
FC69C3D3_000291-T1	NCU02067-t26_1-p1	0.0	1084	100
FC69C3D3_000292-T1	NCU11209-t26_1-p1	1.35e-160	442	100
FC69C3D3_000293-T1	NCU02066-t26_1-p1	0.0	1270	100
FC69C3D3_000294-T1	NCU02065-t26_1-p1	0.0	1714	100
FC69C3D3_000295-T1	NCU02064-t26_1-p1	5.12e-191	523	100
FC69C3D3_000296-T1	NCU02063-t26_1-p1	0.0	1614	100
FC69C3D3_000297-T1	NCU02060-t26_1-p1	4.50e-282	771	100
FC69C3D3_000298-T1	NCU02059-t26_1-p1	0.0	1011	100
FC69C3D3_000299-T1	NCU02058-t26_1-p1	2.91e-143	425	100
FC69C3D3_000300-T1	NCU02057-t26_2-p1	0.0	2761	100
FC69C3D3_000301-T1	NCU02056-t26_1-p1	0.0	937	100
FC69C3D3_000302-T1	NCU02055-t26_1-p1	6.73e-296	798	100
FC69C3D3_000303-T1	NCU02054-t26_1-p1	0.0	1011	100
FC69C3D3_000304-T1	NCU02053-t26_1-p1	0.0	2449	100
FC69C3D3_000305-T1	NCU02052-t26_1-p1	0.0	3041	100
FC69C3D3_000306-T1	NCU10806-t26_1-p1	0.0	978	100
FC69C3D3_000307-T1	NCU02051-t26_1-p1	0.0	1936	98.4
FC69C3D3_000309-T1	NCU02049-t26_1-p1	0.0	2166	100
FC69C3D3_000310-T1	NCU02048-t26_1-p1	0.0	2529	100
FC69C3D3_000311-T1	NCU02046-t26_1-p1	2.03e-286	780	100
FC69C3D3_000313-T1	NCU02044-t26_1-p1	3.28e-286	773	100
FC69C3D3_000314-T1	NCU02043-t26_1-p1	1.43e-174	484	100
FC69C3D3_000316-T1	NCU02042-t26_1-p1	0.0	932	100
FC69C3D3_000317-T1	NCU02041-t26_1-p1	1.05e-125	351	100
FC69C3D3_000318-T1	NCU02040-t26_1-p1	6.35e-305	832	100
FC69C3D3_000319-T1	NCU02039-t26_1-p1	0.0	1436	100
FC69C3D3_000320-T1	NCU02038-t26_1-p1	8.89e-187	511	100
FC69C3D3_000321-T1	NCU02037-t26_1-p1	2.09e-252	686	100
FC69C3D3_000323-T1	NCU02036-t26_1-p1	0.0	4046	100
FC69C3D3_000324-T1	NCU02035-t26_1-p1	0.0	892	100
FC69C3D3_000325-T1	NCU02034-t26_1-p1	0.0	1523	99.1
FC69C3D3_000326-T1	NCU02033-t26_1-p1	0.0	1194	100
FC69C3D3_000327-T1	NCU02032-t26_1-p1	0.0	1602	100
FC69C3D3_000328-T1	NCU02031-t26_1-p1	0.0	994	100
FC69C3D3_000329-T1	NCU02030-t26_1-p1	7.90e-98	276	100
FC69C3D3_000330-T1	NCU02028-t26_1-p1	1.33e-262	710	100
FC69C3D3_000331-T1	NCU02027-t26_1-p1	3.12e-179	490	100
FC69C3D3_000332-T1	NCU02026-t26_1-p1	0.0	1219	100
FC69C3D3_000333-T1	NCU02025-t26_1-p1	0.0	863	100
FC69C3D3_000334-T1	NCU02024-t26_1-p1	0.0	870	100
FC69C3D3_000335-T1	NCU02023-t26_1-p1	0.0	1156	100
FC69C3D3_000336-T1	NCU02022-t26_1-p1	0.0	1309	100
FC69C3D3_000337-T1	NCU02021-t26_1-p1	3.88e-129	359	100
FC69C3D3_000338-T1	NCU02020-t26_1-p1	0.0	1919	100
FC69C3D3_000339-T1	NCU02019-t26_1-p1	0.0	878	100
FC69C3D3_000340-T1	NCU02018-t26_1-p1	7.00e-176	484	100
FC69C3D3_000341-T1	NCU02017-t26_1-p1	1.12e-84	243	100
FC69C3D3_000342-T1	NCU02016-t26_1-p1	8.95e-90	254	100
FC69C3D3_000343-T1	NCU02015-t26_1-p1	0.0	1300	100
FC69C3D3_000344-T1	NCU02014-t26_1-p1	4.71e-205	569	89.7
FC69C3D3_000345-T1	NCU02013-t26_1-p1	1.75e-97	277	100
FC69C3D3_000346-T1	NCU02012-t26_1-p1	0.0	1550	100
FC69C3D3_000347-T1	NCU02011-t26_1-p1	0.0	1676	100
FC69C3D3_000348-T1	NCU02010-t26_1-p1	0.0	1266	100
FC69C3D3_000349-T1	NCU02009-t26_1-p1	0.0	1311	100
FC69C3D3_000350-T1	NCU02007-t26_1-p1	2.36e-72	209	100
FC69C3D3_000351-T1	NCU02006-t26_1-p1	0.0	1221	100
FC69C3D3_000352-T1	NCU02005-t26_1-p1	2.04e-222	608	100
FC69C3D3_000353-T1	NCU02004-t26_1-p1	0.0	969	100
FC69C3D3_000354-T1	NCU02003-t26_1-p1	0.0	916	100
FC69C3D3_000355-T1	NCU02002-t26_1-p1	0.0	2036	100
FC69C3D3_000356-T1	NCU02001-t26_1-p1	9.79e-223	608	100
FC69C3D3_000357-T1	NCU02000-t26_1-p1	3.20e-68	197	100
FC69C3D3_000358-T1	NCU01999-t26_1-p1	0.0	1087	100
FC69C3D3_000359-T1	NCU01998-t26_1-p1	0.0	920	100
FC69C3D3_000360-T1	NCU01997-t26_1-p1	0.0	1445	100
FC69C3D3_000361-T1	NCU01996-t26_1-p1	0.0	1179	100
FC69C3D3_000362-T1	NCU01995-t26_1-p1	0.0	1213	100
FC69C3D3_000363-T1	NCU01994-t26_1-p1	5.51e-226	615	100
FC69C3D3_000364-T1	NCU01993-t26_1-p1	0.0	888	100
FC69C3D3_000365-T1	NCU01992-t26_1-p1	0.0	1700	100
FC69C3D3_000366-T1	NCU01991-t26_1-p1	0.0	1494	100
FC69C3D3_000367-T1	NCU01990-t26_1-p1	0.0	951	100
FC69C3D3_000368-T1	NCU01989-t26_1-p1	7.40e-204	556	100
FC69C3D3_000369-T1	NCU01988-t26_1-p1	5.35e-111	312	100
FC69C3D3_000370-T1	NCU01987-t26_1-p1	7.03e-89	262	100
FC69C3D3_000371-T1	NCU01985-t26_1-p1	0.0	1145	100
FC69C3D3_000372-T1	NCU01984-t26_1-p1	0.0	1537	100
FC69C3D3_000373-T1	NCU01983-t26_1-p1	9.17e-201	549	100
FC69C3D3_000374-T1	NCU01982-t26_1-p1	1.34e-277	759	100
FC69C3D3_000375-T1	NCU01981-t26_1-p1	5.62e-81	231	100
FC69C3D3_000376-T1	NCU01980-t26_1-p1	0.0	1039	100
FC69C3D3_000377-T1	NCU01979-t26_1-p1	1.86e-256	694	100
FC69C3D3_000378-T1	NCU01978-t26_1-p1	0.0	1611	100
FC69C3D3_000379-T1	NCU01977-t26_2-p1	3.22e-205	564	99.7
FC69C3D3_000380-T1	NCU01976-t26_1-p1	0.0	1219	100
FC69C3D3_000381-T1	NCU01975-t26_1-p1	1.40e-212	577	100
FC69C3D3_000382-T1	NCU01974-t26_1-p1	4.10e-215	594	100
FC69C3D3_000383-T1	NCU01973-t26_1-p1	0.0	2664	100
FC69C3D3_000384-T1	NCU01971-t26_1-p1	9.69e-200	551	100
FC69C3D3_000385-T1	NCU01970-t26_1-p1	1.51e-128	356	100
FC69C3D3_000386-T1	NCU01969-t26_1-p1	7.18e-139	384	100
FC69C3D3_000387-T1	NCU01968-t26_1-p1	0.0	1470	100
FC69C3D3_000388-T1	NCU01966-t26_1-p1	1.90e-65	190	100
FC69C3D3_000389-T1	NCU01965-t26_1-p1	0.0	2000	100
FC69C3D3_000390-T1	NCU01963-t26_1-p1	0.0	1532	97.5
FC69C3D3_000391-T1	NCU01962-t26_1-p1	1.90e-88	252	100
FC69C3D3_000392-T1	NCU01961-t26_1-p1	0.0	1267	99.4
FC69C3D3_000393-T1	NCU01960-t26_1-p1	1.74e-236	642	100
FC69C3D3_000394-T1	NCU01959-t26_1-p1	3.08e-275	743	100
FC69C3D3_000395-T1	NCU01958-t26_1-p1	5.76e-224	607	100
FC69C3D3_000396-T1	NCU01957-t26_1-p1	7.34e-44	145	100
FC69C3D3_000397-T1	NCU01956-t26_1-p1	0.0	1625	100
FC69C3D3_000398-T1	NCU01955-t26_1-p1	2.44e-254	689	100
FC69C3D3_000400-T1	NCU01954-t26_1-p1	3.67e-226	622	100
FC69C3D3_000401-T1	NCU01953-t26_1-p1	0.0	2555	100
FC69C3D3_000402-T1	NCU01951-t26_1-p1	0.0	3749	100
FC69C3D3_000403-T1	NCU01950-t26_1-p1	7.17e-287	777	100
FC69C3D3_000404-T1	NCU01949-t26_1-p1	3.98e-123	344	100
FC69C3D3_000405-T1	NCU01948-t26_1-p1	2.97e-108	304	100
FC69C3D3_000406-T1	NCU01947-t26_1-p1	0.0	1876	100
FC69C3D3_000407-T1	NCU01945-t26_1-p1	6.46e-320	862	100
FC69C3D3_000408-T1	NCU01944-t26_1-p1	0.0	998	100
FC69C3D3_000409-T1	NCU01940-t26_1-p1	0.0	1410	100
FC69C3D3_000410-T1	NCU01939-t26_1-p1	0.0	2051	100
FC69C3D3_000411-T1	NCU01938-t26_2-p1	1.63e-268	732	95.2
FC69C3D3_000412-T1	NCU01936-t26_1-p1	0.0	1321	100
FC69C3D3_000413-T1	NCU01935-t26_1-p1	7.12e-129	368	100
FC69C3D3_000414-T1	NCU01932-t26_1-p1	0.0	2104	100
FC69C3D3_000415-T1	NCU01930-t26_1-p1	8.90e-63	187	100
FC69C3D3_000416-T1	NCU01929-t26_1-p1	0.0	1324	100
FC69C3D3_000417-T1	NCU01928-t26_1-p1	0.0	952	100
FC69C3D3_000418-T1	NCU01927-t26_2-p1	2.39e-261	719	100
FC69C3D3_000419-T1	NCU01922-t26_1-p1	3.63e-170	467	100
FC69C3D3_000421-T1	NCU11201-t26_1-p1	3.91e-189	516	97.3
FC69C3D3_000422-T1	NCU11200-t26_1-p1	9.67e-217	592	100
FC69C3D3_000423-T1	NCU01920-t26_1-p1	1.70e-106	304	100
FC69C3D3_000424-T1	NCU01919-t26_1-p1	0.0	1069	100
FC69C3D3_000425-T1	NCU01918-t26_1-p1	1.98e-115	323	100
FC69C3D3_000426-T1	NCU01917-t26_1-p1	0.0	1705	100
FC69C3D3_000427-T1	NCU01916-t26_1-p1	1.97e-286	773	100
FC69C3D3_000428-T1	NCU01914-t26_1-p1	7.05e-105	294	100
FC69C3D3_000429-T1	NCU01913-t26_1-p1	0.0	989	100
FC69C3D3_000430-T1	NCU01912-t26_1-p1	0.0	1968	100
FC69C3D3_000431-T1	NCU01911-t26_1-p1	0.0	1159	100
FC69C3D3_000432-T1	NCU01910-t26_1-p1	0.0	3107	98.4
FC69C3D3_000433-T1	NCU01908-t26_1-p1	0.0	1967	100
FC69C3D3_000434-T1	NCU01907-t26_1-p1	3.67e-214	585	100
FC69C3D3_000435-T1	NCU01906-t26_1-p1	5.38e-233	632	100
FC69C3D3_000436-T1	NCU01905-t26_1-p1	1.13e-315	851	100
FC69C3D3_000437-T1	NCU01904-t26_1-p1	1.55e-188	516	100
FC69C3D3_000438-T1	NCU01903-t26_1-p1	0.0	951	100
FC69C3D3_000439-T1	NCU16347-t26_1-p1	3.56e-39	122	100
FC69C3D3_000440-T1	NCU01902-t26_1-p1	1.44e-130	362	100
FC69C3D3_000441-T1	NCU01901-t26_1-p1	0.0	2257	100
FC69C3D3_000442-T1	NCU01900-t26_1-p1	2.78e-268	723	100
FC69C3D3_000443-T1	NCU01898-t26_2-p1	3.33e-153	429	100
FC69C3D3_000444-T1	NCU01896-t26_1-p1	0.0	1582	100
FC69C3D3_000445-T1	NCU01895-t26_2-p1	0.0	1911	100
FC69C3D3_000446-T1	NCU01894-t26_1-p1	8.54e-198	543	100
FC69C3D3_000447-T1	NCU01893-t26_1-p1	1.35e-147	416	100
FC69C3D3_000448-T1	NCU01891-t26_1-p1	1.80e-112	314	100
FC69C3D3_000449-T1	NCU01889-t26_1-p1	3.57e-232	634	100
FC69C3D3_000450-T1	NCU01888-t26_1-p1	0.0	1255	100
FC69C3D3_000451-T1	NCU01886-t26_1-p1	0.0	1485	100
FC69C3D3_000452-T1	NCU01884-t26_1-p1	0.0	1875	100
FC69C3D3_000453-T1	NCU01883-t26_1-p1	0.0	953	100
FC69C3D3_000454-T1	NCU01882-t26_1-p1	0.0	1193	100
FC69C3D3_000455-T1	NCU01881-t26_1-p1	3.42e-232	647	100
FC69C3D3_000456-T1	NCU01879-t26_1-p1	1.20e-270	734	100
FC69C3D3_000457-T1	NCU01878-t26_1-p1	0.0	1286	100
FC69C3D3_000458-T1	NCU01877-t26_1-p1	1.46e-170	471	98.9
FC69C3D3_000459-T1	NCU01871-t26_1-p1	4.70e-253	694	99.7
FC69C3D3_000460-T1	NCU01870-t26_1-p1	0.0	887	100
FC69C3D3_000461-T1	NCU01868-t26_1-p1	0.0	1050	100
FC69C3D3_000462-T1	NCU01867-t26_1-p1	2.85e-252	683	100
FC69C3D3_000463-T1	NCU01866-t26_1-p1	7.15e-306	825	100
FC69C3D3_000464-T1	NCU01865-t26_1-p1	0.0	966	100
FC69C3D3_000465-T1	NCU01865-t26_1-p1	6.38e-101	302	100
FC69C3D3_000467-T1	NCU01862-t26_1-p1	3.58e-290	784	100
FC69C3D3_000468-T1	NCU01861-t26_1-p1	3.75e-206	565	100
FC69C3D3_000469-T1	NCU01860-t26_1-p1	0.0	1078	100
FC69C3D3_000470-T1	NCU01859-t26_1-p1	3.89e-134	372	100
FC69C3D3_000471-T1	NCU01858-t26_1-p1	5.58e-253	691	100
FC69C3D3_000472-T1	NCU01857-t26_1-p1	0.0	2466	100
FC69C3D3_000473-T1	NCU01856-t26_1-p1	9.74e-165	475	100
FC69C3D3_000474-T1	NCU01855-t26_1-p1	1.72e-126	350	100
FC69C3D3_000475-T1	NCU01854-t26_1-p1	8.69e-132	368	100
FC69C3D3_000476-T1	NCU01853-t26_1-p1	0.0	872	100
FC69C3D3_000477-T1	NCU01852-t26_1-p1	4.49e-276	748	100
FC69C3D3_000478-T1	NCU01851-t26_1-p1	1.04e-157	434	100
FC69C3D3_000479-T1	NCU01850-t26_1-p1	1.22e-280	759	100
FC69C3D3_000480-T1	NCU01849-t26_1-p1	9.08e-240	655	100
FC69C3D3_000483-T1	NCU09972-t26_1-p1	8.66e-264	714	100
FC69C3D3_000484-T1	NCU09973-t26_1-p1	7.78e-105	296	100
FC69C3D3_000485-T1	NCU09974-t26_1-p1	0.0	1385	100
FC69C3D3_000486-T1	NCU09975-t26_3-p1	0.0	2402	95.9
FC69C3D3_000487-T1	NCU09976-t26_1-p1	7.12e-197	537	100
FC69C3D3_000488-T1	NCU09978-t26_1-p1	0.0	1117	100
FC69C3D3_000490-T1	NCU09980-t26_1-p1	0.0	1585	100
FC69C3D3_000491-T1	NCU09982-t26_1-p1	0.0	1069	100
FC69C3D3_000492-T1	NCU02463-t26_1-p1	2.29e-202	552	100
FC69C3D3_000493-T1	NCU02464-t26_1-p1	9.93e-258	701	100
FC69C3D3_000494-T1	NCU02465-t26_1-p1	1.59e-57	169	100
FC69C3D3_000495-T1	NCU02466-t26_2-p1	1.09e-299	810	100
FC69C3D3_000496-T1	NCU02467-t26_1-p1	2.37e-184	516	100
FC69C3D3_000497-T1	NCU02468-t26_1-p1	0.0	981	98.6
FC69C3D3_000498-T1	NCU02470-t26_1-p1	6.04e-216	590	100
FC69C3D3_000499-T1	NCU02472-t26_1-p1	2.37e-141	389	100
FC69C3D3_000500-T1	NCU02473-t26_1-p1	5.63e-215	587	100
FC69C3D3_000501-T1	NCU02474-t26_1-p1	9.71e-20	73.6	100
FC69C3D3_000502-T1	NCU02475-t26_1-p1	0.0	2075	100
FC69C3D3_000503-T1	NCU02476-t26_1-p1	2.78e-264	717	100
FC69C3D3_000504-T1	NCU02477-t26_1-p1	0.0	1020	100
FC69C3D3_000506-T1	NCU02478-t26_1-p1	0.0	4794	99.9
FC69C3D3_000507-T1	NCU02479-t26_1-p1	0.0	992	100
FC69C3D3_000508-T1	NCU02480-t26_1-p1	3.66e-201	549	100
FC69C3D3_000509-T1	NCU02481-t26_1-p1	0.0	1231	100
FC69C3D3_000510-T1	NCU02482-t26_1-p1	0.0	948	100
FC69C3D3_000511-T1	NCU02483-t26_1-p1	1.68e-161	443	100
FC69C3D3_000512-T1	NCU02485-t26_1-p1	0.0	1151	100
FC69C3D3_000513-T1	NCU02486-t26_1-p1	7.47e-319	864	100
FC69C3D3_000514-T1	NCU10933-t26_1-p1	3.91e-229	624	100
FC69C3D3_000515-T1	NCU10932-t26_1-p1	7.78e-312	839	100
FC69C3D3_000516-T1	NCU02490-t26_1-p1	7.64e-277	756	96.2
FC69C3D3_000518-T1	NCU02491-t26_1-p1	1.57e-107	310	100
FC69C3D3_000519-T1	NCU02492-t26_1-p1	1.47e-184	506	100
FC69C3D3_000520-T1	NCU02493-t26_1-p1	3.17e-214	583	100
FC69C3D3_000521-T1	NCU02494-t26_1-p1	0.0	5029	100
FC69C3D3_000522-T1	NCU02495-t26_1-p1	0.0	1118	100
FC69C3D3_000523-T1	NCU02496-t26_1-p1	0.0	1078	95.8
FC69C3D3_000524-T1	NCU02497-t26_1-p1	0.0	1867	100
FC69C3D3_000525-T1	NCU02498-t26_1-p1	0.0	1629	100
FC69C3D3_000526-T1	NCU02499-t26_1-p1	7.11e-152	421	100
FC69C3D3_000527-T1	NCU02500-t26_1-p1	4.00e-170	472	100
FC69C3D3_000528-T1	NCU02502-t26_1-p1	7.72e-286	772	100
FC69C3D3_000530-T1	NCU02504-t26_1-p1	2.46e-51	162	100
FC69C3D3_000531-T1	NCU02505-t26_1-p1	0.0	2339	97.8
FC69C3D3_000532-T1	NCU02507-t26_1-p1	1.01e-98	278	100
FC69C3D3_000533-T1	NCU02508-t26_1-p1	2.54e-112	318	100
FC69C3D3_000534-T1	NCU02509-t26_1-p1	2.90e-124	345	100
FC69C3D3_000535-T1	NCU02510-t26_1-p1	0.0	3316	100
FC69C3D3_000536-T1	NCU02511-t26_1-p1	0.0	1364	100
FC69C3D3_000537-T1	NCU02512-t26_1-p1	8.06e-235	649	100
FC69C3D3_000538-T1	NCU02513-t26_1-p1	2.15e-247	672	100
FC69C3D3_000539-T1	NCU02514-t26_1-p1	0.0	1057	100
FC69C3D3_000540-T1	NCU02515-t26_1-p1	0.0	1865	100
FC69C3D3_000541-T1	NCU02516-t26_1-p1	3.51e-241	655	99.4
FC69C3D3_000542-T1	NCU11237-t26_1-p1	2.04e-125	348	100
FC69C3D3_000543-T1	NCU11236-t26_1-p1	2.58e-181	501	100
FC69C3D3_000544-T1	NCU02520-t26_1-p1	3.23e-232	631	100
FC69C3D3_000545-T1	NCU02522-t26_1-p1	0.0	1066	100
FC69C3D3_000546-T1	NCU02524-t26_1-p1	0.0	2358	100
FC69C3D3_000547-T1	NCU02525-t26_1-p1	0.0	2129	100
FC69C3D3_000548-T1	NCU02526-t26_1-p1	2.78e-141	395	79.4
FC69C3D3_000549-T1	NCU02527-t26_1-p1	2.74e-157	451	100
FC69C3D3_000550-T1	NCU02528-t26_1-p1	7.45e-156	441	100
FC69C3D3_000551-T1	NCU02529-t26_1-p1	1.22e-110	311	100
FC69C3D3_000552-T1	NCU02530-t26_1-p1	3.10e-51	153	100
FC69C3D3_000553-T1	NCU02531-t26_1-p1	0.0	1751	100
FC69C3D3_000554-T1	NCU02532-t26_1-p1	0.0	884	100
FC69C3D3_000555-T1	NCU02533-t26_1-p1	1.87e-281	760	100
FC69C3D3_000556-T1	NCU02534-t26_1-p1	0.0	980	100
FC69C3D3_000557-T1	NCU02536-t26_1-p1	0.0	984	100
FC69C3D3_000558-T1	NCU16364-t26_1-p1	3.82e-119	332	100
FC69C3D3_000559-T1	NCU11235-t26_1-p1	0.0	1697	100
FC69C3D3_000560-T1	NCU11234-t26_1-p1	0.0	872	100
FC69C3D3_000561-T1	NCU02538-t26_1-p1	5.84e-143	395	100
FC69C3D3_000562-T1	NCU02539-t26_1-p1	0.0	1890	100
FC69C3D3_000563-T1	NCU02540-t26_1-p1	2.45e-213	585	100
FC69C3D3_000564-T1	NCU02541-t26_1-p1	0.0	957	100
FC69C3D3_000565-T1	NCU02542-t26_2-p1	0.0	1002	100
FC69C3D3_000566-T1	NCU02543-t26_1-p1	1.43e-296	802	98.6
FC69C3D3_000567-T1	NCU02544-t26_1-p1	0.0	2088	100
FC69C3D3_000568-T1	NCU02545-t26_1-p1	2.91e-215	587	100
FC69C3D3_000569-T1	NCU02546-t26_1-p1	0.0	1122	100
FC69C3D3_000570-T1	NCU02547-t26_1-p1	1.00e-82	242	100
FC69C3D3_000571-T1	NCU02548-t26_1-p1	3.57e-214	587	100
FC69C3D3_000572-T1	NCU02549-t26_1-p1	0.0	925	100
FC69C3D3_000573-T1	NCU02550-t26_1-p1	0.0	1707	96.0
FC69C3D3_000575-T1	NCU02552-t26_1-p1	2.51e-256	700	100
FC69C3D3_000576-T1	NCU02553-t26_1-p1	9.59e-266	724	100
FC69C3D3_000577-T1	NCU02554-t26_1-p1	0.0	3191	100
FC69C3D3_000578-T1	NCU02555-t26_1-p1	0.0	950	100
FC69C3D3_000579-T1	NCU16367-t26_1-p1	6.46e-196	539	100
FC69C3D3_000580-T1	NCU16368-t26_1-p1	0.0	1006	100
FC69C3D3_000581-T1	NCU02556-t26_1-p1	0.0	2184	100
FC69C3D3_000583-T1	NCU02559-t26_1-p1	1.43e-169	469	100
FC69C3D3_000584-T1	NCU02560-t26_1-p1	3.68e-269	728	98.6
FC69C3D3_000585-T1	NCU02561-t26_1-p1	1.24e-245	665	100
FC69C3D3_000586-T1	NCU02562-t26_1-p1	0.0	899	100
FC69C3D3_000587-T1	NCU02563-t26_1-p1	5.36e-202	552	100
FC69C3D3_000588-T1	NCU02564-t26_1-p1	0.0	914	100
FC69C3D3_000589-T1	NCU02565-t26_1-p1	0.0	1023	100
FC69C3D3_000590-T1	NCU02566-t26_1-p1	0.0	1895	100
FC69C3D3_000591-T1	NCU02567-t26_1-p1	1.57e-130	370	82.2
FC69C3D3_000592-T1	NCU02568-t26_1-p1	5.16e-92	266	100
FC69C3D3_000593-T1	NCU10788-t26_1-p1	2.29e-230	630	100
FC69C3D3_000594-T1	NCU10789-t26_1-p1	0.0	1478	99.9
FC69C3D3_000595-T1	NCU02570-t26_1-p1	1.36e-202	554	99.6
FC69C3D3_000596-T1	NCU02571-t26_1-p1	7.11e-283	765	100
FC69C3D3_000597-T1	NCU02572-t26_1-p1	0.0	1950	100
FC69C3D3_000598-T1	NCU02573-t26_1-p1	3.27e-149	411	100
FC69C3D3_000599-T1	NCU02576-t26_1-p1	0.0	1341	100
FC69C3D3_000600-T1	NCU02578-t26_1-p1	0.0	2744	98.7
FC69C3D3_000601-T1	NCU02579-t26_1-p1	1.88e-167	459	100
FC69C3D3_000602-T1	NCU02580-t26_1-p1	0.0	1228	100
FC69C3D3_000603-T1	NCU02582-t26_1-p1	0.0	1094	100
FC69C3D3_000604-T1	NCU02583-t26_1-p1	0.0	2148	100
FC69C3D3_000605-T1	NCU02584-t26_1-p1	2.85e-136	393	100
FC69C3D3_000606-T1	NCU02585-t26_1-p1	0.0	1424	100
FC69C3D3_000607-T1	NCU02586-t26_1-p1	0.0	1103	100
FC69C3D3_000608-T1	NCU02587-t26_1-p1	5.59e-259	702	100
FC69C3D3_000609-T1	NCU02588-t26_3-p1	5.52e-134	371	100
FC69C3D3_000610-T1	NCU02589-t26_1-p1	0.0	1052	100
FC69C3D3_000611-T1	NCU02590-t26_1-p1	6.34e-215	609	99.1
FC69C3D3_000612-T1	NCU02591-t26_2-p1	0.0	1251	100
FC69C3D3_000613-T1	NCU02592-t26_1-p1	0.0	1658	100
FC69C3D3_000615-T1	NCU02593-t26_1-p1	2.59e-204	556	100
FC69C3D3_000616-T1	NCU02594-t26_1-p1	9.70e-185	541	100
FC69C3D3_000617-T1	NCU02594-t26_1-p1	0.0	911	92.0
FC69C3D3_000618-T1	NCU02595-t26_1-p1	6.65e-93	263	100
FC69C3D3_000619-T1	NCU02596-t26_1-p1	6.06e-77	222	100
FC69C3D3_000620-T1	NCU02597-t26_1-p1	0.0	888	96.6
FC69C3D3_000621-T1	NCU02599-t26_1-p1	3.46e-137	381	100
FC69C3D3_000622-T1	NCU02600-t26_1-p1	0.0	1159	100
FC69C3D3_000623-T1	NCU02601-t26_1-p1	3.96e-174	483	75.6
FC69C3D3_000624-T1	NCU02602-t26_1-p1	3.58e-51	153	100
FC69C3D3_000625-T1	NCU02603-t26_1-p1	5.95e-293	790	100
FC69C3D3_000626-T1	NCU02604-t26_1-p1	0.0	1834	100
FC69C3D3_000627-T1	NCU02605-t26_1-p1	1.64e-60	177	100
FC69C3D3_000628-T1	NCU02606-t26_1-p1	3.96e-276	763	81.6
FC69C3D3_000629-T1	NCU02608-t26_1-p1	1.49e-189	522	100
FC69C3D3_000630-T1	NCU02609-t26_1-p1	0.0	1220	100
FC69C3D3_000631-T1	NCU02610-t26_1-p1	2.85e-72	208	100
FC69C3D3_000632-T1	NCU02611-t26_1-p1	0.0	1548	100
FC69C3D3_000633-T1	NCU02612-t26_1-p1	0.0	1966	93.9
FC69C3D3_000634-T1	NCU02613-t26_1-p1	5.86e-315	855	100
FC69C3D3_000635-T1	NCU02614-t26_1-p1	8.60e-139	383	100
FC69C3D3_000636-T1	NCU02615-t26_1-p1	4.05e-245	672	100
FC69C3D3_000637-T1	NCU02616-t26_1-p1	0.0	1135	100
FC69C3D3_000638-T1	NCU02617-t26_1-p1	0.0	1511	100
FC69C3D3_000639-T1	NCU02618-t26_1-p1	6.85e-234	646	100
FC69C3D3_000640-T1	NCU02619-t26_1-p1	0.0	1450	100
FC69C3D3_000641-T1	NCU02620-t26_1-p1	3.39e-305	839	100
FC69C3D3_000642-T1	NCU02621-t26_1-p1	0.0	941	92.9
FC69C3D3_000643-T1	NCU02623-t26_1-p1	4.63e-154	426	100
FC69C3D3_000644-T1	NCU02624-t26_1-p1	0.0	1082	100
FC69C3D3_000645-T1	NCU02625-t26_1-p1	0.0	1204	100
FC69C3D3_000646-T1	NCU02626-t26_1-p1	0.0	1778	100
FC69C3D3_000647-T1	NCU02627-t26_1-p1	3.23e-171	474	96.1
FC69C3D3_000648-T1	NCU02628-t26_1-p1	0.0	1649	100
FC69C3D3_000649-T1	NCU02629-t26_1-p1	0.0	1171	100
FC69C3D3_000650-T1	NCU02630-t26_1-p1	0.0	1390	100
FC69C3D3_000651-T1	NCU02631-t26_1-p1	3.02e-158	435	100
FC69C3D3_000652-T1	NCU02632-t26_1-p1	0.0	2179	100
FC69C3D3_000653-T1	NCU02633-t26_1-p1	1.26e-295	800	100
FC69C3D3_000654-T1	NCU02634-t26_1-p1	1.99e-270	733	100
FC69C3D3_000655-T1	NCU02635-t26_1-p1	1.85e-274	742	100
FC69C3D3_000656-T1	NCU02636-t26_1-p1	8.51e-118	328	100
FC69C3D3_000657-T1	NCU02637-t26_1-p1	0.0	1755	100
FC69C3D3_000658-T1	NCU02639-t26_1-p1	1.72e-315	849	100
FC69C3D3_000659-T1	NCU02640-t26_1-p1	1.87e-50	155	100
FC69C3D3_000660-T1	NCU02641-t26_1-p1	2.08e-197	548	100
FC69C3D3_000661-T1	NCU02644-t26_1-p1	1.48e-298	811	94.0
FC69C3D3_000662-T1	NCU02644-t26_2-p1	2.83e-169	483	100
FC69C3D3_000663-T1	NCU10075-t26_1-p1	0.0	1054	100
FC69C3D3_000664-T1	NCU02648-t26_1-p1	4.57e-192	534	99.2
FC69C3D3_000665-T1	NCU02650-t26_1-p1	0.0	932	100
FC69C3D3_000666-T1	NCU02651-t26_1-p1	0.0	877	100
FC69C3D3_000667-T1	NCU02652-t26_1-p1	2.57e-282	766	100
FC69C3D3_000668-T1	NCU02653-t26_1-p1	0.0	1042	100
FC69C3D3_000669-T1	NCU02654-t26_1-p1	1.18e-287	775	100
FC69C3D3_000670-T1	NCU02655-t26_1-p1	7.31e-95	280	100
FC69C3D3_000671-T1	NCU02656-t26_1-p1	0.0	1864	100
FC69C3D3_000672-T1	NCU02657-t26_1-p1	2.06e-289	781	100
FC69C3D3_000673-T1	NCU02658-t26_1-p1	8.58e-204	557	100
FC69C3D3_000674-T1	NCU02659-t26_1-p1	5.61e-123	342	100
FC69C3D3_000675-T1	NCU02660-t26_1-p1	2.24e-108	305	85.3
FC69C3D3_000676-T1	NCU02661-t26_1-p1	7.18e-128	354	100
FC69C3D3_000677-T1	NCU02663-t26_1-p1	0.0	1060	100
FC69C3D3_000678-T1	NCU02664-t26_1-p1	0.0	1210	100
FC69C3D3_000679-T1	NCU02665-t26_1-p1	0.0	900	100
FC69C3D3_000680-T1	NCU02666-t26_1-p1	0.0	1053	96.5
FC69C3D3_000681-T1	NCU02668-t26_1-p1	3.11e-314	848	100
FC69C3D3_000682-T1	NCU02669-t26_1-p1	0.0	3128	100
FC69C3D3_000683-T1	NCU02670-t26_1-p1	0.0	1556	100
FC69C3D3_000684-T1	NCU02671-t26_1-p1	0.0	1019	100
FC69C3D3_000685-T1	NCU02674-t26_1-p1	0.0	1632	100
FC69C3D3_000686-T1	NCU02675-t26_1-p1	7.55e-293	791	100
FC69C3D3_000687-T1	NCU02676-t26_1-p1	2.32e-18	77.4	100
FC69C3D3_000688-T1	NCU02677-t26_1-p1	0.0	2269	100
FC69C3D3_000689-T1	NCU02678-t26_1-p1	2.61e-235	645	100
FC69C3D3_000690-T1	NCU02679-t26_1-p1	0.0	1115	100
FC69C3D3_000692-T1	NCU02680-t26_2-p1	0.0	1231	100
FC69C3D3_000693-T1	NCU02681-t26_1-p1	3.50e-155	427	100
FC69C3D3_000694-T1	NCU02683-t26_1-p1	0.0	1397	99.3
FC69C3D3_000695-T1	NCU02684-t26_1-p1	1.39e-273	762	100
FC69C3D3_000696-T1	NCU02685-t26_1-p1	0.0	4319	100
FC69C3D3_000697-T1	NCU02686-t26_1-p1	0.0	880	90.6
FC69C3D3_000698-T1	NCU02687-t26_1-p1	1.02e-224	614	100
FC69C3D3_000699-T1	NCU02688-t26_2-p1	4.47e-240	656	100
FC69C3D3_000700-T1	NCU02689-t26_1-p1	0.0	2386	100
FC69C3D3_000701-T1	NCU02690-t26_1-p1	0.0	1025	94.5
FC69C3D3_000702-T1	NCU02691-t26_1-p1	1.02e-118	335	100
FC69C3D3_000703-T1	NCU02693-t26_1-p1	6.97e-274	740	100
FC69C3D3_000704-T1	NCU02695-t26_1-p1	3.74e-203	558	93.1
FC69C3D3_000705-T1	NCU02696-t26_1-p1	0.0	2060	100
FC69C3D3_000706-T1	NCU02697-t26_1-p1	1.30e-61	186	100
FC69C3D3_000707-T1	NCU02699-t26_1-p1	0.0	1024	95.1
FC69C3D3_000708-T1	NCU02700-t26_1-p1	2.38e-301	813	100
FC69C3D3_000709-T1	NCU02701-t26_1-p1	0.0	1432	100
FC69C3D3_000710-T1	NCU02702-t26_1-p1	1.18e-175	481	100
FC69C3D3_000711-T1	NCU02704-t26_1-p1	0.0	1049	100
FC69C3D3_000712-T1	NCU02705-t26_1-p1	1.17e-259	704	100
FC69C3D3_000713-T1	NCU02706-t26_1-p1	3.21e-154	426	100
FC69C3D3_000714-T1	NCU02707-t26_1-p1	9.35e-137	379	100
FC69C3D3_000715-T1	NCU10498-t26_1-p1	1.69e-79	228	100
FC69C3D3_000716-T1	NCU10497-t26_1-p1	0.0	1474	98.8
FC69C3D3_000717-T1	NCU02710-t26_1-p1	0.0	1225	94.4
FC69C3D3_000718-T1	NCU02711-t26_1-p1	1.31e-156	439	100
FC69C3D3_000719-T1	NCU02712-t26_1-p1	0.0	919	100
FC69C3D3_000720-T1	NCU02713-t26_1-p1	5.79e-180	496	100
FC69C3D3_000721-T1	NCU02716-t26_1-p1	0.0	1127	94.7
FC69C3D3_000722-T1	NCU02717-t26_1-p1	0.0	1125	100
FC69C3D3_000723-T1	NCU02718-t26_3-p1	0.0	1137	100
FC69C3D3_000724-T1	NCU02719-t26_1-p1	2.33e-56	169	100
FC69C3D3_000725-T1	NCU02720-t26_1-p1	0.0	1653	97.3
FC69C3D3_000726-T1	NCU02722-t26_1-p1	2.42e-141	390	100
FC69C3D3_000727-T1	NCU02723-t26_1-p1	3.37e-150	414	100
FC69C3D3_000728-T1	NCU02724-t26_1-p1	5.32e-248	681	100
FC69C3D3_000729-T1	NCU02725-t26_1-p1	0.0	1705	100
FC69C3D3_000730-T1	NCU02726-t26_1-p1	0.0	882	100
FC69C3D3_000731-T1	NCU02727-t26_1-p1	0.0	914	100
FC69C3D3_000732-T1	NCU02728-t26_1-p1	0.0	1959	100
FC69C3D3_000733-T1	NCU02729-t26_1-p1	0.0	944	100
FC69C3D3_000734-T1	NCU02730-t26_1-p1	4.90e-227	619	100
FC69C3D3_000735-T1	NCU02731-t26_1-p1	1.31e-267	729	100
FC69C3D3_000736-T1	NCU02732-t26_1-p1	8.47e-295	802	100
FC69C3D3_000737-T1	NCU02733-t26_1-p1	8.42e-130	361	100
FC69C3D3_000738-T1	NCU02734-t26_1-p1	2.52e-222	605	100
FC69C3D3_000739-T1	NCU02736-t26_2-p1	8.24e-60	185	91.2
FC69C3D3_000740-T1	NCU02737-t26_1-p1	1.17e-158	438	98.6
FC69C3D3_000741-T1	NCU02738-t26_2-p1	8.91e-145	400	100
FC69C3D3_000742-T1	NCU02740-t26_1-p1	6.98e-214	583	100
FC69C3D3_000743-T1	NCU02741-t26_1-p1	2.18e-256	694	100
FC69C3D3_000744-T1	NCU02742-t26_1-p1	0.0	2457	100
FC69C3D3_000745-T1	NCU02743-t26_1-p1	4.63e-238	646	100
FC69C3D3_000746-T1	NCU02744-t26_1-p1	1.58e-135	375	100
FC69C3D3_000747-T1	NCU02745-t26_1-p1	1.08e-173	485	99.4
FC69C3D3_000748-T1	NCU02746-t26_1-p1	0.0	944	100
FC69C3D3_000749-T1	NCU02747-t26_1-p1	0.0	2348	100
FC69C3D3_000750-T1	NCU02748-t26_1-p1	4.64e-142	402	100
FC69C3D3_000751-T1	NCU02749-t26_1-p1	0.0	1030	100
FC69C3D3_000752-T1	NCU02750-t26_1-p1	0.0	2243	98.3
FC69C3D3_000753-T1	NCU02751-t26_1-p1	0.0	2464	100
FC69C3D3_000754-T1	NCU02752-t26_1-p1	1.30e-171	496	69.3
FC69C3D3_000755-T1	NCU02752-t26_1-p1	4.98e-36	133	90.3
FC69C3D3_000756-T1	NCU02753-t26_1-p1	2.32e-209	573	82.5
FC69C3D3_000757-T1	NCU11228-t26_1-p1	0.0	2132	100
FC69C3D3_000758-T1	NCU02754-t26_1-p1	2.11e-181	499	100
FC69C3D3_000759-T1	NCU02755-t26_1-p1	3.15e-231	635	100
FC69C3D3_000760-T1	NCU02757-t26_1-p1	2.12e-285	770	100
FC69C3D3_000761-T1	NCU02758-t26_1-p1	0.0	924	100
FC69C3D3_000762-T1	NCU02759-t26_1-p1	9.16e-224	609	100
FC69C3D3_000763-T1	NCU02761-t26_1-p1	1.27e-68	200	100
FC69C3D3_000764-T1	NCU02762-t26_1-p1	0.0	4253	100
FC69C3D3_000765-T1	NCU09388-t26_1-p1	0.0	1374	100
FC69C3D3_000766-T1	NCU09387-t26_1-p1	0.0	989	100
FC69C3D3_000767-T1	NCU09386-t26_1-p1	6.96e-93	264	100
FC69C3D3_000768-T1	NCU09384-t26_1-p1	0.0	1206	100
FC69C3D3_000769-T1	NCU09383-t26_1-p1	1.96e-35	119	100
FC69C3D3_000770-T1	NCU09382-t26_1-p1	4.30e-266	722	100
FC69C3D3_000771-T1	NCU09381-t26_1-p1	2.63e-153	423	100
FC69C3D3_000772-T1	NCU09380-t26_1-p1	0.0	1197	100
FC69C3D3_000773-T1	NCU09378-t26_1-p1	2.72e-95	270	100
FC69C3D3_000774-T1	NCU09377-t26_1-p1	0.0	936	92.9
FC69C3D3_000775-T1	NCU09376-t26_1-p1	1.31e-195	539	100
FC69C3D3_000776-T1	NCU09375-t26_1-p1	8.65e-177	486	100
FC69C3D3_000777-T1	NCU09374-t26_1-p1	0.0	2138	100
FC69C3D3_000778-T1	NCU09372-t26_1-p1	3.54e-167	457	100
FC69C3D3_000779-T1	NCU09371-t26_1-p1	9.39e-142	392	100
FC69C3D3_000780-T1	NCU09370-t26_1-p1	0.0	1644	100
FC69C3D3_000781-T1	NCU09368-t26_1-p1	3.90e-306	830	100
FC69C3D3_000782-T1	NCU09367-t26_1-p1	0.0	3793	100
FC69C3D3_000783-T1	NCU09366-t26_1-p1	6.09e-196	534	100
FC69C3D3_000784-T1	NCU09365-t26_1-p1	4.77e-250	697	100
FC69C3D3_000785-T1	NCU09364-t26_1-p1	8.86e-157	432	100
FC69C3D3_000786-T1	NCU10352-t26_1-p1	1.55e-55	164	100
FC69C3D3_000787-T1	NCU09363-t26_1-p1	2.06e-293	792	100
FC69C3D3_000788-T1	NCU09362-t26_1-p1	0.0	1877	97.5
FC69C3D3_000789-T1	NCU09360-t26_1-p1	1.33e-286	778	100
FC69C3D3_000790-T1	NCU09999-t26_1-p1	2.22e-211	576	100
FC69C3D3_000791-T1	NCU09998-t26_1-p1	0.0	2502	100
FC69C3D3_000792-T1	NCU09995-t26_3-p1	1.79e-66	194	100
FC69C3D3_000793-T1	NCU10058-t26_1-p1	0.0	1063	97.1
FC69C3D3_000794-T1	NCU16377-t26_1-p1	1.12e-126	352	100
FC69C3D3_000795-T1	NCU10059-t26_1-p1	0.0	1121	100
FC69C3D3_000796-T1	NCU08578-t26_1-p1	8.33e-303	817	100
FC69C3D3_000797-T1	NCU08579-t26_1-p1	0.0	1176	100
FC69C3D3_000798-T1	NCU09894-t26_1-p1	0.0	1807	100
FC69C3D3_000799-T1	NCU09895-t26_1-p1	5.07e-153	424	100
FC69C3D3_000800-T1	NCU09896-t26_1-p1	1.82e-152	420	100
FC69C3D3_000801-T1	NCU09897-t26_1-p1	2.57e-281	761	100
FC69C3D3_000802-T1	NCU09898-t26_1-p1	9.81e-255	720	100
FC69C3D3_000803-T1	NCU09899-t26_1-p1	0.0	1014	100
FC69C3D3_000804-T1	NCU09900-t26_1-p1	3.78e-174	477	100
FC69C3D3_000805-T1	NCU10073-t26_1-p1	0.0	1459	100
FC69C3D3_000806-T1	NCU09803-t26_1-p1	1.95e-188	515	100
FC69C3D3_000807-T1	NCU09804-t26_1-p1	1.73e-207	588	100
FC69C3D3_000808-T1	NCU09804-t26_1-p1	1.49e-276	768	98.5
FC69C3D3_000809-T1	NCU09805-t26_1-p1	4.89e-110	325	100
FC69C3D3_000810-T1	NCU09806-t26_1-p1	1.19e-148	409	100
FC69C3D3_000811-T1	NCU09807-t26_1-p1	0.0	2333	97.6
FC69C3D3_000812-T1	NCU09808-t26_1-p1	0.0	1537	100
FC69C3D3_000813-T1	NCU09810-t26_1-p1	0.0	1174	96.0
FC69C3D3_000814-T1	NCU09811-t26_1-p1	1.47e-116	338	100
FC69C3D3_000815-T1	NCU09811-t26_1-p1	1.66e-200	556	100
FC69C3D3_000816-T1	NCU09812-t26_1-p1	0.0	1748	100
FC69C3D3_000817-T1	NCU09813-t26_1-p1	8.04e-68	197	100
FC69C3D3_000818-T1	NCU09814-t26_1-p1	0.0	1795	100
FC69C3D3_000819-T1	NCU09816-t26_1-p1	3.25e-235	638	100
FC69C3D3_000820-T1	NCU09817-t26_1-p1	7.26e-272	736	98.7
FC69C3D3_000821-T1	NCU09818-t26_1-p1	5.66e-165	454	95.9
FC69C3D3_000822-T1	NCU09819-t26_1-p1	0.0	1256	100
FC69C3D3_000823-T1	NCU09820-t26_1-p1	0.0	2469	98.4
FC69C3D3_000824-T1	NCU09821-t26_1-p1	1.58e-220	599	100
FC69C3D3_000825-T1	NCU09333-t26_1-p1	0.0	1463	95.0
FC69C3D3_000826-T1	NCU09332-t26_1-p1	0.0	1566	97.0
FC69C3D3_000827-T1	NCU09331-t26_1-p1	2.78e-88	252	100
FC69C3D3_000828-T1	NCU09329-t26_1-p1	2.66e-138	389	100
FC69C3D3_000829-T1	NCU09328-t26_1-p1	0.0	1134	100
FC69C3D3_000830-T1	NCU09327-t26_1-p1	0.0	2204	100
FC69C3D3_000831-T1	NCU09326-t26_1-p1	0.0	942	100
FC69C3D3_000832-T1	NCU09325-t26_1-p1	0.0	1492	100
FC69C3D3_000833-T1	NCU09324-t26_1-p1	0.0	2414	100
FC69C3D3_000834-T1	NCU09322-t26_1-p1	0.0	1496	100
FC69C3D3_000835-T1	NCU09321-t26_1-p1	0.0	1013	95.6
FC69C3D3_000836-T1	NCU09320-t26_1-p1	3.52e-238	647	100
FC69C3D3_000837-T1	NCU09319-t26_2-p1	0.0	1535	100
FC69C3D3_000838-T1	NCU09318-t26_1-p1	0.0	2224	100
FC69C3D3_000839-T1	NCU09317-t26_1-p1	0.0	1269	100
FC69C3D3_000840-T1	NCU09316-t26_1-p1	0.0	1349	100
FC69C3D3_000841-T1	NCU09315-t26_1-p1	0.0	1341	100
FC69C3D3_000842-T1	NCU09314-t26_1-p1	2.30e-240	671	100
FC69C3D3_000843-T1	NCU09313-t26_1-p1	0.0	1622	100
FC69C3D3_000844-T1	NCU09312-t26_1-p1	1.57e-243	660	100
FC69C3D3_000845-T1	NCU09311-t26_1-p1	0.0	955	100
FC69C3D3_000846-T1	NCU09310-t26_2-p1	0.0	1056	100
FC69C3D3_000847-T1	NCU09309-t26_1-p1	1.25e-217	591	100
FC69C3D3_000848-T1	NCU09308-t26_1-p1	0.0	1063	100
FC69C3D3_000849-T1	NCU09307-t26_1-p1	0.0	2123	100
FC69C3D3_000850-T1	NCU03055-t26_1-p1	0.0	942	95.6
FC69C3D3_000851-T1	NCU03056-t26_1-p1	3.71e-169	469	98.0
FC69C3D3_000852-T1	NCU03057-t26_1-p1	0.0	889	100
FC69C3D3_000853-T1	NCU03058-t26_1-p1	0.0	2060	100
FC69C3D3_000854-T1	NCU03059-t26_1-p1	0.0	1141	100
FC69C3D3_000855-T1	NCU03060-t26_1-p1	0.0	3100	100
FC69C3D3_000856-T1	NCU03061-t26_1-p1	0.0	1199	100
FC69C3D3_000857-T1	NCU03062-t26_1-p1	0.0	1404	100
FC69C3D3_000858-T1	NCU03063-t26_1-p1	0.0	1139	100
FC69C3D3_000859-T1	NCU03064-t26_2-p1	0.0	1013	100
FC69C3D3_000860-T1	NCU03065-t26_1-p1	0.0	1903	100
FC69C3D3_000861-T1	NCU03066-t26_1-p1	0.0	976	100
FC69C3D3_000862-T1	NCU03067-t26_1-p1	0.0	909	100
FC69C3D3_000863-T1	NCU03068-t26_1-p1	4.80e-159	438	100
FC69C3D3_000864-T1	NCU03070-t26_1-p1	0.0	1274	100
FC69C3D3_000865-T1	NCU03071-t26_1-p1	0.0	2674	100
FC69C3D3_000866-T1	NCU03072-t26_1-p1	0.0	1393	100
FC69C3D3_000867-T1	NCU03073-t26_1-p1	6.23e-117	343	100
FC69C3D3_000868-T1	NCU03076-t26_1-p1	0.0	1181	100
FC69C3D3_000869-T1	NCU03078-t26_1-p1	1.96e-72	216	100
FC69C3D3_000871-T1	NCU03079-t26_1-p1	0.0	1683	100
FC69C3D3_000872-T1	NCU03080-t26_1-p1	0.0	1148	100
FC69C3D3_000873-T1	NCU03081-t26_1-p1	2.47e-135	379	100
FC69C3D3_000874-T1	NCU03082-t26_1-p1	0.0	979	100
FC69C3D3_000875-T1	NCU03083-t26_1-p1	3.86e-264	723	100
FC69C3D3_000876-T1	NCU03084-t26_1-p1	0.0	880	100
FC69C3D3_000877-T1	NCU03085-t26_1-p1	1.26e-42	132	100
FC69C3D3_000878-T1	NCU03086-t26_1-p1	1.33e-200	547	100
FC69C3D3_000879-T1	NCU16385-t26_1-p1	1.81e-75	217	100
FC69C3D3_000880-T1	NCU03087-t26_1-p1	1.28e-204	560	95.6
FC69C3D3_000881-T1	NCU10595-t26_1-p1	2.63e-179	495	100
FC69C3D3_000882-T1	NCU03088-t26_1-p1	0.0	911	100
FC69C3D3_000883-T1	NCU03089-t26_1-p1	2.58e-166	474	100
FC69C3D3_000885-T1	NCU03091-t26_1-p1	1.48e-236	649	100
FC69C3D3_000886-T1	NCU03092-t26_1-p1	1.92e-151	435	100
FC69C3D3_000887-T1	NCU03093-t26_1-p1	9.15e-74	212	100
FC69C3D3_000888-T1	NCU03094-t26_1-p1	6.93e-140	389	100
FC69C3D3_000889-T1	NCU03095-t26_1-p1	0.0	1019	100
FC69C3D3_000890-T1	NCU03096-t26_1-p1	6.53e-165	453	100
FC69C3D3_000891-T1	NCU03097-t26_1-p1	0.0	1221	100
FC69C3D3_000892-T1	NCU03098-t26_1-p1	0.0	1400	100
FC69C3D3_000893-T1	NCU03099-t26_1-p1	2.29e-197	549	100
FC69C3D3_000894-T1	NCU03100-t26_1-p1	0.0	998	100
FC69C3D3_000895-T1	NCU03101-t26_1-p1	0.0	1017	100
FC69C3D3_000896-T1	NCU03102-t26_1-p1	3.09e-115	322	100
FC69C3D3_000897-T1	NCU03103-t26_1-p1	0.0	2327	100
FC69C3D3_000898-T1	NCU03104-t26_1-p1	0.0	2345	100
FC69C3D3_000899-T1	NCU03105-t26_1-p1	0.0	972	100
FC69C3D3_000900-T1	NCU03106-t26_1-p1	1.67e-171	478	100
FC69C3D3_000901-T1	NCU03107-t26_1-p1	0.0	1075	100
FC69C3D3_000902-T1	NCU03108-t26_1-p1	0.0	1572	100
FC69C3D3_000903-T1	NCU03110-t26_1-p1	0.0	949	82.6
FC69C3D3_000904-T1	NCU03111-t26_1-p1	8.01e-136	380	100
FC69C3D3_000905-T1	NCU03112-t26_1-p1	6.11e-242	657	100
FC69C3D3_000906-T1	NCU03113-t26_1-p1	0.0	1026	100
FC69C3D3_000907-T1	NCU03114-t26_1-p1	4.83e-198	540	100
FC69C3D3_000908-T1	NCU03115-t26_1-p1	0.0	1429	100
FC69C3D3_000909-T1	NCU03116-t26_1-p1	0.0	2666	100
FC69C3D3_000910-T1	NCU03117-t26_1-p1	0.0	1038	100
FC69C3D3_000911-T1	NCU03118-t26_1-p1	2.54e-276	746	100
FC69C3D3_000912-T1	NCU03120-t26_1-p1	0.0	1334	94.6
FC69C3D3_000913-T1	NCU03121-t26_1-p1	0.0	1660	100
FC69C3D3_000914-T1	NCU03122-t26_1-p1	0.0	917	100
FC69C3D3_000915-T1	NCU03123-t26_1-p1	0.0	2107	100
FC69C3D3_000916-T1	NCU03124-t26_1-p1	3.74e-253	685	100
FC69C3D3_000917-T1	NCU03125-t26_1-p1	0.0	1517	100
FC69C3D3_000918-T1	NCU03126-t26_1-p1	4.72e-204	559	100
FC69C3D3_000919-T1	NCU03127-t26_1-p1	0.0	1674	100
FC69C3D3_000920-T1	NCU03128-t26_1-p1	0.0	1190	100
FC69C3D3_000921-T1	NCU03129-t26_1-p1	0.0	1003	100
FC69C3D3_000922-T1	NCU03130-t26_1-p1	2.48e-203	555	100
FC69C3D3_000923-T1	NCU03131-t26_1-p1	1.82e-297	803	100
FC69C3D3_000924-T1	NCU03132-t26_1-p1	2.07e-281	779	100
FC69C3D3_000925-T1	NCU03133-t26_1-p1	4.27e-125	356	100
FC69C3D3_000926-T1	NCU03134-t26_1-p1	0.0	1298	100
FC69C3D3_000927-T1	NCU03135-t26_1-p1	4.18e-125	350	100
FC69C3D3_000928-T1	NCU03136-t26_1-p1	0.0	2177	100
FC69C3D3_000929-T1	NCU03137-t26_1-p1	0.0	1531	100
FC69C3D3_000930-T1	NCU03138-t26_1-p1	3.01e-133	380	100
FC69C3D3_000931-T1	NCU03139-t26_1-p1	0.0	1652	100
FC69C3D3_000932-T1	NCU03141-t26_1-p1	0.0	1297	100
FC69C3D3_000933-T1	NCU10470-t26_1-p1	2.37e-187	537	98.5
FC69C3D3_000934-T1	NCU10470-t26_1-p1	1.19e-153	449	99.6
FC69C3D3_000935-T1	NCU03145-t26_1-p1	0.0	936	100
FC69C3D3_000936-T1	NCU03146-t26_1-p1	0.0	1005	100
FC69C3D3_000937-T1	NCU03147-t26_1-p1	1.10e-84	241	100
FC69C3D3_000938-T1	NCU03148-t26_1-p1	7.23e-99	280	92.6
FC69C3D3_000939-T1	NCU03149-t26_1-p1	1.25e-290	785	100
FC69C3D3_000940-T1	NCU03150-t26_1-p1	8.02e-86	247	100
FC69C3D3_000941-T1	NCU03151-t26_1-p1	1.62e-101	286	89.2
FC69C3D3_000942-T1	NCU03153-t26_1-p1	2.59e-287	780	100
FC69C3D3_000943-T1	NCU03154-t26_1-p1	0.0	1058	100
FC69C3D3_000944-T1	NCU03155-t26_1-p1	6.94e-114	318	100
FC69C3D3_000945-T1	NCU03156-t26_1-p1	1.49e-63	186	100
FC69C3D3_000946-T1	NCU03158-t26_1-p1	4.91e-161	451	100
FC69C3D3_000947-T1	NCU03159-t26_1-p1	4.61e-260	704	100
FC69C3D3_000948-T1	NCU03160-t26_1-p1	1.17e-168	471	100
FC69C3D3_000949-T1	NCU03162-t26_1-p1	9.07e-134	373	100
FC69C3D3_000950-T1	NCU03163-t26_1-p1	2.60e-87	248	100
FC69C3D3_000951-T1	NCU03164-t26_1-p1	0.0	2994	100
FC69C3D3_000952-T1	NCU03166-t26_1-p1	3.46e-223	607	100
FC69C3D3_000953-T1	NCU03168-t26_1-p1	0.0	958	100
FC69C3D3_000954-T1	NCU03169-t26_1-p1	0.0	1328	100
FC69C3D3_000955-T1	NCU03170-t26_1-p1	1.50e-144	399	100
FC69C3D3_000956-T1	NCU03171-t26_1-p1	0.0	1640	100
FC69C3D3_000957-T1	NCU03173-t26_1-p1	1.67e-306	828	100
FC69C3D3_000958-T1	NCU03174-t26_3-p1	4.62e-250	694	100
FC69C3D3_000959-T1	NCU03175-t26_1-p1	0.0	1855	100
FC69C3D3_000960-T1	NCU03176-t26_1-p1	0.0	1329	100
FC69C3D3_000961-T1	NCU03177-t26_1-p1	2.40e-210	572	100
FC69C3D3_000962-T1	NCU03178-t26_1-p1	0.0	898	99.8
FC69C3D3_000963-T1	NCU03179-t26_1-p1	2.33e-95	274	100
FC69C3D3_000964-T1	NCU03181-t26_1-p1	1.54e-145	410	100
FC69C3D3_000965-T1	NCU03184-t26_1-p1	1.03e-163	454	87.9
FC69C3D3_000966-T1	NCU03186-t26_1-p1	0.0	1310	100
FC69C3D3_000967-T1	NCU03187-t26_1-p1	0.0	1464	100
FC69C3D3_000968-T1	NCU03188-t26_1-p1	0.0	1143	100
FC69C3D3_000969-T1	NCU03189-t26_1-p1	3.60e-247	671	90.2
FC69C3D3_000970-T1	NCU03190-t26_1-p1	0.0	1481	100
FC69C3D3_000971-T1	NCU03191-t26_1-p1	0.0	960	100
FC69C3D3_000972-T1	NCU03193-t26_1-p1	9.41e-79	226	100
FC69C3D3_000973-T1	NCU03194-t26_1-p1	0.0	1215	100
FC69C3D3_000974-T1	NCU03195-t26_1-p1	1.74e-247	673	100
FC69C3D3_000975-T1	NCU11252-t26_1-p1	1.25e-268	735	100
FC69C3D3_000976-T1	NCU11251-t26_2-p1	2.06e-300	820	99.8
FC69C3D3_000977-T1	NCU03197-t26_1-p1	0.0	1022	100
FC69C3D3_000978-T1	NCU03198-t26_1-p1	4.88e-307	829	100
FC69C3D3_000979-T1	NCU03199-t26_1-p1	1.02e-75	219	100
FC69C3D3_000980-T1	NCU03200-t26_2-p1	0.0	1230	73.8
FC69C3D3_000981-T1	NCU03204-t26_1-p1	0.0	1150	100
FC69C3D3_000982-T1	NCU03205-t26_1-p1	2.08e-133	370	100
FC69C3D3_000983-T1	NCU03206-t26_1-p1	8.65e-263	711	100
FC69C3D3_000984-T1	NCU03207-t26_1-p1	9.01e-271	736	100
FC69C3D3_000985-T1	NCU03208-t26_1-p1	5.31e-140	387	100
FC69C3D3_000986-T1	NCU03209-t26_1-p1	0.0	867	100
FC69C3D3_000987-T1	NCU03210-t26_1-p1	6.06e-172	483	100
FC69C3D3_000988-T1	NCU03211-t26_1-p1	4.98e-241	656	100
FC69C3D3_000989-T1	NCU03212-t26_1-p1	0.0	1301	100
FC69C3D3_000990-T1	NCU03213-t26_1-p1	2.53e-161	445	99.5
FC69C3D3_000991-T1	NCU03214-t26_1-p1	7.95e-187	517	100
FC69C3D3_000992-T1	NCU03215-t26_1-p1	0.0	1310	100
FC69C3D3_000993-T1	NCU03216-t26_1-p1	3.63e-192	525	100
FC69C3D3_000994-T1	NCU03217-t26_1-p1	0.0	1007	100
FC69C3D3_000995-T1	NCU03218-t26_1-p1	0.0	914	98.6
FC69C3D3_000996-T1	NCU03219-t26_1-p1	0.0	1658	100
FC69C3D3_000997-T1	NCU03220-t26_3-p1	0.0	3199	96.5
FC69C3D3_000998-T1	NCU03222-t26_1-p1	4.45e-134	372	100
FC69C3D3_000999-T1	NCU03223-t26_2-p1	1.67e-288	780	90.2
FC69C3D3_001000-T1	NCU11249-t26_1-p1	1.91e-309	835	100
FC69C3D3_001001-T1	NCU11248-t26_1-p1	1.04e-196	538	100
FC69C3D3_001002-T1	NCU03225-t26_1-p1	0.0	1968	100
FC69C3D3_001003-T1	NCU03226-t26_1-p1	6.21e-105	296	100
FC69C3D3_001005-T1	NCU03228-t26_1-p1	0.0	986	100
FC69C3D3_001007-T1	NCU03229-t26_1-p1	0.0	944	100
FC69C3D3_001008-T1	NCU03230-t26_1-p1	3.55e-146	410	100
FC69C3D3_001009-T1	NCU03231-t26_1-p1	0.0	942	100
FC69C3D3_001010-T1	NCU03232-t26_1-p1	1.13e-126	353	100
FC69C3D3_001011-T1	NCU03233-t26_1-p1	1.70e-35	114	98.1
FC69C3D3_001012-T1	NCU03234-t26_1-p1	0.0	4300	100
FC69C3D3_001013-T1	NCU03235-t26_1-p1	0.0	1764	100
FC69C3D3_001014-T1	NCU03237-t26_1-p1	0.0	884	100
FC69C3D3_001015-T1	NCU03238-t26_1-p1	0.0	974	100
FC69C3D3_001016-T1	NCU03239-t26_1-p1	2.27e-143	397	100
FC69C3D3_001017-T1	NCU03240-t26_1-p1	0.0	1302	100
FC69C3D3_001018-T1	NCU03241-t26_1-p1	4.85e-239	660	100
FC69C3D3_001019-T1	NCU03242-t26_1-p1	5.96e-152	442	100
FC69C3D3_001020-T1	NCU03242-t26_1-p1	7.82e-237	665	100
FC69C3D3_001021-T1	NCU03243-t26_1-p1	0.0	1082	100
FC69C3D3_001022-T1	NCU03244-t26_1-p1	7.83e-267	739	100
FC69C3D3_001023-T1	NCU03245-t26_1-p1	1.07e-68	199	100
FC69C3D3_001024-T1	NCU03246-t26_1-p1	0.0	1214	100
FC69C3D3_001025-T1	NCU03247-t26_1-p1	3.53e-285	770	100
FC69C3D3_001026-T1	NCU03248-t26_1-p1	1.36e-199	552	100
FC69C3D3_001027-T1	NCU03250-t26_1-p1	0.0	1269	100
FC69C3D3_001028-T1	NCU03253-t26_1-p1	0.0	1140	100
FC69C3D3_001029-T1	NCU03254-t26_1-p1	0.0	988	100
FC69C3D3_001030-T1	NCU03255-t26_1-p1	0.0	1242	100
FC69C3D3_001031-T1	NCU03257-t26_1-p1	0.0	1040	100
FC69C3D3_001032-T1	NCU03258-t26_1-p1	2.42e-228	629	100
FC69C3D3_001033-T1	NCU03258-t26_1-p1	2.38e-147	419	100
FC69C3D3_001034-T1	NCU03260-t26_1-p1	0.0	2298	100
FC69C3D3_001035-T1	NCU03261-t26_1-p1	5.04e-153	421	100
FC69C3D3_001036-T1	NCU03263-t26_1-p1	0.0	2897	100
FC69C3D3_001037-T1	NCU03264-t26_1-p1	0.0	1424	100
FC69C3D3_001038-T1	NCU03265-t26_1-p1	1.05e-193	538	100
FC69C3D3_001039-T1	NCU03266-t26_1-p1	0.0	1283	100
FC69C3D3_001040-T1	NCU03267-t26_1-p1	0.0	1316	100
FC69C3D3_001041-T1	NCU03268-t26_1-p1	1.25e-172	474	100
FC69C3D3_001042-T1	NCU03269-t26_1-p1	1.89e-301	816	100
FC69C3D3_001043-T1	NCU03270-t26_1-p1	2.26e-52	164	100
FC69C3D3_001044-T1	NCU03273-t26_1-p1	0.0	931	100
FC69C3D3_001045-T1	NCU03274-t26_1-p1	1.21e-178	499	100
FC69C3D3_001046-T1	NCU03276-t26_2-p1	5.93e-193	528	100
FC69C3D3_001047-T1	NCU03277-t26_1-p1	4.05e-311	839	100
FC69C3D3_001048-T1	NCU03278-t26_1-p1	4.88e-312	840	100
FC69C3D3_001049-T1	NCU03279-t26_1-p1	1.08e-87	269	100
FC69C3D3_001050-T1	NCU03280-t26_1-p1	3.40e-286	776	100
FC69C3D3_001052-T1	NCU03281-t26_1-p1	2.23e-108	306	100
FC69C3D3_001053-T1	NCU03282-t26_1-p1	9.32e-142	390	100
FC69C3D3_001054-T1	NCU03283-t26_1-p1	3.02e-163	449	100
FC69C3D3_001055-T1	NCU03285-t26_2-p1	1.34e-76	235	100
FC69C3D3_001056-T1	NCU03287-t26_1-p1	2.70e-286	776	100
FC69C3D3_001057-T1	NCU16394-t26_1-p1	0.0	1933	100
FC69C3D3_001058-T1	NCU03289-t26_1-p1	1.31e-97	279	100
FC69C3D3_001059-T1	NCU03290-t26_1-p1	0.0	1351	99.1
FC69C3D3_001060-T1	NCU03291-t26_1-p1	0.0	1266	100
FC69C3D3_001061-T1	NCU03292-t26_1-p1	0.0	1984	100
FC69C3D3_001062-T1	NCU11246-t26_1-p1	0.0	1645	100
FC69C3D3_001064-T1	NCU03293-t26_1-p1	6.25e-75	221	100
FC69C3D3_001065-T1	NCU03294-t26_1-p1	9.59e-111	312	96.2
FC69C3D3_001066-T1	NCU03295-t26_1-p1	0.0	1118	99.1
FC69C3D3_001067-T1	NCU03296-t26_1-p1	1.06e-225	616	100
FC69C3D3_001068-T1	NCU03297-t26_1-p1	7.48e-271	731	100
FC69C3D3_001069-T1	NCU10810-t26_1-p1	0.0	1100	94.2
FC69C3D3_001070-T1	NCU03298-t26_1-p1	0.0	1790	100
FC69C3D3_001071-T1	NCU03300-t26_1-p1	6.89e-144	402	100
FC69C3D3_001072-T1	NCU10506-t26_1-p1	0.0	1004	100
FC69C3D3_001073-T1	NCU03302-t26_1-p1	1.30e-64	189	100
FC69C3D3_001074-T1	NCU03303-t26_1-p1	0.0	998	100
FC69C3D3_001075-T1	NCU03304-t26_1-p1	5.46e-151	416	100
FC69C3D3_001076-T1	NCU03305-t26_1-p1	0.0	1915	100
FC69C3D3_001077-T1	NCU03306-t26_1-p1	5.33e-76	219	100
FC69C3D3_001078-T1	NCU03307-t26_1-p1	3.36e-228	627	100
FC69C3D3_001079-T1	NCU03308-t26_1-p1	5.98e-225	618	100
FC69C3D3_001080-T1	NCU03310-t26_1-p1	3.16e-216	589	100
FC69C3D3_001081-T1	NCU03311-t26_1-p1	6.86e-217	592	100
FC69C3D3_001082-T1	NCU03312-t26_1-p1	0.0	1201	100
FC69C3D3_001083-T1	NCU03313-t26_1-p1	6.65e-123	342	100
FC69C3D3_001084-T1	NCU03314-t26_2-p1	1.35e-213	580	100
FC69C3D3_001085-T1	NCU03315-t26_1-p1	2.02e-217	600	100
FC69C3D3_001086-T1	NCU03316-t26_1-p1	0.0	957	100
FC69C3D3_001087-T1	NCU03317-t26_1-p1	0.0	1222	100
FC69C3D3_001088-T1	NCU03318-t26_1-p1	1.07e-142	404	100
FC69C3D3_001089-T1	NCU03319-t26_1-p1	2.82e-215	586	100
FC69C3D3_001090-T1	NCU03320-t26_1-p1	0.0	1010	100
FC69C3D3_001091-T1	NCU03321-t26_1-p1	0.0	1462	100
FC69C3D3_001092-T1	NCU03322-t26_1-p1	2.53e-289	784	100
FC69C3D3_001093-T1	NCU03323-t26_1-p1	9.63e-161	442	100
FC69C3D3_001094-T1	NCU03325-t26_1-p1	0.0	1210	100
FC69C3D3_001095-T1	NCU09106-t26_1-p1	0.0	1947	100
FC69C3D3_001096-T1	NCU09107-t26_1-p1	3.79e-75	217	100
FC69C3D3_001097-T1	NCU09108-t26_1-p1	4.06e-294	795	100
FC69C3D3_001098-T1	NCU09109-t26_1-p1	5.45e-43	133	98.5
FC69C3D3_001099-T1	NCU09111-t26_1-p1	0.0	1008	100
FC69C3D3_001100-T1	NCU09112-t26_1-p1	0.0	2322	100
FC69C3D3_001101-T1	NCU16396-t26_1-p1	0.0	1306	100
FC69C3D3_001102-T1	NCU16397-t26_1-p1	0.0	919	96.5
FC69C3D3_001103-T1	NCU10852-t26_2-p1	0.0	1260	100
FC69C3D3_001104-T1	NCU09115-t26_1-p1	0.0	985	98.6
FC69C3D3_001105-T1	NCU09116-t26_1-p1	0.0	1110	100
FC69C3D3_001106-T1	NCU09117-t26_1-p1	2.61e-227	621	100
FC69C3D3_001107-T1	NCU09118-t26_2-p1	0.0	1669	100
FC69C3D3_001108-T1	NCU09119-t26_1-p1	5.18e-205	560	100
FC69C3D3_001109-T1	NCU09120-t26_1-p1	0.0	1445	100
FC69C3D3_001110-T1	NCU09121-t26_1-p1	0.0	1280	100
FC69C3D3_001111-T1	NCU09122-t26_1-p1	1.96e-115	322	100
FC69C3D3_001112-T1	NCU09123-t26_1-p1	1.48e-298	806	100
FC69C3D3_001113-T1	NCU09124-t26_1-p1	4.24e-273	742	96.5
FC69C3D3_001114-T1	NCU09126-t26_1-p1	0.0	1324	88.4
FC69C3D3_001115-T1	NCU09127-t26_1-p1	3.16e-228	626	100
FC69C3D3_001116-T1	NCU09128-t26_1-p1	0.0	1440	100
FC69C3D3_001117-T1	NCU09129-t26_1-p1	2.92e-43	134	100
FC69C3D3_001118-T1	NCU09130-t26_1-p1	0.0	1296	100
FC69C3D3_001119-T1	NCU09131-t26_1-p1	0.0	1051	100
FC69C3D3_001120-T1	NCU09132-t26_1-p1	0.0	912	100
FC69C3D3_001121-T1	NCU09133-t26_1-p1	8.39e-121	343	100
FC69C3D3_001122-T1	NCU09134-t26_1-p1	1.31e-111	312	100
FC69C3D3_001123-T1	NCU09135-t26_1-p1	0.0	1093	99.3
FC69C3D3_001124-T1	NCU09136-t26_1-p1	0.0	875	100
FC69C3D3_001125-T1	NCU09137-t26_1-p1	0.0	993	100
FC69C3D3_001126-T1	NCU09138-t26_1-p1	3.14e-241	652	100
FC69C3D3_001127-T1	NCU09139-t26_1-p1	0.0	1198	100
FC69C3D3_001128-T1	NCU09140-t26_1-p1	0.0	1161	100
FC69C3D3_001129-T1	NCU09141-t26_1-p1	1.70e-245	665	100
FC69C3D3_001130-T1	NCU09142-t26_1-p1	0.0	1352	100
FC69C3D3_001131-T1	NCU09143-t26_1-p1	1.02e-56	169	97.0
FC69C3D3_001132-T1	NCU09144-t26_1-p1	1.24e-216	590	100
FC69C3D3_001133-T1	NCU08391-t26_1-p1	0.0	1092	100
FC69C3D3_001134-T1	NCU08390-t26_1-p1	1.55e-180	493	100
FC69C3D3_001135-T1	NCU08389-t26_2-p1	2.90e-124	345	100
FC69C3D3_001136-T1	NCU08388-t26_1-p1	0.0	912	100
FC69C3D3_001137-T1	NCU08387-t26_1-p1	8.73e-206	561	100
FC69C3D3_001138-T1	NCU08385-t26_1-p1	7.52e-142	407	100
FC69C3D3_001139-T1	NCU08384-t26_1-p1	2.92e-243	659	100
FC69C3D3_001140-T1	NCU08383-t26_1-p1	9.01e-226	619	99.7
FC69C3D3_001141-T1	NCU08382-t26_1-p1	0.0	1682	100
FC69C3D3_001142-T1	NCU08380-t26_1-p1	2.91e-253	690	100
FC69C3D3_001143-T1	NCU08379-t26_1-p1	1.16e-42	134	100
FC69C3D3_001144-T1	NCU08378-t26_1-p1	0.0	1491	97.3
FC69C3D3_001145-T1	NCU08377-t26_1-p1	0.0	3968	100
FC69C3D3_001146-T1	NCU08376-t26_1-p1	2.11e-181	513	100
FC69C3D3_001147-T1	NCU16400-t26_1-p1	1.84e-276	752	100
FC69C3D3_001148-T1	NCU08374-t26_1-p1	3.47e-207	573	100
FC69C3D3_001149-T1	NCU08373-t26_1-p1	0.0	2662	100
FC69C3D3_001150-T1	NCU08372-t26_1-p1	0.0	1510	100
FC69C3D3_001151-T1	NCU08371-t26_1-p1	0.0	1458	100
FC69C3D3_001152-T1	NCU08370-t26_1-p1	0.0	1218	96.5
FC69C3D3_001153-T1	NCU08368-t26_1-p1	5.79e-223	612	100
FC69C3D3_001155-T1	NCU08366-t26_1-p1	0.0	1074	100
FC69C3D3_001156-T1	NCU08365-t26_1-p1	3.62e-174	480	100
FC69C3D3_001157-T1	NCU08364-t26_1-p1	0.0	1173	100
FC69C3D3_001158-T1	NCU08363-t26_1-p1	9.18e-197	539	100
FC69C3D3_001159-T1	NCU08362-t26_1-p1	3.09e-142	405	100
FC69C3D3_001161-T1	NCU08361-t26_1-p1	1.91e-114	323	100
FC69C3D3_001162-T1	NCU08359-t26_1-p1	2.36e-127	354	100
FC69C3D3_001163-T1	NCU08358-t26_1-p1	0.0	2967	100
FC69C3D3_001164-T1	NCU08357-t26_1-p1	0.0	1130	89.2
FC69C3D3_001165-T1	NCU08356-t26_1-p1	0.0	1160	100
FC69C3D3_001166-T1	NCU08355-t26_1-p1	3.68e-205	559	100
FC69C3D3_001167-T1	NCU08354-t26_1-p1	0.0	987	100
FC69C3D3_001168-T1	NCU08353-t26_1-p1	6.12e-141	399	100
FC69C3D3_001169-T1	NCU11325-t26_1-p1	1.20e-245	666	100
FC69C3D3_001170-T1	NCU08352-t26_1-p1	6.66e-246	666	100
FC69C3D3_001171-T1	NCU08351-t26_1-p1	5.00e-18	70.5	100
FC69C3D3_001172-T1	NCU08350-t26_1-p1	1.14e-193	531	100
FC69C3D3_001173-T1	NCU08349-t26_1-p1	0.0	1402	95.8
FC69C3D3_001174-T1	NCU08348-t26_1-p1	0.0	1348	100
FC69C3D3_001175-T1	NCU08346-t26_2-p1	0.0	1200	100
FC69C3D3_001176-T1	NCU08345-t26_1-p1	6.39e-126	349	100
FC69C3D3_001177-T1	NCU08344-t26_1-p1	1.71e-82	236	100
FC69C3D3_001178-T1	NCU08343-t26_1-p1	1.60e-258	701	100
FC69C3D3_001179-T1	NCU08342-t26_1-p1	6.02e-245	671	100
FC69C3D3_001180-T1	NCU08341-t26_1-p1	0.0	2222	100
FC69C3D3_001181-T1	NCU08340-t26_1-p1	1.17e-133	370	100
FC69C3D3_001182-T1	NCU08339-t26_1-p1	6.65e-151	415	100
FC69C3D3_001183-T1	NCU08338-t26_1-p1	0.0	1779	100
FC69C3D3_001184-T1	NCU08337-t26_1-p1	4.67e-222	609	100
FC69C3D3_001185-T1	NCU08336-t26_1-p1	0.0	1289	100
FC69C3D3_001186-T1	NCU11324-t26_1-p1	0.0	1802	100
FC69C3D3_001187-T1	NCU08334-t26_1-p1	0.0	1437	100
FC69C3D3_001188-T1	NCU08333-t26_1-p1	0.0	993	100
FC69C3D3_001189-T1	NCU08332-t26_1-p1	7.89e-113	334	99.4
FC69C3D3_001191-T1	NCU09191-t26_1-p1	0.0	1851	100
FC69C3D3_001192-T1	NCU09192-t26_1-p1	1.73e-183	502	100
FC69C3D3_001193-T1	NCU09193-t26_1-p1	2.92e-239	656	100
FC69C3D3_001194-T1	NCU09194-t26_1-p1	6.89e-243	658	100
FC69C3D3_001195-T1	NCU09195-t26_1-p1	8.77e-248	671	100
FC69C3D3_001196-T1	NCU09196-t26_1-p1	0.0	1765	100
FC69C3D3_001197-T1	NCU09199-t26_1-p1	1.17e-146	411	100
FC69C3D3_001198-T1	NCU09200-t26_1-p1	1.54e-268	732	100
FC69C3D3_001199-T1	NCU09202-t26_1-p1	0.0	1031	100
FC69C3D3_001200-T1	NCU09203-t26_1-p1	2.43e-225	622	100
FC69C3D3_001201-T1	NCU09205-t26_1-p1	0.0	1688	99.9
FC69C3D3_001203-T1	NCU09207-t26_1-p1	0.0	1376	100
FC69C3D3_001204-T1	NCU09208-t26_1-p1	0.0	1327	100
FC69C3D3_001205-T1	NCU09209-t26_1-p1	0.0	1488	100
FC69C3D3_001206-T1	NCU09210-t26_1-p1	0.0	1072	100
FC69C3D3_001207-T1	NCU09211-t26_1-p1	0.0	2166	94.7
FC69C3D3_001208-T1	NCU09212-t26_2-p1	0.0	1194	100
FC69C3D3_001209-T1	NCU09213-t26_1-p1	9.25e-211	585	100
FC69C3D3_001210-T1	NCU09216-t26_1-p1	1.73e-106	303	100
FC69C3D3_001211-T1	NCU09217-t26_1-p1	3.42e-239	654	100
FC69C3D3_001212-T1	NCU09218-t26_1-p1	1.98e-268	727	100
FC69C3D3_001213-T1	NCU09219-t26_1-p1	0.0	3698	100
FC69C3D3_001214-T1	NCU09220-t26_1-p1	0.0	1236	100
FC69C3D3_001215-T1	NCU09221-t26_1-p1	1.54e-58	182	88.7
FC69C3D3_001216-T1	NCU09222-t26_1-p1	1.56e-73	213	100
FC69C3D3_001217-T1	NCU09223-t26_1-p1	0.0	976	100
FC69C3D3_001218-T1	NCU09226-t26_1-p1	0.0	902	100
FC69C3D3_001219-T1	NCU09228-t26_1-p1	0.0	1750	100
FC69C3D3_001220-T1	NCU10042-t26_1-p1	1.88e-316	853	100
FC69C3D3_001221-T1	NCU10043-t26_2-p1	0.0	2524	100
FC69C3D3_001222-T1	NCU10044-t26_1-p1	0.0	923	100
FC69C3D3_001223-T1	NCU07425-t26_2-p1	0.0	2354	100
FC69C3D3_001224-T1	NCU07423-t26_1-p1	0.0	1456	97.4
FC69C3D3_001225-T1	NCU07422-t26_1-p1	9.83e-289	782	100
FC69C3D3_001226-T1	NCU07421-t26_1-p1	2.20e-218	597	100
FC69C3D3_001227-T1	NCU07420-t26_1-p1	9.41e-287	775	100
FC69C3D3_001228-T1	NCU07419-t26_1-p1	0.0	1061	100
FC69C3D3_001229-T1	NCU07418-t26_1-p1	0.0	1409	96.3
FC69C3D3_001230-T1	NCU07417-t26_1-p1	4.21e-292	792	99.5
FC69C3D3_001231-T1	NCU07416-t26_1-p1	0.0	1035	100
FC69C3D3_001232-T1	NCU07415-t26_1-p1	0.0	973	100
FC69C3D3_001233-T1	NCU07414-t26_1-p1	1.72e-277	753	100
FC69C3D3_001234-T1	NCU07413-t26_2-p1	2.82e-75	218	100
FC69C3D3_001235-T1	NCU07412-t26_1-p1	0.0	3258	100
FC69C3D3_001236-T1	NCU07411-t26_1-p1	0.0	1604	94.6
FC69C3D3_001237-T1	NCU07410-t26_1-p1	0.0	1165	98.8
FC69C3D3_001238-T1	NCU07409-t26_1-p1	0.0	966	96.1
FC69C3D3_001239-T1	NCU07408-t26_1-p1	3.28e-199	546	100
FC69C3D3_001240-T1	NCU07407-t26_1-p1	0.0	2306	100
FC69C3D3_001241-T1	NCU07405-t26_1-p1	6.37e-208	582	100
FC69C3D3_001242-T1	NCU07404-t26_1-p1	0.0	2260	100
FC69C3D3_001243-T1	NCU07403-t26_1-p1	7.21e-153	422	100
FC69C3D3_001244-T1	NCU07402-t26_1-p1	2.40e-241	654	100
FC69C3D3_001245-T1	NCU07400-t26_1-p1	0.0	1420	100
FC69C3D3_001246-T1	NCU07399-t26_1-p1	1.26e-294	796	100
FC69C3D3_001247-T1	NCU07398-t26_1-p1	0.0	1561	96.3
FC69C3D3_001248-T1	NCU07395-t26_1-p1	0.0	1296	100
FC69C3D3_001249-T1	NCU07394-t26_1-p1	9.19e-254	686	100
FC69C3D3_001250-T1	NCU07393-t26_1-p1	0.0	1667	100
FC69C3D3_001251-T1	NCU07392-t26_1-p1	0.0	1375	100
FC69C3D3_001252-T1	NCU07389-t26_1-p1	0.0	1612	99.8
FC69C3D3_001253-T1	NCU07388-t26_1-p1	5.18e-286	783	100
FC69C3D3_001254-T1	NCU07387-t26_1-p1	0.0	998	100
FC69C3D3_001255-T1	NCU07386-t26_1-p1	4.42e-232	629	100
FC69C3D3_001256-T1	NCU07385-t26_1-p1	5.64e-302	816	100
FC69C3D3_001257-T1	NCU07384-t26_1-p1	1.33e-240	653	100
FC69C3D3_001258-T1	NCU07383-t26_1-p1	0.0	1308	100
FC69C3D3_001259-T1	NCU07382-t26_2-p1	1.18e-65	191	100
FC69C3D3_001260-T1	NCU07381-t26_1-p1	0.0	1930	100
FC69C3D3_001261-T1	NCU07380-t26_1-p1	0.0	1082	100
FC69C3D3_001262-T1	NCU07379-t26_1-p1	2.32e-234	640	94.5
FC69C3D3_001263-T1	NCU07378-t26_1-p1	0.0	3635	100
FC69C3D3_001264-T1	NCU07375-t26_1-p1	0.0	1437	98.8
FC69C3D3_001265-T1	NCU07374-t26_1-p1	0.0	1481	93.3
FC69C3D3_001266-T1	NCU07372-t26_1-p1	4.73e-192	528	100
FC69C3D3_001267-T1	NCU07371-t26_1-p1	1.16e-125	353	91.3
FC69C3D3_001268-T1	NCU07370-t26_1-p1	3.50e-96	275	100
FC69C3D3_001269-T1	NCU07369-t26_1-p1	0.0	1068	92.5
FC69C3D3_001270-T1	NCU07368-t26_1-p1	1.76e-210	573	100
FC69C3D3_001271-T1	NCU07367-t26_1-p1	2.54e-276	748	100
FC69C3D3_001272-T1	NCU07366-t26_1-p1	0.0	1377	100
FC69C3D3_001273-T1	NCU07365-t26_1-p1	2.30e-197	538	100
FC69C3D3_001274-T1	NCU07364-t26_1-p1	1.26e-193	534	100
FC69C3D3_001275-T1	NCU07363-t26_1-p1	8.14e-250	677	100
FC69C3D3_001276-T1	NCU07362-t26_1-p1	0.0	1040	100
FC69C3D3_001277-T1	NCU10658-t26_1-p1	2.60e-200	545	100
FC69C3D3_001278-T1	NCU07361-t26_1-p1	1.07e-307	832	100
FC69C3D3_001279-T1	NCU07360-t26_1-p1	4.53e-188	518	100
FC69C3D3_001280-T1	NCU07359-t26_1-p1	0.0	1078	100
FC69C3D3_001281-T1	NCU07358-t26_1-p1	0.0	2034	100
FC69C3D3_001283-T1	NCU07355-t26_1-p1	0.0	987	100
FC69C3D3_001284-T1	NCU07354-t26_1-p1	1.32e-243	664	100
FC69C3D3_001285-T1	NCU07353-t26_1-p1	2.63e-57	169	100
FC69C3D3_001286-T1	NCU07352-t26_1-p1	3.01e-213	582	100
FC69C3D3_001287-T1	NCU07351-t26_1-p1	0.0	1702	100
FC69C3D3_001288-T1	NCU07350-t26_1-p1	2.00e-281	762	100
FC69C3D3_001290-T1	NCU07349-t26_1-p1	1.10e-265	720	100
FC69C3D3_001291-T1	NCU07348-t26_1-p1	0.0	911	100
FC69C3D3_001292-T1	NCU07347-t26_2-p1	0.0	1500	100
FC69C3D3_001293-T1	NCU07345-t26_1-p1	3.89e-145	400	100
FC69C3D3_001295-T1	NCU09888-t26_1-p1	0.0	873	100
FC69C3D3_001296-T1	NCU09887-t26_1-p1	8.22e-233	634	100
FC69C3D3_001298-T1	NCU09886-t26_1-p1	6.96e-251	681	100
FC69C3D3_001299-T1	NCU09885-t26_1-p1	8.40e-271	736	95.5
FC69C3D3_001300-T1	NCU09883-t26_1-p1	0.0	1328	100
FC69C3D3_001301-T1	NCU09882-t26_1-p1	3.35e-286	778	100
FC69C3D3_001302-T1	NCU09881-t26_1-p1	4.17e-144	411	100
FC69C3D3_001303-T1	NCU10125-t26_1-p1	4.15e-132	365	100
FC69C3D3_001304-T1	NCU09880-t26_1-p1	1.64e-56	167	100
FC69C3D3_001305-T1	NCU09879-t26_1-p1	0.0	1001	100
FC69C3D3_001306-T1	NCU09878-t26_1-p1	3.47e-259	704	100
FC69C3D3_001307-T1	NCU09877-t26_1-p1	1.37e-273	742	100
FC69C3D3_001308-T1	NCU09876-t26_1-p1	1.18e-238	660	100
FC69C3D3_001309-T1	NCU09875-t26_1-p1	0.0	1004	100
FC69C3D3_001311-T1	NCU09874-t26_1-p1	0.0	1408	100
FC69C3D3_001312-T1	NCU00994-t26_1-p1	4.82e-303	817	100
FC69C3D3_001313-T1	NCU00993-t26_1-p1	0.0	1229	100
FC69C3D3_001316-T1	NCU00992-t26_1-p1	2.76e-278	757	96.9
FC69C3D3_001317-T1	NCU00990-t26_1-p1	0.0	1040	100
FC69C3D3_001318-T1	NCU00988-t26_1-p1	0.0	1081	100
FC69C3D3_001319-T1	NCU00987-t26_1-p1	0.0	966	99.8
FC69C3D3_001320-T1	NCU00986-t26_1-p1	1.31e-103	296	99.3
FC69C3D3_001321-T1	NCU00985-t26_1-p1	0.0	1395	100
FC69C3D3_001322-T1	NCU00984-t26_1-p1	0.0	1816	97.7
FC69C3D3_001323-T1	NCU00983-t26_1-p1	0.0	900	100
FC69C3D3_001324-T1	NCU00981-t26_1-p1	2.86e-183	502	100
FC69C3D3_001325-T1	NCU00980-t26_1-p1	2.51e-190	531	100
FC69C3D3_001326-T1	NCU00979-t26_1-p1	2.65e-44	138	100
FC69C3D3_001327-T1	NCU00978-t26_1-p1	0.0	1668	100
FC69C3D3_001328-T1	NCU00977-t26_1-p1	6.15e-138	384	100
FC69C3D3_001330-T1	NCU00976-t26_1-p1	2.18e-296	805	100
FC69C3D3_001331-T1	NCU00975-t26_1-p1	5.90e-243	659	100
FC69C3D3_001332-T1	NCU00974-t26_1-p1	3.62e-178	488	100
FC69C3D3_001333-T1	NCU00973-t26_1-p1	1.98e-306	827	100
FC69C3D3_001334-T1	NCU00972-t26_1-p1	2.13e-266	719	100
FC69C3D3_001335-T1	NCU00971-t26_1-p1	6.35e-106	297	100
FC69C3D3_001336-T1	NCU00970-t26_1-p1	1.15e-243	661	100
FC69C3D3_001337-T1	NCU00969-t26_1-p1	1.26e-133	370	100
FC69C3D3_001338-T1	NCU00968-t26_1-p1	0.0	919	100
FC69C3D3_001339-T1	NCU00967-t26_1-p1	0.0	1141	100
FC69C3D3_001340-T1	NCU11197-t26_1-p1	8.27e-70	205	100
FC69C3D3_001341-T1	NCU00966-t26_1-p1	5.16e-185	506	100
FC69C3D3_001342-T1	NCU00965-t26_1-p1	9.90e-167	459	100
FC69C3D3_001343-T1	NCU00964-t26_1-p1	0.0	2236	100
FC69C3D3_001344-T1	NCU00963-t26_1-p1	8.50e-253	684	100
FC69C3D3_001345-T1	NCU00962-t26_2-p1	0.0	3114	100
FC69C3D3_001346-T1	NCU00960-t26_1-p1	2.93e-156	429	100
FC69C3D3_001347-T1	NCU00959-t26_1-p1	7.79e-212	576	100
FC69C3D3_001348-T1	NCU00958-t26_1-p1	0.0	908	100
FC69C3D3_001349-T1	NCU00957-t26_1-p1	1.62e-95	276	100
FC69C3D3_001350-T1	NCU00956-t26_1-p1	1.63e-266	721	100
FC69C3D3_001351-T1	NCU00955-t26_1-p1	0.0	1231	99.5
FC69C3D3_001352-T1	NCU00954-t26_1-p1	0.0	896	100
FC69C3D3_001353-T1	NCU00953-t26_1-p1	9.62e-300	817	100
FC69C3D3_001354-T1	NCU00952-t26_1-p1	1.24e-66	194	100
FC69C3D3_001355-T1	NCU00951-t26_1-p1	1.29e-219	605	100
FC69C3D3_001356-T1	NCU00950-t26_1-p1	3.78e-278	760	99.8
FC69C3D3_001357-T1	NCU00949-t26_1-p1	0.0	5179	99.4
FC69C3D3_001358-T1	NCU00946-t26_1-p1	5.88e-82	236	100
FC69C3D3_001359-T1	NCU00945-t26_1-p1	0.0	1424	96.0
FC69C3D3_001360-T1	NCU00944-t26_1-p1	8.63e-284	770	100
FC69C3D3_001361-T1	NCU00943-t26_1-p1	0.0	1407	100
FC69C3D3_001362-T1	NCU10847-t26_1-p1	5.90e-277	751	100
FC69C3D3_001363-T1	NCU16423-t26_1-p1	6.62e-266	721	100
FC69C3D3_001364-T1	NCU00941-t26_1-p1	2.25e-50	167	96.3
FC69C3D3_001365-T1	NCU00939-t26_1-p1	0.0	2644	100
FC69C3D3_001366-T1	NCU00938-t26_1-p1	1.78e-219	597	100
FC69C3D3_001367-T1	NCU00937-t26_1-p1	0.0	1131	100
FC69C3D3_001368-T1	NCU00936-t26_1-p1	0.0	1001	100
FC69C3D3_001369-T1	NCU00935-t26_1-p1	6.45e-271	750	100
FC69C3D3_001370-T1	NCU00932-t26_1-p1	0.0	1483	100
FC69C3D3_001371-T1	NCU00931-t26_1-p1	0.0	1164	100
FC69C3D3_001372-T1	NCU00930-t26_1-p1	4.54e-63	184	100
FC69C3D3_001373-T1	NCU00929-t26_1-p1	0.0	2408	100
FC69C3D3_001374-T1	NCU00928-t26_1-p1	0.0	1096	100
FC69C3D3_001375-T1	NCU00927-t26_1-p1	0.0	2127	100
FC69C3D3_001377-T1	NCU00926-t26_1-p1	0.0	1265	100
FC69C3D3_001378-T1	NCU00925-t26_1-p1	0.0	1201	100
FC69C3D3_001379-T1	NCU00924-t26_1-p1	4.51e-307	829	100
FC69C3D3_001380-T1	NCU00923-t26_1-p1	2.16e-308	833	100
FC69C3D3_001382-T1	NCU00921-t26_1-p1	5.70e-159	445	100
FC69C3D3_001383-T1	NCU00920-t26_1-p1	0.0	1942	100
FC69C3D3_001384-T1	NCU00919-t26_1-p1	0.0	1282	100
FC69C3D3_001385-T1	NCU00918-t26_1-p1	2.13e-273	749	100
FC69C3D3_001386-T1	NCU00917-t26_2-p1	0.0	1311	100
FC69C3D3_001387-T1	NCU00916-t26_2-p1	0.0	1307	96.3
FC69C3D3_001388-T1	NCU00915-t26_1-p1	0.0	1041	100
FC69C3D3_001389-T1	NCU00914-t26_2-p1	0.0	1850	100
FC69C3D3_001390-T1	NCU00913-t26_1-p1	0.0	959	100
FC69C3D3_001391-T1	NCU00911-t26_1-p1	0.0	1064	100
FC69C3D3_001392-T1	NCU00906-t26_1-p1	0.0	926	100
FC69C3D3_001393-T1	NCU00905-t26_1-p1	0.0	1227	100
FC69C3D3_001394-T1	NCU00904-t26_1-p1	0.0	1170	100
FC69C3D3_001395-T1	NCU00903-t26_1-p1	1.00e-113	328	100
FC69C3D3_001396-T1	NCU00902-t26_1-p1	0.0	959	100
FC69C3D3_001397-T1	NCU00901-t26_1-p1	0.0	2238	100
FC69C3D3_001398-T1	NCU00900-t26_1-p1	0.0	956	95.9
FC69C3D3_001399-T1	NCU00899-t26_1-p1	7.93e-258	699	100
FC69C3D3_001400-T1	NCU00898-t26_1-p1	0.0	866	100
FC69C3D3_001401-T1	NCU00897-t26_1-p1	0.0	1773	100
FC69C3D3_001402-T1	NCU00896-t26_1-p1	0.0	1407	100
FC69C3D3_001403-T1	NCU00895-t26_1-p1	6.82e-157	432	100
FC69C3D3_001404-T1	NCU00894-t26_1-p1	0.0	1190	100
FC69C3D3_001405-T1	NCU00893-t26_1-p1	0.0	1009	100
FC69C3D3_001406-T1	NCU00892-t26_1-p1	0.0	987	100
FC69C3D3_001408-T1	NCU00891-t26_1-p1	1.74e-284	768	100
FC69C3D3_001409-T1	NCU00890-t26_1-p1	0.0	1783	100
FC69C3D3_001410-T1	NCU00889-t26_1-p1	6.88e-227	620	100
FC69C3D3_001411-T1	NCU11196-t26_1-p1	6.98e-180	493	100
FC69C3D3_001412-T1	NCU11195-t26_1-p1	1.45e-260	706	100
FC69C3D3_001413-T1	NCU00887-t26_1-p1	7.95e-165	452	100
FC69C3D3_001415-T1	NCU00886-t26_1-p1	9.40e-308	829	100
FC69C3D3_001416-T1	NCU00885-t26_1-p1	4.46e-316	855	100
FC69C3D3_001417-T1	NCU00884-t26_1-p1	1.30e-314	847	100
FC69C3D3_001418-T1	NCU00882-t26_1-p1	7.43e-241	652	100
FC69C3D3_001419-T1	NCU00881-t26_1-p1	6.59e-173	473	100
FC69C3D3_001420-T1	NCU00880-t26_1-p1	0.0	1599	100
FC69C3D3_001421-T1	NCU00879-t26_1-p1	1.40e-272	735	100
FC69C3D3_001422-T1	NCU00878-t26_1-p1	3.71e-57	168	100
FC69C3D3_001424-T1	NCU00877-t26_1-p1	1.70e-13	60.8	100
FC69C3D3_001425-T1	NCU00876-t26_1-p1	0.0	1383	100
FC69C3D3_001426-T1	NCU00875-t26_1-p1	9.09e-212	587	100
FC69C3D3_001427-T1	NCU00874-t26_1-p1	0.0	2288	100
FC69C3D3_001428-T1	NCU00873-t26_1-p1	3.98e-269	726	100
FC69C3D3_001429-T1	NCU00872-t26_1-p1	9.56e-234	637	100
FC69C3D3_001430-T1	NCU00871-t26_1-p1	7.93e-231	626	100
FC69C3D3_001431-T1	NCU00870-t26_1-p1	0.0	1436	100
FC69C3D3_001432-T1	NCU00869-t26_1-p1	0.0	2012	100
FC69C3D3_001433-T1	NCU00868-t26_1-p1	5.37e-184	504	91.6
FC69C3D3_001434-T1	NCU00867-t26_1-p1	3.05e-203	554	100
FC69C3D3_001435-T1	NCU00866-t26_1-p1	3.00e-232	630	100
FC69C3D3_001436-T1	NCU00865-t26_1-p1	0.0	929	100
FC69C3D3_001437-T1	NCU00864-t26_1-p1	3.39e-202	551	100
FC69C3D3_001438-T1	NCU00863-t26_1-p1	4.11e-316	853	100
FC69C3D3_001439-T1	NCU00862-t26_1-p1	1.95e-312	853	100
FC69C3D3_001441-T1	NCU00861-t26_1-p1	0.0	1017	100
FC69C3D3_001442-T1	NCU00860-t26_1-p1	4.99e-317	855	100
FC69C3D3_001443-T1	NCU00859-t26_1-p1	1.78e-163	454	94.6
FC69C3D3_001444-T1	NCU00857-t26_1-p1	0.0	1164	100
FC69C3D3_001445-T1	NCU00856-t26_1-p1	3.37e-299	808	100
FC69C3D3_001446-T1	NCU00855-t26_1-p1	6.98e-98	275	100
FC69C3D3_001448-T1	NCU00853-t26_1-p1	7.72e-303	818	100
FC69C3D3_001449-T1	NCU10889-t26_1-p1	6.15e-179	492	100
FC69C3D3_001450-T1	NCU00852-t26_1-p1	4.21e-255	689	100
FC69C3D3_001451-T1	NCU00850-t26_1-p1	5.31e-143	400	100
FC69C3D3_001452-T1	NCU00849-t26_2-p1	1.84e-114	320	100
FC69C3D3_001454-T1	NCU00848-t26_1-p1	0.0	1030	100
FC69C3D3_001455-T1	NCU00847-t26_1-p1	4.31e-235	639	100
FC69C3D3_001456-T1	NCU00846-t26_1-p1	2.68e-159	463	97.6
FC69C3D3_001457-T1	NCU00845-t26_1-p1	0.0	915	99.2
FC69C3D3_001458-T1	NCU00844-t26_1-p1	0.0	994	100
FC69C3D3_001459-T1	NCU00843-t26_1-p1	3.94e-166	456	100
FC69C3D3_001460-T1	NCU00842-t26_1-p1	1.22e-96	272	100
FC69C3D3_001461-T1	NCU00841-t26_1-p1	3.94e-257	702	100
FC69C3D3_001462-T1	NCU00840-t26_1-p1	0.0	1066	100
FC69C3D3_001463-T1	NCU00839-t26_1-p1	3.87e-249	675	100
FC69C3D3_001464-T1	NCU00838-t26_1-p1	6.04e-261	705	100
FC69C3D3_001465-T1	NCU00837-t26_1-p1	0.0	1017	100
FC69C3D3_001466-T1	NCU00836-t26_1-p1	7.97e-202	554	100
FC69C3D3_001467-T1	NCU00835-t26_1-p1	1.94e-276	749	100
FC69C3D3_001468-T1	NCU00834-t26_1-p1	0.0	1061	100
FC69C3D3_001469-T1	NCU00833-t26_1-p1	0.0	1447	100
FC69C3D3_001470-T1	NCU00833-t26_1-p1	0.0	1648	100
FC69C3D3_001471-T1	NCU00832-t26_1-p1	8.43e-250	679	100
FC69C3D3_001472-T1	NCU00831-t26_1-p1	0.0	1132	100
FC69C3D3_001473-T1	NCU00830-t26_1-p1	9.32e-149	414	100
FC69C3D3_001474-T1	NCU00829-t26_1-p1	0.0	1333	100
FC69C3D3_001475-T1	NCU00828-t26_1-p1	1.46e-162	447	93.8
FC69C3D3_001476-T1	NCU00827-t26_1-p1	2.15e-309	834	100
FC69C3D3_001477-T1	NCU00826-t26_1-p1	0.0	969	100
FC69C3D3_001478-T1	NCU00825-t26_1-p1	0.0	1383	100
FC69C3D3_001479-T1	NCU00824-t26_1-p1	0.0	1152	100
FC69C3D3_001480-T1	NCU00823-t26_1-p1	3.55e-243	660	100
FC69C3D3_001481-T1	NCU00822-t26_1-p1	3.56e-273	752	95.6
FC69C3D3_001482-T1	NCU00821-t26_1-p1	0.0	1134	100
FC69C3D3_001483-T1	NCU00818-t26_1-p1	0.0	1052	100
FC69C3D3_001484-T1	NCU00817-t26_1-p1	0.0	1162	100
FC69C3D3_001486-T1	NCU00814-t26_1-p1	5.93e-298	807	95.8
FC69C3D3_001487-T1	NCU00813-t26_1-p1	3.92e-270	740	100
FC69C3D3_001488-T1	NCU00812-t26_1-p1	1.93e-187	513	100
FC69C3D3_001489-T1	NCU00811-t26_1-p1	5.60e-206	563	100
FC69C3D3_001490-T1	NCU00810-t26_1-p1	0.0	2243	100
FC69C3D3_001491-T1	NCU00809-t26_1-p1	0.0	1113	100
FC69C3D3_001492-T1	NCU00808-t26_1-p1	0.0	1002	100
FC69C3D3_001495-T1	NCU00806-t26_1-p1	6.01e-61	185	97.9
FC69C3D3_001497-T1	NCU00805-t26_1-p1	3.36e-105	296	100
FC69C3D3_001498-T1	NCU00803-t26_1-p1	0.0	965	100
FC69C3D3_001499-T1	NCU00802-t26_1-p1	0.0	1073	99.4
FC69C3D3_001500-T1	NCU00801-t26_1-p1	0.0	1159	100
FC69C3D3_001501-T1	NCU00800-t26_1-p1	0.0	922	100
FC69C3D3_001502-T1	NCU00799-t26_1-p1	1.03e-274	741	100
FC69C3D3_001503-T1	NCU00798-t26_1-p1	1.95e-165	461	100
FC69C3D3_001504-T1	NCU00797-t26_1-p1	1.28e-266	721	100
FC69C3D3_001505-T1	NCU00796-t26_1-p1	0.0	2030	100
FC69C3D3_001506-T1	NCU00795-t26_1-p1	0.0	1030	100
FC69C3D3_001507-T1	NCU00794-t26_1-p1	7.24e-292	798	100
FC69C3D3_001508-T1	NCU00793-t26_1-p1	0.0	1829	100
FC69C3D3_001509-T1	NCU00792-t26_1-p1	7.35e-299	807	100
FC69C3D3_001510-T1	NCU00790-t26_1-p1	0.0	1673	100
FC69C3D3_001511-T1	NCU10895-t26_1-p1	0.0	945	100
FC69C3D3_001512-T1	NCU10895-t26_1-p1	6.83e-152	454	100
FC69C3D3_001513-T1	NCU00789-t26_1-p1	0.0	1816	100
FC69C3D3_001514-T1	NCU00788-t26_1-p1	0.0	1533	100
FC69C3D3_001515-T1	NCU00787-t26_1-p1	1.87e-316	853	100
FC69C3D3_001516-T1	NCU00786-t26_1-p1	0.0	1201	100
FC69C3D3_001517-T1	NCU00784-t26_1-p1	0.0	1483	100
FC69C3D3_001518-T1	NCU00782-t26_1-p1	0.0	989	100
FC69C3D3_001519-T1	NCU00781-t26_1-p1	1.52e-65	190	100
FC69C3D3_001520-T1	NCU00780-t26_1-p1	2.50e-267	723	100
FC69C3D3_001521-T1	NCU00779-t26_1-p1	6.95e-200	548	100
FC69C3D3_001522-T1	NCU00778-t26_1-p1	4.43e-160	440	100
FC69C3D3_001523-T1	NCU00777-t26_1-p1	1.49e-198	542	100
FC69C3D3_001524-T1	NCU00776-t26_1-p1	0.0	1362	98.7
FC69C3D3_001525-T1	NCU00775-t26_1-p1	1.54e-279	756	100
FC69C3D3_001526-T1	NCU00774-t26_1-p1	7.26e-274	741	100
FC69C3D3_001527-T1	NCU00773-t26_1-p1	3.01e-185	506	100
FC69C3D3_001528-T1	NCU00772-t26_1-p1	0.0	1246	100
FC69C3D3_001529-T1	NCU00771-t26_1-p1	0.0	1044	100
FC69C3D3_001530-T1	NCU00770-t26_1-p1	0.0	3573	100
FC69C3D3_001531-T1	NCU00768-t26_1-p1	6.55e-294	797	99.7
FC69C3D3_001532-T1	NCU16440-t26_1-p1	6.63e-98	276	100
FC69C3D3_001533-T1	NCU00766-t26_1-p1	4.39e-53	165	100
FC69C3D3_001534-T1	NCU00765-t26_1-p1	0.0	1037	100
FC69C3D3_001535-T1	NCU00764-t26_1-p1	1.12e-125	350	100
FC69C3D3_001536-T1	NCU00763-t26_1-p1	0.0	2407	100
FC69C3D3_001537-T1	NCU00762-t26_1-p1	7.29e-276	747	100
FC69C3D3_001538-T1	NCU00761-t26_1-p1	0.0	984	99.2
FC69C3D3_001539-T1	NCU00759-t26_2-p1	2.36e-313	850	100
FC69C3D3_001540-T1	NCU00758-t26_1-p1	3.16e-245	663	100
FC69C3D3_001541-T1	NCU00757-t26_1-p1	1.46e-142	394	100
FC69C3D3_001542-T1	NCU00755-t26_1-p1	0.0	1212	100
FC69C3D3_001543-T1	NCU00754-t26_1-p1	0.0	1071	100
FC69C3D3_001544-T1	NCU00753-t26_1-p1	4.17e-301	814	100
FC69C3D3_001545-T1	NCU00752-t26_1-p1	1.05e-114	320	100
FC69C3D3_001546-T1	NCU00751-t26_1-p1	2.45e-184	504	100
FC69C3D3_001547-T1	NCU00749-t26_1-p1	1.65e-274	745	100
FC69C3D3_001548-T1	NCU00748-t26_1-p1	1.40e-160	445	100
FC69C3D3_001549-T1	NCU00746-t26_1-p1	1.76e-269	728	100
FC69C3D3_001550-T1	NCU00745-t26_1-p1	6.25e-38	120	100
FC69C3D3_001551-T1	NCU00744-t26_1-p1	9.11e-122	341	99.0
FC69C3D3_001552-T1	NCU00743-t26_1-p1	0.0	3214	100
FC69C3D3_001553-T1	NCU00742-t26_1-p1	1.47e-301	818	100
FC69C3D3_001554-T1	NCU00741-t26_1-p1	0.0	933	100
FC69C3D3_001555-T1	NCU00740-t26_1-p1	0.0	1506	100
FC69C3D3_001556-T1	NCU00739-t26_1-p1	6.90e-96	270	100
FC69C3D3_001557-T1	NCU00738-t26_1-p1	0.0	1056	100
FC69C3D3_001558-T1	NCU00737-t26_1-p1	1.50e-149	417	100
FC69C3D3_001559-T1	NCU00736-t26_1-p1	0.0	959	100
FC69C3D3_001560-T1	NCU00735-t26_1-p1	3.18e-141	392	100
FC69C3D3_001561-T1	NCU00734-t26_1-p1	1.93e-174	481	100
FC69C3D3_001562-T1	NCU00733-t26_1-p1	1.45e-122	342	100
FC69C3D3_001563-T1	NCU00732-t26_1-p1	0.0	1022	100
FC69C3D3_001564-T1	NCU00730-t26_1-p1	0.0	1054	95.4
FC69C3D3_001565-T1	NCU00729-t26_1-p1	1.48e-180	494	100
FC69C3D3_001566-T1	NCU00728-t26_1-p1	1.05e-104	306	100
FC69C3D3_001567-T1	NCU00727-t26_1-p1	8.38e-308	829	100
FC69C3D3_001568-T1	NCU00726-t26_1-p1	9.38e-136	377	100
FC69C3D3_001569-T1	NCU00725-t26_1-p1	5.10e-301	822	100
FC69C3D3_001570-T1	NCU00724-t26_1-p1	5.51e-195	548	100
FC69C3D3_001571-T1	NCU00723-t26_1-p1	2.86e-225	612	100
FC69C3D3_001572-T1	NCU16442-t26_1-p1	4.66e-165	456	100
FC69C3D3_001573-T1	NCU00722-t26_1-p1	0.0	1149	100
FC69C3D3_001574-T1	NCU00721-t26_1-p1	0.0	1098	100
FC69C3D3_001575-T1	NCU00720-t26_1-p1	8.88e-230	625	100
FC69C3D3_001576-T1	NCU00719-t26_1-p1	1.03e-312	842	100
FC69C3D3_001577-T1	NCU00717-t26_1-p1	0.0	1757	100
FC69C3D3_001578-T1	NCU00716-t26_1-p1	9.73e-120	332	100
FC69C3D3_001579-T1	NCU00715-t26_1-p1	0.0	981	100
FC69C3D3_001580-T1	NCU00714-t26_1-p1	0.0	964	100
FC69C3D3_001581-T1	NCU00713-t26_1-p1	4.14e-210	573	100
FC69C3D3_001582-T1	NCU00712-t26_1-p1	0.0	2201	100
FC69C3D3_001583-T1	NCU00711-t26_1-p1	0.0	1105	100
FC69C3D3_001584-T1	NCU00710-t26_1-p1	8.48e-261	711	98.5
FC69C3D3_001585-T1	NCU00709-t26_1-p1	0.0	1680	100
FC69C3D3_001586-T1	NCU00708-t26_1-p1	2.01e-117	332	77.3
FC69C3D3_001587-T1	NCU00707-t26_1-p1	3.56e-217	592	100
FC69C3D3_001588-T1	NCU00706-t26_1-p1	9.06e-75	215	100
FC69C3D3_001589-T1	NCU00704-t26_1-p1	1.56e-106	300	100
FC69C3D3_001590-T1	NCU00701-t26_1-p1	9.73e-169	462	100
FC69C3D3_001591-T1	NCU00700-t26_1-p1	0.0	863	100
FC69C3D3_001592-T1	NCU00699-t26_1-p1	2.33e-316	854	100
FC69C3D3_001593-T1	NCU00698-t26_1-p1	0.0	930	100
FC69C3D3_001594-T1	NCU10264-t26_1-p1	5.83e-276	781	92.2
FC69C3D3_001595-T1	NCU10264-t26_1-p1	0.0	1226	100
FC69C3D3_001596-T1	NCU00697-t26_1-p1	6.56e-316	856	100
FC69C3D3_001597-T1	NCU00696-t26_1-p1	7.86e-199	547	100
FC69C3D3_001598-T1	NCU00695-t26_1-p1	0.0	933	100
FC69C3D3_001599-T1	NCU00694-t26_1-p1	0.0	1354	100
FC69C3D3_001600-T1	NCU00693-t26_1-p1	2.55e-174	478	100
FC69C3D3_001601-T1	NCU00692-t26_1-p1	0.0	1013	100
FC69C3D3_001602-T1	NCU00691-t26_1-p1	0.0	1343	100
FC69C3D3_001603-T1	NCU00690-t26_1-p1	0.0	1796	100
FC69C3D3_001604-T1	NCU00689-t26_2-p1	0.0	1336	98.9
FC69C3D3_001605-T1	NCU00687-t26_1-p1	2.78e-276	754	100
FC69C3D3_001606-T1	NCU00685-t26_1-p1	1.79e-261	711	100
FC69C3D3_001607-T1	NCU00684-t26_1-p1	0.0	1073	100
FC69C3D3_001608-T1	NCU00682-t26_1-p1	6.99e-306	825	97.4
FC69C3D3_001609-T1	NCU00681-t26_1-p1	0.0	2125	100
FC69C3D3_001610-T1	NCU00680-t26_1-p1	0.0	1123	100
FC69C3D3_001611-T1	NCU00679-t26_1-p1	7.05e-279	764	85.4
FC69C3D3_001612-T1	NCU00679-t26_1-p1	1.59e-11	55.5	100
FC69C3D3_001613-T1	NCU00678-t26_1-p1	0.0	1153	100
FC69C3D3_001614-T1	NCU00677-t26_1-p1	0.0	1166	100
FC69C3D3_001615-T1	NCU16444-t26_1-p1	1.59e-125	349	100
FC69C3D3_001616-T1	NCU00676-t26_1-p1	1.52e-307	830	100
FC69C3D3_001617-T1	NCU00675-t26_1-p1	0.0	2154	100
FC69C3D3_001618-T1	NCU00674-t26_1-p1	0.0	1796	100
FC69C3D3_001619-T1	NCU00673-t26_1-p1	0.0	1023	100
FC69C3D3_001620-T1	NCU00671-t26_1-p1	0.0	5150	97.8
FC69C3D3_001621-T1	NCU00670-t26_1-p1	2.45e-61	179	100
FC69C3D3_001622-T1	NCU00669-t26_1-p1	0.0	929	100
FC69C3D3_001623-T1	NCU00668-t26_1-p1	0.0	2427	100
FC69C3D3_001624-T1	NCU00667-t26_1-p1	1.29e-110	310	100
FC69C3D3_001625-T1	NCU00666-t26_1-p1	1.52e-205	570	100
FC69C3D3_001626-T1	NCU00665-t26_1-p1	0.0	1285	100
FC69C3D3_001627-T1	NCU00664-t26_1-p1	1.37e-170	468	100
FC69C3D3_001628-T1	NCU00663-t26_1-p1	2.09e-67	202	99.3
FC69C3D3_001629-T1	NCU00662-t26_1-p1	2.51e-142	399	100
FC69C3D3_001630-T1	NCU00660-t26_1-p1	0.0	1048	100
FC69C3D3_001631-T1	NCU00659-t26_1-p1	8.71e-206	560	100
FC69C3D3_001632-T1	NCU00658-t26_1-p1	0.0	2655	100
FC69C3D3_001633-T1	NCU00657-t26_1-p1	3.33e-311	840	100
FC69C3D3_001634-T1	NCU00656-t26_1-p1	0.0	1804	100
FC69C3D3_001635-T1	NCU00655-t26_1-p1	0.0	865	100
FC69C3D3_001636-T1	NCU00654-t26_1-p1	3.45e-140	394	100
FC69C3D3_001637-T1	NCU00653-t26_1-p1	0.0	1075	100
FC69C3D3_001638-T1	NCU00652-t26_1-p1	0.0	2440	100
FC69C3D3_001639-T1	NCU00651-t26_1-p1	7.82e-314	845	100
FC69C3D3_001640-T1	NCU00650-t26_1-p1	0.0	1731	100
FC69C3D3_001641-T1	NCU00649-t26_1-p1	0.0	966	100
FC69C3D3_001642-T1	NCU00648-t26_1-p1	0.0	1143	98.8
FC69C3D3_001643-T1	NCU00646-t26_1-p1	5.85e-204	557	100
FC69C3D3_001644-T1	NCU00644-t26_1-p1	4.32e-121	338	100
FC69C3D3_001645-T1	NCU00643-t26_1-p1	2.72e-271	733	100
FC69C3D3_001646-T1	NCU00642-t26_1-p1	0.0	1978	98.2
FC69C3D3_001647-T1	NCU00641-t26_1-p1	1.70e-76	220	100
FC69C3D3_001648-T1	NCU00638-t26_1-p1	5.64e-144	400	100
FC69C3D3_001649-T1	NCU00636-t26_1-p1	3.80e-115	322	100
FC69C3D3_001650-T1	NCU00635-t26_1-p1	1.46e-107	305	100
FC69C3D3_001651-T1	NCU00634-t26_1-p1	3.35e-94	267	100
FC69C3D3_001652-T1	NCU00633-t26_1-p1	1.48e-283	764	100
FC69C3D3_001653-T1	NCU00632-t26_1-p1	0.0	1390	100
FC69C3D3_001654-T1	NCU00631-t26_1-p1	0.0	2162	100
FC69C3D3_001655-T1	NCU00630-t26_1-p1	0.0	1022	100
FC69C3D3_001656-T1	NCU00629-t26_1-p1	0.0	1578	100
FC69C3D3_001657-T1	NCU00628-t26_1-p1	0.0	1291	100
FC69C3D3_001658-T1	NCU00627-t26_1-p1	8.85e-303	830	100
FC69C3D3_001659-T1	NCU16448-t26_1-p1	3.29e-147	422	100
FC69C3D3_001660-T1	NCU11188-t26_1-p1	0.0	4738	96.8
FC69C3D3_001661-T1	NCU11187-t26_1-p1	0.0	1253	100
FC69C3D3_001662-T1	NCU00624-t26_1-p1	1.23e-235	639	100
FC69C3D3_001663-T1	NCU00623-t26_1-p1	2.47e-182	498	100
FC69C3D3_001664-T1	NCU00622-t26_1-p1	0.0	2437	100
FC69C3D3_001665-T1	NCU00621-t26_1-p1	0.0	2778	100
FC69C3D3_001666-T1	NCU00620-t26_1-p1	0.0	969	100
FC69C3D3_001667-T1	NCU00619-t26_1-p1	9.48e-221	601	100
FC69C3D3_001668-T1	NCU00618-t26_1-p1	5.59e-58	171	100
FC69C3D3_001669-T1	NCU00617-t26_1-p1	1.76e-170	469	100
FC69C3D3_001670-T1	NCU00616-t26_3-p1	5.82e-193	527	100
FC69C3D3_001671-T1	NCU00614-t26_1-p1	0.0	1899	100
FC69C3D3_001672-T1	NCU00611-t26_1-p1	0.0	1385	100
FC69C3D3_001673-T1	NCU00609-t26_1-p1	5.18e-260	705	100
FC69C3D3_001674-T1	NCU00608-t26_1-p1	0.0	1340	100
FC69C3D3_001675-T1	NCU00607-t26_1-p1	5.39e-60	176	100
FC69C3D3_001676-T1	NCU00606-t26_1-p1	5.58e-186	509	100
FC69C3D3_001677-T1	NCU00605-t26_1-p1	0.0	944	100
FC69C3D3_001678-T1	NCU00604-t26_1-p1	0.0	979	100
FC69C3D3_001679-T1	NCU00603-t26_1-p1	7.81e-100	281	100
FC69C3D3_001680-T1	NCU00602-t26_1-p1	0.0	1189	100
FC69C3D3_001681-T1	NCU00600-t26_1-p1	3.09e-133	371	100
FC69C3D3_001682-T1	NCU00599-t26_1-p1	0.0	1673	100
FC69C3D3_001683-T1	NCU00598-t26_1-p1	2.08e-134	374	95.5
FC69C3D3_001684-T1	NCU00597-t26_1-p1	1.89e-264	714	100
FC69C3D3_001685-T1	NCU00596-t26_1-p1	6.05e-281	759	100
FC69C3D3_001686-T1	NCU00595-t26_1-p1	4.29e-250	692	100
FC69C3D3_001687-T1	NCU00593-t26_1-p1	0.0	939	100
FC69C3D3_001688-T1	NCU00592-t26_1-p1	3.21e-197	552	100
FC69C3D3_001689-T1	NCU00591-t26_1-p1	0.0	1426	100
FC69C3D3_001690-T1	NCU00590-t26_1-p1	1.67e-187	513	100
FC69C3D3_001691-T1	NCU00589-t26_1-p1	0.0	1102	100
FC69C3D3_001692-T1	NCU00587-t26_1-p1	0.0	1263	100
FC69C3D3_001693-T1	NCU00586-t26_1-p1	1.44e-198	541	100
FC69C3D3_001694-T1	NCU00585-t26_1-p1	0.0	1201	100
FC69C3D3_001695-T1	NCU00584-t26_1-p1	1.10e-242	658	100
FC69C3D3_001696-T1	NCU00582-t26_1-p1	0.0	1340	100
FC69C3D3_001697-T1	NCU00581-t26_1-p1	2.35e-253	686	100
FC69C3D3_001698-T1	NCU00580-t26_1-p1	4.53e-274	740	100
FC69C3D3_001699-T1	NCU00579-t26_2-p1	0.0	2370	100
FC69C3D3_001700-T1	NCU00578-t26_1-p1	1.59e-118	330	100
FC69C3D3_001701-T1	NCU00577-t26_1-p1	1.36e-275	747	100
FC69C3D3_001702-T1	NCU00576-t26_1-p1	1.30e-245	679	100
FC69C3D3_001703-T1	NCU00575-t26_1-p1	0.0	1030	100
FC69C3D3_001704-T1	NCU00573-t26_1-p1	0.0	1219	99.7
FC69C3D3_001705-T1	NCU00572-t26_1-p1	0.0	987	100
FC69C3D3_001706-T1	NCU00571-t26_1-p1	1.82e-146	404	100
FC69C3D3_001707-T1	NCU00570-t26_1-p1	2.61e-88	249	100
FC69C3D3_001708-T1	NCU00569-t26_1-p1	1.01e-73	214	100
FC69C3D3_001709-T1	NCU00568-t26_1-p1	0.0	1071	100
FC69C3D3_001710-T1	NCU00567-t26_1-p1	0.0	1699	100
FC69C3D3_001711-T1	NCU00566-t26_1-p1	3.97e-76	219	100
FC69C3D3_001712-T1	NCU00565-t26_1-p1	2.65e-296	802	100
FC69C3D3_001713-T1	NCU00564-t26_1-p1	4.70e-78	224	100
FC69C3D3_001714-T1	NCU00563-t26_1-p1	0.0	909	100
FC69C3D3_001715-T1	NCU00562-t26_1-p1	0.0	1159	100
FC69C3D3_001716-T1	NCU00561-t26_1-p1	2.91e-112	325	100
FC69C3D3_001717-T1	NCU00560-t26_1-p1	1.53e-295	798	100
FC69C3D3_001718-T1	NCU00559-t26_1-p1	0.0	1366	100
FC69C3D3_001719-T1	NCU00558-t26_1-p1	1.73e-250	697	94.2
FC69C3D3_001720-T1	NCU00556-t26_1-p1	0.0	1026	100
FC69C3D3_001721-T1	NCU16454-t26_1-p1	4.97e-299	807	100
FC69C3D3_001722-T1	NCU00554-t26_1-p1	5.22e-264	714	100
FC69C3D3_001723-T1	NCU00553-t26_1-p1	0.0	1358	100
FC69C3D3_001724-T1	NCU00552-t26_1-p1	0.0	1178	100
FC69C3D3_001725-T1	NCU00551-t26_1-p1	0.0	4048	100
FC69C3D3_001726-T1	NCU00550-t26_2-p1	0.0	2106	100
FC69C3D3_001727-T1	NCU00549-t26_1-p1	2.68e-232	632	100
FC69C3D3_001728-T1	NCU16455-t26_1-p1	1.07e-60	177	100
FC69C3D3_001729-T1	NCU11186-t26_1-p1	1.18e-201	552	100
FC69C3D3_001730-T1	NCU00548-t26_1-p1	1.06e-148	410	98.6
FC69C3D3_001731-T1	NCU00547-t26_1-p1	8.92e-267	734	100
FC69C3D3_001732-T1	NCU00545-t26_1-p1	0.0	1668	100
FC69C3D3_001733-T1	NCU10916-t26_1-p1	6.45e-166	467	99.2
FC69C3D3_001734-T1	NCU00542-t26_1-p1	2.49e-302	816	100
FC69C3D3_001735-T1	NCU00541-t26_1-p1	5.50e-290	785	100
FC69C3D3_001736-T1	NCU00538-t26_1-p1	0.0	1910	96.6
FC69C3D3_001737-T1	NCU00537-t26_1-p1	6.39e-260	702	100
FC69C3D3_001738-T1	NCU00536-t26_1-p1	0.0	941	100
FC69C3D3_001739-T1	NCU00535-t26_1-p1	1.12e-199	545	100
FC69C3D3_001740-T1	NCU00534-t26_1-p1	5.66e-53	158	100
FC69C3D3_001741-T1	NCU00533-t26_1-p1	2.54e-117	330	100
FC69C3D3_001742-T1	NCU00529-t26_1-p1	4.70e-55	163	100
FC69C3D3_001743-T1	NCU00528-t26_1-p1	0.0	1368	100
FC69C3D3_001744-T1	NCU00527-t26_1-p1	8.36e-82	233	100
FC69C3D3_001745-T1	NCU00526-t26_1-p1	0.0	1115	90.9
FC69C3D3_001746-T1	NCU00525-t26_1-p1	3.75e-212	578	100
FC69C3D3_001747-T1	NCU00523-t26_1-p1	3.86e-269	729	100
FC69C3D3_001748-T1	NCU16457-t26_1-p1	0.0	1543	100
FC69C3D3_001749-T1	NCU00522-t26_1-p1	3.73e-311	838	100
FC69C3D3_001750-T1	NCU00521-t26_1-p1	9.60e-169	466	88.7
FC69C3D3_001751-T1	NCU00520-t26_1-p1	0.0	1148	100
FC69C3D3_001752-T1	NCU00519-t26_1-p1	1.44e-187	512	100
FC69C3D3_001753-T1	NCU00518-t26_1-p1	6.35e-306	824	100
FC69C3D3_001754-T1	NCU00517-t26_1-p1	0.0	1769	100
FC69C3D3_001755-T1	NCU00513-t26_1-p1	3.42e-289	780	100
FC69C3D3_001756-T1	NCU00512-t26_1-p1	0.0	2090	100
FC69C3D3_001758-T1	NCU00506-t26_1-p1	1.75e-108	305	100
FC69C3D3_001759-T1	NCU00505-t26_2-p1	1.19e-69	203	100
FC69C3D3_001760-T1	NCU00504-t26_1-p1	7.04e-180	493	100
FC69C3D3_001761-T1	NCU00503-t26_1-p1	0.0	1208	100
FC69C3D3_001762-T1	NCU00502-t26_1-p1	8.73e-159	438	100
FC69C3D3_001763-T1	NCU00501-t26_1-p1	0.0	1029	100
FC69C3D3_001764-T1	NCU00499-t26_1-p1	0.0	1165	100
FC69C3D3_001765-T1	NCU03054-t26_1-p1	1.42e-243	671	100
FC69C3D3_001766-T1	NCU03053-t26_1-p1	0.0	934	99.9
FC69C3D3_001767-T1	NCU03051-t26_1-p1	0.0	1652	100
FC69C3D3_001768-T1	NCU03050-t26_1-p1	5.77e-228	620	100
FC69C3D3_001769-T1	NCU03049-t26_1-p1	0.0	1118	93.7
FC69C3D3_001770-T1	NCU03048-t26_2-p1	2.60e-313	847	95.9
FC69C3D3_001771-T1	NCU03047-t26_1-p1	1.59e-254	689	100
FC69C3D3_001772-T1	NCU16461-t26_1-p1	1.83e-125	348	100
FC69C3D3_001773-T1	NCU11241-t26_1-p1	3.88e-245	666	100
FC69C3D3_001774-T1	NCU03045-t26_1-p1	0.0	2406	100
FC69C3D3_001776-T1	NCU03043-t26_1-p1	2.11e-240	656	100
FC69C3D3_001777-T1	NCU03042-t26_1-p1	0.0	2264	100
FC69C3D3_001778-T1	NCU03040-t26_1-p1	0.0	868	100
FC69C3D3_001779-T1	NCU03039-t26_1-p1	0.0	1004	100
FC69C3D3_001780-T1	NCU03038-t26_1-p1	8.37e-106	297	100
FC69C3D3_001781-T1	NCU03037-t26_1-p1	1.25e-122	343	99.5
FC69C3D3_001782-T1	NCU03036-t26_1-p1	0.0	1691	100
FC69C3D3_001783-T1	NCU03035-t26_1-p1	2.79e-201	555	100
FC69C3D3_001784-T1	NCU03033-t26_1-p1	9.30e-211	576	100
FC69C3D3_001785-T1	NCU03032-t26_1-p1	0.0	1712	95.3
FC69C3D3_001786-T1	NCU03031-t26_1-p1	3.18e-115	322	100
FC69C3D3_001787-T1	NCU03030-t26_1-p1	0.0	1331	100
FC69C3D3_001788-T1	NCU03029-t26_1-p1	0.0	1062	100
FC69C3D3_001789-T1	NCU03028-t26_1-p1	3.82e-262	716	100
FC69C3D3_001790-T1	NCU03024-t26_1-p1	0.0	1640	100
FC69C3D3_001791-T1	NCU03023-t26_1-p1	0.0	1345	100
FC69C3D3_001792-T1	NCU03021-t26_1-p1	0.0	1821	100
FC69C3D3_001793-T1	NCU03020-t26_1-p1	0.0	1540	100
FC69C3D3_001794-T1	NCU03019-t26_1-p1	2.91e-102	291	100
FC69C3D3_001795-T1	NCU03018-t26_1-p1	0.0	1174	100
FC69C3D3_001796-T1	NCU03017-t26_1-p1	2.71e-145	405	93.3
FC69C3D3_001798-T1	NCU03016-t26_1-p1	8.83e-254	689	100
FC69C3D3_001799-T1	NCU03015-t26_1-p1	2.14e-235	656	100
FC69C3D3_001800-T1	NCU03013-t26_1-p1	2.85e-172	473	100
FC69C3D3_001801-T1	NCU03011-t26_1-p1	0.0	1222	100
FC69C3D3_001803-T1	NCU03010-t26_1-p1	0.0	2350	100
FC69C3D3_001804-T1	NCU03009-t26_1-p1	4.04e-294	798	100
FC69C3D3_001805-T1	NCU03008-t26_1-p1	1.12e-75	218	100
FC69C3D3_001806-T1	NCU03007-t26_1-p1	7.01e-276	746	100
FC69C3D3_001807-T1	NCU03006-t26_1-p1	2.20e-285	770	100
FC69C3D3_001808-T1	NCU03004-t26_1-p1	3.31e-271	734	100
FC69C3D3_001809-T1	NCU03003-t26_1-p1	8.24e-210	573	88.8
FC69C3D3_001810-T1	NCU03001-t26_1-p1	0.0	1165	100
FC69C3D3_001811-T1	NCU03000-t26_1-p1	1.19e-185	506	100
FC69C3D3_001812-T1	NCU02998-t26_1-p1	1.08e-226	615	100
FC69C3D3_001813-T1	NCU02997-t26_1-p1	1.40e-220	600	100
FC69C3D3_001814-T1	NCU02996-t26_1-p1	0.0	1384	100
FC69C3D3_001815-T1	NCU02994-t26_1-p1	0.0	1140	100
FC69C3D3_001816-T1	NCU02990-t26_1-p1	2.55e-229	628	100
FC69C3D3_001817-T1	NCU02989-t26_1-p1	1.91e-82	252	100
FC69C3D3_001818-T1	NCU02988-t26_1-p1	0.0	2061	100
FC69C3D3_001819-T1	NCU02984-t26_1-p1	1.64e-125	350	100
FC69C3D3_001820-T1	NCU02983-t26_1-p1	3.87e-217	600	100
FC69C3D3_001821-T1	NCU02982-t26_1-p1	9.81e-196	537	100
FC69C3D3_001822-T1	NCU11085-t26_1-p1	6.82e-116	323	100
FC69C3D3_001823-T1	NCU02980-t26_1-p1	1.01e-302	818	100
FC69C3D3_001824-T1	NCU02979-t26_1-p1	0.0	2022	100
FC69C3D3_001825-T1	NCU02978-t26_2-p1	0.0	1886	100
FC69C3D3_001826-T1	NCU02977-t26_1-p1	1.49e-264	717	93.3
FC69C3D3_001827-T1	NCU02975-t26_1-p1	0.0	1113	100
FC69C3D3_001828-T1	NCU02974-t26_1-p1	1.45e-304	823	100
FC69C3D3_001829-T1	NCU02973-t26_1-p1	3.51e-239	650	100
FC69C3D3_001830-T1	NCU02972-t26_1-p1	1.03e-232	667	100
FC69C3D3_001831-T1	NCU02970-t26_1-p1	4.91e-77	222	100
FC69C3D3_001832-T1	NCU02968-t26_1-p1	0.0	1363	100
FC69C3D3_001833-T1	NCU02967-t26_1-p1	3.84e-128	360	100
FC69C3D3_001834-T1	NCU02966-t26_1-p1	1.83e-207	583	100
FC69C3D3_001835-T1	NCU02965-t26_1-p1	0.0	1470	97.3
FC69C3D3_001836-T1	NCU02964-t26_1-p1	2.81e-307	831	93.3
FC69C3D3_001837-T1	NCU02963-t26_1-p1	2.19e-103	291	100
FC69C3D3_001838-T1	NCU02962-t26_1-p1	0.0	1124	100
FC69C3D3_001839-T1	NCU02961-t26_1-p1	0.0	1420	100
FC69C3D3_001840-T1	NCU02960-t26_1-p1	0.0	1264	100
FC69C3D3_001841-T1	NCU16466-t26_1-p1	5.62e-199	549	100
FC69C3D3_001843-T1	NCU02957-t26_1-p1	5.39e-274	746	100
FC69C3D3_001844-T1	NCU02956-t26_1-p1	0.0	988	100
FC69C3D3_001845-T1	NCU02955-t26_1-p1	0.0	1528	100
FC69C3D3_001846-T1	NCU02954-t26_1-p1	4.03e-249	678	100
FC69C3D3_001847-T1	NCU02952-t26_1-p1	8.73e-294	804	100
FC69C3D3_001848-T1	NCU02951-t26_1-p1	1.08e-115	323	100
FC69C3D3_001849-T1	NCU02950-t26_1-p1	0.0	890	100
FC69C3D3_001850-T1	NCU02949-t26_1-p1	1.05e-181	505	100
FC69C3D3_001851-T1	NCU02948-t26_1-p1	7.07e-147	408	99.5
FC69C3D3_001852-T1	NCU02947-t26_1-p1	6.67e-133	372	81.0
FC69C3D3_001853-T1	NCU02946-t26_1-p1	3.10e-263	713	100
FC69C3D3_001854-T1	NCU02945-t26_1-p1	0.0	1171	100
FC69C3D3_001855-T1	NCU02944-t26_1-p1	5.09e-260	715	100
FC69C3D3_001856-T1	NCU02943-t26_1-p1	0.0	995	100
FC69C3D3_001857-T1	NCU02942-t26_1-p1	4.11e-241	656	100
FC69C3D3_001858-T1	NCU02941-t26_1-p1	8.97e-165	452	100
FC69C3D3_001859-T1	NCU02940-t26_1-p1	0.0	1340	100
FC69C3D3_001860-T1	NCU02938-t26_1-p1	1.55e-102	288	100
FC69C3D3_001861-T1	NCU02937-t26_1-p1	3.17e-149	411	100
FC69C3D3_001862-T1	NCU02936-t26_1-p1	1.49e-291	794	100
FC69C3D3_001863-T1	NCU02935-t26_1-p1	1.75e-148	409	100
FC69C3D3_001864-T1	NCU02934-t26_1-p1	0.0	1326	100
FC69C3D3_001865-T1	NCU02932-t26_1-p1	9.43e-140	387	100
FC69C3D3_001866-T1	NCU02931-t26_1-p1	4.47e-223	622	99.1
FC69C3D3_001867-T1	NCU02930-t26_1-p1	3.70e-245	664	100
FC69C3D3_001868-T1	NCU02929-t26_1-p1	0.0	1463	100
FC69C3D3_001869-T1	NCU02928-t26_1-p1	0.0	2266	94.1
FC69C3D3_001870-T1	NCU02927-t26_1-p1	0.0	1109	100
FC69C3D3_001871-T1	NCU02926-t26_1-p1	0.0	1019	100
FC69C3D3_001874-T1	NCU02925-t26_1-p1	0.0	913	100
FC69C3D3_001875-T1	NCU02924-t26_1-p1	3.68e-264	713	100
FC69C3D3_001876-T1	NCU02923-t26_1-p1	6.52e-181	495	100
FC69C3D3_001877-T1	NCU02922-t26_1-p1	2.61e-214	583	100
FC69C3D3_001878-T1	NCU02921-t26_1-p1	2.08e-146	403	100
FC69C3D3_001879-T1	NCU02920-t26_1-p1	3.61e-187	513	100
FC69C3D3_001880-T1	NCU02919-t26_1-p1	1.03e-146	404	100
FC69C3D3_001881-T1	NCU02918-t26_1-p1	0.0	4631	100
FC69C3D3_001882-T1	NCU02917-t26_1-p1	6.55e-149	411	100
FC69C3D3_001883-T1	NCU02916-t26_1-p1	4.66e-245	666	100
FC69C3D3_001884-T1	NCU02915-t26_1-p1	0.0	1329	100
FC69C3D3_001885-T1	NCU02914-t26_1-p1	0.0	1386	100
FC69C3D3_001887-T1	NCU02913-t26_1-p1	1.04e-217	607	100
FC69C3D3_001888-T1	NCU16473-t26_1-p1	4.02e-58	175	100
FC69C3D3_001889-T1	NCU02910-t26_1-p1	7.51e-116	342	100
FC69C3D3_001890-T1	NCU02909-t26_1-p1	6.50e-227	616	100
FC69C3D3_001891-T1	NCU02906-t26_1-p1	0.0	1233	100
FC69C3D3_001892-T1	NCU02905-t26_1-p1	1.18e-97	275	100
FC69C3D3_001893-T1	NCU02904-t26_1-p1	3.71e-291	786	100
FC69C3D3_001894-T1	NCU02903-t26_1-p1	2.41e-297	810	100
FC69C3D3_001895-T1	NCU02902-t26_1-p1	1.12e-228	623	100
FC69C3D3_001896-T1	NCU02901-t26_1-p1	1.25e-144	401	100
FC69C3D3_001897-T1	NCU02900-t26_1-p1	2.39e-75	216	100
FC69C3D3_001898-T1	NCU02899-t26_1-p1	0.0	966	100
FC69C3D3_001899-T1	NCU02898-t26_1-p1	0.0	2271	100
FC69C3D3_001900-T1	NCU02897-t26_1-p1	0.0	996	100
FC69C3D3_001901-T1	NCU02897-t26_1-p1	1.30e-253	724	100
FC69C3D3_001903-T1	NCU02896-t26_1-p1	0.0	1815	100
FC69C3D3_001904-T1	NCU02895-t26_1-p1	2.01e-86	248	99.2
FC69C3D3_001907-T1	NCU02894-t26_1-p1	0.0	1034	100
FC69C3D3_001908-T1	NCU02890-t26_1-p1	4.39e-157	433	100
FC69C3D3_001909-T1	NCU02889-t26_1-p1	0.0	1097	100
FC69C3D3_001910-T1	NCU02888-t26_1-p1	4.12e-186	508	100
FC69C3D3_001911-T1	NCU02887-t26_1-p1	3.06e-263	714	100
FC69C3D3_001912-T1	NCU02886-t26_1-p1	5.63e-283	765	100
FC69C3D3_001913-T1	NCU02885-t26_1-p1	0.0	1187	100
FC69C3D3_001914-T1	NCU02884-t26_1-p1	4.11e-158	435	100
FC69C3D3_001917-T1	NCU02883-t26_1-p1	8.75e-116	337	99.0
FC69C3D3_001918-T1	NCU02882-t26_1-p1	5.09e-151	417	100
FC69C3D3_001920-T1	NCU02880-t26_1-p1	3.62e-96	274	100
FC69C3D3_001921-T1	NCU02879-t26_1-p1	2.27e-318	865	98.3
FC69C3D3_001923-T1	NCU02878-t26_1-p1	1.48e-307	832	94.0
FC69C3D3_001924-T1	NCU02877-t26_1-p1	0.0	1500	97.1
FC69C3D3_001925-T1	NCU02875-t26_1-p1	1.38e-197	544	93.6
FC69C3D3_001926-T1	NCU02873-t26_1-p1	2.98e-104	315	100
FC69C3D3_001927-T1	NCU02873-t26_1-p1	0.0	1179	100
FC69C3D3_001928-T1	NCU02872-t26_1-p1	0.0	1113	93.1
FC69C3D3_001929-T1	NCU02870-t26_1-p1	1.29e-91	275	93.8
FC69C3D3_001930-T1	NCU02870-t26_1-p1	1.21e-160	457	100
FC69C3D3_001931-T1	NCU02869-t26_1-p1	0.0	1040	97.8
FC69C3D3_001932-T1	NCU02868-t26_1-p1	1.86e-138	404	100
FC69C3D3_001933-T1	NCU02868-t26_1-p1	0.0	984	100
FC69C3D3_001934-T1	NCU02867-t26_1-p1	8.99e-113	318	88.9
FC69C3D3_001935-T1	NCU02866-t26_1-p1	2.11e-165	454	100
FC69C3D3_001936-T1	NCU02865-t26_1-p1	5.27e-269	729	100
FC69C3D3_001937-T1	NCU02864-t26_1-p1	1.06e-176	486	100
FC69C3D3_001938-T1	NCU16483-t26_1-p1	1.06e-71	214	100
FC69C3D3_001939-T1	NCU16483-t26_1-p1	4.57e-133	374	100
FC69C3D3_001940-T1	NCU02862-t26_1-p1	6.23e-136	379	100
FC69C3D3_001941-T1	NCU02861-t26_1-p1	1.08e-169	467	100
FC69C3D3_001942-T1	NCU02860-t26_1-p1	1.21e-120	337	100
FC69C3D3_001944-T1	NCU02858-t26_1-p1	0.0	2285	100
FC69C3D3_001945-T1	NCU02857-t26_1-p1	0.0	1130	96.3
FC69C3D3_001947-T1	NCU02855-t26_1-p1	3.27e-164	450	100
FC69C3D3_001948-T1	NCU02853-t26_1-p1	4.95e-257	734	100
FC69C3D3_001949-T1	NCU02853-t26_1-p1	2.03e-81	256	100
FC69C3D3_001950-T1	NCU02853-t26_1-p1	9.04e-93	287	100
FC69C3D3_001951-T1	NCU02852-t26_1-p1	0.0	1103	100
FC69C3D3_001952-T1	NCU02850-t26_1-p1	9.86e-290	783	100
FC69C3D3_001953-T1	NCU02849-t26_1-p1	0.0	912	100
FC69C3D3_001954-T1	NCU02847-t26_1-p1	1.49e-252	685	97.2
FC69C3D3_001955-T1	NCU02846-t26_1-p1	0.0	1282	100
FC69C3D3_001956-T1	NCU10529-t26_1-p1	0.0	1799	100
FC69C3D3_001957-T1	NCU02842-t26_1-p1	0.0	919	100
FC69C3D3_001958-T1	NCU02840-t26_1-p1	4.25e-318	858	100
FC69C3D3_001959-T1	NCU02839-t26_1-p1	0.0	983	100
FC69C3D3_001960-T1	NCU02837-t26_1-p1	3.76e-67	196	100
FC69C3D3_001961-T1	NCU02834-t26_1-p1	4.76e-263	719	100
FC69C3D3_001962-T1	NCU02833-t26_1-p1	0.0	2707	100
FC69C3D3_001963-T1	NCU02830-t26_1-p1	0.0	2177	100
FC69C3D3_001964-T1	NCU02829-t26_1-p1	9.41e-204	555	100
FC69C3D3_001965-T1	NCU02828-t26_1-p1	0.0	1543	97.1
FC69C3D3_001966-T1	NCU02826-t26_1-p1	0.0	2073	100
FC69C3D3_001968-T1	NCU02819-t26_1-p1	0.0	1041	96.0
FC69C3D3_001969-T1	NCU02818-t26_1-p1	1.02e-105	301	100
FC69C3D3_001970-T1	NCU02815-t26_1-p1	0.0	2453	100
FC69C3D3_001971-T1	NCU02814-t26_1-p1	0.0	1370	100
FC69C3D3_001972-T1	NCU02813-t26_1-p1	1.35e-307	831	100
FC69C3D3_001973-T1	NCU02812-t26_1-p1	1.03e-194	538	100
FC69C3D3_001974-T1	NCU02811-t26_1-p1	0.0	1009	100
FC69C3D3_001975-T1	NCU02810-t26_1-p1	0.0	992	100
FC69C3D3_001976-T1	NCU02809-t26_1-p1	0.0	972	100
FC69C3D3_001977-T1	NCU02808-t26_1-p1	1.96e-265	744	100
FC69C3D3_001978-T1	NCU02807-t26_1-p1	2.46e-58	172	100
FC69C3D3_001979-T1	NCU02806-t26_1-p1	9.92e-180	493	100
FC69C3D3_001980-T1	NCU02805-t26_1-p1	2.37e-120	339	100
FC69C3D3_001981-T1	NCU02804-t26_1-p1	7.26e-115	321	100
FC69C3D3_001982-T1	NCU02803-t26_1-p1	0.0	1292	100
FC69C3D3_001983-T1	NCU02802-t26_1-p1	3.04e-268	725	100
FC69C3D3_001984-T1	NCU02801-t26_1-p1	9.03e-152	418	100
FC69C3D3_001985-T1	NCU02800-t26_1-p1	0.0	1658	100
FC69C3D3_001986-T1	NCU02798-t26_1-p1	5.96e-211	578	100
FC69C3D3_001987-T1	NCU16489-t26_1-p1	6.01e-147	409	100
FC69C3D3_001988-T1	NCU02797-t26_1-p1	0.0	1031	100
FC69C3D3_001989-T1	NCU02795-t26_1-p1	0.0	1035	100
FC69C3D3_001990-T1	NCU16490-t26_1-p1	1.51e-177	540	100
FC69C3D3_001991-T1	NCU10987-t26_1-p1	0.0	1092	100
FC69C3D3_001992-T1	NCU02794-t26_1-p1	0.0	2375	100
FC69C3D3_001993-T1	NCU02793-t26_5-p1	0.0	8542	97.1
FC69C3D3_001994-T1	NCU02793-t26_1-p1	0.0	7013	99.9
FC69C3D3_001995-T1	NCU10282-t26_1-p1	0.0	2892	99.9
FC69C3D3_001996-T1	NCU02789-t26_1-p1	0.0	3527	100
FC69C3D3_001997-T1	NCU02788-t26_1-p1	0.0	936	100
FC69C3D3_001998-T1	NCU02787-t26_1-p1	0.0	1522	100
FC69C3D3_001999-T1	NCU02786-t26_1-p1	1.21e-234	639	100
FC69C3D3_002000-T1	NCU02785-t26_1-p1	0.0	969	100
FC69C3D3_002001-T1	NCU02784-t26_1-p1	9.77e-74	214	100
FC69C3D3_002002-T1	NCU10239-t26_1-p1	9.51e-142	407	100
FC69C3D3_002003-T1	NCU02783-t26_1-p1	0.0	1255	100
FC69C3D3_002004-T1	NCU02781-t26_1-p1	9.58e-279	752	100
FC69C3D3_002005-T1	NCU02780-t26_1-p1	1.26e-123	346	100
FC69C3D3_002006-T1	NCU02779-t26_1-p1	2.09e-179	492	100
FC69C3D3_002007-T1	NCU02778-t26_1-p1	0.0	1541	100
FC69C3D3_002008-T1	NCU02777-t26_1-p1	0.0	1770	100
FC69C3D3_002009-T1	NCU02776-t26_1-p1	0.0	1284	100
FC69C3D3_002010-T1	NCU02775-t26_1-p1	5.39e-247	676	89.0
FC69C3D3_002011-T1	NCU02773-t26_1-p1	7.23e-117	330	100
FC69C3D3_002012-T1	NCU02771-t26_1-p1	8.29e-283	764	100
FC69C3D3_002013-T1	NCU02770-t26_1-p1	0.0	1605	100
FC69C3D3_002014-T1	NCU16491-t26_1-p1	0.0	1182	97.8
FC69C3D3_002015-T1	NCU02767-t26_1-p1	8.20e-105	294	100
FC69C3D3_002016-T1	NCU02765-t26_1-p1	8.36e-82	233	100
FC69C3D3_002017-T1	NCU02764-t26_1-p1	0.0	1185	97.1
FC69C3D3_002018-T1	NCU11053-t26_1-p1	7.88e-131	366	100
FC69C3D3_002019-T1	NCU09269-t26_1-p1	2.39e-159	437	100
FC69C3D3_002020-T1	NCU09267-t26_1-p1	0.0	2063	99.8
FC69C3D3_002021-T1	NCU09266-t26_1-p1	0.0	1110	100
FC69C3D3_002022-T1	NCU09265-t26_1-p1	4.50e-298	819	100
FC69C3D3_002023-T1	NCU09264-t26_1-p1	4.63e-192	524	100
FC69C3D3_002024-T1	NCU09263-t26_1-p1	9.83e-114	322	100
FC69C3D3_002025-T1	NCU09262-t26_1-p1	1.98e-215	587	100
FC69C3D3_002026-T1	NCU09261-t26_1-p1	2.67e-159	438	100
FC69C3D3_002027-T1	NCU09260-t26_1-p1	1.44e-301	817	100
FC69C3D3_002028-T1	NCU09259-t26_1-p1	0.0	1054	100
FC69C3D3_002029-T1	NCU09258-t26_1-p1	0.0	2022	100
FC69C3D3_002030-T1	NCU09257-t26_1-p1	1.12e-166	458	100
FC69C3D3_002031-T1	NCU09256-t26_1-p1	6.34e-73	211	100
FC69C3D3_002032-T1	NCU09255-t26_1-p1	2.72e-105	295	100
FC69C3D3_002033-T1	NCU09254-t26_1-p1	0.0	1566	100
FC69C3D3_002034-T1	NCU09253-t26_1-p1	0.0	1615	100
FC69C3D3_002035-T1	NCU09252-t26_1-p1	0.0	2262	100
FC69C3D3_002036-T1	NCU09251-t26_1-p1	5.10e-71	205	100
FC69C3D3_002037-T1	NCU09250-t26_1-p1	4.67e-56	166	100
FC69C3D3_002038-T1	NCU09249-t26_1-p1	1.49e-76	220	100
FC69C3D3_002039-T1	NCU09248-t26_1-p1	6.96e-119	333	98.9
FC69C3D3_002040-T1	NCU09247-t26_1-p1	0.0	1332	100
FC69C3D3_002041-T1	NCU09245-t26_1-p1	0.0	1147	100
FC69C3D3_002042-T1	NCU09244-t26_1-p1	0.0	2519	100
FC69C3D3_002043-T1	NCU09243-t26_1-p1	3.37e-248	677	100
FC69C3D3_002044-T1	NCU09241-t26_1-p1	0.0	1778	100
FC69C3D3_002045-T1	NCU11402-t26_1-p1	4.07e-87	248	100
FC69C3D3_002046-T1	NCU09240-t26_2-p1	0.0	1245	100
FC69C3D3_002047-T1	NCU09239-t26_1-p1	4.07e-182	499	100
FC69C3D3_002048-T1	NCU10351-t26_1-p1	1.04e-289	789	100
FC69C3D3_002049-T1	NCU09238-t26_1-p1	2.82e-237	647	100
FC69C3D3_002050-T1	NCU09237-t26_1-p1	4.81e-304	826	100
FC69C3D3_002051-T1	NCU09236-t26_1-p1	8.75e-164	457	100
FC69C3D3_002052-T1	NCU09235-t26_1-p1	4.12e-100	285	100
FC69C3D3_002053-T1	NCU09233-t26_1-p1	9.66e-189	518	100
FC69C3D3_002054-T1	NCU09232-t26_1-p1	0.0	1014	100
FC69C3D3_002055-T1	NCU09231-t26_1-p1	2.52e-250	680	100
FC69C3D3_002056-T1	NCU09230-t26_1-p1	2.12e-300	811	100
FC69C3D3_002057-T1	NCU08594-t26_1-p1	1.55e-300	815	100
FC69C3D3_002058-T1	NCU08595-t26_1-p1	9.44e-245	664	100
FC69C3D3_002060-T1	NCU08597-t26_1-p1	0.0	2838	100
FC69C3D3_002061-T1	NCU08599-t26_2-p1	0.0	1203	100
FC69C3D3_002062-T1	NCU08600-t26_1-p1	0.0	2055	100
FC69C3D3_002063-T1	NCU08603-t26_1-p1	0.0	3704	99.1
FC69C3D3_002064-T1	NCU08604-t26_1-p1	0.0	2215	97.2
FC69C3D3_002065-T1	NCU08605-t26_1-p1	3.15e-203	553	100
FC69C3D3_002066-T1	NCU08606-t26_1-p1	0.0	1246	100
FC69C3D3_002067-T1	NCU08607-t26_1-p1	0.0	926	100
FC69C3D3_002068-T1	NCU08608-t26_1-p1	0.0	1055	100
FC69C3D3_002069-T1	NCU08610-t26_1-p1	0.0	1383	100
FC69C3D3_002070-T1	NCU08611-t26_1-p1	0.0	1068	100
FC69C3D3_002071-T1	NCU08612-t26_1-p1	1.85e-202	565	100
FC69C3D3_002072-T1	NCU08615-t26_1-p1	0.0	907	100
FC69C3D3_002073-T1	NCU08616-t26_1-p1	0.0	2488	100
FC69C3D3_002074-T1	NCU08618-t26_1-p1	2.16e-98	279	100
FC69C3D3_002075-T1	NCU08620-t26_1-p1	2.55e-98	277	100
FC69C3D3_002076-T1	NCU08621-t26_1-p1	1.63e-73	214	100
FC69C3D3_002077-T1	NCU08622-t26_1-p1	2.54e-104	293	100
FC69C3D3_002078-T1	NCU08624-t26_1-p1	1.98e-231	633	100
FC69C3D3_002079-T1	NCU08625-t26_1-p1	0.0	981	100
FC69C3D3_002080-T1	NCU16496-t26_1-p1	4.44e-276	750	100
FC69C3D3_002081-T1	NCU08626-t26_1-p1	0.0	1258	100
FC69C3D3_002082-T1	NCU08627-t26_1-p1	2.48e-61	179	100
FC69C3D3_002083-T1	NCU08628-t26_1-p1	0.0	1556	100
FC69C3D3_002084-T1	NCU08629-t26_1-p1	1.43e-224	623	82.0
FC69C3D3_002085-T1	NCU08632-t26_1-p1	0.0	2758	100
FC69C3D3_002086-T1	NCU08633-t26_1-p1	0.0	931	100
FC69C3D3_002087-T1	NCU08634-t26_1-p1	2.84e-207	576	100
FC69C3D3_002088-T1	NCU08637-t26_1-p1	0.0	984	100
FC69C3D3_002089-T1	NCU08639-t26_1-p1	2.13e-101	288	96.5
FC69C3D3_002090-T1	NCU08641-t26_1-p1	0.0	1433	100
FC69C3D3_002091-T1	NCU08642-t26_1-p1	0.0	1746	100
FC69C3D3_002092-T1	NCU10027-t26_1-p1	2.00e-263	734	100
FC69C3D3_002093-T1	NCU10028-t26_1-p1	8.81e-251	680	100
FC69C3D3_002094-T1	NCU10029-t26_1-p1	7.77e-143	394	100
FC69C3D3_002095-T1	NCU10030-t26_1-p1	0.0	1410	100
FC69C3D3_002096-T1	NCU10031-t26_1-p1	1.11e-246	667	98.7
FC69C3D3_002097-T1	NCU09634-t26_1-p1	0.0	1392	100
FC69C3D3_002098-T1	NCU09632-t26_1-p1	1.04e-137	380	100
FC69C3D3_002099-T1	NCU09631-t26_1-p1	1.06e-220	608	100
FC69C3D3_002100-T1	NCU09630-t26_1-p1	5.63e-53	157	100
FC69C3D3_002101-T1	NCU09629-t26_1-p1	0.0	1610	100
FC69C3D3_002102-T1	NCU09627-t26_1-p1	1.76e-139	387	100
FC69C3D3_002103-T1	NCU16498-t26_1-p1	0.0	875	100
FC69C3D3_002104-T1	NCU09623-t26_1-p1	1.75e-169	464	100
FC69C3D3_002105-T1	NCU09621-t26_1-p1	0.0	966	100
FC69C3D3_002106-T1	NCU09620-t26_1-p1	2.30e-120	335	100
FC69C3D3_002107-T1	NCU09616-t26_1-p1	4.67e-207	563	100
FC69C3D3_002108-T1	NCU09615-t26_1-p1	0.0	1013	99.8
FC69C3D3_002109-T1	NCU09613-t26_1-p1	8.19e-280	759	100
FC69C3D3_002110-T1	NCU09612-t26_1-p1	1.67e-165	457	100
FC69C3D3_002111-T1	NCU09611-t26_1-p1	4.17e-247	669	100
FC69C3D3_002112-T1	NCU09610-t26_1-p1	0.0	1666	100
FC69C3D3_002113-T1	NCU09609-t26_1-p1	0.0	1159	100
FC69C3D3_002114-T1	NCU09608-t26_1-p1	8.15e-273	738	100
FC69C3D3_002115-T1	NCU09605-t26_1-p1	4.64e-88	258	100
FC69C3D3_002116-T1	NCU09604-t26_1-p1	2.83e-69	204	97.9
FC69C3D3_002117-T1	NCU09603-t26_1-p1	0.0	1028	100
FC69C3D3_002118-T1	NCU09602-t26_1-p1	0.0	1210	100
FC69C3D3_002119-T1	NCU09600-t26_1-p1	1.35e-193	530	90.2
FC69C3D3_002120-T1	NCU09599-t26_1-p1	1.91e-187	514	100
FC69C3D3_002121-T1	NCU09598-t26_1-p1	0.0	1647	100
FC69C3D3_002122-T1	NCU09597-t26_1-p1	1.02e-207	565	100
FC69C3D3_002123-T1	NCU09596-t26_1-p1	4.37e-252	682	100
FC69C3D3_002124-T1	NCU09595-t26_1-p1	0.0	1826	100
FC69C3D3_002125-T1	NCU09594-t26_1-p1	0.0	1074	100
FC69C3D3_002126-T1	NCU09593-t26_1-p1	2.82e-269	728	100
FC69C3D3_002127-T1	NCU03582-t26_1-p1	4.41e-146	404	100
FC69C3D3_002128-T1	NCU03581-t26_1-p1	1.27e-89	254	100
FC69C3D3_002129-T1	NCU03580-t26_1-p1	5.53e-126	352	96.0
FC69C3D3_002130-T1	NCU03579-t26_1-p1	2.65e-184	504	100
FC69C3D3_002131-T1	NCU03578-t26_1-p1	0.0	3457	100
FC69C3D3_002132-T1	NCU03577-t26_1-p1	4.20e-141	402	100
FC69C3D3_002133-T1	NCU03576-t26_1-p1	5.26e-268	725	100
FC69C3D3_002134-T1	NCU03575-t26_1-p1	0.0	2187	100
FC69C3D3_002135-T1	NCU03573-t26_1-p1	0.0	2798	100
FC69C3D3_002136-T1	NCU03572-t26_1-p1	0.0	965	100
FC69C3D3_002137-T1	NCU03571-t26_1-p1	0.0	1679	100
FC69C3D3_002138-T1	NCU03570-t26_1-p1	2.78e-104	305	100
FC69C3D3_002139-T1	NCU03569-t26_1-p1	1.34e-214	585	100
FC69C3D3_002140-T1	NCU03567-t26_1-p1	0.0	1131	100
FC69C3D3_002141-T1	NCU03566-t26_1-p1	8.77e-216	587	100
FC69C3D3_002142-T1	NCU03565-t26_1-p1	7.74e-88	250	100
FC69C3D3_002143-T1	NCU03564-t26_1-p1	0.0	1876	100
FC69C3D3_002144-T1	NCU03563-t26_1-p1	0.0	1126	100
FC69C3D3_002145-T1	NCU03562-t26_1-p1	0.0	1812	100
FC69C3D3_002146-T1	NCU03561-t26_1-p1	1.52e-220	600	100
FC69C3D3_002147-T1	NCU03560-t26_1-p1	0.0	1163	100
FC69C3D3_002148-T1	NCU03559-t26_1-p1	6.71e-309	836	100
FC69C3D3_002149-T1	NCU03558-t26_1-p1	2.37e-46	141	100
FC69C3D3_002150-T1	NCU03557-t26_1-p1	0.0	1568	100
FC69C3D3_002151-T1	NCU03556-t26_1-p1	2.68e-217	593	100
FC69C3D3_002152-T1	NCU03555-t26_1-p1	0.0	1365	99.5
FC69C3D3_002153-T1	NCU03554-t26_1-p1	0.0	1328	100
FC69C3D3_002154-T1	NCU03552-t26_1-p1	1.81e-284	768	100
FC69C3D3_002155-T1	NCU03551-t26_1-p1	0.0	2229	100
FC69C3D3_002156-T1	NCU03550-t26_1-p1	0.0	1612	100
FC69C3D3_002157-T1	NCU03549-t26_1-p1	9.12e-230	632	92.4
FC69C3D3_002158-T1	NCU03548-t26_1-p1	0.0	1029	100
FC69C3D3_002159-T1	NCU03546-t26_1-p1	0.0	2065	92.5
FC69C3D3_002160-T1	NCU03545-t26_2-p1	0.0	3576	99.9
FC69C3D3_002161-T1	NCU03544-t26_1-p1	0.0	2464	100
FC69C3D3_002162-T1	NCU03543-t26_1-p1	1.40e-253	690	100
FC69C3D3_002163-T1	NCU03542-t26_1-p1	6.85e-206	561	100
FC69C3D3_002164-T1	NCU03540-t26_1-p1	4.02e-48	149	100
FC69C3D3_002165-T1	NCU03539-t26_1-p1	0.0	1860	100
FC69C3D3_002166-T1	NCU03538-t26_1-p1	4.35e-268	736	100
FC69C3D3_002167-T1	NCU03537-t26_1-p1	0.0	928	100
FC69C3D3_002168-T1	NCU03536-t26_1-p1	1.13e-216	592	100
FC69C3D3_002169-T1	NCU03535-t26_1-p1	9.73e-106	300	97.6
FC69C3D3_002170-T1	NCU03534-t26_1-p1	3.52e-286	772	100
FC69C3D3_002171-T1	NCU03533-t26_1-p1	0.0	1395	100
FC69C3D3_002172-T1	NCU03531-t26_1-p1	2.73e-122	349	100
FC69C3D3_002173-T1	NCU03530-t26_1-p1	8.72e-108	311	100
FC69C3D3_002174-T1	NCU03529-t26_1-p1	1.26e-178	499	100
FC69C3D3_002175-T1	NCU03528-t26_1-p1	4.39e-136	381	100
FC69C3D3_002176-T1	NCU03527-t26_1-p1	1.18e-285	773	100
FC69C3D3_002177-T1	NCU03526-t26_2-p1	0.0	1276	100
FC69C3D3_002178-T1	NCU03523-t26_1-p1	0.0	2246	100
FC69C3D3_002179-T1	NCU03518-t26_1-p1	2.77e-161	454	100
FC69C3D3_002180-T1	NCU03517-t26_1-p1	1.60e-257	696	100
FC69C3D3_002181-T1	NCU03516-t26_1-p1	5.80e-91	258	100
FC69C3D3_002182-T1	NCU03515-t26_1-p1	1.70e-245	665	100
FC69C3D3_002183-T1	NCU03514-t26_1-p1	0.0	2190	100
FC69C3D3_002184-T1	NCU03512-t26_1-p1	0.0	902	100
FC69C3D3_002185-T1	NCU03511-t26_1-p1	2.09e-254	689	100
FC69C3D3_002186-T1	NCU10152-t26_1-p1	7.45e-149	412	100
FC69C3D3_002187-T1	NCU03509-t26_1-p1	0.0	1157	100
FC69C3D3_002188-T1	NCU03506-t26_1-p1	3.41e-127	353	100
FC69C3D3_002189-T1	NCU03505-t26_1-p1	0.0	3353	100
FC69C3D3_002190-T1	NCU03504-t26_1-p1	0.0	1118	100
FC69C3D3_002191-T1	NCU03503-t26_1-p1	0.0	917	100
FC69C3D3_002192-T1	NCU03502-t26_1-p1	8.81e-145	427	100
FC69C3D3_002193-T1	NCU03501-t26_1-p1	8.40e-256	695	100
FC69C3D3_002194-T1	NCU03500-t26_1-p1	0.0	983	99.8
FC69C3D3_002195-T1	NCU03499-t26_1-p1	9.44e-42	131	100
FC69C3D3_002196-T1	NCU03498-t26_1-p1	0.0	1360	100
FC69C3D3_002197-T1	NCU03497-t26_1-p1	2.59e-260	710	100
FC69C3D3_002198-T1	NCU03496-t26_1-p1	0.0	1263	100
FC69C3D3_002199-T1	NCU03495-t26_1-p1	0.0	1360	100
FC69C3D3_002202-T1	NCU03494-t26_1-p1	0.0	1185	100
FC69C3D3_002203-T1	NCU03493-t26_1-p1	0.0	1605	98.9
FC69C3D3_002204-T1	NCU03492-t26_1-p1	4.64e-292	786	100
FC69C3D3_002205-T1	NCU03491-t26_1-p1	0.0	937	100
FC69C3D3_002206-T1	NCU03490-t26_1-p1	0.0	1232	99.8
FC69C3D3_002207-T1	NCU03489-t26_1-p1	0.0	1594	95.0
FC69C3D3_002208-T1	NCU03488-t26_1-p1	5.22e-284	768	100
FC69C3D3_002209-T1	NCU03486-t26_1-p1	0.0	898	100
FC69C3D3_002210-T1	NCU03485-t26_1-p1	1.30e-197	547	100
FC69C3D3_002211-T1	NCU03483-t26_1-p1	0.0	2154	100
FC69C3D3_002212-T1	NCU03482-t26_1-p1	0.0	883	100
FC69C3D3_002213-T1	NCU03481-t26_1-p1	3.28e-247	708	100
FC69C3D3_002214-T1	NCU16506-t26_1-p1	1.43e-283	765	100
FC69C3D3_002215-T1	NCU03480-t26_1-p1	0.0	1198	100
FC69C3D3_002216-T1	NCU03479-t26_1-p1	0.0	1630	100
FC69C3D3_002217-T1	NCU03478-t26_1-p1	5.76e-291	788	100
FC69C3D3_002218-T1	NCU03477-t26_1-p1	1.60e-286	797	97.8
FC69C3D3_002219-T1	NCU03476-t26_1-p1	2.62e-128	363	98.6
FC69C3D3_002220-T1	NCU03474-t26_1-p1	1.23e-253	690	100
FC69C3D3_002222-T1	NCU03470-t26_1-p1	4.51e-61	181	100
FC69C3D3_002223-T1	NCU03469-t26_1-p1	1.04e-42	135	97.0
FC69C3D3_002224-T1	NCU03468-t26_1-p1	0.0	1018	100
FC69C3D3_002225-T1	NCU03466-t26_1-p1	0.0	1408	100
FC69C3D3_002226-T1	NCU03464-t26_1-p1	1.20e-97	281	100
FC69C3D3_002227-T1	NCU16511-t26_2-p1	0.0	1162	100
FC69C3D3_002228-T1	NCU03463-t26_1-p1	0.0	1679	100
FC69C3D3_002229-T1	NCU03462-t26_1-p1	0.0	1283	100
FC69C3D3_002230-T1	NCU03460-t26_1-p1	3.39e-263	712	100
FC69C3D3_002231-T1	NCU03459-t26_1-p1	8.32e-199	542	100
FC69C3D3_002232-T1	NCU03458-t26_1-p1	0.0	1582	100
FC69C3D3_002233-T1	NCU03446-t26_1-p1	9.65e-200	546	100
FC69C3D3_002234-T1	NCU03445-t26_1-p1	0.0	981	100
FC69C3D3_002235-T1	NCU03441-t26_1-p1	1.26e-313	846	100
FC69C3D3_002236-T1	NCU03440-t26_1-p1	0.0	1923	100
FC69C3D3_002237-T1	NCU03439-t26_1-p1	1.23e-263	713	100
FC69C3D3_002238-T1	NCU03438-t26_1-p1	4.64e-143	395	100
FC69C3D3_002239-T1	NCU03437-t26_1-p1	0.0	1984	100
FC69C3D3_002240-T1	NCU03436-t26_1-p1	1.51e-292	789	100
FC69C3D3_002241-T1	NCU03435-t26_1-p1	0.0	929	100
FC69C3D3_002242-T1	NCU03433-t26_1-p1	6.01e-234	640	100
FC69C3D3_002243-T1	NCU03430-t26_1-p1	2.13e-151	419	100
FC69C3D3_002246-T1	NCU03428-t26_1-p1	1.29e-305	825	100
FC69C3D3_002247-T1	NCU03426-t26_1-p1	0.0	1476	100
FC69C3D3_002248-T1	NCU03425-t26_1-p1	0.0	1098	100
FC69C3D3_002249-T1	NCU03424-t26_1-p1	2.53e-134	374	86.8
FC69C3D3_002250-T1	NCU10483-t26_1-p1	0.0	904	100
FC69C3D3_002251-T1	NCU03423-t26_1-p1	5.38e-138	383	100
FC69C3D3_002252-T1	NCU03422-t26_1-p1	0.0	1103	100
FC69C3D3_002254-T1	NCU03421-t26_1-p1	4.47e-204	561	99.6
FC69C3D3_002257-T1	NCU03417-t26_1-p1	0.0	1704	97.6
FC69C3D3_002258-T1	NCU03416-t26_1-p1	0.0	1675	95.8
FC69C3D3_002259-T1	NCU03415-t26_1-p1	0.0	991	100
FC69C3D3_002260-T1	NCU03413-t26_1-p1	2.96e-224	610	100
FC69C3D3_002261-T1	NCU03412-t26_1-p1	0.0	945	91.3
FC69C3D3_002262-T1	NCU03411-t26_1-p1	4.07e-243	660	100
FC69C3D3_002263-T1	NCU03410-t26_1-p1	3.61e-196	537	100
FC69C3D3_002264-T1	NCU03409-t26_1-p1	0.0	1083	100
FC69C3D3_002265-T1	NCU03407-t26_2-p1	5.99e-186	509	100
FC69C3D3_002266-T1	NCU03406-t26_2-p1	1.80e-80	229	100
FC69C3D3_002267-T1	NCU03405-t26_1-p1	4.98e-80	231	100
FC69C3D3_002268-T1	NCU03404-t26_1-p1	8.51e-302	812	100
FC69C3D3_002269-T1	NCU03403-t26_1-p1	3.57e-175	506	100
FC69C3D3_002270-T1	NCU03402-t26_1-p1	0.0	1534	100
FC69C3D3_002271-T1	NCU03401-t26_1-p1	6.04e-76	220	100
FC69C3D3_002272-T1	NCU03400-t26_1-p1	2.03e-51	154	100
FC69C3D3_002273-T1	NCU03399-t26_1-p1	8.98e-293	796	100
FC69C3D3_002274-T1	NCU03397-t26_1-p1	8.69e-94	275	100
FC69C3D3_002275-T1	NCU03396-t26_1-p1	0.0	1006	100
FC69C3D3_002276-T1	NCU03395-t26_1-p1	1.15e-268	726	100
FC69C3D3_002277-T1	NCU03394-t26_1-p1	2.65e-229	623	100
FC69C3D3_002278-T1	NCU03393-t26_1-p1	1.01e-202	553	100
FC69C3D3_002279-T1	NCU03388-t26_1-p1	1.11e-262	714	100
FC69C3D3_002280-T1	NCU03387-t26_1-p1	0.0	1632	100
FC69C3D3_002281-T1	NCU03386-t26_1-p1	4.71e-161	456	96.5
FC69C3D3_002282-T1	NCU03385-t26_1-p1	2.30e-164	451	100
FC69C3D3_002283-T1	NCU03384-t26_1-p1	1.96e-103	301	100
FC69C3D3_002284-T1	NCU03383-t26_1-p1	6.90e-130	361	100
FC69C3D3_002285-T1	NCU03381-t26_1-p1	2.04e-282	764	100
FC69C3D3_002286-T1	NCU03380-t26_1-p1	0.0	1170	100
FC69C3D3_002288-T1	NCU03379-t26_1-p1	0.0	3430	100
FC69C3D3_002289-T1	NCU03376-t26_1-p1	3.61e-317	853	100
FC69C3D3_002290-T1	NCU03374-t26_1-p1	3.93e-200	547	81.3
FC69C3D3_002291-T1	NCU03373-t26_1-p1	3.57e-34	113	100
FC69C3D3_002292-T1	NCU03372-t26_1-p1	0.0	929	100
FC69C3D3_002293-T1	NCU03370-t26_1-p1	1.02e-130	363	100
FC69C3D3_002294-T1	NCU03369-t26_1-p1	4.62e-227	619	100
FC69C3D3_002295-T1	NCU03368-t26_1-p1	1.64e-66	193	100
FC69C3D3_002296-T1	NCU03367-t26_1-p1	0.0	1270	100
FC69C3D3_002297-T1	NCU03366-t26_1-p1	0.0	952	98.0
FC69C3D3_002298-T1	NCU03365-t26_1-p1	0.0	953	100
FC69C3D3_002299-T1	NCU03364-t26_1-p1	0.0	1763	100
FC69C3D3_002300-T1	NCU03363-t26_1-p1	0.0	2117	100
FC69C3D3_002301-T1	NCU03362-t26_1-p1	4.26e-233	632	100
FC69C3D3_002302-T1	NCU03360-t26_1-p1	0.0	1701	100
FC69C3D3_002303-T1	NCU03359-t26_1-p1	0.0	1519	100
FC69C3D3_002304-T1	NCU10376-t26_1-p1	9.08e-305	824	100
FC69C3D3_002305-T1	NCU03358-t26_1-p1	4.91e-248	673	98.9
FC69C3D3_002306-T1	NCU03357-t26_2-p1	0.0	2103	100
FC69C3D3_002307-T1	NCU03356-t26_1-p1	0.0	1007	100
FC69C3D3_002308-T1	NCU03355-t26_1-p1	0.0	1407	96.5
FC69C3D3_002309-T1	NCU03354-t26_1-p1	0.0	889	100
FC69C3D3_002310-T1	NCU03352-t26_1-p1	0.0	979	100
FC69C3D3_002311-T1	NCU03351-t26_1-p1	0.0	1735	94.3
FC69C3D3_002312-T1	NCU03350-t26_1-p1	0.0	2655	98.0
FC69C3D3_002313-T1	NCU03348-t26_1-p1	0.0	941	100
FC69C3D3_002314-T1	NCU03347-t26_1-p1	0.0	868	100
FC69C3D3_002315-T1	NCU03346-t26_1-p1	0.0	880	100
FC69C3D3_002316-T1	NCU11245-t26_1-p1	3.32e-175	489	99.7
FC69C3D3_002317-T1	NCU03345-t26_1-p1	0.0	1322	100
FC69C3D3_002318-T1	NCU03344-t26_1-p1	1.34e-242	658	100
FC69C3D3_002319-T1	NCU03343-t26_1-p1	4.42e-172	472	100
FC69C3D3_002320-T1	NCU03342-t26_1-p1	0.0	1452	100
FC69C3D3_002321-T1	NCU03341-t26_1-p1	0.0	1483	100
FC69C3D3_002322-T1	NCU03340-t26_1-p1	1.37e-58	172	100
FC69C3D3_002323-T1	NCU03339-t26_1-p1	0.0	930	100
FC69C3D3_002324-T1	NCU03338-t26_2-p1	0.0	927	100
FC69C3D3_002325-T1	NCU16525-t26_1-p1	2.11e-235	637	100
FC69C3D3_002326-T1	NCU03336-t26_1-p1	0.0	1748	99.4
FC69C3D3_002327-T1	NCU03335-t26_1-p1	1.88e-260	705	100
FC69C3D3_002328-T1	NCU03334-t26_1-p1	4.96e-96	271	100
FC69C3D3_002329-T1	NCU03333-t26_1-p1	6.33e-244	661	100
FC69C3D3_002330-T1	NCU03332-t26_1-p1	3.56e-216	589	100
FC69C3D3_002331-T1	NCU03330-t26_1-p1	0.0	2022	100
FC69C3D3_002333-T1	NCU03329-t26_1-p1	1.11e-172	476	87.1
FC69C3D3_002334-T1	NCU03328-t26_1-p1	8.01e-175	478	100
FC69C3D3_002335-T1	NCU05340-t26_1-p1	3.22e-277	749	100
FC69C3D3_002336-T1	NCU05341-t26_1-p1	2.49e-219	596	100
FC69C3D3_002337-T1	NCU05342-t26_1-p1	1.56e-287	776	100
FC69C3D3_002338-T1	NCU05343-t26_1-p1	0.0	1211	100
FC69C3D3_002339-T1	NCU05345-t26_1-p1	5.95e-218	592	100
FC69C3D3_002340-T1	NCU05346-t26_1-p1	2.10e-247	683	86.5
FC69C3D3_002341-T1	NCU05347-t26_1-p1	1.85e-87	250	100
FC69C3D3_002342-T1	NCU05349-t26_1-p1	0.0	1820	100
FC69C3D3_002343-T1	NCU11331-t26_1-p1	1.82e-317	855	100
FC69C3D3_002344-T1	NCU05358-t26_1-p1	4.11e-260	702	100
FC69C3D3_002345-T1	NCU05360-t26_1-p1	0.0	2246	100
FC69C3D3_002346-T1	NCU05363-t26_1-p1	6.03e-279	754	100
FC69C3D3_002347-T1	NCU05364-t26_1-p1	0.0	2090	100
FC69C3D3_002350-T1	NCU05375-t26_1-p1	0.0	3123	100
FC69C3D3_002351-T1	NCU05376-t26_1-p1	0.0	1071	100
FC69C3D3_002352-T1	NCU05377-t26_1-p1	0.0	937	100
FC69C3D3_002353-T1	NCU05378-t26_1-p1	0.0	1219	100
FC69C3D3_002354-T1	NCU05381-t26_1-p1	0.0	880	100
FC69C3D3_002355-T1	NCU05383-t26_1-p1	0.0	1714	100
FC69C3D3_002356-T1	NCU05384-t26_1-p1	1.63e-318	860	100
FC69C3D3_002357-T1	NCU05386-t26_2-p1	5.72e-284	774	100
FC69C3D3_002358-T1	NCU05387-t26_1-p1	4.25e-313	848	99.0
FC69C3D3_002359-T1	NCU05388-t26_1-p1	8.38e-77	226	100
FC69C3D3_002360-T1	NCU05389-t26_1-p1	0.0	1946	97.5
FC69C3D3_002361-T1	NCU05390-t26_1-p1	7.22e-222	604	100
FC69C3D3_002362-T1	NCU05391-t26_1-p1	8.84e-65	192	100
FC69C3D3_002363-T1	NCU05392-t26_1-p1	0.0	2303	100
FC69C3D3_002364-T1	NCU16534-t26_1-p1	0.0	1168	100
FC69C3D3_002365-T1	NCU05393-t26_1-p1	0.0	1453	100
FC69C3D3_002366-T1	NCU05394-t26_1-p1	0.0	940	100
FC69C3D3_002367-T1	NCU05395-t26_1-p1	4.01e-72	209	100
FC69C3D3_002369-T1	NCU05400-t26_1-p1	0.0	1792	100
FC69C3D3_002370-T1	NCU05404-t26_1-p1	2.53e-266	729	100
FC69C3D3_002373-T1	NCU05410-t26_1-p1	0.0	895	100
FC69C3D3_002374-T1	NCU05411-t26_1-p1	0.0	2132	100
FC69C3D3_002375-T1	NCU05414-t26_1-p1	6.35e-245	678	100
FC69C3D3_002376-T1	NCU05417-t26_1-p1	6.86e-302	837	100
FC69C3D3_002377-T1	NCU10346-t26_1-p1	0.0	3568	100.0
FC69C3D3_002379-T1	NCU05418-t26_1-p1	1.18e-260	705	100
FC69C3D3_002380-T1	NCU05419-t26_1-p1	1.81e-284	769	100
FC69C3D3_002381-T1	NCU05420-t26_1-p1	5.82e-317	854	100
FC69C3D3_002382-T1	NCU05421-t26_1-p1	1.29e-319	861	98.2
FC69C3D3_002383-T1	NCU05422-t26_1-p1	0.0	1970	99.5
FC69C3D3_002384-T1	NCU05423-t26_1-p1	0.0	1243	100
FC69C3D3_002385-T1	NCU05425-t26_1-p1	0.0	2122	100
FC69C3D3_002386-T1	NCU05426-t26_1-p1	0.0	879	100
FC69C3D3_002387-T1	NCU05427-t26_2-p1	0.0	1229	100
FC69C3D3_002388-T1	NCU05429-t26_1-p1	0.0	1464	100
FC69C3D3_002389-T1	NCU05430-t26_1-p1	0.0	989	100
FC69C3D3_002390-T1	NCU05433-t26_1-p1	4.57e-261	716	100
FC69C3D3_002391-T1	NCU05435-t26_1-p1	1.27e-158	451	100
FC69C3D3_002392-T1	NCU05435-t26_1-p1	3.54e-227	631	98.9
FC69C3D3_002393-T1	NCU05452-t26_1-p1	0.0	1158	100
FC69C3D3_002394-T1	NCU05453-t26_1-p1	0.0	1144	100
FC69C3D3_002395-T1	NCU05454-t26_1-p1	0.0	1400	100
FC69C3D3_002396-T1	NCU05457-t26_1-p1	2.13e-120	335	100
FC69C3D3_002397-T1	NCU05458-t26_1-p1	0.0	4472	100
FC69C3D3_002398-T1	NCU05459-t26_1-p1	0.0	2120	100
FC69C3D3_002399-T1	NCU05460-t26_1-p1	0.0	1506	100
FC69C3D3_002400-T1	NCU05463-t26_1-p1	1.75e-123	346	100
FC69C3D3_002401-T1	NCU05466-t26_1-p1	0.0	997	100
FC69C3D3_002402-T1	NCU05467-t26_1-p1	1.88e-150	421	100
FC69C3D3_002403-T1	NCU05469-t26_1-p1	4.49e-154	429	100
FC69C3D3_002404-T1	NCU05470-t26_1-p1	2.11e-159	444	100
FC69C3D3_002405-T1	NCU05472-t26_1-p1	5.98e-191	523	100
FC69C3D3_002406-T1	NCU16538-t26_1-p1	4.44e-101	285	100
FC69C3D3_002407-T1	NCU16539-t26_1-p1	4.13e-104	296	100
FC69C3D3_002408-T1	NCU16540-t26_1-p1	1.47e-39	126	100
FC69C3D3_002409-T1	NCU16541-t26_1-p1	1.17e-147	416	100
FC69C3D3_002410-T1	NCU05477-t26_1-p1	2.58e-179	493	100
FC69C3D3_002411-T1	NCU05479-t26_1-p1	0.0	1045	100
FC69C3D3_002412-T1	NCU06857-t26_1-p1	0.0	1545	100
FC69C3D3_002414-T1	NCU06856-t26_1-p1	1.36e-276	748	100
FC69C3D3_002415-T1	NCU06855-t26_1-p1	0.0	919	100
FC69C3D3_002416-T1	NCU06854-t26_1-p1	0.0	912	100
FC69C3D3_002417-T1	NCU06853-t26_1-p1	0.0	903	100
FC69C3D3_002418-T1	NCU06851-t26_1-p1	0.0	1419	100
FC69C3D3_002419-T1	NCU06850-t26_1-p1	0.0	887	100
FC69C3D3_002420-T1	NCU06847-t26_1-p1	0.0	1203	100
FC69C3D3_002421-T1	NCU06846-t26_1-p1	0.0	1033	100
FC69C3D3_002422-T1	NCU06845-t26_1-p1	1.95e-258	700	100
FC69C3D3_002424-T1	NCU06844-t26_2-p1	2.60e-120	335	100
FC69C3D3_002425-T1	NCU06843-t26_1-p1	8.08e-290	782	100
FC69C3D3_002426-T1	NCU06842-t26_1-p1	0.0	1285	100
FC69C3D3_002427-T1	NCU06839-t26_1-p1	1.47e-255	694	100
FC69C3D3_002428-T1	NCU06838-t26_1-p1	0.0	1152	99.5
FC69C3D3_002429-T1	NCU06837-t26_1-p1	4.22e-65	194	100
FC69C3D3_002430-T1	NCU06836-t26_1-p1	0.0	1352	100
FC69C3D3_002431-T1	NCU06834-t26_1-p1	0.0	1648	100
FC69C3D3_002432-T1	NCU06833-t26_1-p1	0.0	1324	92.7
FC69C3D3_002433-T1	NCU06832-t26_1-p1	0.0	2816	100
FC69C3D3_002434-T1	NCU06826-t26_1-p1	0.0	1251	100
FC69C3D3_002435-T1	NCU06824-t26_1-p1	6.36e-54	172	100
FC69C3D3_002436-T1	NCU06823-t26_1-p1	1.11e-188	521	100
FC69C3D3_002437-T1	NCU06822-t26_1-p1	2.56e-259	702	100
FC69C3D3_002438-T1	NCU06821-t26_1-p1	0.0	1351	100
FC69C3D3_002439-T1	NCU06817-t26_1-p1	6.42e-98	280	94.1
FC69C3D3_002441-T1	NCU06815-t26_2-p1	0.0	909	100
FC69C3D3_002442-T1	NCU11340-t26_1-p1	2.05e-118	330	100
FC69C3D3_002443-T1	NCU06812-t26_1-p1	0.0	1933	100
FC69C3D3_002444-T1	NCU06809-t26_1-p1	0.0	1433	100
FC69C3D3_002445-T1	NCU06807-t26_1-p1	6.17e-308	831	100
FC69C3D3_002446-T1	NCU06806-t26_1-p1	0.0	1132	100
FC69C3D3_002447-T1	NCU06804-t26_1-p1	0.0	1302	100
FC69C3D3_002448-T1	NCU06803-t26_1-p1	0.0	1041	100
FC69C3D3_002449-T1	NCU06801-t26_1-p1	6.05e-302	814	100
FC69C3D3_002450-T1	NCU06799-t26_1-p1	0.0	1932	100
FC69C3D3_002451-T1	NCU06793-t26_1-p1	0.0	1412	100
FC69C3D3_002452-T1	NCU06792-t26_1-p1	4.10e-213	584	100
FC69C3D3_002453-T1	NCU06791-t26_1-p1	0.0	1111	100
FC69C3D3_002454-T1	NCU06790-t26_1-p1	3.29e-208	566	100
FC69C3D3_002455-T1	NCU06789-t26_1-p1	2.24e-122	342	100
FC69C3D3_002456-T1	NCU06788-t26_1-p1	2.54e-104	293	100
FC69C3D3_002457-T1	NCU06787-t26_1-p1	1.72e-280	756	100
FC69C3D3_002458-T1	NCU06786-t26_1-p1	1.93e-109	307	100
FC69C3D3_002459-T1	NCU06785-t26_1-p1	0.0	1317	100
FC69C3D3_002460-T1	NCU06783-t26_1-p1	0.0	969	100
FC69C3D3_002461-T1	NCU06782-t26_1-p1	5.68e-287	776	100
FC69C3D3_002462-T1	NCU06781-t26_1-p1	0.0	922	100
FC69C3D3_002463-T1	NCU06780-t26_1-p1	0.0	1237	100
FC69C3D3_002464-T1	NCU06779-t26_1-p1	0.0	1101	100
FC69C3D3_002465-T1	NCU06778-t26_1-p1	3.10e-296	803	100
FC69C3D3_002466-T1	NCU06777-t26_1-p1	8.79e-185	507	100
FC69C3D3_002467-T1	NCU06776-t26_1-p1	0.0	1268	100
FC69C3D3_002468-T1	NCU16549-t26_1-p1	0.0	1238	100
FC69C3D3_002469-T1	NCU16550-t26_1-p1	0.0	1595	100
FC69C3D3_002470-T1	NCU06774-t26_1-p1	0.0	1808	100
FC69C3D3_002471-T1	NCU06773-t26_1-p1	9.67e-179	507	100
FC69C3D3_002473-T1	NCU06772-t26_1-p1	0.0	962	100
FC69C3D3_002474-T1	NCU06771-t26_1-p1	1.49e-153	423	100
FC69C3D3_002475-T1	NCU06769-t26_1-p1	1.78e-250	679	100
FC69C3D3_002476-T1	NCU06768-t26_1-p1	7.89e-175	479	100
FC69C3D3_002477-T1	NCU06767-t26_1-p1	0.0	1804	100
FC69C3D3_002478-T1	NCU06766-t26_1-p1	0.0	2764	100
FC69C3D3_002479-T1	NCU06765-t26_1-p1	7.87e-303	815	100
FC69C3D3_002480-T1	NCU06764-t26_1-p1	9.39e-206	561	100
FC69C3D3_002481-T1	NCU06762-t26_1-p1	3.81e-171	472	100
FC69C3D3_002482-T1	NCU06761-t26_1-p1	0.0	1139	100
FC69C3D3_002483-T1	NCU06760-t26_1-p1	0.0	886	100
FC69C3D3_002484-T1	NCU06759-t26_1-p1	4.36e-269	750	100
FC69C3D3_002485-T1	NCU06758-t26_1-p1	0.0	2212	100
FC69C3D3_002486-T1	NCU06757-t26_1-p1	0.0	1167	100
FC69C3D3_002487-T1	NCU06756-t26_1-p1	0.0	2035	84.2
FC69C3D3_002488-T1	NCU06754-t26_1-p1	9.84e-170	491	81.9
FC69C3D3_002489-T1	NCU11158-t26_1-p1	8.14e-158	439	100
FC69C3D3_002491-T1	NCU11159-t26_1-p1	8.44e-175	480	100
FC69C3D3_002492-T1	NCU06752-t26_1-p1	0.0	1890	100
FC69C3D3_002493-T1	NCU06751-t26_1-p1	4.25e-157	432	100
FC69C3D3_002494-T1	NCU06750-t26_1-p1	1.39e-144	399	100
FC69C3D3_002495-T1	NCU06749-t26_1-p1	4.30e-265	719	100
FC69C3D3_002496-T1	NCU06748-t26_1-p1	9.72e-154	423	100
FC69C3D3_002497-T1	NCU06747-t26_1-p1	1.27e-170	468	100
FC69C3D3_002498-T1	NCU06746-t26_1-p1	3.30e-237	648	100
FC69C3D3_002499-T1	NCU06745-t26_1-p1	7.76e-291	791	98.7
FC69C3D3_002500-T1	NCU06743-t26_1-p1	8.83e-116	323	100
FC69C3D3_002501-T1	NCU06742-t26_1-p1	2.35e-186	515	100
FC69C3D3_002502-T1	NCU06741-t26_1-p1	9.05e-67	193	100
FC69C3D3_002503-T1	NCU06740-t26_1-p1	1.42e-62	183	100
FC69C3D3_002504-T1	NCU06739-t26_1-p1	3.46e-102	287	100
FC69C3D3_002505-T1	NCU06738-t26_1-p1	0.0	2073	100
FC69C3D3_002506-T1	NCU06737-t26_1-p1	0.0	1372	100
FC69C3D3_002507-T1	NCU06735-t26_1-p1	0.0	1301	100
FC69C3D3_002508-T1	NCU06734-t26_1-p1	0.0	1717	100
FC69C3D3_002509-T1	NCU10430-t26_1-p1	7.36e-129	360	100
FC69C3D3_002510-T1	NCU11427-t26_1-p1	5.68e-306	829	100
FC69C3D3_002511-T1	NCU11426-t26_1-p1	0.0	1133	90.0
FC69C3D3_002512-T1	NCU01846-t26_1-p1	1.46e-195	547	100
FC69C3D3_002513-T1	NCU01845-t26_1-p1	0.0	1054	100
FC69C3D3_002514-T1	NCU01844-t26_1-p1	3.81e-87	257	100
FC69C3D3_002515-T1	NCU01843-t26_1-p1	0.0	1052	100
FC69C3D3_002516-T1	NCU01842-t26_1-p1	0.0	1335	100
FC69C3D3_002517-T1	NCU01841-t26_1-p1	4.39e-82	235	100
FC69C3D3_002518-T1	NCU01840-t26_1-p1	0.0	1085	100
FC69C3D3_002519-T1	NCU01839-t26_1-p1	0.0	1564	100
FC69C3D3_002520-T1	NCU01838-t26_1-p1	4.32e-248	672	100
FC69C3D3_002521-T1	NCU01835-t26_1-p1	6.32e-88	251	100
FC69C3D3_002522-T1	NCU01833-t26_1-p1	0.0	3932	100
FC69C3D3_002523-T1	NCU01831-t26_1-p1	0.0	946	100
FC69C3D3_002524-T1	NCU01830-t26_1-p1	2.81e-307	828	100
FC69C3D3_002525-T1	NCU01829-t26_1-p1	1.48e-188	516	100
FC69C3D3_002526-T1	NCU01828-t26_1-p1	3.28e-36	114	100
FC69C3D3_002527-T1	NCU01827-t26_1-p1	4.68e-93	263	100
FC69C3D3_002528-T1	NCU01826-t26_1-p1	2.28e-279	756	100
FC69C3D3_002529-T1	NCU01824-t26_1-p1	0.0	1080	100
FC69C3D3_002530-T1	NCU01823-t26_1-p1	0.0	4561	100
FC69C3D3_002531-T1	NCU01822-t26_1-p1	4.04e-163	449	100
FC69C3D3_002532-T1	NCU01821-t26_1-p1	1.60e-280	761	100
FC69C3D3_002533-T1	NCU01820-t26_1-p1	0.0	2134	100
FC69C3D3_002534-T1	NCU10309-t26_1-p1	0.0	1357	100
FC69C3D3_002535-T1	NCU01817-t26_1-p1	0.0	1530	100
FC69C3D3_002536-T1	NCU01816-t26_1-p1	1.25e-276	746	100
FC69C3D3_002537-T1	NCU01815-t26_1-p1	1.27e-186	510	100
FC69C3D3_002538-T1	NCU01814-t26_1-p1	3.48e-148	412	100
FC69C3D3_002539-T1	NCU01813-t26_1-p1	0.0	1135	100
FC69C3D3_002540-T1	NCU01812-t26_1-p1	0.0	1105	100
FC69C3D3_002541-T1	NCU01810-t26_1-p1	8.28e-182	503	100
FC69C3D3_002542-T1	NCU01809-t26_1-p1	0.0	1652	100
FC69C3D3_002543-T1	NCU01808-t26_1-p1	9.68e-80	228	100
FC69C3D3_002544-T1	NCU01807-t26_1-p1	2.20e-179	491	100
FC69C3D3_002545-T1	NCU01806-t26_1-p1	1.40e-269	731	100
FC69C3D3_002546-T1	NCU01805-t26_1-p1	1.79e-259	711	100
FC69C3D3_002547-T1	NCU01804-t26_1-p1	2.34e-116	325	100
FC69C3D3_002548-T1	NCU01803-t26_1-p1	1.17e-134	383	100
FC69C3D3_002549-T1	NCU01802-t26_1-p1	9.23e-254	697	100
FC69C3D3_002550-T1	NCU01801-t26_1-p1	9.36e-51	154	100
FC69C3D3_002551-T1	NCU01800-t26_1-p1	0.0	892	100
FC69C3D3_002552-T1	NCU01799-t26_1-p1	8.51e-68	198	100
FC69C3D3_002553-T1	NCU01798-t26_1-p1	0.0	1764	100
FC69C3D3_002554-T1	NCU01797-t26_1-p1	0.0	1233	100
FC69C3D3_002555-T1	NCU01796-t26_1-p1	0.0	949	100
FC69C3D3_002556-T1	NCU01795-t26_1-p1	1.49e-239	652	100
FC69C3D3_002557-T1	NCU01793-t26_1-p1	2.71e-166	458	100
FC69C3D3_002558-T1	NCU01792-t26_1-p1	6.10e-126	352	88.4
FC69C3D3_002559-T1	NCU01791-t26_1-p1	1.14e-151	420	100
FC69C3D3_002561-T1	NCU01790-t26_1-p1	2.61e-95	272	100
FC69C3D3_002562-T1	NCU01789-t26_1-p1	2.01e-170	511	100
FC69C3D3_002563-T1	NCU01789-t26_1-p1	0.0	2036	100
FC69C3D3_002564-T1	NCU01788-t26_1-p1	1.29e-193	539	100
FC69C3D3_002565-T1	NCU01786-t26_1-p1	3.21e-302	816	95.6
FC69C3D3_002566-T1	NCU01785-t26_1-p1	1.87e-105	296	100
FC69C3D3_002567-T1	NCU01784-t26_1-p1	0.0	1333	100
FC69C3D3_002568-T1	NCU01783-t26_1-p1	6.35e-172	473	100
FC69C3D3_002569-T1	NCU01782-t26_1-p1	0.0	1953	100
FC69C3D3_002570-T1	NCU01781-t26_1-p1	0.0	901	100
FC69C3D3_002571-T1	NCU01780-t26_1-p1	3.97e-246	670	100
FC69C3D3_002572-T1	NCU01779-t26_1-p1	4.72e-226	615	100
FC69C3D3_002573-T1	NCU01777-t26_1-p1	0.0	1692	97.7
FC69C3D3_002574-T1	NCU10828-t26_1-p1	7.60e-180	497	100
FC69C3D3_002575-T1	NCU01776-t26_1-p1	1.76e-146	404	100
FC69C3D3_002576-T1	NCU16560-t26_1-p1	0.0	1118	97.4
FC69C3D3_002577-T1	NCU16560-t26_1-p1	2.69e-130	388	96.7
FC69C3D3_002578-T1	NCU01772-t26_1-p1	0.0	2318	100
FC69C3D3_002579-T1	NCU01771-t26_1-p1	0.0	930	100
FC69C3D3_002580-T1	NCU01769-t26_1-p1	1.37e-304	828	100
FC69C3D3_002581-T1	NCU01768-t26_1-p1	0.0	2063	95.1
FC69C3D3_002582-T1	NCU01767-t26_1-p1	0.0	1198	100
FC69C3D3_002583-T1	NCU01766-t26_1-p1	1.67e-182	499	100
FC69C3D3_002584-T1	NCU01765-t26_1-p1	0.0	1491	100
FC69C3D3_002585-T1	NCU01764-t26_1-p1	1.08e-162	447	100
FC69C3D3_002586-T1	NCU01763-t26_1-p1	3.21e-229	624	100
FC69C3D3_002587-T1	NCU01762-t26_1-p1	1.70e-248	674	100
FC69C3D3_002588-T1	NCU01761-t26_1-p1	2.38e-71	206	100
FC69C3D3_002589-T1	NCU01760-t26_1-p1	0.0	1232	100
FC69C3D3_002590-T1	NCU01759-t26_1-p1	9.00e-238	645	100
FC69C3D3_002591-T1	NCU01758-t26_1-p1	0.0	1305	100
FC69C3D3_002592-T1	NCU01757-t26_1-p1	0.0	1013	100
FC69C3D3_002593-T1	NCU01756-t26_1-p1	0.0	887	100
FC69C3D3_002594-T1	NCU01754-t26_1-p1	8.64e-263	711	100
FC69C3D3_002595-T1	NCU01753-t26_1-p1	0.0	1152	100
FC69C3D3_002596-T1	NCU01752-t26_1-p1	1.22e-250	702	100
FC69C3D3_002597-T1	NCU01751-t26_1-p1	0.0	1385	100
FC69C3D3_002598-T1	NCU01748-t26_1-p1	7.31e-197	553	100
FC69C3D3_002599-T1	NCU01747-t26_1-p1	0.0	2320	100
FC69C3D3_002600-T1	NCU01745-t26_1-p1	0.0	1545	100
FC69C3D3_002601-T1	NCU01744-t26_1-p1	0.0	4245	100
FC69C3D3_002602-T1	NCU01742-t26_1-p1	1.54e-311	850	100
FC69C3D3_002603-T1	NCU01741-t26_1-p1	2.65e-99	283	100
FC69C3D3_002604-T1	NCU01740-t26_1-p1	9.05e-40	127	100
FC69C3D3_002605-T1	NCU01739-t26_1-p1	5.61e-140	388	100
FC69C3D3_002606-T1	NCU01738-t26_1-p1	2.10e-283	774	100
FC69C3D3_002607-T1	NCU01737-t26_1-p1	0.0	2049	100
FC69C3D3_002608-T1	NCU01735-t26_1-p1	8.41e-158	437	100
FC69C3D3_002609-T1	NCU01731-t26_1-p1	0.0	1023	100
FC69C3D3_002610-T1	NCU01729-t26_3-p1	0.0	1457	100
FC69C3D3_002611-T1	NCU01728-t26_2-p1	0.0	1594	100
FC69C3D3_002612-T1	NCU01725-t26_1-p1	4.39e-317	853	100
FC69C3D3_002613-T1	NCU01724-t26_1-p1	0.0	1292	100
FC69C3D3_002614-T1	NCU01722-t26_2-p1	0.0	2471	100
FC69C3D3_002615-T1	NCU01720-t26_1-p1	2.70e-267	724	100
FC69C3D3_002616-T1	NCU01717-t26_1-p1	9.78e-138	390	100
FC69C3D3_002617-T1	NCU01715-t26_1-p1	3.80e-220	608	100
FC69C3D3_002618-T1	NCU01713-t26_1-p1	1.87e-173	475	100
FC69C3D3_002619-T1	NCU01705-t26_1-p1	1.84e-278	761	100
FC69C3D3_002620-T1	NCU01704-t26_1-p1	1.40e-290	784	100
FC69C3D3_002621-T1	NCU01703-t26_1-p1	2.77e-261	713	100
FC69C3D3_002622-T1	NCU01702-t26_1-p1	0.0	2086	100
FC69C3D3_002623-T1	NCU01701-t26_1-p1	0.0	1211	100
FC69C3D3_002624-T1	NCU01700-t26_1-p1	1.20e-104	294	100
FC69C3D3_002625-T1	NCU01699-t26_1-p1	1.09e-226	622	100
FC69C3D3_002626-T1	NCU01698-t26_1-p1	2.38e-30	99.8	100
FC69C3D3_002627-T1	NCU01697-t26_1-p1	1.16e-252	686	100
FC69C3D3_002628-T1	NCU01696-t26_1-p1	0.0	1343	100
FC69C3D3_002629-T1	NCU01695-t26_1-p1	0.0	1343	100
FC69C3D3_002630-T1	NCU01692-t26_1-p1	0.0	936	100
FC69C3D3_002631-T1	NCU01689-t26_1-p1	4.09e-231	627	100
FC69C3D3_002632-T1	NCU01680-t26_1-p1	0.0	1758	100
FC69C3D3_002633-T1	NCU01679-t26_1-p1	2.76e-297	806	100
FC69C3D3_002634-T1	NCU01678-t26_3-p1	0.0	1101	100
FC69C3D3_002635-T1	NCU01675-t26_1-p1	0.0	2256	100
FC69C3D3_002636-T1	NCU01674-t26_1-p1	1.90e-208	568	100
FC69C3D3_002637-T1	NCU01673-t26_1-p1	3.18e-160	442	100
FC69C3D3_002638-T1	NCU01672-t26_1-p1	0.0	1535	100
FC69C3D3_002639-T1	NCU01669-t26_1-p1	0.0	1114	100
FC69C3D3_002640-T1	NCU01668-t26_2-p1	0.0	1133	100
FC69C3D3_002641-T1	NCU01667-t26_1-p1	4.73e-274	742	100
FC69C3D3_002642-T1	NCU01666-t26_1-p1	2.45e-230	627	100
FC69C3D3_002643-T1	NCU01665-t26_1-p1	6.19e-268	738	100
FC69C3D3_002644-T1	NCU01664-t26_1-p1	1.63e-253	692	100
FC69C3D3_002645-T1	NCU01659-t26_3-p1	0.0	2342	100
FC69C3D3_002646-T1	NCU10381-t26_1-p1	0.0	1474	100
FC69C3D3_002647-T1	NCU01658-t26_1-p1	0.0	2735	98.3
FC69C3D3_002648-T1	NCU01657-t26_1-p1	6.03e-200	550	90.2
FC69C3D3_002649-T1	NCU01656-t26_1-p1	0.0	1743	76.6
FC69C3D3_002650-T1	NCU01655-t26_1-p1	1.22e-174	481	100
FC69C3D3_002651-T1	NCU01654-t26_1-p1	0.0	1373	98.2
FC69C3D3_002652-T1	NCU01652-t26_1-p1	0.0	900	100
FC69C3D3_002653-T1	NCU01651-t26_1-p1	0.0	1515	100
FC69C3D3_002654-T1	NCU01650-t26_1-p1	4.47e-139	385	100
FC69C3D3_002655-T1	NCU01649-t26_1-p1	1.73e-185	508	100
FC69C3D3_002656-T1	NCU01648-t26_1-p1	0.0	1558	100
FC69C3D3_002657-T1	NCU01647-t26_1-p1	5.03e-168	466	100
FC69C3D3_002658-T1	NCU01646-t26_1-p1	0.0	1405	100
FC69C3D3_002659-T1	NCU01645-t26_1-p1	9.82e-178	492	100
FC69C3D3_002660-T1	NCU01644-t26_1-p1	0.0	1697	100
FC69C3D3_002661-T1	NCU01643-t26_1-p1	0.0	1976	100
FC69C3D3_002662-T1	NCU01642-t26_1-p1	0.0	5103	100
FC69C3D3_002663-T1	NCU01640-t26_1-p1	0.0	1261	97.0
FC69C3D3_002664-T1	NCU01638-t26_1-p1	0.0	3313	100
FC69C3D3_002665-T1	NCU01637-t26_1-p1	0.0	931	100
FC69C3D3_002666-T1	NCU01636-t26_1-p1	9.34e-167	457	100
FC69C3D3_002667-T1	NCU01635-t26_1-p1	4.48e-87	248	100
FC69C3D3_002668-T1	NCU01634-t26_1-p1	3.76e-68	198	100
FC69C3D3_002669-T1	NCU01633-t26_1-p1	0.0	1048	100
FC69C3D3_002670-T1	NCU01632-t26_1-p1	0.0	3068	100
FC69C3D3_002671-T1	NCU01629-t26_1-p1	5.96e-167	466	100
FC69C3D3_002672-T1	NCU01625-t26_1-p1	0.0	1476	100
FC69C3D3_002673-T1	NCU01623-t26_1-p1	0.0	1362	100
FC69C3D3_002674-T1	NCU01620-t26_1-p1	6.78e-103	289	100
FC69C3D3_002675-T1	NCU01615-t26_1-p1	0.0	1828	99.0
FC69C3D3_002676-T1	NCU01614-t26_1-p1	1.85e-62	182	100
FC69C3D3_002677-T1	NCU01613-t26_2-p1	0.0	1620	100
FC69C3D3_002678-T1	NCU01612-t26_1-p1	0.0	1532	100
FC69C3D3_002679-T1	NCU01611-t26_1-p1	0.0	1644	100
FC69C3D3_002680-T1	NCU01608-t26_1-p1	0.0	1232	98.6
FC69C3D3_002681-T1	NCU01606-t26_1-p1	5.08e-143	397	100
FC69C3D3_002682-T1	NCU01605-t26_1-p1	9.77e-64	193	100
FC69C3D3_002683-T1	NCU01601-t26_1-p1	8.76e-126	350	100
FC69C3D3_002684-T1	NCU01599-t26_1-p1	0.0	1073	100
FC69C3D3_002685-T1	NCU01598-t26_1-p1	3.08e-223	608	100
FC69C3D3_002686-T1	NCU01597-t26_1-p1	0.0	4022	99.4
FC69C3D3_002687-T1	NCU01596-t26_1-p1	3.21e-294	796	100
FC69C3D3_002688-T1	NCU01595-t26_1-p1	5.75e-310	838	100
FC69C3D3_002689-T1	NCU01593-t26_1-p1	0.0	1025	100
FC69C3D3_002690-T1	NCU01591-t26_1-p1	0.0	978	100
FC69C3D3_002691-T1	NCU01589-t26_1-p1	0.0	1060	100
FC69C3D3_002692-T1	NCU01587-t26_1-p1	1.05e-105	297	100
FC69C3D3_002693-T1	NCU01585-t26_1-p1	6.56e-170	470	100
FC69C3D3_002694-T1	NCU01584-t26_1-p1	0.0	1796	95.8
FC69C3D3_002695-T1	NCU01581-t26_1-p1	2.00e-208	584	100
FC69C3D3_002696-T1	NCU01580-t26_1-p1	7.77e-305	824	100
FC69C3D3_002697-T1	NCU01579-t26_1-p1	4.70e-51	152	100
FC69C3D3_002698-T1	NCU01577-t26_1-p1	1.55e-222	608	100
FC69C3D3_002699-T1	NCU01575-t26_1-p1	6.68e-193	529	100
FC69C3D3_002703-T1	NCU01573-t26_1-p1	0.0	890	100
FC69C3D3_002704-T1	NCU01572-t26_1-p1	5.65e-247	689	100
FC69C3D3_002705-T1	NCU01572-t26_1-p1	9.24e-159	461	100
FC69C3D3_002706-T1	NCU01571-t26_1-p1	2.23e-241	662	100
FC69C3D3_002707-T1	NCU01570-t26_1-p1	0.0	1612	98.6
FC69C3D3_002708-T1	NCU01569-t26_1-p1	0.0	1993	100
FC69C3D3_002709-T1	NCU01568-t26_1-p1	1.53e-231	630	100
FC69C3D3_002710-T1	NCU01567-t26_1-p1	2.51e-108	315	100
FC69C3D3_002711-T1	NCU01566-t26_1-p1	5.50e-150	418	100
FC69C3D3_002712-T1	NCU01565-t26_1-p1	0.0	1015	96.6
FC69C3D3_002713-T1	NCU01564-t26_1-p1	0.0	1241	99.1
FC69C3D3_002714-T1	NCU01563-t26_1-p1	1.01e-241	657	100
FC69C3D3_002715-T1	NCU01561-t26_1-p1	0.0	1165	100
FC69C3D3_002716-T1	NCU01559-t26_1-p1	3.94e-128	358	89.8
FC69C3D3_002717-T1	NCU01555-t26_1-p1	3.24e-58	176	100
FC69C3D3_002718-T1	NCU01554-t26_1-p1	0.0	2567	100
FC69C3D3_002719-T1	NCU01553-t26_1-p1	3.18e-309	834	100
FC69C3D3_002720-T1	NCU01552-t26_1-p1	1.41e-101	286	100
FC69C3D3_002721-T1	NCU01551-t26_1-p1	4.20e-190	523	100
FC69C3D3_002722-T1	NCU01550-t26_1-p1	1.55e-200	547	100
FC69C3D3_002723-T1	NCU01549-t26_1-p1	0.0	1254	98.8
FC69C3D3_002724-T1	NCU01548-t26_2-p1	1.33e-57	171	100
FC69C3D3_002725-T1	NCU01547-t26_1-p1	5.22e-243	660	100
FC69C3D3_002726-T1	NCU16568-t26_1-p1	1.23e-259	714	100
FC69C3D3_002727-T1	NCU01546-t26_1-p1	2.59e-306	825	100
FC69C3D3_002728-T1	NCU01545-t26_1-p1	4.55e-82	234	100
FC69C3D3_002729-T1	NCU01543-t26_1-p1	0.0	1268	100
FC69C3D3_002730-T1	NCU01542-t26_1-p1	0.0	2137	100
FC69C3D3_002731-T1	NCU01541-t26_1-p1	5.39e-60	178	100
FC69C3D3_002732-T1	NCU01540-t26_1-p1	0.0	1610	100
FC69C3D3_002733-T1	NCU01539-t26_1-p1	0.0	2154	100
FC69C3D3_002734-T1	NCU15834-t26_1-p1	0.0	1285	100
FC69C3D3_002735-T1	NCU01535-t26_1-p1	2.03e-267	729	98.1
FC69C3D3_002736-T1	NCU01534-t26_2-p1	1.20e-218	605	100
FC69C3D3_002737-T1	NCU01532-t26_1-p1	1.38e-155	433	100
FC69C3D3_002738-T1	NCU01531-t26_1-p1	0.0	1363	95.5
FC69C3D3_002739-T1	NCU01530-t26_1-p1	1.20e-133	374	100
FC69C3D3_002740-T1	NCU01528-t26_1-p1	2.23e-246	668	100
FC69C3D3_002741-T1	NCU01527-t26_1-p1	1.84e-264	745	99.4
FC69C3D3_002742-T1	NCU01525-t26_1-p1	0.0	1520	100
FC69C3D3_002743-T1	NCU01524-t26_1-p1	3.91e-229	623	100
FC69C3D3_002744-T1	NCU01523-t26_1-p1	3.00e-148	409	98.1
FC69C3D3_002745-T1	NCU01522-t26_1-p1	0.0	2803	98.0
FC69C3D3_002746-T1	NCU01521-t26_1-p1	5.38e-232	630	100
FC69C3D3_002747-T1	NCU11222-t26_1-p1	0.0	990	100
FC69C3D3_002748-T1	NCU01517-t26_1-p1	0.0	1289	100
FC69C3D3_002750-T1	NCU01516-t26_1-p1	1.40e-158	437	100
FC69C3D3_002751-T1	NCU01515-t26_1-p1	1.39e-244	663	100
FC69C3D3_002752-T1	NCU01514-t26_1-p1	4.50e-245	665	100
FC69C3D3_002753-T1	NCU01512-t26_1-p1	0.0	918	90.5
FC69C3D3_002754-T1	NCU01511-t26_1-p1	9.91e-194	531	100
FC69C3D3_002755-T1	NCU01510-t26_1-p1	0.0	2498	100
FC69C3D3_002756-T1	NCU01509-t26_1-p1	0.0	1025	100
FC69C3D3_002757-T1	NCU01506-t26_1-p1	1.75e-218	597	100
FC69C3D3_002758-T1	NCU01504-t26_1-p1	6.90e-218	594	100
FC69C3D3_002759-T1	NCU01503-t26_1-p1	0.0	1508	100
FC69C3D3_002760-T1	NCU01502-t26_1-p1	0.0	1083	100
FC69C3D3_002761-T1	NCU01501-t26_1-p1	5.50e-153	427	100
FC69C3D3_002762-T1	NCU01500-t26_1-p1	1.33e-240	653	100
FC69C3D3_002763-T1	NCU01499-t26_1-p1	0.0	1278	100
FC69C3D3_002765-T1	NCU01498-t26_1-p1	0.0	1582	100
FC69C3D3_002766-T1	NCU01496-t26_1-p1	3.50e-260	706	100
FC69C3D3_002767-T1	NCU01494-t26_1-p1	0.0	1374	100
FC69C3D3_002768-T1	NCU01493-t26_1-p1	9.50e-203	556	100
FC69C3D3_002769-T1	NCU01491-t26_1-p1	2.42e-230	636	100
FC69C3D3_002770-T1	NCU01490-t26_1-p1	1.12e-216	600	100
FC69C3D3_002771-T1	NCU01489-t26_3-p1	1.04e-112	315	100
FC69C3D3_002772-T1	NCU01487-t26_1-p1	2.00e-263	723	100
FC69C3D3_002773-T1	NCU01486-t26_1-p1	0.0	2629	100
FC69C3D3_002774-T1	NCU01485-t26_1-p1	3.12e-280	758	100
FC69C3D3_002775-T1	NCU01484-t26_1-p1	8.79e-143	394	100
FC69C3D3_002776-T1	NCU01481-t26_1-p1	0.0	1107	100
FC69C3D3_002777-T1	NCU10907-t26_1-p1	0.0	1028	100
FC69C3D3_002778-T1	NCU16572-t26_1-p1	9.56e-253	685	100
FC69C3D3_002779-T1	NCU10034-t26_1-p1	2.17e-141	392	100
FC69C3D3_002780-T1	NCU10035-t26_1-p1	4.11e-261	707	100
FC69C3D3_002781-T1	NCU10036-t26_1-p1	1.49e-231	649	100
FC69C3D3_002782-T1	NCU08518-t26_1-p1	4.96e-191	536	100
FC69C3D3_002783-T1	NCU08517-t26_1-p1	0.0	1599	100
FC69C3D3_002784-T1	NCU08516-t26_1-p1	0.0	868	100
FC69C3D3_002785-T1	NCU08515-t26_1-p1	0.0	1013	100
FC69C3D3_002786-T1	NCU08514-t26_1-p1	0.0	983	100
FC69C3D3_002787-T1	NCU08512-t26_1-p1	0.0	1445	100
FC69C3D3_002788-T1	NCU10388-t26_1-p1	5.49e-121	337	100
FC69C3D3_002789-T1	NCU08511-t26_1-p1	1.73e-117	337	78.9
FC69C3D3_002791-T1	NCU08510-t26_1-p1	3.50e-319	870	100
FC69C3D3_002792-T1	NCU08509-t26_1-p1	0.0	1363	98.3
FC69C3D3_002793-T1	NCU08507-t26_1-p1	0.0	904	100
FC69C3D3_002794-T1	NCU08506-t26_1-p1	6.02e-151	417	100
FC69C3D3_002795-T1	NCU08505-t26_1-p1	1.87e-120	335	100
FC69C3D3_002796-T1	NCU08504-t26_1-p1	0.0	1581	100
FC69C3D3_002797-T1	NCU08503-t26_1-p1	3.24e-314	850	100
FC69C3D3_002798-T1	NCU08502-t26_1-p1	4.39e-167	459	100
FC69C3D3_002799-T1	NCU08501-t26_1-p1	0.0	7272	100
FC69C3D3_002800-T1	NCU08500-t26_1-p1	1.10e-144	399	100
FC69C3D3_002801-T1	NCU08499-t26_1-p1	0.0	1462	100
FC69C3D3_002802-T1	NCU08496-t26_1-p1	0.0	2134	100
FC69C3D3_002803-T1	NCU08495-t26_1-p1	1.66e-206	565	100
FC69C3D3_002804-T1	NCU08490-t26_1-p1	3.15e-243	665	100
FC69C3D3_002805-T1	NCU08489-t26_1-p1	5.50e-295	804	100
FC69C3D3_002806-T1	NCU08487-t26_1-p1	0.0	2403	100
FC69C3D3_002807-T1	NCU08485-t26_1-p1	2.96e-294	794	100
FC69C3D3_002808-T1	NCU08484-t26_1-p1	0.0	1697	100
FC69C3D3_002809-T1	NCU08480-t26_1-p1	0.0	1096	99.8
FC69C3D3_002810-T1	NCU08478-t26_1-p1	2.14e-130	378	100
FC69C3D3_002811-T1	NCU08477-t26_1-p1	4.87e-142	394	100
FC69C3D3_002812-T1	NCU08475-t26_1-p1	4.46e-193	532	100
FC69C3D3_002813-T1	NCU08473-t26_1-p1	0.0	3471	100
FC69C3D3_002814-T1	NCU08471-t26_1-p1	2.67e-316	854	100
FC69C3D3_002815-T1	NCU08469-t26_1-p1	9.56e-298	805	91.3
FC69C3D3_002816-T1	NCU08468-t26_1-p1	0.0	1778	100
FC69C3D3_002818-T1	NCU08457-t26_1-p1	5.20e-75	216	100
FC69C3D3_002820-T1	NCU08456-t26_1-p1	1.39e-211	576	100
FC69C3D3_002821-T1	NCU08454-t26_1-p1	7.41e-152	418	100
FC69C3D3_002822-T1	NCU08453-t26_1-p1	2.70e-177	489	100
FC69C3D3_002823-T1	NCU08452-t26_1-p1	0.0	1887	100
FC69C3D3_002824-T1	NCU08449-t26_1-p1	0.0	1292	100
FC69C3D3_002825-T1	NCU08448-t26_1-p1	0.0	1081	100
FC69C3D3_002827-T1	NCU08447-t26_1-p1	2.58e-143	406	100
FC69C3D3_002828-T1	NCU08696-t26_1-p1	0.0	2221	94.4
FC69C3D3_002829-T1	NCU08697-t26_1-p1	8.94e-294	815	97.1
FC69C3D3_002830-T1	NCU08699-t26_1-p1	1.35e-259	705	100
FC69C3D3_002831-T1	NCU08700-t26_1-p1	0.0	1944	100
FC69C3D3_002832-T1	NCU08701-t26_1-p1	0.0	2447	100
FC69C3D3_002834-T1	NCU08702-t26_1-p1	3.68e-220	607	100
FC69C3D3_002835-T1	NCU08703-t26_1-p1	5.78e-223	609	100
FC69C3D3_002836-T1	NCU08706-t26_1-p1	0.0	1182	100
FC69C3D3_002837-T1	NCU08707-t26_1-p1	5.14e-155	432	100
FC69C3D3_002838-T1	NCU08708-t26_1-p1	0.0	1260	100
FC69C3D3_002839-T1	NCU08709-t26_1-p1	0.0	1324	100
FC69C3D3_002841-T1	NCU08712-t26_1-p1	0.0	1066	100
FC69C3D3_002842-T1	NCU08713-t26_1-p1	2.52e-277	754	100
FC69C3D3_002843-T1	NCU08715-t26_1-p1	0.0	1009	100
FC69C3D3_002844-T1	NCU08716-t26_1-p1	4.33e-265	724	99.5
FC69C3D3_002846-T1	NCU08717-t26_1-p1	0.0	1147	100
FC69C3D3_002847-T1	NCU08718-t26_1-p1	2.33e-289	783	100
FC69C3D3_002848-T1	NCU08719-t26_1-p1	0.0	1180	100
FC69C3D3_002849-T1	NCU08720-t26_1-p1	5.39e-132	365	100
FC69C3D3_002850-T1	NCU08721-t26_1-p1	0.0	1591	100
FC69C3D3_002851-T1	NCU08724-t26_1-p1	6.78e-172	471	100
FC69C3D3_002852-T1	NCU08726-t26_1-p1	0.0	1556	100
FC69C3D3_002853-T1	NCU08728-t26_1-p1	2.73e-38	122	100
FC69C3D3_002854-T1	NCU08729-t26_1-p1	1.40e-127	360	100
FC69C3D3_002855-T1	NCU08730-t26_1-p1	0.0	1331	100
FC69C3D3_002856-T1	NCU08731-t26_1-p1	4.05e-315	848	100
FC69C3D3_002857-T1	NCU08733-t26_1-p1	0.0	914	100
FC69C3D3_002858-T1	NCU08734-t26_1-p1	0.0	1157	90.0
FC69C3D3_002859-T1	NCU08736-t26_1-p1	5.95e-291	786	100
FC69C3D3_002860-T1	NCU08737-t26_1-p1	0.0	1252	98.9
FC69C3D3_002861-T1	NCU08738-t26_1-p1	0.0	1201	100
FC69C3D3_002862-T1	NCU08739-t26_1-p1	0.0	867	100
FC69C3D3_002864-T1	NCU08741-t26_1-p1	0.0	1571	100
FC69C3D3_002865-T1	NCU08742-t26_1-p1	2.58e-301	815	100
FC69C3D3_002866-T1	NCU08743-t26_1-p1	9.83e-129	358	100
FC69C3D3_002867-T1	NCU08744-t26_1-p1	4.68e-288	778	100
FC69C3D3_002868-T1	NCU08745-t26_1-p1	1.07e-146	404	100
FC69C3D3_002869-T1	NCU08746-t26_1-p1	1.01e-284	769	100
FC69C3D3_002870-T1	NCU08747-t26_1-p1	0.0	1218	100
FC69C3D3_002871-T1	NCU08748-t26_1-p1	0.0	1103	100
FC69C3D3_002872-T1	NCU08749-t26_1-p1	0.0	1255	100
FC69C3D3_002873-T1	NCU08750-t26_1-p1	0.0	909	87.2
FC69C3D3_002874-T1	NCU08402-t26_1-p1	2.19e-284	766	100
FC69C3D3_002875-T1	NCU08403-t26_1-p1	1.91e-289	781	100
FC69C3D3_002876-T1	NCU08404-t26_1-p1	0.0	3342	100
FC69C3D3_002877-T1	NCU08405-t26_1-p1	8.10e-207	568	98.3
FC69C3D3_002878-T1	NCU08406-t26_1-p1	1.82e-238	647	100
FC69C3D3_002879-T1	NCU08407-t26_1-p1	0.0	988	100
FC69C3D3_002880-T1	NCU08408-t26_1-p1	0.0	885	100
FC69C3D3_002881-T1	NCU08409-t26_1-p1	0.0	1425	100
FC69C3D3_002882-T1	NCU16588-t26_1-p1	1.65e-249	682	100
FC69C3D3_002883-T1	NCU08410-t26_1-p1	3.04e-180	495	100
FC69C3D3_002884-T1	NCU08411-t26_2-p1	8.57e-317	853	100
FC69C3D3_002885-T1	NCU08412-t26_1-p1	9.20e-312	839	100
FC69C3D3_002886-T1	NCU08413-t26_1-p1	5.62e-181	494	100
FC69C3D3_002887-T1	NCU08414-t26_1-p1	0.0	1165	100
FC69C3D3_002888-T1	NCU08416-t26_1-p1	4.82e-91	261	100
FC69C3D3_002889-T1	NCU08417-t26_1-p1	0.0	1999	98.0
FC69C3D3_002890-T1	NCU08418-t26_1-p1	0.0	1184	100
FC69C3D3_002891-T1	NCU08420-t26_1-p1	0.0	2749	100
FC69C3D3_002892-T1	NCU08421-t26_1-p1	6.99e-172	487	100
FC69C3D3_002893-T1	NCU08423-t26_1-p1	0.0	1595	99.7
FC69C3D3_002895-T1	NCU10245-t26_1-p1	0.0	1083	100
FC69C3D3_002896-T1	NCU08425-t26_1-p1	0.0	886	100
FC69C3D3_002897-T1	NCU10392-t26_1-p1	0.0	1297	100
FC69C3D3_002898-T1	NCU08427-t26_1-p1	5.31e-273	739	100
FC69C3D3_002899-T1	NCU08428-t26_1-p1	0.0	1022	100
FC69C3D3_002900-T1	NCU08429-t26_1-p1	1.49e-281	761	100
FC69C3D3_002901-T1	NCU08431-t26_1-p1	1.01e-238	649	100
FC69C3D3_002902-T1	NCU08432-t26_1-p1	1.73e-157	434	100
FC69C3D3_002903-T1	NCU08433-t26_1-p1	2.48e-210	574	100
FC69C3D3_002904-T1	NCU08434-t26_1-p1	1.31e-295	798	100
FC69C3D3_002905-T1	NCU08435-t26_1-p1	0.0	2666	100
FC69C3D3_002906-T1	NCU08436-t26_1-p1	0.0	1110	100
FC69C3D3_002907-T1	NCU08439-t26_1-p1	0.0	2499	100
FC69C3D3_002908-T1	NCU08440-t26_1-p1	1.01e-164	452	100
FC69C3D3_002909-T1	NCU08441-t26_1-p1	0.0	3961	100
FC69C3D3_002910-T1	NCU08442-t26_1-p1	1.97e-78	226	100
FC69C3D3_002911-T1	NCU08443-t26_1-p1	0.0	1222	100
FC69C3D3_002912-T1	NCU08445-t26_1-p1	0.0	1100	100
FC69C3D3_002913-T1	NCU09335-t26_1-p1	0.0	1447	100
FC69C3D3_002914-T1	NCU09336-t26_1-p1	2.89e-306	828	100
FC69C3D3_002915-T1	NCU09337-t26_1-p1	0.0	1473	100
FC69C3D3_002916-T1	NCU09342-t26_1-p1	3.90e-87	251	100
FC69C3D3_002917-T1	NCU09343-t26_1-p1	1.55e-218	600	100
FC69C3D3_002918-T1	NCU09345-t26_1-p1	5.73e-196	537	99.6
FC69C3D3_002919-T1	NCU16593-t26_1-p1	0.0	2793	99.9
FC69C3D3_002920-T1	NCU09347-t26_1-p1	0.0	904	100
FC69C3D3_002921-T1	NCU09349-t26_1-p1	0.0	1080	100
FC69C3D3_002922-T1	NCU09350-t26_1-p1	1.25e-288	789	82.5
FC69C3D3_002923-T1	NCU09352-t26_1-p1	0.0	1022	100
FC69C3D3_002924-T1	NCU16595-t26_1-p1	1.38e-192	554	100
FC69C3D3_002925-T1	NCU16596-t26_1-p1	3.16e-243	659	100
FC69C3D3_002926-T1	NCU09354-t26_1-p1	0.0	1550	100
FC69C3D3_002927-T1	NCU09355-t26_1-p1	5.27e-114	325	100
FC69C3D3_002929-T1	NCU09356-t26_1-p1	0.0	1094	100
FC69C3D3_002930-T1	NCU09357-t26_1-p1	0.0	2153	99.5
FC69C3D3_002931-T1	NCU09357-t26_1-p1	0.0	2086	99.7
FC69C3D3_002932-T1	NCU09358-t26_1-p1	5.42e-265	724	100
FC69C3D3_002933-T1	NCU09358-t26_1-p1	6.09e-106	310	100
FC69C3D3_002934-T1	NCU09777-t26_1-p1	4.39e-309	837	100
FC69C3D3_002935-T1	NCU09775-t26_1-p1	2.54e-254	688	100
FC69C3D3_002936-T1	NCU09774-t26_1-p1	5.76e-224	608	100
FC69C3D3_002937-T1	NCU09773-t26_1-p1	0.0	1566	100
FC69C3D3_002938-T1	NCU09771-t26_1-p1	0.0	1075	100
FC69C3D3_002939-T1	NCU09770-t26_1-p1	0.0	1061	100
FC69C3D3_002940-T1	NCU09767-t26_1-p1	2.75e-198	549	99.6
FC69C3D3_002941-T1	NCU09765-t26_1-p1	1.77e-195	536	100
FC69C3D3_002942-T1	NCU09764-t26_1-p1	1.07e-248	679	100
FC69C3D3_002943-T1	NCU11417-t26_1-p1	1.75e-239	650	100
FC69C3D3_002944-T1	NCU09762-t26_1-p1	5.11e-259	705	100
FC69C3D3_002945-T1	NCU09761-t26_1-p1	7.38e-79	228	100
FC69C3D3_002946-T1	NCU09760-t26_2-p1	8.78e-41	140	100
FC69C3D3_002947-T1	NCU09759-t26_1-p1	0.0	919	100
FC69C3D3_002948-T1	NCU09758-t26_1-p1	0.0	2241	100
FC69C3D3_002949-T1	NCU09757-t26_1-p1	0.0	1069	100
FC69C3D3_002950-T1	NCU09756-t26_1-p1	0.0	1243	100
FC69C3D3_002951-T1	NCU09754-t26_1-p1	1.16e-141	393	92.4
FC69C3D3_002952-T1	NCU09461-t26_1-p1	1.61e-124	348	100
FC69C3D3_002953-T1	NCU09462-t26_1-p1	4.63e-109	305	100
FC69C3D3_002954-T1	NCU09463-t26_1-p1	0.0	2256	100
FC69C3D3_002956-T1	NCU09465-t26_1-p1	1.09e-55	165	100
FC69C3D3_002957-T1	NCU09466-t26_1-p1	0.0	1089	100
FC69C3D3_002958-T1	NCU09468-t26_1-p1	0.0	900	100
FC69C3D3_002959-T1	NCU09469-t26_1-p1	0.0	1548	100
FC69C3D3_002960-T1	NCU09469-t26_1-p1	1.49e-72	233	98.4
FC69C3D3_002961-T1	NCU09470-t26_1-p1	2.15e-260	714	100
FC69C3D3_002962-T1	NCU09471-t26_1-p1	0.0	894	100
FC69C3D3_002963-T1	NCU09472-t26_1-p1	0.0	1725	100
FC69C3D3_002964-T1	NCU09473-t26_1-p1	4.27e-197	538	100
FC69C3D3_002965-T1	NCU09474-t26_1-p1	4.64e-202	551	100
FC69C3D3_002966-T1	NCU09475-t26_1-p1	4.61e-147	406	100
FC69C3D3_002967-T1	NCU09476-t26_1-p1	3.73e-63	185	100
FC69C3D3_002968-T1	NCU09477-t26_1-p1	4.23e-227	617	100
FC69C3D3_002969-T1	NCU09478-t26_1-p1	7.39e-69	208	100
FC69C3D3_002970-T1	NCU09479-t26_1-p1	7.98e-22	86.3	100
FC69C3D3_002971-T1	NCU09480-t26_1-p1	1.46e-216	588	100
FC69C3D3_002972-T1	NCU09481-t26_1-p1	0.0	1371	100
FC69C3D3_002973-T1	NCU09482-t26_1-p1	0.0	1949	100
FC69C3D3_002974-T1	NCU09483-t26_3-p1	3.99e-129	362	100
FC69C3D3_002975-T1	NCU09484-t26_1-p1	0.0	1107	100
FC69C3D3_002976-T1	NCU09485-t26_1-p1	0.0	1732	100
FC69C3D3_002977-T1	NCU09486-t26_1-p1	1.37e-224	619	99.7
FC69C3D3_002978-T1	NCU09487-t26_1-p1	3.13e-282	764	100
FC69C3D3_002979-T1	NCU09488-t26_1-p1	0.0	1347	100
FC69C3D3_002980-T1	NCU09489-t26_1-p1	1.17e-189	519	100
FC69C3D3_002982-T1	NCU09491-t26_1-p1	4.91e-220	597	100
FC69C3D3_002985-T1	NCU09492-t26_1-p1	0.0	4204	100
FC69C3D3_002986-T1	NCU09494-t26_1-p1	6.32e-231	639	95.2
FC69C3D3_002987-T1	NCU09495-t26_1-p1	9.76e-241	652	100
FC69C3D3_002988-T1	NCU09526-t26_1-p1	0.0	1115	100
FC69C3D3_002989-T1	NCU09525-t26_1-p1	4.16e-150	414	100
FC69C3D3_002990-T1	NCU09524-t26_1-p1	8.59e-186	511	100
FC69C3D3_002991-T1	NCU09522-t26_1-p1	0.0	924	100
FC69C3D3_002992-T1	NCU09521-t26_1-p1	6.93e-311	844	100
FC69C3D3_002993-T1	NCU09520-t26_1-p1	0.0	3143	97.3
FC69C3D3_002994-T1	NCU09519-t26_1-p1	5.32e-222	603	100
FC69C3D3_002996-T1	NCU09518-t26_1-p1	0.0	1005	100
FC69C3D3_002997-T1	NCU09517-t26_1-p1	4.91e-236	644	93.5
FC69C3D3_002998-T1	NCU09516-t26_1-p1	0.0	2344	100
FC69C3D3_002999-T1	NCU09514-t26_1-p1	0.0	979	100
FC69C3D3_003000-T1	NCU09513-t26_1-p1	0.0	1258	100
FC69C3D3_003001-T1	NCU09512-t26_1-p1	7.83e-65	189	100
FC69C3D3_003002-T1	NCU09511-t26_1-p1	0.0	1312	100
FC69C3D3_003003-T1	NCU09510-t26_1-p1	1.96e-235	639	100
FC69C3D3_003004-T1	NCU09508-t26_1-p1	1.25e-167	470	100
FC69C3D3_003005-T1	NCU16606-t26_1-p1	6.22e-205	564	100
FC69C3D3_003006-T1	NCU11406-t26_1-p1	4.31e-303	820	100
FC69C3D3_003007-T1	NCU11405-t26_1-p1	0.0	2110	100
FC69C3D3_003008-T1	NCU09506-t26_1-p1	1.10e-115	328	100
FC69C3D3_003009-T1	NCU09505-t26_1-p1	3.04e-153	431	100
FC69C3D3_003010-T1	NCU09504-t26_1-p1	0.0	1135	100
FC69C3D3_003011-T1	NCU09503-t26_1-p1	0.0	1854	100
FC69C3D3_003012-T1	NCU09502-t26_1-p1	0.0	1181	100
FC69C3D3_003013-T1	NCU09500-t26_1-p1	0.0	2553	100
FC69C3D3_003014-T1	NCU09499-t26_1-p1	0.0	1830	100
FC69C3D3_003015-T1	NCU09498-t26_1-p1	5.76e-223	614	100
FC69C3D3_003016-T1	NCU09497-t26_1-p1	0.0	869	100
FC69C3D3_003017-T1	NCU09496-t26_1-p1	0.0	2226	100
FC69C3D3_003018-T1	NCU09147-t26_1-p1	1.57e-74	218	100
FC69C3D3_003019-T1	NCU09148-t26_1-p1	0.0	1020	100
FC69C3D3_003020-T1	NCU09151-t26_1-p1	0.0	900	100
FC69C3D3_003021-T1	NCU09152-t26_1-p1	0.0	957	100
FC69C3D3_003022-T1	NCU09153-t26_1-p1	0.0	1164	100
FC69C3D3_003023-T1	NCU09154-t26_1-p1	5.18e-176	482	100
FC69C3D3_003024-T1	NCU09155-t26_1-p1	0.0	994	100
FC69C3D3_003025-T1	NCU09156-t26_1-p1	0.0	1093	100
FC69C3D3_003026-T1	NCU09157-t26_1-p1	0.0	2324	100
FC69C3D3_003027-T1	NCU09158-t26_1-p1	1.38e-69	202	100
FC69C3D3_003028-T1	NCU09159-t26_1-p1	0.0	1511	100
FC69C3D3_003029-T1	NCU09160-t26_1-p1	2.52e-227	620	100
FC69C3D3_003030-T1	NCU09161-t26_1-p1	2.09e-295	798	100
FC69C3D3_003031-T1	NCU09162-t26_1-p1	0.0	2362	100
FC69C3D3_003034-T1	NCU09163-t26_1-p1	0.0	1068	100
FC69C3D3_003036-T1	NCU09165-t26_1-p1	0.0	978	100
FC69C3D3_003037-T1	NCU09166-t26_1-p1	4.50e-176	488	89.6
FC69C3D3_003038-T1	NCU09167-t26_1-p1	0.0	2266	100
FC69C3D3_003039-T1	NCU09168-t26_1-p1	0.0	1105	100
FC69C3D3_003040-T1	NCU09169-t26_1-p1	1.10e-239	650	100
FC69C3D3_003041-T1	NCU09170-t26_1-p1	0.0	973	100
FC69C3D3_003042-T1	NCU09171-t26_1-p1	0.0	1402	100
FC69C3D3_003043-T1	NCU09172-t26_1-p1	0.0	1305	100
FC69C3D3_003044-T1	NCU09173-t26_1-p1	9.96e-312	842	100
FC69C3D3_003046-T1	NCU09174-t26_1-p1	0.0	1130	100
FC69C3D3_003047-T1	NCU09175-t26_1-p1	1.03e-276	751	100
FC69C3D3_003048-T1	NCU09176-t26_1-p1	4.93e-190	527	100
FC69C3D3_003049-T1	NCU09180-t26_1-p1	3.43e-153	421	100
FC69C3D3_003050-T1	NCU09181-t26_1-p1	1.22e-147	410	100
FC69C3D3_003051-T1	NCU09182-t26_1-p1	2.74e-119	332	100
FC69C3D3_003052-T1	NCU09183-t26_1-p1	0.0	988	100
FC69C3D3_003053-T1	NCU09184-t26_1-p1	0.0	1098	100
FC69C3D3_003054-T1	NCU09185-t26_1-p1	0.0	1039	100
FC69C3D3_003055-T1	NCU09186-t26_1-p1	0.0	1103	100
FC69C3D3_003056-T1	NCU09187-t26_1-p1	0.0	1402	100
FC69C3D3_003057-T1	NCU09188-t26_1-p1	0.0	1796	100
FC69C3D3_003059-T1	NCU09189-t26_1-p1	0.0	1334	100
FC69C3D3_003060-T1	NCU09190-t26_1-p1	3.86e-213	579	100
FC69C3D3_003062-T1	NCU10001-t26_1-p1	5.43e-310	852	100
FC69C3D3_003063-T1	NCU10002-t26_1-p1	0.0	1736	100
FC69C3D3_003064-T1	NCU10003-t26_1-p1	3.23e-302	823	100
FC69C3D3_003065-T1	NCU10004-t26_1-p1	0.0	1110	100
FC69C3D3_003066-T1	NCU10005-t26_1-p1	5.49e-160	438	100
FC69C3D3_003067-T1	NCU05655-t26_1-p1	0.0	1270	100
FC69C3D3_003068-T1	NCU05656-t26_1-p1	1.69e-157	432	100
FC69C3D3_003069-T1	NCU05658-t26_1-p1	0.0	1326	100
FC69C3D3_003070-T1	NCU05659-t26_1-p1	8.19e-146	401	100
FC69C3D3_003071-T1	NCU05660-t26_1-p1	8.07e-137	380	100
FC69C3D3_003072-T1	NCU05661-t26_1-p1	3.78e-144	406	99.0
FC69C3D3_003073-T1	NCU05664-t26_1-p1	0.0	1247	100
FC69C3D3_003074-T1	NCU05667-t26_1-p1	1.44e-93	271	100
FC69C3D3_003075-T1	NCU05668-t26_1-p1	2.22e-262	717	100
FC69C3D3_003076-T1	NCU05669-t26_1-p1	1.58e-196	541	100
FC69C3D3_003077-T1	NCU05670-t26_1-p1	1.93e-197	544	100
FC69C3D3_003078-T1	NCU05671-t26_1-p1	1.12e-136	381	84.9
FC69C3D3_003079-T1	NCU05672-t26_1-p1	2.91e-08	48.1	93.3
FC69C3D3_003080-T1	NCU05673-t26_1-p1	1.47e-206	565	100
FC69C3D3_003081-T1	NCU05674-t26_1-p1	9.05e-199	567	100
FC69C3D3_003082-T1	NCU05674-t26_1-p1	4.14e-194	553	97.6
FC69C3D3_003083-T1	NCU05675-t26_1-p1	6.01e-113	317	90.4
FC69C3D3_003084-T1	NCU05676-t26_1-p1	2.31e-108	303	100
FC69C3D3_003085-T1	NCU05677-t26_1-p1	5.70e-156	432	100
FC69C3D3_003086-T1	NCU05678-t26_1-p1	5.73e-113	317	100
FC69C3D3_003087-T1	NCU05679-t26_1-p1	1.47e-253	688	100
FC69C3D3_003088-T1	NCU05680-t26_1-p1	0.0	1049	100
FC69C3D3_003089-T1	NCU05681-t26_1-p1	1.43e-232	634	100
FC69C3D3_003090-T1	NCU05683-t26_1-p1	0.0	1270	100
FC69C3D3_003091-T1	NCU05685-t26_2-p1	3.53e-137	399	100
FC69C3D3_003092-T1	NCU05686-t26_1-p1	1.98e-308	837	100
FC69C3D3_003093-T1	NCU05689-t26_1-p1	1.26e-133	370	100
FC69C3D3_003094-T1	NCU05691-t26_1-p1	1.72e-267	735	100
FC69C3D3_003095-T1	NCU05692-t26_1-p1	8.20e-149	411	100
FC69C3D3_003096-T1	NCU05693-t26_1-p1	0.0	1393	100
FC69C3D3_003097-T1	NCU05694-t26_1-p1	0.0	1455	100
FC69C3D3_003098-T1	NCU05695-t26_1-p1	0.0	2256	100
FC69C3D3_003099-T1	NCU11356-t26_1-p1	2.80e-240	652	100
FC69C3D3_003100-T1	NCU11357-t26_1-p1	1.65e-289	789	100
FC69C3D3_003101-T1	NCU05697-t26_1-p1	0.0	1080	100
FC69C3D3_003102-T1	NCU05698-t26_1-p1	4.01e-216	588	100
FC69C3D3_003103-T1	NCU05699-t26_1-p1	2.58e-291	791	100
FC69C3D3_003104-T1	NCU05700-t26_1-p1	0.0	974	100
FC69C3D3_003105-T1	NCU05704-t26_1-p1	5.35e-47	149	100
FC69C3D3_003106-T1	NCU05705-t26_1-p1	3.51e-87	248	100
FC69C3D3_003107-T1	NCU05706-t26_1-p1	1.55e-193	528	100
FC69C3D3_003108-T1	NCU05707-t26_1-p1	5.32e-128	356	92.7
FC69C3D3_003109-T1	NCU05708-t26_1-p1	0.0	1208	100
FC69C3D3_003110-T1	NCU10387-t26_1-p1	0.0	1031	99.2
FC69C3D3_003111-T1	NCU05710-t26_1-p1	2.23e-145	407	100
FC69C3D3_003112-T1	NCU05711-t26_1-p1	1.17e-140	395	99.2
FC69C3D3_003113-T1	NCU05712-t26_1-p1	2.69e-195	532	100
FC69C3D3_003114-T1	NCU05714-t26_1-p1	2.83e-220	600	100
FC69C3D3_003115-T1	NCU05715-t26_1-p1	0.0	1437	100
FC69C3D3_003116-T1	NCU05716-t26_1-p1	8.07e-190	520	100
FC69C3D3_003117-T1	NCU05717-t26_1-p1	3.38e-82	234	100
FC69C3D3_003118-T1	NCU05718-t26_1-p1	0.0	1800	100
FC69C3D3_003119-T1	NCU05720-t26_1-p1	1.81e-262	710	100
FC69C3D3_003120-T1	NCU05721-t26_1-p1	0.0	1518	100
FC69C3D3_003121-T1	NCU05722-t26_1-p1	0.0	1070	100
FC69C3D3_003122-T1	NCU05723-t26_2-p1	0.0	1496	100
FC69C3D3_003123-T1	NCU05726-t26_1-p1	0.0	1172	100
FC69C3D3_003124-T1	NCU05730-t26_1-p1	1.14e-181	495	100
FC69C3D3_003125-T1	NCU05731-t26_1-p1	7.99e-88	249	100
FC69C3D3_003126-T1	NCU05732-t26_1-p1	4.90e-174	484	100
FC69C3D3_003127-T1	NCU05733-t26_1-p1	0.0	1167	100
FC69C3D3_003128-T1	NCU05735-t26_1-p1	0.0	1073	100
FC69C3D3_003129-T1	NCU10596-t26_1-p1	7.88e-225	610	100
FC69C3D3_003131-T1	NCU07815-t26_1-p1	2.17e-297	801	100
FC69C3D3_003133-T1	NCU07816-t26_1-p1	2.25e-180	509	100
FC69C3D3_003134-T1	NCU07816-t26_1-p1	7.57e-196	550	100
FC69C3D3_003135-T1	NCU07817-t26_1-p1	1.14e-189	518	100
FC69C3D3_003136-T1	NCU07818-t26_1-p1	1.94e-199	548	100
FC69C3D3_003137-T1	NCU07819-t26_1-p1	7.63e-280	756	100
FC69C3D3_003138-T1	NCU07820-t26_1-p1	0.0	1008	100
FC69C3D3_003139-T1	NCU07821-t26_1-p1	8.14e-222	613	100
FC69C3D3_003140-T1	NCU07822-t26_1-p1	1.72e-231	630	100
FC69C3D3_003141-T1	NCU07823-t26_1-p1	3.54e-134	370	100
FC69C3D3_003142-T1	NCU07824-t26_1-p1	0.0	870	100
FC69C3D3_003143-T1	NCU07826-t26_1-p1	1.02e-105	296	100
FC69C3D3_003144-T1	NCU07827-t26_2-p1	1.35e-241	664	100
FC69C3D3_003145-T1	NCU07828-t26_1-p1	3.59e-168	462	98.4
FC69C3D3_003146-T1	NCU07829-t26_1-p1	3.14e-160	442	99.2
FC69C3D3_003147-T1	NCU07830-t26_1-p1	3.04e-103	290	100
FC69C3D3_003148-T1	NCU07831-t26_1-p1	0.0	1472	100
FC69C3D3_003149-T1	NCU07832-t26_1-p1	0.0	4602	100
FC69C3D3_003150-T1	NCU07834-t26_1-p1	6.95e-78	231	100
FC69C3D3_003151-T1	NCU07836-t26_1-p1	0.0	879	100
FC69C3D3_003152-T1	NCU07837-t26_1-p1	0.0	2300	100
FC69C3D3_003153-T1	NCU07839-t26_1-p1	0.0	965	100
FC69C3D3_003154-T1	NCU07840-t26_1-p1	0.0	1796	100
FC69C3D3_003155-T1	NCU07841-t26_1-p1	0.0	1130	100
FC69C3D3_003156-T1	NCU07842-t26_1-p1	5.65e-213	581	100
FC69C3D3_003157-T1	NCU07843-t26_1-p1	2.56e-189	518	100
FC69C3D3_003158-T1	NCU07844-t26_1-p1	0.0	889	100
FC69C3D3_003159-T1	NCU07846-t26_1-p1	2.25e-199	548	100
FC69C3D3_003160-T1	NCU07849-t26_1-p1	0.0	1065	100
FC69C3D3_003161-T1	NCU07850-t26_1-p1	0.0	967	100
FC69C3D3_003162-T1	NCU07851-t26_1-p1	2.36e-195	535	100
FC69C3D3_003163-T1	NCU07852-t26_1-p1	4.25e-135	374	100
FC69C3D3_003164-T1	NCU07853-t26_1-p1	2.63e-221	601	100
FC69C3D3_003165-T1	NCU07854-t26_1-p1	0.0	2805	100
FC69C3D3_003166-T1	NCU07855-t26_1-p1	1.44e-301	826	100
FC69C3D3_003167-T1	NCU07856-t26_1-p1	2.76e-84	242	84.3
FC69C3D3_003168-T1	NCU07857-t26_1-p1	3.80e-79	227	100
FC69C3D3_003169-T1	NCU07858-t26_1-p1	5.58e-119	335	100
FC69C3D3_003170-T1	NCU07859-t26_1-p1	0.0	1088	100
FC69C3D3_003171-T1	NCU07860-t26_1-p1	0.0	1035	100
FC69C3D3_003172-T1	NCU07861-t26_1-p1	0.0	1165	100
FC69C3D3_003173-T1	NCU07862-t26_1-p1	9.64e-189	524	100
FC69C3D3_003174-T1	NCU07863-t26_1-p1	0.0	2770	100
FC69C3D3_003175-T1	NCU07864-t26_1-p1	0.0	993	100
FC69C3D3_003177-T1	NCU07865-t26_1-p1	0.0	1619	100
FC69C3D3_003178-T1	NCU07866-t26_1-p1	0.0	2785	100
FC69C3D3_003179-T1	NCU07868-t26_2-p1	0.0	2545	100
FC69C3D3_003180-T1	NCU07869-t26_1-p1	0.0	936	100
FC69C3D3_003182-T1	NCU07870-t26_1-p1	0.0	2873	100
FC69C3D3_003183-T1	NCU07871-t26_1-p1	0.0	1461	100
FC69C3D3_003184-T1	NCU07872-t26_1-p1	0.0	1719	100
FC69C3D3_003185-T1	NCU07874-t26_1-p1	0.0	939	97.2
FC69C3D3_003186-T1	NCU07875-t26_1-p1	8.07e-225	621	100
FC69C3D3_003187-T1	NCU07876-t26_1-p1	4.31e-286	775	100
FC69C3D3_003188-T1	NCU16623-t26_1-p1	6.45e-252	684	100
FC69C3D3_003189-T1	NCU16624-t26_1-p1	0.0	887	100
FC69C3D3_003190-T1	NCU07878-t26_1-p1	4.40e-237	646	100
FC69C3D3_003191-T1	NCU07879-t26_1-p1	9.58e-246	677	98.7
FC69C3D3_003192-T1	NCU07880-t26_1-p1	3.40e-289	789	100
FC69C3D3_003193-T1	NCU07881-t26_1-p1	1.08e-203	557	100
FC69C3D3_003194-T1	NCU07883-t26_1-p1	2.67e-265	720	100
FC69C3D3_003195-T1	NCU07884-t26_1-p1	1.04e-225	613	100
FC69C3D3_003196-T1	NCU07885-t26_1-p1	3.49e-266	722	90.7
FC69C3D3_003197-T1	NCU07886-t26_1-p1	2.29e-72	216	100
FC69C3D3_003198-T1	NCU07887-t26_1-p1	1.43e-299	808	100
FC69C3D3_003199-T1	NCU07888-t26_1-p1	5.12e-187	512	100
FC69C3D3_003200-T1	NCU07889-t26_1-p1	0.0	1653	100
FC69C3D3_003201-T1	NCU11353-t26_1-p1	0.0	1165	100
FC69C3D3_003202-T1	NCU11352-t26_1-p1	6.07e-311	839	99.8
FC69C3D3_003203-T1	NCU06405-t26_1-p1	4.89e-179	500	80.1
FC69C3D3_003204-T1	NCU06406-t26_1-p1	0.0	1452	100
FC69C3D3_003205-T1	NCU10675-t26_1-p1	0.0	968	87.0
FC69C3D3_003206-T1	NCU10397-t26_1-p1	0.0	1860	98.3
FC69C3D3_003207-T1	NCU06407-t26_1-p1	0.0	2136	100
FC69C3D3_003208-T1	NCU06409-t26_1-p1	0.0	1189	100
FC69C3D3_003209-T1	NCU06410-t26_1-p1	1.42e-166	457	100
FC69C3D3_003210-T1	NCU06411-t26_1-p1	0.0	1280	100
FC69C3D3_003211-T1	NCU06412-t26_1-p1	7.72e-285	771	100
FC69C3D3_003212-T1	NCU06413-t26_1-p1	0.0	1394	100
FC69C3D3_003213-T1	NCU06414-t26_1-p1	0.0	1100	100
FC69C3D3_003215-T1	NCU06415-t26_1-p1	1.84e-115	337	100
FC69C3D3_003216-T1	NCU06416-t26_1-p1	1.64e-250	678	100
FC69C3D3_003217-T1	NCU06417-t26_1-p1	6.75e-299	805	100
FC69C3D3_003218-T1	NCU06418-t26_1-p1	0.0	1075	100
FC69C3D3_003219-T1	NCU06419-t26_1-p1	0.0	902	100
FC69C3D3_003220-T1	NCU06422-t26_1-p1	1.33e-112	332	100
FC69C3D3_003221-T1	NCU06423-t26_1-p1	0.0	1075	98.2
FC69C3D3_003222-T1	NCU06424-t26_1-p1	0.0	867	100
FC69C3D3_003223-T1	NCU06425-t26_1-p1	2.20e-124	356	100
FC69C3D3_003224-T1	NCU06428-t26_1-p1	0.0	1722	100
FC69C3D3_003225-T1	NCU06429-t26_1-p1	0.0	1367	100
FC69C3D3_003226-T1	NCU06430-t26_1-p1	0.0	1250	100
FC69C3D3_003227-T1	NCU06431-t26_1-p1	1.31e-92	262	100
FC69C3D3_003228-T1	NCU06432-t26_1-p1	1.20e-103	291	100
FC69C3D3_003229-T1	NCU06433-t26_1-p1	2.62e-74	216	100
FC69C3D3_003230-T1	NCU06434-t26_1-p1	4.76e-178	488	100
FC69C3D3_003231-T1	NCU06435-t26_1-p1	0.0	1378	100
FC69C3D3_003232-T1	NCU06436-t26_1-p1	0.0	1099	100
FC69C3D3_003233-T1	NCU06437-t26_1-p1	0.0	2007	100
FC69C3D3_003234-T1	NCU06438-t26_1-p1	0.0	1673	100
FC69C3D3_003235-T1	NCU06439-t26_1-p1	2.56e-80	230	100
FC69C3D3_003236-T1	NCU06440-t26_1-p1	9.31e-193	526	100
FC69C3D3_003237-T1	NCU06441-t26_1-p1	0.0	1094	100
FC69C3D3_003238-T1	NCU06443-t26_1-p1	8.40e-235	655	84.3
FC69C3D3_003239-T1	NCU06444-t26_1-p1	0.0	1773	100
FC69C3D3_003240-T1	NCU06445-t26_2-p1	0.0	1308	100
FC69C3D3_003241-T1	NCU06446-t26_1-p1	0.0	925	100
FC69C3D3_003242-T1	NCU06447-t26_1-p1	5.31e-137	379	100
FC69C3D3_003243-T1	NCU06448-t26_1-p1	2.63e-203	555	97.7
FC69C3D3_003244-T1	NCU06449-t26_1-p1	0.0	1898	100
FC69C3D3_003245-T1	NCU06450-t26_1-p1	2.18e-181	497	100
FC69C3D3_003246-T1	NCU06451-t26_1-p1	1.38e-283	767	100
FC69C3D3_003247-T1	NCU06452-t26_1-p1	2.85e-275	744	100
FC69C3D3_003248-T1	NCU06453-t26_1-p1	0.0	1717	100
FC69C3D3_003249-T1	NCU06454-t26_1-p1	4.70e-126	351	100
FC69C3D3_003250-T1	NCU11319-t26_1-p1	5.17e-160	447	100
FC69C3D3_003251-T1	NCU11320-t26_1-p1	1.13e-267	727	100
FC69C3D3_003252-T1	NCU06457-t26_1-p1	0.0	1137	100
FC69C3D3_003253-T1	NCU06459-t26_1-p1	0.0	1531	100
FC69C3D3_003254-T1	NCU06460-t26_1-p1	0.0	1113	100
FC69C3D3_003255-T1	NCU06461-t26_1-p1	0.0	1542	99.8
FC69C3D3_003256-T1	NCU06463-t26_1-p1	1.59e-298	814	100
FC69C3D3_003257-T1	NCU06464-t26_1-p1	2.31e-119	333	100
FC69C3D3_003258-T1	NCU06465-t26_1-p1	3.31e-281	759	100
FC69C3D3_003259-T1	NCU06467-t26_2-p1	5.84e-282	764	100
FC69C3D3_003260-T1	NCU06468-t26_1-p1	0.0	9294	100
FC69C3D3_003261-T1	NCU06469-t26_1-p1	1.01e-100	286	100
FC69C3D3_003262-T1	NCU06470-t26_1-p1	1.38e-179	502	100
FC69C3D3_003263-T1	NCU06471-t26_1-p1	7.85e-228	620	100
FC69C3D3_003264-T1	NCU06472-t26_1-p1	0.0	1003	100
FC69C3D3_003265-T1	NCU06473-t26_1-p1	1.44e-243	666	100
FC69C3D3_003266-T1	NCU06474-t26_1-p1	4.04e-108	318	76.7
FC69C3D3_003267-T1	NCU06474-t26_1-p1	1.14e-12	58.5	100
FC69C3D3_003268-T1	NCU06475-t26_1-p1	2.20e-200	547	100
FC69C3D3_003269-T1	NCU06478-t26_1-p1	7.02e-268	724	100
FC69C3D3_003270-T1	NCU06479-t26_1-p1	4.33e-272	735	100
FC69C3D3_003271-T1	NCU06481-t26_1-p1	0.0	1536	100
FC69C3D3_003272-T1	NCU06482-t26_1-p1	1.14e-304	822	100
FC69C3D3_003273-T1	NCU06483-t26_1-p1	0.0	886	100
FC69C3D3_003274-T1	NCU06484-t26_1-p1	0.0	3247	100
FC69C3D3_003275-T1	NCU06485-t26_1-p1	5.04e-288	781	100
FC69C3D3_003277-T1	NCU06488-t26_1-p1	0.0	2672	100
FC69C3D3_003278-T1	NCU06489-t26_1-p1	0.0	1105	100
FC69C3D3_003279-T1	NCU06490-t26_1-p1	5.19e-246	666	100
FC69C3D3_003280-T1	NCU06491-t26_1-p1	3.83e-224	612	100
FC69C3D3_003282-T1	NCU06493-t26_1-p1	3.94e-259	701	100
FC69C3D3_003283-T1	NCU16638-t26_1-p1	5.17e-101	288	100
FC69C3D3_003284-T1	NCU16639-t26_1-p1	3.90e-131	374	100
FC69C3D3_003285-T1	NCU06495-t26_1-p1	1.10e-60	178	100
FC69C3D3_003286-T1	NCU06496-t26_1-p1	0.0	2625	100
FC69C3D3_003287-T1	NCU06497-t26_1-p1	1.66e-294	802	100
FC69C3D3_003288-T1	NCU06498-t26_1-p1	1.17e-168	472	100
FC69C3D3_003289-T1	NCU06499-t26_1-p1	0.0	1588	100
FC69C3D3_003290-T1	NCU06500-t26_1-p1	0.0	2361	100
FC69C3D3_003291-T1	NCU06503-t26_2-p1	0.0	1563	100
FC69C3D3_003292-T1	NCU06504-t26_1-p1	2.22e-238	649	100
FC69C3D3_003293-T1	NCU06505-t26_1-p1	0.0	875	95.8
FC69C3D3_003294-T1	NCU06506-t26_1-p1	4.43e-253	691	100
FC69C3D3_003296-T1	NCU06507-t26_1-p1	2.71e-244	662	100
FC69C3D3_003297-T1	NCU06508-t26_1-p1	0.0	2184	100
FC69C3D3_003298-T1	NCU06509-t26_1-p1	1.80e-126	352	100
FC69C3D3_003299-T1	NCU06511-t26_1-p1	0.0	997	84.9
FC69C3D3_003300-T1	NCU06512-t26_1-p1	0.0	1515	100
FC69C3D3_003301-T1	NCU06171-t26_1-p1	0.0	2045	100
FC69C3D3_003302-T1	NCU06173-t26_2-p1	0.0	1471	100
FC69C3D3_003303-T1	NCU06174-t26_1-p1	7.34e-159	441	100
FC69C3D3_003304-T1	NCU06175-t26_1-p1	0.0	1087	100
FC69C3D3_003305-T1	NCU06176-t26_2-p1	6.51e-124	345	100
FC69C3D3_003306-T1	NCU06177-t26_1-p1	0.0	1375	100
FC69C3D3_003307-T1	NCU06179-t26_1-p1	0.0	970	100
FC69C3D3_003308-T1	NCU06180-t26_1-p1	3.63e-180	510	100
FC69C3D3_003309-T1	NCU06181-t26_1-p1	0.0	2701	100
FC69C3D3_003310-T1	NCU06182-t26_1-p1	0.0	1776	100
FC69C3D3_003311-T1	NCU06183-t26_1-p1	0.0	1721	91.4
FC69C3D3_003312-T1	NCU06185-t26_1-p1	2.32e-119	339	100
FC69C3D3_003313-T1	NCU06187-t26_1-p1	0.0	943	100
FC69C3D3_003314-T1	NCU10651-t26_1-p1	7.17e-85	253	83.6
FC69C3D3_003315-T1	NCU06189-t26_1-p1	0.0	1226	100
FC69C3D3_003316-T1	NCU06190-t26_1-p1	0.0	3248	96.5
FC69C3D3_003317-T1	NCU06191-t26_1-p1	0.0	1019	100
FC69C3D3_003318-T1	NCU06192-t26_1-p1	0.0	1159	100
FC69C3D3_003319-T1	NCU06193-t26_1-p1	1.31e-293	794	100
FC69C3D3_003320-T1	NCU06194-t26_1-p1	0.0	1184	100
FC69C3D3_003322-T1	NCU06196-t26_1-p1	0.0	1923	100
FC69C3D3_003323-T1	NCU06198-t26_1-p1	1.38e-281	761	100
FC69C3D3_003324-T1	NCU06199-t26_1-p1	0.0	2184	100
FC69C3D3_003325-T1	NCU06200-t26_1-p1	4.18e-293	795	100
FC69C3D3_003326-T1	NCU06201-t26_1-p1	1.70e-80	232	100
FC69C3D3_003327-T1	NCU06202-t26_1-p1	0.0	2053	97.3
FC69C3D3_003328-T1	NCU06203-t26_1-p1	2.02e-180	494	100
FC69C3D3_003329-T1	NCU06204-t26_1-p1	1.52e-176	502	100
FC69C3D3_003330-T1	NCU06205-t26_1-p1	0.0	952	100
FC69C3D3_003331-T1	NCU06206-t26_1-p1	2.58e-133	370	100
FC69C3D3_003332-T1	NCU06207-t26_1-p1	1.49e-263	712	100
FC69C3D3_003333-T1	NCU06209-t26_1-p1	2.11e-96	272	100
FC69C3D3_003334-T1	NCU06210-t26_1-p1	2.73e-88	252	94.7
FC69C3D3_003335-T1	NCU06211-t26_1-p1	2.37e-235	639	100
FC69C3D3_003336-T1	NCU06212-t26_1-p1	1.47e-133	374	80.2
FC69C3D3_003337-T1	NCU06213-t26_1-p1	0.0	1043	100
FC69C3D3_003338-T1	NCU06214-t26_1-p1	1.73e-65	192	100
FC69C3D3_003339-T1	NCU06215-t26_1-p1	0.0	1793	97.8
FC69C3D3_003340-T1	NCU06216-t26_1-p1	0.0	2103	100
FC69C3D3_003341-T1	NCU06217-t26_1-p1	0.0	1310	100
FC69C3D3_003342-T1	NCU06218-t26_1-p1	0.0	1602	100
FC69C3D3_003343-T1	NCU06220-t26_2-p1	0.0	977	100
FC69C3D3_003344-T1	NCU06222-t26_1-p1	0.0	876	96.6
FC69C3D3_003345-T1	NCU06223-t26_1-p1	1.02e-260	713	99.7
FC69C3D3_003347-T1	NCU11313-t26_1-p1	6.49e-69	200	100
FC69C3D3_003348-T1	NCU11312-t26_1-p1	0.0	1226	100
FC69C3D3_003349-T1	NCU11311-t26_1-p1	2.22e-64	187	100
FC69C3D3_003350-T1	NCU06226-t26_1-p1	2.36e-103	291	100
FC69C3D3_003351-T1	NCU06227-t26_1-p1	1.03e-198	545	100
FC69C3D3_003352-T1	NCU06228-t26_1-p1	1.96e-172	472	100
FC69C3D3_003353-T1	NCU06230-t26_1-p1	0.0	1271	100
FC69C3D3_003354-T1	NCU06231-t26_1-p1	0.0	1207	100
FC69C3D3_003355-T1	NCU06232-t26_1-p1	1.83e-267	724	100
FC69C3D3_003356-T1	NCU06233-t26_1-p1	0.0	1273	96.8
FC69C3D3_003357-T1	NCU06235-t26_1-p1	0.0	1038	91.8
FC69C3D3_003358-T1	NCU06237-t26_1-p1	1.65e-151	422	100
FC69C3D3_003359-T1	NCU06238-t26_1-p1	0.0	1377	100
FC69C3D3_003360-T1	NCU06239-t26_1-p1	0.0	936	100
FC69C3D3_003361-T1	NCU06240-t26_1-p1	0.0	978	100
FC69C3D3_003362-T1	NCU06242-t26_1-p1	3.99e-243	658	100
FC69C3D3_003363-T1	NCU06243-t26_1-p1	9.39e-226	624	100
FC69C3D3_003364-T1	NCU06244-t26_1-p1	6.14e-57	168	100
FC69C3D3_003365-T1	NCU06245-t26_1-p1	0.0	1331	100
FC69C3D3_003366-T1	NCU06246-t26_1-p1	0.0	1162	100
FC69C3D3_003367-T1	NCU06247-t26_1-p1	0.0	1296	100
FC69C3D3_003368-T1	NCU06248-t26_1-p1	1.54e-315	855	100
FC69C3D3_003369-T1	NCU06249-t26_1-p1	0.0	2199	100
FC69C3D3_003370-T1	NCU06250-t26_1-p1	0.0	1135	100
FC69C3D3_003371-T1	NCU06251-t26_1-p1	9.02e-265	717	100
FC69C3D3_003372-T1	NCU10721-t26_1-p1	1.21e-259	706	100
FC69C3D3_003373-T1	NCU06252-t26_1-p1	0.0	1458	100
FC69C3D3_003374-T1	NCU06253-t26_1-p1	0.0	1093	97.1
FC69C3D3_003375-T1	NCU06254-t26_2-p1	4.33e-224	614	100
FC69C3D3_003376-T1	NCU06255-t26_1-p1	8.35e-294	801	99.2
FC69C3D3_003377-T1	NCU06256-t26_1-p1	3.12e-282	762	100
FC69C3D3_003378-T1	NCU16646-t26_1-p1	0.0	1085	100
FC69C3D3_003379-T1	NCU06257-t26_1-p1	0.0	1659	100
FC69C3D3_003380-T1	NCU06258-t26_1-p1	4.00e-295	798	100
FC69C3D3_003381-T1	NCU06259-t26_1-p1	0.0	1166	100
FC69C3D3_003382-T1	NCU06260-t26_1-p1	9.68e-303	816	100
FC69C3D3_003383-T1	NCU06261-t26_1-p1	7.33e-160	440	100
FC69C3D3_003384-T1	NCU06262-t26_1-p1	0.0	1020	100
FC69C3D3_003385-T1	NCU06263-t26_1-p1	0.0	2298	100
FC69C3D3_003386-T1	NCU06264-t26_1-p1	0.0	2054	100
FC69C3D3_003387-T1	NCU06265-t26_1-p1	0.0	1698	100
FC69C3D3_003388-T1	NCU06266-t26_1-p1	0.0	1007	100
FC69C3D3_003389-T1	NCU06267-t26_1-p1	3.86e-137	383	100
FC69C3D3_003390-T1	NCU06268-t26_1-p1	0.0	1713	100
FC69C3D3_003391-T1	NCU06269-t26_1-p1	7.09e-310	851	100
FC69C3D3_003392-T1	NCU06270-t26_1-p1	0.0	1083	100
FC69C3D3_003393-T1	NCU06271-t26_1-p1	0.0	1491	100
FC69C3D3_003394-T1	NCU06272-t26_1-p1	0.0	3243	100
FC69C3D3_003395-T1	NCU06273-t26_1-p1	1.37e-298	811	97.8
FC69C3D3_003396-T1	NCU06275-t26_1-p1	2.53e-227	619	100
FC69C3D3_003397-T1	NCU06276-t26_1-p1	0.0	1362	93.5
FC69C3D3_003399-T1	NCU06277-t26_1-p1	0.0	1480	100
FC69C3D3_003400-T1	NCU06278-t26_1-p1	0.0	2028	99.4
FC69C3D3_003401-T1	NCU06279-t26_1-p1	0.0	937	100
FC69C3D3_003402-T1	NCU00004-t26_1-p1	9.05e-247	678	98.7
FC69C3D3_003403-T1	NCU00005-t26_1-p1	0.0	1121	100
FC69C3D3_003404-T1	NCU00006-t26_1-p1	0.0	1364	91.6
FC69C3D3_003405-T1	NCU00007-t26_1-p1	0.0	1474	100
FC69C3D3_003406-T1	NCU00008-t26_1-p1	3.48e-313	845	100
FC69C3D3_003407-T1	NCU00010-t26_1-p1	0.0	1696	100
FC69C3D3_003408-T1	NCU00014-t26_1-p1	3.40e-106	299	100
FC69C3D3_003409-T1	NCU00015-t26_1-p1	9.71e-200	545	100
FC69C3D3_003410-T1	NCU00017-t26_1-p1	0.0	1376	100
FC69C3D3_003411-T1	NCU00018-t26_1-p1	0.0	1593	100
FC69C3D3_003412-T1	NCU00019-t26_1-p1	0.0	1298	100
FC69C3D3_003413-T1	NCU00021-t26_1-p1	0.0	2209	100
FC69C3D3_003414-T1	NCU00022-t26_1-p1	0.0	1150	100
FC69C3D3_003415-T1	NCU00023-t26_1-p1	0.0	1187	100
FC69C3D3_003416-T1	NCU00024-t26_1-p1	3.15e-145	403	100
FC69C3D3_003417-T1	NCU00025-t26_1-p1	5.03e-304	820	100
FC69C3D3_003418-T1	NCU00026-t26_1-p1	4.40e-282	760	100
FC69C3D3_003419-T1	NCU00027-t26_1-p1	3.12e-159	438	100
FC69C3D3_003420-T1	NCU00028-t26_2-p1	1.20e-270	731	100
FC69C3D3_003421-T1	NCU00029-t26_1-p1	1.38e-252	691	100
FC69C3D3_003422-T1	NCU00030-t26_1-p1	2.39e-238	647	100
FC69C3D3_003423-T1	NCU00031-t26_1-p1	5.76e-30	99.8	100
FC69C3D3_003424-T1	NCU00032-t26_1-p1	0.0	1439	100
FC69C3D3_003425-T1	NCU00033-t26_1-p1	1.87e-76	221	98.2
FC69C3D3_003426-T1	NCU00034-t26_2-p1	2.34e-224	610	100
FC69C3D3_003427-T1	NCU00035-t26_1-p1	0.0	1073	100
FC69C3D3_003428-T1	NCU00037-t26_1-p1	0.0	1132	100
FC69C3D3_003429-T1	NCU00038-t26_1-p1	2.79e-262	725	99.8
FC69C3D3_003430-T1	NCU11012-t26_1-p1	1.86e-111	312	100
FC69C3D3_003431-T1	NCU00039-t26_1-p1	0.0	1043	100
FC69C3D3_003432-T1	NCU00040-t26_1-p1	0.0	1707	100
FC69C3D3_003433-T1	NCU00041-t26_1-p1	1.38e-63	186	100
FC69C3D3_003434-T1	NCU00042-t26_1-p1	2.76e-137	384	100
FC69C3D3_003435-T1	NCU00043-t26_1-p1	1.23e-233	633	99.7
FC69C3D3_003436-T1	NCU00045-t26_1-p1	0.0	2402	100
FC69C3D3_003437-T1	NCU00046-t26_1-p1	0.0	1568	100
FC69C3D3_003438-T1	NCU00050-t26_1-p1	1.91e-279	758	100
FC69C3D3_003439-T1	NCU00051-t26_1-p1	1.72e-255	693	100
FC69C3D3_003441-T1	NCU00052-t26_1-p1	0.0	1293	100
FC69C3D3_003442-T1	NCU00055-t26_1-p1	6.64e-245	663	100
FC69C3D3_003443-T1	NCU10763-t26_1-p1	0.0	1626	95.8
FC69C3D3_003444-T1	NCU00056-t26_1-p1	0.0	865	100
FC69C3D3_003445-T1	NCU00057-t26_1-p1	1.30e-251	684	100
FC69C3D3_003446-T1	NCU16651-t26_1-p1	4.24e-150	416	100
FC69C3D3_003447-T1	NCU16652-t26_1-p1	0.0	2340	100
FC69C3D3_003448-T1	NCU00059-t26_1-p1	0.0	1372	100
FC69C3D3_003449-T1	NCU00060-t26_1-p1	5.90e-207	570	100
FC69C3D3_003450-T1	NCU00061-t26_1-p1	2.66e-242	659	100
FC69C3D3_003451-T1	NCU00064-t26_1-p1	0.0	905	100
FC69C3D3_003452-T1	NCU00065-t26_1-p1	0.0	1149	100
FC69C3D3_003453-T1	NCU00066-t26_1-p1	0.0	1119	100
FC69C3D3_003454-T1	NCU00067-t26_1-p1	2.40e-49	149	100
FC69C3D3_003455-T1	NCU00068-t26_1-p1	0.0	2015	100
FC69C3D3_003456-T1	NCU00070-t26_1-p1	0.0	1492	87.6
FC69C3D3_003457-T1	NCU00072-t26_1-p1	2.35e-256	696	100
FC69C3D3_003458-T1	NCU00073-t26_1-p1	0.0	881	100
FC69C3D3_003459-T1	NCU00074-t26_1-p1	1.82e-111	314	100
FC69C3D3_003460-T1	NCU00075-t26_1-p1	1.52e-68	199	100
FC69C3D3_003461-T1	NCU00076-t26_1-p1	0.0	1199	100
FC69C3D3_003462-T1	NCU00077-t26_1-p1	0.0	1425	100
FC69C3D3_003463-T1	NCU00078-t26_1-p1	8.02e-94	267	100
FC69C3D3_003464-T1	NCU00079-t26_1-p1	3.14e-120	337	100
FC69C3D3_003465-T1	NCU00080-t26_1-p1	2.51e-271	733	100
FC69C3D3_003466-T1	NCU00081-t26_1-p1	0.0	1118	100
FC69C3D3_003467-T1	NCU00083-t26_1-p1	6.98e-252	684	100
FC69C3D3_003469-T1	NCU00084-t26_1-p1	7.06e-259	709	99.7
FC69C3D3_003470-T1	NCU00085-t26_1-p1	2.43e-272	757	100
FC69C3D3_003471-T1	NCU00086-t26_1-p1	6.43e-253	685	100
FC69C3D3_003472-T1	NCU00087-t26_1-p1	7.11e-193	526	100
FC69C3D3_003473-T1	NCU00088-t26_1-p1	2.01e-226	615	100
FC69C3D3_003474-T1	NCU00089-t26_1-p1	0.0	1167	100
FC69C3D3_003475-T1	NCU00090-t26_1-p1	0.0	1105	100
FC69C3D3_003476-T1	NCU00091-t26_1-p1	1.73e-292	823	100
FC69C3D3_003477-T1	NCU00091-t26_2-p1	0.0	1175	96.2
FC69C3D3_003478-T1	NCU00092-t26_1-p1	3.14e-175	482	100
FC69C3D3_003479-T1	NCU00095-t26_1-p1	0.0	2170	100
FC69C3D3_003481-T1	NCU00097-t26_1-p1	1.98e-186	511	93.7
FC69C3D3_003482-T1	NCU00100-t26_1-p1	0.0	1777	94.1
FC69C3D3_003483-T1	NCU00101-t26_1-p1	0.0	1006	100
FC69C3D3_003484-T1	NCU00102-t26_1-p1	4.58e-279	753	100
FC69C3D3_003485-T1	NCU00103-t26_1-p1	1.90e-208	568	100
FC69C3D3_003486-T1	NCU00104-t26_1-p1	0.0	1723	100
FC69C3D3_003487-T1	NCU00105-t26_1-p1	1.54e-137	380	100
FC69C3D3_003488-T1	NCU00106-t26_1-p1	1.67e-263	718	100
FC69C3D3_003489-T1	NCU00107-t26_1-p1	5.76e-224	607	100
FC69C3D3_003490-T1	NCU00108-t26_1-p1	7.49e-292	790	100
FC69C3D3_003491-T1	NCU00109-t26_1-p1	3.23e-231	628	100
FC69C3D3_003492-T1	NCU00110-t26_1-p1	0.0	1205	100
FC69C3D3_003493-T1	NCU00111-t26_1-p1	1.62e-94	271	100
FC69C3D3_003494-T1	NCU00112-t26_1-p1	0.0	1238	100
FC69C3D3_003495-T1	NCU16656-t26_1-p1	0.0	1936	100
FC69C3D3_003496-T1	NCU16657-t26_1-p1	2.18e-295	799	100
FC69C3D3_003497-T1	NCU00114-t26_1-p1	2.39e-174	480	100
FC69C3D3_003498-T1	NCU00115-t26_1-p1	3.62e-138	384	100
FC69C3D3_003499-T1	NCU00116-t26_1-p1	1.73e-189	518	100
FC69C3D3_003500-T1	NCU00117-t26_1-p1	0.0	1389	97.9
FC69C3D3_003501-T1	NCU00118-t26_1-p1	0.0	1089	100
FC69C3D3_003502-T1	NCU00118-t26_1-p1	5.69e-35	122	100
FC69C3D3_003503-T1	NCU00119-t26_1-p1	0.0	1643	100
FC69C3D3_003504-T1	NCU00120-t26_1-p1	0.0	2226	100
FC69C3D3_003505-T1	NCU00121-t26_1-p1	0.0	1800	99.9
FC69C3D3_003506-T1	NCU00122-t26_1-p1	0.0	969	100
FC69C3D3_003507-T1	NCU00124-t26_2-p1	0.0	2675	100
FC69C3D3_003508-T1	NCU00125-t26_2-p1	1.16e-175	499	100
FC69C3D3_003510-T1	NCU00126-t26_1-p1	3.52e-191	521	100
FC69C3D3_003511-T1	NCU00127-t26_1-p1	0.0	1051	100
FC69C3D3_003512-T1	NCU00128-t26_1-p1	0.0	2009	100
FC69C3D3_003514-T1	NCU00129-t26_1-p1	0.0	1175	100
FC69C3D3_003515-T1	NCU00130-t26_1-p1	0.0	1022	100
FC69C3D3_003516-T1	NCU00133-t26_1-p1	0.0	1056	100
FC69C3D3_003517-T1	NCU00134-t26_1-p1	0.0	1990	100
FC69C3D3_003519-T1	NCU00135-t26_1-p1	1.17e-250	680	100
FC69C3D3_003520-T1	NCU00136-t26_1-p1	0.0	1398	100
FC69C3D3_003521-T1	NCU00137-t26_1-p1	1.02e-97	279	100
FC69C3D3_003522-T1	NCU00138-t26_1-p1	1.51e-151	437	100
FC69C3D3_003523-T1	NCU00142-t26_1-p1	0.0	1602	100
FC69C3D3_003524-T1	NCU00144-t26_1-p1	0.0	883	99.8
FC69C3D3_003525-T1	NCU00145-t26_1-p1	7.97e-106	297	100
FC69C3D3_003526-T1	NCU00146-t26_1-p1	1.01e-191	522	100
FC69C3D3_003527-T1	NCU00147-t26_1-p1	1.13e-132	367	100
FC69C3D3_003528-T1	NCU00148-t26_1-p1	1.78e-273	739	100
FC69C3D3_003529-T1	NCU00149-t26_1-p1	1.26e-33	108	100
FC69C3D3_003530-T1	NCU00150-t26_2-p1	3.02e-192	524	100
FC69C3D3_003531-T1	NCU00151-t26_1-p1	2.43e-196	546	100
FC69C3D3_003532-T1	NCU00152-t26_2-p1	0.0	2666	100
FC69C3D3_003533-T1	NCU00153-t26_1-p1	0.0	998	99.6
FC69C3D3_003534-T1	NCU00154-t26_2-p1	0.0	1126	100
FC69C3D3_003535-T1	NCU00155-t26_1-p1	0.0	1447	100
FC69C3D3_003536-T1	NCU00157-t26_1-p1	8.33e-300	811	93.6
FC69C3D3_003537-T1	NCU00158-t26_1-p1	1.25e-201	560	91.8
FC69C3D3_003538-T1	NCU00159-t26_1-p1	1.84e-176	485	100
FC69C3D3_003539-T1	NCU00160-t26_1-p1	6.37e-54	160	100
FC69C3D3_003540-T1	NCU00161-t26_1-p1	0.0	1758	100
FC69C3D3_003541-T1	NCU00162-t26_1-p1	3.62e-313	845	100
FC69C3D3_003542-T1	NCU00163-t26_1-p1	0.0	1003	100
FC69C3D3_003543-T1	NCU00164-t26_1-p1	0.0	1902	100
FC69C3D3_003544-T1	NCU11172-t26_1-p1	1.21e-150	416	100
FC69C3D3_003545-T1	NCU11173-t26_1-p1	0.0	1012	100
FC69C3D3_003546-T1	NCU00166-t26_1-p1	3.63e-143	398	100
FC69C3D3_003547-T1	NCU00167-t26_1-p1	0.0	1400	100
FC69C3D3_003548-T1	NCU00168-t26_1-p1	2.92e-214	584	100
FC69C3D3_003549-T1	NCU00169-t26_1-p1	0.0	1339	100
FC69C3D3_003550-T1	NCU00170-t26_1-p1	0.0	1204	100
FC69C3D3_003551-T1	NCU00171-t26_1-p1	7.25e-220	603	99.7
FC69C3D3_003552-T1	NCU00172-t26_1-p1	0.0	1492	100
FC69C3D3_003553-T1	NCU00173-t26_1-p1	1.23e-223	610	100
FC69C3D3_003554-T1	NCU00175-t26_1-p1	9.29e-118	338	100
FC69C3D3_003555-T1	NCU00177-t26_1-p1	0.0	1551	100
FC69C3D3_003556-T1	NCU00178-t26_1-p1	7.62e-263	715	100
FC69C3D3_003557-T1	NCU00180-t26_1-p1	0.0	961	100
FC69C3D3_003558-T1	NCU00181-t26_1-p1	0.0	1129	100
FC69C3D3_003559-T1	NCU00182-t26_1-p1	0.0	1033	100
FC69C3D3_003560-T1	NCU00183-t26_1-p1	0.0	1074	100
FC69C3D3_003561-T1	NCU00184-t26_1-p1	4.08e-224	615	100
FC69C3D3_003562-T1	NCU00185-t26_1-p1	1.50e-264	717	100
FC69C3D3_003563-T1	NCU00186-t26_1-p1	2.43e-250	679	100
FC69C3D3_003564-T1	NCU00187-t26_1-p1	4.94e-227	617	100
FC69C3D3_003565-T1	NCU00188-t26_1-p1	0.0	1820	100
FC69C3D3_003566-T1	NCU00193-t26_1-p1	0.0	1293	100
FC69C3D3_003567-T1	NCU00194-t26_1-p1	0.0	899	100
FC69C3D3_003568-T1	NCU00195-t26_1-p1	0.0	1020	100
FC69C3D3_003569-T1	NCU00196-t26_3-p1	0.0	1647	100
FC69C3D3_003570-T1	NCU00198-t26_1-p1	3.00e-58	172	100
FC69C3D3_003571-T1	NCU00199-t26_1-p1	0.0	3534	100
FC69C3D3_003572-T1	NCU00200-t26_1-p1	0.0	1479	100
FC69C3D3_003573-T1	NCU00201-t26_1-p1	0.0	1019	100
FC69C3D3_003574-T1	NCU00202-t26_1-p1	0.0	1162	100
FC69C3D3_003576-T1	NCU00203-t26_1-p1	6.34e-304	820	100
FC69C3D3_003577-T1	NCU00204-t26_1-p1	1.99e-85	247	100
FC69C3D3_003578-T1	NCU00205-t26_1-p1	0.0	4133	100
FC69C3D3_003579-T1	NCU00206-t26_1-p1	0.0	1690	100
FC69C3D3_003581-T1	NCU00207-t26_2-p1	2.86e-225	611	100
FC69C3D3_003582-T1	NCU00208-t26_1-p1	1.69e-81	246	100
FC69C3D3_003583-T1	NCU00209-t26_1-p1	0.0	1717	100
FC69C3D3_003584-T1	NCU00210-t26_1-p1	1.01e-93	268	97.1
FC69C3D3_003585-T1	NCU00211-t26_1-p1	1.08e-77	223	100
FC69C3D3_003586-T1	NCU11174-t26_1-p1	8.33e-105	299	100
FC69C3D3_003587-T1	NCU01634-t26_1-p1	3.76e-68	198	100
FC69C3D3_003588-T1	NCU00213-t26_1-p1	0.0	1410	100
FC69C3D3_003589-T1	NCU00214-t26_1-p1	6.39e-116	324	100
FC69C3D3_003590-T1	NCU00215-t26_1-p1	3.94e-166	456	100
FC69C3D3_003591-T1	NCU00216-t26_1-p1	1.86e-224	610	100
FC69C3D3_003592-T1	NCU16667-t26_1-p1	0.0	1281	100
FC69C3D3_003593-T1	NCU16667-t26_1-p1	1.16e-71	230	99.2
FC69C3D3_003594-T1	NCU16668-t26_1-p1	0.0	1233	100
FC69C3D3_003595-T1	NCU00218-t26_1-p1	4.78e-131	363	100
FC69C3D3_003596-T1	NCU00219-t26_1-p1	0.0	3033	100
FC69C3D3_003597-T1	NCU00220-t26_1-p1	1.74e-148	413	100
FC69C3D3_003599-T1	NCU00222-t26_1-p1	0.0	1271	99.9
FC69C3D3_003600-T1	NCU00223-t26_1-p1	1.62e-273	744	100
FC69C3D3_003601-T1	NCU00225-t26_1-p1	2.35e-183	507	100
FC69C3D3_003602-T1	NCU00226-t26_1-p1	0.0	1198	100
FC69C3D3_003603-T1	NCU00227-t26_1-p1	2.68e-239	650	100
FC69C3D3_003604-T1	NCU00230-t26_1-p1	0.0	1174	100
FC69C3D3_003605-T1	NCU00231-t26_1-p1	0.0	1336	100
FC69C3D3_003606-T1	NCU00232-t26_1-p1	0.0	2175	100
FC69C3D3_003607-T1	NCU00233-t26_1-p1	7.00e-181	498	99.3
FC69C3D3_003608-T1	NCU00234-t26_1-p1	4.74e-100	299	100
FC69C3D3_003609-T1	NCU11176-t26_1-p1	0.0	1531	100
FC69C3D3_003610-T1	NCU00236-t26_1-p1	2.81e-227	620	100
FC69C3D3_003611-T1	NCU00237-t26_1-p1	0.0	1135	99.5
FC69C3D3_003612-T1	NCU00238-t26_1-p1	0.0	2199	100
FC69C3D3_003613-T1	NCU00239-t26_2-p1	0.0	3843	100
FC69C3D3_003614-T1	NCU00240-t26_1-p1	4.44e-38	133	100
FC69C3D3_003615-T1	NCU00240-t26_1-p1	5.34e-36	129	100
FC69C3D3_003616-T1	NCU00241-t26_1-p1	0.0	1086	100
FC69C3D3_003617-T1	NCU00242-t26_1-p1	1.56e-95	286	100
FC69C3D3_003618-T1	NCU00242-t26_1-p1	4.21e-255	701	100
FC69C3D3_003619-T1	NCU00243-t26_1-p1	1.07e-167	461	100
FC69C3D3_003620-T1	NCU00244-t26_1-p1	1.62e-239	648	100
FC69C3D3_003621-T1	NCU00247-t26_1-p1	4.73e-56	170	100
FC69C3D3_003622-T1	NCU00248-t26_1-p1	9.24e-87	249	100
FC69C3D3_003623-T1	NCU00249-t26_1-p1	0.0	1399	100
FC69C3D3_003624-T1	NCU00250-t26_1-p1	6.24e-22	81.6	100
FC69C3D3_003625-T1	NCU00251-t26_1-p1	0.0	1714	100
FC69C3D3_003626-T1	NCU00252-t26_1-p1	0.0	886	100
FC69C3D3_003627-T1	NCU00253-t26_1-p1	8.58e-120	335	100
FC69C3D3_003628-T1	NCU15831-t26_1-p1	6.37e-207	587	100
FC69C3D3_003629-T1	NCU00257-t26_1-p1	0.0	1245	100
FC69C3D3_003630-T1	NCU00258-t26_1-p1	4.63e-137	380	100
FC69C3D3_003631-T1	NCU00259-t26_1-p1	1.57e-113	319	98.8
FC69C3D3_003632-T1	NCU00260-t26_1-p1	3.34e-280	755	100
FC69C3D3_003633-T1	NCU00261-t26_1-p1	0.0	1163	100
FC69C3D3_003634-T1	NCU00263-t26_1-p1	0.0	1713	100
FC69C3D3_003635-T1	NCU00264-t26_1-p1	8.13e-107	300	100
FC69C3D3_003637-T1	NCU00265-t26_1-p1	1.35e-180	499	100
FC69C3D3_003639-T1	NCU00267-t26_1-p1	8.50e-122	341	100
FC69C3D3_003640-T1	NCU00269-t26_1-p1	0.0	1745	100
FC69C3D3_003641-T1	NCU00270-t26_1-p1	4.96e-264	718	100
FC69C3D3_003642-T1	NCU00273-t26_1-p1	0.0	3351	100
FC69C3D3_003643-T1	NCU00274-t26_1-p1	0.0	5676	100
FC69C3D3_003644-T1	NCU00276-t26_1-p1	0.0	2640	100
FC69C3D3_003645-T1	NCU00277-t26_1-p1	0.0	1071	100
FC69C3D3_003646-T1	NCU00278-t26_1-p1	1.59e-185	508	100
FC69C3D3_003647-T1	NCU00279-t26_1-p1	0.0	1259	100
FC69C3D3_003648-T1	NCU00280-t26_1-p1	0.0	1643	100
FC69C3D3_003649-T1	NCU00281-t26_1-p1	0.0	2439	100
FC69C3D3_003651-T1	NCU00282-t26_1-p1	0.0	1729	100
FC69C3D3_003652-T1	NCU00283-t26_1-p1	1.02e-232	638	100
FC69C3D3_003653-T1	NCU00285-t26_2-p1	0.0	1070	100
FC69C3D3_003654-T1	NCU00287-t26_1-p1	0.0	1236	100
FC69C3D3_003655-T1	NCU00289-t26_1-p1	0.0	1064	100
FC69C3D3_003656-T1	NCU00290-t26_1-p1	0.0	1280	100
FC69C3D3_003657-T1	NCU00291-t26_1-p1	2.54e-217	595	100
FC69C3D3_003658-T1	NCU00292-t26_1-p1	0.0	1265	99.8
FC69C3D3_003659-T1	NCU00293-t26_1-p1	5.96e-316	855	100
FC69C3D3_003660-T1	NCU00294-t26_1-p1	5.20e-155	427	100
FC69C3D3_003661-T1	NCU00295-t26_1-p1	0.0	1301	100
FC69C3D3_003662-T1	NCU00296-t26_1-p1	0.0	1014	100
FC69C3D3_003663-T1	NCU00298-t26_1-p1	0.0	983	100
FC69C3D3_003664-T1	NCU00299-t26_1-p1	7.98e-199	543	100
FC69C3D3_003665-T1	NCU00300-t26_1-p1	0.0	956	100
FC69C3D3_003666-T1	NCU00301-t26_1-p1	0.0	946	100
FC69C3D3_003667-T1	NCU00302-t26_1-p1	2.55e-243	660	100
FC69C3D3_003668-T1	NCU16676-t26_1-p1	0.0	952	100
FC69C3D3_003669-T1	NCU00303-t26_1-p1	4.20e-157	435	100
FC69C3D3_003670-T1	NCU00304-t26_1-p1	1.12e-277	751	100
FC69C3D3_003671-T1	NCU00305-t26_1-p1	6.73e-253	686	100
FC69C3D3_003672-T1	NCU00306-t26_1-p1	0.0	1177	100
FC69C3D3_003673-T1	NCU00308-t26_1-p1	0.0	1248	100
FC69C3D3_003674-T1	NCU00309-t26_1-p1	0.0	1082	100
FC69C3D3_003675-T1	NCU00310-t26_1-p1	0.0	2104	100
FC69C3D3_003676-T1	NCU00311-t26_1-p1	0.0	1182	100
FC69C3D3_003677-T1	NCU00313-t26_1-p1	5.82e-263	714	100
FC69C3D3_003678-T1	NCU00314-t26_1-p1	3.79e-260	705	100
FC69C3D3_003679-T1	NCU00315-t26_1-p1	2.46e-40	125	100
FC69C3D3_003680-T1	NCU00316-t26_1-p1	5.36e-234	637	100
FC69C3D3_003681-T1	NCU00317-t26_1-p1	0.0	1736	100
FC69C3D3_003682-T1	NCU00318-t26_1-p1	4.11e-245	671	100
FC69C3D3_003683-T1	NCU00319-t26_1-p1	1.42e-169	466	100
FC69C3D3_003684-T1	NCU00320-t26_1-p1	0.0	5115	100
FC69C3D3_003685-T1	NCU00321-t26_1-p1	0.0	1551	100
FC69C3D3_003686-T1	NCU00322-t26_1-p1	1.82e-12	61.2	100
FC69C3D3_003687-T1	NCU00324-t26_1-p1	0.0	1515	100
FC69C3D3_003688-T1	NCU00325-t26_1-p1	2.05e-275	749	100
FC69C3D3_003689-T1	NCU00326-t26_1-p1	1.38e-237	643	100
FC69C3D3_003690-T1	NCU00329-t26_1-p1	1.60e-57	189	100
FC69C3D3_003691-T1	NCU00330-t26_1-p1	1.03e-217	608	100
FC69C3D3_003692-T1	NCU00331-t26_1-p1	0.0	1482	100
FC69C3D3_003693-T1	NCU00332-t26_1-p1	0.0	1089	100
FC69C3D3_003694-T1	NCU00333-t26_1-p1	4.46e-154	424	100
FC69C3D3_003695-T1	NCU00334-t26_1-p1	3.31e-216	588	100
FC69C3D3_003696-T1	NCU00335-t26_1-p1	1.83e-125	357	100
FC69C3D3_003697-T1	NCU00336-t26_1-p1	0.0	3374	100
FC69C3D3_003698-T1	NCU00337-t26_1-p1	0.0	1228	100
FC69C3D3_003699-T1	NCU00338-t26_1-p1	3.11e-278	757	100
FC69C3D3_003700-T1	NCU00340-t26_1-p1	0.0	1319	100
FC69C3D3_003701-T1	NCU00344-t26_2-p1	4.55e-276	768	100
FC69C3D3_003702-T1	NCU00345-t26_1-p1	0.0	2141	100
FC69C3D3_003703-T1	NCU00346-t26_1-p1	2.22e-229	626	100
FC69C3D3_003704-T1	NCU00347-t26_1-p1	7.46e-306	832	100
FC69C3D3_003705-T1	NCU00348-t26_1-p1	8.89e-75	215	100
FC69C3D3_003706-T1	NCU00349-t26_1-p1	2.82e-220	606	100
FC69C3D3_003707-T1	NCU00350-t26_1-p1	1.73e-283	764	100
FC69C3D3_003708-T1	NCU00351-t26_1-p1	1.26e-68	203	100
FC69C3D3_003709-T1	NCU00352-t26_1-p1	0.0	2692	100
FC69C3D3_003710-T1	NCU00355-t26_1-p1	0.0	1442	100
FC69C3D3_003711-T1	NCU00356-t26_1-p1	0.0	906	100
FC69C3D3_003712-T1	NCU00357-t26_1-p1	0.0	1071	100
FC69C3D3_003713-T1	NCU00358-t26_1-p1	3.96e-283	765	100
FC69C3D3_003714-T1	NCU00359-t26_1-p1	1.89e-212	580	100
FC69C3D3_003715-T1	NCU00360-t26_1-p1	2.21e-205	560	100
FC69C3D3_003716-T1	NCU00361-t26_1-p1	1.89e-181	504	100
FC69C3D3_003717-T1	NCU00362-t26_1-p1	0.0	1228	100
FC69C3D3_003718-T1	NCU00363-t26_1-p1	0.0	943	99.3
FC69C3D3_003719-T1	NCU00364-t26_1-p1	9.25e-259	699	100
FC69C3D3_003720-T1	NCU00365-t26_1-p1	9.85e-49	146	100
FC69C3D3_003721-T1	NCU11030-t26_1-p1	1.28e-166	468	99.6
FC69C3D3_003722-T1	NCU00366-t26_1-p1	2.85e-293	794	100
FC69C3D3_003723-T1	NCU00367-t26_1-p1	0.0	1546	100
FC69C3D3_003724-T1	NCU00368-t26_1-p1	0.0	1239	100
FC69C3D3_003725-T1	NCU00369-t26_1-p1	3.41e-203	553	100
FC69C3D3_003726-T1	NCU00370-t26_2-p1	1.49e-225	616	100
FC69C3D3_003727-T1	NCU00371-t26_1-p1	3.02e-153	424	100
FC69C3D3_003728-T1	NCU00372-t26_1-p1	0.0	3066	100
FC69C3D3_003729-T1	NCU00373-t26_1-p1	5.14e-218	597	100
FC69C3D3_003730-T1	NCU00376-t26_2-p1	1.13e-282	766	91.8
FC69C3D3_003731-T1	NCU00377-t26_1-p1	0.0	1384	100
FC69C3D3_003732-T1	NCU00378-t26_1-p1	0.0	986	100
FC69C3D3_003733-T1	NCU00379-t26_1-p1	0.0	1289	100
FC69C3D3_003734-T1	NCU00380-t26_1-p1	1.42e-185	520	100
FC69C3D3_003735-T1	NCU11180-t26_1-p1	0.0	1711	100
FC69C3D3_003736-T1	NCU11181-t26_1-p1	6.23e-140	386	100
FC69C3D3_003737-T1	NCU00382-t26_1-p1	0.0	1319	100
FC69C3D3_003738-T1	NCU00385-t26_1-p1	5.90e-106	298	100
FC69C3D3_003739-T1	NCU00387-t26_1-p1	1.91e-269	729	100
FC69C3D3_003740-T1	NCU11182-t26_2-p1	6.39e-124	347	100
FC69C3D3_003741-T1	NCU00388-t26_1-p1	0.0	2416	100
FC69C3D3_003742-T1	NCU00389-t26_1-p1	1.74e-250	680	100
FC69C3D3_003743-T1	NCU00392-t26_1-p1	4.21e-170	481	66.0
FC69C3D3_003744-T1	NCU16682-t26_1-p1	6.24e-205	587	100
FC69C3D3_003745-T1	NCU16682-t26_1-p1	5.71e-305	843	100
FC69C3D3_003746-T1	NCU00395-t26_1-p1	0.0	1039	100
FC69C3D3_003747-T1	NCU00396-t26_2-p1	0.0	2406	100
FC69C3D3_003748-T1	NCU00397-t26_1-p1	1.33e-192	525	100
FC69C3D3_003749-T1	NCU00398-t26_1-p1	0.0	1253	98.4
FC69C3D3_003750-T1	NCU00399-t26_1-p1	1.15e-144	399	100
FC69C3D3_003751-T1	NCU00400-t26_1-p1	0.0	1942	100
FC69C3D3_003752-T1	NCU00401-t26_1-p1	1.83e-312	843	100
FC69C3D3_003753-T1	NCU00403-t26_1-p1	0.0	1075	92.1
FC69C3D3_003754-T1	NCU00404-t26_1-p1	4.04e-278	756	100
FC69C3D3_003755-T1	NCU00405-t26_1-p1	0.0	1309	100
FC69C3D3_003756-T1	NCU00406-t26_1-p1	0.0	1491	100
FC69C3D3_003757-T1	NCU00407-t26_1-p1	0.0	1055	82.6
FC69C3D3_003758-T1	NCU00408-t26_1-p1	2.17e-122	344	100
FC69C3D3_003759-T1	NCU00409-t26_1-p1	6.81e-243	661	99.7
FC69C3D3_003760-T1	NCU00410-t26_1-p1	6.52e-315	849	100
FC69C3D3_003761-T1	NCU00411-t26_1-p1	6.01e-89	255	100
FC69C3D3_003762-T1	NCU00412-t26_1-p1	0.0	1133	100
FC69C3D3_003763-T1	NCU00413-t26_1-p1	9.65e-183	500	100
FC69C3D3_003764-T1	NCU00414-t26_1-p1	8.42e-259	704	100
FC69C3D3_003765-T1	NCU00415-t26_1-p1	0.0	1941	100
FC69C3D3_003766-T1	NCU00416-t26_1-p1	2.23e-213	581	100
FC69C3D3_003767-T1	NCU00417-t26_1-p1	5.28e-112	312	100
FC69C3D3_003768-T1	NCU00418-t26_1-p1	4.04e-90	256	100
FC69C3D3_003769-T1	NCU00419-t26_1-p1	2.02e-104	294	100
FC69C3D3_003770-T1	NCU00420-t26_1-p1	2.14e-237	657	84.5
FC69C3D3_003771-T1	NCU00421-t26_1-p1	0.0	1324	100
FC69C3D3_003772-T1	NCU00422-t26_1-p1	1.06e-285	773	100
FC69C3D3_003773-T1	NCU00423-t26_1-p1	0.0	2425	100
FC69C3D3_003774-T1	NCU00424-t26_1-p1	0.0	2806	100
FC69C3D3_003775-T1	NCU00425-t26_1-p1	1.12e-100	290	100
FC69C3D3_003776-T1	NCU00426-t26_1-p1	1.06e-266	721	100
FC69C3D3_003777-T1	NCU00427-t26_1-p1	0.0	1432	100
FC69C3D3_003778-T1	NCU00430-t26_1-p1	0.0	1870	100
FC69C3D3_003779-T1	NCU00431-t26_1-p1	2.38e-102	288	100
FC69C3D3_003780-T1	NCU00432-t26_1-p1	0.0	2218	95.4
FC69C3D3_003781-T1	NCU00434-t26_1-p1	0.0	1114	100
FC69C3D3_003782-T1	NCU00435-t26_1-p1	3.88e-123	347	100
FC69C3D3_003783-T1	NCU00436-t26_1-p1	0.0	1677	100
FC69C3D3_003784-T1	NCU00437-t26_1-p1	9.32e-262	708	100
FC69C3D3_003785-T1	NCU00438-t26_1-p1	7.32e-198	543	100
FC69C3D3_003786-T1	NCU00440-t26_1-p1	4.70e-233	636	100
FC69C3D3_003787-T1	NCU00441-t26_1-p1	3.32e-226	616	100
FC69C3D3_003788-T1	NCU00442-t26_1-p1	0.0	1554	100
FC69C3D3_003789-T1	NCU00443-t26_1-p1	2.25e-124	352	100
FC69C3D3_003790-T1	NCU00444-t26_1-p1	3.39e-169	463	100
FC69C3D3_003791-T1	NCU00445-t26_1-p1	0.0	1944	97.9
FC69C3D3_003792-T1	NCU00446-t26_1-p1	0.0	1386	100
FC69C3D3_003793-T1	NCU00447-t26_1-p1	0.0	1278	100
FC69C3D3_003794-T1	NCU00448-t26_1-p1	0.0	992	99.0
FC69C3D3_003795-T1	NCU00449-t26_1-p1	1.51e-203	553	100
FC69C3D3_003796-T1	NCU00450-t26_1-p1	0.0	1318	100
FC69C3D3_003797-T1	NCU00451-t26_1-p1	1.04e-281	760	100
FC69C3D3_003798-T1	NCU00453-t26_1-p1	0.0	1230	98.6
FC69C3D3_003799-T1	NCU00454-t26_1-p1	0.0	1055	100
FC69C3D3_003800-T1	NCU00455-t26_1-p1	0.0	879	100
FC69C3D3_003801-T1	NCU00456-t26_1-p1	2.81e-104	293	100
FC69C3D3_003802-T1	NCU00457-t26_1-p1	0.0	897	100
FC69C3D3_003803-T1	NCU00458-t26_1-p1	5.99e-154	425	100
FC69C3D3_003804-T1	NCU00459-t26_1-p1	0.0	5827	100
FC69C3D3_003805-T1	NCU00461-t26_1-p1	0.0	2100	100
FC69C3D3_003806-T1	NCU00463-t26_1-p1	0.0	927	100
FC69C3D3_003807-T1	NCU00464-t26_1-p1	1.86e-88	251	100
FC69C3D3_003808-T1	NCU00465-t26_1-p1	9.09e-289	782	100
FC69C3D3_003809-T1	NCU00466-t26_1-p1	0.0	1033	100
FC69C3D3_003810-T1	NCU00467-t26_1-p1	1.71e-249	676	100
FC69C3D3_003811-T1	NCU00468-t26_1-p1	0.0	880	97.5
FC69C3D3_003812-T1	NCU00469-t26_1-p1	2.21e-264	716	100
FC69C3D3_003813-T1	NCU00470-t26_2-p1	1.92e-292	794	99.8
FC69C3D3_003814-T1	NCU00471-t26_1-p1	1.48e-202	563	100
FC69C3D3_003815-T1	NCU00472-t26_1-p1	0.0	898	100
FC69C3D3_003816-T1	NCU00473-t26_1-p1	1.77e-225	616	100
FC69C3D3_003817-T1	NCU00475-t26_1-p1	1.09e-108	305	100
FC69C3D3_003818-T1	NCU00476-t26_1-p1	7.72e-215	586	100
FC69C3D3_003819-T1	NCU00477-t26_1-p1	0.0	1156	100
FC69C3D3_003820-T1	NCU00478-t26_1-p1	0.0	1649	100
FC69C3D3_003821-T1	NCU00480-t26_1-p1	0.0	2981	100
FC69C3D3_003822-T1	NCU00481-t26_1-p1	0.0	2145	100
FC69C3D3_003823-T1	NCU00483-t26_1-p1	2.61e-173	480	100
FC69C3D3_003824-T1	NCU00484-t26_1-p1	3.89e-116	325	85.5
FC69C3D3_003825-T1	NCU00486-t26_1-p1	0.0	1487	96.4
FC69C3D3_003826-T1	NCU00487-t26_1-p1	7.83e-222	603	100
FC69C3D3_003827-T1	NCU00488-t26_1-p1	3.94e-285	791	100
FC69C3D3_003828-T1	NCU11185-t26_1-p1	0.0	1628	100
FC69C3D3_003829-T1	NCU00489-t26_1-p1	1.69e-171	472	100
FC69C3D3_003830-T1	NCU00490-t26_1-p1	2.32e-297	804	100
FC69C3D3_003831-T1	NCU00492-t26_1-p1	0.0	1280	82.1
FC69C3D3_003832-T1	NCU00493-t26_1-p1	0.0	958	100
FC69C3D3_003833-T1	NCU00494-t26_1-p1	0.0	1591	100
FC69C3D3_003834-T1	NCU00495-t26_1-p1	0.0	2759	100
FC69C3D3_003835-T1	NCU00496-t26_1-p1	1.65e-273	753	100
FC69C3D3_003836-T1	NCU00497-t26_1-p1	9.23e-296	799	100
FC69C3D3_003837-T1	NCU00498-t26_1-p1	0.0	1151	91.8
FC69C3D3_003838-T1	NCU08973-t26_1-p1	1.76e-139	386	100
FC69C3D3_003839-T1	NCU08974-t26_1-p1	2.01e-207	565	100
FC69C3D3_003840-T1	NCU08976-t26_1-p1	0.0	870	100
FC69C3D3_003841-T1	NCU08977-t26_1-p1	0.0	1548	97.2
FC69C3D3_003842-T1	NCU08978-t26_1-p1	0.0	1217	100
FC69C3D3_003843-T1	NCU08980-t26_1-p1	0.0	1090	100
FC69C3D3_003844-T1	NCU08981-t26_1-p1	0.0	1073	100
FC69C3D3_003845-T1	NCU08982-t26_1-p1	0.0	915	100
FC69C3D3_003846-T1	NCU08983-t26_1-p1	0.0	1244	100
FC69C3D3_003847-T1	NCU08984-t26_1-p1	5.18e-224	614	100
FC69C3D3_003848-T1	NCU08985-t26_1-p1	5.40e-151	416	100
FC69C3D3_003849-T1	NCU08986-t26_2-p1	1.50e-75	218	100
FC69C3D3_003850-T1	NCU08988-t26_1-p1	2.75e-296	799	100
FC69C3D3_003851-T1	NCU08989-t26_1-p1	1.94e-131	364	100
FC69C3D3_003852-T1	NCU08990-t26_1-p1	5.79e-33	105	100
FC69C3D3_003853-T1	NCU08991-t26_1-p1	1.75e-119	333	100
FC69C3D3_003854-T1	NCU08992-t26_1-p1	2.72e-60	177	100
FC69C3D3_003855-T1	NCU10169-t26_1-p1	4.82e-155	431	99.6
FC69C3D3_003856-T1	NCU08993-t26_1-p1	0.0	3945	100
FC69C3D3_003857-T1	NCU08994-t26_1-p1	1.09e-281	764	100
FC69C3D3_003858-T1	NCU08995-t26_1-p1	0.0	1241	100
FC69C3D3_003859-T1	NCU08996-t26_1-p1	5.07e-106	297	100
FC69C3D3_003860-T1	NCU08997-t26_1-p1	0.0	1158	100
FC69C3D3_003861-T1	NCU08998-t26_1-p1	0.0	961	100
FC69C3D3_003862-T1	NCU08999-t26_1-p1	2.83e-183	505	100
FC69C3D3_003863-T1	NCU09000-t26_1-p1	9.63e-298	804	100
FC69C3D3_003864-T1	NCU09001-t26_1-p1	0.0	928	100
FC69C3D3_003865-T1	NCU09002-t26_1-p1	3.65e-68	197	100
FC69C3D3_003866-T1	NCU09003-t26_1-p1	0.0	1037	100
FC69C3D3_003867-T1	NCU09004-t26_1-p1	1.04e-173	476	100
FC69C3D3_003868-T1	NCU09006-t26_1-p1	2.90e-305	828	99.4
FC69C3D3_003869-T1	NCU09007-t26_1-p1	7.30e-167	500	99.1
FC69C3D3_003870-T1	NCU09007-t26_1-p1	0.0	1990	100
FC69C3D3_003871-T1	NCU09008-t26_1-p1	7.82e-189	526	100
FC69C3D3_003873-T1	NCU09010-t26_1-p1	3.89e-173	488	100
FC69C3D3_003874-T1	NCU09012-t26_1-p1	0.0	3019	100
FC69C3D3_003875-T1	NCU09013-t26_1-p1	1.61e-109	309	100
FC69C3D3_003876-T1	NCU09014-t26_1-p1	7.44e-201	546	100
FC69C3D3_003877-T1	NCU09015-t26_1-p1	0.0	1664	100
FC69C3D3_003878-T1	NCU09017-t26_1-p1	0.0	1169	100
FC69C3D3_003879-T1	NCU09018-t26_1-p1	8.34e-300	810	100
FC69C3D3_003880-T1	NCU07580-t26_1-p1	3.93e-235	639	100
FC69C3D3_003881-T1	NCU07579-t26_1-p1	2.12e-257	721	100
FC69C3D3_003882-T1	NCU07578-t26_1-p1	1.02e-251	691	100
FC69C3D3_003883-T1	NCU07577-t26_1-p1	7.57e-248	676	100
FC69C3D3_003884-T1	NCU07576-t26_1-p1	1.05e-303	822	99.8
FC69C3D3_003885-T1	NCU07575-t26_1-p1	0.0	941	91.7
FC69C3D3_003886-T1	NCU07574-t26_1-p1	6.53e-234	652	100
FC69C3D3_003887-T1	NCU07572-t26_1-p1	8.48e-120	343	98.3
FC69C3D3_003888-T1	NCU07571-t26_1-p1	6.21e-141	400	100
FC69C3D3_003889-T1	NCU15832-t26_1-p1	0.0	1462	100
FC69C3D3_003890-T1	NCU07569-t26_1-p1	1.21e-152	431	86.9
FC69C3D3_003891-T1	NCU07568-t26_1-p1	1.91e-172	483	100
FC69C3D3_003892-T1	NCU07567-t26_1-p1	0.0	1050	100
FC69C3D3_003894-T1	NCU07565-t26_1-p1	0.0	2009	100
FC69C3D3_003895-T1	NCU07564-t26_1-p1	0.0	1255	100
FC69C3D3_003896-T1	NCU07563-t26_1-p1	0.0	875	100
FC69C3D3_003897-T1	NCU07562-t26_1-p1	1.81e-55	165	93.5
FC69C3D3_003898-T1	NCU07561-t26_1-p1	0.0	1298	100
FC69C3D3_003899-T1	NCU07560-t26_1-p1	1.65e-238	650	100
FC69C3D3_003900-T1	NCU07559-t26_1-p1	0.0	955	89.4
FC69C3D3_003901-T1	NCU07558-t26_1-p1	0.0	1061	100
FC69C3D3_003902-T1	NCU07557-t26_1-p1	0.0	1496	99.8
FC69C3D3_003903-T1	NCU07556-t26_1-p1	0.0	3681	100
FC69C3D3_003904-T1	NCU07554-t26_1-p1	0.0	2094	100
FC69C3D3_003906-T1	NCU07553-t26_1-p1	6.71e-81	245	100
FC69C3D3_003908-T1	NCU07552-t26_1-p1	5.62e-315	852	100
FC69C3D3_003909-T1	NCU07551-t26_1-p1	3.28e-186	516	100
FC69C3D3_003910-T1	NCU07550-t26_1-p1	3.51e-182	498	100
FC69C3D3_003911-T1	NCU07549-t26_1-p1	1.14e-99	280	100
FC69C3D3_003912-T1	NCU07548-t26_1-p1	1.22e-236	650	100
FC69C3D3_003913-T1	NCU07547-t26_1-p1	8.27e-183	500	100
FC69C3D3_003914-T1	NCU07546-t26_1-p1	0.0	2522	100
FC69C3D3_003915-T1	NCU07544-t26_2-p1	0.0	1300	100
FC69C3D3_003916-T1	NCU07543-t26_1-p1	0.0	915	100
FC69C3D3_003917-T1	NCU07542-t26_1-p1	6.99e-206	569	100
FC69C3D3_003918-T1	NCU07541-t26_1-p1	0.0	974	96.2
FC69C3D3_003920-T1	NCU07539-t26_1-p1	4.13e-287	775	100
FC69C3D3_003922-T1	NCU07538-t26_1-p1	4.04e-78	234	99.1
FC69C3D3_003923-T1	NCU07536-t26_1-p1	4.76e-316	851	100
FC69C3D3_003924-T1	NCU07535-t26_1-p1	0.0	1222	89.3
FC69C3D3_003925-T1	NCU07534-t26_1-p1	0.0	2820	100
FC69C3D3_003928-T1	NCU07533-t26_1-p1	0.0	1190	100
FC69C3D3_003929-T1	NCU07532-t26_1-p1	3.11e-212	595	100
FC69C3D3_003930-T1	NCU07531-t26_1-p1	0.0	1646	100
FC69C3D3_003931-T1	NCU07530-t26_1-p1	0.0	1172	100
FC69C3D3_003932-T1	NCU07529-t26_1-p1	6.77e-123	345	100
FC69C3D3_003933-T1	NCU07528-t26_2-p1	0.0	1196	100
FC69C3D3_003934-T1	NCU07525-t26_1-p1	0.0	1040	99.5
FC69C3D3_003935-T1	NCU11368-t26_1-p1	6.60e-285	772	100
FC69C3D3_003936-T1	NCU07523-t26_1-p1	0.0	1596	100
FC69C3D3_003937-T1	NCU07521-t26_1-p1	0.0	1203	100
FC69C3D3_003938-T1	NCU07520-t26_1-p1	2.80e-224	609	100
FC69C3D3_003939-T1	NCU07518-t26_1-p1	9.87e-99	285	100
FC69C3D3_003940-T1	NCU07517-t26_1-p1	0.0	1057	100
FC69C3D3_003941-T1	NCU07516-t26_1-p1	0.0	3455	100
FC69C3D3_003942-T1	NCU07514-t26_2-p1	0.0	1701	100
FC69C3D3_003943-T1	NCU07513-t26_1-p1	0.0	2541	100
FC69C3D3_003944-T1	NCU16698-t26_1-p1	1.09e-237	646	100
FC69C3D3_003945-T1	NCU16699-t26_1-p1	5.85e-283	766	100
FC69C3D3_003946-T1	NCU07511-t26_1-p1	4.91e-108	315	100
FC69C3D3_003947-T1	NCU08189-t26_1-p1	3.97e-286	772	100
FC69C3D3_003948-T1	NCU08190-t26_1-p1	1.84e-295	796	100
FC69C3D3_003949-T1	NCU08191-t26_1-p1	1.38e-172	476	90.9
FC69C3D3_003950-T1	NCU08192-t26_1-p1	1.16e-66	194	100
FC69C3D3_003951-T1	NCU08193-t26_1-p1	1.80e-161	444	100
FC69C3D3_003952-T1	NCU08194-t26_1-p1	0.0	1290	100
FC69C3D3_003953-T1	NCU08195-t26_1-p1	0.0	1260	100
FC69C3D3_003954-T1	NCU08197-t26_1-p1	0.0	1339	100
FC69C3D3_003955-T1	NCU08199-t26_1-p1	0.0	971	100
FC69C3D3_003956-T1	NCU11286-t26_1-p1	0.0	1341	100
FC69C3D3_003957-T1	NCU08204-t26_1-p1	0.0	1204	100
FC69C3D3_003958-T1	NCU08206-t26_1-p1	5.43e-240	651	100
FC69C3D3_003960-T1	NCU08208-t26_1-p1	8.49e-71	208	84.1
FC69C3D3_003961-T1	NCU08209-t26_1-p1	8.30e-105	298	100
FC69C3D3_003962-T1	NCU08210-t26_1-p1	2.09e-124	352	100
FC69C3D3_003963-T1	NCU08211-t26_1-p1	6.54e-118	339	73.0
FC69C3D3_003964-T1	NCU08212-t26_1-p1	6.37e-18	75.5	100
FC69C3D3_003965-T1	NCU10210-t26_1-p1	9.80e-160	446	100
FC69C3D3_003966-T1	NCU08216-t26_1-p1	0.0	1026	100
FC69C3D3_003967-T1	NCU08217-t26_1-p1	9.75e-218	600	100
FC69C3D3_003968-T1	NCU08218-t26_1-p1	0.0	1141	100
FC69C3D3_003969-T1	NCU08221-t26_1-p1	6.61e-166	458	99.1
FC69C3D3_003970-T1	NCU08222-t26_1-p1	0.0	1003	100
FC69C3D3_003971-T1	NCU08223-t26_1-p1	2.03e-282	763	100
FC69C3D3_003972-T1	NCU08225-t26_1-p1	1.46e-289	783	100
FC69C3D3_003973-T1	NCU08226-t26_1-p1	0.0	1295	100
FC69C3D3_003974-T1	NCU08227-t26_1-p1	9.37e-208	567	100
FC69C3D3_003975-T1	NCU08228-t26_1-p1	0.0	1299	100
FC69C3D3_003976-T1	NCU08229-t26_1-p1	5.42e-283	769	100
FC69C3D3_003977-T1	NCU08230-t26_1-p1	0.0	1268	100
FC69C3D3_003978-T1	NCU08231-t26_1-p1	0.0	1053	100
FC69C3D3_003979-T1	NCU08232-t26_1-p1	0.0	1033	100
FC69C3D3_003981-T1	NCU08233-t26_1-p1	5.03e-168	460	100
FC69C3D3_003982-T1	NCU08234-t26_1-p1	3.25e-264	721	99.7
FC69C3D3_003983-T1	NCU08235-t26_1-p1	2.54e-91	280	100
FC69C3D3_003984-T1	NCU08236-t26_1-p1	6.78e-307	840	100
FC69C3D3_003985-T1	NCU08238-t26_1-p1	4.37e-103	311	98.9
FC69C3D3_003986-T1	NCU08240-t26_1-p1	4.96e-100	283	100
FC69C3D3_003987-T1	NCU08241-t26_1-p1	2.00e-305	831	100
FC69C3D3_003988-T1	NCU08242-t26_1-p1	1.17e-255	692	100
FC69C3D3_003989-T1	NCU08243-t26_1-p1	1.03e-203	578	85.0
FC69C3D3_003990-T1	NCU08244-t26_1-p1	5.37e-109	314	100
FC69C3D3_003991-T1	NCU08245-t26_1-p1	5.85e-17	71.6	100
FC69C3D3_003992-T1	NCU08246-t26_1-p1	3.99e-104	293	100
FC69C3D3_003993-T1	NCU08248-t26_1-p1	3.19e-131	366	100
FC69C3D3_003994-T1	NCU08249-t26_1-p1	1.26e-102	289	87.8
FC69C3D3_003995-T1	NCU08250-t26_1-p1	2.29e-206	566	100
FC69C3D3_003996-T1	NCU08251-t26_1-p1	2.59e-101	295	75.8
FC69C3D3_003997-T1	NCU08252-t26_1-p1	4.20e-167	476	93.8
FC69C3D3_003998-T1	NCU08254-t26_1-p1	2.30e-95	278	96.4
FC69C3D3_003999-T1	NCU08255-t26_1-p1	5.45e-147	407	100
FC69C3D3_004000-T1	NCU08257-t26_1-p1	2.68e-174	477	100
FC69C3D3_004002-T1	NCU08260-t26_1-p1	1.59e-255	694	100
FC69C3D3_004005-T1	NCU08261-t26_1-p1	9.74e-112	328	100
FC69C3D3_004006-T1	NCU08262-t26_1-p1	1.41e-69	212	100
FC69C3D3_004007-T1	NCU08263-t26_1-p1	3.84e-72	218	76.9
FC69C3D3_004008-T1	NCU08264-t26_1-p1	3.99e-255	700	100
FC69C3D3_004009-T1	NCU08265-t26_1-p1	1.14e-203	555	100
FC69C3D3_004010-T1	NCU16706-t26_1-p1	1.29e-93	270	100
FC69C3D3_004011-T1	NCU08576-t26_1-p1	3.89e-104	292	100
FC69C3D3_004013-T1	NCU08574-t26_1-p1	3.19e-125	350	98.9
FC69C3D3_004014-T1	NCU08572-t26_1-p1	1.95e-170	470	100
FC69C3D3_004015-T1	NCU08570-t26_1-p1	5.03e-241	654	100
FC69C3D3_004016-T1	NCU08568-t26_1-p1	1.49e-162	449	100
FC69C3D3_004017-T1	NCU08566-t26_2-p1	0.0	963	100
FC69C3D3_004018-T1	NCU08565-t26_1-p1	0.0	2925	100
FC69C3D3_004019-T1	NCU08563-t26_1-p1	0.0	1176	100
FC69C3D3_004020-T1	NCU08561-t26_1-p1	6.81e-234	635	100
FC69C3D3_004021-T1	NCU08560-t26_1-p1	0.0	978	100
FC69C3D3_004022-T1	NCU08559-t26_1-p1	0.0	1266	100
FC69C3D3_004023-T1	NCU16708-t26_1-p1	0.0	1225	100
FC69C3D3_004024-T1	NCU08558-t26_1-p1	2.53e-169	502	100
FC69C3D3_004025-T1	NCU08557-t26_1-p1	2.89e-62	183	100
FC69C3D3_004026-T1	NCU08556-t26_1-p1	0.0	1112	100
FC69C3D3_004027-T1	NCU08555-t26_1-p1	6.91e-234	644	100
FC69C3D3_004028-T1	NCU08554-t26_1-p1	7.89e-126	350	100
FC69C3D3_004029-T1	NCU08553-t26_1-p1	2.59e-57	177	98.9
FC69C3D3_004030-T1	NCU08552-t26_1-p1	2.17e-87	249	100
FC69C3D3_004031-T1	NCU08551-t26_1-p1	0.0	1477	100
FC69C3D3_004032-T1	NCU08550-t26_1-p1	1.83e-208	568	100
FC69C3D3_004034-T1	NCU08549-t26_1-p1	2.16e-215	585	100
FC69C3D3_004035-T1	NCU08547-t26_1-p1	0.0	926	100
FC69C3D3_004036-T1	NCU08545-t26_1-p1	7.20e-297	818	100
FC69C3D3_004037-T1	NCU08544-t26_1-p1	1.89e-221	605	100
FC69C3D3_004038-T1	NCU08543-t26_1-p1	0.0	1204	100
FC69C3D3_004039-T1	NCU08542-t26_1-p1	7.45e-255	702	89.2
FC69C3D3_004040-T1	NCU08541-t26_1-p1	8.38e-101	283	100
FC69C3D3_004041-T1	NCU08539-t26_1-p1	5.45e-290	791	82.5
FC69C3D3_004042-T1	NCU08538-t26_1-p1	1.87e-298	805	100
FC69C3D3_004043-T1	NCU08537-t26_1-p1	0.0	1036	99.8
FC69C3D3_004044-T1	NCU08535-t26_1-p1	0.0	4510	100
FC69C3D3_004045-T1	NCU08534-t26_1-p1	7.90e-218	603	87.3
FC69C3D3_004046-T1	NCU08533-t26_1-p1	7.28e-119	331	100
FC69C3D3_004047-T1	NCU08532-t26_1-p1	0.0	1172	94.2
FC69C3D3_004048-T1	NCU10276-t26_1-p1	0.0	1064	100
FC69C3D3_004049-T1	NCU11287-t26_1-p1	1.04e-299	808	100
FC69C3D3_004050-T1	NCU08527-t26_1-p1	0.0	1100	100
FC69C3D3_004051-T1	NCU08526-t26_1-p1	0.0	1424	100
FC69C3D3_004052-T1	NCU08524-t26_1-p1	0.0	996	100
FC69C3D3_004053-T1	NCU08523-t26_1-p1	3.15e-145	411	100
FC69C3D3_004054-T1	NCU08522-t26_1-p1	8.02e-228	622	100
FC69C3D3_004055-T1	NCU08797-t26_1-p1	2.20e-90	265	100
FC69C3D3_004056-T1	NCU08796-t26_1-p1	0.0	1046	94.5
FC69C3D3_004057-T1	NCU08795-t26_1-p1	3.56e-237	648	100
FC69C3D3_004058-T1	NCU08794-t26_1-p1	5.89e-89	252	100
FC69C3D3_004059-T1	NCU08792-t26_1-p1	1.14e-312	860	100
FC69C3D3_004060-T1	NCU08791-t26_1-p1	0.0	1487	100
FC69C3D3_004061-T1	NCU08790-t26_1-p1	0.0	887	90.7
FC69C3D3_004062-T1	NCU08789-t26_1-p1	2.56e-113	318	100
FC69C3D3_004063-T1	NCU08788-t26_1-p1	0.0	1034	100
FC69C3D3_004064-T1	NCU08787-t26_1-p1	0.0	1375	100
FC69C3D3_004065-T1	NCU08786-t26_1-p1	7.94e-111	313	100
FC69C3D3_004067-T1	NCU08785-t26_1-p1	1.16e-217	591	100
FC69C3D3_004068-T1	NCU08783-t26_1-p1	0.0	887	100
FC69C3D3_004069-T1	NCU11288-t26_1-p1	0.0	981	100
FC69C3D3_004070-T1	NCU11289-t26_1-p1	1.16e-274	742	100
FC69C3D3_004071-T1	NCU08779-t26_2-p1	0.0	1489	100
FC69C3D3_004072-T1	NCU08776-t26_1-p1	0.0	2302	100
FC69C3D3_004073-T1	NCU08775-t26_1-p1	3.42e-153	424	100
FC69C3D3_004074-T1	NCU08773-t26_1-p1	2.96e-201	553	100
FC69C3D3_004075-T1	NCU08772-t26_1-p1	1.74e-261	709	100
FC69C3D3_004076-T1	NCU08771-t26_1-p1	0.0	1165	100
FC69C3D3_004077-T1	NCU08770-t26_1-p1	5.43e-61	179	100
FC69C3D3_004078-T1	NCU08769-t26_1-p1	1.33e-61	181	100
FC69C3D3_004079-T1	NCU08768-t26_1-p1	2.00e-275	746	100
FC69C3D3_004080-T1	NCU08767-t26_1-p1	0.0	976	100
FC69C3D3_004081-T1	NCU08766-t26_1-p1	0.0	1075	100
FC69C3D3_004082-T1	NCU08765-t26_1-p1	1.78e-217	590	100
FC69C3D3_004083-T1	NCU08764-t26_1-p1	4.06e-214	584	99.3
FC69C3D3_004084-T1	NCU08763-t26_1-p1	0.0	1395	100
FC69C3D3_004085-T1	NCU10567-t26_1-p1	5.87e-177	487	100
FC69C3D3_004086-T1	NCU08762-t26_1-p1	0.0	1005	100
FC69C3D3_004087-T1	NCU08761-t26_1-p1	1.27e-204	564	100
FC69C3D3_004088-T1	NCU08760-t26_1-p1	8.75e-224	610	100
FC69C3D3_004089-T1	NCU08757-t26_1-p1	0.0	988	100
FC69C3D3_004090-T1	NCU08756-t26_1-p1	2.49e-303	821	100
FC69C3D3_004091-T1	NCU08755-t26_1-p1	0.0	1704	100
FC69C3D3_004093-T1	NCU08753-t26_1-p1	0.0	1664	95.9
FC69C3D3_004094-T1	NCU08752-t26_1-p1	0.0	1079	100
FC69C3D3_004095-T1	NCU11291-t26_1-p1	2.29e-122	341	100
FC69C3D3_004096-T1	NCU11292-t26_1-p1	7.12e-98	276	100
FC69C3D3_004097-T1	NCU16718-t26_1-p1	3.14e-15	62.0	100
FC69C3D3_004098-T1	NCU10285-t26_1-p1	4.49e-146	408	100
FC69C3D3_004099-T1	NCU09635-t26_1-p1	0.0	1071	100
FC69C3D3_004100-T1	NCU09636-t26_1-p1	0.0	1179	100
FC69C3D3_004101-T1	NCU09637-t26_1-p1	1.49e-318	858	100
FC69C3D3_004102-T1	NCU09638-t26_1-p1	0.0	5140	100
FC69C3D3_004103-T1	NCU09639-t26_1-p1	0.0	969	100
FC69C3D3_004104-T1	NCU09640-t26_1-p1	0.0	1060	100
FC69C3D3_004105-T1	NCU09641-t26_1-p1	0.0	1283	100
FC69C3D3_004106-T1	NCU10572-t26_1-p1	1.99e-96	279	94.3
FC69C3D3_004107-T1	NCU09642-t26_1-p1	0.0	1548	100
FC69C3D3_004108-T1	NCU09643-t26_1-p1	0.0	885	100
FC69C3D3_004109-T1	NCU09644-t26_1-p1	0.0	1857	100
FC69C3D3_004110-T1	NCU09646-t26_1-p1	6.76e-296	800	100
FC69C3D3_004111-T1	NCU09647-t26_1-p1	1.05e-245	670	100
FC69C3D3_004112-T1	NCU09648-t26_1-p1	0.0	973	100
FC69C3D3_004113-T1	NCU09649-t26_1-p1	0.0	1023	100
FC69C3D3_004114-T1	NCU09650-t26_1-p1	1.22e-26	91.3	100
FC69C3D3_004115-T1	NCU09651-t26_1-p1	0.0	1287	100
FC69C3D3_004116-T1	NCU09652-t26_1-p1	0.0	1152	100
FC69C3D3_004117-T1	NCU09653-t26_1-p1	3.35e-155	428	100
FC69C3D3_004118-T1	NCU09654-t26_1-p1	0.0	1019	100
FC69C3D3_004119-T1	NCU11415-t26_1-p1	0.0	1171	100
FC69C3D3_004120-T1	NCU11414-t26_1-p1	0.0	1156	100
FC69C3D3_004121-T1	NCU09656-t26_1-p1	0.0	889	100
FC69C3D3_004122-T1	NCU09657-t26_1-p1	0.0	2592	100
FC69C3D3_004123-T1	NCU09658-t26_1-p1	0.0	1953	100
FC69C3D3_004124-T1	NCU09659-t26_1-p1	0.0	1144	100
FC69C3D3_004125-T1	NCU09660-t26_1-p1	1.22e-128	357	100
FC69C3D3_004126-T1	NCU16720-t26_1-p1	6.35e-304	833	100
FC69C3D3_004127-T1	NCU09663-t26_1-p1	4.65e-191	525	100
FC69C3D3_004128-T1	NCU09664-t26_1-p1	3.24e-163	448	100
FC69C3D3_004129-T1	NCU09665-t26_1-p1	1.09e-218	597	100
FC69C3D3_004130-T1	NCU07581-t26_1-p1	3.58e-153	429	100
FC69C3D3_004131-T1	NCU07582-t26_1-p1	0.0	1051	100
FC69C3D3_004132-T1	NCU07583-t26_1-p1	4.52e-281	765	100
FC69C3D3_004133-T1	NCU07584-t26_1-p1	0.0	1313	100
FC69C3D3_004134-T1	NCU07585-t26_1-p1	2.12e-198	541	100
FC69C3D3_004135-T1	NCU07586-t26_1-p1	1.86e-13	63.2	100
FC69C3D3_004136-T1	NCU07587-t26_1-p1	0.0	1563	100
FC69C3D3_004137-T1	NCU07588-t26_1-p1	9.19e-277	747	100
FC69C3D3_004138-T1	NCU07589-t26_1-p1	4.53e-134	372	100
FC69C3D3_004139-T1	NCU07590-t26_1-p1	0.0	1412	100
FC69C3D3_004140-T1	NCU16721-t26_1-p1	2.00e-309	835	100
FC69C3D3_004141-T1	NCU16722-t26_1-p1	1.22e-265	725	86.7
FC69C3D3_004142-T1	NCU07592-t26_1-p1	0.0	1122	98.3
FC69C3D3_004143-T1	NCU07593-t26_1-p1	1.28e-225	620	75.1
FC69C3D3_004144-T1	NCU07594-t26_1-p1	2.09e-86	249	98.4
FC69C3D3_004145-T1	NCU07595-t26_1-p1	2.49e-142	402	100
FC69C3D3_004146-T1	NCU07596-t26_1-p1	2.49e-312	840	100
FC69C3D3_004147-T1	NCU07597-t26_1-p1	4.69e-311	838	100
FC69C3D3_004148-T1	NCU11365-t26_1-p1	0.0	948	100
FC69C3D3_004149-T1	NCU11364-t26_1-p1	9.65e-302	813	100
FC69C3D3_004150-T1	NCU11363-t26_1-p1	0.0	1023	100
FC69C3D3_004151-T1	NCU07599-t26_1-p1	4.62e-201	549	100
FC69C3D3_004152-T1	NCU07600-t26_1-p1	4.32e-98	277	100
FC69C3D3_004153-T1	NCU07601-t26_1-p1	5.14e-157	439	100
FC69C3D3_004154-T1	NCU07601-t26_1-p1	7.06e-118	337	100
FC69C3D3_004155-T1	NCU07602-t26_1-p1	6.17e-52	155	100
FC69C3D3_004156-T1	NCU07603-t26_1-p1	3.34e-238	652	99.1
FC69C3D3_004157-T1	NCU07604-t26_1-p1	3.24e-269	736	100
FC69C3D3_004158-T1	NCU11362-t26_1-p1	0.0	1084	100
FC69C3D3_004159-T1	NCU16724-t26_1-p1	0.0	1075	100
FC69C3D3_004160-T1	NCU16725-t26_1-p1	2.69e-259	714	98.9
FC69C3D3_004161-T1	NCU16725-t26_1-p1	2.77e-202	568	99.4
FC69C3D3_004162-T1	NCU10258-t26_1-p1	0.0	1380	100
FC69C3D3_004163-T1	NCU07607-t26_1-p1	0.0	1071	100
FC69C3D3_004164-T1	NCU07608-t26_2-p1	2.95e-204	560	100
FC69C3D3_004165-T1	NCU07609-t26_1-p1	0.0	1170	100
FC69C3D3_004166-T1	NCU07610-t26_1-p1	1.01e-284	768	100
FC69C3D3_004167-T1	NCU10936-t26_1-p1	1.42e-92	265	98.5
FC69C3D3_004168-T1	NCU07617-t26_1-p1	0.0	1402	100
FC69C3D3_004169-T1	NCU07618-t26_1-p1	0.0	2922	100
FC69C3D3_004170-T1	NCU07619-t26_1-p1	0.0	1358	100
FC69C3D3_004171-T1	NCU07620-t26_1-p1	1.82e-121	354	99.4
FC69C3D3_004173-T1	NCU07621-t26_1-p1	7.78e-308	830	100
FC69C3D3_004174-T1	NCU07622-t26_1-p1	1.55e-225	625	100
FC69C3D3_004175-T1	NCU07623-t26_1-p1	0.0	1019	100
FC69C3D3_004176-T1	NCU07624-t26_1-p1	4.08e-283	766	100
FC69C3D3_004177-T1	NCU07625-t26_1-p1	0.0	909	100
FC69C3D3_004178-T1	NCU07626-t26_1-p1	8.66e-166	454	100
FC69C3D3_004179-T1	NCU07627-t26_1-p1	2.04e-217	597	100
FC69C3D3_004180-T1	NCU07628-t26_1-p1	1.33e-170	472	92.5
FC69C3D3_004181-T1	NCU07629-t26_1-p1	5.51e-59	182	100
FC69C3D3_004182-T1	NCU07629-t26_1-p1	5.72e-106	305	98.5
FC69C3D3_004183-T1	NCU07630-t26_1-p1	8.92e-213	580	100
FC69C3D3_004184-T1	NCU07631-t26_1-p1	2.14e-101	293	100
FC69C3D3_004185-T1	NCU07632-t26_1-p1	0.0	960	98.5
FC69C3D3_004186-T1	NCU07633-t26_1-p1	5.42e-239	648	100
FC69C3D3_004187-T1	NCU07634-t26_1-p1	0.0	1156	89.5
FC69C3D3_004188-T1	NCU07635-t26_1-p1	7.16e-76	223	99.2
FC69C3D3_004189-T1	NCU07636-t26_1-p1	6.53e-164	460	87.4
FC69C3D3_004190-T1	NCU07636-t26_1-p1	9.09e-52	164	100
FC69C3D3_004191-T1	NCU07637-t26_1-p1	0.0	1214	100
FC69C3D3_004192-T1	NCU07637-t26_1-p1	1.72e-130	386	100
FC69C3D3_004193-T1	NCU07638-t26_1-p1	0.0	1091	99.8
FC69C3D3_004194-T1	NCU07638-t26_1-p1	8.19e-159	459	100
FC69C3D3_004195-T1	NCU07640-t26_1-p1	3.76e-216	589	98.1
FC69C3D3_004196-T1	NCU07641-t26_1-p1	6.82e-305	824	97.5
FC69C3D3_004197-T1	NCU07643-t26_1-p1	6.56e-278	758	100
FC69C3D3_004198-T1	NCU07644-t26_1-p1	0.0	1120	84.4
FC69C3D3_004199-T1	NCU07645-t26_1-p1	1.13e-168	472	100
FC69C3D3_004200-T1	NCU07648-t26_1-p1	0.0	982	99.6
FC69C3D3_004201-T1	NCU07649-t26_1-p1	2.16e-293	792	100
FC69C3D3_004202-T1	NCU07652-t26_1-p1	5.69e-291	792	100
FC69C3D3_004203-T1	NCU07652-t26_1-p1	9.31e-101	299	100
FC69C3D3_004204-T1	NCU07654-t26_1-p1	1.03e-91	282	100
FC69C3D3_004205-T1	NCU07655-t26_1-p1	7.18e-267	743	100
FC69C3D3_004206-T1	NCU07656-t26_1-p1	8.55e-141	399	100
FC69C3D3_004207-T1	NCU07657-t26_1-p1	1.50e-291	791	100
FC69C3D3_004208-T1	NCU07658-t26_1-p1	0.0	3637	100
FC69C3D3_004209-T1	NCU07659-t26_1-p1	2.74e-310	840	100
FC69C3D3_004210-T1	NCU04851-t26_1-p1	0.0	1953	100
FC69C3D3_004211-T1	NCU04852-t26_1-p1	0.0	1418	97.9
FC69C3D3_004212-T1	NCU16729-t26_1-p1	4.55e-222	601	100
FC69C3D3_004213-T1	NCU04854-t26_1-p1	0.0	919	100
FC69C3D3_004214-T1	NCU04855-t26_1-p1	0.0	1071	100
FC69C3D3_004215-T1	NCU04856-t26_1-p1	4.93e-280	756	94.3
FC69C3D3_004216-T1	NCU04857-t26_1-p1	2.39e-286	779	100
FC69C3D3_004217-T1	NCU04859-t26_1-p1	0.0	2309	100
FC69C3D3_004218-T1	NCU07807-t26_1-p1	6.76e-13	62.4	34.8
FC69C3D3_004219-T1	NCU07874-t26_1-p1	1.39e-08	50.1	72.4
FC69C3D3_004220-T1	NCU04861-t26_1-p1	0.0	1587	100
FC69C3D3_004221-T1	NCU04862-t26_1-p1	0.0	1093	100
FC69C3D3_004222-T1	NCU04865-t26_1-p1	0.0	5040	100
FC69C3D3_004223-T1	NCU04866-t26_1-p1	0.0	1285	96.7
FC69C3D3_004225-T1	NCU04870-t26_1-p1	1.32e-234	636	100
FC69C3D3_004226-T1	NCU04871-t26_1-p1	0.0	3289	97.5
FC69C3D3_004227-T1	NCU04872-t26_1-p1	7.17e-240	655	100
FC69C3D3_004228-T1	NCU04874-t26_1-p1	1.23e-289	780	100
FC69C3D3_004229-T1	NCU04875-t26_1-p1	1.83e-29	99.0	100
FC69C3D3_004230-T1	NCU04877-t26_1-p1	0.0	941	98.1
FC69C3D3_004231-T1	NCU04880-t26_1-p1	1.81e-97	275	100
FC69C3D3_004232-T1	NCU10836-t26_1-p1	0.0	1071	98.4
FC69C3D3_004233-T1	NCU04881-t26_1-p1	0.0	2183	93.5
FC69C3D3_004234-T1	NCU04883-t26_1-p1	0.0	890	100
FC69C3D3_004235-T1	NCU04884-t26_1-p1	2.64e-315	849	100
FC69C3D3_004236-T1	NCU04885-t26_1-p1	0.0	2439	100
FC69C3D3_004237-T1	NCU04886-t26_1-p1	0.0	1154	100
FC69C3D3_004239-T1	NCU11129-t26_1-p1	0.0	1207	100
FC69C3D3_004240-T1	NCU04887-t26_1-p1	0.0	1102	100
FC69C3D3_004241-T1	NCU04888-t26_1-p1	2.00e-264	716	99.7
FC69C3D3_004242-T1	NCU04889-t26_1-p1	0.0	938	100
FC69C3D3_004243-T1	NCU04890-t26_1-p1	0.0	1043	100
FC69C3D3_004244-T1	NCU04891-t26_1-p1	0.0	930	100
FC69C3D3_004245-T1	NCU04894-t26_1-p1	4.63e-302	815	100
FC69C3D3_004246-T1	NCU04896-t26_1-p1	0.0	1237	100
FC69C3D3_004247-T1	NCU04897-t26_1-p1	2.84e-226	618	99.3
FC69C3D3_004248-T1	NCU04898-t26_1-p1	0.0	2524	100
FC69C3D3_004249-T1	NCU04899-t26_1-p1	1.14e-238	648	100
FC69C3D3_004250-T1	NCU04901-t26_1-p1	5.39e-142	394	100
FC69C3D3_004251-T1	NCU04902-t26_1-p1	0.0	938	100
FC69C3D3_004252-T1	NCU04903-t26_1-p1	0.0	1409	100
FC69C3D3_004253-T1	NCU04904-t26_1-p1	5.39e-286	771	100
FC69C3D3_004254-T1	NCU04905-t26_1-p1	4.19e-237	644	89.5
FC69C3D3_004255-T1	NCU04906-t26_1-p1	1.51e-290	783	98.9
FC69C3D3_004256-T1	NCU04907-t26_1-p1	5.80e-197	541	100
FC69C3D3_004257-T1	NCU16742-t26_1-p1	6.77e-114	322	100
FC69C3D3_004258-T1	NCU04908-t26_1-p1	1.22e-260	705	100
FC69C3D3_004259-T1	NCU04909-t26_1-p1	1.67e-280	758	100
FC69C3D3_004260-T1	NCU04910-t26_1-p1	1.48e-285	769	100
FC69C3D3_004261-T1	NCU04911-t26_1-p1	0.0	1239	100
FC69C3D3_004262-T1	NCU04912-t26_1-p1	0.0	1211	100
FC69C3D3_004263-T1	NCU04913-t26_1-p1	6.41e-109	305	100
FC69C3D3_004264-T1	NCU04916-t26_1-p1	3.92e-300	809	100
FC69C3D3_004265-T1	NCU04917-t26_1-p1	7.35e-175	483	100
FC69C3D3_004266-T1	NCU04918-t26_1-p1	8.17e-308	842	68.7
FC69C3D3_004267-T1	NCU04919-t26_1-p1	0.0	1159	95.4
FC69C3D3_004268-T1	NCU04920-t26_1-p1	0.0	1290	100
FC69C3D3_004269-T1	NCU04921-t26_1-p1	3.72e-295	795	100
FC69C3D3_004270-T1	NCU04923-t26_1-p1	5.97e-252	681	100
FC69C3D3_004271-T1	NCU04924-t26_2-p1	0.0	1050	100
FC69C3D3_004273-T1	NCU04926-t26_1-p1	5.80e-120	335	100
FC69C3D3_004274-T1	NCU04927-t26_1-p1	0.0	1203	100
FC69C3D3_004275-T1	NCU16745-t26_1-p1	5.51e-176	487	100
FC69C3D3_004276-T1	NCU04928-t26_1-p1	2.66e-111	315	89.5
FC69C3D3_004277-T1	NCU04930-t26_1-p1	0.0	1320	100
FC69C3D3_004278-T1	NCU04931-t26_1-p1	3.24e-259	702	100
FC69C3D3_004279-T1	NCU04932-t26_1-p1	3.36e-223	617	100
FC69C3D3_004280-T1	NCU04933-t26_1-p1	8.78e-186	509	100
FC69C3D3_004281-T1	NCU04934-t26_1-p1	0.0	1034	100
FC69C3D3_004282-T1	NCU04935-t26_1-p1	1.92e-71	226	99.2
FC69C3D3_004283-T1	NCU04935-t26_1-p1	0.0	1259	100
FC69C3D3_004284-T1	NCU04936-t26_1-p1	0.0	1332	100
FC69C3D3_004285-T1	NCU04938-t26_1-p1	0.0	1383	100
FC69C3D3_004286-T1	NCU04939-t26_1-p1	4.20e-194	535	82.2
FC69C3D3_004287-T1	NCU04940-t26_1-p1	1.31e-254	689	100
FC69C3D3_004288-T1	NCU04941-t26_1-p1	1.01e-160	449	99.5
FC69C3D3_004289-T1	NCU04942-t26_1-p1	0.0	1060	100
FC69C3D3_004290-T1	NCU04943-t26_1-p1	1.80e-144	404	100
FC69C3D3_004291-T1	NCU04944-t26_1-p1	3.29e-197	542	89.2
FC69C3D3_004292-T1	NCU04945-t26_1-p1	1.38e-188	518	100
FC69C3D3_004293-T1	NCU04946-t26_1-p1	3.56e-90	261	99.5
FC69C3D3_004294-T1	NCU16746-t26_1-p1	3.57e-156	429	100
FC69C3D3_004295-T1	NCU04947-t26_1-p1	5.40e-309	867	100
FC69C3D3_004296-T1	NCU04947-t26_1-p1	0.0	1458	97.8
FC69C3D3_004297-T1	NCU04948-t26_1-p1	2.74e-106	311	100
FC69C3D3_004298-T1	NCU04949-t26_1-p1	1.24e-242	660	99.7
FC69C3D3_004299-T1	NCU04952-t26_1-p1	0.0	1464	100
FC69C3D3_004300-T1	NCU04953-t26_1-p1	2.54e-312	843	100
FC69C3D3_004301-T1	NCU04954-t26_1-p1	7.07e-282	765	100
FC69C3D3_004302-T1	NCU04959-t26_1-p1	2.83e-250	676	100
FC69C3D3_004303-T1	NCU04960-t26_1-p1	9.73e-78	234	100
FC69C3D3_004304-T1	NCU04960-t26_1-p1	6.69e-64	197	91.7
FC69C3D3_004305-T1	NCU04963-t26_1-p1	0.0	1041	100
FC69C3D3_004307-T1	NCU04983-t26_1-p1	9.08e-246	665	100
FC69C3D3_004308-T1	NCU04984-t26_1-p1	8.42e-207	570	87.4
FC69C3D3_004309-T1	NCU16751-t26_1-p1	4.81e-283	764	100
FC69C3D3_004310-T1	NCU09550-t26_1-p1	3.42e-25	97.1	42.0
FC69C3D3_004311-T1	NCU04986-t26_1-p1	0.0	1270	93.5
FC69C3D3_004312-T1	NCU04987-t26_1-p1	4.39e-256	692	100
FC69C3D3_004313-T1	NCU04988-t26_1-p1	2.81e-231	632	100
FC69C3D3_004314-T1	NCU04990-t26_1-p1	0.0	1000	100
FC69C3D3_004315-T1	NCU10853-t26_2-p1	0.0	1571	100
FC69C3D3_004316-T1	NCU07972-t26_1-p1	1.75e-39	123	100
FC69C3D3_004317-T1	NCU07971-t26_1-p1	0.0	2131	100
FC69C3D3_004318-T1	NCU07970-t26_1-p1	0.0	1276	100
FC69C3D3_004319-T1	NCU07969-t26_1-p1	0.0	1550	100
FC69C3D3_004320-T1	NCU07967-t26_1-p1	6.77e-189	523	100
FC69C3D3_004321-T1	NCU07966-t26_1-p1	0.0	2169	100
FC69C3D3_004322-T1	NCU07965-t26_1-p1	1.74e-180	493	100
FC69C3D3_004323-T1	NCU07964-t26_1-p1	1.61e-203	555	100
FC69C3D3_004324-T1	NCU07963-t26_1-p1	2.25e-224	610	100
FC69C3D3_004325-T1	NCU07962-t26_1-p1	2.26e-91	265	100
FC69C3D3_004326-T1	NCU07960-t26_1-p1	0.0	1165	100
FC69C3D3_004327-T1	NCU07959-t26_1-p1	0.0	915	100
FC69C3D3_004328-T1	NCU07958-t26_1-p1	8.55e-229	622	100
FC69C3D3_004329-T1	NCU07957-t26_1-p1	0.0	979	100
FC69C3D3_004330-T1	NCU07956-t26_1-p1	9.59e-180	493	100
FC69C3D3_004331-T1	NCU07955-t26_1-p1	0.0	1291	100
FC69C3D3_004332-T1	NCU07954-t26_1-p1	3.79e-143	401	99.6
FC69C3D3_004333-T1	NCU07953-t26_1-p1	1.28e-203	558	100
FC69C3D3_004334-T1	NCU07952-t26_1-p1	0.0	1274	100
FC69C3D3_004335-T1	NCU07951-t26_1-p1	2.51e-145	412	100
FC69C3D3_004336-T1	NCU07949-t26_2-p1	0.0	3286	100
FC69C3D3_004337-T1	NCU07948-t26_1-p1	3.00e-176	483	100
FC69C3D3_004338-T1	NCU07947-t26_1-p1	6.42e-146	405	100
FC69C3D3_004339-T1	NCU10400-t26_1-p1	0.0	1868	100
FC69C3D3_004340-T1	NCU07946-t26_1-p1	0.0	1285	92.3
FC69C3D3_004341-T1	NCU07945-t26_1-p1	0.0	1108	99.6
FC69C3D3_004342-T1	NCU07944-t26_1-p1	9.30e-191	521	100
FC69C3D3_004343-T1	NCU07943-t26_1-p1	1.18e-194	531	100
FC69C3D3_004344-T1	NCU07942-t26_1-p1	7.90e-209	571	100
FC69C3D3_004345-T1	NCU07941-t26_1-p1	3.92e-311	841	100
FC69C3D3_004346-T1	NCU07939-t26_1-p1	2.23e-248	675	100
FC69C3D3_004347-T1	NCU07938-t26_1-p1	0.0	1146	100
FC69C3D3_004349-T1	NCU07937-t26_2-p1	0.0	1098	100
FC69C3D3_004350-T1	NCU07936-t26_1-p1	0.0	1224	100
FC69C3D3_004351-T1	NCU07935-t26_1-p1	5.93e-142	392	100
FC69C3D3_004352-T1	NCU07934-t26_1-p1	0.0	1225	100
FC69C3D3_004353-T1	NCU07933-t26_1-p1	3.95e-153	442	99.2
FC69C3D3_004354-T1	NCU07932-t26_1-p1	3.12e-234	634	100
FC69C3D3_004355-T1	NCU07931-t26_1-p1	5.74e-216	591	85.7
FC69C3D3_004356-T1	NCU07930-t26_1-p1	0.0	893	100
FC69C3D3_004357-T1	NCU07929-t26_1-p1	1.36e-253	688	100
FC69C3D3_004358-T1	NCU07928-t26_1-p1	1.33e-171	469	100
FC69C3D3_004359-T1	NCU07927-t26_1-p1	1.12e-231	630	100
FC69C3D3_004360-T1	NCU07926-t26_1-p1	0.0	1298	100
FC69C3D3_004361-T1	NCU07925-t26_1-p1	2.18e-172	474	100
FC69C3D3_004362-T1	NCU07924-t26_1-p1	0.0	2521	100
FC69C3D3_004363-T1	NCU07923-t26_1-p1	0.0	1415	99.2
FC69C3D3_004364-T1	NCU07922-t26_1-p1	0.0	2034	100
FC69C3D3_004365-T1	NCU07921-t26_1-p1	7.22e-67	195	100
FC69C3D3_004366-T1	NCU07920-t26_1-p1	0.0	1541	100
FC69C3D3_004367-T1	NCU07919-t26_1-p1	8.61e-190	518	100
FC69C3D3_004368-T1	NCU07918-t26_1-p1	0.0	1295	100
FC69C3D3_004369-T1	NCU07917-t26_1-p1	2.54e-318	857	100
FC69C3D3_004370-T1	NCU07916-t26_1-p1	0.0	1021	100
FC69C3D3_004371-T1	NCU07915-t26_1-p1	6.52e-180	493	100
FC69C3D3_004372-T1	NCU07914-t26_1-p1	1.75e-304	822	100
FC69C3D3_004373-T1	NCU07913-t26_1-p1	9.14e-59	173	100
FC69C3D3_004374-T1	NCU07911-t26_1-p1	0.0	1564	100
FC69C3D3_004375-T1	NCU07910-t26_1-p1	7.48e-307	832	100
FC69C3D3_004376-T1	NCU07909-t26_1-p1	0.0	1761	100
FC69C3D3_004377-T1	NCU07907-t26_1-p1	8.59e-260	702	100
FC69C3D3_004378-T1	NCU07906-t26_1-p1	4.98e-187	511	100
FC69C3D3_004379-T1	NCU07905-t26_1-p1	0.0	1316	100
FC69C3D3_004380-T1	NCU07904-t26_1-p1	1.52e-219	597	100
FC69C3D3_004381-T1	NCU16756-t26_1-p1	1.01e-200	547	100
FC69C3D3_004382-T1	NCU16757-t26_1-p1	3.98e-72	217	100
FC69C3D3_004383-T1	NCU07901-t26_1-p1	0.0	1209	100
FC69C3D3_004384-T1	NCU07900-t26_1-p1	3.27e-287	775	100
FC69C3D3_004385-T1	NCU07899-t26_1-p1	0.0	1102	94.4
FC69C3D3_004386-T1	NCU07898-t26_1-p1	5.04e-180	492	98.8
FC69C3D3_004387-T1	NCU07897-t26_1-p1	0.0	1325	100
FC69C3D3_004388-T1	NCU07896-t26_1-p1	0.0	1139	87.1
FC69C3D3_004389-T1	NCU07895-t26_1-p1	0.0	895	100
FC69C3D3_004390-T1	NCU07894-t26_1-p1	0.0	1800	100
FC69C3D3_004392-T1	NCU07893-t26_1-p1	0.0	1129	100
FC69C3D3_004393-T1	NCU07892-t26_1-p1	7.14e-83	237	100
FC69C3D3_004395-T1	NCU07891-t26_1-p1	0.0	884	100
FC69C3D3_004396-T1	NCU06513-t26_1-p1	2.17e-93	274	100
FC69C3D3_004397-T1	NCU06515-t26_1-p1	0.0	1082	100
FC69C3D3_004398-T1	NCU06516-t26_1-p1	0.0	1607	100
FC69C3D3_004399-T1	NCU06518-t26_1-p1	9.40e-242	655	100
FC69C3D3_004400-T1	NCU06519-t26_1-p1	0.0	1133	100
FC69C3D3_004401-T1	NCU06520-t26_1-p1	0.0	1561	100
FC69C3D3_004403-T1	NCU06522-t26_1-p1	0.0	1107	100
FC69C3D3_004404-T1	NCU06523-t26_1-p1	0.0	1280	100
FC69C3D3_004405-T1	NCU06525-t26_1-p1	4.80e-131	377	100
FC69C3D3_004406-T1	NCU06526-t26_1-p1	0.0	1041	100
FC69C3D3_004407-T1	NCU11321-t26_1-p1	2.44e-257	700	100
FC69C3D3_004408-T1	NCU11322-t26_1-p1	0.0	1023	100
FC69C3D3_004409-T1	NCU06530-t26_1-p1	2.07e-247	670	100
FC69C3D3_004411-T1	NCU06531-t26_1-p1	3.86e-125	362	100
FC69C3D3_004412-T1	NCU06532-t26_1-p1	0.0	932	100
FC69C3D3_004413-T1	NCU06533-t26_1-p1	9.31e-195	532	100
FC69C3D3_004414-T1	NCU10512-t26_1-p1	0.0	1006	99.6
FC69C3D3_004415-T1	NCU06534-t26_1-p1	0.0	3125	100
FC69C3D3_004416-T1	NCU06536-t26_2-p1	0.0	1193	100
FC69C3D3_004417-T1	NCU11323-t26_1-p1	5.03e-55	166	100
FC69C3D3_004418-T1	NCU06539-t26_1-p1	3.85e-261	712	100
FC69C3D3_004419-T1	NCU06540-t26_1-p1	0.0	1550	100
FC69C3D3_004420-T1	NCU06541-t26_1-p1	0.0	902	100
FC69C3D3_004421-T1	NCU06542-t26_1-p1	3.13e-119	333	100
FC69C3D3_004422-T1	NCU06543-t26_1-p1	1.25e-307	831	100
FC69C3D3_004423-T1	NCU06544-t26_1-p1	0.0	2133	100
FC69C3D3_004424-T1	NCU06546-t26_1-p1	7.50e-317	864	100
FC69C3D3_004425-T1	NCU06547-t26_1-p1	0.0	933	100
FC69C3D3_004426-T1	NCU06548-t26_1-p1	0.0	2551	100
FC69C3D3_004427-T1	NCU06549-t26_1-p1	3.93e-181	496	100
FC69C3D3_004428-T1	NCU06550-t26_1-p1	1.64e-201	552	100
FC69C3D3_004429-T1	NCU06551-t26_2-p1	4.33e-207	572	100
FC69C3D3_004430-T1	NCU06552-t26_1-p1	0.0	874	100
FC69C3D3_004431-T1	NCU06553-t26_1-p1	4.98e-100	281	100
FC69C3D3_004432-T1	NCU06554-t26_1-p1	5.41e-191	521	100
FC69C3D3_004433-T1	NCU06555-t26_1-p1	6.76e-138	381	100
FC69C3D3_004434-T1	NCU06556-t26_1-p1	7.59e-76	219	100
FC69C3D3_004435-T1	NCU06557-t26_1-p1	0.0	1278	100
FC69C3D3_004436-T1	NCU06558-t26_1-p1	3.96e-277	748	100
FC69C3D3_004437-T1	NCU06559-t26_1-p1	4.83e-241	654	100
FC69C3D3_004438-T1	NCU06560-t26_1-p1	6.20e-274	750	100
FC69C3D3_004439-T1	NCU06561-t26_1-p1	3.86e-149	410	100
FC69C3D3_004440-T1	NCU06563-t26_1-p1	7.46e-245	662	100
FC69C3D3_004441-T1	NCU06565-t26_1-p1	0.0	964	100
FC69C3D3_004442-T1	NCU06566-t26_1-p1	0.0	1524	100
FC69C3D3_004443-T1	NCU06568-t26_1-p1	3.13e-280	764	100
FC69C3D3_004444-T1	NCU06569-t26_1-p1	0.0	1420	96.9
FC69C3D3_004445-T1	NCU06572-t26_1-p1	6.22e-222	603	100
FC69C3D3_004446-T1	NCU06573-t26_1-p1	0.0	1097	100
FC69C3D3_004447-T1	NCU06574-t26_1-p1	1.84e-266	729	100
FC69C3D3_004448-T1	NCU06575-t26_1-p1	1.02e-250	682	100
FC69C3D3_004449-T1	NCU06576-t26_1-p1	6.88e-270	733	100
FC69C3D3_004450-T1	NCU16766-t26_1-p1	6.81e-130	360	100
FC69C3D3_004451-T1	NCU06577-t26_1-p1	6.96e-219	595	100
FC69C3D3_004452-T1	NCU06578-t26_1-p1	0.0	1975	100
FC69C3D3_004453-T1	NCU06579-t26_1-p1	0.0	3025	100
FC69C3D3_004454-T1	NCU06583-t26_1-p1	0.0	1353	100
FC69C3D3_004455-T1	NCU06583-t26_1-p1	0.0	946	100
FC69C3D3_004456-T1	NCU06584-t26_1-p1	1.04e-317	865	93.6
FC69C3D3_004457-T1	NCU06585-t26_1-p1	0.0	1760	100
FC69C3D3_004458-T1	NCU06586-t26_1-p1	3.77e-230	625	100
FC69C3D3_004459-T1	NCU06587-t26_1-p1	4.02e-212	578	93.9
FC69C3D3_004460-T1	NCU06588-t26_1-p1	9.76e-48	148	100
FC69C3D3_004461-T1	NCU06589-t26_1-p1	5.96e-134	371	100
FC69C3D3_004462-T1	NCU06590-t26_1-p1	1.52e-100	285	100
FC69C3D3_004463-T1	NCU06591-t26_1-p1	8.12e-75	219	100
FC69C3D3_004464-T1	NCU06593-t26_1-p1	0.0	1133	99.8
FC69C3D3_004465-T1	NCU06594-t26_1-p1	0.0	998	100
FC69C3D3_004466-T1	NCU06595-t26_1-p1	0.0	1221	100
FC69C3D3_004467-T1	NCU06596-t26_1-p1	1.04e-233	635	100
FC69C3D3_004468-T1	NCU06597-t26_1-p1	5.96e-51	154	100
FC69C3D3_004469-T1	NCU06598-t26_1-p1	0.0	1776	97.8
FC69C3D3_004470-T1	NCU06599-t26_1-p1	6.86e-199	542	100
FC69C3D3_004471-T1	NCU06601-t26_1-p1	0.0	1342	100
FC69C3D3_004472-T1	NCU06602-t26_1-p1	1.70e-204	571	100
FC69C3D3_004473-T1	NCU06603-t26_1-p1	1.87e-174	478	100
FC69C3D3_004474-T1	NCU06604-t26_1-p1	0.0	1033	99.8
FC69C3D3_004475-T1	NCU06605-t26_1-p1	0.0	2275	100
FC69C3D3_004476-T1	NCU06606-t26_1-p1	1.37e-166	457	100
FC69C3D3_004477-T1	NCU06607-t26_1-p1	3.62e-212	600	100
FC69C3D3_004478-T1	NCU06608-t26_1-p1	0.0	1602	100
FC69C3D3_004479-T1	NCU06609-t26_1-p1	3.77e-270	736	100
FC69C3D3_004480-T1	NCU06610-t26_1-p1	4.89e-219	596	100
FC69C3D3_004481-T1	NCU06611-t26_1-p1	9.85e-291	795	100
FC69C3D3_004482-T1	NCU06612-t26_1-p1	0.0	2034	100
FC69C3D3_004483-T1	NCU06613-t26_1-p1	0.0	937	100
FC69C3D3_004484-T1	NCU06614-t26_1-p1	0.0	1100	100
FC69C3D3_004486-T1	NCU06615-t26_1-p1	6.68e-108	304	100
FC69C3D3_004487-T1	NCU06616-t26_1-p1	8.05e-243	657	100
FC69C3D3_004488-T1	NCU06617-t26_1-p1	5.95e-100	281	100
FC69C3D3_004489-T1	NCU06618-t26_1-p1	0.0	1291	100
FC69C3D3_004490-T1	NCU06619-t26_1-p1	0.0	926	100
FC69C3D3_004491-T1	NCU06621-t26_1-p1	0.0	1068	100
FC69C3D3_004492-T1	NCU06622-t26_1-p1	2.09e-176	484	100
FC69C3D3_004493-T1	NCU06623-t26_1-p1	1.26e-203	557	100
FC69C3D3_004494-T1	NCU06624-t26_1-p1	0.0	1783	100
FC69C3D3_004495-T1	NCU06625-t26_1-p1	5.50e-166	456	100
FC69C3D3_004496-T1	NCU06626-t26_1-p1	0.0	3123	100
FC69C3D3_004497-T1	NCU06627-t26_1-p1	0.0	2352	100
FC69C3D3_004498-T1	NCU06628-t26_1-p1	1.10e-233	648	100
FC69C3D3_004499-T1	NCU06629-t26_1-p1	1.05e-315	854	100
FC69C3D3_004500-T1	NCU06630-t26_1-p1	2.33e-255	689	100
FC69C3D3_004501-T1	NCU06631-t26_1-p1	0.0	1321	100
FC69C3D3_004502-T1	NCU06632-t26_1-p1	1.57e-111	314	100
FC69C3D3_004503-T1	NCU16769-t26_1-p1	9.09e-248	688	100
FC69C3D3_004504-T1	NCU16769-t26_1-p1	2.70e-303	833	99.8
FC69C3D3_004505-T1	NCU16770-t26_1-p1	6.56e-165	457	100
FC69C3D3_004506-T1	NCU09748-t26_1-p1	1.62e-79	228	100
FC69C3D3_004507-T1	NCU09747-t26_1-p1	4.14e-139	385	100
FC69C3D3_004508-T1	NCU09746-t26_1-p1	0.0	1246	100
FC69C3D3_004509-T1	NCU16771-t26_1-p1	1.52e-130	362	100
FC69C3D3_004510-T1	NCU09745-t26_1-p1	7.87e-253	685	100
FC69C3D3_004511-T1	NCU09744-t26_1-p1	5.83e-261	706	100
FC69C3D3_004512-T1	NCU09743-t26_1-p1	6.68e-312	852	100
FC69C3D3_004513-T1	NCU09742-t26_1-p1	0.0	1093	100
FC69C3D3_004514-T1	NCU09741-t26_1-p1	0.0	1388	100
FC69C3D3_004515-T1	NCU09740-t26_1-p1	0.0	5247	100
FC69C3D3_004516-T1	NCU09739-t26_1-p1	0.0	1316	100
FC69C3D3_004517-T1	NCU09738-t26_1-p1	4.20e-313	843	100
FC69C3D3_004519-T1	NCU09737-t26_1-p1	0.0	1164	100
FC69C3D3_004520-T1	NCU09736-t26_1-p1	0.0	1042	100
FC69C3D3_004521-T1	NCU09735-t26_1-p1	8.67e-216	588	100
FC69C3D3_004522-T1	NCU09734-t26_1-p1	8.72e-100	303	100
FC69C3D3_004523-T1	NCU09733-t26_1-p1	0.0	867	100
FC69C3D3_004524-T1	NCU16773-t26_1-p1	0.0	1052	95.6
FC69C3D3_004525-T1	NCU09732-t26_1-p1	7.12e-301	813	100
FC69C3D3_004526-T1	NCU09731-t26_1-p1	3.69e-109	305	100
FC69C3D3_004527-T1	NCU09730-t26_1-p1	0.0	1627	100
FC69C3D3_004528-T1	NCU09729-t26_1-p1	1.43e-314	877	99.5
FC69C3D3_004529-T1	NCU09728-t26_1-p1	0.0	1389	83.1
FC69C3D3_004530-T1	NCU09727-t26_1-p1	0.0	1292	95.2
FC69C3D3_004531-T1	NCU07735-t26_1-p1	8.72e-190	526	100
FC69C3D3_004532-T1	NCU07734-t26_1-p1	1.53e-245	670	100
FC69C3D3_004533-T1	NCU07733-t26_1-p1	3.61e-179	491	100
FC69C3D3_004534-T1	NCU07732-t26_1-p1	0.0	901	100
FC69C3D3_004535-T1	NCU07731-t26_1-p1	0.0	1070	100
FC69C3D3_004536-T1	NCU07730-t26_1-p1	1.09e-311	841	100
FC69C3D3_004537-T1	NCU07728-t26_1-p1	0.0	1078	100
FC69C3D3_004538-T1	NCU07727-t26_1-p1	5.35e-92	260	100
FC69C3D3_004539-T1	NCU07726-t26_1-p1	1.36e-197	541	100
FC69C3D3_004540-T1	NCU07725-t26_1-p1	7.97e-194	529	100
FC69C3D3_004541-T1	NCU07724-t26_1-p1	0.0	1175	100
FC69C3D3_004542-T1	NCU07723-t26_1-p1	1.93e-192	530	100
FC69C3D3_004543-T1	NCU07722-t26_1-p1	1.72e-279	759	100
FC69C3D3_004544-T1	NCU07721-t26_1-p1	0.0	1746	100
FC69C3D3_004545-T1	NCU07720-t26_1-p1	0.0	1248	100
FC69C3D3_004546-T1	NCU07719-t26_1-p1	5.22e-192	523	100
FC69C3D3_004547-T1	NCU07718-t26_1-p1	4.82e-244	664	100
FC69C3D3_004548-T1	NCU07717-t26_1-p1	9.65e-198	540	100
FC69C3D3_004549-T1	NCU07715-t26_1-p1	5.89e-164	469	100
FC69C3D3_004550-T1	NCU07714-t26_1-p1	0.0	1278	100
FC69C3D3_004551-T1	NCU07713-t26_1-p1	2.99e-128	360	100
FC69C3D3_004552-T1	NCU07712-t26_1-p1	0.0	1690	100
FC69C3D3_004553-T1	NCU07711-t26_1-p1	0.0	1113	100
FC69C3D3_004555-T1	NCU07710-t26_1-p1	0.0	3776	100
FC69C3D3_004556-T1	NCU07709-t26_1-p1	1.99e-164	458	92.7
FC69C3D3_004557-T1	NCU07707-t26_1-p1	0.0	2302	100
FC69C3D3_004558-T1	NCU16775-t26_2-p1	4.25e-114	335	100
FC69C3D3_004559-T1	NCU07705-t26_1-p1	0.0	1309	95.4
FC69C3D3_004560-T1	NCU07703-t26_1-p1	1.06e-293	793	100
FC69C3D3_004561-T1	NCU07702-t26_1-p1	0.0	6210	99.3
FC69C3D3_004562-T1	NCU07700-t26_1-p1	0.0	1662	100
FC69C3D3_004563-T1	NCU07699-t26_1-p1	0.0	1479	100
FC69C3D3_004564-T1	NCU07698-t26_1-p1	0.0	1937	96.7
FC69C3D3_004565-T1	NCU07697-t26_1-p1	3.31e-271	734	100
FC69C3D3_004566-T1	NCU07696-t26_1-p1	4.71e-34	110	100
FC69C3D3_004567-T1	NCU07695-t26_2-p1	1.56e-285	774	100
FC69C3D3_004568-T1	NCU07694-t26_2-p1	1.60e-203	556	100
FC69C3D3_004569-T1	NCU07693-t26_1-p1	0.0	2142	100
FC69C3D3_004570-T1	NCU07692-t26_3-p1	0.0	1262	99.9
FC69C3D3_004571-T1	NCU07691-t26_1-p1	0.0	2297	100
FC69C3D3_004572-T1	NCU07690-t26_1-p1	0.0	1276	100
FC69C3D3_004573-T1	NCU07688-t26_1-p1	0.0	2137	98.2
FC69C3D3_004574-T1	NCU07687-t26_1-p1	1.94e-143	402	100
FC69C3D3_004575-T1	NCU16779-t26_1-p1	0.0	2289	100
FC69C3D3_004576-T1	NCU07685-t26_1-p1	0.0	1403	100
FC69C3D3_004578-T1	NCU07684-t26_1-p1	0.0	1250	100
FC69C3D3_004580-T1	NCU07683-t26_1-p1	1.93e-60	181	100
FC69C3D3_004583-T1	NCU11369-t26_2-p1	1.11e-220	601	100
FC69C3D3_004584-T1	NCU07682-t26_1-p1	0.0	1398	100
FC69C3D3_004585-T1	NCU11370-t26_1-p1	1.25e-220	600	100
FC69C3D3_004586-T1	NCU07681-t26_1-p1	3.04e-52	155	100
FC69C3D3_004587-T1	NCU16784-t26_1-p1	6.99e-215	585	98.0
FC69C3D3_004588-T1	NCU16785-t26_1-p1	0.0	1187	100
FC69C3D3_004589-T1	NCU07679-t26_1-p1	0.0	2104	100
FC69C3D3_004590-T1	NCU07678-t26_1-p1	0.0	971	100
FC69C3D3_004591-T1	NCU07674-t26_1-p1	0.0	1165	100
FC69C3D3_004592-T1	NCU11371-t26_1-p1	3.83e-193	532	98.5
FC69C3D3_004593-T1	NCU11372-t26_2-p1	9.42e-170	473	100
FC69C3D3_004594-T1	NCU07672-t26_1-p1	4.24e-99	286	100
FC69C3D3_004595-T1	NCU07670-t26_1-p1	0.0	1230	100
FC69C3D3_004596-T1	NCU07669-t26_1-p1	0.0	1940	100
FC69C3D3_004597-T1	NCU07668-t26_1-p1	0.0	1071	94.3
FC69C3D3_004598-T1	NCU07666-t26_2-p1	7.35e-115	326	100
FC69C3D3_004599-T1	NCU07665-t26_1-p1	8.63e-216	598	98.1
FC69C3D3_004600-T1	NCU07663-t26_1-p1	0.0	1026	100
FC69C3D3_004601-T1	NCU07662-t26_1-p1	2.01e-278	751	100
FC69C3D3_004602-T1	NCU07661-t26_1-p1	1.91e-215	586	100
FC69C3D3_004603-T1	NCU07660-t26_1-p1	2.81e-218	598	100
FC69C3D3_004604-T1	NCU08331-t26_2-p1	0.0	1884	100
FC69C3D3_004605-T1	NCU08330-t26_1-p1	8.64e-204	556	100
FC69C3D3_004606-T1	NCU08329-t26_1-p1	1.37e-160	442	100
FC69C3D3_004607-T1	NCU08328-t26_1-p1	1.44e-234	639	100
FC69C3D3_004608-T1	NCU08326-t26_1-p1	6.04e-262	710	100
FC69C3D3_004609-T1	NCU08325-t26_1-p1	0.0	1117	100
FC69C3D3_004610-T1	NCU08324-t26_1-p1	2.44e-254	689	100
FC69C3D3_004611-T1	NCU08323-t26_1-p1	0.0	927	100
FC69C3D3_004612-T1	NCU16790-t26_1-p1	2.25e-291	788	100
FC69C3D3_004613-T1	NCU08319-t26_2-p1	0.0	1323	100
FC69C3D3_004614-T1	NCU08318-t26_1-p1	2.94e-148	412	100
FC69C3D3_004615-T1	NCU08317-t26_1-p1	0.0	1811	100
FC69C3D3_004616-T1	NCU08316-t26_1-p1	0.0	2299	100
FC69C3D3_004617-T1	NCU08315-t26_1-p1	0.0	868	100
FC69C3D3_004618-T1	NCU08314-t26_1-p1	6.95e-52	160	100
FC69C3D3_004619-T1	NCU08313-t26_1-p1	7.40e-216	589	100
FC69C3D3_004620-T1	NCU08312-t26_1-p1	0.0	1368	100
FC69C3D3_004621-T1	NCU08310-t26_1-p1	0.0	941	89.8
FC69C3D3_004622-T1	NCU08309-t26_1-p1	0.0	1450	100
FC69C3D3_004623-T1	NCU08303-t26_1-p1	0.0	1793	100
FC69C3D3_004624-T1	NCU08301-t26_1-p1	4.18e-274	743	100
FC69C3D3_004625-T1	NCU08300-t26_1-p1	2.88e-49	148	100
FC69C3D3_004626-T1	NCU08299-t26_1-p1	1.31e-312	844	100
FC69C3D3_004627-T1	NCU08298-t26_1-p1	0.0	1610	100
FC69C3D3_004628-T1	NCU08297-t26_1-p1	1.56e-312	850	100
FC69C3D3_004629-T1	NCU08296-t26_1-p1	8.99e-302	818	100
FC69C3D3_004630-T1	NCU08295-t26_1-p1	2.73e-218	600	100
FC69C3D3_004631-T1	NCU08294-t26_1-p1	0.0	1054	100
FC69C3D3_004632-T1	NCU08294-t26_1-p1	2.29e-209	607	100
FC69C3D3_004633-T1	NCU08293-t26_1-p1	3.60e-194	538	100
FC69C3D3_004634-T1	NCU08292-t26_1-p1	0.0	1138	97.8
FC69C3D3_004635-T1	NCU08291-t26_1-p1	0.0	867	100
FC69C3D3_004636-T1	NCU08290-t26_1-p1	0.0	1265	100
FC69C3D3_004637-T1	NCU08289-t26_1-p1	0.0	1782	100
FC69C3D3_004638-T1	NCU08288-t26_1-p1	2.42e-209	572	100
FC69C3D3_004639-T1	NCU08287-t26_1-p1	0.0	3623	100
FC69C3D3_004640-T1	NCU08283-t26_1-p1	0.0	1608	76.5
FC69C3D3_004641-T1	NCU08282-t26_1-p1	8.65e-53	157	100
FC69C3D3_004642-T1	NCU08281-t26_1-p1	0.0	1679	100
FC69C3D3_004643-T1	NCU08280-t26_1-p1	0.0	1055	100
FC69C3D3_004644-T1	NCU08279-t26_1-p1	0.0	1860	94.5
FC69C3D3_004645-T1	NCU08278-t26_1-p1	1.13e-250	679	100
FC69C3D3_004646-T1	NCU16791-t26_1-p1	1.17e-146	403	100
FC69C3D3_004647-T1	NCU08277-t26_1-p1	1.20e-220	600	100
FC69C3D3_004648-T1	NCU08276-t26_1-p1	0.0	2948	100
FC69C3D3_004649-T1	NCU08275-t26_1-p1	0.0	1005	98.8
FC69C3D3_004651-T1	NCU08273-t26_1-p1	0.0	1429	97.2
FC69C3D3_004652-T1	NCU08272-t26_1-p1	0.0	1001	100
FC69C3D3_004653-T1	NCU08271-t26_1-p1	1.31e-225	627	100
FC69C3D3_004654-T1	NCU08270-t26_1-p1	0.0	3128	100
FC69C3D3_004655-T1	NCU08269-t26_1-p1	1.41e-202	552	100
FC69C3D3_004656-T1	NCU08268-t26_1-p1	7.10e-282	763	100
FC69C3D3_004657-T1	NCU08267-t26_1-p1	0.0	4012	100
FC69C3D3_004658-T1	NCU06404-t26_1-p1	1.02e-146	405	100
FC69C3D3_004659-T1	NCU06403-t26_1-p1	0.0	1280	100
FC69C3D3_004660-T1	NCU06402-t26_1-p1	1.81e-238	645	100
FC69C3D3_004661-T1	NCU06401-t26_1-p1	1.01e-108	308	100
FC69C3D3_004662-T1	NCU06400-t26_1-p1	2.81e-265	721	100
FC69C3D3_004663-T1	NCU06399-t26_1-p1	1.27e-146	412	100
FC69C3D3_004664-T1	NCU06398-t26_1-p1	1.05e-284	790	100
FC69C3D3_004665-T1	NCU06397-t26_1-p1	9.81e-60	177	100
FC69C3D3_004666-T1	NCU06396-t26_1-p1	1.76e-69	202	100
FC69C3D3_004667-T1	NCU06395-t26_1-p1	3.10e-139	386	100
FC69C3D3_004668-T1	NCU06394-t26_1-p1	0.0	1440	100
FC69C3D3_004669-T1	NCU06393-t26_1-p1	0.0	1545	100
FC69C3D3_004670-T1	NCU06391-t26_1-p1	0.0	1395	100
FC69C3D3_004671-T1	NCU06389-t26_1-p1	0.0	1524	100
FC69C3D3_004672-T1	NCU06389-t26_1-p1	5.04e-51	169	97.5
FC69C3D3_004673-T1	NCU06387-t26_1-p1	0.0	893	100
FC69C3D3_004674-T1	NCU06386-t26_1-p1	0.0	877	100
FC69C3D3_004675-T1	NCU06385-t26_1-p1	1.09e-238	649	100
FC69C3D3_004676-T1	NCU06384-t26_1-p1	0.0	1060	100
FC69C3D3_004677-T1	NCU06383-t26_1-p1	4.82e-298	805	100
FC69C3D3_004678-T1	NCU16793-t26_2-p1	6.89e-294	795	100
FC69C3D3_004679-T1	NCU06382-t26_1-p1	0.0	2887	100
FC69C3D3_004680-T1	NCU06381-t26_1-p1	6.53e-233	636	100
FC69C3D3_004681-T1	NCU06380-t26_1-p1	8.93e-298	805	100
FC69C3D3_004682-T1	NCU06376-t26_1-p1	0.0	1030	100
FC69C3D3_004683-T1	NCU06375-t26_1-p1	0.0	885	100
FC69C3D3_004684-T1	NCU06374-t26_1-p1	0.0	1382	100
FC69C3D3_004685-T1	NCU06372-t26_1-p1	5.39e-184	503	100
FC69C3D3_004686-T1	NCU06371-t26_1-p1	0.0	1552	99.4
FC69C3D3_004687-T1	NCU06370-t26_1-p1	5.31e-165	454	100
FC69C3D3_004688-T1	NCU06369-t26_1-p1	2.06e-288	781	100
FC69C3D3_004689-T1	NCU06367-t26_1-p1	6.23e-152	423	99.6
FC69C3D3_004690-T1	NCU06366-t26_1-p1	0.0	916	95.4
FC69C3D3_004691-T1	NCU06365-t26_1-p1	0.0	2333	100
FC69C3D3_004692-T1	NCU06364-t26_1-p1	2.06e-270	730	100
FC69C3D3_004693-T1	NCU06363-t26_2-p1	1.19e-96	288	99.5
FC69C3D3_004694-T1	NCU06362-t26_1-p1	0.0	1834	97.5
FC69C3D3_004695-T1	NCU06361-t26_1-p1	7.84e-225	613	98.8
FC69C3D3_004697-T1	NCU06360-t26_1-p1	3.35e-298	804	100
FC69C3D3_004698-T1	NCU06358-t26_1-p1	0.0	1223	100
FC69C3D3_004699-T1	NCU06355-t26_1-p1	0.0	1918	100
FC69C3D3_004700-T1	NCU06354-t26_1-p1	2.17e-66	193	100
FC69C3D3_004701-T1	NCU06353-t26_1-p1	3.42e-177	485	100
FC69C3D3_004702-T1	NCU06352-t26_1-p1	0.0	1493	100
FC69C3D3_004703-T1	NCU06352-t26_1-p1	8.61e-201	575	100
FC69C3D3_004704-T1	NCU06351-t26_1-p1	0.0	1177	100
FC69C3D3_004705-T1	NCU06349-t26_1-p1	8.30e-164	452	100
FC69C3D3_004706-T1	NCU06348-t26_1-p1	5.80e-230	624	100
FC69C3D3_004708-T1	NCU06347-t26_1-p1	2.91e-285	771	100
FC69C3D3_004709-T1	NCU06346-t26_1-p1	3.80e-67	195	100
FC69C3D3_004710-T1	NCU06345-t26_1-p1	0.0	1088	100
FC69C3D3_004711-T1	NCU06344-t26_1-p1	0.0	1478	100
FC69C3D3_004712-T1	NCU06343-t26_1-p1	2.22e-152	419	100
FC69C3D3_004713-T1	NCU06342-t26_1-p1	0.0	1805	100
FC69C3D3_004714-T1	NCU06341-t26_2-p1	0.0	1023	100
FC69C3D3_004716-T1	NCU06340-t26_1-p1	1.12e-311	844	100
FC69C3D3_004717-T1	NCU06338-t26_1-p1	0.0	3295	100
FC69C3D3_004718-T1	NCU06337-t26_1-p1	0.0	1285	100
FC69C3D3_004719-T1	NCU06336-t26_1-p1	0.0	1330	100
FC69C3D3_004720-T1	NCU06335-t26_1-p1	4.09e-234	636	100
FC69C3D3_004721-T1	NCU06334-t26_2-p1	0.0	912	100
FC69C3D3_004722-T1	NCU06333-t26_1-p1	1.05e-211	586	100
FC69C3D3_004723-T1	NCU06332-t26_1-p1	0.0	1026	100
FC69C3D3_004724-T1	NCU06331-t26_1-p1	3.02e-302	818	100
FC69C3D3_004725-T1	NCU06330-t26_1-p1	3.12e-261	708	100
FC69C3D3_004726-T1	NCU06329-t26_1-p1	0.0	1775	88.0
FC69C3D3_004728-T1	NCU06328-t26_1-p1	6.25e-271	736	100
FC69C3D3_004729-T1	NCU06327-t26_1-p1	0.0	1097	100
FC69C3D3_004730-T1	NCU06326-t26_1-p1	1.33e-239	650	100
FC69C3D3_004731-T1	NCU06325-t26_1-p1	3.25e-222	604	100
FC69C3D3_004733-T1	NCU06322-t26_1-p1	5.77e-189	517	100
FC69C3D3_004734-T1	NCU06321-t26_1-p1	0.0	1764	100
FC69C3D3_004735-T1	NCU06320-t26_1-p1	2.22e-192	539	99.6
FC69C3D3_004736-T1	NCU06319-t26_1-p1	0.0	894	100
FC69C3D3_004737-T1	NCU06318-t26_1-p1	0.0	2175	100
FC69C3D3_004738-T1	NCU06317-t26_1-p1	7.74e-118	329	100
FC69C3D3_004739-T1	NCU06316-t26_1-p1	0.0	1029	100
FC69C3D3_004740-T1	NCU06315-t26_1-p1	4.86e-307	828	100
FC69C3D3_004741-T1	NCU06314-t26_1-p1	8.19e-255	697	100
FC69C3D3_004742-T1	NCU06312-t26_1-p1	7.09e-162	461	100
FC69C3D3_004743-T1	NCU06311-t26_1-p1	3.49e-191	526	100
FC69C3D3_004744-T1	NCU06310-t26_1-p1	3.61e-315	849	100
FC69C3D3_004745-T1	NCU06309-t26_1-p1	0.0	888	100
FC69C3D3_004746-T1	NCU06308-t26_1-p1	0.0	2742	100
FC69C3D3_004747-T1	NCU06307-t26_1-p1	1.32e-256	701	100
FC69C3D3_004748-T1	NCU06306-t26_1-p1	0.0	1560	98.1
FC69C3D3_004749-T1	NCU06305-t26_1-p1	0.0	1026	100
FC69C3D3_004750-T1	NCU06303-t26_1-p1	3.35e-278	751	100
FC69C3D3_004751-T1	NCU06302-t26_1-p1	0.0	942	100
FC69C3D3_004752-T1	NCU06301-t26_1-p1	1.70e-129	358	100
FC69C3D3_004753-T1	NCU06300-t26_1-p1	1.85e-137	381	100
FC69C3D3_004754-T1	NCU06296-t26_1-p1	0.0	1238	100
FC69C3D3_004755-T1	NCU07288-t26_1-p1	1.66e-08	47.0	50.0
FC69C3D3_004756-T1	NCU06294-t26_1-p1	0.0	954	99.6
FC69C3D3_004757-T1	NCU06294-t26_1-p1	0.0	2204	100
FC69C3D3_004758-T1	NCU06293-t26_1-p1	2.88e-184	504	100
FC69C3D3_004759-T1	NCU06290-t26_1-p1	3.27e-304	825	100
FC69C3D3_004760-T1	NCU06289-t26_1-p1	4.86e-171	471	100
FC69C3D3_004761-T1	NCU06288-t26_1-p1	9.12e-141	389	100
FC69C3D3_004762-T1	NCU06287-t26_1-p1	1.23e-134	373	100
FC69C3D3_004763-T1	NCU06286-t26_1-p1	1.72e-219	602	100
FC69C3D3_004764-T1	NCU06285-t26_1-p1	0.0	1847	100
FC69C3D3_004765-T1	NCU06284-t26_1-p1	0.0	1714	100
FC69C3D3_004766-T1	NCU06283-t26_1-p1	0.0	2012	100
FC69C3D3_004767-T1	NCU06282-t26_1-p1	0.0	946	100
FC69C3D3_004768-T1	NCU06281-t26_1-p1	0.0	2939	100
FC69C3D3_004770-T1	NCU04526-t26_1-p1	3.39e-200	546	100
FC69C3D3_004772-T1	NCU04525-t26_1-p1	7.49e-152	417	100
FC69C3D3_004773-T1	NCU04523-t26_1-p1	0.0	1411	100
FC69C3D3_004774-T1	NCU04522-t26_1-p1	4.78e-170	466	100
FC69C3D3_004775-T1	NCU04521-t26_1-p1	3.39e-237	644	100
FC69C3D3_004776-T1	NCU04520-t26_1-p1	1.17e-242	658	94.8
FC69C3D3_004777-T1	NCU04519-t26_1-p1	1.14e-120	336	100
FC69C3D3_004779-T1	NCU11295-t26_1-p1	5.09e-97	287	100
FC69C3D3_004780-T1	NCU04516-t26_1-p1	3.60e-08	48.9	100
FC69C3D3_004781-T1	NCU04514-t26_1-p1	0.0	1950	100
FC69C3D3_004782-T1	NCU04513-t26_1-p1	9.04e-145	400	100
FC69C3D3_004783-T1	NCU04512-t26_1-p1	0.0	3987	100
FC69C3D3_004784-T1	NCU04511-t26_1-p1	0.0	1360	100
FC69C3D3_004785-T1	NCU04510-t26_1-p1	2.25e-226	615	100
FC69C3D3_004786-T1	NCU04509-t26_1-p1	2.83e-156	431	100
FC69C3D3_004787-T1	NCU04508-t26_1-p1	6.14e-52	155	100
FC69C3D3_004788-T1	NCU04507-t26_1-p1	7.95e-264	717	100
FC69C3D3_004789-T1	NCU04506-t26_1-p1	4.92e-313	843	100
FC69C3D3_004790-T1	NCU04505-t26_1-p1	0.0	1237	100
FC69C3D3_004791-T1	NCU04504-t26_1-p1	0.0	897	100
FC69C3D3_004792-T1	NCU04503-t26_1-p1	5.56e-283	773	100
FC69C3D3_004793-T1	NCU04502-t26_1-p1	1.98e-69	201	100
FC69C3D3_004794-T1	NCU04501-t26_1-p1	7.77e-32	111	100
FC69C3D3_004795-T1	NCU04500-t26_1-p1	6.26e-310	838	100
FC69C3D3_004796-T1	NCU04499-t26_1-p1	8.32e-275	747	99.7
FC69C3D3_004797-T1	NCU04498-t26_2-p1	2.71e-306	827	100
FC69C3D3_004798-T1	NCU04497-t26_1-p1	5.02e-273	741	100
FC69C3D3_004799-T1	NCU04496-t26_1-p1	1.64e-128	360	100
FC69C3D3_004801-T1	NCU04495-t26_1-p1	5.79e-313	845	100
FC69C3D3_004802-T1	NCU04494-t26_1-p1	2.58e-238	645	100
FC69C3D3_004803-T1	NCU04493-t26_1-p1	9.55e-104	293	100
FC69C3D3_004804-T1	NCU04492-t26_1-p1	3.99e-211	575	100
FC69C3D3_004805-T1	NCU04490-t26_1-p1	9.29e-73	219	82.6
FC69C3D3_004806-T1	NCU16806-t26_1-p1	1.13e-28	102	100
FC69C3D3_004807-T1	NCU04487-t26_1-p1	1.66e-23	92.4	100
FC69C3D3_004808-T1	NCU04486-t26_2-p1	1.23e-58	175	99.0
FC69C3D3_004809-T1	NCU04485-t26_1-p1	0.0	1126	100
FC69C3D3_004810-T1	NCU04484-t26_1-p1	0.0	989	100
FC69C3D3_004811-T1	NCU04483-t26_1-p1	1.47e-236	645	100
FC69C3D3_004812-T1	NCU04482-t26_1-p1	3.28e-155	427	100
FC69C3D3_004813-T1	NCU04481-t26_1-p1	0.0	1101	100
FC69C3D3_004814-T1	NCU04480-t26_1-p1	1.72e-236	645	100
FC69C3D3_004815-T1	NCU04479-t26_1-p1	1.80e-298	805	100
FC69C3D3_004816-T1	NCU04478-t26_1-p1	0.0	1127	100
FC69C3D3_004817-T1	NCU04477-t26_1-p1	9.31e-140	394	100
FC69C3D3_004818-T1	NCU04477-t26_1-p1	3.30e-106	310	100
FC69C3D3_004820-T1	NCU04475-t26_1-p1	4.82e-303	817	100
FC69C3D3_004823-T1	NCU04474-t26_1-p1	0.0	1088	100
FC69C3D3_004824-T1	NCU04473-t26_1-p1	9.90e-316	849	100
FC69C3D3_004825-T1	NCU04472-t26_2-p1	0.0	3590	98.1
FC69C3D3_004826-T1	NCU04471-t26_1-p1	1.38e-140	391	80.8
FC69C3D3_004827-T1	NCU04470-t26_1-p1	3.68e-201	548	100
FC69C3D3_004828-T1	NCU04469-t26_1-p1	0.0	1273	100
FC69C3D3_004829-T1	NCU04468-t26_1-p1	0.0	1162	100
FC69C3D3_004830-T1	NCU04467-t26_1-p1	9.94e-60	176	100
FC69C3D3_004831-T1	NCU04466-t26_1-p1	1.23e-186	509	100
FC69C3D3_004833-T1	NCU04465-t26_1-p1	0.0	1469	100
FC69C3D3_004835-T1	NCU04463-t26_1-p1	0.0	2782	100
FC69C3D3_004836-T1	NCU04462-t26_1-p1	8.68e-241	653	100
FC69C3D3_004837-T1	NCU04461-t26_1-p1	1.89e-125	348	100
FC69C3D3_004838-T1	NCU04460-t26_1-p1	2.66e-304	819	100
FC69C3D3_004839-T1	NCU04459-t26_1-p1	0.0	1009	100
FC69C3D3_004840-T1	NCU04457-t26_1-p1	0.0	1399	100
FC69C3D3_004841-T1	NCU10270-t26_1-p1	5.78e-160	443	100
FC69C3D3_004842-T1	NCU04456-t26_1-p1	0.0	1046	100
FC69C3D3_004843-T1	NCU04455-t26_1-p1	0.0	1120	100
FC69C3D3_004844-T1	NCU04454-t26_1-p1	0.0	1229	100
FC69C3D3_004845-T1	NCU04453-t26_1-p1	0.0	1479	100
FC69C3D3_004846-T1	NCU04452-t26_1-p1	2.27e-278	752	100
FC69C3D3_004847-T1	NCU04451-t26_1-p1	0.0	1495	100
FC69C3D3_004848-T1	NCU04450-t26_1-p1	0.0	1253	100
FC69C3D3_004849-T1	NCU04449-t26_1-p1	0.0	1087	99.3
FC69C3D3_004850-T1	NCU04448-t26_1-p1	0.0	1044	98.6
FC69C3D3_004851-T1	NCU04447-t26_1-p1	1.30e-79	228	100
FC69C3D3_004852-T1	NCU04446-t26_1-p1	8.65e-212	588	64.0
FC69C3D3_004853-T1	NCU04445-t26_1-p1	0.0	2296	100
FC69C3D3_004854-T1	NCU04444-t26_1-p1	0.0	3433	100
FC69C3D3_004855-T1	NCU04443-t26_1-p1	1.98e-240	657	100
FC69C3D3_004856-T1	NCU04442-t26_1-p1	2.46e-280	757	100
FC69C3D3_004857-T1	NCU04440-t26_1-p1	0.0	1708	100
FC69C3D3_004858-T1	NCU04439-t26_1-p1	0.0	1494	100
FC69C3D3_004859-T1	NCU04436-t26_1-p1	1.93e-146	408	100
FC69C3D3_004860-T1	NCU04435-t26_1-p1	0.0	1083	100
FC69C3D3_004861-T1	NCU04433-t26_1-p1	0.0	1600	100
FC69C3D3_004862-T1	NCU04432-t26_1-p1	2.56e-125	348	100
FC69C3D3_004864-T1	NCU04431-t26_1-p1	1.17e-229	621	100
FC69C3D3_004865-T1	NCU04430-t26_1-p1	0.0	990	100
FC69C3D3_004866-T1	NCU04429-t26_1-p1	0.0	1060	100
FC69C3D3_004867-T1	NCU04428-t26_1-p1	0.0	1441	100
FC69C3D3_004868-T1	NCU04427-t26_1-p1	0.0	1597	100
FC69C3D3_004869-T1	NCU04426-t26_1-p1	1.39e-289	781	100
FC69C3D3_004870-T1	NCU04425-t26_1-p1	1.07e-210	594	100
FC69C3D3_004871-T1	NCU04423-t26_1-p1	2.52e-251	714	100
FC69C3D3_004872-T1	NCU04421-t26_1-p1	1.29e-241	667	100
FC69C3D3_004873-T1	NCU04419-t26_1-p1	0.0	926	100
FC69C3D3_004874-T1	NCU04418-t26_1-p1	0.0	1127	100
FC69C3D3_004875-T1	NCU04417-t26_1-p1	1.76e-242	657	100
FC69C3D3_004876-T1	NCU04416-t26_1-p1	7.44e-106	300	99.3
FC69C3D3_004877-T1	NCU04415-t26_1-p1	0.0	1068	98.0
FC69C3D3_004878-T1	NCU04414-t26_1-p1	3.57e-307	832	100
FC69C3D3_004879-T1	NCU04412-t26_1-p1	3.79e-238	648	100
FC69C3D3_004880-T1	NCU04411-t26_1-p1	0.0	872	100
FC69C3D3_004881-T1	NCU04410-t26_1-p1	0.0	1666	100
FC69C3D3_004882-T1	NCU04409-t26_1-p1	9.35e-144	397	100
FC69C3D3_004883-T1	NCU04408-t26_1-p1	5.91e-271	731	100
FC69C3D3_004884-T1	NCU04407-t26_1-p1	0.0	946	100
FC69C3D3_004885-T1	NCU04406-t26_1-p1	2.03e-276	747	100
FC69C3D3_004886-T1	NCU04405-t26_1-p1	1.54e-87	250	100
FC69C3D3_004887-T1	NCU04404-t26_1-p1	0.0	1815	100
FC69C3D3_004888-T1	NCU04403-t26_1-p1	1.79e-173	480	100
FC69C3D3_004889-T1	NCU04403-t26_1-p1	3.79e-10	52.8	100
FC69C3D3_004890-T1	NCU04402-t26_1-p1	3.48e-260	702	100
FC69C3D3_004891-T1	NCU10110-t26_1-p1	1.48e-314	850	100
FC69C3D3_004892-T1	NCU04401-t26_1-p1	1.76e-211	575	100
FC69C3D3_004893-T1	NCU04400-t26_1-p1	0.0	1165	100
FC69C3D3_004894-T1	NCU10107-t26_1-p1	7.41e-122	339	100
FC69C3D3_004895-T1	NCU10106-t26_1-p1	3.29e-208	567	100
FC69C3D3_004896-T1	NCU04398-t26_1-p1	1.05e-239	650	100
FC69C3D3_004897-T1	NCU04397-t26_1-p1	0.0	1300	100
FC69C3D3_004898-T1	NCU04396-t26_1-p1	0.0	1217	100
FC69C3D3_004899-T1	NCU04395-t26_1-p1	0.0	964	100
FC69C3D3_004900-T1	NCU04394-t26_1-p1	0.0	947	99.8
FC69C3D3_004901-T1	NCU04392-t26_1-p1	1.99e-271	736	100
FC69C3D3_004902-T1	NCU04391-t26_1-p1	0.0	1344	100
FC69C3D3_004903-T1	NCU04390-t26_1-p1	0.0	1605	100
FC69C3D3_004904-T1	NCU04389-t26_1-p1	0.0	1672	100
FC69C3D3_004905-T1	NCU04388-t26_1-p1	1.49e-123	344	100
FC69C3D3_004906-T1	NCU04387-t26_1-p1	1.29e-87	249	100
FC69C3D3_004907-T1	NCU04386-t26_1-p1	0.0	996	100
FC69C3D3_004908-T1	NCU04385-t26_1-p1	0.0	1546	100
FC69C3D3_004909-T1	NCU04384-t26_1-p1	1.20e-316	882	100
FC69C3D3_004910-T1	NCU04383-t26_2-p1	0.0	1890	100
FC69C3D3_004911-T1	NCU04382-t26_1-p1	1.84e-231	642	100
FC69C3D3_004912-T1	NCU04381-t26_1-p1	5.55e-136	385	100
FC69C3D3_004913-T1	NCU04381-t26_1-p1	6.58e-53	167	100
FC69C3D3_004914-T1	NCU04380-t26_1-p1	0.0	1403	100
FC69C3D3_004915-T1	NCU04379-t26_1-p1	8.44e-132	367	100
FC69C3D3_004916-T1	NCU04378-t26_1-p1	0.0	1434	100
FC69C3D3_004917-T1	NCU10761-t26_1-p1	1.42e-258	699	100
FC69C3D3_004918-T1	NCU10760-t26_1-p1	0.0	938	100
FC69C3D3_004919-T1	NCU10762-t26_1-p1	0.0	936	100
FC69C3D3_004920-T1	NCU04376-t26_1-p1	0.0	943	100
FC69C3D3_004921-T1	NCU04375-t26_1-p1	1.19e-212	596	77.7
FC69C3D3_004922-T1	NCU04374-t26_1-p1	0.0	1078	99.7
FC69C3D3_004923-T1	NCU04373-t26_1-p1	0.0	1145	95.1
FC69C3D3_004924-T1	NCU04371-t26_1-p1	1.24e-82	235	100
FC69C3D3_004925-T1	NCU04370-t26_1-p1	0.0	2040	100
FC69C3D3_004926-T1	NCU04369-t26_1-p1	0.0	1091	100
FC69C3D3_004927-T1	NCU04368-t26_1-p1	1.15e-263	715	100
FC69C3D3_004928-T1	NCU04367-t26_1-p1	0.0	1024	100
FC69C3D3_004929-T1	NCU04366-t26_1-p1	4.76e-165	455	100
FC69C3D3_004930-T1	NCU04364-t26_1-p1	0.0	2239	100
FC69C3D3_004931-T1	NCU04363-t26_1-p1	0.0	1169	100
FC69C3D3_004932-T1	NCU04362-t26_1-p1	1.59e-161	456	100
FC69C3D3_004933-T1	NCU04360-t26_1-p1	1.53e-160	442	100
FC69C3D3_004934-T1	NCU04359-t26_1-p1	4.87e-255	709	100
FC69C3D3_004935-T1	NCU04358-t26_1-p1	0.0	1553	100
FC69C3D3_004936-T1	NCU04357-t26_1-p1	5.65e-195	532	93.5
FC69C3D3_004937-T1	NCU04356-t26_1-p1	1.56e-214	584	100
FC69C3D3_004938-T1	NCU04355-t26_1-p1	0.0	1754	100
FC69C3D3_004939-T1	NCU16820-t26_1-p1	0.0	1165	100
FC69C3D3_004940-T1	NCU04354-t26_1-p1	0.0	1248	100
FC69C3D3_004941-T1	NCU04353-t26_1-p1	0.0	1243	100
FC69C3D3_004942-T1	NCU11050-t26_1-p1	0.0	2271	100
FC69C3D3_004943-T1	NCU04352-t26_1-p1	0.0	3523	100
FC69C3D3_004944-T1	NCU04350-t26_1-p1	0.0	3632	100
FC69C3D3_004945-T1	NCU16821-t26_1-p1	0.0	915	100
FC69C3D3_004946-T1	NCU16822-t26_1-p1	7.63e-46	140	100
FC69C3D3_004947-T1	NCU04348-t26_1-p1	0.0	2153	100
FC69C3D3_004948-T1	NCU04347-t26_2-p1	1.47e-169	466	100
FC69C3D3_004949-T1	NCU04346-t26_1-p1	2.17e-306	841	100
FC69C3D3_004950-T1	NCU04345-t26_1-p1	1.24e-179	494	100
FC69C3D3_004951-T1	NCU04344-t26_1-p1	2.21e-240	653	100
FC69C3D3_004952-T1	NCU04343-t26_1-p1	0.0	1785	100
FC69C3D3_004953-T1	NCU04342-t26_1-p1	2.08e-256	692	100
FC69C3D3_004954-T1	NCU04340-t26_2-p1	1.00e-244	667	100
FC69C3D3_004955-T1	NCU04339-t26_1-p1	5.39e-239	650	100
FC69C3D3_004956-T1	NCU04338-t26_1-p1	1.80e-91	262	80.3
FC69C3D3_004957-T1	NCU04337-t26_1-p1	1.14e-288	778	100
FC69C3D3_004958-T1	NCU04336-t26_1-p1	2.76e-112	314	100
FC69C3D3_004959-T1	NCU04335-t26_1-p1	0.0	1469	100
FC69C3D3_004960-T1	NCU04334-t26_1-p1	5.74e-68	197	100
FC69C3D3_004961-T1	NCU07974-t26_1-p1	5.90e-320	865	100
FC69C3D3_004962-T1	NCU07975-t26_1-p1	0.0	1798	100
FC69C3D3_004963-T1	NCU07976-t26_1-p1	7.05e-21	86.7	100
FC69C3D3_004964-T1	NCU07977-t26_1-p1	2.70e-154	428	100
FC69C3D3_004965-T1	NCU07978-t26_1-p1	1.90e-60	180	100
FC69C3D3_004966-T1	NCU07979-t26_1-p1	9.90e-241	660	100
FC69C3D3_004967-T1	NCU07981-t26_1-p1	0.0	1509	100
FC69C3D3_004968-T1	NCU07982-t26_1-p1	0.0	1347	100
FC69C3D3_004969-T1	NCU07983-t26_1-p1	2.50e-31	102	100
FC69C3D3_004970-T1	NCU07984-t26_1-p1	1.90e-304	834	100
FC69C3D3_004971-T1	NCU07985-t26_1-p1	0.0	998	100
FC69C3D3_004972-T1	NCU07986-t26_1-p1	0.0	946	100
FC69C3D3_004973-T1	NCU07987-t26_1-p1	6.09e-320	864	100
FC69C3D3_004974-T1	NCU07988-t26_1-p1	5.14e-295	797	100
FC69C3D3_004975-T1	NCU07989-t26_1-p1	3.62e-103	290	100
FC69C3D3_004976-T1	NCU07990-t26_1-p1	2.65e-277	769	100
FC69C3D3_004977-T1	NCU07990-t26_1-p1	1.23e-155	454	100
FC69C3D3_004978-T1	NCU07991-t26_1-p1	4.63e-208	568	100
FC69C3D3_004979-T1	NCU07992-t26_1-p1	0.0	1092	100
FC69C3D3_004980-T1	NCU07993-t26_1-p1	3.48e-313	845	100
FC69C3D3_004981-T1	NCU07994-t26_1-p1	3.69e-266	721	100
FC69C3D3_004982-T1	NCU07995-t26_1-p1	5.28e-59	174	100
FC69C3D3_004983-T1	NCU07996-t26_1-p1	0.0	2241	100
FC69C3D3_004984-T1	NCU07997-t26_1-p1	2.62e-233	635	99.7
FC69C3D3_004985-T1	NCU07998-t26_1-p1	2.20e-169	481	100
FC69C3D3_004986-T1	NCU07999-t26_1-p1	0.0	1897	100
FC69C3D3_004987-T1	NCU08000-t26_1-p1	0.0	1779	98.3
FC69C3D3_004988-T1	NCU08001-t26_1-p1	0.0	1796	100
FC69C3D3_004989-T1	NCU08002-t26_1-p1	0.0	1220	100
FC69C3D3_004990-T1	NCU08003-t26_1-p1	0.0	1248	100
FC69C3D3_004991-T1	NCU08004-t26_1-p1	9.23e-235	639	100
FC69C3D3_004992-T1	NCU08005-t26_1-p1	0.0	994	100
FC69C3D3_004993-T1	NCU08006-t26_1-p1	0.0	1239	100
FC69C3D3_004994-T1	NCU08007-t26_1-p1	0.0	908	100
FC69C3D3_004995-T1	NCU08008-t26_1-p1	0.0	936	100
FC69C3D3_004996-T1	NCU08009-t26_1-p1	0.0	1478	100
FC69C3D3_004997-T1	NCU08011-t26_1-p1	0.0	939	100
FC69C3D3_004998-T1	NCU08012-t26_1-p1	0.0	1221	100
FC69C3D3_004999-T1	NCU08014-t26_1-p1	1.10e-64	188	100
FC69C3D3_005001-T1	NCU08018-t26_1-p1	1.39e-209	571	100
FC69C3D3_005002-T1	NCU08019-t26_1-p1	0.0	1139	100
FC69C3D3_005003-T1	NCU08020-t26_1-p1	0.0	2105	100
FC69C3D3_005004-T1	NCU08021-t26_1-p1	0.0	2410	100
FC69C3D3_005006-T1	NCU08022-t26_1-p1	0.0	1173	100
FC69C3D3_005007-T1	NCU08023-t26_1-p1	0.0	3073	100
FC69C3D3_005008-T1	NCU08024-t26_1-p1	7.87e-300	813	97.7
FC69C3D3_005009-T1	NCU08026-t26_1-p1	6.61e-206	561	100
FC69C3D3_005010-T1	NCU08027-t26_1-p1	0.0	1485	100
FC69C3D3_005011-T1	NCU08028-t26_1-p1	8.15e-153	422	100
FC69C3D3_005012-T1	NCU08029-t26_1-p1	9.60e-257	694	100
FC69C3D3_005013-T1	NCU08030-t26_1-p1	4.84e-110	308	100
FC69C3D3_005014-T1	NCU08031-t26_1-p1	1.85e-273	741	100
FC69C3D3_005015-T1	NCU08032-t26_1-p1	2.86e-226	615	100
FC69C3D3_005016-T1	NCU08033-t26_1-p1	0.0	1819	100
FC69C3D3_005017-T1	NCU08034-t26_1-p1	7.57e-172	472	100
FC69C3D3_005018-T1	NCU08035-t26_1-p1	3.04e-175	482	100
FC69C3D3_005019-T1	NCU08036-t26_1-p1	0.0	1509	100
FC69C3D3_005020-T1	NCU08037-t26_1-p1	2.05e-78	225	100
FC69C3D3_005021-T1	NCU08038-t26_1-p1	7.56e-175	480	100
FC69C3D3_005023-T1	NCU08040-t26_2-p1	0.0	1089	100
FC69C3D3_005024-T1	NCU08042-t26_1-p1	0.0	1314	100
FC69C3D3_005025-T1	NCU08044-t26_1-p1	2.55e-187	516	100
FC69C3D3_005026-T1	NCU08045-t26_1-p1	0.0	1948	100
FC69C3D3_005027-T1	NCU08046-t26_1-p1	3.43e-200	551	100
FC69C3D3_005028-T1	NCU08047-t26_1-p1	0.0	1492	100
FC69C3D3_005029-T1	NCU08048-t26_1-p1	2.01e-312	843	100
FC69C3D3_005030-T1	NCU08695-t26_1-p1	8.84e-213	582	100
FC69C3D3_005031-T1	NCU08694-t26_1-p1	0.0	1351	91.7
FC69C3D3_005032-T1	NCU08693-t26_1-p1	0.0	1240	100
FC69C3D3_005033-T1	NCU10927-t26_1-p1	0.0	1092	100
FC69C3D3_005034-T1	NCU08692-t26_1-p1	0.0	2224	100
FC69C3D3_005035-T1	NCU08691-t26_1-p1	1.35e-229	623	97.4
FC69C3D3_005036-T1	NCU10457-t26_1-p1	1.29e-217	597	100
FC69C3D3_005037-T1	NCU10458-t26_1-p1	5.69e-161	454	99.6
FC69C3D3_005038-T1	NCU08689-t26_1-p1	0.0	2221	100
FC69C3D3_005039-T1	NCU08688-t26_1-p1	0.0	1129	100
FC69C3D3_005040-T1	NCU08687-t26_1-p1	0.0	1002	100
FC69C3D3_005041-T1	NCU08686-t26_1-p1	0.0	956	90.1
FC69C3D3_005042-T1	NCU10273-t26_1-p1	8.92e-186	517	100
FC69C3D3_005043-T1	NCU08685-t26_1-p1	0.0	2709	100
FC69C3D3_005044-T1	NCU16832-t26_1-p1	8.67e-99	279	100
FC69C3D3_005045-T1	NCU16833-t26_1-p1	2.22e-144	399	100
FC69C3D3_005046-T1	NCU08683-t26_1-p1	1.39e-141	391	99.0
FC69C3D3_005047-T1	NCU08682-t26_1-p1	0.0	1813	100
FC69C3D3_005048-T1	NCU08681-t26_1-p1	6.33e-283	766	100
FC69C3D3_005049-T1	NCU08680-t26_1-p1	5.23e-91	258	100
FC69C3D3_005050-T1	NCU08678-t26_1-p1	9.35e-158	434	100
FC69C3D3_005051-T1	NCU08677-t26_1-p1	4.78e-59	173	100
FC69C3D3_005052-T1	NCU08676-t26_1-p1	1.70e-142	395	100
FC69C3D3_005054-T1	NCU08674-t26_1-p1	0.0	2275	100
FC69C3D3_005055-T1	NCU08671-t26_1-p1	6.17e-320	864	100
FC69C3D3_005056-T1	NCU08670-t26_1-p1	1.16e-123	365	100
FC69C3D3_005057-T1	NCU08669-t26_1-p1	0.0	920	100
FC69C3D3_005058-T1	NCU08668-t26_1-p1	1.30e-184	512	100
FC69C3D3_005059-T1	NCU08667-t26_1-p1	2.70e-163	461	68.4
FC69C3D3_005060-T1	NCU08666-t26_1-p1	1.17e-259	702	100
FC69C3D3_005061-T1	NCU08664-t26_1-p1	8.95e-183	503	98.6
FC69C3D3_005062-T1	NCU08663-t26_1-p1	0.0	1021	100
FC69C3D3_005064-T1	NCU08661-t26_1-p1	4.35e-256	697	100
FC69C3D3_005065-T1	NCU08660-t26_1-p1	9.54e-171	469	100
FC69C3D3_005066-T1	NCU11282-t26_1-p1	0.0	1627	100
FC69C3D3_005067-T1	NCU11283-t26_1-p1	0.0	956	100
FC69C3D3_005068-T1	NCU08658-t26_1-p1	0.0	1268	99.9
FC69C3D3_005069-T1	NCU08657-t26_1-p1	1.09e-60	179	96.0
FC69C3D3_005070-T1	NCU08656-t26_1-p1	1.15e-115	340	93.1
FC69C3D3_005071-T1	NCU08656-t26_1-p1	3.50e-184	517	84.9
FC69C3D3_005072-T1	NCU08655-t26_1-p1	7.94e-97	273	100
FC69C3D3_005073-T1	NCU08654-t26_1-p1	1.00e-103	299	100
FC69C3D3_005074-T1	NCU08654-t26_1-p1	4.80e-82	242	100
FC69C3D3_005075-T1	NCU08652-t26_1-p1	0.0	1351	100
FC69C3D3_005076-T1	NCU08651-t26_1-p1	0.0	1681	100
FC69C3D3_005077-T1	NCU08650-t26_2-p1	0.0	1609	100
FC69C3D3_005078-T1	NCU08648-t26_1-p1	2.66e-231	627	100
FC69C3D3_005079-T1	NCU08643-t26_1-p1	0.0	1020	100
FC69C3D3_005080-T1	NCU07343-t26_2-p1	0.0	871	100
FC69C3D3_005081-T1	NCU07342-t26_1-p1	7.68e-124	361	100
FC69C3D3_005082-T1	NCU07341-t26_1-p1	3.71e-216	588	100
FC69C3D3_005084-T1	NCU07340-t26_1-p1	0.0	1023	100
FC69C3D3_005086-T1	NCU07338-t26_1-p1	7.39e-215	596	100
FC69C3D3_005088-T1	NCU07337-t26_1-p1	4.32e-76	221	100
FC69C3D3_005090-T1	NCU07336-t26_1-p1	2.10e-245	674	100
FC69C3D3_005091-T1	NCU07335-t26_1-p1	0.0	1116	100
FC69C3D3_005092-T1	NCU07334-t26_1-p1	0.0	1147	100
FC69C3D3_005093-T1	NCU07332-t26_1-p1	0.0	1101	100
FC69C3D3_005094-T1	NCU07331-t26_1-p1	2.49e-251	685	100
FC69C3D3_005095-T1	NCU07330-t26_1-p1	0.0	1280	100
FC69C3D3_005096-T1	NCU07329-t26_1-p1	2.32e-157	444	100
FC69C3D3_005097-T1	NCU16844-t26_1-p1	7.19e-65	189	100
FC69C3D3_005098-T1	NCU16845-t26_1-p1	0.0	1410	100
FC69C3D3_005099-T1	NCU07326-t26_1-p1	6.05e-264	712	100
FC69C3D3_005100-T1	NCU07325-t26_1-p1	9.06e-25	87.4	100
FC69C3D3_005101-T1	NCU07324-t26_1-p1	1.04e-261	707	100
FC69C3D3_005103-T1	NCU07322-t26_1-p1	1.15e-259	704	100
FC69C3D3_005104-T1	NCU07321-t26_1-p1	3.79e-173	477	100
FC69C3D3_005105-T1	NCU07320-t26_1-p1	4.10e-303	816	100
FC69C3D3_005106-T1	NCU07319-t26_1-p1	0.0	1519	99.4
FC69C3D3_005107-T1	NCU07318-t26_1-p1	5.26e-289	781	100
FC69C3D3_005108-T1	NCU07314-t26_1-p1	0.0	1822	100
FC69C3D3_005111-T1	NCU16851-t26_1-p1	1.11e-239	667	100
FC69C3D3_005112-T1	NCU07313-t26_1-p1	0.0	1867	100
FC69C3D3_005113-T1	NCU07312-t26_1-p1	1.83e-292	797	100
FC69C3D3_005114-T1	NCU07311-t26_1-p1	5.83e-136	377	100
FC69C3D3_005115-T1	NCU07310-t26_1-p1	4.73e-120	334	100
FC69C3D3_005117-T1	NCU07309-t26_1-p1	0.0	986	100
FC69C3D3_005118-T1	NCU07308-t26_1-p1	0.0	3530	100
FC69C3D3_005119-T1	NCU07307-t26_1-p1	0.0	4171	100
FC69C3D3_005120-T1	NCU07305-t26_1-p1	3.96e-310	840	99.8
FC69C3D3_005121-T1	NCU07302-t26_1-p1	8.21e-254	693	100
FC69C3D3_005122-T1	NCU16854-t26_1-p1	4.96e-74	213	100
FC69C3D3_005123-T1	NCU07301-t26_1-p1	0.0	1360	100
FC69C3D3_005125-T1	NCU07300-t26_1-p1	0.0	1204	100
FC69C3D3_005126-T1	NCU07299-t26_1-p1	1.96e-183	501	100
FC69C3D3_005127-T1	NCU07298-t26_1-p1	0.0	882	100
FC69C3D3_005128-T1	NCU07297-t26_1-p1	5.85e-317	869	100
FC69C3D3_005129-T1	NCU07296-t26_1-p1	0.0	1181	95.7
FC69C3D3_005130-T1	NCU07295-t26_1-p1	8.37e-294	799	100
FC69C3D3_005131-T1	NCU07294-t26_1-p1	1.14e-83	257	100
FC69C3D3_005132-T1	NCU07293-t26_1-p1	3.10e-258	698	100
FC69C3D3_005133-T1	NCU07290-t26_1-p1	0.0	972	100
FC69C3D3_005134-T1	NCU07289-t26_1-p1	3.34e-253	686	100
FC69C3D3_005135-T1	NCU07288-t26_1-p1	3.72e-63	187	100
FC69C3D3_005136-T1	NCU07287-t26_1-p1	1.09e-103	298	100
FC69C3D3_005137-T1	NCU07286-t26_1-p1	4.65e-125	347	100
FC69C3D3_005138-T1	NCU07285-t26_1-p1	1.22e-181	497	100
FC69C3D3_005139-T1	NCU07284-t26_1-p1	0.0	1481	99.2
FC69C3D3_005140-T1	NCU07283-t26_1-p1	4.05e-295	796	100
FC69C3D3_005141-T1	NCU07282-t26_1-p1	0.0	1528	93.7
FC69C3D3_005142-T1	NCU07281-t26_1-p1	0.0	1119	100
FC69C3D3_005143-T1	NCU07280-t26_1-p1	0.0	1276	100
FC69C3D3_005144-T1	NCU07277-t26_1-p1	3.44e-199	580	100
FC69C3D3_005145-T1	NCU07276-t26_1-p1	0.0	2568	100
FC69C3D3_005146-T1	NCU07275-t26_1-p1	6.02e-257	697	100
FC69C3D3_005147-T1	NCU07274-t26_1-p1	1.51e-260	710	100
FC69C3D3_005148-T1	NCU07273-t26_1-p1	2.45e-111	311	100
FC69C3D3_005149-T1	NCU07272-t26_1-p1	8.93e-65	196	100
FC69C3D3_005150-T1	NCU07271-t26_1-p1	5.71e-308	832	100
FC69C3D3_005151-T1	NCU07269-t26_1-p1	0.0	1684	98.0
FC69C3D3_005152-T1	NCU07268-t26_1-p1	0.0	1472	100
FC69C3D3_005153-T1	NCU07267-t26_1-p1	2.01e-150	417	100
FC69C3D3_005154-T1	NCU07266-t26_1-p1	1.63e-211	575	100
FC69C3D3_005155-T1	NCU07265-t26_1-p1	6.88e-137	382	100
FC69C3D3_005156-T1	NCU07264-t26_1-p1	6.10e-131	362	100
FC69C3D3_005157-T1	NCU07263-t26_1-p1	4.66e-225	614	100
FC69C3D3_005158-T1	NCU07262-t26_1-p1	2.52e-204	574	100
FC69C3D3_005159-T1	NCU07261-t26_1-p1	0.0	906	100
FC69C3D3_005160-T1	NCU07260-t26_1-p1	0.0	1462	96.0
FC69C3D3_005161-T1	NCU07259-t26_1-p1	3.08e-294	794	100
FC69C3D3_005162-T1	NCU07258-t26_1-p1	0.0	1179	100
FC69C3D3_005163-T1	NCU07257-t26_1-p1	3.05e-270	736	100
FC69C3D3_005164-T1	NCU11347-t26_1-p1	4.44e-274	744	99.7
FC69C3D3_005166-T1	NCU07255-t26_1-p1	0.0	1257	86.9
FC69C3D3_005167-T1	NCU07253-t26_1-p1	0.0	882	100
FC69C3D3_005168-T1	NCU07252-t26_1-p1	3.50e-128	356	100
FC69C3D3_005169-T1	NCU06957-t26_1-p1	0.0	1427	100
FC69C3D3_005170-T1	NCU06958-t26_1-p1	1.79e-144	402	100
FC69C3D3_005171-T1	NCU06959-t26_1-p1	0.0	1256	100
FC69C3D3_005172-T1	NCU06960-t26_1-p1	1.09e-282	767	100
FC69C3D3_005173-T1	NCU06961-t26_1-p1	1.68e-316	855	100
FC69C3D3_005174-T1	NCU16860-t26_1-p1	1.74e-146	414	100
FC69C3D3_005175-T1	NCU16861-t26_1-p1	2.13e-160	442	100
FC69C3D3_005176-T1	NCU06963-t26_1-p1	8.01e-79	248	54.8
FC69C3D3_005177-T1	NCU06964-t26_1-p1	5.71e-317	853	100
FC69C3D3_005178-T1	NCU06965-t26_1-p1	5.47e-210	577	100
FC69C3D3_005179-T1	NCU06966-t26_1-p1	5.28e-127	353	100
FC69C3D3_005180-T1	NCU06968-t26_1-p1	2.69e-205	560	100
FC69C3D3_005181-T1	NCU06969-t26_1-p1	0.0	1258	100
FC69C3D3_005182-T1	NCU06970-t26_1-p1	8.22e-230	625	100
FC69C3D3_005184-T1	NCU06971-t26_1-p1	0.0	1326	100
FC69C3D3_005186-T1	NCU06973-t26_1-p1	0.0	1333	96.3
FC69C3D3_005188-T1	NCU06974-t26_1-p1	5.87e-240	650	100
FC69C3D3_005189-T1	NCU06976-t26_1-p1	0.0	8497	100
FC69C3D3_005190-T1	NCU06977-t26_1-p1	4.68e-212	577	100
FC69C3D3_005191-T1	NCU06978-t26_1-p1	2.31e-189	530	100
FC69C3D3_005193-T1	NCU06979-t26_1-p1	1.82e-238	650	100
FC69C3D3_005194-T1	NCU06980-t26_1-p1	0.0	2062	100
FC69C3D3_005196-T1	NCU06981-t26_2-p1	5.07e-202	556	91.8
FC69C3D3_005197-T1	NCU06983-t26_1-p1	5.81e-221	611	100
FC69C3D3_005198-T1	NCU06984-t26_1-p1	0.0	2778	100
FC69C3D3_005199-T1	NCU06985-t26_1-p1	0.0	1115	100
FC69C3D3_005200-T1	NCU06986-t26_1-p1	0.0	1764	100
FC69C3D3_005201-T1	NCU06987-t26_1-p1	0.0	1083	100
FC69C3D3_005202-T1	NCU06988-t26_1-p1	5.21e-217	632	100
FC69C3D3_005203-T1	NCU06988-t26_1-p1	0.0	1791	99.9
FC69C3D3_005204-T1	NCU06989-t26_1-p1	0.0	991	99.0
FC69C3D3_005205-T1	NCU06990-t26_1-p1	0.0	1746	100
FC69C3D3_005206-T1	NCU06991-t26_1-p1	0.0	890	100
FC69C3D3_005207-T1	NCU06992-t26_1-p1	5.06e-245	665	100
FC69C3D3_005208-T1	NCU06993-t26_1-p1	0.0	1153	100
FC69C3D3_005209-T1	NCU06994-t26_1-p1	0.0	1444	100
FC69C3D3_005210-T1	NCU06996-t26_1-p1	7.45e-267	729	100
FC69C3D3_005211-T1	NCU06997-t26_1-p1	8.85e-173	475	100
FC69C3D3_005212-T1	NCU06998-t26_1-p1	1.30e-248	675	100
FC69C3D3_005213-T1	NCU06999-t26_1-p1	0.0	2104	100
FC69C3D3_005215-T1	NCU07000-t26_1-p1	0.0	1064	100
FC69C3D3_005216-T1	NCU07001-t26_1-p1	0.0	867	100
FC69C3D3_005217-T1	NCU07002-t26_1-p1	0.0	4288	99.1
FC69C3D3_005218-T1	NCU07003-t26_1-p1	2.86e-319	865	100
FC69C3D3_005219-T1	NCU07004-t26_1-p1	0.0	2404	100
FC69C3D3_005220-T1	NCU07005-t26_1-p1	0.0	877	100
FC69C3D3_005221-T1	NCU07007-t26_1-p1	0.0	979	100
FC69C3D3_005222-T1	NCU07008-t26_1-p1	0.0	1120	100
FC69C3D3_005223-T1	NCU07010-t26_1-p1	0.0	3227	100
FC69C3D3_005224-T1	NCU07011-t26_1-p1	0.0	2092	100
FC69C3D3_005225-T1	NCU07012-t26_1-p1	0.0	1853	100
FC69C3D3_005226-T1	NCU07013-t26_1-p1	8.48e-230	630	100
FC69C3D3_005227-T1	NCU07014-t26_1-p1	7.25e-100	281	100
FC69C3D3_005228-T1	NCU11345-t26_1-p1	0.0	923	100
FC69C3D3_005229-T1	NCU07015-t26_2-p1	4.18e-312	842	100
FC69C3D3_005230-T1	NCU07017-t26_1-p1	1.03e-199	549	100
FC69C3D3_005231-T1	NCU07018-t26_1-p1	0.0	2050	100
FC69C3D3_005232-T1	NCU07019-t26_1-p1	0.0	873	100
FC69C3D3_005233-T1	NCU07020-t26_1-p1	0.0	1140	100
FC69C3D3_005234-T1	NCU07021-t26_1-p1	0.0	1552	100
FC69C3D3_005235-T1	NCU07022-t26_1-p1	7.07e-304	821	100
FC69C3D3_005236-T1	NCU07023-t26_1-p1	0.0	1563	100
FC69C3D3_005237-T1	NCU07024-t26_1-p1	1.97e-266	720	100
FC69C3D3_005238-T1	NCU07027-t26_1-p1	0.0	1786	100
FC69C3D3_005241-T1	NCU07029-t26_1-p1	0.0	2622	100
FC69C3D3_005242-T1	NCU07030-t26_1-p1	0.0	1129	100
FC69C3D3_005243-T1	NCU07032-t26_1-p1	0.0	1122	99.8
FC69C3D3_005244-T1	NCU07033-t26_1-p1	1.21e-171	479	71.5
FC69C3D3_005245-T1	NCU07034-t26_1-p1	0.0	865	100
FC69C3D3_005246-T1	NCU07035-t26_1-p1	0.0	2148	100
FC69C3D3_005248-T1	NCU07036-t26_1-p1	7.41e-190	518	100
FC69C3D3_005249-T1	NCU07037-t26_1-p1	0.0	1061	100
FC69C3D3_005250-T1	NCU15829-t26_1-p1	6.28e-221	615	100
FC69C3D3_005251-T1	NCU07041-t26_1-p1	1.19e-216	591	100
FC69C3D3_005252-T1	NCU07042-t26_2-p1	8.68e-265	717	100
FC69C3D3_005255-T1	NCU07044-t26_1-p1	3.33e-223	607	100
FC69C3D3_005256-T1	NCU07046-t26_1-p1	3.24e-236	642	100
FC69C3D3_005258-T1	NCU08844-t26_1-p1	0.0	1348	100
FC69C3D3_005259-T1	NCU08842-t26_1-p1	0.0	934	100
FC69C3D3_005260-T1	NCU08841-t26_1-p1	0.0	1301	100
FC69C3D3_005261-T1	NCU08840-t26_1-p1	0.0	1206	100
FC69C3D3_005262-T1	NCU08839-t26_1-p1	3.26e-207	580	99.7
FC69C3D3_005263-T1	NCU08838-t26_1-p1	1.59e-282	777	87.2
FC69C3D3_005264-T1	NCU08837-t26_1-p1	1.30e-128	369	99.5
FC69C3D3_005265-T1	NCU08836-t26_1-p1	3.50e-89	270	100
FC69C3D3_005266-T1	NCU08835-t26_1-p1	7.88e-223	620	100
FC69C3D3_005267-T1	NCU08834-t26_1-p1	6.24e-185	512	100
FC69C3D3_005268-T1	NCU08830-t26_1-p1	1.87e-83	248	71.4
FC69C3D3_005269-T1	NCU08829-t26_1-p1	1.08e-290	790	84.3
FC69C3D3_005270-T1	NCU08828-t26_1-p1	0.0	1778	100
FC69C3D3_005271-T1	NCU08827-t26_1-p1	5.37e-235	639	100
FC69C3D3_005272-T1	NCU08826-t26_1-p1	0.0	1238	99.9
FC69C3D3_005273-T1	NCU08825-t26_1-p1	4.40e-256	693	100
FC69C3D3_005274-T1	NCU10777-t26_1-p1	4.24e-97	274	100
FC69C3D3_005275-T1	NCU08824-t26_1-p1	8.10e-213	579	100
FC69C3D3_005276-T1	NCU08823-t26_1-p1	4.46e-154	424	100
FC69C3D3_005278-T1	NCU08821-t26_1-p1	0.0	1794	100
FC69C3D3_005280-T1	NCU08818-t26_1-p1	2.14e-66	192	100
FC69C3D3_005281-T1	NCU08816-t26_1-p1	5.45e-97	281	100
FC69C3D3_005282-T1	NCU08814-t26_1-p1	3.94e-123	348	100
FC69C3D3_005283-T1	NCU08813-t26_1-p1	2.71e-45	150	100
FC69C3D3_005284-T1	NCU08812-t26_1-p1	1.96e-224	625	63.0
FC69C3D3_005286-T1	NCU08811-t26_1-p1	2.00e-313	851	100
FC69C3D3_005287-T1	NCU08810-t26_1-p1	9.18e-156	431	99.6
FC69C3D3_005288-T1	NCU08809-t26_1-p1	0.0	925	99.8
FC69C3D3_005291-T1	NCU08807-t26_1-p1	7.11e-285	773	100
FC69C3D3_005292-T1	NCU08806-t26_1-p1	1.59e-259	708	94.0
FC69C3D3_005293-T1	NCU08804-t26_1-p1	0.0	937	97.4
FC69C3D3_005294-T1	NCU08803-t26_1-p1	2.12e-292	798	99.7
FC69C3D3_005295-T1	NCU08802-t26_1-p1	2.12e-176	482	100
FC69C3D3_005296-T1	NCU08801-t26_1-p1	5.66e-198	539	100
FC69C3D3_005297-T1	NCU08800-t26_1-p1	4.04e-98	280	74.5
FC69C3D3_005298-T1	NCU09939-t26_1-p1	5.22e-190	518	100
FC69C3D3_005299-T1	NCU09937-t26_1-p1	6.63e-319	858	100
FC69C3D3_005300-T1	NCU09935-t26_1-p1	5.62e-221	602	100
FC69C3D3_005301-T1	NCU09933-t26_1-p1	1.68e-143	403	100
FC69C3D3_005302-T1	NCU09931-t26_1-p1	9.24e-278	751	100
FC69C3D3_005303-T1	NCU09930-t26_1-p1	0.0	925	100
FC69C3D3_005305-T1	NCU09929-t26_1-p1	1.11e-151	424	100
FC69C3D3_005306-T1	NCU09924-t26_1-p1	2.36e-302	814	100
FC69C3D3_005307-T1	NCU09923-t26_1-p1	0.0	1583	100
FC69C3D3_005308-T1	NCU09922-t26_1-p1	0.0	1046	100
FC69C3D3_005309-T1	NCU09915-t26_3-p1	3.10e-314	849	100
FC69C3D3_005311-T1	NCU05321-t26_1-p1	6.28e-196	555	90.7
FC69C3D3_005312-T1	NCU05319-t26_1-p1	1.06e-266	726	100
FC69C3D3_005313-T1	NCU05318-t26_1-p1	1.24e-209	570	100
FC69C3D3_005314-T1	NCU05317-t26_1-p1	0.0	2996	100
FC69C3D3_005315-T1	NCU05316-t26_1-p1	0.0	2724	100
FC69C3D3_005316-T1	NCU16888-t26_1-p1	4.44e-265	729	100
FC69C3D3_005317-T1	NCU05315-t26_1-p1	0.0	1159	100
FC69C3D3_005318-T1	NCU05314-t26_1-p1	0.0	971	94.3
FC69C3D3_005319-T1	NCU05313-t26_1-p1	6.85e-106	297	100
FC69C3D3_005320-T1	NCU05312-t26_1-p1	3.29e-102	289	100
FC69C3D3_005321-T1	NCU05311-t26_1-p1	9.70e-237	643	100
FC69C3D3_005322-T1	NCU05309-t26_1-p1	3.78e-318	858	100
FC69C3D3_005323-T1	NCU05308-t26_1-p1	0.0	1018	100
FC69C3D3_005324-T1	NCU05307-t26_1-p1	0.0	1011	100
FC69C3D3_005325-T1	NCU05306-t26_1-p1	8.57e-213	585	100
FC69C3D3_005326-T1	NCU05305-t26_1-p1	1.80e-168	462	100
FC69C3D3_005327-T1	NCU05304-t26_1-p1	1.64e-281	769	100
FC69C3D3_005328-T1	NCU05303-t26_1-p1	5.60e-164	450	100
FC69C3D3_005329-T1	NCU05302-t26_1-p1	0.0	1174	100
FC69C3D3_005330-T1	NCU05301-t26_1-p1	0.0	1593	100
FC69C3D3_005331-T1	NCU05300-t26_1-p1	0.0	1082	100
FC69C3D3_005332-T1	NCU16889-t26_1-p1	0.0	972	100
FC69C3D3_005333-T1	NCU05299-t26_1-p1	1.44e-198	541	100
FC69C3D3_005334-T1	NCU05298-t26_1-p1	0.0	1867	100
FC69C3D3_005335-T1	NCU05296-t26_1-p1	0.0	1722	100
FC69C3D3_005336-T1	NCU05295-t26_1-p1	2.27e-172	473	100
FC69C3D3_005337-T1	NCU05294-t26_1-p1	0.0	1835	100
FC69C3D3_005338-T1	NCU05293-t26_1-p1	0.0	887	100
FC69C3D3_005339-T1	NCU05292-t26_1-p1	1.10e-297	807	100
FC69C3D3_005340-T1	NCU05291-t26_1-p1	1.05e-181	499	93.6
FC69C3D3_005341-T1	NCU05290-t26_1-p1	6.80e-168	461	100
FC69C3D3_005342-T1	NCU05289-t26_1-p1	0.0	1287	100
FC69C3D3_005343-T1	NCU05288-t26_1-p1	0.0	940	100
FC69C3D3_005344-T1	NCU05287-t26_1-p1	1.66e-183	503	100
FC69C3D3_005345-T1	NCU05286-t26_1-p1	6.80e-46	139	100
FC69C3D3_005346-T1	NCU05285-t26_1-p1	4.65e-252	689	100
FC69C3D3_005347-T1	NCU05282-t26_1-p1	0.0	1973	100
FC69C3D3_005348-T1	NCU05281-t26_1-p1	1.52e-155	434	97.0
FC69C3D3_005349-T1	NCU05280-t26_1-p1	0.0	938	100
FC69C3D3_005350-T1	NCU05279-t26_1-p1	1.44e-138	385	100
FC69C3D3_005351-T1	NCU05278-t26_1-p1	0.0	1082	100
FC69C3D3_005352-T1	NCU05276-t26_1-p1	1.40e-221	603	100
FC69C3D3_005353-T1	NCU05274-t26_1-p1	1.07e-116	325	100
FC69C3D3_005354-T1	NCU05273-t26_1-p1	0.0	1286	100
FC69C3D3_005355-T1	NCU05272-t26_1-p1	8.27e-300	809	100
FC69C3D3_005356-T1	NCU05271-t26_1-p1	0.0	2449	93.2
FC69C3D3_005357-T1	NCU05270-t26_1-p1	0.0	1517	100
FC69C3D3_005358-T1	NCU05269-t26_1-p1	0.0	1312	100
FC69C3D3_005359-T1	NCU05268-t26_1-p1	0.0	1618	100
FC69C3D3_005360-T1	NCU05267-t26_1-p1	0.0	2067	100
FC69C3D3_005361-T1	NCU05266-t26_1-p1	0.0	1939	100
FC69C3D3_005362-T1	NCU05265-t26_1-p1	0.0	1599	100
FC69C3D3_005363-T1	NCU05264-t26_1-p1	5.42e-184	502	100
FC69C3D3_005364-T1	NCU05263-t26_1-p1	2.91e-88	251	100
FC69C3D3_005365-T1	NCU16891-t26_1-p1	2.31e-210	573	100
FC69C3D3_005366-T1	NCU05262-t26_1-p1	3.03e-95	273	100
FC69C3D3_005367-T1	NCU05261-t26_1-p1	0.0	1927	100
FC69C3D3_005368-T1	NCU05260-t26_1-p1	0.0	1443	100
FC69C3D3_005369-T1	NCU05259-t26_1-p1	0.0	1003	100
FC69C3D3_005370-T1	NCU05257-t26_1-p1	0.0	2425	100
FC69C3D3_005371-T1	NCU05255-t26_1-p1	1.18e-196	577	92.6
FC69C3D3_005372-T1	NCU05254-t26_1-p1	0.0	910	100
FC69C3D3_005373-T1	NCU05253-t26_1-p1	0.0	980	100
FC69C3D3_005374-T1	NCU05252-t26_1-p1	5.27e-222	605	100
FC69C3D3_005375-T1	NCU05251-t26_1-p1	4.89e-91	257	100
FC69C3D3_005376-T1	NCU05250-t26_1-p1	0.0	3583	100
FC69C3D3_005377-T1	NCU05248-t26_1-p1	1.20e-138	385	100
FC69C3D3_005378-T1	NCU05246-t26_1-p1	0.0	2195	100
FC69C3D3_005380-T1	NCU05245-t26_1-p1	0.0	868	100
FC69C3D3_005381-T1	NCU05244-t26_1-p1	1.21e-99	287	100
FC69C3D3_005382-T1	NCU05243-t26_1-p1	0.0	1102	100
FC69C3D3_005383-T1	NCU05242-t26_1-p1	0.0	2021	100
FC69C3D3_005384-T1	NCU05240-t26_1-p1	4.97e-81	238	67.6
FC69C3D3_005385-T1	NCU05239-t26_1-p1	0.0	2130	100
FC69C3D3_005386-T1	NCU05238-t26_1-p1	0.0	2980	100
FC69C3D3_005387-T1	NCU05237-t26_1-p1	4.81e-198	540	100
FC69C3D3_005388-T1	NCU05236-t26_1-p1	6.39e-81	231	100
FC69C3D3_005389-T1	NCU05235-t26_1-p1	2.15e-147	408	100
FC69C3D3_005390-T1	NCU05234-t26_1-p1	1.01e-130	365	95.8
FC69C3D3_005391-T1	NCU05233-t26_1-p1	1.32e-275	751	100
FC69C3D3_005392-T1	NCU05232-t26_1-p1	0.0	1365	99.9
FC69C3D3_005393-T1	NCU05231-t26_1-p1	3.41e-95	274	84.1
FC69C3D3_005394-T1	NCU05230-t26_1-p1	3.25e-117	329	100
FC69C3D3_005395-T1	NCU05229-t26_1-p1	1.17e-137	388	100
FC69C3D3_005396-T1	NCU05228-t26_1-p1	6.14e-175	481	100
FC69C3D3_005397-T1	NCU05227-t26_1-p1	1.43e-109	308	100
FC69C3D3_005398-T1	NCU05226-t26_1-p1	0.0	1362	100
FC69C3D3_005399-T1	NCU05225-t26_1-p1	0.0	1313	100
FC69C3D3_005400-T1	NCU05224-t26_1-p1	0.0	927	100
FC69C3D3_005401-T1	NCU16895-t26_1-p1	5.56e-168	462	100
FC69C3D3_005402-T1	NCU16896-t26_1-p1	0.0	1384	100
FC69C3D3_005403-T1	NCU05222-t26_1-p1	2.26e-173	476	100
FC69C3D3_005404-T1	NCU05221-t26_1-p1	1.54e-152	421	100
FC69C3D3_005405-T1	NCU05220-t26_1-p1	5.12e-66	192	95.0
FC69C3D3_005406-T1	NCU05219-t26_2-p1	0.0	2263	100
FC69C3D3_005407-T1	NCU11146-t26_1-p1	0.0	1099	100
FC69C3D3_005408-T1	NCU05218-t26_1-p1	0.0	1003	100
FC69C3D3_005409-T1	NCU05217-t26_1-p1	1.89e-254	694	100
FC69C3D3_005410-T1	NCU05216-t26_1-p1	0.0	1016	100
FC69C3D3_005411-T1	NCU05213-t26_1-p1	0.0	1634	100
FC69C3D3_005412-T1	NCU05212-t26_1-p1	0.0	1544	100
FC69C3D3_005413-T1	NCU05211-t26_1-p1	0.0	2330	100
FC69C3D3_005414-T1	NCU05210-t26_1-p1	0.0	993	100
FC69C3D3_005415-T1	NCU05209-t26_1-p1	1.29e-269	728	100
FC69C3D3_005416-T1	NCU05208-t26_1-p1	0.0	900	99.8
FC69C3D3_005417-T1	NCU05207-t26_1-p1	0.0	971	100
FC69C3D3_005418-T1	NCU16898-t26_1-p1	1.37e-176	493	100
FC69C3D3_005419-T1	NCU05206-t26_1-p1	2.39e-263	712	100
FC69C3D3_005420-T1	NCU05204-t26_1-p1	0.0	1524	100
FC69C3D3_005421-T1	NCU05203-t26_1-p1	9.33e-218	597	100
FC69C3D3_005422-T1	NCU05202-t26_1-p1	1.67e-259	703	100
FC69C3D3_005423-T1	NCU05201-t26_1-p1	0.0	958	100
FC69C3D3_005424-T1	NCU05200-t26_1-p1	0.0	2059	100
FC69C3D3_005425-T1	NCU05199-t26_3-p1	1.76e-68	225	100
FC69C3D3_005426-T1	NCU05199-t26_2-p1	0.0	1831	100
FC69C3D3_005427-T1	NCU05198-t26_1-p1	0.0	1121	100
FC69C3D3_005428-T1	NCU05196-t26_1-p1	0.0	961	100
FC69C3D3_005429-T1	NCU05195-t26_2-p1	3.30e-299	814	100
FC69C3D3_005430-T1	NCU05194-t26_1-p1	0.0	1840	100
FC69C3D3_005431-T1	NCU05193-t26_1-p1	0.0	1036	100
FC69C3D3_005432-T1	NCU05192-t26_1-p1	0.0	933	100
FC69C3D3_005435-T1	NCU05191-t26_1-p1	4.40e-127	363	100
FC69C3D3_005436-T1	NCU05190-t26_1-p1	1.43e-150	415	100
FC69C3D3_005437-T1	NCU05189-t26_1-p1	0.0	877	100
FC69C3D3_005438-T1	NCU05188-t26_1-p1	0.0	1445	100
FC69C3D3_005439-T1	NCU05187-t26_1-p1	7.01e-155	441	100
FC69C3D3_005440-T1	NCU05186-t26_1-p1	3.55e-244	660	100
FC69C3D3_005441-T1	NCU05185-t26_1-p1	0.0	2220	100
FC69C3D3_005442-T1	NCU05184-t26_1-p1	0.0	1122	100
FC69C3D3_005443-T1	NCU05183-t26_1-p1	0.0	1196	100
FC69C3D3_005444-T1	NCU05183-t26_1-p1	1.26e-264	740	100
FC69C3D3_005445-T1	NCU16901-t26_1-p1	4.69e-211	572	100
FC69C3D3_005446-T1	NCU05182-t26_2-p1	0.0	1127	100
FC69C3D3_005447-T1	NCU05180-t26_2-p1	0.0	1709	100
FC69C3D3_005448-T1	NCU05179-t26_1-p1	0.0	1024	100
FC69C3D3_005449-T1	NCU05178-t26_1-p1	0.0	968	100
FC69C3D3_005450-T1	NCU05176-t26_1-p1	1.14e-244	665	100
FC69C3D3_005451-T1	NCU05175-t26_1-p1	0.0	1144	100
FC69C3D3_005452-T1	NCU05173-t26_1-p1	0.0	1372	100
FC69C3D3_005453-T1	NCU05172-t26_1-p1	1.59e-294	821	100
FC69C3D3_005454-T1	NCU05172-t26_1-p1	3.61e-300	847	100
FC69C3D3_005455-T1	NCU05171-t26_1-p1	5.91e-103	294	100
FC69C3D3_005456-T1	NCU05170-t26_1-p1	1.11e-99	280	100
FC69C3D3_005457-T1	NCU05169-t26_1-p1	0.0	1069	100
FC69C3D3_005458-T1	NCU05168-t26_1-p1	0.0	996	100
FC69C3D3_005459-T1	NCU16902-t26_1-p1	1.16e-142	394	100
FC69C3D3_005460-T1	NCU16903-t26_1-p1	1.87e-231	627	100
FC69C3D3_005461-T1	NCU05166-t26_1-p1	6.05e-52	161	96.6
FC69C3D3_005462-T1	NCU05165-t26_1-p1	3.28e-201	548	100
FC69C3D3_005463-T1	NCU05164-t26_1-p1	1.26e-166	458	100
FC69C3D3_005464-T1	NCU05163-t26_1-p1	2.34e-90	257	100
FC69C3D3_005465-T1	NCU05162-t26_1-p1	0.0	1164	100
FC69C3D3_005466-T1	NCU05161-t26_1-p1	5.06e-310	835	100
FC69C3D3_005467-T1	NCU05160-t26_1-p1	0.0	964	100
FC69C3D3_005468-T1	NCU16904-t26_1-p1	3.91e-98	277	100
FC69C3D3_005470-T1	NCU10038-t26_1-p1	0.0	867	100
FC69C3D3_005471-T1	NCU16906-t26_1-p1	3.44e-310	836	100
FC69C3D3_005472-T1	NCU10037-t26_1-p1	1.78e-264	718	100
FC69C3D3_005473-T1	NCU08882-t26_1-p1	3.31e-271	733	100
FC69C3D3_005475-T1	NCU08881-t26_1-p1	6.95e-119	331	100
FC69C3D3_005476-T1	NCU08880-t26_1-p1	3.20e-60	191	96.0
FC69C3D3_005477-T1	NCU08879-t26_1-p1	0.0	1831	96.1
FC69C3D3_005478-T1	NCU10861-t26_1-p1	4.33e-159	439	100
FC69C3D3_005479-T1	NCU08878-t26_1-p1	1.08e-225	613	100
FC69C3D3_005480-T1	NCU08877-t26_1-p1	1.19e-116	326	100
FC69C3D3_005481-T1	NCU10292-t26_1-p1	2.81e-244	662	100
FC69C3D3_005482-T1	NCU10291-t26_1-p1	0.0	1395	100
FC69C3D3_005483-T1	NCU08875-t26_1-p1	0.0	2386	100
FC69C3D3_005484-T1	NCU08874-t26_1-p1	3.20e-167	460	100
FC69C3D3_005485-T1	NCU08873-t26_1-p1	1.99e-138	385	100
FC69C3D3_005486-T1	NCU08872-t26_1-p1	0.0	944	99.6
FC69C3D3_005487-T1	NCU08870-t26_1-p1	9.52e-116	323	100
FC69C3D3_005488-T1	NCU08869-t26_1-p1	0.0	2036	100
FC69C3D3_005489-T1	NCU08868-t26_1-p1	0.0	955	100
FC69C3D3_005490-T1	NCU08865-t26_1-p1	2.31e-311	838	100
FC69C3D3_005491-T1	NCU08864-t26_1-p1	3.77e-317	862	98.7
FC69C3D3_005492-T1	NCU08863-t26_1-p1	7.56e-279	758	100
FC69C3D3_005493-T1	NCU08861-t26_1-p1	1.77e-238	657	100
FC69C3D3_005494-T1	NCU08860-t26_1-p1	5.74e-88	250	100
FC69C3D3_005495-T1	NCU08859-t26_1-p1	8.62e-213	580	100
FC69C3D3_005496-T1	NCU08858-t26_1-p1	1.97e-71	221	100
FC69C3D3_005497-T1	NCU08858-t26_1-p1	0.0	957	100
FC69C3D3_005498-T1	NCU08857-t26_1-p1	0.0	1036	88.8
FC69C3D3_005499-T1	NCU08856-t26_1-p1	5.22e-243	660	100
FC69C3D3_005500-T1	NCU08855-t26_1-p1	9.19e-294	793	100
FC69C3D3_005501-T1	NCU16912-t26_1-p1	0.0	1015	100
FC69C3D3_005502-T1	NCU08853-t26_1-p1	0.0	1656	87.3
FC69C3D3_005503-T1	NCU08852-t26_1-p1	0.0	1315	100
FC69C3D3_005504-T1	NCU08850-t26_1-p1	0.0	1265	100
FC69C3D3_005505-T1	NCU08848-t26_1-p1	0.0	1710	100
FC69C3D3_005506-T1	NCU08847-t26_1-p1	0.0	1067	93.6
FC69C3D3_005507-T1	NCU07814-t26_1-p1	0.0	952	100
FC69C3D3_005508-T1	NCU07813-t26_1-p1	1.39e-169	479	100
FC69C3D3_005509-T1	NCU07812-t26_1-p1	1.42e-299	813	100
FC69C3D3_005510-T1	NCU07811-t26_1-p1	0.0	897	100
FC69C3D3_005511-T1	NCU07810-t26_1-p1	1.89e-123	351	100
FC69C3D3_005512-T1	NCU07809-t26_1-p1	2.85e-78	224	100
FC69C3D3_005513-T1	NCU07808-t26_1-p1	3.83e-76	218	100
FC69C3D3_005514-T1	NCU07807-t26_1-p1	5.44e-266	719	100
FC69C3D3_005515-T1	NCU07806-t26_1-p1	3.24e-140	389	100
FC69C3D3_005516-T1	NCU07805-t26_1-p1	0.0	1135	100
FC69C3D3_005517-T1	NCU07804-t26_1-p1	7.41e-250	679	100
FC69C3D3_005519-T1	NCU07802-t26_1-p1	9.04e-262	719	100
FC69C3D3_005520-T1	NCU07801-t26_1-p1	4.10e-235	638	100
FC69C3D3_005521-T1	NCU07798-t26_1-p1	3.15e-300	819	100
FC69C3D3_005522-T1	NCU07795-t26_1-p1	4.89e-185	513	100
FC69C3D3_005523-T1	NCU07794-t26_1-p1	1.35e-135	375	100
FC69C3D3_005524-T1	NCU07793-t26_1-p1	0.0	1005	100
FC69C3D3_005525-T1	NCU07791-t26_1-p1	1.59e-256	694	100
FC69C3D3_005526-T1	NCU02206-t26_1-p1	9.25e-28	99.4	41.5
FC69C3D3_005527-T1	NCU07788-t26_1-p1	0.0	1499	100
FC69C3D3_005528-T1	NCU07787-t26_1-p1	1.62e-99	280	100
FC69C3D3_005529-T1	NCU07786-t26_1-p1	1.47e-143	395	100
FC69C3D3_005530-T1	NCU07784-t26_1-p1	0.0	1277	100
FC69C3D3_005531-T1	NCU07782-t26_1-p1	2.42e-88	257	100
FC69C3D3_005532-T1	NCU07781-t26_1-p1	1.02e-122	341	100
FC69C3D3_005533-T1	NCU07779-t26_1-p1	0.0	1474	100
FC69C3D3_005534-T1	NCU07778-t26_1-p1	0.0	1664	100
FC69C3D3_005535-T1	NCU07776-t26_1-p1	2.89e-93	268	100
FC69C3D3_005536-T1	NCU07775-t26_1-p1	1.96e-235	646	100
FC69C3D3_005537-T1	NCU07774-t26_1-p1	2.78e-184	509	100
FC69C3D3_005538-T1	NCU07773-t26_1-p1	7.50e-219	596	100
FC69C3D3_005539-T1	NCU07771-t26_1-p1	3.97e-285	773	100
FC69C3D3_005541-T1	NCU07769-t26_1-p1	1.93e-168	474	100
FC69C3D3_005542-T1	NCU07768-t26_1-p1	2.90e-245	668	100
FC69C3D3_005543-T1	NCU07767-t26_1-p1	0.0	1374	100
FC69C3D3_005544-T1	NCU07765-t26_1-p1	8.43e-91	263	97.7
FC69C3D3_005545-T1	NCU07763-t26_1-p1	3.56e-266	718	100
FC69C3D3_005546-T1	NCU07762-t26_1-p1	0.0	1041	100
FC69C3D3_005547-T1	NCU07761-t26_1-p1	5.68e-295	794	100
FC69C3D3_005548-T1	NCU07760-t26_1-p1	6.22e-239	652	100
FC69C3D3_005549-T1	NCU07759-t26_1-p1	7.02e-161	452	100
FC69C3D3_005550-T1	NCU07757-t26_1-p1	0.0	903	100
FC69C3D3_005551-T1	NCU07756-t26_1-p1	3.92e-125	348	100
FC69C3D3_005552-T1	NCU07755-t26_1-p1	1.24e-288	781	100
FC69C3D3_005553-T1	NCU07754-t26_1-p1	0.0	1118	100
FC69C3D3_005554-T1	NCU07753-t26_1-p1	0.0	1271	100
FC69C3D3_005555-T1	NCU07752-t26_1-p1	2.40e-119	342	100
FC69C3D3_005556-T1	NCU07747-t26_1-p1	1.42e-77	224	100
FC69C3D3_005557-T1	NCU07746-t26_1-p1	2.11e-149	412	100
FC69C3D3_005559-T1	NCU07745-t26_1-p1	0.0	1215	100
FC69C3D3_005560-T1	NCU07743-t26_1-p1	1.24e-295	798	98.3
FC69C3D3_005561-T1	NCU07742-t26_1-p1	0.0	975	100
FC69C3D3_005562-T1	NCU07741-t26_1-p1	0.0	897	100
FC69C3D3_005563-T1	NCU07740-t26_1-p1	0.0	1120	99.0
FC69C3D3_005564-T1	NCU07739-t26_1-p1	0.0	940	100
FC69C3D3_005567-T1	NCU07738-t26_1-p1	2.46e-232	630	100
FC69C3D3_005568-T1	NCU07737-t26_1-p1	0.0	910	100
FC69C3D3_005569-T1	NCU07736-t26_1-p1	0.0	1145	100
FC69C3D3_005570-T1	NCU09823-t26_1-p1	4.73e-287	782	100
FC69C3D3_005571-T1	NCU09824-t26_2-p1	0.0	1381	100
FC69C3D3_005572-T1	NCU09825-t26_1-p1	0.0	1234	100
FC69C3D3_005573-T1	NCU09826-t26_1-p1	2.99e-188	515	100
FC69C3D3_005574-T1	NCU09827-t26_1-p1	0.0	968	100
FC69C3D3_005575-T1	NCU09828-t26_1-p1	1.86e-60	178	100
FC69C3D3_005576-T1	NCU09829-t26_1-p1	0.0	1427	100
FC69C3D3_005577-T1	NCU09830-t26_1-p1	0.0	2786	100
FC69C3D3_005578-T1	NCU09831-t26_1-p1	0.0	1172	100
FC69C3D3_005579-T1	NCU09832-t26_1-p1	0.0	944	100
FC69C3D3_005580-T1	NCU09834-t26_1-p1	9.22e-209	571	100
FC69C3D3_005581-T1	NCU09836-t26_1-p1	7.12e-273	740	100
FC69C3D3_005582-T1	NCU09837-t26_1-p1	2.32e-49	160	100
FC69C3D3_005583-T1	NCU09838-t26_1-p1	6.10e-295	800	100
FC69C3D3_005584-T1	NCU08922-t26_1-p1	5.13e-131	365	100
FC69C3D3_005585-T1	NCU08921-t26_1-p1	1.70e-89	281	100
FC69C3D3_005586-T1	NCU08921-t26_1-p1	0.0	1296	100
FC69C3D3_005587-T1	NCU08920-t26_1-p1	0.0	1187	100
FC69C3D3_005588-T1	NCU08919-t26_1-p1	0.0	3345	100
FC69C3D3_005589-T1	NCU08916-t26_1-p1	1.94e-72	214	98.6
FC69C3D3_005590-T1	NCU08909-t26_1-p1	0.0	1066	100
FC69C3D3_005591-T1	NCU08907-t26_1-p1	2.46e-110	313	100
FC69C3D3_005593-T1	NCU11087-t26_1-p1	3.28e-48	146	100
FC69C3D3_005594-T1	NCU08905-t26_1-p1	0.0	941	100
FC69C3D3_005595-T1	NCU08904-t26_1-p1	1.04e-282	768	100
FC69C3D3_005596-T1	NCU08903-t26_1-p1	5.96e-43	136	100
FC69C3D3_005597-T1	NCU08902-t26_1-p1	1.01e-120	337	100
FC69C3D3_005599-T1	NCU11046-t26_1-p1	4.45e-197	538	100
FC69C3D3_005600-T1	NCU10610-t26_1-p1	5.53e-225	612	100
FC69C3D3_005601-T1	NCU08901-t26_1-p1	0.0	1556	100
FC69C3D3_005603-T1	NCU08900-t26_1-p1	0.0	870	100
FC69C3D3_005604-T1	NCU08899-t26_1-p1	0.0	1644	100
FC69C3D3_005605-T1	NCU08898-t26_1-p1	0.0	1506	100
FC69C3D3_005606-T1	NCU08897-t26_1-p1	0.0	917	100
FC69C3D3_005607-T1	NCU10185-t26_1-p1	0.0	921	100
FC69C3D3_005608-T1	NCU10184-t26_1-p1	0.0	1048	88.7
FC69C3D3_005609-T1	NCU08895-t26_1-p1	0.0	1026	100
FC69C3D3_005610-T1	NCU08894-t26_1-p1	0.0	1276	100
FC69C3D3_005611-T1	NCU08893-t26_1-p1	7.48e-216	588	100
FC69C3D3_005612-T1	NCU08892-t26_1-p1	5.10e-224	617	100
FC69C3D3_005613-T1	NCU08891-t26_1-p1	0.0	1146	100
FC69C3D3_005614-T1	NCU08889-t26_1-p1	0.0	3370	100
FC69C3D3_005615-T1	NCU08888-t26_1-p1	0.0	1217	100
FC69C3D3_005616-T1	NCU08886-t26_1-p1	7.72e-307	827	100
FC69C3D3_005618-T1	NCU08885-t26_1-p1	5.17e-202	553	100
FC69C3D3_005619-T1	NCU08883-t26_1-p1	1.57e-113	325	100
FC69C3D3_005620-T1	NCU09698-t26_1-p1	2.78e-241	661	100
FC69C3D3_005621-T1	NCU09698-t26_1-p1	3.31e-117	339	100
FC69C3D3_005622-T1	NCU09696-t26_1-p1	0.0	927	100
FC69C3D3_005623-T1	NCU09695-t26_1-p1	2.17e-226	616	100
FC69C3D3_005625-T1	NCU09694-t26_1-p1	1.83e-267	724	100
FC69C3D3_005626-T1	NCU09693-t26_1-p1	1.53e-229	624	100
FC69C3D3_005627-T1	NCU09692-t26_1-p1	1.78e-295	797	100
FC69C3D3_005628-T1	NCU09691-t26_1-p1	3.19e-75	218	100
FC69C3D3_005629-T1	NCU09690-t26_1-p1	1.62e-219	599	100
FC69C3D3_005630-T1	NCU09689-t26_1-p1	2.71e-266	720	100
FC69C3D3_005631-T1	NCU09688-t26_1-p1	0.0	888	100
FC69C3D3_005632-T1	NCU09686-t26_1-p1	0.0	1137	100
FC69C3D3_005633-T1	NCU09685-t26_1-p1	2.34e-82	238	100
FC69C3D3_005635-T1	NCU09683-t26_1-p1	2.50e-268	725	100
FC69C3D3_005636-T1	NCU09682-t26_1-p1	3.98e-195	532	100
FC69C3D3_005637-T1	NCU09680-t26_1-p1	0.0	874	100
FC69C3D3_005638-T1	NCU16941-t26_1-p1	3.02e-114	318	100
FC69C3D3_005639-T1	NCU09679-t26_1-p1	0.0	1047	100
FC69C3D3_005640-T1	NCU09678-t26_1-p1	0.0	981	100
FC69C3D3_005641-T1	NCU09677-t26_1-p1	0.0	980	100
FC69C3D3_005642-T1	NCU09676-t26_1-p1	1.76e-287	779	100
FC69C3D3_005643-T1	NCU09674-t26_1-p1	5.83e-180	492	100
FC69C3D3_005644-T1	NCU09673-t26_1-p1	2.48e-318	858	100
FC69C3D3_005645-T1	NCU09672-t26_1-p1	1.43e-181	500	100
FC69C3D3_005646-T1	NCU09671-t26_1-p1	3.26e-186	508	100
FC69C3D3_005647-T1	NCU09670-t26_1-p1	0.0	931	100
FC69C3D3_005648-T1	NCU16942-t26_1-p1	0.0	2744	98.8
FC69C3D3_005649-T1	NCU09669-t26_1-p1	2.99e-35	121	100
FC69C3D3_005652-T1	NCU16947-t26_1-p1	3.54e-294	794	100
FC69C3D3_005653-T1	NCU04676-t26_1-p1	2.87e-193	531	93.0
FC69C3D3_005654-T1	NCU04674-t26_1-p1	0.0	1881	100
FC69C3D3_005655-T1	NCU04673-t26_1-p1	0.0	1715	100
FC69C3D3_005656-T1	NCU04672-t26_1-p1	0.0	1033	100
FC69C3D3_005657-T1	NCU04671-t26_1-p1	6.69e-160	460	100
FC69C3D3_005658-T1	NCU04670-t26_1-p1	0.0	1281	100
FC69C3D3_005659-T1	NCU04669-t26_1-p1	0.0	1403	100
FC69C3D3_005660-T1	NCU04667-t26_1-p1	1.55e-177	495	98.8
FC69C3D3_005661-T1	NCU10799-t26_1-p1	8.50e-103	289	100
FC69C3D3_005663-T1	NCU04665-t26_1-p1	3.42e-153	424	100
FC69C3D3_005664-T1	NCU04663-t26_1-p1	0.0	1472	94.9
FC69C3D3_005665-T1	NCU04662-t26_1-p1	3.71e-249	677	100
FC69C3D3_005666-T1	NCU04661-t26_1-p1	0.0	2447	100
FC69C3D3_005667-T1	NCU04657-t26_1-p1	1.61e-261	708	100
FC69C3D3_005668-T1	NCU04656-t26_1-p1	0.0	1110	100
FC69C3D3_005669-T1	NCU04655-t26_1-p1	1.10e-207	565	100
FC69C3D3_005670-T1	NCU04654-t26_1-p1	0.0	967	100
FC69C3D3_005671-T1	NCU04653-t26_1-p1	0.0	1356	100
FC69C3D3_005672-T1	NCU04652-t26_1-p1	0.0	1814	100
FC69C3D3_005673-T1	NCU04651-t26_1-p1	2.42e-220	600	100
FC69C3D3_005674-T1	NCU04650-t26_1-p1	3.23e-302	851	99.9
FC69C3D3_005675-T1	NCU04649-t26_1-p1	1.80e-174	485	100
FC69C3D3_005676-T1	NCU04648-t26_1-p1	0.0	1484	100
FC69C3D3_005677-T1	NCU04647-t26_1-p1	2.10e-258	702	100
FC69C3D3_005678-T1	NCU04646-t26_1-p1	0.0	1004	100
FC69C3D3_005679-T1	NCU04645-t26_1-p1	7.95e-217	602	100
FC69C3D3_005680-T1	NCU04644-t26_1-p1	3.04e-175	482	100
FC69C3D3_005681-T1	NCU04643-t26_1-p1	0.0	1434	100
FC69C3D3_005682-T1	NCU04642-t26_1-p1	0.0	1216	100
FC69C3D3_005683-T1	NCU04641-t26_1-p1	0.0	1058	100
FC69C3D3_005684-T1	NCU04640-t26_1-p1	7.89e-157	439	91.9
FC69C3D3_005685-T1	NCU16952-t26_1-p1	3.67e-81	232	100
FC69C3D3_005686-T1	NCU04639-t26_1-p1	9.72e-112	313	100
FC69C3D3_005687-T1	NCU04638-t26_1-p1	0.0	1149	100
FC69C3D3_005688-T1	NCU04637-t26_1-p1	9.48e-286	783	100
FC69C3D3_005689-T1	NCU04636-t26_1-p1	0.0	979	100
FC69C3D3_005690-T1	NCU04635-t26_1-p1	1.16e-118	332	100
FC69C3D3_005691-T1	NCU04634-t26_1-p1	3.56e-239	655	97.9
FC69C3D3_005693-T1	NCU04633-t26_1-p1	0.0	1493	100
FC69C3D3_005694-T1	NCU04631-t26_1-p1	0.0	1986	100
FC69C3D3_005695-T1	NCU04630-t26_1-p1	0.0	1146	100
FC69C3D3_005696-T1	NCU04628-t26_1-p1	0.0	1622	90.3
FC69C3D3_005697-T1	NCU04626-t26_1-p1	0.0	977	100
FC69C3D3_005698-T1	NCU04625-t26_1-p1	0.0	1214	100
FC69C3D3_005699-T1	NCU04624-t26_1-p1	0.0	1360	100
FC69C3D3_005700-T1	NCU04623-t26_1-p1	0.0	2086	100
FC69C3D3_005701-T1	NCU04622-t26_1-p1	6.88e-247	674	100
FC69C3D3_005702-T1	NCU04621-t26_1-p1	0.0	1536	100
FC69C3D3_005703-T1	NCU04620-t26_1-p1	1.79e-81	234	100
FC69C3D3_005704-T1	NCU04619-t26_1-p1	7.95e-267	736	100
FC69C3D3_005705-T1	NCU04618-t26_1-p1	0.0	1917	100
FC69C3D3_005706-T1	NCU04617-t26_1-p1	0.0	1352	100
FC69C3D3_005707-T1	NCU11109-t26_1-p1	2.28e-133	369	100
FC69C3D3_005708-T1	NCU04616-t26_1-p1	9.98e-154	455	100
FC69C3D3_005709-T1	NCU04615-t26_1-p1	0.0	2318	100
FC69C3D3_005710-T1	NCU04614-t26_1-p1	0.0	2163	99.6
FC69C3D3_005711-T1	NCU04613-t26_1-p1	4.99e-186	511	100
FC69C3D3_005712-T1	NCU04612-t26_2-p1	0.0	1005	100
FC69C3D3_005713-T1	NCU04611-t26_1-p1	0.0	2591	100
FC69C3D3_005714-T1	NCU04610-t26_1-p1	0.0	1902	100
FC69C3D3_005715-T1	NCU04609-t26_1-p1	0.0	1941	100
FC69C3D3_005716-T1	NCU04608-t26_1-p1	1.16e-83	253	100
FC69C3D3_005717-T1	NCU04607-t26_1-p1	1.52e-195	541	100
FC69C3D3_005718-T1	NCU04606-t26_2-p1	0.0	1341	100
FC69C3D3_005719-T1	NCU04605-t26_1-p1	4.16e-87	248	100
FC69C3D3_005720-T1	NCU04604-t26_1-p1	0.0	981	100
FC69C3D3_005721-T1	NCU04603-t26_1-p1	1.17e-168	465	100
FC69C3D3_005722-T1	NCU04602-t26_1-p1	1.13e-171	470	100
FC69C3D3_005723-T1	NCU04601-t26_1-p1	0.0	1979	100
FC69C3D3_005724-T1	NCU04600-t26_2-p1	3.09e-311	840	100
FC69C3D3_005725-T1	NCU04598-t26_1-p1	0.0	1707	100
FC69C3D3_005726-T1	NCU04597-t26_1-p1	2.70e-270	733	99.7
FC69C3D3_005727-T1	NCU10618-t26_1-p1	5.34e-103	290	97.4
FC69C3D3_005728-T1	NCU04596-t26_1-p1	2.47e-236	642	100
FC69C3D3_005729-T1	NCU04595-t26_1-p1	1.75e-197	540	98.2
FC69C3D3_005730-T1	NCU04594-t26_1-p1	7.86e-144	399	100
FC69C3D3_005731-T1	NCU04593-t26_1-p1	0.0	1154	100
FC69C3D3_005732-T1	NCU04592-t26_1-p1	5.68e-212	577	100
FC69C3D3_005733-T1	NCU04591-t26_1-p1	0.0	1274	100
FC69C3D3_005734-T1	NCU04590-t26_1-p1	1.32e-264	723	100
FC69C3D3_005735-T1	NCU04589-t26_1-p1	0.0	1440	100
FC69C3D3_005736-T1	NCU10155-t26_1-p1	0.0	1673	100
FC69C3D3_005737-T1	NCU04586-t26_1-p1	9.75e-75	215	100
FC69C3D3_005738-T1	NCU04585-t26_1-p1	0.0	2013	100
FC69C3D3_005739-T1	NCU04584-t26_1-p1	2.55e-108	305	100
FC69C3D3_005740-T1	NCU04583-t26_1-p1	3.13e-186	508	100
FC69C3D3_005741-T1	NCU04581-t26_1-p1	0.0	1124	89.9
FC69C3D3_005742-T1	NCU04580-t26_1-p1	3.66e-237	644	100
FC69C3D3_005743-T1	NCU04579-t26_1-p1	0.0	1163	100
FC69C3D3_005744-T1	NCU04578-t26_1-p1	7.80e-180	493	100
FC69C3D3_005745-T1	NCU04577-t26_1-p1	8.97e-307	829	100
FC69C3D3_005746-T1	NCU04575-t26_1-p1	0.0	1159	100
FC69C3D3_005747-T1	NCU04574-t26_1-p1	0.0	925	100
FC69C3D3_005748-T1	NCU04573-t26_1-p1	7.25e-219	594	100
FC69C3D3_005749-T1	NCU04572-t26_1-p1	8.95e-102	290	100
FC69C3D3_005750-T1	NCU16959-t26_1-p1	3.14e-192	524	100
FC69C3D3_005751-T1	NCU04571-t26_1-p1	2.70e-219	598	100
FC69C3D3_005752-T1	NCU04570-t26_1-p1	0.0	1714	100
FC69C3D3_005753-T1	NCU04569-t26_1-p1	0.0	2692	100
FC69C3D3_005754-T1	NCU04568-t26_1-p1	0.0	999	100
FC69C3D3_005755-T1	NCU04566-t26_1-p1	0.0	1409	92.9
FC69C3D3_005756-T1	NCU11040-t26_1-p1	2.75e-276	747	100
FC69C3D3_005757-T1	NCU04561-t26_1-p1	6.40e-114	325	100
FC69C3D3_005758-T1	NCU03584-t26_1-p1	0.0	4325	100.0
FC69C3D3_005759-T1	NCU03588-t26_1-p1	1.37e-233	634	100
FC69C3D3_005760-T1	NCU03589-t26_1-p1	5.00e-142	395	100
FC69C3D3_005761-T1	NCU03590-t26_1-p1	1.83e-240	663	100
FC69C3D3_005762-T1	NCU03591-t26_1-p1	0.0	3281	100
FC69C3D3_005763-T1	NCU03592-t26_1-p1	0.0	3298	100
FC69C3D3_005764-T1	NCU03593-t26_1-p1	0.0	1051	100
FC69C3D3_005765-T1	NCU03596-t26_1-p1	2.24e-259	707	100
FC69C3D3_005766-T1	NCU03597-t26_1-p1	0.0	1280	99.0
FC69C3D3_005767-T1	NCU03598-t26_1-p1	3.45e-221	620	100
FC69C3D3_005768-T1	NCU03599-t26_1-p1	2.20e-166	459	100
FC69C3D3_005769-T1	NCU03600-t26_1-p1	5.12e-191	523	100
FC69C3D3_005770-T1	NCU03601-t26_1-p1	1.21e-227	619	100
FC69C3D3_005771-T1	NCU03602-t26_1-p1	0.0	865	100
FC69C3D3_005772-T1	NCU03603-t26_1-p1	2.87e-56	166	100
FC69C3D3_005773-T1	NCU03605-t26_1-p1	3.66e-274	744	100
FC69C3D3_005774-T1	NCU03606-t26_1-p1	0.0	1235	100
FC69C3D3_005775-T1	NCU03607-t26_1-p1	1.41e-272	738	100
FC69C3D3_005776-T1	NCU03608-t26_1-p1	4.23e-297	801	100
FC69C3D3_005777-T1	NCU03610-t26_1-p1	6.75e-133	368	100
FC69C3D3_005778-T1	NCU03611-t26_1-p1	0.0	1837	100
FC69C3D3_005779-T1	NCU03613-t26_1-p1	6.41e-244	667	99.7
FC69C3D3_005781-T1	NCU03616-t26_1-p1	1.54e-162	447	100
FC69C3D3_005782-T1	NCU03617-t26_1-p1	1.84e-215	587	100
FC69C3D3_005783-T1	NCU03618-t26_1-p1	0.0	1158	100
FC69C3D3_005784-T1	NCU03621-t26_1-p1	3.54e-206	603	99.7
FC69C3D3_005785-T1	NCU03622-t26_1-p1	0.0	1563	100
FC69C3D3_005786-T1	NCU03623-t26_1-p1	6.44e-124	344	100
FC69C3D3_005787-T1	NCU03624-t26_1-p1	0.0	1286	100
FC69C3D3_005788-T1	NCU03625-t26_1-p1	2.80e-76	219	100
FC69C3D3_005789-T1	NCU03627-t26_1-p1	0.0	1103	100
FC69C3D3_005790-T1	NCU03628-t26_1-p1	0.0	1788	100
FC69C3D3_005791-T1	NCU03629-t26_1-p1	2.43e-75	217	100
FC69C3D3_005792-T1	NCU03630-t26_1-p1	1.14e-98	279	100
FC69C3D3_005793-T1	NCU03631-t26_1-p1	4.75e-139	384	100
FC69C3D3_005794-T1	NCU03632-t26_1-p1	0.0	1018	93.3
FC69C3D3_005795-T1	NCU03633-t26_1-p1	0.0	1040	100
FC69C3D3_005796-T1	NCU03634-t26_1-p1	3.93e-167	459	100
FC69C3D3_005797-T1	NCU03635-t26_1-p1	8.45e-50	150	100
FC69C3D3_005798-T1	NCU03637-t26_1-p1	0.0	903	100
FC69C3D3_005799-T1	NCU03638-t26_1-p1	2.99e-87	249	100
FC69C3D3_005800-T1	NCU03639-t26_1-p1	5.68e-244	662	100
FC69C3D3_005801-T1	NCU03641-t26_1-p1	5.54e-125	372	85.1
FC69C3D3_005802-T1	NCU03641-t26_1-p1	0.0	1306	100
FC69C3D3_005803-T1	NCU03643-t26_1-p1	0.0	1548	100
FC69C3D3_005804-T1	NCU03645-t26_1-p1	0.0	1761	100
FC69C3D3_005805-T1	NCU03646-t26_1-p1	0.0	1529	100
FC69C3D3_005808-T1	NCU03647-t26_1-p1	0.0	1534	99.9
FC69C3D3_005809-T1	NCU03648-t26_1-p1	0.0	1743	100
FC69C3D3_005810-T1	NCU03649-t26_1-p1	0.0	1118	100
FC69C3D3_005811-T1	NCU03650-t26_1-p1	0.0	1947	100
FC69C3D3_005812-T1	NCU03651-t26_1-p1	0.0	1174	100
FC69C3D3_005813-T1	NCU03652-t26_1-p1	0.0	2980	100
FC69C3D3_005814-T1	NCU03653-t26_1-p1	7.65e-171	468	100
FC69C3D3_005815-T1	NCU03654-t26_1-p1	2.26e-118	355	98.5
FC69C3D3_005816-T1	NCU03657-t26_2-p1	0.0	1717	100
FC69C3D3_005817-T1	NCU03658-t26_1-p1	0.0	1878	100
FC69C3D3_005818-T1	NCU03659-t26_1-p1	4.79e-301	812	100
FC69C3D3_005819-T1	NCU03660-t26_1-p1	8.75e-221	600	99.3
FC69C3D3_005820-T1	NCU03661-t26_1-p1	0.0	1541	99.5
FC69C3D3_005821-T1	NCU03662-t26_1-p1	0.0	1504	100
FC69C3D3_005822-T1	NCU03667-t26_1-p1	6.14e-288	787	100
FC69C3D3_005823-T1	NCU03668-t26_1-p1	0.0	1031	100
FC69C3D3_005824-T1	NCU03669-t26_1-p1	0.0	1376	100
FC69C3D3_005825-T1	NCU03670-t26_1-p1	2.11e-233	637	99.7
FC69C3D3_005826-T1	NCU03675-t26_1-p1	0.0	2245	100
FC69C3D3_005827-T1	NCU11259-t26_1-p1	4.19e-108	318	100
FC69C3D3_005828-T1	NCU03678-t26_1-p1	0.0	988	100
FC69C3D3_005829-T1	NCU03679-t26_1-p1	4.90e-294	804	100
FC69C3D3_005830-T1	NCU03681-t26_1-p1	4.17e-278	762	100
FC69C3D3_005831-T1	NCU03684-t26_1-p1	4.45e-198	540	100
FC69C3D3_005832-T1	NCU03685-t26_1-p1	0.0	3276	93.4
FC69C3D3_005833-T1	NCU03686-t26_1-p1	0.0	1145	100
FC69C3D3_005834-T1	NCU03690-t26_1-p1	0.0	1865	100
FC69C3D3_005835-T1	NCU03691-t26_1-p1	4.42e-94	266	100
FC69C3D3_005836-T1	NCU03692-t26_1-p1	7.38e-266	721	100
FC69C3D3_005837-T1	NCU03693-t26_1-p1	5.35e-196	536	100
FC69C3D3_005838-T1	NCU03694-t26_1-p1	8.80e-99	295	100
FC69C3D3_005839-T1	NCU03695-t26_1-p1	0.0	977	100
FC69C3D3_005840-T1	NCU03696-t26_1-p1	1.76e-149	414	100
FC69C3D3_005841-T1	NCU03697-t26_1-p1	0.0	1236	100
FC69C3D3_005842-T1	NCU03699-t26_1-p1	0.0	1115	100
FC69C3D3_005843-T1	NCU03702-t26_1-p1	4.64e-181	501	100
FC69C3D3_005844-T1	NCU03703-t26_1-p1	3.07e-125	349	100
FC69C3D3_005845-T1	NCU03704-t26_1-p1	2.30e-240	652	100
FC69C3D3_005847-T1	NCU11260-t26_1-p1	4.94e-49	149	100
FC69C3D3_005848-T1	NCU03708-t26_1-p1	1.57e-244	662	100
FC69C3D3_005849-T1	NCU03709-t26_1-p1	0.0	1045	100
FC69C3D3_005850-T1	NCU03710-t26_1-p1	0.0	929	100
FC69C3D3_005851-T1	NCU03711-t26_1-p1	4.31e-148	408	100
FC69C3D3_005852-T1	NCU03712-t26_1-p1	4.86e-287	783	100
FC69C3D3_005853-T1	NCU03713-t26_1-p1	0.0	1128	100
FC69C3D3_005854-T1	NCU03714-t26_1-p1	0.0	896	100
FC69C3D3_005855-T1	NCU03715-t26_1-p1	0.0	1284	100
FC69C3D3_005856-T1	NCU03716-t26_1-p1	1.69e-173	479	100
FC69C3D3_005857-T1	NCU03717-t26_1-p1	3.78e-202	552	92.8
FC69C3D3_005858-T1	NCU03718-t26_1-p1	2.78e-180	496	100
FC69C3D3_005859-T1	NCU03719-t26_1-p1	0.0	1360	100
FC69C3D3_005860-T1	NCU03725-t26_2-p1	0.0	1323	100
FC69C3D3_005861-T1	NCU03726-t26_1-p1	3.71e-153	432	100
FC69C3D3_005862-T1	NCU03727-t26_2-p1	0.0	1987	100
FC69C3D3_005863-T1	NCU03728-t26_1-p1	0.0	1386	100
FC69C3D3_005864-T1	NCU03730-t26_1-p1	0.0	952	100
FC69C3D3_005865-T1	NCU03731-t26_1-p1	2.18e-175	481	100
FC69C3D3_005866-T1	NCU03732-t26_1-p1	2.23e-249	678	100
FC69C3D3_005867-T1	NCU03733-t26_1-p1	8.17e-253	684	100
FC69C3D3_005868-T1	NCU03735-t26_1-p1	1.21e-227	618	100
FC69C3D3_005869-T1	NCU03736-t26_1-p1	5.77e-194	535	100
FC69C3D3_005870-T1	NCU03737-t26_1-p1	0.0	863	100
FC69C3D3_005871-T1	NCU03739-t26_1-p1	1.74e-261	709	100
FC69C3D3_005872-T1	NCU03740-t26_1-p1	0.0	1685	100
FC69C3D3_005873-T1	NCU03741-t26_1-p1	0.0	1196	100
FC69C3D3_005874-T1	NCU03747-t26_1-p1	8.90e-249	676	100
FC69C3D3_005875-T1	NCU03748-t26_1-p1	0.0	878	100
FC69C3D3_005876-T1	NCU11261-t26_1-p1	1.98e-202	555	100
FC69C3D3_005877-T1	NCU03749-t26_1-p1	8.58e-198	539	100
FC69C3D3_005878-T1	NCU03750-t26_1-p1	5.21e-96	275	100
FC69C3D3_005879-T1	NCU03751-t26_1-p1	3.51e-229	638	100
FC69C3D3_005880-T1	NCU03752-t26_1-p1	2.30e-202	551	100
FC69C3D3_005881-T1	NCU03753-t26_1-p1	1.92e-42	130	100
FC69C3D3_005882-T1	NCU03754-t26_1-p1	0.0	2909	100
FC69C3D3_005883-T1	NCU03755-t26_1-p1	0.0	973	100
FC69C3D3_005884-T1	NCU03756-t26_1-p1	0.0	1341	100
FC69C3D3_005885-T1	NCU03757-t26_1-p1	7.87e-254	689	100
FC69C3D3_005886-T1	NCU03759-t26_1-p1	0.0	1275	100
FC69C3D3_005887-T1	NCU03760-t26_1-p1	1.61e-173	475	100
FC69C3D3_005888-T1	NCU03761-t26_1-p1	7.08e-281	761	100
FC69C3D3_005889-T1	NCU03762-t26_1-p1	1.38e-133	387	99.5
FC69C3D3_005890-T1	NCU03762-t26_1-p1	5.43e-16	68.6	95.0
FC69C3D3_005891-T1	NCU03763-t26_1-p1	0.0	1047	100
FC69C3D3_005892-T1	NCU03764-t26_1-p1	0.0	935	100
FC69C3D3_005893-T1	NCU03765-t26_1-p1	0.0	1248	100
FC69C3D3_005894-T1	NCU03767-t26_1-p1	0.0	1453	100
FC69C3D3_005895-T1	NCU03768-t26_1-p1	0.0	1174	100
FC69C3D3_005896-T1	NCU03769-t26_1-p1	1.71e-197	543	100
FC69C3D3_005897-T1	NCU03770-t26_1-p1	0.0	925	100
FC69C3D3_005898-T1	NCU03771-t26_1-p1	0.0	1774	100
FC69C3D3_005899-T1	NCU03773-t26_1-p1	7.40e-162	464	100
FC69C3D3_005900-T1	NCU03774-t26_1-p1	9.42e-90	257	100
FC69C3D3_005901-T1	NCU03775-t26_1-p1	1.02e-124	348	100
FC69C3D3_005902-T1	NCU03776-t26_1-p1	0.0	2720	98.6
FC69C3D3_005903-T1	NCU03777-t26_1-p1	0.0	1007	100
FC69C3D3_005904-T1	NCU03778-t26_1-p1	1.54e-79	228	100
FC69C3D3_005905-T1	NCU03779-t26_1-p1	0.0	1224	100
FC69C3D3_005906-T1	NCU03780-t26_1-p1	1.13e-73	214	100
FC69C3D3_005907-T1	NCU03781-t26_1-p1	2.08e-273	740	100
FC69C3D3_005908-T1	NCU03782-t26_1-p1	1.54e-90	257	99.2
FC69C3D3_005909-T1	NCU03783-t26_1-p1	0.0	1437	100
FC69C3D3_005910-T1	NCU03784-t26_1-p1	0.0	2335	100
FC69C3D3_005911-T1	NCU03786-t26_1-p1	0.0	1274	98.1
FC69C3D3_005912-T1	NCU03787-t26_2-p1	0.0	1486	100
FC69C3D3_005913-T1	NCU03788-t26_1-p1	0.0	1069	100
FC69C3D3_005914-T1	NCU03789-t26_1-p1	0.0	1023	94.3
FC69C3D3_005915-T1	NCU03790-t26_1-p1	4.63e-212	610	99.7
FC69C3D3_005917-T1	NCU03792-t26_1-p1	0.0	2267	100
FC69C3D3_005918-T1	NCU03793-t26_1-p1	0.0	903	100
FC69C3D3_005919-T1	NCU03794-t26_1-p1	0.0	1687	100
FC69C3D3_005920-T1	NCU03795-t26_1-p1	7.01e-276	746	100
FC69C3D3_005921-T1	NCU03796-t26_1-p1	7.41e-268	732	100
FC69C3D3_005922-T1	NCU03797-t26_1-p1	0.0	2342	100
FC69C3D3_005923-T1	NCU03798-t26_1-p1	3.72e-139	385	100
FC69C3D3_005924-T1	NCU03799-t26_1-p1	0.0	1031	100
FC69C3D3_005925-T1	NCU03800-t26_1-p1	7.05e-140	388	100
FC69C3D3_005926-T1	NCU03801-t26_1-p1	0.0	1228	100
FC69C3D3_005927-T1	NCU03802-t26_1-p1	0.0	906	100
FC69C3D3_005928-T1	NCU03803-t26_1-p1	6.25e-186	509	100
FC69C3D3_005929-T1	NCU03804-t26_1-p1	0.0	1131	100
FC69C3D3_005930-T1	NCU03805-t26_1-p1	5.05e-164	449	100
FC69C3D3_005931-T1	NCU03806-t26_1-p1	4.84e-95	270	100
FC69C3D3_005932-T1	NCU03807-t26_1-p1	5.28e-98	277	100
FC69C3D3_005933-T1	NCU03808-t26_1-p1	0.0	2130	100
FC69C3D3_005934-T1	NCU03809-t26_1-p1	1.38e-242	660	100
FC69C3D3_005935-T1	NCU03811-t26_1-p1	0.0	3513	100
FC69C3D3_005936-T1	NCU03813-t26_1-p1	4.75e-278	751	100
FC69C3D3_005937-T1	NCU03814-t26_1-p1	0.0	1935	100
FC69C3D3_005938-T1	NCU03815-t26_1-p1	0.0	1207	100
FC69C3D3_005939-T1	NCU16968-t26_1-p1	0.0	946	99.8
FC69C3D3_005940-T1	NCU03817-t26_1-p1	1.39e-268	729	100
FC69C3D3_005941-T1	NCU03818-t26_1-p1	0.0	2503	100
FC69C3D3_005942-T1	NCU03819-t26_1-p1	0.0	3610	100
FC69C3D3_005943-T1	NCU03820-t26_1-p1	1.15e-251	684	100
FC69C3D3_005944-T1	NCU03821-t26_1-p1	7.70e-180	491	100
FC69C3D3_005945-T1	NCU03822-t26_1-p1	7.98e-316	854	100
FC69C3D3_005946-T1	NCU03823-t26_1-p1	0.0	1400	100
FC69C3D3_005947-T1	NCU03824-t26_1-p1	2.12e-158	445	100
FC69C3D3_005948-T1	NCU03825-t26_1-p1	1.10e-272	753	100
FC69C3D3_005949-T1	NCU03826-t26_1-p1	2.17e-293	793	100
FC69C3D3_005950-T1	NCU03827-t26_1-p1	5.77e-228	619	100
FC69C3D3_005951-T1	NCU03830-t26_1-p1	5.99e-258	701	100
FC69C3D3_005952-T1	NCU03833-t26_1-p1	4.43e-119	333	98.9
FC69C3D3_005953-T1	NCU03834-t26_1-p1	0.0	1027	100
FC69C3D3_005954-T1	NCU03836-t26_1-p1	2.79e-264	714	100
FC69C3D3_005955-T1	NCU03837-t26_1-p1	0.0	872	100
FC69C3D3_005956-T1	NCU03838-t26_1-p1	1.41e-89	253	100
FC69C3D3_005957-T1	NCU03839-t26_1-p1	4.31e-253	689	100
FC69C3D3_005958-T1	NCU03840-t26_1-p1	3.45e-222	605	100
FC69C3D3_005959-T1	NCU03843-t26_1-p1	1.35e-317	861	90.1
FC69C3D3_005960-T1	NCU03844-t26_1-p1	0.0	2432	100
FC69C3D3_005961-T1	NCU11279-t26_1-p1	3.83e-147	406	100
FC69C3D3_005962-T1	NCU11278-t26_1-p1	1.86e-298	808	100
FC69C3D3_005964-T1	NCU00998-t26_1-p1	0.0	2045	100
FC69C3D3_005965-T1	NCU00999-t26_1-p1	2.97e-170	468	91.2
FC69C3D3_005966-T1	NCU01000-t26_1-p1	0.0	1309	100
FC69C3D3_005967-T1	NCU01001-t26_1-p1	3.63e-55	164	100
FC69C3D3_005968-T1	NCU01002-t26_1-p1	2.09e-198	543	100
FC69C3D3_005969-T1	NCU01004-t26_1-p1	0.0	2047	100
FC69C3D3_005970-T1	NCU01005-t26_1-p1	8.69e-174	482	100
FC69C3D3_005971-T1	NCU01006-t26_1-p1	0.0	1710	100
FC69C3D3_005972-T1	NCU01007-t26_1-p1	7.82e-174	478	100
FC69C3D3_005973-T1	NCU01008-t26_1-p1	3.09e-128	356	100
FC69C3D3_005974-T1	NCU01009-t26_1-p1	1.42e-269	772	99.8
FC69C3D3_005975-T1	NCU01010-t26_1-p1	6.70e-219	598	100
FC69C3D3_005976-T1	NCU01012-t26_1-p1	0.0	1195	100
FC69C3D3_005977-T1	NCU01013-t26_1-p1	1.27e-278	753	100
FC69C3D3_005978-T1	NCU01015-t26_1-p1	0.0	1660	100
FC69C3D3_005979-T1	NCU01016-t26_1-p1	5.67e-151	418	100
FC69C3D3_005980-T1	NCU01019-t26_1-p1	0.0	1296	94.2
FC69C3D3_005981-T1	NCU01021-t26_1-p1	4.33e-223	612	100
FC69C3D3_005982-T1	NCU01022-t26_1-p1	0.0	1274	100
FC69C3D3_005983-T1	NCU01023-t26_1-p1	1.51e-133	370	100
FC69C3D3_005984-T1	NCU01024-t26_1-p1	1.15e-155	436	100
FC69C3D3_005985-T1	NCU01026-t26_1-p1	2.32e-216	589	100
FC69C3D3_005986-T1	NCU01027-t26_1-p1	2.10e-186	510	100
FC69C3D3_005987-T1	NCU01032-t26_1-p1	1.29e-275	753	100
FC69C3D3_005988-T1	NCU01033-t26_1-p1	0.0	1476	100
FC69C3D3_005989-T1	NCU01036-t26_1-p1	0.0	1514	100
FC69C3D3_005990-T1	NCU01038-t26_1-p1	0.0	1236	100
FC69C3D3_005991-T1	NCU01039-t26_1-p1	1.81e-182	526	99.6
FC69C3D3_005992-T1	NCU01041-t26_1-p1	2.55e-268	729	96.1
FC69C3D3_005993-T1	NCU01042-t26_1-p1	9.14e-250	678	100
FC69C3D3_005994-T1	NCU01044-t26_1-p1	0.0	1774	100
FC69C3D3_005995-T1	NCU01045-t26_1-p1	1.38e-105	296	100
FC69C3D3_005996-T1	NCU16971-t26_1-p1	8.57e-168	461	100
FC69C3D3_005997-T1	NCU16972-t26_1-p1	6.45e-221	600	100
FC69C3D3_005998-T1	NCU01047-t26_1-p1	0.0	2031	100
FC69C3D3_005999-T1	NCU01048-t26_1-p1	0.0	1014	100
FC69C3D3_006000-T1	NCU01049-t26_1-p1	4.30e-305	828	100
FC69C3D3_006001-T1	NCU01050-t26_1-p1	4.61e-173	474	100
FC69C3D3_006002-T1	NCU01051-t26_1-p1	5.07e-150	417	99.5
FC69C3D3_006003-T1	NCU01052-t26_1-p1	1.58e-67	197	100
FC69C3D3_006004-T1	NCU01053-t26_1-p1	0.0	1709	100
FC69C3D3_006005-T1	NCU01054-t26_1-p1	3.41e-171	473	100
FC69C3D3_006006-T1	NCU01055-t26_1-p1	0.0	1063	100
FC69C3D3_006007-T1	NCU01057-t26_1-p1	1.11e-316	852	100
FC69C3D3_006008-T1	NCU01058-t26_1-p1	0.0	1226	100
FC69C3D3_006009-T1	NCU01059-t26_1-p1	0.0	1246	100
FC69C3D3_006010-T1	NCU01060-t26_1-p1	1.44e-78	227	100
FC69C3D3_006012-T1	NCU01061-t26_1-p1	1.64e-213	580	100
FC69C3D3_006013-T1	NCU10448-t26_1-p1	3.35e-164	455	100
FC69C3D3_006014-T1	NCU01063-t26_1-p1	9.38e-149	410	100
FC69C3D3_006015-T1	NCU01064-t26_1-p1	1.91e-56	167	100
FC69C3D3_006016-T1	NCU01065-t26_1-p1	0.0	984	100
FC69C3D3_006017-T1	NCU01066-t26_1-p1	0.0	1409	100
FC69C3D3_006018-T1	NCU01067-t26_1-p1	1.32e-301	816	94.5
FC69C3D3_006019-T1	NCU01068-t26_1-p1	2.30e-317	858	100
FC69C3D3_006020-T1	NCU01069-t26_1-p1	9.58e-182	498	100
FC69C3D3_006021-T1	NCU01070-t26_1-p1	4.38e-148	409	100
FC69C3D3_006022-T1	NCU01071-t26_1-p1	4.68e-286	773	99.0
FC69C3D3_006023-T1	NCU01072-t26_1-p1	2.72e-248	672	100
FC69C3D3_006024-T1	NCU01074-t26_2-p1	1.38e-167	472	94.3
FC69C3D3_006025-T1	NCU01075-t26_1-p1	5.21e-181	498	100
FC69C3D3_006026-T1	NCU01076-t26_1-p1	2.86e-134	372	100
FC69C3D3_006027-T1	NCU01077-t26_1-p1	1.20e-128	363	100
FC69C3D3_006028-T1	NCU01078-t26_1-p1	2.36e-312	843	100
FC69C3D3_006029-T1	NCU01080-t26_1-p1	0.0	949	100
FC69C3D3_006030-T1	NCU01081-t26_1-p1	0.0	1030	100
FC69C3D3_006031-T1	NCU01082-t26_1-p1	0.0	910	100
FC69C3D3_006032-T1	NCU01083-t26_1-p1	0.0	1014	100
FC69C3D3_006033-T1	NCU01084-t26_1-p1	6.46e-222	603	100
FC69C3D3_006034-T1	NCU01085-t26_1-p1	0.0	1541	100
FC69C3D3_006035-T1	NCU01086-t26_1-p1	0.0	1021	98.6
FC69C3D3_006037-T1	NCU01087-t26_1-p1	5.76e-207	567	100
FC69C3D3_006038-T1	NCU01088-t26_1-p1	1.41e-168	484	100
FC69C3D3_006040-T1	NCU01089-t26_1-p1	0.0	1184	100
FC69C3D3_006041-T1	NCU01090-t26_1-p1	0.0	937	100
FC69C3D3_006042-T1	NCU01091-t26_1-p1	0.0	1397	90.1
FC69C3D3_006043-T1	NCU01092-t26_1-p1	1.01e-214	586	100
FC69C3D3_006044-T1	NCU01093-t26_1-p1	5.54e-255	689	100
FC69C3D3_006045-T1	NCU01094-t26_1-p1	0.0	1276	100
FC69C3D3_006046-T1	NCU01095-t26_1-p1	0.0	1137	100
FC69C3D3_006047-T1	NCU01097-t26_1-p1	0.0	1605	100
FC69C3D3_006048-T1	NCU01098-t26_1-p1	0.0	2630	100
FC69C3D3_006049-T1	NCU01099-t26_1-p1	1.14e-284	771	100
FC69C3D3_006050-T1	NCU01100-t26_1-p1	5.67e-288	781	100
FC69C3D3_006051-T1	NCU01101-t26_1-p1	2.36e-86	246	100
FC69C3D3_006052-T1	NCU01102-t26_1-p1	0.0	867	100
FC69C3D3_006053-T1	NCU01103-t26_1-p1	1.33e-120	336	100
FC69C3D3_006054-T1	NCU01104-t26_1-p1	0.0	1241	100
FC69C3D3_006055-T1	NCU01105-t26_1-p1	9.61e-255	738	100
FC69C3D3_006056-T1	NCU01105-t26_1-p1	0.0	1009	100
FC69C3D3_006058-T1	NCU01106-t26_1-p1	0.0	1279	100
FC69C3D3_006059-T1	NCU01107-t26_1-p1	1.30e-247	671	100
FC69C3D3_006060-T1	NCU01108-t26_1-p1	1.01e-81	234	100
FC69C3D3_006061-T1	NCU01109-t26_1-p1	3.49e-84	242	100
FC69C3D3_006062-T1	NCU01111-t26_1-p1	0.0	979	100
FC69C3D3_006063-T1	NCU01112-t26_1-p1	1.18e-193	528	100
FC69C3D3_006064-T1	NCU01113-t26_1-p1	0.0	1010	100
FC69C3D3_006065-T1	NCU01114-t26_1-p1	1.74e-186	509	100
FC69C3D3_006066-T1	NCU01115-t26_1-p1	0.0	1171	100
FC69C3D3_006067-T1	NCU01116-t26_1-p1	0.0	1103	100
FC69C3D3_006068-T1	NCU01118-t26_1-p1	0.0	910	100
FC69C3D3_006069-T1	NCU01119-t26_1-p1	0.0	1582	100
FC69C3D3_006070-T1	NCU01120-t26_1-p1	5.96e-150	424	82.0
FC69C3D3_006071-T1	NCU01121-t26_1-p1	9.46e-118	333	100
FC69C3D3_006072-T1	NCU01122-t26_1-p1	0.0	1806	100
FC69C3D3_006073-T1	NCU01123-t26_1-p1	0.0	1018	100
FC69C3D3_006074-T1	NCU01127-t26_1-p1	4.98e-106	296	100
FC69C3D3_006076-T1	NCU01132-t26_1-p1	0.0	1041	100
FC69C3D3_006077-T1	NCU01134-t26_1-p1	0.0	1280	100
FC69C3D3_006078-T1	NCU01135-t26_1-p1	0.0	1303	90.4
FC69C3D3_006079-T1	NCU01136-t26_1-p1	6.19e-181	496	100
FC69C3D3_006081-T1	NCU01138-t26_1-p1	8.94e-261	705	100
FC69C3D3_006082-T1	NCU01140-t26_1-p1	0.0	2097	100
FC69C3D3_006083-T1	NCU01141-t26_1-p1	0.0	969	100
FC69C3D3_006084-T1	NCU01142-t26_1-p1	7.65e-106	299	100
FC69C3D3_006085-T1	NCU01143-t26_1-p1	0.0	2584	100
FC69C3D3_006086-T1	NCU01144-t26_1-p1	0.0	886	89.7
FC69C3D3_006087-T1	NCU01145-t26_1-p1	1.44e-66	199	100
FC69C3D3_006088-T1	NCU01146-t26_1-p1	1.17e-192	526	100
FC69C3D3_006089-T1	NCU01147-t26_1-p1	0.0	1098	100
FC69C3D3_006090-T1	NCU01148-t26_1-p1	9.09e-230	625	89.0
FC69C3D3_006091-T1	NCU01149-t26_1-p1	3.02e-170	469	100
FC69C3D3_006092-T1	NCU01150-t26_1-p1	0.0	1159	100
FC69C3D3_006093-T1	NCU01151-t26_1-p1	0.0	2400	99.4
FC69C3D3_006096-T1	NCU01157-t26_1-p1	0.0	1468	100
FC69C3D3_006097-T1	NCU01158-t26_1-p1	0.0	1448	100
FC69C3D3_006098-T1	NCU01160-t26_1-p1	0.0	904	100
FC69C3D3_006099-T1	NCU01161-t26_1-p1	0.0	1405	100
FC69C3D3_006100-T1	NCU01162-t26_1-p1	0.0	900	100
FC69C3D3_006101-T1	NCU01163-t26_1-p1	2.16e-120	335	94.9
FC69C3D3_006102-T1	NCU01164-t26_1-p1	0.0	1882	100
FC69C3D3_006103-T1	NCU01165-t26_1-p1	5.74e-316	850	100
FC69C3D3_006104-T1	NCU01166-t26_1-p1	5.01e-285	769	100
FC69C3D3_006105-T1	NCU01167-t26_1-p1	1.42e-159	439	100
FC69C3D3_006106-T1	NCU10359-t26_1-p1	0.0	1464	100
FC69C3D3_006107-T1	NCU10360-t26_1-p1	0.0	1093	100
FC69C3D3_006108-T1	NCU01169-t26_1-p1	1.18e-192	526	100
FC69C3D3_006109-T1	NCU01170-t26_1-p1	0.0	1122	100
FC69C3D3_006110-T1	NCU01171-t26_1-p1	0.0	1408	100
FC69C3D3_006111-T1	NCU01172-t26_1-p1	0.0	2040	100
FC69C3D3_006112-T1	NCU01173-t26_1-p1	8.14e-154	422	100
FC69C3D3_006113-T1	NCU01174-t26_1-p1	0.0	1137	100
FC69C3D3_006114-T1	NCU01175-t26_1-p1	1.53e-253	687	100
FC69C3D3_006115-T1	NCU01176-t26_1-p1	2.99e-246	706	100
FC69C3D3_006116-T1	NCU01177-t26_1-p1	5.97e-251	679	100
FC69C3D3_006117-T1	NCU01178-t26_1-p1	0.0	1020	94.6
FC69C3D3_006118-T1	NCU01179-t26_1-p1	8.86e-254	687	100
FC69C3D3_006120-T1	NCU01180-t26_1-p1	0.0	1575	97.8
FC69C3D3_006121-T1	NCU01181-t26_1-p1	0.0	905	100
FC69C3D3_006122-T1	NCU01182-t26_1-p1	1.08e-83	240	100
FC69C3D3_006123-T1	NCU01183-t26_1-p1	2.14e-268	726	100
FC69C3D3_006124-T1	NCU01184-t26_1-p1	9.42e-287	776	100
FC69C3D3_006125-T1	NCU01185-t26_1-p1	2.68e-195	540	100
FC69C3D3_006126-T1	NCU01186-t26_1-p1	0.0	1331	100
FC69C3D3_006127-T1	NCU01187-t26_1-p1	0.0	3103	100
FC69C3D3_006128-T1	NCU01188-t26_1-p1	4.88e-159	439	100
FC69C3D3_006129-T1	NCU01189-t26_1-p1	0.0	1869	100
FC69C3D3_006131-T1	NCU01190-t26_1-p1	3.87e-229	625	100
FC69C3D3_006132-T1	NCU01191-t26_1-p1	3.44e-79	234	100
FC69C3D3_006133-T1	NCU01192-t26_1-p1	0.0	2199	100
FC69C3D3_006134-T1	NCU01193-t26_1-p1	0.0	2780	100
FC69C3D3_006135-T1	NCU01195-t26_1-p1	0.0	906	100
FC69C3D3_006136-T1	NCU01196-t26_1-p1	1.51e-221	604	100
FC69C3D3_006137-T1	NCU01197-t26_1-p1	0.0	2490	99.5
FC69C3D3_006138-T1	NCU01198-t26_1-p1	0.0	976	100
FC69C3D3_006139-T1	NCU01199-t26_1-p1	2.43e-160	444	100
FC69C3D3_006140-T1	NCU01200-t26_2-p1	2.13e-206	562	100
FC69C3D3_006141-T1	NCU01201-t26_1-p1	1.74e-91	259	100
FC69C3D3_006142-T1	NCU01202-t26_1-p1	1.17e-193	529	100
FC69C3D3_006143-T1	NCU01203-t26_1-p1	1.27e-130	366	100
FC69C3D3_006144-T1	NCU01204-t26_2-p1	2.50e-22	86.3	100
FC69C3D3_006145-T1	NCU01205-t26_1-p1	2.71e-305	825	100
FC69C3D3_006146-T1	NCU01206-t26_1-p1	0.0	2401	100
FC69C3D3_006147-T1	NCU01207-t26_1-p1	0.0	1197	100
FC69C3D3_006148-T1	NCU01208-t26_2-p1	2.98e-303	827	99.8
FC69C3D3_006150-T1	NCU01209-t26_1-p1	2.27e-222	616	85.0
FC69C3D3_006152-T1	NCU01210-t26_1-p1	0.0	1603	100
FC69C3D3_006153-T1	NCU01211-t26_1-p1	9.93e-295	795	100
FC69C3D3_006154-T1	NCU01213-t26_1-p1	2.78e-182	498	100
FC69C3D3_006155-T1	NCU01215-t26_1-p1	4.07e-167	459	100
FC69C3D3_006158-T1	NCU01216-t26_1-p1	0.0	1101	100
FC69C3D3_006159-T1	NCU01218-t26_1-p1	9.35e-284	767	100
FC69C3D3_006160-T1	NCU01219-t26_1-p1	7.09e-75	218	100
FC69C3D3_006161-T1	NCU16988-t26_1-p1	5.77e-105	294	100
FC69C3D3_006162-T1	NCU01220-t26_1-p1	3.87e-220	603	100
FC69C3D3_006163-T1	NCU01221-t26_2-p1	2.91e-140	388	100
FC69C3D3_006165-T1	NCU01224-t26_1-p1	0.0	865	100
FC69C3D3_006166-T1	NCU01225-t26_1-p1	8.97e-174	476	100
FC69C3D3_006167-T1	NCU01227-t26_1-p1	4.10e-235	639	100
FC69C3D3_006168-T1	NCU01229-t26_1-p1	0.0	1167	100
FC69C3D3_006169-T1	NCU01230-t26_1-p1	0.0	888	100
FC69C3D3_006170-T1	NCU01231-t26_1-p1	0.0	1044	100
FC69C3D3_006171-T1	NCU01233-t26_1-p1	7.77e-211	574	100
FC69C3D3_006172-T1	NCU01234-t26_1-p1	1.58e-291	787	100
FC69C3D3_006173-T1	NCU01235-t26_1-p1	0.0	988	97.5
FC69C3D3_006174-T1	NCU01236-t26_1-p1	3.88e-293	791	100
FC69C3D3_006175-T1	NCU01238-t26_1-p1	0.0	3363	100
FC69C3D3_006176-T1	NCU01240-t26_1-p1	0.0	1043	100
FC69C3D3_006178-T1	NCU01241-t26_1-p1	0.0	1417	100
FC69C3D3_006179-T1	NCU01242-t26_1-p1	0.0	1285	100
FC69C3D3_006180-T1	NCU01243-t26_1-p1	0.0	1157	100
FC69C3D3_006181-T1	NCU01245-t26_1-p1	3.51e-287	786	100
FC69C3D3_006182-T1	NCU01246-t26_1-p1	5.23e-241	654	100
FC69C3D3_006183-T1	NCU01247-t26_1-p1	0.0	2051	100
FC69C3D3_006184-T1	NCU01248-t26_1-p1	8.70e-174	497	100
FC69C3D3_006185-T1	NCU01248-t26_1-p1	1.88e-287	791	99.8
FC69C3D3_006186-T1	NCU01249-t26_1-p1	2.08e-262	726	100
FC69C3D3_006187-T1	NCU01250-t26_1-p1	4.19e-219	595	100
FC69C3D3_006188-T1	NCU01252-t26_1-p1	0.0	1217	100
FC69C3D3_006189-T1	NCU01253-t26_1-p1	2.74e-287	782	100
FC69C3D3_006190-T1	NCU01254-t26_1-p1	0.0	1211	96.6
FC69C3D3_006191-T1	NCU01255-t26_1-p1	0.0	1789	100
FC69C3D3_006192-T1	NCU01256-t26_1-p1	0.0	1001	100
FC69C3D3_006193-T1	NCU01257-t26_1-p1	8.53e-236	649	100
FC69C3D3_006194-T1	NCU01258-t26_1-p1	9.52e-116	323	100
FC69C3D3_006195-T1	NCU01259-t26_1-p1	1.49e-199	548	100
FC69C3D3_006196-T1	NCU01260-t26_1-p1	0.0	4392	98.2
FC69C3D3_006197-T1	NCU01266-t26_1-p1	0.0	1910	100
FC69C3D3_006198-T1	NCU01267-t26_1-p1	0.0	1204	100
FC69C3D3_006199-T1	NCU01268-t26_1-p1	7.53e-223	607	100
FC69C3D3_006200-T1	NCU01269-t26_1-p1	3.42e-252	694	99.1
FC69C3D3_006201-T1	NCU01270-t26_2-p1	0.0	948	100
FC69C3D3_006202-T1	NCU01271-t26_1-p1	0.0	969	100
FC69C3D3_006203-T1	NCU01272-t26_1-p1	0.0	2011	100
FC69C3D3_006204-T1	NCU01273-t26_2-p1	2.17e-231	642	98.7
FC69C3D3_006205-T1	NCU01274-t26_1-p1	0.0	942	100
FC69C3D3_006206-T1	NCU01275-t26_1-p1	5.81e-240	652	100
FC69C3D3_006207-T1	NCU01276-t26_1-p1	2.54e-144	397	100
FC69C3D3_006208-T1	NCU01277-t26_1-p1	2.68e-263	716	95.0
FC69C3D3_006209-T1	NCU11027-t26_1-p1	0.0	2024	100
FC69C3D3_006210-T1	NCU01278-t26_1-p1	0.0	1559	100
FC69C3D3_006211-T1	NCU01279-t26_1-p1	0.0	865	100
FC69C3D3_006213-T1	NCU01282-t26_1-p1	5.50e-151	417	100
FC69C3D3_006214-T1	NCU01283-t26_1-p1	0.0	1256	93.3
FC69C3D3_006215-T1	NCU01284-t26_1-p1	6.80e-281	759	100
FC69C3D3_006216-T1	NCU01285-t26_1-p1	0.0	1136	97.0
FC69C3D3_006217-T1	NCU10476-t26_1-p1	3.19e-128	377	100
FC69C3D3_006218-T1	NCU10476-t26_2-p1	0.0	873	100
FC69C3D3_006219-T1	NCU01288-t26_1-p1	0.0	2937	99.0
FC69C3D3_006220-T1	NCU01289-t26_1-p1	0.0	917	100
FC69C3D3_006221-T1	NCU01290-t26_1-p1	2.21e-295	804	100
FC69C3D3_006222-T1	NCU01291-t26_1-p1	2.48e-300	815	100
FC69C3D3_006223-T1	NCU01292-t26_1-p1	4.42e-118	328	100
FC69C3D3_006224-T1	NCU01294-t26_1-p1	1.07e-237	665	100
FC69C3D3_006225-T1	NCU10467-t26_1-p1	2.98e-256	694	100
FC69C3D3_006226-T1	NCU10468-t26_1-p1	0.0	906	100
FC69C3D3_006227-T1	NCU01296-t26_1-p1	4.31e-173	475	100
FC69C3D3_006228-T1	NCU01297-t26_1-p1	1.88e-179	503	100
FC69C3D3_006229-T1	NCU01298-t26_1-p1	9.71e-101	288	99.4
FC69C3D3_006230-T1	NCU01299-t26_1-p1	5.71e-79	226	100
FC69C3D3_006231-T1	NCU01300-t26_1-p1	4.99e-168	461	100
FC69C3D3_006232-T1	NCU01301-t26_1-p1	4.61e-85	249	100
FC69C3D3_006233-T1	NCU01302-t26_1-p1	5.28e-289	781	91.0
FC69C3D3_006234-T1	NCU01303-t26_1-p1	2.08e-207	593	100
FC69C3D3_006235-T1	NCU01303-t26_1-p1	1.14e-303	840	100
FC69C3D3_006236-T1	NCU01304-t26_1-p1	0.0	1555	99.9
FC69C3D3_006237-T1	NCU01305-t26_1-p1	0.0	1052	94.9
FC69C3D3_006238-T1	NCU01306-t26_1-p1	1.11e-254	693	100
FC69C3D3_006239-T1	NCU01307-t26_1-p1	2.30e-146	407	100
FC69C3D3_006240-T1	NCU01309-t26_1-p1	0.0	1018	100
FC69C3D3_006241-T1	NCU01310-t26_1-p1	1.90e-233	646	94.0
FC69C3D3_006243-T1	NCU01312-t26_1-p1	3.64e-235	638	100
FC69C3D3_006244-T1	NCU01315-t26_1-p1	0.0	1896	95.1
FC69C3D3_006245-T1	NCU01317-t26_1-p1	1.10e-109	309	100
FC69C3D3_006246-T1	NCU01318-t26_1-p1	0.0	1566	100
FC69C3D3_006247-T1	NCU01319-t26_1-p1	0.0	989	99.8
FC69C3D3_006248-T1	NCU01320-t26_1-p1	1.30e-103	291	100
FC69C3D3_006249-T1	NCU01321-t26_1-p1	0.0	1206	100
FC69C3D3_006250-T1	NCU01322-t26_1-p1	1.26e-255	692	100
FC69C3D3_006251-T1	NCU01323-t26_1-p1	0.0	1947	100
FC69C3D3_006252-T1	NCU01324-t26_1-p1	0.0	1104	100
FC69C3D3_006253-T1	NCU01325-t26_1-p1	1.03e-182	501	100
FC69C3D3_006254-T1	NCU01326-t26_1-p1	4.81e-192	524	100
FC69C3D3_006255-T1	NCU01327-t26_1-p1	3.76e-227	641	100
FC69C3D3_006256-T1	NCU01328-t26_1-p1	0.0	1384	99.1
FC69C3D3_006257-T1	NCU01329-t26_1-p1	6.62e-283	771	100
FC69C3D3_006258-T1	NCU01330-t26_1-p1	0.0	1913	100
FC69C3D3_006259-T1	NCU01331-t26_1-p1	2.47e-87	248	100
FC69C3D3_006260-T1	NCU01332-t26_1-p1	3.70e-98	278	100
FC69C3D3_006261-T1	NCU01333-t26_1-p1	0.0	1207	100
FC69C3D3_006262-T1	NCU01335-t26_1-p1	0.0	2838	99.3
FC69C3D3_006263-T1	NCU01336-t26_1-p1	7.70e-242	670	100
FC69C3D3_006264-T1	NCU01337-t26_1-p1	1.49e-302	816	100
FC69C3D3_006265-T1	NCU01338-t26_1-p1	2.62e-214	582	100
FC69C3D3_006266-T1	NCU01339-t26_1-p1	3.64e-259	703	100
FC69C3D3_006267-T1	NCU01340-t26_1-p1	1.41e-142	395	100
FC69C3D3_006268-T1	NCU01341-t26_1-p1	7.47e-104	297	100
FC69C3D3_006269-T1	NCU01342-t26_1-p1	1.83e-152	421	100
FC69C3D3_006270-T1	NCU01343-t26_1-p1	4.97e-155	427	100
FC69C3D3_006271-T1	NCU01344-t26_1-p1	0.0	887	100
FC69C3D3_006272-T1	NCU01345-t26_2-p1	0.0	972	100
FC69C3D3_006273-T1	NCU01347-t26_1-p1	2.47e-238	649	100
FC69C3D3_006274-T1	NCU01348-t26_1-p1	2.76e-210	577	100
FC69C3D3_006275-T1	NCU01349-t26_1-p1	0.0	1132	100
FC69C3D3_006276-T1	NCU01351-t26_1-p1	1.14e-130	377	100
FC69C3D3_006277-T1	NCU01353-t26_1-p1	0.0	1122	100
FC69C3D3_006278-T1	NCU11138-t26_1-p1	0.0	2199	80.8
FC69C3D3_006279-T1	NCU01356-t26_1-p1	0.0	963	100
FC69C3D3_006280-T1	NCU01357-t26_1-p1	3.49e-165	454	100
FC69C3D3_006281-T1	NCU01358-t26_1-p1	0.0	1119	100
FC69C3D3_006282-T1	NCU01361-t26_1-p1	0.0	1865	100
FC69C3D3_006283-T1	NCU01362-t26_1-p1	0.0	1399	100
FC69C3D3_006284-T1	NCU01364-t26_1-p1	9.44e-270	729	100
FC69C3D3_006285-T1	NCU01366-t26_1-p1	0.0	2306	100
FC69C3D3_006286-T1	NCU01367-t26_1-p1	0.0	1014	100
FC69C3D3_006287-T1	NCU01368-t26_1-p1	2.92e-145	401	99.5
FC69C3D3_006288-T1	NCU01369-t26_1-p1	0.0	1192	100
FC69C3D3_006289-T1	NCU01370-t26_1-p1	0.0	1040	98.8
FC69C3D3_006290-T1	NCU01371-t26_1-p1	3.67e-160	440	100
FC69C3D3_006291-T1	NCU01373-t26_1-p1	3.80e-264	723	92.5
FC69C3D3_006292-T1	NCU01374-t26_1-p1	6.87e-241	652	100
FC69C3D3_006294-T1	NCU01376-t26_1-p1	0.0	1351	100
FC69C3D3_006295-T1	NCU01377-t26_1-p1	0.0	1275	100
FC69C3D3_006296-T1	NCU01378-t26_1-p1	0.0	1436	100
FC69C3D3_006297-T1	NCU01379-t26_1-p1	0.0	7453	100
FC69C3D3_006298-T1	NCU01380-t26_1-p1	1.42e-234	644	100
FC69C3D3_006299-T1	NCU01381-t26_1-p1	1.65e-135	375	100
FC69C3D3_006300-T1	NCU01382-t26_1-p1	0.0	1983	100
FC69C3D3_006301-T1	NCU01387-t26_1-p1	0.0	1776	100
FC69C3D3_006302-T1	NCU01388-t26_1-p1	1.82e-316	850	100
FC69C3D3_006303-T1	NCU01389-t26_1-p1	1.89e-284	769	100
FC69C3D3_006304-T1	NCU01390-t26_1-p1	5.00e-181	501	100
FC69C3D3_006305-T1	NCU01391-t26_1-p1	3.91e-55	164	100
FC69C3D3_006306-T1	NCU01393-t26_1-p1	2.08e-272	737	100
FC69C3D3_006307-T1	NCU01395-t26_1-p1	0.0	1003	100
FC69C3D3_006309-T1	NCU01397-t26_1-p1	1.12e-179	498	100
FC69C3D3_006310-T1	NCU01398-t26_1-p1	9.36e-241	651	100
FC69C3D3_006311-T1	NCU01399-t26_1-p1	2.42e-196	538	100
FC69C3D3_006312-T1	NCU01400-t26_1-p1	8.55e-45	137	100
FC69C3D3_006313-T1	NCU01401-t26_1-p1	5.49e-248	672	100
FC69C3D3_006314-T1	NCU01402-t26_1-p1	0.0	1035	100
FC69C3D3_006315-T1	NCU01404-t26_1-p1	0.0	1153	100
FC69C3D3_006316-T1	NCU10337-t26_1-p1	0.0	3241	97.1
FC69C3D3_006317-T1	NCU01407-t26_1-p1	1.09e-317	862	99.6
FC69C3D3_006318-T1	NCU01408-t26_1-p1	0.0	986	100
FC69C3D3_006319-T1	NCU01409-t26_1-p1	0.0	1392	100
FC69C3D3_006320-T1	NCU01410-t26_1-p1	3.72e-178	491	100
FC69C3D3_006322-T1	NCU01411-t26_1-p1	0.0	932	85.0
FC69C3D3_006323-T1	NCU01412-t26_1-p1	3.55e-304	823	100
FC69C3D3_006324-T1	NCU01413-t26_1-p1	0.0	1346	100
FC69C3D3_006325-T1	NCU01414-t26_1-p1	0.0	1187	100
FC69C3D3_006326-T1	NCU10417-t26_1-p1	1.76e-211	576	100
FC69C3D3_006328-T1	NCU01417-t26_1-p1	0.0	1377	98.9
FC69C3D3_006329-T1	NCU01418-t26_1-p1	1.36e-88	256	100
FC69C3D3_006330-T1	NCU01419-t26_1-p1	2.23e-246	668	100
FC69C3D3_006331-T1	NCU01420-t26_1-p1	1.53e-274	743	100
FC69C3D3_006332-T1	NCU01421-t26_1-p1	0.0	981	100
FC69C3D3_006333-T1	NCU01422-t26_1-p1	1.04e-108	305	100
FC69C3D3_006334-T1	NCU01424-t26_1-p1	1.01e-106	298	100
FC69C3D3_006335-T1	NCU01425-t26_1-p1	3.61e-190	521	100
FC69C3D3_006336-T1	NCU01426-t26_1-p1	4.07e-196	544	92.1
FC69C3D3_006337-T1	NCU01427-t26_1-p1	1.92e-312	843	100
FC69C3D3_006338-T1	NCU06636-t26_1-p1	6.74e-195	533	100
FC69C3D3_006339-T1	NCU06637-t26_1-p1	0.0	1030	100
FC69C3D3_006340-T1	NCU06638-t26_1-p1	0.0	1204	99.7
FC69C3D3_006343-T1	NCU06643-t26_1-p1	1.68e-84	241	100
FC69C3D3_006344-T1	NCU06644-t26_1-p1	0.0	2038	100
FC69C3D3_006345-T1	NCU06646-t26_1-p1	6.12e-44	134	100
FC69C3D3_006346-T1	NCU06647-t26_1-p1	1.50e-188	518	100
FC69C3D3_006347-T1	NCU06648-t26_1-p1	0.0	1792	100
FC69C3D3_006348-T1	NCU06649-t26_1-p1	0.0	1982	100
FC69C3D3_006349-T1	NCU06650-t26_1-p1	5.15e-137	379	100
FC69C3D3_006350-T1	NCU06652-t26_1-p1	3.95e-284	767	100
FC69C3D3_006351-T1	NCU06653-t26_1-p1	1.81e-87	249	95.6
FC69C3D3_006352-T1	NCU06654-t26_1-p1	0.0	1397	100
FC69C3D3_006353-T1	NCU06655-t26_1-p1	1.34e-301	815	100
FC69C3D3_006354-T1	NCU06656-t26_1-p1	0.0	1721	100
FC69C3D3_006355-T1	NCU06658-t26_1-p1	0.0	940	100
FC69C3D3_006356-T1	NCU06659-t26_1-p1	2.74e-296	802	99.0
FC69C3D3_006357-T1	NCU06660-t26_1-p1	4.21e-31	101	100
FC69C3D3_006358-T1	NCU06661-t26_1-p1	1.18e-84	241	100
FC69C3D3_006359-T1	NCU06662-t26_1-p1	1.29e-247	670	100
FC69C3D3_006360-T1	NCU06663-t26_1-p1	1.21e-185	509	100
FC69C3D3_006361-T1	NCU06664-t26_1-p1	7.60e-168	461	100
FC69C3D3_006362-T1	NCU10546-t26_1-p1	0.0	1179	100
FC69C3D3_006363-T1	NCU06666-t26_1-p1	0.0	1070	100
FC69C3D3_006364-T1	NCU06668-t26_1-p1	1.10e-137	409	100
FC69C3D3_006365-T1	NCU06669-t26_1-p1	0.0	1491	100
FC69C3D3_006366-T1	NCU06672-t26_2-p1	0.0	1409	100
FC69C3D3_006367-T1	NCU06673-t26_1-p1	1.78e-274	744	100
FC69C3D3_006368-T1	NCU11337-t26_1-p1	2.51e-39	122	100
FC69C3D3_006369-T1	NCU06674-t26_1-p1	1.47e-171	473	100
FC69C3D3_006370-T1	NCU06675-t26_1-p1	0.0	1209	100
FC69C3D3_006371-T1	NCU06676-t26_1-p1	3.79e-231	651	100
FC69C3D3_006372-T1	NCU06676-t26_1-p1	4.41e-270	752	83.3
FC69C3D3_006373-T1	NCU06677-t26_1-p1	3.94e-164	451	100
FC69C3D3_006374-T1	NCU06678-t26_1-p1	0.0	2823	100
FC69C3D3_006375-T1	NCU06679-t26_1-p1	4.95e-284	772	100
FC69C3D3_006376-T1	NCU06680-t26_1-p1	0.0	2029	100
FC69C3D3_006377-T1	NCU06681-t26_1-p1	0.0	1180	100
FC69C3D3_006378-T1	NCU06684-t26_1-p1	0.0	1214	100
FC69C3D3_006379-T1	NCU06685-t26_1-p1	0.0	1151	100
FC69C3D3_006382-T1	NCU06687-t26_1-p1	0.0	1433	100
FC69C3D3_006383-T1	NCU06688-t26_1-p1	0.0	1394	100
FC69C3D3_006384-T1	NCU06689-t26_1-p1	9.66e-181	494	100
FC69C3D3_006385-T1	NCU06691-t26_1-p1	2.28e-222	611	100
FC69C3D3_006386-T1	NCU06693-t26_1-p1	3.15e-204	556	100
FC69C3D3_006387-T1	NCU06694-t26_1-p1	3.73e-249	675	100
FC69C3D3_006388-T1	NCU06695-t26_1-p1	1.70e-99	281	100
FC69C3D3_006389-T1	NCU06696-t26_1-p1	0.0	2694	100
FC69C3D3_006390-T1	NCU06697-t26_1-p1	0.0	1379	96.6
FC69C3D3_006391-T1	NCU06698-t26_2-p1	0.0	1296	100
FC69C3D3_006392-T1	NCU06699-t26_1-p1	8.53e-318	860	100
FC69C3D3_006393-T1	NCU06700-t26_1-p1	6.84e-237	642	100
FC69C3D3_006394-T1	NCU06701-t26_1-p1	0.0	1185	86.6
FC69C3D3_006396-T1	NCU06702-t26_1-p1	6.65e-118	329	100
FC69C3D3_006397-T1	NCU06703-t26_1-p1	0.0	1297	96.7
FC69C3D3_006398-T1	NCU11118-t26_1-p1	5.43e-70	206	100
FC69C3D3_006399-T1	NCU06704-t26_1-p1	5.22e-41	127	100
FC69C3D3_006400-T1	NCU17008-t26_1-p1	2.21e-73	230	100
FC69C3D3_006401-T1	NCU17009-t26_1-p1	6.32e-165	458	100
FC69C3D3_006402-T1	NCU06706-t26_1-p1	3.40e-240	652	100
FC69C3D3_006404-T1	NCU06707-t26_1-p1	6.87e-92	280	100
FC69C3D3_006405-T1	NCU06708-t26_1-p1	2.88e-152	420	100
FC69C3D3_006406-T1	NCU06709-t26_1-p1	6.60e-319	862	100
FC69C3D3_006407-T1	NCU06710-t26_1-p1	0.0	1285	100
FC69C3D3_006408-T1	NCU06711-t26_1-p1	7.06e-176	482	100
FC69C3D3_006409-T1	NCU06712-t26_1-p1	6.28e-189	516	100
FC69C3D3_006410-T1	NCU06713-t26_1-p1	1.37e-84	241	100
FC69C3D3_006411-T1	NCU06714-t26_1-p1	0.0	1725	100
FC69C3D3_006412-T1	NCU06715-t26_1-p1	0.0	2809	100
FC69C3D3_006413-T1	NCU06716-t26_2-p1	1.65e-273	739	100
FC69C3D3_006414-T1	NCU06717-t26_1-p1	1.34e-243	661	100
FC69C3D3_006415-T1	NCU06718-t26_1-p1	0.0	1055	100
FC69C3D3_006416-T1	NCU06719-t26_1-p1	2.18e-165	454	100
FC69C3D3_006417-T1	NCU06720-t26_1-p1	0.0	1202	100
FC69C3D3_006418-T1	NCU06721-t26_1-p1	2.09e-312	843	100
FC69C3D3_006419-T1	NCU06722-t26_1-p1	0.0	950	100
FC69C3D3_006422-T1	NCU06724-t26_1-p1	2.36e-285	768	100
FC69C3D3_006423-T1	NCU06725-t26_1-p1	9.35e-173	489	100
FC69C3D3_006424-T1	NCU06726-t26_1-p1	2.50e-223	609	100
FC69C3D3_006425-T1	NCU06727-t26_1-p1	3.33e-220	598	99.3
FC69C3D3_006426-T1	NCU06729-t26_1-p1	2.12e-264	715	100
FC69C3D3_006427-T1	NCU06731-t26_1-p1	0.0	920	94.0
FC69C3D3_006428-T1	NCU06732-t26_1-p1	0.0	1261	100
FC69C3D3_006429-T1	NCU06733-t26_2-p1	0.0	3488	100
FC69C3D3_006430-T1	NCU09527-t26_1-p1	1.65e-240	656	100
FC69C3D3_006431-T1	NCU09528-t26_1-p1	1.41e-155	429	100
FC69C3D3_006432-T1	NCU09529-t26_1-p1	0.0	999	100
FC69C3D3_006433-T1	NCU09532-t26_1-p1	1.76e-242	657	100
FC69C3D3_006434-T1	NCU09533-t26_1-p1	4.72e-313	843	100
FC69C3D3_006435-T1	NCU09534-t26_1-p1	1.84e-124	348	100
FC69C3D3_006436-T1	NCU09535-t26_1-p1	0.0	894	97.4
FC69C3D3_006437-T1	NCU09536-t26_1-p1	0.0	1769	100
FC69C3D3_006438-T1	NCU09537-t26_1-p1	0.0	1686	100
FC69C3D3_006439-T1	NCU09538-t26_1-p1	0.0	945	100
FC69C3D3_006440-T1	NCU09539-t26_1-p1	1.87e-80	230	100
FC69C3D3_006441-T1	NCU09540-t26_1-p1	0.0	1196	100
FC69C3D3_006442-T1	NCU09541-t26_1-p1	1.78e-293	795	100
FC69C3D3_006443-T1	NCU09542-t26_1-p1	1.93e-200	548	100
FC69C3D3_006444-T1	NCU09543-t26_1-p1	1.99e-211	575	100
FC69C3D3_006445-T1	NCU09544-t26_2-p1	3.42e-233	647	100
FC69C3D3_006446-T1	NCU09545-t26_1-p1	0.0	1385	100
FC69C3D3_006447-T1	NCU09546-t26_1-p1	3.88e-251	681	100
FC69C3D3_006448-T1	NCU09547-t26_1-p1	0.0	1100	100
FC69C3D3_006449-T1	NCU09548-t26_1-p1	0.0	1137	100
FC69C3D3_006450-T1	NCU09549-t26_1-p1	0.0	1157	100
FC69C3D3_006451-T1	NCU09550-t26_1-p1	0.0	900	100
FC69C3D3_006452-T1	NCU09551-t26_1-p1	0.0	1100	100
FC69C3D3_006453-T1	NCU09552-t26_1-p1	0.0	2095	100
FC69C3D3_006454-T1	NCU09553-t26_1-p1	1.15e-221	603	100
FC69C3D3_006455-T1	NCU09556-t26_1-p1	3.04e-135	395	99.1
FC69C3D3_006456-T1	NCU01480-t26_1-p1	0.0	1191	100
FC69C3D3_006457-T1	NCU01479-t26_1-p1	0.0	1710	100
FC69C3D3_006458-T1	NCU01478-t26_1-p1	0.0	1787	100
FC69C3D3_006459-T1	NCU01477-t26_1-p1	4.87e-146	424	100
FC69C3D3_006460-T1	NCU01476-t26_1-p1	1.48e-207	590	100
FC69C3D3_006461-T1	NCU01475-t26_1-p1	1.76e-162	452	100
FC69C3D3_006462-T1	NCU01474-t26_2-p1	5.12e-253	686	100
FC69C3D3_006463-T1	NCU01473-t26_1-p1	2.35e-311	842	100
FC69C3D3_006464-T1	NCU01471-t26_1-p1	5.47e-288	778	100
FC69C3D3_006465-T1	NCU01470-t26_1-p1	4.01e-222	625	100
FC69C3D3_006466-T1	NCU17017-t26_1-p1	4.26e-126	356	100
FC69C3D3_006467-T1	NCU01469-t26_1-p1	1.48e-197	540	100
FC69C3D3_006468-T1	NCU01468-t26_1-p1	5.57e-278	758	100
FC69C3D3_006469-T1	NCU01467-t26_1-p1	3.30e-57	169	100
FC69C3D3_006470-T1	NCU01466-t26_1-p1	0.0	1008	100
FC69C3D3_006471-T1	NCU01465-t26_1-p1	0.0	2770	100
FC69C3D3_006472-T1	NCU01464-t26_1-p1	1.22e-293	798	100
FC69C3D3_006473-T1	NCU01463-t26_1-p1	2.20e-35	124	70.9
FC69C3D3_006474-T1	NCU01462-t26_1-p1	1.63e-216	590	100
FC69C3D3_006475-T1	NCU01461-t26_1-p1	0.0	2422	100
FC69C3D3_006476-T1	NCU01460-t26_1-p1	1.05e-74	215	100
FC69C3D3_006477-T1	NCU01459-t26_1-p1	1.26e-253	693	100
FC69C3D3_006478-T1	NCU01458-t26_1-p1	2.36e-130	363	100
FC69C3D3_006479-T1	NCU01457-t26_1-p1	0.0	1384	100
FC69C3D3_006480-T1	NCU01456-t26_1-p1	2.35e-277	753	100
FC69C3D3_006481-T1	NCU01455-t26_1-p1	0.0	1154	100
FC69C3D3_006482-T1	NCU01454-t26_1-p1	1.14e-245	667	98.6
FC69C3D3_006483-T1	NCU01453-t26_2-p1	5.86e-148	408	100
FC69C3D3_006484-T1	NCU01452-t26_1-p1	3.71e-172	473	96.5
FC69C3D3_006485-T1	NCU01449-t26_1-p1	1.21e-42	142	97.1
FC69C3D3_006486-T1	NCU01449-t26_1-p1	6.07e-212	586	99.7
FC69C3D3_006487-T1	NCU01447-t26_1-p1	6.99e-76	220	100
FC69C3D3_006488-T1	NCU01446-t26_1-p1	9.67e-178	486	100
FC69C3D3_006489-T1	NCU01445-t26_1-p1	0.0	1068	100
FC69C3D3_006490-T1	NCU01444-t26_1-p1	3.75e-136	377	100
FC69C3D3_006491-T1	NCU01443-t26_1-p1	2.02e-309	838	93.5
FC69C3D3_006492-T1	NCU17018-t26_1-p1	2.75e-138	384	100
FC69C3D3_006493-T1	NCU01442-t26_1-p1	1.15e-127	368	100
FC69C3D3_006494-T1	NCU01441-t26_1-p1	2.17e-141	390	100
FC69C3D3_006495-T1	NCU10220-t26_1-p1	1.14e-126	352	100
FC69C3D3_006496-T1	NCU01440-t26_1-p1	0.0	2753	100
FC69C3D3_006497-T1	NCU01439-t26_1-p1	0.0	902	100
FC69C3D3_006498-T1	NCU01438-t26_1-p1	1.02e-247	677	100
FC69C3D3_006499-T1	NCU10143-t26_1-p1	0.0	2672	100
FC69C3D3_006500-T1	NCU10144-t26_1-p1	2.50e-311	838	100
FC69C3D3_006501-T1	NCU01436-t26_1-p1	2.42e-66	192	100
FC69C3D3_006502-T1	NCU01435-t26_1-p1	0.0	1083	100
FC69C3D3_006503-T1	NCU01434-t26_1-p1	5.82e-104	294	100
FC69C3D3_006504-T1	NCU01433-t26_1-p1	0.0	985	100
FC69C3D3_006505-T1	NCU01432-t26_1-p1	1.99e-98	278	100
FC69C3D3_006506-T1	NCU01431-t26_1-p1	0.0	3096	100
FC69C3D3_006507-T1	NCU01430-t26_1-p1	0.0	1436	100
FC69C3D3_006508-T1	NCU01429-t26_1-p1	2.73e-309	835	100
FC69C3D3_006509-T1	NCU01428-t26_1-p1	2.21e-97	275	100
FC69C3D3_006510-T1	NCU04095-t26_1-p1	0.0	2263	100
FC69C3D3_006511-T1	NCU04096-t26_1-p1	0.0	1420	100
FC69C3D3_006512-T1	NCU04097-t26_1-p1	2.64e-222	603	100
FC69C3D3_006513-T1	NCU04098-t26_1-p1	1.15e-112	315	100
FC69C3D3_006514-T1	NCU04099-t26_1-p1	1.79e-297	802	100
FC69C3D3_006515-T1	NCU04100-t26_1-p1	0.0	1307	100
FC69C3D3_006516-T1	NCU04101-t26_1-p1	0.0	1242	100
FC69C3D3_006517-T1	NCU04102-t26_1-p1	0.0	1284	100
FC69C3D3_006518-T1	NCU04104-t26_1-p1	0.0	1892	100
FC69C3D3_006519-T1	NCU04105-t26_2-p1	0.0	3278	100
FC69C3D3_006520-T1	NCU04106-t26_1-p1	8.53e-255	691	100
FC69C3D3_006521-T1	NCU04108-t26_1-p1	0.0	1150	100
FC69C3D3_006522-T1	NCU04109-t26_1-p1	7.09e-191	522	100
FC69C3D3_006523-T1	NCU04110-t26_1-p1	0.0	937	100
FC69C3D3_006524-T1	NCU04111-t26_1-p1	0.0	1109	100
FC69C3D3_006525-T1	NCU04112-t26_1-p1	0.0	1879	100
FC69C3D3_006526-T1	NCU04113-t26_1-p1	0.0	1841	100
FC69C3D3_006527-T1	NCU04114-t26_1-p1	4.63e-52	155	100
FC69C3D3_006528-T1	NCU04115-t26_1-p1	3.73e-166	457	100
FC69C3D3_006529-T1	NCU04116-t26_1-p1	1.35e-272	739	100
FC69C3D3_006530-T1	NCU04117-t26_1-p1	0.0	1494	100
FC69C3D3_006531-T1	NCU04118-t26_1-p1	0.0	1016	100
FC69C3D3_006532-T1	NCU04119-t26_1-p1	1.92e-234	640	100
FC69C3D3_006533-T1	NCU04120-t26_1-p1	6.23e-82	236	100
FC69C3D3_006534-T1	NCU04121-t26_1-p1	0.0	1281	99.7
FC69C3D3_006535-T1	NCU04122-t26_1-p1	4.09e-195	533	100
FC69C3D3_006536-T1	NCU04124-t26_1-p1	0.0	1317	100
FC69C3D3_006537-T1	NCU04125-t26_1-p1	0.0	2405	100
FC69C3D3_006540-T1	NCU04447-t26_1-p1	4.68e-38	123	55.0
FC69C3D3_006541-T1	NCU04127-t26_1-p1	3.88e-46	140	100
FC69C3D3_006542-T1	NCU04128-t26_1-p1	1.02e-270	731	100
FC69C3D3_006544-T1	NCU04129-t26_1-p1	1.40e-248	673	100
FC69C3D3_006545-T1	NCU04130-t26_1-p1	0.0	1206	100
FC69C3D3_006546-T1	NCU04131-t26_1-p1	0.0	1062	91.2
FC69C3D3_006547-T1	NCU04133-t26_1-p1	0.0	2041	100
FC69C3D3_006548-T1	NCU04134-t26_1-p1	4.48e-127	352	100
FC69C3D3_006549-T1	NCU04135-t26_1-p1	1.35e-162	450	100
FC69C3D3_006550-T1	NCU04136-t26_1-p1	0.0	1358	100
FC69C3D3_006551-T1	NCU04137-t26_1-p1	0.0	1038	95.7
FC69C3D3_006552-T1	NCU04138-t26_1-p1	9.21e-118	333	100
FC69C3D3_006553-T1	NCU04140-t26_1-p1	3.36e-84	242	100
FC69C3D3_006554-T1	NCU04142-t26_1-p1	0.0	1260	100
FC69C3D3_006556-T1	NCU04143-t26_1-p1	0.0	1539	100
FC69C3D3_006557-T1	NCU04144-t26_1-p1	0.0	1140	100
FC69C3D3_006558-T1	NCU04145-t26_1-p1	0.0	936	100
FC69C3D3_006559-T1	NCU04148-t26_1-p1	2.86e-25	87.8	100
FC69C3D3_006560-T1	NCU04149-t26_1-p1	0.0	991	98.3
FC69C3D3_006561-T1	NCU04150-t26_1-p1	1.28e-190	526	100
FC69C3D3_006562-T1	NCU04151-t26_1-p1	4.60e-100	293	100
FC69C3D3_006563-T1	NCU04152-t26_1-p1	0.0	1249	99.7
FC69C3D3_006564-T1	NCU04153-t26_1-p1	0.0	884	100
FC69C3D3_006565-T1	NCU04154-t26_1-p1	1.79e-206	570	100
FC69C3D3_006566-T1	NCU04155-t26_1-p1	1.09e-150	416	100
FC69C3D3_006567-T1	NCU04156-t26_1-p1	2.73e-174	479	100
FC69C3D3_006568-T1	NCU04158-t26_1-p1	0.0	949	100
FC69C3D3_006569-T1	NCU04159-t26_1-p1	1.66e-128	357	100
FC69C3D3_006570-T1	NCU04160-t26_1-p1	5.23e-209	573	100
FC69C3D3_006571-T1	NCU04161-t26_1-p1	0.0	2731	100
FC69C3D3_006572-T1	NCU04163-t26_1-p1	8.48e-104	306	100
FC69C3D3_006573-T1	NCU04164-t26_1-p1	1.19e-169	474	100
FC69C3D3_006574-T1	NCU04165-t26_1-p1	3.36e-297	803	100
FC69C3D3_006575-T1	NCU04166-t26_1-p1	0.0	1238	100
FC69C3D3_006576-T1	NCU04167-t26_1-p1	0.0	1494	100
FC69C3D3_006577-T1	NCU04168-t26_1-p1	1.10e-316	854	100
FC69C3D3_006578-T1	NCU04169-t26_1-p1	1.00e-297	803	100
FC69C3D3_006579-T1	NCU04170-t26_2-p1	0.0	3443	100
FC69C3D3_006580-T1	NCU04171-t26_1-p1	1.48e-258	700	100
FC69C3D3_006581-T1	NCU04172-t26_1-p1	8.53e-173	474	100
FC69C3D3_006582-T1	NCU04173-t26_1-p1	4.07e-279	754	100
FC69C3D3_006583-T1	NCU04174-t26_1-p1	4.05e-139	389	100
FC69C3D3_006584-T1	NCU04175-t26_1-p1	2.57e-77	222	100
FC69C3D3_006585-T1	NCU04176-t26_1-p1	0.0	1762	100
FC69C3D3_006586-T1	NCU04177-t26_1-p1	2.56e-80	229	100
FC69C3D3_006587-T1	NCU04179-t26_1-p1	3.82e-296	807	87.4
FC69C3D3_006589-T1	NCU04180-t26_1-p1	4.71e-250	678	100
FC69C3D3_006590-T1	NCU04182-t26_1-p1	1.17e-226	622	100
FC69C3D3_006591-T1	NCU04185-t26_1-p1	2.53e-294	794	100
FC69C3D3_006592-T1	NCU04187-t26_1-p1	0.0	1531	100
FC69C3D3_006593-T1	NCU04188-t26_1-p1	1.07e-105	298	100
FC69C3D3_006594-T1	NCU04189-t26_1-p1	0.0	1017	100
FC69C3D3_006595-T1	NCU04190-t26_1-p1	0.0	2158	100
FC69C3D3_006596-T1	NCU04191-t26_1-p1	7.25e-297	800	100
FC69C3D3_006597-T1	NCU04192-t26_1-p1	0.0	1062	100
FC69C3D3_006598-T1	NCU04193-t26_1-p1	2.45e-197	540	100
FC69C3D3_006599-T1	NCU04194-t26_1-p1	0.0	1089	100
FC69C3D3_006600-T1	NCU04195-t26_1-p1	0.0	873	89.2
FC69C3D3_006601-T1	NCU04196-t26_1-p1	0.0	990	100
FC69C3D3_006602-T1	NCU04197-t26_1-p1	1.06e-86	246	100
FC69C3D3_006603-T1	NCU04198-t26_1-p1	0.0	942	100
FC69C3D3_006604-T1	NCU04199-t26_1-p1	8.73e-251	682	100
FC69C3D3_006605-T1	NCU04201-t26_1-p1	0.0	1899	96.2
FC69C3D3_006607-T1	NCU04202-t26_1-p1	9.74e-113	319	100
FC69C3D3_006608-T1	NCU04203-t26_1-p1	0.0	2044	100
FC69C3D3_006609-T1	NCU04205-t26_1-p1	7.05e-258	697	100
FC69C3D3_006610-T1	NCU04207-t26_1-p1	0.0	1642	100
FC69C3D3_006611-T1	NCU04209-t26_1-p1	4.44e-110	313	93.7
FC69C3D3_006612-T1	NCU04211-t26_1-p1	1.65e-71	211	98.2
FC69C3D3_006613-T1	NCU04212-t26_1-p1	0.0	974	95.1
FC69C3D3_006614-T1	NCU04213-t26_1-p1	1.95e-80	232	78.4
FC69C3D3_006615-T1	NCU04216-t26_1-p1	0.0	1085	100
FC69C3D3_006617-T1	NCU04218-t26_1-p1	7.42e-240	650	100
FC69C3D3_006618-T1	NCU04219-t26_1-p1	0.0	1328	100
FC69C3D3_006619-T1	NCU04221-t26_1-p1	0.0	1519	100
FC69C3D3_006620-T1	NCU04222-t26_1-p1	9.61e-95	290	100
FC69C3D3_006621-T1	NCU04223-t26_1-p1	0.0	1769	99.0
FC69C3D3_006622-T1	NCU04224-t26_1-p1	2.63e-267	728	81.2
FC69C3D3_006623-T1	NCU04225-t26_1-p1	1.94e-154	426	100
FC69C3D3_006624-T1	NCU04227-t26_1-p1	6.94e-250	679	100
FC69C3D3_006625-T1	NCU04228-t26_1-p1	3.45e-250	677	100
FC69C3D3_006626-T1	NCU04229-t26_1-p1	0.0	2222	100
FC69C3D3_006627-T1	NCU04230-t26_1-p1	0.0	1101	100
FC69C3D3_006628-T1	NCU04231-t26_1-p1	0.0	1344	100
FC69C3D3_006629-T1	NCU04232-t26_1-p1	6.22e-275	745	100
FC69C3D3_006630-T1	NCU04233-t26_1-p1	0.0	1292	97.1
FC69C3D3_006631-T1	NCU04234-t26_1-p1	0.0	1318	100
FC69C3D3_006632-T1	NCU04236-t26_1-p1	0.0	1058	96.5
FC69C3D3_006633-T1	NCU04237-t26_1-p1	9.65e-184	503	100
FC69C3D3_006634-T1	NCU04238-t26_1-p1	1.68e-283	773	100
FC69C3D3_006635-T1	NCU17030-t26_1-p1	1.53e-290	807	100
FC69C3D3_006636-T1	NCU04241-t26_1-p1	0.0	1139	98.3
FC69C3D3_006637-T1	NCU04243-t26_1-p1	2.14e-211	576	100
FC69C3D3_006638-T1	NCU04244-t26_1-p1	2.18e-215	589	100
FC69C3D3_006639-T1	NCU04245-t26_1-p1	0.0	1031	100
FC69C3D3_006640-T1	NCU04246-t26_1-p1	3.93e-174	479	98.8
FC69C3D3_006641-T1	NCU04247-t26_1-p1	1.13e-283	766	100
FC69C3D3_006642-T1	NCU04249-t26_1-p1	6.19e-89	254	100
FC69C3D3_006643-T1	NCU04251-t26_1-p1	0.0	1783	100
FC69C3D3_006644-T1	NCU04252-t26_1-p1	0.0	1364	100
FC69C3D3_006645-T1	NCU04254-t26_1-p1	0.0	2813	100
FC69C3D3_006646-T1	NCU04255-t26_1-p1	0.0	1189	100
FC69C3D3_006647-T1	NCU04256-t26_1-p1	3.60e-310	840	100
FC69C3D3_006648-T1	NCU04258-t26_1-p1	0.0	3065	100
FC69C3D3_006649-T1	NCU04259-t26_1-p1	0.0	1132	100
FC69C3D3_006650-T1	NCU04260-t26_1-p1	1.00e-297	803	100
FC69C3D3_006651-T1	NCU04262-t26_1-p1	0.0	947	100
FC69C3D3_006652-T1	NCU04264-t26_1-p1	0.0	1816	100
FC69C3D3_006653-T1	NCU04265-t26_1-p1	0.0	1425	100
FC69C3D3_006654-T1	NCU04266-t26_1-p1	9.14e-59	173	100
FC69C3D3_006655-T1	NCU04267-t26_1-p1	8.78e-85	266	100
FC69C3D3_006656-T1	NCU04268-t26_1-p1	3.42e-287	777	100
FC69C3D3_006657-T1	NCU04269-t26_1-p1	0.0	953	100
FC69C3D3_006658-T1	NCU04270-t26_1-p1	0.0	1391	100
FC69C3D3_006659-T1	NCU11098-t26_1-p1	0.0	931	100
FC69C3D3_006660-T1	NCU04272-t26_1-p1	0.0	1723	100
FC69C3D3_006661-T1	NCU04273-t26_1-p1	7.34e-235	651	100
FC69C3D3_006662-T1	NCU04274-t26_1-p1	5.72e-201	549	100
FC69C3D3_006663-T1	NCU04275-t26_1-p1	0.0	1139	100
FC69C3D3_006664-T1	NCU04276-t26_1-p1	6.38e-65	189	100
FC69C3D3_006665-T1	NCU04277-t26_1-p1	9.37e-265	716	100
FC69C3D3_006666-T1	NCU04279-t26_1-p1	0.0	1333	100
FC69C3D3_006667-T1	NCU04280-t26_1-p1	0.0	1599	100
FC69C3D3_006668-T1	NCU04281-t26_1-p1	3.69e-244	660	100
FC69C3D3_006669-T1	NCU04284-t26_1-p1	2.04e-76	219	100
FC69C3D3_006670-T1	NCU04285-t26_1-p1	2.08e-245	670	100
FC69C3D3_006671-T1	NCU04287-t26_1-p1	1.73e-158	436	100
FC69C3D3_006672-T1	NCU04288-t26_1-p1	1.70e-271	733	100
FC69C3D3_006673-T1	NCU04289-t26_1-p1	0.0	899	100
FC69C3D3_006674-T1	NCU04290-t26_2-p1	1.37e-207	591	100
FC69C3D3_006675-T1	NCU04291-t26_1-p1	7.24e-295	813	91.5
FC69C3D3_006676-T1	NCU04292-t26_1-p1	1.90e-306	826	100
FC69C3D3_006677-T1	NCU04293-t26_1-p1	1.24e-291	786	100
FC69C3D3_006678-T1	NCU04294-t26_1-p1	0.0	1401	76.0
FC69C3D3_006679-T1	NCU04297-t26_1-p1	0.0	1376	100
FC69C3D3_006680-T1	NCU04298-t26_1-p1	0.0	1088	100
FC69C3D3_006681-T1	NCU04299-t26_1-p1	0.0	1038	100
FC69C3D3_006682-T1	NCU04300-t26_1-p1	2.81e-108	316	100
FC69C3D3_006683-T1	NCU04301-t26_1-p1	5.51e-209	572	100
FC69C3D3_006684-T1	NCU04302-t26_1-p1	1.40e-107	301	94.3
FC69C3D3_006685-T1	NCU04303-t26_1-p1	0.0	1194	100
FC69C3D3_006686-T1	NCU04304-t26_1-p1	2.39e-202	552	100
FC69C3D3_006687-T1	NCU04305-t26_1-p1	3.74e-228	627	100
FC69C3D3_006688-T1	NCU04306-t26_1-p1	1.15e-289	786	100
FC69C3D3_006689-T1	NCU04307-t26_1-p1	6.40e-142	392	100
FC69C3D3_006690-T1	NCU04308-t26_1-p1	2.75e-108	304	100
FC69C3D3_006691-T1	NCU04309-t26_1-p1	1.32e-175	481	100
FC69C3D3_006692-T1	NCU04310-t26_1-p1	0.0	2030	100
FC69C3D3_006693-T1	NCU04312-t26_1-p1	0.0	915	100
FC69C3D3_006694-T1	NCU04313-t26_1-p1	0.0	955	100
FC69C3D3_006695-T1	NCU04314-t26_1-p1	1.30e-100	283	99.3
FC69C3D3_006696-T1	NCU04315-t26_1-p1	1.23e-236	643	100
FC69C3D3_006697-T1	NCU04316-t26_1-p1	0.0	1342	100
FC69C3D3_006698-T1	NCU04317-t26_1-p1	5.24e-150	413	100
FC69C3D3_006700-T1	NCU04319-t26_1-p1	0.0	1877	100
FC69C3D3_006701-T1	NCU04320-t26_1-p1	0.0	880	100
FC69C3D3_006702-T1	NCU04321-t26_1-p1	0.0	2216	100
FC69C3D3_006703-T1	NCU04322-t26_1-p1	0.0	1135	100
FC69C3D3_006704-T1	NCU04323-t26_2-p1	1.61e-260	705	100
FC69C3D3_006705-T1	NCU04324-t26_1-p1	3.54e-188	517	100
FC69C3D3_006706-T1	NCU04325-t26_1-p1	0.0	1458	100
FC69C3D3_006707-T1	NCU04326-t26_1-p1	0.0	1914	100
FC69C3D3_006708-T1	NCU04327-t26_1-p1	0.0	1636	100
FC69C3D3_006709-T1	NCU04328-t26_1-p1	0.0	965	100
FC69C3D3_006710-T1	NCU04329-t26_1-p1	0.0	2274	100
FC69C3D3_006711-T1	NCU04331-t26_1-p1	1.19e-211	577	100
FC69C3D3_006712-T1	NCU04332-t26_1-p1	5.56e-217	595	100
FC69C3D3_006713-T1	NCU04333-t26_1-p1	0.0	1704	100
FC69C3D3_006714-T1	NCU10077-t26_1-p1	0.0	1151	100
FC69C3D3_006715-T1	NCU08923-t26_1-p1	1.29e-47	152	100
FC69C3D3_006716-T1	NCU08924-t26_1-p1	0.0	1044	100
FC69C3D3_006717-T1	NCU08925-t26_1-p1	0.0	1047	100
FC69C3D3_006718-T1	NCU08926-t26_1-p1	0.0	3900	100
FC69C3D3_006720-T1	NCU08927-t26_1-p1	1.52e-292	790	100
FC69C3D3_006721-T1	NCU11102-t26_1-p1	0.0	866	100
FC69C3D3_006722-T1	NCU08928-t26_1-p1	0.0	1711	100
FC69C3D3_006723-T1	NCU08929-t26_1-p1	2.31e-108	312	100
FC69C3D3_006724-T1	NCU08930-t26_1-p1	8.74e-146	402	100
FC69C3D3_006725-T1	NCU08931-t26_1-p1	1.47e-121	363	100
FC69C3D3_006726-T1	NCU08933-t26_1-p1	2.29e-209	583	100
FC69C3D3_006727-T1	NCU08934-t26_1-p1	1.06e-229	627	100
FC69C3D3_006728-T1	NCU08935-t26_1-p1	0.0	1014	100
FC69C3D3_006729-T1	NCU08936-t26_1-p1	8.23e-279	756	100
FC69C3D3_006730-T1	NCU08938-t26_1-p1	8.37e-276	751	100
FC69C3D3_006731-T1	NCU08939-t26_1-p1	8.31e-305	821	100
FC69C3D3_006732-T1	NCU08940-t26_1-p1	3.86e-84	240	100
FC69C3D3_006733-T1	NCU08941-t26_1-p1	2.80e-276	750	100
FC69C3D3_006734-T1	NCU08942-t26_1-p1	2.74e-293	805	100
FC69C3D3_006735-T1	NCU08943-t26_1-p1	1.81e-201	550	100
FC69C3D3_006736-T1	NCU08944-t26_1-p1	7.34e-169	463	100
FC69C3D3_006737-T1	NCU08945-t26_1-p1	0.0	1346	100
FC69C3D3_006738-T1	NCU08946-t26_1-p1	1.47e-188	516	100
FC69C3D3_006739-T1	NCU08947-t26_1-p1	2.12e-78	224	100
FC69C3D3_006740-T1	NCU08948-t26_1-p1	0.0	924	100
FC69C3D3_006741-T1	NCU08949-t26_2-p1	2.92e-101	285	100
FC69C3D3_006742-T1	NCU08951-t26_1-p1	5.19e-140	391	100
FC69C3D3_006743-T1	NCU08952-t26_1-p1	2.72e-289	783	100
FC69C3D3_006744-T1	NCU08953-t26_1-p1	7.68e-145	420	100
FC69C3D3_006745-T1	NCU08954-t26_1-p1	8.60e-88	252	100
FC69C3D3_006746-T1	NCU08955-t26_1-p1	9.42e-171	475	100
FC69C3D3_006747-T1	NCU08956-t26_1-p1	1.77e-186	511	100
FC69C3D3_006748-T1	NCU08957-t26_1-p1	0.0	932	99.3
FC69C3D3_006749-T1	NCU08957-t26_1-p1	7.76e-154	461	100
FC69C3D3_006750-T1	NCU08959-t26_1-p1	7.09e-316	853	100
FC69C3D3_006751-T1	NCU08960-t26_1-p1	1.82e-46	144	100
FC69C3D3_006752-T1	NCU08961-t26_1-p1	0.0	1778	100
FC69C3D3_006753-T1	NCU08962-t26_1-p1	0.0	1150	100
FC69C3D3_006754-T1	NCU08963-t26_1-p1	1.54e-72	209	100
FC69C3D3_006755-T1	NCU08965-t26_1-p1	0.0	1041	98.3
FC69C3D3_006756-T1	NCU08966-t26_1-p1	0.0	2318	100
FC69C3D3_006758-T1	NCU08967-t26_1-p1	0.0	1075	100
FC69C3D3_006759-T1	NCU08968-t26_1-p1	7.98e-252	687	100
FC69C3D3_006760-T1	NCU08972-t26_1-p1	2.55e-132	367	100
FC69C3D3_006761-T1	NCU10061-t26_1-p1	4.98e-185	506	100
FC69C3D3_006762-T1	NCU10062-t26_1-p1	4.13e-171	486	100
FC69C3D3_006763-T1	NCU10063-t26_1-p1	3.60e-242	668	100
FC69C3D3_006764-T1	NCU09841-t26_1-p1	1.30e-122	340	100
FC69C3D3_006765-T1	NCU09842-t26_1-p1	2.08e-314	846	100
FC69C3D3_006766-T1	NCU09843-t26_1-p1	0.0	993	100
FC69C3D3_006767-T1	NCU09844-t26_1-p1	1.44e-256	696	100
FC69C3D3_006768-T1	NCU09845-t26_1-p1	1.23e-179	491	100
FC69C3D3_006769-T1	NCU09846-t26_1-p1	2.63e-312	875	100
FC69C3D3_006770-T1	NCU09847-t26_1-p1	0.0	1672	100
FC69C3D3_006771-T1	NCU09848-t26_1-p1	7.35e-179	489	100
FC69C3D3_006772-T1	NCU09851-t26_1-p1	1.42e-158	439	100
FC69C3D3_006773-T1	NCU09852-t26_1-p1	2.54e-261	711	100
FC69C3D3_006774-T1	NCU09853-t26_1-p1	8.94e-176	484	100
FC69C3D3_006775-T1	NCU09854-t26_1-p1	0.0	1465	100
FC69C3D3_006776-T1	NCU09855-t26_1-p1	7.85e-252	682	100
FC69C3D3_006777-T1	NCU09856-t26_1-p1	0.0	2047	98.7
FC69C3D3_006778-T1	NCU09857-t26_1-p1	0.0	1007	96.4
FC69C3D3_006779-T1	NCU09858-t26_1-p1	0.0	942	100
FC69C3D3_006780-T1	NCU09947-t26_1-p1	8.60e-197	538	100
FC69C3D3_006781-T1	NCU09948-t26_1-p1	6.21e-28	98.2	100
FC69C3D3_006782-T1	NCU09948-t26_1-p1	6.15e-112	314	100
FC69C3D3_006783-T1	NCU09949-t26_1-p1	8.15e-115	323	100
FC69C3D3_006784-T1	NCU09951-t26_1-p1	2.97e-137	379	100
FC69C3D3_006785-T1	NCU09952-t26_1-p1	1.94e-94	266	100
FC69C3D3_006786-T1	NCU09953-t26_1-p1	1.64e-82	238	82.1
FC69C3D3_006787-T1	NCU09954-t26_1-p1	0.0	1443	100
FC69C3D3_006788-T1	NCU09955-t26_1-p1	5.54e-103	305	98.8
FC69C3D3_006789-T1	NCU09957-t26_1-p1	2.77e-126	377	100
FC69C3D3_006790-T1	NCU09958-t26_1-p1	0.0	1150	100
FC69C3D3_006791-T1	NCU09959-t26_1-p1	1.77e-212	578	100
FC69C3D3_006793-T1	NCU09961-t26_1-p1	2.91e-34	110	100
FC69C3D3_006795-T1	NCU09964-t26_1-p1	1.48e-77	231	100
FC69C3D3_006796-T1	NCU09965-t26_1-p1	1.86e-252	688	100
FC69C3D3_006797-T1	NCU09966-t26_1-p1	0.0	872	94.0
FC69C3D3_006798-T1	NCU07249-t26_1-p1	0.0	1100	100
FC69C3D3_006799-T1	NCU17041-t26_1-p1	7.36e-230	631	74.3
FC69C3D3_006800-T1	NCU17042-t26_1-p1	0.0	970	100
FC69C3D3_006801-T1	NCU07247-t26_1-p1	0.0	912	100
FC69C3D3_006802-T1	NCU07246-t26_1-p1	0.0	1439	100
FC69C3D3_006803-T1	NCU07244-t26_1-p1	1.32e-122	342	100
FC69C3D3_006804-T1	NCU07243-t26_1-p1	1.41e-94	272	100
FC69C3D3_006805-T1	NCU07242-t26_1-p1	6.55e-194	530	100
FC69C3D3_006806-T1	NCU07241-t26_1-p1	0.0	1279	100
FC69C3D3_006807-T1	NCU07240-t26_1-p1	6.55e-261	706	100
FC69C3D3_006808-T1	NCU07238-t26_1-p1	0.0	994	100
FC69C3D3_006809-T1	NCU07237-t26_1-p1	3.62e-38	122	100
FC69C3D3_006810-T1	NCU07235-t26_1-p1	1.58e-157	450	100
FC69C3D3_006811-T1	NCU07235-t26_1-p1	1.08e-255	706	100
FC69C3D3_006812-T1	NCU07234-t26_1-p1	0.0	1040	100
FC69C3D3_006813-T1	NCU07233-t26_1-p1	3.34e-255	692	100
FC69C3D3_006814-T1	NCU07232-t26_1-p1	3.67e-146	407	100
FC69C3D3_006815-T1	NCU07231-t26_1-p1	0.0	1198	100
FC69C3D3_006816-T1	NCU07229-t26_1-p1	9.77e-111	312	100
FC69C3D3_006817-T1	NCU07228-t26_1-p1	3.78e-133	369	100
FC69C3D3_006818-T1	NCU07226-t26_1-p1	0.0	1675	97.1
FC69C3D3_006819-T1	NCU07225-t26_1-p1	3.73e-195	535	100
FC69C3D3_006820-T1	NCU07224-t26_1-p1	0.0	971	100
FC69C3D3_006821-T1	NCU07222-t26_1-p1	1.48e-190	521	100
FC69C3D3_006822-T1	NCU07221-t26_1-p1	0.0	1798	100
FC69C3D3_006823-T1	NCU07218-t26_1-p1	2.89e-306	835	100
FC69C3D3_006824-T1	NCU07217-t26_1-p1	1.75e-165	454	100
FC69C3D3_006825-T1	NCU07216-t26_1-p1	4.86e-133	371	100
FC69C3D3_006826-T1	NCU07215-t26_1-p1	7.59e-111	310	100
FC69C3D3_006827-T1	NCU07214-t26_1-p1	4.99e-153	434	100
FC69C3D3_006828-T1	NCU07214-t26_1-p1	2.43e-145	414	100
FC69C3D3_006829-T1	NCU07212-t26_1-p1	1.32e-160	441	100
FC69C3D3_006830-T1	NCU07211-t26_1-p1	7.67e-122	350	100
FC69C3D3_006831-T1	NCU07210-t26_1-p1	1.18e-146	417	98.2
FC69C3D3_006832-T1	NCU07209-t26_1-p1	2.86e-148	418	99.0
FC69C3D3_006833-T1	NCU07208-t26_1-p1	4.06e-159	438	100
FC69C3D3_006834-T1	NCU07207-t26_1-p1	1.31e-146	412	100
FC69C3D3_006835-T1	NCU07207-t26_1-p1	6.09e-85	252	100
FC69C3D3_006837-T1	NCU07206-t26_1-p1	0.0	1464	100
FC69C3D3_006838-T1	NCU11348-t26_1-p1	2.38e-50	151	100
FC69C3D3_006839-T1	NCU07205-t26_1-p1	0.0	886	100
FC69C3D3_006840-T1	NCU07204-t26_1-p1	7.09e-101	291	97.1
FC69C3D3_006841-T1	NCU07201-t26_1-p1	2.10e-260	703	100
FC69C3D3_006842-T1	NCU07200-t26_1-p1	4.17e-213	579	100
FC69C3D3_006844-T1	NCU07199-t26_1-p1	3.40e-306	830	99.8
FC69C3D3_006845-T1	NCU07197-t26_1-p1	7.58e-121	336	100
FC69C3D3_006846-T1	NCU07196-t26_1-p1	1.02e-142	394	100
FC69C3D3_006847-T1	NCU07195-t26_1-p1	8.91e-280	756	100
FC69C3D3_006848-T1	NCU07194-t26_1-p1	6.00e-108	311	100
FC69C3D3_006849-T1	NCU07193-t26_1-p1	2.87e-271	739	100
FC69C3D3_006850-T1	NCU07192-t26_1-p1	0.0	1387	100
FC69C3D3_006851-T1	NCU07191-t26_1-p1	0.0	1568	100
FC69C3D3_006853-T1	NCU07190-t26_1-p1	4.78e-284	768	100
FC69C3D3_006854-T1	NCU07188-t26_1-p1	5.24e-286	774	100
FC69C3D3_006855-T1	NCU07187-t26_3-p1	0.0	2546	100
FC69C3D3_006856-T1	NCU07183-t26_1-p1	1.86e-113	330	100
FC69C3D3_006857-T1	NCU07182-t26_1-p1	7.74e-88	250	100
FC69C3D3_006858-T1	NCU07181-t26_1-p1	1.40e-270	731	100
FC69C3D3_006859-T1	NCU10166-t26_1-p1	6.06e-307	834	100
FC69C3D3_006860-T1	NCU07178-t26_1-p1	1.26e-123	346	100
FC69C3D3_006861-T1	NCU07177-t26_1-p1	2.52e-14	63.9	100
FC69C3D3_006862-T1	NCU07176-t26_1-p1	2.74e-295	796	100
FC69C3D3_006863-T1	NCU07175-t26_1-p1	0.0	1112	100
FC69C3D3_006864-T1	NCU07174-t26_1-p1	2.94e-265	726	100
FC69C3D3_006865-T1	NCU07173-t26_1-p1	6.26e-133	368	100
FC69C3D3_006866-T1	NCU07172-t26_2-p1	0.0	967	100
FC69C3D3_006867-T1	NCU07171-t26_1-p1	1.30e-292	790	100
FC69C3D3_006868-T1	NCU07170-t26_1-p1	5.38e-189	516	100
FC69C3D3_006869-T1	NCU07169-t26_1-p1	0.0	976	100
FC69C3D3_006870-T1	NCU07168-t26_1-p1	1.25e-85	266	100
FC69C3D3_006871-T1	NCU07167-t26_1-p1	9.99e-257	694	100
FC69C3D3_006872-T1	NCU07166-t26_1-p1	1.52e-216	602	100
FC69C3D3_006873-T1	NCU07165-t26_1-p1	0.0	902	100
FC69C3D3_006874-T1	NCU07164-t26_1-p1	6.73e-46	147	100
FC69C3D3_006875-T1	NCU07162-t26_1-p1	0.0	1855	100
FC69C3D3_006877-T1	NCU07159-t26_1-p1	7.85e-274	742	100
FC69C3D3_006878-T1	NCU07158-t26_1-p1	0.0	1206	100
FC69C3D3_006879-T1	NCU07157-t26_1-p1	3.84e-300	813	100
FC69C3D3_006880-T1	NCU07156-t26_1-p1	0.0	1031	100
FC69C3D3_006881-T1	NCU07154-t26_1-p1	1.74e-235	639	100
FC69C3D3_006882-T1	NCU07153-t26_1-p1	0.0	1058	100
FC69C3D3_006883-T1	NCU07150-t26_1-p1	0.0	1106	93.9
FC69C3D3_006884-T1	NCU07149-t26_1-p1	0.0	886	99.8
FC69C3D3_006885-T1	NCU07146-t26_1-p1	0.0	1123	100
FC69C3D3_006886-T1	NCU07144-t26_1-p1	0.0	1004	100
FC69C3D3_006887-T1	NCU07143-t26_1-p1	6.36e-288	777	99.5
FC69C3D3_006888-T1	NCU07142-t26_2-p1	3.71e-49	150	96.3
FC69C3D3_006889-T1	NCU07141-t26_1-p1	1.41e-267	724	100
FC69C3D3_006890-T1	NCU07140-t26_1-p1	1.13e-157	444	95.9
FC69C3D3_006891-T1	NCU07139-t26_1-p1	0.0	1622	100
FC69C3D3_006892-T1	NCU11341-t26_1-p1	0.0	1022	99.8
FC69C3D3_006893-T1	NCU07138-t26_1-p1	1.68e-179	494	100
FC69C3D3_006894-T1	NCU11342-t26_1-p1	1.25e-215	593	100
FC69C3D3_006895-T1	NCU07136-t26_1-p1	3.12e-125	348	100
FC69C3D3_006896-T1	NCU07135-t26_1-p1	0.0	1230	100
FC69C3D3_006897-T1	NCU07134-t26_1-p1	2.39e-283	768	100
FC69C3D3_006898-T1	NCU07133-t26_1-p1	3.07e-309	833	100
FC69C3D3_006900-T1	NCU07132-t26_1-p1	4.34e-167	464	99.6
FC69C3D3_006901-T1	NCU17058-t26_1-p1	0.0	975	100
FC69C3D3_006902-T1	NCU07130-t26_1-p1	0.0	887	100
FC69C3D3_006903-T1	NCU07129-t26_1-p1	0.0	1135	100
FC69C3D3_006904-T1	NCU07127-t26_1-p1	1.32e-171	471	100
FC69C3D3_006905-T1	NCU07126-t26_1-p1	2.67e-181	496	100
FC69C3D3_006906-T1	NCU07125-t26_1-p1	0.0	1839	100
FC69C3D3_006907-T1	NCU07124-t26_1-p1	1.78e-203	561	100
FC69C3D3_006908-T1	NCU07124-t26_1-p1	2.47e-50	161	100
FC69C3D3_006909-T1	NCU07123-t26_1-p1	0.0	1175	100
FC69C3D3_006910-T1	NCU07121-t26_1-p1	0.0	1437	100
FC69C3D3_006911-T1	NCU07120-t26_1-p1	1.14e-189	517	100
FC69C3D3_006912-T1	NCU07119-t26_1-p1	0.0	9929	100
FC69C3D3_006913-T1	NCU07117-t26_1-p1	0.0	1025	100
FC69C3D3_006914-T1	NCU07116-t26_1-p1	0.0	1426	100
FC69C3D3_006915-T1	NCU07116-t26_1-p1	0.0	2354	100
FC69C3D3_006916-T1	NCU07115-t26_1-p1	0.0	1311	100
FC69C3D3_006917-T1	NCU07114-t26_1-p1	1.21e-311	877	93.4
FC69C3D3_006918-T1	NCU07114-t26_1-p1	0.0	1619	97.3
FC69C3D3_006919-T1	NCU07113-t26_1-p1	0.0	1292	100
FC69C3D3_006920-T1	NCU07112-t26_1-p1	0.0	908	100
FC69C3D3_006921-T1	NCU07111-t26_1-p1	2.75e-296	799	100
FC69C3D3_006922-T1	NCU07110-t26_1-p1	0.0	1118	100
FC69C3D3_006923-T1	NCU07108-t26_1-p1	1.12e-232	634	100
FC69C3D3_006924-T1	NCU07107-t26_1-p1	1.48e-261	706	100
FC69C3D3_006925-T1	NCU12069-t26_1-p1	0.0	903	100
FC69C3D3_006926-T1	NCU07106-t26_1-p1	6.27e-196	536	100
FC69C3D3_006927-T1	NCU07105-t26_1-p1	2.79e-187	511	100
FC69C3D3_006928-T1	NCU07104-t26_1-p1	6.12e-162	444	100
FC69C3D3_006929-T1	NCU07103-t26_1-p1	1.62e-196	535	100
FC69C3D3_006930-T1	NCU07102-t26_1-p1	4.82e-161	442	100
FC69C3D3_006931-T1	NCU07101-t26_1-p1	1.31e-135	375	100
FC69C3D3_006932-T1	NCU07100-t26_1-p1	0.0	906	100
FC69C3D3_006933-T1	NCU07099-t26_1-p1	3.85e-273	736	100
FC69C3D3_006934-T1	NCU07098-t26_1-p1	0.0	1173	100
FC69C3D3_006935-T1	NCU07095-t26_1-p1	6.22e-135	374	100
FC69C3D3_006936-T1	NCU07094-t26_1-p1	0.0	1025	100
FC69C3D3_006938-T1	NCU07092-t26_1-p1	0.0	1277	100
FC69C3D3_006939-T1	NCU07091-t26_1-p1	4.66e-141	390	100
FC69C3D3_006940-T1	NCU07090-t26_1-p1	2.81e-105	302	100
FC69C3D3_006941-T1	NCU07089-t26_1-p1	1.06e-242	657	100
FC69C3D3_006942-T1	NCU07088-t26_1-p1	8.97e-76	218	100
FC69C3D3_006943-T1	NCU07086-t26_1-p1	8.77e-49	158	100
FC69C3D3_006944-T1	NCU07086-t26_1-p1	1.40e-73	221	100
FC69C3D3_006945-T1	NCU07086-t26_1-p1	2.22e-49	159	100
FC69C3D3_006946-T1	NCU07085-t26_1-p1	2.02e-67	196	100
FC69C3D3_006947-T1	NCU07084-t26_1-p1	1.15e-267	724	100
FC69C3D3_006948-T1	NCU07083-t26_1-p1	0.0	1157	100
FC69C3D3_006949-T1	NCU07082-t26_1-p1	0.0	1822	100
FC69C3D3_006950-T1	NCU07081-t26_1-p1	1.43e-286	772	100
FC69C3D3_006951-T1	NCU07080-t26_1-p1	2.81e-287	776	100
FC69C3D3_006952-T1	NCU07079-t26_1-p1	6.61e-309	839	100
FC69C3D3_006953-T1	NCU07078-t26_1-p1	1.23e-170	473	100
FC69C3D3_006954-T1	NCU07077-t26_2-p1	3.86e-100	312	99.5
FC69C3D3_006955-T1	NCU07076-t26_1-p1	0.0	1660	100
FC69C3D3_006956-T1	NCU07075-t26_1-p1	0.0	923	99.4
FC69C3D3_006957-T1	NCU07074-t26_1-p1	0.0	969	100
FC69C3D3_006958-T1	NCU07073-t26_1-p1	0.0	1469	100
FC69C3D3_006959-T1	NCU07072-t26_1-p1	0.0	1110	100
FC69C3D3_006960-T1	NCU07071-t26_1-p1	3.03e-244	664	100
FC69C3D3_006961-T1	NCU07070-t26_1-p1	0.0	1080	100
FC69C3D3_006962-T1	NCU07069-t26_1-p1	2.69e-215	587	100
FC69C3D3_006963-T1	NCU07068-t26_1-p1	0.0	1733	100
FC69C3D3_006964-T1	NCU07067-t26_1-p1	0.0	1230	100
FC69C3D3_006965-T1	NCU07066-t26_1-p1	3.62e-198	551	100
FC69C3D3_006966-T1	NCU07065-t26_1-p1	9.94e-312	852	100
FC69C3D3_006967-T1	NCU07064-t26_1-p1	0.0	923	100
FC69C3D3_006968-T1	NCU17060-t26_1-p1	4.87e-120	334	100
FC69C3D3_006969-T1	NCU17061-t26_1-p1	5.98e-230	626	100
FC69C3D3_006970-T1	NCU07063-t26_1-p1	0.0	1002	100
FC69C3D3_006971-T1	NCU07062-t26_1-p1	0.0	1163	100
FC69C3D3_006972-T1	NCU09968-t26_2-p1	0.0	2047	100
FC69C3D3_006973-T1	NCU09969-t26_1-p1	2.49e-275	781	99.3
FC69C3D3_006974-T1	NCU09969-t26_1-p1	4.75e-151	451	89.8
FC69C3D3_006975-T1	NCU07061-t26_1-p1	2.01e-96	275	100
FC69C3D3_006976-T1	NCU07060-t26_1-p1	1.30e-136	380	100
FC69C3D3_006977-T1	NCU07059-t26_1-p1	0.0	1915	100
FC69C3D3_006978-T1	NCU07058-t26_1-p1	0.0	1458	100
FC69C3D3_006979-T1	NCU07057-t26_1-p1	8.82e-76	217	100
FC69C3D3_006980-T1	NCU17062-t26_1-p1	0.0	1621	100
FC69C3D3_006981-T1	NCU07055-t26_1-p1	0.0	905	96.1
FC69C3D3_006983-T1	NCU10344-t26_1-p1	0.0	1202	100
FC69C3D3_006984-T1	NCU07054-t26_1-p1	0.0	1084	100
FC69C3D3_006985-T1	NCU07053-t26_1-p1	0.0	979	100
FC69C3D3_006986-T1	NCU07051-t26_1-p1	8.33e-129	357	100
FC69C3D3_006987-T1	NCU07050-t26_1-p1	0.0	1526	100
FC69C3D3_006988-T1	NCU07049-t26_1-p1	1.22e-193	530	100
FC69C3D3_006989-T1	NCU04691-t26_1-p1	3.04e-234	643	100
FC69C3D3_006990-T1	NCU04692-t26_1-p1	0.0	3522	100
FC69C3D3_006991-T1	NCU17064-t26_1-p1	1.13e-195	534	100
FC69C3D3_006992-T1	NCU04694-t26_1-p1	1.02e-104	314	100
FC69C3D3_006993-T1	NCU04695-t26_1-p1	2.16e-215	585	100
FC69C3D3_006994-T1	NCU04697-t26_1-p1	1.14e-266	720	100
FC69C3D3_006995-T1	NCU04698-t26_1-p1	0.0	1218	100
FC69C3D3_006996-T1	NCU04699-t26_1-p1	1.14e-152	421	100
FC69C3D3_006998-T1	NCU04703-t26_1-p1	5.06e-100	288	100
FC69C3D3_006999-T1	NCU04705-t26_1-p1	2.04e-48	147	100
FC69C3D3_007000-T1	NCU04706-t26_1-p1	1.09e-189	518	100
FC69C3D3_007001-T1	NCU04707-t26_1-p1	7.71e-148	408	100
FC69C3D3_007002-T1	NCU04708-t26_1-p1	7.26e-227	617	100
FC69C3D3_007003-T1	NCU04713-t26_1-p1	0.0	1347	100
FC69C3D3_007004-T1	NCU04718-t26_1-p1	0.0	1081	100
FC69C3D3_007005-T1	NCU04720-t26_1-p1	0.0	2176	100
FC69C3D3_007006-T1	NCU04721-t26_1-p1	0.0	1556	100
FC69C3D3_007007-T1	NCU04722-t26_1-p1	3.79e-213	607	100
FC69C3D3_007008-T1	NCU04722-t26_1-p1	2.81e-311	863	100
FC69C3D3_007009-T1	NCU04723-t26_1-p1	5.21e-285	774	100
FC69C3D3_007010-T1	NCU04724-t26_1-p1	5.46e-236	650	100
FC69C3D3_007011-T1	NCU04725-t26_1-p1	0.0	1023	100
FC69C3D3_007012-T1	NCU04726-t26_1-p1	0.0	1933	100
FC69C3D3_007013-T1	NCU04727-t26_1-p1	1.94e-241	659	100
FC69C3D3_007014-T1	NCU04728-t26_1-p1	0.0	1109	100
FC69C3D3_007015-T1	NCU04729-t26_1-p1	0.0	1269	100
FC69C3D3_007016-T1	NCU04730-t26_2-p1	0.0	1988	100
FC69C3D3_007017-T1	NCU04731-t26_1-p1	0.0	2045	100
FC69C3D3_007018-T1	NCU04732-t26_1-p1	0.0	1147	100
FC69C3D3_007019-T1	NCU04733-t26_1-p1	0.0	2065	100
FC69C3D3_007021-T1	NCU04736-t26_1-p1	0.0	2767	100
FC69C3D3_007022-T1	NCU04737-t26_1-p1	0.0	1066	100
FC69C3D3_007024-T1	NCU04738-t26_1-p1	0.0	1536	99.3
FC69C3D3_007025-T1	NCU04740-t26_1-p1	1.14e-253	694	100
FC69C3D3_007026-T1	NCU04741-t26_1-p1	6.31e-105	305	100
FC69C3D3_007027-T1	NCU04742-t26_1-p1	1.49e-217	603	100
FC69C3D3_007028-T1	NCU04743-t26_1-p1	0.0	1628	100
FC69C3D3_007029-T1	NCU04744-t26_1-p1	7.00e-276	746	100
FC69C3D3_007030-T1	NCU10518-t26_1-p1	7.47e-158	439	81.5
FC69C3D3_007031-T1	NCU10519-t26_1-p1	0.0	1427	100
FC69C3D3_007032-T1	NCU04747-t26_1-p1	0.0	1473	98.6
FC69C3D3_007034-T1	NCU04749-t26_2-p1	0.0	3278	100
FC69C3D3_007035-T1	NCU04750-t26_1-p1	0.0	2597	100
FC69C3D3_007036-T1	NCU04751-t26_1-p1	0.0	1030	100
FC69C3D3_007037-T1	NCU04752-t26_1-p1	1.55e-271	738	92.6
FC69C3D3_007038-T1	NCU04753-t26_1-p1	1.02e-75	217	100
FC69C3D3_007039-T1	NCU04754-t26_1-p1	5.28e-296	800	94.8
FC69C3D3_007040-T1	NCU04755-t26_1-p1	0.0	1770	100
FC69C3D3_007041-T1	NCU04757-t26_1-p1	0.0	1698	100
FC69C3D3_007042-T1	NCU04759-t26_1-p1	3.16e-88	250	100
FC69C3D3_007043-T1	NCU04760-t26_1-p1	1.06e-98	279	100
FC69C3D3_007044-T1	NCU04761-t26_1-p1	0.0	1021	100
FC69C3D3_007045-T1	NCU04762-t26_1-p1	0.0	916	100
FC69C3D3_007046-T1	NCU10905-t26_1-p1	0.0	1949	100
FC69C3D3_007047-T1	NCU10904-t26_1-p1	0.0	1011	100
FC69C3D3_007048-T1	NCU04764-t26_1-p1	0.0	917	100
FC69C3D3_007049-T1	NCU04765-t26_1-p1	1.27e-297	806	100
FC69C3D3_007050-T1	NCU04766-t26_1-p1	0.0	4138	100
FC69C3D3_007051-T1	NCU04767-t26_1-p1	0.0	2331	99.8
FC69C3D3_007052-T1	NCU04768-t26_1-p1	0.0	1326	100
FC69C3D3_007053-T1	NCU04770-t26_1-p1	7.55e-177	485	100
FC69C3D3_007054-T1	NCU04771-t26_1-p1	0.0	952	100
FC69C3D3_007055-T1	NCU04772-t26_1-p1	0.0	1609	100
FC69C3D3_007056-T1	NCU04773-t26_1-p1	5.66e-254	699	100
FC69C3D3_007057-T1	NCU04775-t26_1-p1	1.26e-211	578	100
FC69C3D3_007058-T1	NCU04776-t26_1-p1	7.61e-224	618	99.5
FC69C3D3_007059-T1	NCU04777-t26_1-p1	0.0	869	100
FC69C3D3_007060-T1	NCU04778-t26_1-p1	4.62e-169	463	100
FC69C3D3_007061-T1	NCU04779-t26_1-p1	1.32e-140	392	100
FC69C3D3_007062-T1	NCU04780-t26_1-p1	1.71e-292	790	100
FC69C3D3_007063-T1	NCU04781-t26_1-p1	3.97e-62	181	97.7
FC69C3D3_007064-T1	NCU04782-t26_1-p1	0.0	2005	100
FC69C3D3_007065-T1	NCU04783-t26_1-p1	0.0	959	100
FC69C3D3_007066-T1	NCU04784-t26_1-p1	0.0	2952	100
FC69C3D3_007067-T1	NCU04785-t26_1-p1	0.0	1360	100
FC69C3D3_007068-T1	NCU04786-t26_1-p1	0.0	2147	100
FC69C3D3_007069-T1	NCU04787-t26_1-p1	0.0	963	100
FC69C3D3_007070-T1	NCU04788-t26_1-p1	3.03e-177	488	100
FC69C3D3_007071-T1	NCU04789-t26_1-p1	0.0	1234	100
FC69C3D3_007072-T1	NCU04790-t26_1-p1	0.0	1155	100
FC69C3D3_007073-T1	NCU04791-t26_1-p1	1.27e-235	640	100
FC69C3D3_007074-T1	NCU10732-t26_1-p1	3.09e-229	624	100
FC69C3D3_007075-T1	NCU10733-t26_1-p1	0.0	2559	100
FC69C3D3_007076-T1	NCU04794-t26_1-p1	5.54e-208	573	100
FC69C3D3_007077-T1	NCU04795-t26_1-p1	0.0	1243	100
FC69C3D3_007078-T1	NCU04796-t26_1-p1	3.37e-298	806	100
FC69C3D3_007079-T1	NCU04797-t26_1-p1	5.16e-258	698	100
FC69C3D3_007080-T1	NCU04798-t26_1-p1	0.0	1965	100
FC69C3D3_007081-T1	NCU04799-t26_1-p1	0.0	1398	100
FC69C3D3_007082-T1	NCU04800-t26_1-p1	0.0	2192	98.1
FC69C3D3_007083-T1	NCU04801-t26_1-p1	0.0	877	100
FC69C3D3_007084-T1	NCU04802-t26_1-p1	2.99e-167	459	100
FC69C3D3_007085-T1	NCU04803-t26_1-p1	2.78e-236	642	100
FC69C3D3_007086-T1	NCU04805-t26_1-p1	5.00e-66	192	100
FC69C3D3_007087-T1	NCU04806-t26_1-p1	4.36e-202	553	100
FC69C3D3_007088-T1	NCU04807-t26_1-p1	0.0	1367	100
FC69C3D3_007089-T1	NCU04808-t26_2-p1	0.0	1654	100
FC69C3D3_007090-T1	NCU04809-t26_1-p1	0.0	1030	100
FC69C3D3_007091-T1	NCU04810-t26_1-p1	0.0	978	100
FC69C3D3_007093-T1	NCU04812-t26_1-p1	0.0	1163	100
FC69C3D3_007094-T1	NCU04813-t26_1-p1	0.0	1273	100
FC69C3D3_007095-T1	NCU04814-t26_1-p1	0.0	1427	100
FC69C3D3_007096-T1	NCU04815-t26_1-p1	3.35e-243	659	100
FC69C3D3_007097-T1	NCU04816-t26_1-p1	6.07e-71	204	100
FC69C3D3_007098-T1	NCU04817-t26_1-p1	0.0	931	100
FC69C3D3_007099-T1	NCU04818-t26_1-p1	1.23e-303	821	98.2
FC69C3D3_007100-T1	NCU04819-t26_1-p1	0.0	920	100
FC69C3D3_007101-T1	NCU12086-t26_1-p1	4.54e-76	226	100
FC69C3D3_007102-T1	NCU12087-t26_1-p1	0.0	1622	100
FC69C3D3_007103-T1	NCU04821-t26_1-p1	8.22e-115	320	100
FC69C3D3_007104-T1	NCU04823-t26_2-p1	1.60e-284	766	100
FC69C3D3_007105-T1	NCU04824-t26_1-p1	0.0	1342	100
FC69C3D3_007106-T1	NCU04825-t26_1-p1	1.81e-220	602	100
FC69C3D3_007107-T1	NCU04826-t26_1-p1	0.0	1087	100
FC69C3D3_007108-T1	NCU04827-t26_1-p1	4.62e-233	677	100
FC69C3D3_007109-T1	NCU04827-t26_1-p1	0.0	1168	100
FC69C3D3_007110-T1	NCU04830-t26_1-p1	8.48e-285	771	100
FC69C3D3_007111-T1	NCU04832-t26_1-p1	5.36e-297	802	100
FC69C3D3_007112-T1	NCU04834-t26_1-p1	0.0	2323	100
FC69C3D3_007114-T1	NCU04837-t26_1-p1	6.76e-224	608	98.1
FC69C3D3_007115-T1	NCU04838-t26_1-p1	0.0	3112	100
FC69C3D3_007116-T1	NCU04840-t26_1-p1	0.0	1712	98.2
FC69C3D3_007117-T1	NCU04841-t26_1-p1	0.0	1225	100
FC69C3D3_007118-T1	NCU04843-t26_1-p1	9.07e-102	300	100
FC69C3D3_007119-T1	NCU04844-t26_1-p1	2.33e-232	642	100
FC69C3D3_007120-T1	NCU04845-t26_1-p1	7.35e-232	629	100
FC69C3D3_007121-T1	NCU04847-t26_1-p1	1.81e-250	683	100
FC69C3D3_007122-T1	NCU04848-t26_1-p1	0.0	1076	74.2
FC69C3D3_007123-T1	NCU04850-t26_1-p1	0.0	1489	100
FC69C3D3_007124-T1	NCU09778-t26_1-p1	1.30e-249	675	100
FC69C3D3_007125-T1	NCU09779-t26_1-p1	3.08e-279	753	100
FC69C3D3_007126-T1	NCU09780-t26_1-p1	9.04e-158	433	100
FC69C3D3_007127-T1	NCU09781-t26_1-p1	3.05e-73	230	100
FC69C3D3_007129-T1	NCU09782-t26_1-p1	0.0	1352	100
FC69C3D3_007130-T1	NCU09783-t26_1-p1	2.20e-233	634	100
FC69C3D3_007131-T1	NCU09784-t26_1-p1	6.40e-89	259	100
FC69C3D3_007132-T1	NCU09785-t26_1-p1	0.0	1018	100
FC69C3D3_007133-T1	NCU09786-t26_1-p1	4.23e-287	779	100
FC69C3D3_007134-T1	NCU09787-t26_1-p1	0.0	1495	100
FC69C3D3_007135-T1	NCU09788-t26_1-p1	0.0	1221	100
FC69C3D3_007136-T1	NCU09789-t26_1-p1	0.0	867	100
FC69C3D3_007137-T1	NCU09790-t26_1-p1	3.11e-23	89.7	100
FC69C3D3_007138-T1	NCU09791-t26_1-p1	0.0	1679	100
FC69C3D3_007141-T1	NCU09792-t26_1-p1	0.0	866	100
FC69C3D3_007142-T1	NCU09793-t26_1-p1	0.0	2593	100
FC69C3D3_007143-T1	NCU09794-t26_1-p1	6.54e-231	630	95.5
FC69C3D3_007144-T1	NCU09795-t26_1-p1	3.36e-55	179	100
FC69C3D3_007145-T1	NCU09796-t26_1-p1	1.11e-290	785	100
FC69C3D3_007146-T1	NCU09798-t26_1-p1	0.0	1207	100
FC69C3D3_007147-T1	NCU09799-t26_1-p1	4.46e-301	814	100
FC69C3D3_007148-T1	NCU09800-t26_1-p1	1.26e-296	800	100
FC69C3D3_007149-T1	NCU05653-t26_1-p1	6.61e-266	719	100
FC69C3D3_007151-T1	NCU05652-t26_1-p1	1.48e-75	217	100
FC69C3D3_007153-T1	NCU05651-t26_1-p1	9.97e-106	296	100
FC69C3D3_007154-T1	NCU05650-t26_1-p1	0.0	2112	100
FC69C3D3_007155-T1	NCU05649-t26_1-p1	1.56e-242	659	100
FC69C3D3_007156-T1	NCU05648-t26_1-p1	0.0	986	100
FC69C3D3_007157-T1	NCU05647-t26_1-p1	7.27e-222	602	100
FC69C3D3_007158-T1	NCU05646-t26_1-p1	3.30e-250	686	100
FC69C3D3_007159-T1	NCU05645-t26_1-p1	4.78e-198	541	100
FC69C3D3_007160-T1	NCU05644-t26_1-p1	0.0	1271	100
FC69C3D3_007161-T1	NCU05642-t26_1-p1	0.0	1567	100
FC69C3D3_007162-T1	NCU05640-t26_1-p1	0.0	1600	100
FC69C3D3_007163-T1	NCU05638-t26_1-p1	0.0	1570	100
FC69C3D3_007164-T1	NCU05637-t26_1-p1	0.0	1231	98.6
FC69C3D3_007165-T1	NCU05635-t26_1-p1	2.40e-317	868	100
FC69C3D3_007166-T1	NCU10477-t26_1-p1	9.27e-105	294	99.3
FC69C3D3_007167-T1	NCU05634-t26_1-p1	0.0	3297	100
FC69C3D3_007168-T1	NCU05633-t26_1-p1	1.44e-273	744	100
FC69C3D3_007169-T1	NCU05632-t26_1-p1	0.0	1423	100
FC69C3D3_007170-T1	NCU05631-t26_1-p1	8.76e-168	461	100
FC69C3D3_007171-T1	NCU05630-t26_1-p1	1.47e-144	398	100
FC69C3D3_007172-T1	NCU05628-t26_1-p1	5.24e-105	295	96.2
FC69C3D3_007173-T1	NCU05627-t26_1-p1	0.0	1107	100
FC69C3D3_007175-T1	NCU05625-t26_1-p1	7.68e-294	794	100
FC69C3D3_007176-T1	NCU05624-t26_1-p1	0.0	962	100
FC69C3D3_007177-T1	NCU05623-t26_1-p1	6.84e-116	323	100
FC69C3D3_007178-T1	NCU05622-t26_1-p1	0.0	1814	100
FC69C3D3_007180-T1	NCU05621-t26_1-p1	9.59e-258	696	100
FC69C3D3_007181-T1	NCU05620-t26_1-p1	0.0	3912	100
FC69C3D3_007182-T1	NCU05619-t26_1-p1	1.01e-52	158	100
FC69C3D3_007183-T1	NCU05616-t26_1-p1	9.44e-200	550	100
FC69C3D3_007184-T1	NCU05615-t26_1-p1	1.68e-255	697	100
FC69C3D3_007185-T1	NCU05611-t26_1-p1	5.83e-94	271	100
FC69C3D3_007186-T1	NCU05611-t26_1-p1	2.58e-96	277	97.9
FC69C3D3_007188-T1	NCU05608-t26_1-p1	0.0	4786	97.4
FC69C3D3_007189-T1	NCU05607-t26_1-p1	4.18e-202	554	100
FC69C3D3_007190-T1	NCU05606-t26_1-p1	0.0	1091	100
FC69C3D3_007191-T1	NCU05605-t26_1-p1	2.71e-258	703	99.2
FC69C3D3_007192-T1	NCU05604-t26_1-p1	0.0	1269	100
FC69C3D3_007193-T1	NCU05603-t26_1-p1	0.0	1783	100
FC69C3D3_007194-T1	NCU05602-t26_1-p1	0.0	882	100
FC69C3D3_007195-T1	NCU05601-t26_1-p1	6.72e-252	682	100
FC69C3D3_007196-T1	NCU05600-t26_1-p1	0.0	1271	100
FC69C3D3_007197-T1	NCU17088-t26_1-p1	0.0	867	99.8
FC69C3D3_007198-T1	NCU05599-t26_1-p1	4.46e-42	129	100
FC69C3D3_007199-T1	NCU05598-t26_1-p1	0.0	1049	100
FC69C3D3_007200-T1	NCU05597-t26_1-p1	0.0	1025	100
FC69C3D3_007201-T1	NCU05596-t26_1-p1	2.92e-211	587	100
FC69C3D3_007202-T1	NCU05595-t26_1-p1	6.32e-140	388	88.5
FC69C3D3_007203-T1	NCU05594-t26_1-p1	3.99e-304	822	100
FC69C3D3_007204-T1	NCU05593-t26_1-p1	0.0	1000	100
FC69C3D3_007205-T1	NCU05592-t26_1-p1	7.44e-201	546	100
FC69C3D3_007206-T1	NCU05591-t26_1-p1	0.0	3080	100
FC69C3D3_007207-T1	NCU05589-t26_1-p1	0.0	1480	100
FC69C3D3_007210-T1	NCU05588-t26_1-p1	0.0	1483	100
FC69C3D3_007211-T1	NCU05587-t26_1-p1	0.0	913	100
FC69C3D3_007212-T1	NCU05586-t26_1-p1	1.38e-261	709	100
FC69C3D3_007213-T1	NCU05585-t26_1-p1	0.0	961	89.0
FC69C3D3_007216-T1	NCU05584-t26_1-p1	7.49e-213	579	100
FC69C3D3_007218-T1	NCU05583-t26_1-p1	1.91e-175	482	100
FC69C3D3_007219-T1	NCU05582-t26_1-p1	0.0	1595	100
FC69C3D3_007220-T1	NCU05581-t26_1-p1	0.0	997	100
FC69C3D3_007221-T1	NCU05580-t26_1-p1	0.0	1041	100
FC69C3D3_007222-T1	NCU05579-t26_1-p1	0.0	1370	100
FC69C3D3_007223-T1	NCU05578-t26_1-p1	0.0	1174	100
FC69C3D3_007224-T1	NCU05577-t26_1-p1	0.0	1719	100
FC69C3D3_007225-T1	NCU05575-t26_1-p1	0.0	2196	100
FC69C3D3_007226-T1	NCU05574-t26_1-p1	9.34e-182	498	100
FC69C3D3_007227-T1	NCU05572-t26_1-p1	2.97e-219	598	100
FC69C3D3_007228-T1	NCU05571-t26_1-p1	2.81e-218	595	92.6
FC69C3D3_007229-T1	NCU05569-t26_1-p1	1.29e-178	491	100
FC69C3D3_007230-T1	NCU05567-t26_1-p1	5.89e-119	333	100
FC69C3D3_007231-T1	NCU05565-t26_2-p1	0.0	1671	100
FC69C3D3_007232-T1	NCU05564-t26_1-p1	0.0	1465	100
FC69C3D3_007234-T1	NCU05563-t26_1-p1	0.0	1003	100
FC69C3D3_007235-T1	NCU05560-t26_1-p1	0.0	1272	89.3
FC69C3D3_007236-T1	NCU05559-t26_1-p1	0.0	1114	100
FC69C3D3_007237-T1	NCU05558-t26_1-p1	1.04e-297	805	100
FC69C3D3_007238-T1	NCU05557-t26_1-p1	0.0	1999	100
FC69C3D3_007239-T1	NCU05555-t26_1-p1	0.0	1372	100
FC69C3D3_007240-T1	NCU05554-t26_1-p1	1.66e-145	402	100
FC69C3D3_007241-T1	NCU05553-t26_1-p1	0.0	989	80.3
FC69C3D3_007242-T1	NCU05552-t26_1-p1	9.10e-306	827	100
FC69C3D3_007243-T1	NCU05551-t26_1-p1	6.74e-185	509	100
FC69C3D3_007244-T1	NCU05550-t26_1-p1	1.07e-254	694	100
FC69C3D3_007245-T1	NCU05548-t26_1-p1	9.90e-273	738	100
FC69C3D3_007246-T1	NCU05546-t26_1-p1	0.0	1175	96.6
FC69C3D3_007247-T1	NCU05545-t26_1-p1	0.0	1479	99.5
FC69C3D3_007248-T1	NCU05544-t26_1-p1	9.83e-59	173	100
FC69C3D3_007249-T1	NCU05543-t26_1-p1	0.0	1205	100
FC69C3D3_007252-T1	NCU05542-t26_1-p1	4.14e-153	421	100
FC69C3D3_007253-T1	NCU05541-t26_1-p1	9.12e-253	687	100
FC69C3D3_007255-T1	NCU05540-t26_1-p1	6.71e-273	739	100
FC69C3D3_007256-T1	NCU05539-t26_1-p1	4.85e-162	444	100
FC69C3D3_007257-T1	NCU05538-t26_1-p1	6.03e-127	361	99.5
FC69C3D3_007258-T1	NCU05537-t26_1-p1	0.0	869	100
FC69C3D3_007259-T1	NCU05536-t26_1-p1	0.0	1773	100
FC69C3D3_007260-T1	NCU05535-t26_1-p1	1.50e-196	538	89.9
FC69C3D3_007261-T1	NCU05534-t26_1-p1	5.05e-165	452	100
FC69C3D3_007262-T1	NCU05531-t26_1-p1	4.50e-139	394	100
FC69C3D3_007263-T1	NCU05530-t26_1-p1	6.47e-121	350	100
FC69C3D3_007264-T1	NCU05529-t26_1-p1	1.22e-48	147	100
FC69C3D3_007265-T1	NCU05528-t26_1-p1	3.76e-48	145	100
FC69C3D3_007267-T1	NCU05527-t26_1-p1	3.83e-303	836	98.7
FC69C3D3_007268-T1	NCU05526-t26_1-p1	1.66e-313	845	99.5
FC69C3D3_007269-T1	NCU05525-t26_1-p1	1.27e-285	770	100
FC69C3D3_007270-T1	NCU05523-t26_1-p1	0.0	976	100
FC69C3D3_007271-T1	NCU05522-t26_1-p1	3.02e-108	304	100
FC69C3D3_007272-T1	NCU05521-t26_1-p1	3.92e-225	616	100
FC69C3D3_007273-T1	NCU05519-t26_1-p1	0.0	1033	100
FC69C3D3_007274-T1	NCU05518-t26_1-p1	0.0	1458	100
FC69C3D3_007275-T1	NCU05517-t26_1-p1	1.91e-226	617	100
FC69C3D3_007276-T1	NCU05516-t26_1-p1	0.0	1467	100
FC69C3D3_007277-T1	NCU05515-t26_1-p1	2.10e-92	262	100
FC69C3D3_007278-T1	NCU05514-t26_1-p1	2.11e-196	541	100
FC69C3D3_007279-T1	NCU05513-t26_1-p1	0.0	980	100
FC69C3D3_007280-T1	NCU05512-t26_1-p1	2.79e-28	98.2	100
FC69C3D3_007281-T1	NCU17101-t26_1-p1	7.60e-278	751	100
FC69C3D3_007282-T1	NCU05511-t26_1-p1	9.62e-173	474	100
FC69C3D3_007283-T1	NCU05510-t26_1-p1	0.0	1088	100
FC69C3D3_007285-T1	NCU05508-t26_2-p1	1.19e-303	820	100
FC69C3D3_007286-T1	NCU05504-t26_1-p1	1.25e-64	198	100
FC69C3D3_007287-T1	NCU05502-t26_1-p1	1.31e-88	283	100
FC69C3D3_007288-T1	NCU05502-t26_1-p1	0.0	2308	98.1
FC69C3D3_007289-T1	NCU05501-t26_1-p1	4.33e-291	785	100
FC69C3D3_007290-T1	NCU05500-t26_1-p1	0.0	1030	100
FC69C3D3_007291-T1	NCU05499-t26_1-p1	0.0	989	100
FC69C3D3_007292-T1	NCU05498-t26_1-p1	8.17e-118	330	100
FC69C3D3_007293-T1	NCU05495-t26_1-p1	8.83e-82	233	100
FC69C3D3_007294-T1	NCU05494-t26_1-p1	2.30e-128	362	100
FC69C3D3_007295-T1	NCU05493-t26_1-p1	0.0	1288	100
FC69C3D3_007296-T1	NCU05492-t26_1-p1	0.0	1063	97.0
FC69C3D3_007297-T1	NCU05491-t26_1-p1	8.39e-268	731	100
FC69C3D3_007298-T1	NCU05490-t26_1-p1	3.87e-42	130	100
FC69C3D3_007299-T1	NCU05488-t26_1-p1	4.07e-194	531	100
FC69C3D3_007300-T1	NCU17104-t26_1-p1	7.85e-149	420	100
FC69C3D3_007301-T1	NCU05485-t26_1-p1	3.76e-231	629	100
FC69C3D3_007302-T1	NCU10009-t26_1-p1	0.0	2892	100
FC69C3D3_007303-T1	NCU10010-t26_1-p1	1.09e-262	711	100
FC69C3D3_007304-T1	NCU10011-t26_1-p1	8.81e-236	648	100
FC69C3D3_007305-T1	NCU10011-t26_1-p1	9.51e-142	404	98.5
FC69C3D3_007306-T1	NCU10012-t26_1-p1	2.76e-229	621	100
FC69C3D3_007307-T1	NCU09873-t26_1-p1	0.0	1214	100
FC69C3D3_007308-T1	NCU09872-t26_1-p1	1.55e-94	266	100
FC69C3D3_007309-T1	NCU17105-t26_1-p1	0.0	1639	100
FC69C3D3_007310-T1	NCU09871-t26_1-p1	8.61e-128	355	100
FC69C3D3_007311-T1	NCU09870-t26_1-p1	1.33e-276	764	100
FC69C3D3_007312-T1	NCU09869-t26_1-p1	0.0	2711	98.4
FC69C3D3_007313-T1	NCU03846-t26_1-p1	0.0	962	100
FC69C3D3_007314-T1	NCU03848-t26_1-p1	2.27e-55	167	100
FC69C3D3_007316-T1	NCU03850-t26_1-p1	1.43e-185	507	100
FC69C3D3_007317-T1	NCU03851-t26_1-p1	5.32e-125	352	100
FC69C3D3_007318-T1	NCU03852-t26_1-p1	0.0	2654	100
FC69C3D3_007319-T1	NCU03853-t26_1-p1	4.68e-269	728	100
FC69C3D3_007320-T1	NCU03854-t26_1-p1	1.47e-116	330	100
FC69C3D3_007321-T1	NCU03855-t26_1-p1	0.0	1126	100
FC69C3D3_007322-T1	NCU03857-t26_1-p1	0.0	923	100
FC69C3D3_007323-T1	NCU03858-t26_1-p1	1.07e-245	672	100
FC69C3D3_007324-T1	NCU03859-t26_1-p1	3.50e-268	725	100
FC69C3D3_007325-T1	NCU03860-t26_1-p1	1.45e-116	325	100
FC69C3D3_007326-T1	NCU03861-t26_1-p1	0.0	1332	100
FC69C3D3_007327-T1	NCU03862-t26_1-p1	5.27e-240	651	100
FC69C3D3_007328-T1	NCU03863-t26_1-p1	2.50e-199	551	100
FC69C3D3_007332-T1	NCU03868-t26_1-p1	0.0	1232	100
FC69C3D3_007333-T1	NCU03870-t26_1-p1	0.0	1332	100
FC69C3D3_007334-T1	NCU11263-t26_1-p1	0.0	1277	100
FC69C3D3_007335-T1	NCU11264-t26_1-p1	1.24e-108	311	99.4
FC69C3D3_007336-T1	NCU03873-t26_1-p1	1.50e-103	293	100
FC69C3D3_007337-T1	NCU03874-t26_1-p1	5.78e-160	442	100
FC69C3D3_007338-T1	NCU03875-t26_1-p1	0.0	2158	100
FC69C3D3_007339-T1	NCU03876-t26_1-p1	1.13e-259	702	100
FC69C3D3_007340-T1	NCU03877-t26_1-p1	0.0	1838	100
FC69C3D3_007341-T1	NCU03878-t26_1-p1	1.73e-269	759	100
FC69C3D3_007342-T1	NCU03880-t26_1-p1	0.0	1000	100
FC69C3D3_007343-T1	NCU03881-t26_1-p1	2.61e-212	577	100
FC69C3D3_007344-T1	NCU03882-t26_1-p1	2.60e-98	279	100
FC69C3D3_007345-T1	NCU03883-t26_1-p1	3.96e-88	250	100
FC69C3D3_007346-T1	NCU03884-t26_1-p1	3.06e-183	504	100
FC69C3D3_007347-T1	NCU03885-t26_1-p1	0.0	1276	100
FC69C3D3_007348-T1	NCU03886-t26_1-p1	0.0	965	100
FC69C3D3_007349-T1	NCU03887-t26_1-p1	0.0	1212	100
FC69C3D3_007350-T1	NCU03888-t26_1-p1	4.00e-287	777	100
FC69C3D3_007351-T1	NCU03889-t26_1-p1	7.80e-61	179	100
FC69C3D3_007352-T1	NCU03890-t26_1-p1	0.0	1029	100
FC69C3D3_007353-T1	NCU03891-t26_1-p1	7.31e-114	320	100
FC69C3D3_007354-T1	NCU03892-t26_1-p1	0.0	2014	100
FC69C3D3_007355-T1	NCU03893-t26_1-p1	2.44e-254	690	100
FC69C3D3_007356-T1	NCU03894-t26_1-p1	0.0	1761	100
FC69C3D3_007357-T1	NCU03897-t26_1-p1	0.0	2448	100
FC69C3D3_007358-T1	NCU03899-t26_1-p1	0.0	1358	100
FC69C3D3_007359-T1	NCU03901-t26_1-p1	3.59e-237	647	100
FC69C3D3_007360-T1	NCU03903-t26_1-p1	0.0	1002	100
FC69C3D3_007361-T1	NCU03905-t26_1-p1	0.0	1079	96.8
FC69C3D3_007362-T1	NCU03906-t26_1-p1	1.65e-241	665	100
FC69C3D3_007363-T1	NCU03907-t26_1-p1	3.32e-142	394	100
FC69C3D3_007364-T1	NCU03908-t26_1-p1	2.63e-165	455	100
FC69C3D3_007365-T1	NCU03909-t26_1-p1	3.29e-214	583	100
FC69C3D3_007366-T1	NCU03910-t26_1-p1	1.55e-93	265	100
FC69C3D3_007367-T1	NCU03911-t26_1-p1	6.04e-188	515	95.3
FC69C3D3_007368-T1	NCU03913-t26_1-p1	1.51e-295	798	100
FC69C3D3_007369-T1	NCU03914-t26_1-p1	0.0	1442	100
FC69C3D3_007370-T1	NCU03915-t26_1-p1	8.27e-259	723	100
FC69C3D3_007371-T1	NCU03918-t26_1-p1	1.39e-136	386	100
FC69C3D3_007372-T1	NCU03921-t26_1-p1	0.0	1311	100
FC69C3D3_007373-T1	NCU03922-t26_1-p1	0.0	912	100
FC69C3D3_007374-T1	NCU03924-t26_1-p1	0.0	1692	100
FC69C3D3_007375-T1	NCU03925-t26_1-p1	7.50e-312	840	100
FC69C3D3_007376-T1	NCU17108-t26_1-p1	3.90e-228	620	100
FC69C3D3_007377-T1	NCU03926-t26_1-p1	2.75e-276	747	100
FC69C3D3_007378-T1	NCU03928-t26_1-p1	0.0	1331	100
FC69C3D3_007379-T1	NCU03929-t26_1-p1	0.0	1391	100
FC69C3D3_007380-T1	NCU03931-t26_1-p1	0.0	978	100
FC69C3D3_007381-T1	NCU03932-t26_1-p1	4.21e-186	518	100
FC69C3D3_007382-T1	NCU03935-t26_1-p1	4.67e-248	674	100
FC69C3D3_007383-T1	NCU03936-t26_1-p1	5.47e-213	580	100
FC69C3D3_007384-T1	NCU03937-t26_1-p1	0.0	2245	100
FC69C3D3_007385-T1	NCU03938-t26_1-p1	0.0	1406	100
FC69C3D3_007386-T1	NCU10314-t26_1-p1	0.0	1028	100
FC69C3D3_007387-T1	NCU03944-t26_1-p1	0.0	1054	100
FC69C3D3_007389-T1	NCU03946-t26_1-p1	7.62e-107	305	86.0
FC69C3D3_007390-T1	NCU03947-t26_1-p1	0.0	1618	100
FC69C3D3_007391-T1	NCU03948-t26_1-p1	0.0	1277	100
FC69C3D3_007392-T1	NCU03949-t26_1-p1	4.17e-269	729	100
FC69C3D3_007393-T1	NCU03950-t26_1-p1	0.0	993	100
FC69C3D3_007394-T1	NCU03952-t26_1-p1	0.0	1273	100
FC69C3D3_007395-T1	NCU03953-t26_1-p1	2.11e-163	449	100
FC69C3D3_007396-T1	NCU03954-t26_1-p1	0.0	910	100
FC69C3D3_007397-T1	NCU03955-t26_1-p1	0.0	3632	100
FC69C3D3_007398-T1	NCU03956-t26_1-p1	0.0	934	100
FC69C3D3_007399-T1	NCU03957-t26_1-p1	2.85e-176	484	100
FC69C3D3_007400-T1	NCU03960-t26_1-p1	1.94e-102	289	100
FC69C3D3_007401-T1	NCU03961-t26_1-p1	0.0	1227	100
FC69C3D3_007402-T1	NCU03962-t26_1-p1	0.0	2285	100
FC69C3D3_007403-T1	NCU03963-t26_1-p1	4.42e-232	629	100
FC69C3D3_007404-T1	NCU03964-t26_1-p1	0.0	1853	100
FC69C3D3_007405-T1	NCU03965-t26_1-p1	0.0	1122	100
FC69C3D3_007406-T1	NCU03966-t26_1-p1	0.0	1234	100
FC69C3D3_007408-T1	NCU03967-t26_1-p1	2.87e-139	384	100
FC69C3D3_007409-T1	NCU03968-t26_1-p1	7.08e-281	761	100
FC69C3D3_007410-T1	NCU03970-t26_1-p1	1.35e-160	442	100
FC69C3D3_007411-T1	NCU03971-t26_1-p1	0.0	1027	100
FC69C3D3_007412-T1	NCU03972-t26_1-p1	0.0	939	100
FC69C3D3_007413-T1	NCU03973-t26_1-p1	0.0	983	100
FC69C3D3_007414-T1	NCU03974-t26_1-p1	0.0	1823	100
FC69C3D3_007415-T1	NCU03975-t26_1-p1	2.95e-232	647	100
FC69C3D3_007416-T1	NCU03978-t26_1-p1	0.0	1054	100
FC69C3D3_007417-T1	NCU03979-t26_1-p1	1.67e-315	851	100
FC69C3D3_007418-T1	NCU03980-t26_1-p1	0.0	1063	100
FC69C3D3_007419-T1	NCU03981-t26_2-p1	0.0	1461	99.6
FC69C3D3_007420-T1	NCU03982-t26_1-p1	0.0	1273	100
FC69C3D3_007421-T1	NCU03984-t26_1-p1	4.38e-117	330	100
FC69C3D3_007422-T1	NCU03985-t26_1-p1	2.02e-302	822	100
FC69C3D3_007423-T1	NCU03986-t26_1-p1	0.0	3040	100
FC69C3D3_007424-T1	NCU12114-t26_1-p1	0.0	1939	100
FC69C3D3_007425-T1	NCU17115-t26_1-p1	2.81e-279	761	100
FC69C3D3_007426-T1	NCU12112-t26_2-p1	1.78e-267	734	100
FC69C3D3_007427-T1	NCU03988-t26_1-p1	6.72e-123	343	100
FC69C3D3_007428-T1	NCU03989-t26_1-p1	5.49e-247	669	100
FC69C3D3_007429-T1	NCU03990-t26_1-p1	2.26e-99	285	100
FC69C3D3_007430-T1	NCU03991-t26_1-p1	0.0	1030	99.6
FC69C3D3_007431-T1	NCU03992-t26_1-p1	0.0	1269	100
FC69C3D3_007432-T1	NCU03993-t26_1-p1	1.50e-184	511	100
FC69C3D3_007433-T1	NCU03994-t26_1-p1	1.48e-282	792	100
FC69C3D3_007434-T1	NCU03995-t26_1-p1	4.00e-245	664	100
FC69C3D3_007435-T1	NCU03996-t26_1-p1	4.38e-296	798	100
FC69C3D3_007436-T1	NCU03997-t26_1-p1	5.52e-69	199	100
FC69C3D3_007437-T1	NCU03998-t26_1-p1	0.0	1066	100
FC69C3D3_007438-T1	NCU04001-t26_1-p1	0.0	974	100
FC69C3D3_007439-T1	NCU04002-t26_1-p1	0.0	1032	100
FC69C3D3_007440-T1	NCU04003-t26_1-p1	3.39e-161	442	100
FC69C3D3_007441-T1	NCU04005-t26_1-p1	0.0	886	100
FC69C3D3_007442-T1	NCU04007-t26_1-p1	0.0	2647	97.8
FC69C3D3_007443-T1	NCU04008-t26_1-p1	0.0	1321	100
FC69C3D3_007444-T1	NCU04009-t26_1-p1	4.74e-275	744	100
FC69C3D3_007445-T1	NCU04010-t26_1-p1	3.32e-267	726	100
FC69C3D3_007446-T1	NCU12111-t26_1-p1	2.71e-113	320	99.0
FC69C3D3_007447-T1	NCU04012-t26_1-p1	0.0	1068	100
FC69C3D3_007448-T1	NCU04013-t26_2-p1	0.0	1069	100
FC69C3D3_007449-T1	NCU04014-t26_1-p1	0.0	2062	100
FC69C3D3_007450-T1	NCU04015-t26_1-p1	0.0	1232	100
FC69C3D3_007451-T1	NCU04016-t26_1-p1	6.91e-197	540	100
FC69C3D3_007452-T1	NCU04017-t26_1-p1	5.26e-177	486	100
FC69C3D3_007453-T1	NCU04018-t26_1-p1	0.0	1056	100
FC69C3D3_007454-T1	NCU04019-t26_1-p1	1.40e-202	555	100
FC69C3D3_007455-T1	NCU04020-t26_1-p1	0.0	1216	100
FC69C3D3_007456-T1	NCU04021-t26_1-p1	0.0	3177	100
FC69C3D3_007457-T1	NCU04022-t26_1-p1	0.0	1112	100
FC69C3D3_007458-T1	NCU04024-t26_1-p1	0.0	2694	100
FC69C3D3_007459-T1	NCU04025-t26_1-p1	2.67e-155	437	100
FC69C3D3_007460-T1	NCU04026-t26_1-p1	2.45e-53	159	100
FC69C3D3_007461-T1	NCU04027-t26_1-p1	1.03e-252	683	100
FC69C3D3_007462-T1	NCU04028-t26_1-p1	2.54e-201	555	100
FC69C3D3_007463-T1	NCU04029-t26_1-p1	0.0	958	100
FC69C3D3_007464-T1	NCU04030-t26_1-p1	2.26e-89	254	100
FC69C3D3_007465-T1	NCU04032-t26_1-p1	2.98e-211	580	100
FC69C3D3_007466-T1	NCU04033-t26_1-p1	2.31e-243	659	100
FC69C3D3_007467-T1	NCU04034-t26_1-p1	1.76e-229	626	100
FC69C3D3_007468-T1	NCU04035-t26_1-p1	0.0	2027	100
FC69C3D3_007469-T1	NCU04036-t26_1-p1	1.07e-39	125	95.9
FC69C3D3_007470-T1	NCU04037-t26_1-p1	9.99e-231	634	94.8
FC69C3D3_007471-T1	NCU04038-t26_1-p1	8.06e-256	698	87.9
FC69C3D3_007472-T1	NCU04039-t26_1-p1	1.12e-131	365	100
FC69C3D3_007473-T1	NCU04040-t26_1-p1	8.93e-280	756	100
FC69C3D3_007474-T1	NCU04041-t26_1-p1	0.0	1357	100
FC69C3D3_007475-T1	NCU04042-t26_1-p1	0.0	1165	100
FC69C3D3_007477-T1	NCU04043-t26_1-p1	2.49e-121	342	100
FC69C3D3_007478-T1	NCU04044-t26_1-p1	0.0	1015	100
FC69C3D3_007480-T1	NCU04045-t26_1-p1	4.41e-200	553	100
FC69C3D3_007481-T1	NCU04046-t26_1-p1	1.53e-193	530	100
FC69C3D3_007482-T1	NCU04047-t26_1-p1	3.28e-121	362	100
FC69C3D3_007483-T1	NCU04048-t26_1-p1	0.0	1281	100
FC69C3D3_007484-T1	NCU04049-t26_1-p1	0.0	1108	100
FC69C3D3_007485-T1	NCU04050-t26_1-p1	7.27e-155	431	99.6
FC69C3D3_007486-T1	NCU04051-t26_1-p1	0.0	1427	100
FC69C3D3_007487-T1	NCU04053-t26_1-p1	0.0	1177	100
FC69C3D3_007488-T1	NCU04054-t26_1-p1	0.0	893	100
FC69C3D3_007490-T1	NCU04058-t26_1-p1	1.21e-193	531	100
FC69C3D3_007491-T1	NCU04059-t26_1-p1	0.0	2830	99.0
FC69C3D3_007492-T1	NCU04060-t26_1-p1	0.0	1092	100
FC69C3D3_007493-T1	NCU04061-t26_1-p1	9.63e-142	390	100
FC69C3D3_007494-T1	NCU04062-t26_1-p1	7.09e-266	723	100
FC69C3D3_007495-T1	NCU04063-t26_1-p1	7.91e-168	466	100
FC69C3D3_007496-T1	NCU04064-t26_1-p1	0.0	1155	100
FC69C3D3_007497-T1	NCU04065-t26_1-p1	0.0	1461	100
FC69C3D3_007498-T1	NCU04066-t26_1-p1	0.0	1070	100
FC69C3D3_007499-T1	NCU04067-t26_1-p1	0.0	943	100
FC69C3D3_007500-T1	NCU04068-t26_1-p1	1.61e-186	509	100
FC69C3D3_007501-T1	NCU04069-t26_1-p1	1.39e-248	678	100
FC69C3D3_007503-T1	NCU04071-t26_1-p1	7.69e-293	788	100
FC69C3D3_007504-T1	NCU04072-t26_1-p1	4.24e-228	618	100
FC69C3D3_007505-T1	NCU04073-t26_1-p1	0.0	2659	94.1
FC69C3D3_007506-T1	NCU04074-t26_1-p1	1.20e-211	575	100
FC69C3D3_007508-T1	NCU04075-t26_1-p1	0.0	1104	100
FC69C3D3_007509-T1	NCU04076-t26_1-p1	0.0	2326	99.8
FC69C3D3_007510-T1	NCU04077-t26_1-p1	0.0	1946	100
FC69C3D3_007511-T1	NCU04078-t26_1-p1	0.0	896	100
FC69C3D3_007512-T1	NCU04079-t26_1-p1	0.0	2000	100
FC69C3D3_007513-T1	NCU04080-t26_1-p1	0.0	867	100
FC69C3D3_007514-T1	NCU04081-t26_1-p1	6.86e-312	847	100
FC69C3D3_007515-T1	NCU04082-t26_1-p1	8.63e-76	218	100
FC69C3D3_007516-T1	NCU04083-t26_1-p1	6.10e-29	107	100
FC69C3D3_007517-T1	NCU04084-t26_1-p1	0.0	1234	98.3
FC69C3D3_007518-T1	NCU04085-t26_1-p1	2.11e-303	817	100
FC69C3D3_007519-T1	NCU04086-t26_1-p1	5.37e-260	702	100
FC69C3D3_007520-T1	NCU04087-t26_1-p1	7.82e-225	612	100
FC69C3D3_007521-T1	NCU04088-t26_1-p1	0.0	1607	100
FC69C3D3_007522-T1	NCU04089-t26_1-p1	0.0	1105	100
FC69C3D3_007523-T1	NCU04090-t26_1-p1	0.0	2258	100
FC69C3D3_007524-T1	NCU04091-t26_1-p1	2.25e-234	641	100
FC69C3D3_007525-T1	NCU04092-t26_1-p1	0.0	1281	100
FC69C3D3_007526-T1	NCU09859-t26_1-p1	5.97e-198	541	99.6
FC69C3D3_007527-T1	NCU09860-t26_1-p1	0.0	1378	100
FC69C3D3_007528-T1	NCU09861-t26_1-p1	0.0	1216	100
FC69C3D3_007529-T1	NCU09862-t26_1-p1	2.07e-248	673	100
FC69C3D3_007530-T1	NCU09863-t26_1-p1	1.82e-60	178	100
FC69C3D3_007531-T1	NCU09864-t26_1-p1	1.35e-271	739	100
FC69C3D3_007532-T1	NCU09865-t26_1-p1	9.39e-162	444	100
FC69C3D3_007533-T1	NCU09866-t26_1-p1	0.0	3105	100
FC69C3D3_007534-T1	NCU09867-t26_1-p1	0.0	2061	100
FC69C3D3_007536-T1	NCU06013-t26_1-p1	0.0	4443	100
FC69C3D3_007537-T1	NCU06012-t26_1-p1	5.87e-193	526	100
FC69C3D3_007538-T1	NCU06011-t26_1-p1	8.82e-244	695	88.5
FC69C3D3_007539-T1	NCU06010-t26_1-p1	0.0	963	100
FC69C3D3_007540-T1	NCU06009-t26_1-p1	1.34e-269	728	100
FC69C3D3_007542-T1	NCU06008-t26_1-p1	5.57e-296	801	100
FC69C3D3_007543-T1	NCU06007-t26_1-p1	1.79e-118	330	100
FC69C3D3_007544-T1	NCU06006-t26_1-p1	0.0	902	100
FC69C3D3_007546-T1	NCU06005-t26_1-p1	0.0	1184	100
FC69C3D3_007547-T1	NCU06003-t26_1-p1	4.41e-257	697	100
FC69C3D3_007548-T1	NCU06001-t26_1-p1	1.04e-93	265	100
FC69C3D3_007549-T1	NCU05999-t26_1-p1	0.0	1058	100
FC69C3D3_007550-T1	NCU05996-t26_1-p1	0.0	1676	100
FC69C3D3_007551-T1	NCU11215-t26_1-p1	0.0	1586	100
FC69C3D3_007552-T1	NCU05994-t26_1-p1	0.0	1486	100
FC69C3D3_007553-T1	NCU12125-t26_1-p1	9.35e-190	518	100
FC69C3D3_007554-T1	NCU12126-t26_1-p1	2.15e-306	830	100
FC69C3D3_007555-T1	NCU05992-t26_1-p1	3.41e-287	776	100
FC69C3D3_007556-T1	NCU05991-t26_1-p1	0.0	958	100
FC69C3D3_007557-T1	NCU05990-t26_1-p1	0.0	953	97.4
FC69C3D3_007558-T1	NCU05989-t26_2-p1	4.93e-59	178	100
FC69C3D3_007559-T1	NCU05988-t26_3-p1	5.00e-166	455	100
FC69C3D3_007560-T1	NCU05987-t26_1-p1	0.0	1850	100
FC69C3D3_007561-T1	NCU05986-t26_1-p1	1.51e-252	687	100
FC69C3D3_007562-T1	NCU05985-t26_1-p1	0.0	1580	100
FC69C3D3_007563-T1	NCU05984-t26_1-p1	3.05e-308	831	100
FC69C3D3_007564-T1	NCU05983-t26_1-p1	1.27e-169	465	100
FC69C3D3_007565-T1	NCU05982-t26_1-p1	1.42e-256	694	100
FC69C3D3_007566-T1	NCU05980-t26_1-p1	0.0	1313	100
FC69C3D3_007567-T1	NCU05979-t26_1-p1	0.0	1098	100
FC69C3D3_007568-T1	NCU05978-t26_1-p1	2.95e-291	805	100
FC69C3D3_007569-T1	NCU05978-t26_1-p1	6.80e-152	441	83.5
FC69C3D3_007570-T1	NCU05977-t26_1-p1	1.03e-275	745	100
FC69C3D3_007571-T1	NCU05974-t26_1-p1	4.05e-253	687	100
FC69C3D3_007572-T1	NCU05973-t26_1-p1	2.01e-231	630	100
FC69C3D3_007573-T1	NCU05972-t26_1-p1	0.0	1285	100
FC69C3D3_007574-T1	NCU05971-t26_1-p1	0.0	971	100
FC69C3D3_007575-T1	NCU05970-t26_1-p1	2.88e-214	592	100
FC69C3D3_007576-T1	NCU10049-t26_1-p1	1.37e-107	302	100
FC69C3D3_007577-T1	NCU10048-t26_1-p1	4.76e-210	577	100
FC69C3D3_007578-T1	NCU10046-t26_1-p1	1.16e-55	168	100
FC69C3D3_007579-T1	NCU10045-t26_1-p1	8.63e-237	643	100
FC69C3D3_007580-T1	NCU05969-t26_1-p1	5.26e-226	617	100
FC69C3D3_007581-T1	NCU05968-t26_1-p1	0.0	932	100
FC69C3D3_007582-T1	NCU05967-t26_1-p1	0.0	1092	100
FC69C3D3_007583-T1	NCU05966-t26_1-p1	0.0	1228	100
FC69C3D3_007584-T1	NCU05965-t26_1-p1	8.40e-271	731	100
FC69C3D3_007585-T1	NCU05964-t26_1-p1	1.02e-293	796	99.8
FC69C3D3_007586-T1	NCU05962-t26_1-p1	3.90e-50	150	100
FC69C3D3_007587-T1	NCU05961-t26_1-p1	2.94e-289	782	100
FC69C3D3_007588-T1	NCU05960-t26_1-p1	0.0	1060	100
FC69C3D3_007589-T1	NCU05959-t26_1-p1	5.64e-144	400	100
FC69C3D3_007590-T1	NCU05958-t26_1-p1	0.0	1302	100
FC69C3D3_007591-T1	NCU05956-t26_1-p1	0.0	2160	100
FC69C3D3_007592-T1	NCU05955-t26_1-p1	0.0	1549	100
FC69C3D3_007595-T1	NCU05954-t26_1-p1	0.0	1271	100
FC69C3D3_007596-T1	NCU05952-t26_1-p1	0.0	948	100
FC69C3D3_007597-T1	NCU05951-t26_1-p1	3.64e-153	430	97.8
FC69C3D3_007598-T1	NCU05950-t26_1-p1	1.22e-115	322	100
FC69C3D3_007599-T1	NCU05948-t26_1-p1	1.87e-82	234	100
FC69C3D3_007600-T1	NCU05946-t26_1-p1	3.71e-32	107	100
FC69C3D3_007601-T1	NCU05945-t26_1-p1	1.23e-195	545	100
FC69C3D3_007602-T1	NCU05944-t26_1-p1	5.82e-210	577	100
FC69C3D3_007603-T1	NCU05943-t26_1-p1	0.0	1643	100
FC69C3D3_007604-T1	NCU05942-t26_1-p1	2.19e-182	499	100
FC69C3D3_007605-T1	NCU05939-t26_1-p1	0.0	1602	99.8
FC69C3D3_007606-T1	NCU05937-t26_1-p1	4.86e-305	826	100
FC69C3D3_007607-T1	NCU05936-t26_1-p1	0.0	1860	100
FC69C3D3_007608-T1	NCU05935-t26_1-p1	0.0	1075	100
FC69C3D3_007609-T1	NCU05934-t26_1-p1	5.06e-256	697	100
FC69C3D3_007610-T1	NCU05933-t26_1-p1	0.0	1177	100
FC69C3D3_007612-T1	NCU05932-t26_1-p1	0.0	969	100
FC69C3D3_007613-T1	NCU05931-t26_1-p1	0.0	1586	100
FC69C3D3_007614-T1	NCU05929-t26_1-p1	1.21e-316	855	100
FC69C3D3_007615-T1	NCU05928-t26_1-p1	1.42e-258	702	100
FC69C3D3_007616-T1	NCU05927-t26_1-p1	0.0	1404	100
FC69C3D3_007617-T1	NCU05926-t26_1-p1	0.0	2444	100
FC69C3D3_007618-T1	NCU05925-t26_1-p1	1.43e-174	494	99.2
FC69C3D3_007619-T1	NCU05924-t26_1-p1	3.70e-245	664	100
FC69C3D3_007621-T1	NCU05923-t26_1-p1	0.0	1696	100
FC69C3D3_007623-T1	NCU05922-t26_1-p1	0.0	982	100
FC69C3D3_007624-T1	NCU05921-t26_1-p1	2.30e-238	647	100
FC69C3D3_007625-T1	NCU05920-t26_1-p1	7.00e-142	399	99.5
FC69C3D3_007626-T1	NCU05919-t26_1-p1	1.10e-220	615	57.4
FC69C3D3_007627-T1	NCU05918-t26_1-p1	0.0	1337	100
FC69C3D3_007628-T1	NCU05917-t26_1-p1	5.03e-206	561	100
FC69C3D3_007629-T1	NCU05916-t26_1-p1	0.0	939	100
FC69C3D3_007630-T1	NCU05915-t26_1-p1	1.65e-152	429	100
FC69C3D3_007632-T1	NCU05914-t26_1-p1	7.75e-245	662	99.4
FC69C3D3_007633-T1	NCU05912-t26_1-p1	8.52e-254	687	100
FC69C3D3_007634-T1	NCU05910-t26_1-p1	1.55e-134	372	100
FC69C3D3_007635-T1	NCU05908-t26_1-p1	2.15e-247	672	100
FC69C3D3_007636-T1	NCU05907-t26_1-p1	8.57e-93	262	100
FC69C3D3_007637-T1	NCU05906-t26_1-p1	4.18e-131	369	100
FC69C3D3_007638-T1	NCU05159-t26_1-p1	1.40e-214	584	100
FC69C3D3_007639-T1	NCU05158-t26_1-p1	1.54e-171	482	78.6
FC69C3D3_007640-T1	NCU05157-t26_1-p1	0.0	1003	100
FC69C3D3_007641-T1	NCU05156-t26_1-p1	0.0	1020	100
FC69C3D3_007642-T1	NCU05155-t26_1-p1	7.29e-167	462	100
FC69C3D3_007644-T1	NCU05154-t26_1-p1	0.0	2277	100
FC69C3D3_007645-T1	NCU05153-t26_1-p1	4.13e-253	696	100
FC69C3D3_007646-T1	NCU05151-t26_1-p1	0.0	1656	100
FC69C3D3_007647-T1	NCU05149-t26_1-p1	8.66e-189	521	100
FC69C3D3_007648-T1	NCU05148-t26_1-p1	6.75e-61	179	100
FC69C3D3_007649-T1	NCU05147-t26_1-p1	1.07e-127	358	73.8
FC69C3D3_007650-T1	NCU05146-t26_1-p1	0.0	1279	100
FC69C3D3_007651-T1	NCU05145-t26_1-p1	0.0	990	100
FC69C3D3_007652-T1	NCU05143-t26_1-p1	0.0	937	100
FC69C3D3_007653-T1	NCU05142-t26_1-p1	2.86e-120	346	100
FC69C3D3_007654-T1	NCU05141-t26_1-p1	9.59e-57	167	100
FC69C3D3_007655-T1	NCU10883-t26_2-p1	3.82e-101	309	100
FC69C3D3_007656-T1	NCU10883-t26_1-p1	8.85e-91	284	100
FC69C3D3_007657-T1	NCU05138-t26_1-p1	3.30e-292	788	100
FC69C3D3_007658-T1	NCU05137-t26_1-p1	0.0	1346	100
FC69C3D3_007659-T1	NCU05136-t26_1-p1	4.22e-255	692	100
FC69C3D3_007660-T1	NCU05135-t26_1-p1	1.86e-205	573	62.8
FC69C3D3_007661-T1	NCU05134-t26_1-p1	5.34e-70	204	100
FC69C3D3_007662-T1	NCU05133-t26_1-p1	0.0	910	100
FC69C3D3_007663-T1	NCU05132-t26_1-p1	0.0	5790	100
FC69C3D3_007664-T1	NCU05130-t26_1-p1	4.96e-235	652	100
FC69C3D3_007665-T1	NCU05129-t26_1-p1	0.0	1150	100
FC69C3D3_007666-T1	NCU05128-t26_1-p1	0.0	1064	100
FC69C3D3_007667-T1	NCU05127-t26_1-p1	5.36e-258	698	100
FC69C3D3_007668-T1	NCU05126-t26_1-p1	5.27e-270	730	100
FC69C3D3_007669-T1	NCU17138-t26_1-p1	0.0	1132	100
FC69C3D3_007671-T1	NCU05123-t26_1-p1	0.0	1116	100
FC69C3D3_007672-T1	NCU05122-t26_1-p1	5.75e-85	242	100
FC69C3D3_007673-T1	NCU05121-t26_1-p1	3.74e-220	598	100
FC69C3D3_007674-T1	NCU05120-t26_1-p1	0.0	2557	100
FC69C3D3_007675-T1	NCU05119-t26_1-p1	6.60e-75	216	100
FC69C3D3_007676-T1	NCU05118-t26_1-p1	1.06e-40	129	73.9
FC69C3D3_007677-T1	NCU05117-t26_1-p1	0.0	1162	100
FC69C3D3_007678-T1	NCU05116-t26_1-p1	1.58e-136	379	100
FC69C3D3_007679-T1	NCU05115-t26_1-p1	0.0	1664	100
FC69C3D3_007680-T1	NCU05114-t26_1-p1	0.0	1038	100
FC69C3D3_007681-T1	NCU05113-t26_1-p1	0.0	1134	99.6
FC69C3D3_007682-T1	NCU05112-t26_1-p1	8.64e-145	400	100
FC69C3D3_007683-T1	NCU05110-t26_1-p1	1.49e-239	656	100
FC69C3D3_007684-T1	NCU05108-t26_1-p1	7.52e-274	739	100
FC69C3D3_007685-T1	NCU05107-t26_1-p1	2.41e-96	275	100
FC69C3D3_007686-T1	NCU05106-t26_1-p1	1.82e-273	742	100
FC69C3D3_007687-T1	NCU05105-t26_1-p1	0.0	1609	100
FC69C3D3_007688-T1	NCU05104-t26_1-p1	0.0	942	100
FC69C3D3_007690-T1	NCU05102-t26_1-p1	2.90e-167	465	100
FC69C3D3_007691-T1	NCU05101-t26_1-p1	1.01e-174	482	100
FC69C3D3_007692-T1	NCU05099-t26_1-p1	5.73e-187	516	100
FC69C3D3_007693-T1	NCU05098-t26_1-p1	3.11e-312	844	93.8
FC69C3D3_007694-T1	NCU05097-t26_1-p1	2.18e-255	692	100
FC69C3D3_007695-T1	NCU05096-t26_1-p1	1.30e-50	175	100
FC69C3D3_007696-T1	NCU05095-t26_1-p1	0.0	1024	100
FC69C3D3_007698-T1	NCU05094-t26_1-p1	9.46e-218	593	100
FC69C3D3_007699-T1	NCU05093-t26_1-p1	0.0	1258	100
FC69C3D3_007700-T1	NCU05091-t26_1-p1	0.0	1108	96.6
FC69C3D3_007701-T1	NCU05089-t26_1-p1	0.0	868	100
FC69C3D3_007703-T1	NCU05086-t26_1-p1	0.0	1043	100
FC69C3D3_007704-T1	NCU05085-t26_1-p1	8.41e-06	47.0	72.7
FC69C3D3_007705-T1	NCU05084-t26_1-p1	1.35e-118	329	100
FC69C3D3_007706-T1	NCU05083-t26_1-p1	6.32e-113	322	100
FC69C3D3_007707-T1	NCU05080-t26_1-p1	6.28e-19	71.6	100
FC69C3D3_007708-T1	NCU05079-t26_1-p1	0.0	1258	100
FC69C3D3_007709-T1	NCU05078-t26_1-p1	3.63e-188	521	97.9
FC69C3D3_007710-T1	NCU05077-t26_1-p1	1.37e-214	589	100
FC69C3D3_007711-T1	NCU05076-t26_1-p1	1.86e-88	251	100
FC69C3D3_007712-T1	NCU05075-t26_1-p1	2.82e-216	589	100
FC69C3D3_007713-T1	NCU05074-t26_1-p1	6.84e-261	707	93.5
FC69C3D3_007715-T1	NCU05071-t26_1-p1	5.47e-239	651	100
FC69C3D3_007716-T1	NCU05070-t26_1-p1	3.21e-120	336	100
FC69C3D3_007717-T1	NCU05069-t26_1-p1	0.0	1130	100
FC69C3D3_007718-T1	NCU05068-t26_1-p1	2.00e-249	676	100
FC69C3D3_007719-T1	NCU10697-t26_1-p1	0.0	919	100
FC69C3D3_007720-T1	NCU10911-t26_1-p1	5.95e-318	885	100
FC69C3D3_007721-T1	NCU05067-t26_1-p1	0.0	869	100
FC69C3D3_007722-T1	NCU05066-t26_1-p1	0.0	1115	100
FC69C3D3_007723-T1	NCU05064-t26_1-p1	0.0	1317	100
FC69C3D3_007724-T1	NCU05062-t26_1-p1	0.0	1103	100
FC69C3D3_007725-T1	NCU05061-t26_1-p1	4.19e-91	270	87.4
FC69C3D3_007726-T1	NCU05060-t26_1-p1	2.18e-195	541	100
FC69C3D3_007727-T1	NCU05059-t26_1-p1	9.95e-132	379	100
FC69C3D3_007728-T1	NCU05057-t26_1-p1	0.0	910	100
FC69C3D3_007729-T1	NCU05056-t26_1-p1	1.98e-217	603	100
FC69C3D3_007730-T1	NCU05055-t26_1-p1	6.45e-293	791	100
FC69C3D3_007731-T1	NCU05054-t26_1-p1	0.0	2544	100
FC69C3D3_007732-T1	NCU05053-t26_1-p1	1.04e-227	619	100
FC69C3D3_007733-T1	NCU05051-t26_1-p1	0.0	1623	100
FC69C3D3_007734-T1	NCU05050-t26_1-p1	1.29e-293	791	100
FC69C3D3_007735-T1	NCU05049-t26_1-p1	3.02e-177	499	59.9
FC69C3D3_007736-T1	NCU05048-t26_1-p1	0.0	990	100
FC69C3D3_007737-T1	NCU05047-t26_1-p1	0.0	5068	98.9
FC69C3D3_007738-T1	NCU05046-t26_1-p1	0.0	2184	100
FC69C3D3_007739-T1	NCU05045-t26_1-p1	0.0	979	100
FC69C3D3_007740-T1	NCU05044-t26_1-p1	8.76e-173	487	100
FC69C3D3_007741-T1	NCU05044-t26_1-p1	3.16e-220	609	100
FC69C3D3_007742-T1	NCU05043-t26_1-p1	0.0	1028	100
FC69C3D3_007743-T1	NCU05042-t26_1-p1	0.0	1201	100
FC69C3D3_007744-T1	NCU05041-t26_1-p1	0.0	2005	100
FC69C3D3_007745-T1	NCU05040-t26_1-p1	1.63e-158	440	100
FC69C3D3_007746-T1	NCU05039-t26_1-p1	0.0	1132	100
FC69C3D3_007747-T1	NCU05038-t26_1-p1	3.37e-282	761	100
FC69C3D3_007748-T1	NCU05037-t26_1-p1	9.51e-250	677	100
FC69C3D3_007749-T1	NCU05036-t26_1-p1	1.38e-36	124	100
FC69C3D3_007750-T1	NCU05036-t26_1-p1	3.91e-179	496	99.6
FC69C3D3_007752-T1	NCU05034-t26_1-p1	3.60e-265	727	86.2
FC69C3D3_007753-T1	NCU05033-t26_1-p1	0.0	1123	100
FC69C3D3_007756-T1	NCU05031-t26_1-p1	3.48e-97	273	100
FC69C3D3_007757-T1	NCU05030-t26_1-p1	1.79e-76	221	100
FC69C3D3_007758-T1	NCU05029-t26_1-p1	0.0	1357	100
FC69C3D3_007759-T1	NCU05028-t26_1-p1	0.0	1514	100
FC69C3D3_007760-T1	NCU05027-t26_1-p1	1.90e-304	825	100
FC69C3D3_007761-T1	NCU11219-t26_1-p1	0.0	1365	99.9
FC69C3D3_007762-T1	NCU11220-t26_1-p1	0.0	1310	100
FC69C3D3_007763-T1	NCU05024-t26_1-p1	9.36e-198	539	100
FC69C3D3_007764-T1	NCU05023-t26_1-p1	1.54e-94	268	100
FC69C3D3_007765-T1	NCU05022-t26_1-p1	2.20e-148	409	97.1
FC69C3D3_007766-T1	NCU05020-t26_1-p1	3.78e-163	452	100
FC69C3D3_007767-T1	NCU05019-t26_1-p1	3.03e-243	667	100
FC69C3D3_007768-T1	NCU05017-t26_1-p1	5.23e-172	470	100
FC69C3D3_007770-T1	NCU05016-t26_1-p1	0.0	1408	100
FC69C3D3_007771-T1	NCU05015-t26_1-p1	2.90e-154	432	100
FC69C3D3_007772-T1	NCU05014-t26_1-p1	1.02e-292	791	100
FC69C3D3_007773-T1	NCU05013-t26_1-p1	0.0	1728	100
FC69C3D3_007774-T1	NCU05012-t26_1-p1	1.34e-115	332	100
FC69C3D3_007775-T1	NCU05011-t26_1-p1	0.0	4295	99.6
FC69C3D3_007776-T1	NCU05010-t26_1-p1	0.0	1382	100
FC69C3D3_007778-T1	NCU05009-t26_1-p1	2.50e-138	385	100
FC69C3D3_007779-T1	NCU05008-t26_1-p1	1.57e-86	247	100
FC69C3D3_007780-T1	NCU05007-t26_1-p1	0.0	1080	99.8
FC69C3D3_007781-T1	NCU05006-t26_1-p1	0.0	933	100
FC69C3D3_007782-T1	NCU05005-t26_1-p1	8.94e-168	460	100
FC69C3D3_007783-T1	NCU05004-t26_1-p1	8.76e-318	857	100
FC69C3D3_007784-T1	NCU10597-t26_1-p1	0.0	1248	100
FC69C3D3_007785-T1	NCU05001-t26_1-p1	0.0	1025	100
FC69C3D3_007786-T1	NCU12150-t26_1-p1	3.01e-127	353	100
FC69C3D3_007787-T1	NCU12151-t26_1-p1	3.82e-86	246	100
FC69C3D3_007788-T1	NCU12152-t26_1-p1	3.24e-234	636	100
FC69C3D3_007789-T1	NCU05000-t26_1-p1	0.0	2125	100
FC69C3D3_007790-T1	NCU12154-t26_1-p1	3.60e-155	429	98.6
FC69C3D3_007791-T1	NCU04998-t26_1-p1	1.65e-30	117	100
FC69C3D3_007792-T1	NCU04997-t26_1-p1	2.67e-317	855	100
FC69C3D3_007793-T1	NCU04996-t26_1-p1	7.04e-163	450	100
FC69C3D3_007794-T1	NCU04994-t26_1-p1	6.65e-208	573	89.6
FC69C3D3_007795-T1	NCU12156-t26_1-p1	7.13e-179	488	100
FC69C3D3_007796-T1	NCU04992-t26_1-p1	1.77e-142	393	100
FC69C3D3_007797-T1	NCU04991-t26_1-p1	0.0	1219	99.7
FC69C3D3_007798-T1	NCU09306-t26_1-p1	1.76e-175	483	100
FC69C3D3_007799-T1	NCU11424-t26_1-p1	0.0	1276	100
FC69C3D3_007800-T1	NCU09305-t26_1-p1	7.13e-155	431	99.5
FC69C3D3_007801-T1	NCU09304-t26_1-p1	0.0	895	100
FC69C3D3_007802-T1	NCU09303-t26_1-p1	0.0	891	100
FC69C3D3_007803-T1	NCU09302-t26_1-p1	0.0	1032	100
FC69C3D3_007804-T1	NCU09301-t26_1-p1	0.0	3030	100
FC69C3D3_007805-T1	NCU09300-t26_1-p1	0.0	1450	100
FC69C3D3_007806-T1	NCU09299-t26_1-p1	4.20e-87	247	100
FC69C3D3_007807-T1	NCU11409-t26_1-p1	0.0	2037	100
FC69C3D3_007808-T1	NCU11410-t26_1-p1	0.0	952	100
FC69C3D3_007809-T1	NCU09297-t26_1-p1	0.0	2276	100
FC69C3D3_007810-T1	NCU09296-t26_1-p1	0.0	1659	100
FC69C3D3_007811-T1	NCU09295-t26_1-p1	4.40e-259	699	100
FC69C3D3_007812-T1	NCU09294-t26_1-p1	1.90e-154	444	99.7
FC69C3D3_007813-T1	NCU09293-t26_1-p1	1.28e-88	251	100
FC69C3D3_007815-T1	NCU17154-t26_1-p1	1.37e-308	852	100
FC69C3D3_007816-T1	NCU17154-t26_1-p1	2.60e-274	764	99.7
FC69C3D3_007817-T1	NCU17155-t26_1-p1	0.0	988	100
FC69C3D3_007818-T1	NCU09291-t26_1-p1	7.98e-154	424	100
FC69C3D3_007819-T1	NCU09290-t26_1-p1	2.02e-145	402	100
FC69C3D3_007820-T1	NCU09288-t26_1-p1	1.64e-290	803	99.8
FC69C3D3_007821-T1	NCU09287-t26_1-p1	0.0	1299	100
FC69C3D3_007822-T1	NCU11411-t26_1-p1	6.24e-232	633	100
FC69C3D3_007823-T1	NCU12058-t26_1-p1	1.23e-316	855	100
FC69C3D3_007824-T1	NCU09285-t26_1-p1	7.62e-258	697	100
FC69C3D3_007825-T1	NCU09284-t26_1-p1	0.0	899	100
FC69C3D3_007826-T1	NCU09283-t26_1-p1	8.63e-179	489	100
FC69C3D3_007828-T1	NCU09282-t26_1-p1	1.65e-185	527	87.0
FC69C3D3_007829-T1	NCU09281-t26_1-p1	0.0	1776	100
FC69C3D3_007830-T1	NCU09280-t26_1-p1	0.0	880	100
FC69C3D3_007831-T1	NCU09279-t26_1-p1	0.0	979	100
FC69C3D3_007832-T1	NCU09278-t26_1-p1	3.08e-225	612	100
FC69C3D3_007833-T1	NCU09277-t26_1-p1	3.20e-94	266	100
FC69C3D3_007834-T1	NCU09276-t26_1-p1	2.16e-251	682	100
FC69C3D3_007835-T1	NCU09274-t26_1-p1	0.0	1149	100
FC69C3D3_007836-T1	NCU09273-t26_1-p1	0.0	1031	100
FC69C3D3_007837-T1	NCU09272-t26_1-p1	0.0	2071	100
FC69C3D3_007839-T1	NCU09271-t26_1-p1	8.20e-191	526	100
FC69C3D3_007840-T1	NCU09270-t26_1-p1	0.0	1855	98.0
FC69C3D3_007841-T1	NCU09430-t26_1-p1	5.39e-254	693	100
FC69C3D3_007842-T1	NCU09431-t26_1-p1	2.25e-193	532	100
FC69C3D3_007843-T1	NCU09432-t26_1-p1	0.0	2013	100
FC69C3D3_007844-T1	NCU09434-t26_1-p1	0.0	1964	100
FC69C3D3_007845-T1	NCU09435-t26_1-p1	0.0	1995	100
FC69C3D3_007846-T1	NCU09436-t26_1-p1	6.19e-183	502	100
FC69C3D3_007847-T1	NCU09437-t26_1-p1	0.0	2214	100
FC69C3D3_007848-T1	NCU09438-t26_1-p1	0.0	2689	100
FC69C3D3_007850-T1	NCU09439-t26_1-p1	6.76e-166	460	100
FC69C3D3_007851-T1	NCU09440-t26_1-p1	2.00e-103	298	93.8
FC69C3D3_007852-T1	NCU09441-t26_1-p1	0.0	1469	100
FC69C3D3_007853-T1	NCU09442-t26_1-p1	1.63e-119	333	100
FC69C3D3_007854-T1	NCU09443-t26_1-p1	0.0	3015	100
FC69C3D3_007856-T1	NCU09444-t26_1-p1	0.0	1252	100
FC69C3D3_007857-T1	NCU09445-t26_1-p1	5.02e-285	770	100
FC69C3D3_007858-T1	NCU09447-t26_1-p1	0.0	898	100
FC69C3D3_007859-T1	NCU09449-t26_1-p1	0.0	1598	100
FC69C3D3_007860-T1	NCU09450-t26_1-p1	0.0	2137	100
FC69C3D3_007861-T1	NCU09451-t26_1-p1	3.33e-297	807	100
FC69C3D3_007862-T1	NCU09452-t26_1-p1	6.59e-149	416	100
FC69C3D3_007863-T1	NCU09455-t26_1-p1	7.58e-226	612	100
FC69C3D3_007864-T1	NCU09456-t26_1-p1	0.0	1011	100
FC69C3D3_007865-T1	NCU09458-t26_1-p1	0.0	1155	100
FC69C3D3_007866-T1	NCU09459-t26_1-p1	0.0	1165	100
FC69C3D3_007867-T1	NCU09460-t26_1-p1	2.58e-133	369	100
FC69C3D3_007868-T1	NCU09993-t26_1-p1	0.0	3261	100
FC69C3D3_007869-T1	NCU09992-t26_1-p1	0.0	1170	100
FC69C3D3_007871-T1	NCU12051-t26_1-p1	3.69e-243	660	100
FC69C3D3_007872-T1	NCU12050-t26_1-p1	1.13e-188	515	100
FC69C3D3_007873-T1	NCU09990-t26_1-p1	0.0	1337	99.4
FC69C3D3_007874-T1	NCU10539-t26_1-p1	8.42e-273	739	100
FC69C3D3_007875-T1	NCU09988-t26_1-p1	6.46e-176	493	98.5
FC69C3D3_007876-T1	NCU09986-t26_1-p1	1.10e-61	186	100
FC69C3D3_007877-T1	NCU09020-t26_1-p1	0.0	940	100
FC69C3D3_007879-T1	NCU09022-t26_1-p1	0.0	1007	100
FC69C3D3_007880-T1	NCU09023-t26_1-p1	0.0	1162	100
FC69C3D3_007881-T1	NCU09024-t26_1-p1	0.0	1214	97.0
FC69C3D3_007882-T1	NCU09025-t26_1-p1	0.0	1262	100
FC69C3D3_007883-T1	NCU09026-t26_1-p1	0.0	1087	90.3
FC69C3D3_007884-T1	NCU09027-t26_1-p1	1.16e-231	637	94.5
FC69C3D3_007885-T1	NCU09028-t26_1-p1	5.80e-244	672	100
FC69C3D3_007886-T1	NCU09029-t26_1-p1	3.95e-195	533	100
FC69C3D3_007887-T1	NCU09030-t26_1-p1	0.0	1494	100
FC69C3D3_007889-T1	NCU09031-t26_1-p1	3.71e-171	501	100
FC69C3D3_007890-T1	NCU09032-t26_1-p1	0.0	1445	100
FC69C3D3_007891-T1	NCU09033-t26_1-p1	0.0	1660	97.5
FC69C3D3_007892-T1	NCU09034-t26_1-p1	0.0	946	100
FC69C3D3_007893-T1	NCU09035-t26_1-p1	1.23e-200	548	100
FC69C3D3_007895-T1	NCU09037-t26_1-p1	0.0	1379	100
FC69C3D3_007896-T1	NCU09038-t26_1-p1	0.0	1284	100
FC69C3D3_007897-T1	NCU09039-t26_1-p1	0.0	1128	100
FC69C3D3_007898-T1	NCU09040-t26_1-p1	3.57e-271	733	100
FC69C3D3_007899-T1	NCU09041-t26_1-p1	4.96e-194	533	100
FC69C3D3_007900-T1	NCU09042-t26_1-p1	0.0	1925	100
FC69C3D3_007901-T1	NCU09043-t26_1-p1	1.54e-231	627	100
FC69C3D3_007902-T1	NCU09045-t26_1-p1	0.0	1618	100
FC69C3D3_007903-T1	NCU09046-t26_1-p1	1.31e-135	375	100
FC69C3D3_007905-T1	NCU09048-t26_1-p1	0.0	2065	100
FC69C3D3_007906-T1	NCU09049-t26_1-p1	7.32e-108	304	100
FC69C3D3_007907-T1	NCU09050-t26_1-p1	0.0	1076	100
FC69C3D3_007908-T1	NCU11396-t26_1-p1	2.56e-314	848	100
FC69C3D3_007909-T1	NCU11395-t26_1-p1	0.0	920	100
FC69C3D3_007910-T1	NCU09052-t26_1-p1	1.49e-240	655	100
FC69C3D3_007911-T1	NCU09053-t26_1-p1	2.84e-57	177	100
FC69C3D3_007912-T1	NCU09054-t26_1-p1	6.98e-179	494	79.3
FC69C3D3_007913-T1	NCU09055-t26_1-p1	1.48e-54	162	100
FC69C3D3_007914-T1	NCU09056-t26_1-p1	0.0	1469	100
FC69C3D3_007915-T1	NCU09057-t26_1-p1	3.59e-68	211	100
FC69C3D3_007916-T1	NCU09058-t26_1-p1	6.83e-239	649	100
FC69C3D3_007917-T1	NCU09059-t26_1-p1	3.75e-112	315	100
FC69C3D3_007918-T1	NCU09062-t26_1-p1	1.44e-213	583	92.3
FC69C3D3_007919-T1	NCU09063-t26_1-p1	0.0	1737	100
FC69C3D3_007920-T1	NCU11000-t26_2-p1	0.0	1089	100
FC69C3D3_007921-T1	NCU06859-t26_1-p1	0.0	934	100
FC69C3D3_007922-T1	NCU06860-t26_1-p1	0.0	1140	99.3
FC69C3D3_007923-T1	NCU06861-t26_1-p1	2.51e-255	697	100
FC69C3D3_007924-T1	NCU06862-t26_1-p1	0.0	1063	100
FC69C3D3_007925-T1	NCU06863-t26_1-p1	1.68e-71	217	100
FC69C3D3_007929-T1	NCU06864-t26_1-p1	6.42e-131	380	97.4
FC69C3D3_007930-T1	NCU06866-t26_1-p1	0.0	1136	100
FC69C3D3_007931-T1	NCU06867-t26_1-p1	1.56e-74	223	92.4
FC69C3D3_007932-T1	NCU06868-t26_1-p1	0.0	1972	99.8
FC69C3D3_007933-T1	NCU06869-t26_1-p1	0.0	1715	100
FC69C3D3_007934-T1	NCU10436-t26_1-p1	0.0	893	100
FC69C3D3_007935-T1	NCU06870-t26_1-p1	0.0	1025	100
FC69C3D3_007936-T1	NCU06871-t26_1-p1	0.0	3806	100
FC69C3D3_007937-T1	NCU06874-t26_1-p1	0.0	1324	94.3
FC69C3D3_007938-T1	NCU06875-t26_1-p1	1.15e-146	404	100
FC69C3D3_007939-T1	NCU06876-t26_1-p1	2.78e-96	274	100
FC69C3D3_007940-T1	NCU06877-t26_1-p1	0.0	1212	100
FC69C3D3_007941-T1	NCU06878-t26_1-p1	3.98e-147	409	100
FC69C3D3_007942-T1	NCU06879-t26_1-p1	1.48e-89	254	100
FC69C3D3_007943-T1	NCU06880-t26_1-p1	1.50e-130	363	100
FC69C3D3_007944-T1	NCU06881-t26_1-p1	0.0	1021	100
FC69C3D3_007945-T1	NCU06882-t26_1-p1	0.0	1057	100
FC69C3D3_007946-T1	NCU06883-t26_1-p1	4.68e-173	484	100
FC69C3D3_007947-T1	NCU06884-t26_1-p1	0.0	3345	93.7
FC69C3D3_007948-T1	NCU06886-t26_1-p1	4.48e-133	373	99.1
FC69C3D3_007949-T1	NCU06887-t26_1-p1	2.26e-108	311	99.6
FC69C3D3_007950-T1	NCU17170-t26_1-p1	1.63e-118	330	100
FC69C3D3_007951-T1	NCU06889-t26_1-p1	3.70e-170	482	100
FC69C3D3_007952-T1	NCU06890-t26_1-p1	1.61e-44	136	100
FC69C3D3_007953-T1	NCU17171-t26_1-p1	0.0	949	98.8
FC69C3D3_007954-T1	NCU12046-t26_1-p1	0.0	1339	100
FC69C3D3_007955-T1	NCU06892-t26_1-p1	4.45e-78	224	100
FC69C3D3_007956-T1	NCU06893-t26_1-p1	0.0	1277	100
FC69C3D3_007957-T1	NCU06894-t26_1-p1	3.05e-301	829	100
FC69C3D3_007958-T1	NCU06895-t26_1-p1	0.0	1094	100
FC69C3D3_007959-T1	NCU06896-t26_1-p1	2.88e-137	390	100
FC69C3D3_007960-T1	NCU06897-t26_1-p1	5.12e-140	400	100
FC69C3D3_007961-T1	NCU06899-t26_1-p1	9.99e-191	522	100
FC69C3D3_007962-T1	NCU06901-t26_1-p1	2.95e-118	335	100
FC69C3D3_007963-T1	NCU06902-t26_1-p1	1.87e-189	518	100
FC69C3D3_007964-T1	NCU12044-t26_1-p1	7.74e-147	407	100
FC69C3D3_007965-T1	NCU06903-t26_1-p1	1.24e-201	557	100
FC69C3D3_007966-T1	NCU06904-t26_1-p1	1.34e-105	300	100
FC69C3D3_007967-T1	NCU06905-t26_1-p1	1.57e-185	509	92.1
FC69C3D3_007968-T1	NCU06906-t26_1-p1	0.0	1233	100
FC69C3D3_007969-T1	NCU06907-t26_1-p1	0.0	1444	100
FC69C3D3_007970-T1	NCU06908-t26_1-p1	0.0	2212	100
FC69C3D3_007971-T1	NCU06910-t26_1-p1	2.00e-42	137	100
FC69C3D3_007972-T1	NCU06911-t26_1-p1	9.59e-101	285	100
FC69C3D3_007973-T1	NCU06912-t26_1-p1	3.26e-124	348	100
FC69C3D3_007975-T1	NCU06913-t26_1-p1	0.0	1063	100
FC69C3D3_007976-T1	NCU06914-t26_1-p1	0.0	944	100
FC69C3D3_007977-T1	NCU06915-t26_1-p1	5.63e-241	655	100
FC69C3D3_007979-T1	NCU06916-t26_1-p1	1.07e-173	479	85.7
FC69C3D3_007980-T1	NCU06917-t26_1-p1	0.0	1110	100
FC69C3D3_007981-T1	NCU06918-t26_1-p1	0.0	1208	100
FC69C3D3_007982-T1	NCU06919-t26_1-p1	2.74e-226	612	100
FC69C3D3_007983-T1	NCU06920-t26_1-p1	1.52e-218	592	100
FC69C3D3_007985-T1	NCU06921-t26_1-p1	0.0	1084	100
FC69C3D3_007986-T1	NCU06922-t26_1-p1	1.56e-97	275	100
FC69C3D3_007987-T1	NCU06923-t26_1-p1	1.23e-290	783	100
FC69C3D3_007988-T1	NCU06924-t26_1-p1	0.0	1033	100
FC69C3D3_007989-T1	NCU17176-t26_1-p1	5.51e-282	763	99.7
FC69C3D3_007990-T1	NCU17177-t26_1-p1	0.0	1091	100
FC69C3D3_007991-T1	NCU06926-t26_1-p1	1.75e-318	857	100
FC69C3D3_007992-T1	NCU06927-t26_1-p1	3.45e-249	686	97.3
FC69C3D3_007993-T1	NCU06928-t26_1-p1	0.0	1153	100
FC69C3D3_007994-T1	NCU06929-t26_1-p1	0.0	1564	100
FC69C3D3_007995-T1	NCU06930-t26_3-p1	0.0	3850	100
FC69C3D3_007996-T1	NCU06931-t26_1-p1	0.0	1424	100
FC69C3D3_007997-T1	NCU06932-t26_1-p1	0.0	1286	96.5
FC69C3D3_007998-T1	NCU06933-t26_1-p1	2.70e-123	343	100
FC69C3D3_007999-T1	NCU06934-t26_1-p1	0.0	1176	100
FC69C3D3_008000-T1	NCU06935-t26_1-p1	0.0	1785	100
FC69C3D3_008001-T1	NCU06936-t26_1-p1	1.48e-258	699	100
FC69C3D3_008002-T1	NCU06938-t26_1-p1	7.71e-139	382	100
FC69C3D3_008003-T1	NCU10521-t26_1-p1	2.46e-164	451	100
FC69C3D3_008005-T1	NCU06939-t26_1-p1	0.0	1045	100
FC69C3D3_008006-T1	NCU06940-t26_1-p1	1.13e-157	436	92.2
FC69C3D3_008007-T1	NCU06941-t26_1-p1	5.00e-77	222	100
FC69C3D3_008008-T1	NCU06942-t26_1-p1	2.37e-316	853	100
FC69C3D3_008009-T1	NCU06943-t26_1-p1	0.0	904	100
FC69C3D3_008010-T1	NCU06944-t26_1-p1	2.59e-263	739	100
FC69C3D3_008011-T1	NCU06945-t26_1-p1	8.39e-216	588	100
FC69C3D3_008013-T1	NCU06946-t26_1-p1	0.0	2105	100
FC69C3D3_008014-T1	NCU06948-t26_1-p1	2.92e-101	285	100
FC69C3D3_008015-T1	NCU06949-t26_1-p1	1.85e-312	842	100
FC69C3D3_008016-T1	NCU06950-t26_1-p1	0.0	1700	100
FC69C3D3_008017-T1	NCU06951-t26_1-p1	0.0	903	95.1
FC69C3D3_008019-T1	NCU06953-t26_1-p1	1.77e-117	328	100
FC69C3D3_008020-T1	NCU06954-t26_1-p1	2.90e-100	289	100
FC69C3D3_008021-T1	NCU09591-t26_1-p1	8.61e-96	271	100
FC69C3D3_008022-T1	NCU09590-t26_1-p1	1.63e-124	346	100
FC69C3D3_008023-T1	NCU09589-t26_1-p1	2.69e-108	305	100
FC69C3D3_008025-T1	NCU09587-t26_1-p1	1.73e-121	342	100
FC69C3D3_008026-T1	NCU09586-t26_1-p1	9.10e-149	413	100
FC69C3D3_008027-T1	NCU09585-t26_1-p1	1.43e-181	504	100
FC69C3D3_008028-T1	NCU09584-t26_1-p1	8.97e-142	392	100
FC69C3D3_008029-T1	NCU12039-t26_1-p1	8.03e-157	431	100
FC69C3D3_008030-T1	NCU17180-t26_1-p1	7.49e-140	387	100
FC69C3D3_008031-T1	NCU09582-t26_1-p1	5.41e-189	516	100
FC69C3D3_008032-T1	NCU09581-t26_1-p1	0.0	1037	100
FC69C3D3_008033-T1	NCU09580-t26_1-p1	0.0	1199	100
FC69C3D3_008034-T1	NCU09579-t26_1-p1	5.36e-257	696	100
FC69C3D3_008035-T1	NCU09578-t26_1-p1	9.55e-103	293	100
FC69C3D3_008036-T1	NCU09577-t26_1-p1	2.65e-179	491	100
FC69C3D3_008038-T1	NCU09576-t26_1-p1	8.97e-203	586	100
FC69C3D3_008039-T1	NCU09575-t26_1-p1	0.0	1103	100
FC69C3D3_008040-T1	NCU09574-t26_1-p1	1.04e-23	83.6	100
FC69C3D3_008041-T1	NCU09573-t26_1-p1	0.0	1030	100
FC69C3D3_008042-T1	NCU09572-t26_1-p1	6.99e-143	394	100
FC69C3D3_008043-T1	NCU09571-t26_1-p1	0.0	1152	100
FC69C3D3_008044-T1	NCU09570-t26_1-p1	1.56e-219	598	99.7
FC69C3D3_008045-T1	NCU09569-t26_1-p1	0.0	1074	98.7
FC69C3D3_008046-T1	NCU09568-t26_1-p1	3.14e-223	610	100
FC69C3D3_008047-T1	NCU09567-t26_1-p1	2.92e-276	752	100
FC69C3D3_008048-T1	NCU09566-t26_1-p1	0.0	1493	97.3
FC69C3D3_008049-T1	NCU09565-t26_1-p1	0.0	1107	100
FC69C3D3_008050-T1	NCU09564-t26_1-p1	0.0	1155	100
FC69C3D3_008052-T1	NCU09562-t26_1-p1	2.41e-189	520	100
FC69C3D3_008053-T1	NCU09561-t26_1-p1	4.61e-154	424	100
FC69C3D3_008054-T1	NCU09560-t26_2-p1	3.00e-164	451	100
FC69C3D3_008055-T1	NCU09559-t26_1-p1	0.0	1740	100
FC69C3D3_008056-T1	NCU10053-t26_1-p1	2.23e-268	726	100
FC69C3D3_008057-T1	NCU10052-t26_1-p1	0.0	1263	100
FC69C3D3_008058-T1	NCU10051-t26_1-p1	1.65e-300	813	100
FC69C3D3_008059-T1	NCU08399-t26_1-p1	0.0	5039	100
FC69C3D3_008060-T1	NCU08398-t26_1-p1	4.93e-299	805	100
FC69C3D3_008061-T1	NCU08397-t26_1-p1	0.0	1771	100
FC69C3D3_008062-T1	NCU08396-t26_1-p1	0.0	1254	100
FC69C3D3_008063-T1	NCU08395-t26_1-p1	1.12e-106	298	100
FC69C3D3_008064-T1	NCU12034-t26_1-p1	1.29e-268	728	100
FC69C3D3_008065-T1	NCU12033-t26_1-p1	1.80e-300	810	100
FC69C3D3_008066-T1	NCU08393-t26_1-p1	0.0	1275	100
FC69C3D3_008067-T1	NCU09429-t26_1-p1	0.0	1354	100
FC69C3D3_008068-T1	NCU09427-t26_1-p1	0.0	911	100
FC69C3D3_008069-T1	NCU09425-t26_1-p1	0.0	1634	100
FC69C3D3_008070-T1	NCU09424-t26_1-p1	0.0	1079	100
FC69C3D3_008071-T1	NCU09423-t26_1-p1	5.89e-195	530	100
FC69C3D3_008072-T1	NCU09422-t26_1-p1	2.78e-153	429	100
FC69C3D3_008073-T1	NCU09421-t26_1-p1	4.17e-108	313	100
FC69C3D3_008074-T1	NCU09420-t26_1-p1	2.47e-152	420	100
FC69C3D3_008075-T1	NCU09419-t26_1-p1	0.0	1125	100
FC69C3D3_008076-T1	NCU09418-t26_1-p1	1.81e-262	711	100
FC69C3D3_008077-T1	NCU17186-t26_1-p1	0.0	967	100
FC69C3D3_008078-T1	NCU09416-t26_1-p1	2.77e-249	680	100
FC69C3D3_008079-T1	NCU09415-t26_1-p1	2.38e-167	471	100
FC69C3D3_008080-T1	NCU09412-t26_1-p1	0.0	1950	98.9
FC69C3D3_008081-T1	NCU09410-t26_1-p1	0.0	1201	100
FC69C3D3_008082-T1	NCU09409-t26_1-p1	3.93e-232	630	100
FC69C3D3_008083-T1	NCU09408-t26_1-p1	7.07e-196	543	100
FC69C3D3_008084-T1	NCU09407-t26_1-p1	0.0	1514	100
FC69C3D3_008085-T1	NCU09406-t26_1-p1	0.0	1703	100
FC69C3D3_008088-T1	NCU09403-t26_1-p1	4.94e-226	613	100
FC69C3D3_008089-T1	NCU09402-t26_1-p1	0.0	874	100
FC69C3D3_008090-T1	NCU09401-t26_1-p1	0.0	1772	100
FC69C3D3_008091-T1	NCU09400-t26_1-p1	4.02e-214	582	100
FC69C3D3_008094-T1	NCU09395-t26_1-p1	1.58e-57	169	100
FC69C3D3_008095-T1	NCU09391-t26_1-p1	0.0	1467	100
FC69C3D3_008096-T1	NCU09390-t26_1-p1	3.41e-206	561	100
FC69C3D3_008097-T1	NCU10014-t26_1-p1	5.28e-195	545	100
FC69C3D3_008098-T1	NCU10015-t26_1-p1	6.61e-287	775	100
FC69C3D3_008099-T1	NCU10016-t26_1-p1	0.0	890	100
FC69C3D3_008100-T1	NCU15835-t26_1-p1	4.43e-197	574	99.7
FC69C3D3_008101-T1	NCU15835-t26_2-p1	0.0	1692	100
FC69C3D3_008102-T1	NCU10019-t26_1-p1	1.90e-90	266	100
FC69C3D3_008103-T1	NCU10020-t26_1-p1	5.45e-289	780	100
FC69C3D3_008104-T1	NCU10021-t26_1-p1	0.0	1106	100
FC69C3D3_008105-T1	NCU10055-t26_1-p1	1.87e-230	625	100
FC69C3D3_008106-T1	NCU09726-t26_1-p1	0.0	937	100
FC69C3D3_008107-T1	NCU09725-t26_1-p1	6.88e-44	139	100
FC69C3D3_008108-T1	NCU09724-t26_1-p1	1.29e-69	206	100
FC69C3D3_008110-T1	NCU09722-t26_1-p1	8.60e-196	556	100
FC69C3D3_008111-T1	NCU09721-t26_1-p1	0.0	1437	100
FC69C3D3_008113-T1	NCU09719-t26_1-p1	6.00e-226	612	100
FC69C3D3_008114-T1	NCU09718-t26_1-p1	1.04e-295	798	100
FC69C3D3_008115-T1	NCU09716-t26_1-p1	0.0	1252	100
FC69C3D3_008116-T1	NCU09715-t26_1-p1	0.0	1056	100
FC69C3D3_008118-T1	NCU09713-t26_1-p1	9.59e-146	409	100
FC69C3D3_008119-T1	NCU09711-t26_1-p1	0.0	1575	100
FC69C3D3_008120-T1	NCU09710-t26_1-p1	0.0	1172	100
FC69C3D3_008121-T1	NCU09709-t26_1-p1	0.0	1045	100
FC69C3D3_008122-T1	NCU09708-t26_1-p1	7.37e-302	819	100
FC69C3D3_008123-T1	NCU09707-t26_1-p1	2.03e-171	470	100
FC69C3D3_008124-T1	NCU09706-t26_1-p1	0.0	1718	100
FC69C3D3_008125-T1	NCU09705-t26_1-p1	2.38e-263	712	100
FC69C3D3_008127-T1	NCU09703-t26_1-p1	6.54e-173	474	100
FC69C3D3_008129-T1	NCU09702-t26_1-p1	0.0	993	100
FC69C3D3_008131-T1	NCU12026-t26_1-p1	0.0	1208	100
FC69C3D3_008132-T1	NCU12025-t26_1-p1	2.35e-73	219	100
FC69C3D3_008133-T1	NCU09700-t26_1-p1	0.0	1076	100
FC69C3D3_008134-T1	NCU12024-t26_1-p1	1.65e-247	719	100
FC69C3D3_008135-T1	NCU12023-t26_1-p1	4.10e-299	809	100
FC69C3D3_008136-T1	NCU10311-t26_1-p1	0.0	1254	100
FC69C3D3_008137-T1	NCU04558-t26_1-p1	8.97e-272	740	100
FC69C3D3_008138-T1	NCU10865-t26_1-p1	3.96e-308	829	100
FC69C3D3_008139-T1	NCU04557-t26_1-p1	0.0	1011	100
FC69C3D3_008140-T1	NCU04556-t26_1-p1	2.08e-291	792	89.4
FC69C3D3_008141-T1	NCU04555-t26_1-p1	1.42e-136	383	100
FC69C3D3_008142-T1	NCU04554-t26_1-p1	9.06e-316	853	100
FC69C3D3_008143-T1	NCU04552-t26_1-p1	4.77e-83	237	100
FC69C3D3_008144-T1	NCU04550-t26_1-p1	1.11e-319	867	100
FC69C3D3_008145-T1	NCU04549-t26_1-p1	3.65e-92	268	100
FC69C3D3_008146-T1	NCU04548-t26_1-p1	0.0	4477	99.3
FC69C3D3_008147-T1	NCU10910-t26_1-p1	0.0	1625	100
FC69C3D3_008148-T1	NCU04546-t26_1-p1	0.0	948	100
FC69C3D3_008149-T1	NCU04545-t26_1-p1	0.0	1405	100
FC69C3D3_008150-T1	NCU04544-t26_1-p1	0.0	1777	100
FC69C3D3_008151-T1	NCU04543-t26_1-p1	5.36e-192	528	100
FC69C3D3_008152-T1	NCU04542-t26_1-p1	3.57e-145	402	100
FC69C3D3_008153-T1	NCU04541-t26_1-p1	1.46e-125	352	100
FC69C3D3_008154-T1	NCU04540-t26_1-p1	0.0	1655	100
FC69C3D3_008155-T1	NCU04539-t26_1-p1	0.0	921	100
FC69C3D3_008156-T1	NCU04538-t26_1-p1	0.0	2049	94.5
FC69C3D3_008157-T1	NCU04537-t26_1-p1	0.0	1089	100
FC69C3D3_008158-T1	NCU04535-t26_1-p1	0.0	1662	100
FC69C3D3_008159-T1	NCU04534-t26_1-p1	2.21e-318	860	100
FC69C3D3_008160-T1	NCU04533-t26_1-p1	1.98e-154	424	100
FC69C3D3_008161-T1	NCU04532-t26_1-p1	0.0	1050	100
FC69C3D3_008163-T1	NCU04531-t26_1-p1	0.0	5601	100
FC69C3D3_008165-T1	NCU04528-t26_1-p1	0.0	1287	100
FC69C3D3_008166-T1	NCU12021-t26_1-p1	1.56e-229	633	100
FC69C3D3_008167-T1	NCU06170-t26_1-p1	4.29e-210	578	100
FC69C3D3_008168-T1	NCU06168-t26_1-p1	0.0	1176	100
FC69C3D3_008169-T1	NCU06167-t26_1-p1	0.0	977	100
FC69C3D3_008170-T1	NCU06166-t26_1-p1	0.0	1019	100
FC69C3D3_008172-T1	NCU06165-t26_1-p1	8.47e-98	286	100
FC69C3D3_008173-T1	NCU06165-t26_1-p1	8.10e-118	338	100
FC69C3D3_008174-T1	NCU06164-t26_1-p1	8.17e-100	294	100
FC69C3D3_008175-T1	NCU06164-t26_1-p1	2.51e-158	453	100
FC69C3D3_008176-T1	NCU06163-t26_1-p1	4.24e-141	395	100
FC69C3D3_008177-T1	NCU17202-t26_1-p1	3.08e-150	415	100
FC69C3D3_008178-T1	NCU17203-t26_1-p1	3.47e-174	478	100
FC69C3D3_008179-T1	NCU06161-t26_1-p1	2.84e-162	449	91.6
FC69C3D3_008180-T1	NCU06160-t26_1-p1	2.21e-172	472	100
FC69C3D3_008182-T1	NCU06159-t26_1-p1	0.0	977	100
FC69C3D3_008183-T1	NCU06157-t26_1-p1	6.89e-131	362	100
FC69C3D3_008184-T1	NCU06156-t26_1-p1	5.25e-39	127	100
FC69C3D3_008185-T1	NCU06155-t26_1-p1	2.43e-69	203	100
FC69C3D3_008186-T1	NCU06154-t26_1-p1	1.20e-62	189	100
FC69C3D3_008187-T1	NCU06153-t26_1-p1	0.0	1073	100
FC69C3D3_008188-T1	NCU06152-t26_1-p1	4.38e-296	798	100
FC69C3D3_008191-T1	NCU06150-t26_1-p1	1.36e-253	686	100
FC69C3D3_008192-T1	NCU06149-t26_1-p1	0.0	1042	100
FC69C3D3_008194-T1	NCU06148-t26_1-p1	0.0	963	99.6
FC69C3D3_008196-T1	NCU06147-t26_1-p1	2.72e-312	841	99.5
FC69C3D3_008197-T1	NCU06146-t26_1-p1	0.0	1083	100
FC69C3D3_008198-T1	NCU06145-t26_1-p1	8.44e-236	644	100
FC69C3D3_008199-T1	NCU06144-t26_1-p1	0.0	2306	100
FC69C3D3_008200-T1	NCU06143-t26_1-p1	0.0	2199	100
FC69C3D3_008201-T1	NCU06142-t26_1-p1	6.11e-265	717	100
FC69C3D3_008203-T1	NCU06141-t26_1-p1	2.59e-302	825	100
FC69C3D3_008204-T1	NCU06140-t26_1-p1	1.08e-192	531	100
FC69C3D3_008205-T1	NCU06138-t26_1-p1	0.0	1152	100
FC69C3D3_008206-T1	NCU06137-t26_1-p1	1.12e-293	793	100
FC69C3D3_008207-T1	NCU06136-t26_1-p1	4.52e-174	478	100
FC69C3D3_008208-T1	NCU06135-t26_1-p1	1.84e-178	491	100
FC69C3D3_008209-T1	NCU06133-t26_1-p1	7.68e-237	643	100
FC69C3D3_008210-T1	NCU06132-t26_1-p1	0.0	1177	100
FC69C3D3_008211-T1	NCU06131-t26_1-p1	0.0	904	100
FC69C3D3_008212-T1	NCU06130-t26_1-p1	1.07e-165	456	100
FC69C3D3_008213-T1	NCU06129-t26_1-p1	2.81e-287	777	100
FC69C3D3_008214-T1	NCU06128-t26_1-p1	3.77e-72	208	100
FC69C3D3_008215-T1	NCU06127-t26_1-p1	2.64e-223	606	100
FC69C3D3_008216-T1	NCU06126-t26_1-p1	3.99e-304	821	100
FC69C3D3_008217-T1	NCU06125-t26_1-p1	9.29e-284	771	100
FC69C3D3_008220-T1	NCU06123-t26_1-p1	0.0	1732	100
FC69C3D3_008221-T1	NCU06122-t26_1-p1	0.0	1434	97.8
FC69C3D3_008223-T1	NCU06121-t26_1-p1	4.89e-249	674	100
FC69C3D3_008224-T1	NCU06120-t26_1-p1	1.64e-117	328	100
FC69C3D3_008225-T1	NCU06119-t26_1-p1	3.68e-244	660	100
FC69C3D3_008226-T1	NCU06118-t26_1-p1	0.0	1343	100
FC69C3D3_008227-T1	NCU06117-t26_1-p1	0.0	1106	100
FC69C3D3_008228-T1	NCU06116-t26_1-p1	3.48e-164	455	100
FC69C3D3_008229-T1	NCU06114-t26_1-p1	2.28e-40	125	100
FC69C3D3_008230-T1	NCU06113-t26_1-p1	7.37e-188	516	100
FC69C3D3_008231-T1	NCU06112-t26_1-p1	0.0	1096	100
FC69C3D3_008232-T1	NCU06111-t26_1-p1	4.06e-227	617	100
FC69C3D3_008233-T1	NCU06110-t26_1-p1	2.15e-247	671	100
FC69C3D3_008234-T1	NCU06109-t26_1-p1	6.41e-211	612	98.4
FC69C3D3_008235-T1	NCU06108-t26_1-p1	5.25e-224	611	100
FC69C3D3_008236-T1	NCU06107-t26_1-p1	2.60e-80	229	100
FC69C3D3_008237-T1	NCU06105-t26_1-p1	0.0	1179	100
FC69C3D3_008238-T1	NCU06104-t26_1-p1	6.82e-283	767	100
FC69C3D3_008239-T1	NCU06103-t26_1-p1	0.0	2122	99.9
FC69C3D3_008240-T1	NCU06102-t26_1-p1	4.79e-260	704	100
FC69C3D3_008241-T1	NCU06101-t26_1-p1	7.19e-106	306	100
FC69C3D3_008242-T1	NCU06099-t26_1-p1	0.0	1328	100
FC69C3D3_008243-T1	NCU06098-t26_1-p1	0.0	1419	100
FC69C3D3_008244-T1	NCU06095-t26_2-p1	0.0	1574	100
FC69C3D3_008245-T1	NCU10715-t26_1-p1	0.0	937	100
FC69C3D3_008246-T1	NCU06091-t26_1-p1	9.97e-235	639	100
FC69C3D3_008247-T1	NCU06090-t26_1-p1	8.12e-289	791	100
FC69C3D3_008248-T1	NCU06089-t26_1-p1	0.0	1452	100
FC69C3D3_008249-T1	NCU06088-t26_1-p1	3.64e-125	348	100
FC69C3D3_008250-T1	NCU06086-t26_1-p1	9.64e-193	527	100
FC69C3D3_008251-T1	NCU06085-t26_1-p1	0.0	1399	100
FC69C3D3_008252-T1	NCU06084-t26_1-p1	2.63e-206	567	100
FC69C3D3_008253-T1	NCU06083-t26_1-p1	4.27e-183	500	100
FC69C3D3_008254-T1	NCU06082-t26_1-p1	1.74e-169	464	100
FC69C3D3_008255-T1	NCU06080-t26_1-p1	2.06e-253	687	97.7
FC69C3D3_008256-T1	NCU06079-t26_1-p1	3.64e-197	548	100
FC69C3D3_008257-T1	NCU06078-t26_1-p1	1.74e-162	450	100
FC69C3D3_008258-T1	NCU06077-t26_1-p1	3.93e-264	728	100
FC69C3D3_008259-T1	NCU06076-t26_4-p1	3.68e-105	295	100
FC69C3D3_008260-T1	NCU06075-t26_1-p1	0.0	1039	100
FC69C3D3_008261-T1	NCU06074-t26_1-p1	0.0	898	100
FC69C3D3_008262-T1	NCU06073-t26_1-p1	0.0	1266	100
FC69C3D3_008263-T1	NCU06072-t26_1-p1	2.89e-304	839	100
FC69C3D3_008265-T1	NCU06071-t26_1-p1	5.44e-266	719	100
FC69C3D3_008266-T1	NCU06070-t26_1-p1	3.91e-118	329	100
FC69C3D3_008268-T1	NCU06069-t26_2-p1	3.43e-87	248	100
FC69C3D3_008269-T1	NCU06068-t26_1-p1	0.0	2088	100
FC69C3D3_008270-T1	NCU06067-t26_1-p1	0.0	1886	99.9
FC69C3D3_008271-T1	NCU06066-t26_1-p1	1.85e-62	182	100
FC69C3D3_008272-T1	NCU06065-t26_1-p1	0.0	2840	100
FC69C3D3_008275-T1	NCU06063-t26_1-p1	0.0	1179	100
FC69C3D3_008276-T1	NCU06062-t26_1-p1	0.0	929	100
FC69C3D3_008277-T1	NCU06061-t26_1-p1	0.0	869	100
FC69C3D3_008280-T1	NCU06060-t26_1-p1	2.43e-205	565	100
FC69C3D3_008282-T1	NCU06059-t26_1-p1	7.87e-238	647	98.3
FC69C3D3_008283-T1	NCU06058-t26_1-p1	9.86e-249	673	100
FC69C3D3_008284-T1	NCU06057-t26_1-p1	0.0	913	100
FC69C3D3_008285-T1	NCU06056-t26_1-p1	0.0	1191	100
FC69C3D3_008286-T1	NCU06055-t26_1-p1	2.75e-295	800	100
FC69C3D3_008287-T1	NCU06054-t26_1-p1	0.0	965	100
FC69C3D3_008288-T1	NCU10683-t26_1-p1	1.90e-94	273	100
FC69C3D3_008289-T1	NCU06052-t26_1-p1	0.0	918	100
FC69C3D3_008290-T1	NCU06051-t26_1-p1	1.11e-225	618	100
FC69C3D3_008291-T1	NCU06050-t26_1-p1	0.0	1238	100
FC69C3D3_008292-T1	NCU06049-t26_1-p1	0.0	1322	100
FC69C3D3_008293-T1	NCU06048-t26_1-p1	5.24e-41	126	100
FC69C3D3_008294-T1	NCU06047-t26_1-p1	4.67e-175	481	100
FC69C3D3_008295-T1	NCU06045-t26_1-p1	1.62e-108	315	100
FC69C3D3_008296-T1	NCU06043-t26_1-p1	4.64e-210	573	100
FC69C3D3_008297-T1	NCU06042-t26_1-p1	0.0	1021	100
FC69C3D3_008298-T1	NCU06041-t26_1-p1	0.0	1189	93.9
FC69C3D3_008299-T1	NCU06040-t26_1-p1	0.0	941	94.8
FC69C3D3_008300-T1	NCU06039-t26_1-p1	0.0	1173	100
FC69C3D3_008301-T1	NCU06038-t26_1-p1	1.02e-84	241	100
FC69C3D3_008302-T1	NCU06037-t26_1-p1	4.83e-113	320	100
FC69C3D3_008303-T1	NCU06035-t26_1-p1	2.07e-152	421	100
FC69C3D3_008304-T1	NCU06034-t26_1-p1	8.40e-110	307	100
FC69C3D3_008305-T1	NCU06033-t26_1-p1	0.0	1075	100
FC69C3D3_008306-T1	NCU06032-t26_1-p1	0.0	1288	100
FC69C3D3_008307-T1	NCU06031-t26_1-p1	5.21e-168	460	100
FC69C3D3_008308-T1	NCU06030-t26_2-p1	0.0	2113	100
FC69C3D3_008309-T1	NCU06029-t26_1-p1	0.0	924	100
FC69C3D3_008311-T1	NCU06028-t26_1-p1	0.0	1587	100
FC69C3D3_008312-T1	NCU06027-t26_1-p1	0.0	1777	98.8
FC69C3D3_008313-T1	NCU06026-t26_1-p1	0.0	1075	100
FC69C3D3_008314-T1	NCU06025-t26_1-p1	3.07e-249	675	100
FC69C3D3_008315-T1	NCU06024-t26_1-p1	5.69e-271	732	100
FC69C3D3_008316-T1	NCU06023-t26_1-p1	9.71e-118	329	100
FC69C3D3_008317-T1	NCU06022-t26_1-p1	7.58e-255	689	100
FC69C3D3_008318-T1	NCU06021-t26_1-p1	1.44e-284	771	100
FC69C3D3_008319-T1	NCU06020-t26_1-p1	3.65e-305	822	100
FC69C3D3_008320-T1	NCU06019-t26_1-p1	6.54e-89	261	100
FC69C3D3_008321-T1	NCU06018-t26_1-p1	3.54e-244	666	100
FC69C3D3_008322-T1	NCU06017-t26_1-p1	7.19e-245	664	100
FC69C3D3_008323-T1	NCU02461-t26_1-p1	2.13e-94	276	99.4
FC69C3D3_008324-T1	NCU02460-t26_4-p1	3.58e-309	838	100
FC69C3D3_008325-T1	NCU02459-t26_1-p1	1.98e-269	728	100
FC69C3D3_008326-T1	NCU02457-t26_1-p1	1.56e-308	842	100
FC69C3D3_008327-T1	NCU02456-t26_1-p1	0.0	940	100
FC69C3D3_008328-T1	NCU02455-t26_1-p1	1.26e-107	307	100
FC69C3D3_008329-T1	NCU02453-t26_1-p1	7.29e-50	152	100
FC69C3D3_008330-T1	NCU02452-t26_1-p1	0.0	1197	100
FC69C3D3_008331-T1	NCU02451-t26_1-p1	1.01e-149	416	100
FC69C3D3_008332-T1	NCU02450-t26_1-p1	0.0	1156	100
FC69C3D3_008333-T1	NCU02438-t26_1-p1	7.79e-244	669	100
FC69C3D3_008334-T1	NCU02437-t26_1-p1	2.83e-89	254	100
FC69C3D3_008335-T1	NCU02435-t26_1-p1	2.08e-72	211	100
FC69C3D3_008336-T1	NCU02434-t26_1-p1	0.0	1209	95.8
FC69C3D3_008337-T1	NCU02433-t26_1-p1	0.0	1028	100
FC69C3D3_008338-T1	NCU02432-t26_2-p1	0.0	973	99.4
FC69C3D3_008339-T1	NCU02431-t26_1-p1	2.61e-200	553	100
FC69C3D3_008340-T1	NCU02430-t26_1-p1	0.0	1250	100
FC69C3D3_008341-T1	NCU02429-t26_1-p1	2.21e-89	268	100
FC69C3D3_008342-T1	NCU02428-t26_1-p1	6.55e-191	521	100
FC69C3D3_008343-T1	NCU02425-t26_2-p1	0.0	1600	99.8
FC69C3D3_008344-T1	NCU02424-t26_1-p1	0.0	940	100
FC69C3D3_008345-T1	NCU02423-t26_1-p1	2.36e-227	617	100
FC69C3D3_008346-T1	NCU02422-t26_1-p1	0.0	1796	100
FC69C3D3_008347-T1	NCU02421-t26_1-p1	0.0	1341	100
FC69C3D3_008348-T1	NCU02420-t26_1-p1	6.70e-306	844	100
FC69C3D3_008349-T1	NCU02419-t26_1-p1	4.51e-110	309	100
FC69C3D3_008350-T1	NCU02418-t26_1-p1	0.0	1110	100
FC69C3D3_008351-T1	NCU02417-t26_1-p1	7.18e-145	400	100
FC69C3D3_008352-T1	NCU02416-t26_1-p1	0.0	1283	100
FC69C3D3_008353-T1	NCU02415-t26_1-p1	0.0	1430	91.3
FC69C3D3_008354-T1	NCU02414-t26_1-p1	0.0	1338	100
FC69C3D3_008355-T1	NCU02413-t26_1-p1	0.0	1030	100
FC69C3D3_008356-T1	NCU02412-t26_2-p1	4.44e-249	678	100
FC69C3D3_008357-T1	NCU02411-t26_1-p1	0.0	1965	100
FC69C3D3_008358-T1	NCU02410-t26_1-p1	2.09e-235	642	100
FC69C3D3_008359-T1	NCU02409-t26_1-p1	0.0	1653	92.1
FC69C3D3_008360-T1	NCU02408-t26_1-p1	0.0	1258	100
FC69C3D3_008361-T1	NCU02407-t26_1-p1	0.0	972	95.5
FC69C3D3_008362-T1	NCU02406-t26_1-p1	0.0	1537	100
FC69C3D3_008363-T1	NCU02405-t26_1-p1	1.65e-95	270	100
FC69C3D3_008364-T1	NCU02404-t26_3-p1	1.81e-286	777	99.3
FC69C3D3_008365-T1	NCU02403-t26_1-p1	1.38e-198	545	100
FC69C3D3_008366-T1	NCU02402-t26_1-p1	0.0	2094	97.9
FC69C3D3_008367-T1	NCU02401-t26_1-p1	0.0	1260	100
FC69C3D3_008368-T1	NCU02400-t26_1-p1	7.08e-299	808	100
FC69C3D3_008370-T1	NCU02399-t26_1-p1	0.0	1222	100
FC69C3D3_008371-T1	NCU02398-t26_1-p1	1.36e-215	600	100
FC69C3D3_008373-T1	NCU02397-t26_1-p1	0.0	1151	100
FC69C3D3_008374-T1	NCU02395-t26_1-p1	2.19e-233	632	100
FC69C3D3_008375-T1	NCU02394-t26_1-p1	6.57e-283	764	100
FC69C3D3_008376-T1	NCU02393-t26_1-p1	3.80e-261	706	100
FC69C3D3_008378-T1	NCU02391-t26_1-p1	0.0	1834	100
FC69C3D3_008379-T1	NCU02389-t26_1-p1	2.54e-179	496	93.4
FC69C3D3_008380-T1	NCU02388-t26_1-p1	6.58e-318	857	100
FC69C3D3_008381-T1	NCU02387-t26_1-p1	0.0	2496	98.7
FC69C3D3_008382-T1	NCU02386-t26_1-p1	5.63e-254	707	100
FC69C3D3_008383-T1	NCU02385-t26_1-p1	1.76e-245	667	100
FC69C3D3_008384-T1	NCU02383-t26_1-p1	2.46e-271	744	100
FC69C3D3_008385-T1	NCU10747-t26_1-p1	0.0	2566	100
FC69C3D3_008386-T1	NCU02382-t26_1-p1	0.0	1005	100
FC69C3D3_008387-T1	NCU02381-t26_1-p1	1.11e-152	422	86.7
FC69C3D3_008388-T1	NCU02380-t26_1-p1	0.0	1558	100
FC69C3D3_008389-T1	NCU02379-t26_1-p1	0.0	1294	100
FC69C3D3_008390-T1	NCU02378-t26_1-p1	0.0	1206	100
FC69C3D3_008391-T1	NCU02376-t26_1-p1	3.30e-225	613	100
FC69C3D3_008392-T1	NCU02375-t26_1-p1	0.0	1015	100
FC69C3D3_008393-T1	NCU02374-t26_1-p1	1.08e-277	751	100
FC69C3D3_008394-T1	NCU02373-t26_1-p1	4.42e-274	752	100
FC69C3D3_008395-T1	NCU02371-t26_1-p1	8.98e-199	542	100
FC69C3D3_008397-T1	NCU02370-t26_1-p1	7.18e-47	142	100
FC69C3D3_008398-T1	NCU02369-t26_1-p1	2.33e-271	734	100
FC69C3D3_008399-T1	NCU02368-t26_1-p1	0.0	1209	100
FC69C3D3_008400-T1	NCU02367-t26_1-p1	0.0	1110	100
FC69C3D3_008401-T1	NCU02366-t26_1-p1	0.0	1571	100
FC69C3D3_008402-T1	NCU02364-t26_1-p1	1.63e-83	238	100
FC69C3D3_008403-T1	NCU02363-t26_1-p1	1.82e-264	715	100
FC69C3D3_008404-T1	NCU02361-t26_1-p1	0.0	922	100
FC69C3D3_008405-T1	NCU02360-t26_1-p1	4.09e-280	757	100
FC69C3D3_008406-T1	NCU02359-t26_1-p1	0.0	1229	100
FC69C3D3_008407-T1	NCU02358-t26_1-p1	2.66e-276	758	98.5
FC69C3D3_008408-T1	NCU02357-t26_1-p1	0.0	1964	100
FC69C3D3_008409-T1	NCU02356-t26_1-p1	0.0	2061	100
FC69C3D3_008410-T1	NCU02355-t26_1-p1	0.0	1427	100
FC69C3D3_008411-T1	NCU02354-t26_1-p1	0.0	2037	100
FC69C3D3_008412-T1	NCU02353-t26_1-p1	6.13e-217	592	100
FC69C3D3_008413-T1	NCU02351-t26_1-p1	0.0	1764	100
FC69C3D3_008414-T1	NCU10067-t26_1-p1	5.17e-200	546	100
FC69C3D3_008415-T1	NCU10066-t26_1-p1	0.0	2052	100
FC69C3D3_008416-T1	NCU02349-t26_1-p1	0.0	2967	100
FC69C3D3_008417-T1	NCU02348-t26_1-p1	0.0	1666	100
FC69C3D3_008418-T1	NCU02347-t26_1-p1	0.0	3035	100
FC69C3D3_008420-T1	NCU02346-t26_1-p1	0.0	1189	100
FC69C3D3_008421-T1	NCU02345-t26_1-p1	1.24e-280	761	100
FC69C3D3_008422-T1	NCU02344-t26_1-p1	1.89e-188	518	100
FC69C3D3_008423-T1	NCU02343-t26_1-p1	0.0	1362	99.6
FC69C3D3_008424-T1	NCU02342-t26_1-p1	7.32e-70	202	100
FC69C3D3_008425-T1	NCU10304-t26_1-p1	3.42e-305	832	100
FC69C3D3_008426-T1	NCU02341-t26_1-p1	2.86e-282	761	100
FC69C3D3_008427-T1	NCU02340-t26_1-p1	9.02e-233	631	100
FC69C3D3_008428-T1	NCU02339-t26_1-p1	3.21e-279	753	100
FC69C3D3_008429-T1	NCU02338-t26_1-p1	2.20e-218	593	100
FC69C3D3_008430-T1	NCU02337-t26_1-p1	0.0	978	100
FC69C3D3_008432-T1	NCU02336-t26_1-p1	0.0	1394	100
FC69C3D3_008433-T1	NCU02335-t26_1-p1	2.65e-194	531	100
FC69C3D3_008434-T1	NCU02334-t26_1-p1	1.24e-140	389	100
FC69C3D3_008435-T1	NCU02333-t26_2-p1	2.80e-266	720	100
FC69C3D3_008436-T1	NCU17239-t26_1-p1	0.0	2642	100
FC69C3D3_008437-T1	NCU17240-t26_1-p1	0.0	1501	100
FC69C3D3_008441-T1	NCU02329-t26_1-p1	7.30e-138	381	100
FC69C3D3_008442-T1	NCU02328-t26_1-p1	3.50e-318	856	100
FC69C3D3_008443-T1	NCU02327-t26_1-p1	9.83e-177	489	100
FC69C3D3_008445-T1	NCU02326-t26_1-p1	5.80e-319	859	100
FC69C3D3_008446-T1	NCU02325-t26_1-p1	0.0	1076	98.9
FC69C3D3_008447-T1	NCU02324-t26_1-p1	0.0	1412	100
FC69C3D3_008448-T1	NCU02322-t26_1-p1	2.92e-308	830	100
FC69C3D3_008449-T1	NCU02321-t26_1-p1	0.0	1341	98.8
FC69C3D3_008451-T1	NCU02320-t26_1-p1	0.0	1620	100
FC69C3D3_008452-T1	NCU02319-t26_1-p1	0.0	1784	100
FC69C3D3_008453-T1	NCU02318-t26_1-p1	9.56e-312	849	100
FC69C3D3_008454-T1	NCU02317-t26_1-p1	4.88e-70	203	93.6
FC69C3D3_008455-T1	NCU02316-t26_2-p1	0.0	908	100
FC69C3D3_008456-T1	NCU02315-t26_2-p1	0.0	2324	100
FC69C3D3_008457-T1	NCU02314-t26_1-p1	0.0	1886	100
FC69C3D3_008458-T1	NCU02311-t26_1-p1	7.58e-155	431	100
FC69C3D3_008459-T1	NCU02310-t26_2-p1	0.0	1113	100
FC69C3D3_008460-T1	NCU10231-t26_1-p1	1.99e-117	328	90.9
FC69C3D3_008462-T1	NCU02307-t26_1-p1	0.0	1279	100
FC69C3D3_008463-T1	NCU02305-t26_1-p1	1.48e-314	850	100
FC69C3D3_008464-T1	NCU02304-t26_1-p1	2.78e-148	412	100
FC69C3D3_008465-T1	NCU02303-t26_1-p1	1.07e-143	401	100
FC69C3D3_008466-T1	NCU02302-t26_1-p1	0.0	953	100
FC69C3D3_008467-T1	NCU02301-t26_1-p1	4.72e-136	377	100
FC69C3D3_008468-T1	NCU02299-t26_1-p1	1.35e-258	701	94.5
FC69C3D3_008469-T1	NCU02296-t26_1-p1	0.0	1139	100
FC69C3D3_008470-T1	NCU02295-t26_1-p1	0.0	1965	100
FC69C3D3_008471-T1	NCU02294-t26_1-p1	9.27e-134	377	100
FC69C3D3_008472-T1	NCU02293-t26_1-p1	7.98e-81	231	100
FC69C3D3_008473-T1	NCU02292-t26_1-p1	0.0	1351	100
FC69C3D3_008474-T1	NCU02291-t26_1-p1	0.0	867	100
FC69C3D3_008475-T1	NCU02289-t26_1-p1	8.14e-111	309	100
FC69C3D3_008476-T1	NCU10775-t26_1-p1	0.0	1199	100
FC69C3D3_008477-T1	NCU10776-t26_1-p1	5.16e-248	675	100
FC69C3D3_008478-T1	NCU02287-t26_1-p1	0.0	1049	100
FC69C3D3_008479-T1	NCU02286-t26_1-p1	0.0	1692	100
FC69C3D3_008480-T1	NCU02284-t26_1-p1	0.0	1996	100
FC69C3D3_008481-T1	NCU02283-t26_1-p1	0.0	897	100
FC69C3D3_008482-T1	NCU02282-t26_1-p1	0.0	947	100
FC69C3D3_008483-T1	NCU02281-t26_1-p1	0.0	2228	100
FC69C3D3_008484-T1	NCU02280-t26_1-p1	1.29e-142	394	100
FC69C3D3_008485-T1	NCU10225-t26_1-p1	0.0	973	100
FC69C3D3_008486-T1	NCU10226-t26_1-p1	5.69e-94	266	100
FC69C3D3_008487-T1	NCU02278-t26_1-p1	0.0	1182	100
FC69C3D3_008488-T1	NCU02277-t26_1-p1	1.93e-144	402	100
FC69C3D3_008489-T1	NCU02276-t26_1-p1	0.0	2102	100
FC69C3D3_008490-T1	NCU02274-t26_1-p1	0.0	952	100
FC69C3D3_008491-T1	NCU02273-t26_1-p1	5.72e-292	788	100
FC69C3D3_008492-T1	NCU02272-t26_1-p1	0.0	1726	100
FC69C3D3_008493-T1	NCU02271-t26_1-p1	1.99e-307	833	100
FC69C3D3_008494-T1	NCU02270-t26_1-p1	0.0	1520	100
FC69C3D3_008495-T1	NCU02269-t26_1-p1	4.76e-228	619	100
FC69C3D3_008496-T1	NCU02268-t26_1-p1	0.0	1565	100
FC69C3D3_008497-T1	NCU02267-t26_1-p1	0.0	1221	100
FC69C3D3_008498-T1	NCU02265-t26_1-p1	0.0	1602	100
FC69C3D3_008499-T1	NCU02263-t26_1-p1	1.42e-231	630	100
FC69C3D3_008500-T1	NCU02262-t26_1-p1	1.99e-170	475	100
FC69C3D3_008501-T1	NCU02261-t26_1-p1	6.48e-57	172	98.9
FC69C3D3_008502-T1	NCU02260-t26_1-p1	1.26e-278	756	100
FC69C3D3_008503-T1	NCU02259-t26_1-p1	0.0	902	100
FC69C3D3_008504-T1	NCU02257-t26_1-p1	0.0	960	100
FC69C3D3_008505-T1	NCU02256-t26_1-p1	0.0	1443	100
FC69C3D3_008506-T1	NCU17251-t26_1-p1	2.92e-56	167	100
FC69C3D3_008507-T1	NCU02255-t26_1-p1	0.0	1357	97.1
FC69C3D3_008508-T1	NCU02254-t26_1-p1	2.87e-279	755	100
FC69C3D3_008509-T1	NCU02253-t26_1-p1	6.48e-93	267	93.0
FC69C3D3_008510-T1	NCU02252-t26_1-p1	0.0	1042	100
FC69C3D3_008511-T1	NCU02250-t26_1-p1	2.10e-86	249	100
FC69C3D3_008512-T1	NCU02249-t26_1-p1	0.0	1137	100
FC69C3D3_008513-T1	NCU02248-t26_1-p1	0.0	1886	100
FC69C3D3_008514-T1	NCU02247-t26_1-p1	0.0	2786	100
FC69C3D3_008515-T1	NCU02246-t26_1-p1	1.33e-225	650	100
FC69C3D3_008516-T1	NCU02245-t26_1-p1	0.0	1863	99.9
FC69C3D3_008517-T1	NCU02244-t26_1-p1	0.0	1169	100
FC69C3D3_008518-T1	NCU02243-t26_1-p1	0.0	947	100
FC69C3D3_008519-T1	NCU02241-t26_1-p1	0.0	962	100
FC69C3D3_008520-T1	NCU02240-t26_1-p1	3.18e-206	565	100
FC69C3D3_008521-T1	NCU02239-t26_1-p1	2.61e-306	840	100
FC69C3D3_008522-T1	NCU02238-t26_1-p1	0.0	1022	100
FC69C3D3_008523-T1	NCU02237-t26_1-p1	0.0	1471	100
FC69C3D3_008524-T1	NCU02236-t26_1-p1	5.44e-229	644	100
FC69C3D3_008525-T1	NCU02235-t26_1-p1	0.0	1881	100
FC69C3D3_008526-T1	NCU02234-t26_2-p1	0.0	3061	96.4
FC69C3D3_008527-T1	NCU02233-t26_1-p1	0.0	1612	100
FC69C3D3_008528-T1	NCU02232-t26_1-p1	0.0	1108	100
FC69C3D3_008529-T1	NCU02231-t26_1-p1	2.66e-260	713	100
FC69C3D3_008530-T1	NCU02230-t26_1-p1	0.0	1803	100
FC69C3D3_008531-T1	NCU02229-t26_1-p1	6.15e-146	402	100
FC69C3D3_008532-T1	NCU02228-t26_1-p1	0.0	1055	100
FC69C3D3_008533-T1	NCU02227-t26_1-p1	0.0	875	100
FC69C3D3_008534-T1	NCU02226-t26_1-p1	2.18e-276	748	100
FC69C3D3_008535-T1	NCU02225-t26_1-p1	0.0	3009	100
FC69C3D3_008536-T1	NCU02224-t26_1-p1	0.0	1036	100
FC69C3D3_008537-T1	NCU02223-t26_1-p1	0.0	1068	100
FC69C3D3_008538-T1	NCU02222-t26_1-p1	1.99e-208	570	100
FC69C3D3_008539-T1	NCU02221-t26_1-p1	5.72e-154	427	100
FC69C3D3_008540-T1	NCU02220-t26_1-p1	3.51e-170	466	100
FC69C3D3_008541-T1	NCU02219-t26_1-p1	5.26e-177	486	100
FC69C3D3_008542-T1	NCU02218-t26_1-p1	0.0	1971	100
FC69C3D3_008543-T1	NCU02217-t26_1-p1	2.67e-56	166	100
FC69C3D3_008544-T1	NCU02216-t26_1-p1	0.0	957	94.9
FC69C3D3_008545-T1	NCU02215-t26_1-p1	0.0	1393	100
FC69C3D3_008546-T1	NCU02214-t26_1-p1	0.0	1097	79.8
FC69C3D3_008547-T1	NCU02213-t26_1-p1	0.0	1140	100
FC69C3D3_008548-T1	NCU02211-t26_1-p1	0.0	1370	99.6
FC69C3D3_008549-T1	NCU02209-t26_1-p1	0.0	998	100
FC69C3D3_008550-T1	NCU02208-t26_1-p1	0.0	1460	100
FC69C3D3_008551-T1	NCU02207-t26_1-p1	0.0	993	100
FC69C3D3_008552-T1	NCU02206-t26_1-p1	7.63e-95	268	100
FC69C3D3_008553-T1	NCU02204-t26_1-p1	7.57e-165	456	100
FC69C3D3_008554-T1	NCU02203-t26_1-p1	0.0	1377	100
FC69C3D3_008555-T1	NCU02202-t26_1-p1	0.0	2390	100
FC69C3D3_008556-T1	NCU02201-t26_1-p1	0.0	897	100
FC69C3D3_008557-T1	NCU02200-t26_1-p1	1.07e-252	686	100
FC69C3D3_008558-T1	NCU02199-t26_1-p1	8.11e-248	672	100
FC69C3D3_008559-T1	NCU02198-t26_1-p1	0.0	877	100
FC69C3D3_008560-T1	NCU02197-t26_1-p1	1.97e-99	281	100
FC69C3D3_008562-T1	NCU02196-t26_1-p1	0.0	866	100
FC69C3D3_008563-T1	NCU02195-t26_1-p1	1.76e-61	196	100
FC69C3D3_008564-T1	NCU02195-t26_1-p1	0.0	999	100
FC69C3D3_008565-T1	NCU02194-t26_1-p1	0.0	986	99.8
FC69C3D3_008566-T1	NCU02193-t26_1-p1	0.0	1149	100
FC69C3D3_008568-T1	NCU02192-t26_1-p1	2.02e-229	624	100
FC69C3D3_008569-T1	NCU02191-t26_1-p1	0.0	1037	100
FC69C3D3_008571-T1	NCU02190-t26_1-p1	3.23e-300	809	100
FC69C3D3_008572-T1	NCU02189-t26_1-p1	3.19e-146	403	100
FC69C3D3_008573-T1	NCU02188-t26_1-p1	0.0	1026	100
FC69C3D3_008574-T1	NCU08123-t26_1-p1	4.24e-292	793	100
FC69C3D3_008575-T1	NCU08124-t26_1-p1	0.0	1154	100
FC69C3D3_008576-T1	NCU08126-t26_1-p1	0.0	984	100
FC69C3D3_008577-T1	NCU08127-t26_1-p1	0.0	987	100
FC69C3D3_008578-T1	NCU08128-t26_1-p1	1.35e-277	760	100
FC69C3D3_008579-T1	NCU08130-t26_1-p1	2.51e-101	286	100
FC69C3D3_008580-T1	NCU08131-t26_1-p1	0.0	1083	100
FC69C3D3_008581-T1	NCU08132-t26_1-p1	0.0	4859	100
FC69C3D3_008582-T1	NCU08133-t26_1-p1	3.16e-207	564	100
FC69C3D3_008583-T1	NCU08134-t26_1-p1	3.08e-179	516	100
FC69C3D3_008584-T1	NCU08135-t26_1-p1	0.0	2264	99.4
FC69C3D3_008585-T1	NCU08136-t26_1-p1	0.0	1521	100
FC69C3D3_008586-T1	NCU08137-t26_1-p1	9.60e-95	267	100
FC69C3D3_008587-T1	NCU08138-t26_1-p1	3.43e-203	557	100
FC69C3D3_008588-T1	NCU11380-t26_1-p1	5.90e-68	209	100
FC69C3D3_008589-T1	NCU11380-t26_1-p1	6.44e-141	402	99.1
FC69C3D3_008590-T1	NCU11381-t26_1-p1	2.34e-258	703	100
FC69C3D3_008591-T1	NCU08141-t26_1-p1	0.0	952	100
FC69C3D3_008592-T1	NCU17257-t26_1-p1	2.76e-276	750	88.3
FC69C3D3_008593-T1	NCU17258-t26_1-p1	1.95e-124	346	100
FC69C3D3_008594-T1	NCU08145-t26_1-p1	0.0	1072	100
FC69C3D3_008596-T1	NCU08146-t26_1-p1	7.57e-229	623	100
FC69C3D3_008597-T1	NCU08147-t26_1-p1	0.0	2066	100
FC69C3D3_008598-T1	NCU08148-t26_1-p1	0.0	1234	100
FC69C3D3_008599-T1	NCU08150-t26_1-p1	2.00e-163	455	100
FC69C3D3_008600-T1	NCU08151-t26_1-p1	0.0	957	100
FC69C3D3_008601-T1	NCU08152-t26_1-p1	0.0	1093	100
FC69C3D3_008602-T1	NCU08153-t26_1-p1	0.0	1298	100
FC69C3D3_008603-T1	NCU08154-t26_1-p1	5.19e-268	735	91.4
FC69C3D3_008604-T1	NCU08156-t26_1-p1	5.04e-267	724	100
FC69C3D3_008605-T1	NCU08157-t26_1-p1	0.0	1141	100
FC69C3D3_008606-T1	NCU08158-t26_1-p1	3.56e-305	825	100
FC69C3D3_008607-T1	NCU08159-t26_1-p1	8.23e-176	498	100
FC69C3D3_008608-T1	NCU08161-t26_1-p1	3.20e-287	782	100
FC69C3D3_008609-T1	NCU08162-t26_1-p1	0.0	927	100
FC69C3D3_008610-T1	NCU08163-t26_1-p1	8.64e-96	275	100
FC69C3D3_008611-T1	NCU08166-t26_1-p1	0.0	937	100
FC69C3D3_008612-T1	NCU08167-t26_1-p1	0.0	978	100
FC69C3D3_008613-T1	NCU17260-t26_1-p1	5.25e-223	619	100
FC69C3D3_008614-T1	NCU17261-t26_1-p1	0.0	1754	97.9
FC69C3D3_008615-T1	NCU08169-t26_1-p1	3.22e-114	322	100
FC69C3D3_008616-T1	NCU08170-t26_1-p1	4.15e-119	347	100
FC69C3D3_008617-T1	NCU08171-t26_1-p1	7.71e-287	774	100
FC69C3D3_008618-T1	NCU08172-t26_1-p1	0.0	1186	100
FC69C3D3_008619-T1	NCU08173-t26_1-p1	4.35e-210	578	99.7
FC69C3D3_008620-T1	NCU08173-t26_1-p1	4.72e-29	103	98.1
FC69C3D3_008621-T1	NCU10080-t26_1-p1	0.0	1181	100
FC69C3D3_008622-T1	NCU08174-t26_1-p1	0.0	1140	100
FC69C3D3_008623-T1	NCU08175-t26_1-p1	0.0	904	95.2
FC69C3D3_008625-T1	NCU08176-t26_1-p1	1.89e-188	514	100
FC69C3D3_008626-T1	NCU08177-t26_2-p1	0.0	1517	100
FC69C3D3_008627-T1	NCU08178-t26_1-p1	9.77e-305	822	100
FC69C3D3_008628-T1	NCU08179-t26_1-p1	0.0	966	100
FC69C3D3_008629-T1	NCU17263-t26_1-p1	4.78e-76	231	100
FC69C3D3_008630-T1	NCU08180-t26_1-p1	0.0	1240	100
FC69C3D3_008631-T1	NCU11382-t26_1-p1	6.53e-301	811	100
FC69C3D3_008632-T1	NCU11383-t26_1-p1	0.0	1427	100
FC69C3D3_008633-T1	NCU08182-t26_1-p1	1.24e-40	129	100
FC69C3D3_008634-T1	NCU08183-t26_1-p1	2.70e-208	567	100
FC69C3D3_008635-T1	NCU08184-t26_1-p1	4.78e-142	394	100
FC69C3D3_008636-T1	NCU08185-t26_1-p1	5.13e-155	441	100
FC69C3D3_008637-T1	NCU08186-t26_1-p1	1.10e-152	420	100
FC69C3D3_008638-T1	NCU08187-t26_1-p1	8.03e-150	413	100
FC69C3D3_008639-T1	NCU08188-t26_1-p1	1.31e-180	502	100
FC69C3D3_008641-T1	NCU05749-t26_1-p1	1.04e-74	222	100
FC69C3D3_008642-T1	NCU05750-t26_1-p1	2.16e-236	649	100
FC69C3D3_008643-T1	NCU05751-t26_1-p1	1.82e-173	475	98.8
FC69C3D3_008644-T1	NCU05752-t26_1-p1	0.0	1020	100
FC69C3D3_008645-T1	NCU05753-t26_1-p1	1.78e-284	785	100
FC69C3D3_008646-T1	NCU05754-t26_1-p1	0.0	1897	100
FC69C3D3_008647-T1	NCU05755-t26_1-p1	2.69e-169	463	100
FC69C3D3_008648-T1	NCU05756-t26_1-p1	0.0	926	100
FC69C3D3_008650-T1	NCU05757-t26_1-p1	2.73e-182	500	100
FC69C3D3_008651-T1	NCU05758-t26_1-p1	0.0	991	100
FC69C3D3_008652-T1	NCU05760-t26_1-p1	2.96e-32	116	100
FC69C3D3_008653-T1	NCU05762-t26_1-p1	9.81e-153	430	94.5
FC69C3D3_008654-T1	NCU05764-t26_1-p1	2.51e-224	612	100
FC69C3D3_008655-T1	NCU17269-t26_1-p1	0.0	1470	99.4
FC69C3D3_008656-T1	NCU17271-t26_1-p1	0.0	1301	100
FC69C3D3_008657-T1	NCU05766-t26_1-p1	1.26e-64	194	100
FC69C3D3_008658-T1	NCU05768-t26_1-p1	2.92e-13	65.9	100
FC69C3D3_008659-T1	NCU05769-t26_1-p1	5.79e-145	403	100
FC69C3D3_008660-T1	NCU05770-t26_1-p1	0.0	1559	100
FC69C3D3_008661-T1	NCU05771-t26_1-p1	6.46e-195	534	100
FC69C3D3_008662-T1	NCU05772-t26_1-p1	1.29e-35	113	100
FC69C3D3_008663-T1	NCU10416-t26_1-p1	1.33e-291	785	100
FC69C3D3_008664-T1	NCU05773-t26_1-p1	0.0	1378	100
FC69C3D3_008665-T1	NCU05774-t26_1-p1	0.0	1122	97.1
FC69C3D3_008666-T1	NCU05775-t26_1-p1	0.0	1162	100
FC69C3D3_008667-T1	NCU05776-t26_1-p1	0.0	1106	100
FC69C3D3_008668-T1	NCU05777-t26_1-p1	0.0	1586	100
FC69C3D3_008669-T1	NCU05778-t26_1-p1	1.31e-130	362	100
FC69C3D3_008670-T1	NCU05779-t26_1-p1	4.85e-165	468	100
FC69C3D3_008671-T1	NCU05780-t26_1-p1	3.14e-179	489	100
FC69C3D3_008672-T1	NCU05781-t26_1-p1	4.37e-149	414	100
FC69C3D3_008673-T1	NCU05782-t26_1-p1	0.0	1028	100
FC69C3D3_008674-T1	NCU05785-t26_1-p1	0.0	1470	100
FC69C3D3_008675-T1	NCU05789-t26_1-p1	2.01e-222	603	100
FC69C3D3_008677-T1	NCU05790-t26_1-p1	0.0	1886	96.8
FC69C3D3_008678-T1	NCU05791-t26_4-p1	0.0	1331	99.4
FC69C3D3_008679-T1	NCU05796-t26_1-p1	5.81e-128	361	100
FC69C3D3_008680-T1	NCU05797-t26_1-p1	2.68e-262	709	100
FC69C3D3_008681-T1	NCU05798-t26_1-p1	6.00e-135	392	100
FC69C3D3_008682-T1	NCU05800-t26_1-p1	3.65e-92	268	100
FC69C3D3_008684-T1	NCU05801-t26_1-p1	0.0	1420	100
FC69C3D3_008685-T1	NCU05802-t26_1-p1	0.0	2808	100
FC69C3D3_008686-T1	NCU05803-t26_1-p1	0.0	5063	100
FC69C3D3_008687-T1	NCU05804-t26_1-p1	8.34e-124	346	100
FC69C3D3_008688-T1	NCU05805-t26_1-p1	0.0	1072	100
FC69C3D3_008689-T1	NCU05807-t26_1-p1	0.0	2088	100
FC69C3D3_008690-T1	NCU05808-t26_1-p1	0.0	887	100
FC69C3D3_008691-T1	NCU05809-t26_1-p1	7.97e-246	670	100
FC69C3D3_008692-T1	NCU05810-t26_1-p1	3.63e-209	572	100
FC69C3D3_008693-T1	NCU05813-t26_1-p1	8.16e-253	686	100
FC69C3D3_008694-T1	NCU05814-t26_1-p1	5.61e-139	394	100
FC69C3D3_008695-T1	NCU05816-t26_1-p1	1.00e-43	133	100
FC69C3D3_008696-T1	NCU05818-t26_1-p1	0.0	985	100
FC69C3D3_008697-T1	NCU05819-t26_1-p1	0.0	1088	100
FC69C3D3_008698-T1	NCU05820-t26_1-p1	4.45e-146	420	100
FC69C3D3_008699-T1	NCU05821-t26_1-p1	0.0	894	100
FC69C3D3_008700-T1	NCU05822-t26_1-p1	9.45e-269	728	100
FC69C3D3_008701-T1	NCU05823-t26_1-p1	1.70e-112	323	99.1
FC69C3D3_008702-T1	NCU17278-t26_1-p1	1.66e-76	240	100
FC69C3D3_008703-T1	NCU05826-t26_1-p1	0.0	978	100
FC69C3D3_008704-T1	NCU05828-t26_1-p1	0.0	1903	100
FC69C3D3_008706-T1	NCU05829-t26_1-p1	0.0	1028	100
FC69C3D3_008707-T1	NCU05830-t26_1-p1	0.0	1277	100
FC69C3D3_008708-T1	NCU05831-t26_1-p1	2.04e-287	775	100
FC69C3D3_008709-T1	NCU05832-t26_1-p1	9.81e-270	732	100
FC69C3D3_008712-T1	NCU05833-t26_1-p1	0.0	1680	99.9
FC69C3D3_008713-T1	NCU05835-t26_1-p1	0.0	1098	100
FC69C3D3_008714-T1	NCU05836-t26_1-p1	0.0	1217	100
FC69C3D3_008715-T1	NCU11308-t26_1-p1	2.78e-79	226	100
FC69C3D3_008716-T1	NCU05837-t26_1-p1	0.0	6200	100
FC69C3D3_008717-T1	NCU05838-t26_1-p1	6.74e-265	721	100
FC69C3D3_008718-T1	NCU05839-t26_1-p1	3.04e-205	558	100
FC69C3D3_008719-T1	NCU05841-t26_1-p1	3.85e-290	783	100
FC69C3D3_008720-T1	NCU05842-t26_1-p1	7.66e-286	776	100
FC69C3D3_008721-T1	NCU05843-t26_1-p1	0.0	1029	100
FC69C3D3_008722-T1	NCU05844-t26_1-p1	1.15e-85	244	100
FC69C3D3_008723-T1	NCU05846-t26_1-p1	0.0	1499	100
FC69C3D3_008724-T1	NCU05848-t26_1-p1	0.0	1040	100
FC69C3D3_008725-T1	NCU05850-t26_1-p1	0.0	1093	100
FC69C3D3_008726-T1	NCU05851-t26_1-p1	0.0	1095	100
FC69C3D3_008727-T1	NCU05852-t26_1-p1	9.39e-194	528	100
FC69C3D3_008728-T1	NCU05853-t26_1-p1	0.0	1083	100
FC69C3D3_008729-T1	NCU05854-t26_1-p1	0.0	1026	100
FC69C3D3_008730-T1	NCU05855-t26_1-p1	0.0	928	100
FC69C3D3_008731-T1	NCU05856-t26_1-p1	0.0	2226	100
FC69C3D3_008732-T1	NCU05858-t26_1-p1	0.0	2265	100
FC69C3D3_008733-T1	NCU05859-t26_1-p1	0.0	1458	100
FC69C3D3_008734-T1	NCU05860-t26_1-p1	1.75e-130	365	100
FC69C3D3_008735-T1	NCU05861-t26_1-p1	0.0	2930	93.0
FC69C3D3_008736-T1	NCU05862-t26_1-p1	2.08e-118	345	100
FC69C3D3_008737-T1	NCU05864-t26_1-p1	9.86e-224	610	100
FC69C3D3_008738-T1	NCU05865-t26_1-p1	0.0	932	100
FC69C3D3_008739-T1	NCU05866-t26_1-p1	0.0	1160	100
FC69C3D3_008740-T1	NCU05870-t26_1-p1	3.10e-244	672	100
FC69C3D3_008741-T1	NCU17284-t26_1-p1	1.32e-168	462	100
FC69C3D3_008742-T1	NCU05872-t26_1-p1	7.48e-123	345	100
FC69C3D3_008743-T1	NCU05873-t26_1-p1	0.0	1382	100
FC69C3D3_008744-T1	NCU11307-t26_1-p1	3.41e-214	584	100
FC69C3D3_008745-T1	NCU11306-t26_1-p1	0.0	1172	100
FC69C3D3_008746-T1	NCU05876-t26_1-p1	0.0	1420	99.7
FC69C3D3_008747-T1	NCU05877-t26_1-p1	1.34e-53	164	100
FC69C3D3_008748-T1	NCU05878-t26_1-p1	0.0	1156	100
FC69C3D3_008749-T1	NCU05880-t26_1-p1	0.0	2167	100
FC69C3D3_008750-T1	NCU05881-t26_1-p1	0.0	1220	100
FC69C3D3_008751-T1	NCU05882-t26_1-p1	0.0	874	100
FC69C3D3_008752-T1	NCU05883-t26_1-p1	0.0	915	95.6
FC69C3D3_008753-T1	NCU05884-t26_1-p1	0.0	895	93.4
FC69C3D3_008754-T1	NCU05885-t26_1-p1	0.0	1321	100
FC69C3D3_008755-T1	NCU05886-t26_1-p1	0.0	867	100
FC69C3D3_008756-T1	NCU05887-t26_1-p1	0.0	897	100
FC69C3D3_008757-T1	NCU05888-t26_1-p1	0.0	932	100
FC69C3D3_008758-T1	NCU11305-t26_1-p1	2.76e-131	365	100
FC69C3D3_008759-T1	NCU05889-t26_1-p1	0.0	879	100
FC69C3D3_008760-T1	NCU05890-t26_1-p1	6.49e-94	268	100
FC69C3D3_008761-T1	NCU05891-t26_1-p1	0.0	2044	100
FC69C3D3_008762-T1	NCU05893-t26_1-p1	7.35e-158	439	89.2
FC69C3D3_008763-T1	NCU05894-t26_1-p1	2.82e-288	780	100
FC69C3D3_008764-T1	NCU05895-t26_1-p1	0.0	1978	100
FC69C3D3_008765-T1	NCU05897-t26_1-p1	0.0	924	100
FC69C3D3_008766-T1	NCU05899-t26_1-p1	0.0	945	100
FC69C3D3_008767-T1	NCU05900-t26_1-p1	2.08e-250	679	100
FC69C3D3_008768-T1	NCU05901-t26_1-p1	0.0	4073	100
FC69C3D3_008769-T1	NCU05902-t26_1-p1	0.0	2574	100
FC69C3D3_008770-T1	NCU05903-t26_1-p1	8.75e-210	570	100
