tr|A7UWL5|A7UWL5_NEUCR	tr|A7UWL5|A7UWL5_NEUCR	100
tr|A7UWS5|A7UWS5_NEUCR	tr|A7UWS5|A7UWS5_NEUCR	100
tr|F5HEB1|F5HEB1_NEUCR	tr|F5HEB1|F5HEB1_NEUCR	100
sp|F5HIJ5|RM16_NEUCR	sp|F5HIJ5|RM16_NEUCR	100
tr|Q1K4P4|Q1K4P4_NEUCR	tr|Q1K4P4|Q1K4P4_NEUCR	100
tr|Q1K4Q6|Q1K4Q6_NEUCR	tr|Q1K4Q6|Q1K4Q6_NEUCR	100
tr|Q1K5T3|Q1K5T3_NEUCR	tr|Q1K5T3|Q1K5T3_NEUCR	100
tr|Q1K5X4|Q1K5X4_NEUCR	tr|Q1K5X4|Q1K5X4_NEUCR	100
tr|Q1K6F5|Q1K6F5_NEUCR	tr|Q1K6F5|Q1K6F5_NEUCR	100
tr|Q1K6H0|Q1K6H0_NEUCR	tr|Q1K6H0|Q1K6H0_NEUCR	100
tr|Q1K6S6|Q1K6S6_NEUCR	tr|Q1K6S6|Q1K6S6_NEUCR	100
tr|Q1K6V4|Q1K6V4_NEUCR	tr|Q1K6V4|Q1K6V4_NEUCR	100
tr|Q1K755|Q1K755_NEUCR	tr|Q1K755|Q1K755_NEUCR	100
tr|Q1K7X3|Q1K7X3_NEUCR	tr|Q1K7X3|Q1K7X3_NEUCR	100
tr|Q1K886|Q1K886_NEUCR	tr|Q1K886|Q1K886_NEUCR	100
tr|Q1K8A7|Q1K8A7_NEUCR	tr|Q1K8A7|Q1K8A7_NEUCR	100
tr|Q1K8H8|Q1K8H8_NEUCR	tr|Q1K8H8|Q1K8H8_NEUCR	100
tr|Q1K906|Q1K906_NEUCR	tr|Q1K906|Q1K906_NEUCR	100
tr|Q7RVP4|Q7RVP4_NEUCR	tr|Q7RVP4|Q7RVP4_NEUCR	100
tr|Q7RW19|Q7RW19_NEUCR	tr|Q7RW19|Q7RW19_NEUCR	100
tr|Q7RW89|Q7RW89_NEUCR	tr|Q7RW89|Q7RW89_NEUCR	100
tr|Q7RW97|Q7RW97_NEUCR	tr|Q7RW97|Q7RW97_NEUCR	100
tr|Q7RWK3|Q7RWK3_NEUCR	tr|Q7RWK3|Q7RWK3_NEUCR	100
tr|Q7RWN0|Q7RWN0_NEUCR	tr|Q7RWN0|Q7RWN0_NEUCR	100
tr|Q7RWR7|Q7RWR7_NEUCR	tr|Q7RWR7|Q7RWR7_NEUCR	100
tr|Q7RX92|Q7RX92_NEUCR	tr|Q7RX92|Q7RX92_NEUCR	100
tr|Q7RYZ3|Q7RYZ3_NEUCR	tr|Q7RYZ3|Q7RYZ3_NEUCR	100
tr|Q7RZ98|Q7RZ98_NEUCR	tr|Q7RZ98|Q7RZ98_NEUCR	100
tr|Q7RZB1|Q7RZB1_NEUCR	tr|Q7RZB1|Q7RZB1_NEUCR	100
tr|Q7RZR9|Q7RZR9_NEUCR	tr|Q7RZR9|Q7RZR9_NEUCR	100
tr|Q7S0G2|Q7S0G2_NEUCR	tr|Q7S0G2|Q7S0G2_NEUCR	100
tr|Q7S0I5|Q7S0I5_NEUCR	tr|Q7S0I5|Q7S0I5_NEUCR	100
tr|Q7S0K1|Q7S0K1_NEUCR	tr|Q7S0K1|Q7S0K1_NEUCR	100
tr|Q7S0T1|Q7S0T1_NEUCR	tr|Q7S0T1|Q7S0T1_NEUCR	100
tr|Q7S0T8|Q7S0T8_NEUCR	tr|Q7S0T8|Q7S0T8_NEUCR	100
tr|Q7S162|Q7S162_NEUCR	tr|Q7S162|Q7S162_NEUCR	100
tr|Q7S1U6|Q7S1U6_NEUCR	tr|Q7S1U6|Q7S1U6_NEUCR	100
tr|Q7S1V7|Q7S1V7_NEUCR	tr|Q7S1V7|Q7S1V7_NEUCR	100
tr|Q7S264|Q7S264_NEUCR	tr|Q7S264|Q7S264_NEUCR	100
tr|Q7S285|Q7S285_NEUCR	tr|Q7S285|Q7S285_NEUCR	100
tr|Q7S442|Q7S442_NEUCR	tr|Q7S442|Q7S442_NEUCR	100
tr|Q7S4A2|Q7S4A2_NEUCR	tr|Q7S4A2|Q7S4A2_NEUCR	100
tr|Q7S4H1|Q7S4H1_NEUCR	tr|Q7S4H1|Q7S4H1_NEUCR	100
tr|Q7S4X8|Q7S4X8_NEUCR	tr|Q7S4X8|Q7S4X8_NEUCR	100
tr|Q7S4Y8|Q7S4Y8_NEUCR	tr|Q7S4Y8|Q7S4Y8_NEUCR	100
tr|Q7S522|Q7S522_NEUCR	tr|Q7S522|Q7S522_NEUCR	100
tr|Q7S5B8|Q7S5B8_NEUCR	tr|Q7S5B8|Q7S5B8_NEUCR	100
tr|Q7S5I4|Q7S5I4_NEUCR	tr|Q7S5I4|Q7S5I4_NEUCR	100
tr|Q7S5Q9|Q7S5Q9_NEUCR	tr|Q7S5Q9|Q7S5Q9_NEUCR	100
tr|Q7S6A2|Q7S6A2_NEUCR	tr|Q7S6A2|Q7S6A2_NEUCR	100
tr|Q7S6I0|Q7S6I0_NEUCR	tr|Q7S6I0|Q7S6I0_NEUCR	100
tr|Q7S6I2|Q7S6I2_NEUCR	tr|Q7S6I2|Q7S6I2_NEUCR	100
tr|Q7S6R4|Q7S6R4_NEUCR	tr|Q7S6R4|Q7S6R4_NEUCR	100
tr|Q7S6Y0|Q7S6Y0_NEUCR	tr|Q7S6Y0|Q7S6Y0_NEUCR	100
tr|Q7S7I2|Q7S7I2_NEUCR	tr|Q7S7I2|Q7S7I2_NEUCR	100
tr|Q7S9F4|Q7S9F4_NEUCR	tr|Q7S9F4|Q7S9F4_NEUCR	100
tr|Q7SA41|Q7SA41_NEUCR	tr|Q7SA41|Q7SA41_NEUCR	100
tr|Q7SAB0|Q7SAB0_NEUCR	tr|Q7SAB0|Q7SAB0_NEUCR	100
tr|Q7SAF9|Q7SAF9_NEUCR	tr|Q7SAF9|Q7SAF9_NEUCR	100
tr|Q7SAM8|Q7SAM8_NEUCR	tr|Q7SAM8|Q7SAM8_NEUCR	100
tr|Q7SBA1|Q7SBA1_NEUCR	tr|Q7SBA1|Q7SBA1_NEUCR	100
tr|Q7SBF7|Q7SBF7_NEUCR	tr|Q7SBF7|Q7SBF7_NEUCR	100
tr|Q7SBH6|Q7SBH6_NEUCR	tr|Q7SBH6|Q7SBH6_NEUCR	100
tr|Q7SBQ9|Q7SBQ9_NEUCR	tr|Q7SBQ9|Q7SBQ9_NEUCR	100
tr|Q7SD37|Q7SD37_NEUCR	tr|Q7SD37|Q7SD37_NEUCR	100
tr|Q7SD61|Q7SD61_NEUCR	tr|Q7SD61|Q7SD61_NEUCR	100
tr|Q7SD69|Q7SD69_NEUCR	tr|Q7SD69|Q7SD69_NEUCR	100
tr|Q7SDQ8|Q7SDQ8_NEUCR	tr|Q7SDQ8|Q7SDQ8_NEUCR	100
tr|Q7SDY0|Q7SDY0_NEUCR	tr|Q7SDY0|Q7SDY0_NEUCR	100
tr|Q7SDZ2|Q7SDZ2_NEUCR	tr|Q7SDZ2|Q7SDZ2_NEUCR	100
tr|Q7SEP6|Q7SEP6_NEUCR	tr|Q7SEP6|Q7SEP6_NEUCR	100
tr|Q7SEW4|Q7SEW4_NEUCR	tr|Q7SEW4|Q7SEW4_NEUCR	100
tr|Q7SEX3|Q7SEX3_NEUCR	tr|Q7SEX3|Q7SEX3_NEUCR	100
tr|Q7SFY8|Q7SFY8_NEUCR	tr|Q7SFY8|Q7SFY8_NEUCR	100
sp|Q7SGU0|RT18_NEUCR	sp|Q7SGU0|RT18_NEUCR	100
tr|Q7SGX6|Q7SGX6_NEUCR	tr|Q7SGX6|Q7SGX6_NEUCR	100
tr|Q7SGZ0|Q7SGZ0_NEUCR	tr|Q7SGZ0|Q7SGZ0_NEUCR	100
tr|Q7SH30|Q7SH30_NEUCR	tr|Q7SH30|Q7SH30_NEUCR	100
tr|Q7SI49|Q7SI49_NEUCR	tr|Q7SI49|Q7SI49_NEUCR	100
sp|Q871W6|MBF1_NEUCR	sp|Q871W6|MBF1_NEUCR	100
sp|Q872T7|HPPD_NEUCR	sp|Q872T7|HPPD_NEUCR	100
sp|Q96U48|YB960_NEUCR	sp|Q96U48|YB960_NEUCR	100
tr|U9W3I2|U9W3I2_NEUCR	tr|U9W3I2|U9W3I2_NEUCR	100
tr|V5IKD9|V5IKD9_NEUCR	tr|V5IKD9|V5IKD9_NEUCR	100
tr|V5IKE3|V5IKE3_NEUCR	tr|V5IKE3|V5IKE3_NEUCR	100
tr|V5IL12|V5IL12_NEUCR	tr|V5IL12|V5IL12_NEUCR	100
tr|V5ILB9|V5ILB9_NEUCR	tr|V5ILB9|V5ILB9_NEUCR	100
tr|V5ILG7|V5ILG7_NEUCR	tr|V5ILG7|V5ILG7_NEUCR	100
sp|V5IM60|RM39_NEUCR	sp|V5IM60|RM39_NEUCR	100
tr|V5IMB3|V5IMB3_NEUCR	tr|V5IMB3|V5IMB3_NEUCR	100
tr|V5IMD0|V5IMD0_NEUCR	tr|V5IMD0|V5IMD0_NEUCR	100
tr|V5IME9|V5IME9_NEUCR	tr|V5IME9|V5IME9_NEUCR	100
tr|V5IMF5|V5IMF5_NEUCR	tr|V5IMF5|V5IMF5_NEUCR	100
tr|V5IMQ1|V5IMQ1_NEUCR	tr|V5IMQ1|V5IMQ1_NEUCR	100
tr|V5IMX4|V5IMX4_NEUCR	tr|V5IMX4|V5IMX4_NEUCR	100
tr|V5INN8|V5INN8_NEUCR	tr|V5INN8|V5INN8_NEUCR	100
tr|V5IP74|V5IP74_NEUCR	tr|V5IP74|V5IP74_NEUCR	100
tr|V5IQJ2|V5IQJ2_NEUCR	tr|V5IQJ2|V5IQJ2_NEUCR	100
tr|V5IRA4|V5IRA4_NEUCR	tr|V5IRA4|V5IRA4_NEUCR	100
tr|V5IRJ6|V5IRJ6_NEUCR	tr|V5IRJ6|V5IRJ6_NEUCR	100
tr|A7UVT6|A7UVT6_NEUCR	tr|A7UVT6|A7UVT6_NEUCR	100
tr|A7UX86|A7UX86_NEUCR	tr|A7UX86|A7UX86_NEUCR	100
sp|P0C224|RL40_NEUCR	sp|P0C224|RL40_NEUCR	100
sp|P23710|NDUS3_NEUCR	sp|P23710|NDUS3_NEUCR	100
sp|Q01387|RAS2_NEUCR	sp|Q01387|RAS2_NEUCR	100
sp|Q07335|TOM22_NEUCR	sp|Q07335|TOM22_NEUCR	100
tr|Q1K510|Q1K510_NEUCR	tr|Q1K510|Q1K510_NEUCR	100
tr|Q1K6J4|Q1K6J4_NEUCR	tr|Q1K6J4|Q1K6J4_NEUCR	100
tr|Q1K6V7|Q1K6V7_NEUCR	tr|Q1K6V7|Q1K6V7_NEUCR	100
tr|Q1K705|Q1K705_NEUCR	tr|Q1K705|Q1K705_NEUCR	100
tr|Q1K7Q2|Q1K7Q2_NEUCR	tr|Q1K7Q2|Q1K7Q2_NEUCR	100
tr|Q1K7U4|Q1K7U4_NEUCR	tr|Q1K7U4|Q1K7U4_NEUCR	100
tr|Q1K7X8|Q1K7X8_NEUCR	tr|Q1K7X8|Q1K7X8_NEUCR	100
tr|Q1K8J5|Q1K8J5_NEUCR	tr|Q1K8J5|Q1K8J5_NEUCR	100
tr|Q1K8R1|Q1K8R1_NEUCR	tr|Q1K8R1|Q1K8R1_NEUCR	100
tr|Q1K8Z6|Q1K8Z6_NEUCR	tr|Q1K8Z6|Q1K8Z6_NEUCR	100
sp|Q7RVY5|HEM1_NEUCR	sp|Q7RVY5|HEM1_NEUCR	100
tr|Q7RWE9|Q7RWE9_NEUCR	tr|Q7RWE9|Q7RWE9_NEUCR	100
tr|Q7RX50|Q7RX50_NEUCR	tr|Q7RX50|Q7RX50_NEUCR	100
tr|Q7RXL7|Q7RXL7_NEUCR	tr|Q7RXL7|Q7RXL7_NEUCR	100
tr|Q7RXM1|Q7RXM1_NEUCR	tr|Q7RXM1|Q7RXM1_NEUCR	100
tr|Q7RYN9|Q7RYN9_NEUCR	tr|Q7RYN9|Q7RYN9_NEUCR	100
tr|Q7RYP0|Q7RYP0_NEUCR	tr|Q7RYP0|Q7RYP0_NEUCR	100
tr|Q7RYP9|Q7RYP9_NEUCR	tr|Q7RYP9|Q7RYP9_NEUCR	100
tr|Q7RZF3|Q7RZF3_NEUCR	tr|Q7RZF3|Q7RZF3_NEUCR	100
tr|Q7RZK2|Q7RZK2_NEUCR	tr|Q7RZK2|Q7RZK2_NEUCR	100
tr|Q7S078|Q7S078_NEUCR	tr|Q7S078|Q7S078_NEUCR	100
tr|Q7S0Y8|Q7S0Y8_NEUCR	tr|Q7S0Y8|Q7S0Y8_NEUCR	100
tr|Q7S1C0|Q7S1C0_NEUCR	tr|Q7S1C0|Q7S1C0_NEUCR	100
tr|Q7S1E2|Q7S1E2_NEUCR	tr|Q7S1E2|Q7S1E2_NEUCR	100
tr|Q7S1U7|Q7S1U7_NEUCR	tr|Q7S1U7|Q7S1U7_NEUCR	100
tr|Q7S237|Q7S237_NEUCR	tr|Q7S237|Q7S237_NEUCR	100
tr|Q7S2U0|Q7S2U0_NEUCR	tr|Q7S2U0|Q7S2U0_NEUCR	100
sp|Q7S2W6|IF6_NEUCR	sp|Q7S2W6|IF6_NEUCR	100
tr|Q7S398|Q7S398_NEUCR	tr|Q7S398|Q7S398_NEUCR	100
tr|Q7S3B6|Q7S3B6_NEUCR	tr|Q7S3B6|Q7S3B6_NEUCR	100
tr|Q7S3I5|Q7S3I5_NEUCR	tr|Q7S3I5|Q7S3I5_NEUCR	100
tr|Q7S3J3|Q7S3J3_NEUCR	tr|Q7S3J3|Q7S3J3_NEUCR	100
tr|Q7S3K4|Q7S3K4_NEUCR	tr|Q7S3K4|Q7S3K4_NEUCR	100
tr|Q7S408|Q7S408_NEUCR	tr|Q7S408|Q7S408_NEUCR	100
tr|Q7S4C2|Q7S4C2_NEUCR	tr|Q7S4C2|Q7S4C2_NEUCR	100
tr|Q7S4I5|Q7S4I5_NEUCR	tr|Q7S4I5|Q7S4I5_NEUCR	100
tr|Q7S4M4|Q7S4M4_NEUCR	tr|Q7S4M4|Q7S4M4_NEUCR	100
tr|Q7S593|Q7S593_NEUCR	tr|Q7S593|Q7S593_NEUCR	100
tr|Q7S5I6|Q7S5I6_NEUCR	tr|Q7S5I6|Q7S5I6_NEUCR	100
tr|Q7S5K9|Q7S5K9_NEUCR	tr|Q7S5K9|Q7S5K9_NEUCR	100
tr|Q7S5V4|Q7S5V4_NEUCR	tr|Q7S5V4|Q7S5V4_NEUCR	100
tr|Q7S5Z0|Q7S5Z0_NEUCR	tr|Q7S5Z0|Q7S5Z0_NEUCR	100
tr|Q7S6F8|Q7S6F8_NEUCR	tr|Q7S6F8|Q7S6F8_NEUCR	100
tr|Q7S6L6|Q7S6L6_NEUCR	tr|Q7S6L6|Q7S6L6_NEUCR	100
tr|Q7S6T3|Q7S6T3_NEUCR	tr|Q7S6T3|Q7S6T3_NEUCR	100
tr|Q7S6U1|Q7S6U1_NEUCR	tr|Q7S6U1|Q7S6U1_NEUCR	100
tr|Q7S6Y2|Q7S6Y2_NEUCR	tr|Q7S6Y2|Q7S6Y2_NEUCR	100
tr|Q7S7C4|Q7S7C4_NEUCR	tr|Q7S7C4|Q7S7C4_NEUCR	100
tr|Q7S7K1|Q7S7K1_NEUCR	tr|Q7S7K1|Q7S7K1_NEUCR	100
tr|Q7S874|Q7S874_NEUCR	tr|Q7S874|Q7S874_NEUCR	100
sp|Q7S8C4|LONM_NEUCR	sp|Q7S8C4|LONM_NEUCR	100
sp|Q7S8V3|NST1_NEUCR	sp|Q7S8V3|NST1_NEUCR	100
tr|Q7S9I7|Q7S9I7_NEUCR	tr|Q7S9I7|Q7S9I7_NEUCR	100
tr|Q7S9U1|Q7S9U1_NEUCR	tr|Q7S9U1|Q7S9U1_NEUCR	100
tr|Q7S9W9|Q7S9W9_NEUCR	tr|Q7S9W9|Q7S9W9_NEUCR	100
tr|Q7S9Z4|Q7S9Z4_NEUCR	tr|Q7S9Z4|Q7S9Z4_NEUCR	100
sp|Q7SA23|GUX1A_NEUCR	sp|Q7SA23|GUX1A_NEUCR	100
tr|Q7SA56|Q7SA56_NEUCR	tr|Q7SA56|Q7SA56_NEUCR	100
tr|Q7SAN0|Q7SAN0_NEUCR	tr|Q7SAN0|Q7SAN0_NEUCR	100
tr|Q7SAS6|Q7SAS6_NEUCR	tr|Q7SAS6|Q7SAS6_NEUCR	100
tr|Q7SAW6|Q7SAW6_NEUCR	tr|Q7SAW6|Q7SAW6_NEUCR	100
tr|Q7SBK8|Q7SBK8_NEUCR	tr|Q7SBK8|Q7SBK8_NEUCR	100
tr|Q7SBT3|Q7SBT3_NEUCR	tr|Q7SBT3|Q7SBT3_NEUCR	100
tr|Q7SD18|Q7SD18_NEUCR	tr|Q7SD18|Q7SD18_NEUCR	100
tr|Q7SDA0|Q7SDA0_NEUCR	tr|Q7SDA0|Q7SDA0_NEUCR	100
tr|Q7SDB1|Q7SDB1_NEUCR	tr|Q7SDB1|Q7SDB1_NEUCR	100
tr|Q7SDX6|Q7SDX6_NEUCR	tr|Q7SDX6|Q7SDX6_NEUCR	100
tr|Q7SEK3|Q7SEK3_NEUCR	tr|Q7SEK3|Q7SEK3_NEUCR	100
tr|Q7SEN6|Q7SEN6_NEUCR	tr|Q7SEN6|Q7SEN6_NEUCR	100
tr|Q7SF66|Q7SF66_NEUCR	tr|Q7SF66|Q7SF66_NEUCR	100
tr|Q7SF79|Q7SF79_NEUCR	tr|Q7SF79|Q7SF79_NEUCR	100
tr|Q7SFD9|Q7SFD9_NEUCR	tr|Q7SFD9|Q7SFD9_NEUCR	100
tr|Q7SGQ4|Q7SGQ4_NEUCR	tr|Q7SGQ4|Q7SGQ4_NEUCR	100
tr|Q7SH50|Q7SH50_NEUCR	tr|Q7SH50|Q7SH50_NEUCR	100
tr|Q7SHL8|Q7SHL8_NEUCR	tr|Q7SHL8|Q7SHL8_NEUCR	100
tr|Q7SHM1|Q7SHM1_NEUCR	tr|Q7SHM1|Q7SHM1_NEUCR	100
tr|Q7SHS9|Q7SHS9_NEUCR	tr|Q7SHS9|Q7SHS9_NEUCR	100
tr|Q7SHV4|Q7SHV4_NEUCR	tr|Q7SHV4|Q7SHV4_NEUCR	100
sp|Q7SHY8|ISY1_NEUCR	sp|Q7SHY8|ISY1_NEUCR	100
sp|Q9P3K8|MCH1_NEUCR	sp|Q9P3K8|MCH1_NEUCR	100
tr|U9W3P8|U9W3P8_NEUCR	tr|U9W3P8|U9W3P8_NEUCR	100
tr|U9W4I4|U9W4I4_NEUCR	tr|U9W4I4|U9W4I4_NEUCR	100
tr|V5IL56|V5IL56_NEUCR	tr|V5IL56|V5IL56_NEUCR	100
tr|V5IMA7|V5IMA7_NEUCR	tr|V5IMA7|V5IMA7_NEUCR	100
tr|V5IML5|V5IML5_NEUCR	tr|V5IML5|V5IML5_NEUCR	100
tr|V5IN29|V5IN29_NEUCR	tr|V5IN29|V5IN29_NEUCR	100
tr|V5INF7|V5INF7_NEUCR	tr|V5INF7|V5INF7_NEUCR	100
tr|V5INQ6|V5INQ6_NEUCR	tr|V5INQ6|V5INQ6_NEUCR	100
tr|V5IP01|V5IP01_NEUCR	tr|V5IP01|V5IP01_NEUCR	100
tr|V5IP62|V5IP62_NEUCR	tr|V5IP62|V5IP62_NEUCR	100
tr|V5IPN8|V5IPN8_NEUCR	tr|V5IPN8|V5IPN8_NEUCR	100
tr|V5IQY7|V5IQY7_NEUCR	tr|V5IQY7|V5IQY7_NEUCR	100
tr|V5IRK3|V5IRK3_NEUCR	tr|V5IRK3|V5IRK3_NEUCR	100
tr|V5IRQ2|V5IRQ2_NEUCR	tr|V5IRQ2|V5IRQ2_NEUCR	100
tr|A7UW38|A7UW38_NEUCR	tr|A7UW38|A7UW38_NEUCR	100
tr|A7UWP0|A7UWP0_NEUCR	tr|A7UWP0|A7UWP0_NEUCR	100
tr|A7UXD6|A7UXD6_NEUCR	tr|A7UXD6|A7UXD6_NEUCR	100
tr|A7UXF9|A7UXF9_NEUCR	tr|A7UXF9|A7UXF9_NEUCR	100
sp|O42626|NRC2_NEUCR	sp|O42626|NRC2_NEUCR	100
sp|P11943|ACPM_NEUCR	sp|P11943|ACPM_NEUCR	100
tr|Q1K5H7|Q1K5H7_NEUCR	tr|Q1K5H7|Q1K5H7_NEUCR	100
tr|Q1K5Q0|Q1K5Q0_NEUCR	tr|Q1K5Q0|Q1K5Q0_NEUCR	100
tr|Q1K5X3|Q1K5X3_NEUCR	tr|Q1K5X3|Q1K5X3_NEUCR	100
tr|Q1K5Y3|Q1K5Y3_NEUCR	tr|Q1K5Y3|Q1K5Y3_NEUCR	100
tr|Q1K698|Q1K698_NEUCR	tr|Q1K698|Q1K698_NEUCR	100
tr|Q1K6P4|Q1K6P4_NEUCR	tr|Q1K6P4|Q1K6P4_NEUCR	100
tr|Q1K790|Q1K790_NEUCR	tr|Q1K790|Q1K790_NEUCR	100
tr|Q1K7D2|Q1K7D2_NEUCR	tr|Q1K7D2|Q1K7D2_NEUCR	100
tr|Q1K7I0|Q1K7I0_NEUCR	tr|Q1K7I0|Q1K7I0_NEUCR	100
tr|Q1K7P7|Q1K7P7_NEUCR	tr|Q1K7P7|Q1K7P7_NEUCR	100
tr|Q1K863|Q1K863_NEUCR	tr|Q1K863|Q1K863_NEUCR	100
tr|Q1K8N8|Q1K8N8_NEUCR	tr|Q1K8N8|Q1K8N8_NEUCR	100
tr|Q1K8S8|Q1K8S8_NEUCR	tr|Q1K8S8|Q1K8S8_NEUCR	100
tr|Q1K8S9|Q1K8S9_NEUCR	tr|Q1K8S9|Q1K8S9_NEUCR	100
tr|Q1K8V7|Q1K8V7_NEUCR	tr|Q1K8V7|Q1K8V7_NEUCR	100
tr|Q1K8W4|Q1K8W4_NEUCR	tr|Q1K8W4|Q1K8W4_NEUCR	100
tr|Q1K8Z0|Q1K8Z0_NEUCR	tr|Q1K8Z0|Q1K8Z0_NEUCR	100
tr|Q7RWG0|Q7RWG0_NEUCR	tr|Q7RWG0|Q7RWG0_NEUCR	100
tr|Q7RWJ1|Q7RWJ1_NEUCR	tr|Q7RWJ1|Q7RWJ1_NEUCR	100
tr|Q7RWK7|Q7RWK7_NEUCR	tr|Q7RWK7|Q7RWK7_NEUCR	100
tr|Q7RWS7|Q7RWS7_NEUCR	tr|Q7RWS7|Q7RWS7_NEUCR	100
tr|Q7RX79|Q7RX79_NEUCR	tr|Q7RX79|Q7RX79_NEUCR	100
tr|Q7RXJ8|Q7RXJ8_NEUCR	tr|Q7RXJ8|Q7RXJ8_NEUCR	100
tr|Q7RXN8|Q7RXN8_NEUCR	tr|Q7RXN8|Q7RXN8_NEUCR	100
tr|Q7RYN3|Q7RYN3_NEUCR	tr|Q7RYN3|Q7RYN3_NEUCR	100
tr|Q7RZ66|Q7RZ66_NEUCR	tr|Q7RZ66|Q7RZ66_NEUCR	100
tr|Q7RZR7|Q7RZR7_NEUCR	tr|Q7RZR7|Q7RZR7_NEUCR	100
tr|Q7S028|Q7S028_NEUCR	tr|Q7S028|Q7S028_NEUCR	100
tr|Q7S049|Q7S049_NEUCR	tr|Q7S049|Q7S049_NEUCR	100
sp|Q7S055|ATG11_NEUCR	sp|Q7S055|ATG11_NEUCR	100
tr|Q7S1B2|Q7S1B2_NEUCR	tr|Q7S1B2|Q7S1B2_NEUCR	100
tr|Q7S1P0|Q7S1P0_NEUCR	tr|Q7S1P0|Q7S1P0_NEUCR	100
tr|Q7S1W0|Q7S1W0_NEUCR	tr|Q7S1W0|Q7S1W0_NEUCR	100
sp|Q7S1Y0|RNA14_NEUCR	sp|Q7S1Y0|RNA14_NEUCR	100
tr|Q7S260|Q7S260_NEUCR	tr|Q7S260|Q7S260_NEUCR	100
tr|Q7S2A1|Q7S2A1_NEUCR	tr|Q7S2A1|Q7S2A1_NEUCR	100
sp|Q7S302|MRT4_NEUCR	sp|Q7S302|MRT4_NEUCR	100
tr|Q7S346|Q7S346_NEUCR	tr|Q7S346|Q7S346_NEUCR	100
tr|Q7S499|Q7S499_NEUCR	tr|Q7S499|Q7S499_NEUCR	100
sp|Q7S4D8|COG6_NEUCR	sp|Q7S4D8|COG6_NEUCR	100
tr|Q7S4Z9|Q7S4Z9_NEUCR	tr|Q7S4Z9|Q7S4Z9_NEUCR	100
tr|Q7S5H8|Q7S5H8_NEUCR	tr|Q7S5H8|Q7S5H8_NEUCR	100
tr|Q7S5Q7|Q7S5Q7_NEUCR	tr|Q7S5Q7|Q7S5Q7_NEUCR	100
tr|Q7S6P0|Q7S6P0_NEUCR	tr|Q7S6P0|Q7S6P0_NEUCR	100
tr|Q7S708|Q7S708_NEUCR	tr|Q7S708|Q7S708_NEUCR	100
tr|Q7S854|Q7S854_NEUCR	tr|Q7S854|Q7S854_NEUCR	100
tr|Q7S8S2|Q7S8S2_NEUCR	tr|Q7S8S2|Q7S8S2_NEUCR	100
sp|Q7S8W7|ESF2_NEUCR	sp|Q7S8W7|ESF2_NEUCR	100
tr|Q7S904|Q7S904_NEUCR	tr|Q7S904|Q7S904_NEUCR	100
tr|Q7S918|Q7S918_NEUCR	tr|Q7S918|Q7S918_NEUCR	100
tr|Q7S992|Q7S992_NEUCR	tr|Q7S992|Q7S992_NEUCR	100
sp|Q7SA60|RM41_NEUCR	sp|Q7SA60|RM41_NEUCR	100
tr|Q7SAJ3|Q7SAJ3_NEUCR	tr|Q7SAJ3|Q7SAJ3_NEUCR	100
sp|Q7SAK5|SYF1_NEUCR	sp|Q7SAK5|SYF1_NEUCR	100
tr|Q7SB90|Q7SB90_NEUCR	tr|Q7SB90|Q7SB90_NEUCR	100
tr|Q7SBK6|Q7SBK6_NEUCR	tr|Q7SBK6|Q7SBK6_NEUCR	100
tr|Q7SBZ6|Q7SBZ6_NEUCR	tr|Q7SBZ6|Q7SBZ6_NEUCR	100
tr|Q7SC04|Q7SC04_NEUCR	tr|Q7SC04|Q7SC04_NEUCR	100
tr|Q7SCL0|Q7SCL0_NEUCR	tr|Q7SCL0|Q7SCL0_NEUCR	100
tr|Q7SDQ5|Q7SDQ5_NEUCR	tr|Q7SDQ5|Q7SDQ5_NEUCR	100
tr|Q7SDW1|Q7SDW1_NEUCR	tr|Q7SDW1|Q7SDW1_NEUCR	100
tr|Q7SDZ7|Q7SDZ7_NEUCR	tr|Q7SDZ7|Q7SDZ7_NEUCR	100
tr|Q7SE02|Q7SE02_NEUCR	tr|Q7SE02|Q7SE02_NEUCR	100
tr|Q7SE69|Q7SE69_NEUCR	tr|Q7SE69|Q7SE69_NEUCR	100
tr|Q7SEC3|Q7SEC3_NEUCR	tr|Q7SEC3|Q7SEC3_NEUCR	100
tr|Q7SEM6|Q7SEM6_NEUCR	tr|Q7SEM6|Q7SEM6_NEUCR	100
tr|Q7SF50|Q7SF50_NEUCR	tr|Q7SF50|Q7SF50_NEUCR	100
tr|Q7SFA6|Q7SFA6_NEUCR	tr|Q7SFA6|Q7SFA6_NEUCR	100
tr|Q7SFL6|Q7SFL6_NEUCR	tr|Q7SFL6|Q7SFL6_NEUCR	100
tr|Q7SFQ1|Q7SFQ1_NEUCR	tr|Q7SFQ1|Q7SFQ1_NEUCR	100
tr|Q7SFT8|Q7SFT8_NEUCR	tr|Q7SFT8|Q7SFT8_NEUCR	100
tr|Q7SG28|Q7SG28_NEUCR	tr|Q7SG28|Q7SG28_NEUCR	100
tr|Q7SG61|Q7SG61_NEUCR	tr|Q7SG61|Q7SG61_NEUCR	100
sp|Q7SGL3|NNRE_NEUCR	sp|Q7SGL3|NNRE_NEUCR	100
tr|Q7SGN9|Q7SGN9_NEUCR	tr|Q7SGN9|Q7SGN9_NEUCR	100
tr|Q7SGQ2|Q7SGQ2_NEUCR	tr|Q7SGQ2|Q7SGQ2_NEUCR	100
tr|Q7SH42|Q7SH42_NEUCR	tr|Q7SH42|Q7SH42_NEUCR	100
tr|Q7SHG0|Q7SHG0_NEUCR	tr|Q7SHG0|Q7SHG0_NEUCR	100
tr|Q7SHQ0|Q7SHQ0_NEUCR	tr|Q7SHQ0|Q7SHQ0_NEUCR	100
tr|U9W5A0|U9W5A0_NEUCR	tr|U9W5A0|U9W5A0_NEUCR	100
tr|U9W7X9|U9W7X9_NEUCR	tr|U9W7X9|U9W7X9_NEUCR	100
tr|U9W8Y7|U9W8Y7_NEUCR	tr|U9W8Y7|U9W8Y7_NEUCR	100
tr|V5IKL2|V5IKL2_NEUCR	tr|V5IKL2|V5IKL2_NEUCR	100
tr|V5IKY6|V5IKY6_NEUCR	tr|V5IKY6|V5IKY6_NEUCR	100
tr|V5IL35|V5IL35_NEUCR	tr|V5IL35|V5IL35_NEUCR	100
tr|V5IL54|V5IL54_NEUCR	tr|V5IL54|V5IL54_NEUCR	100
tr|V5IMQ8|V5IMQ8_NEUCR	tr|V5IMQ8|V5IMQ8_NEUCR	100
tr|V5INX8|V5INX8_NEUCR	tr|V5INX8|V5INX8_NEUCR	100
tr|V5IP57|V5IP57_NEUCR	tr|V5IP57|V5IP57_NEUCR	100
tr|V5IPD5|V5IPD5_NEUCR	tr|V5IPD5|V5IPD5_NEUCR	100
tr|V5IPZ5|V5IPZ5_NEUCR	tr|V5IPZ5|V5IPZ5_NEUCR	100
tr|V5IQM7|V5IQM7_NEUCR	tr|V5IQM7|V5IQM7_NEUCR	100
tr|V5IQZ7|V5IQZ7_NEUCR	tr|V5IQZ7|V5IQZ7_NEUCR	100
tr|V5IRA8|V5IRA8_NEUCR	tr|V5IRA8|V5IRA8_NEUCR	100
tr|A7UWK5|A7UWK5_NEUCR	tr|A7UWK5|A7UWK5_NEUCR	100
tr|A7UWN9|A7UWN9_NEUCR	tr|A7UWN9|A7UWN9_NEUCR	100
tr|A7UX65|A7UX65_NEUCR	tr|A7UX65|A7UX65_NEUCR	100
tr|F5HAE7|F5HAE7_NEUCR	tr|F5HAE7|F5HAE7_NEUCR	100
sp|O59953|RL5_NEUCR	sp|O59953|RL5_NEUCR	100
sp|Q05425|GPA1_NEUCR	sp|Q05425|GPA1_NEUCR	100
tr|Q1K4S5|Q1K4S5_NEUCR	tr|Q1K4S5|Q1K4S5_NEUCR	100
tr|Q1K500|Q1K500_NEUCR	tr|Q1K500|Q1K500_NEUCR	100
tr|Q1K502|Q1K502_NEUCR	tr|Q1K502|Q1K502_NEUCR	100
tr|Q1K5B7|Q1K5B7_NEUCR	tr|Q1K5B7|Q1K5B7_NEUCR	100
tr|Q1K5N3|Q1K5N3_NEUCR	tr|Q1K5N3|Q1K5N3_NEUCR	100
tr|Q1K5U7|Q1K5U7_NEUCR	tr|Q1K5U7|Q1K5U7_NEUCR	100
tr|Q1K641|Q1K641_NEUCR	tr|Q1K641|Q1K641_NEUCR	100
tr|Q1K6G6|Q1K6G6_NEUCR	tr|Q1K6G6|Q1K6G6_NEUCR	100
tr|Q1K744|Q1K744_NEUCR	tr|Q1K744|Q1K744_NEUCR	100
tr|Q1K7D6|Q1K7D6_NEUCR	tr|Q1K7D6|Q1K7D6_NEUCR	100
tr|Q1K7F8|Q1K7F8_NEUCR	tr|Q1K7F8|Q1K7F8_NEUCR	100
tr|Q1K7M3|Q1K7M3_NEUCR	tr|Q1K7M3|Q1K7M3_NEUCR	100
tr|Q1K7R4|Q1K7R4_NEUCR	tr|Q1K7R4|Q1K7R4_NEUCR	100
tr|Q1K7T2|Q1K7T2_NEUCR	tr|Q1K7T2|Q1K7T2_NEUCR	100
tr|Q1K7W1|Q1K7W1_NEUCR	tr|Q1K7W1|Q1K7W1_NEUCR	100
tr|Q1K860|Q1K860_NEUCR	tr|Q1K860|Q1K860_NEUCR	100
tr|Q7RUZ0|Q7RUZ0_NEUCR	tr|Q7RUZ0|Q7RUZ0_NEUCR	100
tr|Q7RVU1|Q7RVU1_NEUCR	tr|Q7RVU1|Q7RVU1_NEUCR	100
tr|Q7RWB1|Q7RWB1_NEUCR	tr|Q7RWB1|Q7RWB1_NEUCR	100
tr|Q7RWJ9|Q7RWJ9_NEUCR	tr|Q7RWJ9|Q7RWJ9_NEUCR	100
tr|Q7RWM3|Q7RWM3_NEUCR	tr|Q7RWM3|Q7RWM3_NEUCR	100
tr|Q7RWT5|Q7RWT5_NEUCR	tr|Q7RWT5|Q7RWT5_NEUCR	100
tr|Q7RX01|Q7RX01_NEUCR	tr|Q7RX01|Q7RX01_NEUCR	100
tr|Q7RY74|Q7RY74_NEUCR	tr|Q7RY74|Q7RY74_NEUCR	100
tr|Q7RYF0|Q7RYF0_NEUCR	tr|Q7RYF0|Q7RYF0_NEUCR	100
tr|Q7RZ08|Q7RZ08_NEUCR	tr|Q7RZ08|Q7RZ08_NEUCR	100
tr|Q7RZ94|Q7RZ94_NEUCR	tr|Q7RZ94|Q7RZ94_NEUCR	100
tr|Q7RZT4|Q7RZT4_NEUCR	tr|Q7RZT4|Q7RZT4_NEUCR	100
tr|Q7RZZ6|Q7RZZ6_NEUCR	tr|Q7RZZ6|Q7RZZ6_NEUCR	100
tr|Q7S014|Q7S014_NEUCR	tr|Q7S014|Q7S014_NEUCR	100
tr|Q7S062|Q7S062_NEUCR	tr|Q7S062|Q7S062_NEUCR	100
tr|Q7S0G9|Q7S0G9_NEUCR	tr|Q7S0G9|Q7S0G9_NEUCR	100
tr|Q7S0R1|Q7S0R1_NEUCR	tr|Q7S0R1|Q7S0R1_NEUCR	100
tr|Q7S143|Q7S143_NEUCR	tr|Q7S143|Q7S143_NEUCR	100
tr|Q7S1S3|Q7S1S3_NEUCR	tr|Q7S1S3|Q7S1S3_NEUCR	100
tr|Q7S1W8|Q7S1W8_NEUCR	tr|Q7S1W8|Q7S1W8_NEUCR	100
tr|Q7S213|Q7S213_NEUCR	tr|Q7S213|Q7S213_NEUCR	100
tr|Q7S2E5|Q7S2E5_NEUCR	tr|Q7S2E5|Q7S2E5_NEUCR	100
tr|Q7S2E9|Q7S2E9_NEUCR	tr|Q7S2E9|Q7S2E9_NEUCR	100
tr|Q7S2M1|Q7S2M1_NEUCR	tr|Q7S2M1|Q7S2M1_NEUCR	100
tr|Q7S308|Q7S308_NEUCR	tr|Q7S308|Q7S308_NEUCR	100
tr|Q7S3L9|Q7S3L9_NEUCR	tr|Q7S3L9|Q7S3L9_NEUCR	100
tr|Q7S3N2|Q7S3N2_NEUCR	tr|Q7S3N2|Q7S3N2_NEUCR	100
tr|Q7S461|Q7S461_NEUCR	tr|Q7S461|Q7S461_NEUCR	100
tr|Q7S4A1|Q7S4A1_NEUCR	tr|Q7S4A1|Q7S4A1_NEUCR	100
tr|Q7S4R3|Q7S4R3_NEUCR	tr|Q7S4R3|Q7S4R3_NEUCR	100
tr|Q7S4R6|Q7S4R6_NEUCR	tr|Q7S4R6|Q7S4R6_NEUCR	100
tr|Q7S4U8|Q7S4U8_NEUCR	tr|Q7S4U8|Q7S4U8_NEUCR	100
tr|Q7S5F7|Q7S5F7_NEUCR	tr|Q7S5F7|Q7S5F7_NEUCR	100
tr|Q7S5M6|Q7S5M6_NEUCR	tr|Q7S5M6|Q7S5M6_NEUCR	100
tr|Q7S5V8|Q7S5V8_NEUCR	tr|Q7S5V8|Q7S5V8_NEUCR	100
tr|Q7S668|Q7S668_NEUCR	tr|Q7S668|Q7S668_NEUCR	100
tr|Q7S6G1|Q7S6G1_NEUCR	tr|Q7S6G1|Q7S6G1_NEUCR	100
tr|Q7S712|Q7S712_NEUCR	tr|Q7S712|Q7S712_NEUCR	100
tr|Q7S812|Q7S812_NEUCR	tr|Q7S812|Q7S812_NEUCR	100
tr|Q7S857|Q7S857_NEUCR	tr|Q7S857|Q7S857_NEUCR	100
tr|Q7S869|Q7S869_NEUCR	tr|Q7S869|Q7S869_NEUCR	100
tr|Q7S889|Q7S889_NEUCR	tr|Q7S889|Q7S889_NEUCR	100
sp|Q7S8A6|PYR1_NEUCR	sp|Q7S8A6|PYR1_NEUCR	100
tr|Q7S8I5|Q7S8I5_NEUCR	tr|Q7S8I5|Q7S8I5_NEUCR	100
tr|Q7S8I8|Q7S8I8_NEUCR	tr|Q7S8I8|Q7S8I8_NEUCR	100
tr|Q7S8K3|Q7S8K3_NEUCR	tr|Q7S8K3|Q7S8K3_NEUCR	100
tr|Q7S916|Q7S916_NEUCR	tr|Q7S916|Q7S916_NEUCR	100
tr|Q7S968|Q7S968_NEUCR	tr|Q7S968|Q7S968_NEUCR	100
tr|Q7S9L5|Q7S9L5_NEUCR	tr|Q7S9L5|Q7S9L5_NEUCR	100
tr|Q7SAJ8|Q7SAJ8_NEUCR	tr|Q7SAJ8|Q7SAJ8_NEUCR	100
tr|Q7SAU1|Q7SAU1_NEUCR	tr|Q7SAU1|Q7SAU1_NEUCR	100
tr|Q7SAY3|Q7SAY3_NEUCR	tr|Q7SAY3|Q7SAY3_NEUCR	100
tr|Q7SBL6|Q7SBL6_NEUCR	tr|Q7SBL6|Q7SBL6_NEUCR	100
tr|Q7SCL4|Q7SCL4_NEUCR	tr|Q7SCL4|Q7SCL4_NEUCR	100
tr|Q7SDD6|Q7SDD6_NEUCR	tr|Q7SDD6|Q7SDD6_NEUCR	100
tr|Q7SDL8|Q7SDL8_NEUCR	tr|Q7SDL8|Q7SDL8_NEUCR	100
tr|Q7SEL9|Q7SEL9_NEUCR	tr|Q7SEL9|Q7SEL9_NEUCR	100
sp|Q7SF72|PPIL1_NEUCR	sp|Q7SF72|PPIL1_NEUCR	100
tr|Q7SFG6|Q7SFG6_NEUCR	tr|Q7SFG6|Q7SFG6_NEUCR	100
tr|Q7SGB9|Q7SGB9_NEUCR	tr|Q7SGB9|Q7SGB9_NEUCR	100
tr|Q7SGF8|Q7SGF8_NEUCR	tr|Q7SGF8|Q7SGF8_NEUCR	100
tr|Q7SH76|Q7SH76_NEUCR	tr|Q7SH76|Q7SH76_NEUCR	100
tr|Q7SHA0|Q7SHA0_NEUCR	tr|Q7SHA0|Q7SHA0_NEUCR	100
sp|Q873E8|GSHR_NEUCR	sp|Q873E8|GSHR_NEUCR	100
tr|U9W4F6|U9W4F6_NEUCR	tr|U9W4F6|U9W4F6_NEUCR	100
tr|V5IKE7|V5IKE7_NEUCR	tr|V5IKE7|V5IKE7_NEUCR	100
tr|V5IKH9|V5IKH9_NEUCR	tr|V5IKH9|V5IKH9_NEUCR	100
tr|V5IL69|V5IL69_NEUCR	tr|V5IL69|V5IL69_NEUCR	100
tr|V5ILD6|V5ILD6_NEUCR	tr|V5ILD6|V5ILD6_NEUCR	100
tr|V5ILD9|V5ILD9_NEUCR	tr|V5ILD9|V5ILD9_NEUCR	100
tr|V5IM13|V5IM13_NEUCR	tr|V5IM13|V5IM13_NEUCR	100
tr|V5IML8|V5IML8_NEUCR	tr|V5IML8|V5IML8_NEUCR	100
tr|V5INI0|V5INI0_NEUCR	tr|V5INI0|V5INI0_NEUCR	100
tr|V5INM2|V5INM2_NEUCR	tr|V5INM2|V5INM2_NEUCR	100
tr|V5INP4|V5INP4_NEUCR	tr|V5INP4|V5INP4_NEUCR	100
tr|V5IPK5|V5IPK5_NEUCR	tr|V5IPK5|V5IPK5_NEUCR	100
tr|V5IPZ0|V5IPZ0_NEUCR	tr|V5IPZ0|V5IPZ0_NEUCR	100
tr|V5IQZ0|V5IQZ0_NEUCR	tr|V5IQZ0|V5IQZ0_NEUCR	100
tr|A7UW18|A7UW18_NEUCR	tr|A7UW18|A7UW18_NEUCR	100
tr|F5H8U4|F5H8U4_NEUCR	tr|F5H8U4|F5H8U4_NEUCR	100
tr|F5HIL3|F5HIL3_NEUCR	tr|F5HIL3|F5HIL3_NEUCR	100
sp|P48466|METK_NEUCR	sp|P48466|METK_NEUCR	100
sp|Q01290|VPP1_NEUCR	sp|Q01290|VPP1_NEUCR	100
sp|Q01631|CYAA_NEUCR	sp|Q01631|CYAA_NEUCR	100
tr|Q1K4Q3|Q1K4Q3_NEUCR	tr|Q1K4Q3|Q1K4Q3_NEUCR	100
tr|Q1K581|Q1K581_NEUCR	tr|Q1K581|Q1K581_NEUCR	100
tr|Q1K5A5|Q1K5A5_NEUCR	tr|Q1K5A5|Q1K5A5_NEUCR	100
tr|Q1K6C5|Q1K6C5_NEUCR	tr|Q1K6C5|Q1K6C5_NEUCR	100
tr|Q1K7N9|Q1K7N9_NEUCR	tr|Q1K7N9|Q1K7N9_NEUCR	100
tr|Q1K7Q9|Q1K7Q9_NEUCR	tr|Q1K7Q9|Q1K7Q9_NEUCR	100
tr|Q1K8K9|Q1K8K9_NEUCR	tr|Q1K8K9|Q1K8K9_NEUCR	100
tr|Q7RV00|Q7RV00_NEUCR	tr|Q7RV00|Q7RV00_NEUCR	100
sp|Q7RVN0|RL11_NEUCR	sp|Q7RVN0|RL11_NEUCR	100
tr|Q7RVQ2|Q7RVQ2_NEUCR	tr|Q7RVQ2|Q7RVQ2_NEUCR	100
sp|Q7RVQ8|PACC_NEUCR	sp|Q7RVQ8|PACC_NEUCR	100
tr|Q7RVW6|Q7RVW6_NEUCR	tr|Q7RVW6|Q7RVW6_NEUCR	100
tr|Q7RW10|Q7RW10_NEUCR	tr|Q7RW10|Q7RW10_NEUCR	100
tr|Q7RW78|Q7RW78_NEUCR	tr|Q7RW78|Q7RW78_NEUCR	100
tr|Q7RXC1|Q7RXC1_NEUCR	tr|Q7RXC1|Q7RXC1_NEUCR	100
tr|Q7RXP9|Q7RXP9_NEUCR	tr|Q7RXP9|Q7RXP9_NEUCR	100
tr|Q7RY06|Q7RY06_NEUCR	tr|Q7RY06|Q7RY06_NEUCR	100
tr|Q7RYE8|Q7RYE8_NEUCR	tr|Q7RYE8|Q7RYE8_NEUCR	100
tr|Q7RYF6|Q7RYF6_NEUCR	tr|Q7RYF6|Q7RYF6_NEUCR	100
tr|Q7RYV8|Q7RYV8_NEUCR	tr|Q7RYV8|Q7RYV8_NEUCR	100
tr|Q7RZE3|Q7RZE3_NEUCR	tr|Q7RZE3|Q7RZE3_NEUCR	100
tr|Q7RZS7|Q7RZS7_NEUCR	tr|Q7RZS7|Q7RZS7_NEUCR	100
tr|Q7RZU5|Q7RZU5_NEUCR	tr|Q7RZU5|Q7RZU5_NEUCR	100
tr|Q7S070|Q7S070_NEUCR	tr|Q7S070|Q7S070_NEUCR	100
tr|Q7S0C7|Q7S0C7_NEUCR	tr|Q7S0C7|Q7S0C7_NEUCR	100
tr|Q7S0G4|Q7S0G4_NEUCR	tr|Q7S0G4|Q7S0G4_NEUCR	100
tr|Q7S0I6|Q7S0I6_NEUCR	tr|Q7S0I6|Q7S0I6_NEUCR	100
tr|Q7S1V3|Q7S1V3_NEUCR	tr|Q7S1V3|Q7S1V3_NEUCR	100
tr|Q7S2C9|Q7S2C9_NEUCR	tr|Q7S2C9|Q7S2C9_NEUCR	100
tr|Q7S2M9|Q7S2M9_NEUCR	tr|Q7S2M9|Q7S2M9_NEUCR	100
tr|Q7S2P5|Q7S2P5_NEUCR	tr|Q7S2P5|Q7S2P5_NEUCR	100
tr|Q7S3W3|Q7S3W3_NEUCR	tr|Q7S3W3|Q7S3W3_NEUCR	100
tr|Q7S511|Q7S511_NEUCR	tr|Q7S511|Q7S511_NEUCR	100
tr|Q7S546|Q7S546_NEUCR	tr|Q7S546|Q7S546_NEUCR	100
tr|Q7S598|Q7S598_NEUCR	tr|Q7S598|Q7S598_NEUCR	100
sp|Q7S5D9|DHH1_NEUCR	sp|Q7S5D9|DHH1_NEUCR	100
tr|Q7S5L2|Q7S5L2_NEUCR	tr|Q7S5L2|Q7S5L2_NEUCR	100
tr|Q7S5V5|Q7S5V5_NEUCR	tr|Q7S5V5|Q7S5V5_NEUCR	100
tr|Q7S616|Q7S616_NEUCR	tr|Q7S616|Q7S616_NEUCR	100
tr|Q7S6B8|Q7S6B8_NEUCR	tr|Q7S6B8|Q7S6B8_NEUCR	100
tr|Q7S6L0|Q7S6L0_NEUCR	tr|Q7S6L0|Q7S6L0_NEUCR	100
tr|Q7S8H9|Q7S8H9_NEUCR	tr|Q7S8H9|Q7S8H9_NEUCR	100
sp|Q7S9H0|NUF2_NEUCR	sp|Q7S9H0|NUF2_NEUCR	100
tr|Q7S9I9|Q7S9I9_NEUCR	tr|Q7S9I9|Q7S9I9_NEUCR	100
tr|Q7S9Y7|Q7S9Y7_NEUCR	tr|Q7S9Y7|Q7S9Y7_NEUCR	100
tr|Q7SA05|Q7SA05_NEUCR	tr|Q7SA05|Q7SA05_NEUCR	100
tr|Q7SAC3|Q7SAC3_NEUCR	tr|Q7SAC3|Q7SAC3_NEUCR	100
tr|Q7SAM1|Q7SAM1_NEUCR	tr|Q7SAM1|Q7SAM1_NEUCR	100
tr|Q7SAN3|Q7SAN3_NEUCR	tr|Q7SAN3|Q7SAN3_NEUCR	100
tr|Q7SAR1|Q7SAR1_NEUCR	tr|Q7SAR1|Q7SAR1_NEUCR	100
tr|Q7SAT1|Q7SAT1_NEUCR	tr|Q7SAT1|Q7SAT1_NEUCR	100
tr|Q7SAT2|Q7SAT2_NEUCR	tr|Q7SAT2|Q7SAT2_NEUCR	100
sp|Q7SAX8|FIP1_NEUCR	sp|Q7SAX8|FIP1_NEUCR	100
tr|Q7SBM1|Q7SBM1_NEUCR	tr|Q7SBM1|Q7SBM1_NEUCR	100
tr|Q7SBY8|Q7SBY8_NEUCR	tr|Q7SBY8|Q7SBY8_NEUCR	100
tr|Q7SDH0|Q7SDH0_NEUCR	tr|Q7SDH0|Q7SDH0_NEUCR	100
tr|Q7SDV1|Q7SDV1_NEUCR	tr|Q7SDV1|Q7SDV1_NEUCR	100
sp|Q7SDV9|CCPR_NEUCR	sp|Q7SDV9|CCPR_NEUCR	100
tr|Q7SE24|Q7SE24_NEUCR	tr|Q7SE24|Q7SE24_NEUCR	100
tr|Q7SEH3|Q7SEH3_NEUCR	tr|Q7SEH3|Q7SEH3_NEUCR	100
sp|Q7SF55|SDHF3_NEUCR	sp|Q7SF55|SDHF3_NEUCR	100
tr|Q7SFA8|Q7SFA8_NEUCR	tr|Q7SFA8|Q7SFA8_NEUCR	100
tr|Q7SFI1|Q7SFI1_NEUCR	tr|Q7SFI1|Q7SFI1_NEUCR	100
tr|Q7SFY9|Q7SFY9_NEUCR	tr|Q7SFY9|Q7SFY9_NEUCR	100
sp|Q7SG97|HSV2_NEUCR	sp|Q7SG97|HSV2_NEUCR	100
tr|Q7SH93|Q7SH93_NEUCR	tr|Q7SH93|Q7SH93_NEUCR	100
tr|Q7SHC8|Q7SHC8_NEUCR	tr|Q7SHC8|Q7SHC8_NEUCR	100
tr|Q7SHQ3|Q7SHQ3_NEUCR	tr|Q7SHQ3|Q7SHQ3_NEUCR	100
tr|Q7SI44|Q7SI44_NEUCR	tr|Q7SI44|Q7SI44_NEUCR	100
sp|Q9C2H9|SYMM_NEUCR	sp|Q9C2H9|SYMM_NEUCR	100
sp|Q9P5L2|FMP52_NEUCR	sp|Q9P5L2|FMP52_NEUCR	100
tr|U9W4P8|U9W4P8_NEUCR	tr|U9W4P8|U9W4P8_NEUCR	100
tr|U9W4Y8|U9W4Y8_NEUCR	tr|U9W4Y8|U9W4Y8_NEUCR	100
tr|U9W529|U9W529_NEUCR	tr|U9W529|U9W529_NEUCR	100
tr|V5IKD1|V5IKD1_NEUCR	tr|V5IKD1|V5IKD1_NEUCR	100
tr|V5IKH4|V5IKH4_NEUCR	tr|V5IKH4|V5IKH4_NEUCR	100
tr|V5IKQ2|V5IKQ2_NEUCR	tr|V5IKQ2|V5IKQ2_NEUCR	100
tr|V5IKT7|V5IKT7_NEUCR	tr|V5IKT7|V5IKT7_NEUCR	100
tr|V5IKW5|V5IKW5_NEUCR	tr|V5IKW5|V5IKW5_NEUCR	100
tr|V5IL42|V5IL42_NEUCR	tr|V5IL42|V5IL42_NEUCR	100
tr|V5IL45|V5IL45_NEUCR	tr|V5IL45|V5IL45_NEUCR	100
tr|V5ILB8|V5ILB8_NEUCR	tr|V5ILB8|V5ILB8_NEUCR	100
tr|V5ILV6|V5ILV6_NEUCR	tr|V5ILV6|V5ILV6_NEUCR	100
tr|V5ILX2|V5ILX2_NEUCR	tr|V5ILX2|V5ILX2_NEUCR	100
tr|V5IM46|V5IM46_NEUCR	tr|V5IM46|V5IM46_NEUCR	100
tr|V5IM56|V5IM56_NEUCR	tr|V5IM56|V5IM56_NEUCR	100
tr|V5IMX3|V5IMX3_NEUCR	tr|V5IMX3|V5IMX3_NEUCR	100
tr|V5IMZ9|V5IMZ9_NEUCR	tr|V5IMZ9|V5IMZ9_NEUCR	100
tr|V5IN92|V5IN92_NEUCR	tr|V5IN92|V5IN92_NEUCR	100
tr|V5INN2|V5INN2_NEUCR	tr|V5INN2|V5INN2_NEUCR	100
tr|V5IQA7|V5IQA7_NEUCR	tr|V5IQA7|V5IQA7_NEUCR	100
tr|V5IQI3|V5IQI3_NEUCR	tr|V5IQI3|V5IQI3_NEUCR	100
tr|V5IRM1|V5IRM1_NEUCR	tr|V5IRM1|V5IRM1_NEUCR	100
tr|V5IRN7|V5IRN7_NEUCR	tr|V5IRN7|V5IRN7_NEUCR	100
tr|A7UWQ2|A7UWQ2_NEUCR	tr|A7UWQ2|A7UWQ2_NEUCR	100
tr|F5H9P3|F5H9P3_NEUCR	tr|F5H9P3|F5H9P3_NEUCR	100
tr|F5HBN4|F5HBN4_NEUCR	tr|F5HBN4|F5HBN4_NEUCR	100
tr|F5HDV2|F5HDV2_NEUCR	tr|F5HDV2|F5HDV2_NEUCR	100
sp|P00411|COX2_NEUCR	sp|P00411|COX2_NEUCR	100
sp|P0CY44|NU4M_NEUCR	sp|P0CY44|NU4M_NEUCR	100
sp|P23231|TOM70_NEUCR	sp|P23231|TOM70_NEUCR	100
sp|P23351|RMAR_NEUCR	sp|P23351|RMAR_NEUCR	100
tr|Q1K4N8|Q1K4N8_NEUCR	tr|Q1K4N8|Q1K4N8_NEUCR	100
tr|Q1K5H1|Q1K5H1_NEUCR	tr|Q1K5H1|Q1K5H1_NEUCR	100
tr|Q1K6M1|Q1K6M1_NEUCR	tr|Q1K6M1|Q1K6M1_NEUCR	100
tr|Q1K6M4|Q1K6M4_NEUCR	tr|Q1K6M4|Q1K6M4_NEUCR	100
tr|Q1K7Q5|Q1K7Q5_NEUCR	tr|Q1K7Q5|Q1K7Q5_NEUCR	100
tr|Q1K7Y4|Q1K7Y4_NEUCR	tr|Q1K7Y4|Q1K7Y4_NEUCR	100
tr|Q1K8L1|Q1K8L1_NEUCR	tr|Q1K8L1|Q1K8L1_NEUCR	100
tr|Q1K8N7|Q1K8N7_NEUCR	tr|Q1K8N7|Q1K8N7_NEUCR	100
tr|Q1K8W6|Q1K8W6_NEUCR	tr|Q1K8W6|Q1K8W6_NEUCR	100
tr|Q7RWL0|Q7RWL0_NEUCR	tr|Q7RWL0|Q7RWL0_NEUCR	100
tr|Q7RWV7|Q7RWV7_NEUCR	tr|Q7RWV7|Q7RWV7_NEUCR	100
tr|Q7RXI6|Q7RXI6_NEUCR	tr|Q7RXI6|Q7RXI6_NEUCR	100
tr|Q7RXT1|Q7RXT1_NEUCR	tr|Q7RXT1|Q7RXT1_NEUCR	100
tr|Q7RXX4|Q7RXX4_NEUCR	tr|Q7RXX4|Q7RXX4_NEUCR	100
tr|Q7RY40|Q7RY40_NEUCR	tr|Q7RY40|Q7RY40_NEUCR	100
tr|Q7RYF7|Q7RYF7_NEUCR	tr|Q7RYF7|Q7RYF7_NEUCR	100
tr|Q7RYH6|Q7RYH6_NEUCR	tr|Q7RYH6|Q7RYH6_NEUCR	100
tr|Q7RZG5|Q7RZG5_NEUCR	tr|Q7RZG5|Q7RZG5_NEUCR	100
tr|Q7RZM5|Q7RZM5_NEUCR	tr|Q7RZM5|Q7RZM5_NEUCR	100
tr|Q7RZZ8|Q7RZZ8_NEUCR	tr|Q7RZZ8|Q7RZZ8_NEUCR	100
tr|Q7S0P9|Q7S0P9_NEUCR	tr|Q7S0P9|Q7S0P9_NEUCR	100
tr|Q7S0Y3|Q7S0Y3_NEUCR	tr|Q7S0Y3|Q7S0Y3_NEUCR	100
tr|Q7S108|Q7S108_NEUCR	tr|Q7S108|Q7S108_NEUCR	100
tr|Q7S1A4|Q7S1A4_NEUCR	tr|Q7S1A4|Q7S1A4_NEUCR	100
tr|Q7S271|Q7S271_NEUCR	tr|Q7S271|Q7S271_NEUCR	100
tr|Q7S321|Q7S321_NEUCR	tr|Q7S321|Q7S321_NEUCR	100
tr|Q7S328|Q7S328_NEUCR	tr|Q7S328|Q7S328_NEUCR	100
tr|Q7S3F5|Q7S3F5_NEUCR	tr|Q7S3F5|Q7S3F5_NEUCR	100
tr|Q7S3L4|Q7S3L4_NEUCR	tr|Q7S3L4|Q7S3L4_NEUCR	100
tr|Q7S460|Q7S460_NEUCR	tr|Q7S460|Q7S460_NEUCR	100
tr|Q7S4C3|Q7S4C3_NEUCR	tr|Q7S4C3|Q7S4C3_NEUCR	100
tr|Q7S4W6|Q7S4W6_NEUCR	tr|Q7S4W6|Q7S4W6_NEUCR	100
tr|Q7S4Z1|Q7S4Z1_NEUCR	tr|Q7S4Z1|Q7S4Z1_NEUCR	100
tr|Q7S576|Q7S576_NEUCR	tr|Q7S576|Q7S576_NEUCR	100
tr|Q7S589|Q7S589_NEUCR	tr|Q7S589|Q7S589_NEUCR	100
tr|Q7S5A3|Q7S5A3_NEUCR	tr|Q7S5A3|Q7S5A3_NEUCR	100
tr|Q7S5B3|Q7S5B3_NEUCR	tr|Q7S5B3|Q7S5B3_NEUCR	100
tr|Q7S5G2|Q7S5G2_NEUCR	tr|Q7S5G2|Q7S5G2_NEUCR	100
tr|Q7S608|Q7S608_NEUCR	tr|Q7S608|Q7S608_NEUCR	100
tr|Q7S665|Q7S665_NEUCR	tr|Q7S665|Q7S665_NEUCR	100
tr|Q7S6C8|Q7S6C8_NEUCR	tr|Q7S6C8|Q7S6C8_NEUCR	100
tr|Q7S7G8|Q7S7G8_NEUCR	tr|Q7S7G8|Q7S7G8_NEUCR	100
tr|Q7S7K6|Q7S7K6_NEUCR	tr|Q7S7K6|Q7S7K6_NEUCR	100
tr|Q7S7N2|Q7S7N2_NEUCR	tr|Q7S7N2|Q7S7N2_NEUCR	100
tr|Q7S7T5|Q7S7T5_NEUCR	tr|Q7S7T5|Q7S7T5_NEUCR	100
tr|Q7S8A3|Q7S8A3_NEUCR	tr|Q7S8A3|Q7S8A3_NEUCR	100
tr|Q7S8C0|Q7S8C0_NEUCR	tr|Q7S8C0|Q7S8C0_NEUCR	100
tr|Q7S8H0|Q7S8H0_NEUCR	tr|Q7S8H0|Q7S8H0_NEUCR	100
tr|Q7S8S8|Q7S8S8_NEUCR	tr|Q7S8S8|Q7S8S8_NEUCR	100
sp|Q7SA06|IML2_NEUCR	sp|Q7SA06|IML2_NEUCR	100
tr|Q7SAC9|Q7SAC9_NEUCR	tr|Q7SAC9|Q7SAC9_NEUCR	100
tr|Q7SAY4|Q7SAY4_NEUCR	tr|Q7SAY4|Q7SAY4_NEUCR	100
tr|Q7SAY6|Q7SAY6_NEUCR	tr|Q7SAY6|Q7SAY6_NEUCR	100
tr|Q7SB47|Q7SB47_NEUCR	tr|Q7SB47|Q7SB47_NEUCR	100
tr|Q7SC93|Q7SC93_NEUCR	tr|Q7SC93|Q7SC93_NEUCR	100
tr|Q7SD98|Q7SD98_NEUCR	tr|Q7SD98|Q7SD98_NEUCR	100
tr|Q7SDH8|Q7SDH8_NEUCR	tr|Q7SDH8|Q7SDH8_NEUCR	100
tr|Q7SDI1|Q7SDI1_NEUCR	tr|Q7SDI1|Q7SDI1_NEUCR	100
tr|Q7SDP2|Q7SDP2_NEUCR	tr|Q7SDP2|Q7SDP2_NEUCR	100
tr|Q7SDQ1|Q7SDQ1_NEUCR	tr|Q7SDQ1|Q7SDQ1_NEUCR	100
tr|Q7SDQ3|Q7SDQ3_NEUCR	tr|Q7SDQ3|Q7SDQ3_NEUCR	100
tr|Q7SDZ6|Q7SDZ6_NEUCR	tr|Q7SDZ6|Q7SDZ6_NEUCR	100
tr|Q7SE55|Q7SE55_NEUCR	tr|Q7SE55|Q7SE55_NEUCR	100
tr|Q7SEL5|Q7SEL5_NEUCR	tr|Q7SEL5|Q7SEL5_NEUCR	100
tr|Q7SEQ7|Q7SEQ7_NEUCR	tr|Q7SEQ7|Q7SEQ7_NEUCR	100
tr|Q7SES1|Q7SES1_NEUCR	tr|Q7SES1|Q7SES1_NEUCR	100
tr|Q7SF06|Q7SF06_NEUCR	tr|Q7SF06|Q7SF06_NEUCR	100
tr|Q7SF52|Q7SF52_NEUCR	tr|Q7SF52|Q7SF52_NEUCR	100
tr|Q7SF59|Q7SF59_NEUCR	tr|Q7SF59|Q7SF59_NEUCR	100
sp|Q7SF85|RT02_NEUCR	sp|Q7SF85|RT02_NEUCR	100
tr|Q7SFA1|Q7SFA1_NEUCR	tr|Q7SFA1|Q7SFA1_NEUCR	100
tr|Q7SFJ8|Q7SFJ8_NEUCR	tr|Q7SFJ8|Q7SFJ8_NEUCR	100
tr|Q7SFQ7|Q7SFQ7_NEUCR	tr|Q7SFQ7|Q7SFQ7_NEUCR	100
tr|Q7SFU8|Q7SFU8_NEUCR	tr|Q7SFU8|Q7SFU8_NEUCR	100
tr|Q7SGC0|Q7SGC0_NEUCR	tr|Q7SGC0|Q7SGC0_NEUCR	100
tr|Q7SGG9|Q7SGG9_NEUCR	tr|Q7SGG9|Q7SGG9_NEUCR	100
tr|Q7SGK6|Q7SGK6_NEUCR	tr|Q7SGK6|Q7SGK6_NEUCR	100
tr|Q7SHD2|Q7SHD2_NEUCR	tr|Q7SHD2|Q7SHD2_NEUCR	100
sp|Q8X0F1|CFD1_NEUCR	sp|Q8X0F1|CFD1_NEUCR	100
sp|Q9UW81|NOP1_NEUCR	sp|Q9UW81|NOP1_NEUCR	100
tr|U9W4Z4|U9W4Z4_NEUCR	tr|U9W4Z4|U9W4Z4_NEUCR	100
tr|U9WGH1|U9WGH1_NEUCR	tr|U9WGH1|U9WGH1_NEUCR	100
tr|V5IKH5|V5IKH5_NEUCR	tr|V5IKH5|V5IKH5_NEUCR	100
tr|V5ILU3|V5ILU3_NEUCR	tr|V5ILU3|V5ILU3_NEUCR	100
tr|V5IME1|V5IME1_NEUCR	tr|V5IME1|V5IME1_NEUCR	100
tr|V5IMF1|V5IMF1_NEUCR	tr|V5IMF1|V5IMF1_NEUCR	100
tr|V5IMR9|V5IMR9_NEUCR	tr|V5IMR9|V5IMR9_NEUCR	100
tr|V5IN27|V5IN27_NEUCR	tr|V5IN27|V5IN27_NEUCR	100
tr|V5IN64|V5IN64_NEUCR	tr|V5IN64|V5IN64_NEUCR	100
tr|V5IP44|V5IP44_NEUCR	tr|V5IP44|V5IP44_NEUCR	100
tr|V5IPA5|V5IPA5_NEUCR	tr|V5IPA5|V5IPA5_NEUCR	100
tr|V5IPD1|V5IPD1_NEUCR	tr|V5IPD1|V5IPD1_NEUCR	100
tr|A7UWM4|A7UWM4_NEUCR	tr|A7UWM4|A7UWM4_NEUCR	100
tr|F5HB01|F5HB01_NEUCR	tr|F5HB01|F5HB01_NEUCR	100
tr|F5HHZ0|F5HHZ0_NEUCR	tr|F5HHZ0|F5HHZ0_NEUCR	100
sp|O59941|VATD_NEUCR	sp|O59941|VATD_NEUCR	100
sp|P21772|RS26_NEUCR	sp|P21772|RS26_NEUCR	100
tr|Q1K4M3|Q1K4M3_NEUCR	tr|Q1K4M3|Q1K4M3_NEUCR	100
tr|Q1K4Q9|Q1K4Q9_NEUCR	tr|Q1K4Q9|Q1K4Q9_NEUCR	100
tr|Q1K5F4|Q1K5F4_NEUCR	tr|Q1K5F4|Q1K5F4_NEUCR	100
tr|Q1K6H5|Q1K6H5_NEUCR	tr|Q1K6H5|Q1K6H5_NEUCR	100
tr|Q1K6R3|Q1K6R3_NEUCR	tr|Q1K6R3|Q1K6R3_NEUCR	100
tr|Q1K7E9|Q1K7E9_NEUCR	tr|Q1K7E9|Q1K7E9_NEUCR	100
tr|Q1K889|Q1K889_NEUCR	tr|Q1K889|Q1K889_NEUCR	100
tr|Q1K893|Q1K893_NEUCR	tr|Q1K893|Q1K893_NEUCR	100
tr|Q1K8F2|Q1K8F2_NEUCR	tr|Q1K8F2|Q1K8F2_NEUCR	100
tr|Q1K8K6|Q1K8K6_NEUCR	tr|Q1K8K6|Q1K8K6_NEUCR	100
tr|Q1K8U0|Q1K8U0_NEUCR	tr|Q1K8U0|Q1K8U0_NEUCR	100
tr|Q1K926|Q1K926_NEUCR	tr|Q1K926|Q1K926_NEUCR	100
tr|Q1K930|Q1K930_NEUCR	tr|Q1K930|Q1K930_NEUCR	100
tr|Q1K949|Q1K949_NEUCR	tr|Q1K949|Q1K949_NEUCR	100
sp|Q35128|CYB_NEUCR	sp|Q35128|CYB_NEUCR	100
tr|Q7RV19|Q7RV19_NEUCR	tr|Q7RV19|Q7RV19_NEUCR	100
sp|Q7RVM2|ARF_NEUCR	sp|Q7RVM2|ARF_NEUCR	100
tr|Q7RWM8|Q7RWM8_NEUCR	tr|Q7RWM8|Q7RWM8_NEUCR	100
tr|Q7RWN2|Q7RWN2_NEUCR	tr|Q7RWN2|Q7RWN2_NEUCR	100
tr|Q7RXN9|Q7RXN9_NEUCR	tr|Q7RXN9|Q7RXN9_NEUCR	100
tr|Q7RXQ9|Q7RXQ9_NEUCR	tr|Q7RXQ9|Q7RXQ9_NEUCR	100
tr|Q7RYB4|Q7RYB4_NEUCR	tr|Q7RYB4|Q7RYB4_NEUCR	100
tr|Q7RZ87|Q7RZ87_NEUCR	tr|Q7RZ87|Q7RZ87_NEUCR	100
tr|Q7RZD2|Q7RZD2_NEUCR	tr|Q7RZD2|Q7RZD2_NEUCR	100
tr|Q7RZD6|Q7RZD6_NEUCR	tr|Q7RZD6|Q7RZD6_NEUCR	100
tr|Q7S0N4|Q7S0N4_NEUCR	tr|Q7S0N4|Q7S0N4_NEUCR	100
tr|Q7S0T2|Q7S0T2_NEUCR	tr|Q7S0T2|Q7S0T2_NEUCR	100
tr|Q7S131|Q7S131_NEUCR	tr|Q7S131|Q7S131_NEUCR	100
tr|Q7S142|Q7S142_NEUCR	tr|Q7S142|Q7S142_NEUCR	100
tr|Q7S1I6|Q7S1I6_NEUCR	tr|Q7S1I6|Q7S1I6_NEUCR	100
tr|Q7S2D9|Q7S2D9_NEUCR	tr|Q7S2D9|Q7S2D9_NEUCR	100
tr|Q7S2Z8|Q7S2Z8_NEUCR	tr|Q7S2Z8|Q7S2Z8_NEUCR	100
tr|Q7S356|Q7S356_NEUCR	tr|Q7S356|Q7S356_NEUCR	100
tr|Q7S386|Q7S386_NEUCR	tr|Q7S386|Q7S386_NEUCR	100
tr|Q7S3J5|Q7S3J5_NEUCR	tr|Q7S3J5|Q7S3J5_NEUCR	100
tr|Q7S3V3|Q7S3V3_NEUCR	tr|Q7S3V3|Q7S3V3_NEUCR	100
tr|Q7S3Y5|Q7S3Y5_NEUCR	tr|Q7S3Y5|Q7S3Y5_NEUCR	100
tr|Q7S3Z0|Q7S3Z0_NEUCR	tr|Q7S3Z0|Q7S3Z0_NEUCR	100
tr|Q7S4F9|Q7S4F9_NEUCR	tr|Q7S4F9|Q7S4F9_NEUCR	100
tr|Q7S4M5|Q7S4M5_NEUCR	tr|Q7S4M5|Q7S4M5_NEUCR	100
tr|Q7S4S2|Q7S4S2_NEUCR	tr|Q7S4S2|Q7S4S2_NEUCR	100
tr|Q7S4S8|Q7S4S8_NEUCR	tr|Q7S4S8|Q7S4S8_NEUCR	100
sp|Q7S4Z6|FDFT_NEUCR	sp|Q7S4Z6|FDFT_NEUCR	100
tr|Q7S592|Q7S592_NEUCR	tr|Q7S592|Q7S592_NEUCR	100
tr|Q7S6H1|Q7S6H1_NEUCR	tr|Q7S6H1|Q7S6H1_NEUCR	100
tr|Q7S6I1|Q7S6I1_NEUCR	tr|Q7S6I1|Q7S6I1_NEUCR	100
tr|Q7S6Q8|Q7S6Q8_NEUCR	tr|Q7S6Q8|Q7S6Q8_NEUCR	100
tr|Q7S773|Q7S773_NEUCR	tr|Q7S773|Q7S773_NEUCR	100
tr|Q7S840|Q7S840_NEUCR	tr|Q7S840|Q7S840_NEUCR	100
tr|Q7S957|Q7S957_NEUCR	tr|Q7S957|Q7S957_NEUCR	100
tr|Q7SA37|Q7SA37_NEUCR	tr|Q7SA37|Q7SA37_NEUCR	100
tr|Q7SA61|Q7SA61_NEUCR	tr|Q7SA61|Q7SA61_NEUCR	100
tr|Q7SA70|Q7SA70_NEUCR	tr|Q7SA70|Q7SA70_NEUCR	100
tr|Q7SAD4|Q7SAD4_NEUCR	tr|Q7SAD4|Q7SAD4_NEUCR	100
tr|Q7SAI2|Q7SAI2_NEUCR	tr|Q7SAI2|Q7SAI2_NEUCR	100
tr|Q7SB22|Q7SB22_NEUCR	tr|Q7SB22|Q7SB22_NEUCR	100
sp|Q7SB51|FEX1_NEUCR	sp|Q7SB51|FEX1_NEUCR	100
tr|Q7SBN3|Q7SBN3_NEUCR	tr|Q7SBN3|Q7SBN3_NEUCR	100
tr|Q7SBP1|Q7SBP1_NEUCR	tr|Q7SBP1|Q7SBP1_NEUCR	100
tr|Q7SBS6|Q7SBS6_NEUCR	tr|Q7SBS6|Q7SBS6_NEUCR	100
tr|Q7SC27|Q7SC27_NEUCR	tr|Q7SC27|Q7SC27_NEUCR	100
tr|Q7SCV6|Q7SCV6_NEUCR	tr|Q7SCV6|Q7SCV6_NEUCR	100
sp|Q7SD63|CSN12_NEUCR	sp|Q7SD63|CSN12_NEUCR	100
tr|Q7SDF7|Q7SDF7_NEUCR	tr|Q7SDF7|Q7SDF7_NEUCR	100
tr|Q7SDK6|Q7SDK6_NEUCR	tr|Q7SDK6|Q7SDK6_NEUCR	100
tr|Q7SDT1|Q7SDT1_NEUCR	tr|Q7SDT1|Q7SDT1_NEUCR	100
tr|Q7SDV6|Q7SDV6_NEUCR	tr|Q7SDV6|Q7SDV6_NEUCR	100
tr|Q7SE56|Q7SE56_NEUCR	tr|Q7SE56|Q7SE56_NEUCR	100
sp|Q7SEL0|PRP28_NEUCR	sp|Q7SEL0|PRP28_NEUCR	100
tr|Q7SF92|Q7SF92_NEUCR	tr|Q7SF92|Q7SF92_NEUCR	100
tr|Q7SFW6|Q7SFW6_NEUCR	tr|Q7SFW6|Q7SFW6_NEUCR	100
tr|Q7SG21|Q7SG21_NEUCR	tr|Q7SG21|Q7SG21_NEUCR	100
tr|Q7SHH2|Q7SHH2_NEUCR	tr|Q7SHH2|Q7SHH2_NEUCR	100
sp|Q7SHT5|PXR1_NEUCR	sp|Q7SHT5|PXR1_NEUCR	100
sp|Q96UB1|TMLH_NEUCR	sp|Q96UB1|TMLH_NEUCR	100
tr|U9WHC5|U9WHC5_NEUCR	tr|U9WHC5|U9WHC5_NEUCR	100
tr|V5IKM7|V5IKM7_NEUCR	tr|V5IKM7|V5IKM7_NEUCR	100
tr|V5IKT9|V5IKT9_NEUCR	tr|V5IKT9|V5IKT9_NEUCR	100
tr|V5ILT1|V5ILT1_NEUCR	tr|V5ILT1|V5ILT1_NEUCR	100
tr|V5IMD8|V5IMD8_NEUCR	tr|V5IMD8|V5IMD8_NEUCR	100
tr|V5IMM4|V5IMM4_NEUCR	tr|V5IMM4|V5IMM4_NEUCR	100
tr|V5INA5|V5INA5_NEUCR	tr|V5INA5|V5INA5_NEUCR	100
tr|V5IND1|V5IND1_NEUCR	tr|V5IND1|V5IND1_NEUCR	100
tr|V5INY5|V5INY5_NEUCR	tr|V5INY5|V5INY5_NEUCR	100
tr|V5IP21|V5IP21_NEUCR	tr|V5IP21|V5IP21_NEUCR	100
tr|V5IQ13|V5IQ13_NEUCR	tr|V5IQ13|V5IQ13_NEUCR	100
tr|V5IQ68|V5IQ68_NEUCR	tr|V5IQ68|V5IQ68_NEUCR	100
tr|V5IQG7|V5IQG7_NEUCR	tr|V5IQG7|V5IQG7_NEUCR	100
tr|V5IQN5|V5IQN5_NEUCR	tr|V5IQN5|V5IQN5_NEUCR	100
tr|V5IQP1|V5IQP1_NEUCR	tr|V5IQP1|V5IQP1_NEUCR	100
tr|V5IQS1|V5IQS1_NEUCR	tr|V5IQS1|V5IQS1_NEUCR	100
tr|V5IR70|V5IR70_NEUCR	tr|V5IR70|V5IR70_NEUCR	100
sp|V5IRD7|COX13_NEUCR	sp|V5IRD7|COX13_NEUCR	100
tr|V5IRG6|V5IRG6_NEUCR	tr|V5IRG6|V5IRG6_NEUCR	100
tr|V5IRG9|V5IRG9_NEUCR	tr|V5IRG9|V5IRG9_NEUCR	100
tr|A7UVY6|A7UVY6_NEUCR	tr|A7UVY6|A7UVY6_NEUCR	100
tr|A7UWW6|A7UWW6_NEUCR	tr|A7UWW6|A7UWW6_NEUCR	100
tr|F5HCS7|F5HCS7_NEUCR	tr|F5HCS7|F5HCS7_NEUCR	100
tr|F5HGN4|F5HGN4_NEUCR	tr|F5HGN4|F5HGN4_NEUCR	100
tr|F5HHZ9|F5HHZ9_NEUCR	tr|F5HHZ9|F5HHZ9_NEUCR	100
sp|P22697|CYS3_NEUCR	sp|P22697|CYS3_NEUCR	100
sp|P42115|THIO_NEUCR	sp|P42115|THIO_NEUCR	100
sp|Q12635|ATP9M_NEUCR	sp|Q12635|ATP9M_NEUCR	100
tr|Q1K4U0|Q1K4U0_NEUCR	tr|Q1K4U0|Q1K4U0_NEUCR	100
tr|Q1K508|Q1K508_NEUCR	tr|Q1K508|Q1K508_NEUCR	100
tr|Q1K5V5|Q1K5V5_NEUCR	tr|Q1K5V5|Q1K5V5_NEUCR	100
tr|Q1K6K7|Q1K6K7_NEUCR	tr|Q1K6K7|Q1K6K7_NEUCR	100
tr|Q1K6Y2|Q1K6Y2_NEUCR	tr|Q1K6Y2|Q1K6Y2_NEUCR	100
tr|Q1K712|Q1K712_NEUCR	tr|Q1K712|Q1K712_NEUCR	100
tr|Q1K7B4|Q1K7B4_NEUCR	tr|Q1K7B4|Q1K7B4_NEUCR	100
tr|Q1K7F9|Q1K7F9_NEUCR	tr|Q1K7F9|Q1K7F9_NEUCR	100
tr|Q1K7J3|Q1K7J3_NEUCR	tr|Q1K7J3|Q1K7J3_NEUCR	100
tr|Q1K7U0|Q1K7U0_NEUCR	tr|Q1K7U0|Q1K7U0_NEUCR	100
tr|Q1K7Z7|Q1K7Z7_NEUCR	tr|Q1K7Z7|Q1K7Z7_NEUCR	100
tr|Q1K884|Q1K884_NEUCR	tr|Q1K884|Q1K884_NEUCR	100
tr|Q1K8P0|Q1K8P0_NEUCR	tr|Q1K8P0|Q1K8P0_NEUCR	100
tr|Q1K953|Q1K953_NEUCR	tr|Q1K953|Q1K953_NEUCR	100
sp|Q6MW50|YB290_NEUCR	sp|Q6MW50|YB290_NEUCR	100
tr|Q7RVW2|Q7RVW2_NEUCR	tr|Q7RVW2|Q7RVW2_NEUCR	100
tr|Q7RVX7|Q7RVX7_NEUCR	tr|Q7RVX7|Q7RVX7_NEUCR	100
tr|Q7RW27|Q7RW27_NEUCR	tr|Q7RW27|Q7RW27_NEUCR	100
tr|Q7RW81|Q7RW81_NEUCR	tr|Q7RW81|Q7RW81_NEUCR	100
tr|Q7RWA7|Q7RWA7_NEUCR	tr|Q7RWA7|Q7RWA7_NEUCR	100
tr|Q7RWB5|Q7RWB5_NEUCR	tr|Q7RWB5|Q7RWB5_NEUCR	100
tr|Q7RWQ0|Q7RWQ0_NEUCR	tr|Q7RWQ0|Q7RWQ0_NEUCR	100
tr|Q7RWR4|Q7RWR4_NEUCR	tr|Q7RWR4|Q7RWR4_NEUCR	100
tr|Q7RWW1|Q7RWW1_NEUCR	tr|Q7RWW1|Q7RWW1_NEUCR	100
tr|Q7RWZ3|Q7RWZ3_NEUCR	tr|Q7RWZ3|Q7RWZ3_NEUCR	100
tr|Q7RXM0|Q7RXM0_NEUCR	tr|Q7RXM0|Q7RXM0_NEUCR	100
tr|Q7RXU0|Q7RXU0_NEUCR	tr|Q7RXU0|Q7RXU0_NEUCR	100
tr|Q7RY29|Q7RY29_NEUCR	tr|Q7RY29|Q7RY29_NEUCR	100
tr|Q7RYE1|Q7RYE1_NEUCR	tr|Q7RYE1|Q7RYE1_NEUCR	100
tr|Q7RYU9|Q7RYU9_NEUCR	tr|Q7RYU9|Q7RYU9_NEUCR	100
tr|Q7RZ42|Q7RZ42_NEUCR	tr|Q7RZ42|Q7RZ42_NEUCR	100
sp|Q7RZI0|HIR1_NEUCR	sp|Q7RZI0|HIR1_NEUCR	100
tr|Q7RZQ6|Q7RZQ6_NEUCR	tr|Q7RZQ6|Q7RZQ6_NEUCR	100
tr|Q7S0G0|Q7S0G0_NEUCR	tr|Q7S0G0|Q7S0G0_NEUCR	100
tr|Q7S0M6|Q7S0M6_NEUCR	tr|Q7S0M6|Q7S0M6_NEUCR	100
tr|Q7S0X9|Q7S0X9_NEUCR	tr|Q7S0X9|Q7S0X9_NEUCR	100
tr|Q7S1L8|Q7S1L8_NEUCR	tr|Q7S1L8|Q7S1L8_NEUCR	100
tr|Q7S1M6|Q7S1M6_NEUCR	tr|Q7S1M6|Q7S1M6_NEUCR	100
tr|Q7S1Q2|Q7S1Q2_NEUCR	tr|Q7S1Q2|Q7S1Q2_NEUCR	100
tr|Q7S214|Q7S214_NEUCR	tr|Q7S214|Q7S214_NEUCR	100
tr|Q7S2G4|Q7S2G4_NEUCR	tr|Q7S2G4|Q7S2G4_NEUCR	100
sp|Q7S2H6|RT26_NEUCR	sp|Q7S2H6|RT26_NEUCR	100
tr|Q7S380|Q7S380_NEUCR	tr|Q7S380|Q7S380_NEUCR	100
tr|Q7S4V4|Q7S4V4_NEUCR	tr|Q7S4V4|Q7S4V4_NEUCR	100
tr|Q7S578|Q7S578_NEUCR	tr|Q7S578|Q7S578_NEUCR	100
tr|Q7S579|Q7S579_NEUCR	tr|Q7S579|Q7S579_NEUCR	100
tr|Q7S5M5|Q7S5M5_NEUCR	tr|Q7S5M5|Q7S5M5_NEUCR	100
tr|Q7S613|Q7S613_NEUCR	tr|Q7S613|Q7S613_NEUCR	100
sp|Q7S6J4|HSE1_NEUCR	sp|Q7S6J4|HSE1_NEUCR	100
tr|Q7S7G6|Q7S7G6_NEUCR	tr|Q7S7G6|Q7S7G6_NEUCR	100
tr|Q7S7M3|Q7S7M3_NEUCR	tr|Q7S7M3|Q7S7M3_NEUCR	100
tr|Q7S823|Q7S823_NEUCR	tr|Q7S823|Q7S823_NEUCR	100
tr|Q7S8W6|Q7S8W6_NEUCR	tr|Q7S8W6|Q7S8W6_NEUCR	100
tr|Q7S9K4|Q7S9K4_NEUCR	tr|Q7S9K4|Q7S9K4_NEUCR	100
tr|Q7SA65|Q7SA65_NEUCR	tr|Q7SA65|Q7SA65_NEUCR	100
tr|Q7SAH2|Q7SAH2_NEUCR	tr|Q7SAH2|Q7SAH2_NEUCR	100
tr|Q7SBE2|Q7SBE2_NEUCR	tr|Q7SBE2|Q7SBE2_NEUCR	100
tr|Q7SBH5|Q7SBH5_NEUCR	tr|Q7SBH5|Q7SBH5_NEUCR	100
sp|Q7SBJ9|SET9_NEUCR	sp|Q7SBJ9|SET9_NEUCR	100
tr|Q7SBS9|Q7SBS9_NEUCR	tr|Q7SBS9|Q7SBS9_NEUCR	100
tr|Q7SCM0|Q7SCM0_NEUCR	tr|Q7SCM0|Q7SCM0_NEUCR	100
tr|Q7SCX4|Q7SCX4_NEUCR	tr|Q7SCX4|Q7SCX4_NEUCR	100
tr|Q7SD22|Q7SD22_NEUCR	tr|Q7SD22|Q7SD22_NEUCR	100
tr|Q7SD24|Q7SD24_NEUCR	tr|Q7SD24|Q7SD24_NEUCR	100
tr|Q7SD47|Q7SD47_NEUCR	tr|Q7SD47|Q7SD47_NEUCR	100
tr|Q7SFM2|Q7SFM2_NEUCR	tr|Q7SFM2|Q7SFM2_NEUCR	100
tr|Q7SFV9|Q7SFV9_NEUCR	tr|Q7SFV9|Q7SFV9_NEUCR	100
tr|Q7SG23|Q7SG23_NEUCR	tr|Q7SG23|Q7SG23_NEUCR	100
tr|Q7SGL7|Q7SGL7_NEUCR	tr|Q7SGL7|Q7SGL7_NEUCR	100
sp|Q7SGT7|QCR9_NEUCR	sp|Q7SGT7|QCR9_NEUCR	100
tr|Q7SGX5|Q7SGX5_NEUCR	tr|Q7SGX5|Q7SGX5_NEUCR	100
tr|Q7SH23|Q7SH23_NEUCR	tr|Q7SH23|Q7SH23_NEUCR	100
tr|Q7SHE5|Q7SHE5_NEUCR	tr|Q7SHE5|Q7SHE5_NEUCR	100
sp|Q7SHI0|SRDG_NEUCR	sp|Q7SHI0|SRDG_NEUCR	100
tr|Q7SHJ5|Q7SHJ5_NEUCR	tr|Q7SHJ5|Q7SHJ5_NEUCR	100
tr|Q7SHQ2|Q7SHQ2_NEUCR	tr|Q7SHQ2|Q7SHQ2_NEUCR	100
tr|Q7SHR3|Q7SHR3_NEUCR	tr|Q7SHR3|Q7SHR3_NEUCR	100
sp|Q873H9|SPB4_NEUCR	sp|Q873H9|SPB4_NEUCR	100
sp|Q8TG11|CSK2C_NEUCR	sp|Q8TG11|CSK2C_NEUCR	100
sp|Q9C1E8|TIM22_NEUCR	sp|Q9C1E8|TIM22_NEUCR	100
tr|U9W2T6|U9W2T6_NEUCR	tr|U9W2T6|U9W2T6_NEUCR	100
tr|U9W2U6|U9W2U6_NEUCR	tr|U9W2U6|U9W2U6_NEUCR	100
tr|V5IKQ0|V5IKQ0_NEUCR	tr|V5IKQ0|V5IKQ0_NEUCR	100
tr|V5ILE1|V5ILE1_NEUCR	tr|V5ILE1|V5ILE1_NEUCR	100
tr|V5IM11|V5IM11_NEUCR	tr|V5IM11|V5IM11_NEUCR	100
tr|V5IM61|V5IM61_NEUCR	tr|V5IM61|V5IM61_NEUCR	100
tr|V5IMW3|V5IMW3_NEUCR	tr|V5IMW3|V5IMW3_NEUCR	100
tr|V5IN78|V5IN78_NEUCR	tr|V5IN78|V5IN78_NEUCR	100
tr|V5IP50|V5IP50_NEUCR	tr|V5IP50|V5IP50_NEUCR	100
tr|V5IPP3|V5IPP3_NEUCR	tr|V5IPP3|V5IPP3_NEUCR	100
tr|V5IQ16|V5IQ16_NEUCR	tr|V5IQ16|V5IQ16_NEUCR	100
tr|V5IQE1|V5IQE1_NEUCR	tr|V5IQE1|V5IQE1_NEUCR	100
tr|A7UW80|A7UW80_NEUCR	tr|A7UW80|A7UW80_NEUCR	100
tr|A7UWB2|A7UWB2_NEUCR	tr|A7UWB2|A7UWB2_NEUCR	100
tr|A7UWZ8|A7UWZ8_NEUCR	tr|A7UWZ8|A7UWZ8_NEUCR	100
tr|A7UXC1|A7UXC1_NEUCR	tr|A7UXC1|A7UXC1_NEUCR	100
sp|O59958|CRE1_NEUCR	sp|O59958|CRE1_NEUCR	100
sp|P11637|QUTR_NEUCR	sp|P11637|QUTR_NEUCR	100
sp|P18407|ALLC_NEUCR	sp|P18407|ALLC_NEUCR	100
sp|Q10116|MATD_NEUCR	sp|Q10116|MATD_NEUCR	100
tr|Q1K4U1|Q1K4U1_NEUCR	tr|Q1K4U1|Q1K4U1_NEUCR	100
tr|Q1K4Z1|Q1K4Z1_NEUCR	tr|Q1K4Z1|Q1K4Z1_NEUCR	100
tr|Q1K541|Q1K541_NEUCR	tr|Q1K541|Q1K541_NEUCR	100
tr|Q1K5A3|Q1K5A3_NEUCR	tr|Q1K5A3|Q1K5A3_NEUCR	100
tr|Q1K5E0|Q1K5E0_NEUCR	tr|Q1K5E0|Q1K5E0_NEUCR	100
tr|Q1K5V2|Q1K5V2_NEUCR	tr|Q1K5V2|Q1K5V2_NEUCR	100
tr|Q1K5Y2|Q1K5Y2_NEUCR	tr|Q1K5Y2|Q1K5Y2_NEUCR	100
tr|Q1K6D1|Q1K6D1_NEUCR	tr|Q1K6D1|Q1K6D1_NEUCR	100
tr|Q1K6D3|Q1K6D3_NEUCR	tr|Q1K6D3|Q1K6D3_NEUCR	100
tr|Q1K6N0|Q1K6N0_NEUCR	tr|Q1K6N0|Q1K6N0_NEUCR	100
tr|Q1K718|Q1K718_NEUCR	tr|Q1K718|Q1K718_NEUCR	100
tr|Q1K720|Q1K720_NEUCR	tr|Q1K720|Q1K720_NEUCR	100
tr|Q1K825|Q1K825_NEUCR	tr|Q1K825|Q1K825_NEUCR	100
tr|Q1K8N4|Q1K8N4_NEUCR	tr|Q1K8N4|Q1K8N4_NEUCR	100
tr|Q1K8T5|Q1K8T5_NEUCR	tr|Q1K8T5|Q1K8T5_NEUCR	100
tr|Q1K8X7|Q1K8X7_NEUCR	tr|Q1K8X7|Q1K8X7_NEUCR	100
tr|Q1K912|Q1K912_NEUCR	tr|Q1K912|Q1K912_NEUCR	100
tr|Q1K918|Q1K918_NEUCR	tr|Q1K918|Q1K918_NEUCR	100
tr|Q7RU21|Q7RU21_NEUCR	tr|Q7RU21|Q7RU21_NEUCR	100
sp|Q7RV85|ENO_NEUCR	sp|Q7RV85|ENO_NEUCR	100
tr|Q7RVS8|Q7RVS8_NEUCR	tr|Q7RVS8|Q7RVS8_NEUCR	100
tr|Q7RWM6|Q7RWM6_NEUCR	tr|Q7RWM6|Q7RWM6_NEUCR	100
tr|Q7RWP5|Q7RWP5_NEUCR	tr|Q7RWP5|Q7RWP5_NEUCR	100
tr|Q7RWQ1|Q7RWQ1_NEUCR	tr|Q7RWQ1|Q7RWQ1_NEUCR	100
tr|Q7RWT3|Q7RWT3_NEUCR	tr|Q7RWT3|Q7RWT3_NEUCR	100
sp|Q7RWV9|XPOT_NEUCR	sp|Q7RWV9|XPOT_NEUCR	100
tr|Q7RX98|Q7RX98_NEUCR	tr|Q7RX98|Q7RX98_NEUCR	100
tr|Q7RXG5|Q7RXG5_NEUCR	tr|Q7RXG5|Q7RXG5_NEUCR	100
tr|Q7RXI8|Q7RXI8_NEUCR	tr|Q7RXI8|Q7RXI8_NEUCR	100
tr|Q7RXP0|Q7RXP0_NEUCR	tr|Q7RXP0|Q7RXP0_NEUCR	100
tr|Q7RY24|Q7RY24_NEUCR	tr|Q7RY24|Q7RY24_NEUCR	100
tr|Q7RYF9|Q7RYF9_NEUCR	tr|Q7RYF9|Q7RYF9_NEUCR	100
tr|Q7RYL2|Q7RYL2_NEUCR	tr|Q7RYL2|Q7RYL2_NEUCR	100
tr|Q7RYR0|Q7RYR0_NEUCR	tr|Q7RYR0|Q7RYR0_NEUCR	100
sp|Q7RYR4|RSE1_NEUCR	sp|Q7RYR4|RSE1_NEUCR	100
tr|Q7RYW0|Q7RYW0_NEUCR	tr|Q7RYW0|Q7RYW0_NEUCR	100
tr|Q7RYY8|Q7RYY8_NEUCR	tr|Q7RYY8|Q7RYY8_NEUCR	100
tr|Q7RZ37|Q7RZ37_NEUCR	tr|Q7RZ37|Q7RZ37_NEUCR	100
tr|Q7RZI8|Q7RZI8_NEUCR	tr|Q7RZI8|Q7RZI8_NEUCR	100
tr|Q7S029|Q7S029_NEUCR	tr|Q7S029|Q7S029_NEUCR	100
tr|Q7S0C3|Q7S0C3_NEUCR	tr|Q7S0C3|Q7S0C3_NEUCR	100
tr|Q7S0G7|Q7S0G7_NEUCR	tr|Q7S0G7|Q7S0G7_NEUCR	100
tr|Q7S111|Q7S111_NEUCR	tr|Q7S111|Q7S111_NEUCR	100
tr|Q7S1Q3|Q7S1Q3_NEUCR	tr|Q7S1Q3|Q7S1Q3_NEUCR	100
tr|Q7S212|Q7S212_NEUCR	tr|Q7S212|Q7S212_NEUCR	100
tr|Q7S298|Q7S298_NEUCR	tr|Q7S298|Q7S298_NEUCR	100
tr|Q7S2V2|Q7S2V2_NEUCR	tr|Q7S2V2|Q7S2V2_NEUCR	100
tr|Q7S365|Q7S365_NEUCR	tr|Q7S365|Q7S365_NEUCR	100
tr|Q7S3V0|Q7S3V0_NEUCR	tr|Q7S3V0|Q7S3V0_NEUCR	100
tr|Q7S4D1|Q7S4D1_NEUCR	tr|Q7S4D1|Q7S4D1_NEUCR	100
tr|Q7S6Q9|Q7S6Q9_NEUCR	tr|Q7S6Q9|Q7S6Q9_NEUCR	100
tr|Q7S728|Q7S728_NEUCR	tr|Q7S728|Q7S728_NEUCR	100
tr|Q7S7P5|Q7S7P5_NEUCR	tr|Q7S7P5|Q7S7P5_NEUCR	100
tr|Q7S8I9|Q7S8I9_NEUCR	tr|Q7S8I9|Q7S8I9_NEUCR	100
tr|Q7S8P8|Q7S8P8_NEUCR	tr|Q7S8P8|Q7S8P8_NEUCR	100
tr|Q7S902|Q7S902_NEUCR	tr|Q7S902|Q7S902_NEUCR	100
tr|Q7SAD2|Q7SAD2_NEUCR	tr|Q7SAD2|Q7SAD2_NEUCR	100
tr|Q7SB07|Q7SB07_NEUCR	tr|Q7SB07|Q7SB07_NEUCR	100
tr|Q7SB40|Q7SB40_NEUCR	tr|Q7SB40|Q7SB40_NEUCR	100
tr|Q7SB72|Q7SB72_NEUCR	tr|Q7SB72|Q7SB72_NEUCR	100
tr|Q7SB82|Q7SB82_NEUCR	tr|Q7SB82|Q7SB82_NEUCR	100
tr|Q7SB91|Q7SB91_NEUCR	tr|Q7SB91|Q7SB91_NEUCR	100
tr|Q7SBH3|Q7SBH3_NEUCR	tr|Q7SBH3|Q7SBH3_NEUCR	100
tr|Q7SBZ7|Q7SBZ7_NEUCR	tr|Q7SBZ7|Q7SBZ7_NEUCR	100
sp|Q7SD11|MSH3_NEUCR	sp|Q7SD11|MSH3_NEUCR	100
tr|Q7SD13|Q7SD13_NEUCR	tr|Q7SD13|Q7SD13_NEUCR	100
tr|Q7SDF5|Q7SDF5_NEUCR	tr|Q7SDF5|Q7SDF5_NEUCR	100
tr|Q7SDJ9|Q7SDJ9_NEUCR	tr|Q7SDJ9|Q7SDJ9_NEUCR	100
tr|Q7SDM2|Q7SDM2_NEUCR	tr|Q7SDM2|Q7SDM2_NEUCR	100
tr|Q7SDS0|Q7SDS0_NEUCR	tr|Q7SDS0|Q7SDS0_NEUCR	100
tr|Q7SE45|Q7SE45_NEUCR	tr|Q7SE45|Q7SE45_NEUCR	100
tr|Q7SEB0|Q7SEB0_NEUCR	tr|Q7SEB0|Q7SEB0_NEUCR	100
tr|Q7SFA0|Q7SFA0_NEUCR	tr|Q7SFA0|Q7SFA0_NEUCR	100
tr|Q7SFC1|Q7SFC1_NEUCR	tr|Q7SFC1|Q7SFC1_NEUCR	100
tr|Q7SGT8|Q7SGT8_NEUCR	tr|Q7SGT8|Q7SGT8_NEUCR	100
tr|Q7SH59|Q7SH59_NEUCR	tr|Q7SH59|Q7SH59_NEUCR	100
tr|Q7SHF4|Q7SHF4_NEUCR	tr|Q7SHF4|Q7SHF4_NEUCR	100
tr|Q7SHJ9|Q7SHJ9_NEUCR	tr|Q7SHJ9|Q7SHJ9_NEUCR	100
tr|Q7SHL6|Q7SHL6_NEUCR	tr|Q7SHL6|Q7SHL6_NEUCR	100
sp|Q7SHR9|RTPT_NEUCR	sp|Q7SHR9|RTPT_NEUCR	100
tr|Q7SHV6|Q7SHV6_NEUCR	tr|Q7SHV6|Q7SHV6_NEUCR	100
tr|Q7SI57|Q7SI57_NEUCR	tr|Q7SI57|Q7SI57_NEUCR	100
sp|Q96UB6|SSH4_NEUCR	sp|Q96UB6|SSH4_NEUCR	100
tr|U9W2W2|U9W2W2_NEUCR	tr|U9W2W2|U9W2W2_NEUCR	100
tr|U9W8L7|U9W8L7_NEUCR	tr|U9W8L7|U9W8L7_NEUCR	100
tr|U9WGW9|U9WGW9_NEUCR	tr|U9WGW9|U9WGW9_NEUCR	100
tr|V5IKI7|V5IKI7_NEUCR	tr|V5IKI7|V5IKI7_NEUCR	100
tr|V5IKY4|V5IKY4_NEUCR	tr|V5IKY4|V5IKY4_NEUCR	100
tr|V5ILS1|V5ILS1_NEUCR	tr|V5ILS1|V5ILS1_NEUCR	100
tr|V5ILS7|V5ILS7_NEUCR	tr|V5ILS7|V5ILS7_NEUCR	100
tr|V5INP6|V5INP6_NEUCR	tr|V5INP6|V5INP6_NEUCR	100
tr|V5IRQ8|V5IRQ8_NEUCR	tr|V5IRQ8|V5IRQ8_NEUCR	100
tr|A7UVX5|A7UVX5_NEUCR	tr|A7UVX5|A7UVX5_NEUCR	100
tr|A7UWA2|A7UWA2_NEUCR	tr|A7UWA2|A7UWA2_NEUCR	100
tr|A7UWW0|A7UWW0_NEUCR	tr|A7UWW0|A7UWW0_NEUCR	100
tr|A7UXF8|A7UXF8_NEUCR	tr|A7UXF8|A7UXF8_NEUCR	100
tr|F5H9U3|F5H9U3_NEUCR	tr|F5H9U3|F5H9U3_NEUCR	100
tr|F5HBB3|F5HBB3_NEUCR	tr|F5HBB3|F5HBB3_NEUCR	100
tr|F5HE85|F5HE85_NEUCR	tr|F5HE85|F5HE85_NEUCR	100
tr|F5HII2|F5HII2_NEUCR	tr|F5HII2|F5HII2_NEUCR	100
sp|P42114|NDUA6_NEUCR	sp|P42114|NDUA6_NEUCR	100
tr|Q1K523|Q1K523_NEUCR	tr|Q1K523|Q1K523_NEUCR	100
tr|Q1K532|Q1K532_NEUCR	tr|Q1K532|Q1K532_NEUCR	100
tr|Q1K5L9|Q1K5L9_NEUCR	tr|Q1K5L9|Q1K5L9_NEUCR	100
tr|Q1K5Q2|Q1K5Q2_NEUCR	tr|Q1K5Q2|Q1K5Q2_NEUCR	100
tr|Q1K5R2|Q1K5R2_NEUCR	tr|Q1K5R2|Q1K5R2_NEUCR	100
tr|Q1K5T9|Q1K5T9_NEUCR	tr|Q1K5T9|Q1K5T9_NEUCR	100
tr|Q1K5U5|Q1K5U5_NEUCR	tr|Q1K5U5|Q1K5U5_NEUCR	100
tr|Q1K6F6|Q1K6F6_NEUCR	tr|Q1K6F6|Q1K6F6_NEUCR	100
tr|Q1K783|Q1K783_NEUCR	tr|Q1K783|Q1K783_NEUCR	100
tr|Q1K7D8|Q1K7D8_NEUCR	tr|Q1K7D8|Q1K7D8_NEUCR	100
tr|Q1K7Q8|Q1K7Q8_NEUCR	tr|Q1K7Q8|Q1K7Q8_NEUCR	100
tr|Q1K7S6|Q1K7S6_NEUCR	tr|Q1K7S6|Q1K7S6_NEUCR	100
tr|Q1K8J3|Q1K8J3_NEUCR	tr|Q1K8J3|Q1K8J3_NEUCR	100
tr|Q1K8P1|Q1K8P1_NEUCR	tr|Q1K8P1|Q1K8P1_NEUCR	100
tr|Q1K8P2|Q1K8P2_NEUCR	tr|Q1K8P2|Q1K8P2_NEUCR	100
tr|Q7RUY2|Q7RUY2_NEUCR	tr|Q7RUY2|Q7RUY2_NEUCR	100
sp|Q7RVT0|CHT_NEUCR	sp|Q7RVT0|CHT_NEUCR	100
tr|Q7RW58|Q7RW58_NEUCR	tr|Q7RW58|Q7RW58_NEUCR	100
tr|Q7RWD1|Q7RWD1_NEUCR	tr|Q7RWD1|Q7RWD1_NEUCR	100
tr|Q7RWF1|Q7RWF1_NEUCR	tr|Q7RWF1|Q7RWF1_NEUCR	100
tr|Q7RWP8|Q7RWP8_NEUCR	tr|Q7RWP8|Q7RWP8_NEUCR	100
tr|Q7RX44|Q7RX44_NEUCR	tr|Q7RX44|Q7RX44_NEUCR	100
tr|Q7RXP6|Q7RXP6_NEUCR	tr|Q7RXP6|Q7RXP6_NEUCR	100
tr|Q7RXS2|Q7RXS2_NEUCR	tr|Q7RXS2|Q7RXS2_NEUCR	100
tr|Q7RXS9|Q7RXS9_NEUCR	tr|Q7RXS9|Q7RXS9_NEUCR	100
sp|Q7RXX8|CSN5_NEUCR	sp|Q7RXX8|CSN5_NEUCR	100
tr|Q7RY09|Q7RY09_NEUCR	tr|Q7RY09|Q7RY09_NEUCR	100
tr|Q7RYC4|Q7RYC4_NEUCR	tr|Q7RYC4|Q7RYC4_NEUCR	100
sp|Q7RYU8|HAT1_NEUCR	sp|Q7RYU8|HAT1_NEUCR	100
tr|Q7RZH5|Q7RZH5_NEUCR	tr|Q7RZH5|Q7RZH5_NEUCR	100
tr|Q7RZW1|Q7RZW1_NEUCR	tr|Q7RZW1|Q7RZW1_NEUCR	100
sp|Q7S0A1|GET1_NEUCR	sp|Q7S0A1|GET1_NEUCR	100
tr|Q7S0F5|Q7S0F5_NEUCR	tr|Q7S0F5|Q7S0F5_NEUCR	100
tr|Q7S138|Q7S138_NEUCR	tr|Q7S138|Q7S138_NEUCR	100
tr|Q7S1J6|Q7S1J6_NEUCR	tr|Q7S1J6|Q7S1J6_NEUCR	100
tr|Q7S1Y5|Q7S1Y5_NEUCR	tr|Q7S1Y5|Q7S1Y5_NEUCR	100
tr|Q7S297|Q7S297_NEUCR	tr|Q7S297|Q7S297_NEUCR	100
sp|Q7S2C2|SWS2_NEUCR	sp|Q7S2C2|SWS2_NEUCR	100
tr|Q7S303|Q7S303_NEUCR	tr|Q7S303|Q7S303_NEUCR	100
tr|Q7S3A3|Q7S3A3_NEUCR	tr|Q7S3A3|Q7S3A3_NEUCR	100
tr|Q7S3R8|Q7S3R8_NEUCR	tr|Q7S3R8|Q7S3R8_NEUCR	100
tr|Q7S3S6|Q7S3S6_NEUCR	tr|Q7S3S6|Q7S3S6_NEUCR	100
tr|Q7S5H6|Q7S5H6_NEUCR	tr|Q7S5H6|Q7S5H6_NEUCR	100
tr|Q7S626|Q7S626_NEUCR	tr|Q7S626|Q7S626_NEUCR	100
tr|Q7S6Z3|Q7S6Z3_NEUCR	tr|Q7S6Z3|Q7S6Z3_NEUCR	100
tr|Q7S797|Q7S797_NEUCR	tr|Q7S797|Q7S797_NEUCR	100
tr|Q7S7R3|Q7S7R3_NEUCR	tr|Q7S7R3|Q7S7R3_NEUCR	100
tr|Q7S806|Q7S806_NEUCR	tr|Q7S806|Q7S806_NEUCR	100
tr|Q7S8I2|Q7S8I2_NEUCR	tr|Q7S8I2|Q7S8I2_NEUCR	100
tr|Q7S8J0|Q7S8J0_NEUCR	tr|Q7S8J0|Q7S8J0_NEUCR	100
tr|Q7S912|Q7S912_NEUCR	tr|Q7S912|Q7S912_NEUCR	100
tr|Q7S944|Q7S944_NEUCR	tr|Q7S944|Q7S944_NEUCR	100
tr|Q7S9D0|Q7S9D0_NEUCR	tr|Q7S9D0|Q7S9D0_NEUCR	100
sp|Q7S9V9|END3_NEUCR	sp|Q7S9V9|END3_NEUCR	100
tr|Q7SA91|Q7SA91_NEUCR	tr|Q7SA91|Q7SA91_NEUCR	100
tr|Q7SBC8|Q7SBC8_NEUCR	tr|Q7SBC8|Q7SBC8_NEUCR	100
sp|Q7SBD5|RL7_NEUCR	sp|Q7SBD5|RL7_NEUCR	100
tr|Q7SBZ1|Q7SBZ1_NEUCR	tr|Q7SBZ1|Q7SBZ1_NEUCR	100
tr|Q7SC32|Q7SC32_NEUCR	tr|Q7SC32|Q7SC32_NEUCR	100
tr|Q7SCE5|Q7SCE5_NEUCR	tr|Q7SCE5|Q7SCE5_NEUCR	100
tr|Q7SCI8|Q7SCI8_NEUCR	tr|Q7SCI8|Q7SCI8_NEUCR	100
sp|Q7SCY7|SYM1_NEUCR	sp|Q7SCY7|SYM1_NEUCR	100
tr|Q7SD44|Q7SD44_NEUCR	tr|Q7SD44|Q7SD44_NEUCR	100
tr|Q7SDM5|Q7SDM5_NEUCR	tr|Q7SDM5|Q7SDM5_NEUCR	100
tr|Q7SE05|Q7SE05_NEUCR	tr|Q7SE05|Q7SE05_NEUCR	100
tr|Q7SE50|Q7SE50_NEUCR	tr|Q7SE50|Q7SE50_NEUCR	100
tr|Q7SES7|Q7SES7_NEUCR	tr|Q7SES7|Q7SES7_NEUCR	100
tr|Q7SF23|Q7SF23_NEUCR	tr|Q7SF23|Q7SF23_NEUCR	100
tr|Q7SFJ1|Q7SFJ1_NEUCR	tr|Q7SFJ1|Q7SFJ1_NEUCR	100
tr|Q7SGA3|Q7SGA3_NEUCR	tr|Q7SGA3|Q7SGA3_NEUCR	100
tr|Q7SHD1|Q7SHD1_NEUCR	tr|Q7SHD1|Q7SHD1_NEUCR	100
tr|Q7SHS5|Q7SHS5_NEUCR	tr|Q7SHS5|Q7SHS5_NEUCR	100
tr|Q7SHZ6|Q7SHZ6_NEUCR	tr|Q7SHZ6|Q7SHZ6_NEUCR	100
sp|Q8X082|RFC5_NEUCR	sp|Q8X082|RFC5_NEUCR	100
sp|Q96TJ5|RLA0_NEUCR	sp|Q96TJ5|RLA0_NEUCR	100
sp|Q9C239|FES1_NEUCR	sp|Q9C239|FES1_NEUCR	100
tr|U9W3G5|U9W3G5_NEUCR	tr|U9W3G5|U9W3G5_NEUCR	100
tr|U9W3Q8|U9W3Q8_NEUCR	tr|U9W3Q8|U9W3Q8_NEUCR	100
tr|V5IKN6|V5IKN6_NEUCR	tr|V5IKN6|V5IKN6_NEUCR	100
tr|V5IKZ4|V5IKZ4_NEUCR	tr|V5IKZ4|V5IKZ4_NEUCR	100
tr|V5IL44|V5IL44_NEUCR	tr|V5IL44|V5IL44_NEUCR	100
tr|V5ILF6|V5ILF6_NEUCR	tr|V5ILF6|V5ILF6_NEUCR	100
tr|V5ILI1|V5ILI1_NEUCR	tr|V5ILI1|V5ILI1_NEUCR	100
tr|V5ILU7|V5ILU7_NEUCR	tr|V5ILU7|V5ILU7_NEUCR	100
tr|V5IM81|V5IM81_NEUCR	tr|V5IM81|V5IM81_NEUCR	100
tr|V5IMG4|V5IMG4_NEUCR	tr|V5IMG4|V5IMG4_NEUCR	100
tr|V5IP82|V5IP82_NEUCR	tr|V5IP82|V5IP82_NEUCR	100
tr|V5IPR5|V5IPR5_NEUCR	tr|V5IPR5|V5IPR5_NEUCR	100
tr|V5IQQ5|V5IQQ5_NEUCR	tr|V5IQQ5|V5IQQ5_NEUCR	100
tr|V5IRP8|V5IRP8_NEUCR	tr|V5IRP8|V5IRP8_NEUCR	100
tr|V5IRR6|V5IRR6_NEUCR	tr|V5IRR6|V5IRR6_NEUCR	100
tr|A3RNI1|A3RNI1_NEUCR	tr|A3RNI1|A3RNI1_NEUCR	100
tr|A7UWQ8|A7UWQ8_NEUCR	tr|A7UWQ8|A7UWQ8_NEUCR	100
tr|F5HHR7|F5HHR7_NEUCR	tr|F5HHR7|F5HHR7_NEUCR	100
sp|P07685|HIS2_NEUCR	sp|P07685|HIS2_NEUCR	100
sp|P29070|CHS1_NEUCR	sp|P29070|CHS1_NEUCR	100
sp|P33723|YPT1_NEUCR	sp|P33723|YPT1_NEUCR	100
sp|P34898|GLYC_NEUCR	sp|P34898|GLYC_NEUCR	100
sp|Q01408|UVE1_NEUCR	sp|Q01408|UVE1_NEUCR	100
sp|Q1K4Q1|LP9F_NEUCR	sp|Q1K4Q1|LP9F_NEUCR	100
tr|Q1K4Z6|Q1K4Z6_NEUCR	tr|Q1K4Z6|Q1K4Z6_NEUCR	100
tr|Q1K526|Q1K526_NEUCR	tr|Q1K526|Q1K526_NEUCR	100
tr|Q1K568|Q1K568_NEUCR	tr|Q1K568|Q1K568_NEUCR	100
tr|Q1K652|Q1K652_NEUCR	tr|Q1K652|Q1K652_NEUCR	100
tr|Q1K653|Q1K653_NEUCR	tr|Q1K653|Q1K653_NEUCR	100
tr|Q1K6P3|Q1K6P3_NEUCR	tr|Q1K6P3|Q1K6P3_NEUCR	100
tr|Q1K6P5|Q1K6P5_NEUCR	tr|Q1K6P5|Q1K6P5_NEUCR	100
tr|Q1K706|Q1K706_NEUCR	tr|Q1K706|Q1K706_NEUCR	100
tr|Q1K850|Q1K850_NEUCR	tr|Q1K850|Q1K850_NEUCR	100
tr|Q1K858|Q1K858_NEUCR	tr|Q1K858|Q1K858_NEUCR	100
tr|Q1K8Y4|Q1K8Y4_NEUCR	tr|Q1K8Y4|Q1K8Y4_NEUCR	100
tr|Q1K950|Q1K950_NEUCR	tr|Q1K950|Q1K950_NEUCR	100
tr|Q7RV23|Q7RV23_NEUCR	tr|Q7RV23|Q7RV23_NEUCR	100
tr|Q7RVJ3|Q7RVJ3_NEUCR	tr|Q7RVJ3|Q7RVJ3_NEUCR	100
tr|Q7RW73|Q7RW73_NEUCR	tr|Q7RW73|Q7RW73_NEUCR	100
tr|Q7RWE1|Q7RWE1_NEUCR	tr|Q7RWE1|Q7RWE1_NEUCR	100
tr|Q7RWE5|Q7RWE5_NEUCR	tr|Q7RWE5|Q7RWE5_NEUCR	100
tr|Q7RX55|Q7RX55_NEUCR	tr|Q7RX55|Q7RX55_NEUCR	100
tr|Q7RXM3|Q7RXM3_NEUCR	tr|Q7RXM3|Q7RXM3_NEUCR	100
tr|Q7RXV2|Q7RXV2_NEUCR	tr|Q7RXV2|Q7RXV2_NEUCR	100
tr|Q7RY95|Q7RY95_NEUCR	tr|Q7RY95|Q7RY95_NEUCR	100
tr|Q7RYC6|Q7RYC6_NEUCR	tr|Q7RYC6|Q7RYC6_NEUCR	100
tr|Q7RYE3|Q7RYE3_NEUCR	tr|Q7RYE3|Q7RYE3_NEUCR	100
tr|Q7RZ60|Q7RZ60_NEUCR	tr|Q7RZ60|Q7RZ60_NEUCR	100
tr|Q7RZ90|Q7RZ90_NEUCR	tr|Q7RZ90|Q7RZ90_NEUCR	100
tr|Q7RZB3|Q7RZB3_NEUCR	tr|Q7RZB3|Q7RZB3_NEUCR	100
tr|Q7RZD7|Q7RZD7_NEUCR	tr|Q7RZD7|Q7RZD7_NEUCR	100
tr|Q7RZF7|Q7RZF7_NEUCR	tr|Q7RZF7|Q7RZF7_NEUCR	100
tr|Q7S008|Q7S008_NEUCR	tr|Q7S008|Q7S008_NEUCR	100
tr|Q7S079|Q7S079_NEUCR	tr|Q7S079|Q7S079_NEUCR	100
tr|Q7S0K3|Q7S0K3_NEUCR	tr|Q7S0K3|Q7S0K3_NEUCR	100
tr|Q7S0S5|Q7S0S5_NEUCR	tr|Q7S0S5|Q7S0S5_NEUCR	100
tr|Q7S0U0|Q7S0U0_NEUCR	tr|Q7S0U0|Q7S0U0_NEUCR	100
tr|Q7S0V2|Q7S0V2_NEUCR	tr|Q7S0V2|Q7S0V2_NEUCR	100
tr|Q7S0Y5|Q7S0Y5_NEUCR	tr|Q7S0Y5|Q7S0Y5_NEUCR	100
tr|Q7S1D1|Q7S1D1_NEUCR	tr|Q7S1D1|Q7S1D1_NEUCR	100
tr|Q7S279|Q7S279_NEUCR	tr|Q7S279|Q7S279_NEUCR	100
tr|Q7S2N1|Q7S2N1_NEUCR	tr|Q7S2N1|Q7S2N1_NEUCR	100
tr|Q7S322|Q7S322_NEUCR	tr|Q7S322|Q7S322_NEUCR	100
tr|Q7S3S9|Q7S3S9_NEUCR	tr|Q7S3S9|Q7S3S9_NEUCR	100
tr|Q7S440|Q7S440_NEUCR	tr|Q7S440|Q7S440_NEUCR	100
tr|Q7S470|Q7S470_NEUCR	tr|Q7S470|Q7S470_NEUCR	100
tr|Q7S4A5|Q7S4A5_NEUCR	tr|Q7S4A5|Q7S4A5_NEUCR	100
tr|Q7S4W2|Q7S4W2_NEUCR	tr|Q7S4W2|Q7S4W2_NEUCR	100
tr|Q7S5I5|Q7S5I5_NEUCR	tr|Q7S5I5|Q7S5I5_NEUCR	100
tr|Q7S685|Q7S685_NEUCR	tr|Q7S685|Q7S685_NEUCR	100
tr|Q7S6I7|Q7S6I7_NEUCR	tr|Q7S6I7|Q7S6I7_NEUCR	100
tr|Q7S864|Q7S864_NEUCR	tr|Q7S864|Q7S864_NEUCR	100
tr|Q7S8B3|Q7S8B3_NEUCR	tr|Q7S8B3|Q7S8B3_NEUCR	100
tr|Q7S8C3|Q7S8C3_NEUCR	tr|Q7S8C3|Q7S8C3_NEUCR	100
tr|Q7S9S1|Q7S9S1_NEUCR	tr|Q7S9S1|Q7S9S1_NEUCR	100
tr|Q7S9X5|Q7S9X5_NEUCR	tr|Q7S9X5|Q7S9X5_NEUCR	100
tr|Q7SAF2|Q7SAF2_NEUCR	tr|Q7SAF2|Q7SAF2_NEUCR	100
tr|Q7SAG2|Q7SAG2_NEUCR	tr|Q7SAG2|Q7SAG2_NEUCR	100
tr|Q7SAG6|Q7SAG6_NEUCR	tr|Q7SAG6|Q7SAG6_NEUCR	100
tr|Q7SAQ7|Q7SAQ7_NEUCR	tr|Q7SAQ7|Q7SAQ7_NEUCR	100
tr|Q7SBG3|Q7SBG3_NEUCR	tr|Q7SBG3|Q7SBG3_NEUCR	100
tr|Q7SBQ7|Q7SBQ7_NEUCR	tr|Q7SBQ7|Q7SBQ7_NEUCR	100
tr|Q7SC10|Q7SC10_NEUCR	tr|Q7SC10|Q7SC10_NEUCR	100
tr|Q7SCF0|Q7SCF0_NEUCR	tr|Q7SCF0|Q7SCF0_NEUCR	100
tr|Q7SD45|Q7SD45_NEUCR	tr|Q7SD45|Q7SD45_NEUCR	100
tr|Q7SD81|Q7SD81_NEUCR	tr|Q7SD81|Q7SD81_NEUCR	100
tr|Q7SDL5|Q7SDL5_NEUCR	tr|Q7SDL5|Q7SDL5_NEUCR	100
tr|Q7SEY1|Q7SEY1_NEUCR	tr|Q7SEY1|Q7SEY1_NEUCR	100
tr|Q7SFD4|Q7SFD4_NEUCR	tr|Q7SFD4|Q7SFD4_NEUCR	100
tr|Q7SFM6|Q7SFM6_NEUCR	tr|Q7SFM6|Q7SFM6_NEUCR	100
tr|Q7SG99|Q7SG99_NEUCR	tr|Q7SG99|Q7SG99_NEUCR	100
tr|Q7SGK8|Q7SGK8_NEUCR	tr|Q7SGK8|Q7SGK8_NEUCR	100
tr|Q7SGY7|Q7SGY7_NEUCR	tr|Q7SGY7|Q7SGY7_NEUCR	100
tr|Q7SH44|Q7SH44_NEUCR	tr|Q7SH44|Q7SH44_NEUCR	100
tr|Q7SH58|Q7SH58_NEUCR	tr|Q7SH58|Q7SH58_NEUCR	100
sp|Q7SHF3|RT08_NEUCR	sp|Q7SHF3|RT08_NEUCR	100
tr|Q7SHK8|Q7SHK8_NEUCR	tr|Q7SHK8|Q7SHK8_NEUCR	100
tr|Q7SHM9|Q7SHM9_NEUCR	tr|Q7SHM9|Q7SHM9_NEUCR	100
tr|Q7SHX1|Q7SHX1_NEUCR	tr|Q7SHX1|Q7SHX1_NEUCR	100
tr|Q7SHY9|Q7SHY9_NEUCR	tr|Q7SHY9|Q7SHY9_NEUCR	100
sp|Q870Q4|MON1_NEUCR	sp|Q870Q4|MON1_NEUCR	100
sp|Q8TG12|CSK2B_NEUCR	sp|Q8TG12|CSK2B_NEUCR	100
tr|U9W3L3|U9W3L3_NEUCR	tr|U9W3L3|U9W3L3_NEUCR	100
tr|U9W594|U9W594_NEUCR	tr|U9W594|U9W594_NEUCR	100
tr|U9W8Q4|U9W8Q4_NEUCR	tr|U9W8Q4|U9W8Q4_NEUCR	100
tr|V5IKC3|V5IKC3_NEUCR	tr|V5IKC3|V5IKC3_NEUCR	100
tr|V5IKG4|V5IKG4_NEUCR	tr|V5IKG4|V5IKG4_NEUCR	100
tr|V5ILS5|V5ILS5_NEUCR	tr|V5ILS5|V5ILS5_NEUCR	100
tr|V5IMV3|V5IMV3_NEUCR	tr|V5IMV3|V5IMV3_NEUCR	100
tr|V5INR2|V5INR2_NEUCR	tr|V5INR2|V5INR2_NEUCR	100
tr|V5INX1|V5INX1_NEUCR	tr|V5INX1|V5INX1_NEUCR	100
tr|V5IPT2|V5IPT2_NEUCR	tr|V5IPT2|V5IPT2_NEUCR	100
tr|V5IQ97|V5IQ97_NEUCR	tr|V5IQ97|V5IQ97_NEUCR	100
tr|V5IQP7|V5IQP7_NEUCR	tr|V5IQP7|V5IQP7_NEUCR	100
tr|V5IRK1|V5IRK1_NEUCR	tr|V5IRK1|V5IRK1_NEUCR	100
tr|A7UVY7|A7UVY7_NEUCR	tr|A7UVY7|A7UVY7_NEUCR	100
tr|F5HA84|F5HA84_NEUCR	tr|F5HA84|F5HA84_NEUCR	100
tr|F5HD64|F5HD64_NEUCR	tr|F5HD64|F5HD64_NEUCR	100
tr|F5HDM5|F5HDM5_NEUCR	tr|F5HDM5|F5HDM5_NEUCR	100
tr|F5HHJ6|F5HHJ6_NEUCR	tr|F5HHJ6|F5HHJ6_NEUCR	100
tr|F5HHR5|F5HHR5_NEUCR	tr|F5HHR5|F5HHR5_NEUCR	100
sp|P78712|ARP3_NEUCR	sp|P78712|ARP3_NEUCR	100
tr|Q1K4Y2|Q1K4Y2_NEUCR	tr|Q1K4Y2|Q1K4Y2_NEUCR	100
tr|Q1K573|Q1K573_NEUCR	tr|Q1K573|Q1K573_NEUCR	100
tr|Q1K585|Q1K585_NEUCR	tr|Q1K585|Q1K585_NEUCR	100
tr|Q1K5D7|Q1K5D7_NEUCR	tr|Q1K5D7|Q1K5D7_NEUCR	100
tr|Q1K5E8|Q1K5E8_NEUCR	tr|Q1K5E8|Q1K5E8_NEUCR	100
tr|Q1K5H0|Q1K5H0_NEUCR	tr|Q1K5H0|Q1K5H0_NEUCR	100
tr|Q1K661|Q1K661_NEUCR	tr|Q1K661|Q1K661_NEUCR	100
tr|Q1K6G0|Q1K6G0_NEUCR	tr|Q1K6G0|Q1K6G0_NEUCR	100
tr|Q1K756|Q1K756_NEUCR	tr|Q1K756|Q1K756_NEUCR	100
tr|Q1K7I1|Q1K7I1_NEUCR	tr|Q1K7I1|Q1K7I1_NEUCR	100
tr|Q1K851|Q1K851_NEUCR	tr|Q1K851|Q1K851_NEUCR	100
tr|Q1K8F5|Q1K8F5_NEUCR	tr|Q1K8F5|Q1K8F5_NEUCR	100
tr|Q1K8Q3|Q1K8Q3_NEUCR	tr|Q1K8Q3|Q1K8Q3_NEUCR	100
tr|Q1K8W8|Q1K8W8_NEUCR	tr|Q1K8W8|Q1K8W8_NEUCR	100
tr|Q1K8X0|Q1K8X0_NEUCR	tr|Q1K8X0|Q1K8X0_NEUCR	100
sp|Q7RVA8|KPYK_NEUCR	sp|Q7RVA8|KPYK_NEUCR	100
tr|Q7RW87|Q7RW87_NEUCR	tr|Q7RW87|Q7RW87_NEUCR	100
tr|Q7RWG3|Q7RWG3_NEUCR	tr|Q7RWG3|Q7RWG3_NEUCR	100
tr|Q7RXJ1|Q7RXJ1_NEUCR	tr|Q7RXJ1|Q7RXJ1_NEUCR	100
tr|Q7RXR2|Q7RXR2_NEUCR	tr|Q7RXR2|Q7RXR2_NEUCR	100
tr|Q7RY54|Q7RY54_NEUCR	tr|Q7RY54|Q7RY54_NEUCR	100
tr|Q7RY63|Q7RY63_NEUCR	tr|Q7RY63|Q7RY63_NEUCR	100
tr|Q7RY97|Q7RY97_NEUCR	tr|Q7RY97|Q7RY97_NEUCR	100
tr|Q7RYP2|Q7RYP2_NEUCR	tr|Q7RYP2|Q7RYP2_NEUCR	100
tr|Q7RYR5|Q7RYR5_NEUCR	tr|Q7RYR5|Q7RYR5_NEUCR	100
tr|Q7RYT9|Q7RYT9_NEUCR	tr|Q7RYT9|Q7RYT9_NEUCR	100
tr|Q7RZA8|Q7RZA8_NEUCR	tr|Q7RZA8|Q7RZA8_NEUCR	100
tr|Q7RZG4|Q7RZG4_NEUCR	tr|Q7RZG4|Q7RZG4_NEUCR	100
tr|Q7RZI6|Q7RZI6_NEUCR	tr|Q7RZI6|Q7RZI6_NEUCR	100
tr|Q7RZI7|Q7RZI7_NEUCR	tr|Q7RZI7|Q7RZI7_NEUCR	100
sp|Q7RZU4|SET2_NEUCR	sp|Q7RZU4|SET2_NEUCR	100
tr|Q7S0Z9|Q7S0Z9_NEUCR	tr|Q7S0Z9|Q7S0Z9_NEUCR	100
tr|Q7S1Q4|Q7S1Q4_NEUCR	tr|Q7S1Q4|Q7S1Q4_NEUCR	100
tr|Q7S2S1|Q7S2S1_NEUCR	tr|Q7S2S1|Q7S2S1_NEUCR	100
tr|Q7S351|Q7S351_NEUCR	tr|Q7S351|Q7S351_NEUCR	100
tr|Q7S374|Q7S374_NEUCR	tr|Q7S374|Q7S374_NEUCR	100
tr|Q7S3E1|Q7S3E1_NEUCR	tr|Q7S3E1|Q7S3E1_NEUCR	100
tr|Q7S3N4|Q7S3N4_NEUCR	tr|Q7S3N4|Q7S3N4_NEUCR	100
sp|Q7S3S2|MIA40_NEUCR	sp|Q7S3S2|MIA40_NEUCR	100
tr|Q7S3W8|Q7S3W8_NEUCR	tr|Q7S3W8|Q7S3W8_NEUCR	100
tr|Q7S495|Q7S495_NEUCR	tr|Q7S495|Q7S495_NEUCR	100
sp|Q7S4P1|OXR1_NEUCR	sp|Q7S4P1|OXR1_NEUCR	100
tr|Q7S4Q9|Q7S4Q9_NEUCR	tr|Q7S4Q9|Q7S4Q9_NEUCR	100
tr|Q7S5H4|Q7S5H4_NEUCR	tr|Q7S5H4|Q7S5H4_NEUCR	100
tr|Q7S5H5|Q7S5H5_NEUCR	tr|Q7S5H5|Q7S5H5_NEUCR	100
tr|Q7S5M2|Q7S5M2_NEUCR	tr|Q7S5M2|Q7S5M2_NEUCR	100
tr|Q7S600|Q7S600_NEUCR	tr|Q7S600|Q7S600_NEUCR	100
tr|Q7S632|Q7S632_NEUCR	tr|Q7S632|Q7S632_NEUCR	100
tr|Q7S6A0|Q7S6A0_NEUCR	tr|Q7S6A0|Q7S6A0_NEUCR	100
tr|Q7S6D7|Q7S6D7_NEUCR	tr|Q7S6D7|Q7S6D7_NEUCR	100
tr|Q7S7C3|Q7S7C3_NEUCR	tr|Q7S7C3|Q7S7C3_NEUCR	100
tr|Q7S8D7|Q7S8D7_NEUCR	tr|Q7S8D7|Q7S8D7_NEUCR	100
tr|Q7S8V4|Q7S8V4_NEUCR	tr|Q7S8V4|Q7S8V4_NEUCR	100
tr|Q7S9G1|Q7S9G1_NEUCR	tr|Q7S9G1|Q7S9G1_NEUCR	100
tr|Q7S9H9|Q7S9H9_NEUCR	tr|Q7S9H9|Q7S9H9_NEUCR	100
tr|Q7S9P9|Q7S9P9_NEUCR	tr|Q7S9P9|Q7S9P9_NEUCR	100
sp|Q7SAM0|BST1_NEUCR	sp|Q7SAM0|BST1_NEUCR	100
tr|Q7SAU2|Q7SAU2_NEUCR	tr|Q7SAU2|Q7SAU2_NEUCR	100
tr|Q7SAU4|Q7SAU4_NEUCR	tr|Q7SAU4|Q7SAU4_NEUCR	100
tr|Q7SAU7|Q7SAU7_NEUCR	tr|Q7SAU7|Q7SAU7_NEUCR	100
tr|Q7SAV1|Q7SAV1_NEUCR	tr|Q7SAV1|Q7SAV1_NEUCR	100
tr|Q7SB33|Q7SB33_NEUCR	tr|Q7SB33|Q7SB33_NEUCR	100
sp|Q7SBC6|DBP2_NEUCR	sp|Q7SBC6|DBP2_NEUCR	100
tr|Q7SC80|Q7SC80_NEUCR	tr|Q7SC80|Q7SC80_NEUCR	100
tr|Q7SD46|Q7SD46_NEUCR	tr|Q7SD46|Q7SD46_NEUCR	100
tr|Q7SD99|Q7SD99_NEUCR	tr|Q7SD99|Q7SD99_NEUCR	100
tr|Q7SDU7|Q7SDU7_NEUCR	tr|Q7SDU7|Q7SDU7_NEUCR	100
tr|Q7SE64|Q7SE64_NEUCR	tr|Q7SE64|Q7SE64_NEUCR	100
tr|Q7SE93|Q7SE93_NEUCR	tr|Q7SE93|Q7SE93_NEUCR	100
tr|Q7SED9|Q7SED9_NEUCR	tr|Q7SED9|Q7SED9_NEUCR	100
tr|Q7SF48|Q7SF48_NEUCR	tr|Q7SF48|Q7SF48_NEUCR	100
tr|Q7SFH4|Q7SFH4_NEUCR	tr|Q7SFH4|Q7SFH4_NEUCR	100
tr|Q7SFL1|Q7SFL1_NEUCR	tr|Q7SFL1|Q7SFL1_NEUCR	100
tr|Q7SFT5|Q7SFT5_NEUCR	tr|Q7SFT5|Q7SFT5_NEUCR	100
tr|Q7SFV6|Q7SFV6_NEUCR	tr|Q7SFV6|Q7SFV6_NEUCR	100
tr|Q7SHC2|Q7SHC2_NEUCR	tr|Q7SHC2|Q7SHC2_NEUCR	100
sp|Q7SHI7|SRDJ_NEUCR	sp|Q7SHI7|SRDJ_NEUCR	100
sp|Q871V2|PMP3_NEUCR	sp|Q871V2|PMP3_NEUCR	100
tr|U9W2M5|U9W2M5_NEUCR	tr|U9W2M5|U9W2M5_NEUCR	100
tr|U9W589|U9W589_NEUCR	tr|U9W589|U9W589_NEUCR	100
tr|V5IKD2|V5IKD2_NEUCR	tr|V5IKD2|V5IKD2_NEUCR	100
tr|V5IKY2|V5IKY2_NEUCR	tr|V5IKY2|V5IKY2_NEUCR	100
tr|V5ILZ6|V5ILZ6_NEUCR	tr|V5ILZ6|V5ILZ6_NEUCR	100
tr|V5IMR4|V5IMR4_NEUCR	tr|V5IMR4|V5IMR4_NEUCR	100
tr|V5IMT7|V5IMT7_NEUCR	tr|V5IMT7|V5IMT7_NEUCR	100
tr|V5IN25|V5IN25_NEUCR	tr|V5IN25|V5IN25_NEUCR	100
tr|V5IN80|V5IN80_NEUCR	tr|V5IN80|V5IN80_NEUCR	100
tr|V5INF9|V5INF9_NEUCR	tr|V5INF9|V5INF9_NEUCR	100
tr|V5INS2|V5INS2_NEUCR	tr|V5INS2|V5INS2_NEUCR	100
tr|V5IP43|V5IP43_NEUCR	tr|V5IP43|V5IP43_NEUCR	100
tr|V5IP89|V5IP89_NEUCR	tr|V5IP89|V5IP89_NEUCR	100
tr|V5IQ54|V5IQ54_NEUCR	tr|V5IQ54|V5IQ54_NEUCR	100
tr|V5IQK7|V5IQK7_NEUCR	tr|V5IQK7|V5IQK7_NEUCR	100
tr|A7UWE2|A7UWE2_NEUCR	tr|A7UWE2|A7UWE2_NEUCR	100
tr|A7UX04|A7UX04_NEUCR	tr|A7UX04|A7UX04_NEUCR	100
tr|A7UXE7|A7UXE7_NEUCR	tr|A7UXE7|A7UXE7_NEUCR	100
tr|A7UXH2|A7UXH2_NEUCR	tr|A7UXH2|A7UXH2_NEUCR	100
tr|F5HDY3|F5HDY3_NEUCR	tr|F5HDY3|F5HDY3_NEUCR	100
tr|F5HGC3|F5HGC3_NEUCR	tr|F5HGC3|F5HGC3_NEUCR	100
sp|P0C581|PAN2_NEUCR	sp|P0C581|PAN2_NEUCR	100
sp|P31540|HSP98_NEUCR	sp|P31540|HSP98_NEUCR	100
tr|Q1K4U6|Q1K4U6_NEUCR	tr|Q1K4U6|Q1K4U6_NEUCR	100
tr|Q1K503|Q1K503_NEUCR	tr|Q1K503|Q1K503_NEUCR	100
tr|Q1K5Z5|Q1K5Z5_NEUCR	tr|Q1K5Z5|Q1K5Z5_NEUCR	100
tr|Q1K684|Q1K684_NEUCR	tr|Q1K684|Q1K684_NEUCR	100
tr|Q1K6B1|Q1K6B1_NEUCR	tr|Q1K6B1|Q1K6B1_NEUCR	100
tr|Q1K6J6|Q1K6J6_NEUCR	tr|Q1K6J6|Q1K6J6_NEUCR	100
tr|Q1K6L6|Q1K6L6_NEUCR	tr|Q1K6L6|Q1K6L6_NEUCR	100
tr|Q1K774|Q1K774_NEUCR	tr|Q1K774|Q1K774_NEUCR	100
tr|Q1K7Y3|Q1K7Y3_NEUCR	tr|Q1K7Y3|Q1K7Y3_NEUCR	100
tr|Q1K849|Q1K849_NEUCR	tr|Q1K849|Q1K849_NEUCR	100
tr|Q1K8D2|Q1K8D2_NEUCR	tr|Q1K8D2|Q1K8D2_NEUCR	100
tr|Q1K8I5|Q1K8I5_NEUCR	tr|Q1K8I5|Q1K8I5_NEUCR	100
tr|Q1K8Q0|Q1K8Q0_NEUCR	tr|Q1K8Q0|Q1K8Q0_NEUCR	100
tr|Q1K8W0|Q1K8W0_NEUCR	tr|Q1K8W0|Q1K8W0_NEUCR	100
tr|Q7RXT5|Q7RXT5_NEUCR	tr|Q7RXT5|Q7RXT5_NEUCR	100
sp|Q7RYM5|MHR1_NEUCR	sp|Q7RYM5|MHR1_NEUCR	100
tr|Q7RZH1|Q7RZH1_NEUCR	tr|Q7RZH1|Q7RZH1_NEUCR	100
sp|Q7RZH4|MAK5_NEUCR	sp|Q7RZH4|MAK5_NEUCR	100
tr|Q7RZP3|Q7RZP3_NEUCR	tr|Q7RZP3|Q7RZP3_NEUCR	100
tr|Q7S044|Q7S044_NEUCR	tr|Q7S044|Q7S044_NEUCR	100
tr|Q7S060|Q7S060_NEUCR	tr|Q7S060|Q7S060_NEUCR	100
tr|Q7S0H7|Q7S0H7_NEUCR	tr|Q7S0H7|Q7S0H7_NEUCR	100
tr|Q7S0N5|Q7S0N5_NEUCR	tr|Q7S0N5|Q7S0N5_NEUCR	100
tr|Q7S0S3|Q7S0S3_NEUCR	tr|Q7S0S3|Q7S0S3_NEUCR	100
tr|Q7S0V1|Q7S0V1_NEUCR	tr|Q7S0V1|Q7S0V1_NEUCR	100
tr|Q7S0Z1|Q7S0Z1_NEUCR	tr|Q7S0Z1|Q7S0Z1_NEUCR	100
tr|Q7S0Z2|Q7S0Z2_NEUCR	tr|Q7S0Z2|Q7S0Z2_NEUCR	100
tr|Q7S112|Q7S112_NEUCR	tr|Q7S112|Q7S112_NEUCR	100
tr|Q7S1F0|Q7S1F0_NEUCR	tr|Q7S1F0|Q7S1F0_NEUCR	100
tr|Q7S2D1|Q7S2D1_NEUCR	tr|Q7S2D1|Q7S2D1_NEUCR	100
tr|Q7S2R3|Q7S2R3_NEUCR	tr|Q7S2R3|Q7S2R3_NEUCR	100
tr|Q7S2S4|Q7S2S4_NEUCR	tr|Q7S2S4|Q7S2S4_NEUCR	100
sp|Q7S2X0|FYV10_NEUCR	sp|Q7S2X0|FYV10_NEUCR	100
tr|Q7S311|Q7S311_NEUCR	tr|Q7S311|Q7S311_NEUCR	100
tr|Q7S3M3|Q7S3M3_NEUCR	tr|Q7S3M3|Q7S3M3_NEUCR	100
tr|Q7S3R9|Q7S3R9_NEUCR	tr|Q7S3R9|Q7S3R9_NEUCR	100
sp|Q7S438|SLD2_NEUCR	sp|Q7S438|SLD2_NEUCR	100
tr|Q7S4G4|Q7S4G4_NEUCR	tr|Q7S4G4|Q7S4G4_NEUCR	100
tr|Q7S5R5|Q7S5R5_NEUCR	tr|Q7S5R5|Q7S5R5_NEUCR	100
tr|Q7S5T4|Q7S5T4_NEUCR	tr|Q7S5T4|Q7S5T4_NEUCR	100
tr|Q7S655|Q7S655_NEUCR	tr|Q7S655|Q7S655_NEUCR	100
tr|Q7S6R3|Q7S6R3_NEUCR	tr|Q7S6R3|Q7S6R3_NEUCR	100
sp|Q7S6X4|SIP5_NEUCR	sp|Q7S6X4|SIP5_NEUCR	100
tr|Q7S700|Q7S700_NEUCR	tr|Q7S700|Q7S700_NEUCR	100
tr|Q7S7W7|Q7S7W7_NEUCR	tr|Q7S7W7|Q7S7W7_NEUCR	100
tr|Q7S7Z7|Q7S7Z7_NEUCR	tr|Q7S7Z7|Q7S7Z7_NEUCR	100
tr|Q7S856|Q7S856_NEUCR	tr|Q7S856|Q7S856_NEUCR	100
tr|Q7S878|Q7S878_NEUCR	tr|Q7S878|Q7S878_NEUCR	100
tr|Q7S9B4|Q7S9B4_NEUCR	tr|Q7S9B4|Q7S9B4_NEUCR	100
tr|Q7S9T3|Q7S9T3_NEUCR	tr|Q7S9T3|Q7S9T3_NEUCR	100
tr|Q7SA40|Q7SA40_NEUCR	tr|Q7SA40|Q7SA40_NEUCR	100
tr|Q7SAC7|Q7SAC7_NEUCR	tr|Q7SAC7|Q7SAC7_NEUCR	100
tr|Q7SAE5|Q7SAE5_NEUCR	tr|Q7SAE5|Q7SAE5_NEUCR	100
tr|Q7SAI1|Q7SAI1_NEUCR	tr|Q7SAI1|Q7SAI1_NEUCR	100
tr|Q7SAJ4|Q7SAJ4_NEUCR	tr|Q7SAJ4|Q7SAJ4_NEUCR	100
tr|Q7SAT3|Q7SAT3_NEUCR	tr|Q7SAT3|Q7SAT3_NEUCR	100
tr|Q7SAX3|Q7SAX3_NEUCR	tr|Q7SAX3|Q7SAX3_NEUCR	100
tr|Q7SB05|Q7SB05_NEUCR	tr|Q7SB05|Q7SB05_NEUCR	100
tr|Q7SB52|Q7SB52_NEUCR	tr|Q7SB52|Q7SB52_NEUCR	100
tr|Q7SB58|Q7SB58_NEUCR	tr|Q7SB58|Q7SB58_NEUCR	100
tr|Q7SBD1|Q7SBD1_NEUCR	tr|Q7SBD1|Q7SBD1_NEUCR	100
tr|Q7SBD8|Q7SBD8_NEUCR	tr|Q7SBD8|Q7SBD8_NEUCR	100
tr|Q7SCA4|Q7SCA4_NEUCR	tr|Q7SCA4|Q7SCA4_NEUCR	100
tr|Q7SCI9|Q7SCI9_NEUCR	tr|Q7SCI9|Q7SCI9_NEUCR	100
tr|Q7SCL9|Q7SCL9_NEUCR	tr|Q7SCL9|Q7SCL9_NEUCR	100
tr|Q7SEC5|Q7SEC5_NEUCR	tr|Q7SEC5|Q7SEC5_NEUCR	100
tr|Q7SED2|Q7SED2_NEUCR	tr|Q7SED2|Q7SED2_NEUCR	100
sp|Q7SEK9|RM25_NEUCR	sp|Q7SEK9|RM25_NEUCR	100
tr|Q7SEN2|Q7SEN2_NEUCR	tr|Q7SEN2|Q7SEN2_NEUCR	100
tr|Q7SF39|Q7SF39_NEUCR	tr|Q7SF39|Q7SF39_NEUCR	100
tr|Q7SFE7|Q7SFE7_NEUCR	tr|Q7SFE7|Q7SFE7_NEUCR	100
tr|Q7SFK0|Q7SFK0_NEUCR	tr|Q7SFK0|Q7SFK0_NEUCR	100
tr|Q7SFL0|Q7SFL0_NEUCR	tr|Q7SFL0|Q7SFL0_NEUCR	100
sp|Q7SFN5|PALI_NEUCR	sp|Q7SFN5|PALI_NEUCR	100
tr|Q7SFQ2|Q7SFQ2_NEUCR	tr|Q7SFQ2|Q7SFQ2_NEUCR	100
tr|Q7SFZ1|Q7SFZ1_NEUCR	tr|Q7SFZ1|Q7SFZ1_NEUCR	100
tr|Q7SG79|Q7SG79_NEUCR	tr|Q7SG79|Q7SG79_NEUCR	100
tr|Q7SGI9|Q7SGI9_NEUCR	tr|Q7SGI9|Q7SGI9_NEUCR	100
sp|Q7SGY1|ALO_NEUCR	sp|Q7SGY1|ALO_NEUCR	100
tr|Q7SI45|Q7SI45_NEUCR	tr|Q7SI45|Q7SI45_NEUCR	100
sp|Q9HE88|SEC8_NEUCR	sp|Q9HE88|SEC8_NEUCR	100
tr|U9W3U9|U9W3U9_NEUCR	tr|U9W3U9|U9W3U9_NEUCR	100
tr|V5IKD0|V5IKD0_NEUCR	tr|V5IKD0|V5IKD0_NEUCR	100
tr|V5ILZ2|V5ILZ2_NEUCR	tr|V5ILZ2|V5ILZ2_NEUCR	100
tr|V5IM66|V5IM66_NEUCR	tr|V5IM66|V5IM66_NEUCR	100
tr|V5INN0|V5INN0_NEUCR	tr|V5INN0|V5INN0_NEUCR	100
tr|V5IP23|V5IP23_NEUCR	tr|V5IP23|V5IP23_NEUCR	100
tr|V5IPU6|V5IPU6_NEUCR	tr|V5IPU6|V5IPU6_NEUCR	100
tr|V5IQ18|V5IQ18_NEUCR	tr|V5IQ18|V5IQ18_NEUCR	100
tr|V5IRH6|V5IRH6_NEUCR	tr|V5IRH6|V5IRH6_NEUCR	100
tr|V5IRR3|V5IRR3_NEUCR	tr|V5IRR3|V5IRR3_NEUCR	100
tr|V5IRT2|V5IRT2_NEUCR	tr|V5IRT2|V5IRT2_NEUCR	100
tr|A7UVW9|A7UVW9_NEUCR	tr|A7UVW9|A7UVW9_NEUCR	100
tr|A7UWW7|A7UWW7_NEUCR	tr|A7UWW7|A7UWW7_NEUCR	100
tr|A7UX74|A7UX74_NEUCR	tr|A7UX74|A7UX74_NEUCR	100
tr|F5H936|F5H936_NEUCR	tr|F5H936|F5H936_NEUCR	100
sp|P02807|MT_NEUCR	sp|P02807|MT_NEUCR	100
sp|P34085|CISY_NEUCR	sp|P34085|CISY_NEUCR	100
tr|Q1K4M6|Q1K4M6_NEUCR	tr|Q1K4M6|Q1K4M6_NEUCR	100
tr|Q1K4W9|Q1K4W9_NEUCR	tr|Q1K4W9|Q1K4W9_NEUCR	100
tr|Q1K4Z4|Q1K4Z4_NEUCR	tr|Q1K4Z4|Q1K4Z4_NEUCR	100
tr|Q1K525|Q1K525_NEUCR	tr|Q1K525|Q1K525_NEUCR	100
tr|Q1K5A8|Q1K5A8_NEUCR	tr|Q1K5A8|Q1K5A8_NEUCR	100
tr|Q1K6G3|Q1K6G3_NEUCR	tr|Q1K6G3|Q1K6G3_NEUCR	100
tr|Q1K6Z2|Q1K6Z2_NEUCR	tr|Q1K6Z2|Q1K6Z2_NEUCR	100
tr|Q1K733|Q1K733_NEUCR	tr|Q1K733|Q1K733_NEUCR	100
tr|Q1K7F1|Q1K7F1_NEUCR	tr|Q1K7F1|Q1K7F1_NEUCR	100
tr|Q1K7X4|Q1K7X4_NEUCR	tr|Q1K7X4|Q1K7X4_NEUCR	100
tr|Q1K836|Q1K836_NEUCR	tr|Q1K836|Q1K836_NEUCR	100
tr|Q1K8S0|Q1K8S0_NEUCR	tr|Q1K8S0|Q1K8S0_NEUCR	100
tr|Q1K917|Q1K917_NEUCR	tr|Q1K917|Q1K917_NEUCR	100
tr|Q7RV16|Q7RV16_NEUCR	tr|Q7RV16|Q7RV16_NEUCR	100
tr|Q7RW29|Q7RW29_NEUCR	tr|Q7RW29|Q7RW29_NEUCR	100
tr|Q7RW76|Q7RW76_NEUCR	tr|Q7RW76|Q7RW76_NEUCR	100
sp|Q7RX40|RM19_NEUCR	sp|Q7RX40|RM19_NEUCR	100
tr|Q7RX47|Q7RX47_NEUCR	tr|Q7RX47|Q7RX47_NEUCR	100
tr|Q7RX90|Q7RX90_NEUCR	tr|Q7RX90|Q7RX90_NEUCR	100
tr|Q7RXK8|Q7RXK8_NEUCR	tr|Q7RXK8|Q7RXK8_NEUCR	100
tr|Q7RXS1|Q7RXS1_NEUCR	tr|Q7RXS1|Q7RXS1_NEUCR	100
tr|Q7RY20|Q7RY20_NEUCR	tr|Q7RY20|Q7RY20_NEUCR	100
tr|Q7RYA6|Q7RYA6_NEUCR	tr|Q7RYA6|Q7RYA6_NEUCR	100
tr|Q7RYH8|Q7RYH8_NEUCR	tr|Q7RYH8|Q7RYH8_NEUCR	100
tr|Q7RYR3|Q7RYR3_NEUCR	tr|Q7RYR3|Q7RYR3_NEUCR	100
tr|Q7RYS5|Q7RYS5_NEUCR	tr|Q7RYS5|Q7RYS5_NEUCR	100
tr|Q7RZF2|Q7RZF2_NEUCR	tr|Q7RZF2|Q7RZF2_NEUCR	100
tr|Q7RZF6|Q7RZF6_NEUCR	tr|Q7RZF6|Q7RZF6_NEUCR	100
tr|Q7RZN3|Q7RZN3_NEUCR	tr|Q7RZN3|Q7RZN3_NEUCR	100
tr|Q7RZY4|Q7RZY4_NEUCR	tr|Q7RZY4|Q7RZY4_NEUCR	100
tr|Q7S0A4|Q7S0A4_NEUCR	tr|Q7S0A4|Q7S0A4_NEUCR	100
tr|Q7S0N0|Q7S0N0_NEUCR	tr|Q7S0N0|Q7S0N0_NEUCR	100
tr|Q7S0R5|Q7S0R5_NEUCR	tr|Q7S0R5|Q7S0R5_NEUCR	100
tr|Q7S0X8|Q7S0X8_NEUCR	tr|Q7S0X8|Q7S0X8_NEUCR	100
tr|Q7S1B4|Q7S1B4_NEUCR	tr|Q7S1B4|Q7S1B4_NEUCR	100
tr|Q7S2M2|Q7S2M2_NEUCR	tr|Q7S2M2|Q7S2M2_NEUCR	100
tr|Q7S2Q2|Q7S2Q2_NEUCR	tr|Q7S2Q2|Q7S2Q2_NEUCR	100
tr|Q7S2Q4|Q7S2Q4_NEUCR	tr|Q7S2Q4|Q7S2Q4_NEUCR	100
tr|Q7S3M6|Q7S3M6_NEUCR	tr|Q7S3M6|Q7S3M6_NEUCR	100
tr|Q7S3V9|Q7S3V9_NEUCR	tr|Q7S3V9|Q7S3V9_NEUCR	100
tr|Q7S4D2|Q7S4D2_NEUCR	tr|Q7S4D2|Q7S4D2_NEUCR	100
tr|Q7S4F4|Q7S4F4_NEUCR	tr|Q7S4F4|Q7S4F4_NEUCR	100
tr|Q7S652|Q7S652_NEUCR	tr|Q7S652|Q7S652_NEUCR	100
tr|Q7S671|Q7S671_NEUCR	tr|Q7S671|Q7S671_NEUCR	100
tr|Q7S6B4|Q7S6B4_NEUCR	tr|Q7S6B4|Q7S6B4_NEUCR	100
tr|Q7S6H8|Q7S6H8_NEUCR	tr|Q7S6H8|Q7S6H8_NEUCR	100
tr|Q7S6J0|Q7S6J0_NEUCR	tr|Q7S6J0|Q7S6J0_NEUCR	100
sp|Q7S6X6|ARP6_NEUCR	sp|Q7S6X6|ARP6_NEUCR	100
tr|Q7S793|Q7S793_NEUCR	tr|Q7S793|Q7S793_NEUCR	100
sp|Q7S7L7|MAP2_NEUCR	sp|Q7S7L7|MAP2_NEUCR	100
tr|Q7S7L8|Q7S7L8_NEUCR	tr|Q7S7L8|Q7S7L8_NEUCR	100
sp|Q7S891|DOHH_NEUCR	sp|Q7S891|DOHH_NEUCR	100
tr|Q7S894|Q7S894_NEUCR	tr|Q7S894|Q7S894_NEUCR	100
tr|Q7S8G5|Q7S8G5_NEUCR	tr|Q7S8G5|Q7S8G5_NEUCR	100
tr|Q7S8N3|Q7S8N3_NEUCR	tr|Q7S8N3|Q7S8N3_NEUCR	100
tr|Q7S8S1|Q7S8S1_NEUCR	tr|Q7S8S1|Q7S8S1_NEUCR	100
tr|Q7S953|Q7S953_NEUCR	tr|Q7S953|Q7S953_NEUCR	100
tr|Q7SA01|Q7SA01_NEUCR	tr|Q7SA01|Q7SA01_NEUCR	100
tr|Q7SA30|Q7SA30_NEUCR	tr|Q7SA30|Q7SA30_NEUCR	100
tr|Q7SBG1|Q7SBG1_NEUCR	tr|Q7SBG1|Q7SBG1_NEUCR	100
tr|Q7SBS4|Q7SBS4_NEUCR	tr|Q7SBS4|Q7SBS4_NEUCR	100
tr|Q7SBS5|Q7SBS5_NEUCR	tr|Q7SBS5|Q7SBS5_NEUCR	100
tr|Q7SBT7|Q7SBT7_NEUCR	tr|Q7SBT7|Q7SBT7_NEUCR	100
tr|Q7SC09|Q7SC09_NEUCR	tr|Q7SC09|Q7SC09_NEUCR	100
tr|Q7SCR3|Q7SCR3_NEUCR	tr|Q7SCR3|Q7SCR3_NEUCR	100
tr|Q7SCW3|Q7SCW3_NEUCR	tr|Q7SCW3|Q7SCW3_NEUCR	100
tr|Q7SCZ8|Q7SCZ8_NEUCR	tr|Q7SCZ8|Q7SCZ8_NEUCR	100
tr|Q7SD48|Q7SD48_NEUCR	tr|Q7SD48|Q7SD48_NEUCR	100
tr|Q7SDB4|Q7SDB4_NEUCR	tr|Q7SDB4|Q7SDB4_NEUCR	100
tr|Q7SDI9|Q7SDI9_NEUCR	tr|Q7SDI9|Q7SDI9_NEUCR	100
tr|Q7SE67|Q7SE67_NEUCR	tr|Q7SE67|Q7SE67_NEUCR	100
tr|Q7SEI3|Q7SEI3_NEUCR	tr|Q7SEI3|Q7SEI3_NEUCR	100
tr|Q7SEL2|Q7SEL2_NEUCR	tr|Q7SEL2|Q7SEL2_NEUCR	100
tr|Q7SF90|Q7SF90_NEUCR	tr|Q7SF90|Q7SF90_NEUCR	100
tr|Q7SGL4|Q7SGL4_NEUCR	tr|Q7SGL4|Q7SGL4_NEUCR	100
tr|Q7SGU1|Q7SGU1_NEUCR	tr|Q7SGU1|Q7SGU1_NEUCR	100
tr|Q7SHA1|Q7SHA1_NEUCR	tr|Q7SHA1|Q7SHA1_NEUCR	100
tr|Q7SHK3|Q7SHK3_NEUCR	tr|Q7SHK3|Q7SHK3_NEUCR	100
tr|Q7SHK7|Q7SHK7_NEUCR	tr|Q7SHK7|Q7SHK7_NEUCR	100
sp|Q7SHR0|ARP4_NEUCR	sp|Q7SHR0|ARP4_NEUCR	100
sp|Q7SI11|COX16_NEUCR	sp|Q7SI11|COX16_NEUCR	100
sp|Q873B7|SPC25_NEUCR	sp|Q873B7|SPC25_NEUCR	100
sp|Q9C2M6|DOPP_NEUCR	sp|Q9C2M6|DOPP_NEUCR	100
sp|Q9P3X9|PPID_NEUCR	sp|Q9P3X9|PPID_NEUCR	100
tr|U9WGX4|U9WGX4_NEUCR	tr|U9WGX4|U9WGX4_NEUCR	100
tr|V5IKR1|V5IKR1_NEUCR	tr|V5IKR1|V5IKR1_NEUCR	100
tr|V5IL31|V5IL31_NEUCR	tr|V5IL31|V5IL31_NEUCR	100
tr|V5IL53|V5IL53_NEUCR	tr|V5IL53|V5IL53_NEUCR	100
tr|V5IN85|V5IN85_NEUCR	tr|V5IN85|V5IN85_NEUCR	100
tr|V5IQ04|V5IQ04_NEUCR	tr|V5IQ04|V5IQ04_NEUCR	100
tr|V5IQ81|V5IQ81_NEUCR	tr|V5IQ81|V5IQ81_NEUCR	100
tr|V5IQB6|V5IQB6_NEUCR	tr|V5IQB6|V5IQB6_NEUCR	100
tr|V5IQY5|V5IQY5_NEUCR	tr|V5IQY5|V5IQY5_NEUCR	100
tr|V5IR42|V5IR42_NEUCR	tr|V5IR42|V5IR42_NEUCR	100
tr|A7UWK0|A7UWK0_NEUCR	tr|A7UWK0|A7UWK0_NEUCR	100
tr|A7UWK6|A7UWK6_NEUCR	tr|A7UWK6|A7UWK6_NEUCR	100
tr|A7UWS7|A7UWS7_NEUCR	tr|A7UWS7|A7UWS7_NEUCR	100
tr|A7UWY7|A7UWY7_NEUCR	tr|A7UWY7|A7UWY7_NEUCR	100
tr|A7UX11|A7UX11_NEUCR	tr|A7UX11|A7UX11_NEUCR	100
tr|A7UXC7|A7UXC7_NEUCR	tr|A7UXC7|A7UXC7_NEUCR	100
sp|P37211|ATPA_NEUCR	sp|P37211|ATPA_NEUCR	100
sp|Q01372|EF1A_NEUCR	sp|Q01372|EF1A_NEUCR	100
tr|Q1K4L9|Q1K4L9_NEUCR	tr|Q1K4L9|Q1K4L9_NEUCR	100
tr|Q1K4M8|Q1K4M8_NEUCR	tr|Q1K4M8|Q1K4M8_NEUCR	100
tr|Q1K4S6|Q1K4S6_NEUCR	tr|Q1K4S6|Q1K4S6_NEUCR	100
tr|Q1K584|Q1K584_NEUCR	tr|Q1K584|Q1K584_NEUCR	100
tr|Q1K5A4|Q1K5A4_NEUCR	tr|Q1K5A4|Q1K5A4_NEUCR	100
tr|Q1K5L2|Q1K5L2_NEUCR	tr|Q1K5L2|Q1K5L2_NEUCR	100
tr|Q1K5P3|Q1K5P3_NEUCR	tr|Q1K5P3|Q1K5P3_NEUCR	100
tr|Q1K6N3|Q1K6N3_NEUCR	tr|Q1K6N3|Q1K6N3_NEUCR	100
tr|Q1K820|Q1K820_NEUCR	tr|Q1K820|Q1K820_NEUCR	100
tr|Q1K848|Q1K848_NEUCR	tr|Q1K848|Q1K848_NEUCR	100
tr|Q1K881|Q1K881_NEUCR	tr|Q1K881|Q1K881_NEUCR	100
tr|Q1K8H4|Q1K8H4_NEUCR	tr|Q1K8H4|Q1K8H4_NEUCR	100
tr|Q7RV27|Q7RV27_NEUCR	tr|Q7RV27|Q7RV27_NEUCR	100
tr|Q7RVT4|Q7RVT4_NEUCR	tr|Q7RVT4|Q7RVT4_NEUCR	100
tr|Q7RW99|Q7RW99_NEUCR	tr|Q7RW99|Q7RW99_NEUCR	100
tr|Q7RWJ2|Q7RWJ2_NEUCR	tr|Q7RWJ2|Q7RWJ2_NEUCR	100
tr|Q7RX07|Q7RX07_NEUCR	tr|Q7RX07|Q7RX07_NEUCR	100
tr|Q7RX14|Q7RX14_NEUCR	tr|Q7RX14|Q7RX14_NEUCR	100
tr|Q7RXQ3|Q7RXQ3_NEUCR	tr|Q7RXQ3|Q7RXQ3_NEUCR	100
tr|Q7RXQ5|Q7RXQ5_NEUCR	tr|Q7RXQ5|Q7RXQ5_NEUCR	100
tr|Q7RXV3|Q7RXV3_NEUCR	tr|Q7RXV3|Q7RXV3_NEUCR	100
tr|Q7RZ72|Q7RZ72_NEUCR	tr|Q7RZ72|Q7RZ72_NEUCR	100
tr|Q7RZE1|Q7RZE1_NEUCR	tr|Q7RZE1|Q7RZE1_NEUCR	100
tr|Q7RZL4|Q7RZL4_NEUCR	tr|Q7RZL4|Q7RZL4_NEUCR	100
tr|Q7RZX4|Q7RZX4_NEUCR	tr|Q7RZX4|Q7RZX4_NEUCR	100
tr|Q7S081|Q7S081_NEUCR	tr|Q7S081|Q7S081_NEUCR	100
tr|Q7S098|Q7S098_NEUCR	tr|Q7S098|Q7S098_NEUCR	100
tr|Q7S1P5|Q7S1P5_NEUCR	tr|Q7S1P5|Q7S1P5_NEUCR	100
tr|Q7S1T4|Q7S1T4_NEUCR	tr|Q7S1T4|Q7S1T4_NEUCR	100
tr|Q7S2D3|Q7S2D3_NEUCR	tr|Q7S2D3|Q7S2D3_NEUCR	100
tr|Q7S2Q3|Q7S2Q3_NEUCR	tr|Q7S2Q3|Q7S2Q3_NEUCR	100
tr|Q7S392|Q7S392_NEUCR	tr|Q7S392|Q7S392_NEUCR	100
tr|Q7S3K1|Q7S3K1_NEUCR	tr|Q7S3K1|Q7S3K1_NEUCR	100
tr|Q7S443|Q7S443_NEUCR	tr|Q7S443|Q7S443_NEUCR	100
tr|Q7S4T9|Q7S4T9_NEUCR	tr|Q7S4T9|Q7S4T9_NEUCR	100
tr|Q7S5B5|Q7S5B5_NEUCR	tr|Q7S5B5|Q7S5B5_NEUCR	100
tr|Q7S5G9|Q7S5G9_NEUCR	tr|Q7S5G9|Q7S5G9_NEUCR	100
tr|Q7S5X3|Q7S5X3_NEUCR	tr|Q7S5X3|Q7S5X3_NEUCR	100
tr|Q7S605|Q7S605_NEUCR	tr|Q7S605|Q7S605_NEUCR	100
tr|Q7S681|Q7S681_NEUCR	tr|Q7S681|Q7S681_NEUCR	100
tr|Q7S765|Q7S765_NEUCR	tr|Q7S765|Q7S765_NEUCR	100
tr|Q7S7P2|Q7S7P2_NEUCR	tr|Q7S7P2|Q7S7P2_NEUCR	100
tr|Q7S7P3|Q7S7P3_NEUCR	tr|Q7S7P3|Q7S7P3_NEUCR	100
tr|Q7S843|Q7S843_NEUCR	tr|Q7S843|Q7S843_NEUCR	100
tr|Q7S943|Q7S943_NEUCR	tr|Q7S943|Q7S943_NEUCR	100
tr|Q7S9E0|Q7S9E0_NEUCR	tr|Q7S9E0|Q7S9E0_NEUCR	100
tr|Q7S9P0|Q7S9P0_NEUCR	tr|Q7S9P0|Q7S9P0_NEUCR	100
tr|Q7S9R4|Q7S9R4_NEUCR	tr|Q7S9R4|Q7S9R4_NEUCR	100
tr|Q7SB48|Q7SB48_NEUCR	tr|Q7SB48|Q7SB48_NEUCR	100
tr|Q7SBE8|Q7SBE8_NEUCR	tr|Q7SBE8|Q7SBE8_NEUCR	100
tr|Q7SBU2|Q7SBU2_NEUCR	tr|Q7SBU2|Q7SBU2_NEUCR	100
tr|Q7SC22|Q7SC22_NEUCR	tr|Q7SC22|Q7SC22_NEUCR	100
tr|Q7SC88|Q7SC88_NEUCR	tr|Q7SC88|Q7SC88_NEUCR	100
tr|Q7SCK9|Q7SCK9_NEUCR	tr|Q7SCK9|Q7SCK9_NEUCR	100
tr|Q7SCR7|Q7SCR7_NEUCR	tr|Q7SCR7|Q7SCR7_NEUCR	100
tr|Q7SCU8|Q7SCU8_NEUCR	tr|Q7SCU8|Q7SCU8_NEUCR	100
tr|Q7SD95|Q7SD95_NEUCR	tr|Q7SD95|Q7SD95_NEUCR	100
tr|Q7SDR3|Q7SDR3_NEUCR	tr|Q7SDR3|Q7SDR3_NEUCR	100
sp|Q7SDU2|RL24_NEUCR	sp|Q7SDU2|RL24_NEUCR	100
tr|Q7SDY7|Q7SDY7_NEUCR	tr|Q7SDY7|Q7SDY7_NEUCR	100
tr|Q7SES3|Q7SES3_NEUCR	tr|Q7SES3|Q7SES3_NEUCR	100
tr|Q7SEW8|Q7SEW8_NEUCR	tr|Q7SEW8|Q7SEW8_NEUCR	100
tr|Q7SEZ8|Q7SEZ8_NEUCR	tr|Q7SEZ8|Q7SEZ8_NEUCR	100
tr|Q7SFF8|Q7SFF8_NEUCR	tr|Q7SFF8|Q7SFF8_NEUCR	100
tr|Q7SG64|Q7SG64_NEUCR	tr|Q7SG64|Q7SG64_NEUCR	100
tr|Q7SGB2|Q7SGB2_NEUCR	tr|Q7SGB2|Q7SGB2_NEUCR	100
tr|Q7SGN7|Q7SGN7_NEUCR	tr|Q7SGN7|Q7SGN7_NEUCR	100
tr|Q7SGQ7|Q7SGQ7_NEUCR	tr|Q7SGQ7|Q7SGQ7_NEUCR	100
tr|Q7SGS8|Q7SGS8_NEUCR	tr|Q7SGS8|Q7SGS8_NEUCR	100
tr|Q7SGT3|Q7SGT3_NEUCR	tr|Q7SGT3|Q7SGT3_NEUCR	100
tr|Q7SHE9|Q7SHE9_NEUCR	tr|Q7SHE9|Q7SHE9_NEUCR	100
tr|Q7SHH3|Q7SHH3_NEUCR	tr|Q7SHH3|Q7SHH3_NEUCR	100
sp|Q7SHI3|SRDD_NEUCR	sp|Q7SHI3|SRDD_NEUCR	100
tr|Q7SHP3|Q7SHP3_NEUCR	tr|Q7SHP3|Q7SHP3_NEUCR	100
tr|Q7SHS8|Q7SHS8_NEUCR	tr|Q7SHS8|Q7SHS8_NEUCR	100
tr|Q7SHW1|Q7SHW1_NEUCR	tr|Q7SHW1|Q7SHW1_NEUCR	100
sp|Q9C291|MRE11_NEUCR	sp|Q9C291|MRE11_NEUCR	100
sp|Q9C2D4|SC61G_NEUCR	sp|Q9C2D4|SC61G_NEUCR	100
tr|U9W4W0|U9W4W0_NEUCR	tr|U9W4W0|U9W4W0_NEUCR	100
tr|V5IM54|V5IM54_NEUCR	tr|V5IM54|V5IM54_NEUCR	100
tr|V5IMC1|V5IMC1_NEUCR	tr|V5IMC1|V5IMC1_NEUCR	100
tr|V5INK0|V5INK0_NEUCR	tr|V5INK0|V5INK0_NEUCR	100
tr|V5INN6|V5INN6_NEUCR	tr|V5INN6|V5INN6_NEUCR	100
tr|V5INR5|V5INR5_NEUCR	tr|V5INR5|V5INR5_NEUCR	100
tr|V5IP70|V5IP70_NEUCR	tr|V5IP70|V5IP70_NEUCR	100
tr|V5IPN4|V5IPN4_NEUCR	tr|V5IPN4|V5IPN4_NEUCR	100
tr|V5IPN7|V5IPN7_NEUCR	tr|V5IPN7|V5IPN7_NEUCR	100
tr|V5IPY0|V5IPY0_NEUCR	tr|V5IPY0|V5IPY0_NEUCR	100
tr|V5IQ75|V5IQ75_NEUCR	tr|V5IQ75|V5IQ75_NEUCR	100
tr|V5IQB1|V5IQB1_NEUCR	tr|V5IQB1|V5IQB1_NEUCR	100
tr|V5IRH0|V5IRH0_NEUCR	tr|V5IRH0|V5IRH0_NEUCR	100
tr|V5IRK0|V5IRK0_NEUCR	tr|V5IRK0|V5IRK0_NEUCR	100
tr|A7UWU2|A7UWU2_NEUCR	tr|A7UWU2|A7UWU2_NEUCR	100
sp|P07142|CY1_NEUCR	sp|P07142|CY1_NEUCR	100
sp|P78704|ACR2_NEUCR	sp|P78704|ACR2_NEUCR	100
sp|Q01301|CCG4_NEUCR	sp|Q01301|CCG4_NEUCR	100
tr|Q1K4N2|Q1K4N2_NEUCR	tr|Q1K4N2|Q1K4N2_NEUCR	100
tr|Q1K4T9|Q1K4T9_NEUCR	tr|Q1K4T9|Q1K4T9_NEUCR	100
tr|Q1K4Y5|Q1K4Y5_NEUCR	tr|Q1K4Y5|Q1K4Y5_NEUCR	100
tr|Q1K5J7|Q1K5J7_NEUCR	tr|Q1K5J7|Q1K5J7_NEUCR	100
tr|Q1K5Z2|Q1K5Z2_NEUCR	tr|Q1K5Z2|Q1K5Z2_NEUCR	100
tr|Q1K6A3|Q1K6A3_NEUCR	tr|Q1K6A3|Q1K6A3_NEUCR	100
tr|Q1K6V5|Q1K6V5_NEUCR	tr|Q1K6V5|Q1K6V5_NEUCR	100
tr|Q1K7A3|Q1K7A3_NEUCR	tr|Q1K7A3|Q1K7A3_NEUCR	100
tr|Q1K7G8|Q1K7G8_NEUCR	tr|Q1K7G8|Q1K7G8_NEUCR	100
tr|Q1K7L2|Q1K7L2_NEUCR	tr|Q1K7L2|Q1K7L2_NEUCR	100
tr|Q1K7R2|Q1K7R2_NEUCR	tr|Q1K7R2|Q1K7R2_NEUCR	100
tr|Q1K7R5|Q1K7R5_NEUCR	tr|Q1K7R5|Q1K7R5_NEUCR	100
tr|Q1K7X7|Q1K7X7_NEUCR	tr|Q1K7X7|Q1K7X7_NEUCR	100
tr|Q1K8I3|Q1K8I3_NEUCR	tr|Q1K8I3|Q1K8I3_NEUCR	100
tr|Q1K8M0|Q1K8M0_NEUCR	tr|Q1K8M0|Q1K8M0_NEUCR	100
sp|Q35140|NU2M_NEUCR	sp|Q35140|NU2M_NEUCR	100
tr|Q7RUC1|Q7RUC1_NEUCR	tr|Q7RUC1|Q7RUC1_NEUCR	100
tr|Q7RXA4|Q7RXA4_NEUCR	tr|Q7RXA4|Q7RXA4_NEUCR	100
tr|Q7RXM6|Q7RXM6_NEUCR	tr|Q7RXM6|Q7RXM6_NEUCR	100
sp|Q7RXU7|RM40_NEUCR	sp|Q7RXU7|RM40_NEUCR	100
sp|Q7RYN6|EFG1P_NEUCR	sp|Q7RYN6|EFG1P_NEUCR	100
tr|Q7RZ44|Q7RZ44_NEUCR	tr|Q7RZ44|Q7RZ44_NEUCR	100
tr|Q7RZB9|Q7RZB9_NEUCR	tr|Q7RZB9|Q7RZB9_NEUCR	100
tr|Q7RZF9|Q7RZF9_NEUCR	tr|Q7RZF9|Q7RZF9_NEUCR	100
tr|Q7RZQ4|Q7RZQ4_NEUCR	tr|Q7RZQ4|Q7RZQ4_NEUCR	100
tr|Q7RZW6|Q7RZW6_NEUCR	tr|Q7RZW6|Q7RZW6_NEUCR	100
tr|Q7S0K4|Q7S0K4_NEUCR	tr|Q7S0K4|Q7S0K4_NEUCR	100
tr|Q7S0X1|Q7S0X1_NEUCR	tr|Q7S0X1|Q7S0X1_NEUCR	100
tr|Q7S197|Q7S197_NEUCR	tr|Q7S197|Q7S197_NEUCR	100
tr|Q7S1D5|Q7S1D5_NEUCR	tr|Q7S1D5|Q7S1D5_NEUCR	100
tr|Q7S1N2|Q7S1N2_NEUCR	tr|Q7S1N2|Q7S1N2_NEUCR	100
tr|Q7S1P3|Q7S1P3_NEUCR	tr|Q7S1P3|Q7S1P3_NEUCR	100
tr|Q7S2A5|Q7S2A5_NEUCR	tr|Q7S2A5|Q7S2A5_NEUCR	100
tr|Q7S2C8|Q7S2C8_NEUCR	tr|Q7S2C8|Q7S2C8_NEUCR	100
tr|Q7S2J5|Q7S2J5_NEUCR	tr|Q7S2J5|Q7S2J5_NEUCR	100
tr|Q7S2R0|Q7S2R0_NEUCR	tr|Q7S2R0|Q7S2R0_NEUCR	100
tr|Q7S369|Q7S369_NEUCR	tr|Q7S369|Q7S369_NEUCR	100
sp|Q7S455|RCF1_NEUCR	sp|Q7S455|RCF1_NEUCR	100
tr|Q7S498|Q7S498_NEUCR	tr|Q7S498|Q7S498_NEUCR	100
tr|Q7S4U2|Q7S4U2_NEUCR	tr|Q7S4U2|Q7S4U2_NEUCR	100
tr|Q7S545|Q7S545_NEUCR	tr|Q7S545|Q7S545_NEUCR	100
sp|Q7S565|COQ1_NEUCR	sp|Q7S565|COQ1_NEUCR	100
tr|Q7S610|Q7S610_NEUCR	tr|Q7S610|Q7S610_NEUCR	100
tr|Q7S6A7|Q7S6A7_NEUCR	tr|Q7S6A7|Q7S6A7_NEUCR	100
tr|Q7S6N7|Q7S6N7_NEUCR	tr|Q7S6N7|Q7S6N7_NEUCR	100
tr|Q7S6S1|Q7S6S1_NEUCR	tr|Q7S6S1|Q7S6S1_NEUCR	100
tr|Q7S7B5|Q7S7B5_NEUCR	tr|Q7S7B5|Q7S7B5_NEUCR	100
tr|Q7S7D9|Q7S7D9_NEUCR	tr|Q7S7D9|Q7S7D9_NEUCR	100
tr|Q7S850|Q7S850_NEUCR	tr|Q7S850|Q7S850_NEUCR	100
tr|Q7S879|Q7S879_NEUCR	tr|Q7S879|Q7S879_NEUCR	100
tr|Q7S8Q7|Q7S8Q7_NEUCR	tr|Q7S8Q7|Q7S8Q7_NEUCR	100
tr|Q7S995|Q7S995_NEUCR	tr|Q7S995|Q7S995_NEUCR	100
sp|Q7S9J4|DBP10_NEUCR	sp|Q7S9J4|DBP10_NEUCR	100
tr|Q7S9S5|Q7S9S5_NEUCR	tr|Q7S9S5|Q7S9S5_NEUCR	100
tr|Q7S9X6|Q7S9X6_NEUCR	tr|Q7S9X6|Q7S9X6_NEUCR	100
tr|Q7S9Z5|Q7S9Z5_NEUCR	tr|Q7S9Z5|Q7S9Z5_NEUCR	100
sp|Q7SA88|RM03_NEUCR	sp|Q7SA88|RM03_NEUCR	100
tr|Q7SB23|Q7SB23_NEUCR	tr|Q7SB23|Q7SB23_NEUCR	100
tr|Q7SB61|Q7SB61_NEUCR	tr|Q7SB61|Q7SB61_NEUCR	100
tr|Q7SBF6|Q7SBF6_NEUCR	tr|Q7SBF6|Q7SBF6_NEUCR	100
tr|Q7SBJ5|Q7SBJ5_NEUCR	tr|Q7SBJ5|Q7SBJ5_NEUCR	100
sp|Q7SBV6|RM23_NEUCR	sp|Q7SBV6|RM23_NEUCR	100
tr|Q7SCA7|Q7SCA7_NEUCR	tr|Q7SCA7|Q7SCA7_NEUCR	100
tr|Q7SCQ3|Q7SCQ3_NEUCR	tr|Q7SCQ3|Q7SCQ3_NEUCR	100
tr|Q7SCX5|Q7SCX5_NEUCR	tr|Q7SCX5|Q7SCX5_NEUCR	100
tr|Q7SD09|Q7SD09_NEUCR	tr|Q7SD09|Q7SD09_NEUCR	100
tr|Q7SD53|Q7SD53_NEUCR	tr|Q7SD53|Q7SD53_NEUCR	100
tr|Q7SD78|Q7SD78_NEUCR	tr|Q7SD78|Q7SD78_NEUCR	100
tr|Q7SDE0|Q7SDE0_NEUCR	tr|Q7SDE0|Q7SDE0_NEUCR	100
tr|Q7SDE4|Q7SDE4_NEUCR	tr|Q7SDE4|Q7SDE4_NEUCR	100
tr|Q7SDG4|Q7SDG4_NEUCR	tr|Q7SDG4|Q7SDG4_NEUCR	100
tr|Q7SEB6|Q7SEB6_NEUCR	tr|Q7SEB6|Q7SEB6_NEUCR	100
tr|Q7SET3|Q7SET3_NEUCR	tr|Q7SET3|Q7SET3_NEUCR	100
tr|Q7SF88|Q7SF88_NEUCR	tr|Q7SF88|Q7SF88_NEUCR	100
tr|Q7SFR8|Q7SFR8_NEUCR	tr|Q7SFR8|Q7SFR8_NEUCR	100
tr|Q7SGA7|Q7SGA7_NEUCR	tr|Q7SGA7|Q7SGA7_NEUCR	100
tr|Q7SGL0|Q7SGL0_NEUCR	tr|Q7SGL0|Q7SGL0_NEUCR	100
sp|Q7SGL6|SHO1_NEUCR	sp|Q7SGL6|SHO1_NEUCR	100
tr|Q7SGL8|Q7SGL8_NEUCR	tr|Q7SGL8|Q7SGL8_NEUCR	100
tr|Q7SGP7|Q7SGP7_NEUCR	tr|Q7SGP7|Q7SGP7_NEUCR	100
tr|Q7SGQ9|Q7SGQ9_NEUCR	tr|Q7SGQ9|Q7SGQ9_NEUCR	100
tr|Q7SH56|Q7SH56_NEUCR	tr|Q7SH56|Q7SH56_NEUCR	100
tr|Q7SH66|Q7SH66_NEUCR	tr|Q7SH66|Q7SH66_NEUCR	100
tr|Q7SHH6|Q7SHH6_NEUCR	tr|Q7SHH6|Q7SHH6_NEUCR	100
tr|Q7SHS4|Q7SHS4_NEUCR	tr|Q7SHS4|Q7SHS4_NEUCR	100
sp|Q86ZF9|GLNA_NEUCR	sp|Q86ZF9|GLNA_NEUCR	100
tr|U9W7Z0|U9W7Z0_NEUCR	tr|U9W7Z0|U9W7Z0_NEUCR	100
tr|V5IKI6|V5IKI6_NEUCR	tr|V5IKI6|V5IKI6_NEUCR	100
tr|V5IKQ3|V5IKQ3_NEUCR	tr|V5IKQ3|V5IKQ3_NEUCR	100
tr|V5IL57|V5IL57_NEUCR	tr|V5IL57|V5IL57_NEUCR	100
tr|V5ILR2|V5ILR2_NEUCR	tr|V5ILR2|V5ILR2_NEUCR	100
tr|V5IMV7|V5IMV7_NEUCR	tr|V5IMV7|V5IMV7_NEUCR	100
tr|V5IMW1|V5IMW1_NEUCR	tr|V5IMW1|V5IMW1_NEUCR	100
tr|V5IN99|V5IN99_NEUCR	tr|V5IN99|V5IN99_NEUCR	100
tr|V5IPU2|V5IPU2_NEUCR	tr|V5IPU2|V5IPU2_NEUCR	100
tr|V5IQR4|V5IQR4_NEUCR	tr|V5IQR4|V5IQR4_NEUCR	100
tr|A7UVV7|A7UVV7_NEUCR	tr|A7UVV7|A7UVV7_NEUCR	100
tr|A7UW29|A7UW29_NEUCR	tr|A7UW29|A7UW29_NEUCR	100
tr|A7UWG4|A7UWG4_NEUCR	tr|A7UWG4|A7UWG4_NEUCR	100
tr|A7UXE2|A7UXE2_NEUCR	tr|A7UXE2|A7UXE2_NEUCR	100
tr|F5HE08|F5HE08_NEUCR	tr|F5HE08|F5HE08_NEUCR	100
tr|F5HGY3|F5HGY3_NEUCR	tr|F5HGY3|F5HGY3_NEUCR	100
sp|P05195|3DHQ_NEUCR	sp|P05195|3DHQ_NEUCR	100
sp|P87072|CANB_NEUCR	sp|P87072|CANB_NEUCR	100
sp|Q12641|P5CR_NEUCR	sp|Q12641|P5CR_NEUCR	100
tr|Q1K4W1|Q1K4W1_NEUCR	tr|Q1K4W1|Q1K4W1_NEUCR	100
tr|Q1K505|Q1K505_NEUCR	tr|Q1K505|Q1K505_NEUCR	100
tr|Q1K5F6|Q1K5F6_NEUCR	tr|Q1K5F6|Q1K5F6_NEUCR	100
tr|Q1K5N0|Q1K5N0_NEUCR	tr|Q1K5N0|Q1K5N0_NEUCR	100
tr|Q1K5P0|Q1K5P0_NEUCR	tr|Q1K5P0|Q1K5P0_NEUCR	100
tr|Q1K624|Q1K624_NEUCR	tr|Q1K624|Q1K624_NEUCR	100
tr|Q1K686|Q1K686_NEUCR	tr|Q1K686|Q1K686_NEUCR	100
tr|Q1K6B3|Q1K6B3_NEUCR	tr|Q1K6B3|Q1K6B3_NEUCR	100
tr|Q1K7L3|Q1K7L3_NEUCR	tr|Q1K7L3|Q1K7L3_NEUCR	100
tr|Q1K7Q7|Q1K7Q7_NEUCR	tr|Q1K7Q7|Q1K7Q7_NEUCR	100
tr|Q1K895|Q1K895_NEUCR	tr|Q1K895|Q1K895_NEUCR	100
tr|Q1K8X6|Q1K8X6_NEUCR	tr|Q1K8X6|Q1K8X6_NEUCR	100
tr|Q1K921|Q1K921_NEUCR	tr|Q1K921|Q1K921_NEUCR	100
tr|Q7RWK2|Q7RWK2_NEUCR	tr|Q7RWK2|Q7RWK2_NEUCR	100
tr|Q7RWS4|Q7RWS4_NEUCR	tr|Q7RWS4|Q7RWS4_NEUCR	100
sp|Q7RWT0|GBG_NEUCR	sp|Q7RWT0|GBG_NEUCR	100
tr|Q7RX28|Q7RX28_NEUCR	tr|Q7RX28|Q7RX28_NEUCR	100
tr|Q7RXI7|Q7RXI7_NEUCR	tr|Q7RXI7|Q7RXI7_NEUCR	100
tr|Q7RY49|Q7RY49_NEUCR	tr|Q7RY49|Q7RY49_NEUCR	100
tr|Q7RY57|Q7RY57_NEUCR	tr|Q7RY57|Q7RY57_NEUCR	100
sp|Q7RY84|CLU_NEUCR	sp|Q7RY84|CLU_NEUCR	100
tr|Q7RYP1|Q7RYP1_NEUCR	tr|Q7RYP1|Q7RYP1_NEUCR	100
tr|Q7RYV6|Q7RYV6_NEUCR	tr|Q7RYV6|Q7RYV6_NEUCR	100
sp|Q7RZF5|SEC13_NEUCR	sp|Q7RZF5|SEC13_NEUCR	100
tr|Q7RZI1|Q7RZI1_NEUCR	tr|Q7RZI1|Q7RZI1_NEUCR	100
tr|Q7RZW9|Q7RZW9_NEUCR	tr|Q7RZW9|Q7RZW9_NEUCR	100
tr|Q7S0V6|Q7S0V6_NEUCR	tr|Q7S0V6|Q7S0V6_NEUCR	100
tr|Q7S110|Q7S110_NEUCR	tr|Q7S110|Q7S110_NEUCR	100
tr|Q7S134|Q7S134_NEUCR	tr|Q7S134|Q7S134_NEUCR	100
sp|Q7S1P9|RAD5_NEUCR	sp|Q7S1P9|RAD5_NEUCR	100
tr|Q7S1R3|Q7S1R3_NEUCR	tr|Q7S1R3|Q7S1R3_NEUCR	100
tr|Q7S219|Q7S219_NEUCR	tr|Q7S219|Q7S219_NEUCR	100
tr|Q7S284|Q7S284_NEUCR	tr|Q7S284|Q7S284_NEUCR	100
tr|Q7S2Q5|Q7S2Q5_NEUCR	tr|Q7S2Q5|Q7S2Q5_NEUCR	100
tr|Q7S2S3|Q7S2S3_NEUCR	tr|Q7S2S3|Q7S2S3_NEUCR	100
tr|Q7S317|Q7S317_NEUCR	tr|Q7S317|Q7S317_NEUCR	100
tr|Q7S3A4|Q7S3A4_NEUCR	tr|Q7S3A4|Q7S3A4_NEUCR	100
tr|Q7S3A7|Q7S3A7_NEUCR	tr|Q7S3A7|Q7S3A7_NEUCR	100
tr|Q7S3P4|Q7S3P4_NEUCR	tr|Q7S3P4|Q7S3P4_NEUCR	100
tr|Q7S577|Q7S577_NEUCR	tr|Q7S577|Q7S577_NEUCR	100
tr|Q7S5A8|Q7S5A8_NEUCR	tr|Q7S5A8|Q7S5A8_NEUCR	100
tr|Q7S5K2|Q7S5K2_NEUCR	tr|Q7S5K2|Q7S5K2_NEUCR	100
tr|Q7S656|Q7S656_NEUCR	tr|Q7S656|Q7S656_NEUCR	100
tr|Q7S660|Q7S660_NEUCR	tr|Q7S660|Q7S660_NEUCR	100
tr|Q7S692|Q7S692_NEUCR	tr|Q7S692|Q7S692_NEUCR	100
tr|Q7S754|Q7S754_NEUCR	tr|Q7S754|Q7S754_NEUCR	100
tr|Q7S761|Q7S761_NEUCR	tr|Q7S761|Q7S761_NEUCR	100
tr|Q7S7B7|Q7S7B7_NEUCR	tr|Q7S7B7|Q7S7B7_NEUCR	100
tr|Q7S7E7|Q7S7E7_NEUCR	tr|Q7S7E7|Q7S7E7_NEUCR	100
tr|Q7S7E9|Q7S7E9_NEUCR	tr|Q7S7E9|Q7S7E9_NEUCR	100
tr|Q7S861|Q7S861_NEUCR	tr|Q7S861|Q7S861_NEUCR	100
tr|Q7S8L4|Q7S8L4_NEUCR	tr|Q7S8L4|Q7S8L4_NEUCR	100
tr|Q7S993|Q7S993_NEUCR	tr|Q7S993|Q7S993_NEUCR	100
tr|Q7SA64|Q7SA64_NEUCR	tr|Q7SA64|Q7SA64_NEUCR	100
tr|Q7SAE3|Q7SAE3_NEUCR	tr|Q7SAE3|Q7SAE3_NEUCR	100
tr|Q7SAU3|Q7SAU3_NEUCR	tr|Q7SAU3|Q7SAU3_NEUCR	100
tr|Q7SAU6|Q7SAU6_NEUCR	tr|Q7SAU6|Q7SAU6_NEUCR	100
tr|Q7SB08|Q7SB08_NEUCR	tr|Q7SB08|Q7SB08_NEUCR	100
tr|Q7SBY0|Q7SBY0_NEUCR	tr|Q7SBY0|Q7SBY0_NEUCR	100
tr|Q7SDC8|Q7SDC8_NEUCR	tr|Q7SDC8|Q7SDC8_NEUCR	100
tr|Q7SDL7|Q7SDL7_NEUCR	tr|Q7SDL7|Q7SDL7_NEUCR	100
tr|Q7SDP3|Q7SDP3_NEUCR	tr|Q7SDP3|Q7SDP3_NEUCR	100
sp|Q7SDZ1|ISN1_NEUCR	sp|Q7SDZ1|ISN1_NEUCR	100
tr|Q7SE78|Q7SE78_NEUCR	tr|Q7SE78|Q7SE78_NEUCR	100
tr|Q7SEH7|Q7SEH7_NEUCR	tr|Q7SEH7|Q7SEH7_NEUCR	100
tr|Q7SEI5|Q7SEI5_NEUCR	tr|Q7SEI5|Q7SEI5_NEUCR	100
tr|Q7SEV5|Q7SEV5_NEUCR	tr|Q7SEV5|Q7SEV5_NEUCR	100
tr|Q7SFV5|Q7SFV5_NEUCR	tr|Q7SFV5|Q7SFV5_NEUCR	100
tr|Q7SFZ5|Q7SFZ5_NEUCR	tr|Q7SFZ5|Q7SFZ5_NEUCR	100
tr|Q7SGF7|Q7SGF7_NEUCR	tr|Q7SGF7|Q7SGF7_NEUCR	100
tr|Q7SGG6|Q7SGG6_NEUCR	tr|Q7SGG6|Q7SGG6_NEUCR	100
tr|Q7SGQ6|Q7SGQ6_NEUCR	tr|Q7SGQ6|Q7SGQ6_NEUCR	100
tr|Q7SH04|Q7SH04_NEUCR	tr|Q7SH04|Q7SH04_NEUCR	100
tr|Q7SH57|Q7SH57_NEUCR	tr|Q7SH57|Q7SH57_NEUCR	100
tr|Q7SH96|Q7SH96_NEUCR	tr|Q7SH96|Q7SH96_NEUCR	100
tr|Q7SHU3|Q7SHU3_NEUCR	tr|Q7SHU3|Q7SHU3_NEUCR	100
tr|Q7SHW6|Q7SHW6_NEUCR	tr|Q7SHW6|Q7SHW6_NEUCR	100
tr|U9W4G5|U9W4G5_NEUCR	tr|U9W4G5|U9W4G5_NEUCR	100
tr|U9WGE4|U9WGE4_NEUCR	tr|U9WGE4|U9WGE4_NEUCR	100
tr|U9WGU8|U9WGU8_NEUCR	tr|U9WGU8|U9WGU8_NEUCR	100
tr|V5IL37|V5IL37_NEUCR	tr|V5IL37|V5IL37_NEUCR	100
tr|V5IM25|V5IM25_NEUCR	tr|V5IM25|V5IM25_NEUCR	100
tr|V5IMA3|V5IMA3_NEUCR	tr|V5IMA3|V5IMA3_NEUCR	100
tr|V5IMD2|V5IMD2_NEUCR	tr|V5IMD2|V5IMD2_NEUCR	100
tr|V5ING3|V5ING3_NEUCR	tr|V5ING3|V5ING3_NEUCR	100
tr|V5IP26|V5IP26_NEUCR	tr|V5IP26|V5IP26_NEUCR	100
tr|V5IP41|V5IP41_NEUCR	tr|V5IP41|V5IP41_NEUCR	100
tr|V5IP47|V5IP47_NEUCR	tr|V5IP47|V5IP47_NEUCR	100
tr|V5IPS3|V5IPS3_NEUCR	tr|V5IPS3|V5IPS3_NEUCR	100
tr|V5IR53|V5IR53_NEUCR	tr|V5IR53|V5IR53_NEUCR	100
tr|V5IRA9|V5IRA9_NEUCR	tr|V5IRA9|V5IRA9_NEUCR	100
tr|F5HCQ1|F5HCQ1_NEUCR	tr|F5HCQ1|F5HCQ1_NEUCR	100
tr|F5HE32|F5HE32_NEUCR	tr|F5HE32|F5HE32_NEUCR	100
sp|P22126|RAS1_NEUCR	sp|P22126|RAS1_NEUCR	100
sp|P47950|CYT4_NEUCR	sp|P47950|CYT4_NEUCR	100
tr|Q1K5V1|Q1K5V1_NEUCR	tr|Q1K5V1|Q1K5V1_NEUCR	100
tr|Q1K5V3|Q1K5V3_NEUCR	tr|Q1K5V3|Q1K5V3_NEUCR	100
tr|Q1K5Z7|Q1K5Z7_NEUCR	tr|Q1K5Z7|Q1K5Z7_NEUCR	100
tr|Q1K6N2|Q1K6N2_NEUCR	tr|Q1K6N2|Q1K6N2_NEUCR	100
tr|Q1K7H1|Q1K7H1_NEUCR	tr|Q1K7H1|Q1K7H1_NEUCR	100
tr|Q1K7R3|Q1K7R3_NEUCR	tr|Q1K7R3|Q1K7R3_NEUCR	100
tr|Q1K7V9|Q1K7V9_NEUCR	tr|Q1K7V9|Q1K7V9_NEUCR	100
tr|Q1K844|Q1K844_NEUCR	tr|Q1K844|Q1K844_NEUCR	100
tr|Q1K8B7|Q1K8B7_NEUCR	tr|Q1K8B7|Q1K8B7_NEUCR	100
tr|Q1K8E3|Q1K8E3_NEUCR	tr|Q1K8E3|Q1K8E3_NEUCR	100
tr|Q1K8E5|Q1K8E5_NEUCR	tr|Q1K8E5|Q1K8E5_NEUCR	100
tr|Q1K8T1|Q1K8T1_NEUCR	tr|Q1K8T1|Q1K8T1_NEUCR	100
tr|Q1K8X8|Q1K8X8_NEUCR	tr|Q1K8X8|Q1K8X8_NEUCR	100
tr|Q1K951|Q1K951_NEUCR	tr|Q1K951|Q1K951_NEUCR	100
tr|Q7RVS1|Q7RVS1_NEUCR	tr|Q7RVS1|Q7RVS1_NEUCR	100
tr|Q7RXQ7|Q7RXQ7_NEUCR	tr|Q7RXQ7|Q7RXQ7_NEUCR	100
tr|Q7RXV1|Q7RXV1_NEUCR	tr|Q7RXV1|Q7RXV1_NEUCR	100
tr|Q7RXW3|Q7RXW3_NEUCR	tr|Q7RXW3|Q7RXW3_NEUCR	100
tr|Q7RYB5|Q7RYB5_NEUCR	tr|Q7RYB5|Q7RYB5_NEUCR	100
tr|Q7RYE6|Q7RYE6_NEUCR	tr|Q7RYE6|Q7RYE6_NEUCR	100
tr|Q7RYK1|Q7RYK1_NEUCR	tr|Q7RYK1|Q7RYK1_NEUCR	100
tr|Q7RYV4|Q7RYV4_NEUCR	tr|Q7RYV4|Q7RYV4_NEUCR	100
tr|Q7RZS2|Q7RZS2_NEUCR	tr|Q7RZS2|Q7RZS2_NEUCR	100
tr|Q7S0U2|Q7S0U2_NEUCR	tr|Q7S0U2|Q7S0U2_NEUCR	100
tr|Q7S0V3|Q7S0V3_NEUCR	tr|Q7S0V3|Q7S0V3_NEUCR	100
tr|Q7S114|Q7S114_NEUCR	tr|Q7S114|Q7S114_NEUCR	100
tr|Q7S120|Q7S120_NEUCR	tr|Q7S120|Q7S120_NEUCR	100
tr|Q7S125|Q7S125_NEUCR	tr|Q7S125|Q7S125_NEUCR	100
tr|Q7S1B0|Q7S1B0_NEUCR	tr|Q7S1B0|Q7S1B0_NEUCR	100
tr|Q7S1N1|Q7S1N1_NEUCR	tr|Q7S1N1|Q7S1N1_NEUCR	100
tr|Q7S1W6|Q7S1W6_NEUCR	tr|Q7S1W6|Q7S1W6_NEUCR	100
tr|Q7S201|Q7S201_NEUCR	tr|Q7S201|Q7S201_NEUCR	100
tr|Q7S391|Q7S391_NEUCR	tr|Q7S391|Q7S391_NEUCR	100
tr|Q7S3D7|Q7S3D7_NEUCR	tr|Q7S3D7|Q7S3D7_NEUCR	100
tr|Q7S3K5|Q7S3K5_NEUCR	tr|Q7S3K5|Q7S3K5_NEUCR	100
tr|Q7S3T9|Q7S3T9_NEUCR	tr|Q7S3T9|Q7S3T9_NEUCR	100
tr|Q7S4A0|Q7S4A0_NEUCR	tr|Q7S4A0|Q7S4A0_NEUCR	100
tr|Q7S4Q6|Q7S4Q6_NEUCR	tr|Q7S4Q6|Q7S4Q6_NEUCR	100
tr|Q7S4R0|Q7S4R0_NEUCR	tr|Q7S4R0|Q7S4R0_NEUCR	100
tr|Q7S4R7|Q7S4R7_NEUCR	tr|Q7S4R7|Q7S4R7_NEUCR	100
tr|Q7S4V1|Q7S4V1_NEUCR	tr|Q7S4V1|Q7S4V1_NEUCR	100
tr|Q7S509|Q7S509_NEUCR	tr|Q7S509|Q7S509_NEUCR	100
tr|Q7S5P6|Q7S5P6_NEUCR	tr|Q7S5P6|Q7S5P6_NEUCR	100
tr|Q7S5X2|Q7S5X2_NEUCR	tr|Q7S5X2|Q7S5X2_NEUCR	100
tr|Q7S676|Q7S676_NEUCR	tr|Q7S676|Q7S676_NEUCR	100
tr|Q7S6A6|Q7S6A6_NEUCR	tr|Q7S6A6|Q7S6A6_NEUCR	100
tr|Q7S6L9|Q7S6L9_NEUCR	tr|Q7S6L9|Q7S6L9_NEUCR	100
tr|Q7S783|Q7S783_NEUCR	tr|Q7S783|Q7S783_NEUCR	100
tr|Q7S7G9|Q7S7G9_NEUCR	tr|Q7S7G9|Q7S7G9_NEUCR	100
tr|Q7S8A4|Q7S8A4_NEUCR	tr|Q7S8A4|Q7S8A4_NEUCR	100
tr|Q7S8K9|Q7S8K9_NEUCR	tr|Q7S8K9|Q7S8K9_NEUCR	100
tr|Q7S951|Q7S951_NEUCR	tr|Q7S951|Q7S951_NEUCR	100
tr|Q7S9F3|Q7S9F3_NEUCR	tr|Q7S9F3|Q7S9F3_NEUCR	100
tr|Q7SAK2|Q7SAK2_NEUCR	tr|Q7SAK2|Q7SAK2_NEUCR	100
tr|Q7SB09|Q7SB09_NEUCR	tr|Q7SB09|Q7SB09_NEUCR	100
tr|Q7SBQ2|Q7SBQ2_NEUCR	tr|Q7SBQ2|Q7SBQ2_NEUCR	100
tr|Q7SBR0|Q7SBR0_NEUCR	tr|Q7SBR0|Q7SBR0_NEUCR	100
sp|Q7SC44|RM24_NEUCR	sp|Q7SC44|RM24_NEUCR	100
tr|Q7SCN5|Q7SCN5_NEUCR	tr|Q7SCN5|Q7SCN5_NEUCR	100
tr|Q7SCS3|Q7SCS3_NEUCR	tr|Q7SCS3|Q7SCS3_NEUCR	100
tr|Q7SCY9|Q7SCY9_NEUCR	tr|Q7SCY9|Q7SCY9_NEUCR	100
tr|Q7SD50|Q7SD50_NEUCR	tr|Q7SD50|Q7SD50_NEUCR	100
tr|Q7SDI2|Q7SDI2_NEUCR	tr|Q7SDI2|Q7SDI2_NEUCR	100
tr|Q7SDN4|Q7SDN4_NEUCR	tr|Q7SDN4|Q7SDN4_NEUCR	100
tr|Q7SDT7|Q7SDT7_NEUCR	tr|Q7SDT7|Q7SDT7_NEUCR	100
sp|Q7SDU4|NACB_NEUCR	sp|Q7SDU4|NACB_NEUCR	100
tr|Q7SE29|Q7SE29_NEUCR	tr|Q7SE29|Q7SE29_NEUCR	100
tr|Q7SE43|Q7SE43_NEUCR	tr|Q7SE43|Q7SE43_NEUCR	100
tr|Q7SEA6|Q7SEA6_NEUCR	tr|Q7SEA6|Q7SEA6_NEUCR	100
tr|Q7SFL5|Q7SFL5_NEUCR	tr|Q7SFL5|Q7SFL5_NEUCR	100
tr|Q7SFV2|Q7SFV2_NEUCR	tr|Q7SFV2|Q7SFV2_NEUCR	100
tr|Q7SG68|Q7SG68_NEUCR	tr|Q7SG68|Q7SG68_NEUCR	100
tr|Q7SGD0|Q7SGD0_NEUCR	tr|Q7SGD0|Q7SGD0_NEUCR	100
tr|Q7SGD6|Q7SGD6_NEUCR	tr|Q7SGD6|Q7SGD6_NEUCR	100
tr|Q7SGF0|Q7SGF0_NEUCR	tr|Q7SGF0|Q7SGF0_NEUCR	100
tr|Q7SGF6|Q7SGF6_NEUCR	tr|Q7SGF6|Q7SGF6_NEUCR	100
tr|Q7SH99|Q7SH99_NEUCR	tr|Q7SH99|Q7SH99_NEUCR	100
tr|Q7SI52|Q7SI52_NEUCR	tr|Q7SI52|Q7SI52_NEUCR	100
sp|Q96U08|S2538_NEUCR	sp|Q96U08|S2538_NEUCR	100
tr|U9W8A1|U9W8A1_NEUCR	tr|U9W8A1|U9W8A1_NEUCR	100
tr|U9W8J1|U9W8J1_NEUCR	tr|U9W8J1|U9W8J1_NEUCR	100
tr|U9WGT0|U9WGT0_NEUCR	tr|U9WGT0|U9WGT0_NEUCR	100
tr|V5IL93|V5IL93_NEUCR	tr|V5IL93|V5IL93_NEUCR	100
tr|V5ILB7|V5ILB7_NEUCR	tr|V5ILB7|V5ILB7_NEUCR	100
tr|V5ILN0|V5ILN0_NEUCR	tr|V5ILN0|V5ILN0_NEUCR	100
tr|V5IM64|V5IM64_NEUCR	tr|V5IM64|V5IM64_NEUCR	100
tr|V5IMP5|V5IMP5_NEUCR	tr|V5IMP5|V5IMP5_NEUCR	100
tr|V5IMU7|V5IMU7_NEUCR	tr|V5IMU7|V5IMU7_NEUCR	100
tr|V5INA8|V5INA8_NEUCR	tr|V5INA8|V5INA8_NEUCR	100
tr|V5IPA4|V5IPA4_NEUCR	tr|V5IPA4|V5IPA4_NEUCR	100
tr|V5IQ84|V5IQ84_NEUCR	tr|V5IQ84|V5IQ84_NEUCR	100
tr|V5IQI9|V5IQI9_NEUCR	tr|V5IQI9|V5IQI9_NEUCR	100
tr|V5IQJ5|V5IQJ5_NEUCR	tr|V5IQJ5|V5IQJ5_NEUCR	100
tr|V5IQV0|V5IQV0_NEUCR	tr|V5IQV0|V5IQV0_NEUCR	100
tr|V5IR26|V5IR26_NEUCR	tr|V5IR26|V5IR26_NEUCR	100
tr|V5IRR5|V5IRR5_NEUCR	tr|V5IRR5|V5IRR5_NEUCR	100
tr|A7UVY0|A7UVY0_NEUCR	tr|A7UVY0|A7UVY0_NEUCR	100
tr|A7UW07|A7UW07_NEUCR	tr|A7UW07|A7UW07_NEUCR	100
tr|F5HB83|F5HB83_NEUCR	tr|F5HB83|F5HB83_NEUCR	100
tr|F5HD67|F5HD67_NEUCR	tr|F5HD67|F5HD67_NEUCR	100
tr|F5HDV7|F5HDV7_NEUCR	tr|F5HDV7|F5HDV7_NEUCR	100
sp|P38670|ERG24_NEUCR	sp|P38670|ERG24_NEUCR	100
sp|P45443|DYHC_NEUCR	sp|P45443|DYHC_NEUCR	100
sp|Q01373|FOX2_NEUCR	sp|Q01373|FOX2_NEUCR	100
tr|Q1K4N1|Q1K4N1_NEUCR	tr|Q1K4N1|Q1K4N1_NEUCR	100
sp|Q1K4P1|RM32_NEUCR	sp|Q1K4P1|RM32_NEUCR	100
tr|Q1K560|Q1K560_NEUCR	tr|Q1K560|Q1K560_NEUCR	100
tr|Q1K5B4|Q1K5B4_NEUCR	tr|Q1K5B4|Q1K5B4_NEUCR	100
tr|Q1K5B9|Q1K5B9_NEUCR	tr|Q1K5B9|Q1K5B9_NEUCR	100
tr|Q1K5U0|Q1K5U0_NEUCR	tr|Q1K5U0|Q1K5U0_NEUCR	100
tr|Q1K5W6|Q1K5W6_NEUCR	tr|Q1K5W6|Q1K5W6_NEUCR	100
tr|Q1K5Z3|Q1K5Z3_NEUCR	tr|Q1K5Z3|Q1K5Z3_NEUCR	100
tr|Q1K688|Q1K688_NEUCR	tr|Q1K688|Q1K688_NEUCR	100
tr|Q1K691|Q1K691_NEUCR	tr|Q1K691|Q1K691_NEUCR	100
tr|Q1K6E8|Q1K6E8_NEUCR	tr|Q1K6E8|Q1K6E8_NEUCR	100
tr|Q1K6K5|Q1K6K5_NEUCR	tr|Q1K6K5|Q1K6K5_NEUCR	100
tr|Q1K6T9|Q1K6T9_NEUCR	tr|Q1K6T9|Q1K6T9_NEUCR	100
tr|Q1K7S1|Q1K7S1_NEUCR	tr|Q1K7S1|Q1K7S1_NEUCR	100
tr|Q1K802|Q1K802_NEUCR	tr|Q1K802|Q1K802_NEUCR	100
tr|Q1K857|Q1K857_NEUCR	tr|Q1K857|Q1K857_NEUCR	100
tr|Q1K8B1|Q1K8B1_NEUCR	tr|Q1K8B1|Q1K8B1_NEUCR	100
tr|Q1K8D9|Q1K8D9_NEUCR	tr|Q1K8D9|Q1K8D9_NEUCR	100
tr|Q1K8P3|Q1K8P3_NEUCR	tr|Q1K8P3|Q1K8P3_NEUCR	100
tr|Q1K8P6|Q1K8P6_NEUCR	tr|Q1K8P6|Q1K8P6_NEUCR	100
sp|Q35134|IEND2_NEUCR	sp|Q35134|IEND2_NEUCR	100
tr|Q7RVN5|Q7RVN5_NEUCR	tr|Q7RVN5|Q7RVN5_NEUCR	100
tr|Q7RX08|Q7RX08_NEUCR	tr|Q7RX08|Q7RX08_NEUCR	100
tr|Q7RXA2|Q7RXA2_NEUCR	tr|Q7RXA2|Q7RXA2_NEUCR	100
tr|Q7RXL3|Q7RXL3_NEUCR	tr|Q7RXL3|Q7RXL3_NEUCR	100
tr|Q7RY32|Q7RY32_NEUCR	tr|Q7RY32|Q7RY32_NEUCR	100
tr|Q7RYA2|Q7RYA2_NEUCR	tr|Q7RYA2|Q7RYA2_NEUCR	100
tr|Q7RZ15|Q7RZ15_NEUCR	tr|Q7RZ15|Q7RZ15_NEUCR	100
tr|Q7RZ24|Q7RZ24_NEUCR	tr|Q7RZ24|Q7RZ24_NEUCR	100
tr|Q7RZS6|Q7RZS6_NEUCR	tr|Q7RZS6|Q7RZS6_NEUCR	100
tr|Q7S061|Q7S061_NEUCR	tr|Q7S061|Q7S061_NEUCR	100
tr|Q7S0F3|Q7S0F3_NEUCR	tr|Q7S0F3|Q7S0F3_NEUCR	100
tr|Q7S0Q0|Q7S0Q0_NEUCR	tr|Q7S0Q0|Q7S0Q0_NEUCR	100
tr|Q7S0W5|Q7S0W5_NEUCR	tr|Q7S0W5|Q7S0W5_NEUCR	100
tr|Q7S1A3|Q7S1A3_NEUCR	tr|Q7S1A3|Q7S1A3_NEUCR	100
tr|Q7S1L4|Q7S1L4_NEUCR	tr|Q7S1L4|Q7S1L4_NEUCR	100
tr|Q7S1R0|Q7S1R0_NEUCR	tr|Q7S1R0|Q7S1R0_NEUCR	100
tr|Q7S1R9|Q7S1R9_NEUCR	tr|Q7S1R9|Q7S1R9_NEUCR	100
tr|Q7S216|Q7S216_NEUCR	tr|Q7S216|Q7S216_NEUCR	100
tr|Q7S2P1|Q7S2P1_NEUCR	tr|Q7S2P1|Q7S2P1_NEUCR	100
tr|Q7S3D4|Q7S3D4_NEUCR	tr|Q7S3D4|Q7S3D4_NEUCR	100
tr|Q7S3W9|Q7S3W9_NEUCR	tr|Q7S3W9|Q7S3W9_NEUCR	100
tr|Q7S4V3|Q7S4V3_NEUCR	tr|Q7S4V3|Q7S4V3_NEUCR	100
tr|Q7S557|Q7S557_NEUCR	tr|Q7S557|Q7S557_NEUCR	100
tr|Q7S5T2|Q7S5T2_NEUCR	tr|Q7S5T2|Q7S5T2_NEUCR	100
tr|Q7S691|Q7S691_NEUCR	tr|Q7S691|Q7S691_NEUCR	100
tr|Q7S6D1|Q7S6D1_NEUCR	tr|Q7S6D1|Q7S6D1_NEUCR	100
tr|Q7S769|Q7S769_NEUCR	tr|Q7S769|Q7S769_NEUCR	100
tr|Q7S7C6|Q7S7C6_NEUCR	tr|Q7S7C6|Q7S7C6_NEUCR	100
tr|Q7S7V4|Q7S7V4_NEUCR	tr|Q7S7V4|Q7S7V4_NEUCR	100
tr|Q7S945|Q7S945_NEUCR	tr|Q7S945|Q7S945_NEUCR	100
tr|Q7S950|Q7S950_NEUCR	tr|Q7S950|Q7S950_NEUCR	100
sp|Q7S9V5|PHYA_NEUCR	sp|Q7S9V5|PHYA_NEUCR	100
tr|Q7SA29|Q7SA29_NEUCR	tr|Q7SA29|Q7SA29_NEUCR	100
sp|Q7SAC2|ATP25_NEUCR	sp|Q7SAC2|ATP25_NEUCR	100
sp|Q7SB98|RM10_NEUCR	sp|Q7SB98|RM10_NEUCR	100
tr|Q7SBD2|Q7SBD2_NEUCR	tr|Q7SBD2|Q7SBD2_NEUCR	100
tr|Q7SCU9|Q7SCU9_NEUCR	tr|Q7SCU9|Q7SCU9_NEUCR	100
tr|Q7SD36|Q7SD36_NEUCR	tr|Q7SD36|Q7SD36_NEUCR	100
tr|Q7SD64|Q7SD64_NEUCR	tr|Q7SD64|Q7SD64_NEUCR	100
tr|Q7SD91|Q7SD91_NEUCR	tr|Q7SD91|Q7SD91_NEUCR	100
tr|Q7SDK9|Q7SDK9_NEUCR	tr|Q7SDK9|Q7SDK9_NEUCR	100
tr|Q7SEJ7|Q7SEJ7_NEUCR	tr|Q7SEJ7|Q7SEJ7_NEUCR	100
sp|Q7SEZ0|USB1_NEUCR	sp|Q7SEZ0|USB1_NEUCR	100
tr|Q7SF97|Q7SF97_NEUCR	tr|Q7SF97|Q7SF97_NEUCR	100
tr|Q7SFG4|Q7SFG4_NEUCR	tr|Q7SFG4|Q7SFG4_NEUCR	100
tr|Q7SFI5|Q7SFI5_NEUCR	tr|Q7SFI5|Q7SFI5_NEUCR	100
tr|Q7SG77|Q7SG77_NEUCR	tr|Q7SG77|Q7SG77_NEUCR	100
tr|Q7SGJ9|Q7SGJ9_NEUCR	tr|Q7SGJ9|Q7SGJ9_NEUCR	100
tr|Q7SGP5|Q7SGP5_NEUCR	tr|Q7SGP5|Q7SGP5_NEUCR	100
tr|Q7SHK6|Q7SHK6_NEUCR	tr|Q7SHK6|Q7SHK6_NEUCR	100
tr|Q7SHN7|Q7SHN7_NEUCR	tr|Q7SHN7|Q7SHN7_NEUCR	100
tr|Q7SHS0|Q7SHS0_NEUCR	tr|Q7SHS0|Q7SHS0_NEUCR	100
tr|Q7SHY2|Q7SHY2_NEUCR	tr|Q7SHY2|Q7SHY2_NEUCR	100
tr|Q7SI08|Q7SI08_NEUCR	tr|Q7SI08|Q7SI08_NEUCR	100
sp|Q872S3|OS9_NEUCR	sp|Q872S3|OS9_NEUCR	100
tr|U9W3C4|U9W3C4_NEUCR	tr|U9W3C4|U9W3C4_NEUCR	100
tr|U9W8F8|U9W8F8_NEUCR	tr|U9W8F8|U9W8F8_NEUCR	100
tr|V5IKQ4|V5IKQ4_NEUCR	tr|V5IKQ4|V5IKQ4_NEUCR	100
tr|V5IKR0|V5IKR0_NEUCR	tr|V5IKR0|V5IKR0_NEUCR	100
tr|V5IKS3|V5IKS3_NEUCR	tr|V5IKS3|V5IKS3_NEUCR	100
tr|V5IL06|V5IL06_NEUCR	tr|V5IL06|V5IL06_NEUCR	100
tr|V5IL64|V5IL64_NEUCR	tr|V5IL64|V5IL64_NEUCR	100
tr|V5IL85|V5IL85_NEUCR	tr|V5IL85|V5IL85_NEUCR	100
tr|V5ILM7|V5ILM7_NEUCR	tr|V5ILM7|V5ILM7_NEUCR	100
tr|V5IM32|V5IM32_NEUCR	tr|V5IM32|V5IM32_NEUCR	100
tr|V5IM40|V5IM40_NEUCR	tr|V5IM40|V5IM40_NEUCR	100
tr|V5IMJ4|V5IMJ4_NEUCR	tr|V5IMJ4|V5IMJ4_NEUCR	100
tr|V5ING0|V5ING0_NEUCR	tr|V5ING0|V5ING0_NEUCR	100
tr|V5INH0|V5INH0_NEUCR	tr|V5INH0|V5INH0_NEUCR	100
tr|V5IPC4|V5IPC4_NEUCR	tr|V5IPC4|V5IPC4_NEUCR	100
tr|V5IQJ9|V5IQJ9_NEUCR	tr|V5IQJ9|V5IQJ9_NEUCR	100
tr|A7UW55|A7UW55_NEUCR	tr|A7UW55|A7UW55_NEUCR	100
tr|A7UW77|A7UW77_NEUCR	tr|A7UW77|A7UW77_NEUCR	100
tr|A7UWJ7|A7UWJ7_NEUCR	tr|A7UWJ7|A7UWJ7_NEUCR	100
tr|A7UWK3|A7UWK3_NEUCR	tr|A7UWK3|A7UWK3_NEUCR	100
tr|A7UXF2|A7UXF2_NEUCR	tr|A7UXF2|A7UXF2_NEUCR	100
sp|P0C2N8|DRS1_NEUCR	sp|P0C2N8|DRS1_NEUCR	100
sp|P11592|VATA_NEUCR	sp|P11592|VATA_NEUCR	100
tr|Q1K5A0|Q1K5A0_NEUCR	tr|Q1K5A0|Q1K5A0_NEUCR	100
tr|Q1K5J9|Q1K5J9_NEUCR	tr|Q1K5J9|Q1K5J9_NEUCR	100
tr|Q1K5Q6|Q1K5Q6_NEUCR	tr|Q1K5Q6|Q1K5Q6_NEUCR	100
tr|Q1K6J3|Q1K6J3_NEUCR	tr|Q1K6J3|Q1K6J3_NEUCR	100
tr|Q1K721|Q1K721_NEUCR	tr|Q1K721|Q1K721_NEUCR	100
tr|Q1K7M6|Q1K7M6_NEUCR	tr|Q1K7M6|Q1K7M6_NEUCR	100
tr|Q1K7T3|Q1K7T3_NEUCR	tr|Q1K7T3|Q1K7T3_NEUCR	100
tr|Q1K7U9|Q1K7U9_NEUCR	tr|Q1K7U9|Q1K7U9_NEUCR	100
tr|Q1K8L5|Q1K8L5_NEUCR	tr|Q1K8L5|Q1K8L5_NEUCR	100
tr|Q1K914|Q1K914_NEUCR	tr|Q1K914|Q1K914_NEUCR	100
tr|Q7RW95|Q7RW95_NEUCR	tr|Q7RW95|Q7RW95_NEUCR	100
tr|Q7RWP0|Q7RWP0_NEUCR	tr|Q7RWP0|Q7RWP0_NEUCR	100
tr|Q7RX58|Q7RX58_NEUCR	tr|Q7RX58|Q7RX58_NEUCR	100
tr|Q7RXE6|Q7RXE6_NEUCR	tr|Q7RXE6|Q7RXE6_NEUCR	100
tr|Q7RXJ4|Q7RXJ4_NEUCR	tr|Q7RXJ4|Q7RXJ4_NEUCR	100
sp|Q7RXK7|MED10_NEUCR	sp|Q7RXK7|MED10_NEUCR	100
tr|Q7RY51|Q7RY51_NEUCR	tr|Q7RY51|Q7RY51_NEUCR	100
tr|Q7RYG8|Q7RYG8_NEUCR	tr|Q7RYG8|Q7RYG8_NEUCR	100
tr|Q7RYK7|Q7RYK7_NEUCR	tr|Q7RYK7|Q7RYK7_NEUCR	100
tr|Q7RZL2|Q7RZL2_NEUCR	tr|Q7RZL2|Q7RZL2_NEUCR	100
tr|Q7RZX9|Q7RZX9_NEUCR	tr|Q7RZX9|Q7RZX9_NEUCR	100
tr|Q7S033|Q7S033_NEUCR	tr|Q7S033|Q7S033_NEUCR	100
tr|Q7S0J5|Q7S0J5_NEUCR	tr|Q7S0J5|Q7S0J5_NEUCR	100
tr|Q7S0T4|Q7S0T4_NEUCR	tr|Q7S0T4|Q7S0T4_NEUCR	100
tr|Q7S199|Q7S199_NEUCR	tr|Q7S199|Q7S199_NEUCR	100
tr|Q7S1D3|Q7S1D3_NEUCR	tr|Q7S1D3|Q7S1D3_NEUCR	100
tr|Q7S1N9|Q7S1N9_NEUCR	tr|Q7S1N9|Q7S1N9_NEUCR	100
tr|Q7S1S6|Q7S1S6_NEUCR	tr|Q7S1S6|Q7S1S6_NEUCR	100
tr|Q7S272|Q7S272_NEUCR	tr|Q7S272|Q7S272_NEUCR	100
tr|Q7S2G7|Q7S2G7_NEUCR	tr|Q7S2G7|Q7S2G7_NEUCR	100
tr|Q7S2K6|Q7S2K6_NEUCR	tr|Q7S2K6|Q7S2K6_NEUCR	100
tr|Q7S2Q1|Q7S2Q1_NEUCR	tr|Q7S2Q1|Q7S2Q1_NEUCR	100
tr|Q7S2R1|Q7S2R1_NEUCR	tr|Q7S2R1|Q7S2R1_NEUCR	100
tr|Q7S2R7|Q7S2R7_NEUCR	tr|Q7S2R7|Q7S2R7_NEUCR	100
tr|Q7S2S2|Q7S2S2_NEUCR	tr|Q7S2S2|Q7S2S2_NEUCR	100
tr|Q7S2Z2|Q7S2Z2_NEUCR	tr|Q7S2Z2|Q7S2Z2_NEUCR	100
tr|Q7S3J8|Q7S3J8_NEUCR	tr|Q7S3J8|Q7S3J8_NEUCR	100
tr|Q7S413|Q7S413_NEUCR	tr|Q7S413|Q7S413_NEUCR	100
tr|Q7S4B7|Q7S4B7_NEUCR	tr|Q7S4B7|Q7S4B7_NEUCR	100
tr|Q7S4I8|Q7S4I8_NEUCR	tr|Q7S4I8|Q7S4I8_NEUCR	100
tr|Q7S539|Q7S539_NEUCR	tr|Q7S539|Q7S539_NEUCR	100
tr|Q7S5H9|Q7S5H9_NEUCR	tr|Q7S5H9|Q7S5H9_NEUCR	100
tr|Q7S5R8|Q7S5R8_NEUCR	tr|Q7S5R8|Q7S5R8_NEUCR	100
tr|Q7S5S5|Q7S5S5_NEUCR	tr|Q7S5S5|Q7S5S5_NEUCR	100
tr|Q7S5T3|Q7S5T3_NEUCR	tr|Q7S5T3|Q7S5T3_NEUCR	100
tr|Q7S5U2|Q7S5U2_NEUCR	tr|Q7S5U2|Q7S5U2_NEUCR	100
tr|Q7S6B2|Q7S6B2_NEUCR	tr|Q7S6B2|Q7S6B2_NEUCR	100
tr|Q7S7E6|Q7S7E6_NEUCR	tr|Q7S7E6|Q7S7E6_NEUCR	100
tr|Q7S7F8|Q7S7F8_NEUCR	tr|Q7S7F8|Q7S7F8_NEUCR	100
tr|Q7S7W0|Q7S7W0_NEUCR	tr|Q7S7W0|Q7S7W0_NEUCR	100
tr|Q7S841|Q7S841_NEUCR	tr|Q7S841|Q7S841_NEUCR	100
tr|Q7S8S6|Q7S8S6_NEUCR	tr|Q7S8S6|Q7S8S6_NEUCR	100
tr|Q7S919|Q7S919_NEUCR	tr|Q7S919|Q7S919_NEUCR	100
tr|Q7S9C5|Q7S9C5_NEUCR	tr|Q7S9C5|Q7S9C5_NEUCR	100
tr|Q7S9F6|Q7S9F6_NEUCR	tr|Q7S9F6|Q7S9F6_NEUCR	100
tr|Q7S9M7|Q7S9M7_NEUCR	tr|Q7S9M7|Q7S9M7_NEUCR	100
tr|Q7S9W2|Q7S9W2_NEUCR	tr|Q7S9W2|Q7S9W2_NEUCR	100
tr|Q7SAH1|Q7SAH1_NEUCR	tr|Q7SAH1|Q7SAH1_NEUCR	100
tr|Q7SAL5|Q7SAL5_NEUCR	tr|Q7SAL5|Q7SAL5_NEUCR	100
tr|Q7SBN4|Q7SBN4_NEUCR	tr|Q7SBN4|Q7SBN4_NEUCR	100
tr|Q7SBZ4|Q7SBZ4_NEUCR	tr|Q7SBZ4|Q7SBZ4_NEUCR	100
tr|Q7SC90|Q7SC90_NEUCR	tr|Q7SC90|Q7SC90_NEUCR	100
tr|Q7SCP9|Q7SCP9_NEUCR	tr|Q7SCP9|Q7SCP9_NEUCR	100
tr|Q7SD27|Q7SD27_NEUCR	tr|Q7SD27|Q7SD27_NEUCR	100
tr|Q7SD72|Q7SD72_NEUCR	tr|Q7SD72|Q7SD72_NEUCR	100
tr|Q7SEL7|Q7SEL7_NEUCR	tr|Q7SEL7|Q7SEL7_NEUCR	100
tr|Q7SF22|Q7SF22_NEUCR	tr|Q7SF22|Q7SF22_NEUCR	100
tr|Q7SF63|Q7SF63_NEUCR	tr|Q7SF63|Q7SF63_NEUCR	100
tr|Q7SFV8|Q7SFV8_NEUCR	tr|Q7SFV8|Q7SFV8_NEUCR	100
tr|Q7SFZ0|Q7SFZ0_NEUCR	tr|Q7SFZ0|Q7SFZ0_NEUCR	100
sp|Q7SG06|PPIH_NEUCR	sp|Q7SG06|PPIH_NEUCR	100
sp|Q7SG49|RSM28_NEUCR	sp|Q7SG49|RSM28_NEUCR	100
tr|Q7SG89|Q7SG89_NEUCR	tr|Q7SG89|Q7SG89_NEUCR	100
tr|Q7SGB4|Q7SGB4_NEUCR	tr|Q7SGB4|Q7SGB4_NEUCR	100
tr|Q7SGK3|Q7SGK3_NEUCR	tr|Q7SGK3|Q7SGK3_NEUCR	100
tr|Q7SGK9|Q7SGK9_NEUCR	tr|Q7SGK9|Q7SGK9_NEUCR	100
tr|Q7SI10|Q7SI10_NEUCR	tr|Q7SI10|Q7SI10_NEUCR	100
tr|Q7SI43|Q7SI43_NEUCR	tr|Q7SI43|Q7SI43_NEUCR	100
sp|Q873L8|YME2_NEUCR	sp|Q873L8|YME2_NEUCR	100
tr|U9W4J2|U9W4J2_NEUCR	tr|U9W4J2|U9W4J2_NEUCR	100
tr|U9W879|U9W879_NEUCR	tr|U9W879|U9W879_NEUCR	100
tr|V5IKF8|V5IKF8_NEUCR	tr|V5IKF8|V5IKF8_NEUCR	100
tr|V5IL15|V5IL15_NEUCR	tr|V5IL15|V5IL15_NEUCR	100
tr|V5IL72|V5IL72_NEUCR	tr|V5IL72|V5IL72_NEUCR	100
tr|V5IM67|V5IM67_NEUCR	tr|V5IM67|V5IM67_NEUCR	100
tr|V5IMP1|V5IMP1_NEUCR	tr|V5IMP1|V5IMP1_NEUCR	100
tr|V5IMS2|V5IMS2_NEUCR	tr|V5IMS2|V5IMS2_NEUCR	100
tr|V5IMY6|V5IMY6_NEUCR	tr|V5IMY6|V5IMY6_NEUCR	100
tr|V5IND4|V5IND4_NEUCR	tr|V5IND4|V5IND4_NEUCR	100
tr|V5IPP4|V5IPP4_NEUCR	tr|V5IPP4|V5IPP4_NEUCR	100
tr|V5IPR6|V5IPR6_NEUCR	tr|V5IPR6|V5IPR6_NEUCR	100
tr|V5IQP2|V5IQP2_NEUCR	tr|V5IQP2|V5IQP2_NEUCR	100
tr|V5IRG1|V5IRG1_NEUCR	tr|V5IRG1|V5IRG1_NEUCR	100
tr|A7UWJ2|A7UWJ2_NEUCR	tr|A7UWJ2|A7UWJ2_NEUCR	100
tr|A7UWL2|A7UWL2_NEUCR	tr|A7UWL2|A7UWL2_NEUCR	100
tr|A7UWV4|A7UWV4_NEUCR	tr|A7UWV4|A7UWV4_NEUCR	100
tr|A7UX42|A7UX42_NEUCR	tr|A7UX42|A7UX42_NEUCR	100
tr|M1RV38|M1RV38_NEUCR	tr|M1RV38|M1RV38_NEUCR	100
sp|P38677|CMLE_NEUCR	sp|P38677|CMLE_NEUCR	100
sp|P48503|QCR8_NEUCR	sp|P48503|QCR8_NEUCR	100
tr|Q1K4V4|Q1K4V4_NEUCR	tr|Q1K4V4|Q1K4V4_NEUCR	100
tr|Q1K5L6|Q1K5L6_NEUCR	tr|Q1K5L6|Q1K5L6_NEUCR	100
tr|Q1K5T6|Q1K5T6_NEUCR	tr|Q1K5T6|Q1K5T6_NEUCR	100
tr|Q1K665|Q1K665_NEUCR	tr|Q1K665|Q1K665_NEUCR	100
tr|Q1K6I3|Q1K6I3_NEUCR	tr|Q1K6I3|Q1K6I3_NEUCR	100
sp|Q1K6Q3|FYV4_NEUCR	sp|Q1K6Q3|FYV4_NEUCR	100
tr|Q1K713|Q1K713_NEUCR	tr|Q1K713|Q1K713_NEUCR	100
tr|Q1K809|Q1K809_NEUCR	tr|Q1K809|Q1K809_NEUCR	100
tr|Q1K814|Q1K814_NEUCR	tr|Q1K814|Q1K814_NEUCR	100
tr|Q1K885|Q1K885_NEUCR	tr|Q1K885|Q1K885_NEUCR	100
tr|Q1K8D4|Q1K8D4_NEUCR	tr|Q1K8D4|Q1K8D4_NEUCR	100
tr|Q1K8E1|Q1K8E1_NEUCR	tr|Q1K8E1|Q1K8E1_NEUCR	100
tr|Q7RVV0|Q7RVV0_NEUCR	tr|Q7RVV0|Q7RVV0_NEUCR	100
tr|Q7RVZ5|Q7RVZ5_NEUCR	tr|Q7RVZ5|Q7RVZ5_NEUCR	100
tr|Q7RWB8|Q7RWB8_NEUCR	tr|Q7RWB8|Q7RWB8_NEUCR	100
tr|Q7RWU2|Q7RWU2_NEUCR	tr|Q7RWU2|Q7RWU2_NEUCR	100
tr|Q7RXB6|Q7RXB6_NEUCR	tr|Q7RXB6|Q7RXB6_NEUCR	100
tr|Q7RXD8|Q7RXD8_NEUCR	tr|Q7RXD8|Q7RXD8_NEUCR	100
tr|Q7RXM4|Q7RXM4_NEUCR	tr|Q7RXM4|Q7RXM4_NEUCR	100
tr|Q7RXN6|Q7RXN6_NEUCR	tr|Q7RXN6|Q7RXN6_NEUCR	100
tr|Q7RY37|Q7RY37_NEUCR	tr|Q7RY37|Q7RY37_NEUCR	100
tr|Q7RYJ8|Q7RYJ8_NEUCR	tr|Q7RYJ8|Q7RYJ8_NEUCR	100
tr|Q7RYL0|Q7RYL0_NEUCR	tr|Q7RYL0|Q7RYL0_NEUCR	100
tr|Q7RYT0|Q7RYT0_NEUCR	tr|Q7RYT0|Q7RYT0_NEUCR	100
tr|Q7RYT2|Q7RYT2_NEUCR	tr|Q7RYT2|Q7RYT2_NEUCR	100
tr|Q7RZT8|Q7RZT8_NEUCR	tr|Q7RZT8|Q7RZT8_NEUCR	100
tr|Q7RZZ3|Q7RZZ3_NEUCR	tr|Q7RZZ3|Q7RZZ3_NEUCR	100
tr|Q7S031|Q7S031_NEUCR	tr|Q7S031|Q7S031_NEUCR	100
tr|Q7S043|Q7S043_NEUCR	tr|Q7S043|Q7S043_NEUCR	100
tr|Q7S0D7|Q7S0D7_NEUCR	tr|Q7S0D7|Q7S0D7_NEUCR	100
tr|Q7S189|Q7S189_NEUCR	tr|Q7S189|Q7S189_NEUCR	100
tr|Q7S1C3|Q7S1C3_NEUCR	tr|Q7S1C3|Q7S1C3_NEUCR	100
tr|Q7S1S5|Q7S1S5_NEUCR	tr|Q7S1S5|Q7S1S5_NEUCR	100
tr|Q7S234|Q7S234_NEUCR	tr|Q7S234|Q7S234_NEUCR	100
tr|Q7S282|Q7S282_NEUCR	tr|Q7S282|Q7S282_NEUCR	100
tr|Q7S2L8|Q7S2L8_NEUCR	tr|Q7S2L8|Q7S2L8_NEUCR	100
tr|Q7S3H4|Q7S3H4_NEUCR	tr|Q7S3H4|Q7S3H4_NEUCR	100
tr|Q7S3H8|Q7S3H8_NEUCR	tr|Q7S3H8|Q7S3H8_NEUCR	100
tr|Q7S3J9|Q7S3J9_NEUCR	tr|Q7S3J9|Q7S3J9_NEUCR	100
tr|Q7S3R4|Q7S3R4_NEUCR	tr|Q7S3R4|Q7S3R4_NEUCR	100
tr|Q7S483|Q7S483_NEUCR	tr|Q7S483|Q7S483_NEUCR	100
tr|Q7S4F8|Q7S4F8_NEUCR	tr|Q7S4F8|Q7S4F8_NEUCR	100
tr|Q7S5M9|Q7S5M9_NEUCR	tr|Q7S5M9|Q7S5M9_NEUCR	100
tr|Q7S5T7|Q7S5T7_NEUCR	tr|Q7S5T7|Q7S5T7_NEUCR	100
tr|Q7S5W5|Q7S5W5_NEUCR	tr|Q7S5W5|Q7S5W5_NEUCR	100
tr|Q7S662|Q7S662_NEUCR	tr|Q7S662|Q7S662_NEUCR	100
tr|Q7S6A3|Q7S6A3_NEUCR	tr|Q7S6A3|Q7S6A3_NEUCR	100
tr|Q7S6B6|Q7S6B6_NEUCR	tr|Q7S6B6|Q7S6B6_NEUCR	100
tr|Q7S6N1|Q7S6N1_NEUCR	tr|Q7S6N1|Q7S6N1_NEUCR	100
tr|Q7S881|Q7S881_NEUCR	tr|Q7S881|Q7S881_NEUCR	100
tr|Q7S8Q6|Q7S8Q6_NEUCR	tr|Q7S8Q6|Q7S8Q6_NEUCR	100
tr|Q7S8U6|Q7S8U6_NEUCR	tr|Q7S8U6|Q7S8U6_NEUCR	100
tr|Q7S903|Q7S903_NEUCR	tr|Q7S903|Q7S903_NEUCR	100
sp|Q7S9Y9|EIF3H_NEUCR	sp|Q7S9Y9|EIF3H_NEUCR	100
tr|Q7SA73|Q7SA73_NEUCR	tr|Q7SA73|Q7SA73_NEUCR	100
tr|Q7SAS8|Q7SAS8_NEUCR	tr|Q7SAS8|Q7SAS8_NEUCR	100
tr|Q7SAV5|Q7SAV5_NEUCR	tr|Q7SAV5|Q7SAV5_NEUCR	100
tr|Q7SAW2|Q7SAW2_NEUCR	tr|Q7SAW2|Q7SAW2_NEUCR	100
tr|Q7SBJ7|Q7SBJ7_NEUCR	tr|Q7SBJ7|Q7SBJ7_NEUCR	100
tr|Q7SBQ1|Q7SBQ1_NEUCR	tr|Q7SBQ1|Q7SBQ1_NEUCR	100
tr|Q7SC47|Q7SC47_NEUCR	tr|Q7SC47|Q7SC47_NEUCR	100
tr|Q7SCC7|Q7SCC7_NEUCR	tr|Q7SCC7|Q7SCC7_NEUCR	100
tr|Q7SD92|Q7SD92_NEUCR	tr|Q7SD92|Q7SD92_NEUCR	100
tr|Q7SDR8|Q7SDR8_NEUCR	tr|Q7SDR8|Q7SDR8_NEUCR	100
tr|Q7SE22|Q7SE22_NEUCR	tr|Q7SE22|Q7SE22_NEUCR	100
sp|Q7SEY9|ERO1_NEUCR	sp|Q7SEY9|ERO1_NEUCR	100
tr|Q7SF41|Q7SF41_NEUCR	tr|Q7SF41|Q7SF41_NEUCR	100
tr|Q7SFL9|Q7SFL9_NEUCR	tr|Q7SFL9|Q7SFL9_NEUCR	100
tr|Q7SFS7|Q7SFS7_NEUCR	tr|Q7SFS7|Q7SFS7_NEUCR	100
tr|Q7SG56|Q7SG56_NEUCR	tr|Q7SG56|Q7SG56_NEUCR	100
tr|Q7SG95|Q7SG95_NEUCR	tr|Q7SG95|Q7SG95_NEUCR	100
tr|Q7SGE3|Q7SGE3_NEUCR	tr|Q7SGE3|Q7SGE3_NEUCR	100
tr|Q7SGP0|Q7SGP0_NEUCR	tr|Q7SGP0|Q7SGP0_NEUCR	100
tr|Q7SGR3|Q7SGR3_NEUCR	tr|Q7SGR3|Q7SGR3_NEUCR	100
sp|Q7SH92|SNX3_NEUCR	sp|Q7SH92|SNX3_NEUCR	100
tr|Q7SHB7|Q7SHB7_NEUCR	tr|Q7SHB7|Q7SHB7_NEUCR	100
tr|Q7SHM0|Q7SHM0_NEUCR	tr|Q7SHM0|Q7SHM0_NEUCR	100
sp|Q870S2|IWS1_NEUCR	sp|Q870S2|IWS1_NEUCR	100
tr|U9W303|U9W303_NEUCR	tr|U9W303|U9W303_NEUCR	100
tr|U9W3R7|U9W3R7_NEUCR	tr|U9W3R7|U9W3R7_NEUCR	100
tr|U9W4G0|U9W4G0_NEUCR	tr|U9W4G0|U9W4G0_NEUCR	100
tr|V5IKB3|V5IKB3_NEUCR	tr|V5IKB3|V5IKB3_NEUCR	100
tr|V5IKJ9|V5IKJ9_NEUCR	tr|V5IKJ9|V5IKJ9_NEUCR	100
tr|V5IKS1|V5IKS1_NEUCR	tr|V5IKS1|V5IKS1_NEUCR	100
tr|V5IN13|V5IN13_NEUCR	tr|V5IN13|V5IN13_NEUCR	100
tr|V5IN65|V5IN65_NEUCR	tr|V5IN65|V5IN65_NEUCR	100
tr|V5INA4|V5INA4_NEUCR	tr|V5INA4|V5INA4_NEUCR	100
tr|V5IPA3|V5IPA3_NEUCR	tr|V5IPA3|V5IPA3_NEUCR	100
tr|V5IQ42|V5IQ42_NEUCR	tr|V5IQ42|V5IQ42_NEUCR	100
tr|V5IQ64|V5IQ64_NEUCR	tr|V5IQ64|V5IQ64_NEUCR	100
tr|V5IQH8|V5IQH8_NEUCR	tr|V5IQH8|V5IQH8_NEUCR	100
tr|V5IQX0|V5IQX0_NEUCR	tr|V5IQX0|V5IQX0_NEUCR	100
tr|V5IRD3|V5IRD3_NEUCR	tr|V5IRD3|V5IRD3_NEUCR	100
tr|A7UW79|A7UW79_NEUCR	tr|A7UW79|A7UW79_NEUCR	100
tr|A7UWK1|A7UWK1_NEUCR	tr|A7UWK1|A7UWK1_NEUCR	100
tr|A7UWP7|A7UWP7_NEUCR	tr|A7UWP7|A7UWP7_NEUCR	100
tr|F5HGH3|F5HGH3_NEUCR	tr|F5HGH3|F5HGH3_NEUCR	100
sp|Q04571|RODL_NEUCR	sp|Q04571|RODL_NEUCR	100
sp|Q07842|NDUA2_NEUCR	sp|Q07842|NDUA2_NEUCR	100
tr|Q1K4P3|Q1K4P3_NEUCR	tr|Q1K4P3|Q1K4P3_NEUCR	100
tr|Q1K4Y0|Q1K4Y0_NEUCR	tr|Q1K4Y0|Q1K4Y0_NEUCR	100
tr|Q1K5F1|Q1K5F1_NEUCR	tr|Q1K5F1|Q1K5F1_NEUCR	100
tr|Q1K5T0|Q1K5T0_NEUCR	tr|Q1K5T0|Q1K5T0_NEUCR	100
tr|Q1K6A2|Q1K6A2_NEUCR	tr|Q1K6A2|Q1K6A2_NEUCR	100
tr|Q1K6M5|Q1K6M5_NEUCR	tr|Q1K6M5|Q1K6M5_NEUCR	100
tr|Q1K6P9|Q1K6P9_NEUCR	tr|Q1K6P9|Q1K6P9_NEUCR	100
tr|Q1K6X2|Q1K6X2_NEUCR	tr|Q1K6X2|Q1K6X2_NEUCR	100
tr|Q1K767|Q1K767_NEUCR	tr|Q1K767|Q1K767_NEUCR	100
tr|Q1K7A8|Q1K7A8_NEUCR	tr|Q1K7A8|Q1K7A8_NEUCR	100
tr|Q1K7C0|Q1K7C0_NEUCR	tr|Q1K7C0|Q1K7C0_NEUCR	100
tr|Q1K7D0|Q1K7D0_NEUCR	tr|Q1K7D0|Q1K7D0_NEUCR	100
tr|Q1K7Z1|Q1K7Z1_NEUCR	tr|Q1K7Z1|Q1K7Z1_NEUCR	100
tr|Q1K815|Q1K815_NEUCR	tr|Q1K815|Q1K815_NEUCR	100
tr|Q1K829|Q1K829_NEUCR	tr|Q1K829|Q1K829_NEUCR	100
tr|Q1K8C7|Q1K8C7_NEUCR	tr|Q1K8C7|Q1K8C7_NEUCR	100
tr|Q1K8J9|Q1K8J9_NEUCR	tr|Q1K8J9|Q1K8J9_NEUCR	100
tr|Q1K8M3|Q1K8M3_NEUCR	tr|Q1K8M3|Q1K8M3_NEUCR	100
tr|Q1K8R8|Q1K8R8_NEUCR	tr|Q1K8R8|Q1K8R8_NEUCR	100
tr|Q7RWH3|Q7RWH3_NEUCR	tr|Q7RWH3|Q7RWH3_NEUCR	100
tr|Q7RWQ7|Q7RWQ7_NEUCR	tr|Q7RWQ7|Q7RWQ7_NEUCR	100
tr|Q7RWR3|Q7RWR3_NEUCR	tr|Q7RWR3|Q7RWR3_NEUCR	100
tr|Q7RXK4|Q7RXK4_NEUCR	tr|Q7RXK4|Q7RXK4_NEUCR	100
tr|Q7RXP2|Q7RXP2_NEUCR	tr|Q7RXP2|Q7RXP2_NEUCR	100
tr|Q7RXS3|Q7RXS3_NEUCR	tr|Q7RXS3|Q7RXS3_NEUCR	100
tr|Q7RXU5|Q7RXU5_NEUCR	tr|Q7RXU5|Q7RXU5_NEUCR	100
tr|Q7RZF8|Q7RZF8_NEUCR	tr|Q7RZF8|Q7RZF8_NEUCR	100
tr|Q7S072|Q7S072_NEUCR	tr|Q7S072|Q7S072_NEUCR	100
tr|Q7S0B7|Q7S0B7_NEUCR	tr|Q7S0B7|Q7S0B7_NEUCR	100
tr|Q7S1C6|Q7S1C6_NEUCR	tr|Q7S1C6|Q7S1C6_NEUCR	100
tr|Q7S1M8|Q7S1M8_NEUCR	tr|Q7S1M8|Q7S1M8_NEUCR	100
sp|Q7S1R6|RM15_NEUCR	sp|Q7S1R6|RM15_NEUCR	100
tr|Q7S2B5|Q7S2B5_NEUCR	tr|Q7S2B5|Q7S2B5_NEUCR	100
tr|Q7S2G0|Q7S2G0_NEUCR	tr|Q7S2G0|Q7S2G0_NEUCR	100
tr|Q7S2U1|Q7S2U1_NEUCR	tr|Q7S2U1|Q7S2U1_NEUCR	100
tr|Q7S2Z5|Q7S2Z5_NEUCR	tr|Q7S2Z5|Q7S2Z5_NEUCR	100
tr|Q7S316|Q7S316_NEUCR	tr|Q7S316|Q7S316_NEUCR	100
tr|Q7S3C1|Q7S3C1_NEUCR	tr|Q7S3C1|Q7S3C1_NEUCR	100
tr|Q7S416|Q7S416_NEUCR	tr|Q7S416|Q7S416_NEUCR	100
tr|Q7S424|Q7S424_NEUCR	tr|Q7S424|Q7S424_NEUCR	100
tr|Q7S465|Q7S465_NEUCR	tr|Q7S465|Q7S465_NEUCR	100
tr|Q7S488|Q7S488_NEUCR	tr|Q7S488|Q7S488_NEUCR	100
tr|Q7S505|Q7S505_NEUCR	tr|Q7S505|Q7S505_NEUCR	100
tr|Q7S5F4|Q7S5F4_NEUCR	tr|Q7S5F4|Q7S5F4_NEUCR	100
tr|Q7S683|Q7S683_NEUCR	tr|Q7S683|Q7S683_NEUCR	100
tr|Q7S6H9|Q7S6H9_NEUCR	tr|Q7S6H9|Q7S6H9_NEUCR	100
tr|Q7S6Q0|Q7S6Q0_NEUCR	tr|Q7S6Q0|Q7S6Q0_NEUCR	100
tr|Q7S7H5|Q7S7H5_NEUCR	tr|Q7S7H5|Q7S7H5_NEUCR	100
tr|Q7S805|Q7S805_NEUCR	tr|Q7S805|Q7S805_NEUCR	100
tr|Q7S8L0|Q7S8L0_NEUCR	tr|Q7S8L0|Q7S8L0_NEUCR	100
tr|Q7S9K8|Q7S9K8_NEUCR	tr|Q7S9K8|Q7S9K8_NEUCR	100
tr|Q7S9M0|Q7S9M0_NEUCR	tr|Q7S9M0|Q7S9M0_NEUCR	100
tr|Q7S9R1|Q7S9R1_NEUCR	tr|Q7S9R1|Q7S9R1_NEUCR	100
tr|Q7SA07|Q7SA07_NEUCR	tr|Q7SA07|Q7SA07_NEUCR	100
tr|Q7SAU5|Q7SAU5_NEUCR	tr|Q7SAU5|Q7SAU5_NEUCR	100
tr|Q7SAW5|Q7SAW5_NEUCR	tr|Q7SAW5|Q7SAW5_NEUCR	100
tr|Q7SAX2|Q7SAX2_NEUCR	tr|Q7SAX2|Q7SAX2_NEUCR	100
tr|Q7SBF4|Q7SBF4_NEUCR	tr|Q7SBF4|Q7SBF4_NEUCR	100
tr|Q7SBJ6|Q7SBJ6_NEUCR	tr|Q7SBJ6|Q7SBJ6_NEUCR	100
tr|Q7SBT8|Q7SBT8_NEUCR	tr|Q7SBT8|Q7SBT8_NEUCR	100
tr|Q7SCA9|Q7SCA9_NEUCR	tr|Q7SCA9|Q7SCA9_NEUCR	100
tr|Q7SCC3|Q7SCC3_NEUCR	tr|Q7SCC3|Q7SCC3_NEUCR	100
sp|Q7SCE9|AA13_NEUCR	sp|Q7SCE9|AA13_NEUCR	100
tr|Q7SCN9|Q7SCN9_NEUCR	tr|Q7SCN9|Q7SCN9_NEUCR	100
tr|Q7SCS0|Q7SCS0_NEUCR	tr|Q7SCS0|Q7SCS0_NEUCR	100
tr|Q7SCT6|Q7SCT6_NEUCR	tr|Q7SCT6|Q7SCT6_NEUCR	100
sp|Q7SCY6|PFA4_NEUCR	sp|Q7SCY6|PFA4_NEUCR	100
tr|Q7SDG5|Q7SDG5_NEUCR	tr|Q7SDG5|Q7SDG5_NEUCR	100
tr|Q7SEM5|Q7SEM5_NEUCR	tr|Q7SEM5|Q7SEM5_NEUCR	100
tr|Q7SES6|Q7SES6_NEUCR	tr|Q7SES6|Q7SES6_NEUCR	100
tr|Q7SEV1|Q7SEV1_NEUCR	tr|Q7SEV1|Q7SEV1_NEUCR	100
tr|Q7SFH5|Q7SFH5_NEUCR	tr|Q7SFH5|Q7SFH5_NEUCR	100
tr|Q7SFN2|Q7SFN2_NEUCR	tr|Q7SFN2|Q7SFN2_NEUCR	100
tr|Q7SG63|Q7SG63_NEUCR	tr|Q7SG63|Q7SG63_NEUCR	100
sp|Q7SGG8|PPME1_NEUCR	sp|Q7SGG8|PPME1_NEUCR	100
sp|Q7SGR2|YTH1_NEUCR	sp|Q7SGR2|YTH1_NEUCR	100
tr|Q7SH07|Q7SH07_NEUCR	tr|Q7SH07|Q7SH07_NEUCR	100
tr|Q7SHA5|Q7SHA5_NEUCR	tr|Q7SHA5|Q7SHA5_NEUCR	100
tr|Q7SHC6|Q7SHC6_NEUCR	tr|Q7SHC6|Q7SHC6_NEUCR	100
tr|Q7SHT0|Q7SHT0_NEUCR	tr|Q7SHT0|Q7SHT0_NEUCR	100
sp|Q96U60|NDC80_NEUCR	sp|Q96U60|NDC80_NEUCR	100
tr|U9W3T2|U9W3T2_NEUCR	tr|U9W3T2|U9W3T2_NEUCR	100
tr|U9W5H7|U9W5H7_NEUCR	tr|U9W5H7|U9W5H7_NEUCR	100
tr|U9W809|U9W809_NEUCR	tr|U9W809|U9W809_NEUCR	100
tr|V5IL65|V5IL65_NEUCR	tr|V5IL65|V5IL65_NEUCR	100
tr|V5IMW7|V5IMW7_NEUCR	tr|V5IMW7|V5IMW7_NEUCR	100
tr|V5IN26|V5IN26_NEUCR	tr|V5IN26|V5IN26_NEUCR	100
tr|V5IP24|V5IP24_NEUCR	tr|V5IP24|V5IP24_NEUCR	100
tr|V5IPQ6|V5IPQ6_NEUCR	tr|V5IPQ6|V5IPQ6_NEUCR	100
tr|V5IPY1|V5IPY1_NEUCR	tr|V5IPY1|V5IPY1_NEUCR	100
tr|V5IQ07|V5IQ07_NEUCR	tr|V5IQ07|V5IQ07_NEUCR	100
tr|V5IQ73|V5IQ73_NEUCR	tr|V5IQ73|V5IQ73_NEUCR	100
tr|V5IQ76|V5IQ76_NEUCR	tr|V5IQ76|V5IQ76_NEUCR	100
tr|V5IQ80|V5IQ80_NEUCR	tr|V5IQ80|V5IQ80_NEUCR	100
tr|A7UW34|A7UW34_NEUCR	tr|A7UW34|A7UW34_NEUCR	100
sp|A7UW97|FEN1_NEUCR	sp|A7UW97|FEN1_NEUCR	100
tr|A7UWZ4|A7UWZ4_NEUCR	tr|A7UWZ4|A7UWZ4_NEUCR	100
tr|A7UX91|A7UX91_NEUCR	tr|A7UX91|A7UX91_NEUCR	100
tr|A7UXB6|A7UXB6_NEUCR	tr|A7UXB6|A7UXB6_NEUCR	100
tr|F5H9X0|F5H9X0_NEUCR	tr|F5H9X0|F5H9X0_NEUCR	100
tr|F5HD81|F5HD81_NEUCR	tr|F5HD81|F5HD81_NEUCR	100
tr|F5HDI3|F5HDI3_NEUCR	tr|F5HDI3|F5HDI3_NEUCR	100
sp|P13228|TRP_NEUCR	sp|P13228|TRP_NEUCR	100
sp|P14799|RS27A_NEUCR	sp|P14799|RS27A_NEUCR	100
sp|P38668|TBA1_NEUCR	sp|P38668|TBA1_NEUCR	100
sp|P48580|PP2A1_NEUCR	sp|P48580|PP2A1_NEUCR	100
sp|P78713|VATG_NEUCR	sp|P78713|VATG_NEUCR	100
sp|Q01306|CCG8_NEUCR	sp|Q01306|CCG8_NEUCR	100
tr|Q1K4W3|Q1K4W3_NEUCR	tr|Q1K4W3|Q1K4W3_NEUCR	100
tr|Q1K536|Q1K536_NEUCR	tr|Q1K536|Q1K536_NEUCR	100
tr|Q1K5C6|Q1K5C6_NEUCR	tr|Q1K5C6|Q1K5C6_NEUCR	100
tr|Q1K5M7|Q1K5M7_NEUCR	tr|Q1K5M7|Q1K5M7_NEUCR	100
tr|Q1K670|Q1K670_NEUCR	tr|Q1K670|Q1K670_NEUCR	100
tr|Q1K6A5|Q1K6A5_NEUCR	tr|Q1K6A5|Q1K6A5_NEUCR	100
sp|Q1K6P0|RM07_NEUCR	sp|Q1K6P0|RM07_NEUCR	100
tr|Q1K726|Q1K726_NEUCR	tr|Q1K726|Q1K726_NEUCR	100
tr|Q1K747|Q1K747_NEUCR	tr|Q1K747|Q1K747_NEUCR	100
tr|Q1K7I3|Q1K7I3_NEUCR	tr|Q1K7I3|Q1K7I3_NEUCR	100
sp|Q6M981|FKB1B_NEUCR	sp|Q6M981|FKB1B_NEUCR	100
tr|Q7RUN5|Q7RUN5_NEUCR	tr|Q7RUN5|Q7RUN5_NEUCR	100
tr|Q7RW70|Q7RW70_NEUCR	tr|Q7RW70|Q7RW70_NEUCR	100
tr|Q7RWA8|Q7RWA8_NEUCR	tr|Q7RWA8|Q7RWA8_NEUCR	100
tr|Q7RXD3|Q7RXD3_NEUCR	tr|Q7RXD3|Q7RXD3_NEUCR	100
tr|Q7RY92|Q7RY92_NEUCR	tr|Q7RY92|Q7RY92_NEUCR	100
tr|Q7RY96|Q7RY96_NEUCR	tr|Q7RY96|Q7RY96_NEUCR	100
tr|Q7RYF4|Q7RYF4_NEUCR	tr|Q7RYF4|Q7RYF4_NEUCR	100
tr|Q7RYL7|Q7RYL7_NEUCR	tr|Q7RYL7|Q7RYL7_NEUCR	100
tr|Q7RZC3|Q7RZC3_NEUCR	tr|Q7RZC3|Q7RZC3_NEUCR	100
tr|Q7RZT7|Q7RZT7_NEUCR	tr|Q7RZT7|Q7RZT7_NEUCR	100
tr|Q7RZX5|Q7RZX5_NEUCR	tr|Q7RZX5|Q7RZX5_NEUCR	100
tr|Q7S0I2|Q7S0I2_NEUCR	tr|Q7S0I2|Q7S0I2_NEUCR	100
tr|Q7S0L6|Q7S0L6_NEUCR	tr|Q7S0L6|Q7S0L6_NEUCR	100
tr|Q7S0N2|Q7S0N2_NEUCR	tr|Q7S0N2|Q7S0N2_NEUCR	100
tr|Q7S0W9|Q7S0W9_NEUCR	tr|Q7S0W9|Q7S0W9_NEUCR	100
tr|Q7S117|Q7S117_NEUCR	tr|Q7S117|Q7S117_NEUCR	100
tr|Q7S148|Q7S148_NEUCR	tr|Q7S148|Q7S148_NEUCR	100
tr|Q7S171|Q7S171_NEUCR	tr|Q7S171|Q7S171_NEUCR	100
tr|Q7S1E8|Q7S1E8_NEUCR	tr|Q7S1E8|Q7S1E8_NEUCR	100
tr|Q7S1M7|Q7S1M7_NEUCR	tr|Q7S1M7|Q7S1M7_NEUCR	100
tr|Q7S1N7|Q7S1N7_NEUCR	tr|Q7S1N7|Q7S1N7_NEUCR	100
tr|Q7S2E0|Q7S2E0_NEUCR	tr|Q7S2E0|Q7S2E0_NEUCR	100
tr|Q7S333|Q7S333_NEUCR	tr|Q7S333|Q7S333_NEUCR	100
tr|Q7S370|Q7S370_NEUCR	tr|Q7S370|Q7S370_NEUCR	100
tr|Q7S3M2|Q7S3M2_NEUCR	tr|Q7S3M2|Q7S3M2_NEUCR	100
tr|Q7S3M4|Q7S3M4_NEUCR	tr|Q7S3M4|Q7S3M4_NEUCR	100
tr|Q7S436|Q7S436_NEUCR	tr|Q7S436|Q7S436_NEUCR	100
tr|Q7S466|Q7S466_NEUCR	tr|Q7S466|Q7S466_NEUCR	100
tr|Q7S4C6|Q7S4C6_NEUCR	tr|Q7S4C6|Q7S4C6_NEUCR	100
tr|Q7S4E5|Q7S4E5_NEUCR	tr|Q7S4E5|Q7S4E5_NEUCR	100
tr|Q7S5V6|Q7S5V6_NEUCR	tr|Q7S5V6|Q7S5V6_NEUCR	100
tr|Q7S6E4|Q7S6E4_NEUCR	tr|Q7S6E4|Q7S6E4_NEUCR	100
tr|Q7S6W1|Q7S6W1_NEUCR	tr|Q7S6W1|Q7S6W1_NEUCR	100
tr|Q7S7J2|Q7S7J2_NEUCR	tr|Q7S7J2|Q7S7J2_NEUCR	100
tr|Q7S7W2|Q7S7W2_NEUCR	tr|Q7S7W2|Q7S7W2_NEUCR	100
tr|Q7S844|Q7S844_NEUCR	tr|Q7S844|Q7S844_NEUCR	100
tr|Q7S8D0|Q7S8D0_NEUCR	tr|Q7S8D0|Q7S8D0_NEUCR	100
tr|Q7S8F0|Q7S8F0_NEUCR	tr|Q7S8F0|Q7S8F0_NEUCR	100
tr|Q7S8K0|Q7S8K0_NEUCR	tr|Q7S8K0|Q7S8K0_NEUCR	100
tr|Q7S8L1|Q7S8L1_NEUCR	tr|Q7S8L1|Q7S8L1_NEUCR	100
tr|Q7S8S4|Q7S8S4_NEUCR	tr|Q7S8S4|Q7S8S4_NEUCR	100
tr|Q7S8T1|Q7S8T1_NEUCR	tr|Q7S8T1|Q7S8T1_NEUCR	100
tr|Q7S929|Q7S929_NEUCR	tr|Q7S929|Q7S929_NEUCR	100
tr|Q7S9C2|Q7S9C2_NEUCR	tr|Q7S9C2|Q7S9C2_NEUCR	100
tr|Q7S9Y4|Q7S9Y4_NEUCR	tr|Q7S9Y4|Q7S9Y4_NEUCR	100
tr|Q7SA32|Q7SA32_NEUCR	tr|Q7SA32|Q7SA32_NEUCR	100
tr|Q7SB01|Q7SB01_NEUCR	tr|Q7SB01|Q7SB01_NEUCR	100
tr|Q7SBH9|Q7SBH9_NEUCR	tr|Q7SBH9|Q7SBH9_NEUCR	100
tr|Q7SBN8|Q7SBN8_NEUCR	tr|Q7SBN8|Q7SBN8_NEUCR	100
tr|Q7SBX0|Q7SBX0_NEUCR	tr|Q7SBX0|Q7SBX0_NEUCR	100
sp|Q7SC98|DPH1_NEUCR	sp|Q7SC98|DPH1_NEUCR	100
tr|Q7SCC4|Q7SCC4_NEUCR	tr|Q7SCC4|Q7SCC4_NEUCR	100
tr|Q7SDC4|Q7SDC4_NEUCR	tr|Q7SDC4|Q7SDC4_NEUCR	100
tr|Q7SDU0|Q7SDU0_NEUCR	tr|Q7SDU0|Q7SDU0_NEUCR	100
tr|Q7SEQ4|Q7SEQ4_NEUCR	tr|Q7SEQ4|Q7SEQ4_NEUCR	100
tr|Q7SET8|Q7SET8_NEUCR	tr|Q7SET8|Q7SET8_NEUCR	100
tr|Q7SF29|Q7SF29_NEUCR	tr|Q7SF29|Q7SF29_NEUCR	100
tr|Q7SFS8|Q7SFS8_NEUCR	tr|Q7SFS8|Q7SFS8_NEUCR	100
tr|Q7SGE7|Q7SGE7_NEUCR	tr|Q7SGE7|Q7SGE7_NEUCR	100
sp|Q7SHI8|LP9C_NEUCR	sp|Q7SHI8|LP9C_NEUCR	100
tr|Q7SHK5|Q7SHK5_NEUCR	tr|Q7SHK5|Q7SHK5_NEUCR	100
tr|Q7SI19|Q7SI19_NEUCR	tr|Q7SI19|Q7SI19_NEUCR	100
sp|Q8J1Z1|TIM9_NEUCR	sp|Q8J1Z1|TIM9_NEUCR	100
sp|Q8X092|ALG11_NEUCR	sp|Q8X092|ALG11_NEUCR	100
sp|Q92253|RCO3_NEUCR	sp|Q92253|RCO3_NEUCR	100
sp|U9W8F2|RM31_NEUCR	sp|U9W8F2|RM31_NEUCR	100
tr|V5ILF4|V5ILF4_NEUCR	tr|V5ILF4|V5ILF4_NEUCR	100
tr|V5ILH7|V5ILH7_NEUCR	tr|V5ILH7|V5ILH7_NEUCR	100
tr|V5ILZ3|V5ILZ3_NEUCR	tr|V5ILZ3|V5ILZ3_NEUCR	100
tr|V5IMB4|V5IMB4_NEUCR	tr|V5IMB4|V5IMB4_NEUCR	100
tr|V5IMG1|V5IMG1_NEUCR	tr|V5IMG1|V5IMG1_NEUCR	100
tr|V5IN52|V5IN52_NEUCR	tr|V5IN52|V5IN52_NEUCR	100
tr|V5INW5|V5INW5_NEUCR	tr|V5INW5|V5INW5_NEUCR	100
tr|V5IRG4|V5IRG4_NEUCR	tr|V5IRG4|V5IRG4_NEUCR	100
tr|V5IRK5|V5IRK5_NEUCR	tr|V5IRK5|V5IRK5_NEUCR	100
tr|A7UVX7|A7UVX7_NEUCR	tr|A7UVX7|A7UVX7_NEUCR	100
sp|A7UWD5|ARGJ_NEUCR	sp|A7UWD5|ARGJ_NEUCR	100
tr|A7UX34|A7UX34_NEUCR	tr|A7UX34|A7UX34_NEUCR	100
tr|F5HBF0|F5HBF0_NEUCR	tr|F5HBF0|F5HBF0_NEUCR	100
sp|P04914|H4_NEUCR	sp|P04914|H4_NEUCR	100
sp|P10713|CON10_NEUCR	sp|P10713|CON10_NEUCR	100
tr|Q1K4V6|Q1K4V6_NEUCR	tr|Q1K4V6|Q1K4V6_NEUCR	100
tr|Q1K628|Q1K628_NEUCR	tr|Q1K628|Q1K628_NEUCR	100
tr|Q1K632|Q1K632_NEUCR	tr|Q1K632|Q1K632_NEUCR	100
tr|Q1K6H9|Q1K6H9_NEUCR	tr|Q1K6H9|Q1K6H9_NEUCR	100
tr|Q1K6P7|Q1K6P7_NEUCR	tr|Q1K6P7|Q1K6P7_NEUCR	100
tr|Q1K6S5|Q1K6S5_NEUCR	tr|Q1K6S5|Q1K6S5_NEUCR	100
tr|Q1K6T6|Q1K6T6_NEUCR	tr|Q1K6T6|Q1K6T6_NEUCR	100
tr|Q1K7L8|Q1K7L8_NEUCR	tr|Q1K7L8|Q1K7L8_NEUCR	100
sp|Q1K7P9|RM34_NEUCR	sp|Q1K7P9|RM34_NEUCR	100
tr|Q1K8D6|Q1K8D6_NEUCR	tr|Q1K8D6|Q1K8D6_NEUCR	100
tr|Q1K8I1|Q1K8I1_NEUCR	tr|Q1K8I1|Q1K8I1_NEUCR	100
tr|Q1K8Y0|Q1K8Y0_NEUCR	tr|Q1K8Y0|Q1K8Y0_NEUCR	100
sp|Q7RVL0|GSP1_NEUCR	sp|Q7RVL0|GSP1_NEUCR	100
tr|Q7RWG5|Q7RWG5_NEUCR	tr|Q7RWG5|Q7RWG5_NEUCR	100
tr|Q7RWH7|Q7RWH7_NEUCR	tr|Q7RWH7|Q7RWH7_NEUCR	100
tr|Q7RWV0|Q7RWV0_NEUCR	tr|Q7RWV0|Q7RWV0_NEUCR	100
tr|Q7RXS5|Q7RXS5_NEUCR	tr|Q7RXS5|Q7RXS5_NEUCR	100
tr|Q7RYD9|Q7RYD9_NEUCR	tr|Q7RYD9|Q7RYD9_NEUCR	100
tr|Q7RYP5|Q7RYP5_NEUCR	tr|Q7RYP5|Q7RYP5_NEUCR	100
tr|Q7RZH0|Q7RZH0_NEUCR	tr|Q7RZH0|Q7RZH0_NEUCR	100
tr|Q7RZL3|Q7RZL3_NEUCR	tr|Q7RZL3|Q7RZL3_NEUCR	100
tr|Q7S011|Q7S011_NEUCR	tr|Q7S011|Q7S011_NEUCR	100
tr|Q7S0B5|Q7S0B5_NEUCR	tr|Q7S0B5|Q7S0B5_NEUCR	100
tr|Q7S0E9|Q7S0E9_NEUCR	tr|Q7S0E9|Q7S0E9_NEUCR	100
tr|Q7S168|Q7S168_NEUCR	tr|Q7S168|Q7S168_NEUCR	100
tr|Q7S1H6|Q7S1H6_NEUCR	tr|Q7S1H6|Q7S1H6_NEUCR	100
tr|Q7S1X1|Q7S1X1_NEUCR	tr|Q7S1X1|Q7S1X1_NEUCR	100
tr|Q7S275|Q7S275_NEUCR	tr|Q7S275|Q7S275_NEUCR	100
tr|Q7S2E8|Q7S2E8_NEUCR	tr|Q7S2E8|Q7S2E8_NEUCR	100
tr|Q7S338|Q7S338_NEUCR	tr|Q7S338|Q7S338_NEUCR	100
tr|Q7S354|Q7S354_NEUCR	tr|Q7S354|Q7S354_NEUCR	100
tr|Q7S3V1|Q7S3V1_NEUCR	tr|Q7S3V1|Q7S3V1_NEUCR	100
tr|Q7S3V8|Q7S3V8_NEUCR	tr|Q7S3V8|Q7S3V8_NEUCR	100
tr|Q7S3X4|Q7S3X4_NEUCR	tr|Q7S3X4|Q7S3X4_NEUCR	100
tr|Q7S4D6|Q7S4D6_NEUCR	tr|Q7S4D6|Q7S4D6_NEUCR	100
tr|Q7S4W0|Q7S4W0_NEUCR	tr|Q7S4W0|Q7S4W0_NEUCR	100
tr|Q7S5F0|Q7S5F0_NEUCR	tr|Q7S5F0|Q7S5F0_NEUCR	100
tr|Q7S5Z7|Q7S5Z7_NEUCR	tr|Q7S5Z7|Q7S5Z7_NEUCR	100
tr|Q7S6B1|Q7S6B1_NEUCR	tr|Q7S6B1|Q7S6B1_NEUCR	100
tr|Q7S6C9|Q7S6C9_NEUCR	tr|Q7S6C9|Q7S6C9_NEUCR	100
tr|Q7S6I8|Q7S6I8_NEUCR	tr|Q7S6I8|Q7S6I8_NEUCR	100
tr|Q7S746|Q7S746_NEUCR	tr|Q7S746|Q7S746_NEUCR	100
tr|Q7S7E2|Q7S7E2_NEUCR	tr|Q7S7E2|Q7S7E2_NEUCR	100
tr|Q7S7H1|Q7S7H1_NEUCR	tr|Q7S7H1|Q7S7H1_NEUCR	100
tr|Q7S7Q4|Q7S7Q4_NEUCR	tr|Q7S7Q4|Q7S7Q4_NEUCR	100
tr|Q7S7S3|Q7S7S3_NEUCR	tr|Q7S7S3|Q7S7S3_NEUCR	100
tr|Q7S8N5|Q7S8N5_NEUCR	tr|Q7S8N5|Q7S8N5_NEUCR	100
tr|Q7S8X3|Q7S8X3_NEUCR	tr|Q7S8X3|Q7S8X3_NEUCR	100
tr|Q7S9Q0|Q7S9Q0_NEUCR	tr|Q7S9Q0|Q7S9Q0_NEUCR	100
tr|Q7S9S2|Q7S9S2_NEUCR	tr|Q7S9S2|Q7S9S2_NEUCR	100
tr|Q7S9W4|Q7S9W4_NEUCR	tr|Q7S9W4|Q7S9W4_NEUCR	100
tr|Q7SA71|Q7SA71_NEUCR	tr|Q7SA71|Q7SA71_NEUCR	100
sp|Q7SAJ6|CHO2_NEUCR	sp|Q7SAJ6|CHO2_NEUCR	100
tr|Q7SAT4|Q7SAT4_NEUCR	tr|Q7SAT4|Q7SAT4_NEUCR	100
tr|Q7SAY1|Q7SAY1_NEUCR	tr|Q7SAY1|Q7SAY1_NEUCR	100
tr|Q7SB37|Q7SB37_NEUCR	tr|Q7SB37|Q7SB37_NEUCR	100
sp|Q7SB53|MCE1_NEUCR	sp|Q7SB53|MCE1_NEUCR	100
tr|Q7SBD9|Q7SBD9_NEUCR	tr|Q7SBD9|Q7SBD9_NEUCR	100
sp|Q7SC06|RS25_NEUCR	sp|Q7SC06|RS25_NEUCR	100
tr|Q7SCL8|Q7SCL8_NEUCR	tr|Q7SCL8|Q7SCL8_NEUCR	100
tr|Q7SDG7|Q7SDG7_NEUCR	tr|Q7SDG7|Q7SDG7_NEUCR	100
tr|Q7SDG8|Q7SDG8_NEUCR	tr|Q7SDG8|Q7SDG8_NEUCR	100
tr|Q7SE03|Q7SE03_NEUCR	tr|Q7SE03|Q7SE03_NEUCR	100
tr|Q7SE27|Q7SE27_NEUCR	tr|Q7SE27|Q7SE27_NEUCR	100
tr|Q7SEA9|Q7SEA9_NEUCR	tr|Q7SEA9|Q7SEA9_NEUCR	100
tr|Q7SEE2|Q7SEE2_NEUCR	tr|Q7SEE2|Q7SEE2_NEUCR	100
tr|Q7SEP3|Q7SEP3_NEUCR	tr|Q7SEP3|Q7SEP3_NEUCR	100
tr|Q7SF34|Q7SF34_NEUCR	tr|Q7SF34|Q7SF34_NEUCR	100
tr|Q7SF36|Q7SF36_NEUCR	tr|Q7SF36|Q7SF36_NEUCR	100
tr|Q7SF95|Q7SF95_NEUCR	tr|Q7SF95|Q7SF95_NEUCR	100
tr|Q7SFE1|Q7SFE1_NEUCR	tr|Q7SFE1|Q7SFE1_NEUCR	100
tr|Q7SFE2|Q7SFE2_NEUCR	tr|Q7SFE2|Q7SFE2_NEUCR	100
tr|Q7SFN4|Q7SFN4_NEUCR	tr|Q7SFN4|Q7SFN4_NEUCR	100
tr|Q7SG46|Q7SG46_NEUCR	tr|Q7SG46|Q7SG46_NEUCR	100
tr|Q7SG87|Q7SG87_NEUCR	tr|Q7SG87|Q7SG87_NEUCR	100
tr|Q7SGE4|Q7SGE4_NEUCR	tr|Q7SGE4|Q7SGE4_NEUCR	100
tr|Q7SGZ3|Q7SGZ3_NEUCR	tr|Q7SGZ3|Q7SGZ3_NEUCR	100
tr|Q7SH55|Q7SH55_NEUCR	tr|Q7SH55|Q7SH55_NEUCR	100
sp|Q873G4|H2AZ_NEUCR	sp|Q873G4|H2AZ_NEUCR	100
sp|Q9P6A5|SEC17_NEUCR	sp|Q9P6A5|SEC17_NEUCR	100
tr|U9W4I0|U9W4I0_NEUCR	tr|U9W4I0|U9W4I0_NEUCR	100
tr|U9W4N5|U9W4N5_NEUCR	tr|U9W4N5|U9W4N5_NEUCR	100
tr|V5IKT8|V5IKT8_NEUCR	tr|V5IKT8|V5IKT8_NEUCR	100
tr|V5IKU3|V5IKU3_NEUCR	tr|V5IKU3|V5IKU3_NEUCR	100
tr|V5IKU9|V5IKU9_NEUCR	tr|V5IKU9|V5IKU9_NEUCR	100
tr|V5IKX3|V5IKX3_NEUCR	tr|V5IKX3|V5IKX3_NEUCR	100
tr|V5IM02|V5IM02_NEUCR	tr|V5IM02|V5IM02_NEUCR	100
tr|V5IMH9|V5IMH9_NEUCR	tr|V5IMH9|V5IMH9_NEUCR	100
tr|V5IN18|V5IN18_NEUCR	tr|V5IN18|V5IN18_NEUCR	100
tr|V5IQ72|V5IQ72_NEUCR	tr|V5IQ72|V5IQ72_NEUCR	100
tr|V5IQR2|V5IQR2_NEUCR	tr|V5IQR2|V5IQR2_NEUCR	100
tr|V5IR24|V5IR24_NEUCR	tr|V5IR24|V5IR24_NEUCR	100
tr|V5IR84|V5IR84_NEUCR	tr|V5IR84|V5IR84_NEUCR	100
sp|V5IRP6|X325_NEUCR	sp|V5IRP6|X325_NEUCR	100
tr|A7UWF1|A7UWF1_NEUCR	tr|A7UWF1|A7UWF1_NEUCR	100
tr|A7UWM7|A7UWM7_NEUCR	tr|A7UWM7|A7UWM7_NEUCR	100
tr|F5HAG8|F5HAG8_NEUCR	tr|F5HAG8|F5HAG8_NEUCR	100
sp|P08774|NU1M_NEUCR	sp|P08774|NU1M_NEUCR	100
sp|P14187|CCHL_NEUCR	sp|P14187|CCHL_NEUCR	100
sp|P24391|TOM40_NEUCR	sp|P24391|TOM40_NEUCR	100
tr|Q1K5C7|Q1K5C7_NEUCR	tr|Q1K5C7|Q1K5C7_NEUCR	100
tr|Q1K5R9|Q1K5R9_NEUCR	tr|Q1K5R9|Q1K5R9_NEUCR	100
tr|Q1K617|Q1K617_NEUCR	tr|Q1K617|Q1K617_NEUCR	100
tr|Q1K629|Q1K629_NEUCR	tr|Q1K629|Q1K629_NEUCR	100
tr|Q1K667|Q1K667_NEUCR	tr|Q1K667|Q1K667_NEUCR	100
tr|Q1K6E9|Q1K6E9_NEUCR	tr|Q1K6E9|Q1K6E9_NEUCR	100
tr|Q1K6N5|Q1K6N5_NEUCR	tr|Q1K6N5|Q1K6N5_NEUCR	100
tr|Q1K6P6|Q1K6P6_NEUCR	tr|Q1K6P6|Q1K6P6_NEUCR	100
tr|Q1K6Q5|Q1K6Q5_NEUCR	tr|Q1K6Q5|Q1K6Q5_NEUCR	100
tr|Q1K6T5|Q1K6T5_NEUCR	tr|Q1K6T5|Q1K6T5_NEUCR	100
tr|Q1K729|Q1K729_NEUCR	tr|Q1K729|Q1K729_NEUCR	100
tr|Q1K7D4|Q1K7D4_NEUCR	tr|Q1K7D4|Q1K7D4_NEUCR	100
tr|Q1K925|Q1K925_NEUCR	tr|Q1K925|Q1K925_NEUCR	100
tr|Q7RV41|Q7RV41_NEUCR	tr|Q7RV41|Q7RV41_NEUCR	100
tr|Q7RVD1|Q7RVD1_NEUCR	tr|Q7RVD1|Q7RVD1_NEUCR	100
tr|Q7RVR6|Q7RVR6_NEUCR	tr|Q7RVR6|Q7RVR6_NEUCR	100
tr|Q7RWK0|Q7RWK0_NEUCR	tr|Q7RWK0|Q7RWK0_NEUCR	100
tr|Q7RWS5|Q7RWS5_NEUCR	tr|Q7RWS5|Q7RWS5_NEUCR	100
tr|Q7RX41|Q7RX41_NEUCR	tr|Q7RX41|Q7RX41_NEUCR	100
sp|Q7RX73|KU80_NEUCR	sp|Q7RX73|KU80_NEUCR	100
tr|Q7RX77|Q7RX77_NEUCR	tr|Q7RX77|Q7RX77_NEUCR	100
sp|Q7RXQ8|HIS4_NEUCR	sp|Q7RXQ8|HIS4_NEUCR	100
tr|Q7RYC7|Q7RYC7_NEUCR	tr|Q7RYC7|Q7RYC7_NEUCR	100
tr|Q7RYT6|Q7RYT6_NEUCR	tr|Q7RYT6|Q7RYT6_NEUCR	100
sp|Q7RZS0|RL1_NEUCR	sp|Q7RZS0|RL1_NEUCR	100
tr|Q7RZX8|Q7RZX8_NEUCR	tr|Q7RZX8|Q7RZX8_NEUCR	100
tr|Q7S024|Q7S024_NEUCR	tr|Q7S024|Q7S024_NEUCR	100
sp|Q7S083|ATG12_NEUCR	sp|Q7S083|ATG12_NEUCR	100
tr|Q7S0A7|Q7S0A7_NEUCR	tr|Q7S0A7|Q7S0A7_NEUCR	100
tr|Q7S0J7|Q7S0J7_NEUCR	tr|Q7S0J7|Q7S0J7_NEUCR	100
tr|Q7S0R9|Q7S0R9_NEUCR	tr|Q7S0R9|Q7S0R9_NEUCR	100
tr|Q7S0W2|Q7S0W2_NEUCR	tr|Q7S0W2|Q7S0W2_NEUCR	100
tr|Q7S0Y1|Q7S0Y1_NEUCR	tr|Q7S0Y1|Q7S0Y1_NEUCR	100
tr|Q7S2G9|Q7S2G9_NEUCR	tr|Q7S2G9|Q7S2G9_NEUCR	100
tr|Q7S3L7|Q7S3L7_NEUCR	tr|Q7S3L7|Q7S3L7_NEUCR	100
tr|Q7S476|Q7S476_NEUCR	tr|Q7S476|Q7S476_NEUCR	100
tr|Q7S4H8|Q7S4H8_NEUCR	tr|Q7S4H8|Q7S4H8_NEUCR	100
tr|Q7S521|Q7S521_NEUCR	tr|Q7S521|Q7S521_NEUCR	100
tr|Q7S5P0|Q7S5P0_NEUCR	tr|Q7S5P0|Q7S5P0_NEUCR	100
sp|Q7S6M5|PTPA1_NEUCR	sp|Q7S6M5|PTPA1_NEUCR	100
tr|Q7S6Y1|Q7S6Y1_NEUCR	tr|Q7S6Y1|Q7S6Y1_NEUCR	100
tr|Q7S7K8|Q7S7K8_NEUCR	tr|Q7S7K8|Q7S7K8_NEUCR	100
tr|Q7S8F7|Q7S8F7_NEUCR	tr|Q7S8F7|Q7S8F7_NEUCR	100
tr|Q7S8H5|Q7S8H5_NEUCR	tr|Q7S8H5|Q7S8H5_NEUCR	100
tr|Q7S8K1|Q7S8K1_NEUCR	tr|Q7S8K1|Q7S8K1_NEUCR	100
tr|Q7S8M7|Q7S8M7_NEUCR	tr|Q7S8M7|Q7S8M7_NEUCR	100
tr|Q7S9H5|Q7S9H5_NEUCR	tr|Q7S9H5|Q7S9H5_NEUCR	100
sp|Q7S9L2|STU1_NEUCR	sp|Q7S9L2|STU1_NEUCR	100
tr|Q7S9U6|Q7S9U6_NEUCR	tr|Q7S9U6|Q7S9U6_NEUCR	100
tr|Q7SA89|Q7SA89_NEUCR	tr|Q7SA89|Q7SA89_NEUCR	100
tr|Q7SAC0|Q7SAC0_NEUCR	tr|Q7SAC0|Q7SAC0_NEUCR	100
tr|Q7SAF5|Q7SAF5_NEUCR	tr|Q7SAF5|Q7SAF5_NEUCR	100
tr|Q7SAF7|Q7SAF7_NEUCR	tr|Q7SAF7|Q7SAF7_NEUCR	100
tr|Q7SAG1|Q7SAG1_NEUCR	tr|Q7SAG1|Q7SAG1_NEUCR	100
tr|Q7SAN8|Q7SAN8_NEUCR	tr|Q7SAN8|Q7SAN8_NEUCR	100
tr|Q7SBX1|Q7SBX1_NEUCR	tr|Q7SBX1|Q7SBX1_NEUCR	100
tr|Q7SBZ3|Q7SBZ3_NEUCR	tr|Q7SBZ3|Q7SBZ3_NEUCR	100
tr|Q7SC85|Q7SC85_NEUCR	tr|Q7SC85|Q7SC85_NEUCR	100
tr|Q7SDN8|Q7SDN8_NEUCR	tr|Q7SDN8|Q7SDN8_NEUCR	100
tr|Q7SDQ4|Q7SDQ4_NEUCR	tr|Q7SDQ4|Q7SDQ4_NEUCR	100
tr|Q7SER1|Q7SER1_NEUCR	tr|Q7SER1|Q7SER1_NEUCR	100
tr|Q7SF93|Q7SF93_NEUCR	tr|Q7SF93|Q7SF93_NEUCR	100
tr|Q7SFB5|Q7SFB5_NEUCR	tr|Q7SFB5|Q7SFB5_NEUCR	100
tr|Q7SFI0|Q7SFI0_NEUCR	tr|Q7SFI0|Q7SFI0_NEUCR	100
tr|Q7SFT6|Q7SFT6_NEUCR	tr|Q7SFT6|Q7SFT6_NEUCR	100
tr|Q7SFZ3|Q7SFZ3_NEUCR	tr|Q7SFZ3|Q7SFZ3_NEUCR	100
tr|Q7SG31|Q7SG31_NEUCR	tr|Q7SG31|Q7SG31_NEUCR	100
tr|Q7SG98|Q7SG98_NEUCR	tr|Q7SG98|Q7SG98_NEUCR	100
tr|Q7SGD9|Q7SGD9_NEUCR	tr|Q7SGD9|Q7SGD9_NEUCR	100
tr|Q7SGK5|Q7SGK5_NEUCR	tr|Q7SGK5|Q7SGK5_NEUCR	100
tr|Q7SH08|Q7SH08_NEUCR	tr|Q7SH08|Q7SH08_NEUCR	100
tr|Q7SHK9|Q7SHK9_NEUCR	tr|Q7SHK9|Q7SHK9_NEUCR	100
sp|Q7SI09|LAD_NEUCR	sp|Q7SI09|LAD_NEUCR	100
tr|Q7SI29|Q7SI29_NEUCR	tr|Q7SI29|Q7SI29_NEUCR	100
sp|Q8X097|ACL1_NEUCR	sp|Q8X097|ACL1_NEUCR	100
tr|U9W326|U9W326_NEUCR	tr|U9W326|U9W326_NEUCR	100
tr|U9W359|U9W359_NEUCR	tr|U9W359|U9W359_NEUCR	100
tr|V5IKK6|V5IKK6_NEUCR	tr|V5IKK6|V5IKK6_NEUCR	100
tr|V5IKN2|V5IKN2_NEUCR	tr|V5IKN2|V5IKN2_NEUCR	100
tr|V5IL00|V5IL00_NEUCR	tr|V5IL00|V5IL00_NEUCR	100
tr|V5ILD7|V5ILD7_NEUCR	tr|V5ILD7|V5ILD7_NEUCR	100
tr|V5IM63|V5IM63_NEUCR	tr|V5IM63|V5IM63_NEUCR	100
tr|V5IM89|V5IM89_NEUCR	tr|V5IM89|V5IM89_NEUCR	100
tr|V5IMM3|V5IMM3_NEUCR	tr|V5IMM3|V5IMM3_NEUCR	100
tr|V5IMW4|V5IMW4_NEUCR	tr|V5IMW4|V5IMW4_NEUCR	100
tr|V5INH2|V5INH2_NEUCR	tr|V5INH2|V5INH2_NEUCR	100
tr|V5IP14|V5IP14_NEUCR	tr|V5IP14|V5IP14_NEUCR	100
tr|V5IPL3|V5IPL3_NEUCR	tr|V5IPL3|V5IPL3_NEUCR	100
tr|V5IPX1|V5IPX1_NEUCR	tr|V5IPX1|V5IPX1_NEUCR	100
tr|V5IQ36|V5IQ36_NEUCR	tr|V5IQ36|V5IQ36_NEUCR	100
tr|V5IQA4|V5IQA4_NEUCR	tr|V5IQA4|V5IQA4_NEUCR	100
tr|V5IQL0|V5IQL0_NEUCR	tr|V5IQL0|V5IQL0_NEUCR	100
tr|V5IQL7|V5IQL7_NEUCR	tr|V5IQL7|V5IQL7_NEUCR	100
tr|V5IR83|V5IR83_NEUCR	tr|V5IR83|V5IR83_NEUCR	100
tr|A7UVY1|A7UVY1_NEUCR	tr|A7UVY1|A7UVY1_NEUCR	100
tr|A7UWF2|A7UWF2_NEUCR	tr|A7UWF2|A7UWF2_NEUCR	100
tr|F5HDH6|F5HDH6_NEUCR	tr|F5HDH6|F5HDH6_NEUCR	100
tr|F5HG50|F5HG50_NEUCR	tr|F5HG50|F5HG50_NEUCR	100
sp|Q01397|DYNA_NEUCR	sp|Q01397|DYNA_NEUCR	100
tr|Q1K4U3|Q1K4U3_NEUCR	tr|Q1K4U3|Q1K4U3_NEUCR	100
tr|Q1K563|Q1K563_NEUCR	tr|Q1K563|Q1K563_NEUCR	100
tr|Q1K5H9|Q1K5H9_NEUCR	tr|Q1K5H9|Q1K5H9_NEUCR	100
tr|Q1K5R4|Q1K5R4_NEUCR	tr|Q1K5R4|Q1K5R4_NEUCR	100
tr|Q1K5R8|Q1K5R8_NEUCR	tr|Q1K5R8|Q1K5R8_NEUCR	100
tr|Q1K618|Q1K618_NEUCR	tr|Q1K618|Q1K618_NEUCR	100
tr|Q1K6Z6|Q1K6Z6_NEUCR	tr|Q1K6Z6|Q1K6Z6_NEUCR	100
tr|Q1K711|Q1K711_NEUCR	tr|Q1K711|Q1K711_NEUCR	100
tr|Q1K736|Q1K736_NEUCR	tr|Q1K736|Q1K736_NEUCR	100
tr|Q1K7G1|Q1K7G1_NEUCR	tr|Q1K7G1|Q1K7G1_NEUCR	100
tr|Q1K7M8|Q1K7M8_NEUCR	tr|Q1K7M8|Q1K7M8_NEUCR	100
tr|Q1K856|Q1K856_NEUCR	tr|Q1K856|Q1K856_NEUCR	100
tr|Q1K939|Q1K939_NEUCR	tr|Q1K939|Q1K939_NEUCR	100
tr|Q1K941|Q1K941_NEUCR	tr|Q1K941|Q1K941_NEUCR	100
tr|Q7RW15|Q7RW15_NEUCR	tr|Q7RW15|Q7RW15_NEUCR	100
tr|Q7RW42|Q7RW42_NEUCR	tr|Q7RW42|Q7RW42_NEUCR	100
tr|Q7RWA4|Q7RWA4_NEUCR	tr|Q7RWA4|Q7RWA4_NEUCR	100
tr|Q7RWL4|Q7RWL4_NEUCR	tr|Q7RWL4|Q7RWL4_NEUCR	100
tr|Q7RXB8|Q7RXB8_NEUCR	tr|Q7RXB8|Q7RXB8_NEUCR	100
tr|Q7RXD1|Q7RXD1_NEUCR	tr|Q7RXD1|Q7RXD1_NEUCR	100
tr|Q7RXD2|Q7RXD2_NEUCR	tr|Q7RXD2|Q7RXD2_NEUCR	100
tr|Q7RXY8|Q7RXY8_NEUCR	tr|Q7RXY8|Q7RXY8_NEUCR	100
tr|Q7RY12|Q7RY12_NEUCR	tr|Q7RY12|Q7RY12_NEUCR	100
tr|Q7RYE4|Q7RYE4_NEUCR	tr|Q7RYE4|Q7RYE4_NEUCR	100
tr|Q7RYT1|Q7RYT1_NEUCR	tr|Q7RYT1|Q7RYT1_NEUCR	100
tr|Q7RZC4|Q7RZC4_NEUCR	tr|Q7RZC4|Q7RZC4_NEUCR	100
tr|Q7RZD8|Q7RZD8_NEUCR	tr|Q7RZD8|Q7RZD8_NEUCR	100
tr|Q7RZP5|Q7RZP5_NEUCR	tr|Q7RZP5|Q7RZP5_NEUCR	100
tr|Q7S050|Q7S050_NEUCR	tr|Q7S050|Q7S050_NEUCR	100
tr|Q7S084|Q7S084_NEUCR	tr|Q7S084|Q7S084_NEUCR	100
tr|Q7S0F8|Q7S0F8_NEUCR	tr|Q7S0F8|Q7S0F8_NEUCR	100
tr|Q7S0T5|Q7S0T5_NEUCR	tr|Q7S0T5|Q7S0T5_NEUCR	100
tr|Q7S0U9|Q7S0U9_NEUCR	tr|Q7S0U9|Q7S0U9_NEUCR	100
tr|Q7S126|Q7S126_NEUCR	tr|Q7S126|Q7S126_NEUCR	100
tr|Q7S1B3|Q7S1B3_NEUCR	tr|Q7S1B3|Q7S1B3_NEUCR	100
tr|Q7S1E3|Q7S1E3_NEUCR	tr|Q7S1E3|Q7S1E3_NEUCR	100
tr|Q7S1G9|Q7S1G9_NEUCR	tr|Q7S1G9|Q7S1G9_NEUCR	100
sp|Q7S2D4|MED7_NEUCR	sp|Q7S2D4|MED7_NEUCR	100
tr|Q7S339|Q7S339_NEUCR	tr|Q7S339|Q7S339_NEUCR	100
sp|Q7S432|PSF3_NEUCR	sp|Q7S432|PSF3_NEUCR	100
tr|Q7S446|Q7S446_NEUCR	tr|Q7S446|Q7S446_NEUCR	100
tr|Q7S4G2|Q7S4G2_NEUCR	tr|Q7S4G2|Q7S4G2_NEUCR	100
tr|Q7S4K6|Q7S4K6_NEUCR	tr|Q7S4K6|Q7S4K6_NEUCR	100
tr|Q7S5E6|Q7S5E6_NEUCR	tr|Q7S5E6|Q7S5E6_NEUCR	100
tr|Q7S5I8|Q7S5I8_NEUCR	tr|Q7S5I8|Q7S5I8_NEUCR	100
tr|Q7S615|Q7S615_NEUCR	tr|Q7S615|Q7S615_NEUCR	100
tr|Q7S674|Q7S674_NEUCR	tr|Q7S674|Q7S674_NEUCR	100
tr|Q7S6C6|Q7S6C6_NEUCR	tr|Q7S6C6|Q7S6C6_NEUCR	100
tr|Q7S6X1|Q7S6X1_NEUCR	tr|Q7S6X1|Q7S6X1_NEUCR	100
tr|Q7S8G2|Q7S8G2_NEUCR	tr|Q7S8G2|Q7S8G2_NEUCR	100
tr|Q7S8S9|Q7S8S9_NEUCR	tr|Q7S8S9|Q7S8S9_NEUCR	100
tr|Q7S8V8|Q7S8V8_NEUCR	tr|Q7S8V8|Q7S8V8_NEUCR	100
tr|Q7S9E7|Q7S9E7_NEUCR	tr|Q7S9E7|Q7S9E7_NEUCR	100
tr|Q7S9V6|Q7S9V6_NEUCR	tr|Q7S9V6|Q7S9V6_NEUCR	100
tr|Q7SAB2|Q7SAB2_NEUCR	tr|Q7SAB2|Q7SAB2_NEUCR	100
tr|Q7SB86|Q7SB86_NEUCR	tr|Q7SB86|Q7SB86_NEUCR	100
tr|Q7SBH7|Q7SBH7_NEUCR	tr|Q7SBH7|Q7SBH7_NEUCR	100
tr|Q7SCB6|Q7SCB6_NEUCR	tr|Q7SCB6|Q7SCB6_NEUCR	100
tr|Q7SCL5|Q7SCL5_NEUCR	tr|Q7SCL5|Q7SCL5_NEUCR	100
tr|Q7SCR0|Q7SCR0_NEUCR	tr|Q7SCR0|Q7SCR0_NEUCR	100
tr|Q7SCR4|Q7SCR4_NEUCR	tr|Q7SCR4|Q7SCR4_NEUCR	100
tr|Q7SDM9|Q7SDM9_NEUCR	tr|Q7SDM9|Q7SDM9_NEUCR	100
tr|Q7SEB3|Q7SEB3_NEUCR	tr|Q7SEB3|Q7SEB3_NEUCR	100
tr|Q7SEG5|Q7SEG5_NEUCR	tr|Q7SEG5|Q7SEG5_NEUCR	100
tr|Q7SEP5|Q7SEP5_NEUCR	tr|Q7SEP5|Q7SEP5_NEUCR	100
tr|Q7SEP8|Q7SEP8_NEUCR	tr|Q7SEP8|Q7SEP8_NEUCR	100
tr|Q7SFM9|Q7SFM9_NEUCR	tr|Q7SFM9|Q7SFM9_NEUCR	100
tr|Q7SFQ3|Q7SFQ3_NEUCR	tr|Q7SFQ3|Q7SFQ3_NEUCR	100
tr|Q7SG12|Q7SG12_NEUCR	tr|Q7SG12|Q7SG12_NEUCR	100
tr|Q7SGV7|Q7SGV7_NEUCR	tr|Q7SGV7|Q7SGV7_NEUCR	100
tr|Q7SHJ0|Q7SHJ0_NEUCR	tr|Q7SHJ0|Q7SHJ0_NEUCR	100
tr|Q7SHV7|Q7SHV7_NEUCR	tr|Q7SHV7|Q7SHV7_NEUCR	100
tr|Q7SHY4|Q7SHY4_NEUCR	tr|Q7SHY4|Q7SHY4_NEUCR	100
sp|Q871U9|GPI11_NEUCR	sp|Q871U9|GPI11_NEUCR	100
sp|Q9C1K8|ALG3_NEUCR	sp|Q9C1K8|ALG3_NEUCR	100
sp|Q9P5P0|CIAO1_NEUCR	sp|Q9P5P0|CIAO1_NEUCR	100
tr|U9W3H7|U9W3H7_NEUCR	tr|U9W3H7|U9W3H7_NEUCR	100
tr|U9W3R3|U9W3R3_NEUCR	tr|U9W3R3|U9W3R3_NEUCR	100
tr|U9W916|U9W916_NEUCR	tr|U9W916|U9W916_NEUCR	100
tr|V5IKH7|V5IKH7_NEUCR	tr|V5IKH7|V5IKH7_NEUCR	100
tr|V5IL46|V5IL46_NEUCR	tr|V5IL46|V5IL46_NEUCR	100
tr|V5IL68|V5IL68_NEUCR	tr|V5IL68|V5IL68_NEUCR	100
tr|V5IM72|V5IM72_NEUCR	tr|V5IM72|V5IM72_NEUCR	100
tr|V5IMS7|V5IMS7_NEUCR	tr|V5IMS7|V5IMS7_NEUCR	100
tr|V5IN83|V5IN83_NEUCR	tr|V5IN83|V5IN83_NEUCR	100
tr|V5IN95|V5IN95_NEUCR	tr|V5IN95|V5IN95_NEUCR	100
tr|V5INF8|V5INF8_NEUCR	tr|V5INF8|V5INF8_NEUCR	100
tr|V5INM4|V5INM4_NEUCR	tr|V5INM4|V5INM4_NEUCR	100
tr|V5IP04|V5IP04_NEUCR	tr|V5IP04|V5IP04_NEUCR	100
tr|V5IPN0|V5IPN0_NEUCR	tr|V5IPN0|V5IPN0_NEUCR	100
tr|V5IQ39|V5IQ39_NEUCR	tr|V5IQ39|V5IQ39_NEUCR	100
tr|V5IQH0|V5IQH0_NEUCR	tr|V5IQH0|V5IQH0_NEUCR	100
tr|V5IQI0|V5IQI0_NEUCR	tr|V5IQI0|V5IQI0_NEUCR	100
tr|V5IRN2|V5IRN2_NEUCR	tr|V5IRN2|V5IRN2_NEUCR	100
tr|V5IRR4|V5IRR4_NEUCR	tr|V5IRR4|V5IRR4_NEUCR	100
tr|A7UWB0|A7UWB0_NEUCR	tr|A7UWB0|A7UWB0_NEUCR	100
tr|A7UWL3|A7UWL3_NEUCR	tr|A7UWL3|A7UWL3_NEUCR	100
tr|A7UWN5|A7UWN5_NEUCR	tr|A7UWN5|A7UWN5_NEUCR	100
tr|A7UWR3|A7UWR3_NEUCR	tr|A7UWR3|A7UWR3_NEUCR	100
tr|F5HFS6|F5HFS6_NEUCR	tr|F5HFS6|F5HFS6_NEUCR	100
tr|F5HGU3|F5HGU3_NEUCR	tr|F5HGU3|F5HGU3_NEUCR	100
sp|P05220|TBB_NEUCR	sp|P05220|TBB_NEUCR	100
sp|Q01278|VATE_NEUCR	sp|Q01278|VATE_NEUCR	100
sp|Q01371|WC1_NEUCR	sp|Q01371|WC1_NEUCR	100
tr|Q1K4P8|Q1K4P8_NEUCR	tr|Q1K4P8|Q1K4P8_NEUCR	100
tr|Q1K545|Q1K545_NEUCR	tr|Q1K545|Q1K545_NEUCR	100
tr|Q1K5C0|Q1K5C0_NEUCR	tr|Q1K5C0|Q1K5C0_NEUCR	100
tr|Q1K623|Q1K623_NEUCR	tr|Q1K623|Q1K623_NEUCR	100
tr|Q1K6H8|Q1K6H8_NEUCR	tr|Q1K6H8|Q1K6H8_NEUCR	100
tr|Q1K6S7|Q1K6S7_NEUCR	tr|Q1K6S7|Q1K6S7_NEUCR	100
tr|Q1K6Y1|Q1K6Y1_NEUCR	tr|Q1K6Y1|Q1K6Y1_NEUCR	100
tr|Q1K7A2|Q1K7A2_NEUCR	tr|Q1K7A2|Q1K7A2_NEUCR	100
tr|Q1K7U2|Q1K7U2_NEUCR	tr|Q1K7U2|Q1K7U2_NEUCR	100
tr|Q1K7W9|Q1K7W9_NEUCR	tr|Q1K7W9|Q1K7W9_NEUCR	100
tr|Q1K804|Q1K804_NEUCR	tr|Q1K804|Q1K804_NEUCR	100
tr|Q1K832|Q1K832_NEUCR	tr|Q1K832|Q1K832_NEUCR	100
tr|Q1K8V8|Q1K8V8_NEUCR	tr|Q1K8V8|Q1K8V8_NEUCR	100
tr|Q1K934|Q1K934_NEUCR	tr|Q1K934|Q1K934_NEUCR	100
tr|Q7RUY5|Q7RUY5_NEUCR	tr|Q7RUY5|Q7RUY5_NEUCR	100
tr|Q7RVS4|Q7RVS4_NEUCR	tr|Q7RVS4|Q7RVS4_NEUCR	100
tr|Q7RW34|Q7RW34_NEUCR	tr|Q7RW34|Q7RW34_NEUCR	100
tr|Q7RWU4|Q7RWU4_NEUCR	tr|Q7RWU4|Q7RWU4_NEUCR	100
tr|Q7RWX2|Q7RWX2_NEUCR	tr|Q7RWX2|Q7RWX2_NEUCR	100
tr|Q7RX17|Q7RX17_NEUCR	tr|Q7RX17|Q7RX17_NEUCR	100
tr|Q7RYQ2|Q7RYQ2_NEUCR	tr|Q7RYQ2|Q7RYQ2_NEUCR	100
tr|Q7RZC0|Q7RZC0_NEUCR	tr|Q7RZC0|Q7RZC0_NEUCR	100
tr|Q7S027|Q7S027_NEUCR	tr|Q7S027|Q7S027_NEUCR	100
tr|Q7S0U8|Q7S0U8_NEUCR	tr|Q7S0U8|Q7S0U8_NEUCR	100
tr|Q7S196|Q7S196_NEUCR	tr|Q7S196|Q7S196_NEUCR	100
tr|Q7S1G8|Q7S1G8_NEUCR	tr|Q7S1G8|Q7S1G8_NEUCR	100
tr|Q7S1U1|Q7S1U1_NEUCR	tr|Q7S1U1|Q7S1U1_NEUCR	100
tr|Q7S249|Q7S249_NEUCR	tr|Q7S249|Q7S249_NEUCR	100
tr|Q7S296|Q7S296_NEUCR	tr|Q7S296|Q7S296_NEUCR	100
tr|Q7S2I1|Q7S2I1_NEUCR	tr|Q7S2I1|Q7S2I1_NEUCR	100
tr|Q7S320|Q7S320_NEUCR	tr|Q7S320|Q7S320_NEUCR	100
tr|Q7S390|Q7S390_NEUCR	tr|Q7S390|Q7S390_NEUCR	100
tr|Q7S3U9|Q7S3U9_NEUCR	tr|Q7S3U9|Q7S3U9_NEUCR	100
tr|Q7S4E4|Q7S4E4_NEUCR	tr|Q7S4E4|Q7S4E4_NEUCR	100
tr|Q7S4X1|Q7S4X1_NEUCR	tr|Q7S4X1|Q7S4X1_NEUCR	100
tr|Q7S5G4|Q7S5G4_NEUCR	tr|Q7S5G4|Q7S5G4_NEUCR	100
tr|Q7S5G7|Q7S5G7_NEUCR	tr|Q7S5G7|Q7S5G7_NEUCR	100
tr|Q7S653|Q7S653_NEUCR	tr|Q7S653|Q7S653_NEUCR	100
tr|Q7S680|Q7S680_NEUCR	tr|Q7S680|Q7S680_NEUCR	100
tr|Q7S6Q5|Q7S6Q5_NEUCR	tr|Q7S6Q5|Q7S6Q5_NEUCR	100
tr|Q7S8T0|Q7S8T0_NEUCR	tr|Q7S8T0|Q7S8T0_NEUCR	100
sp|Q7S9I4|RT12_NEUCR	sp|Q7S9I4|RT12_NEUCR	100
tr|Q7SA24|Q7SA24_NEUCR	tr|Q7SA24|Q7SA24_NEUCR	100
tr|Q7SAB8|Q7SAB8_NEUCR	tr|Q7SAB8|Q7SAB8_NEUCR	100
tr|Q7SAH0|Q7SAH0_NEUCR	tr|Q7SAH0|Q7SAH0_NEUCR	100
tr|Q7SAP9|Q7SAP9_NEUCR	tr|Q7SAP9|Q7SAP9_NEUCR	100
tr|Q7SB10|Q7SB10_NEUCR	tr|Q7SB10|Q7SB10_NEUCR	100
tr|Q7SBC0|Q7SBC0_NEUCR	tr|Q7SBC0|Q7SBC0_NEUCR	100
tr|Q7SBK1|Q7SBK1_NEUCR	tr|Q7SBK1|Q7SBK1_NEUCR	100
tr|Q7SBL2|Q7SBL2_NEUCR	tr|Q7SBL2|Q7SBL2_NEUCR	100
tr|Q7SBR9|Q7SBR9_NEUCR	tr|Q7SBR9|Q7SBR9_NEUCR	100
tr|Q7SC42|Q7SC42_NEUCR	tr|Q7SC42|Q7SC42_NEUCR	100
tr|Q7SD34|Q7SD34_NEUCR	tr|Q7SD34|Q7SD34_NEUCR	100
tr|Q7SDB8|Q7SDB8_NEUCR	tr|Q7SDB8|Q7SDB8_NEUCR	100
tr|Q7SE13|Q7SE13_NEUCR	tr|Q7SE13|Q7SE13_NEUCR	100
tr|Q7SE92|Q7SE92_NEUCR	tr|Q7SE92|Q7SE92_NEUCR	100
tr|Q7SEI8|Q7SEI8_NEUCR	tr|Q7SEI8|Q7SEI8_NEUCR	100
tr|Q7SG04|Q7SG04_NEUCR	tr|Q7SG04|Q7SG04_NEUCR	100
tr|Q7SG24|Q7SG24_NEUCR	tr|Q7SG24|Q7SG24_NEUCR	100
tr|Q7SG58|Q7SG58_NEUCR	tr|Q7SG58|Q7SG58_NEUCR	100
tr|Q7SGH6|Q7SGH6_NEUCR	tr|Q7SGH6|Q7SGH6_NEUCR	100
sp|Q7SGZ5|PALF_NEUCR	sp|Q7SGZ5|PALF_NEUCR	100
tr|Q7SH45|Q7SH45_NEUCR	tr|Q7SH45|Q7SH45_NEUCR	100
tr|Q7SH47|Q7SH47_NEUCR	tr|Q7SH47|Q7SH47_NEUCR	100
tr|Q7SH64|Q7SH64_NEUCR	tr|Q7SH64|Q7SH64_NEUCR	100
tr|Q7SH72|Q7SH72_NEUCR	tr|Q7SH72|Q7SH72_NEUCR	100
tr|Q7SHD7|Q7SHD7_NEUCR	tr|Q7SHD7|Q7SHD7_NEUCR	100
tr|Q7SHG7|Q7SHG7_NEUCR	tr|Q7SHG7|Q7SHG7_NEUCR	100
sp|Q870Q1|SWC4_NEUCR	sp|Q870Q1|SWC4_NEUCR	100
sp|Q9UV10|HET6_NEUCR	sp|Q9UV10|HET6_NEUCR	100
tr|U9W3A4|U9W3A4_NEUCR	tr|U9W3A4|U9W3A4_NEUCR	100
tr|U9WGT4|U9WGT4_NEUCR	tr|U9WGT4|U9WGT4_NEUCR	100
tr|V5IKG6|V5IKG6_NEUCR	tr|V5IKG6|V5IKG6_NEUCR	100
tr|V5IKM9|V5IKM9_NEUCR	tr|V5IKM9|V5IKM9_NEUCR	100
tr|V5IKW2|V5IKW2_NEUCR	tr|V5IKW2|V5IKW2_NEUCR	100
tr|V5ILC6|V5ILC6_NEUCR	tr|V5ILC6|V5ILC6_NEUCR	100
tr|V5ILK5|V5ILK5_NEUCR	tr|V5ILK5|V5ILK5_NEUCR	100
tr|V5ILL0|V5ILL0_NEUCR	tr|V5ILL0|V5ILL0_NEUCR	100
tr|V5IMF2|V5IMF2_NEUCR	tr|V5IMF2|V5IMF2_NEUCR	100
tr|V5IMM1|V5IMM1_NEUCR	tr|V5IMM1|V5IMM1_NEUCR	100
tr|V5IMR1|V5IMR1_NEUCR	tr|V5IMR1|V5IMR1_NEUCR	100
tr|V5INL1|V5INL1_NEUCR	tr|V5INL1|V5INL1_NEUCR	100
tr|V5INM0|V5INM0_NEUCR	tr|V5INM0|V5INM0_NEUCR	100
tr|V5IP34|V5IP34_NEUCR	tr|V5IP34|V5IP34_NEUCR	100
tr|V5IP54|V5IP54_NEUCR	tr|V5IP54|V5IP54_NEUCR	100
tr|V5IQ35|V5IQ35_NEUCR	tr|V5IQ35|V5IQ35_NEUCR	100
tr|V5IQP9|V5IQP9_NEUCR	tr|V5IQP9|V5IQP9_NEUCR	100
tr|V5IQU2|V5IQU2_NEUCR	tr|V5IQU2|V5IQU2_NEUCR	100
tr|V5IQW5|V5IQW5_NEUCR	tr|V5IQW5|V5IQW5_NEUCR	100
tr|V5IQX8|V5IQX8_NEUCR	tr|V5IQX8|V5IQX8_NEUCR	100
tr|V5IRJ8|V5IRJ8_NEUCR	tr|V5IRJ8|V5IRJ8_NEUCR	100
tr|A7UWI3|A7UWI3_NEUCR	tr|A7UWI3|A7UWI3_NEUCR	100
tr|A7UWJ0|A7UWJ0_NEUCR	tr|A7UWJ0|A7UWJ0_NEUCR	100
tr|A7UWU8|A7UWU8_NEUCR	tr|A7UWU8|A7UWU8_NEUCR	100
tr|A7UWW8|A7UWW8_NEUCR	tr|A7UWW8|A7UWW8_NEUCR	100
tr|A7UX99|A7UX99_NEUCR	tr|A7UX99|A7UX99_NEUCR	100
sp|Q01356|ARG13_NEUCR	sp|Q01356|ARG13_NEUCR	100
tr|Q1K538|Q1K538_NEUCR	tr|Q1K538|Q1K538_NEUCR	100
tr|Q1K587|Q1K587_NEUCR	tr|Q1K587|Q1K587_NEUCR	100
tr|Q1K5C9|Q1K5C9_NEUCR	tr|Q1K5C9|Q1K5C9_NEUCR	100
tr|Q1K5K9|Q1K5K9_NEUCR	tr|Q1K5K9|Q1K5K9_NEUCR	100
tr|Q1K5R7|Q1K5R7_NEUCR	tr|Q1K5R7|Q1K5R7_NEUCR	100
tr|Q1K658|Q1K658_NEUCR	tr|Q1K658|Q1K658_NEUCR	100
tr|Q1K679|Q1K679_NEUCR	tr|Q1K679|Q1K679_NEUCR	100
tr|Q1K701|Q1K701_NEUCR	tr|Q1K701|Q1K701_NEUCR	100
sp|Q1K730|RM02_NEUCR	sp|Q1K730|RM02_NEUCR	100
tr|Q1K7B6|Q1K7B6_NEUCR	tr|Q1K7B6|Q1K7B6_NEUCR	100
tr|Q1K7M7|Q1K7M7_NEUCR	tr|Q1K7M7|Q1K7M7_NEUCR	100
tr|Q1K822|Q1K822_NEUCR	tr|Q1K822|Q1K822_NEUCR	100
tr|Q1K855|Q1K855_NEUCR	tr|Q1K855|Q1K855_NEUCR	100
tr|Q1K887|Q1K887_NEUCR	tr|Q1K887|Q1K887_NEUCR	100
tr|Q7RVN6|Q7RVN6_NEUCR	tr|Q7RVN6|Q7RVN6_NEUCR	100
tr|Q7RXC8|Q7RXC8_NEUCR	tr|Q7RXC8|Q7RXC8_NEUCR	100
tr|Q7RXE1|Q7RXE1_NEUCR	tr|Q7RXE1|Q7RXE1_NEUCR	100
tr|Q7RXI9|Q7RXI9_NEUCR	tr|Q7RXI9|Q7RXI9_NEUCR	100
tr|Q7RXP1|Q7RXP1_NEUCR	tr|Q7RXP1|Q7RXP1_NEUCR	100
tr|Q7RY16|Q7RY16_NEUCR	tr|Q7RY16|Q7RY16_NEUCR	100
tr|Q7RYH1|Q7RYH1_NEUCR	tr|Q7RYH1|Q7RYH1_NEUCR	100
tr|Q7RYI4|Q7RYI4_NEUCR	tr|Q7RYI4|Q7RYI4_NEUCR	100
tr|Q7RYJ4|Q7RYJ4_NEUCR	tr|Q7RYJ4|Q7RYJ4_NEUCR	100
tr|Q7RYJ5|Q7RYJ5_NEUCR	tr|Q7RYJ5|Q7RYJ5_NEUCR	100
tr|Q7RZA6|Q7RZA6_NEUCR	tr|Q7RZA6|Q7RZA6_NEUCR	100
sp|Q7RZK7|AF9_NEUCR	sp|Q7RZK7|AF9_NEUCR	100
tr|Q7S034|Q7S034_NEUCR	tr|Q7S034|Q7S034_NEUCR	100
tr|Q7S1H7|Q7S1H7_NEUCR	tr|Q7S1H7|Q7S1H7_NEUCR	100
sp|Q7S2R9|EIF3K_NEUCR	sp|Q7S2R9|EIF3K_NEUCR	100
tr|Q7S330|Q7S330_NEUCR	tr|Q7S330|Q7S330_NEUCR	100
tr|Q7S336|Q7S336_NEUCR	tr|Q7S336|Q7S336_NEUCR	100
tr|Q7S337|Q7S337_NEUCR	tr|Q7S337|Q7S337_NEUCR	100
tr|Q7S3J1|Q7S3J1_NEUCR	tr|Q7S3J1|Q7S3J1_NEUCR	100
tr|Q7S3P0|Q7S3P0_NEUCR	tr|Q7S3P0|Q7S3P0_NEUCR	100
tr|Q7S3Y7|Q7S3Y7_NEUCR	tr|Q7S3Y7|Q7S3Y7_NEUCR	100
tr|Q7S490|Q7S490_NEUCR	tr|Q7S490|Q7S490_NEUCR	100
tr|Q7S4M3|Q7S4M3_NEUCR	tr|Q7S4M3|Q7S4M3_NEUCR	100
tr|Q7S512|Q7S512_NEUCR	tr|Q7S512|Q7S512_NEUCR	100
tr|Q7S533|Q7S533_NEUCR	tr|Q7S533|Q7S533_NEUCR	100
tr|Q7S564|Q7S564_NEUCR	tr|Q7S564|Q7S564_NEUCR	100
tr|Q7S582|Q7S582_NEUCR	tr|Q7S582|Q7S582_NEUCR	100
tr|Q7S5I3|Q7S5I3_NEUCR	tr|Q7S5I3|Q7S5I3_NEUCR	100
tr|Q7S5L8|Q7S5L8_NEUCR	tr|Q7S5L8|Q7S5L8_NEUCR	100
tr|Q7S5S4|Q7S5S4_NEUCR	tr|Q7S5S4|Q7S5S4_NEUCR	100
tr|Q7S7L6|Q7S7L6_NEUCR	tr|Q7S7L6|Q7S7L6_NEUCR	100
tr|Q7S7S9|Q7S7S9_NEUCR	tr|Q7S7S9|Q7S7S9_NEUCR	100
tr|Q7S7T6|Q7S7T6_NEUCR	tr|Q7S7T6|Q7S7T6_NEUCR	100
tr|Q7S8E7|Q7S8E7_NEUCR	tr|Q7S8E7|Q7S8E7_NEUCR	100
tr|Q7S8Z4|Q7S8Z4_NEUCR	tr|Q7S8Z4|Q7S8Z4_NEUCR	100
tr|Q7S9M6|Q7S9M6_NEUCR	tr|Q7S9M6|Q7S9M6_NEUCR	100
tr|Q7S9N1|Q7S9N1_NEUCR	tr|Q7S9N1|Q7S9N1_NEUCR	100
tr|Q7S9Q1|Q7S9Q1_NEUCR	tr|Q7S9Q1|Q7S9Q1_NEUCR	100
tr|Q7S9R0|Q7S9R0_NEUCR	tr|Q7S9R0|Q7S9R0_NEUCR	100
tr|Q7SA28|Q7SA28_NEUCR	tr|Q7SA28|Q7SA28_NEUCR	100
tr|Q7SAE6|Q7SAE6_NEUCR	tr|Q7SAE6|Q7SAE6_NEUCR	100
tr|Q7SAJ9|Q7SAJ9_NEUCR	tr|Q7SAJ9|Q7SAJ9_NEUCR	100
tr|Q7SBG4|Q7SBG4_NEUCR	tr|Q7SBG4|Q7SBG4_NEUCR	100
tr|Q7SBN1|Q7SBN1_NEUCR	tr|Q7SBN1|Q7SBN1_NEUCR	100
tr|Q7SBP4|Q7SBP4_NEUCR	tr|Q7SBP4|Q7SBP4_NEUCR	100
tr|Q7SBX7|Q7SBX7_NEUCR	tr|Q7SBX7|Q7SBX7_NEUCR	100
tr|Q7SC05|Q7SC05_NEUCR	tr|Q7SC05|Q7SC05_NEUCR	100
tr|Q7SCN8|Q7SCN8_NEUCR	tr|Q7SCN8|Q7SCN8_NEUCR	100
tr|Q7SCS4|Q7SCS4_NEUCR	tr|Q7SCS4|Q7SCS4_NEUCR	100
tr|Q7SDH7|Q7SDH7_NEUCR	tr|Q7SDH7|Q7SDH7_NEUCR	100
tr|Q7SEA5|Q7SEA5_NEUCR	tr|Q7SEA5|Q7SEA5_NEUCR	100
sp|Q7SEM8|PALC_NEUCR	sp|Q7SEM8|PALC_NEUCR	100
tr|Q7SEU4|Q7SEU4_NEUCR	tr|Q7SEU4|Q7SEU4_NEUCR	100
tr|Q7SF32|Q7SF32_NEUCR	tr|Q7SF32|Q7SF32_NEUCR	100
tr|Q7SFE8|Q7SFE8_NEUCR	tr|Q7SFE8|Q7SFE8_NEUCR	100
sp|Q7SG01|DUS3_NEUCR	sp|Q7SG01|DUS3_NEUCR	100
tr|Q7SGX4|Q7SGX4_NEUCR	tr|Q7SGX4|Q7SGX4_NEUCR	100
tr|Q7SH43|Q7SH43_NEUCR	tr|Q7SH43|Q7SH43_NEUCR	100
tr|Q7SI02|Q7SI02_NEUCR	tr|Q7SI02|Q7SI02_NEUCR	100
tr|Q7SI56|Q7SI56_NEUCR	tr|Q7SI56|Q7SI56_NEUCR	100
sp|Q8NIV6|SPT6_NEUCR	sp|Q8NIV6|SPT6_NEUCR	100
sp|Q9HEG3|HIS7_NEUCR	sp|Q9HEG3|HIS7_NEUCR	100
sp|Q9P3R1|ERG6_NEUCR	sp|Q9P3R1|ERG6_NEUCR	100
sp|Q9Y8C0|TIM8_NEUCR	sp|Q9Y8C0|TIM8_NEUCR	100
tr|U9WGC6|U9WGC6_NEUCR	tr|U9WGC6|U9WGC6_NEUCR	100
tr|V5IKS0|V5IKS0_NEUCR	tr|V5IKS0|V5IKS0_NEUCR	100
tr|V5ILC8|V5ILC8_NEUCR	tr|V5ILC8|V5ILC8_NEUCR	100
tr|V5ILP9|V5ILP9_NEUCR	tr|V5ILP9|V5ILP9_NEUCR	100
tr|V5ILY9|V5ILY9_NEUCR	tr|V5ILY9|V5ILY9_NEUCR	100
tr|V5IMA2|V5IMA2_NEUCR	tr|V5IMA2|V5IMA2_NEUCR	100
tr|V5IME3|V5IME3_NEUCR	tr|V5IME3|V5IME3_NEUCR	100
tr|V5IMY0|V5IMY0_NEUCR	tr|V5IMY0|V5IMY0_NEUCR	100
tr|V5IPC6|V5IPC6_NEUCR	tr|V5IPC6|V5IPC6_NEUCR	100
tr|V5IPG6|V5IPG6_NEUCR	tr|V5IPG6|V5IPG6_NEUCR	100
tr|V5IPH8|V5IPH8_NEUCR	tr|V5IPH8|V5IPH8_NEUCR	100
tr|V5IPZ4|V5IPZ4_NEUCR	tr|V5IPZ4|V5IPZ4_NEUCR	100
tr|V5IQ05|V5IQ05_NEUCR	tr|V5IQ05|V5IQ05_NEUCR	100
tr|V5IQS8|V5IQS8_NEUCR	tr|V5IQS8|V5IQS8_NEUCR	100
tr|V5IQU8|V5IQU8_NEUCR	tr|V5IQU8|V5IQU8_NEUCR	100
tr|V5IR76|V5IR76_NEUCR	tr|V5IR76|V5IR76_NEUCR	100
tr|A7UW60|A7UW60_NEUCR	tr|A7UW60|A7UW60_NEUCR	100
tr|A7UWP6|A7UWP6_NEUCR	tr|A7UWP6|A7UWP6_NEUCR	100
sp|P12063|SYYM_NEUCR	sp|P12063|SYYM_NEUCR	100
sp|P38680|MTR_NEUCR	sp|P38680|MTR_NEUCR	100
sp|P42117|NDUA3_NEUCR	sp|P42117|NDUA3_NEUCR	100
sp|P87252|HEX1_NEUCR	sp|P87252|HEX1_NEUCR	100
tr|Q1K4S2|Q1K4S2_NEUCR	tr|Q1K4S2|Q1K4S2_NEUCR	100
tr|Q1K537|Q1K537_NEUCR	tr|Q1K537|Q1K537_NEUCR	100
tr|Q1K540|Q1K540_NEUCR	tr|Q1K540|Q1K540_NEUCR	100
tr|Q1K5E1|Q1K5E1_NEUCR	tr|Q1K5E1|Q1K5E1_NEUCR	100
tr|Q1K5T4|Q1K5T4_NEUCR	tr|Q1K5T4|Q1K5T4_NEUCR	100
tr|Q1K5Y4|Q1K5Y4_NEUCR	tr|Q1K5Y4|Q1K5Y4_NEUCR	100
tr|Q1K668|Q1K668_NEUCR	tr|Q1K668|Q1K668_NEUCR	100
tr|Q1K6B5|Q1K6B5_NEUCR	tr|Q1K6B5|Q1K6B5_NEUCR	100
tr|Q1K702|Q1K702_NEUCR	tr|Q1K702|Q1K702_NEUCR	100
tr|Q1K762|Q1K762_NEUCR	tr|Q1K762|Q1K762_NEUCR	100
tr|Q1K7H7|Q1K7H7_NEUCR	tr|Q1K7H7|Q1K7H7_NEUCR	100
tr|Q1K7Q3|Q1K7Q3_NEUCR	tr|Q1K7Q3|Q1K7Q3_NEUCR	100
tr|Q1K7T6|Q1K7T6_NEUCR	tr|Q1K7T6|Q1K7T6_NEUCR	100
tr|Q1K7U3|Q1K7U3_NEUCR	tr|Q1K7U3|Q1K7U3_NEUCR	100
tr|Q1K882|Q1K882_NEUCR	tr|Q1K882|Q1K882_NEUCR	100
tr|Q1K8H9|Q1K8H9_NEUCR	tr|Q1K8H9|Q1K8H9_NEUCR	100
tr|Q7RX22|Q7RX22_NEUCR	tr|Q7RX22|Q7RX22_NEUCR	100
tr|Q7RX34|Q7RX34_NEUCR	tr|Q7RX34|Q7RX34_NEUCR	100
tr|Q7RXP8|Q7RXP8_NEUCR	tr|Q7RXP8|Q7RXP8_NEUCR	100
tr|Q7RXU8|Q7RXU8_NEUCR	tr|Q7RXU8|Q7RXU8_NEUCR	100
tr|Q7RYA5|Q7RYA5_NEUCR	tr|Q7RYA5|Q7RYA5_NEUCR	100
tr|Q7RYR1|Q7RYR1_NEUCR	tr|Q7RYR1|Q7RYR1_NEUCR	100
tr|Q7RYZ6|Q7RYZ6_NEUCR	tr|Q7RYZ6|Q7RYZ6_NEUCR	100
tr|Q7RZ63|Q7RZ63_NEUCR	tr|Q7RZ63|Q7RZ63_NEUCR	100
tr|Q7RZG3|Q7RZG3_NEUCR	tr|Q7RZG3|Q7RZG3_NEUCR	100
tr|Q7RZK4|Q7RZK4_NEUCR	tr|Q7RZK4|Q7RZK4_NEUCR	100
tr|Q7S019|Q7S019_NEUCR	tr|Q7S019|Q7S019_NEUCR	100
tr|Q7S0V8|Q7S0V8_NEUCR	tr|Q7S0V8|Q7S0V8_NEUCR	100
tr|Q7S1J7|Q7S1J7_NEUCR	tr|Q7S1J7|Q7S1J7_NEUCR	100
tr|Q7S1K4|Q7S1K4_NEUCR	tr|Q7S1K4|Q7S1K4_NEUCR	100
tr|Q7S1R5|Q7S1R5_NEUCR	tr|Q7S1R5|Q7S1R5_NEUCR	100
tr|Q7S1T6|Q7S1T6_NEUCR	tr|Q7S1T6|Q7S1T6_NEUCR	100
tr|Q7S210|Q7S210_NEUCR	tr|Q7S210|Q7S210_NEUCR	100
tr|Q7S299|Q7S299_NEUCR	tr|Q7S299|Q7S299_NEUCR	100
tr|Q7S2F6|Q7S2F6_NEUCR	tr|Q7S2F6|Q7S2F6_NEUCR	100
tr|Q7S3K9|Q7S3K9_NEUCR	tr|Q7S3K9|Q7S3K9_NEUCR	100
tr|Q7S3W1|Q7S3W1_NEUCR	tr|Q7S3W1|Q7S3W1_NEUCR	100
tr|Q7S434|Q7S434_NEUCR	tr|Q7S434|Q7S434_NEUCR	100
tr|Q7S4F0|Q7S4F0_NEUCR	tr|Q7S4F0|Q7S4F0_NEUCR	100
tr|Q7S4G1|Q7S4G1_NEUCR	tr|Q7S4G1|Q7S4G1_NEUCR	100
tr|Q7S4N0|Q7S4N0_NEUCR	tr|Q7S4N0|Q7S4N0_NEUCR	100
tr|Q7S4S9|Q7S4S9_NEUCR	tr|Q7S4S9|Q7S4S9_NEUCR	100
tr|Q7S5A4|Q7S5A4_NEUCR	tr|Q7S5A4|Q7S5A4_NEUCR	100
tr|Q7S5H7|Q7S5H7_NEUCR	tr|Q7S5H7|Q7S5H7_NEUCR	100
tr|Q7S647|Q7S647_NEUCR	tr|Q7S647|Q7S647_NEUCR	100
tr|Q7S696|Q7S696_NEUCR	tr|Q7S696|Q7S696_NEUCR	100
tr|Q7S6G5|Q7S6G5_NEUCR	tr|Q7S6G5|Q7S6G5_NEUCR	100
tr|Q7S6N8|Q7S6N8_NEUCR	tr|Q7S6N8|Q7S6N8_NEUCR	100
tr|Q7S6P7|Q7S6P7_NEUCR	tr|Q7S6P7|Q7S6P7_NEUCR	100
tr|Q7S6R1|Q7S6R1_NEUCR	tr|Q7S6R1|Q7S6R1_NEUCR	100
tr|Q7S6S7|Q7S6S7_NEUCR	tr|Q7S6S7|Q7S6S7_NEUCR	100
tr|Q7S7Z9|Q7S7Z9_NEUCR	tr|Q7S7Z9|Q7S7Z9_NEUCR	100
tr|Q7S8P6|Q7S8P6_NEUCR	tr|Q7S8P6|Q7S8P6_NEUCR	100
tr|Q7S9V3|Q7S9V3_NEUCR	tr|Q7S9V3|Q7S9V3_NEUCR	100
tr|Q7S9W6|Q7S9W6_NEUCR	tr|Q7S9W6|Q7S9W6_NEUCR	100
tr|Q7SA26|Q7SA26_NEUCR	tr|Q7SA26|Q7SA26_NEUCR	100
tr|Q7SAG3|Q7SAG3_NEUCR	tr|Q7SAG3|Q7SAG3_NEUCR	100
tr|Q7SAK8|Q7SAK8_NEUCR	tr|Q7SAK8|Q7SAK8_NEUCR	100
tr|Q7SAS1|Q7SAS1_NEUCR	tr|Q7SAS1|Q7SAS1_NEUCR	100
tr|Q7SBE7|Q7SBE7_NEUCR	tr|Q7SBE7|Q7SBE7_NEUCR	100
tr|Q7SBG8|Q7SBG8_NEUCR	tr|Q7SBG8|Q7SBG8_NEUCR	100
tr|Q7SC51|Q7SC51_NEUCR	tr|Q7SC51|Q7SC51_NEUCR	100
tr|Q7SC67|Q7SC67_NEUCR	tr|Q7SC67|Q7SC67_NEUCR	100
tr|Q7SCF2|Q7SCF2_NEUCR	tr|Q7SCF2|Q7SCF2_NEUCR	100
tr|Q7SCL2|Q7SCL2_NEUCR	tr|Q7SCL2|Q7SCL2_NEUCR	100
tr|Q7SCV2|Q7SCV2_NEUCR	tr|Q7SCV2|Q7SCV2_NEUCR	100
sp|Q7SEI7|XANA_NEUCR	sp|Q7SEI7|XANA_NEUCR	100
tr|Q7SF20|Q7SF20_NEUCR	tr|Q7SF20|Q7SF20_NEUCR	100
tr|Q7SFX0|Q7SFX0_NEUCR	tr|Q7SFX0|Q7SFX0_NEUCR	100
tr|Q7SG45|Q7SG45_NEUCR	tr|Q7SG45|Q7SG45_NEUCR	100
tr|Q7SGJ4|Q7SGJ4_NEUCR	tr|Q7SGJ4|Q7SGJ4_NEUCR	100
tr|Q7SGU4|Q7SGU4_NEUCR	tr|Q7SGU4|Q7SGU4_NEUCR	100
tr|Q7SGZ7|Q7SGZ7_NEUCR	tr|Q7SGZ7|Q7SGZ7_NEUCR	100
tr|Q7SH61|Q7SH61_NEUCR	tr|Q7SH61|Q7SH61_NEUCR	100
tr|Q7SH95|Q7SH95_NEUCR	tr|Q7SH95|Q7SH95_NEUCR	100
tr|Q7SHR1|Q7SHR1_NEUCR	tr|Q7SHR1|Q7SHR1_NEUCR	100
tr|Q7SI18|Q7SI18_NEUCR	tr|Q7SI18|Q7SI18_NEUCR	100
sp|Q9P3T4|DENR_NEUCR	sp|Q9P3T4|DENR_NEUCR	100
tr|U9W3C8|U9W3C8_NEUCR	tr|U9W3C8|U9W3C8_NEUCR	100
tr|V5IKB9|V5IKB9_NEUCR	tr|V5IKB9|V5IKB9_NEUCR	100
tr|V5IKZ7|V5IKZ7_NEUCR	tr|V5IKZ7|V5IKZ7_NEUCR	100
tr|V5IL78|V5IL78_NEUCR	tr|V5IL78|V5IL78_NEUCR	100
tr|V5ILT0|V5ILT0_NEUCR	tr|V5ILT0|V5ILT0_NEUCR	100
tr|V5IN55|V5IN55_NEUCR	tr|V5IN55|V5IN55_NEUCR	100
tr|V5IN59|V5IN59_NEUCR	tr|V5IN59|V5IN59_NEUCR	100
tr|V5ING2|V5ING2_NEUCR	tr|V5ING2|V5ING2_NEUCR	100
tr|V5INJ4|V5INJ4_NEUCR	tr|V5INJ4|V5INJ4_NEUCR	100
tr|V5IP51|V5IP51_NEUCR	tr|V5IP51|V5IP51_NEUCR	100
tr|V5IQ21|V5IQ21_NEUCR	tr|V5IQ21|V5IQ21_NEUCR	100
tr|V5IQP5|V5IQP5_NEUCR	tr|V5IQP5|V5IQP5_NEUCR	100
tr|V5IQZ9|V5IQZ9_NEUCR	tr|V5IQZ9|V5IQZ9_NEUCR	100
sp|V5IRA3|ATIF_NEUCR	sp|V5IRA3|ATIF_NEUCR	100
tr|V5IRH4|V5IRH4_NEUCR	tr|V5IRH4|V5IRH4_NEUCR	100
tr|V5IRI5|V5IRI5_NEUCR	tr|V5IRI5|V5IRI5_NEUCR	100
tr|A7UX01|A7UX01_NEUCR	tr|A7UX01|A7UX01_NEUCR	100
tr|A7UXE0|A7UXE0_NEUCR	tr|A7UXE0|A7UXE0_NEUCR	100
tr|F5HI62|F5HI62_NEUCR	tr|F5HI62|F5HI62_NEUCR	100
sp|P09646|RNN1_NEUCR	sp|P09646|RNN1_NEUCR	100
sp|P78706|RCO1_NEUCR	sp|P78706|RCO1_NEUCR	100
tr|Q1K519|Q1K519_NEUCR	tr|Q1K519|Q1K519_NEUCR	100
tr|Q1K592|Q1K592_NEUCR	tr|Q1K592|Q1K592_NEUCR	100
tr|Q1K5E6|Q1K5E6_NEUCR	tr|Q1K5E6|Q1K5E6_NEUCR	100
tr|Q1K5I3|Q1K5I3_NEUCR	tr|Q1K5I3|Q1K5I3_NEUCR	100
tr|Q1K674|Q1K674_NEUCR	tr|Q1K674|Q1K674_NEUCR	100
tr|Q1K6K9|Q1K6K9_NEUCR	tr|Q1K6K9|Q1K6K9_NEUCR	100
tr|Q1K6P2|Q1K6P2_NEUCR	tr|Q1K6P2|Q1K6P2_NEUCR	100
tr|Q1K6Y6|Q1K6Y6_NEUCR	tr|Q1K6Y6|Q1K6Y6_NEUCR	100
tr|Q1K764|Q1K764_NEUCR	tr|Q1K764|Q1K764_NEUCR	100
tr|Q1K7K6|Q1K7K6_NEUCR	tr|Q1K7K6|Q1K7K6_NEUCR	100
tr|Q1K7L1|Q1K7L1_NEUCR	tr|Q1K7L1|Q1K7L1_NEUCR	100
tr|Q1K810|Q1K810_NEUCR	tr|Q1K810|Q1K810_NEUCR	100
tr|Q1K8C5|Q1K8C5_NEUCR	tr|Q1K8C5|Q1K8C5_NEUCR	100
tr|Q1K8D3|Q1K8D3_NEUCR	tr|Q1K8D3|Q1K8D3_NEUCR	100
tr|Q1K8I0|Q1K8I0_NEUCR	tr|Q1K8I0|Q1K8I0_NEUCR	100
tr|Q1K8K2|Q1K8K2_NEUCR	tr|Q1K8K2|Q1K8K2_NEUCR	100
tr|Q7RU99|Q7RU99_NEUCR	tr|Q7RU99|Q7RU99_NEUCR	100
tr|Q7RV33|Q7RV33_NEUCR	tr|Q7RV33|Q7RV33_NEUCR	100
tr|Q7RW52|Q7RW52_NEUCR	tr|Q7RW52|Q7RW52_NEUCR	100
tr|Q7RWA9|Q7RWA9_NEUCR	tr|Q7RWA9|Q7RWA9_NEUCR	100
tr|Q7RXC5|Q7RXC5_NEUCR	tr|Q7RXC5|Q7RXC5_NEUCR	100
tr|Q7RXR0|Q7RXR0_NEUCR	tr|Q7RXR0|Q7RXR0_NEUCR	100
tr|Q7RYS3|Q7RYS3_NEUCR	tr|Q7RYS3|Q7RYS3_NEUCR	100
sp|Q7RYV0|MNP1_NEUCR	sp|Q7RYV0|MNP1_NEUCR	100
tr|Q7RZH6|Q7RZH6_NEUCR	tr|Q7RZH6|Q7RZH6_NEUCR	100
tr|Q7RZL6|Q7RZL6_NEUCR	tr|Q7RZL6|Q7RZL6_NEUCR	100
tr|Q7S021|Q7S021_NEUCR	tr|Q7S021|Q7S021_NEUCR	100
tr|Q7S0C0|Q7S0C0_NEUCR	tr|Q7S0C0|Q7S0C0_NEUCR	100
tr|Q7S0S4|Q7S0S4_NEUCR	tr|Q7S0S4|Q7S0S4_NEUCR	100
tr|Q7S0X6|Q7S0X6_NEUCR	tr|Q7S0X6|Q7S0X6_NEUCR	100
tr|Q7S1E6|Q7S1E6_NEUCR	tr|Q7S1E6|Q7S1E6_NEUCR	100
tr|Q7S1R7|Q7S1R7_NEUCR	tr|Q7S1R7|Q7S1R7_NEUCR	100
tr|Q7S2B2|Q7S2B2_NEUCR	tr|Q7S2B2|Q7S2B2_NEUCR	100
tr|Q7S355|Q7S355_NEUCR	tr|Q7S355|Q7S355_NEUCR	100
tr|Q7S3D8|Q7S3D8_NEUCR	tr|Q7S3D8|Q7S3D8_NEUCR	100
tr|Q7S3E8|Q7S3E8_NEUCR	tr|Q7S3E8|Q7S3E8_NEUCR	100
tr|Q7S3N3|Q7S3N3_NEUCR	tr|Q7S3N3|Q7S3N3_NEUCR	100
tr|Q7S497|Q7S497_NEUCR	tr|Q7S497|Q7S497_NEUCR	100
tr|Q7S4B3|Q7S4B3_NEUCR	tr|Q7S4B3|Q7S4B3_NEUCR	100
tr|Q7S4N7|Q7S4N7_NEUCR	tr|Q7S4N7|Q7S4N7_NEUCR	100
tr|Q7S5N4|Q7S5N4_NEUCR	tr|Q7S5N4|Q7S5N4_NEUCR	100
tr|Q7S611|Q7S611_NEUCR	tr|Q7S611|Q7S611_NEUCR	100
tr|Q7S733|Q7S733_NEUCR	tr|Q7S733|Q7S733_NEUCR	100
tr|Q7S7D4|Q7S7D4_NEUCR	tr|Q7S7D4|Q7S7D4_NEUCR	100
sp|Q7S7L4|LIS12_NEUCR	sp|Q7S7L4|LIS12_NEUCR	100
sp|Q7S834|LTN1_NEUCR	sp|Q7S834|LTN1_NEUCR	100
tr|Q7S8K8|Q7S8K8_NEUCR	tr|Q7S8K8|Q7S8K8_NEUCR	100
tr|Q7S8N7|Q7S8N7_NEUCR	tr|Q7S8N7|Q7S8N7_NEUCR	100
tr|Q7S8U5|Q7S8U5_NEUCR	tr|Q7S8U5|Q7S8U5_NEUCR	100
tr|Q7S8U8|Q7S8U8_NEUCR	tr|Q7S8U8|Q7S8U8_NEUCR	100
tr|Q7S941|Q7S941_NEUCR	tr|Q7S941|Q7S941_NEUCR	100
tr|Q7S9G6|Q7S9G6_NEUCR	tr|Q7S9G6|Q7S9G6_NEUCR	100
tr|Q7SAJ7|Q7SAJ7_NEUCR	tr|Q7SAJ7|Q7SAJ7_NEUCR	100
tr|Q7SAM4|Q7SAM4_NEUCR	tr|Q7SAM4|Q7SAM4_NEUCR	100
tr|Q7SAP0|Q7SAP0_NEUCR	tr|Q7SAP0|Q7SAP0_NEUCR	100
tr|Q7SAY9|Q7SAY9_NEUCR	tr|Q7SAY9|Q7SAY9_NEUCR	100
tr|Q7SB71|Q7SB71_NEUCR	tr|Q7SB71|Q7SB71_NEUCR	100
sp|Q7SBJ8|RM38_NEUCR	sp|Q7SBJ8|RM38_NEUCR	100
tr|Q7SBP3|Q7SBP3_NEUCR	tr|Q7SBP3|Q7SBP3_NEUCR	100
tr|Q7SCF6|Q7SCF6_NEUCR	tr|Q7SCF6|Q7SCF6_NEUCR	100
tr|Q7SD19|Q7SD19_NEUCR	tr|Q7SD19|Q7SD19_NEUCR	100
tr|Q7SD31|Q7SD31_NEUCR	tr|Q7SD31|Q7SD31_NEUCR	100
tr|Q7SE06|Q7SE06_NEUCR	tr|Q7SE06|Q7SE06_NEUCR	100
tr|Q7SEN8|Q7SEN8_NEUCR	tr|Q7SEN8|Q7SEN8_NEUCR	100
tr|Q7SEX0|Q7SEX0_NEUCR	tr|Q7SEX0|Q7SEX0_NEUCR	100
tr|Q7SEZ2|Q7SEZ2_NEUCR	tr|Q7SEZ2|Q7SEZ2_NEUCR	100
tr|Q7SFE0|Q7SFE0_NEUCR	tr|Q7SFE0|Q7SFE0_NEUCR	100
tr|Q7SFH7|Q7SFH7_NEUCR	tr|Q7SFH7|Q7SFH7_NEUCR	100
tr|Q7SFU1|Q7SFU1_NEUCR	tr|Q7SFU1|Q7SFU1_NEUCR	100
tr|Q7SG78|Q7SG78_NEUCR	tr|Q7SG78|Q7SG78_NEUCR	100
sp|Q7SH17|ACKA_NEUCR	sp|Q7SH17|ACKA_NEUCR	100
tr|Q7SHC0|Q7SHC0_NEUCR	tr|Q7SHC0|Q7SHC0_NEUCR	100
tr|Q7SHF2|Q7SHF2_NEUCR	tr|Q7SHF2|Q7SHF2_NEUCR	100
sp|Q7SHI6|SRDA_NEUCR	sp|Q7SHI6|SRDA_NEUCR	100
tr|Q7SHV2|Q7SHV2_NEUCR	tr|Q7SHV2|Q7SHV2_NEUCR	100
tr|Q7SI34|Q7SI34_NEUCR	tr|Q7SI34|Q7SI34_NEUCR	100
sp|Q8NK13|SKP1_NEUCR	sp|Q8NK13|SKP1_NEUCR	100
tr|U9W3N9|U9W3N9_NEUCR	tr|U9W3N9|U9W3N9_NEUCR	100
tr|U9W578|U9W578_NEUCR	tr|U9W578|U9W578_NEUCR	100
tr|U9W8K6|U9W8K6_NEUCR	tr|U9W8K6|U9W8K6_NEUCR	100
tr|V5IKC4|V5IKC4_NEUCR	tr|V5IKC4|V5IKC4_NEUCR	100
tr|V5IKP3|V5IKP3_NEUCR	tr|V5IKP3|V5IKP3_NEUCR	100
tr|V5IL88|V5IL88_NEUCR	tr|V5IL88|V5IL88_NEUCR	100
tr|V5ILM0|V5ILM0_NEUCR	tr|V5ILM0|V5ILM0_NEUCR	100
tr|V5IM29|V5IM29_NEUCR	tr|V5IM29|V5IM29_NEUCR	100
tr|V5IM75|V5IM75_NEUCR	tr|V5IM75|V5IM75_NEUCR	100
tr|V5IMJ5|V5IMJ5_NEUCR	tr|V5IMJ5|V5IMJ5_NEUCR	100
tr|V5IN22|V5IN22_NEUCR	tr|V5IN22|V5IN22_NEUCR	100
tr|V5IP98|V5IP98_NEUCR	tr|V5IP98|V5IP98_NEUCR	100
tr|V5IPG4|V5IPG4_NEUCR	tr|V5IPG4|V5IPG4_NEUCR	100
tr|V5IQ62|V5IQ62_NEUCR	tr|V5IQ62|V5IQ62_NEUCR	100
tr|V5IQE5|V5IQE5_NEUCR	tr|V5IQE5|V5IQE5_NEUCR	100
tr|V5IQF3|V5IQF3_NEUCR	tr|V5IQF3|V5IQF3_NEUCR	100
tr|V5IQK1|V5IQK1_NEUCR	tr|V5IQK1|V5IQK1_NEUCR	100
tr|V5IQU3|V5IQU3_NEUCR	tr|V5IQU3|V5IQU3_NEUCR	100
tr|A7UW14|A7UW14_NEUCR	tr|A7UW14|A7UW14_NEUCR	100
tr|A7UW24|A7UW24_NEUCR	tr|A7UW24|A7UW24_NEUCR	100
tr|A7UW48|A7UW48_NEUCR	tr|A7UW48|A7UW48_NEUCR	100
tr|A7UWI7|A7UWI7_NEUCR	tr|A7UWI7|A7UWI7_NEUCR	100
tr|A7UWV2|A7UWV2_NEUCR	tr|A7UWV2|A7UWV2_NEUCR	100
tr|A7UXH0|A7UXH0_NEUCR	tr|A7UXH0|A7UXH0_NEUCR	100
tr|F5HCC6|F5HCC6_NEUCR	tr|F5HCC6|F5HCC6_NEUCR	100
sp|P24919|NDUA5_NEUCR	sp|P24919|NDUA5_NEUCR	100
sp|P38669|TBA2_NEUCR	sp|P38669|TBA2_NEUCR	100
tr|Q1K4Q5|Q1K4Q5_NEUCR	tr|Q1K4Q5|Q1K4Q5_NEUCR	100
tr|Q1K5C3|Q1K5C3_NEUCR	tr|Q1K5C3|Q1K5C3_NEUCR	100
tr|Q1K5R1|Q1K5R1_NEUCR	tr|Q1K5R1|Q1K5R1_NEUCR	100
sp|Q1K722|KEX1_NEUCR	sp|Q1K722|KEX1_NEUCR	100
tr|Q1K788|Q1K788_NEUCR	tr|Q1K788|Q1K788_NEUCR	100
tr|Q1K7H3|Q1K7H3_NEUCR	tr|Q1K7H3|Q1K7H3_NEUCR	100
tr|Q1K7Q6|Q1K7Q6_NEUCR	tr|Q1K7Q6|Q1K7Q6_NEUCR	100
tr|Q1K8G7|Q1K8G7_NEUCR	tr|Q1K8G7|Q1K8G7_NEUCR	100
sp|Q1K8T6|RM09_NEUCR	sp|Q1K8T6|RM09_NEUCR	100
tr|Q1K932|Q1K932_NEUCR	tr|Q1K932|Q1K932_NEUCR	100
tr|Q1K946|Q1K946_NEUCR	tr|Q1K946|Q1K946_NEUCR	100
tr|Q7RUH3|Q7RUH3_NEUCR	tr|Q7RUH3|Q7RUH3_NEUCR	100
tr|Q7RV07|Q7RV07_NEUCR	tr|Q7RV07|Q7RV07_NEUCR	100
tr|Q7RWC0|Q7RWC0_NEUCR	tr|Q7RWC0|Q7RWC0_NEUCR	100
tr|Q7RWG4|Q7RWG4_NEUCR	tr|Q7RWG4|Q7RWG4_NEUCR	100
tr|Q7RWX5|Q7RWX5_NEUCR	tr|Q7RWX5|Q7RWX5_NEUCR	100
sp|Q7RXA6|PPIL2_NEUCR	sp|Q7RXA6|PPIL2_NEUCR	100
tr|Q7RXT7|Q7RXT7_NEUCR	tr|Q7RXT7|Q7RXT7_NEUCR	100
tr|Q7RY35|Q7RY35_NEUCR	tr|Q7RY35|Q7RY35_NEUCR	100
tr|Q7RY53|Q7RY53_NEUCR	tr|Q7RY53|Q7RY53_NEUCR	100
tr|Q7RYM9|Q7RYM9_NEUCR	tr|Q7RYM9|Q7RYM9_NEUCR	100
tr|Q7RYW4|Q7RYW4_NEUCR	tr|Q7RYW4|Q7RYW4_NEUCR	100
tr|Q7RZ05|Q7RZ05_NEUCR	tr|Q7RZ05|Q7RZ05_NEUCR	100
sp|Q7RZ35|DBP4_NEUCR	sp|Q7RZ35|DBP4_NEUCR	100
tr|Q7RZ61|Q7RZ61_NEUCR	tr|Q7RZ61|Q7RZ61_NEUCR	100
tr|Q7RZE6|Q7RZE6_NEUCR	tr|Q7RZE6|Q7RZE6_NEUCR	100
sp|Q7RZM8|UTP10_NEUCR	sp|Q7RZM8|UTP10_NEUCR	100
tr|Q7RZR3|Q7RZR3_NEUCR	tr|Q7RZR3|Q7RZR3_NEUCR	100
tr|Q7S082|Q7S082_NEUCR	tr|Q7S082|Q7S082_NEUCR	100
tr|Q7S0I0|Q7S0I0_NEUCR	tr|Q7S0I0|Q7S0I0_NEUCR	100
tr|Q7S0J0|Q7S0J0_NEUCR	tr|Q7S0J0|Q7S0J0_NEUCR	100
tr|Q7S1Q6|Q7S1Q6_NEUCR	tr|Q7S1Q6|Q7S1Q6_NEUCR	100
tr|Q7S1Y9|Q7S1Y9_NEUCR	tr|Q7S1Y9|Q7S1Y9_NEUCR	100
tr|Q7S2D6|Q7S2D6_NEUCR	tr|Q7S2D6|Q7S2D6_NEUCR	100
tr|Q7S2Z3|Q7S2Z3_NEUCR	tr|Q7S2Z3|Q7S2Z3_NEUCR	100
tr|Q7S2Z6|Q7S2Z6_NEUCR	tr|Q7S2Z6|Q7S2Z6_NEUCR	100
tr|Q7S3I1|Q7S3I1_NEUCR	tr|Q7S3I1|Q7S3I1_NEUCR	100
tr|Q7S3I2|Q7S3I2_NEUCR	tr|Q7S3I2|Q7S3I2_NEUCR	100
tr|Q7S3T3|Q7S3T3_NEUCR	tr|Q7S3T3|Q7S3T3_NEUCR	100
tr|Q7S484|Q7S484_NEUCR	tr|Q7S484|Q7S484_NEUCR	100
tr|Q7S4H0|Q7S4H0_NEUCR	tr|Q7S4H0|Q7S4H0_NEUCR	100
tr|Q7S4X6|Q7S4X6_NEUCR	tr|Q7S4X6|Q7S4X6_NEUCR	100
tr|Q7S590|Q7S590_NEUCR	tr|Q7S590|Q7S590_NEUCR	100
tr|Q7S709|Q7S709_NEUCR	tr|Q7S709|Q7S709_NEUCR	100
tr|Q7S726|Q7S726_NEUCR	tr|Q7S726|Q7S726_NEUCR	100
sp|Q7S747|EPL1_NEUCR	sp|Q7S747|EPL1_NEUCR	100
tr|Q7S8M0|Q7S8M0_NEUCR	tr|Q7S8M0|Q7S8M0_NEUCR	100
tr|Q7S8U1|Q7S8U1_NEUCR	tr|Q7S8U1|Q7S8U1_NEUCR	100
tr|Q7S8Z2|Q7S8Z2_NEUCR	tr|Q7S8Z2|Q7S8Z2_NEUCR	100
tr|Q7S8Z5|Q7S8Z5_NEUCR	tr|Q7S8Z5|Q7S8Z5_NEUCR	100
tr|Q7S937|Q7S937_NEUCR	tr|Q7S937|Q7S937_NEUCR	100
tr|Q7S9A6|Q7S9A6_NEUCR	tr|Q7S9A6|Q7S9A6_NEUCR	100
tr|Q7S9H6|Q7S9H6_NEUCR	tr|Q7S9H6|Q7S9H6_NEUCR	100
tr|Q7SA43|Q7SA43_NEUCR	tr|Q7SA43|Q7SA43_NEUCR	100
tr|Q7SAP8|Q7SAP8_NEUCR	tr|Q7SAP8|Q7SAP8_NEUCR	100
tr|Q7SAQ3|Q7SAQ3_NEUCR	tr|Q7SAQ3|Q7SAQ3_NEUCR	100
tr|Q7SAW0|Q7SAW0_NEUCR	tr|Q7SAW0|Q7SAW0_NEUCR	100
tr|Q7SB19|Q7SB19_NEUCR	tr|Q7SB19|Q7SB19_NEUCR	100
sp|Q7SB95|RT06_NEUCR	sp|Q7SB95|RT06_NEUCR	100
tr|Q7SCR9|Q7SCR9_NEUCR	tr|Q7SCR9|Q7SCR9_NEUCR	100
tr|Q7SCY8|Q7SCY8_NEUCR	tr|Q7SCY8|Q7SCY8_NEUCR	100
tr|Q7SD08|Q7SD08_NEUCR	tr|Q7SD08|Q7SD08_NEUCR	100
tr|Q7SDJ4|Q7SDJ4_NEUCR	tr|Q7SDJ4|Q7SDJ4_NEUCR	100
tr|Q7SDM4|Q7SDM4_NEUCR	tr|Q7SDM4|Q7SDM4_NEUCR	100
tr|Q7SE09|Q7SE09_NEUCR	tr|Q7SE09|Q7SE09_NEUCR	100
tr|Q7SEY4|Q7SEY4_NEUCR	tr|Q7SEY4|Q7SEY4_NEUCR	100
tr|Q7SF53|Q7SF53_NEUCR	tr|Q7SF53|Q7SF53_NEUCR	100
tr|Q7SF75|Q7SF75_NEUCR	tr|Q7SF75|Q7SF75_NEUCR	100
tr|Q7SF96|Q7SF96_NEUCR	tr|Q7SF96|Q7SF96_NEUCR	100
tr|Q7SG55|Q7SG55_NEUCR	tr|Q7SG55|Q7SG55_NEUCR	100
sp|Q7SGE1|NSA2_NEUCR	sp|Q7SGE1|NSA2_NEUCR	100
tr|Q7SGP8|Q7SGP8_NEUCR	tr|Q7SGP8|Q7SGP8_NEUCR	100
tr|Q7SH34|Q7SH34_NEUCR	tr|Q7SH34|Q7SH34_NEUCR	100
tr|Q7SH69|Q7SH69_NEUCR	tr|Q7SH69|Q7SH69_NEUCR	100
sp|Q7SHH9|SRDH_NEUCR	sp|Q7SHH9|SRDH_NEUCR	100
sp|Q7SI01|PNG1_NEUCR	sp|Q7SI01|PNG1_NEUCR	100
tr|Q7SI61|Q7SI61_NEUCR	tr|Q7SI61|Q7SI61_NEUCR	100
tr|U9W337|U9W337_NEUCR	tr|U9W337|U9W337_NEUCR	100
tr|U9W3N6|U9W3N6_NEUCR	tr|U9W3N6|U9W3N6_NEUCR	100
tr|U9WGD4|U9WGD4_NEUCR	tr|U9WGD4|U9WGD4_NEUCR	100
tr|V5IKF5|V5IKF5_NEUCR	tr|V5IKF5|V5IKF5_NEUCR	100
tr|V5IL82|V5IL82_NEUCR	tr|V5IL82|V5IL82_NEUCR	100
tr|V5IMA4|V5IMA4_NEUCR	tr|V5IMA4|V5IMA4_NEUCR	100
tr|V5IMV5|V5IMV5_NEUCR	tr|V5IMV5|V5IMV5_NEUCR	100
tr|V5IN04|V5IN04_NEUCR	tr|V5IN04|V5IN04_NEUCR	100
tr|V5INI1|V5INI1_NEUCR	tr|V5INI1|V5INI1_NEUCR	100
tr|V5INJ3|V5INJ3_NEUCR	tr|V5INJ3|V5INJ3_NEUCR	100
tr|V5IPF4|V5IPF4_NEUCR	tr|V5IPF4|V5IPF4_NEUCR	100
tr|V5IPU8|V5IPU8_NEUCR	tr|V5IPU8|V5IPU8_NEUCR	100
tr|V5IQ45|V5IQ45_NEUCR	tr|V5IQ45|V5IQ45_NEUCR	100
tr|V5IRC4|V5IRC4_NEUCR	tr|V5IRC4|V5IRC4_NEUCR	100
tr|A7UVZ7|A7UVZ7_NEUCR	tr|A7UVZ7|A7UVZ7_NEUCR	100
tr|A7UWZ7|A7UWZ7_NEUCR	tr|A7UWZ7|A7UWZ7_NEUCR	100
tr|F5HED5|F5HED5_NEUCR	tr|F5HED5|F5HED5_NEUCR	100
sp|O42636|CIA30_NEUCR	sp|O42636|CIA30_NEUCR	100
sp|P15710|PHO4_NEUCR	sp|P15710|PHO4_NEUCR	100
tr|Q1K4R2|Q1K4R2_NEUCR	tr|Q1K4R2|Q1K4R2_NEUCR	100
tr|Q1K4S7|Q1K4S7_NEUCR	tr|Q1K4S7|Q1K4S7_NEUCR	100
tr|Q1K5A2|Q1K5A2_NEUCR	tr|Q1K5A2|Q1K5A2_NEUCR	100
sp|Q1K699|RM01_NEUCR	sp|Q1K699|RM01_NEUCR	100
tr|Q1K6T2|Q1K6T2_NEUCR	tr|Q1K6T2|Q1K6T2_NEUCR	100
tr|Q1K7S8|Q1K7S8_NEUCR	tr|Q1K7S8|Q1K7S8_NEUCR	100
tr|Q1K830|Q1K830_NEUCR	tr|Q1K830|Q1K830_NEUCR	100
tr|Q1K847|Q1K847_NEUCR	tr|Q1K847|Q1K847_NEUCR	100
tr|Q1K880|Q1K880_NEUCR	tr|Q1K880|Q1K880_NEUCR	100
tr|Q1K8D8|Q1K8D8_NEUCR	tr|Q1K8D8|Q1K8D8_NEUCR	100
sp|Q1K8V2|RT19_NEUCR	sp|Q1K8V2|RT19_NEUCR	100
tr|Q7RW47|Q7RW47_NEUCR	tr|Q7RW47|Q7RW47_NEUCR	100
tr|Q7RWY3|Q7RWY3_NEUCR	tr|Q7RWY3|Q7RWY3_NEUCR	100
tr|Q7RX00|Q7RX00_NEUCR	tr|Q7RX00|Q7RX00_NEUCR	100
tr|Q7RX65|Q7RX65_NEUCR	tr|Q7RX65|Q7RX65_NEUCR	100
tr|Q7RX76|Q7RX76_NEUCR	tr|Q7RX76|Q7RX76_NEUCR	100
tr|Q7RXR8|Q7RXR8_NEUCR	tr|Q7RXR8|Q7RXR8_NEUCR	100
tr|Q7RY83|Q7RY83_NEUCR	tr|Q7RY83|Q7RY83_NEUCR	100
tr|Q7RYG7|Q7RYG7_NEUCR	tr|Q7RYG7|Q7RYG7_NEUCR	100
tr|Q7RYI8|Q7RYI8_NEUCR	tr|Q7RYI8|Q7RYI8_NEUCR	100
tr|Q7RYZ5|Q7RYZ5_NEUCR	tr|Q7RYZ5|Q7RYZ5_NEUCR	100
tr|Q7RZ23|Q7RZ23_NEUCR	tr|Q7RZ23|Q7RZ23_NEUCR	100
tr|Q7RZA0|Q7RZA0_NEUCR	tr|Q7RZA0|Q7RZA0_NEUCR	100
tr|Q7RZA4|Q7RZA4_NEUCR	tr|Q7RZA4|Q7RZA4_NEUCR	100
tr|Q7RZM7|Q7RZM7_NEUCR	tr|Q7RZM7|Q7RZM7_NEUCR	100
tr|Q7RZW2|Q7RZW2_NEUCR	tr|Q7RZW2|Q7RZW2_NEUCR	100
tr|Q7RZY5|Q7RZY5_NEUCR	tr|Q7RZY5|Q7RZY5_NEUCR	100
tr|Q7S025|Q7S025_NEUCR	tr|Q7S025|Q7S025_NEUCR	100
tr|Q7S040|Q7S040_NEUCR	tr|Q7S040|Q7S040_NEUCR	100
tr|Q7S0L0|Q7S0L0_NEUCR	tr|Q7S0L0|Q7S0L0_NEUCR	100
tr|Q7S1B1|Q7S1B1_NEUCR	tr|Q7S1B1|Q7S1B1_NEUCR	100
tr|Q7S1E7|Q7S1E7_NEUCR	tr|Q7S1E7|Q7S1E7_NEUCR	100
tr|Q7S1F6|Q7S1F6_NEUCR	tr|Q7S1F6|Q7S1F6_NEUCR	100
tr|Q7S1G2|Q7S1G2_NEUCR	tr|Q7S1G2|Q7S1G2_NEUCR	100
tr|Q7S1M3|Q7S1M3_NEUCR	tr|Q7S1M3|Q7S1M3_NEUCR	100
tr|Q7S1P2|Q7S1P2_NEUCR	tr|Q7S1P2|Q7S1P2_NEUCR	100
tr|Q7S2F8|Q7S2F8_NEUCR	tr|Q7S2F8|Q7S2F8_NEUCR	100
tr|Q7S2T5|Q7S2T5_NEUCR	tr|Q7S2T5|Q7S2T5_NEUCR	100
tr|Q7S2Y0|Q7S2Y0_NEUCR	tr|Q7S2Y0|Q7S2Y0_NEUCR	100
tr|Q7S347|Q7S347_NEUCR	tr|Q7S347|Q7S347_NEUCR	100
sp|Q7S3C8|NMT_NEUCR	sp|Q7S3C8|NMT_NEUCR	100
tr|Q7S3N1|Q7S3N1_NEUCR	tr|Q7S3N1|Q7S3N1_NEUCR	100
tr|Q7S403|Q7S403_NEUCR	tr|Q7S403|Q7S403_NEUCR	100
tr|Q7S487|Q7S487_NEUCR	tr|Q7S487|Q7S487_NEUCR	100
tr|Q7S4K3|Q7S4K3_NEUCR	tr|Q7S4K3|Q7S4K3_NEUCR	100
tr|Q7S560|Q7S560_NEUCR	tr|Q7S560|Q7S560_NEUCR	100
tr|Q7S602|Q7S602_NEUCR	tr|Q7S602|Q7S602_NEUCR	100
tr|Q7S612|Q7S612_NEUCR	tr|Q7S612|Q7S612_NEUCR	100
tr|Q7S6H3|Q7S6H3_NEUCR	tr|Q7S6H3|Q7S6H3_NEUCR	100
tr|Q7S753|Q7S753_NEUCR	tr|Q7S753|Q7S753_NEUCR	100
tr|Q7S799|Q7S799_NEUCR	tr|Q7S799|Q7S799_NEUCR	100
tr|Q7S838|Q7S838_NEUCR	tr|Q7S838|Q7S838_NEUCR	100
tr|Q7S877|Q7S877_NEUCR	tr|Q7S877|Q7S877_NEUCR	100
sp|Q7S910|RM04_NEUCR	sp|Q7S910|RM04_NEUCR	100
tr|Q7S9N6|Q7S9N6_NEUCR	tr|Q7S9N6|Q7S9N6_NEUCR	100
tr|Q7SAF3|Q7SAF3_NEUCR	tr|Q7SAF3|Q7SAF3_NEUCR	100
tr|Q7SC02|Q7SC02_NEUCR	tr|Q7SC02|Q7SC02_NEUCR	100
tr|Q7SC58|Q7SC58_NEUCR	tr|Q7SC58|Q7SC58_NEUCR	100
tr|Q7SCF7|Q7SCF7_NEUCR	tr|Q7SCF7|Q7SCF7_NEUCR	100
tr|Q7SDC6|Q7SDC6_NEUCR	tr|Q7SDC6|Q7SDC6_NEUCR	100
tr|Q7SDC7|Q7SDC7_NEUCR	tr|Q7SDC7|Q7SDC7_NEUCR	100
tr|Q7SDT6|Q7SDT6_NEUCR	tr|Q7SDT6|Q7SDT6_NEUCR	100
tr|Q7SDU6|Q7SDU6_NEUCR	tr|Q7SDU6|Q7SDU6_NEUCR	100
tr|Q7SEE9|Q7SEE9_NEUCR	tr|Q7SEE9|Q7SEE9_NEUCR	100
tr|Q7SEF8|Q7SEF8_NEUCR	tr|Q7SEF8|Q7SEF8_NEUCR	100
tr|Q7SEU1|Q7SEU1_NEUCR	tr|Q7SEU1|Q7SEU1_NEUCR	100
tr|Q7SF44|Q7SF44_NEUCR	tr|Q7SF44|Q7SF44_NEUCR	100
tr|Q7SF77|Q7SF77_NEUCR	tr|Q7SF77|Q7SF77_NEUCR	100
tr|Q7SFF9|Q7SFF9_NEUCR	tr|Q7SFF9|Q7SFF9_NEUCR	100
tr|Q7SFG5|Q7SFG5_NEUCR	tr|Q7SFG5|Q7SFG5_NEUCR	100
tr|Q7SFY1|Q7SFY1_NEUCR	tr|Q7SFY1|Q7SFY1_NEUCR	100
tr|Q7SGL9|Q7SGL9_NEUCR	tr|Q7SGL9|Q7SGL9_NEUCR	100
tr|Q7SGR4|Q7SGR4_NEUCR	tr|Q7SGR4|Q7SGR4_NEUCR	100
tr|Q7SHA9|Q7SHA9_NEUCR	tr|Q7SHA9|Q7SHA9_NEUCR	100
tr|Q7SHG8|Q7SHG8_NEUCR	tr|Q7SHG8|Q7SHG8_NEUCR	100
tr|Q7SHP4|Q7SHP4_NEUCR	tr|Q7SHP4|Q7SHP4_NEUCR	100
sp|Q9HEC9|SEC16_NEUCR	sp|Q9HEC9|SEC16_NEUCR	100
tr|U9W8D5|U9W8D5_NEUCR	tr|U9W8D5|U9W8D5_NEUCR	100
tr|V5IKK5|V5IKK5_NEUCR	tr|V5IKK5|V5IKK5_NEUCR	100
tr|V5IKX0|V5IKX0_NEUCR	tr|V5IKX0|V5IKX0_NEUCR	100
tr|V5IKY1|V5IKY1_NEUCR	tr|V5IKY1|V5IKY1_NEUCR	100
tr|V5ILP0|V5ILP0_NEUCR	tr|V5ILP0|V5ILP0_NEUCR	100
tr|V5ILY8|V5ILY8_NEUCR	tr|V5ILY8|V5ILY8_NEUCR	100
sp|V5IM94|QCR6_NEUCR	sp|V5IM94|QCR6_NEUCR	100
tr|V5IMR3|V5IMR3_NEUCR	tr|V5IMR3|V5IMR3_NEUCR	100
tr|V5IN01|V5IN01_NEUCR	tr|V5IN01|V5IN01_NEUCR	100
tr|V5IN79|V5IN79_NEUCR	tr|V5IN79|V5IN79_NEUCR	100
tr|V5INW3|V5INW3_NEUCR	tr|V5INW3|V5INW3_NEUCR	100
tr|V5IP92|V5IP92_NEUCR	tr|V5IP92|V5IP92_NEUCR	100
tr|V5IPR1|V5IPR1_NEUCR	tr|V5IPR1|V5IPR1_NEUCR	100
tr|V5IPT1|V5IPT1_NEUCR	tr|V5IPT1|V5IPT1_NEUCR	100
tr|V5IQA2|V5IQA2_NEUCR	tr|V5IQA2|V5IQA2_NEUCR	100
tr|V5IQK5|V5IQK5_NEUCR	tr|V5IQK5|V5IQK5_NEUCR	100
tr|V5IR27|V5IR27_NEUCR	tr|V5IR27|V5IR27_NEUCR	100
tr|V5IRA0|V5IRA0_NEUCR	tr|V5IRA0|V5IRA0_NEUCR	100
tr|A7UWE1|A7UWE1_NEUCR	tr|A7UWE1|A7UWE1_NEUCR	100
tr|A7UWY2|A7UWY2_NEUCR	tr|A7UWY2|A7UWY2_NEUCR	100
tr|A7UXD5|A7UXD5_NEUCR	tr|A7UXD5|A7UXD5_NEUCR	100
tr|A7UXE9|A7UXE9_NEUCR	tr|A7UXE9|A7UXE9_NEUCR	100
tr|F5HCL1|F5HCL1_NEUCR	tr|F5HCL1|F5HCL1_NEUCR	100
tr|Q1K4M0|Q1K4M0_NEUCR	tr|Q1K4M0|Q1K4M0_NEUCR	100
tr|Q1K5B3|Q1K5B3_NEUCR	tr|Q1K5B3|Q1K5B3_NEUCR	100
tr|Q1K5J6|Q1K5J6_NEUCR	tr|Q1K5J6|Q1K5J6_NEUCR	100
tr|Q1K5K3|Q1K5K3_NEUCR	tr|Q1K5K3|Q1K5K3_NEUCR	100
tr|Q1K6I5|Q1K6I5_NEUCR	tr|Q1K6I5|Q1K6I5_NEUCR	100
tr|Q1K6W7|Q1K6W7_NEUCR	tr|Q1K6W7|Q1K6W7_NEUCR	100
tr|Q1K728|Q1K728_NEUCR	tr|Q1K728|Q1K728_NEUCR	100
tr|Q1K7R7|Q1K7R7_NEUCR	tr|Q1K7R7|Q1K7R7_NEUCR	100
tr|Q1K846|Q1K846_NEUCR	tr|Q1K846|Q1K846_NEUCR	100
tr|Q1K8L0|Q1K8L0_NEUCR	tr|Q1K8L0|Q1K8L0_NEUCR	100
tr|Q1K8V5|Q1K8V5_NEUCR	tr|Q1K8V5|Q1K8V5_NEUCR	100
tr|Q1K924|Q1K924_NEUCR	tr|Q1K924|Q1K924_NEUCR	100
tr|Q7RVP7|Q7RVP7_NEUCR	tr|Q7RVP7|Q7RVP7_NEUCR	100
tr|Q7RVR5|Q7RVR5_NEUCR	tr|Q7RVR5|Q7RVR5_NEUCR	100
tr|Q7RVU8|Q7RVU8_NEUCR	tr|Q7RVU8|Q7RVU8_NEUCR	100
tr|Q7RWE8|Q7RWE8_NEUCR	tr|Q7RWE8|Q7RWE8_NEUCR	100
tr|Q7RX31|Q7RX31_NEUCR	tr|Q7RX31|Q7RX31_NEUCR	100
tr|Q7RXR4|Q7RXR4_NEUCR	tr|Q7RXR4|Q7RXR4_NEUCR	100
tr|Q7RY23|Q7RY23_NEUCR	tr|Q7RY23|Q7RY23_NEUCR	100
tr|Q7RY80|Q7RY80_NEUCR	tr|Q7RY80|Q7RY80_NEUCR	100
sp|Q7RYI0|MIC10_NEUCR	sp|Q7RYI0|MIC10_NEUCR	100
tr|Q7RYU0|Q7RYU0_NEUCR	tr|Q7RYU0|Q7RYU0_NEUCR	100
tr|Q7RZN7|Q7RZN7_NEUCR	tr|Q7RZN7|Q7RZN7_NEUCR	100
tr|Q7RZP2|Q7RZP2_NEUCR	tr|Q7RZP2|Q7RZP2_NEUCR	100
tr|Q7RZT3|Q7RZT3_NEUCR	tr|Q7RZT3|Q7RZT3_NEUCR	100
tr|Q7RZT6|Q7RZT6_NEUCR	tr|Q7RZT6|Q7RZT6_NEUCR	100
tr|Q7S020|Q7S020_NEUCR	tr|Q7S020|Q7S020_NEUCR	100
tr|Q7S063|Q7S063_NEUCR	tr|Q7S063|Q7S063_NEUCR	100
tr|Q7S0B8|Q7S0B8_NEUCR	tr|Q7S0B8|Q7S0B8_NEUCR	100
tr|Q7S0X0|Q7S0X0_NEUCR	tr|Q7S0X0|Q7S0X0_NEUCR	100
tr|Q7S1F5|Q7S1F5_NEUCR	tr|Q7S1F5|Q7S1F5_NEUCR	100
tr|Q7S1K2|Q7S1K2_NEUCR	tr|Q7S1K2|Q7S1K2_NEUCR	100
tr|Q7S2J4|Q7S2J4_NEUCR	tr|Q7S2J4|Q7S2J4_NEUCR	100
tr|Q7S2K9|Q7S2K9_NEUCR	tr|Q7S2K9|Q7S2K9_NEUCR	100
tr|Q7S2U3|Q7S2U3_NEUCR	tr|Q7S2U3|Q7S2U3_NEUCR	100
tr|Q7S2Z7|Q7S2Z7_NEUCR	tr|Q7S2Z7|Q7S2Z7_NEUCR	100
tr|Q7S427|Q7S427_NEUCR	tr|Q7S427|Q7S427_NEUCR	100
tr|Q7S473|Q7S473_NEUCR	tr|Q7S473|Q7S473_NEUCR	100
sp|Q7S4N5|MCA1B_NEUCR	sp|Q7S4N5|MCA1B_NEUCR	100
tr|Q7S553|Q7S553_NEUCR	tr|Q7S553|Q7S553_NEUCR	100
tr|Q7S621|Q7S621_NEUCR	tr|Q7S621|Q7S621_NEUCR	100
tr|Q7S659|Q7S659_NEUCR	tr|Q7S659|Q7S659_NEUCR	100
tr|Q7S672|Q7S672_NEUCR	tr|Q7S672|Q7S672_NEUCR	100
tr|Q7S720|Q7S720_NEUCR	tr|Q7S720|Q7S720_NEUCR	100
tr|Q7S742|Q7S742_NEUCR	tr|Q7S742|Q7S742_NEUCR	100
tr|Q7S795|Q7S795_NEUCR	tr|Q7S795|Q7S795_NEUCR	100
tr|Q7S893|Q7S893_NEUCR	tr|Q7S893|Q7S893_NEUCR	100
tr|Q7S8I3|Q7S8I3_NEUCR	tr|Q7S8I3|Q7S8I3_NEUCR	100
tr|Q7S8J5|Q7S8J5_NEUCR	tr|Q7S8J5|Q7S8J5_NEUCR	100
tr|Q7S8L8|Q7S8L8_NEUCR	tr|Q7S8L8|Q7S8L8_NEUCR	100
tr|Q7S900|Q7S900_NEUCR	tr|Q7S900|Q7S900_NEUCR	100
tr|Q7S915|Q7S915_NEUCR	tr|Q7S915|Q7S915_NEUCR	100
tr|Q7S925|Q7S925_NEUCR	tr|Q7S925|Q7S925_NEUCR	100
tr|Q7S999|Q7S999_NEUCR	tr|Q7S999|Q7S999_NEUCR	100
sp|Q7S9D2|NM111_NEUCR	sp|Q7S9D2|NM111_NEUCR	100
tr|Q7S9I3|Q7S9I3_NEUCR	tr|Q7S9I3|Q7S9I3_NEUCR	100
tr|Q7S9P3|Q7S9P3_NEUCR	tr|Q7S9P3|Q7S9P3_NEUCR	100
tr|Q7S9T5|Q7S9T5_NEUCR	tr|Q7S9T5|Q7S9T5_NEUCR	100
tr|Q7S9Y0|Q7S9Y0_NEUCR	tr|Q7S9Y0|Q7S9Y0_NEUCR	100
sp|Q7SA85|LONP2_NEUCR	sp|Q7SA85|LONP2_NEUCR	100
tr|Q7SAA2|Q7SAA2_NEUCR	tr|Q7SAA2|Q7SAA2_NEUCR	100
tr|Q7SB20|Q7SB20_NEUCR	tr|Q7SB20|Q7SB20_NEUCR	100
sp|Q7SB49|DNLI4_NEUCR	sp|Q7SB49|DNLI4_NEUCR	100
sp|Q7SC91|SEN54_NEUCR	sp|Q7SC91|SEN54_NEUCR	100
tr|Q7SCG8|Q7SCG8_NEUCR	tr|Q7SCG8|Q7SCG8_NEUCR	100
tr|Q7SEK5|Q7SEK5_NEUCR	tr|Q7SEK5|Q7SEK5_NEUCR	100
tr|Q7SFC7|Q7SFC7_NEUCR	tr|Q7SFC7|Q7SFC7_NEUCR	100
tr|Q7SGA8|Q7SGA8_NEUCR	tr|Q7SGA8|Q7SGA8_NEUCR	100
tr|Q7SGH8|Q7SGH8_NEUCR	tr|Q7SGH8|Q7SGH8_NEUCR	100
tr|Q7SGM8|Q7SGM8_NEUCR	tr|Q7SGM8|Q7SGM8_NEUCR	100
tr|Q7SGM9|Q7SGM9_NEUCR	tr|Q7SGM9|Q7SGM9_NEUCR	100
tr|Q7SGQ1|Q7SGQ1_NEUCR	tr|Q7SGQ1|Q7SGQ1_NEUCR	100
tr|Q7SHA6|Q7SHA6_NEUCR	tr|Q7SHA6|Q7SHA6_NEUCR	100
tr|Q7SHW7|Q7SHW7_NEUCR	tr|Q7SHW7|Q7SHW7_NEUCR	100
sp|Q8NIW7|BBP_NEUCR	sp|Q8NIW7|BBP_NEUCR	100
sp|Q9P6V8|SPB1_NEUCR	sp|Q9P6V8|SPB1_NEUCR	100
sp|Q9UUY8|NDK_NEUCR	sp|Q9UUY8|NDK_NEUCR	100
tr|U9W2Q7|U9W2Q7_NEUCR	tr|U9W2Q7|U9W2Q7_NEUCR	100
tr|U9W309|U9W309_NEUCR	tr|U9W309|U9W309_NEUCR	100
tr|U9W360|U9W360_NEUCR	tr|U9W360|U9W360_NEUCR	100
tr|U9W397|U9W397_NEUCR	tr|U9W397|U9W397_NEUCR	100
tr|U9W3B7|U9W3B7_NEUCR	tr|U9W3B7|U9W3B7_NEUCR	100
tr|V5IKS6|V5IKS6_NEUCR	tr|V5IKS6|V5IKS6_NEUCR	100
tr|V5IM27|V5IM27_NEUCR	tr|V5IM27|V5IM27_NEUCR	100
tr|V5IM50|V5IM50_NEUCR	tr|V5IM50|V5IM50_NEUCR	100
tr|V5IML7|V5IML7_NEUCR	tr|V5IML7|V5IML7_NEUCR	100
tr|V5IMR8|V5IMR8_NEUCR	tr|V5IMR8|V5IMR8_NEUCR	100
tr|V5IMU1|V5IMU1_NEUCR	tr|V5IMU1|V5IMU1_NEUCR	100
tr|V5IMZ1|V5IMZ1_NEUCR	tr|V5IMZ1|V5IMZ1_NEUCR	100
tr|V5IPC1|V5IPC1_NEUCR	tr|V5IPC1|V5IPC1_NEUCR	100
tr|V5IPK9|V5IPK9_NEUCR	tr|V5IPK9|V5IPK9_NEUCR	100
tr|V5IPN9|V5IPN9_NEUCR	tr|V5IPN9|V5IPN9_NEUCR	100
tr|V5IPW9|V5IPW9_NEUCR	tr|V5IPW9|V5IPW9_NEUCR	100
tr|V5IQN1|V5IQN1_NEUCR	tr|V5IQN1|V5IQN1_NEUCR	100
tr|V5IQY9|V5IQY9_NEUCR	tr|V5IQY9|V5IQY9_NEUCR	100
tr|A7UWL1|A7UWL1_NEUCR	tr|A7UWL1|A7UWL1_NEUCR	100
sp|P20824|NUC1_NEUCR	sp|P20824|NUC1_NEUCR	100
tr|Q1K4X4|Q1K4X4_NEUCR	tr|Q1K4X4|Q1K4X4_NEUCR	100
tr|Q1K5D8|Q1K5D8_NEUCR	tr|Q1K5D8|Q1K5D8_NEUCR	100
sp|Q1K5G1|RT28_NEUCR	sp|Q1K5G1|RT28_NEUCR	100
tr|Q1K6C4|Q1K6C4_NEUCR	tr|Q1K6C4|Q1K6C4_NEUCR	100
tr|Q1K6D9|Q1K6D9_NEUCR	tr|Q1K6D9|Q1K6D9_NEUCR	100
tr|Q1K6S8|Q1K6S8_NEUCR	tr|Q1K6S8|Q1K6S8_NEUCR	100
tr|Q1K6T0|Q1K6T0_NEUCR	tr|Q1K6T0|Q1K6T0_NEUCR	100
tr|Q1K6Y9|Q1K6Y9_NEUCR	tr|Q1K6Y9|Q1K6Y9_NEUCR	100
tr|Q1K7D3|Q1K7D3_NEUCR	tr|Q1K7D3|Q1K7D3_NEUCR	100
sp|Q1K8G0|CBL_NEUCR	sp|Q1K8G0|CBL_NEUCR	100
tr|Q1K8Y5|Q1K8Y5_NEUCR	tr|Q1K8Y5|Q1K8Y5_NEUCR	100
sp|Q35141|NU3M_NEUCR	sp|Q35141|NU3M_NEUCR	100
tr|Q7RUW5|Q7RUW5_NEUCR	tr|Q7RUW5|Q7RUW5_NEUCR	100
sp|Q7RVN2|RS27_NEUCR	sp|Q7RVN2|RS27_NEUCR	100
tr|Q7RW14|Q7RW14_NEUCR	tr|Q7RW14|Q7RW14_NEUCR	100
tr|Q7RWB3|Q7RWB3_NEUCR	tr|Q7RWB3|Q7RWB3_NEUCR	100
tr|Q7RWE3|Q7RWE3_NEUCR	tr|Q7RWE3|Q7RWE3_NEUCR	100
tr|Q7RWK8|Q7RWK8_NEUCR	tr|Q7RWK8|Q7RWK8_NEUCR	100
tr|Q7RXD4|Q7RXD4_NEUCR	tr|Q7RXD4|Q7RXD4_NEUCR	100
tr|Q7RXD5|Q7RXD5_NEUCR	tr|Q7RXD5|Q7RXD5_NEUCR	100
tr|Q7RYJ1|Q7RYJ1_NEUCR	tr|Q7RYJ1|Q7RYJ1_NEUCR	100
tr|Q7RZ34|Q7RZ34_NEUCR	tr|Q7RZ34|Q7RZ34_NEUCR	100
tr|Q7S041|Q7S041_NEUCR	tr|Q7S041|Q7S041_NEUCR	100
tr|Q7S0B9|Q7S0B9_NEUCR	tr|Q7S0B9|Q7S0B9_NEUCR	100
tr|Q7S0J2|Q7S0J2_NEUCR	tr|Q7S0J2|Q7S0J2_NEUCR	100
tr|Q7S185|Q7S185_NEUCR	tr|Q7S185|Q7S185_NEUCR	100
tr|Q7S1B7|Q7S1B7_NEUCR	tr|Q7S1B7|Q7S1B7_NEUCR	100
tr|Q7S1Z6|Q7S1Z6_NEUCR	tr|Q7S1Z6|Q7S1Z6_NEUCR	100
tr|Q7S3B7|Q7S3B7_NEUCR	tr|Q7S3B7|Q7S3B7_NEUCR	100
tr|Q7S3F6|Q7S3F6_NEUCR	tr|Q7S3F6|Q7S3F6_NEUCR	100
tr|Q7S3V2|Q7S3V2_NEUCR	tr|Q7S3V2|Q7S3V2_NEUCR	100
tr|Q7S4M2|Q7S4M2_NEUCR	tr|Q7S4M2|Q7S4M2_NEUCR	100
tr|Q7S4T6|Q7S4T6_NEUCR	tr|Q7S4T6|Q7S4T6_NEUCR	100
tr|Q7S516|Q7S516_NEUCR	tr|Q7S516|Q7S516_NEUCR	100
tr|Q7S5I0|Q7S5I0_NEUCR	tr|Q7S5I0|Q7S5I0_NEUCR	100
tr|Q7S5K8|Q7S5K8_NEUCR	tr|Q7S5K8|Q7S5K8_NEUCR	100
tr|Q7S5Z6|Q7S5Z6_NEUCR	tr|Q7S5Z6|Q7S5Z6_NEUCR	100
tr|Q7S642|Q7S642_NEUCR	tr|Q7S642|Q7S642_NEUCR	100
tr|Q7S664|Q7S664_NEUCR	tr|Q7S664|Q7S664_NEUCR	100
tr|Q7S6D8|Q7S6D8_NEUCR	tr|Q7S6D8|Q7S6D8_NEUCR	100
tr|Q7S6K5|Q7S6K5_NEUCR	tr|Q7S6K5|Q7S6K5_NEUCR	100
tr|Q7S6N9|Q7S6N9_NEUCR	tr|Q7S6N9|Q7S6N9_NEUCR	100
tr|Q7S6V1|Q7S6V1_NEUCR	tr|Q7S6V1|Q7S6V1_NEUCR	100
tr|Q7S707|Q7S707_NEUCR	tr|Q7S707|Q7S707_NEUCR	100
tr|Q7S762|Q7S762_NEUCR	tr|Q7S762|Q7S762_NEUCR	100
tr|Q7S7A6|Q7S7A6_NEUCR	tr|Q7S7A6|Q7S7A6_NEUCR	100
tr|Q7S7H8|Q7S7H8_NEUCR	tr|Q7S7H8|Q7S7H8_NEUCR	100
sp|Q7S873|DBP7_NEUCR	sp|Q7S873|DBP7_NEUCR	100
tr|Q7S8Q9|Q7S8Q9_NEUCR	tr|Q7S8Q9|Q7S8Q9_NEUCR	100
tr|Q7S961|Q7S961_NEUCR	tr|Q7S961|Q7S961_NEUCR	100
tr|Q7S9B5|Q7S9B5_NEUCR	tr|Q7S9B5|Q7S9B5_NEUCR	100
tr|Q7S9D8|Q7S9D8_NEUCR	tr|Q7S9D8|Q7S9D8_NEUCR	100
tr|Q7S9Z1|Q7S9Z1_NEUCR	tr|Q7S9Z1|Q7S9Z1_NEUCR	100
tr|Q7SA09|Q7SA09_NEUCR	tr|Q7SA09|Q7SA09_NEUCR	100
tr|Q7SA74|Q7SA74_NEUCR	tr|Q7SA74|Q7SA74_NEUCR	100
tr|Q7SAA3|Q7SAA3_NEUCR	tr|Q7SAA3|Q7SAA3_NEUCR	100
tr|Q7SAA7|Q7SAA7_NEUCR	tr|Q7SAA7|Q7SAA7_NEUCR	100
tr|Q7SAV8|Q7SAV8_NEUCR	tr|Q7SAV8|Q7SAV8_NEUCR	100
tr|Q7SB14|Q7SB14_NEUCR	tr|Q7SB14|Q7SB14_NEUCR	100
sp|Q7SB97|MVP1_NEUCR	sp|Q7SB97|MVP1_NEUCR	100
tr|Q7SBC3|Q7SBC3_NEUCR	tr|Q7SBC3|Q7SBC3_NEUCR	100
sp|Q7SBR1|MRH4_NEUCR	sp|Q7SBR1|MRH4_NEUCR	100
tr|Q7SC24|Q7SC24_NEUCR	tr|Q7SC24|Q7SC24_NEUCR	100
tr|Q7SC94|Q7SC94_NEUCR	tr|Q7SC94|Q7SC94_NEUCR	100
tr|Q7SCU0|Q7SCU0_NEUCR	tr|Q7SCU0|Q7SCU0_NEUCR	100
tr|Q7SDV4|Q7SDV4_NEUCR	tr|Q7SDV4|Q7SDV4_NEUCR	100
tr|Q7SEF5|Q7SEF5_NEUCR	tr|Q7SEF5|Q7SEF5_NEUCR	100
tr|Q7SEK2|Q7SEK2_NEUCR	tr|Q7SEK2|Q7SEK2_NEUCR	100
tr|Q7SEZ3|Q7SEZ3_NEUCR	tr|Q7SEZ3|Q7SEZ3_NEUCR	100
tr|Q7SFT3|Q7SFT3_NEUCR	tr|Q7SFT3|Q7SFT3_NEUCR	100
tr|Q7SFZ7|Q7SFZ7_NEUCR	tr|Q7SFZ7|Q7SFZ7_NEUCR	100
tr|Q7SGE9|Q7SGE9_NEUCR	tr|Q7SGE9|Q7SGE9_NEUCR	100
tr|Q7SGW0|Q7SGW0_NEUCR	tr|Q7SGW0|Q7SGW0_NEUCR	100
sp|Q7SH14|EFGM_NEUCR	sp|Q7SH14|EFGM_NEUCR	100
tr|Q7SH25|Q7SH25_NEUCR	tr|Q7SH25|Q7SH25_NEUCR	100
tr|Q7SH84|Q7SH84_NEUCR	tr|Q7SH84|Q7SH84_NEUCR	100
tr|Q7SHB0|Q7SHB0_NEUCR	tr|Q7SHB0|Q7SHB0_NEUCR	100
tr|Q7SI62|Q7SI62_NEUCR	tr|Q7SI62|Q7SI62_NEUCR	100
sp|Q8X132|H2A_NEUCR	sp|Q8X132|H2A_NEUCR	100
sp|Q92247|BLI4_NEUCR	sp|Q92247|BLI4_NEUCR	100
sp|Q9P3Q9|MZM1_NEUCR	sp|Q9P3Q9|MZM1_NEUCR	100
sp|Q9P534|CHZ1_NEUCR	sp|Q9P534|CHZ1_NEUCR	100
sp|Q9P6B0|YPI1_NEUCR	sp|Q9P6B0|YPI1_NEUCR	100
sp|Q9Y756|VATF_NEUCR	sp|Q9Y756|VATF_NEUCR	100
tr|U9W3D4|U9W3D4_NEUCR	tr|U9W3D4|U9W3D4_NEUCR	100
tr|U9W7Z8|U9W7Z8_NEUCR	tr|U9W7Z8|U9W7Z8_NEUCR	100
tr|V5IKL0|V5IKL0_NEUCR	tr|V5IKL0|V5IKL0_NEUCR	100
tr|V5IKT3|V5IKT3_NEUCR	tr|V5IKT3|V5IKT3_NEUCR	100
tr|V5ILJ3|V5ILJ3_NEUCR	tr|V5ILJ3|V5ILJ3_NEUCR	100
tr|V5IME4|V5IME4_NEUCR	tr|V5IME4|V5IME4_NEUCR	100
tr|V5IMF3|V5IMF3_NEUCR	tr|V5IMF3|V5IMF3_NEUCR	100
tr|V5INL2|V5INL2_NEUCR	tr|V5INL2|V5INL2_NEUCR	100
tr|V5INV2|V5INV2_NEUCR	tr|V5INV2|V5INV2_NEUCR	100
tr|V5IP48|V5IP48_NEUCR	tr|V5IP48|V5IP48_NEUCR	100
tr|V5IPD6|V5IPD6_NEUCR	tr|V5IPD6|V5IPD6_NEUCR	100
tr|V5IPF8|V5IPF8_NEUCR	tr|V5IPF8|V5IPF8_NEUCR	100
tr|V5IR73|V5IR73_NEUCR	tr|V5IR73|V5IR73_NEUCR	100
tr|V5IRL4|V5IRL4_NEUCR	tr|V5IRL4|V5IRL4_NEUCR	100
tr|A3RNI0|A3RNI0_NEUCR	tr|A3RNI0|A3RNI0_NEUCR	100
tr|A7UW71|A7UW71_NEUCR	tr|A7UW71|A7UW71_NEUCR	100
tr|A7UWS6|A7UWS6_NEUCR	tr|A7UWS6|A7UWS6_NEUCR	100
tr|A7UX64|A7UX64_NEUCR	tr|A7UX64|A7UX64_NEUCR	100
sp|O43105|RS7_NEUCR	sp|O43105|RS7_NEUCR	100
sp|P11115|CPC1_NEUCR	sp|P11115|CPC1_NEUCR	100
tr|Q1K4P2|Q1K4P2_NEUCR	tr|Q1K4P2|Q1K4P2_NEUCR	100
tr|Q1K4U8|Q1K4U8_NEUCR	tr|Q1K4U8|Q1K4U8_NEUCR	100
tr|Q1K533|Q1K533_NEUCR	tr|Q1K533|Q1K533_NEUCR	100
tr|Q1K591|Q1K591_NEUCR	tr|Q1K591|Q1K591_NEUCR	100
tr|Q1K5D6|Q1K5D6_NEUCR	tr|Q1K5D6|Q1K5D6_NEUCR	100
tr|Q1K5F7|Q1K5F7_NEUCR	tr|Q1K5F7|Q1K5F7_NEUCR	100
tr|Q1K5G4|Q1K5G4_NEUCR	tr|Q1K5G4|Q1K5G4_NEUCR	100
tr|Q1K5J2|Q1K5J2_NEUCR	tr|Q1K5J2|Q1K5J2_NEUCR	100
tr|Q1K5V9|Q1K5V9_NEUCR	tr|Q1K5V9|Q1K5V9_NEUCR	100
tr|Q1K6A4|Q1K6A4_NEUCR	tr|Q1K6A4|Q1K6A4_NEUCR	100
tr|Q1K6F7|Q1K6F7_NEUCR	tr|Q1K6F7|Q1K6F7_NEUCR	100
tr|Q1K6R4|Q1K6R4_NEUCR	tr|Q1K6R4|Q1K6R4_NEUCR	100
tr|Q1K789|Q1K789_NEUCR	tr|Q1K789|Q1K789_NEUCR	100
tr|Q1K791|Q1K791_NEUCR	tr|Q1K791|Q1K791_NEUCR	100
tr|Q1K7P3|Q1K7P3_NEUCR	tr|Q1K7P3|Q1K7P3_NEUCR	100
tr|Q1K7S2|Q1K7S2_NEUCR	tr|Q1K7S2|Q1K7S2_NEUCR	100
tr|Q1K818|Q1K818_NEUCR	tr|Q1K818|Q1K818_NEUCR	100
tr|Q1K8C3|Q1K8C3_NEUCR	tr|Q1K8C3|Q1K8C3_NEUCR	100
tr|Q1K8H1|Q1K8H1_NEUCR	tr|Q1K8H1|Q1K8H1_NEUCR	100
tr|Q1K904|Q1K904_NEUCR	tr|Q1K904|Q1K904_NEUCR	100
tr|Q7RVP8|Q7RVP8_NEUCR	tr|Q7RVP8|Q7RVP8_NEUCR	100
tr|Q7RW65|Q7RW65_NEUCR	tr|Q7RW65|Q7RW65_NEUCR	100
tr|Q7RWD7|Q7RWD7_NEUCR	tr|Q7RWD7|Q7RWD7_NEUCR	100
tr|Q7RX24|Q7RX24_NEUCR	tr|Q7RX24|Q7RX24_NEUCR	100
tr|Q7RYI5|Q7RYI5_NEUCR	tr|Q7RYI5|Q7RYI5_NEUCR	100
sp|Q7RYY4|PIN4_NEUCR	sp|Q7RYY4|PIN4_NEUCR	100
tr|Q7RZ36|Q7RZ36_NEUCR	tr|Q7RZ36|Q7RZ36_NEUCR	100
tr|Q7RZB7|Q7RZB7_NEUCR	tr|Q7RZB7|Q7RZB7_NEUCR	100
tr|Q7RZL1|Q7RZL1_NEUCR	tr|Q7RZL1|Q7RZL1_NEUCR	100
tr|Q7RZL9|Q7RZL9_NEUCR	tr|Q7RZL9|Q7RZL9_NEUCR	100
tr|Q7RZM9|Q7RZM9_NEUCR	tr|Q7RZM9|Q7RZM9_NEUCR	100
tr|Q7RZN4|Q7RZN4_NEUCR	tr|Q7RZN4|Q7RZN4_NEUCR	100
sp|Q7S045|NHP6_NEUCR	sp|Q7S045|NHP6_NEUCR	100
tr|Q7S096|Q7S096_NEUCR	tr|Q7S096|Q7S096_NEUCR	100
tr|Q7S0F4|Q7S0F4_NEUCR	tr|Q7S0F4|Q7S0F4_NEUCR	100
tr|Q7S0H3|Q7S0H3_NEUCR	tr|Q7S0H3|Q7S0H3_NEUCR	100
tr|Q7S0S9|Q7S0S9_NEUCR	tr|Q7S0S9|Q7S0S9_NEUCR	100
tr|Q7S166|Q7S166_NEUCR	tr|Q7S166|Q7S166_NEUCR	100
sp|Q7S1Z3|RM17_NEUCR	sp|Q7S1Z3|RM17_NEUCR	100
tr|Q7S2C4|Q7S2C4_NEUCR	tr|Q7S2C4|Q7S2C4_NEUCR	100
tr|Q7S2Q9|Q7S2Q9_NEUCR	tr|Q7S2Q9|Q7S2Q9_NEUCR	100
tr|Q7S3E2|Q7S3E2_NEUCR	tr|Q7S3E2|Q7S3E2_NEUCR	100
tr|Q7S3R3|Q7S3R3_NEUCR	tr|Q7S3R3|Q7S3R3_NEUCR	100
tr|Q7S3V7|Q7S3V7_NEUCR	tr|Q7S3V7|Q7S3V7_NEUCR	100
tr|Q7S481|Q7S481_NEUCR	tr|Q7S481|Q7S481_NEUCR	100
tr|Q7S4P5|Q7S4P5_NEUCR	tr|Q7S4P5|Q7S4P5_NEUCR	100
tr|Q7S4W7|Q7S4W7_NEUCR	tr|Q7S4W7|Q7S4W7_NEUCR	100
tr|Q7S513|Q7S513_NEUCR	tr|Q7S513|Q7S513_NEUCR	100
tr|Q7S586|Q7S586_NEUCR	tr|Q7S586|Q7S586_NEUCR	100
tr|Q7S7B2|Q7S7B2_NEUCR	tr|Q7S7B2|Q7S7B2_NEUCR	100
tr|Q7S7R4|Q7S7R4_NEUCR	tr|Q7S7R4|Q7S7R4_NEUCR	100
tr|Q7S883|Q7S883_NEUCR	tr|Q7S883|Q7S883_NEUCR	100
tr|Q7S8L5|Q7S8L5_NEUCR	tr|Q7S8L5|Q7S8L5_NEUCR	100
tr|Q7S8Q4|Q7S8Q4_NEUCR	tr|Q7S8Q4|Q7S8Q4_NEUCR	100
tr|Q7S8W3|Q7S8W3_NEUCR	tr|Q7S8W3|Q7S8W3_NEUCR	100
tr|Q7S8W5|Q7S8W5_NEUCR	tr|Q7S8W5|Q7S8W5_NEUCR	100
tr|Q7SA53|Q7SA53_NEUCR	tr|Q7SA53|Q7SA53_NEUCR	100
tr|Q7SAC1|Q7SAC1_NEUCR	tr|Q7SAC1|Q7SAC1_NEUCR	100
tr|Q7SAH6|Q7SAH6_NEUCR	tr|Q7SAH6|Q7SAH6_NEUCR	100
tr|Q7SAH8|Q7SAH8_NEUCR	tr|Q7SAH8|Q7SAH8_NEUCR	100
tr|Q7SAL0|Q7SAL0_NEUCR	tr|Q7SAL0|Q7SAL0_NEUCR	100
tr|Q7SB03|Q7SB03_NEUCR	tr|Q7SB03|Q7SB03_NEUCR	100
tr|Q7SBW4|Q7SBW4_NEUCR	tr|Q7SBW4|Q7SBW4_NEUCR	100
tr|Q7SCT8|Q7SCT8_NEUCR	tr|Q7SCT8|Q7SCT8_NEUCR	100
tr|Q7SD17|Q7SD17_NEUCR	tr|Q7SD17|Q7SD17_NEUCR	100
tr|Q7SEE4|Q7SEE4_NEUCR	tr|Q7SEE4|Q7SEE4_NEUCR	100
tr|Q7SEI0|Q7SEI0_NEUCR	tr|Q7SEI0|Q7SEI0_NEUCR	100
tr|Q7SER8|Q7SER8_NEUCR	tr|Q7SER8|Q7SER8_NEUCR	100
tr|Q7SET9|Q7SET9_NEUCR	tr|Q7SET9|Q7SET9_NEUCR	100
tr|Q7SEV4|Q7SEV4_NEUCR	tr|Q7SEV4|Q7SEV4_NEUCR	100
tr|Q7SF45|Q7SF45_NEUCR	tr|Q7SF45|Q7SF45_NEUCR	100
tr|Q7SF61|Q7SF61_NEUCR	tr|Q7SF61|Q7SF61_NEUCR	100
sp|Q7SFL7|ERFB_NEUCR	sp|Q7SFL7|ERFB_NEUCR	100
tr|Q7SFT2|Q7SFT2_NEUCR	tr|Q7SFT2|Q7SFT2_NEUCR	100
tr|Q7SG47|Q7SG47_NEUCR	tr|Q7SG47|Q7SG47_NEUCR	100
tr|Q7SG65|Q7SG65_NEUCR	tr|Q7SG65|Q7SG65_NEUCR	100
tr|Q7SGP3|Q7SGP3_NEUCR	tr|Q7SGP3|Q7SGP3_NEUCR	100
tr|Q7SH26|Q7SH26_NEUCR	tr|Q7SH26|Q7SH26_NEUCR	100
tr|Q7SHD3|Q7SHD3_NEUCR	tr|Q7SHD3|Q7SHD3_NEUCR	100
sp|Q7SHQ1|CYSKL_NEUCR	sp|Q7SHQ1|CYSKL_NEUCR	100
tr|Q7SHR5|Q7SHR5_NEUCR	tr|Q7SHR5|Q7SHR5_NEUCR	100
tr|Q7SI04|Q7SI04_NEUCR	tr|Q7SI04|Q7SI04_NEUCR	100
sp|Q871G3|DRE2_NEUCR	sp|Q871G3|DRE2_NEUCR	100
sp|Q872F4|TCP4_NEUCR	sp|Q872F4|TCP4_NEUCR	100
sp|Q9C270|PWP2_NEUCR	sp|Q9C270|PWP2_NEUCR	100
tr|V5ILP8|V5ILP8_NEUCR	tr|V5ILP8|V5ILP8_NEUCR	100
tr|V5IMH5|V5IMH5_NEUCR	tr|V5IMH5|V5IMH5_NEUCR	100
tr|V5IMV0|V5IMV0_NEUCR	tr|V5IMV0|V5IMV0_NEUCR	100
tr|V5IND2|V5IND2_NEUCR	tr|V5IND2|V5IND2_NEUCR	100
tr|V5INT4|V5INT4_NEUCR	tr|V5INT4|V5INT4_NEUCR	100
sp|V5IPE4|NIT_NEUCR	sp|V5IPE4|NIT_NEUCR	100
tr|V5IQ48|V5IQ48_NEUCR	tr|V5IQ48|V5IQ48_NEUCR	100
tr|V5IQR8|V5IQR8_NEUCR	tr|V5IQR8|V5IQR8_NEUCR	100
tr|V5IRH1|V5IRH1_NEUCR	tr|V5IRH1|V5IRH1_NEUCR	100
tr|A7UW26|A7UW26_NEUCR	tr|A7UW26|A7UW26_NEUCR	100
tr|F5HB65|F5HB65_NEUCR	tr|F5HB65|F5HB65_NEUCR	100
sp|P59670|TIM17_NEUCR	sp|P59670|TIM17_NEUCR	100
tr|Q1K4X9|Q1K4X9_NEUCR	tr|Q1K4X9|Q1K4X9_NEUCR	100
tr|Q1K5B8|Q1K5B8_NEUCR	tr|Q1K5B8|Q1K5B8_NEUCR	100
tr|Q1K5D9|Q1K5D9_NEUCR	tr|Q1K5D9|Q1K5D9_NEUCR	100
tr|Q1K5G5|Q1K5G5_NEUCR	tr|Q1K5G5|Q1K5G5_NEUCR	100
tr|Q1K5S1|Q1K5S1_NEUCR	tr|Q1K5S1|Q1K5S1_NEUCR	100
tr|Q1K649|Q1K649_NEUCR	tr|Q1K649|Q1K649_NEUCR	100
tr|Q1K6A0|Q1K6A0_NEUCR	tr|Q1K6A0|Q1K6A0_NEUCR	100
tr|Q1K6U4|Q1K6U4_NEUCR	tr|Q1K6U4|Q1K6U4_NEUCR	100
tr|Q1K6Y0|Q1K6Y0_NEUCR	tr|Q1K6Y0|Q1K6Y0_NEUCR	100
tr|Q1K739|Q1K739_NEUCR	tr|Q1K739|Q1K739_NEUCR	100
tr|Q1K741|Q1K741_NEUCR	tr|Q1K741|Q1K741_NEUCR	100
tr|Q1K780|Q1K780_NEUCR	tr|Q1K780|Q1K780_NEUCR	100
tr|Q1K799|Q1K799_NEUCR	tr|Q1K799|Q1K799_NEUCR	100
tr|Q1K7W0|Q1K7W0_NEUCR	tr|Q1K7W0|Q1K7W0_NEUCR	100
tr|Q1K801|Q1K801_NEUCR	tr|Q1K801|Q1K801_NEUCR	100
tr|Q1K873|Q1K873_NEUCR	tr|Q1K873|Q1K873_NEUCR	100
sp|Q1K8B6|LPMO_NEUCR	sp|Q1K8B6|LPMO_NEUCR	100
tr|Q1K8T9|Q1K8T9_NEUCR	tr|Q1K8T9|Q1K8T9_NEUCR	100
tr|Q7RUV9|Q7RUV9_NEUCR	tr|Q7RUV9|Q7RUV9_NEUCR	100
tr|Q7RUX1|Q7RUX1_NEUCR	tr|Q7RUX1|Q7RUX1_NEUCR	100
tr|Q7RW35|Q7RW35_NEUCR	tr|Q7RW35|Q7RW35_NEUCR	100
tr|Q7RW51|Q7RW51_NEUCR	tr|Q7RW51|Q7RW51_NEUCR	100
tr|Q7RWP2|Q7RWP2_NEUCR	tr|Q7RWP2|Q7RWP2_NEUCR	100
tr|Q7RWT2|Q7RWT2_NEUCR	tr|Q7RWT2|Q7RWT2_NEUCR	100
tr|Q7RWV1|Q7RWV1_NEUCR	tr|Q7RWV1|Q7RWV1_NEUCR	100
tr|Q7RY14|Q7RY14_NEUCR	tr|Q7RY14|Q7RY14_NEUCR	100
tr|Q7RYQ4|Q7RYQ4_NEUCR	tr|Q7RYQ4|Q7RYQ4_NEUCR	100
tr|Q7RZ69|Q7RZ69_NEUCR	tr|Q7RZ69|Q7RZ69_NEUCR	100
tr|Q7RZE4|Q7RZE4_NEUCR	tr|Q7RZE4|Q7RZE4_NEUCR	100
tr|Q7RZM6|Q7RZM6_NEUCR	tr|Q7RZM6|Q7RZM6_NEUCR	100
tr|Q7RZY6|Q7RZY6_NEUCR	tr|Q7RZY6|Q7RZY6_NEUCR	100
tr|Q7S0R8|Q7S0R8_NEUCR	tr|Q7S0R8|Q7S0R8_NEUCR	100
tr|Q7S0Z5|Q7S0Z5_NEUCR	tr|Q7S0Z5|Q7S0Z5_NEUCR	100
tr|Q7S1V0|Q7S1V0_NEUCR	tr|Q7S1V0|Q7S1V0_NEUCR	100
tr|Q7S2T9|Q7S2T9_NEUCR	tr|Q7S2T9|Q7S2T9_NEUCR	100
tr|Q7S2W3|Q7S2W3_NEUCR	tr|Q7S2W3|Q7S2W3_NEUCR	100
tr|Q7S3I3|Q7S3I3_NEUCR	tr|Q7S3I3|Q7S3I3_NEUCR	100
tr|Q7S3N6|Q7S3N6_NEUCR	tr|Q7S3N6|Q7S3N6_NEUCR	100
tr|Q7S3U2|Q7S3U2_NEUCR	tr|Q7S3U2|Q7S3U2_NEUCR	100
tr|Q7S3X5|Q7S3X5_NEUCR	tr|Q7S3X5|Q7S3X5_NEUCR	100
tr|Q7S482|Q7S482_NEUCR	tr|Q7S482|Q7S482_NEUCR	100
tr|Q7S4D5|Q7S4D5_NEUCR	tr|Q7S4D5|Q7S4D5_NEUCR	100
tr|Q7S4E8|Q7S4E8_NEUCR	tr|Q7S4E8|Q7S4E8_NEUCR	100
tr|Q7S4V6|Q7S4V6_NEUCR	tr|Q7S4V6|Q7S4V6_NEUCR	100
tr|Q7S508|Q7S508_NEUCR	tr|Q7S508|Q7S508_NEUCR	100
tr|Q7S528|Q7S528_NEUCR	tr|Q7S528|Q7S528_NEUCR	100
tr|Q7S538|Q7S538_NEUCR	tr|Q7S538|Q7S538_NEUCR	100
tr|Q7S543|Q7S543_NEUCR	tr|Q7S543|Q7S543_NEUCR	100
sp|Q7S5N0|RM22_NEUCR	sp|Q7S5N0|RM22_NEUCR	100
tr|Q7S5U9|Q7S5U9_NEUCR	tr|Q7S5U9|Q7S5U9_NEUCR	100
tr|Q7S6C5|Q7S6C5_NEUCR	tr|Q7S6C5|Q7S6C5_NEUCR	100
tr|Q7S6D9|Q7S6D9_NEUCR	tr|Q7S6D9|Q7S6D9_NEUCR	100
tr|Q7S6Y7|Q7S6Y7_NEUCR	tr|Q7S6Y7|Q7S6Y7_NEUCR	100
tr|Q7S729|Q7S729_NEUCR	tr|Q7S729|Q7S729_NEUCR	100
tr|Q7S738|Q7S738_NEUCR	tr|Q7S738|Q7S738_NEUCR	100
tr|Q7S7N8|Q7S7N8_NEUCR	tr|Q7S7N8|Q7S7N8_NEUCR	100
tr|Q7S807|Q7S807_NEUCR	tr|Q7S807|Q7S807_NEUCR	100
tr|Q7S8D4|Q7S8D4_NEUCR	tr|Q7S8D4|Q7S8D4_NEUCR	100
tr|Q7S8J2|Q7S8J2_NEUCR	tr|Q7S8J2|Q7S8J2_NEUCR	100
tr|Q7S8K4|Q7S8K4_NEUCR	tr|Q7S8K4|Q7S8K4_NEUCR	100
tr|Q7S8N8|Q7S8N8_NEUCR	tr|Q7S8N8|Q7S8N8_NEUCR	100
tr|Q7S985|Q7S985_NEUCR	tr|Q7S985|Q7S985_NEUCR	100
tr|Q7S989|Q7S989_NEUCR	tr|Q7S989|Q7S989_NEUCR	100
tr|Q7S9R7|Q7S9R7_NEUCR	tr|Q7S9R7|Q7S9R7_NEUCR	100
tr|Q7SA63|Q7SA63_NEUCR	tr|Q7SA63|Q7SA63_NEUCR	100
tr|Q7SAZ0|Q7SAZ0_NEUCR	tr|Q7SAZ0|Q7SAZ0_NEUCR	100
tr|Q7SAZ5|Q7SAZ5_NEUCR	tr|Q7SAZ5|Q7SAZ5_NEUCR	100
tr|Q7SB69|Q7SB69_NEUCR	tr|Q7SB69|Q7SB69_NEUCR	100
tr|Q7SBG2|Q7SBG2_NEUCR	tr|Q7SBG2|Q7SBG2_NEUCR	100
tr|Q7SBI5|Q7SBI5_NEUCR	tr|Q7SBI5|Q7SBI5_NEUCR	100
tr|Q7SCK1|Q7SCK1_NEUCR	tr|Q7SCK1|Q7SCK1_NEUCR	100
tr|Q7SCT2|Q7SCT2_NEUCR	tr|Q7SCT2|Q7SCT2_NEUCR	100
tr|Q7SCW6|Q7SCW6_NEUCR	tr|Q7SCW6|Q7SCW6_NEUCR	100
sp|Q7SCX7|RML2_NEUCR	sp|Q7SCX7|RML2_NEUCR	100
tr|Q7SE53|Q7SE53_NEUCR	tr|Q7SE53|Q7SE53_NEUCR	100
tr|Q7SF01|Q7SF01_NEUCR	tr|Q7SF01|Q7SF01_NEUCR	100
tr|Q7SF42|Q7SF42_NEUCR	tr|Q7SF42|Q7SF42_NEUCR	100
tr|Q7SF82|Q7SF82_NEUCR	tr|Q7SF82|Q7SF82_NEUCR	100
tr|Q7SGS2|Q7SGS2_NEUCR	tr|Q7SGS2|Q7SGS2_NEUCR	100
sp|Q7SHB2|RT35_NEUCR	sp|Q7SHB2|RT35_NEUCR	100
sp|Q7SHI2|SRDE_NEUCR	sp|Q7SHI2|SRDE_NEUCR	100
tr|Q7SHM4|Q7SHM4_NEUCR	tr|Q7SHM4|Q7SHM4_NEUCR	100
sp|Q9C2N1|VIB1_NEUCR	sp|Q9C2N1|VIB1_NEUCR	100
tr|U9W548|U9W548_NEUCR	tr|U9W548|U9W548_NEUCR	100
tr|U9W574|U9W574_NEUCR	tr|U9W574|U9W574_NEUCR	100
tr|U9W8Z1|U9W8Z1_NEUCR	tr|U9W8Z1|U9W8Z1_NEUCR	100
tr|V5IMC9|V5IMC9_NEUCR	tr|V5IMC9|V5IMC9_NEUCR	100
tr|V5IMD1|V5IMD1_NEUCR	tr|V5IMD1|V5IMD1_NEUCR	100
tr|V5IMP0|V5IMP0_NEUCR	tr|V5IMP0|V5IMP0_NEUCR	100
tr|V5IN68|V5IN68_NEUCR	tr|V5IN68|V5IN68_NEUCR	100
tr|V5INJ7|V5INJ7_NEUCR	tr|V5INJ7|V5INJ7_NEUCR	100
tr|V5INR1|V5INR1_NEUCR	tr|V5INR1|V5INR1_NEUCR	100
tr|V5IP61|V5IP61_NEUCR	tr|V5IP61|V5IP61_NEUCR	100
tr|V5IPW6|V5IPW6_NEUCR	tr|V5IPW6|V5IPW6_NEUCR	100
tr|V5IPW8|V5IPW8_NEUCR	tr|V5IPW8|V5IPW8_NEUCR	100
tr|V5IR66|V5IR66_NEUCR	tr|V5IR66|V5IR66_NEUCR	100
tr|V5IRE8|V5IRE8_NEUCR	tr|V5IRE8|V5IRE8_NEUCR	100
tr|A7UWF5|A7UWF5_NEUCR	tr|A7UWF5|A7UWF5_NEUCR	100
tr|A7UX72|A7UX72_NEUCR	tr|A7UX72|A7UX72_NEUCR	100
tr|F5HH42|F5HH42_NEUCR	tr|F5HH42|F5HH42_NEUCR	100
sp|P0CY45|NU6M_NEUCR	sp|P0CY45|NU6M_NEUCR	100
sp|P28345|MASY_NEUCR	sp|P28345|MASY_NEUCR	100
sp|Q01291|RSSA_NEUCR	sp|Q01291|RSSA_NEUCR	100
tr|Q1K565|Q1K565_NEUCR	tr|Q1K565|Q1K565_NEUCR	100
tr|Q1K5T7|Q1K5T7_NEUCR	tr|Q1K5T7|Q1K5T7_NEUCR	100
tr|Q1K6J2|Q1K6J2_NEUCR	tr|Q1K6J2|Q1K6J2_NEUCR	100
tr|Q1K761|Q1K761_NEUCR	tr|Q1K761|Q1K761_NEUCR	100
tr|Q1K7E1|Q1K7E1_NEUCR	tr|Q1K7E1|Q1K7E1_NEUCR	100
tr|Q1K7G9|Q1K7G9_NEUCR	tr|Q1K7G9|Q1K7G9_NEUCR	100
tr|Q1K7V0|Q1K7V0_NEUCR	tr|Q1K7V0|Q1K7V0_NEUCR	100
tr|Q1K7Y5|Q1K7Y5_NEUCR	tr|Q1K7Y5|Q1K7Y5_NEUCR	100
tr|Q1K845|Q1K845_NEUCR	tr|Q1K845|Q1K845_NEUCR	100
tr|Q1K869|Q1K869_NEUCR	tr|Q1K869|Q1K869_NEUCR	100
tr|Q1K8A3|Q1K8A3_NEUCR	tr|Q1K8A3|Q1K8A3_NEUCR	100
tr|Q1K928|Q1K928_NEUCR	tr|Q1K928|Q1K928_NEUCR	100
tr|Q7RU49|Q7RU49_NEUCR	tr|Q7RU49|Q7RU49_NEUCR	100
sp|Q7RVX9|PHO5_NEUCR	sp|Q7RVX9|PHO5_NEUCR	100
tr|Q7RVY2|Q7RVY2_NEUCR	tr|Q7RVY2|Q7RVY2_NEUCR	100
tr|Q7RWM4|Q7RWM4_NEUCR	tr|Q7RWM4|Q7RWM4_NEUCR	100
tr|Q7RX60|Q7RX60_NEUCR	tr|Q7RX60|Q7RX60_NEUCR	100
tr|Q7RX71|Q7RX71_NEUCR	tr|Q7RX71|Q7RX71_NEUCR	100
tr|Q7RXA7|Q7RXA7_NEUCR	tr|Q7RXA7|Q7RXA7_NEUCR	100
tr|Q7RXE9|Q7RXE9_NEUCR	tr|Q7RXE9|Q7RXE9_NEUCR	100
sp|Q7RXV8|RM35_NEUCR	sp|Q7RXV8|RM35_NEUCR	100
tr|Q7RY86|Q7RY86_NEUCR	tr|Q7RY86|Q7RY86_NEUCR	100
tr|Q7RYK9|Q7RYK9_NEUCR	tr|Q7RYK9|Q7RYK9_NEUCR	100
tr|Q7RYM8|Q7RYM8_NEUCR	tr|Q7RYM8|Q7RYM8_NEUCR	100
tr|Q7RYY7|Q7RYY7_NEUCR	tr|Q7RYY7|Q7RYY7_NEUCR	100
tr|Q7RZ09|Q7RZ09_NEUCR	tr|Q7RZ09|Q7RZ09_NEUCR	100
tr|Q7RZ10|Q7RZ10_NEUCR	tr|Q7RZ10|Q7RZ10_NEUCR	100
tr|Q7RZH2|Q7RZH2_NEUCR	tr|Q7RZH2|Q7RZH2_NEUCR	100
tr|Q7RZL8|Q7RZL8_NEUCR	tr|Q7RZL8|Q7RZL8_NEUCR	100
tr|Q7RZR6|Q7RZR6_NEUCR	tr|Q7RZR6|Q7RZR6_NEUCR	100
tr|Q7S093|Q7S093_NEUCR	tr|Q7S093|Q7S093_NEUCR	100
tr|Q7S0X5|Q7S0X5_NEUCR	tr|Q7S0X5|Q7S0X5_NEUCR	100
tr|Q7S1D7|Q7S1D7_NEUCR	tr|Q7S1D7|Q7S1D7_NEUCR	100
tr|Q7S1T2|Q7S1T2_NEUCR	tr|Q7S1T2|Q7S1T2_NEUCR	100
tr|Q7S1Y6|Q7S1Y6_NEUCR	tr|Q7S1Y6|Q7S1Y6_NEUCR	100
tr|Q7S2F5|Q7S2F5_NEUCR	tr|Q7S2F5|Q7S2F5_NEUCR	100
tr|Q7S2I4|Q7S2I4_NEUCR	tr|Q7S2I4|Q7S2I4_NEUCR	100
tr|Q7S2R2|Q7S2R2_NEUCR	tr|Q7S2R2|Q7S2R2_NEUCR	100
tr|Q7S2X8|Q7S2X8_NEUCR	tr|Q7S2X8|Q7S2X8_NEUCR	100
tr|Q7S402|Q7S402_NEUCR	tr|Q7S402|Q7S402_NEUCR	100
tr|Q7S4I2|Q7S4I2_NEUCR	tr|Q7S4I2|Q7S4I2_NEUCR	100
tr|Q7S4N9|Q7S4N9_NEUCR	tr|Q7S4N9|Q7S4N9_NEUCR	100
tr|Q7S4U1|Q7S4U1_NEUCR	tr|Q7S4U1|Q7S4U1_NEUCR	100
tr|Q7S566|Q7S566_NEUCR	tr|Q7S566|Q7S566_NEUCR	100
tr|Q7S603|Q7S603_NEUCR	tr|Q7S603|Q7S603_NEUCR	100
tr|Q7S629|Q7S629_NEUCR	tr|Q7S629|Q7S629_NEUCR	100
tr|Q7S6K1|Q7S6K1_NEUCR	tr|Q7S6K1|Q7S6K1_NEUCR	100
tr|Q7S6T5|Q7S6T5_NEUCR	tr|Q7S6T5|Q7S6T5_NEUCR	100
tr|Q7S7E5|Q7S7E5_NEUCR	tr|Q7S7E5|Q7S7E5_NEUCR	100
tr|Q7S8D1|Q7S8D1_NEUCR	tr|Q7S8D1|Q7S8D1_NEUCR	100
tr|Q7S8G3|Q7S8G3_NEUCR	tr|Q7S8G3|Q7S8G3_NEUCR	100
tr|Q7S8H7|Q7S8H7_NEUCR	tr|Q7S8H7|Q7S8H7_NEUCR	100
tr|Q7S926|Q7S926_NEUCR	tr|Q7S926|Q7S926_NEUCR	100
tr|Q7S9P8|Q7S9P8_NEUCR	tr|Q7S9P8|Q7S9P8_NEUCR	100
sp|Q7SA90|NAM9_NEUCR	sp|Q7SA90|NAM9_NEUCR	100
tr|Q7SAR5|Q7SAR5_NEUCR	tr|Q7SAR5|Q7SAR5_NEUCR	100
sp|Q7SB65|IRS4_NEUCR	sp|Q7SB65|IRS4_NEUCR	100
tr|Q7SBH0|Q7SBH0_NEUCR	tr|Q7SBH0|Q7SBH0_NEUCR	100
tr|Q7SCP3|Q7SCP3_NEUCR	tr|Q7SCP3|Q7SCP3_NEUCR	100
tr|Q7SCU2|Q7SCU2_NEUCR	tr|Q7SCU2|Q7SCU2_NEUCR	100
tr|Q7SDB3|Q7SDB3_NEUCR	tr|Q7SDB3|Q7SDB3_NEUCR	100
tr|Q7SE33|Q7SE33_NEUCR	tr|Q7SE33|Q7SE33_NEUCR	100
tr|Q7SEM4|Q7SEM4_NEUCR	tr|Q7SEM4|Q7SEM4_NEUCR	100
sp|Q7SF84|LIPA_NEUCR	sp|Q7SF84|LIPA_NEUCR	100
tr|Q7SFA7|Q7SFA7_NEUCR	tr|Q7SFA7|Q7SFA7_NEUCR	100
tr|Q7SFJ5|Q7SFJ5_NEUCR	tr|Q7SFJ5|Q7SFJ5_NEUCR	100
tr|Q7SFJ7|Q7SFJ7_NEUCR	tr|Q7SFJ7|Q7SFJ7_NEUCR	100
tr|Q7SFN9|Q7SFN9_NEUCR	tr|Q7SFN9|Q7SFN9_NEUCR	100
tr|Q7SG37|Q7SG37_NEUCR	tr|Q7SG37|Q7SG37_NEUCR	100
tr|Q7SH13|Q7SH13_NEUCR	tr|Q7SH13|Q7SH13_NEUCR	100
tr|Q7SI31|Q7SI31_NEUCR	tr|Q7SI31|Q7SI31_NEUCR	100
sp|Q872I5|INO80_NEUCR	sp|Q872I5|INO80_NEUCR	100
sp|Q9C2P2|RS29_NEUCR	sp|Q9C2P2|RS29_NEUCR	100
tr|U9W3B1|U9W3B1_NEUCR	tr|U9W3B1|U9W3B1_NEUCR	100
tr|V5IKF9|V5IKF9_NEUCR	tr|V5IKF9|V5IKF9_NEUCR	100
tr|V5IKM3|V5IKM3_NEUCR	tr|V5IKM3|V5IKM3_NEUCR	100
tr|V5IKP8|V5IKP8_NEUCR	tr|V5IKP8|V5IKP8_NEUCR	100
tr|V5IKY7|V5IKY7_NEUCR	tr|V5IKY7|V5IKY7_NEUCR	100
tr|V5ILV3|V5ILV3_NEUCR	tr|V5ILV3|V5ILV3_NEUCR	100
tr|V5IM84|V5IM84_NEUCR	tr|V5IM84|V5IM84_NEUCR	100
tr|V5IMT2|V5IMT2_NEUCR	tr|V5IMT2|V5IMT2_NEUCR	100
tr|V5IMU9|V5IMU9_NEUCR	tr|V5IMU9|V5IMU9_NEUCR	100
tr|V5IN91|V5IN91_NEUCR	tr|V5IN91|V5IN91_NEUCR	100
tr|V5INI5|V5INI5_NEUCR	tr|V5INI5|V5INI5_NEUCR	100
tr|V5INX3|V5INX3_NEUCR	tr|V5INX3|V5INX3_NEUCR	100
tr|V5INY3|V5INY3_NEUCR	tr|V5INY3|V5INY3_NEUCR	100
tr|V5INY8|V5INY8_NEUCR	tr|V5INY8|V5INY8_NEUCR	100
tr|V5INZ5|V5INZ5_NEUCR	tr|V5INZ5|V5INZ5_NEUCR	100
tr|V5IPP0|V5IPP0_NEUCR	tr|V5IPP0|V5IPP0_NEUCR	100
tr|V5IPS9|V5IPS9_NEUCR	tr|V5IPS9|V5IPS9_NEUCR	100
tr|V5IPW5|V5IPW5_NEUCR	tr|V5IPW5|V5IPW5_NEUCR	100
tr|V5IQ96|V5IQ96_NEUCR	tr|V5IQ96|V5IQ96_NEUCR	100
tr|V5IQN4|V5IQN4_NEUCR	tr|V5IQN4|V5IQN4_NEUCR	100
tr|V5IRH8|V5IRH8_NEUCR	tr|V5IRH8|V5IRH8_NEUCR	100
tr|A7UVZ5|A7UVZ5_NEUCR	tr|A7UVZ5|A7UVZ5_NEUCR	100
tr|A7UX96|A7UX96_NEUCR	tr|A7UX96|A7UX96_NEUCR	100
tr|A7UX97|A7UX97_NEUCR	tr|A7UX97|A7UX97_NEUCR	100
tr|F5HFM3|F5HFM3_NEUCR	tr|F5HFM3|F5HFM3_NEUCR	100
sp|O42790|PLB_NEUCR	sp|O42790|PLB_NEUCR	100
sp|P00365|DHE2_NEUCR	sp|P00365|DHE2_NEUCR	100
sp|P21976|NDUA8_NEUCR	sp|P21976|NDUA8_NEUCR	100
tr|Q1K4Q8|Q1K4Q8_NEUCR	tr|Q1K4Q8|Q1K4Q8_NEUCR	100
tr|Q1K580|Q1K580_NEUCR	tr|Q1K580|Q1K580_NEUCR	100
tr|Q1K5F2|Q1K5F2_NEUCR	tr|Q1K5F2|Q1K5F2_NEUCR	100
tr|Q1K643|Q1K643_NEUCR	tr|Q1K643|Q1K643_NEUCR	100
sp|Q1K694|ADS1_NEUCR	sp|Q1K694|ADS1_NEUCR	100
tr|Q1K6A7|Q1K6A7_NEUCR	tr|Q1K6A7|Q1K6A7_NEUCR	100
tr|Q1K6E2|Q1K6E2_NEUCR	tr|Q1K6E2|Q1K6E2_NEUCR	100
tr|Q1K6X0|Q1K6X0_NEUCR	tr|Q1K6X0|Q1K6X0_NEUCR	100
tr|Q1K709|Q1K709_NEUCR	tr|Q1K709|Q1K709_NEUCR	100
tr|Q1K7P1|Q1K7P1_NEUCR	tr|Q1K7P1|Q1K7P1_NEUCR	100
tr|Q1K878|Q1K878_NEUCR	tr|Q1K878|Q1K878_NEUCR	100
sp|Q1K8E7|SREA_NEUCR	sp|Q1K8E7|SREA_NEUCR	100
tr|Q1K8M1|Q1K8M1_NEUCR	tr|Q1K8M1|Q1K8M1_NEUCR	100
tr|Q1K8M9|Q1K8M9_NEUCR	tr|Q1K8M9|Q1K8M9_NEUCR	100
tr|Q3Y3Z1|Q3Y3Z1_NEUCR	tr|Q3Y3Z1|Q3Y3Z1_NEUCR	100
tr|Q7RU87|Q7RU87_NEUCR	tr|Q7RU87|Q7RU87_NEUCR	100
tr|Q7RWA2|Q7RWA2_NEUCR	tr|Q7RWA2|Q7RWA2_NEUCR	100
tr|Q7RWY0|Q7RWY0_NEUCR	tr|Q7RWY0|Q7RWY0_NEUCR	100
tr|Q7RX23|Q7RX23_NEUCR	tr|Q7RX23|Q7RX23_NEUCR	100
tr|Q7RYP8|Q7RYP8_NEUCR	tr|Q7RYP8|Q7RYP8_NEUCR	100
tr|Q7RYS2|Q7RYS2_NEUCR	tr|Q7RYS2|Q7RYS2_NEUCR	100
tr|Q7RZ38|Q7RZ38_NEUCR	tr|Q7RZ38|Q7RZ38_NEUCR	100
tr|Q7RZR5|Q7RZR5_NEUCR	tr|Q7RZR5|Q7RZR5_NEUCR	100
tr|Q7RZU9|Q7RZU9_NEUCR	tr|Q7RZU9|Q7RZU9_NEUCR	100
tr|Q7S0N3|Q7S0N3_NEUCR	tr|Q7S0N3|Q7S0N3_NEUCR	100
tr|Q7S115|Q7S115_NEUCR	tr|Q7S115|Q7S115_NEUCR	100
tr|Q7S1I2|Q7S1I2_NEUCR	tr|Q7S1I2|Q7S1I2_NEUCR	100
tr|Q7S1V1|Q7S1V1_NEUCR	tr|Q7S1V1|Q7S1V1_NEUCR	100
tr|Q7S2H1|Q7S2H1_NEUCR	tr|Q7S2H1|Q7S2H1_NEUCR	100
tr|Q7S2Z0|Q7S2Z0_NEUCR	tr|Q7S2Z0|Q7S2Z0_NEUCR	100
tr|Q7S379|Q7S379_NEUCR	tr|Q7S379|Q7S379_NEUCR	100
tr|Q7S394|Q7S394_NEUCR	tr|Q7S394|Q7S394_NEUCR	100
tr|Q7S3A0|Q7S3A0_NEUCR	tr|Q7S3A0|Q7S3A0_NEUCR	100
tr|Q7S3D6|Q7S3D6_NEUCR	tr|Q7S3D6|Q7S3D6_NEUCR	100
tr|Q7S3D9|Q7S3D9_NEUCR	tr|Q7S3D9|Q7S3D9_NEUCR	100
tr|Q7S3E5|Q7S3E5_NEUCR	tr|Q7S3E5|Q7S3E5_NEUCR	100
tr|Q7S4B0|Q7S4B0_NEUCR	tr|Q7S4B0|Q7S4B0_NEUCR	100
tr|Q7S4J3|Q7S4J3_NEUCR	tr|Q7S4J3|Q7S4J3_NEUCR	100
tr|Q7S4Z8|Q7S4Z8_NEUCR	tr|Q7S4Z8|Q7S4Z8_NEUCR	100
tr|Q7S561|Q7S561_NEUCR	tr|Q7S561|Q7S561_NEUCR	100
tr|Q7S5A2|Q7S5A2_NEUCR	tr|Q7S5A2|Q7S5A2_NEUCR	100
tr|Q7S657|Q7S657_NEUCR	tr|Q7S657|Q7S657_NEUCR	100
tr|Q7S675|Q7S675_NEUCR	tr|Q7S675|Q7S675_NEUCR	100
tr|Q7S6H7|Q7S6H7_NEUCR	tr|Q7S6H7|Q7S6H7_NEUCR	100
tr|Q7S6X5|Q7S6X5_NEUCR	tr|Q7S6X5|Q7S6X5_NEUCR	100
tr|Q7S703|Q7S703_NEUCR	tr|Q7S703|Q7S703_NEUCR	100
tr|Q7S7X5|Q7S7X5_NEUCR	tr|Q7S7X5|Q7S7X5_NEUCR	100
tr|Q7S871|Q7S871_NEUCR	tr|Q7S871|Q7S871_NEUCR	100
tr|Q7S8A2|Q7S8A2_NEUCR	tr|Q7S8A2|Q7S8A2_NEUCR	100
tr|Q7S8G8|Q7S8G8_NEUCR	tr|Q7S8G8|Q7S8G8_NEUCR	100
tr|Q7S8I6|Q7S8I6_NEUCR	tr|Q7S8I6|Q7S8I6_NEUCR	100
tr|Q7S8Y3|Q7S8Y3_NEUCR	tr|Q7S8Y3|Q7S8Y3_NEUCR	100
tr|Q7S8Y9|Q7S8Y9_NEUCR	tr|Q7S8Y9|Q7S8Y9_NEUCR	100
tr|Q7S970|Q7S970_NEUCR	tr|Q7S970|Q7S970_NEUCR	100
tr|Q7S9R2|Q7S9R2_NEUCR	tr|Q7S9R2|Q7S9R2_NEUCR	100
tr|Q7S9W0|Q7S9W0_NEUCR	tr|Q7S9W0|Q7S9W0_NEUCR	100
tr|Q7SAV0|Q7SAV0_NEUCR	tr|Q7SAV0|Q7SAV0_NEUCR	100
tr|Q7SB68|Q7SB68_NEUCR	tr|Q7SB68|Q7SB68_NEUCR	100
tr|Q7SBN0|Q7SBN0_NEUCR	tr|Q7SBN0|Q7SBN0_NEUCR	100
tr|Q7SBP0|Q7SBP0_NEUCR	tr|Q7SBP0|Q7SBP0_NEUCR	100
tr|Q7SC57|Q7SC57_NEUCR	tr|Q7SC57|Q7SC57_NEUCR	100
tr|Q7SCE8|Q7SCE8_NEUCR	tr|Q7SCE8|Q7SCE8_NEUCR	100
tr|Q7SE25|Q7SE25_NEUCR	tr|Q7SE25|Q7SE25_NEUCR	100
tr|Q7SE79|Q7SE79_NEUCR	tr|Q7SE79|Q7SE79_NEUCR	100
tr|Q7SEA2|Q7SEA2_NEUCR	tr|Q7SEA2|Q7SEA2_NEUCR	100
sp|Q7SEM3|ERB1_NEUCR	sp|Q7SEM3|ERB1_NEUCR	100
tr|Q7SEN4|Q7SEN4_NEUCR	tr|Q7SEN4|Q7SEN4_NEUCR	100
tr|Q7SEV3|Q7SEV3_NEUCR	tr|Q7SEV3|Q7SEV3_NEUCR	100
tr|Q7SGM0|Q7SGM0_NEUCR	tr|Q7SGM0|Q7SGM0_NEUCR	100
tr|Q7SGM6|Q7SGM6_NEUCR	tr|Q7SGM6|Q7SGM6_NEUCR	100
sp|Q7SGP2|PEX6_NEUCR	sp|Q7SGP2|PEX6_NEUCR	100
tr|Q7SH37|Q7SH37_NEUCR	tr|Q7SH37|Q7SH37_NEUCR	100
tr|Q7SHL7|Q7SHL7_NEUCR	tr|Q7SHL7|Q7SHL7_NEUCR	100
tr|Q7SHV9|Q7SHV9_NEUCR	tr|Q7SHV9|Q7SHV9_NEUCR	100
tr|Q7SI54|Q7SI54_NEUCR	tr|Q7SI54|Q7SI54_NEUCR	100
sp|Q9C2R2|CCR4_NEUCR	sp|Q9C2R2|CCR4_NEUCR	100
sp|Q9P567|SUCB_NEUCR	sp|Q9P567|SUCB_NEUCR	100
tr|U9W8G8|U9W8G8_NEUCR	tr|U9W8G8|U9W8G8_NEUCR	100
tr|V5IKJ4|V5IKJ4_NEUCR	tr|V5IKJ4|V5IKJ4_NEUCR	100
tr|V5IKK8|V5IKK8_NEUCR	tr|V5IKK8|V5IKK8_NEUCR	100
tr|V5IKP5|V5IKP5_NEUCR	tr|V5IKP5|V5IKP5_NEUCR	100
tr|V5IKT5|V5IKT5_NEUCR	tr|V5IKT5|V5IKT5_NEUCR	100
tr|V5IKZ3|V5IKZ3_NEUCR	tr|V5IKZ3|V5IKZ3_NEUCR	100
tr|V5IM96|V5IM96_NEUCR	tr|V5IM96|V5IM96_NEUCR	100
tr|V5IMF9|V5IMF9_NEUCR	tr|V5IMF9|V5IMF9_NEUCR	100
tr|V5IN53|V5IN53_NEUCR	tr|V5IN53|V5IN53_NEUCR	100
tr|V5INI3|V5INI3_NEUCR	tr|V5INI3|V5INI3_NEUCR	100
tr|V5IPS5|V5IPS5_NEUCR	tr|V5IPS5|V5IPS5_NEUCR	100
tr|V5IPZ1|V5IPZ1_NEUCR	tr|V5IPZ1|V5IPZ1_NEUCR	100
tr|V5IQP0|V5IQP0_NEUCR	tr|V5IQP0|V5IQP0_NEUCR	100
tr|V5IR65|V5IR65_NEUCR	tr|V5IR65|V5IR65_NEUCR	100
tr|V5IRD5|V5IRD5_NEUCR	tr|V5IRD5|V5IRD5_NEUCR	100
tr|V5IRE1|V5IRE1_NEUCR	tr|V5IRE1|V5IRE1_NEUCR	100
sp|A7UWH7|AMPP2_NEUCR	sp|A7UWH7|AMPP2_NEUCR	100
tr|A7UXB4|A7UXB4_NEUCR	tr|A7UXB4|A7UXB4_NEUCR	100
tr|A7UXI2|A7UXI2_NEUCR	tr|A7UXI2|A7UXI2_NEUCR	100
tr|F5HDG6|F5HDG6_NEUCR	tr|F5HDG6|F5HDG6_NEUCR	100
sp|P05509|NU4LM_NEUCR	sp|P05509|NU4LM_NEUCR	100
sp|P23623|OXLA_NEUCR	sp|P23623|OXLA_NEUCR	100
sp|P38678|GS1_NEUCR	sp|P38678|GS1_NEUCR	100
sp|Q02854|NUXM_NEUCR	sp|Q02854|NUXM_NEUCR	100
sp|Q12644|NDUS8_NEUCR	sp|Q12644|NDUS8_NEUCR	100
tr|Q1K4S3|Q1K4S3_NEUCR	tr|Q1K4S3|Q1K4S3_NEUCR	100
tr|Q1K4V0|Q1K4V0_NEUCR	tr|Q1K4V0|Q1K4V0_NEUCR	100
tr|Q1K5I9|Q1K5I9_NEUCR	tr|Q1K5I9|Q1K5I9_NEUCR	100
tr|Q1K5J1|Q1K5J1_NEUCR	tr|Q1K5J1|Q1K5J1_NEUCR	100
tr|Q1K5X8|Q1K5X8_NEUCR	tr|Q1K5X8|Q1K5X8_NEUCR	100
sp|Q1K615|CARD_NEUCR	sp|Q1K615|CARD_NEUCR	100
tr|Q1K651|Q1K651_NEUCR	tr|Q1K651|Q1K651_NEUCR	100
tr|Q1K6A8|Q1K6A8_NEUCR	tr|Q1K6A8|Q1K6A8_NEUCR	100
tr|Q1K6L2|Q1K6L2_NEUCR	tr|Q1K6L2|Q1K6L2_NEUCR	100
tr|Q1K6W3|Q1K6W3_NEUCR	tr|Q1K6W3|Q1K6W3_NEUCR	100
tr|Q1K7G5|Q1K7G5_NEUCR	tr|Q1K7G5|Q1K7G5_NEUCR	100
tr|Q1K7U1|Q1K7U1_NEUCR	tr|Q1K7U1|Q1K7U1_NEUCR	100
tr|Q1K7X2|Q1K7X2_NEUCR	tr|Q1K7X2|Q1K7X2_NEUCR	100
tr|Q1K7Y0|Q1K7Y0_NEUCR	tr|Q1K7Y0|Q1K7Y0_NEUCR	100
tr|Q1K828|Q1K828_NEUCR	tr|Q1K828|Q1K828_NEUCR	100
tr|Q1K862|Q1K862_NEUCR	tr|Q1K862|Q1K862_NEUCR	100
tr|Q1K872|Q1K872_NEUCR	tr|Q1K872|Q1K872_NEUCR	100
tr|Q1K8N2|Q1K8N2_NEUCR	tr|Q1K8N2|Q1K8N2_NEUCR	100
tr|Q7RUD6|Q7RUD6_NEUCR	tr|Q7RUD6|Q7RUD6_NEUCR	100
tr|Q7RUK0|Q7RUK0_NEUCR	tr|Q7RUK0|Q7RUK0_NEUCR	100
tr|Q7RW25|Q7RW25_NEUCR	tr|Q7RW25|Q7RW25_NEUCR	100
tr|Q7RW86|Q7RW86_NEUCR	tr|Q7RW86|Q7RW86_NEUCR	100
tr|Q7RWD5|Q7RWD5_NEUCR	tr|Q7RWD5|Q7RWD5_NEUCR	100
tr|Q7RX81|Q7RX81_NEUCR	tr|Q7RX81|Q7RX81_NEUCR	100
tr|Q7RYQ6|Q7RYQ6_NEUCR	tr|Q7RYQ6|Q7RYQ6_NEUCR	100
tr|Q7RZ01|Q7RZ01_NEUCR	tr|Q7RZ01|Q7RZ01_NEUCR	100
tr|Q7RZ77|Q7RZ77_NEUCR	tr|Q7RZ77|Q7RZ77_NEUCR	100
tr|Q7RZI9|Q7RZI9_NEUCR	tr|Q7RZI9|Q7RZI9_NEUCR	100
tr|Q7RZU8|Q7RZU8_NEUCR	tr|Q7RZU8|Q7RZU8_NEUCR	100
tr|Q7S0G1|Q7S0G1_NEUCR	tr|Q7S0G1|Q7S0G1_NEUCR	100
tr|Q7S0Y4|Q7S0Y4_NEUCR	tr|Q7S0Y4|Q7S0Y4_NEUCR	100
tr|Q7S1K8|Q7S1K8_NEUCR	tr|Q7S1K8|Q7S1K8_NEUCR	100
tr|Q7S1N3|Q7S1N3_NEUCR	tr|Q7S1N3|Q7S1N3_NEUCR	100
tr|Q7S1Z2|Q7S1Z2_NEUCR	tr|Q7S1Z2|Q7S1Z2_NEUCR	100
tr|Q7S291|Q7S291_NEUCR	tr|Q7S291|Q7S291_NEUCR	100
tr|Q7S2E1|Q7S2E1_NEUCR	tr|Q7S2E1|Q7S2E1_NEUCR	100
sp|Q7S3C9|KMO_NEUCR	sp|Q7S3C9|KMO_NEUCR	100
tr|Q7S3Q8|Q7S3Q8_NEUCR	tr|Q7S3Q8|Q7S3Q8_NEUCR	100
tr|Q7S3T4|Q7S3T4_NEUCR	tr|Q7S3T4|Q7S3T4_NEUCR	100
tr|Q7S3Z2|Q7S3Z2_NEUCR	tr|Q7S3Z2|Q7S3Z2_NEUCR	100
tr|Q7S4L2|Q7S4L2_NEUCR	tr|Q7S4L2|Q7S4L2_NEUCR	100
tr|Q7S641|Q7S641_NEUCR	tr|Q7S641|Q7S641_NEUCR	100
tr|Q7S751|Q7S751_NEUCR	tr|Q7S751|Q7S751_NEUCR	100
tr|Q7S829|Q7S829_NEUCR	tr|Q7S829|Q7S829_NEUCR	100
tr|Q7S8B1|Q7S8B1_NEUCR	tr|Q7S8B1|Q7S8B1_NEUCR	100
tr|Q7S8B2|Q7S8B2_NEUCR	tr|Q7S8B2|Q7S8B2_NEUCR	100
tr|Q7S8J8|Q7S8J8_NEUCR	tr|Q7S8J8|Q7S8J8_NEUCR	100
tr|Q7S8Z8|Q7S8Z8_NEUCR	tr|Q7S8Z8|Q7S8Z8_NEUCR	100
sp|Q7S931|EIF3J_NEUCR	sp|Q7S931|EIF3J_NEUCR	100
tr|Q7S9Z8|Q7S9Z8_NEUCR	tr|Q7S9Z8|Q7S9Z8_NEUCR	100
tr|Q7S9Z9|Q7S9Z9_NEUCR	tr|Q7S9Z9|Q7S9Z9_NEUCR	100
tr|Q7SA42|Q7SA42_NEUCR	tr|Q7SA42|Q7SA42_NEUCR	100
tr|Q7SA72|Q7SA72_NEUCR	tr|Q7SA72|Q7SA72_NEUCR	100
tr|Q7SAE2|Q7SAE2_NEUCR	tr|Q7SAE2|Q7SAE2_NEUCR	100
tr|Q7SAI5|Q7SAI5_NEUCR	tr|Q7SAI5|Q7SAI5_NEUCR	100
tr|Q7SB78|Q7SB78_NEUCR	tr|Q7SB78|Q7SB78_NEUCR	100
tr|Q7SBE1|Q7SBE1_NEUCR	tr|Q7SBE1|Q7SBE1_NEUCR	100
tr|Q7SCF4|Q7SCF4_NEUCR	tr|Q7SCF4|Q7SCF4_NEUCR	100
tr|Q7SCF8|Q7SCF8_NEUCR	tr|Q7SCF8|Q7SCF8_NEUCR	100
tr|Q7SCH7|Q7SCH7_NEUCR	tr|Q7SCH7|Q7SCH7_NEUCR	100
tr|Q7SDJ0|Q7SDJ0_NEUCR	tr|Q7SDJ0|Q7SDJ0_NEUCR	100
tr|Q7SDN7|Q7SDN7_NEUCR	tr|Q7SDN7|Q7SDN7_NEUCR	100
tr|Q7SE61|Q7SE61_NEUCR	tr|Q7SE61|Q7SE61_NEUCR	100
tr|Q7SF56|Q7SF56_NEUCR	tr|Q7SF56|Q7SF56_NEUCR	100
tr|Q7SFG0|Q7SFG0_NEUCR	tr|Q7SFG0|Q7SFG0_NEUCR	100
tr|Q7SFP8|Q7SFP8_NEUCR	tr|Q7SFP8|Q7SFP8_NEUCR	100
tr|Q7SFT4|Q7SFT4_NEUCR	tr|Q7SFT4|Q7SFT4_NEUCR	100
tr|Q7SFW5|Q7SFW5_NEUCR	tr|Q7SFW5|Q7SFW5_NEUCR	100
sp|Q7SFY0|SSU72_NEUCR	sp|Q7SFY0|SSU72_NEUCR	100
tr|Q7SG18|Q7SG18_NEUCR	tr|Q7SG18|Q7SG18_NEUCR	100
tr|Q7SG81|Q7SG81_NEUCR	tr|Q7SG81|Q7SG81_NEUCR	100
tr|Q7SGL2|Q7SGL2_NEUCR	tr|Q7SGL2|Q7SGL2_NEUCR	100
sp|Q8X0V0|TFB5_NEUCR	sp|Q8X0V0|TFB5_NEUCR	100
sp|Q9HEV5|ASD4_NEUCR	sp|Q9HEV5|ASD4_NEUCR	100
sp|Q9P5N7|TFB1_NEUCR	sp|Q9P5N7|TFB1_NEUCR	100
tr|U9W395|U9W395_NEUCR	tr|U9W395|U9W395_NEUCR	100
tr|U9W5G7|U9W5G7_NEUCR	tr|U9W5G7|U9W5G7_NEUCR	100
tr|V5ILU0|V5ILU0_NEUCR	tr|V5ILU0|V5ILU0_NEUCR	100
tr|V5IM65|V5IM65_NEUCR	tr|V5IM65|V5IM65_NEUCR	100
tr|V5IMT8|V5IMT8_NEUCR	tr|V5IMT8|V5IMT8_NEUCR	100
tr|V5IN07|V5IN07_NEUCR	tr|V5IN07|V5IN07_NEUCR	100
tr|V5IND6|V5IND6_NEUCR	tr|V5IND6|V5IND6_NEUCR	100
tr|V5INS6|V5INS6_NEUCR	tr|V5INS6|V5INS6_NEUCR	100
tr|V5INV1|V5INV1_NEUCR	tr|V5INV1|V5INV1_NEUCR	100
tr|V5IQD8|V5IQD8_NEUCR	tr|V5IQD8|V5IQD8_NEUCR	100
tr|V5IQL1|V5IQL1_NEUCR	tr|V5IQL1|V5IQL1_NEUCR	100
tr|V5IQT8|V5IQT8_NEUCR	tr|V5IQT8|V5IQT8_NEUCR	100
tr|V5IRC9|V5IRC9_NEUCR	tr|V5IRC9|V5IRC9_NEUCR	100
tr|V5IRF4|V5IRF4_NEUCR	tr|V5IRF4|V5IRF4_NEUCR	100
tr|V5IRF6|V5IRF6_NEUCR	tr|V5IRF6|V5IRF6_NEUCR	100
tr|V5IRG7|V5IRG7_NEUCR	tr|V5IRG7|V5IRG7_NEUCR	100
tr|A7UWY8|A7UWY8_NEUCR	tr|A7UWY8|A7UWY8_NEUCR	100
tr|A7UX12|A7UX12_NEUCR	tr|A7UX12|A7UX12_NEUCR	100
tr|A7UXD9|A7UXD9_NEUCR	tr|A7UXD9|A7UXD9_NEUCR	100
sp|O93869|GYS_NEUCR	sp|O93869|GYS_NEUCR	100
sp|P00422|COX3_NEUCR	sp|P00422|COX3_NEUCR	100
sp|P25711|NDUS4_NEUCR	sp|P25711|NDUS4_NEUCR	100
sp|P37212|ATP6_NEUCR	sp|P37212|ATP6_NEUCR	100
sp|Q01294|CARP_NEUCR	sp|Q01294|CARP_NEUCR	100
tr|Q1K4V5|Q1K4V5_NEUCR	tr|Q1K4V5|Q1K4V5_NEUCR	100
tr|Q1K5A6|Q1K5A6_NEUCR	tr|Q1K5A6|Q1K5A6_NEUCR	100
tr|Q1K5Y9|Q1K5Y9_NEUCR	tr|Q1K5Y9|Q1K5Y9_NEUCR	100
tr|Q1K5Z4|Q1K5Z4_NEUCR	tr|Q1K5Z4|Q1K5Z4_NEUCR	100
tr|Q1K663|Q1K663_NEUCR	tr|Q1K663|Q1K663_NEUCR	100
tr|Q1K693|Q1K693_NEUCR	tr|Q1K693|Q1K693_NEUCR	100
tr|Q1K6D5|Q1K6D5_NEUCR	tr|Q1K6D5|Q1K6D5_NEUCR	100
tr|Q1K6H7|Q1K6H7_NEUCR	tr|Q1K6H7|Q1K6H7_NEUCR	100
tr|Q1K6K4|Q1K6K4_NEUCR	tr|Q1K6K4|Q1K6K4_NEUCR	100
tr|Q1K7D7|Q1K7D7_NEUCR	tr|Q1K7D7|Q1K7D7_NEUCR	100
tr|Q1K7I4|Q1K7I4_NEUCR	tr|Q1K7I4|Q1K7I4_NEUCR	100
tr|Q1K7J4|Q1K7J4_NEUCR	tr|Q1K7J4|Q1K7J4_NEUCR	100
tr|Q1K7K0|Q1K7K0_NEUCR	tr|Q1K7K0|Q1K7K0_NEUCR	100
tr|Q1K8K4|Q1K8K4_NEUCR	tr|Q1K8K4|Q1K8K4_NEUCR	100
tr|Q1K8L4|Q1K8L4_NEUCR	tr|Q1K8L4|Q1K8L4_NEUCR	100
tr|Q1K8Y1|Q1K8Y1_NEUCR	tr|Q1K8Y1|Q1K8Y1_NEUCR	100
tr|Q7RWC2|Q7RWC2_NEUCR	tr|Q7RWC2|Q7RWC2_NEUCR	100
tr|Q7RWU7|Q7RWU7_NEUCR	tr|Q7RWU7|Q7RWU7_NEUCR	100
sp|Q7RX33|EGT1_NEUCR	sp|Q7RX33|EGT1_NEUCR	100
tr|Q7RX61|Q7RX61_NEUCR	tr|Q7RX61|Q7RX61_NEUCR	100
tr|Q7RXT9|Q7RXT9_NEUCR	tr|Q7RXT9|Q7RXT9_NEUCR	100
tr|Q7RYI7|Q7RYI7_NEUCR	tr|Q7RYI7|Q7RYI7_NEUCR	100
tr|Q7RYW9|Q7RYW9_NEUCR	tr|Q7RYW9|Q7RYW9_NEUCR	100
tr|Q7RZQ7|Q7RZQ7_NEUCR	tr|Q7RZQ7|Q7RZQ7_NEUCR	100
tr|Q7RZX0|Q7RZX0_NEUCR	tr|Q7RZX0|Q7RZX0_NEUCR	100
tr|Q7S009|Q7S009_NEUCR	tr|Q7S009|Q7S009_NEUCR	100
tr|Q7S0D1|Q7S0D1_NEUCR	tr|Q7S0D1|Q7S0D1_NEUCR	100
tr|Q7S0E7|Q7S0E7_NEUCR	tr|Q7S0E7|Q7S0E7_NEUCR	100
tr|Q7S0F6|Q7S0F6_NEUCR	tr|Q7S0F6|Q7S0F6_NEUCR	100
tr|Q7S0J9|Q7S0J9_NEUCR	tr|Q7S0J9|Q7S0J9_NEUCR	100
tr|Q7S1D6|Q7S1D6_NEUCR	tr|Q7S1D6|Q7S1D6_NEUCR	100
tr|Q7S1S1|Q7S1S1_NEUCR	tr|Q7S1S1|Q7S1S1_NEUCR	100
tr|Q7S2L0|Q7S2L0_NEUCR	tr|Q7S2L0|Q7S2L0_NEUCR	100
tr|Q7S3F2|Q7S3F2_NEUCR	tr|Q7S3F2|Q7S3F2_NEUCR	100
tr|Q7S3H3|Q7S3H3_NEUCR	tr|Q7S3H3|Q7S3H3_NEUCR	100
tr|Q7S431|Q7S431_NEUCR	tr|Q7S431|Q7S431_NEUCR	100
tr|Q7S4X5|Q7S4X5_NEUCR	tr|Q7S4X5|Q7S4X5_NEUCR	100
tr|Q7S500|Q7S500_NEUCR	tr|Q7S500|Q7S500_NEUCR	100
tr|Q7S5D3|Q7S5D3_NEUCR	tr|Q7S5D3|Q7S5D3_NEUCR	100
tr|Q7S5F9|Q7S5F9_NEUCR	tr|Q7S5F9|Q7S5F9_NEUCR	100
tr|Q7S5P5|Q7S5P5_NEUCR	tr|Q7S5P5|Q7S5P5_NEUCR	100
tr|Q7S658|Q7S658_NEUCR	tr|Q7S658|Q7S658_NEUCR	100
tr|Q7S6B7|Q7S6B7_NEUCR	tr|Q7S6B7|Q7S6B7_NEUCR	100
sp|Q7S743|SPT4_NEUCR	sp|Q7S743|SPT4_NEUCR	100
tr|Q7S939|Q7S939_NEUCR	tr|Q7S939|Q7S939_NEUCR	100
tr|Q7S977|Q7S977_NEUCR	tr|Q7S977|Q7S977_NEUCR	100
tr|Q7S9G2|Q7S9G2_NEUCR	tr|Q7S9G2|Q7S9G2_NEUCR	100
tr|Q7S9K6|Q7S9K6_NEUCR	tr|Q7S9K6|Q7S9K6_NEUCR	100
tr|Q7SB96|Q7SB96_NEUCR	tr|Q7SB96|Q7SB96_NEUCR	100
tr|Q7SBF0|Q7SBF0_NEUCR	tr|Q7SBF0|Q7SBF0_NEUCR	100
tr|Q7SBL5|Q7SBL5_NEUCR	tr|Q7SBL5|Q7SBL5_NEUCR	100
tr|Q7SBV1|Q7SBV1_NEUCR	tr|Q7SBV1|Q7SBV1_NEUCR	100
tr|Q7SCM9|Q7SCM9_NEUCR	tr|Q7SCM9|Q7SCM9_NEUCR	100
tr|Q7SCU3|Q7SCU3_NEUCR	tr|Q7SCU3|Q7SCU3_NEUCR	100
tr|Q7SDN0|Q7SDN0_NEUCR	tr|Q7SDN0|Q7SDN0_NEUCR	100
sp|Q7SE17|MOCOS_NEUCR	sp|Q7SE17|MOCOS_NEUCR	100
tr|Q7SE76|Q7SE76_NEUCR	tr|Q7SE76|Q7SE76_NEUCR	100
tr|Q7SEF1|Q7SEF1_NEUCR	tr|Q7SEF1|Q7SEF1_NEUCR	100
tr|Q7SEI1|Q7SEI1_NEUCR	tr|Q7SEI1|Q7SEI1_NEUCR	100
tr|Q7SEV2|Q7SEV2_NEUCR	tr|Q7SEV2|Q7SEV2_NEUCR	100
tr|Q7SEV9|Q7SEV9_NEUCR	tr|Q7SEV9|Q7SEV9_NEUCR	100
tr|Q7SEW1|Q7SEW1_NEUCR	tr|Q7SEW1|Q7SEW1_NEUCR	100
tr|Q7SEY6|Q7SEY6_NEUCR	tr|Q7SEY6|Q7SEY6_NEUCR	100
tr|Q7SFC5|Q7SFC5_NEUCR	tr|Q7SFC5|Q7SFC5_NEUCR	100
tr|Q7SFV3|Q7SFV3_NEUCR	tr|Q7SFV3|Q7SFV3_NEUCR	100
tr|Q7SG50|Q7SG50_NEUCR	tr|Q7SG50|Q7SG50_NEUCR	100
tr|Q7SG67|Q7SG67_NEUCR	tr|Q7SG67|Q7SG67_NEUCR	100
tr|Q7SGG4|Q7SGG4_NEUCR	tr|Q7SGG4|Q7SGG4_NEUCR	100
tr|Q7SGN3|Q7SGN3_NEUCR	tr|Q7SGN3|Q7SGN3_NEUCR	100
tr|Q7SGY2|Q7SGY2_NEUCR	tr|Q7SGY2|Q7SGY2_NEUCR	100
sp|Q8J0U2|H1_NEUCR	sp|Q8J0U2|H1_NEUCR	100
sp|Q8X034|RL15_NEUCR	sp|Q8X034|RL15_NEUCR	100
sp|Q8X0X6|SPT16_NEUCR	sp|Q8X0X6|SPT16_NEUCR	100
sp|Q9C168|CAT1_NEUCR	sp|Q9C168|CAT1_NEUCR	100
sp|Q9P353|MMM1_NEUCR	sp|Q9P353|MMM1_NEUCR	100
sp|Q9P602|ATPO_NEUCR	sp|Q9P602|ATPO_NEUCR	100
tr|V5IKB6|V5IKB6_NEUCR	tr|V5IKB6|V5IKB6_NEUCR	100
tr|V5IKJ0|V5IKJ0_NEUCR	tr|V5IKJ0|V5IKJ0_NEUCR	100
tr|V5IKQ7|V5IKQ7_NEUCR	tr|V5IKQ7|V5IKQ7_NEUCR	100
tr|V5ILI8|V5ILI8_NEUCR	tr|V5ILI8|V5ILI8_NEUCR	100
tr|V5ILS9|V5ILS9_NEUCR	tr|V5ILS9|V5ILS9_NEUCR	100
tr|V5ILV8|V5ILV8_NEUCR	tr|V5ILV8|V5ILV8_NEUCR	100
tr|V5ILW3|V5ILW3_NEUCR	tr|V5ILW3|V5ILW3_NEUCR	100
tr|V5IM78|V5IM78_NEUCR	tr|V5IM78|V5IM78_NEUCR	100
tr|V5IP02|V5IP02_NEUCR	tr|V5IP02|V5IP02_NEUCR	100
tr|V5IP85|V5IP85_NEUCR	tr|V5IP85|V5IP85_NEUCR	100
tr|V5IPP6|V5IPP6_NEUCR	tr|V5IPP6|V5IPP6_NEUCR	100
tr|V5IQY3|V5IQY3_NEUCR	tr|V5IQY3|V5IQY3_NEUCR	100
tr|V5IR23|V5IR23_NEUCR	tr|V5IR23|V5IR23_NEUCR	100
tr|V5IR68|V5IR68_NEUCR	tr|V5IR68|V5IR68_NEUCR	100
tr|V5IR77|V5IR77_NEUCR	tr|V5IR77|V5IR77_NEUCR	100
tr|V5IRN9|V5IRN9_NEUCR	tr|V5IRN9|V5IRN9_NEUCR	100
tr|F5HAA2|F5HAA2_NEUCR	tr|F5HAA2|F5HAA2_NEUCR	100
tr|F5HCB9|F5HCB9_NEUCR	tr|F5HCB9|F5HCB9_NEUCR	100
tr|F5HCN3|F5HCN3_NEUCR	tr|F5HCN3|F5HCN3_NEUCR	100
sp|O47950|NDUS7_NEUCR	sp|O47950|NDUS7_NEUCR	100
sp|P35848|TOM20_NEUCR	sp|P35848|TOM20_NEUCR	100
sp|P51599|GCH1_NEUCR	sp|P51599|GCH1_NEUCR	100
sp|Q01285|CHS4_NEUCR	sp|Q01285|CHS4_NEUCR	100
tr|Q1K4U7|Q1K4U7_NEUCR	tr|Q1K4U7|Q1K4U7_NEUCR	100
tr|Q1K571|Q1K571_NEUCR	tr|Q1K571|Q1K571_NEUCR	100
tr|Q1K590|Q1K590_NEUCR	tr|Q1K590|Q1K590_NEUCR	100
tr|Q1K597|Q1K597_NEUCR	tr|Q1K597|Q1K597_NEUCR	100
tr|Q1K5K8|Q1K5K8_NEUCR	tr|Q1K5K8|Q1K5K8_NEUCR	100
tr|Q1K6C1|Q1K6C1_NEUCR	tr|Q1K6C1|Q1K6C1_NEUCR	100
tr|Q1K6C9|Q1K6C9_NEUCR	tr|Q1K6C9|Q1K6C9_NEUCR	100
sp|Q1K6N8|MOT1_NEUCR	sp|Q1K6N8|MOT1_NEUCR	100
tr|Q1K7T0|Q1K7T0_NEUCR	tr|Q1K7T0|Q1K7T0_NEUCR	100
tr|Q1K843|Q1K843_NEUCR	tr|Q1K843|Q1K843_NEUCR	100
tr|Q1K899|Q1K899_NEUCR	tr|Q1K899|Q1K899_NEUCR	100
tr|Q1K8A8|Q1K8A8_NEUCR	tr|Q1K8A8|Q1K8A8_NEUCR	100
tr|Q1K900|Q1K900_NEUCR	tr|Q1K900|Q1K900_NEUCR	100
tr|Q1K916|Q1K916_NEUCR	tr|Q1K916|Q1K916_NEUCR	100
tr|Q7RUH5|Q7RUH5_NEUCR	tr|Q7RUH5|Q7RUH5_NEUCR	100
tr|Q7RW26|Q7RW26_NEUCR	tr|Q7RW26|Q7RW26_NEUCR	100
tr|Q7RWT6|Q7RWT6_NEUCR	tr|Q7RWT6|Q7RWT6_NEUCR	100
tr|Q7RWW4|Q7RWW4_NEUCR	tr|Q7RWW4|Q7RWW4_NEUCR	100
tr|Q7RWW8|Q7RWW8_NEUCR	tr|Q7RWW8|Q7RWW8_NEUCR	100
tr|Q7RXZ0|Q7RXZ0_NEUCR	tr|Q7RXZ0|Q7RXZ0_NEUCR	100
tr|Q7RY05|Q7RY05_NEUCR	tr|Q7RY05|Q7RY05_NEUCR	100
tr|Q7RY67|Q7RY67_NEUCR	tr|Q7RY67|Q7RY67_NEUCR	100
tr|Q7RY91|Q7RY91_NEUCR	tr|Q7RY91|Q7RY91_NEUCR	100
tr|Q7RYH5|Q7RYH5_NEUCR	tr|Q7RYH5|Q7RYH5_NEUCR	100
sp|Q7RYZ1|CAF17_NEUCR	sp|Q7RYZ1|CAF17_NEUCR	100
tr|Q7RZ79|Q7RZ79_NEUCR	tr|Q7RZ79|Q7RZ79_NEUCR	100
tr|Q7RZ96|Q7RZ96_NEUCR	tr|Q7RZ96|Q7RZ96_NEUCR	100
tr|Q7RZC2|Q7RZC2_NEUCR	tr|Q7RZC2|Q7RZC2_NEUCR	100
sp|Q7RZR2|KDSR_NEUCR	sp|Q7RZR2|KDSR_NEUCR	100
tr|Q7RZU0|Q7RZU0_NEUCR	tr|Q7RZU0|Q7RZU0_NEUCR	100
tr|Q7S057|Q7S057_NEUCR	tr|Q7S057|Q7S057_NEUCR	100
tr|Q7S075|Q7S075_NEUCR	tr|Q7S075|Q7S075_NEUCR	100
tr|Q7S0Z3|Q7S0Z3_NEUCR	tr|Q7S0Z3|Q7S0Z3_NEUCR	100
tr|Q7S1Q5|Q7S1Q5_NEUCR	tr|Q7S1Q5|Q7S1Q5_NEUCR	100
tr|Q7S1U4|Q7S1U4_NEUCR	tr|Q7S1U4|Q7S1U4_NEUCR	100
tr|Q7S227|Q7S227_NEUCR	tr|Q7S227|Q7S227_NEUCR	100
tr|Q7S2A8|Q7S2A8_NEUCR	tr|Q7S2A8|Q7S2A8_NEUCR	100
tr|Q7S2J2|Q7S2J2_NEUCR	tr|Q7S2J2|Q7S2J2_NEUCR	100
tr|Q7S2V3|Q7S2V3_NEUCR	tr|Q7S2V3|Q7S2V3_NEUCR	100
tr|Q7S2Y7|Q7S2Y7_NEUCR	tr|Q7S2Y7|Q7S2Y7_NEUCR	100
tr|Q7S3F9|Q7S3F9_NEUCR	tr|Q7S3F9|Q7S3F9_NEUCR	100
tr|Q7S447|Q7S447_NEUCR	tr|Q7S447|Q7S447_NEUCR	100
tr|Q7S4F6|Q7S4F6_NEUCR	tr|Q7S4F6|Q7S4F6_NEUCR	100
tr|Q7S4X3|Q7S4X3_NEUCR	tr|Q7S4X3|Q7S4X3_NEUCR	100
tr|Q7S507|Q7S507_NEUCR	tr|Q7S507|Q7S507_NEUCR	100
tr|Q7S542|Q7S542_NEUCR	tr|Q7S542|Q7S542_NEUCR	100
tr|Q7S5B6|Q7S5B6_NEUCR	tr|Q7S5B6|Q7S5B6_NEUCR	100
tr|Q7S790|Q7S790_NEUCR	tr|Q7S790|Q7S790_NEUCR	100
tr|Q7S7A4|Q7S7A4_NEUCR	tr|Q7S7A4|Q7S7A4_NEUCR	100
tr|Q7S811|Q7S811_NEUCR	tr|Q7S811|Q7S811_NEUCR	100
tr|Q7S827|Q7S827_NEUCR	tr|Q7S827|Q7S827_NEUCR	100
tr|Q7S872|Q7S872_NEUCR	tr|Q7S872|Q7S872_NEUCR	100
tr|Q7S895|Q7S895_NEUCR	tr|Q7S895|Q7S895_NEUCR	100
tr|Q7S8N6|Q7S8N6_NEUCR	tr|Q7S8N6|Q7S8N6_NEUCR	100
sp|Q7S8R5|MDV1_NEUCR	sp|Q7S8R5|MDV1_NEUCR	100
tr|Q7S9J9|Q7S9J9_NEUCR	tr|Q7S9J9|Q7S9J9_NEUCR	100
tr|Q7S9K5|Q7S9K5_NEUCR	tr|Q7S9K5|Q7S9K5_NEUCR	100
tr|Q7SAG7|Q7SAG7_NEUCR	tr|Q7SAG7|Q7SAG7_NEUCR	100
tr|Q7SB60|Q7SB60_NEUCR	tr|Q7SB60|Q7SB60_NEUCR	100
tr|Q7SBF3|Q7SBF3_NEUCR	tr|Q7SBF3|Q7SBF3_NEUCR	100
tr|Q7SCA5|Q7SCA5_NEUCR	tr|Q7SCA5|Q7SCA5_NEUCR	100
tr|Q7SCG1|Q7SCG1_NEUCR	tr|Q7SCG1|Q7SCG1_NEUCR	100
tr|Q7SCJ6|Q7SCJ6_NEUCR	tr|Q7SCJ6|Q7SCJ6_NEUCR	100
tr|Q7SCQ5|Q7SCQ5_NEUCR	tr|Q7SCQ5|Q7SCQ5_NEUCR	100
tr|Q7SCR8|Q7SCR8_NEUCR	tr|Q7SCR8|Q7SCR8_NEUCR	100
tr|Q7SD67|Q7SD67_NEUCR	tr|Q7SD67|Q7SD67_NEUCR	100
tr|Q7SDI7|Q7SDI7_NEUCR	tr|Q7SDI7|Q7SDI7_NEUCR	100
tr|Q7SDW3|Q7SDW3_NEUCR	tr|Q7SDW3|Q7SDW3_NEUCR	100
tr|Q7SDY9|Q7SDY9_NEUCR	tr|Q7SDY9|Q7SDY9_NEUCR	100
tr|Q7SE18|Q7SE18_NEUCR	tr|Q7SE18|Q7SE18_NEUCR	100
tr|Q7SES5|Q7SES5_NEUCR	tr|Q7SES5|Q7SES5_NEUCR	100
tr|Q7SEU7|Q7SEU7_NEUCR	tr|Q7SEU7|Q7SEU7_NEUCR	100
tr|Q7SF91|Q7SF91_NEUCR	tr|Q7SF91|Q7SF91_NEUCR	100
tr|Q7SFC3|Q7SFC3_NEUCR	tr|Q7SFC3|Q7SFC3_NEUCR	100
sp|Q7SGD2|CLF1_NEUCR	sp|Q7SGD2|CLF1_NEUCR	100
tr|Q7SGQ5|Q7SGQ5_NEUCR	tr|Q7SGQ5|Q7SGQ5_NEUCR	100
tr|Q7SH53|Q7SH53_NEUCR	tr|Q7SH53|Q7SH53_NEUCR	100
tr|Q7SH73|Q7SH73_NEUCR	tr|Q7SH73|Q7SH73_NEUCR	100
tr|Q7SHD4|Q7SHD4_NEUCR	tr|Q7SHD4|Q7SHD4_NEUCR	100
sp|Q7SI58|CSN2_NEUCR	sp|Q7SI58|CSN2_NEUCR	100
sp|Q9HFW7|GPA3_NEUCR	sp|Q9HFW7|GPA3_NEUCR	100
tr|U9W393|U9W393_NEUCR	tr|U9W393|U9W393_NEUCR	100
tr|U9W5I8|U9W5I8_NEUCR	tr|U9W5I8|U9W5I8_NEUCR	100
tr|V5IKU5|V5IKU5_NEUCR	tr|V5IKU5|V5IKU5_NEUCR	100
tr|V5ILW6|V5ILW6_NEUCR	tr|V5ILW6|V5ILW6_NEUCR	100
tr|V5ILW7|V5ILW7_NEUCR	tr|V5ILW7|V5ILW7_NEUCR	100
tr|V5ING4|V5ING4_NEUCR	tr|V5ING4|V5ING4_NEUCR	100
tr|V5IP38|V5IP38_NEUCR	tr|V5IP38|V5IP38_NEUCR	100
tr|V5IPI7|V5IPI7_NEUCR	tr|V5IPI7|V5IPI7_NEUCR	100
tr|V5IPS8|V5IPS8_NEUCR	tr|V5IPS8|V5IPS8_NEUCR	100
tr|V5IQ60|V5IQ60_NEUCR	tr|V5IQ60|V5IQ60_NEUCR	100
tr|V5IQA9|V5IQA9_NEUCR	tr|V5IQA9|V5IQA9_NEUCR	100
tr|V5IR59|V5IR59_NEUCR	tr|V5IR59|V5IR59_NEUCR	100
tr|A7UW49|A7UW49_NEUCR	tr|A7UW49|A7UW49_NEUCR	100
tr|A7UWZ9|A7UWZ9_NEUCR	tr|A7UWZ9|A7UWZ9_NEUCR	100
tr|A7UX71|A7UX71_NEUCR	tr|A7UX71|A7UX71_NEUCR	100
tr|A7UXF4|A7UXF4_NEUCR	tr|A7UXF4|A7UXF4_NEUCR	100
tr|F5HB18|F5HB18_NEUCR	tr|F5HB18|F5HB18_NEUCR	100
sp|P24918|NDUS1_NEUCR	sp|P24918|NDUS1_NEUCR	100
sp|P48479|NIM1_NEUCR	sp|P48479|NIM1_NEUCR	100
sp|Q12640|AROC_NEUCR	sp|Q12640|AROC_NEUCR	100
tr|Q1K4V9|Q1K4V9_NEUCR	tr|Q1K4V9|Q1K4V9_NEUCR	100
tr|Q1K4Y1|Q1K4Y1_NEUCR	tr|Q1K4Y1|Q1K4Y1_NEUCR	100
tr|Q1K5G9|Q1K5G9_NEUCR	tr|Q1K5G9|Q1K5G9_NEUCR	100
tr|Q1K6M3|Q1K6M3_NEUCR	tr|Q1K6M3|Q1K6M3_NEUCR	100
sp|Q1K6U7|RM20_NEUCR	sp|Q1K6U7|RM20_NEUCR	100
tr|Q1K6Z0|Q1K6Z0_NEUCR	tr|Q1K6Z0|Q1K6Z0_NEUCR	100
tr|Q1K6Z7|Q1K6Z7_NEUCR	tr|Q1K6Z7|Q1K6Z7_NEUCR	100
tr|Q1K707|Q1K707_NEUCR	tr|Q1K707|Q1K707_NEUCR	100
tr|Q1K773|Q1K773_NEUCR	tr|Q1K773|Q1K773_NEUCR	100
tr|Q1K7T7|Q1K7T7_NEUCR	tr|Q1K7T7|Q1K7T7_NEUCR	100
tr|Q1K7V8|Q1K7V8_NEUCR	tr|Q1K7V8|Q1K7V8_NEUCR	100
tr|Q1K8A2|Q1K8A2_NEUCR	tr|Q1K8A2|Q1K8A2_NEUCR	100
tr|Q1K8R3|Q1K8R3_NEUCR	tr|Q1K8R3|Q1K8R3_NEUCR	100
tr|Q1K908|Q1K908_NEUCR	tr|Q1K908|Q1K908_NEUCR	100
tr|Q1K909|Q1K909_NEUCR	tr|Q1K909|Q1K909_NEUCR	100
tr|Q1K938|Q1K938_NEUCR	tr|Q1K938|Q1K938_NEUCR	100
sp|Q7RV75|RS22_NEUCR	sp|Q7RV75|RS22_NEUCR	100
tr|Q7RWC7|Q7RWC7_NEUCR	tr|Q7RWC7|Q7RWC7_NEUCR	100
tr|Q7RWM0|Q7RWM0_NEUCR	tr|Q7RWM0|Q7RWM0_NEUCR	100
tr|Q7RWQ3|Q7RWQ3_NEUCR	tr|Q7RWQ3|Q7RWQ3_NEUCR	100
tr|Q7RWR0|Q7RWR0_NEUCR	tr|Q7RWR0|Q7RWR0_NEUCR	100
tr|Q7RWR5|Q7RWR5_NEUCR	tr|Q7RWR5|Q7RWR5_NEUCR	100
tr|Q7RWS9|Q7RWS9_NEUCR	tr|Q7RWS9|Q7RWS9_NEUCR	100
tr|Q7RX68|Q7RX68_NEUCR	tr|Q7RX68|Q7RX68_NEUCR	100
tr|Q7RXW2|Q7RXW2_NEUCR	tr|Q7RXW2|Q7RXW2_NEUCR	100
tr|Q7RY73|Q7RY73_NEUCR	tr|Q7RY73|Q7RY73_NEUCR	100
tr|Q7RZE2|Q7RZE2_NEUCR	tr|Q7RZE2|Q7RZE2_NEUCR	100
sp|Q7RZQ3|VTS1_NEUCR	sp|Q7RZQ3|VTS1_NEUCR	100
tr|Q7RZQ5|Q7RZQ5_NEUCR	tr|Q7RZQ5|Q7RZQ5_NEUCR	100
tr|Q7S0L7|Q7S0L7_NEUCR	tr|Q7S0L7|Q7S0L7_NEUCR	100
tr|Q7S0N7|Q7S0N7_NEUCR	tr|Q7S0N7|Q7S0N7_NEUCR	100
tr|Q7S0Q9|Q7S0Q9_NEUCR	tr|Q7S0Q9|Q7S0Q9_NEUCR	100
tr|Q7S1B9|Q7S1B9_NEUCR	tr|Q7S1B9|Q7S1B9_NEUCR	100
tr|Q7S280|Q7S280_NEUCR	tr|Q7S280|Q7S280_NEUCR	100
tr|Q7S2B1|Q7S2B1_NEUCR	tr|Q7S2B1|Q7S2B1_NEUCR	100
tr|Q7S2B3|Q7S2B3_NEUCR	tr|Q7S2B3|Q7S2B3_NEUCR	100
tr|Q7S2U6|Q7S2U6_NEUCR	tr|Q7S2U6|Q7S2U6_NEUCR	100
tr|Q7S388|Q7S388_NEUCR	tr|Q7S388|Q7S388_NEUCR	100
tr|Q7S3I7|Q7S3I7_NEUCR	tr|Q7S3I7|Q7S3I7_NEUCR	100
tr|Q7S3N9|Q7S3N9_NEUCR	tr|Q7S3N9|Q7S3N9_NEUCR	100
tr|Q7S3Z6|Q7S3Z6_NEUCR	tr|Q7S3Z6|Q7S3Z6_NEUCR	100
tr|Q7S4H4|Q7S4H4_NEUCR	tr|Q7S4H4|Q7S4H4_NEUCR	100
tr|Q7S530|Q7S530_NEUCR	tr|Q7S530|Q7S530_NEUCR	100
tr|Q7S5G3|Q7S5G3_NEUCR	tr|Q7S5G3|Q7S5G3_NEUCR	100
tr|Q7S5I2|Q7S5I2_NEUCR	tr|Q7S5I2|Q7S5I2_NEUCR	100
tr|Q7S5K0|Q7S5K0_NEUCR	tr|Q7S5K0|Q7S5K0_NEUCR	100
tr|Q7S5Q8|Q7S5Q8_NEUCR	tr|Q7S5Q8|Q7S5Q8_NEUCR	100
tr|Q7S5R2|Q7S5R2_NEUCR	tr|Q7S5R2|Q7S5R2_NEUCR	100
tr|Q7S670|Q7S670_NEUCR	tr|Q7S670|Q7S670_NEUCR	100
tr|Q7S6R0|Q7S6R0_NEUCR	tr|Q7S6R0|Q7S6R0_NEUCR	100
tr|Q7S6R2|Q7S6R2_NEUCR	tr|Q7S6R2|Q7S6R2_NEUCR	100
tr|Q7S6S5|Q7S6S5_NEUCR	tr|Q7S6S5|Q7S6S5_NEUCR	100
tr|Q7S836|Q7S836_NEUCR	tr|Q7S836|Q7S836_NEUCR	100
tr|Q7S9L7|Q7S9L7_NEUCR	tr|Q7S9L7|Q7S9L7_NEUCR	100
tr|Q7S9Q4|Q7S9Q4_NEUCR	tr|Q7S9Q4|Q7S9Q4_NEUCR	100
tr|Q7S9Q6|Q7S9Q6_NEUCR	tr|Q7S9Q6|Q7S9Q6_NEUCR	100
tr|Q7S9U7|Q7S9U7_NEUCR	tr|Q7S9U7|Q7S9U7_NEUCR	100
tr|Q7S9U8|Q7S9U8_NEUCR	tr|Q7S9U8|Q7S9U8_NEUCR	100
tr|Q7SA25|Q7SA25_NEUCR	tr|Q7SA25|Q7SA25_NEUCR	100
tr|Q7SA57|Q7SA57_NEUCR	tr|Q7SA57|Q7SA57_NEUCR	100
tr|Q7SAJ2|Q7SAJ2_NEUCR	tr|Q7SAJ2|Q7SAJ2_NEUCR	100
tr|Q7SB12|Q7SB12_NEUCR	tr|Q7SB12|Q7SB12_NEUCR	100
tr|Q7SBV0|Q7SBV0_NEUCR	tr|Q7SBV0|Q7SBV0_NEUCR	100
tr|Q7SC08|Q7SC08_NEUCR	tr|Q7SC08|Q7SC08_NEUCR	100
tr|Q7SC23|Q7SC23_NEUCR	tr|Q7SC23|Q7SC23_NEUCR	100
tr|Q7SCH4|Q7SCH4_NEUCR	tr|Q7SCH4|Q7SCH4_NEUCR	100
tr|Q7SCM5|Q7SCM5_NEUCR	tr|Q7SCM5|Q7SCM5_NEUCR	100
tr|Q7SCQ2|Q7SCQ2_NEUCR	tr|Q7SCQ2|Q7SCQ2_NEUCR	100
tr|Q7SD20|Q7SD20_NEUCR	tr|Q7SD20|Q7SD20_NEUCR	100
tr|Q7SDV2|Q7SDV2_NEUCR	tr|Q7SDV2|Q7SDV2_NEUCR	100
tr|Q7SFX3|Q7SFX3_NEUCR	tr|Q7SFX3|Q7SFX3_NEUCR	100
tr|Q7SGI8|Q7SGI8_NEUCR	tr|Q7SGI8|Q7SGI8_NEUCR	100
tr|Q7SH29|Q7SH29_NEUCR	tr|Q7SH29|Q7SH29_NEUCR	100
tr|Q7SH78|Q7SH78_NEUCR	tr|Q7SH78|Q7SH78_NEUCR	100
tr|Q7SHA2|Q7SHA2_NEUCR	tr|Q7SHA2|Q7SHA2_NEUCR	100
tr|Q7SHX9|Q7SHX9_NEUCR	tr|Q7SHX9|Q7SHX9_NEUCR	100
tr|Q7SI32|Q7SI32_NEUCR	tr|Q7SI32|Q7SI32_NEUCR	100
tr|U9W7Y6|U9W7Y6_NEUCR	tr|U9W7Y6|U9W7Y6_NEUCR	100
tr|U9W8B8|U9W8B8_NEUCR	tr|U9W8B8|U9W8B8_NEUCR	100
tr|V5IKP7|V5IKP7_NEUCR	tr|V5IKP7|V5IKP7_NEUCR	100
tr|V5IKQ9|V5IKQ9_NEUCR	tr|V5IKQ9|V5IKQ9_NEUCR	100
tr|V5ILD5|V5ILD5_NEUCR	tr|V5ILD5|V5ILD5_NEUCR	100
tr|V5ILF0|V5ILF0_NEUCR	tr|V5ILF0|V5ILF0_NEUCR	100
tr|V5ILG9|V5ILG9_NEUCR	tr|V5ILG9|V5ILG9_NEUCR	100
sp|V5ILS6|GLG_NEUCR	sp|V5ILS6|GLG_NEUCR	100
tr|V5ILU9|V5ILU9_NEUCR	tr|V5ILU9|V5ILU9_NEUCR	100
tr|V5IMD9|V5IMD9_NEUCR	tr|V5IMD9|V5IMD9_NEUCR	100
tr|V5IML0|V5IML0_NEUCR	tr|V5IML0|V5IML0_NEUCR	100
tr|V5IMP3|V5IMP3_NEUCR	tr|V5IMP3|V5IMP3_NEUCR	100
tr|V5IMV9|V5IMV9_NEUCR	tr|V5IMV9|V5IMV9_NEUCR	100
tr|V5INZ3|V5INZ3_NEUCR	tr|V5INZ3|V5INZ3_NEUCR	100
tr|V5IP35|V5IP35_NEUCR	tr|V5IP35|V5IP35_NEUCR	100
tr|A7UVX8|A7UVX8_NEUCR	tr|A7UVX8|A7UVX8_NEUCR	100
tr|A7UWB7|A7UWB7_NEUCR	tr|A7UWB7|A7UWB7_NEUCR	100
tr|A7UX39|A7UX39_NEUCR	tr|A7UX39|A7UX39_NEUCR	100
tr|A7UXG4|A7UXG4_NEUCR	tr|A7UXG4|A7UXG4_NEUCR	100
tr|F5H9X4|F5H9X4_NEUCR	tr|F5H9X4|F5H9X4_NEUCR	100
tr|F5HCY3|F5HCY3_NEUCR	tr|F5HCY3|F5HCY3_NEUCR	100
tr|F5HH60|F5HH60_NEUCR	tr|F5HH60|F5HH60_NEUCR	100
sp|P07041|H3_NEUCR	sp|P07041|H3_NEUCR	100
sp|P11636|QAY_NEUCR	sp|P11636|QAY_NEUCR	100
sp|P20080|FKB1A_NEUCR	sp|P20080|FKB1A_NEUCR	100
sp|P33288|RAD18_NEUCR	sp|P33288|RAD18_NEUCR	100
sp|Q10115|MATC_NEUCR	sp|Q10115|MATC_NEUCR	100
tr|Q1K4R5|Q1K4R5_NEUCR	tr|Q1K4R5|Q1K4R5_NEUCR	100
tr|Q1K4Z2|Q1K4Z2_NEUCR	tr|Q1K4Z2|Q1K4Z2_NEUCR	100
tr|Q1K4Z8|Q1K4Z8_NEUCR	tr|Q1K4Z8|Q1K4Z8_NEUCR	100
tr|Q1K4Z9|Q1K4Z9_NEUCR	tr|Q1K4Z9|Q1K4Z9_NEUCR	100
tr|Q1K511|Q1K511_NEUCR	tr|Q1K511|Q1K511_NEUCR	100
tr|Q1K5P6|Q1K5P6_NEUCR	tr|Q1K5P6|Q1K5P6_NEUCR	100
tr|Q1K7N1|Q1K7N1_NEUCR	tr|Q1K7N1|Q1K7N1_NEUCR	100
tr|Q1K894|Q1K894_NEUCR	tr|Q1K894|Q1K894_NEUCR	100
tr|Q1K8J0|Q1K8J0_NEUCR	tr|Q1K8J0|Q1K8J0_NEUCR	100
tr|Q1K8J1|Q1K8J1_NEUCR	tr|Q1K8J1|Q1K8J1_NEUCR	100
tr|Q1K8J8|Q1K8J8_NEUCR	tr|Q1K8J8|Q1K8J8_NEUCR	100
tr|Q1K910|Q1K910_NEUCR	tr|Q1K910|Q1K910_NEUCR	100
tr|Q1K911|Q1K911_NEUCR	tr|Q1K911|Q1K911_NEUCR	100
tr|Q7RUQ4|Q7RUQ4_NEUCR	tr|Q7RUQ4|Q7RUQ4_NEUCR	100
tr|Q7RWX4|Q7RWX4_NEUCR	tr|Q7RWX4|Q7RWX4_NEUCR	100
tr|Q7RX95|Q7RX95_NEUCR	tr|Q7RX95|Q7RX95_NEUCR	100
tr|Q7RXA3|Q7RXA3_NEUCR	tr|Q7RXA3|Q7RXA3_NEUCR	100
tr|Q7RXH2|Q7RXH2_NEUCR	tr|Q7RXH2|Q7RXH2_NEUCR	100
tr|Q7RYU1|Q7RYU1_NEUCR	tr|Q7RYU1|Q7RYU1_NEUCR	100
tr|Q7RYX0|Q7RYX0_NEUCR	tr|Q7RYX0|Q7RYX0_NEUCR	100
tr|Q7RZ12|Q7RZ12_NEUCR	tr|Q7RZ12|Q7RZ12_NEUCR	100
tr|Q7S015|Q7S015_NEUCR	tr|Q7S015|Q7S015_NEUCR	100
tr|Q7S051|Q7S051_NEUCR	tr|Q7S051|Q7S051_NEUCR	100
tr|Q7S0U6|Q7S0U6_NEUCR	tr|Q7S0U6|Q7S0U6_NEUCR	100
tr|Q7S0W3|Q7S0W3_NEUCR	tr|Q7S0W3|Q7S0W3_NEUCR	100
tr|Q7S109|Q7S109_NEUCR	tr|Q7S109|Q7S109_NEUCR	100
tr|Q7S161|Q7S161_NEUCR	tr|Q7S161|Q7S161_NEUCR	100
tr|Q7S1I9|Q7S1I9_NEUCR	tr|Q7S1I9|Q7S1I9_NEUCR	100
tr|Q7S1T9|Q7S1T9_NEUCR	tr|Q7S1T9|Q7S1T9_NEUCR	100
tr|Q7S203|Q7S203_NEUCR	tr|Q7S203|Q7S203_NEUCR	100
tr|Q7S220|Q7S220_NEUCR	tr|Q7S220|Q7S220_NEUCR	100
tr|Q7S228|Q7S228_NEUCR	tr|Q7S228|Q7S228_NEUCR	100
tr|Q7S2L5|Q7S2L5_NEUCR	tr|Q7S2L5|Q7S2L5_NEUCR	100
tr|Q7S2V5|Q7S2V5_NEUCR	tr|Q7S2V5|Q7S2V5_NEUCR	100
tr|Q7S2Y9|Q7S2Y9_NEUCR	tr|Q7S2Y9|Q7S2Y9_NEUCR	100
tr|Q7S376|Q7S376_NEUCR	tr|Q7S376|Q7S376_NEUCR	100
tr|Q7S3J6|Q7S3J6_NEUCR	tr|Q7S3J6|Q7S3J6_NEUCR	100
tr|Q7S3P8|Q7S3P8_NEUCR	tr|Q7S3P8|Q7S3P8_NEUCR	100
tr|Q7S3U1|Q7S3U1_NEUCR	tr|Q7S3U1|Q7S3U1_NEUCR	100
tr|Q7S404|Q7S404_NEUCR	tr|Q7S404|Q7S404_NEUCR	100
tr|Q7S4B1|Q7S4B1_NEUCR	tr|Q7S4B1|Q7S4B1_NEUCR	100
tr|Q7S4Z0|Q7S4Z0_NEUCR	tr|Q7S4Z0|Q7S4Z0_NEUCR	100
tr|Q7S526|Q7S526_NEUCR	tr|Q7S526|Q7S526_NEUCR	100
tr|Q7S5L4|Q7S5L4_NEUCR	tr|Q7S5L4|Q7S5L4_NEUCR	100
tr|Q7S5Y2|Q7S5Y2_NEUCR	tr|Q7S5Y2|Q7S5Y2_NEUCR	100
tr|Q7S6D6|Q7S6D6_NEUCR	tr|Q7S6D6|Q7S6D6_NEUCR	100
tr|Q7S704|Q7S704_NEUCR	tr|Q7S704|Q7S704_NEUCR	100
tr|Q7S759|Q7S759_NEUCR	tr|Q7S759|Q7S759_NEUCR	100
tr|Q7S7G5|Q7S7G5_NEUCR	tr|Q7S7G5|Q7S7G5_NEUCR	100
tr|Q7S7K5|Q7S7K5_NEUCR	tr|Q7S7K5|Q7S7K5_NEUCR	100
tr|Q7S8A5|Q7S8A5_NEUCR	tr|Q7S8A5|Q7S8A5_NEUCR	100
tr|Q7S8R4|Q7S8R4_NEUCR	tr|Q7S8R4|Q7S8R4_NEUCR	100
tr|Q7S8T4|Q7S8T4_NEUCR	tr|Q7S8T4|Q7S8T4_NEUCR	100
tr|Q7S9E1|Q7S9E1_NEUCR	tr|Q7S9E1|Q7S9E1_NEUCR	100
tr|Q7S9E6|Q7S9E6_NEUCR	tr|Q7S9E6|Q7S9E6_NEUCR	100
tr|Q7S9G7|Q7S9G7_NEUCR	tr|Q7S9G7|Q7S9G7_NEUCR	100
tr|Q7SB39|Q7SB39_NEUCR	tr|Q7SB39|Q7SB39_NEUCR	100
tr|Q7SBE4|Q7SBE4_NEUCR	tr|Q7SBE4|Q7SBE4_NEUCR	100
tr|Q7SC95|Q7SC95_NEUCR	tr|Q7SC95|Q7SC95_NEUCR	100
tr|Q7SCU7|Q7SCU7_NEUCR	tr|Q7SCU7|Q7SCU7_NEUCR	100
tr|Q7SDB2|Q7SDB2_NEUCR	tr|Q7SDB2|Q7SDB2_NEUCR	100
tr|Q7SEY8|Q7SEY8_NEUCR	tr|Q7SEY8|Q7SEY8_NEUCR	100
tr|Q7SF54|Q7SF54_NEUCR	tr|Q7SF54|Q7SF54_NEUCR	100
tr|Q7SGA4|Q7SGA4_NEUCR	tr|Q7SGA4|Q7SGA4_NEUCR	100
tr|Q7SH15|Q7SH15_NEUCR	tr|Q7SH15|Q7SH15_NEUCR	100
tr|Q7SH70|Q7SH70_NEUCR	tr|Q7SH70|Q7SH70_NEUCR	100
tr|Q7SHC7|Q7SHC7_NEUCR	tr|Q7SHC7|Q7SHC7_NEUCR	100
tr|Q7SHL9|Q7SHL9_NEUCR	tr|Q7SHL9|Q7SHL9_NEUCR	100
tr|Q7SHZ0|Q7SHZ0_NEUCR	tr|Q7SHZ0|Q7SHZ0_NEUCR	100
tr|Q7SI48|Q7SI48_NEUCR	tr|Q7SI48|Q7SI48_NEUCR	100
tr|Q7SI55|Q7SI55_NEUCR	tr|Q7SI55|Q7SI55_NEUCR	100
sp|Q9C1K6|PDX1_NEUCR	sp|Q9C1K6|PDX1_NEUCR	100
tr|U9W323|U9W323_NEUCR	tr|U9W323|U9W323_NEUCR	100
tr|U9W8A6|U9W8A6_NEUCR	tr|U9W8A6|U9W8A6_NEUCR	100
tr|V5IL80|V5IL80_NEUCR	tr|V5IL80|V5IL80_NEUCR	100
tr|V5IL89|V5IL89_NEUCR	tr|V5IL89|V5IL89_NEUCR	100
tr|V5ILA2|V5ILA2_NEUCR	tr|V5ILA2|V5ILA2_NEUCR	100
tr|V5ILY0|V5ILY0_NEUCR	tr|V5ILY0|V5ILY0_NEUCR	100
tr|V5IMD3|V5IMD3_NEUCR	tr|V5IMD3|V5IMD3_NEUCR	100
tr|V5IML1|V5IML1_NEUCR	tr|V5IML1|V5IML1_NEUCR	100
tr|V5IMM0|V5IMM0_NEUCR	tr|V5IMM0|V5IMM0_NEUCR	100
tr|V5IN82|V5IN82_NEUCR	tr|V5IN82|V5IN82_NEUCR	100
tr|V5IPR9|V5IPR9_NEUCR	tr|V5IPR9|V5IPR9_NEUCR	100
tr|V5IQ27|V5IQ27_NEUCR	tr|V5IQ27|V5IQ27_NEUCR	100
tr|V5IQK4|V5IQK4_NEUCR	tr|V5IQK4|V5IQK4_NEUCR	100
tr|V5IQN2|V5IQN2_NEUCR	tr|V5IQN2|V5IQN2_NEUCR	100
tr|V5IQT0|V5IQT0_NEUCR	tr|V5IQT0|V5IQT0_NEUCR	100
tr|V5IRB5|V5IRB5_NEUCR	tr|V5IRB5|V5IRB5_NEUCR	100
tr|A7UWJ8|A7UWJ8_NEUCR	tr|A7UWJ8|A7UWJ8_NEUCR	100
tr|A7UXB9|A7UXB9_NEUCR	tr|A7UXB9|A7UXB9_NEUCR	100
sp|A7UXE4|LSM6_NEUCR	sp|A7UXE4|LSM6_NEUCR	100
tr|F5H9G9|F5H9G9_NEUCR	tr|F5H9G9|F5H9G9_NEUCR	100
tr|F5HG24|F5HG24_NEUCR	tr|F5HG24|F5HG24_NEUCR	100
sp|P22572|CARA_NEUCR	sp|P22572|CARA_NEUCR	100
tr|Q1K4S0|Q1K4S0_NEUCR	tr|Q1K4S0|Q1K4S0_NEUCR	100
tr|Q1K5E9|Q1K5E9_NEUCR	tr|Q1K5E9|Q1K5E9_NEUCR	100
tr|Q1K5S6|Q1K5S6_NEUCR	tr|Q1K5S6|Q1K5S6_NEUCR	100
tr|Q1K5U4|Q1K5U4_NEUCR	tr|Q1K5U4|Q1K5U4_NEUCR	100
tr|Q1K6D4|Q1K6D4_NEUCR	tr|Q1K6D4|Q1K6D4_NEUCR	100
tr|Q1K708|Q1K708_NEUCR	tr|Q1K708|Q1K708_NEUCR	100
tr|Q1K7I6|Q1K7I6_NEUCR	tr|Q1K7I6|Q1K7I6_NEUCR	100
tr|Q1K7S0|Q1K7S0_NEUCR	tr|Q1K7S0|Q1K7S0_NEUCR	100
tr|Q1K7V7|Q1K7V7_NEUCR	tr|Q1K7V7|Q1K7V7_NEUCR	100
tr|Q1K8L2|Q1K8L2_NEUCR	tr|Q1K8L2|Q1K8L2_NEUCR	100
tr|Q1K8M8|Q1K8M8_NEUCR	tr|Q1K8M8|Q1K8M8_NEUCR	100
tr|Q7RVR0|Q7RVR0_NEUCR	tr|Q7RVR0|Q7RVR0_NEUCR	100
sp|Q7RWM9|SWF1_NEUCR	sp|Q7RWM9|SWF1_NEUCR	100
tr|Q7RXQ0|Q7RXQ0_NEUCR	tr|Q7RXQ0|Q7RXQ0_NEUCR	100
tr|Q7RYF8|Q7RYF8_NEUCR	tr|Q7RYF8|Q7RYF8_NEUCR	100
tr|Q7RYJ3|Q7RYJ3_NEUCR	tr|Q7RYJ3|Q7RYJ3_NEUCR	100
tr|Q7RYT4|Q7RYT4_NEUCR	tr|Q7RYT4|Q7RYT4_NEUCR	100
tr|Q7RYT7|Q7RYT7_NEUCR	tr|Q7RYT7|Q7RYT7_NEUCR	100
tr|Q7RYU4|Q7RYU4_NEUCR	tr|Q7RYU4|Q7RYU4_NEUCR	100
tr|Q7RYZ8|Q7RYZ8_NEUCR	tr|Q7RYZ8|Q7RYZ8_NEUCR	100
tr|Q7RZ26|Q7RZ26_NEUCR	tr|Q7RZ26|Q7RZ26_NEUCR	100
tr|Q7RZ32|Q7RZ32_NEUCR	tr|Q7RZ32|Q7RZ32_NEUCR	100
tr|Q7RZ45|Q7RZ45_NEUCR	tr|Q7RZ45|Q7RZ45_NEUCR	100
tr|Q7RZI3|Q7RZI3_NEUCR	tr|Q7RZI3|Q7RZI3_NEUCR	100
sp|Q7RZT9|ATM_NEUCR	sp|Q7RZT9|ATM_NEUCR	100
tr|Q7RZU1|Q7RZU1_NEUCR	tr|Q7RZU1|Q7RZU1_NEUCR	100
tr|Q7S0A6|Q7S0A6_NEUCR	tr|Q7S0A6|Q7S0A6_NEUCR	100
tr|Q7S0R2|Q7S0R2_NEUCR	tr|Q7S0R2|Q7S0R2_NEUCR	100
tr|Q7S113|Q7S113_NEUCR	tr|Q7S113|Q7S113_NEUCR	100
tr|Q7S1S2|Q7S1S2_NEUCR	tr|Q7S1S2|Q7S1S2_NEUCR	100
tr|Q7S1S7|Q7S1S7_NEUCR	tr|Q7S1S7|Q7S1S7_NEUCR	100
tr|Q7S1Y1|Q7S1Y1_NEUCR	tr|Q7S1Y1|Q7S1Y1_NEUCR	100
tr|Q7S3K3|Q7S3K3_NEUCR	tr|Q7S3K3|Q7S3K3_NEUCR	100
tr|Q7S3X3|Q7S3X3_NEUCR	tr|Q7S3X3|Q7S3X3_NEUCR	100
tr|Q7S4L4|Q7S4L4_NEUCR	tr|Q7S4L4|Q7S4L4_NEUCR	100
tr|Q7S4P4|Q7S4P4_NEUCR	tr|Q7S4P4|Q7S4P4_NEUCR	100
tr|Q7S4Y2|Q7S4Y2_NEUCR	tr|Q7S4Y2|Q7S4Y2_NEUCR	100
tr|Q7S5C7|Q7S5C7_NEUCR	tr|Q7S5C7|Q7S5C7_NEUCR	100
tr|Q7S5G1|Q7S5G1_NEUCR	tr|Q7S5G1|Q7S5G1_NEUCR	100
tr|Q7S5J7|Q7S5J7_NEUCR	tr|Q7S5J7|Q7S5J7_NEUCR	100
tr|Q7S5X5|Q7S5X5_NEUCR	tr|Q7S5X5|Q7S5X5_NEUCR	100
tr|Q7S637|Q7S637_NEUCR	tr|Q7S637|Q7S637_NEUCR	100
tr|Q7S6G4|Q7S6G4_NEUCR	tr|Q7S6G4|Q7S6G4_NEUCR	100
tr|Q7S6N2|Q7S6N2_NEUCR	tr|Q7S6N2|Q7S6N2_NEUCR	100
tr|Q7S6Q4|Q7S6Q4_NEUCR	tr|Q7S6Q4|Q7S6Q4_NEUCR	100
tr|Q7S7M7|Q7S7M7_NEUCR	tr|Q7S7M7|Q7S7M7_NEUCR	100
tr|Q7S7S4|Q7S7S4_NEUCR	tr|Q7S7S4|Q7S7S4_NEUCR	100
tr|Q7S826|Q7S826_NEUCR	tr|Q7S826|Q7S826_NEUCR	100
tr|Q7S830|Q7S830_NEUCR	tr|Q7S830|Q7S830_NEUCR	100
tr|Q7S8G1|Q7S8G1_NEUCR	tr|Q7S8G1|Q7S8G1_NEUCR	100
tr|Q7S8N0|Q7S8N0_NEUCR	tr|Q7S8N0|Q7S8N0_NEUCR	100
tr|Q7S940|Q7S940_NEUCR	tr|Q7S940|Q7S940_NEUCR	100
tr|Q7S9G8|Q7S9G8_NEUCR	tr|Q7S9G8|Q7S9G8_NEUCR	100
tr|Q7S9R3|Q7S9R3_NEUCR	tr|Q7S9R3|Q7S9R3_NEUCR	100
tr|Q7S9X1|Q7S9X1_NEUCR	tr|Q7S9X1|Q7S9X1_NEUCR	100
tr|Q7SA51|Q7SA51_NEUCR	tr|Q7SA51|Q7SA51_NEUCR	100
tr|Q7SAN5|Q7SAN5_NEUCR	tr|Q7SAN5|Q7SAN5_NEUCR	100
tr|Q7SAU0|Q7SAU0_NEUCR	tr|Q7SAU0|Q7SAU0_NEUCR	100
tr|Q7SAV6|Q7SAV6_NEUCR	tr|Q7SAV6|Q7SAV6_NEUCR	100
tr|Q7SBA6|Q7SBA6_NEUCR	tr|Q7SBA6|Q7SBA6_NEUCR	100
tr|Q7SBA8|Q7SBA8_NEUCR	tr|Q7SBA8|Q7SBA8_NEUCR	100
tr|Q7SBI2|Q7SBI2_NEUCR	tr|Q7SBI2|Q7SBI2_NEUCR	100
tr|Q7SBL8|Q7SBL8_NEUCR	tr|Q7SBL8|Q7SBL8_NEUCR	100
tr|Q7SBP5|Q7SBP5_NEUCR	tr|Q7SBP5|Q7SBP5_NEUCR	100
tr|Q7SC03|Q7SC03_NEUCR	tr|Q7SC03|Q7SC03_NEUCR	100
tr|Q7SCJ1|Q7SCJ1_NEUCR	tr|Q7SCJ1|Q7SCJ1_NEUCR	100
tr|Q7SCM6|Q7SCM6_NEUCR	tr|Q7SCM6|Q7SCM6_NEUCR	100
tr|Q7SCM7|Q7SCM7_NEUCR	tr|Q7SCM7|Q7SCM7_NEUCR	100
tr|Q7SCV5|Q7SCV5_NEUCR	tr|Q7SCV5|Q7SCV5_NEUCR	100
tr|Q7SD71|Q7SD71_NEUCR	tr|Q7SD71|Q7SD71_NEUCR	100
tr|Q7SDQ0|Q7SDQ0_NEUCR	tr|Q7SDQ0|Q7SDQ0_NEUCR	100
tr|Q7SDQ6|Q7SDQ6_NEUCR	tr|Q7SDQ6|Q7SDQ6_NEUCR	100
sp|Q7SDY2|ATG3_NEUCR	sp|Q7SDY2|ATG3_NEUCR	100
tr|Q7SES8|Q7SES8_NEUCR	tr|Q7SES8|Q7SES8_NEUCR	100
tr|Q7SEX8|Q7SEX8_NEUCR	tr|Q7SEX8|Q7SEX8_NEUCR	100
tr|Q7SF76|Q7SF76_NEUCR	tr|Q7SF76|Q7SF76_NEUCR	100
tr|Q7SFE9|Q7SFE9_NEUCR	tr|Q7SFE9|Q7SFE9_NEUCR	100
tr|Q7SFJ2|Q7SFJ2_NEUCR	tr|Q7SFJ2|Q7SFJ2_NEUCR	100
tr|Q7SFQ5|Q7SFQ5_NEUCR	tr|Q7SFQ5|Q7SFQ5_NEUCR	100
tr|Q7SFU6|Q7SFU6_NEUCR	tr|Q7SFU6|Q7SFU6_NEUCR	100
tr|Q7SH39|Q7SH39_NEUCR	tr|Q7SH39|Q7SH39_NEUCR	100
tr|Q7SH74|Q7SH74_NEUCR	tr|Q7SH74|Q7SH74_NEUCR	100
sp|Q870W0|SC61A_NEUCR	sp|Q870W0|SC61A_NEUCR	100
sp|Q8X066|NOP58_NEUCR	sp|Q8X066|NOP58_NEUCR	100
sp|Q9Y783|SODM_NEUCR	sp|Q9Y783|SODM_NEUCR	100
tr|V5IKW8|V5IKW8_NEUCR	tr|V5IKW8|V5IKW8_NEUCR	100
tr|V5ILG0|V5ILG0_NEUCR	tr|V5ILG0|V5ILG0_NEUCR	100
tr|V5ILW4|V5ILW4_NEUCR	tr|V5ILW4|V5ILW4_NEUCR	100
tr|V5INT2|V5INT2_NEUCR	tr|V5INT2|V5INT2_NEUCR	100
tr|V5INW8|V5INW8_NEUCR	tr|V5INW8|V5INW8_NEUCR	100
tr|V5IPX6|V5IPX6_NEUCR	tr|V5IPX6|V5IPX6_NEUCR	100
tr|V5IQZ2|V5IQZ2_NEUCR	tr|V5IQZ2|V5IQZ2_NEUCR	100
tr|V5IR25|V5IR25_NEUCR	tr|V5IR25|V5IR25_NEUCR	100
tr|V5IRI9|V5IRI9_NEUCR	tr|V5IRI9|V5IRI9_NEUCR	100
tr|A3RNH3|A3RNH3_NEUCR	tr|A3RNH3|A3RNH3_NEUCR	100
tr|A7UW17|A7UW17_NEUCR	tr|A7UW17|A7UW17_NEUCR	100
tr|A7UWC7|A7UWC7_NEUCR	tr|A7UWC7|A7UWC7_NEUCR	100
tr|A7UWM5|A7UWM5_NEUCR	tr|A7UWM5|A7UWM5_NEUCR	100
tr|A7UWX7|A7UWX7_NEUCR	tr|A7UWX7|A7UWX7_NEUCR	100
tr|A7UX61|A7UX61_NEUCR	tr|A7UX61|A7UX61_NEUCR	100
tr|A7UXE8|A7UXE8_NEUCR	tr|A7UXE8|A7UXE8_NEUCR	100
tr|A7UXF3|A7UXF3_NEUCR	tr|A7UXF3|A7UXF3_NEUCR	100
tr|F5HBC9|F5HBC9_NEUCR	tr|F5HBC9|F5HBC9_NEUCR	100
tr|F5HCL2|F5HCL2_NEUCR	tr|F5HCL2|F5HCL2_NEUCR	100
tr|M1RFS7|M1RFS7_NEUCR	tr|M1RFS7|M1RFS7_NEUCR	100
sp|P07056|UCRI_NEUCR	sp|P07056|UCRI_NEUCR	100
sp|P0C582|M2OM_NEUCR	sp|P0C582|M2OM_NEUCR	100
sp|P21334|CRTI_NEUCR	sp|P21334|CRTI_NEUCR	100
sp|P37210|H2B_NEUCR	sp|P37210|H2B_NEUCR	100
sp|P38667|PGK_NEUCR	sp|P38667|PGK_NEUCR	100
tr|Q1K4P6|Q1K4P6_NEUCR	tr|Q1K4P6|Q1K4P6_NEUCR	100
tr|Q1K547|Q1K547_NEUCR	tr|Q1K547|Q1K547_NEUCR	100
tr|Q1K5P2|Q1K5P2_NEUCR	tr|Q1K5P2|Q1K5P2_NEUCR	100
tr|Q1K647|Q1K647_NEUCR	tr|Q1K647|Q1K647_NEUCR	100
tr|Q1K6G9|Q1K6G9_NEUCR	tr|Q1K6G9|Q1K6G9_NEUCR	100
tr|Q1K7A6|Q1K7A6_NEUCR	tr|Q1K7A6|Q1K7A6_NEUCR	100
tr|Q1K7C4|Q1K7C4_NEUCR	tr|Q1K7C4|Q1K7C4_NEUCR	100
tr|Q1K7H0|Q1K7H0_NEUCR	tr|Q1K7H0|Q1K7H0_NEUCR	100
tr|Q1K7K2|Q1K7K2_NEUCR	tr|Q1K7K2|Q1K7K2_NEUCR	100
tr|Q1K8G6|Q1K8G6_NEUCR	tr|Q1K8G6|Q1K8G6_NEUCR	100
tr|Q7RVY0|Q7RVY0_NEUCR	tr|Q7RVY0|Q7RVY0_NEUCR	100
tr|Q7RXT4|Q7RXT4_NEUCR	tr|Q7RXT4|Q7RXT4_NEUCR	100
tr|Q7RXZ5|Q7RXZ5_NEUCR	tr|Q7RXZ5|Q7RXZ5_NEUCR	100
tr|Q7RXZ6|Q7RXZ6_NEUCR	tr|Q7RXZ6|Q7RXZ6_NEUCR	100
tr|Q7RXZ8|Q7RXZ8_NEUCR	tr|Q7RXZ8|Q7RXZ8_NEUCR	100
tr|Q7RYC3|Q7RYC3_NEUCR	tr|Q7RYC3|Q7RYC3_NEUCR	100
tr|Q7RZ80|Q7RZ80_NEUCR	tr|Q7RZ80|Q7RZ80_NEUCR	100
tr|Q7RZD5|Q7RZD5_NEUCR	tr|Q7RZD5|Q7RZD5_NEUCR	100
tr|Q7RZG9|Q7RZG9_NEUCR	tr|Q7RZG9|Q7RZG9_NEUCR	100
sp|Q7RZK5|SYF2_NEUCR	sp|Q7RZK5|SYF2_NEUCR	100
tr|Q7RZM2|Q7RZM2_NEUCR	tr|Q7RZM2|Q7RZM2_NEUCR	100
tr|Q7RZX3|Q7RZX3_NEUCR	tr|Q7RZX3|Q7RZX3_NEUCR	100
tr|Q7S0R6|Q7S0R6_NEUCR	tr|Q7S0R6|Q7S0R6_NEUCR	100
tr|Q7S204|Q7S204_NEUCR	tr|Q7S204|Q7S204_NEUCR	100
tr|Q7S2Q6|Q7S2Q6_NEUCR	tr|Q7S2Q6|Q7S2Q6_NEUCR	100
tr|Q7S3J0|Q7S3J0_NEUCR	tr|Q7S3J0|Q7S3J0_NEUCR	100
tr|Q7S3N0|Q7S3N0_NEUCR	tr|Q7S3N0|Q7S3N0_NEUCR	100
tr|Q7S463|Q7S463_NEUCR	tr|Q7S463|Q7S463_NEUCR	100
tr|Q7S5F5|Q7S5F5_NEUCR	tr|Q7S5F5|Q7S5F5_NEUCR	100
tr|Q7S5S3|Q7S5S3_NEUCR	tr|Q7S5S3|Q7S5S3_NEUCR	100
tr|Q7S6D3|Q7S6D3_NEUCR	tr|Q7S6D3|Q7S6D3_NEUCR	100
tr|Q7S6F2|Q7S6F2_NEUCR	tr|Q7S6F2|Q7S6F2_NEUCR	100
tr|Q7S6M6|Q7S6M6_NEUCR	tr|Q7S6M6|Q7S6M6_NEUCR	100
tr|Q7S772|Q7S772_NEUCR	tr|Q7S772|Q7S772_NEUCR	100
tr|Q7S7M6|Q7S7M6_NEUCR	tr|Q7S7M6|Q7S7M6_NEUCR	100
tr|Q7S815|Q7S815_NEUCR	tr|Q7S815|Q7S815_NEUCR	100
tr|Q7S8P2|Q7S8P2_NEUCR	tr|Q7S8P2|Q7S8P2_NEUCR	100
tr|Q7S8T9|Q7S8T9_NEUCR	tr|Q7S8T9|Q7S8T9_NEUCR	100
tr|Q7S9B3|Q7S9B3_NEUCR	tr|Q7S9B3|Q7S9B3_NEUCR	100
tr|Q7S9M2|Q7S9M2_NEUCR	tr|Q7S9M2|Q7S9M2_NEUCR	100
tr|Q7S9S6|Q7S9S6_NEUCR	tr|Q7S9S6|Q7S9S6_NEUCR	100
tr|Q7S9Z2|Q7S9Z2_NEUCR	tr|Q7S9Z2|Q7S9Z2_NEUCR	100
tr|Q7S9Z7|Q7S9Z7_NEUCR	tr|Q7S9Z7|Q7S9Z7_NEUCR	100
tr|Q7SA92|Q7SA92_NEUCR	tr|Q7SA92|Q7SA92_NEUCR	100
tr|Q7SAB9|Q7SAB9_NEUCR	tr|Q7SAB9|Q7SAB9_NEUCR	100
tr|Q7SAN2|Q7SAN2_NEUCR	tr|Q7SAN2|Q7SAN2_NEUCR	100
tr|Q7SAR7|Q7SAR7_NEUCR	tr|Q7SAR7|Q7SAR7_NEUCR	100
tr|Q7SBF2|Q7SBF2_NEUCR	tr|Q7SBF2|Q7SBF2_NEUCR	100
tr|Q7SC65|Q7SC65_NEUCR	tr|Q7SC65|Q7SC65_NEUCR	100
tr|Q7SCF1|Q7SCF1_NEUCR	tr|Q7SCF1|Q7SCF1_NEUCR	100
tr|Q7SD15|Q7SD15_NEUCR	tr|Q7SD15|Q7SD15_NEUCR	100
tr|Q7SD97|Q7SD97_NEUCR	tr|Q7SD97|Q7SD97_NEUCR	100
tr|Q7SDA1|Q7SDA1_NEUCR	tr|Q7SDA1|Q7SDA1_NEUCR	100
tr|Q7SDC0|Q7SDC0_NEUCR	tr|Q7SDC0|Q7SDC0_NEUCR	100
tr|Q7SDH4|Q7SDH4_NEUCR	tr|Q7SDH4|Q7SDH4_NEUCR	100
tr|Q7SDJ2|Q7SDJ2_NEUCR	tr|Q7SDJ2|Q7SDJ2_NEUCR	100
sp|Q7SDN3|LMBD1_NEUCR	sp|Q7SDN3|LMBD1_NEUCR	100
tr|Q7SDS1|Q7SDS1_NEUCR	tr|Q7SDS1|Q7SDS1_NEUCR	100
tr|Q7SEW6|Q7SEW6_NEUCR	tr|Q7SEW6|Q7SEW6_NEUCR	100
tr|Q7SF25|Q7SF25_NEUCR	tr|Q7SF25|Q7SF25_NEUCR	100
tr|Q7SFC0|Q7SFC0_NEUCR	tr|Q7SFC0|Q7SFC0_NEUCR	100
tr|Q7SFL8|Q7SFL8_NEUCR	tr|Q7SFL8|Q7SFL8_NEUCR	100
tr|Q7SFM7|Q7SFM7_NEUCR	tr|Q7SFM7|Q7SFM7_NEUCR	100
tr|Q7SG33|Q7SG33_NEUCR	tr|Q7SG33|Q7SG33_NEUCR	100
tr|Q7SG70|Q7SG70_NEUCR	tr|Q7SG70|Q7SG70_NEUCR	100
tr|Q7SGN0|Q7SGN0_NEUCR	tr|Q7SGN0|Q7SGN0_NEUCR	100
tr|Q7SGR0|Q7SGR0_NEUCR	tr|Q7SGR0|Q7SGR0_NEUCR	100
sp|Q7SH49|NPL4_NEUCR	sp|Q7SH49|NPL4_NEUCR	100
tr|Q7SHS6|Q7SHS6_NEUCR	tr|Q7SHS6|Q7SHS6_NEUCR	100
tr|Q7SHU0|Q7SHU0_NEUCR	tr|Q7SHU0|Q7SHU0_NEUCR	100
tr|Q7SI25|Q7SI25_NEUCR	tr|Q7SI25|Q7SI25_NEUCR	100
tr|U9W4K9|U9W4K9_NEUCR	tr|U9W4K9|U9W4K9_NEUCR	100
tr|U9W558|U9W558_NEUCR	tr|U9W558|U9W558_NEUCR	100
tr|U9W5J2|U9W5J2_NEUCR	tr|U9W5J2|U9W5J2_NEUCR	100
tr|U9WH41|U9WH41_NEUCR	tr|U9WH41|U9WH41_NEUCR	100
tr|V5ILA1|V5ILA1_NEUCR	tr|V5ILA1|V5ILA1_NEUCR	100
tr|V5ILE7|V5ILE7_NEUCR	tr|V5ILE7|V5ILE7_NEUCR	100
tr|V5ILL7|V5ILL7_NEUCR	tr|V5ILL7|V5ILL7_NEUCR	100
sp|V5IMN1|RL4P_NEUCR	sp|V5IMN1|RL4P_NEUCR	100
tr|V5IMQ2|V5IMQ2_NEUCR	tr|V5IMQ2|V5IMQ2_NEUCR	100
tr|V5IQ52|V5IQ52_NEUCR	tr|V5IQ52|V5IQ52_NEUCR	100
tr|V5IR87|V5IR87_NEUCR	tr|V5IR87|V5IR87_NEUCR	100
tr|V5IR91|V5IR91_NEUCR	tr|V5IR91|V5IR91_NEUCR	100
tr|V5IRA5|V5IRA5_NEUCR	tr|V5IRA5|V5IRA5_NEUCR	100
tr|A7UW85|A7UW85_NEUCR	tr|A7UW85|A7UW85_NEUCR	100
tr|A7UWK7|A7UWK7_NEUCR	tr|A7UWK7|A7UWK7_NEUCR	100
tr|A7UWT6|A7UWT6_NEUCR	tr|A7UWT6|A7UWT6_NEUCR	100
tr|A7UXG9|A7UXG9_NEUCR	tr|A7UXG9|A7UXG9_NEUCR	100
tr|F5HAB1|F5HAB1_NEUCR	tr|F5HAB1|F5HAB1_NEUCR	100
sp|F5HAU9|TRM5_NEUCR	sp|F5HAU9|TRM5_NEUCR	100
sp|P20285|ODP2_NEUCR	sp|P20285|ODP2_NEUCR	100
tr|Q1K4M4|Q1K4M4_NEUCR	tr|Q1K4M4|Q1K4M4_NEUCR	100
tr|Q1K574|Q1K574_NEUCR	tr|Q1K574|Q1K574_NEUCR	100
tr|Q1K5F8|Q1K5F8_NEUCR	tr|Q1K5F8|Q1K5F8_NEUCR	100
tr|Q1K5I5|Q1K5I5_NEUCR	tr|Q1K5I5|Q1K5I5_NEUCR	100
tr|Q1K5M2|Q1K5M2_NEUCR	tr|Q1K5M2|Q1K5M2_NEUCR	100
tr|Q1K5Q8|Q1K5Q8_NEUCR	tr|Q1K5Q8|Q1K5Q8_NEUCR	100
tr|Q1K5Z8|Q1K5Z8_NEUCR	tr|Q1K5Z8|Q1K5Z8_NEUCR	100
tr|Q1K660|Q1K660_NEUCR	tr|Q1K660|Q1K660_NEUCR	100
tr|Q1K6M8|Q1K6M8_NEUCR	tr|Q1K6M8|Q1K6M8_NEUCR	100
tr|Q1K7J9|Q1K7J9_NEUCR	tr|Q1K7J9|Q1K7J9_NEUCR	100
tr|Q1K7N0|Q1K7N0_NEUCR	tr|Q1K7N0|Q1K7N0_NEUCR	100
tr|Q1K7R9|Q1K7R9_NEUCR	tr|Q1K7R9|Q1K7R9_NEUCR	100
tr|Q1K890|Q1K890_NEUCR	tr|Q1K890|Q1K890_NEUCR	100
tr|Q1K8B4|Q1K8B4_NEUCR	tr|Q1K8B4|Q1K8B4_NEUCR	100
tr|Q1K8U4|Q1K8U4_NEUCR	tr|Q1K8U4|Q1K8U4_NEUCR	100
tr|Q7RV26|Q7RV26_NEUCR	tr|Q7RV26|Q7RV26_NEUCR	100
tr|Q7RWV5|Q7RWV5_NEUCR	tr|Q7RWV5|Q7RWV5_NEUCR	100
tr|Q7RX43|Q7RX43_NEUCR	tr|Q7RX43|Q7RX43_NEUCR	100
tr|Q7RXH1|Q7RXH1_NEUCR	tr|Q7RXH1|Q7RXH1_NEUCR	100
tr|Q7RYE0|Q7RYE0_NEUCR	tr|Q7RYE0|Q7RYE0_NEUCR	100
tr|Q7RZF1|Q7RZF1_NEUCR	tr|Q7RZF1|Q7RZF1_NEUCR	100
tr|Q7RZI4|Q7RZI4_NEUCR	tr|Q7RZI4|Q7RZI4_NEUCR	100
sp|Q7RZJ2|VPS27_NEUCR	sp|Q7RZJ2|VPS27_NEUCR	100
tr|Q7S0G5|Q7S0G5_NEUCR	tr|Q7S0G5|Q7S0G5_NEUCR	100
tr|Q7S0P0|Q7S0P0_NEUCR	tr|Q7S0P0|Q7S0P0_NEUCR	100
tr|Q7S0Q5|Q7S0Q5_NEUCR	tr|Q7S0Q5|Q7S0Q5_NEUCR	100
tr|Q7S105|Q7S105_NEUCR	tr|Q7S105|Q7S105_NEUCR	100
tr|Q7S106|Q7S106_NEUCR	tr|Q7S106|Q7S106_NEUCR	100
tr|Q7S1P7|Q7S1P7_NEUCR	tr|Q7S1P7|Q7S1P7_NEUCR	100
tr|Q7S1Q8|Q7S1Q8_NEUCR	tr|Q7S1Q8|Q7S1Q8_NEUCR	100
tr|Q7S1Y4|Q7S1Y4_NEUCR	tr|Q7S1Y4|Q7S1Y4_NEUCR	100
tr|Q7S278|Q7S278_NEUCR	tr|Q7S278|Q7S278_NEUCR	100
tr|Q7S2C1|Q7S2C1_NEUCR	tr|Q7S2C1|Q7S2C1_NEUCR	100
tr|Q7S2Y1|Q7S2Y1_NEUCR	tr|Q7S2Y1|Q7S2Y1_NEUCR	100
tr|Q7S348|Q7S348_NEUCR	tr|Q7S348|Q7S348_NEUCR	100
tr|Q7S3H0|Q7S3H0_NEUCR	tr|Q7S3H0|Q7S3H0_NEUCR	100
tr|Q7S3R2|Q7S3R2_NEUCR	tr|Q7S3R2|Q7S3R2_NEUCR	100
tr|Q7S4G6|Q7S4G6_NEUCR	tr|Q7S4G6|Q7S4G6_NEUCR	100
tr|Q7S4N2|Q7S4N2_NEUCR	tr|Q7S4N2|Q7S4N2_NEUCR	100
tr|Q7S4U0|Q7S4U0_NEUCR	tr|Q7S4U0|Q7S4U0_NEUCR	100
sp|Q7S5M7|COX9_NEUCR	sp|Q7S5M7|COX9_NEUCR	100
sp|Q7S5W9|PLMT_NEUCR	sp|Q7S5W9|PLMT_NEUCR	100
tr|Q7S6E6|Q7S6E6_NEUCR	tr|Q7S6E6|Q7S6E6_NEUCR	100
tr|Q7S6K3|Q7S6K3_NEUCR	tr|Q7S6K3|Q7S6K3_NEUCR	100
tr|Q7S6W2|Q7S6W2_NEUCR	tr|Q7S6W2|Q7S6W2_NEUCR	100
tr|Q7S6Z4|Q7S6Z4_NEUCR	tr|Q7S6Z4|Q7S6Z4_NEUCR	100
tr|Q7S7C8|Q7S7C8_NEUCR	tr|Q7S7C8|Q7S7C8_NEUCR	100
tr|Q7S7H9|Q7S7H9_NEUCR	tr|Q7S7H9|Q7S7H9_NEUCR	100
sp|Q7S7R6|RT09_NEUCR	sp|Q7S7R6|RT09_NEUCR	100
tr|Q7S851|Q7S851_NEUCR	tr|Q7S851|Q7S851_NEUCR	100
tr|Q7S9C9|Q7S9C9_NEUCR	tr|Q7S9C9|Q7S9C9_NEUCR	100
tr|Q7S9E9|Q7S9E9_NEUCR	tr|Q7S9E9|Q7S9E9_NEUCR	100
tr|Q7S9H2|Q7S9H2_NEUCR	tr|Q7S9H2|Q7S9H2_NEUCR	100
tr|Q7S9T2|Q7S9T2_NEUCR	tr|Q7S9T2|Q7S9T2_NEUCR	100
tr|Q7SBD3|Q7SBD3_NEUCR	tr|Q7SBD3|Q7SBD3_NEUCR	100
tr|Q7SBK7|Q7SBK7_NEUCR	tr|Q7SBK7|Q7SBK7_NEUCR	100
tr|Q7SBR2|Q7SBR2_NEUCR	tr|Q7SBR2|Q7SBR2_NEUCR	100
tr|Q7SBT2|Q7SBT2_NEUCR	tr|Q7SBT2|Q7SBT2_NEUCR	100
tr|Q7SCW7|Q7SCW7_NEUCR	tr|Q7SCW7|Q7SCW7_NEUCR	100
tr|Q7SD30|Q7SD30_NEUCR	tr|Q7SD30|Q7SD30_NEUCR	100
tr|Q7SE19|Q7SE19_NEUCR	tr|Q7SE19|Q7SE19_NEUCR	100
tr|Q7SE52|Q7SE52_NEUCR	tr|Q7SE52|Q7SE52_NEUCR	100
tr|Q7SEC0|Q7SEC0_NEUCR	tr|Q7SEC0|Q7SEC0_NEUCR	100
tr|Q7SEI4|Q7SEI4_NEUCR	tr|Q7SEI4|Q7SEI4_NEUCR	100
tr|Q7SEI6|Q7SEI6_NEUCR	tr|Q7SEI6|Q7SEI6_NEUCR	100
tr|Q7SF04|Q7SF04_NEUCR	tr|Q7SF04|Q7SF04_NEUCR	100
tr|Q7SG27|Q7SG27_NEUCR	tr|Q7SG27|Q7SG27_NEUCR	100
tr|Q7SG40|Q7SG40_NEUCR	tr|Q7SG40|Q7SG40_NEUCR	100
tr|Q7SGJ1|Q7SGJ1_NEUCR	tr|Q7SGJ1|Q7SGJ1_NEUCR	100
tr|Q7SH87|Q7SH87_NEUCR	tr|Q7SH87|Q7SH87_NEUCR	100
tr|Q7SHJ4|Q7SHJ4_NEUCR	tr|Q7SHJ4|Q7SHJ4_NEUCR	100
tr|Q7SHM7|Q7SHM7_NEUCR	tr|Q7SHM7|Q7SHM7_NEUCR	100
sp|Q8TG13|CSK2A_NEUCR	sp|Q8TG13|CSK2A_NEUCR	100
sp|Q9HE76|KAD2_NEUCR	sp|Q9HE76|KAD2_NEUCR	100
sp|Q9P601|MOB1_NEUCR	sp|Q9P601|MOB1_NEUCR	100
sp|Q9P749|UTP25_NEUCR	sp|Q9P749|UTP25_NEUCR	100
tr|U9W570|U9W570_NEUCR	tr|U9W570|U9W570_NEUCR	100
tr|V5IKK1|V5IKK1_NEUCR	tr|V5IKK1|V5IKK1_NEUCR	100
tr|V5ILA9|V5ILA9_NEUCR	tr|V5ILA9|V5ILA9_NEUCR	100
tr|V5ILH0|V5ILH0_NEUCR	tr|V5ILH0|V5ILH0_NEUCR	100
tr|V5ILQ0|V5ILQ0_NEUCR	tr|V5ILQ0|V5ILQ0_NEUCR	100
tr|V5ILU2|V5ILU2_NEUCR	tr|V5ILU2|V5ILU2_NEUCR	100
tr|V5IM23|V5IM23_NEUCR	tr|V5IM23|V5IM23_NEUCR	100
tr|V5IMH7|V5IMH7_NEUCR	tr|V5IMH7|V5IMH7_NEUCR	100
tr|V5IMZ2|V5IMZ2_NEUCR	tr|V5IMZ2|V5IMZ2_NEUCR	100
tr|V5IN60|V5IN60_NEUCR	tr|V5IN60|V5IN60_NEUCR	100
tr|V5INF3|V5INF3_NEUCR	tr|V5INF3|V5INF3_NEUCR	100
tr|V5ING9|V5ING9_NEUCR	tr|V5ING9|V5ING9_NEUCR	100
tr|V5IPM4|V5IPM4_NEUCR	tr|V5IPM4|V5IPM4_NEUCR	100
tr|V5IQN8|V5IQN8_NEUCR	tr|V5IQN8|V5IQN8_NEUCR	100
tr|V5IR97|V5IR97_NEUCR	tr|V5IR97|V5IR97_NEUCR	100
tr|V5IRQ7|V5IRQ7_NEUCR	tr|V5IRQ7|V5IRQ7_NEUCR	100
tr|V5IRQ9|V5IRQ9_NEUCR	tr|V5IRQ9|V5IRQ9_NEUCR	100
tr|A7UVX1|A7UVX1_NEUCR	tr|A7UVX1|A7UVX1_NEUCR	100
tr|A7UWG6|A7UWG6_NEUCR	tr|A7UWG6|A7UWG6_NEUCR	100
tr|A7UWR7|A7UWR7_NEUCR	tr|A7UWR7|A7UWR7_NEUCR	100
tr|A7UXA0|A7UXA0_NEUCR	tr|A7UXA0|A7UXA0_NEUCR	100
tr|A7UXH9|A7UXH9_NEUCR	tr|A7UXH9|A7UXH9_NEUCR	100
sp|P08580|RT16_NEUCR	sp|P08580|RT16_NEUCR	100
sp|P23622|CYS14_NEUCR	sp|P23622|CYS14_NEUCR	100
sp|P27770|RS17_NEUCR	sp|P27770|RS17_NEUCR	100
sp|P78714|WC2_NEUCR	sp|P78714|WC2_NEUCR	100
sp|Q01284|2NPD_NEUCR	sp|Q01284|2NPD_NEUCR	100
tr|Q1K4R8|Q1K4R8_NEUCR	tr|Q1K4R8|Q1K4R8_NEUCR	100
tr|Q1K4W2|Q1K4W2_NEUCR	tr|Q1K4W2|Q1K4W2_NEUCR	100
tr|Q1K586|Q1K586_NEUCR	tr|Q1K586|Q1K586_NEUCR	100
tr|Q1K5L4|Q1K5L4_NEUCR	tr|Q1K5L4|Q1K5L4_NEUCR	100
tr|Q1K5X7|Q1K5X7_NEUCR	tr|Q1K5X7|Q1K5X7_NEUCR	100
tr|Q1K606|Q1K606_NEUCR	tr|Q1K606|Q1K606_NEUCR	100
tr|Q1K671|Q1K671_NEUCR	tr|Q1K671|Q1K671_NEUCR	100
tr|Q1K6D7|Q1K6D7_NEUCR	tr|Q1K6D7|Q1K6D7_NEUCR	100
tr|Q1K6J7|Q1K6J7_NEUCR	tr|Q1K6J7|Q1K6J7_NEUCR	100
tr|Q1K6K1|Q1K6K1_NEUCR	tr|Q1K6K1|Q1K6K1_NEUCR	100
tr|Q1K6L3|Q1K6L3_NEUCR	tr|Q1K6L3|Q1K6L3_NEUCR	100
tr|Q1K6Q9|Q1K6Q9_NEUCR	tr|Q1K6Q9|Q1K6Q9_NEUCR	100
tr|Q1K6R5|Q1K6R5_NEUCR	tr|Q1K6R5|Q1K6R5_NEUCR	100
tr|Q1K6X7|Q1K6X7_NEUCR	tr|Q1K6X7|Q1K6X7_NEUCR	100
tr|Q1K748|Q1K748_NEUCR	tr|Q1K748|Q1K748_NEUCR	100
tr|Q1K779|Q1K779_NEUCR	tr|Q1K779|Q1K779_NEUCR	100
tr|Q1K7V2|Q1K7V2_NEUCR	tr|Q1K7V2|Q1K7V2_NEUCR	100
tr|Q1K8U3|Q1K8U3_NEUCR	tr|Q1K8U3|Q1K8U3_NEUCR	100
tr|Q1K927|Q1K927_NEUCR	tr|Q1K927|Q1K927_NEUCR	100
tr|Q7RV21|Q7RV21_NEUCR	tr|Q7RV21|Q7RV21_NEUCR	100
tr|Q7RVS3|Q7RVS3_NEUCR	tr|Q7RVS3|Q7RVS3_NEUCR	100
tr|Q7RWE7|Q7RWE7_NEUCR	tr|Q7RWE7|Q7RWE7_NEUCR	100
tr|Q7RWW5|Q7RWW5_NEUCR	tr|Q7RWW5|Q7RWW5_NEUCR	100
tr|Q7RX54|Q7RX54_NEUCR	tr|Q7RX54|Q7RX54_NEUCR	100
tr|Q7RXC7|Q7RXC7_NEUCR	tr|Q7RXC7|Q7RXC7_NEUCR	100
tr|Q7RYA8|Q7RYA8_NEUCR	tr|Q7RYA8|Q7RYA8_NEUCR	100
tr|Q7RZ14|Q7RZ14_NEUCR	tr|Q7RZ14|Q7RZ14_NEUCR	100
tr|Q7RZ86|Q7RZ86_NEUCR	tr|Q7RZ86|Q7RZ86_NEUCR	100
tr|Q7RZZ0|Q7RZZ0_NEUCR	tr|Q7RZZ0|Q7RZZ0_NEUCR	100
tr|Q7S069|Q7S069_NEUCR	tr|Q7S069|Q7S069_NEUCR	100
tr|Q7S0A5|Q7S0A5_NEUCR	tr|Q7S0A5|Q7S0A5_NEUCR	100
tr|Q7S0K6|Q7S0K6_NEUCR	tr|Q7S0K6|Q7S0K6_NEUCR	100
tr|Q7S0W1|Q7S0W1_NEUCR	tr|Q7S0W1|Q7S0W1_NEUCR	100
tr|Q7S190|Q7S190_NEUCR	tr|Q7S190|Q7S190_NEUCR	100
tr|Q7S195|Q7S195_NEUCR	tr|Q7S195|Q7S195_NEUCR	100
tr|Q7S1N0|Q7S1N0_NEUCR	tr|Q7S1N0|Q7S1N0_NEUCR	100
tr|Q7S2P8|Q7S2P8_NEUCR	tr|Q7S2P8|Q7S2P8_NEUCR	100
sp|Q7S2Y8|DML1_NEUCR	sp|Q7S2Y8|DML1_NEUCR	100
tr|Q7S3K8|Q7S3K8_NEUCR	tr|Q7S3K8|Q7S3K8_NEUCR	100
tr|Q7S3Q4|Q7S3Q4_NEUCR	tr|Q7S3Q4|Q7S3Q4_NEUCR	100
tr|Q7S3T2|Q7S3T2_NEUCR	tr|Q7S3T2|Q7S3T2_NEUCR	100
tr|Q7S3U0|Q7S3U0_NEUCR	tr|Q7S3U0|Q7S3U0_NEUCR	100
tr|Q7S407|Q7S407_NEUCR	tr|Q7S407|Q7S407_NEUCR	100
tr|Q7S409|Q7S409_NEUCR	tr|Q7S409|Q7S409_NEUCR	100
tr|Q7S450|Q7S450_NEUCR	tr|Q7S450|Q7S450_NEUCR	100
tr|Q7S4L1|Q7S4L1_NEUCR	tr|Q7S4L1|Q7S4L1_NEUCR	100
tr|Q7S4W8|Q7S4W8_NEUCR	tr|Q7S4W8|Q7S4W8_NEUCR	100
tr|Q7S549|Q7S549_NEUCR	tr|Q7S549|Q7S549_NEUCR	100
tr|Q7S555|Q7S555_NEUCR	tr|Q7S555|Q7S555_NEUCR	100
tr|Q7S5L3|Q7S5L3_NEUCR	tr|Q7S5L3|Q7S5L3_NEUCR	100
tr|Q7S5Y9|Q7S5Y9_NEUCR	tr|Q7S5Y9|Q7S5Y9_NEUCR	100
tr|Q7S6G2|Q7S6G2_NEUCR	tr|Q7S6G2|Q7S6G2_NEUCR	100
tr|Q7S6K9|Q7S6K9_NEUCR	tr|Q7S6K9|Q7S6K9_NEUCR	100
tr|Q7S6M0|Q7S6M0_NEUCR	tr|Q7S6M0|Q7S6M0_NEUCR	100
tr|Q7S6V7|Q7S6V7_NEUCR	tr|Q7S6V7|Q7S6V7_NEUCR	100
tr|Q7S6Z2|Q7S6Z2_NEUCR	tr|Q7S6Z2|Q7S6Z2_NEUCR	100
tr|Q7S7K9|Q7S7K9_NEUCR	tr|Q7S7K9|Q7S7K9_NEUCR	100
tr|Q7S7T0|Q7S7T0_NEUCR	tr|Q7S7T0|Q7S7T0_NEUCR	100
tr|Q7S8G9|Q7S8G9_NEUCR	tr|Q7S8G9|Q7S8G9_NEUCR	100
tr|Q7S9Y2|Q7S9Y2_NEUCR	tr|Q7S9Y2|Q7S9Y2_NEUCR	100
tr|Q7SA10|Q7SA10_NEUCR	tr|Q7SA10|Q7SA10_NEUCR	100
tr|Q7SAI3|Q7SAI3_NEUCR	tr|Q7SAI3|Q7SAI3_NEUCR	100
tr|Q7SBA5|Q7SBA5_NEUCR	tr|Q7SBA5|Q7SBA5_NEUCR	100
tr|Q7SBA9|Q7SBA9_NEUCR	tr|Q7SBA9|Q7SBA9_NEUCR	100
tr|Q7SBI9|Q7SBI9_NEUCR	tr|Q7SBI9|Q7SBI9_NEUCR	100
sp|Q7SBR3|TIM13_NEUCR	sp|Q7SBR3|TIM13_NEUCR	100
tr|Q7SBR5|Q7SBR5_NEUCR	tr|Q7SBR5|Q7SBR5_NEUCR	100
tr|Q7SCL7|Q7SCL7_NEUCR	tr|Q7SCL7|Q7SCL7_NEUCR	100
tr|Q7SDJ1|Q7SDJ1_NEUCR	tr|Q7SDJ1|Q7SDJ1_NEUCR	100
tr|Q7SDV3|Q7SDV3_NEUCR	tr|Q7SDV3|Q7SDV3_NEUCR	100
tr|Q7SF03|Q7SF03_NEUCR	tr|Q7SF03|Q7SF03_NEUCR	100
sp|Q7SFD8|MIC60_NEUCR	sp|Q7SFD8|MIC60_NEUCR	100
tr|Q7SGV6|Q7SGV6_NEUCR	tr|Q7SGV6|Q7SGV6_NEUCR	100
tr|Q7SH75|Q7SH75_NEUCR	tr|Q7SH75|Q7SH75_NEUCR	100
tr|Q7SHE4|Q7SHE4_NEUCR	tr|Q7SHE4|Q7SHE4_NEUCR	100
tr|Q7SHW3|Q7SHW3_NEUCR	tr|Q7SHW3|Q7SHW3_NEUCR	100
sp|Q8WZS3|RUVB1_NEUCR	sp|Q8WZS3|RUVB1_NEUCR	100
sp|Q8X0X2|DBP5_NEUCR	sp|Q8X0X2|DBP5_NEUCR	100
tr|U9W307|U9W307_NEUCR	tr|U9W307|U9W307_NEUCR	100
tr|U9W4Q2|U9W4Q2_NEUCR	tr|U9W4Q2|U9W4Q2_NEUCR	100
tr|V5IKC7|V5IKC7_NEUCR	tr|V5IKC7|V5IKC7_NEUCR	100
tr|V5IKT2|V5IKT2_NEUCR	tr|V5IKT2|V5IKT2_NEUCR	100
tr|V5ILY7|V5ILY7_NEUCR	tr|V5ILY7|V5ILY7_NEUCR	100
tr|V5IMC0|V5IMC0_NEUCR	tr|V5IMC0|V5IMC0_NEUCR	100
tr|V5INU2|V5INU2_NEUCR	tr|V5INU2|V5INU2_NEUCR	100
tr|V5INY4|V5INY4_NEUCR	tr|V5INY4|V5INY4_NEUCR	100
tr|V5IP49|V5IP49_NEUCR	tr|V5IP49|V5IP49_NEUCR	100
tr|V5IQJ6|V5IQJ6_NEUCR	tr|V5IQJ6|V5IQJ6_NEUCR	100
tr|V5IRH5|V5IRH5_NEUCR	tr|V5IRH5|V5IRH5_NEUCR	100
tr|V5IRQ5|V5IRQ5_NEUCR	tr|V5IRQ5|V5IRQ5_NEUCR	100
tr|A7UVS4|A7UVS4_NEUCR	tr|A7UVS4|A7UVS4_NEUCR	100
tr|F5HCU3|F5HCU3_NEUCR	tr|F5HCU3|F5HCU3_NEUCR	100
tr|F5HD25|F5HD25_NEUCR	tr|F5HD25|F5HD25_NEUCR	100
sp|P06811|LAC1_NEUCR	sp|P06811|LAC1_NEUCR	100
sp|P28349|NIT4_NEUCR	sp|P28349|NIT4_NEUCR	100
sp|P59671|RL3_NEUCR	sp|P59671|RL3_NEUCR	100
tr|Q1K4P0|Q1K4P0_NEUCR	tr|Q1K4P0|Q1K4P0_NEUCR	100
tr|Q1K5R6|Q1K5R6_NEUCR	tr|Q1K5R6|Q1K5R6_NEUCR	100
tr|Q1K640|Q1K640_NEUCR	tr|Q1K640|Q1K640_NEUCR	100
tr|Q1K6G2|Q1K6G2_NEUCR	tr|Q1K6G2|Q1K6G2_NEUCR	100
tr|Q1K6M0|Q1K6M0_NEUCR	tr|Q1K6M0|Q1K6M0_NEUCR	100
tr|Q1K7Y8|Q1K7Y8_NEUCR	tr|Q1K7Y8|Q1K7Y8_NEUCR	100
tr|Q1K800|Q1K800_NEUCR	tr|Q1K800|Q1K800_NEUCR	100
tr|Q1K8K5|Q1K8K5_NEUCR	tr|Q1K8K5|Q1K8K5_NEUCR	100
tr|Q1K8S4|Q1K8S4_NEUCR	tr|Q1K8S4|Q1K8S4_NEUCR	100
tr|Q1K8S6|Q1K8S6_NEUCR	tr|Q1K8S6|Q1K8S6_NEUCR	100
tr|Q1K8Z2|Q1K8Z2_NEUCR	tr|Q1K8Z2|Q1K8Z2_NEUCR	100
tr|Q1K933|Q1K933_NEUCR	tr|Q1K933|Q1K933_NEUCR	100
tr|Q7RVS7|Q7RVS7_NEUCR	tr|Q7RVS7|Q7RVS7_NEUCR	100
tr|Q7RWE2|Q7RWE2_NEUCR	tr|Q7RWE2|Q7RWE2_NEUCR	100
tr|Q7RWI8|Q7RWI8_NEUCR	tr|Q7RWI8|Q7RWI8_NEUCR	100
tr|Q7RX05|Q7RX05_NEUCR	tr|Q7RX05|Q7RX05_NEUCR	100
tr|Q7RX26|Q7RX26_NEUCR	tr|Q7RX26|Q7RX26_NEUCR	100
tr|Q7RX57|Q7RX57_NEUCR	tr|Q7RX57|Q7RX57_NEUCR	100
tr|Q7RXH6|Q7RXH6_NEUCR	tr|Q7RXH6|Q7RXH6_NEUCR	100
tr|Q7RY10|Q7RY10_NEUCR	tr|Q7RY10|Q7RY10_NEUCR	100
tr|Q7RYG9|Q7RYG9_NEUCR	tr|Q7RYG9|Q7RYG9_NEUCR	100
tr|Q7RZ17|Q7RZ17_NEUCR	tr|Q7RZ17|Q7RZ17_NEUCR	100
sp|Q7RZ62|RM11_NEUCR	sp|Q7RZ62|RM11_NEUCR	100
tr|Q7RZA1|Q7RZA1_NEUCR	tr|Q7RZA1|Q7RZA1_NEUCR	100
tr|Q7RZI5|Q7RZI5_NEUCR	tr|Q7RZI5|Q7RZI5_NEUCR	100
tr|Q7RZJ3|Q7RZJ3_NEUCR	tr|Q7RZJ3|Q7RZJ3_NEUCR	100
sp|Q7RZP7|PALB_NEUCR	sp|Q7RZP7|PALB_NEUCR	100
tr|Q7RZT5|Q7RZT5_NEUCR	tr|Q7RZT5|Q7RZT5_NEUCR	100
tr|Q7S092|Q7S092_NEUCR	tr|Q7S092|Q7S092_NEUCR	100
tr|Q7S0E1|Q7S0E1_NEUCR	tr|Q7S0E1|Q7S0E1_NEUCR	100
tr|Q7S0X3|Q7S0X3_NEUCR	tr|Q7S0X3|Q7S0X3_NEUCR	100
tr|Q7S1A8|Q7S1A8_NEUCR	tr|Q7S1A8|Q7S1A8_NEUCR	100
tr|Q7S1E1|Q7S1E1_NEUCR	tr|Q7S1E1|Q7S1E1_NEUCR	100
tr|Q7S1P6|Q7S1P6_NEUCR	tr|Q7S1P6|Q7S1P6_NEUCR	100
tr|Q7S1Q7|Q7S1Q7_NEUCR	tr|Q7S1Q7|Q7S1Q7_NEUCR	100
tr|Q7S2K7|Q7S2K7_NEUCR	tr|Q7S2K7|Q7S2K7_NEUCR	100
tr|Q7S335|Q7S335_NEUCR	tr|Q7S335|Q7S335_NEUCR	100
tr|Q7S378|Q7S378_NEUCR	tr|Q7S378|Q7S378_NEUCR	100
tr|Q7S3S3|Q7S3S3_NEUCR	tr|Q7S3S3|Q7S3S3_NEUCR	100
tr|Q7S3V4|Q7S3V4_NEUCR	tr|Q7S3V4|Q7S3V4_NEUCR	100
tr|Q7S4S3|Q7S4S3_NEUCR	tr|Q7S4S3|Q7S4S3_NEUCR	100
sp|Q7S518|IMG2_NEUCR	sp|Q7S518|IMG2_NEUCR	100
tr|Q7S523|Q7S523_NEUCR	tr|Q7S523|Q7S523_NEUCR	100
tr|Q7S5C9|Q7S5C9_NEUCR	tr|Q7S5C9|Q7S5C9_NEUCR	100
tr|Q7S5E5|Q7S5E5_NEUCR	tr|Q7S5E5|Q7S5E5_NEUCR	100
tr|Q7S5L6|Q7S5L6_NEUCR	tr|Q7S5L6|Q7S5L6_NEUCR	100
sp|Q7S604|PURA_NEUCR	sp|Q7S604|PURA_NEUCR	100
tr|Q7S6G8|Q7S6G8_NEUCR	tr|Q7S6G8|Q7S6G8_NEUCR	100
tr|Q7S722|Q7S722_NEUCR	tr|Q7S722|Q7S722_NEUCR	100
tr|Q7S736|Q7S736_NEUCR	tr|Q7S736|Q7S736_NEUCR	100
tr|Q7S7L0|Q7S7L0_NEUCR	tr|Q7S7L0|Q7S7L0_NEUCR	100
tr|Q7S846|Q7S846_NEUCR	tr|Q7S846|Q7S846_NEUCR	100
tr|Q7S8B0|Q7S8B0_NEUCR	tr|Q7S8B0|Q7S8B0_NEUCR	100
tr|Q7S920|Q7S920_NEUCR	tr|Q7S920|Q7S920_NEUCR	100
tr|Q7S9F2|Q7S9F2_NEUCR	tr|Q7S9F2|Q7S9F2_NEUCR	100
sp|Q7S9P4|RU2A_NEUCR	sp|Q7S9P4|RU2A_NEUCR	100
tr|Q7SAB3|Q7SAB3_NEUCR	tr|Q7SAB3|Q7SAB3_NEUCR	100
tr|Q7SAB4|Q7SAB4_NEUCR	tr|Q7SAB4|Q7SAB4_NEUCR	100
tr|Q7SAE9|Q7SAE9_NEUCR	tr|Q7SAE9|Q7SAE9_NEUCR	100
tr|Q7SAR0|Q7SAR0_NEUCR	tr|Q7SAR0|Q7SAR0_NEUCR	100
tr|Q7SAX7|Q7SAX7_NEUCR	tr|Q7SAX7|Q7SAX7_NEUCR	100
tr|Q7SB00|Q7SB00_NEUCR	tr|Q7SB00|Q7SB00_NEUCR	100
tr|Q7SCK2|Q7SCK2_NEUCR	tr|Q7SCK2|Q7SCK2_NEUCR	100
tr|Q7SCQ6|Q7SCQ6_NEUCR	tr|Q7SCQ6|Q7SCQ6_NEUCR	100
tr|Q7SD40|Q7SD40_NEUCR	tr|Q7SD40|Q7SD40_NEUCR	100
tr|Q7SD66|Q7SD66_NEUCR	tr|Q7SD66|Q7SD66_NEUCR	100
tr|Q7SDG6|Q7SDG6_NEUCR	tr|Q7SDG6|Q7SDG6_NEUCR	100
tr|Q7SDJ3|Q7SDJ3_NEUCR	tr|Q7SDJ3|Q7SDJ3_NEUCR	100
tr|Q7SDK7|Q7SDK7_NEUCR	tr|Q7SDK7|Q7SDK7_NEUCR	100
tr|Q7SDW8|Q7SDW8_NEUCR	tr|Q7SDW8|Q7SDW8_NEUCR	100
sp|Q7SEZ6|MDM12_NEUCR	sp|Q7SEZ6|MDM12_NEUCR	100
tr|Q7SF60|Q7SF60_NEUCR	tr|Q7SF60|Q7SF60_NEUCR	100
tr|Q7SFC4|Q7SFC4_NEUCR	tr|Q7SFC4|Q7SFC4_NEUCR	100
tr|Q7SFG1|Q7SFG1_NEUCR	tr|Q7SFG1|Q7SFG1_NEUCR	100
tr|Q7SFH0|Q7SFH0_NEUCR	tr|Q7SFH0|Q7SFH0_NEUCR	100
tr|Q7SFU3|Q7SFU3_NEUCR	tr|Q7SFU3|Q7SFU3_NEUCR	100
tr|Q7SFZ8|Q7SFZ8_NEUCR	tr|Q7SFZ8|Q7SFZ8_NEUCR	100
tr|Q7SGI6|Q7SGI6_NEUCR	tr|Q7SGI6|Q7SGI6_NEUCR	100
tr|Q7SGZ2|Q7SGZ2_NEUCR	tr|Q7SGZ2|Q7SGZ2_NEUCR	100
tr|Q7SH63|Q7SH63_NEUCR	tr|Q7SH63|Q7SH63_NEUCR	100
tr|Q7SHY5|Q7SHY5_NEUCR	tr|Q7SHY5|Q7SHY5_NEUCR	100
sp|Q9HED8|MED6_NEUCR	sp|Q9HED8|MED6_NEUCR	100
sp|Q9HGI2|RAD52_NEUCR	sp|Q9HGI2|RAD52_NEUCR	100
sp|Q9P5L0|CYB5_NEUCR	sp|Q9P5L0|CYB5_NEUCR	100
sp|Q9P5U4|GRPE_NEUCR	sp|Q9P5U4|GRPE_NEUCR	100
tr|U9W339|U9W339_NEUCR	tr|U9W339|U9W339_NEUCR	100
tr|V5IL34|V5IL34_NEUCR	tr|V5IL34|V5IL34_NEUCR	100
tr|V5ILC0|V5ILC0_NEUCR	tr|V5ILC0|V5ILC0_NEUCR	100
tr|V5IMQ9|V5IMQ9_NEUCR	tr|V5IMQ9|V5IMQ9_NEUCR	100
tr|V5IMX0|V5IMX0_NEUCR	tr|V5IMX0|V5IMX0_NEUCR	100
tr|V5INC4|V5INC4_NEUCR	tr|V5INC4|V5INC4_NEUCR	100
tr|V5IP00|V5IP00_NEUCR	tr|V5IP00|V5IP00_NEUCR	100
tr|V5IQT5|V5IQT5_NEUCR	tr|V5IQT5|V5IQT5_NEUCR	100
tr|V5IRA1|V5IRA1_NEUCR	tr|V5IRA1|V5IRA1_NEUCR	100
tr|A7UW78|A7UW78_NEUCR	tr|A7UW78|A7UW78_NEUCR	100
sp|O74225|HSP88_NEUCR	sp|O74225|HSP88_NEUCR	100
sp|P19115|RS14_NEUCR	sp|P19115|RS14_NEUCR	100
sp|P24322|GGPPS_NEUCR	sp|P24322|GGPPS_NEUCR	100
sp|P53444|ALF_NEUCR	sp|P53444|ALF_NEUCR	100
sp|Q03015|NDUS6_NEUCR	sp|Q03015|NDUS6_NEUCR	100
tr|Q1K4X3|Q1K4X3_NEUCR	tr|Q1K4X3|Q1K4X3_NEUCR	100
tr|Q1K5N1|Q1K5N1_NEUCR	tr|Q1K5N1|Q1K5N1_NEUCR	100
tr|Q1K6L5|Q1K6L5_NEUCR	tr|Q1K6L5|Q1K6L5_NEUCR	100
tr|Q1K6Q6|Q1K6Q6_NEUCR	tr|Q1K6Q6|Q1K6Q6_NEUCR	100
tr|Q1K6U5|Q1K6U5_NEUCR	tr|Q1K6U5|Q1K6U5_NEUCR	100
tr|Q1K7A5|Q1K7A5_NEUCR	tr|Q1K7A5|Q1K7A5_NEUCR	100
tr|Q1K7C5|Q1K7C5_NEUCR	tr|Q1K7C5|Q1K7C5_NEUCR	100
tr|Q1K7L9|Q1K7L9_NEUCR	tr|Q1K7L9|Q1K7L9_NEUCR	100
tr|Q1K7X6|Q1K7X6_NEUCR	tr|Q1K7X6|Q1K7X6_NEUCR	100
tr|Q1K8F0|Q1K8F0_NEUCR	tr|Q1K8F0|Q1K8F0_NEUCR	100
tr|Q1K8H5|Q1K8H5_NEUCR	tr|Q1K8H5|Q1K8H5_NEUCR	100
tr|Q1K8U9|Q1K8U9_NEUCR	tr|Q1K8U9|Q1K8U9_NEUCR	100
tr|Q7RV01|Q7RV01_NEUCR	tr|Q7RV01|Q7RV01_NEUCR	100
tr|Q7RWL7|Q7RWL7_NEUCR	tr|Q7RWL7|Q7RWL7_NEUCR	100
tr|Q7RX11|Q7RX11_NEUCR	tr|Q7RX11|Q7RX11_NEUCR	100
tr|Q7RX37|Q7RX37_NEUCR	tr|Q7RX37|Q7RX37_NEUCR	100
tr|Q7RXE0|Q7RXE0_NEUCR	tr|Q7RXE0|Q7RXE0_NEUCR	100
tr|Q7RXS4|Q7RXS4_NEUCR	tr|Q7RXS4|Q7RXS4_NEUCR	100
tr|Q7RYI6|Q7RYI6_NEUCR	tr|Q7RYI6|Q7RYI6_NEUCR	100
tr|Q7RYK2|Q7RYK2_NEUCR	tr|Q7RYK2|Q7RYK2_NEUCR	100
tr|Q7RYZ0|Q7RYZ0_NEUCR	tr|Q7RYZ0|Q7RYZ0_NEUCR	100
tr|Q7RZ29|Q7RZ29_NEUCR	tr|Q7RZ29|Q7RZ29_NEUCR	100
tr|Q7RZJ6|Q7RZJ6_NEUCR	tr|Q7RZJ6|Q7RZJ6_NEUCR	100
tr|Q7RZW3|Q7RZW3_NEUCR	tr|Q7RZW3|Q7RZW3_NEUCR	100
tr|Q7RZW8|Q7RZW8_NEUCR	tr|Q7RZW8|Q7RZW8_NEUCR	100
tr|Q7S0P5|Q7S0P5_NEUCR	tr|Q7S0P5|Q7S0P5_NEUCR	100
tr|Q7S0Y7|Q7S0Y7_NEUCR	tr|Q7S0Y7|Q7S0Y7_NEUCR	100
tr|Q7S172|Q7S172_NEUCR	tr|Q7S172|Q7S172_NEUCR	100
tr|Q7S1C2|Q7S1C2_NEUCR	tr|Q7S1C2|Q7S1C2_NEUCR	100
tr|Q7S1K1|Q7S1K1_NEUCR	tr|Q7S1K1|Q7S1K1_NEUCR	100
tr|Q7S1U3|Q7S1U3_NEUCR	tr|Q7S1U3|Q7S1U3_NEUCR	100
tr|Q7S222|Q7S222_NEUCR	tr|Q7S222|Q7S222_NEUCR	100
tr|Q7S233|Q7S233_NEUCR	tr|Q7S233|Q7S233_NEUCR	100
tr|Q7S235|Q7S235_NEUCR	tr|Q7S235|Q7S235_NEUCR	100
tr|Q7S283|Q7S283_NEUCR	tr|Q7S283|Q7S283_NEUCR	100
tr|Q7S2L9|Q7S2L9_NEUCR	tr|Q7S2L9|Q7S2L9_NEUCR	100
tr|Q7S3G0|Q7S3G0_NEUCR	tr|Q7S3G0|Q7S3G0_NEUCR	100
tr|Q7S418|Q7S418_NEUCR	tr|Q7S418|Q7S418_NEUCR	100
tr|Q7S4P0|Q7S4P0_NEUCR	tr|Q7S4P0|Q7S4P0_NEUCR	100
tr|Q7S536|Q7S536_NEUCR	tr|Q7S536|Q7S536_NEUCR	100
sp|Q7S5H0|NOP9_NEUCR	sp|Q7S5H0|NOP9_NEUCR	100
tr|Q7S5M4|Q7S5M4_NEUCR	tr|Q7S5M4|Q7S5M4_NEUCR	100
tr|Q7S5Q6|Q7S5Q6_NEUCR	tr|Q7S5Q6|Q7S5Q6_NEUCR	100
tr|Q7S5S9|Q7S5S9_NEUCR	tr|Q7S5S9|Q7S5S9_NEUCR	100
tr|Q7S5X6|Q7S5X6_NEUCR	tr|Q7S5X6|Q7S5X6_NEUCR	100
tr|Q7S717|Q7S717_NEUCR	tr|Q7S717|Q7S717_NEUCR	100
tr|Q7S7D0|Q7S7D0_NEUCR	tr|Q7S7D0|Q7S7D0_NEUCR	100
tr|Q7S849|Q7S849_NEUCR	tr|Q7S849|Q7S849_NEUCR	100
tr|Q7S896|Q7S896_NEUCR	tr|Q7S896|Q7S896_NEUCR	100
tr|Q7S8E9|Q7S8E9_NEUCR	tr|Q7S8E9|Q7S8E9_NEUCR	100
tr|Q7S8N1|Q7S8N1_NEUCR	tr|Q7S8N1|Q7S8N1_NEUCR	100
tr|Q7S8Z7|Q7S8Z7_NEUCR	tr|Q7S8Z7|Q7S8Z7_NEUCR	100
tr|Q7S9P7|Q7S9P7_NEUCR	tr|Q7S9P7|Q7S9P7_NEUCR	100
tr|Q7S9Q2|Q7S9Q2_NEUCR	tr|Q7S9Q2|Q7S9Q2_NEUCR	100
tr|Q7SAQ5|Q7SAQ5_NEUCR	tr|Q7SAQ5|Q7SAQ5_NEUCR	100
tr|Q7SAS7|Q7SAS7_NEUCR	tr|Q7SAS7|Q7SAS7_NEUCR	100
tr|Q7SAW7|Q7SAW7_NEUCR	tr|Q7SAW7|Q7SAW7_NEUCR	100
tr|Q7SAX4|Q7SAX4_NEUCR	tr|Q7SAX4|Q7SAX4_NEUCR	100
tr|Q7SBD6|Q7SBD6_NEUCR	tr|Q7SBD6|Q7SBD6_NEUCR	100
tr|Q7SBI4|Q7SBI4_NEUCR	tr|Q7SBI4|Q7SBI4_NEUCR	100
tr|Q7SBQ0|Q7SBQ0_NEUCR	tr|Q7SBQ0|Q7SBQ0_NEUCR	100
tr|Q7SBZ2|Q7SBZ2_NEUCR	tr|Q7SBZ2|Q7SBZ2_NEUCR	100
tr|Q7SDD8|Q7SDD8_NEUCR	tr|Q7SDD8|Q7SDD8_NEUCR	100
tr|Q7SDE2|Q7SDE2_NEUCR	tr|Q7SDE2|Q7SDE2_NEUCR	100
tr|Q7SE08|Q7SE08_NEUCR	tr|Q7SE08|Q7SE08_NEUCR	100
tr|Q7SE63|Q7SE63_NEUCR	tr|Q7SE63|Q7SE63_NEUCR	100
tr|Q7SET1|Q7SET1_NEUCR	tr|Q7SET1|Q7SET1_NEUCR	100
tr|Q7SF16|Q7SF16_NEUCR	tr|Q7SF16|Q7SF16_NEUCR	100
tr|Q7SF24|Q7SF24_NEUCR	tr|Q7SF24|Q7SF24_NEUCR	100
tr|Q7SFC6|Q7SFC6_NEUCR	tr|Q7SFC6|Q7SFC6_NEUCR	100
tr|Q7SFI6|Q7SFI6_NEUCR	tr|Q7SFI6|Q7SFI6_NEUCR	100
tr|Q7SFK5|Q7SFK5_NEUCR	tr|Q7SFK5|Q7SFK5_NEUCR	100
tr|Q7SFP9|Q7SFP9_NEUCR	tr|Q7SFP9|Q7SFP9_NEUCR	100
tr|Q7SFU2|Q7SFU2_NEUCR	tr|Q7SFU2|Q7SFU2_NEUCR	100
tr|Q7SFZ6|Q7SFZ6_NEUCR	tr|Q7SFZ6|Q7SFZ6_NEUCR	100
tr|Q7SG72|Q7SG72_NEUCR	tr|Q7SG72|Q7SG72_NEUCR	100
tr|Q7SGB7|Q7SGB7_NEUCR	tr|Q7SGB7|Q7SGB7_NEUCR	100
tr|Q7SHS3|Q7SHS3_NEUCR	tr|Q7SHS3|Q7SHS3_NEUCR	100
tr|Q7SI14|Q7SI14_NEUCR	tr|Q7SI14|Q7SI14_NEUCR	100
sp|Q8X0G8|MIM1_NEUCR	sp|Q8X0G8|MIM1_NEUCR	100
tr|U9W4X1|U9W4X1_NEUCR	tr|U9W4X1|U9W4X1_NEUCR	100
tr|U9WGF9|U9WGF9_NEUCR	tr|U9WGF9|U9WGF9_NEUCR	100
tr|V5IKB5|V5IKB5_NEUCR	tr|V5IKB5|V5IKB5_NEUCR	100
tr|V5IL02|V5IL02_NEUCR	tr|V5IL02|V5IL02_NEUCR	100
tr|V5ILQ4|V5ILQ4_NEUCR	tr|V5ILQ4|V5ILQ4_NEUCR	100
tr|V5IM18|V5IM18_NEUCR	tr|V5IM18|V5IM18_NEUCR	100
tr|V5INH3|V5INH3_NEUCR	tr|V5INH3|V5INH3_NEUCR	100
sp|V5IP95|QCR10_NEUCR	sp|V5IP95|QCR10_NEUCR	100
tr|V5IPJ2|V5IPJ2_NEUCR	tr|V5IPJ2|V5IPJ2_NEUCR	100
tr|V5IQ38|V5IQ38_NEUCR	tr|V5IQ38|V5IQ38_NEUCR	100
tr|V5IQI8|V5IQI8_NEUCR	tr|V5IQI8|V5IQI8_NEUCR	100
tr|V5IQM3|V5IQM3_NEUCR	tr|V5IQM3|V5IQM3_NEUCR	100
tr|V5IQQ6|V5IQQ6_NEUCR	tr|V5IQQ6|V5IQQ6_NEUCR	100
tr|V5IRL3|V5IRL3_NEUCR	tr|V5IRL3|V5IRL3_NEUCR	100
tr|A7UWH6|A7UWH6_NEUCR	tr|A7UWH6|A7UWH6_NEUCR	100
tr|A7UWK4|A7UWK4_NEUCR	tr|A7UWK4|A7UWK4_NEUCR	100
tr|A7UWV7|A7UWV7_NEUCR	tr|A7UWV7|A7UWV7_NEUCR	100
sp|P22142|NDUS2_NEUCR	sp|P22142|NDUS2_NEUCR	100
sp|P30588|CHS3_NEUCR	sp|P30588|CHS3_NEUCR	100
sp|P87000|ACU15_NEUCR	sp|P87000|ACU15_NEUCR	100
tr|Q1K4S9|Q1K4S9_NEUCR	tr|Q1K4S9|Q1K4S9_NEUCR	100
tr|Q1K4W4|Q1K4W4_NEUCR	tr|Q1K4W4|Q1K4W4_NEUCR	100
tr|Q1K520|Q1K520_NEUCR	tr|Q1K520|Q1K520_NEUCR	100
tr|Q1K5I1|Q1K5I1_NEUCR	tr|Q1K5I1|Q1K5I1_NEUCR	100
tr|Q1K5Y6|Q1K5Y6_NEUCR	tr|Q1K5Y6|Q1K5Y6_NEUCR	100
tr|Q1K627|Q1K627_NEUCR	tr|Q1K627|Q1K627_NEUCR	100
tr|Q1K6J1|Q1K6J1_NEUCR	tr|Q1K6J1|Q1K6J1_NEUCR	100
tr|Q1K7M4|Q1K7M4_NEUCR	tr|Q1K7M4|Q1K7M4_NEUCR	100
tr|Q1K7R0|Q1K7R0_NEUCR	tr|Q1K7R0|Q1K7R0_NEUCR	100
tr|Q1K7S5|Q1K7S5_NEUCR	tr|Q1K7S5|Q1K7S5_NEUCR	100
tr|Q1K812|Q1K812_NEUCR	tr|Q1K812|Q1K812_NEUCR	100
tr|Q1K8Q8|Q1K8Q8_NEUCR	tr|Q1K8Q8|Q1K8Q8_NEUCR	100
tr|Q1K8X5|Q1K8X5_NEUCR	tr|Q1K8X5|Q1K8X5_NEUCR	100
tr|Q1K907|Q1K907_NEUCR	tr|Q1K907|Q1K907_NEUCR	100
tr|Q1K919|Q1K919_NEUCR	tr|Q1K919|Q1K919_NEUCR	100
tr|Q1K954|Q1K954_NEUCR	tr|Q1K954|Q1K954_NEUCR	100
tr|Q7RVT8|Q7RVT8_NEUCR	tr|Q7RVT8|Q7RVT8_NEUCR	100
tr|Q7RVX2|Q7RVX2_NEUCR	tr|Q7RVX2|Q7RVX2_NEUCR	100
tr|Q7RW69|Q7RW69_NEUCR	tr|Q7RW69|Q7RW69_NEUCR	100
tr|Q7RWD2|Q7RWD2_NEUCR	tr|Q7RWD2|Q7RWD2_NEUCR	100
sp|Q7RWX8|FAED_NEUCR	sp|Q7RWX8|FAED_NEUCR	100
tr|Q7RXN7|Q7RXN7_NEUCR	tr|Q7RXN7|Q7RXN7_NEUCR	100
tr|Q7RYN2|Q7RYN2_NEUCR	tr|Q7RYN2|Q7RYN2_NEUCR	100
tr|Q7S0A0|Q7S0A0_NEUCR	tr|Q7S0A0|Q7S0A0_NEUCR	100
tr|Q7S0C8|Q7S0C8_NEUCR	tr|Q7S0C8|Q7S0C8_NEUCR	100
sp|Q7S0I1|NOP16_NEUCR	sp|Q7S0I1|NOP16_NEUCR	100
tr|Q7S0I7|Q7S0I7_NEUCR	tr|Q7S0I7|Q7S0I7_NEUCR	100
tr|Q7S1C9|Q7S1C9_NEUCR	tr|Q7S1C9|Q7S1C9_NEUCR	100
tr|Q7S1F2|Q7S1F2_NEUCR	tr|Q7S1F2|Q7S1F2_NEUCR	100
tr|Q7S2C5|Q7S2C5_NEUCR	tr|Q7S2C5|Q7S2C5_NEUCR	100
sp|Q7S2H8|TPC1_NEUCR	sp|Q7S2H8|TPC1_NEUCR	100
tr|Q7S2I8|Q7S2I8_NEUCR	tr|Q7S2I8|Q7S2I8_NEUCR	100
sp|Q7S300|RM51_NEUCR	sp|Q7S300|RM51_NEUCR	100
tr|Q7S3C6|Q7S3C6_NEUCR	tr|Q7S3C6|Q7S3C6_NEUCR	100
tr|Q7S3F0|Q7S3F0_NEUCR	tr|Q7S3F0|Q7S3F0_NEUCR	100
tr|Q7S3P7|Q7S3P7_NEUCR	tr|Q7S3P7|Q7S3P7_NEUCR	100
tr|Q7S492|Q7S492_NEUCR	tr|Q7S492|Q7S492_NEUCR	100
tr|Q7S4J8|Q7S4J8_NEUCR	tr|Q7S4J8|Q7S4J8_NEUCR	100
tr|Q7S4M1|Q7S4M1_NEUCR	tr|Q7S4M1|Q7S4M1_NEUCR	100
tr|Q7S7B6|Q7S7B6_NEUCR	tr|Q7S7B6|Q7S7B6_NEUCR	100
tr|Q7S814|Q7S814_NEUCR	tr|Q7S814|Q7S814_NEUCR	100
tr|Q7S859|Q7S859_NEUCR	tr|Q7S859|Q7S859_NEUCR	100
tr|Q7S8M9|Q7S8M9_NEUCR	tr|Q7S8M9|Q7S8M9_NEUCR	100
tr|Q7S8V5|Q7S8V5_NEUCR	tr|Q7S8V5|Q7S8V5_NEUCR	100
tr|Q7S983|Q7S983_NEUCR	tr|Q7S983|Q7S983_NEUCR	100
tr|Q7S9B8|Q7S9B8_NEUCR	tr|Q7S9B8|Q7S9B8_NEUCR	100
tr|Q7S9C0|Q7S9C0_NEUCR	tr|Q7S9C0|Q7S9C0_NEUCR	100
tr|Q7S9C3|Q7S9C3_NEUCR	tr|Q7S9C3|Q7S9C3_NEUCR	100
tr|Q7SAI0|Q7SAI0_NEUCR	tr|Q7SAI0|Q7SAI0_NEUCR	100
tr|Q7SB45|Q7SB45_NEUCR	tr|Q7SB45|Q7SB45_NEUCR	100
sp|Q7SBE0|MDM10_NEUCR	sp|Q7SBE0|MDM10_NEUCR	100
tr|Q7SCE6|Q7SCE6_NEUCR	tr|Q7SCE6|Q7SCE6_NEUCR	100
tr|Q7SD43|Q7SD43_NEUCR	tr|Q7SD43|Q7SD43_NEUCR	100
tr|Q7SDR0|Q7SDR0_NEUCR	tr|Q7SDR0|Q7SDR0_NEUCR	100
tr|Q7SDT8|Q7SDT8_NEUCR	tr|Q7SDT8|Q7SDT8_NEUCR	100
tr|Q7SDW2|Q7SDW2_NEUCR	tr|Q7SDW2|Q7SDW2_NEUCR	100
tr|Q7SE15|Q7SE15_NEUCR	tr|Q7SE15|Q7SE15_NEUCR	100
tr|Q7SED4|Q7SED4_NEUCR	tr|Q7SED4|Q7SED4_NEUCR	100
tr|Q7SEH2|Q7SEH2_NEUCR	tr|Q7SEH2|Q7SEH2_NEUCR	100
tr|Q7SF08|Q7SF08_NEUCR	tr|Q7SF08|Q7SF08_NEUCR	100
tr|Q7SF73|Q7SF73_NEUCR	tr|Q7SF73|Q7SF73_NEUCR	100
tr|Q7SFD6|Q7SFD6_NEUCR	tr|Q7SFD6|Q7SFD6_NEUCR	100
tr|Q7SFG8|Q7SFG8_NEUCR	tr|Q7SFG8|Q7SFG8_NEUCR	100
tr|Q7SFS4|Q7SFS4_NEUCR	tr|Q7SFS4|Q7SFS4_NEUCR	100
tr|Q7SFS5|Q7SFS5_NEUCR	tr|Q7SFS5|Q7SFS5_NEUCR	100
tr|Q7SG75|Q7SG75_NEUCR	tr|Q7SG75|Q7SG75_NEUCR	100
tr|Q7SGD3|Q7SGD3_NEUCR	tr|Q7SGD3|Q7SGD3_NEUCR	100
sp|Q7SGQ0|MED8_NEUCR	sp|Q7SGQ0|MED8_NEUCR	100
tr|Q7SHA4|Q7SHA4_NEUCR	tr|Q7SHA4|Q7SHA4_NEUCR	100
sp|Q7SHD9|LP9J_NEUCR	sp|Q7SHD9|LP9J_NEUCR	100
sp|Q871L5|ATG2_NEUCR	sp|Q871L5|ATG2_NEUCR	100
sp|Q8X182|KATG_NEUCR	sp|Q8X182|KATG_NEUCR	100
sp|Q96U88|ATG18_NEUCR	sp|Q96U88|ATG18_NEUCR	100
tr|U9W330|U9W330_NEUCR	tr|U9W330|U9W330_NEUCR	100
tr|U9W347|U9W347_NEUCR	tr|U9W347|U9W347_NEUCR	100
tr|U9W8N4|U9W8N4_NEUCR	tr|U9W8N4|U9W8N4_NEUCR	100
tr|V5ILR3|V5ILR3_NEUCR	tr|V5ILR3|V5ILR3_NEUCR	100
tr|V5ILS2|V5ILS2_NEUCR	tr|V5ILS2|V5ILS2_NEUCR	100
tr|V5ILY1|V5ILY1_NEUCR	tr|V5ILY1|V5ILY1_NEUCR	100
tr|V5IM26|V5IM26_NEUCR	tr|V5IM26|V5IM26_NEUCR	100
tr|V5IMA9|V5IMA9_NEUCR	tr|V5IMA9|V5IMA9_NEUCR	100
tr|V5IMI9|V5IMI9_NEUCR	tr|V5IMI9|V5IMI9_NEUCR	100
tr|V5IMK8|V5IMK8_NEUCR	tr|V5IMK8|V5IMK8_NEUCR	100
tr|V5IMM9|V5IMM9_NEUCR	tr|V5IMM9|V5IMM9_NEUCR	100
tr|V5INF5|V5INF5_NEUCR	tr|V5INF5|V5INF5_NEUCR	100
tr|V5INM9|V5INM9_NEUCR	tr|V5INM9|V5INM9_NEUCR	100
tr|V5INV8|V5INV8_NEUCR	tr|V5INV8|V5INV8_NEUCR	100
tr|V5INV9|V5INV9_NEUCR	tr|V5INV9|V5INV9_NEUCR	100
tr|V5IP28|V5IP28_NEUCR	tr|V5IP28|V5IP28_NEUCR	100
tr|V5IP63|V5IP63_NEUCR	tr|V5IP63|V5IP63_NEUCR	100
tr|V5IP71|V5IP71_NEUCR	tr|V5IP71|V5IP71_NEUCR	100
tr|V5IQK2|V5IQK2_NEUCR	tr|V5IQK2|V5IQK2_NEUCR	100
tr|V5IQK9|V5IQK9_NEUCR	tr|V5IQK9|V5IQK9_NEUCR	100
tr|V5IRF3|V5IRF3_NEUCR	tr|V5IRF3|V5IRF3_NEUCR	100
tr|A7UVX3|A7UVX3_NEUCR	tr|A7UVX3|A7UVX3_NEUCR	100
tr|A7UW37|A7UW37_NEUCR	tr|A7UW37|A7UW37_NEUCR	100
tr|A7UW65|A7UW65_NEUCR	tr|A7UW65|A7UW65_NEUCR	100
tr|A7UX80|A7UX80_NEUCR	tr|A7UX80|A7UX80_NEUCR	100
tr|A7UXA1|A7UXA1_NEUCR	tr|A7UXA1|A7UXA1_NEUCR	100
tr|F5HES1|F5HES1_NEUCR	tr|F5HES1|F5HES1_NEUCR	100
tr|F5HHN7|F5HHN7_NEUCR	tr|F5HHN7|F5HHN7_NEUCR	100
sp|P42116|NURM_NEUCR	sp|P42116|NURM_NEUCR	100
sp|Q01355|AOX_NEUCR	sp|Q01355|AOX_NEUCR	100
sp|Q07103|FDH_NEUCR	sp|Q07103|FDH_NEUCR	100
tr|Q1K4U4|Q1K4U4_NEUCR	tr|Q1K4U4|Q1K4U4_NEUCR	100
tr|Q1K4U9|Q1K4U9_NEUCR	tr|Q1K4U9|Q1K4U9_NEUCR	100
tr|Q1K518|Q1K518_NEUCR	tr|Q1K518|Q1K518_NEUCR	100
tr|Q1K5L5|Q1K5L5_NEUCR	tr|Q1K5L5|Q1K5L5_NEUCR	100
tr|Q1K5S8|Q1K5S8_NEUCR	tr|Q1K5S8|Q1K5S8_NEUCR	100
sp|Q1K7L7|RM36_NEUCR	sp|Q1K7L7|RM36_NEUCR	100
tr|Q1K7N8|Q1K7N8_NEUCR	tr|Q1K7N8|Q1K7N8_NEUCR	100
tr|Q1K7U5|Q1K7U5_NEUCR	tr|Q1K7U5|Q1K7U5_NEUCR	100
tr|Q1K8Y2|Q1K8Y2_NEUCR	tr|Q1K8Y2|Q1K8Y2_NEUCR	100
tr|Q1K937|Q1K937_NEUCR	tr|Q1K937|Q1K937_NEUCR	100
sp|Q6M923|RIFK_NEUCR	sp|Q6M923|RIFK_NEUCR	100
sp|Q7RVI1|RS5_NEUCR	sp|Q7RVI1|RS5_NEUCR	100
tr|Q7RVP2|Q7RVP2_NEUCR	tr|Q7RVP2|Q7RVP2_NEUCR	100
tr|Q7RVU3|Q7RVU3_NEUCR	tr|Q7RVU3|Q7RVU3_NEUCR	100
tr|Q7RVY6|Q7RVY6_NEUCR	tr|Q7RVY6|Q7RVY6_NEUCR	100
tr|Q7RW94|Q7RW94_NEUCR	tr|Q7RW94|Q7RW94_NEUCR	100
tr|Q7RW96|Q7RW96_NEUCR	tr|Q7RW96|Q7RW96_NEUCR	100
sp|Q7RWR8|CWC26_NEUCR	sp|Q7RWR8|CWC26_NEUCR	100
sp|Q7RX59|ATM1_NEUCR	sp|Q7RX59|ATM1_NEUCR	100
tr|Q7RXB0|Q7RXB0_NEUCR	tr|Q7RXB0|Q7RXB0_NEUCR	100
tr|Q7RXL4|Q7RXL4_NEUCR	tr|Q7RXL4|Q7RXL4_NEUCR	100
tr|Q7RYL1|Q7RYL1_NEUCR	tr|Q7RYL1|Q7RYL1_NEUCR	100
tr|Q7RYP4|Q7RYP4_NEUCR	tr|Q7RYP4|Q7RYP4_NEUCR	100
tr|Q7RZ93|Q7RZ93_NEUCR	tr|Q7RZ93|Q7RZ93_NEUCR	100
tr|Q7RZK6|Q7RZK6_NEUCR	tr|Q7RZK6|Q7RZK6_NEUCR	100
tr|Q7S088|Q7S088_NEUCR	tr|Q7S088|Q7S088_NEUCR	100
tr|Q7S0P1|Q7S0P1_NEUCR	tr|Q7S0P1|Q7S0P1_NEUCR	100
tr|Q7S0R4|Q7S0R4_NEUCR	tr|Q7S0R4|Q7S0R4_NEUCR	100
sp|Q7S133|SWR1_NEUCR	sp|Q7S133|SWR1_NEUCR	100
tr|Q7S1V2|Q7S1V2_NEUCR	tr|Q7S1V2|Q7S1V2_NEUCR	100
tr|Q7S1X7|Q7S1X7_NEUCR	tr|Q7S1X7|Q7S1X7_NEUCR	100
tr|Q7S256|Q7S256_NEUCR	tr|Q7S256|Q7S256_NEUCR	100
tr|Q7S2C6|Q7S2C6_NEUCR	tr|Q7S2C6|Q7S2C6_NEUCR	100
tr|Q7S2U7|Q7S2U7_NEUCR	tr|Q7S2U7|Q7S2U7_NEUCR	100
tr|Q7S3A1|Q7S3A1_NEUCR	tr|Q7S3A1|Q7S3A1_NEUCR	100
tr|Q7S4J2|Q7S4J2_NEUCR	tr|Q7S4J2|Q7S4J2_NEUCR	100
tr|Q7S4S4|Q7S4S4_NEUCR	tr|Q7S4S4|Q7S4S4_NEUCR	100
tr|Q7S4Z5|Q7S4Z5_NEUCR	tr|Q7S4Z5|Q7S4Z5_NEUCR	100
tr|Q7S548|Q7S548_NEUCR	tr|Q7S548|Q7S548_NEUCR	100
tr|Q7S5E9|Q7S5E9_NEUCR	tr|Q7S5E9|Q7S5E9_NEUCR	100
sp|Q7S5N8|GLYM_NEUCR	sp|Q7S5N8|GLYM_NEUCR	100
tr|Q7S5U4|Q7S5U4_NEUCR	tr|Q7S5U4|Q7S5U4_NEUCR	100
tr|Q7S5U7|Q7S5U7_NEUCR	tr|Q7S5U7|Q7S5U7_NEUCR	100
tr|Q7S6R6|Q7S6R6_NEUCR	tr|Q7S6R6|Q7S6R6_NEUCR	100
tr|Q7S6Z1|Q7S6Z1_NEUCR	tr|Q7S6Z1|Q7S6Z1_NEUCR	100
tr|Q7S710|Q7S710_NEUCR	tr|Q7S710|Q7S710_NEUCR	100
sp|Q7S711|RM13_NEUCR	sp|Q7S711|RM13_NEUCR	100
sp|Q7S7N3|HAT2_NEUCR	sp|Q7S7N3|HAT2_NEUCR	100
tr|Q7S7R5|Q7S7R5_NEUCR	tr|Q7S7R5|Q7S7R5_NEUCR	100
tr|Q7S909|Q7S909_NEUCR	tr|Q7S909|Q7S909_NEUCR	100
tr|Q7S9D1|Q7S9D1_NEUCR	tr|Q7S9D1|Q7S9D1_NEUCR	100
tr|Q7S9K3|Q7S9K3_NEUCR	tr|Q7S9K3|Q7S9K3_NEUCR	100
tr|Q7SAM6|Q7SAM6_NEUCR	tr|Q7SAM6|Q7SAM6_NEUCR	100
sp|Q7SAT8|PAN1_NEUCR	sp|Q7SAT8|PAN1_NEUCR	100
tr|Q7SBH1|Q7SBH1_NEUCR	tr|Q7SBH1|Q7SBH1_NEUCR	100
tr|Q7SBX9|Q7SBX9_NEUCR	tr|Q7SBX9|Q7SBX9_NEUCR	100
tr|Q7SDF0|Q7SDF0_NEUCR	tr|Q7SDF0|Q7SDF0_NEUCR	100
tr|Q7SE07|Q7SE07_NEUCR	tr|Q7SE07|Q7SE07_NEUCR	100
tr|Q7SE74|Q7SE74_NEUCR	tr|Q7SE74|Q7SE74_NEUCR	100
sp|Q7SE75|MET3_NEUCR	sp|Q7SE75|MET3_NEUCR	100
sp|Q7SE80|TRM44_NEUCR	sp|Q7SE80|TRM44_NEUCR	100
tr|Q7SEF3|Q7SEF3_NEUCR	tr|Q7SEF3|Q7SEF3_NEUCR	100
tr|Q7SEM9|Q7SEM9_NEUCR	tr|Q7SEM9|Q7SEM9_NEUCR	100
tr|Q7SF43|Q7SF43_NEUCR	tr|Q7SF43|Q7SF43_NEUCR	100
tr|Q7SFH6|Q7SFH6_NEUCR	tr|Q7SFH6|Q7SFH6_NEUCR	100
tr|Q7SG42|Q7SG42_NEUCR	tr|Q7SG42|Q7SG42_NEUCR	100
tr|Q7SGZ6|Q7SGZ6_NEUCR	tr|Q7SGZ6|Q7SGZ6_NEUCR	100
tr|Q7SH22|Q7SH22_NEUCR	tr|Q7SH22|Q7SH22_NEUCR	100
sp|Q7SHG9|CG121_NEUCR	sp|Q7SHG9|CG121_NEUCR	100
tr|Q7SHP5|Q7SHP5_NEUCR	tr|Q7SHP5|Q7SHP5_NEUCR	100
sp|Q7SHZ2|GATA_NEUCR	sp|Q7SHZ2|GATA_NEUCR	100
sp|Q7SI17|NACA_NEUCR	sp|Q7SI17|NACA_NEUCR	100
sp|Q9C285|RL12_NEUCR	sp|Q9C285|RL12_NEUCR	100
sp|Q9C2I5|YTM1_NEUCR	sp|Q9C2I5|YTM1_NEUCR	100
sp|Q9HE87|DXO_NEUCR	sp|Q9HE87|DXO_NEUCR	100
tr|U9W2U0|U9W2U0_NEUCR	tr|U9W2U0|U9W2U0_NEUCR	100
tr|V5IKR5|V5IKR5_NEUCR	tr|V5IKR5|V5IKR5_NEUCR	100
tr|V5IKW9|V5IKW9_NEUCR	tr|V5IKW9|V5IKW9_NEUCR	100
tr|V5IL38|V5IL38_NEUCR	tr|V5IL38|V5IL38_NEUCR	100
tr|V5IL71|V5IL71_NEUCR	tr|V5IL71|V5IL71_NEUCR	100
tr|V5IL86|V5IL86_NEUCR	tr|V5IL86|V5IL86_NEUCR	100
tr|V5ILD4|V5ILD4_NEUCR	tr|V5ILD4|V5ILD4_NEUCR	100
tr|V5IM47|V5IM47_NEUCR	tr|V5IM47|V5IM47_NEUCR	100
tr|V5IMT3|V5IMT3_NEUCR	tr|V5IMT3|V5IMT3_NEUCR	100
tr|V5IN50|V5IN50_NEUCR	tr|V5IN50|V5IN50_NEUCR	100
tr|V5IP10|V5IP10_NEUCR	tr|V5IP10|V5IP10_NEUCR	100
tr|V5IQQ8|V5IQQ8_NEUCR	tr|V5IQQ8|V5IQQ8_NEUCR	100
tr|V5IRB1|V5IRB1_NEUCR	tr|V5IRB1|V5IRB1_NEUCR	100
tr|V5IRG8|V5IRG8_NEUCR	tr|V5IRG8|V5IRG8_NEUCR	100
tr|V5IRL8|V5IRL8_NEUCR	tr|V5IRL8|V5IRL8_NEUCR	100
tr|A3RNI5|A3RNI5_NEUCR	tr|A3RNI5|A3RNI5_NEUCR	100
tr|A7UWT1|A7UWT1_NEUCR	tr|A7UWT1|A7UWT1_NEUCR	100
tr|F5HID6|F5HID6_NEUCR	tr|F5HID6|F5HID6_NEUCR	100
sp|P07144|VDAC_NEUCR	sp|P07144|VDAC_NEUCR	100
sp|P23955|MPPA_NEUCR	sp|P23955|MPPA_NEUCR	100
sp|P56525|ATPD_NEUCR	sp|P56525|ATPD_NEUCR	100
tr|Q1K4S8|Q1K4S8_NEUCR	tr|Q1K4S8|Q1K4S8_NEUCR	100
tr|Q1K4Y9|Q1K4Y9_NEUCR	tr|Q1K4Y9|Q1K4Y9_NEUCR	100
tr|Q1K594|Q1K594_NEUCR	tr|Q1K594|Q1K594_NEUCR	100
tr|Q1K5D5|Q1K5D5_NEUCR	tr|Q1K5D5|Q1K5D5_NEUCR	100
tr|Q1K5V7|Q1K5V7_NEUCR	tr|Q1K5V7|Q1K5V7_NEUCR	100
tr|Q1K611|Q1K611_NEUCR	tr|Q1K611|Q1K611_NEUCR	100
tr|Q1K6G4|Q1K6G4_NEUCR	tr|Q1K6G4|Q1K6G4_NEUCR	100
tr|Q1K6Q2|Q1K6Q2_NEUCR	tr|Q1K6Q2|Q1K6Q2_NEUCR	100
tr|Q1K6W0|Q1K6W0_NEUCR	tr|Q1K6W0|Q1K6W0_NEUCR	100
tr|Q1K6X8|Q1K6X8_NEUCR	tr|Q1K6X8|Q1K6X8_NEUCR	100
tr|Q1K735|Q1K735_NEUCR	tr|Q1K735|Q1K735_NEUCR	100
tr|Q1K753|Q1K753_NEUCR	tr|Q1K753|Q1K753_NEUCR	100
tr|Q1K7L5|Q1K7L5_NEUCR	tr|Q1K7L5|Q1K7L5_NEUCR	100
tr|Q1K7N5|Q1K7N5_NEUCR	tr|Q1K7N5|Q1K7N5_NEUCR	100
tr|Q1K840|Q1K840_NEUCR	tr|Q1K840|Q1K840_NEUCR	100
tr|Q1K868|Q1K868_NEUCR	tr|Q1K868|Q1K868_NEUCR	100
tr|Q1K897|Q1K897_NEUCR	tr|Q1K897|Q1K897_NEUCR	100
tr|Q1K8P9|Q1K8P9_NEUCR	tr|Q1K8P9|Q1K8P9_NEUCR	100
tr|Q7RUS7|Q7RUS7_NEUCR	tr|Q7RUS7|Q7RUS7_NEUCR	100
tr|Q7RV02|Q7RV02_NEUCR	tr|Q7RV02|Q7RV02_NEUCR	100
tr|Q7RWU6|Q7RWU6_NEUCR	tr|Q7RWU6|Q7RWU6_NEUCR	100
tr|Q7RWZ2|Q7RWZ2_NEUCR	tr|Q7RWZ2|Q7RWZ2_NEUCR	100
sp|Q7RX39|SVF1_NEUCR	sp|Q7RX39|SVF1_NEUCR	100
tr|Q7RX64|Q7RX64_NEUCR	tr|Q7RX64|Q7RX64_NEUCR	100
tr|Q7RXJ0|Q7RXJ0_NEUCR	tr|Q7RXJ0|Q7RXJ0_NEUCR	100
tr|Q7RY39|Q7RY39_NEUCR	tr|Q7RY39|Q7RY39_NEUCR	100
tr|Q7RYQ3|Q7RYQ3_NEUCR	tr|Q7RYQ3|Q7RYQ3_NEUCR	100
tr|Q7RYY9|Q7RYY9_NEUCR	tr|Q7RYY9|Q7RYY9_NEUCR	100
tr|Q7RZ13|Q7RZ13_NEUCR	tr|Q7RZ13|Q7RZ13_NEUCR	100
tr|Q7RZ50|Q7RZ50_NEUCR	tr|Q7RZ50|Q7RZ50_NEUCR	100
tr|Q7RZJ1|Q7RZJ1_NEUCR	tr|Q7RZJ1|Q7RZJ1_NEUCR	100
tr|Q7RZL7|Q7RZL7_NEUCR	tr|Q7RZL7|Q7RZL7_NEUCR	100
tr|Q7RZY2|Q7RZY2_NEUCR	tr|Q7RZY2|Q7RZY2_NEUCR	100
tr|Q7S0B6|Q7S0B6_NEUCR	tr|Q7S0B6|Q7S0B6_NEUCR	100
tr|Q7S0H4|Q7S0H4_NEUCR	tr|Q7S0H4|Q7S0H4_NEUCR	100
tr|Q7S0L3|Q7S0L3_NEUCR	tr|Q7S0L3|Q7S0L3_NEUCR	100
tr|Q7S156|Q7S156_NEUCR	tr|Q7S156|Q7S156_NEUCR	100
tr|Q7S1W5|Q7S1W5_NEUCR	tr|Q7S1W5|Q7S1W5_NEUCR	100
tr|Q7S217|Q7S217_NEUCR	tr|Q7S217|Q7S217_NEUCR	100
tr|Q7S269|Q7S269_NEUCR	tr|Q7S269|Q7S269_NEUCR	100
tr|Q7S2J0|Q7S2J0_NEUCR	tr|Q7S2J0|Q7S2J0_NEUCR	100
tr|Q7S2Y5|Q7S2Y5_NEUCR	tr|Q7S2Y5|Q7S2Y5_NEUCR	100
tr|Q7S305|Q7S305_NEUCR	tr|Q7S305|Q7S305_NEUCR	100
tr|Q7S3F8|Q7S3F8_NEUCR	tr|Q7S3F8|Q7S3F8_NEUCR	100
tr|Q7S3W5|Q7S3W5_NEUCR	tr|Q7S3W5|Q7S3W5_NEUCR	100
tr|Q7S494|Q7S494_NEUCR	tr|Q7S494|Q7S494_NEUCR	100
tr|Q7S4J1|Q7S4J1_NEUCR	tr|Q7S4J1|Q7S4J1_NEUCR	100
tr|Q7S4R4|Q7S4R4_NEUCR	tr|Q7S4R4|Q7S4R4_NEUCR	100
tr|Q7S4S1|Q7S4S1_NEUCR	tr|Q7S4S1|Q7S4S1_NEUCR	100
tr|Q7S4Y6|Q7S4Y6_NEUCR	tr|Q7S4Y6|Q7S4Y6_NEUCR	100
tr|Q7S562|Q7S562_NEUCR	tr|Q7S562|Q7S562_NEUCR	100
tr|Q7S5T8|Q7S5T8_NEUCR	tr|Q7S5T8|Q7S5T8_NEUCR	100
tr|Q7S6T2|Q7S6T2_NEUCR	tr|Q7S6T2|Q7S6T2_NEUCR	100
tr|Q7S8V6|Q7S8V6_NEUCR	tr|Q7S8V6|Q7S8V6_NEUCR	100
tr|Q7S8Y1|Q7S8Y1_NEUCR	tr|Q7S8Y1|Q7S8Y1_NEUCR	100
tr|Q7S9F7|Q7S9F7_NEUCR	tr|Q7S9F7|Q7S9F7_NEUCR	100
tr|Q7SAM5|Q7SAM5_NEUCR	tr|Q7SAM5|Q7SAM5_NEUCR	100
tr|Q7SAZ3|Q7SAZ3_NEUCR	tr|Q7SAZ3|Q7SAZ3_NEUCR	100
sp|Q7SB62|EIF3L_NEUCR	sp|Q7SB62|EIF3L_NEUCR	100
tr|Q7SBQ8|Q7SBQ8_NEUCR	tr|Q7SBQ8|Q7SBQ8_NEUCR	100
tr|Q7SCG2|Q7SCG2_NEUCR	tr|Q7SCG2|Q7SCG2_NEUCR	100
sp|Q7SDA6|CGR1_NEUCR	sp|Q7SDA6|CGR1_NEUCR	100
tr|Q7SDG0|Q7SDG0_NEUCR	tr|Q7SDG0|Q7SDG0_NEUCR	100
tr|Q7SEC1|Q7SEC1_NEUCR	tr|Q7SEC1|Q7SEC1_NEUCR	100
tr|Q7SED8|Q7SED8_NEUCR	tr|Q7SED8|Q7SED8_NEUCR	100
tr|Q7SEM2|Q7SEM2_NEUCR	tr|Q7SEM2|Q7SEM2_NEUCR	100
tr|Q7SEX1|Q7SEX1_NEUCR	tr|Q7SEX1|Q7SEX1_NEUCR	100
tr|Q7SFD5|Q7SFD5_NEUCR	tr|Q7SFD5|Q7SFD5_NEUCR	100
tr|Q7SFI9|Q7SFI9_NEUCR	tr|Q7SFI9|Q7SFI9_NEUCR	100
tr|Q7SG48|Q7SG48_NEUCR	tr|Q7SG48|Q7SG48_NEUCR	100
tr|Q7SG69|Q7SG69_NEUCR	tr|Q7SG69|Q7SG69_NEUCR	100
tr|Q7SGX1|Q7SGX1_NEUCR	tr|Q7SGX1|Q7SGX1_NEUCR	100
tr|Q7SHX3|Q7SHX3_NEUCR	tr|Q7SHX3|Q7SHX3_NEUCR	100
sp|Q871K1|QCR7_NEUCR	sp|Q871K1|QCR7_NEUCR	100
sp|Q8WZW7|RPC3_NEUCR	sp|Q8WZW7|RPC3_NEUCR	100
sp|Q9HGR3|FAEB_NEUCR	sp|Q9HGR3|FAEB_NEUCR	100
sp|Q9P3K9|TYW4_NEUCR	sp|Q9P3K9|TYW4_NEUCR	100
sp|Q9P748|EIF3F_NEUCR	sp|Q9P748|EIF3F_NEUCR	100
tr|U9W2M0|U9W2M0_NEUCR	tr|U9W2M0|U9W2M0_NEUCR	100
tr|U9W312|U9W312_NEUCR	tr|U9W312|U9W312_NEUCR	100
tr|U9W365|U9W365_NEUCR	tr|U9W365|U9W365_NEUCR	100
tr|U9W3A7|U9W3A7_NEUCR	tr|U9W3A7|U9W3A7_NEUCR	100
tr|U9W4M3|U9W4M3_NEUCR	tr|U9W4M3|U9W4M3_NEUCR	100
tr|U9WGS2|U9WGS2_NEUCR	tr|U9WGS2|U9WGS2_NEUCR	100
tr|V5IKI4|V5IKI4_NEUCR	tr|V5IKI4|V5IKI4_NEUCR	100
tr|V5IKN0|V5IKN0_NEUCR	tr|V5IKN0|V5IKN0_NEUCR	100
tr|V5IKX7|V5IKX7_NEUCR	tr|V5IKX7|V5IKX7_NEUCR	100
tr|V5ILL3|V5ILL3_NEUCR	tr|V5ILL3|V5ILL3_NEUCR	100
tr|V5INR9|V5INR9_NEUCR	tr|V5INR9|V5INR9_NEUCR	100
tr|V5IP97|V5IP97_NEUCR	tr|V5IP97|V5IP97_NEUCR	100
tr|V5IPY8|V5IPY8_NEUCR	tr|V5IPY8|V5IPY8_NEUCR	100
tr|V5IQE6|V5IQE6_NEUCR	tr|V5IQE6|V5IQE6_NEUCR	100
tr|V5IQY4|V5IQY4_NEUCR	tr|V5IQY4|V5IQY4_NEUCR	100
tr|V5IR20|V5IR20_NEUCR	tr|V5IR20|V5IR20_NEUCR	100
tr|A7UW84|A7UW84_NEUCR	tr|A7UW84|A7UW84_NEUCR	100
tr|A7UX88|A7UX88_NEUCR	tr|A7UX88|A7UX88_NEUCR	100
tr|F5HBQ5|F5HBQ5_NEUCR	tr|F5HBQ5|F5HBQ5_NEUCR	100
tr|F5HEM8|F5HEM8_NEUCR	tr|F5HEM8|F5HEM8_NEUCR	100
tr|F5HGZ2|F5HGZ2_NEUCR	tr|F5HGZ2|F5HGZ2_NEUCR	100
sp|P0CG70|UBI4P_NEUCR	sp|P0CG70|UBI4P_NEUCR	100
sp|P19212|NIT2_NEUCR	sp|P19212|NIT2_NEUCR	100
sp|P23762|NMR1_NEUCR	sp|P23762|NMR1_NEUCR	100
sp|Q05681|PP2B_NEUCR	sp|Q05681|PP2B_NEUCR	100
tr|Q1K5D4|Q1K5D4_NEUCR	tr|Q1K5D4|Q1K5D4_NEUCR	100
tr|Q1K6G8|Q1K6G8_NEUCR	tr|Q1K6G8|Q1K6G8_NEUCR	100
tr|Q1K6I2|Q1K6I2_NEUCR	tr|Q1K6I2|Q1K6I2_NEUCR	100
tr|Q1K6J0|Q1K6J0_NEUCR	tr|Q1K6J0|Q1K6J0_NEUCR	100
tr|Q1K6R2|Q1K6R2_NEUCR	tr|Q1K6R2|Q1K6R2_NEUCR	100
tr|Q1K7N7|Q1K7N7_NEUCR	tr|Q1K7N7|Q1K7N7_NEUCR	100
sp|Q1K8F8|PEX7_NEUCR	sp|Q1K8F8|PEX7_NEUCR	100
sp|Q35135|IEND3_NEUCR	sp|Q35135|IEND3_NEUCR	100
tr|Q7RU98|Q7RU98_NEUCR	tr|Q7RU98|Q7RU98_NEUCR	100
sp|Q7RVS9|PCKA_NEUCR	sp|Q7RVS9|PCKA_NEUCR	100
tr|Q7RW80|Q7RW80_NEUCR	tr|Q7RW80|Q7RW80_NEUCR	100
tr|Q7RWJ3|Q7RWJ3_NEUCR	tr|Q7RWJ3|Q7RWJ3_NEUCR	100
tr|Q7RWN6|Q7RWN6_NEUCR	tr|Q7RWN6|Q7RWN6_NEUCR	100
sp|Q7RWN7|LP9E_NEUCR	sp|Q7RWN7|LP9E_NEUCR	100
tr|Q7RX46|Q7RX46_NEUCR	tr|Q7RX46|Q7RX46_NEUCR	100
tr|Q7RX72|Q7RX72_NEUCR	tr|Q7RX72|Q7RX72_NEUCR	100
tr|Q7RX89|Q7RX89_NEUCR	tr|Q7RX89|Q7RX89_NEUCR	100
tr|Q7RXL8|Q7RXL8_NEUCR	tr|Q7RXL8|Q7RXL8_NEUCR	100
tr|Q7RYD8|Q7RYD8_NEUCR	tr|Q7RYD8|Q7RYD8_NEUCR	100
tr|Q7RYM6|Q7RYM6_NEUCR	tr|Q7RYM6|Q7RYM6_NEUCR	100
tr|Q7RYN1|Q7RYN1_NEUCR	tr|Q7RYN1|Q7RYN1_NEUCR	100
tr|Q7RZ22|Q7RZ22_NEUCR	tr|Q7RZ22|Q7RZ22_NEUCR	100
tr|Q7S0D0|Q7S0D0_NEUCR	tr|Q7S0D0|Q7S0D0_NEUCR	100
tr|Q7S0H9|Q7S0H9_NEUCR	tr|Q7S0H9|Q7S0H9_NEUCR	100
tr|Q7S0Y6|Q7S0Y6_NEUCR	tr|Q7S0Y6|Q7S0Y6_NEUCR	100
tr|Q7S159|Q7S159_NEUCR	tr|Q7S159|Q7S159_NEUCR	100
tr|Q7S1D8|Q7S1D8_NEUCR	tr|Q7S1D8|Q7S1D8_NEUCR	100
sp|Q7S1X0|GCE_NEUCR	sp|Q7S1X0|GCE_NEUCR	100
tr|Q7S276|Q7S276_NEUCR	tr|Q7S276|Q7S276_NEUCR	100
tr|Q7S306|Q7S306_NEUCR	tr|Q7S306|Q7S306_NEUCR	100
tr|Q7S3E7|Q7S3E7_NEUCR	tr|Q7S3E7|Q7S3E7_NEUCR	100
tr|Q7S4E1|Q7S4E1_NEUCR	tr|Q7S4E1|Q7S4E1_NEUCR	100
tr|Q7S4L5|Q7S4L5_NEUCR	tr|Q7S4L5|Q7S4L5_NEUCR	100
tr|Q7S4M9|Q7S4M9_NEUCR	tr|Q7S4M9|Q7S4M9_NEUCR	100
tr|Q7S4S5|Q7S4S5_NEUCR	tr|Q7S4S5|Q7S4S5_NEUCR	100
tr|Q7S4T5|Q7S4T5_NEUCR	tr|Q7S4T5|Q7S4T5_NEUCR	100
tr|Q7S524|Q7S524_NEUCR	tr|Q7S524|Q7S524_NEUCR	100
tr|Q7S5V0|Q7S5V0_NEUCR	tr|Q7S5V0|Q7S5V0_NEUCR	100
tr|Q7S5Y1|Q7S5Y1_NEUCR	tr|Q7S5Y1|Q7S5Y1_NEUCR	100
tr|Q7S614|Q7S614_NEUCR	tr|Q7S614|Q7S614_NEUCR	100
tr|Q7S6F9|Q7S6F9_NEUCR	tr|Q7S6F9|Q7S6F9_NEUCR	100
tr|Q7S766|Q7S766_NEUCR	tr|Q7S766|Q7S766_NEUCR	100
tr|Q7S7V1|Q7S7V1_NEUCR	tr|Q7S7V1|Q7S7V1_NEUCR	100
tr|Q7S8J9|Q7S8J9_NEUCR	tr|Q7S8J9|Q7S8J9_NEUCR	100
tr|Q7S8L6|Q7S8L6_NEUCR	tr|Q7S8L6|Q7S8L6_NEUCR	100
tr|Q7S8U0|Q7S8U0_NEUCR	tr|Q7S8U0|Q7S8U0_NEUCR	100
tr|Q7S8V2|Q7S8V2_NEUCR	tr|Q7S8V2|Q7S8V2_NEUCR	100
tr|Q7S914|Q7S914_NEUCR	tr|Q7S914|Q7S914_NEUCR	100
tr|Q7S9U2|Q7S9U2_NEUCR	tr|Q7S9U2|Q7S9U2_NEUCR	100
tr|Q7S9V7|Q7S9V7_NEUCR	tr|Q7S9V7|Q7S9V7_NEUCR	100
tr|Q7SA77|Q7SA77_NEUCR	tr|Q7SA77|Q7SA77_NEUCR	100
tr|Q7SAF4|Q7SAF4_NEUCR	tr|Q7SAF4|Q7SAF4_NEUCR	100
tr|Q7SAR3|Q7SAR3_NEUCR	tr|Q7SAR3|Q7SAR3_NEUCR	100
tr|Q7SAX1|Q7SAX1_NEUCR	tr|Q7SAX1|Q7SAX1_NEUCR	100
tr|Q7SAX5|Q7SAX5_NEUCR	tr|Q7SAX5|Q7SAX5_NEUCR	100
tr|Q7SBU4|Q7SBU4_NEUCR	tr|Q7SBU4|Q7SBU4_NEUCR	100
tr|Q7SC14|Q7SC14_NEUCR	tr|Q7SC14|Q7SC14_NEUCR	100
tr|Q7SC74|Q7SC74_NEUCR	tr|Q7SC74|Q7SC74_NEUCR	100
tr|Q7SCH3|Q7SCH3_NEUCR	tr|Q7SCH3|Q7SCH3_NEUCR	100
tr|Q7SCJ9|Q7SCJ9_NEUCR	tr|Q7SCJ9|Q7SCJ9_NEUCR	100
sp|Q7SCL1|GWT1_NEUCR	sp|Q7SCL1|GWT1_NEUCR	100
tr|Q7SCP1|Q7SCP1_NEUCR	tr|Q7SCP1|Q7SCP1_NEUCR	100
tr|Q7SCS5|Q7SCS5_NEUCR	tr|Q7SCS5|Q7SCS5_NEUCR	100
tr|Q7SD87|Q7SD87_NEUCR	tr|Q7SD87|Q7SD87_NEUCR	100
tr|Q7SE42|Q7SE42_NEUCR	tr|Q7SE42|Q7SE42_NEUCR	100
tr|Q7SEH0|Q7SEH0_NEUCR	tr|Q7SEH0|Q7SEH0_NEUCR	100
tr|Q7SFC9|Q7SFC9_NEUCR	tr|Q7SFC9|Q7SFC9_NEUCR	100
tr|Q7SFI7|Q7SFI7_NEUCR	tr|Q7SFI7|Q7SFI7_NEUCR	100
tr|Q7SFK6|Q7SFK6_NEUCR	tr|Q7SFK6|Q7SFK6_NEUCR	100
tr|Q7SGM3|Q7SGM3_NEUCR	tr|Q7SGM3|Q7SGM3_NEUCR	100
tr|Q7SGN2|Q7SGN2_NEUCR	tr|Q7SGN2|Q7SGN2_NEUCR	100
tr|Q7SGS5|Q7SGS5_NEUCR	tr|Q7SGS5|Q7SGS5_NEUCR	100
tr|Q7SGW6|Q7SGW6_NEUCR	tr|Q7SGW6|Q7SGW6_NEUCR	100
tr|Q7SHU1|Q7SHU1_NEUCR	tr|Q7SHU1|Q7SHU1_NEUCR	100
sp|Q9P326|PRO1_NEUCR	sp|Q9P326|PRO1_NEUCR	100
sp|Q9Y767|DPOG_NEUCR	sp|Q9Y767|DPOG_NEUCR	100
tr|U9W335|U9W335_NEUCR	tr|U9W335|U9W335_NEUCR	100
tr|V5IKC2|V5IKC2_NEUCR	tr|V5IKC2|V5IKC2_NEUCR	100
tr|V5IMJ7|V5IMJ7_NEUCR	tr|V5IMJ7|V5IMJ7_NEUCR	100
tr|V5IML9|V5IML9_NEUCR	tr|V5IML9|V5IML9_NEUCR	100
tr|V5IMN7|V5IMN7_NEUCR	tr|V5IMN7|V5IMN7_NEUCR	100
tr|V5IMY9|V5IMY9_NEUCR	tr|V5IMY9|V5IMY9_NEUCR	100
tr|V5IMZ5|V5IMZ5_NEUCR	tr|V5IMZ5|V5IMZ5_NEUCR	100
tr|V5IN58|V5IN58_NEUCR	tr|V5IN58|V5IN58_NEUCR	100
tr|V5IN63|V5IN63_NEUCR	tr|V5IN63|V5IN63_NEUCR	100
tr|V5INN7|V5INN7_NEUCR	tr|V5INN7|V5INN7_NEUCR	100
tr|V5IQ22|V5IQ22_NEUCR	tr|V5IQ22|V5IQ22_NEUCR	100
tr|V5IQC2|V5IQC2_NEUCR	tr|V5IQC2|V5IQC2_NEUCR	100
tr|V5IQH9|V5IQH9_NEUCR	tr|V5IQH9|V5IQH9_NEUCR	100
tr|V5IQQ2|V5IQQ2_NEUCR	tr|V5IQQ2|V5IQQ2_NEUCR	100
tr|V5IRB7|V5IRB7_NEUCR	tr|V5IRB7|V5IRB7_NEUCR	100
tr|F5HDS3|F5HDS3_NEUCR	tr|F5HDS3|F5HDS3_NEUCR	100
tr|F5HE60|F5HE60_NEUCR	tr|F5HE60|F5HE60_NEUCR	100
sp|P38679|COT1_NEUCR	sp|P38679|COT1_NEUCR	100
tr|Q1K4X5|Q1K4X5_NEUCR	tr|Q1K4X5|Q1K4X5_NEUCR	100
tr|Q1K4Z5|Q1K4Z5_NEUCR	tr|Q1K4Z5|Q1K4Z5_NEUCR	100
tr|Q1K5X9|Q1K5X9_NEUCR	tr|Q1K5X9|Q1K5X9_NEUCR	100
tr|Q1K654|Q1K654_NEUCR	tr|Q1K654|Q1K654_NEUCR	100
tr|Q1K656|Q1K656_NEUCR	tr|Q1K656|Q1K656_NEUCR	100
tr|Q1K6Z8|Q1K6Z8_NEUCR	tr|Q1K6Z8|Q1K6Z8_NEUCR	100
tr|Q1K743|Q1K743_NEUCR	tr|Q1K743|Q1K743_NEUCR	100
tr|Q1K7S7|Q1K7S7_NEUCR	tr|Q1K7S7|Q1K7S7_NEUCR	100
tr|Q1K7T1|Q1K7T1_NEUCR	tr|Q1K7T1|Q1K7T1_NEUCR	100
tr|Q1K803|Q1K803_NEUCR	tr|Q1K803|Q1K803_NEUCR	100
tr|Q1K823|Q1K823_NEUCR	tr|Q1K823|Q1K823_NEUCR	100
tr|Q1K8U6|Q1K8U6_NEUCR	tr|Q1K8U6|Q1K8U6_NEUCR	100
tr|Q1K8V0|Q1K8V0_NEUCR	tr|Q1K8V0|Q1K8V0_NEUCR	100
tr|Q1K8Z3|Q1K8Z3_NEUCR	tr|Q1K8Z3|Q1K8Z3_NEUCR	100
tr|Q1K947|Q1K947_NEUCR	tr|Q1K947|Q1K947_NEUCR	100
tr|Q7RV74|Q7RV74_NEUCR	tr|Q7RV74|Q7RV74_NEUCR	100
tr|Q7RWS0|Q7RWS0_NEUCR	tr|Q7RWS0|Q7RWS0_NEUCR	100
tr|Q7RXA9|Q7RXA9_NEUCR	tr|Q7RXA9|Q7RXA9_NEUCR	100
tr|Q7RXW5|Q7RXW5_NEUCR	tr|Q7RXW5|Q7RXW5_NEUCR	100
tr|Q7RYQ0|Q7RYQ0_NEUCR	tr|Q7RYQ0|Q7RYQ0_NEUCR	100
tr|Q7RZ56|Q7RZ56_NEUCR	tr|Q7RZ56|Q7RZ56_NEUCR	100
tr|Q7RZG8|Q7RZG8_NEUCR	tr|Q7RZG8|Q7RZG8_NEUCR	100
tr|Q7S030|Q7S030_NEUCR	tr|Q7S030|Q7S030_NEUCR	100
sp|Q7S054|RM50_NEUCR	sp|Q7S054|RM50_NEUCR	100
tr|Q7S0G6|Q7S0G6_NEUCR	tr|Q7S0G6|Q7S0G6_NEUCR	100
tr|Q7S145|Q7S145_NEUCR	tr|Q7S145|Q7S145_NEUCR	100
sp|Q7S1I0|ATG26_NEUCR	sp|Q7S1I0|ATG26_NEUCR	100
tr|Q7S211|Q7S211_NEUCR	tr|Q7S211|Q7S211_NEUCR	100
tr|Q7S263|Q7S263_NEUCR	tr|Q7S263|Q7S263_NEUCR	100
tr|Q7S281|Q7S281_NEUCR	tr|Q7S281|Q7S281_NEUCR	100
tr|Q7S2D5|Q7S2D5_NEUCR	tr|Q7S2D5|Q7S2D5_NEUCR	100
tr|Q7S2H0|Q7S2H0_NEUCR	tr|Q7S2H0|Q7S2H0_NEUCR	100
tr|Q7S344|Q7S344_NEUCR	tr|Q7S344|Q7S344_NEUCR	100
tr|Q7S3G1|Q7S3G1_NEUCR	tr|Q7S3G1|Q7S3G1_NEUCR	100
tr|Q7S3J7|Q7S3J7_NEUCR	tr|Q7S3J7|Q7S3J7_NEUCR	100
tr|Q7S448|Q7S448_NEUCR	tr|Q7S448|Q7S448_NEUCR	100
tr|Q7S489|Q7S489_NEUCR	tr|Q7S489|Q7S489_NEUCR	100
tr|Q7S4A7|Q7S4A7_NEUCR	tr|Q7S4A7|Q7S4A7_NEUCR	100
tr|Q7S4N8|Q7S4N8_NEUCR	tr|Q7S4N8|Q7S4N8_NEUCR	100
tr|Q7S5A5|Q7S5A5_NEUCR	tr|Q7S5A5|Q7S5A5_NEUCR	100
tr|Q7S5D4|Q7S5D4_NEUCR	tr|Q7S5D4|Q7S5D4_NEUCR	100
tr|Q7S5L9|Q7S5L9_NEUCR	tr|Q7S5L9|Q7S5L9_NEUCR	100
tr|Q7S630|Q7S630_NEUCR	tr|Q7S630|Q7S630_NEUCR	100
tr|Q7S684|Q7S684_NEUCR	tr|Q7S684|Q7S684_NEUCR	100
tr|Q7S6L7|Q7S6L7_NEUCR	tr|Q7S6L7|Q7S6L7_NEUCR	100
tr|Q7S6M1|Q7S6M1_NEUCR	tr|Q7S6M1|Q7S6M1_NEUCR	100
tr|Q7S705|Q7S705_NEUCR	tr|Q7S705|Q7S705_NEUCR	100
tr|Q7S770|Q7S770_NEUCR	tr|Q7S770|Q7S770_NEUCR	100
tr|Q7S7A8|Q7S7A8_NEUCR	tr|Q7S7A8|Q7S7A8_NEUCR	100
tr|Q7S7J8|Q7S7J8_NEUCR	tr|Q7S7J8|Q7S7J8_NEUCR	100
tr|Q7S8P1|Q7S8P1_NEUCR	tr|Q7S8P1|Q7S8P1_NEUCR	100
tr|Q7SA15|Q7SA15_NEUCR	tr|Q7SA15|Q7SA15_NEUCR	100
tr|Q7SAH5|Q7SAH5_NEUCR	tr|Q7SAH5|Q7SAH5_NEUCR	100
tr|Q7SAK4|Q7SAK4_NEUCR	tr|Q7SAK4|Q7SAK4_NEUCR	100
tr|Q7SAR4|Q7SAR4_NEUCR	tr|Q7SAR4|Q7SAR4_NEUCR	100
tr|Q7SAY7|Q7SAY7_NEUCR	tr|Q7SAY7|Q7SAY7_NEUCR	100
tr|Q7SB64|Q7SB64_NEUCR	tr|Q7SB64|Q7SB64_NEUCR	100
tr|Q7SBE9|Q7SBE9_NEUCR	tr|Q7SBE9|Q7SBE9_NEUCR	100
tr|Q7SBK9|Q7SBK9_NEUCR	tr|Q7SBK9|Q7SBK9_NEUCR	100
tr|Q7SBN2|Q7SBN2_NEUCR	tr|Q7SBN2|Q7SBN2_NEUCR	100
tr|Q7SC97|Q7SC97_NEUCR	tr|Q7SC97|Q7SC97_NEUCR	100
tr|Q7SCR6|Q7SCR6_NEUCR	tr|Q7SCR6|Q7SCR6_NEUCR	100
tr|Q7SCS6|Q7SCS6_NEUCR	tr|Q7SCS6|Q7SCS6_NEUCR	100
tr|Q7SD10|Q7SD10_NEUCR	tr|Q7SD10|Q7SD10_NEUCR	100
tr|Q7SD58|Q7SD58_NEUCR	tr|Q7SD58|Q7SD58_NEUCR	100
tr|Q7SDC2|Q7SDC2_NEUCR	tr|Q7SDC2|Q7SDC2_NEUCR	100
tr|Q7SDV8|Q7SDV8_NEUCR	tr|Q7SDV8|Q7SDV8_NEUCR	100
tr|Q7SE32|Q7SE32_NEUCR	tr|Q7SE32|Q7SE32_NEUCR	100
tr|Q7SEW3|Q7SEW3_NEUCR	tr|Q7SEW3|Q7SEW3_NEUCR	100
tr|Q7SF51|Q7SF51_NEUCR	tr|Q7SF51|Q7SF51_NEUCR	100
sp|Q7SFJ9|RS16_NEUCR	sp|Q7SFJ9|RS16_NEUCR	100
tr|Q7SFM8|Q7SFM8_NEUCR	tr|Q7SFM8|Q7SFM8_NEUCR	100
tr|Q7SFN8|Q7SFN8_NEUCR	tr|Q7SFN8|Q7SFN8_NEUCR	100
tr|Q7SFQ0|Q7SFQ0_NEUCR	tr|Q7SFQ0|Q7SFQ0_NEUCR	100
tr|Q7SG41|Q7SG41_NEUCR	tr|Q7SG41|Q7SG41_NEUCR	100
tr|Q7SGI1|Q7SGI1_NEUCR	tr|Q7SGI1|Q7SGI1_NEUCR	100
tr|Q7SGU3|Q7SGU3_NEUCR	tr|Q7SGU3|Q7SGU3_NEUCR	100
tr|Q7SHS1|Q7SHS1_NEUCR	tr|Q7SHS1|Q7SHS1_NEUCR	100
sp|Q7SHX8|EFR3_NEUCR	sp|Q7SHX8|EFR3_NEUCR	100
sp|Q871Z4|CYNS_NEUCR	sp|Q871Z4|CYNS_NEUCR	100
sp|Q9HEC4|RRP36_NEUCR	sp|Q9HEC4|RRP36_NEUCR	100
sp|Q9P3S1|PPN1_NEUCR	sp|Q9P3S1|PPN1_NEUCR	100
sp|Q9P5K9|CAPZA_NEUCR	sp|Q9P5K9|CAPZA_NEUCR	100
tr|V5IKJ6|V5IKJ6_NEUCR	tr|V5IKJ6|V5IKJ6_NEUCR	100
tr|V5IKS9|V5IKS9_NEUCR	tr|V5IKS9|V5IKS9_NEUCR	100
tr|V5IM05|V5IM05_NEUCR	tr|V5IM05|V5IM05_NEUCR	100
tr|V5IM38|V5IM38_NEUCR	tr|V5IM38|V5IM38_NEUCR	100
tr|V5IM45|V5IM45_NEUCR	tr|V5IM45|V5IM45_NEUCR	100
tr|V5IMP9|V5IMP9_NEUCR	tr|V5IMP9|V5IMP9_NEUCR	100
tr|V5IN51|V5IN51_NEUCR	tr|V5IN51|V5IN51_NEUCR	100
tr|V5IND7|V5IND7_NEUCR	tr|V5IND7|V5IND7_NEUCR	100
tr|V5INS5|V5INS5_NEUCR	tr|V5INS5|V5INS5_NEUCR	100
tr|V5IP30|V5IP30_NEUCR	tr|V5IP30|V5IP30_NEUCR	100
tr|V5IPL1|V5IPL1_NEUCR	tr|V5IPL1|V5IPL1_NEUCR	100
tr|V5IQ99|V5IQ99_NEUCR	tr|V5IQ99|V5IQ99_NEUCR	100
tr|V5IQF5|V5IQF5_NEUCR	tr|V5IQF5|V5IQF5_NEUCR	100
tr|V5IR01|V5IR01_NEUCR	tr|V5IR01|V5IR01_NEUCR	100
tr|A7UWD6|A7UWD6_NEUCR	tr|A7UWD6|A7UWD6_NEUCR	100
tr|A7UWU1|A7UWU1_NEUCR	tr|A7UWU1|A7UWU1_NEUCR	100
tr|A7UWX1|A7UWX1_NEUCR	tr|A7UWX1|A7UWX1_NEUCR	100
tr|F5HCG6|F5HCG6_NEUCR	tr|F5HCG6|F5HCG6_NEUCR	100
tr|F5HFA2|F5HFA2_NEUCR	tr|F5HFA2|F5HFA2_NEUCR	100
sp|P06810|COX5_NEUCR	sp|P06810|COX5_NEUCR	100
sp|P0C584|PLPL_NEUCR	sp|P0C584|PLPL_NEUCR	100
sp|P28350|SYV_NEUCR	sp|P28350|SYV_NEUCR	100
tr|Q1K4U2|Q1K4U2_NEUCR	tr|Q1K4U2|Q1K4U2_NEUCR	100
tr|Q1K598|Q1K598_NEUCR	tr|Q1K598|Q1K598_NEUCR	100
tr|Q1K5N4|Q1K5N4_NEUCR	tr|Q1K5N4|Q1K5N4_NEUCR	100
tr|Q1K625|Q1K625_NEUCR	tr|Q1K625|Q1K625_NEUCR	100
tr|Q1K6I0|Q1K6I0_NEUCR	tr|Q1K6I0|Q1K6I0_NEUCR	100
tr|Q1K6J9|Q1K6J9_NEUCR	tr|Q1K6J9|Q1K6J9_NEUCR	100
tr|Q1K6M9|Q1K6M9_NEUCR	tr|Q1K6M9|Q1K6M9_NEUCR	100
tr|Q1K760|Q1K760_NEUCR	tr|Q1K760|Q1K760_NEUCR	100
tr|Q1K7B3|Q1K7B3_NEUCR	tr|Q1K7B3|Q1K7B3_NEUCR	100
tr|Q1K7F0|Q1K7F0_NEUCR	tr|Q1K7F0|Q1K7F0_NEUCR	100
tr|Q1K8B2|Q1K8B2_NEUCR	tr|Q1K8B2|Q1K8B2_NEUCR	100
tr|Q1K8V9|Q1K8V9_NEUCR	tr|Q1K8V9|Q1K8V9_NEUCR	100
tr|Q7RVB4|Q7RVB4_NEUCR	tr|Q7RVB4|Q7RVB4_NEUCR	100
tr|Q7RVU2|Q7RVU2_NEUCR	tr|Q7RVU2|Q7RVU2_NEUCR	100
tr|Q7RW63|Q7RW63_NEUCR	tr|Q7RW63|Q7RW63_NEUCR	100
tr|Q7RWH1|Q7RWH1_NEUCR	tr|Q7RWH1|Q7RWH1_NEUCR	100
tr|Q7RWZ9|Q7RWZ9_NEUCR	tr|Q7RWZ9|Q7RWZ9_NEUCR	100
tr|Q7RX25|Q7RX25_NEUCR	tr|Q7RX25|Q7RX25_NEUCR	100
tr|Q7RXU4|Q7RXU4_NEUCR	tr|Q7RXU4|Q7RXU4_NEUCR	100
tr|Q7RXV9|Q7RXV9_NEUCR	tr|Q7RXV9|Q7RXV9_NEUCR	100
sp|Q7RYI3|SWC5_NEUCR	sp|Q7RYI3|SWC5_NEUCR	100
sp|Q7RYL6|AMPP1_NEUCR	sp|Q7RYL6|AMPP1_NEUCR	100
tr|Q7RYP7|Q7RYP7_NEUCR	tr|Q7RYP7|Q7RYP7_NEUCR	100
tr|Q7RYU5|Q7RYU5_NEUCR	tr|Q7RYU5|Q7RYU5_NEUCR	100
sp|Q7RYW6|CYSK_NEUCR	sp|Q7RYW6|CYSK_NEUCR	100
tr|Q7RZ51|Q7RZ51_NEUCR	tr|Q7RZ51|Q7RZ51_NEUCR	100
tr|Q7RZU2|Q7RZU2_NEUCR	tr|Q7RZU2|Q7RZU2_NEUCR	100
tr|Q7S0E6|Q7S0E6_NEUCR	tr|Q7S0E6|Q7S0E6_NEUCR	100
tr|Q7S0H1|Q7S0H1_NEUCR	tr|Q7S0H1|Q7S0H1_NEUCR	100
sp|Q7S0P8|CSN4_NEUCR	sp|Q7S0P8|CSN4_NEUCR	100
sp|Q7S0S2|CELAP_NEUCR	sp|Q7S0S2|CELAP_NEUCR	100
tr|Q7S140|Q7S140_NEUCR	tr|Q7S140|Q7S140_NEUCR	100
sp|Q7S163|U499_NEUCR	sp|Q7S163|U499_NEUCR	100
tr|Q7S1A0|Q7S1A0_NEUCR	tr|Q7S1A0|Q7S1A0_NEUCR	100
tr|Q7S1D0|Q7S1D0_NEUCR	tr|Q7S1D0|Q7S1D0_NEUCR	100
tr|Q7S1K3|Q7S1K3_NEUCR	tr|Q7S1K3|Q7S1K3_NEUCR	100
tr|Q7S1U9|Q7S1U9_NEUCR	tr|Q7S1U9|Q7S1U9_NEUCR	100
tr|Q7S273|Q7S273_NEUCR	tr|Q7S273|Q7S273_NEUCR	100
tr|Q7S3M1|Q7S3M1_NEUCR	tr|Q7S3M1|Q7S3M1_NEUCR	100
tr|Q7S4I6|Q7S4I6_NEUCR	tr|Q7S4I6|Q7S4I6_NEUCR	100
tr|Q7S4J9|Q7S4J9_NEUCR	tr|Q7S4J9|Q7S4J9_NEUCR	100
tr|Q7S4L6|Q7S4L6_NEUCR	tr|Q7S4L6|Q7S4L6_NEUCR	100
tr|Q7S514|Q7S514_NEUCR	tr|Q7S514|Q7S514_NEUCR	100
tr|Q7S597|Q7S597_NEUCR	tr|Q7S597|Q7S597_NEUCR	100
tr|Q7S5A7|Q7S5A7_NEUCR	tr|Q7S5A7|Q7S5A7_NEUCR	100
tr|Q7S5D5|Q7S5D5_NEUCR	tr|Q7S5D5|Q7S5D5_NEUCR	100
tr|Q7S6L8|Q7S6L8_NEUCR	tr|Q7S6L8|Q7S6L8_NEUCR	100
tr|Q7S737|Q7S737_NEUCR	tr|Q7S737|Q7S737_NEUCR	100
tr|Q7S7W9|Q7S7W9_NEUCR	tr|Q7S7W9|Q7S7W9_NEUCR	100
tr|Q7S8C1|Q7S8C1_NEUCR	tr|Q7S8C1|Q7S8C1_NEUCR	100
tr|Q7S8J6|Q7S8J6_NEUCR	tr|Q7S8J6|Q7S8J6_NEUCR	100
tr|Q7S8K6|Q7S8K6_NEUCR	tr|Q7S8K6|Q7S8K6_NEUCR	100
tr|Q7S955|Q7S955_NEUCR	tr|Q7S955|Q7S955_NEUCR	100
tr|Q7S9A1|Q7S9A1_NEUCR	tr|Q7S9A1|Q7S9A1_NEUCR	100
tr|Q7S9I6|Q7S9I6_NEUCR	tr|Q7S9I6|Q7S9I6_NEUCR	100
tr|Q7S9L9|Q7S9L9_NEUCR	tr|Q7S9L9|Q7S9L9_NEUCR	100
tr|Q7SAL4|Q7SAL4_NEUCR	tr|Q7SAL4|Q7SAL4_NEUCR	100
sp|Q7SAP1|MCD4_NEUCR	sp|Q7SAP1|MCD4_NEUCR	100
tr|Q7SAP4|Q7SAP4_NEUCR	tr|Q7SAP4|Q7SAP4_NEUCR	100
tr|Q7SAT5|Q7SAT5_NEUCR	tr|Q7SAT5|Q7SAT5_NEUCR	100
tr|Q7SB70|Q7SB70_NEUCR	tr|Q7SB70|Q7SB70_NEUCR	100
tr|Q7SBN9|Q7SBN9_NEUCR	tr|Q7SBN9|Q7SBN9_NEUCR	100
sp|Q7SBU7|SPP2_NEUCR	sp|Q7SBU7|SPP2_NEUCR	100
tr|Q7SBW5|Q7SBW5_NEUCR	tr|Q7SBW5|Q7SBW5_NEUCR	100
tr|Q7SCX1|Q7SCX1_NEUCR	tr|Q7SCX1|Q7SCX1_NEUCR	100
tr|Q7SDJ5|Q7SDJ5_NEUCR	tr|Q7SDJ5|Q7SDJ5_NEUCR	100
tr|Q7SDZ4|Q7SDZ4_NEUCR	tr|Q7SDZ4|Q7SDZ4_NEUCR	100
tr|Q7SE37|Q7SE37_NEUCR	tr|Q7SE37|Q7SE37_NEUCR	100
tr|Q7SEB5|Q7SEB5_NEUCR	tr|Q7SEB5|Q7SEB5_NEUCR	100
tr|Q7SED3|Q7SED3_NEUCR	tr|Q7SED3|Q7SED3_NEUCR	100
tr|Q7SFP6|Q7SFP6_NEUCR	tr|Q7SFP6|Q7SFP6_NEUCR	100
sp|Q7SFQ9|MRS2_NEUCR	sp|Q7SFQ9|MRS2_NEUCR	100
tr|Q7SFR2|Q7SFR2_NEUCR	tr|Q7SFR2|Q7SFR2_NEUCR	100
tr|Q7SG83|Q7SG83_NEUCR	tr|Q7SG83|Q7SG83_NEUCR	100
tr|Q7SGP4|Q7SGP4_NEUCR	tr|Q7SGP4|Q7SGP4_NEUCR	100
tr|Q7SGS3|Q7SGS3_NEUCR	tr|Q7SGS3|Q7SGS3_NEUCR	100
tr|Q7SGT0|Q7SGT0_NEUCR	tr|Q7SGT0|Q7SGT0_NEUCR	100
tr|Q7SHC3|Q7SHC3_NEUCR	tr|Q7SHC3|Q7SHC3_NEUCR	100
sp|Q872U8|SGO1_NEUCR	sp|Q872U8|SGO1_NEUCR	100
tr|U9W375|U9W375_NEUCR	tr|U9W375|U9W375_NEUCR	100
tr|U9W8H4|U9W8H4_NEUCR	tr|U9W8H4|U9W8H4_NEUCR	100
tr|U9WGL4|U9WGL4_NEUCR	tr|U9WGL4|U9WGL4_NEUCR	100
tr|V5IKV7|V5IKV7_NEUCR	tr|V5IKV7|V5IKV7_NEUCR	100
tr|V5IL90|V5IL90_NEUCR	tr|V5IL90|V5IL90_NEUCR	100
tr|V5ILK3|V5ILK3_NEUCR	tr|V5ILK3|V5ILK3_NEUCR	100
tr|V5IML6|V5IML6_NEUCR	tr|V5IML6|V5IML6_NEUCR	100
tr|V5IMT0|V5IMT0_NEUCR	tr|V5IMT0|V5IMT0_NEUCR	100
tr|V5IN94|V5IN94_NEUCR	tr|V5IN94|V5IN94_NEUCR	100
tr|V5IN96|V5IN96_NEUCR	tr|V5IN96|V5IN96_NEUCR	100
tr|V5IPD3|V5IPD3_NEUCR	tr|V5IPD3|V5IPD3_NEUCR	100
tr|V5IQC8|V5IQC8_NEUCR	tr|V5IQC8|V5IQC8_NEUCR	100
tr|V5IR95|V5IR95_NEUCR	tr|V5IR95|V5IR95_NEUCR	100
tr|A7UVW6|A7UVW6_NEUCR	tr|A7UVW6|A7UVW6_NEUCR	100
tr|A7UVZ6|A7UVZ6_NEUCR	tr|A7UVZ6|A7UVZ6_NEUCR	100
sp|Q1K528|COX8_NEUCR	sp|Q1K528|COX8_NEUCR	100
tr|Q1K558|Q1K558_NEUCR	tr|Q1K558|Q1K558_NEUCR	100
tr|Q1K595|Q1K595_NEUCR	tr|Q1K595|Q1K595_NEUCR	100
tr|Q1K5A7|Q1K5A7_NEUCR	tr|Q1K5A7|Q1K5A7_NEUCR	100
tr|Q1K5H2|Q1K5H2_NEUCR	tr|Q1K5H2|Q1K5H2_NEUCR	100
tr|Q1K5M5|Q1K5M5_NEUCR	tr|Q1K5M5|Q1K5M5_NEUCR	100
tr|Q1K648|Q1K648_NEUCR	tr|Q1K648|Q1K648_NEUCR	100
tr|Q1K6Y4|Q1K6Y4_NEUCR	tr|Q1K6Y4|Q1K6Y4_NEUCR	100
tr|Q1K771|Q1K771_NEUCR	tr|Q1K771|Q1K771_NEUCR	100
tr|Q1K782|Q1K782_NEUCR	tr|Q1K782|Q1K782_NEUCR	100
tr|Q1K7P4|Q1K7P4_NEUCR	tr|Q1K7P4|Q1K7P4_NEUCR	100
tr|Q1K7U8|Q1K7U8_NEUCR	tr|Q1K7U8|Q1K7U8_NEUCR	100
tr|Q1K876|Q1K876_NEUCR	tr|Q1K876|Q1K876_NEUCR	100
tr|Q7RWP4|Q7RWP4_NEUCR	tr|Q7RWP4|Q7RWP4_NEUCR	100
tr|Q7RY55|Q7RY55_NEUCR	tr|Q7RY55|Q7RY55_NEUCR	100
tr|Q7RYD6|Q7RYD6_NEUCR	tr|Q7RYD6|Q7RYD6_NEUCR	100
tr|Q7RYK8|Q7RYK8_NEUCR	tr|Q7RYK8|Q7RYK8_NEUCR	100
tr|Q7RYX9|Q7RYX9_NEUCR	tr|Q7RYX9|Q7RYX9_NEUCR	100
tr|Q7RYY6|Q7RYY6_NEUCR	tr|Q7RYY6|Q7RYY6_NEUCR	100
tr|Q7RZ28|Q7RZ28_NEUCR	tr|Q7RZ28|Q7RZ28_NEUCR	100
tr|Q7RZ47|Q7RZ47_NEUCR	tr|Q7RZ47|Q7RZ47_NEUCR	100
tr|Q7S000|Q7S000_NEUCR	tr|Q7S000|Q7S000_NEUCR	100
sp|Q7S154|MED14_NEUCR	sp|Q7S154|MED14_NEUCR	100
tr|Q7S1Q1|Q7S1Q1_NEUCR	tr|Q7S1Q1|Q7S1Q1_NEUCR	100
tr|Q7S250|Q7S250_NEUCR	tr|Q7S250|Q7S250_NEUCR	100
tr|Q7S270|Q7S270_NEUCR	tr|Q7S270|Q7S270_NEUCR	100
tr|Q7S2C0|Q7S2C0_NEUCR	tr|Q7S2C0|Q7S2C0_NEUCR	100
tr|Q7S2H5|Q7S2H5_NEUCR	tr|Q7S2H5|Q7S2H5_NEUCR	100
tr|Q7S2P0|Q7S2P0_NEUCR	tr|Q7S2P0|Q7S2P0_NEUCR	100
tr|Q7S2Q8|Q7S2Q8_NEUCR	tr|Q7S2Q8|Q7S2Q8_NEUCR	100
tr|Q7S342|Q7S342_NEUCR	tr|Q7S342|Q7S342_NEUCR	100
tr|Q7S3A5|Q7S3A5_NEUCR	tr|Q7S3A5|Q7S3A5_NEUCR	100
tr|Q7S3G5|Q7S3G5_NEUCR	tr|Q7S3G5|Q7S3G5_NEUCR	100
tr|Q7S3P3|Q7S3P3_NEUCR	tr|Q7S3P3|Q7S3P3_NEUCR	100
tr|Q7S405|Q7S405_NEUCR	tr|Q7S405|Q7S405_NEUCR	100
tr|Q7S429|Q7S429_NEUCR	tr|Q7S429|Q7S429_NEUCR	100
tr|Q7S4A6|Q7S4A6_NEUCR	tr|Q7S4A6|Q7S4A6_NEUCR	100
sp|Q7S4E7|RTC6_NEUCR	sp|Q7S4E7|RTC6_NEUCR	100
tr|Q7S4H5|Q7S4H5_NEUCR	tr|Q7S4H5|Q7S4H5_NEUCR	100
tr|Q7S4L8|Q7S4L8_NEUCR	tr|Q7S4L8|Q7S4L8_NEUCR	100
tr|Q7S4S6|Q7S4S6_NEUCR	tr|Q7S4S6|Q7S4S6_NEUCR	100
tr|Q7S517|Q7S517_NEUCR	tr|Q7S517|Q7S517_NEUCR	100
tr|Q7S547|Q7S547_NEUCR	tr|Q7S547|Q7S547_NEUCR	100
tr|Q7S5H2|Q7S5H2_NEUCR	tr|Q7S5H2|Q7S5H2_NEUCR	100
tr|Q7S5P2|Q7S5P2_NEUCR	tr|Q7S5P2|Q7S5P2_NEUCR	100
tr|Q7S5T0|Q7S5T0_NEUCR	tr|Q7S5T0|Q7S5T0_NEUCR	100
tr|Q7S623|Q7S623_NEUCR	tr|Q7S623|Q7S623_NEUCR	100
tr|Q7S6M2|Q7S6M2_NEUCR	tr|Q7S6M2|Q7S6M2_NEUCR	100
tr|Q7S7M9|Q7S7M9_NEUCR	tr|Q7S7M9|Q7S7M9_NEUCR	100
tr|Q7S7T4|Q7S7T4_NEUCR	tr|Q7S7T4|Q7S7T4_NEUCR	100
tr|Q7S845|Q7S845_NEUCR	tr|Q7S845|Q7S845_NEUCR	100
tr|Q7S8A1|Q7S8A1_NEUCR	tr|Q7S8A1|Q7S8A1_NEUCR	100
tr|Q7S8Y6|Q7S8Y6_NEUCR	tr|Q7S8Y6|Q7S8Y6_NEUCR	100
tr|Q7S9T7|Q7S9T7_NEUCR	tr|Q7S9T7|Q7S9T7_NEUCR	100
tr|Q7S9Y3|Q7S9Y3_NEUCR	tr|Q7S9Y3|Q7S9Y3_NEUCR	100
tr|Q7SA34|Q7SA34_NEUCR	tr|Q7SA34|Q7SA34_NEUCR	100
tr|Q7SAL7|Q7SAL7_NEUCR	tr|Q7SAL7|Q7SAL7_NEUCR	100
tr|Q7SAP2|Q7SAP2_NEUCR	tr|Q7SAP2|Q7SAP2_NEUCR	100
tr|Q7SBH2|Q7SBH2_NEUCR	tr|Q7SBH2|Q7SBH2_NEUCR	100
tr|Q7SBR8|Q7SBR8_NEUCR	tr|Q7SBR8|Q7SBR8_NEUCR	100
tr|Q7SC38|Q7SC38_NEUCR	tr|Q7SC38|Q7SC38_NEUCR	100
tr|Q7SCF9|Q7SCF9_NEUCR	tr|Q7SCF9|Q7SCF9_NEUCR	100
sp|Q7SCN0|FKBP4_NEUCR	sp|Q7SCN0|FKBP4_NEUCR	100
tr|Q7SD57|Q7SD57_NEUCR	tr|Q7SD57|Q7SD57_NEUCR	100
tr|Q7SD73|Q7SD73_NEUCR	tr|Q7SD73|Q7SD73_NEUCR	100
tr|Q7SDA9|Q7SDA9_NEUCR	tr|Q7SDA9|Q7SDA9_NEUCR	100
tr|Q7SDC5|Q7SDC5_NEUCR	tr|Q7SDC5|Q7SDC5_NEUCR	100
tr|Q7SDH3|Q7SDH3_NEUCR	tr|Q7SDH3|Q7SDH3_NEUCR	100
sp|Q7SEK1|EIF3M_NEUCR	sp|Q7SEK1|EIF3M_NEUCR	100
tr|Q7SFE6|Q7SFE6_NEUCR	tr|Q7SFE6|Q7SFE6_NEUCR	100
tr|Q7SG22|Q7SG22_NEUCR	tr|Q7SG22|Q7SG22_NEUCR	100
tr|Q7SGA6|Q7SGA6_NEUCR	tr|Q7SGA6|Q7SGA6_NEUCR	100
tr|Q7SGC4|Q7SGC4_NEUCR	tr|Q7SGC4|Q7SGC4_NEUCR	100
tr|Q7SH83|Q7SH83_NEUCR	tr|Q7SH83|Q7SH83_NEUCR	100
tr|Q7SHD0|Q7SHD0_NEUCR	tr|Q7SHD0|Q7SHD0_NEUCR	100
tr|Q7SHG4|Q7SHG4_NEUCR	tr|Q7SHG4|Q7SHG4_NEUCR	100
tr|Q7SHN3|Q7SHN3_NEUCR	tr|Q7SHN3|Q7SHN3_NEUCR	100
sp|Q8X225|DIM5_NEUCR	sp|Q8X225|DIM5_NEUCR	100
tr|U9W842|U9W842_NEUCR	tr|U9W842|U9W842_NEUCR	100
tr|V5IKW1|V5IKW1_NEUCR	tr|V5IKW1|V5IKW1_NEUCR	100
tr|V5IL47|V5IL47_NEUCR	tr|V5IL47|V5IL47_NEUCR	100
tr|V5IL49|V5IL49_NEUCR	tr|V5IL49|V5IL49_NEUCR	100
tr|V5ILW8|V5ILW8_NEUCR	tr|V5ILW8|V5ILW8_NEUCR	100
tr|V5ILY6|V5ILY6_NEUCR	tr|V5ILY6|V5ILY6_NEUCR	100
tr|V5IM08|V5IM08_NEUCR	tr|V5IM08|V5IM08_NEUCR	100
tr|V5IM77|V5IM77_NEUCR	tr|V5IM77|V5IM77_NEUCR	100
tr|V5IM91|V5IM91_NEUCR	tr|V5IM91|V5IM91_NEUCR	100
tr|V5IMB6|V5IMB6_NEUCR	tr|V5IMB6|V5IMB6_NEUCR	100
tr|V5IME0|V5IME0_NEUCR	tr|V5IME0|V5IME0_NEUCR	100
tr|V5IMS8|V5IMS8_NEUCR	tr|V5IMS8|V5IMS8_NEUCR	100
tr|V5IN16|V5IN16_NEUCR	tr|V5IN16|V5IN16_NEUCR	100
tr|V5INM3|V5INM3_NEUCR	tr|V5INM3|V5INM3_NEUCR	100
tr|V5INV7|V5INV7_NEUCR	tr|V5INV7|V5INV7_NEUCR	100
tr|V5INW6|V5INW6_NEUCR	tr|V5INW6|V5INW6_NEUCR	100
tr|V5IPB2|V5IPB2_NEUCR	tr|V5IPB2|V5IPB2_NEUCR	100
tr|V5IPC0|V5IPC0_NEUCR	tr|V5IPC0|V5IPC0_NEUCR	100
tr|V5IQ24|V5IQ24_NEUCR	tr|V5IQ24|V5IQ24_NEUCR	100
tr|V5IR07|V5IR07_NEUCR	tr|V5IR07|V5IR07_NEUCR	100
sp|A7UWE6|ASA1_NEUCR	sp|A7UWE6|ASA1_NEUCR	100
tr|A7UWI8|A7UWI8_NEUCR	tr|A7UWI8|A7UWI8_NEUCR	100
tr|A7UWP3|A7UWP3_NEUCR	tr|A7UWP3|A7UWP3_NEUCR	100
tr|A7UWZ1|A7UWZ1_NEUCR	tr|A7UWZ1|A7UWZ1_NEUCR	100
tr|F5HBP0|F5HBP0_NEUCR	tr|F5HBP0|F5HBP0_NEUCR	100
sp|P00369|DHE4_NEUCR	sp|P00369|DHE4_NEUCR	100
sp|P31413|VATL1_NEUCR	sp|P31413|VATL1_NEUCR	100
sp|P37295|LCPS_NEUCR	sp|P37295|LCPS_NEUCR	100
sp|P38675|MET7_NEUCR	sp|P38675|MET7_NEUCR	100
tr|Q1K4W5|Q1K4W5_NEUCR	tr|Q1K4W5|Q1K4W5_NEUCR	100
tr|Q1K521|Q1K521_NEUCR	tr|Q1K521|Q1K521_NEUCR	100
tr|Q1K5W8|Q1K5W8_NEUCR	tr|Q1K5W8|Q1K5W8_NEUCR	100
tr|Q1K6Q8|Q1K6Q8_NEUCR	tr|Q1K6Q8|Q1K6Q8_NEUCR	100
tr|Q1K6U2|Q1K6U2_NEUCR	tr|Q1K6U2|Q1K6U2_NEUCR	100
tr|Q1K776|Q1K776_NEUCR	tr|Q1K776|Q1K776_NEUCR	100
tr|Q1K7F3|Q1K7F3_NEUCR	tr|Q1K7F3|Q1K7F3_NEUCR	100
tr|Q1K7I8|Q1K7I8_NEUCR	tr|Q1K7I8|Q1K7I8_NEUCR	100
tr|Q1K8M6|Q1K8M6_NEUCR	tr|Q1K8M6|Q1K8M6_NEUCR	100
tr|Q7RUY7|Q7RUY7_NEUCR	tr|Q7RUY7|Q7RUY7_NEUCR	100
tr|Q7RVY9|Q7RVY9_NEUCR	tr|Q7RVY9|Q7RVY9_NEUCR	100
sp|Q7RYE5|MKAR_NEUCR	sp|Q7RYE5|MKAR_NEUCR	100
sp|Q7RZC1|TRMB_NEUCR	sp|Q7RZC1|TRMB_NEUCR	100
tr|Q7RZE9|Q7RZE9_NEUCR	tr|Q7RZE9|Q7RZE9_NEUCR	100
tr|Q7RZH7|Q7RZH7_NEUCR	tr|Q7RZH7|Q7RZH7_NEUCR	100
tr|Q7S0Y0|Q7S0Y0_NEUCR	tr|Q7S0Y0|Q7S0Y0_NEUCR	100
tr|Q7S1H8|Q7S1H8_NEUCR	tr|Q7S1H8|Q7S1H8_NEUCR	100
tr|Q7S1Z8|Q7S1Z8_NEUCR	tr|Q7S1Z8|Q7S1Z8_NEUCR	100
sp|Q7S232|MCA1A_NEUCR	sp|Q7S232|MCA1A_NEUCR	100
tr|Q7S288|Q7S288_NEUCR	tr|Q7S288|Q7S288_NEUCR	100
tr|Q7S385|Q7S385_NEUCR	tr|Q7S385|Q7S385_NEUCR	100
tr|Q7S3I6|Q7S3I6_NEUCR	tr|Q7S3I6|Q7S3I6_NEUCR	100
tr|Q7S3S4|Q7S3S4_NEUCR	tr|Q7S3S4|Q7S3S4_NEUCR	100
tr|Q7S412|Q7S412_NEUCR	tr|Q7S412|Q7S412_NEUCR	100
sp|Q7S464|EIF3B_NEUCR	sp|Q7S464|EIF3B_NEUCR	100
sp|Q7S519|EIF3E_NEUCR	sp|Q7S519|EIF3E_NEUCR	100
tr|Q7S5L5|Q7S5L5_NEUCR	tr|Q7S5L5|Q7S5L5_NEUCR	100
tr|Q7S627|Q7S627_NEUCR	tr|Q7S627|Q7S627_NEUCR	100
tr|Q7S6H0|Q7S6H0_NEUCR	tr|Q7S6H0|Q7S6H0_NEUCR	100
tr|Q7S6L3|Q7S6L3_NEUCR	tr|Q7S6L3|Q7S6L3_NEUCR	100
sp|Q7S6P8|BFR2_NEUCR	sp|Q7S6P8|BFR2_NEUCR	100
tr|Q7S778|Q7S778_NEUCR	tr|Q7S778|Q7S778_NEUCR	100
tr|Q7S7C7|Q7S7C7_NEUCR	tr|Q7S7C7|Q7S7C7_NEUCR	100
tr|Q7S7R2|Q7S7R2_NEUCR	tr|Q7S7R2|Q7S7R2_NEUCR	100
tr|Q7S8H2|Q7S8H2_NEUCR	tr|Q7S8H2|Q7S8H2_NEUCR	100
tr|Q7S8M3|Q7S8M3_NEUCR	tr|Q7S8M3|Q7S8M3_NEUCR	100
tr|Q7S8Q2|Q7S8Q2_NEUCR	tr|Q7S8Q2|Q7S8Q2_NEUCR	100
tr|Q7S956|Q7S956_NEUCR	tr|Q7S956|Q7S956_NEUCR	100
tr|Q7S9R9|Q7S9R9_NEUCR	tr|Q7S9R9|Q7S9R9_NEUCR	100
tr|Q7S9Z0|Q7S9Z0_NEUCR	tr|Q7S9Z0|Q7S9Z0_NEUCR	100
tr|Q7SAC8|Q7SAC8_NEUCR	tr|Q7SAC8|Q7SAC8_NEUCR	100
tr|Q7SAD7|Q7SAD7_NEUCR	tr|Q7SAD7|Q7SAD7_NEUCR	100
tr|Q7SAQ4|Q7SAQ4_NEUCR	tr|Q7SAQ4|Q7SAQ4_NEUCR	100
tr|Q7SAZ1|Q7SAZ1_NEUCR	tr|Q7SAZ1|Q7SAZ1_NEUCR	100
tr|Q7SAZ2|Q7SAZ2_NEUCR	tr|Q7SAZ2|Q7SAZ2_NEUCR	100
tr|Q7SB56|Q7SB56_NEUCR	tr|Q7SB56|Q7SB56_NEUCR	100
tr|Q7SB99|Q7SB99_NEUCR	tr|Q7SB99|Q7SB99_NEUCR	100
tr|Q7SBC7|Q7SBC7_NEUCR	tr|Q7SBC7|Q7SBC7_NEUCR	100
tr|Q7SBG7|Q7SBG7_NEUCR	tr|Q7SBG7|Q7SBG7_NEUCR	100
tr|Q7SCH9|Q7SCH9_NEUCR	tr|Q7SCH9|Q7SCH9_NEUCR	100
tr|Q7SCV3|Q7SCV3_NEUCR	tr|Q7SCV3|Q7SCV3_NEUCR	100
tr|Q7SDB5|Q7SDB5_NEUCR	tr|Q7SDB5|Q7SDB5_NEUCR	100
tr|Q7SDP1|Q7SDP1_NEUCR	tr|Q7SDP1|Q7SDP1_NEUCR	100
tr|Q7SE10|Q7SE10_NEUCR	tr|Q7SE10|Q7SE10_NEUCR	100
tr|Q7SE82|Q7SE82_NEUCR	tr|Q7SE82|Q7SE82_NEUCR	100
tr|Q7SFB9|Q7SFB9_NEUCR	tr|Q7SFB9|Q7SFB9_NEUCR	100
sp|Q7SFJ3|SLX4_NEUCR	sp|Q7SFJ3|SLX4_NEUCR	100
tr|Q7SFJ6|Q7SFJ6_NEUCR	tr|Q7SFJ6|Q7SFJ6_NEUCR	100
tr|Q7SFM5|Q7SFM5_NEUCR	tr|Q7SFM5|Q7SFM5_NEUCR	100
tr|Q7SFR5|Q7SFR5_NEUCR	tr|Q7SFR5|Q7SFR5_NEUCR	100
tr|Q7SG17|Q7SG17_NEUCR	tr|Q7SG17|Q7SG17_NEUCR	100
tr|Q7SGK0|Q7SGK0_NEUCR	tr|Q7SGK0|Q7SGK0_NEUCR	100
tr|Q7SGM5|Q7SGM5_NEUCR	tr|Q7SGM5|Q7SGM5_NEUCR	100
tr|Q7SGV5|Q7SGV5_NEUCR	tr|Q7SGV5|Q7SGV5_NEUCR	100
tr|Q7SHB3|Q7SHB3_NEUCR	tr|Q7SHB3|Q7SHB3_NEUCR	100
tr|Q7SHQ6|Q7SHQ6_NEUCR	tr|Q7SHQ6|Q7SHQ6_NEUCR	100
tr|Q7SHV0|Q7SHV0_NEUCR	tr|Q7SHV0|Q7SHV0_NEUCR	100
sp|Q9C2L8|RAB7_NEUCR	sp|Q9C2L8|RAB7_NEUCR	100
sp|Q9P6U7|PSB4_NEUCR	sp|Q9P6U7|PSB4_NEUCR	100
tr|U9W371|U9W371_NEUCR	tr|U9W371|U9W371_NEUCR	100
tr|U9W825|U9W825_NEUCR	tr|U9W825|U9W825_NEUCR	100
tr|U9W838|U9W838_NEUCR	tr|U9W838|U9W838_NEUCR	100
tr|U9W851|U9W851_NEUCR	tr|U9W851|U9W851_NEUCR	100
tr|V5IKH2|V5IKH2_NEUCR	tr|V5IKH2|V5IKH2_NEUCR	100
tr|V5IKM1|V5IKM1_NEUCR	tr|V5IKM1|V5IKM1_NEUCR	100
tr|V5IKV4|V5IKV4_NEUCR	tr|V5IKV4|V5IKV4_NEUCR	100
tr|V5ILQ2|V5ILQ2_NEUCR	tr|V5ILQ2|V5ILQ2_NEUCR	100
tr|V5IMS3|V5IMS3_NEUCR	tr|V5IMS3|V5IMS3_NEUCR	100
tr|V5IMZ6|V5IMZ6_NEUCR	tr|V5IMZ6|V5IMZ6_NEUCR	100
tr|V5INC8|V5INC8_NEUCR	tr|V5INC8|V5INC8_NEUCR	100
tr|V5INN5|V5INN5_NEUCR	tr|V5INN5|V5INN5_NEUCR	100
tr|V5INS4|V5INS4_NEUCR	tr|V5INS4|V5INS4_NEUCR	100
tr|V5IP66|V5IP66_NEUCR	tr|V5IP66|V5IP66_NEUCR	100
tr|V5IPU3|V5IPU3_NEUCR	tr|V5IPU3|V5IPU3_NEUCR	100
tr|V5IPV9|V5IPV9_NEUCR	tr|V5IPV9|V5IPV9_NEUCR	100
tr|V5IQ41|V5IQ41_NEUCR	tr|V5IQ41|V5IQ41_NEUCR	100
tr|V5IQ77|V5IQ77_NEUCR	tr|V5IQ77|V5IQ77_NEUCR	100
tr|V5IQC9|V5IQC9_NEUCR	tr|V5IQC9|V5IQC9_NEUCR	100
tr|V5IQP4|V5IQP4_NEUCR	tr|V5IQP4|V5IQP4_NEUCR	100
tr|V5IR10|V5IR10_NEUCR	tr|V5IR10|V5IR10_NEUCR	100
tr|V5IRF0|V5IRF0_NEUCR	tr|V5IRF0|V5IRF0_NEUCR	100
tr|A7UVZ4|A7UVZ4_NEUCR	tr|A7UVZ4|A7UVZ4_NEUCR	100
tr|A7UW19|A7UW19_NEUCR	tr|A7UW19|A7UW19_NEUCR	100
tr|A7UW53|A7UW53_NEUCR	tr|A7UW53|A7UW53_NEUCR	100
tr|A7UWD4|A7UWD4_NEUCR	tr|A7UWD4|A7UWD4_NEUCR	100
tr|A7UX31|A7UX31_NEUCR	tr|A7UX31|A7UX31_NEUCR	100
tr|F5HCG8|F5HCG8_NEUCR	tr|F5HCG8|F5HCG8_NEUCR	100
tr|F5HH09|F5HH09_NEUCR	tr|F5HH09|F5HH09_NEUCR	100
sp|Q01277|SCONB_NEUCR	sp|Q01277|SCONB_NEUCR	100
tr|Q1K4X8|Q1K4X8_NEUCR	tr|Q1K4X8|Q1K4X8_NEUCR	100
tr|Q1K527|Q1K527_NEUCR	tr|Q1K527|Q1K527_NEUCR	100
tr|Q1K5G7|Q1K5G7_NEUCR	tr|Q1K5G7|Q1K5G7_NEUCR	100
tr|Q1K5Y1|Q1K5Y1_NEUCR	tr|Q1K5Y1|Q1K5Y1_NEUCR	100
tr|Q1K622|Q1K622_NEUCR	tr|Q1K622|Q1K622_NEUCR	100
tr|Q1K639|Q1K639_NEUCR	tr|Q1K639|Q1K639_NEUCR	100
tr|Q1K6E5|Q1K6E5_NEUCR	tr|Q1K6E5|Q1K6E5_NEUCR	100
tr|Q1K6L4|Q1K6L4_NEUCR	tr|Q1K6L4|Q1K6L4_NEUCR	100
tr|Q1K6U1|Q1K6U1_NEUCR	tr|Q1K6U1|Q1K6U1_NEUCR	100
tr|Q1K6V2|Q1K6V2_NEUCR	tr|Q1K6V2|Q1K6V2_NEUCR	100
tr|Q1K6Z4|Q1K6Z4_NEUCR	tr|Q1K6Z4|Q1K6Z4_NEUCR	100
tr|Q1K834|Q1K834_NEUCR	tr|Q1K834|Q1K834_NEUCR	100
tr|Q1K867|Q1K867_NEUCR	tr|Q1K867|Q1K867_NEUCR	100
tr|Q1K8D1|Q1K8D1_NEUCR	tr|Q1K8D1|Q1K8D1_NEUCR	100
tr|Q1K8Z4|Q1K8Z4_NEUCR	tr|Q1K8Z4|Q1K8Z4_NEUCR	100
tr|Q7RU12|Q7RU12_NEUCR	tr|Q7RU12|Q7RU12_NEUCR	100
sp|Q7RUA4|ACUK_NEUCR	sp|Q7RUA4|ACUK_NEUCR	100
tr|Q7RW90|Q7RW90_NEUCR	tr|Q7RW90|Q7RW90_NEUCR	100
tr|Q7RWI5|Q7RWI5_NEUCR	tr|Q7RWI5|Q7RWI5_NEUCR	100
tr|Q7RX12|Q7RX12_NEUCR	tr|Q7RX12|Q7RX12_NEUCR	100
tr|Q7RX67|Q7RX67_NEUCR	tr|Q7RX67|Q7RX67_NEUCR	100
tr|Q7RXK2|Q7RXK2_NEUCR	tr|Q7RXK2|Q7RXK2_NEUCR	100
tr|Q7RY45|Q7RY45_NEUCR	tr|Q7RY45|Q7RY45_NEUCR	100
tr|Q7RYW5|Q7RYW5_NEUCR	tr|Q7RYW5|Q7RYW5_NEUCR	100
tr|Q7S052|Q7S052_NEUCR	tr|Q7S052|Q7S052_NEUCR	100
tr|Q7S094|Q7S094_NEUCR	tr|Q7S094|Q7S094_NEUCR	100
tr|Q7S0H6|Q7S0H6_NEUCR	tr|Q7S0H6|Q7S0H6_NEUCR	100
tr|Q7S0L4|Q7S0L4_NEUCR	tr|Q7S0L4|Q7S0L4_NEUCR	100
tr|Q7S188|Q7S188_NEUCR	tr|Q7S188|Q7S188_NEUCR	100
tr|Q7S1F3|Q7S1F3_NEUCR	tr|Q7S1F3|Q7S1F3_NEUCR	100
tr|Q7S1K7|Q7S1K7_NEUCR	tr|Q7S1K7|Q7S1K7_NEUCR	100
tr|Q7S218|Q7S218_NEUCR	tr|Q7S218|Q7S218_NEUCR	100
tr|Q7S2C3|Q7S2C3_NEUCR	tr|Q7S2C3|Q7S2C3_NEUCR	100
tr|Q7S3D5|Q7S3D5_NEUCR	tr|Q7S3D5|Q7S3D5_NEUCR	100
tr|Q7S3U5|Q7S3U5_NEUCR	tr|Q7S3U5|Q7S3U5_NEUCR	100
tr|Q7S3U6|Q7S3U6_NEUCR	tr|Q7S3U6|Q7S3U6_NEUCR	100
tr|Q7S3Z7|Q7S3Z7_NEUCR	tr|Q7S3Z7|Q7S3Z7_NEUCR	100
tr|Q7S4B4|Q7S4B4_NEUCR	tr|Q7S4B4|Q7S4B4_NEUCR	100
tr|Q7S4B9|Q7S4B9_NEUCR	tr|Q7S4B9|Q7S4B9_NEUCR	100
tr|Q7S4G8|Q7S4G8_NEUCR	tr|Q7S4G8|Q7S4G8_NEUCR	100
tr|Q7S4H3|Q7S4H3_NEUCR	tr|Q7S4H3|Q7S4H3_NEUCR	100
tr|Q7S4P9|Q7S4P9_NEUCR	tr|Q7S4P9|Q7S4P9_NEUCR	100
tr|Q7S4T1|Q7S4T1_NEUCR	tr|Q7S4T1|Q7S4T1_NEUCR	100
tr|Q7S583|Q7S583_NEUCR	tr|Q7S583|Q7S583_NEUCR	100
tr|Q7S6C3|Q7S6C3_NEUCR	tr|Q7S6C3|Q7S6C3_NEUCR	100
tr|Q7S723|Q7S723_NEUCR	tr|Q7S723|Q7S723_NEUCR	100
tr|Q7S7U6|Q7S7U6_NEUCR	tr|Q7S7U6|Q7S7U6_NEUCR	100
tr|Q7S7X7|Q7S7X7_NEUCR	tr|Q7S7X7|Q7S7X7_NEUCR	100
tr|Q7S819|Q7S819_NEUCR	tr|Q7S819|Q7S819_NEUCR	100
tr|Q7S875|Q7S875_NEUCR	tr|Q7S875|Q7S875_NEUCR	100
sp|Q7S8C2|MED21_NEUCR	sp|Q7S8C2|MED21_NEUCR	100
tr|Q7S8L9|Q7S8L9_NEUCR	tr|Q7S8L9|Q7S8L9_NEUCR	100
tr|Q7S8R7|Q7S8R7_NEUCR	tr|Q7S8R7|Q7S8R7_NEUCR	100
tr|Q7S9A9|Q7S9A9_NEUCR	tr|Q7S9A9|Q7S9A9_NEUCR	100
tr|Q7S9K9|Q7S9K9_NEUCR	tr|Q7S9K9|Q7S9K9_NEUCR	100
tr|Q7SAA1|Q7SAA1_NEUCR	tr|Q7SAA1|Q7SAA1_NEUCR	100
tr|Q7SAI9|Q7SAI9_NEUCR	tr|Q7SAI9|Q7SAI9_NEUCR	100
tr|Q7SAZ7|Q7SAZ7_NEUCR	tr|Q7SAZ7|Q7SAZ7_NEUCR	100
tr|Q7SB06|Q7SB06_NEUCR	tr|Q7SB06|Q7SB06_NEUCR	100
tr|Q7SCK7|Q7SCK7_NEUCR	tr|Q7SCK7|Q7SCK7_NEUCR	100
tr|Q7SCM4|Q7SCM4_NEUCR	tr|Q7SCM4|Q7SCM4_NEUCR	100
tr|Q7SER0|Q7SER0_NEUCR	tr|Q7SER0|Q7SER0_NEUCR	100
tr|Q7SES2|Q7SES2_NEUCR	tr|Q7SES2|Q7SES2_NEUCR	100
tr|Q7SEX4|Q7SEX4_NEUCR	tr|Q7SEX4|Q7SEX4_NEUCR	100
tr|Q7SEX6|Q7SEX6_NEUCR	tr|Q7SEX6|Q7SEX6_NEUCR	100
tr|Q7SF17|Q7SF17_NEUCR	tr|Q7SF17|Q7SF17_NEUCR	100
tr|Q7SF27|Q7SF27_NEUCR	tr|Q7SF27|Q7SF27_NEUCR	100
tr|Q7SF49|Q7SF49_NEUCR	tr|Q7SF49|Q7SF49_NEUCR	100
tr|Q7SFG9|Q7SFG9_NEUCR	tr|Q7SFG9|Q7SFG9_NEUCR	100
tr|Q7SG25|Q7SG25_NEUCR	tr|Q7SG25|Q7SG25_NEUCR	100
tr|Q7SGC2|Q7SGC2_NEUCR	tr|Q7SGC2|Q7SGC2_NEUCR	100
tr|Q7SH36|Q7SH36_NEUCR	tr|Q7SH36|Q7SH36_NEUCR	100
tr|Q7SHT3|Q7SHT3_NEUCR	tr|Q7SHT3|Q7SHT3_NEUCR	100
tr|Q7SHY7|Q7SHY7_NEUCR	tr|Q7SHY7|Q7SHY7_NEUCR	100
sp|Q871C5|MEP1_NEUCR	sp|Q871C5|MEP1_NEUCR	100
tr|U9W2V3|U9W2V3_NEUCR	tr|U9W2V3|U9W2V3_NEUCR	100
tr|U9WGQ0|U9WGQ0_NEUCR	tr|U9WGQ0|U9WGQ0_NEUCR	100
tr|U9WH22|U9WH22_NEUCR	tr|U9WH22|U9WH22_NEUCR	100
tr|V5IKG1|V5IKG1_NEUCR	tr|V5IKG1|V5IKG1_NEUCR	100
tr|V5IKT1|V5IKT1_NEUCR	tr|V5IKT1|V5IKT1_NEUCR	100
tr|V5IL27|V5IL27_NEUCR	tr|V5IL27|V5IL27_NEUCR	100
tr|V5IMT9|V5IMT9_NEUCR	tr|V5IMT9|V5IMT9_NEUCR	100
tr|V5IMX7|V5IMX7_NEUCR	tr|V5IMX7|V5IMX7_NEUCR	100
tr|V5INK6|V5INK6_NEUCR	tr|V5INK6|V5INK6_NEUCR	100
tr|V5INR8|V5INR8_NEUCR	tr|V5INR8|V5INR8_NEUCR	100
tr|V5INS1|V5INS1_NEUCR	tr|V5INS1|V5INS1_NEUCR	100
tr|V5IP58|V5IP58_NEUCR	tr|V5IP58|V5IP58_NEUCR	100
tr|V5IP96|V5IP96_NEUCR	tr|V5IP96|V5IP96_NEUCR	100
tr|V5IPA8|V5IPA8_NEUCR	tr|V5IPA8|V5IPA8_NEUCR	100
tr|V5IQ44|V5IQ44_NEUCR	tr|V5IQ44|V5IQ44_NEUCR	100
tr|V5IQN3|V5IQN3_NEUCR	tr|V5IQN3|V5IQN3_NEUCR	100
tr|V5IQS2|V5IQS2_NEUCR	tr|V5IQS2|V5IQS2_NEUCR	100
tr|A7UWA1|A7UWA1_NEUCR	tr|A7UWA1|A7UWA1_NEUCR	100
tr|A7UWE3|A7UWE3_NEUCR	tr|A7UWE3|A7UWE3_NEUCR	100
tr|A7UWE4|A7UWE4_NEUCR	tr|A7UWE4|A7UWE4_NEUCR	100
tr|Q1K5Y5|Q1K5Y5_NEUCR	tr|Q1K5Y5|Q1K5Y5_NEUCR	100
tr|Q1K613|Q1K613_NEUCR	tr|Q1K613|Q1K613_NEUCR	100
tr|Q1K645|Q1K645_NEUCR	tr|Q1K645|Q1K645_NEUCR	100
tr|Q1K662|Q1K662_NEUCR	tr|Q1K662|Q1K662_NEUCR	100
tr|Q1K6Q4|Q1K6Q4_NEUCR	tr|Q1K6Q4|Q1K6Q4_NEUCR	100
tr|Q1K6U3|Q1K6U3_NEUCR	tr|Q1K6U3|Q1K6U3_NEUCR	100
tr|Q1K770|Q1K770_NEUCR	tr|Q1K770|Q1K770_NEUCR	100
tr|Q1K7A1|Q1K7A1_NEUCR	tr|Q1K7A1|Q1K7A1_NEUCR	100
tr|Q1K7D5|Q1K7D5_NEUCR	tr|Q1K7D5|Q1K7D5_NEUCR	100
tr|Q1K7J1|Q1K7J1_NEUCR	tr|Q1K7J1|Q1K7J1_NEUCR	100
tr|Q1K8V6|Q1K8V6_NEUCR	tr|Q1K8V6|Q1K8V6_NEUCR	100
tr|Q7RUP9|Q7RUP9_NEUCR	tr|Q7RUP9|Q7RUP9_NEUCR	100
sp|Q7RUX3|SLT11_NEUCR	sp|Q7RUX3|SLT11_NEUCR	100
tr|Q7RVG3|Q7RVG3_NEUCR	tr|Q7RVG3|Q7RVG3_NEUCR	100
tr|Q7RVW1|Q7RVW1_NEUCR	tr|Q7RVW1|Q7RVW1_NEUCR	100
tr|Q7RWB7|Q7RWB7_NEUCR	tr|Q7RWB7|Q7RWB7_NEUCR	100
tr|Q7RWH9|Q7RWH9_NEUCR	tr|Q7RWH9|Q7RWH9_NEUCR	100
tr|Q7RX66|Q7RX66_NEUCR	tr|Q7RX66|Q7RX66_NEUCR	100
tr|Q7RXH7|Q7RXH7_NEUCR	tr|Q7RXH7|Q7RXH7_NEUCR	100
tr|Q7RXX9|Q7RXX9_NEUCR	tr|Q7RXX9|Q7RXX9_NEUCR	100
tr|Q7RY82|Q7RY82_NEUCR	tr|Q7RY82|Q7RY82_NEUCR	100
tr|Q7RYJ0|Q7RYJ0_NEUCR	tr|Q7RYJ0|Q7RYJ0_NEUCR	100
tr|Q7RYP6|Q7RYP6_NEUCR	tr|Q7RYP6|Q7RYP6_NEUCR	100
tr|Q7RZ70|Q7RZ70_NEUCR	tr|Q7RZ70|Q7RZ70_NEUCR	100
sp|Q7RZ85|NPC2_NEUCR	sp|Q7RZ85|NPC2_NEUCR	100
tr|Q7S074|Q7S074_NEUCR	tr|Q7S074|Q7S074_NEUCR	100
tr|Q7S0U1|Q7S0U1_NEUCR	tr|Q7S0U1|Q7S0U1_NEUCR	100
tr|Q7S0U4|Q7S0U4_NEUCR	tr|Q7S0U4|Q7S0U4_NEUCR	100
tr|Q7S0Y9|Q7S0Y9_NEUCR	tr|Q7S0Y9|Q7S0Y9_NEUCR	100
tr|Q7S0Z4|Q7S0Z4_NEUCR	tr|Q7S0Z4|Q7S0Z4_NEUCR	100
tr|Q7S136|Q7S136_NEUCR	tr|Q7S136|Q7S136_NEUCR	100
sp|Q7S1H9|CMR1_NEUCR	sp|Q7S1H9|CMR1_NEUCR	100
tr|Q7S1L0|Q7S1L0_NEUCR	tr|Q7S1L0|Q7S1L0_NEUCR	100
tr|Q7S1L2|Q7S1L2_NEUCR	tr|Q7S1L2|Q7S1L2_NEUCR	100
tr|Q7S1R2|Q7S1R2_NEUCR	tr|Q7S1R2|Q7S1R2_NEUCR	100
tr|Q7S238|Q7S238_NEUCR	tr|Q7S238|Q7S238_NEUCR	100
tr|Q7S2B0|Q7S2B0_NEUCR	tr|Q7S2B0|Q7S2B0_NEUCR	100
tr|Q7S2N2|Q7S2N2_NEUCR	tr|Q7S2N2|Q7S2N2_NEUCR	100
tr|Q7S307|Q7S307_NEUCR	tr|Q7S307|Q7S307_NEUCR	100
tr|Q7S324|Q7S324_NEUCR	tr|Q7S324|Q7S324_NEUCR	100
tr|Q7S4G3|Q7S4G3_NEUCR	tr|Q7S4G3|Q7S4G3_NEUCR	100
tr|Q7S4W3|Q7S4W3_NEUCR	tr|Q7S4W3|Q7S4W3_NEUCR	100
tr|Q7S596|Q7S596_NEUCR	tr|Q7S596|Q7S596_NEUCR	100
tr|Q7S5C1|Q7S5C1_NEUCR	tr|Q7S5C1|Q7S5C1_NEUCR	100
tr|Q7S5H1|Q7S5H1_NEUCR	tr|Q7S5H1|Q7S5H1_NEUCR	100
tr|Q7S5Z5|Q7S5Z5_NEUCR	tr|Q7S5Z5|Q7S5Z5_NEUCR	100
tr|Q7S750|Q7S750_NEUCR	tr|Q7S750|Q7S750_NEUCR	100
sp|Q7S7C0|PREP_NEUCR	sp|Q7S7C0|PREP_NEUCR	100
tr|Q7S7N9|Q7S7N9_NEUCR	tr|Q7S7N9|Q7S7N9_NEUCR	100
tr|Q7S8E0|Q7S8E0_NEUCR	tr|Q7S8E0|Q7S8E0_NEUCR	100
tr|Q7S8K7|Q7S8K7_NEUCR	tr|Q7S8K7|Q7S8K7_NEUCR	100
tr|Q7S8X1|Q7S8X1_NEUCR	tr|Q7S8X1|Q7S8X1_NEUCR	100
tr|Q7S8X6|Q7S8X6_NEUCR	tr|Q7S8X6|Q7S8X6_NEUCR	100
sp|Q7S9J6|IML1_NEUCR	sp|Q7S9J6|IML1_NEUCR	100
tr|Q7S9Z6|Q7S9Z6_NEUCR	tr|Q7S9Z6|Q7S9Z6_NEUCR	100
tr|Q7SAD6|Q7SAD6_NEUCR	tr|Q7SAD6|Q7SAD6_NEUCR	100
tr|Q7SAS2|Q7SAS2_NEUCR	tr|Q7SAS2|Q7SAS2_NEUCR	100
tr|Q7SAY5|Q7SAY5_NEUCR	tr|Q7SAY5|Q7SAY5_NEUCR	100
sp|Q7SB54|SNX41_NEUCR	sp|Q7SB54|SNX41_NEUCR	100
tr|Q7SBM7|Q7SBM7_NEUCR	tr|Q7SBM7|Q7SBM7_NEUCR	100
tr|Q7SBP6|Q7SBP6_NEUCR	tr|Q7SBP6|Q7SBP6_NEUCR	100
tr|Q7SC18|Q7SC18_NEUCR	tr|Q7SC18|Q7SC18_NEUCR	100
tr|Q7SCG9|Q7SCG9_NEUCR	tr|Q7SCG9|Q7SCG9_NEUCR	100
tr|Q7SCJ2|Q7SCJ2_NEUCR	tr|Q7SCJ2|Q7SCJ2_NEUCR	100
tr|Q7SCX9|Q7SCX9_NEUCR	tr|Q7SCX9|Q7SCX9_NEUCR	100
tr|Q7SCY5|Q7SCY5_NEUCR	tr|Q7SCY5|Q7SCY5_NEUCR	100
tr|Q7SD84|Q7SD84_NEUCR	tr|Q7SD84|Q7SD84_NEUCR	100
tr|Q7SDA3|Q7SDA3_NEUCR	tr|Q7SDA3|Q7SDA3_NEUCR	100
tr|Q7SDD2|Q7SDD2_NEUCR	tr|Q7SDD2|Q7SDD2_NEUCR	100
tr|Q7SDM1|Q7SDM1_NEUCR	tr|Q7SDM1|Q7SDM1_NEUCR	100
tr|Q7SEJ4|Q7SEJ4_NEUCR	tr|Q7SEJ4|Q7SEJ4_NEUCR	100
tr|Q7SEW5|Q7SEW5_NEUCR	tr|Q7SEW5|Q7SEW5_NEUCR	100
tr|Q7SF69|Q7SF69_NEUCR	tr|Q7SF69|Q7SF69_NEUCR	100
tr|Q7SG57|Q7SG57_NEUCR	tr|Q7SG57|Q7SG57_NEUCR	100
sp|Q7SGV1|SNX4_NEUCR	sp|Q7SGV1|SNX4_NEUCR	100
tr|Q7SHE0|Q7SHE0_NEUCR	tr|Q7SHE0|Q7SHE0_NEUCR	100
tr|Q7SHH5|Q7SHH5_NEUCR	tr|Q7SHH5|Q7SHH5_NEUCR	100
sp|Q7SHI1|SRDF_NEUCR	sp|Q7SHI1|SRDF_NEUCR	100
tr|Q7SHT4|Q7SHT4_NEUCR	tr|Q7SHT4|Q7SHT4_NEUCR	100
sp|Q92254|ERG2_NEUCR	sp|Q92254|ERG2_NEUCR	100
tr|U9WH18|U9WH18_NEUCR	tr|U9WH18|U9WH18_NEUCR	100
tr|V5IKJ7|V5IKJ7_NEUCR	tr|V5IKJ7|V5IKJ7_NEUCR	100
tr|V5IMG2|V5IMG2_NEUCR	tr|V5IMG2|V5IMG2_NEUCR	100
tr|V5IMK9|V5IMK9_NEUCR	tr|V5IMK9|V5IMK9_NEUCR	100
tr|V5INN9|V5INN9_NEUCR	tr|V5INN9|V5INN9_NEUCR	100
tr|V5INW0|V5INW0_NEUCR	tr|V5INW0|V5INW0_NEUCR	100
tr|V5INX7|V5INX7_NEUCR	tr|V5INX7|V5INX7_NEUCR	100
tr|V5IP33|V5IP33_NEUCR	tr|V5IP33|V5IP33_NEUCR	100
tr|V5IPU5|V5IPU5_NEUCR	tr|V5IPU5|V5IPU5_NEUCR	100
tr|V5IQ88|V5IQ88_NEUCR	tr|V5IQ88|V5IQ88_NEUCR	100
tr|V5IQU5|V5IQU5_NEUCR	tr|V5IQU5|V5IQU5_NEUCR	100
tr|V5IQV2|V5IQV2_NEUCR	tr|V5IQV2|V5IQV2_NEUCR	100
tr|V5IQW8|V5IQW8_NEUCR	tr|V5IQW8|V5IQW8_NEUCR	100
tr|V5IR54|V5IR54_NEUCR	tr|V5IR54|V5IR54_NEUCR	100
tr|V5IR88|V5IR88_NEUCR	tr|V5IR88|V5IR88_NEUCR	100
tr|V5IRE4|V5IRE4_NEUCR	tr|V5IRE4|V5IRE4_NEUCR	100
tr|V5IRI0|V5IRI0_NEUCR	tr|V5IRI0|V5IRI0_NEUCR	100
tr|A7UVU1|A7UVU1_NEUCR	tr|A7UVU1|A7UVU1_NEUCR	100
tr|A7UWA9|A7UWA9_NEUCR	tr|A7UWA9|A7UWA9_NEUCR	100
tr|A7UWD3|A7UWD3_NEUCR	tr|A7UWD3|A7UWD3_NEUCR	100
tr|A7UWV3|A7UWV3_NEUCR	tr|A7UWV3|A7UWV3_NEUCR	100
tr|A7UX77|A7UX77_NEUCR	tr|A7UX77|A7UX77_NEUCR	100
tr|A7UXD0|A7UXD0_NEUCR	tr|A7UXD0|A7UXD0_NEUCR	100
tr|F5HB43|F5HB43_NEUCR	tr|F5HB43|F5HB43_NEUCR	100
sp|O93798|RS21_NEUCR	sp|O93798|RS21_NEUCR	100
tr|Q1K4P5|Q1K4P5_NEUCR	tr|Q1K4P5|Q1K4P5_NEUCR	100
tr|Q1K596|Q1K596_NEUCR	tr|Q1K596|Q1K596_NEUCR	100
tr|Q1K5C2|Q1K5C2_NEUCR	tr|Q1K5C2|Q1K5C2_NEUCR	100
tr|Q1K5C4|Q1K5C4_NEUCR	tr|Q1K5C4|Q1K5C4_NEUCR	100
tr|Q1K5H8|Q1K5H8_NEUCR	tr|Q1K5H8|Q1K5H8_NEUCR	100
tr|Q1K5M6|Q1K5M6_NEUCR	tr|Q1K5M6|Q1K5M6_NEUCR	100
tr|Q1K5P1|Q1K5P1_NEUCR	tr|Q1K5P1|Q1K5P1_NEUCR	100
tr|Q1K609|Q1K609_NEUCR	tr|Q1K609|Q1K609_NEUCR	100
tr|Q1K637|Q1K637_NEUCR	tr|Q1K637|Q1K637_NEUCR	100
tr|Q1K6J5|Q1K6J5_NEUCR	tr|Q1K6J5|Q1K6J5_NEUCR	100
tr|Q1K7M9|Q1K7M9_NEUCR	tr|Q1K7M9|Q1K7M9_NEUCR	100
tr|Q1K7R6|Q1K7R6_NEUCR	tr|Q1K7R6|Q1K7R6_NEUCR	100
tr|Q1K7Y6|Q1K7Y6_NEUCR	tr|Q1K7Y6|Q1K7Y6_NEUCR	100
tr|Q1K842|Q1K842_NEUCR	tr|Q1K842|Q1K842_NEUCR	100
sp|Q6MWS8|PPIL3_NEUCR	sp|Q6MWS8|PPIL3_NEUCR	100
tr|Q7RWG1|Q7RWG1_NEUCR	tr|Q7RWG1|Q7RWG1_NEUCR	100
tr|Q7RWS2|Q7RWS2_NEUCR	tr|Q7RWS2|Q7RWS2_NEUCR	100
tr|Q7RXR7|Q7RXR7_NEUCR	tr|Q7RXR7|Q7RXR7_NEUCR	100
tr|Q7RY79|Q7RY79_NEUCR	tr|Q7RY79|Q7RY79_NEUCR	100
tr|Q7RYI9|Q7RYI9_NEUCR	tr|Q7RYI9|Q7RYI9_NEUCR	100
tr|Q7S101|Q7S101_NEUCR	tr|Q7S101|Q7S101_NEUCR	100
tr|Q7S1U5|Q7S1U5_NEUCR	tr|Q7S1U5|Q7S1U5_NEUCR	100
tr|Q7S266|Q7S266_NEUCR	tr|Q7S266|Q7S266_NEUCR	100
tr|Q7S2Y4|Q7S2Y4_NEUCR	tr|Q7S2Y4|Q7S2Y4_NEUCR	100
tr|Q7S3G9|Q7S3G9_NEUCR	tr|Q7S3G9|Q7S3G9_NEUCR	100
tr|Q7S4D0|Q7S4D0_NEUCR	tr|Q7S4D0|Q7S4D0_NEUCR	100
tr|Q7S4I1|Q7S4I1_NEUCR	tr|Q7S4I1|Q7S4I1_NEUCR	100
tr|Q7S4J7|Q7S4J7_NEUCR	tr|Q7S4J7|Q7S4J7_NEUCR	100
tr|Q7S5F8|Q7S5F8_NEUCR	tr|Q7S5F8|Q7S5F8_NEUCR	100
tr|Q7S5R3|Q7S5R3_NEUCR	tr|Q7S5R3|Q7S5R3_NEUCR	100
tr|Q7S5V2|Q7S5V2_NEUCR	tr|Q7S5V2|Q7S5V2_NEUCR	100
tr|Q7S5X7|Q7S5X7_NEUCR	tr|Q7S5X7|Q7S5X7_NEUCR	100
tr|Q7S6A9|Q7S6A9_NEUCR	tr|Q7S6A9|Q7S6A9_NEUCR	100
tr|Q7S6C7|Q7S6C7_NEUCR	tr|Q7S6C7|Q7S6C7_NEUCR	100
tr|Q7S6W0|Q7S6W0_NEUCR	tr|Q7S6W0|Q7S6W0_NEUCR	100
tr|Q7S7B1|Q7S7B1_NEUCR	tr|Q7S7B1|Q7S7B1_NEUCR	100
tr|Q7S7J6|Q7S7J6_NEUCR	tr|Q7S7J6|Q7S7J6_NEUCR	100
tr|Q7S7K3|Q7S7K3_NEUCR	tr|Q7S7K3|Q7S7K3_NEUCR	100
sp|Q7S7Z6|PPIB_NEUCR	sp|Q7S7Z6|PPIB_NEUCR	100
tr|Q7S8C6|Q7S8C6_NEUCR	tr|Q7S8C6|Q7S8C6_NEUCR	100
tr|Q7S8D5|Q7S8D5_NEUCR	tr|Q7S8D5|Q7S8D5_NEUCR	100
tr|Q7S923|Q7S923_NEUCR	tr|Q7S923|Q7S923_NEUCR	100
tr|Q7SAI8|Q7SAI8_NEUCR	tr|Q7SAI8|Q7SAI8_NEUCR	100
tr|Q7SBE6|Q7SBE6_NEUCR	tr|Q7SBE6|Q7SBE6_NEUCR	100
tr|Q7SBG9|Q7SBG9_NEUCR	tr|Q7SBG9|Q7SBG9_NEUCR	100
tr|Q7SBU0|Q7SBU0_NEUCR	tr|Q7SBU0|Q7SBU0_NEUCR	100
tr|Q7SBW1|Q7SBW1_NEUCR	tr|Q7SBW1|Q7SBW1_NEUCR	100
tr|Q7SC48|Q7SC48_NEUCR	tr|Q7SC48|Q7SC48_NEUCR	100
tr|Q7SC83|Q7SC83_NEUCR	tr|Q7SC83|Q7SC83_NEUCR	100
tr|Q7SCI3|Q7SCI3_NEUCR	tr|Q7SCI3|Q7SCI3_NEUCR	100
tr|Q7SD68|Q7SD68_NEUCR	tr|Q7SD68|Q7SD68_NEUCR	100
tr|Q7SDM7|Q7SDM7_NEUCR	tr|Q7SDM7|Q7SDM7_NEUCR	100
tr|Q7SEL4|Q7SEL4_NEUCR	tr|Q7SEL4|Q7SEL4_NEUCR	100
tr|Q7SES9|Q7SES9_NEUCR	tr|Q7SES9|Q7SES9_NEUCR	100
tr|Q7SET2|Q7SET2_NEUCR	tr|Q7SET2|Q7SET2_NEUCR	100
tr|Q7SEU9|Q7SEU9_NEUCR	tr|Q7SEU9|Q7SEU9_NEUCR	100
sp|Q7SF81|MED31_NEUCR	sp|Q7SF81|MED31_NEUCR	100
tr|Q7SGW2|Q7SGW2_NEUCR	tr|Q7SGW2|Q7SGW2_NEUCR	100
tr|Q7SGZ4|Q7SGZ4_NEUCR	tr|Q7SGZ4|Q7SGZ4_NEUCR	100
tr|Q7SHE3|Q7SHE3_NEUCR	tr|Q7SHE3|Q7SHE3_NEUCR	100
sp|Q7SHE8|CSM3_NEUCR	sp|Q7SHE8|CSM3_NEUCR	100
tr|Q7SHL5|Q7SHL5_NEUCR	tr|Q7SHL5|Q7SHL5_NEUCR	100
tr|Q7SHT7|Q7SHT7_NEUCR	tr|Q7SHT7|Q7SHT7_NEUCR	100
sp|Q7SHU9|NNRD_NEUCR	sp|Q7SHU9|NNRD_NEUCR	100
tr|Q7SHX5|Q7SHX5_NEUCR	tr|Q7SHX5|Q7SHX5_NEUCR	100
sp|Q871R7|YOP1_NEUCR	sp|Q871R7|YOP1_NEUCR	100
sp|Q872C6|ATG5_NEUCR	sp|Q872C6|ATG5_NEUCR	100
sp|Q9C0Q7|TIM54_NEUCR	sp|Q9C0Q7|TIM54_NEUCR	100
sp|Q9C224|STS1_NEUCR	sp|Q9C224|STS1_NEUCR	100
sp|Q9P3I3|ARGD_NEUCR	sp|Q9P3I3|ARGD_NEUCR	100
sp|Q9P6C8|ADH1_NEUCR	sp|Q9P6C8|ADH1_NEUCR	100
tr|V5IKR2|V5IKR2_NEUCR	tr|V5IKR2|V5IKR2_NEUCR	100
tr|V5IL20|V5IL20_NEUCR	tr|V5IL20|V5IL20_NEUCR	100
tr|V5ILA0|V5ILA0_NEUCR	tr|V5ILA0|V5ILA0_NEUCR	100
tr|V5ILJ9|V5ILJ9_NEUCR	tr|V5ILJ9|V5ILJ9_NEUCR	100
tr|V5ILL9|V5ILL9_NEUCR	tr|V5ILL9|V5ILL9_NEUCR	100
tr|V5ILP2|V5ILP2_NEUCR	tr|V5ILP2|V5ILP2_NEUCR	100
tr|V5INE4|V5INE4_NEUCR	tr|V5INE4|V5INE4_NEUCR	100
tr|V5INI4|V5INI4_NEUCR	tr|V5INI4|V5INI4_NEUCR	100
tr|V5INL5|V5INL5_NEUCR	tr|V5INL5|V5INL5_NEUCR	100
tr|V5INP3|V5INP3_NEUCR	tr|V5INP3|V5INP3_NEUCR	100
tr|V5INY1|V5INY1_NEUCR	tr|V5INY1|V5INY1_NEUCR	100
tr|V5IPB4|V5IPB4_NEUCR	tr|V5IPB4|V5IPB4_NEUCR	100
tr|V5IPL7|V5IPL7_NEUCR	tr|V5IPL7|V5IPL7_NEUCR	100
tr|V5IQ94|V5IQ94_NEUCR	tr|V5IQ94|V5IQ94_NEUCR	100
tr|V5IQD0|V5IQD0_NEUCR	tr|V5IQD0|V5IQD0_NEUCR	100
tr|V5IQD2|V5IQD2_NEUCR	tr|V5IQD2|V5IQD2_NEUCR	100
tr|V5IQI4|V5IQI4_NEUCR	tr|V5IQI4|V5IQI4_NEUCR	100
tr|V5IQI7|V5IQI7_NEUCR	tr|V5IQI7|V5IQI7_NEUCR	100
tr|V5IQM8|V5IQM8_NEUCR	tr|V5IQM8|V5IQM8_NEUCR	100
tr|V5IRF9|V5IRF9_NEUCR	tr|V5IRF9|V5IRF9_NEUCR	100
tr|V5IRM3|V5IRM3_NEUCR	tr|V5IRM3|V5IRM3_NEUCR	100
tr|A7UWW4|A7UWW4_NEUCR	tr|A7UWW4|A7UWW4_NEUCR	100
tr|A7UX76|A7UX76_NEUCR	tr|A7UX76|A7UX76_NEUCR	100
sp|P05035|PYRF_NEUCR	sp|P05035|PYRF_NEUCR	100
sp|P0C583|SAR1_NEUCR	sp|P0C583|SAR1_NEUCR	100
tr|Q1K4N3|Q1K4N3_NEUCR	tr|Q1K4N3|Q1K4N3_NEUCR	100
tr|Q1K556|Q1K556_NEUCR	tr|Q1K556|Q1K556_NEUCR	100
tr|Q1K5L1|Q1K5L1_NEUCR	tr|Q1K5L1|Q1K5L1_NEUCR	100
tr|Q1K5M1|Q1K5M1_NEUCR	tr|Q1K5M1|Q1K5M1_NEUCR	100
tr|Q1K6L0|Q1K6L0_NEUCR	tr|Q1K6L0|Q1K6L0_NEUCR	100
tr|Q1K6Q7|Q1K6Q7_NEUCR	tr|Q1K6Q7|Q1K6Q7_NEUCR	100
tr|Q1K751|Q1K751_NEUCR	tr|Q1K751|Q1K751_NEUCR	100
tr|Q1K7K8|Q1K7K8_NEUCR	tr|Q1K7K8|Q1K7K8_NEUCR	100
tr|Q1K7L4|Q1K7L4_NEUCR	tr|Q1K7L4|Q1K7L4_NEUCR	100
tr|Q1K7Y9|Q1K7Y9_NEUCR	tr|Q1K7Y9|Q1K7Y9_NEUCR	100
tr|Q1K8E2|Q1K8E2_NEUCR	tr|Q1K8E2|Q1K8E2_NEUCR	100
tr|Q1K8E6|Q1K8E6_NEUCR	tr|Q1K8E6|Q1K8E6_NEUCR	100
tr|Q1K8R9|Q1K8R9_NEUCR	tr|Q1K8R9|Q1K8R9_NEUCR	100
tr|Q1K8U8|Q1K8U8_NEUCR	tr|Q1K8U8|Q1K8U8_NEUCR	100
tr|Q1K8Y9|Q1K8Y9_NEUCR	tr|Q1K8Y9|Q1K8Y9_NEUCR	100
tr|Q7RVT5|Q7RVT5_NEUCR	tr|Q7RVT5|Q7RVT5_NEUCR	100
sp|Q7RWW0|POB3_NEUCR	sp|Q7RWW0|POB3_NEUCR	100
tr|Q7RX86|Q7RX86_NEUCR	tr|Q7RX86|Q7RX86_NEUCR	100
tr|Q7RY94|Q7RY94_NEUCR	tr|Q7RY94|Q7RY94_NEUCR	100
sp|Q7RY98|PALH_NEUCR	sp|Q7RY98|PALH_NEUCR	100
tr|Q7RYM0|Q7RYM0_NEUCR	tr|Q7RYM0|Q7RYM0_NEUCR	100
tr|Q7RYM3|Q7RYM3_NEUCR	tr|Q7RYM3|Q7RYM3_NEUCR	100
tr|Q7RYY3|Q7RYY3_NEUCR	tr|Q7RYY3|Q7RYY3_NEUCR	100
tr|Q7RZB2|Q7RZB2_NEUCR	tr|Q7RZB2|Q7RZB2_NEUCR	100
tr|Q7S0B3|Q7S0B3_NEUCR	tr|Q7S0B3|Q7S0B3_NEUCR	100
tr|Q7S0N9|Q7S0N9_NEUCR	tr|Q7S0N9|Q7S0N9_NEUCR	100
tr|Q7S0Q6|Q7S0Q6_NEUCR	tr|Q7S0Q6|Q7S0Q6_NEUCR	100
tr|Q7S144|Q7S144_NEUCR	tr|Q7S144|Q7S144_NEUCR	100
tr|Q7S194|Q7S194_NEUCR	tr|Q7S194|Q7S194_NEUCR	100
tr|Q7S1A9|Q7S1A9_NEUCR	tr|Q7S1A9|Q7S1A9_NEUCR	100
tr|Q7S1I4|Q7S1I4_NEUCR	tr|Q7S1I4|Q7S1I4_NEUCR	100
tr|Q7S1N5|Q7S1N5_NEUCR	tr|Q7S1N5|Q7S1N5_NEUCR	100
tr|Q7S1X3|Q7S1X3_NEUCR	tr|Q7S1X3|Q7S1X3_NEUCR	100
tr|Q7S2B8|Q7S2B8_NEUCR	tr|Q7S2B8|Q7S2B8_NEUCR	100
tr|Q7S2B9|Q7S2B9_NEUCR	tr|Q7S2B9|Q7S2B9_NEUCR	100
tr|Q7S345|Q7S345_NEUCR	tr|Q7S345|Q7S345_NEUCR	100
tr|Q7S399|Q7S399_NEUCR	tr|Q7S399|Q7S399_NEUCR	100
tr|Q7S3H9|Q7S3H9_NEUCR	tr|Q7S3H9|Q7S3H9_NEUCR	100
sp|Q7S4C1|SFH5_NEUCR	sp|Q7S4C1|SFH5_NEUCR	100
tr|Q7S4J5|Q7S4J5_NEUCR	tr|Q7S4J5|Q7S4J5_NEUCR	100
tr|Q7S4K9|Q7S4K9_NEUCR	tr|Q7S4K9|Q7S4K9_NEUCR	100
sp|Q7S532|PALA_NEUCR	sp|Q7S532|PALA_NEUCR	100
tr|Q7S5N2|Q7S5N2_NEUCR	tr|Q7S5N2|Q7S5N2_NEUCR	100
tr|Q7S5V1|Q7S5V1_NEUCR	tr|Q7S5V1|Q7S5V1_NEUCR	100
tr|Q7S6F7|Q7S6F7_NEUCR	tr|Q7S6F7|Q7S6F7_NEUCR	100
tr|Q7S6J7|Q7S6J7_NEUCR	tr|Q7S6J7|Q7S6J7_NEUCR	100
tr|Q7S732|Q7S732_NEUCR	tr|Q7S732|Q7S732_NEUCR	100
tr|Q7S7P7|Q7S7P7_NEUCR	tr|Q7S7P7|Q7S7P7_NEUCR	100
tr|Q7S892|Q7S892_NEUCR	tr|Q7S892|Q7S892_NEUCR	100
tr|Q7S8F6|Q7S8F6_NEUCR	tr|Q7S8F6|Q7S8F6_NEUCR	100
tr|Q7S8L7|Q7S8L7_NEUCR	tr|Q7S8L7|Q7S8L7_NEUCR	100
tr|Q7S8P0|Q7S8P0_NEUCR	tr|Q7S8P0|Q7S8P0_NEUCR	100
sp|Q7S8R3|BCP1_NEUCR	sp|Q7S8R3|BCP1_NEUCR	100
tr|Q7S927|Q7S927_NEUCR	tr|Q7S927|Q7S927_NEUCR	100
tr|Q7S9M9|Q7S9M9_NEUCR	tr|Q7S9M9|Q7S9M9_NEUCR	100
tr|Q7S9R6|Q7S9R6_NEUCR	tr|Q7S9R6|Q7S9R6_NEUCR	100
tr|Q7SA03|Q7SA03_NEUCR	tr|Q7SA03|Q7SA03_NEUCR	100
tr|Q7SA46|Q7SA46_NEUCR	tr|Q7SA46|Q7SA46_NEUCR	100
sp|Q7SAA9|PSF2_NEUCR	sp|Q7SAA9|PSF2_NEUCR	100
tr|Q7SAL1|Q7SAL1_NEUCR	tr|Q7SAL1|Q7SAL1_NEUCR	100
tr|Q7SAL9|Q7SAL9_NEUCR	tr|Q7SAL9|Q7SAL9_NEUCR	100
tr|Q7SAQ6|Q7SAQ6_NEUCR	tr|Q7SAQ6|Q7SAQ6_NEUCR	100
tr|Q7SBB3|Q7SBB3_NEUCR	tr|Q7SBB3|Q7SBB3_NEUCR	100
tr|Q7SBU8|Q7SBU8_NEUCR	tr|Q7SBU8|Q7SBU8_NEUCR	100
tr|Q7SBW0|Q7SBW0_NEUCR	tr|Q7SBW0|Q7SBW0_NEUCR	100
tr|Q7SCG0|Q7SCG0_NEUCR	tr|Q7SCG0|Q7SCG0_NEUCR	100
tr|Q7SCJ8|Q7SCJ8_NEUCR	tr|Q7SCJ8|Q7SCJ8_NEUCR	100
tr|Q7SCP6|Q7SCP6_NEUCR	tr|Q7SCP6|Q7SCP6_NEUCR	100
tr|Q7SCT0|Q7SCT0_NEUCR	tr|Q7SCT0|Q7SCT0_NEUCR	100
tr|Q7SCX0|Q7SCX0_NEUCR	tr|Q7SCX0|Q7SCX0_NEUCR	100
sp|Q7SDH9|PSF1_NEUCR	sp|Q7SDH9|PSF1_NEUCR	100
tr|Q7SDL1|Q7SDL1_NEUCR	tr|Q7SDL1|Q7SDL1_NEUCR	100
tr|Q7SE34|Q7SE34_NEUCR	tr|Q7SE34|Q7SE34_NEUCR	100
tr|Q7SEF7|Q7SEF7_NEUCR	tr|Q7SEF7|Q7SEF7_NEUCR	100
tr|Q7SEV0|Q7SEV0_NEUCR	tr|Q7SEV0|Q7SEV0_NEUCR	100
tr|Q7SF68|Q7SF68_NEUCR	tr|Q7SF68|Q7SF68_NEUCR	100
tr|Q7SFN3|Q7SFN3_NEUCR	tr|Q7SFN3|Q7SFN3_NEUCR	100
tr|Q7SFQ8|Q7SFQ8_NEUCR	tr|Q7SFQ8|Q7SFQ8_NEUCR	100
tr|Q7SG16|Q7SG16_NEUCR	tr|Q7SG16|Q7SG16_NEUCR	100
tr|Q7SGM1|Q7SGM1_NEUCR	tr|Q7SGM1|Q7SGM1_NEUCR	100
tr|Q7SGZ9|Q7SGZ9_NEUCR	tr|Q7SGZ9|Q7SGZ9_NEUCR	100
sp|Q7SH60|VPS10_NEUCR	sp|Q7SH60|VPS10_NEUCR	100
tr|Q7SHP9|Q7SHP9_NEUCR	tr|Q7SHP9|Q7SHP9_NEUCR	100
tr|Q7SI21|Q7SI21_NEUCR	tr|Q7SI21|Q7SI21_NEUCR	100
sp|Q9P727|SUCA_NEUCR	sp|Q9P727|SUCA_NEUCR	100
tr|U9W3T6|U9W3T6_NEUCR	tr|U9W3T6|U9W3T6_NEUCR	100
tr|U9W4K5|U9W4K5_NEUCR	tr|U9W4K5|U9W4K5_NEUCR	100
tr|U9WGN9|U9WGN9_NEUCR	tr|U9WGN9|U9WGN9_NEUCR	100
tr|U9WGY3|U9WGY3_NEUCR	tr|U9WGY3|U9WGY3_NEUCR	100
tr|V5IMU4|V5IMU4_NEUCR	tr|V5IMU4|V5IMU4_NEUCR	100
tr|V5INW2|V5INW2_NEUCR	tr|V5INW2|V5INW2_NEUCR	100
tr|V5IP18|V5IP18_NEUCR	tr|V5IP18|V5IP18_NEUCR	100
tr|V5IPG7|V5IPG7_NEUCR	tr|V5IPG7|V5IPG7_NEUCR	100
tr|V5IQ47|V5IQ47_NEUCR	tr|V5IQ47|V5IQ47_NEUCR	100
tr|V5IQX3|V5IQX3_NEUCR	tr|V5IQX3|V5IQX3_NEUCR	100
tr|V5IRR7|V5IRR7_NEUCR	tr|V5IRR7|V5IRR7_NEUCR	100
tr|A7UVY8|A7UVY8_NEUCR	tr|A7UVY8|A7UVY8_NEUCR	100
sp|A7UWX2|RT51_NEUCR	sp|A7UWX2|RT51_NEUCR	100
tr|A7UX30|A7UX30_NEUCR	tr|A7UX30|A7UX30_NEUCR	100
sp|A7UXI1|CAO2_NEUCR	sp|A7UXI1|CAO2_NEUCR	100
tr|F5HAA9|F5HAA9_NEUCR	tr|F5HAA9|F5HAA9_NEUCR	100
tr|F5HFM2|F5HFM2_NEUCR	tr|F5HFM2|F5HFM2_NEUCR	100
tr|F5HIK8|F5HIK8_NEUCR	tr|F5HIK8|F5HIK8_NEUCR	100
sp|P34762|CON6_NEUCR	sp|P34762|CON6_NEUCR	100
tr|Q1K4M5|Q1K4M5_NEUCR	tr|Q1K4M5|Q1K4M5_NEUCR	100
tr|Q1K4R4|Q1K4R4_NEUCR	tr|Q1K4R4|Q1K4R4_NEUCR	100
tr|Q1K549|Q1K549_NEUCR	tr|Q1K549|Q1K549_NEUCR	100
tr|Q1K5U2|Q1K5U2_NEUCR	tr|Q1K5U2|Q1K5U2_NEUCR	100
tr|Q1K5X5|Q1K5X5_NEUCR	tr|Q1K5X5|Q1K5X5_NEUCR	100
tr|Q1K610|Q1K610_NEUCR	tr|Q1K610|Q1K610_NEUCR	100
tr|Q1K6H1|Q1K6H1_NEUCR	tr|Q1K6H1|Q1K6H1_NEUCR	100
tr|Q1K6K0|Q1K6K0_NEUCR	tr|Q1K6K0|Q1K6K0_NEUCR	100
tr|Q1K6L9|Q1K6L9_NEUCR	tr|Q1K6L9|Q1K6L9_NEUCR	100
tr|Q1K6U6|Q1K6U6_NEUCR	tr|Q1K6U6|Q1K6U6_NEUCR	100
tr|Q1K6W5|Q1K6W5_NEUCR	tr|Q1K6W5|Q1K6W5_NEUCR	100
tr|Q1K6X6|Q1K6X6_NEUCR	tr|Q1K6X6|Q1K6X6_NEUCR	100
tr|Q1K6Y8|Q1K6Y8_NEUCR	tr|Q1K6Y8|Q1K6Y8_NEUCR	100
tr|Q1K719|Q1K719_NEUCR	tr|Q1K719|Q1K719_NEUCR	100
tr|Q1K784|Q1K784_NEUCR	tr|Q1K784|Q1K784_NEUCR	100
tr|Q1K795|Q1K795_NEUCR	tr|Q1K795|Q1K795_NEUCR	100
tr|Q1K877|Q1K877_NEUCR	tr|Q1K877|Q1K877_NEUCR	100
tr|Q1K8A9|Q1K8A9_NEUCR	tr|Q1K8A9|Q1K8A9_NEUCR	100
tr|Q1K8B5|Q1K8B5_NEUCR	tr|Q1K8B5|Q1K8B5_NEUCR	100
tr|Q1K8G3|Q1K8G3_NEUCR	tr|Q1K8G3|Q1K8G3_NEUCR	100
tr|Q1K8Q9|Q1K8Q9_NEUCR	tr|Q1K8Q9|Q1K8Q9_NEUCR	100
tr|Q1K8Y3|Q1K8Y3_NEUCR	tr|Q1K8Y3|Q1K8Y3_NEUCR	100
tr|Q7RV86|Q7RV86_NEUCR	tr|Q7RV86|Q7RV86_NEUCR	100
tr|Q7RVY8|Q7RVY8_NEUCR	tr|Q7RVY8|Q7RVY8_NEUCR	100
tr|Q7RWK1|Q7RWK1_NEUCR	tr|Q7RWK1|Q7RWK1_NEUCR	100
tr|Q7RXG7|Q7RXG7_NEUCR	tr|Q7RXG7|Q7RXG7_NEUCR	100
tr|Q7RYE2|Q7RYE2_NEUCR	tr|Q7RYE2|Q7RYE2_NEUCR	100
tr|Q7RYF1|Q7RYF1_NEUCR	tr|Q7RYF1|Q7RYF1_NEUCR	100
tr|Q7RYZ4|Q7RYZ4_NEUCR	tr|Q7RYZ4|Q7RYZ4_NEUCR	100
tr|Q7RZJ5|Q7RZJ5_NEUCR	tr|Q7RZJ5|Q7RZJ5_NEUCR	100
tr|Q7RZT0|Q7RZT0_NEUCR	tr|Q7RZT0|Q7RZT0_NEUCR	100
tr|Q7RZV9|Q7RZV9_NEUCR	tr|Q7RZV9|Q7RZV9_NEUCR	100
tr|Q7S150|Q7S150_NEUCR	tr|Q7S150|Q7S150_NEUCR	100
tr|Q7S193|Q7S193_NEUCR	tr|Q7S193|Q7S193_NEUCR	100
tr|Q7S1U0|Q7S1U0_NEUCR	tr|Q7S1U0|Q7S1U0_NEUCR	100
tr|Q7S1U2|Q7S1U2_NEUCR	tr|Q7S1U2|Q7S1U2_NEUCR	100
tr|Q7S239|Q7S239_NEUCR	tr|Q7S239|Q7S239_NEUCR	100
tr|Q7S2E6|Q7S2E6_NEUCR	tr|Q7S2E6|Q7S2E6_NEUCR	100
tr|Q7S2F7|Q7S2F7_NEUCR	tr|Q7S2F7|Q7S2F7_NEUCR	100
tr|Q7S2L1|Q7S2L1_NEUCR	tr|Q7S2L1|Q7S2L1_NEUCR	100
tr|Q7S2Z4|Q7S2Z4_NEUCR	tr|Q7S2Z4|Q7S2Z4_NEUCR	100
tr|Q7S327|Q7S327_NEUCR	tr|Q7S327|Q7S327_NEUCR	100
tr|Q7S3F1|Q7S3F1_NEUCR	tr|Q7S3F1|Q7S3F1_NEUCR	100
tr|Q7S3W4|Q7S3W4_NEUCR	tr|Q7S3W4|Q7S3W4_NEUCR	100
tr|Q7S3X1|Q7S3X1_NEUCR	tr|Q7S3X1|Q7S3X1_NEUCR	100
tr|Q7S435|Q7S435_NEUCR	tr|Q7S435|Q7S435_NEUCR	100
sp|Q7S454|RTC5_NEUCR	sp|Q7S454|RTC5_NEUCR	100
tr|Q7S4C8|Q7S4C8_NEUCR	tr|Q7S4C8|Q7S4C8_NEUCR	100
tr|Q7S4R2|Q7S4R2_NEUCR	tr|Q7S4R2|Q7S4R2_NEUCR	100
tr|Q7S6B9|Q7S6B9_NEUCR	tr|Q7S6B9|Q7S6B9_NEUCR	100
tr|Q7S6S3|Q7S6S3_NEUCR	tr|Q7S6S3|Q7S6S3_NEUCR	100
tr|Q7S756|Q7S756_NEUCR	tr|Q7S756|Q7S756_NEUCR	100
tr|Q7S7G3|Q7S7G3_NEUCR	tr|Q7S7G3|Q7S7G3_NEUCR	100
tr|Q7S801|Q7S801_NEUCR	tr|Q7S801|Q7S801_NEUCR	100
tr|Q7S8G4|Q7S8G4_NEUCR	tr|Q7S8G4|Q7S8G4_NEUCR	100
tr|Q7S954|Q7S954_NEUCR	tr|Q7S954|Q7S954_NEUCR	100
sp|Q7S9I1|SHE9_NEUCR	sp|Q7S9I1|SHE9_NEUCR	100
tr|Q7S9T1|Q7S9T1_NEUCR	tr|Q7S9T1|Q7S9T1_NEUCR	100
tr|Q7SA75|Q7SA75_NEUCR	tr|Q7SA75|Q7SA75_NEUCR	100
tr|Q7SAA0|Q7SAA0_NEUCR	tr|Q7SAA0|Q7SAA0_NEUCR	100
tr|Q7SAQ2|Q7SAQ2_NEUCR	tr|Q7SAQ2|Q7SAQ2_NEUCR	100
tr|Q7SB02|Q7SB02_NEUCR	tr|Q7SB02|Q7SB02_NEUCR	100
tr|Q7SBI0|Q7SBI0_NEUCR	tr|Q7SBI0|Q7SBI0_NEUCR	100
tr|Q7SBL9|Q7SBL9_NEUCR	tr|Q7SBL9|Q7SBL9_NEUCR	100
tr|Q7SC07|Q7SC07_NEUCR	tr|Q7SC07|Q7SC07_NEUCR	100
sp|Q7SCW9|RMT2_NEUCR	sp|Q7SCW9|RMT2_NEUCR	100
tr|Q7SDY4|Q7SDY4_NEUCR	tr|Q7SDY4|Q7SDY4_NEUCR	100
tr|Q7SE21|Q7SE21_NEUCR	tr|Q7SE21|Q7SE21_NEUCR	100
tr|Q7SED5|Q7SED5_NEUCR	tr|Q7SED5|Q7SED5_NEUCR	100
tr|Q7SEQ2|Q7SEQ2_NEUCR	tr|Q7SEQ2|Q7SEQ2_NEUCR	100
tr|Q7SFW3|Q7SFW3_NEUCR	tr|Q7SFW3|Q7SFW3_NEUCR	100
tr|Q7SFZ2|Q7SFZ2_NEUCR	tr|Q7SFZ2|Q7SFZ2_NEUCR	100
tr|Q7SG90|Q7SG90_NEUCR	tr|Q7SG90|Q7SG90_NEUCR	100
tr|Q7SGB0|Q7SGB0_NEUCR	tr|Q7SGB0|Q7SGB0_NEUCR	100
tr|Q7SGH9|Q7SGH9_NEUCR	tr|Q7SGH9|Q7SGH9_NEUCR	100
tr|Q7SGJ2|Q7SGJ2_NEUCR	tr|Q7SGJ2|Q7SGJ2_NEUCR	100
tr|Q7SGX8|Q7SGX8_NEUCR	tr|Q7SGX8|Q7SGX8_NEUCR	100
tr|Q7SHD6|Q7SHD6_NEUCR	tr|Q7SHD6|Q7SHD6_NEUCR	100
tr|Q7SHJ6|Q7SHJ6_NEUCR	tr|Q7SHJ6|Q7SHJ6_NEUCR	100
sp|Q871U2|ATG7_NEUCR	sp|Q871U2|ATG7_NEUCR	100
sp|Q8X0Q1|LCL2_NEUCR	sp|Q8X0Q1|LCL2_NEUCR	100
sp|Q9P5Z8|RUXF_NEUCR	sp|Q9P5Z8|RUXF_NEUCR	100
tr|U9W3Q4|U9W3Q4_NEUCR	tr|U9W3Q4|U9W3Q4_NEUCR	100
tr|V5IKI9|V5IKI9_NEUCR	tr|V5IKI9|V5IKI9_NEUCR	100
tr|V5IKM4|V5IKM4_NEUCR	tr|V5IKM4|V5IKM4_NEUCR	100
tr|V5ILB6|V5ILB6_NEUCR	tr|V5ILB6|V5ILB6_NEUCR	100
tr|V5ILH8|V5ILH8_NEUCR	tr|V5ILH8|V5ILH8_NEUCR	100
tr|V5IMT1|V5IMT1_NEUCR	tr|V5IMT1|V5IMT1_NEUCR	100
tr|V5INL6|V5INL6_NEUCR	tr|V5INL6|V5INL6_NEUCR	100
tr|V5IP52|V5IP52_NEUCR	tr|V5IP52|V5IP52_NEUCR	100
tr|V5IPW2|V5IPW2_NEUCR	tr|V5IPW2|V5IPW2_NEUCR	100
tr|V5IQ32|V5IQ32_NEUCR	tr|V5IQ32|V5IQ32_NEUCR	100
tr|A7UWT3|A7UWT3_NEUCR	tr|A7UWT3|A7UWT3_NEUCR	100
tr|A7UXC8|A7UXC8_NEUCR	tr|A7UXC8|A7UXC8_NEUCR	100
sp|P61859|CALM_NEUCR	sp|P61859|CALM_NEUCR	100
sp|Q01369|GBLP_NEUCR	sp|Q01369|GBLP_NEUCR	100
tr|Q1K4V3|Q1K4V3_NEUCR	tr|Q1K4V3|Q1K4V3_NEUCR	100
tr|Q1K535|Q1K535_NEUCR	tr|Q1K535|Q1K535_NEUCR	100
tr|Q1K7A9|Q1K7A9_NEUCR	tr|Q1K7A9|Q1K7A9_NEUCR	100
tr|Q1K833|Q1K833_NEUCR	tr|Q1K833|Q1K833_NEUCR	100
tr|Q1K8B9|Q1K8B9_NEUCR	tr|Q1K8B9|Q1K8B9_NEUCR	100
sp|Q1K8C8|RM08_NEUCR	sp|Q1K8C8|RM08_NEUCR	100
tr|Q1K8G5|Q1K8G5_NEUCR	tr|Q1K8G5|Q1K8G5_NEUCR	100
tr|Q1K8Y6|Q1K8Y6_NEUCR	tr|Q1K8Y6|Q1K8Y6_NEUCR	100
tr|Q1K905|Q1K905_NEUCR	tr|Q1K905|Q1K905_NEUCR	100
tr|Q1K955|Q1K955_NEUCR	tr|Q1K955|Q1K955_NEUCR	100
tr|Q7RVR3|Q7RVR3_NEUCR	tr|Q7RVR3|Q7RVR3_NEUCR	100
tr|Q7RVZ1|Q7RVZ1_NEUCR	tr|Q7RVZ1|Q7RVZ1_NEUCR	100
tr|Q7RW17|Q7RW17_NEUCR	tr|Q7RW17|Q7RW17_NEUCR	100
tr|Q7RW50|Q7RW50_NEUCR	tr|Q7RW50|Q7RW50_NEUCR	100
tr|Q7RWM7|Q7RWM7_NEUCR	tr|Q7RWM7|Q7RWM7_NEUCR	100
tr|Q7RWU3|Q7RWU3_NEUCR	tr|Q7RWU3|Q7RWU3_NEUCR	100
tr|Q7RWX3|Q7RWX3_NEUCR	tr|Q7RWX3|Q7RWX3_NEUCR	100
tr|Q7RX63|Q7RX63_NEUCR	tr|Q7RX63|Q7RX63_NEUCR	100
sp|Q7RXW8|CBPYA_NEUCR	sp|Q7RXW8|CBPYA_NEUCR	100
tr|Q7RY19|Q7RY19_NEUCR	tr|Q7RY19|Q7RY19_NEUCR	100
tr|Q7RYV7|Q7RYV7_NEUCR	tr|Q7RYV7|Q7RYV7_NEUCR	100
tr|Q7RYX4|Q7RYX4_NEUCR	tr|Q7RYX4|Q7RYX4_NEUCR	100
tr|Q7RZQ8|Q7RZQ8_NEUCR	tr|Q7RZQ8|Q7RZQ8_NEUCR	100
tr|Q7RZU3|Q7RZU3_NEUCR	tr|Q7RZU3|Q7RZU3_NEUCR	100
sp|Q7RZV2|PYRG_NEUCR	sp|Q7RZV2|PYRG_NEUCR	100
tr|Q7S0M8|Q7S0M8_NEUCR	tr|Q7S0M8|Q7S0M8_NEUCR	100
tr|Q7S0S8|Q7S0S8_NEUCR	tr|Q7S0S8|Q7S0S8_NEUCR	100
tr|Q7S0X4|Q7S0X4_NEUCR	tr|Q7S0X4|Q7S0X4_NEUCR	100
tr|Q7S1M0|Q7S1M0_NEUCR	tr|Q7S1M0|Q7S1M0_NEUCR	100
tr|Q7S231|Q7S231_NEUCR	tr|Q7S231|Q7S231_NEUCR	100
tr|Q7S2F0|Q7S2F0_NEUCR	tr|Q7S2F0|Q7S2F0_NEUCR	100
tr|Q7S2R5|Q7S2R5_NEUCR	tr|Q7S2R5|Q7S2R5_NEUCR	100
tr|Q7S3I8|Q7S3I8_NEUCR	tr|Q7S3I8|Q7S3I8_NEUCR	100
tr|Q7S3L8|Q7S3L8_NEUCR	tr|Q7S3L8|Q7S3L8_NEUCR	100
tr|Q7S4C0|Q7S4C0_NEUCR	tr|Q7S4C0|Q7S4C0_NEUCR	100
tr|Q7S4H9|Q7S4H9_NEUCR	tr|Q7S4H9|Q7S4H9_NEUCR	100
sp|Q7S4V5|RBD2_NEUCR	sp|Q7S4V5|RBD2_NEUCR	100
tr|Q7S4W1|Q7S4W1_NEUCR	tr|Q7S4W1|Q7S4W1_NEUCR	100
tr|Q7S568|Q7S568_NEUCR	tr|Q7S568|Q7S568_NEUCR	100
tr|Q7S5E3|Q7S5E3_NEUCR	tr|Q7S5E3|Q7S5E3_NEUCR	100
tr|Q7S5M3|Q7S5M3_NEUCR	tr|Q7S5M3|Q7S5M3_NEUCR	100
tr|Q7S5U8|Q7S5U8_NEUCR	tr|Q7S5U8|Q7S5U8_NEUCR	100
tr|Q7S6E3|Q7S6E3_NEUCR	tr|Q7S6E3|Q7S6E3_NEUCR	100
tr|Q7S6I4|Q7S6I4_NEUCR	tr|Q7S6I4|Q7S6I4_NEUCR	100
tr|Q7S6S6|Q7S6S6_NEUCR	tr|Q7S6S6|Q7S6S6_NEUCR	100
sp|Q7S785|LKHA4_NEUCR	sp|Q7S785|LKHA4_NEUCR	100
tr|Q7S7L2|Q7S7L2_NEUCR	tr|Q7S7L2|Q7S7L2_NEUCR	100
tr|Q7S7W3|Q7S7W3_NEUCR	tr|Q7S7W3|Q7S7W3_NEUCR	100
tr|Q7S842|Q7S842_NEUCR	tr|Q7S842|Q7S842_NEUCR	100
tr|Q7S8E8|Q7S8E8_NEUCR	tr|Q7S8E8|Q7S8E8_NEUCR	100
tr|Q7S8R6|Q7S8R6_NEUCR	tr|Q7S8R6|Q7S8R6_NEUCR	100
tr|Q7S908|Q7S908_NEUCR	tr|Q7S908|Q7S908_NEUCR	100
tr|Q7S9F1|Q7S9F1_NEUCR	tr|Q7S9F1|Q7S9F1_NEUCR	100
tr|Q7S9G9|Q7S9G9_NEUCR	tr|Q7S9G9|Q7S9G9_NEUCR	100
tr|Q7S9N5|Q7S9N5_NEUCR	tr|Q7S9N5|Q7S9N5_NEUCR	100
tr|Q7SA21|Q7SA21_NEUCR	tr|Q7SA21|Q7SA21_NEUCR	100
tr|Q7SA45|Q7SA45_NEUCR	tr|Q7SA45|Q7SA45_NEUCR	100
tr|Q7SAC5|Q7SAC5_NEUCR	tr|Q7SAC5|Q7SAC5_NEUCR	100
tr|Q7SAN7|Q7SAN7_NEUCR	tr|Q7SAN7|Q7SAN7_NEUCR	100
tr|Q7SAP6|Q7SAP6_NEUCR	tr|Q7SAP6|Q7SAP6_NEUCR	100
sp|Q7SBC5|GMT_NEUCR	sp|Q7SBC5|GMT_NEUCR	100
tr|Q7SBK4|Q7SBK4_NEUCR	tr|Q7SBK4|Q7SBK4_NEUCR	100
tr|Q7SBY2|Q7SBY2_NEUCR	tr|Q7SBY2|Q7SBY2_NEUCR	100
tr|Q7SC17|Q7SC17_NEUCR	tr|Q7SC17|Q7SC17_NEUCR	100
tr|Q7SC34|Q7SC34_NEUCR	tr|Q7SC34|Q7SC34_NEUCR	100
tr|Q7SCV1|Q7SCV1_NEUCR	tr|Q7SCV1|Q7SCV1_NEUCR	100
tr|Q7SDL2|Q7SDL2_NEUCR	tr|Q7SDL2|Q7SDL2_NEUCR	100
tr|Q7SDM6|Q7SDM6_NEUCR	tr|Q7SDM6|Q7SDM6_NEUCR	100
sp|Q7SEE1|PAM17_NEUCR	sp|Q7SEE1|PAM17_NEUCR	100
tr|Q7SEJ3|Q7SEJ3_NEUCR	tr|Q7SEJ3|Q7SEJ3_NEUCR	100
tr|Q7SEY5|Q7SEY5_NEUCR	tr|Q7SEY5|Q7SEY5_NEUCR	100
tr|Q7SGB5|Q7SGB5_NEUCR	tr|Q7SGB5|Q7SGB5_NEUCR	100
tr|Q7SGH7|Q7SGH7_NEUCR	tr|Q7SGH7|Q7SGH7_NEUCR	100
tr|Q7SGP9|Q7SGP9_NEUCR	tr|Q7SGP9|Q7SGP9_NEUCR	100
tr|Q7SGR6|Q7SGR6_NEUCR	tr|Q7SGR6|Q7SGR6_NEUCR	100
tr|Q7SGT5|Q7SGT5_NEUCR	tr|Q7SGT5|Q7SGT5_NEUCR	100
tr|Q7SHN1|Q7SHN1_NEUCR	tr|Q7SHN1|Q7SHN1_NEUCR	100
sp|Q873B8|YB160_NEUCR	sp|Q873B8|YB160_NEUCR	100
sp|Q873C7|RUVB2_NEUCR	sp|Q873C7|RUVB2_NEUCR	100
sp|Q9C167|RIR2_NEUCR	sp|Q9C167|RIR2_NEUCR	100
tr|U9W553|U9W553_NEUCR	tr|U9W553|U9W553_NEUCR	100
tr|V5IKK7|V5IKK7_NEUCR	tr|V5IKK7|V5IKK7_NEUCR	100
tr|V5ILP1|V5ILP1_NEUCR	tr|V5ILP1|V5ILP1_NEUCR	100
tr|V5ILT6|V5ILT6_NEUCR	tr|V5ILT6|V5ILT6_NEUCR	100
tr|V5IMH0|V5IMH0_NEUCR	tr|V5IMH0|V5IMH0_NEUCR	100
tr|V5IN93|V5IN93_NEUCR	tr|V5IN93|V5IN93_NEUCR	100
tr|V5INA3|V5INA3_NEUCR	tr|V5INA3|V5INA3_NEUCR	100
tr|V5INJ2|V5INJ2_NEUCR	tr|V5INJ2|V5INJ2_NEUCR	100
tr|V5INQ9|V5INQ9_NEUCR	tr|V5INQ9|V5INQ9_NEUCR	100
tr|V5IP73|V5IP73_NEUCR	tr|V5IP73|V5IP73_NEUCR	100
tr|V5IPL9|V5IPL9_NEUCR	tr|V5IPL9|V5IPL9_NEUCR	100
tr|V5IPQ8|V5IPQ8_NEUCR	tr|V5IPQ8|V5IPQ8_NEUCR	100
tr|V5IQC5|V5IQC5_NEUCR	tr|V5IQC5|V5IQC5_NEUCR	100
tr|V5IQZ8|V5IQZ8_NEUCR	tr|V5IQZ8|V5IQZ8_NEUCR	100
tr|V5IR46|V5IR46_NEUCR	tr|V5IR46|V5IR46_NEUCR	100
tr|V5IRB2|V5IRB2_NEUCR	tr|V5IRB2|V5IRB2_NEUCR	100
tr|A3RNH7|A3RNH7_NEUCR	tr|A3RNH7|A3RNH7_NEUCR	100
tr|A7UVV5|A7UVV5_NEUCR	tr|A7UVV5|A7UVV5_NEUCR	100
tr|A7UX45|A7UX45_NEUCR	tr|A7UX45|A7UX45_NEUCR	100
sp|O13396|MSH2_NEUCR	sp|O13396|MSH2_NEUCR	100
sp|P07046|3SHD_NEUCR	sp|P07046|3SHD_NEUCR	100
tr|Q1K4P7|Q1K4P7_NEUCR	tr|Q1K4P7|Q1K4P7_NEUCR	100
tr|Q1K4Q0|Q1K4Q0_NEUCR	tr|Q1K4Q0|Q1K4Q0_NEUCR	100
tr|Q1K4S1|Q1K4S1_NEUCR	tr|Q1K4S1|Q1K4S1_NEUCR	100
tr|Q1K4T1|Q1K4T1_NEUCR	tr|Q1K4T1|Q1K4T1_NEUCR	100
tr|Q1K4W6|Q1K4W6_NEUCR	tr|Q1K4W6|Q1K4W6_NEUCR	100
tr|Q1K6E0|Q1K6E0_NEUCR	tr|Q1K6E0|Q1K6E0_NEUCR	100
tr|Q1K6K8|Q1K6K8_NEUCR	tr|Q1K6K8|Q1K6K8_NEUCR	100
tr|Q1K6W1|Q1K6W1_NEUCR	tr|Q1K6W1|Q1K6W1_NEUCR	100
tr|Q1K7C8|Q1K7C8_NEUCR	tr|Q1K7C8|Q1K7C8_NEUCR	100
tr|Q1K7V4|Q1K7V4_NEUCR	tr|Q1K7V4|Q1K7V4_NEUCR	100
tr|Q1K7W6|Q1K7W6_NEUCR	tr|Q1K7W6|Q1K7W6_NEUCR	100
tr|Q1K7Y7|Q1K7Y7_NEUCR	tr|Q1K7Y7|Q1K7Y7_NEUCR	100
tr|Q1K8E4|Q1K8E4_NEUCR	tr|Q1K8E4|Q1K8E4_NEUCR	100
sp|Q1K8F7|CYT19_NEUCR	sp|Q1K8F7|CYT19_NEUCR	100
sp|Q6MV78|YFAS1_NEUCR	sp|Q6MV78|YFAS1_NEUCR	100
sp|Q7RVF7|PYRE_NEUCR	sp|Q7RVF7|PYRE_NEUCR	100
tr|Q7RVX0|Q7RVX0_NEUCR	tr|Q7RVX0|Q7RVX0_NEUCR	100
tr|Q7RXJ7|Q7RXJ7_NEUCR	tr|Q7RXJ7|Q7RXJ7_NEUCR	100
tr|Q7RY50|Q7RY50_NEUCR	tr|Q7RY50|Q7RY50_NEUCR	100
tr|Q7RY64|Q7RY64_NEUCR	tr|Q7RY64|Q7RY64_NEUCR	100
tr|Q7RYU2|Q7RYU2_NEUCR	tr|Q7RYU2|Q7RYU2_NEUCR	100
tr|Q7RYX6|Q7RYX6_NEUCR	tr|Q7RYX6|Q7RYX6_NEUCR	100
tr|Q7RYZ9|Q7RYZ9_NEUCR	tr|Q7RYZ9|Q7RYZ9_NEUCR	100
tr|Q7RZ82|Q7RZ82_NEUCR	tr|Q7RZ82|Q7RZ82_NEUCR	100
tr|Q7S001|Q7S001_NEUCR	tr|Q7S001|Q7S001_NEUCR	100
tr|Q7S107|Q7S107_NEUCR	tr|Q7S107|Q7S107_NEUCR	100
tr|Q7S205|Q7S205_NEUCR	tr|Q7S205|Q7S205_NEUCR	100
tr|Q7S312|Q7S312_NEUCR	tr|Q7S312|Q7S312_NEUCR	100
tr|Q7S340|Q7S340_NEUCR	tr|Q7S340|Q7S340_NEUCR	100
tr|Q7S358|Q7S358_NEUCR	tr|Q7S358|Q7S358_NEUCR	100
sp|Q7S3X7|ATG4_NEUCR	sp|Q7S3X7|ATG4_NEUCR	100
tr|Q7S4Q7|Q7S4Q7_NEUCR	tr|Q7S4Q7|Q7S4Q7_NEUCR	100
tr|Q7S515|Q7S515_NEUCR	tr|Q7S515|Q7S515_NEUCR	100
tr|Q7S5T1|Q7S5T1_NEUCR	tr|Q7S5T1|Q7S5T1_NEUCR	100
tr|Q7S677|Q7S677_NEUCR	tr|Q7S677|Q7S677_NEUCR	100
tr|Q7S6E8|Q7S6E8_NEUCR	tr|Q7S6E8|Q7S6E8_NEUCR	100
tr|Q7S6R9|Q7S6R9_NEUCR	tr|Q7S6R9|Q7S6R9_NEUCR	100
tr|Q7S767|Q7S767_NEUCR	tr|Q7S767|Q7S767_NEUCR	100
tr|Q7S7L3|Q7S7L3_NEUCR	tr|Q7S7L3|Q7S7L3_NEUCR	100
tr|Q7S7N1|Q7S7N1_NEUCR	tr|Q7S7N1|Q7S7N1_NEUCR	100
tr|Q7S7R7|Q7S7R7_NEUCR	tr|Q7S7R7|Q7S7R7_NEUCR	100
tr|Q7S8C9|Q7S8C9_NEUCR	tr|Q7S8C9|Q7S8C9_NEUCR	100
tr|Q7S8T7|Q7S8T7_NEUCR	tr|Q7S8T7|Q7S8T7_NEUCR	100
tr|Q7S930|Q7S930_NEUCR	tr|Q7S930|Q7S930_NEUCR	100
tr|Q7S9N9|Q7S9N9_NEUCR	tr|Q7S9N9|Q7S9N9_NEUCR	100
tr|Q7S9Q5|Q7S9Q5_NEUCR	tr|Q7S9Q5|Q7S9Q5_NEUCR	100
tr|Q7S9X9|Q7S9X9_NEUCR	tr|Q7S9X9|Q7S9X9_NEUCR	100
tr|Q7SA22|Q7SA22_NEUCR	tr|Q7SA22|Q7SA22_NEUCR	100
tr|Q7SA31|Q7SA31_NEUCR	tr|Q7SA31|Q7SA31_NEUCR	100
tr|Q7SAA6|Q7SAA6_NEUCR	tr|Q7SAA6|Q7SAA6_NEUCR	100
tr|Q7SAG5|Q7SAG5_NEUCR	tr|Q7SAG5|Q7SAG5_NEUCR	100
sp|Q7SAN9|BRO1_NEUCR	sp|Q7SAN9|BRO1_NEUCR	100
tr|Q7SB17|Q7SB17_NEUCR	tr|Q7SB17|Q7SB17_NEUCR	100
tr|Q7SB41|Q7SB41_NEUCR	tr|Q7SB41|Q7SB41_NEUCR	100
tr|Q7SBE3|Q7SBE3_NEUCR	tr|Q7SBE3|Q7SBE3_NEUCR	100
tr|Q7SBJ0|Q7SBJ0_NEUCR	tr|Q7SBJ0|Q7SBJ0_NEUCR	100
tr|Q7SBR7|Q7SBR7_NEUCR	tr|Q7SBR7|Q7SBR7_NEUCR	100
tr|Q7SC55|Q7SC55_NEUCR	tr|Q7SC55|Q7SC55_NEUCR	100
tr|Q7SC63|Q7SC63_NEUCR	tr|Q7SC63|Q7SC63_NEUCR	100
tr|Q7SCK8|Q7SCK8_NEUCR	tr|Q7SCK8|Q7SCK8_NEUCR	100
tr|Q7SD01|Q7SD01_NEUCR	tr|Q7SD01|Q7SD01_NEUCR	100
sp|Q7SD49|MUS81_NEUCR	sp|Q7SD49|MUS81_NEUCR	100
sp|Q7SDD5|PMIP_NEUCR	sp|Q7SDD5|PMIP_NEUCR	100
tr|Q7SDJ6|Q7SDJ6_NEUCR	tr|Q7SDJ6|Q7SDJ6_NEUCR	100
tr|Q7SE11|Q7SE11_NEUCR	tr|Q7SE11|Q7SE11_NEUCR	100
tr|Q7SE14|Q7SE14_NEUCR	tr|Q7SE14|Q7SE14_NEUCR	100
tr|Q7SED6|Q7SED6_NEUCR	tr|Q7SED6|Q7SED6_NEUCR	100
tr|Q7SEH4|Q7SEH4_NEUCR	tr|Q7SEH4|Q7SEH4_NEUCR	100
tr|Q7SEK4|Q7SEK4_NEUCR	tr|Q7SEK4|Q7SEK4_NEUCR	100
tr|Q7SEU0|Q7SEU0_NEUCR	tr|Q7SEU0|Q7SEU0_NEUCR	100
tr|Q7SF83|Q7SF83_NEUCR	tr|Q7SF83|Q7SF83_NEUCR	100
tr|Q7SFH1|Q7SFH1_NEUCR	tr|Q7SFH1|Q7SFH1_NEUCR	100
tr|Q7SFT1|Q7SFT1_NEUCR	tr|Q7SFT1|Q7SFT1_NEUCR	100
tr|Q7SGP1|Q7SGP1_NEUCR	tr|Q7SGP1|Q7SGP1_NEUCR	100
sp|Q7SGW5|NAR1_NEUCR	sp|Q7SGW5|NAR1_NEUCR	100
tr|Q7SGY4|Q7SGY4_NEUCR	tr|Q7SGY4|Q7SGY4_NEUCR	100
tr|Q7SHK4|Q7SHK4_NEUCR	tr|Q7SHK4|Q7SHK4_NEUCR	100
sp|Q7SI59|CWC25_NEUCR	sp|Q7SI59|CWC25_NEUCR	100
sp|Q92250|FPPS_NEUCR	sp|Q92250|FPPS_NEUCR	100
tr|U9W2Y2|U9W2Y2_NEUCR	tr|U9W2Y2|U9W2Y2_NEUCR	100
tr|U9W318|U9W318_NEUCR	tr|U9W318|U9W318_NEUCR	100
tr|V5IKV1|V5IKV1_NEUCR	tr|V5IKV1|V5IKV1_NEUCR	100
tr|V5IKX8|V5IKX8_NEUCR	tr|V5IKX8|V5IKX8_NEUCR	100
tr|V5ILM3|V5ILM3_NEUCR	tr|V5ILM3|V5ILM3_NEUCR	100
tr|V5IM33|V5IM33_NEUCR	tr|V5IM33|V5IM33_NEUCR	100
tr|V5IMB7|V5IMB7_NEUCR	tr|V5IMB7|V5IMB7_NEUCR	100
tr|V5IML4|V5IML4_NEUCR	tr|V5IML4|V5IML4_NEUCR	100
tr|V5IMU6|V5IMU6_NEUCR	tr|V5IMU6|V5IMU6_NEUCR	100
tr|V5IN19|V5IN19_NEUCR	tr|V5IN19|V5IN19_NEUCR	100
tr|V5INH7|V5INH7_NEUCR	tr|V5INH7|V5INH7_NEUCR	100
tr|V5INW7|V5INW7_NEUCR	tr|V5INW7|V5INW7_NEUCR	100
tr|V5IPA0|V5IPA0_NEUCR	tr|V5IPA0|V5IPA0_NEUCR	100
tr|V5IPZ6|V5IPZ6_NEUCR	tr|V5IPZ6|V5IPZ6_NEUCR	100
tr|V5IQZ6|V5IQZ6_NEUCR	tr|V5IQZ6|V5IQZ6_NEUCR	100
tr|V5IRB9|V5IRB9_NEUCR	tr|V5IRB9|V5IRB9_NEUCR	100
tr|A7UW04|A7UW04_NEUCR	tr|A7UW04|A7UW04_NEUCR	100
tr|A7UWP1|A7UWP1_NEUCR	tr|A7UWP1|A7UWP1_NEUCR	100
tr|A7UX00|A7UX00_NEUCR	tr|A7UX00|A7UX00_NEUCR	100
sp|O42783|TREB_NEUCR	sp|O42783|TREB_NEUCR	100
sp|P00842|ATP9_NEUCR	sp|P00842|ATP9_NEUCR	100
tr|Q1K4Y4|Q1K4Y4_NEUCR	tr|Q1K4Y4|Q1K4Y4_NEUCR	100
tr|Q1K588|Q1K588_NEUCR	tr|Q1K588|Q1K588_NEUCR	100
tr|Q1K5C8|Q1K5C8_NEUCR	tr|Q1K5C8|Q1K5C8_NEUCR	100
tr|Q1K5M9|Q1K5M9_NEUCR	tr|Q1K5M9|Q1K5M9_NEUCR	100
tr|Q1K5W4|Q1K5W4_NEUCR	tr|Q1K5W4|Q1K5W4_NEUCR	100
sp|Q1K605|PEX20_NEUCR	sp|Q1K605|PEX20_NEUCR	100
tr|Q1K6P1|Q1K6P1_NEUCR	tr|Q1K6P1|Q1K6P1_NEUCR	100
tr|Q1K7B9|Q1K7B9_NEUCR	tr|Q1K7B9|Q1K7B9_NEUCR	100
tr|Q1K7K7|Q1K7K7_NEUCR	tr|Q1K7K7|Q1K7K7_NEUCR	100
tr|Q1K854|Q1K854_NEUCR	tr|Q1K854|Q1K854_NEUCR	100
tr|Q1K8B3|Q1K8B3_NEUCR	tr|Q1K8B3|Q1K8B3_NEUCR	100
tr|Q1K8U1|Q1K8U1_NEUCR	tr|Q1K8U1|Q1K8U1_NEUCR	100
tr|Q1K943|Q1K943_NEUCR	tr|Q1K943|Q1K943_NEUCR	100
tr|Q7RV24|Q7RV24_NEUCR	tr|Q7RV24|Q7RV24_NEUCR	100
tr|Q7RW59|Q7RW59_NEUCR	tr|Q7RW59|Q7RW59_NEUCR	100
tr|Q7RWG7|Q7RWG7_NEUCR	tr|Q7RWG7|Q7RWG7_NEUCR	100
tr|Q7RWG8|Q7RWG8_NEUCR	tr|Q7RWG8|Q7RWG8_NEUCR	100
tr|Q7RWH8|Q7RWH8_NEUCR	tr|Q7RWH8|Q7RWH8_NEUCR	100
tr|Q7RWJ4|Q7RWJ4_NEUCR	tr|Q7RWJ4|Q7RWJ4_NEUCR	100
tr|Q7RWM2|Q7RWM2_NEUCR	tr|Q7RWM2|Q7RWM2_NEUCR	100
tr|Q7RX06|Q7RX06_NEUCR	tr|Q7RX06|Q7RX06_NEUCR	100
tr|Q7RX48|Q7RX48_NEUCR	tr|Q7RX48|Q7RX48_NEUCR	100
tr|Q7RX85|Q7RX85_NEUCR	tr|Q7RX85|Q7RX85_NEUCR	100
tr|Q7RXH0|Q7RXH0_NEUCR	tr|Q7RXH0|Q7RXH0_NEUCR	100
tr|Q7RY76|Q7RY76_NEUCR	tr|Q7RY76|Q7RY76_NEUCR	100
sp|Q7RYW7|RT13_NEUCR	sp|Q7RYW7|RT13_NEUCR	100
tr|Q7RYY5|Q7RYY5_NEUCR	tr|Q7RYY5|Q7RYY5_NEUCR	100
tr|Q7RZP0|Q7RZP0_NEUCR	tr|Q7RZP0|Q7RZP0_NEUCR	100
tr|Q7RZR0|Q7RZR0_NEUCR	tr|Q7RZR0|Q7RZR0_NEUCR	100
tr|Q7S132|Q7S132_NEUCR	tr|Q7S132|Q7S132_NEUCR	100
tr|Q7S1J0|Q7S1J0_NEUCR	tr|Q7S1J0|Q7S1J0_NEUCR	100
tr|Q7S1V4|Q7S1V4_NEUCR	tr|Q7S1V4|Q7S1V4_NEUCR	100
tr|Q7S2Q7|Q7S2Q7_NEUCR	tr|Q7S2Q7|Q7S2Q7_NEUCR	100
tr|Q7S2U2|Q7S2U2_NEUCR	tr|Q7S2U2|Q7S2U2_NEUCR	100
tr|Q7S383|Q7S383_NEUCR	tr|Q7S383|Q7S383_NEUCR	100
tr|Q7S3E0|Q7S3E0_NEUCR	tr|Q7S3E0|Q7S3E0_NEUCR	100
tr|Q7S3N5|Q7S3N5_NEUCR	tr|Q7S3N5|Q7S3N5_NEUCR	100
tr|Q7S410|Q7S410_NEUCR	tr|Q7S410|Q7S410_NEUCR	100
tr|Q7S428|Q7S428_NEUCR	tr|Q7S428|Q7S428_NEUCR	100
tr|Q7S477|Q7S477_NEUCR	tr|Q7S477|Q7S477_NEUCR	100
tr|Q7S4E3|Q7S4E3_NEUCR	tr|Q7S4E3|Q7S4E3_NEUCR	100
tr|Q7S4H2|Q7S4H2_NEUCR	tr|Q7S4H2|Q7S4H2_NEUCR	100
tr|Q7S4T8|Q7S4T8_NEUCR	tr|Q7S4T8|Q7S4T8_NEUCR	100
tr|Q7S574|Q7S574_NEUCR	tr|Q7S574|Q7S574_NEUCR	100
tr|Q7S591|Q7S591_NEUCR	tr|Q7S591|Q7S591_NEUCR	100
tr|Q7S5W4|Q7S5W4_NEUCR	tr|Q7S5W4|Q7S5W4_NEUCR	100
tr|Q7S650|Q7S650_NEUCR	tr|Q7S650|Q7S650_NEUCR	100
tr|Q7S6S0|Q7S6S0_NEUCR	tr|Q7S6S0|Q7S6S0_NEUCR	100
tr|Q7S6U7|Q7S6U7_NEUCR	tr|Q7S6U7|Q7S6U7_NEUCR	100
tr|Q7S7I3|Q7S7I3_NEUCR	tr|Q7S7I3|Q7S7I3_NEUCR	100
tr|Q7S8B9|Q7S8B9_NEUCR	tr|Q7S8B9|Q7S8B9_NEUCR	100
tr|Q7S8I0|Q7S8I0_NEUCR	tr|Q7S8I0|Q7S8I0_NEUCR	100
tr|Q7S987|Q7S987_NEUCR	tr|Q7S987|Q7S987_NEUCR	100
tr|Q7S9A0|Q7S9A0_NEUCR	tr|Q7S9A0|Q7S9A0_NEUCR	100
tr|Q7S9A7|Q7S9A7_NEUCR	tr|Q7S9A7|Q7S9A7_NEUCR	100
tr|Q7S9J1|Q7S9J1_NEUCR	tr|Q7S9J1|Q7S9J1_NEUCR	100
tr|Q7SAE0|Q7SAE0_NEUCR	tr|Q7SAE0|Q7SAE0_NEUCR	100
tr|Q7SBU5|Q7SBU5_NEUCR	tr|Q7SBU5|Q7SBU5_NEUCR	100
tr|Q7SBV3|Q7SBV3_NEUCR	tr|Q7SBV3|Q7SBV3_NEUCR	100
tr|Q7SC41|Q7SC41_NEUCR	tr|Q7SC41|Q7SC41_NEUCR	100
tr|Q7SCM2|Q7SCM2_NEUCR	tr|Q7SCM2|Q7SCM2_NEUCR	100
tr|Q7SCW4|Q7SCW4_NEUCR	tr|Q7SCW4|Q7SCW4_NEUCR	100
tr|Q7SD56|Q7SD56_NEUCR	tr|Q7SD56|Q7SD56_NEUCR	100
tr|Q7SD93|Q7SD93_NEUCR	tr|Q7SD93|Q7SD93_NEUCR	100
tr|Q7SDL6|Q7SDL6_NEUCR	tr|Q7SDL6|Q7SDL6_NEUCR	100
tr|Q7SDW7|Q7SDW7_NEUCR	tr|Q7SDW7|Q7SDW7_NEUCR	100
tr|Q7SE86|Q7SE86_NEUCR	tr|Q7SE86|Q7SE86_NEUCR	100
tr|Q7SEC4|Q7SEC4_NEUCR	tr|Q7SEC4|Q7SEC4_NEUCR	100
tr|Q7SEH8|Q7SEH8_NEUCR	tr|Q7SEH8|Q7SEH8_NEUCR	100
tr|Q7SEP7|Q7SEP7_NEUCR	tr|Q7SEP7|Q7SEP7_NEUCR	100
tr|Q7SET5|Q7SET5_NEUCR	tr|Q7SET5|Q7SET5_NEUCR	100
tr|Q7SEU8|Q7SEU8_NEUCR	tr|Q7SEU8|Q7SEU8_NEUCR	100
tr|Q7SEX7|Q7SEX7_NEUCR	tr|Q7SEX7|Q7SEX7_NEUCR	100
tr|Q7SF12|Q7SF12_NEUCR	tr|Q7SF12|Q7SF12_NEUCR	100
tr|Q7SF38|Q7SF38_NEUCR	tr|Q7SF38|Q7SF38_NEUCR	100
tr|Q7SFK8|Q7SFK8_NEUCR	tr|Q7SFK8|Q7SFK8_NEUCR	100
tr|Q7SFL3|Q7SFL3_NEUCR	tr|Q7SFL3|Q7SFL3_NEUCR	100
sp|Q7SFQ6|IPI1_NEUCR	sp|Q7SFQ6|IPI1_NEUCR	100
tr|Q7SGF2|Q7SGF2_NEUCR	tr|Q7SGF2|Q7SGF2_NEUCR	100
tr|Q7SGI4|Q7SGI4_NEUCR	tr|Q7SGI4|Q7SGI4_NEUCR	100
tr|Q7SGY5|Q7SGY5_NEUCR	tr|Q7SGY5|Q7SGY5_NEUCR	100
tr|Q7SH77|Q7SH77_NEUCR	tr|Q7SH77|Q7SH77_NEUCR	100
tr|Q7SHF9|Q7SHF9_NEUCR	tr|Q7SHF9|Q7SHF9_NEUCR	100
tr|U9W2Y6|U9W2Y6_NEUCR	tr|U9W2Y6|U9W2Y6_NEUCR	100
tr|V5IKP4|V5IKP4_NEUCR	tr|V5IKP4|V5IKP4_NEUCR	100
tr|V5IM92|V5IM92_NEUCR	tr|V5IM92|V5IM92_NEUCR	100
tr|V5IN35|V5IN35_NEUCR	tr|V5IN35|V5IN35_NEUCR	100
tr|V5INT1|V5INT1_NEUCR	tr|V5INT1|V5INT1_NEUCR	100
tr|V5IPI0|V5IPI0_NEUCR	tr|V5IPI0|V5IPI0_NEUCR	100
tr|V5IPI1|V5IPI1_NEUCR	tr|V5IPI1|V5IPI1_NEUCR	100
tr|V5IQ09|V5IQ09_NEUCR	tr|V5IQ09|V5IQ09_NEUCR	100
tr|V5IQ67|V5IQ67_NEUCR	tr|V5IQ67|V5IQ67_NEUCR	100
tr|V5IQG2|V5IQG2_NEUCR	tr|V5IQG2|V5IQG2_NEUCR	100
tr|V5IQM0|V5IQM0_NEUCR	tr|V5IQM0|V5IQM0_NEUCR	100
tr|V5IRR2|V5IRR2_NEUCR	tr|V5IRR2|V5IRR2_NEUCR	100
tr|A7UVV2|A7UVV2_NEUCR	tr|A7UVV2|A7UVV2_NEUCR	100
tr|A7UW67|A7UW67_NEUCR	tr|A7UW67|A7UW67_NEUCR	100
tr|A7UXG3|A7UXG3_NEUCR	tr|A7UXG3|A7UXG3_NEUCR	100
tr|F5H9K1|F5H9K1_NEUCR	tr|F5H9K1|F5H9K1_NEUCR	100
tr|F5HBK9|F5HBK9_NEUCR	tr|F5HBK9|F5HBK9_NEUCR	100
tr|F5HH93|F5HH93_NEUCR	tr|F5HH93|F5HH93_NEUCR	100
tr|F5HHH7|F5HHH7_NEUCR	tr|F5HHH7|F5HHH7_NEUCR	100
tr|Q1K504|Q1K504_NEUCR	tr|Q1K504|Q1K504_NEUCR	100
tr|Q1K546|Q1K546_NEUCR	tr|Q1K546|Q1K546_NEUCR	100
tr|Q1K550|Q1K550_NEUCR	tr|Q1K550|Q1K550_NEUCR	100
tr|Q1K555|Q1K555_NEUCR	tr|Q1K555|Q1K555_NEUCR	100
tr|Q1K5E5|Q1K5E5_NEUCR	tr|Q1K5E5|Q1K5E5_NEUCR	100
tr|Q1K5U1|Q1K5U1_NEUCR	tr|Q1K5U1|Q1K5U1_NEUCR	100
tr|Q1K650|Q1K650_NEUCR	tr|Q1K650|Q1K650_NEUCR	100
tr|Q1K6B9|Q1K6B9_NEUCR	tr|Q1K6B9|Q1K6B9_NEUCR	100
tr|Q1K6C2|Q1K6C2_NEUCR	tr|Q1K6C2|Q1K6C2_NEUCR	100
tr|Q1K6Y3|Q1K6Y3_NEUCR	tr|Q1K6Y3|Q1K6Y3_NEUCR	100
tr|Q1K754|Q1K754_NEUCR	tr|Q1K754|Q1K754_NEUCR	100
tr|Q1K7K1|Q1K7K1_NEUCR	tr|Q1K7K1|Q1K7K1_NEUCR	100
tr|Q1K7N3|Q1K7N3_NEUCR	tr|Q1K7N3|Q1K7N3_NEUCR	100
tr|Q1K7R1|Q1K7R1_NEUCR	tr|Q1K7R1|Q1K7R1_NEUCR	100
tr|Q1K839|Q1K839_NEUCR	tr|Q1K839|Q1K839_NEUCR	100
tr|Q1K8A5|Q1K8A5_NEUCR	tr|Q1K8A5|Q1K8A5_NEUCR	100
tr|Q7RUV0|Q7RUV0_NEUCR	tr|Q7RUV0|Q7RUV0_NEUCR	100
tr|Q7RV06|Q7RV06_NEUCR	tr|Q7RV06|Q7RV06_NEUCR	100
tr|Q7RV28|Q7RV28_NEUCR	tr|Q7RV28|Q7RV28_NEUCR	100
tr|Q7RWD0|Q7RWD0_NEUCR	tr|Q7RWD0|Q7RWD0_NEUCR	100
tr|Q7RWP7|Q7RWP7_NEUCR	tr|Q7RWP7|Q7RWP7_NEUCR	100
tr|Q7RWT4|Q7RWT4_NEUCR	tr|Q7RWT4|Q7RWT4_NEUCR	100
tr|Q7RX53|Q7RX53_NEUCR	tr|Q7RX53|Q7RX53_NEUCR	100
tr|Q7RXB1|Q7RXB1_NEUCR	tr|Q7RXB1|Q7RXB1_NEUCR	100
tr|Q7RXC2|Q7RXC2_NEUCR	tr|Q7RXC2|Q7RXC2_NEUCR	100
sp|Q7RXY1|RL32_NEUCR	sp|Q7RXY1|RL32_NEUCR	100
tr|Q7RZ30|Q7RZ30_NEUCR	tr|Q7RZ30|Q7RZ30_NEUCR	100
tr|Q7RZ39|Q7RZ39_NEUCR	tr|Q7RZ39|Q7RZ39_NEUCR	100
tr|Q7RZ81|Q7RZ81_NEUCR	tr|Q7RZ81|Q7RZ81_NEUCR	100
tr|Q7RZK0|Q7RZK0_NEUCR	tr|Q7RZK0|Q7RZK0_NEUCR	100
tr|Q7S0Q1|Q7S0Q1_NEUCR	tr|Q7S0Q1|Q7S0Q1_NEUCR	100
tr|Q7S0S1|Q7S0S1_NEUCR	tr|Q7S0S1|Q7S0S1_NEUCR	100
tr|Q7S1C4|Q7S1C4_NEUCR	tr|Q7S1C4|Q7S1C4_NEUCR	100
tr|Q7S1E5|Q7S1E5_NEUCR	tr|Q7S1E5|Q7S1E5_NEUCR	100
tr|Q7S1S4|Q7S1S4_NEUCR	tr|Q7S1S4|Q7S1S4_NEUCR	100
tr|Q7S2W9|Q7S2W9_NEUCR	tr|Q7S2W9|Q7S2W9_NEUCR	100
tr|Q7S2X9|Q7S2X9_NEUCR	tr|Q7S2X9|Q7S2X9_NEUCR	100
tr|Q7S3I4|Q7S3I4_NEUCR	tr|Q7S3I4|Q7S3I4_NEUCR	100
tr|Q7S3P2|Q7S3P2_NEUCR	tr|Q7S3P2|Q7S3P2_NEUCR	100
tr|Q7S3Q6|Q7S3Q6_NEUCR	tr|Q7S3Q6|Q7S3Q6_NEUCR	100
tr|Q7S4V7|Q7S4V7_NEUCR	tr|Q7S4V7|Q7S4V7_NEUCR	100
tr|Q7S4Y7|Q7S4Y7_NEUCR	tr|Q7S4Y7|Q7S4Y7_NEUCR	100
tr|Q7S5K6|Q7S5K6_NEUCR	tr|Q7S5K6|Q7S5K6_NEUCR	100
tr|Q7S5S8|Q7S5S8_NEUCR	tr|Q7S5S8|Q7S5S8_NEUCR	100
tr|Q7S6F6|Q7S6F6_NEUCR	tr|Q7S6F6|Q7S6F6_NEUCR	100
sp|Q7S6M9|RT07_NEUCR	sp|Q7S6M9|RT07_NEUCR	100
tr|Q7S6N4|Q7S6N4_NEUCR	tr|Q7S6N4|Q7S6N4_NEUCR	100
tr|Q7S6U5|Q7S6U5_NEUCR	tr|Q7S6U5|Q7S6U5_NEUCR	100
tr|Q7S7Q5|Q7S7Q5_NEUCR	tr|Q7S7Q5|Q7S7Q5_NEUCR	100
tr|Q7S839|Q7S839_NEUCR	tr|Q7S839|Q7S839_NEUCR	100
tr|Q7S880|Q7S880_NEUCR	tr|Q7S880|Q7S880_NEUCR	100
tr|Q7S946|Q7S946_NEUCR	tr|Q7S946|Q7S946_NEUCR	100
tr|Q7S962|Q7S962_NEUCR	tr|Q7S962|Q7S962_NEUCR	100
tr|Q7S998|Q7S998_NEUCR	tr|Q7S998|Q7S998_NEUCR	100
tr|Q7S9Q3|Q7S9Q3_NEUCR	tr|Q7S9Q3|Q7S9Q3_NEUCR	100
tr|Q7SA67|Q7SA67_NEUCR	tr|Q7SA67|Q7SA67_NEUCR	100
sp|Q7SAQ1|AP2S_NEUCR	sp|Q7SAQ1|AP2S_NEUCR	100
tr|Q7SB44|Q7SB44_NEUCR	tr|Q7SB44|Q7SB44_NEUCR	100
tr|Q7SC01|Q7SC01_NEUCR	tr|Q7SC01|Q7SC01_NEUCR	100
tr|Q7SCP2|Q7SCP2_NEUCR	tr|Q7SCP2|Q7SCP2_NEUCR	100
tr|Q7SCR2|Q7SCR2_NEUCR	tr|Q7SCR2|Q7SCR2_NEUCR	100
tr|Q7SD05|Q7SD05_NEUCR	tr|Q7SD05|Q7SD05_NEUCR	100
sp|Q7SD06|RT23_NEUCR	sp|Q7SD06|RT23_NEUCR	100
tr|Q7SDJ8|Q7SDJ8_NEUCR	tr|Q7SDJ8|Q7SDJ8_NEUCR	100
tr|Q7SDU1|Q7SDU1_NEUCR	tr|Q7SDU1|Q7SDU1_NEUCR	100
tr|Q7SDW0|Q7SDW0_NEUCR	tr|Q7SDW0|Q7SDW0_NEUCR	100
tr|Q7SE73|Q7SE73_NEUCR	tr|Q7SE73|Q7SE73_NEUCR	100
tr|Q7SEB1|Q7SEB1_NEUCR	tr|Q7SEB1|Q7SEB1_NEUCR	100
tr|Q7SFM0|Q7SFM0_NEUCR	tr|Q7SFM0|Q7SFM0_NEUCR	100
sp|Q7SFX6|LYS1_NEUCR	sp|Q7SFX6|LYS1_NEUCR	100
tr|Q7SG76|Q7SG76_NEUCR	tr|Q7SG76|Q7SG76_NEUCR	100
tr|Q7SH48|Q7SH48_NEUCR	tr|Q7SH48|Q7SH48_NEUCR	100
tr|Q7SH90|Q7SH90_NEUCR	tr|Q7SH90|Q7SH90_NEUCR	100
tr|Q7SHF1|Q7SHF1_NEUCR	tr|Q7SHF1|Q7SHF1_NEUCR	100
tr|Q7SHN2|Q7SHN2_NEUCR	tr|Q7SHN2|Q7SHN2_NEUCR	100
sp|Q8WZS6|YSH1_NEUCR	sp|Q8WZS6|YSH1_NEUCR	100
tr|U9W3J8|U9W3J8_NEUCR	tr|U9W3J8|U9W3J8_NEUCR	100
tr|U9WHC9|U9WHC9_NEUCR	tr|U9WHC9|U9WHC9_NEUCR	100
tr|V5IKG0|V5IKG0_NEUCR	tr|V5IKG0|V5IKG0_NEUCR	100
tr|V5IL76|V5IL76_NEUCR	tr|V5IL76|V5IL76_NEUCR	100
tr|V5IL79|V5IL79_NEUCR	tr|V5IL79|V5IL79_NEUCR	100
tr|V5ILB3|V5ILB3_NEUCR	tr|V5ILB3|V5ILB3_NEUCR	100
tr|V5ILT3|V5ILT3_NEUCR	tr|V5ILT3|V5ILT3_NEUCR	100
tr|V5ILW0|V5ILW0_NEUCR	tr|V5ILW0|V5ILW0_NEUCR	100
tr|V5IM98|V5IM98_NEUCR	tr|V5IM98|V5IM98_NEUCR	100
tr|V5IML3|V5IML3_NEUCR	tr|V5IML3|V5IML3_NEUCR	100
tr|V5IMM7|V5IMM7_NEUCR	tr|V5IMM7|V5IMM7_NEUCR	100
tr|V5INA7|V5INA7_NEUCR	tr|V5INA7|V5INA7_NEUCR	100
tr|V5INQ7|V5INQ7_NEUCR	tr|V5INQ7|V5INQ7_NEUCR	100
tr|V5IPX9|V5IPX9_NEUCR	tr|V5IPX9|V5IPX9_NEUCR	100
tr|V5IR11|V5IR11_NEUCR	tr|V5IR11|V5IR11_NEUCR	100
tr|V5IR29|V5IR29_NEUCR	tr|V5IR29|V5IR29_NEUCR	100
tr|V5IR52|V5IR52_NEUCR	tr|V5IR52|V5IR52_NEUCR	100
tr|A3RNH4|A3RNH4_NEUCR	tr|A3RNH4|A3RNH4_NEUCR	100
tr|A7UX57|A7UX57_NEUCR	tr|A7UX57|A7UX57_NEUCR	100
tr|F5HG64|F5HG64_NEUCR	tr|F5HG64|F5HG64_NEUCR	100
tr|F5HIM5|F5HIM5_NEUCR	tr|F5HIM5|F5HIM5_NEUCR	100
sp|P08619|NIA_NEUCR	sp|P08619|NIA_NEUCR	100
sp|P33287|PDC_NEUCR	sp|P33287|PDC_NEUCR	100
sp|Q05424|GPA2_NEUCR	sp|Q05424|GPA2_NEUCR	100
tr|Q1K553|Q1K553_NEUCR	tr|Q1K553|Q1K553_NEUCR	100
tr|Q1K5B5|Q1K5B5_NEUCR	tr|Q1K5B5|Q1K5B5_NEUCR	100
tr|Q1K5G8|Q1K5G8_NEUCR	tr|Q1K5G8|Q1K5G8_NEUCR	100
tr|Q1K703|Q1K703_NEUCR	tr|Q1K703|Q1K703_NEUCR	100
tr|Q1K7L0|Q1K7L0_NEUCR	tr|Q1K7L0|Q1K7L0_NEUCR	100
tr|Q1K831|Q1K831_NEUCR	tr|Q1K831|Q1K831_NEUCR	100
tr|Q1K8B8|Q1K8B8_NEUCR	tr|Q1K8B8|Q1K8B8_NEUCR	100
tr|Q1K8N5|Q1K8N5_NEUCR	tr|Q1K8N5|Q1K8N5_NEUCR	100
sp|Q6MFP4|EIF3G_NEUCR	sp|Q6MFP4|EIF3G_NEUCR	100
sp|Q6MVH7|IPYR_NEUCR	sp|Q6MVH7|IPYR_NEUCR	100
tr|Q7RVT3|Q7RVT3_NEUCR	tr|Q7RVT3|Q7RVT3_NEUCR	100
tr|Q7RW98|Q7RW98_NEUCR	tr|Q7RW98|Q7RW98_NEUCR	100
tr|Q7RWG9|Q7RWG9_NEUCR	tr|Q7RWG9|Q7RWG9_NEUCR	100
sp|Q7RX75|TIM14_NEUCR	sp|Q7RX75|TIM14_NEUCR	100
sp|Q7RY30|LIS11_NEUCR	sp|Q7RY30|LIS11_NEUCR	100
tr|Q7RY60|Q7RY60_NEUCR	tr|Q7RY60|Q7RY60_NEUCR	100
tr|Q7RYA0|Q7RYA0_NEUCR	tr|Q7RYA0|Q7RYA0_NEUCR	100
tr|Q7RYD0|Q7RYD0_NEUCR	tr|Q7RYD0|Q7RYD0_NEUCR	100
tr|Q7RYK0|Q7RYK0_NEUCR	tr|Q7RYK0|Q7RYK0_NEUCR	100
tr|Q7RYS9|Q7RYS9_NEUCR	tr|Q7RYS9|Q7RYS9_NEUCR	100
tr|Q7RZ02|Q7RZ02_NEUCR	tr|Q7RZ02|Q7RZ02_NEUCR	100
sp|Q7RZF0|RM06_NEUCR	sp|Q7RZF0|RM06_NEUCR	100
tr|Q7RZK8|Q7RZK8_NEUCR	tr|Q7RZK8|Q7RZK8_NEUCR	100
tr|Q7S012|Q7S012_NEUCR	tr|Q7S012|Q7S012_NEUCR	100
tr|Q7S016|Q7S016_NEUCR	tr|Q7S016|Q7S016_NEUCR	100
tr|Q7S042|Q7S042_NEUCR	tr|Q7S042|Q7S042_NEUCR	100
tr|Q7S1A2|Q7S1A2_NEUCR	tr|Q7S1A2|Q7S1A2_NEUCR	100
tr|Q7S1H1|Q7S1H1_NEUCR	tr|Q7S1H1|Q7S1H1_NEUCR	100
tr|Q7S1H2|Q7S1H2_NEUCR	tr|Q7S1H2|Q7S1H2_NEUCR	100
tr|Q7S1M5|Q7S1M5_NEUCR	tr|Q7S1M5|Q7S1M5_NEUCR	100
tr|Q7S1P8|Q7S1P8_NEUCR	tr|Q7S1P8|Q7S1P8_NEUCR	100
tr|Q7S2L2|Q7S2L2_NEUCR	tr|Q7S2L2|Q7S2L2_NEUCR	100
sp|Q7S2N9|HAS1_NEUCR	sp|Q7S2N9|HAS1_NEUCR	100
tr|Q7S2S0|Q7S2S0_NEUCR	tr|Q7S2S0|Q7S2S0_NEUCR	100
sp|Q7S304|BRE1_NEUCR	sp|Q7S304|BRE1_NEUCR	100
tr|Q7S3J2|Q7S3J2_NEUCR	tr|Q7S3J2|Q7S3J2_NEUCR	100
tr|Q7S4E6|Q7S4E6_NEUCR	tr|Q7S4E6|Q7S4E6_NEUCR	100
tr|Q7S4K4|Q7S4K4_NEUCR	tr|Q7S4K4|Q7S4K4_NEUCR	100
tr|Q7S5G8|Q7S5G8_NEUCR	tr|Q7S5G8|Q7S5G8_NEUCR	100
tr|Q7S5R4|Q7S5R4_NEUCR	tr|Q7S5R4|Q7S5R4_NEUCR	100
tr|Q7S5U1|Q7S5U1_NEUCR	tr|Q7S5U1|Q7S5U1_NEUCR	100
tr|Q7S5U3|Q7S5U3_NEUCR	tr|Q7S5U3|Q7S5U3_NEUCR	100
tr|Q7S5Z2|Q7S5Z2_NEUCR	tr|Q7S5Z2|Q7S5Z2_NEUCR	100
tr|Q7S6E9|Q7S6E9_NEUCR	tr|Q7S6E9|Q7S6E9_NEUCR	100
tr|Q7S6S9|Q7S6S9_NEUCR	tr|Q7S6S9|Q7S6S9_NEUCR	100
tr|Q7S6T4|Q7S6T4_NEUCR	tr|Q7S6T4|Q7S6T4_NEUCR	100
tr|Q7S7F2|Q7S7F2_NEUCR	tr|Q7S7F2|Q7S7F2_NEUCR	100
tr|Q7S7H3|Q7S7H3_NEUCR	tr|Q7S7H3|Q7S7H3_NEUCR	100
tr|Q7S7T9|Q7S7T9_NEUCR	tr|Q7S7T9|Q7S7T9_NEUCR	100
tr|Q7S886|Q7S886_NEUCR	tr|Q7S886|Q7S886_NEUCR	100
tr|Q7S888|Q7S888_NEUCR	tr|Q7S888|Q7S888_NEUCR	100
tr|Q7S8Z1|Q7S8Z1_NEUCR	tr|Q7S8Z1|Q7S8Z1_NEUCR	100
tr|Q7SA08|Q7SA08_NEUCR	tr|Q7SA08|Q7SA08_NEUCR	100
tr|Q7SA17|Q7SA17_NEUCR	tr|Q7SA17|Q7SA17_NEUCR	100
sp|Q7SA95|KU70_NEUCR	sp|Q7SA95|KU70_NEUCR	100
tr|Q7SAM2|Q7SAM2_NEUCR	tr|Q7SAM2|Q7SAM2_NEUCR	100
tr|Q7SCN3|Q7SCN3_NEUCR	tr|Q7SCN3|Q7SCN3_NEUCR	100
tr|Q7SCT7|Q7SCT7_NEUCR	tr|Q7SCT7|Q7SCT7_NEUCR	100
sp|Q7SDF3|MPH1_NEUCR	sp|Q7SDF3|MPH1_NEUCR	100
tr|Q7SDK1|Q7SDK1_NEUCR	tr|Q7SDK1|Q7SDK1_NEUCR	100
tr|Q7SDS2|Q7SDS2_NEUCR	tr|Q7SDS2|Q7SDS2_NEUCR	100
tr|Q7SF15|Q7SF15_NEUCR	tr|Q7SF15|Q7SF15_NEUCR	100
tr|Q7SF65|Q7SF65_NEUCR	tr|Q7SF65|Q7SF65_NEUCR	100
tr|Q7SG03|Q7SG03_NEUCR	tr|Q7SG03|Q7SG03_NEUCR	100
tr|Q7SGH3|Q7SGH3_NEUCR	tr|Q7SGH3|Q7SGH3_NEUCR	100
tr|Q7SGT6|Q7SGT6_NEUCR	tr|Q7SGT6|Q7SGT6_NEUCR	100
tr|Q7SGW1|Q7SGW1_NEUCR	tr|Q7SGW1|Q7SGW1_NEUCR	100
tr|Q7SH68|Q7SH68_NEUCR	tr|Q7SH68|Q7SH68_NEUCR	100
tr|Q7SHB5|Q7SHB5_NEUCR	tr|Q7SHB5|Q7SHB5_NEUCR	100
tr|Q7SHH0|Q7SHH0_NEUCR	tr|Q7SHH0|Q7SHH0_NEUCR	100
tr|Q7SHT2|Q7SHT2_NEUCR	tr|Q7SHT2|Q7SHT2_NEUCR	100
sp|Q7SHU8|DAPB_NEUCR	sp|Q7SHU8|DAPB_NEUCR	100
tr|Q7SHW2|Q7SHW2_NEUCR	tr|Q7SHW2|Q7SHW2_NEUCR	100
tr|Q7SI66|Q7SI66_NEUCR	tr|Q7SI66|Q7SI66_NEUCR	100
sp|Q9P720|RL16_NEUCR	sp|Q9P720|RL16_NEUCR	100
tr|U9W3F6|U9W3F6_NEUCR	tr|U9W3F6|U9W3F6_NEUCR	100
tr|U9W4W6|U9W4W6_NEUCR	tr|U9W4W6|U9W4W6_NEUCR	100
tr|V5IKK3|V5IKK3_NEUCR	tr|V5IKK3|V5IKK3_NEUCR	100
tr|V5IKR4|V5IKR4_NEUCR	tr|V5IKR4|V5IKR4_NEUCR	100
tr|V5IL32|V5IL32_NEUCR	tr|V5IL32|V5IL32_NEUCR	100
tr|V5IMD5|V5IMD5_NEUCR	tr|V5IMD5|V5IMD5_NEUCR	100
tr|V5IMU0|V5IMU0_NEUCR	tr|V5IMU0|V5IMU0_NEUCR	100
tr|V5IP86|V5IP86_NEUCR	tr|V5IP86|V5IP86_NEUCR	100
tr|V5IPM6|V5IPM6_NEUCR	tr|V5IPM6|V5IPM6_NEUCR	100
tr|V5IPN1|V5IPN1_NEUCR	tr|V5IPN1|V5IPN1_NEUCR	100
tr|V5IPW3|V5IPW3_NEUCR	tr|V5IPW3|V5IPW3_NEUCR	100
tr|V5IQ29|V5IQ29_NEUCR	tr|V5IQ29|V5IQ29_NEUCR	100
tr|V5IQP3|V5IQP3_NEUCR	tr|V5IQP3|V5IQP3_NEUCR	100
tr|V5IQT1|V5IQT1_NEUCR	tr|V5IQT1|V5IQT1_NEUCR	100
tr|V5IQY6|V5IQY6_NEUCR	tr|V5IQY6|V5IQY6_NEUCR	100
tr|V5IR16|V5IR16_NEUCR	tr|V5IR16|V5IR16_NEUCR	100
tr|V5IR94|V5IR94_NEUCR	tr|V5IR94|V5IR94_NEUCR	100
tr|V5IRR1|V5IRR1_NEUCR	tr|V5IRR1|V5IRR1_NEUCR	100
tr|A3RNI2|A3RNI2_NEUCR	tr|A3RNI2|A3RNI2_NEUCR	100
tr|F5HC09|F5HC09_NEUCR	tr|F5HC09|F5HC09_NEUCR	100
tr|F5HFI3|F5HFI3_NEUCR	tr|F5HFI3|F5HFI3_NEUCR	100
sp|P00048|CYC_NEUCR	sp|P00048|CYC_NEUCR	100
sp|P27121|DCOR_NEUCR	sp|P27121|DCOR_NEUCR	100
tr|Q1K4V8|Q1K4V8_NEUCR	tr|Q1K4V8|Q1K4V8_NEUCR	100
tr|Q1K4Z3|Q1K4Z3_NEUCR	tr|Q1K4Z3|Q1K4Z3_NEUCR	100
tr|Q1K5U3|Q1K5U3_NEUCR	tr|Q1K5U3|Q1K5U3_NEUCR	100
tr|Q1K5V0|Q1K5V0_NEUCR	tr|Q1K5V0|Q1K5V0_NEUCR	100
tr|Q1K664|Q1K664_NEUCR	tr|Q1K664|Q1K664_NEUCR	100
tr|Q1K677|Q1K677_NEUCR	tr|Q1K677|Q1K677_NEUCR	100
tr|Q1K6H6|Q1K6H6_NEUCR	tr|Q1K6H6|Q1K6H6_NEUCR	100
tr|Q1K6S0|Q1K6S0_NEUCR	tr|Q1K6S0|Q1K6S0_NEUCR	100
tr|Q1K7F2|Q1K7F2_NEUCR	tr|Q1K7F2|Q1K7F2_NEUCR	100
tr|Q1K7G0|Q1K7G0_NEUCR	tr|Q1K7G0|Q1K7G0_NEUCR	100
tr|Q1K7T9|Q1K7T9_NEUCR	tr|Q1K7T9|Q1K7T9_NEUCR	100
tr|Q1K853|Q1K853_NEUCR	tr|Q1K853|Q1K853_NEUCR	100
tr|Q1K8A4|Q1K8A4_NEUCR	tr|Q1K8A4|Q1K8A4_NEUCR	100
tr|Q1K8Q4|Q1K8Q4_NEUCR	tr|Q1K8Q4|Q1K8Q4_NEUCR	100
tr|Q1K8S3|Q1K8S3_NEUCR	tr|Q1K8S3|Q1K8S3_NEUCR	100
tr|Q7RUL5|Q7RUL5_NEUCR	tr|Q7RUL5|Q7RUL5_NEUCR	100
tr|Q7RUT4|Q7RUT4_NEUCR	tr|Q7RUT4|Q7RUT4_NEUCR	100
tr|Q7RWG6|Q7RWG6_NEUCR	tr|Q7RWG6|Q7RWG6_NEUCR	100
tr|Q7RWQ6|Q7RWQ6_NEUCR	tr|Q7RWQ6|Q7RWQ6_NEUCR	100
tr|Q7RWZ6|Q7RWZ6_NEUCR	tr|Q7RWZ6|Q7RWZ6_NEUCR	100
tr|Q7RX18|Q7RX18_NEUCR	tr|Q7RX18|Q7RX18_NEUCR	100
tr|Q7RX42|Q7RX42_NEUCR	tr|Q7RX42|Q7RX42_NEUCR	100
tr|Q7RXB4|Q7RXB4_NEUCR	tr|Q7RXB4|Q7RXB4_NEUCR	100
tr|Q7RXJ3|Q7RXJ3_NEUCR	tr|Q7RXJ3|Q7RXJ3_NEUCR	100
sp|Q7RY78|SEN15_NEUCR	sp|Q7RY78|SEN15_NEUCR	100
tr|Q7RYB0|Q7RYB0_NEUCR	tr|Q7RYB0|Q7RYB0_NEUCR	100
tr|Q7RYK3|Q7RYK3_NEUCR	tr|Q7RYK3|Q7RYK3_NEUCR	100
tr|Q7RZ64|Q7RZ64_NEUCR	tr|Q7RZ64|Q7RZ64_NEUCR	100
tr|Q7RZQ9|Q7RZQ9_NEUCR	tr|Q7RZQ9|Q7RZQ9_NEUCR	100
tr|Q7S0L8|Q7S0L8_NEUCR	tr|Q7S0L8|Q7S0L8_NEUCR	100
tr|Q7S146|Q7S146_NEUCR	tr|Q7S146|Q7S146_NEUCR	100
tr|Q7S1E4|Q7S1E4_NEUCR	tr|Q7S1E4|Q7S1E4_NEUCR	100
tr|Q7S1F8|Q7S1F8_NEUCR	tr|Q7S1F8|Q7S1F8_NEUCR	100
tr|Q7S1K0|Q7S1K0_NEUCR	tr|Q7S1K0|Q7S1K0_NEUCR	100
tr|Q7S1L6|Q7S1L6_NEUCR	tr|Q7S1L6|Q7S1L6_NEUCR	100
tr|Q7S1P1|Q7S1P1_NEUCR	tr|Q7S1P1|Q7S1P1_NEUCR	100
tr|Q7S1T7|Q7S1T7_NEUCR	tr|Q7S1T7|Q7S1T7_NEUCR	100
tr|Q7S241|Q7S241_NEUCR	tr|Q7S241|Q7S241_NEUCR	100
tr|Q7S314|Q7S314_NEUCR	tr|Q7S314|Q7S314_NEUCR	100
tr|Q7S341|Q7S341_NEUCR	tr|Q7S341|Q7S341_NEUCR	100
tr|Q7S3H2|Q7S3H2_NEUCR	tr|Q7S3H2|Q7S3H2_NEUCR	100
tr|Q7S3L1|Q7S3L1_NEUCR	tr|Q7S3L1|Q7S3L1_NEUCR	100
tr|Q7S5T9|Q7S5T9_NEUCR	tr|Q7S5T9|Q7S5T9_NEUCR	100
tr|Q7S6W4|Q7S6W4_NEUCR	tr|Q7S6W4|Q7S6W4_NEUCR	100
tr|Q7S808|Q7S808_NEUCR	tr|Q7S808|Q7S808_NEUCR	100
tr|Q7S8U7|Q7S8U7_NEUCR	tr|Q7S8U7|Q7S8U7_NEUCR	100
tr|Q7S913|Q7S913_NEUCR	tr|Q7S913|Q7S913_NEUCR	100
tr|Q7S971|Q7S971_NEUCR	tr|Q7S971|Q7S971_NEUCR	100
tr|Q7S9E2|Q7S9E2_NEUCR	tr|Q7S9E2|Q7S9E2_NEUCR	100
tr|Q7S9E3|Q7S9E3_NEUCR	tr|Q7S9E3|Q7S9E3_NEUCR	100
tr|Q7S9X7|Q7S9X7_NEUCR	tr|Q7S9X7|Q7S9X7_NEUCR	100
tr|Q7SA76|Q7SA76_NEUCR	tr|Q7SA76|Q7SA76_NEUCR	100
tr|Q7SA94|Q7SA94_NEUCR	tr|Q7SA94|Q7SA94_NEUCR	100
tr|Q7SAL2|Q7SAL2_NEUCR	tr|Q7SAL2|Q7SAL2_NEUCR	100
tr|Q7SAP3|Q7SAP3_NEUCR	tr|Q7SAP3|Q7SAP3_NEUCR	100
tr|Q7SAX0|Q7SAX0_NEUCR	tr|Q7SAX0|Q7SAX0_NEUCR	100
tr|Q7SBA2|Q7SBA2_NEUCR	tr|Q7SBA2|Q7SBA2_NEUCR	100
sp|Q7SBD4|EIF3C_NEUCR	sp|Q7SBD4|EIF3C_NEUCR	100
tr|Q7SC50|Q7SC50_NEUCR	tr|Q7SC50|Q7SC50_NEUCR	100
tr|Q7SCV7|Q7SCV7_NEUCR	tr|Q7SCV7|Q7SCV7_NEUCR	100
tr|Q7SD55|Q7SD55_NEUCR	tr|Q7SD55|Q7SD55_NEUCR	100
tr|Q7SDR5|Q7SDR5_NEUCR	tr|Q7SDR5|Q7SDR5_NEUCR	100
tr|Q7SDX1|Q7SDX1_NEUCR	tr|Q7SDX1|Q7SDX1_NEUCR	100
tr|Q7SEF2|Q7SEF2_NEUCR	tr|Q7SEF2|Q7SEF2_NEUCR	100
tr|Q7SEI9|Q7SEI9_NEUCR	tr|Q7SEI9|Q7SEI9_NEUCR	100
tr|Q7SEJ1|Q7SEJ1_NEUCR	tr|Q7SEJ1|Q7SEJ1_NEUCR	100
tr|Q7SEL3|Q7SEL3_NEUCR	tr|Q7SEL3|Q7SEL3_NEUCR	100
tr|Q7SEX2|Q7SEX2_NEUCR	tr|Q7SEX2|Q7SEX2_NEUCR	100
tr|Q7SF13|Q7SF13_NEUCR	tr|Q7SF13|Q7SF13_NEUCR	100
sp|Q7SFX7|IMDH_NEUCR	sp|Q7SFX7|IMDH_NEUCR	100
tr|Q7SG54|Q7SG54_NEUCR	tr|Q7SG54|Q7SG54_NEUCR	100
tr|Q7SG74|Q7SG74_NEUCR	tr|Q7SG74|Q7SG74_NEUCR	100
tr|Q7SGG1|Q7SGG1_NEUCR	tr|Q7SGG1|Q7SGG1_NEUCR	100
tr|Q7SGK4|Q7SGK4_NEUCR	tr|Q7SGK4|Q7SGK4_NEUCR	100
tr|Q7SGN1|Q7SGN1_NEUCR	tr|Q7SGN1|Q7SGN1_NEUCR	100
tr|Q7SGW4|Q7SGW4_NEUCR	tr|Q7SGW4|Q7SGW4_NEUCR	100
sp|Q7SGY6|DHSD_NEUCR	sp|Q7SGY6|DHSD_NEUCR	100
sp|Q871A4|PPIL4_NEUCR	sp|Q871A4|PPIL4_NEUCR	100
sp|Q871N9|RS3A_NEUCR	sp|Q871N9|RS3A_NEUCR	100
sp|Q874C1|TIM50_NEUCR	sp|Q874C1|TIM50_NEUCR	100
sp|Q8WZY4|RPN8_NEUCR	sp|Q8WZY4|RPN8_NEUCR	100
sp|Q9HE25|RL17_NEUCR	sp|Q9HE25|RL17_NEUCR	100
sp|Q9HE26|FBRL_NEUCR	sp|Q9HE26|FBRL_NEUCR	100
tr|U9W5F4|U9W5F4_NEUCR	tr|U9W5F4|U9W5F4_NEUCR	100
tr|U9W846|U9W846_NEUCR	tr|U9W846|U9W846_NEUCR	100
tr|V5IKZ0|V5IKZ0_NEUCR	tr|V5IKZ0|V5IKZ0_NEUCR	100
tr|V5ILZ9|V5ILZ9_NEUCR	tr|V5ILZ9|V5ILZ9_NEUCR	100
tr|V5IM82|V5IM82_NEUCR	tr|V5IM82|V5IM82_NEUCR	100
tr|V5IN86|V5IN86_NEUCR	tr|V5IN86|V5IN86_NEUCR	100
tr|V5INP0|V5INP0_NEUCR	tr|V5INP0|V5INP0_NEUCR	100
tr|V5IP91|V5IP91_NEUCR	tr|V5IP91|V5IP91_NEUCR	100
tr|V5IPQ9|V5IPQ9_NEUCR	tr|V5IPQ9|V5IPQ9_NEUCR	100
tr|V5IQ66|V5IQ66_NEUCR	tr|V5IQ66|V5IQ66_NEUCR	100
tr|V5IQH4|V5IQH4_NEUCR	tr|V5IQH4|V5IQH4_NEUCR	100
tr|V5IR56|V5IR56_NEUCR	tr|V5IR56|V5IR56_NEUCR	100
tr|A7UW93|A7UW93_NEUCR	tr|A7UW93|A7UW93_NEUCR	100
tr|A7UWX8|A7UWX8_NEUCR	tr|A7UWX8|A7UWX8_NEUCR	100
tr|A7UX66|A7UX66_NEUCR	tr|A7UX66|A7UX66_NEUCR	100
tr|F5HCG5|F5HCG5_NEUCR	tr|F5HCG5|F5HCG5_NEUCR	100
tr|F5HI76|F5HI76_NEUCR	tr|F5HI76|F5HI76_NEUCR	100
sp|P11638|QA1F_NEUCR	sp|P11638|QA1F_NEUCR	100
sp|P38681|NIR_NEUCR	sp|P38681|NIR_NEUCR	100
sp|P48467|KINH_NEUCR	sp|P48467|KINH_NEUCR	100
sp|P54898|ARG56_NEUCR	sp|P54898|ARG56_NEUCR	100
tr|Q1K5M4|Q1K5M4_NEUCR	tr|Q1K5M4|Q1K5M4_NEUCR	100
tr|Q1K5N6|Q1K5N6_NEUCR	tr|Q1K5N6|Q1K5N6_NEUCR	100
tr|Q1K5W1|Q1K5W1_NEUCR	tr|Q1K5W1|Q1K5W1_NEUCR	100
sp|Q1K602|PEX14_NEUCR	sp|Q1K602|PEX14_NEUCR	100
tr|Q1K657|Q1K657_NEUCR	tr|Q1K657|Q1K657_NEUCR	100
tr|Q1K672|Q1K672_NEUCR	tr|Q1K672|Q1K672_NEUCR	100
tr|Q1K6E6|Q1K6E6_NEUCR	tr|Q1K6E6|Q1K6E6_NEUCR	100
tr|Q1K6S1|Q1K6S1_NEUCR	tr|Q1K6S1|Q1K6S1_NEUCR	100
tr|Q1K6W9|Q1K6W9_NEUCR	tr|Q1K6W9|Q1K6W9_NEUCR	100
tr|Q1K6X9|Q1K6X9_NEUCR	tr|Q1K6X9|Q1K6X9_NEUCR	100
tr|Q1K865|Q1K865_NEUCR	tr|Q1K865|Q1K865_NEUCR	100
tr|Q1K8C6|Q1K8C6_NEUCR	tr|Q1K8C6|Q1K8C6_NEUCR	100
tr|Q1K8M7|Q1K8M7_NEUCR	tr|Q1K8M7|Q1K8M7_NEUCR	100
tr|Q7RUW9|Q7RUW9_NEUCR	tr|Q7RUW9|Q7RUW9_NEUCR	100
tr|Q7RV05|Q7RV05_NEUCR	tr|Q7RV05|Q7RV05_NEUCR	100
tr|Q7RWC6|Q7RWC6_NEUCR	tr|Q7RWC6|Q7RWC6_NEUCR	100
tr|Q7RXA8|Q7RXA8_NEUCR	tr|Q7RXA8|Q7RXA8_NEUCR	100
tr|Q7RXD6|Q7RXD6_NEUCR	tr|Q7RXD6|Q7RXD6_NEUCR	100
tr|Q7RXI2|Q7RXI2_NEUCR	tr|Q7RXI2|Q7RXI2_NEUCR	100
tr|Q7RY08|Q7RY08_NEUCR	tr|Q7RY08|Q7RY08_NEUCR	100
tr|Q7RY22|Q7RY22_NEUCR	tr|Q7RY22|Q7RY22_NEUCR	100
tr|Q7RY41|Q7RY41_NEUCR	tr|Q7RY41|Q7RY41_NEUCR	100
sp|Q7RYV5|TCTP_NEUCR	sp|Q7RYV5|TCTP_NEUCR	100
tr|Q7RYX8|Q7RYX8_NEUCR	tr|Q7RYX8|Q7RYX8_NEUCR	100
tr|Q7RYY0|Q7RYY0_NEUCR	tr|Q7RYY0|Q7RYY0_NEUCR	100
sp|Q7RYY1|ATG15_NEUCR	sp|Q7RYY1|ATG15_NEUCR	100
tr|Q7RZL0|Q7RZL0_NEUCR	tr|Q7RZL0|Q7RZL0_NEUCR	100
tr|Q7RZN9|Q7RZN9_NEUCR	tr|Q7RZN9|Q7RZN9_NEUCR	100
tr|Q7RZP6|Q7RZP6_NEUCR	tr|Q7RZP6|Q7RZP6_NEUCR	100
tr|Q7RZS4|Q7RZS4_NEUCR	tr|Q7RZS4|Q7RZS4_NEUCR	100
tr|Q7S147|Q7S147_NEUCR	tr|Q7S147|Q7S147_NEUCR	100
tr|Q7S1Z4|Q7S1Z4_NEUCR	tr|Q7S1Z4|Q7S1Z4_NEUCR	100
tr|Q7S289|Q7S289_NEUCR	tr|Q7S289|Q7S289_NEUCR	100
tr|Q7S2K8|Q7S2K8_NEUCR	tr|Q7S2K8|Q7S2K8_NEUCR	100
tr|Q7S2U8|Q7S2U8_NEUCR	tr|Q7S2U8|Q7S2U8_NEUCR	100
tr|Q7S2V1|Q7S2V1_NEUCR	tr|Q7S2V1|Q7S2V1_NEUCR	100
tr|Q7S357|Q7S357_NEUCR	tr|Q7S357|Q7S357_NEUCR	100
tr|Q7S3C7|Q7S3C7_NEUCR	tr|Q7S3C7|Q7S3C7_NEUCR	100
tr|Q7S471|Q7S471_NEUCR	tr|Q7S471|Q7S471_NEUCR	100
tr|Q7S4K7|Q7S4K7_NEUCR	tr|Q7S4K7|Q7S4K7_NEUCR	100
tr|Q7S5F3|Q7S5F3_NEUCR	tr|Q7S5F3|Q7S5F3_NEUCR	100
tr|Q7S5X0|Q7S5X0_NEUCR	tr|Q7S5X0|Q7S5X0_NEUCR	100
tr|Q7S609|Q7S609_NEUCR	tr|Q7S609|Q7S609_NEUCR	100
tr|Q7S620|Q7S620_NEUCR	tr|Q7S620|Q7S620_NEUCR	100
tr|Q7S6H2|Q7S6H2_NEUCR	tr|Q7S6H2|Q7S6H2_NEUCR	100
tr|Q7S6U6|Q7S6U6_NEUCR	tr|Q7S6U6|Q7S6U6_NEUCR	100
tr|Q7S6W3|Q7S6W3_NEUCR	tr|Q7S6W3|Q7S6W3_NEUCR	100
tr|Q7S741|Q7S741_NEUCR	tr|Q7S741|Q7S741_NEUCR	100
tr|Q7S7R8|Q7S7R8_NEUCR	tr|Q7S7R8|Q7S7R8_NEUCR	100
tr|Q7S8Z6|Q7S8Z6_NEUCR	tr|Q7S8Z6|Q7S8Z6_NEUCR	100
tr|Q7S966|Q7S966_NEUCR	tr|Q7S966|Q7S966_NEUCR	100
tr|Q7S974|Q7S974_NEUCR	tr|Q7S974|Q7S974_NEUCR	100
tr|Q7SA27|Q7SA27_NEUCR	tr|Q7SA27|Q7SA27_NEUCR	100
tr|Q7SA93|Q7SA93_NEUCR	tr|Q7SA93|Q7SA93_NEUCR	100
tr|Q7SAC4|Q7SAC4_NEUCR	tr|Q7SAC4|Q7SAC4_NEUCR	100
tr|Q7SB38|Q7SB38_NEUCR	tr|Q7SB38|Q7SB38_NEUCR	100
tr|Q7SBS2|Q7SBS2_NEUCR	tr|Q7SBS2|Q7SBS2_NEUCR	100
tr|Q7SCP0|Q7SCP0_NEUCR	tr|Q7SCP0|Q7SCP0_NEUCR	100
tr|Q7SCT1|Q7SCT1_NEUCR	tr|Q7SCT1|Q7SCT1_NEUCR	100
tr|Q7SCV4|Q7SCV4_NEUCR	tr|Q7SCV4|Q7SCV4_NEUCR	100
tr|Q7SCX3|Q7SCX3_NEUCR	tr|Q7SCX3|Q7SCX3_NEUCR	100
tr|Q7SDE5|Q7SDE5_NEUCR	tr|Q7SDE5|Q7SDE5_NEUCR	100
tr|Q7SDL9|Q7SDL9_NEUCR	tr|Q7SDL9|Q7SDL9_NEUCR	100
tr|Q7SDW4|Q7SDW4_NEUCR	tr|Q7SDW4|Q7SDW4_NEUCR	100
tr|Q7SDW9|Q7SDW9_NEUCR	tr|Q7SDW9|Q7SDW9_NEUCR	100
tr|Q7SE30|Q7SE30_NEUCR	tr|Q7SE30|Q7SE30_NEUCR	100
tr|Q7SEI2|Q7SEI2_NEUCR	tr|Q7SEI2|Q7SEI2_NEUCR	100
tr|Q7SEM7|Q7SEM7_NEUCR	tr|Q7SEM7|Q7SEM7_NEUCR	100
tr|Q7SGE2|Q7SGE2_NEUCR	tr|Q7SGE2|Q7SGE2_NEUCR	100
tr|Q7SH28|Q7SH28_NEUCR	tr|Q7SH28|Q7SH28_NEUCR	100
tr|Q7SHA3|Q7SHA3_NEUCR	tr|Q7SHA3|Q7SHA3_NEUCR	100
tr|Q7SHI9|Q7SHI9_NEUCR	tr|Q7SHI9|Q7SHI9_NEUCR	100
tr|Q7SI20|Q7SI20_NEUCR	tr|Q7SI20|Q7SI20_NEUCR	100
sp|Q9HE63|SSN8_NEUCR	sp|Q9HE63|SSN8_NEUCR	100
sp|Q9P5X6|SEY1_NEUCR	sp|Q9P5X6|SEY1_NEUCR	100
tr|V5IKL8|V5IKL8_NEUCR	tr|V5IKL8|V5IKL8_NEUCR	100
tr|V5IKS7|V5IKS7_NEUCR	tr|V5IKS7|V5IKS7_NEUCR	100
tr|V5IMK0|V5IMK0_NEUCR	tr|V5IMK0|V5IMK0_NEUCR	100
tr|V5IMP6|V5IMP6_NEUCR	tr|V5IMP6|V5IMP6_NEUCR	100
tr|V5INK5|V5INK5_NEUCR	tr|V5INK5|V5INK5_NEUCR	100
tr|V5INP8|V5INP8_NEUCR	tr|V5INP8|V5INP8_NEUCR	100
tr|V5INR3|V5INR3_NEUCR	tr|V5INR3|V5INR3_NEUCR	100
tr|V5INT7|V5INT7_NEUCR	tr|V5INT7|V5INT7_NEUCR	100
tr|V5INV3|V5INV3_NEUCR	tr|V5INV3|V5INV3_NEUCR	100
tr|V5IP12|V5IP12_NEUCR	tr|V5IP12|V5IP12_NEUCR	100
tr|V5IPD8|V5IPD8_NEUCR	tr|V5IPD8|V5IPD8_NEUCR	100
tr|V5IPR0|V5IPR0_NEUCR	tr|V5IPR0|V5IPR0_NEUCR	100
tr|V5IPR8|V5IPR8_NEUCR	tr|V5IPR8|V5IPR8_NEUCR	100
tr|V5IPS0|V5IPS0_NEUCR	tr|V5IPS0|V5IPS0_NEUCR	100
tr|V5IQA8|V5IQA8_NEUCR	tr|V5IQA8|V5IQA8_NEUCR	100
tr|V5IQW3|V5IQW3_NEUCR	tr|V5IQW3|V5IQW3_NEUCR	100
tr|A3RNI4|A3RNI4_NEUCR	tr|A3RNI4|A3RNI4_NEUCR	100
tr|A7UVV8|A7UVV8_NEUCR	tr|A7UVV8|A7UVV8_NEUCR	100
tr|A7UW90|A7UW90_NEUCR	tr|A7UW90|A7UW90_NEUCR	100
tr|A7UWP8|A7UWP8_NEUCR	tr|A7UWP8|A7UWP8_NEUCR	100
tr|A7UWQ5|A7UWQ5_NEUCR	tr|A7UWQ5|A7UWQ5_NEUCR	100
tr|A7UXA5|A7UXA5_NEUCR	tr|A7UXA5|A7UXA5_NEUCR	100
tr|F5HDP0|F5HDP0_NEUCR	tr|F5HDP0|F5HDP0_NEUCR	100
sp|O13360|FLUF_NEUCR	sp|O13360|FLUF_NEUCR	100
sp|O60046|FKBP2_NEUCR	sp|O60046|FKBP2_NEUCR	100
sp|P08978|RL28A_NEUCR	sp|P08978|RL28A_NEUCR	100
sp|P34738|LEU3_NEUCR	sp|P34738|LEU3_NEUCR	100
sp|P53659|VA0D_NEUCR	sp|P53659|VA0D_NEUCR	100
tr|Q1K4T0|Q1K4T0_NEUCR	tr|Q1K4T0|Q1K4T0_NEUCR	100
tr|Q1K4W8|Q1K4W8_NEUCR	tr|Q1K4W8|Q1K4W8_NEUCR	100
tr|Q1K4Y8|Q1K4Y8_NEUCR	tr|Q1K4Y8|Q1K4Y8_NEUCR	100
tr|Q1K5K2|Q1K5K2_NEUCR	tr|Q1K5K2|Q1K5K2_NEUCR	100
tr|Q1K5V8|Q1K5V8_NEUCR	tr|Q1K5V8|Q1K5V8_NEUCR	100
tr|Q1K600|Q1K600_NEUCR	tr|Q1K600|Q1K600_NEUCR	100
tr|Q1K6R8|Q1K6R8_NEUCR	tr|Q1K6R8|Q1K6R8_NEUCR	100
tr|Q1K777|Q1K777_NEUCR	tr|Q1K777|Q1K777_NEUCR	100
sp|Q1K7A4|HIBCH_NEUCR	sp|Q1K7A4|HIBCH_NEUCR	100
tr|Q1K7T8|Q1K7T8_NEUCR	tr|Q1K7T8|Q1K7T8_NEUCR	100
sp|Q1K8U2|COX12_NEUCR	sp|Q1K8U2|COX12_NEUCR	100
tr|Q1K915|Q1K915_NEUCR	tr|Q1K915|Q1K915_NEUCR	100
tr|Q3Y3Z2|Q3Y3Z2_NEUCR	tr|Q3Y3Z2|Q3Y3Z2_NEUCR	100
tr|Q7RU16|Q7RU16_NEUCR	tr|Q7RU16|Q7RU16_NEUCR	100
tr|Q7RW00|Q7RW00_NEUCR	tr|Q7RW00|Q7RW00_NEUCR	100
tr|Q7RW03|Q7RW03_NEUCR	tr|Q7RW03|Q7RW03_NEUCR	100
tr|Q7RWB9|Q7RWB9_NEUCR	tr|Q7RWB9|Q7RWB9_NEUCR	100
tr|Q7RWL1|Q7RWL1_NEUCR	tr|Q7RWL1|Q7RWL1_NEUCR	100
tr|Q7RYQ5|Q7RYQ5_NEUCR	tr|Q7RYQ5|Q7RYQ5_NEUCR	100
tr|Q7RYX3|Q7RYX3_NEUCR	tr|Q7RYX3|Q7RYX3_NEUCR	100
tr|Q7RZG7|Q7RZG7_NEUCR	tr|Q7RZG7|Q7RZG7_NEUCR	100
tr|Q7RZV8|Q7RZV8_NEUCR	tr|Q7RZV8|Q7RZV8_NEUCR	100
tr|Q7S022|Q7S022_NEUCR	tr|Q7S022|Q7S022_NEUCR	100
tr|Q7S086|Q7S086_NEUCR	tr|Q7S086|Q7S086_NEUCR	100
tr|Q7S165|Q7S165_NEUCR	tr|Q7S165|Q7S165_NEUCR	100
tr|Q7S1K6|Q7S1K6_NEUCR	tr|Q7S1K6|Q7S1K6_NEUCR	100
tr|Q7S1V9|Q7S1V9_NEUCR	tr|Q7S1V9|Q7S1V9_NEUCR	100
tr|Q7S2K2|Q7S2K2_NEUCR	tr|Q7S2K2|Q7S2K2_NEUCR	100
tr|Q7S2M8|Q7S2M8_NEUCR	tr|Q7S2M8|Q7S2M8_NEUCR	100
tr|Q7S2W7|Q7S2W7_NEUCR	tr|Q7S2W7|Q7S2W7_NEUCR	100
tr|Q7S372|Q7S372_NEUCR	tr|Q7S372|Q7S372_NEUCR	100
tr|Q7S3M7|Q7S3M7_NEUCR	tr|Q7S3M7|Q7S3M7_NEUCR	100
sp|Q7S3P5|NC2_NEUCR	sp|Q7S3P5|NC2_NEUCR	100
tr|Q7S3S7|Q7S3S7_NEUCR	tr|Q7S3S7|Q7S3S7_NEUCR	100
tr|Q7S3W2|Q7S3W2_NEUCR	tr|Q7S3W2|Q7S3W2_NEUCR	100
tr|Q7S573|Q7S573_NEUCR	tr|Q7S573|Q7S573_NEUCR	100
tr|Q7S5F2|Q7S5F2_NEUCR	tr|Q7S5F2|Q7S5F2_NEUCR	100
tr|Q7S5J1|Q7S5J1_NEUCR	tr|Q7S5J1|Q7S5J1_NEUCR	100
tr|Q7S5S1|Q7S5S1_NEUCR	tr|Q7S5S1|Q7S5S1_NEUCR	100
tr|Q7S5T6|Q7S5T6_NEUCR	tr|Q7S5T6|Q7S5T6_NEUCR	100
tr|Q7S5W3|Q7S5W3_NEUCR	tr|Q7S5W3|Q7S5W3_NEUCR	100
tr|Q7S5W7|Q7S5W7_NEUCR	tr|Q7S5W7|Q7S5W7_NEUCR	100
tr|Q7S5X9|Q7S5X9_NEUCR	tr|Q7S5X9|Q7S5X9_NEUCR	100
tr|Q7S625|Q7S625_NEUCR	tr|Q7S625|Q7S625_NEUCR	100
tr|Q7S6C2|Q7S6C2_NEUCR	tr|Q7S6C2|Q7S6C2_NEUCR	100
tr|Q7S6Q3|Q7S6Q3_NEUCR	tr|Q7S6Q3|Q7S6Q3_NEUCR	100
tr|Q7S6W6|Q7S6W6_NEUCR	tr|Q7S6W6|Q7S6W6_NEUCR	100
tr|Q7S706|Q7S706_NEUCR	tr|Q7S706|Q7S706_NEUCR	100
tr|Q7S725|Q7S725_NEUCR	tr|Q7S725|Q7S725_NEUCR	100
tr|Q7S8F2|Q7S8F2_NEUCR	tr|Q7S8F2|Q7S8F2_NEUCR	100
tr|Q7S8Q8|Q7S8Q8_NEUCR	tr|Q7S8Q8|Q7S8Q8_NEUCR	100
tr|Q7S984|Q7S984_NEUCR	tr|Q7S984|Q7S984_NEUCR	100
tr|Q7S9E8|Q7S9E8_NEUCR	tr|Q7S9E8|Q7S9E8_NEUCR	100
tr|Q7S9J5|Q7S9J5_NEUCR	tr|Q7S9J5|Q7S9J5_NEUCR	100
tr|Q7S9V1|Q7S9V1_NEUCR	tr|Q7S9V1|Q7S9V1_NEUCR	100
tr|Q7SB13|Q7SB13_NEUCR	tr|Q7SB13|Q7SB13_NEUCR	100
sp|Q7SB92|CHS7_NEUCR	sp|Q7SB92|CHS7_NEUCR	100
tr|Q7SBK2|Q7SBK2_NEUCR	tr|Q7SBK2|Q7SBK2_NEUCR	100
tr|Q7SCP8|Q7SCP8_NEUCR	tr|Q7SCP8|Q7SCP8_NEUCR	100
tr|Q7SCZ4|Q7SCZ4_NEUCR	tr|Q7SCZ4|Q7SCZ4_NEUCR	100
tr|Q7SD38|Q7SD38_NEUCR	tr|Q7SD38|Q7SD38_NEUCR	100
tr|Q7SDE3|Q7SDE3_NEUCR	tr|Q7SDE3|Q7SDE3_NEUCR	100
tr|Q7SDT2|Q7SDT2_NEUCR	tr|Q7SDT2|Q7SDT2_NEUCR	100
sp|Q7SDU5|CBP4_NEUCR	sp|Q7SDU5|CBP4_NEUCR	100
tr|Q7SDX7|Q7SDX7_NEUCR	tr|Q7SDX7|Q7SDX7_NEUCR	100
tr|Q7SEC2|Q7SEC2_NEUCR	tr|Q7SEC2|Q7SEC2_NEUCR	100
tr|Q7SEN3|Q7SEN3_NEUCR	tr|Q7SEN3|Q7SEN3_NEUCR	100
tr|Q7SF74|Q7SF74_NEUCR	tr|Q7SF74|Q7SF74_NEUCR	100
tr|Q7SF78|Q7SF78_NEUCR	tr|Q7SF78|Q7SF78_NEUCR	100
tr|Q7SG44|Q7SG44_NEUCR	tr|Q7SG44|Q7SG44_NEUCR	100
tr|Q7SHZ4|Q7SHZ4_NEUCR	tr|Q7SHZ4|Q7SHZ4_NEUCR	100
tr|Q7SI28|Q7SI28_NEUCR	tr|Q7SI28|Q7SI28_NEUCR	100
tr|Q7SI69|Q7SI69_NEUCR	tr|Q7SI69|Q7SI69_NEUCR	100
sp|Q96X45|EF2_NEUCR	sp|Q96X45|EF2_NEUCR	100
tr|U9W5G1|U9W5G1_NEUCR	tr|U9W5G1|U9W5G1_NEUCR	100
tr|V5IKF2|V5IKF2_NEUCR	tr|V5IKF2|V5IKF2_NEUCR	100
tr|V5IKR9|V5IKR9_NEUCR	tr|V5IKR9|V5IKR9_NEUCR	100
tr|V5ILD3|V5ILD3_NEUCR	tr|V5ILD3|V5ILD3_NEUCR	100
tr|V5ILR5|V5ILR5_NEUCR	tr|V5ILR5|V5ILR5_NEUCR	100
tr|V5IMC5|V5IMC5_NEUCR	tr|V5IMC5|V5IMC5_NEUCR	100
tr|V5IMG5|V5IMG5_NEUCR	tr|V5IMG5|V5IMG5_NEUCR	100
tr|V5IMY7|V5IMY7_NEUCR	tr|V5IMY7|V5IMY7_NEUCR	100
tr|V5IN12|V5IN12_NEUCR	tr|V5IN12|V5IN12_NEUCR	100
tr|V5IN69|V5IN69_NEUCR	tr|V5IN69|V5IN69_NEUCR	100
tr|V5IP29|V5IP29_NEUCR	tr|V5IP29|V5IP29_NEUCR	100
tr|V5IQC6|V5IQC6_NEUCR	tr|V5IQC6|V5IQC6_NEUCR	100
tr|V5IR03|V5IR03_NEUCR	tr|V5IR03|V5IR03_NEUCR	100
tr|V5IRN5|V5IRN5_NEUCR	tr|V5IRN5|V5IRN5_NEUCR	100
tr|A7UW76|A7UW76_NEUCR	tr|A7UW76|A7UW76_NEUCR	100
tr|A7UW95|A7UW95_NEUCR	tr|A7UW95|A7UW95_NEUCR	100
tr|A7UWA6|A7UWA6_NEUCR	tr|A7UWA6|A7UWA6_NEUCR	100
tr|A7UWQ3|A7UWQ3_NEUCR	tr|A7UWQ3|A7UWQ3_NEUCR	100
tr|A7UWS0|A7UWS0_NEUCR	tr|A7UWS0|A7UWS0_NEUCR	100
tr|A7UXG6|A7UXG6_NEUCR	tr|A7UXG6|A7UXG6_NEUCR	100
tr|F5HC65|F5HC65_NEUCR	tr|F5HC65|F5HC65_NEUCR	100
sp|P10255|CYPH_NEUCR	sp|P10255|CYPH_NEUCR	100
sp|P19463|CON13_NEUCR	sp|P19463|CON13_NEUCR	100
sp|P28299|ACEA_NEUCR	sp|P28299|ACEA_NEUCR	100
sp|Q01317|NUC2_NEUCR	sp|Q01317|NUC2_NEUCR	100
tr|Q1K4R9|Q1K4R9_NEUCR	tr|Q1K4R9|Q1K4R9_NEUCR	100
tr|Q1K4T2|Q1K4T2_NEUCR	tr|Q1K4T2|Q1K4T2_NEUCR	100
tr|Q1K4T7|Q1K4T7_NEUCR	tr|Q1K4T7|Q1K4T7_NEUCR	100
tr|Q1K507|Q1K507_NEUCR	tr|Q1K507|Q1K507_NEUCR	100
tr|Q1K544|Q1K544_NEUCR	tr|Q1K544|Q1K544_NEUCR	100
tr|Q1K5T8|Q1K5T8_NEUCR	tr|Q1K5T8|Q1K5T8_NEUCR	100
tr|Q1K6A6|Q1K6A6_NEUCR	tr|Q1K6A6|Q1K6A6_NEUCR	100
tr|Q1K6B0|Q1K6B0_NEUCR	tr|Q1K6B0|Q1K6B0_NEUCR	100
tr|Q1K6F3|Q1K6F3_NEUCR	tr|Q1K6F3|Q1K6F3_NEUCR	100
tr|Q1K752|Q1K752_NEUCR	tr|Q1K752|Q1K752_NEUCR	100
tr|Q1K775|Q1K775_NEUCR	tr|Q1K775|Q1K775_NEUCR	100
tr|Q1K7I2|Q1K7I2_NEUCR	tr|Q1K7I2|Q1K7I2_NEUCR	100
tr|Q1K7Q1|Q1K7Q1_NEUCR	tr|Q1K7Q1|Q1K7Q1_NEUCR	100
tr|Q1K7S9|Q1K7S9_NEUCR	tr|Q1K7S9|Q1K7S9_NEUCR	100
tr|Q1K7Z5|Q1K7Z5_NEUCR	tr|Q1K7Z5|Q1K7Z5_NEUCR	100
tr|Q1K852|Q1K852_NEUCR	tr|Q1K852|Q1K852_NEUCR	100
tr|Q1K879|Q1K879_NEUCR	tr|Q1K879|Q1K879_NEUCR	100
tr|Q1K8G8|Q1K8G8_NEUCR	tr|Q1K8G8|Q1K8G8_NEUCR	100
tr|Q1K8I6|Q1K8I6_NEUCR	tr|Q1K8I6|Q1K8I6_NEUCR	100
tr|Q1K8N9|Q1K8N9_NEUCR	tr|Q1K8N9|Q1K8N9_NEUCR	100
sp|Q35136|IEND4_NEUCR	sp|Q35136|IEND4_NEUCR	100
sp|Q35142|URFN_NEUCR	sp|Q35142|URFN_NEUCR	100
tr|Q7RU10|Q7RU10_NEUCR	tr|Q7RU10|Q7RU10_NEUCR	100
tr|Q7RU17|Q7RU17_NEUCR	tr|Q7RU17|Q7RU17_NEUCR	100
tr|Q7RUV4|Q7RUV4_NEUCR	tr|Q7RUV4|Q7RUV4_NEUCR	100
tr|Q7RW88|Q7RW88_NEUCR	tr|Q7RW88|Q7RW88_NEUCR	100
tr|Q7RWK4|Q7RWK4_NEUCR	tr|Q7RWK4|Q7RWK4_NEUCR	100
tr|Q7RY38|Q7RY38_NEUCR	tr|Q7RY38|Q7RY38_NEUCR	100
tr|Q7RYS1|Q7RYS1_NEUCR	tr|Q7RYS1|Q7RYS1_NEUCR	100
sp|Q7RYW8|IMG1_NEUCR	sp|Q7RYW8|IMG1_NEUCR	100
tr|Q7RZ57|Q7RZ57_NEUCR	tr|Q7RZ57|Q7RZ57_NEUCR	100
tr|Q7RZ91|Q7RZ91_NEUCR	tr|Q7RZ91|Q7RZ91_NEUCR	100
tr|Q7RZY1|Q7RZY1_NEUCR	tr|Q7RZY1|Q7RZY1_NEUCR	100
tr|Q7S058|Q7S058_NEUCR	tr|Q7S058|Q7S058_NEUCR	100
tr|Q7S066|Q7S066_NEUCR	tr|Q7S066|Q7S066_NEUCR	100
tr|Q7S0B2|Q7S0B2_NEUCR	tr|Q7S0B2|Q7S0B2_NEUCR	100
tr|Q7S167|Q7S167_NEUCR	tr|Q7S167|Q7S167_NEUCR	100
tr|Q7S1D9|Q7S1D9_NEUCR	tr|Q7S1D9|Q7S1D9_NEUCR	100
tr|Q7S1M1|Q7S1M1_NEUCR	tr|Q7S1M1|Q7S1M1_NEUCR	100
tr|Q7S1Z1|Q7S1Z1_NEUCR	tr|Q7S1Z1|Q7S1Z1_NEUCR	100
tr|Q7S2Z1|Q7S2Z1_NEUCR	tr|Q7S2Z1|Q7S2Z1_NEUCR	100
tr|Q7S3K2|Q7S3K2_NEUCR	tr|Q7S3K2|Q7S3K2_NEUCR	100
tr|Q7S468|Q7S468_NEUCR	tr|Q7S468|Q7S468_NEUCR	100
tr|Q7S5F1|Q7S5F1_NEUCR	tr|Q7S5F1|Q7S5F1_NEUCR	100
tr|Q7S5K4|Q7S5K4_NEUCR	tr|Q7S5K4|Q7S5K4_NEUCR	100
tr|Q7S6T8|Q7S6T8_NEUCR	tr|Q7S6T8|Q7S6T8_NEUCR	100
sp|Q7S6U4|CVNH_NEUCR	sp|Q7S6U4|CVNH_NEUCR	100
tr|Q7S7P1|Q7S7P1_NEUCR	tr|Q7S7P1|Q7S7P1_NEUCR	100
tr|Q7S7U3|Q7S7U3_NEUCR	tr|Q7S7U3|Q7S7U3_NEUCR	100
tr|Q7S803|Q7S803_NEUCR	tr|Q7S803|Q7S803_NEUCR	100
tr|Q7S817|Q7S817_NEUCR	tr|Q7S817|Q7S817_NEUCR	100
tr|Q7S898|Q7S898_NEUCR	tr|Q7S898|Q7S898_NEUCR	100
tr|Q7S8K5|Q7S8K5_NEUCR	tr|Q7S8K5|Q7S8K5_NEUCR	100
tr|Q7S8M6|Q7S8M6_NEUCR	tr|Q7S8M6|Q7S8M6_NEUCR	100
tr|Q7S921|Q7S921_NEUCR	tr|Q7S921|Q7S921_NEUCR	100
tr|Q7S922|Q7S922_NEUCR	tr|Q7S922|Q7S922_NEUCR	100
sp|Q7S986|G6PI_NEUCR	sp|Q7S986|G6PI_NEUCR	100
tr|Q7S9P5|Q7S9P5_NEUCR	tr|Q7S9P5|Q7S9P5_NEUCR	100
tr|Q7SAE1|Q7SAE1_NEUCR	tr|Q7SAE1|Q7SAE1_NEUCR	100
tr|Q7SB26|Q7SB26_NEUCR	tr|Q7SB26|Q7SB26_NEUCR	100
tr|Q7SB57|Q7SB57_NEUCR	tr|Q7SB57|Q7SB57_NEUCR	100
sp|Q7SCC1|DCL2_NEUCR	sp|Q7SCC1|DCL2_NEUCR	100
tr|Q7SCK0|Q7SCK0_NEUCR	tr|Q7SCK0|Q7SCK0_NEUCR	100
tr|Q7SCM8|Q7SCM8_NEUCR	tr|Q7SCM8|Q7SCM8_NEUCR	100
tr|Q7SCQ8|Q7SCQ8_NEUCR	tr|Q7SCQ8|Q7SCQ8_NEUCR	100
tr|Q7SDV5|Q7SDV5_NEUCR	tr|Q7SDV5|Q7SDV5_NEUCR	100
tr|Q7SE23|Q7SE23_NEUCR	tr|Q7SE23|Q7SE23_NEUCR	100
tr|Q7SEL1|Q7SEL1_NEUCR	tr|Q7SEL1|Q7SEL1_NEUCR	100
tr|Q7SEN1|Q7SEN1_NEUCR	tr|Q7SEN1|Q7SEN1_NEUCR	100
tr|Q7SFL2|Q7SFL2_NEUCR	tr|Q7SFL2|Q7SFL2_NEUCR	100
tr|Q7SFS0|Q7SFS0_NEUCR	tr|Q7SFS0|Q7SFS0_NEUCR	100
tr|Q7SH06|Q7SH06_NEUCR	tr|Q7SH06|Q7SH06_NEUCR	100
tr|Q7SH54|Q7SH54_NEUCR	tr|Q7SH54|Q7SH54_NEUCR	100
tr|Q7SHV3|Q7SHV3_NEUCR	tr|Q7SHV3|Q7SHV3_NEUCR	100
sp|Q8WZX5|XRN2_NEUCR	sp|Q8WZX5|XRN2_NEUCR	100
tr|U9W2T4|U9W2T4_NEUCR	tr|U9W2T4|U9W2T4_NEUCR	100
tr|U9W4V0|U9W4V0_NEUCR	tr|U9W4V0|U9W4V0_NEUCR	100
tr|U9W500|U9W500_NEUCR	tr|U9W500|U9W500_NEUCR	100
tr|V5IKX2|V5IKX2_NEUCR	tr|V5IKX2|V5IKX2_NEUCR	100
tr|V5IL41|V5IL41_NEUCR	tr|V5IL41|V5IL41_NEUCR	100
tr|V5ILP6|V5ILP6_NEUCR	tr|V5ILP6|V5ILP6_NEUCR	100
tr|V5ILT2|V5ILT2_NEUCR	tr|V5ILT2|V5ILT2_NEUCR	100
tr|V5ILV9|V5ILV9_NEUCR	tr|V5ILV9|V5ILV9_NEUCR	100
tr|V5IM44|V5IM44_NEUCR	tr|V5IM44|V5IM44_NEUCR	100
tr|V5IMZ7|V5IMZ7_NEUCR	tr|V5IMZ7|V5IMZ7_NEUCR	100
tr|V5IN08|V5IN08_NEUCR	tr|V5IN08|V5IN08_NEUCR	100
tr|V5IN40|V5IN40_NEUCR	tr|V5IN40|V5IN40_NEUCR	100
tr|V5IN46|V5IN46_NEUCR	tr|V5IN46|V5IN46_NEUCR	100
tr|V5INB2|V5INB2_NEUCR	tr|V5INB2|V5INB2_NEUCR	100
tr|A7UW46|A7UW46_NEUCR	tr|A7UW46|A7UW46_NEUCR	100
tr|A7UWH3|A7UWH3_NEUCR	tr|A7UWH3|A7UWH3_NEUCR	100
tr|A7UWZ0|A7UWZ0_NEUCR	tr|A7UWZ0|A7UWZ0_NEUCR	100
tr|F5H8Z6|F5H8Z6_NEUCR	tr|F5H8Z6|F5H8Z6_NEUCR	100
tr|F5HGL0|F5HGL0_NEUCR	tr|F5HGL0|F5HGL0_NEUCR	100
sp|P10857|SYLC_NEUCR	sp|P10857|SYLC_NEUCR	100
sp|P19392|MATA_NEUCR	sp|P19392|MATA_NEUCR	100
sp|P23704|ATPB_NEUCR	sp|P23704|ATPB_NEUCR	100
sp|P38672|IF5A_NEUCR	sp|P38672|IF5A_NEUCR	100
tr|Q1K506|Q1K506_NEUCR	tr|Q1K506|Q1K506_NEUCR	100
tr|Q1K539|Q1K539_NEUCR	tr|Q1K539|Q1K539_NEUCR	100
tr|Q1K5T5|Q1K5T5_NEUCR	tr|Q1K5T5|Q1K5T5_NEUCR	100
tr|Q1K601|Q1K601_NEUCR	tr|Q1K601|Q1K601_NEUCR	100
tr|Q1K687|Q1K687_NEUCR	tr|Q1K687|Q1K687_NEUCR	100
tr|Q1K6B6|Q1K6B6_NEUCR	tr|Q1K6B6|Q1K6B6_NEUCR	100
tr|Q1K6L1|Q1K6L1_NEUCR	tr|Q1K6L1|Q1K6L1_NEUCR	100
tr|Q1K6M6|Q1K6M6_NEUCR	tr|Q1K6M6|Q1K6M6_NEUCR	100
tr|Q1K6Y5|Q1K6Y5_NEUCR	tr|Q1K6Y5|Q1K6Y5_NEUCR	100
tr|Q1K724|Q1K724_NEUCR	tr|Q1K724|Q1K724_NEUCR	100
tr|Q1K798|Q1K798_NEUCR	tr|Q1K798|Q1K798_NEUCR	100
tr|Q1K7W2|Q1K7W2_NEUCR	tr|Q1K7W2|Q1K7W2_NEUCR	100
tr|Q1K874|Q1K874_NEUCR	tr|Q1K874|Q1K874_NEUCR	100
tr|Q1K8Q7|Q1K8Q7_NEUCR	tr|Q1K8Q7|Q1K8Q7_NEUCR	100
tr|Q1K8S1|Q1K8S1_NEUCR	tr|Q1K8S1|Q1K8S1_NEUCR	100
tr|Q1K8V4|Q1K8V4_NEUCR	tr|Q1K8V4|Q1K8V4_NEUCR	100
sp|Q1K8Y7|RM33_NEUCR	sp|Q1K8Y7|RM33_NEUCR	100
sp|Q6MFS1|EXO70_NEUCR	sp|Q6MFS1|EXO70_NEUCR	100
tr|Q7RUW6|Q7RUW6_NEUCR	tr|Q7RUW6|Q7RUW6_NEUCR	100
tr|Q7RV09|Q7RV09_NEUCR	tr|Q7RV09|Q7RV09_NEUCR	100
tr|Q7RV52|Q7RV52_NEUCR	tr|Q7RV52|Q7RV52_NEUCR	100
tr|Q7RWE0|Q7RWE0_NEUCR	tr|Q7RWE0|Q7RWE0_NEUCR	100
sp|Q7RX99|ATG1_NEUCR	sp|Q7RX99|ATG1_NEUCR	100
tr|Q7RXS0|Q7RXS0_NEUCR	tr|Q7RXS0|Q7RXS0_NEUCR	100
sp|Q7RXY2|KYNU2_NEUCR	sp|Q7RXY2|KYNU2_NEUCR	100
tr|Q7RYC0|Q7RYC0_NEUCR	tr|Q7RYC0|Q7RYC0_NEUCR	100
tr|Q7RZ49|Q7RZ49_NEUCR	tr|Q7RZ49|Q7RZ49_NEUCR	100
tr|Q7RZ73|Q7RZ73_NEUCR	tr|Q7RZ73|Q7RZ73_NEUCR	100
tr|Q7RZM0|Q7RZM0_NEUCR	tr|Q7RZM0|Q7RZM0_NEUCR	100
tr|Q7S0D6|Q7S0D6_NEUCR	tr|Q7S0D6|Q7S0D6_NEUCR	100
tr|Q7S0H5|Q7S0H5_NEUCR	tr|Q7S0H5|Q7S0H5_NEUCR	100
tr|Q7S0L5|Q7S0L5_NEUCR	tr|Q7S0L5|Q7S0L5_NEUCR	100
tr|Q7S0P2|Q7S0P2_NEUCR	tr|Q7S0P2|Q7S0P2_NEUCR	100
sp|Q7S0P6|GUF1_NEUCR	sp|Q7S0P6|GUF1_NEUCR	100
tr|Q7S1D2|Q7S1D2_NEUCR	tr|Q7S1D2|Q7S1D2_NEUCR	100
tr|Q7S1M4|Q7S1M4_NEUCR	tr|Q7S1M4|Q7S1M4_NEUCR	100
tr|Q7S215|Q7S215_NEUCR	tr|Q7S215|Q7S215_NEUCR	100
tr|Q7S2F2|Q7S2F2_NEUCR	tr|Q7S2F2|Q7S2F2_NEUCR	100
sp|Q7S2I2|EIF3D_NEUCR	sp|Q7S2I2|EIF3D_NEUCR	100
tr|Q7S3A2|Q7S3A2_NEUCR	tr|Q7S3A2|Q7S3A2_NEUCR	100
tr|Q7S3G6|Q7S3G6_NEUCR	tr|Q7S3G6|Q7S3G6_NEUCR	100
tr|Q7S3G7|Q7S3G7_NEUCR	tr|Q7S3G7|Q7S3G7_NEUCR	100
tr|Q7S406|Q7S406_NEUCR	tr|Q7S406|Q7S406_NEUCR	100
tr|Q7S426|Q7S426_NEUCR	tr|Q7S426|Q7S426_NEUCR	100
tr|Q7S4K1|Q7S4K1_NEUCR	tr|Q7S4K1|Q7S4K1_NEUCR	100
tr|Q7S4N1|Q7S4N1_NEUCR	tr|Q7S4N1|Q7S4N1_NEUCR	100
tr|Q7S5B7|Q7S5B7_NEUCR	tr|Q7S5B7|Q7S5B7_NEUCR	100
tr|Q7S5I1|Q7S5I1_NEUCR	tr|Q7S5I1|Q7S5I1_NEUCR	100
tr|Q7S618|Q7S618_NEUCR	tr|Q7S618|Q7S618_NEUCR	100
tr|Q7S628|Q7S628_NEUCR	tr|Q7S628|Q7S628_NEUCR	100
tr|Q7S636|Q7S636_NEUCR	tr|Q7S636|Q7S636_NEUCR	100
tr|Q7S6P1|Q7S6P1_NEUCR	tr|Q7S6P1|Q7S6P1_NEUCR	100
tr|Q7S789|Q7S789_NEUCR	tr|Q7S789|Q7S789_NEUCR	100
tr|Q7S7Q0|Q7S7Q0_NEUCR	tr|Q7S7Q0|Q7S7Q0_NEUCR	100
sp|Q7S7U5|COX7_NEUCR	sp|Q7S7U5|COX7_NEUCR	100
tr|Q7S8P7|Q7S8P7_NEUCR	tr|Q7S8P7|Q7S8P7_NEUCR	100
tr|Q7S8Z3|Q7S8Z3_NEUCR	tr|Q7S8Z3|Q7S8Z3_NEUCR	100
sp|Q7S949|DPH5_NEUCR	sp|Q7S949|DPH5_NEUCR	100
sp|Q7S9B7|REXO4_NEUCR	sp|Q7S9B7|REXO4_NEUCR	100
tr|Q7S9S4|Q7S9S4_NEUCR	tr|Q7S9S4|Q7S9S4_NEUCR	100
tr|Q7S9U4|Q7S9U4_NEUCR	tr|Q7S9U4|Q7S9U4_NEUCR	100
tr|Q7SA83|Q7SA83_NEUCR	tr|Q7SA83|Q7SA83_NEUCR	100
tr|Q7SAD0|Q7SAD0_NEUCR	tr|Q7SAD0|Q7SAD0_NEUCR	100
tr|Q7SBI8|Q7SBI8_NEUCR	tr|Q7SBI8|Q7SBI8_NEUCR	100
tr|Q7SC81|Q7SC81_NEUCR	tr|Q7SC81|Q7SC81_NEUCR	100
tr|Q7SET0|Q7SET0_NEUCR	tr|Q7SET0|Q7SET0_NEUCR	100
tr|Q7SFN1|Q7SFN1_NEUCR	tr|Q7SFN1|Q7SFN1_NEUCR	100
tr|Q7SFV0|Q7SFV0_NEUCR	tr|Q7SFV0|Q7SFV0_NEUCR	100
tr|Q7SG86|Q7SG86_NEUCR	tr|Q7SG86|Q7SG86_NEUCR	100
tr|Q7SGC6|Q7SGC6_NEUCR	tr|Q7SGC6|Q7SGC6_NEUCR	100
tr|Q7SH19|Q7SH19_NEUCR	tr|Q7SH19|Q7SH19_NEUCR	100
tr|Q7SH27|Q7SH27_NEUCR	tr|Q7SH27|Q7SH27_NEUCR	100
tr|Q7SH40|Q7SH40_NEUCR	tr|Q7SH40|Q7SH40_NEUCR	100
tr|Q7SHG5|Q7SHG5_NEUCR	tr|Q7SHG5|Q7SHG5_NEUCR	100
tr|Q7SHH4|Q7SHH4_NEUCR	tr|Q7SHH4|Q7SHH4_NEUCR	100
tr|Q7SHT8|Q7SHT8_NEUCR	tr|Q7SHT8|Q7SHT8_NEUCR	100
tr|Q7SHV1|Q7SHV1_NEUCR	tr|Q7SHV1|Q7SHV1_NEUCR	100
tr|Q7SHW0|Q7SHW0_NEUCR	tr|Q7SHW0|Q7SHW0_NEUCR	100
sp|Q871Y8|SNF7_NEUCR	sp|Q871Y8|SNF7_NEUCR	100
sp|Q9HEH1|RENT1_NEUCR	sp|Q9HEH1|RENT1_NEUCR	100
sp|Q9HEK4|TMEDA_NEUCR	sp|Q9HEK4|TMEDA_NEUCR	100
tr|U9W2L5|U9W2L5_NEUCR	tr|U9W2L5|U9W2L5_NEUCR	100
tr|U9W3G1|U9W3G1_NEUCR	tr|U9W3G1|U9W3G1_NEUCR	100
tr|U9WGL9|U9WGL9_NEUCR	tr|U9WGL9|U9WGL9_NEUCR	100
tr|V5IKU6|V5IKU6_NEUCR	tr|V5IKU6|V5IKU6_NEUCR	100
tr|V5ILH2|V5ILH2_NEUCR	tr|V5ILH2|V5ILH2_NEUCR	100
tr|V5INT3|V5INT3_NEUCR	tr|V5INT3|V5INT3_NEUCR	100
tr|V5IPN6|V5IPN6_NEUCR	tr|V5IPN6|V5IPN6_NEUCR	100
tr|V5IQ01|V5IQ01_NEUCR	tr|V5IQ01|V5IQ01_NEUCR	100
tr|V5IQM1|V5IQM1_NEUCR	tr|V5IQM1|V5IQM1_NEUCR	100
tr|V5IQX6|V5IQX6_NEUCR	tr|V5IQX6|V5IQX6_NEUCR	100
tr|A7UW03|A7UW03_NEUCR	tr|A7UW03|A7UW03_NEUCR	100
tr|A7UWQ6|A7UWQ6_NEUCR	tr|A7UWQ6|A7UWQ6_NEUCR	100
tr|F5H950|F5H950_NEUCR	tr|F5H950|F5H950_NEUCR	100
sp|P38673|ACTZ_NEUCR	sp|P38673|ACTZ_NEUCR	100
sp|P52493|UBC2_NEUCR	sp|P52493|UBC2_NEUCR	100
tr|Q1K4Y3|Q1K4Y3_NEUCR	tr|Q1K4Y3|Q1K4Y3_NEUCR	100
tr|Q1K542|Q1K542_NEUCR	tr|Q1K542|Q1K542_NEUCR	100
tr|Q1K5F0|Q1K5F0_NEUCR	tr|Q1K5F0|Q1K5F0_NEUCR	100
tr|Q1K5N2|Q1K5N2_NEUCR	tr|Q1K5N2|Q1K5N2_NEUCR	100
tr|Q1K626|Q1K626_NEUCR	tr|Q1K626|Q1K626_NEUCR	100
tr|Q1K692|Q1K692_NEUCR	tr|Q1K692|Q1K692_NEUCR	100
tr|Q1K6E4|Q1K6E4_NEUCR	tr|Q1K6E4|Q1K6E4_NEUCR	100
tr|Q1K7P2|Q1K7P2_NEUCR	tr|Q1K7P2|Q1K7P2_NEUCR	100
tr|Q1K8J4|Q1K8J4_NEUCR	tr|Q1K8J4|Q1K8J4_NEUCR	100
tr|Q1K8K3|Q1K8K3_NEUCR	tr|Q1K8K3|Q1K8K3_NEUCR	100
tr|Q1K8W1|Q1K8W1_NEUCR	tr|Q1K8W1|Q1K8W1_NEUCR	100
tr|Q1K901|Q1K901_NEUCR	tr|Q1K901|Q1K901_NEUCR	100
tr|Q1K945|Q1K945_NEUCR	tr|Q1K945|Q1K945_NEUCR	100
sp|Q35127|MBI1_NEUCR	sp|Q35127|MBI1_NEUCR	100
tr|Q7RUD2|Q7RUD2_NEUCR	tr|Q7RUD2|Q7RUD2_NEUCR	100
tr|Q7RUP7|Q7RUP7_NEUCR	tr|Q7RUP7|Q7RUP7_NEUCR	100
tr|Q7RVN7|Q7RVN7_NEUCR	tr|Q7RVN7|Q7RVN7_NEUCR	100
tr|Q7RW24|Q7RW24_NEUCR	tr|Q7RW24|Q7RW24_NEUCR	100
tr|Q7RWA3|Q7RWA3_NEUCR	tr|Q7RWA3|Q7RWA3_NEUCR	100
tr|Q7RWF3|Q7RWF3_NEUCR	tr|Q7RWF3|Q7RWF3_NEUCR	100
tr|Q7RX45|Q7RX45_NEUCR	tr|Q7RX45|Q7RX45_NEUCR	100
tr|Q7RXX6|Q7RXX6_NEUCR	tr|Q7RXX6|Q7RXX6_NEUCR	100
tr|Q7RYB9|Q7RYB9_NEUCR	tr|Q7RYB9|Q7RYB9_NEUCR	100
tr|Q7RYC5|Q7RYC5_NEUCR	tr|Q7RYC5|Q7RYC5_NEUCR	100
tr|Q7RYP3|Q7RYP3_NEUCR	tr|Q7RYP3|Q7RYP3_NEUCR	100
tr|Q7RYS4|Q7RYS4_NEUCR	tr|Q7RYS4|Q7RYS4_NEUCR	100
tr|Q7RYV9|Q7RYV9_NEUCR	tr|Q7RYV9|Q7RYV9_NEUCR	100
tr|Q7S0P4|Q7S0P4_NEUCR	tr|Q7S0P4|Q7S0P4_NEUCR	100
tr|Q7S0S7|Q7S0S7_NEUCR	tr|Q7S0S7|Q7S0S7_NEUCR	100
tr|Q7S1S9|Q7S1S9_NEUCR	tr|Q7S1S9|Q7S1S9_NEUCR	100
tr|Q7S1T1|Q7S1T1_NEUCR	tr|Q7S1T1|Q7S1T1_NEUCR	100
tr|Q7S1W3|Q7S1W3_NEUCR	tr|Q7S1W3|Q7S1W3_NEUCR	100
tr|Q7S2X4|Q7S2X4_NEUCR	tr|Q7S2X4|Q7S2X4_NEUCR	100
tr|Q7S3S1|Q7S3S1_NEUCR	tr|Q7S3S1|Q7S3S1_NEUCR	100
tr|Q7S3T6|Q7S3T6_NEUCR	tr|Q7S3T6|Q7S3T6_NEUCR	100
tr|Q7S4C5|Q7S4C5_NEUCR	tr|Q7S4C5|Q7S4C5_NEUCR	100
sp|Q7S4E0|RT17_NEUCR	sp|Q7S4E0|RT17_NEUCR	100
tr|Q7S4L0|Q7S4L0_NEUCR	tr|Q7S4L0|Q7S4L0_NEUCR	100
tr|Q7S4V0|Q7S4V0_NEUCR	tr|Q7S4V0|Q7S4V0_NEUCR	100
tr|Q7S520|Q7S520_NEUCR	tr|Q7S520|Q7S520_NEUCR	100
tr|Q7S572|Q7S572_NEUCR	tr|Q7S572|Q7S572_NEUCR	100
tr|Q7S594|Q7S594_NEUCR	tr|Q7S594|Q7S594_NEUCR	100
tr|Q7S595|Q7S595_NEUCR	tr|Q7S595|Q7S595_NEUCR	100
tr|Q7S5E2|Q7S5E2_NEUCR	tr|Q7S5E2|Q7S5E2_NEUCR	100
tr|Q7S5J3|Q7S5J3_NEUCR	tr|Q7S5J3|Q7S5J3_NEUCR	100
tr|Q7S5K7|Q7S5K7_NEUCR	tr|Q7S5K7|Q7S5K7_NEUCR	100
tr|Q7S6J5|Q7S6J5_NEUCR	tr|Q7S6J5|Q7S6J5_NEUCR	100
tr|Q7S6K8|Q7S6K8_NEUCR	tr|Q7S6K8|Q7S6K8_NEUCR	100
tr|Q7S6Q2|Q7S6Q2_NEUCR	tr|Q7S6Q2|Q7S6Q2_NEUCR	100
tr|Q7S6V9|Q7S6V9_NEUCR	tr|Q7S6V9|Q7S6V9_NEUCR	100
sp|Q7S724|CPD1_NEUCR	sp|Q7S724|CPD1_NEUCR	100
sp|Q7S7F1|RL30_NEUCR	sp|Q7S7F1|RL30_NEUCR	100
sp|Q7S860|CAO1_NEUCR	sp|Q7S860|CAO1_NEUCR	100
tr|Q7S885|Q7S885_NEUCR	tr|Q7S885|Q7S885_NEUCR	100
tr|Q7S8G0|Q7S8G0_NEUCR	tr|Q7S8G0|Q7S8G0_NEUCR	100
tr|Q7S8H4|Q7S8H4_NEUCR	tr|Q7S8H4|Q7S8H4_NEUCR	100
tr|Q7S8R2|Q7S8R2_NEUCR	tr|Q7S8R2|Q7S8R2_NEUCR	100
tr|Q7S8X5|Q7S8X5_NEUCR	tr|Q7S8X5|Q7S8X5_NEUCR	100
tr|Q7S9E4|Q7S9E4_NEUCR	tr|Q7S9E4|Q7S9E4_NEUCR	100
tr|Q7S9G3|Q7S9G3_NEUCR	tr|Q7S9G3|Q7S9G3_NEUCR	100
tr|Q7S9T6|Q7S9T6_NEUCR	tr|Q7S9T6|Q7S9T6_NEUCR	100
tr|Q7SA98|Q7SA98_NEUCR	tr|Q7SA98|Q7SA98_NEUCR	100
tr|Q7SBT9|Q7SBT9_NEUCR	tr|Q7SBT9|Q7SBT9_NEUCR	100
tr|Q7SBV2|Q7SBV2_NEUCR	tr|Q7SBV2|Q7SBV2_NEUCR	100
tr|Q7SBX5|Q7SBX5_NEUCR	tr|Q7SBX5|Q7SBX5_NEUCR	100
tr|Q7SC92|Q7SC92_NEUCR	tr|Q7SC92|Q7SC92_NEUCR	100
tr|Q7SCC0|Q7SCC0_NEUCR	tr|Q7SCC0|Q7SCC0_NEUCR	100
tr|Q7SCW1|Q7SCW1_NEUCR	tr|Q7SCW1|Q7SCW1_NEUCR	100
tr|Q7SD29|Q7SD29_NEUCR	tr|Q7SD29|Q7SD29_NEUCR	100
tr|Q7SDA5|Q7SDA5_NEUCR	tr|Q7SDA5|Q7SDA5_NEUCR	100
tr|Q7SDP9|Q7SDP9_NEUCR	tr|Q7SDP9|Q7SDP9_NEUCR	100
tr|Q7SDY1|Q7SDY1_NEUCR	tr|Q7SDY1|Q7SDY1_NEUCR	100
tr|Q7SE38|Q7SE38_NEUCR	tr|Q7SE38|Q7SE38_NEUCR	100
tr|Q7SE39|Q7SE39_NEUCR	tr|Q7SE39|Q7SE39_NEUCR	100
tr|Q7SE40|Q7SE40_NEUCR	tr|Q7SE40|Q7SE40_NEUCR	100
tr|Q7SEY3|Q7SEY3_NEUCR	tr|Q7SEY3|Q7SEY3_NEUCR	100
tr|Q7SF37|Q7SF37_NEUCR	tr|Q7SF37|Q7SF37_NEUCR	100
tr|Q7SFB3|Q7SFB3_NEUCR	tr|Q7SFB3|Q7SFB3_NEUCR	100
tr|Q7SFP0|Q7SFP0_NEUCR	tr|Q7SFP0|Q7SFP0_NEUCR	100
sp|Q7SGB6|TVP23_NEUCR	sp|Q7SGB6|TVP23_NEUCR	100
tr|Q7SGJ7|Q7SGJ7_NEUCR	tr|Q7SGJ7|Q7SGJ7_NEUCR	100
tr|Q7SH46|Q7SH46_NEUCR	tr|Q7SH46|Q7SH46_NEUCR	100
tr|Q7SHU6|Q7SHU6_NEUCR	tr|Q7SHU6|Q7SHU6_NEUCR	100
sp|Q8X0S9|SET1_NEUCR	sp|Q8X0S9|SET1_NEUCR	100
sp|Q9HFJ5|APTH1_NEUCR	sp|Q9HFJ5|APTH1_NEUCR	100
sp|Q9P4Z1|TOM1_NEUCR	sp|Q9P4Z1|TOM1_NEUCR	100
tr|V5IL08|V5IL08_NEUCR	tr|V5IL08|V5IL08_NEUCR	100
tr|V5ILG4|V5ILG4_NEUCR	tr|V5ILG4|V5ILG4_NEUCR	100
tr|V5ILY4|V5ILY4_NEUCR	tr|V5ILY4|V5ILY4_NEUCR	100
tr|V5IM01|V5IM01_NEUCR	tr|V5IM01|V5IM01_NEUCR	100
tr|V5IN81|V5IN81_NEUCR	tr|V5IN81|V5IN81_NEUCR	100
tr|V5IPB8|V5IPB8_NEUCR	tr|V5IPB8|V5IPB8_NEUCR	100
tr|V5IPS6|V5IPS6_NEUCR	tr|V5IPS6|V5IPS6_NEUCR	100
tr|V5IQ26|V5IQ26_NEUCR	tr|V5IQ26|V5IQ26_NEUCR	100
tr|V5IRJ0|V5IRJ0_NEUCR	tr|V5IRJ0|V5IRJ0_NEUCR	100
tr|A7UWH1|A7UWH1_NEUCR	tr|A7UWH1|A7UWH1_NEUCR	100
tr|F5HG10|F5HG10_NEUCR	tr|F5HG10|F5HG10_NEUCR	100
sp|P22702|AAP_NEUCR	sp|P22702|AAP_NEUCR	100
sp|P38674|ILV5_NEUCR	sp|P38674|ILV5_NEUCR	100
tr|Q1K554|Q1K554_NEUCR	tr|Q1K554|Q1K554_NEUCR	100
tr|Q1K566|Q1K566_NEUCR	tr|Q1K566|Q1K566_NEUCR	100
tr|Q1K5D1|Q1K5D1_NEUCR	tr|Q1K5D1|Q1K5D1_NEUCR	100
sp|Q1K5R0|RT27_NEUCR	sp|Q1K5R0|RT27_NEUCR	100
tr|Q1K608|Q1K608_NEUCR	tr|Q1K608|Q1K608_NEUCR	100
tr|Q1K6N7|Q1K6N7_NEUCR	tr|Q1K6N7|Q1K6N7_NEUCR	100
tr|Q1K6P8|Q1K6P8_NEUCR	tr|Q1K6P8|Q1K6P8_NEUCR	100
tr|Q1K6T1|Q1K6T1_NEUCR	tr|Q1K6T1|Q1K6T1_NEUCR	100
tr|Q1K6V6|Q1K6V6_NEUCR	tr|Q1K6V6|Q1K6V6_NEUCR	100
tr|Q1K714|Q1K714_NEUCR	tr|Q1K714|Q1K714_NEUCR	100
tr|Q1K7B7|Q1K7B7_NEUCR	tr|Q1K7B7|Q1K7B7_NEUCR	100
tr|Q1K7K3|Q1K7K3_NEUCR	tr|Q1K7K3|Q1K7K3_NEUCR	100
tr|Q1K7X0|Q1K7X0_NEUCR	tr|Q1K7X0|Q1K7X0_NEUCR	100
tr|Q1K808|Q1K808_NEUCR	tr|Q1K808|Q1K808_NEUCR	100
tr|Q1K8C4|Q1K8C4_NEUCR	tr|Q1K8C4|Q1K8C4_NEUCR	100
sp|Q7RV88|IF4A_NEUCR	sp|Q7RV88|IF4A_NEUCR	100
tr|Q7RW56|Q7RW56_NEUCR	tr|Q7RW56|Q7RW56_NEUCR	100
tr|Q7RWI6|Q7RWI6_NEUCR	tr|Q7RWI6|Q7RWI6_NEUCR	100
tr|Q7RWK6|Q7RWK6_NEUCR	tr|Q7RWK6|Q7RWK6_NEUCR	100
tr|Q7RWL3|Q7RWL3_NEUCR	tr|Q7RWL3|Q7RWL3_NEUCR	100
sp|Q7RWZ7|RM49_NEUCR	sp|Q7RWZ7|RM49_NEUCR	100
tr|Q7RX94|Q7RX94_NEUCR	tr|Q7RX94|Q7RX94_NEUCR	100
tr|Q7RXJ6|Q7RXJ6_NEUCR	tr|Q7RXJ6|Q7RXJ6_NEUCR	100
tr|Q7RYD4|Q7RYD4_NEUCR	tr|Q7RYD4|Q7RYD4_NEUCR	100
tr|Q7RZ84|Q7RZ84_NEUCR	tr|Q7RZ84|Q7RZ84_NEUCR	100
tr|Q7RZX7|Q7RZX7_NEUCR	tr|Q7RZX7|Q7RZX7_NEUCR	100
tr|Q7S0B1|Q7S0B1_NEUCR	tr|Q7S0B1|Q7S0B1_NEUCR	100
tr|Q7S0U5|Q7S0U5_NEUCR	tr|Q7S0U5|Q7S0U5_NEUCR	100
tr|Q7S119|Q7S119_NEUCR	tr|Q7S119|Q7S119_NEUCR	100
tr|Q7S1J1|Q7S1J1_NEUCR	tr|Q7S1J1|Q7S1J1_NEUCR	100
tr|Q7S1J4|Q7S1J4_NEUCR	tr|Q7S1J4|Q7S1J4_NEUCR	100
tr|Q7S252|Q7S252_NEUCR	tr|Q7S252|Q7S252_NEUCR	100
sp|Q7S2A9|TOF1_NEUCR	sp|Q7S2A9|TOF1_NEUCR	100
tr|Q7S2T2|Q7S2T2_NEUCR	tr|Q7S2T2|Q7S2T2_NEUCR	100
tr|Q7S350|Q7S350_NEUCR	tr|Q7S350|Q7S350_NEUCR	100
tr|Q7S384|Q7S384_NEUCR	tr|Q7S384|Q7S384_NEUCR	100
tr|Q7S3K6|Q7S3K6_NEUCR	tr|Q7S3K6|Q7S3K6_NEUCR	100
tr|Q7S3S5|Q7S3S5_NEUCR	tr|Q7S3S5|Q7S3S5_NEUCR	100
tr|Q7S4B5|Q7S4B5_NEUCR	tr|Q7S4B5|Q7S4B5_NEUCR	100
tr|Q7S4G9|Q7S4G9_NEUCR	tr|Q7S4G9|Q7S4G9_NEUCR	100
tr|Q7S4Z2|Q7S4Z2_NEUCR	tr|Q7S4Z2|Q7S4Z2_NEUCR	100
tr|Q7S569|Q7S569_NEUCR	tr|Q7S569|Q7S569_NEUCR	100
sp|Q7S5C0|DPH2_NEUCR	sp|Q7S5C0|DPH2_NEUCR	100
tr|Q7S601|Q7S601_NEUCR	tr|Q7S601|Q7S601_NEUCR	100
tr|Q7S6S8|Q7S6S8_NEUCR	tr|Q7S6S8|Q7S6S8_NEUCR	100
tr|Q7S6T7|Q7S6T7_NEUCR	tr|Q7S6T7|Q7S6T7_NEUCR	100
tr|Q7S6V6|Q7S6V6_NEUCR	tr|Q7S6V6|Q7S6V6_NEUCR	100
sp|Q7S745|KAE1_NEUCR	sp|Q7S745|KAE1_NEUCR	100
tr|Q7S7J5|Q7S7J5_NEUCR	tr|Q7S7J5|Q7S7J5_NEUCR	100
tr|Q7S7Y2|Q7S7Y2_NEUCR	tr|Q7S7Y2|Q7S7Y2_NEUCR	100
tr|Q7S8B7|Q7S8B7_NEUCR	tr|Q7S8B7|Q7S8B7_NEUCR	100
tr|Q7S8L3|Q7S8L3_NEUCR	tr|Q7S8L3|Q7S8L3_NEUCR	100
tr|Q7S8X7|Q7S8X7_NEUCR	tr|Q7S8X7|Q7S8X7_NEUCR	100
tr|Q7S9D4|Q7S9D4_NEUCR	tr|Q7S9D4|Q7S9D4_NEUCR	100
tr|Q7S9X2|Q7S9X2_NEUCR	tr|Q7S9X2|Q7S9X2_NEUCR	100
sp|Q7SA35|ALG10_NEUCR	sp|Q7SA35|ALG10_NEUCR	100
tr|Q7SB35|Q7SB35_NEUCR	tr|Q7SB35|Q7SB35_NEUCR	100
tr|Q7SB50|Q7SB50_NEUCR	tr|Q7SB50|Q7SB50_NEUCR	100
tr|Q7SBB1|Q7SBB1_NEUCR	tr|Q7SBB1|Q7SBB1_NEUCR	100
tr|Q7SBC1|Q7SBC1_NEUCR	tr|Q7SBC1|Q7SBC1_NEUCR	100
tr|Q7SBL1|Q7SBL1_NEUCR	tr|Q7SBL1|Q7SBL1_NEUCR	100
sp|Q7SCZ3|RM37_NEUCR	sp|Q7SCZ3|RM37_NEUCR	100
tr|Q7SDL4|Q7SDL4_NEUCR	tr|Q7SDL4|Q7SDL4_NEUCR	100
tr|Q7SDV7|Q7SDV7_NEUCR	tr|Q7SDV7|Q7SDV7_NEUCR	100
tr|Q7SEC7|Q7SEC7_NEUCR	tr|Q7SEC7|Q7SEC7_NEUCR	100
tr|Q7SEG2|Q7SEG2_NEUCR	tr|Q7SEG2|Q7SEG2_NEUCR	100
tr|Q7SEP1|Q7SEP1_NEUCR	tr|Q7SEP1|Q7SEP1_NEUCR	100
tr|Q7SET7|Q7SET7_NEUCR	tr|Q7SET7|Q7SET7_NEUCR	100
sp|Q7SFB0|GUS79_NEUCR	sp|Q7SFB0|GUS79_NEUCR	100
tr|Q7SFB2|Q7SFB2_NEUCR	tr|Q7SFB2|Q7SFB2_NEUCR	100
tr|Q7SFR9|Q7SFR9_NEUCR	tr|Q7SFR9|Q7SFR9_NEUCR	100
tr|Q7SFX1|Q7SFX1_NEUCR	tr|Q7SFX1|Q7SFX1_NEUCR	100
tr|Q7SGC8|Q7SGC8_NEUCR	tr|Q7SGC8|Q7SGC8_NEUCR	100
tr|Q7SHZ5|Q7SHZ5_NEUCR	tr|Q7SHZ5|Q7SHZ5_NEUCR	100
tr|Q7SI00|Q7SI00_NEUCR	tr|Q7SI00|Q7SI00_NEUCR	100
tr|U9W8J7|U9W8J7_NEUCR	tr|U9W8J7|U9W8J7_NEUCR	100
tr|U9W8S9|U9W8S9_NEUCR	tr|U9W8S9|U9W8S9_NEUCR	100
tr|V5IKE5|V5IKE5_NEUCR	tr|V5IKE5|V5IKE5_NEUCR	100
tr|V5IKE8|V5IKE8_NEUCR	tr|V5IKE8|V5IKE8_NEUCR	100
tr|V5IKG7|V5IKG7_NEUCR	tr|V5IKG7|V5IKG7_NEUCR	100
tr|V5IL18|V5IL18_NEUCR	tr|V5IL18|V5IL18_NEUCR	100
tr|V5IL66|V5IL66_NEUCR	tr|V5IL66|V5IL66_NEUCR	100
tr|V5IL67|V5IL67_NEUCR	tr|V5IL67|V5IL67_NEUCR	100
tr|V5ILH6|V5ILH6_NEUCR	tr|V5ILH6|V5ILH6_NEUCR	100
tr|V5ILM4|V5ILM4_NEUCR	tr|V5ILM4|V5ILM4_NEUCR	100
tr|V5IM21|V5IM21_NEUCR	tr|V5IM21|V5IM21_NEUCR	100
tr|V5IMB8|V5IMB8_NEUCR	tr|V5IMB8|V5IMB8_NEUCR	100
tr|V5INF2|V5INF2_NEUCR	tr|V5INF2|V5INF2_NEUCR	100
tr|V5INQ2|V5INQ2_NEUCR	tr|V5INQ2|V5INQ2_NEUCR	100
tr|V5IP06|V5IP06_NEUCR	tr|V5IP06|V5IP06_NEUCR	100
tr|V5IPF5|V5IPF5_NEUCR	tr|V5IPF5|V5IPF5_NEUCR	100
tr|V5IPX5|V5IPX5_NEUCR	tr|V5IPX5|V5IPX5_NEUCR	100
tr|V5IQ11|V5IQ11_NEUCR	tr|V5IQ11|V5IQ11_NEUCR	100
tr|V5IQ46|V5IQ46_NEUCR	tr|V5IQ46|V5IQ46_NEUCR	100
tr|V5IQ65|V5IQ65_NEUCR	tr|V5IQ65|V5IQ65_NEUCR	100
tr|V5IQZ4|V5IQZ4_NEUCR	tr|V5IQZ4|V5IQZ4_NEUCR	100
tr|A7UW00|A7UW00_NEUCR	tr|A7UW00|A7UW00_NEUCR	100
tr|A7UW01|A7UW01_NEUCR	tr|A7UW01|A7UW01_NEUCR	100
tr|A7UX46|A7UX46_NEUCR	tr|A7UX46|A7UX46_NEUCR	100
tr|F5HBI8|F5HBI8_NEUCR	tr|F5HBI8|F5HBI8_NEUCR	100
tr|F5HBR2|F5HBR2_NEUCR	tr|F5HBR2|F5HBR2_NEUCR	100
tr|F5HEL0|F5HEL0_NEUCR	tr|F5HEL0|F5HEL0_NEUCR	100
sp|P07038|PMA1_NEUCR	sp|P07038|PMA1_NEUCR	100
tr|Q1K4R1|Q1K4R1_NEUCR	tr|Q1K4R1|Q1K4R1_NEUCR	100
tr|Q1K4U5|Q1K4U5_NEUCR	tr|Q1K4U5|Q1K4U5_NEUCR	100
tr|Q1K5W7|Q1K5W7_NEUCR	tr|Q1K5W7|Q1K5W7_NEUCR	100
tr|Q1K620|Q1K620_NEUCR	tr|Q1K620|Q1K620_NEUCR	100
tr|Q1K6B7|Q1K6B7_NEUCR	tr|Q1K6B7|Q1K6B7_NEUCR	100
tr|Q1K6K6|Q1K6K6_NEUCR	tr|Q1K6K6|Q1K6K6_NEUCR	100
tr|Q1K6N4|Q1K6N4_NEUCR	tr|Q1K6N4|Q1K6N4_NEUCR	100
tr|Q1K7Q4|Q1K7Q4_NEUCR	tr|Q1K7Q4|Q1K7Q4_NEUCR	100
tr|Q1K8P5|Q1K8P5_NEUCR	tr|Q1K8P5|Q1K8P5_NEUCR	100
tr|Q1K952|Q1K952_NEUCR	tr|Q1K952|Q1K952_NEUCR	100
sp|Q35137|YM001_NEUCR	sp|Q35137|YM001_NEUCR	100
tr|Q7RVU7|Q7RVU7_NEUCR	tr|Q7RVU7|Q7RVU7_NEUCR	100
tr|Q7RWH0|Q7RWH0_NEUCR	tr|Q7RWH0|Q7RWH0_NEUCR	100
tr|Q7RXP4|Q7RXP4_NEUCR	tr|Q7RXP4|Q7RXP4_NEUCR	100
sp|Q7RXW1|VAC8_NEUCR	sp|Q7RXW1|VAC8_NEUCR	100
tr|Q7RYV1|Q7RYV1_NEUCR	tr|Q7RYV1|Q7RYV1_NEUCR	100
sp|Q7RZA2|GEM1_NEUCR	sp|Q7RZA2|GEM1_NEUCR	100
tr|Q7RZH8|Q7RZH8_NEUCR	tr|Q7RZH8|Q7RZH8_NEUCR	100
tr|Q7S0E3|Q7S0E3_NEUCR	tr|Q7S0E3|Q7S0E3_NEUCR	100
sp|Q7S130|PRM1_NEUCR	sp|Q7S130|PRM1_NEUCR	100
tr|Q7S1W7|Q7S1W7_NEUCR	tr|Q7S1W7|Q7S1W7_NEUCR	100
tr|Q7S1X6|Q7S1X6_NEUCR	tr|Q7S1X6|Q7S1X6_NEUCR	100
tr|Q7S1Y8|Q7S1Y8_NEUCR	tr|Q7S1Y8|Q7S1Y8_NEUCR	100
tr|Q7S259|Q7S259_NEUCR	tr|Q7S259|Q7S259_NEUCR	100
tr|Q7S2J3|Q7S2J3_NEUCR	tr|Q7S2J3|Q7S2J3_NEUCR	100
tr|Q7S2M7|Q7S2M7_NEUCR	tr|Q7S2M7|Q7S2M7_NEUCR	100
tr|Q7S326|Q7S326_NEUCR	tr|Q7S326|Q7S326_NEUCR	100
tr|Q7S349|Q7S349_NEUCR	tr|Q7S349|Q7S349_NEUCR	100
tr|Q7S3S8|Q7S3S8_NEUCR	tr|Q7S3S8|Q7S3S8_NEUCR	100
tr|Q7S415|Q7S415_NEUCR	tr|Q7S415|Q7S415_NEUCR	100
sp|Q7S4G7|MTNA_NEUCR	sp|Q7S4G7|MTNA_NEUCR	100
tr|Q7S4Q5|Q7S4Q5_NEUCR	tr|Q7S4Q5|Q7S4Q5_NEUCR	100
tr|Q7S5G6|Q7S5G6_NEUCR	tr|Q7S5G6|Q7S5G6_NEUCR	100
tr|Q7S5Z8|Q7S5Z8_NEUCR	tr|Q7S5Z8|Q7S5Z8_NEUCR	100
tr|Q7S619|Q7S619_NEUCR	tr|Q7S619|Q7S619_NEUCR	100
sp|Q7S6F3|DBP9_NEUCR	sp|Q7S6F3|DBP9_NEUCR	100
tr|Q7S6M4|Q7S6M4_NEUCR	tr|Q7S6M4|Q7S6M4_NEUCR	100
sp|Q7S6N6|PABP_NEUCR	sp|Q7S6N6|PABP_NEUCR	100
tr|Q7S771|Q7S771_NEUCR	tr|Q7S771|Q7S771_NEUCR	100
tr|Q7S887|Q7S887_NEUCR	tr|Q7S887|Q7S887_NEUCR	100
tr|Q7S8N2|Q7S8N2_NEUCR	tr|Q7S8N2|Q7S8N2_NEUCR	100
tr|Q7S8X8|Q7S8X8_NEUCR	tr|Q7S8X8|Q7S8X8_NEUCR	100
tr|Q7S8X9|Q7S8X9_NEUCR	tr|Q7S8X9|Q7S8X9_NEUCR	100
tr|Q7S9A8|Q7S9A8_NEUCR	tr|Q7S9A8|Q7S9A8_NEUCR	100
tr|Q7S9H7|Q7S9H7_NEUCR	tr|Q7S9H7|Q7S9H7_NEUCR	100
tr|Q7S9P6|Q7S9P6_NEUCR	tr|Q7S9P6|Q7S9P6_NEUCR	100
tr|Q7SA33|Q7SA33_NEUCR	tr|Q7SA33|Q7SA33_NEUCR	100
tr|Q7SAY8|Q7SAY8_NEUCR	tr|Q7SAY8|Q7SAY8_NEUCR	100
tr|Q7SBG6|Q7SBG6_NEUCR	tr|Q7SBG6|Q7SBG6_NEUCR	100
tr|Q7SCV8|Q7SCV8_NEUCR	tr|Q7SCV8|Q7SCV8_NEUCR	100
tr|Q7SDB0|Q7SDB0_NEUCR	tr|Q7SDB0|Q7SDB0_NEUCR	100
tr|Q7SDC3|Q7SDC3_NEUCR	tr|Q7SDC3|Q7SDC3_NEUCR	100
tr|Q7SDQ9|Q7SDQ9_NEUCR	tr|Q7SDQ9|Q7SDQ9_NEUCR	100
tr|Q7SEP4|Q7SEP4_NEUCR	tr|Q7SEP4|Q7SEP4_NEUCR	100
tr|Q7SEQ0|Q7SEQ0_NEUCR	tr|Q7SEQ0|Q7SEQ0_NEUCR	100
tr|Q7SEQ5|Q7SEQ5_NEUCR	tr|Q7SEQ5|Q7SEQ5_NEUCR	100
tr|Q7SEZ9|Q7SEZ9_NEUCR	tr|Q7SEZ9|Q7SEZ9_NEUCR	100
tr|Q7SF80|Q7SF80_NEUCR	tr|Q7SF80|Q7SF80_NEUCR	100
tr|Q7SF89|Q7SF89_NEUCR	tr|Q7SF89|Q7SF89_NEUCR	100
tr|Q7SG59|Q7SG59_NEUCR	tr|Q7SG59|Q7SG59_NEUCR	100
tr|Q7SG91|Q7SG91_NEUCR	tr|Q7SG91|Q7SG91_NEUCR	100
sp|Q7SGE5|RN49_NEUCR	sp|Q7SGE5|RN49_NEUCR	100
tr|Q7SGV4|Q7SGV4_NEUCR	tr|Q7SGV4|Q7SGV4_NEUCR	100
tr|Q7SH24|Q7SH24_NEUCR	tr|Q7SH24|Q7SH24_NEUCR	100
sp|Q7SH52|CARB_NEUCR	sp|Q7SH52|CARB_NEUCR	100
tr|Q7SH71|Q7SH71_NEUCR	tr|Q7SH71|Q7SH71_NEUCR	100
sp|Q7SHI4|SRDC_NEUCR	sp|Q7SHI4|SRDC_NEUCR	100
tr|Q7SHM5|Q7SHM5_NEUCR	tr|Q7SHM5|Q7SHM5_NEUCR	100
tr|Q7SHM8|Q7SHM8_NEUCR	tr|Q7SHM8|Q7SHM8_NEUCR	100
tr|Q7SI03|Q7SI03_NEUCR	tr|Q7SI03|Q7SI03_NEUCR	100
tr|V5IKC0|V5IKC0_NEUCR	tr|V5IKC0|V5IKC0_NEUCR	100
tr|V5IKC8|V5IKC8_NEUCR	tr|V5IKC8|V5IKC8_NEUCR	100
tr|V5IKD3|V5IKD3_NEUCR	tr|V5IKD3|V5IKD3_NEUCR	100
tr|V5ILL1|V5ILL1_NEUCR	tr|V5ILL1|V5ILL1_NEUCR	100
tr|V5ILP3|V5ILP3_NEUCR	tr|V5ILP3|V5ILP3_NEUCR	100
tr|V5ILR4|V5ILR4_NEUCR	tr|V5ILR4|V5ILR4_NEUCR	100
tr|V5IM10|V5IM10_NEUCR	tr|V5IM10|V5IM10_NEUCR	100
tr|V5IM14|V5IM14_NEUCR	tr|V5IM14|V5IM14_NEUCR	100
tr|V5IM90|V5IM90_NEUCR	tr|V5IM90|V5IM90_NEUCR	100
tr|V5IMV6|V5IMV6_NEUCR	tr|V5IMV6|V5IMV6_NEUCR	100
tr|V5IN48|V5IN48_NEUCR	tr|V5IN48|V5IN48_NEUCR	100
tr|V5INC6|V5INC6_NEUCR	tr|V5INC6|V5INC6_NEUCR	100
tr|V5INI2|V5INI2_NEUCR	tr|V5INI2|V5INI2_NEUCR	100
tr|V5INK4|V5INK4_NEUCR	tr|V5INK4|V5INK4_NEUCR	100
tr|V5INL0|V5INL0_NEUCR	tr|V5INL0|V5INL0_NEUCR	100
tr|V5IP45|V5IP45_NEUCR	tr|V5IP45|V5IP45_NEUCR	100
tr|V5IPQ4|V5IPQ4_NEUCR	tr|V5IPQ4|V5IPQ4_NEUCR	100
tr|V5IQR6|V5IQR6_NEUCR	tr|V5IQR6|V5IQR6_NEUCR	100
tr|V5IQU7|V5IQU7_NEUCR	tr|V5IQU7|V5IQU7_NEUCR	100
tr|V5IR22|V5IR22_NEUCR	tr|V5IR22|V5IR22_NEUCR	100
tr|V5IR90|V5IR90_NEUCR	tr|V5IR90|V5IR90_NEUCR	100
tr|V5IRM9|V5IRM9_NEUCR	tr|V5IRM9|V5IRM9_NEUCR	100
tr|V5IRS4|V5IRS4_NEUCR	tr|V5IRS4|V5IRS4_NEUCR	100
tr|A7UW15|A7UW15_NEUCR	tr|A7UW15|A7UW15_NEUCR	100
tr|A7UXA7|A7UXA7_NEUCR	tr|A7UXA7|A7UXA7_NEUCR	100
tr|F5HBR1|F5HBR1_NEUCR	tr|F5HBR1|F5HBR1_NEUCR	100
tr|F5HE88|F5HE88_NEUCR	tr|F5HE88|F5HE88_NEUCR	100
tr|F5HG81|F5HG81_NEUCR	tr|F5HG81|F5HG81_NEUCR	100
tr|F5HGX0|F5HGX0_NEUCR	tr|F5HGX0|F5HGX0_NEUCR	100
sp|P19968|NUZM_NEUCR	sp|P19968|NUZM_NEUCR	100
tr|Q1K4M2|Q1K4M2_NEUCR	tr|Q1K4M2|Q1K4M2_NEUCR	100
tr|Q1K524|Q1K524_NEUCR	tr|Q1K524|Q1K524_NEUCR	100
tr|Q1K5K7|Q1K5K7_NEUCR	tr|Q1K5K7|Q1K5K7_NEUCR	100
tr|Q1K5P5|Q1K5P5_NEUCR	tr|Q1K5P5|Q1K5P5_NEUCR	100
tr|Q1K5T2|Q1K5T2_NEUCR	tr|Q1K5T2|Q1K5T2_NEUCR	100
tr|Q1K5U8|Q1K5U8_NEUCR	tr|Q1K5U8|Q1K5U8_NEUCR	100
tr|Q1K715|Q1K715_NEUCR	tr|Q1K715|Q1K715_NEUCR	100
tr|Q1K7C1|Q1K7C1_NEUCR	tr|Q1K7C1|Q1K7C1_NEUCR	100
tr|Q1K7C7|Q1K7C7_NEUCR	tr|Q1K7C7|Q1K7C7_NEUCR	100
tr|Q1K827|Q1K827_NEUCR	tr|Q1K827|Q1K827_NEUCR	100
tr|Q1K8D7|Q1K8D7_NEUCR	tr|Q1K8D7|Q1K8D7_NEUCR	100
tr|Q1K8T3|Q1K8T3_NEUCR	tr|Q1K8T3|Q1K8T3_NEUCR	100
tr|Q1K8T8|Q1K8T8_NEUCR	tr|Q1K8T8|Q1K8T8_NEUCR	100
tr|Q7RWC3|Q7RWC3_NEUCR	tr|Q7RWC3|Q7RWC3_NEUCR	100
tr|Q7RWD4|Q7RWD4_NEUCR	tr|Q7RWD4|Q7RWD4_NEUCR	100
tr|Q7RWD6|Q7RWD6_NEUCR	tr|Q7RWD6|Q7RWD6_NEUCR	100
tr|Q7RXB2|Q7RXB2_NEUCR	tr|Q7RXB2|Q7RXB2_NEUCR	100
tr|Q7RXC0|Q7RXC0_NEUCR	tr|Q7RXC0|Q7RXC0_NEUCR	100
tr|Q7RXM2|Q7RXM2_NEUCR	tr|Q7RXM2|Q7RXM2_NEUCR	100
sp|Q7RXQ1|CSN1_NEUCR	sp|Q7RXQ1|CSN1_NEUCR	100
tr|Q7RXZ3|Q7RXZ3_NEUCR	tr|Q7RXZ3|Q7RXZ3_NEUCR	100
tr|Q7RY33|Q7RY33_NEUCR	tr|Q7RY33|Q7RY33_NEUCR	100
tr|Q7RY48|Q7RY48_NEUCR	tr|Q7RY48|Q7RY48_NEUCR	100
tr|Q7RZ06|Q7RZ06_NEUCR	tr|Q7RZ06|Q7RZ06_NEUCR	100
tr|Q7RZL5|Q7RZL5_NEUCR	tr|Q7RZL5|Q7RZL5_NEUCR	100
tr|Q7RZQ1|Q7RZQ1_NEUCR	tr|Q7RZQ1|Q7RZQ1_NEUCR	100
tr|Q7S0F0|Q7S0F0_NEUCR	tr|Q7S0F0|Q7S0F0_NEUCR	100
tr|Q7S191|Q7S191_NEUCR	tr|Q7S191|Q7S191_NEUCR	100
tr|Q7S226|Q7S226_NEUCR	tr|Q7S226|Q7S226_NEUCR	100
tr|Q7S2L6|Q7S2L6_NEUCR	tr|Q7S2L6|Q7S2L6_NEUCR	100
tr|Q7S2N8|Q7S2N8_NEUCR	tr|Q7S2N8|Q7S2N8_NEUCR	100
tr|Q7S2R8|Q7S2R8_NEUCR	tr|Q7S2R8|Q7S2R8_NEUCR	100
tr|Q7S325|Q7S325_NEUCR	tr|Q7S325|Q7S325_NEUCR	100
tr|Q7S375|Q7S375_NEUCR	tr|Q7S375|Q7S375_NEUCR	100
tr|Q7S3Y9|Q7S3Y9_NEUCR	tr|Q7S3Y9|Q7S3Y9_NEUCR	100
tr|Q7S496|Q7S496_NEUCR	tr|Q7S496|Q7S496_NEUCR	100
sp|Q7S4I4|MCU_NEUCR	sp|Q7S4I4|MCU_NEUCR	100
tr|Q7S4R9|Q7S4R9_NEUCR	tr|Q7S4R9|Q7S4R9_NEUCR	100
tr|Q7S4U6|Q7S4U6_NEUCR	tr|Q7S4U6|Q7S4U6_NEUCR	100
tr|Q7S570|Q7S570_NEUCR	tr|Q7S570|Q7S570_NEUCR	100
tr|Q7S5K1|Q7S5K1_NEUCR	tr|Q7S5K1|Q7S5K1_NEUCR	100
tr|Q7S5N6|Q7S5N6_NEUCR	tr|Q7S5N6|Q7S5N6_NEUCR	100
tr|Q7S5P8|Q7S5P8_NEUCR	tr|Q7S5P8|Q7S5P8_NEUCR	100
tr|Q7S5Y0|Q7S5Y0_NEUCR	tr|Q7S5Y0|Q7S5Y0_NEUCR	100
tr|Q7S688|Q7S688_NEUCR	tr|Q7S688|Q7S688_NEUCR	100
tr|Q7S6L1|Q7S6L1_NEUCR	tr|Q7S6L1|Q7S6L1_NEUCR	100
tr|Q7S6Q6|Q7S6Q6_NEUCR	tr|Q7S6Q6|Q7S6Q6_NEUCR	100
tr|Q7S731|Q7S731_NEUCR	tr|Q7S731|Q7S731_NEUCR	100
tr|Q7S7S6|Q7S7S6_NEUCR	tr|Q7S7S6|Q7S7S6_NEUCR	100
tr|Q7S868|Q7S868_NEUCR	tr|Q7S868|Q7S868_NEUCR	100
tr|Q7S8P9|Q7S8P9_NEUCR	tr|Q7S8P9|Q7S8P9_NEUCR	100
tr|Q7S990|Q7S990_NEUCR	tr|Q7S990|Q7S990_NEUCR	100
tr|Q7S9J2|Q7S9J2_NEUCR	tr|Q7S9J2|Q7S9J2_NEUCR	100
tr|Q7SA50|Q7SA50_NEUCR	tr|Q7SA50|Q7SA50_NEUCR	100
sp|Q7SAB7|CLP1_NEUCR	sp|Q7SAB7|CLP1_NEUCR	100
sp|Q7SAK9|SEN34_NEUCR	sp|Q7SAK9|SEN34_NEUCR	100
tr|Q7SBV5|Q7SBV5_NEUCR	tr|Q7SBV5|Q7SBV5_NEUCR	100
tr|Q7SBZ5|Q7SBZ5_NEUCR	tr|Q7SBZ5|Q7SBZ5_NEUCR	100
tr|Q7SCY3|Q7SCY3_NEUCR	tr|Q7SCY3|Q7SCY3_NEUCR	100
tr|Q7SDI5|Q7SDI5_NEUCR	tr|Q7SDI5|Q7SDI5_NEUCR	100
sp|Q7SDR1|GUN3_NEUCR	sp|Q7SDR1|GUN3_NEUCR	100
tr|Q7SE87|Q7SE87_NEUCR	tr|Q7SE87|Q7SE87_NEUCR	100
tr|Q7SEC9|Q7SEC9_NEUCR	tr|Q7SEC9|Q7SEC9_NEUCR	100
tr|Q7SED1|Q7SED1_NEUCR	tr|Q7SED1|Q7SED1_NEUCR	100
tr|Q7SEE3|Q7SEE3_NEUCR	tr|Q7SEE3|Q7SEE3_NEUCR	100
tr|Q7SEF0|Q7SEF0_NEUCR	tr|Q7SEF0|Q7SEF0_NEUCR	100
tr|Q7SEG0|Q7SEG0_NEUCR	tr|Q7SEG0|Q7SEG0_NEUCR	100
tr|Q7SEY0|Q7SEY0_NEUCR	tr|Q7SEY0|Q7SEY0_NEUCR	100
tr|Q7SF57|Q7SF57_NEUCR	tr|Q7SF57|Q7SF57_NEUCR	100
tr|Q7SFF5|Q7SFF5_NEUCR	tr|Q7SFF5|Q7SFF5_NEUCR	100
tr|Q7SFW1|Q7SFW1_NEUCR	tr|Q7SFW1|Q7SFW1_NEUCR	100
sp|Q7SFY2|MCR1_NEUCR	sp|Q7SFY2|MCR1_NEUCR	100
tr|Q7SFY6|Q7SFY6_NEUCR	tr|Q7SFY6|Q7SFY6_NEUCR	100
tr|Q7SG60|Q7SG60_NEUCR	tr|Q7SG60|Q7SG60_NEUCR	100
tr|Q7SGL5|Q7SGL5_NEUCR	tr|Q7SGL5|Q7SGL5_NEUCR	100
tr|Q7SGM7|Q7SGM7_NEUCR	tr|Q7SGM7|Q7SGM7_NEUCR	100
tr|Q7SGW7|Q7SGW7_NEUCR	tr|Q7SGW7|Q7SGW7_NEUCR	100
tr|Q7SGX9|Q7SGX9_NEUCR	tr|Q7SGX9|Q7SGX9_NEUCR	100
tr|Q7SHF6|Q7SHF6_NEUCR	tr|Q7SHF6|Q7SHF6_NEUCR	100
tr|Q7SHK0|Q7SHK0_NEUCR	tr|Q7SHK0|Q7SHK0_NEUCR	100
sp|Q9C169|CAT3_NEUCR	sp|Q9C169|CAT3_NEUCR	100
tr|U9W362|U9W362_NEUCR	tr|U9W362|U9W362_NEUCR	100
tr|U9W3S7|U9W3S7_NEUCR	tr|U9W3S7|U9W3S7_NEUCR	100
tr|U9WGH7|U9WGH7_NEUCR	tr|U9WGH7|U9WGH7_NEUCR	100
tr|V5IKI2|V5IKI2_NEUCR	tr|V5IKI2|V5IKI2_NEUCR	100
tr|V5IKV5|V5IKV5_NEUCR	tr|V5IKV5|V5IKV5_NEUCR	100
tr|V5IMT5|V5IMT5_NEUCR	tr|V5IMT5|V5IMT5_NEUCR	100
tr|V5IN45|V5IN45_NEUCR	tr|V5IN45|V5IN45_NEUCR	100
tr|V5IQ40|V5IQ40_NEUCR	tr|V5IQ40|V5IQ40_NEUCR	100
tr|V5IQB8|V5IQB8_NEUCR	tr|V5IQB8|V5IQB8_NEUCR	100
tr|V5IQI1|V5IQI1_NEUCR	tr|V5IQI1|V5IQI1_NEUCR	100
tr|V5IQM2|V5IQM2_NEUCR	tr|V5IQM2|V5IQM2_NEUCR	100
tr|V5IQQ7|V5IQQ7_NEUCR	tr|V5IQQ7|V5IQQ7_NEUCR	100
tr|A7UVU5|A7UVU5_NEUCR	tr|A7UVU5|A7UVU5_NEUCR	100
tr|F5HDX6|F5HDX6_NEUCR	tr|F5HDX6|F5HDX6_NEUCR	100
tr|F5HFU8|F5HFU8_NEUCR	tr|F5HFU8|F5HFU8_NEUCR	100
tr|F5HH14|F5HH14_NEUCR	tr|F5HH14|F5HH14_NEUCR	100
tr|F5HH33|F5HH33_NEUCR	tr|F5HH33|F5HH33_NEUCR	100
sp|P16929|ACSA_NEUCR	sp|P16929|ACSA_NEUCR	100
sp|P40915|NDUV2_NEUCR	sp|P40915|NDUV2_NEUCR	100
sp|Q01358|BLI3_NEUCR	sp|Q01358|BLI3_NEUCR	100
tr|Q1K4W7|Q1K4W7_NEUCR	tr|Q1K4W7|Q1K4W7_NEUCR	100
tr|Q1K5C1|Q1K5C1_NEUCR	tr|Q1K5C1|Q1K5C1_NEUCR	100
tr|Q1K5D2|Q1K5D2_NEUCR	tr|Q1K5D2|Q1K5D2_NEUCR	100
tr|Q1K5K5|Q1K5K5_NEUCR	tr|Q1K5K5|Q1K5K5_NEUCR	100
tr|Q1K612|Q1K612_NEUCR	tr|Q1K612|Q1K612_NEUCR	100
tr|Q1K6D6|Q1K6D6_NEUCR	tr|Q1K6D6|Q1K6D6_NEUCR	100
tr|Q1K6R6|Q1K6R6_NEUCR	tr|Q1K6R6|Q1K6R6_NEUCR	100
tr|Q1K7G2|Q1K7G2_NEUCR	tr|Q1K7G2|Q1K7G2_NEUCR	100
tr|Q1K7H8|Q1K7H8_NEUCR	tr|Q1K7H8|Q1K7H8_NEUCR	100
tr|Q1K7I9|Q1K7I9_NEUCR	tr|Q1K7I9|Q1K7I9_NEUCR	100
tr|Q1K7K9|Q1K7K9_NEUCR	tr|Q1K7K9|Q1K7K9_NEUCR	100
tr|Q1K7Z6|Q1K7Z6_NEUCR	tr|Q1K7Z6|Q1K7Z6_NEUCR	100
tr|Q7RVK8|Q7RVK8_NEUCR	tr|Q7RVK8|Q7RVK8_NEUCR	100
tr|Q7RW02|Q7RW02_NEUCR	tr|Q7RW02|Q7RW02_NEUCR	100
tr|Q7RW37|Q7RW37_NEUCR	tr|Q7RW37|Q7RW37_NEUCR	100
tr|Q7RW44|Q7RW44_NEUCR	tr|Q7RW44|Q7RW44_NEUCR	100
tr|Q7RWB2|Q7RWB2_NEUCR	tr|Q7RWB2|Q7RWB2_NEUCR	100
tr|Q7RWL6|Q7RWL6_NEUCR	tr|Q7RWL6|Q7RWL6_NEUCR	100
tr|Q7RWW7|Q7RWW7_NEUCR	tr|Q7RWW7|Q7RWW7_NEUCR	100
tr|Q7RXF1|Q7RXF1_NEUCR	tr|Q7RXF1|Q7RXF1_NEUCR	100
tr|Q7RXH5|Q7RXH5_NEUCR	tr|Q7RXH5|Q7RXH5_NEUCR	100
tr|Q7RYC9|Q7RYC9_NEUCR	tr|Q7RYC9|Q7RYC9_NEUCR	100
tr|Q7RYH9|Q7RYH9_NEUCR	tr|Q7RYH9|Q7RYH9_NEUCR	100
tr|Q7RYK6|Q7RYK6_NEUCR	tr|Q7RYK6|Q7RYK6_NEUCR	100
tr|Q7RYW2|Q7RYW2_NEUCR	tr|Q7RYW2|Q7RYW2_NEUCR	100
tr|Q7RZN2|Q7RZN2_NEUCR	tr|Q7RZN2|Q7RZN2_NEUCR	100
tr|Q7RZV0|Q7RZV0_NEUCR	tr|Q7RZV0|Q7RZV0_NEUCR	100
tr|Q7S059|Q7S059_NEUCR	tr|Q7S059|Q7S059_NEUCR	100
tr|Q7S0W0|Q7S0W0_NEUCR	tr|Q7S0W0|Q7S0W0_NEUCR	100
sp|Q7S158|VMA21_NEUCR	sp|Q7S158|VMA21_NEUCR	100
tr|Q7S1R4|Q7S1R4_NEUCR	tr|Q7S1R4|Q7S1R4_NEUCR	100
tr|Q7S236|Q7S236_NEUCR	tr|Q7S236|Q7S236_NEUCR	100
tr|Q7S2F1|Q7S2F1_NEUCR	tr|Q7S2F1|Q7S2F1_NEUCR	100
tr|Q7S313|Q7S313_NEUCR	tr|Q7S313|Q7S313_NEUCR	100
tr|Q7S3B2|Q7S3B2_NEUCR	tr|Q7S3B2|Q7S3B2_NEUCR	100
tr|Q7S441|Q7S441_NEUCR	tr|Q7S441|Q7S441_NEUCR	100
tr|Q7S4V8|Q7S4V8_NEUCR	tr|Q7S4V8|Q7S4V8_NEUCR	100
tr|Q7S527|Q7S527_NEUCR	tr|Q7S527|Q7S527_NEUCR	100
tr|Q7S5E4|Q7S5E4_NEUCR	tr|Q7S5E4|Q7S5E4_NEUCR	100
tr|Q7S5N5|Q7S5N5_NEUCR	tr|Q7S5N5|Q7S5N5_NEUCR	100
tr|Q7S5Q3|Q7S5Q3_NEUCR	tr|Q7S5Q3|Q7S5Q3_NEUCR	100
tr|Q7S5R6|Q7S5R6_NEUCR	tr|Q7S5R6|Q7S5R6_NEUCR	100
tr|Q7S6G0|Q7S6G0_NEUCR	tr|Q7S6G0|Q7S6G0_NEUCR	100
tr|Q7S847|Q7S847_NEUCR	tr|Q7S847|Q7S847_NEUCR	100
tr|Q7S980|Q7S980_NEUCR	tr|Q7S980|Q7S980_NEUCR	100
tr|Q7S9Q8|Q7S9Q8_NEUCR	tr|Q7S9Q8|Q7S9Q8_NEUCR	100
tr|Q7SAF0|Q7SAF0_NEUCR	tr|Q7SAF0|Q7SAF0_NEUCR	100
tr|Q7SAF8|Q7SAF8_NEUCR	tr|Q7SAF8|Q7SAF8_NEUCR	100
tr|Q7SAL8|Q7SAL8_NEUCR	tr|Q7SAL8|Q7SAL8_NEUCR	100
tr|Q7SAR2|Q7SAR2_NEUCR	tr|Q7SAR2|Q7SAR2_NEUCR	100
tr|Q7SAZ4|Q7SAZ4_NEUCR	tr|Q7SAZ4|Q7SAZ4_NEUCR	100
tr|Q7SBB4|Q7SBB4_NEUCR	tr|Q7SBB4|Q7SBB4_NEUCR	100
tr|Q7SBS1|Q7SBS1_NEUCR	tr|Q7SBS1|Q7SBS1_NEUCR	100
tr|Q7SD65|Q7SD65_NEUCR	tr|Q7SD65|Q7SD65_NEUCR	100
tr|Q7SDE8|Q7SDE8_NEUCR	tr|Q7SDE8|Q7SDE8_NEUCR	100
tr|Q7SEA7|Q7SEA7_NEUCR	tr|Q7SEA7|Q7SEA7_NEUCR	100
tr|Q7SF00|Q7SF00_NEUCR	tr|Q7SF00|Q7SF00_NEUCR	100
tr|Q7SF11|Q7SF11_NEUCR	tr|Q7SF11|Q7SF11_NEUCR	100
tr|Q7SFI8|Q7SFI8_NEUCR	tr|Q7SFI8|Q7SFI8_NEUCR	100
tr|Q7SFK9|Q7SFK9_NEUCR	tr|Q7SFK9|Q7SFK9_NEUCR	100
tr|Q7SFP3|Q7SFP3_NEUCR	tr|Q7SFP3|Q7SFP3_NEUCR	100
tr|Q7SFT7|Q7SFT7_NEUCR	tr|Q7SFT7|Q7SFT7_NEUCR	100
tr|Q7SFU7|Q7SFU7_NEUCR	tr|Q7SFU7|Q7SFU7_NEUCR	100
tr|Q7SFW7|Q7SFW7_NEUCR	tr|Q7SFW7|Q7SFW7_NEUCR	100
tr|Q7SGC9|Q7SGC9_NEUCR	tr|Q7SGC9|Q7SGC9_NEUCR	100
tr|Q7SGG7|Q7SGG7_NEUCR	tr|Q7SGG7|Q7SGG7_NEUCR	100
tr|Q7SGP6|Q7SGP6_NEUCR	tr|Q7SGP6|Q7SGP6_NEUCR	100
tr|Q7SGR1|Q7SGR1_NEUCR	tr|Q7SGR1|Q7SGR1_NEUCR	100
tr|Q7SGV3|Q7SGV3_NEUCR	tr|Q7SGV3|Q7SGV3_NEUCR	100
tr|Q7SHH7|Q7SHH7_NEUCR	tr|Q7SHH7|Q7SHH7_NEUCR	100
sp|Q7SHH8|SRDI_NEUCR	sp|Q7SHH8|SRDI_NEUCR	100
tr|Q7SHU4|Q7SHU4_NEUCR	tr|Q7SHU4|Q7SHU4_NEUCR	100
tr|Q7SHZ9|Q7SHZ9_NEUCR	tr|Q7SHZ9|Q7SHZ9_NEUCR	100
sp|Q871M9|BUR1_NEUCR	sp|Q871M9|BUR1_NEUCR	100
sp|Q9UW86|PP1_NEUCR	sp|Q9UW86|PP1_NEUCR	100
tr|U9W379|U9W379_NEUCR	tr|U9W379|U9W379_NEUCR	100
tr|U9W3Q0|U9W3Q0_NEUCR	tr|U9W3Q0|U9W3Q0_NEUCR	100
tr|U9W534|U9W534_NEUCR	tr|U9W534|U9W534_NEUCR	100
tr|V5IM83|V5IM83_NEUCR	tr|V5IM83|V5IM83_NEUCR	100
tr|V5IMJ8|V5IMJ8_NEUCR	tr|V5IMJ8|V5IMJ8_NEUCR	100
tr|V5IMT4|V5IMT4_NEUCR	tr|V5IMT4|V5IMT4_NEUCR	100
tr|V5IMX9|V5IMX9_NEUCR	tr|V5IMX9|V5IMX9_NEUCR	100
tr|V5IN61|V5IN61_NEUCR	tr|V5IN61|V5IN61_NEUCR	100
tr|V5ING7|V5ING7_NEUCR	tr|V5ING7|V5ING7_NEUCR	100
tr|V5INL7|V5INL7_NEUCR	tr|V5INL7|V5INL7_NEUCR	100
tr|V5IPD2|V5IPD2_NEUCR	tr|V5IPD2|V5IPD2_NEUCR	100
tr|V5IPM0|V5IPM0_NEUCR	tr|V5IPM0|V5IPM0_NEUCR	100
tr|V5IPV8|V5IPV8_NEUCR	tr|V5IPV8|V5IPV8_NEUCR	100
tr|V5IQ02|V5IQ02_NEUCR	tr|V5IQ02|V5IQ02_NEUCR	100
tr|V5IQV1|V5IQV1_NEUCR	tr|V5IQV1|V5IQV1_NEUCR	100
tr|V5IQY8|V5IQY8_NEUCR	tr|V5IQY8|V5IQY8_NEUCR	100
tr|V5IR14|V5IR14_NEUCR	tr|V5IR14|V5IR14_NEUCR	100
tr|A7UX90|A7UX90_NEUCR	tr|A7UX90|A7UX90_NEUCR	100
sp|P06809|COX4_NEUCR	sp|P06809|COX4_NEUCR	100
sp|P11634|QAX_NEUCR	sp|P11634|QAX_NEUCR	100
sp|P25284|NDUA9_NEUCR	sp|P25284|NDUA9_NEUCR	100
sp|P80576|AROF_NEUCR	sp|P80576|AROF_NEUCR	100
sp|Q01233|HSP70_NEUCR	sp|Q01233|HSP70_NEUCR	100
tr|Q1K5K1|Q1K5K1_NEUCR	tr|Q1K5K1|Q1K5K1_NEUCR	100
tr|Q1K5M3|Q1K5M3_NEUCR	tr|Q1K5M3|Q1K5M3_NEUCR	100
tr|Q1K5P8|Q1K5P8_NEUCR	tr|Q1K5P8|Q1K5P8_NEUCR	100
tr|Q1K6Z3|Q1K6Z3_NEUCR	tr|Q1K6Z3|Q1K6Z3_NEUCR	100
tr|Q1K7H6|Q1K7H6_NEUCR	tr|Q1K7H6|Q1K7H6_NEUCR	100
sp|Q1K7T5|RU1C_NEUCR	sp|Q1K7T5|RU1C_NEUCR	100
tr|Q1K8M2|Q1K8M2_NEUCR	tr|Q1K8M2|Q1K8M2_NEUCR	100
tr|Q1K8R2|Q1K8R2_NEUCR	tr|Q1K8R2|Q1K8R2_NEUCR	100
tr|Q1K8W5|Q1K8W5_NEUCR	tr|Q1K8W5|Q1K8W5_NEUCR	100
tr|Q3Y3Z0|Q3Y3Z0_NEUCR	tr|Q3Y3Z0|Q3Y3Z0_NEUCR	100
tr|Q7RVQ9|Q7RVQ9_NEUCR	tr|Q7RVQ9|Q7RVQ9_NEUCR	100
tr|Q7RWL5|Q7RWL5_NEUCR	tr|Q7RWL5|Q7RWL5_NEUCR	100
tr|Q7RX70|Q7RX70_NEUCR	tr|Q7RX70|Q7RX70_NEUCR	100
tr|Q7RXG6|Q7RXG6_NEUCR	tr|Q7RXG6|Q7RXG6_NEUCR	100
tr|Q7RXJ9|Q7RXJ9_NEUCR	tr|Q7RXJ9|Q7RXJ9_NEUCR	100
tr|Q7RYA1|Q7RYA1_NEUCR	tr|Q7RYA1|Q7RYA1_NEUCR	100
tr|Q7RZC6|Q7RZC6_NEUCR	tr|Q7RZC6|Q7RZC6_NEUCR	100
tr|Q7RZP9|Q7RZP9_NEUCR	tr|Q7RZP9|Q7RZP9_NEUCR	100
tr|Q7S0M9|Q7S0M9_NEUCR	tr|Q7S0M9|Q7S0M9_NEUCR	100
tr|Q7S1G1|Q7S1G1_NEUCR	tr|Q7S1G1|Q7S1G1_NEUCR	100
tr|Q7S1M9|Q7S1M9_NEUCR	tr|Q7S1M9|Q7S1M9_NEUCR	100
tr|Q7S2E4|Q7S2E4_NEUCR	tr|Q7S2E4|Q7S2E4_NEUCR	100
tr|Q7S2T4|Q7S2T4_NEUCR	tr|Q7S2T4|Q7S2T4_NEUCR	100
tr|Q7S2W8|Q7S2W8_NEUCR	tr|Q7S2W8|Q7S2W8_NEUCR	100
tr|Q7S397|Q7S397_NEUCR	tr|Q7S397|Q7S397_NEUCR	100
tr|Q7S3R5|Q7S3R5_NEUCR	tr|Q7S3R5|Q7S3R5_NEUCR	100
tr|Q7S4R5|Q7S4R5_NEUCR	tr|Q7S4R5|Q7S4R5_NEUCR	100
tr|Q7S4Z4|Q7S4Z4_NEUCR	tr|Q7S4Z4|Q7S4Z4_NEUCR	100
tr|Q7S501|Q7S501_NEUCR	tr|Q7S501|Q7S501_NEUCR	100
tr|Q7S567|Q7S567_NEUCR	tr|Q7S567|Q7S567_NEUCR	100
tr|Q7S5D6|Q7S5D6_NEUCR	tr|Q7S5D6|Q7S5D6_NEUCR	100
tr|Q7S5I9|Q7S5I9_NEUCR	tr|Q7S5I9|Q7S5I9_NEUCR	100
sp|Q7S5W0|RM27_NEUCR	sp|Q7S5W0|RM27_NEUCR	100
tr|Q7S607|Q7S607_NEUCR	tr|Q7S607|Q7S607_NEUCR	100
tr|Q7S6N0|Q7S6N0_NEUCR	tr|Q7S6N0|Q7S6N0_NEUCR	100
tr|Q7S757|Q7S757_NEUCR	tr|Q7S757|Q7S757_NEUCR	100
tr|Q7S7L9|Q7S7L9_NEUCR	tr|Q7S7L9|Q7S7L9_NEUCR	100
tr|Q7S884|Q7S884_NEUCR	tr|Q7S884|Q7S884_NEUCR	100
tr|Q7S9N2|Q7S9N2_NEUCR	tr|Q7S9N2|Q7S9N2_NEUCR	100
tr|Q7S9N7|Q7S9N7_NEUCR	tr|Q7S9N7|Q7S9N7_NEUCR	100
tr|Q7SA59|Q7SA59_NEUCR	tr|Q7SA59|Q7SA59_NEUCR	100
tr|Q7SAC6|Q7SAC6_NEUCR	tr|Q7SAC6|Q7SAC6_NEUCR	100
tr|Q7SAT9|Q7SAT9_NEUCR	tr|Q7SAT9|Q7SAT9_NEUCR	100
tr|Q7SB80|Q7SB80_NEUCR	tr|Q7SB80|Q7SB80_NEUCR	100
sp|Q7SBS7|ENOPH_NEUCR	sp|Q7SBS7|ENOPH_NEUCR	100
tr|Q7SC46|Q7SC46_NEUCR	tr|Q7SC46|Q7SC46_NEUCR	100
tr|Q7SC56|Q7SC56_NEUCR	tr|Q7SC56|Q7SC56_NEUCR	100
tr|Q7SCQ7|Q7SCQ7_NEUCR	tr|Q7SCQ7|Q7SCQ7_NEUCR	100
tr|Q7SCU4|Q7SCU4_NEUCR	tr|Q7SCU4|Q7SCU4_NEUCR	100
tr|Q7SDG9|Q7SDG9_NEUCR	tr|Q7SDG9|Q7SDG9_NEUCR	100
tr|Q7SDS9|Q7SDS9_NEUCR	tr|Q7SDS9|Q7SDS9_NEUCR	100
tr|Q7SDT0|Q7SDT0_NEUCR	tr|Q7SDT0|Q7SDT0_NEUCR	100
tr|Q7SDT4|Q7SDT4_NEUCR	tr|Q7SDT4|Q7SDT4_NEUCR	100
sp|Q7SE71|ATPF_NEUCR	sp|Q7SE71|ATPF_NEUCR	100
sp|Q7SEW2|MOC2B_NEUCR	sp|Q7SEW2|MOC2B_NEUCR	100
tr|Q7SFD7|Q7SFD7_NEUCR	tr|Q7SFD7|Q7SFD7_NEUCR	100
tr|Q7SFG7|Q7SFG7_NEUCR	tr|Q7SFG7|Q7SFG7_NEUCR	100
tr|Q7SFM3|Q7SFM3_NEUCR	tr|Q7SFM3|Q7SFM3_NEUCR	100
tr|Q7SFP7|Q7SFP7_NEUCR	tr|Q7SFP7|Q7SFP7_NEUCR	100
tr|Q7SFY5|Q7SFY5_NEUCR	tr|Q7SFY5|Q7SFY5_NEUCR	100
tr|Q7SG30|Q7SG30_NEUCR	tr|Q7SG30|Q7SG30_NEUCR	100
tr|Q7SGR5|Q7SGR5_NEUCR	tr|Q7SGR5|Q7SGR5_NEUCR	100
tr|Q7SGX0|Q7SGX0_NEUCR	tr|Q7SGX0|Q7SGX0_NEUCR	100
tr|Q7SH98|Q7SH98_NEUCR	tr|Q7SH98|Q7SH98_NEUCR	100
sp|Q7SHR6|COX24_NEUCR	sp|Q7SHR6|COX24_NEUCR	100
tr|Q7SI07|Q7SI07_NEUCR	tr|Q7SI07|Q7SI07_NEUCR	100
tr|Q7SI67|Q7SI67_NEUCR	tr|Q7SI67|Q7SI67_NEUCR	100
sp|Q8NIZ4|PRI2_NEUCR	sp|Q8NIZ4|PRI2_NEUCR	100
sp|Q9C0N3|TIM10_NEUCR	sp|Q9C0N3|TIM10_NEUCR	100
sp|Q9HEG2|LOC1_NEUCR	sp|Q9HEG2|LOC1_NEUCR	100
tr|U9W2P1|U9W2P1_NEUCR	tr|U9W2P1|U9W2P1_NEUCR	100
tr|U9W2X2|U9W2X2_NEUCR	tr|U9W2X2|U9W2X2_NEUCR	100
tr|U9W2Z4|U9W2Z4_NEUCR	tr|U9W2Z4|U9W2Z4_NEUCR	100
tr|U9W355|U9W355_NEUCR	tr|U9W355|U9W355_NEUCR	100
tr|U9W5F1|U9W5F1_NEUCR	tr|U9W5F1|U9W5F1_NEUCR	100
tr|V5IKK4|V5IKK4_NEUCR	tr|V5IKK4|V5IKK4_NEUCR	100
tr|V5IKL3|V5IKL3_NEUCR	tr|V5IKL3|V5IKL3_NEUCR	100
tr|V5IL74|V5IL74_NEUCR	tr|V5IL74|V5IL74_NEUCR	100
tr|V5IL83|V5IL83_NEUCR	tr|V5IL83|V5IL83_NEUCR	100
tr|V5ILF2|V5ILF2_NEUCR	tr|V5ILF2|V5ILF2_NEUCR	100
tr|V5ILG5|V5ILG5_NEUCR	tr|V5ILG5|V5ILG5_NEUCR	100
tr|V5ILQ9|V5ILQ9_NEUCR	tr|V5ILQ9|V5ILQ9_NEUCR	100
tr|V5IMG3|V5IMG3_NEUCR	tr|V5IMG3|V5IMG3_NEUCR	100
tr|V5IND8|V5IND8_NEUCR	tr|V5IND8|V5IND8_NEUCR	100
tr|V5INK1|V5INK1_NEUCR	tr|V5INK1|V5INK1_NEUCR	100
tr|V5INR6|V5INR6_NEUCR	tr|V5INR6|V5INR6_NEUCR	100
tr|V5INS7|V5INS7_NEUCR	tr|V5INS7|V5INS7_NEUCR	100
tr|V5IP59|V5IP59_NEUCR	tr|V5IP59|V5IP59_NEUCR	100
tr|V5IPI8|V5IPI8_NEUCR	tr|V5IPI8|V5IPI8_NEUCR	100
tr|V5IPJ1|V5IPJ1_NEUCR	tr|V5IPJ1|V5IPJ1_NEUCR	100
tr|V5IQ17|V5IQ17_NEUCR	tr|V5IQ17|V5IQ17_NEUCR	100
tr|V5IQC4|V5IQC4_NEUCR	tr|V5IQC4|V5IQC4_NEUCR	100
tr|V5IQH2|V5IQH2_NEUCR	tr|V5IQH2|V5IQH2_NEUCR	100
tr|V5IR67|V5IR67_NEUCR	tr|V5IR67|V5IR67_NEUCR	100
tr|A7UW08|A7UW08_NEUCR	tr|A7UW08|A7UW08_NEUCR	100
tr|A7UWF6|A7UWF6_NEUCR	tr|A7UWF6|A7UWF6_NEUCR	100
tr|A7UWI4|A7UWI4_NEUCR	tr|A7UWI4|A7UWI4_NEUCR	100
tr|A7UWS8|A7UWS8_NEUCR	tr|A7UWS8|A7UWS8_NEUCR	100
tr|A7UXA3|A7UXA3_NEUCR	tr|A7UXA3|A7UXA3_NEUCR	100
tr|F5HCE4|F5HCE4_NEUCR	tr|F5HCE4|F5HCE4_NEUCR	100
tr|F5HFP2|F5HFP2_NEUCR	tr|F5HFP2|F5HFP2_NEUCR	100
tr|F5HGY4|F5HGY4_NEUCR	tr|F5HGY4|F5HGY4_NEUCR	100
tr|F5HI98|F5HI98_NEUCR	tr|F5HI98|F5HI98_NEUCR	100
tr|M1R9S8|M1R9S8_NEUCR	tr|M1R9S8|M1R9S8_NEUCR	100
sp|O60045|SSP1_NEUCR	sp|O60045|SSP1_NEUCR	100
sp|O74633|RPA2_NEUCR	sp|O74633|RPA2_NEUCR	100
sp|P05510|NU5M_NEUCR	sp|P05510|NU5M_NEUCR	100
sp|P07509|SODC_NEUCR	sp|P07509|SODC_NEUCR	100
sp|P22151|GRG1_NEUCR	sp|P22151|GRG1_NEUCR	100
tr|Q1K4N6|Q1K4N6_NEUCR	tr|Q1K4N6|Q1K4N6_NEUCR	100
tr|Q1K4V2|Q1K4V2_NEUCR	tr|Q1K4V2|Q1K4V2_NEUCR	100
tr|Q1K514|Q1K514_NEUCR	tr|Q1K514|Q1K514_NEUCR	100
tr|Q1K5F3|Q1K5F3_NEUCR	tr|Q1K5F3|Q1K5F3_NEUCR	100
tr|Q1K6K3|Q1K6K3_NEUCR	tr|Q1K6K3|Q1K6K3_NEUCR	100
tr|Q1K6V0|Q1K6V0_NEUCR	tr|Q1K6V0|Q1K6V0_NEUCR	100
tr|Q1K716|Q1K716_NEUCR	tr|Q1K716|Q1K716_NEUCR	100
tr|Q1K7W7|Q1K7W7_NEUCR	tr|Q1K7W7|Q1K7W7_NEUCR	100
tr|Q1K824|Q1K824_NEUCR	tr|Q1K824|Q1K824_NEUCR	100
tr|Q1K8F3|Q1K8F3_NEUCR	tr|Q1K8F3|Q1K8F3_NEUCR	100
tr|Q1K8Y8|Q1K8Y8_NEUCR	tr|Q1K8Y8|Q1K8Y8_NEUCR	100
tr|Q7RW06|Q7RW06_NEUCR	tr|Q7RW06|Q7RW06_NEUCR	100
tr|Q7RW43|Q7RW43_NEUCR	tr|Q7RW43|Q7RW43_NEUCR	100
tr|Q7RW66|Q7RW66_NEUCR	tr|Q7RW66|Q7RW66_NEUCR	100
tr|Q7RW93|Q7RW93_NEUCR	tr|Q7RW93|Q7RW93_NEUCR	100
tr|Q7RWF9|Q7RWF9_NEUCR	tr|Q7RWF9|Q7RWF9_NEUCR	100
tr|Q7RWI7|Q7RWI7_NEUCR	tr|Q7RWI7|Q7RWI7_NEUCR	100
tr|Q7RWP1|Q7RWP1_NEUCR	tr|Q7RWP1|Q7RWP1_NEUCR	100
tr|Q7RWX6|Q7RWX6_NEUCR	tr|Q7RWX6|Q7RWX6_NEUCR	100
tr|Q7RX09|Q7RX09_NEUCR	tr|Q7RX09|Q7RX09_NEUCR	100
tr|Q7RX78|Q7RX78_NEUCR	tr|Q7RX78|Q7RX78_NEUCR	100
tr|Q7RX83|Q7RX83_NEUCR	tr|Q7RX83|Q7RX83_NEUCR	100
tr|Q7RXD7|Q7RXD7_NEUCR	tr|Q7RXD7|Q7RXD7_NEUCR	100
tr|Q7RYJ2|Q7RYJ2_NEUCR	tr|Q7RYJ2|Q7RYJ2_NEUCR	100
tr|Q7RZD4|Q7RZD4_NEUCR	tr|Q7RZD4|Q7RZD4_NEUCR	100
tr|Q7RZK1|Q7RZK1_NEUCR	tr|Q7RZK1|Q7RZK1_NEUCR	100
tr|Q7S073|Q7S073_NEUCR	tr|Q7S073|Q7S073_NEUCR	100
tr|Q7S1F4|Q7S1F4_NEUCR	tr|Q7S1F4|Q7S1F4_NEUCR	100
tr|Q7S2I7|Q7S2I7_NEUCR	tr|Q7S2I7|Q7S2I7_NEUCR	100
sp|Q7S2V0|GATB_NEUCR	sp|Q7S2V0|GATB_NEUCR	100
tr|Q7S318|Q7S318_NEUCR	tr|Q7S318|Q7S318_NEUCR	100
tr|Q7S396|Q7S396_NEUCR	tr|Q7S396|Q7S396_NEUCR	100
tr|Q7S3Q7|Q7S3Q7_NEUCR	tr|Q7S3Q7|Q7S3Q7_NEUCR	100
tr|Q7S4K5|Q7S4K5_NEUCR	tr|Q7S4K5|Q7S4K5_NEUCR	100
tr|Q7S5C8|Q7S5C8_NEUCR	tr|Q7S5C8|Q7S5C8_NEUCR	100
tr|Q7S5L0|Q7S5L0_NEUCR	tr|Q7S5L0|Q7S5L0_NEUCR	100
sp|Q7S634|EFM7_NEUCR	sp|Q7S634|EFM7_NEUCR	100
tr|Q7S651|Q7S651_NEUCR	tr|Q7S651|Q7S651_NEUCR	100
tr|Q7S6B3|Q7S6B3_NEUCR	tr|Q7S6B3|Q7S6B3_NEUCR	100
tr|Q7S6E1|Q7S6E1_NEUCR	tr|Q7S6E1|Q7S6E1_NEUCR	100
tr|Q7S6G3|Q7S6G3_NEUCR	tr|Q7S6G3|Q7S6G3_NEUCR	100
tr|Q7S6R7|Q7S6R7_NEUCR	tr|Q7S6R7|Q7S6R7_NEUCR	100
tr|Q7S6Y3|Q7S6Y3_NEUCR	tr|Q7S6Y3|Q7S6Y3_NEUCR	100
tr|Q7S7M4|Q7S7M4_NEUCR	tr|Q7S7M4|Q7S7M4_NEUCR	100
tr|Q7S7Q6|Q7S7Q6_NEUCR	tr|Q7S7Q6|Q7S7Q6_NEUCR	100
sp|Q7S8M1|FIS1_NEUCR	sp|Q7S8M1|FIS1_NEUCR	100
tr|Q7S8Y0|Q7S8Y0_NEUCR	tr|Q7S8Y0|Q7S8Y0_NEUCR	100
tr|Q7S942|Q7S942_NEUCR	tr|Q7S942|Q7S942_NEUCR	100
tr|Q7S9V2|Q7S9V2_NEUCR	tr|Q7S9V2|Q7S9V2_NEUCR	100
tr|Q7SA11|Q7SA11_NEUCR	tr|Q7SA11|Q7SA11_NEUCR	100
tr|Q7SAD1|Q7SAD1_NEUCR	tr|Q7SAD1|Q7SAD1_NEUCR	100
tr|Q7SBF5|Q7SBF5_NEUCR	tr|Q7SBF5|Q7SBF5_NEUCR	100
tr|Q7SBS3|Q7SBS3_NEUCR	tr|Q7SBS3|Q7SBS3_NEUCR	100
tr|Q7SBW3|Q7SBW3_NEUCR	tr|Q7SBW3|Q7SBW3_NEUCR	100
tr|Q7SC12|Q7SC12_NEUCR	tr|Q7SC12|Q7SC12_NEUCR	100
sp|Q7SCP4|CAPZB_NEUCR	sp|Q7SCP4|CAPZB_NEUCR	100
tr|Q7SDG2|Q7SDG2_NEUCR	tr|Q7SDG2|Q7SDG2_NEUCR	100
tr|Q7SDH1|Q7SDH1_NEUCR	tr|Q7SDH1|Q7SDH1_NEUCR	100
tr|Q7SDH5|Q7SDH5_NEUCR	tr|Q7SDH5|Q7SDH5_NEUCR	100
tr|Q7SEJ8|Q7SEJ8_NEUCR	tr|Q7SEJ8|Q7SEJ8_NEUCR	100
tr|Q7SEU6|Q7SEU6_NEUCR	tr|Q7SEU6|Q7SEU6_NEUCR	100
tr|Q7SF07|Q7SF07_NEUCR	tr|Q7SF07|Q7SF07_NEUCR	100
tr|Q7SF71|Q7SF71_NEUCR	tr|Q7SF71|Q7SF71_NEUCR	100
sp|Q7SFC8|ROK1_NEUCR	sp|Q7SFC8|ROK1_NEUCR	100
tr|Q7SFN0|Q7SFN0_NEUCR	tr|Q7SFN0|Q7SFN0_NEUCR	100
tr|Q7SFP4|Q7SFP4_NEUCR	tr|Q7SFP4|Q7SFP4_NEUCR	100
tr|Q7SFS9|Q7SFS9_NEUCR	tr|Q7SFS9|Q7SFS9_NEUCR	100
tr|Q7SFW9|Q7SFW9_NEUCR	tr|Q7SFW9|Q7SFW9_NEUCR	100
tr|Q7SG73|Q7SG73_NEUCR	tr|Q7SG73|Q7SG73_NEUCR	100
tr|Q7SGA0|Q7SGA0_NEUCR	tr|Q7SGA0|Q7SGA0_NEUCR	100
tr|Q7SGC3|Q7SGC3_NEUCR	tr|Q7SGC3|Q7SGC3_NEUCR	100
tr|Q7SGX7|Q7SGX7_NEUCR	tr|Q7SGX7|Q7SGX7_NEUCR	100
tr|Q7SHU7|Q7SHU7_NEUCR	tr|Q7SHU7|Q7SHU7_NEUCR	100
tr|Q7SHV8|Q7SHV8_NEUCR	tr|Q7SHV8|Q7SHV8_NEUCR	100
tr|Q7SHW4|Q7SHW4_NEUCR	tr|Q7SHW4|Q7SHW4_NEUCR	100
sp|Q873E4|RT25_NEUCR	sp|Q873E4|RT25_NEUCR	100
tr|U9WGI5|U9WGI5_NEUCR	tr|U9WGI5|U9WGI5_NEUCR	100
tr|V5IM69|V5IM69_NEUCR	tr|V5IM69|V5IM69_NEUCR	100
tr|V5IMJ9|V5IMJ9_NEUCR	tr|V5IMJ9|V5IMJ9_NEUCR	100
tr|V5IN36|V5IN36_NEUCR	tr|V5IN36|V5IN36_NEUCR	100
tr|V5IP15|V5IP15_NEUCR	tr|V5IP15|V5IP15_NEUCR	100
tr|V5IPV5|V5IPV5_NEUCR	tr|V5IPV5|V5IPV5_NEUCR	100
tr|V5IQ91|V5IQ91_NEUCR	tr|V5IQ91|V5IQ91_NEUCR	100
tr|V5IQM5|V5IQM5_NEUCR	tr|V5IQM5|V5IQM5_NEUCR	100
tr|V5IQV5|V5IQV5_NEUCR	tr|V5IQV5|V5IQV5_NEUCR	100
tr|A7UWI2|A7UWI2_NEUCR	tr|A7UWI2|A7UWI2_NEUCR	100
tr|A7UX67|A7UX67_NEUCR	tr|A7UX67|A7UX67_NEUCR	100
sp|P19970|FRQ_NEUCR	sp|P19970|FRQ_NEUCR	100
sp|P33280|ARGI_NEUCR	sp|P33280|ARGI_NEUCR	100
tr|Q1K4N7|Q1K4N7_NEUCR	tr|Q1K4N7|Q1K4N7_NEUCR	100
tr|Q1K561|Q1K561_NEUCR	tr|Q1K561|Q1K561_NEUCR	100
tr|Q1K5G3|Q1K5G3_NEUCR	tr|Q1K5G3|Q1K5G3_NEUCR	100
tr|Q1K5H5|Q1K5H5_NEUCR	tr|Q1K5H5|Q1K5H5_NEUCR	100
tr|Q1K5J8|Q1K5J8_NEUCR	tr|Q1K5J8|Q1K5J8_NEUCR	100
tr|Q1K669|Q1K669_NEUCR	tr|Q1K669|Q1K669_NEUCR	100
tr|Q1K727|Q1K727_NEUCR	tr|Q1K727|Q1K727_NEUCR	100
tr|Q1K742|Q1K742_NEUCR	tr|Q1K742|Q1K742_NEUCR	100
tr|Q1K8C2|Q1K8C2_NEUCR	tr|Q1K8C2|Q1K8C2_NEUCR	100
tr|Q1K8D5|Q1K8D5_NEUCR	tr|Q1K8D5|Q1K8D5_NEUCR	100
tr|Q1K8K0|Q1K8K0_NEUCR	tr|Q1K8K0|Q1K8K0_NEUCR	100
tr|Q1K8M5|Q1K8M5_NEUCR	tr|Q1K8M5|Q1K8M5_NEUCR	100
sp|Q35138|URFLM_NEUCR	sp|Q35138|URFLM_NEUCR	100
tr|Q7RV13|Q7RV13_NEUCR	tr|Q7RV13|Q7RV13_NEUCR	100
tr|Q7RV37|Q7RV37_NEUCR	tr|Q7RV37|Q7RV37_NEUCR	100
tr|Q7RVX6|Q7RVX6_NEUCR	tr|Q7RVX6|Q7RVX6_NEUCR	100
tr|Q7RW05|Q7RW05_NEUCR	tr|Q7RW05|Q7RW05_NEUCR	100
tr|Q7RW62|Q7RW62_NEUCR	tr|Q7RW62|Q7RW62_NEUCR	100
tr|Q7RW83|Q7RW83_NEUCR	tr|Q7RW83|Q7RW83_NEUCR	100
tr|Q7RWU0|Q7RWU0_NEUCR	tr|Q7RWU0|Q7RWU0_NEUCR	100
tr|Q7RX02|Q7RX02_NEUCR	tr|Q7RX02|Q7RX02_NEUCR	100
tr|Q7RX30|Q7RX30_NEUCR	tr|Q7RX30|Q7RX30_NEUCR	100
tr|Q7RXE4|Q7RXE4_NEUCR	tr|Q7RXE4|Q7RXE4_NEUCR	100
tr|Q7RXK3|Q7RXK3_NEUCR	tr|Q7RXK3|Q7RXK3_NEUCR	100
sp|Q7RXL1|NCB5R_NEUCR	sp|Q7RXL1|NCB5R_NEUCR	100
tr|Q7RXU9|Q7RXU9_NEUCR	tr|Q7RXU9|Q7RXU9_NEUCR	100
sp|Q7RY61|PEX33_NEUCR	sp|Q7RY61|PEX33_NEUCR	100
tr|Q7RYB7|Q7RYB7_NEUCR	tr|Q7RYB7|Q7RYB7_NEUCR	100
tr|Q7RYL3|Q7RYL3_NEUCR	tr|Q7RYL3|Q7RYL3_NEUCR	100
tr|Q7RZ67|Q7RZ67_NEUCR	tr|Q7RZ67|Q7RZ67_NEUCR	100
tr|Q7S0G3|Q7S0G3_NEUCR	tr|Q7S0G3|Q7S0G3_NEUCR	100
tr|Q7S0V4|Q7S0V4_NEUCR	tr|Q7S0V4|Q7S0V4_NEUCR	100
tr|Q7S102|Q7S102_NEUCR	tr|Q7S102|Q7S102_NEUCR	100
tr|Q7S1J8|Q7S1J8_NEUCR	tr|Q7S1J8|Q7S1J8_NEUCR	100
tr|Q7S1L5|Q7S1L5_NEUCR	tr|Q7S1L5|Q7S1L5_NEUCR	100
tr|Q7S1R1|Q7S1R1_NEUCR	tr|Q7S1R1|Q7S1R1_NEUCR	100
tr|Q7S1T0|Q7S1T0_NEUCR	tr|Q7S1T0|Q7S1T0_NEUCR	100
tr|Q7S209|Q7S209_NEUCR	tr|Q7S209|Q7S209_NEUCR	100
tr|Q7S2X6|Q7S2X6_NEUCR	tr|Q7S2X6|Q7S2X6_NEUCR	100
tr|Q7S301|Q7S301_NEUCR	tr|Q7S301|Q7S301_NEUCR	100
tr|Q7S3U7|Q7S3U7_NEUCR	tr|Q7S3U7|Q7S3U7_NEUCR	100
tr|Q7S4M0|Q7S4M0_NEUCR	tr|Q7S4M0|Q7S4M0_NEUCR	100
tr|Q7S5D2|Q7S5D2_NEUCR	tr|Q7S5D2|Q7S5D2_NEUCR	100
tr|Q7S5R0|Q7S5R0_NEUCR	tr|Q7S5R0|Q7S5R0_NEUCR	100
tr|Q7S5S0|Q7S5S0_NEUCR	tr|Q7S5S0|Q7S5S0_NEUCR	100
tr|Q7S673|Q7S673_NEUCR	tr|Q7S673|Q7S673_NEUCR	100
tr|Q7S699|Q7S699_NEUCR	tr|Q7S699|Q7S699_NEUCR	100
tr|Q7S6J1|Q7S6J1_NEUCR	tr|Q7S6J1|Q7S6J1_NEUCR	100
tr|Q7S6U8|Q7S6U8_NEUCR	tr|Q7S6U8|Q7S6U8_NEUCR	100
tr|Q7S6W7|Q7S6W7_NEUCR	tr|Q7S6W7|Q7S6W7_NEUCR	100
tr|Q7S715|Q7S715_NEUCR	tr|Q7S715|Q7S715_NEUCR	100
tr|Q7S8D3|Q7S8D3_NEUCR	tr|Q7S8D3|Q7S8D3_NEUCR	100
tr|Q7S8R9|Q7S8R9_NEUCR	tr|Q7S8R9|Q7S8R9_NEUCR	100
tr|Q7S8U9|Q7S8U9_NEUCR	tr|Q7S8U9|Q7S8U9_NEUCR	100
tr|Q7S8Z9|Q7S8Z9_NEUCR	tr|Q7S8Z9|Q7S8Z9_NEUCR	100
tr|Q7S988|Q7S988_NEUCR	tr|Q7S988|Q7S988_NEUCR	100
tr|Q7S9A4|Q7S9A4_NEUCR	tr|Q7S9A4|Q7S9A4_NEUCR	100
tr|Q7S9I5|Q7S9I5_NEUCR	tr|Q7S9I5|Q7S9I5_NEUCR	100
tr|Q7SAG0|Q7SAG0_NEUCR	tr|Q7SAG0|Q7SAG0_NEUCR	100
tr|Q7SBF9|Q7SBF9_NEUCR	tr|Q7SBF9|Q7SBF9_NEUCR	100
tr|Q7SBV7|Q7SBV7_NEUCR	tr|Q7SBV7|Q7SBV7_NEUCR	100
tr|Q7SCN1|Q7SCN1_NEUCR	tr|Q7SCN1|Q7SCN1_NEUCR	100
tr|Q7SCW0|Q7SCW0_NEUCR	tr|Q7SCW0|Q7SCW0_NEUCR	100
tr|Q7SCX6|Q7SCX6_NEUCR	tr|Q7SCX6|Q7SCX6_NEUCR	100
tr|Q7SCZ2|Q7SCZ2_NEUCR	tr|Q7SCZ2|Q7SCZ2_NEUCR	100
tr|Q7SCZ5|Q7SCZ5_NEUCR	tr|Q7SCZ5|Q7SCZ5_NEUCR	100
tr|Q7SD26|Q7SD26_NEUCR	tr|Q7SD26|Q7SD26_NEUCR	100
tr|Q7SD52|Q7SD52_NEUCR	tr|Q7SD52|Q7SD52_NEUCR	100
tr|Q7SDK8|Q7SDK8_NEUCR	tr|Q7SDK8|Q7SDK8_NEUCR	100
tr|Q7SDR9|Q7SDR9_NEUCR	tr|Q7SDR9|Q7SDR9_NEUCR	100
tr|Q7SDX5|Q7SDX5_NEUCR	tr|Q7SDX5|Q7SDX5_NEUCR	100
tr|Q7SE01|Q7SE01_NEUCR	tr|Q7SE01|Q7SE01_NEUCR	100
tr|Q7SED7|Q7SED7_NEUCR	tr|Q7SED7|Q7SED7_NEUCR	100
tr|Q7SER9|Q7SER9_NEUCR	tr|Q7SER9|Q7SER9_NEUCR	100
sp|Q7SEY2|CFT1_NEUCR	sp|Q7SEY2|CFT1_NEUCR	100
tr|Q7SFP2|Q7SFP2_NEUCR	tr|Q7SFP2|Q7SFP2_NEUCR	100
tr|Q7SGK7|Q7SGK7_NEUCR	tr|Q7SGK7|Q7SGK7_NEUCR	100
tr|Q7SHQ4|Q7SHQ4_NEUCR	tr|Q7SHQ4|Q7SHQ4_NEUCR	100
sp|Q9C245|URM1_NEUCR	sp|Q9C245|URM1_NEUCR	100
tr|U9W2S4|U9W2S4_NEUCR	tr|U9W2S4|U9W2S4_NEUCR	100
tr|U9W2V6|U9W2V6_NEUCR	tr|U9W2V6|U9W2V6_NEUCR	100
tr|V5IKK0|V5IKK0_NEUCR	tr|V5IKK0|V5IKK0_NEUCR	100
tr|V5IKT6|V5IKT6_NEUCR	tr|V5IKT6|V5IKT6_NEUCR	100
tr|V5IL33|V5IL33_NEUCR	tr|V5IL33|V5IL33_NEUCR	100
tr|V5ILV0|V5ILV0_NEUCR	tr|V5ILV0|V5ILV0_NEUCR	100
tr|V5ILX7|V5ILX7_NEUCR	tr|V5ILX7|V5ILX7_NEUCR	100
tr|V5ILX9|V5ILX9_NEUCR	tr|V5ILX9|V5ILX9_NEUCR	100
tr|V5IM37|V5IM37_NEUCR	tr|V5IM37|V5IM37_NEUCR	100
tr|V5IME2|V5IME2_NEUCR	tr|V5IME2|V5IME2_NEUCR	100
tr|V5IMH4|V5IMH4_NEUCR	tr|V5IMH4|V5IMH4_NEUCR	100
tr|V5IN00|V5IN00_NEUCR	tr|V5IN00|V5IN00_NEUCR	100
tr|V5IN44|V5IN44_NEUCR	tr|V5IN44|V5IN44_NEUCR	100
tr|V5INP7|V5INP7_NEUCR	tr|V5INP7|V5INP7_NEUCR	100
tr|V5IPS2|V5IPS2_NEUCR	tr|V5IPS2|V5IPS2_NEUCR	100
tr|V5IQW9|V5IQW9_NEUCR	tr|V5IQW9|V5IQW9_NEUCR	100
tr|V5IRH2|V5IRH2_NEUCR	tr|V5IRH2|V5IRH2_NEUCR	100
tr|A7UW39|A7UW39_NEUCR	tr|A7UW39|A7UW39_NEUCR	100
tr|A7UWJ1|A7UWJ1_NEUCR	tr|A7UWJ1|A7UWJ1_NEUCR	100
tr|A7UX95|A7UX95_NEUCR	tr|A7UX95|A7UX95_NEUCR	100
tr|A7UXB0|A7UXB0_NEUCR	tr|A7UXB0|A7UXB0_NEUCR	100
sp|P02723|ADT_NEUCR	sp|P02723|ADT_NEUCR	100
sp|P11913|MPPB_NEUCR	sp|P11913|MPPB_NEUCR	100
sp|Q01386|KAPR_NEUCR	sp|Q01386|KAPR_NEUCR	100
tr|Q1K517|Q1K517_NEUCR	tr|Q1K517|Q1K517_NEUCR	100
tr|Q1K5P7|Q1K5P7_NEUCR	tr|Q1K5P7|Q1K5P7_NEUCR	100
sp|Q1K5Z0|RT24_NEUCR	sp|Q1K5Z0|RT24_NEUCR	100
tr|Q1K636|Q1K636_NEUCR	tr|Q1K636|Q1K636_NEUCR	100
sp|Q1K6U0|STUA_NEUCR	sp|Q1K6U0|STUA_NEUCR	100
tr|Q1K704|Q1K704_NEUCR	tr|Q1K704|Q1K704_NEUCR	100
tr|Q1K7D1|Q1K7D1_NEUCR	tr|Q1K7D1|Q1K7D1_NEUCR	100
sp|Q1K7M0|PFF1_NEUCR	sp|Q1K7M0|PFF1_NEUCR	100
tr|Q1K7S4|Q1K7S4_NEUCR	tr|Q1K7S4|Q1K7S4_NEUCR	100
tr|Q1K864|Q1K864_NEUCR	tr|Q1K864|Q1K864_NEUCR	100
tr|Q1K8A1|Q1K8A1_NEUCR	tr|Q1K8A1|Q1K8A1_NEUCR	100
tr|Q1K8E8|Q1K8E8_NEUCR	tr|Q1K8E8|Q1K8E8_NEUCR	100
tr|Q1K8Z7|Q1K8Z7_NEUCR	tr|Q1K8Z7|Q1K8Z7_NEUCR	100
tr|Q1K923|Q1K923_NEUCR	tr|Q1K923|Q1K923_NEUCR	100
tr|Q7RW74|Q7RW74_NEUCR	tr|Q7RW74|Q7RW74_NEUCR	100
tr|Q7RWC8|Q7RWC8_NEUCR	tr|Q7RWC8|Q7RWC8_NEUCR	100
tr|Q7RWD3|Q7RWD3_NEUCR	tr|Q7RWD3|Q7RWD3_NEUCR	100
tr|Q7RWX0|Q7RWX0_NEUCR	tr|Q7RWX0|Q7RWX0_NEUCR	100
tr|Q7RXE3|Q7RXE3_NEUCR	tr|Q7RXE3|Q7RXE3_NEUCR	100
tr|Q7RYB1|Q7RYB1_NEUCR	tr|Q7RYB1|Q7RYB1_NEUCR	100
sp|Q7RYC8|LAP1_NEUCR	sp|Q7RYC8|LAP1_NEUCR	100
sp|Q7RYM1|ATP23_NEUCR	sp|Q7RYM1|ATP23_NEUCR	100
tr|Q7RZ48|Q7RZ48_NEUCR	tr|Q7RZ48|Q7RZ48_NEUCR	100
tr|Q7S065|Q7S065_NEUCR	tr|Q7S065|Q7S065_NEUCR	100
tr|Q7S0K8|Q7S0K8_NEUCR	tr|Q7S0K8|Q7S0K8_NEUCR	100
tr|Q7S1T3|Q7S1T3_NEUCR	tr|Q7S1T3|Q7S1T3_NEUCR	100
tr|Q7S1X8|Q7S1X8_NEUCR	tr|Q7S1X8|Q7S1X8_NEUCR	100
tr|Q7S2E2|Q7S2E2_NEUCR	tr|Q7S2E2|Q7S2E2_NEUCR	100
tr|Q7S2Y6|Q7S2Y6_NEUCR	tr|Q7S2Y6|Q7S2Y6_NEUCR	100
tr|Q7S310|Q7S310_NEUCR	tr|Q7S310|Q7S310_NEUCR	100
tr|Q7S3G4|Q7S3G4_NEUCR	tr|Q7S3G4|Q7S3G4_NEUCR	100
tr|Q7S3M0|Q7S3M0_NEUCR	tr|Q7S3M0|Q7S3M0_NEUCR	100
tr|Q7S3Z3|Q7S3Z3_NEUCR	tr|Q7S3Z3|Q7S3Z3_NEUCR	100
tr|Q7S4J6|Q7S4J6_NEUCR	tr|Q7S4J6|Q7S4J6_NEUCR	100
tr|Q7S544|Q7S544_NEUCR	tr|Q7S544|Q7S544_NEUCR	100
tr|Q7S5M0|Q7S5M0_NEUCR	tr|Q7S5M0|Q7S5M0_NEUCR	100
tr|Q7S622|Q7S622_NEUCR	tr|Q7S622|Q7S622_NEUCR	100
tr|Q7S631|Q7S631_NEUCR	tr|Q7S631|Q7S631_NEUCR	100
tr|Q7S698|Q7S698_NEUCR	tr|Q7S698|Q7S698_NEUCR	100
tr|Q7S6I5|Q7S6I5_NEUCR	tr|Q7S6I5|Q7S6I5_NEUCR	100
tr|Q7S6P6|Q7S6P6_NEUCR	tr|Q7S6P6|Q7S6P6_NEUCR	100
tr|Q7S6U0|Q7S6U0_NEUCR	tr|Q7S6U0|Q7S6U0_NEUCR	100
tr|Q7S716|Q7S716_NEUCR	tr|Q7S716|Q7S716_NEUCR	100
tr|Q7S7F0|Q7S7F0_NEUCR	tr|Q7S7F0|Q7S7F0_NEUCR	100
tr|Q7S852|Q7S852_NEUCR	tr|Q7S852|Q7S852_NEUCR	100
tr|Q7S867|Q7S867_NEUCR	tr|Q7S867|Q7S867_NEUCR	100
tr|Q7S8E6|Q7S8E6_NEUCR	tr|Q7S8E6|Q7S8E6_NEUCR	100
tr|Q7S932|Q7S932_NEUCR	tr|Q7S932|Q7S932_NEUCR	100
tr|Q7S982|Q7S982_NEUCR	tr|Q7S982|Q7S982_NEUCR	100
tr|Q7S9N0|Q7S9N0_NEUCR	tr|Q7S9N0|Q7S9N0_NEUCR	100
tr|Q7S9P1|Q7S9P1_NEUCR	tr|Q7S9P1|Q7S9P1_NEUCR	100
tr|Q7SA49|Q7SA49_NEUCR	tr|Q7SA49|Q7SA49_NEUCR	100
tr|Q7SAB5|Q7SAB5_NEUCR	tr|Q7SAB5|Q7SAB5_NEUCR	100
tr|Q7SAK7|Q7SAK7_NEUCR	tr|Q7SAK7|Q7SAK7_NEUCR	100
sp|Q7SAP7|LCMT1_NEUCR	sp|Q7SAP7|LCMT1_NEUCR	100
tr|Q7SAR9|Q7SAR9_NEUCR	tr|Q7SAR9|Q7SAR9_NEUCR	100
tr|Q7SB30|Q7SB30_NEUCR	tr|Q7SB30|Q7SB30_NEUCR	100
tr|Q7SC11|Q7SC11_NEUCR	tr|Q7SC11|Q7SC11_NEUCR	100
tr|Q7SCW8|Q7SCW8_NEUCR	tr|Q7SCW8|Q7SCW8_NEUCR	100
tr|Q7SD74|Q7SD74_NEUCR	tr|Q7SD74|Q7SD74_NEUCR	100
tr|Q7SDD1|Q7SDD1_NEUCR	tr|Q7SDD1|Q7SDD1_NEUCR	100
sp|Q7SDW6|EAF6_NEUCR	sp|Q7SDW6|EAF6_NEUCR	100
sp|Q7SDY3|CWC24_NEUCR	sp|Q7SDY3|CWC24_NEUCR	100
tr|Q7SE46|Q7SE46_NEUCR	tr|Q7SE46|Q7SE46_NEUCR	100
tr|Q7SE72|Q7SE72_NEUCR	tr|Q7SE72|Q7SE72_NEUCR	100
tr|Q7SE81|Q7SE81_NEUCR	tr|Q7SE81|Q7SE81_NEUCR	100
tr|Q7SE88|Q7SE88_NEUCR	tr|Q7SE88|Q7SE88_NEUCR	100
tr|Q7SE89|Q7SE89_NEUCR	tr|Q7SE89|Q7SE89_NEUCR	100
tr|Q7SEE5|Q7SEE5_NEUCR	tr|Q7SEE5|Q7SEE5_NEUCR	100
tr|Q7SEE6|Q7SEE6_NEUCR	tr|Q7SEE6|Q7SEE6_NEUCR	100
tr|Q7SFF6|Q7SFF6_NEUCR	tr|Q7SFF6|Q7SFF6_NEUCR	100
tr|Q7SFM4|Q7SFM4_NEUCR	tr|Q7SFM4|Q7SFM4_NEUCR	100
tr|Q7SG62|Q7SG62_NEUCR	tr|Q7SG62|Q7SG62_NEUCR	100
tr|Q7SGI5|Q7SGI5_NEUCR	tr|Q7SGI5|Q7SGI5_NEUCR	100
tr|Q7SGS9|Q7SGS9_NEUCR	tr|Q7SGS9|Q7SGS9_NEUCR	100
tr|Q7SH16|Q7SH16_NEUCR	tr|Q7SH16|Q7SH16_NEUCR	100
tr|Q7SH88|Q7SH88_NEUCR	tr|Q7SH88|Q7SH88_NEUCR	100
tr|Q7SHD8|Q7SHD8_NEUCR	tr|Q7SHD8|Q7SHD8_NEUCR	100
sp|Q7SHI5|SRDB_NEUCR	sp|Q7SHI5|SRDB_NEUCR	100
tr|Q7SHJ1|Q7SHJ1_NEUCR	tr|Q7SHJ1|Q7SHJ1_NEUCR	100
tr|Q7SHJ8|Q7SHJ8_NEUCR	tr|Q7SHJ8|Q7SHJ8_NEUCR	100
tr|Q7SHQ9|Q7SHQ9_NEUCR	tr|Q7SHQ9|Q7SHQ9_NEUCR	100
sp|Q7SHR8|NOG2_NEUCR	sp|Q7SHR8|NOG2_NEUCR	100
tr|U9W3U4|U9W3U4_NEUCR	tr|U9W3U4|U9W3U4_NEUCR	100
tr|V5IKK2|V5IKK2_NEUCR	tr|V5IKK2|V5IKK2_NEUCR	100
tr|V5IKZ2|V5IKZ2_NEUCR	tr|V5IKZ2|V5IKZ2_NEUCR	100
tr|V5IL63|V5IL63_NEUCR	tr|V5IL63|V5IL63_NEUCR	100
tr|V5ILI6|V5ILI6_NEUCR	tr|V5ILI6|V5ILI6_NEUCR	100
tr|V5INP9|V5INP9_NEUCR	tr|V5INP9|V5INP9_NEUCR	100
tr|V5IPH0|V5IPH0_NEUCR	tr|V5IPH0|V5IPH0_NEUCR	100
tr|V5IPH9|V5IPH9_NEUCR	tr|V5IPH9|V5IPH9_NEUCR	100
tr|V5IRB8|V5IRB8_NEUCR	tr|V5IRB8|V5IRB8_NEUCR	100
tr|V5IRJ7|V5IRJ7_NEUCR	tr|V5IRJ7|V5IRJ7_NEUCR	100
tr|A7UVW4|A7UVW4_NEUCR	tr|A7UVW4|A7UVW4_NEUCR	100
tr|A7UWV5|A7UWV5_NEUCR	tr|A7UWV5|A7UWV5_NEUCR	100
tr|A7UWY1|A7UWY1_NEUCR	tr|A7UWY1|A7UWY1_NEUCR	100
tr|F5HC00|F5HC00_NEUCR	tr|F5HC00|F5HC00_NEUCR	100
tr|F5HF39|F5HF39_NEUCR	tr|F5HF39|F5HF39_NEUCR	100
sp|P51978|TRXB_NEUCR	sp|P51978|TRXB_NEUCR	100
sp|P87253|KPC1_NEUCR	sp|P87253|KPC1_NEUCR	100
tr|Q1K4Z0|Q1K4Z0_NEUCR	tr|Q1K4Z0|Q1K4Z0_NEUCR	100
sp|Q1K548|RT05_NEUCR	sp|Q1K548|RT05_NEUCR	100
tr|Q1K559|Q1K559_NEUCR	tr|Q1K559|Q1K559_NEUCR	100
tr|Q1K564|Q1K564_NEUCR	tr|Q1K564|Q1K564_NEUCR	100
tr|Q1K5I2|Q1K5I2_NEUCR	tr|Q1K5I2|Q1K5I2_NEUCR	100
tr|Q1K5S3|Q1K5S3_NEUCR	tr|Q1K5S3|Q1K5S3_NEUCR	100
tr|Q1K5X0|Q1K5X0_NEUCR	tr|Q1K5X0|Q1K5X0_NEUCR	100
tr|Q1K758|Q1K758_NEUCR	tr|Q1K758|Q1K758_NEUCR	100
tr|Q1K7A0|Q1K7A0_NEUCR	tr|Q1K7A0|Q1K7A0_NEUCR	100
tr|Q1K8M4|Q1K8M4_NEUCR	tr|Q1K8M4|Q1K8M4_NEUCR	100
sp|Q6MVL2|DUT_NEUCR	sp|Q6MVL2|DUT_NEUCR	100
sp|Q7RVR8|MPG1_NEUCR	sp|Q7RVR8|MPG1_NEUCR	100
tr|Q7RVX4|Q7RVX4_NEUCR	tr|Q7RVX4|Q7RVX4_NEUCR	100
tr|Q7RW60|Q7RW60_NEUCR	tr|Q7RW60|Q7RW60_NEUCR	100
tr|Q7RWY2|Q7RWY2_NEUCR	tr|Q7RWY2|Q7RWY2_NEUCR	100
tr|Q7RXG9|Q7RXG9_NEUCR	tr|Q7RXG9|Q7RXG9_NEUCR	100
sp|Q7RXH4|EIF3I_NEUCR	sp|Q7RXH4|EIF3I_NEUCR	100
tr|Q7RY58|Q7RY58_NEUCR	tr|Q7RY58|Q7RY58_NEUCR	100
tr|Q7RZ68|Q7RZ68_NEUCR	tr|Q7RZ68|Q7RZ68_NEUCR	100
sp|Q7RZA5|MTAP_NEUCR	sp|Q7RZA5|MTAP_NEUCR	100
tr|Q7RZH3|Q7RZH3_NEUCR	tr|Q7RZH3|Q7RZH3_NEUCR	100
tr|Q7RZK3|Q7RZK3_NEUCR	tr|Q7RZK3|Q7RZK3_NEUCR	100
tr|Q7RZN5|Q7RZN5_NEUCR	tr|Q7RZN5|Q7RZN5_NEUCR	100
tr|Q7S0N6|Q7S0N6_NEUCR	tr|Q7S0N6|Q7S0N6_NEUCR	100
tr|Q7S187|Q7S187_NEUCR	tr|Q7S187|Q7S187_NEUCR	100
tr|Q7S1F1|Q7S1F1_NEUCR	tr|Q7S1F1|Q7S1F1_NEUCR	100
tr|Q7S1K5|Q7S1K5_NEUCR	tr|Q7S1K5|Q7S1K5_NEUCR	100
tr|Q7S1V6|Q7S1V6_NEUCR	tr|Q7S1V6|Q7S1V6_NEUCR	100
sp|Q7S1X9|ASF1_NEUCR	sp|Q7S1X9|ASF1_NEUCR	100
tr|Q7S243|Q7S243_NEUCR	tr|Q7S243|Q7S243_NEUCR	100
tr|Q7S286|Q7S286_NEUCR	tr|Q7S286|Q7S286_NEUCR	100
tr|Q7S2Y2|Q7S2Y2_NEUCR	tr|Q7S2Y2|Q7S2Y2_NEUCR	100
tr|Q7S3P6|Q7S3P6_NEUCR	tr|Q7S3P6|Q7S3P6_NEUCR	100
tr|Q7S3S0|Q7S3S0_NEUCR	tr|Q7S3S0|Q7S3S0_NEUCR	100
tr|Q7S478|Q7S478_NEUCR	tr|Q7S478|Q7S478_NEUCR	100
tr|Q7S479|Q7S479_NEUCR	tr|Q7S479|Q7S479_NEUCR	100
tr|Q7S493|Q7S493_NEUCR	tr|Q7S493|Q7S493_NEUCR	100
tr|Q7S4F2|Q7S4F2_NEUCR	tr|Q7S4F2|Q7S4F2_NEUCR	100
tr|Q7S4N4|Q7S4N4_NEUCR	tr|Q7S4N4|Q7S4N4_NEUCR	100
tr|Q7S559|Q7S559_NEUCR	tr|Q7S559|Q7S559_NEUCR	100
sp|Q7S5E7|COX10_NEUCR	sp|Q7S5E7|COX10_NEUCR	100
tr|Q7S5N9|Q7S5N9_NEUCR	tr|Q7S5N9|Q7S5N9_NEUCR	100
tr|Q7S5T5|Q7S5T5_NEUCR	tr|Q7S5T5|Q7S5T5_NEUCR	100
tr|Q7S5W2|Q7S5W2_NEUCR	tr|Q7S5W2|Q7S5W2_NEUCR	100
tr|Q7S5Y4|Q7S5Y4_NEUCR	tr|Q7S5Y4|Q7S5Y4_NEUCR	100
tr|Q7S6A1|Q7S6A1_NEUCR	tr|Q7S6A1|Q7S6A1_NEUCR	100
tr|Q7S6W8|Q7S6W8_NEUCR	tr|Q7S6W8|Q7S6W8_NEUCR	100
tr|Q7S796|Q7S796_NEUCR	tr|Q7S796|Q7S796_NEUCR	100
tr|Q7S7Y9|Q7S7Y9_NEUCR	tr|Q7S7Y9|Q7S7Y9_NEUCR	100
tr|Q7S8B8|Q7S8B8_NEUCR	tr|Q7S8B8|Q7S8B8_NEUCR	100
tr|Q7S8Q5|Q7S8Q5_NEUCR	tr|Q7S8Q5|Q7S8Q5_NEUCR	100
tr|Q7S8T3|Q7S8T3_NEUCR	tr|Q7S8T3|Q7S8T3_NEUCR	100
tr|Q7S8Y5|Q7S8Y5_NEUCR	tr|Q7S8Y5|Q7S8Y5_NEUCR	100
tr|Q7S9C4|Q7S9C4_NEUCR	tr|Q7S9C4|Q7S9C4_NEUCR	100
tr|Q7S9C6|Q7S9C6_NEUCR	tr|Q7S9C6|Q7S9C6_NEUCR	100
tr|Q7SA00|Q7SA00_NEUCR	tr|Q7SA00|Q7SA00_NEUCR	100
tr|Q7SA78|Q7SA78_NEUCR	tr|Q7SA78|Q7SA78_NEUCR	100
tr|Q7SA99|Q7SA99_NEUCR	tr|Q7SA99|Q7SA99_NEUCR	100
tr|Q7SB21|Q7SB21_NEUCR	tr|Q7SB21|Q7SB21_NEUCR	100
tr|Q7SB66|Q7SB66_NEUCR	tr|Q7SB66|Q7SB66_NEUCR	100
tr|Q7SBE5|Q7SBE5_NEUCR	tr|Q7SBE5|Q7SBE5_NEUCR	100
tr|Q7SBJ3|Q7SBJ3_NEUCR	tr|Q7SBJ3|Q7SBJ3_NEUCR	100
tr|Q7SC30|Q7SC30_NEUCR	tr|Q7SC30|Q7SC30_NEUCR	100
tr|Q7SCJ4|Q7SCJ4_NEUCR	tr|Q7SCJ4|Q7SCJ4_NEUCR	100
tr|Q7SD35|Q7SD35_NEUCR	tr|Q7SD35|Q7SD35_NEUCR	100
tr|Q7SD42|Q7SD42_NEUCR	tr|Q7SD42|Q7SD42_NEUCR	100
tr|Q7SDB9|Q7SDB9_NEUCR	tr|Q7SDB9|Q7SDB9_NEUCR	100
sp|Q7SDM8|THG1_NEUCR	sp|Q7SDM8|THG1_NEUCR	100
tr|Q7SE16|Q7SE16_NEUCR	tr|Q7SE16|Q7SE16_NEUCR	100
tr|Q7SE90|Q7SE90_NEUCR	tr|Q7SE90|Q7SE90_NEUCR	100
tr|Q7SEC6|Q7SEC6_NEUCR	tr|Q7SEC6|Q7SEC6_NEUCR	100
tr|Q7SEE8|Q7SEE8_NEUCR	tr|Q7SEE8|Q7SEE8_NEUCR	100
tr|Q7SG08|Q7SG08_NEUCR	tr|Q7SG08|Q7SG08_NEUCR	100
tr|Q7SG39|Q7SG39_NEUCR	tr|Q7SG39|Q7SG39_NEUCR	100
tr|Q7SG88|Q7SG88_NEUCR	tr|Q7SG88|Q7SG88_NEUCR	100
tr|Q7SGC7|Q7SGC7_NEUCR	tr|Q7SGC7|Q7SGC7_NEUCR	100
tr|Q7SGS4|Q7SGS4_NEUCR	tr|Q7SGS4|Q7SGS4_NEUCR	100
tr|Q7SGV8|Q7SGV8_NEUCR	tr|Q7SGV8|Q7SGV8_NEUCR	100
tr|Q7SHF0|Q7SHF0_NEUCR	tr|Q7SHF0|Q7SHF0_NEUCR	100
tr|Q7SHL4|Q7SHL4_NEUCR	tr|Q7SHL4|Q7SHL4_NEUCR	100
tr|Q7SHP0|Q7SHP0_NEUCR	tr|Q7SHP0|Q7SHP0_NEUCR	100
tr|Q7SHX6|Q7SHX6_NEUCR	tr|Q7SHX6|Q7SHX6_NEUCR	100
tr|Q7SHY0|Q7SHY0_NEUCR	tr|Q7SHY0|Q7SHY0_NEUCR	100
sp|Q92249|ERP38_NEUCR	sp|Q92249|ERP38_NEUCR	100
tr|U9W889|U9W889_NEUCR	tr|U9W889|U9W889_NEUCR	100
tr|U9WGA7|U9WGA7_NEUCR	tr|U9WGA7|U9WGA7_NEUCR	100
tr|V5IKH3|V5IKH3_NEUCR	tr|V5IKH3|V5IKH3_NEUCR	100
tr|V5IKR7|V5IKR7_NEUCR	tr|V5IKR7|V5IKR7_NEUCR	100
tr|V5ILT8|V5ILT8_NEUCR	tr|V5ILT8|V5ILT8_NEUCR	100
tr|V5IMK5|V5IMK5_NEUCR	tr|V5IMK5|V5IMK5_NEUCR	100
tr|V5INH4|V5INH4_NEUCR	tr|V5INH4|V5INH4_NEUCR	100
tr|V5IPM1|V5IPM1_NEUCR	tr|V5IPM1|V5IPM1_NEUCR	100
tr|V5IRC8|V5IRC8_NEUCR	tr|V5IRC8|V5IRC8_NEUCR	100
tr|A7UVT5|A7UVT5_NEUCR	tr|A7UVT5|A7UVT5_NEUCR	100
tr|A7UXA6|A7UXA6_NEUCR	tr|A7UXA6|A7UXA6_NEUCR	100
tr|F5HH04|F5HH04_NEUCR	tr|F5HH04|F5HH04_NEUCR	100
sp|P00440|TYRO_NEUCR	sp|P00440|TYRO_NEUCR	100
tr|Q1K5C5|Q1K5C5_NEUCR	tr|Q1K5C5|Q1K5C5_NEUCR	100
tr|Q1K680|Q1K680_NEUCR	tr|Q1K680|Q1K680_NEUCR	100
tr|Q1K681|Q1K681_NEUCR	tr|Q1K681|Q1K681_NEUCR	100
tr|Q1K7N4|Q1K7N4_NEUCR	tr|Q1K7N4|Q1K7N4_NEUCR	100
sp|Q1K8E0|RSM18_NEUCR	sp|Q1K8E0|RSM18_NEUCR	100
tr|Q1K8H3|Q1K8H3_NEUCR	tr|Q1K8H3|Q1K8H3_NEUCR	100
tr|Q1K8X9|Q1K8X9_NEUCR	tr|Q1K8X9|Q1K8X9_NEUCR	100
tr|Q1K8Z5|Q1K8Z5_NEUCR	tr|Q1K8Z5|Q1K8Z5_NEUCR	100
tr|Q7RWA1|Q7RWA1_NEUCR	tr|Q7RWA1|Q7RWA1_NEUCR	100
sp|Q7RWT1|EIF3A_NEUCR	sp|Q7RWT1|EIF3A_NEUCR	100
tr|Q7RWZ8|Q7RWZ8_NEUCR	tr|Q7RWZ8|Q7RWZ8_NEUCR	100
tr|Q7RX19|Q7RX19_NEUCR	tr|Q7RX19|Q7RX19_NEUCR	100
tr|Q7RX52|Q7RX52_NEUCR	tr|Q7RX52|Q7RX52_NEUCR	100
tr|Q7RXC4|Q7RXC4_NEUCR	tr|Q7RXC4|Q7RXC4_NEUCR	100
tr|Q7RY31|Q7RY31_NEUCR	tr|Q7RY31|Q7RY31_NEUCR	100
tr|Q7RY47|Q7RY47_NEUCR	tr|Q7RY47|Q7RY47_NEUCR	100
tr|Q7RY52|Q7RY52_NEUCR	tr|Q7RY52|Q7RY52_NEUCR	100
tr|Q7RYD3|Q7RYD3_NEUCR	tr|Q7RYD3|Q7RYD3_NEUCR	100
tr|Q7RYU6|Q7RYU6_NEUCR	tr|Q7RYU6|Q7RYU6_NEUCR	100
tr|Q7RZ31|Q7RZ31_NEUCR	tr|Q7RZ31|Q7RZ31_NEUCR	100
tr|Q7RZW0|Q7RZW0_NEUCR	tr|Q7RZW0|Q7RZW0_NEUCR	100
tr|Q7S004|Q7S004_NEUCR	tr|Q7S004|Q7S004_NEUCR	100
tr|Q7S0C1|Q7S0C1_NEUCR	tr|Q7S0C1|Q7S0C1_NEUCR	100
tr|Q7S0D4|Q7S0D4_NEUCR	tr|Q7S0D4|Q7S0D4_NEUCR	100
tr|Q7S0V5|Q7S0V5_NEUCR	tr|Q7S0V5|Q7S0V5_NEUCR	100
tr|Q7S1W2|Q7S1W2_NEUCR	tr|Q7S1W2|Q7S1W2_NEUCR	100
tr|Q7S2E3|Q7S2E3_NEUCR	tr|Q7S2E3|Q7S2E3_NEUCR	100
tr|Q7S2J1|Q7S2J1_NEUCR	tr|Q7S2J1|Q7S2J1_NEUCR	100
tr|Q7S2N0|Q7S2N0_NEUCR	tr|Q7S2N0|Q7S2N0_NEUCR	100
tr|Q7S3D0|Q7S3D0_NEUCR	tr|Q7S3D0|Q7S3D0_NEUCR	100
tr|Q7S3G3|Q7S3G3_NEUCR	tr|Q7S3G3|Q7S3G3_NEUCR	100
tr|Q7S3H1|Q7S3H1_NEUCR	tr|Q7S3H1|Q7S3H1_NEUCR	100
sp|Q7S439|LP9A_NEUCR	sp|Q7S439|LP9A_NEUCR	100
tr|Q7S4K0|Q7S4K0_NEUCR	tr|Q7S4K0|Q7S4K0_NEUCR	100
tr|Q7S4N6|Q7S4N6_NEUCR	tr|Q7S4N6|Q7S4N6_NEUCR	100
tr|Q7S4Y0|Q7S4Y0_NEUCR	tr|Q7S4Y0|Q7S4Y0_NEUCR	100
tr|Q7S4Y3|Q7S4Y3_NEUCR	tr|Q7S4Y3|Q7S4Y3_NEUCR	100
tr|Q7S5D1|Q7S5D1_NEUCR	tr|Q7S5D1|Q7S5D1_NEUCR	100
tr|Q7S5K5|Q7S5K5_NEUCR	tr|Q7S5K5|Q7S5K5_NEUCR	100
tr|Q7S5R9|Q7S5R9_NEUCR	tr|Q7S5R9|Q7S5R9_NEUCR	100
tr|Q7S5U0|Q7S5U0_NEUCR	tr|Q7S5U0|Q7S5U0_NEUCR	100
tr|Q7S617|Q7S617_NEUCR	tr|Q7S617|Q7S617_NEUCR	100
tr|Q7S686|Q7S686_NEUCR	tr|Q7S686|Q7S686_NEUCR	100
tr|Q7S6N5|Q7S6N5_NEUCR	tr|Q7S6N5|Q7S6N5_NEUCR	100
tr|Q7S6W9|Q7S6W9_NEUCR	tr|Q7S6W9|Q7S6W9_NEUCR	100
tr|Q7S6X2|Q7S6X2_NEUCR	tr|Q7S6X2|Q7S6X2_NEUCR	100
tr|Q7S8X2|Q7S8X2_NEUCR	tr|Q7S8X2|Q7S8X2_NEUCR	100
tr|Q7S8Y2|Q7S8Y2_NEUCR	tr|Q7S8Y2|Q7S8Y2_NEUCR	100
tr|Q7S9J7|Q7S9J7_NEUCR	tr|Q7S9J7|Q7S9J7_NEUCR	100
tr|Q7S9K7|Q7S9K7_NEUCR	tr|Q7S9K7|Q7S9K7_NEUCR	100
tr|Q7S9V8|Q7S9V8_NEUCR	tr|Q7S9V8|Q7S9V8_NEUCR	100
tr|Q7SAI4|Q7SAI4_NEUCR	tr|Q7SAI4|Q7SAI4_NEUCR	100
tr|Q7SAS3|Q7SAS3_NEUCR	tr|Q7SAS3|Q7SAS3_NEUCR	100
tr|Q7SAU9|Q7SAU9_NEUCR	tr|Q7SAU9|Q7SAU9_NEUCR	100
tr|Q7SAW8|Q7SAW8_NEUCR	tr|Q7SAW8|Q7SAW8_NEUCR	100
tr|Q7SB25|Q7SB25_NEUCR	tr|Q7SB25|Q7SB25_NEUCR	100
tr|Q7SBB9|Q7SBB9_NEUCR	tr|Q7SBB9|Q7SBB9_NEUCR	100
sp|Q7SC15|DPH3_NEUCR	sp|Q7SC15|DPH3_NEUCR	100
tr|Q7SCV0|Q7SCV0_NEUCR	tr|Q7SCV0|Q7SCV0_NEUCR	100
tr|Q7SCW5|Q7SCW5_NEUCR	tr|Q7SCW5|Q7SCW5_NEUCR	100
tr|Q7SDF9|Q7SDF9_NEUCR	tr|Q7SDF9|Q7SDF9_NEUCR	100
tr|Q7SDG1|Q7SDG1_NEUCR	tr|Q7SDG1|Q7SDG1_NEUCR	100
tr|Q7SDL0|Q7SDL0_NEUCR	tr|Q7SDL0|Q7SDL0_NEUCR	100
tr|Q7SE20|Q7SE20_NEUCR	tr|Q7SE20|Q7SE20_NEUCR	100
tr|Q7SF35|Q7SF35_NEUCR	tr|Q7SF35|Q7SF35_NEUCR	100
tr|Q7SF86|Q7SF86_NEUCR	tr|Q7SF86|Q7SF86_NEUCR	100
tr|Q7SFF1|Q7SFF1_NEUCR	tr|Q7SFF1|Q7SFF1_NEUCR	100
tr|Q7SFK2|Q7SFK2_NEUCR	tr|Q7SFK2|Q7SFK2_NEUCR	100
tr|Q7SFS2|Q7SFS2_NEUCR	tr|Q7SFS2|Q7SFS2_NEUCR	100
tr|Q7SGC1|Q7SGC1_NEUCR	tr|Q7SGC1|Q7SGC1_NEUCR	100
tr|Q7SGG5|Q7SGG5_NEUCR	tr|Q7SGG5|Q7SGG5_NEUCR	100
tr|Q7SGK1|Q7SGK1_NEUCR	tr|Q7SGK1|Q7SGK1_NEUCR	100
tr|Q7SHG6|Q7SHG6_NEUCR	tr|Q7SHG6|Q7SHG6_NEUCR	100
tr|Q7SHP8|Q7SHP8_NEUCR	tr|Q7SHP8|Q7SHP8_NEUCR	100
tr|Q7SHQ7|Q7SHQ7_NEUCR	tr|Q7SHQ7|Q7SHQ7_NEUCR	100
tr|Q7SHU2|Q7SHU2_NEUCR	tr|Q7SHU2|Q7SHU2_NEUCR	100
tr|Q7SHX7|Q7SHX7_NEUCR	tr|Q7SHX7|Q7SHX7_NEUCR	100
tr|Q7SI70|Q7SI70_NEUCR	tr|Q7SI70|Q7SI70_NEUCR	100
sp|Q8WZY3|YBG3_NEUCR	sp|Q8WZY3|YBG3_NEUCR	100
sp|Q8WZY7|ATG8_NEUCR	sp|Q8WZY7|ATG8_NEUCR	100
tr|U9W5H2|U9W5H2_NEUCR	tr|U9W5H2|U9W5H2_NEUCR	100
tr|U9W856|U9W856_NEUCR	tr|U9W856|U9W856_NEUCR	100
tr|U9WGV9|U9WGV9_NEUCR	tr|U9WGV9|U9WGV9_NEUCR	100
tr|U9WGX9|U9WGX9_NEUCR	tr|U9WGX9|U9WGX9_NEUCR	100
tr|V5IKK9|V5IKK9_NEUCR	tr|V5IKK9|V5IKK9_NEUCR	100
tr|V5IKV8|V5IKV8_NEUCR	tr|V5IKV8|V5IKV8_NEUCR	100
tr|V5IL10|V5IL10_NEUCR	tr|V5IL10|V5IL10_NEUCR	100
tr|V5IL40|V5IL40_NEUCR	tr|V5IL40|V5IL40_NEUCR	100
tr|V5IMG0|V5IMG0_NEUCR	tr|V5IMG0|V5IMG0_NEUCR	100
tr|V5INL4|V5INL4_NEUCR	tr|V5INL4|V5INL4_NEUCR	100
tr|V5INT5|V5INT5_NEUCR	tr|V5INT5|V5INT5_NEUCR	100
tr|V5IPJ0|V5IPJ0_NEUCR	tr|V5IPJ0|V5IPJ0_NEUCR	100
tr|V5IPM8|V5IPM8_NEUCR	tr|V5IPM8|V5IPM8_NEUCR	100
tr|V5IQ59|V5IQ59_NEUCR	tr|V5IQ59|V5IQ59_NEUCR	100
tr|V5IQI6|V5IQI6_NEUCR	tr|V5IQI6|V5IQI6_NEUCR	100
tr|V5IRE0|V5IRE0_NEUCR	tr|V5IRE0|V5IRE0_NEUCR	100
tr|A3RNH6|A3RNH6_NEUCR	tr|A3RNH6|A3RNH6_NEUCR	100
tr|A3RNI3|A3RNI3_NEUCR	tr|A3RNI3|A3RNI3_NEUCR	100
tr|A7UVZ9|A7UVZ9_NEUCR	tr|A7UVZ9|A7UVZ9_NEUCR	100
tr|A7UWM6|A7UWM6_NEUCR	tr|A7UWM6|A7UWM6_NEUCR	100
tr|A7UX10|A7UX10_NEUCR	tr|A7UX10|A7UX10_NEUCR	100
tr|A7UX33|A7UX33_NEUCR	tr|A7UX33|A7UX33_NEUCR	100
tr|A7UX63|A7UX63_NEUCR	tr|A7UX63|A7UX63_NEUCR	100
tr|F5HDC6|F5HDC6_NEUCR	tr|F5HDC6|F5HDC6_NEUCR	100
tr|Q1K531|Q1K531_NEUCR	tr|Q1K531|Q1K531_NEUCR	100
tr|Q1K570|Q1K570_NEUCR	tr|Q1K570|Q1K570_NEUCR	100
tr|Q1K582|Q1K582_NEUCR	tr|Q1K582|Q1K582_NEUCR	100
tr|Q1K5Y0|Q1K5Y0_NEUCR	tr|Q1K5Y0|Q1K5Y0_NEUCR	100
tr|Q1K659|Q1K659_NEUCR	tr|Q1K659|Q1K659_NEUCR	100
tr|Q1K6E3|Q1K6E3_NEUCR	tr|Q1K6E3|Q1K6E3_NEUCR	100
tr|Q1K6J8|Q1K6J8_NEUCR	tr|Q1K6J8|Q1K6J8_NEUCR	100
tr|Q1K6N6|Q1K6N6_NEUCR	tr|Q1K6N6|Q1K6N6_NEUCR	100
tr|Q1K7B8|Q1K7B8_NEUCR	tr|Q1K7B8|Q1K7B8_NEUCR	100
tr|Q1K7V5|Q1K7V5_NEUCR	tr|Q1K7V5|Q1K7V5_NEUCR	100
tr|Q1K861|Q1K861_NEUCR	tr|Q1K861|Q1K861_NEUCR	100
tr|Q1K875|Q1K875_NEUCR	tr|Q1K875|Q1K875_NEUCR	100
tr|Q1K8S5|Q1K8S5_NEUCR	tr|Q1K8S5|Q1K8S5_NEUCR	100
tr|Q7RVB2|Q7RVB2_NEUCR	tr|Q7RVB2|Q7RVB2_NEUCR	100
tr|Q7RVN4|Q7RVN4_NEUCR	tr|Q7RVN4|Q7RVN4_NEUCR	100
tr|Q7RWR2|Q7RWR2_NEUCR	tr|Q7RWR2|Q7RWR2_NEUCR	100
sp|Q7RXR3|CENPA_NEUCR	sp|Q7RXR3|CENPA_NEUCR	100
sp|Q7RYM7|PBN1_NEUCR	sp|Q7RYM7|PBN1_NEUCR	100
tr|Q7RYR8|Q7RYR8_NEUCR	tr|Q7RYR8|Q7RYR8_NEUCR	100
tr|Q7RYU7|Q7RYU7_NEUCR	tr|Q7RYU7|Q7RYU7_NEUCR	100
sp|Q7RYZ7|DBP8_NEUCR	sp|Q7RYZ7|DBP8_NEUCR	100
tr|Q7RZ27|Q7RZ27_NEUCR	tr|Q7RZ27|Q7RZ27_NEUCR	100
tr|Q7RZN0|Q7RZN0_NEUCR	tr|Q7RZN0|Q7RZN0_NEUCR	100
tr|Q7S064|Q7S064_NEUCR	tr|Q7S064|Q7S064_NEUCR	100
tr|Q7S099|Q7S099_NEUCR	tr|Q7S099|Q7S099_NEUCR	100
tr|Q7S0M4|Q7S0M4_NEUCR	tr|Q7S0M4|Q7S0M4_NEUCR	100
tr|Q7S0S0|Q7S0S0_NEUCR	tr|Q7S0S0|Q7S0S0_NEUCR	100
tr|Q7S0W6|Q7S0W6_NEUCR	tr|Q7S0W6|Q7S0W6_NEUCR	100
tr|Q7S1A7|Q7S1A7_NEUCR	tr|Q7S1A7|Q7S1A7_NEUCR	100
tr|Q7S1H3|Q7S1H3_NEUCR	tr|Q7S1H3|Q7S1H3_NEUCR	100
tr|Q7S1N4|Q7S1N4_NEUCR	tr|Q7S1N4|Q7S1N4_NEUCR	100
tr|Q7S290|Q7S290_NEUCR	tr|Q7S290|Q7S290_NEUCR	100
tr|Q7S2U4|Q7S2U4_NEUCR	tr|Q7S2U4|Q7S2U4_NEUCR	100
tr|Q7S395|Q7S395_NEUCR	tr|Q7S395|Q7S395_NEUCR	100
tr|Q7S3Q5|Q7S3Q5_NEUCR	tr|Q7S3Q5|Q7S3Q5_NEUCR	100
tr|Q7S4C4|Q7S4C4_NEUCR	tr|Q7S4C4|Q7S4C4_NEUCR	100
tr|Q7S5E0|Q7S5E0_NEUCR	tr|Q7S5E0|Q7S5E0_NEUCR	100
tr|Q7S5S2|Q7S5S2_NEUCR	tr|Q7S5S2|Q7S5S2_NEUCR	100
tr|Q7S5Z1|Q7S5Z1_NEUCR	tr|Q7S5Z1|Q7S5Z1_NEUCR	100
tr|Q7S6F5|Q7S6F5_NEUCR	tr|Q7S6F5|Q7S6F5_NEUCR	100
tr|Q7S6S2|Q7S6S2_NEUCR	tr|Q7S6S2|Q7S6S2_NEUCR	100
tr|Q7S776|Q7S776_NEUCR	tr|Q7S776|Q7S776_NEUCR	100
tr|Q7S7W4|Q7S7W4_NEUCR	tr|Q7S7W4|Q7S7W4_NEUCR	100
tr|Q7S821|Q7S821_NEUCR	tr|Q7S821|Q7S821_NEUCR	100
tr|Q7S858|Q7S858_NEUCR	tr|Q7S858|Q7S858_NEUCR	100
tr|Q7S8H1|Q7S8H1_NEUCR	tr|Q7S8H1|Q7S8H1_NEUCR	100
tr|Q7S8H8|Q7S8H8_NEUCR	tr|Q7S8H8|Q7S8H8_NEUCR	100
tr|Q7S9G5|Q7S9G5_NEUCR	tr|Q7S9G5|Q7S9G5_NEUCR	100
tr|Q7S9Q7|Q7S9Q7_NEUCR	tr|Q7S9Q7|Q7S9Q7_NEUCR	100
tr|Q7SA13|Q7SA13_NEUCR	tr|Q7SA13|Q7SA13_NEUCR	100
tr|Q7SAE8|Q7SAE8_NEUCR	tr|Q7SAE8|Q7SAE8_NEUCR	100
tr|Q7SAP5|Q7SAP5_NEUCR	tr|Q7SAP5|Q7SAP5_NEUCR	100
tr|Q7SAS0|Q7SAS0_NEUCR	tr|Q7SAS0|Q7SAS0_NEUCR	100
tr|Q7SAV7|Q7SAV7_NEUCR	tr|Q7SAV7|Q7SAV7_NEUCR	100
tr|Q7SB27|Q7SB27_NEUCR	tr|Q7SB27|Q7SB27_NEUCR	100
tr|Q7SBA7|Q7SBA7_NEUCR	tr|Q7SBA7|Q7SBA7_NEUCR	100
tr|Q7SBC4|Q7SBC4_NEUCR	tr|Q7SBC4|Q7SBC4_NEUCR	100
tr|Q7SBG0|Q7SBG0_NEUCR	tr|Q7SBG0|Q7SBG0_NEUCR	100
tr|Q7SBH4|Q7SBH4_NEUCR	tr|Q7SBH4|Q7SBH4_NEUCR	100
tr|Q7SBX6|Q7SBX6_NEUCR	tr|Q7SBX6|Q7SBX6_NEUCR	100
tr|Q7SD75|Q7SD75_NEUCR	tr|Q7SD75|Q7SD75_NEUCR	100
tr|Q7SDD7|Q7SDD7_NEUCR	tr|Q7SDD7|Q7SDD7_NEUCR	100
tr|Q7SDH2|Q7SDH2_NEUCR	tr|Q7SDH2|Q7SDH2_NEUCR	100
sp|Q7SDX3|3HAO_NEUCR	sp|Q7SDX3|3HAO_NEUCR	100
tr|Q7SDX8|Q7SDX8_NEUCR	tr|Q7SDX8|Q7SDX8_NEUCR	100
tr|Q7SEB7|Q7SEB7_NEUCR	tr|Q7SEB7|Q7SEB7_NEUCR	100
tr|Q7SET6|Q7SET6_NEUCR	tr|Q7SET6|Q7SET6_NEUCR	100
tr|Q7SEZ7|Q7SEZ7_NEUCR	tr|Q7SEZ7|Q7SEZ7_NEUCR	100
tr|Q7SF47|Q7SF47_NEUCR	tr|Q7SF47|Q7SF47_NEUCR	100
tr|Q7SFB8|Q7SFB8_NEUCR	tr|Q7SFB8|Q7SFB8_NEUCR	100
tr|Q7SFW4|Q7SFW4_NEUCR	tr|Q7SFW4|Q7SFW4_NEUCR	100
tr|Q7SG34|Q7SG34_NEUCR	tr|Q7SG34|Q7SG34_NEUCR	100
tr|Q7SGB8|Q7SGB8_NEUCR	tr|Q7SGB8|Q7SGB8_NEUCR	100
tr|Q7SGJ5|Q7SGJ5_NEUCR	tr|Q7SGJ5|Q7SGJ5_NEUCR	100
tr|Q7SGL1|Q7SGL1_NEUCR	tr|Q7SGL1|Q7SGL1_NEUCR	100
tr|Q7SGV9|Q7SGV9_NEUCR	tr|Q7SGV9|Q7SGV9_NEUCR	100
sp|Q7SH09|PEX5_NEUCR	sp|Q7SH09|PEX5_NEUCR	100
tr|Q7SH31|Q7SH31_NEUCR	tr|Q7SH31|Q7SH31_NEUCR	100
tr|Q7SHR2|Q7SHR2_NEUCR	tr|Q7SHR2|Q7SHR2_NEUCR	100
tr|Q7SI51|Q7SI51_NEUCR	tr|Q7SI51|Q7SI51_NEUCR	100
sp|Q873A1|SEC31_NEUCR	sp|Q873A1|SEC31_NEUCR	100
sp|Q9C284|SEC23_NEUCR	sp|Q9C284|SEC23_NEUCR	100
sp|Q9Y8H7|SPEE_NEUCR	sp|Q9Y8H7|SPEE_NEUCR	100
tr|U9W524|U9W524_NEUCR	tr|U9W524|U9W524_NEUCR	100
tr|U9W8G3|U9W8G3_NEUCR	tr|U9W8G3|U9W8G3_NEUCR	100
tr|U9WGE0|U9WGE0_NEUCR	tr|U9WGE0|U9WGE0_NEUCR	100
tr|V5ILE3|V5ILE3_NEUCR	tr|V5ILE3|V5ILE3_NEUCR	100
tr|V5ILJ4|V5ILJ4_NEUCR	tr|V5ILJ4|V5ILJ4_NEUCR	100
tr|V5IR05|V5IR05_NEUCR	tr|V5IR05|V5IR05_NEUCR	100
tr|V5IRG0|V5IRG0_NEUCR	tr|V5IRG0|V5IRG0_NEUCR	100
tr|V5IRN8|V5IRN8_NEUCR	tr|V5IRN8|V5IRN8_NEUCR	100
tr|V5IRS2|V5IRS2_NEUCR	tr|V5IRS2|V5IRS2_NEUCR	100
tr|A7UWH5|A7UWH5_NEUCR	tr|A7UWH5|A7UWH5_NEUCR	100
tr|A7UWH9|A7UWH9_NEUCR	tr|A7UWH9|A7UWH9_NEUCR	100
tr|F5HDG5|F5HDG5_NEUCR	tr|F5HDG5|F5HDG5_NEUCR	100
tr|F5HEQ0|F5HEQ0_NEUCR	tr|F5HEQ0|F5HEQ0_NEUCR	100
sp|P15181|SYLM_NEUCR	sp|P15181|SYLM_NEUCR	100
sp|P38671|RPOM_NEUCR	sp|P38671|RPOM_NEUCR	100
sp|Q01302|CCG6_NEUCR	sp|Q01302|CCG6_NEUCR	100
tr|Q1K4T6|Q1K4T6_NEUCR	tr|Q1K4T6|Q1K4T6_NEUCR	100
tr|Q1K522|Q1K522_NEUCR	tr|Q1K522|Q1K522_NEUCR	100
tr|Q1K5B2|Q1K5B2_NEUCR	tr|Q1K5B2|Q1K5B2_NEUCR	100
tr|Q1K5Q5|Q1K5Q5_NEUCR	tr|Q1K5Q5|Q1K5Q5_NEUCR	100
tr|Q1K6F9|Q1K6F9_NEUCR	tr|Q1K6F9|Q1K6F9_NEUCR	100
tr|Q1K6K2|Q1K6K2_NEUCR	tr|Q1K6K2|Q1K6K2_NEUCR	100
tr|Q1K6R7|Q1K6R7_NEUCR	tr|Q1K6R7|Q1K6R7_NEUCR	100
tr|Q1K738|Q1K738_NEUCR	tr|Q1K738|Q1K738_NEUCR	100
tr|Q1K7E2|Q1K7E2_NEUCR	tr|Q1K7E2|Q1K7E2_NEUCR	100
tr|Q1K8N1|Q1K8N1_NEUCR	tr|Q1K8N1|Q1K8N1_NEUCR	100
tr|Q1K8P4|Q1K8P4_NEUCR	tr|Q1K8P4|Q1K8P4_NEUCR	100
tr|Q1K8Q1|Q1K8Q1_NEUCR	tr|Q1K8Q1|Q1K8Q1_NEUCR	100
sp|Q36580|IEND1_NEUCR	sp|Q36580|IEND1_NEUCR	100
tr|Q7RUP0|Q7RUP0_NEUCR	tr|Q7RUP0|Q7RUP0_NEUCR	100
tr|Q7RVP6|Q7RVP6_NEUCR	tr|Q7RVP6|Q7RVP6_NEUCR	100
tr|Q7RVR1|Q7RVR1_NEUCR	tr|Q7RVR1|Q7RVR1_NEUCR	100
tr|Q7RVR4|Q7RVR4_NEUCR	tr|Q7RVR4|Q7RVR4_NEUCR	100
tr|Q7RW67|Q7RW67_NEUCR	tr|Q7RW67|Q7RW67_NEUCR	100
tr|Q7RXA1|Q7RXA1_NEUCR	tr|Q7RXA1|Q7RXA1_NEUCR	100
tr|Q7RXB5|Q7RXB5_NEUCR	tr|Q7RXB5|Q7RXB5_NEUCR	100
tr|Q7RXF5|Q7RXF5_NEUCR	tr|Q7RXF5|Q7RXF5_NEUCR	100
tr|Q7RXG4|Q7RXG4_NEUCR	tr|Q7RXG4|Q7RXG4_NEUCR	100
tr|Q7RXM8|Q7RXM8_NEUCR	tr|Q7RXM8|Q7RXM8_NEUCR	100
tr|Q7RXR5|Q7RXR5_NEUCR	tr|Q7RXR5|Q7RXR5_NEUCR	100
tr|Q7RXZ7|Q7RXZ7_NEUCR	tr|Q7RXZ7|Q7RXZ7_NEUCR	100
tr|Q7RYD1|Q7RYD1_NEUCR	tr|Q7RYD1|Q7RYD1_NEUCR	100
sp|Q7RYE7|GAL7_NEUCR	sp|Q7RYE7|GAL7_NEUCR	100
tr|Q7RYJ6|Q7RYJ6_NEUCR	tr|Q7RYJ6|Q7RYJ6_NEUCR	100
tr|Q7RYS7|Q7RYS7_NEUCR	tr|Q7RYS7|Q7RYS7_NEUCR	100
tr|Q7RZJ0|Q7RZJ0_NEUCR	tr|Q7RZJ0|Q7RZJ0_NEUCR	100
tr|Q7RZP8|Q7RZP8_NEUCR	tr|Q7RZP8|Q7RZP8_NEUCR	100
tr|Q7RZS1|Q7RZS1_NEUCR	tr|Q7RZS1|Q7RZS1_NEUCR	100
tr|Q7S0E0|Q7S0E0_NEUCR	tr|Q7S0E0|Q7S0E0_NEUCR	100
tr|Q7S0M2|Q7S0M2_NEUCR	tr|Q7S0M2|Q7S0M2_NEUCR	100
tr|Q7S1V5|Q7S1V5_NEUCR	tr|Q7S1V5|Q7S1V5_NEUCR	100
tr|Q7S1Z0|Q7S1Z0_NEUCR	tr|Q7S1Z0|Q7S1Z0_NEUCR	100
tr|Q7S267|Q7S267_NEUCR	tr|Q7S267|Q7S267_NEUCR	100
tr|Q7S2T7|Q7S2T7_NEUCR	tr|Q7S2T7|Q7S2T7_NEUCR	100
tr|Q7S309|Q7S309_NEUCR	tr|Q7S309|Q7S309_NEUCR	100
tr|Q7S3T0|Q7S3T0_NEUCR	tr|Q7S3T0|Q7S3T0_NEUCR	100
tr|Q7S3V5|Q7S3V5_NEUCR	tr|Q7S3V5|Q7S3V5_NEUCR	100
tr|Q7S3V6|Q7S3V6_NEUCR	tr|Q7S3V6|Q7S3V6_NEUCR	100
tr|Q7S4L9|Q7S4L9_NEUCR	tr|Q7S4L9|Q7S4L9_NEUCR	100
tr|Q7S4V9|Q7S4V9_NEUCR	tr|Q7S4V9|Q7S4V9_NEUCR	100
tr|Q7S4X9|Q7S4X9_NEUCR	tr|Q7S4X9|Q7S4X9_NEUCR	100
sp|Q7S4Y4|MRP10_NEUCR	sp|Q7S4Y4|MRP10_NEUCR	100
tr|Q7S556|Q7S556_NEUCR	tr|Q7S556|Q7S556_NEUCR	100
tr|Q7S571|Q7S571_NEUCR	tr|Q7S571|Q7S571_NEUCR	100
tr|Q7S5B9|Q7S5B9_NEUCR	tr|Q7S5B9|Q7S5B9_NEUCR	100
tr|Q7S5F6|Q7S5F6_NEUCR	tr|Q7S5F6|Q7S5F6_NEUCR	100
tr|Q7S6A5|Q7S6A5_NEUCR	tr|Q7S6A5|Q7S6A5_NEUCR	100
tr|Q7S6Y5|Q7S6Y5_NEUCR	tr|Q7S6Y5|Q7S6Y5_NEUCR	100
tr|Q7S760|Q7S760_NEUCR	tr|Q7S760|Q7S760_NEUCR	100
tr|Q7S764|Q7S764_NEUCR	tr|Q7S764|Q7S764_NEUCR	100
tr|Q7S7E4|Q7S7E4_NEUCR	tr|Q7S7E4|Q7S7E4_NEUCR	100
tr|Q7S855|Q7S855_NEUCR	tr|Q7S855|Q7S855_NEUCR	100
tr|Q7S8F8|Q7S8F8_NEUCR	tr|Q7S8F8|Q7S8F8_NEUCR	100
tr|Q7S9N8|Q7S9N8_NEUCR	tr|Q7S9N8|Q7S9N8_NEUCR	100
tr|Q7S9T0|Q7S9T0_NEUCR	tr|Q7S9T0|Q7S9T0_NEUCR	100
sp|Q7SA04|SEM1_NEUCR	sp|Q7SA04|SEM1_NEUCR	100
tr|Q7SAQ0|Q7SAQ0_NEUCR	tr|Q7SAQ0|Q7SAQ0_NEUCR	100
tr|Q7SBY1|Q7SBY1_NEUCR	tr|Q7SBY1|Q7SBY1_NEUCR	100
tr|Q7SCI6|Q7SCI6_NEUCR	tr|Q7SCI6|Q7SCI6_NEUCR	100
tr|Q7SCR1|Q7SCR1_NEUCR	tr|Q7SCR1|Q7SCR1_NEUCR	100
tr|Q7SCW2|Q7SCW2_NEUCR	tr|Q7SCW2|Q7SCW2_NEUCR	100
tr|Q7SD94|Q7SD94_NEUCR	tr|Q7SD94|Q7SD94_NEUCR	100
tr|Q7SDR6|Q7SDR6_NEUCR	tr|Q7SDR6|Q7SDR6_NEUCR	100
tr|Q7SEA0|Q7SEA0_NEUCR	tr|Q7SEA0|Q7SEA0_NEUCR	100
tr|Q7SFR3|Q7SFR3_NEUCR	tr|Q7SFR3|Q7SFR3_NEUCR	100
tr|Q7SFR6|Q7SFR6_NEUCR	tr|Q7SFR6|Q7SFR6_NEUCR	100
tr|Q7SFV1|Q7SFV1_NEUCR	tr|Q7SFV1|Q7SFV1_NEUCR	100
tr|Q7SGI2|Q7SGI2_NEUCR	tr|Q7SGI2|Q7SGI2_NEUCR	100
tr|Q7SGI3|Q7SGI3_NEUCR	tr|Q7SGI3|Q7SGI3_NEUCR	100
tr|Q7SHG2|Q7SHG2_NEUCR	tr|Q7SHG2|Q7SHG2_NEUCR	100
tr|U9W2Y4|U9W2Y4_NEUCR	tr|U9W2Y4|U9W2Y4_NEUCR	100
sp|U9W802|WSC_NEUCR	sp|U9W802|WSC_NEUCR	100
tr|U9W831|U9W831_NEUCR	tr|U9W831|U9W831_NEUCR	100
tr|U9WGB2|U9WGB2_NEUCR	tr|U9WGB2|U9WGB2_NEUCR	100
tr|U9WHC0|U9WHC0_NEUCR	tr|U9WHC0|U9WHC0_NEUCR	100
tr|V5IKI0|V5IKI0_NEUCR	tr|V5IKI0|V5IKI0_NEUCR	100
tr|V5IKX6|V5IKX6_NEUCR	tr|V5IKX6|V5IKX6_NEUCR	100
tr|V5ILN7|V5ILN7_NEUCR	tr|V5ILN7|V5ILN7_NEUCR	100
tr|V5ILU6|V5ILU6_NEUCR	tr|V5ILU6|V5ILU6_NEUCR	100
tr|V5IM20|V5IM20_NEUCR	tr|V5IM20|V5IM20_NEUCR	100
tr|V5IMI3|V5IMI3_NEUCR	tr|V5IMI3|V5IMI3_NEUCR	100
tr|V5INN1|V5INN1_NEUCR	tr|V5INN1|V5INN1_NEUCR	100
tr|V5IP25|V5IP25_NEUCR	tr|V5IP25|V5IP25_NEUCR	100
tr|V5IP84|V5IP84_NEUCR	tr|V5IP84|V5IP84_NEUCR	100
tr|V5IPE6|V5IPE6_NEUCR	tr|V5IPE6|V5IPE6_NEUCR	100
tr|V5IPK7|V5IPK7_NEUCR	tr|V5IPK7|V5IPK7_NEUCR	100
tr|V5IPM7|V5IPM7_NEUCR	tr|V5IPM7|V5IPM7_NEUCR	100
tr|V5IQA3|V5IQA3_NEUCR	tr|V5IQA3|V5IQA3_NEUCR	100
tr|V5IRC3|V5IRC3_NEUCR	tr|V5IRC3|V5IRC3_NEUCR	100
tr|A7UW23|A7UW23_NEUCR	tr|A7UW23|A7UW23_NEUCR	100
tr|A7UWR4|A7UWR4_NEUCR	tr|A7UWR4|A7UWR4_NEUCR	100
tr|A7UX48|A7UX48_NEUCR	tr|A7UX48|A7UX48_NEUCR	100
sp|O13492|FOLE_NEUCR	sp|O13492|FOLE_NEUCR	100
sp|P11593|VATB_NEUCR	sp|P11593|VATB_NEUCR	100
sp|P27526|PHR_NEUCR	sp|P27526|PHR_NEUCR	100
sp|P78711|ACT_NEUCR	sp|P78711|ACT_NEUCR	100
tr|Q1K4N4|Q1K4N4_NEUCR	tr|Q1K4N4|Q1K4N4_NEUCR	100
tr|Q1K575|Q1K575_NEUCR	tr|Q1K575|Q1K575_NEUCR	100
tr|Q1K5E4|Q1K5E4_NEUCR	tr|Q1K5E4|Q1K5E4_NEUCR	100
tr|Q1K5J4|Q1K5J4_NEUCR	tr|Q1K5J4|Q1K5J4_NEUCR	100
tr|Q1K5K4|Q1K5K4_NEUCR	tr|Q1K5K4|Q1K5K4_NEUCR	100
tr|Q1K5N8|Q1K5N8_NEUCR	tr|Q1K5N8|Q1K5N8_NEUCR	100
tr|Q1K666|Q1K666_NEUCR	tr|Q1K666|Q1K666_NEUCR	100
sp|Q1K8F6|NAGS_NEUCR	sp|Q1K8F6|NAGS_NEUCR	100
tr|Q1K8T7|Q1K8T7_NEUCR	tr|Q1K8T7|Q1K8T7_NEUCR	100
tr|Q7RW82|Q7RW82_NEUCR	tr|Q7RW82|Q7RW82_NEUCR	100
tr|Q7RXA0|Q7RXA0_NEUCR	tr|Q7RXA0|Q7RXA0_NEUCR	100
tr|Q7RXC9|Q7RXC9_NEUCR	tr|Q7RXC9|Q7RXC9_NEUCR	100
tr|Q7RXK9|Q7RXK9_NEUCR	tr|Q7RXK9|Q7RXK9_NEUCR	100
tr|Q7RY04|Q7RY04_NEUCR	tr|Q7RY04|Q7RY04_NEUCR	100
tr|Q7RYZ2|Q7RYZ2_NEUCR	tr|Q7RYZ2|Q7RYZ2_NEUCR	100
tr|Q7RZ65|Q7RZ65_NEUCR	tr|Q7RZ65|Q7RZ65_NEUCR	100
tr|Q7RZ75|Q7RZ75_NEUCR	tr|Q7RZ75|Q7RZ75_NEUCR	100
tr|Q7RZI2|Q7RZI2_NEUCR	tr|Q7RZI2|Q7RZI2_NEUCR	100
tr|Q7RZQ0|Q7RZQ0_NEUCR	tr|Q7RZQ0|Q7RZQ0_NEUCR	100
tr|Q7RZU6|Q7RZU6_NEUCR	tr|Q7RZU6|Q7RZU6_NEUCR	100
tr|Q7S116|Q7S116_NEUCR	tr|Q7S116|Q7S116_NEUCR	100
tr|Q7S1L1|Q7S1L1_NEUCR	tr|Q7S1L1|Q7S1L1_NEUCR	100
tr|Q7S1T8|Q7S1T8_NEUCR	tr|Q7S1T8|Q7S1T8_NEUCR	100
tr|Q7S2S7|Q7S2S7_NEUCR	tr|Q7S2S7|Q7S2S7_NEUCR	100
tr|Q7S329|Q7S329_NEUCR	tr|Q7S329|Q7S329_NEUCR	100
tr|Q7S3C5|Q7S3C5_NEUCR	tr|Q7S3C5|Q7S3C5_NEUCR	100
tr|Q7S3I9|Q7S3I9_NEUCR	tr|Q7S3I9|Q7S3I9_NEUCR	100
tr|Q7S3K7|Q7S3K7_NEUCR	tr|Q7S3K7|Q7S3K7_NEUCR	100
tr|Q7S3L3|Q7S3L3_NEUCR	tr|Q7S3L3|Q7S3L3_NEUCR	100
sp|Q7S3M5|AKR1_NEUCR	sp|Q7S3M5|AKR1_NEUCR	100
tr|Q7S3U8|Q7S3U8_NEUCR	tr|Q7S3U8|Q7S3U8_NEUCR	100
tr|Q7S3W0|Q7S3W0_NEUCR	tr|Q7S3W0|Q7S3W0_NEUCR	100
tr|Q7S4B8|Q7S4B8_NEUCR	tr|Q7S4B8|Q7S4B8_NEUCR	100
tr|Q7S4C7|Q7S4C7_NEUCR	tr|Q7S4C7|Q7S4C7_NEUCR	100
tr|Q7S4F3|Q7S4F3_NEUCR	tr|Q7S4F3|Q7S4F3_NEUCR	100
tr|Q7S504|Q7S504_NEUCR	tr|Q7S504|Q7S504_NEUCR	100
tr|Q7S5L7|Q7S5L7_NEUCR	tr|Q7S5L7|Q7S5L7_NEUCR	100
tr|Q7S5Q5|Q7S5Q5_NEUCR	tr|Q7S5Q5|Q7S5Q5_NEUCR	100
tr|Q7S5Z9|Q7S5Z9_NEUCR	tr|Q7S5Z9|Q7S5Z9_NEUCR	100
tr|Q7S6J8|Q7S6J8_NEUCR	tr|Q7S6J8|Q7S6J8_NEUCR	100
tr|Q7S6R5|Q7S6R5_NEUCR	tr|Q7S6R5|Q7S6R5_NEUCR	100
tr|Q7S744|Q7S744_NEUCR	tr|Q7S744|Q7S744_NEUCR	100
tr|Q7S890|Q7S890_NEUCR	tr|Q7S890|Q7S890_NEUCR	100
tr|Q7S8D9|Q7S8D9_NEUCR	tr|Q7S8D9|Q7S8D9_NEUCR	100
tr|Q7S8H6|Q7S8H6_NEUCR	tr|Q7S8H6|Q7S8H6_NEUCR	100
tr|Q7S8M8|Q7S8M8_NEUCR	tr|Q7S8M8|Q7S8M8_NEUCR	100
tr|Q7S907|Q7S907_NEUCR	tr|Q7S907|Q7S907_NEUCR	100
tr|Q7S9G0|Q7S9G0_NEUCR	tr|Q7S9G0|Q7S9G0_NEUCR	100
tr|Q7S9L8|Q7S9L8_NEUCR	tr|Q7S9L8|Q7S9L8_NEUCR	100
tr|Q7SA18|Q7SA18_NEUCR	tr|Q7SA18|Q7SA18_NEUCR	100
tr|Q7SAH3|Q7SAH3_NEUCR	tr|Q7SAH3|Q7SAH3_NEUCR	100
tr|Q7SAJ0|Q7SAJ0_NEUCR	tr|Q7SAJ0|Q7SAJ0_NEUCR	100
tr|Q7SAY0|Q7SAY0_NEUCR	tr|Q7SAY0|Q7SAY0_NEUCR	100
tr|Q7SB29|Q7SB29_NEUCR	tr|Q7SB29|Q7SB29_NEUCR	100
tr|Q7SBT4|Q7SBT4_NEUCR	tr|Q7SBT4|Q7SBT4_NEUCR	100
sp|Q7SBX8|CWC27_NEUCR	sp|Q7SBX8|CWC27_NEUCR	100
tr|Q7SCL6|Q7SCL6_NEUCR	tr|Q7SCL6|Q7SCL6_NEUCR	100
tr|Q7SD86|Q7SD86_NEUCR	tr|Q7SD86|Q7SD86_NEUCR	100
tr|Q7SD88|Q7SD88_NEUCR	tr|Q7SD88|Q7SD88_NEUCR	100
tr|Q7SDI4|Q7SDI4_NEUCR	tr|Q7SDI4|Q7SDI4_NEUCR	100
tr|Q7SDJ7|Q7SDJ7_NEUCR	tr|Q7SDJ7|Q7SDJ7_NEUCR	100
tr|Q7SDQ7|Q7SDQ7_NEUCR	tr|Q7SDQ7|Q7SDQ7_NEUCR	100
tr|Q7SE95|Q7SE95_NEUCR	tr|Q7SE95|Q7SE95_NEUCR	100
tr|Q7SEJ2|Q7SEJ2_NEUCR	tr|Q7SEJ2|Q7SEJ2_NEUCR	100
sp|Q7SF46|MTNB_NEUCR	sp|Q7SF46|MTNB_NEUCR	100
tr|Q7SF99|Q7SF99_NEUCR	tr|Q7SF99|Q7SF99_NEUCR	100
tr|Q7SFY7|Q7SFY7_NEUCR	tr|Q7SFY7|Q7SFY7_NEUCR	100
tr|Q7SFZ9|Q7SFZ9_NEUCR	tr|Q7SFZ9|Q7SFZ9_NEUCR	100
tr|Q7SG00|Q7SG00_NEUCR	tr|Q7SG00|Q7SG00_NEUCR	100
tr|Q7SG13|Q7SG13_NEUCR	tr|Q7SG13|Q7SG13_NEUCR	100
sp|Q7SG38|ATG22_NEUCR	sp|Q7SG38|ATG22_NEUCR	100
tr|Q7SG43|Q7SG43_NEUCR	tr|Q7SG43|Q7SG43_NEUCR	100
tr|Q7SGR7|Q7SGR7_NEUCR	tr|Q7SGR7|Q7SGR7_NEUCR	100
tr|Q7SGT1|Q7SGT1_NEUCR	tr|Q7SGT1|Q7SGT1_NEUCR	100
tr|Q7SGT9|Q7SGT9_NEUCR	tr|Q7SGT9|Q7SGT9_NEUCR	100
tr|Q7SGU8|Q7SGU8_NEUCR	tr|Q7SGU8|Q7SGU8_NEUCR	100
tr|Q7SH89|Q7SH89_NEUCR	tr|Q7SH89|Q7SH89_NEUCR	100
tr|Q7SHE6|Q7SHE6_NEUCR	tr|Q7SHE6|Q7SHE6_NEUCR	100
tr|Q7SHM6|Q7SHM6_NEUCR	tr|Q7SHM6|Q7SHM6_NEUCR	100
tr|Q7SHT6|Q7SHT6_NEUCR	tr|Q7SHT6|Q7SHT6_NEUCR	100
tr|Q7SI37|Q7SI37_NEUCR	tr|Q7SI37|Q7SI37_NEUCR	100
sp|Q9HE74|RS23_NEUCR	sp|Q9HE74|RS23_NEUCR	100
tr|U9W3M5|U9W3M5_NEUCR	tr|U9W3M5|U9W3M5_NEUCR	100
tr|U9W8Y3|U9W8Y3_NEUCR	tr|U9W8Y3|U9W8Y3_NEUCR	100
tr|V5IL24|V5IL24_NEUCR	tr|V5IL24|V5IL24_NEUCR	100
tr|V5IL81|V5IL81_NEUCR	tr|V5IL81|V5IL81_NEUCR	100
tr|V5ILD8|V5ILD8_NEUCR	tr|V5ILD8|V5ILD8_NEUCR	100
tr|V5ILL6|V5ILL6_NEUCR	tr|V5ILL6|V5ILL6_NEUCR	100
tr|V5IM28|V5IM28_NEUCR	tr|V5IM28|V5IM28_NEUCR	100
tr|V5IMC7|V5IMC7_NEUCR	tr|V5IMC7|V5IMC7_NEUCR	100
tr|V5IMM2|V5IMM2_NEUCR	tr|V5IMM2|V5IMM2_NEUCR	100
tr|V5IP77|V5IP77_NEUCR	tr|V5IP77|V5IP77_NEUCR	100
tr|V5IRF7|V5IRF7_NEUCR	tr|V5IRF7|V5IRF7_NEUCR	100
tr|A7UW05|A7UW05_NEUCR	tr|A7UW05|A7UW05_NEUCR	100
tr|A7UWE5|A7UWE5_NEUCR	tr|A7UWE5|A7UWE5_NEUCR	100
tr|F5HCY5|F5HCY5_NEUCR	tr|F5HCY5|F5HCY5_NEUCR	100
sp|P11635|DHQA_NEUCR	sp|P11635|DHQA_NEUCR	100
sp|P15937|ACH1_NEUCR	sp|P15937|ACH1_NEUCR	100
tr|Q1K4Q7|Q1K4Q7_NEUCR	tr|Q1K4Q7|Q1K4Q7_NEUCR	100
tr|Q1K4X0|Q1K4X0_NEUCR	tr|Q1K4X0|Q1K4X0_NEUCR	100
tr|Q1K5D3|Q1K5D3_NEUCR	tr|Q1K5D3|Q1K5D3_NEUCR	100
tr|Q1K5G2|Q1K5G2_NEUCR	tr|Q1K5G2|Q1K5G2_NEUCR	100
tr|Q1K5J5|Q1K5J5_NEUCR	tr|Q1K5J5|Q1K5J5_NEUCR	100
tr|Q1K6H3|Q1K6H3_NEUCR	tr|Q1K6H3|Q1K6H3_NEUCR	100
tr|Q1K6S4|Q1K6S4_NEUCR	tr|Q1K6S4|Q1K6S4_NEUCR	100
tr|Q1K700|Q1K700_NEUCR	tr|Q1K700|Q1K700_NEUCR	100
tr|Q1K7B1|Q1K7B1_NEUCR	tr|Q1K7B1|Q1K7B1_NEUCR	100
tr|Q1K8A6|Q1K8A6_NEUCR	tr|Q1K8A6|Q1K8A6_NEUCR	100
tr|Q1K8Q5|Q1K8Q5_NEUCR	tr|Q1K8Q5|Q1K8Q5_NEUCR	100
sp|Q6MW51|HEM3_NEUCR	sp|Q6MW51|HEM3_NEUCR	100
tr|Q7RW40|Q7RW40_NEUCR	tr|Q7RW40|Q7RW40_NEUCR	100
tr|Q7RWE6|Q7RWE6_NEUCR	tr|Q7RWE6|Q7RWE6_NEUCR	100
tr|Q7RWJ0|Q7RWJ0_NEUCR	tr|Q7RWJ0|Q7RWJ0_NEUCR	100
tr|Q7RWX7|Q7RWX7_NEUCR	tr|Q7RWX7|Q7RWX7_NEUCR	100
tr|Q7RWZ1|Q7RWZ1_NEUCR	tr|Q7RWZ1|Q7RWZ1_NEUCR	100
tr|Q7RX04|Q7RX04_NEUCR	tr|Q7RX04|Q7RX04_NEUCR	100
tr|Q7RXA5|Q7RXA5_NEUCR	tr|Q7RXA5|Q7RXA5_NEUCR	100
sp|Q7RXP5|ALG8_NEUCR	sp|Q7RXP5|ALG8_NEUCR	100
tr|Q7RXV5|Q7RXV5_NEUCR	tr|Q7RXV5|Q7RXV5_NEUCR	100
tr|Q7RXX0|Q7RXX0_NEUCR	tr|Q7RXX0|Q7RXX0_NEUCR	100
tr|Q7RXZ1|Q7RXZ1_NEUCR	tr|Q7RXZ1|Q7RXZ1_NEUCR	100
tr|Q7RY00|Q7RY00_NEUCR	tr|Q7RY00|Q7RY00_NEUCR	100
tr|Q7RYD2|Q7RYD2_NEUCR	tr|Q7RYD2|Q7RYD2_NEUCR	100
tr|Q7RZ03|Q7RZ03_NEUCR	tr|Q7RZ03|Q7RZ03_NEUCR	100
tr|Q7RZ76|Q7RZ76_NEUCR	tr|Q7RZ76|Q7RZ76_NEUCR	100
tr|Q7S1C7|Q7S1C7_NEUCR	tr|Q7S1C7|Q7S1C7_NEUCR	100
tr|Q7S1D4|Q7S1D4_NEUCR	tr|Q7S1D4|Q7S1D4_NEUCR	100
tr|Q7S1F9|Q7S1F9_NEUCR	tr|Q7S1F9|Q7S1F9_NEUCR	100
tr|Q7S1J9|Q7S1J9_NEUCR	tr|Q7S1J9|Q7S1J9_NEUCR	100
tr|Q7S2D2|Q7S2D2_NEUCR	tr|Q7S2D2|Q7S2D2_NEUCR	100
tr|Q7S2N3|Q7S2N3_NEUCR	tr|Q7S2N3|Q7S2N3_NEUCR	100
tr|Q7S2T8|Q7S2T8_NEUCR	tr|Q7S2T8|Q7S2T8_NEUCR	100
tr|Q7S2U5|Q7S2U5_NEUCR	tr|Q7S2U5|Q7S2U5_NEUCR	100
sp|Q7S2Z9|TPIS_NEUCR	sp|Q7S2Z9|TPIS_NEUCR	100
tr|Q7S389|Q7S389_NEUCR	tr|Q7S389|Q7S389_NEUCR	100
tr|Q7S3Y0|Q7S3Y0_NEUCR	tr|Q7S3Y0|Q7S3Y0_NEUCR	100
tr|Q7S421|Q7S421_NEUCR	tr|Q7S421|Q7S421_NEUCR	100
tr|Q7S469|Q7S469_NEUCR	tr|Q7S469|Q7S469_NEUCR	100
tr|Q7S4Y5|Q7S4Y5_NEUCR	tr|Q7S4Y5|Q7S4Y5_NEUCR	100
sp|Q7S4Z3|GPI14_NEUCR	sp|Q7S4Z3|GPI14_NEUCR	100
tr|Q7S5P1|Q7S5P1_NEUCR	tr|Q7S5P1|Q7S5P1_NEUCR	100
tr|Q7S5S6|Q7S5S6_NEUCR	tr|Q7S5S6|Q7S5S6_NEUCR	100
tr|Q7S689|Q7S689_NEUCR	tr|Q7S689|Q7S689_NEUCR	100
sp|Q7S6S4|TIM16_NEUCR	sp|Q7S6S4|TIM16_NEUCR	100
tr|Q7S721|Q7S721_NEUCR	tr|Q7S721|Q7S721_NEUCR	100
tr|Q7S7F5|Q7S7F5_NEUCR	tr|Q7S7F5|Q7S7F5_NEUCR	100
tr|Q7S7F6|Q7S7F6_NEUCR	tr|Q7S7F6|Q7S7F6_NEUCR	100
tr|Q7S7H0|Q7S7H0_NEUCR	tr|Q7S7H0|Q7S7H0_NEUCR	100
tr|Q7S7N5|Q7S7N5_NEUCR	tr|Q7S7N5|Q7S7N5_NEUCR	100
tr|Q7S7T7|Q7S7T7_NEUCR	tr|Q7S7T7|Q7S7T7_NEUCR	100
tr|Q7S865|Q7S865_NEUCR	tr|Q7S865|Q7S865_NEUCR	100
tr|Q7S882|Q7S882_NEUCR	tr|Q7S882|Q7S882_NEUCR	100
tr|Q7S8I1|Q7S8I1_NEUCR	tr|Q7S8I1|Q7S8I1_NEUCR	100
tr|Q7S8S0|Q7S8S0_NEUCR	tr|Q7S8S0|Q7S8S0_NEUCR	100
tr|Q7S947|Q7S947_NEUCR	tr|Q7S947|Q7S947_NEUCR	100
tr|Q7S958|Q7S958_NEUCR	tr|Q7S958|Q7S958_NEUCR	100
sp|Q7S9B6|ESA1_NEUCR	sp|Q7S9B6|ESA1_NEUCR	100
tr|Q7S9S3|Q7S9S3_NEUCR	tr|Q7S9S3|Q7S9S3_NEUCR	100
sp|Q7SAJ1|RT21_NEUCR	sp|Q7SAJ1|RT21_NEUCR	100
tr|Q7SB24|Q7SB24_NEUCR	tr|Q7SB24|Q7SB24_NEUCR	100
tr|Q7SBL7|Q7SBL7_NEUCR	tr|Q7SBL7|Q7SBL7_NEUCR	100
tr|Q7SC40|Q7SC40_NEUCR	tr|Q7SC40|Q7SC40_NEUCR	100
tr|Q7SD85|Q7SD85_NEUCR	tr|Q7SD85|Q7SD85_NEUCR	100
tr|Q7SDD4|Q7SDD4_NEUCR	tr|Q7SDD4|Q7SDD4_NEUCR	100
tr|Q7SDM0|Q7SDM0_NEUCR	tr|Q7SDM0|Q7SDM0_NEUCR	100
tr|Q7SE48|Q7SE48_NEUCR	tr|Q7SE48|Q7SE48_NEUCR	100
tr|Q7SET4|Q7SET4_NEUCR	tr|Q7SET4|Q7SET4_NEUCR	100
tr|Q7SF40|Q7SF40_NEUCR	tr|Q7SF40|Q7SF40_NEUCR	100
tr|Q7SFE4|Q7SFE4_NEUCR	tr|Q7SFE4|Q7SFE4_NEUCR	100
tr|Q7SFF3|Q7SFF3_NEUCR	tr|Q7SFF3|Q7SFF3_NEUCR	100
tr|Q7SFQ4|Q7SFQ4_NEUCR	tr|Q7SFQ4|Q7SFQ4_NEUCR	100
tr|Q7SG96|Q7SG96_NEUCR	tr|Q7SG96|Q7SG96_NEUCR	100
tr|Q7SGF5|Q7SGF5_NEUCR	tr|Q7SGF5|Q7SGF5_NEUCR	100
tr|Q7SGG2|Q7SGG2_NEUCR	tr|Q7SGG2|Q7SGG2_NEUCR	100
tr|Q7SGV2|Q7SGV2_NEUCR	tr|Q7SGV2|Q7SGV2_NEUCR	100
tr|Q7SGY8|Q7SGY8_NEUCR	tr|Q7SGY8|Q7SGY8_NEUCR	100
tr|Q7SI12|Q7SI12_NEUCR	tr|Q7SI12|Q7SI12_NEUCR	100
sp|Q7SI68|CRYD_NEUCR	sp|Q7SI68|CRYD_NEUCR	100
sp|Q9UW15|RIR1_NEUCR	sp|Q9UW15|RIR1_NEUCR	100
tr|U9W564|U9W564_NEUCR	tr|U9W564|U9W564_NEUCR	100
tr|U9WGN3|U9WGN3_NEUCR	tr|U9WGN3|U9WGN3_NEUCR	100
tr|V5IKL1|V5IKL1_NEUCR	tr|V5IKL1|V5IKL1_NEUCR	100
tr|V5IKP1|V5IKP1_NEUCR	tr|V5IKP1|V5IKP1_NEUCR	100
tr|V5IMF7|V5IMF7_NEUCR	tr|V5IMF7|V5IMF7_NEUCR	100
tr|V5INE6|V5INE6_NEUCR	tr|V5INE6|V5INE6_NEUCR	100
tr|V5INS9|V5INS9_NEUCR	tr|V5INS9|V5INS9_NEUCR	100
tr|V5IP65|V5IP65_NEUCR	tr|V5IP65|V5IP65_NEUCR	100
tr|V5IP67|V5IP67_NEUCR	tr|V5IP67|V5IP67_NEUCR	100
tr|V5IPM3|V5IPM3_NEUCR	tr|V5IPM3|V5IPM3_NEUCR	100
tr|V5IPT5|V5IPT5_NEUCR	tr|V5IPT5|V5IPT5_NEUCR	100
tr|V5IQF0|V5IQF0_NEUCR	tr|V5IQF0|V5IQF0_NEUCR	100
tr|V5IQP8|V5IQP8_NEUCR	tr|V5IQP8|V5IQP8_NEUCR	100
tr|V5IQT6|V5IQT6_NEUCR	tr|V5IQT6|V5IQT6_NEUCR	100
tr|A7UWT5|A7UWT5_NEUCR	tr|A7UWT5|A7UWT5_NEUCR	100
tr|A7UX03|A7UX03_NEUCR	tr|A7UX03|A7UX03_NEUCR	100
sp|A7UX13|EGT2_NEUCR	sp|A7UX13|EGT2_NEUCR	100
tr|F5H933|F5H933_NEUCR	tr|F5H933|F5H933_NEUCR	100
tr|F5HHC3|F5HHC3_NEUCR	tr|F5HHC3|F5HHC3_NEUCR	100
sp|O42637|CIA84_NEUCR	sp|O42637|CIA84_NEUCR	100
sp|O59942|AAP2_NEUCR	sp|O59942|AAP2_NEUCR	100
sp|P87102|NTF2_NEUCR	sp|P87102|NTF2_NEUCR	100
tr|Q1K4X2|Q1K4X2_NEUCR	tr|Q1K4X2|Q1K4X2_NEUCR	100
tr|Q1K512|Q1K512_NEUCR	tr|Q1K512|Q1K512_NEUCR	100
tr|Q1K5W3|Q1K5W3_NEUCR	tr|Q1K5W3|Q1K5W3_NEUCR	100
tr|Q1K678|Q1K678_NEUCR	tr|Q1K678|Q1K678_NEUCR	100
tr|Q1K768|Q1K768_NEUCR	tr|Q1K768|Q1K768_NEUCR	100
tr|Q1K772|Q1K772_NEUCR	tr|Q1K772|Q1K772_NEUCR	100
tr|Q1K7C9|Q1K7C9_NEUCR	tr|Q1K7C9|Q1K7C9_NEUCR	100
tr|Q1K7H4|Q1K7H4_NEUCR	tr|Q1K7H4|Q1K7H4_NEUCR	100
tr|Q1K7M5|Q1K7M5_NEUCR	tr|Q1K7M5|Q1K7M5_NEUCR	100
tr|Q1K7R8|Q1K7R8_NEUCR	tr|Q1K7R8|Q1K7R8_NEUCR	100
tr|Q1K883|Q1K883_NEUCR	tr|Q1K883|Q1K883_NEUCR	100
tr|Q1K8H2|Q1K8H2_NEUCR	tr|Q1K8H2|Q1K8H2_NEUCR	100
tr|Q1K8L3|Q1K8L3_NEUCR	tr|Q1K8L3|Q1K8L3_NEUCR	100
sp|Q6MVL6|YB270_NEUCR	sp|Q6MVL6|YB270_NEUCR	100
sp|Q7M4T0|NEG1_NEUCR	sp|Q7M4T0|NEG1_NEUCR	100
tr|Q7RWM5|Q7RWM5_NEUCR	tr|Q7RWM5|Q7RWM5_NEUCR	100
tr|Q7RWN3|Q7RWN3_NEUCR	tr|Q7RWN3|Q7RWN3_NEUCR	100
tr|Q7RWU1|Q7RWU1_NEUCR	tr|Q7RWU1|Q7RWU1_NEUCR	100
tr|Q7RXC6|Q7RXC6_NEUCR	tr|Q7RXC6|Q7RXC6_NEUCR	100
tr|Q7RXW9|Q7RXW9_NEUCR	tr|Q7RXW9|Q7RXW9_NEUCR	100
sp|Q7RY44|SEC11_NEUCR	sp|Q7RY44|SEC11_NEUCR	100
tr|Q7RZ00|Q7RZ00_NEUCR	tr|Q7RZ00|Q7RZ00_NEUCR	100
tr|Q7RZ46|Q7RZ46_NEUCR	tr|Q7RZ46|Q7RZ46_NEUCR	100
tr|Q7RZ92|Q7RZ92_NEUCR	tr|Q7RZ92|Q7RZ92_NEUCR	100
tr|Q7RZ97|Q7RZ97_NEUCR	tr|Q7RZ97|Q7RZ97_NEUCR	100
tr|Q7RZF4|Q7RZF4_NEUCR	tr|Q7RZF4|Q7RZF4_NEUCR	100
tr|Q7RZY0|Q7RZY0_NEUCR	tr|Q7RZY0|Q7RZY0_NEUCR	100
tr|Q7S0Q8|Q7S0Q8_NEUCR	tr|Q7S0Q8|Q7S0Q8_NEUCR	100
tr|Q7S1W4|Q7S1W4_NEUCR	tr|Q7S1W4|Q7S1W4_NEUCR	100
tr|Q7S2M4|Q7S2M4_NEUCR	tr|Q7S2M4|Q7S2M4_NEUCR	100
tr|Q7S4A9|Q7S4A9_NEUCR	tr|Q7S4A9|Q7S4A9_NEUCR	100
sp|Q7S4H6|COX23_NEUCR	sp|Q7S4H6|COX23_NEUCR	100
tr|Q7S503|Q7S503_NEUCR	tr|Q7S503|Q7S503_NEUCR	100
tr|Q7S535|Q7S535_NEUCR	tr|Q7S535|Q7S535_NEUCR	100
tr|Q7S5C2|Q7S5C2_NEUCR	tr|Q7S5C2|Q7S5C2_NEUCR	100
tr|Q7S5C3|Q7S5C3_NEUCR	tr|Q7S5C3|Q7S5C3_NEUCR	100
tr|Q7S5J9|Q7S5J9_NEUCR	tr|Q7S5J9|Q7S5J9_NEUCR	100
tr|Q7S5K3|Q7S5K3_NEUCR	tr|Q7S5K3|Q7S5K3_NEUCR	100
tr|Q7S5V7|Q7S5V7_NEUCR	tr|Q7S5V7|Q7S5V7_NEUCR	100
tr|Q7S5V9|Q7S5V9_NEUCR	tr|Q7S5V9|Q7S5V9_NEUCR	100
tr|Q7S5Y5|Q7S5Y5_NEUCR	tr|Q7S5Y5|Q7S5Y5_NEUCR	100
tr|Q7S6E0|Q7S6E0_NEUCR	tr|Q7S6E0|Q7S6E0_NEUCR	100
tr|Q7S735|Q7S735_NEUCR	tr|Q7S735|Q7S735_NEUCR	100
tr|Q7S7L1|Q7S7L1_NEUCR	tr|Q7S7L1|Q7S7L1_NEUCR	100
tr|Q7S816|Q7S816_NEUCR	tr|Q7S816|Q7S816_NEUCR	100
tr|Q7S824|Q7S824_NEUCR	tr|Q7S824|Q7S824_NEUCR	100
tr|Q7S9I0|Q7S9I0_NEUCR	tr|Q7S9I0|Q7S9I0_NEUCR	100
tr|Q7S9T9|Q7S9T9_NEUCR	tr|Q7S9T9|Q7S9T9_NEUCR	100
tr|Q7SB36|Q7SB36_NEUCR	tr|Q7SB36|Q7SB36_NEUCR	100
tr|Q7SBJ1|Q7SBJ1_NEUCR	tr|Q7SBJ1|Q7SBJ1_NEUCR	100
tr|Q7SBM0|Q7SBM0_NEUCR	tr|Q7SBM0|Q7SBM0_NEUCR	100
tr|Q7SBQ5|Q7SBQ5_NEUCR	tr|Q7SBQ5|Q7SBQ5_NEUCR	100
tr|Q7SBV4|Q7SBV4_NEUCR	tr|Q7SBV4|Q7SBV4_NEUCR	100
tr|Q7SCM1|Q7SCM1_NEUCR	tr|Q7SCM1|Q7SCM1_NEUCR	100
tr|Q7SCN7|Q7SCN7_NEUCR	tr|Q7SCN7|Q7SCN7_NEUCR	100
tr|Q7SCZ1|Q7SCZ1_NEUCR	tr|Q7SCZ1|Q7SCZ1_NEUCR	100
tr|Q7SCZ7|Q7SCZ7_NEUCR	tr|Q7SCZ7|Q7SCZ7_NEUCR	100
tr|Q7SDI6|Q7SDI6_NEUCR	tr|Q7SDI6|Q7SDI6_NEUCR	100
sp|Q7SDP4|PAN3_NEUCR	sp|Q7SDP4|PAN3_NEUCR	100
sp|Q7SDY6|SLU7_NEUCR	sp|Q7SDY6|SLU7_NEUCR	100
tr|Q7SE60|Q7SE60_NEUCR	tr|Q7SE60|Q7SE60_NEUCR	100
tr|Q7SEG1|Q7SEG1_NEUCR	tr|Q7SEG1|Q7SEG1_NEUCR	100
tr|Q7SEG8|Q7SEG8_NEUCR	tr|Q7SEG8|Q7SEG8_NEUCR	100
tr|Q7SEN5|Q7SEN5_NEUCR	tr|Q7SEN5|Q7SEN5_NEUCR	100
tr|Q7SEN9|Q7SEN9_NEUCR	tr|Q7SEN9|Q7SEN9_NEUCR	100
tr|Q7SEW9|Q7SEW9_NEUCR	tr|Q7SEW9|Q7SEW9_NEUCR	100
tr|Q7SG51|Q7SG51_NEUCR	tr|Q7SG51|Q7SG51_NEUCR	100
tr|Q7SG85|Q7SG85_NEUCR	tr|Q7SG85|Q7SG85_NEUCR	100
tr|Q7SGA9|Q7SGA9_NEUCR	tr|Q7SGA9|Q7SGA9_NEUCR	100
tr|Q7SGD7|Q7SGD7_NEUCR	tr|Q7SGD7|Q7SGD7_NEUCR	100
sp|Q7SGG0|SRB8_NEUCR	sp|Q7SGG0|SRB8_NEUCR	100
tr|Q7SGJ8|Q7SGJ8_NEUCR	tr|Q7SGJ8|Q7SGJ8_NEUCR	100
tr|Q7SGS0|Q7SGS0_NEUCR	tr|Q7SGS0|Q7SGS0_NEUCR	100
tr|Q7SHA7|Q7SHA7_NEUCR	tr|Q7SHA7|Q7SHA7_NEUCR	100
tr|Q7SHP6|Q7SHP6_NEUCR	tr|Q7SHP6|Q7SHP6_NEUCR	100
tr|Q7SI30|Q7SI30_NEUCR	tr|Q7SI30|Q7SI30_NEUCR	100
sp|Q9P6Y2|SEN2_NEUCR	sp|Q9P6Y2|SEN2_NEUCR	100
sp|Q9P737|SLX1_NEUCR	sp|Q9P737|SLX1_NEUCR	100
tr|U9W304|U9W304_NEUCR	tr|U9W304|U9W304_NEUCR	100
tr|U9W3J3|U9W3J3_NEUCR	tr|U9W3J3|U9W3J3_NEUCR	100
tr|U9W8E1|U9W8E1_NEUCR	tr|U9W8E1|U9W8E1_NEUCR	100
tr|U9W8M3|U9W8M3_NEUCR	tr|U9W8M3|U9W8M3_NEUCR	100
tr|U9WH02|U9WH02_NEUCR	tr|U9WH02|U9WH02_NEUCR	100
tr|V5IKU4|V5IKU4_NEUCR	tr|V5IKU4|V5IKU4_NEUCR	100
tr|V5IL98|V5IL98_NEUCR	tr|V5IL98|V5IL98_NEUCR	100
tr|V5IM39|V5IM39_NEUCR	tr|V5IM39|V5IM39_NEUCR	100
tr|V5IMM5|V5IMM5_NEUCR	tr|V5IMM5|V5IMM5_NEUCR	100
tr|V5IMS1|V5IMS1_NEUCR	tr|V5IMS1|V5IMS1_NEUCR	100
tr|V5IPU0|V5IPU0_NEUCR	tr|V5IPU0|V5IPU0_NEUCR	100
tr|V5IRC6|V5IRC6_NEUCR	tr|V5IRC6|V5IRC6_NEUCR	100
tr|V5IRJ3|V5IRJ3_NEUCR	tr|V5IRJ3|V5IRJ3_NEUCR	100
tr|V5IRR8|V5IRR8_NEUCR	tr|V5IRR8|V5IRR8_NEUCR	100
tr|A7UW74|A7UW74_NEUCR	tr|A7UW74|A7UW74_NEUCR	100
tr|F5H8T9|F5H8T9_NEUCR	tr|F5H8T9|F5H8T9_NEUCR	100
tr|F5H9D4|F5H9D4_NEUCR	tr|F5H9D4|F5H9D4_NEUCR	100
tr|F5HB11|F5HB11_NEUCR	tr|F5HB11|F5HB11_NEUCR	100
tr|F5HD47|F5HD47_NEUCR	tr|F5HD47|F5HD47_NEUCR	100
sp|P30589|CHS2_NEUCR	sp|P30589|CHS2_NEUCR	100
sp|Q08656|ATP8_NEUCR	sp|Q08656|ATP8_NEUCR	100
tr|Q1K534|Q1K534_NEUCR	tr|Q1K534|Q1K534_NEUCR	100
tr|Q1K614|Q1K614_NEUCR	tr|Q1K614|Q1K614_NEUCR	100
tr|Q1K6B2|Q1K6B2_NEUCR	tr|Q1K6B2|Q1K6B2_NEUCR	100
sp|Q1K6I4|THI4_NEUCR	sp|Q1K6I4|THI4_NEUCR	100
tr|Q1K746|Q1K746_NEUCR	tr|Q1K746|Q1K746_NEUCR	100
tr|Q1K787|Q1K787_NEUCR	tr|Q1K787|Q1K787_NEUCR	100
tr|Q1K7B5|Q1K7B5_NEUCR	tr|Q1K7B5|Q1K7B5_NEUCR	100
tr|Q1K7G4|Q1K7G4_NEUCR	tr|Q1K7G4|Q1K7G4_NEUCR	100
tr|Q1K892|Q1K892_NEUCR	tr|Q1K892|Q1K892_NEUCR	100
tr|Q1K929|Q1K929_NEUCR	tr|Q1K929|Q1K929_NEUCR	100
sp|Q6MW04|MED19_NEUCR	sp|Q6MW04|MED19_NEUCR	100
tr|Q7RW32|Q7RW32_NEUCR	tr|Q7RW32|Q7RW32_NEUCR	100
tr|Q7RWK5|Q7RWK5_NEUCR	tr|Q7RWK5|Q7RWK5_NEUCR	100
tr|Q7RWM1|Q7RWM1_NEUCR	tr|Q7RWM1|Q7RWM1_NEUCR	100
tr|Q7RWW3|Q7RWW3_NEUCR	tr|Q7RWW3|Q7RWW3_NEUCR	100
tr|Q7RX69|Q7RX69_NEUCR	tr|Q7RX69|Q7RX69_NEUCR	100
tr|Q7RXX3|Q7RXX3_NEUCR	tr|Q7RXX3|Q7RXX3_NEUCR	100
tr|Q7RYA7|Q7RYA7_NEUCR	tr|Q7RYA7|Q7RYA7_NEUCR	100
tr|Q7RYB2|Q7RYB2_NEUCR	tr|Q7RYB2|Q7RYB2_NEUCR	100
tr|Q7RZ43|Q7RZ43_NEUCR	tr|Q7RZ43|Q7RZ43_NEUCR	100
tr|Q7RZA7|Q7RZA7_NEUCR	tr|Q7RZA7|Q7RZA7_NEUCR	100
sp|Q7RZD3|STE20_NEUCR	sp|Q7RZD3|STE20_NEUCR	100
tr|Q7RZD9|Q7RZD9_NEUCR	tr|Q7RZD9|Q7RZD9_NEUCR	100
tr|Q7RZE5|Q7RZE5_NEUCR	tr|Q7RZE5|Q7RZE5_NEUCR	100
tr|Q7S0J6|Q7S0J6_NEUCR	tr|Q7S0J6|Q7S0J6_NEUCR	100
tr|Q7S202|Q7S202_NEUCR	tr|Q7S202|Q7S202_NEUCR	100
tr|Q7S2G3|Q7S2G3_NEUCR	tr|Q7S2G3|Q7S2G3_NEUCR	100
tr|Q7S2H9|Q7S2H9_NEUCR	tr|Q7S2H9|Q7S2H9_NEUCR	100
tr|Q7S2R6|Q7S2R6_NEUCR	tr|Q7S2R6|Q7S2R6_NEUCR	100
tr|Q7S2S9|Q7S2S9_NEUCR	tr|Q7S2S9|Q7S2S9_NEUCR	100
tr|Q7S3G8|Q7S3G8_NEUCR	tr|Q7S3G8|Q7S3G8_NEUCR	100
tr|Q7S3H5|Q7S3H5_NEUCR	tr|Q7S3H5|Q7S3H5_NEUCR	100
tr|Q7S3L5|Q7S3L5_NEUCR	tr|Q7S3L5|Q7S3L5_NEUCR	100
tr|Q7S3W6|Q7S3W6_NEUCR	tr|Q7S3W6|Q7S3W6_NEUCR	100
tr|Q7S4G5|Q7S4G5_NEUCR	tr|Q7S4G5|Q7S4G5_NEUCR	100
tr|Q7S4M8|Q7S4M8_NEUCR	tr|Q7S4M8|Q7S4M8_NEUCR	100
tr|Q7S4Q2|Q7S4Q2_NEUCR	tr|Q7S4Q2|Q7S4Q2_NEUCR	100
tr|Q7S4W9|Q7S4W9_NEUCR	tr|Q7S4W9|Q7S4W9_NEUCR	100
tr|Q7S563|Q7S563_NEUCR	tr|Q7S563|Q7S563_NEUCR	100
tr|Q7S5E8|Q7S5E8_NEUCR	tr|Q7S5E8|Q7S5E8_NEUCR	100
tr|Q7S5G5|Q7S5G5_NEUCR	tr|Q7S5G5|Q7S5G5_NEUCR	100
tr|Q7S663|Q7S663_NEUCR	tr|Q7S663|Q7S663_NEUCR	100
tr|Q7S6X8|Q7S6X8_NEUCR	tr|Q7S6X8|Q7S6X8_NEUCR	100
tr|Q7S7G1|Q7S7G1_NEUCR	tr|Q7S7G1|Q7S7G1_NEUCR	100
tr|Q7S7I9|Q7S7I9_NEUCR	tr|Q7S7I9|Q7S7I9_NEUCR	100
tr|Q7S7M2|Q7S7M2_NEUCR	tr|Q7S7M2|Q7S7M2_NEUCR	100
tr|Q7S8J4|Q7S8J4_NEUCR	tr|Q7S8J4|Q7S8J4_NEUCR	100
tr|Q7S8P3|Q7S8P3_NEUCR	tr|Q7S8P3|Q7S8P3_NEUCR	100
tr|Q7S8W8|Q7S8W8_NEUCR	tr|Q7S8W8|Q7S8W8_NEUCR	100
sp|Q7S8Z0|NBP35_NEUCR	sp|Q7S8Z0|NBP35_NEUCR	100
tr|Q7S933|Q7S933_NEUCR	tr|Q7S933|Q7S933_NEUCR	100
tr|Q7S948|Q7S948_NEUCR	tr|Q7S948|Q7S948_NEUCR	100
tr|Q7S981|Q7S981_NEUCR	tr|Q7S981|Q7S981_NEUCR	100
tr|Q7S9R8|Q7S9R8_NEUCR	tr|Q7S9R8|Q7S9R8_NEUCR	100
tr|Q7S9S0|Q7S9S0_NEUCR	tr|Q7S9S0|Q7S9S0_NEUCR	100
sp|Q7SA44|MTLD_NEUCR	sp|Q7SA44|MTLD_NEUCR	100
tr|Q7SB15|Q7SB15_NEUCR	tr|Q7SB15|Q7SB15_NEUCR	100
tr|Q7SB34|Q7SB34_NEUCR	tr|Q7SB34|Q7SB34_NEUCR	100
tr|Q7SBU3|Q7SBU3_NEUCR	tr|Q7SBU3|Q7SBU3_NEUCR	100
sp|Q7SBU6|EAF1_NEUCR	sp|Q7SBU6|EAF1_NEUCR	100
tr|Q7SC62|Q7SC62_NEUCR	tr|Q7SC62|Q7SC62_NEUCR	100
tr|Q7SC96|Q7SC96_NEUCR	tr|Q7SC96|Q7SC96_NEUCR	100
tr|Q7SCA2|Q7SCA2_NEUCR	tr|Q7SCA2|Q7SCA2_NEUCR	100
tr|Q7SCF3|Q7SCF3_NEUCR	tr|Q7SCF3|Q7SCF3_NEUCR	100
tr|Q7SD07|Q7SD07_NEUCR	tr|Q7SD07|Q7SD07_NEUCR	100
sp|Q7SDM3|MYO1_NEUCR	sp|Q7SDM3|MYO1_NEUCR	100
tr|Q7SDN2|Q7SDN2_NEUCR	tr|Q7SDN2|Q7SDN2_NEUCR	100
tr|Q7SER5|Q7SER5_NEUCR	tr|Q7SER5|Q7SER5_NEUCR	100
tr|Q7SFF4|Q7SFF4_NEUCR	tr|Q7SFF4|Q7SFF4_NEUCR	100
tr|Q7SG05|Q7SG05_NEUCR	tr|Q7SG05|Q7SG05_NEUCR	100
tr|Q7SGH4|Q7SGH4_NEUCR	tr|Q7SGH4|Q7SGH4_NEUCR	100
tr|Q7SI22|Q7SI22_NEUCR	tr|Q7SI22|Q7SI22_NEUCR	100
sp|Q870Y1|MPI_NEUCR	sp|Q870Y1|MPI_NEUCR	100
sp|Q8X071|ARO1_NEUCR	sp|Q8X071|ARO1_NEUCR	100
tr|U9W814|U9W814_NEUCR	tr|U9W814|U9W814_NEUCR	100
tr|U9WH34|U9WH34_NEUCR	tr|U9WH34|U9WH34_NEUCR	100
tr|V5IKU1|V5IKU1_NEUCR	tr|V5IKU1|V5IKU1_NEUCR	100
tr|V5ILC2|V5ILC2_NEUCR	tr|V5ILC2|V5ILC2_NEUCR	100
tr|V5ILK6|V5ILK6_NEUCR	tr|V5ILK6|V5ILK6_NEUCR	100
tr|V5ILW9|V5ILW9_NEUCR	tr|V5ILW9|V5ILW9_NEUCR	100
tr|V5IMH6|V5IMH6_NEUCR	tr|V5IMH6|V5IMH6_NEUCR	100
tr|V5IMN4|V5IMN4_NEUCR	tr|V5IMN4|V5IMN4_NEUCR	100
tr|V5IMN5|V5IMN5_NEUCR	tr|V5IMN5|V5IMN5_NEUCR	100
tr|V5IMY5|V5IMY5_NEUCR	tr|V5IMY5|V5IMY5_NEUCR	100
tr|V5INA0|V5INA0_NEUCR	tr|V5INA0|V5INA0_NEUCR	100
tr|V5INK3|V5INK3_NEUCR	tr|V5INK3|V5INK3_NEUCR	100
tr|V5IPJ3|V5IPJ3_NEUCR	tr|V5IPJ3|V5IPJ3_NEUCR	100
tr|V5IPQ1|V5IPQ1_NEUCR	tr|V5IPQ1|V5IPQ1_NEUCR	100
tr|V5IPX8|V5IPX8_NEUCR	tr|V5IPX8|V5IPX8_NEUCR	100
tr|V5IQD1|V5IQD1_NEUCR	tr|V5IQD1|V5IQD1_NEUCR	100
tr|V5IQD4|V5IQD4_NEUCR	tr|V5IQD4|V5IQD4_NEUCR	100
tr|V5IQX7|V5IQX7_NEUCR	tr|V5IQX7|V5IQX7_NEUCR	100
tr|V5IR48|V5IR48_NEUCR	tr|V5IR48|V5IR48_NEUCR	100
tr|A7UVV4|A7UVV4_NEUCR	tr|A7UVV4|A7UVV4_NEUCR	100
tr|A7UW92|A7UW92_NEUCR	tr|A7UW92|A7UW92_NEUCR	100
tr|F5HEN6|F5HEN6_NEUCR	tr|F5HEN6|F5HEN6_NEUCR	100
tr|F5HHN2|F5HHN2_NEUCR	tr|F5HHN2|F5HHN2_NEUCR	100
sp|P00908|TRPG_NEUCR	sp|P00908|TRPG_NEUCR	100
sp|P03945|COX1_NEUCR	sp|P03945|COX1_NEUCR	100
sp|P53377|TBG_NEUCR	sp|P53377|TBG_NEUCR	100
tr|Q1K4N9|Q1K4N9_NEUCR	tr|Q1K4N9|Q1K4N9_NEUCR	100
tr|Q1K552|Q1K552_NEUCR	tr|Q1K552|Q1K552_NEUCR	100
tr|Q1K5E2|Q1K5E2_NEUCR	tr|Q1K5E2|Q1K5E2_NEUCR	100
tr|Q1K6E7|Q1K6E7_NEUCR	tr|Q1K6E7|Q1K6E7_NEUCR	100
tr|Q1K6G1|Q1K6G1_NEUCR	tr|Q1K6G1|Q1K6G1_NEUCR	100
tr|Q1K6R0|Q1K6R0_NEUCR	tr|Q1K6R0|Q1K6R0_NEUCR	100
tr|Q1K6R1|Q1K6R1_NEUCR	tr|Q1K6R1|Q1K6R1_NEUCR	100
tr|Q1K6T3|Q1K6T3_NEUCR	tr|Q1K6T3|Q1K6T3_NEUCR	100
tr|Q1K6V3|Q1K6V3_NEUCR	tr|Q1K6V3|Q1K6V3_NEUCR	100
tr|Q1K6Z9|Q1K6Z9_NEUCR	tr|Q1K6Z9|Q1K6Z9_NEUCR	100
tr|Q1K7G6|Q1K7G6_NEUCR	tr|Q1K7G6|Q1K7G6_NEUCR	100
tr|Q1K8G9|Q1K8G9_NEUCR	tr|Q1K8G9|Q1K8G9_NEUCR	100
tr|Q7RW64|Q7RW64_NEUCR	tr|Q7RW64|Q7RW64_NEUCR	100
tr|Q7RWB4|Q7RWB4_NEUCR	tr|Q7RWB4|Q7RWB4_NEUCR	100
tr|Q7RX16|Q7RX16_NEUCR	tr|Q7RX16|Q7RX16_NEUCR	100
tr|Q7RX51|Q7RX51_NEUCR	tr|Q7RX51|Q7RX51_NEUCR	100
tr|Q7RY88|Q7RY88_NEUCR	tr|Q7RY88|Q7RY88_NEUCR	100
tr|Q7RYB3|Q7RYB3_NEUCR	tr|Q7RYB3|Q7RYB3_NEUCR	100
tr|Q7RYG1|Q7RYG1_NEUCR	tr|Q7RYG1|Q7RYG1_NEUCR	100
tr|Q7RZ55|Q7RZ55_NEUCR	tr|Q7RZ55|Q7RZ55_NEUCR	100
tr|Q7RZE8|Q7RZE8_NEUCR	tr|Q7RZE8|Q7RZE8_NEUCR	100
tr|Q7S0A9|Q7S0A9_NEUCR	tr|Q7S0A9|Q7S0A9_NEUCR	100
tr|Q7S0F1|Q7S0F1_NEUCR	tr|Q7S0F1|Q7S0F1_NEUCR	100
tr|Q7S0U7|Q7S0U7_NEUCR	tr|Q7S0U7|Q7S0U7_NEUCR	100
tr|Q7S1X2|Q7S1X2_NEUCR	tr|Q7S1X2|Q7S1X2_NEUCR	100
tr|Q7S1Z9|Q7S1Z9_NEUCR	tr|Q7S1Z9|Q7S1Z9_NEUCR	100
tr|Q7S277|Q7S277_NEUCR	tr|Q7S277|Q7S277_NEUCR	100
tr|Q7S334|Q7S334_NEUCR	tr|Q7S334|Q7S334_NEUCR	100
tr|Q7S3F4|Q7S3F4_NEUCR	tr|Q7S3F4|Q7S3F4_NEUCR	100
tr|Q7S3L0|Q7S3L0_NEUCR	tr|Q7S3L0|Q7S3L0_NEUCR	100
tr|Q7S3L2|Q7S3L2_NEUCR	tr|Q7S3L2|Q7S3L2_NEUCR	100
tr|Q7S437|Q7S437_NEUCR	tr|Q7S437|Q7S437_NEUCR	100
tr|Q7S467|Q7S467_NEUCR	tr|Q7S467|Q7S467_NEUCR	100
sp|Q7S4F7|JIP5_NEUCR	sp|Q7S4F7|JIP5_NEUCR	100
sp|Q7S4P3|SEC24_NEUCR	sp|Q7S4P3|SEC24_NEUCR	100
tr|Q7S4S7|Q7S4S7_NEUCR	tr|Q7S4S7|Q7S4S7_NEUCR	100
tr|Q7S4T3|Q7S4T3_NEUCR	tr|Q7S4T3|Q7S4T3_NEUCR	100
tr|Q7S4V2|Q7S4V2_NEUCR	tr|Q7S4V2|Q7S4V2_NEUCR	100
tr|Q7S5G0|Q7S5G0_NEUCR	tr|Q7S5G0|Q7S5G0_NEUCR	100
tr|Q7S6G9|Q7S6G9_NEUCR	tr|Q7S6G9|Q7S6G9_NEUCR	100
tr|Q7S6I3|Q7S6I3_NEUCR	tr|Q7S6I3|Q7S6I3_NEUCR	100
tr|Q7S6M3|Q7S6M3_NEUCR	tr|Q7S6M3|Q7S6M3_NEUCR	100
tr|Q7S6Z5|Q7S6Z5_NEUCR	tr|Q7S6Z5|Q7S6Z5_NEUCR	100
tr|Q7S713|Q7S713_NEUCR	tr|Q7S713|Q7S713_NEUCR	100
tr|Q7S755|Q7S755_NEUCR	tr|Q7S755|Q7S755_NEUCR	100
sp|Q7S8M2|SPC24_NEUCR	sp|Q7S8M2|SPC24_NEUCR	100
tr|Q7S8M5|Q7S8M5_NEUCR	tr|Q7S8M5|Q7S8M5_NEUCR	100
tr|Q7S928|Q7S928_NEUCR	tr|Q7S928|Q7S928_NEUCR	100
sp|Q7S936|NADA_NEUCR	sp|Q7S936|NADA_NEUCR	100
tr|Q7S973|Q7S973_NEUCR	tr|Q7S973|Q7S973_NEUCR	100
tr|Q7S9C1|Q7S9C1_NEUCR	tr|Q7S9C1|Q7S9C1_NEUCR	100
tr|Q7SA12|Q7SA12_NEUCR	tr|Q7SA12|Q7SA12_NEUCR	100
tr|Q7SA80|Q7SA80_NEUCR	tr|Q7SA80|Q7SA80_NEUCR	100
tr|Q7SAK3|Q7SAK3_NEUCR	tr|Q7SAK3|Q7SAK3_NEUCR	100
tr|Q7SAX9|Q7SAX9_NEUCR	tr|Q7SAX9|Q7SAX9_NEUCR	100
tr|Q7SAZ8|Q7SAZ8_NEUCR	tr|Q7SAZ8|Q7SAZ8_NEUCR	100
tr|Q7SBZ9|Q7SBZ9_NEUCR	tr|Q7SBZ9|Q7SBZ9_NEUCR	100
tr|Q7SCK3|Q7SCK3_NEUCR	tr|Q7SCK3|Q7SCK3_NEUCR	100
tr|Q7SCN6|Q7SCN6_NEUCR	tr|Q7SCN6|Q7SCN6_NEUCR	100
tr|Q7SD80|Q7SD80_NEUCR	tr|Q7SD80|Q7SD80_NEUCR	100
tr|Q7SDE7|Q7SDE7_NEUCR	tr|Q7SDE7|Q7SDE7_NEUCR	100
tr|Q7SDF1|Q7SDF1_NEUCR	tr|Q7SDF1|Q7SDF1_NEUCR	100
tr|Q7SEW7|Q7SEW7_NEUCR	tr|Q7SEW7|Q7SEW7_NEUCR	100
tr|Q7SF58|Q7SF58_NEUCR	tr|Q7SF58|Q7SF58_NEUCR	100
tr|Q7SFA9|Q7SFA9_NEUCR	tr|Q7SFA9|Q7SFA9_NEUCR	100
tr|Q7SFG2|Q7SFG2_NEUCR	tr|Q7SFG2|Q7SFG2_NEUCR	100
tr|Q7SFY3|Q7SFY3_NEUCR	tr|Q7SFY3|Q7SFY3_NEUCR	100
tr|Q7SH80|Q7SH80_NEUCR	tr|Q7SH80|Q7SH80_NEUCR	100
tr|Q7SHC9|Q7SHC9_NEUCR	tr|Q7SHC9|Q7SHC9_NEUCR	100
tr|Q7SHE1|Q7SHE1_NEUCR	tr|Q7SHE1|Q7SHE1_NEUCR	100
tr|Q7SHK1|Q7SHK1_NEUCR	tr|Q7SHK1|Q7SHK1_NEUCR	100
tr|Q7SHM2|Q7SHM2_NEUCR	tr|Q7SHM2|Q7SHM2_NEUCR	100
tr|Q7SHP7|Q7SHP7_NEUCR	tr|Q7SHP7|Q7SHP7_NEUCR	100
tr|Q7SHY6|Q7SHY6_NEUCR	tr|Q7SHY6|Q7SHY6_NEUCR	100
tr|Q7SHZ8|Q7SHZ8_NEUCR	tr|Q7SHZ8|Q7SHZ8_NEUCR	100
sp|Q96TL5|HOG1_NEUCR	sp|Q96TL5|HOG1_NEUCR	100
sp|Q9P5T3|RRG9_NEUCR	sp|Q9P5T3|RRG9_NEUCR	100
tr|V5IKS2|V5IKS2_NEUCR	tr|V5IKS2|V5IKS2_NEUCR	100
tr|V5IKW7|V5IKW7_NEUCR	tr|V5IKW7|V5IKW7_NEUCR	100
tr|V5ILA3|V5ILA3_NEUCR	tr|V5ILA3|V5ILA3_NEUCR	100
tr|V5ILG8|V5ILG8_NEUCR	tr|V5ILG8|V5ILG8_NEUCR	100
tr|V5ILX8|V5ILX8_NEUCR	tr|V5ILX8|V5ILX8_NEUCR	100
tr|V5IMJ3|V5IMJ3_NEUCR	tr|V5IMJ3|V5IMJ3_NEUCR	100
tr|V5IMY4|V5IMY4_NEUCR	tr|V5IMY4|V5IMY4_NEUCR	100
tr|V5INJ5|V5INJ5_NEUCR	tr|V5INJ5|V5INJ5_NEUCR	100
tr|V5IP37|V5IP37_NEUCR	tr|V5IP37|V5IP37_NEUCR	100
tr|V5IPC5|V5IPC5_NEUCR	tr|V5IPC5|V5IPC5_NEUCR	100
tr|V5IPE0|V5IPE0_NEUCR	tr|V5IPE0|V5IPE0_NEUCR	100
tr|V5IPH6|V5IPH6_NEUCR	tr|V5IPH6|V5IPH6_NEUCR	100
tr|V5IQ34|V5IQ34_NEUCR	tr|V5IQ34|V5IQ34_NEUCR	100
tr|V5IQC3|V5IQC3_NEUCR	tr|V5IQC3|V5IQC3_NEUCR	100
tr|V5IQS5|V5IQS5_NEUCR	tr|V5IQS5|V5IQS5_NEUCR	100
tr|V5IRJ9|V5IRJ9_NEUCR	tr|V5IRJ9|V5IRJ9_NEUCR	100
tr|A7UWT2|A7UWT2_NEUCR	tr|A7UWT2|A7UWT2_NEUCR	100
sp|P10169|CON8_NEUCR	sp|P10169|CON8_NEUCR	100
sp|Q01359|COX6_NEUCR	sp|Q01359|COX6_NEUCR	100
tr|Q1K551|Q1K551_NEUCR	tr|Q1K551|Q1K551_NEUCR	100
tr|Q1K562|Q1K562_NEUCR	tr|Q1K562|Q1K562_NEUCR	100
tr|Q1K5N5|Q1K5N5_NEUCR	tr|Q1K5N5|Q1K5N5_NEUCR	100
sp|Q1K5S5|VEA_NEUCR	sp|Q1K5S5|VEA_NEUCR	100
tr|Q1K673|Q1K673_NEUCR	tr|Q1K673|Q1K673_NEUCR	100
tr|Q1K6C8|Q1K6C8_NEUCR	tr|Q1K6C8|Q1K6C8_NEUCR	100
tr|Q1K7H5|Q1K7H5_NEUCR	tr|Q1K7H5|Q1K7H5_NEUCR	100
tr|Q1K7I5|Q1K7I5_NEUCR	tr|Q1K7I5|Q1K7I5_NEUCR	100
tr|Q1K7L6|Q1K7L6_NEUCR	tr|Q1K7L6|Q1K7L6_NEUCR	100
tr|Q1K7Z0|Q1K7Z0_NEUCR	tr|Q1K7Z0|Q1K7Z0_NEUCR	100
tr|Q1K8K7|Q1K8K7_NEUCR	tr|Q1K8K7|Q1K8K7_NEUCR	100
tr|Q7RVV7|Q7RVV7_NEUCR	tr|Q7RVV7|Q7RVV7_NEUCR	100
tr|Q7RVX1|Q7RVX1_NEUCR	tr|Q7RVX1|Q7RVX1_NEUCR	100
tr|Q7RW71|Q7RW71_NEUCR	tr|Q7RW71|Q7RW71_NEUCR	100
tr|Q7RWB6|Q7RWB6_NEUCR	tr|Q7RWB6|Q7RWB6_NEUCR	100
tr|Q7RWF8|Q7RWF8_NEUCR	tr|Q7RWF8|Q7RWF8_NEUCR	100
tr|Q7RWG2|Q7RWG2_NEUCR	tr|Q7RWG2|Q7RWG2_NEUCR	100
tr|Q7RXC3|Q7RXC3_NEUCR	tr|Q7RXC3|Q7RXC3_NEUCR	100
tr|Q7RXT3|Q7RXT3_NEUCR	tr|Q7RXT3|Q7RXT3_NEUCR	100
tr|Q7RZ25|Q7RZ25_NEUCR	tr|Q7RZ25|Q7RZ25_NEUCR	100
tr|Q7RZ54|Q7RZ54_NEUCR	tr|Q7RZ54|Q7RZ54_NEUCR	100
tr|Q7RZR4|Q7RZR4_NEUCR	tr|Q7RZR4|Q7RZR4_NEUCR	100
tr|Q7RZV7|Q7RZV7_NEUCR	tr|Q7RZV7|Q7RZV7_NEUCR	100
tr|Q7RZW4|Q7RZW4_NEUCR	tr|Q7RZW4|Q7RZW4_NEUCR	100
tr|Q7S018|Q7S018_NEUCR	tr|Q7S018|Q7S018_NEUCR	100
tr|Q7S0N8|Q7S0N8_NEUCR	tr|Q7S0N8|Q7S0N8_NEUCR	100
tr|Q7S0S6|Q7S0S6_NEUCR	tr|Q7S0S6|Q7S0S6_NEUCR	100
tr|Q7S149|Q7S149_NEUCR	tr|Q7S149|Q7S149_NEUCR	100
tr|Q7S1S0|Q7S1S0_NEUCR	tr|Q7S1S0|Q7S1S0_NEUCR	100
tr|Q7S1W1|Q7S1W1_NEUCR	tr|Q7S1W1|Q7S1W1_NEUCR	100
tr|Q7S240|Q7S240_NEUCR	tr|Q7S240|Q7S240_NEUCR	100
tr|Q7S2C7|Q7S2C7_NEUCR	tr|Q7S2C7|Q7S2C7_NEUCR	100
tr|Q7S2H7|Q7S2H7_NEUCR	tr|Q7S2H7|Q7S2H7_NEUCR	100
sp|Q7S2L7|NOP12_NEUCR	sp|Q7S2L7|NOP12_NEUCR	100
tr|Q7S2N7|Q7S2N7_NEUCR	tr|Q7S2N7|Q7S2N7_NEUCR	100
tr|Q7S343|Q7S343_NEUCR	tr|Q7S343|Q7S343_NEUCR	100
tr|Q7S368|Q7S368_NEUCR	tr|Q7S368|Q7S368_NEUCR	100
tr|Q7S3D3|Q7S3D3_NEUCR	tr|Q7S3D3|Q7S3D3_NEUCR	100
tr|Q7S3H7|Q7S3H7_NEUCR	tr|Q7S3H7|Q7S3H7_NEUCR	100
tr|Q7S3X6|Q7S3X6_NEUCR	tr|Q7S3X6|Q7S3X6_NEUCR	100
sp|Q7S4I9|RT106_NEUCR	sp|Q7S4I9|RT106_NEUCR	100
tr|Q7S4P7|Q7S4P7_NEUCR	tr|Q7S4P7|Q7S4P7_NEUCR	100
tr|Q7S4W4|Q7S4W4_NEUCR	tr|Q7S4W4|Q7S4W4_NEUCR	100
tr|Q7S4X0|Q7S4X0_NEUCR	tr|Q7S4X0|Q7S4X0_NEUCR	100
tr|Q7S552|Q7S552_NEUCR	tr|Q7S552|Q7S552_NEUCR	100
tr|Q7S5P9|Q7S5P9_NEUCR	tr|Q7S5P9|Q7S5P9_NEUCR	100
tr|Q7S5U6|Q7S5U6_NEUCR	tr|Q7S5U6|Q7S5U6_NEUCR	100
tr|Q7S6H6|Q7S6H6_NEUCR	tr|Q7S6H6|Q7S6H6_NEUCR	100
tr|Q7S6P9|Q7S6P9_NEUCR	tr|Q7S6P9|Q7S6P9_NEUCR	100
tr|Q7S6Z6|Q7S6Z6_NEUCR	tr|Q7S6Z6|Q7S6Z6_NEUCR	100
tr|Q7S786|Q7S786_NEUCR	tr|Q7S786|Q7S786_NEUCR	100
tr|Q7S7Y3|Q7S7Y3_NEUCR	tr|Q7S7Y3|Q7S7Y3_NEUCR	100
tr|Q7S897|Q7S897_NEUCR	tr|Q7S897|Q7S897_NEUCR	100
tr|Q7S8H3|Q7S8H3_NEUCR	tr|Q7S8H3|Q7S8H3_NEUCR	100
tr|Q7S8Q1|Q7S8Q1_NEUCR	tr|Q7S8Q1|Q7S8Q1_NEUCR	100
tr|Q7S9A5|Q7S9A5_NEUCR	tr|Q7S9A5|Q7S9A5_NEUCR	100
tr|Q7S9W7|Q7S9W7_NEUCR	tr|Q7S9W7|Q7S9W7_NEUCR	100
tr|Q7SA02|Q7SA02_NEUCR	tr|Q7SA02|Q7SA02_NEUCR	100
tr|Q7SAV4|Q7SAV4_NEUCR	tr|Q7SAV4|Q7SAV4_NEUCR	100
tr|Q7SAX6|Q7SAX6_NEUCR	tr|Q7SAX6|Q7SAX6_NEUCR	100
sp|Q7SBB6|ERG3_NEUCR	sp|Q7SBB6|ERG3_NEUCR	100
tr|Q7SBY7|Q7SBY7_NEUCR	tr|Q7SBY7|Q7SBY7_NEUCR	100
tr|Q7SCH0|Q7SCH0_NEUCR	tr|Q7SCH0|Q7SCH0_NEUCR	100
tr|Q7SDF4|Q7SDF4_NEUCR	tr|Q7SDF4|Q7SDF4_NEUCR	100
tr|Q7SDI0|Q7SDI0_NEUCR	tr|Q7SDI0|Q7SDI0_NEUCR	100
tr|Q7SDR7|Q7SDR7_NEUCR	tr|Q7SDR7|Q7SDR7_NEUCR	100
tr|Q7SDS8|Q7SDS8_NEUCR	tr|Q7SDS8|Q7SDS8_NEUCR	100
tr|Q7SEP9|Q7SEP9_NEUCR	tr|Q7SEP9|Q7SEP9_NEUCR	100
tr|Q7SEQ6|Q7SEQ6_NEUCR	tr|Q7SEQ6|Q7SEQ6_NEUCR	100
tr|Q7SEX9|Q7SEX9_NEUCR	tr|Q7SEX9|Q7SEX9_NEUCR	100
tr|Q7SF87|Q7SF87_NEUCR	tr|Q7SF87|Q7SF87_NEUCR	100
tr|Q7SFS3|Q7SFS3_NEUCR	tr|Q7SFS3|Q7SFS3_NEUCR	100
tr|Q7SFU9|Q7SFU9_NEUCR	tr|Q7SFU9|Q7SFU9_NEUCR	100
tr|Q7SG07|Q7SG07_NEUCR	tr|Q7SG07|Q7SG07_NEUCR	100
tr|Q7SG71|Q7SG71_NEUCR	tr|Q7SG71|Q7SG71_NEUCR	100
tr|Q7SGA1|Q7SGA1_NEUCR	tr|Q7SGA1|Q7SGA1_NEUCR	100
tr|Q7SGF1|Q7SGF1_NEUCR	tr|Q7SGF1|Q7SGF1_NEUCR	100
tr|Q7SHF5|Q7SHF5_NEUCR	tr|Q7SHF5|Q7SHF5_NEUCR	100
tr|Q7SHN4|Q7SHN4_NEUCR	tr|Q7SHN4|Q7SHN4_NEUCR	100
sp|Q870U4|GET3_NEUCR	sp|Q870U4|GET3_NEUCR	100
tr|U9W2X3|U9W2X3_NEUCR	tr|U9W2X3|U9W2X3_NEUCR	100
tr|U9W8C3|U9W8C3_NEUCR	tr|U9W8C3|U9W8C3_NEUCR	100
tr|U9WH59|U9WH59_NEUCR	tr|U9WH59|U9WH59_NEUCR	100
tr|V5IKY9|V5IKY9_NEUCR	tr|V5IKY9|V5IKY9_NEUCR	100
tr|V5ILN5|V5ILN5_NEUCR	tr|V5ILN5|V5ILN5_NEUCR	100
tr|V5ILS4|V5ILS4_NEUCR	tr|V5ILS4|V5ILS4_NEUCR	100
tr|V5ILZ5|V5ILZ5_NEUCR	tr|V5ILZ5|V5ILZ5_NEUCR	100
tr|V5IM22|V5IM22_NEUCR	tr|V5IM22|V5IM22_NEUCR	100
tr|V5IMX1|V5IMX1_NEUCR	tr|V5IMX1|V5IMX1_NEUCR	100
tr|V5IN02|V5IN02_NEUCR	tr|V5IN02|V5IN02_NEUCR	100
tr|V5IPJ8|V5IPJ8_NEUCR	tr|V5IPJ8|V5IPJ8_NEUCR	100
sp|V5IQE0|RM28_NEUCR	sp|V5IQE0|RM28_NEUCR	100
tr|V5IQI2|V5IQI2_NEUCR	tr|V5IQI2|V5IQI2_NEUCR	100
tr|V5IQK3|V5IQK3_NEUCR	tr|V5IQK3|V5IQK3_NEUCR	100
tr|V5IQN6|V5IQN6_NEUCR	tr|V5IQN6|V5IQN6_NEUCR	100
tr|V5IQX2|V5IQX2_NEUCR	tr|V5IQX2|V5IQX2_NEUCR	100
tr|V5IR89|V5IR89_NEUCR	tr|V5IR89|V5IR89_NEUCR	100
tr|A3RNH5|A3RNH5_NEUCR	tr|A3RNH5|A3RNH5_NEUCR	100
tr|A7UVS7|A7UVS7_NEUCR	tr|A7UVS7|A7UVS7_NEUCR	100
tr|A7UVS8|A7UVS8_NEUCR	tr|A7UVS8|A7UVS8_NEUCR	100
tr|A7UW89|A7UW89_NEUCR	tr|A7UW89|A7UW89_NEUCR	100
tr|A7UWB6|A7UWB6_NEUCR	tr|A7UWB6|A7UWB6_NEUCR	100
sp|A7UXD4|CHL1_NEUCR	sp|A7UXD4|CHL1_NEUCR	100
tr|M1RV35|M1RV35_NEUCR	tr|M1RV35|M1RV35_NEUCR	100
tr|Q1K557|Q1K557_NEUCR	tr|Q1K557|Q1K557_NEUCR	100
tr|Q1K5M0|Q1K5M0_NEUCR	tr|Q1K5M0|Q1K5M0_NEUCR	100
tr|Q1K5W9|Q1K5W9_NEUCR	tr|Q1K5W9|Q1K5W9_NEUCR	100
tr|Q1K5Z1|Q1K5Z1_NEUCR	tr|Q1K5Z1|Q1K5Z1_NEUCR	100
tr|Q1K616|Q1K616_NEUCR	tr|Q1K616|Q1K616_NEUCR	100
tr|Q1K642|Q1K642_NEUCR	tr|Q1K642|Q1K642_NEUCR	100
tr|Q1K690|Q1K690_NEUCR	tr|Q1K690|Q1K690_NEUCR	100
tr|Q1K6X1|Q1K6X1_NEUCR	tr|Q1K6X1|Q1K6X1_NEUCR	100
tr|Q1K891|Q1K891_NEUCR	tr|Q1K891|Q1K891_NEUCR	100
tr|Q1K8Q2|Q1K8Q2_NEUCR	tr|Q1K8Q2|Q1K8Q2_NEUCR	100
tr|Q1K8R0|Q1K8R0_NEUCR	tr|Q1K8R0|Q1K8R0_NEUCR	100
tr|Q1K920|Q1K920_NEUCR	tr|Q1K920|Q1K920_NEUCR	100
tr|Q7RVB3|Q7RVB3_NEUCR	tr|Q7RVB3|Q7RVB3_NEUCR	100
tr|Q7RVS6|Q7RVS6_NEUCR	tr|Q7RVS6|Q7RVS6_NEUCR	100
tr|Q7RVZ9|Q7RVZ9_NEUCR	tr|Q7RVZ9|Q7RVZ9_NEUCR	100
tr|Q7RW18|Q7RW18_NEUCR	tr|Q7RW18|Q7RW18_NEUCR	100
tr|Q7RW75|Q7RW75_NEUCR	tr|Q7RW75|Q7RW75_NEUCR	100
tr|Q7RX32|Q7RX32_NEUCR	tr|Q7RX32|Q7RX32_NEUCR	100
tr|Q7RXW4|Q7RXW4_NEUCR	tr|Q7RXW4|Q7RXW4_NEUCR	100
tr|Q7RXY9|Q7RXY9_NEUCR	tr|Q7RXY9|Q7RXY9_NEUCR	100
tr|Q7RYC2|Q7RYC2_NEUCR	tr|Q7RYC2|Q7RYC2_NEUCR	100
sp|Q7RYL4|RT10_NEUCR	sp|Q7RYL4|RT10_NEUCR	100
tr|Q7RYL8|Q7RYL8_NEUCR	tr|Q7RYL8|Q7RYL8_NEUCR	100
tr|Q7RZE7|Q7RZE7_NEUCR	tr|Q7RZE7|Q7RZE7_NEUCR	100
tr|Q7S071|Q7S071_NEUCR	tr|Q7S071|Q7S071_NEUCR	100
tr|Q7S080|Q7S080_NEUCR	tr|Q7S080|Q7S080_NEUCR	100
tr|Q7S0E2|Q7S0E2_NEUCR	tr|Q7S0E2|Q7S0E2_NEUCR	100
tr|Q7S0E4|Q7S0E4_NEUCR	tr|Q7S0E4|Q7S0E4_NEUCR	100
tr|Q7S0M5|Q7S0M5_NEUCR	tr|Q7S0M5|Q7S0M5_NEUCR	100
tr|Q7S0R0|Q7S0R0_NEUCR	tr|Q7S0R0|Q7S0R0_NEUCR	100
tr|Q7S118|Q7S118_NEUCR	tr|Q7S118|Q7S118_NEUCR	100
tr|Q7S1T5|Q7S1T5_NEUCR	tr|Q7S1T5|Q7S1T5_NEUCR	100
tr|Q7S2H4|Q7S2H4_NEUCR	tr|Q7S2H4|Q7S2H4_NEUCR	100
tr|Q7S2L3|Q7S2L3_NEUCR	tr|Q7S2L3|Q7S2L3_NEUCR	100
tr|Q7S2N6|Q7S2N6_NEUCR	tr|Q7S2N6|Q7S2N6_NEUCR	100
tr|Q7S371|Q7S371_NEUCR	tr|Q7S371|Q7S371_NEUCR	100
sp|Q7S3C4|SPT5_NEUCR	sp|Q7S3C4|SPT5_NEUCR	100
tr|Q7S3D2|Q7S3D2_NEUCR	tr|Q7S3D2|Q7S3D2_NEUCR	100
tr|Q7S417|Q7S417_NEUCR	tr|Q7S417|Q7S417_NEUCR	100
tr|Q7S4I0|Q7S4I0_NEUCR	tr|Q7S4I0|Q7S4I0_NEUCR	100
tr|Q7S4K8|Q7S4K8_NEUCR	tr|Q7S4K8|Q7S4K8_NEUCR	100
tr|Q7S4R1|Q7S4R1_NEUCR	tr|Q7S4R1|Q7S4R1_NEUCR	100
tr|Q7S4Y9|Q7S4Y9_NEUCR	tr|Q7S4Y9|Q7S4Y9_NEUCR	100
tr|Q7S575|Q7S575_NEUCR	tr|Q7S575|Q7S575_NEUCR	100
tr|Q7S5Q4|Q7S5Q4_NEUCR	tr|Q7S5Q4|Q7S5Q4_NEUCR	100
tr|Q7S5W8|Q7S5W8_NEUCR	tr|Q7S5W8|Q7S5W8_NEUCR	100
tr|Q7S5X8|Q7S5X8_NEUCR	tr|Q7S5X8|Q7S5X8_NEUCR	100
tr|Q7S633|Q7S633_NEUCR	tr|Q7S633|Q7S633_NEUCR	100
tr|Q7S6X9|Q7S6X9_NEUCR	tr|Q7S6X9|Q7S6X9_NEUCR	100
tr|Q7S6Y8|Q7S6Y8_NEUCR	tr|Q7S6Y8|Q7S6Y8_NEUCR	100
tr|Q7S7B8|Q7S7B8_NEUCR	tr|Q7S7B8|Q7S7B8_NEUCR	100
tr|Q7S7E3|Q7S7E3_NEUCR	tr|Q7S7E3|Q7S7E3_NEUCR	100
tr|Q7S8N9|Q7S8N9_NEUCR	tr|Q7S8N9|Q7S8N9_NEUCR	100
tr|Q7S8P5|Q7S8P5_NEUCR	tr|Q7S8P5|Q7S8P5_NEUCR	100
tr|Q7S8R0|Q7S8R0_NEUCR	tr|Q7S8R0|Q7S8R0_NEUCR	100
tr|Q7S9M5|Q7S9M5_NEUCR	tr|Q7S9M5|Q7S9M5_NEUCR	100
tr|Q7S9T8|Q7S9T8_NEUCR	tr|Q7S9T8|Q7S9T8_NEUCR	100
tr|Q7SA36|Q7SA36_NEUCR	tr|Q7SA36|Q7SA36_NEUCR	100
tr|Q7SBI6|Q7SBI6_NEUCR	tr|Q7SBI6|Q7SBI6_NEUCR	100
tr|Q7SBS8|Q7SBS8_NEUCR	tr|Q7SBS8|Q7SBS8_NEUCR	100
tr|Q7SC16|Q7SC16_NEUCR	tr|Q7SC16|Q7SC16_NEUCR	100
tr|Q7SCJ5|Q7SCJ5_NEUCR	tr|Q7SCJ5|Q7SCJ5_NEUCR	100
tr|Q7SCY4|Q7SCY4_NEUCR	tr|Q7SCY4|Q7SCY4_NEUCR	100
tr|Q7SD12|Q7SD12_NEUCR	tr|Q7SD12|Q7SD12_NEUCR	100
tr|Q7SD54|Q7SD54_NEUCR	tr|Q7SD54|Q7SD54_NEUCR	100
tr|Q7SD96|Q7SD96_NEUCR	tr|Q7SD96|Q7SD96_NEUCR	100
tr|Q7SEA1|Q7SEA1_NEUCR	tr|Q7SEA1|Q7SEA1_NEUCR	100
tr|Q7SEJ5|Q7SEJ5_NEUCR	tr|Q7SEJ5|Q7SEJ5_NEUCR	100
tr|Q7SEP0|Q7SEP0_NEUCR	tr|Q7SEP0|Q7SEP0_NEUCR	100
tr|Q7SER7|Q7SER7_NEUCR	tr|Q7SER7|Q7SER7_NEUCR	100
tr|Q7SF09|Q7SF09_NEUCR	tr|Q7SF09|Q7SF09_NEUCR	100
tr|Q7SFA3|Q7SFA3_NEUCR	tr|Q7SFA3|Q7SFA3_NEUCR	100
sp|Q7SGH0|RM44_NEUCR	sp|Q7SGH0|RM44_NEUCR	100
tr|Q7SGZ8|Q7SGZ8_NEUCR	tr|Q7SGZ8|Q7SGZ8_NEUCR	100
tr|Q7SH05|Q7SH05_NEUCR	tr|Q7SH05|Q7SH05_NEUCR	100
sp|Q7SH33|PRP5_NEUCR	sp|Q7SH33|PRP5_NEUCR	100
sp|Q7SI16|ATP7_NEUCR	sp|Q7SI16|ATP7_NEUCR	100
tr|Q7SI42|Q7SI42_NEUCR	tr|Q7SI42|Q7SI42_NEUCR	100
sp|Q872W1|ATG17_NEUCR	sp|Q872W1|ATG17_NEUCR	100
sp|Q8X0H8|ALG2_NEUCR	sp|Q8X0H8|ALG2_NEUCR	100
sp|Q9P735|FAL1_NEUCR	sp|Q9P735|FAL1_NEUCR	100
tr|U9W4R8|U9W4R8_NEUCR	tr|U9W4R8|U9W4R8_NEUCR	100
tr|V5IKH6|V5IKH6_NEUCR	tr|V5IKH6|V5IKH6_NEUCR	100
tr|V5IKV2|V5IKV2_NEUCR	tr|V5IKV2|V5IKV2_NEUCR	100
tr|V5IKZ9|V5IKZ9_NEUCR	tr|V5IKZ9|V5IKZ9_NEUCR	100
tr|V5ILW1|V5ILW1_NEUCR	tr|V5ILW1|V5ILW1_NEUCR	100
tr|V5IM79|V5IM79_NEUCR	tr|V5IM79|V5IM79_NEUCR	100
tr|V5IN23|V5IN23_NEUCR	tr|V5IN23|V5IN23_NEUCR	100
tr|V5IP08|V5IP08_NEUCR	tr|V5IP08|V5IP08_NEUCR	100
tr|V5IPB5|V5IPB5_NEUCR	tr|V5IPB5|V5IPB5_NEUCR	100
tr|V5IPF3|V5IPF3_NEUCR	tr|V5IPF3|V5IPF3_NEUCR	100
tr|V5IQL3|V5IQL3_NEUCR	tr|V5IQL3|V5IQL3_NEUCR	100
tr|V5IR44|V5IR44_NEUCR	tr|V5IR44|V5IR44_NEUCR	100
tr|A7UW54|A7UW54_NEUCR	tr|A7UW54|A7UW54_NEUCR	100
tr|A7UW66|A7UW66_NEUCR	tr|A7UW66|A7UW66_NEUCR	100
tr|A7UWT0|A7UWT0_NEUCR	tr|A7UWT0|A7UWT0_NEUCR	100
tr|A7UXG2|A7UXG2_NEUCR	tr|A7UXG2|A7UXG2_NEUCR	100
tr|Q1K4X1|Q1K4X1_NEUCR	tr|Q1K4X1|Q1K4X1_NEUCR	100
tr|Q1K4X7|Q1K4X7_NEUCR	tr|Q1K4X7|Q1K4X7_NEUCR	100
tr|Q1K578|Q1K578_NEUCR	tr|Q1K578|Q1K578_NEUCR	100
tr|Q1K599|Q1K599_NEUCR	tr|Q1K599|Q1K599_NEUCR	100
tr|Q1K5H4|Q1K5H4_NEUCR	tr|Q1K5H4|Q1K5H4_NEUCR	100
tr|Q1K5J3|Q1K5J3_NEUCR	tr|Q1K5J3|Q1K5J3_NEUCR	100
tr|Q1K5U9|Q1K5U9_NEUCR	tr|Q1K5U9|Q1K5U9_NEUCR	100
tr|Q1K5W2|Q1K5W2_NEUCR	tr|Q1K5W2|Q1K5W2_NEUCR	100
tr|Q1K5X2|Q1K5X2_NEUCR	tr|Q1K5X2|Q1K5X2_NEUCR	100
tr|Q1K5Y8|Q1K5Y8_NEUCR	tr|Q1K5Y8|Q1K5Y8_NEUCR	100
tr|Q1K6I7|Q1K6I7_NEUCR	tr|Q1K6I7|Q1K6I7_NEUCR	100
tr|Q1K6U8|Q1K6U8_NEUCR	tr|Q1K6U8|Q1K6U8_NEUCR	100
tr|Q1K766|Q1K766_NEUCR	tr|Q1K766|Q1K766_NEUCR	100
tr|Q1K7E7|Q1K7E7_NEUCR	tr|Q1K7E7|Q1K7E7_NEUCR	100
tr|Q1K7F7|Q1K7F7_NEUCR	tr|Q1K7F7|Q1K7F7_NEUCR	100
tr|Q1K7Q0|Q1K7Q0_NEUCR	tr|Q1K7Q0|Q1K7Q0_NEUCR	100
tr|Q1K7S3|Q1K7S3_NEUCR	tr|Q1K7S3|Q1K7S3_NEUCR	100
tr|Q1K7Z9|Q1K7Z9_NEUCR	tr|Q1K7Z9|Q1K7Z9_NEUCR	100
tr|Q1K835|Q1K835_NEUCR	tr|Q1K835|Q1K835_NEUCR	100
tr|Q1K841|Q1K841_NEUCR	tr|Q1K841|Q1K841_NEUCR	100
tr|Q1K8I2|Q1K8I2_NEUCR	tr|Q1K8I2|Q1K8I2_NEUCR	100
tr|Q1K8U7|Q1K8U7_NEUCR	tr|Q1K8U7|Q1K8U7_NEUCR	100
tr|Q1K8W2|Q1K8W2_NEUCR	tr|Q1K8W2|Q1K8W2_NEUCR	100
tr|Q1K8X1|Q1K8X1_NEUCR	tr|Q1K8X1|Q1K8X1_NEUCR	100
tr|Q1K913|Q1K913_NEUCR	tr|Q1K913|Q1K913_NEUCR	100
tr|Q7RWB0|Q7RWB0_NEUCR	tr|Q7RWB0|Q7RWB0_NEUCR	100
tr|Q7RWW9|Q7RWW9_NEUCR	tr|Q7RWW9|Q7RWW9_NEUCR	100
tr|Q7RX80|Q7RX80_NEUCR	tr|Q7RX80|Q7RX80_NEUCR	100
tr|Q7RY42|Q7RY42_NEUCR	tr|Q7RY42|Q7RY42_NEUCR	100
tr|Q7RY56|Q7RY56_NEUCR	tr|Q7RY56|Q7RY56_NEUCR	100
tr|Q7RYD7|Q7RYD7_NEUCR	tr|Q7RYD7|Q7RYD7_NEUCR	100
tr|Q7RYM2|Q7RYM2_NEUCR	tr|Q7RYM2|Q7RYM2_NEUCR	100
tr|Q7RYR9|Q7RYR9_NEUCR	tr|Q7RYR9|Q7RYR9_NEUCR	100
tr|Q7RZE0|Q7RZE0_NEUCR	tr|Q7RZE0|Q7RZE0_NEUCR	100
tr|Q7S0B4|Q7S0B4_NEUCR	tr|Q7S0B4|Q7S0B4_NEUCR	100
tr|Q7S0J4|Q7S0J4_NEUCR	tr|Q7S0J4|Q7S0J4_NEUCR	100
tr|Q7S0Z0|Q7S0Z0_NEUCR	tr|Q7S0Z0|Q7S0Z0_NEUCR	100
tr|Q7S200|Q7S200_NEUCR	tr|Q7S200|Q7S200_NEUCR	100
tr|Q7S258|Q7S258_NEUCR	tr|Q7S258|Q7S258_NEUCR	100
tr|Q7S265|Q7S265_NEUCR	tr|Q7S265|Q7S265_NEUCR	100
tr|Q7S2T0|Q7S2T0_NEUCR	tr|Q7S2T0|Q7S2T0_NEUCR	100
tr|Q7S3F7|Q7S3F7_NEUCR	tr|Q7S3F7|Q7S3F7_NEUCR	100
tr|Q7S486|Q7S486_NEUCR	tr|Q7S486|Q7S486_NEUCR	100
tr|Q7S4F1|Q7S4F1_NEUCR	tr|Q7S4F1|Q7S4F1_NEUCR	100
tr|Q7S4P8|Q7S4P8_NEUCR	tr|Q7S4P8|Q7S4P8_NEUCR	100
tr|Q7S4Q1|Q7S4Q1_NEUCR	tr|Q7S4Q1|Q7S4Q1_NEUCR	100
tr|Q7S550|Q7S550_NEUCR	tr|Q7S550|Q7S550_NEUCR	100
tr|Q7S587|Q7S587_NEUCR	tr|Q7S587|Q7S587_NEUCR	100
tr|Q7S669|Q7S669_NEUCR	tr|Q7S669|Q7S669_NEUCR	100
tr|Q7S6F4|Q7S6F4_NEUCR	tr|Q7S6F4|Q7S6F4_NEUCR	100
sp|Q7S7G7|CSN3_NEUCR	sp|Q7S7G7|CSN3_NEUCR	100
sp|Q7S8J7|DCL1_NEUCR	sp|Q7S8J7|DCL1_NEUCR	100
sp|Q7S8S5|TIM21_NEUCR	sp|Q7S8S5|TIM21_NEUCR	100
sp|Q7S906|DDI1_NEUCR	sp|Q7S906|DDI1_NEUCR	100
tr|Q7S963|Q7S963_NEUCR	tr|Q7S963|Q7S963_NEUCR	100
tr|Q7SA19|Q7SA19_NEUCR	tr|Q7SA19|Q7SA19_NEUCR	100
tr|Q7SAQ9|Q7SAQ9_NEUCR	tr|Q7SAQ9|Q7SAQ9_NEUCR	100
tr|Q7SAV9|Q7SAV9_NEUCR	tr|Q7SAV9|Q7SAV9_NEUCR	100
tr|Q7SB84|Q7SB84_NEUCR	tr|Q7SB84|Q7SB84_NEUCR	100
tr|Q7SCL3|Q7SCL3_NEUCR	tr|Q7SCL3|Q7SCL3_NEUCR	100
tr|Q7SCP7|Q7SCP7_NEUCR	tr|Q7SCP7|Q7SCP7_NEUCR	100
tr|Q7SCQ0|Q7SCQ0_NEUCR	tr|Q7SCQ0|Q7SCQ0_NEUCR	100
tr|Q7SCZ0|Q7SCZ0_NEUCR	tr|Q7SCZ0|Q7SCZ0_NEUCR	100
sp|Q7SEF9|PTPA2_NEUCR	sp|Q7SEF9|PTPA2_NEUCR	100
tr|Q7SEJ6|Q7SEJ6_NEUCR	tr|Q7SEJ6|Q7SEJ6_NEUCR	100
tr|Q7SEK6|Q7SEK6_NEUCR	tr|Q7SEK6|Q7SEK6_NEUCR	100
tr|Q7SF19|Q7SF19_NEUCR	tr|Q7SF19|Q7SF19_NEUCR	100
tr|Q7SFH8|Q7SFH8_NEUCR	tr|Q7SFH8|Q7SFH8_NEUCR	100
tr|Q7SFU4|Q7SFU4_NEUCR	tr|Q7SFU4|Q7SFU4_NEUCR	100
tr|Q7SG66|Q7SG66_NEUCR	tr|Q7SG66|Q7SG66_NEUCR	100
tr|Q7SGJ0|Q7SGJ0_NEUCR	tr|Q7SGJ0|Q7SGJ0_NEUCR	100
tr|Q7SGM4|Q7SGM4_NEUCR	tr|Q7SGM4|Q7SGM4_NEUCR	100
tr|Q7SGQ8|Q7SGQ8_NEUCR	tr|Q7SGQ8|Q7SGQ8_NEUCR	100
sp|Q7SGS1|CSN7A_NEUCR	sp|Q7SGS1|CSN7A_NEUCR	100
tr|Q7SH18|Q7SH18_NEUCR	tr|Q7SH18|Q7SH18_NEUCR	100
tr|Q7SH51|Q7SH51_NEUCR	tr|Q7SH51|Q7SH51_NEUCR	100
tr|Q7SHX2|Q7SHX2_NEUCR	tr|Q7SHX2|Q7SHX2_NEUCR	100
tr|Q7SI46|Q7SI46_NEUCR	tr|Q7SI46|Q7SI46_NEUCR	100
sp|Q870W1|LYS4_NEUCR	sp|Q870W1|LYS4_NEUCR	100
tr|U9WGG3|U9WGG3_NEUCR	tr|U9WGG3|U9WGG3_NEUCR	100
tr|U9WGL1|U9WGL1_NEUCR	tr|U9WGL1|U9WGL1_NEUCR	100
tr|V5IKL5|V5IKL5_NEUCR	tr|V5IKL5|V5IKL5_NEUCR	100
tr|V5IKT4|V5IKT4_NEUCR	tr|V5IKT4|V5IKT4_NEUCR	100
tr|V5IL52|V5IL52_NEUCR	tr|V5IL52|V5IL52_NEUCR	100
sp|V5ILE0|RT04_NEUCR	sp|V5ILE0|RT04_NEUCR	100
tr|V5ILP5|V5ILP5_NEUCR	tr|V5ILP5|V5ILP5_NEUCR	100
tr|V5INA1|V5INA1_NEUCR	tr|V5INA1|V5INA1_NEUCR	100
tr|V5INH5|V5INH5_NEUCR	tr|V5INH5|V5INH5_NEUCR	100
tr|V5INY7|V5INY7_NEUCR	tr|V5INY7|V5INY7_NEUCR	100
tr|V5IP88|V5IP88_NEUCR	tr|V5IP88|V5IP88_NEUCR	100
tr|V5IPA2|V5IPA2_NEUCR	tr|V5IPA2|V5IPA2_NEUCR	100
tr|V5IQ03|V5IQ03_NEUCR	tr|V5IQ03|V5IQ03_NEUCR	100
tr|V5IR12|V5IR12_NEUCR	tr|V5IR12|V5IR12_NEUCR	100
tr|V5IR74|V5IR74_NEUCR	tr|V5IR74|V5IR74_NEUCR	100
tr|V5IRN6|V5IRN6_NEUCR	tr|V5IRN6|V5IRN6_NEUCR	100
tr|V5IRQ0|V5IRQ0_NEUCR	tr|V5IRQ0|V5IRQ0_NEUCR	100
tr|A7UWA0|A7UWA0_NEUCR	tr|A7UWA0|A7UWA0_NEUCR	100
tr|A7UWJ4|A7UWJ4_NEUCR	tr|A7UWJ4|A7UWJ4_NEUCR	100
tr|F5HH30|F5HH30_NEUCR	tr|F5HH30|F5HH30_NEUCR	100
sp|O13493|MYB1_NEUCR	sp|O13493|MYB1_NEUCR	100
sp|P24917|NDUV1_NEUCR	sp|P24917|NDUV1_NEUCR	100
sp|P25710|NUJM_NEUCR	sp|P25710|NUJM_NEUCR	100
tr|Q1K4P9|Q1K4P9_NEUCR	tr|Q1K4P9|Q1K4P9_NEUCR	100
tr|Q1K4V7|Q1K4V7_NEUCR	tr|Q1K4V7|Q1K4V7_NEUCR	100
tr|Q1K5R5|Q1K5R5_NEUCR	tr|Q1K5R5|Q1K5R5_NEUCR	100
tr|Q1K646|Q1K646_NEUCR	tr|Q1K646|Q1K646_NEUCR	100
tr|Q1K6F1|Q1K6F1_NEUCR	tr|Q1K6F1|Q1K6F1_NEUCR	100
tr|Q1K6M7|Q1K6M7_NEUCR	tr|Q1K6M7|Q1K6M7_NEUCR	100
tr|Q1K6W4|Q1K6W4_NEUCR	tr|Q1K6W4|Q1K6W4_NEUCR	100
tr|Q1K6W8|Q1K6W8_NEUCR	tr|Q1K6W8|Q1K6W8_NEUCR	100
tr|Q1K734|Q1K734_NEUCR	tr|Q1K734|Q1K734_NEUCR	100
tr|Q1K745|Q1K745_NEUCR	tr|Q1K745|Q1K745_NEUCR	100
tr|Q1K7C2|Q1K7C2_NEUCR	tr|Q1K7C2|Q1K7C2_NEUCR	100
tr|Q1K7D9|Q1K7D9_NEUCR	tr|Q1K7D9|Q1K7D9_NEUCR	100
tr|Q1K7M1|Q1K7M1_NEUCR	tr|Q1K7M1|Q1K7M1_NEUCR	100
tr|Q1K7M2|Q1K7M2_NEUCR	tr|Q1K7M2|Q1K7M2_NEUCR	100
tr|Q1K7P5|Q1K7P5_NEUCR	tr|Q1K7P5|Q1K7P5_NEUCR	100
tr|Q1K8N6|Q1K8N6_NEUCR	tr|Q1K8N6|Q1K8N6_NEUCR	100
tr|Q1K8T4|Q1K8T4_NEUCR	tr|Q1K8T4|Q1K8T4_NEUCR	100
tr|Q1K8Z8|Q1K8Z8_NEUCR	tr|Q1K8Z8|Q1K8Z8_NEUCR	100
tr|Q7RWC1|Q7RWC1_NEUCR	tr|Q7RWC1|Q7RWC1_NEUCR	100
tr|Q7RWL9|Q7RWL9_NEUCR	tr|Q7RWL9|Q7RWL9_NEUCR	100
tr|Q7RXB7|Q7RXB7_NEUCR	tr|Q7RXB7|Q7RXB7_NEUCR	100
tr|Q7RXK1|Q7RXK1_NEUCR	tr|Q7RXK1|Q7RXK1_NEUCR	100
tr|Q7RXY3|Q7RXY3_NEUCR	tr|Q7RXY3|Q7RXY3_NEUCR	100
tr|Q7RY25|Q7RY25_NEUCR	tr|Q7RY25|Q7RY25_NEUCR	100
sp|Q7RY59|RRP3_NEUCR	sp|Q7RY59|RRP3_NEUCR	100
sp|Q7RY68|PFS2_NEUCR	sp|Q7RY68|PFS2_NEUCR	100
tr|Q7RYH0|Q7RYH0_NEUCR	tr|Q7RYH0|Q7RYH0_NEUCR	100
sp|Q7RYH7|CWC21_NEUCR	sp|Q7RYH7|CWC21_NEUCR	100
tr|Q7RZ16|Q7RZ16_NEUCR	tr|Q7RZ16|Q7RZ16_NEUCR	100
tr|Q7RZB5|Q7RZB5_NEUCR	tr|Q7RZB5|Q7RZB5_NEUCR	100
tr|Q7RZS3|Q7RZS3_NEUCR	tr|Q7RZS3|Q7RZS3_NEUCR	100
tr|Q7RZV3|Q7RZV3_NEUCR	tr|Q7RZV3|Q7RZV3_NEUCR	100
tr|Q7S186|Q7S186_NEUCR	tr|Q7S186|Q7S186_NEUCR	100
tr|Q7S1S8|Q7S1S8_NEUCR	tr|Q7S1S8|Q7S1S8_NEUCR	100
tr|Q7S1Z5|Q7S1Z5_NEUCR	tr|Q7S1Z5|Q7S1Z5_NEUCR	100
tr|Q7S207|Q7S207_NEUCR	tr|Q7S207|Q7S207_NEUCR	100
tr|Q7S2A2|Q7S2A2_NEUCR	tr|Q7S2A2|Q7S2A2_NEUCR	100
tr|Q7S2P4|Q7S2P4_NEUCR	tr|Q7S2P4|Q7S2P4_NEUCR	100
tr|Q7S2P9|Q7S2P9_NEUCR	tr|Q7S2P9|Q7S2P9_NEUCR	100
tr|Q7S3C0|Q7S3C0_NEUCR	tr|Q7S3C0|Q7S3C0_NEUCR	100
tr|Q7S3X0|Q7S3X0_NEUCR	tr|Q7S3X0|Q7S3X0_NEUCR	100
tr|Q7S4N3|Q7S4N3_NEUCR	tr|Q7S4N3|Q7S4N3_NEUCR	100
tr|Q7S4Q4|Q7S4Q4_NEUCR	tr|Q7S4Q4|Q7S4Q4_NEUCR	100
tr|Q7S4R8|Q7S4R8_NEUCR	tr|Q7S4R8|Q7S4R8_NEUCR	100
tr|Q7S5E1|Q7S5E1_NEUCR	tr|Q7S5E1|Q7S5E1_NEUCR	100
tr|Q7S687|Q7S687_NEUCR	tr|Q7S687|Q7S687_NEUCR	100
tr|Q7S6Z7|Q7S6Z7_NEUCR	tr|Q7S6Z7|Q7S6Z7_NEUCR	100
sp|Q7S7C5|PFA3_NEUCR	sp|Q7S7C5|PFA3_NEUCR	100
tr|Q7S7U0|Q7S7U0_NEUCR	tr|Q7S7U0|Q7S7U0_NEUCR	100
tr|Q7S7W8|Q7S7W8_NEUCR	tr|Q7S7W8|Q7S7W8_NEUCR	100
tr|Q7S863|Q7S863_NEUCR	tr|Q7S863|Q7S863_NEUCR	100
sp|Q7S8J1|NTE1_NEUCR	sp|Q7S8J1|NTE1_NEUCR	100
tr|Q7S9V4|Q7S9V4_NEUCR	tr|Q7S9V4|Q7S9V4_NEUCR	100
tr|Q7S9W1|Q7S9W1_NEUCR	tr|Q7S9W1|Q7S9W1_NEUCR	100
tr|Q7SAE4|Q7SAE4_NEUCR	tr|Q7SAE4|Q7SAE4_NEUCR	100
tr|Q7SAL3|Q7SAL3_NEUCR	tr|Q7SAL3|Q7SAL3_NEUCR	100
tr|Q7SBN5|Q7SBN5_NEUCR	tr|Q7SBN5|Q7SBN5_NEUCR	100
tr|Q7SBP7|Q7SBP7_NEUCR	tr|Q7SBP7|Q7SBP7_NEUCR	100
tr|Q7SBU9|Q7SBU9_NEUCR	tr|Q7SBU9|Q7SBU9_NEUCR	100
tr|Q7SCN4|Q7SCN4_NEUCR	tr|Q7SCN4|Q7SCN4_NEUCR	100
tr|Q7SCQ9|Q7SCQ9_NEUCR	tr|Q7SCQ9|Q7SCQ9_NEUCR	100
tr|Q7SDF8|Q7SDF8_NEUCR	tr|Q7SDF8|Q7SDF8_NEUCR	100
tr|Q7SDY8|Q7SDY8_NEUCR	tr|Q7SDY8|Q7SDY8_NEUCR	100
tr|Q7SE49|Q7SE49_NEUCR	tr|Q7SE49|Q7SE49_NEUCR	100
sp|Q7SEK8|DPH4_NEUCR	sp|Q7SEK8|DPH4_NEUCR	100
tr|Q7SF14|Q7SF14_NEUCR	tr|Q7SF14|Q7SF14_NEUCR	100
tr|Q7SF18|Q7SF18_NEUCR	tr|Q7SF18|Q7SF18_NEUCR	100
tr|Q7SFK3|Q7SFK3_NEUCR	tr|Q7SFK3|Q7SFK3_NEUCR	100
tr|Q7SFM1|Q7SFM1_NEUCR	tr|Q7SFM1|Q7SFM1_NEUCR	100
tr|Q7SGI7|Q7SGI7_NEUCR	tr|Q7SGI7|Q7SGI7_NEUCR	100
tr|Q7SH35|Q7SH35_NEUCR	tr|Q7SH35|Q7SH35_NEUCR	100
tr|Q7SH86|Q7SH86_NEUCR	tr|Q7SH86|Q7SH86_NEUCR	100
tr|Q7SHT9|Q7SHT9_NEUCR	tr|Q7SHT9|Q7SHT9_NEUCR	100
tr|Q7SI23|Q7SI23_NEUCR	tr|Q7SI23|Q7SI23_NEUCR	100
tr|Q7SI33|Q7SI33_NEUCR	tr|Q7SI33|Q7SI33_NEUCR	100
tr|Q7SI47|Q7SI47_NEUCR	tr|Q7SI47|Q7SI47_NEUCR	100
sp|Q870V7|PNS1_NEUCR	sp|Q870V7|PNS1_NEUCR	100
sp|Q8X077|PSA2_NEUCR	sp|Q8X077|PSA2_NEUCR	100
sp|Q8X0X0|GSH1_NEUCR	sp|Q8X0X0|GSH1_NEUCR	100
sp|Q9C2B9|RL38_NEUCR	sp|Q9C2B9|RL38_NEUCR	100
tr|U9W2R8|U9W2R8_NEUCR	tr|U9W2R8|U9W2R8_NEUCR	100
tr|U9W2S9|U9W2S9_NEUCR	tr|U9W2S9|U9W2S9_NEUCR	100
tr|U9W3B6|U9W3B6_NEUCR	tr|U9W3B6|U9W3B6_NEUCR	100
tr|U9W3H0|U9W3H0_NEUCR	tr|U9W3H0|U9W3H0_NEUCR	100
tr|U9W3H6|U9W3H6_NEUCR	tr|U9W3H6|U9W3H6_NEUCR	100
tr|V5ILE6|V5ILE6_NEUCR	tr|V5ILE6|V5ILE6_NEUCR	100
tr|V5IM04|V5IM04_NEUCR	tr|V5IM04|V5IM04_NEUCR	100
tr|V5IM49|V5IM49_NEUCR	tr|V5IM49|V5IM49_NEUCR	100
tr|V5IMH1|V5IMH1_NEUCR	tr|V5IMH1|V5IMH1_NEUCR	100
tr|V5IPE8|V5IPE8_NEUCR	tr|V5IPE8|V5IPE8_NEUCR	100
tr|V5IPF0|V5IPF0_NEUCR	tr|V5IPF0|V5IPF0_NEUCR	100
tr|V5IPN5|V5IPN5_NEUCR	tr|V5IPN5|V5IPN5_NEUCR	100
tr|V5IQZ3|V5IQZ3_NEUCR	tr|V5IQZ3|V5IQZ3_NEUCR	100
tr|V5IR41|V5IR41_NEUCR	tr|V5IR41|V5IR41_NEUCR	100
tr|A7UWH8|A7UWH8_NEUCR	tr|A7UWH8|A7UWH8_NEUCR	100
tr|F5H9E3|F5H9E3_NEUCR	tr|F5H9E3|F5H9E3_NEUCR	100
sp|O60044|QCR2_NEUCR	sp|O60044|QCR2_NEUCR	100
sp|P19752|HSP30_NEUCR	sp|P19752|HSP30_NEUCR	100
sp|Q06712|PREG_NEUCR	sp|Q06712|PREG_NEUCR	100
tr|Q1K5W0|Q1K5W0_NEUCR	tr|Q1K5W0|Q1K5W0_NEUCR	100
tr|Q1K5Z6|Q1K5Z6_NEUCR	tr|Q1K5Z6|Q1K5Z6_NEUCR	100
tr|Q1K655|Q1K655_NEUCR	tr|Q1K655|Q1K655_NEUCR	100
tr|Q1K683|Q1K683_NEUCR	tr|Q1K683|Q1K683_NEUCR	100
tr|Q1K6F0|Q1K6F0_NEUCR	tr|Q1K6F0|Q1K6F0_NEUCR	100
tr|Q1K6S3|Q1K6S3_NEUCR	tr|Q1K6S3|Q1K6S3_NEUCR	100
tr|Q1K7K5|Q1K7K5_NEUCR	tr|Q1K7K5|Q1K7K5_NEUCR	100
tr|Q1K7W3|Q1K7W3_NEUCR	tr|Q1K7W3|Q1K7W3_NEUCR	100
tr|Q1K838|Q1K838_NEUCR	tr|Q1K838|Q1K838_NEUCR	100
tr|Q1K942|Q1K942_NEUCR	tr|Q1K942|Q1K942_NEUCR	100
tr|Q7RVK6|Q7RVK6_NEUCR	tr|Q7RVK6|Q7RVK6_NEUCR	100
tr|Q7RVV5|Q7RVV5_NEUCR	tr|Q7RVV5|Q7RVV5_NEUCR	100
tr|Q7RWA5|Q7RWA5_NEUCR	tr|Q7RWA5|Q7RWA5_NEUCR	100
tr|Q7RWE4|Q7RWE4_NEUCR	tr|Q7RWE4|Q7RWE4_NEUCR	100
tr|Q7RWL8|Q7RWL8_NEUCR	tr|Q7RWL8|Q7RWL8_NEUCR	100
tr|Q7RWT7|Q7RWT7_NEUCR	tr|Q7RWT7|Q7RWT7_NEUCR	100
tr|Q7RX35|Q7RX35_NEUCR	tr|Q7RX35|Q7RX35_NEUCR	100
tr|Q7RX49|Q7RX49_NEUCR	tr|Q7RX49|Q7RX49_NEUCR	100
tr|Q7RXV4|Q7RXV4_NEUCR	tr|Q7RXV4|Q7RXV4_NEUCR	100
tr|Q7RXY7|Q7RXY7_NEUCR	tr|Q7RXY7|Q7RXY7_NEUCR	100
tr|Q7RZ88|Q7RZ88_NEUCR	tr|Q7RZ88|Q7RZ88_NEUCR	100
tr|Q7RZR8|Q7RZR8_NEUCR	tr|Q7RZR8|Q7RZR8_NEUCR	100
tr|Q7RZT1|Q7RZT1_NEUCR	tr|Q7RZT1|Q7RZT1_NEUCR	100
tr|Q7RZV4|Q7RZV4_NEUCR	tr|Q7RZV4|Q7RZV4_NEUCR	100
tr|Q7RZX1|Q7RZX1_NEUCR	tr|Q7RZX1|Q7RZX1_NEUCR	100
tr|Q7S0A8|Q7S0A8_NEUCR	tr|Q7S0A8|Q7S0A8_NEUCR	100
tr|Q7S0C6|Q7S0C6_NEUCR	tr|Q7S0C6|Q7S0C6_NEUCR	100
tr|Q7S0C9|Q7S0C9_NEUCR	tr|Q7S0C9|Q7S0C9_NEUCR	100
tr|Q7S0D2|Q7S0D2_NEUCR	tr|Q7S0D2|Q7S0D2_NEUCR	100
tr|Q7S0G8|Q7S0G8_NEUCR	tr|Q7S0G8|Q7S0G8_NEUCR	100
tr|Q7S0P7|Q7S0P7_NEUCR	tr|Q7S0P7|Q7S0P7_NEUCR	100
tr|Q7S0T7|Q7S0T7_NEUCR	tr|Q7S0T7|Q7S0T7_NEUCR	100
tr|Q7S0Y2|Q7S0Y2_NEUCR	tr|Q7S0Y2|Q7S0Y2_NEUCR	100
tr|Q7S0Z6|Q7S0Z6_NEUCR	tr|Q7S0Z6|Q7S0Z6_NEUCR	100
tr|Q7S1G3|Q7S1G3_NEUCR	tr|Q7S1G3|Q7S1G3_NEUCR	100
tr|Q7S1G5|Q7S1G5_NEUCR	tr|Q7S1G5|Q7S1G5_NEUCR	100
tr|Q7S1I7|Q7S1I7_NEUCR	tr|Q7S1I7|Q7S1I7_NEUCR	100
tr|Q7S2M3|Q7S2M3_NEUCR	tr|Q7S2M3|Q7S2M3_NEUCR	100
tr|Q7S2T6|Q7S2T6_NEUCR	tr|Q7S2T6|Q7S2T6_NEUCR	100
tr|Q7S2U9|Q7S2U9_NEUCR	tr|Q7S2U9|Q7S2U9_NEUCR	100
tr|Q7S3J4|Q7S3J4_NEUCR	tr|Q7S3J4|Q7S3J4_NEUCR	100
tr|Q7S4C9|Q7S4C9_NEUCR	tr|Q7S4C9|Q7S4C9_NEUCR	100
tr|Q7S4J4|Q7S4J4_NEUCR	tr|Q7S4J4|Q7S4J4_NEUCR	100
tr|Q7S4L3|Q7S4L3_NEUCR	tr|Q7S4L3|Q7S4L3_NEUCR	100
tr|Q7S4M6|Q7S4M6_NEUCR	tr|Q7S4M6|Q7S4M6_NEUCR	100
tr|Q7S4S0|Q7S4S0_NEUCR	tr|Q7S4S0|Q7S4S0_NEUCR	100
tr|Q7S5N1|Q7S5N1_NEUCR	tr|Q7S5N1|Q7S5N1_NEUCR	100
tr|Q7S5V3|Q7S5V3_NEUCR	tr|Q7S5V3|Q7S5V3_NEUCR	100
tr|Q7S5Y6|Q7S5Y6_NEUCR	tr|Q7S5Y6|Q7S5Y6_NEUCR	100
tr|Q7S5Y7|Q7S5Y7_NEUCR	tr|Q7S5Y7|Q7S5Y7_NEUCR	100
tr|Q7S667|Q7S667_NEUCR	tr|Q7S667|Q7S667_NEUCR	100
tr|Q7S6E2|Q7S6E2_NEUCR	tr|Q7S6E2|Q7S6E2_NEUCR	100
tr|Q7S6F1|Q7S6F1_NEUCR	tr|Q7S6F1|Q7S6F1_NEUCR	100
tr|Q7S6Q1|Q7S6Q1_NEUCR	tr|Q7S6Q1|Q7S6Q1_NEUCR	100
tr|Q7S6V8|Q7S6V8_NEUCR	tr|Q7S6V8|Q7S6V8_NEUCR	100
tr|Q7S870|Q7S870_NEUCR	tr|Q7S870|Q7S870_NEUCR	100
tr|Q7S8V0|Q7S8V0_NEUCR	tr|Q7S8V0|Q7S8V0_NEUCR	100
tr|Q7S9X8|Q7S9X8_NEUCR	tr|Q7S9X8|Q7S9X8_NEUCR	100
tr|Q7SBK5|Q7SBK5_NEUCR	tr|Q7SBK5|Q7SBK5_NEUCR	100
tr|Q7SBS0|Q7SBS0_NEUCR	tr|Q7SBS0|Q7SBS0_NEUCR	100
tr|Q7SC49|Q7SC49_NEUCR	tr|Q7SC49|Q7SC49_NEUCR	100
tr|Q7SC61|Q7SC61_NEUCR	tr|Q7SC61|Q7SC61_NEUCR	100
tr|Q7SD02|Q7SD02_NEUCR	tr|Q7SD02|Q7SD02_NEUCR	100
tr|Q7SDD9|Q7SDD9_NEUCR	tr|Q7SDD9|Q7SDD9_NEUCR	100
tr|Q7SDP5|Q7SDP5_NEUCR	tr|Q7SDP5|Q7SDP5_NEUCR	100
tr|Q7SDQ2|Q7SDQ2_NEUCR	tr|Q7SDQ2|Q7SDQ2_NEUCR	100
tr|Q7SDS4|Q7SDS4_NEUCR	tr|Q7SDS4|Q7SDS4_NEUCR	100
tr|Q7SDT3|Q7SDT3_NEUCR	tr|Q7SDT3|Q7SDT3_NEUCR	100
tr|Q7SEB2|Q7SEB2_NEUCR	tr|Q7SEB2|Q7SEB2_NEUCR	100
tr|Q7SEK0|Q7SEK0_NEUCR	tr|Q7SEK0|Q7SEK0_NEUCR	100
tr|Q7SEY7|Q7SEY7_NEUCR	tr|Q7SEY7|Q7SEY7_NEUCR	100
tr|Q7SF05|Q7SF05_NEUCR	tr|Q7SF05|Q7SF05_NEUCR	100
tr|Q7SF30|Q7SF30_NEUCR	tr|Q7SF30|Q7SF30_NEUCR	100
tr|Q7SFD2|Q7SFD2_NEUCR	tr|Q7SFD2|Q7SFD2_NEUCR	100
tr|Q7SFV4|Q7SFV4_NEUCR	tr|Q7SFV4|Q7SFV4_NEUCR	100
tr|Q7SFZ4|Q7SFZ4_NEUCR	tr|Q7SFZ4|Q7SFZ4_NEUCR	100
tr|Q7SG15|Q7SG15_NEUCR	tr|Q7SG15|Q7SG15_NEUCR	100
tr|Q7SHL0|Q7SHL0_NEUCR	tr|Q7SHL0|Q7SHL0_NEUCR	100
tr|Q7SHQ5|Q7SHQ5_NEUCR	tr|Q7SHQ5|Q7SHQ5_NEUCR	100
sp|Q8X0S4|TR112_NEUCR	sp|Q8X0S4|TR112_NEUCR	100
tr|U9W327|U9W327_NEUCR	tr|U9W327|U9W327_NEUCR	100
tr|V5IKT0|V5IKT0_NEUCR	tr|V5IKT0|V5IKT0_NEUCR	100
tr|V5IL09|V5IL09_NEUCR	tr|V5IL09|V5IL09_NEUCR	100
tr|V5IMM6|V5IMM6_NEUCR	tr|V5IMM6|V5IMM6_NEUCR	100
tr|V5IN76|V5IN76_NEUCR	tr|V5IN76|V5IN76_NEUCR	100
tr|V5INJ9|V5INJ9_NEUCR	tr|V5INJ9|V5INJ9_NEUCR	100
tr|V5IP32|V5IP32_NEUCR	tr|V5IP32|V5IP32_NEUCR	100
tr|V5IPV6|V5IPV6_NEUCR	tr|V5IPV6|V5IPV6_NEUCR	100
tr|V5IQF9|V5IQF9_NEUCR	tr|V5IQF9|V5IQF9_NEUCR	100
tr|V5IQG0|V5IQG0_NEUCR	tr|V5IQG0|V5IQG0_NEUCR	100
tr|V5IQS6|V5IQS6_NEUCR	tr|V5IQS6|V5IQS6_NEUCR	100
tr|V5IR02|V5IR02_NEUCR	tr|V5IR02|V5IR02_NEUCR	100
tr|V5IR18|V5IR18_NEUCR	tr|V5IR18|V5IR18_NEUCR	100
tr|V5IRK9|V5IRK9_NEUCR	tr|V5IRK9|V5IRK9_NEUCR	100
tr|V5IRR9|V5IRR9_NEUCR	tr|V5IRR9|V5IRR9_NEUCR	100
tr|A7UVX2|A7UVX2_NEUCR	tr|A7UVX2|A7UVX2_NEUCR	100
tr|A7UW21|A7UW21_NEUCR	tr|A7UW21|A7UW21_NEUCR	100
tr|A7UWD7|A7UWD7_NEUCR	tr|A7UWD7|A7UWD7_NEUCR	100
tr|A7UWH2|A7UWH2_NEUCR	tr|A7UWH2|A7UWH2_NEUCR	100
tr|A7UWQ4|A7UWQ4_NEUCR	tr|A7UWQ4|A7UWQ4_NEUCR	100
tr|F5HHM6|F5HHM6_NEUCR	tr|F5HHM6|F5HHM6_NEUCR	100
sp|P0CY43|MBI3_NEUCR	sp|P0CY43|MBI3_NEUCR	100
sp|P14804|AMYG_NEUCR	sp|P14804|AMYG_NEUCR	100
tr|Q1K543|Q1K543_NEUCR	tr|Q1K543|Q1K543_NEUCR	100
tr|Q1K583|Q1K583_NEUCR	tr|Q1K583|Q1K583_NEUCR	100
tr|Q1K5P9|Q1K5P9_NEUCR	tr|Q1K5P9|Q1K5P9_NEUCR	100
tr|Q1K6L7|Q1K6L7_NEUCR	tr|Q1K6L7|Q1K6L7_NEUCR	100
tr|Q1K6X3|Q1K6X3_NEUCR	tr|Q1K6X3|Q1K6X3_NEUCR	100
tr|Q1K769|Q1K769_NEUCR	tr|Q1K769|Q1K769_NEUCR	100
tr|Q1K778|Q1K778_NEUCR	tr|Q1K778|Q1K778_NEUCR	100
tr|Q1K792|Q1K792_NEUCR	tr|Q1K792|Q1K792_NEUCR	100
tr|Q1K7X5|Q1K7X5_NEUCR	tr|Q1K7X5|Q1K7X5_NEUCR	100
tr|Q1K7Z3|Q1K7Z3_NEUCR	tr|Q1K7Z3|Q1K7Z3_NEUCR	100
tr|Q1K7Z8|Q1K7Z8_NEUCR	tr|Q1K7Z8|Q1K7Z8_NEUCR	100
tr|Q1K816|Q1K816_NEUCR	tr|Q1K816|Q1K816_NEUCR	100
tr|Q1K8A0|Q1K8A0_NEUCR	tr|Q1K8A0|Q1K8A0_NEUCR	100
tr|Q1K8F9|Q1K8F9_NEUCR	tr|Q1K8F9|Q1K8F9_NEUCR	100
tr|Q7RU45|Q7RU45_NEUCR	tr|Q7RU45|Q7RU45_NEUCR	100
tr|Q7RV38|Q7RV38_NEUCR	tr|Q7RV38|Q7RV38_NEUCR	100
tr|Q7RVQ0|Q7RVQ0_NEUCR	tr|Q7RVQ0|Q7RVQ0_NEUCR	100
sp|Q7RW48|CAR_NEUCR	sp|Q7RW48|CAR_NEUCR	100
sp|Q7RX84|CWC22_NEUCR	sp|Q7RX84|CWC22_NEUCR	100
tr|Q7RXD0|Q7RXD0_NEUCR	tr|Q7RXD0|Q7RXD0_NEUCR	100
tr|Q7RXN1|Q7RXN1_NEUCR	tr|Q7RXN1|Q7RXN1_NEUCR	100
tr|Q7RXX2|Q7RXX2_NEUCR	tr|Q7RXX2|Q7RXX2_NEUCR	100
tr|Q7RY90|Q7RY90_NEUCR	tr|Q7RY90|Q7RY90_NEUCR	100
tr|Q7RZQ2|Q7RZQ2_NEUCR	tr|Q7RZQ2|Q7RZQ2_NEUCR	100
tr|Q7S010|Q7S010_NEUCR	tr|Q7S010|Q7S010_NEUCR	100
tr|Q7S097|Q7S097_NEUCR	tr|Q7S097|Q7S097_NEUCR	100
tr|Q7S0H0|Q7S0H0_NEUCR	tr|Q7S0H0|Q7S0H0_NEUCR	100
tr|Q7S0M1|Q7S0M1_NEUCR	tr|Q7S0M1|Q7S0M1_NEUCR	100
tr|Q7S0T6|Q7S0T6_NEUCR	tr|Q7S0T6|Q7S0T6_NEUCR	100
tr|Q7S0V0|Q7S0V0_NEUCR	tr|Q7S0V0|Q7S0V0_NEUCR	100
tr|Q7S2S6|Q7S2S6_NEUCR	tr|Q7S2S6|Q7S2S6_NEUCR	100
tr|Q7S2X7|Q7S2X7_NEUCR	tr|Q7S2X7|Q7S2X7_NEUCR	100
tr|Q7S3B9|Q7S3B9_NEUCR	tr|Q7S3B9|Q7S3B9_NEUCR	100
tr|Q7S3E9|Q7S3E9_NEUCR	tr|Q7S3E9|Q7S3E9_NEUCR	100
tr|Q7S3K0|Q7S3K0_NEUCR	tr|Q7S3K0|Q7S3K0_NEUCR	100
tr|Q7S3R6|Q7S3R6_NEUCR	tr|Q7S3R6|Q7S3R6_NEUCR	100
tr|Q7S3Y3|Q7S3Y3_NEUCR	tr|Q7S3Y3|Q7S3Y3_NEUCR	100
tr|Q7S411|Q7S411_NEUCR	tr|Q7S411|Q7S411_NEUCR	100
tr|Q7S5B2|Q7S5B2_NEUCR	tr|Q7S5B2|Q7S5B2_NEUCR	100
sp|Q7S5R1|DBP3_NEUCR	sp|Q7S5R1|DBP3_NEUCR	100
tr|Q7S6C0|Q7S6C0_NEUCR	tr|Q7S6C0|Q7S6C0_NEUCR	100
tr|Q7S6D2|Q7S6D2_NEUCR	tr|Q7S6D2|Q7S6D2_NEUCR	100
tr|Q7S6G6|Q7S6G6_NEUCR	tr|Q7S6G6|Q7S6G6_NEUCR	100
sp|Q7S6W5|RS28A_NEUCR	sp|Q7S6W5|RS28A_NEUCR	100
tr|Q7S6Y6|Q7S6Y6_NEUCR	tr|Q7S6Y6|Q7S6Y6_NEUCR	100
tr|Q7S763|Q7S763_NEUCR	tr|Q7S763|Q7S763_NEUCR	100
tr|Q7S8V7|Q7S8V7_NEUCR	tr|Q7S8V7|Q7S8V7_NEUCR	100
tr|Q7S8V9|Q7S8V9_NEUCR	tr|Q7S8V9|Q7S8V9_NEUCR	100
tr|Q7S8W9|Q7S8W9_NEUCR	tr|Q7S8W9|Q7S8W9_NEUCR	100
tr|Q7S9D5|Q7S9D5_NEUCR	tr|Q7S9D5|Q7S9D5_NEUCR	100
tr|Q7S9G4|Q7S9G4_NEUCR	tr|Q7S9G4|Q7S9G4_NEUCR	100
tr|Q7S9X0|Q7S9X0_NEUCR	tr|Q7S9X0|Q7S9X0_NEUCR	100
tr|Q7SAR8|Q7SAR8_NEUCR	tr|Q7SAR8|Q7SAR8_NEUCR	100
tr|Q7SAZ6|Q7SAZ6_NEUCR	tr|Q7SAZ6|Q7SAZ6_NEUCR	100
tr|Q7SBK3|Q7SBK3_NEUCR	tr|Q7SBK3|Q7SBK3_NEUCR	100
tr|Q7SBR4|Q7SBR4_NEUCR	tr|Q7SBR4|Q7SBR4_NEUCR	100
sp|Q7SC45|BTN1_NEUCR	sp|Q7SC45|BTN1_NEUCR	100
tr|Q7SCA6|Q7SCA6_NEUCR	tr|Q7SCA6|Q7SCA6_NEUCR	100
tr|Q7SCY1|Q7SCY1_NEUCR	tr|Q7SCY1|Q7SCY1_NEUCR	100
tr|Q7SD89|Q7SD89_NEUCR	tr|Q7SD89|Q7SD89_NEUCR	100
tr|Q7SE91|Q7SE91_NEUCR	tr|Q7SE91|Q7SE91_NEUCR	100
tr|Q7SEA4|Q7SEA4_NEUCR	tr|Q7SEA4|Q7SEA4_NEUCR	100
tr|Q7SEN7|Q7SEN7_NEUCR	tr|Q7SEN7|Q7SEN7_NEUCR	100
sp|Q7SEQ9|COQ4_NEUCR	sp|Q7SEQ9|COQ4_NEUCR	100
tr|Q7SF02|Q7SF02_NEUCR	tr|Q7SF02|Q7SF02_NEUCR	100
tr|Q7SF67|Q7SF67_NEUCR	tr|Q7SF67|Q7SF67_NEUCR	100
tr|Q7SFJ4|Q7SFJ4_NEUCR	tr|Q7SFJ4|Q7SFJ4_NEUCR	100
tr|Q7SFK1|Q7SFK1_NEUCR	tr|Q7SFK1|Q7SFK1_NEUCR	100
tr|Q7SFS6|Q7SFS6_NEUCR	tr|Q7SFS6|Q7SFS6_NEUCR	100
sp|Q7SG09|MRD1_NEUCR	sp|Q7SG09|MRD1_NEUCR	100
tr|Q7SGH2|Q7SGH2_NEUCR	tr|Q7SGH2|Q7SGH2_NEUCR	100
tr|Q7SHF7|Q7SHF7_NEUCR	tr|Q7SHF7|Q7SHF7_NEUCR	100
tr|Q7SI24|Q7SI24_NEUCR	tr|Q7SI24|Q7SI24_NEUCR	100
sp|Q8X0J4|CYB5L_NEUCR	sp|Q8X0J4|CYB5L_NEUCR	100
sp|Q9P6U9|DED1_NEUCR	sp|Q9P6U9|DED1_NEUCR	100
sp|Q9Y874|VATL2_NEUCR	sp|Q9Y874|VATL2_NEUCR	100
tr|U9W4U5|U9W4U5_NEUCR	tr|U9W4U5|U9W4U5_NEUCR	100
tr|U9WGM9|U9WGM9_NEUCR	tr|U9WGM9|U9WGM9_NEUCR	100
tr|V5IKF6|V5IKF6_NEUCR	tr|V5IKF6|V5IKF6_NEUCR	100
tr|V5IKG3|V5IKG3_NEUCR	tr|V5IKG3|V5IKG3_NEUCR	100
tr|V5IKM8|V5IKM8_NEUCR	tr|V5IKM8|V5IKM8_NEUCR	100
tr|V5ILR9|V5ILR9_NEUCR	tr|V5ILR9|V5ILR9_NEUCR	100
tr|V5ILT5|V5ILT5_NEUCR	tr|V5ILT5|V5ILT5_NEUCR	100
tr|V5INC7|V5INC7_NEUCR	tr|V5INC7|V5INC7_NEUCR	100
tr|V5INU8|V5INU8_NEUCR	tr|V5INU8|V5INU8_NEUCR	100
tr|V5INX9|V5INX9_NEUCR	tr|V5INX9|V5INX9_NEUCR	100
tr|V5IPN3|V5IPN3_NEUCR	tr|V5IPN3|V5IPN3_NEUCR	100
tr|V5IQL2|V5IQL2_NEUCR	tr|V5IQL2|V5IQL2_NEUCR	100
tr|V5IQP6|V5IQP6_NEUCR	tr|V5IQP6|V5IQP6_NEUCR	100
tr|V5IQW0|V5IQW0_NEUCR	tr|V5IQW0|V5IQW0_NEUCR	100
tr|V5IR45|V5IR45_NEUCR	tr|V5IR45|V5IR45_NEUCR	100
tr|V5IRA6|V5IRA6_NEUCR	tr|V5IRA6|V5IRA6_NEUCR	100
tr|A3RNH9|A3RNH9_NEUCR	tr|A3RNH9|A3RNH9_NEUCR	100
tr|A7UVT4|A7UVT4_NEUCR	tr|A7UVT4|A7UVT4_NEUCR	100
tr|A7UWG5|A7UWG5_NEUCR	tr|A7UWG5|A7UWG5_NEUCR	100
tr|A7UWQ9|A7UWQ9_NEUCR	tr|A7UWQ9|A7UWQ9_NEUCR	100
tr|A7UX52|A7UX52_NEUCR	tr|A7UX52|A7UX52_NEUCR	100
tr|F5HBK6|F5HBK6_NEUCR	tr|F5HBK6|F5HBK6_NEUCR	100
sp|O13335|NDE1_NEUCR	sp|O13335|NDE1_NEUCR	100
sp|P54118|G3P_NEUCR	sp|P54118|G3P_NEUCR	100
sp|Q1K4R6|ITPA_NEUCR	sp|Q1K4R6|ITPA_NEUCR	100
tr|Q1K593|Q1K593_NEUCR	tr|Q1K593|Q1K593_NEUCR	100
tr|Q1K5A1|Q1K5A1_NEUCR	tr|Q1K5A1|Q1K5A1_NEUCR	100
tr|Q1K5B6|Q1K5B6_NEUCR	tr|Q1K5B6|Q1K5B6_NEUCR	100
tr|Q1K5N7|Q1K5N7_NEUCR	tr|Q1K5N7|Q1K5N7_NEUCR	100
tr|Q1K5S9|Q1K5S9_NEUCR	tr|Q1K5S9|Q1K5S9_NEUCR	100
tr|Q1K5X6|Q1K5X6_NEUCR	tr|Q1K5X6|Q1K5X6_NEUCR	100
tr|Q1K725|Q1K725_NEUCR	tr|Q1K725|Q1K725_NEUCR	100
tr|Q1K8H7|Q1K8H7_NEUCR	tr|Q1K8H7|Q1K8H7_NEUCR	100
tr|Q1K8S7|Q1K8S7_NEUCR	tr|Q1K8S7|Q1K8S7_NEUCR	100
tr|Q7RU14|Q7RU14_NEUCR	tr|Q7RU14|Q7RU14_NEUCR	100
tr|Q7RW07|Q7RW07_NEUCR	tr|Q7RW07|Q7RW07_NEUCR	100
tr|Q7RWJ5|Q7RWJ5_NEUCR	tr|Q7RWJ5|Q7RWJ5_NEUCR	100
tr|Q7RWK9|Q7RWK9_NEUCR	tr|Q7RWK9|Q7RWK9_NEUCR	100
tr|Q7RWS1|Q7RWS1_NEUCR	tr|Q7RWS1|Q7RWS1_NEUCR	100
tr|Q7RX38|Q7RX38_NEUCR	tr|Q7RX38|Q7RX38_NEUCR	100
tr|Q7RXT2|Q7RXT2_NEUCR	tr|Q7RXT2|Q7RXT2_NEUCR	100
tr|Q7RYX1|Q7RYX1_NEUCR	tr|Q7RYX1|Q7RYX1_NEUCR	100
tr|Q7RZ71|Q7RZ71_NEUCR	tr|Q7RZ71|Q7RZ71_NEUCR	100
tr|Q7RZH9|Q7RZH9_NEUCR	tr|Q7RZH9|Q7RZH9_NEUCR	100
sp|Q7RZK9|MDM34_NEUCR	sp|Q7RZK9|MDM34_NEUCR	100
tr|Q7RZR1|Q7RZR1_NEUCR	tr|Q7RZR1|Q7RZR1_NEUCR	100
tr|Q7S0K9|Q7S0K9_NEUCR	tr|Q7S0K9|Q7S0K9_NEUCR	100
tr|Q7S0N1|Q7S0N1_NEUCR	tr|Q7S0N1|Q7S0N1_NEUCR	100
tr|Q7S1P4|Q7S1P4_NEUCR	tr|Q7S1P4|Q7S1P4_NEUCR	100
tr|Q7S2B4|Q7S2B4_NEUCR	tr|Q7S2B4|Q7S2B4_NEUCR	100
tr|Q7S2D8|Q7S2D8_NEUCR	tr|Q7S2D8|Q7S2D8_NEUCR	100
tr|Q7S2Q0|Q7S2Q0_NEUCR	tr|Q7S2Q0|Q7S2Q0_NEUCR	100
tr|Q7S315|Q7S315_NEUCR	tr|Q7S315|Q7S315_NEUCR	100
sp|Q7S332|KYNU1_NEUCR	sp|Q7S332|KYNU1_NEUCR	100
tr|Q7S3B3|Q7S3B3_NEUCR	tr|Q7S3B3|Q7S3B3_NEUCR	100
tr|Q7S4E2|Q7S4E2_NEUCR	tr|Q7S4E2|Q7S4E2_NEUCR	100
tr|Q7S4I3|Q7S4I3_NEUCR	tr|Q7S4I3|Q7S4I3_NEUCR	100
tr|Q7S4U9|Q7S4U9_NEUCR	tr|Q7S4U9|Q7S4U9_NEUCR	100
tr|Q7S654|Q7S654_NEUCR	tr|Q7S654|Q7S654_NEUCR	100
tr|Q7S666|Q7S666_NEUCR	tr|Q7S666|Q7S666_NEUCR	100
tr|Q7S7W1|Q7S7W1_NEUCR	tr|Q7S7W1|Q7S7W1_NEUCR	100
tr|Q7S828|Q7S828_NEUCR	tr|Q7S828|Q7S828_NEUCR	100
tr|Q7S832|Q7S832_NEUCR	tr|Q7S832|Q7S832_NEUCR	100
sp|Q7S8C8|CSN6_NEUCR	sp|Q7S8C8|CSN6_NEUCR	100
tr|Q7S8F4|Q7S8F4_NEUCR	tr|Q7S8F4|Q7S8F4_NEUCR	100
tr|Q7S8W4|Q7S8W4_NEUCR	tr|Q7S8W4|Q7S8W4_NEUCR	100
tr|Q7S952|Q7S952_NEUCR	tr|Q7S952|Q7S952_NEUCR	100
tr|Q7S9X4|Q7S9X4_NEUCR	tr|Q7S9X4|Q7S9X4_NEUCR	100
tr|Q7SA16|Q7SA16_NEUCR	tr|Q7SA16|Q7SA16_NEUCR	100
sp|Q7SAF6|CEF1_NEUCR	sp|Q7SAF6|CEF1_NEUCR	100
tr|Q7SAM7|Q7SAM7_NEUCR	tr|Q7SAM7|Q7SAM7_NEUCR	100
tr|Q7SAN6|Q7SAN6_NEUCR	tr|Q7SAN6|Q7SAN6_NEUCR	100
tr|Q7SAU8|Q7SAU8_NEUCR	tr|Q7SAU8|Q7SAU8_NEUCR	100
tr|Q7SAZ9|Q7SAZ9_NEUCR	tr|Q7SAZ9|Q7SAZ9_NEUCR	100
sp|Q7SB74|DOT1_NEUCR	sp|Q7SB74|DOT1_NEUCR	100
tr|Q7SBZ8|Q7SBZ8_NEUCR	tr|Q7SBZ8|Q7SBZ8_NEUCR	100
tr|Q7SCE7|Q7SCE7_NEUCR	tr|Q7SCE7|Q7SCE7_NEUCR	100
tr|Q7SCU1|Q7SCU1_NEUCR	tr|Q7SCU1|Q7SCU1_NEUCR	100
tr|Q7SDL3|Q7SDL3_NEUCR	tr|Q7SDL3|Q7SDL3_NEUCR	100
tr|Q7SDS7|Q7SDS7_NEUCR	tr|Q7SDS7|Q7SDS7_NEUCR	100
tr|Q7SE70|Q7SE70_NEUCR	tr|Q7SE70|Q7SE70_NEUCR	100
tr|Q7SED0|Q7SED0_NEUCR	tr|Q7SED0|Q7SED0_NEUCR	100
tr|Q7SEJ0|Q7SEJ0_NEUCR	tr|Q7SEJ0|Q7SEJ0_NEUCR	100
tr|Q7SER3|Q7SER3_NEUCR	tr|Q7SER3|Q7SER3_NEUCR	100
tr|Q7SEW0|Q7SEW0_NEUCR	tr|Q7SEW0|Q7SEW0_NEUCR	100
tr|Q7SFK4|Q7SFK4_NEUCR	tr|Q7SFK4|Q7SFK4_NEUCR	100
tr|Q7SFL4|Q7SFL4_NEUCR	tr|Q7SFL4|Q7SFL4_NEUCR	100
tr|Q7SFN6|Q7SFN6_NEUCR	tr|Q7SFN6|Q7SFN6_NEUCR	100
tr|Q7SFT9|Q7SFT9_NEUCR	tr|Q7SFT9|Q7SFT9_NEUCR	100
tr|Q7SG20|Q7SG20_NEUCR	tr|Q7SG20|Q7SG20_NEUCR	100
tr|Q7SG26|Q7SG26_NEUCR	tr|Q7SG26|Q7SG26_NEUCR	100
tr|Q7SGE6|Q7SGE6_NEUCR	tr|Q7SGE6|Q7SGE6_NEUCR	100
tr|Q7SGW3|Q7SGW3_NEUCR	tr|Q7SGW3|Q7SGW3_NEUCR	100
tr|Q7SGY0|Q7SGY0_NEUCR	tr|Q7SGY0|Q7SGY0_NEUCR	100
tr|Q7SHK2|Q7SHK2_NEUCR	tr|Q7SHK2|Q7SHK2_NEUCR	100
tr|Q7SI40|Q7SI40_NEUCR	tr|Q7SI40|Q7SI40_NEUCR	100
tr|U9W4J8|U9W4J8_NEUCR	tr|U9W4J8|U9W4J8_NEUCR	100
tr|U9W510|U9W510_NEUCR	tr|U9W510|U9W510_NEUCR	100
tr|U9WHE2|U9WHE2_NEUCR	tr|U9WHE2|U9WHE2_NEUCR	100
tr|V5IKU8|V5IKU8_NEUCR	tr|V5IKU8|V5IKU8_NEUCR	100
tr|V5IL77|V5IL77_NEUCR	tr|V5IL77|V5IL77_NEUCR	100
tr|V5IMU8|V5IMU8_NEUCR	tr|V5IMU8|V5IMU8_NEUCR	100
tr|V5IN73|V5IN73_NEUCR	tr|V5IN73|V5IN73_NEUCR	100
tr|V5IN84|V5IN84_NEUCR	tr|V5IN84|V5IN84_NEUCR	100
tr|V5INC1|V5INC1_NEUCR	tr|V5INC1|V5INC1_NEUCR	100
tr|V5INE2|V5INE2_NEUCR	tr|V5INE2|V5INE2_NEUCR	100
tr|V5IP46|V5IP46_NEUCR	tr|V5IP46|V5IP46_NEUCR	100
tr|V5IPA9|V5IPA9_NEUCR	tr|V5IPA9|V5IPA9_NEUCR	100
tr|V5IPH2|V5IPH2_NEUCR	tr|V5IPH2|V5IPH2_NEUCR	100
tr|V5IPR7|V5IPR7_NEUCR	tr|V5IPR7|V5IPR7_NEUCR	100
tr|V5IQ08|V5IQ08_NEUCR	tr|V5IQ08|V5IQ08_NEUCR	100
tr|V5IQ79|V5IQ79_NEUCR	tr|V5IQ79|V5IQ79_NEUCR	100
tr|V5IQQ1|V5IQQ1_NEUCR	tr|V5IQQ1|V5IQQ1_NEUCR	100
tr|V5IQR9|V5IQR9_NEUCR	tr|V5IQR9|V5IQR9_NEUCR	100
tr|V5IRQ1|V5IRQ1_NEUCR	tr|V5IRQ1|V5IRQ1_NEUCR	100
tr|V5IRQ4|V5IRQ4_NEUCR	tr|V5IRQ4|V5IRQ4_NEUCR	100
tr|A7UW91|A7UW91_NEUCR	tr|A7UW91|A7UW91_NEUCR	100
tr|F5HHQ6|F5HHQ6_NEUCR	tr|F5HHQ6|F5HHQ6_NEUCR	100
sp|P49365|DHYS_NEUCR	sp|P49365|DHYS_NEUCR	100
sp|P78695|BIP_NEUCR	sp|P78695|BIP_NEUCR	100
sp|P78710|ASD1_NEUCR	sp|P78710|ASD1_NEUCR	100
tr|Q1K4Q4|Q1K4Q4_NEUCR	tr|Q1K4Q4|Q1K4Q4_NEUCR	100
tr|Q1K589|Q1K589_NEUCR	tr|Q1K589|Q1K589_NEUCR	100
tr|Q1K7J7|Q1K7J7_NEUCR	tr|Q1K7J7|Q1K7J7_NEUCR	100
tr|Q1K7U6|Q1K7U6_NEUCR	tr|Q1K7U6|Q1K7U6_NEUCR	100
tr|Q1K898|Q1K898_NEUCR	tr|Q1K898|Q1K898_NEUCR	100
tr|Q1K8F1|Q1K8F1_NEUCR	tr|Q1K8F1|Q1K8F1_NEUCR	100
tr|Q7RV12|Q7RV12_NEUCR	tr|Q7RV12|Q7RV12_NEUCR	100
tr|Q7RXL6|Q7RXL6_NEUCR	tr|Q7RXL6|Q7RXL6_NEUCR	100
sp|Q7RXR1|MTND_NEUCR	sp|Q7RXR1|MTND_NEUCR	100
tr|Q7RY75|Q7RY75_NEUCR	tr|Q7RY75|Q7RY75_NEUCR	100
tr|Q7RYN5|Q7RYN5_NEUCR	tr|Q7RYN5|Q7RYN5_NEUCR	100
tr|Q7RZ20|Q7RZ20_NEUCR	tr|Q7RZ20|Q7RZ20_NEUCR	100
tr|Q7S077|Q7S077_NEUCR	tr|Q7S077|Q7S077_NEUCR	100
tr|Q7S292|Q7S292_NEUCR	tr|Q7S292|Q7S292_NEUCR	100
tr|Q7S2B6|Q7S2B6_NEUCR	tr|Q7S2B6|Q7S2B6_NEUCR	100
tr|Q7S2P3|Q7S2P3_NEUCR	tr|Q7S2P3|Q7S2P3_NEUCR	100
tr|Q7S373|Q7S373_NEUCR	tr|Q7S373|Q7S373_NEUCR	100
tr|Q7S3U4|Q7S3U4_NEUCR	tr|Q7S3U4|Q7S3U4_NEUCR	100
sp|Q7S4D7|ATG9_NEUCR	sp|Q7S4D7|ATG9_NEUCR	100
tr|Q7S558|Q7S558_NEUCR	tr|Q7S558|Q7S558_NEUCR	100
tr|Q7S640|Q7S640_NEUCR	tr|Q7S640|Q7S640_NEUCR	100
sp|Q7S693|TVP18_NEUCR	sp|Q7S693|TVP18_NEUCR	100
tr|Q7S6H4|Q7S6H4_NEUCR	tr|Q7S6H4|Q7S6H4_NEUCR	100
tr|Q7S6Y4|Q7S6Y4_NEUCR	tr|Q7S6Y4|Q7S6Y4_NEUCR	100
tr|Q7S718|Q7S718_NEUCR	tr|Q7S718|Q7S718_NEUCR	100
tr|Q7S876|Q7S876_NEUCR	tr|Q7S876|Q7S876_NEUCR	100
sp|Q7S8B6|EXO84_NEUCR	sp|Q7S8B6|EXO84_NEUCR	100
sp|Q7S8R8|RPN1_NEUCR	sp|Q7S8R8|RPN1_NEUCR	100
tr|Q7S905|Q7S905_NEUCR	tr|Q7S905|Q7S905_NEUCR	100
tr|Q7S9D9|Q7S9D9_NEUCR	tr|Q7S9D9|Q7S9D9_NEUCR	100
tr|Q7SAH4|Q7SAH4_NEUCR	tr|Q7SAH4|Q7SAH4_NEUCR	100
sp|Q7SBA0|RCD11_NEUCR	sp|Q7SBA0|RCD11_NEUCR	100
tr|Q7SBV8|Q7SBV8_NEUCR	tr|Q7SBV8|Q7SBV8_NEUCR	100
tr|Q7SEA8|Q7SEA8_NEUCR	tr|Q7SEA8|Q7SEA8_NEUCR	100
tr|Q7SEQ3|Q7SEQ3_NEUCR	tr|Q7SEQ3|Q7SEQ3_NEUCR	100
tr|Q7SES0|Q7SES0_NEUCR	tr|Q7SES0|Q7SES0_NEUCR	100
sp|Q7SFC2|PESC_NEUCR	sp|Q7SFC2|PESC_NEUCR	100
tr|Q7SFG3|Q7SFG3_NEUCR	tr|Q7SFG3|Q7SFG3_NEUCR	100
tr|Q7SFI2|Q7SFI2_NEUCR	tr|Q7SFI2|Q7SFI2_NEUCR	100
tr|Q7SFJ0|Q7SFJ0_NEUCR	tr|Q7SFJ0|Q7SFJ0_NEUCR	100
tr|Q7SFP1|Q7SFP1_NEUCR	tr|Q7SFP1|Q7SFP1_NEUCR	100
sp|Q7SG02|PEX13_NEUCR	sp|Q7SG02|PEX13_NEUCR	100
tr|Q7SG93|Q7SG93_NEUCR	tr|Q7SG93|Q7SG93_NEUCR	100
sp|Q9P5X8|RNH2A_NEUCR	sp|Q9P5X8|RNH2A_NEUCR	100
tr|U9W2N1|U9W2N1_NEUCR	tr|U9W2N1|U9W2N1_NEUCR	100
tr|V5IKI5|V5IKI5_NEUCR	tr|V5IKI5|V5IKI5_NEUCR	100
tr|V5IKM6|V5IKM6_NEUCR	tr|V5IKM6|V5IKM6_NEUCR	100
tr|V5IKY3|V5IKY3_NEUCR	tr|V5IKY3|V5IKY3_NEUCR	100
tr|V5IL04|V5IL04_NEUCR	tr|V5IL04|V5IL04_NEUCR	100
tr|V5IPH7|V5IPH7_NEUCR	tr|V5IPH7|V5IPH7_NEUCR	100
tr|V5IQA0|V5IQA0_NEUCR	tr|V5IQA0|V5IQA0_NEUCR	100
tr|V5IRD1|V5IRD1_NEUCR	tr|V5IRD1|V5IRD1_NEUCR	100
tr|V5IRP0|V5IRP0_NEUCR	tr|V5IRP0|V5IRP0_NEUCR	100
tr|V5IRP4|V5IRP4_NEUCR	tr|V5IRP4|V5IRP4_NEUCR	100
