"Gene ID","Organism","Genomic Location (Gene)","Product Description","Is Pseudo","# Transcripts","Gene Name or Symbol"
"Q0045","Saccharomyces cerevisiae S288C","KP263414:13,818..26,701(+)","cytochrome c oxidase subunit 1","No","1","COX1"
"Q0050","Saccharomyces cerevisiae S288C","KP263414:13,818..16,322(+)","intron-encoded reverse transcriptase aI1","No","1","AI1"
"Q0055","Saccharomyces cerevisiae S288C","KP263414:13,818..18,830(+)","intron-encoded reverse transcriptase aI2","No","1","AI2"
"Q0060","Saccharomyces cerevisiae S288C","KP263414:13,818..19,996(+)","intron-encoded DNA endonuclease aI3","No","1","AI3"
"Q0065","Saccharomyces cerevisiae S288C","KP263414:13,818..21,935(+)","intron-encoded DNA endonuclease aI4","No","1","AI4"
"Q0070","Saccharomyces cerevisiae S288C","KP263414:13,818..23,167(+)","intron-encoded DNA endonuclease aI5 alpha","No","1","AI5_ALPHA"
"Q0075","Saccharomyces cerevisiae S288C","KP263414:24,156..25,255(+)","intron-encoded DNA endonuclease aI5 beta","No","1","AI5_BETA"
"Q0080","Saccharomyces cerevisiae S288C","KP263414:27,666..27,812(+)","F1F0 ATP synthase subunit 8","No","1","ATP8"
"Q0085","Saccharomyces cerevisiae S288C","KP263414:28,487..29,266(+)","F1F0 ATP synthase subunit a","No","1","ATP6"
"Q0105","Saccharomyces cerevisiae S288C","KP263414:36,540..43,647(+)","cytochrome b","No","1","COB"
"Q0110","Saccharomyces cerevisiae S288C","KP263414:36,540..38,579(+)","cytochrome b mRNA maturase bI2","No","1","BI2"
"Q0115","Saccharomyces cerevisiae S288C","KP263414:36,540..40,265(+)","cytochrome b mRNA maturase bI3","No","1","BI3"
"Q0120","Saccharomyces cerevisiae S288C","KP263414:36,540..42,251(+)","intron-encoded RNA maturase bI4","No","1","BI4"
"Q0130","Saccharomyces cerevisiae S288C","KP263414:46,723..46,953(+)","F0 ATP synthase subunit c","No","1","OLI1"
"Q0140","Saccharomyces cerevisiae S288C","KP263414:48,901..50,097(+)","mitochondrial 37S ribosomal protein VAR1","No","1","VAR1"
"Q0160","Saccharomyces cerevisiae S288C","KP263414:61,022..61,729(+)","intron-encoded endonuclease I-SceI","No","1","SCEI"
"Q0250","Saccharomyces cerevisiae S288C","KP263414:73,758..74,513(+)","cytochrome c oxidase subunit 2","No","1","COX2"
"Q0255","Saccharomyces cerevisiae S288C","KP263414:74,495..75,984(+)","maturase-like protein","No","1","N/A"
"Q0275","Saccharomyces cerevisiae S288C","KP263414:79,213..80,022(+)","cytochrome c oxidase subunit 3","No","1","COX3"
"YAL001C","Saccharomyces cerevisiae S288C","BK006935:147,594..151,166(-)","transcription factor TFIIIC subunit TFC3","No","1","TFC3"
"YAL002W","Saccharomyces cerevisiae S288C","BK006935:143,707..147,531(+)","CORVET complex membrane-binding subunit VPS8","No","1","VPS8"
"YAL003W","Saccharomyces cerevisiae S288C","BK006935:142,174..143,160(+)","translation elongation factor 1 subunit beta","No","1","EFB1"
"YAL005C","Saccharomyces cerevisiae S288C","BK006935:139,503..141,431(-)","Hsp70 family ATPase SSA1","No","1","SSA1"
"YAL007C","Saccharomyces cerevisiae S288C","BK006935:137,698..138,345(-)","Erp2p","No","1","ERP2"
"YAL008W","Saccharomyces cerevisiae S288C","BK006935:136,914..137,510(+)","Fun14p","No","1","FUN14"
"YAL009W","Saccharomyces cerevisiae S288C","BK006935:135,854..136,633(+)","Nem1-Spo7 phosphatase regulatory subunit SPO7","No","1","SPO7"
"YAL010C","Saccharomyces cerevisiae S288C","BK006935:134,184..135,665(-)","Mdm10p","No","1","MDM10"
"YAL011W","Saccharomyces cerevisiae S288C","BK006935:132,199..134,076(+)","Swc3p","No","1","SWC3"
"YAL012W","Saccharomyces cerevisiae S288C","BK006935:130,799..131,983(+)","cystathionine gamma-lyase CYS3","No","1","CYS3"
"YAL013W","Saccharomyces cerevisiae S288C","BK006935:129,270..130,487(+)","Rpd3L histone deacetylase complex subunit DEP1","No","1","DEP1"
"YAL014C","Saccharomyces cerevisiae S288C","BK006935:128,252..129,019(-)","syntaxin","No","1","SYN8"
"YAL015C","Saccharomyces cerevisiae S288C","BK006935:126,903..128,102(-)","bifunctional N-glycosylase/AP lyase NTG1","No","1","NTG1"
"YAL016W","Saccharomyces cerevisiae S288C","BK006935:124,879..126,786(+)","protein phosphatase 2A structural subunit TPD3","No","1","TPD3"
"YAL017W","Saccharomyces cerevisiae S288C","BK006935:120,225..124,295(+)","serine/threonine protein kinase PSK1","No","1","PSK1"
"YAL018C","Saccharomyces cerevisiae S288C","BK006935:118,564..119,541(-)","Lds1p","No","1","LDS1"
"YAL019W","Saccharomyces cerevisiae S288C","BK006935:114,919..118,314(+)","DNA-dependent ATPase FUN30","No","1","FUN30"
"YAL020C","Saccharomyces cerevisiae S288C","BK006935:113,614..114,615(-)","Ats1p","No","1","ATS1"
"YAL021C","Saccharomyces cerevisiae S288C","BK006935:110,846..113,359(-)","CCR4-NOT core exoribonuclease subunit CCR4","No","1","CCR4"
"YAL022C","Saccharomyces cerevisiae S288C","BK006935:108,877..110,430(-)","nucleoside transmembrane transporter FUN26","No","1","FUN26"
"YAL023C","Saccharomyces cerevisiae S288C","BK006935:106,272..108,551(-)","dolichyl-phosphate-mannose-protein mannosyltransferase PMT2","No","1","PMT2"
"YAL024C","Saccharomyces cerevisiae S288C","BK006935:101,565..105,872(-)","mitotic regulator LTE1","No","1","LTE1"
"YAL025C","Saccharomyces cerevisiae S288C","BK006935:100,225..101,145(-)","ribosome biosynthesis protein MAK16","No","1","MAK16"
"YAL026C","Saccharomyces cerevisiae S288C","BK006935:95,630..99,697(-)","aminophospholipid-translocating P4-type ATPase DRS2","No","1","DRS2"
"YAL027W","Saccharomyces cerevisiae S288C","BK006935:94,687..95,472(+)","DNA-binding protein SAW1","No","1","SAW1"
"YAL028W","Saccharomyces cerevisiae S288C","BK006935:92,900..94,486(+)","Frt2p","No","1","FRT2"
"YAL029C","Saccharomyces cerevisiae S288C","BK006935:87,855..92,270(-)","myosin 4","No","1","MYO4"
"YAL030W","Saccharomyces cerevisiae S288C","BK006935:87,286..87,752(+)","SNAP receptor SNC1","No","1","SNC1"
"YAL031C","Saccharomyces cerevisiae S288C","BK006935:84,749..87,031(-)","protein phosphatase regulator GIP4","No","1","GIP4"
"YAL032C","Saccharomyces cerevisiae S288C","BK006935:83,335..84,474(-)","mRNA splicing protein PRP45","No","1","PRP45"
"YAL033W","Saccharomyces cerevisiae S288C","BK006935:82,706..83,227(+)","RNA-binding protein POP5","No","1","POP5"
"YAL034C","Saccharomyces cerevisiae S288C","BK006935:80,710..81,951(-)","Fun19p","No","1","FUN19"
"YAL034W-A","Saccharomyces cerevisiae S288C","BK006935:79,718..80,587(+)","MIND complex subunit MTW1","No","1","MTW1"
"YAL035W","Saccharomyces cerevisiae S288C","BK006935:76,427..79,435(+)","translation initiation factor eIF5B","No","1","FUN12"
"YAL036C","Saccharomyces cerevisiae S288C","BK006935:75,043..76,152(-)","GTP-binding protein RBG1","No","1","RBG1"
"YAL037C-A","Saccharomyces cerevisiae S288C","BK006935:73,426..73,518(-)","hypothetical protein","No","1","N/A"
"YAL037W","Saccharomyces cerevisiae S288C","BK006935:74,020..74,823(+)","hypothetical protein","No","1","N/A"
"YAL038W","Saccharomyces cerevisiae S288C","BK006935:71,786..73,288(+)","pyruvate kinase CDC19","No","1","CDC19"
"YAL039C","Saccharomyces cerevisiae S288C","BK006935:68,716..69,525(-)","holocytochrome c synthase CYC3","No","1","CYC3"
"YAL040C","Saccharomyces cerevisiae S288C","BK006935:65,778..67,520(-)","cyclin CLN3","No","1","CLN3"
"YAL041W","Saccharomyces cerevisiae S288C","BK006935:62,840..65,404(+)","Rho family guanine nucleotide exchange factor CDC24","No","1","CDC24"
"YAL042W","Saccharomyces cerevisiae S288C","BK006935:61,316..62,563(+)","Erv46p","No","1","ERV46"
"YAL043C","Saccharomyces cerevisiae S288C","BK006935:58,695..61,052(-)","RNA-processing protein PTA1","No","1","PTA1"
"YAL044C","Saccharomyces cerevisiae S288C","BK006935:57,950..58,462(-)","glycine decarboxylase subunit H","No","1","GCV3"
"YAL044W-A","Saccharomyces cerevisiae S288C","BK006935:57,518..57,850(+)","hypothetical protein","No","1","BOL1"
"YAL046C","Saccharomyces cerevisiae S288C","BK006935:57,029..57,385(-)","Aim1p","No","1","BOL3"
"YAL047C","Saccharomyces cerevisiae S288C","BK006935:54,989..56,857(-)","gamma-tubulin complex subunit SPC72","No","1","SPC72"
"YAL048C","Saccharomyces cerevisiae S288C","BK006935:52,801..54,789(-)","ERMES complex Ca(2+)-binding regulatory GTPase GEM1","No","1","GEM1"
"YAL049C","Saccharomyces cerevisiae S288C","BK006935:51,855..52,595(-)","protein AIM2","No","1","AIM2"
"YAL051W","Saccharomyces cerevisiae S288C","BK006935:48,564..51,707(+)","oleate-activated transcription factor OAF1","No","1","OAF1"
"YAL053W","Saccharomyces cerevisiae S288C","BK006935:45,899..48,250(+)","flavin adenine dinucleotide transporter FLC2","No","1","FLC2"
"YAL054C","Saccharomyces cerevisiae S288C","BK006935:42,881..45,022(-)","acetate--CoA ligase 1","No","1","ACS1"
"YAL055W","Saccharomyces cerevisiae S288C","BK006935:42,177..42,719(+)","ubiquitin-protein transferase activating protein PEX22","No","1","PEX22"
"YAL056W","Saccharomyces cerevisiae S288C","BK006935:39,259..41,901(+)","Gpb2p","No","1","GPB2"
"YAL058W","Saccharomyces cerevisiae S288C","BK006935:37,464..38,972(+)","calnexin","No","1","CNE1"
"YAL059W","Saccharomyces cerevisiae S288C","BK006935:36,509..37,147(+)","Ecm1p","No","1","ECM1"
"YAL060W","Saccharomyces cerevisiae S288C","BK006935:35,155..36,303(+)","(R,R)-butanediol dehydrogenase","No","1","BDH1"
"YAL061W","Saccharomyces cerevisiae S288C","BK006935:33,448..34,701(+)","putative dehydrogenase BDH2","No","1","BDH2"
"YAL062W","Saccharomyces cerevisiae S288C","BK006935:31,567..32,940(+)","glutamate dehydrogenase (NADP(+)) GDH3","No","1","GDH3"
"YAL063C-A","Saccharomyces cerevisiae S288C","BK006935:22,395..22,685(-)","hypothetical protein","No","1","N/A"
"YAL063C","Saccharomyces cerevisiae S288C","BK006935:24,000..27,968(-)","flocculin FLO9","No","1","FLO9"
"YAL064C-A","Saccharomyces cerevisiae S288C","BK006935:13,363..13,743(-)","Tda8p","No","1","TDA8"
"YAL064W-B","Saccharomyces cerevisiae S288C","BK006935:12,046..12,426(+)","hypothetical protein","No","1","N/A"
"YAL064W","Saccharomyces cerevisiae S288C","BK006935:21,566..21,850(+)","hypothetical protein","No","1","N/A"
"YAL065C","Saccharomyces cerevisiae S288C","BK006935:11,565..11,951(-)","hypothetical protein","No","1","N/A"
"YAL067C","Saccharomyces cerevisiae S288C","BK006935:7,235..9,016(-)","putative permease SEO1","No","1","SEO1"
"YAL067W-A","Saccharomyces cerevisiae S288C","BK006935:2,480..2,707(+)","hypothetical protein","No","1","N/A"
"YAL068C","Saccharomyces cerevisiae S288C","BK006935:1,807..2,169(-)","seripauperin PAU8","No","1","PAU8"
"YAR007C","Saccharomyces cerevisiae S288C","BK006935:156,754..158,619(-)","replication factor A subunit protein RFA1","No","1","RFA1"
"YAR003W","Saccharomyces cerevisiae S288C","BK006935:155,005..156,285(+)","COMPASS subunit protein SWD1","No","1","SWD1"
"YAR002C-A","Saccharomyces cerevisiae S288C","BK006935:154,065..154,724(-)","Erp1p","No","1","ERP1"
"YAR002W","Saccharomyces cerevisiae S288C","BK006935:152,257..153,876(+)","FG-nucleoporin NUP60","No","1","NUP60"
"YAR008W","Saccharomyces cerevisiae S288C","BK006935:158,966..159,793(+)","tRNA splicing endonuclease subunit SEN34","No","1","SEN34"
"YAR009C","Saccharomyces cerevisiae S288C","BK006935:160,597..164,187(-)","truncated gag-pol fusion protein","No","1","TY1B-A"
"YAR010C","Saccharomyces cerevisiae S288C","BK006935:164,544..165,866(-)","gag protein","No","1","TY1A-PR1"
"YAR014C","Saccharomyces cerevisiae S288C","BK006935:166,742..168,871(-)","protein phosphatase regulator BUD14","No","1","BUD14"
"YAR015W","Saccharomyces cerevisiae S288C","BK006935:169,375..170,295(+)","phosphoribosylaminoimidazolesuccinocarboxamide synthase","No","1","ADE1"
"YAR018C","Saccharomyces cerevisiae S288C","BK006935:170,396..171,703(-)","serine/threonine protein kinase KIN3","No","1","KIN3"
"YAR019C","Saccharomyces cerevisiae S288C","BK006935:172,211..175,135(-)","serine/threonine protein kinase CDC15","No","1","CDC15"
"YAR020C","Saccharomyces cerevisiae S288C","BK006935:176,856..177,023(-)","seripauperin PAU7","No","1","PAU7"
"YAR023C","Saccharomyces cerevisiae S288C","BK006935:179,281..179,820(-)","DUP240 family protein","No","1","N/A"
"YAR027W","Saccharomyces cerevisiae S288C","BK006935:183,770..184,477(+)","DUP240 family protein UIP3","No","1","UIP3"
"YAR028W","Saccharomyces cerevisiae S288C","BK006935:184,892..185,596(+)","DUP240 family protein","No","1","N/A"
"YAR029W","Saccharomyces cerevisiae S288C","BK006935:186,321..186,545(+)","DUP240 family protein","No","1","N/A"
"YAR031W","Saccharomyces cerevisiae S288C","BK006935:186,836..187,732(+)","pheromone-regulated DUP240 family protein PRM9","No","1","PRM9"
"YAR033W","Saccharomyces cerevisiae S288C","BK006935:188,107..188,811(+)","DUP240 family protein MST28","No","1","MST28"
"YAR035C-A","Saccharomyces cerevisiae S288C","BK006935:192,337..192,417(-)","hypothetical protein","No","1","N/A"
"YAR035W","Saccharomyces cerevisiae S288C","BK006935:190,193..192,256(+)","carnitine O-acetyltransferase YAT1","No","1","YAT1"
"YAR042W","Saccharomyces cerevisiae S288C","BK006935:192,619..196,185(+)","oxysterol-binding protein related protein SWH1","No","1","SWH1"
"YAR050W","Saccharomyces cerevisiae S288C","BK006935:203,403..208,016(+)","flocculin FLO1","No","1","FLO1"
"YAR064W","Saccharomyces cerevisiae S288C","BK006935:220,198..220,497(+)","hypothetical protein","No","1","N/A"
"YAR066W","Saccharomyces cerevisiae S288C","BK006935:221,049..221,660(+)","hypothetical protein","No","1","N/A"
"YAR068W","Saccharomyces cerevisiae S288C","BK006935:222,406..222,891(+)","hypothetical protein","No","1","N/A"
"YAR071W","Saccharomyces cerevisiae S288C","BK006935:225,460..226,863(+)","acid phosphatase PHO11","No","1","PHO11"
"YBL001C","Saccharomyces cerevisiae S288C","BK006936:237,153..237,467(-)","Ecm15p","No","1","ECM15"
"YBL002W","Saccharomyces cerevisiae S288C","BK006936:236,492..236,887(+)","histone H2B","No","1","HTB2"
"YBL003C","Saccharomyces cerevisiae S288C","BK006936:235,394..235,792(-)","histone H2A","No","1","HTA2"
"YBL004W","Saccharomyces cerevisiae S288C","BK006936:227,636..235,117(+)","Utp20p","No","1","UTP20"
"YBL005W-A","Saccharomyces cerevisiae S288C","BK006936:221,330..222,652(+)","gag protein","No","1","TY1A-BL"
"YBL005W-B","Saccharomyces cerevisiae S288C","BK006936:221,330..226,598(+)","gag-pol fusion protein","No","1","TY1B-BL"
"YBL005W","Saccharomyces cerevisiae S288C","BK006936:217,470..220,400(+)","drug-responsive transcription factor PDR3","No","1","PDR3"
"YBL006C","Saccharomyces cerevisiae S288C","BK006936:216,587..217,129(-)","Ldb7p","No","1","LDB7"
"YBL007C","Saccharomyces cerevisiae S288C","BK006936:212,632..216,366(-)","cytoskeletal protein-binding protein SLA1","No","1","SLA1"
"YBL008W-A","Saccharomyces cerevisiae S288C","BK006936:209,409..209,648(+)","hypothetical protein","No","1","N/A"
"YBL010C","Saccharomyces cerevisiae S288C","BK006936:206,107..206,949(-)","hypothetical protein","No","1","LAA2"
"YBL008W","Saccharomyces cerevisiae S288C","BK006936:209,653..212,175(+)","Hir1p","No","1","HIR1"
"YBL009W","Saccharomyces cerevisiae S288C","BK006936:207,194..209,224(+)","protein kinase ALK2","No","1","ALK2"
"YBL011W","Saccharomyces cerevisiae S288C","BK006936:203,538..205,817(+)","bifunctional glycerol-3-phosphate/glycerone-phosphate O-acyltransferase SCT1","No","1","SCT1"
"YBL013W","Saccharomyces cerevisiae S288C","BK006936:202,056..203,261(+)","methionyl-tRNA formyltransferase","No","1","FMT1"
"YBL014C","Saccharomyces cerevisiae S288C","BK006936:199,064..201,748(-)","Rrn6p","No","1","RRN6"
"YBL015W","Saccharomyces cerevisiae S288C","BK006936:194,122..195,702(+)","acetyl-CoA hydrolase","No","1","ACH1"
"YBL016W","Saccharomyces cerevisiae S288C","BK006936:192,451..193,512(+)","mitogen-activated serine/threonine-protein kinase FUS3","No","1","FUS3"
"YBL017C","Saccharomyces cerevisiae S288C","BK006936:186,844..191,583(-)","type I sorting receptor","No","1","PEP1"
"YBL018C","Saccharomyces cerevisiae S288C","BK006936:185,998..186,474(-)","ribonuclease P","No","1","POP8"
"YBL019W","Saccharomyces cerevisiae S288C","BK006936:184,353..185,915(+)","DNA-(apurinic or apyrimidinic site) lyase APN2","No","1","APN2"
"YBL020W","Saccharomyces cerevisiae S288C","BK006936:182,401..184,125(+)","glycolipid translocation protein","No","1","RFT1"
"YBL021C","Saccharomyces cerevisiae S288C","BK006936:181,660..182,094(-)","Hap3p","No","1","HAP3"
"YBL022C","Saccharomyces cerevisiae S288C","BK006936:177,874..181,275(-)","ATP-dependent Lon protease PIM1","No","1","PIM1"
"YBL023C","Saccharomyces cerevisiae S288C","BK006936:174,920..177,526(-)","MCM DNA helicase complex subunit MCM2","No","1","MCM2"
"YBL024W","Saccharomyces cerevisiae S288C","BK006936:172,534..174,588(+)","tRNA (cytosine-5-)-methyltransferase","No","1","NCL1"
"YBL025W","Saccharomyces cerevisiae S288C","BK006936:171,481..171,918(+)","Rrn10p","No","1","RRN10"
"YBL026W","Saccharomyces cerevisiae S288C","BK006936:170,623..171,038(+)","Sm-like protein LSM2","No","1","LSM2"
"YBL027W","Saccharomyces cerevisiae S288C","BK006936:168,423..169,376(+)","ribosomal 60S subunit protein L19B","No","1","RPL19B"
"YBL028C","Saccharomyces cerevisiae S288C","BK006936:167,518..167,838(-)","hypothetical protein","No","1","N/A"
"YBL029C-A","Saccharomyces cerevisiae S288C","BK006936:164,488..164,772(-)","hypothetical protein","No","1","N/A"
"YBL029W","Saccharomyces cerevisiae S288C","BK006936:166,134..167,264(+)","hypothetical protein","No","1","N/A"
"YBL030C","Saccharomyces cerevisiae S288C","BK006936:163,041..163,997(-)","ADP/ATP carrier protein PET9","No","1","PET9"
"YBL031W","Saccharomyces cerevisiae S288C","BK006936:161,699..162,715(+)","She1p","No","1","SHE1"
"YBL032W","Saccharomyces cerevisiae S288C","BK006936:160,184..161,329(+)","Hek2p","No","1","HEK2"
"YBL033C","Saccharomyces cerevisiae S288C","BK006936:158,656..159,693(-)","GTP cyclohydrolase II","No","1","RIB1"
"YBL034C","Saccharomyces cerevisiae S288C","BK006936:153,848..158,389(-)","Stu1p","No","1","STU1"
"YBL035C","Saccharomyces cerevisiae S288C","BK006936:151,493..153,610(-)","DNA-directed DNA polymerase alpha subunit POL12","No","1","POL12"
"YBL036C","Saccharomyces cerevisiae S288C","BK006936:150,447..151,220(-)","hypothetical protein","No","1","N/A"
"YBL037W","Saccharomyces cerevisiae S288C","BK006936:147,209..150,286(+)","Apl3p","No","1","APL3"
"YBL038W","Saccharomyces cerevisiae S288C","BK006936:146,187..146,885(+)","mitochondrial 54S ribosomal protein YmL47","No","1","MRPL16"
"YBL039C","Saccharomyces cerevisiae S288C","BK006936:143,989..145,728(-)","CTP synthase URA7","No","1","URA7"
"YBL039W-B","Saccharomyces cerevisiae S288C","BK006936:143,393..143,572(+)","hypothetical protein","No","1","MIN6"
"YBL040C","Saccharomyces cerevisiae S288C","BK006936:142,112..142,868(-)","Erd2p","No","1","ERD2"
"YBL041W","Saccharomyces cerevisiae S288C","BK006936:141,247..141,972(+)","proteasome core particle subunit beta 6","No","1","PRE7"
"YBL042C","Saccharomyces cerevisiae S288C","BK006936:138,341..140,260(-)","uridine permease","No","1","FUI1"
"YBL043W","Saccharomyces cerevisiae S288C","BK006936:136,688..137,461(+)","Ecm13p","No","1","ECM13"
"YBL044W","Saccharomyces cerevisiae S288C","BK006936:135,998..136,366(+)","hypothetical protein","No","1","N/A"
"YBL045C","Saccharomyces cerevisiae S288C","BK006936:134,143..135,516(-)","ubiquinol--cytochrome-c reductase subunit COR1","No","1","COR1"
"YBL046W","Saccharomyces cerevisiae S288C","BK006936:132,424..133,749(+)","Psy4p","No","1","PSY4"
"YBL047C","Saccharomyces cerevisiae S288C","BK006936:127,895..132,040(-)","Ede1p","No","1","EDE1"
"YBL049W","Saccharomyces cerevisiae S288C","BK006936:126,828..127,244(+)","Moh1p","No","1","MOH1"
"YBL050W","Saccharomyces cerevisiae S288C","BK006936:125,125..126,119(+)","Sec17p","No","1","SEC17"
"YBL051C","Saccharomyces cerevisiae S288C","BK006936:122,753..124,759(-)","Pin4p","No","1","PIN4"
"YBL052C","Saccharomyces cerevisiae S288C","BK006936:119,379..121,874(-)","Sas3p","No","1","SAS3"
"YBL054W","Saccharomyces cerevisiae S288C","BK006936:117,589..119,166(+)","Tod6p","No","1","TOD6"
"YBL055C","Saccharomyces cerevisiae S288C","BK006936:115,573..116,829(-)","3'-5'-exodeoxyribonuclease","No","1","N/A"
"YBL056W","Saccharomyces cerevisiae S288C","BK006936:113,762..115,168(+)","type 2C protein phosphatase PTC3","No","1","PTC3"
"YBL057C","Saccharomyces cerevisiae S288C","BK006936:112,801..113,427(-)","aminoacyl-tRNA hydrolase","No","1","PTH2"
"YBL058W","Saccharomyces cerevisiae S288C","BK006936:111,437..112,708(+)","protein phosphatase regulator SHP1","No","1","SHP1"
"YBL059C-A","Saccharomyces cerevisiae S288C","BK006936:110,125..110,539(-)","Cmc2p","No","1","CMC2"
"YBL059W","Saccharomyces cerevisiae S288C","BK006936:110,594..111,244(+)","hypothetical protein","No","1","IAI11"
"YBL060W","Saccharomyces cerevisiae S288C","BK006936:107,932..109,995(+)","Arf family guanine nucleotide exchange factor YEL1","No","1","YEL1"
"YBL061C","Saccharomyces cerevisiae S288C","BK006936:105,316..107,406(-)","Skt5p","No","1","SKT5"
"YBL063W","Saccharomyces cerevisiae S288C","BK006936:101,886..105,221(+)","Kip1p","No","1","KIP1"
"YBL064C","Saccharomyces cerevisiae S288C","BK006936:100,371..101,156(-)","thioredoxin peroxidase PRX1","No","1","PRX1"
"YBL066C","Saccharomyces cerevisiae S288C","BK006936:96,669..100,115(-)","Sef1p","No","1","SEF1"
"YBL067C","Saccharomyces cerevisiae S288C","BK006936:93,639..95,882(-)","ubiquitin-specific protease UBP13","No","1","UBP13"
"YBL068W","Saccharomyces cerevisiae S288C","BK006936:92,414..93,394(+)","ribose phosphate diphosphokinase subunit PRS4","No","1","PRS4"
"YBL069W","Saccharomyces cerevisiae S288C","BK006936:90,741..92,030(+)","Ast1p","No","1","AST1"
"YBL071C-B","Saccharomyces cerevisiae S288C","BK006936:89,458..89,556(-)","hypothetical protein","No","1","N/A"
"YBL071W-A","Saccharomyces cerevisiae S288C","BK006936:89,978..90,226(+)","Kti11p","No","1","KTI11"
"YBL072C","Saccharomyces cerevisiae S288C","BK006936:88,523..89,125(-)","ribosomal 40S subunit protein S8A","No","1","RPS8A"
"YBL074C","Saccharomyces cerevisiae S288C","BK006936:86,722..87,789(-)","U5 snRNP complex subunit AAR2","No","1","AAR2"
"YBL075C","Saccharomyces cerevisiae S288C","BK006936:84,499..86,448(-)","Hsp70 family ATPase SSA3","No","1","SSA3"
"YBL076C","Saccharomyces cerevisiae S288C","BK006936:81,043..84,261(-)","isoleucine--tRNA ligase ILS1","No","1","ILS1"
"YBL078C","Saccharomyces cerevisiae S288C","BK006936:80,378..80,731(-)","ubiquitin-like protein ATG8","No","1","ATG8"
"YBL079W","Saccharomyces cerevisiae S288C","BK006936:75,259..79,767(+)","Nup170p","No","1","NUP170"
"YBL080C","Saccharomyces cerevisiae S288C","BK006936:73,070..74,695(-)","glutamyl-tRNA(Gln) amidotransferase subunit PET112","No","1","PET112"
"YBL081W","Saccharomyces cerevisiae S288C","BK006936:71,866..72,972(+)","hypothetical protein","No","1","N/A"
"YBL082C","Saccharomyces cerevisiae S288C","BK006936:69,751..71,127(-)","dolichyl-P-Man:Man(5)GlcNAc(2)-PP-dolichol alpha-1,3-mannosyltransferase","No","1","ALG3"
"YBL084C","Saccharomyces cerevisiae S288C","BK006936:67,169..69,445(-)","anaphase promoting complex subunit CDC27","No","1","CDC27"
"YBL085W","Saccharomyces cerevisiae S288C","BK006936:63,876..66,818(+)","Boi1p","No","1","BOI1"
"YBL086C","Saccharomyces cerevisiae S288C","BK006936:61,202..62,602(-)","hypothetical protein","No","1","N/A"
"YBL087C","Saccharomyces cerevisiae S288C","BK006936:59,822..60,739(-)","ribosomal 60S subunit protein L23A","No","1","RPL23A"
"YBL088C","Saccharomyces cerevisiae S288C","BK006936:51,019..59,382(-)","DNA-binding protein kinase TEL1","No","1","TEL1"
"YBL089W","Saccharomyces cerevisiae S288C","BK006936:49,574..50,953(+)","amino acid transporter","No","1","AVT5"
"YBL090W","Saccharomyces cerevisiae S288C","BK006936:48,825..49,358(+)","mitochondrial 37S ribosomal protein MRP21","No","1","MRP21"
"YBL091C-A","Saccharomyces cerevisiae S288C","BK006936:46,565..47,180(-)","phospholipid metabolism-regulating protein SCS22","No","1","SCS22"
"YBL091C","Saccharomyces cerevisiae S288C","BK006936:47,363..48,628(-)","methionine aminopeptidase","No","1","MAP2"
"YBL092W","Saccharomyces cerevisiae S288C","BK006936:45,978..46,370(+)","ribosomal 60S subunit protein L32","No","1","RPL32"
"YBL093C","Saccharomyces cerevisiae S288C","BK006936:44,256..44,918(-)","Rox3p","No","1","ROX3"
"YBL095W","Saccharomyces cerevisiae S288C","BK006936:43,277..44,089(+)","Mrx3p","No","1","MRX3"
"YBL097W","Saccharomyces cerevisiae S288C","BK006936:40,831..43,095(+)","condensin subunit BRN1","No","1","BRN1"
"YBL098W","Saccharomyces cerevisiae S288C","BK006936:39,145..40,527(+)","kynurenine 3-monooxygenase","No","1","BNA4"
"YBL099W","Saccharomyces cerevisiae S288C","BK006936:37,053..38,690(+)","F1F0 ATP synthase subunit alpha","No","1","ATP1"
"YBL100W-A","Saccharomyces cerevisiae S288C","BK006936:29,935..31,251(+)","gag protein","No","1","TY2A-B"
"YBL100W-B","Saccharomyces cerevisiae S288C","BK006936:29,935..35,248(+)","gag-pol fusion protein","No","1","TY2B-B"
"YBL100W-C","Saccharomyces cerevisiae S288C","BK006936:28,427..28,546(+)","hypothetical protein","No","1","N/A"
"YBL101C","Saccharomyces cerevisiae S288C","BK006936:24,946..28,299(-)","Ecm21p","No","1","ECM21"
"YBL102W","Saccharomyces cerevisiae S288C","BK006936:24,098..24,745(+)","Sft2p","No","1","SFT2"
"YBL103C","Saccharomyces cerevisiae S288C","BK006936:22,076..23,536(-)","Rtg3p","No","1","RTG3"
"YBL104C","Saccharomyces cerevisiae S288C","BK006936:18,177..21,293(-)","Sea4p","No","1","SEA4"
"YBL105C","Saccharomyces cerevisiae S288C","BK006936:14,241..17,696(-)","protein kinase C","No","1","PKC1"
"YBL106C","Saccharomyces cerevisiae S288C","BK006936:10,847..13,879(-)","putative Rab GTPase-binding protein SRO77","No","1","SRO77"
"YBL107C","Saccharomyces cerevisiae S288C","BK006936:9,961..10,551(-)","Mix23p","No","1","MIX23"
"YBL108C-A","Saccharomyces cerevisiae S288C","BK006936:7,605..7,733(-)","seripauperin PAU9","No","1","PAU9"
"YBL111C","Saccharomyces cerevisiae S288C","BK006936:2,907..5,009(-)","hypothetical protein","No","1","N/A"
"YBL112C","Saccharomyces cerevisiae S288C","BK006936:2,582..2,899(-)","hypothetical protein","No","1","N/A"
"YBL113C","Saccharomyces cerevisiae S288C","BK006936:280..2,658(-)","hypothetical protein","No","1","N/A"
"YBR001C","Saccharomyces cerevisiae S288C","BK006936:238,941..241,283(-)","alpha","No","1","NTH2"
"YBR002C","Saccharomyces cerevisiae S288C","BK006936:241,708..242,568(-)","ditrans,polycis-polyprenyl diphosphate synthase","No","1","RER2"
"YBR003W","Saccharomyces cerevisiae S288C","BK006936:242,809..244,230(+)","trans-hexaprenyltranstransferase","No","1","COQ1"
"YBR004C","Saccharomyces cerevisiae S288C","BK006936:244,366..245,667(-)","GPI-anchor transamidase GPI18","No","1","GPI18"
"YBR005W","Saccharomyces cerevisiae S288C","BK006936:245,906..246,547(+)","Rcr1p","No","1","RCR1"
"YBR008C","Saccharomyces cerevisiae S288C","BK006936:252,563..254,209(-)","Flr1p","No","1","FLR1"
"YBR006W","Saccharomyces cerevisiae S288C","BK006936:247,010..248,503(+)","succinate-semialdehyde dehydrogenase (NAD(P)(+))","No","1","UGA2"
"YBR007C","Saccharomyces cerevisiae S288C","BK006936:248,806..251,016(-)","Dsf2p","No","1","DSF2"
"YBR009C","Saccharomyces cerevisiae S288C","BK006936:255,373..255,684(-)","histone H4","No","1","HHF1"
"YBR010W","Saccharomyces cerevisiae S288C","BK006936:256,331..256,741(+)","histone H3","No","1","HHT1"
"YBR011C","Saccharomyces cerevisiae S288C","BK006936:257,112..257,975(-)","inorganic diphosphatase IPP1","No","1","IPP1"
"YBR012W-A","Saccharomyces cerevisiae S288C","BK006936:259,869..261,191(+)","gag protein","No","1","TY1A-BR"
"YBR012W-B","Saccharomyces cerevisiae S288C","BK006936:259,869..265,140(+)","gag-pol fusion protein","No","1","TY1B-BR"
"YBR013C","Saccharomyces cerevisiae S288C","BK006936:265,492..265,881(-)","hypothetical protein","No","1","N/A"
"YBR014C","Saccharomyces cerevisiae S288C","BK006936:266,725..267,336(-)","glutathione-disulfide reductase GRX7","No","1","GRX7"
"YBR015C","Saccharomyces cerevisiae S288C","BK006936:267,710..269,503(-)","alpha-1,2-mannosyltransferase MNN2","No","1","MNN2"
"YBR016W","Saccharomyces cerevisiae S288C","BK006936:270,247..270,633(+)","hypothetical protein","No","1","N/A"
"YBR017C","Saccharomyces cerevisiae S288C","BK006936:270,947..273,703(-)","Kap104p","No","1","KAP104"
"YBR018C","Saccharomyces cerevisiae S288C","BK006936:274,427..275,527(-)","UDP-glucose:hexose-1-phosphate uridylyltransferase","No","1","GAL7"
"YBR019C","Saccharomyces cerevisiae S288C","BK006936:276,253..278,352(-)","bifunctional UDP-glucose 4-epimerase/aldose 1-epimerase","No","1","GAL10"
"YBR020W","Saccharomyces cerevisiae S288C","BK006936:279,021..280,607(+)","galactokinase","No","1","GAL1"
"YBR021W","Saccharomyces cerevisiae S288C","BK006936:281,443..283,344(+)","uracil permease","No","1","FUR4"
"YBR022W","Saccharomyces cerevisiae S288C","BK006936:283,738..284,271(+)","ADP-ribose 1''-phosphate phosphatase","No","1","POA1"
"YBR023C","Saccharomyces cerevisiae S288C","BK006936:284,428..287,925(-)","chitin synthase CHS3","No","1","CHS3"
"YBR024W","Saccharomyces cerevisiae S288C","BK006936:289,445..290,350(+)","putative thioredoxin peroxidase SCO2","No","1","SCO2"
"YBR025C","Saccharomyces cerevisiae S288C","BK006936:290,681..291,865(-)","Obg-like ATPase","No","1","OLA1"
"YBR026C","Saccharomyces cerevisiae S288C","BK006936:292,877..294,019(-)","Etr1p","No","1","ETR1"
"YBR028C","Saccharomyces cerevisiae S288C","BK006936:294,425..296,002(-)","putative protein kinase YPK3","No","1","YPK3"
"YBR029C","Saccharomyces cerevisiae S288C","BK006936:296,369..297,742(-)","phosphatidate cytidylyltransferase","No","1","CDS1"
"YBR030W","Saccharomyces cerevisiae S288C","BK006936:298,292..299,950(+)","protein-lysine N-methyltransferase","No","1","RKM3"
"YBR031W","Saccharomyces cerevisiae S288C","BK006936:300,166..301,254(+)","ribosomal 60S subunit protein L4A","No","1","RPL4A"
"YBR033W","Saccharomyces cerevisiae S288C","BK006936:301,944..304,703(+)","Eds1p","No","1","EDS1"
"YBR034C","Saccharomyces cerevisiae S288C","BK006936:304,930..305,976(-)","protein-arginine omega-N methyltransferase HMT1","No","1","HMT1"
"YBR035C","Saccharomyces cerevisiae S288C","BK006936:306,269..306,955(-)","pyridoxamine-phosphate oxidase PDX3","No","1","PDX3"
"YBR036C","Saccharomyces cerevisiae S288C","BK006936:309,081..310,313(-)","mannosylinositol phosphorylceramide synthase regulatory subunit","No","1","CSG2"
"YBR037C","Saccharomyces cerevisiae S288C","BK006936:310,565..311,452(-)","Cu-binding protein SCO1","No","1","SCO1"
"YBR038W","Saccharomyces cerevisiae S288C","BK006936:311,898..314,789(+)","chitin synthase CHS2","No","1","CHS2"
"YBR039W","Saccharomyces cerevisiae S288C","BK006936:315,575..316,510(+)","F1F0 ATP synthase subunit gamma","No","1","ATP3"
"YBR040W","Saccharomyces cerevisiae S288C","BK006936:316,968..317,864(+)","Fig1p","No","1","FIG1"
"YBR041W","Saccharomyces cerevisiae S288C","BK006936:318,266..320,275(+)","long-chain fatty acid transporter FAT1","No","1","FAT1"
"YBR042C","Saccharomyces cerevisiae S288C","BK006936:320,416..321,609(-)","putative acyltransferase","No","1","CST26"
"YBR043C","Saccharomyces cerevisiae S288C","BK006936:321,876..323,945(-)","Qdr3p","No","1","QDR3"
"YBR044C","Saccharomyces cerevisiae S288C","BK006936:324,341..326,059(-)","Tcm62p","No","1","TCM62"
"YBR045C","Saccharomyces cerevisiae S288C","BK006936:328,173..330,092(-)","protein phosphatase regulator GIP1","No","1","GIP1"
"YBR046C","Saccharomyces cerevisiae S288C","BK006936:330,507..331,511(-)","NADPH:quinone reductase","No","1","ZTA1"
"YBR047W","Saccharomyces cerevisiae S288C","BK006936:331,833..332,360(+)","Fmp23p","No","1","FMP23"
"YBR048W","Saccharomyces cerevisiae S288C","BK006936:332,831..333,812(+)","ribosomal 40S subunit protein S11B","No","1","RPS11B"
"YBR049C","Saccharomyces cerevisiae S288C","BK006936:334,386..336,818(-)","DNA-binding protein REB1","No","1","REB1"
"YBR050C","Saccharomyces cerevisiae S288C","BK006936:337,183..338,199(-)","protein phosphatase regulator REG2","No","1","REG2"
"YBR052C","Saccharomyces cerevisiae S288C","BK006936:338,720..339,352(-)","flavodoxin-like fold family protein","No","1","RFS1"
"YBR053C","Saccharomyces cerevisiae S288C","BK006936:339,675..340,751(-)","hypothetical protein","No","1","N/A"
"YBR054W","Saccharomyces cerevisiae S288C","BK006936:343,101..344,135(+)","Yro2p","No","1","YRO2"
"YBR055C","Saccharomyces cerevisiae S288C","BK006936:344,602..347,301(-)","U4/U6-U5 snRNP complex subunit PRP6","No","1","PRP6"
"YBR056W-A","Saccharomyces cerevisiae S288C","BK006936:351,255..351,455(+)","hypothetical protein","No","1","MNC1"
"YBR056W","Saccharomyces cerevisiae S288C","BK006936:347,879..349,384(+)","17-beta-hydroxysteroid dehydrogenase-like protein","No","1","MRX18"
"YBR057C","Saccharomyces cerevisiae S288C","BK006936:352,193..353,293(-)","Mum2p","No","1","MUM2"
"YBR058C-A","Saccharomyces cerevisiae S288C","BK006936:356,324..356,566(-)","Tsc3p","No","1","TSC3"
"YBR058C","Saccharomyces cerevisiae S288C","BK006936:353,672..356,017(-)","ubiquitin-specific protease UBP14","No","1","UBP14"
"YBR059C","Saccharomyces cerevisiae S288C","BK006936:356,861..360,187(-)","serine/threonine protein kinase AKL1","No","1","AKL1"
"YBR060C","Saccharomyces cerevisiae S288C","BK006936:360,652..362,514(-)","origin recognition complex subunit 2","No","1","ORC2"
"YBR061C","Saccharomyces cerevisiae S288C","BK006936:364,787..365,719(-)","tRNA methyltransferase TRM7","No","1","TRM7"
"YBR062C","Saccharomyces cerevisiae S288C","BK006936:365,976..366,600(-)","hypothetical protein","No","1","N/A"
"YBR063C","Saccharomyces cerevisiae S288C","BK006936:366,970..368,184(-)","hypothetical protein","No","1","N/A"
"YBR065C","Saccharomyces cerevisiae S288C","BK006936:368,584..369,678(-)","Ecm2p","No","1","ECM2"
"YBR066C","Saccharomyces cerevisiae S288C","BK006936:370,037..370,699(-)","Nrg2p","No","1","NRG2"
"YBR067C","Saccharomyces cerevisiae S288C","BK006936:372,103..372,735(-)","putative lipase","No","1","TIP1"
"YBR068C","Saccharomyces cerevisiae S288C","BK006936:373,861..375,690(-)","branched-chain amino acid permease BAP2","No","1","BAP2"
"YBR069C","Saccharomyces cerevisiae S288C","BK006936:376,574..378,433(-)","amino acid transporter TAT1","No","1","TAT1"
"YBR070C","Saccharomyces cerevisiae S288C","BK006936:379,221..379,934(-)","N-acetylglucosaminyldiphosphodolichol N-acetylglucosaminyltransferase anchoring subunit ALG14","No","1","ALG14"
"YBR071W","Saccharomyces cerevisiae S288C","BK006936:380,411..381,046(+)","hypothetical protein","No","1","N/A"
"YBR072C-A","Saccharomyces cerevisiae S288C","BK006936:382,860..383,021(-)","hypothetical protein","No","1","N/A"
"YBR072W","Saccharomyces cerevisiae S288C","BK006936:382,030..382,674(+)","chaperone protein HSP26","No","1","HSP26"
"YBR073W","Saccharomyces cerevisiae S288C","BK006936:383,112..385,988(+)","DNA-dependent ATPase RDH54","No","1","RDH54"
"YBR074W","Saccharomyces cerevisiae S288C","BK006936:386,286..389,216(+)","Pff1p","No","1","PFF1"
"YBR076W","Saccharomyces cerevisiae S288C","BK006936:390,227..391,291(+)","Ecm8p","No","1","ECM8"
"YBR077C","Saccharomyces cerevisiae S288C","BK006936:391,805..392,293(-)","Slm4p","No","1","SLM4"
"YBR078W","Saccharomyces cerevisiae S288C","BK006936:393,123..394,742(+)","Ecm33p","No","1","ECM33"
"YBR079C","Saccharomyces cerevisiae S288C","BK006936:395,383..398,277(-)","translation initiation factor eIF3 subunit a","No","1","RPG1"
"YBR080C","Saccharomyces cerevisiae S288C","BK006936:398,614..400,890(-)","AAA family ATPase SEC18","No","1","SEC18"
"YBR081C","Saccharomyces cerevisiae S288C","BK006936:401,253..405,251(-)","SAGA histone acetyltransferase complex subunit SPT7","No","1","SPT7"
"YBR082C","Saccharomyces cerevisiae S288C","BK006936:406,628..407,169(-)","E2 ubiquitin-conjugating protein UBC4","No","1","UBC4"
"YBR083W","Saccharomyces cerevisiae S288C","BK006936:409,169..410,629(+)","Tec1p","No","1","TEC1"
"YBR084C-A","Saccharomyces cerevisiae S288C","BK006936:414,186..415,261(-)","ribosomal 60S subunit protein L19A","No","1","RPL19A"
"YBR084W","Saccharomyces cerevisiae S288C","BK006936:411,054..413,981(+)","trifunctional formate-tetrahydrofolate ligase/methenyltetrahydrofolate cyclohydrolase/methylenetetrahydrofolate dehydrogenase MIS1","No","1","MIS1"
"YBR085C-A","Saccharomyces cerevisiae S288C","BK006936:418,907..419,164(-)","hypothetical protein","No","1","N/A"
"YBR085W","Saccharomyces cerevisiae S288C","BK006936:415,983..416,906(+)","ADP/ATP carrier protein AAC3","No","1","AAC3"
"YBR086C","Saccharomyces cerevisiae S288C","BK006936:420,201..423,041(-)","Ist2p","No","1","IST2"
"YBR087W","Saccharomyces cerevisiae S288C","BK006936:423,765..424,829(+)","replication factor C subunit 5","No","1","RFC5"
"YBR088C","Saccharomyces cerevisiae S288C","BK006936:424,990..425,766(-)","proliferating cell nuclear antigen","No","1","POL30"
"YBR089C-A","Saccharomyces cerevisiae S288C","BK006936:426,190..426,489(-)","high-mobility group nucleosome-binding protein","No","1","NHP6B"
"YBR090C","Saccharomyces cerevisiae S288C","BK006936:426,333..427,058(-)","hypothetical protein","No","1","N/A"
"YBR091C","Saccharomyces cerevisiae S288C","BK006936:427,155..427,484(-)","Tim12p","No","1","TIM12"
"YBR092C","Saccharomyces cerevisiae S288C","BK006936:427,698..429,101(-)","acid phosphatase PHO3","No","1","PHO3"
"YBR093C","Saccharomyces cerevisiae S288C","BK006936:429,548..430,951(-)","acid phosphatase PHO5","No","1","PHO5"
"YBR094W","Saccharomyces cerevisiae S288C","BK006936:432,036..434,297(+)","putative tubulin tyrosine ligase","No","1","PBY1"
"YBR095C","Saccharomyces cerevisiae S288C","BK006936:434,406..435,698(-)","Rxt2p","No","1","RXT2"
"YBR096W","Saccharomyces cerevisiae S288C","BK006936:436,021..436,713(+)","hypothetical protein","No","1","N/A"
"YBR097W","Saccharomyces cerevisiae S288C","BK006936:436,951..441,315(+)","ubiquitin-binding serine/threonine protein kinase VPS15","No","1","VPS15"
"YBR098W","Saccharomyces cerevisiae S288C","BK006936:441,515..443,590(+)","Mms4p","No","1","MMS4"
"YBR101C","Saccharomyces cerevisiae S288C","BK006936:443,821..444,693(-)","Fes1p","No","1","FES1"
"YBR102C","Saccharomyces cerevisiae S288C","BK006936:445,062..447,323(-)","exocyst subunit EXO84","No","1","EXO84"
"YBR103W","Saccharomyces cerevisiae S288C","BK006936:447,709..449,316(+)","Sif2p","No","1","SIF2"
"YBR104W","Saccharomyces cerevisiae S288C","BK006936:449,667..450,656(+)","organic acid transporter","No","1","YMC2"
"YBR105C","Saccharomyces cerevisiae S288C","BK006936:450,881..451,969(-)","glucose-induced degradation complex subunit VID24","No","1","VID24"
"YBR106W","Saccharomyces cerevisiae S288C","BK006936:452,658..453,224(+)","Pho88p","No","1","SND3"
"YBR107C","Saccharomyces cerevisiae S288C","BK006936:453,793..454,530(-)","Iml3p","No","1","IML3"
"YBR108W","Saccharomyces cerevisiae S288C","BK006936:454,822..457,665(+)","Aim3p","No","1","AIM3"
"YBR109C","Saccharomyces cerevisiae S288C","BK006936:457,919..458,362(-)","calmodulin","No","1","CMD1"
"YBR110W","Saccharomyces cerevisiae S288C","BK006936:458,872..460,221(+)","chitobiosyldiphosphodolichol beta-1,4 mannosyltransferase","No","1","ALG1"
"YBR111C","Saccharomyces cerevisiae S288C","BK006936:461,178..461,873(-)","ADP-ribose diphosphatase","No","1","YSA1"
"YBR114W","Saccharomyces cerevisiae S288C","BK006936:467,248..469,620(+)","DNA repair protein RAD16","No","1","RAD16"
"YBR111W-A","Saccharomyces cerevisiae S288C","BK006936:462,139..462,579(+)","Sus1p","No","1","SUS1"
"YBR112C","Saccharomyces cerevisiae S288C","BK006936:462,870..465,770(-)","transcription regulator CYC8","No","1","CYC8"
"YBR115C","Saccharomyces cerevisiae S288C","BK006936:469,748..473,926(-)","L-aminoadipate-semialdehyde dehydrogenase","No","1","LYS2"
"YBR117C","Saccharomyces cerevisiae S288C","BK006936:474,392..476,437(-)","transketolase TKL2","No","1","TKL2"
"YBR118W","Saccharomyces cerevisiae S288C","BK006936:477,671..479,047(+)","translation elongation factor EF-1 alpha","No","1","TEF2"
"YBR119W","Saccharomyces cerevisiae S288C","BK006936:479,338..480,323(+)","Mud1p","No","1","MUD1"
"YBR120C","Saccharomyces cerevisiae S288C","BK006936:480,435..480,923(-)","Cbp6p","No","1","CBP6"
"YBR121C","Saccharomyces cerevisiae S288C","BK006936:481,364..483,367(-)","glycine--tRNA ligase","No","1","GRS1"
"YBR122C","Saccharomyces cerevisiae S288C","BK006936:483,970..484,503(-)","mitochondrial 54S ribosomal protein YmL36","No","1","MRPL36"
"YBR123C","Saccharomyces cerevisiae S288C","BK006936:484,742..486,691(-)","transcription factor TFIIIC subunit TFC1","No","1","TFC1"
"YBR125C","Saccharomyces cerevisiae S288C","BK006936:487,199..488,380(-)","type 2C protein phosphatase PTC4","No","1","PTC4"
"YBR126C","Saccharomyces cerevisiae S288C","BK006936:488,905..490,392(-)","alpha","No","1","TPS1"
"YBR126W-A","Saccharomyces cerevisiae S288C","BK006936:490,850..491,056(+)","hypothetical protein","No","1","MEO1"
"YBR127C","Saccharomyces cerevisiae S288C","BK006936:491,269..492,822(-)","H(+)-transporting V1 sector ATPase subunit B","No","1","VMA2"
"YBR128C","Saccharomyces cerevisiae S288C","BK006936:493,081..494,115(-)","Atg14p","No","1","ATG14"
"YBR129C","Saccharomyces cerevisiae S288C","BK006936:494,353..495,339(-)","Opy1p","No","1","OPY1"
"YBR130C","Saccharomyces cerevisiae S288C","BK006936:495,592..496,869(-)","She3p","No","1","SHE3"
"YBR131W","Saccharomyces cerevisiae S288C","BK006936:497,163..499,277(+)","Ccz1p","No","1","CCZ1"
"YBR132C","Saccharomyces cerevisiae S288C","BK006936:499,652..501,442(-)","Agp2p","No","1","AGP2"
"YBR133C","Saccharomyces cerevisiae S288C","BK006936:501,804..504,287(-)","protein arginine N-methyltransferase","No","1","HSL7"
"YBR135W","Saccharomyces cerevisiae S288C","BK006936:504,854..505,306(+)","cyclin-dependent protein kinase regulatory subunit CKS1","No","1","CKS1"
"YBR136W","Saccharomyces cerevisiae S288C","BK006936:505,668..512,774(+)","protein kinase MEC1","No","1","MEC1"
"YBR137W","Saccharomyces cerevisiae S288C","BK006936:513,044..513,583(+)","hypothetical protein","No","1","N/A"
"YBR138C","Saccharomyces cerevisiae S288C","BK006936:513,762..515,336(-)","hypothetical protein","No","1","N/A"
"YBR139W","Saccharomyces cerevisiae S288C","BK006936:515,664..517,190(+)","carboxypeptidase C","No","1","ATG42"
"YBR140C","Saccharomyces cerevisiae S288C","BK006936:517,350..526,628(-)","GTPase-activating protein IRA1","No","1","IRA1"
"YBR141C","Saccharomyces cerevisiae S288C","BK006936:527,025..528,038(-)","25S rRNA (adenine2142-N1)-methyltransferase","No","1","BMT2"
"YBR142W","Saccharomyces cerevisiae S288C","BK006936:528,317..530,638(+)","putative ATP-dependent RNA helicase","No","1","MAK5"
"YBR143C","Saccharomyces cerevisiae S288C","BK006936:530,869..532,182(-)","translation termination factor eRF1","No","1","SUP45"
"YBR145W","Saccharomyces cerevisiae S288C","BK006936:533,762..534,817(+)","alcohol dehydrogenase ADH5","No","1","ADH5"
"YBR146W","Saccharomyces cerevisiae S288C","BK006936:535,260..536,096(+)","mitochondrial 37S ribosomal protein MRPS9","No","1","MRPS9"
"YBR147W","Saccharomyces cerevisiae S288C","BK006936:536,575..537,465(+)","cationic amino acid transporter","No","1","RTC2"
"YBR148W","Saccharomyces cerevisiae S288C","BK006936:537,876..539,705(+)","Ysw1p","No","1","YSW1"
"YBR149W","Saccharomyces cerevisiae S288C","BK006936:539,987..541,021(+)","D-arabinose 1-dehydrogenase (NAD(P)(+)) ARA1","No","1","ARA1"
"YBR150C","Saccharomyces cerevisiae S288C","BK006936:541,209..544,493(-)","Tbs1p","No","1","TBS1"
"YBR151W","Saccharomyces cerevisiae S288C","BK006936:545,028..545,978(+)","Apd1p","No","1","APD1"
"YBR152W","Saccharomyces cerevisiae S288C","BK006936:546,376..547,251(+)","U4/U6-U5 snRNP complex subunit SPP381","No","1","SPP381"
"YBR153W","Saccharomyces cerevisiae S288C","BK006936:547,460..548,194(+)","2,5-diamino-6-(ribosylamino)-4(3H)-pyrimidinone 5'-phosphate reductase","No","1","RIB7"
"YBR154C","Saccharomyces cerevisiae S288C","BK006936:548,362..549,009(-)","DNA-directed RNA polymerase core subunit RPB5","No","1","RPB5"
"YBR155W","Saccharomyces cerevisiae S288C","BK006936:549,771..550,928(+)","HSP70/90 family co-chaperone CNS1","No","1","CNS1"
"YBR156C","Saccharomyces cerevisiae S288C","BK006936:551,104..553,200(-)","Sli15p","No","1","SLI15"
"YBR157C","Saccharomyces cerevisiae S288C","BK006936:553,543..554,310(-)","Ics2p","No","1","ICS2"
"YBR158W","Saccharomyces cerevisiae S288C","BK006936:556,549..558,198(+)","Amn1p","No","1","AMN1"
"YBR159W","Saccharomyces cerevisiae S288C","BK006936:558,685..559,728(+)","ketoreductase","No","1","IFA38"
"YBR160W","Saccharomyces cerevisiae S288C","BK006936:560,078..560,974(+)","cyclin-dependent serine/threonine-protein kinase CDC28","No","1","CDC28"
"YBR161W","Saccharomyces cerevisiae S288C","BK006936:561,634..562,764(+)","mannosylinositol phosphorylceramide synthase catalytic subunit CSH1","No","1","CSH1"
"YBR162C","Saccharomyces cerevisiae S288C","BK006936:563,203..564,570(-)","Tos1p","No","1","TOS1"
"YBR162W-A","Saccharomyces cerevisiae S288C","BK006936:565,231..565,428(+)","Ysy6p","No","1","YSY6"
"YBR163W","Saccharomyces cerevisiae S288C","BK006936:565,723..567,480(+)","Exo5p","No","1","EXO5"
"YBR164C","Saccharomyces cerevisiae S288C","BK006936:567,875..568,426(-)","Arf family GTPase ARL1","No","1","ARL1"
"YBR165W","Saccharomyces cerevisiae S288C","BK006936:568,852..569,685(+)","Ubs1p","No","1","UBS1"
"YBR166C","Saccharomyces cerevisiae S288C","BK006936:569,842..571,200(-)","prephenate dehydrogenase (NADP(+))","No","1","TYR1"
"YBR167C","Saccharomyces cerevisiae S288C","BK006936:571,468..571,890(-)","ribonuclease P/MRP protein subunit POP7","No","1","POP7"
"YBR168W","Saccharomyces cerevisiae S288C","BK006936:572,371..573,612(+)","Pex32p","No","1","PEX32"
"YBR169C","Saccharomyces cerevisiae S288C","BK006936:573,915..575,996(-)","adenyl-nucleotide exchange factor SSE2","No","1","SSE2"
"YBR170C","Saccharomyces cerevisiae S288C","BK006936:576,344..578,086(-)","Npl4p","No","1","NPL4"
"YBR171W","Saccharomyces cerevisiae S288C","BK006936:578,364..578,984(+)","Sec63 complex subunit SEC66","No","1","SEC66"
"YBR172C","Saccharomyces cerevisiae S288C","BK006936:579,150..581,372(-)","Smy2p","No","1","SMY2"
"YBR173C","Saccharomyces cerevisiae S288C","BK006936:581,726..582,172(-)","Ump1p","No","1","UMP1"
"YBR175W","Saccharomyces cerevisiae S288C","BK006936:582,408..583,355(+)","Swd3p","No","1","SWD3"
"YBR176W","Saccharomyces cerevisiae S288C","BK006936:583,720..584,658(+)","3-methyl-2-oxobutanoate hydroxymethyltransferase","No","1","ECM31"
"YBR177C","Saccharomyces cerevisiae S288C","BK006936:584,807..586,162(-)","medium-chain fatty acid ethyl ester synthase/esterase","No","1","EHT1"
"YBR179C","Saccharomyces cerevisiae S288C","BK006936:586,547..589,114(-)","mitofusin","No","1","FZO1"
"YBR180W","Saccharomyces cerevisiae S288C","BK006936:589,741..591,459(+)","Dtr1p","No","1","DTR1"
"YBR181C","Saccharomyces cerevisiae S288C","BK006936:591,712..592,774(-)","ribosomal 40S subunit protein S6B","No","1","RPS6B"
"YBR182C-A","Saccharomyces cerevisiae S288C","BK006936:595,361..595,555(-)","hypothetical protein","No","1","N/A"
"YBR182C","Saccharomyces cerevisiae S288C","BK006936:593,506..594,864(-)","Smp1p","No","1","SMP1"
"YBR183W","Saccharomyces cerevisiae S288C","BK006936:596,115..597,065(+)","phytoceramidase","No","1","YPC1"
"YBR184W","Saccharomyces cerevisiae S288C","BK006936:597,363..598,934(+)","hypothetical protein","No","1","N/A"
"YBR185C","Saccharomyces cerevisiae S288C","BK006936:599,123..599,959(-)","Mba1p","No","1","MBA1"
"YBR186W","Saccharomyces cerevisiae S288C","BK006936:600,553..602,360(+)","Pch2p","No","1","PCH2"
"YBR187W","Saccharomyces cerevisiae S288C","BK006936:602,634..603,476(+)","putative ribosome biosynthesis protein GDT1","No","1","GDT1"
"YBR188C","Saccharomyces cerevisiae S288C","BK006936:603,685..604,107(-)","Ntc20p","No","1","NTC20"
"YBR189W","Saccharomyces cerevisiae S288C","BK006936:604,508..605,508(+)","ribosomal 40S subunit protein S9B","No","1","RPS9B"
"YBR191W","Saccharomyces cerevisiae S288C","BK006936:606,270..607,140(+)","ribosomal 60S subunit protein L21A","No","1","RPL21A"
"YBR192W","Saccharomyces cerevisiae S288C","BK006936:607,652..608,785(+)","Rim2p","No","1","RIM2"
"YBR193C","Saccharomyces cerevisiae S288C","BK006936:609,082..609,753(-)","Med8p","No","1","MED8"
"YBR194W","Saccharomyces cerevisiae S288C","BK006936:610,038..610,409(+)","Aim4p","No","1","AIM4"
"YBR195C","Saccharomyces cerevisiae S288C","BK006936:610,614..611,882(-)","Msi1p","No","1","MSI1"
"YBR196C-A","Saccharomyces cerevisiae S288C","BK006936:614,024..614,173(-)","hypothetical protein","No","1","N/A"
"YBR196C-B","Saccharomyces cerevisiae S288C","BK006936:614,526..614,630(-)","hypothetical protein","No","1","N/A"
"YBR196C","Saccharomyces cerevisiae S288C","BK006936:612,236..613,900(-)","glucose-6-phosphate isomerase","No","1","PGI1"
"YBR197C","Saccharomyces cerevisiae S288C","BK006936:615,203..615,856(-)","hypothetical protein","No","1","N/A"
"YBR198C","Saccharomyces cerevisiae S288C","BK006936:616,127..618,523(-)","chromatin modification protein TAF5","No","1","TAF5"
"YBR199W","Saccharomyces cerevisiae S288C","BK006936:618,909..620,303(+)","putative mannosyltransferase","No","1","KTR4"
"YBR200W-A","Saccharomyces cerevisiae S288C","BK006936:622,983..623,147(+)","hypothetical protein","No","1","N/A"
"YBR200W","Saccharomyces cerevisiae S288C","BK006936:620,872..622,527(+)","phosphatidylinositol-3-phosphate-binding protein BEM1","No","1","BEM1"
"YBR201C-A","Saccharomyces cerevisiae S288C","BK006936:624,493..624,696(-)","hypothetical protein","No","1","MIN7"
"YBR201W","Saccharomyces cerevisiae S288C","BK006936:623,576..624,211(+)","Der1p","No","1","DER1"
"YBR202W","Saccharomyces cerevisiae S288C","BK006936:625,772..628,309(+)","mini-chromosome maintenance complex protein 7","No","1","MCM7"
"YBR203W","Saccharomyces cerevisiae S288C","BK006936:629,168..631,942(+)","Cos111p","No","1","COS111"
"YBR204C","Saccharomyces cerevisiae S288C","BK006936:632,254..633,381(-)","triacylglycerol lipase","No","1","LDH1"
"YBR205W","Saccharomyces cerevisiae S288C","BK006936:633,622..634,836(+)","mannosyltransferase KTR3","No","1","KTR3"
"YBR207W","Saccharomyces cerevisiae S288C","BK006936:635,146..636,543(+)","Fth1p","No","1","FTH1"
"YBR208C","Saccharomyces cerevisiae S288C","BK006936:636,703..642,210(-)","bifunctional urea carboxylase/allophanate hydrolase","No","1","DUR1,2"
"YBR210W","Saccharomyces cerevisiae S288C","BK006936:645,550..645,978(+)","Erv15p","No","1","ERV15"
"YBR211C","Saccharomyces cerevisiae S288C","BK006936:646,158..647,132(-)","Ame1p","No","1","AME1"
"YBR212W","Saccharomyces cerevisiae S288C","BK006936:647,886..649,904(+)","Ngr1p","No","1","NGR1"
"YBR213W","Saccharomyces cerevisiae S288C","BK006936:650,368..651,192(+)","bifunctional precorrin-2 dehydrogenase/sirohydrochlorin ferrochelatase MET8","No","1","MET8"
"YBR214W","Saccharomyces cerevisiae S288C","BK006936:651,415..652,998(+)","Sds24p","No","1","SDS24"
"YBR215W","Saccharomyces cerevisiae S288C","BK006936:653,356..655,317(+)","Hpc2p","No","1","HPC2"
"YBR216C","Saccharomyces cerevisiae S288C","BK006936:655,576..657,600(-)","Ybp1p","No","1","YBP1"
"YBR217W","Saccharomyces cerevisiae S288C","BK006936:657,832..658,392(+)","Atg12p","No","1","ATG12"
"YBR218C","Saccharomyces cerevisiae S288C","BK006936:658,707..662,249(-)","pyruvate carboxylase 2","No","1","PYC2"
"YBR221C","Saccharomyces cerevisiae S288C","BK006936:665,153..666,253(-)","pyruvate dehydrogenase (acetyl-transferring) subunit E1 beta","No","1","PDB1"
"YBR219C","Saccharomyces cerevisiae S288C","BK006936:662,499..663,303(-)","hypothetical protein","No","1","N/A"
"YBR220C","Saccharomyces cerevisiae S288C","BK006936:662,995..664,677(-)","hypothetical protein","No","1","N/A"
"YBR221W-A","Saccharomyces cerevisiae S288C","BK006936:666,538..666,642(+)","hypothetical protein","No","1","N/A"
"YBR222C","Saccharomyces cerevisiae S288C","BK006936:666,720..668,351(-)","Pcs60p","No","1","PCS60"
"YBR223C","Saccharomyces cerevisiae S288C","BK006936:668,663..670,297(-)","tyrosyl-DNA phosphodiesterase 1","No","1","TDP1"
"YBR225W","Saccharomyces cerevisiae S288C","BK006936:670,627..673,329(+)","hypothetical protein","No","1","N/A"
"YBR227C","Saccharomyces cerevisiae S288C","BK006936:673,572..675,134(-)","Mcx1p","No","1","MCX1"
"YBR228W","Saccharomyces cerevisiae S288C","BK006936:675,313..676,227(+)","endonuclease","No","1","SLX1"
"YBR229C","Saccharomyces cerevisiae S288C","BK006936:676,357..679,221(-)","glucan 1,3-alpha-glucosidase ROT2","No","1","ROT2"
"YBR230C","Saccharomyces cerevisiae S288C","BK006936:679,549..680,050(-)","Om14p","No","1","OM14"
"YBR230W-A","Saccharomyces cerevisiae S288C","BK006936:680,362..680,562(+)","hypothetical protein","No","1","COQ21"
"YBR231C","Saccharomyces cerevisiae S288C","BK006936:682,179..683,090(-)","Swc5p","No","1","SWC5"
"YBR233W-A","Saccharomyces cerevisiae S288C","BK006936:684,977..685,261(+)","Dad3p","No","1","DAD3"
"YBR233W","Saccharomyces cerevisiae S288C","BK006936:683,428..684,669(+)","Pbp2p","No","1","PBP2"
"YBR234C","Saccharomyces cerevisiae S288C","BK006936:685,438..686,592(-)","Arc40p","No","1","ARC40"
"YBR235W","Saccharomyces cerevisiae S288C","BK006936:686,901..690,263(+)","Vhc1p","No","1","VHC1"
"YBR236C","Saccharomyces cerevisiae S288C","BK006936:690,383..691,693(-)","mRNA (guanine-N7)-methyltransferase","No","1","ABD1"
"YBR237W","Saccharomyces cerevisiae S288C","BK006936:691,969..694,518(+)","DEAD-box RNA helicase PRP5","No","1","PRP5"
"YBR238C","Saccharomyces cerevisiae S288C","BK006936:695,107..697,302(-)","hypothetical protein","No","1","N/A"
"YBR239C","Saccharomyces cerevisiae S288C","BK006936:698,354..699,943(-)","Ert1p","No","1","ERT1"
"YBR240C","Saccharomyces cerevisiae S288C","BK006936:700,490..701,842(-)","Thi2p","No","1","THI2"
"YBR241C","Saccharomyces cerevisiae S288C","BK006936:702,589..704,055(-)","hypothetical protein","No","1","VVS1"
"YBR242W","Saccharomyces cerevisiae S288C","BK006936:704,670..705,386(+)","hypothetical protein","No","1","N/A"
"YBR243C","Saccharomyces cerevisiae S288C","BK006936:705,447..706,793(-)","UDP-N-acetylglucosamine--dolichyl-phosphate N-acetylglucosaminephosphotransferase","No","1","ALG7"
"YBR244W","Saccharomyces cerevisiae S288C","BK006936:707,528..708,016(+)","glutathione peroxidase GPX2","No","1","GPX2"
"YBR245C","Saccharomyces cerevisiae S288C","BK006936:708,150..711,539(-)","chromatin-remodeling ATPase ISW1","No","1","ISW1"
"YBR246W","Saccharomyces cerevisiae S288C","BK006936:711,591..712,754(+)","diphthamide synthase","No","1","RRT2"
"YBR247C","Saccharomyces cerevisiae S288C","BK006936:713,004..714,455(-)","snoRNA-binding rRNA-processing protein ENP1","No","1","ENP1"
"YBR248C","Saccharomyces cerevisiae S288C","BK006936:714,807..716,465(-)","imidazoleglycerol-phosphate synthase","No","1","HIS7"
"YBR249C","Saccharomyces cerevisiae S288C","BK006936:716,882..717,994(-)","3-deoxy-7-phosphoheptulonate synthase ARO4","No","1","ARO4"
"YBR250W","Saccharomyces cerevisiae S288C","BK006936:719,033..720,604(+)","Spo23p","No","1","SPO23"
"YBR251W","Saccharomyces cerevisiae S288C","BK006936:721,390..722,313(+)","mitochondrial 37S ribosomal protein MRPS5","No","1","MRPS5"
"YBR252W","Saccharomyces cerevisiae S288C","BK006936:722,611..723,054(+)","bifunctional dITP/dUTP diphosphatase","No","1","DUT1"
"YBR253W","Saccharomyces cerevisiae S288C","BK006936:723,270..723,635(+)","Srb6p","No","1","SRB6"
"YBR254C","Saccharomyces cerevisiae S288C","BK006936:723,736..724,263(-)","TRAPP subunit TRS20","No","1","TRS20"
"YBR255C-A","Saccharomyces cerevisiae S288C","BK006936:726,618..727,074(-)","hypothetical protein","No","1","RCF3"
"YBR255W","Saccharomyces cerevisiae S288C","BK006936:724,456..726,540(+)","Mtc4p","No","1","MTC4"
"YBR256C","Saccharomyces cerevisiae S288C","BK006936:727,386..728,102(-)","riboflavin synthase","No","1","RIB5"
"YBR257W","Saccharomyces cerevisiae S288C","BK006936:728,885..729,724(+)","RNase P/RNase MRP complex subunit","No","1","POP4"
"YBR258C","Saccharomyces cerevisiae S288C","BK006936:729,734..730,162(-)","Shg1p","No","1","SHG1"
"YBR259W","Saccharomyces cerevisiae S288C","BK006936:730,387..732,453(+)","hypothetical protein","No","1","N/A"
"YBR260C","Saccharomyces cerevisiae S288C","BK006936:732,639..734,639(-)","Rgd1p","No","1","RGD1"
"YBR261C","Saccharomyces cerevisiae S288C","BK006936:734,832..735,530(-)","N-terminal protein methyltransferase","No","1","TAE1"
"YBR262C","Saccharomyces cerevisiae S288C","BK006936:735,720..736,040(-)","Mic12p","No","1","MIC12"
"YBR263W","Saccharomyces cerevisiae S288C","BK006936:736,264..737,736(+)","glycine hydroxymethyltransferase SHM1","No","1","SHM1"
"YBR264C","Saccharomyces cerevisiae S288C","BK006936:737,770..738,369(-)","Rab family GTPase YPT10","No","1","YPT10"
"YBR265W","Saccharomyces cerevisiae S288C","BK006936:738,582..739,544(+)","3-dehydrosphinganine reductase","No","1","TSC10"
"YBR267W","Saccharomyces cerevisiae S288C","BK006936:739,841..741,022(+)","Rei1p","No","1","REI1"
"YBR268W","Saccharomyces cerevisiae S288C","BK006936:741,299..741,616(+)","mitochondrial 54S ribosomal protein YmL37","No","1","MRPL37"
"YBR269C","Saccharomyces cerevisiae S288C","BK006936:742,160..742,576(-)","Sdh8p","No","1","SDH8"
"YBR270C","Saccharomyces cerevisiae S288C","BK006936:742,761..744,398(-)","Bit2p","No","1","BIT2"
"YBR271W","Saccharomyces cerevisiae S288C","BK006936:744,852..746,111(+)","S-adenosylmethionine-dependent methyltransferase","No","1","EFM2"
"YBR272C","Saccharomyces cerevisiae S288C","BK006936:746,361..747,803(-)","Hsm3p","No","1","HSM3"
"YBR273C","Saccharomyces cerevisiae S288C","BK006936:748,061..749,371(-)","Ubx7p","No","1","UBX7"
"YBR274W","Saccharomyces cerevisiae S288C","BK006936:749,594..751,177(+)","serine/threonine protein kinase CHK1","No","1","CHK1"
"YBR275C","Saccharomyces cerevisiae S288C","BK006936:751,356..757,106(-)","DNA-binding protein RIF1","No","1","RIF1"
"YBR276C","Saccharomyces cerevisiae S288C","BK006936:757,620..760,043(-)","tyrosine/serine/threonine protein phosphatase PPS1","No","1","PPS1"
"YBR278W","Saccharomyces cerevisiae S288C","BK006936:760,294..760,899(+)","DNA polymerase epsilon noncatalytic subunit","No","1","DPB3"
"YBR279W","Saccharomyces cerevisiae S288C","BK006936:761,257..762,594(+)","Paf1p","No","1","PAF1"
"YBR280C","Saccharomyces cerevisiae S288C","BK006936:762,784..764,697(-)","SCF ubiquitin ligase complex subunit SAF1","No","1","SAF1"
"YBR281C","Saccharomyces cerevisiae S288C","BK006936:764,970..767,606(-)","glutamine amidotransferase subunit DUG2","No","1","DUG2"
"YBR282W","Saccharomyces cerevisiae S288C","BK006936:768,240..768,680(+)","mitochondrial 54S ribosomal protein YmL27","No","1","MRPL27"
"YBR283C","Saccharomyces cerevisiae S288C","BK006936:768,943..770,415(-)","Ssh1p","No","1","SSH1"
"YBR284W","Saccharomyces cerevisiae S288C","BK006936:771,239..773,632(+)","metallo-dependent hydrolase superfamily protein","No","1","N/A"
"YBR285W","Saccharomyces cerevisiae S288C","BK006936:773,922..774,356(+)","hypothetical protein","No","1","N/A"
"YBR286W","Saccharomyces cerevisiae S288C","BK006936:774,700..776,313(+)","Ape3p","No","1","APE3"
"YBR287W","Saccharomyces cerevisiae S288C","BK006936:776,571..777,854(+)","hypothetical protein","No","1","N/A"
"YBR288C","Saccharomyces cerevisiae S288C","BK006936:778,012..779,463(-)","Apm3p","No","1","APM3"
"YBR289W","Saccharomyces cerevisiae S288C","BK006936:779,667..782,384(+)","Snf5p","No","1","SNF5"
"YBR290W","Saccharomyces cerevisiae S288C","BK006936:782,591..783,556(+)","Bsd2p","No","1","BSD2"
"YBR291C","Saccharomyces cerevisiae S288C","BK006936:783,673..784,572(-)","Ctp1p","No","1","CTP1"
"YBR293W","Saccharomyces cerevisiae S288C","BK006936:787,006..788,430(+)","Vba2p","No","1","VBA2"
"YBR294W","Saccharomyces cerevisiae S288C","BK006936:789,235..791,814(+)","sulfate permease","No","1","SUL1"
"YBR295W","Saccharomyces cerevisiae S288C","BK006936:792,849..796,499(+)","cation-transporting P-type ATPase PCA1","No","1","PCA1"
"YBR296C-A","Saccharomyces cerevisiae S288C","BK006936:800,123..800,242(-)","hypothetical protein","No","1","TYC1"
"YBR296C","Saccharomyces cerevisiae S288C","BK006936:796,798..798,522(-)","Pho89p","No","1","PHO89"
"YBR297W","Saccharomyces cerevisiae S288C","BK006936:800,523..801,929(+)","transcription factor MAL33","No","1","MAL33"
"YBR298C-A","Saccharomyces cerevisiae S288C","BK006936:805,035..805,256(-)","hypothetical protein","No","1","N/A"
"YBR298C","Saccharomyces cerevisiae S288C","BK006936:802,631..804,475(-)","maltose permease","No","1","MAL31"
"YBR299W","Saccharomyces cerevisiae S288C","BK006936:805,351..807,105(+)","alpha-glucosidase MAL32","No","1","MAL32"
"YBR301W","Saccharomyces cerevisiae S288C","BK006936:809,057..809,419(+)","seripauperin PAU24","No","1","PAU24"
"YBR302C","Saccharomyces cerevisiae S288C","BK006936:810,340..811,479(-)","Cos2p","No","1","COS2"
"YCL001W-A","Saccharomyces cerevisiae S288C","BK006937:113,080..113,541(+)","hypothetical protein","No","1","N/A"
"YCL001W-B","Saccharomyces cerevisiae S288C","BK006937:113,770..114,024(+)","hypothetical protein","No","1","N/A"
"YCL001W","Saccharomyces cerevisiae S288C","BK006937:111,916..112,482(+)","protein retreival receptor","No","1","RER1"
"YCL002C","Saccharomyces cerevisiae S288C","BK006937:110,808..111,675(-)","hypothetical protein","No","1","N/A"
"YCL004W","Saccharomyces cerevisiae S288C","BK006937:109,105..110,670(+)","CDP-diacylglycerol--glycerol-3-phosphate 3-phosphatidyltransferase","No","1","PGS1"
"YCL005W-A","Saccharomyces cerevisiae S288C","BK006937:107,023..107,417(+)","H(+)-transporting V0 sector ATPase subunit e","No","1","VMA9"
"YCL005W","Saccharomyces cerevisiae S288C","BK006937:108,021..108,791(+)","Ldb16p","No","1","LDB16"
"YCL008C","Saccharomyces cerevisiae S288C","BK006937:105,696..106,853(-)","ubiquitin-binding ESCRT-I subunit protein STP22","No","1","STP22"
"YCL009C","Saccharomyces cerevisiae S288C","BK006937:104,619..105,548(-)","acetolactate synthase regulatory subunit","No","1","ILV6"
"YCL010C","Saccharomyces cerevisiae S288C","BK006937:103,571..104,350(-)","Sgf29p","No","1","SGF29"
"YCL011C","Saccharomyces cerevisiae S288C","BK006937:102,075..103,358(-)","single-stranded telomeric DNA-binding/mRNA-binding protein","No","1","GBP2"
"YCL012C","Saccharomyces cerevisiae S288C","BK006937:101,317..101,788(-)","hypothetical protein","No","1","N/A"
"YCL014W","Saccharomyces cerevisiae S288C","BK006937:96,281..101,191(+)","Bud3p","No","1","BUD3"
"YCL016C","Saccharomyces cerevisiae S288C","BK006937:94,621..95,763(-)","Dcc1p","No","1","DCC1"
"YCL017C","Saccharomyces cerevisiae S288C","BK006937:92,777..94,270(-)","Nfs1p","No","1","NFS1"
"YCL018W","Saccharomyces cerevisiae S288C","BK006937:91,324..92,418(+)","3-isopropylmalate dehydrogenase","No","1","LEU2"
"YCL019W","Saccharomyces cerevisiae S288C","BK006937:85,102..90,415(+)","gag-pol fusion protein","No","1","TY2B-C"
"YCL020W","Saccharomyces cerevisiae S288C","BK006937:85,102..86,418(+)","gag protein","No","1","TY2A-C"
"YCL021W-A","Saccharomyces cerevisiae S288C","BK006937:83,620..83,997(+)","hypothetical protein","No","1","N/A"
"YCL024W","Saccharomyces cerevisiae S288C","BK006937:79,162..82,275(+)","serine/threonine protein kinase","No","1","KCC4"
"YCL025C","Saccharomyces cerevisiae S288C","BK006937:76,018..77,919(-)","amino acid transporter AGP1","No","1","AGP1"
"YCL027W","Saccharomyces cerevisiae S288C","BK006937:71,803..73,341(+)","Fus1p","No","1","FUS1"
"YCL026C-A","Saccharomyces cerevisiae S288C","BK006937:74,704..75,285(-)","type II nitroreductase","No","1","FRM2"
"YCL026C-B","Saccharomyces cerevisiae S288C","BK006937:73,405..73,986(-)","putative nitroreductase","No","1","HBN1"
"YCL028W","Saccharomyces cerevisiae S288C","BK006937:70,150..71,367(+)","prion domain-containing protein RNQ1","No","1","RNQ1"
"YCL029C","Saccharomyces cerevisiae S288C","BK006937:68,599..69,921(-)","Bik1p","No","1","BIK1"
"YCL030C","Saccharomyces cerevisiae S288C","BK006937:65,934..68,333(-)","trifunctional histidinol dehydrogenase/phosphoribosyl-AMP cyclohydrolase/phosphoribosyl-ATP diphosphatase","No","1","HIS4"
"YCL031C","Saccharomyces cerevisiae S288C","BK006937:64,675..65,568(-)","Rrp7p","No","1","RRP7"
"YCL032W","Saccharomyces cerevisiae S288C","BK006937:63,441..64,481(+)","Ste50p","No","1","STE50"
"YCL033C","Saccharomyces cerevisiae S288C","BK006937:62,776..63,282(-)","Mxr2p","No","1","MXR2"
"YCL034W","Saccharomyces cerevisiae S288C","BK006937:61,658..62,722(+)","Lsb5p","No","1","LSB5"
"YCL035C","Saccharomyces cerevisiae S288C","BK006937:60,841..61,173(-)","dithiol glutaredoxin GRX1","No","1","GRX1"
"YCL036W","Saccharomyces cerevisiae S288C","BK006937:59,026..60,726(+)","Gfd2p","No","1","GFD2"
"YCL037C","Saccharomyces cerevisiae S288C","BK006937:57,374..58,678(-)","Sro9p","No","1","SRO9"
"YCL038C","Saccharomyces cerevisiae S288C","BK006937:54,941..56,527(-)","Atg22p","No","1","ATG22"
"YCL039W","Saccharomyces cerevisiae S288C","BK006937:52,645..54,882(+)","glucose-induced degradation complex subunit GID7","No","1","GID7"
"YCL040W","Saccharomyces cerevisiae S288C","BK006937:50,838..52,340(+)","glucokinase","No","1","GLK1"
"YCL042W","Saccharomyces cerevisiae S288C","BK006937:50,584..50,943(+)","hypothetical protein","No","1","N/A"
"YCL043C","Saccharomyces cerevisiae S288C","BK006937:48,653..50,221(-)","protein disulfide isomerase PDI1","No","1","PDI1"
"YCL044C","Saccharomyces cerevisiae S288C","BK006937:47,111..48,364(-)","Mgr1p","No","1","MGR1"
"YCL045C","Saccharomyces cerevisiae S288C","BK006937:44,623..46,905(-)","Emc1p","No","1","EMC1"
"YCL047C","Saccharomyces cerevisiae S288C","BK006937:43,661..44,437(-)","nicotinamide-nucleotide adenylyltransferase","No","1","POF1"
"YCL048W-A","Saccharomyces cerevisiae S288C","BK006937:41,488..41,727(+)","hypothetical protein","No","1","N/A"
"YCL048W","Saccharomyces cerevisiae S288C","BK006937:42,165..43,556(+)","Sps22p","No","1","SPS22"
"YCL049C","Saccharomyces cerevisiae S288C","BK006937:39,786..40,724(-)","hypothetical protein","No","1","N/A"
"YCL050C","Saccharomyces cerevisiae S288C","BK006937:37,836..38,801(-)","bifunctional AP-4-A phosphorylase/ADP sulfurylase","No","1","APA1"
"YCL051W","Saccharomyces cerevisiae S288C","BK006937:35,865..37,616(+)","Lre1p","No","1","LRE1"
"YCL052C","Saccharomyces cerevisiae S288C","BK006937:34,143..35,393(-)","Pbn1p","No","1","PBN1"
"YCL054W-A","Saccharomyces cerevisiae S288C","BK006937:30,910..30,996(+)","Rdt1p","No","1","RDT1"
"YCL054W","Saccharomyces cerevisiae S288C","BK006937:31,449..33,974(+)","27S pre-rRNA (guanosine2922-2'-O)-methyltransferase","No","1","SPB1"
"YCL055W","Saccharomyces cerevisiae S288C","BK006937:27,929..28,936(+)","Kar4p","No","1","KAR4"
"YCL056C","Saccharomyces cerevisiae S288C","BK006937:26,925..27,359(-)","Pex34p","No","1","PEX34"
"YCL057C-A","Saccharomyces cerevisiae S288C","BK006937:24,032..24,325(-)","Mic10p","No","1","MIC10"
"YCL057W","Saccharomyces cerevisiae S288C","BK006937:24,768..26,906(+)","metalloendopeptidase","No","1","PRD1"
"YCL058C","Saccharomyces cerevisiae S288C","BK006937:23,523..23,981(-)","Fyv5p","No","1","FYV5"
"YCL058W-A","Saccharomyces cerevisiae S288C","BK006937:23,584..23,925(+)","Adf1p","No","1","ADF1"
"YCL059C","Saccharomyces cerevisiae S288C","BK006937:22,429..23,379(-)","ribosome biosynthesis protein KRR1","No","1","KRR1"
"YCL061C","Saccharomyces cerevisiae S288C","BK006937:18,816..22,106(-)","chromatin-modulating protein MRC1","No","1","MRC1"
"YCL063W","Saccharomyces cerevisiae S288C","BK006937:17,290..18,561(+)","Vac17p","No","1","VAC17"
"YCL064C","Saccharomyces cerevisiae S288C","BK006937:15,798..16,880(-)","L-serine/L-threonine ammonia-lyase CHA1","No","1","CHA1"
"YCL066W","Saccharomyces cerevisiae S288C","BK006937:13,282..13,809(+)","transcriptional co-activator mating type protein alpha","No","1","HMLALPHA1"
"YCL067C","Saccharomyces cerevisiae S288C","BK006937:12,386..13,018(-)","homeodomain mating type protein alpha2","No","1","HMLALPHA2"
"YCL068C","Saccharomyces cerevisiae S288C","BK006937:11,503..12,285(-)","hypothetical protein","No","1","N/A"
"YCL069W","Saccharomyces cerevisiae S288C","BK006937:9,706..11,082(+)","basic amino acid transporter","No","1","VBA3"
"YCL073C","Saccharomyces cerevisiae S288C","BK006937:6,479..8,326(-)","glutathione exchanger","No","1","GEX1"
"YCR002C","Saccharomyces cerevisiae S288C","BK006937:117,380..118,348(-)","septin CDC10","No","1","CDC10"
"YCR003W","Saccharomyces cerevisiae S288C","BK006937:118,620..119,171(+)","mitochondrial 54S ribosomal protein YmL32","No","1","MRPL32"
"YCR004C","Saccharomyces cerevisiae S288C","BK006937:119,575..120,318(-)","flavodoxin-like fold family protein","No","1","YCP4"
"YCR005C","Saccharomyces cerevisiae S288C","BK006937:120,946..122,328(-)","citrate (Si)-synthase CIT2","No","1","CIT2"
"YCR007C","Saccharomyces cerevisiae S288C","BK006937:126,011..126,730(-)","DUP240 family protein","No","1","N/A"
"YCR008W","Saccharomyces cerevisiae S288C","BK006937:128,470..130,281(+)","serine/threonine protein kinase SAT4","No","1","SAT4"
"YCR009C","Saccharomyces cerevisiae S288C","BK006937:130,745..131,542(-)","amphiphysin-like protein RVS161","No","1","RVS161"
"YCR010C","Saccharomyces cerevisiae S288C","BK006937:132,273..133,124(-)","Ady2p","No","1","ADY2"
"YCR011C","Saccharomyces cerevisiae S288C","BK006937:133,724..136,873(-)","putative ATP-dependent permease ADP1","No","1","ADP1"
"YCR012W","Saccharomyces cerevisiae S288C","BK006937:137,746..138,996(+)","phosphoglycerate kinase","No","1","PGK1"
"YCR014C","Saccharomyces cerevisiae S288C","BK006937:139,185..140,933(-)","DNA-directed DNA polymerase IV","No","1","POL4"
"YCR015C","Saccharomyces cerevisiae S288C","BK006937:141,217..142,170(-)","Cto1p","No","1","CTO1"
"YCR016W","Saccharomyces cerevisiae S288C","BK006937:143,634..144,506(+)","hypothetical protein","No","1","N/A"
"YCR017C","Saccharomyces cerevisiae S288C","BK006937:144,773..147,634(-)","Cwh43p","No","1","CWH43"
"YCR018C","Saccharomyces cerevisiae S288C","BK006937:148,238..148,903(-)","Srd1p","No","1","SRD1"
"YCR019W","Saccharomyces cerevisiae S288C","BK006937:152,837..153,928(+)","Mak32p","No","1","MAK32"
"YCR020C-A","Saccharomyces cerevisiae S288C","BK006937:154,830..155,096(-)","Mak31p","No","1","MAK31"
"YCR020C","Saccharomyces cerevisiae S288C","BK006937:154,012..154,659(-)","Pet18p","No","1","PET18"
"YCR020W-B","Saccharomyces cerevisiae S288C","BK006937:155,320..155,556(+)","Htl1p","No","1","HTL1"
"YCR021C","Saccharomyces cerevisiae S288C","BK006937:156,109..157,107(-)","Hsp30p","No","1","HSP30"
"YCR023C","Saccharomyces cerevisiae S288C","BK006937:158,538..160,373(-)","hypothetical protein","No","1","N/A"
"YCR024C-A","Saccharomyces cerevisiae S288C","BK006937:162,945..163,067(-)","proteolipid ATPase","No","1","PMP1"
"YCR024C-B","Saccharomyces cerevisiae S288C","BK006937:162,599..162,865(-)","hypothetical protein","No","1","N/A"
"YCR024C","Saccharomyces cerevisiae S288C","BK006937:160,744..162,222(-)","asparagine--tRNA ligase SLM5","No","1","SLM5"
"YCR026C","Saccharomyces cerevisiae S288C","BK006937:164,111..166,339(-)","nucleotide diphosphatase/phosphodiesterase NPP1","No","1","NPP1"
"YCR027C","Saccharomyces cerevisiae S288C","BK006937:167,370..167,999(-)","putative GTPase RHB1","No","1","RHB1"
"YCR028C-A","Saccharomyces cerevisiae S288C","BK006937:172,950..173,440(-)","Rim1p","No","1","RIM1"
"YCR028C","Saccharomyces cerevisiae S288C","BK006937:170,886..172,424(-)","Fen2p","No","1","FEN2"
"YCR030C","Saccharomyces cerevisiae S288C","BK006937:173,826..176,438(-)","Syp1p","No","1","SYP1"
"YCR031C","Saccharomyces cerevisiae S288C","BK006937:177,500..178,220(-)","ribosomal 40S subunit protein S14A","No","1","RPS14A"
"YCR032W","Saccharomyces cerevisiae S288C","BK006937:179,520..186,023(+)","Bph1p","No","1","BPH1"
"YCR033W","Saccharomyces cerevisiae S288C","BK006937:186,489..190,169(+)","Snt1p","No","1","SNT1"
"YCR034W","Saccharomyces cerevisiae S288C","BK006937:190,592..191,635(+)","fatty acid elongase ELO2","No","1","ELO2"
"YCR035C","Saccharomyces cerevisiae S288C","BK006937:191,834..193,018(-)","exosome non-catalytic core subunit RRP43","No","1","RRP43"
"YCR036W","Saccharomyces cerevisiae S288C","BK006937:193,297..194,298(+)","putative ribokinase","No","1","RBK1"
"YCR037C","Saccharomyces cerevisiae S288C","BK006937:194,414..197,185(-)","SPX domain-containing inorganic phosphate transporter","No","1","PHO87"
"YCR038C","Saccharomyces cerevisiae S288C","BK006937:197,621..199,549(-)","Ras family guanine nucleotide exchange factor BUD5","No","1","BUD5"
"YCR039C","Saccharomyces cerevisiae S288C","BK006937:199,546..200,178(-)","homeodomain mating type protein alpha2","No","1","MATALPHA2"
"YCR040W","Saccharomyces cerevisiae S288C","BK006937:200,442..200,969(+)","transcriptional co-activator mating type protein alpha","No","1","MATALPHA1"
"YCR041W","Saccharomyces cerevisiae S288C","BK006937:200,911..201,243(+)","hypothetical protein","No","1","N/A"
"YCR042C","Saccharomyces cerevisiae S288C","BK006937:201,174..205,397(-)","Taf2p","No","1","TAF2"
"YCR043C","Saccharomyces cerevisiae S288C","BK006937:206,261..206,644(-)","hypothetical protein","No","1","N/A"
"YCR044C","Saccharomyces cerevisiae S288C","BK006937:206,877..207,950(-)","Per1p","No","1","PER1"
"YCR045C","Saccharomyces cerevisiae S288C","BK006937:208,135..209,610(-)","Rrt12p","No","1","RRT12"
"YCR046C","Saccharomyces cerevisiae S288C","BK006937:209,914..210,423(-)","mitochondrial 54S ribosomal protein IMG1","No","1","IMG1"
"YCR047C","Saccharomyces cerevisiae S288C","BK006937:210,718..211,545(-)","18S rRNA (guanine1575-N7)-methyltransferase","No","1","BUD23"
"YCR048W","Saccharomyces cerevisiae S288C","BK006937:211,929..213,761(+)","sterol acyltransferase","No","1","ARE1"
"YCR050C","Saccharomyces cerevisiae S288C","BK006937:213,464..213,772(-)","hypothetical protein","No","1","N/A"
"YCR051W","Saccharomyces cerevisiae S288C","BK006937:214,071..214,739(+)","hypothetical protein","No","1","N/A"
"YCR052W","Saccharomyces cerevisiae S288C","BK006937:214,994..216,445(+)","Rsc6p","No","1","RSC6"
"YCR053W","Saccharomyces cerevisiae S288C","BK006937:216,697..218,241(+)","threonine synthase THR4","No","1","THR4"
"YCR054C","Saccharomyces cerevisiae S288C","BK006937:218,376..220,067(-)","Ctr86p","No","1","CTR86"
"YCR057C","Saccharomyces cerevisiae S288C","BK006937:220,457..223,228(-)","snoRNA-binding rRNA-processing protein PWP2","No","1","PWP2"
"YCR059C","Saccharomyces cerevisiae S288C","BK006937:223,454..224,230(-)","Yih1p","No","1","YIH1"
"YCR060W","Saccharomyces cerevisiae S288C","BK006937:224,399..224,734(+)","Tah1p","No","1","TAH1"
"YCR061W","Saccharomyces cerevisiae S288C","BK006937:225,563..227,458(+)","hypothetical protein","No","1","TVS1"
"YCR063W","Saccharomyces cerevisiae S288C","BK006937:228,318..228,791(+)","U2 snRNP complex subunit BUD31","No","1","BUD31"
"YCR065W","Saccharomyces cerevisiae S288C","BK006937:229,310..231,004(+)","Hcm1p","No","1","HCM1"
"YCR066W","Saccharomyces cerevisiae S288C","BK006937:231,500..232,963(+)","E3 ubiquitin-protein ligase RAD18","No","1","RAD18"
"YCR069W","Saccharomyces cerevisiae S288C","BK006937:239,055..240,011(+)","peptidylprolyl isomerase family protein CPR4","No","1","CPR4"
"YCR067C","Saccharomyces cerevisiae S288C","BK006937:233,125..236,322(-)","Sed4p","No","1","SED4"
"YCR068W","Saccharomyces cerevisiae S288C","BK006937:237,214..238,776(+)","triglyceride lipase ATG15","No","1","ATG15"
"YCR071C","Saccharomyces cerevisiae S288C","BK006937:240,103..240,543(-)","mitochondrial 54S ribosomal protein IMG2","No","1","IMG2"
"YCR072C","Saccharomyces cerevisiae S288C","BK006937:240,805..242,352(-)","Rsa4p","No","1","RSA4"
"YCR073C","Saccharomyces cerevisiae S288C","BK006937:242,588..246,583(-)","mitogen-activated protein kinase kinase kinase SSK22","No","1","SSK22"
"YCR073W-A","Saccharomyces cerevisiae S288C","BK006937:246,963..247,910(+)","Sol2p","No","1","SOL2"
"YCR075C","Saccharomyces cerevisiae S288C","BK006937:248,033..248,815(-)","cystinosin-like protein ERS1","No","1","ERS1"
"YCR075W-A","Saccharomyces cerevisiae S288C","BK006937:248,975..249,202(+)","Ego2p","No","1","EGO2"
"YCR076C","Saccharomyces cerevisiae S288C","BK006937:249,293..250,045(-)","Fub1p","No","1","FUB1"
"YCR077C","Saccharomyces cerevisiae S288C","BK006937:250,238..252,628(-)","Pat1p","No","1","PAT1"
"YCR079W","Saccharomyces cerevisiae S288C","BK006937:252,845..254,173(+)","type 2C protein phosphatase PTC6","No","1","PTC6"
"YCR081W","Saccharomyces cerevisiae S288C","BK006937:254,371..258,654(+)","Srb8p","No","1","SRB8"
"YCR082W","Saccharomyces cerevisiae S288C","BK006937:258,883..259,269(+)","Ahc2p","No","1","AHC2"
"YCR083W","Saccharomyces cerevisiae S288C","BK006937:259,578..259,961(+)","Trx3p","No","1","TRX3"
"YCR084C","Saccharomyces cerevisiae S288C","BK006937:260,311..262,452(-)","chromatin-silencing transcriptional regulator TUP1","No","1","TUP1"
"YCR086W","Saccharomyces cerevisiae S288C","BK006937:263,392..263,964(+)","Csm1p","No","1","CSM1"
"YCR087C-A","Saccharomyces cerevisiae S288C","BK006937:264,006..264,467(-)","hypothetical protein","No","1","N/A"
"YCR088W","Saccharomyces cerevisiae S288C","BK006937:265,068..266,846(+)","Abp1p","No","1","ABP1"
"YCR089W","Saccharomyces cerevisiae S288C","BK006937:267,434..272,263(+)","Fig2p","No","1","FIG2"
"YCR090C","Saccharomyces cerevisiae S288C","BK006937:272,315..272,863(-)","hypothetical protein","No","1","N/A"
"YCR091W","Saccharomyces cerevisiae S288C","BK006937:274,404..276,566(+)","putative serine/threonine protein kinase KIN82","No","1","KIN82"
"YCR092C","Saccharomyces cerevisiae S288C","BK006937:276,764..279,820(-)","mismatch repair protein MSH3","No","1","MSH3"
"YCR093W","Saccharomyces cerevisiae S288C","BK006937:280,117..286,443(+)","CCR4-NOT core subunit CDC39","No","1","CDC39"
"YCR094W","Saccharomyces cerevisiae S288C","BK006937:286,762..287,937(+)","aminophospholipid translocase regulatory protein CDC50","No","1","CDC50"
"YCR095C","Saccharomyces cerevisiae S288C","BK006937:288,170..289,258(-)","Oca4p","No","1","OCA4"
"YCR095W-A","Saccharomyces cerevisiae S288C","BK006937:289,639..289,797(+)","hypothetical protein","No","1","N/A"
"YCR096C","Saccharomyces cerevisiae S288C","BK006937:293,179..293,538(-)","homeodomain mating type protein a2","No","1","HMRA2"
"YCR097W","Saccharomyces cerevisiae S288C","BK006937:293,835..294,321(+)","Hmra1p","No","1","HMRA1"
"YCR098C","Saccharomyces cerevisiae S288C","BK006937:297,049..298,605(-)","Git1p","No","1","GIT1"
"YCR099C","Saccharomyces cerevisiae S288C","BK006937:300,832..301,299(-)","hypothetical protein","No","1","N/A"
"YCR100C","Saccharomyces cerevisiae S288C","BK006937:301,271..302,221(-)","hypothetical protein","No","1","EMA35"
"YCR101C","Saccharomyces cerevisiae S288C","BK006937:302,482..303,030(-)","hypothetical protein","No","1","N/A"
"YCR102C","Saccharomyces cerevisiae S288C","BK006937:304,361..305,467(-)","hypothetical protein","No","1","N/A"
"YCR104W","Saccharomyces cerevisiae S288C","BK006937:307,801..308,175(+)","seripauperin PAU3","No","1","PAU3"
"YCR105W","Saccharomyces cerevisiae S288C","BK006937:309,070..310,155(+)","NADP-dependent alcohol dehydrogenase","No","1","ADH7"
"YCR106W","Saccharomyces cerevisiae S288C","BK006937:310,958..313,456(+)","Rds1p","No","1","RDS1"
"YCR107W","Saccharomyces cerevisiae S288C","BK006937:313,890..314,981(+)","putative aryl-alcohol dehydrogenase","No","1","AAD3"
"YCR108C","Saccharomyces cerevisiae S288C","BK006937:315,997..316,188(-)","hypothetical protein","No","1","N/A"
"YDL001W","Saccharomyces cerevisiae S288C","BK006938:447,984..449,276(+)","Rmd1p","No","1","RMD1"
"YDL002C","Saccharomyces cerevisiae S288C","BK006938:446,967..447,578(-)","Nhp10p","No","1","NHP10"
"YDL003W","Saccharomyces cerevisiae S288C","BK006938:444,683..446,383(+)","kleisin alpha","No","1","MCD1"
"YDL004W","Saccharomyces cerevisiae S288C","BK006938:443,029..443,511(+)","F1F0 ATP synthase subunit delta","No","1","ATP16"
"YDL005C","Saccharomyces cerevisiae S288C","BK006938:441,014..442,309(-)","Med2p","No","1","MED2"
"YDL006W","Saccharomyces cerevisiae S288C","BK006938:439,909..440,754(+)","type 2C protein phosphatase PTC1","No","1","PTC1"
"YDL007C-A","Saccharomyces cerevisiae S288C","BK006938:436,567..436,824(-)","hypothetical protein","No","1","N/A"
"YDL007W","Saccharomyces cerevisiae S288C","BK006938:438,047..439,360(+)","proteasome regulatory particle base subunit RPT2","No","1","RPT2"
"YDL008W","Saccharomyces cerevisiae S288C","BK006938:433,497..433,994(+)","anaphase promoting complex subunit 11","No","1","APC11"
"YDL009C","Saccharomyces cerevisiae S288C","BK006938:432,925..433,248(-)","hypothetical protein","No","1","N/A"
"YDL010W","Saccharomyces cerevisiae S288C","BK006938:432,330..433,025(+)","glutathione-disulfide reductase GRX6","No","1","GRX6"
"YDL012C","Saccharomyces cerevisiae S288C","BK006938:431,108..431,517(-)","hypothetical protein","No","1","N/A"
"YDL013W","Saccharomyces cerevisiae S288C","BK006938:429,067..430,926(+)","SUMO-targeted ubiquitin ligase complex subunit SLX5","No","1","SLX5"
"YDL014W","Saccharomyces cerevisiae S288C","BK006938:427,364..428,347(+)","rRNA methyltransferase NOP1","No","1","NOP1"
"YDL015C","Saccharomyces cerevisiae S288C","BK006938:426,002..426,934(-)","trans-2-enoyl-CoA reductase (NADPH) TSC13","No","1","TSC13"
"YDL017W","Saccharomyces cerevisiae S288C","BK006938:424,209..425,732(+)","serine/threonine protein kinase CDC7","No","1","CDC7"
"YDL018C","Saccharomyces cerevisiae S288C","BK006938:422,833..423,510(-)","Erp3p","No","1","ERP3"
"YDL019C","Saccharomyces cerevisiae S288C","BK006938:417,663..421,514(-)","oxysterol-binding protein related protein OSH2","No","1","OSH2"
"YDL020C","Saccharomyces cerevisiae S288C","BK006938:415,113..416,708(-)","stress-regulated transcription factor RPN4","No","1","RPN4"
"YDL021W","Saccharomyces cerevisiae S288C","BK006938:413,953..414,888(+)","phosphoglycerate mutase family protein GPM2","No","1","GPM2"
"YDL022C-A","Saccharomyces cerevisiae S288C","BK006938:409,808..410,056(-)","hypothetical protein","No","1","N/A"
"YDL022W","Saccharomyces cerevisiae S288C","BK006938:411,825..413,000(+)","glycerol-3-phosphate dehydrogenase (NAD(+)) GPD1","No","1","GPD1"
"YDL024C","Saccharomyces cerevisiae S288C","BK006938:408,451..409,857(-)","putative acid phosphatase DIA3","No","1","DIA3"
"YDL025C","Saccharomyces cerevisiae S288C","BK006938:405,344..407,206(-)","putative serine/threonine protein kinase RTK1","No","1","RTK1"
"YDL027C","Saccharomyces cerevisiae S288C","BK006938:403,695..404,957(-)","Mrx9p","No","1","MRX9"
"YDL028C","Saccharomyces cerevisiae S288C","BK006938:400,997..403,291(-)","serine/threonine/tyrosine protein kinase MPS1","No","1","MPS1"
"YDL029W","Saccharomyces cerevisiae S288C","BK006938:399,340..400,638(+)","actin-related protein 2","No","1","ARP2"
"YDL030W","Saccharomyces cerevisiae S288C","BK006938:397,537..399,129(+)","SF3a splicing factor complex subunit PRP9","No","1","PRP9"
"YDL031W","Saccharomyces cerevisiae S288C","BK006938:394,217..397,204(+)","putative ATP-dependent RNA helicase DBP10","No","1","DBP10"
"YDL033C","Saccharomyces cerevisiae S288C","BK006938:392,659..393,912(-)","tRNA-5-taurinomethyluridine 2-sulfurtransferase","No","1","SLM3"
"YDL035C","Saccharomyces cerevisiae S288C","BK006938:389,172..392,057(-)","Gpr1p","No","1","GPR1"
"YDL036C","Saccharomyces cerevisiae S288C","BK006938:387,513..388,901(-)","pseudouridine synthase PUS9","No","1","PUS9"
"YDL037C","Saccharomyces cerevisiae S288C","BK006938:384,601..385,587(-)","Bsc1p","No","1","BSC1"
"YDL039C","Saccharomyces cerevisiae S288C","BK006938:381,985..384,081(-)","pheromone-regulated protein PRM7","No","1","PRM7"
"YDL040C","Saccharomyces cerevisiae S288C","BK006938:378,874..381,438(-)","peptide alpha-N-acetyltransferase complex A subunit NAT1","No","1","NAT1"
"YDL042C","Saccharomyces cerevisiae S288C","BK006938:376,757..378,445(-)","NAD-dependent histone deacetylase SIR2","No","1","SIR2"
"YDL043C","Saccharomyces cerevisiae S288C","BK006938:375,680..376,480(-)","Prp11p","No","1","PRP11"
"YDL044C","Saccharomyces cerevisiae S288C","BK006938:373,967..375,289(-)","Mtf2p","No","1","MTF2"
"YDL045C","Saccharomyces cerevisiae S288C","BK006938:372,688..373,608(-)","FMN adenylyltransferase","No","1","FAD1"
"YDL045W-A","Saccharomyces cerevisiae S288C","BK006938:372,248..372,535(+)","mitochondrial 37S ribosomal protein YmS-T","No","1","MRP10"
"YDL046W","Saccharomyces cerevisiae S288C","BK006938:371,240..371,761(+)","sterol transporter","No","1","NPC2"
"YDL047W","Saccharomyces cerevisiae S288C","BK006938:369,771..370,706(+)","type 2A-related serine/threonine-protein phosphatase SIT4","No","1","SIT4"
"YDL048C","Saccharomyces cerevisiae S288C","BK006938:366,739..368,211(-)","Stp4p","No","1","STP4"
"YDL049C","Saccharomyces cerevisiae S288C","BK006938:365,068..365,874(-)","Knh1p","No","1","KNH1"
"YDL051W","Saccharomyces cerevisiae S288C","BK006938:363,952..364,779(+)","Lhp1p","No","1","LHP1"
"YDL052C","Saccharomyces cerevisiae S288C","BK006938:362,672..363,583(-)","1-acylglycerol-3-phosphate O-acyltransferase SLC1","No","1","SLC1"
"YDL053C","Saccharomyces cerevisiae S288C","BK006938:361,699..362,256(-)","Pbp4p","No","1","PBP4"
"YDL054C","Saccharomyces cerevisiae S288C","BK006938:359,825..361,285(-)","Mch1p","No","1","MCH1"
"YDL055C","Saccharomyces cerevisiae S288C","BK006938:355,674..356,759(-)","mannose-1-phosphate guanylyltransferase","No","1","PSA1"
"YDL056W","Saccharomyces cerevisiae S288C","BK006938:352,877..355,378(+)","transcription factor MBP1","No","1","MBP1"
"YDL057W","Saccharomyces cerevisiae S288C","BK006938:351,434..352,420(+)","hypothetical protein","No","1","N/A"
"YDL058W","Saccharomyces cerevisiae S288C","BK006938:345,665..351,037(+)","Uso1p","No","1","USO1"
"YDL059C","Saccharomyces cerevisiae S288C","BK006938:344,237..344,953(-)","Rad59p","No","1","RAD59"
"YDL060W","Saccharomyces cerevisiae S288C","BK006938:341,619..343,985(+)","Tsr1p","No","1","TSR1"
"YDL061C","Saccharomyces cerevisiae S288C","BK006938:340,628..340,798(-)","ribosomal 40S subunit protein S29B","No","1","RPS29B"
"YDL063C","Saccharomyces cerevisiae S288C","BK006938:338,272..340,134(-)","Syo1p","No","1","SYO1"
"YDL064W","Saccharomyces cerevisiae S288C","BK006938:337,487..338,070(+)","E2 SUMO-conjugating protein UBC9","No","1","UBC9"
"YDL065C","Saccharomyces cerevisiae S288C","BK006938:336,249..337,277(-)","Pex19p","No","1","PEX19"
"YDL066W","Saccharomyces cerevisiae S288C","BK006938:334,835..336,121(+)","isocitrate dehydrogenase (NADP(+)) IDP1","No","1","IDP1"
"YDL067C","Saccharomyces cerevisiae S288C","BK006938:334,217..334,396(-)","cytochrome c oxidase subunit VIIa","No","1","COX9"
"YDL069C","Saccharomyces cerevisiae S288C","BK006938:333,121..333,810(-)","Cbs1p","No","1","CBS1"
"YDL070W","Saccharomyces cerevisiae S288C","BK006938:331,024..332,940(+)","Bdf2p","No","1","BDF2"
"YDL072C","Saccharomyces cerevisiae S288C","BK006938:329,836..330,447(-)","Yet3p","No","1","YET3"
"YDL073W","Saccharomyces cerevisiae S288C","BK006938:326,613..329,567(+)","Ahk1p","No","1","AHK1"
"YDL074C","Saccharomyces cerevisiae S288C","BK006938:324,047..326,149(-)","E3 ubiquitin-protein ligase BRE1","No","1","BRE1"
"YDL075W","Saccharomyces cerevisiae S288C","BK006938:322,226..322,988(+)","ribosomal 60S subunit protein L31A","No","1","RPL31A"
"YDL078C","Saccharomyces cerevisiae S288C","BK006938:315,357..316,388(-)","malate dehydrogenase MDH3","No","1","MDH3"
"YDL076C","Saccharomyces cerevisiae S288C","BK006938:320,668..321,552(-)","Rxt3p","No","1","RXT3"
"YDL077C","Saccharomyces cerevisiae S288C","BK006938:316,971..320,120(-)","Vam6p","No","1","VAM6"
"YDL079C","Saccharomyces cerevisiae S288C","BK006938:312,951..314,748(-)","putative serine/threonine protein kinase MRK1","No","1","MRK1"
"YDL080C","Saccharomyces cerevisiae S288C","BK006938:310,642..312,471(-)","branched-chain-2-oxoacid decarboxylase THI3","No","1","THI3"
"YDL081C","Saccharomyces cerevisiae S288C","BK006938:309,802..310,122(-)","ribosomal protein P1A","No","1","RPP1A"
"YDL082W","Saccharomyces cerevisiae S288C","BK006938:308,424..309,388(+)","ribosomal 60S subunit protein L13A","No","1","RPL13A"
"YDL083C","Saccharomyces cerevisiae S288C","BK006938:306,926..307,789(-)","ribosomal 40S subunit protein S16B","No","1","RPS16B"
"YDL084W","Saccharomyces cerevisiae S288C","BK006938:305,237..306,577(+)","ATP-dependent RNA helicase SUB2","No","1","SUB2"
"YDL085C-A","Saccharomyces cerevisiae S288C","BK006938:302,464..302,670(-)","hypothetical protein","No","1","N/A"
"YDL085W","Saccharomyces cerevisiae S288C","BK006938:303,211..304,848(+)","NADH-ubiquinone reductase (H(+)-translocating) NDE2","No","1","NDE2"
"YDL086W","Saccharomyces cerevisiae S288C","BK006938:301,413..302,234(+)","carboxymethylenebutenolidase","No","1","N/A"
"YDL087C","Saccharomyces cerevisiae S288C","BK006938:300,214..300,999(-)","Luc7p","No","1","LUC7"
"YDL088C","Saccharomyces cerevisiae S288C","BK006938:298,417..300,003(-)","FG-nucleoporin ASM4","No","1","ASM4"
"YDL089W","Saccharomyces cerevisiae S288C","BK006938:296,820..298,274(+)","Nur1p","No","1","NUR1"
"YDL090C","Saccharomyces cerevisiae S288C","BK006938:295,034..296,329(-)","protein farnesyltransferase","No","1","RAM1"
"YDL091C","Saccharomyces cerevisiae S288C","BK006938:293,392..294,759(-)","Ubx3p","No","1","UBX3"
"YDL092W","Saccharomyces cerevisiae S288C","BK006938:292,781..293,221(+)","RNA-binding signal recognition particle subunit SRP14","No","1","SRP14"
"YDL093W","Saccharomyces cerevisiae S288C","BK006938:289,909..292,140(+)","putative dolichyl-phosphate-mannose-protein mannosyltransferase PMT5","No","1","PMT5"
"YDL095W","Saccharomyces cerevisiae S288C","BK006938:287,059..289,512(+)","dolichyl-phosphate-mannose-protein mannosyltransferase PMT1","No","1","PMT1"
"YDL097C","Saccharomyces cerevisiae S288C","BK006938:285,391..286,695(-)","proteasome regulatory particle lid subunit RPN6","No","1","RPN6"
"YDL098C","Saccharomyces cerevisiae S288C","BK006938:284,581..285,165(-)","U4/U6-U5 snRNP complex subunit SNU23","No","1","SNU23"
"YDL099W","Saccharomyces cerevisiae S288C","BK006938:283,419..284,444(+)","Bug1p","No","1","BUG1"
"YDL100C","Saccharomyces cerevisiae S288C","BK006938:282,112..283,176(-)","guanine nucleotide exchange factor GET3","No","1","GET3"
"YDL101C","Saccharomyces cerevisiae S288C","BK006938:280,307..281,848(-)","serine/threonine protein kinase DUN1","No","1","DUN1"
"YDL102W","Saccharomyces cerevisiae S288C","BK006938:276,872..280,165(+)","DNA-directed DNA polymerase delta POL3","No","1","POL3"
"YDL103C","Saccharomyces cerevisiae S288C","BK006938:275,148..276,581(-)","UDP-N-acetylglucosamine diphosphorylase","No","1","QRI1"
"YDL104C","Saccharomyces cerevisiae S288C","BK006938:273,653..274,876(-)","putative N(6)-L-threonylcarbamoyladenine synthase","No","1","QRI7"
"YDL105W","Saccharomyces cerevisiae S288C","BK006938:272,389..273,597(+)","Smc5-Smc6 complex subunit NSE4","No","1","NSE4"
"YDL106C","Saccharomyces cerevisiae S288C","BK006938:270,222..271,901(-)","Pho2p","No","1","PHO2"
"YDL107W","Saccharomyces cerevisiae S288C","BK006938:268,921..269,976(+)","Mss2p","No","1","MSS2"
"YDL108W","Saccharomyces cerevisiae S288C","BK006938:267,698..268,699(+)","TFIIH complex serine/threonine-protein kinase subunit KIN28","No","1","KIN28"
"YDL109C","Saccharomyces cerevisiae S288C","BK006938:265,258..267,201(-)","putative lipase","No","1","N/A"
"YDL110C","Saccharomyces cerevisiae S288C","BK006938:264,512..264,964(-)","Tma17p","No","1","TMA17"
"YDL111C","Saccharomyces cerevisiae S288C","BK006938:263,313..264,110(-)","exosome non-catalytic core subunit RRP42","No","1","RRP42"
"YDL112W","Saccharomyces cerevisiae S288C","BK006938:258,915..263,225(+)","tRNA (guanosine(18)-2'-O)-methyltransferase","No","1","TRM3"
"YDL113C","Saccharomyces cerevisiae S288C","BK006938:256,633..258,555(-)","Atg20p","No","1","ATG20"
"YDL114W","Saccharomyces cerevisiae S288C","BK006938:255,604..256,530(+)","short-chain dehydrogenase/reductase","No","1","N/A"
"YDL115C","Saccharomyces cerevisiae S288C","BK006938:253,995..255,126(-)","Iwr1p","No","1","IWR1"
"YDL116W","Saccharomyces cerevisiae S288C","BK006938:251,566..253,746(+)","Nup84p","No","1","NUP84"
"YDL117W","Saccharomyces cerevisiae S288C","BK006938:248,581..251,238(+)","Cyk3p","No","1","CYK3"
"YDL119C","Saccharomyces cerevisiae S288C","BK006938:246,689..247,612(-)","Hem25p","No","1","HEM25"
"YDL120W","Saccharomyces cerevisiae S288C","BK006938:245,923..246,447(+)","ferroxidase","No","1","YFH1"
"YDL121C","Saccharomyces cerevisiae S288C","BK006938:245,133..245,582(-)","hypothetical protein","No","1","EXP1"
"YDL122W","Saccharomyces cerevisiae S288C","BK006938:242,552..244,981(+)","ubiquitin-specific protease UBP1","No","1","UBP1"
"YDL123W","Saccharomyces cerevisiae S288C","BK006938:241,418..241,840(+)","Sna4p","No","1","SNA4"
"YDL124W","Saccharomyces cerevisiae S288C","BK006938:240,259..241,197(+)","aldo-keto reductase superfamily protein","No","1","N/A"
"YDL125C","Saccharomyces cerevisiae S288C","BK006938:239,019..239,606(-)","adenosine 5'-monophosphoramidase","No","1","HNT1"
"YDL126C","Saccharomyces cerevisiae S288C","BK006938:236,157..238,664(-)","AAA family ATPase CDC48","No","1","CDC48"
"YDL127W","Saccharomyces cerevisiae S288C","BK006938:234,927..235,853(+)","cyclin PCL2","No","1","PCL2"
"YDL128W","Saccharomyces cerevisiae S288C","BK006938:232,652..233,887(+)","Vcx1p","No","1","VCX1"
"YDL129W","Saccharomyces cerevisiae S288C","BK006938:231,024..231,899(+)","hypothetical protein","No","1","N/A"
"YDL130W-A","Saccharomyces cerevisiae S288C","BK006938:229,171..229,431(+)","ATPase-binding protein","No","1","STF1"
"YDL130W","Saccharomyces cerevisiae S288C","BK006938:229,906..230,527(+)","ribosomal protein P1B","No","1","RPP1B"
"YDL131W","Saccharomyces cerevisiae S288C","BK006938:227,393..228,715(+)","homocitrate synthase LYS21","No","1","LYS21"
"YDL132W","Saccharomyces cerevisiae S288C","BK006938:224,304..226,751(+)","cullin CDC53","No","1","CDC53"
"YDL133C-A","Saccharomyces cerevisiae S288C","BK006938:221,724..221,801(-)","ribosomal 60S subunit protein L41B","No","1","RPL41B"
"YDL133W","Saccharomyces cerevisiae S288C","BK006938:222,427..223,740(+)","Srf1p","No","1","SRF1"
"YDL134C","Saccharomyces cerevisiae S288C","BK006938:219,662..220,771(-)","phosphoprotein phosphatase 2A catalytic subunit PPH21","No","1","PPH21"
"YDL135C","Saccharomyces cerevisiae S288C","BK006938:218,680..219,288(-)","Rdi1p","No","1","RDI1"
"YDL136W","Saccharomyces cerevisiae S288C","BK006938:217,600..218,367(+)","ribosomal 60S subunit protein L35B","No","1","RPL35B"
"YDL137W","Saccharomyces cerevisiae S288C","BK006938:216,529..217,074(+)","Arf family GTPase ARF2","No","1","ARF2"
"YDL138W","Saccharomyces cerevisiae S288C","BK006938:213,351..215,642(+)","glucose sensor","No","1","RGT2"
"YDL139C","Saccharomyces cerevisiae S288C","BK006938:211,375..212,046(-)","Scm3p","No","1","SCM3"
"YDL140C","Saccharomyces cerevisiae S288C","BK006938:205,360..210,561(-)","DNA-directed RNA polymerase II core subunit RPO21","No","1","RPO21"
"YDL141W","Saccharomyces cerevisiae S288C","BK006938:203,039..205,111(+)","biotin--[acetyl-CoA-carboxylase] ligase BPL1","No","1","BPL1"
"YDL142C","Saccharomyces cerevisiae S288C","BK006938:201,719..202,570(-)","cardiolipin synthase","No","1","CRD1"
"YDL143W","Saccharomyces cerevisiae S288C","BK006938:199,996..201,582(+)","chaperonin-containing T-complex subunit CCT4","No","1","CCT4"
"YDL144C","Saccharomyces cerevisiae S288C","BK006938:198,662..199,732(-)","hypothetical protein","No","1","N/A"
"YDL145C","Saccharomyces cerevisiae S288C","BK006938:194,571..198,176(-)","coatomer subunit alpha","No","1","COP1"
"YDL146W","Saccharomyces cerevisiae S288C","BK006938:192,750..194,225(+)","Ldb17p","No","1","LDB17"
"YDL147W","Saccharomyces cerevisiae S288C","BK006938:190,924..192,261(+)","proteasome regulatory particle lid subunit RPN5","No","1","RPN5"
"YDL148C","Saccharomyces cerevisiae S288C","BK006938:188,154..190,586(-)","snoRNA-binding rRNA-processing protein NOP14","No","1","NOP14"
"YDL149W","Saccharomyces cerevisiae S288C","BK006938:184,925..187,918(+)","autophagy protein ATG9","No","1","ATG9"
"YDL150W","Saccharomyces cerevisiae S288C","BK006938:183,343..184,611(+)","DNA-directed RNA polymerase III subunit C53","No","1","RPC53"
"YDL153C","Saccharomyces cerevisiae S288C","BK006938:181,186..183,018(-)","rRNA-processing protein SAS10","No","1","SAS10"
"YDL154W","Saccharomyces cerevisiae S288C","BK006938:178,334..181,039(+)","MutS family protein MSH5","No","1","MSH5"
"YDL155W","Saccharomyces cerevisiae S288C","BK006938:176,773..178,056(+)","B-type cyclin CLB3","No","1","CLB3"
"YDL156W","Saccharomyces cerevisiae S288C","BK006938:174,918..176,486(+)","Cmr1p","No","1","CMR1"
"YDL157C","Saccharomyces cerevisiae S288C","BK006938:174,232..174,588(-)","hypothetical protein","No","1","N/A"
"YDL159W-A","Saccharomyces cerevisiae S288C","BK006938:172,182..172,313(+)","hypothetical protein","No","1","N/A"
"YDL159W","Saccharomyces cerevisiae S288C","BK006938:172,481..174,028(+)","mitogen-activated protein kinase kinase STE7","No","1","STE7"
"YDL160C-A","Saccharomyces cerevisiae S288C","BK006938:169,366..169,608(-)","Mhf2p","No","1","MHF2"
"YDL160C","Saccharomyces cerevisiae S288C","BK006938:170,410..171,930(-)","DExD/H-box ATP-dependent RNA helicase DHH1","No","1","DHH1"
"YDL161W","Saccharomyces cerevisiae S288C","BK006938:167,714..169,078(+)","epsin","No","1","ENT1"
"YDL164C","Saccharomyces cerevisiae S288C","BK006938:164,987..167,254(-)","DNA ligase (ATP) CDC9","No","1","CDC9"
"YDL165W","Saccharomyces cerevisiae S288C","BK006938:164,290..164,865(+)","CCR4-NOT core subunit CDC36","No","1","CDC36"
"YDL166C","Saccharomyces cerevisiae S288C","BK006938:163,449..164,042(-)","nucleoside-triphosphatase","No","1","FAP7"
"YDL167C","Saccharomyces cerevisiae S288C","BK006938:160,995..163,154(-)","Nrp1p","No","1","NRP1"
"YDL168W","Saccharomyces cerevisiae S288C","BK006938:159,604..160,764(+)","bifunctional alcohol dehydrogenase/S-(hydroxymethyl)glutathione dehydrogenase","No","1","SFA1"
"YDL169C","Saccharomyces cerevisiae S288C","BK006938:158,064..158,735(-)","Ugx2p","No","1","UGX2"
"YDL170W","Saccharomyces cerevisiae S288C","BK006938:156,318..157,904(+)","Uga3p","No","1","UGA3"
"YDL171C","Saccharomyces cerevisiae S288C","BK006938:149,203..155,640(-)","glutamate synthase (NADH)","No","1","GLT1"
"YDL173W","Saccharomyces cerevisiae S288C","BK006938:148,191..149,078(+)","Par32p","No","1","PAR32"
"YDL174C","Saccharomyces cerevisiae S288C","BK006938:145,826..147,589(-)","D-lactate dehydrogenase","No","1","DLD1"
"YDL175C","Saccharomyces cerevisiae S288C","BK006938:144,484..145,518(-)","TRAMP complex RNA-binding subunit","No","1","AIR2"
"YDL176W","Saccharomyces cerevisiae S288C","BK006938:142,097..144,223(+)","hypothetical protein","No","1","IPF1"
"YDL177C","Saccharomyces cerevisiae S288C","BK006938:141,209..141,721(-)","hypothetical protein","No","1","N/A"
"YDL178W","Saccharomyces cerevisiae S288C","BK006938:139,522..141,114(+)","D-lactate dehydrogenase","No","1","DLD2"
"YDL179W","Saccharomyces cerevisiae S288C","BK006938:138,291..139,205(+)","Pcl9p","No","1","PCL9"
"YDL180W","Saccharomyces cerevisiae S288C","BK006938:135,896..137,539(+)","hypothetical protein","No","1","N/A"
"YDL181W","Saccharomyces cerevisiae S288C","BK006938:135,179..135,436(+)","ATPase inhibitor","No","1","INH1"
"YDL182W","Saccharomyces cerevisiae S288C","BK006938:133,437..134,723(+)","homocitrate synthase LYS20","No","1","LYS20"
"YDL183C","Saccharomyces cerevisiae S288C","BK006938:130,871..131,833(-)","hypothetical protein","No","1","MRX19"
"YDL184C","Saccharomyces cerevisiae S288C","BK006938:130,407..130,484(-)","ribosomal 60S subunit protein L41A","No","1","RPL41A"
"YDL188C","Saccharomyces cerevisiae S288C","BK006938:123,865..124,998(-)","phosphoprotein phosphatase 2A catalytic subunit PPH22","No","1","PPH22"
"YDL185W","Saccharomyces cerevisiae S288C","BK006938:126,787..130,002(+)","H(+)-transporting V1 sector ATPase subunit A","No","1","VMA1"
"YDL186W","Saccharomyces cerevisiae S288C","BK006938:125,616..126,449(+)","hypothetical protein","No","1","N/A"
"YDL189W","Saccharomyces cerevisiae S288C","BK006938:122,216..123,589(+)","Rbs1p","No","1","RBS1"
"YDL190C","Saccharomyces cerevisiae S288C","BK006938:118,707..121,592(-)","ubiquitin-ubiquitin ligase UFD2","No","1","UFD2"
"YDL191W","Saccharomyces cerevisiae S288C","BK006938:117,664..118,517(+)","ribosomal 60S subunit protein L35A","No","1","RPL35A"
"YDL192W","Saccharomyces cerevisiae S288C","BK006938:116,321..116,866(+)","Arf family GTPase ARF1","No","1","ARF1"
"YDL193W","Saccharomyces cerevisiae S288C","BK006938:114,672..115,799(+)","ditrans,polycis-polyprenyl diphosphate synthase","No","1","NUS1"
"YDL194W","Saccharomyces cerevisiae S288C","BK006938:111,580..114,234(+)","glucose sensor","No","1","SNF3"
"YDL195W","Saccharomyces cerevisiae S288C","BK006938:107,208..111,029(+)","Sec31p","No","1","SEC31"
"YDL197C","Saccharomyces cerevisiae S288C","BK006938:104,917..106,494(-)","Asf2p","No","1","ASF2"
"YDL198C","Saccharomyces cerevisiae S288C","BK006938:103,649..104,551(-)","Ggc1p","No","1","GGC1"
"YDL199C","Saccharomyces cerevisiae S288C","BK006938:101,290..103,353(-)","hypothetical protein","No","1","N/A"
"YDL200C","Saccharomyces cerevisiae S288C","BK006938:100,501..101,067(-)","methylated-DNA--protein-cysteine methyltransferase","No","1","MGT1"
"YDL201W","Saccharomyces cerevisiae S288C","BK006938:99,561..100,421(+)","tRNA (guanine46-N7)-methyltransferase","No","1","TRM8"
"YDL202W","Saccharomyces cerevisiae S288C","BK006938:98,475..99,224(+)","mitochondrial 54S ribosomal protein YmL11","No","1","MRPL11"
"YDL203C","Saccharomyces cerevisiae S288C","BK006938:96,082..97,953(-)","Ack1p","No","1","ACK1"
"YDL204W","Saccharomyces cerevisiae S288C","BK006938:94,605..95,786(+)","Rtn2p","No","1","RTN2"
"YDL205C","Saccharomyces cerevisiae S288C","BK006938:92,762..93,745(-)","hydroxymethylbilane synthase","No","1","HEM3"
"YDL206W","Saccharomyces cerevisiae S288C","BK006938:90,176..92,464(+)","hypothetical protein","No","1","N/A"
"YDL207W","Saccharomyces cerevisiae S288C","BK006938:88,248..89,864(+)","nucleoporin GLE1","No","1","GLE1"
"YDL208W","Saccharomyces cerevisiae S288C","BK006938:87,512..87,982(+)","snoRNA-binding protein NHP2","No","1","NHP2"
"YDL209C","Saccharomyces cerevisiae S288C","BK006938:86,207..87,226(-)","Cwc2p","No","1","CWC2"
"YDL210W","Saccharomyces cerevisiae S288C","BK006938:84,270..85,985(+)","Uga4p","No","1","UGA4"
"YDL211C","Saccharomyces cerevisiae S288C","BK006938:79,294..80,412(-)","hypothetical protein","No","1","N/A"
"YDL212W","Saccharomyces cerevisiae S288C","BK006938:78,426..79,058(+)","Shr3p","No","1","SHR3"
"YDL213C","Saccharomyces cerevisiae S288C","BK006938:77,289..77,966(-)","Nop6p","No","1","NOP6"
"YDL214C","Saccharomyces cerevisiae S288C","BK006938:74,446..76,545(-)","serine/threonine protein kinase PRR2","No","1","PRR2"
"YDL215C","Saccharomyces cerevisiae S288C","BK006938:70,640..73,918(-)","glutamate dehydrogenase (NAD(+))","No","1","GDH2"
"YDL216C","Saccharomyces cerevisiae S288C","BK006938:68,997..70,319(-)","COP9 signalosome catalytic subunit RRI1","No","1","RRI1"
"YDL217C","Saccharomyces cerevisiae S288C","BK006938:67,983..68,606(-)","translocation channel protein TIM22","No","1","TIM22"
"YDL218W","Saccharomyces cerevisiae S288C","BK006938:66,493..67,446(+)","hypothetical protein","No","1","N/A"
"YDL219W","Saccharomyces cerevisiae S288C","BK006938:65,242..65,765(+)","D-tyrosyl-tRNA(Tyr) deacylase","No","1","DTD1"
"YDL220C","Saccharomyces cerevisiae S288C","BK006938:62,244..65,018(-)","telomere-binding protein CDC13","No","1","CDC13"
"YDL222C","Saccharomyces cerevisiae S288C","BK006938:60,872..61,801(-)","Fmp45p","No","1","FMP45"
"YDL223C","Saccharomyces cerevisiae S288C","BK006938:57,265..60,405(-)","Hbt1p","No","1","HBT1"
"YDL224C","Saccharomyces cerevisiae S288C","BK006938:54,397..56,346(-)","Whi4p","No","1","WHI4"
"YDL225W","Saccharomyces cerevisiae S288C","BK006938:52,445..54,100(+)","septin SHS1","No","1","SHS1"
"YDL226C","Saccharomyces cerevisiae S288C","BK006938:51,115..52,173(-)","Gcs1p","No","1","GCS1"
"YDL227C","Saccharomyces cerevisiae S288C","BK006938:46,271..48,031(-)","Hop","No","1","HO"
"YDL229W","Saccharomyces cerevisiae S288C","BK006938:44,065..45,906(+)","Hsp70 family ATPase SSB1","No","1","SSB1"
"YDL230W","Saccharomyces cerevisiae S288C","BK006938:42,700..43,707(+)","tyrosine protein phosphatase PTP1","No","1","PTP1"
"YDL231C","Saccharomyces cerevisiae S288C","BK006938:38,867..42,244(-)","Bre4p","No","1","BRE4"
"YDL232W","Saccharomyces cerevisiae S288C","BK006938:38,487..38,597(+)","olichyl-diphosphooligosaccharide--protein glycotransferase OST4","No","1","OST4"
"YDL233W","Saccharomyces cerevisiae S288C","BK006938:36,797..38,173(+)","Mfg1p","No","1","MFG1"
"YDL234C","Saccharomyces cerevisiae S288C","BK006938:34,237..36,477(-)","Gyp7p","No","1","GYP7"
"YDL235C","Saccharomyces cerevisiae S288C","BK006938:33,415..33,918(-)","Ypd1p","No","1","YPD1"
"YDL236W","Saccharomyces cerevisiae S288C","BK006938:32,296..33,234(+)","4-nitrophenylphosphatase","No","1","PHO13"
"YDL237W","Saccharomyces cerevisiae S288C","BK006938:30,657..31,829(+)","Aim6p","No","1","AIM6"
"YDL238C","Saccharomyces cerevisiae S288C","BK006938:28,985..30,454(-)","guanine deaminase","No","1","GUD1"
"YDL239C","Saccharomyces cerevisiae S288C","BK006938:26,403..28,775(-)","Ady3p","No","1","ADY3"
"YDL240W","Saccharomyces cerevisiae S288C","BK006938:22,823..25,876(+)","Lrg1p","No","1","LRG1"
"YDL241W","Saccharomyces cerevisiae S288C","BK006938:20,635..21,006(+)","hypothetical protein","No","1","N/A"
"YDL243C","Saccharomyces cerevisiae S288C","BK006938:17,577..18,566(-)","putative aryl-alcohol dehydrogenase","No","1","AAD4"
"YDL244W","Saccharomyces cerevisiae S288C","BK006938:16,204..17,226(+)","4-amino-5-hydroxymethyl-2-methylpyrimidine phosphate synthase","No","1","THI13"
"YDL245C","Saccharomyces cerevisiae S288C","BK006938:11,657..13,360(-)","hexose transporter HXT15","No","1","HXT15"
"YDL246C","Saccharomyces cerevisiae S288C","BK006938:8,683..9,756(-)","L-iditol 2-dehydrogenase SOR2","No","1","SOR2"
"YDL247W","Saccharomyces cerevisiae S288C","BK006938:5,985..7,814(+)","alpha-glucoside permease","No","1","MPH2"
"YDL248W","Saccharomyces cerevisiae S288C","BK006938:1,802..2,953(+)","Cos7p","No","1","COS7"
"YDR001C","Saccharomyces cerevisiae S288C","BK006938:450,220..452,475(-)","alpha","No","1","NTH1"
"YDR002W","Saccharomyces cerevisiae S288C","BK006938:453,045..453,650(+)","Ran GTPase-binding protein YRB1","No","1","YRB1"
"YDR003W-A","Saccharomyces cerevisiae S288C","BK006938:454,782..454,904(+)","hypothetical protein","No","1","N/A"
"YDR003W","Saccharomyces cerevisiae S288C","BK006938:454,122..454,754(+)","Rcr2p","No","1","RCR2"
"YDR004W","Saccharomyces cerevisiae S288C","BK006938:455,201..456,583(+)","putative DNA-dependent ATPase RAD57","No","1","RAD57"
"YDR005C","Saccharomyces cerevisiae S288C","BK006938:456,836..458,103(-)","RNA polymerase III-inhibiting protein MAF1","No","1","MAF1"
"YDR006C","Saccharomyces cerevisiae S288C","BK006938:458,542..461,247(-)","Sok1p","No","1","SOK1"
"YDR007W","Saccharomyces cerevisiae S288C","BK006938:461,842..462,516(+)","phosphoribosylanthranilate isomerase TRP1","No","1","TRP1"
"YDR009W","Saccharomyces cerevisiae S288C","BK006938:463,434..464,996(+)","transcriptional regulator GAL3","No","1","GAL3"
"YDR011W","Saccharomyces cerevisiae S288C","BK006938:465,919..470,424(+)","ATP-binding cassette transporter SNQ2","No","1","SNQ2"
"YDR012W","Saccharomyces cerevisiae S288C","BK006938:471,853..472,941(+)","ribosomal 60S subunit protein L4B","No","1","RPL4B"
"YDR013W","Saccharomyces cerevisiae S288C","BK006938:473,157..473,783(+)","DNA replication protein PSF1","No","1","PSF1"
"YDR014W-A","Saccharomyces cerevisiae S288C","BK006938:477,797..478,285(+)","Hed1p","No","1","HED1"
"YDR014W","Saccharomyces cerevisiae S288C","BK006938:474,046..475,989(+)","Rad61p","No","1","RAD61"
"YDR016C","Saccharomyces cerevisiae S288C","BK006938:478,474..478,758(-)","Dad1p","No","1","DAD1"
"YDR017C","Saccharomyces cerevisiae S288C","BK006938:479,115..482,267(-)","inositol polyphosphate kinase KCS1","No","1","KCS1"
"YDR018C","Saccharomyces cerevisiae S288C","BK006938:482,670..483,860(-)","putative acyltransferase","No","1","N/A"
"YDR019C","Saccharomyces cerevisiae S288C","BK006938:484,163..485,365(-)","glycine decarboxylase subunit T","No","1","GCV1"
"YDR020C","Saccharomyces cerevisiae S288C","BK006938:485,746..486,444(-)","putative uridine kinase DAS2","No","1","DAS2"
"YDR021W","Saccharomyces cerevisiae S288C","BK006938:486,804..488,003(+)","ATP-dependent RNA helicase FAL1","No","1","FAL1"
"YDR022C","Saccharomyces cerevisiae S288C","BK006938:488,072..488,662(-)","Atg31p","No","1","ATG31"
"YDR023W","Saccharomyces cerevisiae S288C","BK006938:489,508..490,896(+)","serine--tRNA ligase SES1","No","1","SES1"
"YDR025W","Saccharomyces cerevisiae S288C","BK006938:491,515..492,324(+)","ribosomal 40S subunit protein S11A","No","1","RPS11A"
"YDR026C","Saccharomyces cerevisiae S288C","BK006938:492,556..494,268(-)","Nsi1p","No","1","NSI1"
"YDR027C","Saccharomyces cerevisiae S288C","BK006938:494,649..497,318(-)","Vps54p","No","1","VPS54"
"YDR028C","Saccharomyces cerevisiae S288C","BK006938:497,835..500,879(-)","protein phosphatase regulator REG1","No","1","REG1"
"YDR030C","Saccharomyces cerevisiae S288C","BK006938:501,753..503,273(-)","Rad28p","No","1","RAD28"
"YDR031W","Saccharomyces cerevisiae S288C","BK006938:503,498..503,863(+)","Mix14p","No","1","MIX14"
"YDR032C","Saccharomyces cerevisiae S288C","BK006938:504,099..504,695(-)","flavodoxin-like fold family protein","No","1","PST2"
"YDR033W","Saccharomyces cerevisiae S288C","BK006938:508,147..509,109(+)","Mrh1p","No","1","MRH1"
"YDR034C-A","Saccharomyces cerevisiae S288C","BK006938:520,516..520,692(-)","hypothetical protein","No","1","N/A"
"YDR034C-C","Saccharomyces cerevisiae S288C","BK006938:518,040..519,356(-)","gag protein","No","1","TY2A-DR1"
"YDR034C-D","Saccharomyces cerevisiae S288C","BK006938:514,043..519,356(-)","gag-pol fusion protein","No","1","TY2B-DR1"
"YDR034C","Saccharomyces cerevisiae S288C","BK006938:509,737..512,109(-)","Lys14p","No","1","LYS14"
"YDR034W-B","Saccharomyces cerevisiae S288C","BK006938:521,314..521,469(+)","hypothetical protein","No","1","N/A"
"YDR035W","Saccharomyces cerevisiae S288C","BK006938:521,816..522,928(+)","3-deoxy-7-phosphoheptulonate synthase ARO3","No","1","ARO3"
"YDR036C","Saccharomyces cerevisiae S288C","BK006938:523,211..524,713(-)","Ehd3p","No","1","EHD3"
"YDR037W","Saccharomyces cerevisiae S288C","BK006938:525,440..527,215(+)","lysine--tRNA ligase KRS1","No","1","KRS1"
"YDR038C","Saccharomyces cerevisiae S288C","BK006938:527,422..530,697(-)","putative Na(+)-exporting P-type ATPase ENA5","No","1","ENA5"
"YDR039C","Saccharomyces cerevisiae S288C","BK006938:531,307..534,582(-)","Na(+)-exporting P-type ATPase ENA2","No","1","ENA2"
"YDR040C","Saccharomyces cerevisiae S288C","BK006938:535,192..538,467(-)","Na(+)/Li(+)-exporting P-type ATPase ENA1","No","1","ENA1"
"YDR041W","Saccharomyces cerevisiae S288C","BK006938:539,803..540,414(+)","mitochondrial 37S ribosomal protein RSM10","No","1","RSM10"
"YDR042C","Saccharomyces cerevisiae S288C","BK006938:540,601..541,203(-)","hypothetical protein","No","1","N/A"
"YDR043C","Saccharomyces cerevisiae S288C","BK006938:542,674..543,369(-)","transcriptional regulator NRG1","No","1","NRG1"
"YDR044W","Saccharomyces cerevisiae S288C","BK006938:546,642..547,628(+)","coproporphyrinogen oxidase","No","1","HEM13"
"YDR045C","Saccharomyces cerevisiae S288C","BK006938:547,978..548,310(-)","DNA-directed RNA polymerase III core subunit RPC11","No","1","RPC11"
"YDR049W","Saccharomyces cerevisiae S288C","BK006938:553,254..555,152(+)","Vms1p","No","1","VMS1"
"YDR046C","Saccharomyces cerevisiae S288C","BK006938:548,762..550,576(-)","amino acid transporter BAP3","No","1","BAP3"
"YDR047W","Saccharomyces cerevisiae S288C","BK006938:551,860..552,948(+)","uroporphyrinogen decarboxylase HEM12","No","1","HEM12"
"YDR050C","Saccharomyces cerevisiae S288C","BK006938:555,726..556,472(-)","triose-phosphate isomerase TPI1","No","1","TPI1"
"YDR051C","Saccharomyces cerevisiae S288C","BK006938:557,056..558,060(-)","acid phosphatase DET1","No","1","DET1"
"YDR052C","Saccharomyces cerevisiae S288C","BK006938:558,511..560,625(-)","protein serine/threonine kinase activating protein DBF4","No","1","DBF4"
"YDR054C","Saccharomyces cerevisiae S288C","BK006938:561,440..562,327(-)","SCF E2 ubiquitin-protein ligase catalytic subunit CDC34","No","1","CDC34"
"YDR055W","Saccharomyces cerevisiae S288C","BK006938:563,527..564,861(+)","Pst1p","No","1","PST1"
"YDR056C","Saccharomyces cerevisiae S288C","BK006938:565,023..565,640(-)","Emc10p","No","1","EMC10"
"YDR057W","Saccharomyces cerevisiae S288C","BK006938:565,927..567,555(+)","Yos9p","No","1","YOS9"
"YDR058C","Saccharomyces cerevisiae S288C","BK006938:567,723..568,703(-)","triglyceride lipase","No","1","TGL2"
"YDR059C","Saccharomyces cerevisiae S288C","BK006938:569,234..569,770(-)","E2 ubiquitin-conjugating protein UBC5","No","1","UBC5"
"YDR060W","Saccharomyces cerevisiae S288C","BK006938:570,649..573,726(+)","RNA-binding ribosome biosynthesis protein MAK21","No","1","MAK21"
"YDR061W","Saccharomyces cerevisiae S288C","BK006938:574,164..575,783(+)","hypothetical protein","No","1","N/A"
"YDR062W","Saccharomyces cerevisiae S288C","BK006938:576,474..578,159(+)","serine C-palmitoyltransferase LCB2","No","1","LCB2"
"YDR063W","Saccharomyces cerevisiae S288C","BK006938:578,663..579,112(+)","Aim7p","No","1","AIM7"
"YDR064W","Saccharomyces cerevisiae S288C","BK006938:579,458..580,452(+)","ribosomal 40S subunit protein S13","No","1","RPS13"
"YDR065W","Saccharomyces cerevisiae S288C","BK006938:580,687..581,784(+)","Rrg1p","No","1","RRG1"
"YDR066C","Saccharomyces cerevisiae S288C","BK006938:581,908..582,498(-)","putative protein-serine/threonine phosphatase","No","1","RTR2"
"YDR067C","Saccharomyces cerevisiae S288C","BK006938:582,791..583,465(-)","protein-tyrosine-phosphatase","No","1","OCA6"
"YDR068W","Saccharomyces cerevisiae S288C","BK006938:583,713..584,645(+)","Dos2p","No","1","DOS2"
"YDR069C","Saccharomyces cerevisiae S288C","BK006938:584,939..587,719(-)","ubiquitin-specific protease DOA4","No","1","DOA4"
"YDR070C","Saccharomyces cerevisiae S288C","BK006938:588,098..588,379(-)","Fmp16p","No","1","FMP16"
"YDR071C","Saccharomyces cerevisiae S288C","BK006938:588,827..589,402(-)","polyamine acetyltransferase","No","1","PAA1"
"YDR072C","Saccharomyces cerevisiae S288C","BK006938:589,761..591,344(-)","inositolphosphotransferase","No","1","IPT1"
"YDR073W","Saccharomyces cerevisiae S288C","BK006938:592,439..592,948(+)","Snf11p","No","1","SNF11"
"YDR074W","Saccharomyces cerevisiae S288C","BK006938:593,893..596,583(+)","trehalose-phosphatase TPS2","No","1","TPS2"
"YDR075W","Saccharomyces cerevisiae S288C","BK006938:597,156..598,082(+)","phosphoprotein phosphatase PP4 catalytic subunit PPH3","No","1","PPH3"
"YDR076W","Saccharomyces cerevisiae S288C","BK006938:598,468..599,688(+)","putative DNA-dependent ATPase RAD55","No","1","RAD55"
"YDR077W","Saccharomyces cerevisiae S288C","BK006938:600,793..601,809(+)","Sed1p","No","1","SED1"
"YDR078C","Saccharomyces cerevisiae S288C","BK006938:602,198..602,869(-)","Shu2p","No","1","SHU2"
"YDR079C-A","Saccharomyces cerevisiae S288C","BK006938:603,593..603,811(-)","TFIIH complex subunit TFB5","No","1","TFB5"
"YDR079W","Saccharomyces cerevisiae S288C","BK006938:603,064..603,399(+)","Pet100p","No","1","PET100"
"YDR080W","Saccharomyces cerevisiae S288C","BK006938:604,008..606,986(+)","Vps41p","No","1","VPS41"
"YDR081C","Saccharomyces cerevisiae S288C","BK006938:607,304..610,081(-)","Pdc2p","No","1","PDC2"
"YDR082W","Saccharomyces cerevisiae S288C","BK006938:610,441..611,925(+)","Stn1p","No","1","STN1"
"YDR083W","Saccharomyces cerevisiae S288C","BK006938:612,073..613,251(+)","25S rRNA (adenine645-N1)-methyltransferase","No","1","RRP8"
"YDR084C","Saccharomyces cerevisiae S288C","BK006938:613,405..614,004(-)","Tvp23p","No","1","TVP23"
"YDR085C","Saccharomyces cerevisiae S288C","BK006938:614,288..616,150(-)","Afr1p","No","1","AFR1"
"YDR086C","Saccharomyces cerevisiae S288C","BK006938:616,928..617,170(-)","translocon subunit SSS1","No","1","SSS1"
"YDR087C","Saccharomyces cerevisiae S288C","BK006938:617,470..618,306(-)","Rrp1p","No","1","RRP1"
"YDR088C","Saccharomyces cerevisiae S288C","BK006938:618,497..619,645(-)","mRNA splicing protein SLU7","No","1","SLU7"
"YDR089W","Saccharomyces cerevisiae S288C","BK006938:622,112..624,721(+)","hypothetical protein","No","1","VTC5"
"YDR090C","Saccharomyces cerevisiae S288C","BK006938:625,066..625,998(-)","hypothetical protein","No","1","ILT1"
"YDR091C","Saccharomyces cerevisiae S288C","BK006938:626,708..628,534(-)","Fe-S cluster-binding ribosome biosynthesis protein","No","1","RLI1"
"YDR092W","Saccharomyces cerevisiae S288C","BK006938:629,876..630,605(+)","E2 ubiquitin-conjugating protein UBC13","No","1","UBC13"
"YDR093W","Saccharomyces cerevisiae S288C","BK006938:631,282..636,120(+)","aminophospholipid-translocating P4-type ATPase DNF2","No","1","DNF2"
"YDR096W","Saccharomyces cerevisiae S288C","BK006938:637,139..639,823(+)","histone demethylase GIS1","No","1","GIS1"
"YDR097C","Saccharomyces cerevisiae S288C","BK006938:640,109..643,837(-)","mismatch repair ATPase MSH6","No","1","MSH6"
"YDR098C-A","Saccharomyces cerevisiae S288C","BK006938:649,804..651,126(-)","gag protein","No","1","TY1A-DR1"
"YDR098C-B","Saccharomyces cerevisiae S288C","BK006938:645,858..651,126(-)","gag-pol fusion protein","No","1","TY1B-DR1"
"YDR098C","Saccharomyces cerevisiae S288C","BK006938:644,178..644,930(-)","monothiol glutaredoxin GRX3","No","1","GRX3"
"YDR099W","Saccharomyces cerevisiae S288C","BK006938:653,607..654,428(+)","14-3-3 family protein BMH2","No","1","BMH2"
"YDR100W","Saccharomyces cerevisiae S288C","BK006938:655,013..655,444(+)","Tvp15p","No","1","TVP15"
"YDR101C","Saccharomyces cerevisiae S288C","BK006938:655,686..657,467(-)","putative hydrolase","No","1","ARX1"
"YDR103W","Saccharomyces cerevisiae S288C","BK006938:658,350..661,103(+)","Ste5p","No","1","STE5"
"YDR104C","Saccharomyces cerevisiae S288C","BK006938:661,173..664,910(-)","Spo71p","No","1","SPO71"
"YDR105C","Saccharomyces cerevisiae S288C","BK006938:665,349..666,770(-)","Tms1p","No","1","TMS1"
"YDR106W","Saccharomyces cerevisiae S288C","BK006938:667,004..667,858(+)","Arp10p","No","1","ARP10"
"YDR107C","Saccharomyces cerevisiae S288C","BK006938:669,016..671,034(-)","Tmn2p","No","1","TMN2"
"YDR108W","Saccharomyces cerevisiae S288C","BK006938:671,269..673,365(+)","Trs85p","No","1","TRS85"
"YDR109C","Saccharomyces cerevisiae S288C","BK006938:673,520..675,667(-)","putative phosphotransferase","No","1","N/A"
"YDR110W","Saccharomyces cerevisiae S288C","BK006938:676,102..677,802(+)","replication fork barrier binding protein FOB1","No","1","FOB1"
"YDR111C","Saccharomyces cerevisiae S288C","BK006938:678,241..679,764(-)","alanine transaminase ALT2","No","1","ALT2"
"YDR113C","Saccharomyces cerevisiae S288C","BK006938:680,496..681,617(-)","securin","No","1","PDS1"
"YDR114C","Saccharomyces cerevisiae S288C","BK006938:681,924..682,226(-)","hypothetical protein","No","1","N/A"
"YDR115W","Saccharomyces cerevisiae S288C","BK006938:682,175..682,492(+)","putative mitochondrial 54S ribosomal protein","No","1","MRX14"
"YDR116C","Saccharomyces cerevisiae S288C","BK006938:682,724..683,581(-)","mitochondrial 54S ribosomal protein MRPL1","No","1","MRPL1"
"YDR117C","Saccharomyces cerevisiae S288C","BK006938:683,946..685,643(-)","Tma64p","No","1","TMA64"
"YDR118W","Saccharomyces cerevisiae S288C","BK006938:685,882..687,840(+)","anaphase promoting complex subunit 4","No","1","APC4"
"YDR119W-A","Saccharomyces cerevisiae S288C","BK006938:691,014..691,214(+)","Cox26p","No","1","COX26"
"YDR119W","Saccharomyces cerevisiae S288C","BK006938:688,227..690,533(+)","Vba4p","No","1","VBA4"
"YDR120C","Saccharomyces cerevisiae S288C","BK006938:691,549..693,261(-)","tRNA (guanine26-N2)-dimethyltransferase","No","1","TRM1"
"YDR121W","Saccharomyces cerevisiae S288C","BK006938:693,585..694,175(+)","DNA polymerase epsilon noncatalytic subunit","No","1","DPB4"
"YDR122W","Saccharomyces cerevisiae S288C","BK006938:694,700..697,894(+)","serine/threonine protein kinase KIN1","No","1","KIN1"
"YDR123C","Saccharomyces cerevisiae S288C","BK006938:698,554..699,468(-)","Ino2p","No","1","INO2"
"YDR124W","Saccharomyces cerevisiae S288C","BK006938:700,315..701,289(+)","hypothetical protein","No","1","N/A"
"YDR125C","Saccharomyces cerevisiae S288C","BK006938:701,397..702,758(-)","alpha/beta hydrolase family protein","No","1","ECM18"
"YDR126W","Saccharomyces cerevisiae S288C","BK006938:703,234..704,244(+)","palmitoyltransferase SWF1","No","1","SWF1"
"YDR127W","Saccharomyces cerevisiae S288C","BK006938:704,484..709,250(+)","pentafunctional protein ARO1p","No","1","ARO1"
"YDR128W","Saccharomyces cerevisiae S288C","BK006938:709,549..712,995(+)","Mtc5p","No","1","MTC5"
"YDR129C","Saccharomyces cerevisiae S288C","BK006938:713,340..715,379(-)","fimbrin","No","1","SAC6"
"YDR130C","Saccharomyces cerevisiae S288C","BK006938:715,747..716,622(-)","Fin1p","No","1","FIN1"
"YDR131C","Saccharomyces cerevisiae S288C","BK006938:716,790..718,460(-)","hypothetical protein","No","1","N/A"
"YDR132C","Saccharomyces cerevisiae S288C","BK006938:718,816..720,303(-)","hypothetical protein","No","1","MRX16"
"YDR135C","Saccharomyces cerevisiae S288C","BK006938:723,004..727,551(-)","ATP-binding cassette glutathione S-conjugate transporter YCF1","No","1","YCF1"
"YDR137W","Saccharomyces cerevisiae S288C","BK006938:728,259..730,250(+)","Rgp1p","No","1","RGP1"
"YDR138W","Saccharomyces cerevisiae S288C","BK006938:730,578..732,836(+)","Hpr1p","No","1","HPR1"
"YDR139C","Saccharomyces cerevisiae S288C","BK006938:733,618..733,924(-)","NEDD8 family protein RUB1","No","1","RUB1"
"YDR140W","Saccharomyces cerevisiae S288C","BK006938:734,138..734,803(+)","S-adenosylmethionine-dependent methyltransferase","No","1","MTQ2"
"YDR141C","Saccharomyces cerevisiae S288C","BK006938:734,901..739,997(-)","Dop1p","No","1","DOP1"
"YDR142C","Saccharomyces cerevisiae S288C","BK006938:740,473..741,600(-)","Pex7p","No","1","PEX7"
"YDR143C","Saccharomyces cerevisiae S288C","BK006938:742,042..743,874(-)","ubiquitin-protein ligase SAN1","No","1","SAN1"
"YDR144C","Saccharomyces cerevisiae S288C","BK006938:744,311..746,101(-)","aspartyl protease","No","1","MKC7"
"YDR145W","Saccharomyces cerevisiae S288C","BK006938:746,738..748,357(+)","Taf12p","No","1","TAF12"
"YDR146C","Saccharomyces cerevisiae S288C","BK006938:748,613..750,742(-)","DNA-binding transcription factor SWI5","No","1","SWI5"
"YDR147W","Saccharomyces cerevisiae S288C","BK006938:751,631..753,235(+)","bifunctional choline kinase/ethanolamine kinase EKI1","No","1","EKI1"
"YDR148C","Saccharomyces cerevisiae S288C","BK006938:753,675..755,066(-)","alpha-ketoglutarate dehydrogenase KGD2","No","1","KGD2"
"YDR150W","Saccharomyces cerevisiae S288C","BK006938:755,628..763,874(+)","Num1p","No","1","NUM1"
"YDR151C","Saccharomyces cerevisiae S288C","BK006938:764,178..765,155(-)","putative mRNA-binding protein CTH1","No","1","CTH1"
"YDR152W","Saccharomyces cerevisiae S288C","BK006938:765,706..766,503(+)","Gir2p","No","1","GIR2"
"YDR153C","Saccharomyces cerevisiae S288C","BK006938:766,736..767,971(-)","Ent5p","No","1","ENT5"
"YDR155C","Saccharomyces cerevisiae S288C","BK006938:768,512..769,000(-)","peptidylprolyl isomerase CPR1","No","1","CPR1"
"YDR156W","Saccharomyces cerevisiae S288C","BK006938:769,525..769,938(+)","DNA-directed RNA polymerase I subunit RPA14","No","1","RPA14"
"YDR160W","Saccharomyces cerevisiae S288C","BK006938:776,163..778,721(+)","Ssy1p","No","1","SSY1"
"YDR158W","Saccharomyces cerevisiae S288C","BK006938:770,357..771,454(+)","aspartate-semialdehyde dehydrogenase","No","1","HOM2"
"YDR159W","Saccharomyces cerevisiae S288C","BK006938:771,877..775,782(+)","Sac3p","No","1","SAC3"
"YDR161W","Saccharomyces cerevisiae S288C","BK006938:779,043..780,206(+)","Acl4p","No","1","ACL4"
"YDR162C","Saccharomyces cerevisiae S288C","BK006938:780,390..781,100(-)","Nbp2p","No","1","NBP2"
"YDR163W","Saccharomyces cerevisiae S288C","BK006938:781,423..781,950(+)","U2-type spliceosomal complex subunit CWC15","No","1","CWC15"
"YDR164C","Saccharomyces cerevisiae S288C","BK006938:782,041..784,215(-)","Sec1p","No","1","SEC1"
"YDR165W","Saccharomyces cerevisiae S288C","BK006938:784,871..786,205(+)","Trm82p","No","1","TRM82"
"YDR166C","Saccharomyces cerevisiae S288C","BK006938:786,306..789,221(-)","exocyst subunit SEC5","No","1","SEC5"
"YDR167W","Saccharomyces cerevisiae S288C","BK006938:789,449..790,069(+)","Taf10p","No","1","TAF10"
"YDR168W","Saccharomyces cerevisiae S288C","BK006938:790,328..791,848(+)","Cdc37p","No","1","CDC37"
"YDR169C-A","Saccharomyces cerevisiae S288C","BK006938:794,574..794,723(-)","hypothetical protein","No","1","N/A"
"YDR169C","Saccharomyces cerevisiae S288C","BK006938:792,348..793,889(-)","Stb3p","No","1","STB3"
"YDR170C","Saccharomyces cerevisiae S288C","BK006938:796,193..802,222(-)","Arf family guanine nucleotide exchange factor SEC7","No","1","SEC7"
"YDR170W-A","Saccharomyces cerevisiae S288C","BK006938:803,195..804,517(+)","gag protein","No","1","TY1A-DR2"
"YDR171W","Saccharomyces cerevisiae S288C","BK006938:806,621..807,748(+)","heat shock protein HSP42","No","1","HSP42"
"YDR172W","Saccharomyces cerevisiae S288C","BK006938:808,324..810,381(+)","translation termination factor GTPase eRF3","No","1","SUP35"
"YDR173C","Saccharomyces cerevisiae S288C","BK006938:810,565..811,632(-)","inositol polyphosphate multikinase","No","1","ARG82"
"YDR174W","Saccharomyces cerevisiae S288C","BK006938:812,110..812,850(+)","Hmo1p","No","1","HMO1"
"YDR175C","Saccharomyces cerevisiae S288C","BK006938:813,193..814,152(-)","mitochondrial 37S ribosomal protein RSM24","No","1","RSM24"
"YDR176W","Saccharomyces cerevisiae S288C","BK006938:814,452..816,560(+)","histone acetyltransferase NGG1","No","1","NGG1"
"YDR177W","Saccharomyces cerevisiae S288C","BK006938:816,878..817,525(+)","E2 ubiquitin-conjugating protein UBC1","No","1","UBC1"
"YDR178W","Saccharomyces cerevisiae S288C","BK006938:817,950..818,495(+)","succinate dehydrogenase membrane anchor subunit SDH4","No","1","SDH4"
"YDR179C","Saccharomyces cerevisiae S288C","BK006938:818,708..819,196(-)","Csn9p","No","1","CSN9"
"YDR179W-A","Saccharomyces cerevisiae S288C","BK006938:819,433..820,824(+)","Nvj3p","No","1","NVJ3"
"YDR180W","Saccharomyces cerevisiae S288C","BK006938:821,295..825,776(+)","cohesin-loading factor complex subunit SCC2","No","1","SCC2"
"YDR181C","Saccharomyces cerevisiae S288C","BK006938:825,910..827,355(-)","Sas4p","No","1","SAS4"
"YDR182W-A","Saccharomyces cerevisiae S288C","BK006938:829,151..829,354(+)","hypothetical protein","No","1","N/A"
"YDR182W","Saccharomyces cerevisiae S288C","BK006938:827,582..829,057(+)","putative lipid phosphatase CDC1","No","1","CDC1"
"YDR183W","Saccharomyces cerevisiae S288C","BK006938:829,585..830,277(+)","Plp1p","No","1","PLP1"
"YDR184C","Saccharomyces cerevisiae S288C","BK006938:830,629..831,513(-)","Atc1p","No","1","ATC1"
"YDR185C","Saccharomyces cerevisiae S288C","BK006938:831,934..832,473(-)","Ups3p","No","1","UPS3"
"YDR186C","Saccharomyces cerevisiae S288C","BK006938:832,859..835,492(-)","hypothetical protein","No","1","SND1"
"YDR188W","Saccharomyces cerevisiae S288C","BK006938:836,421..838,061(+)","chaperonin-containing T-complex subunit CCT6","No","1","CCT6"
"YDR189W","Saccharomyces cerevisiae S288C","BK006938:838,392..840,392(+)","syntaxin-binding protein","No","1","SLY1"
"YDR190C","Saccharomyces cerevisiae S288C","BK006938:840,604..841,995(-)","RuvB family ATP-dependent DNA helicase pontin","No","1","RVB1"
"YDR191W","Saccharomyces cerevisiae S288C","BK006938:842,337..843,449(+)","NAD-dependent histone deacetylase HST4","No","1","HST4"
"YDR192C","Saccharomyces cerevisiae S288C","BK006938:843,569..844,861(-)","FG-nucleoporin NUP42","No","1","NUP42"
"YDR194C","Saccharomyces cerevisiae S288C","BK006938:845,952..847,946(-)","ATP-dependent RNA helicase","No","1","MSS116"
"YDR194W-A","Saccharomyces cerevisiae S288C","BK006938:848,071..848,223(+)","hypothetical protein","No","1","N/A"
"YDR195W","Saccharomyces cerevisiae S288C","BK006938:848,599..850,200(+)","RNA-processing protein REF2","No","1","REF2"
"YDR196C","Saccharomyces cerevisiae S288C","BK006938:850,274..850,999(-)","putative dephospho-CoA kinase","No","1","CAB5"
"YDR197W","Saccharomyces cerevisiae S288C","BK006938:851,228..852,397(+)","Cbs2p","No","1","CBS2"
"YDR198C","Saccharomyces cerevisiae S288C","BK006938:852,533..853,972(-)","protein-lysine N-methyltransferase","No","1","RKM2"
"YDR200C","Saccharomyces cerevisiae S288C","BK006938:854,279..856,093(-)","Vps64p","No","1","VPS64"
"YDR201W","Saccharomyces cerevisiae S288C","BK006938:856,317..856,814(+)","Spc19p","No","1","SPC19"
"YDR202C","Saccharomyces cerevisiae S288C","BK006938:856,898..857,953(-)","Rav2p","No","1","RAV2"
"YDR204W","Saccharomyces cerevisiae S288C","BK006938:858,137..859,144(+)","ubiquinone biosynthesis protein COQ4","No","1","COQ4"
"YDR205W","Saccharomyces cerevisiae S288C","BK006938:859,346..861,520(+)","metal cation transporter MSC2","No","1","MSC2"
"YDR206W","Saccharomyces cerevisiae S288C","BK006938:862,054..864,708(+)","Ebs1p","No","1","EBS1"
"YDR207C","Saccharomyces cerevisiae S288C","BK006938:865,012..867,522(-)","DNA-binding transcriptional regulator UME6","No","1","UME6"
"YDR208W","Saccharomyces cerevisiae S288C","BK006938:868,224..870,563(+)","1-phosphatidylinositol-4-phosphate 5-kinase","No","1","MSS4"
"YDR210C-C","Saccharomyces cerevisiae S288C","BK006938:882,605..883,927(-)","gag protein","No","1","TY1A-DR3"
"YDR210C-D","Saccharomyces cerevisiae S288C","BK006938:878,659..883,927(-)","gag-pol fusion protein","No","1","TY1B-DR3"
"YDR210W-A","Saccharomyces cerevisiae S288C","BK006938:872,112..873,428(+)","gag protein","No","1","TY2A-DR2"
"YDR210W-B","Saccharomyces cerevisiae S288C","BK006938:872,112..877,425(+)","gag-pol fusion protein","No","1","TY2B-DR2"
"YDR210W","Saccharomyces cerevisiae S288C","BK006938:871,074..871,301(+)","hypothetical protein","No","1","N/A"
"YDR211W","Saccharomyces cerevisiae S288C","BK006938:884,727..886,865(+)","translation initiation factor eIF2B catalytic subunit epsilon","No","1","GCD6"
"YDR212W","Saccharomyces cerevisiae S288C","BK006938:887,232..888,911(+)","chaperonin-containing T-complex alpha subunit TCP1","No","1","TCP1"
"YDR213W","Saccharomyces cerevisiae S288C","BK006938:889,751..892,492(+)","Upc2p","No","1","UPC2"
"YDR214W","Saccharomyces cerevisiae S288C","BK006938:892,875..893,927(+)","Aha1p","No","1","AHA1"
"YDR216W","Saccharomyces cerevisiae S288C","BK006938:895,035..899,006(+)","DNA-binding transcription factor ADR1","No","1","ADR1"
"YDR217C","Saccharomyces cerevisiae S288C","BK006938:899,551..903,480(-)","chromatin-binding protein RAD9","No","1","RAD9"
"YDR218C","Saccharomyces cerevisiae S288C","BK006938:903,781..905,052(-)","septin SPR28","No","1","SPR28"
"YDR219C","Saccharomyces cerevisiae S288C","BK006938:905,455..906,852(-)","Mfb1p","No","1","MFB1"
"YDR221W","Saccharomyces cerevisiae S288C","BK006938:907,330..909,438(+)","Gtb1p","No","1","GTB1"
"YDR222W","Saccharomyces cerevisiae S288C","BK006938:910,054..911,301(+)","hypothetical protein","No","1","N/A"
"YDR223W","Saccharomyces cerevisiae S288C","BK006938:912,099..913,502(+)","Crf1p","No","1","CRF1"
"YDR224C","Saccharomyces cerevisiae S288C","BK006938:914,317..914,712(-)","histone H2B","No","1","HTB1"
"YDR225W","Saccharomyces cerevisiae S288C","BK006938:915,530..915,928(+)","histone H2A","No","1","HTA1"
"YDR226W","Saccharomyces cerevisiae S288C","BK006938:916,486..917,154(+)","adenylate kinase ADK1","No","1","ADK1"
"YDR227W","Saccharomyces cerevisiae S288C","BK006938:917,571..921,647(+)","chromatin-silencing protein SIR4","No","1","SIR4"
"YDR228C","Saccharomyces cerevisiae S288C","BK006938:921,926..923,806(-)","Pcf11p","No","1","PCF11"
"YDR229W","Saccharomyces cerevisiae S288C","BK006938:924,785..926,146(+)","Ivy1p","No","1","IVY1"
"YDR231C","Saccharomyces cerevisiae S288C","BK006938:926,293..926,910(-)","Cox20p","No","1","COX20"
"YDR232W","Saccharomyces cerevisiae S288C","BK006938:927,452..929,098(+)","5-aminolevulinate synthase","No","1","HEM1"
"YDR233C","Saccharomyces cerevisiae S288C","BK006938:929,470..930,357(-)","Rtn1p","No","1","RTN1"
"YDR234W","Saccharomyces cerevisiae S288C","BK006938:931,129..933,210(+)","homoaconitate hydratase LYS4","No","1","LYS4"
"YDR235W","Saccharomyces cerevisiae S288C","BK006938:933,504..935,138(+)","mRNA splicing protein PRP42","No","1","PRP42"
"YDR236C","Saccharomyces cerevisiae S288C","BK006938:935,236..935,892(-)","riboflavin kinase","No","1","FMN1"
"YDR237W","Saccharomyces cerevisiae S288C","BK006938:936,615..937,493(+)","mitochondrial 54S ribosomal protein YmL7/YmL5","No","1","MRPL7"
"YDR238C","Saccharomyces cerevisiae S288C","BK006938:937,895..940,816(-)","coatomer subunit beta","No","1","SEC26"
"YDR239C","Saccharomyces cerevisiae S288C","BK006938:941,057..943,420(-)","hypothetical protein","No","1","N/A"
"YDR240C","Saccharomyces cerevisiae S288C","BK006938:943,674..945,152(-)","Snu56p","No","1","SNU56"
"YDR242W","Saccharomyces cerevisiae S288C","BK006938:946,807..948,456(+)","putative amidase","No","1","AMD2"
"YDR243C","Saccharomyces cerevisiae S288C","BK006938:948,518..950,284(-)","mRNA splicing protein PRP28","No","1","PRP28"
"YDR244W","Saccharomyces cerevisiae S288C","BK006938:950,563..952,401(+)","Pex5p","No","1","PEX5"
"YDR245W","Saccharomyces cerevisiae S288C","BK006938:952,800..953,981(+)","alpha-1,6-mannosyltransferase","No","1","MNN10"
"YDR246W-A","Saccharomyces cerevisiae S288C","BK006938:955,133..955,333(+)","hypothetical protein","No","1","N/A"
"YDR246W","Saccharomyces cerevisiae S288C","BK006938:954,288..954,947(+)","TRAPP subunit TRS23","No","1","TRS23"
"YDR247W","Saccharomyces cerevisiae S288C","BK006938:956,013..957,398(+)","putative serine/threonine protein kinase VHS1","No","1","VHS1"
"YDR248C","Saccharomyces cerevisiae S288C","BK006938:957,758..958,339(-)","gluconokinase","No","1","N/A"
"YDR249C","Saccharomyces cerevisiae S288C","BK006938:958,681..959,802(-)","hypothetical protein","No","1","N/A"
"YDR251W","Saccharomyces cerevisiae S288C","BK006938:960,614..963,106(+)","Pam1p","No","1","PAM1"
"YDR252W","Saccharomyces cerevisiae S288C","BK006938:963,412..963,861(+)","CCR4-NOT core subunit BTT1","No","1","BTT1"
"YDR253C","Saccharomyces cerevisiae S288C","BK006938:963,990..964,565(-)","Met32p","No","1","MET32"
"YDR254W","Saccharomyces cerevisiae S288C","BK006938:965,113..966,489(+)","Chl4p","No","1","CHL4"
"YDR255C","Saccharomyces cerevisiae S288C","BK006938:966,557..967,822(-)","ubiquitin-protein ligase RMD5","No","1","RMD5"
"YDR256C","Saccharomyces cerevisiae S288C","BK006938:968,133..969,680(-)","catalase A","No","1","CTA1"
"YDR257C","Saccharomyces cerevisiae S288C","BK006938:969,990..971,474(-)","ribosomal lysine N-methyltransferase","No","1","RKM4"
"YDR258C","Saccharomyces cerevisiae S288C","BK006938:971,808..974,243(-)","chaperone ATPase HSP78","No","1","HSP78"
"YDR259C","Saccharomyces cerevisiae S288C","BK006938:974,631..975,782(-)","Yap6p","No","1","YAP6"
"YDR260C","Saccharomyces cerevisiae S288C","BK006938:976,717..977,229(-)","Swm1p","No","1","SWM1"
"YDR261C-C","Saccharomyces cerevisiae S288C","BK006938:991,027..992,349(-)","gag protein","No","1","TY1A-DR4"
"YDR261W-A","Saccharomyces cerevisiae S288C","BK006938:981,462..982,778(+)","gag protein","No","1","TY2A-DR3"
"YDR261C-D","Saccharomyces cerevisiae S288C","BK006938:987,534..992,349(-)","gag-pol fusion protein","No","1","TY1B-DR4"
"YDR261C","Saccharomyces cerevisiae S288C","BK006938:977,521..979,209(-)","glucan exo-1,3-beta-glucosidase","No","1","EXG2"
"YDR261W-B","Saccharomyces cerevisiae S288C","BK006938:981,462..986,775(+)","gag-pol fusion protein","No","1","TY2B-DR3"
"YDR262W","Saccharomyces cerevisiae S288C","BK006938:993,134..993,952(+)","hypothetical protein","No","1","N/A"
"YDR263C","Saccharomyces cerevisiae S288C","BK006938:994,242..995,534(-)","exodeoxyribonuclease DIN7","No","1","DIN7"
"YDR264C","Saccharomyces cerevisiae S288C","BK006938:996,029..998,323(-)","palmitoyltransferase AKR1","No","1","AKR1"
"YDR265W","Saccharomyces cerevisiae S288C","BK006938:998,864..999,877(+)","ubiquitin-protein ligase peroxin 10","No","1","PEX10"
"YDR266C","Saccharomyces cerevisiae S288C","BK006938:1,000,104..1,002,023(-)","E3 ubiquitin-protein ligase HEL2","No","1","HEL2"
"YDR267C","Saccharomyces cerevisiae S288C","BK006938:1,002,510..1,003,502(-)","iron-sulfur cluster assembly protein CIA1","No","1","CIA1"
"YDR268W","Saccharomyces cerevisiae S288C","BK006938:1,004,004..1,005,143(+)","tryptophan--tRNA ligase MSW1","No","1","MSW1"
"YDR270W","Saccharomyces cerevisiae S288C","BK006938:1,005,675..1,008,689(+)","Cu(2+)-transporting P-type ATPase CCC2","No","1","CCC2"
"YDR272W","Saccharomyces cerevisiae S288C","BK006938:1,009,010..1,009,834(+)","hydroxyacylglutathione hydrolase GLO2","No","1","GLO2"
"YDR273W","Saccharomyces cerevisiae S288C","BK006938:1,010,176..1,011,273(+)","Don1p","No","1","DON1"
"YDR275W","Saccharomyces cerevisiae S288C","BK006938:1,012,252..1,012,959(+)","Bsc2p","No","1","BSC2"
"YDR276C","Saccharomyces cerevisiae S288C","BK006938:1,013,476..1,013,643(-)","Pmp3p","No","1","PMP3"
"YDR277C","Saccharomyces cerevisiae S288C","BK006938:1,014,401..1,015,702(-)","Mth1p","No","1","MTH1"
"YDR279W","Saccharomyces cerevisiae S288C","BK006938:1,019,368..1,020,420(+)","Rnh202p","No","1","RNH202"
"YDR280W","Saccharomyces cerevisiae S288C","BK006938:1,020,747..1,021,664(+)","exosome non-catalytic core subunit RRP45","No","1","RRP45"
"YDR281C","Saccharomyces cerevisiae S288C","BK006938:1,022,007..1,022,321(-)","Phm6p","No","1","PHM6"
"YDR282C","Saccharomyces cerevisiae S288C","BK006938:1,023,511..1,024,755(-)","Mrx10p","No","1","MRX10"
"YDR283C","Saccharomyces cerevisiae S288C","BK006938:1,025,070..1,030,049(-)","serine/threonine-protein kinase GCN2","No","1","GCN2"
"YDR284C","Saccharomyces cerevisiae S288C","BK006938:1,030,550..1,031,419(-)","bifunctional diacylglycerol diphosphate phosphatase/phosphatidate phosphatase","No","1","DPP1"
"YDR285W","Saccharomyces cerevisiae S288C","BK006938:1,032,436..1,035,063(+)","Zip1p","No","1","ZIP1"
"YDR286C","Saccharomyces cerevisiae S288C","BK006938:1,035,231..1,035,575(-)","hypothetical protein","No","1","MGP12"
"YDR287W","Saccharomyces cerevisiae S288C","BK006938:1,035,995..1,036,873(+)","inositol monophosphate 1-phosphatase INM2","No","1","INM2"
"YDR288W","Saccharomyces cerevisiae S288C","BK006938:1,037,195..1,038,106(+)","Smc5-Smc6 complex subunit NSE3","No","1","NSE3"
"YDR289C","Saccharomyces cerevisiae S288C","BK006938:1,038,280..1,039,509(-)","Rtt103p","No","1","RTT103"
"YDR291W","Saccharomyces cerevisiae S288C","BK006938:1,039,728..1,042,961(+)","ATP-dependent 3'-5' DNA helicase","No","1","HRQ1"
"YDR292C","Saccharomyces cerevisiae S288C","BK006938:1,043,146..1,045,011(-)","Signal recognition particle receptor subunit alpha","No","1","SRP101"
"YDR293C","Saccharomyces cerevisiae S288C","BK006938:1,045,640..1,049,392(-)","mRNA-binding translational repressor SSD1","No","1","SSD1"
"YDR294C","Saccharomyces cerevisiae S288C","BK006938:1,050,459..1,052,228(-)","sphinganine-1-phosphate aldolase DPL1","No","1","DPL1"
"YDR295C","Saccharomyces cerevisiae S288C","BK006938:1,052,623..1,054,647(-)","Hda2p","No","1","HDA2"
"YDR296W","Saccharomyces cerevisiae S288C","BK006938:1,055,212..1,055,892(+)","Mhr1p","No","1","MHR1"
"YDR297W","Saccharomyces cerevisiae S288C","BK006938:1,056,551..1,057,600(+)","sphingosine hydroxylase","No","1","SUR2"
"YDR298C","Saccharomyces cerevisiae S288C","BK006938:1,058,176..1,058,814(-)","F1F0 ATP synthase subunit 5","No","1","ATP5"
"YDR299W","Saccharomyces cerevisiae S288C","BK006938:1,059,627..1,061,231(+)","rRNA-processing protein BFR2","No","1","BFR2"
"YDR300C","Saccharomyces cerevisiae S288C","BK006938:1,061,505..1,062,791(-)","glutamate 5-kinase","No","1","PRO1"
"YDR301W","Saccharomyces cerevisiae S288C","BK006938:1,063,352..1,067,425(+)","Cft1p","No","1","CFT1"
"YDR302W","Saccharomyces cerevisiae S288C","BK006938:1,067,731..1,068,390(+)","mannose-ethanolamine phosphotransferase GPI11","No","1","GPI11"
"YDR303C","Saccharomyces cerevisiae S288C","BK006938:1,068,729..1,071,386(-)","Rsc3p","No","1","RSC3"
"YDR304C","Saccharomyces cerevisiae S288C","BK006938:1,071,880..1,072,557(-)","peptidylprolyl isomerase family protein CPR5","No","1","CPR5"
"YDR305C","Saccharomyces cerevisiae S288C","BK006938:1,072,746..1,073,488(-)","bis(5'-adenosyl)-triphosphatase","No","1","HNT2"
"YDR306C","Saccharomyces cerevisiae S288C","BK006938:1,073,735..1,075,171(-)","hypothetical protein","No","1","PFU1"
"YDR307W","Saccharomyces cerevisiae S288C","BK006938:1,075,865..1,077,853(+)","putative dolichyl-phosphate-mannose--protein mannosyltransferase","No","1","PMT7"
"YDR308C","Saccharomyces cerevisiae S288C","BK006938:1,078,027..1,078,449(-)","Srb7p","No","1","SRB7"
"YDR309C","Saccharomyces cerevisiae S288C","BK006938:1,079,048..1,080,199(-)","Gic2p","No","1","GIC2"
"YDR310C","Saccharomyces cerevisiae S288C","BK006938:1,081,128..1,084,316(-)","Sum1p","No","1","SUM1"
"YDR311W","Saccharomyces cerevisiae S288C","BK006938:1,085,065..1,086,993(+)","TFIIH/NER complex subunit TFB1","No","1","TFB1"
"YDR312W","Saccharomyces cerevisiae S288C","BK006938:1,087,581..1,088,942(+)","rRNA-binding ribosome biosynthesis protein","No","1","SSF2"
"YDR313C","Saccharomyces cerevisiae S288C","BK006938:1,089,219..1,090,079(-)","phosphatidylinositol-3-phosphate-binding ubiquitin-protein ligase","No","1","PIB1"
"YDR314C","Saccharomyces cerevisiae S288C","BK006938:1,090,433..1,092,511(-)","Rad34p","No","1","RAD34"
"YDR315C","Saccharomyces cerevisiae S288C","BK006938:1,092,741..1,093,586(-)","inositol pentakisphosphate 2-kinase","No","1","IPK1"
"YDR316W-A","Saccharomyces cerevisiae S288C","BK006938:1,096,064..1,097,386(+)","gag protein","No","1","TY1A-LR1"
"YDR316W-B","Saccharomyces cerevisiae S288C","BK006938:1,096,064..1,101,332(+)","gag-pol fusion protein","No","1","TY1B-DR5"
"YDR316W","Saccharomyces cerevisiae S288C","BK006938:1,093,763..1,095,178(+)","putative RNA methyltransferase","No","1","OMS1"
"YDR317W","Saccharomyces cerevisiae S288C","BK006938:1,102,184..1,103,428(+)","Him1p","No","1","HIM1"
"YDR318W","Saccharomyces cerevisiae S288C","BK006938:1,103,758..1,104,947(+)","Mcm21p","No","1","MCM21"
"YDR319C","Saccharomyces cerevisiae S288C","BK006938:1,105,003..1,105,827(-)","Yft2p","No","1","YFT2"
"YDR320C-A","Saccharomyces cerevisiae S288C","BK006938:1,108,280..1,108,498(-)","Dad4p","No","1","DAD4"
"YDR320C","Saccharomyces cerevisiae S288C","BK006938:1,106,095..1,108,101(-)","Swa2p","No","1","SWA2"
"YDR321W","Saccharomyces cerevisiae S288C","BK006938:1,108,702..1,109,847(+)","asparaginase ASP1","No","1","ASP1"
"YDR322C-A","Saccharomyces cerevisiae S288C","BK006938:1,112,003..1,112,293(-)","F1F0 ATP synthase subunit e","No","1","TIM11"
"YDR322W","Saccharomyces cerevisiae S288C","BK006938:1,110,589..1,111,692(+)","mitochondrial 54S ribosomal protein YmL35","No","1","MRPL35"
"YDR323C","Saccharomyces cerevisiae S288C","BK006938:1,112,480..1,114,027(-)","Pep7p","No","1","PEP7"
"YDR324C","Saccharomyces cerevisiae S288C","BK006938:1,114,433..1,116,763(-)","Utp4p","No","1","UTP4"
"YDR325W","Saccharomyces cerevisiae S288C","BK006938:1,117,126..1,120,233(+)","condensin subunit YCG1","No","1","YCG1"
"YDR326C","Saccharomyces cerevisiae S288C","BK006938:1,120,609..1,124,925(-)","Ysp2p","No","1","YSP2"
"YDR328C","Saccharomyces cerevisiae S288C","BK006938:1,125,434..1,126,018(-)","SCF ubiquitin ligase subunit SKP1","No","1","SKP1"
"YDR329C","Saccharomyces cerevisiae S288C","BK006938:1,126,270..1,127,595(-)","Pex3p","No","1","PEX3"
"YDR330W","Saccharomyces cerevisiae S288C","BK006938:1,127,872..1,129,374(+)","Ubx5p","No","1","UBX5"
"YDR331W","Saccharomyces cerevisiae S288C","BK006938:1,129,588..1,130,823(+)","GPI-anchor transamidase","No","1","GPI8"
"YDR332W","Saccharomyces cerevisiae S288C","BK006938:1,131,001..1,133,070(+)","double-stranded DNA-dependent ATPase","No","1","IRC3"
"YDR333C","Saccharomyces cerevisiae S288C","BK006938:1,133,260..1,135,431(-)","Rqc1p","No","1","RQC1"
"YDR334W","Saccharomyces cerevisiae S288C","BK006938:1,135,932..1,140,476(+)","chromatin-remodeling protein SWR1","No","1","SWR1"
"YDR335W","Saccharomyces cerevisiae S288C","BK006938:1,141,168..1,144,842(+)","karyopherin MSN5","No","1","MSN5"
"YDR336W","Saccharomyces cerevisiae S288C","BK006938:1,145,092..1,146,036(+)","Mrx8p","No","1","MRX8"
"YDR337W","Saccharomyces cerevisiae S288C","BK006938:1,146,319..1,147,179(+)","mitochondrial 37S ribosomal protein MRPS28","No","1","MRPS28"
"YDR338C","Saccharomyces cerevisiae S288C","BK006938:1,147,379..1,149,466(-)","hypothetical protein","No","1","N/A"
"YDR339C","Saccharomyces cerevisiae S288C","BK006938:1,149,951..1,150,520(-)","rRNA-processing protein FCF1","No","1","FCF1"
"YDR341C","Saccharomyces cerevisiae S288C","BK006938:1,151,803..1,153,626(-)","arginine--tRNA ligase","No","1","N/A"
"YDR342C","Saccharomyces cerevisiae S288C","BK006938:1,154,216..1,155,928(-)","hexose transporter HXT7","No","1","HXT7"
"YDR343C","Saccharomyces cerevisiae S288C","BK006938:1,159,608..1,161,320(-)","hexose transporter HXT6","No","1","HXT6"
"YDR345C","Saccharomyces cerevisiae S288C","BK006938:1,162,957..1,164,660(-)","hexose transporter HXT3","No","1","HXT3"
"YDR346C","Saccharomyces cerevisiae S288C","BK006938:1,167,214..1,168,659(-)","Svf1p","No","1","SVF1"
"YDR347W","Saccharomyces cerevisiae S288C","BK006938:1,169,178..1,170,143(+)","mitochondrial 37S ribosomal protein MRP1","No","1","MRP1"
"YDR348C","Saccharomyces cerevisiae S288C","BK006938:1,170,326..1,171,825(-)","Pal1p","No","1","PAL1"
"YDR349C","Saccharomyces cerevisiae S288C","BK006938:1,172,386..1,174,176(-)","putative aspartic endopeptidase","No","1","YPS7"
"YDR350C","Saccharomyces cerevisiae S288C","BK006938:1,176,120..1,178,174(-)","Atp22p","No","1","ATP22"
"YDR351W","Saccharomyces cerevisiae S288C","BK006938:1,178,666..1,181,260(+)","Sbe2p","No","1","SBE2"
"YDR352W","Saccharomyces cerevisiae S288C","BK006938:1,181,801..1,182,754(+)","Ypq2p","No","1","YPQ2"
"YDR353W","Saccharomyces cerevisiae S288C","BK006938:1,183,299..1,184,258(+)","thioredoxin-disulfide reductase TRR1","No","1","TRR1"
"YDR354W","Saccharomyces cerevisiae S288C","BK006938:1,184,747..1,185,889(+)","anthranilate phosphoribosyltransferase","No","1","TRP4"
"YDR356W","Saccharomyces cerevisiae S288C","BK006938:1,186,107..1,188,941(+)","Spc110p","No","1","SPC110"
"YDR357C","Saccharomyces cerevisiae S288C","BK006938:1,189,199..1,189,567(-)","Cnl1p","No","1","CNL1"
"YDR358W","Saccharomyces cerevisiae S288C","BK006938:1,190,059..1,191,732(+)","ubiquitin-binding protein","No","1","GGA1"
"YDR359C","Saccharomyces cerevisiae S288C","BK006938:1,191,936..1,194,884(-)","Eaf1p","No","1","EAF1"
"YDR361C","Saccharomyces cerevisiae S288C","BK006938:1,195,412..1,196,263(-)","protein-transporting protein BCP1","No","1","BCP1"
"YDR362C","Saccharomyces cerevisiae S288C","BK006938:1,196,679..1,198,697(-)","transcription factor TFIIIC subunit TFC6","No","1","TFC6"
"YDR363W-A","Saccharomyces cerevisiae S288C","BK006938:1,202,128..1,202,397(+)","proteasome regulatory particle lid subunit SEM1","No","1","SEM1"
"YDR363W","Saccharomyces cerevisiae S288C","BK006938:1,199,183..1,200,553(+)","Esc2p","No","1","ESC2"
"YDR364C","Saccharomyces cerevisiae S288C","BK006938:1,202,843..1,204,210(-)","Cdc40p","No","1","CDC40"
"YDR365W-B","Saccharomyces cerevisiae S288C","BK006938:1,206,997..1,212,265(+)","gag-pol fusion protein","No","1","TY1B-DR6"
"YDR365C","Saccharomyces cerevisiae S288C","BK006938:1,204,497..1,206,383(-)","Esf1p","No","1","ESF1"
"YDR365W-A","Saccharomyces cerevisiae S288C","BK006938:1,206,997..1,208,319(+)","gag protein","No","1","TY1A-LR2"
"YDR366C","Saccharomyces cerevisiae S288C","BK006938:1,212,438..1,212,836(-)","hypothetical protein","No","1","MOR1"
"YDR367W","Saccharomyces cerevisiae S288C","BK006938:1,212,848..1,213,614(+)","Kei1p","No","1","KEI1"
"YDR368W","Saccharomyces cerevisiae S288C","BK006938:1,213,904..1,214,842(+)","trifunctional aldehyde reductase/carbonyl reductase (NADPH)/glucose 1-dehydrogenase (NADP(+)) YPR1","No","1","YPR1"
"YDR369C","Saccharomyces cerevisiae S288C","BK006938:1,215,016..1,217,580(-)","Xrs2p","No","1","XRS2"
"YDR370C","Saccharomyces cerevisiae S288C","BK006938:1,217,782..1,219,110(-)","Dxo1p","No","1","DXO1"
"YDR371W","Saccharomyces cerevisiae S288C","BK006938:1,219,413..1,220,948(+)","putative chitinase","No","1","CTS2"
"YDR372C","Saccharomyces cerevisiae S288C","BK006938:1,221,112..1,222,149(-)","Vps74p","No","1","VPS74"
"YDR373W","Saccharomyces cerevisiae S288C","BK006938:1,222,759..1,223,331(+)","frequenin","No","1","FRQ1"
"YDR374C","Saccharomyces cerevisiae S288C","BK006938:1,223,474..1,224,394(-)","mRNA-binding phosphate metabolism regulator","No","1","PHO92"
"YDR374W-A","Saccharomyces cerevisiae S288C","BK006938:1,224,757..1,225,026(+)","Wip1p","No","1","WIP1"
"YDR375C","Saccharomyces cerevisiae S288C","BK006938:1,225,166..1,226,536(-)","bifunctional AAA family ATPase chaperone/translocase BCS1","No","1","BCS1"
"YDR376W","Saccharomyces cerevisiae S288C","BK006938:1,226,822..1,228,303(+)","NADPH-adrenodoxin reductase","No","1","ARH1"
"YDR377W","Saccharomyces cerevisiae S288C","BK006938:1,228,611..1,228,916(+)","F1F0 ATP synthase subunit f","No","1","ATP17"
"YDR378C","Saccharomyces cerevisiae S288C","BK006938:1,229,349..1,229,609(-)","U4/U6-U5 snRNP complex subunit LSM6","No","1","LSM6"
"YDR379C-A","Saccharomyces cerevisiae S288C","BK006938:1,233,278..1,233,517(-)","Sdh6p","No","1","SDH6"
"YDR379W","Saccharomyces cerevisiae S288C","BK006938:1,230,167..1,233,196(+)","Rga2p","No","1","RGA2"
"YDR380W","Saccharomyces cerevisiae S288C","BK006938:1,234,218..1,236,125(+)","phenylpyruvate decarboxylase ARO10","No","1","ARO10"
"YDR381C-A","Saccharomyces cerevisiae S288C","BK006938:1,238,312..1,238,850(-)","hypothetical protein","No","1","COI1"
"YDR381W","Saccharomyces cerevisiae S288C","BK006938:1,236,558..1,238,004(+)","RNA-binding protein YRA1","No","1","YRA1"
"YDR382W","Saccharomyces cerevisiae S288C","BK006938:1,239,492..1,239,824(+)","ribosomal protein P2B","No","1","RPP2B"
"YDR383C","Saccharomyces cerevisiae S288C","BK006938:1,239,960..1,240,676(-)","Nkp1p","No","1","NKP1"
"YDR384C","Saccharomyces cerevisiae S288C","BK006938:1,241,204..1,242,031(-)","putative ammonium permease ATO3","No","1","ATO3"
"YDR385W","Saccharomyces cerevisiae S288C","BK006938:1,243,230..1,245,758(+)","elongation factor 2","No","1","EFT2"
"YDR386W","Saccharomyces cerevisiae S288C","BK006938:1,246,084..1,247,982(+)","Mus81p","No","1","MUS81"
"YDR387C","Saccharomyces cerevisiae S288C","BK006938:1,248,154..1,249,821(-)","hypothetical protein","No","1","CIN10"
"YDR388W","Saccharomyces cerevisiae S288C","BK006938:1,250,186..1,251,634(+)","amphiphysin","No","1","RVS167"
"YDR389W","Saccharomyces cerevisiae S288C","BK006938:1,252,537..1,254,501(+)","Sac7p","No","1","SAC7"
"YDR390C","Saccharomyces cerevisiae S288C","BK006938:1,254,937..1,256,847(-)","E1 ubiquitin-activating protein UBA2","No","1","UBA2"
"YDR391C","Saccharomyces cerevisiae S288C","BK006938:1,257,358..1,258,056(-)","hypothetical protein","No","1","N/A"
"YDR392W","Saccharomyces cerevisiae S288C","BK006938:1,258,696..1,259,709(+)","transcriptional regulator SPT3","No","1","SPT3"
"YDR393W","Saccharomyces cerevisiae S288C","BK006938:1,259,901..1,261,271(+)","She9p","No","1","SHE9"
"YDR394W","Saccharomyces cerevisiae S288C","BK006938:1,261,681..1,262,967(+)","proteasome regulatory particle base subunit RPT3","No","1","RPT3"
"YDR395W","Saccharomyces cerevisiae S288C","BK006938:1,263,324..1,266,158(+)","Sxm1p","No","1","SXM1"
"YDR397C","Saccharomyces cerevisiae S288C","BK006938:1,266,366..1,266,898(-)","negative cofactor 2 transcription regulator complex subunit NCB2","No","1","NCB2"
"YDR398W","Saccharomyces cerevisiae S288C","BK006938:1,267,471..1,269,402(+)","Utp5p","No","1","UTP5"
"YDR399W","Saccharomyces cerevisiae S288C","BK006938:1,270,068..1,270,733(+)","hypoxanthine phosphoribosyltransferase","No","1","HPT1"
"YDR400W","Saccharomyces cerevisiae S288C","BK006938:1,271,063..1,272,085(+)","trifunctional uridine nucleosidase/nicotinamide riboside hydrolase/nicotinic acid riboside hydrolase","No","1","URH1"
"YDR402C","Saccharomyces cerevisiae S288C","BK006938:1,272,234..1,273,703(-)","putative cytochrome P450","No","1","DIT2"
"YDR403W","Saccharomyces cerevisiae S288C","BK006938:1,274,602..1,276,212(+)","Dit1p","No","1","DIT1"
"YDR404C","Saccharomyces cerevisiae S288C","BK006938:1,276,654..1,277,169(-)","DNA-directed RNA polymerase II subunit RPB7","No","1","RPB7"
"YDR405W","Saccharomyces cerevisiae S288C","BK006938:1,277,646..1,278,437(+)","mitochondrial 54S ribosomal protein YmL41","No","1","MRP20"
"YDR406W","Saccharomyces cerevisiae S288C","BK006938:1,279,210..1,283,799(+)","ATP-binding cassette multidrug transporter PDR15","No","1","PDR15"
"YDR407C","Saccharomyces cerevisiae S288C","BK006938:1,284,069..1,287,938(-)","Trs120p","No","1","TRS120"
"YDR408C","Saccharomyces cerevisiae S288C","BK006938:1,288,215..1,288,859(-)","phosphoribosylglycinamide formyltransferase","No","1","ADE8"
"YDR409W","Saccharomyces cerevisiae S288C","BK006938:1,289,406..1,292,120(+)","SUMO ligase SIZ1","No","1","SIZ1"
"YDR410C","Saccharomyces cerevisiae S288C","BK006938:1,292,372..1,293,091(-)","protein-S-isoprenylcysteine carboxyl O-methyltransferase","No","1","STE14"
"YDR411C","Saccharomyces cerevisiae S288C","BK006938:1,293,369..1,294,394(-)","Dfm1p","No","1","DFM1"
"YDR412W","Saccharomyces cerevisiae S288C","BK006938:1,294,693..1,295,400(+)","Rrp17p","No","1","RRP17"
"YDR414C","Saccharomyces cerevisiae S288C","BK006938:1,295,598..1,296,686(-)","Erd1p","No","1","ERD1"
"YDR415C","Saccharomyces cerevisiae S288C","BK006938:1,297,037..1,298,161(-)","putative aminopeptidase","No","1","N/A"
"YDR416W","Saccharomyces cerevisiae S288C","BK006938:1,298,432..1,301,011(+)","mRNA splicing protein SYF1","No","1","SYF1"
"YDR418W","Saccharomyces cerevisiae S288C","BK006938:1,301,616..1,302,113(+)","ribosomal 60S subunit protein L12B","No","1","RPL12B"
"YDR419W","Saccharomyces cerevisiae S288C","BK006938:1,303,174..1,305,072(+)","DNA-directed DNA polymerase eta","No","1","RAD30"
"YDR420W","Saccharomyces cerevisiae S288C","BK006938:1,306,267..1,311,675(+)","Hkr1p","No","1","HKR1"
"YDR421W","Saccharomyces cerevisiae S288C","BK006938:1,312,040..1,314,892(+)","Aro80p","No","1","ARO80"
"YDR422C","Saccharomyces cerevisiae S288C","BK006938:1,315,326..1,317,773(-)","Sip1p","No","1","SIP1"
"YDR423C","Saccharomyces cerevisiae S288C","BK006938:1,318,046..1,319,275(-)","Cad1p","No","1","CAD1"
"YDR424C","Saccharomyces cerevisiae S288C","BK006938:1,319,387..1,319,841(-)","dynein light chain","No","1","DYN2"
"YDR425W","Saccharomyces cerevisiae S288C","BK006938:1,320,064..1,321,941(+)","Snx41p","No","1","SNX41"
"YDR427W","Saccharomyces cerevisiae S288C","BK006938:1,322,205..1,323,386(+)","proteasome regulatory particle lid subunit RPN9","No","1","RPN9"
"YDR428C","Saccharomyces cerevisiae S288C","BK006938:1,323,454..1,324,239(-)","arylformamidase","No","1","BNA7"
"YDR429C","Saccharomyces cerevisiae S288C","BK006938:1,324,477..1,325,301(-)","translation initiation factor eIF3 subunit g","No","1","TIF35"
"YDR430C","Saccharomyces cerevisiae S288C","BK006938:1,325,501..1,328,470(-)","Cym1p","No","1","CYM1"
"YDR432W","Saccharomyces cerevisiae S288C","BK006938:1,328,783..1,330,027(+)","mRNA-binding protein NPL3","No","1","NPL3"
"YDR434W","Saccharomyces cerevisiae S288C","BK006938:1,331,237..1,332,841(+)","GPI-anchor transamidase GPI17","No","1","GPI17"
"YDR435C","Saccharomyces cerevisiae S288C","BK006938:1,332,983..1,333,969(-)","leucine carboxy methyltransferase","No","1","PPM1"
"YDR436W","Saccharomyces cerevisiae S288C","BK006938:1,334,821..1,336,953(+)","salt homeostasis regulator","No","1","PPZ2"
"YDR437W","Saccharomyces cerevisiae S288C","BK006938:1,337,352..1,337,774(+)","phosphatidylinositol N-acetylglucosaminyltransferase GPI19","No","1","GPI19"
"YDR438W","Saccharomyces cerevisiae S288C","BK006938:1,338,274..1,339,386(+)","Thi74p","No","1","THI74"
"YDR439W","Saccharomyces cerevisiae S288C","BK006938:1,339,676..1,340,719(+)","Lrs4p","No","1","LRS4"
"YDR440W","Saccharomyces cerevisiae S288C","BK006938:1,342,493..1,344,241(+)","histone methyltransferase DOT1","No","1","DOT1"
"YDR441C","Saccharomyces cerevisiae S288C","BK006938:1,344,517..1,345,062(-)","adenine phosphoribosyltransferase APT2","No","1","APT2"
"YDR443C","Saccharomyces cerevisiae S288C","BK006938:1,345,676..1,349,938(-)","Ssn2p","No","1","SSN2"
"YDR444W","Saccharomyces cerevisiae S288C","BK006938:1,350,290..1,352,353(+)","putative hydrolase","No","1","N/A"
"YDR446W","Saccharomyces cerevisiae S288C","BK006938:1,353,725..1,354,633(+)","Ecm11p","No","1","ECM11"
"YDR447C","Saccharomyces cerevisiae S288C","BK006938:1,354,829..1,355,553(-)","ribosomal 40S subunit protein S17B","No","1","RPS17B"
"YDR448W","Saccharomyces cerevisiae S288C","BK006938:1,356,065..1,357,369(+)","chromatin-binding transcription regulator ADA2","No","1","ADA2"
"YDR449C","Saccharomyces cerevisiae S288C","BK006938:1,357,580..1,358,902(-)","snoRNA-binding rRNA-processing protein UTP6","No","1","UTP6"
"YDR450W","Saccharomyces cerevisiae S288C","BK006938:1,359,923..1,360,798(+)","ribosomal 40S subunit protein S18A","No","1","RPS18A"
"YDR451C","Saccharomyces cerevisiae S288C","BK006938:1,361,120..1,362,181(-)","Yhp1p","No","1","YHP1"
"YDR452W","Saccharomyces cerevisiae S288C","BK006938:1,362,878..1,364,902(+)","endopolyphosphatase","No","1","PPN1"
"YDR453C","Saccharomyces cerevisiae S288C","BK006938:1,365,072..1,365,662(-)","thioredoxin peroxidase TSA2","No","1","TSA2"
"YDR454C","Saccharomyces cerevisiae S288C","BK006938:1,366,264..1,366,827(-)","guanylate kinase","No","1","GUK1"
"YDR456W","Saccharomyces cerevisiae S288C","BK006938:1,367,485..1,369,386(+)","bifunctional K:H/Na:H antiporter NHX1","No","1","NHX1"
"YDR457W","Saccharomyces cerevisiae S288C","BK006938:1,369,790..1,379,596(+)","E3 ubiquitin-protein ligase TOM1","No","1","TOM1"
"YDR458C","Saccharomyces cerevisiae S288C","BK006938:1,380,055..1,382,046(-)","Heh2p","No","1","HEH2"
"YDR459C","Saccharomyces cerevisiae S288C","BK006938:1,382,319..1,383,443(-)","palmitoyltransferase PFA5","No","1","PFA5"
"YDR460W","Saccharomyces cerevisiae S288C","BK006938:1,383,811..1,384,776(+)","TFIIH/NER complex subunit TFB3","No","1","TFB3"
"YDR461C-A","Saccharomyces cerevisiae S288C","BK006938:1,385,524..1,385,766(-)","hypothetical protein","No","1","CMI8"
"YDR461W","Saccharomyces cerevisiae S288C","BK006938:1,385,176..1,385,286(+)","mating pheromone a","No","1","MFA1"
"YDR462W","Saccharomyces cerevisiae S288C","BK006938:1,386,073..1,386,516(+)","mitochondrial 54S ribosomal protein YmL28","No","1","MRPL28"
"YDR463W","Saccharomyces cerevisiae S288C","BK006938:1,386,816..1,388,375(+)","Stp1p","No","1","STP1"
"YDR464W","Saccharomyces cerevisiae S288C","BK006938:1,388,872..1,393,179(+)","Spp41p","No","1","SPP41"
"YDR465C","Saccharomyces cerevisiae S288C","BK006938:1,393,336..1,394,574(-)","protein-arginine N5-methyltransferase","No","1","RMT2"
"YDR466W","Saccharomyces cerevisiae S288C","BK006938:1,395,121..1,397,817(+)","protein kinase PKH3","No","1","PKH3"
"YDR468C","Saccharomyces cerevisiae S288C","BK006938:1,398,026..1,398,700(-)","Tlg1p","No","1","TLG1"
"YDR469W","Saccharomyces cerevisiae S288C","BK006938:1,399,015..1,399,542(+)","Sdc1p","No","1","SDC1"
"YDR470C","Saccharomyces cerevisiae S288C","BK006938:1,399,706..1,401,214(-)","Ugo1p","No","1","UGO1"
"YDR471W","Saccharomyces cerevisiae S288C","BK006938:1,401,770..1,402,564(+)","ribosomal 60S subunit protein L27B","No","1","RPL27B"
"YDR475C","Saccharomyces cerevisiae S288C","BK006938:1,407,464..1,410,094(-)","Jip4p","No","1","JIP4"
"YDR472W","Saccharomyces cerevisiae S288C","BK006938:1,403,322..1,404,173(+)","TRAPP subunit TRS31","No","1","TRS31"
"YDR473C","Saccharomyces cerevisiae S288C","BK006938:1,404,445..1,405,854(-)","U4/U6-U5 snRNP complex subunit PRP3","No","1","PRP3"
"YDR476C","Saccharomyces cerevisiae S288C","BK006938:1,410,453..1,411,127(-)","hypothetical protein","No","1","N/A"
"YDR477W","Saccharomyces cerevisiae S288C","BK006938:1,412,373..1,414,274(+)","AMP-activated serine/threonine-protein kinase catalytic subunit SNF1","No","1","SNF1"
"YDR478W","Saccharomyces cerevisiae S288C","BK006938:1,414,575..1,415,171(+)","Snm1p","No","1","SNM1"
"YDR479C","Saccharomyces cerevisiae S288C","BK006938:1,415,210..1,416,874(-)","Pex29p","No","1","PEX29"
"YDR480W","Saccharomyces cerevisiae S288C","BK006938:1,417,399..1,418,370(+)","Dig2p","No","1","DIG2"
"YDR481C","Saccharomyces cerevisiae S288C","BK006938:1,418,550..1,420,250(-)","alkaline phosphatase PHO8","No","1","PHO8"
"YDR482C","Saccharomyces cerevisiae S288C","BK006938:1,420,431..1,420,838(-)","U2-type spliceosomal complex subunit CWC21","No","1","CWC21"
"YDR483W","Saccharomyces cerevisiae S288C","BK006938:1,421,157..1,422,485(+)","alpha-1,2-mannosyltransferase KRE2","No","1","KRE2"
"YDR484W","Saccharomyces cerevisiae S288C","BK006938:1,422,763..1,424,688(+)","Vps52p","No","1","VPS52"
"YDR485C","Saccharomyces cerevisiae S288C","BK006938:1,424,820..1,427,207(-)","Vps72p","No","1","VPS72"
"YDR486C","Saccharomyces cerevisiae S288C","BK006938:1,427,431..1,428,120(-)","Vps60p","No","1","VPS60"
"YDR487C","Saccharomyces cerevisiae S288C","BK006938:1,428,354..1,428,980(-)","3,4-dihydroxy-2-butanone-4-phosphate synthase RIB3","No","1","RIB3"
"YDR488C","Saccharomyces cerevisiae S288C","BK006938:1,429,188..1,430,789(-)","dynein intermediate chain","No","1","PAC11"
"YDR489W","Saccharomyces cerevisiae S288C","BK006938:1,431,012..1,431,896(+)","DNA replication protein SLD5","No","1","SLD5"
"YDR490C","Saccharomyces cerevisiae S288C","BK006938:1,431,968..1,434,268(-)","serine/threonine protein kinase PKH1","No","1","PKH1"
"YDR492W","Saccharomyces cerevisiae S288C","BK006938:1,434,924..1,435,874(+)","PAQR-type receptor","No","1","IZH1"
"YDR493W","Saccharomyces cerevisiae S288C","BK006938:1,436,217..1,436,588(+)","Mzm1p","No","1","MZM1"
"YDR494W","Saccharomyces cerevisiae S288C","BK006938:1,436,930..1,438,015(+)","mitochondrial 37S ribosomal protein RSM28","No","1","RSM28"
"YDR495C","Saccharomyces cerevisiae S288C","BK006938:1,438,115..1,441,150(-)","CORVET complex subunit VPS3","No","1","VPS3"
"YDR496C","Saccharomyces cerevisiae S288C","BK006938:1,441,433..1,443,403(-)","Puf6p","No","1","PUF6"
"YDR497C","Saccharomyces cerevisiae S288C","BK006938:1,443,713..1,445,467(-)","myo-inositol transporter ITR1","No","1","ITR1"
"YDR498C","Saccharomyces cerevisiae S288C","BK006938:1,445,843..1,446,994(-)","Sec20p","No","1","SEC20"
"YDR499W","Saccharomyces cerevisiae S288C","BK006938:1,447,830..1,450,073(+)","Lcd1p","No","1","LCD1"
"YDR500C","Saccharomyces cerevisiae S288C","BK006938:1,450,198..1,450,853(-)","ribosomal 60S subunit protein L37B","No","1","RPL37B"
"YDR501W","Saccharomyces cerevisiae S288C","BK006938:1,451,353..1,452,918(+)","Plm2p","No","1","PLM2"
"YDR502C","Saccharomyces cerevisiae S288C","BK006938:1,453,310..1,454,464(-)","methionine adenosyltransferase SAM2","No","1","SAM2"
"YDR503C","Saccharomyces cerevisiae S288C","BK006938:1,455,042..1,455,866(-)","phosphatidate phosphatase LPP1","No","1","LPP1"
"YDR504C","Saccharomyces cerevisiae S288C","BK006938:1,456,311..1,456,694(-)","Spg3p","No","1","SPG3"
"YDR505C","Saccharomyces cerevisiae S288C","BK006938:1,456,695..1,459,220(-)","Psp1p","No","1","PSP1"
"YDR506C","Saccharomyces cerevisiae S288C","BK006938:1,459,728..1,461,554(-)","putative oxidoreductase","No","1","GMC1"
"YDR507C","Saccharomyces cerevisiae S288C","BK006938:1,462,358..1,465,786(-)","protein kinase GIN4","No","1","GIN4"
"YDR508C","Saccharomyces cerevisiae S288C","BK006938:1,466,453..1,468,444(-)","glutamine permease GNP1","No","1","GNP1"
"YDR510W","Saccharomyces cerevisiae S288C","BK006938:1,469,400..1,469,705(+)","SUMO family protein SMT3","No","1","SMT3"
"YDR511W","Saccharomyces cerevisiae S288C","BK006938:1,470,017..1,470,418(+)","Sdh7p","No","1","SDH7"
"YDR512C","Saccharomyces cerevisiae S288C","BK006938:1,470,500..1,471,063(-)","Emi1p","No","1","EMI1"
"YDR513W","Saccharomyces cerevisiae S288C","BK006938:1,471,017..1,471,448(+)","dithiol glutaredoxin GRX2","No","1","GRX2"
"YDR514C","Saccharomyces cerevisiae S288C","BK006938:1,471,548..1,472,999(-)","hypothetical protein","No","1","N/A"
"YDR515W","Saccharomyces cerevisiae S288C","BK006938:1,473,429..1,474,772(+)","Slf1p","No","1","SLF1"
"YDR516C","Saccharomyces cerevisiae S288C","BK006938:1,474,974..1,476,476(-)","putative glucokinase","No","1","EMI2"
"YDR517W","Saccharomyces cerevisiae S288C","BK006938:1,477,239..1,478,357(+)","Grh1p","No","1","GRH1"
"YDR518W","Saccharomyces cerevisiae S288C","BK006938:1,478,608..1,480,161(+)","protein disulfide isomerase EUG1","No","1","EUG1"
"YDR519W","Saccharomyces cerevisiae S288C","BK006938:1,480,425..1,480,832(+)","peptidylprolyl isomerase family protein FPR2","No","1","FPR2"
"YDR520C","Saccharomyces cerevisiae S288C","BK006938:1,481,085..1,483,403(-)","Urc2p","No","1","URC2"
"YDR522C","Saccharomyces cerevisiae S288C","BK006938:1,483,795..1,485,303(-)","Sps2p","No","1","SPS2"
"YDR523C","Saccharomyces cerevisiae S288C","BK006938:1,485,566..1,487,038(-)","putative serine/threonine protein kinase SPS1","No","1","SPS1"
"YDR524C-B","Saccharomyces cerevisiae S288C","BK006938:1,489,598..1,489,798(-)","hypothetical protein","No","1","N/A"
"YDR524C","Saccharomyces cerevisiae S288C","BK006938:1,487,542..1,488,990(-)","Age1p","No","1","AGE1"
"YDR524W-C","Saccharomyces cerevisiae S288C","BK006938:1,489,403..1,489,492(+)","hypothetical protein","No","1","N/A"
"YDR525W-A","Saccharomyces cerevisiae S288C","BK006938:1,490,596..1,490,835(+)","Sna2p","No","1","SNA2"
"YDR527W","Saccharomyces cerevisiae S288C","BK006938:1,491,094..1,492,413(+)","Rba50p","No","1","RBA50"
"YDR528W","Saccharomyces cerevisiae S288C","BK006938:1,494,586..1,495,857(+)","Hlr1p","No","1","HLR1"
"YDR529C","Saccharomyces cerevisiae S288C","BK006938:1,496,165..1,496,548(-)","ubiquinol--cytochrome-c reductase subunit 7","No","1","QCR7"
"YDR530C","Saccharomyces cerevisiae S288C","BK006938:1,496,791..1,497,768(-)","bifunctional AP-4-A phosphorylase/ADP sulfurylase","No","1","APA2"
"YDR531W","Saccharomyces cerevisiae S288C","BK006938:1,498,232..1,499,335(+)","pantothenate kinase","No","1","CAB1"
"YDR532C","Saccharomyces cerevisiae S288C","BK006938:1,499,396..1,500,553(-)","Kre28p","No","1","KRE28"
"YDR533C","Saccharomyces cerevisiae S288C","BK006938:1,501,447..1,502,160(-)","glutathione-independent methylglyoxalase","No","1","HSP31"
"YDR534C","Saccharomyces cerevisiae S288C","BK006938:1,503,314..1,504,900(-)","Fit1p","No","1","FIT1"
"YDR536W","Saccharomyces cerevisiae S288C","BK006938:1,508,005..1,509,714(+)","glucose-inactivated glycerol proton symporter STL1","No","1","STL1"
"YDR538W","Saccharomyces cerevisiae S288C","BK006938:1,510,902..1,511,630(+)","phenylacrylic acid decarboxylase PAD1","No","1","PAD1"
"YDR539W","Saccharomyces cerevisiae S288C","BK006938:1,512,094..1,513,605(+)","putative phenylacrylic acid decarboxylase FDC1","No","1","FDC1"
"YDR540C","Saccharomyces cerevisiae S288C","BK006938:1,517,136..1,517,675(-)","Irc4p","No","1","IRC4"
"YDR541C","Saccharomyces cerevisiae S288C","BK006938:1,519,664..1,520,698(-)","carbonyl reductase (NADPH-dependent)","No","1","N/A"
"YDR542W","Saccharomyces cerevisiae S288C","BK006938:1,523,249..1,523,611(+)","seripauperin PAU10","No","1","PAU10"
"YDR545W","Saccharomyces cerevisiae S288C","BK006938:1,526,321..1,531,711(+)","Y' element ATP-dependent helicase protein 1 copy 1","No","1","YRF1-1"
"YEL001C","Saccharomyces cerevisiae S288C","BK006939:150,301..150,978(-)","Irc22p","No","1","IRC22"
"YEL002C","Saccharomyces cerevisiae S288C","BK006939:148,722..150,014(-)","dolichyl-diphosphooligosaccharide-protein glycotransferase","No","1","WBP1"
"YEL003W","Saccharomyces cerevisiae S288C","BK006939:148,176..148,599(+)","tubulin-binding prefolding complex subunit GIM4","No","1","GIM4"
"YEL004W","Saccharomyces cerevisiae S288C","BK006939:146,951..147,979(+)","Yea4p","No","1","YEA4"
"YEL005C","Saccharomyces cerevisiae S288C","BK006939:145,907..146,755(-)","Vab2p","No","1","VAB2"
"YEL006W","Saccharomyces cerevisiae S288C","BK006939:144,327..145,334(+)","NAD+ transporter","No","1","YEA6"
"YEL007W","Saccharomyces cerevisiae S288C","BK006939:141,892..143,892(+)","Mit1p","No","1","MIT1"
"YEL009C","Saccharomyces cerevisiae S288C","BK006939:138,918..139,763(-)","amino acid starvation-responsive transcription factor GCN4","No","1","GCN4"
"YEL011W","Saccharomyces cerevisiae S288C","BK006939:133,120..135,234(+)","1,4-alpha-glucan branching enzyme","No","1","GLC3"
"YEL012W","Saccharomyces cerevisiae S288C","BK006939:131,772..132,551(+)","E2 ubiquitin-conjugating protein UBC8","No","1","UBC8"
"YEL013W","Saccharomyces cerevisiae S288C","BK006939:128,825..130,561(+)","protein anchor VAC8","No","1","VAC8"
"YEL015W","Saccharomyces cerevisiae S288C","BK006939:126,629..128,284(+)","Edc3p","No","1","EDC3"
"YEL016C","Saccharomyces cerevisiae S288C","BK006939:124,737..126,218(-)","nucleotide diphosphatase/phosphodiesterase NPP2","No","1","NPP2"
"YEL017C-A","Saccharomyces cerevisiae S288C","BK006939:122,798..122,929(-)","proteolipid ATPase","No","1","PMP2"
"YEL017W","Saccharomyces cerevisiae S288C","BK006939:123,657..124,670(+)","Gtt3p","No","1","GTT3"
"YEL018W","Saccharomyces cerevisiae S288C","BK006939:121,471..122,310(+)","Eaf5p","No","1","EAF5"
"YEL019C","Saccharomyces cerevisiae S288C","BK006939:120,498..121,301(-)","SUMO ligase MMS21","No","1","MMS21"
"YEL020C","Saccharomyces cerevisiae S288C","BK006939:118,617..120,299(-)","putative indolepyruvate decarboxylase family protein","No","1","PXP1"
"YEL020W-A","Saccharomyces cerevisiae S288C","BK006939:117,211..117,474(+)","protein transporter TIM9","No","1","TIM9"
"YEL021W","Saccharomyces cerevisiae S288C","BK006939:116,167..116,970(+)","orotidine-5'-phosphate decarboxylase","No","1","URA3"
"YEL022W","Saccharomyces cerevisiae S288C","BK006939:111,421..115,800(+)","Arf family guanine nucleotide exchange factor GEA2","No","1","GEA2"
"YEL023C","Saccharomyces cerevisiae S288C","BK006939:108,504..110,552(-)","hypothetical protein","No","1","N/A"
"YEL024W","Saccharomyces cerevisiae S288C","BK006939:107,260..107,907(+)","ubiquinol--cytochrome-c reductase catalytic subunit RIP1","No","1","RIP1"
"YEL025C","Saccharomyces cerevisiae S288C","BK006939:102,581..106,147(-)","hypothetical protein","No","1","N/A"
"YEL026W","Saccharomyces cerevisiae S288C","BK006939:101,943..102,323(+)","RNA binding protein SNU13","No","1","SNU13"
"YEL027W","Saccharomyces cerevisiae S288C","BK006939:100,769..101,251(+)","H(+)-transporting V0 sector ATPase subunit c","No","1","VMA3"
"YEL029C","Saccharomyces cerevisiae S288C","BK006939:96,858..97,796(-)","putative pyridoxal kinase BUD16","No","1","BUD16"
"YEL030W","Saccharomyces cerevisiae S288C","BK006939:94,644..96,578(+)","Hsp70 family ATPase ECM10","No","1","ECM10"
"YEL031W","Saccharomyces cerevisiae S288C","BK006939:90,258..93,905(+)","ion-transporting P-type ATPase SPF1","No","1","SPF1"
"YEL032W","Saccharomyces cerevisiae S288C","BK006939:86,937..89,852(+)","MCM DNA helicase complex subunit MCM3","No","1","MCM3"
"YEL033W","Saccharomyces cerevisiae S288C","BK006939:86,179..86,598(+)","Mtc7p","No","1","MTC7"
"YEL034W","Saccharomyces cerevisiae S288C","BK006939:85,676..86,149(+)","translation elongation factor eIF-5A","No","1","HYP2"
"YEL035C","Saccharomyces cerevisiae S288C","BK006939:85,045..85,545(-)","Utr5p","No","1","UTR5"
"YEL036C","Saccharomyces cerevisiae S288C","BK006939:83,050..84,552(-)","Anp1p","No","1","ANP1"
"YEL037C","Saccharomyces cerevisiae S288C","BK006939:81,407..82,603(-)","Rad23p","No","1","RAD23"
"YEL038W","Saccharomyces cerevisiae S288C","BK006939:80,462..81,145(+)","putative acireductone synthase UTR4","No","1","UTR4"
"YEL041W","Saccharomyces cerevisiae S288C","BK006939:75,944..77,431(+)","NADH/NAD(+) kinase","No","1","YEF1"
"YEL039C","Saccharomyces cerevisiae S288C","BK006939:79,636..79,977(-)","cytochrome c isoform 2","No","1","CYC7"
"YEL040W","Saccharomyces cerevisiae S288C","BK006939:78,053..79,456(+)","Utr2p","No","1","UTR2"
"YEL042W","Saccharomyces cerevisiae S288C","BK006939:73,771..75,327(+)","guanosine diphosphatase","No","1","GDA1"
"YEL043W","Saccharomyces cerevisiae S288C","BK006939:70,478..73,348(+)","hypothetical protein","No","1","GTA1"
"YEL044W","Saccharomyces cerevisiae S288C","BK006939:69,757..70,257(+)","Ies6p","No","1","IES6"
"YEL046C","Saccharomyces cerevisiae S288C","BK006939:67,629..68,792(-)","threonine aldolase GLY1","No","1","GLY1"
"YEL047C","Saccharomyces cerevisiae S288C","BK006939:65,385..66,797(-)","fumarate reductase","No","1","FRD1"
"YEL048C","Saccharomyces cerevisiae S288C","BK006939:64,709..65,167(-)","Tca17p","No","1","TCA17"
"YEL049W","Saccharomyces cerevisiae S288C","BK006939:63,728..64,090(+)","seripauperin PAU2","No","1","PAU2"
"YEL050C","Saccharomyces cerevisiae S288C","BK006939:59,670..60,851(-)","mitochondrial 54S ribosomal protein RML2","No","1","RML2"
"YEL051W","Saccharomyces cerevisiae S288C","BK006939:58,378..59,148(+)","H(+)-transporting V1 sector ATPase subunit D","No","1","VMA8"
"YEL052W","Saccharomyces cerevisiae S288C","BK006939:56,571..58,100(+)","Afg1p","No","1","AFG1"
"YEL053C","Saccharomyces cerevisiae S288C","BK006939:53,901..56,102(-)","Mak10p","No","1","MAK10"
"YEL054C","Saccharomyces cerevisiae S288C","BK006939:52,721..53,218(-)","ribosomal 60S subunit protein L12A","No","1","RPL12A"
"YEL055C","Saccharomyces cerevisiae S288C","BK006939:48,471..51,539(-)","DNA-directed DNA polymerase","No","1","POL5"
"YEL056W","Saccharomyces cerevisiae S288C","BK006939:47,168..48,373(+)","Hat2p","No","1","HAT2"
"YEL057C","Saccharomyces cerevisiae S288C","BK006939:45,020..45,721(-)","Sdd1p","No","1","SDD1"
"YEL058W","Saccharomyces cerevisiae S288C","BK006939:43,252..44,925(+)","phosphoacetylglucosamine mutase PCM1","No","1","PCM1"
"YEL059C-A","Saccharomyces cerevisiae S288C","BK006939:42,400..42,624(-)","Som1p","No","1","SOM1"
"YEL060C","Saccharomyces cerevisiae S288C","BK006939:40,046..41,953(-)","proteinase B","No","1","PRB1"
"YEL061C","Saccharomyces cerevisiae S288C","BK006939:36,535..39,537(-)","kinesin motor protein CIN8","No","1","CIN8"
"YEL062W","Saccharomyces cerevisiae S288C","BK006939:34,407..36,254(+)","nitrogen permease regulating protein NPR2","No","1","NPR2"
"YEL063C","Saccharomyces cerevisiae S288C","BK006939:31,694..33,466(-)","arginine permease CAN1","No","1","CAN1"
"YEL064C","Saccharomyces cerevisiae S288C","BK006939:29,797..31,239(-)","Avt2p","No","1","AVT2"
"YEL065W","Saccharomyces cerevisiae S288C","BK006939:27,657..29,543(+)","siderophore transporter","No","1","SIT1"
"YEL066W","Saccharomyces cerevisiae S288C","BK006939:26,667..27,206(+)","D-amino-acid N-acetyltransferase","No","1","HPA3"
"YEL067C","Saccharomyces cerevisiae S288C","BK006939:26,189..26,776(-)","hypothetical protein","No","1","N/A"
"YEL068C","Saccharomyces cerevisiae S288C","BK006939:25,646..25,978(-)","hypothetical protein","No","1","N/A"
"YEL069C","Saccharomyces cerevisiae S288C","BK006939:21,537..23,231(-)","hexose transporter HXT13","No","1","HXT13"
"YEL070W","Saccharomyces cerevisiae S288C","BK006939:19,589..21,097(+)","mannitol dehydrogenase DSF1","No","1","DSF1"
"YEL071W","Saccharomyces cerevisiae S288C","BK006939:16,355..17,845(+)","D-lactate dehydrogenase","No","1","DLD3"
"YEL072W","Saccharomyces cerevisiae S288C","BK006939:13,720..14,415(+)","Rmd6p","No","1","RMD6"
"YEL073C","Saccharomyces cerevisiae S288C","BK006939:7,230..7,553(-)","hypothetical protein","No","1","N/A"
"YEL075C","Saccharomyces cerevisiae S288C","BK006939:5,345..5,713(-)","hypothetical protein","No","1","N/A"
"YEL076C-A","Saccharomyces cerevisiae S288C","BK006939:4,185..5,114(-)","hypothetical protein","No","1","N/A"
"YEL076C","Saccharomyces cerevisiae S288C","BK006939:4,464..5,114(-)","hypothetical protein","No","1","N/A"
"YEL077C","Saccharomyces cerevisiae S288C","BK006939:264..4,097(-)","Y' element ATP-dependent helicase","No","1","N/A"
"YER001W","Saccharomyces cerevisiae S288C","BK006939:153,520..155,808(+)","alpha-1,3-mannosyltransferase MNN1","No","1","MNN1"
"YER002W","Saccharomyces cerevisiae S288C","BK006939:156,803..157,498(+)","Nop16p","No","1","NOP16"
"YER003C","Saccharomyces cerevisiae S288C","BK006939:157,736..159,118(-)","mannose-6-phosphate isomerase PMI40","No","1","PMI40"
"YER004W","Saccharomyces cerevisiae S288C","BK006939:159,580..160,275(+)","Fmp52p","No","1","FMP52"
"YER005W","Saccharomyces cerevisiae S288C","BK006939:160,550..162,442(+)","apyrase","No","1","YND1"
"YER006W","Saccharomyces cerevisiae S288C","BK006939:162,723..164,285(+)","RNA-binding GTPase NUG1","No","1","NUG1"
"YER007C-A","Saccharomyces cerevisiae S288C","BK006939:166,237..166,885(-)","Tma20p","No","1","TMA20"
"YER007W","Saccharomyces cerevisiae S288C","BK006939:164,527..166,083(+)","Pac2p","No","1","PAC2"
"YER008C","Saccharomyces cerevisiae S288C","BK006939:167,808..171,818(-)","GTP-Rho binding exocyst subunit SEC3","No","1","SEC3"
"YER009W","Saccharomyces cerevisiae S288C","BK006939:172,115..172,492(+)","Ran GTPase-binding protein NTF2","No","1","NTF2"
"YER010C","Saccharomyces cerevisiae S288C","BK006939:172,634..173,338(-)","bifunctional 4-hydroxy-4-methyl-2-oxoglutarate aldolase/oxaloacetate decarboxylase","No","1","N/A"
"YER011W","Saccharomyces cerevisiae S288C","BK006939:175,248..176,012(+)","GPI-anchored mannoprotein","No","1","TIR1"
"YER012W","Saccharomyces cerevisiae S288C","BK006939:177,835..178,431(+)","proteasome core particle subunit beta 4","No","1","PRE1"
"YER013W","Saccharomyces cerevisiae S288C","BK006939:178,841..182,278(+)","DEAH-box ATP-dependent RNA helicase PRP22","No","1","PRP22"
"YER014C-A","Saccharomyces cerevisiae S288C","BK006939:183,731..184,700(-)","Bud25p","No","1","BUD25"
"YER014W","Saccharomyces cerevisiae S288C","BK006939:182,600..184,219(+)","oxygen-dependent protoporphyrinogen oxidase","No","1","HEM14"
"YER015W","Saccharomyces cerevisiae S288C","BK006939:184,541..186,775(+)","medium-chain fatty acid-CoA ligase FAA2","No","1","FAA2"
"YER016W","Saccharomyces cerevisiae S288C","BK006939:188,277..189,311(+)","microtubule-binding protein BIM1","No","1","BIM1"
"YER017C","Saccharomyces cerevisiae S288C","BK006939:189,503..191,788(-)","AAA family ATPase AFG3","No","1","AFG3"
"YER018C","Saccharomyces cerevisiae S288C","BK006939:191,959..192,624(-)","kinetochore-associated Ndc80 complex subunit SPC25","No","1","SPC25"
"YER019C-A","Saccharomyces cerevisiae S288C","BK006939:194,273..194,539(-)","Arf family guanine nucleotide exchange factor SBH2","No","1","SBH2"
"YER019W","Saccharomyces cerevisiae S288C","BK006939:192,797..194,230(+)","inositol phosphosphingolipid phospholipase","No","1","ISC1"
"YER020W","Saccharomyces cerevisiae S288C","BK006939:195,168..196,517(+)","guanine nucleotide-binding protein subunit alpha","No","1","GPA2"
"YER021W","Saccharomyces cerevisiae S288C","BK006939:196,948..198,519(+)","proteasome regulatory particle lid subunit RPN3","No","1","RPN3"
"YER022W","Saccharomyces cerevisiae S288C","BK006939:198,812..200,875(+)","Srb4p","No","1","SRB4"
"YER023W","Saccharomyces cerevisiae S288C","BK006939:201,076..201,936(+)","pyrroline-5-carboxylate reductase","No","1","PRO3"
"YER024W","Saccharomyces cerevisiae S288C","BK006939:202,192..204,963(+)","carnitine O-acetyltransferase YAT2","No","1","YAT2"
"YER025W","Saccharomyces cerevisiae S288C","BK006939:205,251..206,834(+)","translation initiation factor eIF2 subunit gamma","No","1","GCD11"
"YER026C","Saccharomyces cerevisiae S288C","BK006939:207,644..208,474(-)","CDP-diacylglycerol-serine O-phosphatidyltransferase","No","1","CHO1"
"YER027C","Saccharomyces cerevisiae S288C","BK006939:208,979..210,232(-)","Gal83p","No","1","GAL83"
"YER028C","Saccharomyces cerevisiae S288C","BK006939:210,692..211,876(-)","Mig3p","No","1","MIG3"
"YER029C","Saccharomyces cerevisiae S288C","BK006939:212,587..213,177(-)","mRNA splicing protein SMB1","No","1","SMB1"
"YER030W","Saccharomyces cerevisiae S288C","BK006939:213,437..213,898(+)","Chz1p","No","1","CHZ1"
"YER031C","Saccharomyces cerevisiae S288C","BK006939:214,076..214,747(-)","Rab family GTPase YPT31","No","1","YPT31"
"YER032W","Saccharomyces cerevisiae S288C","BK006939:215,063..217,693(+)","Fir1p","No","1","FIR1"
"YER033C","Saccharomyces cerevisiae S288C","BK006939:218,057..221,287(-)","Zrg8p","No","1","ZRG8"
"YER034W","Saccharomyces cerevisiae S288C","BK006939:221,846..222,403(+)","hypothetical protein","No","1","N/A"
"YER035W","Saccharomyces cerevisiae S288C","BK006939:222,639..223,076(+)","Edc2p","No","1","EDC2"
"YER036C","Saccharomyces cerevisiae S288C","BK006939:223,367..225,199(-)","ATP-binding cassette family ATPase ARB1","No","1","ARB1"
"YER037W","Saccharomyces cerevisiae S288C","BK006939:225,889..226,854(+)","bifunctional nucleotidase/lysophosphatidic acid phosphatase","No","1","PHM8"
"YER038C","Saccharomyces cerevisiae S288C","BK006939:226,858..228,252(-)","Smc5-Smc6 complex subunit KRE29","No","1","KRE29"
"YER038W-A","Saccharomyces cerevisiae S288C","BK006939:228,451..228,831(+)","hypothetical protein","No","1","FMP49"
"YER039C-A","Saccharomyces cerevisiae S288C","BK006939:229,263..229,481(-)","hypothetical protein","No","1","N/A"
"YER039C","Saccharomyces cerevisiae S288C","BK006939:228,456..229,205(-)","putative GDP-mannose transporter","No","1","HVG1"
"YER040W","Saccharomyces cerevisiae S288C","BK006939:229,795..231,987(+)","nitrogen-responsive transcriptional regulator GLN3","No","1","GLN3"
"YER041W","Saccharomyces cerevisiae S288C","BK006939:232,461..234,740(+)","crossover junction endodeoxyribonuclease","No","1","YEN1"
"YER042W","Saccharomyces cerevisiae S288C","BK006939:234,937..235,491(+)","peptide-methionine-S-sulfoxide reductase","No","1","MXR1"
"YER043C","Saccharomyces cerevisiae S288C","BK006939:235,770..237,119(-)","adenosylhomocysteinase","No","1","SAH1"
"YER044C-A","Saccharomyces cerevisiae S288C","BK006939:238,460..239,774(-)","Mei4p","No","1","MEI4"
"YER044C","Saccharomyces cerevisiae S288C","BK006939:237,570..238,016(-)","Erg28p","No","1","ERG28"
"YER045C","Saccharomyces cerevisiae S288C","BK006939:240,032..241,501(-)","Aca1p","No","1","ACA1"
"YER046W","Saccharomyces cerevisiae S288C","BK006939:243,180..243,611(+)","Spo73p","No","1","SPO73"
"YER047C","Saccharomyces cerevisiae S288C","BK006939:243,810..246,503(-)","putative AAA family ATPase SAP1","No","1","SAP1"
"YER048C","Saccharomyces cerevisiae S288C","BK006939:246,982..248,157(-)","Caj1p","No","1","CAJ1"
"YER048W-A","Saccharomyces cerevisiae S288C","BK006939:250,718..251,002(+)","Isd11p","No","1","ISD11"
"YER049W","Saccharomyces cerevisiae S288C","BK006939:251,728..253,662(+)","oxidative DNA demethylase","No","1","TPA1"
"YER050C","Saccharomyces cerevisiae S288C","BK006939:253,971..254,387(-)","mitochondrial 37S ribosomal protein RSM18","No","1","RSM18"
"YER051W","Saccharomyces cerevisiae S288C","BK006939:254,656..256,134(+)","[Histone H3]-lysine-36 demethylase","No","1","JHD1"
"YER052C","Saccharomyces cerevisiae S288C","BK006939:256,375..257,958(-)","aspartate kinase","No","1","HOM3"
"YER053C-A","Saccharomyces cerevisiae S288C","BK006939:260,933..261,046(-)","hypothetical protein","No","1","N/A"
"YER053C","Saccharomyces cerevisiae S288C","BK006939:258,737..259,639(-)","Cu/Pi carrier","No","1","PIC2"
"YER054C","Saccharomyces cerevisiae S288C","BK006939:262,052..263,698(-)","Gip2p","No","1","GIP2"
"YER055C","Saccharomyces cerevisiae S288C","BK006939:264,892..265,785(-)","ATP phosphoribosyltransferase","No","1","HIS1"
"YER056C-A","Saccharomyces cerevisiae S288C","BK006939:269,423..270,185(-)","ribosomal 60S subunit protein L34A","No","1","RPL34A"
"YER056C","Saccharomyces cerevisiae S288C","BK006939:266,512..268,113(-)","purine-cytosine permease","No","1","FCY2"
"YER057C","Saccharomyces cerevisiae S288C","BK006939:270,737..271,126(-)","putative isoleucine biosynthesis protein HMF1","No","1","HMF1"
"YER058W","Saccharomyces cerevisiae S288C","BK006939:271,768..272,091(+)","Pet117p","No","1","PET117"
"YER060W","Saccharomyces cerevisiae S288C","BK006939:274,567..276,153(+)","purine-cytosine permease","No","1","FCY21"
"YER059W","Saccharomyces cerevisiae S288C","BK006939:272,624..273,886(+)","Pcl6p","No","1","PCL6"
"YER060W-A","Saccharomyces cerevisiae S288C","BK006939:276,572..278,164(+)","purine-cytosine permease","No","1","FCY22"
"YER061C","Saccharomyces cerevisiae S288C","BK006939:278,298..279,626(-)","fatty acid synthase CEM1","No","1","CEM1"
"YER062C","Saccharomyces cerevisiae S288C","BK006939:279,930..280,682(-)","glycerol-1-phosphatase HOR2","No","1","GPP2"
"YER063W","Saccharomyces cerevisiae S288C","BK006939:281,710..282,366(+)","Tho1p","No","1","THO1"
"YER064C","Saccharomyces cerevisiae S288C","BK006939:282,705..284,222(-)","Vhr2p","No","1","VHR2"
"YER065C","Saccharomyces cerevisiae S288C","BK006939:285,241..286,914(-)","isocitrate lyase 1","No","1","ICL1"
"YER066W","Saccharomyces cerevisiae S288C","BK006939:290,242..290,799(+)","Rrt13p","No","1","RRT13"
"YER067W","Saccharomyces cerevisiae S288C","BK006939:292,066..292,551(+)","Rgi1p","No","1","RGI1"
"YER068W","Saccharomyces cerevisiae S288C","BK006939:293,050..294,813(+)","CCR4-NOT core ubiquitin-protein ligase subunit MOT2","No","1","MOT2"
"YER069W","Saccharomyces cerevisiae S288C","BK006939:295,410..298,001(+)","bifunctional acetylglutamate kinase/N-acetyl-gamma-glutamyl-phosphate reductase","No","1","ARG5,6"
"YER070W","Saccharomyces cerevisiae S288C","BK006939:298,950..301,616(+)","ribonucleotide-diphosphate reductase subunit RNR1","No","1","RNR1"
"YER071C","Saccharomyces cerevisiae S288C","BK006939:301,947..302,327(-)","Tda2p","No","1","TDA2"
"YER072W","Saccharomyces cerevisiae S288C","BK006939:302,806..303,195(+)","Vtc1p","No","1","VTC1"
"YER073W","Saccharomyces cerevisiae S288C","BK006939:304,030..305,592(+)","aldehyde dehydrogenase (NAD(P)(+)) ALD5","No","1","ALD5"
"YER074W-A","Saccharomyces cerevisiae S288C","BK006939:307,653..308,123(+)","Yos1p","No","1","YOS1"
"YER074W","Saccharomyces cerevisiae S288C","BK006939:306,323..307,196(+)","ribosomal 40S subunit protein S24A","No","1","RPS24A"
"YER075C","Saccharomyces cerevisiae S288C","BK006939:308,413..311,199(-)","tyrosine protein phosphatase PTP3","No","1","PTP3"
"YER076C","Saccharomyces cerevisiae S288C","BK006939:312,590..313,498(-)","hypothetical protein","No","1","N/A"
"YER077C","Saccharomyces cerevisiae S288C","BK006939:314,534..316,600(-)","Mrx1p","No","1","MRX1"
"YER078C","Saccharomyces cerevisiae S288C","BK006939:316,807..318,342(-)","aminopeptidase","No","1","ICP55"
"YER078W-A","Saccharomyces cerevisiae S288C","BK006939:318,646..318,810(+)","hypothetical protein","No","1","N/A"
"YER079W","Saccharomyces cerevisiae S288C","BK006939:318,920..319,552(+)","hypothetical protein","No","1","N/A"
"YER080W","Saccharomyces cerevisiae S288C","BK006939:319,963..321,846(+)","Aim9p","No","1","AIM9"
"YER081W","Saccharomyces cerevisiae S288C","BK006939:322,686..324,095(+)","phosphoglycerate dehydrogenase SER3","No","1","SER3"
"YER082C","Saccharomyces cerevisiae S288C","BK006939:324,272..325,936(-)","Utp7p","No","1","UTP7"
"YER083C","Saccharomyces cerevisiae S288C","BK006939:326,174..327,031(-)","GET complex subunit GET2","No","1","GET2"
"YER084W","Saccharomyces cerevisiae S288C","BK006939:327,065..327,451(+)","hypothetical protein","No","1","N/A"
"YER085C","Saccharomyces cerevisiae S288C","BK006939:327,619..328,140(-)","hypothetical protein","No","1","N/A"
"YER086W","Saccharomyces cerevisiae S288C","BK006939:328,477..330,207(+)","threonine ammonia-lyase ILV1","No","1","ILV1"
"YER087C-B","Saccharomyces cerevisiae S288C","BK006939:332,582..332,830(-)","Arf family guanine nucleotide exchange factor SBH1","No","1","SBH1"
"YER087W","Saccharomyces cerevisiae S288C","BK006939:330,576..332,306(+)","putative proline--tRNA ligase AIM10","No","1","AIM10"
"YER088C","Saccharomyces cerevisiae S288C","BK006939:333,176..335,188(-)","Dot6p","No","1","DOT6"
"YER089C","Saccharomyces cerevisiae S288C","BK006939:335,946..337,340(-)","type 2C protein phosphatase PTC2","No","1","PTC2"
"YER090W","Saccharomyces cerevisiae S288C","BK006939:337,949..339,472(+)","anthranilate synthase TRP2","No","1","TRP2"
"YER091C","Saccharomyces cerevisiae S288C","BK006939:339,864..342,167(-)","5-methyltetrahydropteroyltriglutamate- homocysteine S-methyltransferase","No","1","MET6"
"YER092W","Saccharomyces cerevisiae S288C","BK006939:342,855..343,232(+)","Ies5p","No","1","IES5"
"YER093C-A","Saccharomyces cerevisiae S288C","BK006939:347,912..348,400(-)","Aim11p","No","1","AIM11"
"YER093C","Saccharomyces cerevisiae S288C","BK006939:343,320..347,612(-)","TORC2 complex subunit TSC11","No","1","TSC11"
"YER094C","Saccharomyces cerevisiae S288C","BK006939:348,729..349,346(-)","proteasome core particle subunit beta 3","No","1","PUP3"
"YER095W","Saccharomyces cerevisiae S288C","BK006939:349,980..351,182(+)","recombinase RAD51","No","1","RAD51"
"YER096W","Saccharomyces cerevisiae S288C","BK006939:351,698..353,236(+)","Shc1p","No","1","SHC1"
"YER098W","Saccharomyces cerevisiae S288C","BK006939:355,466..357,730(+)","putative ubiquitin-specific protease UBP9","No","1","UBP9"
"YER099C","Saccharomyces cerevisiae S288C","BK006939:358,105..359,061(-)","ribose phosphate diphosphokinase subunit PRS2","No","1","PRS2"
"YER100W","Saccharomyces cerevisiae S288C","BK006939:359,562..360,314(+)","E2 ubiquitin-conjugating protein UBC6","No","1","UBC6"
"YER101C","Saccharomyces cerevisiae S288C","BK006939:360,502..361,794(-)","Ast2p","No","1","AST2"
"YER102W","Saccharomyces cerevisiae S288C","BK006939:363,100..363,702(+)","ribosomal 40S subunit protein S8B","No","1","RPS8B"
"YER103W","Saccharomyces cerevisiae S288C","BK006939:364,589..366,517(+)","Hsp70 family chaperone SSA4","No","1","SSA4"
"YER104W","Saccharomyces cerevisiae S288C","BK006939:366,802..367,428(+)","Rtt105p","No","1","RTT105"
"YER105C","Saccharomyces cerevisiae S288C","BK006939:367,838..372,013(-)","Nup157p","No","1","NUP157"
"YER106W","Saccharomyces cerevisiae S288C","BK006939:372,326..373,234(+)","Mam1p","No","1","MAM1"
"YER107C","Saccharomyces cerevisiae S288C","BK006939:373,448..374,545(-)","RNA export factor GLE2","No","1","GLE2"
"YER110C","Saccharomyces cerevisiae S288C","BK006939:378,762..382,103(-)","Kap123p","No","1","KAP123"
"YER111C","Saccharomyces cerevisiae S288C","BK006939:382,595..385,876(-)","SBF complex DNA-binding subunit SWI4","No","1","SWI4"
"YER112W","Saccharomyces cerevisiae S288C","BK006939:387,232..387,795(+)","U6 snRNA complex subunit LSM4","No","1","LSM4"
"YER113C","Saccharomyces cerevisiae S288C","BK006939:387,932..390,052(-)","Tmn3p","No","1","TMN3"
"YER114C","Saccharomyces cerevisiae S288C","BK006939:390,590..393,712(-)","Boi2p","No","1","BOI2"
"YER115C","Saccharomyces cerevisiae S288C","BK006939:394,292..394,867(-)","Spr6p","No","1","SPR6"
"YER116C","Saccharomyces cerevisiae S288C","BK006939:395,348..396,172(-)","SUMO-targeted ubiquitin ligase complex subunit SLX8","No","1","SLX8"
"YER117W","Saccharomyces cerevisiae S288C","BK006939:396,769..397,653(+)","ribosomal 60S subunit protein L23B","No","1","RPL23B"
"YER118C","Saccharomyces cerevisiae S288C","BK006939:397,952..399,055(-)","osmosensor SHO1","No","1","SHO1"
"YER119C","Saccharomyces cerevisiae S288C","BK006939:399,496..400,842(-)","aspartate/glutamate transporter","No","1","AVT6"
"YER120W","Saccharomyces cerevisiae S288C","BK006939:401,135..401,869(+)","phosphatidylinositol-binding protein SCS2","No","1","SCS2"
"YER121W","Saccharomyces cerevisiae S288C","BK006939:402,375..402,719(+)","hypothetical protein","No","1","N/A"
"YER122C","Saccharomyces cerevisiae S288C","BK006939:402,871..404,352(-)","ADP-ribosylation factor GTPase-activating protein","No","1","GLO3"
"YER123W","Saccharomyces cerevisiae S288C","BK006939:404,813..406,387(+)","casein kinase YCK3","No","1","YCK3"
"YER124C","Saccharomyces cerevisiae S288C","BK006939:407,342..409,063(-)","Dse1p","No","1","DSE1"
"YER125W","Saccharomyces cerevisiae S288C","BK006939:410,189..412,618(+)","NEDD4 family E3 ubiquitin-protein ligase","No","1","RSP5"
"YER126C","Saccharomyces cerevisiae S288C","BK006939:413,394..414,179(-)","rRNA-processing protein NSA2","No","1","NSA2"
"YER127W","Saccharomyces cerevisiae S288C","BK006939:414,481..415,554(+)","Lcp5p","No","1","LCP5"
"YER128W","Saccharomyces cerevisiae S288C","BK006939:415,859..416,470(+)","Vfa1p","No","1","VFA1"
"YER129W","Saccharomyces cerevisiae S288C","BK006939:417,281..420,709(+)","serine/threonine protein kinase SAK1","No","1","SAK1"
"YER130C","Saccharomyces cerevisiae S288C","BK006939:421,115..422,446(-)","Com2p","No","1","COM2"
"YER131W","Saccharomyces cerevisiae S288C","BK006939:423,952..424,311(+)","ribosomal 40S subunit protein S26B","No","1","RPS26B"
"YER132C","Saccharomyces cerevisiae S288C","BK006939:425,188..430,449(-)","Pmd1p","No","1","PMD1"
"YER133W","Saccharomyces cerevisiae S288C","BK006939:432,495..433,958(+)","type 1 serine/threonine-protein phosphatase catalytic subunit GLC7","No","1","GLC7"
"YER134C","Saccharomyces cerevisiae S288C","BK006939:437,267..437,803(-)","Mg-dependent acid phosphatase","No","1","N/A"
"YER136W","Saccharomyces cerevisiae S288C","BK006939:439,616..440,971(+)","Gdi1p","No","1","GDI1"
"YER137C-A","Saccharomyces cerevisiae S288C","BK006939:447,702..449,024(-)","gag protein","No","1","TY1A-LR2"
"YER137C","Saccharomyces cerevisiae S288C","BK006939:441,373..441,819(-)","hypothetical protein","No","1","N/A"
"YER138C","Saccharomyces cerevisiae S288C","BK006939:443,756..449,024(-)","gag-pol fusion protein","No","1","TY1B-ER1"
"YER138W-A","Saccharomyces cerevisiae S288C","BK006939:449,474..449,578(+)","hypothetical protein","No","1","N/A"
"YER139C","Saccharomyces cerevisiae S288C","BK006939:450,563..451,243(-)","RNA polymerase II subunit B1 CTD phosphatase RTR1","No","1","RTR1"
"YER140W","Saccharomyces cerevisiae S288C","BK006939:451,565..453,235(+)","Emp65p","No","1","EMP65"
"YER141W","Saccharomyces cerevisiae S288C","BK006939:453,459..454,919(+)","Cox15p","No","1","COX15"
"YER142C","Saccharomyces cerevisiae S288C","BK006939:455,146..456,036(-)","Mag1p","No","1","MAG1"
"YER143W","Saccharomyces cerevisiae S288C","BK006939:456,319..457,605(+)","Ddi1p","No","1","DDI1"
"YER144C","Saccharomyces cerevisiae S288C","BK006939:457,806..460,223(-)","putative ubiquitin-specific protease UBP5","No","1","UBP5"
"YER145C","Saccharomyces cerevisiae S288C","BK006939:460,526..461,740(-)","high-affinity iron permease FTR1","No","1","FTR1"
"YER146W","Saccharomyces cerevisiae S288C","BK006939:462,585..462,866(+)","RNA-binding protein LSM5","No","1","LSM5"
"YER147C","Saccharomyces cerevisiae S288C","BK006939:462,968..464,842(-)","cohesin-loading factor complex subunit SCC4","No","1","SCC4"
"YER148W","Saccharomyces cerevisiae S288C","BK006939:465,303..466,025(+)","TATA-binding protein","No","1","SPT15"
"YER149C","Saccharomyces cerevisiae S288C","BK006939:466,208..467,470(-)","Pea2p","No","1","PEA2"
"YER150W","Saccharomyces cerevisiae S288C","BK006939:468,370..468,816(+)","Spi1p","No","1","SPI1"
"YER151C","Saccharomyces cerevisiae S288C","BK006939:469,686..472,424(-)","mRNA-binding ubiquitin-specific protease UBP3","No","1","UBP3"
"YER152C","Saccharomyces cerevisiae S288C","BK006939:472,657..473,988(-)","2-aminoadipate transaminase","No","1","N/A"
"YER153C","Saccharomyces cerevisiae S288C","BK006939:474,041..474,805(-)","Pet122p","No","1","PET122"
"YER154W","Saccharomyces cerevisiae S288C","BK006939:475,020..476,228(+)","membrane insertase OXA1","No","1","OXA1"
"YER155C","Saccharomyces cerevisiae S288C","BK006939:476,345..482,848(-)","Bem2p","No","1","BEM2"
"YER156C","Saccharomyces cerevisiae S288C","BK006939:483,325..484,341(-)","hypothetical protein","No","1","MYG1"
"YER157W","Saccharomyces cerevisiae S288C","BK006939:484,788..487,193(+)","Golgi transport complex subunit COG3","No","1","COG3"
"YER158C","Saccharomyces cerevisiae S288C","BK006939:488,857..490,578(-)","hypothetical protein","No","1","N/A"
"YER159C-A","Saccharomyces cerevisiae S288C","BK006939:496,802..498,124(-)","gag protein","No","1","TY1A-LR1"
"YER161C","Saccharomyces cerevisiae S288C","BK006939:499,347..500,348(-)","Spt2p","No","1","SPT2"
"YER159C","Saccharomyces cerevisiae S288C","BK006939:491,530..491,958(-)","negative cofactor 2 transcription regulator complex subunit BUR6","No","1","BUR6"
"YER160C","Saccharomyces cerevisiae S288C","BK006939:492,856..498,124(-)","gag-pol fusion protein","No","1","TY1B-ER2"
"YER162C","Saccharomyces cerevisiae S288C","BK006939:500,630..502,894(-)","Rad4p","No","1","RAD4"
"YER163C","Saccharomyces cerevisiae S288C","BK006939:503,084..503,782(-)","gamma-glutamylcyclotransferase","No","1","GCG1"
"YER164W","Saccharomyces cerevisiae S288C","BK006939:505,392..509,798(+)","chromatin-remodeling ATPase CHD1","No","1","CHD1"
"YER165W","Saccharomyces cerevisiae S288C","BK006939:510,373..512,106(+)","polyadenylate-binding protein","No","1","PAB1"
"YER166W","Saccharomyces cerevisiae S288C","BK006939:512,744..517,459(+)","aminophospholipid-translocating P4-type ATPase DNF1","No","1","DNF1"
"YER167W","Saccharomyces cerevisiae S288C","BK006939:518,216..520,771(+)","Bck2p","No","1","BCK2"
"YER168C","Saccharomyces cerevisiae S288C","BK006939:521,029..522,669(-)","tRNA adenylyltransferase","No","1","CCA1"
"YER169W","Saccharomyces cerevisiae S288C","BK006939:523,369..525,759(+)","Rph1p","No","1","RPH1"
"YER170W","Saccharomyces cerevisiae S288C","BK006939:525,974..526,651(+)","adenylate kinase ADK2","No","1","ADK2"
"YER171W","Saccharomyces cerevisiae S288C","BK006939:527,082..529,418(+)","TFIIH/NER complex ATP-dependent 5'-3' DNA helicase subunit RAD3","No","1","RAD3"
"YER172C","Saccharomyces cerevisiae S288C","BK006939:529,530..536,021(-)","ATP-dependent RNA helicase BRR2","No","1","BRR2"
"YER173W","Saccharomyces cerevisiae S288C","BK006939:536,300..538,279(+)","Rad24p","No","1","RAD24"
"YER174C","Saccharomyces cerevisiae S288C","BK006939:538,434..539,168(-)","monothiol glutaredoxin GRX4","No","1","GRX4"
"YER175C","Saccharomyces cerevisiae S288C","BK006939:539,464..540,363(-)","Tmt1p","No","1","TMT1"
"YER175W-A","Saccharomyces cerevisiae S288C","BK006939:540,650..540,814(+)","hypothetical protein","No","1","N/A"
"YER176W","Saccharomyces cerevisiae S288C","BK006939:541,690..545,055(+)","Ecm32p","No","1","ECM32"
"YER177W","Saccharomyces cerevisiae S288C","BK006939:545,611..546,414(+)","14-3-3 family protein BMH1","No","1","BMH1"
"YER178W","Saccharomyces cerevisiae S288C","BK006939:546,817..548,079(+)","pyruvate dehydrogenase (acetyl-transferring) subunit E1 alpha","No","1","PDA1"
"YER179W","Saccharomyces cerevisiae S288C","BK006939:548,421..549,517(+)","recombinase DMC1","No","1","DMC1"
"YER180C-A","Saccharomyces cerevisiae S288C","BK006939:550,865..551,122(-)","Slo1p","No","1","SLO1"
"YER180C","Saccharomyces cerevisiae S288C","BK006939:549,724..550,527(-)","Isc10p","No","1","ISC10"
"YER182W","Saccharomyces cerevisiae S288C","BK006939:552,525..553,259(+)","Fmp10p","No","1","FMP10"
"YER183C","Saccharomyces cerevisiae S288C","BK006939:553,334..553,969(-)","5-formyltetrahydrofolate cyclo-ligase","No","1","FAU1"
"YER184C","Saccharomyces cerevisiae S288C","BK006939:556,296..558,680(-)","Tog1p","No","1","TOG1"
"YER185W","Saccharomyces cerevisiae S288C","BK006939:559,454..560,365(+)","Pug1p","No","1","PUG1"
"YER186C","Saccharomyces cerevisiae S288C","BK006939:561,705..562,625(-)","hypothetical protein","No","1","N/A"
"YER187W","Saccharomyces cerevisiae S288C","BK006939:566,230..566,655(+)","hypothetical protein","No","1","N/A"
"YER188C-A","Saccharomyces cerevisiae S288C","BK006939:569,608..569,907(-)","hypothetical protein","No","1","N/A"
"YER189W","Saccharomyces cerevisiae S288C","BK006939:571,155..571,523(+)","hypothetical protein","No","1","N/A"
"YER190C-B","Saccharomyces cerevisiae S288C","BK006939:575,680..576,162(-)","hypothetical protein","No","1","N/A"
"YER190W","Saccharomyces cerevisiae S288C","BK006939:571,480..576,525(+)","Y' element ATP-dependent helicase protein 1 copy 2","No","1","YRF1-2"
"YFL001W","Saccharomyces cerevisiae S288C","BK006940:147,131..148,459(+)","pseudouridine synthase DEG1","No","1","DEG1"
"YFL002C","Saccharomyces cerevisiae S288C","BK006940:145,114..146,934(-)","putative ATP-dependent RNA helicase SPB4","No","1","SPB4"
"YFL002W-A","Saccharomyces cerevisiae S288C","BK006940:138,204..143,517(+)","gag-pol fusion protein","No","1","TY2B-GR2"
"YFL002W-B","Saccharomyces cerevisiae S288C","BK006940:138,204..139,520(+)","gag protein","No","1","TY2A-F"
"YFL003C","Saccharomyces cerevisiae S288C","BK006940:134,521..137,157(-)","MutS family protein MSH4","No","1","MSH4"
"YFL004W","Saccharomyces cerevisiae S288C","BK006940:131,810..134,296(+)","vacuolar transporter chaperone","No","1","VTC2"
"YFL005W","Saccharomyces cerevisiae S288C","BK006940:130,334..130,981(+)","Rab family GTPase SEC4","No","1","SEC4"
"YFL007W","Saccharomyces cerevisiae S288C","BK006940:123,479..129,910(+)","Blm10p","No","1","BLM10"
"YFL008W","Saccharomyces cerevisiae S288C","BK006940:119,429..123,106(+)","cohesin subunit SMC1","No","1","SMC1"
"YFL009W","Saccharomyces cerevisiae S288C","BK006940:116,145..118,484(+)","SCF ubiquitin ligase complex subunit CDC4","No","1","CDC4"
"YFL010C","Saccharomyces cerevisiae S288C","BK006940:115,108..115,743(-)","Wwm1p","No","1","WWM1"
"YFL010W-A","Saccharomyces cerevisiae S288C","BK006940:114,990..115,274(+)","Aua1p","No","1","AUA1"
"YFL011W","Saccharomyces cerevisiae S288C","BK006940:112,345..113,985(+)","hexose transporter HXT10","No","1","HXT10"
"YFL012W","Saccharomyces cerevisiae S288C","BK006940:110,647..111,093(+)","hypothetical protein","No","1","N/A"
"YFL013C","Saccharomyces cerevisiae S288C","BK006940:107,852..109,930(-)","Ies1p","No","1","IES1"
"YFL014W","Saccharomyces cerevisiae S288C","BK006940:107,256..107,585(+)","lipid-binding protein HSP12","No","1","HSP12"
"YFL016C","Saccharomyces cerevisiae S288C","BK006940:104,701..106,236(-)","Mdj1p","No","1","MDJ1"
"YFL017C","Saccharomyces cerevisiae S288C","BK006940:103,983..104,462(-)","glucosamine 6-phosphate N-acetyltransferase","No","1","GNA1"
"YFL017W-A","Saccharomyces cerevisiae S288C","BK006940:103,699..103,932(+)","mRNA splicing protein SMX2","No","1","SMX2"
"YFL018C","Saccharomyces cerevisiae S288C","BK006940:101,628..103,127(-)","dihydrolipoyl dehydrogenase","No","1","LPD1"
"YFL020C","Saccharomyces cerevisiae S288C","BK006940:99,231..99,599(-)","seripauperin PAU5","No","1","PAU5"
"YFL021W","Saccharomyces cerevisiae S288C","BK006940:95,966..97,498(+)","Gat1p","No","1","GAT1"
"YFL022C","Saccharomyces cerevisiae S288C","BK006940:93,499..95,010(-)","phenylalanine--tRNA ligase subunit alpha","No","1","FRS2"
"YFL023W","Saccharomyces cerevisiae S288C","BK006940:90,986..93,376(+)","Bud27p","No","1","BUD27"
"YFL024C","Saccharomyces cerevisiae S288C","BK006940:87,847..90,345(-)","Epl1p","No","1","EPL1"
"YFL025C","Saccharomyces cerevisiae S288C","BK006940:84,145..87,234(-)","Bst1p","No","1","BST1"
"YFL026W","Saccharomyces cerevisiae S288C","BK006940:82,580..83,875(+)","alpha-factor pheromone receptor STE2","No","1","STE2"
"YFL027C","Saccharomyces cerevisiae S288C","BK006940:80,419..81,912(-)","Gyp8p","No","1","GYP8"
"YFL028C","Saccharomyces cerevisiae S288C","BK006940:79,344..80,213(-)","putative ATP-binding cassette family ATPase CAF16","No","1","CAF16"
"YFL029C","Saccharomyces cerevisiae S288C","BK006940:78,055..79,161(-)","cyclin-dependent protein kinase-activating kinase CAK1","No","1","CAK1"
"YFL030W","Saccharomyces cerevisiae S288C","BK006940:76,831..77,988(+)","alanine--glyoxylate transaminase","No","1","AGX1"
"YFL031W","Saccharomyces cerevisiae S288C","BK006940:75,179..76,147(+)","transcription factor HAC1","No","1","HAC1"
"YFL033C","Saccharomyces cerevisiae S288C","BK006940:69,115..74,427(-)","protein kinase RIM15","No","1","RIM15"
"YFL034C-A","Saccharomyces cerevisiae S288C","BK006940:64,243..64,932(-)","ribosomal 60S subunit protein L22B","No","1","RPL22B"
"YFL034C-B","Saccharomyces cerevisiae S288C","BK006940:63,016..63,993(-)","Mob2p","No","1","MOB2"
"YFL034W","Saccharomyces cerevisiae S288C","BK006940:65,477..68,698(+)","Mil1p","No","1","MIL1"
"YFL036W","Saccharomyces cerevisiae S288C","BK006940:58,782..62,837(+)","DNA-directed RNA polymerase","No","1","RPO41"
"YFL037W","Saccharomyces cerevisiae S288C","BK006940:56,336..57,709(+)","beta-tubulin","No","1","TUB2"
"YFL038C","Saccharomyces cerevisiae S288C","BK006940:55,366..55,986(-)","Rab family GTPase YPT1","No","1","YPT1"
"YFL039C","Saccharomyces cerevisiae S288C","BK006940:53,260..54,696(-)","actin","No","1","ACT1"
"YFL040W","Saccharomyces cerevisiae S288C","BK006940:51,350..52,972(+)","hypothetical protein","No","1","N/A"
"YFL041W-A","Saccharomyces cerevisiae S288C","BK006940:48,734..48,925(+)","hypothetical protein","No","1","N/A"
"YFL041W","Saccharomyces cerevisiae S288C","BK006940:49,139..51,007(+)","ferroxidase FET5","No","1","FET5"
"YFL042C","Saccharomyces cerevisiae S288C","BK006940:45,720..47,744(-)","Lam5p","No","1","LAM5"
"YFL044C","Saccharomyces cerevisiae S288C","BK006940:44,655..45,560(-)","ubiquitin-specific protease OTU1","No","1","OTU1"
"YFL045C","Saccharomyces cerevisiae S288C","BK006940:43,628..44,392(-)","phosphomannomutase SEC53","No","1","SEC53"
"YFL046W","Saccharomyces cerevisiae S288C","BK006940:42,815..43,438(+)","Fmp32p","No","1","FMP32"
"YFL047W","Saccharomyces cerevisiae S288C","BK006940:40,421..42,565(+)","Rgd2p","No","1","RGD2"
"YFL048C","Saccharomyces cerevisiae S288C","BK006940:38,843..40,180(-)","Emp47p","No","1","EMP47"
"YFL049W","Saccharomyces cerevisiae S288C","BK006940:36,803..38,674(+)","Swp82p","No","1","SWP82"
"YFL050C","Saccharomyces cerevisiae S288C","BK006940:33,272..35,848(-)","putative Mg(2+) transporter ALR2","No","1","ALR2"
"YFL051C","Saccharomyces cerevisiae S288C","BK006940:30,058..30,540(-)","hypothetical protein","No","1","N/A"
"YFL052W","Saccharomyces cerevisiae S288C","BK006940:28,232..29,629(+)","DNA-binding domain containing protein","No","1","ZNF1"
"YFL053W","Saccharomyces cerevisiae S288C","BK006940:23,423..25,198(+)","dihydroxyacetone kinase","No","1","DAK2"
"YFL054C","Saccharomyces cerevisiae S288C","BK006940:20,847..22,787(-)","hypothetical protein","No","1","AQY3"
"YFL055W","Saccharomyces cerevisiae S288C","BK006940:17,004..18,680(+)","Agp3p","No","1","AGP3"
"YFL058W","Saccharomyces cerevisiae S288C","BK006940:12,929..13,951(+)","4-amino-5-hydroxymethyl-2-methylpyrimidine phosphate synthase","No","1","THI5"
"YFL059W","Saccharomyces cerevisiae S288C","BK006940:11,363..12,259(+)","pyridoxine biosynthesis protein SNZ3","No","1","SNZ3"
"YFL060C","Saccharomyces cerevisiae S288C","BK006940:10,301..10,969(-)","putative pyridoxal 5'-phosphate synthase","No","1","SNO3"
"YFL061W","Saccharomyces cerevisiae S288C","BK006940:9,545..10,222(+)","cyanamide hydratase","No","1","DDI2"
"YFL062W","Saccharomyces cerevisiae S288C","BK006940:6,426..7,565(+)","Cos4p","No","1","COS4"
"YFL064C","Saccharomyces cerevisiae S288C","BK006940:3,322..3,846(-)","hypothetical protein","No","1","N/A"
"YFL065C","Saccharomyces cerevisiae S288C","BK006940:3,030..3,338(-)","hypothetical protein","No","1","N/A"
"YFL066C","Saccharomyces cerevisiae S288C","BK006940:1,437..2,615(-)","Y' element ATP-dependent helicase","No","1","N/A"
"YFL067W","Saccharomyces cerevisiae S288C","BK006940:836..1,363(+)","hypothetical protein","No","1","N/A"
"YFL068W","Saccharomyces cerevisiae S288C","BK006940:53..535(+)","hypothetical protein","No","1","N/A"
"YFR001W","Saccharomyces cerevisiae S288C","BK006940:149,110..149,724(+)","Loc1p","No","1","LOC1"
"YFR002W","Saccharomyces cerevisiae S288C","BK006940:150,016..152,535(+)","linker nucleoporin NIC96","No","1","NIC96"
"YFR003C","Saccharomyces cerevisiae S288C","BK006940:152,657..153,124(-)","type 1 protein phosphatase-activating protein YPI1","No","1","YPI1"
"YFR004W","Saccharomyces cerevisiae S288C","BK006940:153,393..154,313(+)","proteasome regulatory particle lid subunit RPN11","No","1","RPN11"
"YFR007W","Saccharomyces cerevisiae S288C","BK006940:159,299..160,360(+)","Yfh7p","No","1","YFH7"
"YFR005C","Saccharomyces cerevisiae S288C","BK006940:154,527..155,873(-)","mRNA splicing protein SAD1","No","1","SAD1"
"YFR006W","Saccharomyces cerevisiae S288C","BK006940:156,145..157,752(+)","putative Xaa-Pro dipeptidase","No","1","N/A"
"YFR008W","Saccharomyces cerevisiae S288C","BK006940:160,535..161,200(+)","Far7p","No","1","FAR7"
"YFR009W","Saccharomyces cerevisiae S288C","BK006940:162,488..164,746(+)","putative AAA family ATPase GCN20","No","1","GCN20"
"YFR010W","Saccharomyces cerevisiae S288C","BK006940:165,067..166,566(+)","ubiquitin-specific protease UBP6","No","1","UBP6"
"YFR011C","Saccharomyces cerevisiae S288C","BK006940:166,746..167,258(-)","Mic19p","No","1","MIC19"
"YFR012W-A","Saccharomyces cerevisiae S288C","BK006940:169,224..169,310(+)","hypothetical protein","No","1","N/A"
"YFR012W","Saccharomyces cerevisiae S288C","BK006940:167,888..168,496(+)","Dcv1p","No","1","DCV1"
"YFR013W","Saccharomyces cerevisiae S288C","BK006940:169,922..172,285(+)","Ioc3p","No","1","IOC3"
"YFR014C","Saccharomyces cerevisiae S288C","BK006940:172,537..173,877(-)","calmodulin-dependent protein kinase CMK1","No","1","CMK1"
"YFR015C","Saccharomyces cerevisiae S288C","BK006940:174,265..176,391(-)","glycogen (starch) synthase GSY1","No","1","GSY1"
"YFR016C","Saccharomyces cerevisiae S288C","BK006940:177,042..180,743(-)","hypothetical protein","No","1","AIP5"
"YFR017C","Saccharomyces cerevisiae S288C","BK006940:182,274..182,861(-)","Igd1p","No","1","IGD1"
"YFR018C","Saccharomyces cerevisiae S288C","BK006940:183,131..184,222(-)","hypothetical protein","No","1","N/A"
"YFR019W","Saccharomyces cerevisiae S288C","BK006940:184,502..191,338(+)","1-phosphatidylinositol-3-phosphate 5-kinase","No","1","FAB1"
"YFR020W","Saccharomyces cerevisiae S288C","BK006940:192,737..193,435(+)","hypothetical protein","No","1","CSS2"
"YFR021W","Saccharomyces cerevisiae S288C","BK006940:194,812..196,314(+)","phosphoinositide binding protein ATG18","No","1","ATG18"
"YFR022W","Saccharomyces cerevisiae S288C","BK006940:196,833..199,034(+)","Rog3p","No","1","ROG3"
"YFR023W","Saccharomyces cerevisiae S288C","BK006940:199,874..201,709(+)","Pes4p","No","1","PES4"
"YFR024C-A","Saccharomyces cerevisiae S288C","BK006940:201,960..203,433(-)","Lsb3p","No","1","LSB3"
"YFR025C","Saccharomyces cerevisiae S288C","BK006940:203,743..204,750(-)","histidinol-phosphatase","No","1","HIS2"
"YFR026C","Saccharomyces cerevisiae S288C","BK006940:205,748..206,257(-)","Uli1p","No","1","ULI1"
"YFR027W","Saccharomyces cerevisiae S288C","BK006940:207,452..208,297(+)","Eco1p","No","1","ECO1"
"YFR028C","Saccharomyces cerevisiae S288C","BK006940:208,413..210,068(-)","phosphoprotein phosphatase CDC14","No","1","CDC14"
"YFR029W","Saccharomyces cerevisiae S288C","BK006940:210,937..212,973(+)","Ptr3p","No","1","PTR3"
"YFR030W","Saccharomyces cerevisiae S288C","BK006940:213,312..216,419(+)","sulfite reductase subunit alpha","No","1","MET10"
"YFR031C-A","Saccharomyces cerevisiae S288C","BK006940:220,507..221,418(-)","ribosomal 60S subunit protein L2A","No","1","RPL2A"
"YFR031C","Saccharomyces cerevisiae S288C","BK006940:216,594..220,106(-)","condensin subunit SMC2","No","1","SMC2"
"YFR032C-A","Saccharomyces cerevisiae S288C","BK006940:223,258..223,437(-)","ribosomal 60S subunit protein L29","No","1","RPL29"
"YFR032C-B","Saccharomyces cerevisiae S288C","BK006940:223,710..223,973(-)","hypothetical protein","No","1","MIN10"
"YFR032C","Saccharomyces cerevisiae S288C","BK006940:222,090..222,959(-)","Rrt5p","No","1","RRT5"
"YFR033C","Saccharomyces cerevisiae S288C","BK006940:224,326..224,769(-)","ubiquinol--cytochrome-c reductase subunit 6","No","1","QCR6"
"YFR034C","Saccharomyces cerevisiae S288C","BK006940:225,020..225,958(-)","phosphate-sensing transcription factor PHO4","No","1","PHO4"
"YFR035C","Saccharomyces cerevisiae S288C","BK006940:226,121..226,465(-)","hypothetical protein","No","1","N/A"
"YFR036W","Saccharomyces cerevisiae S288C","BK006940:226,963..227,337(+)","anaphase promoting complex subunit CDC26","No","1","CDC26"
"YFR037C","Saccharomyces cerevisiae S288C","BK006940:227,513..229,186(-)","Rsc8p","No","1","RSC8"
"YFR038W","Saccharomyces cerevisiae S288C","BK006940:229,380..231,941(+)","putative ATPase","No","1","IRC5"
"YFR039C","Saccharomyces cerevisiae S288C","BK006940:232,012..233,544(-)","Osw7p","No","1","OSW7"
"YFR040W","Saccharomyces cerevisiae S288C","BK006940:234,242..237,250(+)","Sap155p","No","1","SAP155"
"YFR041C","Saccharomyces cerevisiae S288C","BK006940:237,368..238,255(-)","Erj5p","No","1","ERJ5"
"YFR042W","Saccharomyces cerevisiae S288C","BK006940:238,458..239,060(+)","Keg1p","No","1","KEG1"
"YFR043C","Saccharomyces cerevisiae S288C","BK006940:239,114..239,827(-)","Irc6p","No","1","IRC6"
"YFR044C","Saccharomyces cerevisiae S288C","BK006940:239,992..241,437(-)","metallodipeptidase","No","1","DUG1"
"YFR045W","Saccharomyces cerevisiae S288C","BK006940:241,998..242,999(+)","hypothetical protein","No","1","MRX20"
"YFR046C","Saccharomyces cerevisiae S288C","BK006940:243,074..244,159(-)","centromere-binding protein CNN1","No","1","CNN1"
"YFR047C","Saccharomyces cerevisiae S288C","BK006940:244,279..245,166(-)","nicotinate-nucleotide diphosphorylase (carboxylating)","No","1","BNA6"
"YFR048W","Saccharomyces cerevisiae S288C","BK006940:246,146..248,134(+)","Rmd8p","No","1","RMD8"
"YFR049W","Saccharomyces cerevisiae S288C","BK006940:248,523..248,894(+)","mitochondrial 37S ribosomal protein YMR31","No","1","YMR31"
"YFR050C","Saccharomyces cerevisiae S288C","BK006940:249,066..249,866(-)","proteasome core particle subunit beta 7","No","1","PRE4"
"YFR051C","Saccharomyces cerevisiae S288C","BK006940:250,163..251,803(-)","coatomer subunit delta","No","1","RET2"
"YFR052W","Saccharomyces cerevisiae S288C","BK006940:252,505..253,329(+)","proteasome regulatory particle lid subunit RPN12","No","1","RPN12"
"YFR053C","Saccharomyces cerevisiae S288C","BK006940:253,592..255,049(-)","hexokinase 1","No","1","HXK1"
"YFR055W","Saccharomyces cerevisiae S288C","BK006940:264,204..265,226(+)","cysteine-S-conjugate beta-lyase IRC7","No","1","IRC7"
"YFR057W","Saccharomyces cerevisiae S288C","BK006940:269,061..269,516(+)","hypothetical protein","No","1","N/A"
"YGL001C","Saccharomyces cerevisiae S288C","BK006941:495,453..496,502(-)","sterol-4-alpha-carboxylate 3-dehydrogenase (decarboxylating)","No","1","ERG26"
"YGL002W","Saccharomyces cerevisiae S288C","BK006941:494,517..495,167(+)","Erp6p","No","1","ERP6"
"YGL003C","Saccharomyces cerevisiae S288C","BK006941:492,474..494,174(-)","Cdh1p","No","1","CDH1"
"YGL004C","Saccharomyces cerevisiae S288C","BK006941:490,703..491,956(-)","Rpn14p","No","1","RPN14"
"YGL005C","Saccharomyces cerevisiae S288C","BK006941:489,708..490,547(-)","Golgi transport complex subunit COG7","No","1","COG7"
"YGL006W-A","Saccharomyces cerevisiae S288C","BK006941:485,423..485,533(+)","hypothetical protein","No","1","N/A"
"YGL006W","Saccharomyces cerevisiae S288C","BK006941:485,921..489,442(+)","calcium-transporting ATPase PMC1","No","1","PMC1"
"YGL007C-A","Saccharomyces cerevisiae S288C","BK006941:482,941..483,027(-)","hypothetical protein","No","1","N/A"
"YGL008C","Saccharomyces cerevisiae S288C","BK006941:479,910..482,666(-)","H(+)-exporting P2-type ATPase PMA1","No","1","PMA1"
"YGL009C","Saccharomyces cerevisiae S288C","BK006941:476,313..478,652(-)","3-isopropylmalate dehydratase LEU1","No","1","LEU1"
"YGL010W","Saccharomyces cerevisiae S288C","BK006941:475,545..476,069(+)","Mpo1p","No","1","MPO1"
"YGL011C","Saccharomyces cerevisiae S288C","BK006941:474,489..475,247(-)","proteasome core particle subunit alpha 1","No","1","SCL1"
"YGL012W","Saccharomyces cerevisiae S288C","BK006941:472,855..474,276(+)","delta(24(24(1)))-sterol reductase","No","1","ERG4"
"YGL013C","Saccharomyces cerevisiae S288C","BK006941:469,092..472,298(-)","drug-responsive transcription factor PDR1","No","1","PDR1"
"YGL014W","Saccharomyces cerevisiae S288C","BK006941:466,141..468,807(+)","Puf4p","No","1","PUF4"
"YGL015C","Saccharomyces cerevisiae S288C","BK006941:465,043..465,435(-)","hypothetical protein","No","1","BIL2"
"YGL016W","Saccharomyces cerevisiae S288C","BK006941:461,666..464,911(+)","Kap122p","No","1","KAP122"
"YGL017W","Saccharomyces cerevisiae S288C","BK006941:459,854..461,365(+)","arginyltransferase","No","1","ATE1"
"YGL018C","Saccharomyces cerevisiae S288C","BK006941:459,110..459,664(-)","J-type chaperone JAC1","No","1","JAC1"
"YGL019W","Saccharomyces cerevisiae S288C","BK006941:458,156..458,992(+)","casein kinase 2 regulatory subunit CKB1","No","1","CKB1"
"YGL020C","Saccharomyces cerevisiae S288C","BK006941:457,163..457,870(-)","GET complex subunit GET1","No","1","GET1"
"YGL021W","Saccharomyces cerevisiae S288C","BK006941:454,785..457,067(+)","protein kinase ALK1","No","1","ALK1"
"YGL022W","Saccharomyces cerevisiae S288C","BK006941:452,404..454,560(+)","dolichyl-diphosphooligosaccharide--protein glycosyltransferase subunit STT3","No","1","STT3"
"YGL023C","Saccharomyces cerevisiae S288C","BK006941:450,197..452,104(-)","Pib2p","No","1","PIB2"
"YGL025C","Saccharomyces cerevisiae S288C","BK006941:448,764..449,957(-)","Pgd1p","No","1","PGD1"
"YGL026C","Saccharomyces cerevisiae S288C","BK006941:446,412..448,535(-)","tryptophan synthase TRP5","No","1","TRP5"
"YGL027C","Saccharomyces cerevisiae S288C","BK006941:443,642..446,143(-)","Cwh41p","No","1","CWH41"
"YGL028C","Saccharomyces cerevisiae S288C","BK006941:441,281..442,909(-)","putative glucan endo-1,3-beta-D-glucosidase","No","1","SCW11"
"YGL029W","Saccharomyces cerevisiae S288C","BK006941:440,063..440,425(+)","Cgr1p","No","1","CGR1"
"YGL030W","Saccharomyces cerevisiae S288C","BK006941:439,091..439,638(+)","ribosomal 60S subunit protein L30","No","1","RPL30"
"YGL031C","Saccharomyces cerevisiae S288C","BK006941:437,467..437,934(-)","ribosomal 60S subunit protein L24A","No","1","RPL24A"
"YGL032C","Saccharomyces cerevisiae S288C","BK006941:436,570..436,833(-)","Aga2p","No","1","AGA2"
"YGL033W","Saccharomyces cerevisiae S288C","BK006941:435,625..436,401(+)","Hop2p","No","1","HOP2"
"YGL035C","Saccharomyces cerevisiae S288C","BK006941:431,548..433,062(-)","transcription factor MIG1","No","1","MIG1"
"YGL036W","Saccharomyces cerevisiae S288C","BK006941:428,601..431,330(+)","hypothetical protein","No","1","N/A"
"YGL037C","Saccharomyces cerevisiae S288C","BK006941:427,297..427,947(-)","nicotinamidase","No","1","PNC1"
"YGL038C","Saccharomyces cerevisiae S288C","BK006941:425,362..426,804(-)","Och1p","No","1","OCH1"
"YGL039W","Saccharomyces cerevisiae S288C","BK006941:423,961..425,007(+)","carbonyl reductase (NADPH-dependent)","No","1","N/A"
"YGL040C","Saccharomyces cerevisiae S288C","BK006941:419,527..420,555(-)","porphobilinogen synthase HEM2","No","1","HEM2"
"YGL041C-B","Saccharomyces cerevisiae S288C","BK006941:418,704..418,886(-)","hypothetical protein","No","1","N/A"
"YGL041W-A","Saccharomyces cerevisiae S288C","BK006941:418,825..419,289(+)","hypothetical protein","No","1","DPC13"
"YGL043W","Saccharomyces cerevisiae S288C","BK006941:417,483..418,412(+)","Dst1p","No","1","DST1"
"YGL044C","Saccharomyces cerevisiae S288C","BK006941:416,146..417,036(-)","Rna15p","No","1","RNA15"
"YGL045W","Saccharomyces cerevisiae S288C","BK006941:414,102..415,730(+)","Rim8p","No","1","RIM8"
"YGL047W","Saccharomyces cerevisiae S288C","BK006941:411,552..412,160(+)","N-acetylglucosaminyldiphosphodolichol N-acetylglucosaminyltransferase catalytic subunit ALG13","No","1","ALG13"
"YGL048C","Saccharomyces cerevisiae S288C","BK006941:410,069..411,286(-)","proteasome regulatory particle base subunit RPT6","No","1","RPT6"
"YGL049C","Saccharomyces cerevisiae S288C","BK006941:406,860..409,604(-)","translation initiation factor eIF4G","No","1","TIF4632"
"YGL050W","Saccharomyces cerevisiae S288C","BK006941:405,776..406,597(+)","tRNA methyltransferase TYW3","No","1","TYW3"
"YGL051W","Saccharomyces cerevisiae S288C","BK006941:403,687..404,391(+)","DUP240 family protein MST27","No","1","MST27"
"YGL053W","Saccharomyces cerevisiae S288C","BK006941:402,589..403,302(+)","pheromone-regulated DUP240 family protein PRM8","No","1","PRM8"
"YGL056C","Saccharomyces cerevisiae S288C","BK006941:396,035..397,618(-)","Sds23p","No","1","SDS23"
"YGL054C","Saccharomyces cerevisiae S288C","BK006941:400,871..401,287(-)","cornichon family protein","No","1","ERV14"
"YGL055W","Saccharomyces cerevisiae S288C","BK006941:398,628..400,160(+)","stearoyl-CoA 9-desaturase","No","1","OLE1"
"YGL057C","Saccharomyces cerevisiae S288C","BK006941:394,966..395,829(-)","Gep7p","No","1","GEP7"
"YGL058W","Saccharomyces cerevisiae S288C","BK006941:393,986..394,504(+)","E2 ubiquitin-conjugating protein RAD6","No","1","RAD6"
"YGL059W","Saccharomyces cerevisiae S288C","BK006941:392,223..393,698(+)","protein kinase PKP2","No","1","PKP2"
"YGL060W","Saccharomyces cerevisiae S288C","BK006941:390,065..391,990(+)","Ybp2p","No","1","YBP2"
"YGL061C","Saccharomyces cerevisiae S288C","BK006941:388,968..389,711(-)","Duo1p","No","1","DUO1"
"YGL062W","Saccharomyces cerevisiae S288C","BK006941:385,196..388,732(+)","pyruvate carboxylase 1","No","1","PYC1"
"YGL063W","Saccharomyces cerevisiae S288C","BK006941:383,654..384,766(+)","pseudouridine synthase PUS2","No","1","PUS2"
"YGL064C","Saccharomyces cerevisiae S288C","BK006941:381,523..383,208(-)","ATP-dependent RNA helicase","No","1","MRH4"
"YGL065C","Saccharomyces cerevisiae S288C","BK006941:379,760..381,271(-)","GDP-Man:Man(1)GlcNAc(2)-PP-dolichol alpha-1,3-mannosyltransferase","No","1","ALG2"
"YGL066W","Saccharomyces cerevisiae S288C","BK006941:377,609..379,582(+)","deubiquitination module subunit SGF73","No","1","SGF73"
"YGL067W","Saccharomyces cerevisiae S288C","BK006941:376,101..377,255(+)","NAD(+) diphosphatase","No","1","NPY1"
"YGL068W","Saccharomyces cerevisiae S288C","BK006941:375,087..375,671(+)","mitochondrial nucleoid protein MNP1","No","1","MNP1"
"YGL070C","Saccharomyces cerevisiae S288C","BK006941:374,459..374,827(-)","DNA-directed RNA polymerase II core subunit RPB9","No","1","RPB9"
"YGL071W","Saccharomyces cerevisiae S288C","BK006941:372,012..374,084(+)","DNA-binding transcription factor AFT1","No","1","AFT1"
"YGL073W","Saccharomyces cerevisiae S288C","BK006941:368,753..371,254(+)","stress-responsive transcription factor HSF1","No","1","HSF1"
"YGL075C","Saccharomyces cerevisiae S288C","BK006941:366,925..368,088(-)","Mps2p","No","1","MPS2"
"YGL076C","Saccharomyces cerevisiae S288C","BK006941:364,335..365,996(-)","ribosomal 60S subunit protein L7A","No","1","RPL7A"
"YGL077C","Saccharomyces cerevisiae S288C","BK006941:362,225..363,916(-)","Hnm1p","No","1","HNM1"
"YGL078C","Saccharomyces cerevisiae S288C","BK006941:360,288..361,859(-)","RNA-dependent ATPase DBP3","No","1","DBP3"
"YGL079W","Saccharomyces cerevisiae S288C","BK006941:359,444..360,100(+)","Kxd1p","No","1","KXD1"
"YGL080W","Saccharomyces cerevisiae S288C","BK006941:358,636..359,028(+)","pyruvate transporter MPC1","No","1","MPC1"
"YGL081W","Saccharomyces cerevisiae S288C","BK006941:357,377..358,339(+)","hypothetical protein","No","1","N/A"
"YGL082W","Saccharomyces cerevisiae S288C","BK006941:355,827..356,972(+)","hypothetical protein","No","1","N/A"
"YGL083W","Saccharomyces cerevisiae S288C","BK006941:353,058..355,472(+)","Scy1p","No","1","SCY1"
"YGL084C","Saccharomyces cerevisiae S288C","BK006941:350,616..352,298(-)","O-acyltransferase","No","1","GUP1"
"YGL085W","Saccharomyces cerevisiae S288C","BK006941:349,616..350,440(+)","Lcl3p","No","1","LCL3"
"YGL086W","Saccharomyces cerevisiae S288C","BK006941:347,119..349,368(+)","coiled-coil domain-containing protein MAD1","No","1","MAD1"
"YGL087C","Saccharomyces cerevisiae S288C","BK006941:346,406..346,904(-)","E2 ubiquitin-conjugating protein MMS2","No","1","MMS2"
"YGL089C","Saccharomyces cerevisiae S288C","BK006941:344,791..345,153(-)","Mf(alpha)2p","No","1","MF(ALPHA)2"
"YGL090W","Saccharomyces cerevisiae S288C","BK006941:343,319..344,584(+)","Lif1p","No","1","LIF1"
"YGL091C","Saccharomyces cerevisiae S288C","BK006941:342,056..343,042(-)","Fe-S cluster-binding ATPase","No","1","NBP35"
"YGL092W","Saccharomyces cerevisiae S288C","BK006941:337,906..341,859(+)","nucleocytoplasmic transporter NUP145","No","1","NUP145"
"YGL093W","Saccharomyces cerevisiae S288C","BK006941:334,886..337,639(+)","Spc105p","No","1","SPC105"
"YGL094C","Saccharomyces cerevisiae S288C","BK006941:331,118..334,465(-)","poly(A)-specific ribonuclease","No","1","PAN2"
"YGL095C","Saccharomyces cerevisiae S288C","BK006941:328,874..330,607(-)","Vps45p","No","1","VPS45"
"YGL096W","Saccharomyces cerevisiae S288C","BK006941:325,331..326,161(+)","Tos8p","No","1","TOS8"
"YGL097W","Saccharomyces cerevisiae S288C","BK006941:321,782..323,230(+)","Ran guanyl-nucleotide exchange factor","No","1","SRM1"
"YGL098W","Saccharomyces cerevisiae S288C","BK006941:317,342..318,079(+)","SNAP receptor USE1","No","1","USE1"
"YGL099W","Saccharomyces cerevisiae S288C","BK006941:314,631..316,553(+)","putative GTPase LSG1","No","1","LSG1"
"YGL100W","Saccharomyces cerevisiae S288C","BK006941:313,234..314,283(+)","Seh1p","No","1","SEH1"
"YGL101W","Saccharomyces cerevisiae S288C","BK006941:312,193..312,840(+)","hypothetical protein","No","1","YGK1"
"YGL103W","Saccharomyces cerevisiae S288C","BK006941:310,967..311,927(+)","ribosomal 60S subunit protein L28","No","1","RPL28"
"YGL104C","Saccharomyces cerevisiae S288C","BK006941:308,713..310,173(-)","putative sugar transporter","No","1","VPS73"
"YGL105W","Saccharomyces cerevisiae S288C","BK006941:307,437..308,567(+)","Arc1p","No","1","ARC1"
"YGL106W","Saccharomyces cerevisiae S288C","BK006941:306,560..307,009(+)","Mlc1p","No","1","MLC1"
"YGL107C","Saccharomyces cerevisiae S288C","BK006941:304,333..306,273(-)","Rmd9p","No","1","RMD9"
"YGL108C","Saccharomyces cerevisiae S288C","BK006941:303,649..304,071(-)","hypothetical protein","No","1","N/A"
"YGL110C","Saccharomyces cerevisiae S288C","BK006941:301,537..303,411(-)","Cue3p","No","1","CUE3"
"YGL111W","Saccharomyces cerevisiae S288C","BK006941:299,978..301,369(+)","ribosome biosynthesis protein NSA1","No","1","NSA1"
"YGL112C","Saccharomyces cerevisiae S288C","BK006941:298,178..299,728(-)","Taf6p","No","1","TAF6"
"YGL113W","Saccharomyces cerevisiae S288C","BK006941:295,932..297,938(+)","Sld3p","No","1","SLD3"
"YGL114W","Saccharomyces cerevisiae S288C","BK006941:293,460..295,637(+)","hypothetical protein","No","1","N/A"
"YGL115W","Saccharomyces cerevisiae S288C","BK006941:292,033..293,001(+)","AMP-activated serine/threonine-protein kinase regulatory subunit SNF4","No","1","SNF4"
"YGL116W","Saccharomyces cerevisiae S288C","BK006941:289,809..291,641(+)","ubiquitin-protein transferase activating protein CDC20","No","1","CDC20"
"YGL117W","Saccharomyces cerevisiae S288C","BK006941:288,512..289,309(+)","hypothetical protein","No","1","N/A"
"YGL119W","Saccharomyces cerevisiae S288C","BK006941:284,442..285,947(+)","protein kinase COQ8","No","1","COQ8"
"YGL120C","Saccharomyces cerevisiae S288C","BK006941:281,634..283,937(-)","DEAH-box ATP-dependent RNA helicase PRP43","No","1","PRP43"
"YGL121C","Saccharomyces cerevisiae S288C","BK006941:280,777..281,157(-)","Gpg1p","No","1","GPG1"
"YGL122C","Saccharomyces cerevisiae S288C","BK006941:278,946..280,523(-)","mRNA-binding protein NAB2","No","1","NAB2"
"YGL123W","Saccharomyces cerevisiae S288C","BK006941:277,617..278,381(+)","ribosomal 40S subunit protein S2","No","1","RPS2"
"YGL124C","Saccharomyces cerevisiae S288C","BK006941:274,780..276,714(-)","Mon1p","No","1","MON1"
"YGL125W","Saccharomyces cerevisiae S288C","BK006941:272,520..274,322(+)","methylenetetrahydrofolate reductase (NAD(P)H) MET13","No","1","MET13"
"YGL126W","Saccharomyces cerevisiae S288C","BK006941:270,997..272,139(+)","Scs3p","No","1","SCS3"
"YGL127C","Saccharomyces cerevisiae S288C","BK006941:270,392..270,775(-)","Soh1p","No","1","SOH1"
"YGL128C","Saccharomyces cerevisiae S288C","BK006941:269,293..270,144(-)","U2-type spliceosomal complex subunit CWC23","No","1","CWC23"
"YGL129C","Saccharomyces cerevisiae S288C","BK006941:267,723..269,075(-)","mitochondrial 37S ribosomal protein RSM23","No","1","RSM23"
"YGL130W","Saccharomyces cerevisiae S288C","BK006941:266,145..267,524(+)","mRNA guanylyltransferase","No","1","CEG1"
"YGL131C","Saccharomyces cerevisiae S288C","BK006941:261,648..265,859(-)","DNA-binding E3 ubiquitin-protein ligase SNT2","No","1","SNT2"
"YGL133W","Saccharomyces cerevisiae S288C","BK006941:257,707..261,501(+)","Itc1p","No","1","ITC1"
"YGL134W","Saccharomyces cerevisiae S288C","BK006941:255,663..256,964(+)","Pcl10p","No","1","PCL10"
"YGL135W","Saccharomyces cerevisiae S288C","BK006941:254,641..255,294(+)","ribosomal 60S subunit protein L1B","No","1","RPL1B"
"YGL136C","Saccharomyces cerevisiae S288C","BK006941:252,897..253,859(-)","21S rRNA (uridine2791-2'-O) methyltransferase","No","1","MRM2"
"YGL137W","Saccharomyces cerevisiae S288C","BK006941:249,869..252,738(+)","coatomer subunit beta'","No","1","SEC27"
"YGL138C","Saccharomyces cerevisiae S288C","BK006941:248,494..249,531(-)","hypothetical protein","No","1","N/A"
"YGL139W","Saccharomyces cerevisiae S288C","BK006941:245,716..248,124(+)","putative flavin adenine dinucleotide transporter","No","1","FLC3"
"YGL140C","Saccharomyces cerevisiae S288C","BK006941:241,353..245,012(-)","hypothetical protein","No","1","N/A"
"YGL141W","Saccharomyces cerevisiae S288C","BK006941:238,353..241,085(+)","ubiquitin-ubiquitin ligase HUL5","No","1","HUL5"
"YGL142C","Saccharomyces cerevisiae S288C","BK006941:236,269..238,119(-)","putative glycosylphosphatidylinositol-alpha 1,2 mannosyltransferase","No","1","GPI10"
"YGL143C","Saccharomyces cerevisiae S288C","BK006941:234,717..235,958(-)","Mrf1p","No","1","MRF1"
"YGL144C","Saccharomyces cerevisiae S288C","BK006941:232,450..234,507(-)","putative lipase ROG1","No","1","ROG1"
"YGL145W","Saccharomyces cerevisiae S288C","BK006941:230,243..232,348(+)","Tip20p","No","1","TIP20"
"YGL146C","Saccharomyces cerevisiae S288C","BK006941:228,751..229,686(-)","Rrt6p","No","1","RRT6"
"YGL147C","Saccharomyces cerevisiae S288C","BK006941:227,754..228,329(-)","ribosomal 60S subunit protein L9A","No","1","RPL9A"
"YGL148W","Saccharomyces cerevisiae S288C","BK006941:226,399..227,529(+)","bifunctional chorismate synthase/riboflavin reductase [NAD(P)H] ARO2","No","1","ARO2"
"YGL150C","Saccharomyces cerevisiae S288C","BK006941:221,104..225,573(-)","chromatin-remodeling ATPase INO80","No","1","INO80"
"YGL151W","Saccharomyces cerevisiae S288C","BK006941:217,524..220,922(+)","Nut1p","No","1","NUT1"
"YGL153W","Saccharomyces cerevisiae S288C","BK006941:216,273..217,298(+)","Pex14p","No","1","PEX14"
"YGL154C","Saccharomyces cerevisiae S288C","BK006941:215,278..216,096(-)","holo-[acyl-carrier-protein] synthase","No","1","LYS5"
"YGL155W","Saccharomyces cerevisiae S288C","BK006941:214,081..215,211(+)","protein geranylgeranyltransferase type I subunit CDC43","No","1","CDC43"
"YGL156W","Saccharomyces cerevisiae S288C","BK006941:210,416..213,667(+)","alpha-mannosidase","No","1","AMS1"
"YGL157W","Saccharomyces cerevisiae S288C","BK006941:209,006..210,049(+)","carbonyl reductase (NADPH-dependent) ARI1","No","1","ARI1"
"YGL158W","Saccharomyces cerevisiae S288C","BK006941:207,033..208,571(+)","putative serine/threonine protein kinase RCK1","No","1","RCK1"
"YGL159W","Saccharomyces cerevisiae S288C","BK006941:202,721..203,833(+)","hypothetical protein","No","1","N/A"
"YGL160W","Saccharomyces cerevisiae S288C","BK006941:200,561..202,273(+)","putative metalloreductase","No","1","AIM14"
"YGL161C","Saccharomyces cerevisiae S288C","BK006941:199,210..200,142(-)","Yip5p","No","1","YIP5"
"YGL162W","Saccharomyces cerevisiae S288C","BK006941:198,138..199,037(+)","Sut1p","No","1","SUT1"
"YGL163C","Saccharomyces cerevisiae S288C","BK006941:193,707..196,403(-)","DNA-dependent ATPase RAD54","No","1","RAD54"
"YGL164C","Saccharomyces cerevisiae S288C","BK006941:191,978..193,300(-)","Yrb30p","No","1","YRB30"
"YGL166W","Saccharomyces cerevisiae S288C","BK006941:191,129..191,806(+)","Cup2p","No","1","CUP2"
"YGL167C","Saccharomyces cerevisiae S288C","BK006941:187,616..190,468(-)","Ca(2+)/Mn(2+)-transporting P-type ATPase PMR1","No","1","PMR1"
"YGL168W","Saccharomyces cerevisiae S288C","BK006941:187,464..187,796(+)","Hur1p","No","1","HUR1"
"YGL169W","Saccharomyces cerevisiae S288C","BK006941:186,059..187,339(+)","threonylcarbamoyladenylate synthase","No","1","SUA5"
"YGL172W","Saccharomyces cerevisiae S288C","BK006941:180,700..182,118(+)","FG-nucleoporin NUP49","No","1","NUP49"
"YGL170C","Saccharomyces cerevisiae S288C","BK006941:184,153..185,394(-)","Spo74p","No","1","SPO74"
"YGL171W","Saccharomyces cerevisiae S288C","BK006941:182,390..184,084(+)","RNA-dependent ATPase ROK1","No","1","ROK1"
"YGL173C","Saccharomyces cerevisiae S288C","BK006941:175,527..180,113(-)","chromatin-binding exonuclease XRN1","No","1","XRN1"
"YGL174W","Saccharomyces cerevisiae S288C","BK006941:174,545..175,345(+)","Bud13p","No","1","BUD13"
"YGL175C","Saccharomyces cerevisiae S288C","BK006941:173,285..174,322(-)","ssDNA endodeoxyribonuclease SAE2","No","1","SAE2"
"YGL176C","Saccharomyces cerevisiae S288C","BK006941:171,415..173,079(-)","hypothetical protein","No","1","N/A"
"YGL178W","Saccharomyces cerevisiae S288C","BK006941:167,352..170,571(+)","Mpt5p","No","1","MPT5"
"YGL179C","Saccharomyces cerevisiae S288C","BK006941:163,409..165,091(-)","serine/threonine protein kinase TOS3","No","1","TOS3"
"YGL180W","Saccharomyces cerevisiae S288C","BK006941:160,065..162,758(+)","serine/threonine protein kinase ATG1","No","1","ATG1"
"YGL181W","Saccharomyces cerevisiae S288C","BK006941:157,906..159,096(+)","Gts1p","No","1","GTS1"
"YGL183C","Saccharomyces cerevisiae S288C","BK006941:156,543..157,285(-)","Mnd1p","No","1","MND1"
"YGL184C","Saccharomyces cerevisiae S288C","BK006941:154,615..156,012(-)","cystathionine beta-lyase STR3","No","1","STR3"
"YGL185C","Saccharomyces cerevisiae S288C","BK006941:153,167..154,306(-)","putative hydroxyacid dehydrogenase","No","1","N/A"
"YGL186C","Saccharomyces cerevisiae S288C","BK006941:151,037..152,776(-)","Tpn1p","No","1","TPN1"
"YGL187C","Saccharomyces cerevisiae S288C","BK006941:149,704..150,171(-)","cytochrome c oxidase subunit IV","No","1","COX4"
"YGL188C-A","Saccharomyces cerevisiae S288C","BK006941:148,824..148,964(-)","hypothetical protein","No","1","N/A"
"YGL189C","Saccharomyces cerevisiae S288C","BK006941:148,229..148,588(-)","ribosomal 40S subunit protein S26A","No","1","RPS26A"
"YGL190C","Saccharomyces cerevisiae S288C","BK006941:145,809..147,389(-)","protein phosphatase 2A regulatory subunit CDC55","No","1","CDC55"
"YGL191W","Saccharomyces cerevisiae S288C","BK006941:144,808..145,197(+)","cytochrome c oxidase subunit VIa","No","1","COX13"
"YGL192W","Saccharomyces cerevisiae S288C","BK006941:142,246..144,048(+)","mRNA (N6-adenosine)-methyltransferase","No","1","IME4"
"YGL193C","Saccharomyces cerevisiae S288C","BK006941:141,916..142,227(-)","hypothetical protein","No","1","N/A"
"YGL194C-A","Saccharomyces cerevisiae S288C","BK006941:139,719..139,961(-)","hypothetical protein","No","1","N/A"
"YGL194C","Saccharomyces cerevisiae S288C","BK006941:140,368..141,726(-)","histone deacetylase HOS2","No","1","HOS2"
"YGL195W","Saccharomyces cerevisiae S288C","BK006941:131,525..139,543(+)","Gcn1p","No","1","GCN1"
"YGL196W","Saccharomyces cerevisiae S288C","BK006941:129,883..131,169(+)","D-serine ammonia-lyase DSD1","No","1","DSD1"
"YGL197W","Saccharomyces cerevisiae S288C","BK006941:124,698..129,161(+)","Mds3p","No","1","MDS3"
"YGL198W","Saccharomyces cerevisiae S288C","BK006941:123,591..124,298(+)","Yip4p","No","1","YIP4"
"YGL200C","Saccharomyces cerevisiae S288C","BK006941:122,694..123,305(-)","Emp24p","No","1","EMP24"
"YGL201C","Saccharomyces cerevisiae S288C","BK006941:117,854..120,907(-)","MCM DNA helicase complex subunit MCM6","No","1","MCM6"
"YGL202W","Saccharomyces cerevisiae S288C","BK006941:116,059..117,561(+)","bifunctional 2-aminoadipate transaminase/aromatic-amino-acid:2-oxoglutarate transaminase","No","1","ARO8"
"YGL203C","Saccharomyces cerevisiae S288C","BK006941:112,475..114,664(-)","serine-type carboxypeptidase","No","1","KEX1"
"YGL204C","Saccharomyces cerevisiae S288C","BK006941:111,700..112,005(-)","hypothetical protein","No","1","N/A"
"YGL205W","Saccharomyces cerevisiae S288C","BK006941:108,158..110,404(+)","acyl-CoA oxidase","No","1","POX1"
"YGL206C","Saccharomyces cerevisiae S288C","BK006941:102,543..107,504(-)","clathrin heavy chain","No","1","CHC1"
"YGL207W","Saccharomyces cerevisiae S288C","BK006941:98,969..102,076(+)","chromatin-remodeling protein SPT16","No","1","SPT16"
"YGL208W","Saccharomyces cerevisiae S288C","BK006941:97,338..98,585(+)","Sip2p","No","1","SIP2"
"YGL209W","Saccharomyces cerevisiae S288C","BK006941:95,858..97,006(+)","Mig2p","No","1","MIG2"
"YGL210W","Saccharomyces cerevisiae S288C","BK006941:93,792..94,460(+)","Rab family GTPase YPT32","No","1","YPT32"
"YGL211W","Saccharomyces cerevisiae S288C","BK006941:92,512..93,591(+)","Ncs6p","No","1","NCS6"
"YGL212W","Saccharomyces cerevisiae S288C","BK006941:91,432..92,382(+)","Vam7p","No","1","VAM7"
"YGL213C","Saccharomyces cerevisiae S288C","BK006941:90,054..91,247(-)","SKI complex subunit WD repeat protein SKI8","No","1","SKI8"
"YGL215W","Saccharomyces cerevisiae S288C","BK006941:87,981..89,339(+)","Clg1p","No","1","CLG1"
"YGL216W","Saccharomyces cerevisiae S288C","BK006941:84,885..87,302(+)","tubulin-dependent ATPase KIP3","No","1","KIP3"
"YGL219C","Saccharomyces cerevisiae S288C","BK006941:82,878..84,257(-)","ERMES complex subunit MDM34","No","1","MDM34"
"YGL220W","Saccharomyces cerevisiae S288C","BK006941:82,374..82,736(+)","Fra2p","No","1","FRA2"
"YGL221C","Saccharomyces cerevisiae S288C","BK006941:81,426..82,292(-)","hypothetical protein","No","1","NIF3"
"YGL222C","Saccharomyces cerevisiae S288C","BK006941:80,659..81,186(-)","Edc1p","No","1","EDC1"
"YGL223C","Saccharomyces cerevisiae S288C","BK006941:79,112..80,365(-)","Golgi transport complex subunit COG1","No","1","COG1"
"YGL224C","Saccharomyces cerevisiae S288C","BK006941:78,015..78,857(-)","nucleotidase","No","1","SDT1"
"YGL225W","Saccharomyces cerevisiae S288C","BK006941:76,894..77,907(+)","GDP-mannose transporter","No","1","VRG4"
"YGL226C-A","Saccharomyces cerevisiae S288C","BK006941:72,749..73,158(-)","dolichyl-diphosphooligosaccharide--protein glycotransferase subunit","No","1","OST5"
"YGL226W","Saccharomyces cerevisiae S288C","BK006941:73,340..73,711(+)","Mtc3p","No","1","MTC3"
"YGL227W","Saccharomyces cerevisiae S288C","BK006941:69,671..72,547(+)","glucose-induced degradation complex subunit VID30","No","1","VID30"
"YGL228W","Saccharomyces cerevisiae S288C","BK006941:67,598..69,331(+)","She10p","No","1","SHE10"
"YGL229C","Saccharomyces cerevisiae S288C","BK006941:64,503..66,959(-)","Sap4p","No","1","SAP4"
"YGL230C","Saccharomyces cerevisiae S288C","BK006941:63,772..64,215(-)","hypothetical protein","No","1","N/A"
"YGL231C","Saccharomyces cerevisiae S288C","BK006941:63,048..63,620(-)","chaperone EMC4","No","1","EMC4"
"YGL232W","Saccharomyces cerevisiae S288C","BK006941:62,075..63,002(+)","putative tRNA acetyltransferase","No","1","TAN1"
"YGL233W","Saccharomyces cerevisiae S288C","BK006941:59,122..61,854(+)","Rab GTPase-binding exocyst subunit SEC15","No","1","SEC15"
"YGL234W","Saccharomyces cerevisiae S288C","BK006941:56,482..58,890(+)","bifunctional aminoimidazole ribotide synthase/glycinamide ribotide synthase","No","1","ADE5,7"
"YGL235W","Saccharomyces cerevisiae S288C","BK006941:55,279..55,815(+)","hypothetical protein","No","1","N/A"
"YGL236C","Saccharomyces cerevisiae S288C","BK006941:53,787..55,796(-)","tRNA modification protein MTO1","No","1","MTO1"
"YGL237C","Saccharomyces cerevisiae S288C","BK006941:52,731..53,528(-)","Hap2p","No","1","HAP2"
"YGL238W","Saccharomyces cerevisiae S288C","BK006941:49,552..52,434(+)","importin-alpha export receptor","No","1","CSE1"
"YGL240W","Saccharomyces cerevisiae S288C","BK006941:48,613..49,365(+)","anaphase promoting complex subunit DOC1","No","1","DOC1"
"YGL241W","Saccharomyces cerevisiae S288C","BK006941:45,445..48,459(+)","Kap114p","No","1","KAP114"
"YGL242C","Saccharomyces cerevisiae S288C","BK006941:44,652..45,197(-)","hypothetical protein","No","1","N/A"
"YGL243W","Saccharomyces cerevisiae S288C","BK006941:43,307..44,509(+)","tRNA-specific adenosine deaminase","No","1","TAD1"
"YGL244W","Saccharomyces cerevisiae S288C","BK006941:41,498..43,174(+)","Rtf1p","No","1","RTF1"
"YGL245W","Saccharomyces cerevisiae S288C","BK006941:39,023..41,149(+)","glutamate--tRNA ligase GUS1","No","1","GUS1"
"YGL246C","Saccharomyces cerevisiae S288C","BK006941:37,617..38,780(-)","decapping nuclease","No","1","RAI1"
"YGL247W","Saccharomyces cerevisiae S288C","BK006941:36,933..37,526(+)","Brr6p","No","1","BRR6"
"YGL248W","Saccharomyces cerevisiae S288C","BK006941:35,653..36,762(+)","3',5'-cyclic-nucleotide phosphodiesterase PDE1","No","1","PDE1"
"YGL249W","Saccharomyces cerevisiae S288C","BK006941:33,098..35,212(+)","Zip2p","No","1","ZIP2"
"YGL250W","Saccharomyces cerevisiae S288C","BK006941:31,910..32,635(+)","Rmr1p","No","1","RMR1"
"YGL251C","Saccharomyces cerevisiae S288C","BK006941:27,921..31,636(-)","Hfm1p","No","1","HFM1"
"YGL252C","Saccharomyces cerevisiae S288C","BK006941:25,718..27,484(-)","Rtg2p","No","1","RTG2"
"YGL253W","Saccharomyces cerevisiae S288C","BK006941:23,935..25,395(+)","hexokinase 2","No","1","HXK2"
"YGL254W","Saccharomyces cerevisiae S288C","BK006941:22,304..23,203(+)","Fzf1p","No","1","FZF1"
"YGL255W","Saccharomyces cerevisiae S288C","BK006941:20,978..22,108(+)","high-affinity Zn(2+) transporter ZRT1","No","1","ZRT1"
"YGL256W","Saccharomyces cerevisiae S288C","BK006941:15,159..16,307(+)","alcohol dehydrogenase ADH4","No","1","ADH4"
"YGL257C","Saccharomyces cerevisiae S288C","BK006941:12,481..14,157(-)","alpha-1,3-mannosyltransferase MNT2","No","1","MNT2"
"YGL258W-A","Saccharomyces cerevisiae S288C","BK006941:9,162..9,395(+)","hypothetical protein","No","1","N/A"
"YGL258W","Saccharomyces cerevisiae S288C","BK006941:11,110..11,730(+)","Vel1p","No","1","VEL1"
"YGL259W","Saccharomyces cerevisiae S288C","BK006941:8,470..8,967(+)","Yps5p","No","1","YPS5"
"YGL260W","Saccharomyces cerevisiae S288C","BK006941:6,860..7,090(+)","hypothetical protein","No","1","N/A"
"YGL261C","Saccharomyces cerevisiae S288C","BK006941:6,290..6,652(-)","seripauperin PAU11","No","1","PAU11"
"YGL262W","Saccharomyces cerevisiae S288C","BK006941:5,312..5,839(+)","hypothetical protein","No","1","N/A"
"YGL263W","Saccharomyces cerevisiae S288C","BK006941:2,790..3,932(+)","Cos12p","No","1","COS12"
"YGR001C","Saccharomyces cerevisiae S288C","BK006941:497,133..498,034(-)","protein-lysine N-methyltransferase","No","1","EFM5"
"YGR002C","Saccharomyces cerevisiae S288C","BK006941:498,476..499,906(-)","Swc4p","No","1","SWC4"
"YGR003W","Saccharomyces cerevisiae S288C","BK006941:500,132..502,366(+)","cullin CUL3","No","1","CUL3"
"YGR004W","Saccharomyces cerevisiae S288C","BK006941:502,938..504,326(+)","peroxisome biogenesis protein","No","1","PEX31"
"YGR005C","Saccharomyces cerevisiae S288C","BK006941:504,657..505,859(-)","transcription factor IIF subunit TFG2","No","1","TFG2"
"YGR006W","Saccharomyces cerevisiae S288C","BK006941:506,070..506,825(+)","mRNA splicing protein PRP18","No","1","PRP18"
"YGR007W","Saccharomyces cerevisiae S288C","BK006941:506,969..507,940(+)","ethanolamine-phosphate cytidylyltransferase","No","1","ECT1"
"YGR008C","Saccharomyces cerevisiae S288C","BK006941:508,110..508,364(-)","ATPase-stabilizing factor family protein","No","1","STF2"
"YGR009C","Saccharomyces cerevisiae S288C","BK006941:509,047..511,002(-)","Sec9p","No","1","SEC9"
"YGR010W","Saccharomyces cerevisiae S288C","BK006941:511,545..512,732(+)","nicotinamide-nucleotide adenylyltransferase NMA2","No","1","NMA2"
"YGR012W","Saccharomyces cerevisiae S288C","BK006941:513,159..514,340(+)","putative cysteine synthase","No","1","MCY1"
"YGR013W","Saccharomyces cerevisiae S288C","BK006941:514,554..516,416(+)","Snu71p","No","1","SNU71"
"YGR014W","Saccharomyces cerevisiae S288C","BK006941:516,943..520,863(+)","Msb2p","No","1","MSB2"
"YGR015C","Saccharomyces cerevisiae S288C","BK006941:521,090..522,076(-)","putative hydrolase","No","1","EAT1"
"YGR016W","Saccharomyces cerevisiae S288C","BK006941:522,261..522,833(+)","hypothetical protein","No","1","N/A"
"YGR019W","Saccharomyces cerevisiae S288C","BK006941:525,229..526,644(+)","4-aminobutyrate transaminase","No","1","UGA1"
"YGR017W","Saccharomyces cerevisiae S288C","BK006941:523,787..524,680(+)","hypothetical protein","No","1","N/A"
"YGR018C","Saccharomyces cerevisiae S288C","BK006941:524,365..524,694(-)","hypothetical protein","No","1","N/A"
"YGR020C","Saccharomyces cerevisiae S288C","BK006941:526,973..527,329(-)","H(+)-transporting V1 sector ATPase subunit F","No","1","VMA7"
"YGR021W","Saccharomyces cerevisiae S288C","BK006941:527,632..528,504(+)","hypothetical protein","No","1","DPC29"
"YGR023W","Saccharomyces cerevisiae S288C","BK006941:529,264..530,919(+)","Mtl1p","No","1","MTL1"
"YGR024C","Saccharomyces cerevisiae S288C","BK006941:531,883..532,596(-)","tRNA guanylyltransferase","No","1","THG1"
"YGR026W","Saccharomyces cerevisiae S288C","BK006941:532,985..533,821(+)","hypothetical protein","No","1","N/A"
"YGR027C","Saccharomyces cerevisiae S288C","BK006941:534,132..534,458(-)","ribosomal 40S subunit protein S25A","No","1","RPS25A"
"YGR027W-A","Saccharomyces cerevisiae S288C","BK006941:536,057..537,379(+)","gag protein","No","1","TY1A-GR1"
"YGR027W-B","Saccharomyces cerevisiae S288C","BK006941:536,057..541,325(+)","gag-pol fusion protein","No","1","TY1B-GR1"
"YGR028W","Saccharomyces cerevisiae S288C","BK006941:542,203..543,291(+)","Msp1p","No","1","MSP1"
"YGR029W","Saccharomyces cerevisiae S288C","BK006941:543,553..544,205(+)","flavin-linked sulfhydryl oxidase","No","1","ERV1"
"YGR030C","Saccharomyces cerevisiae S288C","BK006941:545,681..546,157(-)","ribonuclease P/MRP protein subunit POP6","No","1","POP6"
"YGR031C-A","Saccharomyces cerevisiae S288C","BK006941:546,809..547,300(-)","Nag1p","No","1","NAG1"
"YGR031W","Saccharomyces cerevisiae S288C","BK006941:546,441..547,469(+)","Imo32p","No","1","IMO32"
"YGR032W","Saccharomyces cerevisiae S288C","BK006941:548,264..553,951(+)","1,3-beta-glucan synthase GSC2","No","1","GSC2"
"YGR033C","Saccharomyces cerevisiae S288C","BK006941:554,248..554,967(-)","Tim21p","No","1","TIM21"
"YGR034W","Saccharomyces cerevisiae S288C","BK006941:555,812..556,672(+)","ribosomal 60S subunit protein L26B","No","1","RPL26B"
"YGR035C","Saccharomyces cerevisiae S288C","BK006941:557,072..557,422(-)","hypothetical protein","No","1","N/A"
"YGR035W-A","Saccharomyces cerevisiae S288C","BK006941:557,565..557,786(+)","hypothetical protein","No","1","N/A"
"YGR036C","Saccharomyces cerevisiae S288C","BK006941:558,149..558,868(-)","Cax4p","No","1","CAX4"
"YGR037C","Saccharomyces cerevisiae S288C","BK006941:559,731..559,994(-)","long-chain fatty acid transporter ACB1","No","1","ACB1"
"YGR038C-A","Saccharomyces cerevisiae S288C","BK006941:566,145..567,467(-)","gag protein","No","1","TY1A-GR2"
"YGR038C-B","Saccharomyces cerevisiae S288C","BK006941:562,199..567,467(-)","gag-pol fusion protein","No","1","TY1B-GR2"
"YGR038W","Saccharomyces cerevisiae S288C","BK006941:560,682..561,350(+)","sphingolipid homeostasis protein ORM1","No","1","ORM1"
"YGR040W","Saccharomyces cerevisiae S288C","BK006941:575,398..576,504(+)","mitogen-activated serine/threonine-protein kinase KSS1","No","1","KSS1"
"YGR041W","Saccharomyces cerevisiae S288C","BK006941:577,487..579,130(+)","Bud9p","No","1","BUD9"
"YGR042W","Saccharomyces cerevisiae S288C","BK006941:579,476..580,291(+)","hypothetical protein","No","1","MTE1"
"YGR043C","Saccharomyces cerevisiae S288C","BK006941:580,435..581,436(-)","sedoheptulose-7-phosphate:D-glyceraldehyde-3- phosphate transaldolase NQM1","No","1","NQM1"
"YGR044C","Saccharomyces cerevisiae S288C","BK006941:582,990..583,892(-)","Rme1p","No","1","RME1"
"YGR046W","Saccharomyces cerevisiae S288C","BK006941:584,895..586,052(+)","putative phosphatidate cytidylyltransferase","No","1","TAM41"
"YGR047C","Saccharomyces cerevisiae S288C","BK006941:586,392..589,469(-)","transcription factor TFIIIC subunit TFC4","No","1","TFC4"
"YGR048W","Saccharomyces cerevisiae S288C","BK006941:589,826..590,911(+)","polyubiquitin-binding protein UFD1","No","1","UFD1"
"YGR049W","Saccharomyces cerevisiae S288C","BK006941:591,314..591,877(+)","Scm4p","No","1","SCM4"
"YGR050C","Saccharomyces cerevisiae S288C","BK006941:592,086..592,442(-)","hypothetical protein","No","1","N/A"
"YGR052W","Saccharomyces cerevisiae S288C","BK006941:593,596..594,705(+)","protein kinase FMP48","No","1","FMP48"
"YGR053C","Saccharomyces cerevisiae S288C","BK006941:594,986..595,837(-)","hypothetical protein","No","1","MCO32"
"YGR054W","Saccharomyces cerevisiae S288C","BK006941:596,693..598,621(+)","hypothetical protein","No","1","N/A"
"YGR055W","Saccharomyces cerevisiae S288C","BK006941:599,417..601,141(+)","Mup1p","No","1","MUP1"
"YGR056W","Saccharomyces cerevisiae S288C","BK006941:601,661..604,447(+)","RSC subunit protein RSC1","No","1","RSC1"
"YGR057C","Saccharomyces cerevisiae S288C","BK006941:604,773..605,501(-)","Lst7p","No","1","LST7"
"YGR058W","Saccharomyces cerevisiae S288C","BK006941:606,136..607,143(+)","Pef1p","No","1","PEF1"
"YGR059W","Saccharomyces cerevisiae S288C","BK006941:607,563..609,101(+)","septin SPR3","No","1","SPR3"
"YGR060W","Saccharomyces cerevisiae S288C","BK006941:610,564..611,493(+)","methylsterol monooxygenase","No","1","ERG25"
"YGR061C","Saccharomyces cerevisiae S288C","BK006941:611,889..615,965(-)","phosphoribosylformylglycinamidine synthase","No","1","ADE6"
"YGR062C","Saccharomyces cerevisiae S288C","BK006941:616,328..617,278(-)","membrane insertase COX18","No","1","COX18"
"YGR063C","Saccharomyces cerevisiae S288C","BK006941:617,516..617,824(-)","transcription elongation factor SPT4","No","1","SPT4"
"YGR065C","Saccharomyces cerevisiae S288C","BK006941:618,077..619,858(-)","Vht1p","No","1","VHT1"
"YGR066C","Saccharomyces cerevisiae S288C","BK006941:620,921..621,799(-)","hypothetical protein","No","1","GID10"
"YGR067C","Saccharomyces cerevisiae S288C","BK006941:622,372..624,786(-)","hypothetical protein","No","1","N/A"
"YGR068C","Saccharomyces cerevisiae S288C","BK006941:625,324..627,084(-)","Art5p","No","1","ART5"
"YGR070W","Saccharomyces cerevisiae S288C","BK006941:627,806..631,273(+)","Rho family guanine nucleotide exchange factor ROM1","No","1","ROM1"
"YGR071C","Saccharomyces cerevisiae S288C","BK006941:631,481..634,063(-)","Env11p","No","1","ENV11"
"YGR072W","Saccharomyces cerevisiae S288C","BK006941:634,304..635,467(+)","Upf3p","No","1","UPF3"
"YGR074W","Saccharomyces cerevisiae S288C","BK006941:635,712..636,152(+)","mRNA splicing protein SMD1","No","1","SMD1"
"YGR075C","Saccharomyces cerevisiae S288C","BK006941:636,147..636,875(-)","U4/U6-U5 snRNP complex subunit PRP38","No","1","PRP38"
"YGR076C","Saccharomyces cerevisiae S288C","BK006941:637,104..637,577(-)","mitochondrial 54S ribosomal protein YmL25","No","1","MRPL25"
"YGR077C","Saccharomyces cerevisiae S288C","BK006941:637,744..639,513(-)","Pex8p","No","1","PEX8"
"YGR078C","Saccharomyces cerevisiae S288C","BK006941:639,772..640,371(-)","tubulin-binding prefolding complex subunit PAC10","No","1","PAC10"
"YGR079W","Saccharomyces cerevisiae S288C","BK006941:640,720..641,832(+)","hypothetical protein","No","1","N/A"
"YGR080W","Saccharomyces cerevisiae S288C","BK006941:642,010..643,008(+)","Twf1p","No","1","TWF1"
"YGR081C","Saccharomyces cerevisiae S288C","BK006941:643,148..643,780(-)","Slx9p","No","1","SLX9"
"YGR082W","Saccharomyces cerevisiae S288C","BK006941:644,044..644,595(+)","Tom20p","No","1","TOM20"
"YGR083C","Saccharomyces cerevisiae S288C","BK006941:644,860..646,815(-)","translation initiation factor eIF2B subunit delta","No","1","GCD2"
"YGR084C","Saccharomyces cerevisiae S288C","BK006941:647,123..648,142(-)","mitochondrial 37S ribosomal protein YmS-A","No","1","MRP13"
"YGR085C","Saccharomyces cerevisiae S288C","BK006941:648,383..648,907(-)","ribosomal 60S subunit protein L11B","No","1","RPL11B"
"YGR086C","Saccharomyces cerevisiae S288C","BK006941:649,598..650,617(-)","lipid-binding protein PIL1","No","1","PIL1"
"YGR087C","Saccharomyces cerevisiae S288C","BK006941:651,290..652,981(-)","indolepyruvate decarboxylase 6","No","1","PDC6"
"YGR088W","Saccharomyces cerevisiae S288C","BK006941:654,634..656,322(+)","catalase T","No","1","CTT1"
"YGR089W","Saccharomyces cerevisiae S288C","BK006941:656,960..659,770(+)","Nnf2p","No","1","NNF2"
"YGR090W","Saccharomyces cerevisiae S288C","BK006941:662,358..666,071(+)","rRNA-processing protein UTP22","No","1","UTP22"
"YGR091W","Saccharomyces cerevisiae S288C","BK006941:666,341..667,825(+)","U4/U6-U5 snRNP complex subunit PRP31","No","1","PRP31"
"YGR092W","Saccharomyces cerevisiae S288C","BK006941:668,189..669,907(+)","serine/threonine-protein kinase DBF2","No","1","DBF2"
"YGR093W","Saccharomyces cerevisiae S288C","BK006941:670,388..671,911(+)","Drn1p","No","1","DRN1"
"YGR094W","Saccharomyces cerevisiae S288C","BK006941:672,186..675,500(+)","valine--tRNA ligase","No","1","VAS1"
"YGR095C","Saccharomyces cerevisiae S288C","BK006941:675,671..676,342(-)","exosome non-catalytic core subunit RRP46","No","1","RRP46"
"YGR096W","Saccharomyces cerevisiae S288C","BK006941:676,621..677,565(+)","thiamine transporter TPC1","No","1","TPC1"
"YGR097W","Saccharomyces cerevisiae S288C","BK006941:678,695..682,135(+)","Ask10p","No","1","ASK10"
"YGR098C","Saccharomyces cerevisiae S288C","BK006941:682,566..687,458(-)","separase","No","1","ESP1"
"YGR099W","Saccharomyces cerevisiae S288C","BK006941:687,899..689,965(+)","Tel2p","No","1","TEL2"
"YGR100W","Saccharomyces cerevisiae S288C","BK006941:690,245..693,097(+)","Mdr1p","No","1","MDR1"
"YGR101W","Saccharomyces cerevisiae S288C","BK006941:693,363..694,403(+)","rhomboid protease PCP1","No","1","PCP1"
"YGR102C","Saccharomyces cerevisiae S288C","BK006941:694,584..695,135(-)","glutamyl-tRNA(Gln) amidotransferase subunit F","No","1","GTF1"
"YGR103W","Saccharomyces cerevisiae S288C","BK006941:695,417..697,234(+)","mRNA-binding ribosome synthesis protein NOP7","No","1","NOP7"
"YGR104C","Saccharomyces cerevisiae S288C","BK006941:697,445..698,368(-)","Srb5p","No","1","SRB5"
"YGR105W","Saccharomyces cerevisiae S288C","BK006941:698,599..698,832(+)","Vma21p","No","1","VMA21"
"YGR106C","Saccharomyces cerevisiae S288C","BK006941:698,989..699,786(-)","Voa1p","No","1","VOA1"
"YGR108W","Saccharomyces cerevisiae S288C","BK006941:703,636..705,051(+)","B-type cyclin CLB1","No","1","CLB1"
"YGR109C","Saccharomyces cerevisiae S288C","BK006941:705,359..706,501(-)","B-type cyclin CLB6","No","1","CLB6"
"YGR109W-A","Saccharomyces cerevisiae S288C","BK006941:707,610..708,482(+)","gag protein","No","1","TY3A-G"
"YGR109W-B","Saccharomyces cerevisiae S288C","BK006941:707,610..712,254(+)","gag-pol fusion protein","No","1","N/A"
"YGR110W","Saccharomyces cerevisiae S288C","BK006941:713,709..715,046(+)","carboxylic ester hydrolase","No","1","CLD1"
"YGR111W","Saccharomyces cerevisiae S288C","BK006941:715,828..717,030(+)","hypothetical protein","No","1","N/A"
"YGR112W","Saccharomyces cerevisiae S288C","BK006941:717,358..718,527(+)","Shy1p","No","1","SHY1"
"YGR113W","Saccharomyces cerevisiae S288C","BK006941:718,893..719,924(+)","Dam1p","No","1","DAM1"
"YGR116W","Saccharomyces cerevisiae S288C","BK006941:720,409..724,764(+)","chromatin-remodeling histone chaperone SPT6","No","1","SPT6"
"YGR117C","Saccharomyces cerevisiae S288C","BK006941:725,049..726,479(-)","hypothetical protein","No","1","N/A"
"YGR118W","Saccharomyces cerevisiae S288C","BK006941:726,974..727,730(+)","ribosomal 40S subunit protein S23A","No","1","RPS23A"
"YGR119C","Saccharomyces cerevisiae S288C","BK006941:728,046..729,671(-)","FG-nucleoporin NUP57","No","1","NUP57"
"YGR120C","Saccharomyces cerevisiae S288C","BK006941:730,033..730,821(-)","Golgi transport complex subunit COG2","No","1","COG2"
"YGR121C","Saccharomyces cerevisiae S288C","BK006941:731,449..732,927(-)","ammonium permease MEP1","No","1","MEP1"
"YGR121W-A","Saccharomyces cerevisiae S288C","BK006941:733,412..733,627(+)","hypothetical protein","No","1","N/A"
"YGR122W","Saccharomyces cerevisiae S288C","BK006941:733,935..735,143(+)","hypothetical protein","No","1","N/A"
"YGR123C","Saccharomyces cerevisiae S288C","BK006941:736,662..738,203(-)","protein serine/threonine phosphatase","No","1","PPT1"
"YGR126W","Saccharomyces cerevisiae S288C","BK006941:745,835..746,527(+)","hypothetical protein","No","1","N/A"
"YGR124W","Saccharomyces cerevisiae S288C","BK006941:739,944..741,662(+)","asparagine synthase (glutamine-hydrolyzing) 2","No","1","ASN2"
"YGR125W","Saccharomyces cerevisiae S288C","BK006941:742,325..745,435(+)","hypothetical protein","No","1","VSB1"
"YGR127W","Saccharomyces cerevisiae S288C","BK006941:746,798..747,736(+)","hypothetical protein","No","1","N/A"
"YGR128C","Saccharomyces cerevisiae S288C","BK006941:747,950..750,091(-)","Utp8p","No","1","UTP8"
"YGR129W","Saccharomyces cerevisiae S288C","BK006941:750,400..751,047(+)","Syf2p","No","1","SYF2"
"YGR130C","Saccharomyces cerevisiae S288C","BK006941:751,394..753,844(-)","hypothetical protein","No","1","N/A"
"YGR131W","Saccharomyces cerevisiae S288C","BK006941:754,726..755,250(+)","Fhn1p","No","1","FHN1"
"YGR132C","Saccharomyces cerevisiae S288C","BK006941:755,589..756,452(-)","prohibitin subunit PHB1","No","1","PHB1"
"YGR133W","Saccharomyces cerevisiae S288C","BK006941:756,896..757,447(+)","E2 ubiquitin-protein ligase peroxin 4","No","1","PEX4"
"YGR134W","Saccharomyces cerevisiae S288C","BK006941:757,770..761,138(+)","CCR4-NOT core subunit CAF130","No","1","CAF130"
"YGR135W","Saccharomyces cerevisiae S288C","BK006941:761,392..762,168(+)","proteasome core particle subunit alpha 3","No","1","PRE9"
"YGR136W","Saccharomyces cerevisiae S288C","BK006941:762,428..763,153(+)","Lsb1p","No","1","LSB1"
"YGR138C","Saccharomyces cerevisiae S288C","BK006941:763,762..765,606(-)","spermine transporter","No","1","TPO2"
"YGR140W","Saccharomyces cerevisiae S288C","BK006941:767,429..770,299(+)","Cbf2p","No","1","CBF2"
"YGR141W","Saccharomyces cerevisiae S288C","BK006941:770,569..771,972(+)","Vps62p","No","1","VPS62"
"YGR142W","Saccharomyces cerevisiae S288C","BK006941:772,454..773,686(+)","Btn2p","No","1","BTN2"
"YGR143W","Saccharomyces cerevisiae S288C","BK006941:775,193..777,508(+)","beta-glucan synthesis-associated protein SKN1","No","1","SKN1"
"YGR144W","Saccharomyces cerevisiae S288C","BK006941:780,399..781,379(+)","thiamine thiazole synthase","No","1","THI4"
"YGR145W","Saccharomyces cerevisiae S288C","BK006941:781,767..783,890(+)","ribosome biosynthesis protein ENP2","No","1","ENP2"
"YGR146C-A","Saccharomyces cerevisiae S288C","BK006941:785,276..785,437(-)","hypothetical protein","No","1","N/A"
"YGR146C","Saccharomyces cerevisiae S288C","BK006941:784,223..784,858(-)","Ecl1p","No","1","ECL1"
"YGR147C","Saccharomyces cerevisiae S288C","BK006941:786,054..786,920(-)","Nat2p","No","1","NAT2"
"YGR148C","Saccharomyces cerevisiae S288C","BK006941:787,312..787,779(-)","ribosomal 60S subunit protein L24B","No","1","RPL24B"
"YGR149W","Saccharomyces cerevisiae S288C","BK006941:789,031..790,329(+)","hypothetical protein","No","1","GPC1"
"YGR150C","Saccharomyces cerevisiae S288C","BK006941:790,459..793,053(-)","Ccm1p","No","1","CCM1"
"YGR152C","Saccharomyces cerevisiae S288C","BK006941:794,674..795,492(-)","Ras family GTPase RSR1","No","1","RSR1"
"YGR153W","Saccharomyces cerevisiae S288C","BK006941:796,092..796,745(+)","hypothetical protein","No","1","N/A"
"YGR154C","Saccharomyces cerevisiae S288C","BK006941:796,798..797,868(-)","omega-class glutathione transferase","No","1","GTO1"
"YGR155W","Saccharomyces cerevisiae S288C","BK006941:798,543..800,066(+)","cystathionine beta-synthase CYS4","No","1","CYS4"
"YGR156W","Saccharomyces cerevisiae S288C","BK006941:800,546..801,823(+)","cleavage polyadenylation factor subunit PTI1","No","1","PTI1"
"YGR157W","Saccharomyces cerevisiae S288C","BK006941:802,440..805,049(+)","phosphatidylethanolamine N-methyltransferase","No","1","CHO2"
"YGR158C","Saccharomyces cerevisiae S288C","BK006941:805,269..806,021(-)","exosome non-catalytic core subunit MTR3","No","1","MTR3"
"YGR159C","Saccharomyces cerevisiae S288C","BK006941:806,412..807,656(-)","Nsr1p","No","1","NSR1"
"YGR161C-C","Saccharomyces cerevisiae S288C","BK006941:821,693..823,015(-)","gag protein","No","1","TY1A-LR1"
"YGR161C-D","Saccharomyces cerevisiae S288C","BK006941:817,747..823,015(-)","gag-pol fusion protein","No","1","TY1B-GR3"
"YGR161C","Saccharomyces cerevisiae S288C","BK006941:808,629..809,420(-)","Rts3p","No","1","RTS3"
"YGR161W-A","Saccharomyces cerevisiae S288C","BK006941:811,738..813,054(+)","gag protein","No","1","TY2A-F"
"YGR161W-B","Saccharomyces cerevisiae S288C","BK006941:811,738..817,051(+)","gag-pol fusion protein","No","1","TY2B-GR2"
"YGR161W-C","Saccharomyces cerevisiae S288C","BK006941:810,227..810,505(+)","hypothetical protein","No","1","N/A"
"YGR162W","Saccharomyces cerevisiae S288C","BK006941:824,059..826,917(+)","translation initiation factor eIF4G","No","1","TIF4631"
"YGR163W","Saccharomyces cerevisiae S288C","BK006941:827,552..828,577(+)","Gtr2p","No","1","GTR2"
"YGR165W","Saccharomyces cerevisiae S288C","BK006941:829,116..830,153(+)","mitochondrial 37S ribosomal protein MRPS35","No","1","MRPS35"
"YGR166W","Saccharomyces cerevisiae S288C","BK006941:830,515..832,197(+)","Trs65p","No","1","TRS65"
"YGR167W","Saccharomyces cerevisiae S288C","BK006941:832,456..833,157(+)","Clc1p","No","1","CLC1"
"YGR168C","Saccharomyces cerevisiae S288C","BK006941:833,352..834,482(-)","hypothetical protein","No","1","PEX35"
"YGR169C-A","Saccharomyces cerevisiae S288C","BK006941:836,387..836,665(-)","Lso2p","No","1","LSO2"
"YGR169C","Saccharomyces cerevisiae S288C","BK006941:834,689..835,903(-)","pseudouridine synthase PUS6","No","1","PUS6"
"YGR170W","Saccharomyces cerevisiae S288C","BK006941:837,142..840,558(+)","phosphatidylserine decarboxylase 2","No","1","PSD2"
"YGR171C","Saccharomyces cerevisiae S288C","BK006941:840,824..842,551(-)","methionine--tRNA ligase MSM1","No","1","MSM1"
"YGR172C","Saccharomyces cerevisiae S288C","BK006941:842,845..843,591(-)","transporter YIP1","No","1","YIP1"
"YGR173W","Saccharomyces cerevisiae S288C","BK006941:843,854..844,960(+)","Rbg2p","No","1","RBG2"
"YGR174C","Saccharomyces cerevisiae S288C","BK006941:845,893..846,405(-)","Cbp4p","No","1","CBP4"
"YGR174W-A","Saccharomyces cerevisiae S288C","BK006941:846,655..846,741(+)","hypothetical protein","No","1","N/A"
"YGR175C","Saccharomyces cerevisiae S288C","BK006941:846,933..848,423(-)","squalene monooxygenase","No","1","ERG1"
"YGR177C","Saccharomyces cerevisiae S288C","BK006941:848,829..850,436(-)","alcohol O-acetyltransferase","No","1","ATF2"
"YGR178C","Saccharomyces cerevisiae S288C","BK006941:851,047..853,215(-)","Pbp1p","No","1","PBP1"
"YGR179C","Saccharomyces cerevisiae S288C","BK006941:853,675..854,895(-)","Okp1p","No","1","OKP1"
"YGR180C","Saccharomyces cerevisiae S288C","BK006941:855,264..856,301(-)","ribonucleotide-diphosphate reductase subunit RNR4","No","1","RNR4"
"YGR181W","Saccharomyces cerevisiae S288C","BK006941:858,287..858,604(+)","protein translocase subunit TIM13","No","1","TIM13"
"YGR183C","Saccharomyces cerevisiae S288C","BK006941:859,063..859,476(-)","ubiquinol--cytochrome-c reductase subunit 9","No","1","QCR9"
"YGR184C","Saccharomyces cerevisiae S288C","BK006941:859,901..865,753(-)","E3 ubiquitin-protein ligase UBR1","No","1","UBR1"
"YGR185C","Saccharomyces cerevisiae S288C","BK006941:866,336..867,520(-)","tyrosine--tRNA ligase TYS1","No","1","TYS1"
"YGR186W","Saccharomyces cerevisiae S288C","BK006941:867,774..869,981(+)","transcription factor IIF subunit TFG1","No","1","TFG1"
"YGR187C","Saccharomyces cerevisiae S288C","BK006941:870,232..871,416(-)","Hgh1p","No","1","HGH1"
"YGR188C","Saccharomyces cerevisiae S288C","BK006941:872,044..875,109(-)","protein kinase BUB1","No","1","BUB1"
"YGR189C","Saccharomyces cerevisiae S288C","BK006941:876,669..878,192(-)","transglycosylase","No","1","CRH1"
"YGR191W","Saccharomyces cerevisiae S288C","BK006941:880,420..882,231(+)","histidine permease","No","1","HIP1"
"YGR192C","Saccharomyces cerevisiae S288C","BK006941:882,812..883,810(-)","glyceraldehyde-3-phosphate dehydrogenase (phosphorylating) TDH3","No","1","TDH3"
"YGR193C","Saccharomyces cerevisiae S288C","BK006941:884,509..885,741(-)","Pdx1p","No","1","PDX1"
"YGR194C","Saccharomyces cerevisiae S288C","BK006941:886,073..887,875(-)","xylulokinase","No","1","XKS1"
"YGR195W","Saccharomyces cerevisiae S288C","BK006941:888,882..889,622(+)","exosome non-catalytic core subunit SKI6","No","1","SKI6"
"YGR196C","Saccharomyces cerevisiae S288C","BK006941:889,733..892,186(-)","Fyv8p","No","1","FYV8"
"YGR197C","Saccharomyces cerevisiae S288C","BK006941:892,497..894,140(-)","Sng1p","No","1","SNG1"
"YGR198W","Saccharomyces cerevisiae S288C","BK006941:894,693..897,146(+)","Ypp1p","No","1","YPP1"
"YGR199W","Saccharomyces cerevisiae S288C","BK006941:897,502..899,781(+)","dolichyl-phosphate-mannose-protein mannosyltransferase PMT6","No","1","PMT6"
"YGR200C","Saccharomyces cerevisiae S288C","BK006941:899,904..902,270(-)","Elongator subunit ELP2","No","1","ELP2"
"YGR201C","Saccharomyces cerevisiae S288C","BK006941:902,520..903,197(-)","hypothetical protein","No","1","N/A"
"YGR202C","Saccharomyces cerevisiae S288C","BK006941:903,474..904,748(-)","choline-phosphate cytidylyltransferase","No","1","PCT1"
"YGR203W","Saccharomyces cerevisiae S288C","BK006941:905,237..905,683(+)","phosphatase YCH1","No","1","YCH1"
"YGR204C-A","Saccharomyces cerevisiae S288C","BK006941:909,061..909,174(-)","hypothetical protein","No","1","N/A"
"YGR204W","Saccharomyces cerevisiae S288C","BK006941:905,934..908,774(+)","trifunctional formate-tetrahydrofolate ligase/methenyltetrahydrofolate cyclohydrolase/methylenetetrahydrofolate dehydrogenase ADE3","No","1","ADE3"
"YGR205W","Saccharomyces cerevisiae S288C","BK006941:909,213..910,085(+)","putative ATP-dependent kinase","No","1","TDA10"
"YGR206W","Saccharomyces cerevisiae S288C","BK006941:910,432..910,737(+)","ubiquitin-binding ESCRT-I subunit protein MVB12","No","1","MVB12"
"YGR207C","Saccharomyces cerevisiae S288C","BK006941:910,843..911,628(-)","Cir1p","No","1","CIR1"
"YGR208W","Saccharomyces cerevisiae S288C","BK006941:911,883..912,812(+)","phosphoserine phosphatase","No","1","SER2"
"YGR209C","Saccharomyces cerevisiae S288C","BK006941:912,913..913,227(-)","thioredoxin TRX2","No","1","TRX2"
"YGR210C","Saccharomyces cerevisiae S288C","BK006941:913,503..914,738(-)","hypothetical protein","No","1","N/A"
"YGR211W","Saccharomyces cerevisiae S288C","BK006941:915,241..916,701(+)","zinc finger-containing protein ZPR1","No","1","ZPR1"
"YGR212W","Saccharomyces cerevisiae S288C","BK006941:917,040..918,446(+)","N-acetyltransferase","No","1","SLI1"
"YGR213C","Saccharomyces cerevisiae S288C","BK006941:918,512..919,465(-)","Rta1p","No","1","RTA1"
"YGR214W","Saccharomyces cerevisiae S288C","BK006941:920,575..921,788(+)","ribosomal 40S subunit protein S0A","No","1","RPS0A"
"YGR215W","Saccharomyces cerevisiae S288C","BK006941:922,175..922,507(+)","mitochondrial 37S ribosomal protein RSM27","No","1","RSM27"
"YGR216C","Saccharomyces cerevisiae S288C","BK006941:922,633..924,462(-)","phosphatidylinositol N-acetylglucosaminyltransferase","No","1","GPI1"
"YGR217W","Saccharomyces cerevisiae S288C","BK006941:924,696..930,815(+)","Cch1p","No","1","CCH1"
"YGR218W","Saccharomyces cerevisiae S288C","BK006941:932,541..935,795(+)","exportin CRM1","No","1","CRM1"
"YGR220C","Saccharomyces cerevisiae S288C","BK006941:936,074..936,883(-)","mitochondrial 54S ribosomal protein YmL9","No","1","MRPL9"
"YGR221C","Saccharomyces cerevisiae S288C","BK006941:937,124..938,992(-)","Tos2p","No","1","TOS2"
"YGR222W","Saccharomyces cerevisiae S288C","BK006941:939,923..940,804(+)","Pet54p","No","1","PET54"
"YGR223C","Saccharomyces cerevisiae S288C","BK006941:940,869..942,215(-)","Hsv2p","No","1","HSV2"
"YGR224W","Saccharomyces cerevisiae S288C","BK006941:942,806..944,647(+)","azole transporter","No","1","AZR1"
"YGR225W","Saccharomyces cerevisiae S288C","BK006941:945,145..947,019(+)","Ama1p","No","1","AMA1"
"YGR227W","Saccharomyces cerevisiae S288C","BK006941:947,420..948,997(+)","dolichyl-P-Glc:Glc(2)Man(9)GlcNAc(2)-PP-dolichol alpha-1,2- glucosyltransferase","No","1","DIE2"
"YGR229C","Saccharomyces cerevisiae S288C","BK006941:949,382..950,899(-)","Smi1p","No","1","SMI1"
"YGR230W","Saccharomyces cerevisiae S288C","BK006941:951,894..952,307(+)","Bns1p","No","1","BNS1"
"YGR233C","Saccharomyces cerevisiae S288C","BK006941:954,674..958,210(-)","Pho81p","No","1","PHO81"
"YGR231C","Saccharomyces cerevisiae S288C","BK006941:952,548..953,480(-)","prohibitin subunit PHB2","No","1","PHB2"
"YGR232W","Saccharomyces cerevisiae S288C","BK006941:953,960..954,646(+)","Nas6p","No","1","NAS6"
"YGR234W","Saccharomyces cerevisiae S288C","BK006941:959,904..961,103(+)","Yhb1p","No","1","YHB1"
"YGR235C","Saccharomyces cerevisiae S288C","BK006941:961,360..962,061(-)","Mic26p","No","1","MIC26"
"YGR236C","Saccharomyces cerevisiae S288C","BK006941:962,530..962,817(-)","Spg1p","No","1","SPG1"
"YGR237C","Saccharomyces cerevisiae S288C","BK006941:963,298..965,655(-)","hypothetical protein","No","1","N/A"
"YGR238C","Saccharomyces cerevisiae S288C","BK006941:966,039..968,687(-)","Kel2p","No","1","KEL2"
"YGR239C","Saccharomyces cerevisiae S288C","BK006941:969,187..970,053(-)","Pex21p","No","1","PEX21"
"YGR240C-A","Saccharomyces cerevisiae S288C","BK006941:974,577..974,777(-)","hypothetical protein","No","1","N/A"
"YGR240C","Saccharomyces cerevisiae S288C","BK006941:970,771..973,734(-)","6-phosphofructokinase subunit alpha","No","1","PFK1"
"YGR241C","Saccharomyces cerevisiae S288C","BK006941:974,875..976,581(-)","Yap1802p","No","1","YAP1802"
"YGR243W","Saccharomyces cerevisiae S288C","BK006941:977,336..977,776(+)","mitochondrial pyruvate carrier","No","1","MPC3"
"YGR244C","Saccharomyces cerevisiae S288C","BK006941:978,036..979,319(-)","succinate--CoA ligase (GDP-forming) subunit beta","No","1","LSC2"
"YGR245C","Saccharomyces cerevisiae S288C","BK006941:979,765..982,068(-)","Sda1p","No","1","SDA1"
"YGR246C","Saccharomyces cerevisiae S288C","BK006941:982,482..984,272(-)","transcription factor TFIIIB subunit BRF1","No","1","BRF1"
"YGR247W","Saccharomyces cerevisiae S288C","BK006941:984,966..985,685(+)","2',3'-cyclic-nucleotide 3'-phosphodiesterase","No","1","CPD1"
"YGR248W","Saccharomyces cerevisiae S288C","BK006941:985,972..986,739(+)","6-phosphogluconolactonase SOL4","No","1","SOL4"
"YGR249W","Saccharomyces cerevisiae S288C","BK006941:988,049..989,419(+)","Mga1p","No","1","MGA1"
"YGR250C","Saccharomyces cerevisiae S288C","BK006941:991,176..993,521(-)","hypothetical protein","No","1","RIE1"
"YGR251W","Saccharomyces cerevisiae S288C","BK006941:995,639..996,229(+)","Nop19p","No","1","NOP19"
"YGR252W","Saccharomyces cerevisiae S288C","BK006941:996,869..998,188(+)","histone acetyltransferase GCN5","No","1","GCN5"
"YGR253C","Saccharomyces cerevisiae S288C","BK006941:998,358..999,140(-)","proteasome core particle subunit alpha 5","No","1","PUP2"
"YGR254W","Saccharomyces cerevisiae S288C","BK006941:1,000,927..1,002,240(+)","phosphopyruvate hydratase ENO1","No","1","ENO1"
"YGR255C","Saccharomyces cerevisiae S288C","BK006941:1,002,523..1,003,962(-)","putative N,N-dimethylaniline monooxygenase COQ6","No","1","COQ6"
"YGR256W","Saccharomyces cerevisiae S288C","BK006941:1,004,624..1,006,102(+)","phosphogluconate dehydrogenase (decarboxylating) GND2","No","1","GND2"
"YGR257C","Saccharomyces cerevisiae S288C","BK006941:1,006,205..1,007,305(-)","Mtm1p","No","1","MTM1"
"YGR258C","Saccharomyces cerevisiae S288C","BK006941:1,007,671..1,010,766(-)","ssDNA endodeoxyribonuclease RAD2","No","1","RAD2"
"YGR260W","Saccharomyces cerevisiae S288C","BK006941:1,012,485..1,014,089(+)","Tna1p","No","1","TNA1"
"YGR261C","Saccharomyces cerevisiae S288C","BK006941:1,014,321..1,016,750(-)","Apl6p","No","1","APL6"
"YGR262C","Saccharomyces cerevisiae S288C","BK006941:1,016,974..1,017,759(-)","serine/threonine protein kinase BUD32","No","1","BUD32"
"YGR263C","Saccharomyces cerevisiae S288C","BK006941:1,017,967..1,019,241(-)","steryl deacetylase","No","1","SAY1"
"YGR264C","Saccharomyces cerevisiae S288C","BK006941:1,019,598..1,021,853(-)","methionine--tRNA ligase MES1","No","1","MES1"
"YGR266W","Saccharomyces cerevisiae S288C","BK006941:1,022,656..1,024,761(+)","hypothetical protein","No","1","N/A"
"YGR267C","Saccharomyces cerevisiae S288C","BK006941:1,025,004..1,025,735(-)","GTP cyclohydrolase I","No","1","FOL2"
"YGR268C","Saccharomyces cerevisiae S288C","BK006941:1,026,057..1,026,653(-)","Hua1p","No","1","HUA1"
"YGR270W","Saccharomyces cerevisiae S288C","BK006941:1,027,370..1,031,509(+)","Yta7p","No","1","YTA7"
"YGR271C-A","Saccharomyces cerevisiae S288C","BK006941:1,037,800..1,038,501(-)","Efg1p","No","1","EFG1"
"YGR271W","Saccharomyces cerevisiae S288C","BK006941:1,031,791..1,037,694(+)","putative RNA helicase","No","1","SLH1"
"YGR273C","Saccharomyces cerevisiae S288C","BK006941:1,038,715..1,039,239(-)","hypothetical protein","No","1","N/A"
"YGR274C","Saccharomyces cerevisiae S288C","BK006941:1,039,895..1,043,095(-)","Taf1p","No","1","TAF1"
"YGR275W","Saccharomyces cerevisiae S288C","BK006941:1,043,276..1,043,749(+)","Rtt102p","No","1","RTT102"
"YGR276C","Saccharomyces cerevisiae S288C","BK006941:1,043,819..1,045,480(-)","Rnh70p","No","1","RNH70"
"YGR277C","Saccharomyces cerevisiae S288C","BK006941:1,045,644..1,046,561(-)","putative pantetheine-phosphate adenylyltransferase","No","1","CAB4"
"YGR278W","Saccharomyces cerevisiae S288C","BK006941:1,046,731..1,048,464(+)","U2-type spliceosomal complex subunit CWC22","No","1","CWC22"
"YGR279C","Saccharomyces cerevisiae S288C","BK006941:1,048,798..1,049,958(-)","putative family 17 glucosidase","No","1","SCW4"
"YGR280C","Saccharomyces cerevisiae S288C","BK006941:1,050,910..1,051,725(-)","telomerase inhibitor","No","1","PXR1"
"YGR281W","Saccharomyces cerevisiae S288C","BK006941:1,052,824..1,057,257(+)","ATP-binding cassette transporter YOR1","No","1","YOR1"
"YGR282C","Saccharomyces cerevisiae S288C","BK006941:1,057,783..1,058,724(-)","glucan 1,3-beta-glucosidase","No","1","BGL2"
"YGR283C","Saccharomyces cerevisiae S288C","BK006941:1,059,015..1,060,040(-)","putative methyltransferase","No","1","N/A"
"YGR284C","Saccharomyces cerevisiae S288C","BK006941:1,060,658..1,061,590(-)","Erv29p","No","1","ERV29"
"YGR285C","Saccharomyces cerevisiae S288C","BK006941:1,061,852..1,063,153(-)","zuotin","No","1","ZUO1"
"YGR286C","Saccharomyces cerevisiae S288C","BK006941:1,063,813..1,064,940(-)","biotin synthase","No","1","BIO2"
"YGR287C","Saccharomyces cerevisiae S288C","BK006941:1,067,222..1,068,991(-)","oligo-1,6-glucosidase IMA1","No","1","IMA1"
"YGR288W","Saccharomyces cerevisiae S288C","BK006941:1,070,293..1,071,714(+)","transcription factor MAL13","No","1","MAL13"
"YGR289C","Saccharomyces cerevisiae S288C","BK006941:1,073,963..1,075,813(-)","alpha-glucoside permease","No","1","MAL11"
"YGR292W","Saccharomyces cerevisiae S288C","BK006941:1,076,599..1,078,353(+)","alpha-glucosidase MAL12","No","1","MAL12"
"YGR294W","Saccharomyces cerevisiae S288C","BK006941:1,080,306..1,080,668(+)","seripauperin PAU12","No","1","PAU12"
"YGR295C","Saccharomyces cerevisiae S288C","BK006941:1,081,584..1,082,729(-)","Cos6p","No","1","COS6"
"YGR296W","Saccharomyces cerevisiae S288C","BK006941:1,084,864..1,090,591(+)","Y' element ATP-dependent helicase protein 1 copy 3","No","1","YRF1-3"
"YHL001W","Saccharomyces cerevisiae S288C","BK006934:104,277..105,091(+)","ribosomal 60S subunit protein L14B","No","1","RPL14B"
"YHL002W","Saccharomyces cerevisiae S288C","BK006934:102,612..103,970(+)","ESCRT-0 subunit protein HSE1","No","1","HSE1"
"YHL003C","Saccharomyces cerevisiae S288C","BK006934:100,648..101,883(-)","sphingosine N-acyltransferase LAG1","No","1","LAG1"
"YHL004W","Saccharomyces cerevisiae S288C","BK006934:99,219..100,403(+)","mitochondrial 37S ribosomal protein MRP4","No","1","MRP4"
"YHL006C","Saccharomyces cerevisiae S288C","BK006934:98,343..98,795(-)","Shu1p","No","1","SHU1"
"YHL007C","Saccharomyces cerevisiae S288C","BK006934:95,118..97,937(-)","mitogen-activated protein kinase kinase kinase kinase STE20","No","1","STE20"
"YHL008C","Saccharomyces cerevisiae S288C","BK006934:92,627..94,510(-)","hypothetical protein","No","1","N/A"
"YHL009C","Saccharomyces cerevisiae S288C","BK006934:84,068..85,060(-)","Yap3p","No","1","YAP3"
"YHL009W-A","Saccharomyces cerevisiae S288C","BK006934:85,909..87,150(+)","gag protein","No","1","TY4A-H"
"YHL009W-B","Saccharomyces cerevisiae S288C","BK006934:85,909..91,318(+)","gag-pol fusion protein","No","1","TY4B-H"
"YHL010C","Saccharomyces cerevisiae S288C","BK006934:81,964..83,721(-)","Etp1p","No","1","ETP1"
"YHL011C","Saccharomyces cerevisiae S288C","BK006934:80,654..81,616(-)","ribose phosphate diphosphokinase subunit PRS3","No","1","PRS3"
"YHL012W","Saccharomyces cerevisiae S288C","BK006934:78,936..80,417(+)","UTP--glucose-1-phosphate uridylyltransferase","No","1","N/A"
"YHL013C","Saccharomyces cerevisiae S288C","BK006934:77,430..78,353(-)","Otu2p","No","1","OTU2"
"YHL014C","Saccharomyces cerevisiae S288C","BK006934:76,097..77,314(-)","Ylf2p","No","1","YLF2"
"YHL015W-A","Saccharomyces cerevisiae S288C","BK006934:74,699..74,782(+)","hypothetical protein","No","1","N/A"
"YHL015W","Saccharomyces cerevisiae S288C","BK006934:75,412..75,777(+)","ribosomal 40S subunit protein S20","No","1","RPS20"
"YHL016C","Saccharomyces cerevisiae S288C","BK006934:72,037..74,244(-)","Dur3p","No","1","DUR3"
"YHL017W","Saccharomyces cerevisiae S288C","BK006934:70,276..71,874(+)","hypothetical protein","No","1","N/A"
"YHL018W","Saccharomyces cerevisiae S288C","BK006934:69,708..70,070(+)","4a-hydroxytetrahydrobiopterin dehydratase","No","1","MCO14"
"YHL019C","Saccharomyces cerevisiae S288C","BK006934:67,731..69,548(-)","Apm2p","No","1","APM2"
"YHL020C","Saccharomyces cerevisiae S288C","BK006934:66,242..67,456(-)","transcriptional regulator OPI1","No","1","OPI1"
"YHL021C","Saccharomyces cerevisiae S288C","BK006934:64,462..65,859(-)","Aim17p","No","1","AIM17"
"YHL022C","Saccharomyces cerevisiae S288C","BK006934:62,961..64,157(-)","Spo11p","No","1","SPO11"
"YHL023C","Saccharomyces cerevisiae S288C","BK006934:59,123..62,563(-)","Npr3p","No","1","NPR3"
"YHL024W","Saccharomyces cerevisiae S288C","BK006934:56,649..58,790(+)","Rim4p","No","1","RIM4"
"YHL025W","Saccharomyces cerevisiae S288C","BK006934:54,851..55,849(+)","Snf6p","No","1","SNF6"
"YHL026C","Saccharomyces cerevisiae S288C","BK006934:53,219..54,166(-)","hypothetical protein","No","1","N/A"
"YHL027W","Saccharomyces cerevisiae S288C","BK006934:51,111..52,988(+)","alkaline-responsive transcriptional regulator RIM101","No","1","RIM101"
"YHL028W","Saccharomyces cerevisiae S288C","BK006934:48,763..50,580(+)","Wsc4p","No","1","WSC4"
"YHL029C","Saccharomyces cerevisiae S288C","BK006934:45,929..47,968(-)","Oca5p","No","1","OCA5"
"YHL030W","Saccharomyces cerevisiae S288C","BK006934:40,084..45,690(+)","Ecm29p","No","1","ECM29"
"YHL031C","Saccharomyces cerevisiae S288C","BK006934:38,815..39,486(-)","Gos1p","No","1","GOS1"
"YHL032C","Saccharomyces cerevisiae S288C","BK006934:36,379..38,508(-)","glycerol kinase","No","1","GUT1"
"YHL033C","Saccharomyces cerevisiae S288C","BK006934:35,255..36,025(-)","ribosomal 60S subunit protein L8A","No","1","RPL8A"
"YHL034C","Saccharomyces cerevisiae S288C","BK006934:33,193..34,077(-)","Sbp1p","No","1","SBP1"
"YHL035C","Saccharomyces cerevisiae S288C","BK006934:27,978..32,756(-)","putative ATP-binding cassette multidrug transporter VMR1","No","1","VMR1"
"YHL036W","Saccharomyces cerevisiae S288C","BK006934:26,241..27,881(+)","Mup3p","No","1","MUP3"
"YHL038C","Saccharomyces cerevisiae S288C","BK006934:23,617..25,509(-)","Cbp2p","No","1","CBP2"
"YHL039W","Saccharomyces cerevisiae S288C","BK006934:21,783..23,540(+)","protein-lysine N-methyltransferase","No","1","EFM1"
"YHL040C","Saccharomyces cerevisiae S288C","BK006934:19,088..20,971(-)","siderophore transporter","No","1","ARN1"
"YHL042W","Saccharomyces cerevisiae S288C","BK006934:15,667..16,119(+)","hypothetical protein","No","1","N/A"
"YHL043W","Saccharomyces cerevisiae S288C","BK006934:14,901..15,413(+)","Ecm34p","No","1","ECM34"
"YHL044W","Saccharomyces cerevisiae S288C","BK006934:13,565..14,272(+)","DUP240 family protein","No","1","N/A"
"YHL048C-A","Saccharomyces cerevisiae S288C","BK006934:5,663..5,797(-)","hypothetical protein","No","1","N/A"
"YHL046C","Saccharomyces cerevisiae S288C","BK006934:11,923..12,285(-)","seripauperin PAU13","No","1","PAU13"
"YHL047C","Saccharomyces cerevisiae S288C","BK006934:8,351..10,213(-)","siderophore transporter","No","1","ARN2"
"YHL048W","Saccharomyces cerevisiae S288C","BK006934:6,401..7,546(+)","Cos8p","No","1","COS8"
"YHL049C","Saccharomyces cerevisiae S288C","BK006934:3,726..4,541(-)","hypothetical protein","No","1","N/A"
"YHL050C","Saccharomyces cerevisiae S288C","BK006934:445..3,311(-)","hypothetical protein","No","1","N/A"
"YHR001W-A","Saccharomyces cerevisiae S288C","BK006934:107,826..108,122(+)","ubiquinol--cytochrome-c reductase subunit 10","No","1","QCR10"
"YHR001W","Saccharomyces cerevisiae S288C","BK006934:106,055..107,368(+)","oxysterol-binding protein related protein OSH7","No","1","OSH7"
"YHR002W","Saccharomyces cerevisiae S288C","BK006934:108,812..109,885(+)","coenzyme A transporter","No","1","LEU5"
"YHR003C","Saccharomyces cerevisiae S288C","BK006934:110,028..111,317(-)","tRNA threonylcarbamoyladenosine dehydratase","No","1","TCD1"
"YHR004C","Saccharomyces cerevisiae S288C","BK006934:111,754..113,094(-)","Nem1-Spo7 phosphatase catalytic subunit NEM1","No","1","NEM1"
"YHR005C-A","Saccharomyces cerevisiae S288C","BK006934:115,620..115,901(-)","protein transporter TIM10","No","1","TIM10"
"YHR005C","Saccharomyces cerevisiae S288C","BK006934:113,499..114,917(-)","guanine nucleotide-binding protein subunit alpha","No","1","GPA1"
"YHR006W","Saccharomyces cerevisiae S288C","BK006934:117,814..119,439(+)","Stp2p","No","1","STP2"
"YHR007C-A","Saccharomyces cerevisiae S288C","BK006934:122,550..122,765(-)","hypothetical protein","No","1","N/A"
"YHR007C","Saccharomyces cerevisiae S288C","BK006934:120,091..121,683(-)","sterol 14-demethylase","No","1","ERG11"
"YHR008C","Saccharomyces cerevisiae S288C","BK006934:122,889..123,590(-)","superoxide dismutase SOD2","No","1","SOD2"
"YHR009C","Saccharomyces cerevisiae S288C","BK006934:124,109..125,680(-)","Tda3p","No","1","TDA3"
"YHR010W","Saccharomyces cerevisiae S288C","BK006934:126,521..127,492(+)","ribosomal 60S subunit protein L27A","No","1","RPL27A"
"YHR011W","Saccharomyces cerevisiae S288C","BK006934:127,780..129,120(+)","putative serine--tRNA ligase DIA4","No","1","DIA4"
"YHR012W","Saccharomyces cerevisiae S288C","BK006934:129,481..130,448(+)","retromer subunit VPS29","No","1","VPS29"
"YHR013C","Saccharomyces cerevisiae S288C","BK006934:130,730..131,446(-)","peptide alpha-N-acetyltransferase complex A subunit ARD1","No","1","ARD1"
"YHR014W","Saccharomyces cerevisiae S288C","BK006934:132,047..132,922(+)","Spo13p","No","1","SPO13"
"YHR015W","Saccharomyces cerevisiae S288C","BK006934:134,554..136,533(+)","Mip6p","No","1","MIP6"
"YHR016C","Saccharomyces cerevisiae S288C","BK006934:136,881..138,455(-)","Ysc84p","No","1","YSC84"
"YHR017W","Saccharomyces cerevisiae S288C","BK006934:138,694..139,851(+)","Ysc83p","No","1","YSC83"
"YHR018C","Saccharomyces cerevisiae S288C","BK006934:140,011..141,402(-)","argininosuccinate lyase ARG4","No","1","ARG4"
"YHR019C","Saccharomyces cerevisiae S288C","BK006934:141,894..143,558(-)","asparagine--tRNA ligase DED81","No","1","DED81"
"YHR020W","Saccharomyces cerevisiae S288C","BK006934:143,996..146,062(+)","proline--tRNA ligase","No","1","N/A"
"YHR021C","Saccharomyces cerevisiae S288C","BK006934:147,871..148,669(-)","ribosomal 40S subunit protein S27B","No","1","RPS27B"
"YHR021W-A","Saccharomyces cerevisiae S288C","BK006934:149,225..149,680(+)","Ecm12p","No","1","ECM12"
"YHR022C-A","Saccharomyces cerevisiae S288C","BK006934:151,217..151,306(-)","hypothetical protein","No","1","N/A"
"YHR022C","Saccharomyces cerevisiae S288C","BK006934:149,575..150,345(-)","hypothetical protein","No","1","N/A"
"YHR023W","Saccharomyces cerevisiae S288C","BK006934:151,666..157,452(+)","myosin 1","No","1","MYO1"
"YHR024C","Saccharomyces cerevisiae S288C","BK006934:157,744..159,192(-)","mitochondrial-processing protease subunit alpha","No","1","MAS2"
"YHR025W","Saccharomyces cerevisiae S288C","BK006934:159,438..160,511(+)","homoserine kinase","No","1","THR1"
"YHR026W","Saccharomyces cerevisiae S288C","BK006934:160,844..161,485(+)","H(+)-transporting V0 sector ATPase subunit c''","No","1","VMA16"
"YHR027C","Saccharomyces cerevisiae S288C","BK006934:161,730..164,711(-)","proteasome regulatory particle base subunit RPN1","No","1","RPN1"
"YHR028C","Saccharomyces cerevisiae S288C","BK006934:164,978..167,434(-)","Dap2p","No","1","DAP2"
"YHR029C","Saccharomyces cerevisiae S288C","BK006934:167,677..168,561(-)","Yhi9p","No","1","YHI9"
"YHR030C","Saccharomyces cerevisiae S288C","BK006934:168,890..170,344(-)","mitogen-activated serine/threonine-protein kinase SLT2","No","1","SLT2"
"YHR031C","Saccharomyces cerevisiae S288C","BK006934:170,799..172,970(-)","Rrm3p","No","1","RRM3"
"YHR032W","Saccharomyces cerevisiae S288C","BK006934:173,344..175,089(+)","Erc1p","No","1","ERC1"
"YHR033W","Saccharomyces cerevisiae S288C","BK006934:175,548..176,819(+)","putative glutamate 5-kinase","No","1","N/A"
"YHR034C","Saccharomyces cerevisiae S288C","BK006934:176,965..177,999(-)","Pih1p","No","1","PIH1"
"YHR035W","Saccharomyces cerevisiae S288C","BK006934:178,219..180,111(+)","Nel1p","No","1","NEL1"
"YHR036W","Saccharomyces cerevisiae S288C","BK006934:180,345..181,760(+)","Brl1p","No","1","BRL1"
"YHR037W","Saccharomyces cerevisiae S288C","BK006934:181,977..183,704(+)","1-pyrroline-5-carboxylate dehydrogenase","No","1","PUT2"
"YHR038W","Saccharomyces cerevisiae S288C","BK006934:184,066..184,758(+)","Rrf1p","No","1","RRF1"
"YHR039C-A","Saccharomyces cerevisiae S288C","BK006934:187,173..187,679(-)","H(+)-transporting V1 sector ATPase subunit G","No","1","VMA10"
"YHR039C","Saccharomyces cerevisiae S288C","BK006934:184,875..186,809(-)","meiotic recombination directing protein","No","1","MSC7"
"YHR040W","Saccharomyces cerevisiae S288C","BK006934:187,924..189,024(+)","Bcd1p","No","1","BCD1"
"YHR041C","Saccharomyces cerevisiae S288C","BK006934:189,131..189,864(-)","Srb2p","No","1","SRB2"
"YHR042W","Saccharomyces cerevisiae S288C","BK006934:190,543..192,618(+)","Ncp1p","No","1","NCP1"
"YHR043C","Saccharomyces cerevisiae S288C","BK006934:192,805..193,545(-)","2-deoxyglucose-6-phosphatase","No","1","DOG2"
"YHR044C","Saccharomyces cerevisiae S288C","BK006934:194,068..194,808(-)","2-deoxyglucose-6-phosphatase","No","1","DOG1"
"YHR045W","Saccharomyces cerevisiae S288C","BK006934:195,551..197,233(+)","hypothetical protein","No","1","N/A"
"YHR046C","Saccharomyces cerevisiae S288C","BK006934:197,398..198,285(-)","inositol monophosphate 1-phosphatase INM1","No","1","INM1"
"YHR047C","Saccharomyces cerevisiae S288C","BK006934:198,740..201,310(-)","arginine/alanine aminopeptidase","No","1","AAP1"
"YHR048W","Saccharomyces cerevisiae S288C","BK006934:204,607..206,151(+)","Yhk8p","No","1","YHK8"
"YHR049W","Saccharomyces cerevisiae S288C","BK006934:206,462..207,193(+)","putative serine hydrolase","No","1","FSH1"
"YHR050W-A","Saccharomyces cerevisiae S288C","BK006934:209,475..209,645(+)","hypothetical protein","No","1","N/A"
"YHR050W","Saccharomyces cerevisiae S288C","BK006934:207,654..209,303(+)","divalent metal ion transporter SMF2","No","1","SMF2"
"YHR051W","Saccharomyces cerevisiae S288C","BK006934:209,705..210,151(+)","cytochrome c oxidase subunit VI","No","1","COX6"
"YHR052W","Saccharomyces cerevisiae S288C","BK006934:210,848..211,978(+)","Cic1p","No","1","CIC1"
"YHR053C","Saccharomyces cerevisiae S288C","BK006934:212,535..212,720(-)","metallothionein CUP1","No","1","CUP1-1"
"YHR054C","Saccharomyces cerevisiae S288C","BK006934:213,185..214,249(-)","hypothetical protein","No","1","N/A"
"YHR055C","Saccharomyces cerevisiae S288C","BK006934:214,533..214,718(-)","metallothionein CUP1","No","1","CUP1-2"
"YHR056C","Saccharomyces cerevisiae S288C","BK006934:215,183..217,834(-)","Rsc30p","No","1","RSC30"
"YHR057C","Saccharomyces cerevisiae S288C","BK006934:218,226..218,843(-)","peptidylprolyl isomerase CPR2","No","1","CPR2"
"YHR058C","Saccharomyces cerevisiae S288C","BK006934:218,997..219,884(-)","mediator complex subunit MED6","No","1","MED6"
"YHR059W","Saccharomyces cerevisiae S288C","BK006934:220,108..220,500(+)","Fyv4p","No","1","FYV4"
"YHR060W","Saccharomyces cerevisiae S288C","BK006934:220,725..221,270(+)","Vma22p","No","1","VMA22"
"YHR061C","Saccharomyces cerevisiae S288C","BK006934:221,534..222,478(-)","Gic1p","No","1","GIC1"
"YHR062C","Saccharomyces cerevisiae S288C","BK006934:222,877..223,758(-)","RNA-binding RNA processing protein RPP1","No","1","RPP1"
"YHR063C","Saccharomyces cerevisiae S288C","BK006934:224,030..225,169(-)","2-dehydropantoate 2-reductase PAN5","No","1","PAN5"
"YHR064C","Saccharomyces cerevisiae S288C","BK006934:225,525..227,141(-)","Ssz1p","No","1","SSZ1"
"YHR065C","Saccharomyces cerevisiae S288C","BK006934:227,532..229,037(-)","RNA-dependent ATPase RRP3","No","1","RRP3"
"YHR066W","Saccharomyces cerevisiae S288C","BK006934:229,335..230,696(+)","rRNA-binding ribosome biosynthesis protein","No","1","SSF1"
"YHR067W","Saccharomyces cerevisiae S288C","BK006934:230,970..231,812(+)","hydroxyacyl-thioester dehydratase HTD2","No","1","HTD2"
"YHR068W","Saccharomyces cerevisiae S288C","BK006934:232,133..233,296(+)","deoxyhypusine synthase","No","1","DYS1"
"YHR069C","Saccharomyces cerevisiae S288C","BK006934:233,579..234,658(-)","exosome non-catalytic core subunit RRP4","No","1","RRP4"
"YHR070W","Saccharomyces cerevisiae S288C","BK006934:234,881..236,380(+)","tRNA (guanine) methyltransferase","No","1","TRM5"
"YHR071W","Saccharomyces cerevisiae S288C","BK006934:237,004..237,693(+)","Pcl5p","No","1","PCL5"
"YHR072W-A","Saccharomyces cerevisiae S288C","BK006934:241,664..241,840(+)","snoRNP complex protein NOP10","No","1","NOP10"
"YHR072W","Saccharomyces cerevisiae S288C","BK006934:239,098..241,293(+)","lanosterol synthase ERG7","No","1","ERG7"
"YHR073W","Saccharomyces cerevisiae S288C","BK006934:242,582..245,572(+)","oxysterol-binding protein related protein OSH3","No","1","OSH3"
"YHR074W","Saccharomyces cerevisiae S288C","BK006934:246,193..248,337(+)","glutamine-dependent NAD(+) synthetase","No","1","QNS1"
"YHR075C","Saccharomyces cerevisiae S288C","BK006934:248,439..249,641(-)","carboxylesterase-mitochondrial 37S ribosomal protein YmS2","No","1","PPE1"
"YHR076W","Saccharomyces cerevisiae S288C","BK006934:251,101..252,225(+)","type 2C protein phosphatase PTC7","No","1","PTC7"
"YHR077C","Saccharomyces cerevisiae S288C","BK006934:252,374..255,756(-)","Nmd2p","No","1","NMD2"
"YHR078W","Saccharomyces cerevisiae S288C","BK006934:256,360..258,018(+)","hypothetical protein","No","1","N/A"
"YHR079C-A","Saccharomyces cerevisiae S288C","BK006934:262,192..262,553(-)","Sae3p","No","1","SAE3"
"YHR079C","Saccharomyces cerevisiae S288C","BK006934:258,244..261,591(-)","bifunctional endoribonuclease/protein kinase IRE1","No","1","IRE1"
"YHR080C","Saccharomyces cerevisiae S288C","BK006934:262,801..266,838(-)","Lam4p","No","1","LAM4"
"YHR081W","Saccharomyces cerevisiae S288C","BK006934:267,538..268,092(+)","Lrp1p","No","1","LRP1"
"YHR082C","Saccharomyces cerevisiae S288C","BK006934:268,459..271,548(-)","putative serine/threonine protein kinase KSP1","No","1","KSP1"
"YHR083W","Saccharomyces cerevisiae S288C","BK006934:272,627..273,616(+)","SAM complex subunit SAM35","No","1","SAM35"
"YHR084W","Saccharomyces cerevisiae S288C","BK006934:274,174..276,240(+)","homeodomain family transcription factor STE12","No","1","STE12"
"YHR085W","Saccharomyces cerevisiae S288C","BK006934:276,764..277,768(+)","Ipi1p","No","1","IPI1"
"YHR086W-A","Saccharomyces cerevisiae S288C","BK006934:280,231..280,392(+)","hypothetical protein","No","1","N/A"
"YHR086W","Saccharomyces cerevisiae S288C","BK006934:278,153..279,724(+)","Nam8p","No","1","NAM8"
"YHR087W","Saccharomyces cerevisiae S288C","BK006934:280,820..281,155(+)","Rtc3p","No","1","RTC3"
"YHR088W","Saccharomyces cerevisiae S288C","BK006934:281,495..282,382(+)","rRNA-binding ribosome biosynthesis protein RPF1","No","1","RPF1"
"YHR089C","Saccharomyces cerevisiae S288C","BK006934:282,681..283,298(-)","H/ACA snoRNP pseudouridylase subunit GAR1","No","1","GAR1"
"YHR092C","Saccharomyces cerevisiae S288C","BK006934:287,081..288,811(-)","hexose transporter HXT4","No","1","HXT4"
"YHR090C","Saccharomyces cerevisiae S288C","BK006934:283,777..284,625(-)","histone acetyltransferase YNG2","No","1","YNG2"
"YHR091C","Saccharomyces cerevisiae S288C","BK006934:284,839..286,770(-)","arginine--tRNA ligase MSR1","No","1","MSR1"
"YHR094C","Saccharomyces cerevisiae S288C","BK006934:290,913..292,625(-)","hexose transporter HXT1","No","1","HXT1"
"YHR096C","Saccharomyces cerevisiae S288C","BK006934:294,669..296,447(-)","hexose transporter HXT5","No","1","HXT5"
"YHR097C","Saccharomyces cerevisiae S288C","BK006934:297,385..298,609(-)","hypothetical protein","No","1","PAL2"
"YHR098C","Saccharomyces cerevisiae S288C","BK006934:299,145..301,934(-)","Sfb3p","No","1","SFB3"
"YHR099W","Saccharomyces cerevisiae S288C","BK006934:302,761..313,995(+)","histone acetyltransferase TRA1","No","1","TRA1"
"YHR100C","Saccharomyces cerevisiae S288C","BK006934:314,116..314,673(-)","phosphatidylglycerophosphatase","No","1","GEP4"
"YHR101C","Saccharomyces cerevisiae S288C","BK006934:314,874..315,968(-)","Big1p","No","1","BIG1"
"YHR102W","Saccharomyces cerevisiae S288C","BK006934:316,572..319,814(+)","putative serine/threonine protein kinase KIC1","No","1","KIC1"
"YHR103W","Saccharomyces cerevisiae S288C","BK006934:320,414..322,972(+)","Sbe22p","No","1","SBE22"
"YHR104W","Saccharomyces cerevisiae S288C","BK006934:323,409..324,392(+)","trifunctional aldehyde reductase/xylose reductase/glucose 1-dehydrogenase (NADP(+))","No","1","GRE3"
"YHR105W","Saccharomyces cerevisiae S288C","BK006934:324,766..325,410(+)","Ypt35p","No","1","YPT35"
"YHR106W","Saccharomyces cerevisiae S288C","BK006934:325,598..326,626(+)","thioredoxin-disulfide reductase TRR2","No","1","TRR2"
"YHR107C","Saccharomyces cerevisiae S288C","BK006934:326,813..328,036(-)","septin CDC12","No","1","CDC12"
"YHR108W","Saccharomyces cerevisiae S288C","BK006934:328,303..330,060(+)","phosphatidylinositol 4-phosphate-binding protein","No","1","GGA2"
"YHR109W","Saccharomyces cerevisiae S288C","BK006934:330,310..332,067(+)","cytochrome c lysine N-methyltransferase","No","1","CTM1"
"YHR110W","Saccharomyces cerevisiae S288C","BK006934:332,282..332,920(+)","Erp5p","No","1","ERP5"
"YHR111W","Saccharomyces cerevisiae S288C","BK006934:333,072..334,394(+)","Uba4p","No","1","UBA4"
"YHR112C","Saccharomyces cerevisiae S288C","BK006934:334,527..335,663(-)","putative cystathionine beta-lyase","No","1","N/A"
"YHR113W","Saccharomyces cerevisiae S288C","BK006934:336,337..337,809(+)","aspartyl aminopeptidase","No","1","APE4"
"YHR114W","Saccharomyces cerevisiae S288C","BK006934:338,083..339,984(+)","Bzz1p","No","1","BZZ1"
"YHR115C","Saccharomyces cerevisiae S288C","BK006934:340,109..341,359(-)","ubiquitin-conjugating protein DMA1","No","1","DMA1"
"YHR116W","Saccharomyces cerevisiae S288C","BK006934:341,665..342,120(+)","Cox23p","No","1","COX23"
"YHR117W","Saccharomyces cerevisiae S288C","BK006934:342,349..344,268(+)","protein channel TOM71","No","1","TOM71"
"YHR118C","Saccharomyces cerevisiae S288C","BK006934:344,321..345,628(-)","origin recognition complex subunit 6","No","1","ORC6"
"YHR119W","Saccharomyces cerevisiae S288C","BK006934:346,043..349,285(+)","histone methyltransferase SET1","No","1","SET1"
"YHR120W","Saccharomyces cerevisiae S288C","BK006934:349,574..352,453(+)","mismatch repair ATPase MSH1","No","1","MSH1"
"YHR121W","Saccharomyces cerevisiae S288C","BK006934:352,756..353,319(+)","Lsm12p","No","1","LSM12"
"YHR122W","Saccharomyces cerevisiae S288C","BK006934:353,625..354,320(+)","iron-sulfur cluster assembly protein CIA2","No","1","CIA2"
"YHR123W","Saccharomyces cerevisiae S288C","BK006934:354,815..356,081(+)","bifunctional diacylglycerol cholinephosphotransferase/ethanolaminephosphotransferase","No","1","EPT1"
"YHR124W","Saccharomyces cerevisiae S288C","BK006934:356,561..358,444(+)","transcription factor NDT80","No","1","NDT80"
"YHR126C","Saccharomyces cerevisiae S288C","BK006934:359,702..360,181(-)","Ans1p","No","1","ANS1"
"YHR127W","Saccharomyces cerevisiae S288C","BK006934:360,913..361,644(+)","hypothetical protein","No","1","N/A"
"YHR128W","Saccharomyces cerevisiae S288C","BK006934:362,115..362,765(+)","uracil phosphoribosyltransferase","No","1","FUR1"
"YHR129C","Saccharomyces cerevisiae S288C","BK006934:362,999..364,153(-)","actin-related protein 1","No","1","ARP1"
"YHR131C","Saccharomyces cerevisiae S288C","BK006934:365,340..367,892(-)","hypothetical protein","No","1","N/A"
"YHR132C","Saccharomyces cerevisiae S288C","BK006934:368,502..369,794(-)","putative metallocarboxypeptidase","No","1","ECM14"
"YHR132W-A","Saccharomyces cerevisiae S288C","BK006934:370,054..370,449(+)","phosphatase regulator","No","1","IGO2"
"YHR133C","Saccharomyces cerevisiae S288C","BK006934:370,722..371,597(-)","Nsg1p","No","1","NSG1"
"YHR134W","Saccharomyces cerevisiae S288C","BK006934:371,749..372,558(+)","metalloendopeptidase WSS1","No","1","WSS1"
"YHR135C","Saccharomyces cerevisiae S288C","BK006934:372,694..374,310(-)","serine/threonine protein kinase YCK1","No","1","YCK1"
"YHR136C","Saccharomyces cerevisiae S288C","BK006934:374,654..375,100(-)","Spl2p","No","1","SPL2"
"YHR137W","Saccharomyces cerevisiae S288C","BK006934:375,709..377,250(+)","aromatic-amino-acid:2-oxoglutarate transaminase","No","1","ARO9"
"YHR138C","Saccharomyces cerevisiae S288C","BK006934:377,355..377,699(-)","hypothetical protein","No","1","N/A"
"YHR139C","Saccharomyces cerevisiae S288C","BK006934:378,219..379,199(-)","Sps100p","No","1","SPS100"
"YHR140W","Saccharomyces cerevisiae S288C","BK006934:380,572..381,291(+)","hypothetical protein","No","1","N/A"
"YHR141C","Saccharomyces cerevisiae S288C","BK006934:381,990..382,751(-)","ribosomal 60S subunit protein L42B","No","1","RPL42B"
"YHR142W","Saccharomyces cerevisiae S288C","BK006934:383,538..384,488(+)","Chs7p","No","1","CHS7"
"YHR143W-A","Saccharomyces cerevisiae S288C","BK006934:387,233..387,445(+)","DNA-directed RNA polymerase core subunit RPC10","No","1","RPC10"
"YHR143W","Saccharomyces cerevisiae S288C","BK006934:385,510..386,487(+)","Dse2p","No","1","DSE2"
"YHR144C","Saccharomyces cerevisiae S288C","BK006934:387,788..388,726(-)","deoxycytidine monophosphate deaminase","No","1","DCD1"
"YHR146W","Saccharomyces cerevisiae S288C","BK006934:390,300..391,697(+)","Crp1p","No","1","CRP1"
"YHR147C","Saccharomyces cerevisiae S288C","BK006934:392,639..393,283(-)","mitochondrial 54S ribosomal protein YmL16","No","1","MRPL6"
"YHR148W","Saccharomyces cerevisiae S288C","BK006934:393,534..394,085(+)","snoRNA-binding rRNA-processing protein IMP3","No","1","IMP3"
"YHR149C","Saccharomyces cerevisiae S288C","BK006934:394,455..396,659(-)","Skg6p","No","1","SKG6"
"YHR150W","Saccharomyces cerevisiae S288C","BK006934:397,251..398,990(+)","Pex28p","No","1","PEX28"
"YHR151C","Saccharomyces cerevisiae S288C","BK006934:399,268..400,848(-)","Mtc6p","No","1","MTC6"
"YHR152W","Saccharomyces cerevisiae S288C","BK006934:401,434..401,955(+)","Spo12p","No","1","SPO12"
"YHR153C","Saccharomyces cerevisiae S288C","BK006934:402,086..402,682(-)","Spo16p","No","1","SPO16"
"YHR154W","Saccharomyces cerevisiae S288C","BK006934:402,966..406,178(+)","Rtt107p","No","1","RTT107"
"YHR155W","Saccharomyces cerevisiae S288C","BK006934:407,103..410,789(+)","Lam1p","No","1","LAM1"
"YHR156C","Saccharomyces cerevisiae S288C","BK006934:411,384..412,406(-)","U5 snRNP complex subunit LIN1","No","1","LIN1"
"YHR157W","Saccharomyces cerevisiae S288C","BK006934:412,907..413,455(+)","Rec104p","No","1","REC104"
"YHR158C","Saccharomyces cerevisiae S288C","BK006934:413,685..417,179(-)","Kel1p","No","1","KEL1"
"YHR159W","Saccharomyces cerevisiae S288C","BK006934:417,549..419,063(+)","Tda11p","No","1","TDA11"
"YHR160C","Saccharomyces cerevisiae S288C","BK006934:419,221..420,072(-)","Pex18p","No","1","PEX18"
"YHR161C","Saccharomyces cerevisiae S288C","BK006934:420,373..422,286(-)","Yap1801p","No","1","YAP1801"
"YHR162W","Saccharomyces cerevisiae S288C","BK006934:423,072..423,461(+)","mitochondrial pyruvate carrier","No","1","MPC2"
"YHR163W","Saccharomyces cerevisiae S288C","BK006934:423,724..424,473(+)","6-phosphogluconolactonase SOL3","No","1","SOL3"
"YHR164C","Saccharomyces cerevisiae S288C","BK006934:424,610..429,178(-)","bifunctional ATP-dependent DNA helicase/ssDNA endodeoxyribonuclease DNA2","No","1","DNA2"
"YHR165C","Saccharomyces cerevisiae S288C","BK006934:429,707..436,948(-)","U4/U6-U5 snRNP complex subunit PRP8","No","1","PRP8"
"YHR166C","Saccharomyces cerevisiae S288C","BK006934:437,170..439,050(-)","anaphase promoting complex subunit CDC23","No","1","CDC23"
"YHR167W","Saccharomyces cerevisiae S288C","BK006934:439,342..440,127(+)","Thp2p","No","1","THP2"
"YHR168W","Saccharomyces cerevisiae S288C","BK006934:440,377..441,933(+)","putative GTPase MTG2","No","1","MTG2"
"YHR169W","Saccharomyces cerevisiae S288C","BK006934:442,181..443,476(+)","ATP-dependent RNA helicase DBP8","No","1","DBP8"
"YHR170W","Saccharomyces cerevisiae S288C","BK006934:443,828..445,384(+)","ribosome-binding protein NMD3","No","1","NMD3"
"YHR171W","Saccharomyces cerevisiae S288C","BK006934:445,713..447,605(+)","Atg7p","No","1","ATG7"
"YHR172W","Saccharomyces cerevisiae S288C","BK006934:448,335..450,806(+)","Spc97p","No","1","SPC97"
"YHR173C","Saccharomyces cerevisiae S288C","BK006934:450,815..451,153(-)","hypothetical protein","No","1","N/A"
"YHR174W","Saccharomyces cerevisiae S288C","BK006934:451,327..452,640(+)","phosphopyruvate hydratase ENO2","No","1","ENO2"
"YHR175W-A","Saccharomyces cerevisiae S288C","BK006934:453,558..453,707(+)","hypothetical protein","No","1","N/A"
"YHR175W","Saccharomyces cerevisiae S288C","BK006934:452,872..453,441(+)","low-affinity Cu transporter","No","1","CTR2"
"YHR176W","Saccharomyces cerevisiae S288C","BK006934:454,229..455,527(+)","N,N-dimethylaniline monooxygenase","No","1","FMO1"
"YHR177W","Saccharomyces cerevisiae S288C","BK006934:456,591..457,952(+)","hypothetical protein","No","1","ROF1"
"YHR178W","Saccharomyces cerevisiae S288C","BK006934:459,299..461,530(+)","Stb5p","No","1","STB5"
"YHR179W","Saccharomyces cerevisiae S288C","BK006934:462,502..463,704(+)","NADPH dehydrogenase","No","1","OYE2"
"YHR181W","Saccharomyces cerevisiae S288C","BK006934:467,228..467,914(+)","Svp26p","No","1","SVP26"
"YHR182W","Saccharomyces cerevisiae S288C","BK006934:468,219..470,576(+)","hypothetical protein","No","1","RGD3"
"YHR183W","Saccharomyces cerevisiae S288C","BK006934:470,960..472,429(+)","phosphogluconate dehydrogenase (decarboxylating) GND1","No","1","GND1"
"YHR184W","Saccharomyces cerevisiae S288C","BK006934:472,744..474,459(+)","Ssp1p","No","1","SSP1"
"YHR185C","Saccharomyces cerevisiae S288C","BK006934:474,627..475,340(-)","Pfs1p","No","1","PFS1"
"YHR186C","Saccharomyces cerevisiae S288C","BK006934:475,999..480,672(-)","ubiquitin-binding TORC1 subunit KOG1","No","1","KOG1"
"YHR187W","Saccharomyces cerevisiae S288C","BK006934:480,990..481,919(+)","Elongator subunit IKI1","No","1","IKI1"
"YHR188C","Saccharomyces cerevisiae S288C","BK006934:482,005..483,837(-)","GPI-anchor transamidase subunit GPI16","No","1","GPI16"
"YHR189W","Saccharomyces cerevisiae S288C","BK006934:484,028..484,600(+)","aminoacyl-tRNA hydrolase","No","1","PTH1"
"YHR190W","Saccharomyces cerevisiae S288C","BK006934:484,845..486,179(+)","bifunctional farnesyl-diphosphate farnesyltransferase/squalene synthase","No","1","ERG9"
"YHR191C","Saccharomyces cerevisiae S288C","BK006934:486,230..486,631(-)","Ctf8p","No","1","CTF8"
"YHR192W","Saccharomyces cerevisiae S288C","BK006934:486,826..487,662(+)","Lnp1p","No","1","LNP1"
"YHR193C","Saccharomyces cerevisiae S288C","BK006934:487,712..488,236(-)","Egd2p","No","1","EGD2"
"YHR194W","Saccharomyces cerevisiae S288C","BK006934:488,657..490,396(+)","Mdm31p","No","1","MDM31"
"YHR195W","Saccharomyces cerevisiae S288C","BK006934:490,747..491,712(+)","Nvj1p","No","1","NVJ1"
"YHR196W","Saccharomyces cerevisiae S288C","BK006934:491,931..493,658(+)","Utp9p","No","1","UTP9"
"YHR197W","Saccharomyces cerevisiae S288C","BK006934:493,896..496,187(+)","Rix1p","No","1","RIX1"
"YHR199C","Saccharomyces cerevisiae S288C","BK006934:497,490..498,422(-)","Aim46p","No","1","AIM46"
"YHR198C","Saccharomyces cerevisiae S288C","BK006934:496,315..497,280(-)","Aim18p","No","1","AIM18"
"YHR199C-A","Saccharomyces cerevisiae S288C","BK006934:498,571..498,859(-)","Nbl1p","No","1","NBL1"
"YHR200W","Saccharomyces cerevisiae S288C","BK006934:499,079..499,885(+)","proteasome regulatory particle base subunit RPN10","No","1","RPN10"
"YHR201C","Saccharomyces cerevisiae S288C","BK006934:499,950..501,143(-)","exopolyphosphatase","No","1","PPX1"
"YHR202W","Saccharomyces cerevisiae S288C","BK006934:502,388..504,196(+)","hypothetical protein","No","1","N/A"
"YHR203C","Saccharomyces cerevisiae S288C","BK006934:504,476..505,530(-)","ribosomal 40S subunit protein S4B","No","1","RPS4B"
"YHR204W","Saccharomyces cerevisiae S288C","BK006934:506,319..508,709(+)","alpha-1,2-mannosidase MNL1","No","1","MNL1"
"YHR205W","Saccharomyces cerevisiae S288C","BK006934:509,363..511,837(+)","serine/threonine protein kinase SCH9","No","1","SCH9"
"YHR206W","Saccharomyces cerevisiae S288C","BK006934:512,732..514,600(+)","kinase-regulated stress-responsive transcription factor SKN7","No","1","SKN7"
"YHR207C","Saccharomyces cerevisiae S288C","BK006934:514,905..516,485(-)","S-adenosylmethionine-dependent methyltransferase","No","1","SET5"
"YHR208W","Saccharomyces cerevisiae S288C","BK006934:517,532..518,713(+)","branched-chain-amino-acid transaminase BAT1","No","1","BAT1"
"YHR209W","Saccharomyces cerevisiae S288C","BK006934:519,437..520,312(+)","S-adenosylmethionine-dependent methyltransferase","No","1","CRG1"
"YHR210C","Saccharomyces cerevisiae S288C","BK006934:520,712..521,737(-)","aldose 1-epimerase superfamily protein","No","1","N/A"
"YHR211W","Saccharomyces cerevisiae S288C","BK006934:525,392..528,619(+)","flocculin FLO5","No","1","FLO5"
"YHR212W-A","Saccharomyces cerevisiae S288C","BK006934:538,742..538,945(+)","hypothetical protein","No","1","N/A"
"YHR213W-A","Saccharomyces cerevisiae S288C","BK006934:540,549..540,782(+)","hypothetical protein","No","1","N/A"
"YHR213W-B","Saccharomyces cerevisiae S288C","BK006934:540,800..541,099(+)","hypothetical protein","No","1","N/A"
"YHR213W","Saccharomyces cerevisiae S288C","BK006934:539,151..539,747(+)","hypothetical protein","No","1","N/A"
"YHR214C-B","Saccharomyces cerevisiae S288C","BK006934:543,964..549,346(-)","gag-pol fusion protein","No","1","TY1B-H"
"YHR214C-C","Saccharomyces cerevisiae S288C","BK006934:547,910..549,346(-)","gag protein","No","1","TY1A-H"
"YHR214C-D","Saccharomyces cerevisiae S288C","BK006934:550,648..550,941(-)","hypothetical protein","No","1","N/A"
"YHR214C-E","Saccharomyces cerevisiae S288C","BK006934:551,200..551,499(-)","hypothetical protein","No","1","N/A"
"YHR214W","Saccharomyces cerevisiae S288C","BK006934:541,651..542,262(+)","hypothetical protein","No","1","N/A"
"YHR215W","Saccharomyces cerevisiae S288C","BK006934:552,099..553,502(+)","acid phosphatase PHO12","No","1","PHO12"
"YHR216W","Saccharomyces cerevisiae S288C","BK006934:554,396..555,967(+)","IMP dehydrogenase IMD2","No","1","IMD2"
"YHR218W","Saccharomyces cerevisiae S288C","BK006934:558,014..559,924(+)","hypothetical protein","No","1","N/A"
"YHR219W","Saccharomyces cerevisiae S288C","BK006934:560,173..562,047(+)","hypothetical protein","No","1","N/A"
"YIL001W","Saccharomyces cerevisiae S288C","BK006942:353,940..355,481(+)","hypothetical protein","No","1","N/A"
"YIL002C","Saccharomyces cerevisiae S288C","BK006942:350,591..353,431(-)","phosphoinositide 5-phosphatase INP51","No","1","INP51"
"YIL002W-A","Saccharomyces cerevisiae S288C","BK006942:350,301..350,510(+)","hypothetical protein","No","1","CMI7"
"YIL003W","Saccharomyces cerevisiae S288C","BK006942:349,122..350,003(+)","iron-sulfur cluster assembly protein CFD1","No","1","CFD1"
"YIL004C","Saccharomyces cerevisiae S288C","BK006942:347,946..348,505(-)","Bet1p","No","1","BET1"
"YIL005W","Saccharomyces cerevisiae S288C","BK006942:345,692..347,797(+)","protein disulfide isomerase EPS1","No","1","EPS1"
"YIL006W","Saccharomyces cerevisiae S288C","BK006942:344,062..345,183(+)","NAD+ transporter","No","1","YIA6"
"YIL007C","Saccharomyces cerevisiae S288C","BK006942:342,994..343,656(-)","Nas2p","No","1","NAS2"
"YIL008W","Saccharomyces cerevisiae S288C","BK006942:342,536..342,835(+)","ubiquitin-related modifier URM1","No","1","URM1"
"YIL009C-A","Saccharomyces cerevisiae S288C","BK006942:335,666..336,212(-)","telomerase subunit EST3","No","1","EST3"
"YIL009W","Saccharomyces cerevisiae S288C","BK006942:339,344..341,428(+)","long-chain fatty acid-CoA ligase FAA3","No","1","FAA3"
"YIL010W","Saccharomyces cerevisiae S288C","BK006942:334,882..335,529(+)","thioredoxin peroxidase DOT5","No","1","DOT5"
"YIL011W","Saccharomyces cerevisiae S288C","BK006942:333,727..334,536(+)","Tir3p","No","1","TIR3"
"YIL013C","Saccharomyces cerevisiae S288C","BK006942:328,207..332,442(-)","ATP-binding cassette multidrug transporter PDR11","No","1","PDR11"
"YIL014C-A","Saccharomyces cerevisiae S288C","BK006942:325,212..325,526(-)","hypothetical protein","No","1","N/A"
"YIL014W","Saccharomyces cerevisiae S288C","BK006942:326,103..327,995(+)","alpha-1,3-mannosyltransferase MNT3","No","1","MNT3"
"YIL015W","Saccharomyces cerevisiae S288C","BK006942:322,342..324,105(+)","aspartyl protease BAR1","No","1","BAR1"
"YIL016W","Saccharomyces cerevisiae S288C","BK006942:321,454..321,933(+)","Snl1p","No","1","SNL1"
"YIL017C","Saccharomyces cerevisiae S288C","BK006942:318,200..320,965(-)","glucose-induced degradation complex subunit VID28","No","1","VID28"
"YIL018W","Saccharomyces cerevisiae S288C","BK006942:316,768..317,932(+)","ribosomal 60S subunit protein L2B","No","1","RPL2B"
"YIL019W","Saccharomyces cerevisiae S288C","BK006942:315,093..316,133(+)","Faf1p","No","1","FAF1"
"YIL020C","Saccharomyces cerevisiae S288C","BK006942:314,035..314,820(-)","1-(5-phosphoribosyl)-5- ((5-phosphoribosylamino)methylideneamino)imidazole-4- carboxamide isomerase HIS6","No","1","HIS6"
"YIL021W","Saccharomyces cerevisiae S288C","BK006942:312,905..313,861(+)","DNA-directed RNA polymerase II core subunit RPB3","No","1","RPB3"
"YIL022W","Saccharomyces cerevisiae S288C","BK006942:311,165..312,460(+)","protein translocase subunit TIM44","No","1","TIM44"
"YIL023C","Saccharomyces cerevisiae S288C","BK006942:309,386..310,426(-)","Zn(2+) transporter YKE4","No","1","YKE4"
"YIL024C","Saccharomyces cerevisiae S288C","BK006942:308,602..309,171(-)","hypothetical protein","No","1","N/A"
"YIL026C","Saccharomyces cerevisiae S288C","BK006942:304,477..307,929(-)","Irr1p","No","1","IRR1"
"YIL027C","Saccharomyces cerevisiae S288C","BK006942:303,679..304,104(-)","Emc5p","No","1","EMC5"
"YIL029C","Saccharomyces cerevisiae S288C","BK006942:300,829..301,257(-)","hypothetical protein","No","1","EMA17"
"YIL030C","Saccharomyces cerevisiae S288C","BK006942:296,050..300,009(-)","E3 ubiquitin-protein ligase SSM4","No","1","SSM4"
"YIL031W","Saccharomyces cerevisiae S288C","BK006942:292,633..295,737(+)","SUMO protease ULP2","No","1","ULP2"
"YIL033C","Saccharomyces cerevisiae S288C","BK006942:290,419..291,669(-)","cAMP-dependent protein kinase regulatory subunit BCY1","No","1","BCY1"
"YIL034C","Saccharomyces cerevisiae S288C","BK006942:289,226..290,089(-)","F-actin-capping protein subunit beta","No","1","CAP2"
"YIL035C","Saccharomyces cerevisiae S288C","BK006942:287,790..288,908(-)","casein kinase 2 catalytic subunit CKA1","No","1","CKA1"
"YIL036W","Saccharomyces cerevisiae S288C","BK006942:285,666..287,429(+)","Cst6p","No","1","CST6"
"YIL037C","Saccharomyces cerevisiae S288C","BK006942:283,029..284,999(-)","pheromone-regulated protein PRM2","No","1","PRM2"
"YIL038C","Saccharomyces cerevisiae S288C","BK006942:280,142..282,652(-)","CCR4-NOT core subunit NOT3","No","1","NOT3"
"YIL039W","Saccharomyces cerevisiae S288C","BK006942:278,426..279,847(+)","Ted1p","No","1","TED1"
"YIL040W","Saccharomyces cerevisiae S288C","BK006942:277,723..278,139(+)","Apq12p","No","1","APQ12"
"YIL041W","Saccharomyces cerevisiae S288C","BK006942:276,525..277,505(+)","Gvp36p","No","1","GVP36"
"YIL042C","Saccharomyces cerevisiae S288C","BK006942:275,108..276,292(-)","protein kinase PKP1","No","1","PKP1"
"YIL043C","Saccharomyces cerevisiae S288C","BK006942:274,072..274,926(-)","Cbr1p","No","1","CBR1"
"YIL044C","Saccharomyces cerevisiae S288C","BK006942:272,950..273,846(-)","Age2p","No","1","AGE2"
"YIL045W","Saccharomyces cerevisiae S288C","BK006942:271,161..272,777(+)","putative protein phosphatase regulator PIG2","No","1","PIG2"
"YIL046W-A","Saccharomyces cerevisiae S288C","BK006942:268,309..268,473(+)","hypothetical protein","No","1","N/A"
"YIL046W","Saccharomyces cerevisiae S288C","BK006942:268,651..270,573(+)","ubiquitin-binding SDF ubiquitin ligase complex subunit MET30","No","1","MET30"
"YIL047C","Saccharomyces cerevisiae S288C","BK006942:265,115..267,823(-)","Syg1p","No","1","SYG1"
"YIL048W","Saccharomyces cerevisiae S288C","BK006942:261,437..264,892(+)","putative aminophospholipid-translocating P4-type ATPase NEO1","No","1","NEO1"
"YIL049W","Saccharomyces cerevisiae S288C","BK006942:260,158..260,919(+)","putative polyprenol reductase","No","1","DFG10"
"YIL050W","Saccharomyces cerevisiae S288C","BK006942:258,913..259,770(+)","Pcl7p","No","1","PCL7"
"YIL051C","Saccharomyces cerevisiae S288C","BK006942:257,843..258,280(-)","isoleucine biosynthesis protein MMF1","No","1","MMF1"
"YIL052C","Saccharomyces cerevisiae S288C","BK006942:256,226..257,063(-)","ribosomal 60S subunit protein L34B","No","1","RPL34B"
"YIL053W","Saccharomyces cerevisiae S288C","BK006942:255,115..255,867(+)","glycerol-1-phosphatase RHR2","No","1","GPP1"
"YIL054W","Saccharomyces cerevisiae S288C","BK006942:254,543..254,860(+)","hypothetical protein","No","1","N/A"
"YIL055C","Saccharomyces cerevisiae S288C","BK006942:252,042..253,925(-)","hypothetical protein","No","1","N/A"
"YIL056W","Saccharomyces cerevisiae S288C","BK006942:249,991..251,913(+)","Vhr1p","No","1","VHR1"
"YIL057C","Saccharomyces cerevisiae S288C","BK006942:247,902..248,396(-)","Rgi2p","No","1","RGI2"
"YIL060W","Saccharomyces cerevisiae S288C","BK006942:246,392..246,826(+)","hypothetical protein","No","1","N/A"
"YIL061C","Saccharomyces cerevisiae S288C","BK006942:244,657..245,559(-)","U1 snRNP complex subunit SNP1","No","1","SNP1"
"YIL062C","Saccharomyces cerevisiae S288C","BK006942:243,998..244,462(-)","Arc15p","No","1","ARC15"
"YIL063C","Saccharomyces cerevisiae S288C","BK006942:242,761..243,744(-)","Yrb2p","No","1","YRB2"
"YIL064W","Saccharomyces cerevisiae S288C","BK006942:241,943..242,716(+)","Efm4p","No","1","EFM4"
"YIL065C","Saccharomyces cerevisiae S288C","BK006942:241,308..241,775(-)","Fis1p","No","1","FIS1"
"YIL066C","Saccharomyces cerevisiae S288C","BK006942:238,099..240,708(-)","ribonucleotide-diphosphate reductase subunit RNR3","No","1","RNR3"
"YIL067C","Saccharomyces cerevisiae S288C","BK006942:235,724..237,760(-)","hypothetical protein","No","1","N/A"
"YIL068C","Saccharomyces cerevisiae S288C","BK006942:233,057..235,474(-)","SNARE-binding exocyst subunit SEC6","No","1","SEC6"
"YIL069C","Saccharomyces cerevisiae S288C","BK006942:231,553..232,369(-)","ribosomal 40S subunit protein S24B","No","1","RPS24B"
"YIL070C","Saccharomyces cerevisiae S288C","BK006942:230,272..231,072(-)","Mam33p","No","1","MAM33"
"YIL071C","Saccharomyces cerevisiae S288C","BK006942:228,660..229,994(-)","Pci8p","No","1","PCI8"
"YIL072W","Saccharomyces cerevisiae S288C","BK006942:226,602..228,419(+)","Hop1p","No","1","HOP1"
"YIL073C","Saccharomyces cerevisiae S288C","BK006942:222,937..225,954(-)","Spo22p","No","1","SPO22"
"YIL074C","Saccharomyces cerevisiae S288C","BK006942:221,081..222,490(-)","phosphoglycerate dehydrogenase SER33","No","1","SER33"
"YIL075C","Saccharomyces cerevisiae S288C","BK006942:217,863..220,700(-)","proteasome regulatory particle base subunit RPN2","No","1","RPN2"
"YIL076W","Saccharomyces cerevisiae S288C","BK006942:216,658..217,548(+)","coatomer subunit epsilon","No","1","SEC28"
"YIL077C","Saccharomyces cerevisiae S288C","BK006942:214,991..215,953(-)","hypothetical protein","No","1","RCI37"
"YIL078W","Saccharomyces cerevisiae S288C","BK006942:212,499..214,703(+)","threonine--tRNA ligase THS1","No","1","THS1"
"YIL083C","Saccharomyces cerevisiae S288C","BK006942:203,556..204,653(-)","phosphopantothenate--cysteine ligase CAB2","No","1","CAB2"
"YIL079C","Saccharomyces cerevisiae S288C","BK006942:210,923..212,005(-)","TRAMP complex RNA-binding subunit","No","1","AIR1"
"YIL082W-A","Saccharomyces cerevisiae S288C","BK006942:205,635..210,132(+)","gag-pol fusion protein","No","1","N/A"
"YIL084C","Saccharomyces cerevisiae S288C","BK006942:202,276..203,259(-)","Sds3p","No","1","SDS3"
"YIL085C","Saccharomyces cerevisiae S288C","BK006942:200,490..202,043(-)","putative mannosyltransferase","No","1","KTR7"
"YIL087C","Saccharomyces cerevisiae S288C","BK006942:199,646..200,119(-)","Aim19p","No","1","AIM19"
"YIL088C","Saccharomyces cerevisiae S288C","BK006942:197,931..199,403(-)","Avt7p","No","1","AVT7"
"YIL089W","Saccharomyces cerevisiae S288C","BK006942:195,599..196,216(+)","hypothetical protein","No","1","N/A"
"YIL090W","Saccharomyces cerevisiae S288C","BK006942:193,595..195,070(+)","Ice2p","No","1","ICE2"
"YIL091C","Saccharomyces cerevisiae S288C","BK006942:191,030..193,195(-)","rRNA-binding ribosome biosynthesis protein UTP25","No","1","UTP25"
"YIL092W","Saccharomyces cerevisiae S288C","BK006942:189,066..190,967(+)","hypothetical protein","No","1","N/A"
"YIL093C","Saccharomyces cerevisiae S288C","BK006942:187,990..188,784(-)","mitochondrial 37S ribosomal protein RSM25","No","1","RSM25"
"YIL094C","Saccharomyces cerevisiae S288C","BK006942:186,517..187,632(-)","homoisocitrate dehydrogenase","No","1","LYS12"
"YIL095W","Saccharomyces cerevisiae S288C","BK006942:183,937..186,369(+)","serine/threonine protein kinase PRK1","No","1","PRK1"
"YIL096C","Saccharomyces cerevisiae S288C","BK006942:182,117..183,127(-)","25S rRNA (uracil2634-N3)-methyltransferase","No","1","BMT5"
"YIL097W","Saccharomyces cerevisiae S288C","BK006942:180,427..181,977(+)","glucose-induced degradation complex subunit FYV10","No","1","FYV10"
"YIL098C","Saccharomyces cerevisiae S288C","BK006942:179,772..180,239(-)","Fmc1p","No","1","FMC1"
"YIL099W","Saccharomyces cerevisiae S288C","BK006942:178,004..179,653(+)","glucan 1,4-alpha-glucosidase","No","1","SGA1"
"YIL101C","Saccharomyces cerevisiae S288C","BK006942:175,307..177,250(-)","Xbp1p","No","1","XBP1"
"YIL102C-A","Saccharomyces cerevisiae S288C","BK006942:173,365..173,592(-)","hypothetical protein","No","1","N/A"
"YIL102C","Saccharomyces cerevisiae S288C","BK006942:174,582..174,887(-)","hypothetical protein","No","1","N/A"
"YIL103W","Saccharomyces cerevisiae S288C","BK006942:171,751..173,028(+)","Dph1p","No","1","DPH1"
"YIL104C","Saccharomyces cerevisiae S288C","BK006942:169,982..171,505(-)","Hsp90 cochaperone SHQ1","No","1","SHQ1"
"YIL105C","Saccharomyces cerevisiae S288C","BK006942:167,581..169,641(-)","phosphatidylinositol 4,5-bisphosphate-binding protein","No","1","SLM1"
"YIL105W-A","Saccharomyces cerevisiae S288C","BK006942:167,664..167,804(+)","hypothetical protein","No","1","N/A"
"YIL106W","Saccharomyces cerevisiae S288C","BK006942:166,415..167,444(+)","Mob1p","No","1","MOB1"
"YIL107C","Saccharomyces cerevisiae S288C","BK006942:163,278..165,761(-)","Pfk26p","No","1","PFK26"
"YIL108W","Saccharomyces cerevisiae S288C","BK006942:160,887..162,977(+)","putative metalloendopeptidase","No","1","N/A"
"YIL109C","Saccharomyces cerevisiae S288C","BK006942:157,385..160,165(-)","COPII subunit SEC24","No","1","SEC24"
"YIL110W","Saccharomyces cerevisiae S288C","BK006942:156,045..157,178(+)","Hpm1p","No","1","HPM1"
"YIL111W","Saccharomyces cerevisiae S288C","BK006942:155,222..155,765(+)","cytochrome c oxidase subunit Vb","No","1","COX5B"
"YIL112W","Saccharomyces cerevisiae S288C","BK006942:151,595..154,846(+)","Hos4p","No","1","HOS4"
"YIL113W","Saccharomyces cerevisiae S288C","BK006942:150,559..151,188(+)","mitogen-activated protein kinase tyrosine protein phosphatase SDP1","No","1","SDP1"
"YIL114C","Saccharomyces cerevisiae S288C","BK006942:149,143..149,988(-)","putative porin POR2","No","1","POR2"
"YIL115C","Saccharomyces cerevisiae S288C","BK006942:144,327..148,709(-)","FG-nucleoporin NUP159","No","1","NUP159"
"YIL116W","Saccharomyces cerevisiae S288C","BK006942:142,928..144,085(+)","histidinol-phosphate transaminase","No","1","HIS5"
"YIL117C","Saccharomyces cerevisiae S288C","BK006942:140,613..141,569(-)","pheromone-regulated protein PRM5","No","1","PRM5"
"YIL118W","Saccharomyces cerevisiae S288C","BK006942:139,752..140,447(+)","Rho family GTPase RHO3","No","1","RHO3"
"YIL119C","Saccharomyces cerevisiae S288C","BK006942:136,654..137,877(-)","Rpi1p","No","1","RPI1"
"YIL120W","Saccharomyces cerevisiae S288C","BK006942:134,417..136,108(+)","multidrug transporter","No","1","QDR1"
"YIL121W","Saccharomyces cerevisiae S288C","BK006942:132,244..133,872(+)","cation transporter","No","1","QDR2"
"YIL122W","Saccharomyces cerevisiae S288C","BK006942:130,610..131,665(+)","Pog1p","No","1","POG1"
"YIL123W","Saccharomyces cerevisiae S288C","BK006942:128,151..129,581(+)","putative glucosidase SIM1","No","1","SIM1"
"YIL124W","Saccharomyces cerevisiae S288C","BK006942:126,204..127,097(+)","acylglycerone-phosphate reductase","No","1","AYR1"
"YIL125W","Saccharomyces cerevisiae S288C","BK006942:122,689..125,733(+)","alpha-ketoglutarate dehydrogenase KGD1","No","1","KGD1"
"YIL126W","Saccharomyces cerevisiae S288C","BK006942:117,992..122,071(+)","RSC chromatin remodeling complex ATPase subunit STH1","No","1","STH1"
"YIL127C","Saccharomyces cerevisiae S288C","BK006942:117,024..117,644(-)","Rrt14p","No","1","RRT14"
"YIL128W","Saccharomyces cerevisiae S288C","BK006942:113,806..116,904(+)","Met18p","No","1","MET18"
"YIL129C","Saccharomyces cerevisiae S288C","BK006942:106,107..113,237(-)","Tao3p","No","1","TAO3"
"YIL130W","Saccharomyces cerevisiae S288C","BK006942:102,782..105,676(+)","Asg1p","No","1","ASG1"
"YIL131C","Saccharomyces cerevisiae S288C","BK006942:100,781..102,235(-)","forkhead family transcription factor FKH1","No","1","FKH1"
"YIL132C","Saccharomyces cerevisiae S288C","BK006942:99,860..100,501(-)","Csm2p","No","1","CSM2"
"YIL133C","Saccharomyces cerevisiae S288C","BK006942:98,527..99,416(-)","ribosomal 60S subunit protein L16A","No","1","RPL16A"
"YIL134C-A","Saccharomyces cerevisiae S288C","BK006942:96,522..96,725(-)","hypothetical protein","No","1","N/A"
"YIL134W","Saccharomyces cerevisiae S288C","BK006942:97,395..98,330(+)","flavin adenine dinucleotide transporter FLX1","No","1","FLX1"
"YIL135C","Saccharomyces cerevisiae S288C","BK006942:95,065..96,375(-)","Vhs2p","No","1","VHS2"
"YIL136W","Saccharomyces cerevisiae S288C","BK006942:93,619..94,800(+)","Om45p","No","1","OM45"
"YIL137C","Saccharomyces cerevisiae S288C","BK006942:89,948..92,788(-)","Tma108p","No","1","TMA108"
"YIL138C","Saccharomyces cerevisiae S288C","BK006942:89,230..89,715(-)","tropomyosin TPM2","No","1","TPM2"
"YIL139C","Saccharomyces cerevisiae S288C","BK006942:87,979..88,716(-)","Rev7p","No","1","REV7"
"YIL140W","Saccharomyces cerevisiae S288C","BK006942:85,366..87,837(+)","Axl2p","No","1","AXL2"
"YIL142W","Saccharomyces cerevisiae S288C","BK006942:83,302..84,885(+)","chaperonin-containing T-complex subunit CCT2","No","1","CCT2"
"YIL143C","Saccharomyces cerevisiae S288C","BK006942:80,510..83,041(-)","TFIIH/NER complex ATPase/helicase subunit SSL2","No","1","SSL2"
"YIL144W","Saccharomyces cerevisiae S288C","BK006942:78,074..80,149(+)","kinetochore-associated Ndc80 complex subunit NDC80","No","1","NDC80"
"YIL145C","Saccharomyces cerevisiae S288C","BK006942:76,354..77,283(-)","pantoate--beta-alanine ligase PAN6","No","1","PAN6"
"YIL146C","Saccharomyces cerevisiae S288C","BK006942:74,184..75,773(-)","mitophagy protein ATG32","No","1","ATG32"
"YIL147C","Saccharomyces cerevisiae S288C","BK006942:69,791..73,453(-)","Sln1p","No","1","SLN1"
"YIL148W","Saccharomyces cerevisiae S288C","BK006942:68,708..69,528(+)","ubiquitin-ribosomal 60S subunit protein L40A fusion protein","No","1","RPL40A"
"YIL149C","Saccharomyces cerevisiae S288C","BK006942:63,028..68,067(-)","Mlp2p","No","1","MLP2"
"YIL150C","Saccharomyces cerevisiae S288C","BK006942:61,013..62,728(-)","Mcm10p","No","1","MCM10"
"YIL151C","Saccharomyces cerevisiae S288C","BK006942:57,338..60,694(-)","Esl1p","No","1","ESL1"
"YIL152W","Saccharomyces cerevisiae S288C","BK006942:56,545..57,252(+)","hypothetical protein","No","1","N/A"
"YIL153W","Saccharomyces cerevisiae S288C","BK006942:55,198..56,379(+)","peptidylprolyl isomerase RRD1","No","1","RRD1"
"YIL154C","Saccharomyces cerevisiae S288C","BK006942:53,981..55,021(-)","Imp2'p","No","1","IMP2'"
"YIL155C","Saccharomyces cerevisiae S288C","BK006942:51,759..53,708(-)","glycerol-3-phosphate dehydrogenase","No","1","GUT2"
"YIL156W-B","Saccharomyces cerevisiae S288C","BK006942:47,690..47,973(+)","hypothetical protein","No","1","MCO8"
"YIL156W","Saccharomyces cerevisiae S288C","BK006942:48,091..51,306(+)","ubiquitin-specific protease UBP7","No","1","UBP7"
"YIL157C","Saccharomyces cerevisiae S288C","BK006942:46,949..47,542(-)","Coa1p","No","1","COA1"
"YIL158W","Saccharomyces cerevisiae S288C","BK006942:46,201..46,815(+)","Aim20p","No","1","AIM20"
"YIL159W","Saccharomyces cerevisiae S288C","BK006942:41,825..45,952(+)","formin BNR1","No","1","BNR1"
"YIL160C","Saccharomyces cerevisiae S288C","BK006942:40,191..41,444(-)","acetyl-CoA C-acyltransferase","No","1","POT1"
"YIL161W","Saccharomyces cerevisiae S288C","BK006942:39,433..40,140(+)","hypothetical protein","No","1","N/A"
"YIL162W","Saccharomyces cerevisiae S288C","BK006942:37,385..38,983(+)","beta-fructofuranosidase SUC2","No","1","SUC2"
"YIL163C","Saccharomyces cerevisiae S288C","BK006942:36,899..37,252(-)","hypothetical protein","No","1","N/A"
"YIL164C","Saccharomyces cerevisiae S288C","BK006942:34,087..34,686(-)","Nit1p","No","1","NIT1"
"YIL165C","Saccharomyces cerevisiae S288C","BK006942:33,718..34,077(-)","hypothetical protein","No","1","N/A"
"YIL166C","Saccharomyces cerevisiae S288C","BK006942:30,938..32,566(-)","hypothetical protein","No","1","SOA1"
"YIL169C","Saccharomyces cerevisiae S288C","BK006942:23,119..26,106(-)","hypothetical protein","No","1","CSS1"
"YIL172C","Saccharomyces cerevisiae S288C","BK006942:16,784..18,553(-)","oligo-1,6-glucosidase IMA3","No","1","IMA3"
"YIL173W","Saccharomyces cerevisiae S288C","BK006942:11,492..16,141(+)","signal sequence-binding protein","No","1","VTH1"
"YIL176C","Saccharomyces cerevisiae S288C","BK006942:8,793..9,155(-)","seripauperin PAU14","No","1","PAU14"
"YIL177C","Saccharomyces cerevisiae S288C","BK006942:483..6,147(-)","Y' element ATP-dependent helicase","No","1","N/A"
"YIR001C","Saccharomyces cerevisiae S288C","BK006942:356,143..356,895(-)","Sgn1p","No","1","SGN1"
"YIR002C","Saccharomyces cerevisiae S288C","BK006942:357,415..360,396(-)","3'-5' DNA helicase","No","1","MPH1"
"YIR003W","Saccharomyces cerevisiae S288C","BK006942:360,885..362,924(+)","Aim21p","No","1","AIM21"
"YIR004W","Saccharomyces cerevisiae S288C","BK006942:363,221..364,519(+)","Djp1p","No","1","DJP1"
"YIR005W","Saccharomyces cerevisiae S288C","BK006942:364,889..365,335(+)","U2 snRNP complex subunit IST3","No","1","IST3"
"YIR006C","Saccharomyces cerevisiae S288C","BK006942:365,466..369,908(-)","Pan1p","No","1","PAN1"
"YIR007W","Saccharomyces cerevisiae S288C","BK006942:370,704..372,998(+)","hydrolase","No","1","EGH1"
"YIR008C","Saccharomyces cerevisiae S288C","BK006942:373,077..374,306(-)","DNA primase subunit PRI1","No","1","PRI1"
"YIR009W","Saccharomyces cerevisiae S288C","BK006942:374,525..374,860(+)","U2 snRNP complex subunit MSL1","No","1","MSL1"
"YIR012W","Saccharomyces cerevisiae S288C","BK006942:378,486..379,781(+)","Sqt1p","No","1","SQT1"
"YIR010W","Saccharomyces cerevisiae S288C","BK006942:375,431..377,161(+)","MIND complex subunit DSN1","No","1","DSN1"
"YIR011C","Saccharomyces cerevisiae S288C","BK006942:377,287..378,246(-)","Sts1p","No","1","STS1"
"YIR013C","Saccharomyces cerevisiae S288C","BK006942:380,019..380,384(-)","Gat4p","No","1","GAT4"
"YIR014W","Saccharomyces cerevisiae S288C","BK006942:381,086..381,814(+)","hypothetical protein","No","1","VLD1"
"YIR015W","Saccharomyces cerevisiae S288C","BK006942:381,948..382,382(+)","ribonuclease P protein subunit RPR2","No","1","RPR2"
"YIR016W","Saccharomyces cerevisiae S288C","BK006942:382,628..383,425(+)","hypothetical protein","No","1","N/A"
"YIR017C","Saccharomyces cerevisiae S288C","BK006942:383,556..384,119(-)","Met28p","No","1","MET28"
"YIR018C-A","Saccharomyces cerevisiae S288C","BK006942:385,564..385,701(-)","hypothetical protein","No","1","N/A"
"YIR018W","Saccharomyces cerevisiae S288C","BK006942:384,609..385,346(+)","Yap5p","No","1","YAP5"
"YIR019C","Saccharomyces cerevisiae S288C","BK006942:389,572..393,675(-)","Flo11p","No","1","FLO11"
"YIR020C","Saccharomyces cerevisiae S288C","BK006942:394,255..394,557(-)","hypothetical protein","No","1","N/A"
"YIR021W-A","Saccharomyces cerevisiae S288C","BK006942:398,514..398,726(+)","hypothetical protein","No","1","N/A"
"YIR021W","Saccharomyces cerevisiae S288C","BK006942:397,294..398,385(+)","Mrs1p","No","1","MRS1"
"YIR022W","Saccharomyces cerevisiae S288C","BK006942:398,733..399,236(+)","signal peptidase complex catalytic subunit SEC11","No","1","SEC11"
"YIR023W","Saccharomyces cerevisiae S288C","BK006942:399,777..402,689(+)","Dal81p","No","1","DAL81"
"YIR024C","Saccharomyces cerevisiae S288C","BK006942:402,841..403,491(-)","Ina22p","No","1","INA22"
"YIR025W","Saccharomyces cerevisiae S288C","BK006942:403,659..404,765(+)","Mnd2p","No","1","MND2"
"YIR026C","Saccharomyces cerevisiae S288C","BK006942:404,873..405,967(-)","tyrosine protein phosphatase YVH1","No","1","YVH1"
"YIR027C","Saccharomyces cerevisiae S288C","BK006942:406,260..407,642(-)","allantoinase","No","1","DAL1"
"YIR028W","Saccharomyces cerevisiae S288C","BK006942:408,468..410,375(+)","allantoin permease","No","1","DAL4"
"YIR029W","Saccharomyces cerevisiae S288C","BK006942:410,807..411,838(+)","allantoicase","No","1","DAL2"
"YIR030C","Saccharomyces cerevisiae S288C","BK006942:412,036..412,770(-)","Dcg1p","No","1","DCG1"
"YIR031C","Saccharomyces cerevisiae S288C","BK006942:413,015..414,679(-)","malate synthase DAL7","No","1","DAL7"
"YIR032C","Saccharomyces cerevisiae S288C","BK006942:415,030..415,617(-)","ureidoglycolate hydrolase","No","1","DAL3"
"YIR033W","Saccharomyces cerevisiae S288C","BK006942:416,124..419,465(+)","Mga2p","No","1","MGA2"
"YIR034C","Saccharomyces cerevisiae S288C","BK006942:419,615..420,736(-)","saccharopine dehydrogenase (NAD+, L-lysine-forming)","No","1","LYS1"
"YIR035C","Saccharomyces cerevisiae S288C","BK006942:421,026..421,790(-)","sepiapterin reductase family protein","No","1","NRE1"
"YIR036C","Saccharomyces cerevisiae S288C","BK006942:422,074..422,865(-)","sepiapterin reductase family protein IRC24","No","1","IRC24"
"YIR037W","Saccharomyces cerevisiae S288C","BK006942:423,128..423,619(+)","peroxiredoxin HYR1","No","1","HYR1"
"YIR038C","Saccharomyces cerevisiae S288C","BK006942:423,809..424,513(-)","bifunctional glutathione transferase/peroxidase","No","1","GTT1"
"YIR039C","Saccharomyces cerevisiae S288C","BK006942:430,498..432,111(-)","aspartyl protease","No","1","YPS6"
"YIR041W","Saccharomyces cerevisiae S288C","BK006942:433,929..434,303(+)","seripauperin PAU15","No","1","PAU15"
"YIR042C","Saccharomyces cerevisiae S288C","BK006942:435,273..435,983(-)","hypothetical protein","No","1","N/A"
"YJL001W","Saccharomyces cerevisiae S288C","BK006943:435,163..435,926(+)","proteasome core particle subunit beta 1","No","1","PRE3"
"YJL002C","Saccharomyces cerevisiae S288C","BK006943:433,221..434,651(-)","dolichyl-diphosphooligosaccharide--protein glycotransferase subunit OST1","No","1","OST1"
"YJL003W","Saccharomyces cerevisiae S288C","BK006943:432,644..433,000(+)","Cox16p","No","1","COX16"
"YJL004C","Saccharomyces cerevisiae S288C","BK006943:431,589..432,200(-)","Sys1p","No","1","SYS1"
"YJL005W","Saccharomyces cerevisiae S288C","BK006943:425,157..431,237(+)","adenylate cyclase","No","1","CYR1"
"YJL006C","Saccharomyces cerevisiae S288C","BK006943:423,138..424,109(-)","Ctk2p","No","1","CTK2"
"YJL008C","Saccharomyces cerevisiae S288C","BK006943:419,957..421,663(-)","chaperonin-containing T-complex subunit CCT8","No","1","CCT8"
"YJL010C","Saccharomyces cerevisiae S288C","BK006943:417,562..419,562(-)","RNA-binding RNA processing protein NOP9","No","1","NOP9"
"YJL011C","Saccharomyces cerevisiae S288C","BK006943:414,285..414,770(-)","DNA-directed RNA polymerase III subunit RPC17","No","1","RPC17"
"YJL012C","Saccharomyces cerevisiae S288C","BK006943:411,234..413,399(-)","Vtc4p","No","1","VTC4"
"YJL013C","Saccharomyces cerevisiae S288C","BK006943:409,493..411,040(-)","Mad3p","No","1","MAD3"
"YJL014W","Saccharomyces cerevisiae S288C","BK006943:407,558..409,162(+)","chaperonin-containing T-complex subunit CCT3","No","1","CCT3"
"YJL016W","Saccharomyces cerevisiae S288C","BK006943:405,588..407,273(+)","hypothetical protein","No","1","TPH3"
"YJL019W","Saccharomyces cerevisiae S288C","BK006943:402,897..404,945(+)","Mps3p","No","1","MPS3"
"YJL020C","Saccharomyces cerevisiae S288C","BK006943:398,937..402,410(-)","Bbc1p","No","1","BBC1"
"YJL023C","Saccharomyces cerevisiae S288C","BK006943:397,355..398,398(-)","Pet130p","No","1","PET130"
"YJL024C","Saccharomyces cerevisiae S288C","BK006943:395,931..396,592(-)","Aps3p","No","1","APS3"
"YJL025W","Saccharomyces cerevisiae S288C","BK006943:393,967..395,511(+)","Rrn7p","No","1","RRN7"
"YJL026W","Saccharomyces cerevisiae S288C","BK006943:392,404..393,603(+)","ribonucleotide-diphosphate reductase subunit RNR2","No","1","RNR2"
"YJL027C","Saccharomyces cerevisiae S288C","BK006943:391,833..392,249(-)","hypothetical protein","No","1","N/A"
"YJL028W","Saccharomyces cerevisiae S288C","BK006943:391,311..391,646(+)","hypothetical protein","No","1","N/A"
"YJL029C","Saccharomyces cerevisiae S288C","BK006943:388,385..390,853(-)","Vps53p","No","1","VPS53"
"YJL030W","Saccharomyces cerevisiae S288C","BK006943:387,657..388,247(+)","spindle checkpoint protein MAD2","No","1","MAD2"
"YJL031C","Saccharomyces cerevisiae S288C","BK006943:386,368..387,438(-)","Rab geranylgeranyltransferase BET4","No","1","BET4"
"YJL033W","Saccharomyces cerevisiae S288C","BK006943:383,837..386,149(+)","RNA-dependent ATPase HCA4","No","1","HCA4"
"YJL034W","Saccharomyces cerevisiae S288C","BK006943:381,327..383,375(+)","Hsp70 family ATPase KAR2","No","1","KAR2"
"YJL035C","Saccharomyces cerevisiae S288C","BK006943:380,249..381,001(-)","tRNA(adenine34) deaminase","No","1","TAD2"
"YJL036W","Saccharomyces cerevisiae S288C","BK006943:378,825..380,096(+)","Snx4p","No","1","SNX4"
"YJL037W","Saccharomyces cerevisiae S288C","BK006943:376,662..377,336(+)","Irc18p","No","1","IRC18"
"YJL038C","Saccharomyces cerevisiae S288C","BK006943:375,115..375,774(-)","Loh1p","No","1","LOH1"
"YJL039C","Saccharomyces cerevisiae S288C","BK006943:368,748..373,799(-)","Nup192p","No","1","NUP192"
"YJL041W","Saccharomyces cerevisiae S288C","BK006943:365,784..368,373(+)","FG-nucleoporin NSP1","No","1","NSP1"
"YJL042W","Saccharomyces cerevisiae S288C","BK006943:361,249..365,445(+)","Mhp1p","No","1","MHP1"
"YJL043W","Saccharomyces cerevisiae S288C","BK006943:360,130..360,903(+)","hypothetical protein","No","1","N/A"
"YJL044C","Saccharomyces cerevisiae S288C","BK006943:358,300..359,676(-)","Gyp6p","No","1","GYP6"
"YJL045W","Saccharomyces cerevisiae S288C","BK006943:356,024..357,928(+)","succinate dehydrogenase SDH1b","No","1","SDH9"
"YJL046W","Saccharomyces cerevisiae S288C","BK006943:352,386..353,615(+)","putative lipoate--protein ligase","No","1","AIM22"
"YJL047C-A","Saccharomyces cerevisiae S288C","BK006943:349,044..349,178(-)","hypothetical protein","No","1","N/A"
"YJL047C","Saccharomyces cerevisiae S288C","BK006943:349,580..352,108(-)","cullin RTT101","No","1","RTT101"
"YJL048C","Saccharomyces cerevisiae S288C","BK006943:347,447..348,637(-)","Ubx6p","No","1","UBX6"
"YJL049W","Saccharomyces cerevisiae S288C","BK006943:345,973..347,325(+)","Chm7p","No","1","CHM7"
"YJL050W","Saccharomyces cerevisiae S288C","BK006943:342,522..345,743(+)","ATP-dependent RNA helicase MTR4","No","1","MTR4"
"YJL051W","Saccharomyces cerevisiae S288C","BK006943:339,787..342,255(+)","Irc8p","No","1","IRC8"
"YJL052C-A","Saccharomyces cerevisiae S288C","BK006943:337,884..338,003(-)","hypothetical protein","No","1","N/A"
"YJL052W","Saccharomyces cerevisiae S288C","BK006943:338,271..339,269(+)","glyceraldehyde-3-phosphate dehydrogenase (phosphorylating) TDH1","No","1","TDH1"
"YJL053W","Saccharomyces cerevisiae S288C","BK006943:335,898..337,037(+)","retromer subunit PEP8","No","1","PEP8"
"YJL054W","Saccharomyces cerevisiae S288C","BK006943:334,265..335,701(+)","Tim54p","No","1","TIM54"
"YJL055W","Saccharomyces cerevisiae S288C","BK006943:333,357..334,094(+)","hypothetical protein","No","1","LOG1"
"YJL056C","Saccharomyces cerevisiae S288C","BK006943:330,431..333,073(-)","Zap1p","No","1","ZAP1"
"YJL057C","Saccharomyces cerevisiae S288C","BK006943:328,118..330,121(-)","protein kinase IKS1","No","1","IKS1"
"YJL058C","Saccharomyces cerevisiae S288C","BK006943:326,242..327,873(-)","Bit61p","No","1","BIT61"
"YJL059W","Saccharomyces cerevisiae S288C","BK006943:324,964..326,190(+)","amino acid transporter YHC3","No","1","YHC3"
"YJL060W","Saccharomyces cerevisiae S288C","BK006943:323,386..324,720(+)","kynurenine--oxoglutarate transaminase","No","1","BNA3"
"YJL061W","Saccharomyces cerevisiae S288C","BK006943:320,016..322,157(+)","linker nucleoporin NUP82","No","1","NUP82"
"YJL062W-A","Saccharomyces cerevisiae S288C","BK006943:316,723..316,980(+)","Coa3p","No","1","COA3"
"YJL062W","Saccharomyces cerevisiae S288C","BK006943:317,284..319,776(+)","mannose-ethanolamine phosphotransferase LAS21","No","1","LAS21"
"YJL063C","Saccharomyces cerevisiae S288C","BK006943:315,759..316,475(-)","mitochondrial 54S ribosomal protein YmL8","No","1","MRPL8"
"YJL065C","Saccharomyces cerevisiae S288C","BK006943:315,054..315,557(-)","Dls1p","No","1","DLS1"
"YJL066C","Saccharomyces cerevisiae S288C","BK006943:314,114..314,872(-)","Mpm1p","No","1","MPM1"
"YJL068C","Saccharomyces cerevisiae S288C","BK006943:313,016..313,915(-)","S-formylglutathione hydrolase","No","1","N/A"
"YJL069C","Saccharomyces cerevisiae S288C","BK006943:310,922..312,706(-)","Utp18p","No","1","UTP18"
"YJL070C","Saccharomyces cerevisiae S288C","BK006943:307,971..310,637(-)","metallo-dependent hydrolase superfamily protein","No","1","N/A"
"YJL071W","Saccharomyces cerevisiae S288C","BK006943:306,132..307,856(+)","acetyl-CoA:L-glutamate N-acetyltransferase","No","1","ARG2"
"YJL072C","Saccharomyces cerevisiae S288C","BK006943:305,221..305,862(-)","DNA replication protein PSF2","No","1","PSF2"
"YJL073W","Saccharomyces cerevisiae S288C","BK006943:303,181..305,118(+)","Jem1p","No","1","JEM1"
"YJL074C","Saccharomyces cerevisiae S288C","BK006943:299,157..302,849(-)","cohesin subunit SMC3","No","1","SMC3"
"YJL076W","Saccharomyces cerevisiae S288C","BK006943:295,245..298,814(+)","Net1p","No","1","NET1"
"YJL077C","Saccharomyces cerevisiae S288C","BK006943:294,666..295,061(-)","Ics3p","No","1","ICS3"
"YJL077W-A","Saccharomyces cerevisiae S288C","BK006943:294,799..294,885(+)","hypothetical protein","No","1","N/A"
"YJL077W-B","Saccharomyces cerevisiae S288C","BK006943:294,047..294,145(+)","hypothetical protein","No","1","N/A"
"YJL080C","Saccharomyces cerevisiae S288C","BK006943:285,558..289,226(-)","Scp160p","No","1","SCP160"
"YJL078C","Saccharomyces cerevisiae S288C","BK006943:291,336..293,981(-)","Pry3p","No","1","PRY3"
"YJL079C","Saccharomyces cerevisiae S288C","BK006943:289,875..290,774(-)","sterol-binding protein","No","1","PRY1"
"YJL081C","Saccharomyces cerevisiae S288C","BK006943:283,802..285,271(-)","Arp4p","No","1","ARP4"
"YJL082W","Saccharomyces cerevisiae S288C","BK006943:281,185..283,380(+)","Iml2p","No","1","IML2"
"YJL083W","Saccharomyces cerevisiae S288C","BK006943:278,841..280,655(+)","Tax4p","No","1","TAX4"
"YJL084C","Saccharomyces cerevisiae S288C","BK006943:274,862..278,002(-)","Aly2p","No","1","ALY2"
"YJL085W","Saccharomyces cerevisiae S288C","BK006943:272,827..274,698(+)","GTP-Rho binding exocyst subunit EXO70","No","1","EXO70"
"YJL087C","Saccharomyces cerevisiae S288C","BK006943:270,002..272,485(-)","tRNA ligase","No","1","TRL1"
"YJL088W","Saccharomyces cerevisiae S288C","BK006943:268,799..269,815(+)","ornithine carbamoyltransferase","No","1","ARG3"
"YJL089W","Saccharomyces cerevisiae S288C","BK006943:265,926..268,415(+)","Sip4p","No","1","SIP4"
"YJL090C","Saccharomyces cerevisiae S288C","BK006943:262,757..265,051(-)","protein kinase activating protein DPB11","No","1","DPB11"
"YJL091C","Saccharomyces cerevisiae S288C","BK006943:261,080..262,552(-)","glucosaminyl-phosphotidylinositol O-acyltransferase","No","1","GWT1"
"YJL092W","Saccharomyces cerevisiae S288C","BK006943:257,423..260,947(+)","DNA helicase SRS2","No","1","SRS2"
"YJL093C","Saccharomyces cerevisiae S288C","BK006943:254,737..256,812(-)","Tok1p","No","1","TOK1"
"YJL094C","Saccharomyces cerevisiae S288C","BK006943:251,821..254,442(-)","Kha1p","No","1","KHA1"
"YJL095W","Saccharomyces cerevisiae S288C","BK006943:247,255..251,691(+)","mitogen-activated protein kinase kinase kinase BCK1","No","1","BCK1"
"YJL096W","Saccharomyces cerevisiae S288C","BK006943:246,490..246,975(+)","mitochondrial 54S ribosomal protein YmL49","No","1","MRPL49"
"YJL097W","Saccharomyces cerevisiae S288C","BK006943:245,591..246,244(+)","enoyl-CoA hydratase PHS1","No","1","PHS1"
"YJL098W","Saccharomyces cerevisiae S288C","BK006943:242,082..245,258(+)","Sap185p","No","1","SAP185"
"YJL099W","Saccharomyces cerevisiae S288C","BK006943:239,414..241,654(+)","Chs6p","No","1","CHS6"
"YJL100W","Saccharomyces cerevisiae S288C","BK006943:237,263..239,086(+)","1-phosphatidylinositol 4-kinase LSB6","No","1","LSB6"
"YJL101C","Saccharomyces cerevisiae S288C","BK006943:234,320..236,356(-)","glutamate--cysteine ligase","No","1","GSH1"
"YJL102W","Saccharomyces cerevisiae S288C","BK006943:231,301..233,760(+)","Mef2p","No","1","MEF2"
"YJL103C","Saccharomyces cerevisiae S288C","BK006943:229,025..230,881(-)","Gsm1p","No","1","GSM1"
"YJL104W","Saccharomyces cerevisiae S288C","BK006943:227,327..227,776(+)","import motor complex subunit PAM16","No","1","PAM16"
"YJL105W","Saccharomyces cerevisiae S288C","BK006943:225,055..226,737(+)","Set4p","No","1","SET4"
"YJL106W","Saccharomyces cerevisiae S288C","BK006943:221,390..223,327(+)","protein kinase IME2","No","1","IME2"
"YJL107C","Saccharomyces cerevisiae S288C","BK006943:218,853..220,016(-)","hypothetical protein","No","1","N/A"
"YJL108C","Saccharomyces cerevisiae S288C","BK006943:217,705..218,856(-)","pheromone-regulated protein PRM10","No","1","PRM10"
"YJL109C","Saccharomyces cerevisiae S288C","BK006943:212,000..217,309(-)","snoRNA-binding rRNA-processing protein UTP10","No","1","UTP10"
"YJL110C","Saccharomyces cerevisiae S288C","BK006943:209,922..211,577(-)","Gzf3p","No","1","GZF3"
"YJL111W","Saccharomyces cerevisiae S288C","BK006943:207,877..209,529(+)","chaperonin-containing T-complex subunit CCT7","No","1","CCT7"
"YJL112W","Saccharomyces cerevisiae S288C","BK006943:205,305..207,449(+)","Mdv1p","No","1","MDV1"
"YJL113W","Saccharomyces cerevisiae S288C","BK006943:198,678..203,325(+)","gag-pol fusion protein","No","1","N/A"
"YJL114W","Saccharomyces cerevisiae S288C","BK006943:197,915..198,595(+)","gag protein","No","1","N/A"
"YJL115W","Saccharomyces cerevisiae S288C","BK006943:196,287..197,126(+)","nucleosome assembly factor ASF1","No","1","ASF1"
"YJL116C","Saccharomyces cerevisiae S288C","BK006943:193,860..194,873(-)","SUN family protein NCA3","No","1","NCA3"
"YJL117W","Saccharomyces cerevisiae S288C","BK006943:192,531..193,466(+)","Pho86p","No","1","PHO86"
"YJL118W","Saccharomyces cerevisiae S288C","BK006943:191,639..192,298(+)","hypothetical protein","No","1","N/A"
"YJL121C","Saccharomyces cerevisiae S288C","BK006943:190,374..191,090(-)","ribulose-phosphate 3-epimerase RPE1","No","1","RPE1"
"YJL122W","Saccharomyces cerevisiae S288C","BK006943:189,716..190,243(+)","Alb1p","No","1","ALB1"
"YJL123C","Saccharomyces cerevisiae S288C","BK006943:188,004..189,440(-)","Mtc1p","No","1","MTC1"
"YJL124C","Saccharomyces cerevisiae S288C","BK006943:187,126..187,644(-)","Lsm1p","No","1","LSM1"
"YJL125C","Saccharomyces cerevisiae S288C","BK006943:185,528..186,679(-)","tRNA 1-methyladenosine methyltransferase subunit GCD14","No","1","GCD14"
"YJL126W","Saccharomyces cerevisiae S288C","BK006943:184,501..185,424(+)","putative hydrolase","No","1","NIT2"
"YJL127C-B","Saccharomyces cerevisiae S288C","BK006943:181,551..181,709(-)","hypothetical protein","No","1","MCO6"
"YJL127C","Saccharomyces cerevisiae S288C","BK006943:182,298..184,220(-)","Spt10p","No","1","SPT10"
"YJL128C","Saccharomyces cerevisiae S288C","BK006943:178,097..180,103(-)","mitogen-activated protein kinase kinase PBS2","No","1","PBS2"
"YJL129C","Saccharomyces cerevisiae S288C","BK006943:173,599..177,306(-)","Trk1p","No","1","TRK1"
"YJL130C","Saccharomyces cerevisiae S288C","BK006943:165,723..172,367(-)","bifunctional carbamoylphosphate synthetase/aspartate transcarbamylase","No","1","URA2"
"YJL131C","Saccharomyces cerevisiae S288C","BK006943:164,278..165,348(-)","Aim23p","No","1","AIM23"
"YJL132W","Saccharomyces cerevisiae S288C","BK006943:161,914..164,166(+)","hypothetical protein","No","1","N/A"
"YJL133C-A","Saccharomyces cerevisiae S288C","BK006943:159,623..159,847(-)","hypothetical protein","No","1","DPI8"
"YJL133W","Saccharomyces cerevisiae S288C","BK006943:160,619..161,563(+)","Fe(2+) transporter","No","1","MRS3"
"YJL134W","Saccharomyces cerevisiae S288C","BK006943:158,188..159,417(+)","sphinganine kinase LCB3","No","1","LCB3"
"YJL136C","Saccharomyces cerevisiae S288C","BK006943:156,550..157,273(-)","ribosomal 40S subunit protein S21B","No","1","RPS21B"
"YJL136W-A","Saccharomyces cerevisiae S288C","BK006943:156,169..156,252(+)","hypothetical protein","No","1","N/A"
"YJL137C","Saccharomyces cerevisiae S288C","BK006943:154,985..156,127(-)","glycogenin glucosyltransferase GLG2","No","1","GLG2"
"YJL138C","Saccharomyces cerevisiae S288C","BK006943:153,504..154,691(-)","translation initiation factor eIF4A","No","1","TIF2"
"YJL139C","Saccharomyces cerevisiae S288C","BK006943:151,713..152,999(-)","mannosyltransferase YUR1","No","1","YUR1"
"YJL140W","Saccharomyces cerevisiae S288C","BK006943:150,961..151,626(+)","DNA-directed RNA polymerase II subunit RPB4","No","1","RPB4"
"YJL141C","Saccharomyces cerevisiae S288C","BK006943:147,967..150,390(-)","serine/threonine protein kinase YAK1","No","1","YAK1"
"YJL143W","Saccharomyces cerevisiae S288C","BK006943:147,101..147,577(+)","protein transporter TIM17","No","1","TIM17"
"YJL144W","Saccharomyces cerevisiae S288C","BK006943:146,359..146,673(+)","hypothetical protein","No","1","ROQ1"
"YJL145W","Saccharomyces cerevisiae S288C","BK006943:145,160..146,044(+)","Sfh5p","No","1","SFH5"
"YJL146W","Saccharomyces cerevisiae S288C","BK006943:143,292..144,701(+)","Ids2p","No","1","IDS2"
"YJL147C","Saccharomyces cerevisiae S288C","BK006943:141,419..142,567(-)","Mrx5p","No","1","SMT1"
"YJL148W","Saccharomyces cerevisiae S288C","BK006943:140,437..141,138(+)","DNA-directed RNA polymerase I subunit RPA34","No","1","RPA34"
"YJL149W","Saccharomyces cerevisiae S288C","BK006943:137,379..139,370(+)","SCF ubiquitin ligase complex subunit DAS1","No","1","DAS1"
"YJL151C","Saccharomyces cerevisiae S288C","BK006943:136,372..136,773(-)","Sna3p","No","1","SNA3"
"YJL153C","Saccharomyces cerevisiae S288C","BK006943:134,332..135,933(-)","inositol-3-phosphate synthase INO1","No","1","INO1"
"YJL154C","Saccharomyces cerevisiae S288C","BK006943:131,101..133,935(-)","retromer subunit VPS35","No","1","VPS35"
"YJL155C","Saccharomyces cerevisiae S288C","BK006943:129,285..130,643(-)","fructose-2,6-bisphosphatase","No","1","FBP26"
"YJL156C","Saccharomyces cerevisiae S288C","BK006943:126,853..128,952(-)","Ssy5p","No","1","SSY5"
"YJL157C","Saccharomyces cerevisiae S288C","BK006943:123,836..126,328(-)","cyclin-dependent protein serine/threonine kinase inhibiting protein FAR1","No","1","FAR1"
"YJL158C","Saccharomyces cerevisiae S288C","BK006943:122,265..122,948(-)","Cis3p","No","1","CIS3"
"YJL159W","Saccharomyces cerevisiae S288C","BK006943:120,449..121,690(+)","heat shock protein HSP150","No","1","HSP150"
"YJL160C","Saccharomyces cerevisiae S288C","BK006943:117,962..118,825(-)","beta-1,3-glucan linked protein","No","1","PIR5"
"YJL161W","Saccharomyces cerevisiae S288C","BK006943:117,245..117,787(+)","Fmp33p","No","1","FMP33"
"YJL162C","Saccharomyces cerevisiae S288C","BK006943:113,878..115,629(-)","Jjj2p","No","1","JJJ2"
"YJL163C","Saccharomyces cerevisiae S288C","BK006943:111,666..113,333(-)","hypothetical protein","No","1","N/A"
"YJL164C","Saccharomyces cerevisiae S288C","BK006943:109,966..111,159(-)","cAMP-dependent protein kinase catalytic subunit TPK1","No","1","TPK1"
"YJL165C","Saccharomyces cerevisiae S288C","BK006943:106,894..109,461(-)","protein kinase HAL5","No","1","HAL5"
"YJL166W","Saccharomyces cerevisiae S288C","BK006943:106,434..106,718(+)","ubiquinol--cytochrome-c reductase subunit 8","No","1","QCR8"
"YJL167W","Saccharomyces cerevisiae S288C","BK006943:105,014..106,072(+)","bifunctional (2E,6E)-farnesyl diphosphate synthase/dimethylallyltranstransferase","No","1","ERG20"
"YJL168C","Saccharomyces cerevisiae S288C","BK006943:102,227..104,428(-)","histone methyltransferase SET2","No","1","SET2"
"YJL170C","Saccharomyces cerevisiae S288C","BK006943:101,150..101,779(-)","Asg7p","No","1","ASG7"
"YJL171C","Saccharomyces cerevisiae S288C","BK006943:99,704..100,894(-)","hypothetical protein","No","1","TOH1"
"YJL172W","Saccharomyces cerevisiae S288C","BK006943:97,737..99,467(+)","Gly-Xaa carboxypeptidase","No","1","CPS1"
"YJL173C","Saccharomyces cerevisiae S288C","BK006943:96,161..96,529(-)","Rfa3p","No","1","RFA3"
"YJL174W","Saccharomyces cerevisiae S288C","BK006943:95,092..95,922(+)","Kre9p","No","1","KRE9"
"YJL176C","Saccharomyces cerevisiae S288C","BK006943:92,053..94,530(-)","Swi3p","No","1","SWI3"
"YJL177W","Saccharomyces cerevisiae S288C","BK006943:90,786..91,657(+)","ribosomal 60S subunit protein L17B","No","1","RPL17B"
"YJL178C","Saccharomyces cerevisiae S288C","BK006943:89,282..90,097(-)","Atg27p","No","1","ATG27"
"YJL179W","Saccharomyces cerevisiae S288C","BK006943:88,787..89,116(+)","prefolding complex chaperone subunit","No","1","PFD1"
"YJL180C","Saccharomyces cerevisiae S288C","BK006943:87,583..88,560(-)","ATP synthase complex assembly protein ATP12","No","1","ATP12"
"YJL181W","Saccharomyces cerevisiae S288C","BK006943:85,660..87,495(+)","hypothetical protein","No","1","RBH1"
"YJL183W","Saccharomyces cerevisiae S288C","BK006943:84,068..85,336(+)","alpha-1,6-mannosyltransferase","No","1","MNN11"
"YJL184W","Saccharomyces cerevisiae S288C","BK006943:83,448..83,819(+)","chromatin DNA-binding EKC/KEOPS complex subunit GON7","No","1","GON7"
"YJL185C","Saccharomyces cerevisiae S288C","BK006943:82,095..82,976(-)","Atg36p","No","1","ATG36"
"YJL186W","Saccharomyces cerevisiae S288C","BK006943:80,155..81,915(+)","alpha-1,2-mannosyltransferase MNN5","No","1","MNN5"
"YJL187C","Saccharomyces cerevisiae S288C","BK006943:76,803..79,262(-)","tyrosine protein kinase SWE1","No","1","SWE1"
"YJL189W","Saccharomyces cerevisiae S288C","BK006943:75,933..76,474(+)","ribosomal 60S subunit protein L39","No","1","RPL39"
"YJL190C","Saccharomyces cerevisiae S288C","BK006943:74,910..75,302(-)","ribosomal 40S subunit protein S22A","No","1","RPS22A"
"YJL193W","Saccharomyces cerevisiae S288C","BK006943:71,366..72,574(+)","hypothetical protein","No","1","N/A"
"YJL191W","Saccharomyces cerevisiae S288C","BK006943:73,787..74,611(+)","ribosomal 40S subunit protein S14B","No","1","RPS14B"
"YJL192C","Saccharomyces cerevisiae S288C","BK006943:72,710..73,414(-)","Sop4p","No","1","SOP4"
"YJL194W","Saccharomyces cerevisiae S288C","BK006943:69,338..70,879(+)","AAA family ATPase CDC6","No","1","CDC6"
"YJL196C","Saccharomyces cerevisiae S288C","BK006943:67,850..68,782(-)","fatty acid elongase ELO1","No","1","ELO1"
"YJL197W","Saccharomyces cerevisiae S288C","BK006943:63,805..67,569(+)","putative ubiquitin-specific protease UBP12","No","1","UBP12"
"YJL198W","Saccharomyces cerevisiae S288C","BK006943:60,844..63,489(+)","SPX domain-containing inorganic phosphate transporter","No","1","PHO90"
"YJL200C","Saccharomyces cerevisiae S288C","BK006943:56,444..58,813(-)","aconitate hydratase ACO2","No","1","ACO2"
"YJL201W","Saccharomyces cerevisiae S288C","BK006943:54,379..56,178(+)","Ecm25p","No","1","ECM25"
"YJL203W","Saccharomyces cerevisiae S288C","BK006943:53,341..54,183(+)","Prp21p","No","1","PRP21"
"YJL204C","Saccharomyces cerevisiae S288C","BK006943:50,629..53,151(-)","Rcy1p","No","1","RCY1"
"YJL205C","Saccharomyces cerevisiae S288C","BK006943:50,139..50,443(-)","Nce101p","No","1","NCE101"
"YJL206C","Saccharomyces cerevisiae S288C","BK006943:47,659..49,935(-)","hypothetical protein","No","1","N/A"
"YJL207C","Saccharomyces cerevisiae S288C","BK006943:41,389..47,433(-)","Laa1p","No","1","LAA1"
"YJL208C","Saccharomyces cerevisiae S288C","BK006943:40,194..41,183(-)","ribonuclease","No","1","NUC1"
"YJL209W","Saccharomyces cerevisiae S288C","BK006943:38,005..39,969(+)","Cbp1p","No","1","CBP1"
"YJL210W","Saccharomyces cerevisiae S288C","BK006943:36,919..37,734(+)","ubiquitin-protein ligase peroxin 2","No","1","PEX2"
"YJL212C","Saccharomyces cerevisiae S288C","BK006943:33,850..36,249(-)","oligopeptide transporter OPT1","No","1","OPT1"
"YJL213W","Saccharomyces cerevisiae S288C","BK006943:32,163..33,158(+)","hypothetical protein","No","1","N/A"
"YJL214W","Saccharomyces cerevisiae S288C","BK006943:26,887..28,596(+)","hexose transporter HXT8","No","1","HXT8"
"YJL216C","Saccharomyces cerevisiae S288C","BK006943:24,341..26,086(-)","oligo-1,6-glucosidase IMA5","No","1","IMA5"
"YJL217W","Saccharomyces cerevisiae S288C","BK006943:23,133..23,729(+)","Ree1p","No","1","REE1"
"YJL218W","Saccharomyces cerevisiae S288C","BK006943:21,973..22,563(+)","acetyltransferase","No","1","N/A"
"YJL219W","Saccharomyces cerevisiae S288C","BK006943:19,497..21,200(+)","hexose transporter HXT9","No","1","HXT9"
"YJL221C","Saccharomyces cerevisiae S288C","BK006943:16,767..18,536(-)","oligo-1,6-glucosidase IMA4","No","1","IMA4"
"YJL222W","Saccharomyces cerevisiae S288C","BK006943:11,475..16,124(+)","signal sequence-binding protein","No","1","VTH2"
"YJL223C","Saccharomyces cerevisiae S288C","BK006943:8,776..9,138(-)","seripauperin PAU1","No","1","PAU1"
"YJL225C","Saccharomyces cerevisiae S288C","BK006943:466..6,130(-)","Y' element ATP-dependent helicase","No","1","N/A"
"YJR001W","Saccharomyces cerevisiae S288C","BK006943:436,802..438,610(+)","Avt1p","No","1","AVT1"
"YJR002W","Saccharomyces cerevisiae S288C","BK006943:438,865..440,646(+)","rRNA-processing protein MPP10","No","1","MPP10"
"YJR003C","Saccharomyces cerevisiae S288C","BK006943:440,994..442,553(-)","Mrx12p","No","1","MRX12"
"YJR004C","Saccharomyces cerevisiae S288C","BK006943:442,909..444,861(-)","Sag1p","No","1","SAG1"
"YJR005C-A","Saccharomyces cerevisiae S288C","BK006943:448,477..448,758(-)","Lso1p","No","1","LSO1"
"YJR005W","Saccharomyces cerevisiae S288C","BK006943:445,923..448,025(+)","Apl1p","No","1","APL1"
"YJR006W","Saccharomyces cerevisiae S288C","BK006943:449,202..450,665(+)","DNA-directed DNA polymerase delta subunit POL31","No","1","POL31"
"YJR007W","Saccharomyces cerevisiae S288C","BK006943:451,020..451,934(+)","translation initiation factor eIF2 subunit alpha","No","1","SUI2"
"YJR008W","Saccharomyces cerevisiae S288C","BK006943:452,430..453,446(+)","Mho1p","No","1","MHO1"
"YJR009C","Saccharomyces cerevisiae S288C","BK006943:453,683..454,681(-)","glyceraldehyde-3-phosphate dehydrogenase (phosphorylating) TDH2","No","1","TDH2"
"YJR010C-A","Saccharomyces cerevisiae S288C","BK006943:458,077..458,361(-)","signal peptidase complex subunit SPC1","No","1","SPC1"
"YJR010W","Saccharomyces cerevisiae S288C","BK006943:456,239..457,774(+)","sulfate adenylyltransferase","No","1","MET3"
"YJR011C","Saccharomyces cerevisiae S288C","BK006943:458,641..459,426(-)","hypothetical protein","No","1","N/A"
"YJR012C","Saccharomyces cerevisiae S288C","BK006943:459,795..460,418(-)","hypothetical protein","No","1","N/A"
"YJR013W","Saccharomyces cerevisiae S288C","BK006943:460,382..461,593(+)","glycosylphosphatidylinositol-alpha 1,4 mannosyltransferase I","No","1","GPI14"
"YJR014W","Saccharomyces cerevisiae S288C","BK006943:461,829..462,425(+)","Tma22p","No","1","TMA22"
"YJR015W","Saccharomyces cerevisiae S288C","BK006943:462,721..464,253(+)","hypothetical protein","No","1","N/A"
"YJR016C","Saccharomyces cerevisiae S288C","BK006943:464,451..466,208(-)","dihydroxy-acid dehydratase ILV3","No","1","ILV3"
"YJR017C","Saccharomyces cerevisiae S288C","BK006943:466,521..467,033(-)","peptidylprolyl isomerase ESS1","No","1","ESS1"
"YJR019C","Saccharomyces cerevisiae S288C","BK006943:467,232..468,281(-)","Tes1p","No","1","TES1"
"YJR021C","Saccharomyces cerevisiae S288C","BK006943:468,555..469,579(-)","Rec107p","No","1","REC107"
"YJR022W","Saccharomyces cerevisiae S288C","BK006943:469,784..470,113(+)","U4/U6-U5 snRNP complex subunit LSM8","No","1","LSM8"
"YJR024C","Saccharomyces cerevisiae S288C","BK006943:470,230..470,964(-)","methylthioribulose 1-phosphate dehydratase MDE1","No","1","MDE1"
"YJR025C","Saccharomyces cerevisiae S288C","BK006943:471,138..471,671(-)","3-hydroxyanthranilate 3,4-dioxygenase","No","1","BNA1"
"YJR026W","Saccharomyces cerevisiae S288C","BK006943:472,760..474,082(+)","gag protein","No","1","TY1A-ML2"
"YJR027W","Saccharomyces cerevisiae S288C","BK006943:472,760..478,028(+)","gag-pol fusion protein","No","1","TY1B-JR1"
"YJR028W","Saccharomyces cerevisiae S288C","BK006943:478,344..479,666(+)","gag protein","No","1","TY1A-JR2"
"YJR029W","Saccharomyces cerevisiae S288C","BK006943:478,344..483,612(+)","gag-pol fusion protein","No","1","TY1B-JR2"
"YJR030C","Saccharomyces cerevisiae S288C","BK006943:483,959..486,196(-)","hypothetical protein","No","1","RBH2"
"YJR031C","Saccharomyces cerevisiae S288C","BK006943:486,586..490,812(-)","Arf family guanine nucleotide exchange factor GEA1","No","1","GEA1"
"YJR032W","Saccharomyces cerevisiae S288C","BK006943:491,081..492,262(+)","peptidylprolyl isomerase CPR7","No","1","CPR7"
"YJR033C","Saccharomyces cerevisiae S288C","BK006943:492,378..496,451(-)","Rav1p","No","1","RAV1"
"YJR034W","Saccharomyces cerevisiae S288C","BK006943:496,683..497,009(+)","Pet191p","No","1","PET191"
"YJR035W","Saccharomyces cerevisiae S288C","BK006943:497,355..500,612(+)","DNA-dependent ATPase RAD26","No","1","RAD26"
"YJR036C","Saccharomyces cerevisiae S288C","BK006943:500,713..503,391(-)","putative E3 ubiquitin-protein ligase HUL4","No","1","HUL4"
"YJR039W","Saccharomyces cerevisiae S288C","BK006943:503,936..507,301(+)","hypothetical protein","No","1","MLO127"
"YJR040W","Saccharomyces cerevisiae S288C","BK006943:507,746..510,085(+)","Gef1p","No","1","GEF1"
"YJR041C","Saccharomyces cerevisiae S288C","BK006943:510,239..513,763(-)","Urb2p","No","1","URB2"
"YJR042W","Saccharomyces cerevisiae S288C","BK006943:514,055..516,289(+)","Nup85p","No","1","NUP85"
"YJR043C","Saccharomyces cerevisiae S288C","BK006943:516,461..517,513(-)","DNA polymerase delta subunit POL32","No","1","POL32"
"YJR044C","Saccharomyces cerevisiae S288C","BK006943:518,763..519,185(-)","Vps55p","No","1","VPS55"
"YJR045C","Saccharomyces cerevisiae S288C","BK006943:519,638..521,602(-)","Hsp70 family ATPase SSC1","No","1","SSC1"
"YJR046W","Saccharomyces cerevisiae S288C","BK006943:522,048..523,862(+)","Tah11p","No","1","TAH11"
"YJR047C","Saccharomyces cerevisiae S288C","BK006943:524,908..525,381(-)","translation elongation factor eIF-5A","No","1","ANB1"
"YJR048W","Saccharomyces cerevisiae S288C","BK006943:526,335..526,664(+)","cytochrome c isoform 1","No","1","CYC1"
"YJR049C","Saccharomyces cerevisiae S288C","BK006943:526,884..528,476(-)","NADH/NAD(+) kinase","No","1","UTR1"
"YJR050W","Saccharomyces cerevisiae S288C","BK006943:528,697..529,404(+)","Isy1p","No","1","ISY1"
"YJR051W","Saccharomyces cerevisiae S288C","BK006943:529,861..531,366(+)","fumarate reductase","No","1","OSM1"
"YJR052W","Saccharomyces cerevisiae S288C","BK006943:532,062..533,759(+)","UV-damaged DNA-binding protein RAD7","No","1","RAD7"
"YJR053W","Saccharomyces cerevisiae S288C","BK006943:534,027..535,751(+)","Bfa1p","No","1","BFA1"
"YJR054W","Saccharomyces cerevisiae S288C","BK006943:536,056..537,549(+)","Kch1p","No","1","KCH1"
"YJR055W","Saccharomyces cerevisiae S288C","BK006943:538,772..539,266(+)","Hit1p","No","1","HIT1"
"YJR056C","Saccharomyces cerevisiae S288C","BK006943:541,792..542,502(-)","hypothetical protein","No","1","N/A"
"YJR057W","Saccharomyces cerevisiae S288C","BK006943:544,062..544,712(+)","bifunctional thymidylate/uridylate kinase","No","1","CDC8"
"YJR058C","Saccharomyces cerevisiae S288C","BK006943:544,732..545,175(-)","Aps2p","No","1","APS2"
"YJR059W","Saccharomyces cerevisiae S288C","BK006943:545,787..548,243(+)","protein kinase PTK2","No","1","PTK2"
"YJR060W","Saccharomyces cerevisiae S288C","BK006943:548,759..549,814(+)","Cbf1p","No","1","CBF1"
"YJR061W","Saccharomyces cerevisiae S288C","BK006943:550,511..553,318(+)","hypothetical protein","No","1","MNN14"
"YJR062C","Saccharomyces cerevisiae S288C","BK006943:553,476..554,849(-)","amidase","No","1","NTA1"
"YJR063W","Saccharomyces cerevisiae S288C","BK006943:555,195..555,572(+)","DNA-directed RNA polymerase I core subunit RPA12","No","1","RPA12"
"YJR064W","Saccharomyces cerevisiae S288C","BK006943:555,914..557,602(+)","chaperonin-containing T-complex subunit CCT5","No","1","CCT5"
"YJR065C","Saccharomyces cerevisiae S288C","BK006943:557,809..559,158(-)","actin-related protein 3","No","1","ARP3"
"YJR066W","Saccharomyces cerevisiae S288C","BK006943:559,416..566,828(+)","phosphatidylinositol kinase-related protein kinase TOR1","No","1","TOR1"
"YJR067C","Saccharomyces cerevisiae S288C","BK006943:567,019..567,444(-)","Yae1p","No","1","YAE1"
"YJR068W","Saccharomyces cerevisiae S288C","BK006943:567,643..568,704(+)","replication factor C subunit 2","No","1","RFC2"
"YJR069C","Saccharomyces cerevisiae S288C","BK006943:568,806..569,399(-)","nucleoside triphosphate pyrophosphohydrolase HAM1","No","1","HAM1"
"YJR070C","Saccharomyces cerevisiae S288C","BK006943:569,621..570,598(-)","Lia1p","No","1","LIA1"
"YJR072C","Saccharomyces cerevisiae S288C","BK006943:570,967..572,124(-)","GTPase NPA3","No","1","NPA3"
"YJR073C","Saccharomyces cerevisiae S288C","BK006943:572,315..572,935(-)","bifunctional phosphatidyl-N-methylethanolamine N-methyltransferase/phosphatidyl-N-dimethylethanolamine N-methyltransferase","No","1","OPI3"
"YJR074W","Saccharomyces cerevisiae S288C","BK006943:573,095..573,751(+)","Ran GTPase-binding protein MOG1","No","1","MOG1"
"YJR075W","Saccharomyces cerevisiae S288C","BK006943:573,981..575,171(+)","alpha-1,6-mannosyltransferase","No","1","HOC1"
"YJR076C","Saccharomyces cerevisiae S288C","BK006943:575,354..576,601(-)","septin CDC11","No","1","CDC11"
"YJR077C","Saccharomyces cerevisiae S288C","BK006943:577,255..578,190(-)","Mir1p","No","1","MIR1"
"YJR078W","Saccharomyces cerevisiae S288C","BK006943:578,860..580,221(+)","dioxygenase BNA2","No","1","BNA2"
"YJR079W","Saccharomyces cerevisiae S288C","BK006943:580,205..581,239(+)","hypothetical protein","No","1","N/A"
"YJR080C","Saccharomyces cerevisiae S288C","BK006943:580,432..581,616(-)","Aim24p","No","1","AIM24"
"YJR082C","Saccharomyces cerevisiae S288C","BK006943:581,914..582,255(-)","Eaf6p","No","1","EAF6"
"YJR085C","Saccharomyces cerevisiae S288C","BK006943:585,120..585,437(-)","hypothetical protein","No","1","TMH11"
"YJR083C","Saccharomyces cerevisiae S288C","BK006943:582,608..583,537(-)","Acf4p","No","1","ACF4"
"YJR084W","Saccharomyces cerevisiae S288C","BK006943:583,733..585,004(+)","hypothetical protein","No","1","CSN12"
"YJR086W","Saccharomyces cerevisiae S288C","BK006943:586,068..586,400(+)","Ste18p","No","1","STE18"
"YJR088C","Saccharomyces cerevisiae S288C","BK006943:586,495..587,373(-)","Emc2p","No","1","EMC2"
"YJR089W","Saccharomyces cerevisiae S288C","BK006943:587,718..590,582(+)","Bir1p","No","1","BIR1"
"YJR090C","Saccharomyces cerevisiae S288C","BK006943:590,872..594,327(-)","SCF ubiquitin ligase complex subunit GRR1","No","1","GRR1"
"YJR091C","Saccharomyces cerevisiae S288C","BK006943:595,061..598,336(-)","Jsn1p","No","1","JSN1"
"YJR092W","Saccharomyces cerevisiae S288C","BK006943:598,735..603,078(+)","Bud4p","No","1","BUD4"
"YJR093C","Saccharomyces cerevisiae S288C","BK006943:603,220..604,203(-)","cleavage polyadenylation factor subunit FIP1","No","1","FIP1"
"YJR094C","Saccharomyces cerevisiae S288C","BK006943:604,569..605,651(-)","transcription factor IME1","No","1","IME1"
"YJR094W-A","Saccharomyces cerevisiae S288C","BK006943:608,305..608,858(+)","ribosomal 60S subunit protein L43B","No","1","RPL43B"
"YJR095W","Saccharomyces cerevisiae S288C","BK006943:609,773..610,741(+)","Sfc1p","No","1","SFC1"
"YJR096W","Saccharomyces cerevisiae S288C","BK006943:611,195..612,043(+)","aldo-keto reductase superfamily protein","No","1","N/A"
"YJR097W","Saccharomyces cerevisiae S288C","BK006943:612,413..612,931(+)","Jjj3p","No","1","JJJ3"
"YJR098C","Saccharomyces cerevisiae S288C","BK006943:613,186..615,156(-)","hypothetical protein","No","1","N/A"
"YJR099W","Saccharomyces cerevisiae S288C","BK006943:615,576..616,286(+)","ubiquitin-specific protease YUH1","No","1","YUH1"
"YJR100C","Saccharomyces cerevisiae S288C","BK006943:616,351..617,334(-)","Aim25p","No","1","AIM25"
"YJR101W","Saccharomyces cerevisiae S288C","BK006943:618,234..619,034(+)","mitochondrial 37S ribosomal protein RSM26","No","1","RSM26"
"YJR102C","Saccharomyces cerevisiae S288C","BK006943:619,157..619,765(-)","ESCRT-II subunit protein VPS25","No","1","VPS25"
"YJR103W","Saccharomyces cerevisiae S288C","BK006943:620,754..622,490(+)","CTP synthase URA8","No","1","URA8"
"YJR104C","Saccharomyces cerevisiae S288C","BK006943:622,550..623,014(-)","superoxide dismutase SOD1","No","1","SOD1"
"YJR105W","Saccharomyces cerevisiae S288C","BK006943:623,581..624,603(+)","adenosine kinase","No","1","ADO1"
"YJR106W","Saccharomyces cerevisiae S288C","BK006943:624,838..627,015(+)","Ecm27p","No","1","ECM27"
"YJR107W","Saccharomyces cerevisiae S288C","BK006943:627,340..628,326(+)","putative lipase","No","1","LIH1"
"YJR108W","Saccharomyces cerevisiae S288C","BK006943:628,712..629,083(+)","Abm1p","No","1","ABM1"
"YJR109C","Saccharomyces cerevisiae S288C","BK006943:629,585..632,941(-)","carbamoyl-phosphate synthase (glutamine-hydrolyzing) CPA2","No","1","CPA2"
"YJR110W","Saccharomyces cerevisiae S288C","BK006943:633,615..635,681(+)","phosphatidylinositol-3-phosphatase YMR1","No","1","YMR1"
"YJR111C","Saccharomyces cerevisiae S288C","BK006943:635,855..636,706(-)","hypothetical protein","No","1","PXP2"
"YJR112W-A","Saccharomyces cerevisiae S288C","BK006943:637,790..638,168(+)","hypothetical protein","No","1","N/A"
"YJR112W","Saccharomyces cerevisiae S288C","BK006943:637,030..637,635(+)","MIND complex subunit NNF1","No","1","NNF1"
"YJR113C","Saccharomyces cerevisiae S288C","BK006943:638,232..638,975(-)","mitochondrial 37S ribosomal protein RSM7","No","1","RSM7"
"YJR115W","Saccharomyces cerevisiae S288C","BK006943:639,942..640,451(+)","hypothetical protein","No","1","N/A"
"YJR116W","Saccharomyces cerevisiae S288C","BK006943:640,825..641,664(+)","Tda4p","No","1","TDA4"
"YJR117W","Saccharomyces cerevisiae S288C","BK006943:642,007..643,368(+)","zinc metalloprotease","No","1","STE24"
"YJR118C","Saccharomyces cerevisiae S288C","BK006943:643,490..644,101(-)","Ilm1p","No","1","ILM1"
"YJR119C","Saccharomyces cerevisiae S288C","BK006943:644,304..646,490(-)","histone demethylase","No","1","JHD2"
"YJR120W","Saccharomyces cerevisiae S288C","BK006943:647,126..647,476(+)","hypothetical protein","No","1","N/A"
"YJR121W","Saccharomyces cerevisiae S288C","BK006943:647,607..649,142(+)","F1F0 ATP synthase subunit beta","No","1","ATP2"
"YJR122W","Saccharomyces cerevisiae S288C","BK006943:649,776..651,269(+)","Iba57p","No","1","IBA57"
"YJR123W","Saccharomyces cerevisiae S288C","BK006943:651,901..652,578(+)","ribosomal 40S subunit protein S5","No","1","RPS5"
"YJR124C","Saccharomyces cerevisiae S288C","BK006943:652,892..654,238(-)","hypothetical protein","No","1","N/A"
"YJR125C","Saccharomyces cerevisiae S288C","BK006943:654,737..655,963(-)","Ent3p","No","1","ENT3"
"YJR126C","Saccharomyces cerevisiae S288C","BK006943:656,254..658,689(-)","putative zinc metalloprotease","No","1","VPS70"
"YJR127C","Saccharomyces cerevisiae S288C","BK006943:658,917..663,059(-)","Rsf2p","No","1","RSF2"
"YJR129C","Saccharomyces cerevisiae S288C","BK006943:664,000..665,019(-)","protein-lysine N-methyltransferase","No","1","EFM3"
"YJR130C","Saccharomyces cerevisiae S288C","BK006943:665,218..667,137(-)","cystathionine gamma-synthase","No","1","STR2"
"YJR131W","Saccharomyces cerevisiae S288C","BK006943:667,644..669,293(+)","mannosyl-oligosaccharide 1,2-alpha-mannosidase","No","1","MNS1"
"YJR132W","Saccharomyces cerevisiae S288C","BK006943:669,522..672,668(+)","Nmd5p","No","1","NMD5"
"YJR133W","Saccharomyces cerevisiae S288C","BK006943:672,991..673,620(+)","xanthine phosphoribosyltransferase","No","1","XPT1"
"YJR134C","Saccharomyces cerevisiae S288C","BK006943:673,729..675,852(-)","Sgm1p","No","1","SGM1"
"YJR135C","Saccharomyces cerevisiae S288C","BK006943:676,059..676,778(-)","Mcm22p","No","1","MCM22"
"YJR135W-A","Saccharomyces cerevisiae S288C","BK006943:676,971..677,234(+)","protein transporter TIM8","No","1","TIM8"
"YJR136C","Saccharomyces cerevisiae S288C","BK006943:677,441..678,706(-)","Tti2p","No","1","TTI2"
"YJR137C","Saccharomyces cerevisiae S288C","BK006943:678,957..683,285(-)","sulfite reductase (NADPH) subunit beta","No","1","MET5"
"YJR138W","Saccharomyces cerevisiae S288C","BK006943:684,567..689,321(+)","Iml1p","No","1","IML1"
"YJR139C","Saccharomyces cerevisiae S288C","BK006943:689,445..690,524(-)","homoserine dehydrogenase","No","1","HOM6"
"YJR140C","Saccharomyces cerevisiae S288C","BK006943:690,750..695,696(-)","Hir3p","No","1","HIR3"
"YJR141W","Saccharomyces cerevisiae S288C","BK006943:695,906..696,949(+)","putative polyadenylation protein","No","1","IPA1"
"YJR142W","Saccharomyces cerevisiae S288C","BK006943:697,141..698,169(+)","hypothetical protein","No","1","N/A"
"YJR143C","Saccharomyces cerevisiae S288C","BK006943:698,326..700,614(-)","dolichyl-phosphate-mannose-protein mannosyltransferase","No","1","PMT4"
"YJR144W","Saccharomyces cerevisiae S288C","BK006943:700,882..701,691(+)","Mgm101p","No","1","MGM101"
"YJR145C","Saccharomyces cerevisiae S288C","BK006943:702,027..703,068(-)","ribosomal 40S subunit protein S4A","No","1","RPS4A"
"YJR146W","Saccharomyces cerevisiae S288C","BK006943:703,885..704,238(+)","hypothetical protein","No","1","N/A"
"YJR147W","Saccharomyces cerevisiae S288C","BK006943:704,196..705,272(+)","Hms2p","No","1","HMS2"
"YJR148W","Saccharomyces cerevisiae S288C","BK006943:705,744..706,874(+)","branched-chain-amino-acid transaminase BAT2","No","1","BAT2"
"YJR149W","Saccharomyces cerevisiae S288C","BK006943:707,160..708,374(+)","putative nitronate monooxygenase","No","1","N/A"
"YJR150C","Saccharomyces cerevisiae S288C","BK006943:708,811..709,707(-)","Dan1p","No","1","DAN1"
"YJR151C","Saccharomyces cerevisiae S288C","BK006943:712,255..715,740(-)","Dan4p","No","1","DAN4"
"YJR151W-A","Saccharomyces cerevisiae S288C","BK006943:717,580..717,630(+)","hypothetical protein","No","1","N/A"
"YJR152W","Saccharomyces cerevisiae S288C","BK006943:719,666..721,297(+)","allantoate permease","No","1","DAL5"
"YJR153W","Saccharomyces cerevisiae S288C","BK006943:722,815..723,900(+)","Pgu1p","No","1","PGU1"
"YJR154W","Saccharomyces cerevisiae S288C","BK006943:725,784..726,824(+)","hypothetical protein","No","1","N/A"
"YJR155W","Saccharomyces cerevisiae S288C","BK006943:727,405..728,271(+)","putative aryl-alcohol dehydrogenase","No","1","AAD10"
"YJR156C","Saccharomyces cerevisiae S288C","BK006943:728,574..729,596(-)","4-amino-5-hydroxymethyl-2-methylpyrimidine phosphate synthase","No","1","THI11"
"YJR158W","Saccharomyces cerevisiae S288C","BK006943:732,440..734,143(+)","hexose transporter HXT16","No","1","HXT16"
"YJR159W","Saccharomyces cerevisiae S288C","BK006943:736,044..737,117(+)","L-iditol 2-dehydrogenase SOR1","No","1","SOR1"
"YJR160C","Saccharomyces cerevisiae S288C","BK006943:738,008..739,816(-)","alpha-glucoside permease","No","1","MPH3"
"YJR161C","Saccharomyces cerevisiae S288C","BK006943:742,848..743,999(-)","Cos5p","No","1","COS5"
"YKL001C","Saccharomyces cerevisiae S288C","BK006944:438,777..439,385(-)","adenylyl-sulfate kinase","No","1","MET14"
"YKL002W","Saccharomyces cerevisiae S288C","BK006944:437,778..438,544(+)","ESCRT-III subunit protein DID4","No","1","DID4"
"YKL003C","Saccharomyces cerevisiae S288C","BK006944:437,097..437,492(-)","mitochondrial 37S ribosomal protein YmS16","No","1","MRP17"
"YKL004W","Saccharomyces cerevisiae S288C","BK006944:435,580..436,785(+)","inositol phosphorylceramide synthase","No","1","AUR1"
"YKL005C","Saccharomyces cerevisiae S288C","BK006944:433,093..434,877(-)","Bye1p","No","1","BYE1"
"YKL006C-A","Saccharomyces cerevisiae S288C","BK006944:430,198..430,632(-)","Sft1p","No","1","SFT1"
"YKL006W","Saccharomyces cerevisiae S288C","BK006944:431,906..432,720(+)","ribosomal 60S subunit protein L14A","No","1","RPL14A"
"YKL007W","Saccharomyces cerevisiae S288C","BK006944:429,302..430,108(+)","Cap1p","No","1","CAP1"
"YKL008C","Saccharomyces cerevisiae S288C","BK006944:427,295..428,551(-)","sphingosine N-acyltransferase LAC1","No","1","LAC1"
"YKL009W","Saccharomyces cerevisiae S288C","BK006944:426,242..426,952(+)","Mrt4p","No","1","MRT4"
"YKL010C","Saccharomyces cerevisiae S288C","BK006944:421,424..425,875(-)","putative ubiquitin-protein ligase UFD4","No","1","UFD4"
"YKL011C","Saccharomyces cerevisiae S288C","BK006944:420,155..421,216(-)","cruciform cutting endonuclease","No","1","CCE1"
"YKL012W","Saccharomyces cerevisiae S288C","BK006944:418,310..420,061(+)","Prp40p","No","1","PRP40"
"YKL013C","Saccharomyces cerevisiae S288C","BK006944:417,508..418,023(-)","Arc19p","No","1","ARC19"
"YKL014C","Saccharomyces cerevisiae S288C","BK006944:411,619..416,913(-)","Urb1p","No","1","URB1"
"YKL015W","Saccharomyces cerevisiae S288C","BK006944:408,544..411,483(+)","Put3p","No","1","PUT3"
"YKL016C","Saccharomyces cerevisiae S288C","BK006944:407,465..407,989(-)","F1F0 ATP synthase subunit d","No","1","ATP7"
"YKL017C","Saccharomyces cerevisiae S288C","BK006944:405,190..407,241(-)","ATP-dependent 5'-3' DNA helicase HCS1","No","1","HCS1"
"YKL018C-A","Saccharomyces cerevisiae S288C","BK006944:403,580..403,879(-)","hypothetical protein","No","1","MCO12"
"YKL018W","Saccharomyces cerevisiae S288C","BK006944:404,102..405,091(+)","WD-repeat containing protein SWD2","No","1","SWD2"
"YKL019W","Saccharomyces cerevisiae S288C","BK006944:402,568..403,518(+)","bifunctional protein farnesyltransferase/protein geranylgeranyltransferase","No","1","RAM2"
"YKL020C","Saccharomyces cerevisiae S288C","BK006944:398,832..402,080(-)","Spt23p","No","1","SPT23"
"YKL021C","Saccharomyces cerevisiae S288C","BK006944:397,344..398,750(-)","Mak11p","No","1","MAK11"
"YKL022C","Saccharomyces cerevisiae S288C","BK006944:394,726..397,248(-)","anaphase promoting complex subunit CDC16","No","1","CDC16"
"YKL023C-A","Saccharomyces cerevisiae S288C","BK006944:393,146..393,373(-)","hypothetical protein","No","1","MIN9"
"YKL023W","Saccharomyces cerevisiae S288C","BK006944:393,721..394,554(+)","hypothetical protein","No","1","SKA1"
"YKL026C","Saccharomyces cerevisiae S288C","BK006944:389,380..389,883(-)","glutathione peroxidase GPX1","No","1","GPX1"
"YKL024C","Saccharomyces cerevisiae S288C","BK006944:392,526..393,140(-)","bifunctional uridylate/adenylate kinase","No","1","URA6"
"YKL025C","Saccharomyces cerevisiae S288C","BK006944:390,240..392,279(-)","Pan3p","No","1","PAN3"
"YKL027W","Saccharomyces cerevisiae S288C","BK006944:387,562..388,905(+)","tRNA threonylcarbamoyladenosine dehydratase","No","1","TCD2"
"YKL028W","Saccharomyces cerevisiae S288C","BK006944:385,758..387,206(+)","transcription factor TFIIE subunit TFA1","No","1","TFA1"
"YKL029C","Saccharomyces cerevisiae S288C","BK006944:382,716..384,725(-)","malate dehydrogenase (oxaloacetate-decarboxylating)","No","1","MAE1"
"YKL032C","Saccharomyces cerevisiae S288C","BK006944:380,065..381,858(-)","DNA-binding transcription repressor IXR1","No","1","IXR1"
"YKL033W-A","Saccharomyces cerevisiae S288C","BK006944:374,505..375,215(+)","putative hydrolase","No","1","N/A"
"YKL033W","Saccharomyces cerevisiae S288C","BK006944:375,456..378,572(+)","Tti1p","No","1","TTI1"
"YKL034W","Saccharomyces cerevisiae S288C","BK006944:371,829..374,105(+)","ubiquitin-protein ligase TUL1","No","1","TUL1"
"YKL035W","Saccharomyces cerevisiae S288C","BK006944:369,891..371,390(+)","UTP glucose-1-phosphate uridylyltransferase","No","1","UGP1"
"YKL037W","Saccharomyces cerevisiae S288C","BK006944:369,365..369,721(+)","Aim26p","No","1","AIM26"
"YKL038W","Saccharomyces cerevisiae S288C","BK006944:365,605..369,117(+)","Rgt1p","No","1","RGT1"
"YKL039W","Saccharomyces cerevisiae S288C","BK006944:362,622..364,193(+)","Ptm1p","No","1","PTM1"
"YKL040C","Saccharomyces cerevisiae S288C","BK006944:361,058..361,828(-)","Nfu1p","No","1","NFU1"
"YKL041W","Saccharomyces cerevisiae S288C","BK006944:360,143..360,817(+)","ESCRT-III subunit protein VPS24","No","1","VPS24"
"YKL042W","Saccharomyces cerevisiae S288C","BK006944:358,475..359,566(+)","Spc42p","No","1","SPC42"
"YKL043W","Saccharomyces cerevisiae S288C","BK006944:356,748..357,848(+)","Phd1p","No","1","PHD1"
"YKL044W","Saccharomyces cerevisiae S288C","BK006944:356,322..356,642(+)","hypothetical protein","No","1","MMO1"
"YKL045W","Saccharomyces cerevisiae S288C","BK006944:353,493..355,079(+)","DNA primase subunit PRI2","No","1","PRI2"
"YKL046C","Saccharomyces cerevisiae S288C","BK006944:351,275..352,624(-)","putative mannan endo-1,6-alpha-mannosidase","No","1","DCW1"
"YKL047W","Saccharomyces cerevisiae S288C","BK006944:349,463..351,013(+)","Anr2p","No","1","ANR2"
"YKL048C","Saccharomyces cerevisiae S288C","BK006944:347,214..349,136(-)","serine/threonine protein kinase ELM1","No","1","ELM1"
"YKL049C","Saccharomyces cerevisiae S288C","BK006944:346,075..346,764(-)","centromeric DNA-binding histone H3-like protein CSE4","No","1","CSE4"
"YKL050C","Saccharomyces cerevisiae S288C","BK006944:342,852..345,620(-)","hypothetical protein","No","1","N/A"
"YKL051W","Saccharomyces cerevisiae S288C","BK006944:341,312..342,373(+)","Sfk1p","No","1","SFK1"
"YKL052C","Saccharomyces cerevisiae S288C","BK006944:339,668..340,546(-)","Ask1p","No","1","ASK1"
"YKL053C-A","Saccharomyces cerevisiae S288C","BK006944:339,182..339,442(-)","Mdm35p","No","1","MDM35"
"YKL054C","Saccharomyces cerevisiae S288C","BK006944:336,537..338,753(-)","DNA damage-responsive RNA polymerase-degradation factor DEF1","No","1","DEF1"
"YKL055C","Saccharomyces cerevisiae S288C","BK006944:335,321..336,157(-)","3-oxoacyl-[acyl-carrier-protein] reductase (NADPH)","No","1","OAR1"
"YKL056C","Saccharomyces cerevisiae S288C","BK006944:334,412..334,915(-)","Tma19p","No","1","TMA19"
"YKL057C","Saccharomyces cerevisiae S288C","BK006944:330,856..333,969(-)","Nup120p","No","1","NUP120"
"YKL058W","Saccharomyces cerevisiae S288C","BK006944:330,166..330,534(+)","transcription initiation factor IIA subunit gamma","No","1","TOA2"
"YKL059C","Saccharomyces cerevisiae S288C","BK006944:328,118..329,443(-)","cleavage polyadenylation factor subunit MPE1","No","1","MPE1"
"YKL060C","Saccharomyces cerevisiae S288C","BK006944:326,408..327,487(-)","fructose-bisphosphate aldolase FBA1","No","1","FBA1"
"YKL061W","Saccharomyces cerevisiae S288C","BK006944:325,771..326,112(+)","Bli1p","No","1","BLI1"
"YKL062W","Saccharomyces cerevisiae S288C","BK006944:323,228..325,120(+)","stress-responsive transcriptional activator MSN4","No","1","MSN4"
"YKL063C","Saccharomyces cerevisiae S288C","BK006944:321,015..321,518(-)","hypothetical protein","No","1","N/A"
"YKL064W","Saccharomyces cerevisiae S288C","BK006944:317,764..320,673(+)","putative Mg(2+) transporter MNR2","No","1","MNR2"
"YKL065C","Saccharomyces cerevisiae S288C","BK006944:316,437..317,057(-)","Yet1p","No","1","YET1"
"YKL065W-A","Saccharomyces cerevisiae S288C","BK006944:315,954..316,175(+)","hypothetical protein","No","1","DPC7"
"YKL067W","Saccharomyces cerevisiae S288C","BK006944:314,812..315,273(+)","nucleoside diphosphate kinase","No","1","YNK1"
"YKL068W-A","Saccharomyces cerevisiae S288C","BK006944:309,206..309,442(+)","hypothetical protein","No","1","N/A"
"YKL068W","Saccharomyces cerevisiae S288C","BK006944:310,199..313,078(+)","FG-nucleoporin NUP100","No","1","NUP100"
"YKL069W","Saccharomyces cerevisiae S288C","BK006944:307,285..307,827(+)","L-methionine (R)-S-oxide reductase","No","1","N/A"
"YKL070W","Saccharomyces cerevisiae S288C","BK006944:306,211..306,720(+)","hypothetical protein","No","1","N/A"
"YKL071W","Saccharomyces cerevisiae S288C","BK006944:305,114..305,884(+)","hypothetical protein","No","1","OSI1"
"YKL072W","Saccharomyces cerevisiae S288C","BK006944:299,582..301,882(+)","Stb6p","No","1","STB6"
"YKL073W","Saccharomyces cerevisiae S288C","BK006944:296,430..299,075(+)","Hsp70 family chaperone LHS1","No","1","LHS1"
"YKL074C","Saccharomyces cerevisiae S288C","BK006944:294,610..296,193(-)","Mud2p","No","1","MUD2"
"YKL075C","Saccharomyces cerevisiae S288C","BK006944:292,956..294,308(-)","hypothetical protein","No","1","N/A"
"YKL077W","Saccharomyces cerevisiae S288C","BK006944:291,453..292,631(+)","hypothetical protein","No","1","PSG1"
"YKL078W","Saccharomyces cerevisiae S288C","BK006944:288,845..291,052(+)","RNA helicase","No","1","DHR2"
"YKL079W","Saccharomyces cerevisiae S288C","BK006944:286,603..288,573(+)","Smy1p","No","1","SMY1"
"YKL080W","Saccharomyces cerevisiae S288C","BK006944:285,030..286,208(+)","H(+)-transporting V1 sector ATPase subunit C","No","1","VMA5"
"YKL081W","Saccharomyces cerevisiae S288C","BK006944:282,891..284,455(+)","translation elongation factor EF1B gamma","No","1","TEF4"
"YKL082C","Saccharomyces cerevisiae S288C","BK006944:281,025..282,329(-)","ribosome biosynthesis protein RRP14","No","1","RRP14"
"YKL084W","Saccharomyces cerevisiae S288C","BK006944:280,509..280,859(+)","Hot13p","No","1","HOT13"
"YKL085W","Saccharomyces cerevisiae S288C","BK006944:279,123..280,127(+)","malate dehydrogenase MDH1","No","1","MDH1"
"YKL086W","Saccharomyces cerevisiae S288C","BK006944:278,281..278,664(+)","sulfiredoxin","No","1","SRX1"
"YKL087C","Saccharomyces cerevisiae S288C","BK006944:277,189..277,863(-)","cytochrome c1 heme lyase CYT2","No","1","CYT2"
"YKL088W","Saccharomyces cerevisiae S288C","BK006944:275,283..276,998(+)","phosphopantothenoylcysteine decarboxylase complex subunit CAB3","No","1","CAB3"
"YKL089W","Saccharomyces cerevisiae S288C","BK006944:273,394..275,043(+)","Mif2p","No","1","MIF2"
"YKL090W","Saccharomyces cerevisiae S288C","BK006944:271,878..273,209(+)","Cue2p","No","1","CUE2"
"YKL091C","Saccharomyces cerevisiae S288C","BK006944:269,718..270,650(-)","phosphatidylinositol/phosphatidylcholine-binding protein","No","1","N/A"
"YKL092C","Saccharomyces cerevisiae S288C","BK006944:266,145..269,459(-)","Bud2p","No","1","BUD2"
"YKL093W","Saccharomyces cerevisiae S288C","BK006944:264,789..265,808(+)","Mbr1p","No","1","MBR1"
"YKL094W","Saccharomyces cerevisiae S288C","BK006944:263,349..264,290(+)","acylglycerol lipase","No","1","YJU3"
"YKL095W","Saccharomyces cerevisiae S288C","BK006944:262,277..263,113(+)","mRNA splicing protein YJU2","No","1","YJU2"
"YKL096C-B","Saccharomyces cerevisiae S288C","BK006944:259,073..259,222(-)","hypothetical protein","No","1","N/A"
"YKL096W-A","Saccharomyces cerevisiae S288C","BK006944:259,253..259,531(+)","Cwp2p","No","1","CWP2"
"YKL096W","Saccharomyces cerevisiae S288C","BK006944:261,132..261,851(+)","Cwp1p","No","1","CWP1"
"YKL098W","Saccharomyces cerevisiae S288C","BK006944:256,770..257,843(+)","Mtc2p","No","1","MTC2"
"YKL099C","Saccharomyces cerevisiae S288C","BK006944:255,720..256,472(-)","rRNA-processing protein UTP11","No","1","UTP11"
"YKL100C","Saccharomyces cerevisiae S288C","BK006944:253,697..255,460(-)","aspartic endopeptidase","No","1","YPF1"
"YKL101W","Saccharomyces cerevisiae S288C","BK006944:248,920..253,476(+)","protein kinase HSL1","No","1","HSL1"
"YKL103C","Saccharomyces cerevisiae S288C","BK006944:246,138..247,682(-)","metalloaminopeptidase APE1","No","1","APE1"
"YKL104C","Saccharomyces cerevisiae S288C","BK006944:243,220..245,373(-)","glutamine--fructose-6-phosphate transaminase (isomerizing) GFA1","No","1","GFA1"
"YKL105C","Saccharomyces cerevisiae S288C","BK006944:239,185..242,583(-)","Seg2p","No","1","SEG2"
"YKL106C-A","Saccharomyces cerevisiae S288C","BK006944:237,147..237,266(-)","hypothetical protein","No","1","N/A"
"YKL106W","Saccharomyces cerevisiae S288C","BK006944:237,536..238,891(+)","aspartate transaminase AAT1","No","1","AAT1"
"YKL107W","Saccharomyces cerevisiae S288C","BK006944:236,141..237,070(+)","putative short-chain dehydrogenase/reductase","No","1","N/A"
"YKL108W","Saccharomyces cerevisiae S288C","BK006944:234,426..235,787(+)","Sld2p","No","1","SLD2"
"YKL109W","Saccharomyces cerevisiae S288C","BK006944:232,227..233,891(+)","transcription factor HAP4","No","1","HAP4"
"YKL110C","Saccharomyces cerevisiae S288C","BK006944:228,939..229,880(-)","Kti12p","No","1","KTI12"
"YKL112W","Saccharomyces cerevisiae S288C","BK006944:226,570..228,765(+)","DNA-binding protein ABF1","No","1","ABF1"
"YKL113C","Saccharomyces cerevisiae S288C","BK006944:224,727..225,875(-)","multifunctional nuclease RAD27","No","1","RAD27"
"YKL114C","Saccharomyces cerevisiae S288C","BK006944:223,352..224,455(-)","DNA-(apurinic or apyrimidinic site) lyase APN1","No","1","APN1"
"YKL116C","Saccharomyces cerevisiae S288C","BK006944:221,344..222,900(-)","serine/threonine protein kinase PRR1","No","1","PRR1"
"YKL117W","Saccharomyces cerevisiae S288C","BK006944:220,324..220,974(+)","Hsp90 cochaperone SBA1","No","1","SBA1"
"YKL119C","Saccharomyces cerevisiae S288C","BK006944:218,570..219,217(-)","Vph2p","No","1","VPH2"
"YKL120W","Saccharomyces cerevisiae S288C","BK006944:217,344..218,318(+)","Oac1p","No","1","OAC1"
"YKL121W","Saccharomyces cerevisiae S288C","BK006944:214,142..216,700(+)","Dgr2p","No","1","DGR2"
"YKL122C","Saccharomyces cerevisiae S288C","BK006944:212,495..212,998(-)","signal recognition particle subunit SRP21","No","1","SRP21"
"YKL124W","Saccharomyces cerevisiae S288C","BK006944:210,593..212,332(+)","Ssh4p","No","1","SSH4"
"YKL125W","Saccharomyces cerevisiae S288C","BK006944:208,247..210,130(+)","rDNA-binding RNA polymerase I transcriptional factor","No","1","RRN3"
"YKL126W","Saccharomyces cerevisiae S288C","BK006944:205,707..207,749(+)","serine/threonine protein kinase YPK1","No","1","YPK1"
"YKL127W","Saccharomyces cerevisiae S288C","BK006944:203,541..205,253(+)","phosphoglucomutase PGM1","No","1","PGM1"
"YKL128C","Saccharomyces cerevisiae S288C","BK006944:200,884..201,771(-)","putative phosphomutase","No","1","PMU1"
"YKL129C","Saccharomyces cerevisiae S288C","BK006944:196,349..200,167(-)","myosin 3","No","1","MYO3"
"YKL130C","Saccharomyces cerevisiae S288C","BK006944:195,288..196,028(-)","She2p","No","1","SHE2"
"YKL132C","Saccharomyces cerevisiae S288C","BK006944:193,574..194,866(-)","putative tetrahydrofolate synthase","No","1","RMA1"
"YKL133C","Saccharomyces cerevisiae S288C","BK006944:191,679..193,070(-)","hypothetical protein","No","1","RCI50"
"YKL134C","Saccharomyces cerevisiae S288C","BK006944:189,124..191,442(-)","metalloendopeptidase","No","1","OCT1"
"YKL135C","Saccharomyces cerevisiae S288C","BK006944:186,460..188,640(-)","Apl2p","No","1","APL2"
"YKL138C","Saccharomyces cerevisiae S288C","BK006944:185,286..185,681(-)","mitochondrial 54S ribosomal protein YmL31","No","1","MRPL31"
"YKL137W","Saccharomyces cerevisiae S288C","BK006944:185,957..186,292(+)","Cmc1p","No","1","CMC1"
"YKL138C-A","Saccharomyces cerevisiae S288C","BK006944:184,803..185,012(-)","Hsk3p","No","1","HSK3"
"YKL139W","Saccharomyces cerevisiae S288C","BK006944:182,958..184,544(+)","cyclin-dependent serine/threonine protein kinase CTK1","No","1","CTK1"
"YKL140W","Saccharomyces cerevisiae S288C","BK006944:180,779..182,425(+)","Tgl1p","No","1","TGL1"
"YKL141W","Saccharomyces cerevisiae S288C","BK006944:179,667..180,263(+)","succinate dehydrogenase cytochrome b subunit SDH3","No","1","SDH3"
"YKL142W","Saccharomyces cerevisiae S288C","BK006944:178,515..179,174(+)","Mrp8p","No","1","MRP8"
"YKL143W","Saccharomyces cerevisiae S288C","BK006944:176,781..178,172(+)","Ltv1p","No","1","LTV1"
"YKL144C","Saccharomyces cerevisiae S288C","BK006944:175,843..176,481(-)","DNA-directed RNA polymerase III subunit RPC25","No","1","RPC25"
"YKL145W","Saccharomyces cerevisiae S288C","BK006944:174,213..175,616(+)","proteasome regulatory particle base subunit RPT1","No","1","RPT1"
"YKL146W","Saccharomyces cerevisiae S288C","BK006944:171,783..173,861(+)","Avt3p","No","1","AVT3"
"YKL148C","Saccharomyces cerevisiae S288C","BK006944:169,207..171,129(-)","succinate dehydrogenase flavoprotein subunit SDH1","No","1","SDH1"
"YKL149C","Saccharomyces cerevisiae S288C","BK006944:167,612..168,829(-)","RNA lariat debranching enzyme","No","1","DBR1"
"YKL150W","Saccharomyces cerevisiae S288C","BK006944:166,544..167,452(+)","cytochrome-b5 reductase","No","1","MCR1"
"YKL151C","Saccharomyces cerevisiae S288C","BK006944:164,917..165,930(-)","NADHX dehydratase","No","1","NNR2"
"YKL152C","Saccharomyces cerevisiae S288C","BK006944:163,642..164,385(-)","phosphoglycerate mutase GPM1","No","1","GPM1"
"YKL154W","Saccharomyces cerevisiae S288C","BK006944:161,601..162,335(+)","Signal recognition particle receptor subunit beta","No","1","SRP102"
"YKL155C","Saccharomyces cerevisiae S288C","BK006944:159,456..161,342(-)","mitochondrial 37S ribosomal protein RSM22","No","1","RSM22"
"YKL156W","Saccharomyces cerevisiae S288C","BK006944:158,613..159,212(+)","ribosomal 40S subunit protein S27A","No","1","RPS27A"
"YKL157W","Saccharomyces cerevisiae S288C","BK006944:154,991..158,232(+)","metallo-aminopeptidase","No","1","APE2"
"YKL159C","Saccharomyces cerevisiae S288C","BK006944:153,816..154,451(-)","Rcn1p","No","1","RCN1"
"YKL160W","Saccharomyces cerevisiae S288C","BK006944:153,269..153,706(+)","Elf1p","No","1","ELF1"
"YKL161C","Saccharomyces cerevisiae S288C","BK006944:149,386..150,687(-)","putative protein kinase KDX1","No","1","KDX1"
"YKL162C","Saccharomyces cerevisiae S288C","BK006944:147,630..148,838(-)","hypothetical protein","No","1","N/A"
"YKL163W","Saccharomyces cerevisiae S288C","BK006944:144,401..145,378(+)","beta-1,3-glucan linked protein","No","1","PIR3"
"YKL164C","Saccharomyces cerevisiae S288C","BK006944:141,794..142,819(-)","beta-1,3-glucan linked protein","No","1","PIR1"
"YKL165C","Saccharomyces cerevisiae S288C","BK006944:137,932..140,691(-)","mannose-ethanolamine phosphotransferase MCD4","No","1","MCD4"
"YKL166C","Saccharomyces cerevisiae S288C","BK006944:134,509..135,705(-)","cAMP-dependent protein kinase catalytic subunit TPK3","No","1","TPK3"
"YKL167C","Saccharomyces cerevisiae S288C","BK006944:133,721..134,134(-)","mitochondrial 54S ribosomal protein MRP49","No","1","MRP49"
"YKL168C","Saccharomyces cerevisiae S288C","BK006944:131,288..133,462(-)","putative serine/threonine protein kinase KKQ8","No","1","KKQ8"
"YKL170W","Saccharomyces cerevisiae S288C","BK006944:130,634..131,050(+)","mitochondrial 54S ribosomal protein YmL38/YmL34","No","1","MRPL38"
"YKL171W","Saccharomyces cerevisiae S288C","BK006944:127,475..130,261(+)","protein kinase NNK1","No","1","NNK1"
"YKL172W","Saccharomyces cerevisiae S288C","BK006944:125,759..127,042(+)","Ebp2p","No","1","EBP2"
"YKL173W","Saccharomyces cerevisiae S288C","BK006944:122,517..125,543(+)","U5 snRNP GTPase SNU114","No","1","SNU114"
"YKL174C","Saccharomyces cerevisiae S288C","BK006944:120,380..122,236(-)","Tpo5p","No","1","TPO5"
"YKL175W","Saccharomyces cerevisiae S288C","BK006944:118,793..120,304(+)","Zn(2+) transporter ZRT3","No","1","ZRT3"
"YKL176C","Saccharomyces cerevisiae S288C","BK006944:115,500..117,986(-)","Lst4p","No","1","LST4"
"YKL178C","Saccharomyces cerevisiae S288C","BK006944:113,215..114,627(-)","Ste3p","No","1","STE3"
"YKL179C","Saccharomyces cerevisiae S288C","BK006944:110,464..112,503(-)","Coy1p","No","1","COY1"
"YKL180W","Saccharomyces cerevisiae S288C","BK006944:109,269..110,129(+)","ribosomal 60S subunit protein L17A","No","1","RPL17A"
"YKL181W","Saccharomyces cerevisiae S288C","BK006944:107,316..108,599(+)","ribose phosphate diphosphokinase subunit PRS1","No","1","PRS1"
"YKL182W","Saccharomyces cerevisiae S288C","BK006944:100,671..106,826(+)","tetrafunctional fatty acid synthase subunit FAS1","No","1","FAS1"
"YKL183C-A","Saccharomyces cerevisiae S288C","BK006944:98,395..98,607(-)","hypothetical protein","No","1","N/A"
"YKL183W","Saccharomyces cerevisiae S288C","BK006944:98,721..99,641(+)","Lot5p","No","1","LOT5"
"YKL184W","Saccharomyces cerevisiae S288C","BK006944:96,757..98,157(+)","ornithine decarboxylase SPE1","No","1","SPE1"
"YKL185W","Saccharomyces cerevisiae S288C","BK006944:94,499..96,265(+)","DNA-binding transcription repressor ASH1","No","1","ASH1"
"YKL186C","Saccharomyces cerevisiae S288C","BK006944:92,744..93,298(-)","Mtr2p","No","1","MTR2"
"YKL187C","Saccharomyces cerevisiae S288C","BK006944:89,284..91,536(-)","Fat3p","No","1","FAT3"
"YKL188C","Saccharomyces cerevisiae S288C","BK006944:86,225..88,786(-)","ATP-binding cassette long-chain fatty acid transporter PXA2","No","1","PXA2"
"YKL189W","Saccharomyces cerevisiae S288C","BK006944:84,704..85,903(+)","Hym1p","No","1","HYM1"
"YKL190W","Saccharomyces cerevisiae S288C","BK006944:82,947..83,550(+)","calcineurin regulatory subunit B","No","1","CNB1"
"YKL191W","Saccharomyces cerevisiae S288C","BK006944:81,035..82,639(+)","Dph2p","No","1","DPH2"
"YKL192C","Saccharomyces cerevisiae S288C","BK006944:80,160..80,537(-)","acyl carrier protein","No","1","ACP1"
"YKL193C","Saccharomyces cerevisiae S288C","BK006944:78,866..79,882(-)","type 1 protein phosphatase-activating protein SDS22","No","1","SDS22"
"YKL194C","Saccharomyces cerevisiae S288C","BK006944:77,258..78,646(-)","threonine--tRNA ligase MST1","No","1","MST1"
"YKL195W","Saccharomyces cerevisiae S288C","BK006944:75,821..77,032(+)","Mia40p","No","1","MIA40"
"YKL196C","Saccharomyces cerevisiae S288C","BK006944:74,932..75,534(-)","palmitoyltransferase YKT6","No","1","YKT6"
"YKL197C","Saccharomyces cerevisiae S288C","BK006944:70,734..73,865(-)","AAA family ATPase peroxin 1","No","1","PEX1"
"YKL198C","Saccharomyces cerevisiae S288C","BK006944:68,232..70,220(-)","putative serine/threonine protein kinase PTK1","No","1","PTK1"
"YKL201C","Saccharomyces cerevisiae S288C","BK006944:63,930..67,466(-)","Mnn4p","No","1","MNN4"
"YKL203C","Saccharomyces cerevisiae S288C","BK006944:55,935..63,359(-)","phosphatidylinositol kinase-related protein kinase TOR2","No","1","TOR2"
"YKL204W","Saccharomyces cerevisiae S288C","BK006944:53,704..55,602(+)","Eap1p","No","1","EAP1"
"YKL205W","Saccharomyces cerevisiae S288C","BK006944:50,051..53,353(+)","Ran GTPase-binding protein LOS1","No","1","LOS1"
"YKL206C","Saccharomyces cerevisiae S288C","BK006944:49,006..49,809(-)","Add66p","No","1","ADD66"
"YKL207W","Saccharomyces cerevisiae S288C","BK006944:48,194..48,955(+)","Emc3p","No","1","EMC3"
"YKL208W","Saccharomyces cerevisiae S288C","BK006944:47,157..47,972(+)","Cbt1p","No","1","CBT1"
"YKL209C","Saccharomyces cerevisiae S288C","BK006944:42,423..46,295(-)","ATP-binding cassette alpha-factor transporter STE6","No","1","STE6"
"YKL210W","Saccharomyces cerevisiae S288C","BK006944:39,163..42,237(+)","E1 ubiquitin-activating protein UBA1","No","1","UBA1"
"YKL211C","Saccharomyces cerevisiae S288C","BK006944:36,699..38,153(-)","bifunctional anthranilate synthase/indole-3-glycerol-phosphate synthase","No","1","TRP3"
"YKL212W","Saccharomyces cerevisiae S288C","BK006944:34,543..36,414(+)","phosphatidylinositol-3-phosphatase SAC1","No","1","SAC1"
"YKL213C","Saccharomyces cerevisiae S288C","BK006944:31,960..34,107(-)","Doa1p","No","1","DOA1"
"YKL214C","Saccharomyces cerevisiae S288C","BK006944:31,082..31,693(-)","Yra2p","No","1","YRA2"
"YKL215C","Saccharomyces cerevisiae S288C","BK006944:26,827..30,687(-)","5-oxoprolinase","No","1","OXP1"
"YKL216W","Saccharomyces cerevisiae S288C","BK006944:25,215..26,159(+)","dihydroorotate dehydrogenase","No","1","URA1"
"YKL217W","Saccharomyces cerevisiae S288C","BK006944:22,234..24,084(+)","Jen1p","No","1","JEN1"
"YKL218C","Saccharomyces cerevisiae S288C","BK006944:17,359..18,339(-)","threo-3-hydroxy-L-aspartate ammonia-lyase SRY1","No","1","SRY1"
"YKL219W","Saccharomyces cerevisiae S288C","BK006944:14,485..15,708(+)","Cos9p","No","1","COS9"
"YKL220C","Saccharomyces cerevisiae S288C","BK006944:9,091..11,226(-)","ferric/cupric-chelate reductase","No","1","FRE2"
"YKL221W","Saccharomyces cerevisiae S288C","BK006944:6,107..7,528(+)","Mch2p","No","1","MCH2"
"YKL222C","Saccharomyces cerevisiae S288C","BK006944:3,503..5,620(-)","hypothetical protein","No","1","N/A"
"YKL224C","Saccharomyces cerevisiae S288C","BK006944:1,810..2,181(-)","seripauperin PAU16","No","1","PAU16"
"YKR001C","Saccharomyces cerevisiae S288C","BK006944:440,608..442,722(-)","dynamin-like GTPase VPS1","No","1","VPS1"
"YKR002W","Saccharomyces cerevisiae S288C","BK006944:443,232..444,938(+)","polynucleotide adenylyltransferase PAP1","No","1","PAP1"
"YKR003W","Saccharomyces cerevisiae S288C","BK006944:445,381..446,727(+)","oxysterol-binding protein OSH6","No","1","OSH6"
"YKR004C","Saccharomyces cerevisiae S288C","BK006944:446,799..448,036(-)","Ecm9p","No","1","ECM9"
"YKR005C","Saccharomyces cerevisiae S288C","BK006944:448,521..450,167(-)","hypothetical protein","No","1","N/A"
"YKR006C","Saccharomyces cerevisiae S288C","BK006944:450,423..451,217(-)","mitochondrial 54S ribosomal protein YmL13","No","1","MRPL13"
"YKR007W","Saccharomyces cerevisiae S288C","BK006944:451,434..451,988(+)","Meh1p","No","1","MEH1"
"YKR008W","Saccharomyces cerevisiae S288C","BK006944:452,201..454,078(+)","Rsc4p","No","1","RSC4"
"YKR009C","Saccharomyces cerevisiae S288C","BK006944:454,352..457,054(-)","bifunctional hydroxyacyl-CoA dehydrogenase/enoyl-CoA hydratase FOX2","No","1","FOX2"
"YKR010C","Saccharomyces cerevisiae S288C","BK006944:458,924..461,239(-)","Tof2p","No","1","TOF2"
"YKR011C","Saccharomyces cerevisiae S288C","BK006944:461,635..462,696(-)","hypothetical protein","No","1","N/A"
"YKR013W","Saccharomyces cerevisiae S288C","BK006944:463,959..464,948(+)","sterol-binding protein","No","1","PRY2"
"YKR014C","Saccharomyces cerevisiae S288C","BK006944:465,367..466,071(-)","Rab family GTPase YPT52","No","1","YPT52"
"YKR015C","Saccharomyces cerevisiae S288C","BK006944:466,961..468,667(-)","hypothetical protein","No","1","N/A"
"YKR016W","Saccharomyces cerevisiae S288C","BK006944:469,717..471,339(+)","Mic60p","No","1","MIC60"
"YKR017C","Saccharomyces cerevisiae S288C","BK006944:471,694..473,349(-)","E3 ubiquitin-protein ligase HEL1","No","1","HEL1"
"YKR018C","Saccharomyces cerevisiae S288C","BK006944:473,723..475,900(-)","hypothetical protein","No","1","N/A"
"YKR019C","Saccharomyces cerevisiae S288C","BK006944:476,216..478,063(-)","Irs4p","No","1","IRS4"
"YKR020W","Saccharomyces cerevisiae S288C","BK006944:478,338..478,832(+)","Vps51p","No","1","VPS51"
"YKR021W","Saccharomyces cerevisiae S288C","BK006944:479,234..481,981(+)","Aly1p","No","1","ALY1"
"YKR022C","Saccharomyces cerevisiae S288C","BK006944:482,171..483,139(-)","Ntr2p","No","1","NTR2"
"YKR023W","Saccharomyces cerevisiae S288C","BK006944:483,419..485,011(+)","hypothetical protein","No","1","RQT4"
"YKR024C","Saccharomyces cerevisiae S288C","BK006944:485,144..487,372(-)","putative ATP-dependent RNA helicase","No","1","DBP7"
"YKR025W","Saccharomyces cerevisiae S288C","BK006944:487,770..488,618(+)","DNA-directed RNA polymerase III subunit C37","No","1","RPC37"
"YKR028W","Saccharomyces cerevisiae S288C","BK006944:494,257..497,358(+)","Sap190p","No","1","SAP190"
"YKR026C","Saccharomyces cerevisiae S288C","BK006944:488,738..489,655(-)","translation initiation factor eIF2B subunit alpha","No","1","GCN3"
"YKR027W","Saccharomyces cerevisiae S288C","BK006944:491,364..493,661(+)","Bch2p","No","1","BCH2"
"YKR029C","Saccharomyces cerevisiae S288C","BK006944:497,578..499,833(-)","histone-binding protein SET3","No","1","SET3"
"YKR030W","Saccharomyces cerevisiae S288C","BK006944:500,282..501,103(+)","Gmh1p","No","1","GMH1"
"YKR031C","Saccharomyces cerevisiae S288C","BK006944:501,344..506,395(-)","phospholipase D","No","1","SPO14"
"YKR034W","Saccharomyces cerevisiae S288C","BK006944:506,898..507,707(+)","Dal80p","No","1","DAL80"
"YKR035W-A","Saccharomyces cerevisiae S288C","BK006944:507,939..508,553(+)","Did2p","No","1","DID2"
"YKR036C","Saccharomyces cerevisiae S288C","BK006944:508,702..510,633(-)","Caf4p","No","1","CAF4"
"YKR037C","Saccharomyces cerevisiae S288C","BK006944:510,910..511,797(-)","Spc34p","No","1","SPC34"
"YKR038C","Saccharomyces cerevisiae S288C","BK006944:511,999..513,159(-)","chromatin DNA-binding HSP70/DnaK family ATPase","No","1","KAE1"
"YKR039W","Saccharomyces cerevisiae S288C","BK006944:515,063..516,871(+)","amino acid permease GAP1","No","1","GAP1"
"YKR041W","Saccharomyces cerevisiae S288C","BK006944:518,198..518,950(+)","hypothetical protein","No","1","N/A"
"YKR042W","Saccharomyces cerevisiae S288C","BK006944:519,527..520,624(+)","SUN family protein UTH1","No","1","UTH1"
"YKR043C","Saccharomyces cerevisiae S288C","BK006944:520,897..521,712(-)","sedoheptulose-bisphosphatase","No","1","SHB17"
"YKR044W","Saccharomyces cerevisiae S288C","BK006944:522,015..523,346(+)","Uip5p","No","1","UIP5"
"YKR045C","Saccharomyces cerevisiae S288C","BK006944:523,418..523,969(-)","hypothetical protein","No","1","N/A"
"YKR046C","Saccharomyces cerevisiae S288C","BK006944:524,223..525,074(-)","Pet10p","No","1","PLN1"
"YKR048C","Saccharomyces cerevisiae S288C","BK006944:525,387..526,640(-)","histone chaperone NAP1","No","1","NAP1"
"YKR049C","Saccharomyces cerevisiae S288C","BK006944:526,830..527,231(-)","putative redox protein","No","1","FMP46"
"YKR050W","Saccharomyces cerevisiae S288C","BK006944:527,815..530,484(+)","Trk2p","No","1","TRK2"
"YKR051W","Saccharomyces cerevisiae S288C","BK006944:530,946..532,202(+)","hypothetical protein","No","1","HFL1"
"YKR052C","Saccharomyces cerevisiae S288C","BK006944:532,550..533,464(-)","Fe(2+) transporter","No","1","MRS4"
"YKR053C","Saccharomyces cerevisiae S288C","BK006944:534,067..535,281(-)","sphinganine kinase YSR3","No","1","YSR3"
"YKR054C","Saccharomyces cerevisiae S288C","BK006944:535,647..547,925(-)","dynein heavy chain","No","1","DYN1"
"YKR055W","Saccharomyces cerevisiae S288C","BK006944:548,216..549,091(+)","Rho family GTPase RHO4","No","1","RHO4"
"YKR056W","Saccharomyces cerevisiae S288C","BK006944:549,448..551,367(+)","Trm2p","No","1","TRM2"
"YKR057W","Saccharomyces cerevisiae S288C","BK006944:551,657..552,242(+)","ribosomal 40S subunit protein S21A","No","1","RPS21A"
"YKR058W","Saccharomyces cerevisiae S288C","BK006944:552,770..554,620(+)","glycogenin glucosyltransferase GLG1","No","1","GLG1"
"YKR059W","Saccharomyces cerevisiae S288C","BK006944:554,987..556,174(+)","translation initiation factor eIF4A","No","1","TIF1"
"YKR060W","Saccharomyces cerevisiae S288C","BK006944:556,518..557,342(+)","Utp30p","No","1","UTP30"
"YKR061W","Saccharomyces cerevisiae S288C","BK006944:557,677..558,954(+)","mannosyltransferase KTR2","No","1","KTR2"
"YKR062W","Saccharomyces cerevisiae S288C","BK006944:559,666..560,652(+)","transcription factor TFIIE subunit TFA2","No","1","TFA2"
"YKR063C","Saccharomyces cerevisiae S288C","BK006944:560,789..562,297(-)","rRNA-processing protein LAS1","No","1","LAS1"
"YKR064W","Saccharomyces cerevisiae S288C","BK006944:562,547..565,138(+)","Oaf3p","No","1","OAF3"
"YKR065C","Saccharomyces cerevisiae S288C","BK006944:565,299..565,892(-)","Pam17p","No","1","PAM17"
"YKR066C","Saccharomyces cerevisiae S288C","BK006944:566,113..567,198(-)","cytochrome-c peroxidase","No","1","CCP1"
"YKR067W","Saccharomyces cerevisiae S288C","BK006944:567,918..570,149(+)","bifunctional glycerol-3-phosphate/glycerone-phosphate O-acyltransferase GPT2","No","1","GPT2"
"YKR068C","Saccharomyces cerevisiae S288C","BK006944:570,328..570,909(-)","TRAPP complex core subunit BET3","No","1","BET3"
"YKR069W","Saccharomyces cerevisiae S288C","BK006944:571,612..573,393(+)","uroporphyrinogen-III C-methyltransferase","No","1","MET1"
"YKR070W","Saccharomyces cerevisiae S288C","BK006944:573,574..574,632(+)","hypothetical protein","No","1","N/A"
"YKR071C","Saccharomyces cerevisiae S288C","BK006944:574,934..575,980(-)","electron carrier DRE2","No","1","DRE2"
"YKR072C","Saccharomyces cerevisiae S288C","BK006944:576,435..578,123(-)","phosphopantothenoylcysteine decarboxylase complex subunit SIS2","No","1","SIS2"
"YKR074W","Saccharomyces cerevisiae S288C","BK006944:579,209..579,676(+)","Aim29p","No","1","AIM29"
"YKR075C","Saccharomyces cerevisiae S288C","BK006944:579,827..580,750(-)","hypothetical protein","No","1","N/A"
"YKR076W","Saccharomyces cerevisiae S288C","BK006944:582,283..583,395(+)","omega-class glutathione transferase","No","1","ECM4"
"YKR077W","Saccharomyces cerevisiae S288C","BK006944:583,653..584,744(+)","Msa2p","No","1","MSA2"
"YKR078W","Saccharomyces cerevisiae S288C","BK006944:584,952..586,709(+)","hypothetical protein","No","1","N/A"
"YKR079C","Saccharomyces cerevisiae S288C","BK006944:586,789..589,305(-)","tRNase Z","No","1","TRZ1"
"YKR080W","Saccharomyces cerevisiae S288C","BK006944:590,395..591,357(+)","methylenetetrahydrofolate dehydrogenase (NAD(+))","No","1","MTD1"
"YKR081C","Saccharomyces cerevisiae S288C","BK006944:591,506..592,540(-)","rRNA-binding ribosome biosynthesis protein RPF2","No","1","RPF2"
"YKR082W","Saccharomyces cerevisiae S288C","BK006944:592,825..596,298(+)","Nup133p","No","1","NUP133"
"YKR083C","Saccharomyces cerevisiae S288C","BK006944:596,421..596,822(-)","Dad2p","No","1","DAD2"
"YKR084C","Saccharomyces cerevisiae S288C","BK006944:597,055..598,890(-)","ribosome dissociation factor GTPase HBS1","No","1","HBS1"
"YKR085C","Saccharomyces cerevisiae S288C","BK006944:599,094..599,681(-)","mitochondrial 54S ribosomal protein YmL20","No","1","MRPL20"
"YKR086W","Saccharomyces cerevisiae S288C","BK006944:599,857..603,072(+)","DEAH-box RNA helicase PRP16","No","1","PRP16"
"YKR087C","Saccharomyces cerevisiae S288C","BK006944:603,195..604,232(-)","metalloendopeptidase","No","1","OMA1"
"YKR088C","Saccharomyces cerevisiae S288C","BK006944:604,405..605,418(-)","Tvp38p","No","1","TVP38"
"YKR089C","Saccharomyces cerevisiae S288C","BK006944:605,633..608,365(-)","Tgl4p","No","1","TGL4"
"YKR090W","Saccharomyces cerevisiae S288C","BK006944:608,946..611,066(+)","Pxl1p","No","1","PXL1"
"YKR091W","Saccharomyces cerevisiae S288C","BK006944:611,525..612,265(+)","DNA-binding protein SRL3","No","1","SRL3"
"YKR092C","Saccharomyces cerevisiae S288C","BK006944:612,665..613,885(-)","Srp40p","No","1","SRP40"
"YKR093W","Saccharomyces cerevisiae S288C","BK006944:615,730..617,535(+)","Ptr2p","No","1","PTR2"
"YKR094C","Saccharomyces cerevisiae S288C","BK006944:617,996..618,750(-)","ubiquitin-ribosomal 60S subunit protein L40B fusion protein","No","1","RPL40B"
"YKR095W-A","Saccharomyces cerevisiae S288C","BK006944:625,864..626,205(+)","chromatin DNA-binding EKC/KEOPS complex subunit PCC1","No","1","PCC1"
"YKR095W","Saccharomyces cerevisiae S288C","BK006944:619,805..625,432(+)","Mlp1p","No","1","MLP1"
"YKR096W","Saccharomyces cerevisiae S288C","BK006944:626,793..630,380(+)","Esl2p","No","1","ESL2"
"YKR097W","Saccharomyces cerevisiae S288C","BK006944:631,152..632,801(+)","phosphoenolpyruvate carboxykinase PCK1","No","1","PCK1"
"YKR098C","Saccharomyces cerevisiae S288C","BK006944:633,026..635,179(-)","ubiquitin-specific protease UBP11","No","1","UBP11"
"YKR099W","Saccharomyces cerevisiae S288C","BK006944:635,851..638,286(+)","Bas1p","No","1","BAS1"
"YKR100C","Saccharomyces cerevisiae S288C","BK006944:638,901..639,968(-)","Skg1p","No","1","SKG1"
"YKR101W","Saccharomyces cerevisiae S288C","BK006944:640,540..642,504(+)","Sir1p","No","1","SIR1"
"YKR102W","Saccharomyces cerevisiae S288C","BK006944:646,356..649,865(+)","Flo10p","No","1","FLO10"
"YKR103W","Saccharomyces cerevisiae S288C","BK006944:653,080..656,736(+)","putative multidrug transporter NFT1","No","1","NFT1"
"YKR104W","Saccharomyces cerevisiae S288C","BK006944:656,836..657,756(+)","hypothetical protein","No","1","N/A"
"YKR105C","Saccharomyces cerevisiae S288C","BK006944:658,716..660,464(-)","basic amino acid transporter","No","1","VBA5"
"YKR106W","Saccharomyces cerevisiae S288C","BK006944:661,442..663,289(+)","glutathione exchanger","No","1","GEX2"
"YLL001W","Saccharomyces cerevisiae S288C","BK006945:147,890..150,163(+)","dynamin-related GTPase DNM1","No","1","DNM1"
"YLL002W","Saccharomyces cerevisiae S288C","BK006945:146,291..147,601(+)","H3 histone acetyltransferase RTT109","No","1","RTT109"
"YLL003W","Saccharomyces cerevisiae S288C","BK006945:143,201..146,041(+)","Sfi1p","No","1","SFI1"
"YLL004W","Saccharomyces cerevisiae S288C","BK006945:141,073..142,923(+)","origin recognition complex subunit 3","No","1","ORC3"
"YLL005C","Saccharomyces cerevisiae S288C","BK006945:137,940..140,546(-)","Spo75p","No","1","SPO75"
"YLL006W-A","Saccharomyces cerevisiae S288C","BK006945:136,345..136,521(+)","hypothetical protein","No","1","N/A"
"YLL006W","Saccharomyces cerevisiae S288C","BK006945:136,586..137,866(+)","ERMES complex subunit MMM1","No","1","MMM1"
"YLL007C","Saccharomyces cerevisiae S288C","BK006945:134,302..136,299(-)","Lmo1p","No","1","LMO1"
"YLL008W","Saccharomyces cerevisiae S288C","BK006945:131,729..133,987(+)","putative ATP-dependent RNA helicase","No","1","DRS1"
"YLL009C","Saccharomyces cerevisiae S288C","BK006945:131,205..131,414(-)","copper metallochaperone COX17","No","1","COX17"
"YLL010C","Saccharomyces cerevisiae S288C","BK006945:129,330..130,613(-)","phosphatase","No","1","PSR1"
"YLL011W","Saccharomyces cerevisiae S288C","BK006945:127,523..128,992(+)","rRNA-processing protein SOF1","No","1","SOF1"
"YLL012W","Saccharomyces cerevisiae S288C","BK006945:125,534..127,255(+)","sterol esterase","No","1","YEH1"
"YLL013C","Saccharomyces cerevisiae S288C","BK006945:122,075..124,714(-)","mRNA-binding protein PUF3","No","1","PUF3"
"YLL014W","Saccharomyces cerevisiae S288C","BK006945:121,322..121,648(+)","Emc6p","No","1","EMC6"
"YLL015W","Saccharomyces cerevisiae S288C","BK006945:116,432..121,111(+)","ATP-binding cassette bilirubin transporter BPT1","No","1","BPT1"
"YLL018C-A","Saccharomyces cerevisiae S288C","BK006945:108,676..108,972(-)","Cox19p","No","1","COX19"
"YLL018C","Saccharomyces cerevisiae S288C","BK006945:109,902..111,575(-)","aspartate--tRNA ligase DPS1","No","1","DPS1"
"YLL019C","Saccharomyces cerevisiae S288C","BK006945:105,686..107,899(-)","serine/threonine protein kinase KNS1","No","1","KNS1"
"YLL021W","Saccharomyces cerevisiae S288C","BK006945:100,947..105,347(+)","Spa2p","No","1","SPA2"
"YLL022C","Saccharomyces cerevisiae S288C","BK006945:99,044..100,201(-)","Hif1p","No","1","HIF1"
"YLL023C","Saccharomyces cerevisiae S288C","BK006945:97,997..98,836(-)","nucleoporin POM33","No","1","POM33"
"YLL024C","Saccharomyces cerevisiae S288C","BK006945:95,566..97,485(-)","Hsp70 family chaperone SSA2","No","1","SSA2"
"YLL025W","Saccharomyces cerevisiae S288C","BK006945:94,747..95,121(+)","seripauperin PAU17","No","1","PAU17"
"YLL026W","Saccharomyces cerevisiae S288C","BK006945:88,623..91,349(+)","chaperone ATPase HSP104","No","1","HSP104"
"YLL027W","Saccharomyces cerevisiae S288C","BK006945:87,403..88,155(+)","Fe-binding Fe/S cluster assembly protein ISA1","No","1","ISA1"
"YLL031C","Saccharomyces cerevisiae S288C","BK006945:77,152..80,205(-)","mannose-ethanolamine phosphotransferase GPI13","No","1","GPI13"
"YLL028W","Saccharomyces cerevisiae S288C","BK006945:84,804..86,564(+)","Tpo1p","No","1","TPO1"
"YLL029W","Saccharomyces cerevisiae S288C","BK006945:81,461..83,710(+)","Fra1p","No","1","FRA1"
"YLL032C","Saccharomyces cerevisiae S288C","BK006945:74,270..76,747(-)","hypothetical protein","No","1","N/A"
"YLL033W","Saccharomyces cerevisiae S288C","BK006945:73,409..74,101(+)","Irc19p","No","1","IRC19"
"YLL034C","Saccharomyces cerevisiae S288C","BK006945:70,633..73,146(-)","putative AAA family ATPase RIX7","No","1","RIX7"
"YLL035W","Saccharomyces cerevisiae S288C","BK006945:68,580..70,478(+)","polynucleotide 5'-hydroxyl-kinase","No","1","GRC3"
"YLL036C","Saccharomyces cerevisiae S288C","BK006945:66,745..68,256(-)","E3 ubiquitin-protein ligase PRP19","No","1","PRP19"
"YLL038C","Saccharomyces cerevisiae S288C","BK006945:65,775..66,518(-)","Ent4p","No","1","ENT4"
"YLL039C","Saccharomyces cerevisiae S288C","BK006945:64,062..65,207(-)","ubiquitin","No","1","UBI4"
"YLL040C","Saccharomyces cerevisiae S288C","BK006945:54,211..63,645(-)","membrane morphogenesis protein VPS13","No","1","VPS13"
"YLL041C","Saccharomyces cerevisiae S288C","BK006945:53,131..53,931(-)","succinate dehydrogenase iron-sulfur protein subunit SDH2","No","1","SDH2"
"YLL042C","Saccharomyces cerevisiae S288C","BK006945:52,087..52,590(-)","E2-like conjugating enzyme","No","1","ATG10"
"YLL043W","Saccharomyces cerevisiae S288C","BK006945:49,938..51,947(+)","Fps1p","No","1","FPS1"
"YLL045C","Saccharomyces cerevisiae S288C","BK006945:47,859..48,629(-)","ribosomal 60S subunit protein L8B","No","1","RPL8B"
"YLL046C","Saccharomyces cerevisiae S288C","BK006945:46,714..47,463(-)","Rnp1p","No","1","RNP1"
"YLL048C","Saccharomyces cerevisiae S288C","BK006945:41,280..46,265(-)","bile acid-transporting ATPase YBT1","No","1","YBT1"
"YLL049W","Saccharomyces cerevisiae S288C","BK006945:40,666..41,205(+)","Ldb18p","No","1","LDB18"
"YLL050C","Saccharomyces cerevisiae S288C","BK006945:39,804..40,414(-)","cofilin","No","1","COF1"
"YLL051C","Saccharomyces cerevisiae S288C","BK006945:37,333..39,471(-)","putative ferric-chelate reductase","No","1","FRE6"
"YLL052C","Saccharomyces cerevisiae S288C","BK006945:35,912..36,361(-)","Aqy2p","No","1","AQY2"
"YLL053C","Saccharomyces cerevisiae S288C","BK006945:35,503..35,961(-)","hypothetical protein","No","1","N/A"
"YLL054C","Saccharomyces cerevisiae S288C","BK006945:32,673..35,204(-)","hypothetical protein","No","1","N/A"
"YLL055W","Saccharomyces cerevisiae S288C","BK006945:30,109..31,704(+)","Yct1p","No","1","YCT1"
"YLL056C","Saccharomyces cerevisiae S288C","BK006945:27,409..28,305(-)","hypothetical protein","No","1","N/A"
"YLL057C","Saccharomyces cerevisiae S288C","BK006945:25,756..26,994(-)","sulfonate dioxygenase","No","1","JLP1"
"YLL058W","Saccharomyces cerevisiae S288C","BK006945:23,569..25,296(+)","cystathionine gamma-synthase","No","1","N/A"
"YLL060C","Saccharomyces cerevisiae S288C","BK006945:21,138..21,839(-)","glutathione transferase GTT2","No","1","GTT2"
"YLL061W","Saccharomyces cerevisiae S288C","BK006945:17,956..19,707(+)","S-methylmethionine permease MMP1","No","1","MMP1"
"YLL062C","Saccharomyces cerevisiae S288C","BK006945:16,639..17,613(-)","S-adenosylmethionine-homocysteine S-methyltransferase MHT1","No","1","MHT1"
"YLL063C","Saccharomyces cerevisiae S288C","BK006945:14,648..16,072(-)","acetyltransferase","No","1","AYT1"
"YLL064C","Saccharomyces cerevisiae S288C","BK006945:13,083..13,445(-)","seripauperin PAU18","No","1","PAU18"
"YLL066C","Saccharomyces cerevisiae S288C","BK006945:6,120..9,836(-)","Y' element ATP-dependent helicase","No","1","N/A"
"YLL066W-B","Saccharomyces cerevisiae S288C","BK006945:5,605..5,775(+)","hypothetical protein","No","1","N/A"
"YLL067C","Saccharomyces cerevisiae S288C","BK006945:585..4,301(-)","Y' element ATP-dependent helicase","No","1","N/A"
"YLR001C","Saccharomyces cerevisiae S288C","BK006945:151,389..153,977(-)","hypothetical protein","No","1","N/A"
"YLR002C","Saccharomyces cerevisiae S288C","BK006945:154,343..156,334(-)","Noc3p","No","1","NOC3"
"YLR003C","Saccharomyces cerevisiae S288C","BK006945:156,855..157,730(-)","Cms1p","No","1","CMS1"
"YLR004C","Saccharomyces cerevisiae S288C","BK006945:157,934..159,505(-)","Thi73p","No","1","THI73"
"YLR005W","Saccharomyces cerevisiae S288C","BK006945:160,049..161,434(+)","TFIIH/NER complex subunit SSL1","No","1","SSL1"
"YLR006C","Saccharomyces cerevisiae S288C","BK006945:161,755..163,893(-)","mitogen-activated protein kinase kinase kinase SSK1","No","1","SSK1"
"YLR007W","Saccharomyces cerevisiae S288C","BK006945:164,392..165,402(+)","Smc5-Smc6 complex subunit NSE1","No","1","NSE1"
"YLR008C","Saccharomyces cerevisiae S288C","BK006945:165,577..166,083(-)","Pam18p","No","1","PAM18"
"YLR009W","Saccharomyces cerevisiae S288C","BK006945:166,537..167,136(+)","ATPase-activating ribosome biosynthesis protein","No","1","RLP24"
"YLR010C","Saccharomyces cerevisiae S288C","BK006945:167,320..167,802(-)","Ten1p","No","1","TEN1"
"YLR011W","Saccharomyces cerevisiae S288C","BK006945:169,103..169,678(+)","flavin-dependent quinone reductase","No","1","LOT6"
"YLR012C","Saccharomyces cerevisiae S288C","BK006945:169,982..170,281(-)","hypothetical protein","No","1","N/A"
"YLR013W","Saccharomyces cerevisiae S288C","BK006945:171,339..171,764(+)","Gat3p","No","1","GAT3"
"YLR014C","Saccharomyces cerevisiae S288C","BK006945:172,268..174,982(-)","Ppr1p","No","1","PPR1"
"YLR015W","Saccharomyces cerevisiae S288C","BK006945:175,227..176,744(+)","Bre2p","No","1","BRE2"
"YLR016C","Saccharomyces cerevisiae S288C","BK006945:176,802..177,416(-)","Pml1p","No","1","PML1"
"YLR017W","Saccharomyces cerevisiae S288C","BK006945:177,608..178,621(+)","S-methyl-5-thioadenosine phosphorylase","No","1","MEU1"
"YLR018C","Saccharomyces cerevisiae S288C","BK006945:178,707..179,606(-)","Pom34p","No","1","POM34"
"YLR019W","Saccharomyces cerevisiae S288C","BK006945:180,288..181,481(+)","putative phosphatase","No","1","PSR2"
"YLR020C","Saccharomyces cerevisiae S288C","BK006945:181,789..183,405(-)","sterol esterase","No","1","YEH2"
"YLR021W","Saccharomyces cerevisiae S288C","BK006945:183,623..184,162(+)","Irc25p","No","1","IRC25"
"YLR022C","Saccharomyces cerevisiae S288C","BK006945:184,174..184,926(-)","guanine nucleotide exchange factor SDO1","No","1","SDO1"
"YLR023C","Saccharomyces cerevisiae S288C","BK006945:185,498..187,129(-)","Izh3p","No","1","IZH3"
"YLR024C","Saccharomyces cerevisiae S288C","BK006945:187,663..193,281(-)","putative ubiquitin-protein ligase UBR2","No","1","UBR2"
"YLR025W","Saccharomyces cerevisiae S288C","BK006945:194,452..195,174(+)","ESCRT-III subunit protein SNF7","No","1","SNF7"
"YLR026C","Saccharomyces cerevisiae S288C","BK006945:195,450..196,472(-)","t-SNARE syntaxin","No","1","SED5"
"YLR027C","Saccharomyces cerevisiae S288C","BK006945:196,829..198,085(-)","aspartate transaminase AAT2","No","1","AAT2"
"YLR028C","Saccharomyces cerevisiae S288C","BK006945:199,540..201,315(-)","bifunctional phosphoribosylaminoimidazolecarboxamide formyltransferase/IMP cyclohydrolase ADE16","No","1","ADE16"
"YLR029C","Saccharomyces cerevisiae S288C","BK006945:201,976..202,590(-)","ribosomal 60S subunit protein L15A","No","1","RPL15A"
"YLR030W","Saccharomyces cerevisiae S288C","BK006945:203,290..204,081(+)","hypothetical protein","No","1","N/A"
"YLR031W","Saccharomyces cerevisiae S288C","BK006945:204,225..204,785(+)","hypothetical protein","No","1","N/A"
"YLR032W","Saccharomyces cerevisiae S288C","BK006945:204,991..208,500(+)","DNA helicase RAD5","No","1","RAD5"
"YLR033W","Saccharomyces cerevisiae S288C","BK006945:208,761..210,269(+)","Rsc58p","No","1","RSC58"
"YLR034C","Saccharomyces cerevisiae S288C","BK006945:210,512..211,933(-)","putative divalent metal ion transporter SMF3","No","1","SMF3"
"YLR035C-A","Saccharomyces cerevisiae S288C","BK006945:215,440..218,907(-)","gag-pol fusion protein","No","1","N/A"
"YLR035C","Saccharomyces cerevisiae S288C","BK006945:212,369..214,456(-)","mismatch repair protein MLH2","No","1","MLH2"
"YLR036C","Saccharomyces cerevisiae S288C","BK006945:221,521..222,132(-)","hypothetical protein","No","1","N/A"
"YLR037C","Saccharomyces cerevisiae S288C","BK006945:222,685..223,059(-)","seripauperin PAU23","No","1","PAU23"
"YLR038C","Saccharomyces cerevisiae S288C","BK006945:224,921..225,172(-)","cytochrome c oxidase subunit VIb","No","1","COX12"
"YLR039C","Saccharomyces cerevisiae S288C","BK006945:225,426..228,596(-)","Ric1p","No","1","RIC1"
"YLR040C","Saccharomyces cerevisiae S288C","BK006945:228,908..229,582(-)","Afb1p","No","1","AFB1"
"YLR042C","Saccharomyces cerevisiae S288C","BK006945:229,966..230,451(-)","hypothetical protein","No","1","NFG1"
"YLR043C","Saccharomyces cerevisiae S288C","BK006945:231,702..232,013(-)","thioredoxin TRX1","No","1","TRX1"
"YLR044C","Saccharomyces cerevisiae S288C","BK006945:232,390..234,081(-)","indolepyruvate decarboxylase 1","No","1","PDC1"
"YLR045C","Saccharomyces cerevisiae S288C","BK006945:235,037..237,703(-)","Stu2p","No","1","STU2"
"YLR046C","Saccharomyces cerevisiae S288C","BK006945:238,001..238,813(-)","hypothetical protein","No","1","N/A"
"YLR047C","Saccharomyces cerevisiae S288C","BK006945:239,347..241,407(-)","putative ferric-chelate reductase","No","1","FRE8"
"YLR048W","Saccharomyces cerevisiae S288C","BK006945:242,232..243,349(+)","ribosomal 40S subunit protein S0B","No","1","RPS0B"
"YLR049C","Saccharomyces cerevisiae S288C","BK006945:243,886..245,172(-)","hypothetical protein","No","1","MLO50"
"YLR050C","Saccharomyces cerevisiae S288C","BK006945:245,587..246,072(-)","hypothetical protein","No","1","EMA19"
"YLR051C","Saccharomyces cerevisiae S288C","BK006945:246,324..246,977(-)","Fcf2p","No","1","FCF2"
"YLR052W","Saccharomyces cerevisiae S288C","BK006945:247,201..247,953(+)","Ies3p","No","1","IES3"
"YLR053C","Saccharomyces cerevisiae S288C","BK006945:248,100..248,426(-)","hypothetical protein","No","1","N/A"
"YLR054C","Saccharomyces cerevisiae S288C","BK006945:248,717..250,978(-)","Osw2p","No","1","OSW2"
"YLR055C","Saccharomyces cerevisiae S288C","BK006945:251,272..253,080(-)","SAGA complex subunit SPT8","No","1","SPT8"
"YLR056W","Saccharomyces cerevisiae S288C","BK006945:253,861..254,958(+)","C-5 sterol desaturase","No","1","ERG3"
"YLR057W","Saccharomyces cerevisiae S288C","BK006945:255,306..257,855(+)","putative mannosidase MNL2","No","1","MNL2"
"YLR058C","Saccharomyces cerevisiae S288C","BK006945:257,992..259,401(-)","glycine hydroxymethyltransferase SHM2","No","1","SHM2"
"YLR059C","Saccharomyces cerevisiae S288C","BK006945:259,738..260,547(-)","Rex2p","No","1","REX2"
"YLR060W","Saccharomyces cerevisiae S288C","BK006945:260,979..262,766(+)","phenylalanine--tRNA ligase subunit beta","No","1","FRS1"
"YLR061W","Saccharomyces cerevisiae S288C","BK006945:263,194..263,948(+)","ribosomal 60S subunit protein L22A","No","1","RPL22A"
"YLR063W","Saccharomyces cerevisiae S288C","BK006945:264,157..265,254(+)","25S rRNA (uracil2843-N3)-methyltransferase","No","1","BMT6"
"YLR064W","Saccharomyces cerevisiae S288C","BK006945:265,456..266,277(+)","Per33p","No","1","PER33"
"YLR065C","Saccharomyces cerevisiae S288C","BK006945:266,373..266,918(-)","Env10p","No","1","SND2"
"YLR066W","Saccharomyces cerevisiae S288C","BK006945:267,169..267,723(+)","signal peptidase complex subunit SPC3","No","1","SPC3"
"YLR067C","Saccharomyces cerevisiae S288C","BK006945:267,813..270,710(-)","Pet309p","No","1","PET309"
"YLR068W","Saccharomyces cerevisiae S288C","BK006945:271,008..271,463(+)","Fyv7p","No","1","FYV7"
"YLR069C","Saccharomyces cerevisiae S288C","BK006945:271,630..273,915(-)","Mef1p","No","1","MEF1"
"YLR070C","Saccharomyces cerevisiae S288C","BK006945:274,141..275,211(-)","D-xylulose reductase XYL2","No","1","XYL2"
"YLR071C","Saccharomyces cerevisiae S288C","BK006945:275,378..278,626(-)","Rgr1p","No","1","RGR1"
"YLR074C","Saccharomyces cerevisiae S288C","BK006945:281,956..282,456(-)","Bud20p","No","1","BUD20"
"YLR072W","Saccharomyces cerevisiae S288C","BK006945:278,862..280,943(+)","Lam6p","No","1","LAM6"
"YLR073C","Saccharomyces cerevisiae S288C","BK006945:281,019..281,621(-)","Rfu1p","No","1","RFU1"
"YLR075W","Saccharomyces cerevisiae S288C","BK006945:282,927..283,592(+)","ribosomal 60S subunit protein L10","No","1","RPL10"
"YLR077W","Saccharomyces cerevisiae S288C","BK006945:283,872..285,623(+)","Fmp25p","No","1","FMP25"
"YLR078C","Saccharomyces cerevisiae S288C","BK006945:285,736..286,559(-)","Bos1p","No","1","BOS1"
"YLR079W","Saccharomyces cerevisiae S288C","BK006945:286,820..287,674(+)","cyclin-dependent protein serine/threonine kinase inhibiting protein SIC1","No","1","SIC1"
"YLR080W","Saccharomyces cerevisiae S288C","BK006945:287,916..289,250(+)","Emp46p","No","1","EMP46"
"YLR081W","Saccharomyces cerevisiae S288C","BK006945:290,212..291,936(+)","galactose permease GAL2","No","1","GAL2"
"YLR082C","Saccharomyces cerevisiae S288C","BK006945:292,394..293,572(-)","Srl2p","No","1","SRL2"
"YLR083C","Saccharomyces cerevisiae S288C","BK006945:294,091..296,094(-)","Emp70p","No","1","EMP70"
"YLR084C","Saccharomyces cerevisiae S288C","BK006945:296,589..300,251(-)","Rax2p","No","1","RAX2"
"YLR085C","Saccharomyces cerevisiae S288C","BK006945:300,673..301,989(-)","Arp6p","No","1","ARP6"
"YLR086W","Saccharomyces cerevisiae S288C","BK006945:302,243..306,499(+)","condensin subunit SMC4","No","1","SMC4"
"YLR087C","Saccharomyces cerevisiae S288C","BK006945:306,855..315,731(-)","Csf1p","No","1","CSF1"
"YLR088W","Saccharomyces cerevisiae S288C","BK006945:316,107..317,951(+)","GPI-anchor transamidase subunit GAA1","No","1","GAA1"
"YLR089C","Saccharomyces cerevisiae S288C","BK006945:318,237..320,015(-)","alanine transaminase ALT1","No","1","ALT1"
"YLR090W","Saccharomyces cerevisiae S288C","BK006945:320,701..322,080(+)","Xdj1p","No","1","XDJ1"
"YLR091W","Saccharomyces cerevisiae S288C","BK006945:322,297..323,178(+)","Gep5p","No","1","GEP5"
"YLR092W","Saccharomyces cerevisiae S288C","BK006945:323,544..326,225(+)","sulfate permease","No","1","SUL2"
"YLR093C","Saccharomyces cerevisiae S288C","BK006945:326,513..327,415(-)","Nyv1p","No","1","NYV1"
"YLR094C","Saccharomyces cerevisiae S288C","BK006945:327,730..329,238(-)","Gis3p","No","1","GIS3"
"YLR095C","Saccharomyces cerevisiae S288C","BK006945:329,677..332,115(-)","Ioc2p","No","1","IOC2"
"YLR096W","Saccharomyces cerevisiae S288C","BK006945:332,590..336,033(+)","serine/threonine protein kinase KIN2","No","1","KIN2"
"YLR097C","Saccharomyces cerevisiae S288C","BK006945:336,231..337,265(-)","SCF ubiquitin ligase complex subunit HRT3","No","1","HRT3"
"YLR098C","Saccharomyces cerevisiae S288C","BK006945:337,527..339,473(-)","Cha4p","No","1","CHA4"
"YLR099C","Saccharomyces cerevisiae S288C","BK006945:339,744..340,928(-)","lysophosphatidic acid acyltransferase ICT1","No","1","ICT1"
"YLR099W-A","Saccharomyces cerevisiae S288C","BK006945:341,325..341,588(+)","Mim2p","No","1","MIM2"
"YLR100W","Saccharomyces cerevisiae S288C","BK006945:341,810..342,853(+)","3-keto-steroid reductase","No","1","ERG27"
"YLR102C","Saccharomyces cerevisiae S288C","BK006945:342,970..343,767(-)","anaphase promoting complex subunit 9","No","1","APC9"
"YLR103C","Saccharomyces cerevisiae S288C","BK006945:343,989..345,941(-)","DNA replication initiation factor CDC45","No","1","CDC45"
"YLR104W","Saccharomyces cerevisiae S288C","BK006945:346,585..346,980(+)","Lcl2p","No","1","LCL2"
"YLR105C","Saccharomyces cerevisiae S288C","BK006945:347,047..348,180(-)","tRNA splicing endonuclease subunit SEN2","No","1","SEN2"
"YLR106C","Saccharomyces cerevisiae S288C","BK006945:349,006..363,738(-)","AAA family ATPase midasin","No","1","REA1"
"YLR107W","Saccharomyces cerevisiae S288C","BK006945:364,116..365,330(+)","RNA exonuclease","No","1","REX3"
"YLR108C","Saccharomyces cerevisiae S288C","BK006945:366,667..368,124(-)","hypothetical protein","No","1","N/A"
"YLR109W","Saccharomyces cerevisiae S288C","BK006945:368,781..369,311(+)","thioredoxin peroxidase AHP1","No","1","AHP1"
"YLR110C","Saccharomyces cerevisiae S288C","BK006945:369,697..370,098(-)","Ccw12p","No","1","CCW12"
"YLR113W","Saccharomyces cerevisiae S288C","BK006945:371,620..372,927(+)","mitogen-activated protein kinase HOG1","No","1","HOG1"
"YLR114C","Saccharomyces cerevisiae S288C","BK006945:374,944..377,238(-)","Avl9p","No","1","AVL9"
"YLR115W","Saccharomyces cerevisiae S288C","BK006945:377,985..380,564(+)","cleavage polyadenylation factor subunit CFT2","No","1","CFT2"
"YLR116W","Saccharomyces cerevisiae S288C","BK006945:380,822..382,252(+)","mRNA splicing protein MSL5","No","1","MSL5"
"YLR117C","Saccharomyces cerevisiae S288C","BK006945:382,471..384,534(-)","Clf1p","No","1","CLF1"
"YLR118C","Saccharomyces cerevisiae S288C","BK006945:384,725..385,408(-)","palmitoyl-(protein) hydrolase","No","1","TML25"
"YLR119W","Saccharomyces cerevisiae S288C","BK006945:385,534..386,175(+)","ESCRT-I subunit protein SRN2","No","1","SRN2"
"YLR120C","Saccharomyces cerevisiae S288C","BK006945:386,511..388,220(-)","aspartyl protease","No","1","YPS1"
"YLR121C","Saccharomyces cerevisiae S288C","BK006945:388,744..390,270(-)","aspartyl protease","No","1","YPS3"
"YLR125W","Saccharomyces cerevisiae S288C","BK006945:393,484..393,894(+)","hypothetical protein","No","1","N/A"
"YLR126C","Saccharomyces cerevisiae S288C","BK006945:394,765..395,520(-)","putative amidotransferase","No","1","N/A"
"YLR127C","Saccharomyces cerevisiae S288C","BK006945:395,758..398,319(-)","anaphase promoting complex subunit 2","No","1","APC2"
"YLR128W","Saccharomyces cerevisiae S288C","BK006945:398,530..399,433(+)","NEDD8 ligase DCN1","No","1","DCN1"
"YLR129W","Saccharomyces cerevisiae S288C","BK006945:399,657..402,488(+)","snoRNA-binding rRNA-processing protein DIP2","No","1","DIP2"
"YLR130C","Saccharomyces cerevisiae S288C","BK006945:402,794..404,062(-)","low-affinity Zn(2+) transporter ZRT2","No","1","ZRT2"
"YLR131C","Saccharomyces cerevisiae S288C","BK006945:404,510..406,822(-)","DNA-binding transcription factor ACE2","No","1","ACE2"
"YLR132C","Saccharomyces cerevisiae S288C","BK006945:407,283..408,155(-)","phosphoric diester hydrolase","No","1","USB1"
"YLR133W","Saccharomyces cerevisiae S288C","BK006945:408,445..410,193(+)","bifunctional choline kinase/ethanolamine kinase CKI1","No","1","CKI1"
"YLR134W","Saccharomyces cerevisiae S288C","BK006945:410,723..412,414(+)","indolepyruvate decarboxylase 5","No","1","PDC5"
"YLR135W","Saccharomyces cerevisiae S288C","BK006945:413,281..415,527(+)","Slx4p","No","1","SLX4"
"YLR136C","Saccharomyces cerevisiae S288C","BK006945:415,801..416,658(-)","Tis11p","No","1","TIS11"
"YLR137W","Saccharomyces cerevisiae S288C","BK006945:417,006..418,109(+)","S-adenosylmethionine-dependent methyltransferase","No","1","RKM5"
"YLR138W","Saccharomyces cerevisiae S288C","BK006945:418,437..421,394(+)","Nha1p","No","1","NHA1"
"YLR139C","Saccharomyces cerevisiae S288C","BK006945:421,542..423,473(-)","Sls1p","No","1","SLS1"
"YLR141W","Saccharomyces cerevisiae S288C","BK006945:423,683..424,774(+)","Rrn5p","No","1","RRN5"
"YLR142W","Saccharomyces cerevisiae S288C","BK006945:425,186..426,616(+)","proline dehydrogenase","No","1","PUT1"
"YLR143W","Saccharomyces cerevisiae S288C","BK006945:427,329..429,386(+)","diphthine--ammonia ligase","No","1","DPH6"
"YLR144C","Saccharomyces cerevisiae S288C","BK006945:429,677..432,016(-)","Acf2p","No","1","ACF2"
"YLR145W","Saccharomyces cerevisiae S288C","BK006945:432,168..432,773(+)","Rmp1p","No","1","RMP1"
"YLR146C","Saccharomyces cerevisiae S288C","BK006945:432,823..433,725(-)","spermine synthase","No","1","SPE4"
"YLR146W-A","Saccharomyces cerevisiae S288C","BK006945:433,870..434,058(+)","hypothetical protein","No","1","N/A"
"YLR147C","Saccharomyces cerevisiae S288C","BK006945:434,158..434,463(-)","mRNA splicing protein SMD3","No","1","SMD3"
"YLR148W","Saccharomyces cerevisiae S288C","BK006945:434,641..437,397(+)","tethering complex subunit PEP3","No","1","PEP3"
"YLR149C","Saccharomyces cerevisiae S288C","BK006945:437,631..439,823(-)","hypothetical protein","No","1","N/A"
"YLR150W","Saccharomyces cerevisiae S288C","BK006945:440,467..441,288(+)","Stm1p","No","1","STM1"
"YLR151C","Saccharomyces cerevisiae S288C","BK006945:441,715..442,737(-)","8-oxo-dGTP diphosphatase","No","1","PCD1"
"YLR152C","Saccharomyces cerevisiae S288C","BK006945:442,958..444,688(-)","hypothetical protein","No","1","N/A"
"YLR153C","Saccharomyces cerevisiae S288C","BK006945:445,524..447,575(-)","acetate--CoA ligase ACS2","No","1","ACS2"
"YLR154C-G","Saccharomyces cerevisiae S288C","BK006945:462,522..462,671(-)","hypothetical protein","No","1","N/A"
"YLR154C-H","Saccharomyces cerevisiae S288C","BK006945:468,827..468,958(-)","hypothetical protein","No","1","N/A"
"YLR154C","Saccharomyces cerevisiae S288C","BK006945:447,982..448,314(-)","Rnh203p","No","1","RNH203"
"YLR154W-C","Saccharomyces cerevisiae S288C","BK006945:454,696..455,070(+)","Tar1p","No","1","TAR1"
"YLR155C","Saccharomyces cerevisiae S288C","BK006945:469,317..470,405(-)","asparaginase ASP3-1","No","1","ASP3-1"
"YLR156C-A","Saccharomyces cerevisiae S288C","BK006945:472,479..472,610(-)","hypothetical protein","No","1","N/A"
"YLR156W","Saccharomyces cerevisiae S288C","BK006945:472,113..472,457(+)","hypothetical protein","No","1","N/A"
"YLR157C-A","Saccharomyces cerevisiae S288C","BK006945:480,279..481,601(-)","gag protein","No","1","TY1A-LR2"
"YLR157C-B","Saccharomyces cerevisiae S288C","BK006945:476,333..481,601(-)","gag-pol fusion protein","No","1","TY1B-LR2"
"YLR157C-C","Saccharomyces cerevisiae S288C","BK006945:482,059..482,190(-)","hypothetical protein","No","1","N/A"
"YLR157C","Saccharomyces cerevisiae S288C","BK006945:472,969..474,057(-)","asparaginase ASP3-2","No","1","ASP3-2"
"YLR157W-D","Saccharomyces cerevisiae S288C","BK006945:475,764..475,976(+)","hypothetical protein","No","1","N/A"
"YLR157W-E","Saccharomyces cerevisiae S288C","BK006945:481,873..482,037(+)","hypothetical protein","No","1","N/A"
"YLR158C","Saccharomyces cerevisiae S288C","BK006945:482,549..483,637(-)","asparaginase ASP3-3","No","1","ASP3-3"
"YLR159C-A","Saccharomyces cerevisiae S288C","BK006945:485,711..485,842(-)","hypothetical protein","No","1","N/A"
"YLR159W","Saccharomyces cerevisiae S288C","BK006945:485,345..485,689(+)","hypothetical protein","No","1","N/A"
"YLR160C","Saccharomyces cerevisiae S288C","BK006945:486,201..487,289(-)","asparaginase ASP3-4","No","1","ASP3-4"
"YLR161W","Saccharomyces cerevisiae S288C","BK006945:488,997..489,341(+)","hypothetical protein","No","1","N/A"
"YLR162W-A","Saccharomyces cerevisiae S288C","BK006945:490,406..490,594(+)","Rrt15p","No","1","RRT15"
"YLR162W","Saccharomyces cerevisiae S288C","BK006945:489,573..489,929(+)","hypothetical protein","No","1","N/A"
"YLR163C","Saccharomyces cerevisiae S288C","BK006945:491,866..493,254(-)","Mas1p","No","1","MAS1"
"YLR164W","Saccharomyces cerevisiae S288C","BK006945:493,883..494,389(+)","protein SHH4","No","1","SHH4"
"YLR165C","Saccharomyces cerevisiae S288C","BK006945:494,494..495,258(-)","pseudouridine synthase PUS5","No","1","PUS5"
"YLR166C","Saccharomyces cerevisiae S288C","BK006945:495,429..498,044(-)","exocyst subunit SEC10","No","1","SEC10"
"YLR167W","Saccharomyces cerevisiae S288C","BK006945:498,947..499,405(+)","ubiquitin-ribosomal 40S subunit protein S31 fusion protein","No","1","RPS31"
"YLR168C","Saccharomyces cerevisiae S288C","BK006945:499,578..500,270(-)","Ups2p","No","1","UPS2"
"YLR170C","Saccharomyces cerevisiae S288C","BK006945:500,579..501,049(-)","Aps1p","No","1","APS1"
"YLR172C","Saccharomyces cerevisiae S288C","BK006945:501,260..502,162(-)","diphthine synthase","No","1","DPH5"
"YLR175W","Saccharomyces cerevisiae S288C","BK006945:506,134..507,585(+)","pseudouridine synthase CBF5","No","1","CBF5"
"YLR173W","Saccharomyces cerevisiae S288C","BK006945:502,421..504,247(+)","hypothetical protein","No","1","TAG1"
"YLR174W","Saccharomyces cerevisiae S288C","BK006945:504,591..505,829(+)","isocitrate dehydrogenase (NADP(+)) IDP2","No","1","IDP2"
"YLR176C","Saccharomyces cerevisiae S288C","BK006945:507,797..510,232(-)","Rfx1p","No","1","RFX1"
"YLR177W","Saccharomyces cerevisiae S288C","BK006945:511,054..512,940(+)","hypothetical protein","No","1","N/A"
"YLR178C","Saccharomyces cerevisiae S288C","BK006945:513,162..513,821(-)","Tfs1p","No","1","TFS1"
"YLR179C","Saccharomyces cerevisiae S288C","BK006945:514,108..514,713(-)","hypothetical protein","No","1","N/A"
"YLR180W","Saccharomyces cerevisiae S288C","BK006945:515,262..516,410(+)","methionine adenosyltransferase SAM1","No","1","SAM1"
"YLR181C","Saccharomyces cerevisiae S288C","BK006945:516,678..517,670(-)","Vta1p","No","1","VTA1"
"YLR182W","Saccharomyces cerevisiae S288C","BK006945:517,940..520,351(+)","transcriptional regulator SWI6","No","1","SWI6"
"YLR183C","Saccharomyces cerevisiae S288C","BK006945:520,543..522,012(-)","Tos4p","No","1","TOS4"
"YLR185W","Saccharomyces cerevisiae S288C","BK006945:522,663..523,288(+)","ribosomal 60S subunit protein L37A","No","1","RPL37A"
"YLR186W","Saccharomyces cerevisiae S288C","BK006945:523,632..524,390(+)","18S rRNA pseudouridine methyltransferase","No","1","EMG1"
"YLR187W","Saccharomyces cerevisiae S288C","BK006945:524,865..527,945(+)","Skg3p","No","1","SKG3"
"YLR188W","Saccharomyces cerevisiae S288C","BK006945:528,300..530,387(+)","ATP-binding cassette permease MDL1","No","1","MDL1"
"YLR189C","Saccharomyces cerevisiae S288C","BK006945:530,797..534,393(-)","Atg26p","No","1","ATG26"
"YLR190W","Saccharomyces cerevisiae S288C","BK006945:535,214..536,689(+)","Mmr1p","No","1","MMR1"
"YLR191W","Saccharomyces cerevisiae S288C","BK006945:537,272..538,432(+)","peroxin PEX13","No","1","PEX13"
"YLR192C","Saccharomyces cerevisiae S288C","BK006945:538,792..539,589(-)","translation initiation factor eIF3 subunit j","No","1","HCR1"
"YLR193C","Saccharomyces cerevisiae S288C","BK006945:540,009..540,536(-)","Ups1p","No","1","UPS1"
"YLR194C","Saccharomyces cerevisiae S288C","BK006945:540,809..541,573(-)","hypothetical protein","No","1","NCW2"
"YLR195C","Saccharomyces cerevisiae S288C","BK006945:541,937..543,304(-)","glycylpeptide N-tetradecanoyltransferase NMT1","No","1","NMT1"
"YLR196W","Saccharomyces cerevisiae S288C","BK006945:543,968..545,698(+)","rRNA-processing protein PWP1","No","1","PWP1"
"YLR197W","Saccharomyces cerevisiae S288C","BK006945:546,097..547,611(+)","snoRNP complex protein NOP56","No","1","NOP56"
"YLR199C","Saccharomyces cerevisiae S288C","BK006945:547,853..548,769(-)","Pba1p","No","1","PBA1"
"YLR200W","Saccharomyces cerevisiae S288C","BK006945:549,012..549,356(+)","tubulin-binding prefolding complex subunit YKE2","No","1","YKE2"
"YLR201C","Saccharomyces cerevisiae S288C","BK006945:549,511..550,293(-)","ubiquinone biosynthesis protein COQ9","No","1","COQ9"
"YLR203C","Saccharomyces cerevisiae S288C","BK006945:550,650..551,960(-)","Mss51p","No","1","MSS51"
"YLR204W","Saccharomyces cerevisiae S288C","BK006945:552,270..552,605(+)","Qri5p","No","1","QRI5"
"YLR205C","Saccharomyces cerevisiae S288C","BK006945:552,724..553,677(-)","Hmx1p","No","1","HMX1"
"YLR206W","Saccharomyces cerevisiae S288C","BK006945:554,578..556,419(+)","epsin","No","1","ENT2"
"YLR207W","Saccharomyces cerevisiae S288C","BK006945:556,788..559,289(+)","ubiquitin ligase complex subunit HRD3","No","1","HRD3"
"YLR208W","Saccharomyces cerevisiae S288C","BK006945:559,551..560,444(+)","GTPase-activating protein SEC13","No","1","SEC13"
"YLR209C","Saccharomyces cerevisiae S288C","BK006945:560,797..561,732(-)","purine-nucleoside phosphorylase","No","1","PNP1"
"YLR210W","Saccharomyces cerevisiae S288C","BK006945:562,008..563,390(+)","B-type cyclin CLB4","No","1","CLB4"
"YLR211C","Saccharomyces cerevisiae S288C","BK006945:563,792..564,531(-)","Atg38p","No","1","ATG38"
"YLR212C","Saccharomyces cerevisiae S288C","BK006945:564,860..566,281(-)","gamma-tubulin","No","1","TUB4"
"YLR213C","Saccharomyces cerevisiae S288C","BK006945:566,654..567,922(-)","putative glycosylase","No","1","CRR1"
"YLR214W","Saccharomyces cerevisiae S288C","BK006945:568,567..570,627(+)","ferric/cupric-chelate reductase","No","1","FRE1"
"YLR215C","Saccharomyces cerevisiae S288C","BK006945:570,776..571,858(-)","cell proliferation protein CDC123","No","1","CDC123"
"YLR216C","Saccharomyces cerevisiae S288C","BK006945:572,096..573,211(-)","peptidylprolyl isomerase CPR6","No","1","CPR6"
"YLR218C","Saccharomyces cerevisiae S288C","BK006945:573,466..573,918(-)","Coa4p","No","1","COA4"
"YLR219W","Saccharomyces cerevisiae S288C","BK006945:574,151..576,337(+)","Msc3p","No","1","MSC3"
"YLR220W","Saccharomyces cerevisiae S288C","BK006945:576,825..577,793(+)","Ccc1p","No","1","CCC1"
"YLR221C","Saccharomyces cerevisiae S288C","BK006945:578,362..579,024(-)","Rsa3p","No","1","RSA3"
"YLR222C","Saccharomyces cerevisiae S288C","BK006945:579,318..581,771(-)","Utp13p","No","1","UTP13"
"YLR223C","Saccharomyces cerevisiae S288C","BK006945:582,233..585,490(-)","Ifh1p","No","1","IFH1"
"YLR224W","Saccharomyces cerevisiae S288C","BK006945:586,464..587,573(+)","Ucc1p","No","1","UCC1"
"YLR225C","Saccharomyces cerevisiae S288C","BK006945:587,695..588,918(-)","hypothetical protein","No","1","N/A"
"YLR226W","Saccharomyces cerevisiae S288C","BK006945:589,354..590,541(+)","Bur2p","No","1","BUR2"
"YLR227C","Saccharomyces cerevisiae S288C","BK006945:590,562..592,043(-)","Ady4p","No","1","ADY4"
"YLR227W-A","Saccharomyces cerevisiae S288C","BK006945:593,438..594,760(+)","gag protein","No","1","TY1A-ML2"
"YLR227W-B","Saccharomyces cerevisiae S288C","BK006945:593,438..598,706(+)","gag-pol fusion protein","No","1","TY1B-LR3"
"YLR228C","Saccharomyces cerevisiae S288C","BK006945:600,019..602,463(-)","Ecm22p","No","1","ECM22"
"YLR229C","Saccharomyces cerevisiae S288C","BK006945:604,212..604,787(-)","Rho family GTPase CDC42","No","1","CDC42"
"YLR231C","Saccharomyces cerevisiae S288C","BK006945:605,758..607,119(-)","kynureninase","No","1","BNA5"
"YLR233C","Saccharomyces cerevisiae S288C","BK006945:607,425..609,524(-)","Est1p","No","1","EST1"
"YLR234W","Saccharomyces cerevisiae S288C","BK006945:609,783..611,753(+)","DNA topoisomerase 3","No","1","TOP3"
"YLR237W","Saccharomyces cerevisiae S288C","BK006945:612,367..614,163(+)","thiamine transporter THI7","No","1","THI7"
"YLR238W","Saccharomyces cerevisiae S288C","BK006945:614,755..616,191(+)","Far10p","No","1","FAR10"
"YLR239C","Saccharomyces cerevisiae S288C","BK006945:616,332..617,318(-)","lipoyl(octanoyl) transferase LIP2","No","1","LIP2"
"YLR240W","Saccharomyces cerevisiae S288C","BK006945:617,533..620,160(+)","phosphatidylinositol 3-kinase VPS34","No","1","VPS34"
"YLR241W","Saccharomyces cerevisiae S288C","BK006945:620,473..622,821(+)","Csc1p","No","1","CSC1"
"YLR242C","Saccharomyces cerevisiae S288C","BK006945:622,918..623,883(-)","sterol homeostasis protein ARV1","No","1","ARV1"
"YLR243W","Saccharomyces cerevisiae S288C","BK006945:624,203..625,021(+)","putative signal sequence-binding GTPase GPN3","No","1","GPN3"
"YLR244C","Saccharomyces cerevisiae S288C","BK006945:625,168..626,331(-)","methionine aminopeptidase MAP1","No","1","MAP1"
"YLR245C","Saccharomyces cerevisiae S288C","BK006945:626,502..626,930(-)","cytidine deaminase","No","1","CDD1"
"YLR246W","Saccharomyces cerevisiae S288C","BK006945:627,118..628,197(+)","palmitoyltransferase ERF2","No","1","ERF2"
"YLR247C","Saccharomyces cerevisiae S288C","BK006945:628,684..633,354(-)","E3 ubiquitin-protein ligase IRC20","No","1","IRC20"
"YLR248W","Saccharomyces cerevisiae S288C","BK006945:634,252..636,084(+)","serine/threonine protein kinase RCK2","No","1","RCK2"
"YLR249W","Saccharomyces cerevisiae S288C","BK006945:636,780..639,914(+)","translation elongation factor EF-3","No","1","YEF3"
"YLR250W","Saccharomyces cerevisiae S288C","BK006945:640,317..641,021(+)","Ssp120p","No","1","SSP120"
"YLR251W","Saccharomyces cerevisiae S288C","BK006945:641,464..642,057(+)","ethanol metabolism protein","No","1","SYM1"
"YLR253W","Saccharomyces cerevisiae S288C","BK006945:642,627..644,336(+)","Mcp2p","No","1","MCP2"
"YLR254C","Saccharomyces cerevisiae S288C","BK006945:644,404..644,973(-)","Ndl1p","No","1","NDL1"
"YLR256W-A","Saccharomyces cerevisiae S288C","BK006945:651,117..652,439(+)","gag protein","No","1","TY1A-LR4"
"YLR256W","Saccharomyces cerevisiae S288C","BK006945:646,415..650,923(+)","Hap1p","No","1","HAP1"
"YLR257W","Saccharomyces cerevisiae S288C","BK006945:658,826..659,791(+)","hypothetical protein","No","1","N/A"
"YLR258W","Saccharomyces cerevisiae S288C","BK006945:660,716..662,833(+)","glycogen (starch) synthase GSY2","No","1","GSY2"
"YLR259C","Saccharomyces cerevisiae S288C","BK006945:663,284..665,002(-)","chaperone ATPase HSP60","No","1","HSP60"
"YLR260W","Saccharomyces cerevisiae S288C","BK006945:665,844..667,907(+)","sphinganine kinase LCB5","No","1","LCB5"
"YLR261C","Saccharomyces cerevisiae S288C","BK006945:668,237..668,563(-)","Vps63p","No","1","VPS63"
"YLR262C-A","Saccharomyces cerevisiae S288C","BK006945:669,468..669,662(-)","Tma7p","No","1","TMA7"
"YLR262C","Saccharomyces cerevisiae S288C","BK006945:668,244..668,891(-)","Rab family GTPase YPT6","No","1","YPT6"
"YLR263W","Saccharomyces cerevisiae S288C","BK006945:670,340..672,823(+)","Red1p","No","1","RED1"
"YLR264C-A","Saccharomyces cerevisiae S288C","BK006945:673,828..673,944(-)","hypothetical protein","No","1","N/A"
"YLR264W","Saccharomyces cerevisiae S288C","BK006945:673,131..673,334(+)","ribosomal 40S subunit protein S28B","No","1","RPS28B"
"YLR265C","Saccharomyces cerevisiae S288C","BK006945:674,427..675,455(-)","Nej1p","No","1","NEJ1"
"YLR266C","Saccharomyces cerevisiae S288C","BK006945:675,619..677,724(-)","Pdr8p","No","1","PDR8"
"YLR267W","Saccharomyces cerevisiae S288C","BK006945:678,212..679,924(+)","Bop2p","No","1","BOP2"
"YLR268W","Saccharomyces cerevisiae S288C","BK006945:680,200..680,844(+)","SNAP receptor SEC22","No","1","SEC22"
"YLR270W","Saccharomyces cerevisiae S288C","BK006945:681,186..682,238(+)","5'-(N(7)-methyl 5'-triphosphoguanosine)-(mRNA) diphosphatase","No","1","DCS1"
"YLR271W","Saccharomyces cerevisiae S288C","BK006945:682,737..683,561(+)","Cmg1p","No","1","CMG1"
"YLR272C","Saccharomyces cerevisiae S288C","BK006945:683,672..687,202(-)","condensin subunit YCS4","No","1","YCS4"
"YLR273C","Saccharomyces cerevisiae S288C","BK006945:689,083..691,029(-)","protein phosphatase regulator PIG1","No","1","PIG1"
"YLR274W","Saccharomyces cerevisiae S288C","BK006945:691,555..693,882(+)","MCM DNA helicase complex subunit MCM5","No","1","MCM5"
"YLR275W","Saccharomyces cerevisiae S288C","BK006945:694,378..694,800(+)","mRNA splicing protein SMD2","No","1","SMD2"
"YLR276C","Saccharomyces cerevisiae S288C","BK006945:695,046..696,830(-)","ATP-dependent DNA/RNA helicase","No","1","DBP9"
"YLR277C","Saccharomyces cerevisiae S288C","BK006945:697,156..699,495(-)","cleavage polyadenylation factor subunit YSH1","No","1","YSH1"
"YLR278C","Saccharomyces cerevisiae S288C","BK006945:699,999..704,024(-)","hypothetical protein","No","1","N/A"
"YLR281C","Saccharomyces cerevisiae S288C","BK006945:704,493..704,960(-)","hypothetical protein","No","1","RSO55"
"YLR283W","Saccharomyces cerevisiae S288C","BK006945:705,186..706,130(+)","hypothetical protein","No","1","PUT7"
"YLR284C","Saccharomyces cerevisiae S288C","BK006945:706,198..707,040(-)","dodecenoyl-CoA isomerase","No","1","ECI1"
"YLR285C-A","Saccharomyces cerevisiae S288C","BK006945:708,168..708,338(-)","hypothetical protein","No","1","N/A"
"YLR285W","Saccharomyces cerevisiae S288C","BK006945:707,360..708,145(+)","S-adenosylmethionine-dependent methyltransferase","No","1","NNT1"
"YLR287C","Saccharomyces cerevisiae S288C","BK006945:710,991..712,058(-)","hypothetical protein","No","1","N/A"
"YLR286C","Saccharomyces cerevisiae S288C","BK006945:708,448..710,136(-)","Cts1p","No","1","CTS1"
"YLR287C-A","Saccharomyces cerevisiae S288C","BK006945:712,537..713,158(-)","ribosomal 40S subunit protein S30A","No","1","RPS30A"
"YLR288C","Saccharomyces cerevisiae S288C","BK006945:713,480..714,904(-)","Mec3p","No","1","MEC3"
"YLR289W","Saccharomyces cerevisiae S288C","BK006945:715,089..717,026(+)","GTPase GUF1","No","1","GUF1"
"YLR290C","Saccharomyces cerevisiae S288C","BK006945:717,145..717,978(-)","ubiquinone biosynthesis protein COQ11","No","1","COQ11"
"YLR291C","Saccharomyces cerevisiae S288C","BK006945:718,317..719,462(-)","translation initiation factor eIF2B subunit beta","No","1","GCD7"
"YLR292C","Saccharomyces cerevisiae S288C","BK006945:719,789..720,370(-)","Sec63 complex subunit SEC72","No","1","SEC72"
"YLR293C","Saccharomyces cerevisiae S288C","BK006945:720,771..721,430(-)","Ran GTPase GSP1","No","1","GSP1"
"YLR295C","Saccharomyces cerevisiae S288C","BK006945:721,999..722,373(-)","F1F0 ATP synthase subunit h","No","1","ATP14"
"YLR297W","Saccharomyces cerevisiae S288C","BK006945:724,044..724,433(+)","hypothetical protein","No","1","N/A"
"YLR298C","Saccharomyces cerevisiae S288C","BK006945:724,721..725,416(-)","Yhc1p","No","1","YHC1"
"YLR299W","Saccharomyces cerevisiae S288C","BK006945:726,069..728,051(+)","gamma-glutamyltransferase","No","1","ECM38"
"YLR300W","Saccharomyces cerevisiae S288C","BK006945:728,955..730,301(+)","glucan 1,3-beta-glucosidase","No","1","EXG1"
"YLR301W","Saccharomyces cerevisiae S288C","BK006945:730,825..731,559(+)","Hri1p","No","1","HRI1"
"YLR303W","Saccharomyces cerevisiae S288C","BK006945:732,542..733,876(+)","bifunctional cysteine synthase/O-acetylhomoserine aminocarboxypropyltransferase MET17","No","1","MET17"
"YLR304C","Saccharomyces cerevisiae S288C","BK006945:735,212..737,548(-)","aconitate hydratase ACO1","No","1","ACO1"
"YLR305C","Saccharomyces cerevisiae S288C","BK006945:738,161..743,863(-)","1-phosphatidylinositol 4-kinase STT4","No","1","STT4"
"YLR306W","Saccharomyces cerevisiae S288C","BK006945:744,151..744,851(+)","NEDD8-conjugating protein UBC12","No","1","UBC12"
"YLR307C-A","Saccharomyces cerevisiae S288C","BK006945:746,848..747,111(-)","hypothetical protein","No","1","DPA10"
"YLR307W","Saccharomyces cerevisiae S288C","BK006945:745,620..746,525(+)","chitin deacetylase CDA1","No","1","CDA1"
"YLR308W","Saccharomyces cerevisiae S288C","BK006945:747,937..748,875(+)","chitin deacetylase CDA2","No","1","CDA2"
"YLR309C","Saccharomyces cerevisiae S288C","BK006945:749,034..751,769(-)","Imh1p","No","1","IMH1"
"YLR310C","Saccharomyces cerevisiae S288C","BK006945:752,224..756,993(-)","Ras family guanine nucleotide exchange factor CDC25","No","1","CDC25"
"YLR312C","Saccharomyces cerevisiae S288C","BK006945:757,637..758,833(-)","Atg39p","No","1","ATG39"
"YLR312W-A","Saccharomyces cerevisiae S288C","BK006945:759,480..760,241(+)","mitochondrial 54S ribosomal protein YmL15","No","1","MRPL15"
"YLR313C","Saccharomyces cerevisiae S288C","BK006945:760,750..762,342(-)","Sph1p","No","1","SPH1"
"YLR314C","Saccharomyces cerevisiae S288C","BK006945:762,575..764,137(-)","septin CDC3","No","1","CDC3"
"YLR315W","Saccharomyces cerevisiae S288C","BK006945:764,808..765,269(+)","Nkp2p","No","1","NKP2"
"YLR316C","Saccharomyces cerevisiae S288C","BK006945:765,266..766,358(-)","Tad3p","No","1","TAD3"
"YLR318W","Saccharomyces cerevisiae S288C","BK006945:766,542..769,196(+)","Est2p","No","1","EST2"
"YLR319C","Saccharomyces cerevisiae S288C","BK006945:769,318..771,684(-)","Bud6p","No","1","BUD6"
"YLR320W","Saccharomyces cerevisiae S288C","BK006945:771,940..776,304(+)","Mms22p","No","1","MMS22"
"YLR321C","Saccharomyces cerevisiae S288C","BK006945:776,584..777,864(-)","Sfh1p","No","1","SFH1"
"YLR323C","Saccharomyces cerevisiae S288C","BK006945:778,173..778,952(-)","U2-type spliceosomal complex subunit CWC24","No","1","CWC24"
"YLR324W","Saccharomyces cerevisiae S288C","BK006945:779,215..780,786(+)","peroxisome biogenesis protein","No","1","PEX30"
"YLR325C","Saccharomyces cerevisiae S288C","BK006945:781,143..781,379(-)","ribosomal 60S subunit protein L38","No","1","RPL38"
"YLR326W","Saccharomyces cerevisiae S288C","BK006945:782,174..782,896(+)","hypothetical protein","No","1","N/A"
"YLR327C","Saccharomyces cerevisiae S288C","BK006945:783,127..783,387(-)","Tma10p","No","1","TMA10"
"YLR328W","Saccharomyces cerevisiae S288C","BK006945:784,913..786,118(+)","nicotinamide-nucleotide adenylyltransferase NMA1","No","1","NMA1"
"YLR329W","Saccharomyces cerevisiae S288C","BK006945:786,442..787,333(+)","Rec102p","No","1","REC102"
"YLR330W","Saccharomyces cerevisiae S288C","BK006945:787,664..789,679(+)","Chs5p","No","1","CHS5"
"YLR332W","Saccharomyces cerevisiae S288C","BK006945:790,676..791,806(+)","Mid2p","No","1","MID2"
"YLR333C","Saccharomyces cerevisiae S288C","BK006945:795,573..795,899(-)","ribosomal 40S subunit protein S25B","No","1","RPS25B"
"YLR335W","Saccharomyces cerevisiae S288C","BK006945:797,430..799,592(+)","nucleoporin NUP2","No","1","NUP2"
"YLR336C","Saccharomyces cerevisiae S288C","BK006945:799,697..802,396(-)","Sgd1p","No","1","SGD1"
"YLR337C","Saccharomyces cerevisiae S288C","BK006945:802,653..805,106(-)","Vrp1p","No","1","VRP1"
"YLR340W","Saccharomyces cerevisiae S288C","BK006945:805,887..806,825(+)","ribosomal protein P0","No","1","RPP0"
"YLR341W","Saccharomyces cerevisiae S288C","BK006945:807,385..808,818(+)","Spo77p","No","1","SPO77"
"YLR342W-A","Saccharomyces cerevisiae S288C","BK006945:815,810..815,983(+)","hypothetical protein","No","1","N/A"
"YLR342W","Saccharomyces cerevisiae S288C","BK006945:809,997..815,627(+)","1,3-beta-D-glucan synthase","No","1","FKS1"
"YLR343W","Saccharomyces cerevisiae S288C","BK006945:816,094..817,761(+)","1,3-beta-glucanosyltransferase","No","1","GAS2"
"YLR344W","Saccharomyces cerevisiae S288C","BK006945:819,312..820,142(+)","ribosomal 60S subunit protein L26A","No","1","RPL26A"
"YLR345W","Saccharomyces cerevisiae S288C","BK006945:820,511..822,040(+)","bifunctional fructose-2,6-bisphosphate 2-phosphatase/6-phosphofructo-2-kinase","No","1","N/A"
"YLR346C","Saccharomyces cerevisiae S288C","BK006945:822,287..822,592(-)","Cis1p","No","1","CIS1"
"YLR347C","Saccharomyces cerevisiae S288C","BK006945:823,828..826,413(-)","karyopherin beta","No","1","KAP95"
"YLR348C","Saccharomyces cerevisiae S288C","BK006945:826,977..827,873(-)","Dic1p","No","1","DIC1"
"YLR350W","Saccharomyces cerevisiae S288C","BK006945:828,730..829,380(+)","sphingolipid homeostasis protein ORM2","No","1","ORM2"
"YLR351C","Saccharomyces cerevisiae S288C","BK006945:829,489..830,364(-)","putative hydrolase","No","1","NIT3"
"YLR352W","Saccharomyces cerevisiae S288C","BK006945:831,116..833,539(+)","hypothetical protein","No","1","LUG1"
"YLR353W","Saccharomyces cerevisiae S288C","BK006945:834,352..836,163(+)","Bud8p","No","1","BUD8"
"YLR354C","Saccharomyces cerevisiae S288C","BK006945:836,350..837,357(-)","sedoheptulose-7-phosphate:D-glyceraldehyde-3- phosphate transaldolase TAL1","No","1","TAL1"
"YLR355C","Saccharomyces cerevisiae S288C","BK006945:838,066..839,253(-)","ketol-acid reductoisomerase","No","1","ILV5"
"YLR356W","Saccharomyces cerevisiae S288C","BK006945:840,321..840,914(+)","Atg33p","No","1","ATG33"
"YLR357W","Saccharomyces cerevisiae S288C","BK006945:841,331..844,000(+)","Rsc2p","No","1","RSC2"
"YLR358C","Saccharomyces cerevisiae S288C","BK006945:843,487..844,050(-)","hypothetical protein","No","1","N/A"
"YLR359W","Saccharomyces cerevisiae S288C","BK006945:844,282..845,730(+)","adenylosuccinase ADE13","No","1","ADE13"
"YLR360W","Saccharomyces cerevisiae S288C","BK006945:846,103..847,422(+)","Vps38p","No","1","VPS38"
"YLR361C-A","Saccharomyces cerevisiae S288C","BK006945:849,383..849,679(-)","hypothetical protein","No","1","N/A"
"YLR361C","Saccharomyces cerevisiae S288C","BK006945:847,388..849,124(-)","phosphoprotein phosphatase","No","1","DCR2"
"YLR362W","Saccharomyces cerevisiae S288C","BK006945:849,866..852,019(+)","mitogen-activated protein kinase kinase kinase STE11","No","1","STE11"
"YLR363C","Saccharomyces cerevisiae S288C","BK006945:852,495..853,151(-)","Nmd4p","No","1","NMD4"
"YLR363W-A","Saccharomyces cerevisiae S288C","BK006945:853,461..853,718(+)","hypothetical protein","No","1","N/A"
"YLR364W","Saccharomyces cerevisiae S288C","BK006945:854,062..854,391(+)","glutathione-disulfide reductase GRX8","No","1","GRX8"
"YLR367W","Saccharomyces cerevisiae S288C","BK006945:856,442..857,317(+)","ribosomal 40S subunit protein S22B","No","1","RPS22B"
"YLR368W","Saccharomyces cerevisiae S288C","BK006945:857,540..859,336(+)","SCF ubiquitin ligase complex subunit MDM30","No","1","MDM30"
"YLR369W","Saccharomyces cerevisiae S288C","BK006945:859,552..861,525(+)","Hsp70 family ATPase SSQ1","No","1","SSQ1"
"YLR370C","Saccharomyces cerevisiae S288C","BK006945:861,718..862,254(-)","Arc18p","No","1","ARC18"
"YLR371W","Saccharomyces cerevisiae S288C","BK006945:862,714..866,784(+)","Rho family guanine nucleotide exchange factor ROM2","No","1","ROM2"
"YLR372W","Saccharomyces cerevisiae S288C","BK006945:867,354..868,391(+)","fatty acid elongase ELO3","No","1","ELO3"
"YLR373C","Saccharomyces cerevisiae S288C","BK006945:868,662..871,367(-)","Vid22p","No","1","VID22"
"YLR375W","Saccharomyces cerevisiae S288C","BK006945:871,697..872,728(+)","Stp3p","No","1","STP3"
"YLR376C","Saccharomyces cerevisiae S288C","BK006945:872,826..873,554(-)","Psy3p","No","1","PSY3"
"YLR377C","Saccharomyces cerevisiae S288C","BK006945:873,746..874,792(-)","fructose 1,6-bisphosphate 1-phosphatase","No","1","FBP1"
"YLR378C","Saccharomyces cerevisiae S288C","BK006945:875,736..877,178(-)","translocon subunit SEC61","No","1","SEC61"
"YLR380W","Saccharomyces cerevisiae S288C","BK006945:878,282..879,508(+)","Csr1p","No","1","CSR1"
"YLR381W","Saccharomyces cerevisiae S288C","BK006945:879,723..881,924(+)","Ctf3p","No","1","CTF3"
"YLR382C","Saccharomyces cerevisiae S288C","BK006945:882,067..884,751(-)","leucine--tRNA ligase NAM2","No","1","NAM2"
"YLR383W","Saccharomyces cerevisiae S288C","BK006945:885,288..888,632(+)","DNA repair protein SMC6","No","1","SMC6"
"YLR384C","Saccharomyces cerevisiae S288C","BK006945:888,851..892,900(-)","Elongator subunit IKI3","No","1","IKI3"
"YLR385C","Saccharomyces cerevisiae S288C","BK006945:892,992..893,390(-)","Swc7p","No","1","SWC7"
"YLR386W","Saccharomyces cerevisiae S288C","BK006945:893,628..896,270(+)","Vac14p","No","1","VAC14"
"YLR387C","Saccharomyces cerevisiae S288C","BK006945:896,374..897,672(-)","Reh1p","No","1","REH1"
"YLR388W","Saccharomyces cerevisiae S288C","BK006945:898,651..898,821(+)","ribosomal 40S subunit protein S29A","No","1","RPS29A"
"YLR389C","Saccharomyces cerevisiae S288C","BK006945:899,577..902,660(-)","metalloendopeptidase","No","1","STE23"
"YLR390W-A","Saccharomyces cerevisiae S288C","BK006945:903,724..904,440(+)","Ccw14p","No","1","CCW14"
"YLR390W","Saccharomyces cerevisiae S288C","BK006945:903,066..903,404(+)","Ecm19p","No","1","ECM19"
"YLR392C","Saccharomyces cerevisiae S288C","BK006945:904,749..906,305(-)","Art10p","No","1","ART10"
"YLR393W","Saccharomyces cerevisiae S288C","BK006945:907,079..907,918(+)","Atp10p","No","1","ATP10"
"YLR394W","Saccharomyces cerevisiae S288C","BK006945:907,950..909,398(+)","SUMO ligase CST9","No","1","CST9"
"YLR395C","Saccharomyces cerevisiae S288C","BK006945:909,729..909,965(-)","cytochrome c oxidase subunit VIII","No","1","COX8"
"YLR396C","Saccharomyces cerevisiae S288C","BK006945:910,235..912,310(-)","tethering complex ATP-binding subunit VPS33","No","1","VPS33"
"YLR397C","Saccharomyces cerevisiae S288C","BK006945:912,550..914,892(-)","AAA family ATPase AFG2","No","1","AFG2"
"YLR398C","Saccharomyces cerevisiae S288C","BK006945:915,156..919,019(-)","SKI complex RNA helicase subunit SKI2","No","1","SKI2"
"YLR399C","Saccharomyces cerevisiae S288C","BK006945:919,536..921,596(-)","chromatin-binding protein BDF1","No","1","BDF1"
"YLR404W","Saccharomyces cerevisiae S288C","BK006945:928,743..929,600(+)","seipin","No","1","SEI1"
"YLR401C","Saccharomyces cerevisiae S288C","BK006945:922,442..924,448(-)","tRNA dihydrouridine synthase DUS3","No","1","DUS3"
"YLR403W","Saccharomyces cerevisiae S288C","BK006945:925,568..927,619(+)","zinc-coordinating transcription factor SFP1","No","1","SFP1"
"YLR405W","Saccharomyces cerevisiae S288C","BK006945:929,789..930,892(+)","tRNA dihydrouridine synthase","No","1","DUS4"
"YLR406C-A","Saccharomyces cerevisiae S288C","BK006945:932,206..932,355(-)","hypothetical protein","No","1","N/A"
"YLR406C","Saccharomyces cerevisiae S288C","BK006945:931,065..931,755(-)","ribosomal 60S subunit protein L31B","No","1","RPL31B"
"YLR407W","Saccharomyces cerevisiae S288C","BK006945:932,967..933,653(+)","hypothetical protein","No","1","N/A"
"YLR408C","Saccharomyces cerevisiae S288C","BK006945:933,885..934,253(-)","Bls1p","No","1","BLS1"
"YLR409C","Saccharomyces cerevisiae S288C","BK006945:934,414..937,233(-)","rRNA-processing protein UTP21","No","1","UTP21"
"YLR410W-A","Saccharomyces cerevisiae S288C","BK006945:941,483..942,799(+)","gag protein","No","1","TY2A-LR1"
"YLR410W-B","Saccharomyces cerevisiae S288C","BK006945:941,483..946,796(+)","gag-pol fusion protein","No","1","TY2B-LR1"
"YLR410W","Saccharomyces cerevisiae S288C","BK006945:937,541..940,981(+)","inositol polyphosphate kinase VIP1","No","1","VIP1"
"YLR411W","Saccharomyces cerevisiae S288C","BK006945:947,253..947,978(+)","high-affinity Cu transporter CTR3","No","1","CTR3"
"YLR412C-A","Saccharomyces cerevisiae S288C","BK006945:950,267..950,473(-)","hypothetical protein","No","1","N/A"
"YLR412W","Saccharomyces cerevisiae S288C","BK006945:948,368..949,192(+)","Ber1p","No","1","BER1"
"YLR413W","Saccharomyces cerevisiae S288C","BK006945:951,156..953,183(+)","Ina1p","No","1","INA1"
"YLR414C","Saccharomyces cerevisiae S288C","BK006945:953,353..954,144(-)","Pun1p","No","1","PUN1"
"YLR415C","Saccharomyces cerevisiae S288C","BK006945:954,259..954,597(-)","hypothetical protein","No","1","N/A"
"YLR417W","Saccharomyces cerevisiae S288C","BK006945:955,010..956,710(+)","ESCRT-II subunit protein VPS36","No","1","VPS36"
"YLR418C","Saccharomyces cerevisiae S288C","BK006945:956,914..958,095(-)","Cdc73p","No","1","CDC73"
"YLR419W","Saccharomyces cerevisiae S288C","BK006945:958,428..962,735(+)","putative helicase","No","1","N/A"
"YLR420W","Saccharomyces cerevisiae S288C","BK006945:963,785..964,879(+)","dihydroorotase","No","1","URA4"
"YLR421C","Saccharomyces cerevisiae S288C","BK006945:965,090..965,560(-)","proteasome regulatory particle lid subunit RPN13","No","1","RPN13"
"YLR422W","Saccharomyces cerevisiae S288C","BK006945:965,897..971,695(+)","Dck1p","No","1","DCK1"
"YLR423C","Saccharomyces cerevisiae S288C","BK006945:971,917..973,170(-)","protein kinase regulatory subunit ATG17","No","1","ATG17"
"YLR424W","Saccharomyces cerevisiae S288C","BK006945:973,395..975,521(+)","mRNA splicing protein SPP382","No","1","SPP382"
"YLR425W","Saccharomyces cerevisiae S288C","BK006945:982,894..986,817(+)","Rho family guanine nucleotide exchange factor TUS1","No","1","TUS1"
"YLR426W","Saccharomyces cerevisiae S288C","BK006945:987,062..988,113(+)","Tda5p","No","1","TDA5"
"YLR427W","Saccharomyces cerevisiae S288C","BK006945:988,428..990,440(+)","Mag2p","No","1","MAG2"
"YLR429W","Saccharomyces cerevisiae S288C","BK006945:990,777..992,732(+)","Crn1p","No","1","CRN1"
"YLR430W","Saccharomyces cerevisiae S288C","BK006945:993,434..1,000,129(+)","putative DNA/RNA helicase SEN1","No","1","SEN1"
"YLR431C","Saccharomyces cerevisiae S288C","BK006945:1,000,342..1,001,703(-)","Atg23p","No","1","ATG23"
"YLR432W","Saccharomyces cerevisiae S288C","BK006945:1,002,557..1,004,128(+)","IMP dehydrogenase IMD3","No","1","IMD3"
"YLR433C","Saccharomyces cerevisiae S288C","BK006945:1,004,347..1,006,008(-)","calcineurin catalytic subunit A","No","1","CNA1"
"YLR435W","Saccharomyces cerevisiae S288C","BK006945:1,006,378..1,006,995(+)","Tsr2p","No","1","TSR2"
"YLR436C","Saccharomyces cerevisiae S288C","BK006945:1,007,421..1,011,245(-)","Ecm30p","No","1","ECM30"
"YLR437C","Saccharomyces cerevisiae S288C","BK006945:1,011,622..1,012,023(-)","Dif1p","No","1","DIF1"
"YLR438C-A","Saccharomyces cerevisiae S288C","BK006945:1,013,909..1,014,178(-)","U4/U6-U5 snRNP complex subunit LSM3","No","1","LSM3"
"YLR438W","Saccharomyces cerevisiae S288C","BK006945:1,012,501..1,013,775(+)","ornithine-oxo-acid transaminase","No","1","CAR2"
"YLR439W","Saccharomyces cerevisiae S288C","BK006945:1,014,491..1,015,450(+)","mitochondrial 54S ribosomal protein YmL4","No","1","MRPL4"
"YLR440C","Saccharomyces cerevisiae S288C","BK006945:1,015,568..1,017,697(-)","Sec39p","No","1","SEC39"
"YLR441C","Saccharomyces cerevisiae S288C","BK006945:1,018,141..1,018,908(-)","ribosomal 40S subunit protein S1A","No","1","RPS1A"
"YLR442C","Saccharomyces cerevisiae S288C","BK006945:1,019,315..1,022,251(-)","chromatin-silencing protein SIR3","No","1","SIR3"
"YLR443W","Saccharomyces cerevisiae S288C","BK006945:1,022,625..1,023,971(+)","Ecm7p","No","1","ECM7"
"YLR445W","Saccharomyces cerevisiae S288C","BK006945:1,024,189..1,024,837(+)","Gmc2p","No","1","GMC2"
"YLR446W","Saccharomyces cerevisiae S288C","BK006945:1,025,214..1,026,515(+)","hexokinase","No","1","N/A"
"YLR447C","Saccharomyces cerevisiae S288C","BK006945:1,026,856..1,027,893(-)","H(+)-transporting V0 sector ATPase subunit d","No","1","VMA6"
"YLR448W","Saccharomyces cerevisiae S288C","BK006945:1,028,854..1,029,768(+)","ribosomal 60S subunit protein L6B","No","1","RPL6B"
"YLR449W","Saccharomyces cerevisiae S288C","BK006945:1,030,834..1,032,012(+)","peptidylprolyl isomerase FPR4","No","1","FPR4"
"YLR450W","Saccharomyces cerevisiae S288C","BK006945:1,032,627..1,035,764(+)","hydroxymethylglutaryl-CoA reductase (NADPH) HMG2","No","1","HMG2"
"YLR451W","Saccharomyces cerevisiae S288C","BK006945:1,036,093..1,038,753(+)","leucine-responsive transcriptional regulator LEU3","No","1","LEU3"
"YLR452C","Saccharomyces cerevisiae S288C","BK006945:1,039,270..1,041,366(-)","GTPase-activating protein SST2","No","1","SST2"
"YLR453C","Saccharomyces cerevisiae S288C","BK006945:1,041,799..1,042,986(-)","Rif2p","No","1","RIF2"
"YLR454W","Saccharomyces cerevisiae S288C","BK006945:1,043,998..1,051,884(+)","Fmp27p","No","1","FMP27"
"YLR455W","Saccharomyces cerevisiae S288C","BK006945:1,053,629..1,054,543(+)","Pdp3p","No","1","PDP3"
"YLR456W","Saccharomyces cerevisiae S288C","BK006945:1,055,070..1,055,684(+)","pyridoxal 5'-phosphate synthase","No","1","N/A"
"YLR457C","Saccharomyces cerevisiae S288C","BK006945:1,055,812..1,056,771(-)","Nbp1p","No","1","NBP1"
"YLR459W","Saccharomyces cerevisiae S288C","BK006945:1,057,334..1,058,518(+)","GPI-anchor transamidase subunit GAB1","No","1","GAB1"
"YLR460C","Saccharomyces cerevisiae S288C","BK006945:1,059,757..1,060,887(-)","hypothetical protein","No","1","N/A"
"YLR461W","Saccharomyces cerevisiae S288C","BK006945:1,062,919..1,063,281(+)","seripauperin PAU4","No","1","PAU4"
"YLR462W","Saccharomyces cerevisiae S288C","BK006945:1,065,956..1,066,564(+)","hypothetical protein","No","1","N/A"
"YLR464W","Saccharomyces cerevisiae S288C","BK006945:1,066,572..1,067,501(+)","hypothetical protein","No","1","N/A"
"YLR466W","Saccharomyces cerevisiae S288C","BK006945:1,067,087..1,071,235(+)","Y' element ATP-dependent helicase protein 1 copy 4","No","1","YRF1-4"
"YLR467W","Saccharomyces cerevisiae S288C","BK006945:1,072,508..1,077,898(+)","Y' element ATP-dependent helicase protein 1 copy 5","No","1","YRF1-5"
"YML001W","Saccharomyces cerevisiae S288C","BK006946:267,174..267,800(+)","Rab family GTPase YPT7","No","1","YPT7"
"YML002W","Saccharomyces cerevisiae S288C","BK006946:264,541..266,754(+)","hypothetical protein","No","1","N/A"
"YML003W","Saccharomyces cerevisiae S288C","BK006946:263,483..264,355(+)","hypothetical protein","No","1","N/A"
"YML004C","Saccharomyces cerevisiae S288C","BK006946:261,705..262,685(-)","lactoylglutathione lyase GLO1","No","1","GLO1"
"YML005W","Saccharomyces cerevisiae S288C","BK006946:260,221..261,609(+)","Trm12p","No","1","TRM12"
"YML006C","Saccharomyces cerevisiae S288C","BK006946:256,092..258,416(-)","Gis4p","No","1","GIS4"
"YML007C-A","Saccharomyces cerevisiae S288C","BK006946:253,162..253,272(-)","hypothetical protein","No","1","MIN4"
"YML007W","Saccharomyces cerevisiae S288C","BK006946:253,848..255,800(+)","DNA-binding transcription factor YAP1","No","1","YAP1"
"YML008C","Saccharomyces cerevisiae S288C","BK006946:251,839..252,990(-)","sterol 24-C-methyltransferase","No","1","ERG6"
"YML009C","Saccharomyces cerevisiae S288C","BK006946:251,304..251,516(-)","mitochondrial 54S ribosomal protein YmL39","No","1","MRPL39"
"YML010W","Saccharomyces cerevisiae S288C","BK006946:247,677..250,868(+)","transcription elongation factor SPT5","No","1","SPT5"
"YML011C","Saccharomyces cerevisiae S288C","BK006946:246,895..247,428(-)","Rad33p","No","1","RAD33"
"YML012W","Saccharomyces cerevisiae S288C","BK006946:246,116..246,751(+)","Erv25p","No","1","ERV25"
"YML013W","Saccharomyces cerevisiae S288C","BK006946:244,149..245,903(+)","Ubx2p","No","1","UBX2"
"YML014W","Saccharomyces cerevisiae S288C","BK006946:243,225..244,064(+)","tRNA (carboxymethyluridine(34)-5-O)-methyltransferase","No","1","TRM9"
"YML015C","Saccharomyces cerevisiae S288C","BK006946:241,989..243,029(-)","Taf11p","No","1","TAF11"
"YML016C","Saccharomyces cerevisiae S288C","BK006946:239,458..241,536(-)","salt homeostasis regulator","No","1","PPZ1"
"YML017W","Saccharomyces cerevisiae S288C","BK006946:236,588..238,731(+)","Psp2p","No","1","PSP2"
"YML018C","Saccharomyces cerevisiae S288C","BK006946:234,771..235,952(-)","hypothetical protein","No","1","N/A"
"YML019W","Saccharomyces cerevisiae S288C","BK006946:233,457..234,455(+)","dolichyl-diphosphooligosaccharide--protein glycotransferase","No","1","OST6"
"YML020W","Saccharomyces cerevisiae S288C","BK006946:231,149..233,143(+)","hypothetical protein","No","1","N/A"
"YML021C","Saccharomyces cerevisiae S288C","BK006946:229,734..230,813(-)","uracil-DNA glycosylase","No","1","UNG1"
"YML022W","Saccharomyces cerevisiae S288C","BK006946:228,937..229,500(+)","adenine phosphoribosyltransferase APT1","No","1","APT1"
"YML023C","Saccharomyces cerevisiae S288C","BK006946:226,994..228,664(-)","Smc5-Smc6 complex subunit NSE5","No","1","NSE5"
"YML024W","Saccharomyces cerevisiae S288C","BK006946:225,889..226,697(+)","ribosomal 40S subunit protein S17A","No","1","RPS17A"
"YML025C","Saccharomyces cerevisiae S288C","BK006946:224,406..225,365(-)","mitochondrial 54S ribosomal protein YmL6","No","1","YML6"
"YML026C","Saccharomyces cerevisiae S288C","BK006946:222,987..223,828(-)","ribosomal 40S subunit protein S18B","No","1","RPS18B"
"YML027W","Saccharomyces cerevisiae S288C","BK006946:221,406..222,563(+)","Yox1p","No","1","YOX1"
"YML028W","Saccharomyces cerevisiae S288C","BK006946:220,138..220,728(+)","thioredoxin peroxidase TSA1","No","1","TSA1"
"YML029W","Saccharomyces cerevisiae S288C","BK006946:217,362..219,878(+)","Usa1p","No","1","USA1"
"YML030W","Saccharomyces cerevisiae S288C","BK006946:216,435..216,914(+)","Rcf1p","No","1","RCF1"
"YML031W","Saccharomyces cerevisiae S288C","BK006946:214,189..216,156(+)","Ndc1p","No","1","NDC1"
"YML032C","Saccharomyces cerevisiae S288C","BK006946:212,515..213,930(-)","recombinase RAD52","No","1","RAD52"
"YML034W","Saccharomyces cerevisiae S288C","BK006946:209,525..212,155(+)","Src1p","No","1","SRC1"
"YML035C","Saccharomyces cerevisiae S288C","BK006946:206,428..208,860(-)","AMP deaminase","No","1","AMD1"
"YML036W","Saccharomyces cerevisiae S288C","BK006946:205,642..206,293(+)","Cgi121p","No","1","CGI121"
"YML037C","Saccharomyces cerevisiae S288C","BK006946:204,386..205,408(-)","hypothetical protein","No","1","N/A"
"YML038C","Saccharomyces cerevisiae S288C","BK006946:202,775..204,103(-)","Ymd8p","No","1","YMD8"
"YML039W","Saccharomyces cerevisiae S288C","BK006946:196,628..201,896(+)","gag-pol fusion protein","No","1","TY1B-ML2"
"YML040W","Saccharomyces cerevisiae S288C","BK006946:196,628..197,950(+)","gag protein","No","1","TY1A-ML2"
"YML043C","Saccharomyces cerevisiae S288C","BK006946:190,244..191,767(-)","Rrn11p","No","1","RRN11"
"YML041C","Saccharomyces cerevisiae S288C","BK006946:194,913..195,755(-)","Vps71p","No","1","VPS71"
"YML042W","Saccharomyces cerevisiae S288C","BK006946:192,788..194,800(+)","carnitine O-acetyltransferase CAT2","No","1","CAT2"
"YML045W-A","Saccharomyces cerevisiae S288C","BK006946:184,461..185,783(+)","gag protein","No","1","TY1A-ML1"
"YML045W","Saccharomyces cerevisiae S288C","BK006946:184,461..189,729(+)","gag-pol fusion protein","No","1","TY1B-ML1"
"YML046W","Saccharomyces cerevisiae S288C","BK006946:181,474..183,363(+)","Prp39p","No","1","PRP39"
"YML047C","Saccharomyces cerevisiae S288C","BK006946:180,017..181,075(-)","pheromone-regulated K(+) transporter PRM6","No","1","PRM6"
"YML048W","Saccharomyces cerevisiae S288C","BK006946:178,426..179,637(+)","Gsf2p","No","1","GSF2"
"YML049C","Saccharomyces cerevisiae S288C","BK006946:174,220..178,305(-)","U2 snRNP complex subunit RSE1","No","1","RSE1"
"YML050W","Saccharomyces cerevisiae S288C","BK006946:173,139..174,074(+)","Aim32p","No","1","AIM32"
"YML051W","Saccharomyces cerevisiae S288C","BK006946:171,594..172,901(+)","transcription regulator GAL80","No","1","GAL80"
"YML052W","Saccharomyces cerevisiae S288C","BK006946:170,402..171,310(+)","Sur7p","No","1","SUR7"
"YML053C","Saccharomyces cerevisiae S288C","BK006946:169,116..169,754(-)","hypothetical protein","No","1","N/A"
"YML054C-A","Saccharomyces cerevisiae S288C","BK006946:167,623..167,781(-)","hypothetical protein","No","1","N/A"
"YML054C","Saccharomyces cerevisiae S288C","BK006946:165,533..167,308(-)","Cyb2p","No","1","CYB2"
"YML055W","Saccharomyces cerevisiae S288C","BK006946:164,790..165,326(+)","signal peptidase complex subunit SPC2","No","1","SPC2"
"YML056C","Saccharomyces cerevisiae S288C","BK006946:162,194..164,176(-)","IMP dehydrogenase IMD4","No","1","IMD4"
"YML057W","Saccharomyces cerevisiae S288C","BK006946:160,180..161,994(+)","calcineurin catalytic subunit A","No","1","CMP2"
"YML058W-A","Saccharomyces cerevisiae S288C","BK006946:158,760..158,966(+)","Hug1p","No","1","HUG1"
"YML058W","Saccharomyces cerevisiae S288C","BK006946:159,383..159,697(+)","ribonucleotide reductase inhibiting protein SML1","No","1","SML1"
"YML059C","Saccharomyces cerevisiae S288C","BK006946:153,219..158,258(-)","lysophospholipase","No","1","NTE1"
"YML060W","Saccharomyces cerevisiae S288C","BK006946:151,871..153,001(+)","8-oxoguanine glycosylase OGG1","No","1","OGG1"
"YML061C","Saccharomyces cerevisiae S288C","BK006946:148,953..151,532(-)","DNA helicase PIF1","No","1","PIF1"
"YML062C","Saccharomyces cerevisiae S288C","BK006946:147,505..148,683(-)","Mft1p","No","1","MFT1"
"YML063W","Saccharomyces cerevisiae S288C","BK006946:146,482..147,249(+)","ribosomal 40S subunit protein S1B","No","1","RPS1B"
"YML064C","Saccharomyces cerevisiae S288C","BK006946:145,139..145,876(-)","Ras family GTPase TEM1","No","1","TEM1"
"YML065W","Saccharomyces cerevisiae S288C","BK006946:142,210..144,954(+)","origin recognition complex subunit 1","No","1","ORC1"
"YML066C","Saccharomyces cerevisiae S288C","BK006946:140,424..141,533(-)","Sma2p","No","1","SMA2"
"YML067C","Saccharomyces cerevisiae S288C","BK006946:139,063..140,214(-)","Erv41p","No","1","ERV41"
"YML068W","Saccharomyces cerevisiae S288C","BK006946:137,550..138,944(+)","Itt1p","No","1","ITT1"
"YML069W","Saccharomyces cerevisiae S288C","BK006946:135,500..137,158(+)","FACT complex subunit POB3","No","1","POB3"
"YML070W","Saccharomyces cerevisiae S288C","BK006946:133,475..135,229(+)","dihydroxyacetone kinase","No","1","DAK1"
"YML071C","Saccharomyces cerevisiae S288C","BK006946:129,749..131,572(-)","Golgi transport complex subunit COG8","No","1","COG8"
"YML072C","Saccharomyces cerevisiae S288C","BK006946:124,730..129,367(-)","Tcb3p","No","1","TCB3"
"YML073C","Saccharomyces cerevisiae S288C","BK006946:123,227..124,172(-)","ribosomal 60S subunit protein L6A","No","1","RPL6A"
"YML074C","Saccharomyces cerevisiae S288C","BK006946:120,089..121,324(-)","peptidylprolyl isomerase FPR3","No","1","FPR3"
"YML075C","Saccharomyces cerevisiae S288C","BK006946:115,734..118,898(-)","hydroxymethylglutaryl-CoA reductase (NADPH) HMG1","No","1","HMG1"
"YML076C","Saccharomyces cerevisiae S288C","BK006946:112,513..115,347(-)","War1p","No","1","WAR1"
"YML077W","Saccharomyces cerevisiae S288C","BK006946:111,865..112,344(+)","TRAPP subunit BET5","No","1","BET5"
"YML078W","Saccharomyces cerevisiae S288C","BK006946:111,002..111,550(+)","peptidylprolyl isomerase CPR3","No","1","CPR3"
"YML079W","Saccharomyces cerevisiae S288C","BK006946:110,247..110,852(+)","hypothetical protein","No","1","N/A"
"YML080W","Saccharomyces cerevisiae S288C","BK006946:108,806..110,077(+)","tRNA dihydrouridine synthase","No","1","DUS1"
"YML081C-A","Saccharomyces cerevisiae S288C","BK006946:103,983..104,162(-)","F1F0 ATP synthase subunit i","No","1","ATP18"
"YML081W","Saccharomyces cerevisiae S288C","BK006946:104,777..108,532(+)","Tda9p","No","1","TDA9"
"YML082W","Saccharomyces cerevisiae S288C","BK006946:101,862..103,811(+)","putative cystathionine gamma-synthase","No","1","N/A"
"YML083C","Saccharomyces cerevisiae S288C","BK006946:99,794..101,050(-)","hypothetical protein","No","1","N/A"
"YML085C","Saccharomyces cerevisiae S288C","BK006946:97,941..99,400(-)","alpha-tubulin TUB1","No","1","TUB1"
"YML086C","Saccharomyces cerevisiae S288C","BK006946:95,791..97,371(-)","D-arabinono-1,4-lactone oxidase","No","1","ALO1"
"YML087C","Saccharomyces cerevisiae S288C","BK006946:94,431..95,369(-)","cytochrome-b5 reductase","No","1","AIM33"
"YML088W","Saccharomyces cerevisiae S288C","BK006946:92,235..94,241(+)","SCF ubiquitin ligase complex subunit UFO1","No","1","UFO1"
"YML091C","Saccharomyces cerevisiae S288C","BK006946:87,123..90,731(-)","ribonuclease P","No","1","RPM2"
"YML092C","Saccharomyces cerevisiae S288C","BK006946:85,987..86,739(-)","proteasome core particle subunit alpha 2","No","1","PRE8"
"YML093W","Saccharomyces cerevisiae S288C","BK006946:83,090..85,789(+)","Utp14p","No","1","UTP14"
"YML094W","Saccharomyces cerevisiae S288C","BK006946:82,275..82,849(+)","Gim5p","No","1","GIM5"
"YML095C","Saccharomyces cerevisiae S288C","BK006946:81,481..82,113(-)","Rad10p","No","1","RAD10"
"YML096W","Saccharomyces cerevisiae S288C","BK006946:79,909..81,486(+)","putative asparagine synthase","No","1","N/A"
"YML097C","Saccharomyces cerevisiae S288C","BK006946:78,335..79,690(-)","guanine nucleotide exchange factor VPS9","No","1","VPS9"
"YML098W","Saccharomyces cerevisiae S288C","BK006946:77,267..77,770(+)","Taf13p","No","1","TAF13"
"YML099C","Saccharomyces cerevisiae S288C","BK006946:74,398..77,040(-)","Arg81p","No","1","ARG81"
"YML100W-A","Saccharomyces cerevisiae S288C","BK006946:70,138..70,311(+)","hypothetical protein","No","1","N/A"
"YML100W","Saccharomyces cerevisiae S288C","BK006946:70,624..73,920(+)","trehalose 6-phosphate synthase/phosphatase complex subunit","No","1","TSL1"
"YML101C","Saccharomyces cerevisiae S288C","BK006946:69,735..70,088(-)","Cue4p","No","1","CUE4"
"YML102W","Saccharomyces cerevisiae S288C","BK006946:68,294..69,700(+)","Cac2p","No","1","CAC2"
"YML103C","Saccharomyces cerevisiae S288C","BK006946:62,582..67,549(-)","Nup188p","No","1","NUP188"
"YML104C","Saccharomyces cerevisiae S288C","BK006946:58,939..62,322(-)","Mdm1p","No","1","MDM1"
"YML105C","Saccharomyces cerevisiae S288C","BK006946:57,866..58,687(-)","RNA-binding signal recognition particle subunit SEC65","No","1","SEC65"
"YML106W","Saccharomyces cerevisiae S288C","BK006946:56,773..57,453(+)","orotate phosphoribosyltransferase URA5","No","1","URA5"
"YML107C","Saccharomyces cerevisiae S288C","BK006946:55,265..56,269(-)","Pml39p","No","1","PML39"
"YML108W","Saccharomyces cerevisiae S288C","BK006946:54,793..55,110(+)","hypothetical protein","No","1","N/A"
"YML109W","Saccharomyces cerevisiae S288C","BK006946:51,640..54,468(+)","Zds2p","No","1","ZDS2"
"YML110C","Saccharomyces cerevisiae S288C","BK006946:50,031..50,954(-)","2-hexaprenyl-6-methoxy-1,4-benzoquinone methyltransferase","No","1","COQ5"
"YML111W","Saccharomyces cerevisiae S288C","BK006946:46,942..49,704(+)","ubiquitin-ubiquitin ligase BUL2","No","1","BUL2"
"YML112W","Saccharomyces cerevisiae S288C","BK006946:45,063..45,953(+)","Ctk3p","No","1","CTK3"
"YML113W","Saccharomyces cerevisiae S288C","BK006946:44,045..44,791(+)","Dat1p","No","1","DAT1"
"YML114C","Saccharomyces cerevisiae S288C","BK006946:42,043..43,575(-)","Taf8p","No","1","TAF8"
"YML115C","Saccharomyces cerevisiae S288C","BK006946:40,187..41,794(-)","Van1p","No","1","VAN1"
"YML116W","Saccharomyces cerevisiae S288C","BK006946:38,196..39,824(+)","borate transporter","No","1","ATR1"
"YML117W","Saccharomyces cerevisiae S288C","BK006946:34,243..37,647(+)","Nab6p","No","1","NAB6"
"YML118W","Saccharomyces cerevisiae S288C","BK006946:32,334..33,851(+)","3'-5' poly(A) RNA exonuclease","No","1","NGL3"
"YML119W","Saccharomyces cerevisiae S288C","BK006946:30,611..31,684(+)","hypothetical protein","No","1","N/A"
"YML120C","Saccharomyces cerevisiae S288C","BK006946:28,266..29,807(-)","NADH-ubiquinone reductase (H(+)-translocating) NDI1","No","1","NDI1"
"YML121W","Saccharomyces cerevisiae S288C","BK006946:26,930..27,862(+)","Rag GTPase GTR1","No","1","GTR1"
"YML123C","Saccharomyces cerevisiae S288C","BK006946:24,037..25,800(-)","phosphate transporter PHO84","No","1","PHO84"
"YML124C","Saccharomyces cerevisiae S288C","BK006946:22,048..23,683(-)","alpha-tubulin TUB3","No","1","TUB3"
"YML125C","Saccharomyces cerevisiae S288C","BK006946:20,761..21,699(-)","cytochrome-b5 reductase","No","1","PGA3"
"YML126C","Saccharomyces cerevisiae S288C","BK006946:19,060..20,535(-)","hydroxymethylglutaryl-CoA synthase","No","1","ERG13"
"YML127W","Saccharomyces cerevisiae S288C","BK006946:17,064..18,809(+)","Rsc9p","No","1","RSC9"
"YML128C","Saccharomyces cerevisiae S288C","BK006946:15,135..16,676(-)","Msc1p","No","1","MSC1"
"YML129C","Saccharomyces cerevisiae S288C","BK006946:14,541..14,753(-)","Cox14p","No","1","COX14"
"YML130C","Saccharomyces cerevisiae S288C","BK006946:11,483..13,174(-)","ER oxidoreductin","No","1","ERO1"
"YML131W","Saccharomyces cerevisiae S288C","BK006946:10,198..11,295(+)","hypothetical protein","No","1","N/A"
"YML132W","Saccharomyces cerevisiae S288C","BK006946:7,244..8,383(+)","Cos3p","No","1","COS3"
"YML133C","Saccharomyces cerevisiae S288C","BK006946:461..4,684(-)","Y' element ATP-dependent helicase","No","1","N/A"
"YMR001C-A","Saccharomyces cerevisiae S288C","BK006946:271,347..271,577(-)","hypothetical protein","No","1","N/A"
"YMR001C","Saccharomyces cerevisiae S288C","BK006946:269,019..271,136(-)","polo kinase CDC5","No","1","CDC5"
"YMR002W","Saccharomyces cerevisiae S288C","BK006946:272,193..272,663(+)","Mix17p","No","1","MIX17"
"YMR003W","Saccharomyces cerevisiae S288C","BK006946:273,118..273,714(+)","Aim34p","No","1","AIM34"
"YMR004W","Saccharomyces cerevisiae S288C","BK006946:274,017..275,552(+)","Mvp1p","No","1","MVP1"
"YMR005W","Saccharomyces cerevisiae S288C","BK006946:276,045..277,211(+)","Taf4p","No","1","TAF4"
"YMR006C","Saccharomyces cerevisiae S288C","BK006946:277,561..279,681(-)","lysophospholipase","No","1","PLB2"
"YMR008C","Saccharomyces cerevisiae S288C","BK006946:280,590..282,584(-)","lysophospholipase","No","1","PLB1"
"YMR009W","Saccharomyces cerevisiae S288C","BK006946:284,102..284,641(+)","acireductone dioxygenase (Ni2+-requiring)","No","1","ADI1"
"YMR010W","Saccharomyces cerevisiae S288C","BK006946:285,100..286,317(+)","hypothetical protein","No","1","ANY1"
"YMR011W","Saccharomyces cerevisiae S288C","BK006946:288,079..289,704(+)","hexose transporter HXT2","No","1","HXT2"
"YMR012W","Saccharomyces cerevisiae S288C","BK006946:291,134..294,967(+)","translation initiation factor 3 subunit CLU1","No","1","CLU1"
"YMR015C","Saccharomyces cerevisiae S288C","BK006946:300,869..302,485(-)","C-22 sterol desaturase","No","1","ERG5"
"YMR013C","Saccharomyces cerevisiae S288C","BK006946:295,179..296,738(-)","dolichol kinase","No","1","SEC59"
"YMR014W","Saccharomyces cerevisiae S288C","BK006946:298,868..300,427(+)","Bud22p","No","1","BUD22"
"YMR016C","Saccharomyces cerevisiae S288C","BK006946:303,236..305,593(-)","Sok2p","No","1","SOK2"
"YMR017W","Saccharomyces cerevisiae S288C","BK006946:307,489..308,682(+)","Spo20p","No","1","SPO20"
"YMR018W","Saccharomyces cerevisiae S288C","BK006946:310,208..311,752(+)","hypothetical protein","No","1","PEX9"
"YMR019W","Saccharomyces cerevisiae S288C","BK006946:312,156..315,005(+)","Stb4p","No","1","STB4"
"YMR020W","Saccharomyces cerevisiae S288C","BK006946:315,377..316,903(+)","polyamine oxidase","No","1","FMS1"
"YMR021C","Saccharomyces cerevisiae S288C","BK006946:317,165..318,418(-)","Mac1p","No","1","MAC1"
"YMR022W","Saccharomyces cerevisiae S288C","BK006946:318,680..319,177(+)","E2 ubiquitin-conjugating protein UBC7","No","1","UBC7"
"YMR023C","Saccharomyces cerevisiae S288C","BK006946:319,437..321,017(-)","Mss1p","No","1","MSS1"
"YMR024W","Saccharomyces cerevisiae S288C","BK006946:321,875..323,047(+)","mitochondrial 54S ribosomal protein YmL3","No","1","MRPL3"
"YMR025W","Saccharomyces cerevisiae S288C","BK006946:323,300..324,187(+)","Csi1p","No","1","CSI1"
"YMR026C","Saccharomyces cerevisiae S288C","BK006946:324,236..325,435(-)","ubiquitin-protein ligase peroxin 12","No","1","PEX12"
"YMR027W","Saccharomyces cerevisiae S288C","BK006946:325,877..327,289(+)","putative methyltransferase","No","1","N/A"
"YMR028W","Saccharomyces cerevisiae S288C","BK006946:327,482..328,582(+)","Tap42p","No","1","TAP42"
"YMR029C","Saccharomyces cerevisiae S288C","BK006946:328,660..330,231(-)","Far8p","No","1","FAR8"
"YMR030W-A","Saccharomyces cerevisiae S288C","BK006946:337,313..337,603(+)","hypothetical protein","No","1","N/A"
"YMR030W","Saccharomyces cerevisiae S288C","BK006946:330,793..331,923(+)","Rsf1p","No","1","RSF1"
"YMR031C","Saccharomyces cerevisiae S288C","BK006946:332,212..334,743(-)","Eis1p","No","1","EIS1"
"YMR032W","Saccharomyces cerevisiae S288C","BK006946:335,298..337,307(+)","formin-binding protein HOF1","No","1","HOF1"
"YMR033W","Saccharomyces cerevisiae S288C","BK006946:337,788..339,277(+)","Arp9p","No","1","ARP9"
"YMR034C","Saccharomyces cerevisiae S288C","BK006946:339,418..340,722(-)","Rch1p","No","1","RCH1"
"YMR035W","Saccharomyces cerevisiae S288C","BK006946:341,142..341,675(+)","endopeptidase catalytic subunit","No","1","IMP2"
"YMR036C","Saccharomyces cerevisiae S288C","BK006946:341,856..343,520(-)","putative tyrosine protein phosphatase MIH1","No","1","MIH1"
"YMR037C","Saccharomyces cerevisiae S288C","BK006946:344,403..346,517(-)","stress-responsive transcriptional activator MSN2","No","1","MSN2"
"YMR038C","Saccharomyces cerevisiae S288C","BK006946:347,511..348,260(-)","copper chaperone CCS1","No","1","CCS1"
"YMR039C","Saccharomyces cerevisiae S288C","BK006946:348,644..349,522(-)","chromatin-binding transcription coactivator SUB1","No","1","SUB1"
"YMR040W","Saccharomyces cerevisiae S288C","BK006946:350,381..350,863(+)","Yet2p","No","1","YET2"
"YMR041C","Saccharomyces cerevisiae S288C","BK006946:350,966..351,973(-)","D-arabinose 1-dehydrogenase (NAD(P)(+)) ARA2","No","1","ARA2"
"YMR042W","Saccharomyces cerevisiae S288C","BK006946:352,603..353,136(+)","Arg80p","No","1","ARG80"
"YMR043W","Saccharomyces cerevisiae S288C","BK006946:353,871..354,731(+)","transcription factor MCM1","No","1","MCM1"
"YMR044W","Saccharomyces cerevisiae S288C","BK006946:355,384..356,811(+)","Ioc4p","No","1","IOC4"
"YMR045C","Saccharomyces cerevisiae S288C","BK006946:357,359..362,627(-)","gag-pol fusion protein","No","1","TY1B-MR1"
"YMR046C","Saccharomyces cerevisiae S288C","BK006946:361,305..362,627(-)","gag protein","No","1","TY1A-MR1"
"YMR047C","Saccharomyces cerevisiae S288C","BK006946:363,364..366,705(-)","FG-nucleoporin NUP116","No","1","NUP116"
"YMR048W","Saccharomyces cerevisiae S288C","BK006946:366,981..367,934(+)","Csm3p","No","1","CSM3"
"YMR049C","Saccharomyces cerevisiae S288C","BK006946:368,094..370,517(-)","Erb1p","No","1","ERB1"
"YMR050C","Saccharomyces cerevisiae S288C","BK006946:373,057..378,325(-)","gag-pol fusion protein","No","1","TY1B-MR2"
"YMR051C","Saccharomyces cerevisiae S288C","BK006946:377,003..378,325(-)","gag protein","No","1","TY1A-LR1"
"YMR052W","Saccharomyces cerevisiae S288C","BK006946:379,586..380,200(+)","Far3p","No","1","FAR3"
"YMR053C","Saccharomyces cerevisiae S288C","BK006946:380,346..382,898(-)","Stb2p","No","1","STB2"
"YMR054W","Saccharomyces cerevisiae S288C","BK006946:383,303..385,975(+)","H(+)-transporting V0 sector ATPase subunit a","No","1","STV1"
"YMR055C","Saccharomyces cerevisiae S288C","BK006946:386,101..387,021(-)","Bub2p","No","1","BUB2"
"YMR056C","Saccharomyces cerevisiae S288C","BK006946:387,315..388,244(-)","ADP/ATP carrier protein AAC1","No","1","AAC1"
"YMR058W","Saccharomyces cerevisiae S288C","BK006946:388,822..390,732(+)","ferroxidase FET3","No","1","FET3"
"YMR059W","Saccharomyces cerevisiae S288C","BK006946:391,099..391,485(+)","Sen15p","No","1","SEN15"
"YMR060C","Saccharomyces cerevisiae S288C","BK006946:391,532..392,515(-)","SAM complex subunit SAM37","No","1","SAM37"
"YMR061W","Saccharomyces cerevisiae S288C","BK006946:392,755..394,788(+)","cleavage polyadenylation factor subunit RNA14","No","1","RNA14"
"YMR062C","Saccharomyces cerevisiae S288C","BK006946:395,054..396,379(-)","glutamate N-acetyltransferase","No","1","ARG7"
"YMR063W","Saccharomyces cerevisiae S288C","BK006946:397,077..397,796(+)","Rim9p","No","1","RIM9"
"YMR064W","Saccharomyces cerevisiae S288C","BK006946:397,903..399,459(+)","Aep1p","No","1","AEP1"
"YMR065W","Saccharomyces cerevisiae S288C","BK006946:399,702..401,216(+)","Kar5p","No","1","KAR5"
"YMR066W","Saccharomyces cerevisiae S288C","BK006946:401,541..404,237(+)","Sov1p","No","1","SOV1"
"YMR067C","Saccharomyces cerevisiae S288C","BK006946:404,323..405,573(-)","Ubx4p","No","1","UBX4"
"YMR068W","Saccharomyces cerevisiae S288C","BK006946:406,304..407,584(+)","Avo2p","No","1","AVO2"
"YMR069W","Saccharomyces cerevisiae S288C","BK006946:407,709..408,566(+)","Nat4p","No","1","NAT4"
"YMR070W","Saccharomyces cerevisiae S288C","BK006946:409,154..410,626(+)","Mot3p","No","1","MOT3"
"YMR071C","Saccharomyces cerevisiae S288C","BK006946:410,762..411,265(-)","Tvp18p","No","1","TVP18"
"YMR072W","Saccharomyces cerevisiae S288C","BK006946:411,569..412,120(+)","DNA-binding protein ABF2","No","1","ABF2"
"YMR073C","Saccharomyces cerevisiae S288C","BK006946:412,268..412,873(-)","Irc21p","No","1","IRC21"
"YMR074C","Saccharomyces cerevisiae S288C","BK006946:413,036..413,473(-)","Sdd2p","No","1","SDD2"
"YMR075W","Saccharomyces cerevisiae S288C","BK006946:413,982..416,036(+)","Rco1p","No","1","RCO1"
"YMR076C","Saccharomyces cerevisiae S288C","BK006946:416,196..420,029(-)","Pds5p","No","1","PDS5"
"YMR077C","Saccharomyces cerevisiae S288C","BK006946:421,484..422,149(-)","ESCRT-III subunit protein VPS20","No","1","VPS20"
"YMR078C","Saccharomyces cerevisiae S288C","BK006946:422,503..424,728(-)","Ctf18p","No","1","CTF18"
"YMR079W","Saccharomyces cerevisiae S288C","BK006946:424,989..426,059(+)","phosphatidylinositol/phosphatidylcholine transfer protein SEC14","No","1","SEC14"
"YMR080C","Saccharomyces cerevisiae S288C","BK006946:426,712..429,627(-)","ATP-dependent RNA helicase NAM7","No","1","NAM7"
"YMR081C","Saccharomyces cerevisiae S288C","BK006946:430,079..431,095(-)","Isf1p","No","1","ISF1"
"YMR083W","Saccharomyces cerevisiae S288C","BK006946:434,788..435,915(+)","alcohol dehydrogenase ADH3","No","1","ADH3"
"YMR084W","Saccharomyces cerevisiae S288C","BK006946:436,628..437,416(+)","putative glutamine--fructose-6-phosphate transaminase","No","1","N/A"
"YMR085W","Saccharomyces cerevisiae S288C","BK006946:437,491..438,789(+)","hypothetical protein","No","1","N/A"
"YMR086W","Saccharomyces cerevisiae S288C","BK006946:439,208..442,090(+)","Seg1p","No","1","SEG1"
"YMR087W","Saccharomyces cerevisiae S288C","BK006946:442,527..443,381(+)","putative ADP-ribose 1''-phosphate phosphatase","No","1","PDL32"
"YMR088C","Saccharomyces cerevisiae S288C","BK006946:443,414..445,102(-)","Vba1p","No","1","VBA1"
"YMR089C","Saccharomyces cerevisiae S288C","BK006946:445,609..448,086(-)","m-AAA protease subunit YTA12","No","1","YTA12"
"YMR090W","Saccharomyces cerevisiae S288C","BK006946:449,245..449,928(+)","hypothetical protein","No","1","N/A"
"YMR091C","Saccharomyces cerevisiae S288C","BK006946:450,058..451,365(-)","Npl6p","No","1","NPL6"
"YMR092C","Saccharomyces cerevisiae S288C","BK006946:451,632..453,479(-)","Aip1p","No","1","AIP1"
"YMR093W","Saccharomyces cerevisiae S288C","BK006946:454,015..455,556(+)","snoRNA-binding rRNA-processing protein UTP15","No","1","UTP15"
"YMR094W","Saccharomyces cerevisiae S288C","BK006946:455,825..457,261(+)","Ctf13p","No","1","CTF13"
"YMR095C","Saccharomyces cerevisiae S288C","BK006946:457,285..457,959(-)","putative pyridoxal 5'-phosphate synthase","No","1","SNO1"
"YMR096W","Saccharomyces cerevisiae S288C","BK006946:458,408..459,301(+)","pyridoxine biosynthesis protein SNZ1","No","1","SNZ1"
"YMR097C","Saccharomyces cerevisiae S288C","BK006946:459,424..460,527(-)","putative GTPase MTG1","No","1","MTG1"
"YMR098C","Saccharomyces cerevisiae S288C","BK006946:460,771..462,609(-)","Atp25p","No","1","ATP25"
"YMR099C","Saccharomyces cerevisiae S288C","BK006946:463,934..464,827(-)","glucose-6-phosphate 1-epimerase","No","1","N/A"
"YMR100W","Saccharomyces cerevisiae S288C","BK006946:466,300..468,162(+)","Mub1p","No","1","MUB1"
"YMR101C","Saccharomyces cerevisiae S288C","BK006946:468,445..469,476(-)","ditrans,polycis-polyprenyl diphosphate synthase","No","1","SRT1"
"YMR102C","Saccharomyces cerevisiae S288C","BK006946:469,848..472,352(-)","hypothetical protein","No","1","LAF1"
"YMR104C","Saccharomyces cerevisiae S288C","BK006946:473,420..475,453(-)","putative protein kinase YPK2","No","1","YPK2"
"YMR105C","Saccharomyces cerevisiae S288C","BK006946:475,897..477,606(-)","phosphoglucomutase PGM2","No","1","PGM2"
"YMR105W-A","Saccharomyces cerevisiae S288C","BK006946:478,064..478,258(+)","hypothetical protein","No","1","N/A"
"YMR106C","Saccharomyces cerevisiae S288C","BK006946:478,301..480,190(-)","ATP-dependent DNA helicase YKU80","No","1","YKU80"
"YMR107W","Saccharomyces cerevisiae S288C","BK006946:483,014..483,361(+)","Spg4p","No","1","SPG4"
"YMR108W","Saccharomyces cerevisiae S288C","BK006946:484,084..486,147(+)","acetolactate synthase catalytic subunit","No","1","ILV2"
"YMR109W","Saccharomyces cerevisiae S288C","BK006946:486,587..490,246(+)","myosin 5","No","1","MYO5"
"YMR110C","Saccharomyces cerevisiae S288C","BK006946:490,394..491,992(-)","hexadecenal dehydrogenase","No","1","HFD1"
"YMR111C","Saccharomyces cerevisiae S288C","BK006946:492,404..493,792(-)","hypothetical protein","No","1","EUC1"
"YMR112C","Saccharomyces cerevisiae S288C","BK006946:494,100..494,495(-)","Med11p","No","1","MED11"
"YMR113W","Saccharomyces cerevisiae S288C","BK006946:494,999..496,282(+)","dihydrofolate synthase","No","1","FOL3"
"YMR114C","Saccharomyces cerevisiae S288C","BK006946:496,343..497,449(-)","putative peptide hydrolase","No","1","N/A"
"YMR115W","Saccharomyces cerevisiae S288C","BK006946:497,704..499,209(+)","Mgr3p","No","1","MGR3"
"YMR116C","Saccharomyces cerevisiae S288C","BK006946:499,456..500,688(-)","guanine nucleotide-binding protein subunit beta","No","1","ASC1"
"YMR117C","Saccharomyces cerevisiae S288C","BK006946:501,250..501,891(-)","kinetochore-associated Ndc80 complex subunit SPC24","No","1","SPC24"
"YMR118C","Saccharomyces cerevisiae S288C","BK006946:502,144..502,734(-)","protein SHH3","No","1","SHH3"
"YMR121C","Saccharomyces cerevisiae S288C","BK006946:509,734..510,348(-)","ribosomal 60S subunit protein L15B","No","1","RPL15B"
"YMR119W","Saccharomyces cerevisiae S288C","BK006946:505,333..507,207(+)","putative ubiquitin-protein ligase ASI1","No","1","ASI1"
"YMR120C","Saccharomyces cerevisiae S288C","BK006946:507,502..509,280(-)","bifunctional phosphoribosylaminoimidazolecarboxamide formyltransferase/IMP cyclohydrolase ADE17","No","1","ADE17"
"YMR122W-A","Saccharomyces cerevisiae S288C","BK006946:511,315..511,569(+)","hypothetical protein","No","1","NCW1"
"YMR123W","Saccharomyces cerevisiae S288C","BK006946:513,593..513,961(+)","Pkr1p","No","1","PKR1"
"YMR124W","Saccharomyces cerevisiae S288C","BK006946:514,456..517,287(+)","Epo1p","No","1","EPO1"
"YMR125W","Saccharomyces cerevisiae S288C","BK006946:517,539..520,446(+)","Sto1p","No","1","STO1"
"YMR126C","Saccharomyces cerevisiae S288C","BK006946:520,761..521,789(-)","Dlt1p","No","1","DLT1"
"YMR127C","Saccharomyces cerevisiae S288C","BK006946:522,329..523,345(-)","Sas2p","No","1","SAS2"
"YMR128W","Saccharomyces cerevisiae S288C","BK006946:523,696..527,499(+)","ATP-dependent RNA helicase ECM16","No","1","ECM16"
"YMR129W","Saccharomyces cerevisiae S288C","BK006946:527,804..531,817(+)","Pom152p","No","1","POM152"
"YMR130W","Saccharomyces cerevisiae S288C","BK006946:532,119..533,027(+)","hypothetical protein","No","1","DPI35"
"YMR131C","Saccharomyces cerevisiae S288C","BK006946:533,163..534,698(-)","ribosome biosynthesis protein RRB1","No","1","RRB1"
"YMR132C","Saccharomyces cerevisiae S288C","BK006946:534,944..535,570(-)","Jlp2p","No","1","JLP2"
"YMR133W","Saccharomyces cerevisiae S288C","BK006946:536,207..537,609(+)","Rec114p","No","1","REC114"
"YMR134W","Saccharomyces cerevisiae S288C","BK006946:537,838..538,551(+)","Erg29p","No","1","ERG29"
"YMR135C","Saccharomyces cerevisiae S288C","BK006946:538,689..540,056(-)","glucose-induced degradation complex subunit GID8","No","1","GID8"
"YMR136W","Saccharomyces cerevisiae S288C","BK006946:541,199..542,881(+)","Gat2p","No","1","GAT2"
"YMR137C","Saccharomyces cerevisiae S288C","BK006946:542,978..544,963(-)","Pso2p","No","1","PSO2"
"YMR138W","Saccharomyces cerevisiae S288C","BK006946:545,155..545,730(+)","Arf family GTPase CIN4","No","1","CIN4"
"YMR139W","Saccharomyces cerevisiae S288C","BK006946:546,125..547,237(+)","serine/threonine protein kinase RIM11","No","1","RIM11"
"YMR140W","Saccharomyces cerevisiae S288C","BK006946:547,714..549,183(+)","Sip5p","No","1","SIP5"
"YMR142C","Saccharomyces cerevisiae S288C","BK006946:550,206..551,207(-)","ribosomal 60S subunit protein L13B","No","1","RPL13B"
"YMR143W","Saccharomyces cerevisiae S288C","BK006946:551,928..552,903(+)","ribosomal 40S subunit protein S16A","No","1","RPS16A"
"YMR144W","Saccharomyces cerevisiae S288C","BK006946:553,362..554,390(+)","hypothetical protein","No","1","FDO1"
"YMR145C","Saccharomyces cerevisiae S288C","BK006946:554,793..556,475(-)","NADH-ubiquinone reductase (H(+)-translocating) NDE1","No","1","NDE1"
"YMR146C","Saccharomyces cerevisiae S288C","BK006946:557,481..558,524(-)","translation initiation factor eIF3 subunit i","No","1","TIF34"
"YMR147W","Saccharomyces cerevisiae S288C","BK006946:559,199..559,870(+)","hypothetical protein","No","1","LDO45"
"YMR148W","Saccharomyces cerevisiae S288C","BK006946:560,366..560,812(+)","Osw5p","No","1","OSW5"
"YMR149W","Saccharomyces cerevisiae S288C","BK006946:560,996..561,856(+)","dolichyl-diphosphooligosaccharide-protein glycotransferase","No","1","SWP1"
"YMR150C","Saccharomyces cerevisiae S288C","BK006946:561,956..562,528(-)","endopeptidase catalytic subunit IMP1","No","1","IMP1"
"YMR152W","Saccharomyces cerevisiae S288C","BK006946:563,096..564,193(+)","Yim1p","No","1","YIM1"
"YMR153W","Saccharomyces cerevisiae S288C","BK006946:564,435..565,862(+)","FG-nucleoporin NUP53","No","1","NUP53"
"YMR154C","Saccharomyces cerevisiae S288C","BK006946:565,999..568,182(-)","Rim13p","No","1","RIM13"
"YMR155W","Saccharomyces cerevisiae S288C","BK006946:568,551..570,194(+)","hypothetical protein","No","1","N/A"
"YMR156C","Saccharomyces cerevisiae S288C","BK006946:570,300..571,016(-)","polynucleotide 3'-phosphatase","No","1","TPP1"
"YMR157C","Saccharomyces cerevisiae S288C","BK006946:571,277..572,044(-)","Aim36p","No","1","AIM36"
"YMR158C-A","Saccharomyces cerevisiae S288C","BK006946:573,194..573,331(-)","hypothetical protein","No","1","N/A"
"YMR158W","Saccharomyces cerevisiae S288C","BK006946:572,248..572,715(+)","mitochondrial 37S ribosomal protein MRPS8","No","1","MRPS8"
"YMR159C","Saccharomyces cerevisiae S288C","BK006946:574,476..574,928(-)","Atg16p","No","1","ATG16"
"YMR160W","Saccharomyces cerevisiae S288C","BK006946:575,066..577,516(+)","hypothetical protein","No","1","N/A"
"YMR161W","Saccharomyces cerevisiae S288C","BK006946:577,718..578,392(+)","type I HSP40 co-chaperone HLJ1","No","1","HLJ1"
"YMR162C","Saccharomyces cerevisiae S288C","BK006946:578,951..583,921(-)","aminophospholipid-translocating P4-type ATPase DNF3","No","1","DNF3"
"YMR163C","Saccharomyces cerevisiae S288C","BK006946:584,271..586,388(-)","Inp2p","No","1","INP2"
"YMR164C","Saccharomyces cerevisiae S288C","BK006946:587,274..589,550(-)","Mss11p","No","1","MSS11"
"YMR165C","Saccharomyces cerevisiae S288C","BK006946:590,040..592,628(-)","phosphatidate phosphatase PAH1","No","1","PAH1"
"YMR166C","Saccharomyces cerevisiae S288C","BK006946:593,367..594,473(-)","Mme1p","No","1","MME1"
"YMR167W","Saccharomyces cerevisiae S288C","BK006946:594,886..597,195(+)","mismatch repair ATPase MLH1","No","1","MLH1"
"YMR168C","Saccharomyces cerevisiae S288C","BK006946:597,332..599,158(-)","Cep3p","No","1","CEP3"
"YMR169C","Saccharomyces cerevisiae S288C","BK006946:599,352..600,872(-)","aldehyde dehydrogenase (NAD(+)) ALD3","No","1","ALD3"
"YMR170C","Saccharomyces cerevisiae S288C","BK006946:601,562..603,082(-)","aldehyde dehydrogenase (NAD(+)) ALD2","No","1","ALD2"
"YMR171C","Saccharomyces cerevisiae S288C","BK006946:603,868..605,520(-)","Ear1p","No","1","EAR1"
"YMR172W","Saccharomyces cerevisiae S288C","BK006946:605,981..608,140(+)","Hot1p","No","1","HOT1"
"YMR173W","Saccharomyces cerevisiae S288C","BK006946:608,689..609,981(+)","DNA damage-responsive protein 48","No","1","DDR48"
"YMR174C","Saccharomyces cerevisiae S288C","BK006946:610,159..610,365(-)","Pai3p","No","1","PAI3"
"YMR175W-A","Saccharomyces cerevisiae S288C","BK006946:611,314..611,508(+)","hypothetical protein","No","1","N/A"
"YMR175W","Saccharomyces cerevisiae S288C","BK006946:611,016..611,255(+)","Sip18p","No","1","SIP18"
"YMR176W","Saccharomyces cerevisiae S288C","BK006946:611,740..615,975(+)","Ecm5p","No","1","ECM5"
"YMR177W","Saccharomyces cerevisiae S288C","BK006946:616,566..618,098(+)","Mmt1p","No","1","MMT1"
"YMR178W","Saccharomyces cerevisiae S288C","BK006946:618,479..619,303(+)","hypothetical protein","No","1","FPY1"
"YMR179W","Saccharomyces cerevisiae S288C","BK006946:619,858..622,134(+)","Spt21p","No","1","SPT21"
"YMR180C","Saccharomyces cerevisiae S288C","BK006946:622,251..623,213(-)","polynucleotide 5'-phosphatase","No","1","CTL1"
"YMR181C","Saccharomyces cerevisiae S288C","BK006946:623,616..624,080(-)","hypothetical protein","No","1","N/A"
"YMR182C","Saccharomyces cerevisiae S288C","BK006946:624,532..625,167(-)","Rgm1p","No","1","RGM1"
"YMR182W-A","Saccharomyces cerevisiae S288C","BK006946:625,811..625,897(+)","hypothetical protein","No","1","MIN3"
"YMR183C","Saccharomyces cerevisiae S288C","BK006946:626,921..627,808(-)","syntaxin","No","1","SSO2"
"YMR184W","Saccharomyces cerevisiae S288C","BK006946:628,189..628,785(+)","Add37p","No","1","ADD37"
"YMR185W","Saccharomyces cerevisiae S288C","BK006946:629,025..631,970(+)","Rtp1p","No","1","RTP1"
"YMR186W","Saccharomyces cerevisiae S288C","BK006946:632,355..634,472(+)","Hsp90 family chaperone HSC82","No","1","HSC82"
"YMR187C","Saccharomyces cerevisiae S288C","BK006946:634,689..635,984(-)","hypothetical protein","No","1","N/A"
"YMR188C","Saccharomyces cerevisiae S288C","BK006946:636,291..637,004(-)","mitochondrial 37S ribosomal protein MRPS17","No","1","MRPS17"
"YMR189W","Saccharomyces cerevisiae S288C","BK006946:637,500..640,604(+)","glycine decarboxylase subunit P","No","1","GCV2"
"YMR190C","Saccharomyces cerevisiae S288C","BK006946:640,915..645,258(-)","ATP-dependent DNA helicase SGS1","No","1","SGS1"
"YMR191W","Saccharomyces cerevisiae S288C","BK006946:645,656..646,777(+)","Spg5p","No","1","SPG5"
"YMR192W","Saccharomyces cerevisiae S288C","BK006946:647,118..649,280(+)","Gyl1p","No","1","GYL1"
"YMR193W","Saccharomyces cerevisiae S288C","BK006946:650,036..650,812(+)","mitochondrial 54S ribosomal protein YmL24/YmL14","No","1","MRPL24"
"YMR194C-B","Saccharomyces cerevisiae S288C","BK006946:652,594..652,887(-)","Cmc4p","No","1","CMC4"
"YMR194W","Saccharomyces cerevisiae S288C","BK006946:651,145..651,910(+)","ribosomal 60S subunit protein L36A","No","1","RPL36A"
"YMR195W","Saccharomyces cerevisiae S288C","BK006946:654,034..654,417(+)","Icy1p","No","1","ICY1"
"YMR196W","Saccharomyces cerevisiae S288C","BK006946:655,076..658,342(+)","hypothetical protein","No","1","N/A"
"YMR197C","Saccharomyces cerevisiae S288C","BK006946:658,545..659,198(-)","v-SNARE protein VTI1","No","1","VTI1"
"YMR198W","Saccharomyces cerevisiae S288C","BK006946:659,745..661,529(+)","Cik1p","No","1","CIK1"
"YMR199W","Saccharomyces cerevisiae S288C","BK006946:662,644..664,284(+)","cyclin CLN1","No","1","CLN1"
"YMR200W","Saccharomyces cerevisiae S288C","BK006946:664,752..665,522(+)","Rot1p","No","1","ROT1"
"YMR201C","Saccharomyces cerevisiae S288C","BK006946:665,845..667,044(-)","Rad14p","No","1","RAD14"
"YMR202W","Saccharomyces cerevisiae S288C","BK006946:667,537..668,205(+)","C-8 sterol isomerase ERG2","No","1","ERG2"
"YMR203W","Saccharomyces cerevisiae S288C","BK006946:668,492..669,655(+)","Tom40p","No","1","TOM40"
"YMR204C","Saccharomyces cerevisiae S288C","BK006946:670,063..671,325(-)","Inp1p","No","1","INP1"
"YMR205C","Saccharomyces cerevisiae S288C","BK006946:671,887..674,766(-)","6-phosphofructokinase subunit beta","No","1","PFK2"
"YMR206W","Saccharomyces cerevisiae S288C","BK006946:675,896..676,837(+)","hypothetical protein","No","1","N/A"
"YMR207C","Saccharomyces cerevisiae S288C","BK006946:677,193..683,564(-)","acetyl-CoA carboxylase HFA1","No","1","HFA1"
"YMR208W","Saccharomyces cerevisiae S288C","BK006946:684,467..685,798(+)","mevalonate kinase","No","1","ERG12"
"YMR209C","Saccharomyces cerevisiae S288C","BK006946:685,911..687,284(-)","hypothetical protein","No","1","N/A"
"YMR210W","Saccharomyces cerevisiae S288C","BK006946:687,516..688,865(+)","putative carboxylic ester hydrolase","No","1","MGL2"
"YMR211W","Saccharomyces cerevisiae S288C","BK006946:689,083..690,510(+)","Dml1p","No","1","DML1"
"YMR212C","Saccharomyces cerevisiae S288C","BK006946:690,695..693,043(-)","Efr3p","No","1","EFR3"
"YMR213W","Saccharomyces cerevisiae S288C","BK006946:693,381..695,153(+)","Cef1p","No","1","CEF1"
"YMR214W","Saccharomyces cerevisiae S288C","BK006946:695,350..696,483(+)","Scj1p","No","1","SCJ1"
"YMR215W","Saccharomyces cerevisiae S288C","BK006946:696,796..698,370(+)","putative 1,3-beta-glucanosyltransferase","No","1","GAS3"
"YMR216C","Saccharomyces cerevisiae S288C","BK006946:698,811..701,039(-)","serine/threonine protein kinase SKY1","No","1","SKY1"
"YMR217W","Saccharomyces cerevisiae S288C","BK006946:701,790..703,367(+)","GMP synthase (glutamine-hydrolyzing)","No","1","GUA1"
"YMR218C","Saccharomyces cerevisiae S288C","BK006946:703,579..706,887(-)","transport protein particle complex II subunit TRS130","No","1","TRS130"
"YMR219W","Saccharomyces cerevisiae S288C","BK006946:707,133..712,109(+)","Esc1p","No","1","ESC1"
"YMR220W","Saccharomyces cerevisiae S288C","BK006946:712,316..713,671(+)","phosphomevalonate kinase","No","1","ERG8"
"YMR221C","Saccharomyces cerevisiae S288C","BK006946:713,931..715,445(-)","hypothetical protein","No","1","FMP42"
"YMR224C","Saccharomyces cerevisiae S288C","BK006946:718,575..720,653(-)","MRX complex nuclease subunit","No","1","MRE11"
"YMR222C","Saccharomyces cerevisiae S288C","BK006946:715,638..716,309(-)","putative serine hydrolase","No","1","FSH2"
"YMR223W","Saccharomyces cerevisiae S288C","BK006946:716,715..718,130(+)","ubiquitin-specific protease UBP8","No","1","UBP8"
"YMR225C","Saccharomyces cerevisiae S288C","BK006946:720,960..721,403(-)","mitochondrial 54S ribosomal protein YmL44","No","1","MRPL44"
"YMR226C","Saccharomyces cerevisiae S288C","BK006946:721,593..722,396(-)","oxidoreductase","No","1","N/A"
"YMR227C","Saccharomyces cerevisiae S288C","BK006946:722,613..724,385(-)","Taf7p","No","1","TAF7"
"YMR228W","Saccharomyces cerevisiae S288C","BK006946:724,626..725,651(+)","RNA polymerase specificity factor","No","1","MTF1"
"YMR229C","Saccharomyces cerevisiae S288C","BK006946:725,934..731,123(-)","Rrp5p","No","1","RRP5"
"YMR230W-A","Saccharomyces cerevisiae S288C","BK006946:733,268..733,456(+)","hypothetical protein","No","1","N/A"
"YMR230W","Saccharomyces cerevisiae S288C","BK006946:732,414..733,141(+)","ribosomal 40S subunit protein S10B","No","1","RPS10B"
"YMR231W","Saccharomyces cerevisiae S288C","BK006946:733,545..736,634(+)","tethering complex subunit PEP5","No","1","PEP5"
"YMR232W","Saccharomyces cerevisiae S288C","BK006946:736,926..738,959(+)","Fus2p","No","1","FUS2"
"YMR233W","Saccharomyces cerevisiae S288C","BK006946:739,185..739,865(+)","Tri1p","No","1","TRI1"
"YMR234W","Saccharomyces cerevisiae S288C","BK006946:740,266..741,312(+)","RNA-DNA hybrid ribonuclease","No","1","RNH1"
"YMR235C","Saccharomyces cerevisiae S288C","BK006946:741,512..742,735(-)","GTPase-activating protein RNA1","No","1","RNA1"
"YMR236W","Saccharomyces cerevisiae S288C","BK006946:742,971..743,444(+)","chromatin modification protein TAF9","No","1","TAF9"
"YMR237W","Saccharomyces cerevisiae S288C","BK006946:743,749..745,923(+)","exomer complex subunit","No","1","BCH1"
"YMR238W","Saccharomyces cerevisiae S288C","BK006946:746,353..747,729(+)","putative mannan endo-1,6-alpha-mannosidase","No","1","DFG5"
"YMR239C","Saccharomyces cerevisiae S288C","BK006946:748,262..749,677(-)","ribonuclease III","No","1","RNT1"
"YMR240C","Saccharomyces cerevisiae S288C","BK006946:749,930..751,240(-)","U2 snRNP complex subunit CUS1","No","1","CUS1"
"YMR241W","Saccharomyces cerevisiae S288C","BK006946:751,961..752,905(+)","Yhm2p","No","1","YHM2"
"YMR242C","Saccharomyces cerevisiae S288C","BK006946:753,225..754,220(-)","ribosomal 60S subunit protein L20A","No","1","RPL20A"
"YMR242W-A","Saccharomyces cerevisiae S288C","BK006946:754,297..754,386(+)","hypothetical protein","No","1","N/A"
"YMR243C","Saccharomyces cerevisiae S288C","BK006946:754,838..756,166(-)","Zn(2+) transporter ZRC1","No","1","ZRC1"
"YMR244C-A","Saccharomyces cerevisiae S288C","BK006946:758,517..758,831(-)","Coa6p","No","1","COA6"
"YMR244W","Saccharomyces cerevisiae S288C","BK006946:757,250..758,317(+)","hypothetical protein","No","1","N/A"
"YMR246W","Saccharomyces cerevisiae S288C","BK006946:759,807..761,891(+)","long-chain fatty acid-CoA ligase FAA4","No","1","FAA4"
"YMR247C","Saccharomyces cerevisiae S288C","BK006946:763,351..768,039(-)","ubiquitin-protein ligase RKR1","No","1","RKR1"
"YMR247W-A","Saccharomyces cerevisiae S288C","BK006946:769,283..769,426(+)","hypothetical protein","No","1","N/A"
"YMR250W","Saccharomyces cerevisiae S288C","BK006946:770,801..772,558(+)","glutamate decarboxylase GAD1","No","1","GAD1"
"YMR251W-A","Saccharomyces cerevisiae S288C","BK006946:774,752..774,931(+)","Hor7p","No","1","HOR7"
"YMR251W","Saccharomyces cerevisiae S288C","BK006946:772,915..774,015(+)","omega-class glutathione transferase","No","1","GTO3"
"YMR252C","Saccharomyces cerevisiae S288C","BK006946:775,315..775,719(-)","hypothetical protein","No","1","MLO1"
"YMR253C","Saccharomyces cerevisiae S288C","BK006946:775,946..777,190(-)","hypothetical protein","No","1","N/A"
"YMR255W","Saccharomyces cerevisiae S288C","BK006946:778,001..778,567(+)","Gfd1p","No","1","GFD1"
"YMR256C","Saccharomyces cerevisiae S288C","BK006946:778,945..779,127(-)","cytochrome c oxidase subunit VII","No","1","COX7"
"YMR257C","Saccharomyces cerevisiae S288C","BK006946:779,629..782,031(-)","Pet111p","No","1","PET111"
"YMR258C","Saccharomyces cerevisiae S288C","BK006946:782,620..784,281(-)","Roy1p","No","1","ROY1"
"YMR259C","Saccharomyces cerevisiae S288C","BK006946:784,621..788,883(-)","tRNA methylation protein TRM732","No","1","TRM732"
"YMR260C","Saccharomyces cerevisiae S288C","BK006946:789,378..789,839(-)","Tif11p","No","1","TIF11"
"YMR261C","Saccharomyces cerevisiae S288C","BK006946:790,205..793,369(-)","trehalose 6-phosphate synthase/phosphatase complex subunit","No","1","TPS3"
"YMR262W","Saccharomyces cerevisiae S288C","BK006946:793,726..794,667(+)","putative endodeoxyribonuclease","No","1","N/A"
"YMR263W","Saccharomyces cerevisiae S288C","BK006946:794,919..795,524(+)","Sap30p","No","1","SAP30"
"YMR264W","Saccharomyces cerevisiae S288C","BK006946:795,805..796,416(+)","Cue1p","No","1","CUE1"
"YMR265C","Saccharomyces cerevisiae S288C","BK006946:796,540..797,925(-)","hypothetical protein","No","1","N/A"
"YMR266W","Saccharomyces cerevisiae S288C","BK006946:798,518..801,379(+)","Rsn1p","No","1","RSN1"
"YMR267W","Saccharomyces cerevisiae S288C","BK006946:801,772..802,704(+)","inorganic diphosphatase PPA2","No","1","PPA2"
"YMR268C","Saccharomyces cerevisiae S288C","BK006946:802,888..804,222(-)","U6 snRNP complex subunit PRP24","No","1","PRP24"
"YMR269W","Saccharomyces cerevisiae S288C","BK006946:804,456..805,091(+)","Tma23p","No","1","TMA23"
"YMR270C","Saccharomyces cerevisiae S288C","BK006946:805,326..806,423(-)","Rrn9p","No","1","RRN9"
"YMR271C","Saccharomyces cerevisiae S288C","BK006946:806,865..807,548(-)","orotate phosphoribosyltransferase URA10","No","1","URA10"
"YMR272C","Saccharomyces cerevisiae S288C","BK006946:809,623..810,777(-)","fatty acid alpha-hydroxylase","No","1","SCS7"
"YMR272W-B","Saccharomyces cerevisiae S288C","BK006946:811,089..811,196(+)","hypothetical protein","No","1","N/A"
"YMR273C","Saccharomyces cerevisiae S288C","BK006946:811,233..813,980(-)","Zds1p","No","1","ZDS1"
"YMR274C","Saccharomyces cerevisiae S288C","BK006946:814,364..815,311(-)","CAAX prenyl protease","No","1","RCE1"
"YMR275C","Saccharomyces cerevisiae S288C","BK006946:815,651..818,581(-)","ubiquitin-ubiquitin ligase BUL1","No","1","BUL1"
"YMR276W","Saccharomyces cerevisiae S288C","BK006946:818,827..819,948(+)","Dsk2p","No","1","DSK2"
"YMR277W","Saccharomyces cerevisiae S288C","BK006946:820,256..822,454(+)","protein serine/threonine phosphatase","No","1","FCP1"
"YMR278W","Saccharomyces cerevisiae S288C","BK006946:822,763..824,631(+)","phosphoribomutase PRM15","No","1","PRM15"
"YMR279C","Saccharomyces cerevisiae S288C","BK006946:824,729..826,351(-)","hypothetical protein","No","1","ATR2"
"YMR280C","Saccharomyces cerevisiae S288C","BK006946:827,028..831,329(-)","DNA-binding transcription factor CAT8","No","1","CAT8"
"YMR281W","Saccharomyces cerevisiae S288C","BK006946:832,339..833,253(+)","N-acetylglucosaminylphosphatidylinositol deacetylase","No","1","GPI12"
"YMR282C","Saccharomyces cerevisiae S288C","BK006946:833,356..835,098(-)","Aep2p","No","1","AEP2"
"YMR283C","Saccharomyces cerevisiae S288C","BK006946:835,326..836,867(-)","tRNA A64-2'-O-ribosylphosphate transferase","No","1","RIT1"
"YMR284W","Saccharomyces cerevisiae S288C","BK006946:838,187..839,995(+)","ATP-dependent DNA helicase YKU70","No","1","YKU70"
"YMR285C","Saccharomyces cerevisiae S288C","BK006946:840,144..841,691(-)","RNA exonuclease","No","1","NGL2"
"YMR286W","Saccharomyces cerevisiae S288C","BK006946:841,942..842,202(+)","mitochondrial 54S ribosomal protein YmL33","No","1","MRPL33"
"YMR287C","Saccharomyces cerevisiae S288C","BK006946:842,436..845,345(-)","Dss1p","No","1","DSS1"
"YMR288W","Saccharomyces cerevisiae S288C","BK006946:845,571..848,486(+)","mRNA-binding U2 snRNP complex subunit HSH155","No","1","HSH155"
"YMR289W","Saccharomyces cerevisiae S288C","BK006946:848,685..849,809(+)","aminodeoxychorismate lyase ABZ2","No","1","ABZ2"
"YMR290C","Saccharomyces cerevisiae S288C","BK006946:850,074..851,591(-)","ATP-dependent RNA helicase HAS1","No","1","HAS1"
"YMR291W","Saccharomyces cerevisiae S288C","BK006946:852,630..854,390(+)","protein kinase TDA1","No","1","TDA1"
"YMR292W","Saccharomyces cerevisiae S288C","BK006946:854,795..855,293(+)","Got1p","No","1","GOT1"
"YMR293C","Saccharomyces cerevisiae S288C","BK006946:855,399..856,793(-)","glutamyl-tRNA(Gln) amidotransferase subunit HER2","No","1","HER2"
"YMR294W","Saccharomyces cerevisiae S288C","BK006946:856,966..858,087(+)","Jnm1p","No","1","JNM1"
"YMR295C","Saccharomyces cerevisiae S288C","BK006946:858,297..858,890(-)","hypothetical protein","No","1","N/A"
"YMR296C","Saccharomyces cerevisiae S288C","BK006946:859,215..860,891(-)","serine C-palmitoyltransferase LCB1","No","1","LCB1"
"YMR297W","Saccharomyces cerevisiae S288C","BK006946:861,922..863,520(+)","carboxypeptidase C PRC1","No","1","PRC1"
"YMR298W","Saccharomyces cerevisiae S288C","BK006946:863,819..864,271(+)","sphingosine N-acyltransferase subunit LIP1","No","1","LIP1"
"YMR299C","Saccharomyces cerevisiae S288C","BK006946:864,412..865,350(-)","dynein light intermediate chain","No","1","DYN3"
"YMR300C","Saccharomyces cerevisiae S288C","BK006946:865,559..867,091(-)","amidophosphoribosyltransferase","No","1","ADE4"
"YMR301C","Saccharomyces cerevisiae S288C","BK006946:867,555..869,627(-)","ATP-binding cassette Fe/S cluster precursor transporter ATM1","No","1","ATM1"
"YMR302C","Saccharomyces cerevisiae S288C","BK006946:870,073..872,625(-)","Yme2p","No","1","YME2"
"YMR303C","Saccharomyces cerevisiae S288C","BK006946:873,291..874,337(-)","alcohol dehydrogenase ADH2","No","1","ADH2"
"YMR304W","Saccharomyces cerevisiae S288C","BK006946:874,987..878,679(+)","ubiquitin-specific protease UBP15","No","1","UBP15"
"YMR305C","Saccharomyces cerevisiae S288C","BK006946:879,063..880,232(-)","putative family 17 glucosidase","No","1","SCW10"
"YMR306W","Saccharomyces cerevisiae S288C","BK006946:881,159..886,516(+)","putative 1,3-beta-D-glucan synthase","No","1","FKS3"
"YMR307W","Saccharomyces cerevisiae S288C","BK006946:887,003..888,682(+)","1,3-beta-glucanosyltransferase GAS1","No","1","GAS1"
"YMR308C","Saccharomyces cerevisiae S288C","BK006946:888,952..892,221(-)","Pse1p","No","1","PSE1"
"YMR309C","Saccharomyces cerevisiae S288C","BK006946:892,988..895,426(-)","translation initiation factor eIF3 subunit c","No","1","NIP1"
"YMR310C","Saccharomyces cerevisiae S288C","BK006946:895,716..896,669(-)","putative methyltransferase","No","1","N/A"
"YMR311C","Saccharomyces cerevisiae S288C","BK006946:896,914..897,603(-)","Glc8p","No","1","GLC8"
"YMR312W","Saccharomyces cerevisiae S288C","BK006946:898,405..899,226(+)","Elongator subunit ELP6","No","1","ELP6"
"YMR313C","Saccharomyces cerevisiae S288C","BK006946:899,379..901,307(-)","bifunctional triglyceride lipase/lysophosphatidylethanolamine acyltransferase","No","1","TGL3"
"YMR314W","Saccharomyces cerevisiae S288C","BK006946:901,709..902,413(+)","proteasome core particle subunit alpha 6","No","1","PRE5"
"YMR315W-A","Saccharomyces cerevisiae S288C","BK006946:904,286..904,393(+)","hypothetical protein","No","1","N/A"
"YMR315W","Saccharomyces cerevisiae S288C","BK006946:902,800..903,849(+)","hypothetical protein","No","1","N/A"
"YMR316C-A","Saccharomyces cerevisiae S288C","BK006946:905,662..905,973(-)","hypothetical protein","No","1","N/A"
"YMR316W","Saccharomyces cerevisiae S288C","BK006946:904,825..905,835(+)","Dia1p","No","1","DIA1"
"YMR317W","Saccharomyces cerevisiae S288C","BK006946:907,364..910,786(+)","hypothetical protein","No","1","N/A"
"YMR318C","Saccharomyces cerevisiae S288C","BK006946:911,061..912,143(-)","NADP-dependent alcohol dehydrogenase","No","1","ADH6"
"YMR319C","Saccharomyces cerevisiae S288C","BK006946:912,880..914,538(-)","Fet4p","No","1","FET4"
"YMR321C","Saccharomyces cerevisiae S288C","BK006946:917,579..917,896(-)","hypothetical protein","No","1","N/A"
"YMR322C","Saccharomyces cerevisiae S288C","BK006946:918,366..919,079(-)","glutathione-independent methylglyoxalase family protein","No","1","SNO4"
"YMR323W","Saccharomyces cerevisiae S288C","BK006946:920,088..921,401(+)","phosphopyruvate hydratase ERR3","No","1","ERR3"
"YNL002C","Saccharomyces cerevisiae S288C","BK006947:626,174..627,142(-)","Rlp7p","No","1","RLP7"
"YMR325W","Saccharomyces cerevisiae S288C","BK006946:922,641..923,015(+)","seripauperin PAU19","No","1","PAU19"
"YNL001W","Saccharomyces cerevisiae S288C","BK006947:627,456..628,616(+)","ribosome dissociation factor DOM34","No","1","DOM34"
"YNL003C","Saccharomyces cerevisiae S288C","BK006947:624,975..625,829(-)","Pet8p","No","1","PET8"
"YNL004W","Saccharomyces cerevisiae S288C","BK006947:622,915..624,621(+)","mRNA-binding protein","No","1","HRB1"
"YNL005C","Saccharomyces cerevisiae S288C","BK006947:621,313..622,428(-)","mitochondrial 54S ribosomal protein YmL2","No","1","MRP7"
"YNL006W","Saccharomyces cerevisiae S288C","BK006947:620,067..620,978(+)","TOR complex subunit LST8","No","1","LST8"
"YNL007C","Saccharomyces cerevisiae S288C","BK006947:618,507..619,565(-)","type II HSP40 co-chaperone SIS1","No","1","SIS1"
"YNL008C","Saccharomyces cerevisiae S288C","BK006947:616,211..618,241(-)","putative ubiquitin-protein ligase ASI3","No","1","ASI3"
"YNL009W","Saccharomyces cerevisiae S288C","BK006947:614,821..616,083(+)","isocitrate dehydrogenase (NADP(+)) IDP3","No","1","IDP3"
"YNL010W","Saccharomyces cerevisiae S288C","BK006947:613,635..614,360(+)","putative phosphoric monoester hydrolase","No","1","PYP1"
"YNL011C","Saccharomyces cerevisiae S288C","BK006947:611,836..613,170(-)","hypothetical protein","No","1","N/A"
"YNL012W","Saccharomyces cerevisiae S288C","BK006947:609,686..611,665(+)","putative carboxylic ester hydrolase","No","1","SPO1"
"YNL014W","Saccharomyces cerevisiae S288C","BK006947:606,319..609,453(+)","translation elongation factor EF-3","No","1","HEF3"
"YNL015W","Saccharomyces cerevisiae S288C","BK006947:605,384..605,611(+)","Pbi2p","No","1","PBI2"
"YNL016W","Saccharomyces cerevisiae S288C","BK006947:602,907..604,268(+)","Pub1p","No","1","PUB1"
"YNL018C","Saccharomyces cerevisiae S288C","BK006947:599,936..601,774(-)","hypothetical protein","No","1","N/A"
"YNL019C","Saccharomyces cerevisiae S288C","BK006947:598,376..599,230(-)","hypothetical protein","No","1","N/A"
"YNL020C","Saccharomyces cerevisiae S288C","BK006947:595,623..597,539(-)","serine/threonine protein kinase ARK1","No","1","ARK1"
"YNL021W","Saccharomyces cerevisiae S288C","BK006947:593,227..595,347(+)","histone deacetylase HDA1","No","1","HDA1"
"YNL022C","Saccharomyces cerevisiae S288C","BK006947:591,427..592,899(-)","rRNA (cytosine-C5-)-methyltransferase RCM1","No","1","RCM1"
"YNL023C","Saccharomyces cerevisiae S288C","BK006947:588,263..591,160(-)","Fap1p","No","1","FAP1"
"YNL024C-A","Saccharomyces cerevisiae S288C","BK006947:586,602..586,820(-)","Ksh1p","No","1","KSH1"
"YNL024C","Saccharomyces cerevisiae S288C","BK006947:587,107..587,847(-)","putative protein-lysine N-methyltransferase","No","1","EFM6"
"YNL025C","Saccharomyces cerevisiae S288C","BK006947:584,320..585,291(-)","cyclin-dependent protein serine/threonine kinase regulator SSN8","No","1","SSN8"
"YNL026W","Saccharomyces cerevisiae S288C","BK006947:581,920..583,374(+)","SAM complex subunit SAM50","No","1","SAM50"
"YNL027W","Saccharomyces cerevisiae S288C","BK006947:579,580..581,616(+)","DNA-binding transcription factor CRZ1","No","1","CRZ1"
"YNL029C","Saccharomyces cerevisiae S288C","BK006947:577,205..578,773(-)","putative mannosyltransferase","No","1","KTR5"
"YNL030W","Saccharomyces cerevisiae S288C","BK006947:576,727..577,038(+)","histone H4","No","1","HHF2"
"YNL031C","Saccharomyces cerevisiae S288C","BK006947:575,640..576,050(-)","histone H3","No","1","HHT2"
"YNL032W","Saccharomyces cerevisiae S288C","BK006947:574,506..575,351(+)","putative tyrosine protein phosphatase SIW14","No","1","SIW14"
"YNL033W","Saccharomyces cerevisiae S288C","BK006947:572,999..573,853(+)","hypothetical protein","No","1","N/A"
"YNL034W","Saccharomyces cerevisiae S288C","BK006947:570,477..572,315(+)","hypothetical protein","No","1","N/A"
"YNL035C","Saccharomyces cerevisiae S288C","BK006947:568,522..569,691(-)","hypothetical protein","No","1","N/A"
"YNL036W","Saccharomyces cerevisiae S288C","BK006947:559,814..560,479(+)","carbonate dehydratase NCE103","No","1","NCE103"
"YNL037C","Saccharomyces cerevisiae S288C","BK006947:557,920..559,002(-)","isocitrate dehydrogenase (NAD(+)) IDH1","No","1","IDH1"
"YNL038W","Saccharomyces cerevisiae S288C","BK006947:557,020..557,783(+)","phosphatidylinositol N-acetylglucosaminyltransferase GPI15","No","1","GPI15"
"YNL039W","Saccharomyces cerevisiae S288C","BK006947:555,048..556,832(+)","transcription factor TFIIIB subunit BDP1","No","1","BDP1"
"YNL040W","Saccharomyces cerevisiae S288C","BK006947:553,380..554,750(+)","putative alanine--tRNA ligase","No","1","N/A"
"YNL041C","Saccharomyces cerevisiae S288C","BK006947:549,468..551,987(-)","Golgi transport complex subunit COG6","No","1","COG6"
"YNL042W-B","Saccharomyces cerevisiae S288C","BK006947:547,113..547,370(+)","hypothetical protein","No","1","N/A"
"YNL042W","Saccharomyces cerevisiae S288C","BK006947:548,100..549,290(+)","Bop3p","No","1","BOP3"
"YNL044W","Saccharomyces cerevisiae S288C","BK006947:545,268..545,877(+)","Yip3p","No","1","YIP3"
"YNL045W","Saccharomyces cerevisiae S288C","BK006947:542,963..544,978(+)","bifunctional aminopeptidase/epoxide hydrolase","No","1","LAP2"
"YNL046W","Saccharomyces cerevisiae S288C","BK006947:542,304..542,822(+)","hypothetical protein","No","1","N/A"
"YNL047C","Saccharomyces cerevisiae S288C","BK006947:539,911..541,881(-)","phosphatidylinositol 4,5-bisphosphate-binding protein","No","1","SLM2"
"YNL048W","Saccharomyces cerevisiae S288C","BK006947:538,173..539,819(+)","alpha-1,2-mannosyltransferase ALG11","No","1","ALG11"
"YNL049C","Saccharomyces cerevisiae S288C","BK006947:535,281..537,911(-)","COPII subunit SFB2","No","1","SFB2"
"YNL050C","Saccharomyces cerevisiae S288C","BK006947:534,079..534,982(-)","hypothetical protein","No","1","N/A"
"YNL051W","Saccharomyces cerevisiae S288C","BK006947:532,659..533,870(+)","Golgi transport complex subunit COG5","No","1","COG5"
"YNL052W","Saccharomyces cerevisiae S288C","BK006947:531,725..532,186(+)","cytochrome c oxidase subunit Va","No","1","COX5A"
"YNL053W","Saccharomyces cerevisiae S288C","BK006947:529,942..531,411(+)","tyrosine/serine/threonine protein phosphatase MSG5","No","1","MSG5"
"YNL054W-A","Saccharomyces cerevisiae S288C","BK006947:519,456..520,778(+)","gag protein","No","1","TY1A-NL2"
"YNL054W-B","Saccharomyces cerevisiae S288C","BK006947:519,456..524,706(+)","gag-pol fusion protein","No","1","TY1B-NL2"
"YNL054W","Saccharomyces cerevisiae S288C","BK006947:526,086..529,583(+)","Vac7p","No","1","VAC7"
"YNL055C","Saccharomyces cerevisiae S288C","BK006947:517,994..518,845(-)","porin POR1","No","1","POR1"
"YNL056W","Saccharomyces cerevisiae S288C","BK006947:517,249..517,842(+)","Oca2p","No","1","OCA2"
"YNL058C","Saccharomyces cerevisiae S288C","BK006947:515,763..516,713(-)","hypothetical protein","No","1","N/A"
"YNL059C","Saccharomyces cerevisiae S288C","BK006947:512,668..514,935(-)","Arp5p","No","1","ARP5"
"YNL061W","Saccharomyces cerevisiae S288C","BK006947:510,540..512,396(+)","rRNA (cytosine-C5-)-methyltransferase NOP2","No","1","NOP2"
"YNL062C","Saccharomyces cerevisiae S288C","BK006947:508,776..510,212(-)","tRNA 1-methyladenosine methyltransferase subunit GCD10","No","1","GCD10"
"YNL063W","Saccharomyces cerevisiae S288C","BK006947:507,758..508,702(+)","S-adenosylmethionine-dependent methyltransferase","No","1","MTQ1"
"YNL064C","Saccharomyces cerevisiae S288C","BK006947:505,868..507,097(-)","type I HSP40 co-chaperone YDJ1","No","1","YDJ1"
"YNL065W","Saccharomyces cerevisiae S288C","BK006947:503,724..505,484(+)","Aqr1p","No","1","AQR1"
"YNL066W","Saccharomyces cerevisiae S288C","BK006947:501,515..502,777(+)","putative glucosidase SUN4","No","1","SUN4"
"YNL067W-B","Saccharomyces cerevisiae S288C","BK006947:499,417..499,557(+)","hypothetical protein","No","1","N/A"
"YNL067W","Saccharomyces cerevisiae S288C","BK006947:499,681..500,256(+)","ribosomal 60S subunit protein L9B","No","1","RPL9B"
"YNL068C","Saccharomyces cerevisiae S288C","BK006947:495,701..498,289(-)","forkhead family transcription factor FKH2","No","1","FKH2"
"YNL069C","Saccharomyces cerevisiae S288C","BK006947:493,956..495,001(-)","ribosomal 60S subunit protein L16B","No","1","RPL16B"
"YNL070W","Saccharomyces cerevisiae S288C","BK006947:493,366..493,548(+)","Tom7p","No","1","TOM7"
"YNL071W","Saccharomyces cerevisiae S288C","BK006947:491,523..492,971(+)","dihydrolipoyllysine-residue acetyltransferase","No","1","LAT1"
"YNL072W","Saccharomyces cerevisiae S288C","BK006947:490,317..491,240(+)","ribonuclease H2 catalytic subunit RNH201","No","1","RNH201"
"YNL073W","Saccharomyces cerevisiae S288C","BK006947:488,386..490,116(+)","lysine--tRNA ligase MSK1","No","1","MSK1"
"YNL074C","Saccharomyces cerevisiae S288C","BK006947:486,766..488,124(-)","Mlf3p","No","1","MLF3"
"YNL075W","Saccharomyces cerevisiae S288C","BK006947:485,607..486,479(+)","snoRNA-binding rRNA-processing protein IMP4","No","1","IMP4"
"YNL076W","Saccharomyces cerevisiae S288C","BK006947:483,556..485,310(+)","Mks1p","No","1","MKS1"
"YNL077W","Saccharomyces cerevisiae S288C","BK006947:481,391..482,977(+)","Apj1p","No","1","APJ1"
"YNL078W","Saccharomyces cerevisiae S288C","BK006947:479,768..480,991(+)","Nis1p","No","1","NIS1"
"YNL079C","Saccharomyces cerevisiae S288C","BK006947:478,566..479,165(-)","tropomyosin TPM1","No","1","TPM1"
"YNL080C","Saccharomyces cerevisiae S288C","BK006947:476,932..478,032(-)","Eos1p","No","1","EOS1"
"YNL081C","Saccharomyces cerevisiae S288C","BK006947:476,188..476,619(-)","putative mitochondrial 37S ribosomal protein SWS2","No","1","SWS2"
"YNL082W","Saccharomyces cerevisiae S288C","BK006947:473,391..476,012(+)","ATP-binding mismatch repair protein","No","1","PMS1"
"YNL083W","Saccharomyces cerevisiae S288C","BK006947:471,377..472,861(+)","Ca(2+)-binding ATP:ADP antiporter SAL1","No","1","SAL1"
"YNL084C","Saccharomyces cerevisiae S288C","BK006947:470,053..471,102(-)","End3p","No","1","END3"
"YNL085W","Saccharomyces cerevisiae S288C","BK006947:467,131..469,623(+)","Mkt1p","No","1","MKT1"
"YNL086W","Saccharomyces cerevisiae S288C","BK006947:466,334..466,642(+)","Snn1p","No","1","SNN1"
"YNL087W","Saccharomyces cerevisiae S288C","BK006947:462,411..465,947(+)","tricalbin","No","1","TCB2"
"YNL088W","Saccharomyces cerevisiae S288C","BK006947:457,704..461,990(+)","DNA topoisomerase 2","No","1","TOP2"
"YNL090W","Saccharomyces cerevisiae S288C","BK006947:456,565..457,143(+)","Rho family GTPase RHO2","No","1","RHO2"
"YNL091W","Saccharomyces cerevisiae S288C","BK006947:452,408..456,130(+)","Nst1p","No","1","NST1"
"YNL092W","Saccharomyces cerevisiae S288C","BK006947:450,871..452,073(+)","S-adenosylmethionine-dependent methyltransferase","No","1","N/A"
"YNL093W","Saccharomyces cerevisiae S288C","BK006947:449,868..450,530(+)","Rab family GTPase YPT53","No","1","YPT53"
"YNL094W","Saccharomyces cerevisiae S288C","BK006947:447,611..449,374(+)","phosphatidate phosphatase APP1","No","1","APP1"
"YNL095C","Saccharomyces cerevisiae S288C","BK006947:444,912..446,840(-)","hypothetical protein","No","1","N/A"
"YNL096C","Saccharomyces cerevisiae S288C","BK006947:443,398..444,315(-)","ribosomal 40S subunit protein S7B","No","1","RPS7B"
"YNL097C-B","Saccharomyces cerevisiae S288C","BK006947:440,797..440,919(-)","hypothetical protein","No","1","N/A"
"YNL097C","Saccharomyces cerevisiae S288C","BK006947:441,366..442,358(-)","Pho23p","No","1","PHO23"
"YNL098C","Saccharomyces cerevisiae S288C","BK006947:439,602..440,570(-)","Ras family GTPase RAS2","No","1","RAS2"
"YNL099C","Saccharomyces cerevisiae S288C","BK006947:438,567..439,283(-)","putative tyrosine protein phosphatase OCA1","No","1","OCA1"
"YNL100W","Saccharomyces cerevisiae S288C","BK006947:437,613..438,317(+)","Mic27p","No","1","MIC27"
"YNL101W","Saccharomyces cerevisiae S288C","BK006947:434,999..437,140(+)","Avt4p","No","1","AVT4"
"YNL102W","Saccharomyces cerevisiae S288C","BK006947:430,087..434,493(+)","DNA-directed DNA polymerase alpha catalytic subunit POL1","No","1","POL1"
"YNL103W","Saccharomyces cerevisiae S288C","BK006947:427,735..429,753(+)","Met4p","No","1","MET4"
"YNL104C","Saccharomyces cerevisiae S288C","BK006947:424,895..426,754(-)","2-isopropylmalate synthase LEU4","No","1","LEU4"
"YNL106C","Saccharomyces cerevisiae S288C","BK006947:420,944..424,495(-)","phosphatidylinositol-3-/phosphoinositide 5-phosphatase INP52","No","1","INP52"
"YNL110C","Saccharomyces cerevisiae S288C","BK006947:417,826..418,488(-)","rRNA-binding ribosome biosynthesis protein NOP15","No","1","NOP15"
"YNL107W","Saccharomyces cerevisiae S288C","BK006947:420,098..420,778(+)","Yaf9p","No","1","YAF9"
"YNL108C","Saccharomyces cerevisiae S288C","BK006947:419,014..419,826(-)","hypothetical protein","No","1","N/A"
"YNL111C","Saccharomyces cerevisiae S288C","BK006947:416,940..417,302(-)","Cyb5p","No","1","CYB5"
"YNL112W","Saccharomyces cerevisiae S288C","BK006947:413,639..416,281(+)","DEAD-box ATP-dependent RNA helicase DBP2","No","1","DBP2"
"YNL113W","Saccharomyces cerevisiae S288C","BK006947:412,771..413,199(+)","DNA-directed RNA polymerase core subunit RPC19","No","1","RPC19"
"YNL115C","Saccharomyces cerevisiae S288C","BK006947:410,119..412,053(-)","hypothetical protein","No","1","N/A"
"YNL116W","Saccharomyces cerevisiae S288C","BK006947:408,341..409,909(+)","ubiquitin-conjugating protein DMA2","No","1","DMA2"
"YNL117W","Saccharomyces cerevisiae S288C","BK006947:406,358..408,022(+)","malate synthase MLS1","No","1","MLS1"
"YNL118C","Saccharomyces cerevisiae S288C","BK006947:402,652..405,564(-)","decapping enzyme complex catalytic subunit","No","1","DCP2"
"YNL119W","Saccharomyces cerevisiae S288C","BK006947:401,040..402,521(+)","Ncs2p","No","1","NCS2"
"YNL121C","Saccharomyces cerevisiae S288C","BK006947:398,684..400,537(-)","protein channel TOM70","No","1","TOM70"
"YNL122C","Saccharomyces cerevisiae S288C","BK006947:398,023..398,370(-)","hypothetical protein","No","1","MRP35"
"YNL123W","Saccharomyces cerevisiae S288C","BK006947:394,685..397,678(+)","Nma111p","No","1","NMA111"
"YNL124W","Saccharomyces cerevisiae S288C","BK006947:392,892..394,370(+)","RNA-binding snoRNP assembly protein","No","1","NAF1"
"YNL125C","Saccharomyces cerevisiae S288C","BK006947:390,146..392,167(-)","Esbp6p","No","1","ESBP6"
"YNL126W","Saccharomyces cerevisiae S288C","BK006947:387,227..389,767(+)","Spc98p","No","1","SPC98"
"YNL127W","Saccharomyces cerevisiae S288C","BK006947:383,987..386,848(+)","Far11p","No","1","FAR11"
"YNL128W","Saccharomyces cerevisiae S288C","BK006947:382,359..383,663(+)","putative phosphatidylinositol-3,4,5-trisphosphate 3-phosphatase","No","1","TEP1"
"YNL129W","Saccharomyces cerevisiae S288C","BK006947:381,480..382,202(+)","ribosylnicotinamide kinase","No","1","NRK1"
"YNL130C-A","Saccharomyces cerevisiae S288C","BK006947:381,245..381,391(-)","Dgr1p","No","1","DGR1"
"YNL130C","Saccharomyces cerevisiae S288C","BK006947:379,558..380,831(-)","diacylglycerol cholinephosphotransferase","No","1","CPT1"
"YNL131W","Saccharomyces cerevisiae S288C","BK006947:378,767..379,225(+)","Tom22p","No","1","TOM22"
"YNL132W","Saccharomyces cerevisiae S288C","BK006947:375,321..378,491(+)","ribosome biosynthesis protein KRE33","No","1","KRE33"
"YNL133C","Saccharomyces cerevisiae S288C","BK006947:374,171..374,692(-)","Fyv6p","No","1","FYV6"
"YNL134C","Saccharomyces cerevisiae S288C","BK006947:372,451..373,581(-)","hypothetical protein","No","1","N/A"
"YNL135C","Saccharomyces cerevisiae S288C","BK006947:371,882..372,226(-)","peptidylprolyl isomerase FPR1","No","1","FPR1"
"YNL136W","Saccharomyces cerevisiae S288C","BK006947:370,368..371,645(+)","Eaf7p","No","1","EAF7"
"YNL137C","Saccharomyces cerevisiae S288C","BK006947:368,595..370,055(-)","mitochondrial 37S ribosomal protein NAM9","No","1","NAM9"
"YNL138W-A","Saccharomyces cerevisiae S288C","BK006947:366,033..366,412(+)","U2 snRNP complex subunit YSF3","No","1","YSF3"
"YNL138W","Saccharomyces cerevisiae S288C","BK006947:366,741..368,321(+)","adenylate cyclase-binding protein","No","1","SRV2"
"YNL139C","Saccharomyces cerevisiae S288C","BK006947:360,924..365,717(-)","Tho2p","No","1","THO2"
"YNL140C","Saccharomyces cerevisiae S288C","BK006947:360,917..361,486(-)","hypothetical protein","No","1","N/A"
"YNL141W","Saccharomyces cerevisiae S288C","BK006947:359,596..360,639(+)","adenine deaminase","No","1","AAH1"
"YNL142W","Saccharomyces cerevisiae S288C","BK006947:357,453..358,952(+)","ammonium permease MEP2","No","1","MEP2"
"YNL143C","Saccharomyces cerevisiae S288C","BK006947:356,794..357,186(-)","hypothetical protein","No","1","N/A"
"YNL144C","Saccharomyces cerevisiae S288C","BK006947:352,820..355,042(-)","hypothetical protein","No","1","N/A"
"YNL145W","Saccharomyces cerevisiae S288C","BK006947:352,414..352,530(+)","mating pheromone a","No","1","MFA2"
"YNL146C-A","Saccharomyces cerevisiae S288C","BK006947:351,386..351,580(-)","hypothetical protein","No","1","N/A"
"YNL146W","Saccharomyces cerevisiae S288C","BK006947:351,715..352,017(+)","hypothetical protein","No","1","N/A"
"YNL147W","Saccharomyces cerevisiae S288C","BK006947:350,940..351,383(+)","Sm-like protein LSM7","No","1","LSM7"
"YNL148C","Saccharomyces cerevisiae S288C","BK006947:349,907..350,671(-)","Alf1p","No","1","ALF1"
"YNL149C","Saccharomyces cerevisiae S288C","BK006947:349,367..349,756(-)","Pga2p","No","1","PGA2"
"YNL151C","Saccharomyces cerevisiae S288C","BK006947:347,766..348,521(-)","DNA-directed RNA polymerase III subunit C31","No","1","RPC31"
"YNL152W","Saccharomyces cerevisiae S288C","BK006947:346,313..347,542(+)","Inn1p","No","1","INN1"
"YNL153C","Saccharomyces cerevisiae S288C","BK006947:345,669..346,058(-)","tubulin-binding prefolding complex subunit GIM3","No","1","GIM3"
"YNL154C","Saccharomyces cerevisiae S288C","BK006947:343,636..345,276(-)","serine/threonine protein kinase YCK2","No","1","YCK2"
"YNL155W","Saccharomyces cerevisiae S288C","BK006947:342,516..343,340(+)","Cuz1p","No","1","CUZ1"
"YNL156C","Saccharomyces cerevisiae S288C","BK006947:341,069..341,968(-)","Nsg2p","No","1","NSG2"
"YNL157W","Saccharomyces cerevisiae S288C","BK006947:340,352..340,858(+)","phosphatase regulator","No","1","IGO1"
"YNL158W","Saccharomyces cerevisiae S288C","BK006947:339,612..340,208(+)","Pga1p","No","1","PGA1"
"YNL159C","Saccharomyces cerevisiae S288C","BK006947:338,478..339,347(-)","Asi2p","No","1","ASI2"
"YNL160W","Saccharomyces cerevisiae S288C","BK006947:336,545..337,609(+)","Ygp1p","No","1","YGP1"
"YNL161W","Saccharomyces cerevisiae S288C","BK006947:332,597..334,867(+)","serine/threonine protein kinase CBK1","No","1","CBK1"
"YNL162W-A","Saccharomyces cerevisiae S288C","BK006947:330,329..330,547(+)","hypothetical protein","No","1","N/A"
"YNL162W","Saccharomyces cerevisiae S288C","BK006947:331,322..332,154(+)","ribosomal 60S subunit protein L42A","No","1","RPL42A"
"YNL163C","Saccharomyces cerevisiae S288C","BK006947:326,741..330,073(-)","GTPase RIA1","No","1","RIA1"
"YNL164C","Saccharomyces cerevisiae S288C","BK006947:325,265..326,320(-)","Ibd2p","No","1","IBD2"
"YNL165W","Saccharomyces cerevisiae S288C","BK006947:323,832..325,052(+)","hypothetical protein","No","1","N/A"
"YNL166C","Saccharomyces cerevisiae S288C","BK006947:322,219..323,565(-)","Bni5p","No","1","BNI5"
"YNL167C","Saccharomyces cerevisiae S288C","BK006947:319,416..321,359(-)","Sko1p","No","1","SKO1"
"YNL168C","Saccharomyces cerevisiae S288C","BK006947:318,030..318,809(-)","Fmp41p","No","1","FMP41"
"YNL169C","Saccharomyces cerevisiae S288C","BK006947:316,169..317,671(-)","phosphatidylserine decarboxylase 1","No","1","PSD1"
"YNL172W","Saccharomyces cerevisiae S288C","BK006947:310,636..315,882(+)","anaphase promoting complex subunit 1","No","1","APC1"
"YNL173C","Saccharomyces cerevisiae S288C","BK006947:308,957..310,057(-)","Mdg1p","No","1","MDG1"
"YNL175C","Saccharomyces cerevisiae S288C","BK006947:307,401..308,612(-)","Nop13p","No","1","NOP13"
"YNL176C","Saccharomyces cerevisiae S288C","BK006947:305,070..306,980(-)","Tda7p","No","1","TDA7"
"YNL177C","Saccharomyces cerevisiae S288C","BK006947:303,686..304,615(-)","mitochondrial 54S ribosomal protein YmL22","No","1","MRPL22"
"YNL178W","Saccharomyces cerevisiae S288C","BK006947:302,680..303,402(+)","ribosomal 40S subunit protein S3","No","1","RPS3"
"YNL180C","Saccharomyces cerevisiae S288C","BK006947:299,654..300,649(-)","Rho family GTPase RHO5","No","1","RHO5"
"YNL181W","Saccharomyces cerevisiae S288C","BK006947:298,335..299,558(+)","putative oxidoreductase","No","1","PBR1"
"YNL182C","Saccharomyces cerevisiae S288C","BK006947:295,960..297,627(-)","chromatin-binding/pre-rRNA-processing protein IPI3","No","1","IPI3"
"YNL183C","Saccharomyces cerevisiae S288C","BK006947:293,137..295,509(-)","serine/threonine protein kinase NPR1","No","1","NPR1"
"YNL184C","Saccharomyces cerevisiae S288C","BK006947:292,557..292,883(-)","hypothetical protein","No","1","N/A"
"YNL185C","Saccharomyces cerevisiae S288C","BK006947:292,193..292,669(-)","mitochondrial 54S ribosomal protein YmL19","No","1","MRPL19"
"YNL186W","Saccharomyces cerevisiae S288C","BK006947:289,498..291,876(+)","ubiquitin-specific protease UBP10","No","1","UBP10"
"YNL187W","Saccharomyces cerevisiae S288C","BK006947:287,994..289,067(+)","Swt21p","No","1","SWT21"
"YNL188W","Saccharomyces cerevisiae S288C","BK006947:286,308..287,609(+)","Kar1p","No","1","KAR1"
"YNL189W","Saccharomyces cerevisiae S288C","BK006947:284,260..285,888(+)","karyopherin alpha","No","1","SRP1"
"YNL190W","Saccharomyces cerevisiae S288C","BK006947:282,395..283,009(+)","hypothetical protein","No","1","N/A"
"YNL191W","Saccharomyces cerevisiae S288C","BK006947:280,432..281,505(+)","glutamine amidotransferase subunit DUG3","No","1","DUG3"
"YNL192W","Saccharomyces cerevisiae S288C","BK006947:276,502..279,897(+)","chitin synthase CHS1","No","1","CHS1"
"YNL193W","Saccharomyces cerevisiae S288C","BK006947:274,368..276,044(+)","hypothetical protein","No","1","N/A"
"YNL194C","Saccharomyces cerevisiae S288C","BK006947:272,710..273,615(-)","hypothetical protein","No","1","N/A"
"YNL195C","Saccharomyces cerevisiae S288C","BK006947:271,523..272,308(-)","hypothetical protein","No","1","N/A"
"YNL196C","Saccharomyces cerevisiae S288C","BK006947:270,275..271,171(-)","Slz1p","No","1","SLZ1"
"YNL197C","Saccharomyces cerevisiae S288C","BK006947:267,608..269,593(-)","mRNA-binding protein WHI3","No","1","WHI3"
"YNL199C","Saccharomyces cerevisiae S288C","BK006947:264,926..266,530(-)","Gcr2p","No","1","GCR2"
"YNL200C","Saccharomyces cerevisiae S288C","BK006947:263,713..264,453(-)","NADHX epimerase","No","1","NNR1"
"YNL201C","Saccharomyces cerevisiae S288C","BK006947:260,627..263,203(-)","Psy2p","No","1","PSY2"
"YNL202W","Saccharomyces cerevisiae S288C","BK006947:259,578..260,456(+)","Sps19p","No","1","SPS19"
"YNL204C","Saccharomyces cerevisiae S288C","BK006947:258,375..259,277(-)","Sps18p","No","1","SPS18"
"YNL206C","Saccharomyces cerevisiae S288C","BK006947:256,788..258,155(-)","Rtt106p","No","1","RTT106"
"YNL207W","Saccharomyces cerevisiae S288C","BK006947:255,353..256,630(+)","protein kinase RIO2","No","1","RIO2"
"YNL208W","Saccharomyces cerevisiae S288C","BK006947:254,418..255,017(+)","hypothetical protein","No","1","N/A"
"YNL209W","Saccharomyces cerevisiae S288C","BK006947:252,059..253,900(+)","Hsp70 family ATPase SSB2","No","1","SSB2"
"YNL210W","Saccharomyces cerevisiae S288C","BK006947:250,931..251,743(+)","Mer1p","No","1","MER1"
"YNL211C","Saccharomyces cerevisiae S288C","BK006947:250,055..250,315(-)","Mrx7p","No","1","MRX7"
"YNL212W","Saccharomyces cerevisiae S288C","BK006947:247,461..249,809(+)","Vid27p","No","1","VID27"
"YNL213C","Saccharomyces cerevisiae S288C","BK006947:246,460..247,104(-)","Rrg9p","No","1","RRG9"
"YNL214W","Saccharomyces cerevisiae S288C","BK006947:245,617..246,216(+)","Pex17p","No","1","PEX17"
"YNL215W","Saccharomyces cerevisiae S288C","BK006947:244,468..245,430(+)","Ies2p","No","1","IES2"
"YNL216W","Saccharomyces cerevisiae S288C","BK006947:241,689..244,172(+)","DNA-binding transcription factor RAP1","No","1","RAP1"
"YNL217W","Saccharomyces cerevisiae S288C","BK006947:240,331..241,311(+)","putative serine/threonine-protein phosphatase","No","1","PPN2"
"YNL218W","Saccharomyces cerevisiae S288C","BK006947:238,238..240,001(+)","ssDNA-dependent ATPase MGS1","No","1","MGS1"
"YNL221C","Saccharomyces cerevisiae S288C","BK006947:231,068..233,695(-)","ribonuclease P/MRP protein subunit POP1","No","1","POP1"
"YNL219C","Saccharomyces cerevisiae S288C","BK006947:235,996..237,663(-)","dolichyl-P-Man:Man(6)GlcNAc(2)-PP-dolichol alpha-1,2-mannosyltransferase","No","1","ALG9"
"YNL220W","Saccharomyces cerevisiae S288C","BK006947:234,413..235,714(+)","adenylosuccinate synthase","No","1","ADE12"
"YNL222W","Saccharomyces cerevisiae S288C","BK006947:229,094..229,714(+)","RNA polymerase II subunit A C-terminal domain phosphatase","No","1","SSU72"
"YNL223W","Saccharomyces cerevisiae S288C","BK006947:227,370..228,854(+)","cysteine protease ATG4","No","1","ATG4"
"YNL224C","Saccharomyces cerevisiae S288C","BK006947:224,796..227,099(-)","Sqs1p","No","1","SQS1"
"YNL225C","Saccharomyces cerevisiae S288C","BK006947:222,724..224,469(-)","Cnm67p","No","1","CNM67"
"YNL227C","Saccharomyces cerevisiae S288C","BK006947:220,659..222,431(-)","Jjj1p","No","1","JJJ1"
"YNL229C","Saccharomyces cerevisiae S288C","BK006947:219,137..220,201(-)","Ure2p","No","1","URE2"
"YNL230C","Saccharomyces cerevisiae S288C","BK006947:217,523..218,662(-)","elongin A","No","1","ELA1"
"YNL231C","Saccharomyces cerevisiae S288C","BK006947:215,987..217,042(-)","phosphatidylinositol transporter","No","1","PDR16"
"YNL232W","Saccharomyces cerevisiae S288C","BK006947:214,923..215,801(+)","exosome non-catalytic core subunit CSL4","No","1","CSL4"
"YNL233W","Saccharomyces cerevisiae S288C","BK006947:211,922..214,600(+)","Bni4p","No","1","BNI4"
"YNL234W","Saccharomyces cerevisiae S288C","BK006947:210,233..211,513(+)","hypothetical protein","No","1","N/A"
"YNL236W","Saccharomyces cerevisiae S288C","BK006947:206,930..209,854(+)","Sin4p","No","1","SIN4"
"YNL237W","Saccharomyces cerevisiae S288C","BK006947:205,188..206,567(+)","Ytp1p","No","1","YTP1"
"YNL238W","Saccharomyces cerevisiae S288C","BK006947:202,428..204,872(+)","kexin KEX2","No","1","KEX2"
"YNL239W","Saccharomyces cerevisiae S288C","BK006947:200,569..201,933(+)","bleomycin hydrolase","No","1","LAP3"
"YNL240C","Saccharomyces cerevisiae S288C","BK006947:198,502..199,977(-)","Nar1p","No","1","NAR1"
"YNL241C","Saccharomyces cerevisiae S288C","BK006947:196,426..197,943(-)","glucose-6-phosphate dehydrogenase","No","1","ZWF1"
"YNL242W","Saccharomyces cerevisiae S288C","BK006947:191,324..196,102(+)","Atg2p","No","1","ATG2"
"YNL243W","Saccharomyces cerevisiae S288C","BK006947:188,051..190,957(+)","Sla2p","No","1","SLA2"
"YNL244C","Saccharomyces cerevisiae S288C","BK006947:187,170..187,496(-)","translation initiation factor eIF1","No","1","SUI1"
"YNL245C","Saccharomyces cerevisiae S288C","BK006947:186,346..186,885(-)","U2-type spliceosomal complex subunit CWC25","No","1","CWC25"
"YNL246W","Saccharomyces cerevisiae S288C","BK006947:185,460..186,349(+)","Vps75p","No","1","VPS75"
"YNL247W","Saccharomyces cerevisiae S288C","BK006947:182,875..185,178(+)","cysteine--tRNA ligase","No","1","CRS1"
"YNL248C","Saccharomyces cerevisiae S288C","BK006947:181,361..182,608(-)","DNA-directed RNA polymerase I subunit RPA49","No","1","RPA49"
"YNL249C","Saccharomyces cerevisiae S288C","BK006947:179,394..181,022(-)","Mpa43p","No","1","MPA43"
"YNL250W","Saccharomyces cerevisiae S288C","BK006947:175,410..179,348(+)","MRX complex DNA-binding subunit","No","1","RAD50"
"YNL251C","Saccharomyces cerevisiae S288C","BK006947:172,588..174,315(-)","Nrd1 complex RNA-binding subunit","No","1","NRD1"
"YNL252C","Saccharomyces cerevisiae S288C","BK006947:171,441..172,286(-)","mitochondrial 54S ribosomal protein YmL17/YmL30","No","1","MRPL17"
"YNL253W","Saccharomyces cerevisiae S288C","BK006947:170,018..171,286(+)","Tex1p","No","1","TEX1"
"YNL254C","Saccharomyces cerevisiae S288C","BK006947:168,043..169,248(-)","Rtc4p","No","1","RTC4"
"YNL255C","Saccharomyces cerevisiae S288C","BK006947:167,329..167,790(-)","mRNA-binding translational activator GIS2","No","1","GIS2"
"YNL256W","Saccharomyces cerevisiae S288C","BK006947:164,623..167,097(+)","trifunctional dihydropteroate synthetase/dihydrohydroxymethylpterin pyrophosphokinase/dihydroneopterin aldolase FOL1","No","1","FOL1"
"YNL257C","Saccharomyces cerevisiae S288C","BK006947:160,631..164,320(-)","Sip3p","No","1","SIP3"
"YNL258C","Saccharomyces cerevisiae S288C","BK006947:158,109..160,373(-)","Dsl1p","No","1","DSL1"
"YNL259C","Saccharomyces cerevisiae S288C","BK006947:157,644..157,865(-)","copper metallochaperone ATX1","No","1","ATX1"
"YNL260C","Saccharomyces cerevisiae S288C","BK006947:156,859..157,455(-)","ribosome biosynthesis protein LTO1","No","1","LTO1"
"YNL261W","Saccharomyces cerevisiae S288C","BK006947:155,100..156,539(+)","origin recognition complex subunit 5","No","1","ORC5"
"YNL262W","Saccharomyces cerevisiae S288C","BK006947:148,212..154,880(+)","DNA polymerase epsilon catalytic subunit","No","1","POL2"
"YNL263C","Saccharomyces cerevisiae S288C","BK006947:146,896..147,840(-)","Yif1p","No","1","YIF1"
"YNL264C","Saccharomyces cerevisiae S288C","BK006947:145,563..146,615(-)","phosphatidylinositol transporter","No","1","PDR17"
"YNL265C","Saccharomyces cerevisiae S288C","BK006947:144,280..145,281(-)","Ist1p","No","1","IST1"
"YNL267W","Saccharomyces cerevisiae S288C","BK006947:140,878..144,078(+)","1-phosphatidylinositol 4-kinase","No","1","PIK1"
"YNL268W","Saccharomyces cerevisiae S288C","BK006947:138,550..140,385(+)","lysine permease","No","1","LYP1"
"YNL269W","Saccharomyces cerevisiae S288C","BK006947:137,699..138,094(+)","Bsc4p","No","1","BSC4"
"YNL270C","Saccharomyces cerevisiae S288C","BK006947:135,940..137,661(-)","arginine permease ALP1","No","1","ALP1"
"YNL271C","Saccharomyces cerevisiae S288C","BK006947:129,522..135,383(-)","formin BNI1","No","1","BNI1"
"YNL272C","Saccharomyces cerevisiae S288C","BK006947:126,805..129,084(-)","guanine nucleotide exchange factor SEC2","No","1","SEC2"
"YNL273W","Saccharomyces cerevisiae S288C","BK006947:122,883..126,599(+)","Tof1p","No","1","TOF1"
"YNL274C","Saccharomyces cerevisiae S288C","BK006947:121,118..122,170(-)","glyoxylate reductase","No","1","GOR1"
"YNL275W","Saccharomyces cerevisiae S288C","BK006947:119,268..120,998(+)","Bor1p","No","1","BOR1"
"YNL277W-A","Saccharomyces cerevisiae S288C","BK006947:116,679..116,867(+)","hypothetical protein","No","1","N/A"
"YNL277W","Saccharomyces cerevisiae S288C","BK006947:117,349..118,809(+)","homoserine O-acetyltransferase","No","1","MET2"
"YNL278W","Saccharomyces cerevisiae S288C","BK006947:113,271..116,453(+)","Caf120p","No","1","CAF120"
"YNL279W","Saccharomyces cerevisiae S288C","BK006947:110,917..112,902(+)","pheromone-regulated protein PRM1","No","1","PRM1"
"YNL280C","Saccharomyces cerevisiae S288C","BK006947:109,095..110,411(-)","delta(14)-sterol reductase","No","1","ERG24"
"YNL281W","Saccharomyces cerevisiae S288C","BK006947:108,467..108,928(+)","Hch1p","No","1","HCH1"
"YNL282W","Saccharomyces cerevisiae S288C","BK006947:107,687..108,274(+)","Pop3p","No","1","POP3"
"YNL283C","Saccharomyces cerevisiae S288C","BK006947:105,184..106,695(-)","Wsc2p","No","1","WSC2"
"YNL284C-A","Saccharomyces cerevisiae S288C","BK006947:100,910..102,232(-)","gag protein","No","1","TY1A-NL1"
"YNL284C-B","Saccharomyces cerevisiae S288C","BK006947:96,964..102,232(-)","gag-pol fusion protein","No","1","TY1B-NL1"
"YNL284C","Saccharomyces cerevisiae S288C","BK006947:103,134..104,102(-)","mitochondrial 54S ribosomal protein YmL10/YmL18","No","1","MRPL10"
"YNL286W","Saccharomyces cerevisiae S288C","BK006947:95,223..96,080(+)","U2 snRNP complex subunit CUS2","No","1","CUS2"
"YNL287W","Saccharomyces cerevisiae S288C","BK006947:91,994..94,801(+)","coatomer subunit gamma","No","1","SEC21"
"YNL288W","Saccharomyces cerevisiae S288C","BK006947:90,303..91,424(+)","CCR4-NOT core subunit CAF40","No","1","CAF40"
"YNL289W","Saccharomyces cerevisiae S288C","BK006947:87,897..88,736(+)","Pcl1p","No","1","PCL1"
"YNL290W","Saccharomyces cerevisiae S288C","BK006947:86,218..87,240(+)","replication factor C subunit 3","No","1","RFC3"
"YNL291C","Saccharomyces cerevisiae S288C","BK006947:84,169..85,815(-)","Mid1p","No","1","MID1"
"YNL292W","Saccharomyces cerevisiae S288C","BK006947:82,806..84,017(+)","pseudouridine synthase PUS4","No","1","PUS4"
"YNL293W","Saccharomyces cerevisiae S288C","BK006947:80,640..82,541(+)","Rab GTPase-activating protein MSB3","No","1","MSB3"
"YNL294C","Saccharomyces cerevisiae S288C","BK006947:78,659..80,260(-)","Rim21p","No","1","RIM21"
"YNL295W","Saccharomyces cerevisiae S288C","BK006947:76,946..78,520(+)","Mrx6p","No","1","MRX6"
"YNL297C","Saccharomyces cerevisiae S288C","BK006947:71,673..76,583(-)","Mon2p","No","1","MON2"
"YNL298W","Saccharomyces cerevisiae S288C","BK006947:68,915..71,443(+)","serine/threonine protein kinase CLA4","No","1","CLA4"
"YNL299W","Saccharomyces cerevisiae S288C","BK006947:66,517..68,445(+)","non-canonical poly(A) polymerase TRF5","No","1","TRF5"
"YNL300W","Saccharomyces cerevisiae S288C","BK006947:65,744..66,052(+)","Tos6p","No","1","TOS6"
"YNL301C","Saccharomyces cerevisiae S288C","BK006947:63,570..64,562(-)","ribosomal 60S subunit protein L18B","No","1","RPL18B"
"YNL302C","Saccharomyces cerevisiae S288C","BK006947:61,958..62,943(-)","ribosomal 40S subunit protein S19B","No","1","RPS19B"
"YNL304W","Saccharomyces cerevisiae S288C","BK006947:60,297..61,550(+)","Rab family GTPase YPT11","No","1","YPT11"
"YNL305C","Saccharomyces cerevisiae S288C","BK006947:58,898..59,791(-)","Bxi1p","No","1","BXI1"
"YNL306W","Saccharomyces cerevisiae S288C","BK006947:58,155..58,808(+)","mitochondrial 37S ribosomal protein YmS18","No","1","MRPS18"
"YNL307C","Saccharomyces cerevisiae S288C","BK006947:56,446..57,573(-)","serine/threonine/tyrosine protein kinase MCK1","No","1","MCK1"
"YNL308C","Saccharomyces cerevisiae S288C","BK006947:54,122..55,897(-)","Kri1p","No","1","KRI1"
"YNL309W","Saccharomyces cerevisiae S288C","BK006947:52,662..53,924(+)","Stb1p","No","1","STB1"
"YNL310C","Saccharomyces cerevisiae S288C","BK006947:51,907..52,431(-)","Zim17p","No","1","ZIM17"
"YNL311C","Saccharomyces cerevisiae S288C","BK006947:49,397..51,688(-)","putative SCF ubiquitin ligase complex subunit SKP2","No","1","SKP2"
"YNL312W","Saccharomyces cerevisiae S288C","BK006947:48,287..49,216(+)","Rfa2p","No","1","RFA2"
"YNL313C","Saccharomyces cerevisiae S288C","BK006947:45,308..48,022(-)","tetratricopeptide repeat-containing protein EMW1","No","1","EMW1"
"YNL314W","Saccharomyces cerevisiae S288C","BK006947:44,447..45,214(+)","Dal82p","No","1","DAL82"
"YNL315C","Saccharomyces cerevisiae S288C","BK006947:43,324..44,280(-)","Atp11p","No","1","ATP11"
"YNL316C","Saccharomyces cerevisiae S288C","BK006947:42,071..43,075(-)","prephenate dehydratase PHA2","No","1","PHA2"
"YNL317W","Saccharomyces cerevisiae S288C","BK006947:40,619..42,016(+)","cleavage polyadenylation factor subunit PFS2","No","1","PFS2"
"YNL318C","Saccharomyces cerevisiae S288C","BK006947:38,707..40,329(-)","Hxt14p","No","1","HXT14"
"YNL320W","Saccharomyces cerevisiae S288C","BK006947:37,700..38,554(+)","hypothetical protein","No","1","N/A"
"YNL321W","Saccharomyces cerevisiae S288C","BK006947:34,696..37,422(+)","Vnx1p","No","1","VNX1"
"YNL322C","Saccharomyces cerevisiae S288C","BK006947:33,294..34,235(-)","Kre1p","No","1","KRE1"
"YNL323W","Saccharomyces cerevisiae S288C","BK006947:31,944..33,188(+)","Lem3p","No","1","LEM3"
"YNL325C","Saccharomyces cerevisiae S288C","BK006947:28,739..31,378(-)","phosphatidylinositol-3,5-bisphosphate 5-phosphatase","No","1","FIG4"
"YNL326C","Saccharomyces cerevisiae S288C","BK006947:27,337..28,347(-)","palmitoyltransferase PFA3","No","1","PFA3"
"YNL327W","Saccharomyces cerevisiae S288C","BK006947:24,048..27,173(+)","Egt2p","No","1","EGT2"
"YNL328C","Saccharomyces cerevisiae S288C","BK006947:22,834..23,274(-)","Mdj2p","No","1","MDJ2"
"YNL329C","Saccharomyces cerevisiae S288C","BK006947:19,541..22,633(-)","AAA family ATPase peroxin 6","No","1","PEX6"
"YNL330C","Saccharomyces cerevisiae S288C","BK006947:18,001..19,302(-)","histone deacetylase RPD3","No","1","RPD3"
"YNL333W","Saccharomyces cerevisiae S288C","BK006947:13,267..14,163(+)","pyridoxine biosynthesis protein SNZ2","No","1","SNZ2"
"YNL331C","Saccharomyces cerevisiae S288C","BK006947:16,118..17,248(-)","putative aryl-alcohol dehydrogenase","No","1","AAD14"
"YNL332W","Saccharomyces cerevisiae S288C","BK006947:14,832..15,854(+)","4-amino-5-hydroxymethyl-2-methylpyrimidine phosphate synthase","No","1","THI12"
"YNL334C","Saccharomyces cerevisiae S288C","BK006947:12,208..12,876(-)","putative pyridoxal 5'-phosphate synthase","No","1","SNO2"
"YNL335W","Saccharomyces cerevisiae S288C","BK006947:11,452..12,129(+)","cyanamide hydratase","No","1","DDI3"
"YNL336W","Saccharomyces cerevisiae S288C","BK006947:8,330..9,475(+)","Cos1p","No","1","COS1"
"YNL339C","Saccharomyces cerevisiae S288C","BK006947:371..6,098(-)","Y' element ATP-dependent helicase protein 1 copy 6","No","1","YRF1-6"
"YNR001C","Saccharomyces cerevisiae S288C","BK006947:629,622..631,061(-)","citrate (Si)-synthase CIT1","No","1","CIT1"
"YNR002C","Saccharomyces cerevisiae S288C","BK006947:633,008..633,856(-)","putative ammonium permease ATO2","No","1","ATO2"
"YNR003C","Saccharomyces cerevisiae S288C","BK006947:634,344..635,297(-)","DNA-directed RNA polymerase III subunit C34","No","1","RPC34"
"YNR004W","Saccharomyces cerevisiae S288C","BK006947:635,943..636,383(+)","Swm2p","No","1","SWM2"
"YNR006W","Saccharomyces cerevisiae S288C","BK006947:636,986..638,854(+)","ESCRT-0 subunit protein VPS27","No","1","VPS27"
"YNR007C","Saccharomyces cerevisiae S288C","BK006947:639,182..640,114(-)","Atg3p","No","1","ATG3"
"YNR008W","Saccharomyces cerevisiae S288C","BK006947:640,396..642,381(+)","phospholipid:diacylglycerol acyltransferase","No","1","LRO1"
"YNR009W","Saccharomyces cerevisiae S288C","BK006947:642,690..643,439(+)","Nrm1p","No","1","NRM1"
"YNR010W","Saccharomyces cerevisiae S288C","BK006947:643,744..644,193(+)","Cse2p","No","1","CSE2"
"YNR011C","Saccharomyces cerevisiae S288C","BK006947:644,320..646,950(-)","DEAH-box RNA-dependent ATPase PRP2","No","1","PRP2"
"YNR012W","Saccharomyces cerevisiae S288C","BK006947:647,432..648,937(+)","uridine kinase URK1","No","1","URK1"
"YNR013C","Saccharomyces cerevisiae S288C","BK006947:649,028..651,712(-)","Pho91p","No","1","PHO91"
"YNR014W","Saccharomyces cerevisiae S288C","BK006947:652,465..653,103(+)","hypothetical protein","No","1","N/A"
"YNR015W","Saccharomyces cerevisiae S288C","BK006947:653,387..654,541(+)","Smm1p","No","1","SMM1"
"YNR016C","Saccharomyces cerevisiae S288C","BK006947:654,673..661,374(-)","acetyl-CoA carboxylase ACC1","No","1","ACC1"
"YNR017W","Saccharomyces cerevisiae S288C","BK006947:662,913..663,581(+)","protein transporter TIM23","No","1","TIM23"
"YNR018W","Saccharomyces cerevisiae S288C","BK006947:664,270..664,944(+)","Rcf2p","No","1","RCF2"
"YNR019W","Saccharomyces cerevisiae S288C","BK006947:665,339..667,267(+)","sterol acyltransferase","No","1","ARE2"
"YNR020C","Saccharomyces cerevisiae S288C","BK006947:667,410..668,222(-)","putative metalloprotease","No","1","ATP23"
"YNR021W","Saccharomyces cerevisiae S288C","BK006947:668,377..669,591(+)","hypothetical protein","No","1","N/A"
"YNR022C","Saccharomyces cerevisiae S288C","BK006947:669,774..670,193(-)","mitochondrial 54S ribosomal protein MRPL50","No","1","MRPL50"
"YNR023W","Saccharomyces cerevisiae S288C","BK006947:670,418..672,118(+)","Snf12p","No","1","SNF12"
"YNR024W","Saccharomyces cerevisiae S288C","BK006947:672,409..672,969(+)","Mpp6p","No","1","MPP6"
"YNR026C","Saccharomyces cerevisiae S288C","BK006947:673,274..674,689(-)","Sar family guanine nucleotide exchange factor SEC12","No","1","SEC12"
"YNR027W","Saccharomyces cerevisiae S288C","BK006947:674,923..675,876(+)","putative pyridoxal kinase BUD17","No","1","BUD17"
"YNR028W","Saccharomyces cerevisiae S288C","BK006947:676,177..677,103(+)","peptidylprolyl isomerase family protein CPR8","No","1","CPR8"
"YNR029C","Saccharomyces cerevisiae S288C","BK006947:677,199..678,488(-)","hypothetical protein","No","1","N/A"
"YNR030W","Saccharomyces cerevisiae S288C","BK006947:678,799..680,454(+)","dolichyl-P-Man:Man(7)GlcNAc(2)-PP-dolichol alpha-1,6-mannosyltransferase","No","1","ALG12"
"YNR031C","Saccharomyces cerevisiae S288C","BK006947:680,694..685,433(-)","mitogen-activated protein kinase kinase kinase SSK2","No","1","SSK2"
"YNR032C-A","Saccharomyces cerevisiae S288C","BK006947:687,243..687,464(-)","ubiquitin-like protein HUB1","No","1","HUB1"
"YNR032W","Saccharomyces cerevisiae S288C","BK006947:686,010..687,116(+)","putative serine/threonine-protein kinase PPG1","No","1","PPG1"
"YNR033W","Saccharomyces cerevisiae S288C","BK006947:687,635..689,998(+)","4-amino-4-deoxychorismate synthase","No","1","ABZ1"
"YNR034W-A","Saccharomyces cerevisiae S288C","BK006947:692,561..692,857(+)","Ego4p","No","1","EGO4"
"YNR034W","Saccharomyces cerevisiae S288C","BK006947:690,321..691,286(+)","Sol1p","No","1","SOL1"
"YNR035C","Saccharomyces cerevisiae S288C","BK006947:693,019..694,047(-)","Arc35p","No","1","ARC35"
"YNR036C","Saccharomyces cerevisiae S288C","BK006947:694,361..694,822(-)","putative mitochondrial 37S ribosomal protein MRPS12","No","1","MRPS12"
"YNR037C","Saccharomyces cerevisiae S288C","BK006947:695,052..695,327(-)","mitochondrial 37S ribosomal protein RSM19","No","1","RSM19"
"YNR038W","Saccharomyces cerevisiae S288C","BK006947:695,595..697,484(+)","putative ATP-dependent RNA helicase DBP6","No","1","DBP6"
"YNR039C","Saccharomyces cerevisiae S288C","BK006947:697,614..699,431(-)","Zn(2+) transporter ZRG17","No","1","ZRG17"
"YNR040W","Saccharomyces cerevisiae S288C","BK006947:699,690..700,460(+)","hypothetical protein","No","1","MRX15"
"YNR041C","Saccharomyces cerevisiae S288C","BK006947:700,541..701,659(-)","4-hydroxybenzoate octaprenyltransferase","No","1","COQ2"
"YNR043W","Saccharomyces cerevisiae S288C","BK006947:701,895..703,085(+)","diphosphomevalonate decarboxylase MVD1","No","1","MVD1"
"YNR044W","Saccharomyces cerevisiae S288C","BK006947:703,699..705,876(+)","Aga1p","No","1","AGA1"
"YNR045W","Saccharomyces cerevisiae S288C","BK006947:706,139..707,608(+)","Pet494p","No","1","PET494"
"YNR046W","Saccharomyces cerevisiae S288C","BK006947:707,788..708,195(+)","RNA methylation protein TRM112","No","1","TRM112"
"YNR047W","Saccharomyces cerevisiae S288C","BK006947:708,523..711,204(+)","serine/threonine protein kinase FPK1","No","1","FPK1"
"YNR048W","Saccharomyces cerevisiae S288C","BK006947:711,630..712,811(+)","putative aminophospholipid translocase regulatory protein","No","1","N/A"
"YNR049C","Saccharomyces cerevisiae S288C","BK006947:713,023..713,655(-)","Mso1p","No","1","MSO1"
"YNR050C","Saccharomyces cerevisiae S288C","BK006947:714,048..715,388(-)","saccharopine dehydrogenase (NADP+, L-glutamate-forming)","No","1","LYS9"
"YNR051C","Saccharomyces cerevisiae S288C","BK006947:716,780..718,327(-)","Bre5p","No","1","BRE5"
"YNR052C","Saccharomyces cerevisiae S288C","BK006947:719,346..720,647(-)","CCR4-NOT core DEDD family RNase subunit POP2","No","1","POP2"
"YNR053C","Saccharomyces cerevisiae S288C","BK006947:721,120..723,112(-)","putative GTPase NOG2","No","1","NOG2"
"YNR054C","Saccharomyces cerevisiae S288C","BK006947:723,356..724,306(-)","RNA-binding ATPase activator ESF2","No","1","ESF2"
"YNR055C","Saccharomyces cerevisiae S288C","BK006947:728,426..730,186(-)","Hol1p","No","1","HOL1"
"YNR056C","Saccharomyces cerevisiae S288C","BK006947:731,618..733,303(-)","Bio5p","No","1","BIO5"
"YNR057C","Saccharomyces cerevisiae S288C","BK006947:733,356..734,069(-)","dethiobiotin synthase","No","1","BIO4"
"YNR058W","Saccharomyces cerevisiae S288C","BK006947:734,291..735,733(+)","adenosylmethionine-8-amino-7-oxononanoate transaminase","No","1","BIO3"
"YNR059W","Saccharomyces cerevisiae S288C","BK006947:736,803..738,545(+)","putative alpha-1,3-mannosyltransferase","No","1","MNT4"
"YNR060W","Saccharomyces cerevisiae S288C","BK006947:739,951..742,110(+)","ferric-chelate reductase","No","1","FRE4"
"YNR061C","Saccharomyces cerevisiae S288C","BK006947:742,881..743,540(-)","hypothetical protein","No","1","N/A"
"YNR062C","Saccharomyces cerevisiae S288C","BK006947:744,360..745,343(-)","hypothetical protein","No","1","PUL3"
"YNR063W","Saccharomyces cerevisiae S288C","BK006947:746,943..748,766(+)","hypothetical protein","No","1","PUL4"
"YNR064C","Saccharomyces cerevisiae S288C","BK006947:749,136..750,008(-)","epoxide hydrolase","No","1","N/A"
"YNR065C","Saccharomyces cerevisiae S288C","BK006947:750,350..753,700(-)","hypothetical protein","No","1","N/A"
"YNR066C","Saccharomyces cerevisiae S288C","BK006947:753,725..755,035(-)","hypothetical protein","No","1","N/A"
"YNR067C","Saccharomyces cerevisiae S288C","BK006947:755,746..759,099(-)","endo-1,3(4)-beta-glucanase","No","1","DSE4"
"YNR068C","Saccharomyces cerevisiae S288C","BK006947:760,067..760,885(-)","hypothetical protein","No","1","N/A"
"YNR069C","Saccharomyces cerevisiae S288C","BK006947:761,123..762,592(-)","Bsc5p","No","1","BSC5"
"YNR070W","Saccharomyces cerevisiae S288C","BK006947:765,375..769,376(+)","ATP-binding cassette multidrug transporter PDR18","No","1","PDR18"
"YNR071C","Saccharomyces cerevisiae S288C","BK006947:770,440..771,468(-)","aldose 1-epimerase superfamily protein","No","1","N/A"
"YNR072W","Saccharomyces cerevisiae S288C","BK006947:772,657..774,351(+)","hexose transporter HXT17","No","1","HXT17"
"YNR073C","Saccharomyces cerevisiae S288C","BK006947:774,792..776,300(-)","putative mannitol dehydrogenase","No","1","MAN2"
"YNR074C","Saccharomyces cerevisiae S288C","BK006947:777,602..778,738(-)","Aif1p","No","1","AIF1"
"YNR075C-A","Saccharomyces cerevisiae S288C","BK006947:781,511..781,603(-)","hypothetical protein","No","1","N/A"
"YNR075W","Saccharomyces cerevisiae S288C","BK006947:779,916..781,040(+)","Cos10p","No","1","COS10"
"YNR076W","Saccharomyces cerevisiae S288C","BK006947:781,918..782,280(+)","seripauperin PAU6","No","1","PAU6"
"YNR077C","Saccharomyces cerevisiae S288C","BK006947:783,287..783,541(-)","hypothetical protein","No","1","N/A"
"YOL001W","Saccharomyces cerevisiae S288C","BK006948:325,249..326,130(+)","Pho80p","No","1","PHO80"
"YOL002C","Saccharomyces cerevisiae S288C","BK006948:323,411..324,364(-)","PAQR-type receptor","No","1","IZH2"
"YOL003C","Saccharomyces cerevisiae S288C","BK006948:321,858..322,994(-)","palmitoyltransferase PFA4","No","1","PFA4"
"YOL004W","Saccharomyces cerevisiae S288C","BK006948:316,938..321,548(+)","transcriptional regulator SIN3","No","1","SIN3"
"YOL005C","Saccharomyces cerevisiae S288C","BK006948:315,813..316,175(-)","DNA-directed RNA polymerase II core subunit RPB11","No","1","RPB11"
"YOL006C","Saccharomyces cerevisiae S288C","BK006948:313,078..315,387(-)","DNA topoisomerase 1","No","1","TOP1"
"YOL007C","Saccharomyces cerevisiae S288C","BK006948:311,342..312,367(-)","Csi2p","No","1","CSI2"
"YOL008W","Saccharomyces cerevisiae S288C","BK006948:310,312..310,935(+)","ubiquinone-binding protein COQ10","No","1","COQ10"
"YOL009C","Saccharomyces cerevisiae S288C","BK006948:309,324..310,139(-)","ERMES complex subunit MDM12","No","1","MDM12"
"YOL010W","Saccharomyces cerevisiae S288C","BK006948:307,938..309,041(+)","rRNA-processing endoribonuclease","No","1","RCL1"
"YOL011W","Saccharomyces cerevisiae S288C","BK006948:305,349..307,409(+)","lysophospholipase","No","1","PLB3"
"YOL012C","Saccharomyces cerevisiae S288C","BK006948:303,579..303,983(-)","histone H2AZ","No","1","HTZ1"
"YOL013C","Saccharomyces cerevisiae S288C","BK006948:301,380..303,035(-)","E3 ubiquitin-protein ligase HRD1","No","1","HRD1"
"YOL013W-A","Saccharomyces cerevisiae S288C","BK006948:301,047..301,238(+)","hypothetical protein","No","1","N/A"
"YOL014W","Saccharomyces cerevisiae S288C","BK006948:299,693..300,067(+)","hypothetical protein","No","1","N/A"
"YOL015W","Saccharomyces cerevisiae S288C","BK006948:297,078..298,838(+)","Irc10p","No","1","IRC10"
"YOL016C","Saccharomyces cerevisiae S288C","BK006948:294,777..296,120(-)","calmodulin-dependent protein kinase CMK2","No","1","CMK2"
"YOL017W","Saccharomyces cerevisiae S288C","BK006948:292,529..294,673(+)","Esc8p","No","1","ESC8"
"YOL018C","Saccharomyces cerevisiae S288C","BK006948:290,881..292,074(-)","Tlg2p","No","1","TLG2"
"YOL019W-A","Saccharomyces cerevisiae S288C","BK006948:288,420..288,572(+)","hypothetical protein","No","1","N/A"
"YOL019W","Saccharomyces cerevisiae S288C","BK006948:288,898..290,553(+)","hypothetical protein","No","1","TOS7"
"YOL022C","Saccharomyces cerevisiae S288C","BK006948:280,272..281,498(-)","Tsr4p","No","1","TSR4"
"YOL020W","Saccharomyces cerevisiae S288C","BK006948:286,172..287,950(+)","aromatic amino acid transmembrane transporter TAT2","No","1","TAT2"
"YOL021C","Saccharomyces cerevisiae S288C","BK006948:282,421..285,426(-)","exosome catalytic subunit DIS3","No","1","DIS3"
"YOL023W","Saccharomyces cerevisiae S288C","BK006948:278,056..280,086(+)","translation initiation factor 2","No","1","IFM1"
"YOL024W","Saccharomyces cerevisiae S288C","BK006948:277,086..277,604(+)","hypothetical protein","No","1","N/A"
"YOL025W","Saccharomyces cerevisiae S288C","BK006948:274,957..276,939(+)","Lag2p","No","1","LAG2"
"YOL026C","Saccharomyces cerevisiae S288C","BK006948:274,012..274,353(-)","Mim1p","No","1","MIM1"
"YOL027C","Saccharomyces cerevisiae S288C","BK006948:272,003..273,724(-)","ribosome-binding protein MDM38","No","1","MDM38"
"YOL028C","Saccharomyces cerevisiae S288C","BK006948:270,633..271,370(-)","Yap7p","No","1","YAP7"
"YOL029C","Saccharomyces cerevisiae S288C","BK006948:269,815..270,420(-)","hypothetical protein","No","1","N/A"
"YOL030W","Saccharomyces cerevisiae S288C","BK006948:268,187..269,641(+)","1,3-beta-glucanosyltransferase","No","1","GAS5"
"YOL031C","Saccharomyces cerevisiae S288C","BK006948:266,264..267,529(-)","Sil1p","No","1","SIL1"
"YOL032W","Saccharomyces cerevisiae S288C","BK006948:265,429..266,169(+)","Opi10p","No","1","OPI10"
"YOL033W","Saccharomyces cerevisiae S288C","BK006948:263,475..265,085(+)","glutamate--tRNA ligase MSE1","No","1","MSE1"
"YOL034W","Saccharomyces cerevisiae S288C","BK006948:259,923..263,204(+)","DNA repair ATPase SMC5","No","1","SMC5"
"YOL036W","Saccharomyces cerevisiae S288C","BK006948:256,745..259,030(+)","hypothetical protein","No","1","N/A"
"YOL038C-A","Saccharomyces cerevisiae S288C","BK006948:254,926..255,021(-)","hypothetical protein","No","1","N/A"
"YOL038W","Saccharomyces cerevisiae S288C","BK006948:255,337..256,101(+)","proteasome core particle subunit alpha 4","No","1","PRE6"
"YOL039W","Saccharomyces cerevisiae S288C","BK006948:254,297..254,617(+)","ribosomal protein P2A","No","1","RPP2A"
"YOL040C","Saccharomyces cerevisiae S288C","BK006948:253,149..253,577(-)","ribosomal 40S subunit protein S15","No","1","RPS15"
"YOL041C","Saccharomyces cerevisiae S288C","BK006948:251,267..252,646(-)","Nop12p","No","1","NOP12"
"YOL042W","Saccharomyces cerevisiae S288C","BK006948:249,825..250,916(+)","RNA exonuclease","No","1","NGL1"
"YOL043C","Saccharomyces cerevisiae S288C","BK006948:248,392..249,534(-)","bifunctional N-glycosylase/AP lyase NTG2","No","1","NTG2"
"YOL044W","Saccharomyces cerevisiae S288C","BK006948:247,150..248,301(+)","Pex15p","No","1","PEX15"
"YOL045W","Saccharomyces cerevisiae S288C","BK006948:243,497..246,802(+)","serine/threonine protein kinase PSK2","No","1","PSK2"
"YOL047C","Saccharomyces cerevisiae S288C","BK006948:241,614..242,747(-)","Lds2p","No","1","LDS2"
"YOL048C","Saccharomyces cerevisiae S288C","BK006948:240,204..241,310(-)","Rrt8p","No","1","RRT8"
"YOL049W","Saccharomyces cerevisiae S288C","BK006948:238,619..240,094(+)","glutathione synthase","No","1","GSH2"
"YOL051W","Saccharomyces cerevisiae S288C","BK006948:234,940..238,185(+)","Gal11p","No","1","GAL11"
"YOL052C-A","Saccharomyces cerevisiae S288C","BK006948:231,570..231,755(-)","Ddr2p","No","1","DDR2"
"YOL052C","Saccharomyces cerevisiae S288C","BK006948:232,446..233,636(-)","adenosylmethionine decarboxylase SPE2","No","1","SPE2"
"YOL053W","Saccharomyces cerevisiae S288C","BK006948:230,085..231,272(+)","Aim39p","No","1","AIM39"
"YOL054W","Saccharomyces cerevisiae S288C","BK006948:228,614..229,834(+)","ubiquitin-protein ligase PSH1","No","1","PSH1"
"YOL055C","Saccharomyces cerevisiae S288C","BK006948:224,420..226,075(-)","trifunctional hydroxymethylpyrimidine kinase/phosphomethylpyrimidine kinase/thiaminase","No","1","THI20"
"YOL056W","Saccharomyces cerevisiae S288C","BK006948:223,268..224,179(+)","phosphoglycerate mutase family protein GPM3","No","1","GPM3"
"YOL057W","Saccharomyces cerevisiae S288C","BK006948:220,767..222,902(+)","dipeptidyl-peptidase III","No","1","N/A"
"YOL058W","Saccharomyces cerevisiae S288C","BK006948:219,211..220,473(+)","argininosuccinate synthase","No","1","ARG1"
"YOL059W","Saccharomyces cerevisiae S288C","BK006948:217,126..218,448(+)","glycerol-3-phosphate dehydrogenase (NAD(+)) GPD2","No","1","GPD2"
"YOL060C","Saccharomyces cerevisiae S288C","BK006948:214,017..216,137(-)","Mam3p","No","1","MAM3"
"YOL061W","Saccharomyces cerevisiae S288C","BK006948:212,244..213,734(+)","ribose phosphate diphosphokinase subunit PRS5","No","1","PRS5"
"YOL062C","Saccharomyces cerevisiae S288C","BK006948:210,520..211,995(-)","Apm4p","No","1","APM4"
"YOL063C","Saccharomyces cerevisiae S288C","BK006948:207,392..210,265(-)","Crt10p","No","1","CRT10"
"YOL064C","Saccharomyces cerevisiae S288C","BK006948:206,103..207,176(-)","3'(2'),5'-bisphosphate nucleotidase","No","1","MET22"
"YOL065C","Saccharomyces cerevisiae S288C","BK006948:204,731..205,885(-)","phosphoinositide 5-phosphatase INP54","No","1","INP54"
"YOL066C","Saccharomyces cerevisiae S288C","BK006948:202,696..204,471(-)","bifunctional DRAP deaminase/tRNA pseudouridine synthase RIB2","No","1","RIB2"
"YOL067C","Saccharomyces cerevisiae S288C","BK006948:201,985..202,518(-)","Rtg1p","No","1","RTG1"
"YOL068C","Saccharomyces cerevisiae S288C","BK006948:200,368..201,879(-)","histone deacetylase HST1","No","1","HST1"
"YOL069W","Saccharomyces cerevisiae S288C","BK006948:198,942..200,297(+)","kinetochore-associated Ndc80 complex subunit NUF2","No","1","NUF2"
"YOL070C","Saccharomyces cerevisiae S288C","BK006948:197,220..198,725(-)","Nba1p","No","1","NBA1"
"YOL071W","Saccharomyces cerevisiae S288C","BK006948:196,507..196,995(+)","succinate dehydrogenase assembly factor SDH5","No","1","SDH5"
"YOL072W","Saccharomyces cerevisiae S288C","BK006948:194,970..196,337(+)","Thp1p","No","1","THP1"
"YOL073C","Saccharomyces cerevisiae S288C","BK006948:193,832..194,800(-)","Dsc2p","No","1","DSC2"
"YOL075C","Saccharomyces cerevisiae S288C","BK006948:189,658..193,542(-)","hypothetical protein","No","1","N/A"
"YOL076W","Saccharomyces cerevisiae S288C","BK006948:187,024..189,414(+)","Mdm20p","No","1","MDM20"
"YOL077C","Saccharomyces cerevisiae S288C","BK006948:185,848..186,723(-)","Brx1p","No","1","BRX1"
"YOL077W-A","Saccharomyces cerevisiae S288C","BK006948:185,438..185,644(+)","F1F0 ATP synthase subunit k","No","1","ATP19"
"YOL078W","Saccharomyces cerevisiae S288C","BK006948:181,682..185,212(+)","Avo1p","No","1","AVO1"
"YOL080C","Saccharomyces cerevisiae S288C","BK006948:180,558..181,427(-)","putative 3'-5' exonuclease","No","1","REX4"
"YOL081W","Saccharomyces cerevisiae S288C","BK006948:171,070..180,309(+)","Ras GTPase activating protein IRA2","No","1","IRA2"
"YOL082W","Saccharomyces cerevisiae S288C","BK006948:168,727..169,974(+)","Atg19p","No","1","ATG19"
"YOL083W","Saccharomyces cerevisiae S288C","BK006948:165,714..166,952(+)","Atg34p","No","1","ATG34"
"YOL084W","Saccharomyces cerevisiae S288C","BK006948:162,356..165,331(+)","Phm7p","No","1","PHM7"
"YOL086C","Saccharomyces cerevisiae S288C","BK006948:159,548..160,594(-)","alcohol dehydrogenase ADH1","No","1","ADH1"
"YOL086W-A","Saccharomyces cerevisiae S288C","BK006948:159,173..159,445(+)","Mhf1p","No","1","MHF1"
"YOL087C","Saccharomyces cerevisiae S288C","BK006948:155,287..158,637(-)","Duf1p","No","1","DUF1"
"YOL088C","Saccharomyces cerevisiae S288C","BK006948:153,912..154,745(-)","protein disulfide isomerase MPD2","No","1","MPD2"
"YOL089C","Saccharomyces cerevisiae S288C","BK006948:150,398..153,490(-)","Hal9p","No","1","HAL9"
"YOL090W","Saccharomyces cerevisiae S288C","BK006948:147,382..150,276(+)","mismatch repair ATPase MSH2","No","1","MSH2"
"YOL091W","Saccharomyces cerevisiae S288C","BK006948:145,334..147,163(+)","Spo21p","No","1","SPO21"
"YOL092W","Saccharomyces cerevisiae S288C","BK006948:144,204..145,130(+)","cationic amino acid transporter","No","1","YPQ1"
"YOL093W","Saccharomyces cerevisiae S288C","BK006948:142,815..143,696(+)","tRNA (guanine(9)-N(1))-methyltransferase","No","1","TRM10"
"YOL094C","Saccharomyces cerevisiae S288C","BK006948:141,584..142,555(-)","replication factor C subunit 4","No","1","RFC4"
"YOL095C","Saccharomyces cerevisiae S288C","BK006948:139,227..141,347(-)","ATP-dependent 3'-5' DNA helicase","No","1","HMI1"
"YOL096C","Saccharomyces cerevisiae S288C","BK006948:138,107..139,045(-)","hexaprenyldihydroxybenzoate methyltransferase","No","1","COQ3"
"YOL097C","Saccharomyces cerevisiae S288C","BK006948:136,527..137,825(-)","tryptophan--tRNA ligase WRS1","No","1","WRS1"
"YOL097W-A","Saccharomyces cerevisiae S288C","BK006948:136,220..136,405(+)","hypothetical protein","No","1","N/A"
"YOL098C","Saccharomyces cerevisiae S288C","BK006948:132,725..135,838(-)","Sdd3p","No","1","SDD3"
"YOL100W","Saccharomyces cerevisiae S288C","BK006948:129,237..132,482(+)","serine/threonine protein kinase PKH2","No","1","PKH2"
"YOL101C","Saccharomyces cerevisiae S288C","BK006948:126,982..127,920(-)","Izh4p","No","1","IZH4"
"YOL102C","Saccharomyces cerevisiae S288C","BK006948:125,997..126,689(-)","tRNA 2'-phosphotransferase","No","1","TPT1"
"YOL103W-A","Saccharomyces cerevisiae S288C","BK006948:118,000..119,322(+)","gag protein","No","1","TY1A-OL"
"YOL103W-B","Saccharomyces cerevisiae S288C","BK006948:118,000..123,268(+)","gag-pol fusion protein","No","1","TY1B-OL"
"YOL103W","Saccharomyces cerevisiae S288C","BK006948:124,001..125,830(+)","myo-inositol transporter ITR2","No","1","ITR2"
"YOL104C","Saccharomyces cerevisiae S288C","BK006948:116,396..117,454(-)","Ndj1p","No","1","NDJ1"
"YOL105C","Saccharomyces cerevisiae S288C","BK006948:114,138..115,808(-)","Wsc3p","No","1","WSC3"
"YOL107W","Saccharomyces cerevisiae S288C","BK006948:112,102..113,130(+)","hypothetical protein","No","1","N/A"
"YOL108C","Saccharomyces cerevisiae S288C","BK006948:111,431..111,886(-)","Ino4p","No","1","INO4"
"YOL109W","Saccharomyces cerevisiae S288C","BK006948:110,297..110,638(+)","Zeo1p","No","1","ZEO1"
"YOL110W","Saccharomyces cerevisiae S288C","BK006948:109,176..109,889(+)","Shr5p","No","1","SHR5"
"YOL111C","Saccharomyces cerevisiae S288C","BK006948:108,258..108,896(-)","Mdy2p","No","1","MDY2"
"YOL112W","Saccharomyces cerevisiae S288C","BK006948:106,710..108,188(+)","Rab GTPase-activating protein MSB4","No","1","MSB4"
"YOL113W","Saccharomyces cerevisiae S288C","BK006948:104,326..106,293(+)","putative serine/threonine protein kinase SKM1","No","1","SKM1"
"YOL114C","Saccharomyces cerevisiae S288C","BK006948:103,317..103,925(-)","Pth4p","No","1","PTH4"
"YOL115W","Saccharomyces cerevisiae S288C","BK006948:101,475..103,229(+)","non-canonical poly(A) polymerase PAP2","No","1","PAP2"
"YOL116W","Saccharomyces cerevisiae S288C","BK006948:99,809..100,957(+)","Msn1p","No","1","MSN1"
"YOL117W","Saccharomyces cerevisiae S288C","BK006948:97,551..99,488(+)","Rri2p","No","1","RRI2"
"YOL119C","Saccharomyces cerevisiae S288C","BK006948:94,856..96,361(-)","Mch4p","No","1","MCH4"
"YOL120C","Saccharomyces cerevisiae S288C","BK006948:93,395..94,402(-)","ribosomal 60S subunit protein L18A","No","1","RPL18A"
"YOL121C","Saccharomyces cerevisiae S288C","BK006948:92,026..92,850(-)","ribosomal 40S subunit protein S19A","No","1","RPS19A"
"YOL122C","Saccharomyces cerevisiae S288C","BK006948:89,692..91,419(-)","divalent metal ion transporter SMF1","No","1","SMF1"
"YOL123W","Saccharomyces cerevisiae S288C","BK006948:87,844..89,448(+)","Hrp1p","No","1","HRP1"
"YOL124C","Saccharomyces cerevisiae S288C","BK006948:85,456..86,757(-)","tRNA (guanine-N2-)-methyltransferase","No","1","TRM11"
"YOL125W","Saccharomyces cerevisiae S288C","BK006948:83,834..85,264(+)","tRNA:m4X modification enzyme","No","1","TRM13"
"YOL126C","Saccharomyces cerevisiae S288C","BK006948:81,787..82,920(-)","malate dehydrogenase MDH2","No","1","MDH2"
"YOL127W","Saccharomyces cerevisiae S288C","BK006948:80,348..81,190(+)","ribosomal 60S subunit protein L25","No","1","RPL25"
"YOL130W","Saccharomyces cerevisiae S288C","BK006948:74,400..76,979(+)","Mg(2+) transporter ALR1","No","1","ALR1"
"YOL128C","Saccharomyces cerevisiae S288C","BK006948:78,352..79,479(-)","serine/threonine protein kinase YGK3","No","1","YGK3"
"YOL129W","Saccharomyces cerevisiae S288C","BK006948:77,560..78,114(+)","Vps68p","No","1","VPS68"
"YOL131W","Saccharomyces cerevisiae S288C","BK006948:73,031..73,357(+)","hypothetical protein","No","1","N/A"
"YOL132W","Saccharomyces cerevisiae S288C","BK006948:71,300..72,715(+)","1,3-beta-glucanosyltransferase","No","1","GAS4"
"YOL133W","Saccharomyces cerevisiae S288C","BK006948:70,325..70,690(+)","SCF ubiquitin ligase complex subunit HRT1","No","1","HRT1"
"YOL135C","Saccharomyces cerevisiae S288C","BK006948:69,376..70,044(-)","mediator complex subunit MED7","No","1","MED7"
"YOL136C","Saccharomyces cerevisiae S288C","BK006948:67,561..68,754(-)","6-phosphofructo-2-kinase","No","1","PFK27"
"YOL137W","Saccharomyces cerevisiae S288C","BK006948:65,621..67,114(+)","Bsc6p","No","1","BSC6"
"YOL138C","Saccharomyces cerevisiae S288C","BK006948:61,325..65,350(-)","Rtc1p","No","1","RTC1"
"YOL139C","Saccharomyces cerevisiae S288C","BK006948:60,383..61,024(-)","translation initiation factor eIF4E","No","1","CDC33"
"YOL140W","Saccharomyces cerevisiae S288C","BK006948:58,759..60,030(+)","acetylornithine transaminase","No","1","ARG8"
"YOL141W","Saccharomyces cerevisiae S288C","BK006948:56,452..58,539(+)","tRNA methyltransferase PPM2","No","1","PPM2"
"YOL142W","Saccharomyces cerevisiae S288C","BK006948:55,558..56,280(+)","exosome non-catalytic core subunit RRP40","No","1","RRP40"
"YOL143C","Saccharomyces cerevisiae S288C","BK006948:54,595..55,104(-)","lumazine synthase RIB4","No","1","RIB4"
"YOL144W","Saccharomyces cerevisiae S288C","BK006948:53,098..54,552(+)","Nop8p","No","1","NOP8"
"YOL145C","Saccharomyces cerevisiae S288C","BK006948:49,555..52,788(-)","Ctr9p","No","1","CTR9"
"YOL146W","Saccharomyces cerevisiae S288C","BK006948:48,864..49,448(+)","DNA replication protein PSF3","No","1","PSF3"
"YOL147C","Saccharomyces cerevisiae S288C","BK006948:47,933..48,643(-)","Pex11p","No","1","PEX11"
"YOL148C","Saccharomyces cerevisiae S288C","BK006948:45,760..47,574(-)","Spt20p","No","1","SPT20"
"YOL149W","Saccharomyces cerevisiae S288C","BK006948:44,938..45,633(+)","Dcp1p","No","1","DCP1"
"YOL151W","Saccharomyces cerevisiae S288C","BK006948:43,694..44,722(+)","methylglyoxal reductase (NADPH-dependent) GRE2","No","1","GRE2"
"YOL152W","Saccharomyces cerevisiae S288C","BK006948:40,748..42,610(+)","putative ferric-chelate reductase","No","1","FRE7"
"YOL154W","Saccharomyces cerevisiae S288C","BK006948:34,658..35,407(+)","Zps1p","No","1","ZPS1"
"YOL155C","Saccharomyces cerevisiae S288C","BK006948:28,703..31,606(-)","mannoprotein","No","1","HPF1"
"YOL155W-A","Saccharomyces cerevisiae S288C","BK006948:27,084..27,218(+)","hypothetical protein","No","1","N/A"
"YOL156W","Saccharomyces cerevisiae S288C","BK006948:25,273..26,976(+)","hexose transporter HXT11","No","1","HXT11"
"YOL157C","Saccharomyces cerevisiae S288C","BK006948:22,525..24,294(-)","oligo-1,6-glucosidase IMA2","No","1","IMA2"
"YOL158C","Saccharomyces cerevisiae S288C","BK006948:19,491..21,311(-)","Enb1p","No","1","ENB1"
"YOL159C-A","Saccharomyces cerevisiae S288C","BK006948:15,233..15,505(-)","hypothetical protein","No","1","N/A"
"YOL159C","Saccharomyces cerevisiae S288C","BK006948:17,281..17,796(-)","hypothetical protein","No","1","CSS3"
"YOL161C","Saccharomyces cerevisiae S288C","BK006948:11,549..11,911(-)","seripauperin PAU20","No","1","PAU20"
"YOL162W","Saccharomyces cerevisiae S288C","BK006948:10,119..10,766(+)","hypothetical protein","No","1","N/A"
"YOL163W","Saccharomyces cerevisiae S288C","BK006948:9,597..10,106(+)","hypothetical protein","No","1","N/A"
"YOL164W-A","Saccharomyces cerevisiae S288C","BK006948:4,130..4,312(+)","hypothetical protein","No","1","N/A"
"YOL164W","Saccharomyces cerevisiae S288C","BK006948:6,175..8,115(+)","sulfuric ester hydrolase","No","1","BDS1"
"YOL165C","Saccharomyces cerevisiae S288C","BK006948:1,647..2,078(-)","putative aryl-alcohol dehydrogenase","No","1","AAD15"
"YOL166W-A","Saccharomyces cerevisiae S288C","BK006948:585..740(+)","hypothetical protein","No","1","N/A"
"YOR001W","Saccharomyces cerevisiae S288C","BK006948:326,832..329,033(+)","exosome nuclease subunit RRP6","No","1","RRP6"
"YOR002W","Saccharomyces cerevisiae S288C","BK006948:329,417..331,051(+)","dolichyl-P-Glc:Man(9)GlcNAc(2)-PP-dolichol alpha-1,3-glucosyltransferase","No","1","ALG6"
"YOR003W","Saccharomyces cerevisiae S288C","BK006948:331,455..332,891(+)","putative subtilisin-like protease YSP3","No","1","YSP3"
"YOR004W","Saccharomyces cerevisiae S288C","BK006948:333,592..334,356(+)","rRNA-binding ribosome biosynthesis protein UTP23","No","1","UTP23"
"YOR005C","Saccharomyces cerevisiae S288C","BK006948:334,509..337,343(-)","DNA ligase (ATP) DNL4","No","1","DNL4"
"YOR006C","Saccharomyces cerevisiae S288C","BK006948:337,680..338,621(-)","Tsr3p","No","1","TSR3"
"YOR007C","Saccharomyces cerevisiae S288C","BK006948:338,938..339,978(-)","Sgt2p","No","1","SGT2"
"YOR008C-A","Saccharomyces cerevisiae S288C","BK006948:342,857..343,081(-)","hypothetical protein","No","1","N/A"
"YOR008C","Saccharomyces cerevisiae S288C","BK006948:341,278..342,414(-)","Slg1p","No","1","SLG1"
"YOR009W","Saccharomyces cerevisiae S288C","BK006948:344,335..345,798(+)","Tir4p","No","1","TIR4"
"YOR010C","Saccharomyces cerevisiae S288C","BK006948:346,195..346,950(-)","putative GPI-anchored mannoprotein","No","1","TIR2"
"YOR011W-A","Saccharomyces cerevisiae S288C","BK006948:355,652..355,858(+)","hypothetical protein","No","1","N/A"
"YOR011W","Saccharomyces cerevisiae S288C","BK006948:349,679..353,863(+)","ATP-binding cassette sterol transporter AUS1","No","1","AUS1"
"YOR012W","Saccharomyces cerevisiae S288C","BK006948:356,543..356,956(+)","hypothetical protein","No","1","N/A"
"YOR014W","Saccharomyces cerevisiae S288C","BK006948:357,674..359,947(+)","protein phosphatase 2A regulatory subunit RTS1","No","1","RTS1"
"YOR016C","Saccharomyces cerevisiae S288C","BK006948:360,461..361,084(-)","Erp4p","No","1","ERP4"
"YOR017W","Saccharomyces cerevisiae S288C","BK006948:361,412..363,814(+)","Pet127p","No","1","PET127"
"YOR018W","Saccharomyces cerevisiae S288C","BK006948:364,369..366,882(+)","Rod1p","No","1","ROD1"
"YOR019W","Saccharomyces cerevisiae S288C","BK006948:368,127..370,319(+)","hypothetical protein","No","1","N/A"
"YOR020C","Saccharomyces cerevisiae S288C","BK006948:370,524..370,844(-)","Hsp10p","No","1","HSP10"
"YOR020W-A","Saccharomyces cerevisiae S288C","BK006948:371,685..371,957(+)","hypothetical protein","No","1","MCO10"
"YOR021C","Saccharomyces cerevisiae S288C","BK006948:372,798..373,439(-)","protein-arginine N-methyltransferase SFM1","No","1","SFM1"
"YOR022C","Saccharomyces cerevisiae S288C","BK006948:373,710..375,857(-)","putative carboxylic ester hydrolase","No","1","DDL1"
"YOR023C","Saccharomyces cerevisiae S288C","BK006948:376,012..377,712(-)","Ahc1p","No","1","AHC1"
"YOR025W","Saccharomyces cerevisiae S288C","BK006948:378,219..379,562(+)","NAD-dependent histone deacetylase HST3","No","1","HST3"
"YOR026W","Saccharomyces cerevisiae S288C","BK006948:379,781..380,806(+)","Bub3p","No","1","BUB3"
"YOR027W","Saccharomyces cerevisiae S288C","BK006948:381,053..382,822(+)","Hsp90 cochaperone STI1","No","1","STI1"
"YOR028C","Saccharomyces cerevisiae S288C","BK006948:383,533..384,420(-)","Cin5p","No","1","CIN5"
"YOR030W","Saccharomyces cerevisiae S288C","BK006948:386,825..388,684(+)","Dfg16p","No","1","DFG16"
"YOR032C","Saccharomyces cerevisiae S288C","BK006948:389,771..391,075(-)","Hms1p","No","1","HMS1"
"YOR032W-A","Saccharomyces cerevisiae S288C","BK006948:392,176..392,376(+)","hypothetical protein","No","1","N/A"
"YOR033C","Saccharomyces cerevisiae S288C","BK006948:392,416..394,524(-)","Rad2 family nuclease EXO1","No","1","EXO1"
"YOR034C-A","Saccharomyces cerevisiae S288C","BK006948:397,426..397,668(-)","hypothetical protein","No","1","N/A"
"YOR034C","Saccharomyces cerevisiae S288C","BK006948:394,837..397,086(-)","putative palmitoyltransferase AKR2","No","1","AKR2"
"YOR035C","Saccharomyces cerevisiae S288C","BK006948:397,735..400,104(-)","She4p","No","1","SHE4"
"YOR036W","Saccharomyces cerevisiae S288C","BK006948:400,348..401,214(+)","SNAP receptor PEP12","No","1","PEP12"
"YOR037W","Saccharomyces cerevisiae S288C","BK006948:401,555..402,655(+)","oxidoreductase","No","1","CYC2"
"YOR038C","Saccharomyces cerevisiae S288C","BK006948:402,761..405,388(-)","Hir2p","No","1","HIR2"
"YOR039W","Saccharomyces cerevisiae S288C","BK006948:405,768..406,544(+)","casein kinase 2 regulatory subunit CKB2","No","1","CKB2"
"YOR040W","Saccharomyces cerevisiae S288C","BK006948:407,064..407,921(+)","hydroxyacylglutathione hydrolase GLO4","No","1","GLO4"
"YOR042W","Saccharomyces cerevisiae S288C","BK006948:408,425..409,660(+)","ubiquitin-binding protein CUE5","No","1","CUE5"
"YOR043W","Saccharomyces cerevisiae S288C","BK006948:410,870..412,330(+)","Whi2p","No","1","WHI2"
"YOR044W","Saccharomyces cerevisiae S288C","BK006948:413,007..413,480(+)","Irc23p","No","1","IRC23"
"YOR045W","Saccharomyces cerevisiae S288C","BK006948:413,852..414,037(+)","Tom6p","No","1","TOM6"
"YOR046C","Saccharomyces cerevisiae S288C","BK006948:414,459..415,907(-)","ATP-dependent RNA helicase DBP5","No","1","DBP5"
"YOR047C","Saccharomyces cerevisiae S288C","BK006948:416,347..417,681(-)","Std1p","No","1","STD1"
"YOR048C","Saccharomyces cerevisiae S288C","BK006948:418,630..421,650(-)","ssRNA exonuclease RAT1","No","1","RAT1"
"YOR049C","Saccharomyces cerevisiae S288C","BK006948:422,668..423,732(-)","phospholipid-translocating ATPase RSB1","No","1","RSB1"
"YOR051C","Saccharomyces cerevisiae S288C","BK006948:424,846..426,084(-)","Ett1p","No","1","ETT1"
"YOR052C","Saccharomyces cerevisiae S288C","BK006948:426,772..427,224(-)","Tmc1p","No","1","TMC1"
"YOR054C","Saccharomyces cerevisiae S288C","BK006948:427,833..429,857(-)","phosphopantothenoylcysteine decarboxylase complex subunit VHS3","No","1","VHS3"
"YOR056C","Saccharomyces cerevisiae S288C","BK006948:430,247..431,626(-)","rRNA-binding endoribonuclease","No","1","NOB1"
"YOR057W","Saccharomyces cerevisiae S288C","BK006948:432,186..433,373(+)","co-chaperone SGT1","No","1","SGT1"
"YOR058C","Saccharomyces cerevisiae S288C","BK006948:433,688..436,345(-)","Ase1p","No","1","ASE1"
"YOR059C","Saccharomyces cerevisiae S288C","BK006948:438,906..440,258(-)","putative hydrolase","No","1","LPL1"
"YOR060C","Saccharomyces cerevisiae S288C","BK006948:440,390..441,163(-)","Sld7p","No","1","SLD7"
"YOR061W","Saccharomyces cerevisiae S288C","BK006948:441,534..442,553(+)","casein kinase 2 catalytic subunit CKA2","No","1","CKA2"
"YOR062C","Saccharomyces cerevisiae S288C","BK006948:442,725..443,531(-)","hypothetical protein","No","1","N/A"
"YOR063W","Saccharomyces cerevisiae S288C","BK006948:444,686..445,849(+)","ribosomal 60S subunit protein L3","No","1","RPL3"
"YOR064C","Saccharomyces cerevisiae S288C","BK006948:446,079..446,738(-)","Yng1p","No","1","YNG1"
"YOR065W","Saccharomyces cerevisiae S288C","BK006948:447,439..448,368(+)","ubiquinol--cytochrome-c reductase catalytic subunit CYT1","No","1","CYT1"
"YOR066W","Saccharomyces cerevisiae S288C","BK006948:449,436..451,325(+)","Msa1p","No","1","MSA1"
"YOR067C","Saccharomyces cerevisiae S288C","BK006948:451,729..453,462(-)","dolichyl-P-Glc:Glc1Man(9)GlcNAc(2)-PP-dolichol alpha-1,3-glucosyltransferase","No","1","ALG8"
"YOR068C","Saccharomyces cerevisiae S288C","BK006948:453,869..454,213(-)","Vam10p","No","1","VAM10"
"YOR069W","Saccharomyces cerevisiae S288C","BK006948:453,768..455,795(+)","sorting nexin 1","No","1","VPS5"
"YOR072W-B","Saccharomyces cerevisiae S288C","BK006948:464,469..464,630(+)","hypothetical protein","No","1","N/A"
"YOR070C","Saccharomyces cerevisiae S288C","BK006948:455,907..457,820(-)","Gyp1p","No","1","GYP1"
"YOR071C","Saccharomyces cerevisiae S288C","BK006948:459,480..461,276(-)","nicotinamide riboside transporter","No","1","NRT1"
"YOR073W","Saccharomyces cerevisiae S288C","BK006948:464,771..466,543(+)","Sgo1p","No","1","SGO1"
"YOR074C","Saccharomyces cerevisiae S288C","BK006948:466,675..467,589(-)","thymidylate synthase","No","1","CDC21"
"YOR075W","Saccharomyces cerevisiae S288C","BK006948:468,212..469,252(+)","Ufe1p","No","1","UFE1"
"YOR076C","Saccharomyces cerevisiae S288C","BK006948:469,377..471,620(-)","Ski7p","No","1","SKI7"
"YOR077W","Saccharomyces cerevisiae S288C","BK006948:471,899..472,597(+)","Rts2p","No","1","RTS2"
"YOR078W","Saccharomyces cerevisiae S288C","BK006948:472,725..473,369(+)","Bud21p","No","1","BUD21"
"YOR079C","Saccharomyces cerevisiae S288C","BK006948:473,475..474,416(-)","Mn(2+) transporter ATX2","No","1","ATX2"
"YOR080W","Saccharomyces cerevisiae S288C","BK006948:474,594..476,792(+)","DNA-binding SCF ubiquitin ligase subunit DIA2","No","1","DIA2"
"YOR081C","Saccharomyces cerevisiae S288C","BK006948:476,939..479,188(-)","Tgl5p","No","1","TGL5"
"YOR083W","Saccharomyces cerevisiae S288C","BK006948:479,533..480,420(+)","transcriptional repressor WHI5","No","1","WHI5"
"YOR084W","Saccharomyces cerevisiae S288C","BK006948:480,587..481,750(+)","triglyceride lipase","No","1","LPX1"
"YOR085W","Saccharomyces cerevisiae S288C","BK006948:482,033..483,085(+)","dolichyl-diphosphooligosaccharide--protein glycotransferase OST3","No","1","OST3"
"YOR086C","Saccharomyces cerevisiae S288C","BK006948:483,219..486,779(-)","tricalbin","No","1","TCB1"
"YOR087W","Saccharomyces cerevisiae S288C","BK006948:487,707..489,734(+)","Yvc1p","No","1","YVC1"
"YOR089C","Saccharomyces cerevisiae S288C","BK006948:490,196..490,828(-)","Rab family GTPase VPS21","No","1","VPS21"
"YOR090C","Saccharomyces cerevisiae S288C","BK006948:491,123..492,841(-)","type 2C protein phosphatase PTC5","No","1","PTC5"
"YOR091W","Saccharomyces cerevisiae S288C","BK006948:493,433..494,470(+)","Tma46p","No","1","TMA46"
"YOR092W","Saccharomyces cerevisiae S288C","BK006948:495,127..496,968(+)","putative ATPase ECM3","No","1","ECM3"
"YOR093C","Saccharomyces cerevisiae S288C","BK006948:497,506..502,452(-)","Cmr2p","No","1","CMR2"
"YOR094W","Saccharomyces cerevisiae S288C","BK006948:502,795..503,346(+)","Arf family GTPase ARF3","No","1","ARF3"
"YOR095C","Saccharomyces cerevisiae S288C","BK006948:503,552..504,328(-)","ribose-5-phosphate isomerase RKI1","No","1","RKI1"
"YOR096W","Saccharomyces cerevisiae S288C","BK006948:505,794..506,767(+)","ribosomal 40S subunit protein S7A","No","1","RPS7A"
"YOR097C","Saccharomyces cerevisiae S288C","BK006948:506,978..507,505(-)","hypothetical protein","No","1","N/A"
"YOR098C","Saccharomyces cerevisiae S288C","BK006948:507,948..511,178(-)","FG-nucleoporin NUP1","No","1","NUP1"
"YOR099W","Saccharomyces cerevisiae S288C","BK006948:511,825..513,006(+)","alpha-1,2-mannosyltransferase KTR1","No","1","KTR1"
"YOR100C","Saccharomyces cerevisiae S288C","BK006948:513,295..514,278(-)","carnitine:acyl carnitine antiporter","No","1","CRC1"
"YOR101W","Saccharomyces cerevisiae S288C","BK006948:515,244..516,173(+)","Ras family GTPase RAS1","No","1","RAS1"
"YOR103C","Saccharomyces cerevisiae S288C","BK006948:516,449..516,841(-)","dolichyl-diphosphooligosaccharide-protein glycotransferase","No","1","OST2"
"YOR104W","Saccharomyces cerevisiae S288C","BK006948:517,642..518,490(+)","Pin2p","No","1","PIN2"
"YOR105W","Saccharomyces cerevisiae S288C","BK006948:518,195..518,521(+)","hypothetical protein","No","1","N/A"
"YOR106W","Saccharomyces cerevisiae S288C","BK006948:519,121..519,972(+)","SNAP receptor VAM3","No","1","VAM3"
"YOR107W","Saccharomyces cerevisiae S288C","BK006948:521,353..522,282(+)","GTPase-activating protein RGS2","No","1","RGS2"
"YOR108W","Saccharomyces cerevisiae S288C","BK006948:523,027..524,841(+)","2-isopropylmalate synthase LEU9","No","1","LEU9"
"YOR109W","Saccharomyces cerevisiae S288C","BK006948:525,278..528,601(+)","phosphatidylinositol-3-/phosphoinositide 5-phosphatase INP53","No","1","INP53"
"YOR110W","Saccharomyces cerevisiae S288C","BK006948:528,941..530,248(+)","transcription factor TFIIIC subunit TFC7","No","1","TFC7"
"YOR111W","Saccharomyces cerevisiae S288C","BK006948:530,429..531,127(+)","hypothetical protein","No","1","N/A"
"YOR112W","Saccharomyces cerevisiae S288C","BK006948:531,508..533,793(+)","Cex1p","No","1","CEX1"
"YOR113W","Saccharomyces cerevisiae S288C","BK006948:534,075..536,819(+)","Azf1p","No","1","AZF1"
"YOR114W","Saccharomyces cerevisiae S288C","BK006948:537,570..538,454(+)","hypothetical protein","No","1","DPI34"
"YOR115C","Saccharomyces cerevisiae S288C","BK006948:538,659..539,465(-)","Trs33p","No","1","TRS33"
"YOR116C","Saccharomyces cerevisiae S288C","BK006948:539,763..544,145(-)","DNA-directed RNA polymerase III core subunit RPO31","No","1","RPO31"
"YOR117W","Saccharomyces cerevisiae S288C","BK006948:545,029..546,333(+)","proteasome regulatory particle base subunit RPT5","No","1","RPT5"
"YOR118W","Saccharomyces cerevisiae S288C","BK006948:546,857..548,560(+)","Rtc5p","No","1","RTC5"
"YOR119C","Saccharomyces cerevisiae S288C","BK006948:548,792..550,246(-)","protein kinase RIO1","No","1","RIO1"
"YOR120W","Saccharomyces cerevisiae S288C","BK006948:551,114..552,052(+)","glycerol 2-dehydrogenase (NADP(+)) GCY1","No","1","GCY1"
"YOR122C","Saccharomyces cerevisiae S288C","BK006948:552,298..552,887(-)","profilin","No","1","PFY1"
"YOR123C","Saccharomyces cerevisiae S288C","BK006948:553,176..554,570(-)","Leo1p","No","1","LEO1"
"YOR124C","Saccharomyces cerevisiae S288C","BK006948:554,824..558,642(-)","ubiquitin-specific protease UBP2","No","1","UBP2"
"YOR125C","Saccharomyces cerevisiae S288C","BK006948:559,030..559,731(-)","putative monooxygenase CAT5","No","1","CAT5"
"YOR126C","Saccharomyces cerevisiae S288C","BK006948:559,961..560,677(-)","isoamyl acetate-hydrolyzing esterase","No","1","IAH1"
"YOR127W","Saccharomyces cerevisiae S288C","BK006948:561,170..564,193(+)","Rga1p","No","1","RGA1"
"YOR128C","Saccharomyces cerevisiae S288C","BK006948:564,476..566,191(-)","phosphoribosylaminoimidazole carboxylase ADE2","No","1","ADE2"
"YOR129C","Saccharomyces cerevisiae S288C","BK006948:566,877..569,558(-)","Afi1p","No","1","AFI1"
"YOR130C","Saccharomyces cerevisiae S288C","BK006948:569,929..570,807(-)","Ort1p","No","1","ORT1"
"YOR131C","Saccharomyces cerevisiae S288C","BK006948:572,182..572,838(-)","putative haloacid dehalogenase-like hydrolase","No","1","N/A"
"YOR132W","Saccharomyces cerevisiae S288C","BK006948:573,175..574,830(+)","retromer subunit VPS17","No","1","VPS17"
"YOR133W","Saccharomyces cerevisiae S288C","BK006948:575,098..577,626(+)","elongation factor 2","No","1","EFT1"
"YOR134W","Saccharomyces cerevisiae S288C","BK006948:578,564..579,793(+)","Bag7p","No","1","BAG7"
"YOR136W","Saccharomyces cerevisiae S288C","BK006948:580,250..581,359(+)","isocitrate dehydrogenase (NAD(+)) IDH2","No","1","IDH2"
"YOR137C","Saccharomyces cerevisiae S288C","BK006948:581,813..583,681(-)","Sia1p","No","1","SIA1"
"YOR138C","Saccharomyces cerevisiae S288C","BK006948:584,309..586,324(-)","Rup1p","No","1","RUP1"
"YOR140W","Saccharomyces cerevisiae S288C","BK006948:586,981..589,281(+)","Sfl1p","No","1","SFL1"
"YOR141C","Saccharomyces cerevisiae S288C","BK006948:589,942..592,587(-)","Arp8p","No","1","ARP8"
"YOR142W-A","Saccharomyces cerevisiae S288C","BK006948:595,112..596,434(+)","gag protein","No","1","TY1A-OR"
"YOR142W-B","Saccharomyces cerevisiae S288C","BK006948:595,112..600,380(+)","gag-pol fusion protein","No","1","TY1B-OR"
"YOR142W","Saccharomyces cerevisiae S288C","BK006948:593,057..594,046(+)","succinate--CoA ligase (GDP-forming) subunit alpha","No","1","LSC1"
"YOR143C","Saccharomyces cerevisiae S288C","BK006948:601,383..602,342(-)","thiamine diphosphokinase","No","1","THI80"
"YOR144C","Saccharomyces cerevisiae S288C","BK006948:602,717..605,092(-)","Elg1p","No","1","ELG1"
"YOR145C","Saccharomyces cerevisiae S288C","BK006948:605,347..606,171(-)","Pno1p","No","1","PNO1"
"YOR147W","Saccharomyces cerevisiae S288C","BK006948:606,607..608,475(+)","Mdm32p","No","1","MDM32"
"YOR148C","Saccharomyces cerevisiae S288C","BK006948:608,640..609,197(-)","Spp2p","No","1","SPP2"
"YOR149C","Saccharomyces cerevisiae S288C","BK006948:609,838..611,388(-)","glycosylphosphatidylinositol-alpha 1,2 mannosyltransferase","No","1","SMP3"
"YOR150W","Saccharomyces cerevisiae S288C","BK006948:611,999..612,490(+)","mitochondrial 54S ribosomal protein YmL23","No","1","MRPL23"
"YOR151C","Saccharomyces cerevisiae S288C","BK006948:612,997..616,671(-)","DNA-directed RNA polymerase II core subunit RPB2","No","1","RPB2"
"YOR152C","Saccharomyces cerevisiae S288C","BK006948:617,518..618,288(-)","Atg40p","No","1","ATG40"
"YOR153W","Saccharomyces cerevisiae S288C","BK006948:619,840..624,375(+)","ATP-binding cassette multidrug transporter PDR5","No","1","PDR5"
"YOR154W","Saccharomyces cerevisiae S288C","BK006948:624,729..626,492(+)","Slp1p","No","1","SLP1"
"YOR155C","Saccharomyces cerevisiae S288C","BK006948:626,628..627,980(-)","IMP 5'-nucleotidase","No","1","ISN1"
"YOR156C","Saccharomyces cerevisiae S288C","BK006948:628,360..630,540(-)","SUMO ligase NFI1","No","1","NFI1"
"YOR157C","Saccharomyces cerevisiae S288C","BK006948:630,966..631,751(-)","proteasome core particle subunit beta 2","No","1","PUP1"
"YOR158W","Saccharomyces cerevisiae S288C","BK006948:632,164..633,120(+)","mitochondrial 37S ribosomal protein PET123","No","1","PET123"
"YOR159C","Saccharomyces cerevisiae S288C","BK006948:633,282..633,566(-)","mRNA splicing protein SME1","No","1","SME1"
"YOR160W","Saccharomyces cerevisiae S288C","BK006948:633,839..636,757(+)","Mtr10p","No","1","MTR10"
"YOR161C-C","Saccharomyces cerevisiae S288C","BK006948:639,121..639,267(-)","hypothetical protein","No","1","N/A"
"YOR161C","Saccharomyces cerevisiae S288C","BK006948:636,939..638,558(-)","Pns1p","No","1","PNS1"
"YOR162C","Saccharomyces cerevisiae S288C","BK006948:639,560..641,992(-)","Yrr1p","No","1","YRR1"
"YOR163W","Saccharomyces cerevisiae S288C","BK006948:642,741..643,307(+)","polyphosphatase DDP1","No","1","DDP1"
"YOR164C","Saccharomyces cerevisiae S288C","BK006948:643,394..644,332(-)","Get4p","No","1","GET4"
"YOR165W","Saccharomyces cerevisiae S288C","BK006948:644,566..646,896(+)","dynamin-like GTPase SEY1","No","1","SEY1"
"YOR166C","Saccharomyces cerevisiae S288C","BK006948:647,126..648,502(-)","mRNA-processing endoribonuclease","No","1","SWT1"
"YOR167C","Saccharomyces cerevisiae S288C","BK006948:648,804..649,007(-)","ribosomal 40S subunit protein S28A","No","1","RPS28A"
"YOR168W","Saccharomyces cerevisiae S288C","BK006948:649,303..651,732(+)","glutamine--tRNA ligase","No","1","GLN4"
"YOR171C","Saccharomyces cerevisiae S288C","BK006948:652,010..653,884(-)","sphinganine kinase LCB4","No","1","LCB4"
"YOR172W","Saccharomyces cerevisiae S288C","BK006948:654,210..656,570(+)","Yrm1p","No","1","YRM1"
"YOR173W","Saccharomyces cerevisiae S288C","BK006948:657,264..658,325(+)","5'-(N(7)-methyl 5'-triphosphoguanosine)-(mRNA) diphosphatase","No","1","DCS2"
"YOR174W","Saccharomyces cerevisiae S288C","BK006948:658,747..659,601(+)","Med4p","No","1","MED4"
"YOR175C","Saccharomyces cerevisiae S288C","BK006948:659,815..661,674(-)","lysophospholipid acyltransferase","No","1","ALE1"
"YOR176W","Saccharomyces cerevisiae S288C","BK006948:662,401..663,582(+)","ferrochelatase HEM15","No","1","HEM15"
"YOR177C","Saccharomyces cerevisiae S288C","BK006948:665,785..667,179(-)","Mpc54p","No","1","MPC54"
"YOR178C","Saccharomyces cerevisiae S288C","BK006948:667,860..670,241(-)","protein phosphatase regulator GAC1","No","1","GAC1"
"YOR179C","Saccharomyces cerevisiae S288C","BK006948:671,845..672,411(-)","cleavage polyadenylation factor subunit SYC1","No","1","SYC1"
"YOR180C","Saccharomyces cerevisiae S288C","BK006948:674,352..675,167(-)","putative dodecenoyl-CoA isomerase DCI1","No","1","DCI1"
"YOR183W","Saccharomyces cerevisiae S288C","BK006948:678,872..679,261(+)","Fyv12p","No","1","FYV12"
"YOR181W","Saccharomyces cerevisiae S288C","BK006948:675,939..677,840(+)","actin-binding protein LAS17","No","1","LAS17"
"YOR182C","Saccharomyces cerevisiae S288C","BK006948:678,191..678,793(-)","ribosomal 40S subunit protein S30B","No","1","RPS30B"
"YOR184W","Saccharomyces cerevisiae S288C","BK006948:679,357..680,544(+)","O-phospho-L-serine:2-oxoglutarate transaminase","No","1","SER1"
"YOR185C","Saccharomyces cerevisiae S288C","BK006948:681,444..682,106(-)","Ran GTPase GSP2","No","1","GSP2"
"YOR186W","Saccharomyces cerevisiae S288C","BK006948:683,111..683,545(+)","hypothetical protein","No","1","N/A"
"YOR187W","Saccharomyces cerevisiae S288C","BK006948:684,030..685,343(+)","translation elongation factor Tu","No","1","TUF1"
"YOR188W","Saccharomyces cerevisiae S288C","BK006948:685,767..689,180(+)","Msb1p","No","1","MSB1"
"YOR189W","Saccharomyces cerevisiae S288C","BK006948:689,624..689,974(+)","Ies4p","No","1","IES4"
"YOR190W","Saccharomyces cerevisiae S288C","BK006948:690,695..692,032(+)","glucan 1,3-beta-glucosidase","No","1","SPR1"
"YOR191W","Saccharomyces cerevisiae S288C","BK006948:692,475..697,334(+)","translocase ULS1","No","1","ULS1"
"YOR192C-A","Saccharomyces cerevisiae S288C","BK006948:708,416..709,732(-)","gag protein","No","1","TY2A-OR1"
"YOR192C-B","Saccharomyces cerevisiae S288C","BK006948:704,419..709,732(-)","gag-pol fusion protein","No","1","TY2B-OR1"
"YOR192C-C","Saccharomyces cerevisiae S288C","BK006948:703,988..704,224(-)","hypothetical protein","No","1","N/A"
"YOR192C","Saccharomyces cerevisiae S288C","BK006948:698,768..700,567(-)","thiamine transporter","No","1","THI72"
"YOR193W","Saccharomyces cerevisiae S288C","BK006948:710,446..711,576(+)","Pex27p","No","1","PEX27"
"YOR194C","Saccharomyces cerevisiae S288C","BK006948:711,683..712,543(-)","transcription initiation factor IIA large subunit","No","1","TOA1"
"YOR195W","Saccharomyces cerevisiae S288C","BK006948:712,866..715,331(+)","Slk19p","No","1","SLK19"
"YOR196C","Saccharomyces cerevisiae S288C","BK006948:715,593..716,837(-)","putative lipoate synthase","No","1","LIP5"
"YOR197W","Saccharomyces cerevisiae S288C","BK006948:717,086..718,384(+)","Ca(2+)-dependent cysteine protease MCA1","No","1","MCA1"
"YOR198C","Saccharomyces cerevisiae S288C","BK006948:718,653..720,065(-)","Bfr1p","No","1","BFR1"
"YOR201C","Saccharomyces cerevisiae S288C","BK006948:720,470..721,708(-)","Mrm1p","No","1","MRM1"
"YOR202W","Saccharomyces cerevisiae S288C","BK006948:721,946..722,608(+)","imidazoleglycerol-phosphate dehydratase HIS3","No","1","HIS3"
"YOR204W","Saccharomyces cerevisiae S288C","BK006948:722,911..724,725(+)","DEAD-box ATP-dependent RNA helicase DED1","No","1","DED1"
"YOR205C","Saccharomyces cerevisiae S288C","BK006948:725,564..727,234(-)","Gep3p","No","1","GEP3"
"YOR206W","Saccharomyces cerevisiae S288C","BK006948:727,512..729,644(+)","mRNA-binding ribosome synthesis protein NOC2","No","1","NOC2"
"YOR207C","Saccharomyces cerevisiae S288C","BK006948:730,008..733,457(-)","DNA-directed RNA polymerase III core subunit RET1","No","1","RET1"
"YOR208W","Saccharomyces cerevisiae S288C","BK006948:733,925..736,177(+)","tyrosine protein phosphatase PTP2","No","1","PTP2"
"YOR209C","Saccharomyces cerevisiae S288C","BK006948:736,437..737,726(-)","nicotinate phosphoribosyltransferase","No","1","NPT1"
"YOR210W","Saccharomyces cerevisiae S288C","BK006948:738,320..738,532(+)","DNA-directed RNA polymerase core subunit RPB10","No","1","RPB10"
"YOR211C","Saccharomyces cerevisiae S288C","BK006948:738,924..741,569(-)","dynamin-related GTPase MGM1","No","1","MGM1"
"YOR212W","Saccharomyces cerevisiae S288C","BK006948:742,910..744,181(+)","G protein subunit beta","No","1","STE4"
"YOR213C","Saccharomyces cerevisiae S288C","BK006948:744,535..745,281(-)","Sas5p","No","1","SAS5"
"YOR214C","Saccharomyces cerevisiae S288C","BK006948:745,593..746,303(-)","Spr2p","No","1","SPR2"
"YOR215C","Saccharomyces cerevisiae S288C","BK006948:746,725..747,282(-)","Aim41p","No","1","AIM41"
"YOR216C","Saccharomyces cerevisiae S288C","BK006948:747,525..748,979(-)","Rud3p","No","1","RUD3"
"YOR217W","Saccharomyces cerevisiae S288C","BK006948:749,301..751,886(+)","replication factor C subunit 1","No","1","RFC1"
"YOR219C","Saccharomyces cerevisiae S288C","BK006948:752,214..755,009(-)","Ste13p","No","1","STE13"
"YOR220W","Saccharomyces cerevisiae S288C","BK006948:755,328..756,125(+)","Rcn2p","No","1","RCN2"
"YOR221C","Saccharomyces cerevisiae S288C","BK006948:756,476..757,558(-)","[acyl-carrier-protein] S-malonyltransferase","No","1","MCT1"
"YOR222W","Saccharomyces cerevisiae S288C","BK006948:758,330..759,253(+)","mitochondrial 2-oxodicarboxylate carrier","No","1","ODC2"
"YOR223W","Saccharomyces cerevisiae S288C","BK006948:759,782..760,660(+)","Dsc3p","No","1","DSC3"
"YOR224C","Saccharomyces cerevisiae S288C","BK006948:760,825..761,265(-)","DNA-directed RNA polymerase core subunit RPB8","No","1","RPB8"
"YOR226C","Saccharomyces cerevisiae S288C","BK006948:761,614..762,084(-)","putative iron-binding protein ISU2","No","1","ISU2"
"YOR227W","Saccharomyces cerevisiae S288C","BK006948:762,825..766,565(+)","Her1p","No","1","HER1"
"YOR228C","Saccharomyces cerevisiae S288C","BK006948:766,869..767,777(-)","Mcp1p","No","1","MCP1"
"YOR229W","Saccharomyces cerevisiae S288C","BK006948:768,409..769,812(+)","transcriptional modulator","No","1","WTM2"
"YOR230W","Saccharomyces cerevisiae S288C","BK006948:770,800..772,113(+)","transcriptional modulator","No","1","WTM1"
"YOR231W","Saccharomyces cerevisiae S288C","BK006948:772,601..774,127(+)","mitogen-activated protein kinase kinase MKK1","No","1","MKK1"
"YOR232W","Saccharomyces cerevisiae S288C","BK006948:774,573..775,259(+)","Mge1p","No","1","MGE1"
"YOR233W","Saccharomyces cerevisiae S288C","BK006948:775,846..778,248(+)","putative serine/threonine protein kinase KIN4","No","1","KIN4"
"YOR234C","Saccharomyces cerevisiae S288C","BK006948:778,555..779,405(-)","ribosomal 60S subunit protein L33B","No","1","RPL33B"
"YOR236W","Saccharomyces cerevisiae S288C","BK006948:780,906..781,541(+)","dihydrofolate reductase","No","1","DFR1"
"YOR237W","Saccharomyces cerevisiae S288C","BK006948:781,994..783,298(+)","oxysterol-binding protein related protein HES1","No","1","HES1"
"YOR238W","Saccharomyces cerevisiae S288C","BK006948:783,677..784,588(+)","hypothetical protein","No","1","N/A"
"YOR239W","Saccharomyces cerevisiae S288C","BK006948:784,857..786,744(+)","Abp140p","No","1","ABP140"
"YOR241W","Saccharomyces cerevisiae S288C","BK006948:786,995..788,641(+)","tetrahydrofolate synthase","No","1","MET7"
"YOR242C","Saccharomyces cerevisiae S288C","BK006948:788,742..789,857(-)","Ssp2p","No","1","SSP2"
"YOR243C","Saccharomyces cerevisiae S288C","BK006948:790,211..792,241(-)","pseudouridine synthase PUS7","No","1","PUS7"
"YOR244W","Saccharomyces cerevisiae S288C","BK006948:792,531..793,868(+)","NuA4 histone acetyltransferase complex catalytic subunit ESA1","No","1","ESA1"
"YOR245C","Saccharomyces cerevisiae S288C","BK006948:794,076..795,332(-)","diacylglycerol O-acyltransferase","No","1","DGA1"
"YOR246C","Saccharomyces cerevisiae S288C","BK006948:795,801..796,793(-)","Env9p","No","1","ENV9"
"YOR247W","Saccharomyces cerevisiae S288C","BK006948:797,676..798,308(+)","Srl1p","No","1","SRL1"
"YOR249C","Saccharomyces cerevisiae S288C","BK006948:798,674..800,731(-)","anaphase promoting complex subunit 5","No","1","APC5"
"YOR250C","Saccharomyces cerevisiae S288C","BK006948:800,970..802,307(-)","cleavage polyadenylation factor subunit CLP1","No","1","CLP1"
"YOR251C","Saccharomyces cerevisiae S288C","BK006948:802,550..803,464(-)","thiosulfate sulfurtransferase","No","1","TUM1"
"YOR252W","Saccharomyces cerevisiae S288C","BK006948:803,667..804,203(+)","Tma16p","No","1","TMA16"
"YOR253W","Saccharomyces cerevisiae S288C","BK006948:804,377..804,907(+)","peptide alpha-N-acetyltransferase subunit NAT5","No","1","NAT5"
"YOR254C","Saccharomyces cerevisiae S288C","BK006948:805,032..807,023(-)","protein-transporting protein SEC63","No","1","SEC63"
"YOR255W","Saccharomyces cerevisiae S288C","BK006948:807,271..808,107(+)","Osw1p","No","1","OSW1"
"YOR256C","Saccharomyces cerevisiae S288C","BK006948:808,254..810,683(-)","putative zinc metalloprotease","No","1","TRE2"
"YOR257W","Saccharomyces cerevisiae S288C","BK006948:811,008..811,493(+)","centrin","No","1","CDC31"
"YOR258W","Saccharomyces cerevisiae S288C","BK006948:811,671..812,324(+)","DNA 5'-adenosine monophosphate hydrolase","No","1","HNT3"
"YOR259C","Saccharomyces cerevisiae S288C","BK006948:812,395..813,708(-)","proteasome regulatory particle base subunit RPT4","No","1","RPT4"
"YOR260W","Saccharomyces cerevisiae S288C","BK006948:813,984..815,720(+)","translation initiation factor eIF2B subunit gamma","No","1","GCD1"
"YOR261C","Saccharomyces cerevisiae S288C","BK006948:815,915..816,931(-)","proteasome regulatory particle lid subunit RPN8","No","1","RPN8"
"YOR262W","Saccharomyces cerevisiae S288C","BK006948:817,292..818,335(+)","putative GTPase GPN2","No","1","GPN2"
"YOR264W","Saccharomyces cerevisiae S288C","BK006948:818,866..820,158(+)","Dse3p","No","1","DSE3"
"YOR265W","Saccharomyces cerevisiae S288C","BK006948:820,454..820,774(+)","Rbl2p","No","1","RBL2"
"YOR266W","Saccharomyces cerevisiae S288C","BK006948:821,023..822,294(+)","Pnt1p","No","1","PNT1"
"YOR267C","Saccharomyces cerevisiae S288C","BK006948:822,588..824,867(-)","putative serine/threonine protein kinase HRK1","No","1","HRK1"
"YOR268C","Saccharomyces cerevisiae S288C","BK006948:825,534..825,932(-)","hypothetical protein","No","1","N/A"
"YOR269W","Saccharomyces cerevisiae S288C","BK006948:826,385..827,869(+)","Pac1p","No","1","PAC1"
"YOR270C","Saccharomyces cerevisiae S288C","BK006948:828,052..830,574(-)","H(+)-transporting V0 sector ATPase subunit a","No","1","VPH1"
"YOR271C","Saccharomyces cerevisiae S288C","BK006948:831,059..832,042(-)","Fsf1p","No","1","FSF1"
"YOR272W","Saccharomyces cerevisiae S288C","BK006948:832,813..834,195(+)","Ytm1p","No","1","YTM1"
"YOR273C","Saccharomyces cerevisiae S288C","BK006948:834,452..836,431(-)","Tpo4p","No","1","TPO4"
"YOR274W","Saccharomyces cerevisiae S288C","BK006948:837,674..838,960(+)","tRNA dimethylallyltransferase","No","1","MOD5"
"YOR275C","Saccharomyces cerevisiae S288C","BK006948:839,084..841,069(-)","Rim20p","No","1","RIM20"
"YOR276W","Saccharomyces cerevisiae S288C","BK006948:841,333..841,818(+)","Caf20p","No","1","CAF20"
"YOR278W","Saccharomyces cerevisiae S288C","BK006948:842,817..843,644(+)","uroporphyrinogen-III synthase HEM4","No","1","HEM4"
"YOR279C","Saccharomyces cerevisiae S288C","BK006948:843,698..844,630(-)","Rfm1p","No","1","RFM1"
"YOR280C","Saccharomyces cerevisiae S288C","BK006948:844,992..845,792(-)","putative serine hydrolase","No","1","FSH3"
"YOR281C","Saccharomyces cerevisiae S288C","BK006948:846,269..847,129(-)","Plp2p","No","1","PLP2"
"YOR283W","Saccharomyces cerevisiae S288C","BK006948:847,453..848,145(+)","phosphoglycerate mutase","No","1","N/A"
"YOR284W","Saccharomyces cerevisiae S288C","BK006948:848,478..849,209(+)","Hua2p","No","1","HUA2"
"YOR285W","Saccharomyces cerevisiae S288C","BK006948:849,635..850,054(+)","thiosulfate sulfurtransferase RDL1","No","1","RDL1"
"YOR286W","Saccharomyces cerevisiae S288C","BK006948:850,280..850,729(+)","thiosulfate sulfurtransferase RDL2","No","1","RDL2"
"YOR287C","Saccharomyces cerevisiae S288C","BK006948:850,937..851,839(-)","rRNA-processing protein RRP36","No","1","RRP36"
"YOR288C","Saccharomyces cerevisiae S288C","BK006948:852,121..853,077(-)","protein disulfide isomerase MPD1","No","1","MPD1"
"YOR289W","Saccharomyces cerevisiae S288C","BK006948:853,357..854,112(+)","hypothetical protein","No","1","N/A"
"YOR290C","Saccharomyces cerevisiae S288C","BK006948:855,147..860,258(-)","SWI/SNF catalytic subunit SNF2","No","1","SNF2"
"YOR291W","Saccharomyces cerevisiae S288C","BK006948:861,175..865,593(+)","putative acid anhydride hydrolase","No","1","YPK9"
"YOR292C","Saccharomyces cerevisiae S288C","BK006948:865,653..866,582(-)","hypothetical protein","No","1","N/A"
"YOR293C-A","Saccharomyces cerevisiae S288C","BK006948:867,998..868,147(-)","hypothetical protein","No","1","N/A"
"YOR295W","Saccharomyces cerevisiae S288C","BK006948:869,208..869,894(+)","Uaf30p","No","1","UAF30"
"YOR293W","Saccharomyces cerevisiae S288C","BK006948:867,098..867,852(+)","ribosomal 40S subunit protein S10A","No","1","RPS10A"
"YOR294W","Saccharomyces cerevisiae S288C","BK006948:868,340..868,951(+)","Rrs1p","No","1","RRS1"
"YOR296W","Saccharomyces cerevisiae S288C","BK006948:870,202..874,071(+)","hypothetical protein","No","1","N/A"
"YOR297C","Saccharomyces cerevisiae S288C","BK006948:874,743..875,321(-)","Tim18p","No","1","TIM18"
"YOR298C-A","Saccharomyces cerevisiae S288C","BK006948:877,230..877,685(-)","Mbf1p","No","1","MBF1"
"YOR298W","Saccharomyces cerevisiae S288C","BK006948:875,599..877,038(+)","Mum3p","No","1","MUM3"
"YOR299W","Saccharomyces cerevisiae S288C","BK006948:878,435..880,675(+)","exomer complex subunit","No","1","BUD7"
"YOR301W","Saccharomyces cerevisiae S288C","BK006948:880,965..882,272(+)","Rax1p","No","1","RAX1"
"YOR302W","Saccharomyces cerevisiae S288C","BK006948:882,765..882,842(+)","hypothetical protein","No","1","N/A"
"YOR303W","Saccharomyces cerevisiae S288C","BK006948:882,899..884,134(+)","carbamoyl-phosphate synthase (glutamine-hydrolyzing) CPA1","No","1","CPA1"
"YOR304C-A","Saccharomyces cerevisiae S288C","BK006948:888,520..888,750(-)","Bil1p","No","1","BIL1"
"YOR304W","Saccharomyces cerevisiae S288C","BK006948:884,514..887,876(+)","DNA translocase","No","1","ISW2"
"YOR305W","Saccharomyces cerevisiae S288C","BK006948:889,022..889,750(+)","Rrg7p","No","1","RRG7"
"YOR306C","Saccharomyces cerevisiae S288C","BK006948:889,867..891,432(-)","Mch5p","No","1","MCH5"
"YOR307C","Saccharomyces cerevisiae S288C","BK006948:892,731..894,092(-)","Sly41p","No","1","SLY41"
"YOR308C","Saccharomyces cerevisiae S288C","BK006948:894,624..896,387(-)","U4/U6-U5 snRNP complex subunit SNU66","No","1","SNU66"
"YOR310C","Saccharomyces cerevisiae S288C","BK006948:896,825..898,360(-)","RNA-processing protein NOP58","No","1","NOP58"
"YOR311C","Saccharomyces cerevisiae S288C","BK006948:899,056..899,928(-)","diacylglycerol kinase","No","1","DGK1"
"YOR312C","Saccharomyces cerevisiae S288C","BK006948:900,250..901,194(-)","ribosomal 60S subunit protein L20B","No","1","RPL20B"
"YOR313C","Saccharomyces cerevisiae S288C","BK006948:901,858..902,874(-)","Sps4p","No","1","SPS4"
"YOR315W","Saccharomyces cerevisiae S288C","BK006948:904,760..905,800(+)","Sfg1p","No","1","SFG1"
"YOR316C-A","Saccharomyces cerevisiae S288C","BK006948:907,726..907,935(-)","hypothetical protein","No","1","N/A"
"YOR316C","Saccharomyces cerevisiae S288C","BK006948:906,236..907,555(-)","metal cation transporter COT1","No","1","COT1"
"YOR317W","Saccharomyces cerevisiae S288C","BK006948:909,343..911,445(+)","long-chain fatty acid-CoA ligase FAA1","No","1","FAA1"
"YOR319W","Saccharomyces cerevisiae S288C","BK006948:912,822..913,463(+)","U2 snRNP complex subunit HSH49","No","1","HSH49"
"YOR320C","Saccharomyces cerevisiae S288C","BK006948:913,619..915,094(-)","glucose N-acetyltransferase","No","1","GNT1"
"YOR321W","Saccharomyces cerevisiae S288C","BK006948:916,030..918,291(+)","dolichyl-phosphate-mannose-protein mannosyltransferase PMT3","No","1","PMT3"
"YOR322C","Saccharomyces cerevisiae S288C","BK006948:918,606..921,062(-)","Ldb19p","No","1","LDB19"
"YOR323C","Saccharomyces cerevisiae S288C","BK006948:921,535..922,905(-)","glutamate-5-semialdehyde dehydrogenase","No","1","PRO2"
"YOR324C","Saccharomyces cerevisiae S288C","BK006948:923,232..925,040(-)","Frt1p","No","1","FRT1"
"YOR326W","Saccharomyces cerevisiae S288C","BK006948:925,721..930,445(+)","myosin 2","No","1","MYO2"
"YOR327C","Saccharomyces cerevisiae S288C","BK006948:930,734..931,081(-)","SNAP receptor SNC2","No","1","SNC2"
"YOR328W","Saccharomyces cerevisiae S288C","BK006948:931,803..936,497(+)","ATP-binding cassette multidrug transporter PDR10","No","1","PDR10"
"YOR329C","Saccharomyces cerevisiae S288C","BK006948:936,731..939,349(-)","Scd5p","No","1","SCD5"
"YOR330C","Saccharomyces cerevisiae S288C","BK006948:939,621..943,385(-)","DNA-directed DNA polymerase gamma MIP1","No","1","MIP1"
"YOR332W","Saccharomyces cerevisiae S288C","BK006948:943,656..944,357(+)","H(+)-transporting V1 sector ATPase subunit E","No","1","VMA4"
"YOR334W","Saccharomyces cerevisiae S288C","BK006948:944,596..946,008(+)","Mrs2p","No","1","MRS2"
"YOR335C","Saccharomyces cerevisiae S288C","BK006948:946,233..949,109(-)","alanine--tRNA ligase","No","1","ALA1"
"YOR336W","Saccharomyces cerevisiae S288C","BK006948:949,773..953,870(+)","Kre5p","No","1","KRE5"
"YOR337W","Saccharomyces cerevisiae S288C","BK006948:954,344..956,623(+)","Tea1p","No","1","TEA1"
"YOR338W","Saccharomyces cerevisiae S288C","BK006948:956,898..957,989(+)","hypothetical protein","No","1","N/A"
"YOR339C","Saccharomyces cerevisiae S288C","BK006948:958,362..958,832(-)","putative E2 ubiquitin-protein ligase UBC11","No","1","UBC11"
"YOR340C","Saccharomyces cerevisiae S288C","BK006948:959,202..960,182(-)","DNA-directed RNA polymerase I subunit RPA43","No","1","RPA43"
"YOR341W","Saccharomyces cerevisiae S288C","BK006948:960,987..965,981(+)","DNA-directed RNA polymerase I core subunit RPA190","No","1","RPA190"
"YOR342C","Saccharomyces cerevisiae S288C","BK006948:966,666..967,625(-)","hypothetical protein","No","1","N/A"
"YOR343W-A","Saccharomyces cerevisiae S288C","BK006948:970,578..971,894(+)","gag protein","No","1","TY2A-OR2"
"YOR343W-B","Saccharomyces cerevisiae S288C","BK006948:970,578..975,891(+)","gag-pol fusion protein","No","1","N/A"
"YOR344C","Saccharomyces cerevisiae S288C","BK006948:977,194..978,069(-)","Tye7p","No","1","TYE7"
"YOR346W","Saccharomyces cerevisiae S288C","BK006948:981,828..984,785(+)","deoxycytidyl transferase","No","1","REV1"
"YOR347C","Saccharomyces cerevisiae S288C","BK006948:984,942..986,462(-)","pyruvate kinase PYK2","No","1","PYK2"
"YOR348C","Saccharomyces cerevisiae S288C","BK006948:986,899..988,782(-)","proline permease PUT4","No","1","PUT4"
"YOR349W","Saccharomyces cerevisiae S288C","BK006948:989,789..992,833(+)","Cin1p","No","1","CIN1"
"YOR350C","Saccharomyces cerevisiae S288C","BK006948:992,864..994,855(-)","Mne1p","No","1","MNE1"
"YOR351C","Saccharomyces cerevisiae S288C","BK006948:995,018..996,511(-)","serine/threonine protein kinase MEK1","No","1","MEK1"
"YOR352W","Saccharomyces cerevisiae S288C","BK006948:997,213..998,244(+)","TFIIH complex subunit TFB6","No","1","TFB6"
"YOR353C","Saccharomyces cerevisiae S288C","BK006948:998,453..1,000,828(-)","Sog2p","No","1","SOG2"
"YOR354C","Saccharomyces cerevisiae S288C","BK006948:1,001,147..1,003,225(-)","Msc6p","No","1","MSC6"
"YOR355W","Saccharomyces cerevisiae S288C","BK006948:1,005,137..1,006,705(+)","Gds1p","No","1","GDS1"
"YOR356W","Saccharomyces cerevisiae S288C","BK006948:1,007,221..1,009,116(+)","putative electron-transferring-flavoprotein dehydrogenase","No","1","CIR2"
"YOR357C","Saccharomyces cerevisiae S288C","BK006948:1,009,224..1,009,712(-)","Snx3p","No","1","SNX3"
"YOR358W","Saccharomyces cerevisiae S288C","BK006948:1,010,161..1,010,889(+)","Hap5p","No","1","HAP5"
"YOR359W","Saccharomyces cerevisiae S288C","BK006948:1,011,189..1,012,760(+)","Vts1p","No","1","VTS1"
"YOR360C","Saccharomyces cerevisiae S288C","BK006948:1,013,241..1,014,821(-)","3',5'-cyclic-nucleotide phosphodiesterase PDE2","No","1","PDE2"
"YOR361C","Saccharomyces cerevisiae S288C","BK006948:1,015,361..1,017,652(-)","translation initiation factor eIF3 subunit b","No","1","PRT1"
"YOR362C","Saccharomyces cerevisiae S288C","BK006948:1,017,880..1,018,746(-)","proteasome core particle subunit alpha 7","No","1","PRE10"
"YOR363C","Saccharomyces cerevisiae S288C","BK006948:1,020,222..1,023,212(-)","oleate-activated transcription factor PIP2","No","1","PIP2"
"YOR365C","Saccharomyces cerevisiae S288C","BK006948:1,023,461..1,025,572(-)","putative flavin adenine dinucleotide transporter","No","1","N/A"
"YOR367W","Saccharomyces cerevisiae S288C","BK006948:1,026,007..1,026,609(+)","Scp1p","No","1","SCP1"
"YOR368W","Saccharomyces cerevisiae S288C","BK006948:1,026,843..1,028,048(+)","Rad17p","No","1","RAD17"
"YOR369C","Saccharomyces cerevisiae S288C","BK006948:1,028,194..1,028,625(-)","ribosomal 40S subunit protein S12","No","1","RPS12"
"YOR370C","Saccharomyces cerevisiae S288C","BK006948:1,029,183..1,030,994(-)","GTPase-activating protein MRS6","No","1","MRS6"
"YOR371C","Saccharomyces cerevisiae S288C","BK006948:1,031,489..1,034,182(-)","Gpb1p","No","1","GPB1"
"YOR372C","Saccharomyces cerevisiae S288C","BK006948:1,034,807..1,036,471(-)","Ndd1p","No","1","NDD1"
"YOR373W","Saccharomyces cerevisiae S288C","BK006948:1,036,834..1,039,389(+)","Nud1p","No","1","NUD1"
"YOR374W","Saccharomyces cerevisiae S288C","BK006948:1,039,840..1,041,399(+)","aldehyde dehydrogenase (NADP(+)) ALD4","No","1","ALD4"
"YOR375C","Saccharomyces cerevisiae S288C","BK006948:1,041,678..1,043,042(-)","glutamate dehydrogenase (NADP(+)) GDH1","No","1","GDH1"
"YOR376W-A","Saccharomyces cerevisiae S288C","BK006948:1,045,196..1,045,351(+)","hypothetical protein","No","1","N/A"
"YOR377W","Saccharomyces cerevisiae S288C","BK006948:1,046,226..1,047,803(+)","alcohol O-acetyltransferase","No","1","ATF1"
"YOR378W","Saccharomyces cerevisiae S288C","BK006948:1,049,511..1,051,058(+)","Amf1p","No","1","AMF1"
"YOR380W","Saccharomyces cerevisiae S288C","BK006948:1,051,290..1,052,930(+)","Rdr1p","No","1","RDR1"
"YOR381W-A","Saccharomyces cerevisiae S288C","BK006948:1,058,423..1,058,590(+)","hypothetical protein","No","1","N/A"
"YOR381W","Saccharomyces cerevisiae S288C","BK006948:1,055,545..1,057,680(+)","ferric-chelate reductase","No","1","FRE3"
"YOR382W","Saccharomyces cerevisiae S288C","BK006948:1,059,531..1,059,992(+)","Fit2p","No","1","FIT2"
"YOR383C","Saccharomyces cerevisiae S288C","BK006948:1,060,441..1,061,055(-)","Fit3p","No","1","FIT3"
"YOR384W","Saccharomyces cerevisiae S288C","BK006948:1,061,564..1,063,648(+)","putative ferric-chelate reductase","No","1","FRE5"
"YOR385W","Saccharomyces cerevisiae S288C","BK006948:1,065,043..1,065,915(+)","hypothetical protein","No","1","N/A"
"YOR386W","Saccharomyces cerevisiae S288C","BK006948:1,066,839..1,068,536(+)","deoxyribodipyrimidine photo-lyase PHR1","No","1","PHR1"
"YOR387C","Saccharomyces cerevisiae S288C","BK006948:1,069,621..1,070,241(-)","hypothetical protein","No","1","N/A"
"YOR388C","Saccharomyces cerevisiae S288C","BK006948:1,071,793..1,072,923(-)","formate dehydrogenase (NAD+)","No","1","FDH1"
"YOR389W","Saccharomyces cerevisiae S288C","BK006948:1,074,213..1,076,087(+)","hypothetical protein","No","1","N/A"
"YOR390W","Saccharomyces cerevisiae S288C","BK006948:1,076,784..1,077,911(+)","fluoride transporter","No","1","FEX1"
"YOR391C","Saccharomyces cerevisiae S288C","BK006948:1,078,545..1,079,258(-)","glutathione-independent methylglyoxalase family protein","No","1","HSP33"
"YOR393W","Saccharomyces cerevisiae S288C","BK006948:1,080,276..1,081,589(+)","phosphopyruvate hydratase ERR1","No","1","ERR1"
"YOR394C-A","Saccharomyces cerevisiae S288C","BK006948:1,084,202..1,084,369(-)","hypothetical protein","No","1","N/A"
"YOR394W","Saccharomyces cerevisiae S288C","BK006948:1,082,718..1,083,212(+)","seripauperin PAU21","No","1","PAU21"
"YOR396W","Saccharomyces cerevisiae S288C","BK006948:1,085,473..1,090,863(+)","Y' element ATP-dependent helicase protein 1 copy 8","No","1","YRF1-8"
"YPL001W","Saccharomyces cerevisiae S288C","BK006949:554,605..555,729(+)","histone acetyltransferase catalytic subunit HAT1","No","1","HAT1"
"YPL002C","Saccharomyces cerevisiae S288C","BK006949:553,627..554,328(-)","ESCRT-II subunit protein SNF8","No","1","SNF8"
"YPL003W","Saccharomyces cerevisiae S288C","BK006949:552,020..553,408(+)","Ula1p","No","1","ULA1"
"YPL004C","Saccharomyces cerevisiae S288C","BK006949:550,632..551,657(-)","lipid-binding protein LSP1","No","1","LSP1"
"YPL005W","Saccharomyces cerevisiae S288C","BK006949:548,486..550,306(+)","Aep3p","No","1","AEP3"
"YPL006W","Saccharomyces cerevisiae S288C","BK006949:544,631..548,143(+)","sphingolipid transporter","No","1","NCR1"
"YPL009C","Saccharomyces cerevisiae S288C","BK006949:535,820..538,936(-)","Rqc2p","No","1","RQC2"
"YPL007C","Saccharomyces cerevisiae S288C","BK006949:542,082..543,848(-)","transcription factor TFIIIC subunit TFC8","No","1","TFC8"
"YPL008W","Saccharomyces cerevisiae S288C","BK006949:539,385..541,970(+)","Chl1p","No","1","CHL1"
"YPL010W","Saccharomyces cerevisiae S288C","BK006949:535,018..535,587(+)","coatomer subunit zeta","No","1","RET3"
"YPL011C","Saccharomyces cerevisiae S288C","BK006949:533,642..534,703(-)","Taf3p","No","1","TAF3"
"YPL012W","Saccharomyces cerevisiae S288C","BK006949:529,723..533,409(+)","mRNA-binding protein RRP12","No","1","RRP12"
"YPL013C","Saccharomyces cerevisiae S288C","BK006949:528,985..529,350(-)","mitochondrial 37S ribosomal protein MRPS16","No","1","MRPS16"
"YPL014W","Saccharomyces cerevisiae S288C","BK006949:527,547..528,692(+)","hypothetical protein","No","1","CIP1"
"YPL015C","Saccharomyces cerevisiae S288C","BK006949:525,810..526,883(-)","histone deacetylase HST2","No","1","HST2"
"YPL016W","Saccharomyces cerevisiae S288C","BK006949:521,014..524,958(+)","Swi1p","No","1","SWI1"
"YPL017C","Saccharomyces cerevisiae S288C","BK006949:518,734..520,233(-)","Irc15p","No","1","IRC15"
"YPL018W","Saccharomyces cerevisiae S288C","BK006949:517,651..518,760(+)","Ctf19p","No","1","CTF19"
"YPL019C","Saccharomyces cerevisiae S288C","BK006949:514,511..517,018(-)","vacuolar transporter chaperone","No","1","VTC3"
"YPL020C","Saccharomyces cerevisiae S288C","BK006949:512,313..514,178(-)","SUMO protease ULP1","No","1","ULP1"
"YPL021W","Saccharomyces cerevisiae S288C","BK006949:511,101..511,664(+)","Ecm23p","No","1","ECM23"
"YPL022W","Saccharomyces cerevisiae S288C","BK006949:506,697..509,999(+)","ssDNA endodeoxyribonuclease RAD1","No","1","RAD1"
"YPL023C","Saccharomyces cerevisiae S288C","BK006949:504,339..506,312(-)","methylenetetrahydrofolate reductase (NAD(P)H) MET12","No","1","MET12"
"YPL024W","Saccharomyces cerevisiae S288C","BK006949:503,517..504,242(+)","Rmi1p","No","1","RMI1"
"YPL026C","Saccharomyces cerevisiae S288C","BK006949:500,675..502,183(-)","putative serine/threonine protein kinase SKS1","No","1","SKS1"
"YPL027W","Saccharomyces cerevisiae S288C","BK006949:499,665..500,402(+)","Sma1p","No","1","SMA1"
"YPL028W","Saccharomyces cerevisiae S288C","BK006949:498,096..499,292(+)","acetyl-CoA C-acetyltransferase","No","1","ERG10"
"YPL029W","Saccharomyces cerevisiae S288C","BK006949:495,506..497,719(+)","ATP-dependent RNA helicase SUV3","No","1","SUV3"
"YPL030W","Saccharomyces cerevisiae S288C","BK006949:493,543..495,246(+)","tRNA (uracil) methyltransferase","No","1","TRM44"
"YPL031C","Saccharomyces cerevisiae S288C","BK006949:492,018..493,037(-)","cyclin-dependent serine/threonine-protein kinase PHO85","No","1","PHO85"
"YPL032C","Saccharomyces cerevisiae S288C","BK006949:488,887..491,364(-)","Svl3p","No","1","SVL3"
"YPL033C","Saccharomyces cerevisiae S288C","BK006949:487,362..488,207(-)","Srl4p","No","1","SRL4"
"YPL034W","Saccharomyces cerevisiae S288C","BK006949:486,712..487,209(+)","hypothetical protein","No","1","N/A"
"YPL036W","Saccharomyces cerevisiae S288C","BK006949:482,843..485,686(+)","H(+)-exporting P2-type ATPase PMA2","No","1","PMA2"
"YPL037C","Saccharomyces cerevisiae S288C","BK006949:481,428..481,901(-)","Egd1p","No","1","EGD1"
"YPL038W-A","Saccharomyces cerevisiae S288C","BK006949:480,182..480,373(+)","hypothetical protein","No","1","N/A"
"YPL038W","Saccharomyces cerevisiae S288C","BK006949:480,535..481,068(+)","Met31p","No","1","MET31"
"YPL039W","Saccharomyces cerevisiae S288C","BK006949:479,225..480,175(+)","hypothetical protein","No","1","N/A"
"YPL040C","Saccharomyces cerevisiae S288C","BK006949:475,993..479,001(-)","isoleucine--tRNA ligase ISM1","No","1","ISM1"
"YPL041C","Saccharomyces cerevisiae S288C","BK006949:475,118..475,741(-)","Mrx11p","No","1","MRX11"
"YPL042C","Saccharomyces cerevisiae S288C","BK006949:473,040..474,707(-)","cyclin-dependent serine/threonine protein kinase SSN3","No","1","SSN3"
"YPL043W","Saccharomyces cerevisiae S288C","BK006949:469,939..471,996(+)","mRNA-binding ribosome biosynthesis protein NOP4","No","1","NOP4"
"YPL045W","Saccharomyces cerevisiae S288C","BK006949:467,260..469,656(+)","tethering complex subunit VPS16","No","1","VPS16"
"YPL046C","Saccharomyces cerevisiae S288C","BK006949:466,644..466,943(-)","elongin C","No","1","ELC1"
"YPL047W","Saccharomyces cerevisiae S288C","BK006949:465,962..466,261(+)","SAGA histone acetyltransferase complex subunit SGF11","No","1","SGF11"
"YPL048W","Saccharomyces cerevisiae S288C","BK006949:464,401..465,648(+)","translation elongation factor EF1B gamma","No","1","CAM1"
"YPL049C","Saccharomyces cerevisiae S288C","BK006949:462,481..463,839(-)","Dig1p","No","1","DIG1"
"YPL050C","Saccharomyces cerevisiae S288C","BK006949:460,779..461,966(-)","mannosyltransferase complex subunit MNN9","No","1","MNN9"
"YPL051W","Saccharomyces cerevisiae S288C","BK006949:459,963..460,559(+)","Arf family GTPase ARL3","No","1","ARL3"
"YPL052W","Saccharomyces cerevisiae S288C","BK006949:458,799..459,678(+)","Oaz1p","No","1","OAZ1"
"YPL053C","Saccharomyces cerevisiae S288C","BK006949:457,118..458,458(-)","putative mannosyltransferase","No","1","KTR6"
"YPL054W","Saccharomyces cerevisiae S288C","BK006949:455,759..456,664(+)","Lee1p","No","1","LEE1"
"YPL055C","Saccharomyces cerevisiae S288C","BK006949:453,992..454,990(-)","Lge1p","No","1","LGE1"
"YPL056C","Saccharomyces cerevisiae S288C","BK006949:453,430..453,735(-)","Lcl1p","No","1","LCL1"
"YPL057C","Saccharomyces cerevisiae S288C","BK006949:451,909..453,057(-)","mannosylinositol phosphorylceramide synthase catalytic subunit SUR1","No","1","SUR1"
"YPL058C","Saccharomyces cerevisiae S288C","BK006949:445,842..450,377(-)","ATP-binding cassette multidrug transporter PDR12","No","1","PDR12"
"YPL059W","Saccharomyces cerevisiae S288C","BK006949:444,579..445,031(+)","monothiol glutaredoxin GRX5","No","1","GRX5"
"YPL060C-A","Saccharomyces cerevisiae S288C","BK006949:437,333..442,742(-)","hypothetical protein","No","1","N/A"
"YPL060W","Saccharomyces cerevisiae S288C","BK006949:434,523..435,764(+)","Mfm1p","No","1","MFM1"
"YPL061W","Saccharomyces cerevisiae S288C","BK006949:432,588..434,090(+)","aldehyde dehydrogenase (NADP(+)) ALD6","No","1","ALD6"
"YPL063W","Saccharomyces cerevisiae S288C","BK006949:429,939..431,369(+)","protein translocase subunit TIM50","No","1","TIM50"
"YPL064C","Saccharomyces cerevisiae S288C","BK006949:428,711..429,616(-)","putative peptidylprolyl isomerase CWC27","No","1","CWC27"
"YPL065W","Saccharomyces cerevisiae S288C","BK006949:427,927..428,655(+)","ESCRT-I subunit protein VPS28","No","1","VPS28"
"YPL066W","Saccharomyces cerevisiae S288C","BK006949:426,233..427,672(+)","Rgl1p","No","1","RGL1"
"YPL067C","Saccharomyces cerevisiae S288C","BK006949:425,251..425,847(-)","hypothetical protein","No","1","HTC1"
"YPL068C","Saccharomyces cerevisiae S288C","BK006949:424,215..425,096(-)","hypothetical protein","No","1","N/A"
"YPL069C","Saccharomyces cerevisiae S288C","BK006949:422,885..423,892(-)","farnesyltranstransferase","No","1","BTS1"
"YPL070W","Saccharomyces cerevisiae S288C","BK006949:420,948..422,786(+)","guanine nucleotide exchange factor MUK1","No","1","MUK1"
"YPL071C","Saccharomyces cerevisiae S288C","BK006949:420,048..420,518(-)","hypothetical protein","No","1","N/A"
"YPL072W","Saccharomyces cerevisiae S288C","BK006949:418,512..420,011(+)","putative ubiquitin-specific protease UBP16","No","1","UBP16"
"YPL074W","Saccharomyces cerevisiae S288C","BK006949:415,763..418,027(+)","putative AAA family ATPase YTA6","No","1","YTA6"
"YPL075W","Saccharomyces cerevisiae S288C","BK006949:412,254..415,362(+)","transcription regulator GCR1","No","1","GCR1"
"YPL076W","Saccharomyces cerevisiae S288C","BK006949:410,443..411,285(+)","phosphatidylinositol N-acetylglucosaminyltransferase","No","1","GPI2"
"YPL077C","Saccharomyces cerevisiae S288C","BK006949:409,368..410,090(-)","hypothetical protein","No","1","N/A"
"YPL078C","Saccharomyces cerevisiae S288C","BK006949:408,010..408,744(-)","F1F0 ATP synthase subunit 4","No","1","ATP4"
"YPL079W","Saccharomyces cerevisiae S288C","BK006949:406,636..407,539(+)","ribosomal 60S subunit protein L21B","No","1","RPL21B"
"YPL081W","Saccharomyces cerevisiae S288C","BK006949:404,950..406,044(+)","ribosomal 40S subunit protein S9A","No","1","RPS9A"
"YPL082C","Saccharomyces cerevisiae S288C","BK006949:398,480..404,083(-)","DNA-binding ATPase","No","1","MOT1"
"YPL083C","Saccharomyces cerevisiae S288C","BK006949:396,702..398,105(-)","tRNA splicing endonuclease subunit SEN54","No","1","SEN54"
"YPL084W","Saccharomyces cerevisiae S288C","BK006949:394,038..396,572(+)","Bro1p","No","1","BRO1"
"YPL085W","Saccharomyces cerevisiae S288C","BK006949:387,067..393,654(+)","Sec16p","No","1","SEC16"
"YPL086C","Saccharomyces cerevisiae S288C","BK006949:384,773..386,446(-)","Elongator subunit ELP3","No","1","ELP3"
"YPL087W","Saccharomyces cerevisiae S288C","BK006949:383,455..384,408(+)","alkaline dihydroceramidase","No","1","YDC1"
"YPL088W","Saccharomyces cerevisiae S288C","BK006949:381,965..382,993(+)","aldo-keto reductase superfamily protein","No","1","AAD16"
"YPL089C","Saccharomyces cerevisiae S288C","BK006949:379,120..381,150(-)","Rlm1p","No","1","RLM1"
"YPL090C","Saccharomyces cerevisiae S288C","BK006949:377,291..378,395(-)","ribosomal 40S subunit protein S6A","No","1","RPS6A"
"YPL091W","Saccharomyces cerevisiae S288C","BK006949:375,502..376,953(+)","glutathione-disulfide reductase GLR1","No","1","GLR1"
"YPL092W","Saccharomyces cerevisiae S288C","BK006949:373,793..375,169(+)","Ssu1p","No","1","SSU1"
"YPL093W","Saccharomyces cerevisiae S288C","BK006949:370,978..372,921(+)","putative GTPase NOG1","No","1","NOG1"
"YPL094C","Saccharomyces cerevisiae S288C","BK006949:369,839..370,663(-)","Sec63 complex subunit SEC62","No","1","SEC62"
"YPL095C","Saccharomyces cerevisiae S288C","BK006949:368,071..369,441(-)","medium-chain fatty acid ethyl ester synthase/esterase","No","1","EEB1"
"YPL096C-A","Saccharomyces cerevisiae S288C","BK006949:366,529..366,735(-)","Eri1p","No","1","ERI1"
"YPL096W","Saccharomyces cerevisiae S288C","BK006949:366,927..368,018(+)","peptide-N4-(N-acetyl-beta- glucosaminyl)asparagine amidase","No","1","PNG1"
"YPL097W","Saccharomyces cerevisiae S288C","BK006949:364,952..366,430(+)","tyrosine--tRNA ligase MSY1","No","1","MSY1"
"YPL098C","Saccharomyces cerevisiae S288C","BK006949:364,386..364,727(-)","Mgr2p","No","1","MGR2"
"YPL099C","Saccharomyces cerevisiae S288C","BK006949:363,520..364,068(-)","Ina17p","No","1","INA17"
"YPL100W","Saccharomyces cerevisiae S288C","BK006949:361,872..363,362(+)","Atg21p","No","1","ATG21"
"YPL101W","Saccharomyces cerevisiae S288C","BK006949:360,209..361,579(+)","Elongator subunit ELP4","No","1","ELP4"
"YPL103C","Saccharomyces cerevisiae S288C","BK006949:358,000..359,406(-)","N-acetylphosphatidylethanolamine-hydrolyzing phospholipase D","No","1","FMP30"
"YPL104W","Saccharomyces cerevisiae S288C","BK006949:355,700..357,676(+)","aspartate--tRNA ligase MSD1","No","1","MSD1"
"YPL105C","Saccharomyces cerevisiae S288C","BK006949:352,863..355,412(-)","Syh1p","No","1","SYH1"
"YPL106C","Saccharomyces cerevisiae S288C","BK006949:350,194..352,275(-)","adenyl-nucleotide exchange factor SSE1","No","1","SSE1"
"YPL107W","Saccharomyces cerevisiae S288C","BK006949:349,119..349,865(+)","hypothetical protein","No","1","DPC25"
"YPL108W","Saccharomyces cerevisiae S288C","BK006949:348,446..348,952(+)","hypothetical protein","No","1","N/A"
"YPL109C","Saccharomyces cerevisiae S288C","BK006949:345,264..347,389(-)","hypothetical protein","No","1","MCO76"
"YPL110C","Saccharomyces cerevisiae S288C","BK006949:341,068..344,739(-)","glycerophosphocholine phosphodiesterase","No","1","GDE1"
"YPL111W","Saccharomyces cerevisiae S288C","BK006949:339,944..340,945(+)","arginase","No","1","CAR1"
"YPL112C","Saccharomyces cerevisiae S288C","BK006949:337,436..338,620(-)","Pex25p","No","1","PEX25"
"YPL113C","Saccharomyces cerevisiae S288C","BK006949:335,953..337,143(-)","glyoxylate reductase","No","1","N/A"
"YPL115C","Saccharomyces cerevisiae S288C","BK006949:332,100..335,486(-)","Bem3p","No","1","BEM3"
"YPL116W","Saccharomyces cerevisiae S288C","BK006949:329,606..331,699(+)","histone deacetylase","No","1","HOS3"
"YPL119C-A","Saccharomyces cerevisiae S288C","BK006949:324,024..324,287(-)","hypothetical protein","No","1","N/A"
"YPL117C","Saccharomyces cerevisiae S288C","BK006949:327,864..328,730(-)","isopentenyl-diphosphate delta-isomerase IDI1","No","1","IDI1"
"YPL118W","Saccharomyces cerevisiae S288C","BK006949:326,628..327,662(+)","mitochondrial 37S ribosomal protein MRP51","No","1","MRP51"
"YPL119C","Saccharomyces cerevisiae S288C","BK006949:324,411..326,264(-)","putative DEAD-box ATP-dependent RNA helicase DBP1","No","1","DBP1"
"YPL120W","Saccharomyces cerevisiae S288C","BK006949:322,071..323,744(+)","beclin 1","No","1","VPS30"
"YPL121C","Saccharomyces cerevisiae S288C","BK006949:320,962..321,630(-)","Mei5p","No","1","MEI5"
"YPL122C","Saccharomyces cerevisiae S288C","BK006949:319,226..320,767(-)","TFIIH/NER complex subunit TFB2","No","1","TFB2"
"YPL123C","Saccharomyces cerevisiae S288C","BK006949:317,641..318,945(-)","ribonuclease T2","No","1","RNY1"
"YPL124W","Saccharomyces cerevisiae S288C","BK006949:316,755..317,516(+)","Spc29p","No","1","SPC29"
"YPL125W","Saccharomyces cerevisiae S288C","BK006949:313,388..316,486(+)","Kap120p","No","1","KAP120"
"YPL126W","Saccharomyces cerevisiae S288C","BK006949:310,210..312,900(+)","Nan1p","No","1","NAN1"
"YPL127C","Saccharomyces cerevisiae S288C","BK006949:308,828..309,604(-)","histone H1","No","1","HHO1"
"YPL128C","Saccharomyces cerevisiae S288C","BK006949:306,533..308,221(-)","Tbf1p","No","1","TBF1"
"YPL129W","Saccharomyces cerevisiae S288C","BK006949:305,298..306,137(+)","TATA-binding protein-associated factor TAF14","No","1","TAF14"
"YPL130W","Saccharomyces cerevisiae S288C","BK006949:304,387..305,058(+)","Spo19p","No","1","SPO19"
"YPL131W","Saccharomyces cerevisiae S288C","BK006949:303,121..304,014(+)","ribosomal 60S subunit protein L5","No","1","RPL5"
"YPL132W","Saccharomyces cerevisiae S288C","BK006949:301,716..302,618(+)","Cox11p","No","1","COX11"
"YPL133C","Saccharomyces cerevisiae S288C","BK006949:299,888..301,228(-)","Rds2p","No","1","RDS2"
"YPL134C","Saccharomyces cerevisiae S288C","BK006949:298,571..299,503(-)","mitochondrial 2-oxodicarboxylate carrier","No","1","ODC1"
"YPL135W","Saccharomyces cerevisiae S288C","BK006949:297,553..298,050(+)","iron-binding protein ISU1","No","1","ISU1"
"YPL137C","Saccharomyces cerevisiae S288C","BK006949:292,817..296,647(-)","protein phosphatase regulator GIP3","No","1","GIP3"
"YPL138C","Saccharomyces cerevisiae S288C","BK006949:291,366..292,427(-)","Spp1p","No","1","SPP1"
"YPL139C","Saccharomyces cerevisiae S288C","BK006949:289,669..291,051(-)","Ume1p","No","1","UME1"
"YPL140C","Saccharomyces cerevisiae S288C","BK006949:287,514..289,034(-)","putative mitogen-activated protein kinase kinase MKK2","No","1","MKK2"
"YPL141C","Saccharomyces cerevisiae S288C","BK006949:283,464..286,061(-)","protein kinase FRK1","No","1","FRK1"
"YPL143W","Saccharomyces cerevisiae S288C","BK006949:282,122..282,970(+)","ribosomal 60S subunit protein L33A","No","1","RPL33A"
"YPL144W","Saccharomyces cerevisiae S288C","BK006949:280,480..280,926(+)","Poc4p","No","1","POC4"
"YPL145C","Saccharomyces cerevisiae S288C","BK006949:278,395..279,699(-)","oxysterol-binding protein KES1","No","1","KES1"
"YPL146C","Saccharomyces cerevisiae S288C","BK006949:276,162..277,529(-)","Nop53p","No","1","NOP53"
"YPL147W","Saccharomyces cerevisiae S288C","BK006949:273,255..275,867(+)","ATP-binding cassette long-chain fatty acid transporter PXA1","No","1","PXA1"
"YPL148C","Saccharomyces cerevisiae S288C","BK006949:272,294..272,815(-)","holo-[acyl-carrier-protein] synthase","No","1","PPT2"
"YPL149W","Saccharomyces cerevisiae S288C","BK006949:271,310..272,194(+)","Atg5p","No","1","ATG5"
"YPL150W","Saccharomyces cerevisiae S288C","BK006949:268,188..270,893(+)","non-specific serine/threonine protein kinase","No","1","N/A"
"YPL151C","Saccharomyces cerevisiae S288C","BK006949:266,180..267,535(-)","mRNA splicing protein PRP46","No","1","PRP46"
"YPL152W-A","Saccharomyces cerevisiae S288C","BK006949:264,602..264,700(+)","hypothetical protein","No","1","N/A"
"YPL152W","Saccharomyces cerevisiae S288C","BK006949:265,028..266,104(+)","peptidylprolyl isomerase RRD2","No","1","RRD2"
"YPL153C","Saccharomyces cerevisiae S288C","BK006949:261,727..264,192(-)","serine/threonine/tyrosine protein kinase RAD53","No","1","RAD53"
"YPL154C","Saccharomyces cerevisiae S288C","BK006949:259,714..260,931(-)","proteinase A","No","1","PEP4"
"YPL155C","Saccharomyces cerevisiae S288C","BK006949:257,216..259,336(-)","Kip2p","No","1","KIP2"
"YPL156C","Saccharomyces cerevisiae S288C","BK006949:255,913..256,767(-)","pheromone-regulated protein PRM4","No","1","PRM4"
"YPL157W","Saccharomyces cerevisiae S288C","BK006949:254,814..255,761(+)","RNA methyltransferase","No","1","TGS1"
"YPL158C","Saccharomyces cerevisiae S288C","BK006949:252,034..254,310(-)","Aim44p","No","1","AIM44"
"YPL159C","Saccharomyces cerevisiae S288C","BK006949:250,907..251,668(-)","Pet20p","No","1","PET20"
"YPL160W","Saccharomyces cerevisiae S288C","BK006949:246,990..250,262(+)","leucine--tRNA ligase CDC60","No","1","CDC60"
"YPL161C","Saccharomyces cerevisiae S288C","BK006949:244,319..246,220(-)","Bem4p","No","1","BEM4"
"YPL162C","Saccharomyces cerevisiae S288C","BK006949:243,206..244,027(-)","hypothetical protein","No","1","N/A"
"YPL163C","Saccharomyces cerevisiae S288C","BK006949:241,918..242,700(-)","Svs1p","No","1","SVS1"
"YPL164C","Saccharomyces cerevisiae S288C","BK006949:239,350..241,497(-)","mismatch repair protein MLH3","No","1","MLH3"
"YPL165C","Saccharomyces cerevisiae S288C","BK006949:237,956..239,077(-)","Set6p","No","1","SET6"
"YPL166W","Saccharomyces cerevisiae S288C","BK006949:237,338..237,979(+)","Atg29p","No","1","ATG29"
"YPL167C","Saccharomyces cerevisiae S288C","BK006949:232,593..237,107(-)","Rev3p","No","1","REV3"
"YPL168W","Saccharomyces cerevisiae S288C","BK006949:231,217..232,509(+)","Mrx4p","No","1","MRX4"
"YPL169C","Saccharomyces cerevisiae S288C","BK006949:229,039..230,838(-)","Mex67p","No","1","MEX67"
"YPL170W","Saccharomyces cerevisiae S288C","BK006949:228,314..228,772(+)","Dap1p","No","1","DAP1"
"YPL171C","Saccharomyces cerevisiae S288C","BK006949:226,169..227,371(-)","NADPH dehydrogenase","No","1","OYE3"
"YPL172C","Saccharomyces cerevisiae S288C","BK006949:224,353..225,741(-)","protoheme IX farnesyltransferase","No","1","COX10"
"YPL173W","Saccharomyces cerevisiae S288C","BK006949:223,143..224,036(+)","mitochondrial 54S ribosomal protein YmL40","No","1","MRPL40"
"YPL174C","Saccharomyces cerevisiae S288C","BK006949:220,167..222,773(-)","Nip100p","No","1","NIP100"
"YPL175W","Saccharomyces cerevisiae S288C","BK006949:218,630..220,088(+)","phosphatidylinositol N-acetylglucosaminyltransferase SPT14","No","1","SPT14"
"YPL176C","Saccharomyces cerevisiae S288C","BK006949:216,012..218,363(-)","Tre1p","No","1","TRE1"
"YPL177C","Saccharomyces cerevisiae S288C","BK006949:213,042..213,962(-)","Cup9p","No","1","CUP9"
"YPL178W","Saccharomyces cerevisiae S288C","BK006949:212,158..212,784(+)","Cbc2p","No","1","CBC2"
"YPL179W","Saccharomyces cerevisiae S288C","BK006949:208,157..209,806(+)","Ppq1p","No","1","PPQ1"
"YPL180W","Saccharomyces cerevisiae S288C","BK006949:205,248..207,647(+)","Tco89p","No","1","TCO89"
"YPL181W","Saccharomyces cerevisiae S288C","BK006949:203,421..204,941(+)","Cti6p","No","1","CTI6"
"YPL183C","Saccharomyces cerevisiae S288C","BK006949:199,495..202,536(-)","Rtt10p","No","1","RTT10"
"YPL183W-A","Saccharomyces cerevisiae S288C","BK006949:199,095..199,376(+)","putative mitochondrial 54S ribosomal protein RTC6","No","1","RTC6"
"YPL184C","Saccharomyces cerevisiae S288C","BK006949:195,950..197,788(-)","Mrn1p","No","1","MRN1"
"YPL186C","Saccharomyces cerevisiae S288C","BK006949:194,512..195,426(-)","Uip4p","No","1","UIP4"
"YPL187W","Saccharomyces cerevisiae S288C","BK006949:193,648..194,145(+)","Mf(alpha)1p","No","1","MF(ALPHA)1"
"YPL188W","Saccharomyces cerevisiae S288C","BK006949:191,406..192,650(+)","NADH kinase","No","1","POS5"
"YPL189C-A","Saccharomyces cerevisiae S288C","BK006949:188,307..188,513(-)","Coa2p","No","1","COA2"
"YPL189W","Saccharomyces cerevisiae S288C","BK006949:189,154..190,983(+)","putative O-acyltransferase","No","1","GUP2"
"YPL190C","Saccharomyces cerevisiae S288C","BK006949:185,317..187,725(-)","Nab3p","No","1","NAB3"
"YPL191C","Saccharomyces cerevisiae S288C","BK006949:183,597..184,679(-)","hypothetical protein","No","1","N/A"
"YPL192C","Saccharomyces cerevisiae S288C","BK006949:182,655..183,056(-)","pheromone-regulated protein PRM3","No","1","PRM3"
"YPL193W","Saccharomyces cerevisiae S288C","BK006949:181,403..182,548(+)","Rsa1p","No","1","RSA1"
"YPL194W","Saccharomyces cerevisiae S288C","BK006949:179,277..181,115(+)","Ddc1p","No","1","DDC1"
"YPL195W","Saccharomyces cerevisiae S288C","BK006949:176,223..179,021(+)","Apl5p","No","1","APL5"
"YPL196W","Saccharomyces cerevisiae S288C","BK006949:175,043..175,864(+)","Oxr1p","No","1","OXR1"
"YPL198W","Saccharomyces cerevisiae S288C","BK006949:173,152..174,702(+)","ribosomal 60S subunit protein L7B","No","1","RPL7B"
"YPL199C","Saccharomyces cerevisiae S288C","BK006949:172,033..172,755(-)","hypothetical protein","No","1","N/A"
"YPL200W","Saccharomyces cerevisiae S288C","BK006949:171,484..171,954(+)","Csm4p","No","1","CSM4"
"YPL201C","Saccharomyces cerevisiae S288C","BK006949:169,770..171,155(-)","Yig1p","No","1","YIG1"
"YPL202C","Saccharomyces cerevisiae S288C","BK006949:168,088..169,338(-)","Aft2p","No","1","AFT2"
"YPL203W","Saccharomyces cerevisiae S288C","BK006949:166,256..167,398(+)","cAMP-dependent protein kinase catalytic subunit TPK2","No","1","TPK2"
"YPL204W","Saccharomyces cerevisiae S288C","BK006949:164,276..165,760(+)","serine/threonine protein kinase HRR25","No","1","HRR25"
"YPL206C","Saccharomyces cerevisiae S288C","BK006949:162,632..163,597(-)","phosphatidylglycerol phospholipase","No","1","PGC1"
"YPL207W","Saccharomyces cerevisiae S288C","BK006949:159,909..162,341(+)","putative tRNA 4-demethylwyosine synthase","No","1","TYW1"
"YPL208W","Saccharomyces cerevisiae S288C","BK006949:157,842..159,593(+)","protein-lysine N-methyltransferase","No","1","RKM1"
"YPL209C","Saccharomyces cerevisiae S288C","BK006949:156,490..157,593(-)","aurora kinase","No","1","IPL1"
"YPL210C","Saccharomyces cerevisiae S288C","BK006949:154,290..156,212(-)","signal recognition particle subunit SRP72","No","1","SRP72"
"YPL211W","Saccharomyces cerevisiae S288C","BK006949:153,495..154,040(+)","ribosome biosynthesis protein NIP7","No","1","NIP7"
"YPL212C","Saccharomyces cerevisiae S288C","BK006949:151,515..153,149(-)","pseudouridine synthase PUS1","No","1","PUS1"
"YPL213W","Saccharomyces cerevisiae S288C","BK006949:150,614..151,330(+)","U2 snRNP complex subunit LEA1","No","1","LEA1"
"YPL214C","Saccharomyces cerevisiae S288C","BK006949:148,569..150,191(-)","bifunctional hydroxyethylthiazole kinase/thiamine-phosphate diphosphorylase","No","1","THI6"
"YPL215W","Saccharomyces cerevisiae S288C","BK006949:147,416..148,423(+)","Cbp3p","No","1","CBP3"
"YPL216W","Saccharomyces cerevisiae S288C","BK006949:143,821..147,129(+)","hypothetical protein","No","1","N/A"
"YPL217C","Saccharomyces cerevisiae S288C","BK006949:139,620..143,171(-)","GTPase BMS1","No","1","BMS1"
"YPL218W","Saccharomyces cerevisiae S288C","BK006949:138,698..139,409(+)","Arf family GTPase SAR1","No","1","SAR1"
"YPL219W","Saccharomyces cerevisiae S288C","BK006949:136,750..138,228(+)","Pcl8p","No","1","PCL8"
"YPL220W","Saccharomyces cerevisiae S288C","BK006949:135,790..136,443(+)","ribosomal 60S subunit protein L1A","No","1","RPL1A"
"YPL221W","Saccharomyces cerevisiae S288C","BK006949:133,043..135,424(+)","flavin adenine dinucleotide transporter","No","1","FLC1"
"YPL222W","Saccharomyces cerevisiae S288C","BK006949:130,162..132,228(+)","Fmp40p","No","1","FMP40"
"YPL223C","Saccharomyces cerevisiae S288C","BK006949:128,632..129,138(-)","Gre1p","No","1","GRE1"
"YPL226W","Saccharomyces cerevisiae S288C","BK006949:121,767..125,357(+)","New1p","No","1","NEW1"
"YPL224C","Saccharomyces cerevisiae S288C","BK006949:126,634..128,088(-)","Mmt2p","No","1","MMT2"
"YPL225W","Saccharomyces cerevisiae S288C","BK006949:126,006..126,446(+)","hypothetical protein","No","1","N/A"
"YPL227C","Saccharomyces cerevisiae S288C","BK006949:120,163..121,167(-)","dolichyl-phosphate beta-glucosyltransferase","No","1","ALG5"
"YPL228W","Saccharomyces cerevisiae S288C","BK006949:118,382..120,031(+)","polynucleotide 5'-phosphatase","No","1","CET1"
"YPL229W","Saccharomyces cerevisiae S288C","BK006949:117,067..117,687(+)","hypothetical protein","No","1","N/A"
"YPL230W","Saccharomyces cerevisiae S288C","BK006949:115,312..116,487(+)","Usv1p","No","1","USV1"
"YPL231W","Saccharomyces cerevisiae S288C","BK006949:108,652..114,315(+)","trifunctional fatty acid synthase subunit FAS2","No","1","FAS2"
"YPL232W","Saccharomyces cerevisiae S288C","BK006949:107,275..108,147(+)","syntaxin","No","1","SSO1"
"YPL233W","Saccharomyces cerevisiae S288C","BK006949:106,172..106,822(+)","MIND complex subunit NSL1","No","1","NSL1"
"YPL234C","Saccharomyces cerevisiae S288C","BK006949:104,946..105,440(-)","H(+)-transporting V0 sector ATPase subunit c'","No","1","VMA11"
"YPL235W","Saccharomyces cerevisiae S288C","BK006949:103,232..104,647(+)","RuvB family ATP-dependent DNA helicase reptin","No","1","RVB2"
"YPL236C","Saccharomyces cerevisiae S288C","BK006949:101,608..102,702(-)","putative serine/threonine protein kinase ENV7","No","1","ENV7"
"YPL237W","Saccharomyces cerevisiae S288C","BK006949:100,496..101,353(+)","translation initiation factor eIF2 subunit beta","No","1","SUI3"
"YPL239W","Saccharomyces cerevisiae S288C","BK006949:99,484..100,086(+)","Yar1p","No","1","YAR1"
"YPL240C","Saccharomyces cerevisiae S288C","BK006949:96,496..98,625(-)","Hsp90 family chaperone HSP82","No","1","HSP82"
"YPL241C","Saccharomyces cerevisiae S288C","BK006949:95,372..96,258(-)","GTPase-activating protein CIN2","No","1","CIN2"
"YPL242C","Saccharomyces cerevisiae S288C","BK006949:90,622..95,109(-)","Iqg1p","No","1","IQG1"
"YPL243W","Saccharomyces cerevisiae S288C","BK006949:88,517..90,316(+)","signal recognition particle subunit SRP68","No","1","SRP68"
"YPL244C","Saccharomyces cerevisiae S288C","BK006949:87,014..88,033(-)","Hut1p","No","1","HUT1"
"YPL245W","Saccharomyces cerevisiae S288C","BK006949:85,586..86,950(+)","hypothetical protein","No","1","N/A"
"YPL246C","Saccharomyces cerevisiae S288C","BK006949:84,509..85,297(-)","putative rhomboid protease RBD2","No","1","RBD2"
"YPL247C","Saccharomyces cerevisiae S288C","BK006949:82,625..84,196(-)","hypothetical protein","No","1","N/A"
"YPL248C","Saccharomyces cerevisiae S288C","BK006949:79,711..82,356(-)","galactose-responsive transcription factor GAL4","No","1","GAL4"
"YPL249C-A","Saccharomyces cerevisiae S288C","BK006949:75,699..76,239(-)","ribosomal 60S subunit protein L36B","No","1","RPL36B"
"YPL249C","Saccharomyces cerevisiae S288C","BK006949:76,669..79,353(-)","Gyp5p","No","1","GYP5"
"YPL250C","Saccharomyces cerevisiae S288C","BK006949:74,309..74,719(-)","Atg41p","No","1","ATG41"
"YPL252C","Saccharomyces cerevisiae S288C","BK006949:73,363..73,881(-)","adrenodoxin","No","1","YAH1"
"YPL253C","Saccharomyces cerevisiae S288C","BK006949:71,063..73,006(-)","Vik1p","No","1","VIK1"
"YPL254W","Saccharomyces cerevisiae S288C","BK006949:69,485..70,951(+)","Hfi1p","No","1","HFI1"
"YPL255W","Saccharomyces cerevisiae S288C","BK006949:67,725..68,882(+)","Bbp1p","No","1","BBP1"
"YPL256C","Saccharomyces cerevisiae S288C","BK006949:64,977..66,614(-)","cyclin CLN2","No","1","CLN2"
"YPL257W-A","Saccharomyces cerevisiae S288C","BK006949:56,748..58,070(+)","gag protein","No","1","TY1A-LR2"
"YPL257W-B","Saccharomyces cerevisiae S288C","BK006949:56,748..62,016(+)","gag-pol fusion protein","No","1","TY1B-PL"
"YPL257W","Saccharomyces cerevisiae S288C","BK006949:63,279..63,860(+)","hypothetical protein","No","1","N/A"
"YPL258C","Saccharomyces cerevisiae S288C","BK006949:53,498..55,153(-)","bifunctional hydroxymethylpyrimidine kinase/phosphomethylpyrimidine kinase","No","1","THI21"
"YPL259C","Saccharomyces cerevisiae S288C","BK006949:51,244..52,671(-)","Apm1p","No","1","APM1"
"YPL260W","Saccharomyces cerevisiae S288C","BK006949:49,303..50,958(+)","hypothetical protein","No","1","CUB1"
"YPL262W","Saccharomyces cerevisiae S288C","BK006949:47,336..48,802(+)","fumarase FUM1","No","1","FUM1"
"YPL263C","Saccharomyces cerevisiae S288C","BK006949:44,551..46,506(-)","Kel3p","No","1","KEL3"
"YPL264C","Saccharomyces cerevisiae S288C","BK006949:43,283..44,344(-)","hypothetical protein","No","1","N/A"
"YPL265W","Saccharomyces cerevisiae S288C","BK006949:41,043..42,869(+)","Dip5p","No","1","DIP5"
"YPL266W","Saccharomyces cerevisiae S288C","BK006949:39,121..40,077(+)","putative dimethyladenosine transferase","No","1","DIM1"
"YPL267W","Saccharomyces cerevisiae S288C","BK006949:38,169..38,798(+)","Acm1p","No","1","ACM1"
"YPL268W","Saccharomyces cerevisiae S288C","BK006949:35,236..37,845(+)","phosphatidylinositol phospholipase C","No","1","PLC1"
"YPL269W","Saccharomyces cerevisiae S288C","BK006949:33,013..34,947(+)","Kar9p","No","1","KAR9"
"YPL270W","Saccharomyces cerevisiae S288C","BK006949:30,482..32,803(+)","ATP-binding cassette permease MDL2","No","1","MDL2"
"YPL271W","Saccharomyces cerevisiae S288C","BK006949:30,079..30,267(+)","F1F0 ATP synthase subunit epsilon","No","1","ATP15"
"YPL272C","Saccharomyces cerevisiae S288C","BK006949:26,611..28,164(-)","Pbi1p","No","1","PBI1"
"YPL273W","Saccharomyces cerevisiae S288C","BK006949:25,087..26,064(+)","S-adenosylmethionine-homocysteine S-methyltransferase SAM4","No","1","SAM4"
"YPL274W","Saccharomyces cerevisiae S288C","BK006949:22,938..24,701(+)","bifunctional polyamine/amino acid permease SAM3","No","1","SAM3"
"YPL277C","Saccharomyces cerevisiae S288C","BK006949:15,405..16,868(-)","hypothetical protein","No","1","N/A"
"YPL278C","Saccharomyces cerevisiae S288C","BK006949:15,053..15,355(-)","hypothetical protein","No","1","N/A"
"YPL279C","Saccharomyces cerevisiae S288C","BK006949:13,228..14,355(-)","fluoride transporter","No","1","FEX2"
"YPL280W","Saccharomyces cerevisiae S288C","BK006949:11,887..12,600(+)","glutathione-independent methylglyoxalase family protein","No","1","HSP32"
"YPL281C","Saccharomyces cerevisiae S288C","BK006949:9,557..10,870(-)","phosphopyruvate hydratase ERR2","No","1","ERR2"
"YPL282C","Saccharomyces cerevisiae S288C","BK006949:7,933..8,427(-)","seripauperin PAU22","No","1","PAU22"
"YPL283C","Saccharomyces cerevisiae S288C","BK006949:280..6,007(-)","Y' element ATP-dependent helicase protein 1 copy 7","No","1","YRF1-7"
"YPR001W","Saccharomyces cerevisiae S288C","BK006949:556,377..557,837(+)","citrate (Si)-synthase CIT3","No","1","CIT3"
"YPR002W","Saccharomyces cerevisiae S288C","BK006949:558,385..559,935(+)","putative 2-methylcitrate dehydratase","No","1","PDH1"
"YPR003C","Saccharomyces cerevisiae S288C","BK006949:561,504..563,768(-)","hypothetical protein","No","1","N/A"
"YPR004C","Saccharomyces cerevisiae S288C","BK006949:564,007..565,041(-)","Aim45p","No","1","AIM45"
"YPR005C","Saccharomyces cerevisiae S288C","BK006949:565,787..566,671(-)","Hal1p","No","1","HAL1"
"YPR006C","Saccharomyces cerevisiae S288C","BK006949:567,269..568,996(-)","methylisocitrate lyase ICL2","No","1","ICL2"
"YPR007C","Saccharomyces cerevisiae S288C","BK006949:569,336..571,378(-)","Rec8p","No","1","REC8"
"YPR008W","Saccharomyces cerevisiae S288C","BK006949:573,018..575,102(+)","Haa1p","No","1","HAA1"
"YPR009W","Saccharomyces cerevisiae S288C","BK006949:576,552..577,358(+)","Sut2p","No","1","SUT2"
"YPR010C-A","Saccharomyces cerevisiae S288C","BK006949:582,373..582,734(-)","hypothetical protein","No","1","MIN8"
"YPR010C","Saccharomyces cerevisiae S288C","BK006949:577,585..581,196(-)","DNA-directed RNA polymerase I core subunit RPA135","No","1","RPA135"
"YPR011C","Saccharomyces cerevisiae S288C","BK006949:583,062..584,042(-)","hypothetical protein","No","1","MRX21"
"YPR013C","Saccharomyces cerevisiae S288C","BK006949:584,632..585,585(-)","Cmr3p","No","1","CMR3"
"YPR015C","Saccharomyces cerevisiae S288C","BK006949:590,283..591,026(-)","hypothetical protein","No","1","N/A"
"YPR016C","Saccharomyces cerevisiae S288C","BK006949:592,332..593,069(-)","translation initiation factor 6","No","1","TIF6"
"YPR017C","Saccharomyces cerevisiae S288C","BK006949:593,486..593,917(-)","guanine nucleotide exchange factor DSS4","No","1","DSS4"
"YPR018W","Saccharomyces cerevisiae S288C","BK006949:594,476..596,296(+)","Rlf2p","No","1","RLF2"
"YPR019W","Saccharomyces cerevisiae S288C","BK006949:596,750..599,551(+)","MCM DNA helicase complex subunit MCM4","No","1","MCM4"
"YPR020W","Saccharomyces cerevisiae S288C","BK006949:599,870..600,217(+)","F1F0 ATP synthase subunit g","No","1","ATP20"
"YPR021C","Saccharomyces cerevisiae S288C","BK006949:600,649..603,357(-)","amino acid transporter AGC1","No","1","AGC1"
"YPR022C","Saccharomyces cerevisiae S288C","BK006949:603,911..607,312(-)","Sdd4p","No","1","SDD4"
"YPR023C","Saccharomyces cerevisiae S288C","BK006949:608,826..610,031(-)","Eaf3p","No","1","EAF3"
"YPR024W","Saccharomyces cerevisiae S288C","BK006949:610,481..612,724(+)","i-AAA protease YME1","No","1","YME1"
"YPR025C","Saccharomyces cerevisiae S288C","BK006949:613,377..614,558(-)","TFIIH complex kinase subunit CCL1","No","1","CCL1"
"YPR026W","Saccharomyces cerevisiae S288C","BK006949:615,379..619,014(+)","alpha","No","1","ATH1"
"YPR027C","Saccharomyces cerevisiae S288C","BK006949:620,425..621,258(-)","hypothetical protein","No","1","N/A"
"YPR028W","Saccharomyces cerevisiae S288C","BK006949:623,527..624,202(+)","Yop1p","No","1","YOP1"
"YPR029C","Saccharomyces cerevisiae S288C","BK006949:624,469..626,967(-)","Apl4p","No","1","APL4"
"YPR030W","Saccharomyces cerevisiae S288C","BK006949:627,880..631,245(+)","Csr2p","No","1","CSR2"
"YPR031W","Saccharomyces cerevisiae S288C","BK006949:631,515..633,761(+)","Nto1p","No","1","NTO1"
"YPR032W","Saccharomyces cerevisiae S288C","BK006949:634,123..637,224(+)","Rab GTPase-binding protein SRO7","No","1","SRO7"
"YPR033C","Saccharomyces cerevisiae S288C","BK006949:637,379..639,019(-)","histidine--tRNA ligase","No","1","HTS1"
"YPR034W","Saccharomyces cerevisiae S288C","BK006949:639,525..640,958(+)","Arp7p","No","1","ARP7"
"YPR035W","Saccharomyces cerevisiae S288C","BK006949:642,208..643,320(+)","glutamate--ammonia ligase","No","1","GLN1"
"YPR036W-A","Saccharomyces cerevisiae S288C","BK006949:645,950..646,153(+)","Spo24p","No","1","SPO24"
"YPR036W","Saccharomyces cerevisiae S288C","BK006949:643,836..645,272(+)","H(+)-transporting V1 sector ATPase subunit H","No","1","VMA13"
"YPR037C","Saccharomyces cerevisiae S288C","BK006949:646,448..647,038(-)","flavin-linked sulfhydryl oxidase","No","1","ERV2"
"YPR040W","Saccharomyces cerevisiae S288C","BK006949:647,305..648,375(+)","Tip41p","No","1","TIP41"
"YPR041W","Saccharomyces cerevisiae S288C","BK006949:648,704..649,921(+)","translation initiation factor eIF5","No","1","TIF5"
"YPR042C","Saccharomyces cerevisiae S288C","BK006949:650,435..653,662(-)","Puf2p","No","1","PUF2"
"YPR043W","Saccharomyces cerevisiae S288C","BK006949:654,166..654,847(+)","ribosomal 60S subunit protein L43A","No","1","RPL43A"
"YPR045C","Saccharomyces cerevisiae S288C","BK006949:655,140..656,552(-)","Thp3p","No","1","THP3"
"YPR046W","Saccharomyces cerevisiae S288C","BK006949:656,799..657,344(+)","Mcm16p","No","1","MCM16"
"YPR047W","Saccharomyces cerevisiae S288C","BK006949:657,529..658,938(+)","phenylalanine--tRNA ligase","No","1","MSF1"
"YPR048W","Saccharomyces cerevisiae S288C","BK006949:659,182..661,053(+)","NAPDH-dependent diflavin reductase","No","1","TAH18"
"YPR052C","Saccharomyces cerevisiae S288C","BK006949:665,693..665,974(-)","high-mobility group nucleosome-binding protein","No","1","NHP6A"
"YPR049C","Saccharomyces cerevisiae S288C","BK006949:661,137..664,673(-)","autophagy protein ATG11","No","1","ATG11"
"YPR051W","Saccharomyces cerevisiae S288C","BK006949:664,960..665,490(+)","peptide alpha-N-acetyltransferase MAK3","No","1","MAK3"
"YPR054W","Saccharomyces cerevisiae S288C","BK006949:666,280..667,446(+)","mitogen-activated protein kinase SMK1","No","1","SMK1"
"YPR055W","Saccharomyces cerevisiae S288C","BK006949:667,676..670,873(+)","exocyst subunit SEC8","No","1","SEC8"
"YPR056W","Saccharomyces cerevisiae S288C","BK006949:671,126..672,142(+)","TFIIH/NER complex subunit TFB4","No","1","TFB4"
"YPR057W","Saccharomyces cerevisiae S288C","BK006949:672,471..673,496(+)","Brr1p","No","1","BRR1"
"YPR058W","Saccharomyces cerevisiae S288C","BK006949:673,751..674,674(+)","organic acid transporter","No","1","YMC1"
"YPR060C","Saccharomyces cerevisiae S288C","BK006949:674,861..675,631(-)","chorismate mutase ARO7","No","1","ARO7"
"YPR061C","Saccharomyces cerevisiae S288C","BK006949:675,977..676,882(-)","Jid1p","No","1","JID1"
"YPR062W","Saccharomyces cerevisiae S288C","BK006949:677,165..677,641(+)","cytosine deaminase","No","1","FCY1"
"YPR063C","Saccharomyces cerevisiae S288C","BK006949:677,812..678,320(-)","hypothetical protein","No","1","N/A"
"YPR065W","Saccharomyces cerevisiae S288C","BK006949:679,693..680,799(+)","Rox1p","No","1","ROX1"
"YPR066W","Saccharomyces cerevisiae S288C","BK006949:681,213..682,112(+)","NEDD8-activating protein UBA3","No","1","UBA3"
"YPR067W","Saccharomyces cerevisiae S288C","BK006949:682,220..682,777(+)","Isa2p","No","1","ISA2"
"YPR068C","Saccharomyces cerevisiae S288C","BK006949:682,941..684,353(-)","histone deacetylase","No","1","HOS1"
"YPR069C","Saccharomyces cerevisiae S288C","BK006949:684,556..685,437(-)","spermidine synthase","No","1","SPE3"
"YPR070W","Saccharomyces cerevisiae S288C","BK006949:685,898..687,598(+)","Med1p","No","1","MED1"
"YPR071W","Saccharomyces cerevisiae S288C","BK006949:688,172..688,807(+)","hypothetical protein","No","1","N/A"
"YPR072W","Saccharomyces cerevisiae S288C","BK006949:690,107..691,789(+)","CCR4-NOT core subunit NOT5","No","1","NOT5"
"YPR073C","Saccharomyces cerevisiae S288C","BK006949:691,933..692,418(-)","tyrosine protein phosphatase LTP1","No","1","LTP1"
"YPR074C","Saccharomyces cerevisiae S288C","BK006949:692,796..694,838(-)","transketolase TKL1","No","1","TKL1"
"YPR075C","Saccharomyces cerevisiae S288C","BK006949:695,737..696,819(-)","Opy2p","No","1","OPY2"
"YPR078C","Saccharomyces cerevisiae S288C","BK006949:697,147..698,265(-)","hypothetical protein","No","1","N/A"
"YPR079W","Saccharomyces cerevisiae S288C","BK006949:698,869..700,014(+)","Mrl1p","No","1","MRL1"
"YPR080W","Saccharomyces cerevisiae S288C","BK006949:700,594..701,970(+)","translation elongation factor EF-1 alpha","No","1","TEF1"
"YPR081C","Saccharomyces cerevisiae S288C","BK006949:702,114..703,970(-)","putative glycine--tRNA ligase","No","1","GRS2"
"YPR082C","Saccharomyces cerevisiae S288C","BK006949:704,225..704,656(-)","U4/U6-U5 snRNP complex subunit DIB1","No","1","DIB1"
"YPR083W","Saccharomyces cerevisiae S288C","BK006949:704,854..706,593(+)","Mdm36p","No","1","MDM36"
"YPR084W","Saccharomyces cerevisiae S288C","BK006949:706,972..708,342(+)","hypothetical protein","No","1","N/A"
"YPR085C","Saccharomyces cerevisiae S288C","BK006949:708,497..709,828(-)","Asa1p","No","1","ASA1"
"YPR086W","Saccharomyces cerevisiae S288C","BK006949:710,101..711,138(+)","transcription factor TFIIB","No","1","SUA7"
"YPR088C","Saccharomyces cerevisiae S288C","BK006949:711,403..713,028(-)","RNA-binding signal recognition particle subunit SRP54","No","1","SRP54"
"YPR089W","Saccharomyces cerevisiae S288C","BK006949:713,275..715,941(+)","hypothetical protein","No","1","N/A"
"YPR091C","Saccharomyces cerevisiae S288C","BK006949:716,156..718,468(-)","Nvj2p","No","1","NVJ2"
"YPR093C","Saccharomyces cerevisiae S288C","BK006949:719,558..720,424(-)","ubiquitin-protein ligase ASR1","No","1","ASR1"
"YPR094W","Saccharomyces cerevisiae S288C","BK006949:720,637..720,960(+)","U2 snRNP complex subunit RDS3","No","1","RDS3"
"YPR095C","Saccharomyces cerevisiae S288C","BK006949:721,037..724,717(-)","Arf family guanine nucleotide exchange factor SYT1","No","1","SYT1"
"YPR096C","Saccharomyces cerevisiae S288C","BK006949:724,842..725,144(-)","hypothetical protein","No","1","N/A"
"YPR097W","Saccharomyces cerevisiae S288C","BK006949:725,394..728,615(+)","hypothetical protein","No","1","N/A"
"YPR098C","Saccharomyces cerevisiae S288C","BK006949:728,947..729,528(-)","hypothetical protein","No","1","TMH18"
"YPR100W","Saccharomyces cerevisiae S288C","BK006949:729,791..730,213(+)","mitochondrial 54S ribosomal protein MRPL51","No","1","MRPL51"
"YPR101W","Saccharomyces cerevisiae S288C","BK006949:730,492..731,019(+)","Snt309p","No","1","SNT309"
"YPR102C","Saccharomyces cerevisiae S288C","BK006949:731,224..731,748(-)","ribosomal 60S subunit protein L11A","No","1","RPL11A"
"YPR103W","Saccharomyces cerevisiae S288C","BK006949:732,349..733,212(+)","proteasome core particle subunit beta 5","No","1","PRE2"
"YPR104C","Saccharomyces cerevisiae S288C","BK006949:733,623..736,433(-)","Fhl1p","No","1","FHL1"
"YPR105C","Saccharomyces cerevisiae S288C","BK006949:736,984..739,569(-)","Golgi transport complex subunit COG4","No","1","COG4"
"YPR106W","Saccharomyces cerevisiae S288C","BK006949:740,061..741,392(+)","putative protein kinase ISR1","No","1","ISR1"
"YPR107C","Saccharomyces cerevisiae S288C","BK006949:741,438..742,064(-)","cleavage polyadenylation factor RNA-binding subunit YTH1","No","1","YTH1"
"YPR108W-A","Saccharomyces cerevisiae S288C","BK006949:744,175..744,387(+)","hypothetical protein","No","1","N/A"
"YPR108W","Saccharomyces cerevisiae S288C","BK006949:742,454..743,743(+)","proteasome regulatory particle lid subunit RPN7","No","1","RPN7"
"YPR109W","Saccharomyces cerevisiae S288C","BK006949:744,689..745,573(+)","hypothetical protein","No","1","GLD1"
"YPR110C","Saccharomyces cerevisiae S288C","BK006949:745,828..746,835(-)","DNA-directed RNA polymerase core subunit RPC40","No","1","RPC40"
"YPR111W","Saccharomyces cerevisiae S288C","BK006949:747,306..749,000(+)","serine/threonine-protein kinase DBF20","No","1","DBF20"
"YPR112C","Saccharomyces cerevisiae S288C","BK006949:749,256..751,919(-)","RNA-binding ribosome biosynthesis protein MRD1","No","1","MRD1"
"YPR113W","Saccharomyces cerevisiae S288C","BK006949:752,257..752,919(+)","CDP-diacylglycerol--inositol 3-phosphatidyltransferase","No","1","PIS1"
"YPR114W","Saccharomyces cerevisiae S288C","BK006949:753,301..754,248(+)","hypothetical protein","No","1","N/A"
"YPR115W","Saccharomyces cerevisiae S288C","BK006949:754,877..758,128(+)","Rgc1p","No","1","RGC1"
"YPR116W","Saccharomyces cerevisiae S288C","BK006949:758,648..759,481(+)","Rrg8p","No","1","RRG8"
"YPR117W","Saccharomyces cerevisiae S288C","BK006949:760,025..767,494(+)","hypothetical protein","No","1","N/A"
"YPR118W","Saccharomyces cerevisiae S288C","BK006949:767,752..768,987(+)","S-methyl-5-thioribose-1-phosphate isomerase MRI1","No","1","MRI1"
"YPR119W","Saccharomyces cerevisiae S288C","BK006949:771,653..773,128(+)","B-type cyclin CLB2","No","1","CLB2"
"YPR120C","Saccharomyces cerevisiae S288C","BK006949:773,875..775,182(-)","B-type cyclin CLB5","No","1","CLB5"
"YPR121W","Saccharomyces cerevisiae S288C","BK006949:778,583..780,301(+)","putative phosphomethylpyrimidine kinase","No","1","THI22"
"YPR122W","Saccharomyces cerevisiae S288C","BK006949:782,045..785,671(+)","Axl1p","No","1","AXL1"
"YPR124W","Saccharomyces cerevisiae S288C","BK006949:786,208..787,428(+)","high-affinity Cu transporter CTR1","No","1","CTR1"
"YPR125W","Saccharomyces cerevisiae S288C","BK006949:787,961..789,325(+)","Ylh47p","No","1","YLH47"
"YPR127W","Saccharomyces cerevisiae S288C","BK006949:790,083..791,120(+)","pyridoxine 4-dehydrogenase","No","1","N/A"
"YPR128C","Saccharomyces cerevisiae S288C","BK006949:791,218..792,204(-)","Ant1p","No","1","ANT1"
"YPR129W","Saccharomyces cerevisiae S288C","BK006949:792,687..793,736(+)","Scd6p","No","1","SCD6"
"YPR131C","Saccharomyces cerevisiae S288C","BK006949:793,911..794,498(-)","peptide alpha-N-acetyltransferase complex B subunit NAT3","No","1","NAT3"
"YPR132W","Saccharomyces cerevisiae S288C","BK006949:794,965..795,767(+)","ribosomal 40S subunit protein S23B","No","1","RPS23B"
"YPR133C","Saccharomyces cerevisiae S288C","BK006949:795,978..797,210(-)","Spn1p","No","1","SPN1"
"YPR133W-A","Saccharomyces cerevisiae S288C","BK006949:797,557..797,709(+)","Tom5p","No","1","TOM5"
"YPR134W","Saccharomyces cerevisiae S288C","BK006949:798,051..798,857(+)","Mss18p","No","1","MSS18"
"YPR135W","Saccharomyces cerevisiae S288C","BK006949:799,234..802,017(+)","chromatin-binding protein CTF4","No","1","CTF4"
"YPR137C-A","Saccharomyces cerevisiae S288C","BK006949:808,947..810,269(-)","gag protein","No","1","TY1A-PR1"
"YPR137C-B","Saccharomyces cerevisiae S288C","BK006949:805,001..810,269(-)","gag-pol fusion protein","No","1","TY1B-PR1"
"YPR137W","Saccharomyces cerevisiae S288C","BK006949:802,359..804,080(+)","Rrp9p","No","1","RRP9"
"YPR138C","Saccharomyces cerevisiae S288C","BK006949:810,984..812,453(-)","ammonium permease MEP3","No","1","MEP3"
"YPR139C","Saccharomyces cerevisiae S288C","BK006949:813,156..814,058(-)","lysophosphatidic acid acyltransferase LOA1","No","1","LOA1"
"YPR140W","Saccharomyces cerevisiae S288C","BK006949:814,391..815,536(+)","lysophosphatidylcholine acyltransferase","No","1","TAZ1"
"YPR141C","Saccharomyces cerevisiae S288C","BK006949:815,734..817,923(-)","Kar3p","No","1","KAR3"
"YPR143W","Saccharomyces cerevisiae S288C","BK006949:818,323..819,075(+)","Rrp15p","No","1","RRP15"
"YPR144C","Saccharomyces cerevisiae S288C","BK006949:819,765..821,423(-)","ribosome biosynthesis protein NOC4","No","1","NOC4"
"YPR145C-A","Saccharomyces cerevisiae S288C","BK006949:824,690..824,926(-)","hypothetical protein","No","1","N/A"
"YPR145W","Saccharomyces cerevisiae S288C","BK006949:822,620..824,338(+)","asparagine synthase (glutamine-hydrolyzing) 1","No","1","ASN1"
"YPR147C","Saccharomyces cerevisiae S288C","BK006949:825,645..826,559(-)","hypothetical protein","No","1","N/A"
"YPR148C","Saccharomyces cerevisiae S288C","BK006949:826,833..828,140(-)","hypothetical protein","No","1","N/A"
"YPR149W","Saccharomyces cerevisiae S288C","BK006949:829,918..830,439(+)","Nce102p","No","1","NCE102"
"YPR151C","Saccharomyces cerevisiae S288C","BK006949:831,055..831,675(-)","Sue1p","No","1","SUE1"
"YPR152C","Saccharomyces cerevisiae S288C","BK006949:832,061..833,458(-)","Urn1p","No","1","URN1"
"YPR153W","Saccharomyces cerevisiae S288C","BK006949:833,689..834,245(+)","hypothetical protein","No","1","MAY24"
"YPR154W","Saccharomyces cerevisiae S288C","BK006949:834,565..835,212(+)","Pin3p","No","1","PIN3"
"YPR155C","Saccharomyces cerevisiae S288C","BK006949:835,563..837,413(-)","Nca2p","No","1","NCA2"
"YPR156C","Saccharomyces cerevisiae S288C","BK006949:837,909..839,777(-)","spermine transporter","No","1","TPO3"
"YPR157W","Saccharomyces cerevisiae S288C","BK006949:841,266..842,669(+)","Tda6p","No","1","TDA6"
"YPR158C-C","Saccharomyces cerevisiae S288C","BK006949:854,935..856,257(-)","gag protein","No","1","TY1A-PR3"
"YPR158C-D","Saccharomyces cerevisiae S288C","BK006949:850,989..856,257(-)","gag-pol fusion protein","No","1","TY1B-PR3"
"YPR158W-A","Saccharomyces cerevisiae S288C","BK006949:844,709..846,031(+)","gag protein","No","1","TY1A-OR"
"YPR158W-B","Saccharomyces cerevisiae S288C","BK006949:844,709..849,980(+)","gag-pol fusion protein","No","1","TY1B-PR2"
"YPR158W","Saccharomyces cerevisiae S288C","BK006949:843,262..844,020(+)","Cur1p","No","1","CUR1"
"YPR159C-A","Saccharomyces cerevisiae S288C","BK006949:860,314..860,415(-)","hypothetical protein","No","1","N/A"
"YPR159W","Saccharomyces cerevisiae S288C","BK006949:857,583..859,745(+)","beta-glucan synthesis-associated protein KRE6","No","1","KRE6"
"YPR160W","Saccharomyces cerevisiae S288C","BK006949:861,306..864,014(+)","glycogen phosphorylase","No","1","GPH1"
"YPR163C","Saccharomyces cerevisiae S288C","BK006949:868,645..869,955(-)","Tif3p","No","1","TIF3"
"YPR161C","Saccharomyces cerevisiae S288C","BK006949:864,449..866,422(-)","cyclin-dependent serine/threonine protein kinase SGV1","No","1","SGV1"
"YPR162C","Saccharomyces cerevisiae S288C","BK006949:866,715..868,304(-)","origin recognition complex subunit 4","No","1","ORC4"
"YPR164W","Saccharomyces cerevisiae S288C","BK006949:870,703..874,926(+)","Mms1p","No","1","MMS1"
"YPR165W","Saccharomyces cerevisiae S288C","BK006949:875,368..875,997(+)","Rho family GTPase RHO1","No","1","RHO1"
"YPR166C","Saccharomyces cerevisiae S288C","BK006949:876,282..876,629(-)","mitochondrial 37S ribosomal protein MRP2","No","1","MRP2"
"YPR167C","Saccharomyces cerevisiae S288C","BK006949:876,847..877,632(-)","phosphoadenylyl-sulfate reductase (thioredoxin)","No","1","MET16"
"YPR168W","Saccharomyces cerevisiae S288C","BK006949:878,076..878,549(+)","mediator complex subunit NUT2","No","1","NUT2"
"YPR169W","Saccharomyces cerevisiae S288C","BK006949:878,690..880,168(+)","Jip5p","No","1","JIP5"
"YPR170W-B","Saccharomyces cerevisiae S288C","BK006949:883,239..883,595(+)","hypothetical protein","No","1","N/A"
"YPR171W","Saccharomyces cerevisiae S288C","BK006949:883,828..885,558(+)","Bsp1p","No","1","BSP1"
"YPR172W","Saccharomyces cerevisiae S288C","BK006949:885,796..886,398(+)","pyridoxal 5'-phosphate synthase","No","1","N/A"
"YPR173C","Saccharomyces cerevisiae S288C","BK006949:886,524..887,837(-)","AAA family ATPase VPS4","No","1","VPS4"
"YPR174C","Saccharomyces cerevisiae S288C","BK006949:888,043..888,708(-)","hypothetical protein","No","1","CSA1"
"YPR175W","Saccharomyces cerevisiae S288C","BK006949:888,974..891,043(+)","DNA polymerase epsilon noncatalytic subunit","No","1","DPB2"
"YPR176C","Saccharomyces cerevisiae S288C","BK006949:891,101..892,078(-)","Rab geranylgeranyltransferase BET2","No","1","BET2"
"YPR178W","Saccharomyces cerevisiae S288C","BK006949:892,332..893,729(+)","U4/U6-U5 snRNP complex subunit PRP4","No","1","PRP4"
"YPR179C","Saccharomyces cerevisiae S288C","BK006949:893,797..895,764(-)","Hda3p","No","1","HDA3"
"YPR180W","Saccharomyces cerevisiae S288C","BK006949:895,961..897,004(+)","E1 ubiquitin-activating protein AOS1","No","1","AOS1"
"YPR181C","Saccharomyces cerevisiae S288C","BK006949:897,361..899,667(-)","GTPase-activating protein SEC23","No","1","SEC23"
"YPR182W","Saccharomyces cerevisiae S288C","BK006949:900,194..900,454(+)","mRNA splicing protein SMX3","No","1","SMX3"
"YPR183W","Saccharomyces cerevisiae S288C","BK006949:900,755..901,558(+)","dolichyl-phosphate beta-D-mannosyltransferase","No","1","DPM1"
"YPR184W","Saccharomyces cerevisiae S288C","BK006949:902,044..906,654(+)","bifunctional 4-alpha-glucanotransferase/amylo-alpha-1,6-glucosidase","No","1","GDB1"
"YPR185W","Saccharomyces cerevisiae S288C","BK006949:907,218..909,434(+)","serine/threonine protein kinase regulatory subunit ATG13","No","1","ATG13"
"YPR186C","Saccharomyces cerevisiae S288C","BK006949:909,733..911,022(-)","Pzf1p","No","1","PZF1"
"YPR187W","Saccharomyces cerevisiae S288C","BK006949:911,257..911,800(+)","DNA-directed RNA polymerase core subunit RPO26","No","1","RPO26"
"YPR188C","Saccharomyces cerevisiae S288C","BK006949:911,988..912,479(-)","Mlc2p","No","1","MLC2"
"YPR189W","Saccharomyces cerevisiae S288C","BK006949:912,664..916,962(+)","SKI complex subunit tetratricopeptide repeat protein SKI3","No","1","SKI3"
"YPR190C","Saccharomyces cerevisiae S288C","BK006949:917,077..919,041(-)","DNA-directed RNA polymerase III subunit C82","No","1","RPC82"
"YPR191W","Saccharomyces cerevisiae S288C","BK006949:919,381..920,487(+)","ubiquinol--cytochrome-c reductase subunit 2","No","1","QCR2"
"YPR192W","Saccharomyces cerevisiae S288C","BK006949:921,860..922,777(+)","Aqy1p","No","1","AQY1"
"YPR193C","Saccharomyces cerevisiae S288C","BK006949:922,909..923,379(-)","histone acetyltransferase","No","1","HPA2"
"YPR194C","Saccharomyces cerevisiae S288C","BK006949:924,304..926,937(-)","Opt2p","No","1","OPT2"
"YPR196W","Saccharomyces cerevisiae S288C","BK006949:931,376..932,788(+)","putative maltose-responsive transcription factor","No","1","N/A"
"YPR198W","Saccharomyces cerevisiae S288C","BK006949:934,034..935,665(+)","Sge1p","No","1","SGE1"
"YPR199C","Saccharomyces cerevisiae S288C","BK006949:938,148..939,032(-)","Arr1p","No","1","ARR1"
"YPR200C","Saccharomyces cerevisiae S288C","BK006949:939,279..939,671(-)","Arr2p","No","1","ARR2"
"YPR201W","Saccharomyces cerevisiae S288C","BK006949:939,922..941,136(+)","Arr3p","No","1","ARR3"
"YPR202W","Saccharomyces cerevisiae S288C","BK006949:943,032..943,896(+)","hypothetical protein","No","1","N/A"
"YPR203W","Saccharomyces cerevisiae S288C","BK006949:943,880..944,188(+)","hypothetical protein","No","1","N/A"
"YPR204W","Saccharomyces cerevisiae S288C","BK006949:944,603..947,701(+)","Y' element ATP-dependent helicase","No","1","N/A"
