Species,trait,value,source,notes
Mucor circinelloides,hyphal_septation,coenocytic,,mucoralean hyphae are aseptate except near sporangiophores
Mucor circinelloides,spore_motility,nonmotile,,sporangiospores; no flagellum
Mucor circinelloides,thermotolerance,high,,grows at 37C+; clinically relevant (mucormycosis)
Mucor circinelloides,animal_association,pathogen,,opportunistic agent of mucormycosis in immunocompromised hosts; well established in medical mycology literature
Mucor circinelloides,trophic_mode,saprotroph,FUNGuild (Fungi_5k functionalDB) confidenceRanking=Probable,"genus-level call (guild ""Undefined Saprotroph"") -- not species-verified"
Phycomyces blakesleeanus,hyphal_septation,coenocytic,,
Phycomyces blakesleeanus,spore_motility,nonmotile,,
Phycomyces blakesleeanus,light_response,phototropic,,classic sporangiophore phototropism model organism
Phycomyces blakesleeanus,trophic_mode,saprotroph,FUNGuild (Fungi_5k functionalDB) confidenceRanking=Probable,"genus-level call (guild ""Dung Saprotroph-Undefined Saprotroph"") -- not species-verified"
Basidiobolus meristosporus,hyphal_septation,septate,,unusual among early-diverging fungi for regular septa
Basidiobolus meristosporus,animal_association,commensal,,amphibian/reptile gut commensal
Basidiobolus meristosporus,animal_association,pathogen,,"causes basidiobolomycosis (subcutaneous zygomycosis) in humans/animals, typically opportunistic/rare; needs a primary-literature citation before treating as settled"
Basidiobolus meristosporus,spore_motility,nonmotile,,forcibly discharged conidia; not flagellated
Basidiobolus meristosporus,trophic_mode,pathotroph,FUNGuild (Fungi_5k functionalDB) confidenceRanking=Probable,"genus-level call (trophicMode ""Pathotroph-Saprotroph-Symbiotroph"") -- not species-verified"
Basidiobolus meristosporus,trophic_mode,saprotroph,FUNGuild (Fungi_5k functionalDB) confidenceRanking=Probable,"genus-level call, see above"
Basidiobolus meristosporus,trophic_mode,symbiotroph,FUNGuild (Fungi_5k functionalDB) confidenceRanking=Probable,"genus-level call, see above"
Spizellomyces punctatus,hyphal_septation,unicellular_rhizoidal,,chytrid growth form; no true hyphae
Spizellomyces punctatus,spore_motility,motile,,flagellated zoospore
Spizellomyces punctatus,habitat,aquatic_soil,,
Spizellomyces punctatus,trophic_mode,pathotroph,FUNGuild (Fungi_5k functionalDB) confidenceRanking=Probable,"genus-level call (trophicMode ""Pathotroph-Saprotroph""); guild also carries ""Undefined Parasite"" -- host unspecified"
Spizellomyces punctatus,trophic_mode,saprotroph,FUNGuild (Fungi_5k functionalDB) confidenceRanking=Probable,"genus-level call, see above"
Spizellomyces punctatus,plant_association,pathogen,FUNGuild (Fungi_5k functionalDB) confidenceRanking=Probable,"genus-level call (guild ""Plant Pathogen"") -- not species-verified"
Spizellomyces punctatus,plant_association,saprotroph_plant_material,FUNGuild (Fungi_5k functionalDB) confidenceRanking=Probable,"genus-level call (guild ""Pollen Saprotroph"") -- not species-verified"
Actinomucor elegans,cell_morphology,filamentous,FUNGuild (Fungi_5k functionalDB) confidenceRanking=Probable,"genus-level call (growthForm ""Microfungus"")"
Actinomucor elegans,trophic_mode,pathotroph,FUNGuild (Fungi_5k functionalDB) confidenceRanking=Probable,"genus-level call (trophicMode ""Pathotroph-Saprotroph"")"
Actinomucor elegans,trophic_mode,saprotroph,FUNGuild (Fungi_5k functionalDB) confidenceRanking=Probable,"genus-level call (trophicMode ""Pathotroph-Saprotroph"")"
Actinomucor elegans,animal_association,pathogen,FUNGuild (Fungi_5k functionalDB) confidenceRanking=Probable,"genus-level call (guild ""Animal Parasite-|Undefined Saprotroph|"")"
Chlamydoabsidia padenii,cell_morphology,filamentous,FUNGuild (Fungi_5k functionalDB) confidenceRanking=Probable,"genus-level call (growthForm ""Microfungus"")"
Chlamydoabsidia padenii,trophic_mode,saprotroph,FUNGuild (Fungi_5k functionalDB) confidenceRanking=Probable,"genus-level call (trophicMode ""Saprotroph"")"
Dichotomocladium elegans,cell_morphology,filamentous,FUNGuild (Fungi_5k functionalDB) confidenceRanking=Probable,"genus-level call (growthForm ""Microfungus"")"
Dichotomocladium elegans,trophic_mode,saprotroph,FUNGuild (Fungi_5k functionalDB) confidenceRanking=Probable,"genus-level call (trophicMode ""Saprotroph"")"
Fimicolochytrium jonesii,trophic_mode,pathotroph,FUNGuild (Fungi_5k functionalDB) confidenceRanking=Probable,"genus-level call (trophicMode ""Pathotroph-Saprotroph"")"
Fimicolochytrium jonesii,trophic_mode,saprotroph,FUNGuild (Fungi_5k functionalDB) confidenceRanking=Probable,"genus-level call (trophicMode ""Pathotroph-Saprotroph"")"
Fimicolochytrium jonesii,plant_association,pathogen,FUNGuild (Fungi_5k functionalDB) confidenceRanking=Probable,"genus-level call (guild ""Algal Parasite-Plant Pathogen-|Pollen Saprotroph|"")"
Fimicolochytrium jonesii,plant_association,saprotroph_plant_material,FUNGuild (Fungi_5k functionalDB) confidenceRanking=Probable,"genus-level call (guild ""Algal Parasite-Plant Pathogen-|Pollen Saprotroph|"")"
Fimicolochytrium jonesii,algal_association,pathogen,FUNGuild (Fungi_5k functionalDB) confidenceRanking=Probable,"genus-level call (guild ""Algal Parasite-Plant Pathogen-|Pollen Saprotroph|"")"
Gaertneriomyces semiglobifer,trophic_mode,pathotroph,FUNGuild (Fungi_5k functionalDB) confidenceRanking=Probable,"genus-level call (trophicMode ""Pathotroph-Saprotroph"")"
Gaertneriomyces semiglobifer,trophic_mode,saprotroph,FUNGuild (Fungi_5k functionalDB) confidenceRanking=Probable,"genus-level call (trophicMode ""Pathotroph-Saprotroph"")"
Gaertneriomyces semiglobifer,plant_association,pathogen,FUNGuild (Fungi_5k functionalDB) confidenceRanking=Probable,"genus-level call (guild ""Algal Parasite-Plant Pathogen-|Pollen Saprotroph|"")"
Gaertneriomyces semiglobifer,plant_association,saprotroph_plant_material,FUNGuild (Fungi_5k functionalDB) confidenceRanking=Probable,"genus-level call (guild ""Algal Parasite-Plant Pathogen-|Pollen Saprotroph|"")"
Gaertneriomyces semiglobifer,algal_association,pathogen,FUNGuild (Fungi_5k functionalDB) confidenceRanking=Probable,"genus-level call (guild ""Algal Parasite-Plant Pathogen-|Pollen Saprotroph|"")"
Gongronella butleri,cell_morphology,filamentous,FUNGuild (Fungi_5k functionalDB) confidenceRanking=Probable,"genus-level call (growthForm ""Microfungus"")"
Gongronella butleri,trophic_mode,saprotroph,FUNGuild (Fungi_5k functionalDB) confidenceRanking=Probable,"genus-level call (trophicMode ""Saprotroph"")"
Halteromyces radiatus,cell_morphology,filamentous,FUNGuild (Fungi_5k functionalDB) confidenceRanking=Probable,"genus-level call (growthForm ""Microfungus"")"
Halteromyces radiatus,trophic_mode,saprotroph,FUNGuild (Fungi_5k functionalDB) confidenceRanking=Probable,"genus-level call (trophicMode ""Saprotroph"")"
Sporodiniella umbellata,cell_morphology,filamentous,FUNGuild (Fungi_5k functionalDB) confidenceRanking=Probable,"genus-level call (growthForm ""Microfungus"")"
Sporodiniella umbellata,trophic_mode,pathotroph,FUNGuild (Fungi_5k functionalDB) confidenceRanking=Probable,"genus-level call (trophicMode ""Pathotroph-Saprotroph"")"
Sporodiniella umbellata,trophic_mode,saprotroph,FUNGuild (Fungi_5k functionalDB) confidenceRanking=Probable,"genus-level call (trophicMode ""Pathotroph-Saprotroph"")"
Sporodiniella umbellata,animal_association,pathogen,FUNGuild (Fungi_5k functionalDB) confidenceRanking=Probable,"genus-level call (guild ""Arthropod Parasite-|Undefined Saprotroph|""); arthropod-specific parasite"
Thoreauomyces humboldtii,trophic_mode,pathotroph,FUNGuild (Fungi_5k functionalDB) confidenceRanking=Probable,"genus-level call (trophicMode ""Pathotroph-Saprotroph"")"
Thoreauomyces humboldtii,trophic_mode,saprotroph,FUNGuild (Fungi_5k functionalDB) confidenceRanking=Probable,"genus-level call (trophicMode ""Pathotroph-Saprotroph"")"
Thoreauomyces humboldtii,plant_association,pathogen,FUNGuild (Fungi_5k functionalDB) confidenceRanking=Probable,"genus-level call (guild ""Algal Parasite-Plant Pathogen-|Pollen Saprotroph|"")"
Thoreauomyces humboldtii,plant_association,saprotroph_plant_material,FUNGuild (Fungi_5k functionalDB) confidenceRanking=Probable,"genus-level call (guild ""Algal Parasite-Plant Pathogen-|Pollen Saprotroph|"")"
Thoreauomyces humboldtii,algal_association,pathogen,FUNGuild (Fungi_5k functionalDB) confidenceRanking=Probable,"genus-level call (guild ""Algal Parasite-Plant Pathogen-|Pollen Saprotroph|"")"
Absidia cylindrospora,cell_morphology,filamentous,FUNGuild (Fungi_5k functionalDB) confidenceRanking=Probable,"genus-level call (growthForm ""Microfungus"")"
Absidia cylindrospora,trophic_mode,saprotroph,FUNGuild (Fungi_5k functionalDB) confidenceRanking=Probable,"genus-level call (trophicMode ""Saprotroph"")"
Backusella australiensis,cell_morphology,filamentous,FUNGuild (Fungi_5k functionalDB) confidenceRanking=Probable,"genus-level call (growthForm ""Microfungus-Sporophores"")"
Backusella australiensis,trophic_mode,saprotroph,FUNGuild (Fungi_5k functionalDB) confidenceRanking=Probable,"genus-level call (trophicMode ""Saprotroph"")"
Circinella minor,cell_morphology,filamentous,FUNGuild (Fungi_5k functionalDB) confidenceRanking=Probable,"genus-level call (growthForm ""Microfungus"")"
Circinella minor,trophic_mode,saprotroph,FUNGuild (Fungi_5k functionalDB) confidenceRanking=Probable,"genus-level call (trophicMode ""Saprotroph"")"
Parasitella parasitica,cell_morphology,filamentous,FUNGuild (Fungi_5k functionalDB) confidenceRanking=Probable,"genus-level call (growthForm ""Microfungus"")"
Parasitella parasitica,trophic_mode,pathotroph,FUNGuild (Fungi_5k functionalDB) confidenceRanking=Probable,"genus-level call (trophicMode ""Pathotroph-Saprotroph"")"
Parasitella parasitica,trophic_mode,saprotroph,FUNGuild (Fungi_5k functionalDB) confidenceRanking=Probable,"genus-level call (trophicMode ""Pathotroph-Saprotroph"")"
Parasitella parasitica,fungal_association,mycoparasite,FUNGuild (Fungi_5k functionalDB) confidenceRanking=Probable,"genus-level call (guild ""|Fungal Parasite|-Undefined Saprotroph"")"
Pilobolus umbonatus,cell_morphology,filamentous,FUNGuild (Fungi_5k functionalDB) confidenceRanking=Highly Probable,"genus-level call (growthForm ""Microfungus"")"
Pilobolus umbonatus,trophic_mode,saprotroph,FUNGuild (Fungi_5k functionalDB) confidenceRanking=Highly Probable,"genus-level call (trophicMode ""Saprotroph"")"
Rhizopus arrhizus,cell_morphology,filamentous,FUNGuild (Fungi_5k functionalDB) confidenceRanking=Probable,"genus-level call (growthForm ""Microfungus"")"
Rhizopus arrhizus,trophic_mode,pathotroph,FUNGuild (Fungi_5k functionalDB) confidenceRanking=Probable,"genus-level call (trophicMode ""Pathotroph-Saprotroph"")"
Rhizopus arrhizus,trophic_mode,saprotroph,FUNGuild (Fungi_5k functionalDB) confidenceRanking=Probable,"genus-level call (trophicMode ""Pathotroph-Saprotroph"")"
Rhizopus arrhizus,plant_association,pathogen,FUNGuild (Fungi_5k functionalDB) confidenceRanking=Probable,"genus-level call (guild ""Plant Pathogen-|Undefined Saprotroph|"")"
Thermomucor indicae-seudaticae,cell_morphology,filamentous,FUNGuild (Fungi_5k functionalDB) confidenceRanking=Probable,"genus-level call (growthForm ""Microfungus"")"
Thermomucor indicae-seudaticae,trophic_mode,saprotroph,FUNGuild (Fungi_5k functionalDB) confidenceRanking=Probable,"genus-level call (trophicMode ""Saprotroph"")"
Blakeslea trispora,cell_morphology,filamentous,FUNGuild (Fungi_5k functionalDB) confidenceRanking=Probable,"genus-level call (growthForm ""Microfungus"")"
Blakeslea trispora,trophic_mode,pathotroph,FUNGuild (Fungi_5k functionalDB) confidenceRanking=Probable,"genus-level call (trophicMode ""Pathotroph-Saprotroph"")"
Blakeslea trispora,trophic_mode,saprotroph,FUNGuild (Fungi_5k functionalDB) confidenceRanking=Probable,"genus-level call (trophicMode ""Pathotroph-Saprotroph"")"
Blakeslea trispora,plant_association,pathogen,FUNGuild (Fungi_5k functionalDB) confidenceRanking=Probable,"genus-level call (guild ""Plant Pathogen-|Undefined Saprotroph|"")"
Fennellomyces sp. T-0311,cell_morphology,filamentous,FUNGuild (Fungi_5k functionalDB) confidenceRanking=Probable,"genus-level call (growthForm ""Microfungus"")"
Fennellomyces sp. T-0311,trophic_mode,saprotroph,FUNGuild (Fungi_5k functionalDB) confidenceRanking=Probable,"genus-level call (trophicMode ""Saprotroph"")"
Geranomyces michiganensis,trophic_mode,saprotroph,FUNGuild (Fungi_5k functionalDB) confidenceRanking=Probable,"genus-level call (trophicMode ""Saprotroph"")"
Geranomyces michiganensis,plant_association,saprotroph_plant_material,FUNGuild (Fungi_5k functionalDB) confidenceRanking=Probable,"genus-level call (guild ""|Pollen Saprotroph|-Undefined Saprotroph"")"
Lichtheimia corymbifera,cell_morphology,filamentous,FUNGuild (Fungi_5k functionalDB) confidenceRanking=Probable,"genus-level call (growthForm ""Microfungus"")"
Lichtheimia corymbifera,trophic_mode,saprotroph,FUNGuild (Fungi_5k functionalDB) confidenceRanking=Probable,"genus-level call (trophicMode ""Saprotroph"")"
Mycotypha africana,cell_morphology,filamentous,FUNGuild (Fungi_5k functionalDB) confidenceRanking=Probable,"genus-level call (growthForm ""Microfungus"")"
Mycotypha africana,trophic_mode,saprotroph,FUNGuild (Fungi_5k functionalDB) confidenceRanking=Probable,"genus-level call (trophicMode ""Saprotroph"")"
Powellomyces hirtus,trophic_mode,pathotroph,FUNGuild (Fungi_5k functionalDB) confidenceRanking=Probable,"genus-level call (trophicMode ""Pathotroph-Saprotroph"")"
Powellomyces hirtus,trophic_mode,saprotroph,FUNGuild (Fungi_5k functionalDB) confidenceRanking=Probable,"genus-level call (trophicMode ""Pathotroph-Saprotroph"")"
Powellomyces hirtus,plant_association,pathogen,FUNGuild (Fungi_5k functionalDB) confidenceRanking=Probable,"genus-level call (guild ""Algal Parasite-Plant Pathogen-|Pollen Saprotroph|"")"
Powellomyces hirtus,plant_association,saprotroph_plant_material,FUNGuild (Fungi_5k functionalDB) confidenceRanking=Probable,"genus-level call (guild ""Algal Parasite-Plant Pathogen-|Pollen Saprotroph|"")"
Powellomyces hirtus,algal_association,pathogen,FUNGuild (Fungi_5k functionalDB) confidenceRanking=Probable,"genus-level call (guild ""Algal Parasite-Plant Pathogen-|Pollen Saprotroph|"")"
Radiomyces spectabilis,cell_morphology,filamentous,FUNGuild (Fungi_5k functionalDB) confidenceRanking=Probable,"genus-level call (growthForm ""Microfungus"")"
Radiomyces spectabilis,trophic_mode,saprotroph,FUNGuild (Fungi_5k functionalDB) confidenceRanking=Probable,"genus-level call (trophicMode ""Saprotroph"")"
Saksenaea oblongispora,cell_morphology,filamentous,FUNGuild (Fungi_5k functionalDB) confidenceRanking=Probable,"genus-level call (growthForm ""Microfungus"")"
Saksenaea oblongispora,trophic_mode,saprotroph,FUNGuild (Fungi_5k functionalDB) confidenceRanking=Probable,"genus-level call (trophicMode ""Saprotroph"")"
Apophysomyces elegans,cell_morphology,filamentous,FUNGuild (Fungi_5k functionalDB) confidenceRanking=Probable,"genus-level call (growthForm ""Microfungus"")"
Apophysomyces elegans,trophic_mode,saprotroph,FUNGuild (Fungi_5k functionalDB) confidenceRanking=Probable,"genus-level call (trophicMode ""Saprotroph"")"
Benjaminiella poitrasii,cell_morphology,filamentous,FUNGuild (Fungi_5k functionalDB) confidenceRanking=Probable,"genus-level call (growthForm ""Microfungus"")"
Benjaminiella poitrasii,trophic_mode,saprotroph,FUNGuild (Fungi_5k functionalDB) confidenceRanking=Probable,"genus-level call (trophicMode ""Saprotroph"")"
Cunninghamella bainieri,cell_morphology,filamentous,FUNGuild (Fungi_5k functionalDB) confidenceRanking=Probable,"genus-level call (growthForm ""Microfungus"")"
Cunninghamella bainieri,trophic_mode,saprotroph,FUNGuild (Fungi_5k functionalDB) confidenceRanking=Probable,"genus-level call (trophicMode ""Saprotroph"")"
Helicostylum pulchrum,cell_morphology,filamentous,FUNGuild (Fungi_5k functionalDB) confidenceRanking=Probable,"genus-level call (growthForm ""Microfungus"")"
Helicostylum pulchrum,trophic_mode,saprotroph,FUNGuild (Fungi_5k functionalDB) confidenceRanking=Probable,"genus-level call (trophicMode ""Saprotroph"")"
Hesseltinella vesiculosa,cell_morphology,filamentous,FUNGuild (Fungi_5k functionalDB) confidenceRanking=Probable,"genus-level call (growthForm ""Microfungus"")"
Hesseltinella vesiculosa,trophic_mode,saprotroph,FUNGuild (Fungi_5k functionalDB) confidenceRanking=Probable,"genus-level call (trophicMode ""Saprotroph"")"
Phascolomyces articulosus,cell_morphology,filamentous,FUNGuild (Fungi_5k functionalDB) confidenceRanking=Probable,"genus-level call (growthForm ""Microfungus"")"
Phascolomyces articulosus,trophic_mode,saprotroph,FUNGuild (Fungi_5k functionalDB) confidenceRanking=Probable,"genus-level call (trophicMode ""Saprotroph"")"
Pilaira anomala,cell_morphology,filamentous,FUNGuild (Fungi_5k functionalDB) confidenceRanking=Highly Probable,"genus-level call (growthForm ""Microfungus"")"
Pilaira anomala,trophic_mode,saprotroph,FUNGuild (Fungi_5k functionalDB) confidenceRanking=Highly Probable,"genus-level call (trophicMode ""Saprotroph"")"
Rhizomucor miehei,cell_morphology,filamentous,FUNGuild (Fungi_5k functionalDB) confidenceRanking=Probable,"genus-level call (growthForm ""Microfungus"")"
Rhizomucor miehei,trophic_mode,saprotroph,FUNGuild (Fungi_5k functionalDB) confidenceRanking=Probable,"genus-level call (trophicMode ""Saprotroph"")"
Spinellus fusiger,cell_morphology,filamentous,FUNGuild (Fungi_5k functionalDB) confidenceRanking=Highly Probable,"genus-level call (growthForm ""Microfungus"")"
Spinellus fusiger,trophic_mode,pathotroph,FUNGuild (Fungi_5k functionalDB) confidenceRanking=Highly Probable,"genus-level call (trophicMode ""Pathotroph"")"
Spinellus fusiger,fungal_association,mycoparasite,FUNGuild (Fungi_5k functionalDB) confidenceRanking=Highly Probable,"genus-level call (guild ""|Fungal Parasite|"")"
Syncephalastrum contaminatum,cell_morphology,filamentous,FUNGuild (Fungi_5k functionalDB) confidenceRanking=Probable,"genus-level call (growthForm ""Microfungus"")"
Syncephalastrum contaminatum,trophic_mode,pathotroph,FUNGuild (Fungi_5k functionalDB) confidenceRanking=Probable,"genus-level call (trophicMode ""Pathotroph-Saprotroph"")"
Syncephalastrum contaminatum,trophic_mode,saprotroph,FUNGuild (Fungi_5k functionalDB) confidenceRanking=Probable,"genus-level call (trophicMode ""Pathotroph-Saprotroph"")"
Syncephalastrum contaminatum,animal_association,pathogen,FUNGuild (Fungi_5k functionalDB) confidenceRanking=Probable,"genus-level call (guild ""Animal Parasite-|Undefined Saprotroph|"")"
Thamnidium elegans,cell_morphology,filamentous,FUNGuild (Fungi_5k functionalDB) confidenceRanking=Probable,"genus-level call (growthForm ""Microfungus"")"
Thamnidium elegans,trophic_mode,saprotroph,FUNGuild (Fungi_5k functionalDB) confidenceRanking=Probable,"genus-level call (trophicMode ""Saprotroph"")"
Zychaea mexicana,cell_morphology,filamentous,FUNGuild (Fungi_5k functionalDB) confidenceRanking=Probable,"genus-level call (growthForm ""Microfungus"")"
Zychaea mexicana,trophic_mode,saprotroph,FUNGuild (Fungi_5k functionalDB) confidenceRanking=Probable,"genus-level call (trophicMode ""Saprotroph"")"
Mucor circinelloides,asexual_reproduction,sporangiospores,https://mycology.adelaide.edu.au/fungal-descriptions-and-antifungal-susceptibility/mucoromycota-pin-moulds/mucor,"sporangiospores globose, hyaline to brownish, 7-8um, produced within a sporangium"
Mucor circinelloides,pigmentation,non_melanized,https://mycology.adelaide.edu.au/fungal-descriptions-and-antifungal-susceptibility/mucoromycota-pin-moulds/mucor,"hyaline vegetative hyphae; sporangial colour (yellowish to brownish-grey at maturity) is carotenoid-based, not melanin -- current vocab has no carotenoid value, see notes to user"
Phycomyces blakesleeanus,asexual_reproduction,sporangiospores,https://www.sciencedirect.com/topics/biochemistry-genetics-and-molecular-biology/phycomyces-blakesleeanus,classic sporangiophore/sporangium asexual reproduction
Phycomyces blakesleeanus,pigmentation,non_melanized,https://academic.oup.com/femsre/article/25/5/503/499927,"hyaline vegetative hyphae; the intense orange-red sporangiophore colour is beta-carotene, not melanin -- current vocab has no carotenoid value, see notes to user"
Basidiobolus meristosporus,asexual_reproduction,conidia,https://drfungus.org/knowledge-base/basidiobolus-species/,forcibly discharged ballistoconidia; satellite colonies form from ejected conidia
Basidiobolus meristosporus,pigmentation,melanized,https://www.sciencedirect.com/topics/immunology-and-microbiology/zygospore,"zygospore walls are dark, round, thick-walled -- a genuinely melanized/pigmented structure"
Basidiobolus meristosporus,pigmentation,non_melanized,https://www.sciencedirect.com/topics/immunology-and-microbiology/zygospore,"conidia are hyaline, in contrast to the pigmented zygospore wall -- pigmentation differs by structure within this species; both rows are correct, not contradictory"
Spizellomyces punctatus,asexual_reproduction,sporangiospores,https://elifesciences.org/articles/52741,"motile flagellated zoospores released from a zoosporangium -- stretches this value's definition to cover the chytrid zoosporangial pattern; motility itself is captured separately by spore_motility=motile, not here. Flagged as a vocab-fit judgment call, not a clean match"
Lobosporangium transversale,cell_morphology,filamentous,FUNGuild (Fungi_5k functionalDB) confidenceRanking=Probable,"genus-level call (growthForm ""Microfungus"")"
Lobosporangium transversale,trophic_mode,saprotroph,FUNGuild (Fungi_5k functionalDB) confidenceRanking=Probable,"genus-level call (trophicMode ""Saprotroph"")"
Synchytrium microbalum,cell_morphology,filamentous,FUNGuild (Fungi_5k functionalDB) confidenceRanking=Probable,"genus-level call (growthForm ""Microfungus"")"
Synchytrium microbalum,trophic_mode,pathotroph,FUNGuild (Fungi_5k functionalDB) confidenceRanking=Probable,"genus-level call (trophicMode ""Pathotroph-Saprotroph"")"
Synchytrium microbalum,trophic_mode,saprotroph,FUNGuild (Fungi_5k functionalDB) confidenceRanking=Probable,"genus-level call, see above"
Synchytrium microbalum,plant_association,pathogen,FUNGuild (Fungi_5k functionalDB) confidenceRanking=Probable,"genus-level call (guild ""Plant Pathogen-Plant Saprotroph"")"
Synchytrium microbalum,plant_association,saprotroph_plant_material,FUNGuild (Fungi_5k functionalDB) confidenceRanking=Probable,"genus-level call, see above"
Gamsiella multidivaricata,cell_morphology,filamentous,FUNGuild (Fungi_5k functionalDB) confidenceRanking=Probable,"genus-level call (growthForm ""Microfungus"")"
Gamsiella multidivaricata,trophic_mode,saprotroph,FUNGuild (Fungi_5k functionalDB) confidenceRanking=Probable,"genus-level call (trophicMode ""Saprotroph"")"
Linderina pennispora,cell_morphology,filamentous,FUNGuild (Fungi_5k functionalDB) confidenceRanking=Probable,"genus-level call (growthForm ""Microfungus"")"
Linderina pennispora,trophic_mode,saprotroph,FUNGuild (Fungi_5k functionalDB) confidenceRanking=Probable,"genus-level call (trophicMode ""Saprotroph"")"
Rhizophagus irregularis,cell_morphology,filamentous,FUNGuild (Fungi_5k functionalDB) confidenceRanking=Highly Probable,"genus-level call (growthForm ""Microfungus"")"
Rhizophagus irregularis,trophic_mode,symbiotroph,FUNGuild (Fungi_5k functionalDB) confidenceRanking=Highly Probable,"genus-level call (trophicMode ""Symbiotroph"")"
Rhizophagus irregularis,plant_association,mycorrhizal_mutualist,FUNGuild (Fungi_5k functionalDB) confidenceRanking=Highly Probable,"genus-level call (guild ""Arbuscular Mycorrhizal-Endophyte"") -- classic AM fungal model, high confidence even at genus level"
Umbelopsis ramanniana,cell_morphology,filamentous,FUNGuild (Fungi_5k functionalDB) confidenceRanking=Probable,"genus-level call (growthForm ""Microfungus"")"
Umbelopsis ramanniana,trophic_mode,saprotroph,FUNGuild (Fungi_5k functionalDB) confidenceRanking=Probable,"genus-level call (trophicMode ""Saprotroph"")"
Kickxella alabastrina,cell_morphology,filamentous,FUNGuild (Fungi_5k functionalDB) confidenceRanking=Probable,"genus-level call (growthForm ""Microfungus"")"
Kickxella alabastrina,trophic_mode,saprotroph,FUNGuild (Fungi_5k functionalDB) confidenceRanking=Probable,"genus-level call (trophicMode ""Saprotroph"")"
Batrachochytrium dendrobatidis,hyphal_septation,unicellular_rhizoidal,https://microbewiki.kenyon.edu/index.php/Batrachochytrium_dendrobatidis,sessile sporangium with hyphal-like rhizoids; no true hyphae (chytrid growth form)
Batrachochytrium dendrobatidis,spore_motility,motile,https://microbewiki.kenyon.edu/index.php/Batrachochytrium_dendrobatidis,"uniflagellated zoospore, 19-20um flagellum"
Batrachochytrium dendrobatidis,asexual_reproduction,sporangiospores,https://microbewiki.kenyon.edu/index.php/Batrachochytrium_dendrobatidis,motile flagellated zoospores released from a zoosporangium -- same vocab-fit judgment call as Spizellomyces punctatus (see that row's notes); reproduces asexually and clonally
Aspergillus nidulans,cell_morphology,filamentous,FUNGuild (Fungi_5k functionalDB) confidenceRanking=Probable,"genus-level call (growthForm ""Microfungus"")"
Aspergillus nidulans,trophic_mode,pathotroph,FUNGuild (Fungi_5k functionalDB) confidenceRanking=Probable,"genus-level call (trophicMode ""Pathotroph-Saprotroph-Symbiotroph"")"
Aspergillus nidulans,trophic_mode,saprotroph,FUNGuild (Fungi_5k functionalDB) confidenceRanking=Probable,"genus-level call (trophicMode ""Pathotroph-Saprotroph-Symbiotroph"")"
Aspergillus nidulans,trophic_mode,symbiotroph,FUNGuild (Fungi_5k functionalDB) confidenceRanking=Probable,"genus-level call (trophicMode ""Pathotroph-Saprotroph-Symbiotroph"")"
Aspergillus nidulans,animal_association,pathogen,FUNGuild (Fungi_5k functionalDB) confidenceRanking=Probable,"genus-level call (guild ""Animal Pathogen-Endophyte-Plant Saprotroph-|Undefined Saprotroph|-Wood Saprotroph"")"
Aspergillus nidulans,plant_association,saprotroph_plant_material,FUNGuild (Fungi_5k functionalDB) confidenceRanking=Probable,"genus-level call (guild ""Animal Pathogen-Endophyte-Plant Saprotroph-|Undefined Saprotroph|-Wood Saprotroph"")"
Aspergillus nidulans,plant_association,endophyte,FUNGuild (Fungi_5k functionalDB) confidenceRanking=Probable,"genus-level call (guild ""Animal Pathogen-Endophyte-Plant Saprotroph-|Undefined Saprotroph|-Wood Saprotroph"")"
Fusarium graminearum,cell_morphology,filamentous,FUNGuild (Fungi_5k functionalDB) confidenceRanking=Possible,"genus-level call (growthForm ""Microfungus"")"
Fusarium graminearum,trophic_mode,pathotroph,FUNGuild (Fungi_5k functionalDB) confidenceRanking=Possible,"genus-level call (trophicMode ""Pathotroph-Saprotroph-Symbiotroph"")"
Fusarium graminearum,trophic_mode,saprotroph,FUNGuild (Fungi_5k functionalDB) confidenceRanking=Possible,"genus-level call (trophicMode ""Pathotroph-Saprotroph-Symbiotroph"")"
Fusarium graminearum,trophic_mode,symbiotroph,FUNGuild (Fungi_5k functionalDB) confidenceRanking=Possible,"genus-level call (trophicMode ""Pathotroph-Saprotroph-Symbiotroph"")"
Fusarium graminearum,animal_association,pathogen,FUNGuild (Fungi_5k functionalDB) confidenceRanking=Possible,"genus-level call (guild ""Animal Pathogen-Endophyte-Lichen Parasite-|Plant Pathogen|-Plant Saprotroph-Undefined Saprotroph-Wood Saprotroph"")"
Fusarium graminearum,plant_association,pathogen,FUNGuild (Fungi_5k functionalDB) confidenceRanking=Possible,"genus-level call (guild ""Animal Pathogen-Endophyte-Lichen Parasite-|Plant Pathogen|-Plant Saprotroph-Undefined Saprotroph-Wood Saprotroph"")"
Fusarium graminearum,plant_association,saprotroph_plant_material,FUNGuild (Fungi_5k functionalDB) confidenceRanking=Possible,"genus-level call (guild ""Animal Pathogen-Endophyte-Lichen Parasite-|Plant Pathogen|-Plant Saprotroph-Undefined Saprotroph-Wood Saprotroph"")"
Fusarium graminearum,plant_association,endophyte,FUNGuild (Fungi_5k functionalDB) confidenceRanking=Possible,"genus-level call (guild ""Animal Pathogen-Endophyte-Lichen Parasite-|Plant Pathogen|-Plant Saprotroph-Undefined Saprotroph-Wood Saprotroph"")"
Fusarium graminearum,fungal_association,mycoparasite,FUNGuild (Fungi_5k functionalDB) confidenceRanking=Possible,"genus-level call (guild ""Animal Pathogen-Endophyte-Lichen Parasite-|Plant Pathogen|-Plant Saprotroph-Undefined Saprotroph-Wood Saprotroph""); lichen parasite mapped to mycoparasite (lichen fungal partner is the host)"
Neurospora crassa,cell_morphology,filamentous,FUNGuild (Fungi_5k functionalDB) confidenceRanking=Probable,"genus-level call (growthForm ""Microfungus"")"
Neurospora crassa,trophic_mode,saprotroph,FUNGuild (Fungi_5k functionalDB) confidenceRanking=Probable,"genus-level call (trophicMode ""Saprotroph"")"
Zymoseptoria tritici,cell_morphology,filamentous,FUNGuild (Fungi_5k functionalDB) confidenceRanking=Probable,"genus-level call (growthForm ""Microfungus"")"
Zymoseptoria tritici,trophic_mode,pathotroph,FUNGuild (Fungi_5k functionalDB) confidenceRanking=Probable,"genus-level call (trophicMode ""Pathotroph-Saprotroph"")"
Zymoseptoria tritici,trophic_mode,saprotroph,FUNGuild (Fungi_5k functionalDB) confidenceRanking=Probable,"genus-level call (trophicMode ""Pathotroph-Saprotroph"")"
Zymoseptoria tritici,plant_association,pathogen,FUNGuild (Fungi_5k functionalDB) confidenceRanking=Probable,"genus-level call (guild ""|Plant Pathogen|-Plant Saprotroph"")"
Zymoseptoria tritici,plant_association,saprotroph_plant_material,FUNGuild (Fungi_5k functionalDB) confidenceRanking=Probable,"genus-level call (guild ""|Plant Pathogen|-Plant Saprotroph"")"
Schizosaccharomyces pombe,cell_morphology,yeast,FUNGuild (Fungi_5k functionalDB) confidenceRanking=Highly Probable,"genus-level call (growthForm ""Yeast"")"
Schizosaccharomyces pombe,trophic_mode,saprotroph,FUNGuild (Fungi_5k functionalDB) confidenceRanking=Highly Probable,"genus-level call (trophicMode ""Saprotroph"")"
Cryptococcus neoformans,cell_morphology,dimorphic,FUNGuild (Fungi_5k functionalDB) confidenceRanking=Possible,"genus-level call (growthForm ""Dimorphic Yeast-Yeast"")"
Cryptococcus neoformans,trophic_mode,pathotroph,FUNGuild (Fungi_5k functionalDB) confidenceRanking=Possible,"genus-level call (trophicMode ""Pathotroph-Saprotroph-Symbiotroph"")"
Cryptococcus neoformans,trophic_mode,saprotroph,FUNGuild (Fungi_5k functionalDB) confidenceRanking=Possible,"genus-level call (trophicMode ""Pathotroph-Saprotroph-Symbiotroph"")"
Cryptococcus neoformans,trophic_mode,symbiotroph,FUNGuild (Fungi_5k functionalDB) confidenceRanking=Possible,"genus-level call (trophicMode ""Pathotroph-Saprotroph-Symbiotroph"")"
Cryptococcus neoformans,animal_association,pathogen,FUNGuild (Fungi_5k functionalDB) confidenceRanking=Possible,"genus-level call (guild ""Animal Pathogen-Endophyte-Epiphyte-|Undefined Saprotroph|"")"
Cryptococcus neoformans,plant_association,endophyte,FUNGuild (Fungi_5k functionalDB) confidenceRanking=Possible,"genus-level call (guild ""Animal Pathogen-Endophyte-Epiphyte-|Undefined Saprotroph|"")"
Coprinopsis cinerea,cell_morphology,filamentous,FUNGuild (Fungi_5k functionalDB) confidenceRanking=Probable,"genus-level call (growthForm ""Agaricoid"")"
Coprinopsis cinerea,trophic_mode,saprotroph,FUNGuild (Fungi_5k functionalDB) confidenceRanking=Probable,"genus-level call (trophicMode ""Saprotroph"")"
Agaricus bisporus,cell_morphology,filamentous,FUNGuild (Fungi_5k functionalDB) confidenceRanking=Probable,"genus-level call (growthForm ""Agaricoid-Gasteroid-Secotioid"")"
Agaricus bisporus,trophic_mode,saprotroph,FUNGuild (Fungi_5k functionalDB) confidenceRanking=Probable,"genus-level call (trophicMode ""Saprotroph"")"
Ustilago maydis,cell_morphology,dimorphic,FUNGuild (Fungi_5k functionalDB) confidenceRanking=Probable,"genus-level call (growthForm ""Dimorphic-Facultative Yeast-Smut"")"
Ustilago maydis,trophic_mode,pathotroph,FUNGuild (Fungi_5k functionalDB) confidenceRanking=Probable,"genus-level call (trophicMode ""Pathotroph"")"
Ustilago maydis,plant_association,pathogen,FUNGuild (Fungi_5k functionalDB) confidenceRanking=Probable,"genus-level call (guild ""|Plant Pathogen|"")"
Rhodotorula mucilaginosa,cell_morphology,yeast,FUNGuild (Fungi_5k functionalDB) confidenceRanking=Probable,"genus-level call (growthForm ""Yeast"")"
Rhodotorula mucilaginosa,trophic_mode,pathotroph,FUNGuild (Fungi_5k functionalDB) confidenceRanking=Probable,"genus-level call (trophicMode ""Pathotroph-Saprotroph-Symbiotroph"")"
Rhodotorula mucilaginosa,trophic_mode,saprotroph,FUNGuild (Fungi_5k functionalDB) confidenceRanking=Probable,"genus-level call (trophicMode ""Pathotroph-Saprotroph-Symbiotroph"")"
Rhodotorula mucilaginosa,trophic_mode,symbiotroph,FUNGuild (Fungi_5k functionalDB) confidenceRanking=Probable,"genus-level call (trophicMode ""Pathotroph-Saprotroph-Symbiotroph"")"
Rhodotorula mucilaginosa,animal_association,pathogen,FUNGuild (Fungi_5k functionalDB) confidenceRanking=Probable,"genus-level call (guild ""Animal Pathogen-Animal Symbiotroph-Endophyte-Plant Pathogen-|Undefined Saprotroph|"")"
Rhodotorula mucilaginosa,animal_association,commensal,FUNGuild (Fungi_5k functionalDB) confidenceRanking=Probable,"genus-level call (guild ""Animal Pathogen-Animal Symbiotroph-Endophyte-Plant Pathogen-|Undefined Saprotroph|""); Symbiotroph mapped conservatively to commensal"
Rhodotorula mucilaginosa,plant_association,pathogen,FUNGuild (Fungi_5k functionalDB) confidenceRanking=Probable,"genus-level call (guild ""Animal Pathogen-Animal Symbiotroph-Endophyte-Plant Pathogen-|Undefined Saprotroph|"")"
Rhodotorula mucilaginosa,plant_association,endophyte,FUNGuild (Fungi_5k functionalDB) confidenceRanking=Probable,"genus-level call (guild ""Animal Pathogen-Animal Symbiotroph-Endophyte-Plant Pathogen-|Undefined Saprotroph|"")"
Hortaea werneckii,cell_morphology,dimorphic,FUNGuild (Fungi_5k functionalDB) confidenceRanking=Probable,"genus-level call (growthForm ""Facultative Yeast"")"
Hortaea werneckii,trophic_mode,pathotroph,FUNGuild (Fungi_5k functionalDB) confidenceRanking=Probable,"genus-level call (trophicMode ""Pathotroph"")"
Hortaea werneckii,animal_association,pathogen,FUNGuild (Fungi_5k functionalDB) confidenceRanking=Probable,"genus-level call (guild ""|Animal Parasite|-Plant Pathogen"")"
Hortaea werneckii,plant_association,pathogen,FUNGuild (Fungi_5k functionalDB) confidenceRanking=Probable,"genus-level call (guild ""|Animal Parasite|-Plant Pathogen"")"
Saccharomyces cerevisiae,cell_morphology,yeast,FUNGuild (Fungi_5k functionalDB) confidenceRanking=Probable,"genus-level call (growthForm ""Yeast"")"
Saccharomyces cerevisiae,trophic_mode,saprotroph,FUNGuild (Fungi_5k functionalDB) confidenceRanking=Probable,"genus-level call (trophicMode ""Saprotroph"")"
Kluyveromyces marxianus,cell_morphology,yeast,FUNGuild (Fungi_5k functionalDB) confidenceRanking=Probable,"genus-level call (growthForm ""Yeast"")"
Kluyveromyces marxianus,trophic_mode,saprotroph,FUNGuild (Fungi_5k functionalDB) confidenceRanking=Probable,"genus-level call (trophicMode ""Saprotroph-Symbiotroph"")"
Kluyveromyces marxianus,trophic_mode,symbiotroph,FUNGuild (Fungi_5k functionalDB) confidenceRanking=Probable,"genus-level call (trophicMode ""Saprotroph-Symbiotroph"")"
Kluyveromyces marxianus,plant_association,endophyte,FUNGuild (Fungi_5k functionalDB) confidenceRanking=Probable,"genus-level call (guild ""Endophyte-|Undefined Saprotroph|"")"
Debaryomyces hansenii,cell_morphology,yeast,FUNGuild (Fungi_5k functionalDB) confidenceRanking=Highly Probable,"genus-level call (growthForm ""Yeast"")"
Debaryomyces hansenii,trophic_mode,saprotroph,FUNGuild (Fungi_5k functionalDB) confidenceRanking=Highly Probable,"genus-level call (trophicMode ""Saprotroph"")"
Yarrowia lipolytica,cell_morphology,yeast,FUNGuild (Fungi_5k functionalDB) confidenceRanking=Highly Probable,"genus-level call (growthForm ""Yeast"")"
Yarrowia lipolytica,trophic_mode,saprotroph,FUNGuild (Fungi_5k functionalDB) confidenceRanking=Highly Probable,"genus-level call (trophicMode ""Saprotroph"")"
Candida albicans,cell_morphology,dimorphic,FUNGuild (Fungi_5k functionalDB) confidenceRanking=Probable,"genus-level call (growthForm ""Dimorphic Yeast-Yeast"")"
Candida albicans,trophic_mode,pathotroph,FUNGuild (Fungi_5k functionalDB) confidenceRanking=Probable,"genus-level call (trophicMode ""Pathotroph-Saprotroph-Symbiotroph"")"
Candida albicans,trophic_mode,saprotroph,FUNGuild (Fungi_5k functionalDB) confidenceRanking=Probable,"genus-level call (trophicMode ""Pathotroph-Saprotroph-Symbiotroph"")"
Candida albicans,trophic_mode,symbiotroph,FUNGuild (Fungi_5k functionalDB) confidenceRanking=Probable,"genus-level call (trophicMode ""Pathotroph-Saprotroph-Symbiotroph"")"
Candida albicans,animal_association,pathogen,FUNGuild (Fungi_5k functionalDB) confidenceRanking=Probable,"genus-level call (guild ""Animal Pathogen-Endophyte-Endosymbiont-Epiphyte-|Undefined Saprotroph|"")"
Candida albicans,animal_association,commensal,FUNGuild (Fungi_5k functionalDB) confidenceRanking=Probable,"genus-level call (guild ""Animal Pathogen-Endophyte-Endosymbiont-Epiphyte-|Undefined Saprotroph|""); Endosymbiont mapped conservatively to commensal"
Candida albicans,plant_association,endophyte,FUNGuild (Fungi_5k functionalDB) confidenceRanking=Probable,"genus-level call (guild ""Animal Pathogen-Endophyte-Endosymbiont-Epiphyte-|Undefined Saprotroph|"")"
Candida auris,cell_morphology,dimorphic,FUNGuild (Fungi_5k functionalDB) confidenceRanking=Probable,"genus-level call (growthForm ""Dimorphic Yeast-Yeast"")"
Candida auris,trophic_mode,pathotroph,FUNGuild (Fungi_5k functionalDB) confidenceRanking=Probable,"genus-level call (trophicMode ""Pathotroph-Saprotroph-Symbiotroph"")"
Candida auris,trophic_mode,saprotroph,FUNGuild (Fungi_5k functionalDB) confidenceRanking=Probable,"genus-level call (trophicMode ""Pathotroph-Saprotroph-Symbiotroph"")"
Candida auris,trophic_mode,symbiotroph,FUNGuild (Fungi_5k functionalDB) confidenceRanking=Probable,"genus-level call (trophicMode ""Pathotroph-Saprotroph-Symbiotroph"")"
Candida auris,animal_association,pathogen,FUNGuild (Fungi_5k functionalDB) confidenceRanking=Probable,"genus-level call (guild ""Animal Pathogen-Endophyte-Endosymbiont-Epiphyte-|Undefined Saprotroph|"")"
Candida auris,animal_association,commensal,FUNGuild (Fungi_5k functionalDB) confidenceRanking=Probable,"genus-level call (guild ""Animal Pathogen-Endophyte-Endosymbiont-Epiphyte-|Undefined Saprotroph|""); Endosymbiont mapped conservatively to commensal"
Candida auris,plant_association,endophyte,FUNGuild (Fungi_5k functionalDB) confidenceRanking=Probable,"genus-level call (guild ""Animal Pathogen-Endophyte-Endosymbiont-Epiphyte-|Undefined Saprotroph|"")"
Aaosphaeria arxii,cell_morphology,filamentous,FUNGuild (Fungi_5k functionalDB) confidenceRanking=Probable,"genus-level call (growthForm ""Microfungus"")"
Aaosphaeria arxii,trophic_mode,saprotroph,FUNGuild (Fungi_5k functionalDB) confidenceRanking=Probable,"genus-level call (trophicMode ""Saprotroph"")"
Akanthomyces muscarius,cell_morphology,filamentous,FUNGuild (Fungi_5k functionalDB) confidenceRanking=Probable,"genus-level call (growthForm ""Microfungus"")"
Akanthomyces muscarius,trophic_mode,pathotroph,FUNGuild (Fungi_5k functionalDB) confidenceRanking=Probable,"genus-level call (trophicMode ""Pathotroph-Saprotroph"")"
Akanthomyces muscarius,trophic_mode,saprotroph,FUNGuild (Fungi_5k functionalDB) confidenceRanking=Probable,"genus-level call (trophicMode ""Pathotroph-Saprotroph"")"
Akanthomyces muscarius,animal_association,pathogen,FUNGuild (Fungi_5k functionalDB) confidenceRanking=Probable,"genus-level call (guild ""|Animal Parasite|-Animal Pathogen-Undefined Saprotroph"")"
Alternaria alternata,cell_morphology,filamentous,FUNGuild (Fungi_5k functionalDB) confidenceRanking=Possible,"genus-level call (growthForm ""Microfungus"") -- CAUTION: Alternaria is trophically/ecologically diverse across species; this genus-level composite call may not reflect Alternaria alternata specifically, verify before relying on it"
Alternaria alternata,trophic_mode,pathotroph,FUNGuild (Fungi_5k functionalDB) confidenceRanking=Possible,"genus-level call (trophicMode ""Pathotroph-Saprotroph-Symbiotroph"") -- CAUTION: Alternaria is trophically/ecologically diverse across species; this genus-level composite call may not reflect Alternaria alternata specifically, verify before relying on it"
Alternaria alternata,trophic_mode,saprotroph,FUNGuild (Fungi_5k functionalDB) confidenceRanking=Possible,"genus-level call (trophicMode ""Pathotroph-Saprotroph-Symbiotroph"") -- CAUTION: Alternaria is trophically/ecologically diverse across species; this genus-level composite call may not reflect Alternaria alternata specifically, verify before relying on it"
Alternaria alternata,trophic_mode,symbiotroph,FUNGuild (Fungi_5k functionalDB) confidenceRanking=Possible,"genus-level call (trophicMode ""Pathotroph-Saprotroph-Symbiotroph"") -- CAUTION: Alternaria is trophically/ecologically diverse across species; this genus-level composite call may not reflect Alternaria alternata specifically, verify before relying on it"
Alternaria alternata,animal_association,pathogen,FUNGuild (Fungi_5k functionalDB) confidenceRanking=Possible,"genus-level call (guild ""Animal Pathogen-Endophyte-|Plant Pathogen|-Plant Saprotroph-Wood Saprotroph"") -- CAUTION: Alternaria is trophically/ecologically diverse across species; this genus-level composite call may not reflect Alternaria alternata specifically, verify before relying on it"
Alternaria alternata,plant_association,pathogen,FUNGuild (Fungi_5k functionalDB) confidenceRanking=Possible,"genus-level call (guild ""Animal Pathogen-Endophyte-|Plant Pathogen|-Plant Saprotroph-Wood Saprotroph"") -- CAUTION: Alternaria is trophically/ecologically diverse across species; this genus-level composite call may not reflect Alternaria alternata specifically, verify before relying on it"
Alternaria alternata,plant_association,saprotroph_plant_material,FUNGuild (Fungi_5k functionalDB) confidenceRanking=Possible,"genus-level call (guild ""Animal Pathogen-Endophyte-|Plant Pathogen|-Plant Saprotroph-Wood Saprotroph"") -- CAUTION: Alternaria is trophically/ecologically diverse across species; this genus-level composite call may not reflect Alternaria alternata specifically, verify before relying on it"
Alternaria alternata,plant_association,endophyte,FUNGuild (Fungi_5k functionalDB) confidenceRanking=Possible,"genus-level call (guild ""Animal Pathogen-Endophyte-|Plant Pathogen|-Plant Saprotroph-Wood Saprotroph"") -- CAUTION: Alternaria is trophically/ecologically diverse across species; this genus-level composite call may not reflect Alternaria alternata specifically, verify before relying on it"
Amorphotheca resinae,cell_morphology,filamentous,FUNGuild (Fungi_5k functionalDB) confidenceRanking=Probable,"genus-level call (growthForm ""Microfungus"")"
Amorphotheca resinae,trophic_mode,saprotroph,FUNGuild (Fungi_5k functionalDB) confidenceRanking=Probable,"genus-level call (trophicMode ""Saprotroph"")"
Annulohypoxylon maeteangense,cell_morphology,filamentous,FUNGuild (Fungi_5k functionalDB) confidenceRanking=Probable,"genus-level call (growthForm ""Microfungus"")"
Annulohypoxylon maeteangense,trophic_mode,saprotroph,FUNGuild (Fungi_5k functionalDB) confidenceRanking=Probable,"genus-level call (trophicMode ""Saprotroph-Symbiotroph"")"
Annulohypoxylon maeteangense,trophic_mode,symbiotroph,FUNGuild (Fungi_5k functionalDB) confidenceRanking=Probable,"genus-level call (trophicMode ""Saprotroph-Symbiotroph"")"
Annulohypoxylon maeteangense,plant_association,saprotroph_plant_material,FUNGuild (Fungi_5k functionalDB) confidenceRanking=Probable,"genus-level call (guild ""Endophyte-Undefined Saprotroph-|Wood Saprotroph|"")"
Annulohypoxylon maeteangense,plant_association,endophyte,FUNGuild (Fungi_5k functionalDB) confidenceRanking=Probable,"genus-level call (guild ""Endophyte-Undefined Saprotroph-|Wood Saprotroph|"")"
Apiospora aurea,cell_morphology,filamentous,FUNGuild (Fungi_5k functionalDB) confidenceRanking=Probable,"genus-level call (growthForm ""Microfungus"")"
Apiospora aurea,trophic_mode,pathotroph,FUNGuild (Fungi_5k functionalDB) confidenceRanking=Probable,"genus-level call (trophicMode ""Pathotroph-Saprotroph"")"
Apiospora aurea,trophic_mode,saprotroph,FUNGuild (Fungi_5k functionalDB) confidenceRanking=Probable,"genus-level call (trophicMode ""Pathotroph-Saprotroph"")"
Apiospora aurea,plant_association,pathogen,FUNGuild (Fungi_5k functionalDB) confidenceRanking=Probable,"genus-level call (guild ""|Plant Pathogen|"")"
Apiotrichum porosum,cell_morphology,yeast,FUNGuild (Fungi_5k functionalDB) confidenceRanking=Possible,"genus-level call (growthForm ""Microfungus-Yeast"")"
Apiotrichum porosum,trophic_mode,saprotroph,FUNGuild (Fungi_5k functionalDB) confidenceRanking=Possible,"genus-level call (trophicMode ""Saprotroph"")"
Aplosporella prunicola,cell_morphology,filamentous,FUNGuild (Fungi_5k functionalDB) confidenceRanking=Probable,"genus-level call (growthForm ""Microfungus"")"
Aplosporella prunicola,trophic_mode,pathotroph,FUNGuild (Fungi_5k functionalDB) confidenceRanking=Probable,"genus-level call (trophicMode ""Pathotroph-Saprotroph"")"
Aplosporella prunicola,trophic_mode,saprotroph,FUNGuild (Fungi_5k functionalDB) confidenceRanking=Probable,"genus-level call (trophicMode ""Pathotroph-Saprotroph"")"
Aplosporella prunicola,plant_association,pathogen,FUNGuild (Fungi_5k functionalDB) confidenceRanking=Probable,"genus-level call (guild ""|Plant Pathogen|-Plant Saprotroph"")"
Aplosporella prunicola,plant_association,saprotroph_plant_material,FUNGuild (Fungi_5k functionalDB) confidenceRanking=Probable,"genus-level call (guild ""|Plant Pathogen|-Plant Saprotroph"")"
Arthrobotrys flagrans,cell_morphology,filamentous,FUNGuild (Fungi_5k functionalDB) confidenceRanking=Probable,"genus-level call (growthForm ""Microfungus"")"
Arthrobotrys flagrans,trophic_mode,pathotroph,FUNGuild (Fungi_5k functionalDB) confidenceRanking=Probable,"genus-level call (trophicMode ""Pathotroph-Saprotroph"")"
Arthrobotrys flagrans,trophic_mode,saprotroph,FUNGuild (Fungi_5k functionalDB) confidenceRanking=Probable,"genus-level call (trophicMode ""Pathotroph-Saprotroph"")"
Arthrobotrys flagrans,animal_association,pathogen,FUNGuild (Fungi_5k functionalDB) confidenceRanking=Probable,"genus-level call (guild ""|Animal Parasite|-Dung Saprotroph-Nematophagous-Wood Saprotroph"")"
Arthrobotrys flagrans,plant_association,saprotroph_plant_material,FUNGuild (Fungi_5k functionalDB) confidenceRanking=Probable,"genus-level call (guild ""|Animal Parasite|-Dung Saprotroph-Nematophagous-Wood Saprotroph"")"
Arthroderma uncinatum,cell_morphology,filamentous,FUNGuild (Fungi_5k functionalDB) confidenceRanking=Probable,"genus-level call (growthForm ""Microfungus"")"
Arthroderma uncinatum,trophic_mode,pathotroph,FUNGuild (Fungi_5k functionalDB) confidenceRanking=Probable,"genus-level call (trophicMode ""Pathotroph-Saprotroph"")"
Arthroderma uncinatum,trophic_mode,saprotroph,FUNGuild (Fungi_5k functionalDB) confidenceRanking=Probable,"genus-level call (trophicMode ""Pathotroph-Saprotroph"")"
Arthroderma uncinatum,animal_association,pathogen,FUNGuild (Fungi_5k functionalDB) confidenceRanking=Probable,"genus-level call (guild ""|Animal Parasite|-Animal Pathogen-Undefined Saprotroph"")"
Arxiozyma heterogenica,cell_morphology,yeast,FUNGuild (Fungi_5k functionalDB) confidenceRanking=Probable,"genus-level call (growthForm ""Yeast"")"
Arxiozyma heterogenica,trophic_mode,pathotroph,FUNGuild (Fungi_5k functionalDB) confidenceRanking=Probable,"genus-level call (trophicMode ""Pathotroph-Saprotroph"")"
Arxiozyma heterogenica,trophic_mode,saprotroph,FUNGuild (Fungi_5k functionalDB) confidenceRanking=Probable,"genus-level call (trophicMode ""Pathotroph-Saprotroph"")"
Arxiozyma heterogenica,animal_association,pathogen,FUNGuild (Fungi_5k functionalDB) confidenceRanking=Probable,"genus-level call (guild ""|Animal Parasite|-Undefined Saprotroph"")"
Ascochyta rabiei,cell_morphology,filamentous,FUNGuild (Fungi_5k functionalDB) confidenceRanking=Probable,"genus-level call (growthForm ""Microfungus"")"
Ascochyta rabiei,trophic_mode,pathotroph,FUNGuild (Fungi_5k functionalDB) confidenceRanking=Probable,"genus-level call (trophicMode ""Pathotroph"")"
Ascochyta rabiei,plant_association,pathogen,FUNGuild (Fungi_5k functionalDB) confidenceRanking=Probable,"genus-level call (guild ""|Plant Pathogen|"")"
Ascoidea rubescens,cell_morphology,yeast,FUNGuild (Fungi_5k functionalDB) confidenceRanking=Probable,"genus-level call (growthForm ""Yeast"")"
Ascoidea rubescens,trophic_mode,saprotroph,FUNGuild (Fungi_5k functionalDB) confidenceRanking=Probable,"genus-level call (trophicMode ""Saprotroph"")"
Aureobasidium melanogenum,cell_morphology,dimorphic,FUNGuild (Fungi_5k functionalDB) confidenceRanking=Possible,"genus-level call (growthForm ""Dimorphic-Facultative Yeast"")"
Aureobasidium melanogenum,trophic_mode,pathotroph,FUNGuild (Fungi_5k functionalDB) confidenceRanking=Possible,"genus-level call (trophicMode ""Pathotroph-Saprotroph-Symbiotroph"")"
Aureobasidium melanogenum,trophic_mode,saprotroph,FUNGuild (Fungi_5k functionalDB) confidenceRanking=Possible,"genus-level call (trophicMode ""Pathotroph-Saprotroph-Symbiotroph"")"
Aureobasidium melanogenum,trophic_mode,symbiotroph,FUNGuild (Fungi_5k functionalDB) confidenceRanking=Possible,"genus-level call (trophicMode ""Pathotroph-Saprotroph-Symbiotroph"")"
Aureobasidium melanogenum,animal_association,pathogen,FUNGuild (Fungi_5k functionalDB) confidenceRanking=Possible,"genus-level call (guild ""Animal Pathogen-Endophyte-Epiphyte-|Plant Pathogen|-Plant Saprotroph-Undefined Saprotroph"")"
Aureobasidium melanogenum,plant_association,pathogen,FUNGuild (Fungi_5k functionalDB) confidenceRanking=Possible,"genus-level call (guild ""Animal Pathogen-Endophyte-Epiphyte-|Plant Pathogen|-Plant Saprotroph-Undefined Saprotroph"")"
Aureobasidium melanogenum,plant_association,saprotroph_plant_material,FUNGuild (Fungi_5k functionalDB) confidenceRanking=Possible,"genus-level call (guild ""Animal Pathogen-Endophyte-Epiphyte-|Plant Pathogen|-Plant Saprotroph-Undefined Saprotroph"")"
Aureobasidium melanogenum,plant_association,endophyte,FUNGuild (Fungi_5k functionalDB) confidenceRanking=Possible,"genus-level call (guild ""Animal Pathogen-Endophyte-Epiphyte-|Plant Pathogen|-Plant Saprotroph-Undefined Saprotroph"")"
Auricularia subglabra,trophic_mode,saprotroph,FUNGuild (Fungi_5k functionalDB) confidenceRanking=Probable,"genus-level call (trophicMode ""Saprotroph"")"
Auricularia subglabra,plant_association,saprotroph_plant_material,FUNGuild (Fungi_5k functionalDB) confidenceRanking=Probable,"genus-level call (guild ""Undefined Saprotroph-|Wood Saprotroph|"")"
Babjeviella inositovora,cell_morphology,yeast,FUNGuild (Fungi_5k functionalDB) confidenceRanking=Highly Probable,"genus-level call (growthForm ""Yeast"")"
Babjeviella inositovora,trophic_mode,saprotroph,FUNGuild (Fungi_5k functionalDB) confidenceRanking=Highly Probable,"genus-level call (trophicMode ""Saprotroph"")"
Bacidia gigantensis,trophic_mode,symbiotroph,FUNGuild (Fungi_5k functionalDB) confidenceRanking=Highly Probable,"genus-level call (trophicMode ""Symbiotroph"")"
Baudoinia panamericana,cell_morphology,filamentous,FUNGuild (Fungi_5k functionalDB) confidenceRanking=Highly Probable,"genus-level call (growthForm ""Microfungus"")"
Baudoinia panamericana,trophic_mode,saprotroph,FUNGuild (Fungi_5k functionalDB) confidenceRanking=Highly Probable,"genus-level call (trophicMode ""Saprotroph"")"
Beauveria bassiana,cell_morphology,filamentous,FUNGuild (Fungi_5k functionalDB) confidenceRanking=Probable,"genus-level call (growthForm ""Microfungus"")"
Beauveria bassiana,trophic_mode,pathotroph,FUNGuild (Fungi_5k functionalDB) confidenceRanking=Probable,"genus-level call (trophicMode ""Pathotroph-Saprotroph-Symbiotroph"")"
Beauveria bassiana,trophic_mode,saprotroph,FUNGuild (Fungi_5k functionalDB) confidenceRanking=Probable,"genus-level call (trophicMode ""Pathotroph-Saprotroph-Symbiotroph"")"
Beauveria bassiana,trophic_mode,symbiotroph,FUNGuild (Fungi_5k functionalDB) confidenceRanking=Probable,"genus-level call (trophicMode ""Pathotroph-Saprotroph-Symbiotroph"")"
Beauveria bassiana,animal_association,pathogen,FUNGuild (Fungi_5k functionalDB) confidenceRanking=Probable,"genus-level call (guild ""|Animal Parasite|-Animal Pathogen-Endophyte-Undefined Saprotroph"")"
Beauveria bassiana,plant_association,endophyte,FUNGuild (Fungi_5k functionalDB) confidenceRanking=Probable,"genus-level call (guild ""|Animal Parasite|-Animal Pathogen-Endophyte-Undefined Saprotroph"")"
Berkeleyomyces rouxiae,cell_morphology,filamentous,FUNGuild (Fungi_5k functionalDB) confidenceRanking=Probable,"genus-level call (growthForm ""Microfungus"")"
Berkeleyomyces rouxiae,trophic_mode,pathotroph,FUNGuild (Fungi_5k functionalDB) confidenceRanking=Probable,"genus-level call (trophicMode ""Pathotroph-Symbiotroph"")"
Berkeleyomyces rouxiae,trophic_mode,symbiotroph,FUNGuild (Fungi_5k functionalDB) confidenceRanking=Probable,"genus-level call (trophicMode ""Pathotroph-Symbiotroph"")"
Berkeleyomyces rouxiae,plant_association,pathogen,FUNGuild (Fungi_5k functionalDB) confidenceRanking=Probable,"genus-level call (guild ""Endophyte-|Plant Pathogen|"")"
Berkeleyomyces rouxiae,plant_association,endophyte,FUNGuild (Fungi_5k functionalDB) confidenceRanking=Probable,"genus-level call (guild ""Endophyte-|Plant Pathogen|"")"
Bipolaris maydis,cell_morphology,filamentous,FUNGuild (Fungi_5k functionalDB) confidenceRanking=Probable,"genus-level call (growthForm ""Microfungus"") -- CAUTION: Bipolaris is trophically/ecologically diverse across species; this genus-level composite call may not reflect Bipolaris maydis specifically, verify before relying on it"
Bipolaris maydis,trophic_mode,pathotroph,FUNGuild (Fungi_5k functionalDB) confidenceRanking=Probable,"genus-level call (trophicMode ""Pathotroph-Saprotroph"") -- CAUTION: Bipolaris is trophically/ecologically diverse across species; this genus-level composite call may not reflect Bipolaris maydis specifically, verify before relying on it"
Bipolaris maydis,trophic_mode,saprotroph,FUNGuild (Fungi_5k functionalDB) confidenceRanking=Probable,"genus-level call (trophicMode ""Pathotroph-Saprotroph"") -- CAUTION: Bipolaris is trophically/ecologically diverse across species; this genus-level composite call may not reflect Bipolaris maydis specifically, verify before relying on it"
Bipolaris maydis,plant_association,pathogen,FUNGuild (Fungi_5k functionalDB) confidenceRanking=Probable,"genus-level call (guild ""|Plant Pathogen|-Plant Saprotroph"") -- CAUTION: Bipolaris is trophically/ecologically diverse across species; this genus-level composite call may not reflect Bipolaris maydis specifically, verify before relying on it"
Bipolaris maydis,plant_association,saprotroph_plant_material,FUNGuild (Fungi_5k functionalDB) confidenceRanking=Probable,"genus-level call (guild ""|Plant Pathogen|-Plant Saprotroph"") -- CAUTION: Bipolaris is trophically/ecologically diverse across species; this genus-level composite call may not reflect Bipolaris maydis specifically, verify before relying on it"
Blastobotrys vanleenenianus,cell_morphology,yeast,FUNGuild (Fungi_5k functionalDB) confidenceRanking=Highly Probable,"genus-level call (growthForm ""Yeast"")"
Blastobotrys vanleenenianus,trophic_mode,saprotroph,FUNGuild (Fungi_5k functionalDB) confidenceRanking=Highly Probable,"genus-level call (trophicMode ""Saprotroph"")"
Blastomyces dermatitidis,cell_morphology,dimorphic,FUNGuild (Fungi_5k functionalDB) confidenceRanking=Highly Probable,"genus-level call (growthForm ""Dimorphic-Dimorphic Yeast-Microfungus"")"
Blastomyces dermatitidis,trophic_mode,pathotroph,FUNGuild (Fungi_5k functionalDB) confidenceRanking=Highly Probable,"genus-level call (trophicMode ""Pathotroph-Saprotroph"")"
Blastomyces dermatitidis,trophic_mode,saprotroph,FUNGuild (Fungi_5k functionalDB) confidenceRanking=Highly Probable,"genus-level call (trophicMode ""Pathotroph-Saprotroph"")"
Blastomyces dermatitidis,animal_association,pathogen,FUNGuild (Fungi_5k functionalDB) confidenceRanking=Highly Probable,"genus-level call (guild ""|Animal Parasite|-Animal Pathogen-Undefined Saprotroph"")"
Boeremia exigua,cell_morphology,filamentous,FUNGuild (Fungi_5k functionalDB) confidenceRanking=Possible,"genus-level call (growthForm ""Microfungus"")"
Boeremia exigua,trophic_mode,pathotroph,FUNGuild (Fungi_5k functionalDB) confidenceRanking=Possible,"genus-level call (trophicMode ""Pathotroph-Symbiotroph"")"
Boeremia exigua,trophic_mode,symbiotroph,FUNGuild (Fungi_5k functionalDB) confidenceRanking=Possible,"genus-level call (trophicMode ""Pathotroph-Symbiotroph"")"
Boeremia exigua,plant_association,pathogen,FUNGuild (Fungi_5k functionalDB) confidenceRanking=Possible,"genus-level call (guild ""Endophyte-|Plant Pathogen|"")"
Boeremia exigua,plant_association,endophyte,FUNGuild (Fungi_5k functionalDB) confidenceRanking=Possible,"genus-level call (guild ""Endophyte-|Plant Pathogen|"")"
Botrytis byssoidea,cell_morphology,filamentous,FUNGuild (Fungi_5k functionalDB) confidenceRanking=Probable,"genus-level call (growthForm ""Microfungus"")"
Botrytis byssoidea,trophic_mode,pathotroph,FUNGuild (Fungi_5k functionalDB) confidenceRanking=Probable,"genus-level call (trophicMode ""Pathotroph-Saprotroph"")"
Botrytis byssoidea,trophic_mode,saprotroph,FUNGuild (Fungi_5k functionalDB) confidenceRanking=Probable,"genus-level call (trophicMode ""Pathotroph-Saprotroph"")"
Botrytis byssoidea,plant_association,pathogen,FUNGuild (Fungi_5k functionalDB) confidenceRanking=Probable,"genus-level call (guild ""|Plant Pathogen|-Plant Saprotroph"")"
Botrytis byssoidea,plant_association,saprotroph_plant_material,FUNGuild (Fungi_5k functionalDB) confidenceRanking=Probable,"genus-level call (guild ""|Plant Pathogen|-Plant Saprotroph"")"
Brettanomyces bruxellensis,cell_morphology,yeast,FUNGuild (Fungi_5k functionalDB) confidenceRanking=Probable,"genus-level call (growthForm ""Yeast"")"
Brettanomyces bruxellensis,trophic_mode,saprotroph,FUNGuild (Fungi_5k functionalDB) confidenceRanking=Probable,"genus-level call (trophicMode ""Saprotroph"")"
Cadophora gregata,cell_morphology,filamentous,FUNGuild (Fungi_5k functionalDB) confidenceRanking=Highly Probable,"genus-level call (growthForm ""Microfungus"")"
Cadophora gregata,trophic_mode,pathotroph,FUNGuild (Fungi_5k functionalDB) confidenceRanking=Highly Probable,"genus-level call (trophicMode ""Pathotroph-Saprotroph-Symbiotroph"")"
Cadophora gregata,trophic_mode,saprotroph,FUNGuild (Fungi_5k functionalDB) confidenceRanking=Highly Probable,"genus-level call (trophicMode ""Pathotroph-Saprotroph-Symbiotroph"")"
Cadophora gregata,trophic_mode,symbiotroph,FUNGuild (Fungi_5k functionalDB) confidenceRanking=Highly Probable,"genus-level call (trophicMode ""Pathotroph-Saprotroph-Symbiotroph"")"
Cadophora gregata,plant_association,pathogen,FUNGuild (Fungi_5k functionalDB) confidenceRanking=Highly Probable,"genus-level call (guild ""Ectomycorrhizal-Endophyte-Plant Pathogen-|Plant Saprotroph|"")"
Cadophora gregata,plant_association,saprotroph_plant_material,FUNGuild (Fungi_5k functionalDB) confidenceRanking=Highly Probable,"genus-level call (guild ""Ectomycorrhizal-Endophyte-Plant Pathogen-|Plant Saprotroph|"")"
Cadophora gregata,plant_association,endophyte,FUNGuild (Fungi_5k functionalDB) confidenceRanking=Highly Probable,"genus-level call (guild ""Ectomycorrhizal-Endophyte-Plant Pathogen-|Plant Saprotroph|"")"
Cadophora gregata,plant_association,mycorrhizal_mutualist,FUNGuild (Fungi_5k functionalDB) confidenceRanking=Highly Probable,"genus-level call (guild ""Ectomycorrhizal-Endophyte-Plant Pathogen-|Plant Saprotroph|"")"
Canariomyces notabilis,cell_morphology,filamentous,FUNGuild (Fungi_5k functionalDB) confidenceRanking=Probable,"genus-level call (growthForm ""Microfungus"")"
Canariomyces notabilis,trophic_mode,pathotroph,FUNGuild (Fungi_5k functionalDB) confidenceRanking=Probable,"genus-level call (trophicMode ""Pathotroph-Saprotroph"")"
Canariomyces notabilis,trophic_mode,saprotroph,FUNGuild (Fungi_5k functionalDB) confidenceRanking=Probable,"genus-level call (trophicMode ""Pathotroph-Saprotroph"")"
Canariomyces notabilis,plant_association,pathogen,FUNGuild (Fungi_5k functionalDB) confidenceRanking=Probable,"genus-level call (guild ""Plant Pathogen-Plant Saprotroph-|Undefined Saprotroph|"")"
Canariomyces notabilis,plant_association,saprotroph_plant_material,FUNGuild (Fungi_5k functionalDB) confidenceRanking=Probable,"genus-level call (guild ""Plant Pathogen-Plant Saprotroph-|Undefined Saprotroph|"")"
Cantharellus anzutake,cell_morphology,filamentous,FUNGuild (Fungi_5k functionalDB) confidenceRanking=Highly Probable,"genus-level call (growthForm ""Agaricoid-Cantherelloid"")"
Cantharellus anzutake,trophic_mode,symbiotroph,FUNGuild (Fungi_5k functionalDB) confidenceRanking=Highly Probable,"genus-level call (trophicMode ""Symbiotroph"")"
Cantharellus anzutake,plant_association,mycorrhizal_mutualist,FUNGuild (Fungi_5k functionalDB) confidenceRanking=Highly Probable,"genus-level call (guild ""|Ectomycorrhizal|"")"
Capronia coronata,cell_morphology,dimorphic,FUNGuild (Fungi_5k functionalDB) confidenceRanking=Highly Probable,"genus-level call (growthForm ""Dimorphic-Facultative Yeast"")"
Capronia coronata,trophic_mode,pathotroph,FUNGuild (Fungi_5k functionalDB) confidenceRanking=Highly Probable,"genus-level call (trophicMode ""Pathotroph-Saprotroph-Symbiotroph"")"
Capronia coronata,trophic_mode,saprotroph,FUNGuild (Fungi_5k functionalDB) confidenceRanking=Highly Probable,"genus-level call (trophicMode ""Pathotroph-Saprotroph-Symbiotroph"")"
Capronia coronata,trophic_mode,symbiotroph,FUNGuild (Fungi_5k functionalDB) confidenceRanking=Highly Probable,"genus-level call (trophicMode ""Pathotroph-Saprotroph-Symbiotroph"")"
Capronia coronata,animal_association,pathogen,FUNGuild (Fungi_5k functionalDB) confidenceRanking=Highly Probable,"genus-level call (guild ""Animal Pathogen-Endophyte-Fungal Parasite-|Undefined Saprotroph|"")"
Capronia coronata,plant_association,endophyte,FUNGuild (Fungi_5k functionalDB) confidenceRanking=Highly Probable,"genus-level call (guild ""Animal Pathogen-Endophyte-Fungal Parasite-|Undefined Saprotroph|"")"
Capronia coronata,fungal_association,mycoparasite,FUNGuild (Fungi_5k functionalDB) confidenceRanking=Highly Probable,"genus-level call (guild ""Animal Pathogen-Endophyte-Fungal Parasite-|Undefined Saprotroph|"")"
Cenococcum geophilum,cell_morphology,filamentous,FUNGuild (Fungi_5k functionalDB) confidenceRanking=Highly Probable,"genus-level call (growthForm ""Microfungus"")"
Cenococcum geophilum,trophic_mode,symbiotroph,FUNGuild (Fungi_5k functionalDB) confidenceRanking=Highly Probable,"genus-level call (trophicMode ""Symbiotroph"")"
Cenococcum geophilum,plant_association,mycorrhizal_mutualist,FUNGuild (Fungi_5k functionalDB) confidenceRanking=Highly Probable,"genus-level call (guild ""|Ectomycorrhizal|"")"
Ceraceosorus guamensis,cell_morphology,filamentous,FUNGuild (Fungi_5k functionalDB) confidenceRanking=Probable,"genus-level call (growthForm ""Microfungus"")"
Ceraceosorus guamensis,trophic_mode,pathotroph,FUNGuild (Fungi_5k functionalDB) confidenceRanking=Probable,"genus-level call (trophicMode ""Pathotroph-Symbiotroph"")"
Ceraceosorus guamensis,trophic_mode,symbiotroph,FUNGuild (Fungi_5k functionalDB) confidenceRanking=Probable,"genus-level call (trophicMode ""Pathotroph-Symbiotroph"")"
Ceraceosorus guamensis,plant_association,pathogen,FUNGuild (Fungi_5k functionalDB) confidenceRanking=Probable,"genus-level call (guild ""Epiphyte-|Plant Pathogen|"")"
Ceratocystis lukuohia,cell_morphology,filamentous,FUNGuild (Fungi_5k functionalDB) confidenceRanking=Probable,"genus-level call (growthForm ""Microfungus"")"
Ceratocystis lukuohia,trophic_mode,pathotroph,FUNGuild (Fungi_5k functionalDB) confidenceRanking=Probable,"genus-level call (trophicMode ""Pathotroph-Saprotroph-Symbiotroph"")"
Ceratocystis lukuohia,trophic_mode,saprotroph,FUNGuild (Fungi_5k functionalDB) confidenceRanking=Probable,"genus-level call (trophicMode ""Pathotroph-Saprotroph-Symbiotroph"")"
Ceratocystis lukuohia,trophic_mode,symbiotroph,FUNGuild (Fungi_5k functionalDB) confidenceRanking=Probable,"genus-level call (trophicMode ""Pathotroph-Saprotroph-Symbiotroph"")"
Ceratocystis lukuohia,plant_association,pathogen,FUNGuild (Fungi_5k functionalDB) confidenceRanking=Probable,"genus-level call (guild ""Endophyte-|Plant Pathogen|-Wood Saprotroph"")"
Ceratocystis lukuohia,plant_association,saprotroph_plant_material,FUNGuild (Fungi_5k functionalDB) confidenceRanking=Probable,"genus-level call (guild ""Endophyte-|Plant Pathogen|-Wood Saprotroph"")"
Ceratocystis lukuohia,plant_association,endophyte,FUNGuild (Fungi_5k functionalDB) confidenceRanking=Probable,"genus-level call (guild ""Endophyte-|Plant Pathogen|-Wood Saprotroph"")"
Cercospora beticola,cell_morphology,filamentous,FUNGuild (Fungi_5k functionalDB) confidenceRanking=Probable,"genus-level call (growthForm ""Microfungus"")"
Cercospora beticola,trophic_mode,pathotroph,FUNGuild (Fungi_5k functionalDB) confidenceRanking=Probable,"genus-level call (trophicMode ""Pathotroph"")"
Cercospora beticola,plant_association,pathogen,FUNGuild (Fungi_5k functionalDB) confidenceRanking=Probable,"genus-level call (guild ""|Plant Pathogen|"")"
Chaetomium fimeti,cell_morphology,filamentous,FUNGuild (Fungi_5k functionalDB) confidenceRanking=Possible,"genus-level call (growthForm ""Microfungus"") -- CAUTION: Chaetomium is trophically/ecologically diverse across species; this genus-level composite call may not reflect Chaetomium fimeti specifically, verify before relying on it"
Chaetomium fimeti,trophic_mode,pathotroph,FUNGuild (Fungi_5k functionalDB) confidenceRanking=Possible,"genus-level call (trophicMode ""Pathotroph-Saprotroph-Symbiotroph"") -- CAUTION: Chaetomium is trophically/ecologically diverse across species; this genus-level composite call may not reflect Chaetomium fimeti specifically, verify before relying on it"
Chaetomium fimeti,trophic_mode,saprotroph,FUNGuild (Fungi_5k functionalDB) confidenceRanking=Possible,"genus-level call (trophicMode ""Pathotroph-Saprotroph-Symbiotroph"") -- CAUTION: Chaetomium is trophically/ecologically diverse across species; this genus-level composite call may not reflect Chaetomium fimeti specifically, verify before relying on it"
Chaetomium fimeti,trophic_mode,symbiotroph,FUNGuild (Fungi_5k functionalDB) confidenceRanking=Possible,"genus-level call (trophicMode ""Pathotroph-Saprotroph-Symbiotroph"") -- CAUTION: Chaetomium is trophically/ecologically diverse across species; this genus-level composite call may not reflect Chaetomium fimeti specifically, verify before relying on it"
Chaetomium fimeti,animal_association,pathogen,FUNGuild (Fungi_5k functionalDB) confidenceRanking=Possible,"genus-level call (guild ""Animal Pathogen-Dung Saprotroph-Endophyte-Epiphyte-Plant Pathogen-|Plant Saprotroph|-Wood Saprotroph"") -- CAUTION: Chaetomium is trophically/ecologically diverse across species; this genus-level composite call may not reflect Chaetomium fimeti specifically, verify before relying on it"
Chaetomium fimeti,plant_association,pathogen,FUNGuild (Fungi_5k functionalDB) confidenceRanking=Possible,"genus-level call (guild ""Animal Pathogen-Dung Saprotroph-Endophyte-Epiphyte-Plant Pathogen-|Plant Saprotroph|-Wood Saprotroph"") -- CAUTION: Chaetomium is trophically/ecologically diverse across species; this genus-level composite call may not reflect Chaetomium fimeti specifically, verify before relying on it"
Chaetomium fimeti,plant_association,saprotroph_plant_material,FUNGuild (Fungi_5k functionalDB) confidenceRanking=Possible,"genus-level call (guild ""Animal Pathogen-Dung Saprotroph-Endophyte-Epiphyte-Plant Pathogen-|Plant Saprotroph|-Wood Saprotroph"") -- CAUTION: Chaetomium is trophically/ecologically diverse across species; this genus-level composite call may not reflect Chaetomium fimeti specifically, verify before relying on it"
Chaetomium fimeti,plant_association,endophyte,FUNGuild (Fungi_5k functionalDB) confidenceRanking=Possible,"genus-level call (guild ""Animal Pathogen-Dung Saprotroph-Endophyte-Epiphyte-Plant Pathogen-|Plant Saprotroph|-Wood Saprotroph"") -- CAUTION: Chaetomium is trophically/ecologically diverse across species; this genus-level composite call may not reflect Chaetomium fimeti specifically, verify before relying on it"
Cladophialophora bantiana,cell_morphology,dimorphic,FUNGuild (Fungi_5k functionalDB) confidenceRanking=Probable,"genus-level call (growthForm ""Dimorphic-Microfungus"")"
Cladophialophora bantiana,trophic_mode,pathotroph,FUNGuild (Fungi_5k functionalDB) confidenceRanking=Probable,"genus-level call (trophicMode ""Pathotroph-Saprotroph-Symbiotroph"")"
Cladophialophora bantiana,trophic_mode,saprotroph,FUNGuild (Fungi_5k functionalDB) confidenceRanking=Probable,"genus-level call (trophicMode ""Pathotroph-Saprotroph-Symbiotroph"")"
Cladophialophora bantiana,trophic_mode,symbiotroph,FUNGuild (Fungi_5k functionalDB) confidenceRanking=Probable,"genus-level call (trophicMode ""Pathotroph-Saprotroph-Symbiotroph"")"
Cladophialophora bantiana,animal_association,pathogen,FUNGuild (Fungi_5k functionalDB) confidenceRanking=Probable,"genus-level call (guild ""Animal Pathogen-Endophyte-Fungal Parasite-|Undefined Saprotroph|"")"
Cladophialophora bantiana,plant_association,endophyte,FUNGuild (Fungi_5k functionalDB) confidenceRanking=Probable,"genus-level call (guild ""Animal Pathogen-Endophyte-Fungal Parasite-|Undefined Saprotroph|"")"
Cladophialophora bantiana,fungal_association,mycoparasite,FUNGuild (Fungi_5k functionalDB) confidenceRanking=Probable,"genus-level call (guild ""Animal Pathogen-Endophyte-Fungal Parasite-|Undefined Saprotroph|"")"
Cladosporium halotolerans,cell_morphology,filamentous,FUNGuild (Fungi_5k functionalDB) confidenceRanking=Possible,"genus-level call (growthForm ""Microfungus"") -- CAUTION: Cladosporium is trophically/ecologically diverse across species; this genus-level composite call may not reflect Cladosporium halotolerans specifically, verify before relying on it"
Cladosporium halotolerans,trophic_mode,pathotroph,FUNGuild (Fungi_5k functionalDB) confidenceRanking=Possible,"genus-level call (trophicMode ""Pathotroph-Saprotroph-Symbiotroph"") -- CAUTION: Cladosporium is trophically/ecologically diverse across species; this genus-level composite call may not reflect Cladosporium halotolerans specifically, verify before relying on it"
Cladosporium halotolerans,trophic_mode,saprotroph,FUNGuild (Fungi_5k functionalDB) confidenceRanking=Possible,"genus-level call (trophicMode ""Pathotroph-Saprotroph-Symbiotroph"") -- CAUTION: Cladosporium is trophically/ecologically diverse across species; this genus-level composite call may not reflect Cladosporium halotolerans specifically, verify before relying on it"
Cladosporium halotolerans,trophic_mode,symbiotroph,FUNGuild (Fungi_5k functionalDB) confidenceRanking=Possible,"genus-level call (trophicMode ""Pathotroph-Saprotroph-Symbiotroph"") -- CAUTION: Cladosporium is trophically/ecologically diverse across species; this genus-level composite call may not reflect Cladosporium halotolerans specifically, verify before relying on it"
Cladosporium halotolerans,animal_association,pathogen,FUNGuild (Fungi_5k functionalDB) confidenceRanking=Possible,"genus-level call (guild ""Animal Pathogen-Endophyte-Lichen Parasite-Plant Pathogen-|Plant Saprotroph|-Wood Saprotroph"") -- CAUTION: Cladosporium is trophically/ecologically diverse across species; this genus-level composite call may not reflect Cladosporium halotolerans specifically, verify before relying on it"
Cladosporium halotolerans,plant_association,pathogen,FUNGuild (Fungi_5k functionalDB) confidenceRanking=Possible,"genus-level call (guild ""Animal Pathogen-Endophyte-Lichen Parasite-Plant Pathogen-|Plant Saprotroph|-Wood Saprotroph"") -- CAUTION: Cladosporium is trophically/ecologically diverse across species; this genus-level composite call may not reflect Cladosporium halotolerans specifically, verify before relying on it"
Cladosporium halotolerans,plant_association,saprotroph_plant_material,FUNGuild (Fungi_5k functionalDB) confidenceRanking=Possible,"genus-level call (guild ""Animal Pathogen-Endophyte-Lichen Parasite-Plant Pathogen-|Plant Saprotroph|-Wood Saprotroph"") -- CAUTION: Cladosporium is trophically/ecologically diverse across species; this genus-level composite call may not reflect Cladosporium halotolerans specifically, verify before relying on it"
Cladosporium halotolerans,plant_association,endophyte,FUNGuild (Fungi_5k functionalDB) confidenceRanking=Possible,"genus-level call (guild ""Animal Pathogen-Endophyte-Lichen Parasite-Plant Pathogen-|Plant Saprotroph|-Wood Saprotroph"") -- CAUTION: Cladosporium is trophically/ecologically diverse across species; this genus-level composite call may not reflect Cladosporium halotolerans specifically, verify before relying on it"
Cladosporium halotolerans,fungal_association,mycoparasite,FUNGuild (Fungi_5k functionalDB) confidenceRanking=Possible,"genus-level call (guild ""Animal Pathogen-Endophyte-Lichen Parasite-Plant Pathogen-|Plant Saprotroph|-Wood Saprotroph""); lichen parasite mapped to mycoparasite -- CAUTION: Cladosporium is trophically/ecologically diverse across species; this genus-level composite call may not reflect Cladosporium halotolerans specifically, verify before relying on it"
Clavispora lusitaniae,cell_morphology,yeast,FUNGuild (Fungi_5k functionalDB) confidenceRanking=Probable,"genus-level call (growthForm ""Yeast"")"
Clavispora lusitaniae,trophic_mode,pathotroph,FUNGuild (Fungi_5k functionalDB) confidenceRanking=Probable,"genus-level call (trophicMode ""Pathotroph-Saprotroph"")"
Clavispora lusitaniae,trophic_mode,saprotroph,FUNGuild (Fungi_5k functionalDB) confidenceRanking=Probable,"genus-level call (trophicMode ""Pathotroph-Saprotroph"")"
Clavispora lusitaniae,animal_association,pathogen,FUNGuild (Fungi_5k functionalDB) confidenceRanking=Probable,"genus-level call (guild ""Animal Pathogen-|Plant Saprotroph|-Undefined Saprotroph"")"
Clavispora lusitaniae,plant_association,saprotroph_plant_material,FUNGuild (Fungi_5k functionalDB) confidenceRanking=Probable,"genus-level call (guild ""Animal Pathogen-|Plant Saprotroph|-Undefined Saprotroph"")"
Colletotrichum abscissum,cell_morphology,filamentous,FUNGuild (Fungi_5k functionalDB) confidenceRanking=Probable,"genus-level call (growthForm ""Microfungus"") -- CAUTION: Colletotrichum is trophically/ecologically diverse across species; this genus-level composite call may not reflect Colletotrichum abscissum specifically, verify before relying on it"
Colletotrichum abscissum,trophic_mode,pathotroph,FUNGuild (Fungi_5k functionalDB) confidenceRanking=Probable,"genus-level call (trophicMode ""Pathotroph-Saprotroph-Symbiotroph"") -- CAUTION: Colletotrichum is trophically/ecologically diverse across species; this genus-level composite call may not reflect Colletotrichum abscissum specifically, verify before relying on it"
Colletotrichum abscissum,trophic_mode,saprotroph,FUNGuild (Fungi_5k functionalDB) confidenceRanking=Probable,"genus-level call (trophicMode ""Pathotroph-Saprotroph-Symbiotroph"") -- CAUTION: Colletotrichum is trophically/ecologically diverse across species; this genus-level composite call may not reflect Colletotrichum abscissum specifically, verify before relying on it"
Colletotrichum abscissum,trophic_mode,symbiotroph,FUNGuild (Fungi_5k functionalDB) confidenceRanking=Probable,"genus-level call (trophicMode ""Pathotroph-Saprotroph-Symbiotroph"") -- CAUTION: Colletotrichum is trophically/ecologically diverse across species; this genus-level composite call may not reflect Colletotrichum abscissum specifically, verify before relying on it"
Colletotrichum abscissum,plant_association,pathogen,FUNGuild (Fungi_5k functionalDB) confidenceRanking=Probable,"genus-level call (guild ""Endophyte-|Plant Pathogen|-Plant Saprotroph"") -- CAUTION: Colletotrichum is trophically/ecologically diverse across species; this genus-level composite call may not reflect Colletotrichum abscissum specifically, verify before relying on it"
Colletotrichum abscissum,plant_association,saprotroph_plant_material,FUNGuild (Fungi_5k functionalDB) confidenceRanking=Probable,"genus-level call (guild ""Endophyte-|Plant Pathogen|-Plant Saprotroph"") -- CAUTION: Colletotrichum is trophically/ecologically diverse across species; this genus-level composite call may not reflect Colletotrichum abscissum specifically, verify before relying on it"
Colletotrichum abscissum,plant_association,endophyte,FUNGuild (Fungi_5k functionalDB) confidenceRanking=Probable,"genus-level call (guild ""Endophyte-|Plant Pathogen|-Plant Saprotroph"") -- CAUTION: Colletotrichum is trophically/ecologically diverse across species; this genus-level composite call may not reflect Colletotrichum abscissum specifically, verify before relying on it"
Coniophora puteana,cell_morphology,filamentous,FUNGuild (Fungi_5k functionalDB) confidenceRanking=Probable,"genus-level call (growthForm ""Corticioid"")"
Coniophora puteana,trophic_mode,saprotroph,FUNGuild (Fungi_5k functionalDB) confidenceRanking=Probable,"genus-level call (trophicMode ""Saprotroph"")"
Coniophora puteana,plant_association,saprotroph_plant_material,FUNGuild (Fungi_5k functionalDB) confidenceRanking=Probable,"genus-level call (guild ""|Wood Saprotroph|"")"
Coniosporium apollinis,cell_morphology,filamentous,FUNGuild (Fungi_5k functionalDB) confidenceRanking=Possible,"genus-level call (growthForm ""Microfungus"")"
Coniosporium apollinis,trophic_mode,pathotroph,FUNGuild (Fungi_5k functionalDB) confidenceRanking=Possible,"genus-level call (trophicMode ""Pathotroph-Saprotroph"")"
Coniosporium apollinis,trophic_mode,saprotroph,FUNGuild (Fungi_5k functionalDB) confidenceRanking=Possible,"genus-level call (trophicMode ""Pathotroph-Saprotroph"")"
Coniosporium apollinis,animal_association,pathogen,FUNGuild (Fungi_5k functionalDB) confidenceRanking=Possible,"genus-level call (guild ""Animal Parasite-Animal Pathogen-|Plant Pathogen|-Undefined Saprotroph"")"
Coniosporium apollinis,plant_association,pathogen,FUNGuild (Fungi_5k functionalDB) confidenceRanking=Possible,"genus-level call (guild ""Animal Parasite-Animal Pathogen-|Plant Pathogen|-Undefined Saprotroph"")"
Cordyceps fumosorosea,cell_morphology,filamentous,FUNGuild (Fungi_5k functionalDB) confidenceRanking=Possible,"genus-level call (growthForm ""Cordyceptoid-Microfungus"")"
Cordyceps fumosorosea,trophic_mode,pathotroph,FUNGuild (Fungi_5k functionalDB) confidenceRanking=Possible,"genus-level call (trophicMode ""Pathotroph-Symbiotroph"")"
Cordyceps fumosorosea,trophic_mode,symbiotroph,FUNGuild (Fungi_5k functionalDB) confidenceRanking=Possible,"genus-level call (trophicMode ""Pathotroph-Symbiotroph"")"
Cordyceps fumosorosea,animal_association,pathogen,FUNGuild (Fungi_5k functionalDB) confidenceRanking=Possible,"genus-level call (guild ""Clavicipitaceous Endophyte-Fungal Parasite-|Insect Pathogen|""); arthropod/insect-specific"
Cordyceps fumosorosea,plant_association,endophyte,FUNGuild (Fungi_5k functionalDB) confidenceRanking=Possible,"genus-level call (guild ""Clavicipitaceous Endophyte-Fungal Parasite-|Insect Pathogen|"")"
Cordyceps fumosorosea,fungal_association,mycoparasite,FUNGuild (Fungi_5k functionalDB) confidenceRanking=Possible,"genus-level call (guild ""Clavicipitaceous Endophyte-Fungal Parasite-|Insect Pathogen|"")"
Cryphonectria parasitica,cell_morphology,filamentous,FUNGuild (Fungi_5k functionalDB) confidenceRanking=Highly Probable,"genus-level call (growthForm ""Microfungus"")"
Cryphonectria parasitica,trophic_mode,pathotroph,FUNGuild (Fungi_5k functionalDB) confidenceRanking=Highly Probable,"genus-level call (trophicMode ""Pathotroph-Saprotroph"")"
Cryphonectria parasitica,trophic_mode,saprotroph,FUNGuild (Fungi_5k functionalDB) confidenceRanking=Highly Probable,"genus-level call (trophicMode ""Pathotroph-Saprotroph"")"
Cryphonectria parasitica,plant_association,pathogen,FUNGuild (Fungi_5k functionalDB) confidenceRanking=Highly Probable,"genus-level call (guild ""|Plant Pathogen|-Plant Saprotroph"")"
Cryphonectria parasitica,plant_association,saprotroph_plant_material,FUNGuild (Fungi_5k functionalDB) confidenceRanking=Highly Probable,"genus-level call (guild ""|Plant Pathogen|-Plant Saprotroph"")"
Cucurbitaria berberidis,cell_morphology,filamentous,FUNGuild (Fungi_5k functionalDB) confidenceRanking=Probable,"genus-level call (growthForm ""Microfungus"")"
Cucurbitaria berberidis,trophic_mode,pathotroph,FUNGuild (Fungi_5k functionalDB) confidenceRanking=Probable,"genus-level call (trophicMode ""Pathotroph-Saprotroph"")"
Cucurbitaria berberidis,trophic_mode,saprotroph,FUNGuild (Fungi_5k functionalDB) confidenceRanking=Probable,"genus-level call (trophicMode ""Pathotroph-Saprotroph"")"
Cucurbitaria berberidis,plant_association,pathogen,FUNGuild (Fungi_5k functionalDB) confidenceRanking=Probable,"genus-level call (guild ""|Plant Pathogen|-Plant Saprotroph-Wood Saprotroph"")"
Cucurbitaria berberidis,plant_association,saprotroph_plant_material,FUNGuild (Fungi_5k functionalDB) confidenceRanking=Probable,"genus-level call (guild ""|Plant Pathogen|-Plant Saprotroph-Wood Saprotroph"")"
Cutaneotrichosporon cavernicola,cell_morphology,yeast,FUNGuild (Fungi_5k functionalDB) confidenceRanking=Possible,"genus-level call (growthForm ""Yeast"")"
Cutaneotrichosporon cavernicola,trophic_mode,pathotroph,FUNGuild (Fungi_5k functionalDB) confidenceRanking=Possible,"genus-level call (trophicMode ""Pathotroph-Saprotroph"")"
Cutaneotrichosporon cavernicola,trophic_mode,saprotroph,FUNGuild (Fungi_5k functionalDB) confidenceRanking=Possible,"genus-level call (trophicMode ""Pathotroph-Saprotroph"")"
Cutaneotrichosporon cavernicola,animal_association,pathogen,FUNGuild (Fungi_5k functionalDB) confidenceRanking=Possible,"genus-level call (guild ""|Animal Parasite|-Animal Pathogen-Undefined Saprotroph"")"
Cystobasidium minutum,cell_morphology,dimorphic,FUNGuild (Fungi_5k functionalDB) confidenceRanking=Highly Probable,"genus-level call (growthForm ""Dimorphic-Facultative Yeast"")"
Cystobasidium minutum,trophic_mode,pathotroph,FUNGuild (Fungi_5k functionalDB) confidenceRanking=Highly Probable,"genus-level call (trophicMode ""Pathotroph"")"
Cystobasidium minutum,fungal_association,mycoparasite,FUNGuild (Fungi_5k functionalDB) confidenceRanking=Highly Probable,"genus-level call (guild ""|Fungal Parasite|"")"
Dacryopinax primogenitus,cell_morphology,filamentous,FUNGuild (Fungi_5k functionalDB) confidenceRanking=Probable,"genus-level call (growthForm ""Clavarioid"")"
Dacryopinax primogenitus,trophic_mode,saprotroph,FUNGuild (Fungi_5k functionalDB) confidenceRanking=Probable,"genus-level call (trophicMode ""Saprotroph"")"
Dacryopinax primogenitus,plant_association,saprotroph_plant_material,FUNGuild (Fungi_5k functionalDB) confidenceRanking=Probable,"genus-level call (guild ""|Wood Saprotroph|"")"
Dactylellina haptotyla,cell_morphology,filamentous,FUNGuild (Fungi_5k functionalDB) confidenceRanking=Probable,"genus-level call (growthForm ""Microfungus"")"
Dactylellina haptotyla,trophic_mode,pathotroph,FUNGuild (Fungi_5k functionalDB) confidenceRanking=Probable,"genus-level call (trophicMode ""Pathotroph-Saprotroph"")"
Dactylellina haptotyla,trophic_mode,saprotroph,FUNGuild (Fungi_5k functionalDB) confidenceRanking=Probable,"genus-level call (trophicMode ""Pathotroph-Saprotroph"")"
Dactylellina haptotyla,animal_association,pathogen,FUNGuild (Fungi_5k functionalDB) confidenceRanking=Probable,"genus-level call (guild ""|Animal Parasite|-Undefined Saprotroph-Wood Saprotroph"")"
Dactylellina haptotyla,plant_association,saprotroph_plant_material,FUNGuild (Fungi_5k functionalDB) confidenceRanking=Probable,"genus-level call (guild ""|Animal Parasite|-Undefined Saprotroph-Wood Saprotroph"")"
Daldinia caldariorum,cell_morphology,filamentous,FUNGuild (Fungi_5k functionalDB) confidenceRanking=Probable,"genus-level call (growthForm ""Microfungus"")"
Daldinia caldariorum,trophic_mode,saprotroph,FUNGuild (Fungi_5k functionalDB) confidenceRanking=Probable,"genus-level call (trophicMode ""Saprotroph-Symbiotroph"")"
Daldinia caldariorum,trophic_mode,symbiotroph,FUNGuild (Fungi_5k functionalDB) confidenceRanking=Probable,"genus-level call (trophicMode ""Saprotroph-Symbiotroph"")"
Daldinia caldariorum,plant_association,saprotroph_plant_material,FUNGuild (Fungi_5k functionalDB) confidenceRanking=Probable,"genus-level call (guild ""Endophyte-Undefined Saprotroph-|Wood Saprotroph|"")"
Daldinia caldariorum,plant_association,endophyte,FUNGuild (Fungi_5k functionalDB) confidenceRanking=Probable,"genus-level call (guild ""Endophyte-Undefined Saprotroph-|Wood Saprotroph|"")"
Desarmillaria tabescens,cell_morphology,filamentous,FUNGuild (Fungi_5k functionalDB) confidenceRanking=Probable,"genus-level call (growthForm ""Agaricoid"")"
Desarmillaria tabescens,trophic_mode,pathotroph,FUNGuild (Fungi_5k functionalDB) confidenceRanking=Probable,"genus-level call (trophicMode ""Pathotroph-Saprotroph"")"
Desarmillaria tabescens,trophic_mode,saprotroph,FUNGuild (Fungi_5k functionalDB) confidenceRanking=Probable,"genus-level call (trophicMode ""Pathotroph-Saprotroph"")"
Desarmillaria tabescens,plant_association,pathogen,FUNGuild (Fungi_5k functionalDB) confidenceRanking=Probable,"genus-level call (guild ""Bryophyte Parasite-|Plant Pathogen|-Wood Saprotroph"")"
Desarmillaria tabescens,plant_association,saprotroph_plant_material,FUNGuild (Fungi_5k functionalDB) confidenceRanking=Probable,"genus-level call (guild ""Bryophyte Parasite-|Plant Pathogen|-Wood Saprotroph"")"
Diaporthe amygdali,cell_morphology,filamentous,FUNGuild (Fungi_5k functionalDB) confidenceRanking=Possible,"genus-level call (growthForm ""Microfungus"")"
Diaporthe amygdali,trophic_mode,pathotroph,FUNGuild (Fungi_5k functionalDB) confidenceRanking=Possible,"genus-level call (trophicMode ""Pathotroph-Saprotroph-Symbiotroph"")"
Diaporthe amygdali,trophic_mode,saprotroph,FUNGuild (Fungi_5k functionalDB) confidenceRanking=Possible,"genus-level call (trophicMode ""Pathotroph-Saprotroph-Symbiotroph"")"
Diaporthe amygdali,trophic_mode,symbiotroph,FUNGuild (Fungi_5k functionalDB) confidenceRanking=Possible,"genus-level call (trophicMode ""Pathotroph-Saprotroph-Symbiotroph"")"
Diaporthe amygdali,plant_association,pathogen,FUNGuild (Fungi_5k functionalDB) confidenceRanking=Possible,"genus-level call (guild ""Endophyte-|Plant Pathogen|-Plant Saprotroph"")"
Diaporthe amygdali,plant_association,saprotroph_plant_material,FUNGuild (Fungi_5k functionalDB) confidenceRanking=Possible,"genus-level call (guild ""Endophyte-|Plant Pathogen|-Plant Saprotroph"")"
Diaporthe amygdali,plant_association,endophyte,FUNGuild (Fungi_5k functionalDB) confidenceRanking=Possible,"genus-level call (guild ""Endophyte-|Plant Pathogen|-Plant Saprotroph"")"
Dichomitus squalens,cell_morphology,filamentous,FUNGuild (Fungi_5k functionalDB) confidenceRanking=Highly Probable,"genus-level call (growthForm ""Corticioid-Polyporoid"")"
Dichomitus squalens,trophic_mode,saprotroph,FUNGuild (Fungi_5k functionalDB) confidenceRanking=Highly Probable,"genus-level call (trophicMode ""Saprotroph"")"
Dichomitus squalens,plant_association,saprotroph_plant_material,FUNGuild (Fungi_5k functionalDB) confidenceRanking=Highly Probable,"genus-level call (guild ""|Wood Saprotroph|"")"
Dichotomopilus funicola,cell_morphology,filamentous,FUNGuild (Fungi_5k functionalDB) confidenceRanking=Possible,"genus-level call (growthForm ""Microfungus"")"
Dichotomopilus funicola,trophic_mode,saprotroph,FUNGuild (Fungi_5k functionalDB) confidenceRanking=Possible,"genus-level call (trophicMode ""Saprotroph"")"
Didymella exigua,cell_morphology,filamentous,FUNGuild (Fungi_5k functionalDB) confidenceRanking=Probable,"genus-level call (growthForm ""Microfungus"")"
Didymella exigua,trophic_mode,pathotroph,FUNGuild (Fungi_5k functionalDB) confidenceRanking=Probable,"genus-level call (trophicMode ""Pathotroph-Saprotroph"")"
Didymella exigua,trophic_mode,saprotroph,FUNGuild (Fungi_5k functionalDB) confidenceRanking=Probable,"genus-level call (trophicMode ""Pathotroph-Saprotroph"")"
Didymella exigua,animal_association,pathogen,FUNGuild (Fungi_5k functionalDB) confidenceRanking=Probable,"genus-level call (guild ""Animal Pathogen-|Plant Pathogen|-Plant Saprotroph-Undefined Saprotroph"")"
Didymella exigua,plant_association,pathogen,FUNGuild (Fungi_5k functionalDB) confidenceRanking=Probable,"genus-level call (guild ""Animal Pathogen-|Plant Pathogen|-Plant Saprotroph-Undefined Saprotroph"")"
Didymella exigua,plant_association,saprotroph_plant_material,FUNGuild (Fungi_5k functionalDB) confidenceRanking=Probable,"genus-level call (guild ""Animal Pathogen-|Plant Pathogen|-Plant Saprotroph-Undefined Saprotroph"")"
Didymosphaeria variabile,cell_morphology,filamentous,FUNGuild (Fungi_5k functionalDB) confidenceRanking=Probable,"genus-level call (growthForm ""Microfungus"")"
Didymosphaeria variabile,trophic_mode,pathotroph,FUNGuild (Fungi_5k functionalDB) confidenceRanking=Probable,"genus-level call (trophicMode ""Pathotroph-Saprotroph-Symbiotroph"")"
Didymosphaeria variabile,trophic_mode,saprotroph,FUNGuild (Fungi_5k functionalDB) confidenceRanking=Probable,"genus-level call (trophicMode ""Pathotroph-Saprotroph-Symbiotroph"")"
Didymosphaeria variabile,trophic_mode,symbiotroph,FUNGuild (Fungi_5k functionalDB) confidenceRanking=Probable,"genus-level call (trophicMode ""Pathotroph-Saprotroph-Symbiotroph"")"
Didymosphaeria variabile,plant_association,pathogen,FUNGuild (Fungi_5k functionalDB) confidenceRanking=Probable,"genus-level call (guild ""Endophyte-Fungal Parasite-Lichen Parasite-|Plant Pathogen|-Plant Saprotroph-Undefined Saprotroph"")"
Didymosphaeria variabile,plant_association,saprotroph_plant_material,FUNGuild (Fungi_5k functionalDB) confidenceRanking=Probable,"genus-level call (guild ""Endophyte-Fungal Parasite-Lichen Parasite-|Plant Pathogen|-Plant Saprotroph-Undefined Saprotroph"")"
Didymosphaeria variabile,plant_association,endophyte,FUNGuild (Fungi_5k functionalDB) confidenceRanking=Probable,"genus-level call (guild ""Endophyte-Fungal Parasite-Lichen Parasite-|Plant Pathogen|-Plant Saprotroph-Undefined Saprotroph"")"
Didymosphaeria variabile,fungal_association,mycoparasite,FUNGuild (Fungi_5k functionalDB) confidenceRanking=Probable,"genus-level call (guild ""Endophyte-Fungal Parasite-Lichen Parasite-|Plant Pathogen|-Plant Saprotroph-Undefined Saprotroph"")"
Didymosphaeria variabile,fungal_association,mycoparasite,FUNGuild (Fungi_5k functionalDB) confidenceRanking=Probable,"genus-level call (guild ""Endophyte-Fungal Parasite-Lichen Parasite-|Plant Pathogen|-Plant Saprotroph-Undefined Saprotroph""); lichen parasite mapped to mycoparasite"
Dioszegia hungarica,cell_morphology,yeast,FUNGuild (Fungi_5k functionalDB) confidenceRanking=Probable,"genus-level call (growthForm ""Yeast"")"
Dioszegia hungarica,trophic_mode,saprotroph,FUNGuild (Fungi_5k functionalDB) confidenceRanking=Probable,"genus-level call (trophicMode ""Saprotroph"")"
Dioszegia hungarica,plant_association,saprotroph_plant_material,FUNGuild (Fungi_5k functionalDB) confidenceRanking=Probable,"genus-level call (guild ""|Plant Saprotroph|-Undefined Saprotroph"")"
Diplodia corticola,cell_morphology,filamentous,FUNGuild (Fungi_5k functionalDB) confidenceRanking=Possible,"genus-level call (growthForm ""Microfungus"")"
Diplodia corticola,trophic_mode,pathotroph,FUNGuild (Fungi_5k functionalDB) confidenceRanking=Possible,"genus-level call (trophicMode ""Pathotroph-Saprotroph-Symbiotroph"")"
Diplodia corticola,trophic_mode,saprotroph,FUNGuild (Fungi_5k functionalDB) confidenceRanking=Possible,"genus-level call (trophicMode ""Pathotroph-Saprotroph-Symbiotroph"")"
Diplodia corticola,trophic_mode,symbiotroph,FUNGuild (Fungi_5k functionalDB) confidenceRanking=Possible,"genus-level call (trophicMode ""Pathotroph-Saprotroph-Symbiotroph"")"
Diplodia corticola,plant_association,pathogen,FUNGuild (Fungi_5k functionalDB) confidenceRanking=Possible,"genus-level call (guild ""Epiphyte-|Plant Pathogen|-Plant Saprotroph-Wood Saprotroph"")"
Diplodia corticola,plant_association,saprotroph_plant_material,FUNGuild (Fungi_5k functionalDB) confidenceRanking=Possible,"genus-level call (guild ""Epiphyte-|Plant Pathogen|-Plant Saprotroph-Wood Saprotroph"")"
Dissoconium aciculare,cell_morphology,filamentous,FUNGuild (Fungi_5k functionalDB) confidenceRanking=Probable,"genus-level call (growthForm ""Microfungus"")"
Dissoconium aciculare,trophic_mode,pathotroph,FUNGuild (Fungi_5k functionalDB) confidenceRanking=Probable,"genus-level call (trophicMode ""Pathotroph-Saprotroph"")"
Dissoconium aciculare,trophic_mode,saprotroph,FUNGuild (Fungi_5k functionalDB) confidenceRanking=Probable,"genus-level call (trophicMode ""Pathotroph-Saprotroph"")"
Dissoconium aciculare,plant_association,pathogen,FUNGuild (Fungi_5k functionalDB) confidenceRanking=Probable,"genus-level call (guild ""Plant Pathogen-|Plant Saprotroph|-Undefined Saprotroph"")"
Dissoconium aciculare,plant_association,saprotroph_plant_material,FUNGuild (Fungi_5k functionalDB) confidenceRanking=Probable,"genus-level call (guild ""Plant Pathogen-|Plant Saprotroph|-Undefined Saprotroph"")"
Diutina rugosa,cell_morphology,yeast,FUNGuild (Fungi_5k functionalDB) confidenceRanking=Probable,"genus-level call (growthForm ""Yeast"")"
Diutina rugosa,trophic_mode,saprotroph,FUNGuild (Fungi_5k functionalDB) confidenceRanking=Probable,"genus-level call (trophicMode ""Saprotroph"")"
Dothidotthia symphoricarpi,cell_morphology,filamentous,FUNGuild (Fungi_5k functionalDB) confidenceRanking=Probable,"genus-level call (growthForm ""Microfungus"")"
Dothidotthia symphoricarpi,trophic_mode,pathotroph,FUNGuild (Fungi_5k functionalDB) confidenceRanking=Probable,"genus-level call (trophicMode ""Pathotroph-Saprotroph-Symbiotroph"")"
Dothidotthia symphoricarpi,trophic_mode,saprotroph,FUNGuild (Fungi_5k functionalDB) confidenceRanking=Probable,"genus-level call (trophicMode ""Pathotroph-Saprotroph-Symbiotroph"")"
Dothidotthia symphoricarpi,trophic_mode,symbiotroph,FUNGuild (Fungi_5k functionalDB) confidenceRanking=Probable,"genus-level call (trophicMode ""Pathotroph-Saprotroph-Symbiotroph"")"
Dothidotthia symphoricarpi,plant_association,pathogen,FUNGuild (Fungi_5k functionalDB) confidenceRanking=Probable,"genus-level call (guild ""Endophyte-|Plant Pathogen|-Wood Saprotroph"")"
Dothidotthia symphoricarpi,plant_association,saprotroph_plant_material,FUNGuild (Fungi_5k functionalDB) confidenceRanking=Probable,"genus-level call (guild ""Endophyte-|Plant Pathogen|-Wood Saprotroph"")"
Dothidotthia symphoricarpi,plant_association,endophyte,FUNGuild (Fungi_5k functionalDB) confidenceRanking=Probable,"genus-level call (guild ""Endophyte-|Plant Pathogen|-Wood Saprotroph"")"
Drechmeria coniospora,cell_morphology,filamentous,FUNGuild (Fungi_5k functionalDB) confidenceRanking=Probable,"genus-level call (growthForm ""Microfungus"")"
Drechmeria coniospora,trophic_mode,pathotroph,FUNGuild (Fungi_5k functionalDB) confidenceRanking=Probable,"genus-level call (trophicMode ""Pathotroph-Saprotroph-Symbiotroph"")"
Drechmeria coniospora,trophic_mode,saprotroph,FUNGuild (Fungi_5k functionalDB) confidenceRanking=Probable,"genus-level call (trophicMode ""Pathotroph-Saprotroph-Symbiotroph"")"
Drechmeria coniospora,trophic_mode,symbiotroph,FUNGuild (Fungi_5k functionalDB) confidenceRanking=Probable,"genus-level call (trophicMode ""Pathotroph-Saprotroph-Symbiotroph"")"
Drechmeria coniospora,animal_association,pathogen,FUNGuild (Fungi_5k functionalDB) confidenceRanking=Probable,"genus-level call (guild ""|Animal Parasite|-Endophyte-Undefined Saprotroph"")"
Drechmeria coniospora,plant_association,endophyte,FUNGuild (Fungi_5k functionalDB) confidenceRanking=Probable,"genus-level call (guild ""|Animal Parasite|-Endophyte-Undefined Saprotroph"")"
Drepanopeziza brunnea,cell_morphology,filamentous,FUNGuild (Fungi_5k functionalDB) confidenceRanking=Probable,"genus-level call (growthForm ""Microfungus"")"
Drepanopeziza brunnea,trophic_mode,pathotroph,FUNGuild (Fungi_5k functionalDB) confidenceRanking=Probable,"genus-level call (trophicMode ""Pathotroph"")"
Drepanopeziza brunnea,plant_association,pathogen,FUNGuild (Fungi_5k functionalDB) confidenceRanking=Probable,"genus-level call (guild ""|Plant Pathogen|"")"
Durotheca rogersii,cell_morphology,filamentous,FUNGuild (Fungi_5k functionalDB) confidenceRanking=Probable,"genus-level call (growthForm ""Microfungus"")"
Durotheca rogersii,trophic_mode,saprotroph,FUNGuild (Fungi_5k functionalDB) confidenceRanking=Probable,"genus-level call (trophicMode ""Saprotroph"")"
Durotheca rogersii,plant_association,saprotroph_plant_material,FUNGuild (Fungi_5k functionalDB) confidenceRanking=Probable,"genus-level call (guild ""Undefined Saprotroph-|Wood Saprotroph|"")"
Emericellopsis atlantica,cell_morphology,filamentous,FUNGuild (Fungi_5k functionalDB) confidenceRanking=Probable,"genus-level call (growthForm ""Microfungus"")"
Emericellopsis atlantica,trophic_mode,saprotroph,FUNGuild (Fungi_5k functionalDB) confidenceRanking=Probable,"genus-level call (trophicMode ""Saprotroph"")"
Encephalitozoon cuniculi,cell_morphology,filamentous,FUNGuild (Fungi_5k functionalDB) confidenceRanking=Probable,"genus-level call (growthForm ""Microfungus"")"
Encephalitozoon cuniculi,trophic_mode,pathotroph,FUNGuild (Fungi_5k functionalDB) confidenceRanking=Probable,"genus-level call (trophicMode ""Pathotroph"")"
Encephalitozoon cuniculi,animal_association,pathogen,FUNGuild (Fungi_5k functionalDB) confidenceRanking=Probable,"genus-level call (guild ""|Animal Parasite|"")"
Endocarpon pusillum,cell_morphology,filamentous,FUNGuild (Fungi_5k functionalDB) confidenceRanking=Highly Probable,"genus-level call (growthForm ""Microfungus-Thallus"")"
Endocarpon pusillum,trophic_mode,symbiotroph,FUNGuild (Fungi_5k functionalDB) confidenceRanking=Highly Probable,"genus-level call (trophicMode ""Symbiotroph"")"
Epithele typhae,cell_morphology,filamentous,FUNGuild (Fungi_5k functionalDB) confidenceRanking=Probable,"genus-level call (growthForm ""Corticioid"")"
Epithele typhae,trophic_mode,saprotroph,FUNGuild (Fungi_5k functionalDB) confidenceRanking=Probable,"genus-level call (trophicMode ""Saprotroph"")"
Epithele typhae,plant_association,saprotroph_plant_material,FUNGuild (Fungi_5k functionalDB) confidenceRanking=Probable,"genus-level call (guild ""Undefined Saprotroph-|Wood Saprotroph|"")"
Eremomyces bilateralis,cell_morphology,filamentous,FUNGuild (Fungi_5k functionalDB) confidenceRanking=Probable,"genus-level call (growthForm ""Microfungus"")"
Eremomyces bilateralis,trophic_mode,saprotroph,FUNGuild (Fungi_5k functionalDB) confidenceRanking=Probable,"genus-level call (trophicMode ""Saprotroph"")"
Eremothecium cymbalariae,cell_morphology,yeast,FUNGuild (Fungi_5k functionalDB) confidenceRanking=Probable,"genus-level call (growthForm ""Yeast"")"
Eremothecium cymbalariae,trophic_mode,pathotroph,FUNGuild (Fungi_5k functionalDB) confidenceRanking=Probable,"genus-level call (trophicMode ""Pathotroph-Saprotroph"")"
Eremothecium cymbalariae,trophic_mode,saprotroph,FUNGuild (Fungi_5k functionalDB) confidenceRanking=Probable,"genus-level call (trophicMode ""Pathotroph-Saprotroph"")"
Eremothecium cymbalariae,plant_association,pathogen,FUNGuild (Fungi_5k functionalDB) confidenceRanking=Probable,"genus-level call (guild ""|Plant Pathogen|-Plant Saprotroph"")"
Eremothecium cymbalariae,plant_association,saprotroph_plant_material,FUNGuild (Fungi_5k functionalDB) confidenceRanking=Probable,"genus-level call (guild ""|Plant Pathogen|-Plant Saprotroph"")"
Exophiala aquamarina,cell_morphology,dimorphic,FUNGuild (Fungi_5k functionalDB) confidenceRanking=Probable,"genus-level call (growthForm ""Dimorphic-Facultative Yeast"")"
Exophiala aquamarina,trophic_mode,pathotroph,FUNGuild (Fungi_5k functionalDB) confidenceRanking=Probable,"genus-level call (trophicMode ""Pathotroph-Saprotroph-Symbiotroph"")"
Exophiala aquamarina,trophic_mode,saprotroph,FUNGuild (Fungi_5k functionalDB) confidenceRanking=Probable,"genus-level call (trophicMode ""Pathotroph-Saprotroph-Symbiotroph"")"
Exophiala aquamarina,trophic_mode,symbiotroph,FUNGuild (Fungi_5k functionalDB) confidenceRanking=Probable,"genus-level call (trophicMode ""Pathotroph-Saprotroph-Symbiotroph"")"
Exophiala aquamarina,animal_association,pathogen,FUNGuild (Fungi_5k functionalDB) confidenceRanking=Probable,"genus-level call (guild ""|Animal Parasite|-Animal Pathogen-Endophyte-Plant Saprotroph-Undefined Saprotroph"")"
Exophiala aquamarina,plant_association,saprotroph_plant_material,FUNGuild (Fungi_5k functionalDB) confidenceRanking=Probable,"genus-level call (guild ""|Animal Parasite|-Animal Pathogen-Endophyte-Plant Saprotroph-Undefined Saprotroph"")"
Exophiala aquamarina,plant_association,endophyte,FUNGuild (Fungi_5k functionalDB) confidenceRanking=Probable,"genus-level call (guild ""|Animal Parasite|-Animal Pathogen-Endophyte-Plant Saprotroph-Undefined Saprotroph"")"
Fibroporia radiculosa,cell_morphology,filamentous,FUNGuild (Fungi_5k functionalDB) confidenceRanking=Probable,"genus-level call (growthForm ""Corticioid"")"
Fibroporia radiculosa,trophic_mode,saprotroph,FUNGuild (Fungi_5k functionalDB) confidenceRanking=Probable,"genus-level call (trophicMode ""Saprotroph"")"
Fibroporia radiculosa,plant_association,saprotroph_plant_material,FUNGuild (Fungi_5k functionalDB) confidenceRanking=Probable,"genus-level call (guild ""|Wood Saprotroph|"")"
Filobasidium floriforme,cell_morphology,dimorphic,FUNGuild (Fungi_5k functionalDB) confidenceRanking=Highly Probable,"genus-level call (growthForm ""Dimorphic-Facultative Yeast"")"
Filobasidium floriforme,trophic_mode,saprotroph,FUNGuild (Fungi_5k functionalDB) confidenceRanking=Highly Probable,"genus-level call (trophicMode ""Saprotroph"")"
Fomitopsis serialis,cell_morphology,filamentous,FUNGuild (Fungi_5k functionalDB) confidenceRanking=Highly Probable,"genus-level call (growthForm ""Polyporoid"")"
Fomitopsis serialis,trophic_mode,pathotroph,FUNGuild (Fungi_5k functionalDB) confidenceRanking=Highly Probable,"genus-level call (trophicMode ""Pathotroph-Saprotroph"")"
Fomitopsis serialis,trophic_mode,saprotroph,FUNGuild (Fungi_5k functionalDB) confidenceRanking=Highly Probable,"genus-level call (trophicMode ""Pathotroph-Saprotroph"")"
Fomitopsis serialis,plant_association,pathogen,FUNGuild (Fungi_5k functionalDB) confidenceRanking=Highly Probable,"genus-level call (guild ""Plant Pathogen-|Wood Saprotroph|"")"
Fomitopsis serialis,plant_association,saprotroph_plant_material,FUNGuild (Fungi_5k functionalDB) confidenceRanking=Highly Probable,"genus-level call (guild ""Plant Pathogen-|Wood Saprotroph|"")"
Fonsecaea erecta,cell_morphology,dimorphic,FUNGuild (Fungi_5k functionalDB) confidenceRanking=Probable,"genus-level call (growthForm ""Dimorphic-Dimorphic Yeast"")"
Fonsecaea erecta,trophic_mode,pathotroph,FUNGuild (Fungi_5k functionalDB) confidenceRanking=Probable,"genus-level call (trophicMode ""Pathotroph-Saprotroph"")"
Fonsecaea erecta,trophic_mode,saprotroph,FUNGuild (Fungi_5k functionalDB) confidenceRanking=Probable,"genus-level call (trophicMode ""Pathotroph-Saprotroph"")"
Fonsecaea erecta,animal_association,pathogen,FUNGuild (Fungi_5k functionalDB) confidenceRanking=Probable,"genus-level call (guild ""Animal Pathogen-Plant Saprotroph-|Undefined Saprotroph|"")"
Fonsecaea erecta,plant_association,saprotroph_plant_material,FUNGuild (Fungi_5k functionalDB) confidenceRanking=Probable,"genus-level call (guild ""Animal Pathogen-Plant Saprotroph-|Undefined Saprotroph|"")"
Geosmithia morbida,cell_morphology,filamentous,FUNGuild (Fungi_5k functionalDB) confidenceRanking=Probable,"genus-level call (growthForm ""Microfungus"")"
Geosmithia morbida,trophic_mode,saprotroph,FUNGuild (Fungi_5k functionalDB) confidenceRanking=Probable,"genus-level call (trophicMode ""Saprotroph"")"
Glarea lozoyensis,cell_morphology,filamentous,FUNGuild (Fungi_5k functionalDB) confidenceRanking=Probable,"genus-level call (growthForm ""Microfungus"")"
Glarea lozoyensis,trophic_mode,saprotroph,FUNGuild (Fungi_5k functionalDB) confidenceRanking=Probable,"genus-level call (trophicMode ""Saprotroph"")"
Gloeophyllum trabeum,cell_morphology,filamentous,FUNGuild (Fungi_5k functionalDB) confidenceRanking=Highly Probable,"genus-level call (growthForm ""Polyporoid"")"
Gloeophyllum trabeum,trophic_mode,saprotroph,FUNGuild (Fungi_5k functionalDB) confidenceRanking=Highly Probable,"genus-level call (trophicMode ""Saprotroph"")"
Gloeophyllum trabeum,plant_association,saprotroph_plant_material,FUNGuild (Fungi_5k functionalDB) confidenceRanking=Highly Probable,"genus-level call (guild ""|Wood Saprotroph|"")"
Guyanagaster necrorhizus,cell_morphology,filamentous,FUNGuild (Fungi_5k functionalDB) confidenceRanking=Probable,"genus-level call (growthForm ""Gasteroid"")"
Guyanagaster necrorhizus,trophic_mode,pathotroph,FUNGuild (Fungi_5k functionalDB) confidenceRanking=Probable,"genus-level call (trophicMode ""Pathotroph-Saprotroph"")"
Guyanagaster necrorhizus,trophic_mode,saprotroph,FUNGuild (Fungi_5k functionalDB) confidenceRanking=Probable,"genus-level call (trophicMode ""Pathotroph-Saprotroph"")"
Guyanagaster necrorhizus,plant_association,pathogen,FUNGuild (Fungi_5k functionalDB) confidenceRanking=Probable,"genus-level call (guild ""Plant Pathogen-|Wood Saprotroph|"")"
Guyanagaster necrorhizus,plant_association,saprotroph_plant_material,FUNGuild (Fungi_5k functionalDB) confidenceRanking=Probable,"genus-level call (guild ""Plant Pathogen-|Wood Saprotroph|"")"
Heterobasidion irregulare,cell_morphology,filamentous,FUNGuild (Fungi_5k functionalDB) confidenceRanking=Highly Probable,"genus-level call (growthForm ""Polyporoid"")"
Heterobasidion irregulare,trophic_mode,pathotroph,FUNGuild (Fungi_5k functionalDB) confidenceRanking=Highly Probable,"genus-level call (trophicMode ""Pathotroph-Saprotroph"")"
Heterobasidion irregulare,trophic_mode,saprotroph,FUNGuild (Fungi_5k functionalDB) confidenceRanking=Highly Probable,"genus-level call (trophicMode ""Pathotroph-Saprotroph"")"
Heterobasidion irregulare,plant_association,pathogen,FUNGuild (Fungi_5k functionalDB) confidenceRanking=Highly Probable,"genus-level call (guild ""|Plant Pathogen|-Wood Saprotroph"")"
Heterobasidion irregulare,plant_association,saprotroph_plant_material,FUNGuild (Fungi_5k functionalDB) confidenceRanking=Highly Probable,"genus-level call (guild ""|Plant Pathogen|-Wood Saprotroph"")"
Hirsutella rhossiliensis,cell_morphology,filamentous,FUNGuild (Fungi_5k functionalDB) confidenceRanking=Probable,"genus-level call (growthForm ""Microfungus"")"
Hirsutella rhossiliensis,trophic_mode,pathotroph,FUNGuild (Fungi_5k functionalDB) confidenceRanking=Probable,"genus-level call (trophicMode ""Pathotroph-Saprotroph"")"
Hirsutella rhossiliensis,trophic_mode,saprotroph,FUNGuild (Fungi_5k functionalDB) confidenceRanking=Probable,"genus-level call (trophicMode ""Pathotroph-Saprotroph"")"
Hirsutella rhossiliensis,animal_association,pathogen,FUNGuild (Fungi_5k functionalDB) confidenceRanking=Probable,"genus-level call (guild ""|Animal Parasite|-Animal Pathogen-Undefined Saprotroph"")"
Histoplasma capsulatum,cell_morphology,dimorphic,FUNGuild (Fungi_5k functionalDB) confidenceRanking=Probable,"genus-level call (growthForm ""Dimorphic-Microfungus"")"
Histoplasma capsulatum,trophic_mode,pathotroph,FUNGuild (Fungi_5k functionalDB) confidenceRanking=Probable,"genus-level call (trophicMode ""Pathotroph-Saprotroph"")"
Histoplasma capsulatum,trophic_mode,saprotroph,FUNGuild (Fungi_5k functionalDB) confidenceRanking=Probable,"genus-level call (trophicMode ""Pathotroph-Saprotroph"")"
Histoplasma capsulatum,animal_association,pathogen,FUNGuild (Fungi_5k functionalDB) confidenceRanking=Probable,"genus-level call (guild ""|Animal Parasite|-Undefined Saprotroph"")"
Hyaloscypha bicolor,cell_morphology,filamentous,FUNGuild (Fungi_5k functionalDB) confidenceRanking=Probable,"genus-level call (growthForm ""Microfungus"")"
Hyaloscypha bicolor,trophic_mode,pathotroph,FUNGuild (Fungi_5k functionalDB) confidenceRanking=Probable,"genus-level call (trophicMode ""Pathotroph-Saprotroph-Symbiotroph"")"
Hyaloscypha bicolor,trophic_mode,saprotroph,FUNGuild (Fungi_5k functionalDB) confidenceRanking=Probable,"genus-level call (trophicMode ""Pathotroph-Saprotroph-Symbiotroph"")"
Hyaloscypha bicolor,trophic_mode,symbiotroph,FUNGuild (Fungi_5k functionalDB) confidenceRanking=Probable,"genus-level call (trophicMode ""Pathotroph-Saprotroph-Symbiotroph"")"
Hyaloscypha bicolor,plant_association,pathogen,FUNGuild (Fungi_5k functionalDB) confidenceRanking=Probable,"genus-level call (guild ""Ectomycorrhizal-Ericoid Mycorrhizal-Plant Pathogen-|Plant Saprotroph|-Undefined Saprotroph-Wood Saprotroph"")"
Hyaloscypha bicolor,plant_association,saprotroph_plant_material,FUNGuild (Fungi_5k functionalDB) confidenceRanking=Probable,"genus-level call (guild ""Ectomycorrhizal-Ericoid Mycorrhizal-Plant Pathogen-|Plant Saprotroph|-Undefined Saprotroph-Wood Saprotroph"")"
Hyaloscypha bicolor,plant_association,mycorrhizal_mutualist,FUNGuild (Fungi_5k functionalDB) confidenceRanking=Probable,"genus-level call (guild ""Ectomycorrhizal-Ericoid Mycorrhizal-Plant Pathogen-|Plant Saprotroph|-Undefined Saprotroph-Wood Saprotroph"")"
Hyphopichia burtonii,cell_morphology,yeast,FUNGuild (Fungi_5k functionalDB) confidenceRanking=Probable,"genus-level call (growthForm ""Yeast"")"
Hyphopichia burtonii,trophic_mode,saprotroph,FUNGuild (Fungi_5k functionalDB) confidenceRanking=Probable,"genus-level call (trophicMode ""Saprotroph"")"
Hypoxylon fragiforme,cell_morphology,filamentous,FUNGuild (Fungi_5k functionalDB) confidenceRanking=Probable,"genus-level call (growthForm ""Microfungus"")"
Hypoxylon fragiforme,trophic_mode,saprotroph,FUNGuild (Fungi_5k functionalDB) confidenceRanking=Probable,"genus-level call (trophicMode ""Saprotroph-Saprotroph-Symbiotroph"")"
Hypoxylon fragiforme,trophic_mode,saprotroph,FUNGuild (Fungi_5k functionalDB) confidenceRanking=Probable,"genus-level call (trophicMode ""Saprotroph-Saprotroph-Symbiotroph"")"
Hypoxylon fragiforme,trophic_mode,symbiotroph,FUNGuild (Fungi_5k functionalDB) confidenceRanking=Probable,"genus-level call (trophicMode ""Saprotroph-Saprotroph-Symbiotroph"")"
Hypoxylon fragiforme,plant_association,saprotroph_plant_material,FUNGuild (Fungi_5k functionalDB) confidenceRanking=Probable,"genus-level call (guild ""Endophyte-Undefined Saprotroph-|Wood Saprotroph|"")"
Hypoxylon fragiforme,plant_association,endophyte,FUNGuild (Fungi_5k functionalDB) confidenceRanking=Probable,"genus-level call (guild ""Endophyte-Undefined Saprotroph-|Wood Saprotroph|"")"
Ilyonectria robusta,cell_morphology,filamentous,FUNGuild (Fungi_5k functionalDB) confidenceRanking=Probable,"genus-level call (growthForm ""Microfungus"")"
Ilyonectria robusta,trophic_mode,pathotroph,FUNGuild (Fungi_5k functionalDB) confidenceRanking=Probable,"genus-level call (trophicMode ""Pathotroph"")"
Ilyonectria robusta,plant_association,pathogen,FUNGuild (Fungi_5k functionalDB) confidenceRanking=Probable,"genus-level call (guild ""|Plant Pathogen|"")"
Jaminaea rosea,cell_morphology,yeast,FUNGuild (Fungi_5k functionalDB) confidenceRanking=Probable,"genus-level call (growthForm ""Yeast"")"
Jaminaea rosea,trophic_mode,pathotroph,FUNGuild (Fungi_5k functionalDB) confidenceRanking=Probable,"genus-level call (trophicMode ""Pathotroph-Symbiotroph"")"
Jaminaea rosea,trophic_mode,symbiotroph,FUNGuild (Fungi_5k functionalDB) confidenceRanking=Probable,"genus-level call (trophicMode ""Pathotroph-Symbiotroph"")"
Jaminaea rosea,plant_association,pathogen,FUNGuild (Fungi_5k functionalDB) confidenceRanking=Probable,"genus-level call (guild ""|Epiphyte|-Plant Pathogen"")"
Kalmanozyma brasiliensis,cell_morphology,dimorphic,FUNGuild (Fungi_5k functionalDB) confidenceRanking=Probable,"genus-level call (growthForm ""Dimorphic"")"
Kalmanozyma brasiliensis,trophic_mode,saprotroph,FUNGuild (Fungi_5k functionalDB) confidenceRanking=Probable,"genus-level call (trophicMode ""Saprotroph"")"
Kazachstania africana,cell_morphology,yeast,FUNGuild (Fungi_5k functionalDB) confidenceRanking=Probable,"genus-level call (growthForm ""Yeast"")"
Kazachstania africana,trophic_mode,saprotroph,FUNGuild (Fungi_5k functionalDB) confidenceRanking=Probable,"genus-level call (trophicMode ""Saprotroph"")"
Knufia obscura,cell_morphology,dimorphic,FUNGuild (Fungi_5k functionalDB) confidenceRanking=Possible,"genus-level call (growthForm ""Dimorphic-Microfungus"")"
Knufia obscura,trophic_mode,pathotroph,FUNGuild (Fungi_5k functionalDB) confidenceRanking=Possible,"genus-level call (trophicMode ""Pathotroph-Saprotroph"")"
Knufia obscura,trophic_mode,saprotroph,FUNGuild (Fungi_5k functionalDB) confidenceRanking=Possible,"genus-level call (trophicMode ""Pathotroph-Saprotroph"")"
Knufia obscura,animal_association,pathogen,FUNGuild (Fungi_5k functionalDB) confidenceRanking=Possible,"genus-level call (guild ""Animal Pathogen-Plant Pathogen-|Undefined Saprotroph|"")"
Knufia obscura,plant_association,pathogen,FUNGuild (Fungi_5k functionalDB) confidenceRanking=Possible,"genus-level call (guild ""Animal Pathogen-Plant Pathogen-|Undefined Saprotroph|"")"
Kockiozyma suomiensis,cell_morphology,yeast,FUNGuild (Fungi_5k functionalDB) confidenceRanking=Probable,"genus-level call (growthForm ""Yeast"")"
Kockiozyma suomiensis,trophic_mode,saprotroph,FUNGuild (Fungi_5k functionalDB) confidenceRanking=Probable,"genus-level call (trophicMode ""Saprotroph"")"
Kockovaella imperatae,cell_morphology,yeast,FUNGuild (Fungi_5k functionalDB) confidenceRanking=Probable,"genus-level call (growthForm ""Yeast"")"
Kockovaella imperatae,trophic_mode,saprotroph,FUNGuild (Fungi_5k functionalDB) confidenceRanking=Probable,"genus-level call (trophicMode ""Saprotroph-Symbiotroph"")"
Kockovaella imperatae,trophic_mode,symbiotroph,FUNGuild (Fungi_5k functionalDB) confidenceRanking=Probable,"genus-level call (trophicMode ""Saprotroph-Symbiotroph"")"
Kockovaella imperatae,plant_association,endophyte,FUNGuild (Fungi_5k functionalDB) confidenceRanking=Probable,"genus-level call (guild ""Endophyte-|Epiphyte|-Undefined Saprotroph"")"
Komagataella phaffii,cell_morphology,yeast,FUNGuild (Fungi_5k functionalDB) confidenceRanking=Probable,"genus-level call (growthForm ""Yeast"")"
Komagataella phaffii,trophic_mode,pathotroph,FUNGuild (Fungi_5k functionalDB) confidenceRanking=Probable,"genus-level call (trophicMode ""Pathotroph-Saprotroph"")"
Komagataella phaffii,trophic_mode,saprotroph,FUNGuild (Fungi_5k functionalDB) confidenceRanking=Probable,"genus-level call (trophicMode ""Pathotroph-Saprotroph"")"
Komagataella phaffii,plant_association,pathogen,FUNGuild (Fungi_5k functionalDB) confidenceRanking=Probable,"genus-level call (guild ""Plant Pathogen-|Wood Saprotroph|"")"
Komagataella phaffii,plant_association,saprotroph_plant_material,FUNGuild (Fungi_5k functionalDB) confidenceRanking=Probable,"genus-level call (guild ""Plant Pathogen-|Wood Saprotroph|"")"
Kuraishia capsulata,cell_morphology,yeast,FUNGuild (Fungi_5k functionalDB) confidenceRanking=Probable,"genus-level call (growthForm ""Yeast"")"
Kuraishia capsulata,trophic_mode,saprotroph,FUNGuild (Fungi_5k functionalDB) confidenceRanking=Probable,"genus-level call (trophicMode ""Saprotroph-Symbiotroph"")"
Kuraishia capsulata,trophic_mode,symbiotroph,FUNGuild (Fungi_5k functionalDB) confidenceRanking=Probable,"genus-level call (trophicMode ""Saprotroph-Symbiotroph"")"
Kuraishia capsulata,animal_association,commensal,FUNGuild (Fungi_5k functionalDB) confidenceRanking=Probable,"genus-level call (guild ""|Animal Symbiotroph|-Undefined Saprotroph""); Symbiotroph mapped conservatively to commensal"
Kwoniella bestiolae,cell_morphology,dimorphic,FUNGuild (Fungi_5k functionalDB) confidenceRanking=Probable,"genus-level call (growthForm ""Dimorphic"")"
Kwoniella bestiolae,trophic_mode,saprotroph,FUNGuild (Fungi_5k functionalDB) confidenceRanking=Probable,"genus-level call (trophicMode ""Saprotroph"")"
Laccaria bicolor,cell_morphology,filamentous,FUNGuild (Fungi_5k functionalDB) confidenceRanking=Highly Probable,"genus-level call (growthForm ""Agaricoid"")"
Laccaria bicolor,trophic_mode,symbiotroph,FUNGuild (Fungi_5k functionalDB) confidenceRanking=Highly Probable,"genus-level call (trophicMode ""Symbiotroph"")"
Laccaria bicolor,plant_association,mycorrhizal_mutualist,FUNGuild (Fungi_5k functionalDB) confidenceRanking=Highly Probable,"genus-level call (guild ""|Ectomycorrhizal|"")"
Lachancea lanzarotensis,cell_morphology,yeast,FUNGuild (Fungi_5k functionalDB) confidenceRanking=Possible,"genus-level call (growthForm ""Yeast"")"
Lachancea lanzarotensis,trophic_mode,pathotroph,FUNGuild (Fungi_5k functionalDB) confidenceRanking=Possible,"genus-level call (trophicMode ""Pathotroph-Saprotroph"")"
Lachancea lanzarotensis,trophic_mode,saprotroph,FUNGuild (Fungi_5k functionalDB) confidenceRanking=Possible,"genus-level call (trophicMode ""Pathotroph-Saprotroph"")"
Lachancea lanzarotensis,animal_association,pathogen,FUNGuild (Fungi_5k functionalDB) confidenceRanking=Possible,"genus-level call (guild ""Animal Parasite-Animal Pathogen-|Undefined Saprotroph|"")"
Lachnellula hyalina,cell_morphology,filamentous,FUNGuild (Fungi_5k functionalDB) confidenceRanking=Probable,"genus-level call (growthForm ""Microfungus"")"
Lachnellula hyalina,trophic_mode,saprotroph,FUNGuild (Fungi_5k functionalDB) confidenceRanking=Probable,"genus-level call (trophicMode ""Saprotroph"")"
Lachnellula hyalina,plant_association,saprotroph_plant_material,FUNGuild (Fungi_5k functionalDB) confidenceRanking=Probable,"genus-level call (guild ""Undefined Saprotroph-|Wood Saprotroph|"")"
Laetiporus sulphureus,cell_morphology,filamentous,FUNGuild (Fungi_5k functionalDB) confidenceRanking=Highly Probable,"genus-level call (growthForm ""Polyporoid"")"
Laetiporus sulphureus,trophic_mode,pathotroph,FUNGuild (Fungi_5k functionalDB) confidenceRanking=Highly Probable,"genus-level call (trophicMode ""Pathotroph-Saprotroph"")"
Laetiporus sulphureus,trophic_mode,saprotroph,FUNGuild (Fungi_5k functionalDB) confidenceRanking=Highly Probable,"genus-level call (trophicMode ""Pathotroph-Saprotroph"")"
Laetiporus sulphureus,plant_association,pathogen,FUNGuild (Fungi_5k functionalDB) confidenceRanking=Highly Probable,"genus-level call (guild ""|Plant Pathogen|-Wood Saprotroph"")"
Laetiporus sulphureus,plant_association,saprotroph_plant_material,FUNGuild (Fungi_5k functionalDB) confidenceRanking=Highly Probable,"genus-level call (guild ""|Plant Pathogen|-Wood Saprotroph"")"
Lasiodiplodia theobromae,cell_morphology,filamentous,FUNGuild (Fungi_5k functionalDB) confidenceRanking=Probable,"genus-level call (growthForm ""Microfungus"")"
Lasiodiplodia theobromae,trophic_mode,pathotroph,FUNGuild (Fungi_5k functionalDB) confidenceRanking=Probable,"genus-level call (trophicMode ""Pathotroph-Symbiotroph"")"
Lasiodiplodia theobromae,trophic_mode,symbiotroph,FUNGuild (Fungi_5k functionalDB) confidenceRanking=Probable,"genus-level call (trophicMode ""Pathotroph-Symbiotroph"")"
Lasiodiplodia theobromae,plant_association,pathogen,FUNGuild (Fungi_5k functionalDB) confidenceRanking=Probable,"genus-level call (guild ""Endophyte-|Plant Pathogen|"")"
Lasiodiplodia theobromae,plant_association,endophyte,FUNGuild (Fungi_5k functionalDB) confidenceRanking=Probable,"genus-level call (guild ""Endophyte-|Plant Pathogen|"")"
Lasiosphaeria miniovina,cell_morphology,filamentous,FUNGuild (Fungi_5k functionalDB) confidenceRanking=Probable,"genus-level call (growthForm ""Microfungus"")"
Lasiosphaeria miniovina,trophic_mode,saprotroph,FUNGuild (Fungi_5k functionalDB) confidenceRanking=Probable,"genus-level call (trophicMode ""Saprotroph"")"
Lentinula edodes,cell_morphology,filamentous,FUNGuild (Fungi_5k functionalDB) confidenceRanking=Probable,"genus-level call (growthForm ""Agaricoid"")"
Lentinula edodes,trophic_mode,saprotroph,FUNGuild (Fungi_5k functionalDB) confidenceRanking=Probable,"genus-level call (trophicMode ""Saprotroph"")"
Lentinula edodes,plant_association,saprotroph_plant_material,FUNGuild (Fungi_5k functionalDB) confidenceRanking=Probable,"genus-level call (guild ""|Wood Saprotroph|"")"
Lentinus tigrinus,cell_morphology,filamentous,FUNGuild (Fungi_5k functionalDB) confidenceRanking=Probable,"genus-level call (growthForm ""Agaricoid"")"
Lentinus tigrinus,trophic_mode,saprotroph,FUNGuild (Fungi_5k functionalDB) confidenceRanking=Probable,"genus-level call (trophicMode ""Saprotroph"")"
Lentinus tigrinus,plant_association,saprotroph_plant_material,FUNGuild (Fungi_5k functionalDB) confidenceRanking=Probable,"genus-level call (guild ""|Wood Saprotroph|"")"
Leptographium clavigerum,cell_morphology,filamentous,FUNGuild (Fungi_5k functionalDB) confidenceRanking=Probable,"genus-level call (growthForm ""Microfungus"")"
Leptographium clavigerum,trophic_mode,pathotroph,FUNGuild (Fungi_5k functionalDB) confidenceRanking=Probable,"genus-level call (trophicMode ""Pathotroph-Saprotroph"")"
Leptographium clavigerum,trophic_mode,saprotroph,FUNGuild (Fungi_5k functionalDB) confidenceRanking=Probable,"genus-level call (trophicMode ""Pathotroph-Saprotroph"")"
Leptographium clavigerum,plant_association,pathogen,FUNGuild (Fungi_5k functionalDB) confidenceRanking=Probable,"genus-level call (guild ""|Plant Pathogen|-Wood Saprotroph"")"
Leptographium clavigerum,plant_association,saprotroph_plant_material,FUNGuild (Fungi_5k functionalDB) confidenceRanking=Probable,"genus-level call (guild ""|Plant Pathogen|-Wood Saprotroph"")"
Letharia columbiana,trophic_mode,symbiotroph,FUNGuild (Fungi_5k functionalDB) confidenceRanking=Highly Probable,"genus-level call (trophicMode ""Symbiotroph"")"
Limtongia smithiae,cell_morphology,yeast,FUNGuild (Fungi_5k functionalDB) confidenceRanking=Probable,"genus-level call (growthForm ""Yeast"")"
Limtongia smithiae,trophic_mode,saprotroph,FUNGuild (Fungi_5k functionalDB) confidenceRanking=Probable,"genus-level call (trophicMode ""Saprotroph"")"
Lindgomyces ingoldianus,cell_morphology,filamentous,FUNGuild (Fungi_5k functionalDB) confidenceRanking=Probable,"genus-level call (growthForm ""Microfungus"")"
Lindgomyces ingoldianus,trophic_mode,saprotroph,FUNGuild (Fungi_5k functionalDB) confidenceRanking=Probable,"genus-level call (trophicMode ""Saprotroph"")"
Lindgomyces ingoldianus,plant_association,saprotroph_plant_material,FUNGuild (Fungi_5k functionalDB) confidenceRanking=Probable,"genus-level call (guild ""|Wood Saprotroph|"")"
Lipomyces arxii,cell_morphology,yeast,FUNGuild (Fungi_5k functionalDB) confidenceRanking=Probable,"genus-level call (growthForm ""Yeast"")"
Lipomyces arxii,trophic_mode,saprotroph,FUNGuild (Fungi_5k functionalDB) confidenceRanking=Probable,"genus-level call (trophicMode ""Saprotroph"")"
Lithohypha guttulata,trophic_mode,saprotroph,FUNGuild (Fungi_5k functionalDB) confidenceRanking=Probable,"genus-level call (trophicMode ""Saprotroph"")"
Lodderomyces beijingensis,cell_morphology,yeast,FUNGuild (Fungi_5k functionalDB) confidenceRanking=Probable,"genus-level call (growthForm ""Yeast"")"
Lodderomyces beijingensis,trophic_mode,pathotroph,FUNGuild (Fungi_5k functionalDB) confidenceRanking=Probable,"genus-level call (trophicMode ""Pathotroph-Saprotroph"")"
Lodderomyces beijingensis,trophic_mode,saprotroph,FUNGuild (Fungi_5k functionalDB) confidenceRanking=Probable,"genus-level call (trophicMode ""Pathotroph-Saprotroph"")"
Lodderomyces beijingensis,animal_association,pathogen,FUNGuild (Fungi_5k functionalDB) confidenceRanking=Probable,"genus-level call (guild ""|Animal Parasite|-Undefined Saprotroph"")"
Macroventuria anomochaeta,cell_morphology,filamentous,FUNGuild (Fungi_5k functionalDB) confidenceRanking=Probable,"genus-level call (growthForm ""Microfungus"")"
Macroventuria anomochaeta,trophic_mode,saprotroph,FUNGuild (Fungi_5k functionalDB) confidenceRanking=Probable,"genus-level call (trophicMode ""Saprotroph"")"
Macroventuria anomochaeta,plant_association,saprotroph_plant_material,FUNGuild (Fungi_5k functionalDB) confidenceRanking=Probable,"genus-level call (guild ""|Plant Saprotroph|"")"
Magnusiomyces paraingens,cell_morphology,yeast,FUNGuild (Fungi_5k functionalDB) confidenceRanking=Probable,"genus-level call (growthForm ""Yeast"")"
Magnusiomyces paraingens,trophic_mode,pathotroph,FUNGuild (Fungi_5k functionalDB) confidenceRanking=Probable,"genus-level call (trophicMode ""Pathotroph-Saprotroph"")"
Magnusiomyces paraingens,trophic_mode,saprotroph,FUNGuild (Fungi_5k functionalDB) confidenceRanking=Probable,"genus-level call (trophicMode ""Pathotroph-Saprotroph"")"
Magnusiomyces paraingens,animal_association,pathogen,FUNGuild (Fungi_5k functionalDB) confidenceRanking=Probable,"genus-level call (guild ""|Animal Parasite|-Undefined Saprotroph"")"
Malassezia japonica,cell_morphology,dimorphic,FUNGuild (Fungi_5k functionalDB) confidenceRanking=Probable,"genus-level call (growthForm ""Facultative Yeast-Yeast"")"
Malassezia japonica,trophic_mode,pathotroph,FUNGuild (Fungi_5k functionalDB) confidenceRanking=Probable,"genus-level call (trophicMode ""Pathotroph-Saprotroph"")"
Malassezia japonica,trophic_mode,saprotroph,FUNGuild (Fungi_5k functionalDB) confidenceRanking=Probable,"genus-level call (trophicMode ""Pathotroph-Saprotroph"")"
Malassezia japonica,animal_association,pathogen,FUNGuild (Fungi_5k functionalDB) confidenceRanking=Probable,"genus-level call (guild ""Animal Pathogen-|Undefined Saprotroph|"")"
Marasmius oreades,cell_morphology,filamentous,FUNGuild (Fungi_5k functionalDB) confidenceRanking=Probable,"genus-level call (growthForm ""Agaricoid"")"
Marasmius oreades,trophic_mode,pathotroph,FUNGuild (Fungi_5k functionalDB) confidenceRanking=Probable,"genus-level call (trophicMode ""Pathotroph-Saprotroph-Symbiotroph"")"
Marasmius oreades,trophic_mode,saprotroph,FUNGuild (Fungi_5k functionalDB) confidenceRanking=Probable,"genus-level call (trophicMode ""Pathotroph-Saprotroph-Symbiotroph"")"
Marasmius oreades,trophic_mode,symbiotroph,FUNGuild (Fungi_5k functionalDB) confidenceRanking=Probable,"genus-level call (trophicMode ""Pathotroph-Saprotroph-Symbiotroph"")"
Marasmius oreades,plant_association,pathogen,FUNGuild (Fungi_5k functionalDB) confidenceRanking=Probable,"genus-level call (guild ""Endophyte-Plant Pathogen-|Plant Saprotroph|-Undefined Saprotroph"")"
Marasmius oreades,plant_association,saprotroph_plant_material,FUNGuild (Fungi_5k functionalDB) confidenceRanking=Probable,"genus-level call (guild ""Endophyte-Plant Pathogen-|Plant Saprotroph|-Undefined Saprotroph"")"
Marasmius oreades,plant_association,endophyte,FUNGuild (Fungi_5k functionalDB) confidenceRanking=Probable,"genus-level call (guild ""Endophyte-Plant Pathogen-|Plant Saprotroph|-Undefined Saprotroph"")"
Meira miltonrushii,cell_morphology,dimorphic,FUNGuild (Fungi_5k functionalDB) confidenceRanking=Probable,"genus-level call (growthForm ""Dimorphic"")"
Meira miltonrushii,trophic_mode,pathotroph,FUNGuild (Fungi_5k functionalDB) confidenceRanking=Probable,"genus-level call (trophicMode ""Pathotroph"")"
Meira miltonrushii,animal_association,pathogen,FUNGuild (Fungi_5k functionalDB) confidenceRanking=Probable,"genus-level call (guild ""|Animal Parasite|-Animal Pathogen-Plant Pathogen"")"
Meira miltonrushii,plant_association,pathogen,FUNGuild (Fungi_5k functionalDB) confidenceRanking=Probable,"genus-level call (guild ""|Animal Parasite|-Animal Pathogen-Plant Pathogen"")"
Melampsora laricis-populina,cell_morphology,filamentous,FUNGuild (Fungi_5k functionalDB) confidenceRanking=Probable,"genus-level call (growthForm ""Microfungus-Rust"")"
Melampsora laricis-populina,trophic_mode,pathotroph,FUNGuild (Fungi_5k functionalDB) confidenceRanking=Probable,"genus-level call (trophicMode ""Pathotroph"")"
Melampsora laricis-populina,plant_association,pathogen,FUNGuild (Fungi_5k functionalDB) confidenceRanking=Probable,"genus-level call (guild ""|Plant Pathogen|"")"
Metarhizium acridum,cell_morphology,filamentous,FUNGuild (Fungi_5k functionalDB) confidenceRanking=Probable,"genus-level call (growthForm ""Microfungus"")"
Metarhizium acridum,trophic_mode,pathotroph,FUNGuild (Fungi_5k functionalDB) confidenceRanking=Probable,"genus-level call (trophicMode ""Pathotroph-Saprotroph"")"
Metarhizium acridum,trophic_mode,saprotroph,FUNGuild (Fungi_5k functionalDB) confidenceRanking=Probable,"genus-level call (trophicMode ""Pathotroph-Saprotroph"")"
Metarhizium acridum,animal_association,pathogen,FUNGuild (Fungi_5k functionalDB) confidenceRanking=Probable,"genus-level call (guild ""|Animal Parasite|-Animal Pathogen-Undefined Saprotroph"")"
Metschnikowia bicuspidata,cell_morphology,yeast,FUNGuild (Fungi_5k functionalDB) confidenceRanking=Probable,"genus-level call (growthForm ""Yeast"")"
Metschnikowia bicuspidata,trophic_mode,saprotroph,FUNGuild (Fungi_5k functionalDB) confidenceRanking=Probable,"genus-level call (trophicMode ""Saprotroph"")"
Microdochium trichocladiopsis,cell_morphology,filamentous,FUNGuild (Fungi_5k functionalDB) confidenceRanking=Possible,"genus-level call (growthForm ""Microfungus"")"
Microdochium trichocladiopsis,trophic_mode,pathotroph,FUNGuild (Fungi_5k functionalDB) confidenceRanking=Possible,"genus-level call (trophicMode ""Pathotroph-Symbiotroph"")"
Microdochium trichocladiopsis,trophic_mode,symbiotroph,FUNGuild (Fungi_5k functionalDB) confidenceRanking=Possible,"genus-level call (trophicMode ""Pathotroph-Symbiotroph"")"
Microdochium trichocladiopsis,plant_association,pathogen,FUNGuild (Fungi_5k functionalDB) confidenceRanking=Possible,"genus-level call (guild ""Endophyte-|Plant Pathogen|"")"
Microdochium trichocladiopsis,plant_association,endophyte,FUNGuild (Fungi_5k functionalDB) confidenceRanking=Possible,"genus-level call (guild ""Endophyte-|Plant Pathogen|"")"
Microsporum canis,cell_morphology,filamentous,FUNGuild (Fungi_5k functionalDB) confidenceRanking=Probable,"genus-level call (growthForm ""Microfungus"")"
Microsporum canis,trophic_mode,pathotroph,FUNGuild (Fungi_5k functionalDB) confidenceRanking=Probable,"genus-level call (trophicMode ""Pathotroph-Saprotroph"")"
Microsporum canis,trophic_mode,saprotroph,FUNGuild (Fungi_5k functionalDB) confidenceRanking=Probable,"genus-level call (trophicMode ""Pathotroph-Saprotroph"")"
Microsporum canis,animal_association,pathogen,FUNGuild (Fungi_5k functionalDB) confidenceRanking=Probable,"genus-level call (guild ""|Animal Parasite|-Animal Pathogen-Undefined Saprotroph"")"
Microstroma glucosiphilum,cell_morphology,dimorphic,FUNGuild (Fungi_5k functionalDB) confidenceRanking=Probable,"genus-level call (growthForm ""Dimorphic"")"
Microstroma glucosiphilum,trophic_mode,pathotroph,FUNGuild (Fungi_5k functionalDB) confidenceRanking=Probable,"genus-level call (trophicMode ""Pathotroph"")"
Microstroma glucosiphilum,plant_association,pathogen,FUNGuild (Fungi_5k functionalDB) confidenceRanking=Probable,"genus-level call (guild ""|Plant Pathogen|"")"
Millerozyma farinosa,cell_morphology,yeast,FUNGuild (Fungi_5k functionalDB) confidenceRanking=Probable,"genus-level call (growthForm ""Yeast"")"
Millerozyma farinosa,trophic_mode,saprotroph,FUNGuild (Fungi_5k functionalDB) confidenceRanking=Probable,"genus-level call (trophicMode ""Saprotroph"")"
Mitosporidium daphniae,cell_morphology,filamentous,FUNGuild (Fungi_5k functionalDB) confidenceRanking=Probable,"genus-level call (growthForm ""Microfungus"")"
Mitosporidium daphniae,trophic_mode,pathotroph,FUNGuild (Fungi_5k functionalDB) confidenceRanking=Probable,"genus-level call (trophicMode ""Pathotroph"")"
Mitosporidium daphniae,animal_association,pathogen,FUNGuild (Fungi_5k functionalDB) confidenceRanking=Probable,"genus-level call (guild ""|Animal Parasite|"")"
Moesziomyces antarcticus,cell_morphology,dimorphic,FUNGuild (Fungi_5k functionalDB) confidenceRanking=Probable,"genus-level call (growthForm ""Dimorphic-Facultative Yeast-Smut"")"
Moesziomyces antarcticus,trophic_mode,pathotroph,FUNGuild (Fungi_5k functionalDB) confidenceRanking=Probable,"genus-level call (trophicMode ""Pathotroph"")"
Moesziomyces antarcticus,plant_association,pathogen,FUNGuild (Fungi_5k functionalDB) confidenceRanking=Probable,"genus-level call (guild ""|Plant Pathogen|"")"
Mollisia scopiformis,cell_morphology,filamentous,FUNGuild (Fungi_5k functionalDB) confidenceRanking=Probable,"genus-level call (growthForm ""Microfungus"")"
Mollisia scopiformis,trophic_mode,pathotroph,FUNGuild (Fungi_5k functionalDB) confidenceRanking=Probable,"genus-level call (trophicMode ""Pathotroph-Saprotroph-Symbiotroph"")"
Mollisia scopiformis,trophic_mode,saprotroph,FUNGuild (Fungi_5k functionalDB) confidenceRanking=Probable,"genus-level call (trophicMode ""Pathotroph-Saprotroph-Symbiotroph"")"
Mollisia scopiformis,trophic_mode,symbiotroph,FUNGuild (Fungi_5k functionalDB) confidenceRanking=Probable,"genus-level call (trophicMode ""Pathotroph-Saprotroph-Symbiotroph"")"
Mollisia scopiformis,plant_association,pathogen,FUNGuild (Fungi_5k functionalDB) confidenceRanking=Probable,"genus-level call (guild ""Endophyte-|Plant Pathogen|-Plant Saprotroph"")"
Mollisia scopiformis,plant_association,saprotroph_plant_material,FUNGuild (Fungi_5k functionalDB) confidenceRanking=Probable,"genus-level call (guild ""Endophyte-|Plant Pathogen|-Plant Saprotroph"")"
Mollisia scopiformis,plant_association,endophyte,FUNGuild (Fungi_5k functionalDB) confidenceRanking=Probable,"genus-level call (guild ""Endophyte-|Plant Pathogen|-Plant Saprotroph"")"
Morchella importuna,cell_morphology,filamentous,FUNGuild (Fungi_5k functionalDB) confidenceRanking=Probable,"genus-level call (growthForm ""Microfungus"")"
Morchella importuna,trophic_mode,saprotroph,FUNGuild (Fungi_5k functionalDB) confidenceRanking=Probable,"genus-level call (trophicMode ""Saprotroph-Symbiotroph"")"
Morchella importuna,trophic_mode,symbiotroph,FUNGuild (Fungi_5k functionalDB) confidenceRanking=Probable,"genus-level call (trophicMode ""Saprotroph-Symbiotroph"")"
Morchella importuna,plant_association,saprotroph_plant_material,FUNGuild (Fungi_5k functionalDB) confidenceRanking=Probable,"genus-level call (guild ""Ectomycorrhizal-|Undefined Saprotroph|-Wood Saprotroph"")"
Morchella importuna,plant_association,mycorrhizal_mutualist,FUNGuild (Fungi_5k functionalDB) confidenceRanking=Probable,"genus-level call (guild ""Ectomycorrhizal-|Undefined Saprotroph|-Wood Saprotroph"")"
Mrakia frigida,cell_morphology,dimorphic,FUNGuild (Fungi_5k functionalDB) confidenceRanking=Probable,"genus-level call (growthForm ""Dimorphic-Yeast"")"
Mrakia frigida,trophic_mode,saprotroph,FUNGuild (Fungi_5k functionalDB) confidenceRanking=Probable,"genus-level call (trophicMode ""Saprotroph"")"
Mycena indigotica,cell_morphology,filamentous,FUNGuild (Fungi_5k functionalDB) confidenceRanking=Probable,"genus-level call (growthForm ""Agaricoid"")"
Mycena indigotica,trophic_mode,pathotroph,FUNGuild (Fungi_5k functionalDB) confidenceRanking=Probable,"genus-level call (trophicMode ""Pathotroph-Saprotroph"")"
Mycena indigotica,trophic_mode,saprotroph,FUNGuild (Fungi_5k functionalDB) confidenceRanking=Probable,"genus-level call (trophicMode ""Pathotroph-Saprotroph"")"
Mycena indigotica,plant_association,pathogen,FUNGuild (Fungi_5k functionalDB) confidenceRanking=Probable,"genus-level call (guild ""Plant Pathogen-|Plant Saprotroph|-Undefined Saprotroph-Wood Saprotroph"")"
Mycena indigotica,plant_association,saprotroph_plant_material,FUNGuild (Fungi_5k functionalDB) confidenceRanking=Probable,"genus-level call (guild ""Plant Pathogen-|Plant Saprotroph|-Undefined Saprotroph-Wood Saprotroph"")"
Mytilinidion resinicola,cell_morphology,filamentous,FUNGuild (Fungi_5k functionalDB) confidenceRanking=Probable,"genus-level call (growthForm ""Microfungus"")"
Mytilinidion resinicola,trophic_mode,pathotroph,FUNGuild (Fungi_5k functionalDB) confidenceRanking=Probable,"genus-level call (trophicMode ""Pathotroph-Saprotroph"")"
Mytilinidion resinicola,trophic_mode,saprotroph,FUNGuild (Fungi_5k functionalDB) confidenceRanking=Probable,"genus-level call (trophicMode ""Pathotroph-Saprotroph"")"
Mytilinidion resinicola,plant_association,pathogen,FUNGuild (Fungi_5k functionalDB) confidenceRanking=Probable,"genus-level call (guild ""Plant Pathogen-Undefined Saprotroph-|Wood Saprotroph|"")"
Mytilinidion resinicola,plant_association,saprotroph_plant_material,FUNGuild (Fungi_5k functionalDB) confidenceRanking=Probable,"genus-level call (guild ""Plant Pathogen-Undefined Saprotroph-|Wood Saprotroph|"")"
Myxozyma melibiosi,cell_morphology,yeast,FUNGuild (Fungi_5k functionalDB) confidenceRanking=Probable,"genus-level call (growthForm ""Yeast"")"
Myxozyma melibiosi,trophic_mode,saprotroph,FUNGuild (Fungi_5k functionalDB) confidenceRanking=Probable,"genus-level call (trophicMode ""Saprotroph"")"
Nakaseomyces bracarensis,cell_morphology,yeast,FUNGuild (Fungi_5k functionalDB) confidenceRanking=Probable,"genus-level call (growthForm ""Yeast"")"
Nakaseomyces bracarensis,trophic_mode,pathotroph,FUNGuild (Fungi_5k functionalDB) confidenceRanking=Probable,"genus-level call (trophicMode ""Pathotroph-Saprotroph"")"
Nakaseomyces bracarensis,trophic_mode,saprotroph,FUNGuild (Fungi_5k functionalDB) confidenceRanking=Probable,"genus-level call (trophicMode ""Pathotroph-Saprotroph"")"
Nakaseomyces bracarensis,animal_association,pathogen,FUNGuild (Fungi_5k functionalDB) confidenceRanking=Probable,"genus-level call (guild ""Animal Parasite-|Undefined Saprotroph|"")"
Nannizzia gypsea,cell_morphology,filamentous,FUNGuild (Fungi_5k functionalDB) confidenceRanking=Probable,"genus-level call (growthForm ""Microfungus"")"
Nannizzia gypsea,trophic_mode,saprotroph,FUNGuild (Fungi_5k functionalDB) confidenceRanking=Probable,"genus-level call (trophicMode ""Saprotroph"")"
Naumovozyma castellii,cell_morphology,yeast,FUNGuild (Fungi_5k functionalDB) confidenceRanking=Probable,"genus-level call (growthForm ""Yeast"")"
Naumovozyma castellii,trophic_mode,saprotroph,FUNGuild (Fungi_5k functionalDB) confidenceRanking=Probable,"genus-level call (trophicMode ""Saprotroph"")"
Nematocida ausubeli,cell_morphology,filamentous,FUNGuild (Fungi_5k functionalDB) confidenceRanking=Probable,"genus-level call (growthForm ""Microfungus"")"
Nematocida ausubeli,trophic_mode,pathotroph,FUNGuild (Fungi_5k functionalDB) confidenceRanking=Probable,"genus-level call (trophicMode ""Pathotroph"")"
Nematocida ausubeli,animal_association,pathogen,FUNGuild (Fungi_5k functionalDB) confidenceRanking=Probable,"genus-level call (guild ""|Animal Parasite|"")"
Neofusicoccum parvum,cell_morphology,filamentous,FUNGuild (Fungi_5k functionalDB) confidenceRanking=Probable,"genus-level call (growthForm ""Microfungus"")"
Neofusicoccum parvum,trophic_mode,pathotroph,FUNGuild (Fungi_5k functionalDB) confidenceRanking=Probable,"genus-level call (trophicMode ""Pathotroph-Saprotroph-Symbiotroph"")"
Neofusicoccum parvum,trophic_mode,saprotroph,FUNGuild (Fungi_5k functionalDB) confidenceRanking=Probable,"genus-level call (trophicMode ""Pathotroph-Saprotroph-Symbiotroph"")"
Neofusicoccum parvum,trophic_mode,symbiotroph,FUNGuild (Fungi_5k functionalDB) confidenceRanking=Probable,"genus-level call (trophicMode ""Pathotroph-Saprotroph-Symbiotroph"")"
Neofusicoccum parvum,plant_association,pathogen,FUNGuild (Fungi_5k functionalDB) confidenceRanking=Probable,"genus-level call (guild ""Endophyte-|Plant Pathogen|-Plant Saprotroph"")"
Neofusicoccum parvum,plant_association,saprotroph_plant_material,FUNGuild (Fungi_5k functionalDB) confidenceRanking=Probable,"genus-level call (guild ""Endophyte-|Plant Pathogen|-Plant Saprotroph"")"
Neofusicoccum parvum,plant_association,endophyte,FUNGuild (Fungi_5k functionalDB) confidenceRanking=Probable,"genus-level call (guild ""Endophyte-|Plant Pathogen|-Plant Saprotroph"")"
Neohortaea acidophila,cell_morphology,filamentous,FUNGuild (Fungi_5k functionalDB) confidenceRanking=Probable,"genus-level call (growthForm ""Microfungus"")"
Neohortaea acidophila,trophic_mode,saprotroph,FUNGuild (Fungi_5k functionalDB) confidenceRanking=Probable,"genus-level call (trophicMode ""Saprotroph"")"
Ogataea angusta,cell_morphology,yeast,FUNGuild (Fungi_5k functionalDB) confidenceRanking=Probable,"genus-level call (growthForm ""Yeast"")"
Ogataea angusta,trophic_mode,saprotroph,FUNGuild (Fungi_5k functionalDB) confidenceRanking=Probable,"genus-level call (trophicMode ""Saprotroph"")"
Orbilia oligospora,cell_morphology,filamentous,FUNGuild (Fungi_5k functionalDB) confidenceRanking=Probable,"genus-level call (growthForm ""Microfungus"")"
Orbilia oligospora,trophic_mode,pathotroph,FUNGuild (Fungi_5k functionalDB) confidenceRanking=Probable,"genus-level call (trophicMode ""Pathotroph-Saprotroph"")"
Orbilia oligospora,trophic_mode,saprotroph,FUNGuild (Fungi_5k functionalDB) confidenceRanking=Probable,"genus-level call (trophicMode ""Pathotroph-Saprotroph"")"
Orbilia oligospora,animal_association,pathogen,FUNGuild (Fungi_5k functionalDB) confidenceRanking=Probable,"genus-level call (guild ""Animal Parasite-|Wood Saprotroph|"")"
Orbilia oligospora,plant_association,saprotroph_plant_material,FUNGuild (Fungi_5k functionalDB) confidenceRanking=Probable,"genus-level call (guild ""Animal Parasite-|Wood Saprotroph|"")"
Ordospora colligata,cell_morphology,filamentous,FUNGuild (Fungi_5k functionalDB) confidenceRanking=Probable,"genus-level call (growthForm ""Microfungus"")"
Ordospora colligata,trophic_mode,pathotroph,FUNGuild (Fungi_5k functionalDB) confidenceRanking=Probable,"genus-level call (trophicMode ""Pathotroph"")"
Ordospora colligata,animal_association,pathogen,FUNGuild (Fungi_5k functionalDB) confidenceRanking=Probable,"genus-level call (guild ""|Animal Parasite|"")"
Paecilomyces variotii,cell_morphology,filamentous,FUNGuild (Fungi_5k functionalDB) confidenceRanking=Probable,"genus-level call (growthForm ""Microfungus"")"
Paecilomyces variotii,trophic_mode,pathotroph,FUNGuild (Fungi_5k functionalDB) confidenceRanking=Probable,"genus-level call (trophicMode ""Pathotroph-Saprotroph-Symbiotroph"")"
Paecilomyces variotii,trophic_mode,saprotroph,FUNGuild (Fungi_5k functionalDB) confidenceRanking=Probable,"genus-level call (trophicMode ""Pathotroph-Saprotroph-Symbiotroph"")"
Paecilomyces variotii,trophic_mode,symbiotroph,FUNGuild (Fungi_5k functionalDB) confidenceRanking=Probable,"genus-level call (trophicMode ""Pathotroph-Saprotroph-Symbiotroph"")"
Paecilomyces variotii,plant_association,pathogen,FUNGuild (Fungi_5k functionalDB) confidenceRanking=Probable,"genus-level call (guild ""Clavicipitaceous |Endophyte|-Plant Pathogen-Plant Saprotroph-Undefined Saprotroph-Wood Saprotroph"")"
Paecilomyces variotii,plant_association,saprotroph_plant_material,FUNGuild (Fungi_5k functionalDB) confidenceRanking=Probable,"genus-level call (guild ""Clavicipitaceous |Endophyte|-Plant Pathogen-Plant Saprotroph-Undefined Saprotroph-Wood Saprotroph"")"
Paecilomyces variotii,plant_association,endophyte,FUNGuild (Fungi_5k functionalDB) confidenceRanking=Probable,"genus-level call (guild ""Clavicipitaceous |Endophyte|-Plant Pathogen-Plant Saprotroph-Undefined Saprotroph-Wood Saprotroph"")"
Paraphaeosphaeria sporulosa,cell_morphology,filamentous,FUNGuild (Fungi_5k functionalDB) confidenceRanking=Probable,"genus-level call (growthForm ""Microfungus"")"
Paraphaeosphaeria sporulosa,trophic_mode,saprotroph,FUNGuild (Fungi_5k functionalDB) confidenceRanking=Probable,"genus-level call (trophicMode ""Saprotroph"")"
Paraphaeosphaeria sporulosa,plant_association,saprotroph_plant_material,FUNGuild (Fungi_5k functionalDB) confidenceRanking=Probable,"genus-level call (guild ""Undefined Saprotroph-|Wood Saprotroph|"")"
Penicilliopsis zonata,cell_morphology,filamentous,FUNGuild (Fungi_5k functionalDB) confidenceRanking=Probable,"genus-level call (growthForm ""Microfungus"")"
Penicilliopsis zonata,trophic_mode,saprotroph,FUNGuild (Fungi_5k functionalDB) confidenceRanking=Probable,"genus-level call (trophicMode ""Saprotroph"")"
Penicilliopsis zonata,plant_association,saprotroph_plant_material,FUNGuild (Fungi_5k functionalDB) confidenceRanking=Probable,"genus-level call (guild ""|Plant Saprotroph|-Undefined Saprotroph"")"
Penicillium alfredii,cell_morphology,filamentous,FUNGuild (Fungi_5k functionalDB) confidenceRanking=Highly Probable,"genus-level call (growthForm ""Microfungus"") -- CAUTION: Penicillium is trophically/ecologically diverse across species; this genus-level composite call may not reflect Penicillium alfredii specifically, verify before relying on it"
Penicillium alfredii,trophic_mode,pathotroph,FUNGuild (Fungi_5k functionalDB) confidenceRanking=Highly Probable,"genus-level call (trophicMode ""Pathotroph-Saprotroph-Symbiotroph"") -- CAUTION: Penicillium is trophically/ecologically diverse across species; this genus-level composite call may not reflect Penicillium alfredii specifically, verify before relying on it"
Penicillium alfredii,trophic_mode,saprotroph,FUNGuild (Fungi_5k functionalDB) confidenceRanking=Highly Probable,"genus-level call (trophicMode ""Pathotroph-Saprotroph-Symbiotroph"") -- CAUTION: Penicillium is trophically/ecologically diverse across species; this genus-level composite call may not reflect Penicillium alfredii specifically, verify before relying on it"
Penicillium alfredii,trophic_mode,symbiotroph,FUNGuild (Fungi_5k functionalDB) confidenceRanking=Highly Probable,"genus-level call (trophicMode ""Pathotroph-Saprotroph-Symbiotroph"") -- CAUTION: Penicillium is trophically/ecologically diverse across species; this genus-level composite call may not reflect Penicillium alfredii specifically, verify before relying on it"
Penicillium alfredii,animal_association,pathogen,FUNGuild (Fungi_5k functionalDB) confidenceRanking=Highly Probable,"genus-level call (guild ""Animal Parasite-Dung Saprotroph-Endophyte-Fungal Parasite-Plant Pathogen-|Undefined Saprotroph|-Wood Saprotroph"") -- CAUTION: Penicillium is trophically/ecologically diverse across species; this genus-level composite call may not reflect Penicillium alfredii specifically, verify before relying on it"
Penicillium alfredii,plant_association,pathogen,FUNGuild (Fungi_5k functionalDB) confidenceRanking=Highly Probable,"genus-level call (guild ""Animal Parasite-Dung Saprotroph-Endophyte-Fungal Parasite-Plant Pathogen-|Undefined Saprotroph|-Wood Saprotroph"") -- CAUTION: Penicillium is trophically/ecologically diverse across species; this genus-level composite call may not reflect Penicillium alfredii specifically, verify before relying on it"
Penicillium alfredii,plant_association,saprotroph_plant_material,FUNGuild (Fungi_5k functionalDB) confidenceRanking=Highly Probable,"genus-level call (guild ""Animal Parasite-Dung Saprotroph-Endophyte-Fungal Parasite-Plant Pathogen-|Undefined Saprotroph|-Wood Saprotroph"") -- CAUTION: Penicillium is trophically/ecologically diverse across species; this genus-level composite call may not reflect Penicillium alfredii specifically, verify before relying on it"
Penicillium alfredii,plant_association,endophyte,FUNGuild (Fungi_5k functionalDB) confidenceRanking=Highly Probable,"genus-level call (guild ""Animal Parasite-Dung Saprotroph-Endophyte-Fungal Parasite-Plant Pathogen-|Undefined Saprotroph|-Wood Saprotroph"") -- CAUTION: Penicillium is trophically/ecologically diverse across species; this genus-level composite call may not reflect Penicillium alfredii specifically, verify before relying on it"
Penicillium alfredii,fungal_association,mycoparasite,FUNGuild (Fungi_5k functionalDB) confidenceRanking=Highly Probable,"genus-level call (guild ""Animal Parasite-Dung Saprotroph-Endophyte-Fungal Parasite-Plant Pathogen-|Undefined Saprotroph|-Wood Saprotroph"") -- CAUTION: Penicillium is trophically/ecologically diverse across species; this genus-level composite call may not reflect Penicillium alfredii specifically, verify before relying on it"
Pestalotiopsis fici,cell_morphology,filamentous,FUNGuild (Fungi_5k functionalDB) confidenceRanking=Probable,"genus-level call (growthForm ""Microfungus"")"
Pestalotiopsis fici,trophic_mode,pathotroph,FUNGuild (Fungi_5k functionalDB) confidenceRanking=Probable,"genus-level call (trophicMode ""Pathotroph"")"
Pestalotiopsis fici,plant_association,pathogen,FUNGuild (Fungi_5k functionalDB) confidenceRanking=Probable,"genus-level call (guild ""|Plant Pathogen|"")"
Phaeoacremonium minimum,cell_morphology,filamentous,FUNGuild (Fungi_5k functionalDB) confidenceRanking=Probable,"genus-level call (growthForm ""Microfungus"")"
Phaeoacremonium minimum,trophic_mode,pathotroph,FUNGuild (Fungi_5k functionalDB) confidenceRanking=Probable,"genus-level call (trophicMode ""Pathotroph"")"
Phaeoacremonium minimum,plant_association,pathogen,FUNGuild (Fungi_5k functionalDB) confidenceRanking=Probable,"genus-level call (guild ""|Plant Pathogen|"")"
Phanerochaete carnosa,cell_morphology,filamentous,FUNGuild (Fungi_5k functionalDB) confidenceRanking=Highly Probable,"genus-level call (growthForm ""Corticioid"")"
Phanerochaete carnosa,trophic_mode,saprotroph,FUNGuild (Fungi_5k functionalDB) confidenceRanking=Highly Probable,"genus-level call (trophicMode ""Saprotroph"")"
Phanerochaete carnosa,plant_association,saprotroph_plant_material,FUNGuild (Fungi_5k functionalDB) confidenceRanking=Highly Probable,"genus-level call (guild ""|Wood Saprotroph|"")"
Phialemonium atrogriseum,cell_morphology,filamentous,FUNGuild (Fungi_5k functionalDB) confidenceRanking=Probable,"genus-level call (growthForm ""Microfungus"")"
Phialemonium atrogriseum,trophic_mode,pathotroph,FUNGuild (Fungi_5k functionalDB) confidenceRanking=Probable,"genus-level call (trophicMode ""Pathotroph-Saprotroph"")"
Phialemonium atrogriseum,trophic_mode,saprotroph,FUNGuild (Fungi_5k functionalDB) confidenceRanking=Probable,"genus-level call (trophicMode ""Pathotroph-Saprotroph"")"
Phialemonium atrogriseum,animal_association,pathogen,FUNGuild (Fungi_5k functionalDB) confidenceRanking=Probable,"genus-level call (guild ""|Animal Parasite|-Undefined Saprotroph"")"
Phyllosticta capitalensis,cell_morphology,filamentous,FUNGuild (Fungi_5k functionalDB) confidenceRanking=Highly Probable,"genus-level call (growthForm ""Microfungus"")"
Phyllosticta capitalensis,trophic_mode,pathotroph,FUNGuild (Fungi_5k functionalDB) confidenceRanking=Highly Probable,"genus-level call (trophicMode ""Pathotroph-Saprotroph-Symbiotroph"")"
Phyllosticta capitalensis,trophic_mode,saprotroph,FUNGuild (Fungi_5k functionalDB) confidenceRanking=Highly Probable,"genus-level call (trophicMode ""Pathotroph-Saprotroph-Symbiotroph"")"
Phyllosticta capitalensis,trophic_mode,symbiotroph,FUNGuild (Fungi_5k functionalDB) confidenceRanking=Highly Probable,"genus-level call (trophicMode ""Pathotroph-Saprotroph-Symbiotroph"")"
Phyllosticta capitalensis,plant_association,pathogen,FUNGuild (Fungi_5k functionalDB) confidenceRanking=Highly Probable,"genus-level call (guild ""Endophyte-Lichen Parasite-|Plant Pathogen|-Plant Saprotroph-Wood Saprotroph"")"
Phyllosticta capitalensis,plant_association,saprotroph_plant_material,FUNGuild (Fungi_5k functionalDB) confidenceRanking=Highly Probable,"genus-level call (guild ""Endophyte-Lichen Parasite-|Plant Pathogen|-Plant Saprotroph-Wood Saprotroph"")"
Phyllosticta capitalensis,plant_association,endophyte,FUNGuild (Fungi_5k functionalDB) confidenceRanking=Highly Probable,"genus-level call (guild ""Endophyte-Lichen Parasite-|Plant Pathogen|-Plant Saprotroph-Wood Saprotroph"")"
Phyllosticta capitalensis,fungal_association,mycoparasite,FUNGuild (Fungi_5k functionalDB) confidenceRanking=Highly Probable,"genus-level call (guild ""Endophyte-Lichen Parasite-|Plant Pathogen|-Plant Saprotroph-Wood Saprotroph""); lichen parasite mapped to mycoparasite"
Pichia kudriavzevii,cell_morphology,yeast,FUNGuild (Fungi_5k functionalDB) confidenceRanking=Probable,"genus-level call (growthForm ""Yeast"")"
Pichia kudriavzevii,trophic_mode,pathotroph,FUNGuild (Fungi_5k functionalDB) confidenceRanking=Probable,"genus-level call (trophicMode ""Pathotroph-Saprotroph-Symbiotroph"")"
Pichia kudriavzevii,trophic_mode,saprotroph,FUNGuild (Fungi_5k functionalDB) confidenceRanking=Probable,"genus-level call (trophicMode ""Pathotroph-Saprotroph-Symbiotroph"")"
Pichia kudriavzevii,trophic_mode,symbiotroph,FUNGuild (Fungi_5k functionalDB) confidenceRanking=Probable,"genus-level call (trophicMode ""Pathotroph-Saprotroph-Symbiotroph"")"
Pichia kudriavzevii,animal_association,pathogen,FUNGuild (Fungi_5k functionalDB) confidenceRanking=Probable,"genus-level call (guild ""Animal Parasite-Animal Pathogen-Animal Symbiotroph-Plant Pathogen-|Undefined Saprotroph|"")"
Pichia kudriavzevii,animal_association,commensal,FUNGuild (Fungi_5k functionalDB) confidenceRanking=Probable,"genus-level call (guild ""Animal Parasite-Animal Pathogen-Animal Symbiotroph-Plant Pathogen-|Undefined Saprotroph|""); Symbiotroph mapped conservatively to commensal"
Pichia kudriavzevii,plant_association,pathogen,FUNGuild (Fungi_5k functionalDB) confidenceRanking=Probable,"genus-level call (guild ""Animal Parasite-Animal Pathogen-Animal Symbiotroph-Plant Pathogen-|Undefined Saprotroph|"")"
Pisolithus orientalis,cell_morphology,filamentous,FUNGuild (Fungi_5k functionalDB) confidenceRanking=Highly Probable,"genus-level call (growthForm ""Gasteroid"")"
Pisolithus orientalis,trophic_mode,symbiotroph,FUNGuild (Fungi_5k functionalDB) confidenceRanking=Highly Probable,"genus-level call (trophicMode ""Symbiotroph"")"
Pisolithus orientalis,plant_association,mycorrhizal_mutualist,FUNGuild (Fungi_5k functionalDB) confidenceRanking=Highly Probable,"genus-level call (guild ""|Ectomycorrhizal|"")"
Plenodomus lingam,cell_morphology,filamentous,FUNGuild (Fungi_5k functionalDB) confidenceRanking=Probable,"genus-level call (growthForm ""Microfungus"")"
Plenodomus lingam,trophic_mode,pathotroph,FUNGuild (Fungi_5k functionalDB) confidenceRanking=Probable,"genus-level call (trophicMode ""Pathotroph-Saprotroph"")"
Plenodomus lingam,trophic_mode,saprotroph,FUNGuild (Fungi_5k functionalDB) confidenceRanking=Probable,"genus-level call (trophicMode ""Pathotroph-Saprotroph"")"
Plenodomus lingam,plant_association,pathogen,FUNGuild (Fungi_5k functionalDB) confidenceRanking=Probable,"genus-level call (guild ""|Plant Pathogen|-Plant Saprotroph-Undefined Saprotroph"")"
Plenodomus lingam,plant_association,saprotroph_plant_material,FUNGuild (Fungi_5k functionalDB) confidenceRanking=Probable,"genus-level call (guild ""|Plant Pathogen|-Plant Saprotroph-Undefined Saprotroph"")"
Pleurotus ostreatus,cell_morphology,filamentous,FUNGuild (Fungi_5k functionalDB) confidenceRanking=Probable,"genus-level call (growthForm ""Agaricoid"")"
Pleurotus ostreatus,trophic_mode,pathotroph,FUNGuild (Fungi_5k functionalDB) confidenceRanking=Probable,"genus-level call (trophicMode ""Pathotroph-Saprotroph"")"
Pleurotus ostreatus,trophic_mode,saprotroph,FUNGuild (Fungi_5k functionalDB) confidenceRanking=Probable,"genus-level call (trophicMode ""Pathotroph-Saprotroph"")"
Pleurotus ostreatus,plant_association,pathogen,FUNGuild (Fungi_5k functionalDB) confidenceRanking=Probable,"genus-level call (guild ""Endophyte-Nematophagous-Plant Pathogen-|Wood Saprotroph|"")"
Pleurotus ostreatus,plant_association,saprotroph_plant_material,FUNGuild (Fungi_5k functionalDB) confidenceRanking=Probable,"genus-level call (guild ""Endophyte-Nematophagous-Plant Pathogen-|Wood Saprotroph|"")"
Pleurotus ostreatus,plant_association,endophyte,FUNGuild (Fungi_5k functionalDB) confidenceRanking=Probable,"genus-level call (guild ""Endophyte-Nematophagous-Plant Pathogen-|Wood Saprotroph|"")"
Pneumocystis carinii,cell_morphology,yeast,FUNGuild (Fungi_5k functionalDB) confidenceRanking=Highly Probable,"genus-level call (growthForm ""Yeast"")"
Pneumocystis carinii,trophic_mode,pathotroph,FUNGuild (Fungi_5k functionalDB) confidenceRanking=Highly Probable,"genus-level call (trophicMode ""Pathotroph-Saprotroph"")"
Pneumocystis carinii,trophic_mode,saprotroph,FUNGuild (Fungi_5k functionalDB) confidenceRanking=Highly Probable,"genus-level call (trophicMode ""Pathotroph-Saprotroph"")"
Pneumocystis carinii,animal_association,pathogen,FUNGuild (Fungi_5k functionalDB) confidenceRanking=Highly Probable,"genus-level call (guild ""|Animal Parasite|-Animal Pathogen-Undefined Saprotroph"")"
Pochonia chlamydosporia,cell_morphology,filamentous,FUNGuild (Fungi_5k functionalDB) confidenceRanking=Probable,"genus-level call (growthForm ""Microfungus"")"
Pochonia chlamydosporia,trophic_mode,pathotroph,FUNGuild (Fungi_5k functionalDB) confidenceRanking=Probable,"genus-level call (trophicMode ""Pathotroph-Saprotroph"")"
Pochonia chlamydosporia,trophic_mode,saprotroph,FUNGuild (Fungi_5k functionalDB) confidenceRanking=Probable,"genus-level call (trophicMode ""Pathotroph-Saprotroph"")"
Pochonia chlamydosporia,animal_association,pathogen,FUNGuild (Fungi_5k functionalDB) confidenceRanking=Probable,"genus-level call (guild ""|Animal Parasite|-Animal Pathogen-Undefined Saprotroph"")"
Podospora anserina,cell_morphology,filamentous,FUNGuild (Fungi_5k functionalDB) confidenceRanking=Possible,"genus-level call (growthForm ""Microfungus"")"
Podospora anserina,trophic_mode,saprotroph,FUNGuild (Fungi_5k functionalDB) confidenceRanking=Possible,"genus-level call (trophicMode ""Saprotroph-Symbiotroph"")"
Podospora anserina,trophic_mode,symbiotroph,FUNGuild (Fungi_5k functionalDB) confidenceRanking=Possible,"genus-level call (trophicMode ""Saprotroph-Symbiotroph"")"
Podospora anserina,plant_association,saprotroph_plant_material,FUNGuild (Fungi_5k functionalDB) confidenceRanking=Possible,"genus-level call (guild ""|Dung Saprotroph|-Endophyte-Plant Saprotroph-Undefined Saprotroph"")"
Podospora anserina,plant_association,endophyte,FUNGuild (Fungi_5k functionalDB) confidenceRanking=Possible,"genus-level call (guild ""|Dung Saprotroph|-Endophyte-Plant Saprotroph-Undefined Saprotroph"")"
Priceomyces carsonii,cell_morphology,yeast,FUNGuild (Fungi_5k functionalDB) confidenceRanking=Probable,"genus-level call (growthForm ""Yeast"")"
Priceomyces carsonii,trophic_mode,saprotroph,FUNGuild (Fungi_5k functionalDB) confidenceRanking=Probable,"genus-level call (trophicMode ""Saprotroph"")"
Protomyces lactucae-debilis,cell_morphology,dimorphic,FUNGuild (Fungi_5k functionalDB) confidenceRanking=Probable,"genus-level call (growthForm ""Dimorphic"")"
Protomyces lactucae-debilis,trophic_mode,pathotroph,FUNGuild (Fungi_5k functionalDB) confidenceRanking=Probable,"genus-level call (trophicMode ""Pathotroph"")"
Protomyces lactucae-debilis,plant_association,pathogen,FUNGuild (Fungi_5k functionalDB) confidenceRanking=Probable,"genus-level call (guild ""|Plant Pathogen|"")"
Pseudocercospora fijiensis,cell_morphology,filamentous,FUNGuild (Fungi_5k functionalDB) confidenceRanking=Probable,"genus-level call (growthForm ""Microfungus"")"
Pseudocercospora fijiensis,trophic_mode,pathotroph,FUNGuild (Fungi_5k functionalDB) confidenceRanking=Probable,"genus-level call (trophicMode ""Pathotroph"")"
Pseudocercospora fijiensis,plant_association,pathogen,FUNGuild (Fungi_5k functionalDB) confidenceRanking=Probable,"genus-level call (guild ""|Plant Pathogen|"")"
Pseudogymnoascus destructans,cell_morphology,filamentous,FUNGuild (Fungi_5k functionalDB) confidenceRanking=Possible,"genus-level call (growthForm ""Microfungus"")"
Pseudogymnoascus destructans,trophic_mode,pathotroph,FUNGuild (Fungi_5k functionalDB) confidenceRanking=Possible,"genus-level call (trophicMode ""Pathotroph-Saprotroph-Symbiotroph"")"
Pseudogymnoascus destructans,trophic_mode,saprotroph,FUNGuild (Fungi_5k functionalDB) confidenceRanking=Possible,"genus-level call (trophicMode ""Pathotroph-Saprotroph-Symbiotroph"")"
Pseudogymnoascus destructans,trophic_mode,symbiotroph,FUNGuild (Fungi_5k functionalDB) confidenceRanking=Possible,"genus-level call (trophicMode ""Pathotroph-Saprotroph-Symbiotroph"")"
Pseudogymnoascus destructans,animal_association,pathogen,FUNGuild (Fungi_5k functionalDB) confidenceRanking=Possible,"genus-level call (guild ""Animal Pathogen-|Undefined Saprotroph|"")"
Pseudomassariella vexata,cell_morphology,filamentous,FUNGuild (Fungi_5k functionalDB) confidenceRanking=Probable,"genus-level call (growthForm ""Microfungus"")"
Pseudomassariella vexata,trophic_mode,saprotroph,FUNGuild (Fungi_5k functionalDB) confidenceRanking=Probable,"genus-level call (trophicMode ""Saprotroph"")"
Pseudovirgaria hyperparasitica,cell_morphology,filamentous,FUNGuild (Fungi_5k functionalDB) confidenceRanking=Probable,"genus-level call (growthForm ""Microfungus"")"
Pseudovirgaria hyperparasitica,trophic_mode,pathotroph,FUNGuild (Fungi_5k functionalDB) confidenceRanking=Probable,"genus-level call (trophicMode ""Pathotroph"")"
Pseudovirgaria hyperparasitica,fungal_association,mycoparasite,FUNGuild (Fungi_5k functionalDB) confidenceRanking=Probable,"genus-level call (guild ""|Fungal Parasite|"")"
Pseudozyma flocculosa,cell_morphology,yeast,FUNGuild (Fungi_5k functionalDB) confidenceRanking=Probable,"genus-level call (growthForm ""Yeast"")"
Pseudozyma flocculosa,trophic_mode,pathotroph,FUNGuild (Fungi_5k functionalDB) confidenceRanking=Probable,"genus-level call (trophicMode ""Pathotroph-Symbiotroph"")"
Pseudozyma flocculosa,trophic_mode,symbiotroph,FUNGuild (Fungi_5k functionalDB) confidenceRanking=Probable,"genus-level call (trophicMode ""Pathotroph-Symbiotroph"")"
Pseudozyma flocculosa,plant_association,endophyte,FUNGuild (Fungi_5k functionalDB) confidenceRanking=Probable,"genus-level call (guild ""Endophyte-|Epiphyte|-Fungal Parasite"")"
Pseudozyma flocculosa,fungal_association,mycoparasite,FUNGuild (Fungi_5k functionalDB) confidenceRanking=Probable,"genus-level call (guild ""Endophyte-|Epiphyte|-Fungal Parasite"")"
Psilocybe cubensis,cell_morphology,filamentous,FUNGuild (Fungi_5k functionalDB) confidenceRanking=Probable,"genus-level call (growthForm ""Agaricoid"")"
Psilocybe cubensis,trophic_mode,saprotroph,FUNGuild (Fungi_5k functionalDB) confidenceRanking=Probable,"genus-level call (trophicMode ""Saprotroph"")"
Psilocybe cubensis,plant_association,saprotroph_plant_material,FUNGuild (Fungi_5k functionalDB) confidenceRanking=Probable,"genus-level call (guild ""|Plant Saprotroph|-Undefined Saprotroph"")"
Puccinia graminis,trophic_mode,pathotroph,FUNGuild (Fungi_5k functionalDB) confidenceRanking=Highly Probable,"genus-level call (trophicMode ""Pathotroph"")"
Puccinia graminis,plant_association,pathogen,FUNGuild (Fungi_5k functionalDB) confidenceRanking=Highly Probable,"genus-level call (guild ""|Plant Pathogen|"")"
Punctularia strigosozonata,cell_morphology,filamentous,FUNGuild (Fungi_5k functionalDB) confidenceRanking=Probable,"genus-level call (growthForm ""Corticioid"")"
Punctularia strigosozonata,trophic_mode,pathotroph,FUNGuild (Fungi_5k functionalDB) confidenceRanking=Probable,"genus-level call (trophicMode ""Pathotroph-Saprotroph"")"
Punctularia strigosozonata,trophic_mode,saprotroph,FUNGuild (Fungi_5k functionalDB) confidenceRanking=Probable,"genus-level call (trophicMode ""Pathotroph-Saprotroph"")"
Punctularia strigosozonata,plant_association,pathogen,FUNGuild (Fungi_5k functionalDB) confidenceRanking=Probable,"genus-level call (guild ""Plant Pathogen-Undefined Saprotroph-|Wood Saprotroph|"")"
Punctularia strigosozonata,plant_association,saprotroph_plant_material,FUNGuild (Fungi_5k functionalDB) confidenceRanking=Probable,"genus-level call (guild ""Plant Pathogen-Undefined Saprotroph-|Wood Saprotroph|"")"
Purpureocillium lilacinum,cell_morphology,filamentous,FUNGuild (Fungi_5k functionalDB) confidenceRanking=Probable,"genus-level call (growthForm ""Microfungus"")"
Purpureocillium lilacinum,trophic_mode,pathotroph,FUNGuild (Fungi_5k functionalDB) confidenceRanking=Probable,"genus-level call (trophicMode ""Pathotroph-Saprotroph"")"
Purpureocillium lilacinum,trophic_mode,saprotroph,FUNGuild (Fungi_5k functionalDB) confidenceRanking=Probable,"genus-level call (trophicMode ""Pathotroph-Saprotroph"")"
Purpureocillium lilacinum,animal_association,pathogen,FUNGuild (Fungi_5k functionalDB) confidenceRanking=Probable,"genus-level call (guild ""|Animal Parasite|-Fungal Parasite-Undefined Saprotroph"")"
Purpureocillium lilacinum,fungal_association,mycoparasite,FUNGuild (Fungi_5k functionalDB) confidenceRanking=Probable,"genus-level call (guild ""|Animal Parasite|-Fungal Parasite-Undefined Saprotroph"")"
Pyrenophora teres,cell_morphology,filamentous,FUNGuild (Fungi_5k functionalDB) confidenceRanking=Probable,"genus-level call (growthForm ""Microfungus"") -- CAUTION: Pyrenophora is trophically/ecologically diverse across species; this genus-level composite call may not reflect Pyrenophora teres specifically, verify before relying on it"
Pyrenophora teres,trophic_mode,pathotroph,FUNGuild (Fungi_5k functionalDB) confidenceRanking=Probable,"genus-level call (trophicMode ""Pathotroph-Saprotroph"") -- CAUTION: Pyrenophora is trophically/ecologically diverse across species; this genus-level composite call may not reflect Pyrenophora teres specifically, verify before relying on it"
Pyrenophora teres,trophic_mode,saprotroph,FUNGuild (Fungi_5k functionalDB) confidenceRanking=Probable,"genus-level call (trophicMode ""Pathotroph-Saprotroph"") -- CAUTION: Pyrenophora is trophically/ecologically diverse across species; this genus-level composite call may not reflect Pyrenophora teres specifically, verify before relying on it"
Pyrenophora teres,plant_association,pathogen,FUNGuild (Fungi_5k functionalDB) confidenceRanking=Probable,"genus-level call (guild ""|Plant Pathogen|-Wood Saprotroph"") -- CAUTION: Pyrenophora is trophically/ecologically diverse across species; this genus-level composite call may not reflect Pyrenophora teres specifically, verify before relying on it"
Pyrenophora teres,plant_association,saprotroph_plant_material,FUNGuild (Fungi_5k functionalDB) confidenceRanking=Probable,"genus-level call (guild ""|Plant Pathogen|-Wood Saprotroph"") -- CAUTION: Pyrenophora is trophically/ecologically diverse across species; this genus-level composite call may not reflect Pyrenophora teres specifically, verify before relying on it"
Pyricularia grisea,cell_morphology,filamentous,FUNGuild (Fungi_5k functionalDB) confidenceRanking=Probable,"genus-level call (growthForm ""Microfungus"")"
Pyricularia grisea,trophic_mode,pathotroph,FUNGuild (Fungi_5k functionalDB) confidenceRanking=Probable,"genus-level call (trophicMode ""Pathotroph"")"
Pyricularia grisea,plant_association,pathogen,FUNGuild (Fungi_5k functionalDB) confidenceRanking=Probable,"genus-level call (guild ""|Plant Pathogen|"")"
Ramularia collo-cygni,cell_morphology,filamentous,FUNGuild (Fungi_5k functionalDB) confidenceRanking=Probable,"genus-level call (growthForm ""Microfungus"")"
Ramularia collo-cygni,trophic_mode,pathotroph,FUNGuild (Fungi_5k functionalDB) confidenceRanking=Probable,"genus-level call (trophicMode ""Pathotroph"")"
Ramularia collo-cygni,plant_association,pathogen,FUNGuild (Fungi_5k functionalDB) confidenceRanking=Probable,"genus-level call (guild ""|Plant Pathogen|"")"
Rasamsonia byssochlamydoides,cell_morphology,filamentous,FUNGuild (Fungi_5k functionalDB) confidenceRanking=Probable,"genus-level call (growthForm ""Microfungus"")"
Rasamsonia byssochlamydoides,trophic_mode,pathotroph,FUNGuild (Fungi_5k functionalDB) confidenceRanking=Probable,"genus-level call (trophicMode ""Pathotroph-Saprotroph"")"
Rasamsonia byssochlamydoides,trophic_mode,saprotroph,FUNGuild (Fungi_5k functionalDB) confidenceRanking=Probable,"genus-level call (trophicMode ""Pathotroph-Saprotroph"")"
Rasamsonia byssochlamydoides,animal_association,pathogen,FUNGuild (Fungi_5k functionalDB) confidenceRanking=Probable,"genus-level call (guild ""Animal Parasite-|Undefined Saprotroph|"")"
Recurvomyces mirabilis,cell_morphology,filamentous,FUNGuild (Fungi_5k functionalDB) confidenceRanking=Possible,"genus-level call (growthForm ""Microfungus"")"
Recurvomyces mirabilis,trophic_mode,saprotroph,FUNGuild (Fungi_5k functionalDB) confidenceRanking=Possible,"genus-level call (trophicMode ""Saprotroph"")"
Rhodofomes roseus,cell_morphology,filamentous,FUNGuild (Fungi_5k functionalDB) confidenceRanking=Probable,"genus-level call (growthForm ""Polyporoid"")"
Rhodofomes roseus,trophic_mode,saprotroph,FUNGuild (Fungi_5k functionalDB) confidenceRanking=Probable,"genus-level call (trophicMode ""Saprotroph"")"
Rhodofomes roseus,plant_association,saprotroph_plant_material,FUNGuild (Fungi_5k functionalDB) confidenceRanking=Probable,"genus-level call (guild ""|Wood Saprotroph|"")"
Saccharomycodes ludwigii,cell_morphology,yeast,FUNGuild (Fungi_5k functionalDB) confidenceRanking=Probable,"genus-level call (growthForm ""Yeast"")"
Saccharomycodes ludwigii,trophic_mode,saprotroph,FUNGuild (Fungi_5k functionalDB) confidenceRanking=Probable,"genus-level call (trophicMode ""Saprotroph"")"
Saccharomycopsis crataegensis,cell_morphology,yeast,FUNGuild (Fungi_5k functionalDB) confidenceRanking=Probable,"genus-level call (growthForm ""Yeast"")"
Saccharomycopsis crataegensis,trophic_mode,pathotroph,FUNGuild (Fungi_5k functionalDB) confidenceRanking=Probable,"genus-level call (trophicMode ""Pathotroph-Saprotroph"")"
Saccharomycopsis crataegensis,trophic_mode,saprotroph,FUNGuild (Fungi_5k functionalDB) confidenceRanking=Probable,"genus-level call (trophicMode ""Pathotroph-Saprotroph"")"
Saccharomycopsis crataegensis,animal_association,pathogen,FUNGuild (Fungi_5k functionalDB) confidenceRanking=Probable,"genus-level call (guild ""Animal Parasite-|Undefined Saprotroph|"")"
Saitoella complicata,cell_morphology,yeast,FUNGuild (Fungi_5k functionalDB) confidenceRanking=Probable,"genus-level call (growthForm ""Yeast"")"
Saitoella complicata,trophic_mode,saprotroph,FUNGuild (Fungi_5k functionalDB) confidenceRanking=Probable,"genus-level call (trophicMode ""Saprotroph"")"
Saxophila tyrrhenica,cell_morphology,filamentous,FUNGuild (Fungi_5k functionalDB) confidenceRanking=Probable,"genus-level call (growthForm ""Microfungus"")"
Saxophila tyrrhenica,trophic_mode,saprotroph,FUNGuild (Fungi_5k functionalDB) confidenceRanking=Probable,"genus-level call (trophicMode ""Saprotroph"")"
Scedosporium apiospermum,cell_morphology,filamentous,FUNGuild (Fungi_5k functionalDB) confidenceRanking=Probable,"genus-level call (growthForm ""Microfungus"")"
Scedosporium apiospermum,trophic_mode,pathotroph,FUNGuild (Fungi_5k functionalDB) confidenceRanking=Probable,"genus-level call (trophicMode ""Pathotroph-Saprotroph"")"
Scedosporium apiospermum,trophic_mode,saprotroph,FUNGuild (Fungi_5k functionalDB) confidenceRanking=Probable,"genus-level call (trophicMode ""Pathotroph-Saprotroph"")"
Scedosporium apiospermum,animal_association,pathogen,FUNGuild (Fungi_5k functionalDB) confidenceRanking=Probable,"genus-level call (guild ""Animal Parasite-|Undefined Saprotroph|"")"
Scheffersomyces amazonensis,cell_morphology,yeast,FUNGuild (Fungi_5k functionalDB) confidenceRanking=Highly Probable,"genus-level call (growthForm ""Yeast"")"
Scheffersomyces amazonensis,trophic_mode,saprotroph,FUNGuild (Fungi_5k functionalDB) confidenceRanking=Highly Probable,"genus-level call (trophicMode ""Saprotroph-Symbiotroph"")"
Scheffersomyces amazonensis,trophic_mode,symbiotroph,FUNGuild (Fungi_5k functionalDB) confidenceRanking=Highly Probable,"genus-level call (trophicMode ""Saprotroph-Symbiotroph"")"
Scheffersomyces amazonensis,animal_association,commensal,FUNGuild (Fungi_5k functionalDB) confidenceRanking=Highly Probable,"genus-level call (guild ""|Animal Symbiotroph|-Undefined Saprotroph""); Symbiotroph mapped conservatively to commensal"
Sclerotinia sclerotiorum,cell_morphology,filamentous,FUNGuild (Fungi_5k functionalDB) confidenceRanking=Probable,"genus-level call (growthForm ""Microfungus"")"
Sclerotinia sclerotiorum,trophic_mode,pathotroph,FUNGuild (Fungi_5k functionalDB) confidenceRanking=Probable,"genus-level call (trophicMode ""Pathotroph-Saprotroph"")"
Sclerotinia sclerotiorum,trophic_mode,saprotroph,FUNGuild (Fungi_5k functionalDB) confidenceRanking=Probable,"genus-level call (trophicMode ""Pathotroph-Saprotroph"")"
Sclerotinia sclerotiorum,plant_association,pathogen,FUNGuild (Fungi_5k functionalDB) confidenceRanking=Probable,"genus-level call (guild ""|Plant Pathogen|-Plant Saprotroph"")"
Sclerotinia sclerotiorum,plant_association,saprotroph_plant_material,FUNGuild (Fungi_5k functionalDB) confidenceRanking=Probable,"genus-level call (guild ""|Plant Pathogen|-Plant Saprotroph"")"
Sodiomyces alcalophilus,cell_morphology,filamentous,FUNGuild (Fungi_5k functionalDB) confidenceRanking=Probable,"genus-level call (growthForm ""Microfungus"")"
Sodiomyces alcalophilus,trophic_mode,saprotroph,FUNGuild (Fungi_5k functionalDB) confidenceRanking=Probable,"genus-level call (trophicMode ""Saprotroph"")"
Sordaria macrospora,cell_morphology,filamentous,FUNGuild (Fungi_5k functionalDB) confidenceRanking=Probable,"genus-level call (growthForm ""Microfungus"")"
Sordaria macrospora,trophic_mode,pathotroph,FUNGuild (Fungi_5k functionalDB) confidenceRanking=Probable,"genus-level call (trophicMode ""Pathotroph-Saprotroph"")"
Sordaria macrospora,trophic_mode,saprotroph,FUNGuild (Fungi_5k functionalDB) confidenceRanking=Probable,"genus-level call (trophicMode ""Pathotroph-Saprotroph"")"
Sordaria macrospora,plant_association,pathogen,FUNGuild (Fungi_5k functionalDB) confidenceRanking=Probable,"genus-level call (guild ""|Dung Saprotroph|-Plant Pathogen-Wood Saprotroph"")"
Sordaria macrospora,plant_association,saprotroph_plant_material,FUNGuild (Fungi_5k functionalDB) confidenceRanking=Probable,"genus-level call (guild ""|Dung Saprotroph|-Plant Pathogen-Wood Saprotroph"")"
Sparassis crispa,cell_morphology,filamentous,FUNGuild (Fungi_5k functionalDB) confidenceRanking=Probable,"genus-level call (growthForm ""Microfungus"")"
Sparassis crispa,trophic_mode,pathotroph,FUNGuild (Fungi_5k functionalDB) confidenceRanking=Probable,"genus-level call (trophicMode ""Pathotroph-Saprotroph"")"
Sparassis crispa,trophic_mode,saprotroph,FUNGuild (Fungi_5k functionalDB) confidenceRanking=Probable,"genus-level call (trophicMode ""Pathotroph-Saprotroph"")"
Sparassis crispa,plant_association,pathogen,FUNGuild (Fungi_5k functionalDB) confidenceRanking=Probable,"genus-level call (guild ""|Plant Pathogen|-Wood Saprotroph"")"
Sparassis crispa,plant_association,saprotroph_plant_material,FUNGuild (Fungi_5k functionalDB) confidenceRanking=Probable,"genus-level call (guild ""|Plant Pathogen|-Wood Saprotroph"")"
Spathaspora passalidarum,cell_morphology,yeast,FUNGuild (Fungi_5k functionalDB) confidenceRanking=Probable,"genus-level call (growthForm ""Yeast"")"
Spathaspora passalidarum,trophic_mode,saprotroph,FUNGuild (Fungi_5k functionalDB) confidenceRanking=Probable,"genus-level call (trophicMode ""Saprotroph-Symbiotroph"")"
Spathaspora passalidarum,trophic_mode,symbiotroph,FUNGuild (Fungi_5k functionalDB) confidenceRanking=Probable,"genus-level call (trophicMode ""Saprotroph-Symbiotroph"")"
Spathaspora passalidarum,animal_association,commensal,FUNGuild (Fungi_5k functionalDB) confidenceRanking=Probable,"genus-level call (guild ""|Animal Symbiotroph|-Undefined Saprotroph""); Symbiotroph mapped conservatively to commensal"
Sphaerulina musiva,cell_morphology,filamentous,FUNGuild (Fungi_5k functionalDB) confidenceRanking=Highly Probable,"genus-level call (growthForm ""Microfungus-Thallus"")"
Sphaerulina musiva,trophic_mode,pathotroph,FUNGuild (Fungi_5k functionalDB) confidenceRanking=Highly Probable,"genus-level call (trophicMode ""Pathotroph-Saprotroph-Symbiotroph"")"
Sphaerulina musiva,trophic_mode,saprotroph,FUNGuild (Fungi_5k functionalDB) confidenceRanking=Highly Probable,"genus-level call (trophicMode ""Pathotroph-Saprotroph-Symbiotroph"")"
Sphaerulina musiva,trophic_mode,symbiotroph,FUNGuild (Fungi_5k functionalDB) confidenceRanking=Highly Probable,"genus-level call (trophicMode ""Pathotroph-Saprotroph-Symbiotroph"")"
Sphaerulina musiva,plant_association,pathogen,FUNGuild (Fungi_5k functionalDB) confidenceRanking=Highly Probable,"genus-level call (guild ""Lichenized-Plant Pathogen-|Plant Saprotroph|"")"
Sphaerulina musiva,plant_association,saprotroph_plant_material,FUNGuild (Fungi_5k functionalDB) confidenceRanking=Highly Probable,"genus-level call (guild ""Lichenized-Plant Pathogen-|Plant Saprotroph|"")"
Sporisorium graminicola,cell_morphology,dimorphic,FUNGuild (Fungi_5k functionalDB) confidenceRanking=Probable,"genus-level call (growthForm ""Dimorphic-Facultative Yeast-Smut"")"
Sporisorium graminicola,trophic_mode,pathotroph,FUNGuild (Fungi_5k functionalDB) confidenceRanking=Probable,"genus-level call (trophicMode ""Pathotroph"")"
Sporisorium graminicola,plant_association,pathogen,FUNGuild (Fungi_5k functionalDB) confidenceRanking=Probable,"genus-level call (guild ""|Plant Pathogen|"")"
Sporobolomyces koalae,cell_morphology,yeast,FUNGuild (Fungi_5k functionalDB) confidenceRanking=Probable,"genus-level call (growthForm ""Yeast"")"
Sporobolomyces koalae,trophic_mode,pathotroph,FUNGuild (Fungi_5k functionalDB) confidenceRanking=Probable,"genus-level call (trophicMode ""Pathotroph-Saprotroph"")"
Sporobolomyces koalae,trophic_mode,saprotroph,FUNGuild (Fungi_5k functionalDB) confidenceRanking=Probable,"genus-level call (trophicMode ""Pathotroph-Saprotroph"")"
Sporobolomyces koalae,plant_association,saprotroph_plant_material,FUNGuild (Fungi_5k functionalDB) confidenceRanking=Probable,"genus-level call (guild ""|Fungal Parasite|-Plant Saprotroph"")"
Sporobolomyces koalae,fungal_association,mycoparasite,FUNGuild (Fungi_5k functionalDB) confidenceRanking=Probable,"genus-level call (guild ""|Fungal Parasite|-Plant Saprotroph"")"
Sporothrix brasiliensis,cell_morphology,filamentous,FUNGuild (Fungi_5k functionalDB) confidenceRanking=Probable,"genus-level call (growthForm ""Microfungus"")"
Sporothrix brasiliensis,trophic_mode,pathotroph,FUNGuild (Fungi_5k functionalDB) confidenceRanking=Probable,"genus-level call (trophicMode ""Pathotroph-Saprotroph-Symbiotroph"")"
Sporothrix brasiliensis,trophic_mode,saprotroph,FUNGuild (Fungi_5k functionalDB) confidenceRanking=Probable,"genus-level call (trophicMode ""Pathotroph-Saprotroph-Symbiotroph"")"
Sporothrix brasiliensis,trophic_mode,symbiotroph,FUNGuild (Fungi_5k functionalDB) confidenceRanking=Probable,"genus-level call (trophicMode ""Pathotroph-Saprotroph-Symbiotroph"")"
Sporothrix brasiliensis,animal_association,pathogen,FUNGuild (Fungi_5k functionalDB) confidenceRanking=Probable,"genus-level call (guild ""Animal Pathogen-Endophyte-|Plant Pathogen|-Plant Saprotroph-Undefined Saprotroph-Wood Saprotroph"")"
Sporothrix brasiliensis,plant_association,pathogen,FUNGuild (Fungi_5k functionalDB) confidenceRanking=Probable,"genus-level call (guild ""Animal Pathogen-Endophyte-|Plant Pathogen|-Plant Saprotroph-Undefined Saprotroph-Wood Saprotroph"")"
Sporothrix brasiliensis,plant_association,saprotroph_plant_material,FUNGuild (Fungi_5k functionalDB) confidenceRanking=Probable,"genus-level call (guild ""Animal Pathogen-Endophyte-|Plant Pathogen|-Plant Saprotroph-Undefined Saprotroph-Wood Saprotroph"")"
Sporothrix brasiliensis,plant_association,endophyte,FUNGuild (Fungi_5k functionalDB) confidenceRanking=Probable,"genus-level call (guild ""Animal Pathogen-Endophyte-|Plant Pathogen|-Plant Saprotroph-Undefined Saprotroph-Wood Saprotroph"")"
Sugiyamaella lignohabitans,cell_morphology,yeast,FUNGuild (Fungi_5k functionalDB) confidenceRanking=Probable,"genus-level call (growthForm ""Yeast"")"
Sugiyamaella lignohabitans,trophic_mode,saprotroph,FUNGuild (Fungi_5k functionalDB) confidenceRanking=Probable,"genus-level call (trophicMode ""Saprotroph-Symbiotroph"")"
Sugiyamaella lignohabitans,trophic_mode,symbiotroph,FUNGuild (Fungi_5k functionalDB) confidenceRanking=Probable,"genus-level call (trophicMode ""Saprotroph-Symbiotroph"")"
Sugiyamaella lignohabitans,animal_association,commensal,FUNGuild (Fungi_5k functionalDB) confidenceRanking=Probable,"genus-level call (guild ""|Animal Symbiotroph|-Undefined Saprotroph""); Symbiotroph mapped conservatively to commensal"
Suhomyces tanzawaensis,cell_morphology,yeast,FUNGuild (Fungi_5k functionalDB) confidenceRanking=Probable,"genus-level call (growthForm ""Yeast"")"
Suhomyces tanzawaensis,trophic_mode,saprotroph,FUNGuild (Fungi_5k functionalDB) confidenceRanking=Probable,"genus-level call (trophicMode ""Saprotroph"")"
Suillus bovinus,cell_morphology,filamentous,FUNGuild (Fungi_5k functionalDB) confidenceRanking=Highly Probable,"genus-level call (growthForm ""Agaricoid-Boletoid"")"
Suillus bovinus,trophic_mode,symbiotroph,FUNGuild (Fungi_5k functionalDB) confidenceRanking=Highly Probable,"genus-level call (trophicMode ""Symbiotroph"")"
Suillus bovinus,plant_association,mycorrhizal_mutualist,FUNGuild (Fungi_5k functionalDB) confidenceRanking=Highly Probable,"genus-level call (guild ""|Ectomycorrhizal|"")"
Talaromyces amestolkiae,cell_morphology,filamentous,FUNGuild (Fungi_5k functionalDB) confidenceRanking=Probable,"genus-level call (growthForm ""Microfungus"") -- CAUTION: Talaromyces is trophically/ecologically diverse across species; this genus-level composite call may not reflect Talaromyces amestolkiae specifically, verify before relying on it"
Talaromyces amestolkiae,trophic_mode,pathotroph,FUNGuild (Fungi_5k functionalDB) confidenceRanking=Probable,"genus-level call (trophicMode ""Pathotroph-Saprotroph"") -- CAUTION: Talaromyces is trophically/ecologically diverse across species; this genus-level composite call may not reflect Talaromyces amestolkiae specifically, verify before relying on it"
Talaromyces amestolkiae,trophic_mode,saprotroph,FUNGuild (Fungi_5k functionalDB) confidenceRanking=Probable,"genus-level call (trophicMode ""Pathotroph-Saprotroph"") -- CAUTION: Talaromyces is trophically/ecologically diverse across species; this genus-level composite call may not reflect Talaromyces amestolkiae specifically, verify before relying on it"
Talaromyces amestolkiae,animal_association,pathogen,FUNGuild (Fungi_5k functionalDB) confidenceRanking=Probable,"genus-level call (guild ""Animal Parasite-|Undefined Saprotroph|"") -- CAUTION: Talaromyces is trophically/ecologically diverse across species; this genus-level composite call may not reflect Talaromyces amestolkiae specifically, verify before relying on it"
Tetrapisispora phaffii,cell_morphology,yeast,FUNGuild (Fungi_5k functionalDB) confidenceRanking=Probable,"genus-level call (growthForm ""Yeast"")"
Tetrapisispora phaffii,trophic_mode,saprotroph,FUNGuild (Fungi_5k functionalDB) confidenceRanking=Probable,"genus-level call (trophicMode ""Saprotroph"")"
Thermoascus crustaceus,cell_morphology,filamentous,FUNGuild (Fungi_5k functionalDB) confidenceRanking=Probable,"genus-level call (growthForm ""Microfungus"")"
Thermoascus crustaceus,trophic_mode,saprotroph,FUNGuild (Fungi_5k functionalDB) confidenceRanking=Probable,"genus-level call (trophicMode ""Saprotroph"")"
Thermothelomyces heterothallicus,cell_morphology,filamentous,FUNGuild (Fungi_5k functionalDB) confidenceRanking=Probable,"genus-level call (growthForm ""Microfungus"")"
Thermothelomyces heterothallicus,trophic_mode,saprotroph,FUNGuild (Fungi_5k functionalDB) confidenceRanking=Probable,"genus-level call (trophicMode ""Saprotroph"")"
Thyridium curvatum,cell_morphology,filamentous,FUNGuild (Fungi_5k functionalDB) confidenceRanking=Probable,"genus-level call (growthForm ""Microfungus"")"
Thyridium curvatum,trophic_mode,saprotroph,FUNGuild (Fungi_5k functionalDB) confidenceRanking=Probable,"genus-level call (trophicMode ""Saprotroph"")"
Thyridium curvatum,plant_association,saprotroph_plant_material,FUNGuild (Fungi_5k functionalDB) confidenceRanking=Probable,"genus-level call (guild ""|Wood Saprotroph|"")"
Tilletiopsis washingtonensis,cell_morphology,yeast,FUNGuild (Fungi_5k functionalDB) confidenceRanking=Probable,"genus-level call (growthForm ""Microfungus-Yeast"")"
Tilletiopsis washingtonensis,trophic_mode,pathotroph,FUNGuild (Fungi_5k functionalDB) confidenceRanking=Probable,"genus-level call (trophicMode ""Pathotroph-Saprotroph"")"
Tilletiopsis washingtonensis,trophic_mode,saprotroph,FUNGuild (Fungi_5k functionalDB) confidenceRanking=Probable,"genus-level call (trophicMode ""Pathotroph-Saprotroph"")"
Tilletiopsis washingtonensis,plant_association,pathogen,FUNGuild (Fungi_5k functionalDB) confidenceRanking=Probable,"genus-level call (guild ""Endophyte-Fungal Parasite-|Plant Pathogen|-Plant Saprotroph-Undefined Saprotroph"")"
Tilletiopsis washingtonensis,plant_association,saprotroph_plant_material,FUNGuild (Fungi_5k functionalDB) confidenceRanking=Probable,"genus-level call (guild ""Endophyte-Fungal Parasite-|Plant Pathogen|-Plant Saprotroph-Undefined Saprotroph"")"
Tilletiopsis washingtonensis,plant_association,endophyte,FUNGuild (Fungi_5k functionalDB) confidenceRanking=Probable,"genus-level call (guild ""Endophyte-Fungal Parasite-|Plant Pathogen|-Plant Saprotroph-Undefined Saprotroph"")"
Tilletiopsis washingtonensis,fungal_association,mycoparasite,FUNGuild (Fungi_5k functionalDB) confidenceRanking=Probable,"genus-level call (guild ""Endophyte-Fungal Parasite-|Plant Pathogen|-Plant Saprotroph-Undefined Saprotroph"")"
Torulaspora delbrueckii,cell_morphology,yeast,FUNGuild (Fungi_5k functionalDB) confidenceRanking=Probable,"genus-level call (growthForm ""Yeast"")"
Torulaspora delbrueckii,trophic_mode,pathotroph,FUNGuild (Fungi_5k functionalDB) confidenceRanking=Probable,"genus-level call (trophicMode ""Pathotroph-Saprotroph"")"
Torulaspora delbrueckii,trophic_mode,saprotroph,FUNGuild (Fungi_5k functionalDB) confidenceRanking=Probable,"genus-level call (trophicMode ""Pathotroph-Saprotroph"")"
Torulaspora delbrueckii,animal_association,pathogen,FUNGuild (Fungi_5k functionalDB) confidenceRanking=Probable,"genus-level call (guild ""Animal Parasite-|Undefined Saprotroph|"")"
Trametes versicolor,cell_morphology,filamentous,FUNGuild (Fungi_5k functionalDB) confidenceRanking=Highly Probable,"genus-level call (growthForm ""Polyporoid"")"
Trametes versicolor,trophic_mode,pathotroph,FUNGuild (Fungi_5k functionalDB) confidenceRanking=Highly Probable,"genus-level call (trophicMode ""Pathotroph-Saprotroph"")"
Trametes versicolor,trophic_mode,saprotroph,FUNGuild (Fungi_5k functionalDB) confidenceRanking=Highly Probable,"genus-level call (trophicMode ""Pathotroph-Saprotroph"")"
Trametes versicolor,plant_association,pathogen,FUNGuild (Fungi_5k functionalDB) confidenceRanking=Highly Probable,"genus-level call (guild ""Plant Pathogen-|Wood Saprotroph|"")"
Trametes versicolor,plant_association,saprotroph_plant_material,FUNGuild (Fungi_5k functionalDB) confidenceRanking=Highly Probable,"genus-level call (guild ""Plant Pathogen-|Wood Saprotroph|"")"
Trematosphaeria pertusa,cell_morphology,filamentous,FUNGuild (Fungi_5k functionalDB) confidenceRanking=Probable,"genus-level call (growthForm ""Microfungus"")"
Trematosphaeria pertusa,trophic_mode,saprotroph,FUNGuild (Fungi_5k functionalDB) confidenceRanking=Probable,"genus-level call (trophicMode ""Saprotroph"")"
Trematosphaeria pertusa,plant_association,saprotroph_plant_material,FUNGuild (Fungi_5k functionalDB) confidenceRanking=Probable,"genus-level call (guild ""Undefined Saprotroph-|Wood Saprotroph|"")"
Tremella mesenterica,cell_morphology,dimorphic,FUNGuild (Fungi_5k functionalDB) confidenceRanking=Probable,"genus-level call (growthForm ""Dimorphic-Facultative Yeast-Microfungus-Tremelloid"")"
Tremella mesenterica,trophic_mode,pathotroph,FUNGuild (Fungi_5k functionalDB) confidenceRanking=Probable,"genus-level call (trophicMode ""Pathotroph"")"
Tremella mesenterica,fungal_association,mycoparasite,FUNGuild (Fungi_5k functionalDB) confidenceRanking=Probable,"genus-level call (guild ""|Fungal Parasite|-Lichen Parasite"")"
Tremella mesenterica,fungal_association,mycoparasite,FUNGuild (Fungi_5k functionalDB) confidenceRanking=Probable,"genus-level call (guild ""|Fungal Parasite|-Lichen Parasite""); lichen parasite mapped to mycoparasite"
Tricharina praecox,cell_morphology,filamentous,FUNGuild (Fungi_5k functionalDB) confidenceRanking=Probable,"genus-level call (growthForm ""Microfungus"")"
Tricharina praecox,trophic_mode,saprotroph,FUNGuild (Fungi_5k functionalDB) confidenceRanking=Probable,"genus-level call (trophicMode ""Saprotroph-Symbiotroph"")"
Tricharina praecox,trophic_mode,symbiotroph,FUNGuild (Fungi_5k functionalDB) confidenceRanking=Probable,"genus-level call (trophicMode ""Saprotroph-Symbiotroph"")"
Tricharina praecox,plant_association,endophyte,FUNGuild (Fungi_5k functionalDB) confidenceRanking=Probable,"genus-level call (guild ""Endophyte-|Undefined Saprotroph|"")"
Trichoderma aggressivum,cell_morphology,filamentous,FUNGuild (Fungi_5k functionalDB) confidenceRanking=Probable,"genus-level call (growthForm ""Microfungus"") -- CAUTION: Trichoderma is trophically/ecologically diverse across species; this genus-level composite call may not reflect Trichoderma aggressivum specifically, verify before relying on it"
Trichoderma aggressivum,trophic_mode,pathotroph,FUNGuild (Fungi_5k functionalDB) confidenceRanking=Probable,"genus-level call (trophicMode ""Pathotroph-Saprotroph-Symbiotroph"") -- CAUTION: Trichoderma is trophically/ecologically diverse across species; this genus-level composite call may not reflect Trichoderma aggressivum specifically, verify before relying on it"
Trichoderma aggressivum,trophic_mode,saprotroph,FUNGuild (Fungi_5k functionalDB) confidenceRanking=Probable,"genus-level call (trophicMode ""Pathotroph-Saprotroph-Symbiotroph"") -- CAUTION: Trichoderma is trophically/ecologically diverse across species; this genus-level composite call may not reflect Trichoderma aggressivum specifically, verify before relying on it"
Trichoderma aggressivum,trophic_mode,symbiotroph,FUNGuild (Fungi_5k functionalDB) confidenceRanking=Probable,"genus-level call (trophicMode ""Pathotroph-Saprotroph-Symbiotroph"") -- CAUTION: Trichoderma is trophically/ecologically diverse across species; this genus-level composite call may not reflect Trichoderma aggressivum specifically, verify before relying on it"
Trichoderma aggressivum,animal_association,pathogen,FUNGuild (Fungi_5k functionalDB) confidenceRanking=Probable,"genus-level call (guild ""Animal Pathogen-Endophyte-Epiphyte-|Fungal Parasite|-Plant Pathogen-Wood Saprotroph"") -- CAUTION: Trichoderma is trophically/ecologically diverse across species; this genus-level composite call may not reflect Trichoderma aggressivum specifically, verify before relying on it"
Trichoderma aggressivum,plant_association,pathogen,FUNGuild (Fungi_5k functionalDB) confidenceRanking=Probable,"genus-level call (guild ""Animal Pathogen-Endophyte-Epiphyte-|Fungal Parasite|-Plant Pathogen-Wood Saprotroph"") -- CAUTION: Trichoderma is trophically/ecologically diverse across species; this genus-level composite call may not reflect Trichoderma aggressivum specifically, verify before relying on it"
Trichoderma aggressivum,plant_association,saprotroph_plant_material,FUNGuild (Fungi_5k functionalDB) confidenceRanking=Probable,"genus-level call (guild ""Animal Pathogen-Endophyte-Epiphyte-|Fungal Parasite|-Plant Pathogen-Wood Saprotroph"") -- CAUTION: Trichoderma is trophically/ecologically diverse across species; this genus-level composite call may not reflect Trichoderma aggressivum specifically, verify before relying on it"
Trichoderma aggressivum,plant_association,endophyte,FUNGuild (Fungi_5k functionalDB) confidenceRanking=Probable,"genus-level call (guild ""Animal Pathogen-Endophyte-Epiphyte-|Fungal Parasite|-Plant Pathogen-Wood Saprotroph"") -- CAUTION: Trichoderma is trophically/ecologically diverse across species; this genus-level composite call may not reflect Trichoderma aggressivum specifically, verify before relying on it"
Trichoderma aggressivum,fungal_association,mycoparasite,FUNGuild (Fungi_5k functionalDB) confidenceRanking=Probable,"genus-level call (guild ""Animal Pathogen-Endophyte-Epiphyte-|Fungal Parasite|-Plant Pathogen-Wood Saprotroph"") -- CAUTION: Trichoderma is trophically/ecologically diverse across species; this genus-level composite call may not reflect Trichoderma aggressivum specifically, verify before relying on it"
Trichophyton benhamiae,cell_morphology,filamentous,FUNGuild (Fungi_5k functionalDB) confidenceRanking=Probable,"genus-level call (growthForm ""Microfungus"")"
Trichophyton benhamiae,trophic_mode,pathotroph,FUNGuild (Fungi_5k functionalDB) confidenceRanking=Probable,"genus-level call (trophicMode ""Pathotroph-Saprotroph"")"
Trichophyton benhamiae,trophic_mode,saprotroph,FUNGuild (Fungi_5k functionalDB) confidenceRanking=Probable,"genus-level call (trophicMode ""Pathotroph-Saprotroph"")"
Trichophyton benhamiae,animal_association,pathogen,FUNGuild (Fungi_5k functionalDB) confidenceRanking=Probable,"genus-level call (guild ""|Animal Parasite|-Undefined Saprotroph"")"
Tuber melanosporum,cell_morphology,filamentous,FUNGuild (Fungi_5k functionalDB) confidenceRanking=Highly Probable,"genus-level call (growthForm ""Gasteroid"")"
Tuber melanosporum,trophic_mode,symbiotroph,FUNGuild (Fungi_5k functionalDB) confidenceRanking=Highly Probable,"genus-level call (trophicMode ""Symbiotroph"")"
Tuber melanosporum,plant_association,mycorrhizal_mutualist,FUNGuild (Fungi_5k functionalDB) confidenceRanking=Highly Probable,"genus-level call (guild ""|Ectomycorrhizal|"")"
Uncinocarpus reesii,cell_morphology,filamentous,FUNGuild (Fungi_5k functionalDB) confidenceRanking=Probable,"genus-level call (growthForm ""Microfungus"")"
Uncinocarpus reesii,trophic_mode,saprotroph,FUNGuild (Fungi_5k functionalDB) confidenceRanking=Probable,"genus-level call (trophicMode ""Saprotroph"")"
Ustilaginoidea virens,cell_morphology,filamentous,FUNGuild (Fungi_5k functionalDB) confidenceRanking=Possible,"genus-level call (growthForm ""Microfungus"")"
Ustilaginoidea virens,trophic_mode,pathotroph,FUNGuild (Fungi_5k functionalDB) confidenceRanking=Possible,"genus-level call (trophicMode ""Pathotroph-Symbiotroph"")"
Ustilaginoidea virens,trophic_mode,symbiotroph,FUNGuild (Fungi_5k functionalDB) confidenceRanking=Possible,"genus-level call (trophicMode ""Pathotroph-Symbiotroph"")"
Ustilaginoidea virens,plant_association,pathogen,FUNGuild (Fungi_5k functionalDB) confidenceRanking=Possible,"genus-level call (guild ""Clavicipitaceous Endophyte-|Plant Pathogen|"")"
Ustilaginoidea virens,plant_association,endophyte,FUNGuild (Fungi_5k functionalDB) confidenceRanking=Possible,"genus-level call (guild ""Clavicipitaceous Endophyte-|Plant Pathogen|"")"
Vairimorpha ceranae,cell_morphology,filamentous,FUNGuild (Fungi_5k functionalDB) confidenceRanking=Probable,"genus-level call (growthForm ""Microfungus"")"
Vairimorpha ceranae,trophic_mode,pathotroph,FUNGuild (Fungi_5k functionalDB) confidenceRanking=Probable,"genus-level call (trophicMode ""Pathotroph"")"
Vairimorpha ceranae,animal_association,pathogen,FUNGuild (Fungi_5k functionalDB) confidenceRanking=Probable,"genus-level call (guild ""|Animal Parasite|"")"
Vanderwaltozyma polyspora,cell_morphology,yeast,FUNGuild (Fungi_5k functionalDB) confidenceRanking=Probable,"genus-level call (growthForm ""Yeast"")"
Vanderwaltozyma polyspora,trophic_mode,saprotroph,FUNGuild (Fungi_5k functionalDB) confidenceRanking=Probable,"genus-level call (trophicMode ""Saprotroph"")"
Vanrija albida,cell_morphology,yeast,FUNGuild (Fungi_5k functionalDB) confidenceRanking=Probable,"genus-level call (growthForm ""Yeast"")"
Vanrija albida,trophic_mode,saprotroph,FUNGuild (Fungi_5k functionalDB) confidenceRanking=Probable,"genus-level call (trophicMode ""Saprotroph"")"
Vanrija albida,plant_association,saprotroph_plant_material,FUNGuild (Fungi_5k functionalDB) confidenceRanking=Probable,"genus-level call (guild ""|Wood Saprotroph|"")"
Vavraia culicis,cell_morphology,filamentous,FUNGuild (Fungi_5k functionalDB) confidenceRanking=Probable,"genus-level call (growthForm ""Microfungus"")"
Vavraia culicis,trophic_mode,pathotroph,FUNGuild (Fungi_5k functionalDB) confidenceRanking=Probable,"genus-level call (trophicMode ""Pathotroph"")"
Vavraia culicis,animal_association,pathogen,FUNGuild (Fungi_5k functionalDB) confidenceRanking=Probable,"genus-level call (guild ""|Animal Parasite|"")"
Verruconis gallopava,cell_morphology,filamentous,FUNGuild (Fungi_5k functionalDB) confidenceRanking=Probable,"genus-level call (growthForm ""Microfungus"")"
Verruconis gallopava,trophic_mode,pathotroph,FUNGuild (Fungi_5k functionalDB) confidenceRanking=Probable,"genus-level call (trophicMode ""Pathotroph-Saprotroph"")"
Verruconis gallopava,trophic_mode,saprotroph,FUNGuild (Fungi_5k functionalDB) confidenceRanking=Probable,"genus-level call (trophicMode ""Pathotroph-Saprotroph"")"
Verruconis gallopava,animal_association,pathogen,FUNGuild (Fungi_5k functionalDB) confidenceRanking=Probable,"genus-level call (guild ""|Animal Parasite|-Undefined Saprotroph"")"
Verticillium alfalfae,cell_morphology,filamentous,FUNGuild (Fungi_5k functionalDB) confidenceRanking=Probable,"genus-level call (growthForm ""Microfungus"")"
Verticillium alfalfae,trophic_mode,pathotroph,FUNGuild (Fungi_5k functionalDB) confidenceRanking=Probable,"genus-level call (trophicMode ""Pathotroph-Saprotroph-Symbiotroph"")"
Verticillium alfalfae,trophic_mode,saprotroph,FUNGuild (Fungi_5k functionalDB) confidenceRanking=Probable,"genus-level call (trophicMode ""Pathotroph-Saprotroph-Symbiotroph"")"
Verticillium alfalfae,trophic_mode,symbiotroph,FUNGuild (Fungi_5k functionalDB) confidenceRanking=Probable,"genus-level call (trophicMode ""Pathotroph-Saprotroph-Symbiotroph"")"
Verticillium alfalfae,plant_association,pathogen,FUNGuild (Fungi_5k functionalDB) confidenceRanking=Probable,"genus-level call (guild ""Endophyte-Fungal Parasite-|Plant Pathogen|-Plant Saprotroph"")"
Verticillium alfalfae,plant_association,saprotroph_plant_material,FUNGuild (Fungi_5k functionalDB) confidenceRanking=Probable,"genus-level call (guild ""Endophyte-Fungal Parasite-|Plant Pathogen|-Plant Saprotroph"")"
Verticillium alfalfae,plant_association,endophyte,FUNGuild (Fungi_5k functionalDB) confidenceRanking=Probable,"genus-level call (guild ""Endophyte-Fungal Parasite-|Plant Pathogen|-Plant Saprotroph"")"
Verticillium alfalfae,fungal_association,mycoparasite,FUNGuild (Fungi_5k functionalDB) confidenceRanking=Probable,"genus-level call (guild ""Endophyte-Fungal Parasite-|Plant Pathogen|-Plant Saprotroph"")"
Vittaforma corneae,cell_morphology,filamentous,FUNGuild (Fungi_5k functionalDB) confidenceRanking=Probable,"genus-level call (growthForm ""Microfungus"")"
Vittaforma corneae,trophic_mode,pathotroph,FUNGuild (Fungi_5k functionalDB) confidenceRanking=Probable,"genus-level call (trophicMode ""Pathotroph"")"
Vittaforma corneae,animal_association,pathogen,FUNGuild (Fungi_5k functionalDB) confidenceRanking=Probable,"genus-level call (guild ""|Animal Parasite|"")"
Wallemia ichthyophaga,cell_morphology,filamentous,FUNGuild (Fungi_5k functionalDB) confidenceRanking=Probable,"genus-level call (growthForm ""Microfungus"")"
Wallemia ichthyophaga,trophic_mode,saprotroph,FUNGuild (Fungi_5k functionalDB) confidenceRanking=Probable,"genus-level call (trophicMode ""Saprotroph"")"
Westerdykella ornata,cell_morphology,filamentous,FUNGuild (Fungi_5k functionalDB) confidenceRanking=Probable,"genus-level call (growthForm ""Microfungus"")"
Westerdykella ornata,trophic_mode,saprotroph,FUNGuild (Fungi_5k functionalDB) confidenceRanking=Probable,"genus-level call (trophicMode ""Saprotroph"")"
Wickerhamiella sorbophila,cell_morphology,yeast,FUNGuild (Fungi_5k functionalDB) confidenceRanking=Probable,"genus-level call (growthForm ""Yeast"")"
Wickerhamiella sorbophila,trophic_mode,saprotroph,FUNGuild (Fungi_5k functionalDB) confidenceRanking=Probable,"genus-level call (trophicMode ""Saprotroph"")"
Xylaria bambusicola,cell_morphology,filamentous,FUNGuild (Fungi_5k functionalDB) confidenceRanking=Probable,"genus-level call (growthForm ""Microfungus-Xylarioid"")"
Xylaria bambusicola,trophic_mode,saprotroph,FUNGuild (Fungi_5k functionalDB) confidenceRanking=Probable,"genus-level call (trophicMode ""Saprotroph-Symbiotroph"")"
Xylaria bambusicola,trophic_mode,symbiotroph,FUNGuild (Fungi_5k functionalDB) confidenceRanking=Probable,"genus-level call (trophicMode ""Saprotroph-Symbiotroph"")"
Xylaria bambusicola,plant_association,saprotroph_plant_material,FUNGuild (Fungi_5k functionalDB) confidenceRanking=Probable,"genus-level call (guild ""Endophyte-Plant Saprotroph-Undefined Saprotroph-|Wood Saprotroph|"")"
Xylaria bambusicola,plant_association,endophyte,FUNGuild (Fungi_5k functionalDB) confidenceRanking=Probable,"genus-level call (guild ""Endophyte-Plant Saprotroph-Undefined Saprotroph-|Wood Saprotroph|"")"
Xylona heveae,cell_morphology,filamentous,FUNGuild (Fungi_5k functionalDB) confidenceRanking=Probable,"genus-level call (growthForm ""Microfungus"")"
Xylona heveae,trophic_mode,saprotroph,FUNGuild (Fungi_5k functionalDB) confidenceRanking=Probable,"genus-level call (trophicMode ""Saprotroph-Symbiotroph"")"
Xylona heveae,trophic_mode,symbiotroph,FUNGuild (Fungi_5k functionalDB) confidenceRanking=Probable,"genus-level call (trophicMode ""Saprotroph-Symbiotroph"")"
Xylona heveae,plant_association,saprotroph_plant_material,FUNGuild (Fungi_5k functionalDB) confidenceRanking=Probable,"genus-level call (guild ""|Endophyte|-Plant Saprotroph"")"
Xylona heveae,plant_association,endophyte,FUNGuild (Fungi_5k functionalDB) confidenceRanking=Probable,"genus-level call (guild ""|Endophyte|-Plant Saprotroph"")"
Yamadazyma tenuis,cell_morphology,yeast,FUNGuild (Fungi_5k functionalDB) confidenceRanking=Probable,"genus-level call (growthForm ""Yeast"")"
Yamadazyma tenuis,trophic_mode,saprotroph,FUNGuild (Fungi_5k functionalDB) confidenceRanking=Probable,"genus-level call (trophicMode ""Saprotroph"")"
Zasmidium cellare,cell_morphology,filamentous,FUNGuild (Fungi_5k functionalDB) confidenceRanking=Probable,"genus-level call (growthForm ""Microfungus"")"
Zasmidium cellare,trophic_mode,pathotroph,FUNGuild (Fungi_5k functionalDB) confidenceRanking=Probable,"genus-level call (trophicMode ""Pathotroph-Saprotroph"")"
Zasmidium cellare,trophic_mode,saprotroph,FUNGuild (Fungi_5k functionalDB) confidenceRanking=Probable,"genus-level call (trophicMode ""Pathotroph-Saprotroph"")"
Zasmidium cellare,plant_association,pathogen,FUNGuild (Fungi_5k functionalDB) confidenceRanking=Probable,"genus-level call (guild ""|Plant Pathogen|-Plant Saprotroph-Undefined Saprotroph"")"
Zasmidium cellare,plant_association,saprotroph_plant_material,FUNGuild (Fungi_5k functionalDB) confidenceRanking=Probable,"genus-level call (guild ""|Plant Pathogen|-Plant Saprotroph-Undefined Saprotroph"")"
Zygosaccharomyces rouxii,cell_morphology,dimorphic,FUNGuild (Fungi_5k functionalDB) confidenceRanking=Probable,"genus-level call (growthForm ""Facultative Yeast-Yeast"")"
Zygosaccharomyces rouxii,trophic_mode,pathotroph,FUNGuild (Fungi_5k functionalDB) confidenceRanking=Probable,"genus-level call (trophicMode ""Pathotroph-Saprotroph"")"
Zygosaccharomyces rouxii,trophic_mode,saprotroph,FUNGuild (Fungi_5k functionalDB) confidenceRanking=Probable,"genus-level call (trophicMode ""Pathotroph-Saprotroph"")"
Zygosaccharomyces rouxii,plant_association,pathogen,FUNGuild (Fungi_5k functionalDB) confidenceRanking=Probable,"genus-level call (guild ""Plant Pathogen-|Undefined Saprotroph|"")"
Zygotorulaspora mrakii,cell_morphology,yeast,FUNGuild (Fungi_5k functionalDB) confidenceRanking=Probable,"genus-level call (growthForm ""Yeast"")"
Zygotorulaspora mrakii,trophic_mode,saprotroph,FUNGuild (Fungi_5k functionalDB) confidenceRanking=Probable,"genus-level call (trophicMode ""Saprotroph"")"
Candidozyma auris,cell_morphology,yeast,https://pmc.ncbi.nlm.nih.gov/articles/PMC10486814/,"primarily budding yeast form; some isolates form pseudohyphae-like structures under stress but do not readily form true hyphae -- not classical dimorphism, recorded as yeast not dimorphic"
Candidozyma auris,asexual_reproduction,budding,https://pmc.ncbi.nlm.nih.gov/articles/PMC10486814/,reproduces primarily by budding; no confirmed sexual/parasexual cycle
Candidozyma auris,thermotolerance,high,https://pmc.ncbi.nlm.nih.gov/articles/PMC10486814/,"grows optimally 37-40C, some strains tolerate up to 42C; also halotolerant"
Candidozyma auris,animal_association,pathogen,https://pmc.ncbi.nlm.nih.gov/articles/PMC10486814/,"emerging multidrug-resistant nosocomial pathogen, immunocompromised hosts"
Coccidioides immitis,cell_morphology,dimorphic,https://www.ncbi.nlm.nih.gov/pmc/articles/PMC8546678/,"mycelium/arthroconidia in environment, spherule in host -- a real dimorphism though the host-phase 'spherule' is not classical yeast morphology, flagged as an imperfect vocab fit like the chytrid zoosporangium case"
Coccidioides immitis,asexual_reproduction,fragmentation,https://www.ncbi.nlm.nih.gov/pmc/articles/PMC8546678/,infectious arthroconidia form by hyphal fragmentation; only asexual mitotic reproduction observed
Coccidioides immitis,thermotolerance,high,https://www.ncbi.nlm.nih.gov/pmc/articles/PMC7765126/,differential thermotolerance adaptation documented across Coccidioides species
Coccidioides immitis,animal_association,pathogen,https://www.sciencedirect.com/science/article/abs/pii/S0196439917300818,causative agent of coccidioidomycosis (Valley Fever)
Paracoccidioides brasiliensis,cell_morphology,dimorphic,,"classic Onygenales thermally dimorphic pathogen (mycelial in environment, yeast in host tissue) -- well established medical mycology fact"
Paracoccidioides brasiliensis,animal_association,pathogen,,causative agent of paracoccidioidomycosis
Paracoccidioides brasiliensis,thermotolerance,high,,dimorphic switch to yeast form is thermally triggered (37C)
